rt-uaw rt-uax rt-uay rt-uaz rt-faw rt-fax rt-fay rt-faz rt-thw rt-thx rt-thy rt-thz rt-llw rt-llx rt-lly rt-llz rt-ftw rt-ftx rt-fty rt-ftz lt-uaw lt-uax lt-uay lt-uaz lt-faw lt-fax lt-fay lt-faz lt-thw lt-thx lt-thy lt-thz lt-llw lt-llx lt-lly lt-llz lt-ftw lt-ftx lt-fty lt-ftz 
0.7349 -0.2115 -0.5912 -0.2561 0.5955 -0.4924 -0.5993 -0.2092 0.5105 -0.5513 -0.3613 -0.5522 0.7728 0.0848 -0.6137 -0.1374 0.4954 0.4244 -0.6161 0.4414 0.6958 -0.2732 -0.5742 -0.3339 0.9411 0.1039 0.3124 -0.0767 0.319 0.62 -0.3714 0.6132 0.5436 -0.41 -0.581 -0.4459 0.9396 -0.004 0.3376 0.0569
0.7349 -0.2115 -0.5912 -0.2561 0.5955 -0.4924 -0.5993 -0.2092 0.5105 -0.5513 -0.3613 -0.5522 0.7728 0.0848 -0.6137 -0.1374 0.4954 0.4244 -0.6161 0.4414 0.6958 -0.2732 -0.5742 -0.3339 0.9411 0.1039 0.3124 -0.0767 0.319 0.62 -0.3714 0.6132 0.5436 -0.41 -0.581 -0.4459 0.9396 -0.004 0.3376 0.0569
0.7349 -0.2115 -0.5912 -0.2561 0.5955 -0.4924 -0.5993 -0.2092 0.5105 -0.5513 -0.3613 -0.5522 0.7728 0.0848 -0.6137 -0.1374 0.4954 0.4244 -0.6161 0.4414 0.6958 -0.2732 -0.5742 -0.3339 0.9411 0.1039 0.3124 -0.0767 0.319 0.62 -0.3714 0.6132 0.5436 -0.41 -0.581 -0.4459 0.9396 -0.004 0.3376 0.0569
0.7349 -0.2115 -0.5912 -0.2561 0.5955 -0.4924 -0.5993 -0.2092 0.5105 -0.5513 -0.3613 -0.5522 0.7728 0.0848 -0.6137 -0.1374 0.4954 0.4244 -0.6161 0.4414 0.6959 -0.2689 -0.5783 -0.3301 0.9411 0.1039 0.3124 -0.0767 0.319 0.62 -0.3714 0.6132 0.5436 -0.41 -0.581 -0.4459 0.9396 -0.004 0.3376 0.0569
0.7349 -0.2115 -0.5912 -0.2561 0.5955 -0.4924 -0.5993 -0.2092 0.5105 -0.5513 -0.3613 -0.5522 0.7728 0.0848 -0.6137 -0.1374 0.4954 0.4244 -0.6161 0.4414 0.6959 -0.2689 -0.5783 -0.3301 0.9411 0.1039 0.3124 -0.0767 0.319 0.62 -0.3714 0.6132 0.5436 -0.41 -0.581 -0.4459 0.9396 -0.004 0.3376 0.0569
0.7349 -0.2115 -0.5912 -0.2561 0.5955 -0.4924 -0.5993 -0.2092 0.5121 -0.5537 -0.363 -0.5471 0.7728 0.0848 -0.6137 -0.1374 0.4978 0.4221 -0.6158 0.4415 0.6959 -0.2689 -0.5783 -0.3301 0.9411 0.1039 0.3124 -0.0767 0.3218 0.6196 -0.3716 0.6119 0.5436 -0.41 -0.581 -0.4459 0.9396 -0.004 0.3376 0.0569
0.7349 -0.2115 -0.5912 -0.2561 0.5955 -0.4924 -0.5993 -0.2092 0.5121 -0.5537 -0.363 -0.5471 0.7728 0.0848 -0.6137 -0.1374 0.4978 0.4221 -0.6158 0.4415 0.6959 -0.2689 -0.5783 -0.3301 0.9411 0.1039 0.3124 -0.0767 0.3218 0.6196 -0.3716 0.6119 0.5436 -0.41 -0.581 -0.4459 0.9396 -0.004 0.3376 0.0569
0.7349 -0.2125 -0.5908 -0.2563 0.5955 -0.4924 -0.5993 -0.2092 0.5121 -0.5537 -0.363 -0.5471 0.7728 0.0848 -0.6137 -0.1374 0.4978 0.4221 -0.6158 0.4415 0.6959 -0.2689 -0.5783 -0.3301 0.9411 0.1039 0.3124 -0.0767 0.3218 0.6196 -0.3716 0.6119 0.5422 -0.425 -0.5697 -0.4482 0.9388 -0.0049 0.3399 0.0563
0.7349 -0.2125 -0.5908 -0.2563 0.5955 -0.4924 -0.5993 -0.2092 0.5121 -0.5537 -0.363 -0.5471 0.7728 0.0848 -0.6137 -0.1374 0.4978 0.4221 -0.6158 0.4415 0.6959 -0.2689 -0.5783 -0.3301 0.9411 0.1039 0.3124 -0.0767 0.3218 0.6196 -0.3716 0.6119 0.5422 -0.425 -0.5697 -0.4482 0.9388 -0.0049 0.3399 0.0563
0.7349 -0.2125 -0.5908 -0.2563 0.5955 -0.4924 -0.5993 -0.2092 0.5121 -0.5537 -0.363 -0.5471 0.7728 0.0848 -0.6137 -0.1374 0.4978 0.4221 -0.6158 0.4415 0.6983 -0.2565 -0.5823 -0.3278 0.9411 0.1039 0.3124 -0.0767 0.3218 0.6196 -0.3716 0.6119 0.5422 -0.425 -0.5697 -0.4482 0.9388 -0.0049 0.3399 0.0563
0.7349 -0.2125 -0.5908 -0.2563 0.5955 -0.4924 -0.5993 -0.2092 0.5121 -0.5537 -0.363 -0.5471 0.7728 0.0848 -0.6137 -0.1374 0.4978 0.4221 -0.6158 0.4415 0.6983 -0.2565 -0.5823 -0.3278 0.9411 0.1039 0.3124 -0.0767 0.3421 0.6105 -0.372 0.6097 0.5422 -0.425 -0.5697 -0.4482 0.9388 -0.0049 0.3399 0.0563
0.7349 -0.2125 -0.5908 -0.2563 0.5955 -0.4924 -0.5993 -0.2092 0.5121 -0.5537 -0.363 -0.5471 0.7728 0.0848 -0.6137 -0.1374 0.4978 0.4221 -0.6158 0.4415 0.6983 -0.2565 -0.5823 -0.3278 0.9411 0.1039 0.3124 -0.0767 0.3421 0.6105 -0.372 0.6097 0.5422 -0.425 -0.5697 -0.4482 0.9388 -0.0049 0.3399 0.0563
0.7406 -0.2029 -0.591 -0.247 0.5955 -0.4924 -0.5993 -0.2092 0.5121 -0.5537 -0.363 -0.5471 0.7728 0.0848 -0.6137 -0.1374 0.4978 0.4221 -0.6158 0.4415 0.6983 -0.2565 -0.5823 -0.3278 0.9411 0.1039 0.3124 -0.0767 0.3421 0.6105 -0.372 0.6097 0.5422 -0.425 -0.5697 -0.4482 0.9388 -0.0049 0.3399 0.0563
0.7406 -0.2029 -0.591 -0.247 0.5955 -0.4924 -0.5993 -0.2092 0.5121 -0.5537 -0.363 -0.5471 0.7728 0.0848 -0.6137 -0.1374 0.4978 0.4221 -0.6158 0.4415 0.6983 -0.2565 -0.5823 -0.3278 0.9451 0.1432 0.2858 -0.0679 0.3421 0.6105 -0.372 0.6097 0.5422 -0.425 -0.5697 -0.4482 0.9385 -0.0059 0.3409 0.0546
0.7406 -0.2029 -0.591 -0.247 0.5955 -0.4924 -0.5993 -0.2092 0.5121 -0.5537 -0.363 -0.5471 0.7728 0.0848 -0.6137 -0.1374 0.4978 0.4221 -0.6158 0.4415 0.6983 -0.2565 -0.5823 -0.3278 0.9451 0.1432 0.2858 -0.0679 0.3421 0.6105 -0.372 0.6097 0.5466 -0.435 -0.5602 -0.4452 0.9385 -0.0059 0.3409 0.0546
0.7406 -0.2029 -0.591 -0.247 0.5955 -0.4924 -0.5993 -0.2092 0.5121 -0.5537 -0.363 -0.5471 0.7728 0.0848 -0.6137 -0.1374 0.4978 0.4221 -0.6158 0.4415 0.6983 -0.2565 -0.5823 -0.3278 0.9451 0.1432 0.2858 -0.0679 0.3421 0.6105 -0.372 0.6097 0.5466 -0.435 -0.5602 -0.4452 0.9385 -0.0059 0.3409 0.0546
0.7406 -0.2029 -0.591 -0.247 0.5955 -0.4924 -0.5993 -0.2092 0.5121 -0.5537 -0.363 -0.5471 0.7728 0.0848 -0.6137 -0.1374 0.4978 0.4221 -0.6158 0.4415 0.6983 -0.2565 -0.5823 -0.3278 0.9451 0.1432 0.2858 -0.0679 0.3421 0.6105 -0.372 0.6097 0.5466 -0.435 -0.5602 -0.4452 0.9385 -0.0059 0.3409 0.0546
0.7406 -0.2029 -0.591 -0.247 0.5955 -0.4924 -0.5993 -0.2092 0.5121 -0.5537 -0.363 -0.5471 0.7728 0.0848 -0.6137 -0.1374 0.4978 0.4221 -0.6158 0.4415 0.6989 -0.2591 -0.5758 -0.3359 0.9451 0.1432 0.2858 -0.0679 0.3542 0.6068 -0.3784 0.6027 0.5466 -0.435 -0.5602 -0.4452 0.9385 -0.0059 0.3409 0.0546
0.7406 -0.2029 -0.591 -0.247 0.5955 -0.4924 -0.5993 -0.2092 0.5121 -0.5537 -0.363 -0.5471 0.7728 0.0848 -0.6137 -0.1374 0.4978 0.4221 -0.6158 0.4415 0.6989 -0.2591 -0.5758 -0.3359 0.9451 0.1432 0.2858 -0.0679 0.3542 0.6068 -0.3784 0.6027 0.5466 -0.435 -0.5602 -0.4452 0.9385 -0.0059 0.3409 0.0546
0.7406 -0.2029 -0.591 -0.247 0.5955 -0.4924 -0.5993 -0.2092 0.5339 -0.553 -0.363 -0.5267 0.7728 0.0848 -0.6137 -0.1374 0.5099 0.4238 -0.6053 0.4404 0.6989 -0.2591 -0.5758 -0.3359 0.9451 0.1432 0.2858 -0.0679 0.3542 0.6068 -0.3784 0.6027 0.5466 -0.435 -0.5602 -0.4452 0.9385 -0.0059 0.3409 0.0546
0.7406 -0.2029 -0.591 -0.247 0.5955 -0.4924 -0.5993 -0.2092 0.5339 -0.553 -0.363 -0.5267 0.7728 0.0848 -0.6137 -0.1374 0.5099 0.4238 -0.6053 0.4404 0.6989 -0.2591 -0.5758 -0.3359 0.9451 0.1432 0.2858 -0.0679 0.3542 0.6068 -0.3784 0.6027 0.5466 -0.435 -0.5602 -0.4452 0.9385 -0.0059 0.3409 0.0546
0.7499 -0.1815 -0.5893 -0.2397 0.5955 -0.4924 -0.5993 -0.2092 0.5339 -0.553 -0.363 -0.5267 0.7728 0.0848 -0.6137 -0.1374 0.5099 0.4238 -0.6053 0.4404 0.6989 -0.2591 -0.5758 -0.3359 0.9421 0.1547 0.2909 -0.0618 0.3542 0.6068 -0.3784 0.6027 0.5466 -0.435 -0.5602 -0.4452 0.9369 -0.0046 0.3455 0.0529
0.7499 -0.1815 -0.5893 -0.2397 0.5955 -0.4924 -0.5993 -0.2092 0.5339 -0.553 -0.363 -0.5267 0.7728 0.0848 -0.6137 -0.1374 0.5099 0.4238 -0.6053 0.4404 0.6989 -0.2591 -0.5758 -0.3359 0.9421 0.1547 0.2909 -0.0618 0.3542 0.6068 -0.3784 0.6027 0.5482 -0.4454 -0.5554 -0.439 0.9369 -0.0046 0.3455 0.0529
0.7499 -0.1815 -0.5893 -0.2397 0.5955 -0.4924 -0.5993 -0.2092 0.5339 -0.553 -0.363 -0.5267 0.7728 0.0848 -0.6137 -0.1374 0.5099 0.4238 -0.6053 0.4404 0.6989 -0.2591 -0.5758 -0.3359 0.9421 0.1547 0.2909 -0.0618 0.3542 0.6068 -0.3784 0.6027 0.5482 -0.4454 -0.5554 -0.439 0.9369 -0.0046 0.3455 0.0529
0.7499 -0.1815 -0.5893 -0.2397 0.5955 -0.4924 -0.5993 -0.2092 0.5339 -0.553 -0.363 -0.5267 0.7728 0.0848 -0.6137 -0.1374 0.5099 0.4238 -0.6053 0.4404 0.6959 -0.2496 -0.5673 -0.3629 0.9421 0.1547 0.2909 -0.0618 0.3542 0.6068 -0.3784 0.6027 0.5482 -0.4454 -0.5554 -0.439 0.9369 -0.0046 0.3455 0.0529
0.7499 -0.1815 -0.5893 -0.2397 0.5955 -0.4924 -0.5993 -0.2092 0.5339 -0.553 -0.363 -0.5267 0.7728 0.0848 -0.6137 -0.1374 0.5099 0.4238 -0.6053 0.4404 0.6959 -0.2496 -0.5673 -0.3629 0.9421 0.1547 0.2909 -0.0618 0.3542 0.6068 -0.3784 0.6027 0.5482 -0.4454 -0.5554 -0.439 0.9369 -0.0046 0.3455 0.0529
0.7499 -0.1815 -0.5893 -0.2397 0.5955 -0.4924 -0.5993 -0.2092 0.5339 -0.553 -0.363 -0.5267 0.7728 0.0848 -0.6137 -0.1374 0.5099 0.4238 -0.6053 0.4404 0.6959 -0.2496 -0.5673 -0.3629 0.9421 0.1547 0.2909 -0.0618 0.3542 0.6068 -0.3784 0.6027 0.5482 -0.4454 -0.5554 -0.439 0.9369 -0.0046 0.3455 0.0529
0.7499 -0.1815 -0.5893 -0.2397 0.6097 -0.4931 -0.5828 -0.2131 0.5339 -0.553 -0.363 -0.5267 0.7737 0.1083 -0.6119 -0.123 0.5099 0.4238 -0.6053 0.4404 0.6959 -0.2496 -0.5673 -0.3629 0.9421 0.1547 0.2909 -0.0618 0.3542 0.6068 -0.3784 0.6027 0.5482 -0.4454 -0.5554 -0.439 0.9369 -0.0046 0.3455 0.0529
0.7571 -0.1766 -0.5792 -0.245 0.6097 -0.4931 -0.5828 -0.2131 0.5339 -0.553 -0.363 -0.5267 0.7737 0.1083 -0.6119 -0.123 0.5099 0.4238 -0.6053 0.4404 0.6959 -0.2496 -0.5673 -0.3629 0.9349 0.1444 0.3185 -0.0613 0.3542 0.6068 -0.3784 0.6027 0.5482 -0.4454 -0.5554 -0.439 0.9375 -0.0052 0.3438 0.0534
0.7571 -0.1766 -0.5792 -0.245 0.6097 -0.4931 -0.5828 -0.2131 0.5339 -0.553 -0.363 -0.5267 0.7737 0.1083 -0.6119 -0.123 0.5099 0.4238 -0.6053 0.4404 0.6959 -0.2496 -0.5673 -0.3629 0.9349 0.1444 0.3185 -0.0613 0.3542 0.6068 -0.3784 0.6027 0.5516 -0.4703 -0.5452 -0.4211 0.9375 -0.0052 0.3438 0.0534
0.7571 -0.1766 -0.5792 -0.245 0.6097 -0.4931 -0.5828 -0.2131 0.5339 -0.553 -0.363 -0.5267 0.7737 0.1083 -0.6119 -0.123 0.5099 0.4238 -0.6053 0.4404 0.6828 -0.2179 -0.5554 -0.4216 0.9349 0.1444 0.3185 -0.0613 0.3542 0.6068 -0.3784 0.6027 0.5516 -0.4703 -0.5452 -0.4211 0.9375 -0.0052 0.3438 0.0534
0.7571 -0.1766 -0.5792 -0.245 0.6097 -0.4931 -0.5828 -0.2131 0.5454 -0.5475 -0.3707 -0.515 0.7737 0.1083 -0.6119 -0.123 0.5099 0.4238 -0.6053 0.4404 0.6828 -0.2179 -0.5554 -0.4216 0.9349 0.1444 0.3185 -0.0613 0.3542 0.6068 -0.3784 0.6027 0.5516 -0.4703 -0.5452 -0.4211 0.9375 -0.0052 0.3438 0.0534
0.7571 -0.1766 -0.5792 -0.245 0.6097 -0.4931 -0.5828 -0.2131 0.5454 -0.5475 -0.3707 -0.515 0.7737 0.1083 -0.6119 -0.123 0.498 0.377 -0.6012 0.4985 0.6828 -0.2179 -0.5554 -0.4216 0.9349 0.1444 0.3185 -0.0613 0.3542 0.6068 -0.3784 0.6027 0.5516 -0.4703 -0.5452 -0.4211 0.9375 -0.0052 0.3438 0.0534
0.7563 -0.1928 -0.5569 -0.2841 0.6097 -0.4931 -0.5828 -0.2131 0.5454 -0.5475 -0.3707 -0.515 0.7737 0.1083 -0.6119 -0.123 0.498 0.377 -0.6012 0.4985 0.6828 -0.2179 -0.5554 -0.4216 0.9349 0.1444 0.3185 -0.0613 0.3542 0.6068 -0.3784 0.6027 0.5516 -0.4703 -0.5452 -0.4211 0.9375 -0.0052 0.3438 0.0534
0.7563 -0.1928 -0.5569 -0.2841 0.6097 -0.4931 -0.5828 -0.2131 0.5454 -0.5475 -0.3707 -0.515 0.7737 0.1083 -0.6119 -0.123 0.498 0.377 -0.6012 0.4985 0.6828 -0.2179 -0.5554 -0.4216 0.9015 0.1617 0.3955 -0.0688 0.3542 0.6068 -0.3784 0.6027 0.5516 -0.4703 -0.5452 -0.4211 0.9339 -0.0105 0.3533 0.0543
0.7563 -0.1928 -0.5569 -0.2841 0.6097 -0.4931 -0.5828 -0.2131 0.5454 -0.5475 -0.3707 -0.515 0.7737 0.1083 -0.6119 -0.123 0.498 0.377 -0.6012 0.4985 0.6828 -0.2179 -0.5554 -0.4216 0.9015 0.1617 0.3955 -0.0688 0.3542 0.6068 -0.3784 0.6027 0.5516 -0.4703 -0.5452 -0.4211 0.9339 -0.0105 0.3533 0.0543
0.7563 -0.1928 -0.5569 -0.2841 0.6097 -0.4931 -0.5828 -0.2131 0.5454 -0.5475 -0.3707 -0.515 0.7737 0.1083 -0.6119 -0.123 0.498 0.377 -0.6012 0.4985 0.6828 -0.2179 -0.5554 -0.4216 0.9015 0.1617 0.3955 -0.0688 0.3542 0.6068 -0.3784 0.6027 0.5636 -0.4885 -0.5419 -0.3874 0.9339 -0.0105 0.3533 0.0543
0.7563 -0.1928 -0.5569 -0.2841 0.6097 -0.4931 -0.5828 -0.2131 0.5454 -0.5475 -0.3707 -0.515 0.7737 0.1083 -0.6119 -0.123 0.498 0.377 -0.6012 0.4985 0.6828 -0.2179 -0.5554 -0.4216 0.9015 0.1617 0.3955 -0.0688 0.3542 0.6068 -0.3784 0.6027 0.5636 -0.4885 -0.5419 -0.3874 0.9339 -0.0105 0.3533 0.0543
0.7563 -0.1928 -0.5569 -0.2841 0.6097 -0.4931 -0.5828 -0.2131 0.5454 -0.5475 -0.3707 -0.515 0.7737 0.1083 -0.6119 -0.123 0.498 0.377 -0.6012 0.4985 0.6626 -0.1443 -0.5615 -0.4741 0.9015 0.1617 0.3955 -0.0688 0.3542 0.6068 -0.3784 0.6027 0.5636 -0.4885 -0.5419 -0.3874 0.9339 -0.0105 0.3533 0.0543
0.7563 -0.1928 -0.5569 -0.2841 0.6097 -0.4931 -0.5828 -0.2131 0.5454 -0.5475 -0.3707 -0.515 0.7737 0.1083 -0.6119 -0.123 0.4707 0.3125 -0.5995 0.5669 0.6626 -0.1443 -0.5615 -0.4741 0.9015 0.1617 0.3955 -0.0688 0.3542 0.6068 -0.3784 0.6027 0.5636 -0.4885 -0.5419 -0.3874 0.9339 -0.0105 0.3533 0.0543
0.7563 -0.1928 -0.5569 -0.2841 0.6097 -0.4931 -0.5828 -0.2131 0.5454 -0.5475 -0.3707 -0.515 0.7737 0.1083 -0.6119 -0.123 0.4707 0.3125 -0.5995 0.5669 0.6626 -0.1443 -0.5615 -0.4741 0.9015 0.1617 0.3955 -0.0688 0.3542 0.6068 -0.3784 0.6027 0.5636 -0.4885 -0.5419 -0.3874 0.9339 -0.0105 0.3533 0.0543
0.7501 -0.1956 -0.546 -0.3179 0.6164 -0.5297 -0.5132 -0.2759 0.5454 -0.5475 -0.3707 -0.515 0.7776 0.0914 -0.6119 -0.1124 0.4707 0.3125 -0.5995 0.5669 0.6626 -0.1443 -0.5615 -0.4741 0.9015 0.1617 0.3955 -0.0688 0.3542 0.6068 -0.3784 0.6027 0.5636 -0.4885 -0.5419 -0.3874 0.9339 -0.0105 0.3533 0.0543
0.7501 -0.1956 -0.546 -0.3179 0.6164 -0.5297 -0.5132 -0.2759 0.5454 -0.5475 -0.3707 -0.515 0.7776 0.0914 -0.6119 -0.1124 0.4707 0.3125 -0.5995 0.5669 0.6626 -0.1443 -0.5615 -0.4741 0.9015 0.1617 0.3955 -0.0688 0.3542 0.6068 -0.3784 0.6027 0.5636 -0.4885 -0.5419 -0.3874 0.9266 -0.0157 0.373 0.0446
0.7501 -0.1956 -0.546 -0.3179 0.6164 -0.5297 -0.5132 -0.2759 0.5454 -0.5475 -0.3707 -0.515 0.7776 0.0914 -0.6119 -0.1124 0.4707 0.3125 -0.5995 0.5669 0.6626 -0.1443 -0.5615 -0.4741 0.9015 0.1617 0.3955 -0.0688 0.3542 0.6068 -0.3784 0.6027 0.58 -0.4968 -0.5379 -0.3569 0.9266 -0.0157 0.373 0.0446
0.7501 -0.1956 -0.546 -0.3179 0.6164 -0.5297 -0.5132 -0.2759 0.5454 -0.5475 -0.3707 -0.515 0.7776 0.0914 -0.6119 -0.1124 0.4707 0.3125 -0.5995 0.5669 0.6604 -0.1802 -0.5591 -0.4678 0.9015 0.1617 0.3955 -0.0688 0.3542 0.6068 -0.3784 0.6027 0.58 -0.4968 -0.5379 -0.3569 0.9266 -0.0157 0.373 0.0446
0.7501 -0.1956 -0.546 -0.3179 0.6164 -0.5297 -0.5132 -0.2759 0.5454 -0.5475 -0.3707 -0.515 0.7776 0.0914 -0.6119 -0.1124 0.4707 0.3125 -0.5995 0.5669 0.6604 -0.1802 -0.5591 -0.4678 0.9015 0.1617 0.3955 -0.0688 0.3542 0.6068 -0.3784 0.6027 0.58 -0.4968 -0.5379 -0.3569 0.9266 -0.0157 0.373 0.0446
0.7501 -0.1956 -0.546 -0.3179 0.6164 -0.5297 -0.5132 -0.2759 0.5454 -0.5475 -0.3707 -0.515 0.7776 0.0914 -0.6119 -0.1124 0.4707 0.3125 -0.5995 0.5669 0.6604 -0.1802 -0.5591 -0.4678 0.9015 0.1617 0.3955 -0.0688 0.3542 0.6068 -0.3784 0.6027 0.58 -0.4968 -0.5379 -0.3569 0.9266 -0.0157 0.373 0.0446
0.7501 -0.1956 -0.546 -0.3179 0.6164 -0.5297 -0.5132 -0.2759 0.5454 -0.5475 -0.3707 -0.515 0.7776 0.0914 -0.6119 -0.1124 0.4707 0.3125 -0.5995 0.5669 0.6604 -0.1802 -0.5591 -0.4678 0.9015 0.1617 0.3955 -0.0688 0.3542 0.6068 -0.3784 0.6027 0.58 -0.4968 -0.5379 -0.3569 0.9266 -0.0157 0.373 0.0446
0.7423 -0.1939 -0.5346 -0.3544 0.6226 -0.5186 -0.4973 -0.3102 0.5454 -0.5475 -0.3707 -0.515 0.7864 0.0798 -0.6021 -0.1127 0.4588 0.2615 -0.6196 0.5806 0.6604 -0.1802 -0.5591 -0.4678 0.9015 0.1617 0.3955 -0.0688 0.3542 0.6068 -0.3784 0.6027 0.58 -0.4968 -0.5379 -0.3569 0.9266 -0.0157 0.373 0.0446
0.7423 -0.1939 -0.5346 -0.3544 0.6226 -0.5186 -0.4973 -0.3102 0.5454 -0.5475 -0.3707 -0.515 0.7864 0.0798 -0.6021 -0.1127 0.4588 0.2615 -0.6196 0.5806 0.6604 -0.1802 -0.5591 -0.4678 0.9015 0.1617 0.3955 -0.0688 0.3542 0.6068 -0.3784 0.6027 0.58 -0.4968 -0.5379 -0.3569 0.9266 -0.0157 0.373 0.0446
0.7423 -0.1939 -0.5346 -0.3544 0.6226 -0.5186 -0.4973 -0.3102 0.5454 -0.5475 -0.3707 -0.515 0.7864 0.0798 -0.6021 -0.1127 0.4588 0.2615 -0.6196 0.5806 0.6604 -0.1802 -0.5591 -0.4678 0.9015 0.1617 0.3955 -0.0688 0.3542 0.6068 -0.3784 0.6027 0.5999 -0.4913 -0.5344 -0.3364 0.9266 -0.0157 0.373 0.0446
0.7423 -0.1939 -0.5346 -0.3544 0.6226 -0.5186 -0.4973 -0.3102 0.5454 -0.5475 -0.3707 -0.515 0.7864 0.0798 -0.6021 -0.1127 0.4588 0.2615 -0.6196 0.5806 0.6604 -0.1802 -0.5591 -0.4678 0.9015 0.1617 0.3955 -0.0688 0.3542 0.6068 -0.3784 0.6027 0.5999 -0.4913 -0.5344 -0.3364 0.9266 -0.0157 0.373 0.0446
0.7423 -0.1939 -0.5346 -0.3544 0.6226 -0.5186 -0.4973 -0.3102 0.5454 -0.5475 -0.3707 -0.515 0.7864 0.0798 -0.6021 -0.1127 0.4588 0.2615 -0.6196 0.5806 0.7034 -0.3007 -0.541 -0.3494 0.9015 0.1617 0.3955 -0.0688 0.3542 0.6068 -0.3784 0.6027 0.5999 -0.4913 -0.5344 -0.3364 0.9266 -0.0157 0.373 0.0446
0.7423 -0.1939 -0.5346 -0.3544 0.6226 -0.5186 -0.4973 -0.3102 0.5454 -0.5475 -0.3707 -0.515 0.7864 0.0798 -0.6021 -0.1127 0.4588 0.2615 -0.6196 0.5806 0.7034 -0.3007 -0.541 -0.3494 0.9015 0.1617 0.3955 -0.0688 0.3542 0.6068 -0.3784 0.6027 0.5999 -0.4913 -0.5344 -0.3364 0.9266 -0.0157 0.373 0.0446
0.7423 -0.1939 -0.5346 -0.3544 0.6226 -0.5186 -0.4973 -0.3102 0.5454 -0.5475 -0.3707 -0.515 0.7864 0.0798 -0.6021 -0.1127 0.4588 0.2615 -0.6196 0.5806 0.7034 -0.3007 -0.541 -0.3494 0.9015 0.1617 0.3955 -0.0688 0.3542 0.6068 -0.3784 0.6027 0.5999 -0.4913 -0.5344 -0.3364 0.9266 -0.0157 0.373 0.0446
0.7423 -0.1939 -0.5346 -0.3544 0.6208 -0.5129 -0.4917 -0.3311 0.5454 -0.5475 -0.3707 -0.515 0.7874 0.0859 -0.6017 -0.1025 0.4311 0.2938 -0.6012 0.6053 0.7034 -0.3007 -0.541 -0.3494 0.9015 0.1617 0.3955 -0.0688 0.3542 0.6068 -0.3784 0.6027 0.5999 -0.4913 -0.5344 -0.3364 0.9266 -0.0157 0.373 0.0446
0.731 -0.1931 -0.5269 -0.3883 0.6208 -0.5129 -0.4917 -0.3311 0.5454 -0.5475 -0.3707 -0.515 0.7874 0.0859 -0.6017 -0.1025 0.4311 0.2938 -0.6012 0.6053 0.7034 -0.3007 -0.541 -0.3494 0.9015 0.1617 0.3955 -0.0688 0.3542 0.6068 -0.3784 0.6027 0.5999 -0.4913 -0.5344 -0.3364 0.9012 -0.0305 0.4311 0.0331
0.731 -0.1931 -0.5269 -0.3883 0.6208 -0.5129 -0.4917 -0.3311 0.5454 -0.5475 -0.3707 -0.515 0.7874 0.0859 -0.6017 -0.1025 0.4311 0.2938 -0.6012 0.6053 0.7034 -0.3007 -0.541 -0.3494 0.9015 0.1617 0.3955 -0.0688 0.3542 0.6068 -0.3784 0.6027 0.6223 -0.4874 -0.5226 -0.3196 0.9012 -0.0305 0.4311 0.0331
0.731 -0.1931 -0.5269 -0.3883 0.6208 -0.5129 -0.4917 -0.3311 0.5454 -0.5475 -0.3707 -0.515 0.7874 0.0859 -0.6017 -0.1025 0.4311 0.2938 -0.6012 0.6053 0.7034 -0.3007 -0.541 -0.3494 0.9015 0.1617 0.3955 -0.0688 0.3542 0.6068 -0.3784 0.6027 0.6223 -0.4874 -0.5226 -0.3196 0.9012 -0.0305 0.4311 0.0331
0.731 -0.1931 -0.5269 -0.3883 0.6208 -0.5129 -0.4917 -0.3311 0.5454 -0.5475 -0.3707 -0.515 0.7874 0.0859 -0.6017 -0.1025 0.4311 0.2938 -0.6012 0.6053 0.7238 -0.3938 -0.5145 -0.2374 0.9015 0.1617 0.3955 -0.0688 0.3542 0.6068 -0.3784 0.6027 0.6223 -0.4874 -0.5226 -0.3196 0.9012 -0.0305 0.4311 0.0331
0.731 -0.1931 -0.5269 -0.3883 0.6208 -0.5129 -0.4917 -0.3311 0.5182 -0.5625 -0.376 -0.5231 0.7874 0.0859 -0.6017 -0.1025 0.4311 0.2938 -0.6012 0.6053 0.7238 -0.3938 -0.5145 -0.2374 0.9015 0.1617 0.3955 -0.0688 0.3542 0.6068 -0.3784 0.6027 0.6223 -0.4874 -0.5226 -0.3196 0.9012 -0.0305 0.4311 0.0331
0.731 -0.1931 -0.5269 -0.3883 0.6208 -0.5129 -0.4917 -0.3311 0.5182 -0.5625 -0.376 -0.5231 0.7809 0.0906 -0.6098 -0.1008 0.4099 0.3179 -0.6153 0.5936 0.7238 -0.3938 -0.5145 -0.2374 0.9015 0.1617 0.3955 -0.0688 0.3542 0.6068 -0.3784 0.6027 0.6223 -0.4874 -0.5226 -0.3196 0.9012 -0.0305 0.4311 0.0331
0.7335 -0.1962 -0.5167 -0.3956 0.6208 -0.5129 -0.4917 -0.3311 0.5182 -0.5625 -0.376 -0.5231 0.7809 0.0906 -0.6098 -0.1008 0.4099 0.3179 -0.6153 0.5936 0.7238 -0.3938 -0.5145 -0.2374 0.9015 0.1617 0.3955 -0.0688 0.3542 0.6068 -0.3784 0.6027 0.6223 -0.4874 -0.5226 -0.3196 0.9012 -0.0305 0.4311 0.0331
0.7335 -0.1962 -0.5167 -0.3956 0.6208 -0.5129 -0.4917 -0.3311 0.5182 -0.5625 -0.376 -0.5231 0.7809 0.0906 -0.6098 -0.1008 0.4099 0.3179 -0.6153 0.5936 0.7238 -0.3938 -0.5145 -0.2374 0.9015 0.1617 0.3955 -0.0688 0.3542 0.6068 -0.3784 0.6027 0.6223 -0.4874 -0.5226 -0.3196 0.8903 -0.0401 0.4528 0.027
0.7335 -0.1962 -0.5167 -0.3956 0.6208 -0.5129 -0.4917 -0.3311 0.5182 -0.5625 -0.376 -0.5231 0.7809 0.0906 -0.6098 -0.1008 0.4099 0.3179 -0.6153 0.5936 0.7238 -0.3938 -0.5145 -0.2374 0.9015 0.1617 0.3955 -0.0688 0.3542 0.6068 -0.3784 0.6027 0.6454 -0.484 -0.5073 -0.3032 0.8903 -0.0401 0.4528 0.027
0.7335 -0.1962 -0.5167 -0.3956 0.6208 -0.5129 -0.4917 -0.3311 0.5182 -0.5625 -0.376 -0.5231 0.7809 0.0906 -0.6098 -0.1008 0.4099 0.3179 -0.6153 0.5936 0.7079 -0.4124 -0.527 -0.2261 0.9015 0.1617 0.3955 -0.0688 0.3542 0.6068 -0.3784 0.6027 0.6454 -0.484 -0.5073 -0.3032 0.8903 -0.0401 0.4528 0.027
0.7335 -0.1962 -0.5167 -0.3956 0.6208 -0.5129 -0.4917 -0.3311 0.5182 -0.5625 -0.376 -0.5231 0.7809 0.0906 -0.6098 -0.1008 0.4099 0.3179 -0.6153 0.5936 0.7079 -0.4124 -0.527 -0.2261 0.9015 0.1617 0.3955 -0.0688 0.3542 0.6068 -0.3784 0.6027 0.6454 -0.484 -0.5073 -0.3032 0.8903 -0.0401 0.4528 0.027
0.7335 -0.1962 -0.5167 -0.3956 0.6208 -0.5129 -0.4917 -0.3311 0.5272 -0.5549 -0.3872 -0.5141 0.7809 0.0906 -0.6098 -0.1008 0.4099 0.3179 -0.6153 0.5936 0.7079 -0.4124 -0.527 -0.2261 0.9015 0.1617 0.3955 -0.0688 0.2521 0.6365 -0.3129 0.6584 0.6454 -0.484 -0.5073 -0.3032 0.8903 -0.0401 0.4528 0.027
0.7335 -0.1962 -0.5167 -0.3956 0.6208 -0.5129 -0.4917 -0.3311 0.5272 -0.5549 -0.3872 -0.5141 0.7809 0.0906 -0.6098 -0.1008 0.4099 0.3179 -0.6153 0.5936 0.7079 -0.4124 -0.527 -0.2261 0.9015 0.1617 0.3955 -0.0688 0.2521 0.6365 -0.3129 0.6584 0.6454 -0.484 -0.5073 -0.3032 0.8903 -0.0401 0.4528 0.027
0.7482 -0.1921 -0.5135 -0.3737 0.6294 -0.5187 -0.4908 -0.3065 0.5272 -0.5549 -0.3872 -0.5141 0.7831 0.1048 -0.6069 -0.0861 0.4099 0.3179 -0.6153 0.5936 0.7079 -0.4124 -0.527 -0.2261 0.9659 0.1641 0.2003 0.0037 0.2521 0.6365 -0.3129 0.6584 0.6454 -0.484 -0.5073 -0.3032 0.8903 -0.0401 0.4528 0.027
0.7482 -0.1921 -0.5135 -0.3737 0.6294 -0.5187 -0.4908 -0.3065 0.5272 -0.5549 -0.3872 -0.5141 0.7831 0.1048 -0.6069 -0.0861 0.4099 0.3179 -0.6153 0.5936 0.7079 -0.4124 -0.527 -0.2261 0.9659 0.1641 0.2003 0.0037 0.2521 0.6365 -0.3129 0.6584 0.6721 -0.4832 -0.4832 -0.2851 0.8729 -0.0561 0.4844 0.0133
0.7482 -0.1921 -0.5135 -0.3737 0.6294 -0.5187 -0.4908 -0.3065 0.5272 -0.5549 -0.3872 -0.5141 0.7831 0.1048 -0.6069 -0.0861 0.4099 0.3179 -0.6153 0.5936 0.7079 -0.4124 -0.527 -0.2261 0.9659 0.1641 0.2003 0.0037 0.2521 0.6365 -0.3129 0.6584 0.6721 -0.4832 -0.4832 -0.2851 0.8729 -0.0561 0.4844 0.0133
0.7482 -0.1921 -0.5135 -0.3737 0.6294 -0.5187 -0.4908 -0.3065 0.5272 -0.5549 -0.3872 -0.5141 0.7831 0.1048 -0.6069 -0.0861 0.4099 0.3179 -0.6153 0.5936 0.7079 -0.4124 -0.527 -0.2261 0.9659 0.1641 0.2003 0.0037 0.2521 0.6365 -0.3129 0.6584 0.6721 -0.4832 -0.4832 -0.2851 0.8729 -0.0561 0.4844 0.0133
0.7482 -0.1921 -0.5135 -0.3737 0.6294 -0.5187 -0.4908 -0.3065 0.5272 -0.5549 -0.3872 -0.5141 0.7831 0.1048 -0.6069 -0.0861 0.4099 0.3179 -0.6153 0.5936 0.7125 -0.3662 -0.557 -0.2191 0.9659 0.1641 0.2003 0.0037 0.2521 0.6365 -0.3129 0.6584 0.6721 -0.4832 -0.4832 -0.2851 0.8729 -0.0561 0.4844 0.0133
0.7482 -0.1921 -0.5135 -0.3737 0.6294 -0.5187 -0.4908 -0.3065 0.5272 -0.5549 -0.3872 -0.5141 0.7831 0.1048 -0.6069 -0.0861 0.3757 0.3656 -0.6135 0.5906 0.7125 -0.3662 -0.557 -0.2191 0.9659 0.1641 0.2003 0.0037 0.2521 0.6365 -0.3129 0.6584 0.6721 -0.4832 -0.4832 -0.2851 0.8729 -0.0561 0.4844 0.0133
0.7482 -0.1921 -0.5135 -0.3737 0.6294 -0.5187 -0.4908 -0.3065 0.5272 -0.5549 -0.3872 -0.5141 0.7831 0.1048 -0.6069 -0.0861 0.3757 0.3656 -0.6135 0.5906 0.7125 -0.3662 -0.557 -0.2191 0.9659 0.1641 0.2003 0.0037 0.2521 0.6365 -0.3129 0.6584 0.6721 -0.4832 -0.4832 -0.2851 0.8729 -0.0561 0.4844 0.0133
0.7706 -0.1646 -0.5197 -0.33 0.6355 -0.5158 -0.51 -0.2645 0.5272 -0.5549 -0.3872 -0.5141 0.7855 0.1283 -0.6024 -0.0611 0.3757 0.3656 -0.6135 0.5906 0.7125 -0.3662 -0.557 -0.2191 0.9478 0.1321 0.2904 -0.002 0.2521 0.6365 -0.3129 0.6584 0.6721 -0.4832 -0.4832 -0.2851 0.8029 -0.0596 0.5931 -0.0044
0.7706 -0.1646 -0.5197 -0.33 0.6355 -0.5158 -0.51 -0.2645 0.5272 -0.5549 -0.3872 -0.5141 0.7855 0.1283 -0.6024 -0.0611 0.3757 0.3656 -0.6135 0.5906 0.7125 -0.3662 -0.557 -0.2191 0.9478 0.1321 0.2904 -0.002 0.2521 0.6365 -0.3129 0.6584 0.6721 -0.4832 -0.4832 -0.2851 0.8029 -0.0596 0.5931 -0.0044
0.7706 -0.1646 -0.5197 -0.33 0.6355 -0.5158 -0.51 -0.2645 0.5272 -0.5549 -0.3872 -0.5141 0.7855 0.1283 -0.6024 -0.0611 0.3757 0.3656 -0.6135 0.5906 0.7125 -0.3662 -0.557 -0.2191 0.9478 0.1321 0.2904 -0.002 0.2521 0.6365 -0.3129 0.6584 0.713 -0.4909 -0.4351 -0.2476 0.8029 -0.0596 0.5931 -0.0044
0.7706 -0.1646 -0.5197 -0.33 0.6355 -0.5158 -0.51 -0.2645 0.5272 -0.5549 -0.3872 -0.5141 0.7855 0.1283 -0.6024 -0.0611 0.3757 0.3656 -0.6135 0.5906 0.7125 -0.3662 -0.557 -0.2191 0.9478 0.1321 0.2904 -0.002 0.2521 0.6365 -0.3129 0.6584 0.713 -0.4909 -0.4351 -0.2476 0.8029 -0.0596 0.5931 -0.0044
0.7706 -0.1646 -0.5197 -0.33 0.6355 -0.5158 -0.51 -0.2645 0.5272 -0.5549 -0.3872 -0.5141 0.7855 0.1283 -0.6024 -0.0611 0.3757 0.3656 -0.6135 0.5906 0.6913 -0.3118 -0.5982 -0.259 0.9478 0.1321 0.2904 -0.002 0.2521 0.6365 -0.3129 0.6584 0.713 -0.4909 -0.4351 -0.2476 0.8029 -0.0596 0.5931 -0.0044
0.7706 -0.1646 -0.5197 -0.33 0.6355 -0.5158 -0.51 -0.2645 0.5272 -0.5549 -0.3872 -0.5141 0.7855 0.1283 -0.6024 -0.0611 0.3699 0.3621 -0.6306 0.5783 0.6913 -0.3118 -0.5982 -0.259 0.9478 0.1321 0.2904 -0.002 0.2521 0.6365 -0.3129 0.6584 0.713 -0.4909 -0.4351 -0.2476 0.8029 -0.0596 0.5931 -0.0044
0.7706 -0.1646 -0.5197 -0.33 0.6417 -0.5128 -0.5382 -0.1888 0.5272 -0.5549 -0.3872 -0.5141 0.7808 0.1526 -0.6031 -0.0583 0.3699 0.3621 -0.6306 0.5783 0.6913 -0.3118 -0.5982 -0.259 0.9478 0.1321 0.2904 -0.002 0.2521 0.6365 -0.3129 0.6584 0.713 -0.4909 -0.4351 -0.2476 0.8029 -0.0596 0.5931 -0.0044
0.7706 -0.1646 -0.5197 -0.33 0.6417 -0.5128 -0.5382 -0.1888 0.5272 -0.5549 -0.3872 -0.5141 0.7808 0.1526 -0.6031 -0.0583 0.3699 0.3621 -0.6306 0.5783 0.6913 -0.3118 -0.5982 -0.259 0.9478 0.1321 0.2904 -0.002 0.2521 0.6365 -0.3129 0.6584 0.713 -0.4909 -0.4351 -0.2476 0.6477 -0.0693 0.7587 0.0105
0.7706 -0.1646 -0.5197 -0.33 0.6417 -0.5128 -0.5382 -0.1888 0.5272 -0.5549 -0.3872 -0.5141 0.7808 0.1526 -0.6031 -0.0583 0.3699 0.3621 -0.6306 0.5783 0.6913 -0.3118 -0.5982 -0.259 0.9478 0.1321 0.2904 -0.002 0.2521 0.6365 -0.3129 0.6584 0.7937 -0.4688 -0.3505 -0.1654 0.6477 -0.0693 0.7587 0.0105
0.7706 -0.1646 -0.5197 -0.33 0.6417 -0.5128 -0.5382 -0.1888 0.5272 -0.5549 -0.3872 -0.5141 0.7808 0.1526 -0.6031 -0.0583 0.3699 0.3621 -0.6306 0.5783 0.6913 -0.3118 -0.5982 -0.259 0.9478 0.1321 0.2904 -0.002 0.2521 0.6365 -0.3129 0.6584 0.7937 -0.4688 -0.3505 -0.1654 0.6477 -0.0693 0.7587 0.0105
0.7706 -0.1646 -0.5197 -0.33 0.6417 -0.5128 -0.5382 -0.1888 0.5272 -0.5549 -0.3872 -0.5141 0.7808 0.1526 -0.6031 -0.0583 0.3699 0.3621 -0.6306 0.5783 0.6913 -0.3118 -0.5982 -0.259 0.9478 0.1321 0.2904 -0.002 0.2521 0.6365 -0.3129 0.6584 0.7937 -0.4688 -0.3505 -0.1654 0.6477 -0.0693 0.7587 0.0105
0.7706 -0.1646 -0.5197 -0.33 0.6417 -0.5128 -0.5382 -0.1888 0.5272 -0.5549 -0.3872 -0.5141 0.7808 0.1526 -0.6031 -0.0583 0.3699 0.3621 -0.6306 0.5783 0.6913 -0.3118 -0.5982 -0.259 0.9478 0.1321 0.2904 -0.002 0.2521 0.6365 -0.3129 0.6584 0.7937 -0.4688 -0.3505 -0.1654 0.6477 -0.0693 0.7587 0.0105
0.7706 -0.1646 -0.5197 -0.33 0.6417 -0.5128 -0.5382 -0.1888 0.5588 -0.532 -0.3893 -0.5031 0.7808 0.1526 -0.6031 -0.0583 0.3561 0.3512 -0.6234 0.6011 0.6598 -0.2486 -0.6478 -0.2886 0.9478 0.1321 0.2904 -0.002 0.3721 0.5507 -0.2249 0.7125 0.7937 -0.4688 -0.3505 -0.1654 0.6477 -0.0693 0.7587 0.0105
0.7706 -0.1646 -0.5197 -0.33 0.6417 -0.5128 -0.5382 -0.1888 0.5588 -0.532 -0.3893 -0.5031 0.7808 0.1526 -0.6031 -0.0583 0.3561 0.3512 -0.6234 0.6011 0.6598 -0.2486 -0.6478 -0.2886 0.9478 0.1321 0.2904 -0.002 0.3721 0.5507 -0.2249 0.7125 0.7937 -0.4688 -0.3505 -0.1654 0.6477 -0.0693 0.7587 0.0105
0.8286 -0.1728 -0.4658 -0.258 0.6417 -0.5128 -0.5382 -0.1888 0.5588 -0.532 -0.3893 -0.5031 0.7808 0.1526 -0.6031 -0.0583 0.3561 0.3512 -0.6234 0.6011 0.6598 -0.2486 -0.6478 -0.2886 0.9415 0.1046 0.3201 -0.011 0.3721 0.5507 -0.2249 0.7125 0.7937 -0.4688 -0.3505 -0.1654 0.4826 -0.0966 0.8653 0.0948
0.8286 -0.1728 -0.4658 -0.258 0.6417 -0.5128 -0.5382 -0.1888 0.5588 -0.532 -0.3893 -0.5031 0.7808 0.1526 -0.6031 -0.0583 0.3561 0.3512 -0.6234 0.6011 0.6598 -0.2486 -0.6478 -0.2886 0.9415 0.1046 0.3201 -0.011 0.3721 0.5507 -0.2249 0.7125 0.7937 -0.4688 -0.3505 -0.1654 0.4826 -0.0966 0.8653 0.0948
0.8286 -0.1728 -0.4658 -0.258 0.6417 -0.5128 -0.5382 -0.1888 0.5588 -0.532 -0.3893 -0.5031 0.7808 0.1526 -0.6031 -0.0583 0.3561 0.3512 -0.6234 0.6011 0.6598 -0.2486 -0.6478 -0.2886 0.9415 0.1046 0.3201 -0.011 0.3721 0.5507 -0.2249 0.7125 0.7937 -0.4688 -0.3505 -0.1654 0.4826 -0.0966 0.8653 0.0948
0.8286 -0.1728 -0.4658 -0.258 0.6417 -0.5128 -0.5382 -0.1888 0.5588 -0.532 -0.3893 -0.5031 0.7808 0.1526 -0.6031 -0.0583 0.3561 0.3512 -0.6234 0.6011 0.6598 -0.2486 -0.6478 -0.2886 0.9415 0.1046 0.3201 -0.011 0.3721 0.5507 -0.2249 0.7125 0.7937 -0.4688 -0.3505 -0.1654 0.4826 -0.0966 0.8653 0.0948
0.8286 -0.1728 -0.4658 -0.258 0.6417 -0.5128 -0.5382 -0.1888 0.5588 -0.532 -0.3893 -0.5031 0.7808 0.1526 -0.6031 -0.0583 0.3561 0.3512 -0.6234 0.6011 0.6417 -0.2026 -0.6772 -0.2976 0.9415 0.1046 0.3201 -0.011 0.3721 0.5507 -0.2249 0.7125 0.7937 -0.4688 -0.3505 -0.1654 0.4826 -0.0966 0.8653 0.0948
0.8286 -0.1728 -0.4658 -0.258 0.6417 -0.5128 -0.5382 -0.1888 0.5588 -0.532 -0.3893 -0.5031 0.7808 0.1526 -0.6031 -0.0583 0.3416 0.3607 -0.634 0.5927 0.6417 -0.2026 -0.6772 -0.2976 0.9415 0.1046 0.3201 -0.011 0.3721 0.5507 -0.2249 0.7125 0.7937 -0.4688 -0.3505 -0.1654 0.4826 -0.0966 0.8653 0.0948
0.8286 -0.1728 -0.4658 -0.258 0.6417 -0.5128 -0.5382 -0.1888 0.5588 -0.532 -0.3893 -0.5031 0.7808 0.1526 -0.6031 -0.0583 0.3416 0.3607 -0.634 0.5927 0.6417 -0.2026 -0.6772 -0.2976 0.9415 0.1046 0.3201 -0.011 0.3721 0.5507 -0.2249 0.7125 0.7937 -0.4688 -0.3505 -0.1654 0.4826 -0.0966 0.8653 0.0948
0.8286 -0.1728 -0.4658 -0.258 0.6249 -0.5546 -0.5417 -0.0914 0.5588 -0.532 -0.3893 -0.5031 0.7729 0.1398 -0.6046 -0.1324 0.3416 0.3607 -0.634 0.5927 0.6417 -0.2026 -0.6772 -0.2976 0.936 0.1106 0.3338 -0.013 0.3721 0.5507 -0.2249 0.7125 0.7937 -0.4688 -0.3505 -0.1654 0.4826 -0.0966 0.8653 0.0948
0.8286 -0.1728 -0.4658 -0.258 0.6249 -0.5546 -0.5417 -0.0914 0.5588 -0.532 -0.3893 -0.5031 0.7729 0.1398 -0.6046 -0.1324 0.3416 0.3607 -0.634 0.5927 0.6417 -0.2026 -0.6772 -0.2976 0.936 0.1106 0.3338 -0.013 0.3721 0.5507 -0.2249 0.7125 0.7937 -0.4688 -0.3505 -0.1654 0.4164 -0.084 0.8989 0.1075
0.8286 -0.1728 -0.4658 -0.258 0.6249 -0.5546 -0.5417 -0.0914 0.5588 -0.532 -0.3893 -0.5031 0.7729 0.1398 -0.6046 -0.1324 0.3416 0.3607 -0.634 0.5927 0.6417 -0.2026 -0.6772 -0.2976 0.936 0.1106 0.3338 -0.013 0.3721 0.5507 -0.2249 0.7125 0.8271 -0.4105 -0.3517 -0.1537 0.4164 -0.084 0.8989 0.1075
0.8286 -0.1728 -0.4658 -0.258 0.6249 -0.5546 -0.5417 -0.0914 0.5588 -0.532 -0.3893 -0.5031 0.7729 0.1398 -0.6046 -0.1324 0.3416 0.3607 -0.634 0.5927 0.6417 -0.2026 -0.6772 -0.2976 0.936 0.1106 0.3338 -0.013 0.3721 0.5507 -0.2249 0.7125 0.8271 -0.4105 -0.3517 -0.1537 0.4164 -0.084 0.8989 0.1075
0.8286 -0.1728 -0.4658 -0.258 0.6249 -0.5546 -0.5417 -0.0914 0.5588 -0.532 -0.3893 -0.5031 0.7729 0.1398 -0.6046 -0.1324 0.3416 0.3607 -0.634 0.5927 0.645 -0.1874 -0.6844 -0.2836 0.936 0.1106 0.3338 -0.013 0.3721 0.5507 -0.2249 0.7125 0.8271 -0.4105 -0.3517 -0.1537 0.4164 -0.084 0.8989 0.1075
0.8286 -0.1728 -0.4658 -0.258 0.6249 -0.5546 -0.5417 -0.0914 0.5111 -0.5436 -0.3766 -0.549 0.7729 0.1398 -0.6046 -0.1324 0.3475 0.4078 -0.6292 0.5631 0.645 -0.1874 -0.6844 -0.2836 0.936 0.1106 0.3338 -0.013 0.378 0.5304 -0.2849 0.7033 0.8271 -0.4105 -0.3517 -0.1537 0.4164 -0.084 0.8989 0.1075
0.8286 -0.1728 -0.4658 -0.258 0.618 -0.5292 -0.5744 -0.0897 0.5111 -0.5436 -0.3766 -0.549 0.7457 0.1547 -0.6235 -0.177 0.3475 0.4078 -0.6292 0.5631 0.645 -0.1874 -0.6844 -0.2836 0.9336 0.1251 0.3358 -0.0048 0.378 0.5304 -0.2849 0.7033 0.8271 -0.4105 -0.3517 -0.1537 0.4164 -0.084 0.8989 0.1075
0.8286 -0.1728 -0.4658 -0.258 0.618 -0.5292 -0.5744 -0.0897 0.5111 -0.5436 -0.3766 -0.549 0.7457 0.1547 -0.6235 -0.177 0.3475 0.4078 -0.6292 0.5631 0.645 -0.1874 -0.6844 -0.2836 0.9336 0.1251 0.3358 -0.0048 0.378 0.5304 -0.2849 0.7033 0.8271 -0.4105 -0.3517 -0.1537 0.3945 -0.1332 0.9067 0.0677
0.8286 -0.1728 -0.4658 -0.258 0.618 -0.5292 -0.5744 -0.0897 0.5111 -0.5436 -0.3766 -0.549 0.7457 0.1547 -0.6235 -0.177 0.3475 0.4078 -0.6292 0.5631 0.645 -0.1874 -0.6844 -0.2836 0.9336 0.1251 0.3358 -0.0048 0.378 0.5304 -0.2849 0.7033 0.8271 -0.4105 -0.3517 -0.1537 0.3945 -0.1332 0.9067 0.0677
0.8286 -0.1728 -0.4658 -0.258 0.618 -0.5292 -0.5744 -0.0897 0.5111 -0.5436 -0.3766 -0.549 0.7457 0.1547 -0.6235 -0.177 0.3475 0.4078 -0.6292 0.5631 0.645 -0.1874 -0.6844 -0.2836 0.9336 0.1251 0.3358 -0.0048 0.378 0.5304 -0.2849 0.7033 0.8231 -0.3997 -0.357 -0.1877 0.3945 -0.1332 0.9067 0.0677
0.8286 -0.1728 -0.4658 -0.258 0.618 -0.5292 -0.5744 -0.0897 0.5111 -0.5436 -0.3766 -0.549 0.7457 0.1547 -0.6235 -0.177 0.3475 0.4078 -0.6292 0.5631 0.645 -0.1874 -0.6844 -0.2836 0.9336 0.1251 0.3358 -0.0048 0.378 0.5304 -0.2849 0.7033 0.8231 -0.3997 -0.357 -0.1877 0.3945 -0.1332 0.9067 0.0677
0.8286 -0.1728 -0.4658 -0.258 0.618 -0.5292 -0.5744 -0.0897 0.5111 -0.5436 -0.3766 -0.549 0.7457 0.1547 -0.6235 -0.177 0.3475 0.4078 -0.6292 0.5631 0.6422 -0.2003 -0.6782 -0.2958 0.9336 0.1251 0.3358 -0.0048 0.378 0.5304 -0.2849 0.7033 0.8231 -0.3997 -0.357 -0.1877 0.3945 -0.1332 0.9067 0.0677
0.8286 -0.1728 -0.4658 -0.258 0.618 -0.5292 -0.5744 -0.0897 0.5111 -0.5436 -0.3766 -0.549 0.7457 0.1547 -0.6235 -0.177 0.3787 0.416 -0.6376 0.5263 0.6422 -0.2003 -0.6782 -0.2958 0.9336 0.1251 0.3358 -0.0048 0.378 0.5304 -0.2849 0.7033 0.8231 -0.3997 -0.357 -0.1877 0.3945 -0.1332 0.9067 0.0677
0.8286 -0.1728 -0.4658 -0.258 0.618 -0.5292 -0.5744 -0.0897 0.5111 -0.5436 -0.3766 -0.549 0.7457 0.1547 -0.6235 -0.177 0.3787 0.416 -0.6376 0.5263 0.6422 -0.2003 -0.6782 -0.2958 0.9336 0.1251 0.3358 -0.0048 0.378 0.5304 -0.2849 0.7033 0.8231 -0.3997 -0.357 -0.1877 0.3945 -0.1332 0.9067 0.0677
0.8286 -0.1728 -0.4658 -0.258 0.618 -0.5292 -0.5744 -0.0897 0.5111 -0.5436 -0.3766 -0.549 0.7457 0.1547 -0.6235 -0.177 0.3787 0.416 -0.6376 0.5263 0.6422 -0.2003 -0.6782 -0.2958 0.9292 0.1235 0.3484 -0.0029 0.378 0.5304 -0.2849 0.7033 0.8231 -0.3997 -0.357 -0.1877 0.3945 -0.1332 0.9067 0.0677
0.8286 -0.1728 -0.4658 -0.258 0.618 -0.5292 -0.5744 -0.0897 0.5111 -0.5436 -0.3766 -0.549 0.7457 0.1547 -0.6235 -0.177 0.3787 0.416 -0.6376 0.5263 0.6422 -0.2003 -0.6782 -0.2958 0.9292 0.1235 0.3484 -0.0029 0.378 0.5304 -0.2849 0.7033 0.8231 -0.3997 -0.357 -0.1877 0.3945 -0.1332 0.9067 0.0677
0.8286 -0.1728 -0.4658 -0.258 0.618 -0.5292 -0.5744 -0.0897 0.5111 -0.5436 -0.3766 -0.549 0.7457 0.1547 -0.6235 -0.177 0.3787 0.416 -0.6376 0.5263 0.6422 -0.2003 -0.6782 -0.2958 0.9292 0.1235 0.3484 -0.0029 0.378 0.5304 -0.2849 0.7033 0.7984 -0.4395 -0.3523 -0.2128 0.3945 -0.1332 0.9067 0.0677
0.8286 -0.1728 -0.4658 -0.258 0.618 -0.5292 -0.5744 -0.0897 0.5111 -0.5436 -0.3766 -0.549 0.7457 0.1547 -0.6235 -0.177 0.3787 0.416 -0.6376 0.5263 0.6422 -0.2003 -0.6782 -0.2958 0.9292 0.1235 0.3484 -0.0029 0.378 0.5304 -0.2849 0.7033 0.7984 -0.4395 -0.3523 -0.2128 0.3945 -0.1332 0.9067 0.0677
0.8286 -0.1728 -0.4658 -0.258 0.618 -0.5292 -0.5744 -0.0897 0.5111 -0.5436 -0.3766 -0.549 0.7457 0.1547 -0.6235 -0.177 0.3787 0.416 -0.6376 0.5263 0.6422 -0.2003 -0.6782 -0.2958 0.9292 0.1235 0.3484 -0.0029 0.378 0.5304 -0.2849 0.7033 0.7984 -0.4395 -0.3523 -0.2128 0.3945 -0.1332 0.9067 0.0677
0.8286 -0.1728 -0.4658 -0.258 0.618 -0.5292 -0.5744 -0.0897 0.5378 -0.5552 -0.3433 -0.5336 0.7457 0.1547 -0.6235 -0.177 0.3787 0.416 -0.6376 0.5263 0.6393 -0.2083 -0.6693 -0.3162 0.9292 0.1235 0.3484 -0.0029 0.3822 0.5174 -0.3207 0.6953 0.7984 -0.4395 -0.3523 -0.2128 0.3945 -0.1332 0.9067 0.0677
0.8286 -0.1728 -0.4658 -0.258 0.6018 -0.5217 -0.5752 -0.1868 0.5378 -0.5552 -0.3433 -0.5336 0.7389 0.1344 -0.6224 -0.2203 0.3787 0.416 -0.6376 0.5263 0.6393 -0.2083 -0.6693 -0.3162 0.9292 0.1235 0.3484 -0.0029 0.3822 0.5174 -0.3207 0.6953 0.7984 -0.4395 -0.3523 -0.2128 0.3945 -0.1332 0.9067 0.0677
0.8286 -0.1728 -0.4658 -0.258 0.6018 -0.5217 -0.5752 -0.1868 0.5378 -0.5552 -0.3433 -0.5336 0.7389 0.1344 -0.6224 -0.2203 0.3787 0.416 -0.6376 0.5263 0.6393 -0.2083 -0.6693 -0.3162 0.9292 0.1235 0.3484 -0.0029 0.3822 0.5174 -0.3207 0.6953 0.7984 -0.4395 -0.3523 -0.2128 0.739 -0.0721 0.663 0.0954
0.8286 -0.1728 -0.4658 -0.258 0.6018 -0.5217 -0.5752 -0.1868 0.5378 -0.5552 -0.3433 -0.5336 0.7389 0.1344 -0.6224 -0.2203 0.3787 0.416 -0.6376 0.5263 0.6393 -0.2083 -0.6693 -0.3162 0.9292 0.1235 0.3484 -0.0029 0.3822 0.5174 -0.3207 0.6953 0.7984 -0.4395 -0.3523 -0.2128 0.739 -0.0721 0.663 0.0954
0.8286 -0.1728 -0.4658 -0.258 0.6018 -0.5217 -0.5752 -0.1868 0.5378 -0.5552 -0.3433 -0.5336 0.7389 0.1344 -0.6224 -0.2203 0.3787 0.416 -0.6376 0.5263 0.6393 -0.2083 -0.6693 -0.3162 0.9292 0.1235 0.3484 -0.0029 0.3822 0.5174 -0.3207 0.6953 0.7587 -0.437 -0.4018 -0.2684 0.739 -0.0721 0.663 0.0954
0.8286 -0.1728 -0.4658 -0.258 0.6018 -0.5217 -0.5752 -0.1868 0.5378 -0.5552 -0.3433 -0.5336 0.7389 0.1344 -0.6224 -0.2203 0.3787 0.416 -0.6376 0.5263 0.6393 -0.2083 -0.6693 -0.3162 0.9292 0.1235 0.3484 -0.0029 0.3822 0.5174 -0.3207 0.6953 0.7587 -0.437 -0.4018 -0.2684 0.739 -0.0721 0.663 0.0954
0.8286 -0.1728 -0.4658 -0.258 0.6018 -0.5217 -0.5752 -0.1868 0.5378 -0.5552 -0.3433 -0.5336 0.7389 0.1344 -0.6224 -0.2203 0.3787 0.416 -0.6376 0.5263 0.636 -0.2205 -0.6533 -0.3465 0.9292 0.1235 0.3484 -0.0029 0.4213 0.5212 -0.3052 0.6765 0.7587 -0.437 -0.4018 -0.2684 0.739 -0.0721 0.663 0.0954
0.8286 -0.1728 -0.4658 -0.258 0.6018 -0.5217 -0.5752 -0.1868 0.5468 -0.5591 -0.3229 -0.533 0.7389 0.1344 -0.6224 -0.2203 0.4385 0.4053 -0.6522 0.467 0.636 -0.2205 -0.6533 -0.3465 0.9292 0.1235 0.3484 -0.0029 0.4213 0.5212 -0.3052 0.6765 0.7587 -0.437 -0.4018 -0.2684 0.739 -0.0721 0.663 0.0954
0.8286 -0.1728 -0.4658 -0.258 0.6018 -0.5217 -0.5752 -0.1868 0.5468 -0.5591 -0.3229 -0.533 0.7389 0.1344 -0.6224 -0.2203 0.4385 0.4053 -0.6522 0.467 0.636 -0.2205 -0.6533 -0.3465 0.9292 0.1235 0.3484 -0.0029 0.4213 0.5212 -0.3052 0.6765 0.7587 -0.437 -0.4018 -0.2684 0.739 -0.0721 0.663 0.0954
0.7422 -0.1911 -0.5524 -0.3278 0.584 -0.529 -0.5741 -0.2226 0.5468 -0.5591 -0.3229 -0.533 0.7389 0.1344 -0.6224 -0.2203 0.4385 0.4053 -0.6522 0.467 0.636 -0.2205 -0.6533 -0.3465 0.9196 0.1381 0.3677 -0.0058 0.4213 0.5212 -0.3052 0.6765 0.7587 -0.437 -0.4018 -0.2684 0.8573 -0.0097 0.5043 0.1031
0.7422 -0.1911 -0.5524 -0.3278 0.584 -0.529 -0.5741 -0.2226 0.5468 -0.5591 -0.3229 -0.533 0.7389 0.1344 -0.6224 -0.2203 0.4385 0.4053 -0.6522 0.467 0.636 -0.2205 -0.6533 -0.3465 0.9196 0.1381 0.3677 -0.0058 0.4213 0.5212 -0.3052 0.6765 0.7587 -0.437 -0.4018 -0.2684 0.8573 -0.0097 0.5043 0.1031
0.7422 -0.1911 -0.5524 -0.3278 0.584 -0.529 -0.5741 -0.2226 0.5468 -0.5591 -0.3229 -0.533 0.7389 0.1344 -0.6224 -0.2203 0.4385 0.4053 -0.6522 0.467 0.636 -0.2205 -0.6533 -0.3465 0.9196 0.1381 0.3677 -0.0058 0.4213 0.5212 -0.3052 0.6765 0.6511 -0.4295 -0.4943 -0.3837 0.8573 -0.0097 0.5043 0.1031
0.7422 -0.1911 -0.5524 -0.3278 0.584 -0.529 -0.5741 -0.2226 0.5468 -0.5591 -0.3229 -0.533 0.7389 0.1344 -0.6224 -0.2203 0.4385 0.4053 -0.6522 0.467 0.636 -0.2205 -0.6533 -0.3465 0.9196 0.1381 0.3677 -0.0058 0.4213 0.5212 -0.3052 0.6765 0.6511 -0.4295 -0.4943 -0.3837 0.8573 -0.0097 0.5043 0.1031
0.7422 -0.1911 -0.5524 -0.3278 0.584 -0.529 -0.5741 -0.2226 0.5468 -0.5591 -0.3229 -0.533 0.7389 0.1344 -0.6224 -0.2203 0.4385 0.4053 -0.6522 0.467 0.636 -0.2205 -0.6533 -0.3465 0.9196 0.1381 0.3677 -0.0058 0.4213 0.5212 -0.3052 0.6765 0.6511 -0.4295 -0.4943 -0.3837 0.8573 -0.0097 0.5043 0.1031
0.7422 -0.1911 -0.5524 -0.3278 0.584 -0.529 -0.5741 -0.2226 0.5468 -0.5591 -0.3229 -0.533 0.7389 0.1344 -0.6224 -0.2203 0.4385 0.4053 -0.6522 0.467 0.636 -0.2205 -0.6533 -0.3465 0.9196 0.1381 0.3677 -0.0058 0.4213 0.5212 -0.3052 0.6765 0.6511 -0.4295 -0.4943 -0.3837 0.8573 -0.0097 0.5043 0.1031
0.7422 -0.1911 -0.5524 -0.3278 0.584 -0.529 -0.5741 -0.2226 0.5468 -0.5591 -0.3229 -0.533 0.7389 0.1344 -0.6224 -0.2203 0.4385 0.4053 -0.6522 0.467 0.636 -0.2205 -0.6533 -0.3465 0.9196 0.1381 0.3677 -0.0058 0.4213 0.5212 -0.3052 0.6765 0.6511 -0.4295 -0.4943 -0.3837 0.8573 -0.0097 0.5043 0.1031
0.7365 -0.1852 -0.5691 -0.3152 0.5803 -0.5098 -0.5941 -0.2244 0.5726 -0.5499 -0.3278 -0.5121 0.7991 0.1034 -0.578 -0.1294 0.457 0.4077 -0.6523 0.4465 0.6352 -0.2196 -0.6471 -0.3599 0.9188 0.1171 0.3767 -0.0171 0.4653 0.5168 -0.309 0.6488 0.6511 -0.4295 -0.4943 -0.3837 0.9412 0.0178 0.3354 0.0359
0.7365 -0.1852 -0.5691 -0.3152 0.5803 -0.5098 -0.5941 -0.2244 0.5726 -0.5499 -0.3278 -0.5121 0.7991 0.1034 -0.578 -0.1294 0.457 0.4077 -0.6523 0.4465 0.6352 -0.2196 -0.6471 -0.3599 0.9188 0.1171 0.3767 -0.0171 0.4653 0.5168 -0.309 0.6488 0.6511 -0.4295 -0.4943 -0.3837 0.9412 0.0178 0.3354 0.0359
0.7365 -0.1852 -0.5691 -0.3152 0.5803 -0.5098 -0.5941 -0.2244 0.5726 -0.5499 -0.3278 -0.5121 0.7991 0.1034 -0.578 -0.1294 0.457 0.4077 -0.6523 0.4465 0.6352 -0.2196 -0.6471 -0.3599 0.9188 0.1171 0.3767 -0.0171 0.4653 0.5168 -0.309 0.6488 0.5177 -0.3748 -0.5984 -0.4832 0.9412 0.0178 0.3354 0.0359
0.7365 -0.1852 -0.5691 -0.3152 0.5803 -0.5098 -0.5941 -0.2244 0.5726 -0.5499 -0.3278 -0.5121 0.7991 0.1034 -0.578 -0.1294 0.457 0.4077 -0.6523 0.4465 0.6352 -0.2196 -0.6471 -0.3599 0.9188 0.1171 0.3767 -0.0171 0.4653 0.5168 -0.309 0.6488 0.5177 -0.3748 -0.5984 -0.4832 0.9412 0.0178 0.3354 0.0359
0.7365 -0.1852 -0.5691 -0.3152 0.5803 -0.5098 -0.5941 -0.2244 0.5856 -0.5479 -0.3373 -0.493 0.7991 0.1034 -0.578 -0.1294 0.457 0.4077 -0.6523 0.4465 0.6352 -0.2196 -0.6471 -0.3599 0.9188 0.1171 0.3767 -0.0171 0.4653 0.5168 -0.309 0.6488 0.5177 -0.3748 -0.5984 -0.4832 0.9412 0.0178 0.3354 0.0359
0.7365 -0.1852 -0.5691 -0.3152 0.5803 -0.5098 -0.5941 -0.2244 0.5856 -0.5479 -0.3373 -0.493 0.7991 0.1034 -0.578 -0.1294 0.4727 0.4099 -0.6475 0.435 0.6352 -0.2196 -0.6471 -0.3599 0.9188 0.1171 0.3767 -0.0171 0.4653 0.5168 -0.309 0.6488 0.5177 -0.3748 -0.5984 -0.4832 0.9412 0.0178 0.3354 0.0359
0.7365 -0.1852 -0.5691 -0.3152 0.5803 -0.5098 -0.5941 -0.2244 0.5856 -0.5479 -0.3373 -0.493 0.7991 0.1034 -0.578 -0.1294 0.4727 0.4099 -0.6475 0.435 0.6352 -0.2196 -0.6471 -0.3599 0.9188 0.1171 0.3767 -0.0171 0.4653 0.5168 -0.309 0.6488 0.5177 -0.3748 -0.5984 -0.4832 0.9412 0.0178 0.3354 0.0359
0.7417 -0.1718 -0.5759 -0.298 0.5839 -0.503 -0.5995 -0.2161 0.5856 -0.5479 -0.3373 -0.493 0.8153 0.0839 -0.569 -0.0669 0.4727 0.4099 -0.6475 0.435 0.6352 -0.2196 -0.6471 -0.3599 0.9072 0.1194 0.4027 -0.0211 0.4653 0.5168 -0.309 0.6488 0.5177 -0.3748 -0.5984 -0.4832 0.9412 0.0178 0.3354 0.0359
0.7417 -0.1718 -0.5759 -0.298 0.5839 -0.503 -0.5995 -0.2161 0.5856 -0.5479 -0.3373 -0.493 0.8153 0.0839 -0.569 -0.0669 0.4727 0.4099 -0.6475 0.435 0.6352 -0.2196 -0.6471 -0.3599 0.9072 0.1194 0.4027 -0.0211 0.4653 0.5168 -0.309 0.6488 0.5177 -0.3748 -0.5984 -0.4832 0.9412 0.0178 0.3354 0.0359
0.7417 -0.1718 -0.5759 -0.298 0.5839 -0.503 -0.5995 -0.2161 0.5856 -0.5479 -0.3373 -0.493 0.8153 0.0839 -0.569 -0.0669 0.4727 0.4099 -0.6475 0.435 0.6352 -0.2196 -0.6471 -0.3599 0.9072 0.1194 0.4027 -0.0211 0.4653 0.5168 -0.309 0.6488 0.463 -0.3187 -0.6752 -0.4777 0.9412 0.0178 0.3354 0.0359
0.7417 -0.1718 -0.5759 -0.298 0.5839 -0.503 -0.5995 -0.2161 0.5856 -0.5479 -0.3373 -0.493 0.8153 0.0839 -0.569 -0.0669 0.4727 0.4099 -0.6475 0.435 0.6352 -0.2196 -0.6471 -0.3599 0.9072 0.1194 0.4027 -0.0211 0.4653 0.5168 -0.309 0.6488 0.463 -0.3187 -0.6752 -0.4777 0.9412 0.0178 0.3354 0.0359
0.7417 -0.1718 -0.5759 -0.298 0.5839 -0.503 -0.5995 -0.2161 0.5856 -0.5479 -0.3373 -0.493 0.8153 0.0839 -0.569 -0.0669 0.4727 0.4099 -0.6475 0.435 0.6352 -0.2196 -0.6471 -0.3599 0.9072 0.1194 0.4027 -0.0211 0.4653 0.5168 -0.309 0.6488 0.463 -0.3187 -0.6752 -0.4777 0.9412 0.0178 0.3354 0.0359
0.7417 -0.1718 -0.5759 -0.298 0.5839 -0.503 -0.5995 -0.2161 0.5863 -0.5496 -0.3505 -0.4809 0.8153 0.0839 -0.569 -0.0669 0.4903 0.4036 -0.6432 0.4279 0.6284 -0.1922 -0.6371 -0.403 0.9072 0.1194 0.4027 -0.0211 0.479 0.555 -0.3287 0.5954 0.463 -0.3187 -0.6752 -0.4777 0.9412 0.0178 0.3354 0.0359
0.7417 -0.1718 -0.5759 -0.298 0.5839 -0.503 -0.5995 -0.2161 0.5863 -0.5496 -0.3505 -0.4809 0.8153 0.0839 -0.569 -0.0669 0.4903 0.4036 -0.6432 0.4279 0.6284 -0.1922 -0.6371 -0.403 0.9072 0.1194 0.4027 -0.0211 0.479 0.555 -0.3287 0.5954 0.463 -0.3187 -0.6752 -0.4777 0.9412 0.0178 0.3354 0.0359
0.7417 -0.1718 -0.5759 -0.298 0.5908 -0.5126 -0.5857 -0.2127 0.5863 -0.5496 -0.3505 -0.4809 0.817 0.0852 -0.5684 -0.0464 0.4903 0.4036 -0.6432 0.4279 0.6284 -0.1922 -0.6371 -0.403 0.8831 0.14 0.4473 -0.0204 0.479 0.555 -0.3287 0.5954 0.463 -0.3187 -0.6752 -0.4777 0.9412 0.0178 0.3354 0.0359
0.7417 -0.1718 -0.5759 -0.298 0.5908 -0.5126 -0.5857 -0.2127 0.5863 -0.5496 -0.3505 -0.4809 0.817 0.0852 -0.5684 -0.0464 0.4903 0.4036 -0.6432 0.4279 0.6284 -0.1922 -0.6371 -0.403 0.8831 0.14 0.4473 -0.0204 0.479 0.555 -0.3287 0.5954 0.463 -0.3187 -0.6752 -0.4777 0.9412 0.0178 0.3354 0.0359
0.7417 -0.1718 -0.5759 -0.298 0.5908 -0.5126 -0.5857 -0.2127 0.5863 -0.5496 -0.3505 -0.4809 0.817 0.0852 -0.5684 -0.0464 0.4903 0.4036 -0.6432 0.4279 0.6284 -0.1922 -0.6371 -0.403 0.8831 0.14 0.4473 -0.0204 0.479 0.555 -0.3287 0.5954 0.4685 -0.3704 -0.6432 -0.4792 0.9412 0.0178 0.3354 0.0359
0.7417 -0.1718 -0.5759 -0.298 0.5908 -0.5126 -0.5857 -0.2127 0.5863 -0.5496 -0.3505 -0.4809 0.817 0.0852 -0.5684 -0.0464 0.4903 0.4036 -0.6432 0.4279 0.6284 -0.1922 -0.6371 -0.403 0.8831 0.14 0.4473 -0.0204 0.479 0.555 -0.3287 0.5954 0.4685 -0.3704 -0.6432 -0.4792 0.9412 0.0178 0.3354 0.0359
0.7417 -0.1718 -0.5759 -0.298 0.5908 -0.5126 -0.5857 -0.2127 0.5863 -0.5496 -0.3505 -0.4809 0.817 0.0852 -0.5684 -0.0464 0.4903 0.4036 -0.6432 0.4279 0.6284 -0.1922 -0.6371 -0.403 0.8831 0.14 0.4473 -0.0204 0.479 0.555 -0.3287 0.5954 0.4685 -0.3704 -0.6432 -0.4792 0.9412 0.0178 0.3354 0.0359
0.7417 -0.1718 -0.5759 -0.298 0.5908 -0.5126 -0.5857 -0.2127 0.5895 -0.5401 -0.3684 -0.4744 0.817 0.0852 -0.5684 -0.0464 0.5047 0.3997 -0.6309 0.433 0.6186 -0.1609 -0.6323 -0.4377 0.8831 0.14 0.4473 -0.0204 0.4653 0.5724 -0.3513 0.5765 0.4685 -0.3704 -0.6432 -0.4792 0.9412 0.0178 0.3354 0.0359
0.7417 -0.1718 -0.5759 -0.298 0.5908 -0.5126 -0.5857 -0.2127 0.5895 -0.5401 -0.3684 -0.4744 0.817 0.0852 -0.5684 -0.0464 0.5047 0.3997 -0.6309 0.433 0.6186 -0.1609 -0.6323 -0.4377 0.8831 0.14 0.4473 -0.0204 0.4653 0.5724 -0.3513 0.5765 0.4685 -0.3704 -0.6432 -0.4792 0.9412 0.0178 0.3354 0.0359
0.7452 -0.1981 -0.5499 -0.3212 0.5953 -0.531 -0.561 -0.2211 0.5895 -0.5401 -0.3684 -0.4744 0.8054 0.0961 -0.5829 -0.0493 0.5047 0.3997 -0.6309 0.433 0.6186 -0.1609 -0.6323 -0.4377 0.8425 0.1497 0.5171 -0.0217 0.4653 0.5724 -0.3513 0.5765 0.4685 -0.3704 -0.6432 -0.4792 0.9529 0.0034 0.3029 0.015
0.7452 -0.1981 -0.5499 -0.3212 0.5953 -0.531 -0.561 -0.2211 0.5895 -0.5401 -0.3684 -0.4744 0.8054 0.0961 -0.5829 -0.0493 0.5047 0.3997 -0.6309 0.433 0.6186 -0.1609 -0.6323 -0.4377 0.8425 0.1497 0.5171 -0.0217 0.4653 0.5724 -0.3513 0.5765 0.4685 -0.3704 -0.6432 -0.4792 0.9529 0.0034 0.3029 0.015
0.7452 -0.1981 -0.5499 -0.3212 0.5953 -0.531 -0.561 -0.2211 0.5895 -0.5401 -0.3684 -0.4744 0.8054 0.0961 -0.5829 -0.0493 0.5047 0.3997 -0.6309 0.433 0.6186 -0.1609 -0.6323 -0.4377 0.8425 0.1497 0.5171 -0.0217 0.4653 0.5724 -0.3513 0.5765 0.4847 -0.4091 -0.6201 -0.4618 0.9529 0.0034 0.3029 0.015
0.7452 -0.1981 -0.5499 -0.3212 0.5953 -0.531 -0.561 -0.2211 0.5895 -0.5401 -0.3684 -0.4744 0.8054 0.0961 -0.5829 -0.0493 0.5047 0.3997 -0.6309 0.433 0.6186 -0.1609 -0.6323 -0.4377 0.8425 0.1497 0.5171 -0.0217 0.4653 0.5724 -0.3513 0.5765 0.4847 -0.4091 -0.6201 -0.4618 0.9529 0.0034 0.3029 0.015
0.7452 -0.1981 -0.5499 -0.3212 0.5953 -0.531 -0.561 -0.2211 0.5895 -0.5401 -0.3684 -0.4744 0.8054 0.0961 -0.5829 -0.0493 0.5047 0.3997 -0.6309 0.433 0.6186 -0.1609 -0.6323 -0.4377 0.8425 0.1497 0.5171 -0.0217 0.4653 0.5724 -0.3513 0.5765 0.4847 -0.4091 -0.6201 -0.4618 0.9529 0.0034 0.3029 0.015
0.7452 -0.1981 -0.5499 -0.3212 0.5953 -0.531 -0.561 -0.2211 0.5895 -0.5401 -0.3684 -0.4744 0.8054 0.0961 -0.5829 -0.0493 0.5079 0.3884 -0.616 0.4601 0.6064 -0.1234 -0.6246 -0.4763 0.8425 0.1497 0.5171 -0.0217 0.4349 0.5978 -0.3399 0.5813 0.4847 -0.4091 -0.6201 -0.4618 0.9529 0.0034 0.3029 0.015
0.7452 -0.1981 -0.5499 -0.3212 0.5963 -0.5418 -0.5381 -0.2476 0.5895 -0.5401 -0.3684 -0.4744 0.7894 0.1113 -0.5963 -0.0948 0.5079 0.3884 -0.616 0.4601 0.6064 -0.1234 -0.6246 -0.4763 0.8425 0.1497 0.5171 -0.0217 0.4349 0.5978 -0.3399 0.5813 0.4847 -0.4091 -0.6201 -0.4618 0.9529 0.0034 0.3029 0.015
0.7452 -0.1981 -0.5499 -0.3212 0.5963 -0.5418 -0.5381 -0.2476 0.5895 -0.5401 -0.3684 -0.4744 0.7894 0.1113 -0.5963 -0.0948 0.5079 0.3884 -0.616 0.4601 0.6064 -0.1234 -0.6246 -0.4763 0.7239 0.171 0.668 -0.0223 0.4349 0.5978 -0.3399 0.5813 0.4847 -0.4091 -0.6201 -0.4618 0.9529 0.0034 0.3029 0.015
0.7452 -0.1981 -0.5499 -0.3212 0.5963 -0.5418 -0.5381 -0.2476 0.5895 -0.5401 -0.3684 -0.4744 0.7894 0.1113 -0.5963 -0.0948 0.5079 0.3884 -0.616 0.4601 0.6064 -0.1234 -0.6246 -0.4763 0.7239 0.171 0.668 -0.0223 0.4349 0.5978 -0.3399 0.5813 0.4847 -0.4091 -0.6201 -0.4618 0.9529 0.0034 0.3029 0.015
0.7452 -0.1981 -0.5499 -0.3212 0.5963 -0.5418 -0.5381 -0.2476 0.5895 -0.5401 -0.3684 -0.4744 0.7894 0.1113 -0.5963 -0.0948 0.5079 0.3884 -0.616 0.4601 0.6064 -0.1234 -0.6246 -0.4763 0.7239 0.171 0.668 -0.0223 0.4349 0.5978 -0.3399 0.5813 0.497 -0.4398 -0.6084 -0.4352 0.9529 0.0034 0.3029 0.015
0.7452 -0.1981 -0.5499 -0.3212 0.5963 -0.5418 -0.5381 -0.2476 0.5895 -0.5401 -0.3684 -0.4744 0.7894 0.1113 -0.5963 -0.0948 0.5079 0.3884 -0.616 0.4601 0.6064 -0.1234 -0.6246 -0.4763 0.7239 0.171 0.668 -0.0223 0.4349 0.5978 -0.3399 0.5813 0.497 -0.4398 -0.6084 -0.4352 0.9529 0.0034 0.3029 0.015
0.7452 -0.1981 -0.5499 -0.3212 0.5963 -0.5418 -0.5381 -0.2476 0.5895 -0.5401 -0.3684 -0.4744 0.7894 0.1113 -0.5963 -0.0948 0.5079 0.3884 -0.616 0.4601 0.6064 -0.1234 -0.6246 -0.4763 0.7239 0.171 0.668 -0.0223 0.4349 0.5978 -0.3399 0.5813 0.497 -0.4398 -0.6084 -0.4352 0.9529 0.0034 0.3029 0.015
0.7452 -0.1981 -0.5499 -0.3212 0.5963 -0.5418 -0.5381 -0.2476 0.5449 -0.5507 -0.3523 -0.525 0.7894 0.1113 -0.5963 -0.0948 0.4913 0.3426 -0.6066 0.5228 0.5778 -0.094 -0.6051 -0.5396 0.7239 0.171 0.668 -0.0223 0.4349 0.5978 -0.3399 0.5813 0.497 -0.4398 -0.6084 -0.4352 0.9529 0.0034 0.3029 0.015
0.7452 -0.1981 -0.5499 -0.3212 0.5963 -0.5418 -0.5381 -0.2476 0.5449 -0.5507 -0.3523 -0.525 0.7894 0.1113 -0.5963 -0.0948 0.4913 0.3426 -0.6066 0.5228 0.5778 -0.094 -0.6051 -0.5396 0.7239 0.171 0.668 -0.0223 0.4349 0.5978 -0.3399 0.5813 0.497 -0.4398 -0.6084 -0.4352 0.9529 0.0034 0.3029 0.015
0.7452 -0.1981 -0.5499 -0.3212 0.6112 -0.5406 -0.5225 -0.2474 0.5449 -0.5507 -0.3523 -0.525 0.7894 0.1113 -0.5963 -0.0948 0.4913 0.3426 -0.6066 0.5228 0.5778 -0.094 -0.6051 -0.5396 0.636 0.2326 0.7323 -0.0716 0.4349 0.5978 -0.3399 0.5813 0.497 -0.4398 -0.6084 -0.4352 0.9529 0.0034 0.3029 0.015
0.7489 -0.2017 -0.5233 -0.353 0.6112 -0.5406 -0.5225 -0.2474 0.5449 -0.5507 -0.3523 -0.525 0.7894 0.1113 -0.5963 -0.0948 0.4913 0.3426 -0.6066 0.5228 0.5778 -0.094 -0.6051 -0.5396 0.636 0.2326 0.7323 -0.0716 0.4349 0.5978 -0.3399 0.5813 0.497 -0.4398 -0.6084 -0.4352 0.9382 0.0101 0.3448 0.026
0.7489 -0.2017 -0.5233 -0.353 0.6112 -0.5406 -0.5225 -0.2474 0.5449 -0.5507 -0.3523 -0.525 0.7894 0.1113 -0.5963 -0.0948 0.4913 0.3426 -0.6066 0.5228 0.5778 -0.094 -0.6051 -0.5396 0.636 0.2326 0.7323 -0.0716 0.4349 0.5978 -0.3399 0.5813 0.4962 -0.4692 -0.5929 -0.4268 0.9382 0.0101 0.3448 0.026
0.7489 -0.2017 -0.5233 -0.353 0.6112 -0.5406 -0.5225 -0.2474 0.5449 -0.5507 -0.3523 -0.525 0.7894 0.1113 -0.5963 -0.0948 0.4913 0.3426 -0.6066 0.5228 0.5778 -0.094 -0.6051 -0.5396 0.636 0.2326 0.7323 -0.0716 0.4349 0.5978 -0.3399 0.5813 0.4962 -0.4692 -0.5929 -0.4268 0.9382 0.0101 0.3448 0.026
0.7489 -0.2017 -0.5233 -0.353 0.6112 -0.5406 -0.5225 -0.2474 0.5449 -0.5507 -0.3523 -0.525 0.7894 0.1113 -0.5963 -0.0948 0.4913 0.3426 -0.6066 0.5228 0.5778 -0.094 -0.6051 -0.5396 0.636 0.2326 0.7323 -0.0716 0.4349 0.5978 -0.3399 0.5813 0.4962 -0.4692 -0.5929 -0.4268 0.9382 0.0101 0.3448 0.026
0.7489 -0.2017 -0.5233 -0.353 0.6112 -0.5406 -0.5225 -0.2474 0.5159 -0.5524 -0.337 -0.5613 0.7695 0.1509 -0.592 -0.1864 0.4913 0.3426 -0.6066 0.5228 0.5778 -0.094 -0.6051 -0.5396 0.636 0.2326 0.7323 -0.0716 0.3657 0.6356 -0.345 0.5858 0.4962 -0.4692 -0.5929 -0.4268 0.9382 0.0101 0.3448 0.026
0.7489 -0.2017 -0.5233 -0.353 0.6112 -0.5406 -0.5225 -0.2474 0.5159 -0.5524 -0.337 -0.5613 0.7695 0.1509 -0.592 -0.1864 0.4913 0.3426 -0.6066 0.5228 0.5778 -0.094 -0.6051 -0.5396 0.636 0.2326 0.7323 -0.0716 0.3657 0.6356 -0.345 0.5858 0.4962 -0.4692 -0.5929 -0.4268 0.9382 0.0101 0.3448 0.026
0.7489 -0.2017 -0.5233 -0.353 0.6108 -0.5473 -0.5001 -0.278 0.5159 -0.5524 -0.337 -0.5613 0.7695 0.1509 -0.592 -0.1864 0.4913 0.3426 -0.6066 0.5228 0.5778 -0.094 -0.6051 -0.5396 0.8083 0.1678 0.5468 -0.1397 0.3657 0.6356 -0.345 0.5858 0.4962 -0.4692 -0.5929 -0.4268 0.9382 0.0101 0.3448 0.026
0.7489 -0.2017 -0.5233 -0.353 0.6108 -0.5473 -0.5001 -0.278 0.5159 -0.5524 -0.337 -0.5613 0.7695 0.1509 -0.592 -0.1864 0.4913 0.3426 -0.6066 0.5228 0.5778 -0.094 -0.6051 -0.5396 0.8083 0.1678 0.5468 -0.1397 0.3657 0.6356 -0.345 0.5858 0.4962 -0.4692 -0.5929 -0.4268 0.9382 0.0101 0.3448 0.026
0.7489 -0.2017 -0.5233 -0.353 0.6108 -0.5473 -0.5001 -0.278 0.5159 -0.5524 -0.337 -0.5613 0.7695 0.1509 -0.592 -0.1864 0.4913 0.3426 -0.6066 0.5228 0.5778 -0.094 -0.6051 -0.5396 0.8083 0.1678 0.5468 -0.1397 0.3657 0.6356 -0.345 0.5858 0.5145 -0.4702 -0.5908 -0.4063 0.9382 0.0101 0.3448 0.026
0.7489 -0.2017 -0.5233 -0.353 0.6108 -0.5473 -0.5001 -0.278 0.5159 -0.5524 -0.337 -0.5613 0.7695 0.1509 -0.592 -0.1864 0.4913 0.3426 -0.6066 0.5228 0.5778 -0.094 -0.6051 -0.5396 0.8083 0.1678 0.5468 -0.1397 0.3657 0.6356 -0.345 0.5858 0.5145 -0.4702 -0.5908 -0.4063 0.9382 0.0101 0.3448 0.026
0.7489 -0.2017 -0.5233 -0.353 0.6108 -0.5473 -0.5001 -0.278 0.5159 -0.5524 -0.337 -0.5613 0.7695 0.1509 -0.592 -0.1864 0.4913 0.3426 -0.6066 0.5228 0.5778 -0.094 -0.6051 -0.5396 0.8083 0.1678 0.5468 -0.1397 0.3309 0.6484 -0.3411 0.5948 0.5145 -0.4702 -0.5908 -0.4063 0.9382 0.0101 0.3448 0.026
0.7489 -0.2017 -0.5233 -0.353 0.6108 -0.5473 -0.5001 -0.278 0.5159 -0.5524 -0.337 -0.5613 0.7695 0.1509 -0.592 -0.1864 0.4913 0.3426 -0.6066 0.5228 0.5778 -0.094 -0.6051 -0.5396 0.8083 0.1678 0.5468 -0.1397 0.3309 0.6484 -0.3411 0.5948 0.5145 -0.4702 -0.5908 -0.4063 0.9382 0.0101 0.3448 0.026
0.7489 -0.2017 -0.5233 -0.353 0.6217 -0.5344 -0.4944 -0.2889 0.5159 -0.5524 -0.337 -0.5613 0.7628 0.1593 -0.5979 -0.1881 0.4913 0.3426 -0.6066 0.5228 0.5778 -0.094 -0.6051 -0.5396 0.9149 0.1757 0.3612 -0.0405 0.3309 0.6484 -0.3411 0.5948 0.5145 -0.4702 -0.5908 -0.4063 0.9382 0.0101 0.3448 0.026
0.7489 -0.2017 -0.5233 -0.353 0.6217 -0.5344 -0.4944 -0.2889 0.5159 -0.5524 -0.337 -0.5613 0.7628 0.1593 -0.5979 -0.1881 0.4913 0.3426 -0.6066 0.5228 0.5778 -0.094 -0.6051 -0.5396 0.9149 0.1757 0.3612 -0.0405 0.3309 0.6484 -0.3411 0.5948 0.5145 -0.4702 -0.5908 -0.4063 0.9382 0.0101 0.3448 0.026
0.7489 -0.2017 -0.5233 -0.353 0.6217 -0.5344 -0.4944 -0.2889 0.5159 -0.5524 -0.337 -0.5613 0.7628 0.1593 -0.5979 -0.1881 0.4913 0.3426 -0.6066 0.5228 0.5778 -0.094 -0.6051 -0.5396 0.9149 0.1757 0.3612 -0.0405 0.3309 0.6484 -0.3411 0.5948 0.5145 -0.4702 -0.5908 -0.4063 0.9382 0.0101 0.3448 0.026
0.7489 -0.2017 -0.5233 -0.353 0.6217 -0.5344 -0.4944 -0.2889 0.5159 -0.5524 -0.337 -0.5613 0.7628 0.1593 -0.5979 -0.1881 0.4913 0.3426 -0.6066 0.5228 0.5778 -0.094 -0.6051 -0.5396 0.9149 0.1757 0.3612 -0.0405 0.3309 0.6484 -0.3411 0.5948 0.5339 -0.4766 -0.5814 -0.3871 0.9382 0.0101 0.3448 0.026
0.7489 -0.2017 -0.5233 -0.353 0.6217 -0.5344 -0.4944 -0.2889 0.5159 -0.5524 -0.337 -0.5613 0.7628 0.1593 -0.5979 -0.1881 0.4913 0.3426 -0.6066 0.5228 0.5778 -0.094 -0.6051 -0.5396 0.9149 0.1757 0.3612 -0.0405 0.3309 0.6484 -0.3411 0.5948 0.5339 -0.4766 -0.5814 -0.3871 0.9382 0.0101 0.3448 0.026
0.7489 -0.2017 -0.5233 -0.353 0.6217 -0.5344 -0.4944 -0.2889 0.5207 -0.5532 -0.3581 -0.5428 0.7628 0.1593 -0.5979 -0.1881 0.4913 0.3426 -0.6066 0.5228 0.5778 -0.094 -0.6051 -0.5396 0.9149 0.1757 0.3612 -0.0405 0.3309 0.6484 -0.3411 0.5948 0.5339 -0.4766 -0.5814 -0.3871 0.9382 0.0101 0.3448 0.026
0.7489 -0.2017 -0.5233 -0.353 0.6217 -0.5344 -0.4944 -0.2889 0.5207 -0.5532 -0.3581 -0.5428 0.7628 0.1593 -0.5979 -0.1881 0.422 0.3372 -0.5953 0.5949 0.5778 -0.094 -0.6051 -0.5396 0.9149 0.1757 0.3612 -0.0405 0.3309 0.6484 -0.3411 0.5948 0.5339 -0.4766 -0.5814 -0.3871 0.9382 0.0101 0.3448 0.026
0.7489 -0.2017 -0.5233 -0.353 0.6186 -0.5406 -0.4775 -0.3114 0.5207 -0.5532 -0.3581 -0.5428 0.7636 0.1313 -0.6093 -0.1688 0.422 0.3372 -0.5953 0.5949 0.5778 -0.094 -0.6051 -0.5396 0.9149 0.1757 0.3612 -0.0405 0.3309 0.6484 -0.3411 0.5948 0.5339 -0.4766 -0.5814 -0.3871 0.9382 0.0101 0.3448 0.026
0.7365 -0.2065 -0.517 -0.3842 0.6186 -0.5406 -0.4775 -0.3114 0.5207 -0.5532 -0.3581 -0.5428 0.7636 0.1313 -0.6093 -0.1688 0.422 0.3372 -0.5953 0.5949 0.5778 -0.094 -0.6051 -0.5396 0.9523 0.1949 0.235 0.0038 0.3309 0.6484 -0.3411 0.5948 0.5339 -0.4766 -0.5814 -0.3871 0.9382 0.0101 0.3448 0.026
0.7365 -0.2065 -0.517 -0.3842 0.6186 -0.5406 -0.4775 -0.3114 0.5207 -0.5532 -0.3581 -0.5428 0.7636 0.1313 -0.6093 -0.1688 0.422 0.3372 -0.5953 0.5949 0.5778 -0.094 -0.6051 -0.5396 0.9523 0.1949 0.235 0.0038 0.3309 0.6484 -0.3411 0.5948 0.5339 -0.4766 -0.5814 -0.3871 0.9382 0.0101 0.3448 0.026
0.7365 -0.2065 -0.517 -0.3842 0.6186 -0.5406 -0.4775 -0.3114 0.5207 -0.5532 -0.3581 -0.5428 0.7636 0.1313 -0.6093 -0.1688 0.422 0.3372 -0.5953 0.5949 0.5778 -0.094 -0.6051 -0.5396 0.9523 0.1949 0.235 0.0038 0.3309 0.6484 -0.3411 0.5948 0.5648 -0.4766 -0.5695 -0.3598 0.9382 0.0101 0.3448 0.026
0.7365 -0.2065 -0.517 -0.3842 0.6186 -0.5406 -0.4775 -0.3114 0.5207 -0.5532 -0.3581 -0.5428 0.7636 0.1313 -0.6093 -0.1688 0.422 0.3372 -0.5953 0.5949 0.5778 -0.094 -0.6051 -0.5396 0.9523 0.1949 0.235 0.0038 0.3309 0.6484 -0.3411 0.5948 0.5648 -0.4766 -0.5695 -0.3598 0.9382 0.0101 0.3448 0.026
0.7365 -0.2065 -0.517 -0.3842 0.6186 -0.5406 -0.4775 -0.3114 0.5207 -0.5532 -0.3581 -0.5428 0.7636 0.1313 -0.6093 -0.1688 0.403 0.324 -0.608 0.6024 0.5778 -0.094 -0.6051 -0.5396 0.9523 0.1949 0.235 0.0038 0.3309 0.6484 -0.3411 0.5948 0.5648 -0.4766 -0.5695 -0.3598 0.9382 0.0101 0.3448 0.026
0.7365 -0.2065 -0.517 -0.3842 0.6186 -0.5406 -0.4775 -0.3114 0.5207 -0.5532 -0.3581 -0.5428 0.7636 0.1313 -0.6093 -0.1688 0.403 0.324 -0.608 0.6024 0.5778 -0.094 -0.6051 -0.5396 0.9523 0.1949 0.235 0.0038 0.3309 0.6484 -0.3411 0.5948 0.5648 -0.4766 -0.5695 -0.3598 0.9382 0.0101 0.3448 0.026
0.7365 -0.2065 -0.517 -0.3842 0.6186 -0.5406 -0.4775 -0.3114 0.5207 -0.5532 -0.3581 -0.5428 0.7636 0.1313 -0.6093 -0.1688 0.403 0.324 -0.608 0.6024 0.5778 -0.094 -0.6051 -0.5396 0.9523 0.1949 0.235 0.0038 0.3309 0.6484 -0.3411 0.5948 0.5648 -0.4766 -0.5695 -0.3598 0.9382 0.0101 0.3448 0.026
0.7458 -0.2042 -0.5092 -0.3779 0.6257 -0.5463 -0.472 -0.2954 0.5207 -0.5532 -0.3581 -0.5428 0.7791 0.1238 -0.6074 -0.0941 0.403 0.324 -0.608 0.6024 0.5778 -0.094 -0.6051 -0.5396 0.9508 0.2194 0.2128 0.0501 0.3309 0.6484 -0.3411 0.5948 0.5648 -0.4766 -0.5695 -0.3598 0.9123 -0.0127 0.4092 0.0102
0.7458 -0.2042 -0.5092 -0.3779 0.6257 -0.5463 -0.472 -0.2954 0.5207 -0.5532 -0.3581 -0.5428 0.7791 0.1238 -0.6074 -0.0941 0.403 0.324 -0.608 0.6024 0.5778 -0.094 -0.6051 -0.5396 0.9508 0.2194 0.2128 0.0501 0.3309 0.6484 -0.3411 0.5948 0.5648 -0.4766 -0.5695 -0.3598 0.9123 -0.0127 0.4092 0.0102
0.7458 -0.2042 -0.5092 -0.3779 0.6257 -0.5463 -0.472 -0.2954 0.5207 -0.5532 -0.3581 -0.5428 0.7791 0.1238 -0.6074 -0.0941 0.403 0.324 -0.608 0.6024 0.5778 -0.094 -0.6051 -0.5396 0.9508 0.2194 0.2128 0.0501 0.3309 0.6484 -0.3411 0.5948 0.6038 -0.4723 -0.5505 -0.3306 0.9123 -0.0127 0.4092 0.0102
0.7458 -0.2042 -0.5092 -0.3779 0.6257 -0.5463 -0.472 -0.2954 0.5207 -0.5532 -0.3581 -0.5428 0.7791 0.1238 -0.6074 -0.0941 0.403 0.324 -0.608 0.6024 0.5778 -0.094 -0.6051 -0.5396 0.9508 0.2194 0.2128 0.0501 0.3309 0.6484 -0.3411 0.5948 0.6038 -0.4723 -0.5505 -0.3306 0.9123 -0.0127 0.4092 0.0102
0.7458 -0.2042 -0.5092 -0.3779 0.6257 -0.5463 -0.472 -0.2954 0.5757 -0.5242 -0.4163 -0.4695 0.7791 0.1238 -0.6074 -0.0941 0.403 0.324 -0.608 0.6024 0.5778 -0.094 -0.6051 -0.5396 0.9508 0.2194 0.2128 0.0501 0.3309 0.6484 -0.3411 0.5948 0.6038 -0.4723 -0.5505 -0.3306 0.9123 -0.0127 0.4092 0.0102
0.7458 -0.2042 -0.5092 -0.3779 0.6257 -0.5463 -0.472 -0.2954 0.5757 -0.5242 -0.4163 -0.4695 0.7791 0.1238 -0.6074 -0.0941 0.3978 0.3451 -0.6119 0.5901 0.5778 -0.094 -0.6051 -0.5396 0.9508 0.2194 0.2128 0.0501 0.3309 0.6484 -0.3411 0.5948 0.6038 -0.4723 -0.5505 -0.3306 0.9123 -0.0127 0.4092 0.0102
0.7458 -0.2042 -0.5092 -0.3779 0.6257 -0.5463 -0.472 -0.2954 0.5757 -0.5242 -0.4163 -0.4695 0.7791 0.1238 -0.6074 -0.0941 0.3978 0.3451 -0.6119 0.5901 0.5778 -0.094 -0.6051 -0.5396 0.9508 0.2194 0.2128 0.0501 0.3309 0.6484 -0.3411 0.5948 0.6038 -0.4723 -0.5505 -0.3306 0.9123 -0.0127 0.4092 0.0102
0.7458 -0.2042 -0.5092 -0.3779 0.6318 -0.5559 -0.4711 -0.2642 0.5757 -0.5242 -0.4163 -0.4695 0.7975 0.1148 -0.5914 -0.0318 0.3978 0.3451 -0.6119 0.5901 0.5778 -0.094 -0.6051 -0.5396 0.9465 0.2186 0.2268 0.0703 0.3309 0.6484 -0.3411 0.5948 0.6038 -0.4723 -0.5505 -0.3306 0.8942 -0.0323 0.4465 -0.0046
0.7458 -0.2042 -0.5092 -0.3779 0.6318 -0.5559 -0.4711 -0.2642 0.5757 -0.5242 -0.4163 -0.4695 0.7975 0.1148 -0.5914 -0.0318 0.3978 0.3451 -0.6119 0.5901 0.5778 -0.094 -0.6051 -0.5396 0.9465 0.2186 0.2268 0.0703 0.3309 0.6484 -0.3411 0.5948 0.6038 -0.4723 -0.5505 -0.3306 0.8942 -0.0323 0.4465 -0.0046
0.7458 -0.2042 -0.5092 -0.3779 0.6318 -0.5559 -0.4711 -0.2642 0.5757 -0.5242 -0.4163 -0.4695 0.7975 0.1148 -0.5914 -0.0318 0.3978 0.3451 -0.6119 0.5901 0.5778 -0.094 -0.6051 -0.5396 0.9465 0.2186 0.2268 0.0703 0.3309 0.6484 -0.3411 0.5948 0.6391 -0.4683 -0.5239 -0.3128 0.8942 -0.0323 0.4465 -0.0046
0.7458 -0.2042 -0.5092 -0.3779 0.6318 -0.5559 -0.4711 -0.2642 0.5757 -0.5242 -0.4163 -0.4695 0.7975 0.1148 -0.5914 -0.0318 0.3978 0.3451 -0.6119 0.5901 0.5778 -0.094 -0.6051 -0.5396 0.9465 0.2186 0.2268 0.0703 0.3309 0.6484 -0.3411 0.5948 0.6391 -0.4683 -0.5239 -0.3128 0.8942 -0.0323 0.4465 -0.0046
0.7458 -0.2042 -0.5092 -0.3779 0.6318 -0.5559 -0.4711 -0.2642 0.5757 -0.5242 -0.4163 -0.4695 0.7975 0.1148 -0.5914 -0.0318 0.3978 0.3451 -0.6119 0.5901 0.5778 -0.094 -0.6051 -0.5396 0.9465 0.2186 0.2268 0.0703 0.3309 0.6484 -0.3411 0.5948 0.6391 -0.4683 -0.5239 -0.3128 0.8942 -0.0323 0.4465 -0.0046
0.7458 -0.2042 -0.5092 -0.3779 0.6318 -0.5559 -0.4711 -0.2642 0.5757 -0.5242 -0.4163 -0.4695 0.7975 0.1148 -0.5914 -0.0318 0.3822 0.3876 -0.606 0.58 0.5778 -0.094 -0.6051 -0.5396 0.9465 0.2186 0.2268 0.0703 0.3309 0.6484 -0.3411 0.5948 0.6391 -0.4683 -0.5239 -0.3128 0.8942 -0.0323 0.4465 -0.0046
0.7458 -0.2042 -0.5092 -0.3779 0.6378 -0.5611 -0.4776 -0.2242 0.5757 -0.5242 -0.4163 -0.4695 0.8116 0.1319 -0.5684 0.0284 0.3822 0.3876 -0.606 0.58 0.5778 -0.094 -0.6051 -0.5396 0.9438 0.1406 0.295 0.0489 0.3309 0.6484 -0.3411 0.5948 0.6391 -0.4683 -0.5239 -0.3128 0.8942 -0.0323 0.4465 -0.0046
0.7795 -0.1923 -0.4974 -0.3286 0.6378 -0.5611 -0.4776 -0.2242 0.5757 -0.5242 -0.4163 -0.4695 0.8116 0.1319 -0.5684 0.0284 0.3822 0.3876 -0.606 0.58 0.5778 -0.094 -0.6051 -0.5396 0.9438 0.1406 0.295 0.0489 0.3309 0.6484 -0.3411 0.5948 0.6391 -0.4683 -0.5239 -0.3128 0.8942 -0.0323 0.4465 -0.0046
0.7795 -0.1923 -0.4974 -0.3286 0.6378 -0.5611 -0.4776 -0.2242 0.5757 -0.5242 -0.4163 -0.4695 0.8116 0.1319 -0.5684 0.0284 0.3822 0.3876 -0.606 0.58 0.5778 -0.094 -0.6051 -0.5396 0.9438 0.1406 0.295 0.0489 0.3309 0.6484 -0.3411 0.5948 0.6391 -0.4683 -0.5239 -0.3128 0.8942 -0.0323 0.4465 -0.0046
0.7795 -0.1923 -0.4974 -0.3286 0.6378 -0.5611 -0.4776 -0.2242 0.5757 -0.5242 -0.4163 -0.4695 0.8116 0.1319 -0.5684 0.0284 0.3822 0.3876 -0.606 0.58 0.5778 -0.094 -0.6051 -0.5396 0.9438 0.1406 0.295 0.0489 0.3309 0.6484 -0.3411 0.5948 0.678 -0.5056 -0.4637 -0.2639 0.8942 -0.0323 0.4465 -0.0046
0.7795 -0.1923 -0.4974 -0.3286 0.6378 -0.5611 -0.4776 -0.2242 0.5757 -0.5242 -0.4163 -0.4695 0.8116 0.1319 -0.5684 0.0284 0.3822 0.3876 -0.606 0.58 0.5778 -0.094 -0.6051 -0.5396 0.9438 0.1406 0.295 0.0489 0.3309 0.6484 -0.3411 0.5948 0.678 -0.5056 -0.4637 -0.2639 0.8942 -0.0323 0.4465 -0.0046
0.7795 -0.1923 -0.4974 -0.3286 0.6378 -0.5611 -0.4776 -0.2242 0.5757 -0.5242 -0.4163 -0.4695 0.8116 0.1319 -0.5684 0.0284 0.3822 0.3876 -0.606 0.58 0.5778 -0.094 -0.6051 -0.5396 0.9438 0.1406 0.295 0.0489 0.3309 0.6484 -0.3411 0.5948 0.678 -0.5056 -0.4637 -0.2639 0.8942 -0.0323 0.4465 -0.0046
0.7795 -0.1923 -0.4974 -0.3286 0.6378 -0.5611 -0.4776 -0.2242 0.6169 -0.4922 -0.4395 -0.429 0.8116 0.1319 -0.5684 0.0284 0.3799 0.3887 -0.6165 0.5696 0.6932 -0.3164 -0.5931 -0.2599 0.9438 0.1406 0.295 0.0489 0.3309 0.6484 -0.3411 0.5948 0.678 -0.5056 -0.4637 -0.2639 0.8942 -0.0323 0.4465 -0.0046
0.7795 -0.1923 -0.4974 -0.3286 0.6378 -0.5611 -0.4776 -0.2242 0.6169 -0.4922 -0.4395 -0.429 0.8116 0.1319 -0.5684 0.0284 0.3799 0.3887 -0.6165 0.5696 0.6932 -0.3164 -0.5931 -0.2599 0.9438 0.1406 0.295 0.0489 0.3309 0.6484 -0.3411 0.5948 0.678 -0.5056 -0.4637 -0.2639 0.8942 -0.0323 0.4465 -0.0046
0.8031 -0.1639 -0.4917 -0.2939 0.6492 -0.5601 -0.4819 -0.1804 0.6169 -0.4922 -0.4395 -0.429 0.8151 0.14 -0.5609 0.0392 0.3799 0.3887 -0.6165 0.5696 0.6932 -0.3164 -0.5931 -0.2599 0.9352 0.1089 0.3349 0.0374 0.3309 0.6484 -0.3411 0.5948 0.678 -0.5056 -0.4637 -0.2639 0.7377 -0.081 0.6702 4.0E-4
0.8031 -0.1639 -0.4917 -0.2939 0.6492 -0.5601 -0.4819 -0.1804 0.6169 -0.4922 -0.4395 -0.429 0.8151 0.14 -0.5609 0.0392 0.3799 0.3887 -0.6165 0.5696 0.6932 -0.3164 -0.5931 -0.2599 0.9352 0.1089 0.3349 0.0374 0.3309 0.6484 -0.3411 0.5948 0.678 -0.5056 -0.4637 -0.2639 0.7377 -0.081 0.6702 4.0E-4
0.8031 -0.1639 -0.4917 -0.2939 0.6492 -0.5601 -0.4819 -0.1804 0.6169 -0.4922 -0.4395 -0.429 0.8151 0.14 -0.5609 0.0392 0.3799 0.3887 -0.6165 0.5696 0.6932 -0.3164 -0.5931 -0.2599 0.9352 0.1089 0.3349 0.0374 0.3309 0.6484 -0.3411 0.5948 0.7623 -0.4894 -0.3859 -0.1742 0.7377 -0.081 0.6702 4.0E-4
0.8031 -0.1639 -0.4917 -0.2939 0.6492 -0.5601 -0.4819 -0.1804 0.6169 -0.4922 -0.4395 -0.429 0.8151 0.14 -0.5609 0.0392 0.3799 0.3887 -0.6165 0.5696 0.6932 -0.3164 -0.5931 -0.2599 0.9352 0.1089 0.3349 0.0374 0.3309 0.6484 -0.3411 0.5948 0.7623 -0.4894 -0.3859 -0.1742 0.7377 -0.081 0.6702 4.0E-4
0.8031 -0.1639 -0.4917 -0.2939 0.6492 -0.5601 -0.4819 -0.1804 0.6169 -0.4922 -0.4395 -0.429 0.8151 0.14 -0.5609 0.0392 0.3799 0.3887 -0.6165 0.5696 0.6932 -0.3164 -0.5931 -0.2599 0.9352 0.1089 0.3349 0.0374 0.3309 0.6484 -0.3411 0.5948 0.7623 -0.4894 -0.3859 -0.1742 0.7377 -0.081 0.6702 4.0E-4
0.8031 -0.1639 -0.4917 -0.2939 0.6492 -0.5601 -0.4819 -0.1804 0.5858 -0.5154 -0.412 -0.4706 0.8151 0.14 -0.5609 0.0392 0.3417 0.3552 -0.6204 0.61 0.6705 -0.2122 -0.6562 -0.2737 0.9352 0.1089 0.3349 0.0374 0.3506 0.5692 -0.218 0.7111 0.7623 -0.4894 -0.3859 -0.1742 0.7377 -0.081 0.6702 4.0E-4
0.8031 -0.1639 -0.4917 -0.2939 0.6351 -0.6063 -0.4637 -0.1191 0.5858 -0.5154 -0.412 -0.4706 0.8007 0.1265 -0.5833 -0.051 0.3417 0.3552 -0.6204 0.61 0.6705 -0.2122 -0.6562 -0.2737 0.9352 0.1089 0.3349 0.0374 0.3506 0.5692 -0.218 0.7111 0.7623 -0.4894 -0.3859 -0.1742 0.5991 -0.0751 0.7957 0.0489
0.8099 -0.2175 -0.4457 -0.3133 0.6351 -0.6063 -0.4637 -0.1191 0.5858 -0.5154 -0.412 -0.4706 0.8007 0.1265 -0.5833 -0.051 0.3417 0.3552 -0.6204 0.61 0.6705 -0.2122 -0.6562 -0.2737 0.9352 0.1089 0.3349 0.0374 0.3506 0.5692 -0.218 0.7111 0.7623 -0.4894 -0.3859 -0.1742 0.5991 -0.0751 0.7957 0.0489
0.8099 -0.2175 -0.4457 -0.3133 0.6351 -0.6063 -0.4637 -0.1191 0.5858 -0.5154 -0.412 -0.4706 0.8007 0.1265 -0.5833 -0.051 0.3417 0.3552 -0.6204 0.61 0.6705 -0.2122 -0.6562 -0.2737 0.9352 0.1089 0.3349 0.0374 0.3506 0.5692 -0.218 0.7111 0.7623 -0.4894 -0.3859 -0.1742 0.5991 -0.0751 0.7957 0.0489
0.8099 -0.2175 -0.4457 -0.3133 0.6351 -0.6063 -0.4637 -0.1191 0.5858 -0.5154 -0.412 -0.4706 0.8007 0.1265 -0.5833 -0.051 0.3417 0.3552 -0.6204 0.61 0.6705 -0.2122 -0.6562 -0.2737 0.9352 0.1089 0.3349 0.0374 0.3506 0.5692 -0.218 0.7111 0.8186 -0.4498 -0.3366 -0.1194 0.5991 -0.0751 0.7957 0.0489
0.8099 -0.2175 -0.4457 -0.3133 0.6351 -0.6063 -0.4637 -0.1191 0.5858 -0.5154 -0.412 -0.4706 0.8007 0.1265 -0.5833 -0.051 0.3417 0.3552 -0.6204 0.61 0.6705 -0.2122 -0.6562 -0.2737 0.9352 0.1089 0.3349 0.0374 0.3506 0.5692 -0.218 0.7111 0.8186 -0.4498 -0.3366 -0.1194 0.5991 -0.0751 0.7957 0.0489
0.8099 -0.2175 -0.4457 -0.3133 0.6351 -0.6063 -0.4637 -0.1191 0.5322 -0.5244 -0.3619 -0.5574 0.8007 0.1265 -0.5833 -0.051 0.3417 0.3552 -0.6204 0.61 0.6705 -0.2122 -0.6562 -0.2737 0.9352 0.1089 0.3349 0.0374 0.3506 0.5692 -0.218 0.7111 0.8186 -0.4498 -0.3366 -0.1194 0.5991 -0.0751 0.7957 0.0489
0.8099 -0.2175 -0.4457 -0.3133 0.6351 -0.6063 -0.4637 -0.1191 0.5322 -0.5244 -0.3619 -0.5574 0.8007 0.1265 -0.5833 -0.051 0.3417 0.3552 -0.6204 0.61 0.6705 -0.2122 -0.6562 -0.2737 0.9352 0.1089 0.3349 0.0374 0.346 0.5787 -0.1628 0.7203 0.8186 -0.4498 -0.3366 -0.1194 0.5991 -0.0751 0.7957 0.0489
0.8099 -0.2175 -0.4457 -0.3133 0.6303 -0.6094 -0.4644 -0.1257 0.5322 -0.5244 -0.3619 -0.5574 0.8007 0.1265 -0.5833 -0.051 0.3417 0.3552 -0.6204 0.61 0.6705 -0.2122 -0.6562 -0.2737 0.9352 0.1089 0.3349 0.0374 0.346 0.5787 -0.1628 0.7203 0.8186 -0.4498 -0.3366 -0.1194 0.5991 -0.0751 0.7957 0.0489
0.7943 -0.2303 -0.4522 -0.334 0.6303 -0.6094 -0.4644 -0.1257 0.5322 -0.5244 -0.3619 -0.5574 0.8007 0.1265 -0.5833 -0.051 0.3417 0.3552 -0.6204 0.61 0.6705 -0.2122 -0.6562 -0.2737 0.935 0.0816 0.3447 0.0186 0.346 0.5787 -0.1628 0.7203 0.8186 -0.4498 -0.3366 -0.1194 0.5226 -0.0497 0.8466 0.088
0.7943 -0.2303 -0.4522 -0.334 0.6303 -0.6094 -0.4644 -0.1257 0.5322 -0.5244 -0.3619 -0.5574 0.8007 0.1265 -0.5833 -0.051 0.3417 0.3552 -0.6204 0.61 0.6705 -0.2122 -0.6562 -0.2737 0.935 0.0816 0.3447 0.0186 0.346 0.5787 -0.1628 0.7203 0.8186 -0.4498 -0.3366 -0.1194 0.5226 -0.0497 0.8466 0.088
0.7943 -0.2303 -0.4522 -0.334 0.6303 -0.6094 -0.4644 -0.1257 0.5322 -0.5244 -0.3619 -0.5574 0.8007 0.1265 -0.5833 -0.051 0.3417 0.3552 -0.6204 0.61 0.6705 -0.2122 -0.6562 -0.2737 0.935 0.0816 0.3447 0.0186 0.346 0.5787 -0.1628 0.7203 0.821 -0.4431 -0.3379 -0.1245 0.5226 -0.0497 0.8466 0.088
0.7943 -0.2303 -0.4522 -0.334 0.6303 -0.6094 -0.4644 -0.1257 0.4936 -0.5129 -0.3928 -0.5823 0.8007 0.1265 -0.5833 -0.051 0.3417 0.3552 -0.6204 0.61 0.6705 -0.2122 -0.6562 -0.2737 0.935 0.0816 0.3447 0.0186 0.346 0.5787 -0.1628 0.7203 0.821 -0.4431 -0.3379 -0.1245 0.5226 -0.0497 0.8466 0.088
0.7943 -0.2303 -0.4522 -0.334 0.6303 -0.6094 -0.4644 -0.1257 0.4936 -0.5129 -0.3928 -0.5823 0.8007 0.1265 -0.5833 -0.051 0.3417 0.3552 -0.6204 0.61 0.6705 -0.2122 -0.6562 -0.2737 0.935 0.0816 0.3447 0.0186 0.346 0.5787 -0.1628 0.7203 0.821 -0.4431 -0.3379 -0.1245 0.5226 -0.0497 0.8466 0.088
0.7943 -0.2303 -0.4522 -0.334 0.6303 -0.6094 -0.4644 -0.1257 0.4936 -0.5129 -0.3928 -0.5823 0.7143 0.259 -0.6213 -0.1917 0.3318 0.3723 -0.6342 0.5908 0.6705 -0.2122 -0.6562 -0.2737 0.935 0.0816 0.3447 0.0186 0.3464 0.566 -0.2108 0.7178 0.821 -0.4431 -0.3379 -0.1245 0.5226 -0.0497 0.8466 0.088
0.7943 -0.2303 -0.4522 -0.334 0.6303 -0.6094 -0.4644 -0.1257 0.4936 -0.5129 -0.3928 -0.5823 0.7143 0.259 -0.6213 -0.1917 0.3318 0.3723 -0.6342 0.5908 0.6705 -0.2122 -0.6562 -0.2737 0.935 0.0816 0.3447 0.0186 0.3464 0.566 -0.2108 0.7178 0.821 -0.4431 -0.3379 -0.1245 0.5226 -0.0497 0.8466 0.088
0.7875 -0.2055 -0.4639 -0.35 0.6447 -0.5663 -0.4879 -0.1597 0.4936 -0.5129 -0.3928 -0.5823 0.7143 0.259 -0.6213 -0.1917 0.3318 0.3723 -0.6342 0.5908 0.6705 -0.2122 -0.6562 -0.2737 0.9341 0.0789 0.3477 0.0158 0.3464 0.566 -0.2108 0.7178 0.821 -0.4431 -0.3379 -0.1245 0.5169 -0.0466 0.8532 0.0513
0.7875 -0.2055 -0.4639 -0.35 0.6447 -0.5663 -0.4879 -0.1597 0.4936 -0.5129 -0.3928 -0.5823 0.7143 0.259 -0.6213 -0.1917 0.3318 0.3723 -0.6342 0.5908 0.6705 -0.2122 -0.6562 -0.2737 0.9341 0.0789 0.3477 0.0158 0.3464 0.566 -0.2108 0.7178 0.821 -0.4431 -0.3379 -0.1245 0.5169 -0.0466 0.8532 0.0513
0.7875 -0.2055 -0.4639 -0.35 0.6447 -0.5663 -0.4879 -0.1597 0.4936 -0.5129 -0.3928 -0.5823 0.7143 0.259 -0.6213 -0.1917 0.3318 0.3723 -0.6342 0.5908 0.6705 -0.2122 -0.6562 -0.2737 0.9341 0.0789 0.3477 0.0158 0.3464 0.566 -0.2108 0.7178 0.821 -0.4431 -0.3379 -0.1245 0.5169 -0.0466 0.8532 0.0513
0.7875 -0.2055 -0.4639 -0.35 0.6447 -0.5663 -0.4879 -0.1597 0.4936 -0.5129 -0.3928 -0.5823 0.7143 0.259 -0.6213 -0.1917 0.3318 0.3723 -0.6342 0.5908 0.6705 -0.2122 -0.6562 -0.2737 0.9341 0.0789 0.3477 0.0158 0.3464 0.566 -0.2108 0.7178 0.8064 -0.4417 -0.3647 -0.1472 0.5169 -0.0466 0.8532 0.0513
0.7875 -0.2055 -0.4639 -0.35 0.6447 -0.5663 -0.4879 -0.1597 0.4926 -0.5278 -0.4005 -0.5643 0.7143 0.259 -0.6213 -0.1917 0.3318 0.3723 -0.6342 0.5908 0.6705 -0.2122 -0.6562 -0.2737 0.9341 0.0789 0.3477 0.0158 0.3464 0.566 -0.2108 0.7178 0.8064 -0.4417 -0.3647 -0.1472 0.5169 -0.0466 0.8532 0.0513
0.7875 -0.2055 -0.4639 -0.35 0.6447 -0.5663 -0.4879 -0.1597 0.4926 -0.5278 -0.4005 -0.5643 0.7143 0.259 -0.6213 -0.1917 0.3429 0.4059 -0.628 0.5686 0.6705 -0.2122 -0.6562 -0.2737 0.9341 0.0789 0.3477 0.0158 0.3464 0.566 -0.2108 0.7178 0.8064 -0.4417 -0.3647 -0.1472 0.5169 -0.0466 0.8532 0.0513
0.7875 -0.2055 -0.4639 -0.35 0.6447 -0.5663 -0.4879 -0.1597 0.4926 -0.5278 -0.4005 -0.5643 0.7143 0.259 -0.6213 -0.1917 0.3429 0.4059 -0.628 0.5686 0.6705 -0.2122 -0.6562 -0.2737 0.9341 0.0789 0.3477 0.0158 0.3464 0.566 -0.2108 0.7178 0.8064 -0.4417 -0.3647 -0.1472 0.5169 -0.0466 0.8532 0.0513
0.7745 -0.183 -0.4819 -0.3667 0.6459 -0.548 -0.4882 -0.2103 0.4926 -0.5278 -0.4005 -0.5643 0.648 0.2791 -0.6409 -0.3024 0.3429 0.4059 -0.628 0.5686 0.6705 -0.2122 -0.6562 -0.2737 0.9341 0.0809 0.3473 0.017 0.3464 0.566 -0.2108 0.7178 0.8064 -0.4417 -0.3647 -0.1472 0.5222 -0.0634 0.8492 0.0453
0.7745 -0.183 -0.4819 -0.3667 0.6459 -0.548 -0.4882 -0.2103 0.4926 -0.5278 -0.4005 -0.5643 0.648 0.2791 -0.6409 -0.3024 0.3429 0.4059 -0.628 0.5686 0.6705 -0.2122 -0.6562 -0.2737 0.9341 0.0809 0.3473 0.017 0.3464 0.566 -0.2108 0.7178 0.8064 -0.4417 -0.3647 -0.1472 0.5222 -0.0634 0.8492 0.0453
0.7745 -0.183 -0.4819 -0.3667 0.6459 -0.548 -0.4882 -0.2103 0.4926 -0.5278 -0.4005 -0.5643 0.648 0.2791 -0.6409 -0.3024 0.3429 0.4059 -0.628 0.5686 0.6705 -0.2122 -0.6562 -0.2737 0.9341 0.0809 0.3473 0.017 0.3464 0.566 -0.2108 0.7178 0.8081 -0.4225 -0.3848 -0.1426 0.5222 -0.0634 0.8492 0.0453
0.7745 -0.183 -0.4819 -0.3667 0.6459 -0.548 -0.4882 -0.2103 0.4926 -0.5278 -0.4005 -0.5643 0.648 0.2791 -0.6409 -0.3024 0.3429 0.4059 -0.628 0.5686 0.6705 -0.2122 -0.6562 -0.2737 0.9341 0.0809 0.3473 0.017 0.3464 0.566 -0.2108 0.7178 0.8081 -0.4225 -0.3848 -0.1426 0.5222 -0.0634 0.8492 0.0453
0.7745 -0.183 -0.4819 -0.3667 0.6459 -0.548 -0.4882 -0.2103 0.4926 -0.5278 -0.4005 -0.5643 0.648 0.2791 -0.6409 -0.3024 0.3429 0.4059 -0.628 0.5686 0.6705 -0.2122 -0.6562 -0.2737 0.9341 0.0809 0.3473 0.017 0.3464 0.566 -0.2108 0.7178 0.8081 -0.4225 -0.3848 -0.1426 0.5222 -0.0634 0.8492 0.0453
0.7745 -0.183 -0.4819 -0.3667 0.6459 -0.548 -0.4882 -0.2103 0.5029 -0.5347 -0.3962 -0.5516 0.648 0.2791 -0.6409 -0.3024 0.3564 0.4281 -0.6232 0.5489 0.6492 -0.1667 -0.6804 -0.2963 0.9341 0.0809 0.3473 0.017 0.2871 0.5604 -0.2644 0.7305 0.8081 -0.4225 -0.3848 -0.1426 0.5222 -0.0634 0.8492 0.0453
0.7745 -0.183 -0.4819 -0.3667 0.6459 -0.548 -0.4882 -0.2103 0.5029 -0.5347 -0.3962 -0.5516 0.648 0.2791 -0.6409 -0.3024 0.3564 0.4281 -0.6232 0.5489 0.6492 -0.1667 -0.6804 -0.2963 0.9341 0.0809 0.3473 0.017 0.2871 0.5604 -0.2644 0.7305 0.8081 -0.4225 -0.3848 -0.1426 0.5222 -0.0634 0.8492 0.0453
0.7636 -0.1909 -0.4816 -0.3853 0.6448 -0.5478 -0.4781 -0.2355 0.5029 -0.5347 -0.3962 -0.5516 0.6085 0.2825 -0.6627 -0.3329 0.3564 0.4281 -0.6232 0.5489 0.6492 -0.1667 -0.6804 -0.2963 0.9343 0.0768 0.3478 0.0164 0.2871 0.5604 -0.2644 0.7305 0.8081 -0.4225 -0.3848 -0.1426 0.5325 -0.0648 0.843 0.0391
0.7636 -0.1909 -0.4816 -0.3853 0.6448 -0.5478 -0.4781 -0.2355 0.5029 -0.5347 -0.3962 -0.5516 0.6085 0.2825 -0.6627 -0.3329 0.3564 0.4281 -0.6232 0.5489 0.6492 -0.1667 -0.6804 -0.2963 0.9343 0.0768 0.3478 0.0164 0.2871 0.5604 -0.2644 0.7305 0.8081 -0.4225 -0.3848 -0.1426 0.5325 -0.0648 0.843 0.0391
0.7636 -0.1909 -0.4816 -0.3853 0.6448 -0.5478 -0.4781 -0.2355 0.5029 -0.5347 -0.3962 -0.5516 0.6085 0.2825 -0.6627 -0.3329 0.3564 0.4281 -0.6232 0.5489 0.6492 -0.1667 -0.6804 -0.2963 0.9343 0.0768 0.3478 0.0164 0.2871 0.5604 -0.2644 0.7305 0.8011 -0.4329 -0.3885 -0.1413 0.5325 -0.0648 0.843 0.0391
0.7636 -0.1909 -0.4816 -0.3853 0.6448 -0.5478 -0.4781 -0.2355 0.5029 -0.5347 -0.3962 -0.5516 0.6085 0.2825 -0.6627 -0.3329 0.3564 0.4281 -0.6232 0.5489 0.6492 -0.1667 -0.6804 -0.2963 0.9343 0.0768 0.3478 0.0164 0.2871 0.5604 -0.2644 0.7305 0.8011 -0.4329 -0.3885 -0.1413 0.5325 -0.0648 0.843 0.0391
0.7636 -0.1909 -0.4816 -0.3853 0.6448 -0.5478 -0.4781 -0.2355 0.5029 -0.5347 -0.3962 -0.5516 0.6085 0.2825 -0.6627 -0.3329 0.3564 0.4281 -0.6232 0.5489 0.6492 -0.1667 -0.6804 -0.2963 0.9343 0.0768 0.3478 0.0164 0.2871 0.5604 -0.2644 0.7305 0.8011 -0.4329 -0.3885 -0.1413 0.5325 -0.0648 0.843 0.0391
0.7636 -0.1909 -0.4816 -0.3853 0.6448 -0.5478 -0.4781 -0.2355 0.5035 -0.5471 -0.3752 -0.5535 0.6085 0.2825 -0.6627 -0.3329 0.3604 0.4495 -0.6133 0.5402 0.6486 -0.1595 -0.6841 -0.2932 0.9343 0.0768 0.3478 0.0164 0.2515 0.5716 -0.2731 0.7318 0.8011 -0.4329 -0.3885 -0.1413 0.5325 -0.0648 0.843 0.0391
0.7636 -0.1909 -0.4816 -0.3853 0.6448 -0.5478 -0.4781 -0.2355 0.5035 -0.5471 -0.3752 -0.5535 0.6085 0.2825 -0.6627 -0.3329 0.3604 0.4495 -0.6133 0.5402 0.6486 -0.1595 -0.6841 -0.2932 0.9343 0.0768 0.3478 0.0164 0.2515 0.5716 -0.2731 0.7318 0.8011 -0.4329 -0.3885 -0.1413 0.5325 -0.0648 0.843 0.0391
0.7515 -0.1949 -0.4973 -0.3873 0.6323 -0.5552 -0.4737 -0.2598 0.5035 -0.5471 -0.3752 -0.5535 0.6234 0.2364 -0.6671 -0.3326 0.3604 0.4495 -0.6133 0.5402 0.6486 -0.1595 -0.6841 -0.2932 0.9319 0.085 0.3519 0.0238 0.2515 0.5716 -0.2731 0.7318 0.8011 -0.4329 -0.3885 -0.1413 0.5289 -0.1103 0.8401 0.0473
0.7515 -0.1949 -0.4973 -0.3873 0.6323 -0.5552 -0.4737 -0.2598 0.5035 -0.5471 -0.3752 -0.5535 0.6234 0.2364 -0.6671 -0.3326 0.3604 0.4495 -0.6133 0.5402 0.6486 -0.1595 -0.6841 -0.2932 0.9319 0.085 0.3519 0.0238 0.2515 0.5716 -0.2731 0.7318 0.8011 -0.4329 -0.3885 -0.1413 0.5289 -0.1103 0.8401 0.0473
0.7515 -0.1949 -0.4973 -0.3873 0.6323 -0.5552 -0.4737 -0.2598 0.5035 -0.5471 -0.3752 -0.5535 0.6234 0.2364 -0.6671 -0.3326 0.3604 0.4495 -0.6133 0.5402 0.6486 -0.1595 -0.6841 -0.2932 0.9319 0.085 0.3519 0.0238 0.2515 0.5716 -0.2731 0.7318 0.7983 -0.447 -0.3758 -0.1472 0.5289 -0.1103 0.8401 0.0473
0.7515 -0.1949 -0.4973 -0.3873 0.6323 -0.5552 -0.4737 -0.2598 0.5035 -0.5471 -0.3752 -0.5535 0.6234 0.2364 -0.6671 -0.3326 0.3604 0.4495 -0.6133 0.5402 0.6486 -0.1595 -0.6841 -0.2932 0.9319 0.085 0.3519 0.0238 0.2515 0.5716 -0.2731 0.7318 0.7983 -0.447 -0.3758 -0.1472 0.5289 -0.1103 0.8401 0.0473
0.7515 -0.1949 -0.4973 -0.3873 0.6323 -0.5552 -0.4737 -0.2598 0.5035 -0.5471 -0.3752 -0.5535 0.6234 0.2364 -0.6671 -0.3326 0.3604 0.4495 -0.6133 0.5402 0.6486 -0.1595 -0.6841 -0.2932 0.9319 0.085 0.3519 0.0238 0.2515 0.5716 -0.2731 0.7318 0.7983 -0.447 -0.3758 -0.1472 0.5289 -0.1103 0.8401 0.0473
0.7515 -0.1949 -0.4973 -0.3873 0.6323 -0.5552 -0.4737 -0.2598 0.5035 -0.5471 -0.3752 -0.5535 0.6234 0.2364 -0.6671 -0.3326 0.3604 0.4495 -0.6133 0.5402 0.6486 -0.1595 -0.6841 -0.2932 0.9319 0.085 0.3519 0.0238 0.2515 0.5716 -0.2731 0.7318 0.7983 -0.447 -0.3758 -0.1472 0.5289 -0.1103 0.8401 0.0473
0.7515 -0.1949 -0.4973 -0.3873 0.6212 -0.5452 -0.5014 -0.2559 0.5076 -0.5567 -0.3581 -0.5516 0.6948 0.1779 -0.647 -0.259 0.3701 0.4586 -0.6136 0.5255 0.6468 -0.156 -0.6831 -0.3011 0.9234 0.0969 0.3703 0.0286 0.2863 0.5596 -0.303 0.7162 0.7983 -0.447 -0.3758 -0.1472 0.5289 -0.1103 0.8401 0.0473
0.746 -0.1841 -0.5208 -0.3719 0.6212 -0.5452 -0.5014 -0.2559 0.5076 -0.5567 -0.3581 -0.5516 0.6948 0.1779 -0.647 -0.259 0.3701 0.4586 -0.6136 0.5255 0.6468 -0.156 -0.6831 -0.3011 0.9234 0.0969 0.3703 0.0286 0.2863 0.5596 -0.303 0.7162 0.7983 -0.447 -0.3758 -0.1472 0.5892 -0.1475 0.794 0.0228
0.746 -0.1841 -0.5208 -0.3719 0.6212 -0.5452 -0.5014 -0.2559 0.5076 -0.5567 -0.3581 -0.5516 0.6948 0.1779 -0.647 -0.259 0.3701 0.4586 -0.6136 0.5255 0.6468 -0.156 -0.6831 -0.3011 0.9234 0.0969 0.3703 0.0286 0.2863 0.5596 -0.303 0.7162 0.7983 -0.447 -0.3758 -0.1472 0.5892 -0.1475 0.794 0.0228
0.746 -0.1841 -0.5208 -0.3719 0.6212 -0.5452 -0.5014 -0.2559 0.5076 -0.5567 -0.3581 -0.5516 0.6948 0.1779 -0.647 -0.259 0.3701 0.4586 -0.6136 0.5255 0.6468 -0.156 -0.6831 -0.3011 0.9234 0.0969 0.3703 0.0286 0.2863 0.5596 -0.303 0.7162 0.7779 -0.4769 -0.3638 -0.1873 0.5892 -0.1475 0.794 0.0228
0.746 -0.1841 -0.5208 -0.3719 0.6212 -0.5452 -0.5014 -0.2559 0.5076 -0.5567 -0.3581 -0.5516 0.6948 0.1779 -0.647 -0.259 0.3701 0.4586 -0.6136 0.5255 0.6468 -0.156 -0.6831 -0.3011 0.9234 0.0969 0.3703 0.0286 0.2863 0.5596 -0.303 0.7162 0.7779 -0.4769 -0.3638 -0.1873 0.5892 -0.1475 0.794 0.0228
0.746 -0.1841 -0.5208 -0.3719 0.6212 -0.5452 -0.5014 -0.2559 0.5076 -0.5567 -0.3581 -0.5516 0.6948 0.1779 -0.647 -0.259 0.3701 0.4586 -0.6136 0.5255 0.6468 -0.156 -0.6831 -0.3011 0.9234 0.0969 0.3703 0.0286 0.2863 0.5596 -0.303 0.7162 0.7779 -0.4769 -0.3638 -0.1873 0.5892 -0.1475 0.794 0.0228
0.746 -0.1841 -0.5208 -0.3719 0.6212 -0.5452 -0.5014 -0.2559 0.5191 -0.5544 -0.3613 -0.5409 0.6948 0.1779 -0.647 -0.259 0.3904 0.4669 -0.6187 0.4968 0.6508 -0.1542 -0.6781 -0.3048 0.9234 0.0969 0.3703 0.0286 0.3465 0.5405 -0.3065 0.7028 0.7779 -0.4769 -0.3638 -0.1873 0.5892 -0.1475 0.794 0.0228
0.746 -0.1841 -0.5208 -0.3719 0.6135 -0.5364 -0.528 -0.2392 0.5191 -0.5544 -0.3613 -0.5409 0.7752 0.1223 -0.606 -0.1296 0.3904 0.4669 -0.6187 0.4968 0.6508 -0.1542 -0.6781 -0.3048 0.9268 0.0848 0.3654 0.021 0.3465 0.5405 -0.3065 0.7028 0.7779 -0.4769 -0.3638 -0.1873 0.5892 -0.1475 0.794 0.0228
0.7448 -0.1873 -0.5441 -0.3378 0.6135 -0.5364 -0.528 -0.2392 0.5191 -0.5544 -0.3613 -0.5409 0.7752 0.1223 -0.606 -0.1296 0.3904 0.4669 -0.6187 0.4968 0.6508 -0.1542 -0.6781 -0.3048 0.9268 0.0848 0.3654 0.021 0.3465 0.5405 -0.3065 0.7028 0.7779 -0.4769 -0.3638 -0.1873 0.7427 -0.0741 0.6541 0.1223
0.7448 -0.1873 -0.5441 -0.3378 0.6135 -0.5364 -0.528 -0.2392 0.5191 -0.5544 -0.3613 -0.5409 0.7752 0.1223 -0.606 -0.1296 0.3904 0.4669 -0.6187 0.4968 0.6508 -0.1542 -0.6781 -0.3048 0.9268 0.0848 0.3654 0.021 0.3465 0.5405 -0.3065 0.7028 0.7779 -0.4769 -0.3638 -0.1873 0.7427 -0.0741 0.6541 0.1223
0.7448 -0.1873 -0.5441 -0.3378 0.6135 -0.5364 -0.528 -0.2392 0.5191 -0.5544 -0.3613 -0.5409 0.7752 0.1223 -0.606 -0.1296 0.3904 0.4669 -0.6187 0.4968 0.6508 -0.1542 -0.6781 -0.3048 0.9268 0.0848 0.3654 0.021 0.3465 0.5405 -0.3065 0.7028 0.739 -0.4216 -0.452 -0.2681 0.7427 -0.0741 0.6541 0.1223
0.7448 -0.1873 -0.5441 -0.3378 0.6135 -0.5364 -0.528 -0.2392 0.5191 -0.5544 -0.3613 -0.5409 0.7752 0.1223 -0.606 -0.1296 0.3904 0.4669 -0.6187 0.4968 0.6508 -0.1542 -0.6781 -0.3048 0.9268 0.0848 0.3654 0.021 0.3465 0.5405 -0.3065 0.7028 0.739 -0.4216 -0.452 -0.2681 0.7427 -0.0741 0.6541 0.1223
0.7448 -0.1873 -0.5441 -0.3378 0.6135 -0.5364 -0.528 -0.2392 0.5558 -0.5463 -0.3678 -0.5074 0.7752 0.1223 -0.606 -0.1296 0.3904 0.4669 -0.6187 0.4968 0.6508 -0.1542 -0.6781 -0.3048 0.9268 0.0848 0.3654 0.021 0.3465 0.5405 -0.3065 0.7028 0.739 -0.4216 -0.452 -0.2681 0.7427 -0.0741 0.6541 0.1223
0.7448 -0.1873 -0.5441 -0.3378 0.6135 -0.5364 -0.528 -0.2392 0.5558 -0.5463 -0.3678 -0.5074 0.7752 0.1223 -0.606 -0.1296 0.3904 0.4669 -0.6187 0.4968 0.6508 -0.1542 -0.6781 -0.3048 0.9268 0.0848 0.3654 0.021 0.3465 0.5405 -0.3065 0.7028 0.739 -0.4216 -0.452 -0.2681 0.7427 -0.0741 0.6541 0.1223
0.7448 -0.1873 -0.5441 -0.3378 0.5969 -0.5434 -0.5458 -0.2247 0.5558 -0.5463 -0.3678 -0.5074 0.8204 0.0753 -0.5654 -0.0397 0.3904 0.4669 -0.6187 0.4968 0.6508 -0.1542 -0.6781 -0.3048 0.9268 0.0848 0.3654 0.021 0.3465 0.5405 -0.3065 0.7028 0.739 -0.4216 -0.452 -0.2681 0.7427 -0.0741 0.6541 0.1223
0.744 -0.184 -0.5631 -0.3092 0.5969 -0.5434 -0.5458 -0.2247 0.5558 -0.5463 -0.3678 -0.5074 0.8204 0.0753 -0.5654 -0.0397 0.3904 0.4669 -0.6187 0.4968 0.6508 -0.1542 -0.6781 -0.3048 0.9268 0.0848 0.3654 0.021 0.3465 0.5405 -0.3065 0.7028 0.739 -0.4216 -0.452 -0.2681 0.7427 -0.0741 0.6541 0.1223
0.744 -0.184 -0.5631 -0.3092 0.5969 -0.5434 -0.5458 -0.2247 0.5558 -0.5463 -0.3678 -0.5074 0.8204 0.0753 -0.5654 -0.0397 0.3904 0.4669 -0.6187 0.4968 0.6508 -0.1542 -0.6781 -0.3048 0.9268 0.0848 0.3654 0.021 0.3465 0.5405 -0.3065 0.7028 0.739 -0.4216 -0.452 -0.2681 0.7427 -0.0741 0.6541 0.1223
0.744 -0.184 -0.5631 -0.3092 0.5969 -0.5434 -0.5458 -0.2247 0.5558 -0.5463 -0.3678 -0.5074 0.8204 0.0753 -0.5654 -0.0397 0.3904 0.4669 -0.6187 0.4968 0.6508 -0.1542 -0.6781 -0.3048 0.9268 0.0848 0.3654 0.021 0.3465 0.5405 -0.3065 0.7028 0.739 -0.4216 -0.452 -0.2681 0.7427 -0.0741 0.6541 0.1223
0.744 -0.184 -0.5631 -0.3092 0.5969 -0.5434 -0.5458 -0.2247 0.5558 -0.5463 -0.3678 -0.5074 0.8204 0.0753 -0.5654 -0.0397 0.3904 0.4669 -0.6187 0.4968 0.6508 -0.1542 -0.6781 -0.3048 0.9268 0.0848 0.3654 0.021 0.3465 0.5405 -0.3065 0.7028 0.5926 -0.3924 -0.562 -0.4232 0.7427 -0.0741 0.6541 0.1223
0.744 -0.184 -0.5631 -0.3092 0.5969 -0.5434 -0.5458 -0.2247 0.587 -0.5462 -0.3678 -0.471 0.8204 0.0753 -0.5654 -0.0397 0.3904 0.4669 -0.6187 0.4968 0.6508 -0.1542 -0.6781 -0.3048 0.9268 0.0848 0.3654 0.021 0.3465 0.5405 -0.3065 0.7028 0.5926 -0.3924 -0.562 -0.4232 0.7427 -0.0741 0.6541 0.1223
0.744 -0.184 -0.5631 -0.3092 0.5969 -0.5434 -0.5458 -0.2247 0.587 -0.5462 -0.3678 -0.471 0.8204 0.0753 -0.5654 -0.0397 0.3904 0.4669 -0.6187 0.4968 0.6508 -0.1542 -0.6781 -0.3048 0.9268 0.0848 0.3654 0.021 0.3465 0.5405 -0.3065 0.7028 0.5926 -0.3924 -0.562 -0.4232 0.7427 -0.0741 0.6541 0.1223
0.744 -0.184 -0.5631 -0.3092 0.5969 -0.5434 -0.5458 -0.2247 0.587 -0.5462 -0.3678 -0.471 0.8204 0.0753 -0.5654 -0.0397 0.3904 0.4669 -0.6187 0.4968 0.6508 -0.1542 -0.6781 -0.3048 0.9268 0.0848 0.3654 0.021 0.3465 0.5405 -0.3065 0.7028 0.5926 -0.3924 -0.562 -0.4232 0.7427 -0.0741 0.6541 0.1223
0.7489 -0.1693 -0.5678 -0.2969 0.5912 -0.5337 -0.5747 -0.1879 0.587 -0.5462 -0.3678 -0.471 0.8295 0.065 -0.5546 0.0096 0.3904 0.4669 -0.6187 0.4968 0.6508 -0.1542 -0.6781 -0.3048 0.8979 0.0748 0.4337 -0.0018 0.3465 0.5405 -0.3065 0.7028 0.5926 -0.3924 -0.562 -0.4232 0.9683 0.0202 0.2389 0.071
0.7489 -0.1693 -0.5678 -0.2969 0.5912 -0.5337 -0.5747 -0.1879 0.587 -0.5462 -0.3678 -0.471 0.8295 0.065 -0.5546 0.0096 0.3904 0.4669 -0.6187 0.4968 0.6508 -0.1542 -0.6781 -0.3048 0.8979 0.0748 0.4337 -0.0018 0.3465 0.5405 -0.3065 0.7028 0.5926 -0.3924 -0.562 -0.4232 0.9683 0.0202 0.2389 0.071
0.7489 -0.1693 -0.5678 -0.2969 0.5912 -0.5337 -0.5747 -0.1879 0.587 -0.5462 -0.3678 -0.471 0.8295 0.065 -0.5546 0.0096 0.3904 0.4669 -0.6187 0.4968 0.6508 -0.1542 -0.6781 -0.3048 0.8979 0.0748 0.4337 -0.0018 0.3465 0.5405 -0.3065 0.7028 0.5926 -0.3924 -0.562 -0.4232 0.9683 0.0202 0.2389 0.071
0.7489 -0.1693 -0.5678 -0.2969 0.5912 -0.5337 -0.5747 -0.1879 0.587 -0.5462 -0.3678 -0.471 0.8295 0.065 -0.5546 0.0096 0.3904 0.4669 -0.6187 0.4968 0.6508 -0.1542 -0.6781 -0.3048 0.8979 0.0748 0.4337 -0.0018 0.3465 0.5405 -0.3065 0.7028 0.4625 -0.3093 -0.6655 -0.4976 0.9683 0.0202 0.2389 0.071
0.7489 -0.1693 -0.5678 -0.2969 0.5912 -0.5337 -0.5747 -0.1879 0.587 -0.5462 -0.3678 -0.471 0.8295 0.065 -0.5546 0.0096 0.3904 0.4669 -0.6187 0.4968 0.6508 -0.1542 -0.6781 -0.3048 0.8979 0.0748 0.4337 -0.0018 0.3465 0.5405 -0.3065 0.7028 0.4625 -0.3093 -0.6655 -0.4976 0.9683 0.0202 0.2389 0.071
0.7489 -0.1693 -0.5678 -0.2969 0.5912 -0.5337 -0.5747 -0.1879 0.587 -0.5462 -0.3678 -0.471 0.8295 0.065 -0.5546 0.0096 0.3904 0.4669 -0.6187 0.4968 0.6367 -0.1389 -0.6603 -0.3733 0.8979 0.0748 0.4337 -0.0018 0.3465 0.5405 -0.3065 0.7028 0.4625 -0.3093 -0.6655 -0.4976 0.9683 0.0202 0.2389 0.071
0.7489 -0.1693 -0.5678 -0.2969 0.5921 -0.5312 -0.5789 -0.1791 0.587 -0.5462 -0.3678 -0.471 0.8177 0.0974 -0.5671 0.0181 0.3904 0.4669 -0.6187 0.4968 0.6367 -0.1389 -0.6603 -0.3733 0.8979 0.0748 0.4337 -0.0018 0.3465 0.5405 -0.3065 0.7028 0.4625 -0.3093 -0.6655 -0.4976 0.9683 0.0202 0.2389 0.071
0.7498 -0.1779 -0.5695 -0.2862 0.5921 -0.5312 -0.5789 -0.1791 0.587 -0.5462 -0.3678 -0.471 0.8177 0.0974 -0.5671 0.0181 0.3904 0.4669 -0.6187 0.4968 0.6367 -0.1389 -0.6603 -0.3733 0.8979 0.0748 0.4337 -0.0018 0.3465 0.5405 -0.3065 0.7028 0.4625 -0.3093 -0.6655 -0.4976 0.9683 0.0202 0.2389 0.071
0.7498 -0.1779 -0.5695 -0.2862 0.5921 -0.5312 -0.5789 -0.1791 0.587 -0.5462 -0.3678 -0.471 0.8177 0.0974 -0.5671 0.0181 0.3904 0.4669 -0.6187 0.4968 0.6367 -0.1389 -0.6603 -0.3733 0.8979 0.0748 0.4337 -0.0018 0.3465 0.5405 -0.3065 0.7028 0.4625 -0.3093 -0.6655 -0.4976 0.9683 0.0202 0.2389 0.071
0.7498 -0.1779 -0.5695 -0.2862 0.5921 -0.5312 -0.5789 -0.1791 0.587 -0.5462 -0.3678 -0.471 0.8177 0.0974 -0.5671 0.0181 0.3904 0.4669 -0.6187 0.4968 0.6367 -0.1389 -0.6603 -0.3733 0.8979 0.0748 0.4337 -0.0018 0.3465 0.5405 -0.3065 0.7028 0.4625 -0.3093 -0.6655 -0.4976 0.9683 0.0202 0.2389 0.071
0.7498 -0.1779 -0.5695 -0.2862 0.5921 -0.5312 -0.5789 -0.1791 0.587 -0.5462 -0.3678 -0.471 0.8177 0.0974 -0.5671 0.0181 0.3904 0.4669 -0.6187 0.4968 0.6367 -0.1389 -0.6603 -0.3733 0.8979 0.0748 0.4337 -0.0018 0.3465 0.5405 -0.3065 0.7028 0.4755 -0.3224 -0.6751 -0.4627 0.9683 0.0202 0.2389 0.071
0.7498 -0.1779 -0.5695 -0.2862 0.5921 -0.5312 -0.5789 -0.1791 0.6049 -0.5206 -0.4036 -0.4474 0.8177 0.0974 -0.5671 0.0181 0.3904 0.4669 -0.6187 0.4968 0.6367 -0.1389 -0.6603 -0.3733 0.8979 0.0748 0.4337 -0.0018 0.3465 0.5405 -0.3065 0.7028 0.4755 -0.3224 -0.6751 -0.4627 0.9683 0.0202 0.2389 0.071
0.7498 -0.1779 -0.5695 -0.2862 0.5921 -0.5312 -0.5789 -0.1791 0.6049 -0.5206 -0.4036 -0.4474 0.8177 0.0974 -0.5671 0.0181 0.3904 0.4669 -0.6187 0.4968 0.6367 -0.1389 -0.6603 -0.3733 0.8979 0.0748 0.4337 -0.0018 0.3465 0.5405 -0.3065 0.7028 0.4755 -0.3224 -0.6751 -0.4627 0.9683 0.0202 0.2389 0.071
0.7498 -0.1779 -0.5695 -0.2862 0.5921 -0.5312 -0.5789 -0.1791 0.6049 -0.5206 -0.4036 -0.4474 0.8177 0.0974 -0.5671 0.0181 0.3904 0.4669 -0.6187 0.4968 0.6367 -0.1389 -0.6603 -0.3733 0.8979 0.0748 0.4337 -0.0018 0.3465 0.5405 -0.3065 0.7028 0.4755 -0.3224 -0.6751 -0.4627 0.9683 0.0202 0.2389 0.071
0.7529 -0.1885 -0.5588 -0.2919 0.5999 -0.5345 -0.5635 -0.1921 0.6049 -0.5206 -0.4036 -0.4474 0.7954 0.1276 -0.5923 -0.0146 0.3904 0.4669 -0.6187 0.4968 0.6367 -0.1389 -0.6603 -0.3733 0.8156 0.0748 0.5737 -0.0093 0.3465 0.5405 -0.3065 0.7028 0.4755 -0.3224 -0.6751 -0.4627 0.9623 0.001 0.2698 0.0339
0.7529 -0.1885 -0.5588 -0.2919 0.5999 -0.5345 -0.5635 -0.1921 0.6049 -0.5206 -0.4036 -0.4474 0.7954 0.1276 -0.5923 -0.0146 0.3904 0.4669 -0.6187 0.4968 0.6367 -0.1389 -0.6603 -0.3733 0.8156 0.0748 0.5737 -0.0093 0.3465 0.5405 -0.3065 0.7028 0.4755 -0.3224 -0.6751 -0.4627 0.9623 0.001 0.2698 0.0339
0.7529 -0.1885 -0.5588 -0.2919 0.5999 -0.5345 -0.5635 -0.1921 0.6049 -0.5206 -0.4036 -0.4474 0.7954 0.1276 -0.5923 -0.0146 0.3904 0.4669 -0.6187 0.4968 0.6367 -0.1389 -0.6603 -0.3733 0.8156 0.0748 0.5737 -0.0093 0.3465 0.5405 -0.3065 0.7028 0.4755 -0.3224 -0.6751 -0.4627 0.9623 0.001 0.2698 0.0339
0.7529 -0.1885 -0.5588 -0.2919 0.5999 -0.5345 -0.5635 -0.1921 0.6049 -0.5206 -0.4036 -0.4474 0.7954 0.1276 -0.5923 -0.0146 0.3904 0.4669 -0.6187 0.4968 0.6367 -0.1389 -0.6603 -0.3733 0.8156 0.0748 0.5737 -0.0093 0.3465 0.5405 -0.3065 0.7028 0.4764 -0.3962 -0.6305 -0.4675 0.9623 0.001 0.2698 0.0339
0.7529 -0.1885 -0.5588 -0.2919 0.5999 -0.5345 -0.5635 -0.1921 0.5903 -0.5163 -0.4086 -0.4669 0.7954 0.1276 -0.5923 -0.0146 0.3904 0.4669 -0.6187 0.4968 0.6367 -0.1389 -0.6603 -0.3733 0.8156 0.0748 0.5737 -0.0093 0.4477 0.5906 -0.3145 0.5932 0.4764 -0.3962 -0.6305 -0.4675 0.9623 0.001 0.2698 0.0339
0.7529 -0.1885 -0.5588 -0.2919 0.5999 -0.5345 -0.5635 -0.1921 0.5903 -0.5163 -0.4086 -0.4669 0.7689 0.1292 -0.6196 -0.0901 0.3904 0.4669 -0.6187 0.4968 0.6367 -0.1389 -0.6603 -0.3733 0.8156 0.0748 0.5737 -0.0093 0.4477 0.5906 -0.3145 0.5932 0.4764 -0.3962 -0.6305 -0.4675 0.9623 0.001 0.2698 0.0339
0.7529 -0.1885 -0.5588 -0.2919 0.6077 -0.5427 -0.5376 -0.2172 0.5903 -0.5163 -0.4086 -0.4669 0.7689 0.1292 -0.6196 -0.0901 0.3904 0.4669 -0.6187 0.4968 0.6367 -0.1389 -0.6603 -0.3733 0.6803 0.0917 0.7268 -0.023 0.4477 0.5906 -0.3145 0.5932 0.4764 -0.3962 -0.6305 -0.4675 0.9379 0.0048 0.3452 0.0332
0.7471 -0.2119 -0.5411 -0.3228 0.6077 -0.5427 -0.5376 -0.2172 0.5903 -0.5163 -0.4086 -0.4669 0.7689 0.1292 -0.6196 -0.0901 0.3904 0.4669 -0.6187 0.4968 0.6367 -0.1389 -0.6603 -0.3733 0.6803 0.0917 0.7268 -0.023 0.4477 0.5906 -0.3145 0.5932 0.4764 -0.3962 -0.6305 -0.4675 0.9379 0.0048 0.3452 0.0332
0.7471 -0.2119 -0.5411 -0.3228 0.6077 -0.5427 -0.5376 -0.2172 0.5903 -0.5163 -0.4086 -0.4669 0.7689 0.1292 -0.6196 -0.0901 0.3904 0.4669 -0.6187 0.4968 0.6367 -0.1389 -0.6603 -0.3733 0.6803 0.0917 0.7268 -0.023 0.4477 0.5906 -0.3145 0.5932 0.4764 -0.3962 -0.6305 -0.4675 0.9379 0.0048 0.3452 0.0332
0.7471 -0.2119 -0.5411 -0.3228 0.6077 -0.5427 -0.5376 -0.2172 0.5903 -0.5163 -0.4086 -0.4669 0.7689 0.1292 -0.6196 -0.0901 0.3904 0.4669 -0.6187 0.4968 0.6367 -0.1389 -0.6603 -0.3733 0.6803 0.0917 0.7268 -0.023 0.4477 0.5906 -0.3145 0.5932 0.511 -0.4417 -0.6059 -0.4203 0.9379 0.0048 0.3452 0.0332
0.7471 -0.2119 -0.5411 -0.3228 0.6077 -0.5427 -0.5376 -0.2172 0.5551 -0.5286 -0.3884 -0.5115 0.7689 0.1292 -0.6196 -0.0901 0.3904 0.4669 -0.6187 0.4968 0.6367 -0.1389 -0.6603 -0.3733 0.6803 0.0917 0.7268 -0.023 0.4477 0.5906 -0.3145 0.5932 0.511 -0.4417 -0.6059 -0.4203 0.9379 0.0048 0.3452 0.0332
0.7471 -0.2119 -0.5411 -0.3228 0.6077 -0.5427 -0.5376 -0.2172 0.5551 -0.5286 -0.3884 -0.5115 0.7689 0.1292 -0.6196 -0.0901 0.3904 0.4669 -0.6187 0.4968 0.5582 -0.0491 -0.6091 -0.5612 0.6803 0.0917 0.7268 -0.023 0.4477 0.5906 -0.3145 0.5932 0.511 -0.4417 -0.6059 -0.4203 0.9379 0.0048 0.3452 0.0332
0.7471 -0.2119 -0.5411 -0.3228 0.6077 -0.5427 -0.5376 -0.2172 0.5551 -0.5286 -0.3884 -0.5115 0.7689 0.1292 -0.6196 -0.0901 0.3904 0.4669 -0.6187 0.4968 0.5582 -0.0491 -0.6091 -0.5612 0.6803 0.0917 0.7268 -0.023 0.4477 0.5906 -0.3145 0.5932 0.511 -0.4417 -0.6059 -0.4203 0.9379 0.0048 0.3452 0.0332
0.7471 -0.2119 -0.5411 -0.3228 0.6099 -0.5582 -0.5079 -0.2419 0.5551 -0.5286 -0.3884 -0.5115 0.7518 0.1323 -0.6237 -0.168 0.474 0.3524 -0.6027 0.5366 0.5582 -0.0491 -0.6091 -0.5612 0.6803 0.0917 0.7268 -0.023 0.4477 0.5906 -0.3145 0.5932 0.511 -0.4417 -0.6059 -0.4203 0.9379 0.0048 0.3452 0.0332
0.7471 -0.2119 -0.5411 -0.3228 0.6099 -0.5582 -0.5079 -0.2419 0.5551 -0.5286 -0.3884 -0.5115 0.7518 0.1323 -0.6237 -0.168 0.474 0.3524 -0.6027 0.5366 0.5582 -0.0491 -0.6091 -0.5612 0.6803 0.0917 0.7268 -0.023 0.4477 0.5906 -0.3145 0.5932 0.511 -0.4417 -0.6059 -0.4203 0.9338 -0.0016 0.3561 0.0357
0.7471 -0.2119 -0.5411 -0.3228 0.6099 -0.5582 -0.5079 -0.2419 0.5551 -0.5286 -0.3884 -0.5115 0.7518 0.1323 -0.6237 -0.168 0.474 0.3524 -0.6027 0.5366 0.5582 -0.0491 -0.6091 -0.5612 0.6803 0.0917 0.7268 -0.023 0.4477 0.5906 -0.3145 0.5932 0.511 -0.4417 -0.6059 -0.4203 0.9338 -0.0016 0.3561 0.0357
0.7471 -0.2119 -0.5411 -0.3228 0.6099 -0.5582 -0.5079 -0.2419 0.5551 -0.5286 -0.3884 -0.5115 0.7518 0.1323 -0.6237 -0.168 0.474 0.3524 -0.6027 0.5366 0.5582 -0.0491 -0.6091 -0.5612 0.6803 0.0917 0.7268 -0.023 0.4477 0.5906 -0.3145 0.5932 0.511 -0.4417 -0.6059 -0.4203 0.9338 -0.0016 0.3561 0.0357
0.7471 -0.2119 -0.5411 -0.3228 0.6099 -0.5582 -0.5079 -0.2419 0.5551 -0.5286 -0.3884 -0.5115 0.7518 0.1323 -0.6237 -0.168 0.474 0.3524 -0.6027 0.5366 0.5582 -0.0491 -0.6091 -0.5612 0.6803 0.0917 0.7268 -0.023 0.4477 0.5906 -0.3145 0.5932 0.5303 -0.4662 -0.5887 -0.3937 0.9338 -0.0016 0.3561 0.0357
0.7471 -0.2119 -0.5411 -0.3228 0.6099 -0.5582 -0.5079 -0.2419 0.5551 -0.5286 -0.3884 -0.5115 0.7518 0.1323 -0.6237 -0.168 0.474 0.3524 -0.6027 0.5366 0.5582 -0.0491 -0.6091 -0.5612 0.6803 0.0917 0.7268 -0.023 0.4477 0.5906 -0.3145 0.5932 0.5303 -0.4662 -0.5887 -0.3937 0.9338 -0.0016 0.3561 0.0357
0.7471 -0.2119 -0.5411 -0.3228 0.6099 -0.5582 -0.5079 -0.2419 0.5273 -0.538 -0.3439 -0.5605 0.7518 0.1323 -0.6237 -0.168 0.4637 0.2852 -0.6082 0.5778 0.5651 -0.1129 -0.5872 -0.5684 0.6803 0.0917 0.7268 -0.023 0.4007 0.6217 -0.3012 0.6018 0.5303 -0.4662 -0.5887 -0.3937 0.9338 -0.0016 0.3561 0.0357
0.7471 -0.2119 -0.5411 -0.3228 0.6099 -0.5582 -0.5079 -0.2419 0.5273 -0.538 -0.3439 -0.5605 0.7562 0.1423 -0.6021 -0.2128 0.4637 0.2852 -0.6082 0.5778 0.5651 -0.1129 -0.5872 -0.5684 0.6803 0.0917 0.7268 -0.023 0.4007 0.6217 -0.3012 0.6018 0.5303 -0.4662 -0.5887 -0.3937 0.9338 -0.0016 0.3561 0.0357
0.7504 -0.2155 -0.5154 -0.3533 0.6099 -0.5582 -0.5079 -0.2419 0.5273 -0.538 -0.3439 -0.5605 0.7562 0.1423 -0.6021 -0.2128 0.4637 0.2852 -0.6082 0.5778 0.5651 -0.1129 -0.5872 -0.5684 0.6803 0.0917 0.7268 -0.023 0.4007 0.6217 -0.3012 0.6018 0.5303 -0.4662 -0.5887 -0.3937 0.928 0.0028 0.3708 0.0352
0.7504 -0.2155 -0.5154 -0.3533 0.6099 -0.5582 -0.5079 -0.2419 0.5273 -0.538 -0.3439 -0.5605 0.7562 0.1423 -0.6021 -0.2128 0.4637 0.2852 -0.6082 0.5778 0.5651 -0.1129 -0.5872 -0.5684 0.6803 0.0917 0.7268 -0.023 0.4007 0.6217 -0.3012 0.6018 0.5303 -0.4662 -0.5887 -0.3937 0.928 0.0028 0.3708 0.0352
0.7504 -0.2155 -0.5154 -0.3533 0.6099 -0.5582 -0.5079 -0.2419 0.5273 -0.538 -0.3439 -0.5605 0.7562 0.1423 -0.6021 -0.2128 0.4637 0.2852 -0.6082 0.5778 0.5651 -0.1129 -0.5872 -0.5684 0.6803 0.0917 0.7268 -0.023 0.4007 0.6217 -0.3012 0.6018 0.5433 -0.4854 -0.5697 -0.3803 0.928 0.0028 0.3708 0.0352
0.7504 -0.2155 -0.5154 -0.3533 0.6099 -0.5582 -0.5079 -0.2419 0.5273 -0.538 -0.3439 -0.5605 0.7562 0.1423 -0.6021 -0.2128 0.4637 0.2852 -0.6082 0.5778 0.5651 -0.1129 -0.5872 -0.5684 0.6803 0.0917 0.7268 -0.023 0.4007 0.6217 -0.3012 0.6018 0.5433 -0.4854 -0.5697 -0.3803 0.928 0.0028 0.3708 0.0352
0.7504 -0.2155 -0.5154 -0.3533 0.6099 -0.5582 -0.5079 -0.2419 0.5101 -0.5347 -0.3429 -0.58 0.7562 0.1423 -0.6021 -0.2128 0.4637 0.2852 -0.6082 0.5778 0.5651 -0.1129 -0.5872 -0.5684 0.6803 0.0917 0.7268 -0.023 0.3647 0.6379 -0.3022 0.6073 0.5433 -0.4854 -0.5697 -0.3803 0.928 0.0028 0.3708 0.0352
0.7504 -0.2155 -0.5154 -0.3533 0.6099 -0.5582 -0.5079 -0.2419 0.5101 -0.5347 -0.3429 -0.58 0.7562 0.1423 -0.6021 -0.2128 0.4637 0.2852 -0.6082 0.5778 0.5651 -0.1129 -0.5872 -0.5684 0.6803 0.0917 0.7268 -0.023 0.3647 0.6379 -0.3022 0.6073 0.5433 -0.4854 -0.5697 -0.3803 0.928 0.0028 0.3708 0.0352
0.7504 -0.2155 -0.5154 -0.3533 0.6146 -0.5718 -0.4745 -0.2648 0.5101 -0.5347 -0.3429 -0.58 0.7615 0.1782 -0.5917 -0.1954 0.4637 0.2852 -0.6082 0.5778 0.5651 -0.1129 -0.5872 -0.5684 0.6803 0.0917 0.7268 -0.023 0.3647 0.6379 -0.3022 0.6073 0.5433 -0.4854 -0.5697 -0.3803 0.928 0.0028 0.3708 0.0352
0.7443 -0.222 -0.5117 -0.3674 0.6146 -0.5718 -0.4745 -0.2648 0.5101 -0.5347 -0.3429 -0.58 0.7615 0.1782 -0.5917 -0.1954 0.4637 0.2852 -0.6082 0.5778 0.5651 -0.1129 -0.5872 -0.5684 0.6803 0.0917 0.7268 -0.023 0.3647 0.6379 -0.3022 0.6073 0.5433 -0.4854 -0.5697 -0.3803 0.9258 0.0111 0.3755 0.0419
0.7443 -0.222 -0.5117 -0.3674 0.6146 -0.5718 -0.4745 -0.2648 0.5101 -0.5347 -0.3429 -0.58 0.7615 0.1782 -0.5917 -0.1954 0.4637 0.2852 -0.6082 0.5778 0.5651 -0.1129 -0.5872 -0.5684 0.6803 0.0917 0.7268 -0.023 0.3647 0.6379 -0.3022 0.6073 0.5433 -0.4854 -0.5697 -0.3803 0.9258 0.0111 0.3755 0.0419
0.7443 -0.222 -0.5117 -0.3674 0.6146 -0.5718 -0.4745 -0.2648 0.5101 -0.5347 -0.3429 -0.58 0.7615 0.1782 -0.5917 -0.1954 0.4637 0.2852 -0.6082 0.5778 0.5651 -0.1129 -0.5872 -0.5684 0.6803 0.0917 0.7268 -0.023 0.3647 0.6379 -0.3022 0.6073 0.5537 -0.4961 -0.5557 -0.3721 0.9258 0.0111 0.3755 0.0419
0.7443 -0.222 -0.5117 -0.3674 0.6146 -0.5718 -0.4745 -0.2648 0.5101 -0.5347 -0.3429 -0.58 0.7615 0.1782 -0.5917 -0.1954 0.4637 0.2852 -0.6082 0.5778 0.5651 -0.1129 -0.5872 -0.5684 0.6803 0.0917 0.7268 -0.023 0.3647 0.6379 -0.3022 0.6073 0.5537 -0.4961 -0.5557 -0.3721 0.9258 0.0111 0.3755 0.0419
0.7443 -0.222 -0.5117 -0.3674 0.6146 -0.5718 -0.4745 -0.2648 0.5101 -0.5347 -0.3429 -0.58 0.7615 0.1782 -0.5917 -0.1954 0.4637 0.2852 -0.6082 0.5778 0.5651 -0.1129 -0.5872 -0.5684 0.6803 0.0917 0.7268 -0.023 0.3647 0.6379 -0.3022 0.6073 0.5537 -0.4961 -0.5557 -0.3721 0.9258 0.0111 0.3755 0.0419
0.7443 -0.222 -0.5117 -0.3674 0.6146 -0.5718 -0.4745 -0.2648 0.5101 -0.5347 -0.3429 -0.58 0.7638 0.1557 -0.5975 -0.188 0.4044 0.3146 -0.6085 0.606 0.6945 -0.3795 -0.5257 -0.312 0.6803 0.0917 0.7268 -0.023 0.3647 0.6379 -0.3022 0.6073 0.5537 -0.4961 -0.5557 -0.3721 0.9258 0.0111 0.3755 0.0419
0.7443 -0.222 -0.5117 -0.3674 0.6146 -0.5718 -0.4745 -0.2648 0.5101 -0.5347 -0.3429 -0.58 0.7638 0.1557 -0.5975 -0.188 0.4044 0.3146 -0.6085 0.606 0.6945 -0.3795 -0.5257 -0.312 0.6803 0.0917 0.7268 -0.023 0.3647 0.6379 -0.3022 0.6073 0.5537 -0.4961 -0.5557 -0.3721 0.9258 0.0111 0.3755 0.0419
0.7341 -0.2296 -0.5176 -0.3747 0.6059 -0.5784 -0.4702 -0.2779 0.5101 -0.5347 -0.3429 -0.58 0.7638 0.1557 -0.5975 -0.188 0.4044 0.3146 -0.6085 0.606 0.6945 -0.3795 -0.5257 -0.312 0.9494 0.1889 0.2428 -0.0637 0.3647 0.6379 -0.3022 0.6073 0.5537 -0.4961 -0.5557 -0.3721 0.9207 -9.0E-4 0.389 0.0303
0.7341 -0.2296 -0.5176 -0.3747 0.6059 -0.5784 -0.4702 -0.2779 0.5101 -0.5347 -0.3429 -0.58 0.7638 0.1557 -0.5975 -0.188 0.4044 0.3146 -0.6085 0.606 0.6945 -0.3795 -0.5257 -0.312 0.9494 0.1889 0.2428 -0.0637 0.3647 0.6379 -0.3022 0.6073 0.5537 -0.4961 -0.5557 -0.3721 0.9207 -9.0E-4 0.389 0.0303
0.7341 -0.2296 -0.5176 -0.3747 0.6059 -0.5784 -0.4702 -0.2779 0.5101 -0.5347 -0.3429 -0.58 0.7638 0.1557 -0.5975 -0.188 0.4044 0.3146 -0.6085 0.606 0.6945 -0.3795 -0.5257 -0.312 0.9494 0.1889 0.2428 -0.0637 0.3647 0.6379 -0.3022 0.6073 0.5537 -0.4961 -0.5557 -0.3721 0.9207 -9.0E-4 0.389 0.0303
0.7341 -0.2296 -0.5176 -0.3747 0.6059 -0.5784 -0.4702 -0.2779 0.5101 -0.5347 -0.3429 -0.58 0.7638 0.1557 -0.5975 -0.188 0.4044 0.3146 -0.6085 0.606 0.6945 -0.3795 -0.5257 -0.312 0.9494 0.1889 0.2428 -0.0637 0.3647 0.6379 -0.3022 0.6073 0.58 -0.4916 -0.5485 -0.3479 0.9207 -9.0E-4 0.389 0.0303
0.7341 -0.2296 -0.5176 -0.3747 0.6059 -0.5784 -0.4702 -0.2779 0.5406 -0.5276 -0.3687 -0.5416 0.7638 0.1557 -0.5975 -0.188 0.4044 0.3146 -0.6085 0.606 0.6999 -0.4343 -0.5085 -0.2508 0.9494 0.1889 0.2428 -0.0637 0.2964 0.6511 -0.2996 0.6312 0.58 -0.4916 -0.5485 -0.3479 0.9207 -9.0E-4 0.389 0.0303
0.7341 -0.2296 -0.5176 -0.3747 0.6059 -0.5784 -0.4702 -0.2779 0.5406 -0.5276 -0.3687 -0.5416 0.7741 0.1263 -0.6056 -0.1342 0.4044 0.3146 -0.6085 0.606 0.6999 -0.4343 -0.5085 -0.2508 0.9494 0.1889 0.2428 -0.0637 0.2964 0.6511 -0.2996 0.6312 0.58 -0.4916 -0.5485 -0.3479 0.9207 -9.0E-4 0.389 0.0303
0.7341 -0.2296 -0.5176 -0.3747 0.6059 -0.5784 -0.4702 -0.2779 0.5406 -0.5276 -0.3687 -0.5416 0.7741 0.1263 -0.6056 -0.1342 0.4044 0.3146 -0.6085 0.606 0.6999 -0.4343 -0.5085 -0.2508 0.9583 0.2175 0.1843 -0.0209 0.2964 0.6511 -0.2996 0.6312 0.58 -0.4916 -0.5485 -0.3479 0.9207 -9.0E-4 0.389 0.0303
0.7338 -0.2248 -0.5266 -0.3657 0.6059 -0.5784 -0.4702 -0.2779 0.5406 -0.5276 -0.3687 -0.5416 0.7741 0.1263 -0.6056 -0.1342 0.4044 0.3146 -0.6085 0.606 0.6999 -0.4343 -0.5085 -0.2508 0.9583 0.2175 0.1843 -0.0209 0.2964 0.6511 -0.2996 0.6312 0.58 -0.4916 -0.5485 -0.3479 0.9139 -1.0E-4 0.4048 0.0302
0.7338 -0.2248 -0.5266 -0.3657 0.6059 -0.5784 -0.4702 -0.2779 0.5406 -0.5276 -0.3687 -0.5416 0.7741 0.1263 -0.6056 -0.1342 0.4044 0.3146 -0.6085 0.606 0.6999 -0.4343 -0.5085 -0.2508 0.9583 0.2175 0.1843 -0.0209 0.2964 0.6511 -0.2996 0.6312 0.58 -0.4916 -0.5485 -0.3479 0.9139 -1.0E-4 0.4048 0.0302
0.7338 -0.2248 -0.5266 -0.3657 0.6059 -0.5784 -0.4702 -0.2779 0.5406 -0.5276 -0.3687 -0.5416 0.7741 0.1263 -0.6056 -0.1342 0.4044 0.3146 -0.6085 0.606 0.6999 -0.4343 -0.5085 -0.2508 0.9583 0.2175 0.1843 -0.0209 0.2964 0.6511 -0.2996 0.6312 0.58 -0.4916 -0.5485 -0.3479 0.9139 -1.0E-4 0.4048 0.0302
0.7338 -0.2248 -0.5266 -0.3657 0.6059 -0.5784 -0.4702 -0.2779 0.5406 -0.5276 -0.3687 -0.5416 0.7741 0.1263 -0.6056 -0.1342 0.4044 0.3146 -0.6085 0.606 0.6999 -0.4343 -0.5085 -0.2508 0.9583 0.2175 0.1843 -0.0209 0.2964 0.6511 -0.2996 0.6312 0.58 -0.4916 -0.5485 -0.3479 0.9139 -1.0E-4 0.4048 0.0302
0.7338 -0.2248 -0.5266 -0.3657 0.6059 -0.5784 -0.4702 -0.2779 0.5406 -0.5276 -0.3687 -0.5416 0.7741 0.1263 -0.6056 -0.1342 0.4044 0.3146 -0.6085 0.606 0.7077 -0.3729 -0.5441 -0.2532 0.9583 0.2175 0.1843 -0.0209 0.2964 0.6511 -0.2996 0.6312 0.58 -0.4916 -0.5485 -0.3479 0.9139 -1.0E-4 0.4048 0.0302
0.7338 -0.2248 -0.5266 -0.3657 0.6059 -0.5784 -0.4702 -0.2779 0.5406 -0.5276 -0.3687 -0.5416 0.7741 0.1263 -0.6056 -0.1342 0.4044 0.3146 -0.6085 0.606 0.7077 -0.3729 -0.5441 -0.2532 0.9583 0.2175 0.1843 -0.0209 0.2964 0.6511 -0.2996 0.6312 0.58 -0.4916 -0.5485 -0.3479 0.9139 -1.0E-4 0.4048 0.0302
0.7338 -0.2248 -0.5266 -0.3657 0.6059 -0.5784 -0.4702 -0.2779 0.5406 -0.5276 -0.3687 -0.5416 0.7741 0.1263 -0.6056 -0.1342 0.4044 0.3146 -0.6085 0.606 0.7077 -0.3729 -0.5441 -0.2532 0.9583 0.2175 0.1843 -0.0209 0.2964 0.6511 -0.2996 0.6312 0.58 -0.4916 -0.5485 -0.3479 0.9139 -1.0E-4 0.4048 0.0302
0.7397 -0.2285 -0.5287 -0.3479 0.6035 -0.5751 -0.4863 -0.2618 0.5406 -0.5276 -0.3687 -0.5416 0.7853 0.1099 -0.6053 -0.0693 0.4044 0.3146 -0.6085 0.606 0.7077 -0.3729 -0.5441 -0.2532 0.9561 0.162 0.2438 0.0168 0.2964 0.6511 -0.2996 0.6312 0.58 -0.4916 -0.5485 -0.3479 0.9012 -0.0047 0.4326 0.025
0.7397 -0.2285 -0.5287 -0.3479 0.6035 -0.5751 -0.4863 -0.2618 0.5406 -0.5276 -0.3687 -0.5416 0.7853 0.1099 -0.6053 -0.0693 0.4044 0.3146 -0.6085 0.606 0.7077 -0.3729 -0.5441 -0.2532 0.9561 0.162 0.2438 0.0168 0.2964 0.6511 -0.2996 0.6312 0.58 -0.4916 -0.5485 -0.3479 0.9012 -0.0047 0.4326 0.025
0.7397 -0.2285 -0.5287 -0.3479 0.6035 -0.5751 -0.4863 -0.2618 0.5406 -0.5276 -0.3687 -0.5416 0.7853 0.1099 -0.6053 -0.0693 0.4044 0.3146 -0.6085 0.606 0.7077 -0.3729 -0.5441 -0.2532 0.9561 0.162 0.2438 0.0168 0.2964 0.6511 -0.2996 0.6312 0.6356 -0.4982 -0.5042 -0.3058 0.9012 -0.0047 0.4326 0.025
0.7397 -0.2285 -0.5287 -0.3479 0.6035 -0.5751 -0.4863 -0.2618 0.5406 -0.5276 -0.3687 -0.5416 0.7853 0.1099 -0.6053 -0.0693 0.4044 0.3146 -0.6085 0.606 0.7077 -0.3729 -0.5441 -0.2532 0.9561 0.162 0.2438 0.0168 0.2964 0.6511 -0.2996 0.6312 0.6356 -0.4982 -0.5042 -0.3058 0.9012 -0.0047 0.4326 0.025
0.7397 -0.2285 -0.5287 -0.3479 0.6035 -0.5751 -0.4863 -0.2618 0.5406 -0.5276 -0.3687 -0.5416 0.7853 0.1099 -0.6053 -0.0693 0.4044 0.3146 -0.6085 0.606 0.7077 -0.3729 -0.5441 -0.2532 0.9561 0.162 0.2438 0.0168 0.2964 0.6511 -0.2996 0.6312 0.6356 -0.4982 -0.5042 -0.3058 0.9012 -0.0047 0.4326 0.025
0.7397 -0.2285 -0.5287 -0.3479 0.6035 -0.5751 -0.4863 -0.2618 0.5896 -0.5106 -0.4164 -0.4673 0.7853 0.1099 -0.6053 -0.0693 0.3732 0.3885 -0.6078 0.5835 0.7062 -0.346 -0.5682 -0.2422 0.9561 0.162 0.2438 0.0168 0.2427 0.6437 -0.2908 0.6649 0.6356 -0.4982 -0.5042 -0.3058 0.9012 -0.0047 0.4326 0.025
0.7397 -0.2285 -0.5287 -0.3479 0.6089 -0.5679 -0.5018 -0.2343 0.5896 -0.5106 -0.4164 -0.4673 0.7938 0.1215 -0.5957 -0.0172 0.3732 0.3885 -0.6078 0.5835 0.7062 -0.346 -0.5682 -0.2422 0.9413 0.1028 0.3217 0.0049 0.2427 0.6437 -0.2908 0.6649 0.6356 -0.4982 -0.5042 -0.3058 0.8552 -0.0232 0.5179 0.0025
0.7557 -0.2107 -0.5322 -0.3181 0.6089 -0.5679 -0.5018 -0.2343 0.5896 -0.5106 -0.4164 -0.4673 0.7938 0.1215 -0.5957 -0.0172 0.3732 0.3885 -0.6078 0.5835 0.7062 -0.346 -0.5682 -0.2422 0.9413 0.1028 0.3217 0.0049 0.2427 0.6437 -0.2908 0.6649 0.6356 -0.4982 -0.5042 -0.3058 0.8552 -0.0232 0.5179 0.0025
0.7557 -0.2107 -0.5322 -0.3181 0.6089 -0.5679 -0.5018 -0.2343 0.5896 -0.5106 -0.4164 -0.4673 0.7938 0.1215 -0.5957 -0.0172 0.3732 0.3885 -0.6078 0.5835 0.7062 -0.346 -0.5682 -0.2422 0.9413 0.1028 0.3217 0.0049 0.2427 0.6437 -0.2908 0.6649 0.6356 -0.4982 -0.5042 -0.3058 0.8552 -0.0232 0.5179 0.0025
0.7557 -0.2107 -0.5322 -0.3181 0.6089 -0.5679 -0.5018 -0.2343 0.5896 -0.5106 -0.4164 -0.4673 0.7938 0.1215 -0.5957 -0.0172 0.3732 0.3885 -0.6078 0.5835 0.7062 -0.346 -0.5682 -0.2422 0.9413 0.1028 0.3217 0.0049 0.2427 0.6437 -0.2908 0.6649 0.6832 -0.5106 -0.4547 -0.2568 0.8552 -0.0232 0.5179 0.0025
0.7557 -0.2107 -0.5322 -0.3181 0.6089 -0.5679 -0.5018 -0.2343 0.5896 -0.5106 -0.4164 -0.4673 0.7938 0.1215 -0.5957 -0.0172 0.3732 0.3885 -0.6078 0.5835 0.7062 -0.346 -0.5682 -0.2422 0.9413 0.1028 0.3217 0.0049 0.2427 0.6437 -0.2908 0.6649 0.6832 -0.5106 -0.4547 -0.2568 0.8552 -0.0232 0.5179 0.0025
0.7557 -0.2107 -0.5322 -0.3181 0.6089 -0.5679 -0.5018 -0.2343 0.5896 -0.5106 -0.4164 -0.4673 0.7938 0.1215 -0.5957 -0.0172 0.3732 0.3885 -0.6078 0.5835 0.7062 -0.346 -0.5682 -0.2422 0.9413 0.1028 0.3217 0.0049 0.2427 0.6437 -0.2908 0.6649 0.6832 -0.5106 -0.4547 -0.2568 0.8552 -0.0232 0.5179 0.0025
0.7557 -0.2107 -0.5322 -0.3181 0.6089 -0.5679 -0.5018 -0.2343 0.5961 -0.5018 -0.431 -0.4551 0.7938 0.1215 -0.5957 -0.0172 0.3696 0.3849 -0.626 0.5687 0.6818 -0.309 -0.6021 -0.2777 0.9413 0.1028 0.3217 0.0049 0.3169 0.5891 -0.2757 0.6903 0.6832 -0.5106 -0.4547 -0.2568 0.8552 -0.0232 0.5179 0.0025
0.7557 -0.2107 -0.5322 -0.3181 0.6294 -0.5515 -0.5152 -0.1854 0.5961 -0.5018 -0.431 -0.4551 0.7968 0.1432 -0.5869 0.0107 0.3696 0.3849 -0.626 0.5687 0.6818 -0.309 -0.6021 -0.2777 0.9306 0.1002 0.3521 0.0065 0.3169 0.5891 -0.2757 0.6903 0.6832 -0.5106 -0.4547 -0.2568 0.8552 -0.0232 0.5179 0.0025
0.7831 -0.1851 -0.5259 -0.2755 0.6294 -0.5515 -0.5152 -0.1854 0.5961 -0.5018 -0.431 -0.4551 0.7968 0.1432 -0.5869 0.0107 0.3696 0.3849 -0.626 0.5687 0.6818 -0.309 -0.6021 -0.2777 0.9306 0.1002 0.3521 0.0065 0.3169 0.5891 -0.2757 0.6903 0.6832 -0.5106 -0.4547 -0.2568 0.7178 -0.0438 0.6943 -0.0257
0.7831 -0.1851 -0.5259 -0.2755 0.6294 -0.5515 -0.5152 -0.1854 0.5961 -0.5018 -0.431 -0.4551 0.7968 0.1432 -0.5869 0.0107 0.3696 0.3849 -0.626 0.5687 0.6818 -0.309 -0.6021 -0.2777 0.9306 0.1002 0.3521 0.0065 0.3169 0.5891 -0.2757 0.6903 0.6832 -0.5106 -0.4547 -0.2568 0.7178 -0.0438 0.6943 -0.0257
0.7831 -0.1851 -0.5259 -0.2755 0.6294 -0.5515 -0.5152 -0.1854 0.5961 -0.5018 -0.431 -0.4551 0.7968 0.1432 -0.5869 0.0107 0.3696 0.3849 -0.626 0.5687 0.6818 -0.309 -0.6021 -0.2777 0.9306 0.1002 0.3521 0.0065 0.3169 0.5891 -0.2757 0.6903 0.7695 -0.4819 -0.3806 -0.176 0.7178 -0.0438 0.6943 -0.0257
0.7831 -0.1851 -0.5259 -0.2755 0.6294 -0.5515 -0.5152 -0.1854 0.5961 -0.5018 -0.431 -0.4551 0.7968 0.1432 -0.5869 0.0107 0.3696 0.3849 -0.626 0.5687 0.6818 -0.309 -0.6021 -0.2777 0.9306 0.1002 0.3521 0.0065 0.3169 0.5891 -0.2757 0.6903 0.7695 -0.4819 -0.3806 -0.176 0.7178 -0.0438 0.6943 -0.0257
0.7831 -0.1851 -0.5259 -0.2755 0.6294 -0.5515 -0.5152 -0.1854 0.5961 -0.5018 -0.431 -0.4551 0.7968 0.1432 -0.5869 0.0107 0.3696 0.3849 -0.626 0.5687 0.6818 -0.309 -0.6021 -0.2777 0.9306 0.1002 0.3521 0.0065 0.3169 0.5891 -0.2757 0.6903 0.7695 -0.4819 -0.3806 -0.176 0.7178 -0.0438 0.6943 -0.0257
0.7831 -0.1851 -0.5259 -0.2755 0.6294 -0.5515 -0.5152 -0.1854 0.5789 -0.5038 -0.4207 -0.4838 0.7906 0.1482 -0.5923 -0.0449 0.349 0.3837 -0.6257 0.5826 0.659 -0.2596 -0.6492 -0.2772 0.9306 0.1002 0.3521 0.0065 0.3869 0.5464 -0.1973 0.7161 0.7695 -0.4819 -0.3806 -0.176 0.7178 -0.0438 0.6943 -0.0257
0.7831 -0.1851 -0.5259 -0.2755 0.6576 -0.5393 -0.5155 -0.1047 0.5789 -0.5038 -0.4207 -0.4838 0.7906 0.1482 -0.5923 -0.0449 0.349 0.3837 -0.6257 0.5826 0.659 -0.2596 -0.6492 -0.2772 0.9306 0.1002 0.3521 0.0065 0.3869 0.5464 -0.1973 0.7161 0.7695 -0.4819 -0.3806 -0.176 0.7178 -0.0438 0.6943 -0.0257
0.7831 -0.1851 -0.5259 -0.2755 0.6576 -0.5393 -0.5155 -0.1047 0.5789 -0.5038 -0.4207 -0.4838 0.7906 0.1482 -0.5923 -0.0449 0.349 0.3837 -0.6257 0.5826 0.659 -0.2596 -0.6492 -0.2772 0.9306 0.1002 0.3521 0.0065 0.3869 0.5464 -0.1973 0.7161 0.7695 -0.4819 -0.3806 -0.176 0.7178 -0.0438 0.6943 -0.0257
0.8188 -0.1931 -0.4839 -0.2407 0.6576 -0.5393 -0.5155 -0.1047 0.5789 -0.5038 -0.4207 -0.4838 0.7906 0.1482 -0.5923 -0.0449 0.349 0.3837 -0.6257 0.5826 0.659 -0.2596 -0.6492 -0.2772 0.9306 0.1002 0.3521 0.0065 0.3869 0.5464 -0.1973 0.7161 0.7695 -0.4819 -0.3806 -0.176 0.7178 -0.0438 0.6943 -0.0257
0.8188 -0.1931 -0.4839 -0.2407 0.6576 -0.5393 -0.5155 -0.1047 0.5789 -0.5038 -0.4207 -0.4838 0.7906 0.1482 -0.5923 -0.0449 0.349 0.3837 -0.6257 0.5826 0.659 -0.2596 -0.6492 -0.2772 0.9306 0.1002 0.3521 0.0065 0.3869 0.5464 -0.1973 0.7161 0.7695 -0.4819 -0.3806 -0.176 0.7178 -0.0438 0.6943 -0.0257
0.8188 -0.1931 -0.4839 -0.2407 0.6576 -0.5393 -0.5155 -0.1047 0.5789 -0.5038 -0.4207 -0.4838 0.7906 0.1482 -0.5923 -0.0449 0.349 0.3837 -0.6257 0.5826 0.659 -0.2596 -0.6492 -0.2772 0.9306 0.1002 0.3521 0.0065 0.3869 0.5464 -0.1973 0.7161 0.8043 -0.4387 -0.361 -0.1741 0.7178 -0.0438 0.6943 -0.0257
0.8188 -0.1931 -0.4839 -0.2407 0.6576 -0.5393 -0.5155 -0.1047 0.5789 -0.5038 -0.4207 -0.4838 0.7906 0.1482 -0.5923 -0.0449 0.349 0.3837 -0.6257 0.5826 0.659 -0.2596 -0.6492 -0.2772 0.9306 0.1002 0.3521 0.0065 0.3869 0.5464 -0.1973 0.7161 0.8043 -0.4387 -0.361 -0.1741 0.7178 -0.0438 0.6943 -0.0257
0.8188 -0.1931 -0.4839 -0.2407 0.6576 -0.5393 -0.5155 -0.1047 0.5358 -0.5033 -0.415 -0.5361 0.7906 0.1482 -0.5923 -0.0449 0.3506 0.3823 -0.6401 0.5668 0.6378 -0.2476 -0.6624 -0.3054 0.9306 0.1002 0.3521 0.0065 0.41 0.5446 -0.2086 0.7012 0.8043 -0.4387 -0.361 -0.1741 0.7178 -0.0438 0.6943 -0.0257
0.8188 -0.1931 -0.4839 -0.2407 0.6406 -0.5583 -0.5214 -0.0773 0.5358 -0.5033 -0.415 -0.5361 0.7828 0.1727 -0.5925 -0.0792 0.3506 0.3823 -0.6401 0.5668 0.6378 -0.2476 -0.6624 -0.3054 0.9306 0.1002 0.3521 0.0065 0.41 0.5446 -0.2086 0.7012 0.8043 -0.4387 -0.361 -0.1741 0.7178 -0.0438 0.6943 -0.0257
0.8208 -0.1865 -0.4792 -0.2488 0.6406 -0.5583 -0.5214 -0.0773 0.5358 -0.5033 -0.415 -0.5361 0.7828 0.1727 -0.5925 -0.0792 0.3506 0.3823 -0.6401 0.5668 0.6378 -0.2476 -0.6624 -0.3054 0.9306 0.1002 0.3521 0.0065 0.41 0.5446 -0.2086 0.7012 0.8043 -0.4387 -0.361 -0.1741 0.4882 -0.0397 0.8718 0.0093
0.8208 -0.1865 -0.4792 -0.2488 0.6406 -0.5583 -0.5214 -0.0773 0.5358 -0.5033 -0.415 -0.5361 0.7828 0.1727 -0.5925 -0.0792 0.3506 0.3823 -0.6401 0.5668 0.6378 -0.2476 -0.6624 -0.3054 0.9306 0.1002 0.3521 0.0065 0.41 0.5446 -0.2086 0.7012 0.8043 -0.4387 -0.361 -0.1741 0.4882 -0.0397 0.8718 0.0093
0.8208 -0.1865 -0.4792 -0.2488 0.6406 -0.5583 -0.5214 -0.0773 0.5358 -0.5033 -0.415 -0.5361 0.7828 0.1727 -0.5925 -0.0792 0.3506 0.3823 -0.6401 0.5668 0.6378 -0.2476 -0.6624 -0.3054 0.9306 0.1002 0.3521 0.0065 0.41 0.5446 -0.2086 0.7012 0.8131 -0.4044 -0.3825 -0.1703 0.4882 -0.0397 0.8718 0.0093
0.8208 -0.1865 -0.4792 -0.2488 0.6406 -0.5583 -0.5214 -0.0773 0.5358 -0.5033 -0.415 -0.5361 0.7828 0.1727 -0.5925 -0.0792 0.3506 0.3823 -0.6401 0.5668 0.6378 -0.2476 -0.6624 -0.3054 0.9306 0.1002 0.3521 0.0065 0.41 0.5446 -0.2086 0.7012 0.8131 -0.4044 -0.3825 -0.1703 0.4882 -0.0397 0.8718 0.0093
0.8208 -0.1865 -0.4792 -0.2488 0.6406 -0.5583 -0.5214 -0.0773 0.5026 -0.5062 -0.4174 -0.563 0.7828 0.1727 -0.5925 -0.0792 0.3506 0.3823 -0.6401 0.5668 0.6378 -0.2476 -0.6624 -0.3054 0.9306 0.1002 0.3521 0.0065 0.415 0.5211 -0.2662 0.6967 0.8131 -0.4044 -0.3825 -0.1703 0.4882 -0.0397 0.8718 0.0093
0.8208 -0.1865 -0.4792 -0.2488 0.6406 -0.5583 -0.5214 -0.0773 0.5026 -0.5062 -0.4174 -0.563 0.7828 0.1727 -0.5925 -0.0792 0.3506 0.3823 -0.6401 0.5668 0.636 -0.2573 -0.6528 -0.321 0.9306 0.1002 0.3521 0.0065 0.415 0.5211 -0.2662 0.6967 0.8131 -0.4044 -0.3825 -0.1703 0.4882 -0.0397 0.8718 0.0093
0.8208 -0.1865 -0.4792 -0.2488 0.6406 -0.5583 -0.5214 -0.0773 0.5026 -0.5062 -0.4174 -0.563 0.7418 0.2075 -0.6227 -0.1379 0.3506 0.3823 -0.6401 0.5668 0.636 -0.2573 -0.6528 -0.321 0.9306 0.1002 0.3521 0.0065 0.415 0.5211 -0.2662 0.6967 0.8131 -0.4044 -0.3825 -0.1703 0.4882 -0.0397 0.8718 0.0093
0.8105 -0.1905 -0.4742 -0.2863 0.6406 -0.5583 -0.5214 -0.0773 0.5026 -0.5062 -0.4174 -0.563 0.7418 0.2075 -0.6227 -0.1379 0.3506 0.3823 -0.6401 0.5668 0.636 -0.2573 -0.6528 -0.321 0.9266 0.1274 0.3536 0.0085 0.415 0.5211 -0.2662 0.6967 0.8131 -0.4044 -0.3825 -0.1703 0.478 -0.0469 0.8766 0.0282
0.8105 -0.1905 -0.4742 -0.2863 0.6406 -0.5583 -0.5214 -0.0773 0.5026 -0.5062 -0.4174 -0.563 0.7418 0.2075 -0.6227 -0.1379 0.3506 0.3823 -0.6401 0.5668 0.636 -0.2573 -0.6528 -0.321 0.9266 0.1274 0.3536 0.0085 0.415 0.5211 -0.2662 0.6967 0.8131 -0.4044 -0.3825 -0.1703 0.478 -0.0469 0.8766 0.0282
0.8105 -0.1905 -0.4742 -0.2863 0.6406 -0.5583 -0.5214 -0.0773 0.5026 -0.5062 -0.4174 -0.563 0.7418 0.2075 -0.6227 -0.1379 0.3506 0.3823 -0.6401 0.5668 0.636 -0.2573 -0.6528 -0.321 0.9266 0.1274 0.3536 0.0085 0.415 0.5211 -0.2662 0.6967 0.8042 -0.413 -0.3937 -0.1665 0.478 -0.0469 0.8766 0.0282
0.8105 -0.1905 -0.4742 -0.2863 0.6406 -0.5583 -0.5214 -0.0773 0.5026 -0.5062 -0.4174 -0.563 0.7418 0.2075 -0.6227 -0.1379 0.3506 0.3823 -0.6401 0.5668 0.636 -0.2573 -0.6528 -0.321 0.9266 0.1274 0.3536 0.0085 0.415 0.5211 -0.2662 0.6967 0.8042 -0.413 -0.3937 -0.1665 0.478 -0.0469 0.8766 0.0282
0.8105 -0.1905 -0.4742 -0.2863 0.6406 -0.5583 -0.5214 -0.0773 0.494 -0.5239 -0.3983 -0.5682 0.7418 0.2075 -0.6227 -0.1379 0.3696 0.4263 -0.6418 0.5192 0.636 -0.2573 -0.6528 -0.321 0.9266 0.1274 0.3536 0.0085 0.3872 0.5294 -0.2718 0.7042 0.8042 -0.413 -0.3937 -0.1665 0.478 -0.0469 0.8766 0.0282
0.8105 -0.1905 -0.4742 -0.2863 0.6406 -0.5583 -0.5214 -0.0773 0.494 -0.5239 -0.3983 -0.5682 0.7418 0.2075 -0.6227 -0.1379 0.3696 0.4263 -0.6418 0.5192 0.636 -0.2573 -0.6528 -0.321 0.9266 0.1274 0.3536 0.0085 0.3872 0.5294 -0.2718 0.7042 0.8042 -0.413 -0.3937 -0.1665 0.478 -0.0469 0.8766 0.0282
0.8105 -0.1905 -0.4742 -0.2863 0.6309 -0.554 -0.533 -0.1051 0.494 -0.5239 -0.3983 -0.5682 0.7005 0.2276 -0.6414 -0.2145 0.3696 0.4263 -0.6418 0.5192 0.6426 -0.249 -0.6562 -0.3073 0.931 0.1095 0.3482 0.0011 0.3872 0.5294 -0.2718 0.7042 0.8042 -0.413 -0.3937 -0.1665 0.4871 -0.0557 0.8712 0.0278
0.7941 -0.1917 -0.4826 -0.3157 0.6309 -0.554 -0.533 -0.1051 0.494 -0.5239 -0.3983 -0.5682 0.7005 0.2276 -0.6414 -0.2145 0.3696 0.4263 -0.6418 0.5192 0.6426 -0.249 -0.6562 -0.3073 0.931 0.1095 0.3482 0.0011 0.3872 0.5294 -0.2718 0.7042 0.8042 -0.413 -0.3937 -0.1665 0.4871 -0.0557 0.8712 0.0278
0.7941 -0.1917 -0.4826 -0.3157 0.6309 -0.554 -0.533 -0.1051 0.494 -0.5239 -0.3983 -0.5682 0.7005 0.2276 -0.6414 -0.2145 0.3696 0.4263 -0.6418 0.5192 0.6426 -0.249 -0.6562 -0.3073 0.931 0.1095 0.3482 0.0011 0.3872 0.5294 -0.2718 0.7042 0.8042 -0.413 -0.3937 -0.1665 0.4871 -0.0557 0.8712 0.0278
0.7941 -0.1917 -0.4826 -0.3157 0.6309 -0.554 -0.533 -0.1051 0.494 -0.5239 -0.3983 -0.5682 0.7005 0.2276 -0.6414 -0.2145 0.3696 0.4263 -0.6418 0.5192 0.6426 -0.249 -0.6562 -0.3073 0.931 0.1095 0.3482 0.0011 0.3872 0.5294 -0.2718 0.7042 0.8042 -0.413 -0.3937 -0.1665 0.4871 -0.0557 0.8712 0.0278
0.7941 -0.1917 -0.4826 -0.3157 0.6309 -0.554 -0.533 -0.1051 0.5018 -0.5317 -0.3948 -0.5565 0.7005 0.2276 -0.6414 -0.2145 0.3696 0.4263 -0.6418 0.5192 0.6426 -0.249 -0.6562 -0.3073 0.931 0.1095 0.3482 0.0011 0.3872 0.5294 -0.2718 0.7042 0.7917 -0.4336 -0.4014 -0.1548 0.4871 -0.0557 0.8712 0.0278
0.7941 -0.1917 -0.4826 -0.3157 0.6309 -0.554 -0.533 -0.1051 0.5018 -0.5317 -0.3948 -0.5565 0.7005 0.2276 -0.6414 -0.2145 0.3704 0.444 -0.6343 0.5132 0.6472 -0.2314 -0.6601 -0.3031 0.931 0.1095 0.3482 0.0011 0.3597 0.5378 -0.2701 0.713 0.7917 -0.4336 -0.4014 -0.1548 0.4871 -0.0557 0.8712 0.0278
0.7941 -0.1917 -0.4826 -0.3157 0.6309 -0.554 -0.533 -0.1051 0.5018 -0.5317 -0.3948 -0.5565 0.7005 0.2276 -0.6414 -0.2145 0.3704 0.444 -0.6343 0.5132 0.6472 -0.2314 -0.6601 -0.3031 0.931 0.1095 0.3482 0.0011 0.3597 0.5378 -0.2701 0.713 0.7917 -0.4336 -0.4014 -0.1548 0.4871 -0.0557 0.8712 0.0278
0.7941 -0.1917 -0.4826 -0.3157 0.6315 -0.5464 -0.5269 -0.158 0.5018 -0.5317 -0.3948 -0.5565 0.7036 0.2029 -0.6458 -0.2162 0.3704 0.444 -0.6343 0.5132 0.6472 -0.2314 -0.6601 -0.3031 0.9329 0.1045 0.3448 0.001 0.3597 0.5378 -0.2701 0.713 0.7917 -0.4336 -0.4014 -0.1548 0.4871 -0.0557 0.8712 0.0278
0.7756 -0.1912 -0.5013 -0.3326 0.6315 -0.5464 -0.5269 -0.158 0.5018 -0.5317 -0.3948 -0.5565 0.7036 0.2029 -0.6458 -0.2162 0.3704 0.444 -0.6343 0.5132 0.6472 -0.2314 -0.6601 -0.3031 0.9329 0.1045 0.3448 0.001 0.3597 0.5378 -0.2701 0.713 0.7917 -0.4336 -0.4014 -0.1548 0.4708 -0.0854 0.8776 0.0284
0.7756 -0.1912 -0.5013 -0.3326 0.6315 -0.5464 -0.5269 -0.158 0.5018 -0.5317 -0.3948 -0.5565 0.7036 0.2029 -0.6458 -0.2162 0.3704 0.444 -0.6343 0.5132 0.6472 -0.2314 -0.6601 -0.3031 0.9329 0.1045 0.3448 0.001 0.3597 0.5378 -0.2701 0.713 0.7917 -0.4336 -0.4014 -0.1548 0.4708 -0.0854 0.8776 0.0284
0.7756 -0.1912 -0.5013 -0.3326 0.6315 -0.5464 -0.5269 -0.158 0.5018 -0.5317 -0.3948 -0.5565 0.7036 0.2029 -0.6458 -0.2162 0.3704 0.444 -0.6343 0.5132 0.6472 -0.2314 -0.6601 -0.3031 0.9329 0.1045 0.3448 0.001 0.3597 0.5378 -0.2701 0.713 0.7917 -0.4336 -0.4014 -0.1548 0.4708 -0.0854 0.8776 0.0284
0.7756 -0.1912 -0.5013 -0.3326 0.6315 -0.5464 -0.5269 -0.158 0.5018 -0.5317 -0.3948 -0.5565 0.7036 0.2029 -0.6458 -0.2162 0.3704 0.444 -0.6343 0.5132 0.6472 -0.2314 -0.6601 -0.3031 0.9329 0.1045 0.3448 0.001 0.3597 0.5378 -0.2701 0.713 0.7917 -0.4336 -0.4014 -0.1548 0.4708 -0.0854 0.8776 0.0284
0.7756 -0.1912 -0.5013 -0.3326 0.6315 -0.5464 -0.5269 -0.158 0.5125 -0.543 -0.3846 -0.5427 0.7036 0.2029 -0.6458 -0.2162 0.3723 0.4538 -0.6346 0.5027 0.653 -0.2023 -0.6686 -0.2925 0.9329 0.1045 0.3448 0.001 0.3607 0.5339 -0.2859 0.7092 0.799 -0.4171 -0.4017 -0.1625 0.4708 -0.0854 0.8776 0.0284
0.7756 -0.1912 -0.5013 -0.3326 0.6315 -0.5464 -0.5269 -0.158 0.5125 -0.543 -0.3846 -0.5427 0.7036 0.2029 -0.6458 -0.2162 0.3723 0.4538 -0.6346 0.5027 0.653 -0.2023 -0.6686 -0.2925 0.9329 0.1045 0.3448 0.001 0.3607 0.5339 -0.2859 0.7092 0.799 -0.4171 -0.4017 -0.1625 0.4708 -0.0854 0.8776 0.0284
0.7756 -0.1912 -0.5013 -0.3326 0.6258 -0.5398 -0.5245 -0.2045 0.5125 -0.543 -0.3846 -0.5427 0.7404 0.149 -0.6344 -0.1647 0.3723 0.4538 -0.6346 0.5027 0.653 -0.2023 -0.6686 -0.2925 0.9396 0.0787 0.3329 -0.0123 0.3607 0.5339 -0.2859 0.7092 0.799 -0.4171 -0.4017 -0.1625 0.4708 -0.0854 0.8776 0.0284
0.7588 -0.1967 -0.515 -0.3469 0.6258 -0.5398 -0.5245 -0.2045 0.5125 -0.543 -0.3846 -0.5427 0.7404 0.149 -0.6344 -0.1647 0.3723 0.4538 -0.6346 0.5027 0.653 -0.2023 -0.6686 -0.2925 0.9396 0.0787 0.3329 -0.0123 0.3607 0.5339 -0.2859 0.7092 0.799 -0.4171 -0.4017 -0.1625 0.423 -0.1294 0.8968 0.0023
0.7588 -0.1967 -0.515 -0.3469 0.6258 -0.5398 -0.5245 -0.2045 0.5125 -0.543 -0.3846 -0.5427 0.7404 0.149 -0.6344 -0.1647 0.3723 0.4538 -0.6346 0.5027 0.653 -0.2023 -0.6686 -0.2925 0.9396 0.0787 0.3329 -0.0123 0.3607 0.5339 -0.2859 0.7092 0.799 -0.4171 -0.4017 -0.1625 0.423 -0.1294 0.8968 0.0023
0.7588 -0.1967 -0.515 -0.3469 0.6258 -0.5398 -0.5245 -0.2045 0.5125 -0.543 -0.3846 -0.5427 0.7404 0.149 -0.6344 -0.1647 0.3723 0.4538 -0.6346 0.5027 0.653 -0.2023 -0.6686 -0.2925 0.9396 0.0787 0.3329 -0.0123 0.3607 0.5339 -0.2859 0.7092 0.7863 -0.4461 -0.3804 -0.1949 0.423 -0.1294 0.8968 0.0023
0.7588 -0.1967 -0.515 -0.3469 0.6258 -0.5398 -0.5245 -0.2045 0.5125 -0.543 -0.3846 -0.5427 0.7404 0.149 -0.6344 -0.1647 0.3723 0.4538 -0.6346 0.5027 0.653 -0.2023 -0.6686 -0.2925 0.9396 0.0787 0.3329 -0.0123 0.3607 0.5339 -0.2859 0.7092 0.7863 -0.4461 -0.3804 -0.1949 0.423 -0.1294 0.8968 0.0023
0.7588 -0.1967 -0.515 -0.3469 0.6258 -0.5398 -0.5245 -0.2045 0.5125 -0.543 -0.3846 -0.5427 0.7404 0.149 -0.6344 -0.1647 0.3723 0.4538 -0.6346 0.5027 0.653 -0.2023 -0.6686 -0.2925 0.9396 0.0787 0.3329 -0.0123 0.3607 0.5339 -0.2859 0.7092 0.7863 -0.4461 -0.3804 -0.1949 0.423 -0.1294 0.8968 0.0023
0.7588 -0.1967 -0.515 -0.3469 0.6258 -0.5398 -0.5245 -0.2045 0.5316 -0.5406 -0.3864 -0.5253 0.7894 0.1041 -0.6002 -0.0762 0.3754 0.4667 -0.6302 0.4941 0.6557 -0.1699 -0.6778 -0.286 0.9396 0.0787 0.3329 -0.0123 0.3929 0.5236 -0.309 0.6899 0.7863 -0.4461 -0.3804 -0.1949 0.423 -0.1294 0.8968 0.0023
0.7473 -0.2012 -0.5265 -0.352 0.6171 -0.5369 -0.527 -0.2307 0.5316 -0.5406 -0.3864 -0.5253 0.7894 0.1041 -0.6002 -0.0762 0.3754 0.4667 -0.6302 0.4941 0.6557 -0.1699 -0.6778 -0.286 0.9396 0.0787 0.3329 -0.0123 0.3929 0.5236 -0.309 0.6899 0.7863 -0.4461 -0.3804 -0.1949 0.423 -0.1294 0.8968 0.0023
0.7473 -0.2012 -0.5265 -0.352 0.6171 -0.5369 -0.527 -0.2307 0.5316 -0.5406 -0.3864 -0.5253 0.7894 0.1041 -0.6002 -0.0762 0.3754 0.4667 -0.6302 0.4941 0.6557 -0.1699 -0.6778 -0.286 0.9396 0.0787 0.3329 -0.0123 0.3929 0.5236 -0.309 0.6899 0.7863 -0.4461 -0.3804 -0.1949 0.423 -0.1294 0.8968 0.0023
0.7473 -0.2012 -0.5265 -0.352 0.6171 -0.5369 -0.527 -0.2307 0.5316 -0.5406 -0.3864 -0.5253 0.7894 0.1041 -0.6002 -0.0762 0.3754 0.4667 -0.6302 0.4941 0.6557 -0.1699 -0.6778 -0.286 0.9396 0.0787 0.3329 -0.0123 0.3929 0.5236 -0.309 0.6899 0.7863 -0.4461 -0.3804 -0.1949 0.423 -0.1294 0.8968 0.0023
0.7473 -0.2012 -0.5265 -0.352 0.6171 -0.5369 -0.527 -0.2307 0.5316 -0.5406 -0.3864 -0.5253 0.7894 0.1041 -0.6002 -0.0762 0.3754 0.4667 -0.6302 0.4941 0.6557 -0.1699 -0.6778 -0.286 0.9396 0.0787 0.3329 -0.0123 0.3929 0.5236 -0.309 0.6899 0.7216 -0.4973 -0.4028 -0.2644 0.423 -0.1294 0.8968 0.0023
0.7473 -0.2012 -0.5265 -0.352 0.6171 -0.5369 -0.527 -0.2307 0.5316 -0.5406 -0.3864 -0.5253 0.7894 0.1041 -0.6002 -0.0762 0.3754 0.4667 -0.6302 0.4941 0.6557 -0.1699 -0.6778 -0.286 0.9396 0.0787 0.3329 -0.0123 0.3929 0.5236 -0.309 0.6899 0.7216 -0.4973 -0.4028 -0.2644 0.423 -0.1294 0.8968 0.0023
0.7473 -0.2012 -0.5265 -0.352 0.6171 -0.5369 -0.527 -0.2307 0.5604 -0.5358 -0.3858 -0.5001 0.7894 0.1041 -0.6002 -0.0762 0.3981 0.4683 -0.6309 0.4733 0.6462 -0.1686 -0.6766 -0.3102 0.9396 0.0787 0.3329 -0.0123 0.4356 0.5132 -0.3156 0.6688 0.7216 -0.4973 -0.4028 -0.2644 0.423 -0.1294 0.8968 0.0023
0.7473 -0.2012 -0.5265 -0.352 0.6171 -0.5369 -0.527 -0.2307 0.5604 -0.5358 -0.3858 -0.5001 0.8193 0.0817 -0.5673 -0.0146 0.3981 0.4683 -0.6309 0.4733 0.6462 -0.1686 -0.6766 -0.3102 0.9396 0.0787 0.3329 -0.0123 0.4356 0.5132 -0.3156 0.6688 0.7216 -0.4973 -0.4028 -0.2644 0.423 -0.1294 0.8968 0.0023
0.7473 -0.2012 -0.5265 -0.352 0.6171 -0.5369 -0.527 -0.2307 0.5604 -0.5358 -0.3858 -0.5001 0.8193 0.0817 -0.5673 -0.0146 0.3981 0.4683 -0.6309 0.4733 0.6462 -0.1686 -0.6766 -0.3102 0.9396 0.0787 0.3329 -0.0123 0.4356 0.5132 -0.3156 0.6688 0.7216 -0.4973 -0.4028 -0.2644 0.8067 -0.0363 0.5834 0.0871
0.7474 -0.1906 -0.5391 -0.3385 0.6171 -0.5369 -0.527 -0.2307 0.5604 -0.5358 -0.3858 -0.5001 0.8193 0.0817 -0.5673 -0.0146 0.3981 0.4683 -0.6309 0.4733 0.6462 -0.1686 -0.6766 -0.3102 0.9396 0.0787 0.3329 -0.0123 0.4356 0.5132 -0.3156 0.6688 0.7216 -0.4973 -0.4028 -0.2644 0.8067 -0.0363 0.5834 0.0871
0.7474 -0.1906 -0.5391 -0.3385 0.6171 -0.5369 -0.527 -0.2307 0.5604 -0.5358 -0.3858 -0.5001 0.8193 0.0817 -0.5673 -0.0146 0.3981 0.4683 -0.6309 0.4733 0.6462 -0.1686 -0.6766 -0.3102 0.9396 0.0787 0.3329 -0.0123 0.4356 0.5132 -0.3156 0.6688 0.7216 -0.4973 -0.4028 -0.2644 0.8067 -0.0363 0.5834 0.0871
0.7474 -0.1906 -0.5391 -0.3385 0.6171 -0.5369 -0.527 -0.2307 0.5604 -0.5358 -0.3858 -0.5001 0.8193 0.0817 -0.5673 -0.0146 0.3981 0.4683 -0.6309 0.4733 0.6462 -0.1686 -0.6766 -0.3102 0.9396 0.0787 0.3329 -0.0123 0.4356 0.5132 -0.3156 0.6688 0.7216 -0.4973 -0.4028 -0.2644 0.8067 -0.0363 0.5834 0.0871
0.7474 -0.1906 -0.5391 -0.3385 0.6171 -0.5369 -0.527 -0.2307 0.5604 -0.5358 -0.3858 -0.5001 0.8193 0.0817 -0.5673 -0.0146 0.3981 0.4683 -0.6309 0.4733 0.6462 -0.1686 -0.6766 -0.3102 0.9396 0.0787 0.3329 -0.0123 0.4356 0.5132 -0.3156 0.6688 0.7216 -0.4973 -0.4028 -0.2644 0.8067 -0.0363 0.5834 0.0871
0.7474 -0.1906 -0.5391 -0.3385 0.6171 -0.5369 -0.527 -0.2307 0.597 -0.5228 -0.3897 -0.4673 0.8193 0.0817 -0.5673 -0.0146 0.428 0.4517 -0.6347 0.4582 0.6331 -0.1716 -0.6633 -0.3604 0.9396 0.0787 0.3329 -0.0123 0.4527 0.5201 -0.3152 0.652 0.6514 -0.4262 -0.5228 -0.3475 0.8067 -0.0363 0.5834 0.0871
0.7474 -0.1906 -0.5391 -0.3385 0.6171 -0.5369 -0.527 -0.2307 0.597 -0.5228 -0.3897 -0.4673 0.8193 0.0817 -0.5673 -0.0146 0.428 0.4517 -0.6347 0.4582 0.6331 -0.1716 -0.6633 -0.3604 0.9396 0.0787 0.3329 -0.0123 0.4527 0.5201 -0.3152 0.652 0.6514 -0.4262 -0.5228 -0.3475 0.8067 -0.0363 0.5834 0.0871
0.7474 -0.1906 -0.5391 -0.3385 0.6167 -0.5253 -0.5474 -0.21 0.597 -0.5228 -0.3897 -0.4673 0.8231 0.0928 -0.56 0.0159 0.428 0.4517 -0.6347 0.4582 0.6331 -0.1716 -0.6633 -0.3604 0.8782 0.1034 0.4661 -0.0277 0.4527 0.5201 -0.3152 0.652 0.6514 -0.4262 -0.5228 -0.3475 0.8067 -0.0363 0.5834 0.0871
0.7568 -0.1776 -0.5468 -0.3112 0.6167 -0.5253 -0.5474 -0.21 0.597 -0.5228 -0.3897 -0.4673 0.8231 0.0928 -0.56 0.0159 0.428 0.4517 -0.6347 0.4582 0.6331 -0.1716 -0.6633 -0.3604 0.8782 0.1034 0.4661 -0.0277 0.4527 0.5201 -0.3152 0.652 0.6514 -0.4262 -0.5228 -0.3475 0.9208 -0.0045 0.3812 0.0823
0.7568 -0.1776 -0.5468 -0.3112 0.6167 -0.5253 -0.5474 -0.21 0.597 -0.5228 -0.3897 -0.4673 0.8231 0.0928 -0.56 0.0159 0.428 0.4517 -0.6347 0.4582 0.6331 -0.1716 -0.6633 -0.3604 0.8782 0.1034 0.4661 -0.0277 0.4527 0.5201 -0.3152 0.652 0.6514 -0.4262 -0.5228 -0.3475 0.9208 -0.0045 0.3812 0.0823
0.7568 -0.1776 -0.5468 -0.3112 0.6167 -0.5253 -0.5474 -0.21 0.597 -0.5228 -0.3897 -0.4673 0.8231 0.0928 -0.56 0.0159 0.428 0.4517 -0.6347 0.4582 0.6331 -0.1716 -0.6633 -0.3604 0.8782 0.1034 0.4661 -0.0277 0.4527 0.5201 -0.3152 0.652 0.6514 -0.4262 -0.5228 -0.3475 0.9208 -0.0045 0.3812 0.0823
0.7568 -0.1776 -0.5468 -0.3112 0.6167 -0.5253 -0.5474 -0.21 0.6125 -0.5217 -0.3928 -0.4454 0.8231 0.0928 -0.56 0.0159 0.428 0.4517 -0.6347 0.4582 0.6331 -0.1716 -0.6633 -0.3604 0.8782 0.1034 0.4661 -0.0277 0.4275 0.5797 -0.3095 0.6208 0.5093 -0.3771 -0.618 -0.4652 0.9208 -0.0045 0.3812 0.0823
0.7568 -0.1776 -0.5468 -0.3112 0.6167 -0.5253 -0.5474 -0.21 0.6125 -0.5217 -0.3928 -0.4454 0.8231 0.0928 -0.56 0.0159 0.428 0.4517 -0.6347 0.4582 0.6151 -0.1672 -0.6434 -0.424 0.8782 0.1034 0.4661 -0.0277 0.4275 0.5797 -0.3095 0.6208 0.5093 -0.3771 -0.618 -0.4652 0.9208 -0.0045 0.3812 0.0823
0.7568 -0.1776 -0.5468 -0.3112 0.6167 -0.5253 -0.5474 -0.21 0.6125 -0.5217 -0.3928 -0.4454 0.8231 0.0928 -0.56 0.0159 0.428 0.4517 -0.6347 0.4582 0.6151 -0.1672 -0.6434 -0.424 0.8782 0.1034 0.4661 -0.0277 0.4275 0.5797 -0.3095 0.6208 0.5093 -0.3771 -0.618 -0.4652 0.9208 -0.0045 0.3812 0.0823
0.7568 -0.1776 -0.5468 -0.3112 0.6076 -0.5414 -0.5519 -0.182 0.6125 -0.5217 -0.3928 -0.4454 0.8147 0.1085 -0.5696 0.01 0.428 0.4517 -0.6347 0.4582 0.6151 -0.1672 -0.6434 -0.424 0.8782 0.1034 0.4661 -0.0277 0.4275 0.5797 -0.3095 0.6208 0.5093 -0.3771 -0.618 -0.4652 0.9711 -0.0054 0.2297 0.0654
0.7606 -0.1849 -0.5428 -0.3043 0.6076 -0.5414 -0.5519 -0.182 0.6125 -0.5217 -0.3928 -0.4454 0.8147 0.1085 -0.5696 0.01 0.428 0.4517 -0.6347 0.4582 0.6151 -0.1672 -0.6434 -0.424 0.8782 0.1034 0.4661 -0.0277 0.4275 0.5797 -0.3095 0.6208 0.5093 -0.3771 -0.618 -0.4652 0.9711 -0.0054 0.2297 0.0654
0.7606 -0.1849 -0.5428 -0.3043 0.6076 -0.5414 -0.5519 -0.182 0.6125 -0.5217 -0.3928 -0.4454 0.8147 0.1085 -0.5696 0.01 0.428 0.4517 -0.6347 0.4582 0.6151 -0.1672 -0.6434 -0.424 0.8782 0.1034 0.4661 -0.0277 0.4275 0.5797 -0.3095 0.6208 0.5093 -0.3771 -0.618 -0.4652 0.9711 -0.0054 0.2297 0.0654
0.7606 -0.1849 -0.5428 -0.3043 0.6076 -0.5414 -0.5519 -0.182 0.6125 -0.5217 -0.3928 -0.4454 0.8147 0.1085 -0.5696 0.01 0.428 0.4517 -0.6347 0.4582 0.6151 -0.1672 -0.6434 -0.424 0.8782 0.1034 0.4661 -0.0277 0.4275 0.5797 -0.3095 0.6208 0.5093 -0.3771 -0.618 -0.4652 0.9711 -0.0054 0.2297 0.0654
0.7606 -0.1849 -0.5428 -0.3043 0.6076 -0.5414 -0.5519 -0.182 0.6125 -0.5217 -0.3928 -0.4454 0.8147 0.1085 -0.5696 0.01 0.428 0.4517 -0.6347 0.4582 0.6151 -0.1672 -0.6434 -0.424 0.8782 0.1034 0.4661 -0.0277 0.4275 0.5797 -0.3095 0.6208 0.4509 -0.3454 -0.6816 -0.4613 0.9711 -0.0054 0.2297 0.0654
0.7606 -0.1849 -0.5428 -0.3043 0.6076 -0.5414 -0.5519 -0.182 0.6125 -0.5217 -0.3928 -0.4454 0.8147 0.1085 -0.5696 0.01 0.488 0.399 -0.6274 0.4572 0.6151 -0.1672 -0.6434 -0.424 0.8782 0.1034 0.4661 -0.0277 0.4534 0.5888 -0.3199 0.5876 0.4509 -0.3454 -0.6816 -0.4613 0.9711 -0.0054 0.2297 0.0654
0.7606 -0.1849 -0.5428 -0.3043 0.6076 -0.5414 -0.5519 -0.182 0.6125 -0.5217 -0.3928 -0.4454 0.8147 0.1085 -0.5696 0.01 0.488 0.399 -0.6274 0.4572 0.6151 -0.1672 -0.6434 -0.424 0.8782 0.1034 0.4661 -0.0277 0.4534 0.5888 -0.3199 0.5876 0.4509 -0.3454 -0.6816 -0.4613 0.9711 -0.0054 0.2297 0.0654
0.7606 -0.1849 -0.5428 -0.3043 0.5949 -0.5519 -0.5562 -0.1793 0.6125 -0.5217 -0.3928 -0.4454 0.8043 0.1354 -0.5768 -0.0455 0.488 0.399 -0.6274 0.4572 0.5972 -0.1378 -0.6365 -0.4681 0.7681 0.1318 0.6262 -0.0253 0.4534 0.5888 -0.3199 0.5876 0.4509 -0.3454 -0.6816 -0.4613 0.9651 0.0076 0.2603 0.029
0.761 -0.2005 -0.5331 -0.3104 0.5949 -0.5519 -0.5562 -0.1793 0.6125 -0.5217 -0.3928 -0.4454 0.8043 0.1354 -0.5768 -0.0455 0.488 0.399 -0.6274 0.4572 0.5972 -0.1378 -0.6365 -0.4681 0.7681 0.1318 0.6262 -0.0253 0.4534 0.5888 -0.3199 0.5876 0.4509 -0.3454 -0.6816 -0.4613 0.9651 0.0076 0.2603 0.029
0.761 -0.2005 -0.5331 -0.3104 0.5949 -0.5519 -0.5562 -0.1793 0.6125 -0.5217 -0.3928 -0.4454 0.8043 0.1354 -0.5768 -0.0455 0.488 0.399 -0.6274 0.4572 0.5972 -0.1378 -0.6365 -0.4681 0.7681 0.1318 0.6262 -0.0253 0.4534 0.5888 -0.3199 0.5876 0.4509 -0.3454 -0.6816 -0.4613 0.9651 0.0076 0.2603 0.029
0.761 -0.2005 -0.5331 -0.3104 0.5949 -0.5519 -0.5562 -0.1793 0.6125 -0.5217 -0.3928 -0.4454 0.8043 0.1354 -0.5768 -0.0455 0.488 0.399 -0.6274 0.4572 0.5972 -0.1378 -0.6365 -0.4681 0.7681 0.1318 0.6262 -0.0253 0.4534 0.5888 -0.3199 0.5876 0.4509 -0.3454 -0.6816 -0.4613 0.9651 0.0076 0.2603 0.029
0.761 -0.2005 -0.5331 -0.3104 0.5949 -0.5519 -0.5562 -0.1793 0.6125 -0.5217 -0.3928 -0.4454 0.8043 0.1354 -0.5768 -0.0455 0.488 0.399 -0.6274 0.4572 0.5972 -0.1378 -0.6365 -0.4681 0.7681 0.1318 0.6262 -0.0253 0.4534 0.5888 -0.3199 0.5876 0.4509 -0.3454 -0.6816 -0.4613 0.9651 0.0076 0.2603 0.029
0.761 -0.2005 -0.5331 -0.3104 0.5949 -0.5519 -0.5562 -0.1793 0.6028 -0.5044 -0.3967 -0.4742 0.8043 0.1354 -0.5768 -0.0455 0.488 0.399 -0.6274 0.4572 0.5972 -0.1378 -0.6365 -0.4681 0.7681 0.1318 0.6262 -0.0253 0.4839 0.5755 -0.3205 0.5761 0.4607 -0.4379 -0.6176 -0.4631 0.9651 0.0076 0.2603 0.029
0.761 -0.2005 -0.5331 -0.3104 0.5949 -0.5519 -0.5562 -0.1793 0.6028 -0.5044 -0.3967 -0.4742 0.8043 0.1354 -0.5768 -0.0455 0.488 0.399 -0.6274 0.4572 0.5972 -0.1378 -0.6365 -0.4681 0.7681 0.1318 0.6262 -0.0253 0.4839 0.5755 -0.3205 0.5761 0.4607 -0.4379 -0.6176 -0.4631 0.9651 0.0076 0.2603 0.029
0.761 -0.2005 -0.5331 -0.3104 0.5927 -0.5653 -0.5345 -0.2086 0.6028 -0.5044 -0.3967 -0.4742 0.7966 0.1254 -0.5848 -0.0873 0.4997 0.3841 -0.6233 0.4628 0.5627 -0.0903 -0.6388 -0.5169 0.7681 0.1318 0.6262 -0.0253 0.4839 0.5755 -0.3205 0.5761 0.4607 -0.4379 -0.6176 -0.4631 0.9391 0.0092 0.3421 0.0294
0.7474 -0.2203 -0.5363 -0.3245 0.5927 -0.5653 -0.5345 -0.2086 0.6028 -0.5044 -0.3967 -0.4742 0.7966 0.1254 -0.5848 -0.0873 0.4997 0.3841 -0.6233 0.4628 0.5627 -0.0903 -0.6388 -0.5169 0.7681 0.1318 0.6262 -0.0253 0.4839 0.5755 -0.3205 0.5761 0.4607 -0.4379 -0.6176 -0.4631 0.9391 0.0092 0.3421 0.0294
0.7474 -0.2203 -0.5363 -0.3245 0.5927 -0.5653 -0.5345 -0.2086 0.6028 -0.5044 -0.3967 -0.4742 0.7966 0.1254 -0.5848 -0.0873 0.4997 0.3841 -0.6233 0.4628 0.5627 -0.0903 -0.6388 -0.5169 0.7681 0.1318 0.6262 -0.0253 0.4839 0.5755 -0.3205 0.5761 0.4607 -0.4379 -0.6176 -0.4631 0.9391 0.0092 0.3421 0.0294
0.7474 -0.2203 -0.5363 -0.3245 0.5927 -0.5653 -0.5345 -0.2086 0.6028 -0.5044 -0.3967 -0.4742 0.7966 0.1254 -0.5848 -0.0873 0.4997 0.3841 -0.6233 0.4628 0.5627 -0.0903 -0.6388 -0.5169 0.7681 0.1318 0.6262 -0.0253 0.4839 0.5755 -0.3205 0.5761 0.4607 -0.4379 -0.6176 -0.4631 0.9391 0.0092 0.3421 0.0294
0.7474 -0.2203 -0.5363 -0.3245 0.5927 -0.5653 -0.5345 -0.2086 0.6028 -0.5044 -0.3967 -0.4742 0.7966 0.1254 -0.5848 -0.0873 0.4997 0.3841 -0.6233 0.4628 0.5627 -0.0903 -0.6388 -0.5169 0.7681 0.1318 0.6262 -0.0253 0.4839 0.5755 -0.3205 0.5761 0.4607 -0.4379 -0.6176 -0.4631 0.9391 0.0092 0.3421 0.0294
0.7474 -0.2203 -0.5363 -0.3245 0.5927 -0.5653 -0.5345 -0.2086 0.6028 -0.5044 -0.3967 -0.4742 0.7966 0.1254 -0.5848 -0.0873 0.4702 0.3353 -0.6144 0.5376 0.5379 -0.0873 -0.599 -0.5867 0.7681 0.1318 0.6262 -0.0253 0.4344 0.6144 -0.2883 0.5922 0.4607 -0.4379 -0.6176 -0.4631 0.9391 0.0092 0.3421 0.0294
0.7474 -0.2203 -0.5363 -0.3245 0.5927 -0.5653 -0.5345 -0.2086 0.6028 -0.5044 -0.3967 -0.4742 0.7966 0.1254 -0.5848 -0.0873 0.4702 0.3353 -0.6144 0.5376 0.5379 -0.0873 -0.599 -0.5867 0.7681 0.1318 0.6262 -0.0253 0.4344 0.6144 -0.2883 0.5922 0.4607 -0.4379 -0.6176 -0.4631 0.9391 0.0092 0.3421 0.0294
0.7474 -0.2203 -0.5363 -0.3245 0.5955 -0.5628 -0.5256 -0.2288 0.6028 -0.5044 -0.3967 -0.4742 0.7917 0.1199 -0.5799 -0.15 0.4702 0.3353 -0.6144 0.5376 0.5379 -0.0873 -0.599 -0.5867 0.5264 0.2166 0.8103 -0.1395 0.4344 0.6144 -0.2883 0.5922 0.4607 -0.4379 -0.6176 -0.4631 0.9352 0.0136 0.3519 0.0352
0.751 -0.2233 -0.5206 -0.3393 0.5955 -0.5628 -0.5256 -0.2288 0.6028 -0.5044 -0.3967 -0.4742 0.7917 0.1199 -0.5799 -0.15 0.4702 0.3353 -0.6144 0.5376 0.5379 -0.0873 -0.599 -0.5867 0.5264 0.2166 0.8103 -0.1395 0.4344 0.6144 -0.2883 0.5922 0.4607 -0.4379 -0.6176 -0.4631 0.9352 0.0136 0.3519 0.0352
0.751 -0.2233 -0.5206 -0.3393 0.5955 -0.5628 -0.5256 -0.2288 0.6028 -0.5044 -0.3967 -0.4742 0.7917 0.1199 -0.5799 -0.15 0.4702 0.3353 -0.6144 0.5376 0.5379 -0.0873 -0.599 -0.5867 0.5264 0.2166 0.8103 -0.1395 0.4344 0.6144 -0.2883 0.5922 0.4607 -0.4379 -0.6176 -0.4631 0.9352 0.0136 0.3519 0.0352
0.751 -0.2233 -0.5206 -0.3393 0.5955 -0.5628 -0.5256 -0.2288 0.6028 -0.5044 -0.3967 -0.4742 0.7917 0.1199 -0.5799 -0.15 0.4702 0.3353 -0.6144 0.5376 0.5379 -0.0873 -0.599 -0.5867 0.5264 0.2166 0.8103 -0.1395 0.4344 0.6144 -0.2883 0.5922 0.4607 -0.4379 -0.6176 -0.4631 0.9352 0.0136 0.3519 0.0352
0.751 -0.2233 -0.5206 -0.3393 0.5955 -0.5628 -0.5256 -0.2288 0.5297 -0.5229 -0.3428 -0.5731 0.7917 0.1199 -0.5799 -0.15 0.4413 0.2985 -0.6058 0.5908 0.5379 -0.0873 -0.599 -0.5867 0.5264 0.2166 0.8103 -0.1395 0.4013 0.6258 -0.2982 0.5987 0.514 -0.5028 -0.5705 -0.3969 0.9352 0.0136 0.3519 0.0352
0.751 -0.2233 -0.5206 -0.3393 0.5955 -0.5628 -0.5256 -0.2288 0.5297 -0.5229 -0.3428 -0.5731 0.7917 0.1199 -0.5799 -0.15 0.4413 0.2985 -0.6058 0.5908 0.5379 -0.0873 -0.599 -0.5867 0.5264 0.2166 0.8103 -0.1395 0.4013 0.6258 -0.2982 0.5987 0.514 -0.5028 -0.5705 -0.3969 0.9352 0.0136 0.3519 0.0352
0.751 -0.2233 -0.5206 -0.3393 0.5955 -0.5628 -0.5256 -0.2288 0.5297 -0.5229 -0.3428 -0.5731 0.7917 0.1199 -0.5799 -0.15 0.4413 0.2985 -0.6058 0.5908 0.5379 -0.0873 -0.599 -0.5867 0.5264 0.2166 0.8103 -0.1395 0.4013 0.6258 -0.2982 0.5987 0.514 -0.5028 -0.5705 -0.3969 0.9352 0.0136 0.3519 0.0352
0.751 -0.2233 -0.5206 -0.3393 0.5961 -0.5759 -0.5016 -0.2477 0.5297 -0.5229 -0.3428 -0.5731 0.7839 0.1641 -0.565 -0.1981 0.4413 0.2985 -0.6058 0.5908 0.5703 -0.1324 -0.5956 -0.5499 0.7562 0.1616 0.6035 -0.1947 0.4013 0.6258 -0.2982 0.5987 0.514 -0.5028 -0.5705 -0.3969 0.9305 0.011 0.3647 0.0303
0.7467 -0.2299 -0.5184 -0.3476 0.5961 -0.5759 -0.5016 -0.2477 0.5297 -0.5229 -0.3428 -0.5731 0.7839 0.1641 -0.565 -0.1981 0.4413 0.2985 -0.6058 0.5908 0.5703 -0.1324 -0.5956 -0.5499 0.7562 0.1616 0.6035 -0.1947 0.4013 0.6258 -0.2982 0.5987 0.514 -0.5028 -0.5705 -0.3969 0.9305 0.011 0.3647 0.0303
0.7467 -0.2299 -0.5184 -0.3476 0.5961 -0.5759 -0.5016 -0.2477 0.5297 -0.5229 -0.3428 -0.5731 0.7839 0.1641 -0.565 -0.1981 0.4413 0.2985 -0.6058 0.5908 0.5703 -0.1324 -0.5956 -0.5499 0.7562 0.1616 0.6035 -0.1947 0.4013 0.6258 -0.2982 0.5987 0.514 -0.5028 -0.5705 -0.3969 0.9305 0.011 0.3647 0.0303
0.7467 -0.2299 -0.5184 -0.3476 0.5961 -0.5759 -0.5016 -0.2477 0.5297 -0.5229 -0.3428 -0.5731 0.7839 0.1641 -0.565 -0.1981 0.4413 0.2985 -0.6058 0.5908 0.5703 -0.1324 -0.5956 -0.5499 0.7562 0.1616 0.6035 -0.1947 0.4013 0.6258 -0.2982 0.5987 0.514 -0.5028 -0.5705 -0.3969 0.9305 0.011 0.3647 0.0303
0.7467 -0.2299 -0.5184 -0.3476 0.5961 -0.5759 -0.5016 -0.2477 0.5297 -0.5229 -0.3428 -0.5731 0.7839 0.1641 -0.565 -0.1981 0.4413 0.2985 -0.6058 0.5908 0.5703 -0.1324 -0.5956 -0.5499 0.7562 0.1616 0.6035 -0.1947 0.4013 0.6258 -0.2982 0.5987 0.514 -0.5028 -0.5705 -0.3969 0.9305 0.011 0.3647 0.0303
0.7467 -0.2299 -0.5184 -0.3476 0.5961 -0.5759 -0.5016 -0.2477 0.5297 -0.5229 -0.3428 -0.5731 0.7839 0.1641 -0.565 -0.1981 0.4413 0.2985 -0.6058 0.5908 0.5703 -0.1324 -0.5956 -0.5499 0.7562 0.1616 0.6035 -0.1947 0.4013 0.6258 -0.2982 0.5987 0.514 -0.5028 -0.5705 -0.3969 0.9305 0.011 0.3647 0.0303
0.7467 -0.2299 -0.5184 -0.3476 0.5961 -0.5759 -0.5016 -0.2477 0.5222 -0.5262 -0.3428 -0.5769 0.7657 0.2101 -0.5701 -0.2112 0.4087 0.3043 -0.6055 0.6114 0.66 -0.2733 -0.5712 -0.4044 0.7562 0.1616 0.6035 -0.1947 0.3472 0.6464 -0.2933 0.6129 0.5292 -0.5046 -0.566 -0.3808 0.9305 0.011 0.3647 0.0303
0.7467 -0.2299 -0.5184 -0.3476 0.5961 -0.5759 -0.5016 -0.2477 0.5222 -0.5262 -0.3428 -0.5769 0.7657 0.2101 -0.5701 -0.2112 0.4087 0.3043 -0.6055 0.6114 0.66 -0.2733 -0.5712 -0.4044 0.7562 0.1616 0.6035 -0.1947 0.3472 0.6464 -0.2933 0.6129 0.5292 -0.5046 -0.566 -0.3808 0.9305 0.011 0.3647 0.0303
0.7517 -0.2239 -0.5149 -0.3459 0.5961 -0.5759 -0.5016 -0.2477 0.5222 -0.5262 -0.3428 -0.5769 0.7657 0.2101 -0.5701 -0.2112 0.4087 0.3043 -0.6055 0.6114 0.66 -0.2733 -0.5712 -0.4044 0.7562 0.1616 0.6035 -0.1947 0.3472 0.6464 -0.2933 0.6129 0.5292 -0.5046 -0.566 -0.3808 0.9272 0.0131 0.373 0.0309
0.7517 -0.2239 -0.5149 -0.3459 0.5961 -0.5759 -0.5016 -0.2477 0.5222 -0.5262 -0.3428 -0.5769 0.7657 0.2101 -0.5701 -0.2112 0.4087 0.3043 -0.6055 0.6114 0.66 -0.2733 -0.5712 -0.4044 0.7562 0.1616 0.6035 -0.1947 0.3472 0.6464 -0.2933 0.6129 0.5292 -0.5046 -0.566 -0.3808 0.9272 0.0131 0.373 0.0309
0.7517 -0.2239 -0.5149 -0.3459 0.5961 -0.5759 -0.5016 -0.2477 0.5222 -0.5262 -0.3428 -0.5769 0.7657 0.2101 -0.5701 -0.2112 0.4087 0.3043 -0.6055 0.6114 0.66 -0.2733 -0.5712 -0.4044 0.7562 0.1616 0.6035 -0.1947 0.3472 0.6464 -0.2933 0.6129 0.5292 -0.5046 -0.566 -0.3808 0.9272 0.0131 0.373 0.0309
0.7517 -0.2239 -0.5149 -0.3459 0.5961 -0.5759 -0.5016 -0.2477 0.5222 -0.5262 -0.3428 -0.5769 0.7657 0.2101 -0.5701 -0.2112 0.4087 0.3043 -0.6055 0.6114 0.66 -0.2733 -0.5712 -0.4044 0.7562 0.1616 0.6035 -0.1947 0.3472 0.6464 -0.2933 0.6129 0.5292 -0.5046 -0.566 -0.3808 0.9272 0.0131 0.373 0.0309
0.7517 -0.2239 -0.5149 -0.3459 0.5961 -0.5759 -0.5016 -0.2477 0.5222 -0.5262 -0.3428 -0.5769 0.7657 0.2101 -0.5701 -0.2112 0.4087 0.3043 -0.6055 0.6114 0.66 -0.2733 -0.5712 -0.4044 0.7562 0.1616 0.6035 -0.1947 0.3472 0.6464 -0.2933 0.6129 0.5292 -0.5046 -0.566 -0.3808 0.9272 0.0131 0.373 0.0309
0.7517 -0.2239 -0.5149 -0.3459 0.5961 -0.5759 -0.5016 -0.2477 0.5222 -0.5262 -0.3428 -0.5769 0.7657 0.2101 -0.5701 -0.2112 0.3822 0.3325 -0.6011 0.6182 0.7092 -0.3677 -0.5328 -0.2791 0.7562 0.1616 0.6035 -0.1947 0.3032 0.6583 -0.2922 0.6239 0.5456 -0.5067 -0.5566 -0.3685 0.9272 0.0131 0.373 0.0309
0.7517 -0.2239 -0.5149 -0.3459 0.6027 -0.5708 -0.4987 -0.2495 0.5222 -0.5262 -0.3428 -0.5769 0.7657 0.2101 -0.5701 -0.2112 0.3822 0.3325 -0.6011 0.6182 0.7092 -0.3677 -0.5328 -0.2791 0.7562 0.1616 0.6035 -0.1947 0.3032 0.6583 -0.2922 0.6239 0.5456 -0.5067 -0.5566 -0.3685 0.9272 0.0131 0.373 0.0309
0.7501 -0.2254 -0.5196 -0.3414 0.6027 -0.5708 -0.4987 -0.2495 0.5222 -0.5262 -0.3428 -0.5769 0.7657 0.2101 -0.5701 -0.2112 0.3822 0.3325 -0.6011 0.6182 0.7092 -0.3677 -0.5328 -0.2791 0.7562 0.1616 0.6035 -0.1947 0.3032 0.6583 -0.2922 0.6239 0.5456 -0.5067 -0.5566 -0.3685 0.9272 0.0131 0.373 0.0309
0.7501 -0.2254 -0.5196 -0.3414 0.6027 -0.5708 -0.4987 -0.2495 0.5222 -0.5262 -0.3428 -0.5769 0.7657 0.2101 -0.5701 -0.2112 0.3822 0.3325 -0.6011 0.6182 0.7092 -0.3677 -0.5328 -0.2791 0.7562 0.1616 0.6035 -0.1947 0.3032 0.6583 -0.2922 0.6239 0.5456 -0.5067 -0.5566 -0.3685 0.9272 0.0131 0.373 0.0309
0.7501 -0.2254 -0.5196 -0.3414 0.6027 -0.5708 -0.4987 -0.2495 0.5222 -0.5262 -0.3428 -0.5769 0.7657 0.2101 -0.5701 -0.2112 0.3822 0.3325 -0.6011 0.6182 0.7092 -0.3677 -0.5328 -0.2791 0.7562 0.1616 0.6035 -0.1947 0.3032 0.6583 -0.2922 0.6239 0.5456 -0.5067 -0.5566 -0.3685 0.9272 0.0131 0.373 0.0309
0.7501 -0.2254 -0.5196 -0.3414 0.6027 -0.5708 -0.4987 -0.2495 0.5222 -0.5262 -0.3428 -0.5769 0.7657 0.2101 -0.5701 -0.2112 0.3822 0.3325 -0.6011 0.6182 0.7092 -0.3677 -0.5328 -0.2791 0.7562 0.1616 0.6035 -0.1947 0.3032 0.6583 -0.2922 0.6239 0.5456 -0.5067 -0.5566 -0.3685 0.9272 0.0131 0.373 0.0309
0.7501 -0.2254 -0.5196 -0.3414 0.6027 -0.5708 -0.4987 -0.2495 0.5222 -0.5262 -0.3428 -0.5769 0.7657 0.2101 -0.5701 -0.2112 0.3578 0.3588 -0.5871 0.6313 0.7249 -0.3821 -0.528 -0.2231 0.7562 0.1616 0.6035 -0.1947 0.2621 0.6675 -0.2936 0.6321 0.5456 -0.5067 -0.5566 -0.3685 0.9272 0.0131 0.373 0.0309
0.7501 -0.2254 -0.5196 -0.3414 0.6027 -0.5708 -0.4987 -0.2495 0.5222 -0.5262 -0.3428 -0.5769 0.7762 0.1557 -0.5933 -0.1461 0.3578 0.3588 -0.5871 0.6313 0.7249 -0.3821 -0.528 -0.2231 0.7562 0.1616 0.6035 -0.1947 0.2621 0.6675 -0.2936 0.6321 0.5456 -0.5067 -0.5566 -0.3685 0.9272 0.0131 0.373 0.0309
0.7501 -0.2254 -0.5196 -0.3414 0.6027 -0.5708 -0.4987 -0.2495 0.5222 -0.5262 -0.3428 -0.5769 0.7762 0.1557 -0.5933 -0.1461 0.3578 0.3588 -0.5871 0.6313 0.7249 -0.3821 -0.528 -0.2231 0.7562 0.1616 0.6035 -0.1947 0.2621 0.6675 -0.2936 0.6321 0.5456 -0.5067 -0.5566 -0.3685 0.9241 0.0117 0.3809 0.0301
0.7449 -0.2319 -0.5279 -0.3357 0.6027 -0.5708 -0.4987 -0.2495 0.5222 -0.5262 -0.3428 -0.5769 0.7762 0.1557 -0.5933 -0.1461 0.3578 0.3588 -0.5871 0.6313 0.7249 -0.3821 -0.528 -0.2231 0.7562 0.1616 0.6035 -0.1947 0.2621 0.6675 -0.2936 0.6321 0.5456 -0.5067 -0.5566 -0.3685 0.9241 0.0117 0.3809 0.0301
0.7449 -0.2319 -0.5279 -0.3357 0.6027 -0.5708 -0.4987 -0.2495 0.5222 -0.5262 -0.3428 -0.5769 0.7762 0.1557 -0.5933 -0.1461 0.3578 0.3588 -0.5871 0.6313 0.7249 -0.3821 -0.528 -0.2231 0.7562 0.1616 0.6035 -0.1947 0.2621 0.6675 -0.2936 0.6321 0.5456 -0.5067 -0.5566 -0.3685 0.9241 0.0117 0.3809 0.0301
0.7449 -0.2319 -0.5279 -0.3357 0.6027 -0.5708 -0.4987 -0.2495 0.5222 -0.5262 -0.3428 -0.5769 0.7762 0.1557 -0.5933 -0.1461 0.3578 0.3588 -0.5871 0.6313 0.7249 -0.3821 -0.528 -0.2231 0.7562 0.1616 0.6035 -0.1947 0.2621 0.6675 -0.2936 0.6321 0.5456 -0.5067 -0.5566 -0.3685 0.9241 0.0117 0.3809 0.0301
0.7449 -0.2319 -0.5279 -0.3357 0.6027 -0.5708 -0.4987 -0.2495 0.5756 -0.5124 -0.4019 -0.4946 0.7762 0.1557 -0.5933 -0.1461 0.3594 0.3791 -0.5869 0.6186 0.7249 -0.3821 -0.528 -0.2231 0.7562 0.1616 0.6035 -0.1947 0.2325 0.6669 -0.2922 0.6448 0.5456 -0.5067 -0.5566 -0.3685 0.9241 0.0117 0.3809 0.0301
0.7449 -0.2319 -0.5279 -0.3357 0.6027 -0.5708 -0.4987 -0.2495 0.5756 -0.5124 -0.4019 -0.4946 0.7762 0.1557 -0.5933 -0.1461 0.3594 0.3791 -0.5869 0.6186 0.7175 -0.3644 -0.5475 -0.2296 0.7562 0.1616 0.6035 -0.1947 0.2325 0.6669 -0.2922 0.6448 0.5456 -0.5067 -0.5566 -0.3685 0.9241 0.0117 0.3809 0.0301
0.7449 -0.2319 -0.5279 -0.3357 0.5853 -0.5685 -0.5269 -0.2377 0.5756 -0.5124 -0.4019 -0.4946 0.7968 0.1264 -0.5867 -0.0713 0.3594 0.3791 -0.5869 0.6186 0.7175 -0.3644 -0.5475 -0.2296 0.7562 0.1616 0.6035 -0.1947 0.2325 0.6669 -0.2922 0.6448 0.5456 -0.5067 -0.5566 -0.3685 0.9241 0.0117 0.3809 0.0301
0.7449 -0.2319 -0.5279 -0.3357 0.5853 -0.5685 -0.5269 -0.2377 0.5756 -0.5124 -0.4019 -0.4946 0.7968 0.1264 -0.5867 -0.0713 0.3594 0.3791 -0.5869 0.6186 0.7175 -0.3644 -0.5475 -0.2296 0.7562 0.1616 0.6035 -0.1947 0.2325 0.6669 -0.2922 0.6448 0.5456 -0.5067 -0.5566 -0.3685 0.9026 0.006 0.4299 0.019
0.7441 -0.2214 -0.5425 -0.3209 0.5853 -0.5685 -0.5269 -0.2377 0.5756 -0.5124 -0.4019 -0.4946 0.7968 0.1264 -0.5867 -0.0713 0.3594 0.3791 -0.5869 0.6186 0.7175 -0.3644 -0.5475 -0.2296 0.7562 0.1616 0.6035 -0.1947 0.2325 0.6669 -0.2922 0.6448 0.5456 -0.5067 -0.5566 -0.3685 0.9026 0.006 0.4299 0.019
0.7441 -0.2214 -0.5425 -0.3209 0.5853 -0.5685 -0.5269 -0.2377 0.5756 -0.5124 -0.4019 -0.4946 0.7968 0.1264 -0.5867 -0.0713 0.3594 0.3791 -0.5869 0.6186 0.7175 -0.3644 -0.5475 -0.2296 0.7562 0.1616 0.6035 -0.1947 0.2325 0.6669 -0.2922 0.6448 0.5456 -0.5067 -0.5566 -0.3685 0.9026 0.006 0.4299 0.019
0.7441 -0.2214 -0.5425 -0.3209 0.5853 -0.5685 -0.5269 -0.2377 0.5756 -0.5124 -0.4019 -0.4946 0.7968 0.1264 -0.5867 -0.0713 0.3594 0.3791 -0.5869 0.6186 0.7175 -0.3644 -0.5475 -0.2296 0.7562 0.1616 0.6035 -0.1947 0.2325 0.6669 -0.2922 0.6448 0.5456 -0.5067 -0.5566 -0.3685 0.9026 0.006 0.4299 0.019
0.7441 -0.2214 -0.5425 -0.3209 0.5853 -0.5685 -0.5269 -0.2377 0.5756 -0.5124 -0.4019 -0.4946 0.7968 0.1264 -0.5867 -0.0713 0.3594 0.3791 -0.5869 0.6186 0.7175 -0.3644 -0.5475 -0.2296 0.7562 0.1616 0.6035 -0.1947 0.2325 0.6669 -0.2922 0.6448 0.5456 -0.5067 -0.5566 -0.3685 0.9026 0.006 0.4299 0.019
0.7441 -0.2214 -0.5425 -0.3209 0.5853 -0.5685 -0.5269 -0.2377 0.5756 -0.5124 -0.4019 -0.4946 0.7968 0.1264 -0.5867 -0.0713 0.3594 0.3791 -0.5869 0.6186 0.7175 -0.3644 -0.5475 -0.2296 0.7562 0.1616 0.6035 -0.1947 0.2325 0.6669 -0.2922 0.6448 0.5456 -0.5067 -0.5566 -0.3685 0.9026 0.006 0.4299 0.019
0.7441 -0.2214 -0.5425 -0.3209 0.5853 -0.5685 -0.5269 -0.2377 0.5756 -0.5124 -0.4019 -0.4946 0.8165 0.1142 -0.5659 0.0066 0.3618 0.3863 -0.5967 0.6031 0.7097 -0.319 -0.5789 -0.2439 0.7562 0.1616 0.6035 -0.1947 0.2325 0.6669 -0.2922 0.6448 0.5456 -0.5067 -0.5566 -0.3685 0.9026 0.006 0.4299 0.019
0.7441 -0.2214 -0.5425 -0.3209 0.5853 -0.5685 -0.5269 -0.2377 0.5756 -0.5124 -0.4019 -0.4946 0.8165 0.1142 -0.5659 0.0066 0.3618 0.3863 -0.5967 0.6031 0.7097 -0.319 -0.5789 -0.2439 0.7562 0.1616 0.6035 -0.1947 0.2325 0.6669 -0.2922 0.6448 0.5456 -0.5067 -0.5566 -0.3685 0.9026 0.006 0.4299 0.019
0.7531 -0.2087 -0.5432 -0.307 0.5903 -0.5542 -0.5452 -0.2173 0.5756 -0.5124 -0.4019 -0.4946 0.8165 0.1142 -0.5659 0.0066 0.3618 0.3863 -0.5967 0.6031 0.7097 -0.319 -0.5789 -0.2439 0.7562 0.1616 0.6035 -0.1947 0.2325 0.6669 -0.2922 0.6448 0.5456 -0.5067 -0.5566 -0.3685 0.8486 -0.0042 0.5291 -0.001
0.7531 -0.2087 -0.5432 -0.307 0.5903 -0.5542 -0.5452 -0.2173 0.5756 -0.5124 -0.4019 -0.4946 0.8165 0.1142 -0.5659 0.0066 0.3618 0.3863 -0.5967 0.6031 0.7097 -0.319 -0.5789 -0.2439 0.7562 0.1616 0.6035 -0.1947 0.2325 0.6669 -0.2922 0.6448 0.5456 -0.5067 -0.5566 -0.3685 0.8486 -0.0042 0.5291 -0.001
0.7531 -0.2087 -0.5432 -0.307 0.5903 -0.5542 -0.5452 -0.2173 0.5756 -0.5124 -0.4019 -0.4946 0.8165 0.1142 -0.5659 0.0066 0.3618 0.3863 -0.5967 0.6031 0.7097 -0.319 -0.5789 -0.2439 0.7562 0.1616 0.6035 -0.1947 0.2325 0.6669 -0.2922 0.6448 0.5456 -0.5067 -0.5566 -0.3685 0.8486 -0.0042 0.5291 -0.001
0.7531 -0.2087 -0.5432 -0.307 0.5903 -0.5542 -0.5452 -0.2173 0.5756 -0.5124 -0.4019 -0.4946 0.8165 0.1142 -0.5659 0.0066 0.3618 0.3863 -0.5967 0.6031 0.7097 -0.319 -0.5789 -0.2439 0.7562 0.1616 0.6035 -0.1947 0.2325 0.6669 -0.2922 0.6448 0.5456 -0.5067 -0.5566 -0.3685 0.8486 -0.0042 0.5291 -0.001
0.7531 -0.2087 -0.5432 -0.307 0.5903 -0.5542 -0.5452 -0.2173 0.5756 -0.5124 -0.4019 -0.4946 0.8165 0.1142 -0.5659 0.0066 0.3622 0.3852 -0.616 0.584 0.6842 -0.2841 -0.6066 -0.2885 0.7562 0.1616 0.6035 -0.1947 0.2856 0.6068 -0.2708 0.6906 0.5456 -0.5067 -0.5566 -0.3685 0.8486 -0.0042 0.5291 -0.001
0.7531 -0.2087 -0.5432 -0.307 0.5903 -0.5542 -0.5452 -0.2173 0.5756 -0.5124 -0.4019 -0.4946 0.8291 0.1118 -0.5464 0.0403 0.3622 0.3852 -0.616 0.584 0.6842 -0.2841 -0.6066 -0.2885 0.7562 0.1616 0.6035 -0.1947 0.2856 0.6068 -0.2708 0.6906 0.5456 -0.5067 -0.5566 -0.3685 0.8486 -0.0042 0.5291 -0.001
0.7531 -0.2087 -0.5432 -0.307 0.5903 -0.5542 -0.5452 -0.2173 0.5756 -0.5124 -0.4019 -0.4946 0.8291 0.1118 -0.5464 0.0403 0.3622 0.3852 -0.616 0.584 0.6842 -0.2841 -0.6066 -0.2885 0.7562 0.1616 0.6035 -0.1947 0.2856 0.6068 -0.2708 0.6906 0.5456 -0.5067 -0.5566 -0.3685 0.7017 -0.0168 0.7123 -0.0093
0.7698 -0.2007 -0.52 -0.311 0.5903 -0.5542 -0.5452 -0.2173 0.5756 -0.5124 -0.4019 -0.4946 0.8291 0.1118 -0.5464 0.0403 0.3622 0.3852 -0.616 0.584 0.6842 -0.2841 -0.6066 -0.2885 0.7562 0.1616 0.6035 -0.1947 0.2856 0.6068 -0.2708 0.6906 0.5456 -0.5067 -0.5566 -0.3685 0.7017 -0.0168 0.7123 -0.0093
0.7698 -0.2007 -0.52 -0.311 0.5903 -0.5542 -0.5452 -0.2173 0.5756 -0.5124 -0.4019 -0.4946 0.8291 0.1118 -0.5464 0.0403 0.3622 0.3852 -0.616 0.584 0.6842 -0.2841 -0.6066 -0.2885 0.7562 0.1616 0.6035 -0.1947 0.2856 0.6068 -0.2708 0.6906 0.5456 -0.5067 -0.5566 -0.3685 0.7017 -0.0168 0.7123 -0.0093
0.7698 -0.2007 -0.52 -0.311 0.5903 -0.5542 -0.5452 -0.2173 0.5756 -0.5124 -0.4019 -0.4946 0.8291 0.1118 -0.5464 0.0403 0.3622 0.3852 -0.616 0.584 0.6842 -0.2841 -0.6066 -0.2885 0.7562 0.1616 0.6035 -0.1947 0.2856 0.6068 -0.2708 0.6906 0.5456 -0.5067 -0.5566 -0.3685 0.7017 -0.0168 0.7123 -0.0093
0.7698 -0.2007 -0.52 -0.311 0.5903 -0.5542 -0.5452 -0.2173 0.5756 -0.5124 -0.4019 -0.4946 0.8291 0.1118 -0.5464 0.0403 0.3622 0.3852 -0.616 0.584 0.6842 -0.2841 -0.6066 -0.2885 0.7562 0.1616 0.6035 -0.1947 0.2856 0.6068 -0.2708 0.6906 0.5456 -0.5067 -0.5566 -0.3685 0.7017 -0.0168 0.7123 -0.0093
0.7698 -0.2007 -0.52 -0.311 0.5903 -0.5542 -0.5452 -0.2173 0.5756 -0.5124 -0.4019 -0.4946 0.8291 0.1118 -0.5464 0.0403 0.3387 0.3784 -0.6148 0.6034 0.6842 -0.2841 -0.6066 -0.2885 0.7562 0.1616 0.6035 -0.1947 0.2856 0.6068 -0.2708 0.6906 0.5456 -0.5067 -0.5566 -0.3685 0.7017 -0.0168 0.7123 -0.0093
0.7698 -0.2007 -0.52 -0.311 0.5903 -0.5542 -0.5452 -0.2173 0.5756 -0.5124 -0.4019 -0.4946 0.8251 0.1279 -0.5504 0.0071 0.3387 0.3784 -0.6148 0.6034 0.6509 -0.2213 -0.6566 -0.3103 0.7562 0.1616 0.6035 -0.1947 0.2856 0.6068 -0.2708 0.6906 0.5456 -0.5067 -0.5566 -0.3685 0.7017 -0.0168 0.7123 -0.0093
0.7698 -0.2007 -0.52 -0.311 0.5903 -0.5542 -0.5452 -0.2173 0.5756 -0.5124 -0.4019 -0.4946 0.8251 0.1279 -0.5504 0.0071 0.3387 0.3784 -0.6148 0.6034 0.6509 -0.2213 -0.6566 -0.3103 0.7562 0.1616 0.6035 -0.1947 0.2856 0.6068 -0.2708 0.6906 0.5456 -0.5067 -0.5566 -0.3685 0.541 -0.082 0.8341 0.07
0.7698 -0.2007 -0.52 -0.311 0.5903 -0.5542 -0.5452 -0.2173 0.5756 -0.5124 -0.4019 -0.4946 0.8251 0.1279 -0.5504 0.0071 0.3387 0.3784 -0.6148 0.6034 0.6509 -0.2213 -0.6566 -0.3103 0.7562 0.1616 0.6035 -0.1947 0.2856 0.6068 -0.2708 0.6906 0.5456 -0.5067 -0.5566 -0.3685 0.541 -0.082 0.8341 0.07
0.7994 -0.2059 -0.4776 -0.3009 0.5903 -0.5542 -0.5452 -0.2173 0.5756 -0.5124 -0.4019 -0.4946 0.8251 0.1279 -0.5504 0.0071 0.3387 0.3784 -0.6148 0.6034 0.6509 -0.2213 -0.6566 -0.3103 0.7562 0.1616 0.6035 -0.1947 0.2856 0.6068 -0.2708 0.6906 0.5456 -0.5067 -0.5566 -0.3685 0.541 -0.082 0.8341 0.07
0.7994 -0.2059 -0.4776 -0.3009 0.5903 -0.5542 -0.5452 -0.2173 0.5756 -0.5124 -0.4019 -0.4946 0.8251 0.1279 -0.5504 0.0071 0.3387 0.3784 -0.6148 0.6034 0.6509 -0.2213 -0.6566 -0.3103 0.7562 0.1616 0.6035 -0.1947 0.2856 0.6068 -0.2708 0.6906 0.5456 -0.5067 -0.5566 -0.3685 0.541 -0.082 0.8341 0.07
0.7994 -0.2059 -0.4776 -0.3009 0.5903 -0.5542 -0.5452 -0.2173 0.516 -0.5021 -0.4164 -0.5552 0.8251 0.1279 -0.5504 0.0071 0.3387 0.3784 -0.6148 0.6034 0.6509 -0.2213 -0.6566 -0.3103 0.7562 0.1616 0.6035 -0.1947 0.3456 0.5579 -0.1588 0.7376 0.8495 -0.3417 -0.3946 -0.0758 0.541 -0.082 0.8341 0.07
0.7994 -0.2059 -0.4776 -0.3009 0.5903 -0.5542 -0.5452 -0.2173 0.516 -0.5021 -0.4164 -0.5552 0.8251 0.1279 -0.5504 0.0071 0.3387 0.3784 -0.6148 0.6034 0.6509 -0.2213 -0.6566 -0.3103 0.7562 0.1616 0.6035 -0.1947 0.3456 0.5579 -0.1588 0.7376 0.8495 -0.3417 -0.3946 -0.0758 0.541 -0.082 0.8341 0.07
0.7994 -0.2059 -0.4776 -0.3009 0.5903 -0.5542 -0.5452 -0.2173 0.516 -0.5021 -0.4164 -0.5552 0.7944 0.1691 -0.5755 -0.0951 0.3387 0.3784 -0.6148 0.6034 0.6237 -0.1964 -0.6813 -0.3289 0.7562 0.1616 0.6035 -0.1947 0.3456 0.5579 -0.1588 0.7376 0.8495 -0.3417 -0.3946 -0.0758 0.541 -0.082 0.8341 0.07
0.7994 -0.2059 -0.4776 -0.3009 0.5903 -0.5542 -0.5452 -0.2173 0.516 -0.5021 -0.4164 -0.5552 0.7944 0.1691 -0.5755 -0.0951 0.3387 0.3784 -0.6148 0.6034 0.6237 -0.1964 -0.6813 -0.3289 0.7562 0.1616 0.6035 -0.1947 0.3456 0.5579 -0.1588 0.7376 0.8495 -0.3417 -0.3946 -0.0758 0.541 -0.082 0.8341 0.07
0.8059 -0.2098 -0.4659 -0.2991 0.5903 -0.5542 -0.5452 -0.2173 0.516 -0.5021 -0.4164 -0.5552 0.7944 0.1691 -0.5755 -0.0951 0.3387 0.3784 -0.6148 0.6034 0.6237 -0.1964 -0.6813 -0.3289 0.7562 0.1616 0.6035 -0.1947 0.3456 0.5579 -0.1588 0.7376 0.8495 -0.3417 -0.3946 -0.0758 0.541 -0.082 0.8341 0.07
0.8059 -0.2098 -0.4659 -0.2991 0.5903 -0.5542 -0.5452 -0.2173 0.516 -0.5021 -0.4164 -0.5552 0.7944 0.1691 -0.5755 -0.0951 0.3387 0.3784 -0.6148 0.6034 0.6237 -0.1964 -0.6813 -0.3289 0.7562 0.1616 0.6035 -0.1947 0.3456 0.5579 -0.1588 0.7376 0.8495 -0.3417 -0.3946 -0.0758 0.541 -0.082 0.8341 0.07
0.8059 -0.2098 -0.4659 -0.2991 0.5903 -0.5542 -0.5452 -0.2173 0.516 -0.5021 -0.4164 -0.5552 0.7944 0.1691 -0.5755 -0.0951 0.3387 0.3784 -0.6148 0.6034 0.6237 -0.1964 -0.6813 -0.3289 0.7562 0.1616 0.6035 -0.1947 0.3456 0.5579 -0.1588 0.7376 0.8495 -0.3417 -0.3946 -0.0758 0.541 -0.082 0.8341 0.07
0.8059 -0.2098 -0.4659 -0.2991 0.5903 -0.5542 -0.5452 -0.2173 0.516 -0.5021 -0.4164 -0.5552 0.7944 0.1691 -0.5755 -0.0951 0.3387 0.3784 -0.6148 0.6034 0.6237 -0.1964 -0.6813 -0.3289 0.7562 0.1616 0.6035 -0.1947 0.3456 0.5579 -0.1588 0.7376 0.8495 -0.3417 -0.3946 -0.0758 0.541 -0.082 0.8341 0.07
0.8059 -0.2098 -0.4659 -0.2991 0.5903 -0.5542 -0.5452 -0.2173 0.4797 -0.4948 -0.4371 -0.5779 0.7944 0.1691 -0.5755 -0.0951 0.3387 0.3784 -0.6148 0.6034 0.6237 -0.1964 -0.6813 -0.3289 0.7562 0.1616 0.6035 -0.1947 0.3729 0.5494 -0.2401 0.7081 0.8419 -0.3568 -0.3873 -0.1178 0.541 -0.082 0.8341 0.07
0.8059 -0.2098 -0.4659 -0.2991 0.5903 -0.5542 -0.5452 -0.2173 0.4797 -0.4948 -0.4371 -0.5779 0.7175 0.2435 -0.6266 -0.1825 0.3387 0.3784 -0.6148 0.6034 0.623 -0.1936 -0.6826 -0.3294 0.7562 0.1616 0.6035 -0.1947 0.3729 0.5494 -0.2401 0.7081 0.8419 -0.3568 -0.3873 -0.1178 0.541 -0.082 0.8341 0.07
0.8059 -0.2098 -0.4659 -0.2991 0.5903 -0.5542 -0.5452 -0.2173 0.4797 -0.4948 -0.4371 -0.5779 0.7175 0.2435 -0.6266 -0.1825 0.3387 0.3784 -0.6148 0.6034 0.623 -0.1936 -0.6826 -0.3294 0.7562 0.1616 0.6035 -0.1947 0.3729 0.5494 -0.2401 0.7081 0.8419 -0.3568 -0.3873 -0.1178 0.4099 -0.0757 0.903 0.1047
0.8054 -0.2009 -0.4543 -0.3234 0.5903 -0.5542 -0.5452 -0.2173 0.4797 -0.4948 -0.4371 -0.5779 0.7175 0.2435 -0.6266 -0.1825 0.3387 0.3784 -0.6148 0.6034 0.623 -0.1936 -0.6826 -0.3294 0.7562 0.1616 0.6035 -0.1947 0.3729 0.5494 -0.2401 0.7081 0.8419 -0.3568 -0.3873 -0.1178 0.4099 -0.0757 0.903 0.1047
0.8054 -0.2009 -0.4543 -0.3234 0.5903 -0.5542 -0.5452 -0.2173 0.4797 -0.4948 -0.4371 -0.5779 0.7175 0.2435 -0.6266 -0.1825 0.3387 0.3784 -0.6148 0.6034 0.623 -0.1936 -0.6826 -0.3294 0.7562 0.1616 0.6035 -0.1947 0.3729 0.5494 -0.2401 0.7081 0.8419 -0.3568 -0.3873 -0.1178 0.4099 -0.0757 0.903 0.1047
0.8054 -0.2009 -0.4543 -0.3234 0.5903 -0.5542 -0.5452 -0.2173 0.4797 -0.4948 -0.4371 -0.5779 0.7175 0.2435 -0.6266 -0.1825 0.3387 0.3784 -0.6148 0.6034 0.623 -0.1936 -0.6826 -0.3294 0.7562 0.1616 0.6035 -0.1947 0.3729 0.5494 -0.2401 0.7081 0.8419 -0.3568 -0.3873 -0.1178 0.4099 -0.0757 0.903 0.1047
0.8054 -0.2009 -0.4543 -0.3234 0.5903 -0.5542 -0.5452 -0.2173 0.4724 -0.5139 -0.432 -0.5711 0.7175 0.2435 -0.6266 -0.1825 0.3387 0.3784 -0.6148 0.6034 0.623 -0.1936 -0.6826 -0.3294 0.7562 0.1616 0.6035 -0.1947 0.3729 0.5494 -0.2401 0.7081 0.8419 -0.3568 -0.3873 -0.1178 0.4099 -0.0757 0.903 0.1047
0.8054 -0.2009 -0.4543 -0.3234 0.5903 -0.5542 -0.5452 -0.2173 0.4724 -0.5139 -0.432 -0.5711 0.7175 0.2435 -0.6266 -0.1825 0.3588 0.426 -0.6364 0.5336 0.623 -0.1936 -0.6826 -0.3294 0.7562 0.1616 0.6035 -0.1947 0.3729 0.5494 -0.2401 0.7081 0.8419 -0.3568 -0.3873 -0.1178 0.4099 -0.0757 0.903 0.1047
0.8054 -0.2009 -0.4543 -0.3234 0.5903 -0.5542 -0.5452 -0.2173 0.4724 -0.5139 -0.432 -0.5711 0.6624 0.2453 -0.6483 -0.2842 0.3588 0.426 -0.6364 0.5336 0.6298 -0.1843 -0.6835 -0.3198 0.7562 0.1616 0.6035 -0.1947 0.3729 0.5494 -0.2401 0.7081 0.8419 -0.3568 -0.3873 -0.1178 0.4099 -0.0757 0.903 0.1047
0.8054 -0.2009 -0.4543 -0.3234 0.5903 -0.5542 -0.5452 -0.2173 0.4724 -0.5139 -0.432 -0.5711 0.6624 0.2453 -0.6483 -0.2842 0.3588 0.426 -0.6364 0.5336 0.6298 -0.1843 -0.6835 -0.3198 0.7562 0.1616 0.6035 -0.1947 0.3729 0.5494 -0.2401 0.7081 0.8419 -0.3568 -0.3873 -0.1178 0.3942 -0.1036 0.9109 0.0637
0.7932 -0.1985 -0.4665 -0.3374 0.5903 -0.5542 -0.5452 -0.2173 0.4724 -0.5139 -0.432 -0.5711 0.6624 0.2453 -0.6483 -0.2842 0.3588 0.426 -0.6364 0.5336 0.6298 -0.1843 -0.6835 -0.3198 0.7562 0.1616 0.6035 -0.1947 0.3729 0.5494 -0.2401 0.7081 0.8419 -0.3568 -0.3873 -0.1178 0.3942 -0.1036 0.9109 0.0637
0.7932 -0.1985 -0.4665 -0.3374 0.5903 -0.5542 -0.5452 -0.2173 0.4724 -0.5139 -0.432 -0.5711 0.6624 0.2453 -0.6483 -0.2842 0.3588 0.426 -0.6364 0.5336 0.6298 -0.1843 -0.6835 -0.3198 0.7562 0.1616 0.6035 -0.1947 0.3729 0.5494 -0.2401 0.7081 0.8419 -0.3568 -0.3873 -0.1178 0.3942 -0.1036 0.9109 0.0637
0.7932 -0.1985 -0.4665 -0.3374 0.5903 -0.5542 -0.5452 -0.2173 0.4722 -0.5361 -0.4015 -0.5731 0.6624 0.2453 -0.6483 -0.2842 0.3588 0.426 -0.6364 0.5336 0.6298 -0.1843 -0.6835 -0.3198 0.7562 0.1616 0.6035 -0.1947 0.3729 0.5494 -0.2401 0.7081 0.8419 -0.3568 -0.3873 -0.1178 0.3942 -0.1036 0.9109 0.0637
0.7932 -0.1985 -0.4665 -0.3374 0.5903 -0.5542 -0.5452 -0.2173 0.4722 -0.5361 -0.4015 -0.5731 0.6624 0.2453 -0.6483 -0.2842 0.3588 0.426 -0.6364 0.5336 0.6298 -0.1843 -0.6835 -0.3198 0.7562 0.1616 0.6035 -0.1947 0.3729 0.5494 -0.2401 0.7081 0.8419 -0.3568 -0.3873 -0.1178 0.3942 -0.1036 0.9109 0.0637
0.7932 -0.1985 -0.4665 -0.3374 0.5903 -0.5542 -0.5452 -0.2173 0.4722 -0.5361 -0.4015 -0.5731 0.6624 0.2453 -0.6483 -0.2842 0.3729 0.4336 -0.6367 0.5173 0.6285 -0.167 -0.6877 -0.3228 0.7562 0.1616 0.6035 -0.1947 0.356 0.547 -0.3026 0.6946 0.8129 -0.3936 -0.3958 -0.1665 0.3942 -0.1036 0.9109 0.0637
0.7932 -0.1985 -0.4665 -0.3374 0.5903 -0.5542 -0.5452 -0.2173 0.4722 -0.5361 -0.4015 -0.5731 0.6624 0.2453 -0.6483 -0.2842 0.3729 0.4336 -0.6367 0.5173 0.6285 -0.167 -0.6877 -0.3228 0.7562 0.1616 0.6035 -0.1947 0.356 0.547 -0.3026 0.6946 0.8129 -0.3936 -0.3958 -0.1665 0.3942 -0.1036 0.9109 0.0637
0.7932 -0.1985 -0.4665 -0.3374 0.5903 -0.5542 -0.5452 -0.2173 0.4722 -0.5361 -0.4015 -0.5731 0.6624 0.2453 -0.6483 -0.2842 0.3729 0.4336 -0.6367 0.5173 0.6285 -0.167 -0.6877 -0.3228 0.7562 0.1616 0.6035 -0.1947 0.356 0.547 -0.3026 0.6946 0.8129 -0.3936 -0.3958 -0.1665 0.4202 -0.1688 0.8914 0.0201
0.7932 -0.1985 -0.4665 -0.3374 0.5903 -0.5542 -0.5452 -0.2173 0.4722 -0.5361 -0.4015 -0.5731 0.6624 0.2453 -0.6483 -0.2842 0.3729 0.4336 -0.6367 0.5173 0.6285 -0.167 -0.6877 -0.3228 0.7562 0.1616 0.6035 -0.1947 0.356 0.547 -0.3026 0.6946 0.8129 -0.3936 -0.3958 -0.1665 0.4202 -0.1688 0.8914 0.0201
0.7742 -0.2083 -0.483 -0.3521 0.5903 -0.5542 -0.5452 -0.2173 0.4722 -0.5361 -0.4015 -0.5731 0.6624 0.2453 -0.6483 -0.2842 0.3729 0.4336 -0.6367 0.5173 0.6285 -0.167 -0.6877 -0.3228 0.7562 0.1616 0.6035 -0.1947 0.356 0.547 -0.3026 0.6946 0.8129 -0.3936 -0.3958 -0.1665 0.4202 -0.1688 0.8914 0.0201
0.7742 -0.2083 -0.483 -0.3521 0.5903 -0.5542 -0.5452 -0.2173 0.4722 -0.5361 -0.4015 -0.5731 0.6624 0.2453 -0.6483 -0.2842 0.3729 0.4336 -0.6367 0.5173 0.6285 -0.167 -0.6877 -0.3228 0.7562 0.1616 0.6035 -0.1947 0.356 0.547 -0.3026 0.6946 0.8129 -0.3936 -0.3958 -0.1665 0.4202 -0.1688 0.8914 0.0201
0.7742 -0.2083 -0.483 -0.3521 0.5903 -0.5542 -0.5452 -0.2173 0.4722 -0.5361 -0.4015 -0.5731 0.6624 0.2453 -0.6483 -0.2842 0.3729 0.4336 -0.6367 0.5173 0.6285 -0.167 -0.6877 -0.3228 0.7562 0.1616 0.6035 -0.1947 0.356 0.547 -0.3026 0.6946 0.8129 -0.3936 -0.3958 -0.1665 0.4202 -0.1688 0.8914 0.0201
0.7742 -0.2083 -0.483 -0.3521 0.5903 -0.5542 -0.5452 -0.2173 0.4722 -0.5361 -0.4015 -0.5731 0.6624 0.2453 -0.6483 -0.2842 0.3879 0.4304 -0.6357 0.5101 0.6285 -0.167 -0.6877 -0.3228 0.7562 0.1616 0.6035 -0.1947 0.4028 0.5254 -0.3149 0.6801 0.7853 -0.4626 -0.3578 -0.2032 0.4202 -0.1688 0.8914 0.0201
0.7742 -0.2083 -0.483 -0.3521 0.5903 -0.5542 -0.5452 -0.2173 0.4722 -0.5361 -0.4015 -0.5731 0.6624 0.2453 -0.6483 -0.2842 0.3879 0.4304 -0.6357 0.5101 0.6285 -0.167 -0.6877 -0.3228 0.7562 0.1616 0.6035 -0.1947 0.4028 0.5254 -0.3149 0.6801 0.7853 -0.4626 -0.3578 -0.2032 0.4202 -0.1688 0.8914 0.0201
0.7742 -0.2083 -0.483 -0.3521 0.6154 -0.5471 -0.5311 -0.1995 0.4722 -0.5361 -0.4015 -0.5731 0.736 0.1688 -0.626 -0.1948 0.3879 0.4304 -0.6357 0.5101 0.623 -0.1558 -0.6841 -0.3459 0.9176 0.0639 0.3877 -0.0598 0.4028 0.5254 -0.3149 0.6801 0.7853 -0.4626 -0.3578 -0.2032 0.689 -0.0803 0.7117 0.1114
0.7689 -0.1785 -0.5176 -0.3303 0.6154 -0.5471 -0.5311 -0.1995 0.4722 -0.5361 -0.4015 -0.5731 0.736 0.1688 -0.626 -0.1948 0.3879 0.4304 -0.6357 0.5101 0.623 -0.1558 -0.6841 -0.3459 0.9176 0.0639 0.3877 -0.0598 0.4028 0.5254 -0.3149 0.6801 0.7853 -0.4626 -0.3578 -0.2032 0.689 -0.0803 0.7117 0.1114
0.7689 -0.1785 -0.5176 -0.3303 0.6154 -0.5471 -0.5311 -0.1995 0.4722 -0.5361 -0.4015 -0.5731 0.736 0.1688 -0.626 -0.1948 0.3879 0.4304 -0.6357 0.5101 0.623 -0.1558 -0.6841 -0.3459 0.9176 0.0639 0.3877 -0.0598 0.4028 0.5254 -0.3149 0.6801 0.7853 -0.4626 -0.3578 -0.2032 0.689 -0.0803 0.7117 0.1114
0.7689 -0.1785 -0.5176 -0.3303 0.6154 -0.5471 -0.5311 -0.1995 0.5103 -0.5518 -0.3862 -0.5349 0.736 0.1688 -0.626 -0.1948 0.3879 0.4304 -0.6357 0.5101 0.623 -0.1558 -0.6841 -0.3459 0.9176 0.0639 0.3877 -0.0598 0.4028 0.5254 -0.3149 0.6801 0.7853 -0.4626 -0.3578 -0.2032 0.689 -0.0803 0.7117 0.1114
0.7689 -0.1785 -0.5176 -0.3303 0.6154 -0.5471 -0.5311 -0.1995 0.5103 -0.5518 -0.3862 -0.5349 0.736 0.1688 -0.626 -0.1948 0.3879 0.4304 -0.6357 0.5101 0.623 -0.1558 -0.6841 -0.3459 0.9176 0.0639 0.3877 -0.0598 0.4028 0.5254 -0.3149 0.6801 0.7853 -0.4626 -0.3578 -0.2032 0.689 -0.0803 0.7117 0.1114
0.7689 -0.1785 -0.5176 -0.3303 0.6154 -0.5471 -0.5311 -0.1995 0.5103 -0.5518 -0.3862 -0.5349 0.736 0.1688 -0.626 -0.1948 0.3879 0.4304 -0.6357 0.5101 0.623 -0.1558 -0.6841 -0.3459 0.9176 0.0639 0.3877 -0.0598 0.4028 0.5254 -0.3149 0.6801 0.7853 -0.4626 -0.3578 -0.2032 0.689 -0.0803 0.7117 0.1114
0.7689 -0.1785 -0.5176 -0.3303 0.6154 -0.5471 -0.5311 -0.1995 0.5103 -0.5518 -0.3862 -0.5349 0.7981 0.1339 -0.584 -0.063 0.4126 0.4338 -0.6293 0.4954 0.6226 -0.158 -0.6708 -0.3706 0.9176 0.0639 0.3877 -0.0598 0.4028 0.5254 -0.3149 0.6801 0.7853 -0.4626 -0.3578 -0.2032 0.689 -0.0803 0.7117 0.1114
0.7689 -0.1785 -0.5176 -0.3303 0.6154 -0.5471 -0.5311 -0.1995 0.5103 -0.5518 -0.3862 -0.5349 0.7981 0.1339 -0.584 -0.063 0.4126 0.4338 -0.6293 0.4954 0.6226 -0.158 -0.6708 -0.3706 0.9176 0.0639 0.3877 -0.0598 0.4028 0.5254 -0.3149 0.6801 0.7853 -0.4626 -0.3578 -0.2032 0.8259 -0.0287 0.5322 0.184
0.7639 -0.1647 -0.5405 -0.312 0.6154 -0.5471 -0.5311 -0.1995 0.5103 -0.5518 -0.3862 -0.5349 0.7981 0.1339 -0.584 -0.063 0.4126 0.4338 -0.6293 0.4954 0.6226 -0.158 -0.6708 -0.3706 0.9176 0.0639 0.3877 -0.0598 0.4028 0.5254 -0.3149 0.6801 0.7853 -0.4626 -0.3578 -0.2032 0.8259 -0.0287 0.5322 0.184
0.7639 -0.1647 -0.5405 -0.312 0.6154 -0.5471 -0.5311 -0.1995 0.5103 -0.5518 -0.3862 -0.5349 0.7981 0.1339 -0.584 -0.063 0.4126 0.4338 -0.6293 0.4954 0.6226 -0.158 -0.6708 -0.3706 0.9176 0.0639 0.3877 -0.0598 0.4028 0.5254 -0.3149 0.6801 0.7853 -0.4626 -0.3578 -0.2032 0.8259 -0.0287 0.5322 0.184
0.7639 -0.1647 -0.5405 -0.312 0.6154 -0.5471 -0.5311 -0.1995 0.5103 -0.5518 -0.3862 -0.5349 0.7981 0.1339 -0.584 -0.063 0.4126 0.4338 -0.6293 0.4954 0.6226 -0.158 -0.6708 -0.3706 0.9176 0.0639 0.3877 -0.0598 0.4028 0.5254 -0.3149 0.6801 0.7853 -0.4626 -0.3578 -0.2032 0.8259 -0.0287 0.5322 0.184
0.7639 -0.1647 -0.5405 -0.312 0.6154 -0.5471 -0.5311 -0.1995 0.5103 -0.5518 -0.3862 -0.5349 0.7981 0.1339 -0.584 -0.063 0.4126 0.4338 -0.6293 0.4954 0.6226 -0.158 -0.6708 -0.3706 0.9176 0.0639 0.3877 -0.0598 0.4028 0.5254 -0.3149 0.6801 0.7853 -0.4626 -0.3578 -0.2032 0.8259 -0.0287 0.5322 0.184
0.7639 -0.1647 -0.5405 -0.312 0.6154 -0.5471 -0.5311 -0.1995 0.5613 -0.5433 -0.3956 -0.483 0.7981 0.1339 -0.584 -0.063 0.4332 0.4382 -0.6238 0.4809 0.6226 -0.158 -0.6708 -0.3706 0.9176 0.0639 0.3877 -0.0598 0.4852 0.5175 -0.2863 0.644 0.6185 -0.3936 -0.5723 -0.3676 0.8259 -0.0287 0.5322 0.184
0.7639 -0.1647 -0.5405 -0.312 0.6154 -0.5471 -0.5311 -0.1995 0.5613 -0.5433 -0.3956 -0.483 0.7981 0.1339 -0.584 -0.063 0.4332 0.4382 -0.6238 0.4809 0.6226 -0.158 -0.6708 -0.3706 0.9176 0.0639 0.3877 -0.0598 0.4852 0.5175 -0.2863 0.644 0.6185 -0.3936 -0.5723 -0.3676 0.8259 -0.0287 0.5322 0.184
0.7639 -0.1647 -0.5405 -0.312 0.6044 -0.5086 -0.5848 -0.1845 0.5613 -0.5433 -0.3956 -0.483 0.8286 0.093 -0.5508 0.0383 0.4332 0.4382 -0.6238 0.4809 0.624 -0.1516 -0.6607 -0.3887 0.8636 0.058 0.4955 -0.0718 0.4852 0.5175 -0.2863 0.644 0.6185 -0.3936 -0.5723 -0.3676 0.9402 0.0042 0.3307 0.0807
0.7604 -0.1515 -0.5579 -0.2958 0.6044 -0.5086 -0.5848 -0.1845 0.5613 -0.5433 -0.3956 -0.483 0.8286 0.093 -0.5508 0.0383 0.4332 0.4382 -0.6238 0.4809 0.624 -0.1516 -0.6607 -0.3887 0.8636 0.058 0.4955 -0.0718 0.4852 0.5175 -0.2863 0.644 0.6185 -0.3936 -0.5723 -0.3676 0.9402 0.0042 0.3307 0.0807
0.7604 -0.1515 -0.5579 -0.2958 0.6044 -0.5086 -0.5848 -0.1845 0.5613 -0.5433 -0.3956 -0.483 0.8286 0.093 -0.5508 0.0383 0.4332 0.4382 -0.6238 0.4809 0.624 -0.1516 -0.6607 -0.3887 0.8636 0.058 0.4955 -0.0718 0.4852 0.5175 -0.2863 0.644 0.6185 -0.3936 -0.5723 -0.3676 0.9402 0.0042 0.3307 0.0807
0.7604 -0.1515 -0.5579 -0.2958 0.6044 -0.5086 -0.5848 -0.1845 0.5977 -0.5471 -0.4005 -0.4279 0.8286 0.093 -0.5508 0.0383 0.4332 0.4382 -0.6238 0.4809 0.624 -0.1516 -0.6607 -0.3887 0.8636 0.058 0.4955 -0.0718 0.4852 0.5175 -0.2863 0.644 0.6185 -0.3936 -0.5723 -0.3676 0.9402 0.0042 0.3307 0.0807
0.7604 -0.1515 -0.5579 -0.2958 0.6044 -0.5086 -0.5848 -0.1845 0.5977 -0.5471 -0.4005 -0.4279 0.8286 0.093 -0.5508 0.0383 0.4332 0.4382 -0.6238 0.4809 0.624 -0.1516 -0.6607 -0.3887 0.8636 0.058 0.4955 -0.0718 0.4852 0.5175 -0.2863 0.644 0.6185 -0.3936 -0.5723 -0.3676 0.9402 0.0042 0.3307 0.0807
0.7604 -0.1515 -0.5579 -0.2958 0.6044 -0.5086 -0.5848 -0.1845 0.5977 -0.5471 -0.4005 -0.4279 0.8286 0.093 -0.5508 0.0383 0.4534 0.4427 -0.6099 0.4758 0.624 -0.1516 -0.6607 -0.3887 0.8636 0.058 0.4955 -0.0718 0.4362 0.5707 -0.3054 0.6251 0.4474 -0.3527 -0.6425 -0.5124 0.9402 0.0042 0.3307 0.0807
0.7604 -0.1515 -0.5579 -0.2958 0.6044 -0.5086 -0.5848 -0.1845 0.5977 -0.5471 -0.4005 -0.4279 0.8286 0.093 -0.5508 0.0383 0.4534 0.4427 -0.6099 0.4758 0.624 -0.1516 -0.6607 -0.3887 0.8636 0.058 0.4955 -0.0718 0.4362 0.5707 -0.3054 0.6251 0.4474 -0.3527 -0.6425 -0.5124 0.9402 0.0042 0.3307 0.0807
0.7604 -0.1515 -0.5579 -0.2958 0.5997 -0.5159 -0.5836 -0.1831 0.5977 -0.5471 -0.4005 -0.4279 0.8307 0.0751 -0.543 0.0974 0.4534 0.4427 -0.6099 0.4758 0.6172 -0.1328 -0.6512 -0.4211 0.8289 0.0501 0.5515 -0.0797 0.4362 0.5707 -0.3054 0.6251 0.4474 -0.3527 -0.6425 -0.5124 0.9774 0.0096 0.2029 0.0592
0.762 -0.1614 -0.5564 -0.2892 0.5997 -0.5159 -0.5836 -0.1831 0.5977 -0.5471 -0.4005 -0.4279 0.8307 0.0751 -0.543 0.0974 0.4534 0.4427 -0.6099 0.4758 0.6172 -0.1328 -0.6512 -0.4211 0.8289 0.0501 0.5515 -0.0797 0.4362 0.5707 -0.3054 0.6251 0.4474 -0.3527 -0.6425 -0.5124 0.9774 0.0096 0.2029 0.0592
0.762 -0.1614 -0.5564 -0.2892 0.5997 -0.5159 -0.5836 -0.1831 0.5977 -0.5471 -0.4005 -0.4279 0.8307 0.0751 -0.543 0.0974 0.4534 0.4427 -0.6099 0.4758 0.6172 -0.1328 -0.6512 -0.4211 0.8289 0.0501 0.5515 -0.0797 0.4362 0.5707 -0.3054 0.6251 0.4474 -0.3527 -0.6425 -0.5124 0.9774 0.0096 0.2029 0.0592
0.762 -0.1614 -0.5564 -0.2892 0.5997 -0.5159 -0.5836 -0.1831 0.5977 -0.5471 -0.4005 -0.4279 0.8307 0.0751 -0.543 0.0974 0.4534 0.4427 -0.6099 0.4758 0.6172 -0.1328 -0.6512 -0.4211 0.8289 0.0501 0.5515 -0.0797 0.4362 0.5707 -0.3054 0.6251 0.4474 -0.3527 -0.6425 -0.5124 0.9774 0.0096 0.2029 0.0592
0.762 -0.1614 -0.5564 -0.2892 0.5997 -0.5159 -0.5836 -0.1831 0.5977 -0.5471 -0.4005 -0.4279 0.8307 0.0751 -0.543 0.0974 0.4534 0.4427 -0.6099 0.4758 0.6172 -0.1328 -0.6512 -0.4211 0.8289 0.0501 0.5515 -0.0797 0.4362 0.5707 -0.3054 0.6251 0.4474 -0.3527 -0.6425 -0.5124 0.9774 0.0096 0.2029 0.0592
0.762 -0.1614 -0.5564 -0.2892 0.5997 -0.5159 -0.5836 -0.1831 0.6097 -0.535 -0.4153 -0.4117 0.8307 0.0751 -0.543 0.0974 0.4697 0.4292 -0.6014 0.4833 0.6172 -0.1328 -0.6512 -0.4211 0.8289 0.0501 0.5515 -0.0797 0.423 0.5964 -0.3115 0.6069 0.4537 -0.3738 -0.6447 -0.4886 0.9774 0.0096 0.2029 0.0592
0.762 -0.1614 -0.5564 -0.2892 0.5997 -0.5159 -0.5836 -0.1831 0.6097 -0.535 -0.4153 -0.4117 0.8307 0.0751 -0.543 0.0974 0.4697 0.4292 -0.6014 0.4833 0.6172 -0.1328 -0.6512 -0.4211 0.8289 0.0501 0.5515 -0.0797 0.423 0.5964 -0.3115 0.6069 0.4537 -0.3738 -0.6447 -0.4886 0.9774 0.0096 0.2029 0.0592
0.762 -0.1614 -0.5564 -0.2892 0.6026 -0.5359 -0.5565 -0.2001 0.6097 -0.535 -0.4153 -0.4117 0.8307 0.0751 -0.543 0.0974 0.4697 0.4292 -0.6014 0.4833 0.5995 -0.0913 -0.6443 -0.4659 0.8289 0.0501 0.5515 -0.0797 0.423 0.5964 -0.3115 0.6069 0.4537 -0.3738 -0.6447 -0.4886 0.9576 0.0048 0.2859 0.035
0.762 -0.1614 -0.5564 -0.2892 0.6026 -0.5359 -0.5565 -0.2001 0.6097 -0.535 -0.4153 -0.4117 0.8307 0.0751 -0.543 0.0974 0.4697 0.4292 -0.6014 0.4833 0.5995 -0.0913 -0.6443 -0.4659 0.8289 0.0501 0.5515 -0.0797 0.423 0.5964 -0.3115 0.6069 0.4537 -0.3738 -0.6447 -0.4886 0.9576 0.0048 0.2859 0.035
0.7533 -0.1981 -0.5479 -0.305 0.6026 -0.5359 -0.5565 -0.2001 0.6097 -0.535 -0.4153 -0.4117 0.8307 0.0751 -0.543 0.0974 0.4697 0.4292 -0.6014 0.4833 0.5995 -0.0913 -0.6443 -0.4659 0.8289 0.0501 0.5515 -0.0797 0.423 0.5964 -0.3115 0.6069 0.4537 -0.3738 -0.6447 -0.4886 0.9576 0.0048 0.2859 0.035
0.7533 -0.1981 -0.5479 -0.305 0.6026 -0.5359 -0.5565 -0.2001 0.6097 -0.535 -0.4153 -0.4117 0.8307 0.0751 -0.543 0.0974 0.4697 0.4292 -0.6014 0.4833 0.5995 -0.0913 -0.6443 -0.4659 0.8289 0.0501 0.5515 -0.0797 0.423 0.5964 -0.3115 0.6069 0.4537 -0.3738 -0.6447 -0.4886 0.9576 0.0048 0.2859 0.035
0.7533 -0.1981 -0.5479 -0.305 0.6026 -0.5359 -0.5565 -0.2001 0.6097 -0.535 -0.4153 -0.4117 0.8307 0.0751 -0.543 0.0974 0.4697 0.4292 -0.6014 0.4833 0.5995 -0.0913 -0.6443 -0.4659 0.8289 0.0501 0.5515 -0.0797 0.423 0.5964 -0.3115 0.6069 0.4537 -0.3738 -0.6447 -0.4886 0.9576 0.0048 0.2859 0.035
0.7533 -0.1981 -0.5479 -0.305 0.6026 -0.5359 -0.5565 -0.2001 0.5817 -0.546 -0.4073 -0.4446 0.8307 0.0751 -0.543 0.0974 0.4587 0.4102 -0.5923 0.5201 0.5995 -0.0913 -0.6443 -0.4659 0.8289 0.0501 0.5515 -0.0797 0.4045 0.6182 -0.2979 0.6046 0.4817 -0.4271 -0.6127 -0.4584 0.9576 0.0048 0.2859 0.035
0.7533 -0.1981 -0.5479 -0.305 0.6026 -0.5359 -0.5565 -0.2001 0.5817 -0.546 -0.4073 -0.4446 0.8033 0.0849 -0.5894 0.0093 0.4587 0.4102 -0.5923 0.5201 0.5995 -0.0913 -0.6443 -0.4659 0.8289 0.0501 0.5515 -0.0797 0.4045 0.6182 -0.2979 0.6046 0.4817 -0.4271 -0.6127 -0.4584 0.9576 0.0048 0.2859 0.035
0.7533 -0.1981 -0.5479 -0.305 0.6026 -0.5359 -0.5565 -0.2001 0.5817 -0.546 -0.4073 -0.4446 0.8033 0.0849 -0.5894 0.0093 0.4587 0.4102 -0.5923 0.5201 0.5995 -0.0913 -0.6443 -0.4659 0.8289 0.0501 0.5515 -0.0797 0.4045 0.6182 -0.2979 0.6046 0.4817 -0.4271 -0.6127 -0.4584 0.9576 0.0048 0.2859 0.035
0.7493 -0.1921 -0.5504 -0.3142 0.6026 -0.5359 -0.5565 -0.2001 0.5817 -0.546 -0.4073 -0.4446 0.8033 0.0849 -0.5894 0.0093 0.4587 0.4102 -0.5923 0.5201 0.5995 -0.0913 -0.6443 -0.4659 0.8289 0.0501 0.5515 -0.0797 0.4045 0.6182 -0.2979 0.6046 0.4817 -0.4271 -0.6127 -0.4584 0.9576 0.0048 0.2859 0.035
0.7493 -0.1921 -0.5504 -0.3142 0.6026 -0.5359 -0.5565 -0.2001 0.5817 -0.546 -0.4073 -0.4446 0.8033 0.0849 -0.5894 0.0093 0.4587 0.4102 -0.5923 0.5201 0.5995 -0.0913 -0.6443 -0.4659 0.8289 0.0501 0.5515 -0.0797 0.4045 0.6182 -0.2979 0.6046 0.4817 -0.4271 -0.6127 -0.4584 0.9576 0.0048 0.2859 0.035
0.7493 -0.1921 -0.5504 -0.3142 0.6026 -0.5359 -0.5565 -0.2001 0.5817 -0.546 -0.4073 -0.4446 0.8033 0.0849 -0.5894 0.0093 0.4587 0.4102 -0.5923 0.5201 0.5995 -0.0913 -0.6443 -0.4659 0.8289 0.0501 0.5515 -0.0797 0.4045 0.6182 -0.2979 0.6046 0.4817 -0.4271 -0.6127 -0.4584 0.9576 0.0048 0.2859 0.035
0.7493 -0.1921 -0.5504 -0.3142 0.6026 -0.5359 -0.5565 -0.2001 0.5817 -0.546 -0.4073 -0.4446 0.8033 0.0849 -0.5894 0.0093 0.4587 0.4102 -0.5923 0.5201 0.5995 -0.0913 -0.6443 -0.4659 0.8289 0.0501 0.5515 -0.0797 0.4045 0.6182 -0.2979 0.6046 0.4817 -0.4271 -0.6127 -0.4584 0.9576 0.0048 0.2859 0.035
0.7493 -0.1921 -0.5504 -0.3142 0.6026 -0.5359 -0.5565 -0.2001 0.5466 -0.5497 -0.3708 -0.5114 0.8033 0.0849 -0.5894 0.0093 0.4473 0.3574 -0.5921 0.5671 0.5995 -0.0913 -0.6443 -0.4659 0.8289 0.0501 0.5515 -0.0797 0.3786 0.6328 -0.3052 0.6025 0.4972 -0.4684 -0.5901 -0.4302 0.9576 0.0048 0.2859 0.035
0.7493 -0.1921 -0.5504 -0.3142 0.6026 -0.5359 -0.5565 -0.2001 0.5466 -0.5497 -0.3708 -0.5114 0.8033 0.0849 -0.5894 0.0093 0.4473 0.3574 -0.5921 0.5671 0.5995 -0.0913 -0.6443 -0.4659 0.8289 0.0501 0.5515 -0.0797 0.3786 0.6328 -0.3052 0.6025 0.4972 -0.4684 -0.5901 -0.4302 0.9576 0.0048 0.2859 0.035
0.7493 -0.1921 -0.5504 -0.3142 0.6074 -0.5452 -0.5328 -0.2237 0.5466 -0.5497 -0.3708 -0.5114 0.7779 0.1234 -0.6008 -0.1368 0.4473 0.3574 -0.5921 0.5671 0.5385 -0.0686 -0.577 -0.6102 0.8289 0.0501 0.5515 -0.0797 0.3786 0.6328 -0.3052 0.6025 0.4972 -0.4684 -0.5901 -0.4302 0.9409 0.0033 0.3368 0.0352
0.7551 -0.2074 -0.5311 -0.3236 0.6074 -0.5452 -0.5328 -0.2237 0.5466 -0.5497 -0.3708 -0.5114 0.7779 0.1234 -0.6008 -0.1368 0.4473 0.3574 -0.5921 0.5671 0.5385 -0.0686 -0.577 -0.6102 0.8289 0.0501 0.5515 -0.0797 0.3786 0.6328 -0.3052 0.6025 0.4972 -0.4684 -0.5901 -0.4302 0.9409 0.0033 0.3368 0.0352
0.7551 -0.2074 -0.5311 -0.3236 0.6074 -0.5452 -0.5328 -0.2237 0.5466 -0.5497 -0.3708 -0.5114 0.7779 0.1234 -0.6008 -0.1368 0.4473 0.3574 -0.5921 0.5671 0.5385 -0.0686 -0.577 -0.6102 0.8289 0.0501 0.5515 -0.0797 0.3786 0.6328 -0.3052 0.6025 0.4972 -0.4684 -0.5901 -0.4302 0.9409 0.0033 0.3368 0.0352
0.7551 -0.2074 -0.5311 -0.3236 0.6074 -0.5452 -0.5328 -0.2237 0.5217 -0.5223 -0.3582 -0.5716 0.7779 0.1234 -0.6008 -0.1368 0.4473 0.3574 -0.5921 0.5671 0.5385 -0.0686 -0.577 -0.6102 0.8289 0.0501 0.5515 -0.0797 0.3786 0.6328 -0.3052 0.6025 0.4972 -0.4684 -0.5901 -0.4302 0.9409 0.0033 0.3368 0.0352
0.7551 -0.2074 -0.5311 -0.3236 0.6074 -0.5452 -0.5328 -0.2237 0.5217 -0.5223 -0.3582 -0.5716 0.7779 0.1234 -0.6008 -0.1368 0.4473 0.3574 -0.5921 0.5671 0.5385 -0.0686 -0.577 -0.6102 0.8289 0.0501 0.5515 -0.0797 0.3786 0.6328 -0.3052 0.6025 0.4972 -0.4684 -0.5901 -0.4302 0.9409 0.0033 0.3368 0.0352
0.7551 -0.2074 -0.5311 -0.3236 0.6074 -0.5452 -0.5328 -0.2237 0.5217 -0.5223 -0.3582 -0.5716 0.7779 0.1234 -0.6008 -0.1368 0.4263 0.3138 -0.5973 0.6025 0.5385 -0.0686 -0.577 -0.6102 0.8289 0.0501 0.5515 -0.0797 0.3786 0.6328 -0.3052 0.6025 0.5128 -0.4942 -0.5703 -0.4095 0.9409 0.0033 0.3368 0.0352
0.7551 -0.2074 -0.5311 -0.3236 0.6042 -0.5618 -0.5101 -0.2427 0.5217 -0.5223 -0.3582 -0.5716 0.7636 0.2034 -0.58 -0.198 0.4263 0.3138 -0.5973 0.6025 0.5897 -0.1486 -0.5718 -0.5507 0.8018 0.1143 0.5522 -0.1976 0.3786 0.6328 -0.3052 0.6025 0.5128 -0.4942 -0.5703 -0.4095 0.9368 0.0049 0.3478 0.0383
0.7551 -0.2074 -0.5311 -0.3236 0.6042 -0.5618 -0.5101 -0.2427 0.5217 -0.5223 -0.3582 -0.5716 0.7636 0.2034 -0.58 -0.198 0.4263 0.3138 -0.5973 0.6025 0.5897 -0.1486 -0.5718 -0.5507 0.8018 0.1143 0.5522 -0.1976 0.3786 0.6328 -0.3052 0.6025 0.5128 -0.4942 -0.5703 -0.4095 0.9368 0.0049 0.3478 0.0383
0.753 -0.2126 -0.5274 -0.3312 0.6042 -0.5618 -0.5101 -0.2427 0.5217 -0.5223 -0.3582 -0.5716 0.7636 0.2034 -0.58 -0.198 0.4263 0.3138 -0.5973 0.6025 0.5897 -0.1486 -0.5718 -0.5507 0.8018 0.1143 0.5522 -0.1976 0.3786 0.6328 -0.3052 0.6025 0.5128 -0.4942 -0.5703 -0.4095 0.9368 0.0049 0.3478 0.0383
0.753 -0.2126 -0.5274 -0.3312 0.6042 -0.5618 -0.5101 -0.2427 0.5217 -0.5223 -0.3582 -0.5716 0.7636 0.2034 -0.58 -0.198 0.4263 0.3138 -0.5973 0.6025 0.5897 -0.1486 -0.5718 -0.5507 0.8018 0.1143 0.5522 -0.1976 0.3786 0.6328 -0.3052 0.6025 0.5128 -0.4942 -0.5703 -0.4095 0.9368 0.0049 0.3478 0.0383
0.753 -0.2126 -0.5274 -0.3312 0.6042 -0.5618 -0.5101 -0.2427 0.5217 -0.5223 -0.3582 -0.5716 0.7636 0.2034 -0.58 -0.198 0.4263 0.3138 -0.5973 0.6025 0.5897 -0.1486 -0.5718 -0.5507 0.8018 0.1143 0.5522 -0.1976 0.3786 0.6328 -0.3052 0.6025 0.5128 -0.4942 -0.5703 -0.4095 0.9368 0.0049 0.3478 0.0383
0.753 -0.2126 -0.5274 -0.3312 0.6042 -0.5618 -0.5101 -0.2427 0.4954 -0.5228 -0.3423 -0.6035 0.7636 0.2034 -0.58 -0.198 0.4263 0.3138 -0.5973 0.6025 0.5897 -0.1486 -0.5718 -0.5507 0.8018 0.1143 0.5522 -0.1976 0.3071 0.6578 -0.3118 0.613 0.5128 -0.4942 -0.5703 -0.4095 0.9368 0.0049 0.3478 0.0383
0.753 -0.2126 -0.5274 -0.3312 0.6042 -0.5618 -0.5101 -0.2427 0.4954 -0.5228 -0.3423 -0.6035 0.7636 0.2034 -0.58 -0.198 0.4263 0.3138 -0.5973 0.6025 0.5897 -0.1486 -0.5718 -0.5507 0.8018 0.1143 0.5522 -0.1976 0.3071 0.6578 -0.3118 0.613 0.5128 -0.4942 -0.5703 -0.4095 0.9368 0.0049 0.3478 0.0383
0.753 -0.2126 -0.5274 -0.3312 0.6042 -0.5618 -0.5101 -0.2427 0.4954 -0.5228 -0.3423 -0.6035 0.7636 0.2034 -0.58 -0.198 0.4263 0.3138 -0.5973 0.6025 0.5897 -0.1486 -0.5718 -0.5507 0.8018 0.1143 0.5522 -0.1976 0.3071 0.6578 -0.3118 0.613 0.5128 -0.4942 -0.5703 -0.4095 0.9368 0.0049 0.3478 0.0383
0.753 -0.2126 -0.5274 -0.3312 0.5959 -0.5739 -0.5034 -0.2495 0.4954 -0.5228 -0.3423 -0.6035 0.7557 0.2133 -0.5791 -0.2193 0.3911 0.3107 -0.598 0.6269 0.6855 -0.2967 -0.5535 -0.3683 0.923 0.1388 0.3446 -0.0997 0.3071 0.6578 -0.3118 0.613 0.5352 -0.4997 -0.5593 -0.3885 0.9319 0.0045 0.3607 0.0368
0.7366 -0.2352 -0.5204 -0.3623 0.5959 -0.5739 -0.5034 -0.2495 0.4954 -0.5228 -0.3423 -0.6035 0.7557 0.2133 -0.5791 -0.2193 0.3911 0.3107 -0.598 0.6269 0.6855 -0.2967 -0.5535 -0.3683 0.923 0.1388 0.3446 -0.0997 0.3071 0.6578 -0.3118 0.613 0.5352 -0.4997 -0.5593 -0.3885 0.9319 0.0045 0.3607 0.0368
0.7366 -0.2352 -0.5204 -0.3623 0.5959 -0.5739 -0.5034 -0.2495 0.4954 -0.5228 -0.3423 -0.6035 0.7557 0.2133 -0.5791 -0.2193 0.3911 0.3107 -0.598 0.6269 0.6855 -0.2967 -0.5535 -0.3683 0.923 0.1388 0.3446 -0.0997 0.3071 0.6578 -0.3118 0.613 0.5352 -0.4997 -0.5593 -0.3885 0.9319 0.0045 0.3607 0.0368
0.7366 -0.2352 -0.5204 -0.3623 0.5959 -0.5739 -0.5034 -0.2495 0.5002 -0.528 -0.3367 -0.598 0.7557 0.2133 -0.5791 -0.2193 0.3911 0.3107 -0.598 0.6269 0.6855 -0.2967 -0.5535 -0.3683 0.923 0.1388 0.3446 -0.0997 0.3071 0.6578 -0.3118 0.613 0.5352 -0.4997 -0.5593 -0.3885 0.9319 0.0045 0.3607 0.0368
0.7366 -0.2352 -0.5204 -0.3623 0.5959 -0.5739 -0.5034 -0.2495 0.5002 -0.528 -0.3367 -0.598 0.7557 0.2133 -0.5791 -0.2193 0.3911 0.3107 -0.598 0.6269 0.6855 -0.2967 -0.5535 -0.3683 0.923 0.1388 0.3446 -0.0997 0.3071 0.6578 -0.3118 0.613 0.5352 -0.4997 -0.5593 -0.3885 0.9319 0.0045 0.3607 0.0368
0.7366 -0.2352 -0.5204 -0.3623 0.5959 -0.5739 -0.5034 -0.2495 0.5002 -0.528 -0.3367 -0.598 0.7557 0.2133 -0.5791 -0.2193 0.3759 0.3306 -0.6079 0.6163 0.6855 -0.2967 -0.5535 -0.3683 0.923 0.1388 0.3446 -0.0997 0.2565 0.6672 -0.3146 0.6245 0.5624 -0.5034 -0.541 -0.3709 0.9319 0.0045 0.3607 0.0368
0.7366 -0.2352 -0.5204 -0.3623 0.5959 -0.5739 -0.5034 -0.2495 0.5002 -0.528 -0.3367 -0.598 0.7639 0.14 -0.5862 -0.2307 0.3759 0.3306 -0.6079 0.6163 0.7183 -0.4188 -0.5029 -0.2359 0.968 0.1939 0.1561 -0.0329 0.2565 0.6672 -0.3146 0.6245 0.5624 -0.5034 -0.541 -0.3709 0.9319 0.0045 0.3607 0.0368
0.7366 -0.2352 -0.5204 -0.3623 0.5789 -0.5872 -0.4965 -0.2712 0.5002 -0.528 -0.3367 -0.598 0.7639 0.14 -0.5862 -0.2307 0.3759 0.3306 -0.6079 0.6163 0.7183 -0.4188 -0.5029 -0.2359 0.968 0.1939 0.1561 -0.0329 0.2565 0.6672 -0.3146 0.6245 0.5624 -0.5034 -0.541 -0.3709 0.9319 0.0045 0.3607 0.0368
0.7204 -0.2485 -0.5192 -0.387 0.5789 -0.5872 -0.4965 -0.2712 0.5002 -0.528 -0.3367 -0.598 0.7639 0.14 -0.5862 -0.2307 0.3759 0.3306 -0.6079 0.6163 0.7183 -0.4188 -0.5029 -0.2359 0.968 0.1939 0.1561 -0.0329 0.2565 0.6672 -0.3146 0.6245 0.5624 -0.5034 -0.541 -0.3709 0.9319 0.0045 0.3607 0.0368
0.7204 -0.2485 -0.5192 -0.387 0.5789 -0.5872 -0.4965 -0.2712 0.5002 -0.528 -0.3367 -0.598 0.7639 0.14 -0.5862 -0.2307 0.3759 0.3306 -0.6079 0.6163 0.7183 -0.4188 -0.5029 -0.2359 0.968 0.1939 0.1561 -0.0329 0.2565 0.6672 -0.3146 0.6245 0.5624 -0.5034 -0.541 -0.3709 0.9319 0.0045 0.3607 0.0368
0.7204 -0.2485 -0.5192 -0.387 0.5789 -0.5872 -0.4965 -0.2712 0.5225 -0.5252 -0.3651 -0.5638 0.7639 0.14 -0.5862 -0.2307 0.3759 0.3306 -0.6079 0.6163 0.7183 -0.4188 -0.5029 -0.2359 0.968 0.1939 0.1561 -0.0329 0.2565 0.6672 -0.3146 0.6245 0.5624 -0.5034 -0.541 -0.3709 0.9319 0.0045 0.3607 0.0368
0.7204 -0.2485 -0.5192 -0.387 0.5789 -0.5872 -0.4965 -0.2712 0.5225 -0.5252 -0.3651 -0.5638 0.7639 0.14 -0.5862 -0.2307 0.3759 0.3306 -0.6079 0.6163 0.7183 -0.4188 -0.5029 -0.2359 0.968 0.1939 0.1561 -0.0329 0.2565 0.6672 -0.3146 0.6245 0.5624 -0.5034 -0.541 -0.3709 0.9319 0.0045 0.3607 0.0368
0.7204 -0.2485 -0.5192 -0.387 0.5789 -0.5872 -0.4965 -0.2712 0.5225 -0.5252 -0.3651 -0.5638 0.7639 0.14 -0.5862 -0.2307 0.345 0.3638 -0.5912 0.6317 0.7183 -0.4188 -0.5029 -0.2359 0.968 0.1939 0.1561 -0.0329 0.2198 0.6652 -0.3083 0.6436 0.5968 -0.5132 -0.5103 -0.3466 0.9319 0.0045 0.3607 0.0368
0.7204 -0.2485 -0.5192 -0.387 0.5789 -0.5872 -0.4965 -0.2712 0.5225 -0.5252 -0.3651 -0.5638 0.7639 0.14 -0.5862 -0.2307 0.345 0.3638 -0.5912 0.6317 0.7183 -0.4188 -0.5029 -0.2359 0.968 0.1939 0.1561 -0.0329 0.2198 0.6652 -0.3083 0.6436 0.5968 -0.5132 -0.5103 -0.3466 0.9319 0.0045 0.3607 0.0368
0.7204 -0.2485 -0.5192 -0.387 0.5789 -0.5872 -0.4965 -0.2712 0.5225 -0.5252 -0.3651 -0.5638 0.7639 0.14 -0.5862 -0.2307 0.345 0.3638 -0.5912 0.6317 0.7183 -0.4188 -0.5029 -0.2359 0.968 0.1939 0.1561 -0.0329 0.2198 0.6652 -0.3083 0.6436 0.5968 -0.5132 -0.5103 -0.3466 0.9319 0.0045 0.3607 0.0368
0.7192 -0.2469 -0.5208 -0.3881 0.5789 -0.5872 -0.4965 -0.2712 0.5225 -0.5252 -0.3651 -0.5638 0.7639 0.14 -0.5862 -0.2307 0.345 0.3638 -0.5912 0.6317 0.7183 -0.4188 -0.5029 -0.2359 0.968 0.1939 0.1561 -0.0329 0.2198 0.6652 -0.3083 0.6436 0.5968 -0.5132 -0.5103 -0.3466 0.9319 0.0045 0.3607 0.0368
0.7192 -0.2469 -0.5208 -0.3881 0.5789 -0.5872 -0.4965 -0.2712 0.5225 -0.5252 -0.3651 -0.5638 0.7639 0.14 -0.5862 -0.2307 0.345 0.3638 -0.5912 0.6317 0.7183 -0.4188 -0.5029 -0.2359 0.968 0.1939 0.1561 -0.0329 0.2198 0.6652 -0.3083 0.6436 0.5968 -0.5132 -0.5103 -0.3466 0.9319 0.0045 0.3607 0.0368
0.7192 -0.2469 -0.5208 -0.3881 0.5789 -0.5872 -0.4965 -0.2712 0.5225 -0.5252 -0.3651 -0.5638 0.7639 0.14 -0.5862 -0.2307 0.345 0.3638 -0.5912 0.6317 0.7183 -0.4188 -0.5029 -0.2359 0.968 0.1939 0.1561 -0.0329 0.2198 0.6652 -0.3083 0.6436 0.5968 -0.5132 -0.5103 -0.3466 0.9319 0.0045 0.3607 0.0368
0.7192 -0.2469 -0.5208 -0.3881 0.5789 -0.5872 -0.4965 -0.2712 0.5572 -0.5126 -0.412 -0.507 0.7639 0.14 -0.5862 -0.2307 0.3217 0.3808 -0.5934 0.6319 0.7183 -0.4188 -0.5029 -0.2359 0.968 0.1939 0.1561 -0.0329 0.2196 0.6459 -0.2903 0.671 0.5968 -0.5132 -0.5103 -0.3466 0.9319 0.0045 0.3607 0.0368
0.7192 -0.2469 -0.5208 -0.3881 0.5789 -0.5872 -0.4965 -0.2712 0.5572 -0.5126 -0.412 -0.507 0.7639 0.14 -0.5862 -0.2307 0.3217 0.3808 -0.5934 0.6319 0.7183 -0.4188 -0.5029 -0.2359 0.968 0.1939 0.1561 -0.0329 0.2196 0.6459 -0.2903 0.671 0.6505 -0.5296 -0.457 -0.2958 0.9319 0.0045 0.3607 0.0368
0.7192 -0.2469 -0.5208 -0.3881 0.6066 -0.5446 -0.512 -0.2708 0.5572 -0.5126 -0.412 -0.507 0.7639 0.14 -0.5862 -0.2307 0.3217 0.3808 -0.5934 0.6319 0.7183 -0.4188 -0.5029 -0.2359 0.968 0.1939 0.1561 -0.0329 0.2196 0.6459 -0.2903 0.671 0.6505 -0.5296 -0.457 -0.2958 0.9319 0.0045 0.3607 0.0368
0.7192 -0.2469 -0.5208 -0.3881 0.6066 -0.5446 -0.512 -0.2708 0.5572 -0.5126 -0.412 -0.507 0.7639 0.14 -0.5862 -0.2307 0.3217 0.3808 -0.5934 0.6319 0.7183 -0.4188 -0.5029 -0.2359 0.968 0.1939 0.1561 -0.0329 0.2196 0.6459 -0.2903 0.671 0.6505 -0.5296 -0.457 -0.2958 0.9319 0.0045 0.3607 0.0368
0.746 -0.207 -0.5271 -0.3505 0.6066 -0.5446 -0.512 -0.2708 0.5572 -0.5126 -0.412 -0.507 0.7639 0.14 -0.5862 -0.2307 0.3217 0.3808 -0.5934 0.6319 0.7183 -0.4188 -0.5029 -0.2359 0.968 0.1939 0.1561 -0.0329 0.2196 0.6459 -0.2903 0.671 0.6505 -0.5296 -0.457 -0.2958 0.9319 0.0045 0.3607 0.0368
0.746 -0.207 -0.5271 -0.3505 0.6066 -0.5446 -0.512 -0.2708 0.5572 -0.5126 -0.412 -0.507 0.7639 0.14 -0.5862 -0.2307 0.3217 0.3808 -0.5934 0.6319 0.7183 -0.4188 -0.5029 -0.2359 0.968 0.1939 0.1561 -0.0329 0.2196 0.6459 -0.2903 0.671 0.6505 -0.5296 -0.457 -0.2958 0.9319 0.0045 0.3607 0.0368
0.746 -0.207 -0.5271 -0.3505 0.6066 -0.5446 -0.512 -0.2708 0.5743 -0.5107 -0.436 -0.4682 0.7639 0.14 -0.5862 -0.2307 0.3217 0.3808 -0.5934 0.6319 0.7183 -0.4188 -0.5029 -0.2359 0.968 0.1939 0.1561 -0.0329 0.2196 0.6459 -0.2903 0.671 0.6505 -0.5296 -0.457 -0.2958 0.9319 0.0045 0.3607 0.0368
0.746 -0.207 -0.5271 -0.3505 0.6066 -0.5446 -0.512 -0.2708 0.5743 -0.5107 -0.436 -0.4682 0.7639 0.14 -0.5862 -0.2307 0.3262 0.3572 -0.6245 0.6132 0.7183 -0.4188 -0.5029 -0.2359 0.968 0.1939 0.1561 -0.0329 0.326 0.5681 -0.2493 0.7133 0.7634 -0.4731 -0.4093 -0.1608 0.9319 0.0045 0.3607 0.0368
0.746 -0.207 -0.5271 -0.3505 0.6066 -0.5446 -0.512 -0.2708 0.5743 -0.5107 -0.436 -0.4682 0.7639 0.14 -0.5862 -0.2307 0.3262 0.3572 -0.6245 0.6132 0.7183 -0.4188 -0.5029 -0.2359 0.968 0.1939 0.1561 -0.0329 0.326 0.5681 -0.2493 0.7133 0.7634 -0.4731 -0.4093 -0.1608 0.9319 0.0045 0.3607 0.0368
0.746 -0.207 -0.5271 -0.3505 0.6066 -0.5446 -0.512 -0.2708 0.5743 -0.5107 -0.436 -0.4682 0.8096 0.1373 -0.5703 0.0234 0.3262 0.3572 -0.6245 0.6132 0.6666 -0.2847 -0.6184 -0.3035 0.968 0.1939 0.1561 -0.0329 0.326 0.5681 -0.2493 0.7133 0.7634 -0.4731 -0.4093 -0.1608 0.9319 0.0045 0.3607 0.0368
0.746 -0.207 -0.5271 -0.3505 0.6406 -0.5257 -0.5237 -0.1974 0.5743 -0.5107 -0.436 -0.4682 0.8096 0.1373 -0.5703 0.0234 0.3262 0.3572 -0.6245 0.6132 0.6666 -0.2847 -0.6184 -0.3035 0.968 0.1939 0.1561 -0.0329 0.326 0.5681 -0.2493 0.7133 0.7634 -0.4731 -0.4093 -0.1608 0.9319 0.0045 0.3607 0.0368
0.7996 -0.1697 -0.4961 -0.2927 0.6406 -0.5257 -0.5237 -0.1974 0.5743 -0.5107 -0.436 -0.4682 0.8096 0.1373 -0.5703 0.0234 0.3262 0.3572 -0.6245 0.6132 0.6666 -0.2847 -0.6184 -0.3035 0.968 0.1939 0.1561 -0.0329 0.326 0.5681 -0.2493 0.7133 0.7634 -0.4731 -0.4093 -0.1608 0.9319 0.0045 0.3607 0.0368
0.7996 -0.1697 -0.4961 -0.2927 0.6406 -0.5257 -0.5237 -0.1974 0.5743 -0.5107 -0.436 -0.4682 0.8096 0.1373 -0.5703 0.0234 0.3262 0.3572 -0.6245 0.6132 0.6666 -0.2847 -0.6184 -0.3035 0.968 0.1939 0.1561 -0.0329 0.326 0.5681 -0.2493 0.7133 0.7634 -0.4731 -0.4093 -0.1608 0.9319 0.0045 0.3607 0.0368
0.7996 -0.1697 -0.4961 -0.2927 0.6406 -0.5257 -0.5237 -0.1974 0.5657 -0.5051 -0.4346 -0.4858 0.8096 0.1373 -0.5703 0.0234 0.3262 0.3572 -0.6245 0.6132 0.6666 -0.2847 -0.6184 -0.3035 0.968 0.1939 0.1561 -0.0329 0.326 0.5681 -0.2493 0.7133 0.7634 -0.4731 -0.4093 -0.1608 0.9319 0.0045 0.3607 0.0368
0.7996 -0.1697 -0.4961 -0.2927 0.6406 -0.5257 -0.5237 -0.1974 0.5657 -0.5051 -0.4346 -0.4858 0.8096 0.1373 -0.5703 0.0234 0.3262 0.3572 -0.6245 0.6132 0.6666 -0.2847 -0.6184 -0.3035 0.968 0.1939 0.1561 -0.0329 0.326 0.5681 -0.2493 0.7133 0.7634 -0.4731 -0.4093 -0.1608 0.9319 0.0045 0.3607 0.0368
0.7996 -0.1697 -0.4961 -0.2927 0.6406 -0.5257 -0.5237 -0.1974 0.5657 -0.5051 -0.4346 -0.4858 0.8096 0.1373 -0.5703 0.0234 0.3153 0.3486 -0.6274 0.6207 0.6666 -0.2847 -0.6184 -0.3035 0.968 0.1939 0.1561 -0.0329 0.35 0.5506 -0.1304 0.7466 0.8604 -0.2863 -0.4125 -0.0868 0.9319 0.0045 0.3607 0.0368
0.7996 -0.1697 -0.4961 -0.2927 0.6406 -0.5257 -0.5237 -0.1974 0.5657 -0.5051 -0.4346 -0.4858 0.8133 0.119 -0.5696 -0.0029 0.3153 0.3486 -0.6274 0.6207 0.6387 -0.2372 -0.6572 -0.3223 0.9276 0.1038 0.3589 0.0068 0.35 0.5506 -0.1304 0.7466 0.8604 -0.2863 -0.4125 -0.0868 0.9319 0.0045 0.3607 0.0368
0.7996 -0.1697 -0.4961 -0.2927 0.6694 -0.5469 -0.4865 -0.1273 0.5657 -0.5051 -0.4346 -0.4858 0.8133 0.119 -0.5696 -0.0029 0.3153 0.3486 -0.6274 0.6207 0.6387 -0.2372 -0.6572 -0.3223 0.9276 0.1038 0.3589 0.0068 0.35 0.5506 -0.1304 0.7466 0.8604 -0.2863 -0.4125 -0.0868 0.9319 0.0045 0.3607 0.0368
0.8195 -0.2144 -0.4639 -0.2594 0.6694 -0.5469 -0.4865 -0.1273 0.5657 -0.5051 -0.4346 -0.4858 0.8133 0.119 -0.5696 -0.0029 0.3153 0.3486 -0.6274 0.6207 0.6387 -0.2372 -0.6572 -0.3223 0.9276 0.1038 0.3589 0.0068 0.35 0.5506 -0.1304 0.7466 0.8604 -0.2863 -0.4125 -0.0868 0.9319 0.0045 0.3607 0.0368
0.8195 -0.2144 -0.4639 -0.2594 0.6694 -0.5469 -0.4865 -0.1273 0.5657 -0.5051 -0.4346 -0.4858 0.8133 0.119 -0.5696 -0.0029 0.3153 0.3486 -0.6274 0.6207 0.6387 -0.2372 -0.6572 -0.3223 0.9276 0.1038 0.3589 0.0068 0.35 0.5506 -0.1304 0.7466 0.8604 -0.2863 -0.4125 -0.0868 0.9319 0.0045 0.3607 0.0368
0.8195 -0.2144 -0.4639 -0.2594 0.6694 -0.5469 -0.4865 -0.1273 0.5163 -0.4982 -0.4514 -0.5306 0.8133 0.119 -0.5696 -0.0029 0.3153 0.3486 -0.6274 0.6207 0.6387 -0.2372 -0.6572 -0.3223 0.9276 0.1038 0.3589 0.0068 0.35 0.5506 -0.1304 0.7466 0.8604 -0.2863 -0.4125 -0.0868 0.9319 0.0045 0.3607 0.0368
0.8195 -0.2144 -0.4639 -0.2594 0.6694 -0.5469 -0.4865 -0.1273 0.5163 -0.4982 -0.4514 -0.5306 0.8133 0.119 -0.5696 -0.0029 0.3153 0.3486 -0.6274 0.6207 0.6387 -0.2372 -0.6572 -0.3223 0.9276 0.1038 0.3589 0.0068 0.4088 0.5264 -0.1843 0.7224 0.8604 -0.2863 -0.4125 -0.0868 0.9319 0.0045 0.3607 0.0368
0.8195 -0.2144 -0.4639 -0.2594 0.6694 -0.5469 -0.4865 -0.1273 0.5163 -0.4982 -0.4514 -0.5306 0.8133 0.119 -0.5696 -0.0029 0.3085 0.3777 -0.6275 0.607 0.6387 -0.2372 -0.6572 -0.3223 0.9276 0.1038 0.3589 0.0068 0.4088 0.5264 -0.1843 0.7224 0.8414 -0.3401 -0.399 -0.1312 0.9319 0.0045 0.3607 0.0368
0.8195 -0.2144 -0.4639 -0.2594 0.6434 -0.5601 -0.5152 -0.0831 0.5163 -0.4982 -0.4514 -0.5306 0.8133 0.119 -0.5696 -0.0029 0.3085 0.3777 -0.6275 0.607 0.6387 -0.2372 -0.6572 -0.3223 0.9276 0.1038 0.3589 0.0068 0.4088 0.5264 -0.1843 0.7224 0.8414 -0.3401 -0.399 -0.1312 0.9319 0.0045 0.3607 0.0368
0.8195 -0.2144 -0.4639 -0.2594 0.6434 -0.5601 -0.5152 -0.0831 0.5163 -0.4982 -0.4514 -0.5306 0.8133 0.119 -0.5696 -0.0029 0.3085 0.3777 -0.6275 0.607 0.6387 -0.2372 -0.6572 -0.3223 0.9276 0.1038 0.3589 0.0068 0.4088 0.5264 -0.1843 0.7224 0.8414 -0.3401 -0.399 -0.1312 0.9319 0.0045 0.3607 0.0368
0.8326 -0.1699 -0.4605 -0.2563 0.6434 -0.5601 -0.5152 -0.0831 0.5163 -0.4982 -0.4514 -0.5306 0.8133 0.119 -0.5696 -0.0029 0.3085 0.3777 -0.6275 0.607 0.6387 -0.2372 -0.6572 -0.3223 0.9276 0.1038 0.3589 0.0068 0.4088 0.5264 -0.1843 0.7224 0.8414 -0.3401 -0.399 -0.1312 0.9319 0.0045 0.3607 0.0368
0.8326 -0.1699 -0.4605 -0.2563 0.6434 -0.5601 -0.5152 -0.0831 0.5163 -0.4982 -0.4514 -0.5306 0.8133 0.119 -0.5696 -0.0029 0.3085 0.3777 -0.6275 0.607 0.6387 -0.2372 -0.6572 -0.3223 0.9276 0.1038 0.3589 0.0068 0.4088 0.5264 -0.1843 0.7224 0.8414 -0.3401 -0.399 -0.1312 0.9319 0.0045 0.3607 0.0368
0.8326 -0.1699 -0.4605 -0.2563 0.6434 -0.5601 -0.5152 -0.0831 0.4985 -0.4962 -0.4504 -0.55 0.8133 0.119 -0.5696 -0.0029 0.3085 0.3777 -0.6275 0.607 0.6387 -0.2372 -0.6572 -0.3223 0.9276 0.1038 0.3589 0.0068 0.4088 0.5264 -0.1843 0.7224 0.8414 -0.3401 -0.399 -0.1312 0.9319 0.0045 0.3607 0.0368
0.8326 -0.1699 -0.4605 -0.2563 0.6434 -0.5601 -0.5152 -0.0831 0.4985 -0.4962 -0.4504 -0.55 0.8133 0.119 -0.5696 -0.0029 0.3085 0.3777 -0.6275 0.607 0.6387 -0.2372 -0.6572 -0.3223 0.9276 0.1038 0.3589 0.0068 0.3753 0.5504 -0.2468 0.7038 0.8414 -0.3401 -0.399 -0.1312 0.9319 0.0045 0.3607 0.0368
0.8326 -0.1699 -0.4605 -0.2563 0.6434 -0.5601 -0.5152 -0.0831 0.4985 -0.4962 -0.4504 -0.55 0.8133 0.119 -0.5696 -0.0029 0.3085 0.3777 -0.6275 0.607 0.6387 -0.2372 -0.6572 -0.3223 0.9276 0.1038 0.3589 0.0068 0.3753 0.5504 -0.2468 0.7038 0.8232 -0.3773 -0.3947 -0.1557 0.9319 0.0045 0.3607 0.0368
0.8326 -0.1699 -0.4605 -0.2563 0.6434 -0.5601 -0.5152 -0.0831 0.4985 -0.4962 -0.4504 -0.55 0.7407 0.2292 -0.6166 -0.1363 0.3085 0.3777 -0.6275 0.607 0.6402 -0.21 -0.6697 -0.3124 0.9243 0.1058 0.3668 0.0063 0.3753 0.5504 -0.2468 0.7038 0.8232 -0.3773 -0.3947 -0.1557 0.9319 0.0045 0.3607 0.0368
0.8326 -0.1699 -0.4605 -0.2563 0.6434 -0.5601 -0.5152 -0.0831 0.4985 -0.4962 -0.4504 -0.55 0.7407 0.2292 -0.6166 -0.1363 0.3085 0.3777 -0.6275 0.607 0.6402 -0.21 -0.6697 -0.3124 0.9243 0.1058 0.3668 0.0063 0.3753 0.5504 -0.2468 0.7038 0.8232 -0.3773 -0.3947 -0.1557 0.9319 0.0045 0.3607 0.0368
0.821 -0.1708 -0.4746 -0.2674 0.6434 -0.5601 -0.5152 -0.0831 0.4985 -0.4962 -0.4504 -0.55 0.7407 0.2292 -0.6166 -0.1363 0.3085 0.3777 -0.6275 0.607 0.6402 -0.21 -0.6697 -0.3124 0.9243 0.1058 0.3668 0.0063 0.3753 0.5504 -0.2468 0.7038 0.8232 -0.3773 -0.3947 -0.1557 0.9319 0.0045 0.3607 0.0368
0.821 -0.1708 -0.4746 -0.2674 0.6434 -0.5601 -0.5152 -0.0831 0.4985 -0.4962 -0.4504 -0.55 0.7407 0.2292 -0.6166 -0.1363 0.3085 0.3777 -0.6275 0.607 0.6402 -0.21 -0.6697 -0.3124 0.9243 0.1058 0.3668 0.0063 0.3753 0.5504 -0.2468 0.7038 0.8232 -0.3773 -0.3947 -0.1557 0.9319 0.0045 0.3607 0.0368
0.821 -0.1708 -0.4746 -0.2674 0.6434 -0.5601 -0.5152 -0.0831 0.4985 -0.4962 -0.4504 -0.55 0.7407 0.2292 -0.6166 -0.1363 0.3085 0.3777 -0.6275 0.607 0.6402 -0.21 -0.6697 -0.3124 0.9243 0.1058 0.3668 0.0063 0.3753 0.5504 -0.2468 0.7038 0.8232 -0.3773 -0.3947 -0.1557 0.9319 0.0045 0.3607 0.0368
0.821 -0.1708 -0.4746 -0.2674 0.6434 -0.5601 -0.5152 -0.0831 0.4985 -0.4962 -0.4504 -0.55 0.7407 0.2292 -0.6166 -0.1363 0.3085 0.3777 -0.6275 0.607 0.6402 -0.21 -0.6697 -0.3124 0.9243 0.1058 0.3668 0.0063 0.3222 0.5673 -0.2621 0.7111 0.8232 -0.3773 -0.3947 -0.1557 0.9319 0.0045 0.3607 0.0368
0.821 -0.1708 -0.4746 -0.2674 0.6434 -0.5601 -0.5152 -0.0831 0.4985 -0.4962 -0.4504 -0.55 0.7407 0.2292 -0.6166 -0.1363 0.3085 0.3777 -0.6275 0.607 0.6402 -0.21 -0.6697 -0.3124 0.9243 0.1058 0.3668 0.0063 0.3222 0.5673 -0.2621 0.7111 0.8232 -0.3773 -0.3947 -0.1557 0.9319 0.0045 0.3607 0.0368
0.821 -0.1708 -0.4746 -0.2674 0.6434 -0.5601 -0.5152 -0.0831 0.4985 -0.4962 -0.4504 -0.55 0.7407 0.2292 -0.6166 -0.1363 0.3085 0.3777 -0.6275 0.607 0.6402 -0.21 -0.6697 -0.3124 0.9243 0.1058 0.3668 0.0063 0.3222 0.5673 -0.2621 0.7111 0.8232 -0.3773 -0.3947 -0.1557 0.9319 0.0045 0.3607 0.0368
0.821 -0.1708 -0.4746 -0.2674 0.6212 -0.5439 -0.5571 -0.0894 0.4985 -0.4962 -0.4504 -0.55 0.6974 0.2577 -0.633 -0.2155 0.3085 0.3777 -0.6275 0.607 0.6456 -0.2036 -0.6664 -0.3125 0.9257 0.1004 0.3646 0.007 0.3222 0.5673 -0.2621 0.7111 0.8232 -0.3773 -0.3947 -0.1557 0.9319 0.0045 0.3607 0.0368
0.8008 -0.1804 -0.5017 -0.273 0.6212 -0.5439 -0.5571 -0.0894 0.4985 -0.4962 -0.4504 -0.55 0.6974 0.2577 -0.633 -0.2155 0.3085 0.3777 -0.6275 0.607 0.6456 -0.2036 -0.6664 -0.3125 0.9257 0.1004 0.3646 0.007 0.3222 0.5673 -0.2621 0.7111 0.8232 -0.3773 -0.3947 -0.1557 0.9319 0.0045 0.3607 0.0368
0.8008 -0.1804 -0.5017 -0.273 0.6212 -0.5439 -0.5571 -0.0894 0.4985 -0.4962 -0.4504 -0.55 0.6974 0.2577 -0.633 -0.2155 0.3085 0.3777 -0.6275 0.607 0.6456 -0.2036 -0.6664 -0.3125 0.9257 0.1004 0.3646 0.007 0.3222 0.5673 -0.2621 0.7111 0.8232 -0.3773 -0.3947 -0.1557 0.9319 0.0045 0.3607 0.0368
0.8008 -0.1804 -0.5017 -0.273 0.6212 -0.5439 -0.5571 -0.0894 0.4985 -0.4962 -0.4504 -0.55 0.6974 0.2577 -0.633 -0.2155 0.3085 0.3777 -0.6275 0.607 0.6456 -0.2036 -0.6664 -0.3125 0.9257 0.1004 0.3646 0.007 0.3222 0.5673 -0.2621 0.7111 0.8232 -0.3773 -0.3947 -0.1557 0.9319 0.0045 0.3607 0.0368
0.8008 -0.1804 -0.5017 -0.273 0.6212 -0.5439 -0.5571 -0.0894 0.5212 -0.5162 -0.416 -0.5374 0.6974 0.2577 -0.633 -0.2155 0.3397 0.4613 -0.6116 0.5457 0.6456 -0.2036 -0.6664 -0.3125 0.9257 0.1004 0.3646 0.007 0.2914 0.5667 -0.2781 0.7188 0.8232 -0.3773 -0.3947 -0.1557 0.9319 0.0045 0.3607 0.0368
0.8008 -0.1804 -0.5017 -0.273 0.6212 -0.5439 -0.5571 -0.0894 0.5212 -0.5162 -0.416 -0.5374 0.7039 0.2275 -0.6318 -0.2313 0.3397 0.4613 -0.6116 0.5457 0.6456 -0.2036 -0.6664 -0.3125 0.9257 0.1004 0.3646 0.007 0.2914 0.5667 -0.2781 0.7188 0.8333 -0.3564 -0.4027 -0.1281 0.9319 0.0045 0.3607 0.0368
0.8008 -0.1804 -0.5017 -0.273 0.6212 -0.5439 -0.5571 -0.0894 0.5212 -0.5162 -0.416 -0.5374 0.7039 0.2275 -0.6318 -0.2313 0.3397 0.4613 -0.6116 0.5457 0.6464 -0.1891 -0.6694 -0.3136 0.9268 0.0904 0.3646 0.0036 0.2914 0.5667 -0.2781 0.7188 0.8333 -0.3564 -0.4027 -0.1281 0.9319 0.0045 0.3607 0.0368
0.8008 -0.1804 -0.5017 -0.273 0.6212 -0.5439 -0.5571 -0.0894 0.5212 -0.5162 -0.416 -0.5374 0.7039 0.2275 -0.6318 -0.2313 0.3397 0.4613 -0.6116 0.5457 0.6464 -0.1891 -0.6694 -0.3136 0.9268 0.0904 0.3646 0.0036 0.2914 0.5667 -0.2781 0.7188 0.8333 -0.3564 -0.4027 -0.1281 0.9319 0.0045 0.3607 0.0368
0.7767 -0.1946 -0.5205 -0.2966 0.6212 -0.5439 -0.5571 -0.0894 0.5212 -0.5162 -0.416 -0.5374 0.7039 0.2275 -0.6318 -0.2313 0.3397 0.4613 -0.6116 0.5457 0.6464 -0.1891 -0.6694 -0.3136 0.9268 0.0904 0.3646 0.0036 0.2914 0.5667 -0.2781 0.7188 0.8333 -0.3564 -0.4027 -0.1281 0.9319 0.0045 0.3607 0.0368
0.7767 -0.1946 -0.5205 -0.2966 0.6212 -0.5439 -0.5571 -0.0894 0.5212 -0.5162 -0.416 -0.5374 0.7039 0.2275 -0.6318 -0.2313 0.3397 0.4613 -0.6116 0.5457 0.6464 -0.1891 -0.6694 -0.3136 0.9268 0.0904 0.3646 0.0036 0.2914 0.5667 -0.2781 0.7188 0.8333 -0.3564 -0.4027 -0.1281 0.9319 0.0045 0.3607 0.0368
0.7767 -0.1946 -0.5205 -0.2966 0.6212 -0.5439 -0.5571 -0.0894 0.5212 -0.5162 -0.416 -0.5374 0.7039 0.2275 -0.6318 -0.2313 0.3397 0.4613 -0.6116 0.5457 0.6464 -0.1891 -0.6694 -0.3136 0.9268 0.0904 0.3646 0.0036 0.2914 0.5667 -0.2781 0.7188 0.8333 -0.3564 -0.4027 -0.1281 0.9319 0.0045 0.3607 0.0368
0.7767 -0.1946 -0.5205 -0.2966 0.6212 -0.5439 -0.5571 -0.0894 0.5266 -0.5265 -0.3963 -0.5372 0.7039 0.2275 -0.6318 -0.2313 0.3397 0.4613 -0.6116 0.5457 0.6464 -0.1891 -0.6694 -0.3136 0.9268 0.0904 0.3646 0.0036 0.3098 0.5571 -0.2926 0.7128 0.8333 -0.3564 -0.4027 -0.1281 0.9319 0.0045 0.3607 0.0368
0.7767 -0.1946 -0.5205 -0.2966 0.6212 -0.5439 -0.5571 -0.0894 0.5266 -0.5265 -0.3963 -0.5372 0.7593 0.1729 -0.6089 -0.1511 0.3397 0.4613 -0.6116 0.5457 0.6464 -0.1891 -0.6694 -0.3136 0.9268 0.0904 0.3646 0.0036 0.3098 0.5571 -0.2926 0.7128 0.8333 -0.3564 -0.4027 -0.1281 0.9319 0.0045 0.3607 0.0368
0.7767 -0.1946 -0.5205 -0.2966 0.5897 -0.5511 -0.5636 -0.1758 0.5266 -0.5265 -0.3963 -0.5372 0.7593 0.1729 -0.6089 -0.1511 0.3397 0.4613 -0.6116 0.5457 0.6414 -0.1816 -0.67 -0.3266 0.9268 0.0904 0.3646 0.0036 0.3098 0.5571 -0.2926 0.7128 0.8333 -0.3564 -0.4027 -0.1281 0.9319 0.0045 0.3607 0.0368
0.7767 -0.1946 -0.5205 -0.2966 0.5897 -0.5511 -0.5636 -0.1758 0.5266 -0.5265 -0.3963 -0.5372 0.7593 0.1729 -0.6089 -0.1511 0.3397 0.4613 -0.6116 0.5457 0.6414 -0.1816 -0.67 -0.3266 0.9268 0.0904 0.3646 0.0036 0.3098 0.5571 -0.2926 0.7128 0.8333 -0.3564 -0.4027 -0.1281 0.6008 -0.1442 0.773 0.1439
0.7767 -0.1946 -0.5205 -0.2966 0.5897 -0.5511 -0.5636 -0.1758 0.5266 -0.5265 -0.3963 -0.5372 0.7593 0.1729 -0.6089 -0.1511 0.3397 0.4613 -0.6116 0.5457 0.6414 -0.1816 -0.67 -0.3266 0.9268 0.0904 0.3646 0.0036 0.3098 0.5571 -0.2926 0.7128 0.8333 -0.3564 -0.4027 -0.1281 0.6008 -0.1442 0.773 0.1439
0.7568 -0.2027 -0.5399 -0.3077 0.5897 -0.5511 -0.5636 -0.1758 0.5266 -0.5265 -0.3963 -0.5372 0.7593 0.1729 -0.6089 -0.1511 0.3397 0.4613 -0.6116 0.5457 0.6414 -0.1816 -0.67 -0.3266 0.9268 0.0904 0.3646 0.0036 0.3098 0.5571 -0.2926 0.7128 0.8333 -0.3564 -0.4027 -0.1281 0.6008 -0.1442 0.773 0.1439
0.7568 -0.2027 -0.5399 -0.3077 0.5897 -0.5511 -0.5636 -0.1758 0.5413 -0.5278 -0.3934 -0.5232 0.7593 0.1729 -0.6089 -0.1511 0.3397 0.4613 -0.6116 0.5457 0.6414 -0.1816 -0.67 -0.3266 0.9268 0.0904 0.3646 0.0036 0.3098 0.5571 -0.2926 0.7128 0.8333 -0.3564 -0.4027 -0.1281 0.6008 -0.1442 0.773 0.1439
0.7568 -0.2027 -0.5399 -0.3077 0.5897 -0.5511 -0.5636 -0.1758 0.5413 -0.5278 -0.3934 -0.5232 0.7593 0.1729 -0.6089 -0.1511 0.3397 0.4613 -0.6116 0.5457 0.6414 -0.1816 -0.67 -0.3266 0.9268 0.0904 0.3646 0.0036 0.3711 0.5398 -0.2881 0.6985 0.8333 -0.3564 -0.4027 -0.1281 0.6008 -0.1442 0.773 0.1439
0.7568 -0.2027 -0.5399 -0.3077 0.5897 -0.5511 -0.5636 -0.1758 0.5413 -0.5278 -0.3934 -0.5232 0.7593 0.1729 -0.6089 -0.1511 0.3397 0.4613 -0.6116 0.5457 0.6414 -0.1816 -0.67 -0.3266 0.9268 0.0904 0.3646 0.0036 0.3711 0.5398 -0.2881 0.6985 0.8333 -0.3564 -0.4027 -0.1281 0.6008 -0.1442 0.773 0.1439
0.7568 -0.2027 -0.5399 -0.3077 0.5897 -0.5511 -0.5636 -0.1758 0.5413 -0.5278 -0.3934 -0.5232 0.8101 0.1321 -0.5693 -0.0475 0.3397 0.4613 -0.6116 0.5457 0.6346 -0.1968 -0.653 -0.3636 0.9268 0.0904 0.3646 0.0036 0.3711 0.5398 -0.2881 0.6985 0.8333 -0.3564 -0.4027 -0.1281 0.6008 -0.1442 0.773 0.1439
0.7568 -0.2027 -0.5399 -0.3077 0.5837 -0.5441 -0.5686 -0.1997 0.5413 -0.5278 -0.3934 -0.5232 0.8101 0.1321 -0.5693 -0.0475 0.3397 0.4613 -0.6116 0.5457 0.6346 -0.1968 -0.653 -0.3636 0.9268 0.0904 0.3646 0.0036 0.3711 0.5398 -0.2881 0.6985 0.8333 -0.3564 -0.4027 -0.1281 0.6008 -0.1442 0.773 0.1439
0.7449 -0.1899 -0.5667 -0.2966 0.5837 -0.5441 -0.5686 -0.1997 0.5413 -0.5278 -0.3934 -0.5232 0.8101 0.1321 -0.5693 -0.0475 0.3397 0.4613 -0.6116 0.5457 0.6346 -0.1968 -0.653 -0.3636 0.9268 0.0904 0.3646 0.0036 0.3711 0.5398 -0.2881 0.6985 0.8333 -0.3564 -0.4027 -0.1281 0.6008 -0.1442 0.773 0.1439
0.7449 -0.1899 -0.5667 -0.2966 0.5837 -0.5441 -0.5686 -0.1997 0.5413 -0.5278 -0.3934 -0.5232 0.8101 0.1321 -0.5693 -0.0475 0.3397 0.4613 -0.6116 0.5457 0.6346 -0.1968 -0.653 -0.3636 0.9268 0.0904 0.3646 0.0036 0.3711 0.5398 -0.2881 0.6985 0.8333 -0.3564 -0.4027 -0.1281 0.6008 -0.1442 0.773 0.1439
0.7449 -0.1899 -0.5667 -0.2966 0.5837 -0.5441 -0.5686 -0.1997 0.58 -0.5243 -0.3945 -0.4829 0.8101 0.1321 -0.5693 -0.0475 0.3397 0.4613 -0.6116 0.5457 0.6346 -0.1968 -0.653 -0.3636 0.9268 0.0904 0.3646 0.0036 0.3711 0.5398 -0.2881 0.6985 0.8333 -0.3564 -0.4027 -0.1281 0.6008 -0.1442 0.773 0.1439
0.7449 -0.1899 -0.5667 -0.2966 0.5837 -0.5441 -0.5686 -0.1997 0.58 -0.5243 -0.3945 -0.4829 0.8101 0.1321 -0.5693 -0.0475 0.3397 0.4613 -0.6116 0.5457 0.6346 -0.1968 -0.653 -0.3636 0.9268 0.0904 0.3646 0.0036 0.3711 0.5398 -0.2881 0.6985 0.8333 -0.3564 -0.4027 -0.1281 0.6008 -0.1442 0.773 0.1439
0.7449 -0.1899 -0.5667 -0.2966 0.5837 -0.5441 -0.5686 -0.1997 0.58 -0.5243 -0.3945 -0.4829 0.8101 0.1321 -0.5693 -0.0475 0.4327 0.4411 -0.6314 0.4686 0.6346 -0.1968 -0.653 -0.3636 0.9268 0.0904 0.3646 0.0036 0.4472 0.5281 -0.2872 0.6622 0.6617 -0.413 -0.5339 -0.3262 0.6008 -0.1442 0.773 0.1439
0.7449 -0.1899 -0.5667 -0.2966 0.5837 -0.5441 -0.5686 -0.1997 0.58 -0.5243 -0.3945 -0.4829 0.8309 0.1039 -0.5462 0.0219 0.4327 0.4411 -0.6314 0.4686 0.6336 -0.2106 -0.6293 -0.3976 0.9268 0.0904 0.3646 0.0036 0.4472 0.5281 -0.2872 0.6622 0.6617 -0.413 -0.5339 -0.3262 0.6008 -0.1442 0.773 0.1439
0.7449 -0.1899 -0.5667 -0.2966 0.5837 -0.5441 -0.5686 -0.1997 0.58 -0.5243 -0.3945 -0.4829 0.8309 0.1039 -0.5462 0.0219 0.4327 0.4411 -0.6314 0.4686 0.6336 -0.2106 -0.6293 -0.3976 0.9268 0.0904 0.3646 0.0036 0.4472 0.5281 -0.2872 0.6622 0.6617 -0.413 -0.5339 -0.3262 0.6008 -0.1442 0.773 0.1439
0.7417 -0.1667 -0.5881 -0.2761 0.5837 -0.5441 -0.5686 -0.1997 0.58 -0.5243 -0.3945 -0.4829 0.8309 0.1039 -0.5462 0.0219 0.4327 0.4411 -0.6314 0.4686 0.6336 -0.2106 -0.6293 -0.3976 0.9268 0.0904 0.3646 0.0036 0.4472 0.5281 -0.2872 0.6622 0.6617 -0.413 -0.5339 -0.3262 0.6008 -0.1442 0.773 0.1439
0.7417 -0.1667 -0.5881 -0.2761 0.5837 -0.5441 -0.5686 -0.1997 0.58 -0.5243 -0.3945 -0.4829 0.8309 0.1039 -0.5462 0.0219 0.4327 0.4411 -0.6314 0.4686 0.6336 -0.2106 -0.6293 -0.3976 0.9268 0.0904 0.3646 0.0036 0.4472 0.5281 -0.2872 0.6622 0.6617 -0.413 -0.5339 -0.3262 0.6008 -0.1442 0.773 0.1439
0.7417 -0.1667 -0.5881 -0.2761 0.5837 -0.5441 -0.5686 -0.1997 0.6203 -0.5289 -0.3886 -0.4296 0.8309 0.1039 -0.5462 0.0219 0.4327 0.4411 -0.6314 0.4686 0.6336 -0.2106 -0.6293 -0.3976 0.9268 0.0904 0.3646 0.0036 0.4472 0.5281 -0.2872 0.6622 0.6617 -0.413 -0.5339 -0.3262 0.6008 -0.1442 0.773 0.1439
0.7417 -0.1667 -0.5881 -0.2761 0.5837 -0.5441 -0.5686 -0.1997 0.6203 -0.5289 -0.3886 -0.4296 0.8309 0.1039 -0.5462 0.0219 0.4327 0.4411 -0.6314 0.4686 0.6336 -0.2106 -0.6293 -0.3976 0.9268 0.0904 0.3646 0.0036 0.4719 0.5422 -0.3115 0.6215 0.6617 -0.413 -0.5339 -0.3262 0.6008 -0.1442 0.773 0.1439
0.7417 -0.1667 -0.5881 -0.2761 0.5837 -0.5441 -0.5686 -0.1997 0.6203 -0.5289 -0.3886 -0.4296 0.8309 0.1039 -0.5462 0.0219 0.4327 0.4411 -0.6314 0.4686 0.6336 -0.2106 -0.6293 -0.3976 0.9268 0.0904 0.3646 0.0036 0.4719 0.5422 -0.3115 0.6215 0.4745 -0.377 -0.6304 -0.4851 0.6008 -0.1442 0.773 0.1439
0.7417 -0.1667 -0.5881 -0.2761 0.5837 -0.5441 -0.5686 -0.1997 0.6203 -0.5289 -0.3886 -0.4296 0.8317 0.0941 -0.5444 0.0558 0.4327 0.4411 -0.6314 0.4686 0.6336 -0.2106 -0.6293 -0.3976 0.9268 0.0904 0.3646 0.0036 0.4719 0.5422 -0.3115 0.6215 0.4745 -0.377 -0.6304 -0.4851 0.6008 -0.1442 0.773 0.1439
0.7417 -0.1667 -0.5881 -0.2761 0.5837 -0.5441 -0.5686 -0.1997 0.6203 -0.5289 -0.3886 -0.4296 0.8317 0.0941 -0.5444 0.0558 0.4327 0.4411 -0.6314 0.4686 0.6336 -0.2106 -0.6293 -0.3976 0.9268 0.0904 0.3646 0.0036 0.4719 0.5422 -0.3115 0.6215 0.4745 -0.377 -0.6304 -0.4851 0.6008 -0.1442 0.773 0.1439
0.7399 -0.1644 -0.5938 -0.2698 0.5837 -0.5441 -0.5686 -0.1997 0.6203 -0.5289 -0.3886 -0.4296 0.8317 0.0941 -0.5444 0.0558 0.4327 0.4411 -0.6314 0.4686 0.6336 -0.2106 -0.6293 -0.3976 0.9268 0.0904 0.3646 0.0036 0.4719 0.5422 -0.3115 0.6215 0.4745 -0.377 -0.6304 -0.4851 0.6008 -0.1442 0.773 0.1439
0.7399 -0.1644 -0.5938 -0.2698 0.5837 -0.5441 -0.5686 -0.1997 0.6203 -0.5289 -0.3886 -0.4296 0.8317 0.0941 -0.5444 0.0558 0.4327 0.4411 -0.6314 0.4686 0.6336 -0.2106 -0.6293 -0.3976 0.9268 0.0904 0.3646 0.0036 0.4719 0.5422 -0.3115 0.6215 0.4745 -0.377 -0.6304 -0.4851 0.6008 -0.1442 0.773 0.1439
0.7399 -0.1644 -0.5938 -0.2698 0.5837 -0.5441 -0.5686 -0.1997 0.6358 -0.5223 -0.3942 -0.4094 0.8317 0.0941 -0.5444 0.0558 0.4327 0.4411 -0.6314 0.4686 0.6336 -0.2106 -0.6293 -0.3976 0.9268 0.0904 0.3646 0.0036 0.4719 0.5422 -0.3115 0.6215 0.4745 -0.377 -0.6304 -0.4851 0.6008 -0.1442 0.773 0.1439
0.7399 -0.1644 -0.5938 -0.2698 0.5837 -0.5441 -0.5686 -0.1997 0.6358 -0.5223 -0.3942 -0.4094 0.8317 0.0941 -0.5444 0.0558 0.4327 0.4411 -0.6314 0.4686 0.6336 -0.2106 -0.6293 -0.3976 0.9268 0.0904 0.3646 0.0036 0.4875 0.5599 -0.3419 0.5761 0.4745 -0.377 -0.6304 -0.4851 0.6008 -0.1442 0.773 0.1439
0.7399 -0.1644 -0.5938 -0.2698 0.5837 -0.5441 -0.5686 -0.1997 0.6358 -0.5223 -0.3942 -0.4094 0.8288 0.0978 -0.5474 0.0618 0.4992 0.4296 -0.6185 0.4285 0.6336 -0.2106 -0.6293 -0.3976 0.9268 0.0904 0.3646 0.0036 0.4875 0.5599 -0.3419 0.5761 0.409 -0.3346 -0.6953 -0.4871 0.6008 -0.1442 0.773 0.1439
0.7399 -0.1644 -0.5938 -0.2698 0.5837 -0.5441 -0.5686 -0.1997 0.6358 -0.5223 -0.3942 -0.4094 0.8288 0.0978 -0.5474 0.0618 0.4992 0.4296 -0.6185 0.4285 0.6336 -0.2106 -0.6293 -0.3976 0.9268 0.0904 0.3646 0.0036 0.4875 0.5599 -0.3419 0.5761 0.409 -0.3346 -0.6953 -0.4871 0.6008 -0.1442 0.773 0.1439
0.7399 -0.1644 -0.5938 -0.2698 0.5837 -0.5441 -0.5686 -0.1997 0.6358 -0.5223 -0.3942 -0.4094 0.8288 0.0978 -0.5474 0.0618 0.4992 0.4296 -0.6185 0.4285 0.6336 -0.2106 -0.6293 -0.3976 0.9268 0.0904 0.3646 0.0036 0.4875 0.5599 -0.3419 0.5761 0.409 -0.3346 -0.6953 -0.4871 0.6008 -0.1442 0.773 0.1439
0.7391 -0.1825 -0.5797 -0.2903 0.5837 -0.5441 -0.5686 -0.1997 0.6358 -0.5223 -0.3942 -0.4094 0.8288 0.0978 -0.5474 0.0618 0.4992 0.4296 -0.6185 0.4285 0.6336 -0.2106 -0.6293 -0.3976 0.9268 0.0904 0.3646 0.0036 0.4875 0.5599 -0.3419 0.5761 0.409 -0.3346 -0.6953 -0.4871 0.6008 -0.1442 0.773 0.1439
0.7391 -0.1825 -0.5797 -0.2903 0.5837 -0.5441 -0.5686 -0.1997 0.6358 -0.5223 -0.3942 -0.4094 0.8288 0.0978 -0.5474 0.0618 0.4992 0.4296 -0.6185 0.4285 0.6336 -0.2106 -0.6293 -0.3976 0.9268 0.0904 0.3646 0.0036 0.4875 0.5599 -0.3419 0.5761 0.409 -0.3346 -0.6953 -0.4871 0.6008 -0.1442 0.773 0.1439
0.7391 -0.1825 -0.5797 -0.2903 0.5837 -0.5441 -0.5686 -0.1997 0.6358 -0.5223 -0.3942 -0.4094 0.8288 0.0978 -0.5474 0.0618 0.4992 0.4296 -0.6185 0.4285 0.6336 -0.2106 -0.6293 -0.3976 0.9268 0.0904 0.3646 0.0036 0.4875 0.5599 -0.3419 0.5761 0.409 -0.3346 -0.6953 -0.4871 0.6008 -0.1442 0.773 0.1439
0.7391 -0.1825 -0.5797 -0.2903 0.5837 -0.5441 -0.5686 -0.1997 0.6255 -0.5146 -0.4041 -0.4249 0.8288 0.0978 -0.5474 0.0618 0.5113 0.4119 -0.6079 0.4465 0.6336 -0.2106 -0.6293 -0.3976 0.9268 0.0904 0.3646 0.0036 0.475 0.5819 -0.3427 0.5642 0.409 -0.3346 -0.6953 -0.4871 0.6008 -0.1442 0.773 0.1439
0.7391 -0.1825 -0.5797 -0.2903 0.5837 -0.5441 -0.5686 -0.1997 0.6255 -0.5146 -0.4041 -0.4249 0.8288 0.0978 -0.5474 0.0618 0.5113 0.4119 -0.6079 0.4465 0.6336 -0.2106 -0.6293 -0.3976 0.9268 0.0904 0.3646 0.0036 0.475 0.5819 -0.3427 0.5642 0.409 -0.3346 -0.6953 -0.4871 0.6008 -0.1442 0.773 0.1439
0.7391 -0.1825 -0.5797 -0.2903 0.5837 -0.5441 -0.5686 -0.1997 0.6255 -0.5146 -0.4041 -0.4249 0.8159 0.1042 -0.5685 0.016 0.5113 0.4119 -0.6079 0.4465 0.6336 -0.2106 -0.6293 -0.3976 0.9268 0.0904 0.3646 0.0036 0.475 0.5819 -0.3427 0.5642 0.424 -0.4194 -0.6378 -0.4874 0.9559 0.0038 0.293 -0.0208
0.7391 -0.1825 -0.5797 -0.2903 0.5813 -0.554 -0.5424 -0.2471 0.6255 -0.5146 -0.4041 -0.4249 0.8159 0.1042 -0.5685 0.016 0.5113 0.4119 -0.6079 0.4465 0.6336 -0.2106 -0.6293 -0.3976 0.9268 0.0904 0.3646 0.0036 0.475 0.5819 -0.3427 0.5642 0.424 -0.4194 -0.6378 -0.4874 0.9559 0.0038 0.293 -0.0208
0.7391 -0.1825 -0.5797 -0.2903 0.5813 -0.554 -0.5424 -0.2471 0.6255 -0.5146 -0.4041 -0.4249 0.8159 0.1042 -0.5685 0.016 0.5113 0.4119 -0.6079 0.4465 0.6336 -0.2106 -0.6293 -0.3976 0.9268 0.0904 0.3646 0.0036 0.475 0.5819 -0.3427 0.5642 0.424 -0.4194 -0.6378 -0.4874 0.9559 0.0038 0.293 -0.0208
0.7288 -0.2211 -0.5565 -0.3322 0.5813 -0.554 -0.5424 -0.2471 0.5773 -0.5371 -0.3792 -0.4842 0.8159 0.1042 -0.5685 0.016 0.5113 0.4119 -0.6079 0.4465 0.6336 -0.2106 -0.6293 -0.3976 0.9268 0.0904 0.3646 0.0036 0.475 0.5819 -0.3427 0.5642 0.424 -0.4194 -0.6378 -0.4874 0.9559 0.0038 0.293 -0.0208
0.7288 -0.2211 -0.5565 -0.3322 0.5813 -0.554 -0.5424 -0.2471 0.5773 -0.5371 -0.3792 -0.4842 0.8159 0.1042 -0.5685 0.016 0.5113 0.4119 -0.6079 0.4465 0.6336 -0.2106 -0.6293 -0.3976 0.9268 0.0904 0.3646 0.0036 0.4291 0.6171 -0.3099 0.5822 0.424 -0.4194 -0.6378 -0.4874 0.9559 0.0038 0.293 -0.0208
0.7288 -0.2211 -0.5565 -0.3322 0.5813 -0.554 -0.5424 -0.2471 0.5773 -0.5371 -0.3792 -0.4842 0.8159 0.1042 -0.5685 0.016 0.4865 0.3417 -0.6026 0.5324 0.6336 -0.2106 -0.6293 -0.3976 0.9268 0.0904 0.3646 0.0036 0.4291 0.6171 -0.3099 0.5822 0.4746 -0.4525 -0.6158 -0.4368 0.9559 0.0038 0.293 -0.0208
0.7288 -0.2211 -0.5565 -0.3322 0.5813 -0.554 -0.5424 -0.2471 0.5773 -0.5371 -0.3792 -0.4842 0.8159 0.1042 -0.5685 0.016 0.4865 0.3417 -0.6026 0.5324 0.6336 -0.2106 -0.6293 -0.3976 0.9268 0.0904 0.3646 0.0036 0.4291 0.6171 -0.3099 0.5822 0.4746 -0.4525 -0.6158 -0.4368 0.9559 0.0038 0.293 -0.0208
0.7288 -0.2211 -0.5565 -0.3322 0.5813 -0.554 -0.5424 -0.2471 0.5773 -0.5371 -0.3792 -0.4842 0.8071 0.1051 -0.5732 -0.0948 0.4865 0.3417 -0.6026 0.5324 0.511 -0.1168 -0.546 -0.6535 0.9268 0.0904 0.3646 0.0036 0.4291 0.6171 -0.3099 0.5822 0.4746 -0.4525 -0.6158 -0.4368 0.9426 5.0E-4 0.3325 -0.0317
0.7288 -0.2211 -0.5565 -0.3322 0.5813 -0.554 -0.5424 -0.2471 0.5773 -0.5371 -0.3792 -0.4842 0.8071 0.1051 -0.5732 -0.0948 0.4865 0.3417 -0.6026 0.5324 0.511 -0.1168 -0.546 -0.6535 0.9268 0.0904 0.3646 0.0036 0.4291 0.6171 -0.3099 0.5822 0.4746 -0.4525 -0.6158 -0.4368 0.9426 5.0E-4 0.3325 -0.0317
0.7346 -0.2213 -0.5331 -0.3564 0.5813 -0.554 -0.5424 -0.2471 0.5773 -0.5371 -0.3792 -0.4842 0.8071 0.1051 -0.5732 -0.0948 0.4865 0.3417 -0.6026 0.5324 0.511 -0.1168 -0.546 -0.6535 0.9268 0.0904 0.3646 0.0036 0.4291 0.6171 -0.3099 0.5822 0.4746 -0.4525 -0.6158 -0.4368 0.9426 5.0E-4 0.3325 -0.0317
0.7346 -0.2213 -0.5331 -0.3564 0.5813 -0.554 -0.5424 -0.2471 0.5773 -0.5371 -0.3792 -0.4842 0.8071 0.1051 -0.5732 -0.0948 0.4865 0.3417 -0.6026 0.5324 0.511 -0.1168 -0.546 -0.6535 0.9268 0.0904 0.3646 0.0036 0.4291 0.6171 -0.3099 0.5822 0.4746 -0.4525 -0.6158 -0.4368 0.9426 5.0E-4 0.3325 -0.0317
0.7346 -0.2213 -0.5331 -0.3564 0.5813 -0.554 -0.5424 -0.2471 0.5773 -0.5371 -0.3792 -0.4842 0.8071 0.1051 -0.5732 -0.0948 0.4865 0.3417 -0.6026 0.5324 0.511 -0.1168 -0.546 -0.6535 0.9268 0.0904 0.3646 0.0036 0.4291 0.6171 -0.3099 0.5822 0.4746 -0.4525 -0.6158 -0.4368 0.9426 5.0E-4 0.3325 -0.0317
0.7346 -0.2213 -0.5331 -0.3564 0.5813 -0.554 -0.5424 -0.2471 0.5222 -0.538 -0.3176 -0.5804 0.8071 0.1051 -0.5732 -0.0948 0.4514 0.2703 -0.6157 0.5866 0.511 -0.1168 -0.546 -0.6535 0.9268 0.0904 0.3646 0.0036 0.3801 0.6393 -0.2945 0.6001 0.4746 -0.4525 -0.6158 -0.4368 0.9426 5.0E-4 0.3325 -0.0317
0.7346 -0.2213 -0.5331 -0.3564 0.5813 -0.554 -0.5424 -0.2471 0.5222 -0.538 -0.3176 -0.5804 0.8071 0.1051 -0.5732 -0.0948 0.4514 0.2703 -0.6157 0.5866 0.511 -0.1168 -0.546 -0.6535 0.9268 0.0904 0.3646 0.0036 0.3801 0.6393 -0.2945 0.6001 0.5044 -0.4706 -0.6008 -0.4041 0.9426 5.0E-4 0.3325 -0.0317
0.7346 -0.2213 -0.5331 -0.3564 0.5813 -0.554 -0.5424 -0.2471 0.5222 -0.538 -0.3176 -0.5804 0.8071 0.1051 -0.5732 -0.0948 0.4514 0.2703 -0.6157 0.5866 0.511 -0.1168 -0.546 -0.6535 0.9268 0.0904 0.3646 0.0036 0.3801 0.6393 -0.2945 0.6001 0.5044 -0.4706 -0.6008 -0.4041 0.9426 5.0E-4 0.3325 -0.0317
0.7346 -0.2213 -0.5331 -0.3564 0.5859 -0.5829 -0.493 -0.2718 0.5222 -0.538 -0.3176 -0.5804 0.7943 0.1614 -0.5489 -0.2044 0.4514 0.2703 -0.6157 0.5866 0.5551 -0.1741 -0.5616 -0.5883 0.7343 0.1783 0.6068 -0.2469 0.3801 0.6393 -0.2945 0.6001 0.5044 -0.4706 -0.6008 -0.4041 0.9338 0.0015 0.3568 -0.0264
0.7306 -0.2269 -0.5249 -0.3731 0.5859 -0.5829 -0.493 -0.2718 0.5222 -0.538 -0.3176 -0.5804 0.7943 0.1614 -0.5489 -0.2044 0.4514 0.2703 -0.6157 0.5866 0.5551 -0.1741 -0.5616 -0.5883 0.7343 0.1783 0.6068 -0.2469 0.3801 0.6393 -0.2945 0.6001 0.5044 -0.4706 -0.6008 -0.4041 0.9338 0.0015 0.3568 -0.0264
0.7306 -0.2269 -0.5249 -0.3731 0.5859 -0.5829 -0.493 -0.2718 0.5222 -0.538 -0.3176 -0.5804 0.7943 0.1614 -0.5489 -0.2044 0.4514 0.2703 -0.6157 0.5866 0.5551 -0.1741 -0.5616 -0.5883 0.7343 0.1783 0.6068 -0.2469 0.3801 0.6393 -0.2945 0.6001 0.5044 -0.4706 -0.6008 -0.4041 0.9338 0.0015 0.3568 -0.0264
0.7306 -0.2269 -0.5249 -0.3731 0.5859 -0.5829 -0.493 -0.2718 0.5021 -0.5129 -0.33 -0.6131 0.7943 0.1614 -0.5489 -0.2044 0.4514 0.2703 -0.6157 0.5866 0.5551 -0.1741 -0.5616 -0.5883 0.7343 0.1783 0.6068 -0.2469 0.3308 0.6543 -0.2839 0.6179 0.5044 -0.4706 -0.6008 -0.4041 0.9338 0.0015 0.3568 -0.0264
0.7306 -0.2269 -0.5249 -0.3731 0.5859 -0.5829 -0.493 -0.2718 0.5021 -0.5129 -0.33 -0.6131 0.7943 0.1614 -0.5489 -0.2044 0.3841 0.3024 -0.5938 0.6391 0.5551 -0.1741 -0.5616 -0.5883 0.7343 0.1783 0.6068 -0.2469 0.3308 0.6543 -0.2839 0.6179 0.5044 -0.4706 -0.6008 -0.4041 0.9338 0.0015 0.3568 -0.0264
0.7306 -0.2269 -0.5249 -0.3731 0.5859 -0.5829 -0.493 -0.2718 0.5021 -0.5129 -0.33 -0.6131 0.7943 0.1614 -0.5489 -0.2044 0.3841 0.3024 -0.5938 0.6391 0.5551 -0.1741 -0.5616 -0.5883 0.7343 0.1783 0.6068 -0.2469 0.3308 0.6543 -0.2839 0.6179 0.5044 -0.4706 -0.6008 -0.4041 0.9338 0.0015 0.3568 -0.0264
0.7306 -0.2269 -0.5249 -0.3731 0.5859 -0.5829 -0.493 -0.2718 0.5021 -0.5129 -0.33 -0.6131 0.7547 0.2649 -0.5526 -0.2344 0.3841 0.3024 -0.5938 0.6391 0.5551 -0.1741 -0.5616 -0.5883 0.7343 0.1783 0.6068 -0.2469 0.3308 0.6543 -0.2839 0.6179 0.531 -0.4824 -0.5861 -0.3766 0.9338 0.0015 0.3568 -0.0264
0.7306 -0.2269 -0.5249 -0.3731 0.5859 -0.5829 -0.493 -0.2718 0.5021 -0.5129 -0.33 -0.6131 0.7547 0.2649 -0.5526 -0.2344 0.3841 0.3024 -0.5938 0.6391 0.5551 -0.1741 -0.5616 -0.5883 0.7343 0.1783 0.6068 -0.2469 0.3308 0.6543 -0.2839 0.6179 0.531 -0.4824 -0.5861 -0.3766 0.9338 0.0015 0.3568 -0.0264
0.7306 -0.2269 -0.5249 -0.3731 0.5859 -0.5829 -0.493 -0.2718 0.5021 -0.5129 -0.33 -0.6131 0.7547 0.2649 -0.5526 -0.2344 0.3841 0.3024 -0.5938 0.6391 0.5551 -0.1741 -0.5616 -0.5883 0.7343 0.1783 0.6068 -0.2469 0.3308 0.6543 -0.2839 0.6179 0.531 -0.4824 -0.5861 -0.3766 0.9338 0.0015 0.3568 -0.0264
0.7306 -0.2269 -0.5249 -0.3731 0.5859 -0.5829 -0.493 -0.2718 0.5021 -0.5129 -0.33 -0.6131 0.7547 0.2649 -0.5526 -0.2344 0.3841 0.3024 -0.5938 0.6391 0.5551 -0.1741 -0.5616 -0.5883 0.7343 0.1783 0.6068 -0.2469 0.3308 0.6543 -0.2839 0.6179 0.531 -0.4824 -0.5861 -0.3766 0.9338 0.0015 0.3568 -0.0264
0.7306 -0.2269 -0.5249 -0.3731 0.5859 -0.5829 -0.493 -0.2718 0.5095 -0.5041 -0.3464 -0.6052 0.7547 0.2649 -0.5526 -0.2344 0.3841 0.3024 -0.5938 0.6391 0.5551 -0.1741 -0.5616 -0.5883 0.7343 0.1783 0.6068 -0.2469 0.3308 0.6543 -0.2839 0.6179 0.531 -0.4824 -0.5861 -0.3766 0.9338 0.0015 0.3568 -0.0264
0.7306 -0.2269 -0.5249 -0.3731 0.5859 -0.5829 -0.493 -0.2718 0.5095 -0.5041 -0.3464 -0.6052 0.7547 0.2649 -0.5526 -0.2344 0.3841 0.3024 -0.5938 0.6391 0.5551 -0.1741 -0.5616 -0.5883 0.7343 0.1783 0.6068 -0.2469 0.2866 0.6632 -0.2762 0.6338 0.531 -0.4824 -0.5861 -0.3766 0.9338 0.0015 0.3568 -0.0264
0.7306 -0.2269 -0.5249 -0.3731 0.5859 -0.5829 -0.493 -0.2718 0.5095 -0.5041 -0.3464 -0.6052 0.7547 0.2649 -0.5526 -0.2344 0.3579 0.343 -0.5901 0.6372 0.5551 -0.1741 -0.5616 -0.5883 0.7343 0.1783 0.6068 -0.2469 0.2866 0.6632 -0.2762 0.6338 0.5588 -0.4975 -0.5616 -0.3533 0.9338 0.0015 0.3568 -0.0264
0.7306 -0.2269 -0.5249 -0.3731 0.5859 -0.5829 -0.493 -0.2718 0.5095 -0.5041 -0.3464 -0.6052 0.7547 0.2649 -0.5526 -0.2344 0.3579 0.343 -0.5901 0.6372 0.5551 -0.1741 -0.5616 -0.5883 0.7343 0.1783 0.6068 -0.2469 0.2866 0.6632 -0.2762 0.6338 0.5588 -0.4975 -0.5616 -0.3533 0.9338 0.0015 0.3568 -0.0264
0.7306 -0.2269 -0.5249 -0.3731 0.5859 -0.5829 -0.493 -0.2718 0.5095 -0.5041 -0.3464 -0.6052 0.7547 0.2649 -0.5526 -0.2344 0.3579 0.343 -0.5901 0.6372 0.5551 -0.1741 -0.5616 -0.5883 0.7343 0.1783 0.6068 -0.2469 0.2866 0.6632 -0.2762 0.6338 0.5588 -0.4975 -0.5616 -0.3533 0.9338 0.0015 0.3568 -0.0264
0.7313 -0.233 -0.5179 -0.3777 0.5859 -0.5829 -0.493 -0.2718 0.5095 -0.5041 -0.3464 -0.6052 0.7547 0.2649 -0.5526 -0.2344 0.3579 0.343 -0.5901 0.6372 0.5551 -0.1741 -0.5616 -0.5883 0.7343 0.1783 0.6068 -0.2469 0.2866 0.6632 -0.2762 0.6338 0.5588 -0.4975 -0.5616 -0.3533 0.9338 0.0015 0.3568 -0.0264
0.7313 -0.233 -0.5179 -0.3777 0.5859 -0.5829 -0.493 -0.2718 0.5095 -0.5041 -0.3464 -0.6052 0.7547 0.2649 -0.5526 -0.2344 0.3579 0.343 -0.5901 0.6372 0.5551 -0.1741 -0.5616 -0.5883 0.7343 0.1783 0.6068 -0.2469 0.2866 0.6632 -0.2762 0.6338 0.5588 -0.4975 -0.5616 -0.3533 0.9338 0.0015 0.3568 -0.0264
0.7313 -0.233 -0.5179 -0.3777 0.5859 -0.5829 -0.493 -0.2718 0.5095 -0.5041 -0.3464 -0.6052 0.7547 0.2649 -0.5526 -0.2344 0.3579 0.343 -0.5901 0.6372 0.5551 -0.1741 -0.5616 -0.5883 0.7343 0.1783 0.6068 -0.2469 0.2866 0.6632 -0.2762 0.6338 0.5588 -0.4975 -0.5616 -0.3533 0.9338 0.0015 0.3568 -0.0264
0.7313 -0.233 -0.5179 -0.3777 0.5859 -0.5829 -0.493 -0.2718 0.5255 -0.4957 -0.3777 -0.5792 0.7547 0.2649 -0.5526 -0.2344 0.3409 0.3642 -0.5912 0.6337 0.5551 -0.1741 -0.5616 -0.5883 0.7343 0.1783 0.6068 -0.2469 0.2449 0.6646 -0.2617 0.6556 0.5588 -0.4975 -0.5616 -0.3533 0.9338 0.0015 0.3568 -0.0264
0.7313 -0.233 -0.5179 -0.3777 0.5859 -0.5829 -0.493 -0.2718 0.5255 -0.4957 -0.3777 -0.5792 0.7547 0.2649 -0.5526 -0.2344 0.3409 0.3642 -0.5912 0.6337 0.5551 -0.1741 -0.5616 -0.5883 0.7343 0.1783 0.6068 -0.2469 0.2449 0.6646 -0.2617 0.6556 0.5877 -0.5132 -0.5341 -0.3257 0.9338 0.0015 0.3568 -0.0264
0.7313 -0.233 -0.5179 -0.3777 0.595 -0.5689 -0.5015 -0.2661 0.5255 -0.4957 -0.3777 -0.5792 0.7667 0.2065 -0.5785 -0.1866 0.3409 0.3642 -0.5912 0.6337 0.5551 -0.1741 -0.5616 -0.5883 0.9579 0.1574 0.2398 0.0023 0.2449 0.6646 -0.2617 0.6556 0.5877 -0.5132 -0.5341 -0.3257 0.9338 0.0015 0.3568 -0.0264
0.7313 -0.233 -0.5179 -0.3777 0.595 -0.5689 -0.5015 -0.2661 0.5255 -0.4957 -0.3777 -0.5792 0.7667 0.2065 -0.5785 -0.1866 0.3409 0.3642 -0.5912 0.6337 0.5551 -0.1741 -0.5616 -0.5883 0.9579 0.1574 0.2398 0.0023 0.2449 0.6646 -0.2617 0.6556 0.5877 -0.5132 -0.5341 -0.3257 0.9338 0.0015 0.3568 -0.0264
0.7403 -0.2297 -0.5212 -0.3571 0.595 -0.5689 -0.5015 -0.2661 0.5255 -0.4957 -0.3777 -0.5792 0.7667 0.2065 -0.5785 -0.1866 0.3409 0.3642 -0.5912 0.6337 0.5551 -0.1741 -0.5616 -0.5883 0.9579 0.1574 0.2398 0.0023 0.2449 0.6646 -0.2617 0.6556 0.5877 -0.5132 -0.5341 -0.3257 0.9338 0.0015 0.3568 -0.0264
0.7403 -0.2297 -0.5212 -0.3571 0.595 -0.5689 -0.5015 -0.2661 0.5255 -0.4957 -0.3777 -0.5792 0.7667 0.2065 -0.5785 -0.1866 0.3409 0.3642 -0.5912 0.6337 0.5551 -0.1741 -0.5616 -0.5883 0.9579 0.1574 0.2398 0.0023 0.2449 0.6646 -0.2617 0.6556 0.5877 -0.5132 -0.5341 -0.3257 0.9338 0.0015 0.3568 -0.0264
0.7403 -0.2297 -0.5212 -0.3571 0.595 -0.5689 -0.5015 -0.2661 0.5546 -0.4854 -0.4186 -0.5307 0.7667 0.2065 -0.5785 -0.1866 0.3409 0.3642 -0.5912 0.6337 0.5551 -0.1741 -0.5616 -0.5883 0.9579 0.1574 0.2398 0.0023 0.2449 0.6646 -0.2617 0.6556 0.5877 -0.5132 -0.5341 -0.3257 0.9338 0.0015 0.3568 -0.0264
0.7403 -0.2297 -0.5212 -0.3571 0.595 -0.5689 -0.5015 -0.2661 0.5546 -0.4854 -0.4186 -0.5307 0.7667 0.2065 -0.5785 -0.1866 0.3409 0.3642 -0.5912 0.6337 0.5551 -0.1741 -0.5616 -0.5883 0.9579 0.1574 0.2398 0.0023 0.2449 0.6646 -0.2617 0.6556 0.5877 -0.5132 -0.5341 -0.3257 0.9338 0.0015 0.3568 -0.0264
0.7403 -0.2297 -0.5212 -0.3571 0.595 -0.5689 -0.5015 -0.2661 0.5546 -0.4854 -0.4186 -0.5307 0.8021 0.1745 -0.569 -0.0505 0.3102 0.3893 -0.5826 0.6425 0.5551 -0.1741 -0.5616 -0.5883 0.9579 0.1574 0.2398 0.0023 0.2449 0.6646 -0.2617 0.6556 0.6329 -0.5173 -0.496 -0.2929 0.9338 0.0015 0.3568 -0.0264
0.7403 -0.2297 -0.5212 -0.3571 0.6032 -0.561 -0.5092 -0.2494 0.5546 -0.4854 -0.4186 -0.5307 0.8021 0.1745 -0.569 -0.0505 0.3102 0.3893 -0.5826 0.6425 0.7154 -0.3299 -0.5764 -0.2171 0.9397 0.0882 0.3304 0.0016 0.2449 0.6646 -0.2617 0.6556 0.6329 -0.5173 -0.496 -0.2929 0.9338 0.0015 0.3568 -0.0264
0.7403 -0.2297 -0.5212 -0.3571 0.6032 -0.561 -0.5092 -0.2494 0.5546 -0.4854 -0.4186 -0.5307 0.8021 0.1745 -0.569 -0.0505 0.3102 0.3893 -0.5826 0.6425 0.7154 -0.3299 -0.5764 -0.2171 0.9397 0.0882 0.3304 0.0016 0.2449 0.6646 -0.2617 0.6556 0.6329 -0.5173 -0.496 -0.2929 0.9338 0.0015 0.3568 -0.0264
0.755 -0.2138 -0.5295 -0.3222 0.6032 -0.561 -0.5092 -0.2494 0.5546 -0.4854 -0.4186 -0.5307 0.8021 0.1745 -0.569 -0.0505 0.3102 0.3893 -0.5826 0.6425 0.7154 -0.3299 -0.5764 -0.2171 0.9397 0.0882 0.3304 0.0016 0.2449 0.6646 -0.2617 0.6556 0.6329 -0.5173 -0.496 -0.2929 0.9338 0.0015 0.3568 -0.0264
0.755 -0.2138 -0.5295 -0.3222 0.6032 -0.561 -0.5092 -0.2494 0.5546 -0.4854 -0.4186 -0.5307 0.8021 0.1745 -0.569 -0.0505 0.3102 0.3893 -0.5826 0.6425 0.7154 -0.3299 -0.5764 -0.2171 0.9397 0.0882 0.3304 0.0016 0.2449 0.6646 -0.2617 0.6556 0.6329 -0.5173 -0.496 -0.2929 0.9338 0.0015 0.3568 -0.0264
0.755 -0.2138 -0.5295 -0.3222 0.6032 -0.561 -0.5092 -0.2494 0.5946 -0.4802 -0.4453 -0.4664 0.8021 0.1745 -0.569 -0.0505 0.3102 0.3893 -0.5826 0.6425 0.7154 -0.3299 -0.5764 -0.2171 0.9397 0.0882 0.3304 0.0016 0.2356 0.6211 -0.2426 0.707 0.6329 -0.5173 -0.496 -0.2929 0.9338 0.0015 0.3568 -0.0264
0.755 -0.2138 -0.5295 -0.3222 0.6032 -0.561 -0.5092 -0.2494 0.5946 -0.4802 -0.4453 -0.4664 0.8021 0.1745 -0.569 -0.0505 0.3102 0.3893 -0.5826 0.6425 0.7154 -0.3299 -0.5764 -0.2171 0.9397 0.0882 0.3304 0.0016 0.2356 0.6211 -0.2426 0.707 0.6329 -0.5173 -0.496 -0.2929 0.9338 0.0015 0.3568 -0.0264
0.755 -0.2138 -0.5295 -0.3222 0.6032 -0.561 -0.5092 -0.2494 0.5946 -0.4802 -0.4453 -0.4664 0.8021 0.1745 -0.569 -0.0505 0.3102 0.3893 -0.5826 0.6425 0.7154 -0.3299 -0.5764 -0.2171 0.9397 0.0882 0.3304 0.0016 0.2356 0.6211 -0.2426 0.707 0.6329 -0.5173 -0.496 -0.2929 0.9338 0.0015 0.3568 -0.0264
0.755 -0.2138 -0.5295 -0.3222 0.6032 -0.561 -0.5092 -0.2494 0.5946 -0.4802 -0.4453 -0.4664 0.8021 0.1745 -0.569 -0.0505 0.3102 0.3893 -0.5826 0.6425 0.7154 -0.3299 -0.5764 -0.2171 0.9397 0.0882 0.3304 0.0016 0.2356 0.6211 -0.2426 0.707 0.6329 -0.5173 -0.496 -0.2929 0.9338 0.0015 0.3568 -0.0264
0.755 -0.2138 -0.5295 -0.3222 0.6096 -0.5575 -0.5249 -0.2053 0.5946 -0.4802 -0.4453 -0.4664 0.8242 0.1644 -0.5359 0.0807 0.3102 0.3893 -0.5826 0.6425 0.6904 -0.2919 -0.6064 -0.2654 0.9302 0.0733 0.3597 0.0026 0.2356 0.6211 -0.2426 0.707 0.6937 -0.5114 -0.4532 -0.2277 0.7183 -0.0392 0.6913 -0.0683
0.755 -0.2138 -0.5295 -0.3222 0.6096 -0.5575 -0.5249 -0.2053 0.5946 -0.4802 -0.4453 -0.4664 0.8242 0.1644 -0.5359 0.0807 0.3102 0.3893 -0.5826 0.6425 0.6904 -0.2919 -0.6064 -0.2654 0.9302 0.0733 0.3597 0.0026 0.2356 0.6211 -0.2426 0.707 0.6937 -0.5114 -0.4532 -0.2277 0.7183 -0.0392 0.6913 -0.0683
0.7767 -0.1942 -0.5259 -0.2874 0.6096 -0.5575 -0.5249 -0.2053 0.6232 -0.4781 -0.4506 -0.4241 0.8242 0.1644 -0.5359 0.0807 0.3102 0.3893 -0.5826 0.6425 0.6904 -0.2919 -0.6064 -0.2654 0.9302 0.0733 0.3597 0.0026 0.2356 0.6211 -0.2426 0.707 0.6937 -0.5114 -0.4532 -0.2277 0.7183 -0.0392 0.6913 -0.0683
0.7767 -0.1942 -0.5259 -0.2874 0.6096 -0.5575 -0.5249 -0.2053 0.6232 -0.4781 -0.4506 -0.4241 0.8242 0.1644 -0.5359 0.0807 0.3102 0.3893 -0.5826 0.6425 0.6904 -0.2919 -0.6064 -0.2654 0.9302 0.0733 0.3597 0.0026 0.2356 0.6211 -0.2426 0.707 0.6937 -0.5114 -0.4532 -0.2277 0.7183 -0.0392 0.6913 -0.0683
0.7767 -0.1942 -0.5259 -0.2874 0.6096 -0.5575 -0.5249 -0.2053 0.6232 -0.4781 -0.4506 -0.4241 0.8242 0.1644 -0.5359 0.0807 0.3201 0.3924 -0.6092 0.6103 0.6904 -0.2919 -0.6064 -0.2654 0.9302 0.0733 0.3597 0.0026 0.2755 0.5743 -0.197 0.7453 0.7945 -0.4185 -0.4274 -0.1049 0.7183 -0.0392 0.6913 -0.0683
0.7767 -0.1942 -0.5259 -0.2874 0.6096 -0.5575 -0.5249 -0.2053 0.6232 -0.4781 -0.4506 -0.4241 0.8242 0.1644 -0.5359 0.0807 0.3201 0.3924 -0.6092 0.6103 0.6904 -0.2919 -0.6064 -0.2654 0.9302 0.0733 0.3597 0.0026 0.2755 0.5743 -0.197 0.7453 0.7945 -0.4185 -0.4274 -0.1049 0.7183 -0.0392 0.6913 -0.0683
0.7767 -0.1942 -0.5259 -0.2874 0.6458 -0.5353 -0.5286 -0.1303 0.6232 -0.4781 -0.4506 -0.4241 0.8281 0.1557 -0.524 0.1238 0.3201 0.3924 -0.6092 0.6103 0.6904 -0.2919 -0.6064 -0.2654 0.9232 0.0862 0.3743 0.009 0.2755 0.5743 -0.197 0.7453 0.7945 -0.4185 -0.4274 -0.1049 0.7183 -0.0392 0.6913 -0.0683
0.7767 -0.1942 -0.5259 -0.2874 0.6458 -0.5353 -0.5286 -0.1303 0.6232 -0.4781 -0.4506 -0.4241 0.8281 0.1557 -0.524 0.1238 0.3201 0.3924 -0.6092 0.6103 0.6904 -0.2919 -0.6064 -0.2654 0.9232 0.0862 0.3743 0.009 0.2755 0.5743 -0.197 0.7453 0.7945 -0.4185 -0.4274 -0.1049 0.7183 -0.0392 0.6913 -0.0683
0.7767 -0.1942 -0.5259 -0.2874 0.6458 -0.5353 -0.5286 -0.1303 0.6232 -0.4781 -0.4506 -0.4241 0.8281 0.1557 -0.524 0.1238 0.3201 0.3924 -0.6092 0.6103 0.6904 -0.2919 -0.6064 -0.2654 0.9232 0.0862 0.3743 0.009 0.2755 0.5743 -0.197 0.7453 0.7945 -0.4185 -0.4274 -0.1049 0.7183 -0.0392 0.6913 -0.0683
0.8193 -0.1954 -0.4905 -0.2237 0.6458 -0.5353 -0.5286 -0.1303 0.6232 -0.4781 -0.4506 -0.4241 0.8281 0.1557 -0.524 0.1238 0.3201 0.3924 -0.6092 0.6103 0.6904 -0.2919 -0.6064 -0.2654 0.9232 0.0862 0.3743 0.009 0.2755 0.5743 -0.197 0.7453 0.7945 -0.4185 -0.4274 -0.1049 0.7183 -0.0392 0.6913 -0.0683
0.8193 -0.1954 -0.4905 -0.2237 0.6458 -0.5353 -0.5286 -0.1303 0.6232 -0.4781 -0.4506 -0.4241 0.8281 0.1557 -0.524 0.1238 0.3201 0.3924 -0.6092 0.6103 0.6904 -0.2919 -0.6064 -0.2654 0.9232 0.0862 0.3743 0.009 0.2755 0.5743 -0.197 0.7453 0.7945 -0.4185 -0.4274 -0.1049 0.7183 -0.0392 0.6913 -0.0683
0.8193 -0.1954 -0.4905 -0.2237 0.6458 -0.5353 -0.5286 -0.1303 0.6146 -0.4828 -0.448 -0.4341 0.8281 0.1557 -0.524 0.1238 0.3168 0.3938 -0.6197 0.6005 0.6904 -0.2919 -0.6064 -0.2654 0.9232 0.0862 0.3743 0.009 0.2905 0.5596 -0.1513 0.7613 0.8486 -0.3107 -0.4237 -0.0612 0.7183 -0.0392 0.6913 -0.0683
0.8193 -0.1954 -0.4905 -0.2237 0.6458 -0.5353 -0.5286 -0.1303 0.6146 -0.4828 -0.448 -0.4341 0.8281 0.1557 -0.524 0.1238 0.3168 0.3938 -0.6197 0.6005 0.6904 -0.2919 -0.6064 -0.2654 0.9232 0.0862 0.3743 0.009 0.2905 0.5596 -0.1513 0.7613 0.8486 -0.3107 -0.4237 -0.0612 0.7183 -0.0392 0.6913 -0.0683
0.8193 -0.1954 -0.4905 -0.2237 0.6331 -0.5651 -0.5239 -0.0737 0.6146 -0.4828 -0.448 -0.4341 0.8257 0.1548 -0.536 0.0829 0.3168 0.3938 -0.6197 0.6005 0.6347 -0.2142 -0.6761 -0.3068 0.915 0.0877 0.3936 0.0059 0.2905 0.5596 -0.1513 0.7613 0.8486 -0.3107 -0.4237 -0.0612 0.7183 -0.0392 0.6913 -0.0683
0.8193 -0.1954 -0.4905 -0.2237 0.6331 -0.5651 -0.5239 -0.0737 0.6146 -0.4828 -0.448 -0.4341 0.8257 0.1548 -0.536 0.0829 0.3168 0.3938 -0.6197 0.6005 0.6347 -0.2142 -0.6761 -0.3068 0.915 0.0877 0.3936 0.0059 0.2905 0.5596 -0.1513 0.7613 0.8486 -0.3107 -0.4237 -0.0612 0.7183 -0.0392 0.6913 -0.0683
0.8278 -0.1918 -0.4761 -0.2266 0.6331 -0.5651 -0.5239 -0.0737 0.6146 -0.4828 -0.448 -0.4341 0.8257 0.1548 -0.536 0.0829 0.3168 0.3938 -0.6197 0.6005 0.6347 -0.2142 -0.6761 -0.3068 0.915 0.0877 0.3936 0.0059 0.2905 0.5596 -0.1513 0.7613 0.8486 -0.3107 -0.4237 -0.0612 0.7183 -0.0392 0.6913 -0.0683
0.8278 -0.1918 -0.4761 -0.2266 0.6331 -0.5651 -0.5239 -0.0737 0.6146 -0.4828 -0.448 -0.4341 0.8257 0.1548 -0.536 0.0829 0.3168 0.3938 -0.6197 0.6005 0.6347 -0.2142 -0.6761 -0.3068 0.915 0.0877 0.3936 0.0059 0.2905 0.5596 -0.1513 0.7613 0.8486 -0.3107 -0.4237 -0.0612 0.7183 -0.0392 0.6913 -0.0683
0.8278 -0.1918 -0.4761 -0.2266 0.6331 -0.5651 -0.5239 -0.0737 0.5721 -0.489 -0.4435 -0.4867 0.8257 0.1548 -0.536 0.0829 0.3168 0.3938 -0.6197 0.6005 0.6347 -0.2142 -0.6761 -0.3068 0.915 0.0877 0.3936 0.0059 0.3398 0.534 -0.2302 0.7392 0.8486 -0.3107 -0.4237 -0.0612 0.7183 -0.0392 0.6913 -0.0683
0.8278 -0.1918 -0.4761 -0.2266 0.6331 -0.5651 -0.5239 -0.0737 0.5721 -0.489 -0.4435 -0.4867 0.8257 0.1548 -0.536 0.0829 0.3235 0.4038 -0.6222 0.5875 0.6347 -0.2142 -0.6761 -0.3068 0.915 0.0877 0.3936 0.0059 0.3398 0.534 -0.2302 0.7392 0.8486 -0.3107 -0.4237 -0.0612 0.7183 -0.0392 0.6913 -0.0683
0.8278 -0.1918 -0.4761 -0.2266 0.6331 -0.5651 -0.5239 -0.0737 0.5721 -0.489 -0.4435 -0.4867 0.8257 0.1548 -0.536 0.0829 0.3235 0.4038 -0.6222 0.5875 0.6347 -0.2142 -0.6761 -0.3068 0.915 0.0877 0.3936 0.0059 0.3398 0.534 -0.2302 0.7392 0.8486 -0.3107 -0.4237 -0.0612 0.7183 -0.0392 0.6913 -0.0683
0.8278 -0.1918 -0.4761 -0.2266 0.6331 -0.5651 -0.5239 -0.0737 0.5721 -0.489 -0.4435 -0.4867 0.8257 0.1548 -0.536 0.0829 0.3235 0.4038 -0.6222 0.5875 0.6347 -0.2142 -0.6761 -0.3068 0.915 0.0877 0.3936 0.0059 0.3398 0.534 -0.2302 0.7392 0.8486 -0.3107 -0.4237 -0.0612 0.7183 -0.0392 0.6913 -0.0683
0.8278 -0.1918 -0.4761 -0.2266 0.6302 -0.5368 -0.5605 -0.0215 0.5721 -0.489 -0.4435 -0.4867 0.7975 0.2061 -0.567 -0.007 0.3235 0.4038 -0.6222 0.5875 0.6252 -0.205 -0.6758 -0.3323 0.8989 0.1318 0.4174 0.0193 0.3398 0.534 -0.2302 0.7392 0.8364 -0.3462 -0.4159 -0.0869 0.7183 -0.0392 0.6913 -0.0683
0.8271 -0.1802 -0.4746 -0.2411 0.6302 -0.5368 -0.5605 -0.0215 0.5721 -0.489 -0.4435 -0.4867 0.7975 0.2061 -0.567 -0.007 0.3235 0.4038 -0.6222 0.5875 0.6252 -0.205 -0.6758 -0.3323 0.8989 0.1318 0.4174 0.0193 0.3398 0.534 -0.2302 0.7392 0.8364 -0.3462 -0.4159 -0.0869 0.7183 -0.0392 0.6913 -0.0683
0.8271 -0.1802 -0.4746 -0.2411 0.6302 -0.5368 -0.5605 -0.0215 0.5502 -0.4922 -0.44 -0.5113 0.7975 0.2061 -0.567 -0.007 0.3235 0.4038 -0.6222 0.5875 0.6252 -0.205 -0.6758 -0.3323 0.8989 0.1318 0.4174 0.0193 0.3398 0.534 -0.2302 0.7392 0.8364 -0.3462 -0.4159 -0.0869 0.7183 -0.0392 0.6913 -0.0683
0.8271 -0.1802 -0.4746 -0.2411 0.6302 -0.5368 -0.5605 -0.0215 0.5502 -0.4922 -0.44 -0.5113 0.7975 0.2061 -0.567 -0.007 0.3235 0.4038 -0.6222 0.5875 0.6252 -0.205 -0.6758 -0.3323 0.8989 0.1318 0.4174 0.0193 0.2973 0.554 -0.2375 0.7405 0.8364 -0.3462 -0.4159 -0.0869 0.7183 -0.0392 0.6913 -0.0683
0.8271 -0.1802 -0.4746 -0.2411 0.6302 -0.5368 -0.5605 -0.0215 0.5502 -0.4922 -0.44 -0.5113 0.7975 0.2061 -0.567 -0.007 0.3483 0.4153 -0.6208 0.5663 0.6252 -0.205 -0.6758 -0.3323 0.8989 0.1318 0.4174 0.0193 0.2973 0.554 -0.2375 0.7405 0.828 -0.3783 -0.3992 -0.1094 0.7183 -0.0392 0.6913 -0.0683
0.8271 -0.1802 -0.4746 -0.2411 0.6302 -0.5368 -0.5605 -0.0215 0.5502 -0.4922 -0.44 -0.5113 0.7447 0.2477 -0.6044 -0.137 0.3483 0.4153 -0.6208 0.5663 0.6252 -0.205 -0.6758 -0.3323 0.8989 0.1318 0.4174 0.0193 0.2973 0.554 -0.2375 0.7405 0.828 -0.3783 -0.3992 -0.1094 0.7183 -0.0392 0.6913 -0.0683
0.8271 -0.1802 -0.4746 -0.2411 0.6194 -0.5408 -0.5659 -0.0604 0.5502 -0.4922 -0.44 -0.5113 0.7447 0.2477 -0.6044 -0.137 0.3483 0.4153 -0.6208 0.5663 0.6252 -0.205 -0.6758 -0.3323 0.8989 0.1318 0.4174 0.0193 0.2973 0.554 -0.2375 0.7405 0.828 -0.3783 -0.3992 -0.1094 0.7183 -0.0392 0.6913 -0.0683
0.8271 -0.1802 -0.4746 -0.2411 0.6194 -0.5408 -0.5659 -0.0604 0.5502 -0.4922 -0.44 -0.5113 0.7447 0.2477 -0.6044 -0.137 0.3483 0.4153 -0.6208 0.5663 0.6252 -0.205 -0.6758 -0.3323 0.8989 0.1318 0.4174 0.0193 0.2973 0.554 -0.2375 0.7405 0.828 -0.3783 -0.3992 -0.1094 0.7183 -0.0392 0.6913 -0.0683
0.8063 -0.1792 -0.5045 -0.2518 0.6194 -0.5408 -0.5659 -0.0604 0.5502 -0.4922 -0.44 -0.5113 0.7447 0.2477 -0.6044 -0.137 0.3483 0.4153 -0.6208 0.5663 0.6252 -0.205 -0.6758 -0.3323 0.8989 0.1318 0.4174 0.0193 0.2973 0.554 -0.2375 0.7405 0.828 -0.3783 -0.3992 -0.1094 0.7183 -0.0392 0.6913 -0.0683
0.8063 -0.1792 -0.5045 -0.2518 0.6194 -0.5408 -0.5659 -0.0604 0.5359 -0.5195 -0.4008 -0.5314 0.7447 0.2477 -0.6044 -0.137 0.3483 0.4153 -0.6208 0.5663 0.6252 -0.205 -0.6758 -0.3323 0.8989 0.1318 0.4174 0.0193 0.2973 0.554 -0.2375 0.7405 0.828 -0.3783 -0.3992 -0.1094 0.7183 -0.0392 0.6913 -0.0683
0.8063 -0.1792 -0.5045 -0.2518 0.6194 -0.5408 -0.5659 -0.0604 0.5359 -0.5195 -0.4008 -0.5314 0.7447 0.2477 -0.6044 -0.137 0.3483 0.4153 -0.6208 0.5663 0.6252 -0.205 -0.6758 -0.3323 0.8989 0.1318 0.4174 0.0193 0.3008 0.5431 -0.2825 0.7313 0.828 -0.3783 -0.3992 -0.1094 0.7183 -0.0392 0.6913 -0.0683
0.8063 -0.1792 -0.5045 -0.2518 0.6194 -0.5408 -0.5659 -0.0604 0.5359 -0.5195 -0.4008 -0.5314 0.7447 0.2477 -0.6044 -0.137 0.3643 0.4219 -0.6264 0.5449 0.6252 -0.205 -0.6758 -0.3323 0.8989 0.1318 0.4174 0.0193 0.3008 0.5431 -0.2825 0.7313 0.828 -0.3783 -0.3992 -0.1094 0.7183 -0.0392 0.6913 -0.0683
0.8063 -0.1792 -0.5045 -0.2518 0.6194 -0.5408 -0.5659 -0.0604 0.5359 -0.5195 -0.4008 -0.5314 0.7106 0.2352 -0.6153 -0.2472 0.3643 0.4219 -0.6264 0.5449 0.6252 -0.205 -0.6758 -0.3323 0.8989 0.1318 0.4174 0.0193 0.3008 0.5431 -0.2825 0.7313 0.828 -0.3783 -0.3992 -0.1094 0.7183 -0.0392 0.6913 -0.0683
0.8063 -0.1792 -0.5045 -0.2518 0.6194 -0.5408 -0.5659 -0.0604 0.5359 -0.5195 -0.4008 -0.5314 0.7106 0.2352 -0.6153 -0.2472 0.3643 0.4219 -0.6264 0.5449 0.6252 -0.205 -0.6758 -0.3323 0.8989 0.1318 0.4174 0.0193 0.3008 0.5431 -0.2825 0.7313 0.828 -0.3783 -0.3992 -0.1094 0.7183 -0.0392 0.6913 -0.0683
0.8063 -0.1792 -0.5045 -0.2518 0.6059 -0.5495 -0.5637 -0.115 0.5359 -0.5195 -0.4008 -0.5314 0.7106 0.2352 -0.6153 -0.2472 0.3643 0.4219 -0.6264 0.5449 0.6265 -0.2012 -0.6647 -0.3537 0.8899 0.1479 0.4305 0.0291 0.3008 0.5431 -0.2825 0.7313 0.828 -0.3783 -0.3992 -0.1094 0.7183 -0.0392 0.6913 -0.0683
0.7861 -0.1855 -0.5195 -0.2789 0.6059 -0.5495 -0.5637 -0.115 0.5359 -0.5195 -0.4008 -0.5314 0.7106 0.2352 -0.6153 -0.2472 0.3643 0.4219 -0.6264 0.5449 0.6265 -0.2012 -0.6647 -0.3537 0.8899 0.1479 0.4305 0.0291 0.3008 0.5431 -0.2825 0.7313 0.828 -0.3783 -0.3992 -0.1094 0.7183 -0.0392 0.6913 -0.0683
0.7861 -0.1855 -0.5195 -0.2789 0.6059 -0.5495 -0.5637 -0.115 0.5359 -0.5195 -0.4008 -0.5314 0.7106 0.2352 -0.6153 -0.2472 0.3643 0.4219 -0.6264 0.5449 0.6265 -0.2012 -0.6647 -0.3537 0.8899 0.1479 0.4305 0.0291 0.3008 0.5431 -0.2825 0.7313 0.828 -0.3783 -0.3992 -0.1094 0.7183 -0.0392 0.6913 -0.0683
0.7861 -0.1855 -0.5195 -0.2789 0.6059 -0.5495 -0.5637 -0.115 0.5359 -0.5195 -0.4008 -0.5314 0.7106 0.2352 -0.6153 -0.2472 0.3643 0.4219 -0.6264 0.5449 0.6265 -0.2012 -0.6647 -0.3537 0.8899 0.1479 0.4305 0.0291 0.3008 0.5431 -0.2825 0.7313 0.828 -0.3783 -0.3992 -0.1094 0.7183 -0.0392 0.6913 -0.0683
0.7861 -0.1855 -0.5195 -0.2789 0.6059 -0.5495 -0.5637 -0.115 0.5358 -0.5359 -0.364 -0.5414 0.7106 0.2352 -0.6153 -0.2472 0.3643 0.4219 -0.6264 0.5449 0.6265 -0.2012 -0.6647 -0.3537 0.8899 0.1479 0.4305 0.0291 0.3197 0.5421 -0.2928 0.7198 0.828 -0.3783 -0.3992 -0.1094 0.7183 -0.0392 0.6913 -0.0683
0.7861 -0.1855 -0.5195 -0.2789 0.6059 -0.5495 -0.5637 -0.115 0.5358 -0.5359 -0.364 -0.5414 0.7106 0.2352 -0.6153 -0.2472 0.3841 0.4281 -0.6247 0.5281 0.6265 -0.2012 -0.6647 -0.3537 0.8899 0.1479 0.4305 0.0291 0.3197 0.5421 -0.2928 0.7198 0.8018 -0.4244 -0.3864 -0.1669 0.7183 -0.0392 0.6913 -0.0683
0.7861 -0.1855 -0.5195 -0.2789 0.6059 -0.5495 -0.5637 -0.115 0.5358 -0.5359 -0.364 -0.5414 0.7106 0.2352 -0.6153 -0.2472 0.3841 0.4281 -0.6247 0.5281 0.6265 -0.2012 -0.6647 -0.3537 0.8899 0.1479 0.4305 0.0291 0.3197 0.5421 -0.2928 0.7198 0.8018 -0.4244 -0.3864 -0.1669 0.7183 -0.0392 0.6913 -0.0683
0.7861 -0.1855 -0.5195 -0.2789 0.5964 -0.5474 -0.5665 -0.154 0.5358 -0.5359 -0.364 -0.5414 0.7106 0.2352 -0.6153 -0.2472 0.3841 0.4281 -0.6247 0.5281 0.6265 -0.2012 -0.6647 -0.3537 0.8899 0.1479 0.4305 0.0291 0.3197 0.5421 -0.2928 0.7198 0.8018 -0.4244 -0.3864 -0.1669 0.7183 -0.0392 0.6913 -0.0683
0.7651 -0.1915 -0.5385 -0.2965 0.5964 -0.5474 -0.5665 -0.154 0.5358 -0.5359 -0.364 -0.5414 0.7106 0.2352 -0.6153 -0.2472 0.3841 0.4281 -0.6247 0.5281 0.6265 -0.2012 -0.6647 -0.3537 0.8899 0.1479 0.4305 0.0291 0.3197 0.5421 -0.2928 0.7198 0.8018 -0.4244 -0.3864 -0.1669 0.7183 -0.0392 0.6913 -0.0683
0.7651 -0.1915 -0.5385 -0.2965 0.5964 -0.5474 -0.5665 -0.154 0.5358 -0.5359 -0.364 -0.5414 0.7106 0.2352 -0.6153 -0.2472 0.3841 0.4281 -0.6247 0.5281 0.6265 -0.2012 -0.6647 -0.3537 0.8899 0.1479 0.4305 0.0291 0.3197 0.5421 -0.2928 0.7198 0.8018 -0.4244 -0.3864 -0.1669 0.7183 -0.0392 0.6913 -0.0683
0.7651 -0.1915 -0.5385 -0.2965 0.5964 -0.5474 -0.5665 -0.154 0.5514 -0.5493 -0.3499 -0.5214 0.7106 0.2352 -0.6153 -0.2472 0.3841 0.4281 -0.6247 0.5281 0.6265 -0.2012 -0.6647 -0.3537 0.8899 0.1479 0.4305 0.0291 0.3197 0.5421 -0.2928 0.7198 0.8018 -0.4244 -0.3864 -0.1669 0.7183 -0.0392 0.6913 -0.0683
0.7651 -0.1915 -0.5385 -0.2965 0.5964 -0.5474 -0.5665 -0.154 0.5514 -0.5493 -0.3499 -0.5214 0.7106 0.2352 -0.6153 -0.2472 0.4119 0.4345 -0.6234 0.503 0.6265 -0.2012 -0.6647 -0.3537 0.8899 0.1479 0.4305 0.0291 0.3967 0.5403 -0.2799 0.6873 0.8018 -0.4244 -0.3864 -0.1669 0.7183 -0.0392 0.6913 -0.0683
0.7651 -0.1915 -0.5385 -0.2965 0.5964 -0.5474 -0.5665 -0.154 0.5514 -0.5493 -0.3499 -0.5214 0.7106 0.2352 -0.6153 -0.2472 0.4119 0.4345 -0.6234 0.503 0.6265 -0.2012 -0.6647 -0.3537 0.8899 0.1479 0.4305 0.0291 0.3967 0.5403 -0.2799 0.6873 0.8018 -0.4244 -0.3864 -0.1669 0.7183 -0.0392 0.6913 -0.0683
0.7651 -0.1915 -0.5385 -0.2965 0.5964 -0.5474 -0.5665 -0.154 0.5514 -0.5493 -0.3499 -0.5214 0.7579 0.1555 -0.6051 -0.188 0.4119 0.4345 -0.6234 0.503 0.6265 -0.2012 -0.6647 -0.3537 0.8766 0.1597 0.4528 0.0322 0.3967 0.5403 -0.2799 0.6873 0.7064 -0.4828 -0.4478 -0.2595 0.7183 -0.0392 0.6913 -0.0683
0.7651 -0.1915 -0.5385 -0.2965 0.5916 -0.5296 -0.5754 -0.1959 0.5514 -0.5493 -0.3499 -0.5214 0.7579 0.1555 -0.6051 -0.188 0.4119 0.4345 -0.6234 0.503 0.6265 -0.2012 -0.6647 -0.3537 0.8766 0.1597 0.4528 0.0322 0.3967 0.5403 -0.2799 0.6873 0.7064 -0.4828 -0.4478 -0.2595 0.7183 -0.0392 0.6913 -0.0683
0.7514 -0.1681 -0.5729 -0.2809 0.5916 -0.5296 -0.5754 -0.1959 0.5514 -0.5493 -0.3499 -0.5214 0.7579 0.1555 -0.6051 -0.188 0.4119 0.4345 -0.6234 0.503 0.6265 -0.2012 -0.6647 -0.3537 0.8766 0.1597 0.4528 0.0322 0.3967 0.5403 -0.2799 0.6873 0.7064 -0.4828 -0.4478 -0.2595 0.7183 -0.0392 0.6913 -0.0683
0.7514 -0.1681 -0.5729 -0.2809 0.5916 -0.5296 -0.5754 -0.1959 0.5817 -0.5577 -0.3527 -0.4757 0.7579 0.1555 -0.6051 -0.188 0.4119 0.4345 -0.6234 0.503 0.6265 -0.2012 -0.6647 -0.3537 0.8766 0.1597 0.4528 0.0322 0.3967 0.5403 -0.2799 0.6873 0.7064 -0.4828 -0.4478 -0.2595 0.7183 -0.0392 0.6913 -0.0683
0.7514 -0.1681 -0.5729 -0.2809 0.5916 -0.5296 -0.5754 -0.1959 0.5817 -0.5577 -0.3527 -0.4757 0.7579 0.1555 -0.6051 -0.188 0.4119 0.4345 -0.6234 0.503 0.6265 -0.2012 -0.6647 -0.3537 0.8766 0.1597 0.4528 0.0322 0.3967 0.5403 -0.2799 0.6873 0.7064 -0.4828 -0.4478 -0.2595 0.7183 -0.0392 0.6913 -0.0683
0.7514 -0.1681 -0.5729 -0.2809 0.5916 -0.5296 -0.5754 -0.1959 0.5817 -0.5577 -0.3527 -0.4757 0.7579 0.1555 -0.6051 -0.188 0.4454 0.4386 -0.6257 0.4666 0.6265 -0.2012 -0.6647 -0.3537 0.8766 0.1597 0.4528 0.0322 0.4772 0.5333 -0.2868 0.6369 0.7064 -0.4828 -0.4478 -0.2595 0.7183 -0.0392 0.6913 -0.0683
0.7514 -0.1681 -0.5729 -0.2809 0.5916 -0.5296 -0.5754 -0.1959 0.5817 -0.5577 -0.3527 -0.4757 0.8077 0.1044 -0.5779 -0.0531 0.4454 0.4386 -0.6257 0.4666 0.6265 -0.2012 -0.6647 -0.3537 0.8641 0.1624 0.4756 0.0267 0.4772 0.5333 -0.2868 0.6369 0.5365 -0.4419 -0.5887 -0.4127 0.7183 -0.0392 0.6913 -0.0683
0.7514 -0.1681 -0.5729 -0.2809 0.5918 -0.5098 -0.5927 -0.1965 0.5817 -0.5577 -0.3527 -0.4757 0.8077 0.1044 -0.5779 -0.0531 0.4454 0.4386 -0.6257 0.4666 0.6265 -0.2012 -0.6647 -0.3537 0.8641 0.1624 0.4756 0.0267 0.4772 0.5333 -0.2868 0.6369 0.5365 -0.4419 -0.5887 -0.4127 0.7183 -0.0392 0.6913 -0.0683
0.7514 -0.1681 -0.5729 -0.2809 0.5918 -0.5098 -0.5927 -0.1965 0.5817 -0.5577 -0.3527 -0.4757 0.8077 0.1044 -0.5779 -0.0531 0.4454 0.4386 -0.6257 0.4666 0.6265 -0.2012 -0.6647 -0.3537 0.8641 0.1624 0.4756 0.0267 0.4772 0.5333 -0.2868 0.6369 0.5365 -0.4419 -0.5887 -0.4127 0.7183 -0.0392 0.6913 -0.0683
0.7454 -0.1524 -0.5881 -0.2745 0.5918 -0.5098 -0.5927 -0.1965 0.5817 -0.5577 -0.3527 -0.4757 0.8077 0.1044 -0.5779 -0.0531 0.4454 0.4386 -0.6257 0.4666 0.6265 -0.2012 -0.6647 -0.3537 0.8641 0.1624 0.4756 0.0267 0.4772 0.5333 -0.2868 0.6369 0.5365 -0.4419 -0.5887 -0.4127 0.7183 -0.0392 0.6913 -0.0683
0.7454 -0.1524 -0.5881 -0.2745 0.5918 -0.5098 -0.5927 -0.1965 0.6234 -0.5491 -0.3635 -0.4216 0.8077 0.1044 -0.5779 -0.0531 0.4454 0.4386 -0.6257 0.4666 0.6265 -0.2012 -0.6647 -0.3537 0.8641 0.1624 0.4756 0.0267 0.4772 0.5333 -0.2868 0.6369 0.5365 -0.4419 -0.5887 -0.4127 0.7183 -0.0392 0.6913 -0.0683
0.7454 -0.1524 -0.5881 -0.2745 0.5918 -0.5098 -0.5927 -0.1965 0.6234 -0.5491 -0.3635 -0.4216 0.8077 0.1044 -0.5779 -0.0531 0.4454 0.4386 -0.6257 0.4666 0.6265 -0.2012 -0.6647 -0.3537 0.8641 0.1624 0.4756 0.0267 0.4909 0.5566 -0.326 0.5856 0.5365 -0.4419 -0.5887 -0.4127 0.7183 -0.0392 0.6913 -0.0683
0.7454 -0.1524 -0.5881 -0.2745 0.5918 -0.5098 -0.5927 -0.1965 0.6234 -0.5491 -0.3635 -0.4216 0.8077 0.1044 -0.5779 -0.0531 0.4796 0.4363 -0.6205 0.4412 0.6265 -0.2012 -0.6647 -0.3537 0.8641 0.1624 0.4756 0.0267 0.4909 0.5566 -0.326 0.5856 0.3801 -0.333 -0.7028 -0.5008 0.7183 -0.0392 0.6913 -0.0683
0.7454 -0.1524 -0.5881 -0.2745 0.5918 -0.5098 -0.5927 -0.1965 0.6234 -0.5491 -0.3635 -0.4216 0.8077 0.1044 -0.5779 -0.0531 0.4796 0.4363 -0.6205 0.4412 0.6265 -0.2012 -0.6647 -0.3537 0.8641 0.1624 0.4756 0.0267 0.4909 0.5566 -0.326 0.5856 0.3801 -0.333 -0.7028 -0.5008 0.7183 -0.0392 0.6913 -0.0683
0.7454 -0.1524 -0.5881 -0.2745 0.5918 -0.5098 -0.5927 -0.1965 0.6234 -0.5491 -0.3635 -0.4216 0.8405 0.0562 -0.5347 0.0662 0.4796 0.4363 -0.6205 0.4412 0.6275 -0.1875 -0.6134 -0.4414 0.8448 0.1688 0.5071 0.0234 0.4909 0.5566 -0.326 0.5856 0.3801 -0.333 -0.7028 -0.5008 0.985 -0.0049 0.1405 0.0999
0.7454 -0.1524 -0.5881 -0.2745 0.5918 -0.5098 -0.5927 -0.1965 0.6234 -0.5491 -0.3635 -0.4216 0.8405 0.0562 -0.5347 0.0662 0.4796 0.4363 -0.6205 0.4412 0.6275 -0.1875 -0.6134 -0.4414 0.8448 0.1688 0.5071 0.0234 0.4909 0.5566 -0.326 0.5856 0.3801 -0.333 -0.7028 -0.5008 0.985 -0.0049 0.1405 0.0999
0.7443 -0.1663 -0.5762 -0.2938 0.5918 -0.5098 -0.5927 -0.1965 0.6234 -0.5491 -0.3635 -0.4216 0.8405 0.0562 -0.5347 0.0662 0.4796 0.4363 -0.6205 0.4412 0.6275 -0.1875 -0.6134 -0.4414 0.8448 0.1688 0.5071 0.0234 0.4909 0.5566 -0.326 0.5856 0.3801 -0.333 -0.7028 -0.5008 0.985 -0.0049 0.1405 0.0999
0.7443 -0.1663 -0.5762 -0.2938 0.5918 -0.5098 -0.5927 -0.1965 0.6423 -0.5396 -0.3762 -0.3935 0.8405 0.0562 -0.5347 0.0662 0.4796 0.4363 -0.6205 0.4412 0.6275 -0.1875 -0.6134 -0.4414 0.8448 0.1688 0.5071 0.0234 0.4909 0.5566 -0.326 0.5856 0.3801 -0.333 -0.7028 -0.5008 0.985 -0.0049 0.1405 0.0999
0.7443 -0.1663 -0.5762 -0.2938 0.5918 -0.5098 -0.5927 -0.1965 0.6423 -0.5396 -0.3762 -0.3935 0.8405 0.0562 -0.5347 0.0662 0.4796 0.4363 -0.6205 0.4412 0.6275 -0.1875 -0.6134 -0.4414 0.8448 0.1688 0.5071 0.0234 0.5099 0.5592 -0.3387 0.559 0.3801 -0.333 -0.7028 -0.5008 0.985 -0.0049 0.1405 0.0999
0.7443 -0.1663 -0.5762 -0.2938 0.5918 -0.5098 -0.5927 -0.1965 0.6423 -0.5396 -0.3762 -0.3935 0.8405 0.0562 -0.5347 0.0662 0.5032 0.4252 -0.6124 0.437 0.6275 -0.1875 -0.6134 -0.4414 0.8448 0.1688 0.5071 0.0234 0.5099 0.5592 -0.3387 0.559 0.3801 -0.333 -0.7028 -0.5008 0.985 -0.0049 0.1405 0.0999
0.7443 -0.1663 -0.5762 -0.2938 0.5918 -0.5098 -0.5927 -0.1965 0.6423 -0.5396 -0.3762 -0.3935 0.8405 0.0562 -0.5347 0.0662 0.5032 0.4252 -0.6124 0.437 0.6275 -0.1875 -0.6134 -0.4414 0.8448 0.1688 0.5071 0.0234 0.5099 0.5592 -0.3387 0.559 0.3801 -0.333 -0.7028 -0.5008 0.985 -0.0049 0.1405 0.0999
0.7443 -0.1663 -0.5762 -0.2938 0.5918 -0.5098 -0.5927 -0.1965 0.6423 -0.5396 -0.3762 -0.3935 0.8527 0.0421 -0.5029 0.1353 0.5032 0.4252 -0.6124 0.437 0.6012 -0.1299 -0.6173 -0.4905 0.7839 0.1732 0.596 0.0181 0.5099 0.5592 -0.3387 0.559 0.3921 -0.3903 -0.6655 -0.5011 0.9677 0.0153 0.2466 0.0499
0.7443 -0.1663 -0.5762 -0.2938 0.5918 -0.5098 -0.5927 -0.1965 0.6423 -0.5396 -0.3762 -0.3935 0.8527 0.0421 -0.5029 0.1353 0.5032 0.4252 -0.6124 0.437 0.6012 -0.1299 -0.6173 -0.4905 0.7839 0.1732 0.596 0.0181 0.5099 0.5592 -0.3387 0.559 0.3921 -0.3903 -0.6655 -0.5011 0.9677 0.0153 0.2466 0.0499
0.7317 -0.2103 -0.5501 -0.3432 0.5918 -0.5098 -0.5927 -0.1965 0.6423 -0.5396 -0.3762 -0.3935 0.8527 0.0421 -0.5029 0.1353 0.5032 0.4252 -0.6124 0.437 0.6012 -0.1299 -0.6173 -0.4905 0.7839 0.1732 0.596 0.0181 0.5099 0.5592 -0.3387 0.559 0.3921 -0.3903 -0.6655 -0.5011 0.9677 0.0153 0.2466 0.0499
0.7317 -0.2103 -0.5501 -0.3432 0.5918 -0.5098 -0.5927 -0.1965 0.6259 -0.5372 -0.3921 -0.4072 0.8527 0.0421 -0.5029 0.1353 0.5032 0.4252 -0.6124 0.437 0.6012 -0.1299 -0.6173 -0.4905 0.7839 0.1732 0.596 0.0181 0.5099 0.5592 -0.3387 0.559 0.3921 -0.3903 -0.6655 -0.5011 0.9677 0.0153 0.2466 0.0499
0.7317 -0.2103 -0.5501 -0.3432 0.5918 -0.5098 -0.5927 -0.1965 0.6259 -0.5372 -0.3921 -0.4072 0.8527 0.0421 -0.5029 0.1353 0.5032 0.4252 -0.6124 0.437 0.6012 -0.1299 -0.6173 -0.4905 0.7839 0.1732 0.596 0.0181 0.4724 0.5918 -0.3195 0.5697 0.3921 -0.3903 -0.6655 -0.5011 0.9677 0.0153 0.2466 0.0499
0.7317 -0.2103 -0.5501 -0.3432 0.5918 -0.5098 -0.5927 -0.1965 0.6259 -0.5372 -0.3921 -0.4072 0.8527 0.0421 -0.5029 0.1353 0.5004 0.3891 -0.6006 0.4874 0.6012 -0.1299 -0.6173 -0.4905 0.7839 0.1732 0.596 0.0181 0.4724 0.5918 -0.3195 0.5697 0.3921 -0.3903 -0.6655 -0.5011 0.9677 0.0153 0.2466 0.0499
0.7317 -0.2103 -0.5501 -0.3432 0.5918 -0.5098 -0.5927 -0.1965 0.6259 -0.5372 -0.3921 -0.4072 0.8527 0.0421 -0.5029 0.1353 0.5004 0.3891 -0.6006 0.4874 0.6012 -0.1299 -0.6173 -0.4905 0.7839 0.1732 0.596 0.0181 0.4724 0.5918 -0.3195 0.5697 0.3921 -0.3903 -0.6655 -0.5011 0.9677 0.0153 0.2466 0.0499
0.7317 -0.2103 -0.5501 -0.3432 0.5844 -0.5632 -0.5144 -0.2771 0.6259 -0.5372 -0.3921 -0.4072 0.8465 0.0716 -0.5195 0.092 0.5004 0.3891 -0.6006 0.4874 0.6012 -0.1299 -0.6173 -0.4905 0.567 0.2133 0.7952 -0.0281 0.4724 0.5918 -0.3195 0.5697 0.4337 -0.4427 -0.6311 -0.4666 0.9677 0.0153 0.2466 0.0499
0.7317 -0.2103 -0.5501 -0.3432 0.5844 -0.5632 -0.5144 -0.2771 0.6259 -0.5372 -0.3921 -0.4072 0.8465 0.0716 -0.5195 0.092 0.5004 0.3891 -0.6006 0.4874 0.5402 -0.1032 -0.5956 -0.5854 0.567 0.2133 0.7952 -0.0281 0.4724 0.5918 -0.3195 0.5697 0.4337 -0.4427 -0.6311 -0.4666 0.9677 0.0153 0.2466 0.0499
0.7317 -0.2103 -0.5501 -0.3432 0.5844 -0.5632 -0.5144 -0.2771 0.6259 -0.5372 -0.3921 -0.4072 0.8465 0.0716 -0.5195 0.092 0.5004 0.3891 -0.6006 0.4874 0.5402 -0.1032 -0.5956 -0.5854 0.567 0.2133 0.7952 -0.0281 0.4724 0.5918 -0.3195 0.5697 0.4337 -0.4427 -0.6311 -0.4666 0.9677 0.0153 0.2466 0.0499
0.7336 -0.2008 -0.5439 -0.3545 0.5844 -0.5632 -0.5144 -0.2771 0.6259 -0.5372 -0.3921 -0.4072 0.8465 0.0716 -0.5195 0.092 0.5004 0.3891 -0.6006 0.4874 0.5402 -0.1032 -0.5956 -0.5854 0.567 0.2133 0.7952 -0.0281 0.4724 0.5918 -0.3195 0.5697 0.4337 -0.4427 -0.6311 -0.4666 0.9677 0.0153 0.2466 0.0499
0.7336 -0.2008 -0.5439 -0.3545 0.5844 -0.5632 -0.5144 -0.2771 0.5677 -0.5587 -0.355 -0.4894 0.8465 0.0716 -0.5195 0.092 0.4734 0.3121 -0.6008 0.5634 0.5402 -0.1032 -0.5956 -0.5854 0.567 0.2133 0.7952 -0.0281 0.4047 0.6306 -0.309 0.5857 0.4337 -0.4427 -0.6311 -0.4666 0.9677 0.0153 0.2466 0.0499
0.7336 -0.2008 -0.5439 -0.3545 0.5844 -0.5632 -0.5144 -0.2771 0.5677 -0.5587 -0.355 -0.4894 0.8465 0.0716 -0.5195 0.092 0.4734 0.3121 -0.6008 0.5634 0.5402 -0.1032 -0.5956 -0.5854 0.567 0.2133 0.7952 -0.0281 0.4047 0.6306 -0.309 0.5857 0.4763 -0.4532 -0.6276 -0.4171 0.9677 0.0153 0.2466 0.0499
0.7336 -0.2008 -0.5439 -0.3545 0.5844 -0.5632 -0.5144 -0.2771 0.5677 -0.5587 -0.355 -0.4894 0.8158 0.1222 -0.5566 -0.0986 0.4734 0.3121 -0.6008 0.5634 0.5402 -0.1032 -0.5956 -0.5854 0.567 0.2133 0.7952 -0.0281 0.4047 0.6306 -0.309 0.5857 0.4763 -0.4532 -0.6276 -0.4171 0.9677 0.0153 0.2466 0.0499
0.7336 -0.2008 -0.5439 -0.3545 0.6077 -0.5541 -0.5042 -0.2635 0.5677 -0.5587 -0.355 -0.4894 0.8158 0.1222 -0.5566 -0.0986 0.4734 0.3121 -0.6008 0.5634 0.5402 -0.1032 -0.5956 -0.5854 0.567 0.2133 0.7952 -0.0281 0.4047 0.6306 -0.309 0.5857 0.4763 -0.4532 -0.6276 -0.4171 0.9677 0.0153 0.2466 0.0499
0.7336 -0.2008 -0.5439 -0.3545 0.6077 -0.5541 -0.5042 -0.2635 0.5677 -0.5587 -0.355 -0.4894 0.8158 0.1222 -0.5566 -0.0986 0.4734 0.3121 -0.6008 0.5634 0.5402 -0.1032 -0.5956 -0.5854 0.567 0.2133 0.7952 -0.0281 0.4047 0.6306 -0.309 0.5857 0.4763 -0.4532 -0.6276 -0.4171 0.9677 0.0153 0.2466 0.0499
0.7403 -0.2104 -0.5163 -0.3756 0.6077 -0.5541 -0.5042 -0.2635 0.5677 -0.5587 -0.355 -0.4894 0.8158 0.1222 -0.5566 -0.0986 0.4734 0.3121 -0.6008 0.5634 0.5402 -0.1032 -0.5956 -0.5854 0.567 0.2133 0.7952 -0.0281 0.4047 0.6306 -0.309 0.5857 0.4763 -0.4532 -0.6276 -0.4171 0.9677 0.0153 0.2466 0.0499
0.7403 -0.2104 -0.5163 -0.3756 0.6077 -0.5541 -0.5042 -0.2635 0.5377 -0.5334 -0.345 -0.5544 0.8158 0.1222 -0.5566 -0.0986 0.4734 0.3121 -0.6008 0.5634 0.5402 -0.1032 -0.5956 -0.5854 0.567 0.2133 0.7952 -0.0281 0.4047 0.6306 -0.309 0.5857 0.4763 -0.4532 -0.6276 -0.4171 0.9677 0.0153 0.2466 0.0499
0.7403 -0.2104 -0.5163 -0.3756 0.6077 -0.5541 -0.5042 -0.2635 0.5377 -0.5334 -0.345 -0.5544 0.8158 0.1222 -0.5566 -0.0986 0.4734 0.3121 -0.6008 0.5634 0.5402 -0.1032 -0.5956 -0.5854 0.567 0.2133 0.7952 -0.0281 0.3268 0.6655 -0.2963 0.6021 0.4763 -0.4532 -0.6276 -0.4171 0.9677 0.0153 0.2466 0.0499
0.7403 -0.2104 -0.5163 -0.3756 0.6077 -0.5541 -0.5042 -0.2635 0.5377 -0.5334 -0.345 -0.5544 0.8158 0.1222 -0.5566 -0.0986 0.4265 0.2749 -0.6056 0.613 0.5402 -0.1032 -0.5956 -0.5854 0.567 0.2133 0.7952 -0.0281 0.3268 0.6655 -0.2963 0.6021 0.4763 -0.4532 -0.6276 -0.4171 0.9677 0.0153 0.2466 0.0499
0.7403 -0.2104 -0.5163 -0.3756 0.6077 -0.5541 -0.5042 -0.2635 0.5377 -0.5334 -0.345 -0.5544 0.8158 0.1222 -0.5566 -0.0986 0.4265 0.2749 -0.6056 0.613 0.5402 -0.1032 -0.5956 -0.5854 0.567 0.2133 0.7952 -0.0281 0.3268 0.6655 -0.2963 0.6021 0.4763 -0.4532 -0.6276 -0.4171 0.9677 0.0153 0.2466 0.0499
0.7403 -0.2104 -0.5163 -0.3756 0.6077 -0.5541 -0.5042 -0.2635 0.5377 -0.5334 -0.345 -0.5544 0.7536 0.2477 -0.5679 -0.2196 0.4265 0.2749 -0.6056 0.613 0.5402 -0.1032 -0.5956 -0.5854 0.8132 0.1837 0.5168 -0.1946 0.3268 0.6655 -0.2963 0.6021 0.5027 -0.4595 -0.6201 -0.3894 0.9677 0.0153 0.2466 0.0499
0.7403 -0.2104 -0.5163 -0.3756 0.6109 -0.5598 -0.4885 -0.2736 0.5377 -0.5334 -0.345 -0.5544 0.7536 0.2477 -0.5679 -0.2196 0.4265 0.2749 -0.6056 0.613 0.5402 -0.1032 -0.5956 -0.5854 0.8132 0.1837 0.5168 -0.1946 0.3268 0.6655 -0.2963 0.6021 0.5027 -0.4595 -0.6201 -0.3894 0.9677 0.0153 0.2466 0.0499
0.7435 -0.2054 -0.5131 -0.3764 0.6109 -0.5598 -0.4885 -0.2736 0.5377 -0.5334 -0.345 -0.5544 0.7536 0.2477 -0.5679 -0.2196 0.4265 0.2749 -0.6056 0.613 0.5402 -0.1032 -0.5956 -0.5854 0.8132 0.1837 0.5168 -0.1946 0.3268 0.6655 -0.2963 0.6021 0.5027 -0.4595 -0.6201 -0.3894 0.9677 0.0153 0.2466 0.0499
0.7435 -0.2054 -0.5131 -0.3764 0.6109 -0.5598 -0.4885 -0.2736 0.5047 -0.527 -0.338 -0.5944 0.7536 0.2477 -0.5679 -0.2196 0.4265 0.2749 -0.6056 0.613 0.5402 -0.1032 -0.5956 -0.5854 0.8132 0.1837 0.5168 -0.1946 0.3268 0.6655 -0.2963 0.6021 0.5027 -0.4595 -0.6201 -0.3894 0.9677 0.0153 0.2466 0.0499
0.7435 -0.2054 -0.5131 -0.3764 0.6109 -0.5598 -0.4885 -0.2736 0.5047 -0.527 -0.338 -0.5944 0.7536 0.2477 -0.5679 -0.2196 0.3605 0.3215 -0.585 0.6514 0.5402 -0.1032 -0.5956 -0.5854 0.8132 0.1837 0.5168 -0.1946 0.3268 0.6655 -0.2963 0.6021 0.5027 -0.4595 -0.6201 -0.3894 0.9677 0.0153 0.2466 0.0499
0.7435 -0.2054 -0.5131 -0.3764 0.6109 -0.5598 -0.4885 -0.2736 0.5047 -0.527 -0.338 -0.5944 0.7536 0.2477 -0.5679 -0.2196 0.3605 0.3215 -0.585 0.6514 0.5402 -0.1032 -0.5956 -0.5854 0.8132 0.1837 0.5168 -0.1946 0.3268 0.6655 -0.2963 0.6021 0.5027 -0.4595 -0.6201 -0.3894 0.9677 0.0153 0.2466 0.0499
0.7435 -0.2054 -0.5131 -0.3764 0.6109 -0.5598 -0.4885 -0.2736 0.5047 -0.527 -0.338 -0.5944 0.7536 0.2477 -0.5679 -0.2196 0.3605 0.3215 -0.585 0.6514 0.5402 -0.1032 -0.5956 -0.5854 0.9273 0.1542 0.3367 -0.0543 0.3268 0.6655 -0.2963 0.6021 0.5027 -0.4595 -0.6201 -0.3894 0.9677 0.0153 0.2466 0.0499
0.7435 -0.2054 -0.5131 -0.3764 0.6108 -0.5577 -0.4895 -0.2762 0.5047 -0.527 -0.338 -0.5944 0.7536 0.2477 -0.5679 -0.2196 0.3605 0.3215 -0.585 0.6514 0.5402 -0.1032 -0.5956 -0.5854 0.9273 0.1542 0.3367 -0.0543 0.3268 0.6655 -0.2963 0.6021 0.5027 -0.4595 -0.6201 -0.3894 0.9677 0.0153 0.2466 0.0499
0.7435 -0.2054 -0.5131 -0.3764 0.6108 -0.5577 -0.4895 -0.2762 0.5047 -0.527 -0.338 -0.5944 0.7536 0.2477 -0.5679 -0.2196 0.3605 0.3215 -0.585 0.6514 0.5402 -0.1032 -0.5956 -0.5854 0.9273 0.1542 0.3367 -0.0543 0.3268 0.6655 -0.2963 0.6021 0.5027 -0.4595 -0.6201 -0.3894 0.9677 0.0153 0.2466 0.0499
0.7396 -0.2105 -0.5155 -0.3781 0.6108 -0.5577 -0.4895 -0.2762 0.5047 -0.527 -0.338 -0.5944 0.7536 0.2477 -0.5679 -0.2196 0.3605 0.3215 -0.585 0.6514 0.5402 -0.1032 -0.5956 -0.5854 0.9273 0.1542 0.3367 -0.0543 0.3268 0.6655 -0.2963 0.6021 0.5027 -0.4595 -0.6201 -0.3894 0.9677 0.0153 0.2466 0.0499
0.7396 -0.2105 -0.5155 -0.3781 0.6108 -0.5577 -0.4895 -0.2762 0.5047 -0.527 -0.338 -0.5944 0.7536 0.2477 -0.5679 -0.2196 0.3605 0.3215 -0.585 0.6514 0.5402 -0.1032 -0.5956 -0.5854 0.9273 0.1542 0.3367 -0.0543 0.3268 0.6655 -0.2963 0.6021 0.5027 -0.4595 -0.6201 -0.3894 0.9677 0.0153 0.2466 0.0499
0.7396 -0.2105 -0.5155 -0.3781 0.6108 -0.5577 -0.4895 -0.2762 0.5106 -0.5256 -0.3416 -0.5886 0.7536 0.2477 -0.5679 -0.2196 0.3605 0.3215 -0.585 0.6514 0.5402 -0.1032 -0.5956 -0.5854 0.9273 0.1542 0.3367 -0.0543 0.2187 0.6882 -0.265 0.639 0.5027 -0.4595 -0.6201 -0.3894 0.9677 0.0153 0.2466 0.0499
0.7396 -0.2105 -0.5155 -0.3781 0.6108 -0.5577 -0.4895 -0.2762 0.5106 -0.5256 -0.3416 -0.5886 0.7536 0.2477 -0.5679 -0.2196 0.3605 0.3215 -0.585 0.6514 0.5402 -0.1032 -0.5956 -0.5854 0.9273 0.1542 0.3367 -0.0543 0.2187 0.6882 -0.265 0.639 0.5027 -0.4595 -0.6201 -0.3894 0.9677 0.0153 0.2466 0.0499
0.7396 -0.2105 -0.5155 -0.3781 0.6108 -0.5577 -0.4895 -0.2762 0.5106 -0.5256 -0.3416 -0.5886 0.7536 0.2477 -0.5679 -0.2196 0.3605 0.3215 -0.585 0.6514 0.5402 -0.1032 -0.5956 -0.5854 0.9273 0.1542 0.3367 -0.0543 0.2187 0.6882 -0.265 0.639 0.5027 -0.4595 -0.6201 -0.3894 0.9677 0.0153 0.2466 0.0499
0.7396 -0.2105 -0.5155 -0.3781 0.6049 -0.555 -0.5029 -0.2704 0.5106 -0.5256 -0.3416 -0.5886 0.6763 0.2699 -0.5839 -0.359 0.3221 0.3624 -0.58 0.6546 0.5402 -0.1032 -0.5956 -0.5854 0.9622 0.189 0.1947 -0.0219 0.2187 0.6882 -0.265 0.639 0.5718 -0.4906 -0.5675 -0.332 0.9189 -0.0059 0.3936 0.0261
0.7396 -0.2105 -0.5155 -0.3781 0.6049 -0.555 -0.5029 -0.2704 0.5106 -0.5256 -0.3416 -0.5886 0.6763 0.2699 -0.5839 -0.359 0.3221 0.3624 -0.58 0.6546 0.5402 -0.1032 -0.5956 -0.5854 0.9622 0.189 0.1947 -0.0219 0.2187 0.6882 -0.265 0.639 0.5718 -0.4906 -0.5675 -0.332 0.9189 -0.0059 0.3936 0.0261
0.7335 -0.2182 -0.5214 -0.3776 0.6049 -0.555 -0.5029 -0.2704 0.5106 -0.5256 -0.3416 -0.5886 0.6763 0.2699 -0.5839 -0.359 0.3221 0.3624 -0.58 0.6546 0.5402 -0.1032 -0.5956 -0.5854 0.9622 0.189 0.1947 -0.0219 0.2187 0.6882 -0.265 0.639 0.5718 -0.4906 -0.5675 -0.332 0.9189 -0.0059 0.3936 0.0261
0.7335 -0.2182 -0.5214 -0.3776 0.6049 -0.555 -0.5029 -0.2704 0.5453 -0.5108 -0.3847 -0.5419 0.6763 0.2699 -0.5839 -0.359 0.3221 0.3624 -0.58 0.6546 0.5402 -0.1032 -0.5956 -0.5854 0.9622 0.189 0.1947 -0.0219 0.2187 0.6882 -0.265 0.639 0.5718 -0.4906 -0.5675 -0.332 0.9189 -0.0059 0.3936 0.0261
0.7335 -0.2182 -0.5214 -0.3776 0.6049 -0.555 -0.5029 -0.2704 0.5453 -0.5108 -0.3847 -0.5419 0.6763 0.2699 -0.5839 -0.359 0.3221 0.3624 -0.58 0.6546 0.5402 -0.1032 -0.5956 -0.5854 0.9622 0.189 0.1947 -0.0219 0.1921 0.6785 -0.2521 0.6627 0.5718 -0.4906 -0.5675 -0.332 0.9189 -0.0059 0.3936 0.0261
0.7335 -0.2182 -0.5214 -0.3776 0.6049 -0.555 -0.5029 -0.2704 0.5453 -0.5108 -0.3847 -0.5419 0.6763 0.2699 -0.5839 -0.359 0.3066 0.3848 -0.5825 0.647 0.5402 -0.1032 -0.5956 -0.5854 0.9622 0.189 0.1947 -0.0219 0.1921 0.6785 -0.2521 0.6627 0.5718 -0.4906 -0.5675 -0.332 0.9189 -0.0059 0.3936 0.0261
0.7335 -0.2182 -0.5214 -0.3776 0.6049 -0.555 -0.5029 -0.2704 0.5453 -0.5108 -0.3847 -0.5419 0.6763 0.2699 -0.5839 -0.359 0.3066 0.3848 -0.5825 0.647 0.5402 -0.1032 -0.5956 -0.5854 0.9622 0.189 0.1947 -0.0219 0.1921 0.6785 -0.2521 0.6627 0.5718 -0.4906 -0.5675 -0.332 0.9189 -0.0059 0.3936 0.0261
0.7335 -0.2182 -0.5214 -0.3776 0.6049 -0.555 -0.5029 -0.2704 0.5453 -0.5108 -0.3847 -0.5419 0.6763 0.2699 -0.5839 -0.359 0.3066 0.3848 -0.5825 0.647 0.5402 -0.1032 -0.5956 -0.5854 0.9622 0.189 0.1947 -0.0219 0.1921 0.6785 -0.2521 0.6627 0.5718 -0.4906 -0.5675 -0.332 0.9189 -0.0059 0.3936 0.0261
0.7335 -0.2182 -0.5214 -0.3776 0.6017 -0.5482 -0.5186 -0.2617 0.5453 -0.5108 -0.3847 -0.5419 0.7275 0.2067 -0.607 -0.2443 0.3066 0.3848 -0.5825 0.647 0.7202 -0.3599 -0.5621 -0.1895 0.9558 0.1196 0.2684 -0.0106 0.1921 0.6785 -0.2521 0.6627 0.6155 -0.5074 -0.5276 -0.2921 0.8872 -0.032 0.4602 0.0031
0.7435 -0.2081 -0.5245 -0.3589 0.6017 -0.5482 -0.5186 -0.2617 0.5453 -0.5108 -0.3847 -0.5419 0.7275 0.2067 -0.607 -0.2443 0.3066 0.3848 -0.5825 0.647 0.7202 -0.3599 -0.5621 -0.1895 0.9558 0.1196 0.2684 -0.0106 0.1921 0.6785 -0.2521 0.6627 0.6155 -0.5074 -0.5276 -0.2921 0.8872 -0.032 0.4602 0.0031
0.7435 -0.2081 -0.5245 -0.3589 0.6017 -0.5482 -0.5186 -0.2617 0.5721 -0.499 -0.4281 -0.4904 0.7275 0.2067 -0.607 -0.2443 0.3066 0.3848 -0.5825 0.647 0.7202 -0.3599 -0.5621 -0.1895 0.9558 0.1196 0.2684 -0.0106 0.1921 0.6785 -0.2521 0.6627 0.6155 -0.5074 -0.5276 -0.2921 0.8872 -0.032 0.4602 0.0031
0.7435 -0.2081 -0.5245 -0.3589 0.6017 -0.5482 -0.5186 -0.2617 0.5721 -0.499 -0.4281 -0.4904 0.7275 0.2067 -0.607 -0.2443 0.2949 0.4006 -0.5844 0.6411 0.7202 -0.3599 -0.5621 -0.1895 0.9558 0.1196 0.2684 -0.0106 0.1915 0.652 -0.2371 0.6942 0.6155 -0.5074 -0.5276 -0.2921 0.8872 -0.032 0.4602 0.0031
0.7435 -0.2081 -0.5245 -0.3589 0.6017 -0.5482 -0.5186 -0.2617 0.5721 -0.499 -0.4281 -0.4904 0.7275 0.2067 -0.607 -0.2443 0.2949 0.4006 -0.5844 0.6411 0.7202 -0.3599 -0.5621 -0.1895 0.9558 0.1196 0.2684 -0.0106 0.1915 0.652 -0.2371 0.6942 0.6155 -0.5074 -0.5276 -0.2921 0.8872 -0.032 0.4602 0.0031
0.7435 -0.2081 -0.5245 -0.3589 0.6017 -0.5482 -0.5186 -0.2617 0.5721 -0.499 -0.4281 -0.4904 0.7275 0.2067 -0.607 -0.2443 0.2949 0.4006 -0.5844 0.6411 0.7202 -0.3599 -0.5621 -0.1895 0.9558 0.1196 0.2684 -0.0106 0.1915 0.652 -0.2371 0.6942 0.6155 -0.5074 -0.5276 -0.2921 0.8872 -0.032 0.4602 0.0031
0.7435 -0.2081 -0.5245 -0.3589 0.6017 -0.5482 -0.5186 -0.2617 0.5721 -0.499 -0.4281 -0.4904 0.8029 0.1421 -0.5786 -0.0193 0.2949 0.4006 -0.5844 0.6411 0.7054 -0.2925 -0.6088 -0.2148 0.9371 0.0555 0.3416 -0.0458 0.1915 0.652 -0.2371 0.6942 0.6739 -0.5135 -0.4761 -0.2357 0.8872 -0.032 0.4602 0.0031
0.7435 -0.2081 -0.5245 -0.3589 0.6017 -0.5482 -0.5186 -0.2617 0.5721 -0.499 -0.4281 -0.4904 0.8029 0.1421 -0.5786 -0.0193 0.2949 0.4006 -0.5844 0.6411 0.7054 -0.2925 -0.6088 -0.2148 0.9371 0.0555 0.3416 -0.0458 0.1915 0.652 -0.2371 0.6942 0.6739 -0.5135 -0.4761 -0.2357 0.8872 -0.032 0.4602 0.0031
0.7435 -0.2081 -0.5245 -0.3589 0.6017 -0.5482 -0.5186 -0.2617 0.5721 -0.499 -0.4281 -0.4904 0.8029 0.1421 -0.5786 -0.0193 0.2949 0.4006 -0.5844 0.6411 0.7054 -0.2925 -0.6088 -0.2148 0.9371 0.0555 0.3416 -0.0458 0.1915 0.652 -0.2371 0.6942 0.6739 -0.5135 -0.4761 -0.2357 0.8872 -0.032 0.4602 0.0031
0.7435 -0.2081 -0.5245 -0.3589 0.6017 -0.5482 -0.5186 -0.2617 0.5721 -0.499 -0.4281 -0.4904 0.8029 0.1421 -0.5786 -0.0193 0.2949 0.4006 -0.5844 0.6411 0.7054 -0.2925 -0.6088 -0.2148 0.9371 0.0555 0.3416 -0.0458 0.1915 0.652 -0.2371 0.6942 0.6739 -0.5135 -0.4761 -0.2357 0.8872 -0.032 0.4602 0.0031
0.77 -0.1829 -0.511 -0.3353 0.6017 -0.5482 -0.5186 -0.2617 0.5952 -0.4968 -0.4642 -0.4283 0.8029 0.1421 -0.5786 -0.0193 0.3086 0.4155 -0.597 0.6129 0.7054 -0.2925 -0.6088 -0.2148 0.9371 0.0555 0.3416 -0.0458 0.2119 0.6102 -0.2086 0.7343 0.6739 -0.5135 -0.4761 -0.2357 0.8872 -0.032 0.4602 0.0031
0.77 -0.1829 -0.511 -0.3353 0.6017 -0.5482 -0.5186 -0.2617 0.5952 -0.4968 -0.4642 -0.4283 0.8029 0.1421 -0.5786 -0.0193 0.3086 0.4155 -0.597 0.6129 0.7054 -0.2925 -0.6088 -0.2148 0.9371 0.0555 0.3416 -0.0458 0.2119 0.6102 -0.2086 0.7343 0.6739 -0.5135 -0.4761 -0.2357 0.8872 -0.032 0.4602 0.0031
0.77 -0.1829 -0.511 -0.3353 0.6017 -0.5482 -0.5186 -0.2617 0.5952 -0.4968 -0.4642 -0.4283 0.8268 0.1347 -0.5291 0.1349 0.3086 0.4155 -0.597 0.6129 0.7054 -0.2925 -0.6088 -0.2148 0.9316 0.0628 0.3556 -0.0419 0.2119 0.6102 -0.2086 0.7343 0.7559 -0.4623 -0.441 -0.1429 0.8872 -0.032 0.4602 0.0031
0.77 -0.1829 -0.511 -0.3353 0.6017 -0.5482 -0.5186 -0.2617 0.5952 -0.4968 -0.4642 -0.4283 0.8268 0.1347 -0.5291 0.1349 0.3086 0.4155 -0.597 0.6129 0.7054 -0.2925 -0.6088 -0.2148 0.9316 0.0628 0.3556 -0.0419 0.2119 0.6102 -0.2086 0.7343 0.7559 -0.4623 -0.441 -0.1429 0.8872 -0.032 0.4602 0.0031
0.77 -0.1829 -0.511 -0.3353 0.6017 -0.5482 -0.5186 -0.2617 0.5952 -0.4968 -0.4642 -0.4283 0.8268 0.1347 -0.5291 0.1349 0.3086 0.4155 -0.597 0.6129 0.7054 -0.2925 -0.6088 -0.2148 0.9316 0.0628 0.3556 -0.0419 0.2119 0.6102 -0.2086 0.7343 0.7559 -0.4623 -0.441 -0.1429 0.8872 -0.032 0.4602 0.0031
0.804 -0.1673 -0.4795 -0.3093 0.6017 -0.5482 -0.5186 -0.2617 0.5952 -0.4968 -0.4642 -0.4283 0.8268 0.1347 -0.5291 0.1349 0.3086 0.4155 -0.597 0.6129 0.7054 -0.2925 -0.6088 -0.2148 0.9316 0.0628 0.3556 -0.0419 0.2119 0.6102 -0.2086 0.7343 0.7559 -0.4623 -0.441 -0.1429 0.8872 -0.032 0.4602 0.0031
0.804 -0.1673 -0.4795 -0.3093 0.6017 -0.5482 -0.5186 -0.2617 0.6221 -0.493 -0.4609 -0.3969 0.8268 0.1347 -0.5291 0.1349 0.3086 0.4155 -0.597 0.6129 0.7054 -0.2925 -0.6088 -0.2148 0.9316 0.0628 0.3556 -0.0419 0.2119 0.6102 -0.2086 0.7343 0.7559 -0.4623 -0.441 -0.1429 0.8872 -0.032 0.4602 0.0031
0.804 -0.1673 -0.4795 -0.3093 0.6017 -0.5482 -0.5186 -0.2617 0.6221 -0.493 -0.4609 -0.3969 0.8268 0.1347 -0.5291 0.1349 0.3086 0.4155 -0.597 0.6129 0.7054 -0.2925 -0.6088 -0.2148 0.9316 0.0628 0.3556 -0.0419 0.2414 0.5825 -0.1682 0.7577 0.7559 -0.4623 -0.441 -0.1429 0.8872 -0.032 0.4602 0.0031
0.804 -0.1673 -0.4795 -0.3093 0.6017 -0.5482 -0.5186 -0.2617 0.6221 -0.493 -0.4609 -0.3969 0.8268 0.1347 -0.5291 0.1349 0.2944 0.4027 -0.5953 0.6299 0.7054 -0.2925 -0.6088 -0.2148 0.9316 0.0628 0.3556 -0.0419 0.2414 0.5825 -0.1682 0.7577 0.7559 -0.4623 -0.441 -0.1429 0.8872 -0.032 0.4602 0.0031
0.804 -0.1673 -0.4795 -0.3093 0.6017 -0.5482 -0.5186 -0.2617 0.6221 -0.493 -0.4609 -0.3969 0.8268 0.1347 -0.5291 0.1349 0.2944 0.4027 -0.5953 0.6299 0.7054 -0.2925 -0.6088 -0.2148 0.9316 0.0628 0.3556 -0.0419 0.2414 0.5825 -0.1682 0.7577 0.8279 -0.3676 -0.4208 -0.0487 0.8872 -0.032 0.4602 0.0031
0.804 -0.1673 -0.4795 -0.3093 0.6017 -0.5482 -0.5186 -0.2617 0.6221 -0.493 -0.4609 -0.3969 0.8268 0.1347 -0.5291 0.1349 0.2944 0.4027 -0.5953 0.6299 0.7054 -0.2925 -0.6088 -0.2148 0.9316 0.0628 0.3556 -0.0419 0.2414 0.5825 -0.1682 0.7577 0.8279 -0.3676 -0.4208 -0.0487 0.457 -0.1904 0.8588 0.1315
0.804 -0.1673 -0.4795 -0.3093 0.6017 -0.5482 -0.5186 -0.2617 0.6221 -0.493 -0.4609 -0.3969 0.8268 0.1347 -0.5291 0.1349 0.2944 0.4027 -0.5953 0.6299 0.7054 -0.2925 -0.6088 -0.2148 0.9316 0.0628 0.3556 -0.0419 0.2414 0.5825 -0.1682 0.7577 0.8279 -0.3676 -0.4208 -0.0487 0.457 -0.1904 0.8588 0.1315
0.8243 -0.1927 -0.4549 -0.2764 0.6017 -0.5482 -0.5186 -0.2617 0.6221 -0.493 -0.4609 -0.3969 0.8268 0.1347 -0.5291 0.1349 0.2944 0.4027 -0.5953 0.6299 0.7054 -0.2925 -0.6088 -0.2148 0.9316 0.0628 0.3556 -0.0419 0.2414 0.5825 -0.1682 0.7577 0.8279 -0.3676 -0.4208 -0.0487 0.457 -0.1904 0.8588 0.1315
0.8243 -0.1927 -0.4549 -0.2764 0.6017 -0.5482 -0.5186 -0.2617 0.5811 -0.5146 -0.4498 -0.442 0.8268 0.1347 -0.5291 0.1349 0.2944 0.4027 -0.5953 0.6299 0.7054 -0.2925 -0.6088 -0.2148 0.9316 0.0628 0.3556 -0.0419 0.2414 0.5825 -0.1682 0.7577 0.8279 -0.3676 -0.4208 -0.0487 0.457 -0.1904 0.8588 0.1315
0.8243 -0.1927 -0.4549 -0.2764 0.6017 -0.5482 -0.5186 -0.2617 0.5811 -0.5146 -0.4498 -0.442 0.8268 0.1347 -0.5291 0.1349 0.2944 0.4027 -0.5953 0.6299 0.7054 -0.2925 -0.6088 -0.2148 0.9316 0.0628 0.3556 -0.0419 0.2942 0.5619 -0.1871 0.7502 0.8279 -0.3676 -0.4208 -0.0487 0.457 -0.1904 0.8588 0.1315
0.8243 -0.1927 -0.4549 -0.2764 0.6017 -0.5482 -0.5186 -0.2617 0.5811 -0.5146 -0.4498 -0.442 0.8268 0.1347 -0.5291 0.1349 0.3009 0.393 -0.6051 0.6236 0.7054 -0.2925 -0.6088 -0.2148 0.9316 0.0628 0.3556 -0.0419 0.2942 0.5619 -0.1871 0.7502 0.8279 -0.3676 -0.4208 -0.0487 0.457 -0.1904 0.8588 0.1315
0.8243 -0.1927 -0.4549 -0.2764 0.6017 -0.5482 -0.5186 -0.2617 0.5811 -0.5146 -0.4498 -0.442 0.8268 0.1347 -0.5291 0.1349 0.3009 0.393 -0.6051 0.6236 0.7054 -0.2925 -0.6088 -0.2148 0.9316 0.0628 0.3556 -0.0419 0.2942 0.5619 -0.1871 0.7502 0.8279 -0.3676 -0.4208 -0.0487 0.457 -0.1904 0.8588 0.1315
0.8243 -0.1927 -0.4549 -0.2764 0.6017 -0.5482 -0.5186 -0.2617 0.5811 -0.5146 -0.4498 -0.442 0.8268 0.1347 -0.5291 0.1349 0.3009 0.393 -0.6051 0.6236 0.7054 -0.2925 -0.6088 -0.2148 0.9316 0.0628 0.3556 -0.0419 0.2942 0.5619 -0.1871 0.7502 0.8279 -0.3676 -0.4208 -0.0487 0.457 -0.1904 0.8588 0.1315
0.8288 -0.1825 -0.4656 -0.2511 0.6017 -0.5482 -0.5186 -0.2617 0.5811 -0.5146 -0.4498 -0.442 0.8268 0.1347 -0.5291 0.1349 0.3009 0.393 -0.6051 0.6236 0.6252 -0.1805 -0.6921 -0.3123 0.9316 0.0628 0.3556 -0.0419 0.2942 0.5619 -0.1871 0.7502 0.8279 -0.3676 -0.4208 -0.0487 0.457 -0.1904 0.8588 0.1315
0.8288 -0.1825 -0.4656 -0.2511 0.6017 -0.5482 -0.5186 -0.2617 0.5811 -0.5146 -0.4498 -0.442 0.8268 0.1347 -0.5291 0.1349 0.3009 0.393 -0.6051 0.6236 0.6252 -0.1805 -0.6921 -0.3123 0.9316 0.0628 0.3556 -0.0419 0.2942 0.5619 -0.1871 0.7502 0.8279 -0.3676 -0.4208 -0.0487 0.457 -0.1904 0.8588 0.1315
0.8288 -0.1825 -0.4656 -0.2511 0.6017 -0.5482 -0.5186 -0.2617 0.5316 -0.5165 -0.4419 -0.5052 0.8268 0.1347 -0.5291 0.1349 0.3009 0.393 -0.6051 0.6236 0.6252 -0.1805 -0.6921 -0.3123 0.9316 0.0628 0.3556 -0.0419 0.2942 0.5619 -0.1871 0.7502 0.8279 -0.3676 -0.4208 -0.0487 0.457 -0.1904 0.8588 0.1315
0.8288 -0.1825 -0.4656 -0.2511 0.6017 -0.5482 -0.5186 -0.2617 0.5316 -0.5165 -0.4419 -0.5052 0.8268 0.1347 -0.5291 0.1349 0.3009 0.393 -0.6051 0.6236 0.6252 -0.1805 -0.6921 -0.3123 0.9316 0.0628 0.3556 -0.0419 0.3077 0.5735 -0.2141 0.7284 0.8279 -0.3676 -0.4208 -0.0487 0.457 -0.1904 0.8588 0.1315
0.8288 -0.1825 -0.4656 -0.2511 0.6017 -0.5482 -0.5186 -0.2617 0.5316 -0.5165 -0.4419 -0.5052 0.8268 0.1347 -0.5291 0.1349 0.319 0.3962 -0.6182 0.5992 0.6252 -0.1805 -0.6921 -0.3123 0.9316 0.0628 0.3556 -0.0419 0.3077 0.5735 -0.2141 0.7284 0.8279 -0.3676 -0.4208 -0.0487 0.457 -0.1904 0.8588 0.1315
0.8288 -0.1825 -0.4656 -0.2511 0.6017 -0.5482 -0.5186 -0.2617 0.5316 -0.5165 -0.4419 -0.5052 0.8268 0.1347 -0.5291 0.1349 0.319 0.3962 -0.6182 0.5992 0.6252 -0.1805 -0.6921 -0.3123 0.9316 0.0628 0.3556 -0.0419 0.3077 0.5735 -0.2141 0.7284 0.8279 -0.3676 -0.4208 -0.0487 0.457 -0.1904 0.8588 0.1315
0.8288 -0.1825 -0.4656 -0.2511 0.6425 -0.5388 -0.5423 -0.0533 0.5316 -0.5165 -0.4419 -0.5052 0.8268 0.1347 -0.5291 0.1349 0.319 0.3962 -0.6182 0.5992 0.6194 -0.1805 -0.6926 -0.3226 0.9316 0.0628 0.3556 -0.0419 0.3077 0.5735 -0.2141 0.7284 0.8558 -0.3297 -0.3957 -0.0476 0.457 -0.1904 0.8588 0.1315
0.8288 -0.1825 -0.4656 -0.2511 0.6425 -0.5388 -0.5423 -0.0533 0.5316 -0.5165 -0.4419 -0.5052 0.8268 0.1347 -0.5291 0.1349 0.319 0.3962 -0.6182 0.5992 0.6194 -0.1805 -0.6926 -0.3226 0.9316 0.0628 0.3556 -0.0419 0.3077 0.5735 -0.2141 0.7284 0.8558 -0.3297 -0.3957 -0.0476 0.457 -0.1904 0.8588 0.1315
0.8181 -0.1863 -0.4623 -0.287 0.6425 -0.5388 -0.5423 -0.0533 0.5316 -0.5165 -0.4419 -0.5052 0.8268 0.1347 -0.5291 0.1349 0.319 0.3962 -0.6182 0.5992 0.6194 -0.1805 -0.6926 -0.3226 0.9316 0.0628 0.3556 -0.0419 0.3077 0.5735 -0.2141 0.7284 0.8558 -0.3297 -0.3957 -0.0476 0.457 -0.1904 0.8588 0.1315
0.8181 -0.1863 -0.4623 -0.287 0.6425 -0.5388 -0.5423 -0.0533 0.4972 -0.5223 -0.418 -0.5525 0.8268 0.1347 -0.5291 0.1349 0.319 0.3962 -0.6182 0.5992 0.6194 -0.1805 -0.6926 -0.3226 0.9316 0.0628 0.3556 -0.0419 0.3077 0.5735 -0.2141 0.7284 0.8558 -0.3297 -0.3957 -0.0476 0.457 -0.1904 0.8588 0.1315
0.8181 -0.1863 -0.4623 -0.287 0.6425 -0.5388 -0.5423 -0.0533 0.4972 -0.5223 -0.418 -0.5525 0.8268 0.1347 -0.5291 0.1349 0.319 0.3962 -0.6182 0.5992 0.6194 -0.1805 -0.6926 -0.3226 0.9316 0.0628 0.3556 -0.0419 0.3092 0.562 -0.2609 0.7214 0.8558 -0.3297 -0.3957 -0.0476 0.457 -0.1904 0.8588 0.1315
0.8181 -0.1863 -0.4623 -0.287 0.6425 -0.5388 -0.5423 -0.0533 0.4972 -0.5223 -0.418 -0.5525 0.8268 0.1347 -0.5291 0.1349 0.3355 0.4146 -0.6195 0.576 0.6194 -0.1805 -0.6926 -0.3226 0.9316 0.0628 0.3556 -0.0419 0.3092 0.562 -0.2609 0.7214 0.8558 -0.3297 -0.3957 -0.0476 0.457 -0.1904 0.8588 0.1315
0.8181 -0.1863 -0.4623 -0.287 0.6425 -0.5388 -0.5423 -0.0533 0.4972 -0.5223 -0.418 -0.5525 0.8268 0.1347 -0.5291 0.1349 0.3355 0.4146 -0.6195 0.576 0.6194 -0.1805 -0.6926 -0.3226 0.9316 0.0628 0.3556 -0.0419 0.3092 0.562 -0.2609 0.7214 0.8558 -0.3297 -0.3957 -0.0476 0.457 -0.1904 0.8588 0.1315
0.8181 -0.1863 -0.4623 -0.287 0.6188 -0.5457 -0.5607 -0.0696 0.4972 -0.5223 -0.418 -0.5525 0.8268 0.1347 -0.5291 0.1349 0.3355 0.4146 -0.6195 0.576 0.6194 -0.1805 -0.6926 -0.3226 0.9316 0.0628 0.3556 -0.0419 0.3092 0.562 -0.2609 0.7214 0.8558 -0.3297 -0.3957 -0.0476 0.3662 -0.1736 0.9033 0.1407
0.8181 -0.1863 -0.4623 -0.287 0.6188 -0.5457 -0.5607 -0.0696 0.4972 -0.5223 -0.418 -0.5525 0.8268 0.1347 -0.5291 0.1349 0.3355 0.4146 -0.6195 0.576 0.6194 -0.1805 -0.6926 -0.3226 0.9316 0.0628 0.3556 -0.0419 0.3092 0.562 -0.2609 0.7214 0.8558 -0.3297 -0.3957 -0.0476 0.3662 -0.1736 0.9033 0.1407
0.8004 -0.189 -0.4771 -0.3098 0.6188 -0.5457 -0.5607 -0.0696 0.4972 -0.5223 -0.418 -0.5525 0.8268 0.1347 -0.5291 0.1349 0.3355 0.4146 -0.6195 0.576 0.6194 -0.1805 -0.6926 -0.3226 0.9316 0.0628 0.3556 -0.0419 0.3092 0.562 -0.2609 0.7214 0.8558 -0.3297 -0.3957 -0.0476 0.3662 -0.1736 0.9033 0.1407
0.8004 -0.189 -0.4771 -0.3098 0.6188 -0.5457 -0.5607 -0.0696 0.483 -0.5316 -0.3996 -0.5696 0.8268 0.1347 -0.5291 0.1349 0.3355 0.4146 -0.6195 0.576 0.6194 -0.1805 -0.6926 -0.3226 0.9316 0.0628 0.3556 -0.0419 0.3092 0.562 -0.2609 0.7214 0.8558 -0.3297 -0.3957 -0.0476 0.3662 -0.1736 0.9033 0.1407
0.8004 -0.189 -0.4771 -0.3098 0.6188 -0.5457 -0.5607 -0.0696 0.483 -0.5316 -0.3996 -0.5696 0.8268 0.1347 -0.5291 0.1349 0.3355 0.4146 -0.6195 0.576 0.6194 -0.1805 -0.6926 -0.3226 0.9316 0.0628 0.3556 -0.0419 0.2972 0.5573 -0.2787 0.7234 0.8558 -0.3297 -0.3957 -0.0476 0.3662 -0.1736 0.9033 0.1407
0.8004 -0.189 -0.4771 -0.3098 0.6188 -0.5457 -0.5607 -0.0696 0.483 -0.5316 -0.3996 -0.5696 0.8268 0.1347 -0.5291 0.1349 0.353 0.4244 -0.6196 0.5579 0.6194 -0.1805 -0.6926 -0.3226 0.9316 0.0628 0.3556 -0.0419 0.2972 0.5573 -0.2787 0.7234 0.8558 -0.3297 -0.3957 -0.0476 0.3662 -0.1736 0.9033 0.1407
0.8004 -0.189 -0.4771 -0.3098 0.6188 -0.5457 -0.5607 -0.0696 0.483 -0.5316 -0.3996 -0.5696 0.8268 0.1347 -0.5291 0.1349 0.353 0.4244 -0.6196 0.5579 0.6194 -0.1805 -0.6926 -0.3226 0.9316 0.0628 0.3556 -0.0419 0.2972 0.5573 -0.2787 0.7234 0.8558 -0.3297 -0.3957 -0.0476 0.3662 -0.1736 0.9033 0.1407
0.8004 -0.189 -0.4771 -0.3098 0.6126 -0.5485 -0.5579 -0.1123 0.483 -0.5316 -0.3996 -0.5696 0.6413 0.2831 -0.6305 -0.3333 0.353 0.4244 -0.6196 0.5579 0.6229 -0.1954 -0.6736 -0.3466 0.9316 0.0628 0.3556 -0.0419 0.2972 0.5573 -0.2787 0.7234 0.8419 -0.3453 -0.4045 -0.0911 0.3662 -0.1736 0.9033 0.1407
0.8004 -0.189 -0.4771 -0.3098 0.6126 -0.5485 -0.5579 -0.1123 0.483 -0.5316 -0.3996 -0.5696 0.6413 0.2831 -0.6305 -0.3333 0.353 0.4244 -0.6196 0.5579 0.6229 -0.1954 -0.6736 -0.3466 0.9316 0.0628 0.3556 -0.0419 0.2972 0.5573 -0.2787 0.7234 0.8419 -0.3453 -0.4045 -0.0911 0.3662 -0.1736 0.9033 0.1407
0.7874 -0.1879 -0.4985 -0.3102 0.6126 -0.5485 -0.5579 -0.1123 0.483 -0.5316 -0.3996 -0.5696 0.6413 0.2831 -0.6305 -0.3333 0.353 0.4244 -0.6196 0.5579 0.6229 -0.1954 -0.6736 -0.3466 0.9316 0.0628 0.3556 -0.0419 0.2972 0.5573 -0.2787 0.7234 0.8419 -0.3453 -0.4045 -0.0911 0.3662 -0.1736 0.9033 0.1407
0.7874 -0.1879 -0.4985 -0.3102 0.6126 -0.5485 -0.5579 -0.1123 0.4946 -0.5438 -0.3801 -0.5613 0.6413 0.2831 -0.6305 -0.3333 0.353 0.4244 -0.6196 0.5579 0.6229 -0.1954 -0.6736 -0.3466 0.9316 0.0628 0.3556 -0.0419 0.2972 0.5573 -0.2787 0.7234 0.8419 -0.3453 -0.4045 -0.0911 0.3662 -0.1736 0.9033 0.1407
0.7874 -0.1879 -0.4985 -0.3102 0.6126 -0.5485 -0.5579 -0.1123 0.4946 -0.5438 -0.3801 -0.5613 0.6413 0.2831 -0.6305 -0.3333 0.3674 0.427 -0.6185 0.5479 0.6229 -0.1954 -0.6736 -0.3466 0.9316 0.0628 0.3556 -0.0419 0.2992 0.5494 -0.2835 0.7269 0.8419 -0.3453 -0.4045 -0.0911 0.3662 -0.1736 0.9033 0.1407
0.7874 -0.1879 -0.4985 -0.3102 0.6126 -0.5485 -0.5579 -0.1123 0.4946 -0.5438 -0.3801 -0.5613 0.6413 0.2831 -0.6305 -0.3333 0.3674 0.427 -0.6185 0.5479 0.6229 -0.1954 -0.6736 -0.3466 0.9316 0.0628 0.3556 -0.0419 0.2992 0.5494 -0.2835 0.7269 0.8419 -0.3453 -0.4045 -0.0911 0.3662 -0.1736 0.9033 0.1407
0.7874 -0.1879 -0.4985 -0.3102 0.6126 -0.5485 -0.5579 -0.1123 0.4946 -0.5438 -0.3801 -0.5613 0.6413 0.2831 -0.6305 -0.3333 0.3674 0.427 -0.6185 0.5479 0.6229 -0.1954 -0.6736 -0.3466 0.9316 0.0628 0.3556 -0.0419 0.2992 0.5494 -0.2835 0.7269 0.8419 -0.3453 -0.4045 -0.0911 0.3662 -0.1736 0.9033 0.1407
0.7874 -0.1879 -0.4985 -0.3102 0.6126 -0.5485 -0.5579 -0.1123 0.4946 -0.5438 -0.3801 -0.5613 0.6413 0.2831 -0.6305 -0.3333 0.3674 0.427 -0.6185 0.5479 0.621 -0.2002 -0.6608 -0.3709 0.9316 0.0628 0.3556 -0.0419 0.2992 0.5494 -0.2835 0.7269 0.8419 -0.3453 -0.4045 -0.0911 0.3662 -0.1736 0.9033 0.1407
0.7874 -0.1879 -0.4985 -0.3102 0.6126 -0.5485 -0.5579 -0.1123 0.4946 -0.5438 -0.3801 -0.5613 0.6413 0.2831 -0.6305 -0.3333 0.3674 0.427 -0.6185 0.5479 0.621 -0.2002 -0.6608 -0.3709 0.9316 0.0628 0.3556 -0.0419 0.2992 0.5494 -0.2835 0.7269 0.8419 -0.3453 -0.4045 -0.0911 0.3662 -0.1736 0.9033 0.1407
0.7805 -0.1827 -0.5178 -0.299 0.6126 -0.5485 -0.5579 -0.1123 0.4946 -0.5438 -0.3801 -0.5613 0.6413 0.2831 -0.6305 -0.3333 0.3674 0.427 -0.6185 0.5479 0.621 -0.2002 -0.6608 -0.3709 0.9316 0.0628 0.3556 -0.0419 0.2992 0.5494 -0.2835 0.7269 0.8419 -0.3453 -0.4045 -0.0911 0.3662 -0.1736 0.9033 0.1407
0.7805 -0.1827 -0.5178 -0.299 0.6126 -0.5485 -0.5579 -0.1123 0.5449 -0.5394 -0.3864 -0.5127 0.6413 0.2831 -0.6305 -0.3333 0.3674 0.427 -0.6185 0.5479 0.621 -0.2002 -0.6608 -0.3709 0.9316 0.0628 0.3556 -0.0419 0.2992 0.5494 -0.2835 0.7269 0.8419 -0.3453 -0.4045 -0.0911 0.3662 -0.1736 0.9033 0.1407
0.7805 -0.1827 -0.5178 -0.299 0.6126 -0.5485 -0.5579 -0.1123 0.5449 -0.5394 -0.3864 -0.5127 0.6413 0.2831 -0.6305 -0.3333 0.3674 0.427 -0.6185 0.5479 0.621 -0.2002 -0.6608 -0.3709 0.9316 0.0628 0.3556 -0.0419 0.3319 0.5357 -0.2835 0.7228 0.8419 -0.3453 -0.4045 -0.0911 0.3662 -0.1736 0.9033 0.1407
0.7805 -0.1827 -0.5178 -0.299 0.6126 -0.5485 -0.5579 -0.1123 0.5449 -0.5394 -0.3864 -0.5127 0.6413 0.2831 -0.6305 -0.3333 0.3856 0.4224 -0.6201 0.5369 0.621 -0.2002 -0.6608 -0.3709 0.9316 0.0628 0.3556 -0.0419 0.3319 0.5357 -0.2835 0.7228 0.8419 -0.3453 -0.4045 -0.0911 0.3662 -0.1736 0.9033 0.1407
0.7805 -0.1827 -0.5178 -0.299 0.6126 -0.5485 -0.5579 -0.1123 0.5449 -0.5394 -0.3864 -0.5127 0.713 0.212 -0.624 -0.2393 0.3856 0.4224 -0.6201 0.5369 0.621 -0.2002 -0.6608 -0.3709 0.9316 0.0628 0.3556 -0.0419 0.3319 0.5357 -0.2835 0.7228 0.8123 -0.3615 -0.4203 -0.1813 0.3662 -0.1736 0.9033 0.1407
0.7805 -0.1827 -0.5178 -0.299 0.6126 -0.5485 -0.5579 -0.1123 0.5449 -0.5394 -0.3864 -0.5127 0.713 0.212 -0.624 -0.2393 0.3856 0.4224 -0.6201 0.5369 0.621 -0.2002 -0.6608 -0.3709 0.9316 0.0628 0.3556 -0.0419 0.3319 0.5357 -0.2835 0.7228 0.8123 -0.3615 -0.4203 -0.1813 0.3662 -0.1736 0.9033 0.1407
0.7805 -0.1827 -0.5178 -0.299 0.6126 -0.5485 -0.5579 -0.1123 0.5449 -0.5394 -0.3864 -0.5127 0.713 0.212 -0.624 -0.2393 0.3856 0.4224 -0.6201 0.5369 0.621 -0.2002 -0.6608 -0.3709 0.9316 0.0628 0.3556 -0.0419 0.3319 0.5357 -0.2835 0.7228 0.8123 -0.3615 -0.4203 -0.1813 0.3662 -0.1736 0.9033 0.1407
0.7805 -0.1827 -0.5178 -0.299 0.6126 -0.5485 -0.5579 -0.1123 0.5449 -0.5394 -0.3864 -0.5127 0.713 0.212 -0.624 -0.2393 0.3856 0.4224 -0.6201 0.5369 0.621 -0.2002 -0.6608 -0.3709 0.9316 0.0628 0.3556 -0.0419 0.3319 0.5357 -0.2835 0.7228 0.8123 -0.3615 -0.4203 -0.1813 0.3662 -0.1736 0.9033 0.1407
0.7737 -0.1754 -0.5385 -0.2841 0.6126 -0.5485 -0.5579 -0.1123 0.6017 -0.5267 -0.3953 -0.452 0.713 0.212 -0.624 -0.2393 0.3856 0.4224 -0.6201 0.5369 0.621 -0.2002 -0.6608 -0.3709 0.9316 0.0628 0.3556 -0.0419 0.3319 0.5357 -0.2835 0.7228 0.8123 -0.3615 -0.4203 -0.1813 0.3662 -0.1736 0.9033 0.1407
0.7737 -0.1754 -0.5385 -0.2841 0.6126 -0.5485 -0.5579 -0.1123 0.6017 -0.5267 -0.3953 -0.452 0.713 0.212 -0.624 -0.2393 0.4046 0.4412 -0.6154 0.5128 0.621 -0.2002 -0.6608 -0.3709 0.9316 0.0628 0.3556 -0.0419 0.3909 0.5257 -0.28 0.7017 0.8123 -0.3615 -0.4203 -0.1813 0.3662 -0.1736 0.9033 0.1407
0.7737 -0.1754 -0.5385 -0.2841 0.6126 -0.5485 -0.5579 -0.1123 0.6017 -0.5267 -0.3953 -0.452 0.713 0.212 -0.624 -0.2393 0.4046 0.4412 -0.6154 0.5128 0.621 -0.2002 -0.6608 -0.3709 0.9316 0.0628 0.3556 -0.0419 0.3909 0.5257 -0.28 0.7017 0.8123 -0.3615 -0.4203 -0.1813 0.3662 -0.1736 0.9033 0.1407
0.7737 -0.1754 -0.5385 -0.2841 0.6126 -0.5485 -0.5579 -0.1123 0.6017 -0.5267 -0.3953 -0.452 0.7746 0.1707 -0.5981 -0.1144 0.4046 0.4412 -0.6154 0.5128 0.621 -0.2002 -0.6608 -0.3709 0.882 0.0984 0.4592 -0.0403 0.3909 0.5257 -0.28 0.7017 0.7337 -0.3734 -0.4946 -0.2787 0.3662 -0.1736 0.9033 0.1407
0.7737 -0.1754 -0.5385 -0.2841 0.6126 -0.5485 -0.5579 -0.1123 0.6017 -0.5267 -0.3953 -0.452 0.7746 0.1707 -0.5981 -0.1144 0.4046 0.4412 -0.6154 0.5128 0.621 -0.2002 -0.6608 -0.3709 0.882 0.0984 0.4592 -0.0403 0.3909 0.5257 -0.28 0.7017 0.7337 -0.3734 -0.4946 -0.2787 0.3662 -0.1736 0.9033 0.1407
0.7737 -0.1754 -0.5385 -0.2841 0.596 -0.5162 -0.5983 -0.1426 0.6017 -0.5267 -0.3953 -0.452 0.7746 0.1707 -0.5981 -0.1144 0.4046 0.4412 -0.6154 0.5128 0.631 -0.2025 -0.6423 -0.3851 0.882 0.0984 0.4592 -0.0403 0.3909 0.5257 -0.28 0.7017 0.7337 -0.3734 -0.4946 -0.2787 0.3662 -0.1736 0.9033 0.1407
0.769 -0.1571 -0.5576 -0.2703 0.596 -0.5162 -0.5983 -0.1426 0.6017 -0.5267 -0.3953 -0.452 0.7746 0.1707 -0.5981 -0.1144 0.4046 0.4412 -0.6154 0.5128 0.631 -0.2025 -0.6423 -0.3851 0.882 0.0984 0.4592 -0.0403 0.3909 0.5257 -0.28 0.7017 0.7337 -0.3734 -0.4946 -0.2787 0.3662 -0.1736 0.9033 0.1407
0.769 -0.1571 -0.5576 -0.2703 0.596 -0.5162 -0.5983 -0.1426 0.6314 -0.5206 -0.3975 -0.4149 0.7746 0.1707 -0.5981 -0.1144 0.4046 0.4412 -0.6154 0.5128 0.631 -0.2025 -0.6423 -0.3851 0.882 0.0984 0.4592 -0.0403 0.3909 0.5257 -0.28 0.7017 0.7337 -0.3734 -0.4946 -0.2787 0.3662 -0.1736 0.9033 0.1407
0.769 -0.1571 -0.5576 -0.2703 0.596 -0.5162 -0.5983 -0.1426 0.6314 -0.5206 -0.3975 -0.4149 0.7746 0.1707 -0.5981 -0.1144 0.4046 0.4412 -0.6154 0.5128 0.631 -0.2025 -0.6423 -0.3851 0.882 0.0984 0.4592 -0.0403 0.4466 0.5218 -0.2925 0.6653 0.7337 -0.3734 -0.4946 -0.2787 0.3662 -0.1736 0.9033 0.1407
0.769 -0.1571 -0.5576 -0.2703 0.596 -0.5162 -0.5983 -0.1426 0.6314 -0.5206 -0.3975 -0.4149 0.7746 0.1707 -0.5981 -0.1144 0.4224 0.4443 -0.61 0.502 0.631 -0.2025 -0.6423 -0.3851 0.882 0.0984 0.4592 -0.0403 0.4466 0.5218 -0.2925 0.6653 0.7337 -0.3734 -0.4946 -0.2787 0.3662 -0.1736 0.9033 0.1407
0.769 -0.1571 -0.5576 -0.2703 0.596 -0.5162 -0.5983 -0.1426 0.6314 -0.5206 -0.3975 -0.4149 0.822 0.1178 -0.5568 0.0211 0.4224 0.4443 -0.61 0.502 0.631 -0.2025 -0.6423 -0.3851 0.882 0.0984 0.4592 -0.0403 0.4466 0.5218 -0.2925 0.6653 0.7337 -0.3734 -0.4946 -0.2787 0.3662 -0.1736 0.9033 0.1407
0.769 -0.1571 -0.5576 -0.2703 0.596 -0.5162 -0.5983 -0.1426 0.6314 -0.5206 -0.3975 -0.4149 0.822 0.1178 -0.5568 0.0211 0.4224 0.4443 -0.61 0.502 0.6365 -0.1953 -0.6328 -0.3955 0.882 0.0984 0.4592 -0.0403 0.4466 0.5218 -0.2925 0.6653 0.5649 -0.3909 -0.5875 -0.4278 0.9275 0.0259 0.3562 0.1107
0.769 -0.1571 -0.5576 -0.2703 0.596 -0.5162 -0.5983 -0.1426 0.6314 -0.5206 -0.3975 -0.4149 0.822 0.1178 -0.5568 0.0211 0.4224 0.4443 -0.61 0.502 0.6365 -0.1953 -0.6328 -0.3955 0.882 0.0984 0.4592 -0.0403 0.4466 0.5218 -0.2925 0.6653 0.5649 -0.3909 -0.5875 -0.4278 0.9275 0.0259 0.3562 0.1107
0.7663 -0.1426 -0.5672 -0.266 0.596 -0.5162 -0.5983 -0.1426 0.6314 -0.5206 -0.3975 -0.4149 0.822 0.1178 -0.5568 0.0211 0.4224 0.4443 -0.61 0.502 0.6365 -0.1953 -0.6328 -0.3955 0.882 0.0984 0.4592 -0.0403 0.4466 0.5218 -0.2925 0.6653 0.5649 -0.3909 -0.5875 -0.4278 0.9275 0.0259 0.3562 0.1107
0.7663 -0.1426 -0.5672 -0.266 0.596 -0.5162 -0.5983 -0.1426 0.633 -0.5285 -0.4001 -0.3998 0.822 0.1178 -0.5568 0.0211 0.4224 0.4443 -0.61 0.502 0.6365 -0.1953 -0.6328 -0.3955 0.882 0.0984 0.4592 -0.0403 0.4466 0.5218 -0.2925 0.6653 0.5649 -0.3909 -0.5875 -0.4278 0.9275 0.0259 0.3562 0.1107
0.7663 -0.1426 -0.5672 -0.266 0.596 -0.5162 -0.5983 -0.1426 0.633 -0.5285 -0.4001 -0.3998 0.822 0.1178 -0.5568 0.0211 0.4224 0.4443 -0.61 0.502 0.6365 -0.1953 -0.6328 -0.3955 0.882 0.0984 0.4592 -0.0403 0.4323 0.5579 -0.3143 0.6349 0.5649 -0.3909 -0.5875 -0.4278 0.9275 0.0259 0.3562 0.1107
0.7663 -0.1426 -0.5672 -0.266 0.596 -0.5162 -0.5983 -0.1426 0.633 -0.5285 -0.4001 -0.3998 0.822 0.1178 -0.5568 0.0211 0.4391 0.4482 -0.5991 0.4973 0.6365 -0.1953 -0.6328 -0.3955 0.882 0.0984 0.4592 -0.0403 0.4323 0.5579 -0.3143 0.6349 0.5649 -0.3909 -0.5875 -0.4278 0.9275 0.0259 0.3562 0.1107
