rt-uaw rt-uax rt-uay rt-uaz rt-faw rt-fax rt-fay rt-faz rt-thw rt-thx rt-thy rt-thz rt-llw rt-llx rt-lly rt-llz rt-ftw rt-ftx rt-fty rt-ftz lt-uaw lt-uax lt-uay lt-uaz lt-faw lt-fax lt-fay lt-faz lt-thw lt-thx lt-thy lt-thz lt-llw lt-llx lt-lly lt-llz lt-ftw lt-ftx lt-fty lt-ftz 
-0.8037 0.4115 0.4294 0.0183 -0.3939 0.639 0.0508 -0.6587 -0.7296 0.1573 0.6489 0.1481 -0.7827 -0.1507 0.6037 -0.0122 -0.6825 -0.1733 0.6561 -0.2715 -0.779 -0.0817 0.6072 0.1332 -0.8804 -0.0333 -0.4694 0.0591 -0.6684 0.0358 0.7424 -0.028 -0.6646 0.2172 0.7012 0.1393 -0.9475 -0.031 -0.3175 -0.0207
-0.8038 0.4026 0.4372 0.0265 -0.3939 0.639 0.0508 -0.6587 -0.7296 0.1573 0.6489 0.1481 -0.7783 -0.152 0.6086 -0.0239 -0.6825 -0.1733 0.6561 -0.2715 -0.779 -0.0817 0.6072 0.1332 -0.8804 -0.0333 -0.4694 0.0591 -0.6684 0.0358 0.7424 -0.028 -0.6646 0.2172 0.7012 0.1393 -0.9478 -0.0311 -0.3167 -0.0206
-0.8038 0.4026 0.4372 0.0265 -0.3939 0.639 0.0508 -0.6587 -0.7296 0.1573 0.6489 0.1481 -0.7783 -0.152 0.6086 -0.0239 -0.6825 -0.1733 0.6561 -0.2715 -0.779 -0.0817 0.6072 0.1332 -0.8804 -0.0333 -0.4694 0.0591 -0.6684 0.0358 0.7424 -0.028 -0.6646 0.2172 0.7012 0.1393 -0.9478 -0.0311 -0.3167 -0.0206
-0.8038 0.4026 0.4372 0.0265 -0.3939 0.639 0.0508 -0.6587 -0.7296 0.1573 0.6489 0.1481 -0.7783 -0.152 0.6086 -0.0239 -0.6825 -0.1733 0.6561 -0.2715 -0.779 -0.0817 0.6072 0.1332 -0.8804 -0.0333 -0.4694 0.0591 -0.6684 0.0358 0.7424 -0.028 -0.6646 0.2172 0.7012 0.1393 -0.9478 -0.0311 -0.3167 -0.0206
-0.8038 0.4026 0.4372 0.0265 -0.3939 0.639 0.0508 -0.6587 -0.7272 0.1674 0.65 0.1436 -0.7783 -0.152 0.6086 -0.0239 -0.6819 -0.1742 0.6551 -0.2746 -0.779 -0.0817 0.6072 0.1332 -0.8804 -0.0333 -0.4694 0.0591 -0.6685 0.0352 0.7423 -0.03 -0.6635 0.2121 0.7036 0.1406 -0.9478 -0.0311 -0.3167 -0.0206
-0.8038 0.4026 0.4372 0.0265 -0.3939 0.639 0.0508 -0.6587 -0.7272 0.1674 0.65 0.1436 -0.7783 -0.152 0.6086 -0.0239 -0.6819 -0.1742 0.6551 -0.2746 -0.7792 -0.0834 0.6074 0.1304 -0.8804 -0.0333 -0.4694 0.0591 -0.6685 0.0352 0.7423 -0.03 -0.6635 0.2121 0.7036 0.1406 -0.9478 -0.0311 -0.3167 -0.0206
-0.8038 0.4026 0.4372 0.0265 -0.3939 0.639 0.0508 -0.6587 -0.7272 0.1674 0.65 0.1436 -0.7783 -0.152 0.6086 -0.0239 -0.6819 -0.1742 0.6551 -0.2746 -0.7792 -0.0834 0.6074 0.1304 -0.882 -0.0321 -0.4663 0.06 -0.6685 0.0352 0.7423 -0.03 -0.6635 0.2121 0.7036 0.1406 -0.9478 -0.0311 -0.3167 -0.0206
-0.8038 0.4026 0.4372 0.0265 -0.3917 0.6462 0.058 -0.6525 -0.7272 0.1674 0.65 0.1436 -0.7783 -0.152 0.6086 -0.0239 -0.6819 -0.1742 0.6551 -0.2746 -0.7792 -0.0834 0.6074 0.1304 -0.882 -0.0321 -0.4663 0.06 -0.6685 0.0352 0.7423 -0.03 -0.6635 0.2121 0.7036 0.1406 -0.9478 -0.0311 -0.3167 -0.0206
-0.8051 0.393 0.4434 0.03 -0.3917 0.6462 0.058 -0.6525 -0.7272 0.1674 0.65 0.1436 -0.7769 -0.1459 0.6118 -0.0303 -0.6819 -0.1742 0.6551 -0.2746 -0.7792 -0.0834 0.6074 0.1304 -0.882 -0.0321 -0.4663 0.06 -0.6685 0.0352 0.7423 -0.03 -0.6635 0.2121 0.7036 0.1406 -0.9482 -0.0312 -0.3156 -0.0206
-0.8051 0.393 0.4434 0.03 -0.3917 0.6462 0.058 -0.6525 -0.7251 0.175 0.6511 0.1401 -0.7769 -0.1459 0.6118 -0.0303 -0.6819 -0.1742 0.6551 -0.2746 -0.7792 -0.0834 0.6074 0.1304 -0.882 -0.0321 -0.4663 0.06 -0.6685 0.0352 0.7423 -0.03 -0.6635 0.2121 0.7036 0.1406 -0.9482 -0.0312 -0.3156 -0.0206
-0.8051 0.393 0.4434 0.03 -0.3917 0.6462 0.058 -0.6525 -0.7251 0.175 0.6511 0.1401 -0.7769 -0.1459 0.6118 -0.0303 -0.6819 -0.1742 0.6551 -0.2746 -0.7792 -0.0834 0.6074 0.1304 -0.882 -0.0321 -0.4663 0.06 -0.6718 0.0317 0.7395 -0.0289 -0.6618 0.2115 0.7053 0.1411 -0.9482 -0.0312 -0.3156 -0.0206
-0.8051 0.393 0.4434 0.03 -0.3917 0.6462 0.058 -0.6525 -0.7251 0.175 0.6511 0.1401 -0.7769 -0.1459 0.6118 -0.0303 -0.6819 -0.1742 0.6551 -0.2746 -0.7792 -0.0834 0.6074 0.1304 -0.882 -0.0321 -0.4663 0.06 -0.6718 0.0317 0.7395 -0.0289 -0.6618 0.2115 0.7053 0.1411 -0.9482 -0.0312 -0.3156 -0.0206
-0.8051 0.393 0.4434 0.03 -0.3917 0.6462 0.058 -0.6525 -0.7251 0.175 0.6511 0.1401 -0.7769 -0.1459 0.6118 -0.0303 -0.6819 -0.1742 0.6551 -0.2746 -0.7792 -0.0834 0.6074 0.1304 -0.882 -0.0321 -0.4663 0.06 -0.6718 0.0317 0.7395 -0.0289 -0.6618 0.2115 0.7053 0.1411 -0.9482 -0.0312 -0.3156 -0.0206
-0.8051 0.393 0.4434 0.03 -0.3917 0.6462 0.058 -0.6525 -0.7251 0.175 0.6511 0.1401 -0.7769 -0.1459 0.6118 -0.0303 -0.6819 -0.1742 0.6551 -0.2746 -0.7792 -0.0834 0.6074 0.1304 -0.8822 -0.033 -0.466 0.059 -0.6718 0.0317 0.7395 -0.0289 -0.6618 0.2115 0.7053 0.1411 -0.9482 -0.0312 -0.3156 -0.0206
-0.8051 0.393 0.4434 0.03 -0.3907 0.6496 0.0669 -0.6488 -0.7251 0.175 0.6511 0.1401 -0.7769 -0.1459 0.6118 -0.0303 -0.6819 -0.1742 0.6551 -0.2746 -0.7792 -0.0834 0.6074 0.1304 -0.8822 -0.033 -0.466 0.059 -0.6718 0.0317 0.7395 -0.0289 -0.6618 0.2115 0.7053 0.1411 -0.9482 -0.0312 -0.3156 -0.0206
-0.8078 0.3845 0.4459 0.0298 -0.3907 0.6496 0.0669 -0.6488 -0.7251 0.175 0.6511 0.1401 -0.7753 -0.1436 0.6141 -0.0356 -0.6819 -0.1742 0.6551 -0.2746 -0.7792 -0.0834 0.6074 0.1304 -0.8822 -0.033 -0.466 0.059 -0.6718 0.0317 0.7395 -0.0289 -0.6618 0.2115 0.7053 0.1411 -0.9482 -0.0312 -0.3156 -0.0206
-0.8078 0.3845 0.4459 0.0298 -0.3907 0.6496 0.0669 -0.6488 -0.7236 0.1784 0.6527 0.1361 -0.7753 -0.1436 0.6141 -0.0356 -0.6819 -0.1742 0.6551 -0.2746 -0.7792 -0.0834 0.6074 0.1304 -0.8822 -0.033 -0.466 0.059 -0.6718 0.0317 0.7395 -0.0289 -0.6618 0.2115 0.7053 0.1411 -0.9487 -0.0312 -0.3139 -0.0204
-0.8078 0.3845 0.4459 0.0298 -0.3907 0.6496 0.0669 -0.6488 -0.7236 0.1784 0.6527 0.1361 -0.7753 -0.1436 0.6141 -0.0356 -0.6844 -0.1722 0.6495 -0.2833 -0.7792 -0.0834 0.6074 0.1304 -0.8822 -0.033 -0.466 0.059 -0.676 0.0269 0.7358 -0.0313 -0.6614 0.214 0.7048 0.1412 -0.9487 -0.0312 -0.3139 -0.0204
-0.8078 0.3845 0.4459 0.0298 -0.3907 0.6496 0.0669 -0.6488 -0.7236 0.1784 0.6527 0.1361 -0.7753 -0.1436 0.6141 -0.0356 -0.6844 -0.1722 0.6495 -0.2833 -0.7752 -0.0861 0.6102 0.139 -0.8822 -0.033 -0.466 0.059 -0.676 0.0269 0.7358 -0.0313 -0.6614 0.214 0.7048 0.1412 -0.9487 -0.0312 -0.3139 -0.0204
-0.8078 0.3845 0.4459 0.0298 -0.3907 0.6496 0.0669 -0.6488 -0.7236 0.1784 0.6527 0.1361 -0.7753 -0.1436 0.6141 -0.0356 -0.6844 -0.1722 0.6495 -0.2833 -0.7752 -0.0861 0.6102 0.139 -0.8822 -0.033 -0.466 0.059 -0.676 0.0269 0.7358 -0.0313 -0.6614 0.214 0.7048 0.1412 -0.9487 -0.0312 -0.3139 -0.0204
-0.8078 0.3845 0.4459 0.0298 -0.3907 0.6496 0.0669 -0.6488 -0.7236 0.1784 0.6527 0.1361 -0.7753 -0.1436 0.6141 -0.0356 -0.6844 -0.1722 0.6495 -0.2833 -0.7752 -0.0861 0.6102 0.139 -0.8817 -0.0358 -0.4671 0.056 -0.676 0.0269 0.7358 -0.0313 -0.6614 0.214 0.7048 0.1412 -0.9487 -0.0312 -0.3139 -0.0204
-0.8078 0.3845 0.4459 0.0298 -0.3907 0.6496 0.0669 -0.6488 -0.7236 0.1784 0.6527 0.1361 -0.7753 -0.1436 0.6141 -0.0356 -0.6844 -0.1722 0.6495 -0.2833 -0.7752 -0.0861 0.6102 0.139 -0.8817 -0.0358 -0.4671 0.056 -0.676 0.0269 0.7358 -0.0313 -0.6614 0.214 0.7048 0.1412 -0.9487 -0.0312 -0.3139 -0.0204
-0.8078 0.3845 0.4459 0.0298 -0.3907 0.6496 0.0669 -0.6488 -0.7236 0.1784 0.6527 0.1361 -0.7753 -0.1436 0.6141 -0.0356 -0.6844 -0.1722 0.6495 -0.2833 -0.7752 -0.0861 0.6102 0.139 -0.8817 -0.0358 -0.4671 0.056 -0.676 0.0269 0.7358 -0.0313 -0.6614 0.214 0.7048 0.1412 -0.9487 -0.0312 -0.3139 -0.0204
-0.8108 0.3763 0.4474 0.0303 -0.3904 0.6527 0.075 -0.6449 -0.7227 0.1784 0.6539 0.1351 -0.7745 -0.1461 0.614 -0.0441 -0.6844 -0.1722 0.6495 -0.2833 -0.7752 -0.0861 0.6102 0.139 -0.8817 -0.0358 -0.4671 0.056 -0.676 0.0269 0.7358 -0.0313 -0.6614 0.214 0.7048 0.1412 -0.9487 -0.031 -0.3141 -0.0203
-0.8108 0.3763 0.4474 0.0303 -0.3904 0.6527 0.075 -0.6449 -0.7227 0.1784 0.6539 0.1351 -0.7745 -0.1461 0.614 -0.0441 -0.6844 -0.1722 0.6495 -0.2833 -0.7752 -0.0861 0.6102 0.139 -0.8817 -0.0358 -0.4671 0.056 -0.676 0.0269 0.7358 -0.0313 -0.6614 0.214 0.7048 0.1412 -0.9487 -0.031 -0.3141 -0.0203
-0.8108 0.3763 0.4474 0.0303 -0.3904 0.6527 0.075 -0.6449 -0.7227 0.1784 0.6539 0.1351 -0.7745 -0.1461 0.614 -0.0441 -0.6844 -0.1722 0.6495 -0.2833 -0.7752 -0.0861 0.6102 0.139 -0.8817 -0.0358 -0.4671 0.056 -0.6834 0.0214 0.7289 -0.0335 -0.6686 0.2142 0.6989 0.1365 -0.9487 -0.031 -0.3141 -0.0203
-0.8108 0.3763 0.4474 0.0303 -0.3904 0.6527 0.075 -0.6449 -0.7227 0.1784 0.6539 0.1351 -0.7745 -0.1461 0.614 -0.0441 -0.6844 -0.1722 0.6495 -0.2833 -0.7709 -0.0999 0.6116 0.1467 -0.8817 -0.0358 -0.4671 0.056 -0.6834 0.0214 0.7289 -0.0335 -0.6686 0.2142 0.6989 0.1365 -0.9487 -0.031 -0.3141 -0.0203
-0.8108 0.3763 0.4474 0.0303 -0.3904 0.6527 0.075 -0.6449 -0.7227 0.1784 0.6539 0.1351 -0.7745 -0.1461 0.614 -0.0441 -0.6844 -0.1722 0.6495 -0.2833 -0.7709 -0.0999 0.6116 0.1467 -0.881 -0.037 -0.4686 0.0533 -0.6834 0.0214 0.7289 -0.0335 -0.6686 0.2142 0.6989 0.1365 -0.9487 -0.031 -0.3141 -0.0203
-0.8108 0.3763 0.4474 0.0303 -0.3926 0.6516 0.0807 -0.6441 -0.7227 0.1784 0.6539 0.1351 -0.7745 -0.1461 0.614 -0.0441 -0.6844 -0.1722 0.6495 -0.2833 -0.7709 -0.0999 0.6116 0.1467 -0.881 -0.037 -0.4686 0.0533 -0.6834 0.0214 0.7289 -0.0335 -0.6686 0.2142 0.6989 0.1365 -0.9487 -0.031 -0.3141 -0.0203
-0.8108 0.3763 0.4474 0.0303 -0.3926 0.6516 0.0807 -0.6441 -0.7227 0.1784 0.6539 0.1351 -0.7745 -0.1461 0.614 -0.0441 -0.6844 -0.1722 0.6495 -0.2833 -0.7709 -0.0999 0.6116 0.1467 -0.881 -0.037 -0.4686 0.0533 -0.6834 0.0214 0.7289 -0.0335 -0.6686 0.2142 0.6989 0.1365 -0.9487 -0.031 -0.3141 -0.0203
-0.8145 0.3716 0.4448 0.0284 -0.3926 0.6516 0.0807 -0.6441 -0.7267 0.1743 0.6514 0.1307 -0.778 -0.1473 0.6083 -0.0544 -0.6844 -0.1722 0.6495 -0.2833 -0.7709 -0.0999 0.6116 0.1467 -0.881 -0.037 -0.4686 0.0533 -0.6834 0.0214 0.7289 -0.0335 -0.6686 0.2142 0.6989 0.1365 -0.9479 -0.031 -0.3163 -0.0204
-0.8145 0.3716 0.4448 0.0284 -0.3926 0.6516 0.0807 -0.6441 -0.7267 0.1743 0.6514 0.1307 -0.778 -0.1473 0.6083 -0.0544 -0.684 -0.1633 0.6474 -0.2937 -0.7709 -0.0999 0.6116 0.1467 -0.881 -0.037 -0.4686 0.0533 -0.6892 0.0155 0.7228 -0.0472 -0.682 0.2095 0.6891 0.1274 -0.9479 -0.031 -0.3163 -0.0204
-0.8145 0.3716 0.4448 0.0284 -0.3926 0.6516 0.0807 -0.6441 -0.7267 0.1743 0.6514 0.1307 -0.778 -0.1473 0.6083 -0.0544 -0.684 -0.1633 0.6474 -0.2937 -0.7645 -0.1132 0.6154 0.155 -0.881 -0.037 -0.4686 0.0533 -0.6892 0.0155 0.7228 -0.0472 -0.682 0.2095 0.6891 0.1274 -0.9479 -0.031 -0.3163 -0.0204
-0.8145 0.3716 0.4448 0.0284 -0.3926 0.6516 0.0807 -0.6441 -0.7267 0.1743 0.6514 0.1307 -0.778 -0.1473 0.6083 -0.0544 -0.684 -0.1633 0.6474 -0.2937 -0.7645 -0.1132 0.6154 0.155 -0.881 -0.037 -0.4686 0.0533 -0.6892 0.0155 0.7228 -0.0472 -0.682 0.2095 0.6891 0.1274 -0.9479 -0.031 -0.3163 -0.0204
-0.8145 0.3716 0.4448 0.0284 -0.3926 0.6516 0.0807 -0.6441 -0.7267 0.1743 0.6514 0.1307 -0.778 -0.1473 0.6083 -0.0544 -0.684 -0.1633 0.6474 -0.2937 -0.7645 -0.1132 0.6154 0.155 -0.8817 -0.0377 -0.4677 0.0502 -0.6892 0.0155 0.7228 -0.0472 -0.682 0.2095 0.6891 0.1274 -0.9479 -0.031 -0.3163 -0.0204
-0.8145 0.3716 0.4448 0.0284 -0.3926 0.6516 0.0807 -0.6441 -0.7267 0.1743 0.6514 0.1307 -0.778 -0.1473 0.6083 -0.0544 -0.684 -0.1633 0.6474 -0.2937 -0.7645 -0.1132 0.6154 0.155 -0.8817 -0.0377 -0.4677 0.0502 -0.6892 0.0155 0.7228 -0.0472 -0.682 0.2095 0.6891 0.1274 -0.9479 -0.031 -0.3163 -0.0204
-0.8148 0.3745 0.4418 0.0272 -0.3959 0.6479 0.08 -0.6458 -0.7328 0.1608 0.6506 0.118 -0.7806 -0.158 0.6002 -0.074 -0.684 -0.1633 0.6474 -0.2937 -0.7645 -0.1132 0.6154 0.155 -0.8817 -0.0377 -0.4677 0.0502 -0.6892 0.0155 0.7228 -0.0472 -0.682 0.2095 0.6891 0.1274 -0.9468 -0.0314 -0.3197 -0.0212
-0.8148 0.3745 0.4418 0.0272 -0.3959 0.6479 0.08 -0.6458 -0.7328 0.1608 0.6506 0.118 -0.7806 -0.158 0.6002 -0.074 -0.684 -0.1633 0.6474 -0.2937 -0.7645 -0.1132 0.6154 0.155 -0.8817 -0.0377 -0.4677 0.0502 -0.6892 0.0155 0.7228 -0.0472 -0.682 0.2095 0.6891 0.1274 -0.9468 -0.0314 -0.3197 -0.0212
-0.8148 0.3745 0.4418 0.0272 -0.3959 0.6479 0.08 -0.6458 -0.7328 0.1608 0.6506 0.118 -0.7806 -0.158 0.6002 -0.074 -0.6808 -0.1555 0.6559 -0.2865 -0.7645 -0.1132 0.6154 0.155 -0.8817 -0.0377 -0.4677 0.0502 -0.697 0.0133 0.7155 -0.045 -0.6954 0.2164 0.6749 0.1189 -0.9468 -0.0314 -0.3197 -0.0212
-0.8148 0.3745 0.4418 0.0272 -0.3959 0.6479 0.08 -0.6458 -0.7328 0.1608 0.6506 0.118 -0.7806 -0.158 0.6002 -0.074 -0.6808 -0.1555 0.6559 -0.2865 -0.7545 -0.1339 0.6254 0.1475 -0.8817 -0.0377 -0.4677 0.0502 -0.697 0.0133 0.7155 -0.045 -0.6954 0.2164 0.6749 0.1189 -0.9468 -0.0314 -0.3197 -0.0212
-0.8148 0.3745 0.4418 0.0272 -0.3959 0.6479 0.08 -0.6458 -0.7328 0.1608 0.6506 0.118 -0.7806 -0.158 0.6002 -0.074 -0.6808 -0.1555 0.6559 -0.2865 -0.7545 -0.1339 0.6254 0.1475 -0.8817 -0.0377 -0.4677 0.0502 -0.697 0.0133 0.7155 -0.045 -0.6954 0.2164 0.6749 0.1189 -0.9468 -0.0314 -0.3197 -0.0212
-0.8148 0.3745 0.4418 0.0272 -0.3959 0.6479 0.08 -0.6458 -0.7328 0.1608 0.6506 0.118 -0.7806 -0.158 0.6002 -0.074 -0.6808 -0.1555 0.6559 -0.2865 -0.7545 -0.1339 0.6254 0.1475 -0.8774 -0.0223 -0.4766 0.0491 -0.697 0.0133 0.7155 -0.045 -0.6954 0.2164 0.6749 0.1189 -0.9468 -0.0314 -0.3197 -0.0212
-0.8148 0.3745 0.4418 0.0272 -0.3959 0.6479 0.08 -0.6458 -0.7328 0.1608 0.6506 0.118 -0.7806 -0.158 0.6002 -0.074 -0.6808 -0.1555 0.6559 -0.2865 -0.7545 -0.1339 0.6254 0.1475 -0.8774 -0.0223 -0.4766 0.0491 -0.697 0.0133 0.7155 -0.045 -0.6954 0.2164 0.6749 0.1189 -0.9468 -0.0314 -0.3197 -0.0212
-0.8148 0.3745 0.4418 0.0272 -0.3959 0.6479 0.08 -0.6458 -0.7328 0.1608 0.6506 0.118 -0.7806 -0.158 0.6002 -0.074 -0.6808 -0.1555 0.6559 -0.2865 -0.7545 -0.1339 0.6254 0.1475 -0.8774 -0.0223 -0.4766 0.0491 -0.697 0.0133 0.7155 -0.045 -0.6954 0.2164 0.6749 0.1189 -0.9468 -0.0314 -0.3197 -0.0212
-0.8125 0.3798 0.4417 0.0224 -0.3936 0.6449 0.0759 -0.6507 -0.7393 0.1377 0.6497 0.1117 -0.7832 -0.173 0.5895 -0.0958 -0.6808 -0.1555 0.6559 -0.2865 -0.7545 -0.1339 0.6254 0.1475 -0.8774 -0.0223 -0.4766 0.0491 -0.697 0.0133 0.7155 -0.045 -0.6954 0.2164 0.6749 0.1189 -0.9374 -0.0349 -0.346 -0.0159
-0.8125 0.3798 0.4417 0.0224 -0.3936 0.6449 0.0759 -0.6507 -0.7393 0.1377 0.6497 0.1117 -0.7832 -0.173 0.5895 -0.0958 -0.673 -0.1457 0.6732 -0.2695 -0.7545 -0.1339 0.6254 0.1475 -0.8774 -0.0223 -0.4766 0.0491 -0.7219 -0.0051 0.6918 -0.0139 -0.7186 0.2446 0.6461 0.08 -0.9374 -0.0349 -0.346 -0.0159
-0.8125 0.3798 0.4417 0.0224 -0.3936 0.6449 0.0759 -0.6507 -0.7393 0.1377 0.6497 0.1117 -0.7832 -0.173 0.5895 -0.0958 -0.673 -0.1457 0.6732 -0.2695 -0.7456 -0.1486 0.6356 0.1346 -0.8774 -0.0223 -0.4766 0.0491 -0.7219 -0.0051 0.6918 -0.0139 -0.7186 0.2446 0.6461 0.08 -0.9374 -0.0349 -0.346 -0.0159
-0.8125 0.3798 0.4417 0.0224 -0.3936 0.6449 0.0759 -0.6507 -0.7393 0.1377 0.6497 0.1117 -0.7832 -0.173 0.5895 -0.0958 -0.673 -0.1457 0.6732 -0.2695 -0.7456 -0.1486 0.6356 0.1346 -0.8774 -0.0223 -0.4766 0.0491 -0.7219 -0.0051 0.6918 -0.0139 -0.7186 0.2446 0.6461 0.08 -0.9374 -0.0349 -0.346 -0.0159
-0.8125 0.3798 0.4417 0.0224 -0.3936 0.6449 0.0759 -0.6507 -0.7393 0.1377 0.6497 0.1117 -0.7832 -0.173 0.5895 -0.0958 -0.673 -0.1457 0.6732 -0.2695 -0.7456 -0.1486 0.6356 0.1346 -0.8744 -0.0226 -0.4829 0.041 -0.7219 -0.0051 0.6918 -0.0139 -0.7186 0.2446 0.6461 0.08 -0.9374 -0.0349 -0.346 -0.0159
-0.8125 0.3798 0.4417 0.0224 -0.3936 0.6449 0.0759 -0.6507 -0.7393 0.1377 0.6497 0.1117 -0.7832 -0.173 0.5895 -0.0958 -0.673 -0.1457 0.6732 -0.2695 -0.7456 -0.1486 0.6356 0.1346 -0.8744 -0.0226 -0.4829 0.041 -0.7219 -0.0051 0.6918 -0.0139 -0.7186 0.2446 0.6461 0.08 -0.9374 -0.0349 -0.346 -0.0159
-0.8146 0.3761 0.4416 0.0035 -0.3845 0.6364 0.0846 -0.6633 -0.7419 0.0959 0.6581 0.0853 -0.7927 -0.2073 0.5623 -0.1122 -0.673 -0.1457 0.6732 -0.2695 -0.7456 -0.1486 0.6356 0.1346 -0.8744 -0.0226 -0.4829 0.041 -0.7219 -0.0051 0.6918 -0.0139 -0.7186 0.2446 0.6461 0.08 -0.8721 -0.0461 -0.4871 0.0053
-0.8146 0.3761 0.4416 0.0035 -0.3845 0.6364 0.0846 -0.6633 -0.7419 0.0959 0.6581 0.0853 -0.7927 -0.2073 0.5623 -0.1122 -0.673 -0.1457 0.6732 -0.2695 -0.7456 -0.1486 0.6356 0.1346 -0.8744 -0.0226 -0.4829 0.041 -0.7219 -0.0051 0.6918 -0.0139 -0.7186 0.2446 0.6461 0.08 -0.8721 -0.0461 -0.4871 0.0053
-0.8146 0.3761 0.4416 0.0035 -0.3845 0.6364 0.0846 -0.6633 -0.7419 0.0959 0.6581 0.0853 -0.7927 -0.2073 0.5623 -0.1122 -0.6603 -0.1541 0.689 -0.2559 -0.7456 -0.1486 0.6356 0.1346 -0.8744 -0.0226 -0.4829 0.041 -0.7563 -0.0635 0.6486 0.0571 -0.7159 0.3275 0.6146 0.0507 -0.8721 -0.0461 -0.4871 0.0053
-0.8146 0.3761 0.4416 0.0035 -0.3845 0.6364 0.0846 -0.6633 -0.7419 0.0959 0.6581 0.0853 -0.7927 -0.2073 0.5623 -0.1122 -0.6603 -0.1541 0.689 -0.2559 -0.7456 -0.1486 0.6356 0.1346 -0.8744 -0.0226 -0.4829 0.041 -0.7563 -0.0635 0.6486 0.0571 -0.7159 0.3275 0.6146 0.0507 -0.8721 -0.0461 -0.4871 0.0053
-0.8146 0.3761 0.4416 0.0035 -0.3845 0.6364 0.0846 -0.6633 -0.7419 0.0959 0.6581 0.0853 -0.7927 -0.2073 0.5623 -0.1122 -0.6603 -0.1541 0.689 -0.2559 -0.7383 -0.147 0.6441 0.1355 -0.8744 -0.0226 -0.4829 0.041 -0.7563 -0.0635 0.6486 0.0571 -0.7159 0.3275 0.6146 0.0507 -0.8721 -0.0461 -0.4871 0.0053
-0.8146 0.3761 0.4416 0.0035 -0.3845 0.6364 0.0846 -0.6633 -0.7419 0.0959 0.6581 0.0853 -0.7927 -0.2073 0.5623 -0.1122 -0.6603 -0.1541 0.689 -0.2559 -0.7383 -0.147 0.6441 0.1355 -0.8795 -0.02 -0.4736 0.0427 -0.7563 -0.0635 0.6486 0.0571 -0.7159 0.3275 0.6146 0.0507 -0.8721 -0.0461 -0.4871 0.0053
-0.8146 0.3761 0.4416 0.0035 -0.3845 0.6364 0.0846 -0.6633 -0.7419 0.0959 0.6581 0.0853 -0.7927 -0.2073 0.5623 -0.1122 -0.6603 -0.1541 0.689 -0.2559 -0.7383 -0.147 0.6441 0.1355 -0.8795 -0.02 -0.4736 0.0427 -0.7563 -0.0635 0.6486 0.0571 -0.7159 0.3275 0.6146 0.0507 -0.8721 -0.0461 -0.4871 0.0053
-0.8175 0.3726 0.439 -0.0112 -0.3812 0.6274 0.0934 -0.6725 -0.7557 0.0536 0.6516 0.0382 -0.7784 -0.3015 0.5245 -0.1677 -0.6603 -0.1541 0.689 -0.2559 -0.7383 -0.147 0.6441 0.1355 -0.8795 -0.02 -0.4736 0.0427 -0.7563 -0.0635 0.6486 0.0571 -0.7159 0.3275 0.6146 0.0507 -0.8965 -0.0615 -0.4381 0.0211
-0.8175 0.3726 0.439 -0.0112 -0.3812 0.6274 0.0934 -0.6725 -0.7557 0.0536 0.6516 0.0382 -0.7784 -0.3015 0.5245 -0.1677 -0.6603 -0.1541 0.689 -0.2559 -0.7383 -0.147 0.6441 0.1355 -0.8795 -0.02 -0.4736 0.0427 -0.7563 -0.0635 0.6486 0.0571 -0.7159 0.3275 0.6146 0.0507 -0.8965 -0.0615 -0.4381 0.0211
-0.8175 0.3726 0.439 -0.0112 -0.3812 0.6274 0.0934 -0.6725 -0.7557 0.0536 0.6516 0.0382 -0.7784 -0.3015 0.5245 -0.1677 -0.6574 -0.1529 0.7011 -0.2299 -0.7383 -0.147 0.6441 0.1355 -0.8795 -0.02 -0.4736 0.0427 -0.7725 -0.0654 0.6274 0.0731 -0.7273 0.2161 0.6405 0.1189 -0.8965 -0.0615 -0.4381 0.0211
-0.8175 0.3726 0.439 -0.0112 -0.3812 0.6274 0.0934 -0.6725 -0.7557 0.0536 0.6516 0.0382 -0.7784 -0.3015 0.5245 -0.1677 -0.6574 -0.1529 0.7011 -0.2299 -0.7336 -0.1457 0.6488 0.1402 -0.8795 -0.02 -0.4736 0.0427 -0.7725 -0.0654 0.6274 0.0731 -0.7273 0.2161 0.6405 0.1189 -0.8965 -0.0615 -0.4381 0.0211
-0.8175 0.3726 0.439 -0.0112 -0.3812 0.6274 0.0934 -0.6725 -0.7557 0.0536 0.6516 0.0382 -0.7784 -0.3015 0.5245 -0.1677 -0.6574 -0.1529 0.7011 -0.2299 -0.7336 -0.1457 0.6488 0.1402 -0.8795 -0.02 -0.4736 0.0427 -0.7725 -0.0654 0.6274 0.0731 -0.7273 0.2161 0.6405 0.1189 -0.8965 -0.0615 -0.4381 0.0211
-0.8175 0.3726 0.439 -0.0112 -0.3812 0.6274 0.0934 -0.6725 -0.7557 0.0536 0.6516 0.0382 -0.7784 -0.3015 0.5245 -0.1677 -0.6574 -0.1529 0.7011 -0.2299 -0.7336 -0.1457 0.6488 0.1402 -0.8809 -0.0159 -0.4704 0.0493 -0.7725 -0.0654 0.6274 0.0731 -0.7273 0.2161 0.6405 0.1189 -0.8965 -0.0615 -0.4381 0.0211
-0.8175 0.3726 0.439 -0.0112 -0.3812 0.6274 0.0934 -0.6725 -0.7557 0.0536 0.6516 0.0382 -0.7784 -0.3015 0.5245 -0.1677 -0.6574 -0.1529 0.7011 -0.2299 -0.7336 -0.1457 0.6488 0.1402 -0.8809 -0.0159 -0.4704 0.0493 -0.7725 -0.0654 0.6274 0.0731 -0.7273 0.2161 0.6405 0.1189 -0.8965 -0.0615 -0.4381 0.0211
-0.8175 0.3726 0.439 -0.0112 -0.3812 0.6274 0.0934 -0.6725 -0.7557 0.0536 0.6516 0.0382 -0.7784 -0.3015 0.5245 -0.1677 -0.6574 -0.1529 0.7011 -0.2299 -0.7336 -0.1457 0.6488 0.1402 -0.8809 -0.0159 -0.4704 0.0493 -0.7725 -0.0654 0.6274 0.0731 -0.7273 0.2161 0.6405 0.1189 -0.8965 -0.0615 -0.4381 0.0211
-0.8133 0.3743 0.4454 -0.0052 -0.3817 0.6329 0.0956 -0.6668 -0.7519 0.0581 0.6555 0.0401 -0.7543 -0.3298 0.5162 -0.236 -0.6574 -0.1529 0.7011 -0.2299 -0.7336 -0.1457 0.6488 0.1402 -0.8809 -0.0159 -0.4704 0.0493 -0.7725 -0.0654 0.6274 0.0731 -0.7273 0.2161 0.6405 0.1189 -0.9708 -0.0421 -0.2241 -0.0745
-0.8133 0.3743 0.4454 -0.0052 -0.3817 0.6329 0.0956 -0.6668 -0.7519 0.0581 0.6555 0.0401 -0.7543 -0.3298 0.5162 -0.236 -0.6589 -0.1529 0.7061 -0.2097 -0.7336 -0.1457 0.6488 0.1402 -0.8809 -0.0159 -0.4704 0.0493 -0.7677 -0.0378 0.6348 0.0791 -0.6965 0.0472 0.69 0.1911 -0.9708 -0.0421 -0.2241 -0.0745
-0.8133 0.3743 0.4454 -0.0052 -0.3817 0.6329 0.0956 -0.6668 -0.7519 0.0581 0.6555 0.0401 -0.7543 -0.3298 0.5162 -0.236 -0.6589 -0.1529 0.7061 -0.2097 -0.7364 -0.1456 0.6403 0.163 -0.8809 -0.0159 -0.4704 0.0493 -0.7677 -0.0378 0.6348 0.0791 -0.6965 0.0472 0.69 0.1911 -0.9708 -0.0421 -0.2241 -0.0745
-0.8133 0.3743 0.4454 -0.0052 -0.3817 0.6329 0.0956 -0.6668 -0.7519 0.0581 0.6555 0.0401 -0.7543 -0.3298 0.5162 -0.236 -0.6589 -0.1529 0.7061 -0.2097 -0.7364 -0.1456 0.6403 0.163 -0.8809 -0.0159 -0.4704 0.0493 -0.7677 -0.0378 0.6348 0.0791 -0.6965 0.0472 0.69 0.1911 -0.9708 -0.0421 -0.2241 -0.0745
-0.8133 0.3743 0.4454 -0.0052 -0.3817 0.6329 0.0956 -0.6668 -0.7519 0.0581 0.6555 0.0401 -0.7543 -0.3298 0.5162 -0.236 -0.6589 -0.1529 0.7061 -0.2097 -0.7364 -0.1456 0.6403 0.163 -0.8752 -0.0159 -0.4807 0.0521 -0.7677 -0.0378 0.6348 0.0791 -0.6965 0.0472 0.69 0.1911 -0.9708 -0.0421 -0.2241 -0.0745
-0.8133 0.3743 0.4454 -0.0052 -0.3817 0.6329 0.0956 -0.6668 -0.7519 0.0581 0.6555 0.0401 -0.7543 -0.3298 0.5162 -0.236 -0.6589 -0.1529 0.7061 -0.2097 -0.7364 -0.1456 0.6403 0.163 -0.8752 -0.0159 -0.4807 0.0521 -0.7677 -0.0378 0.6348 0.0791 -0.6965 0.0472 0.69 0.1911 -0.9708 -0.0421 -0.2241 -0.0745
-0.8184 0.3789 0.4319 0.0139 -0.3987 0.6331 0.0864 -0.6579 -0.7416 0.0746 0.6645 0.0532 -0.738 -0.3033 0.5422 -0.2633 -0.6589 -0.1529 0.7061 -0.2097 -0.7364 -0.1456 0.6403 0.163 -0.8752 -0.0159 -0.4807 0.0521 -0.7677 -0.0378 0.6348 0.0791 -0.6965 0.0472 0.69 0.1911 -0.9762 -0.0076 -0.1878 -0.1083
-0.8184 0.3789 0.4319 0.0139 -0.3987 0.6331 0.0864 -0.6579 -0.7416 0.0746 0.6645 0.0532 -0.738 -0.3033 0.5422 -0.2633 -0.6589 -0.1529 0.7061 -0.2097 -0.7364 -0.1456 0.6403 0.163 -0.8752 -0.0159 -0.4807 0.0521 -0.7677 -0.0378 0.6348 0.0791 -0.6965 0.0472 0.69 0.1911 -0.9762 -0.0076 -0.1878 -0.1083
-0.8184 0.3789 0.4319 0.0139 -0.3987 0.6331 0.0864 -0.6579 -0.7416 0.0746 0.6645 0.0532 -0.738 -0.3033 0.5422 -0.2633 -0.674 -0.1447 0.703 -0.175 -0.7364 -0.1456 0.6403 0.163 -0.8752 -0.0159 -0.4807 0.0521 -0.7526 -0.0743 0.651 0.0661 -0.6919 0.0243 0.7038 0.1592 -0.9762 -0.0076 -0.1878 -0.1083
-0.8184 0.3789 0.4319 0.0139 -0.3987 0.6331 0.0864 -0.6579 -0.7416 0.0746 0.6645 0.0532 -0.738 -0.3033 0.5422 -0.2633 -0.674 -0.1447 0.703 -0.175 -0.7364 -0.1456 0.6403 0.163 -0.8752 -0.0159 -0.4807 0.0521 -0.7526 -0.0743 0.651 0.0661 -0.6919 0.0243 0.7038 0.1592 -0.9762 -0.0076 -0.1878 -0.1083
-0.8184 0.3789 0.4319 0.0139 -0.3987 0.6331 0.0864 -0.6579 -0.7416 0.0746 0.6645 0.0532 -0.738 -0.3033 0.5422 -0.2633 -0.674 -0.1447 0.703 -0.175 -0.7454 -0.1438 0.6209 0.1956 -0.8752 -0.0159 -0.4807 0.0521 -0.7526 -0.0743 0.651 0.0661 -0.6919 0.0243 0.7038 0.1592 -0.9762 -0.0076 -0.1878 -0.1083
-0.8184 0.3789 0.4319 0.0139 -0.3987 0.6331 0.0864 -0.6579 -0.7416 0.0746 0.6645 0.0532 -0.738 -0.3033 0.5422 -0.2633 -0.674 -0.1447 0.703 -0.175 -0.7454 -0.1438 0.6209 0.1956 -0.8555 -0.0186 -0.5146 0.0534 -0.7526 -0.0743 0.651 0.0661 -0.6919 0.0243 0.7038 0.1592 -0.9762 -0.0076 -0.1878 -0.1083
-0.8184 0.3789 0.4319 0.0139 -0.3987 0.6331 0.0864 -0.6579 -0.7416 0.0746 0.6645 0.0532 -0.738 -0.3033 0.5422 -0.2633 -0.674 -0.1447 0.703 -0.175 -0.7454 -0.1438 0.6209 0.1956 -0.8555 -0.0186 -0.5146 0.0534 -0.7526 -0.0743 0.651 0.0661 -0.6919 0.0243 0.7038 0.1592 -0.9762 -0.0076 -0.1878 -0.1083
-0.8237 0.3809 0.4194 0.0222 -0.4135 0.6288 0.0862 -0.6528 -0.7291 0.0722 0.6783 0.0556 -0.7201 -0.3112 0.559 -0.2686 -0.674 -0.1447 0.703 -0.175 -0.7454 -0.1438 0.6209 0.1956 -0.8555 -0.0186 -0.5146 0.0534 -0.7526 -0.0743 0.651 0.0661 -0.6919 0.0243 0.7038 0.1592 -0.9601 -0.022 -0.2769 -0.032
-0.8237 0.3809 0.4194 0.0222 -0.4135 0.6288 0.0862 -0.6528 -0.7291 0.0722 0.6783 0.0556 -0.7201 -0.3112 0.559 -0.2686 -0.674 -0.1447 0.703 -0.175 -0.7454 -0.1438 0.6209 0.1956 -0.8555 -0.0186 -0.5146 0.0534 -0.7526 -0.0743 0.651 0.0661 -0.6919 0.0243 0.7038 0.1592 -0.9601 -0.022 -0.2769 -0.032
-0.8237 0.3809 0.4194 0.0222 -0.4135 0.6288 0.0862 -0.6528 -0.7291 0.0722 0.6783 0.0556 -0.7201 -0.3112 0.559 -0.2686 -0.6896 -0.1373 0.6968 -0.1414 -0.7454 -0.1438 0.6209 0.1956 -0.8555 -0.0186 -0.5146 0.0534 -0.7434 -0.0209 0.6588 0.1137 -0.6656 0.1855 0.684 0.2336 -0.9601 -0.022 -0.2769 -0.032
-0.8237 0.3809 0.4194 0.0222 -0.4135 0.6288 0.0862 -0.6528 -0.7291 0.0722 0.6783 0.0556 -0.7201 -0.3112 0.559 -0.2686 -0.6896 -0.1373 0.6968 -0.1414 -0.7631 -0.1277 0.5844 0.2447 -0.8555 -0.0186 -0.5146 0.0534 -0.7434 -0.0209 0.6588 0.1137 -0.6656 0.1855 0.684 0.2336 -0.9601 -0.022 -0.2769 -0.032
-0.8237 0.3809 0.4194 0.0222 -0.4135 0.6288 0.0862 -0.6528 -0.7291 0.0722 0.6783 0.0556 -0.7201 -0.3112 0.559 -0.2686 -0.6896 -0.1373 0.6968 -0.1414 -0.7631 -0.1277 0.5844 0.2447 -0.8555 -0.0186 -0.5146 0.0534 -0.7434 -0.0209 0.6588 0.1137 -0.6656 0.1855 0.684 0.2336 -0.9601 -0.022 -0.2769 -0.032
-0.8237 0.3809 0.4194 0.0222 -0.4135 0.6288 0.0862 -0.6528 -0.7291 0.0722 0.6783 0.0556 -0.7201 -0.3112 0.559 -0.2686 -0.6896 -0.1373 0.6968 -0.1414 -0.7631 -0.1277 0.5844 0.2447 -0.7632 -0.0952 -0.6391 0.0035 -0.7434 -0.0209 0.6588 0.1137 -0.6656 0.1855 0.684 0.2336 -0.9601 -0.022 -0.2769 -0.032
-0.8237 0.3809 0.4194 0.0222 -0.4135 0.6288 0.0862 -0.6528 -0.7291 0.0722 0.6783 0.0556 -0.7201 -0.3112 0.559 -0.2686 -0.6896 -0.1373 0.6968 -0.1414 -0.7631 -0.1277 0.5844 0.2447 -0.7632 -0.0952 -0.6391 0.0035 -0.7434 -0.0209 0.6588 0.1137 -0.6656 0.1855 0.684 0.2336 -0.9601 -0.022 -0.2769 -0.032
-0.832 0.371 0.4124 0.0043 -0.4183 0.6179 0.1021 -0.6579 -0.7233 0.0715 0.6846 0.055 -0.7258 -0.3235 0.5596 -0.2355 -0.6896 -0.1373 0.6968 -0.1414 -0.7631 -0.1277 0.5844 0.2447 -0.7632 -0.0952 -0.6391 0.0035 -0.7434 -0.0209 0.6588 0.1137 -0.6656 0.1855 0.684 0.2336 -0.9505 -0.0435 -0.3065 -0.0259
-0.832 0.371 0.4124 0.0043 -0.4183 0.6179 0.1021 -0.6579 -0.7233 0.0715 0.6846 0.055 -0.7258 -0.3235 0.5596 -0.2355 -0.6896 -0.1373 0.6968 -0.1414 -0.7631 -0.1277 0.5844 0.2447 -0.7632 -0.0952 -0.6391 0.0035 -0.7434 -0.0209 0.6588 0.1137 -0.6656 0.1855 0.684 0.2336 -0.9505 -0.0435 -0.3065 -0.0259
-0.832 0.371 0.4124 0.0043 -0.4183 0.6179 0.1021 -0.6579 -0.7233 0.0715 0.6846 0.055 -0.7258 -0.3235 0.5596 -0.2355 -0.7258 -0.1427 0.6595 -0.1337 -0.7631 -0.1277 0.5844 0.2447 -0.7632 -0.0952 -0.6391 0.0035 -0.7148 -0.0044 0.6907 0.1098 -0.653 0.2399 0.6844 0.218 -0.9505 -0.0435 -0.3065 -0.0259
-0.832 0.371 0.4124 0.0043 -0.4183 0.6179 0.1021 -0.6579 -0.7233 0.0715 0.6846 0.055 -0.7258 -0.3235 0.5596 -0.2355 -0.7258 -0.1427 0.6595 -0.1337 -0.8022 -0.1687 0.5292 0.2187 -0.7632 -0.0952 -0.6391 0.0035 -0.7148 -0.0044 0.6907 0.1098 -0.653 0.2399 0.6844 0.218 -0.9505 -0.0435 -0.3065 -0.0259
-0.832 0.371 0.4124 0.0043 -0.4183 0.6179 0.1021 -0.6579 -0.7233 0.0715 0.6846 0.055 -0.7258 -0.3235 0.5596 -0.2355 -0.7258 -0.1427 0.6595 -0.1337 -0.8022 -0.1687 0.5292 0.2187 -0.7632 -0.0952 -0.6391 0.0035 -0.7148 -0.0044 0.6907 0.1098 -0.653 0.2399 0.6844 0.218 -0.9505 -0.0435 -0.3065 -0.0259
-0.832 0.371 0.4124 0.0043 -0.4183 0.6179 0.1021 -0.6579 -0.7233 0.0715 0.6846 0.055 -0.7258 -0.3235 0.5596 -0.2355 -0.7258 -0.1427 0.6595 -0.1337 -0.8022 -0.1687 0.5292 0.2187 -0.6869 -0.1164 -0.7068 -0.1223 -0.7148 -0.0044 0.6907 0.1098 -0.653 0.2399 0.6844 0.218 -0.9505 -0.0435 -0.3065 -0.0259
-0.832 0.371 0.4124 0.0043 -0.4183 0.6179 0.1021 -0.6579 -0.7233 0.0715 0.6846 0.055 -0.7258 -0.3235 0.5596 -0.2355 -0.7258 -0.1427 0.6595 -0.1337 -0.8022 -0.1687 0.5292 0.2187 -0.6869 -0.1164 -0.7068 -0.1223 -0.7148 -0.0044 0.6907 0.1098 -0.653 0.2399 0.6844 0.218 -0.9505 -0.0435 -0.3065 -0.0259
-0.832 0.371 0.4124 0.0043 -0.4183 0.6179 0.1021 -0.6579 -0.7233 0.0715 0.6846 0.055 -0.7258 -0.3235 0.5596 -0.2355 -0.7258 -0.1427 0.6595 -0.1337 -0.8022 -0.1687 0.5292 0.2187 -0.6869 -0.1164 -0.7068 -0.1223 -0.7148 -0.0044 0.6907 0.1098 -0.653 0.2399 0.6844 0.218 -0.9505 -0.0435 -0.3065 -0.0259
-0.832 0.371 0.4124 0.0043 -0.4183 0.6179 0.1021 -0.6579 -0.7325 0.0793 0.6727 0.0681 -0.758 -0.2992 0.5523 -0.1758 -0.7258 -0.1427 0.6595 -0.1337 -0.8022 -0.1687 0.5292 0.2187 -0.6869 -0.1164 -0.7068 -0.1223 -0.7148 -0.0044 0.6907 0.1098 -0.653 0.2399 0.6844 0.218 -0.9513 -0.0482 -0.3026 -0.0331
-0.832 0.371 0.4124 0.0043 -0.4183 0.6179 0.1021 -0.6579 -0.7325 0.0793 0.6727 0.0681 -0.758 -0.2992 0.5523 -0.1758 -0.7514 -0.1564 0.6235 -0.149 -0.8022 -0.1687 0.5292 0.2187 -0.6869 -0.1164 -0.7068 -0.1223 -0.6955 -0.007 0.7136 0.084 -0.6401 0.2659 0.6908 0.2056 -0.9513 -0.0482 -0.3026 -0.0331
-0.832 0.371 0.4124 0.0043 -0.4183 0.6179 0.1021 -0.6579 -0.7325 0.0793 0.6727 0.0681 -0.758 -0.2992 0.5523 -0.1758 -0.7514 -0.1564 0.6235 -0.149 -0.8022 -0.1687 0.5292 0.2187 -0.6869 -0.1164 -0.7068 -0.1223 -0.6955 -0.007 0.7136 0.084 -0.6401 0.2659 0.6908 0.2056 -0.9513 -0.0482 -0.3026 -0.0331
-0.832 0.371 0.4124 0.0043 -0.4183 0.6179 0.1021 -0.6579 -0.7325 0.0793 0.6727 0.0681 -0.758 -0.2992 0.5523 -0.1758 -0.7514 -0.1564 0.6235 -0.149 -0.8022 -0.1687 0.5292 0.2187 -0.6869 -0.1164 -0.7068 -0.1223 -0.6955 -0.007 0.7136 0.084 -0.6401 0.2659 0.6908 0.2056 -0.9513 -0.0482 -0.3026 -0.0331
-0.832 0.371 0.4124 0.0043 -0.4183 0.6179 0.1021 -0.6579 -0.7325 0.0793 0.6727 0.0681 -0.758 -0.2992 0.5523 -0.1758 -0.7514 -0.1564 0.6235 -0.149 -0.8022 -0.1687 0.5292 0.2187 -0.8153 -0.0081 -0.5743 0.0733 -0.6955 -0.007 0.7136 0.084 -0.6401 0.2659 0.6908 0.2056 -0.9513 -0.0482 -0.3026 -0.0331
-0.832 0.371 0.4124 0.0043 -0.4183 0.6179 0.1021 -0.6579 -0.7325 0.0793 0.6727 0.0681 -0.758 -0.2992 0.5523 -0.1758 -0.7514 -0.1564 0.6235 -0.149 -0.8022 -0.1687 0.5292 0.2187 -0.8153 -0.0081 -0.5743 0.0733 -0.6955 -0.007 0.7136 0.084 -0.6401 0.2659 0.6908 0.2056 -0.9513 -0.0482 -0.3026 -0.0331
-0.832 0.371 0.4124 0.0043 -0.4115 0.6226 0.1156 -0.6555 -0.7325 0.0793 0.6727 0.0681 -0.758 -0.2992 0.5523 -0.1758 -0.7514 -0.1564 0.6235 -0.149 -0.8022 -0.1687 0.5292 0.2187 -0.8153 -0.0081 -0.5743 0.0733 -0.6955 -0.007 0.7136 0.084 -0.6401 0.2659 0.6908 0.2056 -0.9513 -0.0482 -0.3026 -0.0331
-0.8329 0.3602 0.4201 0.001 -0.4115 0.6226 0.1156 -0.6555 -0.7433 0.0795 0.6601 0.0742 -0.7678 -0.3008 0.5383 -0.1737 -0.7514 -0.1564 0.6235 -0.149 -0.8022 -0.1687 0.5292 0.2187 -0.8153 -0.0081 -0.5743 0.0733 -0.6955 -0.007 0.7136 0.084 -0.6401 0.2659 0.6908 0.2056 -0.9513 -0.0469 -0.3031 -0.0319
-0.8329 0.3602 0.4201 0.001 -0.4115 0.6226 0.1156 -0.6555 -0.7433 0.0795 0.6601 0.0742 -0.7678 -0.3008 0.5383 -0.1737 -0.7642 -0.1708 0.5948 -0.1819 -0.8022 -0.1687 0.5292 0.2187 -0.8153 -0.0081 -0.5743 0.0733 -0.6836 0.0021 0.7278 0.0553 -0.6369 0.2608 0.701 0.1868 -0.9513 -0.0469 -0.3031 -0.0319
-0.8329 0.3602 0.4201 0.001 -0.4115 0.6226 0.1156 -0.6555 -0.7433 0.0795 0.6601 0.0742 -0.7678 -0.3008 0.5383 -0.1737 -0.7642 -0.1708 0.5948 -0.1819 -0.8022 -0.1687 0.5292 0.2187 -0.8153 -0.0081 -0.5743 0.0733 -0.6836 0.0021 0.7278 0.0553 -0.6369 0.2608 0.701 0.1868 -0.9513 -0.0469 -0.3031 -0.0319
-0.8329 0.3602 0.4201 0.001 -0.4115 0.6226 0.1156 -0.6555 -0.7433 0.0795 0.6601 0.0742 -0.7678 -0.3008 0.5383 -0.1737 -0.7642 -0.1708 0.5948 -0.1819 -0.8484 0.0152 0.5123 0.1323 -0.8153 -0.0081 -0.5743 0.0733 -0.6836 0.0021 0.7278 0.0553 -0.6369 0.2608 0.701 0.1868 -0.9513 -0.0469 -0.3031 -0.0319
-0.8329 0.3602 0.4201 0.001 -0.4115 0.6226 0.1156 -0.6555 -0.7433 0.0795 0.6601 0.0742 -0.7678 -0.3008 0.5383 -0.1737 -0.7642 -0.1708 0.5948 -0.1819 -0.8484 0.0152 0.5123 0.1323 -0.8242 0.0753 -0.5491 0.1161 -0.6836 0.0021 0.7278 0.0553 -0.6369 0.2608 0.701 0.1868 -0.9513 -0.0469 -0.3031 -0.0319
-0.8329 0.3602 0.4201 0.001 -0.4115 0.6226 0.1156 -0.6555 -0.7433 0.0795 0.6601 0.0742 -0.7678 -0.3008 0.5383 -0.1737 -0.7642 -0.1708 0.5948 -0.1819 -0.8484 0.0152 0.5123 0.1323 -0.8242 0.0753 -0.5491 0.1161 -0.6836 0.0021 0.7278 0.0553 -0.6369 0.2608 0.701 0.1868 -0.9513 -0.0469 -0.3031 -0.0319
-0.8329 0.3602 0.4201 0.001 -0.4115 0.6226 0.1156 -0.6555 -0.7433 0.0795 0.6601 0.0742 -0.7678 -0.3008 0.5383 -0.1737 -0.7642 -0.1708 0.5948 -0.1819 -0.8484 0.0152 0.5123 0.1323 -0.8242 0.0753 -0.5491 0.1161 -0.6836 0.0021 0.7278 0.0553 -0.6369 0.2608 0.701 0.1868 -0.9513 -0.0469 -0.3031 -0.0319
-0.8291 0.3581 0.4292 0.0126 -0.41 0.6337 0.1112 -0.6465 -0.7484 0.1019 0.6507 0.0783 -0.7771 -0.2765 0.5435 -0.1559 -0.7642 -0.1708 0.5948 -0.1819 -0.8484 0.0152 0.5123 0.1323 -0.8242 0.0753 -0.5491 0.1161 -0.6836 0.0021 0.7278 0.0553 -0.6369 0.2608 0.701 0.1868 -0.9507 -0.0447 -0.3052 -0.0314
-0.8291 0.3581 0.4292 0.0126 -0.41 0.6337 0.1112 -0.6465 -0.7484 0.1019 0.6507 0.0783 -0.7771 -0.2765 0.5435 -0.1559 -0.7642 -0.1708 0.5948 -0.1819 -0.8484 0.0152 0.5123 0.1323 -0.8242 0.0753 -0.5491 0.1161 -0.6836 0.0021 0.7278 0.0553 -0.6384 0.2504 0.7095 0.1625 -0.9507 -0.0447 -0.3052 -0.0314
-0.8291 0.3581 0.4292 0.0126 -0.41 0.6337 0.1112 -0.6465 -0.7484 0.1019 0.6507 0.0783 -0.7771 -0.2765 0.5435 -0.1559 -0.7642 -0.1708 0.5948 -0.1819 -0.8409 0.0601 0.5375 0.0182 -0.8242 0.0753 -0.5491 0.1161 -0.6836 0.0021 0.7278 0.0553 -0.6384 0.2504 0.7095 0.1625 -0.9507 -0.0447 -0.3052 -0.0314
-0.8291 0.3581 0.4292 0.0126 -0.41 0.6337 0.1112 -0.6465 -0.7484 0.1019 0.6507 0.0783 -0.7771 -0.2765 0.5435 -0.1559 -0.7642 -0.1708 0.5948 -0.1819 -0.8409 0.0601 0.5375 0.0182 -0.8242 0.0753 -0.5491 0.1161 -0.6836 0.0021 0.7278 0.0553 -0.6384 0.2504 0.7095 0.1625 -0.9507 -0.0447 -0.3052 -0.0314
-0.8291 0.3581 0.4292 0.0126 -0.41 0.6337 0.1112 -0.6465 -0.7484 0.1019 0.6507 0.0783 -0.7771 -0.2765 0.5435 -0.1559 -0.7642 -0.1708 0.5948 -0.1819 -0.8409 0.0601 0.5375 0.0182 -0.8545 0.032 -0.5157 0.053 -0.6836 0.0021 0.7278 0.0553 -0.6384 0.2504 0.7095 0.1625 -0.9507 -0.0447 -0.3052 -0.0314
-0.8291 0.3581 0.4292 0.0126 -0.41 0.6337 0.1112 -0.6465 -0.7484 0.1019 0.6507 0.0783 -0.7771 -0.2765 0.5435 -0.1559 -0.7642 -0.1708 0.5948 -0.1819 -0.8409 0.0601 0.5375 0.0182 -0.8545 0.032 -0.5157 0.053 -0.6836 0.0021 0.7278 0.0553 -0.6384 0.2504 0.7095 0.1625 -0.9507 -0.0447 -0.3052 -0.0314
-0.8213 0.356 0.4446 0.0318 -0.404 0.6531 0.1029 -0.6321 -0.7452 0.1309 0.6465 0.0983 -0.7838 -0.2308 0.562 -0.1287 -0.7642 -0.1708 0.5948 -0.1819 -0.8409 0.0601 0.5375 0.0182 -0.8545 0.032 -0.5157 0.053 -0.6836 0.0021 0.7278 0.0553 -0.6384 0.2504 0.7095 0.1625 -0.9499 -0.0419 -0.3082 -0.0308
-0.8213 0.356 0.4446 0.0318 -0.404 0.6531 0.1029 -0.6321 -0.7452 0.1309 0.6465 0.0983 -0.7838 -0.2308 0.562 -0.1287 -0.7642 -0.1708 0.5948 -0.1819 -0.8409 0.0601 0.5375 0.0182 -0.8545 0.032 -0.5157 0.053 -0.6836 0.0021 0.7278 0.0553 -0.6384 0.2504 0.7095 0.1625 -0.9499 -0.0419 -0.3082 -0.0308
-0.8213 0.356 0.4446 0.0318 -0.404 0.6531 0.1029 -0.6321 -0.7452 0.1309 0.6465 0.0983 -0.7838 -0.2308 0.562 -0.1287 -0.741 -0.1721 0.5664 -0.317 -0.8409 0.0601 0.5375 0.0182 -0.8545 0.032 -0.5157 0.053 -0.6772 -0.014 0.7355 -0.0127 -0.6476 0.246 0.708 0.1373 -0.9499 -0.0419 -0.3082 -0.0308
-0.8213 0.356 0.4446 0.0318 -0.404 0.6531 0.1029 -0.6321 -0.7452 0.1309 0.6465 0.0983 -0.7838 -0.2308 0.562 -0.1287 -0.741 -0.1721 0.5664 -0.317 -0.8409 0.0601 0.5375 0.0182 -0.8545 0.032 -0.5157 0.053 -0.6772 -0.014 0.7355 -0.0127 -0.6476 0.246 0.708 0.1373 -0.9499 -0.0419 -0.3082 -0.0308
-0.8213 0.356 0.4446 0.0318 -0.404 0.6531 0.1029 -0.6321 -0.7452 0.1309 0.6465 0.0983 -0.7838 -0.2308 0.562 -0.1287 -0.741 -0.1721 0.5664 -0.317 -0.8162 0.0051 0.5695 -0.0981 -0.8545 0.032 -0.5157 0.053 -0.6772 -0.014 0.7355 -0.0127 -0.6476 0.246 0.708 0.1373 -0.9499 -0.0419 -0.3082 -0.0308
-0.8213 0.356 0.4446 0.0318 -0.404 0.6531 0.1029 -0.6321 -0.7452 0.1309 0.6465 0.0983 -0.7838 -0.2308 0.562 -0.1287 -0.741 -0.1721 0.5664 -0.317 -0.8162 0.0051 0.5695 -0.0981 -0.8466 -0.0347 -0.5143 -0.1323 -0.6772 -0.014 0.7355 -0.0127 -0.6476 0.246 0.708 0.1373 -0.9499 -0.0419 -0.3082 -0.0308
-0.8213 0.356 0.4446 0.0318 -0.404 0.6531 0.1029 -0.6321 -0.7452 0.1309 0.6465 0.0983 -0.7838 -0.2308 0.562 -0.1287 -0.741 -0.1721 0.5664 -0.317 -0.8162 0.0051 0.5695 -0.0981 -0.8466 -0.0347 -0.5143 -0.1323 -0.6772 -0.014 0.7355 -0.0127 -0.6476 0.246 0.708 0.1373 -0.9499 -0.0419 -0.3082 -0.0308
-0.8157 0.3513 0.4582 0.0361 -0.3921 0.666 0.1022 -0.6264 -0.7339 0.1318 0.6593 0.0966 -0.7722 -0.2443 0.5715 -0.1322 -0.741 -0.1721 0.5664 -0.317 -0.8162 0.0051 0.5695 -0.0981 -0.8466 -0.0347 -0.5143 -0.1323 -0.6772 -0.014 0.7355 -0.0127 -0.6476 0.246 0.708 0.1373 -0.947 -0.0389 -0.3173 -0.0305
-0.8157 0.3513 0.4582 0.0361 -0.3921 0.666 0.1022 -0.6264 -0.7339 0.1318 0.6593 0.0966 -0.7722 -0.2443 0.5715 -0.1322 -0.741 -0.1721 0.5664 -0.317 -0.8162 0.0051 0.5695 -0.0981 -0.8466 -0.0347 -0.5143 -0.1323 -0.6772 -0.014 0.7355 -0.0127 -0.6476 0.246 0.708 0.1373 -0.947 -0.0389 -0.3173 -0.0305
-0.8157 0.3513 0.4582 0.0361 -0.3921 0.666 0.1022 -0.6264 -0.7339 0.1318 0.6593 0.0966 -0.7722 -0.2443 0.5715 -0.1322 -0.741 -0.1721 0.5664 -0.317 -0.8162 0.0051 0.5695 -0.0981 -0.8466 -0.0347 -0.5143 -0.1323 -0.6772 -0.014 0.7355 -0.0127 -0.6651 0.235 0.7015 0.1012 -0.947 -0.0389 -0.3173 -0.0305
-0.8157 0.3513 0.4582 0.0361 -0.3921 0.666 0.1022 -0.6264 -0.7339 0.1318 0.6593 0.0966 -0.7722 -0.2443 0.5715 -0.1322 -0.741 -0.1721 0.5664 -0.317 -0.7737 -0.0139 0.6329 -0.0255 -0.8466 -0.0347 -0.5143 -0.1323 -0.6772 -0.014 0.7355 -0.0127 -0.6651 0.235 0.7015 0.1012 -0.947 -0.0389 -0.3173 -0.0305
-0.8157 0.3513 0.4582 0.0361 -0.3921 0.666 0.1022 -0.6264 -0.7339 0.1318 0.6593 0.0966 -0.7722 -0.2443 0.5715 -0.1322 -0.741 -0.1721 0.5664 -0.317 -0.7737 -0.0139 0.6329 -0.0255 -0.8466 -0.0347 -0.5143 -0.1323 -0.6772 -0.014 0.7355 -0.0127 -0.6651 0.235 0.7015 0.1012 -0.947 -0.0389 -0.3173 -0.0305
-0.8157 0.3513 0.4582 0.0361 -0.3921 0.666 0.1022 -0.6264 -0.7339 0.1318 0.6593 0.0966 -0.7722 -0.2443 0.5715 -0.1322 -0.741 -0.1721 0.5664 -0.317 -0.7737 -0.0139 0.6329 -0.0255 -0.8901 -0.0342 -0.4541 0.016 -0.6772 -0.014 0.7355 -0.0127 -0.6651 0.235 0.7015 0.1012 -0.947 -0.0389 -0.3173 -0.0305
-0.8104 0.34 0.4768 0.015 -0.3921 0.666 0.1022 -0.6264 -0.7339 0.1318 0.6593 0.0966 -0.7722 -0.2443 0.5715 -0.1322 -0.741 -0.1721 0.5664 -0.317 -0.7737 -0.0139 0.6329 -0.0255 -0.8901 -0.0342 -0.4541 0.016 -0.6772 -0.014 0.7355 -0.0127 -0.6651 0.235 0.7015 0.1012 -0.947 -0.0389 -0.3173 -0.0305
-0.8104 0.34 0.4768 0.015 -0.3921 0.666 0.1022 -0.6264 -0.7339 0.1318 0.6593 0.0966 -0.7722 -0.2443 0.5715 -0.1322 -0.741 -0.1721 0.5664 -0.317 -0.7737 -0.0139 0.6329 -0.0255 -0.8901 -0.0342 -0.4541 0.016 -0.6772 -0.014 0.7355 -0.0127 -0.6651 0.235 0.7015 0.1012 -0.947 -0.0389 -0.3173 -0.0305
-0.8104 0.34 0.4768 0.015 -0.3921 0.666 0.1022 -0.6264 -0.73 0.1224 0.6662 0.0913 -0.7676 -0.2603 0.5703 -0.1339 -0.741 -0.1721 0.5664 -0.317 -0.7737 -0.0139 0.6329 -0.0255 -0.8901 -0.0342 -0.4541 0.016 -0.6772 -0.014 0.7355 -0.0127 -0.6651 0.235 0.7015 0.1012 -0.9423 -0.0441 -0.3303 -0.0315
-0.8104 0.34 0.4768 0.015 -0.3921 0.666 0.1022 -0.6264 -0.73 0.1224 0.6662 0.0913 -0.7676 -0.2603 0.5703 -0.1339 -0.741 -0.1721 0.5664 -0.317 -0.7737 -0.0139 0.6329 -0.0255 -0.8901 -0.0342 -0.4541 0.016 -0.6772 -0.014 0.7355 -0.0127 -0.6651 0.235 0.7015 0.1012 -0.9423 -0.0441 -0.3303 -0.0315
-0.8104 0.34 0.4768 0.015 -0.3921 0.666 0.1022 -0.6264 -0.73 0.1224 0.6662 0.0913 -0.7676 -0.2603 0.5703 -0.1339 -0.741 -0.1721 0.5664 -0.317 -0.7737 -0.0139 0.6329 -0.0255 -0.8901 -0.0342 -0.4541 0.016 -0.6772 -0.014 0.7355 -0.0127 -0.6855 0.2353 0.6863 0.0606 -0.9423 -0.0441 -0.3303 -0.0315
-0.8104 0.34 0.4768 0.015 -0.3921 0.666 0.1022 -0.6264 -0.73 0.1224 0.6662 0.0913 -0.7676 -0.2603 0.5703 -0.1339 -0.741 -0.1721 0.5664 -0.317 -0.7598 -0.0471 0.6477 0.032 -0.8901 -0.0342 -0.4541 0.016 -0.6772 -0.014 0.7355 -0.0127 -0.6855 0.2353 0.6863 0.0606 -0.9423 -0.0441 -0.3303 -0.0315
-0.8104 0.34 0.4768 0.015 -0.3921 0.666 0.1022 -0.6264 -0.73 0.1224 0.6662 0.0913 -0.7676 -0.2603 0.5703 -0.1339 -0.741 -0.1721 0.5664 -0.317 -0.7598 -0.0471 0.6477 0.032 -0.8904 -0.0645 -0.4505 -5.0E-4 -0.6772 -0.014 0.7355 -0.0127 -0.6855 0.2353 0.6863 0.0606 -0.9423 -0.0441 -0.3303 -0.0315
-0.8104 0.34 0.4768 0.015 -0.3495 0.662 0.1133 -0.6533 -0.73 0.1224 0.6662 0.0913 -0.7676 -0.2603 0.5703 -0.1339 -0.741 -0.1721 0.5664 -0.317 -0.7598 -0.0471 0.6477 0.032 -0.8904 -0.0645 -0.4505 -5.0E-4 -0.6772 -0.014 0.7355 -0.0127 -0.6855 0.2353 0.6863 0.0606 -0.9423 -0.0441 -0.3303 -0.0315
-0.8104 0.34 0.4768 0.015 -0.3495 0.662 0.1133 -0.6533 -0.73 0.1224 0.6662 0.0913 -0.7676 -0.2603 0.5703 -0.1339 -0.741 -0.1721 0.5664 -0.317 -0.7598 -0.0471 0.6477 0.032 -0.8904 -0.0645 -0.4505 -5.0E-4 -0.6772 -0.014 0.7355 -0.0127 -0.6855 0.2353 0.6863 0.0606 -0.9423 -0.0441 -0.3303 -0.0315
-0.7999 0.3488 0.4883 -0.0115 -0.3495 0.662 0.1133 -0.6533 -0.7343 0.0696 0.6745 0.0317 -0.7547 -0.2858 0.5692 -0.1575 -0.741 -0.1721 0.5664 -0.317 -0.7598 -0.0471 0.6477 0.032 -0.8904 -0.0645 -0.4505 -5.0E-4 -0.6772 -0.014 0.7355 -0.0127 -0.6855 0.2353 0.6863 0.0606 -0.9265 -0.0436 -0.3734 -0.0199
-0.7999 0.3488 0.4883 -0.0115 -0.3495 0.662 0.1133 -0.6533 -0.7343 0.0696 0.6745 0.0317 -0.7547 -0.2858 0.5692 -0.1575 -0.6541 -0.2109 0.6246 -0.3708 -0.7598 -0.0471 0.6477 0.032 -0.8904 -0.0645 -0.4505 -5.0E-4 -0.6842 -0.0452 0.7158 -0.1324 -0.6855 0.2353 0.6863 0.0606 -0.9265 -0.0436 -0.3734 -0.0199
-0.7999 0.3488 0.4883 -0.0115 -0.3495 0.662 0.1133 -0.6533 -0.7343 0.0696 0.6745 0.0317 -0.7547 -0.2858 0.5692 -0.1575 -0.6541 -0.2109 0.6246 -0.3708 -0.7598 -0.0471 0.6477 0.032 -0.8904 -0.0645 -0.4505 -5.0E-4 -0.6842 -0.0452 0.7158 -0.1324 -0.7039 0.2611 0.66 0.0267 -0.9265 -0.0436 -0.3734 -0.0199
-0.7999 0.3488 0.4883 -0.0115 -0.3495 0.662 0.1133 -0.6533 -0.7343 0.0696 0.6745 0.0317 -0.7547 -0.2858 0.5692 -0.1575 -0.6541 -0.2109 0.6246 -0.3708 -0.7523 -0.0672 0.6521 0.0665 -0.8904 -0.0645 -0.4505 -5.0E-4 -0.6842 -0.0452 0.7158 -0.1324 -0.7039 0.2611 0.66 0.0267 -0.9265 -0.0436 -0.3734 -0.0199
-0.7999 0.3488 0.4883 -0.0115 -0.3495 0.662 0.1133 -0.6533 -0.7343 0.0696 0.6745 0.0317 -0.7547 -0.2858 0.5692 -0.1575 -0.6541 -0.2109 0.6246 -0.3708 -0.7523 -0.0672 0.6521 0.0665 -0.8932 -0.049 -0.4469 0.0035 -0.6842 -0.0452 0.7158 -0.1324 -0.7039 0.2611 0.66 0.0267 -0.9265 -0.0436 -0.3734 -0.0199
-0.7941 0.3674 0.4835 -0.0258 -0.3495 0.662 0.1133 -0.6533 -0.7343 0.0696 0.6745 0.0317 -0.7547 -0.2858 0.5692 -0.1575 -0.6541 -0.2109 0.6246 -0.3708 -0.7523 -0.0672 0.6521 0.0665 -0.8932 -0.049 -0.4469 0.0035 -0.6842 -0.0452 0.7158 -0.1324 -0.7039 0.2611 0.66 0.0267 -0.9265 -0.0436 -0.3734 -0.0199
-0.7941 0.3674 0.4835 -0.0258 -0.3495 0.662 0.1133 -0.6533 -0.7343 0.0696 0.6745 0.0317 -0.7547 -0.2858 0.5692 -0.1575 -0.6541 -0.2109 0.6246 -0.3708 -0.7523 -0.0672 0.6521 0.0665 -0.8932 -0.049 -0.4469 0.0035 -0.6842 -0.0452 0.7158 -0.1324 -0.7039 0.2611 0.66 0.0267 -0.9265 -0.0436 -0.3734 -0.0199
-0.7941 0.3674 0.4835 -0.0258 -0.3495 0.662 0.1133 -0.6533 -0.7435 0.0971 0.6607 0.0341 -0.7547 -0.2858 0.5692 -0.1575 -0.6541 -0.2109 0.6246 -0.3708 -0.7523 -0.0672 0.6521 0.0665 -0.8932 -0.049 -0.4469 0.0035 -0.6842 -0.0452 0.7158 -0.1324 -0.7039 0.2611 0.66 0.0267 -0.9265 -0.0436 -0.3734 -0.0199
-0.7941 0.3674 0.4835 -0.0258 -0.3495 0.662 0.1133 -0.6533 -0.7435 0.0971 0.6607 0.0341 -0.7547 -0.2858 0.5692 -0.1575 -0.6541 -0.2109 0.6246 -0.3708 -0.7523 -0.0672 0.6521 0.0665 -0.8932 -0.049 -0.4469 0.0035 -0.6842 -0.0452 0.7158 -0.1324 -0.7039 0.2611 0.66 0.0267 -0.9265 -0.0436 -0.3734 -0.0199
-0.7941 0.3674 0.4835 -0.0258 -0.3495 0.662 0.1133 -0.6533 -0.7435 0.0971 0.6607 0.0341 -0.7547 -0.2858 0.5692 -0.1575 -0.6541 -0.2109 0.6246 -0.3708 -0.7523 -0.0672 0.6521 0.0665 -0.8932 -0.049 -0.4469 0.0035 -0.6842 -0.0452 0.7158 -0.1324 -0.7156 0.3084 0.6267 -0.005 -0.9265 -0.0436 -0.3734 -0.0199
-0.7941 0.3674 0.4835 -0.0258 -0.3495 0.662 0.1133 -0.6533 -0.7435 0.0971 0.6607 0.0341 -0.7547 -0.2858 0.5692 -0.1575 -0.6541 -0.2109 0.6246 -0.3708 -0.7523 -0.0672 0.6521 0.0665 -0.8932 -0.049 -0.4469 0.0035 -0.6842 -0.0452 0.7158 -0.1324 -0.7156 0.3084 0.6267 -0.005 -0.9265 -0.0436 -0.3734 -0.0199
-0.7941 0.3674 0.4835 -0.0258 -0.3518 0.6391 0.0903 -0.678 -0.7435 0.0971 0.6607 0.0341 -0.7547 -0.2858 0.5692 -0.1575 -0.6541 -0.2109 0.6246 -0.3708 -0.7523 -0.0672 0.6521 0.0665 -0.8955 -0.0341 -0.4437 0.0075 -0.6842 -0.0452 0.7158 -0.1324 -0.7156 0.3084 0.6267 -0.005 -0.9265 -0.0436 -0.3734 -0.0199
-0.7941 0.3674 0.4835 -0.0258 -0.3518 0.6391 0.0903 -0.678 -0.7435 0.0971 0.6607 0.0341 -0.7547 -0.2858 0.5692 -0.1575 -0.6541 -0.2109 0.6246 -0.3708 -0.7523 -0.0672 0.6521 0.0665 -0.8955 -0.0341 -0.4437 0.0075 -0.6842 -0.0452 0.7158 -0.1324 -0.7156 0.3084 0.6267 -0.005 -0.9265 -0.0436 -0.3734 -0.0199
-0.7941 0.3674 0.4835 -0.0258 -0.3518 0.6391 0.0903 -0.678 -0.7435 0.0971 0.6607 0.0341 -0.7547 -0.2858 0.5692 -0.1575 -0.6541 -0.2109 0.6246 -0.3708 -0.7523 -0.0672 0.6521 0.0665 -0.8955 -0.0341 -0.4437 0.0075 -0.6842 -0.0452 0.7158 -0.1324 -0.7156 0.3084 0.6267 -0.005 -0.9265 -0.0436 -0.3734 -0.0199
-0.7966 0.3789 0.4702 -0.0267 -0.3518 0.6391 0.0903 -0.678 -0.7552 0.066 0.652 0.0073 -0.774 -0.2513 0.551 -0.1849 -0.6541 -0.2109 0.6246 -0.3708 -0.7523 -0.0672 0.6521 0.0665 -0.8955 -0.0341 -0.4437 0.0075 -0.6842 -0.0452 0.7158 -0.1324 -0.7156 0.3084 0.6267 -0.005 -0.7597 -0.0904 -0.6439 0.0085
-0.7966 0.3789 0.4702 -0.0267 -0.3518 0.6391 0.0903 -0.678 -0.7552 0.066 0.652 0.0073 -0.774 -0.2513 0.551 -0.1849 -0.6459 -0.1941 0.6763 -0.2961 -0.7523 -0.0672 0.6521 0.0665 -0.8955 -0.0341 -0.4437 0.0075 -0.6842 -0.0452 0.7158 -0.1324 -0.7156 0.3084 0.6267 -0.005 -0.7597 -0.0904 -0.6439 0.0085
-0.7966 0.3789 0.4702 -0.0267 -0.3518 0.6391 0.0903 -0.678 -0.7552 0.066 0.652 0.0073 -0.774 -0.2513 0.551 -0.1849 -0.6459 -0.1941 0.6763 -0.2961 -0.7523 -0.0672 0.6521 0.0665 -0.8955 -0.0341 -0.4437 0.0075 -0.6842 -0.0452 0.7158 -0.1324 -0.7039 0.3875 0.5915 -0.0671 -0.7597 -0.0904 -0.6439 0.0085
-0.7966 0.3789 0.4702 -0.0267 -0.3518 0.6391 0.0903 -0.678 -0.7552 0.066 0.652 0.0073 -0.774 -0.2513 0.551 -0.1849 -0.6459 -0.1941 0.6763 -0.2961 -0.7368 -0.1187 0.6597 0.0889 -0.8955 -0.0341 -0.4437 0.0075 -0.6842 -0.0452 0.7158 -0.1324 -0.7039 0.3875 0.5915 -0.0671 -0.7597 -0.0904 -0.6439 0.0085
-0.7966 0.3789 0.4702 -0.0267 -0.3481 0.6424 0.0989 -0.6755 -0.7552 0.066 0.652 0.0073 -0.774 -0.2513 0.551 -0.1849 -0.6459 -0.1941 0.6763 -0.2961 -0.7368 -0.1187 0.6597 0.0889 -0.8948 -0.0176 -0.4459 0.0103 -0.6842 -0.0452 0.7158 -0.1324 -0.7039 0.3875 0.5915 -0.0671 -0.7597 -0.0904 -0.6439 0.0085
-0.7966 0.3789 0.4702 -0.0267 -0.3481 0.6424 0.0989 -0.6755 -0.7552 0.066 0.652 0.0073 -0.774 -0.2513 0.551 -0.1849 -0.6459 -0.1941 0.6763 -0.2961 -0.7368 -0.1187 0.6597 0.0889 -0.8948 -0.0176 -0.4459 0.0103 -0.6842 -0.0452 0.7158 -0.1324 -0.7039 0.3875 0.5915 -0.0671 -0.7597 -0.0904 -0.6439 0.0085
-0.7966 0.3789 0.4702 -0.0267 -0.3481 0.6424 0.0989 -0.6755 -0.7552 0.066 0.652 0.0073 -0.774 -0.2513 0.551 -0.1849 -0.6459 -0.1941 0.6763 -0.2961 -0.7368 -0.1187 0.6597 0.0889 -0.8948 -0.0176 -0.4459 0.0103 -0.6842 -0.0452 0.7158 -0.1324 -0.7039 0.3875 0.5915 -0.0671 -0.7597 -0.0904 -0.6439 0.0085
-0.7915 0.3741 0.4825 -0.0259 -0.3481 0.6424 0.0989 -0.6755 -0.7546 0.0551 0.6534 -0.023 -0.7541 -0.3146 0.5228 -0.2431 -0.6459 -0.1941 0.6763 -0.2961 -0.7368 -0.1187 0.6597 0.0889 -0.8948 -0.0176 -0.4459 0.0103 -0.6842 -0.0452 0.7158 -0.1324 -0.7039 0.3875 0.5915 -0.0671 -0.7902 -0.1006 -0.6041 0.0228
-0.7915 0.3741 0.4825 -0.0259 -0.3481 0.6424 0.0989 -0.6755 -0.7546 0.0551 0.6534 -0.023 -0.7541 -0.3146 0.5228 -0.2431 -0.6502 -0.176 0.6952 -0.2509 -0.7368 -0.1187 0.6597 0.0889 -0.8948 -0.0176 -0.4459 0.0103 -0.6842 -0.0452 0.7158 -0.1324 -0.7039 0.3875 0.5915 -0.0671 -0.7902 -0.1006 -0.6041 0.0228
-0.7915 0.3741 0.4825 -0.0259 -0.3481 0.6424 0.0989 -0.6755 -0.7546 0.0551 0.6534 -0.023 -0.7541 -0.3146 0.5228 -0.2431 -0.6502 -0.176 0.6952 -0.2509 -0.7368 -0.1187 0.6597 0.0889 -0.8948 -0.0176 -0.4459 0.0103 -0.6842 -0.0452 0.7158 -0.1324 -0.7177 0.3209 0.6179 0.0099 -0.7902 -0.1006 -0.6041 0.0228
-0.7915 0.3741 0.4825 -0.0259 -0.3481 0.6424 0.0989 -0.6755 -0.7546 0.0551 0.6534 -0.023 -0.7541 -0.3146 0.5228 -0.2431 -0.6502 -0.176 0.6952 -0.2509 -0.7324 -0.1265 0.6609 0.1035 -0.8876 -0.0063 -0.4604 0.0144 -0.6842 -0.0452 0.7158 -0.1324 -0.7177 0.3209 0.6179 0.0099 -0.7902 -0.1006 -0.6041 0.0228
-0.7915 0.3741 0.4825 -0.0259 -0.3481 0.6424 0.0989 -0.6755 -0.7546 0.0551 0.6534 -0.023 -0.7541 -0.3146 0.5228 -0.2431 -0.6502 -0.176 0.6952 -0.2509 -0.7324 -0.1265 0.6609 0.1035 -0.8876 -0.0063 -0.4604 0.0144 -0.6842 -0.0452 0.7158 -0.1324 -0.7177 0.3209 0.6179 0.0099 -0.7902 -0.1006 -0.6041 0.0228
-0.7915 0.3741 0.4825 -0.0259 -0.3447 0.6594 0.1133 -0.6584 -0.7546 0.0551 0.6534 -0.023 -0.7541 -0.3146 0.5228 -0.2431 -0.6502 -0.176 0.6952 -0.2509 -0.7324 -0.1265 0.6609 0.1035 -0.8876 -0.0063 -0.4604 0.0144 -0.6842 -0.0452 0.7158 -0.1324 -0.7177 0.3209 0.6179 0.0099 -0.7902 -0.1006 -0.6041 0.0228
-0.7915 0.3741 0.4825 -0.0259 -0.3447 0.6594 0.1133 -0.6584 -0.7546 0.0551 0.6534 -0.023 -0.7541 -0.3146 0.5228 -0.2431 -0.6502 -0.176 0.6952 -0.2509 -0.7324 -0.1265 0.6609 0.1035 -0.8876 -0.0063 -0.4604 0.0144 -0.6842 -0.0452 0.7158 -0.1324 -0.7177 0.3209 0.6179 0.0099 -0.7902 -0.1006 -0.6041 0.0228
-0.7949 0.3517 0.4943 -0.0157 -0.3447 0.6594 0.1133 -0.6584 -0.7504 0.067 0.6563 -0.0427 -0.7369 -0.3385 0.5159 -0.2762 -0.6502 -0.176 0.6952 -0.2509 -0.7324 -0.1265 0.6609 0.1035 -0.8876 -0.0063 -0.4604 0.0144 -0.6842 -0.0452 0.7158 -0.1324 -0.7177 0.3209 0.6179 0.0099 -0.9296 -0.0903 -0.3564 -0.0253
-0.7949 0.3517 0.4943 -0.0157 -0.3447 0.6594 0.1133 -0.6584 -0.7504 0.067 0.6563 -0.0427 -0.7369 -0.3385 0.5159 -0.2762 -0.649 -0.1821 0.702 -0.2297 -0.7324 -0.1265 0.6609 0.1035 -0.8876 -0.0063 -0.4604 0.0144 -0.7617 -0.0415 0.6421 0.0757 -0.7177 0.3209 0.6179 0.0099 -0.9296 -0.0903 -0.3564 -0.0253
-0.7949 0.3517 0.4943 -0.0157 -0.3447 0.6594 0.1133 -0.6584 -0.7504 0.067 0.6563 -0.0427 -0.7369 -0.3385 0.5159 -0.2762 -0.649 -0.1821 0.702 -0.2297 -0.7324 -0.1265 0.6609 0.1035 -0.8876 -0.0063 -0.4604 0.0144 -0.7617 -0.0415 0.6421 0.0757 -0.7119 0.1377 0.6687 0.1646 -0.9296 -0.0903 -0.3564 -0.0253
-0.7949 0.3517 0.4943 -0.0157 -0.3447 0.6594 0.1133 -0.6584 -0.7504 0.067 0.6563 -0.0427 -0.7369 -0.3385 0.5159 -0.2762 -0.649 -0.1821 0.702 -0.2297 -0.7353 -0.1307 0.6539 0.1213 -0.8876 -0.0063 -0.4604 0.0144 -0.7617 -0.0415 0.6421 0.0757 -0.7119 0.1377 0.6687 0.1646 -0.9296 -0.0903 -0.3564 -0.0253
-0.7949 0.3517 0.4943 -0.0157 -0.3447 0.6594 0.1133 -0.6584 -0.7504 0.067 0.6563 -0.0427 -0.7369 -0.3385 0.5159 -0.2762 -0.649 -0.1821 0.702 -0.2297 -0.7353 -0.1307 0.6539 0.1213 -0.8826 -0.0021 -0.4697 0.0209 -0.7617 -0.0415 0.6421 0.0757 -0.7119 0.1377 0.6687 0.1646 -0.9296 -0.0903 -0.3564 -0.0253
-0.7949 0.3517 0.4943 -0.0157 -0.3447 0.6594 0.1133 -0.6584 -0.7504 0.067 0.6563 -0.0427 -0.7369 -0.3385 0.5159 -0.2762 -0.649 -0.1821 0.702 -0.2297 -0.7353 -0.1307 0.6539 0.1213 -0.8826 -0.0021 -0.4697 0.0209 -0.7617 -0.0415 0.6421 0.0757 -0.7119 0.1377 0.6687 0.1646 -0.9296 -0.0903 -0.3564 -0.0253
-0.8095 0.3364 0.4811 -0.007 -0.3625 0.6566 0.1296 -0.6485 -0.7473 0.0778 0.6575 -0.0566 -0.7372 -0.3112 0.5336 -0.2739 -0.649 -0.1821 0.702 -0.2297 -0.7353 -0.1307 0.6539 0.1213 -0.8826 -0.0021 -0.4697 0.0209 -0.7617 -0.0415 0.6421 0.0757 -0.7119 0.1377 0.6687 0.1646 -0.9871 -0.024 -0.1505 -0.0497
-0.8095 0.3364 0.4811 -0.007 -0.3625 0.6566 0.1296 -0.6485 -0.7473 0.0778 0.6575 -0.0566 -0.7372 -0.3112 0.5336 -0.2739 -0.649 -0.1821 0.702 -0.2297 -0.7353 -0.1307 0.6539 0.1213 -0.8826 -0.0021 -0.4697 0.0209 -0.7617 -0.0415 0.6421 0.0757 -0.7119 0.1377 0.6687 0.1646 -0.9871 -0.024 -0.1505 -0.0497
-0.8095 0.3364 0.4811 -0.007 -0.3625 0.6566 0.1296 -0.6485 -0.7473 0.0778 0.6575 -0.0566 -0.7372 -0.3112 0.5336 -0.2739 -0.649 -0.1821 0.702 -0.2297 -0.7353 -0.1307 0.6539 0.1213 -0.8826 -0.0021 -0.4697 0.0209 -0.7617 -0.0415 0.6421 0.0757 -0.6722 0.0294 0.7037 0.2281 -0.9871 -0.024 -0.1505 -0.0497
-0.8095 0.3364 0.4811 -0.007 -0.3625 0.6566 0.1296 -0.6485 -0.7473 0.0778 0.6575 -0.0566 -0.7372 -0.3112 0.5336 -0.2739 -0.649 -0.1821 0.702 -0.2297 -0.7419 -0.1302 0.6406 0.1494 -0.8826 -0.0021 -0.4697 0.0209 -0.7617 -0.0415 0.6421 0.0757 -0.6722 0.0294 0.7037 0.2281 -0.9871 -0.024 -0.1505 -0.0497
-0.8095 0.3364 0.4811 -0.007 -0.3625 0.6566 0.1296 -0.6485 -0.7473 0.0778 0.6575 -0.0566 -0.7372 -0.3112 0.5336 -0.2739 -0.649 -0.1821 0.702 -0.2297 -0.7419 -0.1302 0.6406 0.1494 -0.8826 -0.0021 -0.4697 0.0209 -0.7617 -0.0415 0.6421 0.0757 -0.6722 0.0294 0.7037 0.2281 -0.9871 -0.024 -0.1505 -0.0497
-0.8095 0.3364 0.4811 -0.007 -0.3625 0.6566 0.1296 -0.6485 -0.7473 0.0778 0.6575 -0.0566 -0.7372 -0.3112 0.5336 -0.2739 -0.649 -0.1821 0.702 -0.2297 -0.7419 -0.1302 0.6406 0.1494 -0.8763 -0.0026 -0.481 0.0268 -0.7617 -0.0415 0.6421 0.0757 -0.6722 0.0294 0.7037 0.2281 -0.9871 -0.024 -0.1505 -0.0497
-0.8095 0.3364 0.4811 -0.007 -0.3625 0.6566 0.1296 -0.6485 -0.7473 0.0778 0.6575 -0.0566 -0.7372 -0.3112 0.5336 -0.2739 -0.649 -0.1821 0.702 -0.2297 -0.7419 -0.1302 0.6406 0.1494 -0.8763 -0.0026 -0.481 0.0268 -0.7617 -0.0415 0.6421 0.0757 -0.6722 0.0294 0.7037 0.2281 -0.9871 -0.024 -0.1505 -0.0497
-0.8095 0.3364 0.4811 -0.007 -0.3625 0.6566 0.1296 -0.6485 -0.7473 0.0778 0.6575 -0.0566 -0.7372 -0.3112 0.5336 -0.2739 -0.649 -0.1821 0.702 -0.2297 -0.7419 -0.1302 0.6406 0.1494 -0.8763 -0.0026 -0.481 0.0268 -0.7617 -0.0415 0.6421 0.0757 -0.6722 0.0294 0.7037 0.2281 -0.9871 -0.024 -0.1505 -0.0497
-0.8162 0.3405 0.4667 0.014 -0.3826 0.6577 0.1271 -0.6363 -0.7297 0.0871 0.6763 -0.05 -0.7238 -0.266 0.5734 -0.2768 -0.649 -0.1821 0.702 -0.2297 -0.7419 -0.1302 0.6406 0.1494 -0.8763 -0.0026 -0.481 0.0268 -0.7617 -0.0415 0.6421 0.0757 -0.6722 0.0294 0.7037 0.2281 -0.9828 -0.0179 -0.1665 -0.0778
-0.8162 0.3405 0.4667 0.014 -0.3826 0.6577 0.1271 -0.6363 -0.7297 0.0871 0.6763 -0.05 -0.7238 -0.266 0.5734 -0.2768 -0.649 -0.1821 0.702 -0.2297 -0.7419 -0.1302 0.6406 0.1494 -0.8763 -0.0026 -0.481 0.0268 -0.7617 -0.0415 0.6421 0.0757 -0.6722 0.0294 0.7037 0.2281 -0.9828 -0.0179 -0.1665 -0.0778
-0.8162 0.3405 0.4667 0.014 -0.3826 0.6577 0.1271 -0.6363 -0.7297 0.0871 0.6763 -0.05 -0.7238 -0.266 0.5734 -0.2768 -0.649 -0.1821 0.702 -0.2297 -0.7419 -0.1302 0.6406 0.1494 -0.8763 -0.0026 -0.481 0.0268 -0.7617 -0.0415 0.6421 0.0757 -0.6713 0.1089 0.697 0.2274 -0.9828 -0.0179 -0.1665 -0.0778
-0.8162 0.3405 0.4667 0.014 -0.3826 0.6577 0.1271 -0.6363 -0.7297 0.0871 0.6763 -0.05 -0.7238 -0.266 0.5734 -0.2768 -0.649 -0.1821 0.702 -0.2297 -0.7589 -0.1432 0.6042 0.196 -0.8177 -0.0071 -0.5752 0.0215 -0.7617 -0.0415 0.6421 0.0757 -0.6713 0.1089 0.697 0.2274 -0.9828 -0.0179 -0.1665 -0.0778
-0.8162 0.3405 0.4667 0.014 -0.4052 0.6513 0.1274 -0.6288 -0.7297 0.0871 0.6763 -0.05 -0.7238 -0.266 0.5734 -0.2768 -0.649 -0.1821 0.702 -0.2297 -0.7589 -0.1432 0.6042 0.196 -0.8177 -0.0071 -0.5752 0.0215 -0.7617 -0.0415 0.6421 0.0757 -0.6713 0.1089 0.697 0.2274 -0.9828 -0.0179 -0.1665 -0.0778
-0.8162 0.3405 0.4667 0.014 -0.4052 0.6513 0.1274 -0.6288 -0.7297 0.0871 0.6763 -0.05 -0.7238 -0.266 0.5734 -0.2768 -0.649 -0.1821 0.702 -0.2297 -0.7589 -0.1432 0.6042 0.196 -0.8177 -0.0071 -0.5752 0.0215 -0.7617 -0.0415 0.6421 0.0757 -0.6713 0.1089 0.697 0.2274 -0.9828 -0.0179 -0.1665 -0.0778
-0.8251 0.343 0.4485 0.0223 -0.4052 0.6513 0.1274 -0.6288 -0.7297 0.0871 0.6763 -0.05 -0.7052 -0.2411 0.6042 -0.2818 -0.649 -0.1821 0.702 -0.2297 -0.7589 -0.1432 0.6042 0.196 -0.8177 -0.0071 -0.5752 0.0215 -0.7617 -0.0415 0.6421 0.0757 -0.6713 0.1089 0.697 0.2274 -0.9828 -0.0179 -0.1665 -0.0778
-0.8251 0.343 0.4485 0.0223 -0.4052 0.6513 0.1274 -0.6288 -0.7297 0.0871 0.6763 -0.05 -0.7052 -0.2411 0.6042 -0.2818 -0.649 -0.1821 0.702 -0.2297 -0.7589 -0.1432 0.6042 0.196 -0.8177 -0.0071 -0.5752 0.0215 -0.7617 -0.0415 0.6421 0.0757 -0.6713 0.1089 0.697 0.2274 -0.9828 -0.0179 -0.1665 -0.0778
-0.8251 0.343 0.4485 0.0223 -0.4052 0.6513 0.1274 -0.6288 -0.7297 0.0871 0.6763 -0.05 -0.7052 -0.2411 0.6042 -0.2818 -0.649 -0.1821 0.702 -0.2297 -0.7589 -0.1432 0.6042 0.196 -0.8177 -0.0071 -0.5752 0.0215 -0.7617 -0.0415 0.6421 0.0757 -0.6713 0.1089 0.697 0.2274 -0.9828 -0.0179 -0.1665 -0.0778
-0.8251 0.343 0.4485 0.0223 -0.4052 0.6513 0.1274 -0.6288 -0.7297 0.0871 0.6763 -0.05 -0.7052 -0.2411 0.6042 -0.2818 -0.649 -0.1821 0.702 -0.2297 -0.7589 -0.1432 0.6042 0.196 -0.8177 -0.0071 -0.5752 0.0215 -0.7617 -0.0415 0.6421 0.0757 -0.6614 0.1831 0.698 0.2047 -0.9828 -0.0179 -0.1665 -0.0778
-0.8251 0.343 0.4485 0.0223 -0.4052 0.6513 0.1274 -0.6288 -0.7297 0.0871 0.6763 -0.05 -0.7052 -0.2411 0.6042 -0.2818 -0.649 -0.1821 0.702 -0.2297 -0.7886 -0.1492 0.5422 0.2486 -0.8177 -0.0071 -0.5752 0.0215 -0.7617 -0.0415 0.6421 0.0757 -0.6614 0.1831 0.698 0.2047 -0.9828 -0.0179 -0.1665 -0.0778
-0.8251 0.343 0.4485 0.0223 -0.4052 0.6513 0.1274 -0.6288 -0.7297 0.0871 0.6763 -0.05 -0.7052 -0.2411 0.6042 -0.2818 -0.649 -0.1821 0.702 -0.2297 -0.7886 -0.1492 0.5422 0.2486 -0.6733 -0.0763 -0.7319 -0.072 -0.7617 -0.0415 0.6421 0.0757 -0.6614 0.1831 0.698 0.2047 -0.9828 -0.0179 -0.1665 -0.0778
-0.8251 0.343 0.4485 0.0223 -0.4095 0.6287 0.1562 -0.6423 -0.7297 0.0871 0.6763 -0.05 -0.7052 -0.2411 0.6042 -0.2818 -0.649 -0.1821 0.702 -0.2297 -0.7886 -0.1492 0.5422 0.2486 -0.6733 -0.0763 -0.7319 -0.072 -0.7617 -0.0415 0.6421 0.0757 -0.6614 0.1831 0.698 0.2047 -0.9828 -0.0179 -0.1665 -0.0778
-0.8401 0.3246 0.4346 -0.0092 -0.4095 0.6287 0.1562 -0.6423 -0.7297 0.0871 0.6763 -0.05 -0.7302 -0.2635 0.5825 -0.2411 -0.649 -0.1821 0.702 -0.2297 -0.7886 -0.1492 0.5422 0.2486 -0.6733 -0.0763 -0.7319 -0.072 -0.7617 -0.0415 0.6421 0.0757 -0.6614 0.1831 0.698 0.2047 -0.9828 -0.0179 -0.1665 -0.0778
-0.8401 0.3246 0.4346 -0.0092 -0.4095 0.6287 0.1562 -0.6423 -0.7297 0.0871 0.6763 -0.05 -0.7302 -0.2635 0.5825 -0.2411 -0.649 -0.1821 0.702 -0.2297 -0.7886 -0.1492 0.5422 0.2486 -0.6733 -0.0763 -0.7319 -0.072 -0.7617 -0.0415 0.6421 0.0757 -0.6614 0.1831 0.698 0.2047 -0.9828 -0.0179 -0.1665 -0.0778
-0.8401 0.3246 0.4346 -0.0092 -0.4095 0.6287 0.1562 -0.6423 -0.7297 0.0871 0.6763 -0.05 -0.7302 -0.2635 0.5825 -0.2411 -0.649 -0.1821 0.702 -0.2297 -0.7886 -0.1492 0.5422 0.2486 -0.6733 -0.0763 -0.7319 -0.072 -0.7617 -0.0415 0.6421 0.0757 -0.6614 0.1831 0.698 0.2047 -0.9828 -0.0179 -0.1665 -0.0778
-0.8401 0.3246 0.4346 -0.0092 -0.4095 0.6287 0.1562 -0.6423 -0.7297 0.0871 0.6763 -0.05 -0.7302 -0.2635 0.5825 -0.2411 -0.7448 -0.145 0.6339 -0.1497 -0.7886 -0.1492 0.5422 0.2486 -0.6733 -0.0763 -0.7319 -0.072 -0.7124 -0.0266 0.6965 0.0818 -0.65 0.2216 0.7037 0.1824 -0.9828 -0.0179 -0.1665 -0.0778
-0.8401 0.3246 0.4346 -0.0092 -0.4095 0.6287 0.1562 -0.6423 -0.7297 0.0871 0.6763 -0.05 -0.7302 -0.2635 0.5825 -0.2411 -0.7448 -0.145 0.6339 -0.1497 -0.8262 -0.1611 0.497 0.2109 -0.6733 -0.0763 -0.7319 -0.072 -0.7124 -0.0266 0.6965 0.0818 -0.65 0.2216 0.7037 0.1824 -0.9828 -0.0179 -0.1665 -0.0778
-0.8401 0.3246 0.4346 -0.0092 -0.4095 0.6287 0.1562 -0.6423 -0.7297 0.0871 0.6763 -0.05 -0.7302 -0.2635 0.5825 -0.2411 -0.7448 -0.145 0.6339 -0.1497 -0.8262 -0.1611 0.497 0.2109 -0.6733 -0.0763 -0.7319 -0.072 -0.7124 -0.0266 0.6965 0.0818 -0.65 0.2216 0.7037 0.1824 -0.9828 -0.0179 -0.1665 -0.0778
-0.8368 0.3174 0.446 -0.0053 -0.4009 0.6387 0.1636 -0.636 -0.7297 0.0871 0.6763 -0.05 -0.7302 -0.2635 0.5825 -0.2411 -0.7448 -0.145 0.6339 -0.1497 -0.8262 -0.1611 0.497 0.2109 -0.7228 0.0482 -0.6892 -0.0137 -0.7124 -0.0266 0.6965 0.0818 -0.65 0.2216 0.7037 0.1824 -0.9828 -0.0179 -0.1665 -0.0778
-0.8368 0.3174 0.446 -0.0053 -0.4009 0.6387 0.1636 -0.636 -0.7297 0.0871 0.6763 -0.05 -0.7528 -0.3398 0.5248 -0.2058 -0.7448 -0.145 0.6339 -0.1497 -0.8262 -0.1611 0.497 0.2109 -0.7228 0.0482 -0.6892 -0.0137 -0.7124 -0.0266 0.6965 0.0818 -0.65 0.2216 0.7037 0.1824 -0.9828 -0.0179 -0.1665 -0.0778
-0.8368 0.3174 0.446 -0.0053 -0.4009 0.6387 0.1636 -0.636 -0.7297 0.0871 0.6763 -0.05 -0.7528 -0.3398 0.5248 -0.2058 -0.7448 -0.145 0.6339 -0.1497 -0.8262 -0.1611 0.497 0.2109 -0.7228 0.0482 -0.6892 -0.0137 -0.7124 -0.0266 0.6965 0.0818 -0.65 0.2216 0.7037 0.1824 -0.9828 -0.0179 -0.1665 -0.0778
-0.8368 0.3174 0.446 -0.0053 -0.4009 0.6387 0.1636 -0.636 -0.7297 0.0871 0.6763 -0.05 -0.7528 -0.3398 0.5248 -0.2058 -0.7448 -0.145 0.6339 -0.1497 -0.8262 -0.1611 0.497 0.2109 -0.7228 0.0482 -0.6892 -0.0137 -0.697 -0.0247 0.7153 0.0433 -0.65 0.2216 0.7037 0.1824 -0.9828 -0.0179 -0.1665 -0.0778
-0.8368 0.3174 0.446 -0.0053 -0.4009 0.6387 0.1636 -0.636 -0.7297 0.0871 0.6763 -0.05 -0.7528 -0.3398 0.5248 -0.2058 -0.7448 -0.145 0.6339 -0.1497 -0.8262 -0.1611 0.497 0.2109 -0.7228 0.0482 -0.6892 -0.0137 -0.697 -0.0247 0.7153 0.0433 -0.6581 0.1985 0.714 0.1328 -0.9828 -0.0179 -0.1665 -0.0778
-0.8368 0.3174 0.446 -0.0053 -0.4009 0.6387 0.1636 -0.636 -0.7297 0.0871 0.6763 -0.05 -0.7528 -0.3398 0.5248 -0.2058 -0.7448 -0.145 0.6339 -0.1497 -0.854 -0.0421 0.4996 0.139 -0.7228 0.0482 -0.6892 -0.0137 -0.697 -0.0247 0.7153 0.0433 -0.6581 0.1985 0.714 0.1328 -0.9828 -0.0179 -0.1665 -0.0778
-0.8368 0.3174 0.446 -0.0053 -0.4009 0.6387 0.1636 -0.636 -0.7297 0.0871 0.6763 -0.05 -0.7528 -0.3398 0.5248 -0.2058 -0.7448 -0.145 0.6339 -0.1497 -0.854 -0.0421 0.4996 0.139 -0.7928 0.159 -0.5735 0.1312 -0.697 -0.0247 0.7153 0.0433 -0.6581 0.1985 0.714 0.1328 -0.9828 -0.0179 -0.1665 -0.0778
-0.8368 0.3174 0.446 -0.0053 -0.4009 0.6387 0.1636 -0.636 -0.7297 0.0871 0.6763 -0.05 -0.7528 -0.3398 0.5248 -0.2058 -0.7448 -0.145 0.6339 -0.1497 -0.854 -0.0421 0.4996 0.139 -0.7928 0.159 -0.5735 0.1312 -0.697 -0.0247 0.7153 0.0433 -0.6581 0.1985 0.714 0.1328 -0.9828 -0.0179 -0.1665 -0.0778
-0.8349 0.3149 0.4514 1.0E-4 -0.3987 0.6454 0.1611 -0.6313 -0.759 0.0665 0.6467 0.0353 -0.7722 -0.3448 0.5049 -0.1732 -0.7448 -0.145 0.6339 -0.1497 -0.854 -0.0421 0.4996 0.139 -0.7928 0.159 -0.5735 0.1312 -0.697 -0.0247 0.7153 0.0433 -0.6581 0.1985 0.714 0.1328 -0.9514 -0.0336 -0.3055 -0.021
-0.8349 0.3149 0.4514 1.0E-4 -0.3987 0.6454 0.1611 -0.6313 -0.759 0.0665 0.6467 0.0353 -0.7722 -0.3448 0.5049 -0.1732 -0.7448 -0.145 0.6339 -0.1497 -0.854 -0.0421 0.4996 0.139 -0.7928 0.159 -0.5735 0.1312 -0.697 -0.0247 0.7153 0.0433 -0.6581 0.1985 0.714 0.1328 -0.9514 -0.0336 -0.3055 -0.021
-0.8349 0.3149 0.4514 1.0E-4 -0.3987 0.6454 0.1611 -0.6313 -0.759 0.0665 0.6467 0.0353 -0.7722 -0.3448 0.5049 -0.1732 -0.7448 -0.145 0.6339 -0.1497 -0.854 -0.0421 0.4996 0.139 -0.7928 0.159 -0.5735 0.1312 -0.697 -0.0247 0.7153 0.0433 -0.6581 0.1985 0.714 0.1328 -0.9514 -0.0336 -0.3055 -0.021
-0.8349 0.3149 0.4514 1.0E-4 -0.3987 0.6454 0.1611 -0.6313 -0.759 0.0665 0.6467 0.0353 -0.7722 -0.3448 0.5049 -0.1732 -0.7448 -0.145 0.6339 -0.1497 -0.854 -0.0421 0.4996 0.139 -0.7928 0.159 -0.5735 0.1312 -0.697 -0.0247 0.7153 0.0433 -0.661 0.1977 0.7145 0.1161 -0.9514 -0.0336 -0.3055 -0.021
-0.8349 0.3149 0.4514 1.0E-4 -0.3987 0.6454 0.1611 -0.6313 -0.759 0.0665 0.6467 0.0353 -0.7722 -0.3448 0.5049 -0.1732 -0.7448 -0.145 0.6339 -0.1497 -0.8511 -0.0476 0.5226 -0.0086 -0.7928 0.159 -0.5735 0.1312 -0.697 -0.0247 0.7153 0.0433 -0.661 0.1977 0.7145 0.1161 -0.9514 -0.0336 -0.3055 -0.021
-0.8349 0.3149 0.4514 1.0E-4 -0.3987 0.6454 0.1611 -0.6313 -0.759 0.0665 0.6467 0.0353 -0.7722 -0.3448 0.5049 -0.1732 -0.7448 -0.145 0.6339 -0.1497 -0.8511 -0.0476 0.5226 -0.0086 -0.8385 0.1518 -0.5233 0.0052 -0.697 -0.0247 0.7153 0.0433 -0.661 0.1977 0.7145 0.1161 -0.9514 -0.0336 -0.3055 -0.021
-0.8349 0.3149 0.4514 1.0E-4 -0.3987 0.6454 0.1611 -0.6313 -0.759 0.0665 0.6467 0.0353 -0.7722 -0.3448 0.5049 -0.1732 -0.7448 -0.145 0.6339 -0.1497 -0.8511 -0.0476 0.5226 -0.0086 -0.8385 0.1518 -0.5233 0.0052 -0.697 -0.0247 0.7153 0.0433 -0.661 0.1977 0.7145 0.1161 -0.9514 -0.0336 -0.3055 -0.021
-0.8395 0.2972 0.4549 0.0062 -0.3953 0.6553 0.1734 -0.6199 -0.7622 0.0928 0.6379 0.0596 -0.791 -0.3158 0.507 -0.1331 -0.7448 -0.145 0.6339 -0.1497 -0.8511 -0.0476 0.5226 -0.0086 -0.8385 0.1518 -0.5233 0.0052 -0.697 -0.0247 0.7153 0.0433 -0.661 0.1977 0.7145 0.1161 -0.951 -0.0369 -0.3054 -0.0308
-0.8395 0.2972 0.4549 0.0062 -0.3953 0.6553 0.1734 -0.6199 -0.7622 0.0928 0.6379 0.0596 -0.791 -0.3158 0.507 -0.1331 -0.7259 -0.2092 0.5534 -0.3507 -0.8511 -0.0476 0.5226 -0.0086 -0.8385 0.1518 -0.5233 0.0052 -0.697 -0.0247 0.7153 0.0433 -0.661 0.1977 0.7145 0.1161 -0.951 -0.0369 -0.3054 -0.0308
-0.8395 0.2972 0.4549 0.0062 -0.3953 0.6553 0.1734 -0.6199 -0.7622 0.0928 0.6379 0.0596 -0.791 -0.3158 0.507 -0.1331 -0.7259 -0.2092 0.5534 -0.3507 -0.8511 -0.0476 0.5226 -0.0086 -0.8385 0.1518 -0.5233 0.0052 -0.697 -0.0247 0.7153 0.0433 -0.6662 0.2084 0.7081 0.1068 -0.951 -0.0369 -0.3054 -0.0308
-0.8395 0.2972 0.4549 0.0062 -0.3953 0.6553 0.1734 -0.6199 -0.7622 0.0928 0.6379 0.0596 -0.791 -0.3158 0.507 -0.1331 -0.7259 -0.2092 0.5534 -0.3507 -0.8112 -0.0067 0.5784 -0.0862 -0.8385 0.1518 -0.5233 0.0052 -0.697 -0.0247 0.7153 0.0433 -0.6662 0.2084 0.7081 0.1068 -0.951 -0.0369 -0.3054 -0.0308
-0.8395 0.2972 0.4549 0.0062 -0.3953 0.6553 0.1734 -0.6199 -0.7622 0.0928 0.6379 0.0596 -0.791 -0.3158 0.507 -0.1331 -0.7259 -0.2092 0.5534 -0.3507 -0.8112 -0.0067 0.5784 -0.0862 -0.8385 0.1518 -0.5233 0.0052 -0.697 -0.0247 0.7153 0.0433 -0.6662 0.2084 0.7081 0.1068 -0.951 -0.0369 -0.3054 -0.0308
-0.8395 0.2972 0.4549 0.0062 -0.3953 0.6553 0.1734 -0.6199 -0.7622 0.0928 0.6379 0.0596 -0.791 -0.3158 0.507 -0.1331 -0.7259 -0.2092 0.5534 -0.3507 -0.8112 -0.0067 0.5784 -0.0862 -0.8594 0.0248 -0.5037 -0.0839 -0.697 -0.0247 0.7153 0.0433 -0.6662 0.2084 0.7081 0.1068 -0.951 -0.0369 -0.3054 -0.0308
-0.8395 0.2972 0.4549 0.0062 -0.3953 0.6553 0.1734 -0.6199 -0.7622 0.0928 0.6379 0.0596 -0.791 -0.3158 0.507 -0.1331 -0.7259 -0.2092 0.5534 -0.3507 -0.8112 -0.0067 0.5784 -0.0862 -0.8594 0.0248 -0.5037 -0.0839 -0.697 -0.0247 0.7153 0.0433 -0.6662 0.2084 0.7081 0.1068 -0.951 -0.0369 -0.3054 -0.0308
-0.8326 0.2905 0.4714 0.0162 -0.3833 0.6724 0.1722 -0.6094 -0.7499 0.1096 0.6508 0.0455 -0.7816 -0.3186 0.5173 -0.1418 -0.7259 -0.2092 0.5534 -0.3507 -0.8112 -0.0067 0.5784 -0.0862 -0.8594 0.0248 -0.5037 -0.0839 -0.697 -0.0247 0.7153 0.0433 -0.6662 0.2084 0.7081 0.1068 -0.9505 -0.0372 -0.3064 -0.035
-0.8326 0.2905 0.4714 0.0162 -0.3833 0.6724 0.1722 -0.6094 -0.7499 0.1096 0.6508 0.0455 -0.7816 -0.3186 0.5173 -0.1418 -0.7259 -0.2092 0.5534 -0.3507 -0.8112 -0.0067 0.5784 -0.0862 -0.8594 0.0248 -0.5037 -0.0839 -0.697 -0.0247 0.7153 0.0433 -0.6662 0.2084 0.7081 0.1068 -0.9505 -0.0372 -0.3064 -0.035
-0.8326 0.2905 0.4714 0.0162 -0.3833 0.6724 0.1722 -0.6094 -0.7499 0.1096 0.6508 0.0455 -0.7816 -0.3186 0.5173 -0.1418 -0.7259 -0.2092 0.5534 -0.3507 -0.8112 -0.0067 0.5784 -0.0862 -0.8594 0.0248 -0.5037 -0.0839 -0.697 -0.0247 0.7153 0.0433 -0.6774 0.2109 0.6997 0.0839 -0.9505 -0.0372 -0.3064 -0.035
-0.8326 0.2905 0.4714 0.0162 -0.3833 0.6724 0.1722 -0.6094 -0.7499 0.1096 0.6508 0.0455 -0.7816 -0.3186 0.5173 -0.1418 -0.7259 -0.2092 0.5534 -0.3507 -0.8112 -0.0067 0.5784 -0.0862 -0.8594 0.0248 -0.5037 -0.0839 -0.697 -0.0247 0.7153 0.0433 -0.6774 0.2109 0.6997 0.0839 -0.9505 -0.0372 -0.3064 -0.035
-0.8326 0.2905 0.4714 0.0162 -0.3833 0.6724 0.1722 -0.6094 -0.7499 0.1096 0.6508 0.0455 -0.7816 -0.3186 0.5173 -0.1418 -0.7259 -0.2092 0.5534 -0.3507 -0.7754 -0.0394 0.6245 -0.0858 -0.8594 0.0248 -0.5037 -0.0839 -0.697 -0.0247 0.7153 0.0433 -0.6774 0.2109 0.6997 0.0839 -0.9505 -0.0372 -0.3064 -0.035
-0.8326 0.2905 0.4714 0.0162 -0.3833 0.6724 0.1722 -0.6094 -0.7499 0.1096 0.6508 0.0455 -0.7816 -0.3186 0.5173 -0.1418 -0.7259 -0.2092 0.5534 -0.3507 -0.7754 -0.0394 0.6245 -0.0858 -0.8797 0.0101 -0.4728 -0.0496 -0.697 -0.0247 0.7153 0.0433 -0.6774 0.2109 0.6997 0.0839 -0.9505 -0.0372 -0.3064 -0.035
-0.8326 0.2905 0.4714 0.0162 -0.3833 0.6724 0.1722 -0.6094 -0.7499 0.1096 0.6508 0.0455 -0.7816 -0.3186 0.5173 -0.1418 -0.7259 -0.2092 0.5534 -0.3507 -0.7754 -0.0394 0.6245 -0.0858 -0.8797 0.0101 -0.4728 -0.0496 -0.697 -0.0247 0.7153 0.0433 -0.6774 0.2109 0.6997 0.0839 -0.9505 -0.0372 -0.3064 -0.035
-0.8215 0.3007 0.4844 0.0039 -0.3654 0.674 0.1644 -0.6206 -0.7388 0.106 0.6653 0.0193 -0.7684 -0.297 0.5397 -0.1736 -0.7259 -0.2092 0.5534 -0.3507 -0.7754 -0.0394 0.6245 -0.0858 -0.8797 0.0101 -0.4728 -0.0496 -0.697 -0.0247 0.7153 0.0433 -0.6774 0.2109 0.6997 0.0839 -0.9468 -0.0346 -0.3176 -0.0374
-0.8215 0.3007 0.4844 0.0039 -0.3654 0.674 0.1644 -0.6206 -0.7388 0.106 0.6653 0.0193 -0.7684 -0.297 0.5397 -0.1736 -0.7259 -0.2092 0.5534 -0.3507 -0.7754 -0.0394 0.6245 -0.0858 -0.8797 0.0101 -0.4728 -0.0496 -0.697 -0.0247 0.7153 0.0433 -0.6774 0.2109 0.6997 0.0839 -0.9468 -0.0346 -0.3176 -0.0374
-0.8215 0.3007 0.4844 0.0039 -0.3654 0.674 0.1644 -0.6206 -0.7388 0.106 0.6653 0.0193 -0.7684 -0.297 0.5397 -0.1736 -0.7259 -0.2092 0.5534 -0.3507 -0.7754 -0.0394 0.6245 -0.0858 -0.8797 0.0101 -0.4728 -0.0496 -0.697 -0.0247 0.7153 0.0433 -0.6774 0.2109 0.6997 0.0839 -0.9468 -0.0346 -0.3176 -0.0374
-0.8215 0.3007 0.4844 0.0039 -0.3654 0.674 0.1644 -0.6206 -0.7388 0.106 0.6653 0.0193 -0.7684 -0.297 0.5397 -0.1736 -0.7259 -0.2092 0.5534 -0.3507 -0.7754 -0.0394 0.6245 -0.0858 -0.8797 0.0101 -0.4728 -0.0496 -0.697 -0.0247 0.7153 0.0433 -0.6999 0.2258 0.6766 0.0354 -0.9468 -0.0346 -0.3176 -0.0374
-0.8215 0.3007 0.4844 0.0039 -0.3654 0.674 0.1644 -0.6206 -0.7388 0.106 0.6653 0.0193 -0.7684 -0.297 0.5397 -0.1736 -0.7259 -0.2092 0.5534 -0.3507 -0.7628 -0.0945 0.6393 -0.0235 -0.8797 0.0101 -0.4728 -0.0496 -0.697 -0.0247 0.7153 0.0433 -0.6999 0.2258 0.6766 0.0354 -0.9468 -0.0346 -0.3176 -0.0374
-0.8215 0.3007 0.4844 0.0039 -0.3654 0.674 0.1644 -0.6206 -0.7388 0.106 0.6653 0.0193 -0.7684 -0.297 0.5397 -0.1736 -0.7259 -0.2092 0.5534 -0.3507 -0.7628 -0.0945 0.6393 -0.0235 -0.9056 0.0081 -0.423 -0.0297 -0.697 -0.0247 0.7153 0.0433 -0.6999 0.2258 0.6766 0.0354 -0.9468 -0.0346 -0.3176 -0.0374
-0.8215 0.3007 0.4844 0.0039 -0.3654 0.674 0.1644 -0.6206 -0.7388 0.106 0.6653 0.0193 -0.7684 -0.297 0.5397 -0.1736 -0.7259 -0.2092 0.5534 -0.3507 -0.7628 -0.0945 0.6393 -0.0235 -0.9056 0.0081 -0.423 -0.0297 -0.697 -0.0247 0.7153 0.0433 -0.6999 0.2258 0.6766 0.0354 -0.9468 -0.0346 -0.3176 -0.0374
-0.8098 0.3228 0.4891 -0.028 -0.3471 0.6588 0.1515 -0.6501 -0.731 0.0562 0.6785 -0.0463 -0.7415 -0.2818 0.5572 -0.2458 -0.7259 -0.2092 0.5534 -0.3507 -0.7628 -0.0945 0.6393 -0.0235 -0.9056 0.0081 -0.423 -0.0297 -0.697 -0.0247 0.7153 0.0433 -0.6999 0.2258 0.6766 0.0354 -0.9287 -0.0326 -0.3679 -0.0324
-0.8098 0.3228 0.4891 -0.028 -0.3471 0.6588 0.1515 -0.6501 -0.731 0.0562 0.6785 -0.0463 -0.7415 -0.2818 0.5572 -0.2458 -0.7259 -0.2092 0.5534 -0.3507 -0.7628 -0.0945 0.6393 -0.0235 -0.9056 0.0081 -0.423 -0.0297 -0.6982 -0.0609 0.7004 -0.1349 -0.6999 0.2258 0.6766 0.0354 -0.9287 -0.0326 -0.3679 -0.0324
-0.8098 0.3228 0.4891 -0.028 -0.3471 0.6588 0.1515 -0.6501 -0.731 0.0562 0.6785 -0.0463 -0.7415 -0.2818 0.5572 -0.2458 -0.7259 -0.2092 0.5534 -0.3507 -0.7628 -0.0945 0.6393 -0.0235 -0.9056 0.0081 -0.423 -0.0297 -0.6982 -0.0609 0.7004 -0.1349 -0.6999 0.2258 0.6766 0.0354 -0.9287 -0.0326 -0.3679 -0.0324
-0.8098 0.3228 0.4891 -0.028 -0.3471 0.6588 0.1515 -0.6501 -0.731 0.0562 0.6785 -0.0463 -0.7415 -0.2818 0.5572 -0.2458 -0.7259 -0.2092 0.5534 -0.3507 -0.7628 -0.0945 0.6393 -0.0235 -0.9056 0.0081 -0.423 -0.0297 -0.6982 -0.0609 0.7004 -0.1349 -0.7199 0.2629 0.6418 -0.0266 -0.9287 -0.0326 -0.3679 -0.0324
-0.8098 0.3228 0.4891 -0.028 -0.3471 0.6588 0.1515 -0.6501 -0.731 0.0562 0.6785 -0.0463 -0.7415 -0.2818 0.5572 -0.2458 -0.7259 -0.2092 0.5534 -0.3507 -0.7521 -0.1127 0.6491 0.0157 -0.9056 0.0081 -0.423 -0.0297 -0.6982 -0.0609 0.7004 -0.1349 -0.7199 0.2629 0.6418 -0.0266 -0.9287 -0.0326 -0.3679 -0.0324
-0.8098 0.3228 0.4891 -0.028 -0.3471 0.6588 0.1515 -0.6501 -0.731 0.0562 0.6785 -0.0463 -0.7415 -0.2818 0.5572 -0.2458 -0.7259 -0.2092 0.5534 -0.3507 -0.7521 -0.1127 0.6491 0.0157 -0.9025 0.0051 -0.4291 -0.0363 -0.6982 -0.0609 0.7004 -0.1349 -0.7199 0.2629 0.6418 -0.0266 -0.9287 -0.0326 -0.3679 -0.0324
-0.8098 0.3228 0.4891 -0.028 -0.3471 0.6588 0.1515 -0.6501 -0.731 0.0562 0.6785 -0.0463 -0.7415 -0.2818 0.5572 -0.2458 -0.7259 -0.2092 0.5534 -0.3507 -0.7521 -0.1127 0.6491 0.0157 -0.9025 0.0051 -0.4291 -0.0363 -0.6982 -0.0609 0.7004 -0.1349 -0.7199 0.2629 0.6418 -0.0266 -0.9287 -0.0326 -0.3679 -0.0324
-0.7994 0.3416 0.492 -0.0453 -0.3342 0.6466 0.1385 -0.6716 -0.7231 0.0362 0.6841 -0.0882 -0.7098 -0.2816 0.5684 -0.3062 -0.7259 -0.2092 0.5534 -0.3507 -0.7521 -0.1127 0.6491 0.0157 -0.9025 0.0051 -0.4291 -0.0363 -0.6982 -0.0609 0.7004 -0.1349 -0.7199 0.2629 0.6418 -0.0266 -0.8464 -0.0247 -0.5319 -1.0E-4
-0.7994 0.3416 0.492 -0.0453 -0.3342 0.6466 0.1385 -0.6716 -0.7231 0.0362 0.6841 -0.0882 -0.7098 -0.2816 0.5684 -0.3062 -0.7259 -0.2092 0.5534 -0.3507 -0.7521 -0.1127 0.6491 0.0157 -0.9025 0.0051 -0.4291 -0.0363 -0.6982 -0.0609 0.7004 -0.1349 -0.7199 0.2629 0.6418 -0.0266 -0.8464 -0.0247 -0.5319 -1.0E-4
-0.7994 0.3416 0.492 -0.0453 -0.3342 0.6466 0.1385 -0.6716 -0.7231 0.0362 0.6841 -0.0882 -0.7098 -0.2816 0.5684 -0.3062 -0.7259 -0.2092 0.5534 -0.3507 -0.7521 -0.1127 0.6491 0.0157 -0.9025 0.0051 -0.4291 -0.0363 -0.6982 -0.0609 0.7004 -0.1349 -0.7199 0.2629 0.6418 -0.0266 -0.8464 -0.0247 -0.5319 -1.0E-4
-0.7994 0.3416 0.492 -0.0453 -0.3342 0.6466 0.1385 -0.6716 -0.7231 0.0362 0.6841 -0.0882 -0.7098 -0.2816 0.5684 -0.3062 -0.7259 -0.2092 0.5534 -0.3507 -0.7521 -0.1127 0.6491 0.0157 -0.9025 0.0051 -0.4291 -0.0363 -0.6982 -0.0609 0.7004 -0.1349 -0.7205 0.3376 0.601 -0.0759 -0.8464 -0.0247 -0.5319 -1.0E-4
-0.7994 0.3416 0.492 -0.0453 -0.3342 0.6466 0.1385 -0.6716 -0.7231 0.0362 0.6841 -0.0882 -0.7098 -0.2816 0.5684 -0.3062 -0.7259 -0.2092 0.5534 -0.3507 -0.7374 -0.1373 0.6608 0.0251 -0.9025 0.0051 -0.4291 -0.0363 -0.6982 -0.0609 0.7004 -0.1349 -0.7205 0.3376 0.601 -0.0759 -0.8464 -0.0247 -0.5319 -1.0E-4
-0.7994 0.3416 0.492 -0.0453 -0.3342 0.6466 0.1385 -0.6716 -0.7231 0.0362 0.6841 -0.0882 -0.7098 -0.2816 0.5684 -0.3062 -0.7259 -0.2092 0.5534 -0.3507 -0.7374 -0.1373 0.6608 0.0251 -0.8972 0.0125 -0.4397 -0.0394 -0.6982 -0.0609 0.7004 -0.1349 -0.7205 0.3376 0.601 -0.0759 -0.8464 -0.0247 -0.5319 -1.0E-4
-0.7994 0.3416 0.492 -0.0453 -0.3342 0.6466 0.1385 -0.6716 -0.7231 0.0362 0.6841 -0.0882 -0.7098 -0.2816 0.5684 -0.3062 -0.7259 -0.2092 0.5534 -0.3507 -0.7374 -0.1373 0.6608 0.0251 -0.8972 0.0125 -0.4397 -0.0394 -0.6982 -0.0609 0.7004 -0.1349 -0.7205 0.3376 0.601 -0.0759 -0.8464 -0.0247 -0.5319 -1.0E-4
-0.803 0.3461 0.4821 -0.0558 -0.3361 0.6335 0.1368 -0.6833 -0.7231 0.0362 0.6841 -0.0882 -0.6916 -0.3225 0.5438 -0.3492 -0.7259 -0.2092 0.5534 -0.3507 -0.7374 -0.1373 0.6608 0.0251 -0.8972 0.0125 -0.4397 -0.0394 -0.6982 -0.0609 0.7004 -0.1349 -0.7205 0.3376 0.601 -0.0759 -0.8464 -0.0247 -0.5319 -1.0E-4
-0.803 0.3461 0.4821 -0.0558 -0.3361 0.6335 0.1368 -0.6833 -0.7231 0.0362 0.6841 -0.0882 -0.6916 -0.3225 0.5438 -0.3492 -0.7259 -0.2092 0.5534 -0.3507 -0.7374 -0.1373 0.6608 0.0251 -0.8972 0.0125 -0.4397 -0.0394 -0.6982 -0.0609 0.7004 -0.1349 -0.7205 0.3376 0.601 -0.0759 -0.7687 -0.0807 -0.6345 -0.0026
-0.803 0.3461 0.4821 -0.0558 -0.3361 0.6335 0.1368 -0.6833 -0.7231 0.0362 0.6841 -0.0882 -0.6916 -0.3225 0.5438 -0.3492 -0.6326 -0.2125 0.6854 -0.2914 -0.7374 -0.1373 0.6608 0.0251 -0.8972 0.0125 -0.4397 -0.0394 -0.7638 -0.0709 0.6415 0.0079 -0.7205 0.3376 0.601 -0.0759 -0.7687 -0.0807 -0.6345 -0.0026
-0.803 0.3461 0.4821 -0.0558 -0.3361 0.6335 0.1368 -0.6833 -0.7231 0.0362 0.6841 -0.0882 -0.6916 -0.3225 0.5438 -0.3492 -0.6326 -0.2125 0.6854 -0.2914 -0.7374 -0.1373 0.6608 0.0251 -0.8972 0.0125 -0.4397 -0.0394 -0.7638 -0.0709 0.6415 0.0079 -0.7271 0.3382 0.593 -0.0736 -0.7687 -0.0807 -0.6345 -0.0026
-0.803 0.3461 0.4821 -0.0558 -0.3361 0.6335 0.1368 -0.6833 -0.7231 0.0362 0.6841 -0.0882 -0.6916 -0.3225 0.5438 -0.3492 -0.6326 -0.2125 0.6854 -0.2914 -0.73 -0.149 0.6654 0.0467 -0.8972 0.0125 -0.4397 -0.0394 -0.7638 -0.0709 0.6415 0.0079 -0.7271 0.3382 0.593 -0.0736 -0.7687 -0.0807 -0.6345 -0.0026
-0.803 0.3461 0.4821 -0.0558 -0.3361 0.6335 0.1368 -0.6833 -0.7231 0.0362 0.6841 -0.0882 -0.6916 -0.3225 0.5438 -0.3492 -0.6326 -0.2125 0.6854 -0.2914 -0.73 -0.149 0.6654 0.0467 -0.8942 0.0183 -0.4457 -0.0372 -0.7638 -0.0709 0.6415 0.0079 -0.7271 0.3382 0.593 -0.0736 -0.7687 -0.0807 -0.6345 -0.0026
-0.803 0.3461 0.4821 -0.0558 -0.3361 0.6335 0.1368 -0.6833 -0.7231 0.0362 0.6841 -0.0882 -0.6916 -0.3225 0.5438 -0.3492 -0.6326 -0.2125 0.6854 -0.2914 -0.73 -0.149 0.6654 0.0467 -0.8942 0.0183 -0.4457 -0.0372 -0.7638 -0.0709 0.6415 0.0079 -0.7271 0.3382 0.593 -0.0736 -0.7687 -0.0807 -0.6345 -0.0026
-0.8043 0.3375 0.4871 -0.0443 -0.3382 0.6417 0.1414 -0.6736 -0.7433 0.0392 0.6616 -0.0905 -0.7267 -0.3141 0.5283 -0.3066 -0.6326 -0.2125 0.6854 -0.2914 -0.73 -0.149 0.6654 0.0467 -0.8942 0.0183 -0.4457 -0.0372 -0.7638 -0.0709 0.6415 0.0079 -0.7271 0.3382 0.593 -0.0736 -0.8932 -0.0958 -0.4371 -0.0433
-0.8043 0.3375 0.4871 -0.0443 -0.3382 0.6417 0.1414 -0.6736 -0.7433 0.0392 0.6616 -0.0905 -0.7267 -0.3141 0.5283 -0.3066 -0.6326 -0.2125 0.6854 -0.2914 -0.73 -0.149 0.6654 0.0467 -0.8942 0.0183 -0.4457 -0.0372 -0.7678 -0.0536 0.6362 0.0536 -0.7271 0.3382 0.593 -0.0736 -0.8932 -0.0958 -0.4371 -0.0433
-0.8043 0.3375 0.4871 -0.0443 -0.3382 0.6417 0.1414 -0.6736 -0.7433 0.0392 0.6616 -0.0905 -0.7267 -0.3141 0.5283 -0.3066 -0.6388 -0.1964 0.6997 -0.2527 -0.73 -0.149 0.6654 0.0467 -0.8942 0.0183 -0.4457 -0.0372 -0.7678 -0.0536 0.6362 0.0536 -0.7271 0.3382 0.593 -0.0736 -0.8932 -0.0958 -0.4371 -0.0433
-0.8043 0.3375 0.4871 -0.0443 -0.3382 0.6417 0.1414 -0.6736 -0.7433 0.0392 0.6616 -0.0905 -0.7267 -0.3141 0.5283 -0.3066 -0.6388 -0.1964 0.6997 -0.2527 -0.73 -0.149 0.6654 0.0467 -0.8942 0.0183 -0.4457 -0.0372 -0.7678 -0.0536 0.6362 0.0536 -0.7338 0.1888 0.6459 0.0937 -0.8932 -0.0958 -0.4371 -0.0433
-0.8043 0.3375 0.4871 -0.0443 -0.3382 0.6417 0.1414 -0.6736 -0.7433 0.0392 0.6616 -0.0905 -0.7267 -0.3141 0.5283 -0.3066 -0.6388 -0.1964 0.6997 -0.2527 -0.729 -0.1547 0.6632 0.069 -0.8942 0.0183 -0.4457 -0.0372 -0.7678 -0.0536 0.6362 0.0536 -0.7338 0.1888 0.6459 0.0937 -0.8932 -0.0958 -0.4371 -0.0433
-0.8043 0.3375 0.4871 -0.0443 -0.3382 0.6417 0.1414 -0.6736 -0.7433 0.0392 0.6616 -0.0905 -0.7267 -0.3141 0.5283 -0.3066 -0.6388 -0.1964 0.6997 -0.2527 -0.729 -0.1547 0.6632 0.069 -0.8875 0.0227 -0.459 -0.0349 -0.7678 -0.0536 0.6362 0.0536 -0.7338 0.1888 0.6459 0.0937 -0.8932 -0.0958 -0.4371 -0.0433
-0.8076 0.3436 0.4792 -0.0143 -0.3562 0.6522 0.127 -0.657 -0.7433 0.0392 0.6616 -0.0905 -0.7267 -0.3141 0.5283 -0.3066 -0.6388 -0.1964 0.6997 -0.2527 -0.729 -0.1547 0.6632 0.069 -0.8875 0.0227 -0.459 -0.0349 -0.7678 -0.0536 0.6362 0.0536 -0.7338 0.1888 0.6459 0.0937 -0.8932 -0.0958 -0.4371 -0.0433
-0.8076 0.3436 0.4792 -0.0143 -0.3562 0.6522 0.127 -0.657 -0.7433 0.0392 0.6616 -0.0905 -0.7267 -0.3141 0.5283 -0.3066 -0.6388 -0.1964 0.6997 -0.2527 -0.729 -0.1547 0.6632 0.069 -0.8875 0.0227 -0.459 -0.0349 -0.7678 -0.0536 0.6362 0.0536 -0.7338 0.1888 0.6459 0.0937 -0.9697 -0.0665 -0.2274 -0.0604
-0.8076 0.3436 0.4792 -0.0143 -0.3562 0.6522 0.127 -0.657 -0.7433 0.0392 0.6616 -0.0905 -0.7267 -0.3141 0.5283 -0.3066 -0.6388 -0.1964 0.6997 -0.2527 -0.729 -0.1547 0.6632 0.069 -0.8875 0.0227 -0.459 -0.0349 -0.7678 -0.0536 0.6362 0.0536 -0.7338 0.1888 0.6459 0.0937 -0.9697 -0.0665 -0.2274 -0.0604
-0.8076 0.3436 0.4792 -0.0143 -0.3562 0.6522 0.127 -0.657 -0.7433 0.0392 0.6616 -0.0905 -0.7267 -0.3141 0.5283 -0.3066 -0.6388 -0.1964 0.6997 -0.2527 -0.729 -0.1547 0.6632 0.069 -0.8875 0.0227 -0.459 -0.0349 -0.7678 -0.0536 0.6362 0.0536 -0.7338 0.1888 0.6459 0.0937 -0.9697 -0.0665 -0.2274 -0.0604
-0.8076 0.3436 0.4792 -0.0143 -0.3562 0.6522 0.127 -0.657 -0.7433 0.0392 0.6616 -0.0905 -0.7267 -0.3141 0.5283 -0.3066 -0.6436 -0.2001 0.7064 -0.2162 -0.7322 -0.1492 0.6574 0.0974 -0.8875 0.0227 -0.459 -0.0349 -0.7722 -0.0463 0.629 0.0768 -0.6966 0.0386 0.6838 0.2137 -0.9697 -0.0665 -0.2274 -0.0604
-0.8076 0.3436 0.4792 -0.0143 -0.3562 0.6522 0.127 -0.657 -0.7433 0.0392 0.6616 -0.0905 -0.7267 -0.3141 0.5283 -0.3066 -0.6436 -0.2001 0.7064 -0.2162 -0.7322 -0.1492 0.6574 0.0974 -0.8837 0.0245 -0.4665 -0.0283 -0.7722 -0.0463 0.629 0.0768 -0.6966 0.0386 0.6838 0.2137 -0.9697 -0.0665 -0.2274 -0.0604
-0.8076 0.3436 0.4792 -0.0143 -0.3776 0.6523 0.1072 -0.6484 -0.7433 0.0392 0.6616 -0.0905 -0.7267 -0.3141 0.5283 -0.3066 -0.6436 -0.2001 0.7064 -0.2162 -0.7322 -0.1492 0.6574 0.0974 -0.8837 0.0245 -0.4665 -0.0283 -0.7722 -0.0463 0.629 0.0768 -0.6966 0.0386 0.6838 0.2137 -0.9697 -0.0665 -0.2274 -0.0604
-0.813 0.3525 0.4634 0.0077 -0.3776 0.6523 0.1072 -0.6484 -0.7433 0.0392 0.6616 -0.0905 -0.7267 -0.3141 0.5283 -0.3066 -0.6436 -0.2001 0.7064 -0.2162 -0.7322 -0.1492 0.6574 0.0974 -0.8837 0.0245 -0.4665 -0.0283 -0.7722 -0.0463 0.629 0.0768 -0.6966 0.0386 0.6838 0.2137 -0.9697 -0.0665 -0.2274 -0.0604
-0.813 0.3525 0.4634 0.0077 -0.3776 0.6523 0.1072 -0.6484 -0.7433 0.0392 0.6616 -0.0905 -0.7267 -0.3141 0.5283 -0.3066 -0.6436 -0.2001 0.7064 -0.2162 -0.7322 -0.1492 0.6574 0.0974 -0.8837 0.0245 -0.4665 -0.0283 -0.7722 -0.0463 0.629 0.0768 -0.6966 0.0386 0.6838 0.2137 -0.9896 -0.0137 -0.088 -0.1127
-0.813 0.3525 0.4634 0.0077 -0.3776 0.6523 0.1072 -0.6484 -0.7433 0.0392 0.6616 -0.0905 -0.7267 -0.3141 0.5283 -0.3066 -0.6436 -0.2001 0.7064 -0.2162 -0.7322 -0.1492 0.6574 0.0974 -0.8837 0.0245 -0.4665 -0.0283 -0.7722 -0.0463 0.629 0.0768 -0.6966 0.0386 0.6838 0.2137 -0.9896 -0.0137 -0.088 -0.1127
-0.813 0.3525 0.4634 0.0077 -0.3776 0.6523 0.1072 -0.6484 -0.7433 0.0392 0.6616 -0.0905 -0.7267 -0.3141 0.5283 -0.3066 -0.6597 -0.1915 0.7083 -0.1627 -0.7322 -0.1492 0.6574 0.0974 -0.8837 0.0245 -0.4665 -0.0283 -0.7704 -0.0515 0.624 0.1205 -0.6966 0.0386 0.6838 0.2137 -0.9896 -0.0137 -0.088 -0.1127
-0.813 0.3525 0.4634 0.0077 -0.3776 0.6523 0.1072 -0.6484 -0.7433 0.0392 0.6616 -0.0905 -0.7267 -0.3141 0.5283 -0.3066 -0.6597 -0.1915 0.7083 -0.1627 -0.7322 -0.1492 0.6574 0.0974 -0.8837 0.0245 -0.4665 -0.0283 -0.7704 -0.0515 0.624 0.1205 -0.6737 0.0081 0.6974 0.2444 -0.9896 -0.0137 -0.088 -0.1127
-0.813 0.3525 0.4634 0.0077 -0.3776 0.6523 0.1072 -0.6484 -0.7433 0.0392 0.6616 -0.0905 -0.7267 -0.3141 0.5283 -0.3066 -0.6597 -0.1915 0.7083 -0.1627 -0.7414 -0.143 0.6412 0.1371 -0.8837 0.0245 -0.4665 -0.0283 -0.7704 -0.0515 0.624 0.1205 -0.6737 0.0081 0.6974 0.2444 -0.9896 -0.0137 -0.088 -0.1127
-0.813 0.3525 0.4634 0.0077 -0.3776 0.6523 0.1072 -0.6484 -0.7433 0.0392 0.6616 -0.0905 -0.7267 -0.3141 0.5283 -0.3066 -0.6597 -0.1915 0.7083 -0.1627 -0.7414 -0.143 0.6412 0.1371 -0.8754 0.0284 -0.4823 -0.0164 -0.7704 -0.0515 0.624 0.1205 -0.6737 0.0081 0.6974 0.2444 -0.9896 -0.0137 -0.088 -0.1127
-0.813 0.3525 0.4634 0.0077 -0.3776 0.6523 0.1072 -0.6484 -0.7433 0.0392 0.6616 -0.0905 -0.7267 -0.3141 0.5283 -0.3066 -0.6597 -0.1915 0.7083 -0.1627 -0.7414 -0.143 0.6412 0.1371 -0.8754 0.0284 -0.4823 -0.0164 -0.7704 -0.0515 0.624 0.1205 -0.6737 0.0081 0.6974 0.2444 -0.9896 -0.0137 -0.088 -0.1127
-0.8251 0.3533 0.4402 0.0239 -0.398 0.6465 0.0993 -0.6432 -0.74 0.074 0.6675 -0.0359 -0.7267 -0.3141 0.5283 -0.3066 -0.6597 -0.1915 0.7083 -0.1627 -0.7414 -0.143 0.6412 0.1371 -0.8754 0.0284 -0.4823 -0.0164 -0.7704 -0.0515 0.624 0.1205 -0.6737 0.0081 0.6974 0.2444 -0.9896 -0.0137 -0.088 -0.1127
-0.8251 0.3533 0.4402 0.0239 -0.398 0.6465 0.0993 -0.6432 -0.74 0.074 0.6675 -0.0359 -0.7267 -0.3141 0.5283 -0.3066 -0.6597 -0.1915 0.7083 -0.1627 -0.7414 -0.143 0.6412 0.1371 -0.8754 0.0284 -0.4823 -0.0164 -0.7704 -0.0515 0.624 0.1205 -0.6737 0.0081 0.6974 0.2444 -0.9896 -0.0137 -0.088 -0.1127
-0.8251 0.3533 0.4402 0.0239 -0.398 0.6465 0.0993 -0.6432 -0.74 0.074 0.6675 -0.0359 -0.7267 -0.3141 0.5283 -0.3066 -0.6597 -0.1915 0.7083 -0.1627 -0.7414 -0.143 0.6412 0.1371 -0.8754 0.0284 -0.4823 -0.0164 -0.7581 -0.0103 0.6302 0.1674 -0.6793 0.0927 0.6851 0.2463 -0.9896 -0.0137 -0.088 -0.1127
-0.8251 0.3533 0.4402 0.0239 -0.398 0.6465 0.0993 -0.6432 -0.74 0.074 0.6675 -0.0359 -0.7267 -0.3141 0.5283 -0.3066 -0.6597 -0.1915 0.7083 -0.1627 -0.7587 -0.1677 0.6017 0.185 -0.8754 0.0284 -0.4823 -0.0164 -0.7581 -0.0103 0.6302 0.1674 -0.6793 0.0927 0.6851 0.2463 -0.9896 -0.0137 -0.088 -0.1127
-0.8251 0.3533 0.4402 0.0239 -0.398 0.6465 0.0993 -0.6432 -0.74 0.074 0.6675 -0.0359 -0.7267 -0.3141 0.5283 -0.3066 -0.6597 -0.1915 0.7083 -0.1627 -0.7587 -0.1677 0.6017 0.185 -0.8146 0.0416 -0.5783 -0.0137 -0.7581 -0.0103 0.6302 0.1674 -0.6793 0.0927 0.6851 0.2463 -0.9896 -0.0137 -0.088 -0.1127
-0.8251 0.3533 0.4402 0.0239 -0.4243 0.6343 0.0959 -0.639 -0.74 0.074 0.6675 -0.0359 -0.7267 -0.3141 0.5283 -0.3066 -0.6597 -0.1915 0.7083 -0.1627 -0.7587 -0.1677 0.6017 0.185 -0.8146 0.0416 -0.5783 -0.0137 -0.7581 -0.0103 0.6302 0.1674 -0.6793 0.0927 0.6851 0.2463 -0.9896 -0.0137 -0.088 -0.1127
-0.8329 0.3627 0.4167 0.0331 -0.4243 0.6343 0.0959 -0.639 -0.74 0.074 0.6675 -0.0359 -0.7267 -0.3141 0.5283 -0.3066 -0.6597 -0.1915 0.7083 -0.1627 -0.7587 -0.1677 0.6017 0.185 -0.8146 0.0416 -0.5783 -0.0137 -0.7581 -0.0103 0.6302 0.1674 -0.6793 0.0927 0.6851 0.2463 -0.9896 -0.0137 -0.088 -0.1127
-0.8329 0.3627 0.4167 0.0331 -0.4243 0.6343 0.0959 -0.639 -0.74 0.074 0.6675 -0.0359 -0.7267 -0.3141 0.5283 -0.3066 -0.6597 -0.1915 0.7083 -0.1627 -0.7587 -0.1677 0.6017 0.185 -0.8146 0.0416 -0.5783 -0.0137 -0.7581 -0.0103 0.6302 0.1674 -0.6793 0.0927 0.6851 0.2463 -0.9706 -0.0017 -0.2408 -0.0032
-0.8329 0.3627 0.4167 0.0331 -0.4243 0.6343 0.0959 -0.639 -0.74 0.074 0.6675 -0.0359 -0.7267 -0.3141 0.5283 -0.3066 -0.6597 -0.1915 0.7083 -0.1627 -0.7587 -0.1677 0.6017 0.185 -0.8146 0.0416 -0.5783 -0.0137 -0.7581 -0.0103 0.6302 0.1674 -0.6793 0.0927 0.6851 0.2463 -0.9706 -0.0017 -0.2408 -0.0032
-0.8329 0.3627 0.4167 0.0331 -0.4243 0.6343 0.0959 -0.639 -0.74 0.074 0.6675 -0.0359 -0.7267 -0.3141 0.5283 -0.3066 -0.6898 -0.1781 0.6893 -0.1315 -0.7587 -0.1677 0.6017 0.185 -0.8146 0.0416 -0.5783 -0.0137 -0.7434 -0.0132 0.6526 0.1459 -0.6793 0.0927 0.6851 0.2463 -0.9706 -0.0017 -0.2408 -0.0032
-0.8329 0.3627 0.4167 0.0331 -0.4243 0.6343 0.0959 -0.639 -0.74 0.074 0.6675 -0.0359 -0.7267 -0.3141 0.5283 -0.3066 -0.6898 -0.1781 0.6893 -0.1315 -0.7587 -0.1677 0.6017 0.185 -0.8146 0.0416 -0.5783 -0.0137 -0.7434 -0.0132 0.6526 0.1459 -0.6619 0.1936 0.6829 0.2408 -0.9706 -0.0017 -0.2408 -0.0032
-0.8329 0.3627 0.4167 0.0331 -0.4243 0.6343 0.0959 -0.639 -0.74 0.074 0.6675 -0.0359 -0.7267 -0.3141 0.5283 -0.3066 -0.6898 -0.1781 0.6893 -0.1315 -0.7788 -0.2009 0.5399 0.2484 -0.8146 0.0416 -0.5783 -0.0137 -0.7434 -0.0132 0.6526 0.1459 -0.6619 0.1936 0.6829 0.2408 -0.9706 -0.0017 -0.2408 -0.0032
-0.8329 0.3627 0.4167 0.0331 -0.4243 0.6343 0.0959 -0.639 -0.74 0.074 0.6675 -0.0359 -0.7267 -0.3141 0.5283 -0.3066 -0.6898 -0.1781 0.6893 -0.1315 -0.7788 -0.2009 0.5399 0.2484 -0.6553 -0.026 -0.7543 -0.0304 -0.7434 -0.0132 0.6526 0.1459 -0.6619 0.1936 0.6829 0.2408 -0.9706 -0.0017 -0.2408 -0.0032
-0.8329 0.3627 0.4167 0.0331 -0.4243 0.6343 0.0959 -0.639 -0.74 0.074 0.6675 -0.0359 -0.7267 -0.3141 0.5283 -0.3066 -0.6898 -0.1781 0.6893 -0.1315 -0.7788 -0.2009 0.5399 0.2484 -0.6553 -0.026 -0.7543 -0.0304 -0.7434 -0.0132 0.6526 0.1459 -0.6619 0.1936 0.6829 0.2408 -0.9706 -0.0017 -0.2408 -0.0032
-0.8455 0.347 0.4058 -9.0E-4 -0.4276 0.6148 0.121 -0.6516 -0.7392 0.0806 0.6682 0.025 -0.7367 -0.2509 0.5805 -0.2394 -0.6898 -0.1781 0.6893 -0.1315 -0.7788 -0.2009 0.5399 0.2484 -0.6553 -0.026 -0.7543 -0.0304 -0.7434 -0.0132 0.6526 0.1459 -0.6619 0.1936 0.6829 0.2408 -0.9608 -0.0195 -0.2762 0.0141
-0.8455 0.347 0.4058 -9.0E-4 -0.4276 0.6148 0.121 -0.6516 -0.7392 0.0806 0.6682 0.025 -0.7367 -0.2509 0.5805 -0.2394 -0.6898 -0.1781 0.6893 -0.1315 -0.7788 -0.2009 0.5399 0.2484 -0.6553 -0.026 -0.7543 -0.0304 -0.7192 -0.0232 0.6863 0.1058 -0.6619 0.1936 0.6829 0.2408 -0.9608 -0.0195 -0.2762 0.0141
-0.8455 0.347 0.4058 -9.0E-4 -0.4276 0.6148 0.121 -0.6516 -0.7392 0.0806 0.6682 0.025 -0.7367 -0.2509 0.5805 -0.2394 -0.7331 -0.1562 0.6427 -0.1584 -0.7788 -0.2009 0.5399 0.2484 -0.6553 -0.026 -0.7543 -0.0304 -0.7192 -0.0232 0.6863 0.1058 -0.6619 0.1936 0.6829 0.2408 -0.9608 -0.0195 -0.2762 0.0141
-0.8455 0.347 0.4058 -9.0E-4 -0.4276 0.6148 0.121 -0.6516 -0.7392 0.0806 0.6682 0.025 -0.7367 -0.2509 0.5805 -0.2394 -0.7331 -0.1562 0.6427 -0.1584 -0.7788 -0.2009 0.5399 0.2484 -0.6553 -0.026 -0.7543 -0.0304 -0.7192 -0.0232 0.6863 0.1058 -0.6517 0.2181 0.6958 0.2087 -0.9608 -0.0195 -0.2762 0.0141
-0.8455 0.347 0.4058 -9.0E-4 -0.4276 0.6148 0.121 -0.6516 -0.7392 0.0806 0.6682 0.025 -0.7367 -0.2509 0.5805 -0.2394 -0.7331 -0.1562 0.6427 -0.1584 -0.7971 -0.1884 0.5142 0.2548 -0.6553 -0.026 -0.7543 -0.0304 -0.7192 -0.0232 0.6863 0.1058 -0.6517 0.2181 0.6958 0.2087 -0.9608 -0.0195 -0.2762 0.0141
-0.8455 0.347 0.4058 -9.0E-4 -0.4276 0.6148 0.121 -0.6516 -0.7392 0.0806 0.6682 0.025 -0.7367 -0.2509 0.5805 -0.2394 -0.7331 -0.1562 0.6427 -0.1584 -0.7971 -0.1884 0.5142 0.2548 -0.7036 0.0135 -0.7097 -0.0345 -0.7192 -0.0232 0.6863 0.1058 -0.6517 0.2181 0.6958 0.2087 -0.9608 -0.0195 -0.2762 0.0141
-0.8496 0.3394 0.4036 -0.0058 -0.4277 0.6082 0.1331 -0.6553 -0.7578 0.0529 0.65 0.0214 -0.7367 -0.2509 0.5805 -0.2394 -0.7331 -0.1562 0.6427 -0.1584 -0.7971 -0.1884 0.5142 0.2548 -0.7036 0.0135 -0.7097 -0.0345 -0.7192 -0.0232 0.6863 0.1058 -0.6517 0.2181 0.6958 0.2087 -0.9608 -0.0195 -0.2762 0.0141
-0.8496 0.3394 0.4036 -0.0058 -0.4277 0.6082 0.1331 -0.6553 -0.7578 0.0529 0.65 0.0214 -0.7367 -0.2509 0.5805 -0.2394 -0.7331 -0.1562 0.6427 -0.1584 -0.7971 -0.1884 0.5142 0.2548 -0.7036 0.0135 -0.7097 -0.0345 -0.7192 -0.0232 0.6863 0.1058 -0.6517 0.2181 0.6958 0.2087 -0.9539 -0.0453 -0.2968 0.008
-0.8496 0.3394 0.4036 -0.0058 -0.4277 0.6082 0.1331 -0.6553 -0.7578 0.0529 0.65 0.0214 -0.7367 -0.2509 0.5805 -0.2394 -0.7331 -0.1562 0.6427 -0.1584 -0.7971 -0.1884 0.5142 0.2548 -0.7036 0.0135 -0.7097 -0.0345 -0.7192 -0.0232 0.6863 0.1058 -0.6517 0.2181 0.6958 0.2087 -0.9539 -0.0453 -0.2968 0.008
-0.8496 0.3394 0.4036 -0.0058 -0.4277 0.6082 0.1331 -0.6553 -0.7578 0.0529 0.65 0.0214 -0.7367 -0.2509 0.5805 -0.2394 -0.7705 -0.1434 0.5983 -0.1666 -0.7971 -0.1884 0.5142 0.2548 -0.7036 0.0135 -0.7097 -0.0345 -0.7006 -0.0229 0.7106 0.061 -0.6517 0.2181 0.6958 0.2087 -0.9539 -0.0453 -0.2968 0.008
-0.8496 0.3394 0.4036 -0.0058 -0.4277 0.6082 0.1331 -0.6553 -0.7578 0.0529 0.65 0.0214 -0.7367 -0.2509 0.5805 -0.2394 -0.7705 -0.1434 0.5983 -0.1666 -0.7971 -0.1884 0.5142 0.2548 -0.7036 0.0135 -0.7097 -0.0345 -0.7006 -0.0229 0.7106 0.061 -0.6507 0.2117 0.7088 0.1713 -0.9539 -0.0453 -0.2968 0.008
-0.8496 0.3394 0.4036 -0.0058 -0.4277 0.6082 0.1331 -0.6553 -0.7578 0.0529 0.65 0.0214 -0.7367 -0.2509 0.5805 -0.2394 -0.7705 -0.1434 0.5983 -0.1666 -0.8229 0.014 0.5334 0.1954 -0.7036 0.0135 -0.7097 -0.0345 -0.7006 -0.0229 0.7106 0.061 -0.6507 0.2117 0.7088 0.1713 -0.9539 -0.0453 -0.2968 0.008
-0.8496 0.3394 0.4036 -0.0058 -0.4277 0.6082 0.1331 -0.6553 -0.7578 0.0529 0.65 0.0214 -0.7367 -0.2509 0.5805 -0.2394 -0.7705 -0.1434 0.5983 -0.1666 -0.8229 0.014 0.5334 0.1954 -0.8022 0.1065 -0.5548 0.1934 -0.7006 -0.0229 0.7106 0.061 -0.6507 0.2117 0.7088 0.1713 -0.9539 -0.0453 -0.2968 0.008
-0.8496 0.3394 0.4036 -0.0058 -0.4247 0.6216 0.1376 -0.6437 -0.7578 0.0529 0.65 0.0214 -0.7367 -0.2509 0.5805 -0.2394 -0.7705 -0.1434 0.5983 -0.1666 -0.8229 0.014 0.5334 0.1954 -0.8022 0.1065 -0.5548 0.1934 -0.7006 -0.0229 0.7106 0.061 -0.6507 0.2117 0.7088 0.1713 -0.9539 -0.0453 -0.2968 0.008
-0.8496 0.3394 0.4036 -0.0058 -0.4247 0.6216 0.1376 -0.6437 -0.7578 0.0529 0.65 0.0214 -0.7889 -0.3149 0.5098 -0.136 -0.7705 -0.1434 0.5983 -0.1666 -0.8229 0.014 0.5334 0.1954 -0.8022 0.1065 -0.5548 0.1934 -0.7006 -0.0229 0.7106 0.061 -0.6507 0.2117 0.7088 0.1713 -0.9539 -0.0453 -0.2968 0.008
-0.8496 0.3394 0.4036 -0.0058 -0.4247 0.6216 0.1376 -0.6437 -0.7578 0.0529 0.65 0.0214 -0.7889 -0.3149 0.5098 -0.136 -0.7705 -0.1434 0.5983 -0.1666 -0.8229 0.014 0.5334 0.1954 -0.8022 0.1065 -0.5548 0.1934 -0.7006 -0.0229 0.7106 0.061 -0.6507 0.2117 0.7088 0.1713 -0.9521 -0.0428 -0.3028 0.0082
-0.8496 0.3394 0.4036 -0.0058 -0.4247 0.6216 0.1376 -0.6437 -0.7578 0.0529 0.65 0.0214 -0.7889 -0.3149 0.5098 -0.136 -0.7705 -0.1434 0.5983 -0.1666 -0.8229 0.014 0.5334 0.1954 -0.8022 0.1065 -0.5548 0.1934 -0.6891 -0.035 0.7236 0.0164 -0.6507 0.2117 0.7088 0.1713 -0.9521 -0.0428 -0.3028 0.0082
-0.8496 0.3394 0.4036 -0.0058 -0.4247 0.6216 0.1376 -0.6437 -0.7578 0.0529 0.65 0.0214 -0.7889 -0.3149 0.5098 -0.136 -0.7705 -0.1434 0.5983 -0.1666 -0.8229 0.014 0.5334 0.1954 -0.8022 0.1065 -0.5548 0.1934 -0.6891 -0.035 0.7236 0.0164 -0.6507 0.2117 0.7088 0.1713 -0.9521 -0.0428 -0.3028 0.0082
-0.8496 0.3394 0.4036 -0.0058 -0.4247 0.6216 0.1376 -0.6437 -0.7578 0.0529 0.65 0.0214 -0.7889 -0.3149 0.5098 -0.136 -0.7705 -0.1434 0.5983 -0.1666 -0.8398 0.0507 0.54 0.0228 -0.8597 0.118 -0.4785 0.1343 -0.6891 -0.035 0.7236 0.0164 -0.6555 0.2082 0.7123 0.1401 -0.9521 -0.0428 -0.3028 0.0082
-0.8496 0.3394 0.4036 -0.0058 -0.4138 0.6402 0.1478 -0.6301 -0.7578 0.0529 0.65 0.0214 -0.7889 -0.3149 0.5098 -0.136 -0.7705 -0.1434 0.5983 -0.1666 -0.8398 0.0507 0.54 0.0228 -0.8597 0.118 -0.4785 0.1343 -0.6891 -0.035 0.7236 0.0164 -0.6555 0.2082 0.7123 0.1401 -0.9521 -0.0428 -0.3028 0.0082
-0.8496 0.3394 0.4036 -0.0058 -0.4138 0.6402 0.1478 -0.6301 -0.7578 0.0529 0.65 0.0214 -0.7889 -0.3149 0.5098 -0.136 -0.7705 -0.1434 0.5983 -0.1666 -0.8398 0.0507 0.54 0.0228 -0.8597 0.118 -0.4785 0.1343 -0.6891 -0.035 0.7236 0.0164 -0.6555 0.2082 0.7123 0.1401 -0.9521 -0.0428 -0.3028 0.0082
-0.8433 0.3151 0.4351 0.0126 -0.4138 0.6402 0.1478 -0.6301 -0.7693 0.0775 0.6241 0.1124 -0.7988 -0.2933 0.5166 -0.0951 -0.7705 -0.1434 0.5983 -0.1666 -0.8398 0.0507 0.54 0.0228 -0.8597 0.118 -0.4785 0.1343 -0.6891 -0.035 0.7236 0.0164 -0.6555 0.2082 0.7123 0.1401 -0.951 -0.0431 -0.306 0.0052
-0.8433 0.3151 0.4351 0.0126 -0.4138 0.6402 0.1478 -0.6301 -0.7693 0.0775 0.6241 0.1124 -0.7988 -0.2933 0.5166 -0.0951 -0.7705 -0.1434 0.5983 -0.1666 -0.8398 0.0507 0.54 0.0228 -0.8597 0.118 -0.4785 0.1343 -0.6891 -0.035 0.7236 0.0164 -0.6555 0.2082 0.7123 0.1401 -0.951 -0.0431 -0.306 0.0052
-0.8433 0.3151 0.4351 0.0126 -0.4138 0.6402 0.1478 -0.6301 -0.7693 0.0775 0.6241 0.1124 -0.7988 -0.2933 0.5166 -0.0951 -0.7387 -0.21 0.5522 -0.3245 -0.8398 0.0507 0.54 0.0228 -0.8597 0.118 -0.4785 0.1343 -0.6856 -0.0372 0.7268 -0.0186 -0.6555 0.2082 0.7123 0.1401 -0.951 -0.0431 -0.306 0.0052
-0.8433 0.3151 0.4351 0.0126 -0.4138 0.6402 0.1478 -0.6301 -0.7693 0.0775 0.6241 0.1124 -0.7988 -0.2933 0.5166 -0.0951 -0.7387 -0.21 0.5522 -0.3245 -0.8398 0.0507 0.54 0.0228 -0.8597 0.118 -0.4785 0.1343 -0.6856 -0.0372 0.7268 -0.0186 -0.659 0.2118 0.7109 0.1245 -0.951 -0.0431 -0.306 0.0052
-0.8433 0.3151 0.4351 0.0126 -0.4138 0.6402 0.1478 -0.6301 -0.7693 0.0775 0.6241 0.1124 -0.7988 -0.2933 0.5166 -0.0951 -0.7387 -0.21 0.5522 -0.3245 -0.8112 0.0626 0.5791 -0.0515 -0.8597 0.118 -0.4785 0.1343 -0.6856 -0.0372 0.7268 -0.0186 -0.659 0.2118 0.7109 0.1245 -0.951 -0.0431 -0.306 0.0052
-0.8433 0.3151 0.4351 0.0126 -0.4138 0.6402 0.1478 -0.6301 -0.7693 0.0775 0.6241 0.1124 -0.7988 -0.2933 0.5166 -0.0951 -0.7387 -0.21 0.5522 -0.3245 -0.8112 0.0626 0.5791 -0.0515 -0.8743 -0.006 -0.4832 -0.0446 -0.6856 -0.0372 0.7268 -0.0186 -0.659 0.2118 0.7109 0.1245 -0.951 -0.0431 -0.306 0.0052
-0.8433 0.3151 0.4351 0.0126 -0.4138 0.6402 0.1478 -0.6301 -0.7693 0.0775 0.6241 0.1124 -0.7988 -0.2933 0.5166 -0.0951 -0.7387 -0.21 0.5522 -0.3245 -0.8112 0.0626 0.5791 -0.0515 -0.8743 -0.006 -0.4832 -0.0446 -0.6856 -0.0372 0.7268 -0.0186 -0.659 0.2118 0.7109 0.1245 -0.951 -0.0431 -0.306 0.0052
-0.8356 0.309 0.4539 0.0126 -0.3954 0.6551 0.1506 -0.626 -0.7495 0.0681 0.6494 0.1096 -0.7762 -0.33 0.5306 -0.0836 -0.7387 -0.21 0.5522 -0.3245 -0.8112 0.0626 0.5791 -0.0515 -0.8743 -0.006 -0.4832 -0.0446 -0.6856 -0.0372 0.7268 -0.0186 -0.659 0.2118 0.7109 0.1245 -0.9506 -0.0435 -0.3074 -3.0E-4
-0.8356 0.309 0.4539 0.0126 -0.3954 0.6551 0.1506 -0.626 -0.7495 0.0681 0.6494 0.1096 -0.7762 -0.33 0.5306 -0.0836 -0.7387 -0.21 0.5522 -0.3245 -0.8112 0.0626 0.5791 -0.0515 -0.8743 -0.006 -0.4832 -0.0446 -0.6833 -0.0475 0.7255 -0.0665 -0.659 0.2118 0.7109 0.1245 -0.9506 -0.0435 -0.3074 -3.0E-4
-0.8356 0.309 0.4539 0.0126 -0.3954 0.6551 0.1506 -0.626 -0.7495 0.0681 0.6494 0.1096 -0.7762 -0.33 0.5306 -0.0836 -0.697 -0.2031 0.5707 -0.3837 -0.8112 0.0626 0.5791 -0.0515 -0.8743 -0.006 -0.4832 -0.0446 -0.6833 -0.0475 0.7255 -0.0665 -0.659 0.2118 0.7109 0.1245 -0.9506 -0.0435 -0.3074 -3.0E-4
-0.8356 0.309 0.4539 0.0126 -0.3954 0.6551 0.1506 -0.626 -0.7495 0.0681 0.6494 0.1096 -0.7762 -0.33 0.5306 -0.0836 -0.697 -0.2031 0.5707 -0.3837 -0.8112 0.0626 0.5791 -0.0515 -0.8743 -0.006 -0.4832 -0.0446 -0.6833 -0.0475 0.7255 -0.0665 -0.67 0.2156 0.7036 0.098 -0.9506 -0.0435 -0.3074 -3.0E-4
-0.8356 0.309 0.4539 0.0126 -0.3954 0.6551 0.1506 -0.626 -0.7495 0.0681 0.6494 0.1096 -0.7762 -0.33 0.5306 -0.0836 -0.697 -0.2031 0.5707 -0.3837 -0.7774 -0.0048 0.6256 -0.0647 -0.8743 -0.006 -0.4832 -0.0446 -0.6833 -0.0475 0.7255 -0.0665 -0.67 0.2156 0.7036 0.098 -0.9506 -0.0435 -0.3074 -3.0E-4
-0.8356 0.309 0.4539 0.0126 -0.3954 0.6551 0.1506 -0.626 -0.7495 0.0681 0.6494 0.1096 -0.7762 -0.33 0.5306 -0.0836 -0.697 -0.2031 0.5707 -0.3837 -0.7774 -0.0048 0.6256 -0.0647 -0.8565 -0.0886 -0.4943 -0.1191 -0.6833 -0.0475 0.7255 -0.0665 -0.67 0.2156 0.7036 0.098 -0.9506 -0.0435 -0.3074 -3.0E-4
-0.8226 0.3102 0.4762 -0.0156 -0.3665 0.6591 0.1544 -0.6383 -0.7495 0.0681 0.6494 0.1096 -0.7762 -0.33 0.5306 -0.0836 -0.697 -0.2031 0.5707 -0.3837 -0.7774 -0.0048 0.6256 -0.0647 -0.8565 -0.0886 -0.4943 -0.1191 -0.6833 -0.0475 0.7255 -0.0665 -0.67 0.2156 0.7036 0.098 -0.9506 -0.0435 -0.3074 -3.0E-4
-0.8226 0.3102 0.4762 -0.0156 -0.3665 0.6591 0.1544 -0.6383 -0.7495 0.0681 0.6494 0.1096 -0.7678 -0.3251 0.547 -0.0745 -0.697 -0.2031 0.5707 -0.3837 -0.7774 -0.0048 0.6256 -0.0647 -0.8565 -0.0886 -0.4943 -0.1191 -0.6833 -0.0475 0.7255 -0.0665 -0.67 0.2156 0.7036 0.098 -0.9506 -0.0435 -0.3074 -3.0E-4
-0.8226 0.3102 0.4762 -0.0156 -0.3665 0.6591 0.1544 -0.6383 -0.7495 0.0681 0.6494 0.1096 -0.7678 -0.3251 0.547 -0.0745 -0.697 -0.2031 0.5707 -0.3837 -0.7774 -0.0048 0.6256 -0.0647 -0.8565 -0.0886 -0.4943 -0.1191 -0.6814 -0.0599 0.7184 -0.1262 -0.67 0.2156 0.7036 0.098 -0.9506 -0.0435 -0.3074 -3.0E-4
-0.8226 0.3102 0.4762 -0.0156 -0.3665 0.6591 0.1544 -0.6383 -0.7495 0.0681 0.6494 0.1096 -0.7678 -0.3251 0.547 -0.0745 -0.6223 -0.2399 0.6229 -0.4091 -0.7774 -0.0048 0.6256 -0.0647 -0.8565 -0.0886 -0.4943 -0.1191 -0.6814 -0.0599 0.7184 -0.1262 -0.67 0.2156 0.7036 0.098 -0.9506 -0.0435 -0.3074 -3.0E-4
-0.8226 0.3102 0.4762 -0.0156 -0.3665 0.6591 0.1544 -0.6383 -0.7495 0.0681 0.6494 0.1096 -0.7678 -0.3251 0.547 -0.0745 -0.6223 -0.2399 0.6229 -0.4091 -0.7774 -0.0048 0.6256 -0.0647 -0.8565 -0.0886 -0.4943 -0.1191 -0.6814 -0.0599 0.7184 -0.1262 -0.6855 0.2314 0.6876 0.061 -0.9506 -0.0435 -0.3074 -3.0E-4
-0.8226 0.3102 0.4762 -0.0156 -0.3665 0.6591 0.1544 -0.6383 -0.7495 0.0681 0.6494 0.1096 -0.7678 -0.3251 0.547 -0.0745 -0.6223 -0.2399 0.6229 -0.4091 -0.7615 -0.0853 0.6417 -0.0331 -0.8565 -0.0886 -0.4943 -0.1191 -0.6814 -0.0599 0.7184 -0.1262 -0.6855 0.2314 0.6876 0.061 -0.9506 -0.0435 -0.3074 -3.0E-4
-0.8226 0.3102 0.4762 -0.0156 -0.3665 0.6591 0.1544 -0.6383 -0.7495 0.0681 0.6494 0.1096 -0.7678 -0.3251 0.547 -0.0745 -0.6223 -0.2399 0.6229 -0.4091 -0.7615 -0.0853 0.6417 -0.0331 -0.9016 0.017 -0.4295 -0.048 -0.6814 -0.0599 0.7184 -0.1262 -0.6855 0.2314 0.6876 0.061 -0.9506 -0.0435 -0.3074 -3.0E-4
-0.8226 0.3102 0.4762 -0.0156 -0.3427 0.6436 0.1448 -0.6689 -0.7495 0.0681 0.6494 0.1096 -0.7678 -0.3251 0.547 -0.0745 -0.6223 -0.2399 0.6229 -0.4091 -0.7615 -0.0853 0.6417 -0.0331 -0.9016 0.017 -0.4295 -0.048 -0.6814 -0.0599 0.7184 -0.1262 -0.6855 0.2314 0.6876 0.061 -0.9506 -0.0435 -0.3074 -3.0E-4
-0.8226 0.3102 0.4762 -0.0156 -0.3427 0.6436 0.1448 -0.6689 -0.7495 0.0681 0.6494 0.1096 -0.7678 -0.3251 0.547 -0.0745 -0.6223 -0.2399 0.6229 -0.4091 -0.7615 -0.0853 0.6417 -0.0331 -0.9016 0.017 -0.4295 -0.048 -0.6814 -0.0599 0.7184 -0.1262 -0.6855 0.2314 0.6876 0.061 -0.9506 -0.0435 -0.3074 -3.0E-4
-0.8226 0.3102 0.4762 -0.0156 -0.3427 0.6436 0.1448 -0.6689 -0.7495 0.0681 0.6494 0.1096 -0.7678 -0.3251 0.547 -0.0745 -0.6223 -0.2399 0.6229 -0.4091 -0.7615 -0.0853 0.6417 -0.0331 -0.9016 0.017 -0.4295 -0.048 -0.6814 -0.0599 0.7184 -0.1262 -0.6855 0.2314 0.6876 0.061 -0.939 -0.0427 -0.3412 -0.0029
-0.8226 0.3102 0.4762 -0.0156 -0.3427 0.6436 0.1448 -0.6689 -0.7495 0.0681 0.6494 0.1096 -0.7678 -0.3251 0.547 -0.0745 -0.6223 -0.2399 0.6229 -0.4091 -0.7615 -0.0853 0.6417 -0.0331 -0.9016 0.017 -0.4295 -0.048 -0.6814 -0.0599 0.7184 -0.1262 -0.6855 0.2314 0.6876 0.061 -0.939 -0.0427 -0.3412 -0.0029
-0.8226 0.3102 0.4762 -0.0156 -0.3427 0.6436 0.1448 -0.6689 -0.7495 0.0681 0.6494 0.1096 -0.7678 -0.3251 0.547 -0.0745 -0.6223 -0.2399 0.6229 -0.4091 -0.7615 -0.0853 0.6417 -0.0331 -0.9016 0.017 -0.4295 -0.048 -0.6814 -0.0599 0.7184 -0.1262 -0.7053 0.2628 0.6584 0.0029 -0.939 -0.0427 -0.3412 -0.0029
-0.8226 0.3102 0.4762 -0.0156 -0.3427 0.6436 0.1448 -0.6689 -0.7495 0.0681 0.6494 0.1096 -0.7678 -0.3251 0.547 -0.0745 -0.6223 -0.2399 0.6229 -0.4091 -0.7574 -0.1109 0.6434 0.0081 -0.9016 0.017 -0.4295 -0.048 -0.6814 -0.0599 0.7184 -0.1262 -0.7053 0.2628 0.6584 0.0029 -0.939 -0.0427 -0.3412 -0.0029
-0.8226 0.3102 0.4762 -0.0156 -0.3427 0.6436 0.1448 -0.6689 -0.7495 0.0681 0.6494 0.1096 -0.7678 -0.3251 0.547 -0.0745 -0.6223 -0.2399 0.6229 -0.4091 -0.7574 -0.1109 0.6434 0.0081 -0.8963 0.007 -0.4386 -0.0647 -0.6814 -0.0599 0.7184 -0.1262 -0.7053 0.2628 0.6584 0.0029 -0.939 -0.0427 -0.3412 -0.0029
-0.8226 0.3102 0.4762 -0.0156 -0.3427 0.6436 0.1448 -0.6689 -0.7495 0.0681 0.6494 0.1096 -0.7678 -0.3251 0.547 -0.0745 -0.6223 -0.2399 0.6229 -0.4091 -0.7574 -0.1109 0.6434 0.0081 -0.8963 0.007 -0.4386 -0.0647 -0.6814 -0.0599 0.7184 -0.1262 -0.7053 0.2628 0.6584 0.0029 -0.939 -0.0427 -0.3412 -0.0029
-0.8011 0.355 0.4788 -0.0532 -0.3427 0.6436 0.1448 -0.6689 -0.7499 0.0085 0.6615 -0.0026 -0.7583 -0.2925 0.5604 -0.1592 -0.6223 -0.2399 0.6229 -0.4091 -0.7574 -0.1109 0.6434 0.0081 -0.8963 0.007 -0.4386 -0.0647 -0.6814 -0.0599 0.7184 -0.1262 -0.7053 0.2628 0.6584 0.0029 -0.8862 -0.0209 -0.462 0.0297
-0.8011 0.355 0.4788 -0.0532 -0.3427 0.6436 0.1448 -0.6689 -0.7499 0.0085 0.6615 -0.0026 -0.7583 -0.2925 0.5604 -0.1592 -0.6242 -0.2317 0.6663 -0.3357 -0.7574 -0.1109 0.6434 0.0081 -0.8963 0.007 -0.4386 -0.0647 -0.6814 -0.0599 0.7184 -0.1262 -0.7053 0.2628 0.6584 0.0029 -0.8862 -0.0209 -0.462 0.0297
-0.8011 0.355 0.4788 -0.0532 -0.3427 0.6436 0.1448 -0.6689 -0.7499 0.0085 0.6615 -0.0026 -0.7583 -0.2925 0.5604 -0.1592 -0.6242 -0.2317 0.6663 -0.3357 -0.7574 -0.1109 0.6434 0.0081 -0.8963 0.007 -0.4386 -0.0647 -0.7208 -0.0625 0.6844 -0.09 -0.7053 0.2628 0.6584 0.0029 -0.8862 -0.0209 -0.462 0.0297
-0.8011 0.355 0.4788 -0.0532 -0.3427 0.6436 0.1448 -0.6689 -0.7499 0.0085 0.6615 -0.0026 -0.7583 -0.2925 0.5604 -0.1592 -0.6242 -0.2317 0.6663 -0.3357 -0.7574 -0.1109 0.6434 0.0081 -0.8963 0.007 -0.4386 -0.0647 -0.7208 -0.0625 0.6844 -0.09 -0.7066 0.3475 0.6136 -0.0594 -0.8862 -0.0209 -0.462 0.0297
-0.8011 0.355 0.4788 -0.0532 -0.3427 0.6436 0.1448 -0.6689 -0.7499 0.0085 0.6615 -0.0026 -0.7583 -0.2925 0.5604 -0.1592 -0.6242 -0.2317 0.6663 -0.3357 -0.7438 -0.1432 0.6527 0.0176 -0.8963 0.007 -0.4386 -0.0647 -0.7208 -0.0625 0.6844 -0.09 -0.7066 0.3475 0.6136 -0.0594 -0.8862 -0.0209 -0.462 0.0297
-0.8011 0.355 0.4788 -0.0532 -0.34 0.6322 0.1163 -0.6865 -0.7499 0.0085 0.6615 -0.0026 -0.7583 -0.2925 0.5604 -0.1592 -0.6242 -0.2317 0.6663 -0.3357 -0.7438 -0.1432 0.6527 0.0176 -0.8961 0.0083 -0.4382 -0.071 -0.7208 -0.0625 0.6844 -0.09 -0.7066 0.3475 0.6136 -0.0594 -0.8862 -0.0209 -0.462 0.0297
-0.8011 0.355 0.4788 -0.0532 -0.34 0.6322 0.1163 -0.6865 -0.7499 0.0085 0.6615 -0.0026 -0.7583 -0.2925 0.5604 -0.1592 -0.6242 -0.2317 0.6663 -0.3357 -0.7438 -0.1432 0.6527 0.0176 -0.8961 0.0083 -0.4382 -0.071 -0.7208 -0.0625 0.6844 -0.09 -0.7066 0.3475 0.6136 -0.0594 -0.8862 -0.0209 -0.462 0.0297
-0.8011 0.355 0.4788 -0.0532 -0.34 0.6322 0.1163 -0.6865 -0.7499 0.0085 0.6615 -0.0026 -0.7583 -0.2925 0.5604 -0.1592 -0.6242 -0.2317 0.6663 -0.3357 -0.7438 -0.1432 0.6527 0.0176 -0.8961 0.0083 -0.4382 -0.071 -0.7208 -0.0625 0.6844 -0.09 -0.7066 0.3475 0.6136 -0.0594 -0.8862 -0.0209 -0.462 0.0297
-0.8036 0.359 0.472 -0.0496 -0.34 0.6322 0.1163 -0.6865 -0.7602 0.0318 0.6484 -0.0244 -0.7663 -0.2734 0.5464 -0.1986 -0.6242 -0.2317 0.6663 -0.3357 -0.7438 -0.1432 0.6527 0.0176 -0.8961 0.0083 -0.4382 -0.071 -0.7208 -0.0625 0.6844 -0.09 -0.7066 0.3475 0.6136 -0.0594 -0.7706 -0.0175 -0.6362 0.0327
-0.8036 0.359 0.472 -0.0496 -0.34 0.6322 0.1163 -0.6865 -0.7602 0.0318 0.6484 -0.0244 -0.7663 -0.2734 0.5464 -0.1986 -0.6301 -0.2222 0.6838 -0.2933 -0.7438 -0.1432 0.6527 0.0176 -0.8961 0.0083 -0.4382 -0.071 -0.7652 -0.0864 0.6379 8.0E-4 -0.7066 0.3475 0.6136 -0.0594 -0.7706 -0.0175 -0.6362 0.0327
-0.8036 0.359 0.472 -0.0496 -0.34 0.6322 0.1163 -0.6865 -0.7602 0.0318 0.6484 -0.0244 -0.7663 -0.2734 0.5464 -0.1986 -0.6301 -0.2222 0.6838 -0.2933 -0.7438 -0.1432 0.6527 0.0176 -0.8961 0.0083 -0.4382 -0.071 -0.7652 -0.0864 0.6379 8.0E-4 -0.7093 0.3581 0.5999 -0.0939 -0.7706 -0.0175 -0.6362 0.0327
-0.8036 0.359 0.472 -0.0496 -0.34 0.6322 0.1163 -0.6865 -0.7602 0.0318 0.6484 -0.0244 -0.7663 -0.2734 0.5464 -0.1986 -0.6301 -0.2222 0.6838 -0.2933 -0.7342 -0.1473 0.6613 0.0448 -0.8961 0.0083 -0.4382 -0.071 -0.7652 -0.0864 0.6379 8.0E-4 -0.7093 0.3581 0.5999 -0.0939 -0.7706 -0.0175 -0.6362 0.0327
-0.8036 0.359 0.472 -0.0496 -0.34 0.6322 0.1163 -0.6865 -0.7602 0.0318 0.6484 -0.0244 -0.7663 -0.2734 0.5464 -0.1986 -0.6301 -0.2222 0.6838 -0.2933 -0.7342 -0.1473 0.6613 0.0448 -0.891 0.0173 -0.4482 -0.0704 -0.7652 -0.0864 0.6379 8.0E-4 -0.7093 0.3581 0.5999 -0.0939 -0.7706 -0.0175 -0.6362 0.0327
-0.8036 0.359 0.472 -0.0496 -0.3484 0.6408 0.1168 -0.674 -0.7602 0.0318 0.6484 -0.0244 -0.7663 -0.2734 0.5464 -0.1986 -0.6301 -0.2222 0.6838 -0.2933 -0.7342 -0.1473 0.6613 0.0448 -0.891 0.0173 -0.4482 -0.0704 -0.7652 -0.0864 0.6379 8.0E-4 -0.7093 0.3581 0.5999 -0.0939 -0.7706 -0.0175 -0.6362 0.0327
-0.8036 0.359 0.472 -0.0496 -0.3484 0.6408 0.1168 -0.674 -0.7602 0.0318 0.6484 -0.0244 -0.7009 -0.3723 0.5085 -0.3339 -0.6301 -0.2222 0.6838 -0.2933 -0.7342 -0.1473 0.6613 0.0448 -0.891 0.0173 -0.4482 -0.0704 -0.7652 -0.0864 0.6379 8.0E-4 -0.7093 0.3581 0.5999 -0.0939 -0.7706 -0.0175 -0.6362 0.0327
-0.8036 0.359 0.472 -0.0496 -0.3484 0.6408 0.1168 -0.674 -0.7602 0.0318 0.6484 -0.0244 -0.7009 -0.3723 0.5085 -0.3339 -0.6301 -0.2222 0.6838 -0.2933 -0.7342 -0.1473 0.6613 0.0448 -0.891 0.0173 -0.4482 -0.0704 -0.7652 -0.0864 0.6379 8.0E-4 -0.7093 0.3581 0.5999 -0.0939 -0.8874 -0.0604 -0.4569 -0.011
-0.8036 0.359 0.472 -0.0496 -0.3484 0.6408 0.1168 -0.674 -0.7602 0.0318 0.6484 -0.0244 -0.7009 -0.3723 0.5085 -0.3339 -0.639 -0.1968 0.7045 -0.2376 -0.7342 -0.1473 0.6613 0.0448 -0.891 0.0173 -0.4482 -0.0704 -0.7736 -0.0752 0.6279 0.041 -0.7093 0.3581 0.5999 -0.0939 -0.8874 -0.0604 -0.4569 -0.011
-0.8036 0.359 0.472 -0.0496 -0.3484 0.6408 0.1168 -0.674 -0.7602 0.0318 0.6484 -0.0244 -0.7009 -0.3723 0.5085 -0.3339 -0.639 -0.1968 0.7045 -0.2376 -0.7342 -0.1473 0.6613 0.0448 -0.891 0.0173 -0.4482 -0.0704 -0.7736 -0.0752 0.6279 0.041 -0.7404 0.1945 0.6375 0.0878 -0.8874 -0.0604 -0.4569 -0.011
-0.8036 0.359 0.472 -0.0496 -0.3484 0.6408 0.1168 -0.674 -0.7602 0.0318 0.6484 -0.0244 -0.7009 -0.3723 0.5085 -0.3339 -0.639 -0.1968 0.7045 -0.2376 -0.7331 -0.1464 0.6611 0.0646 -0.891 0.0173 -0.4482 -0.0704 -0.7736 -0.0752 0.6279 0.041 -0.7404 0.1945 0.6375 0.0878 -0.8874 -0.0604 -0.4569 -0.011
-0.8036 0.359 0.472 -0.0496 -0.3484 0.6408 0.1168 -0.674 -0.7602 0.0318 0.6484 -0.0244 -0.7009 -0.3723 0.5085 -0.3339 -0.639 -0.1968 0.7045 -0.2376 -0.7331 -0.1464 0.6611 0.0646 -0.8845 0.0285 -0.4615 -0.0627 -0.7736 -0.0752 0.6279 0.041 -0.7404 0.1945 0.6375 0.0878 -0.8874 -0.0604 -0.4569 -0.011
-0.8036 0.359 0.472 -0.0496 -0.3484 0.6408 0.1168 -0.674 -0.7602 0.0318 0.6484 -0.0244 -0.7009 -0.3723 0.5085 -0.3339 -0.639 -0.1968 0.7045 -0.2376 -0.7331 -0.1464 0.6611 0.0646 -0.8845 0.0285 -0.4615 -0.0627 -0.7736 -0.0752 0.6279 0.041 -0.7404 0.1945 0.6375 0.0878 -0.8874 -0.0604 -0.4569 -0.011
-0.8149 0.3524 0.4601 -0.0052 -0.3484 0.6408 0.1168 -0.674 -0.7513 0.056 0.6545 -0.064 -0.7326 -0.2915 0.5416 -0.2916 -0.639 -0.1968 0.7045 -0.2376 -0.7331 -0.1464 0.6611 0.0646 -0.8845 0.0285 -0.4615 -0.0627 -0.7736 -0.0752 0.6279 0.041 -0.7404 0.1945 0.6375 0.0878 -0.9695 -0.074 -0.2245 -0.0652
-0.8149 0.3524 0.4601 -0.0052 -0.3484 0.6408 0.1168 -0.674 -0.7513 0.056 0.6545 -0.064 -0.7326 -0.2915 0.5416 -0.2916 -0.639 -0.1968 0.7045 -0.2376 -0.7331 -0.1464 0.6611 0.0646 -0.8845 0.0285 -0.4615 -0.0627 -0.7736 -0.0752 0.6279 0.041 -0.7404 0.1945 0.6375 0.0878 -0.9695 -0.074 -0.2245 -0.0652
-0.8149 0.3524 0.4601 -0.0052 -0.3484 0.6408 0.1168 -0.674 -0.7513 0.056 0.6545 -0.064 -0.7326 -0.2915 0.5416 -0.2916 -0.64 -0.2065 0.7122 -0.2012 -0.7331 -0.1464 0.6611 0.0646 -0.8845 0.0285 -0.4615 -0.0627 -0.7786 -0.0337 0.6198 0.0925 -0.7404 0.1945 0.6375 0.0878 -0.9695 -0.074 -0.2245 -0.0652
-0.8149 0.3524 0.4601 -0.0052 -0.3484 0.6408 0.1168 -0.674 -0.7513 0.056 0.6545 -0.064 -0.7326 -0.2915 0.5416 -0.2916 -0.64 -0.2065 0.7122 -0.2012 -0.7331 -0.1464 0.6611 0.0646 -0.8845 0.0285 -0.4615 -0.0627 -0.7786 -0.0337 0.6198 0.0925 -0.7087 0.019 0.6732 0.2101 -0.9695 -0.074 -0.2245 -0.0652
-0.8149 0.3524 0.4601 -0.0052 -0.3484 0.6408 0.1168 -0.674 -0.7513 0.056 0.6545 -0.064 -0.7326 -0.2915 0.5416 -0.2916 -0.64 -0.2065 0.7122 -0.2012 -0.7345 -0.1554 0.6555 0.082 -0.8845 0.0285 -0.4615 -0.0627 -0.7786 -0.0337 0.6198 0.0925 -0.7087 0.019 0.6732 0.2101 -0.9695 -0.074 -0.2245 -0.0652
-0.8149 0.3524 0.4601 -0.0052 -0.3484 0.6408 0.1168 -0.674 -0.7513 0.056 0.6545 -0.064 -0.7326 -0.2915 0.5416 -0.2916 -0.64 -0.2065 0.7122 -0.2012 -0.7345 -0.1554 0.6555 0.082 -0.884 0.0323 -0.4628 -0.0569 -0.7786 -0.0337 0.6198 0.0925 -0.7087 0.019 0.6732 0.2101 -0.9695 -0.074 -0.2245 -0.0652
-0.8149 0.3524 0.4601 -0.0052 -0.4005 0.6401 0.1028 -0.6475 -0.7513 0.056 0.6545 -0.064 -0.7326 -0.2915 0.5416 -0.2916 -0.64 -0.2065 0.7122 -0.2012 -0.7345 -0.1554 0.6555 0.082 -0.884 0.0323 -0.4628 -0.0569 -0.7786 -0.0337 0.6198 0.0925 -0.7087 0.019 0.6732 0.2101 -0.9695 -0.074 -0.2245 -0.0652
-0.8149 0.3524 0.4601 -0.0052 -0.4005 0.6401 0.1028 -0.6475 -0.7513 0.056 0.6545 -0.064 -0.733 -0.2656 0.5605 -0.2792 -0.64 -0.2065 0.7122 -0.2012 -0.7345 -0.1554 0.6555 0.082 -0.884 0.0323 -0.4628 -0.0569 -0.7786 -0.0337 0.6198 0.0925 -0.7087 0.019 0.6732 0.2101 -0.9861 0.0049 -0.0892 -0.1403
-0.8149 0.3524 0.4601 -0.0052 -0.4005 0.6401 0.1028 -0.6475 -0.7513 0.056 0.6545 -0.064 -0.733 -0.2656 0.5605 -0.2792 -0.64 -0.2065 0.7122 -0.2012 -0.7345 -0.1554 0.6555 0.082 -0.884 0.0323 -0.4628 -0.0569 -0.7786 -0.0337 0.6198 0.0925 -0.7087 0.019 0.6732 0.2101 -0.9861 0.0049 -0.0892 -0.1403
-0.8149 0.3524 0.4601 -0.0052 -0.4005 0.6401 0.1028 -0.6475 -0.7513 0.056 0.6545 -0.064 -0.733 -0.2656 0.5605 -0.2792 -0.6564 -0.2061 0.7113 -0.1436 -0.7345 -0.1554 0.6555 0.082 -0.884 0.0323 -0.4628 -0.0569 -0.7686 -0.0488 0.6264 0.1203 -0.7087 0.019 0.6732 0.2101 -0.9861 0.0049 -0.0892 -0.1403
-0.8149 0.3524 0.4601 -0.0052 -0.4005 0.6401 0.1028 -0.6475 -0.7513 0.056 0.6545 -0.064 -0.733 -0.2656 0.5605 -0.2792 -0.6564 -0.2061 0.7113 -0.1436 -0.7345 -0.1554 0.6555 0.082 -0.884 0.0323 -0.4628 -0.0569 -0.7686 -0.0488 0.6264 0.1203 -0.6793 -0.0144 0.7022 0.2126 -0.9861 0.0049 -0.0892 -0.1403
-0.8149 0.3524 0.4601 -0.0052 -0.4005 0.6401 0.1028 -0.6475 -0.7513 0.056 0.6545 -0.064 -0.733 -0.2656 0.5605 -0.2792 -0.6564 -0.2061 0.7113 -0.1436 -0.7437 -0.1663 0.6368 0.1171 -0.884 0.0323 -0.4628 -0.0569 -0.7686 -0.0488 0.6264 0.1203 -0.6793 -0.0144 0.7022 0.2126 -0.9861 0.0049 -0.0892 -0.1403
-0.8149 0.3524 0.4601 -0.0052 -0.4097 0.6387 0.1088 -0.6422 -0.7513 0.056 0.6545 -0.064 -0.733 -0.2656 0.5605 -0.2792 -0.6564 -0.2061 0.7113 -0.1436 -0.7437 -0.1663 0.6368 0.1171 -0.8719 0.0385 -0.4858 -0.0475 -0.7686 -0.0488 0.6264 0.1203 -0.6793 -0.0144 0.7022 0.2126 -0.9861 0.0049 -0.0892 -0.1403
-0.8149 0.3524 0.4601 -0.0052 -0.4097 0.6387 0.1088 -0.6422 -0.7513 0.056 0.6545 -0.064 -0.733 -0.2656 0.5605 -0.2792 -0.6564 -0.2061 0.7113 -0.1436 -0.7437 -0.1663 0.6368 0.1171 -0.8719 0.0385 -0.4858 -0.0475 -0.7686 -0.0488 0.6264 0.1203 -0.6793 -0.0144 0.7022 0.2126 -0.9861 0.0049 -0.0892 -0.1403
-0.8326 0.3505 0.4285 0.0184 -0.4097 0.6387 0.1088 -0.6422 -0.7328 0.0775 0.6735 -0.0577 -0.7162 -0.2668 0.5766 -0.2888 -0.6564 -0.2061 0.7113 -0.1436 -0.7437 -0.1663 0.6368 0.1171 -0.8719 0.0385 -0.4858 -0.0475 -0.7686 -0.0488 0.6264 0.1203 -0.6793 -0.0144 0.7022 0.2126 -0.9819 -0.0298 -0.1855 -0.0245
-0.8326 0.3505 0.4285 0.0184 -0.4097 0.6387 0.1088 -0.6422 -0.7328 0.0775 0.6735 -0.0577 -0.7162 -0.2668 0.5766 -0.2888 -0.6564 -0.2061 0.7113 -0.1436 -0.7437 -0.1663 0.6368 0.1171 -0.8719 0.0385 -0.4858 -0.0475 -0.7686 -0.0488 0.6264 0.1203 -0.6793 -0.0144 0.7022 0.2126 -0.9819 -0.0298 -0.1855 -0.0245
-0.8326 0.3505 0.4285 0.0184 -0.4097 0.6387 0.1088 -0.6422 -0.7328 0.0775 0.6735 -0.0577 -0.7162 -0.2668 0.5766 -0.2888 -0.6659 -0.1933 0.7122 -0.1095 -0.7437 -0.1663 0.6368 0.1171 -0.8719 0.0385 -0.4858 -0.0475 -0.7589 -0.0209 0.6296 0.1649 -0.6793 -0.0144 0.7022 0.2126 -0.9819 -0.0298 -0.1855 -0.0245
-0.8326 0.3505 0.4285 0.0184 -0.4097 0.6387 0.1088 -0.6422 -0.7328 0.0775 0.6735 -0.0577 -0.7162 -0.2668 0.5766 -0.2888 -0.6659 -0.1933 0.7122 -0.1095 -0.7437 -0.1663 0.6368 0.1171 -0.8719 0.0385 -0.4858 -0.0475 -0.7589 -0.0209 0.6296 0.1649 -0.6793 -0.0144 0.7022 0.2126 -0.9819 -0.0298 -0.1855 -0.0245
-0.8326 0.3505 0.4285 0.0184 -0.4097 0.6387 0.1088 -0.6422 -0.7328 0.0775 0.6735 -0.0577 -0.7162 -0.2668 0.5766 -0.2888 -0.6659 -0.1933 0.7122 -0.1095 -0.759 -0.1899 0.6004 0.1653 -0.8719 0.0385 -0.4858 -0.0475 -0.7589 -0.0209 0.6296 0.1649 -0.687 0.1401 0.6704 0.243 -0.9819 -0.0298 -0.1855 -0.0245
-0.8326 0.3505 0.4285 0.0184 -0.4097 0.6387 0.1088 -0.6422 -0.7328 0.0775 0.6735 -0.0577 -0.7162 -0.2668 0.5766 -0.2888 -0.6659 -0.1933 0.7122 -0.1095 -0.759 -0.1899 0.6004 0.1653 -0.7777 0.0248 -0.6259 -0.0523 -0.7589 -0.0209 0.6296 0.1649 -0.687 0.1401 0.6704 0.243 -0.9819 -0.0298 -0.1855 -0.0245
-0.8326 0.3505 0.4285 0.0184 -0.4097 0.6387 0.1088 -0.6422 -0.7328 0.0775 0.6735 -0.0577 -0.7162 -0.2668 0.5766 -0.2888 -0.6659 -0.1933 0.7122 -0.1095 -0.759 -0.1899 0.6004 0.1653 -0.7777 0.0248 -0.6259 -0.0523 -0.7589 -0.0209 0.6296 0.1649 -0.687 0.1401 0.6704 0.243 -0.9819 -0.0298 -0.1855 -0.0245
-0.8463 0.3307 0.4175 -0.0016 -0.4193 0.6256 0.1351 -0.6439 -0.7164 0.0891 0.69 -0.0522 -0.7041 -0.2778 0.59 -0.2811 -0.6659 -0.1933 0.7122 -0.1095 -0.759 -0.1899 0.6004 0.1653 -0.7777 0.0248 -0.6259 -0.0523 -0.7359 -0.0034 0.6569 0.1639 -0.687 0.1401 0.6704 0.243 -0.9604 -0.0402 -0.2758 0.0018
-0.8463 0.3307 0.4175 -0.0016 -0.4193 0.6256 0.1351 -0.6439 -0.7164 0.0891 0.69 -0.0522 -0.7041 -0.2778 0.59 -0.2811 -0.6659 -0.1933 0.7122 -0.1095 -0.759 -0.1899 0.6004 0.1653 -0.7777 0.0248 -0.6259 -0.0523 -0.7359 -0.0034 0.6569 0.1639 -0.687 0.1401 0.6704 0.243 -0.9604 -0.0402 -0.2758 0.0018
-0.8463 0.3307 0.4175 -0.0016 -0.4193 0.6256 0.1351 -0.6439 -0.7164 0.0891 0.69 -0.0522 -0.7041 -0.2778 0.59 -0.2811 -0.694 -0.1887 0.687 -0.1036 -0.759 -0.1899 0.6004 0.1653 -0.7777 0.0248 -0.6259 -0.0523 -0.7359 -0.0034 0.6569 0.1639 -0.6779 0.2186 0.6677 0.2166 -0.9604 -0.0402 -0.2758 0.0018
-0.8463 0.3307 0.4175 -0.0016 -0.4193 0.6256 0.1351 -0.6439 -0.7164 0.0891 0.69 -0.0522 -0.7041 -0.2778 0.59 -0.2811 -0.694 -0.1887 0.687 -0.1036 -0.797 -0.1685 0.5392 0.2136 -0.7777 0.0248 -0.6259 -0.0523 -0.7359 -0.0034 0.6569 0.1639 -0.6779 0.2186 0.6677 0.2166 -0.9604 -0.0402 -0.2758 0.0018
-0.8463 0.3307 0.4175 -0.0016 -0.4193 0.6256 0.1351 -0.6439 -0.7164 0.0891 0.69 -0.0522 -0.7041 -0.2778 0.59 -0.2811 -0.694 -0.1887 0.687 -0.1036 -0.797 -0.1685 0.5392 0.2136 -0.6584 -0.0323 -0.739 -0.1393 -0.7359 -0.0034 0.6569 0.1639 -0.6779 0.2186 0.6677 0.2166 -0.9604 -0.0402 -0.2758 0.0018
-0.8463 0.3307 0.4175 -0.0016 -0.4193 0.6256 0.1351 -0.6439 -0.7164 0.0891 0.69 -0.0522 -0.7041 -0.2778 0.59 -0.2811 -0.694 -0.1887 0.687 -0.1036 -0.797 -0.1685 0.5392 0.2136 -0.6584 -0.0323 -0.739 -0.1393 -0.7359 -0.0034 0.6569 0.1639 -0.6779 0.2186 0.6677 0.2166 -0.9604 -0.0402 -0.2758 0.0018
-0.8463 0.3307 0.4175 -0.0016 -0.4193 0.6256 0.1351 -0.6439 -0.7164 0.0891 0.69 -0.0522 -0.7041 -0.2778 0.59 -0.2811 -0.694 -0.1887 0.687 -0.1036 -0.797 -0.1685 0.5392 0.2136 -0.6584 -0.0323 -0.739 -0.1393 -0.7359 -0.0034 0.6569 0.1639 -0.6779 0.2186 0.6677 0.2166 -0.9604 -0.0402 -0.2758 0.0018
-0.8506 0.3122 0.4219 -0.0324 -0.4081 0.6159 0.16 -0.6547 -0.7305 0.0663 0.6788 -0.0342 -0.7267 -0.3033 0.5591 -0.2594 -0.694 -0.1887 0.687 -0.1036 -0.797 -0.1685 0.5392 0.2136 -0.6584 -0.0323 -0.739 -0.1393 -0.7359 -0.0034 0.6569 0.1639 -0.6779 0.2186 0.6677 0.2166 -0.957 -0.0476 -0.2863 0.0015
-0.8506 0.3122 0.4219 -0.0324 -0.4081 0.6159 0.16 -0.6547 -0.7305 0.0663 0.6788 -0.0342 -0.7267 -0.3033 0.5591 -0.2594 -0.694 -0.1887 0.687 -0.1036 -0.797 -0.1685 0.5392 0.2136 -0.6584 -0.0323 -0.739 -0.1393 -0.7115 0.003 0.6921 0.1217 -0.6779 0.2186 0.6677 0.2166 -0.957 -0.0476 -0.2863 0.0015
-0.8506 0.3122 0.4219 -0.0324 -0.4081 0.6159 0.16 -0.6547 -0.7305 0.0663 0.6788 -0.0342 -0.7267 -0.3033 0.5591 -0.2594 -0.7294 -0.196 0.6475 -0.1017 -0.797 -0.1685 0.5392 0.2136 -0.6584 -0.0323 -0.739 -0.1393 -0.7115 0.003 0.6921 0.1217 -0.6595 0.2585 0.6748 0.2071 -0.957 -0.0476 -0.2863 0.0015
-0.8506 0.3122 0.4219 -0.0324 -0.4081 0.6159 0.16 -0.6547 -0.7305 0.0663 0.6788 -0.0342 -0.7267 -0.3033 0.5591 -0.2594 -0.7294 -0.196 0.6475 -0.1017 -0.797 -0.1685 0.5392 0.2136 -0.6584 -0.0323 -0.739 -0.1393 -0.7115 0.003 0.6921 0.1217 -0.6595 0.2585 0.6748 0.2071 -0.957 -0.0476 -0.2863 0.0015
-0.8506 0.3122 0.4219 -0.0324 -0.4081 0.6159 0.16 -0.6547 -0.7305 0.0663 0.6788 -0.0342 -0.7267 -0.3033 0.5591 -0.2594 -0.7294 -0.196 0.6475 -0.1017 -0.8287 -0.0867 0.5042 0.2269 -0.7727 0.1023 -0.6131 0.1287 -0.7115 0.003 0.6921 0.1217 -0.6595 0.2585 0.6748 0.2071 -0.957 -0.0476 -0.2863 0.0015
-0.8506 0.3122 0.4219 -0.0324 -0.4081 0.6159 0.16 -0.6547 -0.7305 0.0663 0.6788 -0.0342 -0.7267 -0.3033 0.5591 -0.2594 -0.7294 -0.196 0.6475 -0.1017 -0.8287 -0.0867 0.5042 0.2269 -0.7727 0.1023 -0.6131 0.1287 -0.7115 0.003 0.6921 0.1217 -0.6595 0.2585 0.6748 0.2071 -0.957 -0.0476 -0.2863 0.0015
-0.8506 0.3122 0.4219 -0.0324 -0.4081 0.6159 0.16 -0.6547 -0.7305 0.0663 0.6788 -0.0342 -0.7267 -0.3033 0.5591 -0.2594 -0.7294 -0.196 0.6475 -0.1017 -0.8287 -0.0867 0.5042 0.2269 -0.7727 0.1023 -0.6131 0.1287 -0.7115 0.003 0.6921 0.1217 -0.6595 0.2585 0.6748 0.2071 -0.957 -0.0476 -0.2863 0.0015
-0.8498 0.3323 0.4086 -0.0213 -0.4209 0.6088 0.1434 -0.657 -0.7497 0.0527 0.6592 -0.0256 -0.7667 -0.3163 0.5283 -0.1816 -0.7294 -0.196 0.6475 -0.1017 -0.8287 -0.0867 0.5042 0.2269 -0.7727 0.1023 -0.6131 0.1287 -0.7115 0.003 0.6921 0.1217 -0.6595 0.2585 0.6748 0.2071 -0.9558 -0.0549 -0.2885 -0.0137
-0.8498 0.3323 0.4086 -0.0213 -0.4209 0.6088 0.1434 -0.657 -0.7497 0.0527 0.6592 -0.0256 -0.7667 -0.3163 0.5283 -0.1816 -0.7294 -0.196 0.6475 -0.1017 -0.8287 -0.0867 0.5042 0.2269 -0.7727 0.1023 -0.6131 0.1287 -0.6923 0.0077 0.7161 0.0887 -0.6595 0.2585 0.6748 0.2071 -0.9558 -0.0549 -0.2885 -0.0137
-0.8498 0.3323 0.4086 -0.0213 -0.4209 0.6088 0.1434 -0.657 -0.7497 0.0527 0.6592 -0.0256 -0.7667 -0.3163 0.5283 -0.1816 -0.7471 -0.1942 0.6218 -0.1318 -0.8287 -0.0867 0.5042 0.2269 -0.7727 0.1023 -0.6131 0.1287 -0.6923 0.0077 0.7161 0.0887 -0.6595 0.2585 0.6748 0.2071 -0.9558 -0.0549 -0.2885 -0.0137
-0.8498 0.3323 0.4086 -0.0213 -0.4209 0.6088 0.1434 -0.657 -0.7497 0.0527 0.6592 -0.0256 -0.7667 -0.3163 0.5283 -0.1816 -0.7471 -0.1942 0.6218 -0.1318 -0.8287 -0.0867 0.5042 0.2269 -0.7727 0.1023 -0.6131 0.1287 -0.6923 0.0077 0.7161 0.0887 -0.6529 0.2755 0.6823 0.1797 -0.9558 -0.0549 -0.2885 -0.0137
-0.8498 0.3323 0.4086 -0.0213 -0.4209 0.6088 0.1434 -0.657 -0.7497 0.0527 0.6592 -0.0256 -0.7667 -0.3163 0.5283 -0.1816 -0.7471 -0.1942 0.6218 -0.1318 -0.8463 0.0154 0.512 0.146 -0.7727 0.1023 -0.6131 0.1287 -0.6923 0.0077 0.7161 0.0887 -0.6529 0.2755 0.6823 0.1797 -0.9558 -0.0549 -0.2885 -0.0137
-0.8498 0.3323 0.4086 -0.0213 -0.4209 0.6088 0.1434 -0.657 -0.7497 0.0527 0.6592 -0.0256 -0.7667 -0.3163 0.5283 -0.1816 -0.7471 -0.1942 0.6218 -0.1318 -0.8463 0.0154 0.512 0.146 -0.8189 0.149 -0.5261 0.1744 -0.6923 0.0077 0.7161 0.0887 -0.6529 0.2755 0.6823 0.1797 -0.9558 -0.0549 -0.2885 -0.0137
-0.8498 0.3323 0.4086 -0.0213 -0.4209 0.6088 0.1434 -0.657 -0.7497 0.0527 0.6592 -0.0256 -0.7667 -0.3163 0.5283 -0.1816 -0.7471 -0.1942 0.6218 -0.1318 -0.8463 0.0154 0.512 0.146 -0.8189 0.149 -0.5261 0.1744 -0.6923 0.0077 0.7161 0.0887 -0.6529 0.2755 0.6823 0.1797 -0.9558 -0.0549 -0.2885 -0.0137
-0.8437 0.3455 0.4108 -2.0E-4 -0.4274 0.6179 0.1224 -0.6486 -0.7582 0.1 0.6429 0.0413 -0.7947 -0.277 0.5327 -0.0888 -0.7471 -0.1942 0.6218 -0.1318 -0.8463 0.0154 0.512 0.146 -0.8189 0.149 -0.5261 0.1744 -0.6923 0.0077 0.7161 0.0887 -0.6529 0.2755 0.6823 0.1797 -0.9534 -0.0526 -0.2966 -0.0125
-0.8437 0.3455 0.4108 -2.0E-4 -0.4274 0.6179 0.1224 -0.6486 -0.7582 0.1 0.6429 0.0413 -0.7947 -0.277 0.5327 -0.0888 -0.7471 -0.1942 0.6218 -0.1318 -0.8463 0.0154 0.512 0.146 -0.8189 0.149 -0.5261 0.1744 -0.6864 0.003 0.7263 0.0358 -0.6529 0.2755 0.6823 0.1797 -0.9534 -0.0526 -0.2966 -0.0125
-0.8437 0.3455 0.4108 -2.0E-4 -0.4274 0.6179 0.1224 -0.6486 -0.7582 0.1 0.6429 0.0413 -0.7947 -0.277 0.5327 -0.0888 -0.7521 -0.1732 0.5995 -0.2117 -0.8463 0.0154 0.512 0.146 -0.8189 0.149 -0.5261 0.1744 -0.6864 0.003 0.7263 0.0358 -0.6529 0.2755 0.6823 0.1797 -0.9534 -0.0526 -0.2966 -0.0125
-0.8437 0.3455 0.4108 -2.0E-4 -0.4274 0.6179 0.1224 -0.6486 -0.7582 0.1 0.6429 0.0413 -0.7947 -0.277 0.5327 -0.0888 -0.7521 -0.1732 0.5995 -0.2117 -0.8463 0.0154 0.512 0.146 -0.8189 0.149 -0.5261 0.1744 -0.6864 0.003 0.7263 0.0358 -0.6538 0.27 0.6912 0.1479 -0.9534 -0.0526 -0.2966 -0.0125
-0.8437 0.3455 0.4108 -2.0E-4 -0.4274 0.6179 0.1224 -0.6486 -0.7582 0.1 0.6429 0.0413 -0.7947 -0.277 0.5327 -0.0888 -0.7521 -0.1732 0.5995 -0.2117 -0.826 0.0624 0.5596 0.0237 -0.8189 0.149 -0.5261 0.1744 -0.6864 0.003 0.7263 0.0358 -0.6538 0.27 0.6912 0.1479 -0.9534 -0.0526 -0.2966 -0.0125
-0.8437 0.3455 0.4108 -2.0E-4 -0.4274 0.6179 0.1224 -0.6486 -0.7582 0.1 0.6429 0.0413 -0.7947 -0.277 0.5327 -0.0888 -0.7521 -0.1732 0.5995 -0.2117 -0.826 0.0624 0.5596 0.0237 -0.8708 0.066 -0.4839 0.0564 -0.6864 0.003 0.7263 0.0358 -0.6538 0.27 0.6912 0.1479 -0.9534 -0.0526 -0.2966 -0.0125
-0.8437 0.3455 0.4108 -2.0E-4 -0.4274 0.6179 0.1224 -0.6486 -0.7582 0.1 0.6429 0.0413 -0.7947 -0.277 0.5327 -0.0888 -0.7521 -0.1732 0.5995 -0.2117 -0.826 0.0624 0.5596 0.0237 -0.8708 0.066 -0.4839 0.0564 -0.6864 0.003 0.7263 0.0358 -0.6538 0.27 0.6912 0.1479 -0.9534 -0.0526 -0.2966 -0.0125
-0.832 0.3583 0.4225 0.03 -0.4265 0.6393 0.0983 -0.6322 -0.7561 0.1221 0.6325 0.1158 -0.806 -0.2507 0.5352 -0.0331 -0.7521 -0.1732 0.5995 -0.2117 -0.826 0.0624 0.5596 0.0237 -0.8708 0.066 -0.4839 0.0564 -0.6864 0.003 0.7263 0.0358 -0.6538 0.27 0.6912 0.1479 -0.9512 -0.0483 -0.3048 -0.0086
-0.832 0.3583 0.4225 0.03 -0.4265 0.6393 0.0983 -0.6322 -0.7561 0.1221 0.6325 0.1158 -0.806 -0.2507 0.5352 -0.0331 -0.7521 -0.1732 0.5995 -0.2117 -0.826 0.0624 0.5596 0.0237 -0.8708 0.066 -0.4839 0.0564 -0.6813 0.0167 0.7318 -0.0015 -0.6538 0.27 0.6912 0.1479 -0.9512 -0.0483 -0.3048 -0.0086
-0.832 0.3583 0.4225 0.03 -0.4265 0.6393 0.0983 -0.6322 -0.7561 0.1221 0.6325 0.1158 -0.806 -0.2507 0.5352 -0.0331 -0.7209 -0.1797 0.5927 -0.3109 -0.826 0.0624 0.5596 0.0237 -0.8708 0.066 -0.4839 0.0564 -0.6813 0.0167 0.7318 -0.0015 -0.6538 0.27 0.6912 0.1479 -0.9512 -0.0483 -0.3048 -0.0086
-0.832 0.3583 0.4225 0.03 -0.4265 0.6393 0.0983 -0.6322 -0.7561 0.1221 0.6325 0.1158 -0.806 -0.2507 0.5352 -0.0331 -0.7209 -0.1797 0.5927 -0.3109 -0.826 0.0624 0.5596 0.0237 -0.8708 0.066 -0.4839 0.0564 -0.6813 0.0167 0.7318 -0.0015 -0.6603 0.263 0.6927 0.1228 -0.9512 -0.0483 -0.3048 -0.0086
-0.832 0.3583 0.4225 0.03 -0.4265 0.6393 0.0983 -0.6322 -0.7561 0.1221 0.6325 0.1158 -0.806 -0.2507 0.5352 -0.0331 -0.7209 -0.1797 0.5927 -0.3109 -0.7877 0.0424 0.6143 -0.0226 -0.8708 0.066 -0.4839 0.0564 -0.6813 0.0167 0.7318 -0.0015 -0.6603 0.263 0.6927 0.1228 -0.9512 -0.0483 -0.3048 -0.0086
-0.832 0.3583 0.4225 0.03 -0.4265 0.6393 0.0983 -0.6322 -0.7561 0.1221 0.6325 0.1158 -0.806 -0.2507 0.5352 -0.0331 -0.7209 -0.1797 0.5927 -0.3109 -0.7877 0.0424 0.6143 -0.0226 -0.8929 -0.084 -0.4387 -0.0562 -0.6813 0.0167 0.7318 -0.0015 -0.6603 0.263 0.6927 0.1228 -0.9512 -0.0483 -0.3048 -0.0086
-0.832 0.3583 0.4225 0.03 -0.4265 0.6393 0.0983 -0.6322 -0.7561 0.1221 0.6325 0.1158 -0.806 -0.2507 0.5352 -0.0331 -0.7209 -0.1797 0.5927 -0.3109 -0.7877 0.0424 0.6143 -0.0226 -0.8929 -0.084 -0.4387 -0.0562 -0.6813 0.0167 0.7318 -0.0015 -0.6603 0.263 0.6927 0.1228 -0.9512 -0.0483 -0.3048 -0.0086
-0.8257 0.3781 0.4172 0.034 -0.4255 0.6428 0.0784 -0.6321 -0.7439 0.118 0.6404 0.1501 -0.7971 -0.2838 0.5328 -0.0115 -0.7209 -0.1797 0.5927 -0.3109 -0.7877 0.0424 0.6143 -0.0226 -0.8929 -0.084 -0.4387 -0.0562 -0.6813 0.0167 0.7318 -0.0015 -0.6603 0.263 0.6927 0.1228 -0.9484 -0.0479 -0.3134 -0.0076
-0.8257 0.3781 0.4172 0.034 -0.4255 0.6428 0.0784 -0.6321 -0.7439 0.118 0.6404 0.1501 -0.7971 -0.2838 0.5328 -0.0115 -0.6682 -0.1785 0.6109 -0.3854 -0.7877 0.0424 0.6143 -0.0226 -0.8929 -0.084 -0.4387 -0.0562 -0.6791 -0.0029 0.7301 -0.0764 -0.6603 0.263 0.6927 0.1228 -0.9484 -0.0479 -0.3134 -0.0076
-0.8257 0.3781 0.4172 0.034 -0.4255 0.6428 0.0784 -0.6321 -0.7439 0.118 0.6404 0.1501 -0.7971 -0.2838 0.5328 -0.0115 -0.6682 -0.1785 0.6109 -0.3854 -0.7877 0.0424 0.6143 -0.0226 -0.8929 -0.084 -0.4387 -0.0562 -0.6791 -0.0029 0.7301 -0.0764 -0.6603 0.263 0.6927 0.1228 -0.9484 -0.0479 -0.3134 -0.0076
-0.8257 0.3781 0.4172 0.034 -0.4255 0.6428 0.0784 -0.6321 -0.7439 0.118 0.6404 0.1501 -0.7971 -0.2838 0.5328 -0.0115 -0.6682 -0.1785 0.6109 -0.3854 -0.7527 -0.0419 0.6569 0.0162 -0.8929 -0.084 -0.4387 -0.0562 -0.6791 -0.0029 0.7301 -0.0764 -0.6795 0.2568 0.6831 0.0749 -0.9484 -0.0479 -0.3134 -0.0076
-0.8257 0.3781 0.4172 0.034 -0.4255 0.6428 0.0784 -0.6321 -0.7439 0.118 0.6404 0.1501 -0.7971 -0.2838 0.5328 -0.0115 -0.6682 -0.1785 0.6109 -0.3854 -0.7527 -0.0419 0.6569 0.0162 -0.9056 0.0011 -0.424 -0.0082 -0.6791 -0.0029 0.7301 -0.0764 -0.6795 0.2568 0.6831 0.0749 -0.9484 -0.0479 -0.3134 -0.0076
-0.8257 0.3781 0.4172 0.034 -0.4255 0.6428 0.0784 -0.6321 -0.7439 0.118 0.6404 0.1501 -0.7971 -0.2838 0.5328 -0.0115 -0.6682 -0.1785 0.6109 -0.3854 -0.7527 -0.0419 0.6569 0.0162 -0.9056 0.0011 -0.424 -0.0082 -0.6791 -0.0029 0.7301 -0.0764 -0.6795 0.2568 0.6831 0.0749 -0.9484 -0.0479 -0.3134 -0.0076
-0.8257 0.3781 0.4172 0.034 -0.4255 0.6428 0.0784 -0.6321 -0.7439 0.118 0.6404 0.1501 -0.7971 -0.2838 0.5328 -0.0115 -0.6682 -0.1785 0.6109 -0.3854 -0.7527 -0.0419 0.6569 0.0162 -0.9056 0.0011 -0.424 -0.0082 -0.6791 -0.0029 0.7301 -0.0764 -0.6795 0.2568 0.6831 0.0749 -0.9484 -0.0479 -0.3134 -0.0076
-0.8179 0.3843 0.4282 0.0034 -0.402 0.6446 0.0789 -0.6455 -0.7457 0.1107 0.6362 0.1645 -0.7995 -0.2894 0.5261 -0.0185 -0.6682 -0.1785 0.6109 -0.3854 -0.7527 -0.0419 0.6569 0.0162 -0.9056 0.0011 -0.424 -0.0082 -0.6791 -0.0029 0.7301 -0.0764 -0.6795 0.2568 0.6831 0.0749 -0.9385 -0.0559 -0.3408 -0.0057
-0.8179 0.3843 0.4282 0.0034 -0.402 0.6446 0.0789 -0.6455 -0.7457 0.1107 0.6362 0.1645 -0.7995 -0.2894 0.5261 -0.0185 -0.6682 -0.1785 0.6109 -0.3854 -0.7527 -0.0419 0.6569 0.0162 -0.9056 0.0011 -0.424 -0.0082 -0.672 -0.0212 0.7267 -0.1407 -0.6795 0.2568 0.6831 0.0749 -0.9385 -0.0559 -0.3408 -0.0057
-0.8179 0.3843 0.4282 0.0034 -0.402 0.6446 0.0789 -0.6455 -0.7457 0.1107 0.6362 0.1645 -0.7995 -0.2894 0.5261 -0.0185 -0.6306 -0.215 0.6375 -0.387 -0.7527 -0.0419 0.6569 0.0162 -0.9056 0.0011 -0.424 -0.0082 -0.672 -0.0212 0.7267 -0.1407 -0.7015 0.274 0.6579 0.0041 -0.9385 -0.0559 -0.3408 -0.0057
-0.8179 0.3843 0.4282 0.0034 -0.402 0.6446 0.0789 -0.6455 -0.7457 0.1107 0.6362 0.1645 -0.7995 -0.2894 0.5261 -0.0185 -0.6306 -0.215 0.6375 -0.387 -0.7527 -0.0419 0.6569 0.0162 -0.9056 0.0011 -0.424 -0.0082 -0.672 -0.0212 0.7267 -0.1407 -0.7015 0.274 0.6579 0.0041 -0.9385 -0.0559 -0.3408 -0.0057
-0.8179 0.3843 0.4282 0.0034 -0.402 0.6446 0.0789 -0.6455 -0.7457 0.1107 0.6362 0.1645 -0.7995 -0.2894 0.5261 -0.0185 -0.6306 -0.215 0.6375 -0.387 -0.7538 -0.1001 0.6493 0.0137 -0.9056 0.0011 -0.424 -0.0082 -0.672 -0.0212 0.7267 -0.1407 -0.7015 0.274 0.6579 0.0041 -0.9385 -0.0559 -0.3408 -0.0057
-0.8179 0.3843 0.4282 0.0034 -0.402 0.6446 0.0789 -0.6455 -0.7457 0.1107 0.6362 0.1645 -0.7995 -0.2894 0.5261 -0.0185 -0.6306 -0.215 0.6375 -0.387 -0.7538 -0.1001 0.6493 0.0137 -0.896 -2.0E-4 -0.4425 -0.0369 -0.672 -0.0212 0.7267 -0.1407 -0.7015 0.274 0.6579 0.0041 -0.9385 -0.0559 -0.3408 -0.0057
-0.8179 0.3843 0.4282 0.0034 -0.402 0.6446 0.0789 -0.6455 -0.7457 0.1107 0.6362 0.1645 -0.7995 -0.2894 0.5261 -0.0185 -0.6306 -0.215 0.6375 -0.387 -0.7538 -0.1001 0.6493 0.0137 -0.896 -2.0E-4 -0.4425 -0.0369 -0.672 -0.0212 0.7267 -0.1407 -0.7015 0.274 0.6579 0.0041 -0.9385 -0.0559 -0.3408 -0.0057
-0.8071 0.3978 0.4361 -0.0118 -0.3818 0.6404 0.066 -0.6631 -0.7516 0.0244 0.655 0.0739 -0.7836 -0.321 0.5223 -0.1003 -0.6306 -0.215 0.6375 -0.387 -0.7538 -0.1001 0.6493 0.0137 -0.896 -2.0E-4 -0.4425 -0.0369 -0.672 -0.0212 0.7267 -0.1407 -0.7015 0.274 0.6579 0.0041 -0.8637 -0.0488 -0.5008 0.029
-0.8071 0.3978 0.4361 -0.0118 -0.3818 0.6404 0.066 -0.6631 -0.7516 0.0244 0.655 0.0739 -0.7836 -0.321 0.5223 -0.1003 -0.6306 -0.215 0.6375 -0.387 -0.7538 -0.1001 0.6493 0.0137 -0.896 -2.0E-4 -0.4425 -0.0369 -0.7036 -0.0283 0.7053 -0.0818 -0.7015 0.274 0.6579 0.0041 -0.8637 -0.0488 -0.5008 0.029
-0.8071 0.3978 0.4361 -0.0118 -0.3818 0.6404 0.066 -0.6631 -0.7516 0.0244 0.655 0.0739 -0.7836 -0.321 0.5223 -0.1003 -0.6295 -0.2085 0.6744 -0.3245 -0.7538 -0.1001 0.6493 0.0137 -0.896 -2.0E-4 -0.4425 -0.0369 -0.7036 -0.0283 0.7053 -0.0818 -0.7055 0.3477 0.6151 -0.055 -0.8637 -0.0488 -0.5008 0.029
-0.8071 0.3978 0.4361 -0.0118 -0.3818 0.6404 0.066 -0.6631 -0.7516 0.0244 0.655 0.0739 -0.7836 -0.321 0.5223 -0.1003 -0.6295 -0.2085 0.6744 -0.3245 -0.7538 -0.1001 0.6493 0.0137 -0.896 -2.0E-4 -0.4425 -0.0369 -0.7036 -0.0283 0.7053 -0.0818 -0.7055 0.3477 0.6151 -0.055 -0.8637 -0.0488 -0.5008 0.029
-0.8071 0.3978 0.4361 -0.0118 -0.3818 0.6404 0.066 -0.6631 -0.7516 0.0244 0.655 0.0739 -0.7836 -0.321 0.5223 -0.1003 -0.6295 -0.2085 0.6744 -0.3245 -0.7436 -0.1168 0.6576 0.0306 -0.8923 0.0082 -0.4496 -0.0393 -0.7036 -0.0283 0.7053 -0.0818 -0.7055 0.3477 0.6151 -0.055 -0.8637 -0.0488 -0.5008 0.029
-0.8071 0.3978 0.4361 -0.0118 -0.3818 0.6404 0.066 -0.6631 -0.7516 0.0244 0.655 0.0739 -0.7836 -0.321 0.5223 -0.1003 -0.6295 -0.2085 0.6744 -0.3245 -0.7436 -0.1168 0.6576 0.0306 -0.8923 0.0082 -0.4496 -0.0393 -0.7036 -0.0283 0.7053 -0.0818 -0.7055 0.3477 0.6151 -0.055 -0.8637 -0.0488 -0.5008 0.029
-0.8071 0.3978 0.4361 -0.0118 -0.3737 0.6282 0.0801 -0.6778 -0.7639 0.0527 0.6416 0.0451 -0.7836 -0.321 0.5223 -0.1003 -0.6295 -0.2085 0.6744 -0.3245 -0.7436 -0.1168 0.6576 0.0306 -0.8923 0.0082 -0.4496 -0.0393 -0.7036 -0.0283 0.7053 -0.0818 -0.7055 0.3477 0.6151 -0.055 -0.8637 -0.0488 -0.5008 0.029
-0.8071 0.3978 0.4361 -0.0118 -0.3737 0.6282 0.0801 -0.6778 -0.7639 0.0527 0.6416 0.0451 -0.7881 -0.2795 0.5272 -0.1508 -0.6295 -0.2085 0.6744 -0.3245 -0.7436 -0.1168 0.6576 0.0306 -0.8923 0.0082 -0.4496 -0.0393 -0.7036 -0.0283 0.7053 -0.0818 -0.7055 0.3477 0.6151 -0.055 -0.8637 -0.0488 -0.5008 0.029
-0.8071 0.3978 0.4361 -0.0118 -0.3737 0.6282 0.0801 -0.6778 -0.7639 0.0527 0.6416 0.0451 -0.7881 -0.2795 0.5272 -0.1508 -0.6362 -0.1967 0.6952 -0.2707 -0.7436 -0.1168 0.6576 0.0306 -0.8923 0.0082 -0.4496 -0.0393 -0.7474 -0.0569 0.6617 0.0189 -0.7055 0.3477 0.6151 -0.055 -0.7207 -0.076 -0.6851 0.0741
-0.8071 0.3978 0.4361 -0.0118 -0.3737 0.6282 0.0801 -0.6778 -0.7639 0.0527 0.6416 0.0451 -0.7881 -0.2795 0.5272 -0.1508 -0.6362 -0.1967 0.6952 -0.2707 -0.7436 -0.1168 0.6576 0.0306 -0.8923 0.0082 -0.4496 -0.0393 -0.7474 -0.0569 0.6617 0.0189 -0.7055 0.3477 0.6151 -0.055 -0.7207 -0.076 -0.6851 0.0741
-0.8071 0.3978 0.4361 -0.0118 -0.3737 0.6282 0.0801 -0.6778 -0.7639 0.0527 0.6416 0.0451 -0.7881 -0.2795 0.5272 -0.1508 -0.6362 -0.1967 0.6952 -0.2707 -0.7365 -0.1281 0.6619 0.0559 -0.8923 0.0082 -0.4496 -0.0393 -0.7474 -0.0569 0.6617 0.0189 -0.6957 0.4178 0.5794 -0.0749 -0.7207 -0.076 -0.6851 0.0741
-0.8071 0.3978 0.4361 -0.0118 -0.3737 0.6282 0.0801 -0.6778 -0.7639 0.0527 0.6416 0.0451 -0.7881 -0.2795 0.5272 -0.1508 -0.6362 -0.1967 0.6952 -0.2707 -0.7365 -0.1281 0.6619 0.0559 -0.8928 0.0113 -0.4487 -0.0386 -0.7474 -0.0569 0.6617 0.0189 -0.6957 0.4178 0.5794 -0.0749 -0.7207 -0.076 -0.6851 0.0741
-0.8071 0.3978 0.4361 -0.0118 -0.3737 0.6282 0.0801 -0.6778 -0.7639 0.0527 0.6416 0.0451 -0.7881 -0.2795 0.5272 -0.1508 -0.6362 -0.1967 0.6952 -0.2707 -0.7365 -0.1281 0.6619 0.0559 -0.8928 0.0113 -0.4487 -0.0386 -0.7474 -0.0569 0.6617 0.0189 -0.6957 0.4178 0.5794 -0.0749 -0.7207 -0.076 -0.6851 0.0741
-0.8071 0.3978 0.4361 -0.0118 -0.3737 0.6282 0.0801 -0.6778 -0.7639 0.0527 0.6416 0.0451 -0.7881 -0.2795 0.5272 -0.1508 -0.6362 -0.1967 0.6952 -0.2707 -0.7365 -0.1281 0.6619 0.0559 -0.8928 0.0113 -0.4487 -0.0386 -0.7474 -0.0569 0.6617 0.0189 -0.6957 0.4178 0.5794 -0.0749 -0.7207 -0.076 -0.6851 0.0741
-0.8119 0.3885 0.4352 -0.0206 -0.377 0.6341 0.0818 -0.6701 -0.7684 0.0165 0.6387 -0.0382 -0.7616 -0.2793 0.5322 -0.2425 -0.6362 -0.1967 0.6952 -0.2707 -0.7365 -0.1281 0.6619 0.0559 -0.8928 0.0113 -0.4487 -0.0386 -0.7695 -0.057 0.6324 0.0674 -0.6957 0.4178 0.5794 -0.0749 -0.842 -0.0936 -0.5292 0.0473
-0.8119 0.3885 0.4352 -0.0206 -0.377 0.6341 0.0818 -0.6701 -0.7684 0.0165 0.6387 -0.0382 -0.7616 -0.2793 0.5322 -0.2425 -0.6362 -0.1967 0.6952 -0.2707 -0.7365 -0.1281 0.6619 0.0559 -0.8928 0.0113 -0.4487 -0.0386 -0.7695 -0.057 0.6324 0.0674 -0.6957 0.4178 0.5794 -0.0749 -0.842 -0.0936 -0.5292 0.0473
-0.8119 0.3885 0.4352 -0.0206 -0.377 0.6341 0.0818 -0.6701 -0.7684 0.0165 0.6387 -0.0382 -0.7616 -0.2793 0.5322 -0.2425 -0.6362 -0.1967 0.6952 -0.2707 -0.7365 -0.1281 0.6619 0.0559 -0.8928 0.0113 -0.4487 -0.0386 -0.7695 -0.057 0.6324 0.0674 -0.6957 0.4178 0.5794 -0.0749 -0.842 -0.0936 -0.5292 0.0473
-0.8119 0.3885 0.4352 -0.0206 -0.377 0.6341 0.0818 -0.6701 -0.7684 0.0165 0.6387 -0.0382 -0.7616 -0.2793 0.5322 -0.2425 -0.6362 -0.1967 0.6952 -0.2707 -0.7357 -0.1396 0.6585 0.0743 -0.8928 0.0113 -0.4487 -0.0386 -0.7695 -0.057 0.6324 0.0674 -0.7344 0.2546 0.6238 0.0817 -0.842 -0.0936 -0.5292 0.0473
-0.8119 0.3885 0.4352 -0.0206 -0.377 0.6341 0.0818 -0.6701 -0.7684 0.0165 0.6387 -0.0382 -0.7616 -0.2793 0.5322 -0.2425 -0.6362 -0.1967 0.6952 -0.2707 -0.7357 -0.1396 0.6585 0.0743 -0.8881 0.0212 -0.458 -0.0323 -0.7695 -0.057 0.6324 0.0674 -0.7344 0.2546 0.6238 0.0817 -0.842 -0.0936 -0.5292 0.0473
-0.8119 0.3885 0.4352 -0.0206 -0.377 0.6341 0.0818 -0.6701 -0.7684 0.0165 0.6387 -0.0382 -0.7616 -0.2793 0.5322 -0.2425 -0.6362 -0.1967 0.6952 -0.2707 -0.7357 -0.1396 0.6585 0.0743 -0.8881 0.0212 -0.458 -0.0323 -0.7695 -0.057 0.6324 0.0674 -0.7344 0.2546 0.6238 0.0817 -0.842 -0.0936 -0.5292 0.0473
-0.8119 0.3885 0.4352 -0.0206 -0.377 0.6341 0.0818 -0.6701 -0.7684 0.0165 0.6387 -0.0382 -0.7616 -0.2793 0.5322 -0.2425 -0.6362 -0.1967 0.6952 -0.2707 -0.7357 -0.1396 0.6585 0.0743 -0.8881 0.0212 -0.458 -0.0323 -0.7695 -0.057 0.6324 0.0674 -0.7344 0.2546 0.6238 0.0817 -0.842 -0.0936 -0.5292 0.0473
-0.8125 0.3844 0.4382 0.0089 -0.3848 0.652 0.0749 -0.649 -0.7486 0.0442 0.6577 -0.0718 -0.7161 -0.2494 0.5623 -0.3298 -0.6362 -0.1967 0.6952 -0.2707 -0.7357 -0.1396 0.6585 0.0743 -0.8881 0.0212 -0.458 -0.0323 -0.7695 -0.057 0.6324 0.0674 -0.7344 0.2546 0.6238 0.0817 -0.9619 -0.1029 -0.2529 -0.0175
-0.8125 0.3844 0.4382 0.0089 -0.3848 0.652 0.0749 -0.649 -0.7486 0.0442 0.6577 -0.0718 -0.7161 -0.2494 0.5623 -0.3298 -0.6362 -0.1967 0.6952 -0.2707 -0.7357 -0.1396 0.6585 0.0743 -0.8881 0.0212 -0.458 -0.0323 -0.7714 -0.0364 0.6251 0.1138 -0.7344 0.2546 0.6238 0.0817 -0.9619 -0.1029 -0.2529 -0.0175
-0.8125 0.3844 0.4382 0.0089 -0.3848 0.652 0.0749 -0.649 -0.7486 0.0442 0.6577 -0.0718 -0.7161 -0.2494 0.5623 -0.3298 -0.6318 -0.2094 0.7196 -0.1979 -0.7357 -0.1396 0.6585 0.0743 -0.8881 0.0212 -0.458 -0.0323 -0.7714 -0.0364 0.6251 0.1138 -0.7013 0.0845 0.6682 0.2335 -0.9619 -0.1029 -0.2529 -0.0175
-0.8125 0.3844 0.4382 0.0089 -0.3848 0.652 0.0749 -0.649 -0.7486 0.0442 0.6577 -0.0718 -0.7161 -0.2494 0.5623 -0.3298 -0.6318 -0.2094 0.7196 -0.1979 -0.7357 -0.1396 0.6585 0.0743 -0.8881 0.0212 -0.458 -0.0323 -0.7714 -0.0364 0.6251 0.1138 -0.7013 0.0845 0.6682 0.2335 -0.9619 -0.1029 -0.2529 -0.0175
-0.8125 0.3844 0.4382 0.0089 -0.3848 0.652 0.0749 -0.649 -0.7486 0.0442 0.6577 -0.0718 -0.7161 -0.2494 0.5623 -0.3298 -0.6318 -0.2094 0.7196 -0.1979 -0.7418 -0.1447 0.6469 0.1022 -0.8837 0.0267 -0.4669 -0.0227 -0.7714 -0.0364 0.6251 0.1138 -0.7013 0.0845 0.6682 0.2335 -0.9619 -0.1029 -0.2529 -0.0175
-0.8125 0.3844 0.4382 0.0089 -0.3848 0.652 0.0749 -0.649 -0.7486 0.0442 0.6577 -0.0718 -0.7161 -0.2494 0.5623 -0.3298 -0.6318 -0.2094 0.7196 -0.1979 -0.7418 -0.1447 0.6469 0.1022 -0.8837 0.0267 -0.4669 -0.0227 -0.7714 -0.0364 0.6251 0.1138 -0.7013 0.0845 0.6682 0.2335 -0.9619 -0.1029 -0.2529 -0.0175
-0.8215 0.3862 0.4186 0.0257 -0.4086 0.6473 0.071 -0.6395 -0.7316 0.0424 0.6702 -0.1171 -0.674 -0.2419 0.5735 -0.3978 -0.6318 -0.2094 0.7196 -0.1979 -0.7418 -0.1447 0.6469 0.1022 -0.8837 0.0267 -0.4669 -0.0227 -0.7714 -0.0364 0.6251 0.1138 -0.7013 0.0845 0.6682 0.2335 -0.9938 -0.0383 -0.0848 -0.0599
-0.8215 0.3862 0.4186 0.0257 -0.4086 0.6473 0.071 -0.6395 -0.7316 0.0424 0.6702 -0.1171 -0.674 -0.2419 0.5735 -0.3978 -0.6318 -0.2094 0.7196 -0.1979 -0.7418 -0.1447 0.6469 0.1022 -0.8837 0.0267 -0.4669 -0.0227 -0.7688 -0.0396 0.6199 0.152 -0.7013 0.0845 0.6682 0.2335 -0.9938 -0.0383 -0.0848 -0.0599
-0.8215 0.3862 0.4186 0.0257 -0.4086 0.6473 0.071 -0.6395 -0.7316 0.0424 0.6702 -0.1171 -0.674 -0.2419 0.5735 -0.3978 -0.6462 -0.2025 0.7217 -0.1431 -0.7418 -0.1447 0.6469 0.1022 -0.8837 0.0267 -0.4669 -0.0227 -0.7688 -0.0396 0.6199 0.152 -0.7013 0.0845 0.6682 0.2335 -0.9938 -0.0383 -0.0848 -0.0599
-0.8215 0.3862 0.4186 0.0257 -0.4086 0.6473 0.071 -0.6395 -0.7316 0.0424 0.6702 -0.1171 -0.674 -0.2419 0.5735 -0.3978 -0.6462 -0.2025 0.7217 -0.1431 -0.7418 -0.1447 0.6469 0.1022 -0.8837 0.0267 -0.4669 -0.0227 -0.7688 -0.0396 0.6199 0.152 -0.7013 0.0845 0.6682 0.2335 -0.9938 -0.0383 -0.0848 -0.0599
-0.8215 0.3862 0.4186 0.0257 -0.4086 0.6473 0.071 -0.6395 -0.7316 0.0424 0.6702 -0.1171 -0.674 -0.2419 0.5735 -0.3978 -0.6462 -0.2025 0.7217 -0.1431 -0.7418 -0.1447 0.6469 0.1022 -0.8837 0.0267 -0.4669 -0.0227 -0.7688 -0.0396 0.6199 0.152 -0.7013 0.0845 0.6682 0.2335 -0.9938 -0.0383 -0.0848 -0.0599
-0.8215 0.3862 0.4186 0.0257 -0.4086 0.6473 0.071 -0.6395 -0.7316 0.0424 0.6702 -0.1171 -0.674 -0.2419 0.5735 -0.3978 -0.6462 -0.2025 0.7217 -0.1431 -0.7418 -0.1447 0.6469 0.1022 -0.8837 0.0267 -0.4669 -0.0227 -0.7688 -0.0396 0.6199 0.152 -0.6838 0.0522 0.6792 0.2616 -0.9938 -0.0383 -0.0848 -0.0599
-0.8215 0.3862 0.4186 0.0257 -0.4235 0.6476 0.09 -0.627 -0.7316 0.0424 0.6702 -0.1171 -0.674 -0.2419 0.5735 -0.3978 -0.6462 -0.2025 0.7217 -0.1431 -0.7501 -0.1522 0.6274 0.1436 -0.8696 0.0327 -0.4926 -0.0091 -0.7688 -0.0396 0.6199 0.152 -0.6838 0.0522 0.6792 0.2616 -0.9938 -0.0383 -0.0848 -0.0599
-0.8215 0.3862 0.4186 0.0257 -0.4235 0.6476 0.09 -0.627 -0.7316 0.0424 0.6702 -0.1171 -0.674 -0.2419 0.5735 -0.3978 -0.6462 -0.2025 0.7217 -0.1431 -0.7501 -0.1522 0.6274 0.1436 -0.8696 0.0327 -0.4926 -0.0091 -0.7688 -0.0396 0.6199 0.152 -0.6838 0.0522 0.6792 0.2616 -0.9938 -0.0383 -0.0848 -0.0599
-0.8336 0.369 0.41 0.0316 -0.4235 0.6476 0.09 -0.627 -0.7266 0.0524 0.6745 -0.1203 -0.664 -0.2322 0.5786 -0.4127 -0.6462 -0.2025 0.7217 -0.1431 -0.7501 -0.1522 0.6274 0.1436 -0.8696 0.0327 -0.4926 -0.0091 -0.7688 -0.0396 0.6199 0.152 -0.6838 0.0522 0.6792 0.2616 -0.9871 -0.073 -0.1404 -0.0218
-0.8336 0.369 0.41 0.0316 -0.4235 0.6476 0.09 -0.627 -0.7266 0.0524 0.6745 -0.1203 -0.664 -0.2322 0.5786 -0.4127 -0.6462 -0.2025 0.7217 -0.1431 -0.7501 -0.1522 0.6274 0.1436 -0.8696 0.0327 -0.4926 -0.0091 -0.7688 -0.0396 0.6199 0.152 -0.6838 0.0522 0.6792 0.2616 -0.9871 -0.073 -0.1404 -0.0218
-0.8336 0.369 0.41 0.0316 -0.4235 0.6476 0.09 -0.627 -0.7266 0.0524 0.6745 -0.1203 -0.664 -0.2322 0.5786 -0.4127 -0.6655 -0.1834 0.7162 -0.1025 -0.7501 -0.1522 0.6274 0.1436 -0.8696 0.0327 -0.4926 -0.0091 -0.7525 -0.0198 0.6302 0.1904 -0.6838 0.0522 0.6792 0.2616 -0.9871 -0.073 -0.1404 -0.0218
-0.8336 0.369 0.41 0.0316 -0.4235 0.6476 0.09 -0.627 -0.7266 0.0524 0.6745 -0.1203 -0.664 -0.2322 0.5786 -0.4127 -0.6655 -0.1834 0.7162 -0.1025 -0.7501 -0.1522 0.6274 0.1436 -0.8696 0.0327 -0.4926 -0.0091 -0.7525 -0.0198 0.6302 0.1904 -0.6696 0.2083 0.6429 0.3082 -0.9871 -0.073 -0.1404 -0.0218
-0.8336 0.369 0.41 0.0316 -0.4235 0.6476 0.09 -0.627 -0.7266 0.0524 0.6745 -0.1203 -0.664 -0.2322 0.5786 -0.4127 -0.6655 -0.1834 0.7162 -0.1025 -0.7688 -0.1874 0.5745 0.2094 -0.8696 0.0327 -0.4926 -0.0091 -0.7525 -0.0198 0.6302 0.1904 -0.6696 0.2083 0.6429 0.3082 -0.9871 -0.073 -0.1404 -0.0218
-0.8336 0.369 0.41 0.0316 -0.4235 0.6476 0.09 -0.627 -0.7294 0.0607 0.6754 -0.0904 -0.664 -0.2322 0.5786 -0.4127 -0.6655 -0.1834 0.7162 -0.1025 -0.7688 -0.1874 0.5745 0.2094 -0.7632 0.0239 -0.6455 -0.0124 -0.7525 -0.0198 0.6302 0.1904 -0.6696 0.2083 0.6429 0.3082 -0.9871 -0.073 -0.1404 -0.0218
-0.8336 0.369 0.41 0.0316 -0.4235 0.6476 0.09 -0.627 -0.7294 0.0607 0.6754 -0.0904 -0.664 -0.2322 0.5786 -0.4127 -0.6655 -0.1834 0.7162 -0.1025 -0.7688 -0.1874 0.5745 0.2094 -0.7632 0.0239 -0.6455 -0.0124 -0.7525 -0.0198 0.6302 0.1904 -0.6696 0.2083 0.6429 0.3082 -0.9871 -0.073 -0.1404 -0.0218
-0.8397 0.3643 0.402 0.0256 -0.4235 0.6476 0.09 -0.627 -0.7294 0.0607 0.6754 -0.0904 -0.6782 -0.2567 0.5662 -0.3921 -0.6655 -0.1834 0.7162 -0.1025 -0.7688 -0.1874 0.5745 0.2094 -0.7632 0.0239 -0.6455 -0.0124 -0.7525 -0.0198 0.6302 0.1904 -0.6696 0.2083 0.6429 0.3082 -0.959 -0.0559 -0.2659 0.0803
-0.8397 0.3643 0.402 0.0256 -0.4235 0.6476 0.09 -0.627 -0.7294 0.0607 0.6754 -0.0904 -0.6782 -0.2567 0.5662 -0.3921 -0.6655 -0.1834 0.7162 -0.1025 -0.7688 -0.1874 0.5745 0.2094 -0.7632 0.0239 -0.6455 -0.0124 -0.7525 -0.0198 0.6302 0.1904 -0.6696 0.2083 0.6429 0.3082 -0.959 -0.0559 -0.2659 0.0803
-0.8397 0.3643 0.402 0.0256 -0.4235 0.6476 0.09 -0.627 -0.7294 0.0607 0.6754 -0.0904 -0.6782 -0.2567 0.5662 -0.3921 -0.7039 -0.1645 0.6819 -0.1118 -0.7688 -0.1874 0.5745 0.2094 -0.7632 0.0239 -0.6455 -0.0124 -0.7341 -0.001 0.652 0.1896 -0.6696 0.2083 0.6429 0.3082 -0.959 -0.0559 -0.2659 0.0803
-0.8397 0.3643 0.402 0.0256 -0.4235 0.6476 0.09 -0.627 -0.7294 0.0607 0.6754 -0.0904 -0.6782 -0.2567 0.5662 -0.3921 -0.7039 -0.1645 0.6819 -0.1118 -0.7688 -0.1874 0.5745 0.2094 -0.7632 0.0239 -0.6455 -0.0124 -0.7341 -0.001 0.652 0.1896 -0.6609 0.254 0.6592 0.2532 -0.959 -0.0559 -0.2659 0.0803
-0.8397 0.3643 0.402 0.0256 -0.4235 0.6476 0.09 -0.627 -0.7294 0.0607 0.6754 -0.0904 -0.6782 -0.2567 0.5662 -0.3921 -0.7039 -0.1645 0.6819 -0.1118 -0.7892 -0.2028 0.5201 0.2557 -0.7632 0.0239 -0.6455 -0.0124 -0.7341 -0.001 0.652 0.1896 -0.6609 0.254 0.6592 0.2532 -0.959 -0.0559 -0.2659 0.0803
-0.8397 0.3643 0.402 0.0256 -0.4235 0.6476 0.09 -0.627 -0.7294 0.0607 0.6754 -0.0904 -0.6782 -0.2567 0.5662 -0.3921 -0.7039 -0.1645 0.6819 -0.1118 -0.7892 -0.2028 0.5201 0.2557 -0.6666 -0.0419 -0.7413 -0.0667 -0.7341 -0.001 0.652 0.1896 -0.6609 0.254 0.6592 0.2532 -0.959 -0.0559 -0.2659 0.0803
-0.8397 0.3643 0.402 0.0256 -0.4235 0.6476 0.09 -0.627 -0.7294 0.0607 0.6754 -0.0904 -0.6782 -0.2567 0.5662 -0.3921 -0.7039 -0.1645 0.6819 -0.1118 -0.7892 -0.2028 0.5201 0.2557 -0.6666 -0.0419 -0.7413 -0.0667 -0.7341 -0.001 0.652 0.1896 -0.6609 0.254 0.6592 0.2532 -0.959 -0.0559 -0.2659 0.0803
-0.8457 0.3564 0.3971 0.0098 -0.433 0.6316 0.1144 -0.6329 -0.763 0.0458 0.6448 -0.0069 -0.7429 -0.2817 0.5263 -0.3029 -0.7039 -0.1645 0.6819 -0.1118 -0.7892 -0.2028 0.5201 0.2557 -0.6666 -0.0419 -0.7413 -0.0667 -0.7079 -0.0082 0.6914 0.1439 -0.6609 0.254 0.6592 0.2532 -0.9541 -0.0677 -0.278 0.0888
-0.8457 0.3564 0.3971 0.0098 -0.433 0.6316 0.1144 -0.6329 -0.763 0.0458 0.6448 -0.0069 -0.7429 -0.2817 0.5263 -0.3029 -0.7039 -0.1645 0.6819 -0.1118 -0.7892 -0.2028 0.5201 0.2557 -0.6666 -0.0419 -0.7413 -0.0667 -0.7079 -0.0082 0.6914 0.1439 -0.6609 0.254 0.6592 0.2532 -0.9541 -0.0677 -0.278 0.0888
-0.8457 0.3564 0.3971 0.0098 -0.433 0.6316 0.1144 -0.6329 -0.763 0.0458 0.6448 -0.0069 -0.7429 -0.2817 0.5263 -0.3029 -0.7437 -0.1666 0.6387 -0.1061 -0.7892 -0.2028 0.5201 0.2557 -0.6666 -0.0419 -0.7413 -0.0667 -0.7079 -0.0082 0.6914 0.1439 -0.6609 0.254 0.6592 0.2532 -0.9541 -0.0677 -0.278 0.0888
-0.8457 0.3564 0.3971 0.0098 -0.433 0.6316 0.1144 -0.6329 -0.763 0.0458 0.6448 -0.0069 -0.7429 -0.2817 0.5263 -0.3029 -0.7437 -0.1666 0.6387 -0.1061 -0.7892 -0.2028 0.5201 0.2557 -0.6666 -0.0419 -0.7413 -0.0667 -0.7079 -0.0082 0.6914 0.1439 -0.6609 0.254 0.6592 0.2532 -0.9541 -0.0677 -0.278 0.0888
-0.8457 0.3564 0.3971 0.0098 -0.433 0.6316 0.1144 -0.6329 -0.763 0.0458 0.6448 -0.0069 -0.7429 -0.2817 0.5263 -0.3029 -0.7437 -0.1666 0.6387 -0.1061 -0.8268 -0.028 0.5043 0.2476 -0.7838 0.0339 -0.5948 0.175 -0.7079 -0.0082 0.6914 0.1439 -0.6419 0.2824 0.6708 0.2412 -0.9541 -0.0677 -0.278 0.0888
-0.8457 0.3564 0.3971 0.0098 -0.433 0.6316 0.1144 -0.6329 -0.763 0.0458 0.6448 -0.0069 -0.7429 -0.2817 0.5263 -0.3029 -0.7437 -0.1666 0.6387 -0.1061 -0.8268 -0.028 0.5043 0.2476 -0.7838 0.0339 -0.5948 0.175 -0.7079 -0.0082 0.6914 0.1439 -0.6419 0.2824 0.6708 0.2412 -0.9541 -0.0677 -0.278 0.0888
-0.8457 0.3564 0.3971 0.0098 -0.433 0.6316 0.1144 -0.6329 -0.763 0.0458 0.6448 -0.0069 -0.7429 -0.2817 0.5263 -0.3029 -0.7437 -0.1666 0.6387 -0.1061 -0.8268 -0.028 0.5043 0.2476 -0.7838 0.0339 -0.5948 0.175 -0.7079 -0.0082 0.6914 0.1439 -0.6419 0.2824 0.6708 0.2412 -0.9541 -0.0677 -0.278 0.0888
-0.8432 0.3714 0.3876 0.0289 -0.433 0.6316 0.1144 -0.6329 -0.7822 0.0117 0.6209 0.0508 -0.7834 -0.3657 0.459 -0.2044 -0.7437 -0.1666 0.6387 -0.1061 -0.8268 -0.028 0.5043 0.2476 -0.7838 0.0339 -0.5948 0.175 -0.7079 -0.0082 0.6914 0.1439 -0.6419 0.2824 0.6708 0.2412 -0.9509 -0.0667 -0.2888 0.089
-0.8432 0.3714 0.3876 0.0289 -0.433 0.6316 0.1144 -0.6329 -0.7822 0.0117 0.6209 0.0508 -0.7834 -0.3657 0.459 -0.2044 -0.7437 -0.1666 0.6387 -0.1061 -0.8268 -0.028 0.5043 0.2476 -0.7838 0.0339 -0.5948 0.175 -0.7079 -0.0082 0.6914 0.1439 -0.6419 0.2824 0.6708 0.2412 -0.9509 -0.0667 -0.2888 0.089
-0.8432 0.3714 0.3876 0.0289 -0.433 0.6316 0.1144 -0.6329 -0.7822 0.0117 0.6209 0.0508 -0.7834 -0.3657 0.459 -0.2044 -0.7621 -0.1929 0.6028 -0.1363 -0.8268 -0.028 0.5043 0.2476 -0.7838 0.0339 -0.5948 0.175 -0.6945 0.0086 0.7142 0.0875 -0.6419 0.2824 0.6708 0.2412 -0.9509 -0.0667 -0.2888 0.089
-0.8432 0.3714 0.3876 0.0289 -0.433 0.6316 0.1144 -0.6329 -0.7822 0.0117 0.6209 0.0508 -0.7834 -0.3657 0.459 -0.2044 -0.7621 -0.1929 0.6028 -0.1363 -0.8268 -0.028 0.5043 0.2476 -0.7838 0.0339 -0.5948 0.175 -0.6945 0.0086 0.7142 0.0875 -0.6417 0.2549 0.6946 0.2017 -0.9509 -0.0667 -0.2888 0.089
-0.8432 0.3714 0.3876 0.0289 -0.433 0.6316 0.1144 -0.6329 -0.7822 0.0117 0.6209 0.0508 -0.7834 -0.3657 0.459 -0.2044 -0.7621 -0.1929 0.6028 -0.1363 -0.8577 0.0569 0.4971 0.1182 -0.7838 0.0339 -0.5948 0.175 -0.6945 0.0086 0.7142 0.0875 -0.6417 0.2549 0.6946 0.2017 -0.9509 -0.0667 -0.2888 0.089
-0.8432 0.3714 0.3876 0.0289 -0.433 0.6316 0.1144 -0.6329 -0.7822 0.0117 0.6209 0.0508 -0.7834 -0.3657 0.459 -0.2044 -0.7621 -0.1929 0.6028 -0.1363 -0.8577 0.0569 0.4971 0.1182 -0.8176 0.1187 -0.5359 0.174 -0.6945 0.0086 0.7142 0.0875 -0.6417 0.2549 0.6946 0.2017 -0.9509 -0.0667 -0.2888 0.089
-0.8432 0.3714 0.3876 0.0289 -0.4481 0.6435 0.0876 -0.6144 -0.7928 0.0373 0.59 0.1486 -0.7834 -0.3657 0.459 -0.2044 -0.7621 -0.1929 0.6028 -0.1363 -0.8577 0.0569 0.4971 0.1182 -0.8176 0.1187 -0.5359 0.174 -0.6945 0.0086 0.7142 0.0875 -0.6417 0.2549 0.6946 0.2017 -0.9509 -0.0667 -0.2888 0.089
-0.8432 0.3714 0.3876 0.0289 -0.4481 0.6435 0.0876 -0.6144 -0.7928 0.0373 0.59 0.1486 -0.7834 -0.3657 0.459 -0.2044 -0.7621 -0.1929 0.6028 -0.1363 -0.8577 0.0569 0.4971 0.1182 -0.8176 0.1187 -0.5359 0.174 -0.6945 0.0086 0.7142 0.0875 -0.6417 0.2549 0.6946 0.2017 -0.9509 -0.0667 -0.2888 0.089
-0.8432 0.3714 0.3876 0.0289 -0.4481 0.6435 0.0876 -0.6144 -0.7928 0.0373 0.59 0.1486 -0.8267 -0.3532 0.4313 -0.0758 -0.7506 -0.207 0.5833 -0.2314 -0.8577 0.0569 0.4971 0.1182 -0.8176 0.1187 -0.5359 0.174 -0.6857 0.0059 0.7272 0.0316 -0.6417 0.2549 0.6946 0.2017 -0.9505 -0.0654 -0.291 0.087
-0.8432 0.3714 0.3876 0.0289 -0.4481 0.6435 0.0876 -0.6144 -0.7928 0.0373 0.59 0.1486 -0.8267 -0.3532 0.4313 -0.0758 -0.7506 -0.207 0.5833 -0.2314 -0.8577 0.0569 0.4971 0.1182 -0.8176 0.1187 -0.5359 0.174 -0.6857 0.0059 0.7272 0.0316 -0.6417 0.2549 0.6946 0.2017 -0.9505 -0.0654 -0.291 0.087
-0.8432 0.3714 0.3876 0.0289 -0.4481 0.6435 0.0876 -0.6144 -0.7928 0.0373 0.59 0.1486 -0.8267 -0.3532 0.4313 -0.0758 -0.7506 -0.207 0.5833 -0.2314 -0.8577 0.0569 0.4971 0.1182 -0.8176 0.1187 -0.5359 0.174 -0.6857 0.0059 0.7272 0.0316 -0.6422 0.2515 0.7008 0.1821 -0.9505 -0.0654 -0.291 0.087
-0.8432 0.3714 0.3876 0.0289 -0.4481 0.6435 0.0876 -0.6144 -0.7928 0.0373 0.59 0.1486 -0.8267 -0.3532 0.4313 -0.0758 -0.7506 -0.207 0.5833 -0.2314 -0.8469 0.0485 0.5291 0.0214 -0.8582 0.0715 -0.508 0.0203 -0.6857 0.0059 0.7272 0.0316 -0.6422 0.2515 0.7008 0.1821 -0.9505 -0.0654 -0.291 0.087
-0.8432 0.3714 0.3876 0.0289 -0.4481 0.6435 0.0876 -0.6144 -0.7928 0.0373 0.59 0.1486 -0.8267 -0.3532 0.4313 -0.0758 -0.7506 -0.207 0.5833 -0.2314 -0.8469 0.0485 0.5291 0.0214 -0.8582 0.0715 -0.508 0.0203 -0.6857 0.0059 0.7272 0.0316 -0.6422 0.2515 0.7008 0.1821 -0.9505 -0.0654 -0.291 0.087
-0.8432 0.3714 0.3876 0.0289 -0.4481 0.6435 0.0876 -0.6144 -0.7928 0.0373 0.59 0.1486 -0.8267 -0.3532 0.4313 -0.0758 -0.7506 -0.207 0.5833 -0.2314 -0.8469 0.0485 0.5291 0.0214 -0.8582 0.0715 -0.508 0.0203 -0.6857 0.0059 0.7272 0.0316 -0.6422 0.2515 0.7008 0.1821 -0.9505 -0.0654 -0.291 0.087
-0.8367 0.3589 0.409 0.0612 -0.444 0.6624 0.0939 -0.596 -0.7766 0.0343 0.5981 0.1948 -0.8141 -0.3718 0.4452 -0.0284 -0.7506 -0.207 0.5833 -0.2314 -0.8469 0.0485 0.5291 0.0214 -0.8582 0.0715 -0.508 0.0203 -0.6857 0.0059 0.7272 0.0316 -0.6422 0.2515 0.7008 0.1821 -0.95 -0.0637 -0.2933 0.0865
-0.8367 0.3589 0.409 0.0612 -0.444 0.6624 0.0939 -0.596 -0.7766 0.0343 0.5981 0.1948 -0.8141 -0.3718 0.4452 -0.0284 -0.7223 -0.2037 0.5856 -0.3064 -0.8469 0.0485 0.5291 0.0214 -0.8582 0.0715 -0.508 0.0203 -0.6849 -0.0039 0.7286 -0.0065 -0.6422 0.2515 0.7008 0.1821 -0.95 -0.0637 -0.2933 0.0865
-0.8367 0.3589 0.409 0.0612 -0.444 0.6624 0.0939 -0.596 -0.7766 0.0343 0.5981 0.1948 -0.8141 -0.3718 0.4452 -0.0284 -0.7223 -0.2037 0.5856 -0.3064 -0.8469 0.0485 0.5291 0.0214 -0.8582 0.0715 -0.508 0.0203 -0.6849 -0.0039 0.7286 -0.0065 -0.6422 0.2515 0.7008 0.1821 -0.95 -0.0637 -0.2933 0.0865
-0.8367 0.3589 0.409 0.0612 -0.444 0.6624 0.0939 -0.596 -0.7766 0.0343 0.5981 0.1948 -0.8141 -0.3718 0.4452 -0.0284 -0.7223 -0.2037 0.5856 -0.3064 -0.8469 0.0485 0.5291 0.0214 -0.8582 0.0715 -0.508 0.0203 -0.6849 -0.0039 0.7286 -0.0065 -0.6534 0.2509 0.6976 0.1535 -0.95 -0.0637 -0.2933 0.0865
-0.8367 0.3589 0.409 0.0612 -0.444 0.6624 0.0939 -0.596 -0.7766 0.0343 0.5981 0.1948 -0.8141 -0.3718 0.4452 -0.0284 -0.7223 -0.2037 0.5856 -0.3064 -0.8469 0.0485 0.5291 0.0214 -0.8696 -0.0746 -0.4755 -0.1104 -0.6849 -0.0039 0.7286 -0.0065 -0.6534 0.2509 0.6976 0.1535 -0.95 -0.0637 -0.2933 0.0865
-0.8367 0.3589 0.409 0.0612 -0.444 0.6624 0.0939 -0.596 -0.7766 0.0343 0.5981 0.1948 -0.8141 -0.3718 0.4452 -0.0284 -0.7223 -0.2037 0.5856 -0.3064 -0.8469 0.0485 0.5291 0.0214 -0.8696 -0.0746 -0.4755 -0.1104 -0.6849 -0.0039 0.7286 -0.0065 -0.6534 0.2509 0.6976 0.1535 -0.95 -0.0637 -0.2933 0.0865
-0.8367 0.3589 0.409 0.0612 -0.444 0.6624 0.0939 -0.596 -0.7766 0.0343 0.5981 0.1948 -0.8141 -0.3718 0.4452 -0.0284 -0.7223 -0.2037 0.5856 -0.3064 -0.8469 0.0485 0.5291 0.0214 -0.8696 -0.0746 -0.4755 -0.1104 -0.6849 -0.0039 0.7286 -0.0065 -0.6534 0.2509 0.6976 0.1535 -0.95 -0.0637 -0.2933 0.0865
-0.8283 0.3657 0.4209 0.0547 -0.444 0.6624 0.0939 -0.596 -0.7766 0.0343 0.5981 0.1948 -0.7987 -0.3481 0.4906 -0.0165 -0.7223 -0.2037 0.5856 -0.3064 -0.8469 0.0485 0.5291 0.0214 -0.8696 -0.0746 -0.4755 -0.1104 -0.6849 -0.0039 0.7286 -0.0065 -0.6534 0.2509 0.6976 0.1535 -0.9498 -0.0627 -0.2945 0.0852
-0.8283 0.3657 0.4209 0.0547 -0.444 0.6624 0.0939 -0.596 -0.7766 0.0343 0.5981 0.1948 -0.7987 -0.3481 0.4906 -0.0165 -0.7223 -0.2037 0.5856 -0.3064 -0.8469 0.0485 0.5291 0.0214 -0.8696 -0.0746 -0.4755 -0.1104 -0.6849 -0.0039 0.7286 -0.0065 -0.6534 0.2509 0.6976 0.1535 -0.9498 -0.0627 -0.2945 0.0852
-0.8283 0.3657 0.4209 0.0547 -0.444 0.6624 0.0939 -0.596 -0.7766 0.0343 0.5981 0.1948 -0.7987 -0.3481 0.4906 -0.0165 -0.6589 -0.2092 0.6228 -0.3665 -0.8469 0.0485 0.5291 0.0214 -0.8696 -0.0746 -0.4755 -0.1104 -0.6822 -0.0151 0.7274 -0.0725 -0.6534 0.2509 0.6976 0.1535 -0.9498 -0.0627 -0.2945 0.0852
-0.8283 0.3657 0.4209 0.0547 -0.444 0.6624 0.0939 -0.596 -0.7766 0.0343 0.5981 0.1948 -0.7987 -0.3481 0.4906 -0.0165 -0.6589 -0.2092 0.6228 -0.3665 -0.8469 0.0485 0.5291 0.0214 -0.8696 -0.0746 -0.4755 -0.1104 -0.6822 -0.0151 0.7274 -0.0725 -0.6679 0.2687 0.6824 0.127 -0.9498 -0.0627 -0.2945 0.0852
-0.8283 0.3657 0.4209 0.0547 -0.444 0.6624 0.0939 -0.596 -0.7766 0.0343 0.5981 0.1948 -0.7987 -0.3481 0.4906 -0.0165 -0.6589 -0.2092 0.6228 -0.3665 -0.7741 -0.0403 0.6309 0.0337 -0.8696 -0.0746 -0.4755 -0.1104 -0.6822 -0.0151 0.7274 -0.0725 -0.6679 0.2687 0.6824 0.127 -0.9498 -0.0627 -0.2945 0.0852
-0.8283 0.3657 0.4209 0.0547 -0.444 0.6624 0.0939 -0.596 -0.7766 0.0343 0.5981 0.1948 -0.7987 -0.3481 0.4906 -0.0165 -0.6589 -0.2092 0.6228 -0.3665 -0.7741 -0.0403 0.6309 0.0337 -0.8696 -0.0746 -0.4755 -0.1104 -0.6822 -0.0151 0.7274 -0.0725 -0.6679 0.2687 0.6824 0.127 -0.9498 -0.0627 -0.2945 0.0852
-0.8283 0.3657 0.4209 0.0547 -0.444 0.6624 0.0939 -0.596 -0.7766 0.0343 0.5981 0.1948 -0.7987 -0.3481 0.4906 -0.0165 -0.6589 -0.2092 0.6228 -0.3665 -0.7741 -0.0403 0.6309 0.0337 -0.8696 -0.0746 -0.4755 -0.1104 -0.6822 -0.0151 0.7274 -0.0725 -0.6679 0.2687 0.6824 0.127 -0.9498 -0.0627 -0.2945 0.0852
-0.8265 0.3701 0.4233 0.025 -0.4163 0.6572 0.0947 -0.6212 -0.7376 0.0305 0.6536 0.1671 -0.7838 -0.306 0.5384 -0.0479 -0.6589 -0.2092 0.6228 -0.3665 -0.7741 -0.0403 0.6309 0.0337 -0.9003 -0.0144 -0.4348 0.009 -0.6822 -0.0151 0.7274 -0.0725 -0.6679 0.2687 0.6824 0.127 -0.9464 -0.066 -0.3062 0.0786
-0.8265 0.3701 0.4233 0.025 -0.4163 0.6572 0.0947 -0.6212 -0.7376 0.0305 0.6536 0.1671 -0.7838 -0.306 0.5384 -0.0479 -0.6455 -0.2134 0.6392 -0.3594 -0.7741 -0.0403 0.6309 0.0337 -0.9003 -0.0144 -0.4348 0.009 -0.6776 -0.0093 0.7297 -0.0912 -0.6679 0.2687 0.6824 0.127 -0.9464 -0.066 -0.3062 0.0786
-0.8265 0.3701 0.4233 0.025 -0.4163 0.6572 0.0947 -0.6212 -0.7376 0.0305 0.6536 0.1671 -0.7838 -0.306 0.5384 -0.0479 -0.6455 -0.2134 0.6392 -0.3594 -0.7741 -0.0403 0.6309 0.0337 -0.9003 -0.0144 -0.4348 0.009 -0.6776 -0.0093 0.7297 -0.0912 -0.6679 0.2687 0.6824 0.127 -0.9464 -0.066 -0.3062 0.0786
-0.8265 0.3701 0.4233 0.025 -0.4163 0.6572 0.0947 -0.6212 -0.7376 0.0305 0.6536 0.1671 -0.7838 -0.306 0.5384 -0.0479 -0.6455 -0.2134 0.6392 -0.3594 -0.7663 -0.098 0.6325 0.0554 -0.9003 -0.0144 -0.4348 0.009 -0.6776 -0.0093 0.7297 -0.0912 -0.6893 0.3076 0.6516 0.076 -0.9464 -0.066 -0.3062 0.0786
-0.8265 0.3701 0.4233 0.025 -0.4163 0.6572 0.0947 -0.6212 -0.7376 0.0305 0.6536 0.1671 -0.7838 -0.306 0.5384 -0.0479 -0.6455 -0.2134 0.6392 -0.3594 -0.7663 -0.098 0.6325 0.0554 -0.8933 -0.0062 -0.449 -0.0162 -0.6776 -0.0093 0.7297 -0.0912 -0.6893 0.3076 0.6516 0.076 -0.9464 -0.066 -0.3062 0.0786
-0.8265 0.3701 0.4233 0.025 -0.4163 0.6572 0.0947 -0.6212 -0.7376 0.0305 0.6536 0.1671 -0.7838 -0.306 0.5384 -0.0479 -0.6455 -0.2134 0.6392 -0.3594 -0.7663 -0.098 0.6325 0.0554 -0.8933 -0.0062 -0.449 -0.0162 -0.6776 -0.0093 0.7297 -0.0912 -0.6893 0.3076 0.6516 0.076 -0.9464 -0.066 -0.3062 0.0786
-0.8265 0.3701 0.4233 0.025 -0.4163 0.6572 0.0947 -0.6212 -0.7376 0.0305 0.6536 0.1671 -0.7838 -0.306 0.5384 -0.0479 -0.6455 -0.2134 0.6392 -0.3594 -0.7663 -0.098 0.6325 0.0554 -0.8933 -0.0062 -0.449 -0.0162 -0.6776 -0.0093 0.7297 -0.0912 -0.6893 0.3076 0.6516 0.076 -0.9464 -0.066 -0.3062 0.0786
-0.8218 0.3816 0.4228 0.0165 -0.4113 0.6508 0.0878 -0.6321 -0.7417 0.0237 0.6667 0.0687 -0.7666 -0.2566 0.5788 -0.1073 -0.6455 -0.2134 0.6392 -0.3594 -0.7663 -0.098 0.6325 0.0554 -0.8933 -0.0062 -0.449 -0.0162 -0.7036 -0.0197 0.709 -0.0449 -0.6893 0.3076 0.6516 0.076 -0.8966 -0.0553 -0.4274 0.1017
-0.8218 0.3816 0.4228 0.0165 -0.4113 0.6508 0.0878 -0.6321 -0.7417 0.0237 0.6667 0.0687 -0.7666 -0.2566 0.5788 -0.1073 -0.6491 -0.1962 0.6659 -0.311 -0.7663 -0.098 0.6325 0.0554 -0.8933 -0.0062 -0.449 -0.0162 -0.7036 -0.0197 0.709 -0.0449 -0.6893 0.3076 0.6516 0.076 -0.8966 -0.0553 -0.4274 0.1017
-0.8218 0.3816 0.4228 0.0165 -0.4113 0.6508 0.0878 -0.6321 -0.7417 0.0237 0.6667 0.0687 -0.7666 -0.2566 0.5788 -0.1073 -0.6491 -0.1962 0.6659 -0.311 -0.7663 -0.098 0.6325 0.0554 -0.8933 -0.0062 -0.449 -0.0162 -0.7036 -0.0197 0.709 -0.0449 -0.6893 0.3076 0.6516 0.076 -0.8966 -0.0553 -0.4274 0.1017
-0.8218 0.3816 0.4228 0.0165 -0.4113 0.6508 0.0878 -0.6321 -0.7417 0.0237 0.6667 0.0687 -0.7666 -0.2566 0.5788 -0.1073 -0.6491 -0.1962 0.6659 -0.311 -0.7663 -0.098 0.6325 0.0554 -0.8933 -0.0062 -0.449 -0.0162 -0.7036 -0.0197 0.709 -0.0449 -0.6893 0.3076 0.6516 0.076 -0.8966 -0.0553 -0.4274 0.1017
-0.8218 0.3816 0.4228 0.0165 -0.4113 0.6508 0.0878 -0.6321 -0.7417 0.0237 0.6667 0.0687 -0.7666 -0.2566 0.5788 -0.1073 -0.6491 -0.1962 0.6659 -0.311 -0.7552 -0.1264 0.6393 0.0705 -0.8835 -0.0127 -0.467 -0.0334 -0.7036 -0.0197 0.709 -0.0449 -0.6892 0.3989 0.6049 -0.004 -0.8966 -0.0553 -0.4274 0.1017
-0.8218 0.3816 0.4228 0.0165 -0.4113 0.6508 0.0878 -0.6321 -0.7417 0.0237 0.6667 0.0687 -0.7666 -0.2566 0.5788 -0.1073 -0.6491 -0.1962 0.6659 -0.311 -0.7552 -0.1264 0.6393 0.0705 -0.8835 -0.0127 -0.467 -0.0334 -0.7036 -0.0197 0.709 -0.0449 -0.6892 0.3989 0.6049 -0.004 -0.8966 -0.0553 -0.4274 0.1017
-0.8218 0.3816 0.4228 0.0165 -0.4113 0.6508 0.0878 -0.6321 -0.7408 0.0616 0.6689 -0.002 -0.7666 -0.2566 0.5788 -0.1073 -0.6491 -0.1962 0.6659 -0.311 -0.7552 -0.1264 0.6393 0.0705 -0.8835 -0.0127 -0.467 -0.0334 -0.7036 -0.0197 0.709 -0.0449 -0.6892 0.3989 0.6049 -0.004 -0.8966 -0.0553 -0.4274 0.1017
-0.8254 0.3669 0.429 0.012 -0.4038 0.6534 0.0966 -0.633 -0.7408 0.0616 0.6689 -0.002 -0.7367 -0.2427 0.5814 -0.2457 -0.6491 -0.1962 0.6659 -0.311 -0.7552 -0.1264 0.6393 0.0705 -0.8835 -0.0127 -0.467 -0.0334 -0.7036 -0.0197 0.709 -0.0449 -0.6892 0.3989 0.6049 -0.004 -0.8 -0.0516 -0.59 0.0956
-0.8254 0.3669 0.429 0.012 -0.4038 0.6534 0.0966 -0.633 -0.7408 0.0616 0.6689 -0.002 -0.7367 -0.2427 0.5814 -0.2457 -0.6602 -0.1705 0.6891 -0.2456 -0.7552 -0.1264 0.6393 0.0705 -0.8835 -0.0127 -0.467 -0.0334 -0.7537 -0.0731 0.6525 0.0305 -0.6892 0.3989 0.6049 -0.004 -0.8 -0.0516 -0.59 0.0956
-0.8254 0.3669 0.429 0.012 -0.4038 0.6534 0.0966 -0.633 -0.7408 0.0616 0.6689 -0.002 -0.7367 -0.2427 0.5814 -0.2457 -0.6602 -0.1705 0.6891 -0.2456 -0.7552 -0.1264 0.6393 0.0705 -0.8835 -0.0127 -0.467 -0.0334 -0.7537 -0.0731 0.6525 0.0305 -0.6892 0.3989 0.6049 -0.004 -0.8 -0.0516 -0.59 0.0956
-0.8254 0.3669 0.429 0.012 -0.4038 0.6534 0.0966 -0.633 -0.7408 0.0616 0.6689 -0.002 -0.7367 -0.2427 0.5814 -0.2457 -0.6602 -0.1705 0.6891 -0.2456 -0.7552 -0.1264 0.6393 0.0705 -0.8835 -0.0127 -0.467 -0.0334 -0.7537 -0.0731 0.6525 0.0305 -0.6892 0.3989 0.6049 -0.004 -0.8 -0.0516 -0.59 0.0956
-0.8254 0.3669 0.429 0.012 -0.4038 0.6534 0.0966 -0.633 -0.7408 0.0616 0.6689 -0.002 -0.7367 -0.2427 0.5814 -0.2457 -0.6602 -0.1705 0.6891 -0.2456 -0.7495 -0.1215 0.6425 0.1034 -0.8735 -0.0123 -0.4855 -0.032 -0.7537 -0.0731 0.6525 0.0305 -0.705 0.3516 0.6158 -0.014 -0.8 -0.0516 -0.59 0.0956
-0.8254 0.3669 0.429 0.012 -0.4038 0.6534 0.0966 -0.633 -0.7408 0.0616 0.6689 -0.002 -0.7367 -0.2427 0.5814 -0.2457 -0.6602 -0.1705 0.6891 -0.2456 -0.7495 -0.1215 0.6425 0.1034 -0.8735 -0.0123 -0.4855 -0.032 -0.7537 -0.0731 0.6525 0.0305 -0.705 0.3516 0.6158 -0.014 -0.8 -0.0516 -0.59 0.0956
-0.8245 0.3589 0.4367 0.0251 -0.4033 0.6621 0.1011 -0.6235 -0.7393 0.0178 0.6649 -0.1051 -0.6894 -0.2596 0.5627 -0.3751 -0.6602 -0.1705 0.6891 -0.2456 -0.7495 -0.1215 0.6425 0.1034 -0.8735 -0.0123 -0.4855 -0.032 -0.7537 -0.0731 0.6525 0.0305 -0.705 0.3516 0.6158 -0.014 -0.9273 -0.0668 -0.3683 0.0042
-0.8245 0.3589 0.4367 0.0251 -0.4033 0.6621 0.1011 -0.6235 -0.7393 0.0178 0.6649 -0.1051 -0.6894 -0.2596 0.5627 -0.3751 -0.6602 -0.1705 0.6891 -0.2456 -0.7495 -0.1215 0.6425 0.1034 -0.8735 -0.0123 -0.4855 -0.032 -0.7537 -0.0731 0.6525 0.0305 -0.705 0.3516 0.6158 -0.014 -0.9273 -0.0668 -0.3683 0.0042
-0.8245 0.3589 0.4367 0.0251 -0.4033 0.6621 0.1011 -0.6235 -0.7393 0.0178 0.6649 -0.1051 -0.6894 -0.2596 0.5627 -0.3751 -0.6506 -0.1868 0.7068 -0.2054 -0.7495 -0.1215 0.6425 0.1034 -0.8735 -0.0123 -0.4855 -0.032 -0.7691 -0.0714 0.6316 0.067 -0.705 0.3516 0.6158 -0.014 -0.9273 -0.0668 -0.3683 0.0042
-0.8245 0.3589 0.4367 0.0251 -0.4033 0.6621 0.1011 -0.6235 -0.7393 0.0178 0.6649 -0.1051 -0.6894 -0.2596 0.5627 -0.3751 -0.6506 -0.1868 0.7068 -0.2054 -0.7495 -0.1215 0.6425 0.1034 -0.8735 -0.0123 -0.4855 -0.032 -0.7691 -0.0714 0.6316 0.067 -0.705 0.3516 0.6158 -0.014 -0.9273 -0.0668 -0.3683 0.0042
-0.8245 0.3589 0.4367 0.0251 -0.4033 0.6621 0.1011 -0.6235 -0.7393 0.0178 0.6649 -0.1051 -0.6894 -0.2596 0.5627 -0.3751 -0.6506 -0.1868 0.7068 -0.2054 -0.7495 -0.1215 0.6425 0.1034 -0.8735 -0.0123 -0.4855 -0.032 -0.7691 -0.0714 0.6316 0.067 -0.705 0.3516 0.6158 -0.014 -0.9273 -0.0668 -0.3683 0.0042
-0.8245 0.3589 0.4367 0.0251 -0.4033 0.6621 0.1011 -0.6235 -0.7393 0.0178 0.6649 -0.1051 -0.6894 -0.2596 0.5627 -0.3751 -0.6506 -0.1868 0.7068 -0.2054 -0.7517 -0.119 0.6367 0.1243 -0.8712 0.0045 -0.4905 -0.0208 -0.7691 -0.0714 0.6316 0.067 -0.7225 0.1602 0.6542 0.1556 -0.9273 -0.0668 -0.3683 0.0042
-0.8245 0.3589 0.4367 0.0251 -0.4033 0.6621 0.1011 -0.6235 -0.7393 0.0178 0.6649 -0.1051 -0.6894 -0.2596 0.5627 -0.3751 -0.6506 -0.1868 0.7068 -0.2054 -0.7517 -0.119 0.6367 0.1243 -0.8712 0.0045 -0.4905 -0.0208 -0.7691 -0.0714 0.6316 0.067 -0.7225 0.1602 0.6542 0.1556 -0.9273 -0.0668 -0.3683 0.0042
-0.8175 0.3618 0.4466 0.0367 -0.4023 0.6739 0.1009 -0.6115 -0.7318 0.0497 0.6655 -0.1381 -0.6894 -0.2596 0.5627 -0.3751 -0.6506 -0.1868 0.7068 -0.2054 -0.7517 -0.119 0.6367 0.1243 -0.8712 0.0045 -0.4905 -0.0208 -0.7691 -0.0714 0.6316 0.067 -0.7225 0.1602 0.6542 0.1556 -0.9273 -0.0668 -0.3683 0.0042
-0.8175 0.3618 0.4466 0.0367 -0.4023 0.6739 0.1009 -0.6115 -0.7318 0.0497 0.6655 -0.1381 -0.6786 -0.2303 0.5748 -0.3951 -0.6506 -0.1868 0.7068 -0.2054 -0.7517 -0.119 0.6367 0.1243 -0.8712 0.0045 -0.4905 -0.0208 -0.7691 -0.0714 0.6316 0.067 -0.7225 0.1602 0.6542 0.1556 -0.9916 -0.0341 -0.1155 -0.0458
-0.8175 0.3618 0.4466 0.0367 -0.4023 0.6739 0.1009 -0.6115 -0.7318 0.0497 0.6655 -0.1381 -0.6786 -0.2303 0.5748 -0.3951 -0.6506 -0.1868 0.7068 -0.2054 -0.7517 -0.119 0.6367 0.1243 -0.8712 0.0045 -0.4905 -0.0208 -0.7749 -0.0496 0.6188 0.1191 -0.7225 0.1602 0.6542 0.1556 -0.9916 -0.0341 -0.1155 -0.0458
-0.8175 0.3618 0.4466 0.0367 -0.4023 0.6739 0.1009 -0.6115 -0.7318 0.0497 0.6655 -0.1381 -0.6786 -0.2303 0.5748 -0.3951 -0.645 -0.2108 0.715 -0.1681 -0.7517 -0.119 0.6367 0.1243 -0.8712 0.0045 -0.4905 -0.0208 -0.7749 -0.0496 0.6188 0.1191 -0.7225 0.1602 0.6542 0.1556 -0.9916 -0.0341 -0.1155 -0.0458
-0.8175 0.3618 0.4466 0.0367 -0.4023 0.6739 0.1009 -0.6115 -0.7318 0.0497 0.6655 -0.1381 -0.6786 -0.2303 0.5748 -0.3951 -0.645 -0.2108 0.715 -0.1681 -0.7517 -0.119 0.6367 0.1243 -0.8712 0.0045 -0.4905 -0.0208 -0.7749 -0.0496 0.6188 0.1191 -0.7225 0.1602 0.6542 0.1556 -0.9916 -0.0341 -0.1155 -0.0458
-0.8175 0.3618 0.4466 0.0367 -0.4023 0.6739 0.1009 -0.6115 -0.7318 0.0497 0.6655 -0.1381 -0.6786 -0.2303 0.5748 -0.3951 -0.645 -0.2108 0.715 -0.1681 -0.7588 -0.1248 0.6213 0.1506 -0.871 0.0175 -0.4908 -0.006 -0.7749 -0.0496 0.6188 0.1191 -0.6775 -0.0367 0.6954 0.2368 -0.9916 -0.0341 -0.1155 -0.0458
-0.8175 0.3618 0.4466 0.0367 -0.4023 0.6739 0.1009 -0.6115 -0.7318 0.0497 0.6655 -0.1381 -0.6786 -0.2303 0.5748 -0.3951 -0.645 -0.2108 0.715 -0.1681 -0.7588 -0.1248 0.6213 0.1506 -0.871 0.0175 -0.4908 -0.006 -0.7749 -0.0496 0.6188 0.1191 -0.6775 -0.0367 0.6954 0.2368 -0.9916 -0.0341 -0.1155 -0.0458
-0.8175 0.3618 0.4466 0.0367 -0.4023 0.6739 0.1009 -0.6115 -0.7318 0.0497 0.6655 -0.1381 -0.6786 -0.2303 0.5748 -0.3951 -0.645 -0.2108 0.715 -0.1681 -0.7588 -0.1248 0.6213 0.1506 -0.871 0.0175 -0.4908 -0.006 -0.7749 -0.0496 0.6188 0.1191 -0.6775 -0.0367 0.6954 0.2368 -0.9916 -0.0341 -0.1155 -0.0458
-0.814 0.3627 0.4509 0.0505 -0.4084 0.6824 0.1011 -0.5978 -0.7332 0.0414 0.6622 -0.149 -0.6758 -0.2362 0.5695 -0.4039 -0.645 -0.2108 0.715 -0.1681 -0.7588 -0.1248 0.6213 0.1506 -0.871 0.0175 -0.4908 -0.006 -0.7749 -0.0496 0.6188 0.1191 -0.6775 -0.0367 0.6954 0.2368 -0.9922 0.0193 -0.0402 -0.1163
-0.814 0.3627 0.4509 0.0505 -0.4084 0.6824 0.1011 -0.5978 -0.7332 0.0414 0.6622 -0.149 -0.6758 -0.2362 0.5695 -0.4039 -0.6554 -0.2167 0.7147 -0.1125 -0.7588 -0.1248 0.6213 0.1506 -0.871 0.0175 -0.4908 -0.006 -0.7672 -0.0546 0.621 0.1514 -0.6775 -0.0367 0.6954 0.2368 -0.9922 0.0193 -0.0402 -0.1163
-0.814 0.3627 0.4509 0.0505 -0.4084 0.6824 0.1011 -0.5978 -0.7332 0.0414 0.6622 -0.149 -0.6758 -0.2362 0.5695 -0.4039 -0.6554 -0.2167 0.7147 -0.1125 -0.7588 -0.1248 0.6213 0.1506 -0.871 0.0175 -0.4908 -0.006 -0.7672 -0.0546 0.621 0.1514 -0.6775 -0.0367 0.6954 0.2368 -0.9922 0.0193 -0.0402 -0.1163
-0.814 0.3627 0.4509 0.0505 -0.4084 0.6824 0.1011 -0.5978 -0.7332 0.0414 0.6622 -0.149 -0.6758 -0.2362 0.5695 -0.4039 -0.6554 -0.2167 0.7147 -0.1125 -0.7588 -0.1248 0.6213 0.1506 -0.871 0.0175 -0.4908 -0.006 -0.7672 -0.0546 0.621 0.1514 -0.6775 -0.0367 0.6954 0.2368 -0.9922 0.0193 -0.0402 -0.1163
-0.814 0.3627 0.4509 0.0505 -0.4084 0.6824 0.1011 -0.5978 -0.7332 0.0414 0.6622 -0.149 -0.6758 -0.2362 0.5695 -0.4039 -0.6554 -0.2167 0.7147 -0.1125 -0.7711 -0.1589 0.5852 0.194 -0.8181 0.03 -0.5743 -0.0014 -0.7672 -0.0546 0.621 0.1514 -0.6757 0.0123 0.6982 0.2361 -0.9922 0.0193 -0.0402 -0.1163
-0.814 0.3627 0.4509 0.0505 -0.4084 0.6824 0.1011 -0.5978 -0.7332 0.0414 0.6622 -0.149 -0.6758 -0.2362 0.5695 -0.4039 -0.6554 -0.2167 0.7147 -0.1125 -0.7711 -0.1589 0.5852 0.194 -0.8181 0.03 -0.5743 -0.0014 -0.7672 -0.0546 0.621 0.1514 -0.6757 0.0123 0.6982 0.2361 -0.9922 0.0193 -0.0402 -0.1163
-0.8188 0.3563 0.4468 0.0538 -0.4127 0.6844 0.1088 -0.5911 -0.7382 0.0447 0.6609 -0.1276 -0.6758 -0.2362 0.5695 -0.4039 -0.6554 -0.2167 0.7147 -0.1125 -0.7711 -0.1589 0.5852 0.194 -0.8181 0.03 -0.5743 -0.0014 -0.7672 -0.0546 0.621 0.1514 -0.6757 0.0123 0.6982 0.2361 -0.9922 0.0193 -0.0402 -0.1163
-0.8188 0.3563 0.4468 0.0538 -0.4127 0.6844 0.1088 -0.5911 -0.7382 0.0447 0.6609 -0.1276 -0.6909 -0.2606 0.5558 -0.3819 -0.6554 -0.2167 0.7147 -0.1125 -0.7711 -0.1589 0.5852 0.194 -0.8181 0.03 -0.5743 -0.0014 -0.7672 -0.0546 0.621 0.1514 -0.6757 0.0123 0.6982 0.2361 -0.9745 0.0052 -0.2241 7.0E-4
-0.8188 0.3563 0.4468 0.0538 -0.4127 0.6844 0.1088 -0.5911 -0.7382 0.0447 0.6609 -0.1276 -0.6909 -0.2606 0.5558 -0.3819 -0.672 -0.2153 0.7023 -0.0937 -0.7711 -0.1589 0.5852 0.194 -0.8181 0.03 -0.5743 -0.0014 -0.7577 -0.045 0.6306 0.1617 -0.6757 0.0123 0.6982 0.2361 -0.9745 0.0052 -0.2241 7.0E-4
-0.8188 0.3563 0.4468 0.0538 -0.4127 0.6844 0.1088 -0.5911 -0.7382 0.0447 0.6609 -0.1276 -0.6909 -0.2606 0.5558 -0.3819 -0.672 -0.2153 0.7023 -0.0937 -0.7711 -0.1589 0.5852 0.194 -0.8181 0.03 -0.5743 -0.0014 -0.7577 -0.045 0.6306 0.1617 -0.6757 0.0123 0.6982 0.2361 -0.9745 0.0052 -0.2241 7.0E-4
-0.8188 0.3563 0.4468 0.0538 -0.4127 0.6844 0.1088 -0.5911 -0.7382 0.0447 0.6609 -0.1276 -0.6909 -0.2606 0.5558 -0.3819 -0.672 -0.2153 0.7023 -0.0937 -0.7711 -0.1589 0.5852 0.194 -0.8181 0.03 -0.5743 -0.0014 -0.7577 -0.045 0.6306 0.1617 -0.6653 0.1638 0.6796 0.2619 -0.9745 0.0052 -0.2241 7.0E-4
-0.8188 0.3563 0.4468 0.0538 -0.4127 0.6844 0.1088 -0.5911 -0.7382 0.0447 0.6609 -0.1276 -0.6909 -0.2606 0.5558 -0.3819 -0.672 -0.2153 0.7023 -0.0937 -0.7957 -0.1323 0.5292 0.2633 -0.6437 -0.0133 -0.7649 -0.0185 -0.7577 -0.045 0.6306 0.1617 -0.6653 0.1638 0.6796 0.2619 -0.9745 0.0052 -0.2241 7.0E-4
-0.8188 0.3563 0.4468 0.0538 -0.4127 0.6844 0.1088 -0.5911 -0.7382 0.0447 0.6609 -0.1276 -0.6909 -0.2606 0.5558 -0.3819 -0.672 -0.2153 0.7023 -0.0937 -0.7957 -0.1323 0.5292 0.2633 -0.6437 -0.0133 -0.7649 -0.0185 -0.7577 -0.045 0.6306 0.1617 -0.6653 0.1638 0.6796 0.2619 -0.9745 0.0052 -0.2241 7.0E-4
-0.8188 0.3563 0.4468 0.0538 -0.4127 0.6844 0.1088 -0.5911 -0.7382 0.0447 0.6609 -0.1276 -0.6909 -0.2606 0.5558 -0.3819 -0.672 -0.2153 0.7023 -0.0937 -0.7957 -0.1323 0.5292 0.2633 -0.6437 -0.0133 -0.7649 -0.0185 -0.7577 -0.045 0.6306 0.1617 -0.6653 0.1638 0.6796 0.2619 -0.9745 0.0052 -0.2241 7.0E-4
-0.8275 0.3284 0.4539 0.0372 -0.4091 0.687 0.1379 -0.5845 -0.7534 0.0509 0.6521 -0.0676 -0.7257 -0.2966 0.5229 -0.3345 -0.672 -0.2153 0.7023 -0.0937 -0.7957 -0.1323 0.5292 0.2633 -0.6437 -0.0133 -0.7649 -0.0185 -0.7577 -0.045 0.6306 0.1617 -0.6653 0.1638 0.6796 0.2619 -0.9557 -0.0357 -0.2913 0.0221
-0.8275 0.3284 0.4539 0.0372 -0.4091 0.687 0.1379 -0.5845 -0.7534 0.0509 0.6521 -0.0676 -0.7257 -0.2966 0.5229 -0.3345 -0.672 -0.2153 0.7023 -0.0937 -0.7957 -0.1323 0.5292 0.2633 -0.6437 -0.0133 -0.7649 -0.0185 -0.7577 -0.045 0.6306 0.1617 -0.6653 0.1638 0.6796 0.2619 -0.9557 -0.0357 -0.2913 0.0221
-0.8275 0.3284 0.4539 0.0372 -0.4091 0.687 0.1379 -0.5845 -0.7534 0.0509 0.6521 -0.0676 -0.7257 -0.2966 0.5229 -0.3345 -0.7135 -0.2047 0.6655 -0.0785 -0.7957 -0.1323 0.5292 0.2633 -0.6437 -0.0133 -0.7649 -0.0185 -0.7282 -0.0488 0.6711 0.1303 -0.6653 0.1638 0.6796 0.2619 -0.9557 -0.0357 -0.2913 0.0221
-0.8275 0.3284 0.4539 0.0372 -0.4091 0.687 0.1379 -0.5845 -0.7534 0.0509 0.6521 -0.0676 -0.7257 -0.2966 0.5229 -0.3345 -0.7135 -0.2047 0.6655 -0.0785 -0.7957 -0.1323 0.5292 0.2633 -0.6437 -0.0133 -0.7649 -0.0185 -0.7282 -0.0488 0.6711 0.1303 -0.6653 0.1638 0.6796 0.2619 -0.9557 -0.0357 -0.2913 0.0221
-0.8275 0.3284 0.4539 0.0372 -0.4091 0.687 0.1379 -0.5845 -0.7534 0.0509 0.6521 -0.0676 -0.7257 -0.2966 0.5229 -0.3345 -0.7135 -0.2047 0.6655 -0.0785 -0.8232 -0.1155 0.4904 0.2619 -0.6978 0.0108 -0.7157 0.0283 -0.7282 -0.0488 0.6711 0.1303 -0.6621 0.202 0.6898 0.212 -0.9557 -0.0357 -0.2913 0.0221
-0.8275 0.3284 0.4539 0.0372 -0.4216 0.6753 0.1448 -0.5876 -0.7793 0.0163 0.6261 -0.0225 -0.7257 -0.2966 0.5229 -0.3345 -0.7135 -0.2047 0.6655 -0.0785 -0.8232 -0.1155 0.4904 0.2619 -0.6978 0.0108 -0.7157 0.0283 -0.7282 -0.0488 0.6711 0.1303 -0.6621 0.202 0.6898 0.212 -0.9557 -0.0357 -0.2913 0.0221
-0.8275 0.3284 0.4539 0.0372 -0.4216 0.6753 0.1448 -0.5876 -0.7793 0.0163 0.6261 -0.0225 -0.7257 -0.2966 0.5229 -0.3345 -0.7135 -0.2047 0.6655 -0.0785 -0.8232 -0.1155 0.4904 0.2619 -0.6978 0.0108 -0.7157 0.0283 -0.7282 -0.0488 0.6711 0.1303 -0.6621 0.202 0.6898 0.212 -0.9557 -0.0357 -0.2913 0.0221
-0.8364 0.3289 0.4363 0.0428 -0.4216 0.6753 0.1448 -0.5876 -0.7793 0.0163 0.6261 -0.0225 -0.7744 -0.3538 0.4614 -0.2496 -0.7135 -0.2047 0.6655 -0.0785 -0.8232 -0.1155 0.4904 0.2619 -0.6978 0.0108 -0.7157 0.0283 -0.7282 -0.0488 0.6711 0.1303 -0.6621 0.202 0.6898 0.212 -0.952 -0.0386 -0.3022 0.0283
-0.8364 0.3289 0.4363 0.0428 -0.4216 0.6753 0.1448 -0.5876 -0.7793 0.0163 0.6261 -0.0225 -0.7744 -0.3538 0.4614 -0.2496 -0.7135 -0.2047 0.6655 -0.0785 -0.8232 -0.1155 0.4904 0.2619 -0.6978 0.0108 -0.7157 0.0283 -0.7092 -0.0209 0.697 0.1041 -0.6621 0.202 0.6898 0.212 -0.952 -0.0386 -0.3022 0.0283
-0.8364 0.3289 0.4363 0.0428 -0.4216 0.6753 0.1448 -0.5876 -0.7793 0.0163 0.6261 -0.0225 -0.7744 -0.3538 0.4614 -0.2496 -0.7531 -0.1902 0.6249 -0.0792 -0.8232 -0.1155 0.4904 0.2619 -0.6978 0.0108 -0.7157 0.0283 -0.7092 -0.0209 0.697 0.1041 -0.6621 0.202 0.6898 0.212 -0.952 -0.0386 -0.3022 0.0283
-0.8364 0.3289 0.4363 0.0428 -0.4216 0.6753 0.1448 -0.5876 -0.7793 0.0163 0.6261 -0.0225 -0.7744 -0.3538 0.4614 -0.2496 -0.7531 -0.1902 0.6249 -0.0792 -0.8232 -0.1155 0.4904 0.2619 -0.6978 0.0108 -0.7157 0.0283 -0.7092 -0.0209 0.697 0.1041 -0.6528 0.22 0.6995 0.1901 -0.952 -0.0386 -0.3022 0.0283
-0.8364 0.3289 0.4363 0.0428 -0.4216 0.6753 0.1448 -0.5876 -0.7793 0.0163 0.6261 -0.0225 -0.7744 -0.3538 0.4614 -0.2496 -0.7531 -0.1902 0.6249 -0.0792 -0.8232 -0.1155 0.4904 0.2619 -0.6978 0.0108 -0.7157 0.0283 -0.7092 -0.0209 0.697 0.1041 -0.6528 0.22 0.6995 0.1901 -0.952 -0.0386 -0.3022 0.0283
-0.8324 0.3503 0.4212 0.0834 -0.4504 0.678 0.1129 -0.5698 -0.7982 0.0396 0.5977 0.0647 -0.7744 -0.3538 0.4614 -0.2496 -0.7531 -0.1902 0.6249 -0.0792 -0.8266 0.0974 0.4846 0.2691 -0.7745 0.0597 -0.5704 0.2669 -0.7092 -0.0209 0.697 0.1041 -0.6528 0.22 0.6995 0.1901 -0.952 -0.0386 -0.3022 0.0283
-0.8324 0.3503 0.4212 0.0834 -0.4504 0.678 0.1129 -0.5698 -0.7982 0.0396 0.5977 0.0647 -0.8161 -0.3317 0.4529 -0.1371 -0.7531 -0.1902 0.6249 -0.0792 -0.8266 0.0974 0.4846 0.2691 -0.7745 0.0597 -0.5704 0.2669 -0.7092 -0.0209 0.697 0.1041 -0.6528 0.22 0.6995 0.1901 -0.95 -0.0393 -0.3093 0.0182
-0.8324 0.3503 0.4212 0.0834 -0.4504 0.678 0.1129 -0.5698 -0.7982 0.0396 0.5977 0.0647 -0.8161 -0.3317 0.4529 -0.1371 -0.7531 -0.1902 0.6249 -0.0792 -0.8266 0.0974 0.4846 0.2691 -0.7745 0.0597 -0.5704 0.2669 -0.6899 -0.0154 0.7211 0.0623 -0.6528 0.22 0.6995 0.1901 -0.95 -0.0393 -0.3093 0.0182
-0.8324 0.3503 0.4212 0.0834 -0.4504 0.678 0.1129 -0.5698 -0.7982 0.0396 0.5977 0.0647 -0.8161 -0.3317 0.4529 -0.1371 -0.7739 -0.1725 0.5919 -0.1451 -0.8266 0.0974 0.4846 0.2691 -0.7745 0.0597 -0.5704 0.2669 -0.6899 -0.0154 0.7211 0.0623 -0.6528 0.22 0.6995 0.1901 -0.95 -0.0393 -0.3093 0.0182
-0.8324 0.3503 0.4212 0.0834 -0.4504 0.678 0.1129 -0.5698 -0.7982 0.0396 0.5977 0.0647 -0.8161 -0.3317 0.4529 -0.1371 -0.7739 -0.1725 0.5919 -0.1451 -0.8266 0.0974 0.4846 0.2691 -0.7745 0.0597 -0.5704 0.2669 -0.6899 -0.0154 0.7211 0.0623 -0.6528 0.22 0.6995 0.1901 -0.95 -0.0393 -0.3093 0.0182
-0.8324 0.3503 0.4212 0.0834 -0.4504 0.678 0.1129 -0.5698 -0.7982 0.0396 0.5977 0.0647 -0.8161 -0.3317 0.4529 -0.1371 -0.7739 -0.1725 0.5919 -0.1451 -0.8266 0.0974 0.4846 0.2691 -0.7745 0.0597 -0.5704 0.2669 -0.6899 -0.0154 0.7211 0.0623 -0.645 0.2238 0.7097 0.1741 -0.95 -0.0393 -0.3093 0.0182
-0.8324 0.3503 0.4212 0.0834 -0.4504 0.678 0.1129 -0.5698 -0.7982 0.0396 0.5977 0.0647 -0.8161 -0.3317 0.4529 -0.1371 -0.7739 -0.1725 0.5919 -0.1451 -0.8266 0.0974 0.4846 0.2691 -0.7745 0.0597 -0.5704 0.2669 -0.6899 -0.0154 0.7211 0.0623 -0.645 0.2238 0.7097 0.1741 -0.95 -0.0393 -0.3093 0.0182
-0.8324 0.3503 0.4212 0.0834 -0.4557 0.6875 0.097 -0.557 -0.797 0.0607 0.5711 0.1871 -0.8161 -0.3317 0.4529 -0.1371 -0.7739 -0.1725 0.5919 -0.1451 -0.855 0.1086 0.49 0.1306 -0.8232 0.1116 -0.5188 0.2018 -0.6899 -0.0154 0.7211 0.0623 -0.645 0.2238 0.7097 0.1741 -0.95 -0.0393 -0.3093 0.0182
-0.8324 0.3503 0.4212 0.0834 -0.4557 0.6875 0.097 -0.557 -0.797 0.0607 0.5711 0.1871 -0.8161 -0.3317 0.4529 -0.1371 -0.7739 -0.1725 0.5919 -0.1451 -0.855 0.1086 0.49 0.1306 -0.8232 0.1116 -0.5188 0.2018 -0.6899 -0.0154 0.7211 0.0623 -0.645 0.2238 0.7097 0.1741 -0.95 -0.0393 -0.3093 0.0182
-0.8268 0.3566 0.423 0.1017 -0.4557 0.6875 0.097 -0.557 -0.797 0.0607 0.5711 0.1871 -0.8335 -0.2918 0.4667 -0.0483 -0.7739 -0.1725 0.5919 -0.1451 -0.855 0.1086 0.49 0.1306 -0.8232 0.1116 -0.5188 0.2018 -0.6805 -0.0233 0.7322 0.0181 -0.645 0.2238 0.7097 0.1741 -0.9504 -0.0404 -0.3081 0.0132
-0.8268 0.3566 0.423 0.1017 -0.4557 0.6875 0.097 -0.557 -0.797 0.0607 0.5711 0.1871 -0.8335 -0.2918 0.4667 -0.0483 -0.7552 -0.1993 0.5756 -0.2422 -0.855 0.1086 0.49 0.1306 -0.8232 0.1116 -0.5188 0.2018 -0.6805 -0.0233 0.7322 0.0181 -0.645 0.2238 0.7097 0.1741 -0.9504 -0.0404 -0.3081 0.0132
-0.8268 0.3566 0.423 0.1017 -0.4557 0.6875 0.097 -0.557 -0.797 0.0607 0.5711 0.1871 -0.8335 -0.2918 0.4667 -0.0483 -0.7552 -0.1993 0.5756 -0.2422 -0.855 0.1086 0.49 0.1306 -0.8232 0.1116 -0.5188 0.2018 -0.6805 -0.0233 0.7322 0.0181 -0.645 0.2238 0.7097 0.1741 -0.9504 -0.0404 -0.3081 0.0132
-0.8268 0.3566 0.423 0.1017 -0.4557 0.6875 0.097 -0.557 -0.797 0.0607 0.5711 0.1871 -0.8335 -0.2918 0.4667 -0.0483 -0.7552 -0.1993 0.5756 -0.2422 -0.855 0.1086 0.49 0.1306 -0.8232 0.1116 -0.5188 0.2018 -0.6805 -0.0233 0.7322 0.0181 -0.645 0.2238 0.7097 0.1741 -0.9504 -0.0404 -0.3081 0.0132
-0.8268 0.3566 0.423 0.1017 -0.4557 0.6875 0.097 -0.557 -0.797 0.0607 0.5711 0.1871 -0.8335 -0.2918 0.4667 -0.0483 -0.7552 -0.1993 0.5756 -0.2422 -0.855 0.1086 0.49 0.1306 -0.8232 0.1116 -0.5188 0.2018 -0.6805 -0.0233 0.7322 0.0181 -0.645 0.2238 0.7097 0.1741 -0.9504 -0.0404 -0.3081 0.0132
-0.8268 0.3566 0.423 0.1017 -0.4443 0.6937 0.0944 -0.5591 -0.7693 0.0395 0.5938 0.2326 -0.8335 -0.2918 0.4667 -0.0483 -0.7552 -0.1993 0.5756 -0.2422 -0.8423 0.0717 0.5339 -0.0155 -0.8627 0.1038 -0.4932 0.0403 -0.6805 -0.0233 0.7322 0.0181 -0.6449 0.2244 0.715 0.1502 -0.9504 -0.0404 -0.3081 0.0132
-0.8268 0.3566 0.423 0.1017 -0.4443 0.6937 0.0944 -0.5591 -0.7693 0.0395 0.5938 0.2326 -0.8335 -0.2918 0.4667 -0.0483 -0.7552 -0.1993 0.5756 -0.2422 -0.8423 0.0717 0.5339 -0.0155 -0.8627 0.1038 -0.4932 0.0403 -0.6805 -0.0233 0.7322 0.0181 -0.6449 0.2244 0.715 0.1502 -0.9504 -0.0404 -0.3081 0.0132
-0.8246 0.3566 0.4285 0.0962 -0.4443 0.6937 0.0944 -0.5591 -0.7693 0.0395 0.5938 0.2326 -0.8121 -0.3118 0.4919 0.0344 -0.7552 -0.1993 0.5756 -0.2422 -0.8423 0.0717 0.5339 -0.0155 -0.8627 0.1038 -0.4932 0.0403 -0.6805 -0.0233 0.7322 0.0181 -0.6449 0.2244 0.715 0.1502 -0.9512 -0.0404 -0.3057 0.0126
-0.8246 0.3566 0.4285 0.0962 -0.4443 0.6937 0.0944 -0.5591 -0.7693 0.0395 0.5938 0.2326 -0.8121 -0.3118 0.4919 0.0344 -0.7552 -0.1993 0.5756 -0.2422 -0.8423 0.0717 0.5339 -0.0155 -0.8627 0.1038 -0.4932 0.0403 -0.6805 -0.0233 0.7322 0.0181 -0.6449 0.2244 0.715 0.1502 -0.9512 -0.0404 -0.3057 0.0126
-0.8246 0.3566 0.4285 0.0962 -0.4443 0.6937 0.0944 -0.5591 -0.7693 0.0395 0.5938 0.2326 -0.8121 -0.3118 0.4919 0.0344 -0.7019 -0.2214 0.5886 -0.3344 -0.8423 0.0717 0.5339 -0.0155 -0.8627 0.1038 -0.4932 0.0403 -0.6771 -0.0375 0.7344 -0.0279 -0.6449 0.2244 0.715 0.1502 -0.9512 -0.0404 -0.3057 0.0126
-0.8246 0.3566 0.4285 0.0962 -0.4443 0.6937 0.0944 -0.5591 -0.7693 0.0395 0.5938 0.2326 -0.8121 -0.3118 0.4919 0.0344 -0.7019 -0.2214 0.5886 -0.3344 -0.8005 0.0262 0.59 -0.1019 -0.8627 0.1038 -0.4932 0.0403 -0.6771 -0.0375 0.7344 -0.0279 -0.6573 0.223 0.7104 0.1167 -0.9512 -0.0404 -0.3057 0.0126
-0.8246 0.3566 0.4285 0.0962 -0.4443 0.6937 0.0944 -0.5591 -0.7693 0.0395 0.5938 0.2326 -0.8121 -0.3118 0.4919 0.0344 -0.7019 -0.2214 0.5886 -0.3344 -0.8005 0.0262 0.59 -0.1019 -0.8627 0.1038 -0.4932 0.0403 -0.6771 -0.0375 0.7344 -0.0279 -0.6573 0.223 0.7104 0.1167 -0.9512 -0.0404 -0.3057 0.0126
-0.8246 0.3566 0.4285 0.0962 -0.4198 0.6981 0.1051 -0.5704 -0.7313 0.0558 0.6274 0.2618 -0.8121 -0.3118 0.4919 0.0344 -0.7019 -0.2214 0.5886 -0.3344 -0.8005 0.0262 0.59 -0.1019 -0.8536 -0.0319 -0.5016 -0.1371 -0.6771 -0.0375 0.7344 -0.0279 -0.6573 0.223 0.7104 0.1167 -0.9512 -0.0404 -0.3057 0.0126
-0.8246 0.3566 0.4285 0.0962 -0.4198 0.6981 0.1051 -0.5704 -0.7313 0.0558 0.6274 0.2618 -0.8121 -0.3118 0.4919 0.0344 -0.7019 -0.2214 0.5886 -0.3344 -0.8005 0.0262 0.59 -0.1019 -0.8536 -0.0319 -0.5016 -0.1371 -0.6771 -0.0375 0.7344 -0.0279 -0.6573 0.223 0.7104 0.1167 -0.9512 -0.0404 -0.3057 0.0126
-0.8256 0.3491 0.4378 0.0697 -0.4198 0.6981 0.1051 -0.5704 -0.7313 0.0558 0.6274 0.2618 -0.7845 -0.3248 0.5203 0.0912 -0.7019 -0.2214 0.5886 -0.3344 -0.8005 0.0262 0.59 -0.1019 -0.8536 -0.0319 -0.5016 -0.1371 -0.6729 -0.0559 0.7312 -0.097 -0.6573 0.223 0.7104 0.1167 -0.9509 -0.0378 -0.3071 0.0123
-0.8256 0.3491 0.4378 0.0697 -0.4198 0.6981 0.1051 -0.5704 -0.7313 0.0558 0.6274 0.2618 -0.7845 -0.3248 0.5203 0.0912 -0.6379 -0.2371 0.6198 -0.3908 -0.8005 0.0262 0.59 -0.1019 -0.8536 -0.0319 -0.5016 -0.1371 -0.6729 -0.0559 0.7312 -0.097 -0.6573 0.223 0.7104 0.1167 -0.9509 -0.0378 -0.3071 0.0123
-0.8256 0.3491 0.4378 0.0697 -0.4198 0.6981 0.1051 -0.5704 -0.7313 0.0558 0.6274 0.2618 -0.7845 -0.3248 0.5203 0.0912 -0.6379 -0.2371 0.6198 -0.3908 -0.8005 0.0262 0.59 -0.1019 -0.8536 -0.0319 -0.5016 -0.1371 -0.6729 -0.0559 0.7312 -0.097 -0.6573 0.223 0.7104 0.1167 -0.9509 -0.0378 -0.3071 0.0123
-0.8256 0.3491 0.4378 0.0697 -0.4198 0.6981 0.1051 -0.5704 -0.7313 0.0558 0.6274 0.2618 -0.7845 -0.3248 0.5203 0.0912 -0.6379 -0.2371 0.6198 -0.3908 -0.8005 0.0262 0.59 -0.1019 -0.8536 -0.0319 -0.5016 -0.1371 -0.6729 -0.0559 0.7312 -0.097 -0.6721 0.2299 0.6989 0.0829 -0.9509 -0.0378 -0.3071 0.0123
-0.8256 0.3491 0.4378 0.0697 -0.4198 0.6981 0.1051 -0.5704 -0.7313 0.0558 0.6274 0.2618 -0.7845 -0.3248 0.5203 0.0912 -0.6379 -0.2371 0.6198 -0.3908 -0.8005 0.0262 0.59 -0.1019 -0.8889 0.0194 -0.453 -0.0651 -0.6729 -0.0559 0.7312 -0.097 -0.6721 0.2299 0.6989 0.0829 -0.9509 -0.0378 -0.3071 0.0123
-0.8256 0.3491 0.4378 0.0697 -0.3975 0.6895 0.1155 -0.5944 -0.7313 0.0558 0.6274 0.2618 -0.7845 -0.3248 0.5203 0.0912 -0.6379 -0.2371 0.6198 -0.3908 -0.8005 0.0262 0.59 -0.1019 -0.8889 0.0194 -0.453 -0.0651 -0.6729 -0.0559 0.7312 -0.097 -0.6721 0.2299 0.6989 0.0829 -0.9509 -0.0378 -0.3071 0.0123
-0.8256 0.3491 0.4378 0.0697 -0.3975 0.6895 0.1155 -0.5944 -0.7313 0.0558 0.6274 0.2618 -0.7845 -0.3248 0.5203 0.0912 -0.6379 -0.2371 0.6198 -0.3908 -0.8005 0.0262 0.59 -0.1019 -0.8889 0.0194 -0.453 -0.0651 -0.6729 -0.0559 0.7312 -0.097 -0.6721 0.2299 0.6989 0.0829 -0.9509 -0.0378 -0.3071 0.0123
-0.8196 0.3511 0.4514 0.0342 -0.3975 0.6895 0.1155 -0.5944 -0.7313 0.0558 0.6274 0.2618 -0.7773 -0.3159 0.5384 0.0786 -0.6379 -0.2371 0.6198 -0.3908 -0.8005 0.0262 0.59 -0.1019 -0.8889 0.0194 -0.453 -0.0651 -0.6729 -0.0559 0.7312 -0.097 -0.6721 0.2299 0.6989 0.0829 -0.9473 -0.0369 -0.318 0.0085
-0.8196 0.3511 0.4514 0.0342 -0.3975 0.6895 0.1155 -0.5944 -0.7313 0.0558 0.6274 0.2618 -0.7773 -0.3159 0.5384 0.0786 -0.6379 -0.2371 0.6198 -0.3908 -0.8005 0.0262 0.59 -0.1019 -0.8889 0.0194 -0.453 -0.0651 -0.6729 -0.0559 0.7312 -0.097 -0.6721 0.2299 0.6989 0.0829 -0.9473 -0.0369 -0.318 0.0085
-0.8196 0.3511 0.4514 0.0342 -0.3975 0.6895 0.1155 -0.5944 -0.7313 0.0558 0.6274 0.2618 -0.7773 -0.3159 0.5384 0.0786 -0.6155 -0.2501 0.6356 -0.3933 -0.8005 0.0262 0.59 -0.1019 -0.8889 0.0194 -0.453 -0.0651 -0.6654 -0.063 0.7291 -0.1475 -0.6721 0.2299 0.6989 0.0829 -0.9473 -0.0369 -0.318 0.0085
-0.8196 0.3511 0.4514 0.0342 -0.3975 0.6895 0.1155 -0.5944 -0.7313 0.0558 0.6274 0.2618 -0.7773 -0.3159 0.5384 0.0786 -0.6155 -0.2501 0.6356 -0.3933 -0.8005 0.0262 0.59 -0.1019 -0.8889 0.0194 -0.453 -0.0651 -0.6654 -0.063 0.7291 -0.1475 -0.6721 0.2299 0.6989 0.0829 -0.9473 -0.0369 -0.318 0.0085
-0.8196 0.3511 0.4514 0.0342 -0.3975 0.6895 0.1155 -0.5944 -0.7313 0.0558 0.6274 0.2618 -0.7773 -0.3159 0.5384 0.0786 -0.6155 -0.2501 0.6356 -0.3933 -0.8005 0.0262 0.59 -0.1019 -0.8889 0.0194 -0.453 -0.0651 -0.6654 -0.063 0.7291 -0.1475 -0.6721 0.2299 0.6989 0.0829 -0.9473 -0.0369 -0.318 0.0085
-0.8196 0.3511 0.4514 0.0342 -0.3797 0.6769 0.0979 -0.623 -0.7389 -0.0072 0.6614 0.1285 -0.7773 -0.3159 0.5384 0.0786 -0.6155 -0.2501 0.6356 -0.3933 -0.767 -0.0938 0.6345 -0.0197 -0.887 0.0027 -0.4518 -0.0955 -0.6654 -0.063 0.7291 -0.1475 -0.6996 0.234 0.675 0.0046 -0.9473 -0.0369 -0.318 0.0085
-0.806 0.3789 0.4547 0.0103 -0.3797 0.6769 0.0979 -0.623 -0.7389 -0.0072 0.6614 0.1285 -0.7835 -0.2811 0.554 -0.0159 -0.6155 -0.2501 0.6356 -0.3933 -0.767 -0.0938 0.6345 -0.0197 -0.887 0.0027 -0.4518 -0.0955 -0.6654 -0.063 0.7291 -0.1475 -0.6996 0.234 0.675 0.0046 -0.9473 -0.0369 -0.318 0.0085
-0.806 0.3789 0.4547 0.0103 -0.3797 0.6769 0.0979 -0.623 -0.7389 -0.0072 0.6614 0.1285 -0.7835 -0.2811 0.554 -0.0159 -0.6155 -0.2501 0.6356 -0.3933 -0.767 -0.0938 0.6345 -0.0197 -0.887 0.0027 -0.4518 -0.0955 -0.6654 -0.063 0.7291 -0.1475 -0.6996 0.234 0.675 0.0046 -0.9473 -0.0369 -0.318 0.0085
-0.806 0.3789 0.4547 0.0103 -0.3797 0.6769 0.0979 -0.623 -0.7389 -0.0072 0.6614 0.1285 -0.7835 -0.2811 0.554 -0.0159 -0.6172 -0.2393 0.6653 -0.3453 -0.767 -0.0938 0.6345 -0.0197 -0.887 0.0027 -0.4518 -0.0955 -0.6902 -0.0654 0.7087 -0.1305 -0.6996 0.234 0.675 0.0046 -0.9142 -0.019 -0.4039 0.0267
-0.806 0.3789 0.4547 0.0103 -0.3797 0.6769 0.0979 -0.623 -0.7389 -0.0072 0.6614 0.1285 -0.7835 -0.2811 0.554 -0.0159 -0.6172 -0.2393 0.6653 -0.3453 -0.767 -0.0938 0.6345 -0.0197 -0.887 0.0027 -0.4518 -0.0955 -0.6902 -0.0654 0.7087 -0.1305 -0.6996 0.234 0.675 0.0046 -0.9142 -0.019 -0.4039 0.0267
-0.806 0.3789 0.4547 0.0103 -0.3797 0.6769 0.0979 -0.623 -0.7389 -0.0072 0.6614 0.1285 -0.7835 -0.2811 0.554 -0.0159 -0.6172 -0.2393 0.6653 -0.3453 -0.767 -0.0938 0.6345 -0.0197 -0.887 0.0027 -0.4518 -0.0955 -0.6902 -0.0654 0.7087 -0.1305 -0.6996 0.234 0.675 0.0046 -0.9142 -0.019 -0.4039 0.0267
-0.806 0.3789 0.4547 0.0103 -0.3797 0.6769 0.0979 -0.623 -0.7389 -0.0072 0.6614 0.1285 -0.7835 -0.2811 0.554 -0.0159 -0.6172 -0.2393 0.6653 -0.3453 -0.767 -0.0938 0.6345 -0.0197 -0.887 0.0027 -0.4518 -0.0955 -0.6902 -0.0654 0.7087 -0.1305 -0.6996 0.234 0.675 0.0046 -0.9142 -0.019 -0.4039 0.0267
-0.806 0.3789 0.4547 0.0103 -0.3797 0.6769 0.0979 -0.623 -0.7389 -0.0072 0.6614 0.1285 -0.7835 -0.2811 0.554 -0.0159 -0.6172 -0.2393 0.6653 -0.3453 -0.767 -0.0938 0.6345 -0.0197 -0.887 0.0027 -0.4518 -0.0955 -0.6902 -0.0654 0.7087 -0.1305 -0.6996 0.234 0.675 0.0046 -0.9142 -0.019 -0.4039 0.0267
-0.8063 0.3815 0.4521 -0.0074 -0.372 0.6675 0.0988 -0.6374 -0.77 0.0245 0.6312 0.0908 -0.8007 -0.2275 0.5409 -0.1208 -0.6172 -0.2393 0.6653 -0.3453 -0.757 -0.1256 0.6411 0.0139 -0.8865 0.0145 -0.4526 -0.0955 -0.6902 -0.0654 0.7087 -0.1305 -0.6996 0.234 0.675 0.0046 -0.7722 0.0117 -0.6309 0.0751
-0.8063 0.3815 0.4521 -0.0074 -0.372 0.6675 0.0988 -0.6374 -0.77 0.0245 0.6312 0.0908 -0.8007 -0.2275 0.5409 -0.1208 -0.6172 -0.2393 0.6653 -0.3453 -0.757 -0.1256 0.6411 0.0139 -0.8865 0.0145 -0.4526 -0.0955 -0.7497 -0.0868 0.655 -0.0373 -0.6996 0.234 0.675 0.0046 -0.7722 0.0117 -0.6309 0.0751
-0.8063 0.3815 0.4521 -0.0074 -0.372 0.6675 0.0988 -0.6374 -0.77 0.0245 0.6312 0.0908 -0.8007 -0.2275 0.5409 -0.1208 -0.6257 -0.2235 0.6873 -0.2936 -0.757 -0.1256 0.6411 0.0139 -0.8865 0.0145 -0.4526 -0.0955 -0.7497 -0.0868 0.655 -0.0373 -0.6996 0.234 0.675 0.0046 -0.7722 0.0117 -0.6309 0.0751
-0.8063 0.3815 0.4521 -0.0074 -0.372 0.6675 0.0988 -0.6374 -0.77 0.0245 0.6312 0.0908 -0.8007 -0.2275 0.5409 -0.1208 -0.6257 -0.2235 0.6873 -0.2936 -0.757 -0.1256 0.6411 0.0139 -0.8865 0.0145 -0.4526 -0.0955 -0.7497 -0.0868 0.655 -0.0373 -0.6996 0.234 0.675 0.0046 -0.7722 0.0117 -0.6309 0.0751
-0.8063 0.3815 0.4521 -0.0074 -0.372 0.6675 0.0988 -0.6374 -0.77 0.0245 0.6312 0.0908 -0.8007 -0.2275 0.5409 -0.1208 -0.6257 -0.2235 0.6873 -0.2936 -0.757 -0.1256 0.6411 0.0139 -0.8865 0.0145 -0.4526 -0.0955 -0.7497 -0.0868 0.655 -0.0373 -0.6891 0.3844 0.6047 -0.1086 -0.7722 0.0117 -0.6309 0.0751
-0.8063 0.3815 0.4521 -0.0074 -0.372 0.6675 0.0988 -0.6374 -0.77 0.0245 0.6312 0.0908 -0.8007 -0.2275 0.5409 -0.1208 -0.6257 -0.2235 0.6873 -0.2936 -0.757 -0.1256 0.6411 0.0139 -0.8865 0.0145 -0.4526 -0.0955 -0.7497 -0.0868 0.655 -0.0373 -0.6891 0.3844 0.6047 -0.1086 -0.7722 0.0117 -0.6309 0.0751
-0.8104 0.3972 0.4304 0.015 -0.3984 0.6602 0.082 -0.6315 -0.7891 -0.0186 0.6137 -0.0154 -0.8007 -0.2275 0.5409 -0.1208 -0.6257 -0.2235 0.6873 -0.2936 -0.7454 -0.1511 0.6479 0.041 -0.8812 0.0273 -0.4622 -0.0963 -0.7497 -0.0868 0.655 -0.0373 -0.6891 0.3844 0.6047 -0.1086 -0.7722 0.0117 -0.6309 0.0751
-0.8104 0.3972 0.4304 0.015 -0.3984 0.6602 0.082 -0.6315 -0.7891 -0.0186 0.6137 -0.0154 -0.7705 -0.2654 0.5173 -0.2614 -0.6257 -0.2235 0.6873 -0.2936 -0.7454 -0.1511 0.6479 0.041 -0.8812 0.0273 -0.4622 -0.0963 -0.7497 -0.0868 0.655 -0.0373 -0.6891 0.3844 0.6047 -0.1086 -0.7722 0.0117 -0.6309 0.0751
-0.8104 0.3972 0.4304 0.015 -0.3984 0.6602 0.082 -0.6315 -0.7891 -0.0186 0.6137 -0.0154 -0.7705 -0.2654 0.5173 -0.2614 -0.6257 -0.2235 0.6873 -0.2936 -0.7454 -0.1511 0.6479 0.041 -0.8812 0.0273 -0.4622 -0.0963 -0.7821 -0.0945 0.6159 0.0023 -0.6891 0.3844 0.6047 -0.1086 -0.8463 -0.0179 -0.5318 0.0255
-0.8104 0.3972 0.4304 0.015 -0.3984 0.6602 0.082 -0.6315 -0.7891 -0.0186 0.6137 -0.0154 -0.7705 -0.2654 0.5173 -0.2614 -0.6251 -0.2175 0.7083 -0.2457 -0.7454 -0.1511 0.6479 0.041 -0.8812 0.0273 -0.4622 -0.0963 -0.7821 -0.0945 0.6159 0.0023 -0.6891 0.3844 0.6047 -0.1086 -0.8463 -0.0179 -0.5318 0.0255
-0.8104 0.3972 0.4304 0.015 -0.3984 0.6602 0.082 -0.6315 -0.7891 -0.0186 0.6137 -0.0154 -0.7705 -0.2654 0.5173 -0.2614 -0.6251 -0.2175 0.7083 -0.2457 -0.7454 -0.1511 0.6479 0.041 -0.8812 0.0273 -0.4622 -0.0963 -0.7821 -0.0945 0.6159 0.0023 -0.6891 0.3844 0.6047 -0.1086 -0.8463 -0.0179 -0.5318 0.0255
-0.8104 0.3972 0.4304 0.015 -0.3984 0.6602 0.082 -0.6315 -0.7891 -0.0186 0.6137 -0.0154 -0.7705 -0.2654 0.5173 -0.2614 -0.6251 -0.2175 0.7083 -0.2457 -0.7454 -0.1511 0.6479 0.041 -0.8812 0.0273 -0.4622 -0.0963 -0.7821 -0.0945 0.6159 0.0023 -0.7457 0.1725 0.6434 0.0153 -0.8463 -0.0179 -0.5318 0.0255
-0.8104 0.3972 0.4304 0.015 -0.3984 0.6602 0.082 -0.6315 -0.7891 -0.0186 0.6137 -0.0154 -0.7705 -0.2654 0.5173 -0.2614 -0.6251 -0.2175 0.7083 -0.2457 -0.7454 -0.1511 0.6479 0.041 -0.8812 0.0273 -0.4622 -0.0963 -0.7821 -0.0945 0.6159 0.0023 -0.7457 0.1725 0.6434 0.0153 -0.8463 -0.0179 -0.5318 0.0255
-0.8093 0.4047 0.4221 0.0557 -0.4169 0.6726 0.0606 -0.6084 -0.7805 0.009 0.6172 -0.0983 -0.7705 -0.2654 0.5173 -0.2614 -0.6251 -0.2175 0.7083 -0.2457 -0.7448 -0.1608 0.6446 0.0624 -0.8687 0.0331 -0.4854 -0.093 -0.7821 -0.0945 0.6159 0.0023 -0.7457 0.1725 0.6434 0.0153 -0.8463 -0.0179 -0.5318 0.0255
-0.8093 0.4047 0.4221 0.0557 -0.4169 0.6726 0.0606 -0.6084 -0.7805 0.009 0.6172 -0.0983 -0.7705 -0.2654 0.5173 -0.2614 -0.6251 -0.2175 0.7083 -0.2457 -0.7448 -0.1608 0.6446 0.0624 -0.8687 0.0331 -0.4854 -0.093 -0.7821 -0.0945 0.6159 0.0023 -0.7457 0.1725 0.6434 0.0153 -0.8463 -0.0179 -0.5318 0.0255
-0.8093 0.4047 0.4221 0.0557 -0.4169 0.6726 0.0606 -0.6084 -0.7805 0.009 0.6172 -0.0983 -0.7375 -0.2401 0.5352 -0.3346 -0.6251 -0.2175 0.7083 -0.2457 -0.7448 -0.1608 0.6446 0.0624 -0.8687 0.0331 -0.4854 -0.093 -0.7821 -0.0945 0.6159 0.0023 -0.7457 0.1725 0.6434 0.0153 -0.9579 -0.0529 -0.2439 -0.1415
-0.8093 0.4047 0.4221 0.0557 -0.4169 0.6726 0.0606 -0.6084 -0.7805 0.009 0.6172 -0.0983 -0.7375 -0.2401 0.5352 -0.3346 -0.6191 -0.2281 0.7188 -0.2191 -0.7448 -0.1608 0.6446 0.0624 -0.8687 0.0331 -0.4854 -0.093 -0.7798 -0.0638 0.6199 0.0593 -0.7457 0.1725 0.6434 0.0153 -0.9579 -0.0529 -0.2439 -0.1415
-0.8093 0.4047 0.4221 0.0557 -0.4169 0.6726 0.0606 -0.6084 -0.7805 0.009 0.6172 -0.0983 -0.7375 -0.2401 0.5352 -0.3346 -0.6191 -0.2281 0.7188 -0.2191 -0.7448 -0.1608 0.6446 0.0624 -0.8687 0.0331 -0.4854 -0.093 -0.7798 -0.0638 0.6199 0.0593 -0.7457 0.1725 0.6434 0.0153 -0.9579 -0.0529 -0.2439 -0.1415
-0.8093 0.4047 0.4221 0.0557 -0.4169 0.6726 0.0606 -0.6084 -0.7805 0.009 0.6172 -0.0983 -0.7375 -0.2401 0.5352 -0.3346 -0.6191 -0.2281 0.7188 -0.2191 -0.7448 -0.1608 0.6446 0.0624 -0.8687 0.0331 -0.4854 -0.093 -0.7798 -0.0638 0.6199 0.0593 -0.7087 -0.0178 0.6787 0.1917 -0.9579 -0.0529 -0.2439 -0.1415
-0.8093 0.4047 0.4221 0.0557 -0.4169 0.6726 0.0606 -0.6084 -0.7805 0.009 0.6172 -0.0983 -0.7375 -0.2401 0.5352 -0.3346 -0.6191 -0.2281 0.7188 -0.2191 -0.7448 -0.1608 0.6446 0.0624 -0.8687 0.0331 -0.4854 -0.093 -0.7798 -0.0638 0.6199 0.0593 -0.7087 -0.0178 0.6787 0.1917 -0.9579 -0.0529 -0.2439 -0.1415
-0.8207 0.3895 0.4128 0.0655 -0.4337 0.6714 0.0706 -0.5967 -0.7614 0.0374 0.6322 -0.1387 -0.7375 -0.2401 0.5352 -0.3346 -0.6191 -0.2281 0.7188 -0.2191 -0.7498 -0.1771 0.6322 0.0818 -0.8625 0.0369 -0.4972 -0.0862 -0.7798 -0.0638 0.6199 0.0593 -0.7087 -0.0178 0.6787 0.1917 -0.9579 -0.0529 -0.2439 -0.1415
-0.8207 0.3895 0.4128 0.0655 -0.4337 0.6714 0.0706 -0.5967 -0.7614 0.0374 0.6322 -0.1387 -0.7375 -0.2401 0.5352 -0.3346 -0.6191 -0.2281 0.7188 -0.2191 -0.7498 -0.1771 0.6322 0.0818 -0.8625 0.0369 -0.4972 -0.0862 -0.7798 -0.0638 0.6199 0.0593 -0.7087 -0.0178 0.6787 0.1917 -0.9579 -0.0529 -0.2439 -0.1415
-0.8207 0.3895 0.4128 0.0655 -0.4337 0.6714 0.0706 -0.5967 -0.7614 0.0374 0.6322 -0.1387 -0.6926 -0.2366 0.5339 -0.4234 -0.6191 -0.2281 0.7188 -0.2191 -0.7498 -0.1771 0.6322 0.0818 -0.8625 0.0369 -0.4972 -0.0862 -0.7709 -0.0698 0.622 0.118 -0.7087 -0.0178 0.6787 0.1917 -0.9916 0.0226 -0.067 -0.108
-0.8207 0.3895 0.4128 0.0655 -0.4337 0.6714 0.0706 -0.5967 -0.7614 0.0374 0.6322 -0.1387 -0.6926 -0.2366 0.5339 -0.4234 -0.634 -0.2242 0.7245 -0.1516 -0.7498 -0.1771 0.6322 0.0818 -0.8625 0.0369 -0.4972 -0.0862 -0.7709 -0.0698 0.622 0.118 -0.7087 -0.0178 0.6787 0.1917 -0.9916 0.0226 -0.067 -0.108
-0.8207 0.3895 0.4128 0.0655 -0.4337 0.6714 0.0706 -0.5967 -0.7614 0.0374 0.6322 -0.1387 -0.6926 -0.2366 0.5339 -0.4234 -0.634 -0.2242 0.7245 -0.1516 -0.7498 -0.1771 0.6322 0.0818 -0.8625 0.0369 -0.4972 -0.0862 -0.7709 -0.0698 0.622 0.118 -0.7087 -0.0178 0.6787 0.1917 -0.9916 0.0226 -0.067 -0.108
-0.8207 0.3895 0.4128 0.0655 -0.4337 0.6714 0.0706 -0.5967 -0.7614 0.0374 0.6322 -0.1387 -0.6926 -0.2366 0.5339 -0.4234 -0.634 -0.2242 0.7245 -0.1516 -0.7498 -0.1771 0.6322 0.0818 -0.8625 0.0369 -0.4972 -0.0862 -0.7709 -0.0698 0.622 0.118 -0.6766 -0.0293 0.7035 0.2157 -0.9916 0.0226 -0.067 -0.108
-0.8207 0.3895 0.4128 0.0655 -0.4337 0.6714 0.0706 -0.5967 -0.7614 0.0374 0.6322 -0.1387 -0.6926 -0.2366 0.5339 -0.4234 -0.634 -0.2242 0.7245 -0.1516 -0.7498 -0.1771 0.6322 0.0818 -0.8625 0.0369 -0.4972 -0.0862 -0.7709 -0.0698 0.622 0.118 -0.6766 -0.0293 0.7035 0.2157 -0.9916 0.0226 -0.067 -0.108
-0.8343 0.3607 0.4135 0.0543 -0.4326 0.6716 0.1024 -0.5928 -0.7589 0.0142 0.629 -0.1685 -0.6926 -0.2366 0.5339 -0.4234 -0.634 -0.2242 0.7245 -0.1516 -0.7565 -0.1716 0.6179 0.1284 -0.8468 0.0437 -0.525 -0.0733 -0.7709 -0.0698 0.622 0.118 -0.6766 -0.0293 0.7035 0.2157 -0.9916 0.0226 -0.067 -0.108
-0.8343 0.3607 0.4135 0.0543 -0.4326 0.6716 0.1024 -0.5928 -0.7589 0.0142 0.629 -0.1685 -0.6926 -0.2366 0.5339 -0.4234 -0.634 -0.2242 0.7245 -0.1516 -0.7565 -0.1716 0.6179 0.1284 -0.8468 0.0437 -0.525 -0.0733 -0.7709 -0.0698 0.622 0.118 -0.6766 -0.0293 0.7035 0.2157 -0.9916 0.0226 -0.067 -0.108
-0.8343 0.3607 0.4135 0.0543 -0.4326 0.6716 0.1024 -0.5928 -0.7589 0.0142 0.629 -0.1685 -0.6523 -0.2435 0.5121 -0.503 -0.634 -0.2242 0.7245 -0.1516 -0.7565 -0.1716 0.6179 0.1284 -0.8468 0.0437 -0.525 -0.0733 -0.7709 -0.0698 0.622 0.118 -0.6766 -0.0293 0.7035 0.2157 -0.9861 -0.055 -0.1311 -0.0863
-0.8343 0.3607 0.4135 0.0543 -0.4326 0.6716 0.1024 -0.5928 -0.7589 0.0142 0.629 -0.1685 -0.6523 -0.2435 0.5121 -0.503 -0.653 -0.2083 0.723 -0.0863 -0.7565 -0.1716 0.6179 0.1284 -0.8468 0.0437 -0.525 -0.0733 -0.7581 -0.0339 0.6212 0.1956 -0.6766 -0.0293 0.7035 0.2157 -0.9861 -0.055 -0.1311 -0.0863
-0.8343 0.3607 0.4135 0.0543 -0.4326 0.6716 0.1024 -0.5928 -0.7589 0.0142 0.629 -0.1685 -0.6523 -0.2435 0.5121 -0.503 -0.653 -0.2083 0.723 -0.0863 -0.7565 -0.1716 0.6179 0.1284 -0.8468 0.0437 -0.525 -0.0733 -0.7581 -0.0339 0.6212 0.1956 -0.6766 -0.0293 0.7035 0.2157 -0.9861 -0.055 -0.1311 -0.0863
-0.8343 0.3607 0.4135 0.0543 -0.4326 0.6716 0.1024 -0.5928 -0.7589 0.0142 0.629 -0.1685 -0.6523 -0.2435 0.5121 -0.503 -0.653 -0.2083 0.723 -0.0863 -0.7565 -0.1716 0.6179 0.1284 -0.8468 0.0437 -0.525 -0.0733 -0.7581 -0.0339 0.6212 0.1956 -0.6766 -0.0293 0.7035 0.2157 -0.9861 -0.055 -0.1311 -0.0863
-0.8343 0.3607 0.4135 0.0543 -0.4326 0.6716 0.1024 -0.5928 -0.7589 0.0142 0.629 -0.1685 -0.6523 -0.2435 0.5121 -0.503 -0.653 -0.2083 0.723 -0.0863 -0.7565 -0.1716 0.6179 0.1284 -0.8468 0.0437 -0.525 -0.0733 -0.7581 -0.0339 0.6212 0.1956 -0.6766 -0.0293 0.7035 0.2157 -0.9861 -0.055 -0.1311 -0.0863
-0.8446 0.3513 0.4008 0.0506 -0.4447 0.6638 0.1204 -0.5891 -0.7656 0.0024 0.6151 -0.1885 -0.6523 -0.2435 0.5121 -0.503 -0.653 -0.2083 0.723 -0.0863 -0.7702 -0.1566 0.5806 0.2126 -0.7328 0.0323 -0.6755 -0.0755 -0.7581 -0.0339 0.6212 0.1956 -0.6818 0.14 0.6694 0.2596 -0.9861 -0.055 -0.1311 -0.0863
-0.8446 0.3513 0.4008 0.0506 -0.4447 0.6638 0.1204 -0.5891 -0.7656 0.0024 0.6151 -0.1885 -0.6523 -0.2435 0.5121 -0.503 -0.653 -0.2083 0.723 -0.0863 -0.7702 -0.1566 0.5806 0.2126 -0.7328 0.0323 -0.6755 -0.0755 -0.7581 -0.0339 0.6212 0.1956 -0.6818 0.14 0.6694 0.2596 -0.9861 -0.055 -0.1311 -0.0863
-0.8446 0.3513 0.4008 0.0506 -0.4447 0.6638 0.1204 -0.5891 -0.7656 0.0024 0.6151 -0.1885 -0.6584 -0.2462 0.4942 -0.5116 -0.653 -0.2083 0.723 -0.0863 -0.7702 -0.1566 0.5806 0.2126 -0.7328 0.0323 -0.6755 -0.0755 -0.744 -0.0057 0.6327 0.2147 -0.6818 0.14 0.6694 0.2596 -0.9534 -0.0593 -0.2947 0.0268
-0.8446 0.3513 0.4008 0.0506 -0.4447 0.6638 0.1204 -0.5891 -0.7656 0.0024 0.6151 -0.1885 -0.6584 -0.2462 0.4942 -0.5116 -0.6937 -0.1747 0.6972 -0.0461 -0.7702 -0.1566 0.5806 0.2126 -0.7328 0.0323 -0.6755 -0.0755 -0.744 -0.0057 0.6327 0.2147 -0.6818 0.14 0.6694 0.2596 -0.9534 -0.0593 -0.2947 0.0268
-0.8446 0.3513 0.4008 0.0506 -0.4447 0.6638 0.1204 -0.5891 -0.7656 0.0024 0.6151 -0.1885 -0.6584 -0.2462 0.4942 -0.5116 -0.6937 -0.1747 0.6972 -0.0461 -0.7702 -0.1566 0.5806 0.2126 -0.7328 0.0323 -0.6755 -0.0755 -0.744 -0.0057 0.6327 0.2147 -0.6818 0.14 0.6694 0.2596 -0.9534 -0.0593 -0.2947 0.0268
-0.8446 0.3513 0.4008 0.0506 -0.4447 0.6638 0.1204 -0.5891 -0.7656 0.0024 0.6151 -0.1885 -0.6584 -0.2462 0.4942 -0.5116 -0.6937 -0.1747 0.6972 -0.0461 -0.7702 -0.1566 0.5806 0.2126 -0.7328 0.0323 -0.6755 -0.0755 -0.744 -0.0057 0.6327 0.2147 -0.6818 0.14 0.6694 0.2596 -0.9534 -0.0593 -0.2947 0.0268
-0.8446 0.3513 0.4008 0.0506 -0.4447 0.6638 0.1204 -0.5891 -0.7656 0.0024 0.6151 -0.1885 -0.6584 -0.2462 0.4942 -0.5116 -0.6937 -0.1747 0.6972 -0.0461 -0.7702 -0.1566 0.5806 0.2126 -0.7328 0.0323 -0.6755 -0.0755 -0.744 -0.0057 0.6327 0.2147 -0.6818 0.14 0.6694 0.2596 -0.9534 -0.0593 -0.2947 0.0268
-0.8446 0.3513 0.4008 0.0506 -0.4537 0.6666 0.1237 -0.5784 -0.7935 0.0072 0.595 -0.1274 -0.6584 -0.2462 0.4942 -0.5116 -0.6937 -0.1747 0.6972 -0.0461 -0.8077 -0.095 0.5147 0.2713 -0.5758 -0.0826 -0.8027 -0.1313 -0.744 -0.0057 0.6327 0.2147 -0.6721 0.2534 0.6586 0.2245 -0.9534 -0.0593 -0.2947 0.0268
-0.8477 0.3437 0.4001 0.0575 -0.4537 0.6666 0.1237 -0.5784 -0.7935 0.0072 0.595 -0.1274 -0.7169 -0.2446 0.4811 -0.4412 -0.6937 -0.1747 0.6972 -0.0461 -0.8077 -0.095 0.5147 0.2713 -0.5758 -0.0826 -0.8027 -0.1313 -0.744 -0.0057 0.6327 0.2147 -0.6721 0.2534 0.6586 0.2245 -0.9518 -0.0509 -0.3008 0.0308
-0.8477 0.3437 0.4001 0.0575 -0.4537 0.6666 0.1237 -0.5784 -0.7935 0.0072 0.595 -0.1274 -0.7169 -0.2446 0.4811 -0.4412 -0.6937 -0.1747 0.6972 -0.0461 -0.8077 -0.095 0.5147 0.2713 -0.5758 -0.0826 -0.8027 -0.1313 -0.7141 -0.0078 0.6783 0.1727 -0.6721 0.2534 0.6586 0.2245 -0.9518 -0.0509 -0.3008 0.0308
-0.8477 0.3437 0.4001 0.0575 -0.4537 0.6666 0.1237 -0.5784 -0.7935 0.0072 0.595 -0.1274 -0.7169 -0.2446 0.4811 -0.4412 -0.7388 -0.1716 0.6496 -0.0535 -0.8077 -0.095 0.5147 0.2713 -0.5758 -0.0826 -0.8027 -0.1313 -0.7141 -0.0078 0.6783 0.1727 -0.6721 0.2534 0.6586 0.2245 -0.9518 -0.0509 -0.3008 0.0308
-0.8477 0.3437 0.4001 0.0575 -0.4537 0.6666 0.1237 -0.5784 -0.7935 0.0072 0.595 -0.1274 -0.7169 -0.2446 0.4811 -0.4412 -0.7388 -0.1716 0.6496 -0.0535 -0.8077 -0.095 0.5147 0.2713 -0.5758 -0.0826 -0.8027 -0.1313 -0.7141 -0.0078 0.6783 0.1727 -0.6721 0.2534 0.6586 0.2245 -0.9518 -0.0509 -0.3008 0.0308
-0.8477 0.3437 0.4001 0.0575 -0.4537 0.6666 0.1237 -0.5784 -0.7935 0.0072 0.595 -0.1274 -0.7169 -0.2446 0.4811 -0.4412 -0.7388 -0.1716 0.6496 -0.0535 -0.8077 -0.095 0.5147 0.2713 -0.5758 -0.0826 -0.8027 -0.1313 -0.7141 -0.0078 0.6783 0.1727 -0.6721 0.2534 0.6586 0.2245 -0.9518 -0.0509 -0.3008 0.0308
-0.8477 0.3437 0.4001 0.0575 -0.4537 0.6666 0.1237 -0.5784 -0.7935 0.0072 0.595 -0.1274 -0.7169 -0.2446 0.4811 -0.4412 -0.7388 -0.1716 0.6496 -0.0535 -0.8077 -0.095 0.5147 0.2713 -0.5758 -0.0826 -0.8027 -0.1313 -0.7141 -0.0078 0.6783 0.1727 -0.6721 0.2534 0.6586 0.2245 -0.9518 -0.0509 -0.3008 0.0308
-0.8475 0.3573 0.3821 0.0902 -0.4771 0.6673 0.1024 -0.5627 -0.8154 0.019 0.578 -0.0253 -0.7169 -0.2446 0.4811 -0.4412 -0.7388 -0.1716 0.6496 -0.0535 -0.8215 0.0162 0.4875 0.2953 -0.7113 0.007 -0.6846 0.1592 -0.7141 -0.0078 0.6783 0.1727 -0.6721 0.2534 0.6586 0.2245 -0.9518 -0.0509 -0.3008 0.0308
-0.8475 0.3573 0.3821 0.0902 -0.4771 0.6673 0.1024 -0.5627 -0.8154 0.019 0.578 -0.0253 -0.7169 -0.2446 0.4811 -0.4412 -0.7388 -0.1716 0.6496 -0.0535 -0.8215 0.0162 0.4875 0.2953 -0.7113 0.007 -0.6846 0.1592 -0.7141 -0.0078 0.6783 0.1727 -0.6721 0.2534 0.6586 0.2245 -0.9518 -0.0509 -0.3008 0.0308
-0.8475 0.3573 0.3821 0.0902 -0.4771 0.6673 0.1024 -0.5627 -0.8154 0.019 0.578 -0.0253 -0.7974 -0.3013 0.4335 -0.2923 -0.7388 -0.1716 0.6496 -0.0535 -0.8215 0.0162 0.4875 0.2953 -0.7113 0.007 -0.6846 0.1592 -0.7141 -0.0078 0.6783 0.1727 -0.6721 0.2534 0.6586 0.2245 -0.9492 -0.0463 -0.3088 0.0384
-0.8475 0.3573 0.3821 0.0902 -0.4771 0.6673 0.1024 -0.5627 -0.8154 0.019 0.578 -0.0253 -0.7974 -0.3013 0.4335 -0.2923 -0.7651 -0.1656 0.6182 -0.0709 -0.8215 0.0162 0.4875 0.2953 -0.7113 0.007 -0.6846 0.1592 -0.6965 0.0085 0.7101 0.1028 -0.6721 0.2534 0.6586 0.2245 -0.9492 -0.0463 -0.3088 0.0384
-0.8475 0.3573 0.3821 0.0902 -0.4771 0.6673 0.1024 -0.5627 -0.8154 0.019 0.578 -0.0253 -0.7974 -0.3013 0.4335 -0.2923 -0.7651 -0.1656 0.6182 -0.0709 -0.8215 0.0162 0.4875 0.2953 -0.7113 0.007 -0.6846 0.1592 -0.6965 0.0085 0.7101 0.1028 -0.6721 0.2534 0.6586 0.2245 -0.9492 -0.0463 -0.3088 0.0384
-0.8475 0.3573 0.3821 0.0902 -0.4771 0.6673 0.1024 -0.5627 -0.8154 0.019 0.578 -0.0253 -0.7974 -0.3013 0.4335 -0.2923 -0.7651 -0.1656 0.6182 -0.0709 -0.8215 0.0162 0.4875 0.2953 -0.7113 0.007 -0.6846 0.1592 -0.6965 0.0085 0.7101 0.1028 -0.6721 0.2534 0.6586 0.2245 -0.9492 -0.0463 -0.3088 0.0384
-0.8475 0.3573 0.3821 0.0902 -0.4771 0.6673 0.1024 -0.5627 -0.8154 0.019 0.578 -0.0253 -0.7974 -0.3013 0.4335 -0.2923 -0.7651 -0.1656 0.6182 -0.0709 -0.8215 0.0162 0.4875 0.2953 -0.7113 0.007 -0.6846 0.1592 -0.6965 0.0085 0.7101 0.1028 -0.6721 0.2534 0.6586 0.2245 -0.9492 -0.0463 -0.3088 0.0384
-0.8475 0.3573 0.3821 0.0902 -0.4771 0.6673 0.1024 -0.5627 -0.8154 0.019 0.578 -0.0253 -0.7974 -0.3013 0.4335 -0.2923 -0.7651 -0.1656 0.6182 -0.0709 -0.8215 0.0162 0.4875 0.2953 -0.7113 0.007 -0.6846 0.1592 -0.6965 0.0085 0.7101 0.1028 -0.6721 0.2534 0.6586 0.2245 -0.9492 -0.0463 -0.3088 0.0384
-0.8485 0.3557 0.3768 0.1075 -0.4897 0.671 0.0948 -0.5485 -0.8309 0.0187 0.5405 0.1306 -0.8577 -0.2835 0.4124 -0.1183 -0.7651 -0.1656 0.6182 -0.0709 -0.8505 0.0936 0.4818 0.1893 -0.7917 0.0956 -0.558 0.2293 -0.6965 0.0085 0.7101 0.1028 -0.6627 0.2321 0.6943 0.1578 -0.9475 -0.0479 -0.3141 0.0355
-0.8485 0.3557 0.3768 0.1075 -0.4897 0.671 0.0948 -0.5485 -0.8309 0.0187 0.5405 0.1306 -0.8577 -0.2835 0.4124 -0.1183 -0.7651 -0.1656 0.6182 -0.0709 -0.8505 0.0936 0.4818 0.1893 -0.7917 0.0956 -0.558 0.2293 -0.681 -0.0139 0.7321 0.0056 -0.6627 0.2321 0.6943 0.1578 -0.9475 -0.0479 -0.3141 0.0355
-0.8485 0.3557 0.3768 0.1075 -0.4897 0.671 0.0948 -0.5485 -0.8309 0.0187 0.5405 0.1306 -0.8577 -0.2835 0.4124 -0.1183 -0.7485 -0.2145 0.5952 -0.1989 -0.8505 0.0936 0.4818 0.1893 -0.7917 0.0956 -0.558 0.2293 -0.681 -0.0139 0.7321 0.0056 -0.6627 0.2321 0.6943 0.1578 -0.9475 -0.0479 -0.3141 0.0355
-0.8485 0.3557 0.3768 0.1075 -0.4897 0.671 0.0948 -0.5485 -0.8309 0.0187 0.5405 0.1306 -0.8577 -0.2835 0.4124 -0.1183 -0.7485 -0.2145 0.5952 -0.1989 -0.8505 0.0936 0.4818 0.1893 -0.7917 0.0956 -0.558 0.2293 -0.681 -0.0139 0.7321 0.0056 -0.6627 0.2321 0.6943 0.1578 -0.9475 -0.0479 -0.3141 0.0355
-0.8485 0.3557 0.3768 0.1075 -0.4897 0.671 0.0948 -0.5485 -0.8309 0.0187 0.5405 0.1306 -0.8577 -0.2835 0.4124 -0.1183 -0.7485 -0.2145 0.5952 -0.1989 -0.8505 0.0936 0.4818 0.1893 -0.7917 0.0956 -0.558 0.2293 -0.681 -0.0139 0.7321 0.0056 -0.6602 0.2244 0.7047 0.1315 -0.9475 -0.0479 -0.3141 0.0355
-0.8485 0.3557 0.3768 0.1075 -0.4897 0.671 0.0948 -0.5485 -0.8309 0.0187 0.5405 0.1306 -0.8577 -0.2835 0.4124 -0.1183 -0.7485 -0.2145 0.5952 -0.1989 -0.8505 0.0936 0.4818 0.1893 -0.7917 0.0956 -0.558 0.2293 -0.681 -0.0139 0.7321 0.0056 -0.6602 0.2244 0.7047 0.1315 -0.9475 -0.0479 -0.3141 0.0355
-0.8485 0.3557 0.3768 0.1075 -0.4897 0.671 0.0948 -0.5485 -0.8309 0.0187 0.5405 0.1306 -0.8577 -0.2835 0.4124 -0.1183 -0.7485 -0.2145 0.5952 -0.1989 -0.8505 0.0936 0.4818 0.1893 -0.7917 0.0956 -0.558 0.2293 -0.681 -0.0139 0.7321 0.0056 -0.6602 0.2244 0.7047 0.1315 -0.9475 -0.0479 -0.3141 0.0355
-0.848 0.3423 0.3904 0.1064 -0.4797 0.681 0.1069 -0.543 -0.8125 -0.0335 0.5265 0.248 -0.8711 -0.3054 0.3845 0.005 -0.7485 -0.2145 0.5952 -0.1989 -0.8528 0.0665 0.514 0.0634 -0.8438 0.1342 -0.5027 0.131 -0.681 -0.0139 0.7321 0.0056 -0.6602 0.2244 0.7047 0.1315 -0.9471 -0.0509 -0.3157 0.0291
-0.848 0.3423 0.3904 0.1064 -0.4797 0.681 0.1069 -0.543 -0.8125 -0.0335 0.5265 0.248 -0.8711 -0.3054 0.3845 0.005 -0.7485 -0.2145 0.5952 -0.1989 -0.8528 0.0665 0.514 0.0634 -0.8438 0.1342 -0.5027 0.131 -0.6824 -0.0016 0.7309 -0.0084 -0.6602 0.2244 0.7047 0.1315 -0.9471 -0.0509 -0.3157 0.0291
-0.848 0.3423 0.3904 0.1064 -0.4797 0.681 0.1069 -0.543 -0.8125 -0.0335 0.5265 0.248 -0.8711 -0.3054 0.3845 0.005 -0.7139 -0.2147 0.5918 -0.3068 -0.8528 0.0665 0.514 0.0634 -0.8438 0.1342 -0.5027 0.131 -0.6824 -0.0016 0.7309 -0.0084 -0.6602 0.2244 0.7047 0.1315 -0.9471 -0.0509 -0.3157 0.0291
-0.848 0.3423 0.3904 0.1064 -0.4797 0.681 0.1069 -0.543 -0.8125 -0.0335 0.5265 0.248 -0.8711 -0.3054 0.3845 0.005 -0.7139 -0.2147 0.5918 -0.3068 -0.8528 0.0665 0.514 0.0634 -0.8438 0.1342 -0.5027 0.131 -0.6824 -0.0016 0.7309 -0.0084 -0.6602 0.2244 0.7047 0.1315 -0.9471 -0.0509 -0.3157 0.0291
-0.848 0.3423 0.3904 0.1064 -0.4797 0.681 0.1069 -0.543 -0.8125 -0.0335 0.5265 0.248 -0.8711 -0.3054 0.3845 0.005 -0.7139 -0.2147 0.5918 -0.3068 -0.8528 0.0665 0.514 0.0634 -0.8438 0.1342 -0.5027 0.131 -0.6824 -0.0016 0.7309 -0.0084 -0.6602 0.2244 0.7047 0.1315 -0.9471 -0.0509 -0.3157 0.0291
-0.848 0.3423 0.3904 0.1064 -0.4797 0.681 0.1069 -0.543 -0.8125 -0.0335 0.5265 0.248 -0.8711 -0.3054 0.3845 0.005 -0.7139 -0.2147 0.5918 -0.3068 -0.8089 0.0497 0.5845 -0.0396 -0.8438 0.1342 -0.5027 0.131 -0.6824 -0.0016 0.7309 -0.0084 -0.6693 0.2349 0.6973 0.1029 -0.9471 -0.0509 -0.3157 0.0291
-0.848 0.3423 0.3904 0.1064 -0.4662 0.6912 0.1115 -0.5408 -0.8125 -0.0335 0.5265 0.248 -0.8711 -0.3054 0.3845 0.005 -0.7139 -0.2147 0.5918 -0.3068 -0.8089 0.0497 0.5845 -0.0396 -0.8438 0.1342 -0.5027 0.131 -0.6824 -0.0016 0.7309 -0.0084 -0.6693 0.2349 0.6973 0.1029 -0.9471 -0.0509 -0.3157 0.0291
-0.848 0.3423 0.3904 0.1064 -0.4662 0.6912 0.1115 -0.5408 -0.8125 -0.0335 0.5265 0.248 -0.8711 -0.3054 0.3845 0.005 -0.7139 -0.2147 0.5918 -0.3068 -0.8089 0.0497 0.5845 -0.0396 -0.8438 0.1342 -0.5027 0.131 -0.6824 -0.0016 0.7309 -0.0084 -0.6693 0.2349 0.6973 0.1029 -0.9471 -0.0509 -0.3157 0.0291
-0.8423 0.3394 0.4066 0.0997 -0.4662 0.6912 0.1115 -0.5408 -0.8125 -0.0335 0.5265 0.248 -0.8283 -0.3867 0.3937 0.0963 -0.7139 -0.2147 0.5918 -0.3068 -0.8089 0.0497 0.5845 -0.0396 -0.8438 0.1342 -0.5027 0.131 -0.6824 -0.0016 0.7309 -0.0084 -0.6693 0.2349 0.6973 0.1029 -0.9444 -0.0555 -0.3229 0.0264
-0.8423 0.3394 0.4066 0.0997 -0.4662 0.6912 0.1115 -0.5408 -0.8125 -0.0335 0.5265 0.248 -0.8283 -0.3867 0.3937 0.0963 -0.6663 -0.2121 0.6288 -0.3401 -0.8089 0.0497 0.5845 -0.0396 -0.8438 0.1342 -0.5027 0.131 -0.6791 -0.0269 0.729 -0.0815 -0.6693 0.2349 0.6973 0.1029 -0.9444 -0.0555 -0.3229 0.0264
-0.8423 0.3394 0.4066 0.0997 -0.4662 0.6912 0.1115 -0.5408 -0.8125 -0.0335 0.5265 0.248 -0.8283 -0.3867 0.3937 0.0963 -0.6663 -0.2121 0.6288 -0.3401 -0.8089 0.0497 0.5845 -0.0396 -0.8438 0.1342 -0.5027 0.131 -0.6791 -0.0269 0.729 -0.0815 -0.6693 0.2349 0.6973 0.1029 -0.9444 -0.0555 -0.3229 0.0264
-0.8423 0.3394 0.4066 0.0997 -0.4662 0.6912 0.1115 -0.5408 -0.8125 -0.0335 0.5265 0.248 -0.8283 -0.3867 0.3937 0.0963 -0.6663 -0.2121 0.6288 -0.3401 -0.8089 0.0497 0.5845 -0.0396 -0.8438 0.1342 -0.5027 0.131 -0.6791 -0.0269 0.729 -0.0815 -0.6693 0.2349 0.6973 0.1029 -0.9444 -0.0555 -0.3229 0.0264
-0.8423 0.3394 0.4066 0.0997 -0.4662 0.6912 0.1115 -0.5408 -0.8125 -0.0335 0.5265 0.248 -0.8283 -0.3867 0.3937 0.0963 -0.6663 -0.2121 0.6288 -0.3401 -0.8089 0.0497 0.5845 -0.0396 -0.8438 0.1342 -0.5027 0.131 -0.6791 -0.0269 0.729 -0.0815 -0.6693 0.2349 0.6973 0.1029 -0.9444 -0.0555 -0.3229 0.0264
-0.8423 0.3394 0.4066 0.0997 -0.4468 0.6818 0.0984 -0.5708 -0.7617 0.017 0.5829 0.2823 -0.8283 -0.3867 0.3937 0.0963 -0.6663 -0.2121 0.6288 -0.3401 -0.7604 0.0403 0.6476 -0.0286 -0.8863 -0.0121 -0.46 -0.0524 -0.6791 -0.0269 0.729 -0.0815 -0.6832 0.2397 0.6871 0.0608 -0.9444 -0.0555 -0.3229 0.0264
-0.8367 0.3621 0.4054 0.0674 -0.4468 0.6818 0.0984 -0.5708 -0.7617 0.017 0.5829 0.2823 -0.8425 -0.3023 0.407 0.1823 -0.6663 -0.2121 0.6288 -0.3401 -0.7604 0.0403 0.6476 -0.0286 -0.8863 -0.0121 -0.46 -0.0524 -0.6791 -0.0269 0.729 -0.0815 -0.6832 0.2397 0.6871 0.0608 -0.933 -0.0516 -0.3546 0.0319
-0.8367 0.3621 0.4054 0.0674 -0.4468 0.6818 0.0984 -0.5708 -0.7617 0.017 0.5829 0.2823 -0.8425 -0.3023 0.407 0.1823 -0.6663 -0.2121 0.6288 -0.3401 -0.7604 0.0403 0.6476 -0.0286 -0.8863 -0.0121 -0.46 -0.0524 -0.6791 -0.0269 0.729 -0.0815 -0.6832 0.2397 0.6871 0.0608 -0.933 -0.0516 -0.3546 0.0319
-0.8367 0.3621 0.4054 0.0674 -0.4468 0.6818 0.0984 -0.5708 -0.7617 0.017 0.5829 0.2823 -0.8425 -0.3023 0.407 0.1823 -0.6185 -0.2202 0.6715 -0.3436 -0.7604 0.0403 0.6476 -0.0286 -0.8863 -0.0121 -0.46 -0.0524 -0.6766 -0.023 0.7252 -0.1259 -0.6832 0.2397 0.6871 0.0608 -0.933 -0.0516 -0.3546 0.0319
-0.8367 0.3621 0.4054 0.0674 -0.4468 0.6818 0.0984 -0.5708 -0.7617 0.017 0.5829 0.2823 -0.8425 -0.3023 0.407 0.1823 -0.6185 -0.2202 0.6715 -0.3436 -0.7604 0.0403 0.6476 -0.0286 -0.8863 -0.0121 -0.46 -0.0524 -0.6766 -0.023 0.7252 -0.1259 -0.6832 0.2397 0.6871 0.0608 -0.933 -0.0516 -0.3546 0.0319
-0.8367 0.3621 0.4054 0.0674 -0.4468 0.6818 0.0984 -0.5708 -0.7617 0.017 0.5829 0.2823 -0.8425 -0.3023 0.407 0.1823 -0.6185 -0.2202 0.6715 -0.3436 -0.7604 0.0403 0.6476 -0.0286 -0.8863 -0.0121 -0.46 -0.0524 -0.6766 -0.023 0.7252 -0.1259 -0.7001 0.2745 0.659 0.0122 -0.933 -0.0516 -0.3546 0.0319
-0.8367 0.3621 0.4054 0.0674 -0.4468 0.6818 0.0984 -0.5708 -0.7725 0.0173 0.6068 0.1865 -0.8425 -0.3023 0.407 0.1823 -0.6185 -0.2202 0.6715 -0.3436 -0.7571 -0.0431 0.6518 -0.0029 -0.8863 -0.0121 -0.46 -0.0524 -0.6766 -0.023 0.7252 -0.1259 -0.7001 0.2745 0.659 0.0122 -0.933 -0.0516 -0.3546 0.0319
-0.8367 0.3621 0.4054 0.0674 -0.4468 0.6818 0.0984 -0.5708 -0.7725 0.0173 0.6068 0.1865 -0.8425 -0.3023 0.407 0.1823 -0.6185 -0.2202 0.6715 -0.3436 -0.7571 -0.0431 0.6518 -0.0029 -0.8863 -0.0121 -0.46 -0.0524 -0.6766 -0.023 0.7252 -0.1259 -0.7001 0.2745 0.659 0.0122 -0.933 -0.0516 -0.3546 0.0319
-0.8367 0.3621 0.4054 0.0674 -0.4468 0.6818 0.0984 -0.5708 -0.7725 0.0173 0.6068 0.1865 -0.8425 -0.3023 0.407 0.1823 -0.6185 -0.2202 0.6715 -0.3436 -0.7571 -0.0431 0.6518 -0.0029 -0.8863 -0.0121 -0.46 -0.0524 -0.6766 -0.023 0.7252 -0.1259 -0.7001 0.2745 0.659 0.0122 -0.933 -0.0516 -0.3546 0.0319
-0.8252 0.3942 0.4018 0.0468 -0.4382 0.6661 0.0768 -0.5986 -0.7725 0.0173 0.6068 0.1865 -0.825 -0.269 0.4891 0.0887 -0.6185 -0.2202 0.6715 -0.3436 -0.7571 -0.0431 0.6518 -0.0029 -0.8863 -0.0121 -0.46 -0.0524 -0.6766 -0.023 0.7252 -0.1259 -0.7001 0.2745 0.659 0.0122 -0.8745 -0.0361 -0.4794 0.0639
-0.8252 0.3942 0.4018 0.0468 -0.4382 0.6661 0.0768 -0.5986 -0.7725 0.0173 0.6068 0.1865 -0.825 -0.269 0.4891 0.0887 -0.6185 -0.2202 0.6715 -0.3436 -0.7571 -0.0431 0.6518 -0.0029 -0.8863 -0.0121 -0.46 -0.0524 -0.6766 -0.023 0.7252 -0.1259 -0.7001 0.2745 0.659 0.0122 -0.8745 -0.0361 -0.4794 0.0639
-0.8252 0.3942 0.4018 0.0468 -0.4382 0.6661 0.0768 -0.5986 -0.7725 0.0173 0.6068 0.1865 -0.825 -0.269 0.4891 0.0887 -0.6296 -0.2141 0.6876 -0.2916 -0.7571 -0.0431 0.6518 -0.0029 -0.8863 -0.0121 -0.46 -0.0524 -0.693 -0.0105 0.7161 -0.0831 -0.7001 0.2745 0.659 0.0122 -0.8745 -0.0361 -0.4794 0.0639
-0.8252 0.3942 0.4018 0.0468 -0.4382 0.6661 0.0768 -0.5986 -0.7725 0.0173 0.6068 0.1865 -0.825 -0.269 0.4891 0.0887 -0.6296 -0.2141 0.6876 -0.2916 -0.7571 -0.0431 0.6518 -0.0029 -0.8863 -0.0121 -0.46 -0.0524 -0.693 -0.0105 0.7161 -0.0831 -0.7001 0.2745 0.659 0.0122 -0.8745 -0.0361 -0.4794 0.0639
-0.8252 0.3942 0.4018 0.0468 -0.4382 0.6661 0.0768 -0.5986 -0.7725 0.0173 0.6068 0.1865 -0.825 -0.269 0.4891 0.0887 -0.6296 -0.2141 0.6876 -0.2916 -0.7571 -0.0431 0.6518 -0.0029 -0.8863 -0.0121 -0.46 -0.0524 -0.693 -0.0105 0.7161 -0.0831 -0.7001 0.2745 0.659 0.0122 -0.8745 -0.0361 -0.4794 0.0639
-0.8252 0.3942 0.4018 0.0468 -0.4318 0.6524 0.0558 -0.6204 -0.7588 0.0383 0.6478 0.0566 -0.825 -0.269 0.4891 0.0887 -0.6296 -0.2141 0.6876 -0.2916 -0.7455 -0.063 0.6622 0.0424 -0.8967 0.0103 -0.4398 -0.048 -0.693 -0.0105 0.7161 -0.0831 -0.7094 0.3406 0.6153 -0.0462 -0.8745 -0.0361 -0.4794 0.0639
-0.8171 0.4159 0.398 0.0323 -0.4318 0.6524 0.0558 -0.6204 -0.7588 0.0383 0.6478 0.0566 -0.7731 -0.2435 0.5694 -0.1375 -0.6296 -0.2141 0.6876 -0.2916 -0.7455 -0.063 0.6622 0.0424 -0.8967 0.0103 -0.4398 -0.048 -0.693 -0.0105 0.7161 -0.0831 -0.7094 0.3406 0.6153 -0.0462 -0.745 -0.051 -0.6569 0.1044
-0.8171 0.4159 0.398 0.0323 -0.4318 0.6524 0.0558 -0.6204 -0.7588 0.0383 0.6478 0.0566 -0.7731 -0.2435 0.5694 -0.1375 -0.6296 -0.2141 0.6876 -0.2916 -0.7455 -0.063 0.6622 0.0424 -0.8967 0.0103 -0.4398 -0.048 -0.7334 -0.0336 0.679 0.0027 -0.7094 0.3406 0.6153 -0.0462 -0.745 -0.051 -0.6569 0.1044
-0.8171 0.4159 0.398 0.0323 -0.4318 0.6524 0.0558 -0.6204 -0.7588 0.0383 0.6478 0.0566 -0.7731 -0.2435 0.5694 -0.1375 -0.6334 -0.1937 0.7088 -0.2427 -0.7455 -0.063 0.6622 0.0424 -0.8967 0.0103 -0.4398 -0.048 -0.7334 -0.0336 0.679 0.0027 -0.7094 0.3406 0.6153 -0.0462 -0.745 -0.051 -0.6569 0.1044
-0.8171 0.4159 0.398 0.0323 -0.4318 0.6524 0.0558 -0.6204 -0.7588 0.0383 0.6478 0.0566 -0.7731 -0.2435 0.5694 -0.1375 -0.6334 -0.1937 0.7088 -0.2427 -0.7455 -0.063 0.6622 0.0424 -0.8967 0.0103 -0.4398 -0.048 -0.7334 -0.0336 0.679 0.0027 -0.7094 0.3406 0.6153 -0.0462 -0.745 -0.051 -0.6569 0.1044
-0.8171 0.4159 0.398 0.0323 -0.4318 0.6524 0.0558 -0.6204 -0.7588 0.0383 0.6478 0.0566 -0.7731 -0.2435 0.5694 -0.1375 -0.6334 -0.1937 0.7088 -0.2427 -0.7455 -0.063 0.6622 0.0424 -0.8967 0.0103 -0.4398 -0.048 -0.7334 -0.0336 0.679 0.0027 -0.6873 0.4359 0.5765 -0.0728 -0.745 -0.051 -0.6569 0.1044
-0.8171 0.4159 0.398 0.0323 -0.4318 0.6524 0.0558 -0.6204 -0.7588 0.0383 0.6478 0.0566 -0.7731 -0.2435 0.5694 -0.1375 -0.6334 -0.1937 0.7088 -0.2427 -0.7391 -0.0935 0.664 0.0637 -0.8967 0.0103 -0.4398 -0.048 -0.7334 -0.0336 0.679 0.0027 -0.6873 0.4359 0.5765 -0.0728 -0.745 -0.051 -0.6569 0.1044
-0.8171 0.4159 0.398 0.0323 -0.4298 0.6561 0.0421 -0.619 -0.7588 0.0383 0.6478 0.0566 -0.7731 -0.2435 0.5694 -0.1375 -0.6334 -0.1937 0.7088 -0.2427 -0.7391 -0.0935 0.664 0.0637 -0.8967 0.0103 -0.4398 -0.048 -0.7334 -0.0336 0.679 0.0027 -0.6873 0.4359 0.5765 -0.0728 -0.745 -0.051 -0.6569 0.1044
-0.8092 0.4267 0.4015 0.0443 -0.4298 0.6561 0.0421 -0.619 -0.7588 0.0383 0.6478 0.0566 -0.7278 -0.1935 0.5889 -0.2933 -0.6334 -0.1937 0.7088 -0.2427 -0.7391 -0.0935 0.664 0.0637 -0.8967 0.0103 -0.4398 -0.048 -0.7334 -0.0336 0.679 0.0027 -0.6873 0.4359 0.5765 -0.0728 -0.745 -0.051 -0.6569 0.1044
-0.8092 0.4267 0.4015 0.0443 -0.4298 0.6561 0.0421 -0.619 -0.7588 0.0383 0.6478 0.0566 -0.7278 -0.1935 0.5889 -0.2933 -0.6334 -0.1937 0.7088 -0.2427 -0.7391 -0.0935 0.664 0.0637 -0.8967 0.0103 -0.4398 -0.048 -0.7334 -0.0336 0.679 0.0027 -0.6873 0.4359 0.5765 -0.0728 -0.8066 -0.0801 -0.5807 0.0753
-0.8092 0.4267 0.4015 0.0443 -0.4298 0.6561 0.0421 -0.619 -0.7588 0.0383 0.6478 0.0566 -0.7278 -0.1935 0.5889 -0.2933 -0.6327 -0.1933 0.7193 -0.2122 -0.7391 -0.0935 0.664 0.0637 -0.8967 0.0103 -0.4398 -0.048 -0.7609 -0.05 0.6452 0.0474 -0.6873 0.4359 0.5765 -0.0728 -0.8066 -0.0801 -0.5807 0.0753
-0.8092 0.4267 0.4015 0.0443 -0.4298 0.6561 0.0421 -0.619 -0.7588 0.0383 0.6478 0.0566 -0.7278 -0.1935 0.5889 -0.2933 -0.6327 -0.1933 0.7193 -0.2122 -0.7391 -0.0935 0.664 0.0637 -0.8967 0.0103 -0.4398 -0.048 -0.7609 -0.05 0.6452 0.0474 -0.6873 0.4359 0.5765 -0.0728 -0.8066 -0.0801 -0.5807 0.0753
-0.8092 0.4267 0.4015 0.0443 -0.4298 0.6561 0.0421 -0.619 -0.7588 0.0383 0.6478 0.0566 -0.7278 -0.1935 0.5889 -0.2933 -0.6327 -0.1933 0.7193 -0.2122 -0.7391 -0.0935 0.664 0.0637 -0.8967 0.0103 -0.4398 -0.048 -0.7609 -0.05 0.6452 0.0474 -0.6873 0.4359 0.5765 -0.0728 -0.8066 -0.0801 -0.5807 0.0753
-0.8092 0.4267 0.4015 0.0443 -0.4298 0.6561 0.0421 -0.619 -0.7477 0.0128 0.6489 -0.1402 -0.7278 -0.1935 0.5889 -0.2933 -0.6327 -0.1933 0.7193 -0.2122 -0.7391 -0.0935 0.664 0.0637 -0.8967 0.0103 -0.4398 -0.048 -0.7609 -0.05 0.6452 0.0474 -0.7301 0.2603 0.6305 0.0411 -0.8066 -0.0801 -0.5807 0.0753
-0.8085 0.4249 0.4025 0.0611 -0.4318 0.6668 0.0349 -0.6064 -0.7477 0.0128 0.6489 -0.1402 -0.7278 -0.1935 0.5889 -0.2933 -0.6327 -0.1933 0.7193 -0.2122 -0.7391 -0.0935 0.664 0.0637 -0.8754 0.0034 -0.4801 -0.0555 -0.7609 -0.05 0.6452 0.0474 -0.7301 0.2603 0.6305 0.0411 -0.8066 -0.0801 -0.5807 0.0753
-0.8085 0.4249 0.4025 0.0611 -0.4318 0.6668 0.0349 -0.6064 -0.7477 0.0128 0.6489 -0.1402 -0.7278 -0.1935 0.5889 -0.2933 -0.6327 -0.1933 0.7193 -0.2122 -0.7391 -0.0935 0.664 0.0637 -0.8754 0.0034 -0.4801 -0.0555 -0.7609 -0.05 0.6452 0.0474 -0.7301 0.2603 0.6305 0.0411 -0.8066 -0.0801 -0.5807 0.0753
-0.8085 0.4249 0.4025 0.0611 -0.4318 0.6668 0.0349 -0.6064 -0.7477 0.0128 0.6489 -0.1402 -0.6814 -0.216 0.5707 -0.4042 -0.6327 -0.1933 0.7193 -0.2122 -0.7391 -0.0935 0.664 0.0637 -0.8754 0.0034 -0.4801 -0.0555 -0.7662 -0.0339 0.6365 0.0807 -0.7301 0.2603 0.6305 0.0411 -0.9433 -0.0786 -0.3197 -0.0421
-0.8085 0.4249 0.4025 0.0611 -0.4318 0.6668 0.0349 -0.6064 -0.7477 0.0128 0.6489 -0.1402 -0.6814 -0.216 0.5707 -0.4042 -0.6327 -0.1933 0.7193 -0.2122 -0.7391 -0.0935 0.664 0.0637 -0.8754 0.0034 -0.4801 -0.0555 -0.7662 -0.0339 0.6365 0.0807 -0.7301 0.2603 0.6305 0.0411 -0.9433 -0.0786 -0.3197 -0.0421
-0.8085 0.4249 0.4025 0.0611 -0.4318 0.6668 0.0349 -0.6064 -0.7477 0.0128 0.6489 -0.1402 -0.6814 -0.216 0.5707 -0.4042 -0.6327 -0.1933 0.7193 -0.2122 -0.7391 -0.0935 0.664 0.0637 -0.8754 0.0034 -0.4801 -0.0555 -0.7662 -0.0339 0.6365 0.0807 -0.7301 0.2603 0.6305 0.0411 -0.9433 -0.0786 -0.3197 -0.0421
-0.8085 0.4249 0.4025 0.0611 -0.4318 0.6668 0.0349 -0.6064 -0.7477 0.0128 0.6489 -0.1402 -0.6814 -0.216 0.5707 -0.4042 -0.6327 -0.1933 0.7193 -0.2122 -0.7391 -0.0935 0.664 0.0637 -0.8754 0.0034 -0.4801 -0.0555 -0.7662 -0.0339 0.6365 0.0807 -0.7301 0.2603 0.6305 0.0411 -0.9433 -0.0786 -0.3197 -0.0421
-0.8085 0.4249 0.4025 0.0611 -0.4318 0.6668 0.0349 -0.6064 -0.7477 0.0128 0.6489 -0.1402 -0.6814 -0.216 0.5707 -0.4042 -0.6327 -0.1933 0.7193 -0.2122 -0.7421 -0.0956 0.6526 0.1193 -0.8754 0.0034 -0.4801 -0.0555 -0.7662 -0.0339 0.6365 0.0807 -0.7054 0.0354 0.6862 0.1739 -0.9433 -0.0786 -0.3197 -0.0421
-0.8085 0.4249 0.4025 0.0611 -0.4318 0.6668 0.0349 -0.6064 -0.7477 0.0128 0.6489 -0.1402 -0.6814 -0.216 0.5707 -0.4042 -0.6327 -0.1933 0.7193 -0.2122 -0.7421 -0.0956 0.6526 0.1193 -0.8754 0.0034 -0.4801 -0.0555 -0.7662 -0.0339 0.6365 0.0807 -0.7054 0.0354 0.6862 0.1739 -0.9433 -0.0786 -0.3197 -0.0421
-0.8146 0.4238 0.3893 0.0724 -0.4489 0.6617 0.0321 -0.5996 -0.7477 0.0128 0.6489 -0.1402 -0.6827 -0.2216 0.5654 -0.4063 -0.6327 -0.1933 0.7193 -0.2122 -0.7421 -0.0956 0.6526 0.1193 -0.8754 0.0034 -0.4801 -0.0555 -0.7662 -0.0339 0.6365 0.0807 -0.7054 0.0354 0.6862 0.1739 -0.9864 0.0123 -0.12 -0.112
-0.8146 0.4238 0.3893 0.0724 -0.4489 0.6617 0.0321 -0.5996 -0.7477 0.0128 0.6489 -0.1402 -0.6827 -0.2216 0.5654 -0.4063 -0.6327 -0.1933 0.7193 -0.2122 -0.7421 -0.0956 0.6526 0.1193 -0.8754 0.0034 -0.4801 -0.0555 -0.7562 -0.0532 0.6436 0.1055 -0.7054 0.0354 0.6862 0.1739 -0.9864 0.0123 -0.12 -0.112
-0.8146 0.4238 0.3893 0.0724 -0.4489 0.6617 0.0321 -0.5996 -0.7477 0.0128 0.6489 -0.1402 -0.6827 -0.2216 0.5654 -0.4063 -0.637 -0.2039 0.7308 -0.1362 -0.7421 -0.0956 0.6526 0.1193 -0.8754 0.0034 -0.4801 -0.0555 -0.7562 -0.0532 0.6436 0.1055 -0.7054 0.0354 0.6862 0.1739 -0.9864 0.0123 -0.12 -0.112
-0.8146 0.4238 0.3893 0.0724 -0.4489 0.6617 0.0321 -0.5996 -0.7477 0.0128 0.6489 -0.1402 -0.6827 -0.2216 0.5654 -0.4063 -0.637 -0.2039 0.7308 -0.1362 -0.7421 -0.0956 0.6526 0.1193 -0.8754 0.0034 -0.4801 -0.0555 -0.7562 -0.0532 0.6436 0.1055 -0.7054 0.0354 0.6862 0.1739 -0.9864 0.0123 -0.12 -0.112
-0.8146 0.4238 0.3893 0.0724 -0.4489 0.6617 0.0321 -0.5996 -0.7477 0.0128 0.6489 -0.1402 -0.6827 -0.2216 0.5654 -0.4063 -0.637 -0.2039 0.7308 -0.1362 -0.7421 -0.0956 0.6526 0.1193 -0.8754 0.0034 -0.4801 -0.0555 -0.7562 -0.0532 0.6436 0.1055 -0.7054 0.0354 0.6862 0.1739 -0.9864 0.0123 -0.12 -0.112
-0.8146 0.4238 0.3893 0.0724 -0.4489 0.6617 0.0321 -0.5996 -0.7477 0.0128 0.6489 -0.1402 -0.6827 -0.2216 0.5654 -0.4063 -0.637 -0.2039 0.7308 -0.1362 -0.7421 -0.0956 0.6526 0.1193 -0.8754 0.0034 -0.4801 -0.0555 -0.7562 -0.0532 0.6436 0.1055 -0.6599 -0.0743 0.7148 0.2192 -0.9864 0.0123 -0.12 -0.112
-0.8146 0.4238 0.3893 0.0724 -0.4547 0.664 0.0346 -0.5925 -0.7477 0.0128 0.6489 -0.1402 -0.6827 -0.2216 0.5654 -0.4063 -0.637 -0.2039 0.7308 -0.1362 -0.7421 -0.0956 0.6526 0.1193 -0.8596 0.0089 -0.5087 -0.0472 -0.7562 -0.0532 0.6436 0.1055 -0.6599 -0.0743 0.7148 0.2192 -0.9864 0.0123 -0.12 -0.112
-0.8146 0.4238 0.3893 0.0724 -0.4547 0.664 0.0346 -0.5925 -0.7477 0.0128 0.6489 -0.1402 -0.6827 -0.2216 0.5654 -0.4063 -0.637 -0.2039 0.7308 -0.1362 -0.7421 -0.0956 0.6526 0.1193 -0.8596 0.0089 -0.5087 -0.0472 -0.7562 -0.0532 0.6436 0.1055 -0.6599 -0.0743 0.7148 0.2192 -0.9864 0.0123 -0.12 -0.112
-0.8211 0.4148 0.383 0.0839 -0.4547 0.664 0.0346 -0.5925 -0.7477 0.0128 0.6489 -0.1402 -0.6909 -0.2738 0.5363 -0.4001 -0.637 -0.2039 0.7308 -0.1362 -0.7421 -0.0956 0.6526 0.1193 -0.8596 0.0089 -0.5087 -0.0472 -0.7562 -0.0532 0.6436 0.1055 -0.6599 -0.0743 0.7148 0.2192 -0.9896 0.002 -0.0776 -0.121
-0.8211 0.4148 0.383 0.0839 -0.4547 0.664 0.0346 -0.5925 -0.7477 0.0128 0.6489 -0.1402 -0.6909 -0.2738 0.5363 -0.4001 -0.637 -0.2039 0.7308 -0.1362 -0.7421 -0.0956 0.6526 0.1193 -0.8596 0.0089 -0.5087 -0.0472 -0.7562 -0.0532 0.6436 0.1055 -0.6599 -0.0743 0.7148 0.2192 -0.9896 0.002 -0.0776 -0.121
-0.8211 0.4148 0.383 0.0839 -0.4547 0.664 0.0346 -0.5925 -0.7477 0.0128 0.6489 -0.1402 -0.6909 -0.2738 0.5363 -0.4001 -0.655 -0.1926 0.7265 -0.0776 -0.7421 -0.0956 0.6526 0.1193 -0.8596 0.0089 -0.5087 -0.0472 -0.7584 -0.053 0.6295 0.1606 -0.6599 -0.0743 0.7148 0.2192 -0.9896 0.002 -0.0776 -0.121
-0.8211 0.4148 0.383 0.0839 -0.4547 0.664 0.0346 -0.5925 -0.7477 0.0128 0.6489 -0.1402 -0.6909 -0.2738 0.5363 -0.4001 -0.655 -0.1926 0.7265 -0.0776 -0.7421 -0.0956 0.6526 0.1193 -0.8596 0.0089 -0.5087 -0.0472 -0.7584 -0.053 0.6295 0.1606 -0.6599 -0.0743 0.7148 0.2192 -0.9896 0.002 -0.0776 -0.121
-0.8211 0.4148 0.383 0.0839 -0.4547 0.664 0.0346 -0.5925 -0.7508 0.0354 0.6556 -0.0726 -0.6909 -0.2738 0.5363 -0.4001 -0.655 -0.1926 0.7265 -0.0776 -0.7421 -0.0956 0.6526 0.1193 -0.8596 0.0089 -0.5087 -0.0472 -0.7584 -0.053 0.6295 0.1606 -0.6679 0.0159 0.7062 0.2343 -0.9896 0.002 -0.0776 -0.121
-0.8177 0.4368 0.355 0.1202 -0.4858 0.6629 0.0095 -0.5696 -0.7508 0.0354 0.6556 -0.0726 -0.6909 -0.2738 0.5363 -0.4001 -0.655 -0.1926 0.7265 -0.0776 -0.7421 -0.0956 0.6526 0.1193 -0.8596 0.0089 -0.5087 -0.0472 -0.7584 -0.053 0.6295 0.1606 -0.6679 0.0159 0.7062 0.2343 -0.9896 0.002 -0.0776 -0.121
-0.8177 0.4368 0.355 0.1202 -0.4858 0.6629 0.0095 -0.5696 -0.7508 0.0354 0.6556 -0.0726 -0.7226 -0.2813 0.54 -0.3273 -0.655 -0.1926 0.7265 -0.0776 -0.7421 -0.0956 0.6526 0.1193 -0.8596 0.0089 -0.5087 -0.0472 -0.7584 -0.053 0.6295 0.1606 -0.6679 0.0159 0.7062 0.2343 -0.9729 0.006 -0.2272 -0.0428
-0.8177 0.4368 0.355 0.1202 -0.4858 0.6629 0.0095 -0.5696 -0.7508 0.0354 0.6556 -0.0726 -0.7226 -0.2813 0.54 -0.3273 -0.655 -0.1926 0.7265 -0.0776 -0.7421 -0.0956 0.6526 0.1193 -0.8596 0.0089 -0.5087 -0.0472 -0.7551 -0.0093 0.6315 0.1759 -0.6679 0.0159 0.7062 0.2343 -0.9729 0.006 -0.2272 -0.0428
-0.8177 0.4368 0.355 0.1202 -0.4858 0.6629 0.0095 -0.5696 -0.7508 0.0354 0.6556 -0.0726 -0.7226 -0.2813 0.54 -0.3273 -0.674 -0.1716 0.7173 -0.0406 -0.7421 -0.0956 0.6526 0.1193 -0.8596 0.0089 -0.5087 -0.0472 -0.7551 -0.0093 0.6315 0.1759 -0.6679 0.0159 0.7062 0.2343 -0.9729 0.006 -0.2272 -0.0428
-0.8177 0.4368 0.355 0.1202 -0.4858 0.6629 0.0095 -0.5696 -0.7508 0.0354 0.6556 -0.0726 -0.7226 -0.2813 0.54 -0.3273 -0.674 -0.1716 0.7173 -0.0406 -0.7421 -0.0956 0.6526 0.1193 -0.8596 0.0089 -0.5087 -0.0472 -0.7551 -0.0093 0.6315 0.1759 -0.6679 0.0159 0.7062 0.2343 -0.9729 0.006 -0.2272 -0.0428
-0.8177 0.4368 0.355 0.1202 -0.4858 0.6629 0.0095 -0.5696 -0.7508 0.0354 0.6556 -0.0726 -0.7226 -0.2813 0.54 -0.3273 -0.674 -0.1716 0.7173 -0.0406 -0.7421 -0.0956 0.6526 0.1193 -0.8596 0.0089 -0.5087 -0.0472 -0.7551 -0.0093 0.6315 0.1759 -0.6594 0.1511 0.6918 0.2524 -0.9729 0.006 -0.2272 -0.0428
-0.8177 0.4368 0.355 0.1202 -0.4858 0.6629 0.0095 -0.5696 -0.7646 0.0522 0.6419 0.0233 -0.7226 -0.2813 0.54 -0.3273 -0.674 -0.1716 0.7173 -0.0406 -0.7852 -0.0782 0.5396 0.2937 -0.6583 -0.0648 -0.7476 -0.0599 -0.7551 -0.0093 0.6315 0.1759 -0.6594 0.1511 0.6918 0.2524 -0.9729 0.006 -0.2272 -0.0428
-0.8177 0.4368 0.355 0.1202 -0.4858 0.6629 0.0095 -0.5696 -0.7646 0.0522 0.6419 0.0233 -0.7226 -0.2813 0.54 -0.3273 -0.674 -0.1716 0.7173 -0.0406 -0.7852 -0.0782 0.5396 0.2937 -0.6583 -0.0648 -0.7476 -0.0599 -0.7551 -0.0093 0.6315 0.1759 -0.6594 0.1511 0.6918 0.2524 -0.9729 0.006 -0.2272 -0.0428
-0.8194 0.4427 0.3354 0.1416 -0.5128 0.6583 -0.0089 -0.551 -0.7646 0.0522 0.6419 0.0233 -0.762 -0.2598 0.5356 -0.2551 -0.674 -0.1716 0.7173 -0.0406 -0.7852 -0.0782 0.5396 0.2937 -0.6583 -0.0648 -0.7476 -0.0599 -0.7551 -0.0093 0.6315 0.1759 -0.6594 0.1511 0.6918 0.2524 -0.9554 -0.0277 -0.2932 -0.0201
-0.8194 0.4427 0.3354 0.1416 -0.5128 0.6583 -0.0089 -0.551 -0.7646 0.0522 0.6419 0.0233 -0.762 -0.2598 0.5356 -0.2551 -0.674 -0.1716 0.7173 -0.0406 -0.7852 -0.0782 0.5396 0.2937 -0.6583 -0.0648 -0.7476 -0.0599 -0.7307 0.0022 0.6589 0.1788 -0.6594 0.1511 0.6918 0.2524 -0.9554 -0.0277 -0.2932 -0.0201
-0.8194 0.4427 0.3354 0.1416 -0.5128 0.6583 -0.0089 -0.551 -0.7646 0.0522 0.6419 0.0233 -0.762 -0.2598 0.5356 -0.2551 -0.707 -0.1786 0.6837 -0.0294 -0.7852 -0.0782 0.5396 0.2937 -0.6583 -0.0648 -0.7476 -0.0599 -0.7307 0.0022 0.6589 0.1788 -0.6594 0.1511 0.6918 0.2524 -0.9554 -0.0277 -0.2932 -0.0201
-0.8194 0.4427 0.3354 0.1416 -0.5128 0.6583 -0.0089 -0.551 -0.7646 0.0522 0.6419 0.0233 -0.762 -0.2598 0.5356 -0.2551 -0.707 -0.1786 0.6837 -0.0294 -0.7852 -0.0782 0.5396 0.2937 -0.6583 -0.0648 -0.7476 -0.0599 -0.7307 0.0022 0.6589 0.1788 -0.6594 0.1511 0.6918 0.2524 -0.9554 -0.0277 -0.2932 -0.0201
-0.8194 0.4427 0.3354 0.1416 -0.5128 0.6583 -0.0089 -0.551 -0.7646 0.0522 0.6419 0.0233 -0.762 -0.2598 0.5356 -0.2551 -0.707 -0.1786 0.6837 -0.0294 -0.7852 -0.0782 0.5396 0.2937 -0.6583 -0.0648 -0.7476 -0.0599 -0.7307 0.0022 0.6589 0.1788 -0.6594 0.1511 0.6918 0.2524 -0.9554 -0.0277 -0.2932 -0.0201
-0.8194 0.4427 0.3354 0.1416 -0.5128 0.6583 -0.0089 -0.551 -0.7646 0.0522 0.6419 0.0233 -0.762 -0.2598 0.5356 -0.2551 -0.707 -0.1786 0.6837 -0.0294 -0.8135 -0.0628 0.5013 0.288 -0.6583 -0.0648 -0.7476 -0.0599 -0.7307 0.0022 0.6589 0.1788 -0.6665 0.1636 0.7015 0.1921 -0.9554 -0.0277 -0.2932 -0.0201
-0.8194 0.4427 0.3354 0.1416 -0.5128 0.6583 -0.0089 -0.551 -0.7646 0.0522 0.6419 0.0233 -0.762 -0.2598 0.5356 -0.2551 -0.707 -0.1786 0.6837 -0.0294 -0.8135 -0.0628 0.5013 0.288 -0.6583 -0.0648 -0.7476 -0.0599 -0.7307 0.0022 0.6589 0.1788 -0.6665 0.1636 0.7015 0.1921 -0.9554 -0.0277 -0.2932 -0.0201
-0.8344 0.4282 0.3224 0.1285 -0.5264 0.6422 0.0092 -0.5571 -0.7646 0.0522 0.6419 0.0233 -0.8058 -0.3162 0.4757 -0.1562 -0.707 -0.1786 0.6837 -0.0294 -0.8135 -0.0628 0.5013 0.288 -0.6149 -0.0898 -0.7822 -0.0444 -0.7307 0.0022 0.6589 0.1788 -0.6665 0.1636 0.7015 0.1921 -0.9534 -0.0308 -0.2994 -0.0213
-0.8344 0.4282 0.3224 0.1285 -0.5264 0.6422 0.0092 -0.5571 -0.7646 0.0522 0.6419 0.0233 -0.8058 -0.3162 0.4757 -0.1562 -0.707 -0.1786 0.6837 -0.0294 -0.8135 -0.0628 0.5013 0.288 -0.6149 -0.0898 -0.7822 -0.0444 -0.7094 -0.0076 0.6953 0.1147 -0.6665 0.1636 0.7015 0.1921 -0.9534 -0.0308 -0.2994 -0.0213
-0.8344 0.4282 0.3224 0.1285 -0.5264 0.6422 0.0092 -0.5571 -0.7646 0.0522 0.6419 0.0233 -0.8058 -0.3162 0.4757 -0.1562 -0.7337 -0.1747 0.6562 -0.022 -0.8135 -0.0628 0.5013 0.288 -0.6149 -0.0898 -0.7822 -0.0444 -0.7094 -0.0076 0.6953 0.1147 -0.6665 0.1636 0.7015 0.1921 -0.9534 -0.0308 -0.2994 -0.0213
