rt-uaw rt-uax rt-uay rt-uaz rt-faw rt-fax rt-fay rt-faz rt-thw rt-thx rt-thy rt-thz rt-llw rt-llx rt-lly rt-llz rt-ftw rt-ftx rt-fty rt-ftz lt-uaw lt-uax lt-uay lt-uaz lt-faw lt-fax lt-fay lt-faz lt-thw lt-thx lt-thy lt-thz lt-llw lt-llx lt-lly lt-llz lt-ftw lt-ftx lt-fty lt-ftz 
0.7293 -0.019 -0.6829 -0.0367 0.4833 -0.6175 -0.3876 -0.4846 0.6714 -0.2737 -0.6415 -0.2502 0.767 0.247 -0.5895 0.0558 0.6375 -0.3112 -0.671 -0.2159 0.739 -0.0165 -0.6718 -0.0475 0.9332 0.0952 0.3347 0.0897 0.6549 -0.2164 -0.7066 -0.1579 0.6661 -0.2213 -0.6775 -0.2198 0.9588 0.0219 0.2831 -0.0085
0.7293 -0.019 -0.6829 -0.0367 0.4833 -0.6175 -0.3876 -0.4846 0.6543 -0.2885 -0.6484 -0.2612 0.767 0.247 -0.5895 0.0558 0.6375 -0.3112 -0.671 -0.2159 0.739 -0.0165 -0.6718 -0.0475 0.9332 0.0952 0.3347 0.0897 0.6549 -0.2164 -0.7066 -0.1579 0.6661 -0.2213 -0.6775 -0.2198 0.9588 0.0219 0.2831 -0.0085
0.7293 -0.019 -0.6829 -0.0367 0.4833 -0.6175 -0.3876 -0.4846 0.6543 -0.2885 -0.6484 -0.2612 0.767 0.247 -0.5895 0.0558 0.6375 -0.3112 -0.671 -0.2159 0.739 -0.0165 -0.6718 -0.0475 0.9332 0.0952 0.3347 0.0897 0.6549 -0.2164 -0.7066 -0.1579 0.6661 -0.2213 -0.6775 -0.2198 0.9588 0.0219 0.2831 -0.0085
0.7293 -0.019 -0.6829 -0.0367 0.4833 -0.6175 -0.3876 -0.4846 0.6543 -0.2885 -0.6484 -0.2612 0.767 0.247 -0.5895 0.0558 0.6375 -0.3112 -0.671 -0.2159 0.739 -0.0165 -0.6718 -0.0475 0.9332 0.0952 0.3347 0.0897 0.6677 -0.2101 -0.7 -0.142 0.6661 -0.2213 -0.6775 -0.2198 0.9588 0.0219 0.2831 -0.0085
0.7293 -0.019 -0.6829 -0.0367 0.4833 -0.6175 -0.3876 -0.4846 0.6543 -0.2885 -0.6484 -0.2612 0.767 0.247 -0.5895 0.0558 0.6375 -0.3112 -0.671 -0.2159 0.739 -0.0165 -0.6718 -0.0475 0.9332 0.0952 0.3347 0.0897 0.6677 -0.2101 -0.7 -0.142 0.6661 -0.2213 -0.6775 -0.2198 0.9588 0.0219 0.2831 -0.0085
0.7293 -0.019 -0.6829 -0.0367 0.4833 -0.6175 -0.3876 -0.4846 0.6543 -0.2885 -0.6484 -0.2612 0.767 0.247 -0.5895 0.0558 0.6375 -0.3112 -0.671 -0.2159 0.739 -0.0165 -0.6718 -0.0475 0.9332 0.0952 0.3347 0.0897 0.6677 -0.2101 -0.7 -0.142 0.6506 -0.2342 -0.6808 -0.2417 0.9588 0.0219 0.2831 -0.0085
0.7293 -0.019 -0.6829 -0.0367 0.4833 -0.6175 -0.3876 -0.4846 0.6543 -0.2885 -0.6484 -0.2612 0.767 0.247 -0.5895 0.0558 0.6375 -0.3112 -0.671 -0.2159 0.739 -0.0165 -0.6718 -0.0475 0.9332 0.0952 0.3347 0.0897 0.6677 -0.2101 -0.7 -0.142 0.6506 -0.2342 -0.6808 -0.2417 0.9588 0.0219 0.2831 -0.0085
0.7293 -0.019 -0.6829 -0.0367 0.4833 -0.6175 -0.3876 -0.4846 0.6543 -0.2885 -0.6484 -0.2612 0.767 0.247 -0.5895 0.0558 0.6375 -0.3112 -0.671 -0.2159 0.739 -0.0165 -0.6718 -0.0475 0.9332 0.0952 0.3347 0.0897 0.6677 -0.2101 -0.7 -0.142 0.6506 -0.2342 -0.6808 -0.2417 0.9588 0.0219 0.2831 -0.0085
0.7293 -0.019 -0.6829 -0.0367 0.4833 -0.6175 -0.3876 -0.4846 0.6712 -0.2758 -0.641 -0.2501 0.767 0.247 -0.5895 0.0558 0.6375 -0.3112 -0.671 -0.2159 0.739 -0.0165 -0.6718 -0.0475 0.9332 0.0952 0.3347 0.0897 0.6677 -0.2101 -0.7 -0.142 0.6506 -0.2342 -0.6808 -0.2417 0.9588 0.0219 0.2831 -0.0085
0.7293 -0.019 -0.6829 -0.0367 0.4833 -0.6175 -0.3876 -0.4846 0.6712 -0.2758 -0.641 -0.2501 0.767 0.247 -0.5895 0.0558 0.6375 -0.3112 -0.671 -0.2159 0.739 -0.0165 -0.6718 -0.0475 0.9332 0.0952 0.3347 0.0897 0.6677 -0.2101 -0.7 -0.142 0.6506 -0.2342 -0.6808 -0.2417 0.9588 0.0219 0.2831 -0.0085
0.7293 -0.0037 -0.686 -0.0275 0.4833 -0.6175 -0.3876 -0.4846 0.6712 -0.2758 -0.641 -0.2501 0.767 0.247 -0.5895 0.0558 0.6375 -0.3112 -0.671 -0.2159 0.739 -0.0165 -0.6718 -0.0475 0.9332 0.0952 0.3347 0.0897 0.6595 -0.2324 -0.6945 -0.1696 0.6506 -0.2342 -0.6808 -0.2417 0.9588 0.0219 0.2831 -0.0085
0.7271 -0.0037 -0.686 -0.0275 0.4833 -0.6175 -0.3876 -0.4846 0.6712 -0.2758 -0.641 -0.2501 0.767 0.247 -0.5895 0.0558 0.6375 -0.3112 -0.671 -0.2159 0.739 -0.0165 -0.6718 -0.0475 0.9332 0.0952 0.3347 0.0897 0.6595 -0.2324 -0.6945 -0.1696 0.6506 -0.2342 -0.6808 -0.2417 0.9588 0.0219 0.2831 -0.0085
0.7271 -0.0037 -0.686 -0.0275 0.4833 -0.6175 -0.3876 -0.4846 0.6712 -0.2758 -0.641 -0.2501 0.7547 0.1627 -0.6332 0.0546 0.6375 -0.3112 -0.671 -0.2159 0.739 -0.0165 -0.6718 -0.0475 0.9332 0.0952 0.3347 0.0897 0.6595 -0.2324 -0.6945 -0.1696 0.6493 -0.2533 -0.6721 -0.2501 0.9588 0.0219 0.2831 -0.0085
0.7271 -0.0037 -0.686 -0.0275 0.4833 -0.6175 -0.3876 -0.4846 0.6712 -0.2758 -0.641 -0.2501 0.7547 0.1627 -0.6332 0.0546 0.6375 -0.3112 -0.671 -0.2159 0.739 -0.0165 -0.6718 -0.0475 0.9332 0.0952 0.3347 0.0897 0.6595 -0.2324 -0.6945 -0.1696 0.6493 -0.2533 -0.6721 -0.2501 0.9588 0.0219 0.2831 -0.0085
0.7271 -0.0037 -0.686 -0.0275 0.4833 -0.6175 -0.3876 -0.4846 0.6712 -0.2758 -0.641 -0.2501 0.7547 0.1627 -0.6332 0.0546 0.6375 -0.3112 -0.671 -0.2159 0.739 -0.0165 -0.6718 -0.0475 0.9332 0.0952 0.3347 0.0897 0.6595 -0.2324 -0.6945 -0.1696 0.6493 -0.2533 -0.6721 -0.2501 0.9588 0.0219 0.2831 -0.0085
0.7271 -0.0037 -0.686 -0.0275 0.4833 -0.6175 -0.3876 -0.4846 0.6712 -0.2758 -0.641 -0.2501 0.7547 0.1627 -0.6332 0.0546 0.6375 -0.3112 -0.671 -0.2159 0.739 -0.0165 -0.6718 -0.0475 0.9332 0.0952 0.3347 0.0897 0.6595 -0.2324 -0.6945 -0.1696 0.6493 -0.2533 -0.6721 -0.2501 0.9588 0.0219 0.2831 -0.0085
0.7271 -0.0037 -0.686 -0.0275 0.4833 -0.6175 -0.3876 -0.4846 0.6691 -0.2855 -0.6366 -0.2561 0.7547 0.1627 -0.6332 0.0546 0.6375 -0.3112 -0.671 -0.2159 0.739 -0.0165 -0.6718 -0.0475 0.9332 0.0952 0.3347 0.0897 0.6595 -0.2324 -0.6945 -0.1696 0.6493 -0.2533 -0.6721 -0.2501 0.9588 0.0219 0.2831 -0.0085
0.7271 -0.0037 -0.686 -0.0275 0.4833 -0.6175 -0.3876 -0.4846 0.6691 -0.2855 -0.6366 -0.2561 0.7547 0.1627 -0.6332 0.0546 0.6375 -0.3112 -0.671 -0.2159 0.739 -0.0165 -0.6718 -0.0475 0.9332 0.0952 0.3347 0.0897 0.6559 -0.2232 -0.7011 -0.1685 0.6493 -0.2533 -0.6721 -0.2501 0.9588 0.0219 0.2831 -0.0085
0.7231 0.0123 -0.6904 -0.0171 0.4833 -0.6175 -0.3876 -0.4846 0.6691 -0.2855 -0.6366 -0.2561 0.753 0.1634 -0.6346 0.0597 0.6421 -0.2673 -0.674 -0.2491 0.739 -0.0165 -0.6718 -0.0475 0.9332 0.0952 0.3347 0.0897 0.6559 -0.2232 -0.7011 -0.1685 0.6493 -0.2533 -0.6721 -0.2501 0.9588 0.0219 0.2831 -0.0085
0.7231 0.0123 -0.6904 -0.0171 0.4833 -0.6175 -0.3876 -0.4846 0.6691 -0.2855 -0.6366 -0.2561 0.753 0.1634 -0.6346 0.0597 0.6421 -0.2673 -0.674 -0.2491 0.739 -0.0165 -0.6718 -0.0475 0.9332 0.0952 0.3347 0.0897 0.6559 -0.2232 -0.7011 -0.1685 0.6534 -0.2662 -0.6647 -0.2459 0.9588 0.0219 0.2831 -0.0085
0.7231 0.0123 -0.6904 -0.0171 0.4833 -0.6175 -0.3876 -0.4846 0.6691 -0.2855 -0.6366 -0.2561 0.753 0.1634 -0.6346 0.0597 0.6421 -0.2673 -0.674 -0.2491 0.739 -0.0165 -0.6718 -0.0475 0.9332 0.0952 0.3347 0.0897 0.6559 -0.2232 -0.7011 -0.1685 0.6534 -0.2662 -0.6647 -0.2459 0.9588 0.0219 0.2831 -0.0085
0.7231 0.0123 -0.6904 -0.0171 0.4833 -0.6175 -0.3876 -0.4846 0.6691 -0.2855 -0.6366 -0.2561 0.753 0.1634 -0.6346 0.0597 0.6421 -0.2673 -0.674 -0.2491 0.739 -0.0165 -0.6718 -0.0475 0.9332 0.0952 0.3347 0.0897 0.6559 -0.2232 -0.7011 -0.1685 0.6534 -0.2662 -0.6647 -0.2459 0.9588 0.0219 0.2831 -0.0085
0.7231 0.0123 -0.6904 -0.0171 0.4833 -0.5929 -0.408 -0.4984 0.6691 -0.2855 -0.6366 -0.2561 0.753 0.1634 -0.6346 0.0597 0.6421 -0.2673 -0.674 -0.2491 0.739 -0.0165 -0.6718 -0.0475 0.9332 0.0952 0.3347 0.0897 0.6559 -0.2232 -0.7011 -0.1685 0.6534 -0.2662 -0.6647 -0.2459 0.9588 0.0219 0.2831 -0.0085
0.7231 0.0123 -0.6904 -0.0171 0.4833 -0.5929 -0.408 -0.4984 0.666 -0.2883 -0.6409 -0.25 0.753 0.1634 -0.6346 0.0597 0.6421 -0.2673 -0.674 -0.2491 0.739 -0.0165 -0.6718 -0.0475 0.9332 0.0952 0.3347 0.0897 0.6559 -0.2232 -0.7011 -0.1685 0.6534 -0.2662 -0.6647 -0.2459 0.9588 0.0219 0.2831 -0.0085
0.7231 0.0123 -0.6904 -0.0171 0.4833 -0.5929 -0.408 -0.4984 0.666 -0.2883 -0.6409 -0.25 0.753 0.1634 -0.6346 0.0597 0.6421 -0.2673 -0.674 -0.2491 0.739 -0.0165 -0.6718 -0.0475 0.9332 0.0952 0.3347 0.0897 0.6559 -0.2232 -0.7011 -0.1685 0.6534 -0.2662 -0.6647 -0.2459 0.9588 0.0219 0.2831 -0.0085
0.7224 0.0074 -0.6907 -0.0306 0.4833 -0.5929 -0.408 -0.4984 0.666 -0.2883 -0.6409 -0.25 0.7458 0.158 -0.6436 0.0674 0.6381 -0.2884 -0.66 -0.272 0.739 -0.0165 -0.6718 -0.0475 0.9332 0.0952 0.3347 0.0897 0.6431 -0.2339 -0.7056 -0.1839 0.6534 -0.2662 -0.6647 -0.2459 0.9588 0.0219 0.2831 -0.0085
0.7224 0.0074 -0.6907 -0.0306 0.4833 -0.5929 -0.408 -0.4984 0.666 -0.2883 -0.6409 -0.25 0.7458 0.158 -0.6436 0.0674 0.6381 -0.2884 -0.66 -0.272 0.739 -0.0165 -0.6718 -0.0475 0.9332 0.0952 0.3347 0.0897 0.6431 -0.2339 -0.7056 -0.1839 0.6521 -0.2803 -0.6609 -0.2438 0.9588 0.0219 0.2831 -0.0085
0.7224 0.0074 -0.6907 -0.0306 0.4833 -0.5929 -0.408 -0.4984 0.666 -0.2883 -0.6409 -0.25 0.7458 0.158 -0.6436 0.0674 0.6381 -0.2884 -0.66 -0.272 0.739 -0.0165 -0.6718 -0.0475 0.9332 0.0952 0.3347 0.0897 0.6431 -0.2339 -0.7056 -0.1839 0.6521 -0.2803 -0.6609 -0.2438 0.9588 0.0219 0.2831 -0.0085
0.7224 0.0074 -0.6907 -0.0306 0.4833 -0.5929 -0.408 -0.4984 0.666 -0.2883 -0.6409 -0.25 0.7458 0.158 -0.6436 0.0674 0.6381 -0.2884 -0.66 -0.272 0.739 -0.0165 -0.6718 -0.0475 0.9332 0.0952 0.3347 0.0897 0.6431 -0.2339 -0.7056 -0.1839 0.6521 -0.2803 -0.6609 -0.2438 0.959 0.0175 0.2827 0.0092
0.7224 0.0074 -0.6907 -0.0306 0.4833 -0.5929 -0.408 -0.4984 0.6627 -0.2803 -0.6528 -0.2371 0.7458 0.158 -0.6436 0.0674 0.6381 -0.2884 -0.66 -0.272 0.739 -0.0165 -0.6718 -0.0475 0.9332 0.0952 0.3347 0.0897 0.6431 -0.2339 -0.7056 -0.1839 0.6521 -0.2803 -0.6609 -0.2438 0.959 0.0175 0.2827 0.0092
0.7224 0.0074 -0.6907 -0.0306 0.4833 -0.5929 -0.408 -0.4984 0.6627 -0.2803 -0.6528 -0.2371 0.7458 0.158 -0.6436 0.0674 0.6381 -0.2884 -0.66 -0.272 0.739 -0.0165 -0.6718 -0.0475 0.9332 0.0952 0.3347 0.0897 0.6431 -0.2339 -0.7056 -0.1839 0.6521 -0.2803 -0.6609 -0.2438 0.959 0.0175 0.2827 0.0092
0.7273 0.0125 -0.6854 -0.0342 0.4833 -0.5929 -0.408 -0.4984 0.6627 -0.2803 -0.6528 -0.2371 0.7458 0.158 -0.6436 0.0674 0.6381 -0.2884 -0.66 -0.272 0.739 -0.0165 -0.6718 -0.0475 0.9332 0.0952 0.3347 0.0897 0.6383 -0.2352 -0.7117 -0.1751 0.6521 -0.2803 -0.6609 -0.2438 0.959 0.0175 0.2827 0.0092
0.7273 0.0125 -0.6854 -0.0342 0.4833 -0.5929 -0.408 -0.4984 0.6627 -0.2803 -0.6528 -0.2371 0.7458 0.158 -0.6436 0.0674 0.6381 -0.2884 -0.66 -0.272 0.739 -0.0165 -0.6718 -0.0475 0.9332 0.0952 0.3347 0.0897 0.6383 -0.2352 -0.7117 -0.1751 0.6521 -0.2803 -0.6609 -0.2438 0.959 0.0175 0.2827 0.0092
0.7273 0.0125 -0.6854 -0.0342 0.4833 -0.5929 -0.408 -0.4984 0.6627 -0.2803 -0.6528 -0.2371 0.7403 0.1573 -0.6494 0.0749 0.6459 -0.295 -0.6631 -0.2368 0.739 -0.0165 -0.6718 -0.0475 0.9332 0.0952 0.3347 0.0897 0.6383 -0.2352 -0.7117 -0.1751 0.6521 -0.2803 -0.6609 -0.2438 0.959 0.0175 0.2827 0.0092
0.7273 0.0125 -0.6854 -0.0342 0.4833 -0.5929 -0.408 -0.4984 0.6627 -0.2803 -0.6528 -0.2371 0.7403 0.1573 -0.6494 0.0749 0.6459 -0.295 -0.6631 -0.2368 0.739 -0.0165 -0.6718 -0.0475 0.9332 0.0952 0.3347 0.0897 0.6383 -0.2352 -0.7117 -0.1751 0.6581 -0.2886 -0.6557 -0.2317 0.959 0.0175 0.2827 0.0092
0.7273 0.0125 -0.6854 -0.0342 0.4833 -0.5929 -0.408 -0.4984 0.6627 -0.2803 -0.6528 -0.2371 0.7403 0.1573 -0.6494 0.0749 0.6459 -0.295 -0.6631 -0.2368 0.739 -0.0165 -0.6718 -0.0475 0.9332 0.0952 0.3347 0.0897 0.6383 -0.2352 -0.7117 -0.1751 0.6581 -0.2886 -0.6557 -0.2317 0.959 0.0175 0.2827 0.0092
0.7273 0.0125 -0.6854 -0.0342 0.4833 -0.5929 -0.408 -0.4984 0.6627 -0.2803 -0.6528 -0.2371 0.7403 0.1573 -0.6494 0.0749 0.6459 -0.295 -0.6631 -0.2368 0.739 -0.0165 -0.6718 -0.0475 0.9332 0.0952 0.3347 0.0897 0.6383 -0.2352 -0.7117 -0.1751 0.6581 -0.2886 -0.6557 -0.2317 0.959 0.0175 0.2827 0.0092
0.7273 0.0125 -0.6854 -0.0342 0.4833 -0.5929 -0.408 -0.4984 0.6618 -0.2838 -0.6531 -0.2343 0.7403 0.1573 -0.6494 0.0749 0.6459 -0.295 -0.6631 -0.2368 0.739 -0.0165 -0.6718 -0.0475 0.9332 0.0952 0.3347 0.0897 0.6383 -0.2352 -0.7117 -0.1751 0.6581 -0.2886 -0.6557 -0.2317 0.959 0.0175 0.2827 0.0092
0.7273 0.0125 -0.6854 -0.0342 0.4833 -0.5929 -0.408 -0.4984 0.6618 -0.2838 -0.6531 -0.2343 0.7403 0.1573 -0.6494 0.0749 0.6459 -0.295 -0.6631 -0.2368 0.739 -0.0165 -0.6718 -0.0475 0.9332 0.0952 0.3347 0.0897 0.6306 -0.2344 -0.7181 -0.1782 0.6581 -0.2886 -0.6557 -0.2317 0.959 0.0175 0.2827 0.0092
0.7289 0.0324 -0.6829 -0.0358 0.4833 -0.5929 -0.408 -0.4984 0.6618 -0.2838 -0.6531 -0.2343 0.7461 0.1467 -0.6456 0.0705 0.6767 -0.3069 -0.6593 -0.1149 0.739 -0.0165 -0.6718 -0.0475 0.9332 0.0952 0.3347 0.0897 0.6306 -0.2344 -0.7181 -0.1782 0.6581 -0.2886 -0.6557 -0.2317 0.959 0.0175 0.2827 0.0092
0.7289 0.0324 -0.6829 -0.0358 0.4833 -0.5929 -0.408 -0.4984 0.6618 -0.2838 -0.6531 -0.2343 0.7461 0.1467 -0.6456 0.0705 0.6767 -0.3069 -0.6593 -0.1149 0.739 -0.0165 -0.6718 -0.0475 0.9332 0.0952 0.3347 0.0897 0.6306 -0.2344 -0.7181 -0.1782 0.6696 -0.2962 -0.6456 -0.2169 0.959 0.0175 0.2827 0.0092
0.7289 0.0324 -0.6829 -0.0358 0.4833 -0.5929 -0.408 -0.4984 0.6618 -0.2838 -0.6531 -0.2343 0.7461 0.1467 -0.6456 0.0705 0.6767 -0.3069 -0.6593 -0.1149 0.739 -0.0165 -0.6718 -0.0475 0.9332 0.0952 0.3347 0.0897 0.6306 -0.2344 -0.7181 -0.1782 0.6696 -0.2962 -0.6456 -0.2169 0.959 0.0175 0.2827 0.0092
0.7289 0.0324 -0.6829 -0.0358 0.4833 -0.5929 -0.408 -0.4984 0.6618 -0.2838 -0.6531 -0.2343 0.7461 0.1467 -0.6456 0.0705 0.6767 -0.3069 -0.6593 -0.1149 0.739 -0.0165 -0.6718 -0.0475 0.9332 0.0952 0.3347 0.0897 0.6306 -0.2344 -0.7181 -0.1782 0.6696 -0.2962 -0.6456 -0.2169 0.959 0.0129 0.283 7.0E-4
0.7289 0.0324 -0.6829 -0.0358 0.4833 -0.5929 -0.408 -0.4984 0.6618 -0.2838 -0.6531 -0.2343 0.7461 0.1467 -0.6456 0.0705 0.6767 -0.3069 -0.6593 -0.1149 0.739 -0.0165 -0.6718 -0.0475 0.9332 0.0952 0.3347 0.0897 0.6306 -0.2344 -0.7181 -0.1782 0.6696 -0.2962 -0.6456 -0.2169 0.959 0.0129 0.283 7.0E-4
0.7289 0.0324 -0.6829 -0.0358 0.5054 -0.564 -0.4248 -0.496 0.6635 -0.3129 -0.6352 -0.2416 0.7461 0.1467 -0.6456 0.0705 0.6767 -0.3069 -0.6593 -0.1149 0.739 -0.0165 -0.6718 -0.0475 0.9332 0.0952 0.3347 0.0897 0.6306 -0.2344 -0.7181 -0.1782 0.6696 -0.2962 -0.6456 -0.2169 0.959 0.0129 0.283 7.0E-4
0.7289 0.0324 -0.6829 -0.0358 0.5054 -0.564 -0.4248 -0.496 0.6635 -0.3129 -0.6352 -0.2416 0.7461 0.1467 -0.6456 0.0705 0.6767 -0.3069 -0.6593 -0.1149 0.739 -0.0165 -0.6718 -0.0475 0.9332 0.0952 0.3347 0.0897 0.6274 -0.2339 -0.7188 -0.1867 0.6696 -0.2962 -0.6456 -0.2169 0.959 0.0129 0.283 7.0E-4
0.726 0.0505 -0.6839 -0.0516 0.5054 -0.564 -0.4248 -0.496 0.6635 -0.3129 -0.6352 -0.2416 0.763 0.1218 -0.6309 0.0706 0.6584 -0.3929 -0.6331 -0.1061 0.739 -0.0165 -0.6718 -0.0475 0.9332 0.0952 0.3347 0.0897 0.6274 -0.2339 -0.7188 -0.1867 0.6696 -0.2962 -0.6456 -0.2169 0.959 0.0129 0.283 7.0E-4
0.726 0.0505 -0.6839 -0.0516 0.5054 -0.564 -0.4248 -0.496 0.6635 -0.3129 -0.6352 -0.2416 0.763 0.1218 -0.6309 0.0706 0.6584 -0.3929 -0.6331 -0.1061 0.739 -0.0165 -0.6718 -0.0475 0.9332 0.0952 0.3347 0.0897 0.6274 -0.2339 -0.7188 -0.1867 0.6788 -0.2974 -0.638 -0.2092 0.959 0.0129 0.283 7.0E-4
0.726 0.0505 -0.6839 -0.0516 0.5054 -0.564 -0.4248 -0.496 0.6635 -0.3129 -0.6352 -0.2416 0.763 0.1218 -0.6309 0.0706 0.6584 -0.3929 -0.6331 -0.1061 0.739 -0.0165 -0.6718 -0.0475 0.9332 0.0952 0.3347 0.0897 0.6274 -0.2339 -0.7188 -0.1867 0.6788 -0.2974 -0.638 -0.2092 0.959 0.0129 0.283 7.0E-4
0.726 0.0505 -0.6839 -0.0516 0.5054 -0.564 -0.4248 -0.496 0.6635 -0.3129 -0.6352 -0.2416 0.763 0.1218 -0.6309 0.0706 0.6584 -0.3929 -0.6331 -0.1061 0.739 -0.0165 -0.6718 -0.0475 0.9332 0.0952 0.3347 0.0897 0.6274 -0.2339 -0.7188 -0.1867 0.6788 -0.2974 -0.638 -0.2092 0.9583 0.014 0.2855 0.0024
0.726 0.0505 -0.6839 -0.0516 0.5054 -0.564 -0.4248 -0.496 0.6707 -0.3408 -0.6141 -0.2385 0.763 0.1218 -0.6309 0.0706 0.6584 -0.3929 -0.6331 -0.1061 0.739 -0.0165 -0.6718 -0.0475 0.9332 0.0952 0.3347 0.0897 0.6274 -0.2339 -0.7188 -0.1867 0.6788 -0.2974 -0.638 -0.2092 0.9583 0.014 0.2855 0.0024
0.726 0.0505 -0.6839 -0.0516 0.5054 -0.564 -0.4248 -0.496 0.6707 -0.3408 -0.6141 -0.2385 0.763 0.1218 -0.6309 0.0706 0.6584 -0.3929 -0.6331 -0.1061 0.739 -0.0165 -0.6718 -0.0475 0.9332 0.0952 0.3347 0.0897 0.6274 -0.2339 -0.7188 -0.1867 0.6788 -0.2974 -0.638 -0.2092 0.9583 0.014 0.2855 0.0024
0.726 0.0505 -0.6839 -0.0516 0.5054 -0.564 -0.4248 -0.496 0.6707 -0.3408 -0.6141 -0.2385 0.763 0.1218 -0.6309 0.0706 0.6584 -0.3929 -0.6331 -0.1061 0.739 -0.0165 -0.6718 -0.0475 0.9332 0.0952 0.3347 0.0897 0.6274 -0.2339 -0.7188 -0.1867 0.6788 -0.2974 -0.638 -0.2092 0.9583 0.014 0.2855 0.0024
0.726 0.0505 -0.6839 -0.0516 0.5054 -0.564 -0.4248 -0.496 0.6707 -0.3408 -0.6141 -0.2385 0.763 0.1218 -0.6309 0.0706 0.6584 -0.3929 -0.6331 -0.1061 0.739 -0.0165 -0.6718 -0.0475 0.9332 0.0952 0.3347 0.0897 0.6274 -0.2339 -0.7188 -0.1867 0.6788 -0.2974 -0.638 -0.2092 0.9583 0.014 0.2855 0.0024
0.7258 0.0562 -0.6818 -0.072 0.5054 -0.564 -0.4248 -0.496 0.6707 -0.3408 -0.6141 -0.2385 0.7754 0.0945 -0.6199 0.0748 0.6612 -0.3998 -0.6313 -0.0663 0.739 -0.0165 -0.6718 -0.0475 0.9332 0.0952 0.3347 0.0897 0.6403 -0.2411 -0.7104 -0.1652 0.6788 -0.2974 -0.638 -0.2092 0.9583 0.014 0.2855 0.0024
0.7258 0.0562 -0.6818 -0.072 0.5054 -0.564 -0.4248 -0.496 0.6707 -0.3408 -0.6141 -0.2385 0.7754 0.0945 -0.6199 0.0748 0.6612 -0.3998 -0.6313 -0.0663 0.739 -0.0165 -0.6718 -0.0475 0.9332 0.0952 0.3347 0.0897 0.6403 -0.2411 -0.7104 -0.1652 0.6896 -0.2872 -0.6343 -0.1992 0.9583 0.014 0.2855 0.0024
0.7258 0.0562 -0.6818 -0.072 0.5054 -0.564 -0.4248 -0.496 0.6707 -0.3408 -0.6141 -0.2385 0.7754 0.0945 -0.6199 0.0748 0.6612 -0.3998 -0.6313 -0.0663 0.739 -0.0165 -0.6718 -0.0475 0.9332 0.0952 0.3347 0.0897 0.6403 -0.2411 -0.7104 -0.1652 0.6896 -0.2872 -0.6343 -0.1992 0.9583 0.014 0.2855 0.0024
0.7258 0.0562 -0.6818 -0.072 0.5054 -0.564 -0.4248 -0.496 0.6707 -0.3408 -0.6141 -0.2385 0.7754 0.0945 -0.6199 0.0748 0.6612 -0.3998 -0.6313 -0.0663 0.739 -0.0165 -0.6718 -0.0475 0.9332 0.0952 0.3347 0.0897 0.6403 -0.2411 -0.7104 -0.1652 0.6896 -0.2872 -0.6343 -0.1992 0.9583 0.0137 0.2855 0.0021
0.7258 0.0562 -0.6818 -0.072 0.5054 -0.564 -0.4248 -0.496 0.6707 -0.3408 -0.6141 -0.2385 0.7754 0.0945 -0.6199 0.0748 0.6612 -0.3998 -0.6313 -0.0663 0.739 -0.0165 -0.6718 -0.0475 0.9332 0.0952 0.3347 0.0897 0.6403 -0.2411 -0.7104 -0.1652 0.6896 -0.2872 -0.6343 -0.1992 0.9583 0.0137 0.2855 0.0021
0.7258 0.0562 -0.6818 -0.072 0.5054 -0.564 -0.4248 -0.496 0.6707 -0.3408 -0.6141 -0.2385 0.7754 0.0945 -0.6199 0.0748 0.6612 -0.3998 -0.6313 -0.0663 0.739 -0.0165 -0.6718 -0.0475 0.9332 0.0952 0.3347 0.0897 0.6403 -0.2411 -0.7104 -0.1652 0.6896 -0.2872 -0.6343 -0.1992 0.9583 0.0137 0.2855 0.0021
0.7286 0.0557 -0.6783 -0.0771 0.5054 -0.564 -0.4248 -0.496 0.6707 -0.3408 -0.6141 -0.2385 0.7847 0.079 -0.6086 0.0873 0.6505 -0.3949 -0.6453 -0.0671 0.739 -0.0165 -0.6718 -0.0475 0.9332 0.0952 0.3347 0.0897 0.6492 -0.2573 -0.6987 -0.1556 0.6896 -0.2872 -0.6343 -0.1992 0.9583 0.0137 0.2855 0.0021
0.7286 0.0557 -0.6783 -0.0771 0.5054 -0.564 -0.4248 -0.496 0.6707 -0.3408 -0.6141 -0.2385 0.7847 0.079 -0.6086 0.0873 0.6505 -0.3949 -0.6453 -0.0671 0.739 -0.0165 -0.6718 -0.0475 0.9332 0.0952 0.3347 0.0897 0.6492 -0.2573 -0.6987 -0.1556 0.7165 -0.2894 -0.6068 -0.1865 0.9583 0.0137 0.2855 0.0021
0.7286 0.0557 -0.6783 -0.0771 0.5054 -0.564 -0.4248 -0.496 0.6707 -0.3408 -0.6141 -0.2385 0.7847 0.079 -0.6086 0.0873 0.6505 -0.3949 -0.6453 -0.0671 0.739 -0.0165 -0.6718 -0.0475 0.9332 0.0952 0.3347 0.0897 0.6492 -0.2573 -0.6987 -0.1556 0.7165 -0.2894 -0.6068 -0.1865 0.9583 0.0137 0.2855 0.0021
0.7286 0.0557 -0.6783 -0.0771 0.5054 -0.564 -0.4248 -0.496 0.6707 -0.3408 -0.6141 -0.2385 0.7847 0.079 -0.6086 0.0873 0.6505 -0.3949 -0.6453 -0.0671 0.739 -0.0165 -0.6718 -0.0475 0.9332 0.0952 0.3347 0.0897 0.6492 -0.2573 -0.6987 -0.1556 0.7165 -0.2894 -0.6068 -0.1865 0.9531 0.014 0.3024 0.0065
0.7286 0.0557 -0.6783 -0.0771 0.5054 -0.564 -0.4248 -0.496 0.6707 -0.3408 -0.6141 -0.2385 0.7847 0.079 -0.6086 0.0873 0.6505 -0.3949 -0.6453 -0.0671 0.739 -0.0165 -0.6718 -0.0475 0.9332 0.0952 0.3347 0.0897 0.6492 -0.2573 -0.6987 -0.1556 0.7165 -0.2894 -0.6068 -0.1865 0.9531 0.014 0.3024 0.0065
0.7286 0.0557 -0.6783 -0.0771 0.5054 -0.564 -0.4248 -0.496 0.6782 -0.3829 -0.6006 -0.1808 0.7847 0.079 -0.6086 0.0873 0.6505 -0.3949 -0.6453 -0.0671 0.739 -0.0165 -0.6718 -0.0475 0.9332 0.0952 0.3347 0.0897 0.6492 -0.2573 -0.6987 -0.1556 0.7165 -0.2894 -0.6068 -0.1865 0.9531 0.014 0.3024 0.0065
0.7286 0.0557 -0.6783 -0.0771 0.5054 -0.564 -0.4248 -0.496 0.6782 -0.3829 -0.6006 -0.1808 0.7847 0.079 -0.6086 0.0873 0.6505 -0.3949 -0.6453 -0.0671 0.739 -0.0165 -0.6718 -0.0475 0.9332 0.0952 0.3347 0.0897 0.6255 -0.2498 -0.6917 -0.2605 0.7165 -0.2894 -0.6068 -0.1865 0.9531 0.014 0.3024 0.0065
0.7091 0.1011 -0.6934 -0.0792 0.5054 -0.564 -0.4248 -0.496 0.6782 -0.3829 -0.6006 -0.1808 0.783 0.0978 -0.6075 0.0913 0.6258 -0.3917 -0.6727 -0.0499 0.739 -0.0165 -0.6718 -0.0475 0.9332 0.0952 0.3347 0.0897 0.6255 -0.2498 -0.6917 -0.2605 0.7165 -0.2894 -0.6068 -0.1865 0.9531 0.014 0.3024 0.0065
0.7091 0.1011 -0.6934 -0.0792 0.5054 -0.564 -0.4248 -0.496 0.6782 -0.3829 -0.6006 -0.1808 0.783 0.0978 -0.6075 0.0913 0.6258 -0.3917 -0.6727 -0.0499 0.739 -0.0165 -0.6718 -0.0475 0.9332 0.0952 0.3347 0.0897 0.6255 -0.2498 -0.6917 -0.2605 0.7856 -0.3391 -0.5019 -0.1264 0.9531 0.014 0.3024 0.0065
0.7091 0.1011 -0.6934 -0.0792 0.5054 -0.564 -0.4248 -0.496 0.6782 -0.3829 -0.6006 -0.1808 0.783 0.0978 -0.6075 0.0913 0.6258 -0.3917 -0.6727 -0.0499 0.739 -0.0165 -0.6718 -0.0475 0.9332 0.0952 0.3347 0.0897 0.6255 -0.2498 -0.6917 -0.2605 0.7856 -0.3391 -0.5019 -0.1264 0.9531 0.014 0.3024 0.0065
0.7091 0.1011 -0.6934 -0.0792 0.5054 -0.564 -0.4248 -0.496 0.6782 -0.3829 -0.6006 -0.1808 0.783 0.0978 -0.6075 0.0913 0.6258 -0.3917 -0.6727 -0.0499 0.739 -0.0165 -0.6718 -0.0475 0.9332 0.0952 0.3347 0.0897 0.6255 -0.2498 -0.6917 -0.2605 0.7856 -0.3391 -0.5019 -0.1264 0.9531 0.014 0.3024 0.0065
0.7091 0.1011 -0.6934 -0.0792 0.5054 -0.564 -0.4248 -0.496 0.6782 -0.3829 -0.6006 -0.1808 0.783 0.0978 -0.6075 0.0913 0.6258 -0.3917 -0.6727 -0.0499 0.739 -0.0165 -0.6718 -0.0475 0.9308 0.074 0.3066 0.1846 0.6255 -0.2498 -0.6917 -0.2605 0.7856 -0.3391 -0.5019 -0.1264 0.893 0.0092 0.447 0.0514
0.7091 0.1011 -0.6934 -0.0792 0.5054 -0.564 -0.4248 -0.496 0.6782 -0.3829 -0.6006 -0.1808 0.783 0.0978 -0.6075 0.0913 0.6258 -0.3917 -0.6727 -0.0499 0.739 -0.0165 -0.6718 -0.0475 0.9308 0.074 0.3066 0.1846 0.6255 -0.2498 -0.6917 -0.2605 0.7856 -0.3391 -0.5019 -0.1264 0.893 0.0092 0.447 0.0514
0.7091 0.1011 -0.6934 -0.0792 0.5054 -0.564 -0.4248 -0.496 0.6782 -0.3829 -0.6006 -0.1808 0.783 0.0978 -0.6075 0.0913 0.6258 -0.3917 -0.6727 -0.0499 0.739 -0.0165 -0.6718 -0.0475 0.9308 0.074 0.3066 0.1846 0.6255 -0.2498 -0.6917 -0.2605 0.7856 -0.3391 -0.5019 -0.1264 0.893 0.0092 0.447 0.0514
0.7064 0.1119 -0.6964 -0.0593 0.5054 -0.564 -0.4248 -0.496 0.6782 -0.3829 -0.6006 -0.1808 0.7681 0.087 -0.6324 0.0508 0.6265 -0.3719 -0.6847 -0.0209 0.739 -0.0165 -0.6718 -0.0475 0.9308 0.074 0.3066 0.1846 0.639 -0.1201 -0.707 -0.2782 0.7856 -0.3391 -0.5019 -0.1264 0.893 0.0092 0.447 0.0514
0.7064 0.1119 -0.6964 -0.0593 0.5054 -0.564 -0.4248 -0.496 0.6782 -0.3829 -0.6006 -0.1808 0.7681 0.087 -0.6324 0.0508 0.6265 -0.3719 -0.6847 -0.0209 0.739 -0.0165 -0.6718 -0.0475 0.9308 0.074 0.3066 0.1846 0.639 -0.1201 -0.707 -0.2782 0.834 -0.3102 -0.4545 -0.0416 0.893 0.0092 0.447 0.0514
0.7064 0.1119 -0.6964 -0.0593 0.5054 -0.564 -0.4248 -0.496 0.6782 -0.3829 -0.6006 -0.1808 0.7681 0.087 -0.6324 0.0508 0.6265 -0.3719 -0.6847 -0.0209 0.739 -0.0165 -0.6718 -0.0475 0.9308 0.074 0.3066 0.1846 0.639 -0.1201 -0.707 -0.2782 0.834 -0.3102 -0.4545 -0.0416 0.893 0.0092 0.447 0.0514
0.7064 0.1119 -0.6964 -0.0593 0.5054 -0.564 -0.4248 -0.496 0.6782 -0.3829 -0.6006 -0.1808 0.7681 0.087 -0.6324 0.0508 0.6265 -0.3719 -0.6847 -0.0209 0.739 -0.0165 -0.6718 -0.0475 0.9308 0.074 0.3066 0.1846 0.639 -0.1201 -0.707 -0.2782 0.834 -0.3102 -0.4545 -0.0416 0.893 0.0092 0.447 0.0514
0.7064 0.1119 -0.6964 -0.0593 0.5054 -0.564 -0.4248 -0.496 0.6782 -0.3829 -0.6006 -0.1808 0.7681 0.087 -0.6324 0.0508 0.6265 -0.3719 -0.6847 -0.0209 0.739 -0.0165 -0.6718 -0.0475 0.9337 0.0792 0.2927 0.1903 0.639 -0.1201 -0.707 -0.2782 0.834 -0.3102 -0.4545 -0.0416 0.7902 0.0584 0.5961 0.1295
0.7064 0.1119 -0.6964 -0.0593 0.5054 -0.564 -0.4248 -0.496 0.6782 -0.3829 -0.6006 -0.1808 0.7681 0.087 -0.6324 0.0508 0.6265 -0.3719 -0.6847 -0.0209 0.739 -0.0165 -0.6718 -0.0475 0.9337 0.0792 0.2927 0.1903 0.639 -0.1201 -0.707 -0.2782 0.834 -0.3102 -0.4545 -0.0416 0.7902 0.0584 0.5961 0.1295
0.7064 0.1119 -0.6964 -0.0593 0.5054 -0.564 -0.4248 -0.496 0.6782 -0.3829 -0.6006 -0.1808 0.7681 0.087 -0.6324 0.0508 0.6265 -0.3719 -0.6847 -0.0209 0.739 -0.0165 -0.6718 -0.0475 0.9337 0.0792 0.2927 0.1903 0.6277 -0.0786 -0.7006 -0.33 0.834 -0.3102 -0.4545 -0.0416 0.7902 0.0584 0.5961 0.1295
0.7044 0.0956 -0.7004 -0.0641 0.5054 -0.564 -0.4248 -0.496 0.6782 -0.3829 -0.6006 -0.1808 0.7639 0.0699 -0.6415 -0.0026 0.6222 -0.3416 -0.7031 -0.0431 0.739 -0.0165 -0.6718 -0.0475 0.9337 0.0792 0.2927 0.1903 0.6277 -0.0786 -0.7006 -0.33 0.834 -0.3102 -0.4545 -0.0416 0.7902 0.0584 0.5961 0.1295
0.7044 0.0956 -0.7004 -0.0641 0.5054 -0.564 -0.4248 -0.496 0.6782 -0.3829 -0.6006 -0.1808 0.7639 0.0699 -0.6415 -0.0026 0.6222 -0.3416 -0.7031 -0.0431 0.739 -0.0165 -0.6718 -0.0475 0.9337 0.0792 0.2927 0.1903 0.6277 -0.0786 -0.7006 -0.33 0.8326 -0.2729 -0.482 -0.0059 0.7902 0.0584 0.5961 0.1295
0.7044 0.0956 -0.7004 -0.0641 0.5054 -0.564 -0.4248 -0.496 0.6782 -0.3829 -0.6006 -0.1808 0.7639 0.0699 -0.6415 -0.0026 0.6222 -0.3416 -0.7031 -0.0431 0.739 -0.0165 -0.6718 -0.0475 0.9337 0.0792 0.2927 0.1903 0.6277 -0.0786 -0.7006 -0.33 0.8326 -0.2729 -0.482 -0.0059 0.7902 0.0584 0.5961 0.1295
0.7044 0.0956 -0.7004 -0.0641 0.5054 -0.564 -0.4248 -0.496 0.6782 -0.3829 -0.6006 -0.1808 0.7639 0.0699 -0.6415 -0.0026 0.6222 -0.3416 -0.7031 -0.0431 0.739 -0.0165 -0.6718 -0.0475 0.9337 0.0792 0.2927 0.1903 0.6277 -0.0786 -0.7006 -0.33 0.8326 -0.2729 -0.482 -0.0059 0.7902 0.0584 0.5961 0.1295
0.7044 0.0956 -0.7004 -0.0641 0.5054 -0.564 -0.4248 -0.496 0.6782 -0.3829 -0.6006 -0.1808 0.7639 0.0699 -0.6415 -0.0026 0.6222 -0.3416 -0.7031 -0.0431 0.739 -0.0165 -0.6718 -0.0475 0.9337 0.0792 0.2927 0.1903 0.6277 -0.0786 -0.7006 -0.33 0.8326 -0.2729 -0.482 -0.0059 0.7902 0.0584 0.5961 0.1295
0.7044 0.0956 -0.7004 -0.0641 0.4532 -0.616 -0.4192 -0.4893 0.7031 -0.4256 -0.5588 -0.1113 0.7639 0.0699 -0.6415 -0.0026 0.6222 -0.3416 -0.7031 -0.0431 0.7443 0.0731 -0.6638 0.0144 0.9359 0.0729 0.2889 0.1882 0.6174 -0.0509 -0.6974 -0.3602 0.8326 -0.2729 -0.482 -0.0059 0.8353 0.0183 0.5292 0.1481
0.7044 0.0956 -0.7004 -0.0641 0.4532 -0.616 -0.4192 -0.4893 0.7031 -0.4256 -0.5588 -0.1113 0.7639 0.0699 -0.6415 -0.0026 0.6222 -0.3416 -0.7031 -0.0431 0.7443 0.0731 -0.6638 0.0144 0.9359 0.0729 0.2889 0.1882 0.6174 -0.0509 -0.6974 -0.3602 0.8326 -0.2729 -0.482 -0.0059 0.8353 0.0183 0.5292 0.1481
0.7085 0.0956 -0.6964 -0.0624 0.4532 -0.616 -0.4192 -0.4893 0.7031 -0.4256 -0.5588 -0.1113 0.764 0.1049 -0.6365 -0.0128 0.6265 -0.2937 -0.7184 -0.0716 0.7443 0.0731 -0.6638 0.0144 0.9359 0.0729 0.2889 0.1882 0.6174 -0.0509 -0.6974 -0.3602 0.8326 -0.2729 -0.482 -0.0059 0.8353 0.0183 0.5292 0.1481
0.7085 0.0956 -0.6964 -0.0624 0.4532 -0.616 -0.4192 -0.4893 0.7031 -0.4256 -0.5588 -0.1113 0.764 0.1049 -0.6365 -0.0128 0.6265 -0.2937 -0.7184 -0.0716 0.7443 0.0731 -0.6638 0.0144 0.9359 0.0729 0.2889 0.1882 0.6174 -0.0509 -0.6974 -0.3602 0.7669 -0.2568 -0.5809 -0.0917 0.8353 0.0183 0.5292 0.1481
0.7085 0.0956 -0.6964 -0.0624 0.4532 -0.616 -0.4192 -0.4893 0.7031 -0.4256 -0.5588 -0.1113 0.764 0.1049 -0.6365 -0.0128 0.6265 -0.2937 -0.7184 -0.0716 0.7443 0.0731 -0.6638 0.0144 0.9359 0.0729 0.2889 0.1882 0.6174 -0.0509 -0.6974 -0.3602 0.7669 -0.2568 -0.5809 -0.0917 0.8353 0.0183 0.5292 0.1481
0.7085 0.0956 -0.6964 -0.0624 0.4532 -0.616 -0.4192 -0.4893 0.7031 -0.4256 -0.5588 -0.1113 0.764 0.1049 -0.6365 -0.0128 0.6265 -0.2937 -0.7184 -0.0716 0.7443 0.0731 -0.6638 0.0144 0.9359 0.0729 0.2889 0.1882 0.6174 -0.0509 -0.6974 -0.3602 0.7669 -0.2568 -0.5809 -0.0917 0.9206 0.0015 0.3793 0.0928
0.7085 0.0956 -0.6964 -0.0624 0.4532 -0.616 -0.4192 -0.4893 0.7031 -0.4256 -0.5588 -0.1113 0.764 0.1049 -0.6365 -0.0128 0.6265 -0.2937 -0.7184 -0.0716 0.7443 0.0731 -0.6638 0.0144 0.9359 0.0729 0.2889 0.1882 0.6174 -0.0509 -0.6974 -0.3602 0.7669 -0.2568 -0.5809 -0.0917 0.9206 0.0015 0.3793 0.0928
0.7085 0.0956 -0.6964 -0.0624 0.4518 -0.6187 -0.41 -0.4949 0.7081 -0.4111 -0.5638 -0.1078 0.764 0.1049 -0.6365 -0.0128 0.6265 -0.2937 -0.7184 -0.0716 0.7443 0.0731 -0.6638 0.0144 0.9382 0.061 0.2885 0.1813 0.6174 -0.0509 -0.6974 -0.3602 0.7669 -0.2568 -0.5809 -0.0917 0.9206 0.0015 0.3793 0.0928
0.7085 0.0956 -0.6964 -0.0624 0.4518 -0.6187 -0.41 -0.4949 0.7081 -0.4111 -0.5638 -0.1078 0.764 0.1049 -0.6365 -0.0128 0.6265 -0.2937 -0.7184 -0.0716 0.7443 0.0731 -0.6638 0.0144 0.9382 0.061 0.2885 0.1813 0.6213 -0.0377 -0.7181 -0.3112 0.7669 -0.2568 -0.5809 -0.0917 0.9206 0.0015 0.3793 0.0928
0.7103 0.0788 -0.6976 -0.0523 0.4518 -0.6187 -0.41 -0.4949 0.7081 -0.4111 -0.5638 -0.1078 0.7671 0.1363 -0.6268 0.0096 0.6292 -0.2637 -0.7224 -0.1127 0.7443 0.0731 -0.6638 0.0144 0.9382 0.061 0.2885 0.1813 0.6213 -0.0377 -0.7181 -0.3112 0.7669 -0.2568 -0.5809 -0.0917 0.9206 0.0015 0.3793 0.0928
0.7103 0.0788 -0.6976 -0.0523 0.4518 -0.6187 -0.41 -0.4949 0.7081 -0.4111 -0.5638 -0.1078 0.7671 0.1363 -0.6268 0.0096 0.6292 -0.2637 -0.7224 -0.1127 0.7443 0.0731 -0.6638 0.0144 0.9382 0.061 0.2885 0.1813 0.6213 -0.0377 -0.7181 -0.3112 0.689 -0.2019 -0.6635 -0.2104 0.9206 0.0015 0.3793 0.0928
0.7103 0.0788 -0.6976 -0.0523 0.4518 -0.6187 -0.41 -0.4949 0.7081 -0.4111 -0.5638 -0.1078 0.7671 0.1363 -0.6268 0.0096 0.6292 -0.2637 -0.7224 -0.1127 0.7443 0.0731 -0.6638 0.0144 0.9382 0.061 0.2885 0.1813 0.6213 -0.0377 -0.7181 -0.3112 0.689 -0.2019 -0.6635 -0.2104 0.9206 0.0015 0.3793 0.0928
0.7103 0.0788 -0.6976 -0.0523 0.4518 -0.6187 -0.41 -0.4949 0.7081 -0.4111 -0.5638 -0.1078 0.7671 0.1363 -0.6268 0.0096 0.6292 -0.2637 -0.7224 -0.1127 0.7443 0.0731 -0.6638 0.0144 0.9382 0.061 0.2885 0.1813 0.6213 -0.0377 -0.7181 -0.3112 0.689 -0.2019 -0.6635 -0.2104 0.9665 -0.0103 0.2479 0.0662
0.7103 0.0788 -0.6976 -0.0523 0.4518 -0.6187 -0.41 -0.4949 0.7081 -0.4111 -0.5638 -0.1078 0.7671 0.1363 -0.6268 0.0096 0.6292 -0.2637 -0.7224 -0.1127 0.7443 0.0731 -0.6638 0.0144 0.9382 0.061 0.2885 0.1813 0.6213 -0.0377 -0.7181 -0.3112 0.689 -0.2019 -0.6635 -0.2104 0.9665 -0.0103 0.2479 0.0662
0.7103 0.0788 -0.6976 -0.0523 0.4518 -0.6187 -0.41 -0.4949 0.7058 -0.3797 -0.5832 -0.1324 0.7671 0.1363 -0.6268 0.0096 0.6292 -0.2637 -0.7224 -0.1127 0.7422 0.0782 -0.6655 0.0103 0.9381 0.0584 0.2912 0.1782 0.6274 -0.1311 -0.6868 -0.3428 0.689 -0.2019 -0.6635 -0.2104 0.9665 -0.0103 0.2479 0.0662
0.7103 0.0788 -0.6976 -0.0523 0.4518 -0.6187 -0.41 -0.4949 0.7058 -0.3797 -0.5832 -0.1324 0.7671 0.1363 -0.6268 0.0096 0.6292 -0.2637 -0.7224 -0.1127 0.7422 0.0782 -0.6655 0.0103 0.9381 0.0584 0.2912 0.1782 0.6274 -0.1311 -0.6868 -0.3428 0.689 -0.2019 -0.6635 -0.2104 0.9665 -0.0103 0.2479 0.0662
0.7258 0.0441 -0.6852 -0.0433 0.4518 -0.6187 -0.41 -0.4949 0.7058 -0.3797 -0.5832 -0.1324 0.7691 0.1273 -0.6244 0.0489 0.6358 -0.2452 -0.7101 -0.1772 0.7422 0.0782 -0.6655 0.0103 0.9381 0.0584 0.2912 0.1782 0.6274 -0.1311 -0.6868 -0.3428 0.689 -0.2019 -0.6635 -0.2104 0.9665 -0.0103 0.2479 0.0662
0.7258 0.0441 -0.6852 -0.0433 0.4518 -0.6187 -0.41 -0.4949 0.7058 -0.3797 -0.5832 -0.1324 0.7691 0.1273 -0.6244 0.0489 0.6358 -0.2452 -0.7101 -0.1772 0.7422 0.0782 -0.6655 0.0103 0.9381 0.0584 0.2912 0.1782 0.6274 -0.1311 -0.6868 -0.3428 0.6696 -0.1905 -0.6835 -0.2195 0.9665 -0.0103 0.2479 0.0662
0.7258 0.0441 -0.6852 -0.0433 0.4518 -0.6187 -0.41 -0.4949 0.7058 -0.3797 -0.5832 -0.1324 0.7691 0.1273 -0.6244 0.0489 0.6358 -0.2452 -0.7101 -0.1772 0.7422 0.0782 -0.6655 0.0103 0.9381 0.0584 0.2912 0.1782 0.6274 -0.1311 -0.6868 -0.3428 0.6696 -0.1905 -0.6835 -0.2195 0.9665 -0.0103 0.2479 0.0662
0.7258 0.0441 -0.6852 -0.0433 0.4518 -0.6187 -0.41 -0.4949 0.7058 -0.3797 -0.5832 -0.1324 0.7691 0.1273 -0.6244 0.0489 0.6358 -0.2452 -0.7101 -0.1772 0.7422 0.0782 -0.6655 0.0103 0.9381 0.0584 0.2912 0.1782 0.6274 -0.1311 -0.6868 -0.3428 0.6696 -0.1905 -0.6835 -0.2195 0.9678 -0.0264 0.2459 0.0466
0.7258 0.0441 -0.6852 -0.0433 0.4518 -0.6187 -0.41 -0.4949 0.7058 -0.3797 -0.5832 -0.1324 0.7691 0.1273 -0.6244 0.0489 0.6358 -0.2452 -0.7101 -0.1772 0.7422 0.0782 -0.6655 0.0103 0.9381 0.0584 0.2912 0.1782 0.6274 -0.1311 -0.6868 -0.3428 0.6696 -0.1905 -0.6835 -0.2195 0.9678 -0.0264 0.2459 0.0466
0.7258 0.0441 -0.6852 -0.0433 0.4551 -0.5972 -0.3858 -0.536 0.7041 -0.3408 -0.6033 -0.1552 0.7691 0.1273 -0.6244 0.0489 0.6358 -0.2452 -0.7101 -0.1772 0.7422 0.0782 -0.6655 0.0103 0.9349 0.0613 0.3014 0.1772 0.6274 -0.1311 -0.6868 -0.3428 0.6696 -0.1905 -0.6835 -0.2195 0.9678 -0.0264 0.2459 0.0466
0.7258 0.0441 -0.6852 -0.0433 0.4551 -0.5972 -0.3858 -0.536 0.7041 -0.3408 -0.6033 -0.1552 0.7691 0.1273 -0.6244 0.0489 0.6358 -0.2452 -0.7101 -0.1772 0.7422 0.0782 -0.6655 0.0103 0.9349 0.0613 0.3014 0.1772 0.6265 -0.1358 -0.733 -0.2275 0.6696 -0.1905 -0.6835 -0.2195 0.9678 -0.0264 0.2459 0.0466
0.7404 0.0258 -0.6701 -0.0458 0.4551 -0.5972 -0.3858 -0.536 0.7041 -0.3408 -0.6033 -0.1552 0.763 0.1132 -0.6309 0.0836 0.6392 -0.2363 -0.6923 -0.2373 0.7422 0.0782 -0.6655 0.0103 0.9349 0.0613 0.3014 0.1772 0.6265 -0.1358 -0.733 -0.2275 0.6696 -0.1905 -0.6835 -0.2195 0.9678 -0.0264 0.2459 0.0466
0.7404 0.0258 -0.6701 -0.0458 0.4551 -0.5972 -0.3858 -0.536 0.7041 -0.3408 -0.6033 -0.1552 0.763 0.1132 -0.6309 0.0836 0.6392 -0.2363 -0.6923 -0.2373 0.7422 0.0782 -0.6655 0.0103 0.9349 0.0613 0.3014 0.1772 0.6265 -0.1358 -0.733 -0.2275 0.6696 -0.1905 -0.6835 -0.2195 0.9678 -0.0264 0.2459 0.0466
0.7404 0.0258 -0.6701 -0.0458 0.4551 -0.5972 -0.3858 -0.536 0.7041 -0.3408 -0.6033 -0.1552 0.763 0.1132 -0.6309 0.0836 0.6392 -0.2363 -0.6923 -0.2373 0.7422 0.0782 -0.6655 0.0103 0.9349 0.0613 0.3014 0.1772 0.6265 -0.1358 -0.733 -0.2275 0.6693 -0.2247 -0.6792 -0.2007 0.9678 -0.0264 0.2459 0.0466
0.7404 0.0258 -0.6701 -0.0458 0.4551 -0.5972 -0.3858 -0.536 0.7041 -0.3408 -0.6033 -0.1552 0.763 0.1132 -0.6309 0.0836 0.6392 -0.2363 -0.6923 -0.2373 0.7422 0.0782 -0.6655 0.0103 0.9349 0.0613 0.3014 0.1772 0.6265 -0.1358 -0.733 -0.2275 0.6693 -0.2247 -0.6792 -0.2007 0.958 -0.0026 0.2841 0.0389
0.7404 0.0258 -0.6701 -0.0458 0.4551 -0.5972 -0.3858 -0.536 0.7041 -0.3408 -0.6033 -0.1552 0.763 0.1132 -0.6309 0.0836 0.6392 -0.2363 -0.6923 -0.2373 0.7422 0.0782 -0.6655 0.0103 0.9349 0.0613 0.3014 0.1772 0.6265 -0.1358 -0.733 -0.2275 0.6693 -0.2247 -0.6792 -0.2007 0.958 -0.0026 0.2841 0.0389
0.7404 0.0258 -0.6701 -0.0458 0.4624 -0.6063 -0.3585 -0.5386 0.6846 -0.3082 -0.6309 -0.1956 0.763 0.1132 -0.6309 0.0836 0.6392 -0.2363 -0.6923 -0.2373 0.7422 0.0782 -0.6655 0.0103 0.9349 0.0613 0.3014 0.1772 0.6265 -0.1358 -0.733 -0.2275 0.6693 -0.2247 -0.6792 -0.2007 0.958 -0.0026 0.2841 0.0389
0.7404 0.0258 -0.6701 -0.0458 0.4624 -0.6063 -0.3585 -0.5386 0.6846 -0.3082 -0.6309 -0.1956 0.763 0.1132 -0.6309 0.0836 0.6392 -0.2363 -0.6923 -0.2373 0.7422 0.0782 -0.6655 0.0103 0.9349 0.0613 0.3014 0.1772 0.6174 -0.1948 -0.7201 -0.2498 0.6693 -0.2247 -0.6792 -0.2007 0.958 -0.0026 0.2841 0.0389
0.7447 -0.007 -0.6641 -0.0658 0.4624 -0.6063 -0.3585 -0.5386 0.6846 -0.3082 -0.6309 -0.1956 0.7592 0.1223 -0.6309 0.1028 0.653 -0.2834 -0.6813 -0.1707 0.7422 0.0782 -0.6655 0.0103 0.9349 0.0613 0.3014 0.1772 0.6174 -0.1948 -0.7201 -0.2498 0.6693 -0.2247 -0.6792 -0.2007 0.958 -0.0026 0.2841 0.0389
0.7447 -0.007 -0.6641 -0.0658 0.4624 -0.6063 -0.3585 -0.5386 0.6846 -0.3082 -0.6309 -0.1956 0.7592 0.1223 -0.6309 0.1028 0.653 -0.2834 -0.6813 -0.1707 0.7422 0.0782 -0.6655 0.0103 0.9349 0.0613 0.3014 0.1772 0.6174 -0.1948 -0.7201 -0.2498 0.67 -0.2495 -0.6754 -0.1807 0.958 -0.0026 0.2841 0.0389
0.7447 -0.007 -0.6641 -0.0658 0.4624 -0.6063 -0.3585 -0.5386 0.6846 -0.3082 -0.6309 -0.1956 0.7592 0.1223 -0.6309 0.1028 0.653 -0.2834 -0.6813 -0.1707 0.7422 0.0782 -0.6655 0.0103 0.9349 0.0613 0.3014 0.1772 0.6174 -0.1948 -0.7201 -0.2498 0.67 -0.2495 -0.6754 -0.1807 0.958 -0.0026 0.2841 0.0389
0.7447 -0.007 -0.6641 -0.0658 0.4624 -0.6063 -0.3585 -0.5386 0.6846 -0.3082 -0.6309 -0.1956 0.7592 0.1223 -0.6309 0.1028 0.653 -0.2834 -0.6813 -0.1707 0.7422 0.0782 -0.6655 0.0103 0.9349 0.0613 0.3014 0.1772 0.6174 -0.1948 -0.7201 -0.2498 0.67 -0.2495 -0.6754 -0.1807 0.958 -0.0026 0.2841 0.0389
0.7447 -0.007 -0.6641 -0.0658 0.4624 -0.6063 -0.3585 -0.5386 0.6846 -0.3082 -0.6309 -0.1956 0.7592 0.1223 -0.6309 0.1028 0.653 -0.2834 -0.6813 -0.1707 0.7925 0.1745 -0.5579 -0.174 0.8746 0.0281 0.4758 0.0884 0.6174 -0.1948 -0.7201 -0.2498 0.67 -0.2495 -0.6754 -0.1807 0.9566 -0.006 0.2897 0.0313
0.7447 -0.007 -0.6641 -0.0658 0.4624 -0.6063 -0.3585 -0.5386 0.6846 -0.3082 -0.6309 -0.1956 0.7592 0.1223 -0.6309 0.1028 0.653 -0.2834 -0.6813 -0.1707 0.7925 0.1745 -0.5579 -0.174 0.8746 0.0281 0.4758 0.0884 0.6174 -0.1948 -0.7201 -0.2498 0.67 -0.2495 -0.6754 -0.1807 0.9566 -0.006 0.2897 0.0313
0.7447 -0.007 -0.6641 -0.0658 0.4624 -0.6063 -0.3585 -0.5386 0.6846 -0.3082 -0.6309 -0.1956 0.7592 0.1223 -0.6309 0.1028 0.653 -0.2834 -0.6813 -0.1707 0.7925 0.1745 -0.5579 -0.174 0.8746 0.0281 0.4758 0.0884 0.6268 -0.1983 -0.73 -0.1867 0.67 -0.2495 -0.6754 -0.1807 0.9566 -0.006 0.2897 0.0313
0.751 0.0016 -0.6583 -0.0512 0.4624 -0.6063 -0.3585 -0.5386 0.6846 -0.3082 -0.6309 -0.1956 0.7508 0.1486 -0.6386 0.08 0.6365 -0.3875 -0.6509 -0.1453 0.7925 0.1745 -0.5579 -0.174 0.8746 0.0281 0.4758 0.0884 0.6268 -0.1983 -0.73 -0.1867 0.67 -0.2495 -0.6754 -0.1807 0.9566 -0.006 0.2897 0.0313
0.751 0.0016 -0.6583 -0.0512 0.4624 -0.6063 -0.3585 -0.5386 0.6846 -0.3082 -0.6309 -0.1956 0.7508 0.1486 -0.6386 0.08 0.6365 -0.3875 -0.6509 -0.1453 0.7925 0.1745 -0.5579 -0.174 0.8746 0.0281 0.4758 0.0884 0.6268 -0.1983 -0.73 -0.1867 0.6697 -0.2466 -0.6793 -0.1711 0.9566 -0.006 0.2897 0.0313
0.751 0.0016 -0.6583 -0.0512 0.4624 -0.6063 -0.3585 -0.5386 0.6846 -0.3082 -0.6309 -0.1956 0.7508 0.1486 -0.6386 0.08 0.6365 -0.3875 -0.6509 -0.1453 0.7925 0.1745 -0.5579 -0.174 0.8746 0.0281 0.4758 0.0884 0.6268 -0.1983 -0.73 -0.1867 0.6697 -0.2466 -0.6793 -0.1711 0.9566 -0.006 0.2897 0.0313
0.751 0.0016 -0.6583 -0.0512 0.4624 -0.6063 -0.3585 -0.5386 0.6846 -0.3082 -0.6309 -0.1956 0.7508 0.1486 -0.6386 0.08 0.6365 -0.3875 -0.6509 -0.1453 0.7925 0.1745 -0.5579 -0.174 0.8746 0.0281 0.4758 0.0884 0.6268 -0.1983 -0.73 -0.1867 0.6697 -0.2466 -0.6793 -0.1711 0.9574 -0.005 0.2873 0.0286
0.751 0.0016 -0.6583 -0.0512 0.4624 -0.6063 -0.3585 -0.5386 0.6846 -0.3082 -0.6309 -0.1956 0.7508 0.1486 -0.6386 0.08 0.6365 -0.3875 -0.6509 -0.1453 0.7925 0.1745 -0.5579 -0.174 0.8746 0.0281 0.4758 0.0884 0.6268 -0.1983 -0.73 -0.1867 0.6697 -0.2466 -0.6793 -0.1711 0.9574 -0.005 0.2873 0.0286
0.751 0.0016 -0.6583 -0.0512 0.4624 -0.6063 -0.3585 -0.5386 0.6846 -0.3082 -0.6309 -0.1956 0.7508 0.1486 -0.6386 0.08 0.6365 -0.3875 -0.6509 -0.1453 0.7925 0.1745 -0.5579 -0.174 0.8746 0.0281 0.4758 0.0884 0.6268 -0.1983 -0.73 -0.1867 0.6697 -0.2466 -0.6793 -0.1711 0.9574 -0.005 0.2873 0.0286
0.751 0.0016 -0.6583 -0.0512 0.4624 -0.6063 -0.3585 -0.5386 0.6846 -0.3082 -0.6309 -0.1956 0.7508 0.1486 -0.6386 0.08 0.6365 -0.3875 -0.6509 -0.1453 0.7925 0.1745 -0.5579 -0.174 0.8746 0.0281 0.4758 0.0884 0.6268 -0.1983 -0.73 -0.1867 0.6697 -0.2466 -0.6793 -0.1711 0.9574 -0.005 0.2873 0.0286
0.7518 0.0109 -0.6564 -0.0613 0.4624 -0.6063 -0.3585 -0.5386 0.6846 -0.3082 -0.6309 -0.1956 0.7371 0.1752 -0.6519 0.0343 0.6526 -0.3843 -0.6493 -0.0702 0.7925 0.1745 -0.5579 -0.174 0.8746 0.0281 0.4758 0.0884 0.6377 -0.2076 -0.726 -0.1521 0.6697 -0.2466 -0.6793 -0.1711 0.9574 -0.005 0.2873 0.0286
0.7518 0.0109 -0.6564 -0.0613 0.4624 -0.6063 -0.3585 -0.5386 0.6846 -0.3082 -0.6309 -0.1956 0.7371 0.1752 -0.6519 0.0343 0.6526 -0.3843 -0.6493 -0.0702 0.7925 0.1745 -0.5579 -0.174 0.8746 0.0281 0.4758 0.0884 0.6377 -0.2076 -0.726 -0.1521 0.6763 -0.2402 -0.6782 -0.1581 0.9574 -0.005 0.2873 0.0286
0.7518 0.0109 -0.6564 -0.0613 0.4624 -0.6063 -0.3585 -0.5386 0.6846 -0.3082 -0.6309 -0.1956 0.7371 0.1752 -0.6519 0.0343 0.6526 -0.3843 -0.6493 -0.0702 0.7925 0.1745 -0.5579 -0.174 0.8746 0.0281 0.4758 0.0884 0.6377 -0.2076 -0.726 -0.1521 0.6763 -0.2402 -0.6782 -0.1581 0.9574 -0.005 0.2873 0.0286
0.7518 0.0109 -0.6564 -0.0613 0.4624 -0.6063 -0.3585 -0.5386 0.6846 -0.3082 -0.6309 -0.1956 0.7371 0.1752 -0.6519 0.0343 0.6526 -0.3843 -0.6493 -0.0702 0.7925 0.1745 -0.5579 -0.174 0.8746 0.0281 0.4758 0.0884 0.6377 -0.2076 -0.726 -0.1521 0.6763 -0.2402 -0.6782 -0.1581 0.9574 -0.005 0.2873 0.0286
0.7518 0.0109 -0.6564 -0.0613 0.4624 -0.6063 -0.3585 -0.5386 0.6846 -0.3082 -0.6309 -0.1956 0.7371 0.1752 -0.6519 0.0343 0.6526 -0.3843 -0.6493 -0.0702 0.7925 0.1745 -0.5579 -0.174 0.8746 0.0281 0.4758 0.0884 0.6377 -0.2076 -0.726 -0.1521 0.6763 -0.2402 -0.6782 -0.1581 0.9574 -0.005 0.2873 0.0286
0.7518 0.0109 -0.6564 -0.0613 0.4624 -0.6063 -0.3585 -0.5386 0.6545 -0.3326 -0.6238 -0.2681 0.7371 0.1752 -0.6519 0.0343 0.6526 -0.3843 -0.6493 -0.0702 0.749 -0.0059 -0.6624 0.017 0.923 0.1085 0.306 0.2067 0.6515 -0.201 -0.7227 -0.1132 0.6763 -0.2402 -0.6782 -0.1581 0.958 -0.0047 0.2855 0.0278
0.7518 0.0109 -0.6564 -0.0613 0.4624 -0.6063 -0.3585 -0.5386 0.6545 -0.3326 -0.6238 -0.2681 0.7371 0.1752 -0.6519 0.0343 0.6526 -0.3843 -0.6493 -0.0702 0.749 -0.0059 -0.6624 0.017 0.923 0.1085 0.306 0.2067 0.6515 -0.201 -0.7227 -0.1132 0.6763 -0.2402 -0.6782 -0.1581 0.958 -0.0047 0.2855 0.0278
0.7454 0.025 -0.6618 -0.0758 0.4624 -0.6063 -0.3585 -0.5386 0.6545 -0.3326 -0.6238 -0.2681 0.735 0.1819 -0.653 0.0175 0.6526 -0.3669 -0.6618 -0.0387 0.749 -0.0059 -0.6624 0.017 0.923 0.1085 0.306 0.2067 0.6515 -0.201 -0.7227 -0.1132 0.6763 -0.2402 -0.6782 -0.1581 0.958 -0.0047 0.2855 0.0278
0.7454 0.025 -0.6618 -0.0758 0.4624 -0.6063 -0.3585 -0.5386 0.6545 -0.3326 -0.6238 -0.2681 0.735 0.1819 -0.653 0.0175 0.6526 -0.3669 -0.6618 -0.0387 0.749 -0.0059 -0.6624 0.017 0.923 0.1085 0.306 0.2067 0.6515 -0.201 -0.7227 -0.1132 0.6967 -0.2366 -0.663 -0.1382 0.958 -0.0047 0.2855 0.0278
0.7454 0.025 -0.6618 -0.0758 0.4624 -0.6063 -0.3585 -0.5386 0.6545 -0.3326 -0.6238 -0.2681 0.735 0.1819 -0.653 0.0175 0.6526 -0.3669 -0.6618 -0.0387 0.749 -0.0059 -0.6624 0.017 0.923 0.1085 0.306 0.2067 0.6515 -0.201 -0.7227 -0.1132 0.6967 -0.2366 -0.663 -0.1382 0.958 -0.0047 0.2855 0.0278
0.7454 0.025 -0.6618 -0.0758 0.4624 -0.6063 -0.3585 -0.5386 0.6545 -0.3326 -0.6238 -0.2681 0.735 0.1819 -0.653 0.0175 0.6526 -0.3669 -0.6618 -0.0387 0.749 -0.0059 -0.6624 0.017 0.923 0.1085 0.306 0.2067 0.6515 -0.201 -0.7227 -0.1132 0.6967 -0.2366 -0.663 -0.1382 0.958 -0.0047 0.2855 0.0278
0.7454 0.025 -0.6618 -0.0758 0.4624 -0.6063 -0.3585 -0.5386 0.6511 -0.3428 -0.6234 -0.2645 0.735 0.1819 -0.653 0.0175 0.6526 -0.3669 -0.6618 -0.0387 0.749 -0.0059 -0.6624 0.017 0.9238 0.1111 0.2638 0.2542 0.6515 -0.201 -0.7227 -0.1132 0.6967 -0.2366 -0.663 -0.1382 0.9556 -0.0047 0.293 0.0288
0.7454 0.025 -0.6618 -0.0758 0.4624 -0.6063 -0.3585 -0.5386 0.6511 -0.3428 -0.6234 -0.2645 0.735 0.1819 -0.653 0.0175 0.6526 -0.3669 -0.6618 -0.0387 0.749 -0.0059 -0.6624 0.017 0.9238 0.1111 0.2638 0.2542 0.6515 -0.201 -0.7227 -0.1132 0.6967 -0.2366 -0.663 -0.1382 0.9556 -0.0047 0.293 0.0288
0.7454 0.025 -0.6618 -0.0758 0.4624 -0.6063 -0.3585 -0.5386 0.6511 -0.3428 -0.6234 -0.2645 0.735 0.1819 -0.653 0.0175 0.6526 -0.3669 -0.6618 -0.0387 0.749 -0.0059 -0.6624 0.017 0.9238 0.1111 0.2638 0.2542 0.6609 -0.2076 -0.7151 -0.0929 0.6967 -0.2366 -0.663 -0.1382 0.9556 -0.0047 0.293 0.0288
0.7344 0.0437 -0.6713 -0.0898 0.4624 -0.6063 -0.3585 -0.5386 0.6511 -0.3428 -0.6234 -0.2645 0.7406 0.171 -0.6484 0.0433 0.6462 -0.3621 -0.6707 -0.0382 0.749 -0.0059 -0.6624 0.017 0.9238 0.1111 0.2638 0.2542 0.6609 -0.2076 -0.7151 -0.0929 0.6967 -0.2366 -0.663 -0.1382 0.9556 -0.0047 0.293 0.0288
0.7344 0.0437 -0.6713 -0.0898 0.4624 -0.6063 -0.3585 -0.5386 0.6511 -0.3428 -0.6234 -0.2645 0.7406 0.171 -0.6484 0.0433 0.6462 -0.3621 -0.6707 -0.0382 0.749 -0.0059 -0.6624 0.017 0.9238 0.1111 0.2638 0.2542 0.6609 -0.2076 -0.7151 -0.0929 0.6967 -0.2366 -0.663 -0.1382 0.9556 -0.0047 0.293 0.0288
0.7344 0.0437 -0.6713 -0.0898 0.4624 -0.6063 -0.3585 -0.5386 0.6511 -0.3428 -0.6234 -0.2645 0.7406 0.171 -0.6484 0.0433 0.6462 -0.3621 -0.6707 -0.0382 0.749 -0.0059 -0.6624 0.017 0.9238 0.1111 0.2638 0.2542 0.6609 -0.2076 -0.7151 -0.0929 0.728 -0.2489 -0.6268 -0.1233 0.9556 -0.0047 0.293 0.0288
0.7344 0.0437 -0.6713 -0.0898 0.4624 -0.6063 -0.3585 -0.5386 0.6511 -0.3428 -0.6234 -0.2645 0.7406 0.171 -0.6484 0.0433 0.6462 -0.3621 -0.6707 -0.0382 0.749 -0.0059 -0.6624 0.017 0.9238 0.1111 0.2638 0.2542 0.6609 -0.2076 -0.7151 -0.0929 0.728 -0.2489 -0.6268 -0.1233 0.9526 -0.0048 0.3023 0.0336
0.7344 0.0437 -0.6713 -0.0898 0.4282 -0.5964 -0.3835 -0.5603 0.6511 -0.3428 -0.6234 -0.2645 0.7406 0.171 -0.6484 0.0433 0.6462 -0.3621 -0.6707 -0.0382 0.749 -0.0059 -0.6624 0.017 0.9238 0.1111 0.2638 0.2542 0.6609 -0.2076 -0.7151 -0.0929 0.728 -0.2489 -0.6268 -0.1233 0.9526 -0.0048 0.3023 0.0336
0.7344 0.0437 -0.6713 -0.0898 0.4282 -0.5964 -0.3835 -0.5603 0.6511 -0.3428 -0.6234 -0.2645 0.7406 0.171 -0.6484 0.0433 0.6462 -0.3621 -0.6707 -0.0382 0.749 -0.0059 -0.6624 0.017 0.9238 0.1111 0.2638 0.2542 0.6609 -0.2076 -0.7151 -0.0929 0.728 -0.2489 -0.6268 -0.1233 0.9526 -0.0048 0.3023 0.0336
0.7344 0.0437 -0.6713 -0.0898 0.4282 -0.5964 -0.3835 -0.5603 0.6511 -0.3428 -0.6234 -0.2645 0.7406 0.171 -0.6484 0.0433 0.6462 -0.3621 -0.6707 -0.0382 0.749 -0.0059 -0.6624 0.017 0.9238 0.1111 0.2638 0.2542 0.6628 -0.2095 -0.7092 -0.1172 0.728 -0.2489 -0.6268 -0.1233 0.9526 -0.0048 0.3023 0.0336
0.7199 0.0533 -0.683 -0.1112 0.4282 -0.5964 -0.3835 -0.5603 0.6511 -0.3428 -0.6234 -0.2645 0.7543 0.1269 -0.6401 0.0725 0.6284 -0.346 -0.6931 -0.0711 0.749 -0.0059 -0.6624 0.017 0.9238 0.1111 0.2638 0.2542 0.6628 -0.2095 -0.7092 -0.1172 0.728 -0.2489 -0.6268 -0.1233 0.9526 -0.0048 0.3023 0.0336
0.7199 0.0533 -0.683 -0.1112 0.4282 -0.5964 -0.3835 -0.5603 0.6511 -0.3428 -0.6234 -0.2645 0.7543 0.1269 -0.6401 0.0725 0.6284 -0.346 -0.6931 -0.0711 0.749 -0.0059 -0.6624 0.017 0.9238 0.1111 0.2638 0.2542 0.6628 -0.2095 -0.7092 -0.1172 0.8019 -0.2934 -0.5185 -0.0458 0.9526 -0.0048 0.3023 0.0336
0.7199 0.0533 -0.683 -0.1112 0.4282 -0.5964 -0.3835 -0.5603 0.6511 -0.3428 -0.6234 -0.2645 0.7543 0.1269 -0.6401 0.0725 0.6284 -0.346 -0.6931 -0.0711 0.749 -0.0059 -0.6624 0.017 0.9238 0.1111 0.2638 0.2542 0.6628 -0.2095 -0.7092 -0.1172 0.8019 -0.2934 -0.5185 -0.0458 0.9526 -0.0048 0.3023 0.0336
0.7199 0.0533 -0.683 -0.1112 0.4282 -0.5964 -0.3835 -0.5603 0.6511 -0.3428 -0.6234 -0.2645 0.7543 0.1269 -0.6401 0.0725 0.6284 -0.346 -0.6931 -0.0711 0.749 -0.0059 -0.6624 0.017 0.9238 0.1111 0.2638 0.2542 0.6628 -0.2095 -0.7092 -0.1172 0.8019 -0.2934 -0.5185 -0.0458 0.9526 -0.0048 0.3023 0.0336
0.7199 0.0533 -0.683 -0.1112 0.4282 -0.5964 -0.3835 -0.5603 0.6831 -0.3647 -0.6113 -0.1633 0.7543 0.1269 -0.6401 0.0725 0.6284 -0.346 -0.6931 -0.0711 0.7176 0.0181 -0.6935 0.0619 0.9265 0.0759 0.3052 0.2065 0.6628 -0.2095 -0.7092 -0.1172 0.8019 -0.2934 -0.5185 -0.0458 0.8824 -0.0549 0.4651 0.0428
0.7199 0.0533 -0.683 -0.1112 0.4282 -0.5964 -0.3835 -0.5603 0.6831 -0.3647 -0.6113 -0.1633 0.7543 0.1269 -0.6401 0.0725 0.6284 -0.346 -0.6931 -0.0711 0.7176 0.0181 -0.6935 0.0619 0.9265 0.0759 0.3052 0.2065 0.6707 -0.0872 -0.7028 -0.2206 0.8019 -0.2934 -0.5185 -0.0458 0.8824 -0.0549 0.4651 0.0428
0.7199 0.0533 -0.683 -0.1112 0.4282 -0.5964 -0.3835 -0.5603 0.6831 -0.3647 -0.6113 -0.1633 0.7543 0.1269 -0.6401 0.0725 0.6284 -0.346 -0.6931 -0.0711 0.7176 0.0181 -0.6935 0.0619 0.9265 0.0759 0.3052 0.2065 0.6707 -0.0872 -0.7028 -0.2206 0.8019 -0.2934 -0.5185 -0.0458 0.8824 -0.0549 0.4651 0.0428
0.7095 0.0938 -0.6886 -0.1172 0.4282 -0.5964 -0.3835 -0.5603 0.6831 -0.3647 -0.6113 -0.1633 0.7572 0.0815 -0.6439 0.0732 0.6357 -0.3079 -0.7065 -0.0435 0.7176 0.0181 -0.6935 0.0619 0.9265 0.0759 0.3052 0.2065 0.6707 -0.0872 -0.7028 -0.2206 0.8019 -0.2934 -0.5185 -0.0458 0.8824 -0.0549 0.4651 0.0428
0.7095 0.0938 -0.6886 -0.1172 0.4282 -0.5964 -0.3835 -0.5603 0.6831 -0.3647 -0.6113 -0.1633 0.7572 0.0815 -0.6439 0.0732 0.6357 -0.3079 -0.7065 -0.0435 0.7176 0.0181 -0.6935 0.0619 0.9265 0.0759 0.3052 0.2065 0.6707 -0.0872 -0.7028 -0.2206 0.8019 -0.2934 -0.5185 -0.0458 0.8824 -0.0549 0.4651 0.0428
0.7095 0.0938 -0.6886 -0.1172 0.4282 -0.5964 -0.3835 -0.5603 0.6831 -0.3647 -0.6113 -0.1633 0.7572 0.0815 -0.6439 0.0732 0.6357 -0.3079 -0.7065 -0.0435 0.7176 0.0181 -0.6935 0.0619 0.9265 0.0759 0.3052 0.2065 0.6707 -0.0872 -0.7028 -0.2206 0.8346 -0.322 -0.4467 0.0129 0.8824 -0.0549 0.4651 0.0428
0.7095 0.0938 -0.6886 -0.1172 0.4282 -0.5964 -0.3835 -0.5603 0.6831 -0.3647 -0.6113 -0.1633 0.7572 0.0815 -0.6439 0.0732 0.6357 -0.3079 -0.7065 -0.0435 0.7176 0.0181 -0.6935 0.0619 0.9265 0.0759 0.3052 0.2065 0.6707 -0.0872 -0.7028 -0.2206 0.8346 -0.322 -0.4467 0.0129 0.8824 -0.0549 0.4651 0.0428
0.7095 0.0938 -0.6886 -0.1172 0.4774 -0.5527 -0.4402 -0.5223 0.6831 -0.3647 -0.6113 -0.1633 0.7572 0.0815 -0.6439 0.0732 0.6357 -0.3079 -0.7065 -0.0435 0.7176 0.0181 -0.6935 0.0619 0.9265 0.0759 0.3052 0.2065 0.6707 -0.0872 -0.7028 -0.2206 0.8346 -0.322 -0.4467 0.0129 0.8824 -0.0549 0.4651 0.0428
0.7095 0.0938 -0.6886 -0.1172 0.4774 -0.5527 -0.4402 -0.5223 0.6831 -0.3647 -0.6113 -0.1633 0.7572 0.0815 -0.6439 0.0732 0.6357 -0.3079 -0.7065 -0.0435 0.7176 0.0181 -0.6935 0.0619 0.9265 0.0759 0.3052 0.2065 0.6707 -0.0872 -0.7028 -0.2206 0.8346 -0.322 -0.4467 0.0129 0.8824 -0.0549 0.4651 0.0428
0.7095 0.0938 -0.6886 -0.1172 0.4774 -0.5527 -0.4402 -0.5223 0.6831 -0.3647 -0.6113 -0.1633 0.7572 0.0815 -0.6439 0.0732 0.6357 -0.3079 -0.7065 -0.0435 0.7176 0.0181 -0.6935 0.0619 0.9265 0.0759 0.3052 0.2065 0.6517 -0.0187 -0.7179 -0.244 0.8346 -0.322 -0.4467 0.0129 0.8824 -0.0549 0.4651 0.0428
0.7095 0.0938 -0.6886 -0.1172 0.4774 -0.5527 -0.4402 -0.5223 0.6831 -0.3647 -0.6113 -0.1633 0.7572 0.0815 -0.6439 0.0732 0.6357 -0.3079 -0.7065 -0.0435 0.7176 0.0181 -0.6935 0.0619 0.9265 0.0759 0.3052 0.2065 0.6517 -0.0187 -0.7179 -0.244 0.8346 -0.322 -0.4467 0.0129 0.8824 -0.0549 0.4651 0.0428
0.7095 0.0938 -0.6886 -0.1172 0.4774 -0.5527 -0.4402 -0.5223 0.6831 -0.3647 -0.6113 -0.1633 0.7572 0.0815 -0.6439 0.0732 0.6232 -0.3001 -0.7189 -0.0682 0.7176 0.0181 -0.6935 0.0619 0.9265 0.0759 0.3052 0.2065 0.6517 -0.0187 -0.7179 -0.244 0.8346 -0.322 -0.4467 0.0129 0.8824 -0.0549 0.4651 0.0428
0.7095 0.0938 -0.6886 -0.1172 0.4774 -0.5527 -0.4402 -0.5223 0.6831 -0.3647 -0.6113 -0.1633 0.7572 0.0815 -0.6439 0.0732 0.6232 -0.3001 -0.7189 -0.0682 0.7176 0.0181 -0.6935 0.0619 0.9265 0.0759 0.3052 0.2065 0.6517 -0.0187 -0.7179 -0.244 0.8087 -0.2812 -0.516 -0.0275 0.8824 -0.0549 0.4651 0.0428
0.7095 0.0938 -0.6886 -0.1172 0.4774 -0.5527 -0.4402 -0.5223 0.6831 -0.3647 -0.6113 -0.1633 0.7572 0.0815 -0.6439 0.0732 0.6232 -0.3001 -0.7189 -0.0682 0.7176 0.0181 -0.6935 0.0619 0.9265 0.0759 0.3052 0.2065 0.6517 -0.0187 -0.7179 -0.244 0.8087 -0.2812 -0.516 -0.0275 0.8824 -0.0549 0.4651 0.0428
0.7095 0.0938 -0.6886 -0.1172 0.4774 -0.5527 -0.4402 -0.5223 0.6976 -0.4226 -0.564 -0.129 0.7572 0.0815 -0.6439 0.0732 0.6232 -0.3001 -0.7189 -0.0682 0.7176 0.0181 -0.6935 0.0619 0.9265 0.0759 0.3052 0.2065 0.6517 -0.0187 -0.7179 -0.244 0.8087 -0.2812 -0.516 -0.0275 0.8824 -0.0549 0.4651 0.0428
0.7095 0.0938 -0.6886 -0.1172 0.4774 -0.5527 -0.4402 -0.5223 0.6976 -0.4226 -0.564 -0.129 0.7572 0.0815 -0.6439 0.0732 0.6232 -0.3001 -0.7189 -0.0682 0.7176 0.0181 -0.6935 0.0619 0.9265 0.0759 0.3052 0.2065 0.6517 -0.0187 -0.7179 -0.244 0.8087 -0.2812 -0.516 -0.0275 0.8824 -0.0549 0.4651 0.0428
0.7095 0.0938 -0.6886 -0.1172 0.4774 -0.5527 -0.4402 -0.5223 0.6976 -0.4226 -0.564 -0.129 0.7572 0.0815 -0.6439 0.0732 0.6232 -0.3001 -0.7189 -0.0682 0.7176 0.0181 -0.6935 0.0619 0.9265 0.0759 0.3052 0.2065 0.6282 -0.0677 -0.6837 -0.365 0.8087 -0.2812 -0.516 -0.0275 0.8824 -0.0549 0.4651 0.0428
0.6908 0.0958 -0.6997 -0.1549 0.4774 -0.5527 -0.4402 -0.5223 0.6976 -0.4226 -0.564 -0.129 0.7629 0.0582 -0.6437 0.0164 0.6204 -0.285 -0.725 -0.0911 0.7176 0.0181 -0.6935 0.0619 0.9265 0.0759 0.3052 0.2065 0.6282 -0.0677 -0.6837 -0.365 0.8087 -0.2812 -0.516 -0.0275 0.8824 -0.0549 0.4651 0.0428
0.6908 0.0958 -0.6997 -0.1549 0.4774 -0.5527 -0.4402 -0.5223 0.6976 -0.4226 -0.564 -0.129 0.7629 0.0582 -0.6437 0.0164 0.6204 -0.285 -0.725 -0.0911 0.7176 0.0181 -0.6935 0.0619 0.9265 0.0759 0.3052 0.2065 0.6282 -0.0677 -0.6837 -0.365 0.8087 -0.2812 -0.516 -0.0275 0.8824 -0.0549 0.4651 0.0428
0.6908 0.0958 -0.6997 -0.1549 0.4774 -0.5527 -0.4402 -0.5223 0.6976 -0.4226 -0.564 -0.129 0.7629 0.0582 -0.6437 0.0164 0.6204 -0.285 -0.725 -0.0911 0.7176 0.0181 -0.6935 0.0619 0.9265 0.0759 0.3052 0.2065 0.6282 -0.0677 -0.6837 -0.365 0.7451 -0.2491 -0.6041 -0.134 0.8824 -0.0549 0.4651 0.0428
0.6908 0.0958 -0.6997 -0.1549 0.4774 -0.5527 -0.4402 -0.5223 0.6976 -0.4226 -0.564 -0.129 0.7629 0.0582 -0.6437 0.0164 0.6204 -0.285 -0.725 -0.0911 0.7176 0.0181 -0.6935 0.0619 0.9265 0.0759 0.3052 0.2065 0.6282 -0.0677 -0.6837 -0.365 0.7451 -0.2491 -0.6041 -0.134 0.8824 -0.0549 0.4651 0.0428
0.6908 0.0958 -0.6997 -0.1549 0.4774 -0.5527 -0.4402 -0.5223 0.7034 -0.42 -0.5573 -0.1348 0.7629 0.0582 -0.6437 0.0164 0.6204 -0.285 -0.725 -0.0911 0.7176 0.0181 -0.6935 0.0619 0.928 0.0636 0.3046 0.2048 0.6282 -0.0677 -0.6837 -0.365 0.7451 -0.2491 -0.6041 -0.134 0.9334 -0.0134 0.3521 0.0678
0.6908 0.0958 -0.6997 -0.1549 0.4774 -0.5527 -0.4402 -0.5223 0.7034 -0.42 -0.5573 -0.1348 0.7629 0.0582 -0.6437 0.0164 0.6204 -0.285 -0.725 -0.0911 0.7176 0.0181 -0.6935 0.0619 0.928 0.0636 0.3046 0.2048 0.6282 -0.0677 -0.6837 -0.365 0.7451 -0.2491 -0.6041 -0.134 0.9334 -0.0134 0.3521 0.0678
0.6908 0.0958 -0.6997 -0.1549 0.4774 -0.5527 -0.4402 -0.5223 0.7034 -0.42 -0.5573 -0.1348 0.7629 0.0582 -0.6437 0.0164 0.6204 -0.285 -0.725 -0.0911 0.7176 0.0181 -0.6935 0.0619 0.928 0.0636 0.3046 0.2048 0.6221 -0.0311 -0.7205 -0.3051 0.7451 -0.2491 -0.6041 -0.134 0.9334 -0.0134 0.3521 0.0678
0.6908 0.0958 -0.6997 -0.1549 0.4774 -0.5527 -0.4402 -0.5223 0.7034 -0.42 -0.5573 -0.1348 0.7629 0.0582 -0.6437 0.0164 0.6204 -0.285 -0.725 -0.0911 0.7176 0.0181 -0.6935 0.0619 0.928 0.0636 0.3046 0.2048 0.6221 -0.0311 -0.7205 -0.3051 0.7451 -0.2491 -0.6041 -0.134 0.9334 -0.0134 0.3521 0.0678
0.6908 0.0958 -0.6997 -0.1549 0.4774 -0.5527 -0.4402 -0.5223 0.7034 -0.42 -0.5573 -0.1348 0.7629 0.0582 -0.6437 0.0164 0.6164 -0.2749 -0.7288 -0.1159 0.7176 0.0181 -0.6935 0.0619 0.928 0.0636 0.3046 0.2048 0.6221 -0.0311 -0.7205 -0.3051 0.7451 -0.2491 -0.6041 -0.134 0.9334 -0.0134 0.3521 0.0678
0.6908 0.0958 -0.6997 -0.1549 0.4774 -0.5527 -0.4402 -0.5223 0.7034 -0.42 -0.5573 -0.1348 0.7629 0.0582 -0.6437 0.0164 0.6164 -0.2749 -0.7288 -0.1159 0.7176 0.0181 -0.6935 0.0619 0.928 0.0636 0.3046 0.2048 0.6221 -0.0311 -0.7205 -0.3051 0.6825 -0.1876 -0.6741 -0.2114 0.9334 -0.0134 0.3521 0.0678
0.6908 0.0958 -0.6997 -0.1549 0.4774 -0.5527 -0.4402 -0.5223 0.7034 -0.42 -0.5573 -0.1348 0.7629 0.0582 -0.6437 0.0164 0.6164 -0.2749 -0.7288 -0.1159 0.7176 0.0181 -0.6935 0.0619 0.928 0.0636 0.3046 0.2048 0.6221 -0.0311 -0.7205 -0.3051 0.6825 -0.1876 -0.6741 -0.2114 0.9334 -0.0134 0.3521 0.0678
0.6908 0.0958 -0.6997 -0.1549 0.4774 -0.5527 -0.4402 -0.5223 0.7007 -0.4009 -0.5704 -0.1513 0.7629 0.0582 -0.6437 0.0164 0.6164 -0.2749 -0.7288 -0.1159 0.7176 0.0181 -0.6935 0.0619 0.928 0.0636 0.3046 0.2048 0.6221 -0.0311 -0.7205 -0.3051 0.6825 -0.1876 -0.6741 -0.2114 0.9656 -0.0015 0.2543 0.0538
0.6908 0.0958 -0.6997 -0.1549 0.4774 -0.5527 -0.4402 -0.5223 0.7007 -0.4009 -0.5704 -0.1513 0.7629 0.0582 -0.6437 0.0164 0.6164 -0.2749 -0.7288 -0.1159 0.7176 0.0181 -0.6935 0.0619 0.928 0.0636 0.3046 0.2048 0.6221 -0.0311 -0.7205 -0.3051 0.6825 -0.1876 -0.6741 -0.2114 0.9656 -0.0015 0.2543 0.0538
0.6908 0.0958 -0.6997 -0.1549 0.4774 -0.5527 -0.4402 -0.5223 0.7007 -0.4009 -0.5704 -0.1513 0.7629 0.0582 -0.6437 0.0164 0.6164 -0.2749 -0.7288 -0.1159 0.7176 0.0181 -0.6935 0.0619 0.928 0.0636 0.3046 0.2048 0.6221 -0.0311 -0.7205 -0.3051 0.6825 -0.1876 -0.6741 -0.2114 0.9656 -0.0015 0.2543 0.0538
0.7064 0.0486 -0.6915 -0.1436 0.4774 -0.5527 -0.4402 -0.5223 0.7007 -0.4009 -0.5704 -0.1513 0.7629 0.1095 -0.6371 0.0106 0.6239 -0.246 -0.7278 -0.1432 0.7176 0.0181 -0.6935 0.0619 0.928 0.0636 0.3046 0.2048 0.6205 -0.0939 -0.6967 -0.3475 0.6825 -0.1876 -0.6741 -0.2114 0.9656 -0.0015 0.2543 0.0538
0.7064 0.0486 -0.6915 -0.1436 0.4774 -0.5527 -0.4402 -0.5223 0.7007 -0.4009 -0.5704 -0.1513 0.7629 0.1095 -0.6371 0.0106 0.6239 -0.246 -0.7278 -0.1432 0.7176 0.0181 -0.6935 0.0619 0.928 0.0636 0.3046 0.2048 0.6205 -0.0939 -0.6967 -0.3475 0.6825 -0.1876 -0.6741 -0.2114 0.9656 -0.0015 0.2543 0.0538
0.7064 0.0486 -0.6915 -0.1436 0.4774 -0.5527 -0.4402 -0.5223 0.7007 -0.4009 -0.5704 -0.1513 0.7629 0.1095 -0.6371 0.0106 0.6239 -0.246 -0.7278 -0.1432 0.7176 0.0181 -0.6935 0.0619 0.928 0.0636 0.3046 0.2048 0.6205 -0.0939 -0.6967 -0.3475 0.6537 -0.1778 -0.6981 -0.2317 0.9656 -0.0015 0.2543 0.0538
0.7064 0.0486 -0.6915 -0.1436 0.4774 -0.5527 -0.4402 -0.5223 0.7007 -0.4009 -0.5704 -0.1513 0.7629 0.1095 -0.6371 0.0106 0.6239 -0.246 -0.7278 -0.1432 0.7176 0.0181 -0.6935 0.0619 0.928 0.0636 0.3046 0.2048 0.6205 -0.0939 -0.6967 -0.3475 0.6537 -0.1778 -0.6981 -0.2317 0.9656 -0.0015 0.2543 0.0538
0.7064 0.0486 -0.6915 -0.1436 0.4774 -0.5527 -0.4402 -0.5223 0.698 -0.3683 -0.5903 -0.1693 0.7629 0.1095 -0.6371 0.0106 0.6239 -0.246 -0.7278 -0.1432 0.7176 0.0181 -0.6935 0.0619 0.9282 0.0579 0.309 0.1992 0.6205 -0.0939 -0.6967 -0.3475 0.6537 -0.1778 -0.6981 -0.2317 0.9707 -0.0197 0.2345 0.0491
0.7064 0.0486 -0.6915 -0.1436 0.4774 -0.5527 -0.4402 -0.5223 0.698 -0.3683 -0.5903 -0.1693 0.7629 0.1095 -0.6371 0.0106 0.6239 -0.246 -0.7278 -0.1432 0.7176 0.0181 -0.6935 0.0619 0.9282 0.0579 0.309 0.1992 0.6204 -0.1107 -0.7181 -0.2953 0.6537 -0.1778 -0.6981 -0.2317 0.9707 -0.0197 0.2345 0.0491
0.7064 0.0486 -0.6915 -0.1436 0.4774 -0.5527 -0.4402 -0.5223 0.698 -0.3683 -0.5903 -0.1693 0.7629 0.1095 -0.6371 0.0106 0.6239 -0.246 -0.7278 -0.1432 0.7176 0.0181 -0.6935 0.0619 0.9282 0.0579 0.309 0.1992 0.6204 -0.1107 -0.7181 -0.2953 0.6537 -0.1778 -0.6981 -0.2317 0.9707 -0.0197 0.2345 0.0491
0.7064 0.0486 -0.6915 -0.1436 0.4774 -0.5527 -0.4402 -0.5223 0.698 -0.3683 -0.5903 -0.1693 0.7629 0.1095 -0.6371 0.0106 0.6187 -0.248 -0.7107 -0.2252 0.7176 0.0181 -0.6935 0.0619 0.9282 0.0579 0.309 0.1992 0.6204 -0.1107 -0.7181 -0.2953 0.6537 -0.1778 -0.6981 -0.2317 0.9707 -0.0197 0.2345 0.0491
0.7064 0.0486 -0.6915 -0.1436 0.4774 -0.5527 -0.4402 -0.5223 0.698 -0.3683 -0.5903 -0.1693 0.7629 0.1095 -0.6371 0.0106 0.6187 -0.248 -0.7107 -0.2252 0.7176 0.0181 -0.6935 0.0619 0.9282 0.0579 0.309 0.1992 0.6204 -0.1107 -0.7181 -0.2953 0.6537 -0.1778 -0.6981 -0.2317 0.9707 -0.0197 0.2345 0.0491
0.7064 0.0486 -0.6915 -0.1436 0.4774 -0.5527 -0.4402 -0.5223 0.698 -0.3683 -0.5903 -0.1693 0.7629 0.1095 -0.6371 0.0106 0.6187 -0.248 -0.7107 -0.2252 0.7176 0.0181 -0.6935 0.0619 0.9282 0.0579 0.309 0.1992 0.6204 -0.1107 -0.7181 -0.2953 0.6617 -0.1979 -0.6915 -0.2114 0.9707 -0.0197 0.2345 0.0491
0.7064 0.0486 -0.6915 -0.1436 0.4774 -0.5527 -0.4402 -0.5223 0.698 -0.3683 -0.5903 -0.1693 0.7629 0.1095 -0.6371 0.0106 0.6187 -0.248 -0.7107 -0.2252 0.7176 0.0181 -0.6935 0.0619 0.9282 0.0579 0.309 0.1992 0.6204 -0.1107 -0.7181 -0.2953 0.6617 -0.1979 -0.6915 -0.2114 0.9707 -0.0197 0.2345 0.0491
0.7064 0.0486 -0.6915 -0.1436 0.4774 -0.5527 -0.4402 -0.5223 0.698 -0.3683 -0.5903 -0.1693 0.7629 0.1095 -0.6371 0.0106 0.6187 -0.248 -0.7107 -0.2252 0.7176 0.0181 -0.6935 0.0619 0.9282 0.0579 0.309 0.1992 0.6204 -0.1107 -0.7181 -0.2953 0.6617 -0.1979 -0.6915 -0.2114 0.9707 -0.0197 0.2345 0.0491
0.7064 0.0486 -0.6915 -0.1436 0.4774 -0.5527 -0.4402 -0.5223 0.698 -0.3683 -0.5903 -0.1693 0.7629 0.1095 -0.6371 0.0106 0.6187 -0.248 -0.7107 -0.2252 0.7176 0.0181 -0.6935 0.0619 0.9282 0.0579 0.309 0.1992 0.609 -0.1874 -0.7099 -0.3 0.6617 -0.1979 -0.6915 -0.2114 0.9707 -0.0197 0.2345 0.0491
0.7064 0.0486 -0.6915 -0.1436 0.4774 -0.5527 -0.4402 -0.5223 0.698 -0.3683 -0.5903 -0.1693 0.7629 0.1095 -0.6371 0.0106 0.6187 -0.248 -0.7107 -0.2252 0.7176 0.0181 -0.6935 0.0619 0.9282 0.0579 0.309 0.1992 0.609 -0.1874 -0.7099 -0.3 0.6617 -0.1979 -0.6915 -0.2114 0.9707 -0.0197 0.2345 0.0491
0.7279 -0.0331 -0.6716 -0.1343 0.4774 -0.5527 -0.4402 -0.5223 0.698 -0.3683 -0.5903 -0.1693 0.7618 0.1149 -0.635 0.056 0.6292 -0.2533 -0.7062 -0.2032 0.7176 0.0181 -0.6935 0.0619 0.9282 0.0579 0.309 0.1992 0.609 -0.1874 -0.7099 -0.3 0.6617 -0.1979 -0.6915 -0.2114 0.9707 -0.0197 0.2345 0.0491
0.7279 -0.0331 -0.6716 -0.1343 0.4774 -0.5527 -0.4402 -0.5223 0.698 -0.3683 -0.5903 -0.1693 0.7618 0.1149 -0.635 0.056 0.6292 -0.2533 -0.7062 -0.2032 0.7176 0.0181 -0.6935 0.0619 0.9282 0.0579 0.309 0.1992 0.609 -0.1874 -0.7099 -0.3 0.6617 -0.1979 -0.6915 -0.2114 0.9707 -0.0197 0.2345 0.0491
0.7279 -0.0331 -0.6716 -0.1343 0.4774 -0.5527 -0.4402 -0.5223 0.698 -0.3683 -0.5903 -0.1693 0.7618 0.1149 -0.635 0.056 0.6292 -0.2533 -0.7062 -0.2032 0.7176 0.0181 -0.6935 0.0619 0.9282 0.0579 0.309 0.1992 0.609 -0.1874 -0.7099 -0.3 0.6688 -0.2479 -0.6716 -0.2009 0.9707 -0.0197 0.2345 0.0491
0.7279 -0.0331 -0.6716 -0.1343 0.4774 -0.5527 -0.4402 -0.5223 0.698 -0.3683 -0.5903 -0.1693 0.7618 0.1149 -0.635 0.056 0.6292 -0.2533 -0.7062 -0.2032 0.7176 0.0181 -0.6935 0.0619 0.9282 0.0579 0.309 0.1992 0.609 -0.1874 -0.7099 -0.3 0.6688 -0.2479 -0.6716 -0.2009 0.9589 0.0014 0.2819 0.0334
0.7279 -0.0331 -0.6716 -0.1343 0.4774 -0.5527 -0.4402 -0.5223 0.698 -0.3683 -0.5903 -0.1693 0.7618 0.1149 -0.635 0.056 0.6292 -0.2533 -0.7062 -0.2032 0.7176 0.0181 -0.6935 0.0619 0.9282 0.0579 0.309 0.1992 0.609 -0.1874 -0.7099 -0.3 0.6688 -0.2479 -0.6716 -0.2009 0.9589 0.0014 0.2819 0.0334
0.7279 -0.0331 -0.6716 -0.1343 0.4774 -0.5527 -0.4402 -0.5223 0.698 -0.3683 -0.5903 -0.1693 0.7618 0.1149 -0.635 0.056 0.6292 -0.2533 -0.7062 -0.2032 0.7176 0.0181 -0.6935 0.0619 0.9282 0.0579 0.309 0.1992 0.609 -0.1874 -0.7099 -0.3 0.6688 -0.2479 -0.6716 -0.2009 0.9589 0.0014 0.2819 0.0334
0.7279 -0.0331 -0.6716 -0.1343 0.4774 -0.5527 -0.4402 -0.5223 0.698 -0.3683 -0.5903 -0.1693 0.7618 0.1149 -0.635 0.056 0.6292 -0.2533 -0.7062 -0.2032 0.7176 0.0181 -0.6935 0.0619 0.9282 0.0579 0.309 0.1992 0.609 -0.1874 -0.7099 -0.3 0.6688 -0.2479 -0.6716 -0.2009 0.9589 0.0014 0.2819 0.0334
0.7336 -0.0405 -0.6704 -0.1038 0.4774 -0.5527 -0.4402 -0.5223 0.698 -0.3683 -0.5903 -0.1693 0.7625 0.1367 -0.6292 0.064 0.622 -0.3594 -0.6779 -0.156 0.7176 0.0181 -0.6935 0.0619 0.9282 0.0579 0.309 0.1992 0.6145 -0.2124 -0.7245 -0.2287 0.6688 -0.2479 -0.6716 -0.2009 0.9589 0.0014 0.2819 0.0334
0.7336 -0.0405 -0.6704 -0.1038 0.4774 -0.5527 -0.4402 -0.5223 0.698 -0.3683 -0.5903 -0.1693 0.7625 0.1367 -0.6292 0.064 0.622 -0.3594 -0.6779 -0.156 0.7176 0.0181 -0.6935 0.0619 0.9282 0.0579 0.309 0.1992 0.6145 -0.2124 -0.7245 -0.2287 0.6672 -0.2617 -0.6716 -0.188 0.9589 0.0014 0.2819 0.0334
0.7336 -0.0405 -0.6704 -0.1038 0.4774 -0.5527 -0.4402 -0.5223 0.698 -0.3683 -0.5903 -0.1693 0.7625 0.1367 -0.6292 0.064 0.622 -0.3594 -0.6779 -0.156 0.7176 0.0181 -0.6935 0.0619 0.9282 0.0579 0.309 0.1992 0.6145 -0.2124 -0.7245 -0.2287 0.6672 -0.2617 -0.6716 -0.188 0.9589 0.0014 0.2819 0.0334
0.7336 -0.0405 -0.6704 -0.1038 0.4774 -0.5527 -0.4402 -0.5223 0.698 -0.3683 -0.5903 -0.1693 0.7625 0.1367 -0.6292 0.064 0.622 -0.3594 -0.6779 -0.156 0.7176 0.0181 -0.6935 0.0619 0.9282 0.0579 0.309 0.1992 0.6145 -0.2124 -0.7245 -0.2287 0.6672 -0.2617 -0.6716 -0.188 0.9589 0.0014 0.2819 0.0334
0.7336 -0.0405 -0.6704 -0.1038 0.4774 -0.5527 -0.4402 -0.5223 0.6714 -0.3025 -0.6313 -0.243 0.7625 0.1367 -0.6292 0.064 0.622 -0.3594 -0.6779 -0.156 0.7176 0.0181 -0.6935 0.0619 0.9282 0.0579 0.309 0.1992 0.6145 -0.2124 -0.7245 -0.2287 0.6672 -0.2617 -0.6716 -0.188 0.9584 0.0031 0.2832 0.0344
0.7336 -0.0405 -0.6704 -0.1038 0.4774 -0.5527 -0.4402 -0.5223 0.6714 -0.3025 -0.6313 -0.243 0.7625 0.1367 -0.6292 0.064 0.622 -0.3594 -0.6779 -0.156 0.7176 0.0181 -0.6935 0.0619 0.9282 0.0579 0.309 0.1992 0.6145 -0.2124 -0.7245 -0.2287 0.6672 -0.2617 -0.6716 -0.188 0.9584 0.0031 0.2832 0.0344
0.7336 -0.0405 -0.6704 -0.1038 0.4774 -0.5527 -0.4402 -0.5223 0.6714 -0.3025 -0.6313 -0.243 0.7625 0.1367 -0.6292 0.064 0.622 -0.3594 -0.6779 -0.156 0.7176 0.0181 -0.6935 0.0619 0.9282 0.0579 0.309 0.1992 0.6145 -0.2124 -0.7245 -0.2287 0.6672 -0.2617 -0.6716 -0.188 0.9584 0.0031 0.2832 0.0344
0.7396 -0.0244 -0.6679 -0.0799 0.4774 -0.5527 -0.4402 -0.5223 0.6714 -0.3025 -0.6313 -0.243 0.7562 0.167 -0.6301 0.0571 0.6222 -0.4214 -0.6543 -0.0846 0.7176 0.0181 -0.6935 0.0619 0.9282 0.0579 0.309 0.1992 0.6207 -0.2292 -0.7253 -0.1902 0.6672 -0.2617 -0.6716 -0.188 0.9584 0.0031 0.2832 0.0344
0.7396 -0.0244 -0.6679 -0.0799 0.4774 -0.5527 -0.4402 -0.5223 0.6714 -0.3025 -0.6313 -0.243 0.7562 0.167 -0.6301 0.0571 0.6222 -0.4214 -0.6543 -0.0846 0.7176 0.0181 -0.6935 0.0619 0.9282 0.0579 0.309 0.1992 0.6207 -0.2292 -0.7253 -0.1902 0.6672 -0.2617 -0.6716 -0.188 0.9584 0.0031 0.2832 0.0344
0.7396 -0.0244 -0.6679 -0.0799 0.4774 -0.5527 -0.4402 -0.5223 0.6714 -0.3025 -0.6313 -0.243 0.7562 0.167 -0.6301 0.0571 0.6222 -0.4214 -0.6543 -0.0846 0.7176 0.0181 -0.6935 0.0619 0.9282 0.0579 0.309 0.1992 0.6207 -0.2292 -0.7253 -0.1902 0.6784 -0.2653 -0.6631 -0.1722 0.9584 0.0031 0.2832 0.0344
0.7396 -0.0244 -0.6679 -0.0799 0.4774 -0.5527 -0.4402 -0.5223 0.6714 -0.3025 -0.6313 -0.243 0.7562 0.167 -0.6301 0.0571 0.6222 -0.4214 -0.6543 -0.0846 0.7176 0.0181 -0.6935 0.0619 0.9282 0.0579 0.309 0.1992 0.6207 -0.2292 -0.7253 -0.1902 0.6784 -0.2653 -0.6631 -0.1722 0.9584 0.0031 0.2832 0.0344
0.7396 -0.0244 -0.6679 -0.0799 0.4774 -0.5527 -0.4402 -0.5223 0.6628 -0.316 -0.6269 -0.2604 0.7562 0.167 -0.6301 0.0571 0.6222 -0.4214 -0.6543 -0.0846 0.7176 0.0181 -0.6935 0.0619 0.8882 0.064 0.4211 0.1721 0.6207 -0.2292 -0.7253 -0.1902 0.6784 -0.2653 -0.6631 -0.1722 0.9567 0.0031 0.2892 0.0332
0.7396 -0.0244 -0.6679 -0.0799 0.4774 -0.5527 -0.4402 -0.5223 0.6628 -0.316 -0.6269 -0.2604 0.7562 0.167 -0.6301 0.0571 0.6222 -0.4214 -0.6543 -0.0846 0.7176 0.0181 -0.6935 0.0619 0.8882 0.064 0.4211 0.1721 0.6207 -0.2292 -0.7253 -0.1902 0.6784 -0.2653 -0.6631 -0.1722 0.9567 0.0031 0.2892 0.0332
0.7396 -0.0244 -0.6679 -0.0799 0.4774 -0.5527 -0.4402 -0.5223 0.6628 -0.316 -0.6269 -0.2604 0.7562 0.167 -0.6301 0.0571 0.6222 -0.4214 -0.6543 -0.0846 0.7176 0.0181 -0.6935 0.0619 0.8882 0.064 0.4211 0.1721 0.6415 -0.2084 -0.7275 -0.1255 0.6784 -0.2653 -0.6631 -0.1722 0.9567 0.0031 0.2892 0.0332
0.743 -0.0141 -0.6624 -0.0948 0.4774 -0.5527 -0.4402 -0.5223 0.6628 -0.316 -0.6269 -0.2604 0.7477 0.1806 -0.6382 0.0315 0.6498 -0.3737 -0.6614 -0.0247 0.7176 0.0181 -0.6935 0.0619 0.8882 0.064 0.4211 0.1721 0.6415 -0.2084 -0.7275 -0.1255 0.6784 -0.2653 -0.6631 -0.1722 0.9567 0.0031 0.2892 0.0332
0.743 -0.0141 -0.6624 -0.0948 0.4774 -0.5527 -0.4402 -0.5223 0.6628 -0.316 -0.6269 -0.2604 0.7477 0.1806 -0.6382 0.0315 0.6498 -0.3737 -0.6614 -0.0247 0.7176 0.0181 -0.6935 0.0619 0.8882 0.064 0.4211 0.1721 0.6415 -0.2084 -0.7275 -0.1255 0.6784 -0.2653 -0.6631 -0.1722 0.9567 0.0031 0.2892 0.0332
0.743 -0.0141 -0.6624 -0.0948 0.4774 -0.5527 -0.4402 -0.5223 0.6628 -0.316 -0.6269 -0.2604 0.7477 0.1806 -0.6382 0.0315 0.6498 -0.3737 -0.6614 -0.0247 0.7176 0.0181 -0.6935 0.0619 0.8882 0.064 0.4211 0.1721 0.6415 -0.2084 -0.7275 -0.1255 0.6977 -0.2629 -0.649 -0.1512 0.9567 0.0031 0.2892 0.0332
0.743 -0.0141 -0.6624 -0.0948 0.4774 -0.5527 -0.4402 -0.5223 0.6628 -0.316 -0.6269 -0.2604 0.7477 0.1806 -0.6382 0.0315 0.6498 -0.3737 -0.6614 -0.0247 0.7176 0.0181 -0.6935 0.0619 0.8882 0.064 0.4211 0.1721 0.6415 -0.2084 -0.7275 -0.1255 0.6977 -0.2629 -0.649 -0.1512 0.9543 0.0056 0.2966 0.0375
0.743 -0.0141 -0.6624 -0.0948 0.4774 -0.5527 -0.4402 -0.5223 0.6628 -0.316 -0.6269 -0.2604 0.7477 0.1806 -0.6382 0.0315 0.6498 -0.3737 -0.6614 -0.0247 0.7176 0.0181 -0.6935 0.0619 0.8882 0.064 0.4211 0.1721 0.6415 -0.2084 -0.7275 -0.1255 0.6977 -0.2629 -0.649 -0.1512 0.9543 0.0056 0.2966 0.0375
0.743 -0.0141 -0.6624 -0.0948 0.4366 -0.6519 -0.3239 -0.5287 0.6628 -0.316 -0.6269 -0.2604 0.7477 0.1806 -0.6382 0.0315 0.6498 -0.3737 -0.6614 -0.0247 0.7307 -0.0423 -0.6743 0.0983 0.8882 0.064 0.4211 0.1721 0.6415 -0.2084 -0.7275 -0.1255 0.6977 -0.2629 -0.649 -0.1512 0.9543 0.0056 0.2966 0.0375
0.743 -0.0141 -0.6624 -0.0948 0.4366 -0.6519 -0.3239 -0.5287 0.6628 -0.316 -0.6269 -0.2604 0.7477 0.1806 -0.6382 0.0315 0.6498 -0.3737 -0.6614 -0.0247 0.7307 -0.0423 -0.6743 0.0983 0.8882 0.064 0.4211 0.1721 0.6577 -0.2055 -0.7191 -0.0902 0.6977 -0.2629 -0.649 -0.1512 0.9543 0.0056 0.2966 0.0375
0.7347 0.001 -0.6691 -0.1115 0.4366 -0.6519 -0.3239 -0.5287 0.6628 -0.316 -0.6269 -0.2604 0.7471 0.1807 -0.6388 0.0333 0.6632 -0.3364 -0.6683 -0.0195 0.7307 -0.0423 -0.6743 0.0983 0.8882 0.064 0.4211 0.1721 0.6577 -0.2055 -0.7191 -0.0902 0.6977 -0.2629 -0.649 -0.1512 0.9543 0.0056 0.2966 0.0375
0.7347 0.001 -0.6691 -0.1115 0.4366 -0.6519 -0.3239 -0.5287 0.6628 -0.316 -0.6269 -0.2604 0.7471 0.1807 -0.6388 0.0333 0.6632 -0.3364 -0.6683 -0.0195 0.7307 -0.0423 -0.6743 0.0983 0.8882 0.064 0.4211 0.1721 0.6577 -0.2055 -0.7191 -0.0902 0.6977 -0.2629 -0.649 -0.1512 0.9543 0.0056 0.2966 0.0375
0.7347 0.001 -0.6691 -0.1115 0.4366 -0.6519 -0.3239 -0.5287 0.6628 -0.316 -0.6269 -0.2604 0.7471 0.1807 -0.6388 0.0333 0.6632 -0.3364 -0.6683 -0.0195 0.7307 -0.0423 -0.6743 0.0983 0.8882 0.064 0.4211 0.1721 0.6577 -0.2055 -0.7191 -0.0902 0.7238 -0.2696 -0.6215 -0.1313 0.9543 0.0056 0.2966 0.0375
0.7347 0.001 -0.6691 -0.1115 0.4366 -0.6519 -0.3239 -0.5287 0.6628 -0.316 -0.6269 -0.2604 0.7471 0.1807 -0.6388 0.0333 0.6632 -0.3364 -0.6683 -0.0195 0.7307 -0.0423 -0.6743 0.0983 0.8882 0.064 0.4211 0.1721 0.6577 -0.2055 -0.7191 -0.0902 0.7238 -0.2696 -0.6215 -0.1313 0.9543 0.0056 0.2966 0.0375
0.7347 0.001 -0.6691 -0.1115 0.419 -0.6297 -0.3497 -0.5528 0.6664 -0.3383 -0.6241 -0.2279 0.7471 0.1807 -0.6388 0.0333 0.6632 -0.3364 -0.6683 -0.0195 0.7225 -0.0555 -0.6825 0.0953 0.9415 0.101 0.2166 0.2376 0.6577 -0.2055 -0.7191 -0.0902 0.7238 -0.2696 -0.6215 -0.1313 0.9504 0.0067 0.3083 0.0412
0.7347 0.001 -0.6691 -0.1115 0.419 -0.6297 -0.3497 -0.5528 0.6664 -0.3383 -0.6241 -0.2279 0.7471 0.1807 -0.6388 0.0333 0.6632 -0.3364 -0.6683 -0.0195 0.7225 -0.0555 -0.6825 0.0953 0.9415 0.101 0.2166 0.2376 0.6577 -0.2055 -0.7191 -0.0902 0.7238 -0.2696 -0.6215 -0.1313 0.9504 0.0067 0.3083 0.0412
0.7347 0.001 -0.6691 -0.1115 0.419 -0.6297 -0.3497 -0.5528 0.6664 -0.3383 -0.6241 -0.2279 0.7471 0.1807 -0.6388 0.0333 0.6632 -0.3364 -0.6683 -0.0195 0.7225 -0.0555 -0.6825 0.0953 0.9415 0.101 0.2166 0.2376 0.6577 -0.2055 -0.7191 -0.0902 0.7238 -0.2696 -0.6215 -0.1313 0.9504 0.0067 0.3083 0.0412
0.7235 0.0298 -0.679 -0.121 0.419 -0.6297 -0.3497 -0.5528 0.6664 -0.3383 -0.6241 -0.2279 0.7561 0.166 -0.6298 0.0638 0.6346 -0.3677 -0.6772 -0.0586 0.7225 -0.0555 -0.6825 0.0953 0.9415 0.101 0.2166 0.2376 0.6669 -0.2172 -0.7078 -0.0848 0.7238 -0.2696 -0.6215 -0.1313 0.9504 0.0067 0.3083 0.0412
0.7235 0.0298 -0.679 -0.121 0.419 -0.6297 -0.3497 -0.5528 0.6664 -0.3383 -0.6241 -0.2279 0.7561 0.166 -0.6298 0.0638 0.6346 -0.3677 -0.6772 -0.0586 0.7225 -0.0555 -0.6825 0.0953 0.9415 0.101 0.2166 0.2376 0.6669 -0.2172 -0.7078 -0.0848 0.7238 -0.2696 -0.6215 -0.1313 0.9504 0.0067 0.3083 0.0412
0.7235 0.0298 -0.679 -0.121 0.419 -0.6297 -0.3497 -0.5528 0.6664 -0.3383 -0.6241 -0.2279 0.7561 0.166 -0.6298 0.0638 0.6346 -0.3677 -0.6772 -0.0586 0.7225 -0.0555 -0.6825 0.0953 0.9415 0.101 0.2166 0.2376 0.6669 -0.2172 -0.7078 -0.0848 0.7731 -0.2999 -0.5498 -0.101 0.9504 0.0067 0.3083 0.0412
0.7235 0.0298 -0.679 -0.121 0.419 -0.6297 -0.3497 -0.5528 0.6664 -0.3383 -0.6241 -0.2279 0.7561 0.166 -0.6298 0.0638 0.6346 -0.3677 -0.6772 -0.0586 0.7225 -0.0555 -0.6825 0.0953 0.9415 0.101 0.2166 0.2376 0.6669 -0.2172 -0.7078 -0.0848 0.7731 -0.2999 -0.5498 -0.101 0.9504 0.0067 0.3083 0.0412
0.7235 0.0298 -0.679 -0.121 0.4247 -0.6034 -0.3966 -0.5461 0.6664 -0.3383 -0.6241 -0.2279 0.7561 0.166 -0.6298 0.0638 0.6346 -0.3677 -0.6772 -0.0586 0.7225 -0.0555 -0.6825 0.0953 0.9415 0.101 0.2166 0.2376 0.6669 -0.2172 -0.7078 -0.0848 0.7731 -0.2999 -0.5498 -0.101 0.9504 0.0067 0.3083 0.0412
0.7235 0.0298 -0.679 -0.121 0.4247 -0.6034 -0.3966 -0.5461 0.6664 -0.3383 -0.6241 -0.2279 0.7561 0.166 -0.6298 0.0638 0.6346 -0.3677 -0.6772 -0.0586 0.7225 -0.0555 -0.6825 0.0953 0.9415 0.101 0.2166 0.2376 0.6658 -0.2006 -0.6989 -0.1674 0.7731 -0.2999 -0.5498 -0.101 0.9504 0.0067 0.3083 0.0412
0.7235 0.0298 -0.679 -0.121 0.4247 -0.6034 -0.3966 -0.5461 0.6664 -0.3383 -0.6241 -0.2279 0.7561 0.166 -0.6298 0.0638 0.6346 -0.3677 -0.6772 -0.0586 0.7225 -0.0555 -0.6825 0.0953 0.9415 0.101 0.2166 0.2376 0.6658 -0.2006 -0.6989 -0.1674 0.7731 -0.2999 -0.5498 -0.101 0.9504 0.0067 0.3083 0.0412
0.7144 0.0677 -0.6865 -0.1173 0.4247 -0.6034 -0.3966 -0.5461 0.6664 -0.3383 -0.6241 -0.2279 0.7685 0.1456 -0.6124 0.1149 0.6232 -0.3609 -0.6925 -0.0419 0.7225 -0.0555 -0.6825 0.0953 0.9415 0.101 0.2166 0.2376 0.6658 -0.2006 -0.6989 -0.1674 0.7731 -0.2999 -0.5498 -0.101 0.9504 0.0067 0.3083 0.0412
0.7144 0.0677 -0.6865 -0.1173 0.4247 -0.6034 -0.3966 -0.5461 0.6664 -0.3383 -0.6241 -0.2279 0.7685 0.1456 -0.6124 0.1149 0.6232 -0.3609 -0.6925 -0.0419 0.7225 -0.0555 -0.6825 0.0953 0.9415 0.101 0.2166 0.2376 0.6658 -0.2006 -0.6989 -0.1674 0.7731 -0.2999 -0.5498 -0.101 0.9504 0.0067 0.3083 0.0412
0.7144 0.0677 -0.6865 -0.1173 0.4247 -0.6034 -0.3966 -0.5461 0.6664 -0.3383 -0.6241 -0.2279 0.7685 0.1456 -0.6124 0.1149 0.6232 -0.3609 -0.6925 -0.0419 0.7225 -0.0555 -0.6825 0.0953 0.9415 0.101 0.2166 0.2376 0.6658 -0.2006 -0.6989 -0.1674 0.8293 -0.3454 -0.4393 0.0034 0.9504 0.0067 0.3083 0.0412
0.7144 0.0677 -0.6865 -0.1173 0.4247 -0.6034 -0.3966 -0.5461 0.6664 -0.3383 -0.6241 -0.2279 0.7685 0.1456 -0.6124 0.1149 0.6232 -0.3609 -0.6925 -0.0419 0.7225 -0.0555 -0.6825 0.0953 0.9415 0.101 0.2166 0.2376 0.6658 -0.2006 -0.6989 -0.1674 0.8293 -0.3454 -0.4393 0.0034 0.8134 -0.0047 0.567 0.1302
0.7144 0.0677 -0.6865 -0.1173 0.4575 -0.592 -0.4154 -0.5173 0.6664 -0.3383 -0.6241 -0.2279 0.7685 0.1456 -0.6124 0.1149 0.6232 -0.3609 -0.6925 -0.0419 0.7225 -0.0555 -0.6825 0.0953 0.9415 0.101 0.2166 0.2376 0.6658 -0.2006 -0.6989 -0.1674 0.8293 -0.3454 -0.4393 0.0034 0.8134 -0.0047 0.567 0.1302
0.7144 0.0677 -0.6865 -0.1173 0.4575 -0.592 -0.4154 -0.5173 0.6664 -0.3383 -0.6241 -0.2279 0.7685 0.1456 -0.6124 0.1149 0.6232 -0.3609 -0.6925 -0.0419 0.7225 -0.0555 -0.6825 0.0953 0.9415 0.101 0.2166 0.2376 0.6658 -0.2006 -0.6989 -0.1674 0.8293 -0.3454 -0.4393 0.0034 0.8134 -0.0047 0.567 0.1302
0.7144 0.0677 -0.6865 -0.1173 0.4575 -0.592 -0.4154 -0.5173 0.6664 -0.3383 -0.6241 -0.2279 0.7685 0.1456 -0.6124 0.1149 0.6232 -0.3609 -0.6925 -0.0419 0.7225 -0.0555 -0.6825 0.0953 0.9415 0.101 0.2166 0.2376 0.6658 -0.2006 -0.6989 -0.1674 0.8293 -0.3454 -0.4393 0.0034 0.8134 -0.0047 0.567 0.1302
0.7105 0.0794 -0.6877 -0.1261 0.4575 -0.592 -0.4154 -0.5173 0.6664 -0.3383 -0.6241 -0.2279 0.7708 0.0885 -0.6249 0.0869 0.6281 -0.3138 -0.7112 -0.0349 0.7225 -0.0555 -0.6825 0.0953 0.9415 0.101 0.2166 0.2376 0.664 -0.0704 -0.7153 -0.2062 0.8293 -0.3454 -0.4393 0.0034 0.8134 -0.0047 0.567 0.1302
0.7105 0.0794 -0.6877 -0.1261 0.4575 -0.592 -0.4154 -0.5173 0.6664 -0.3383 -0.6241 -0.2279 0.7708 0.0885 -0.6249 0.0869 0.6281 -0.3138 -0.7112 -0.0349 0.7225 -0.0555 -0.6825 0.0953 0.9415 0.101 0.2166 0.2376 0.664 -0.0704 -0.7153 -0.2062 0.8293 -0.3454 -0.4393 0.0034 0.8134 -0.0047 0.567 0.1302
0.7105 0.0794 -0.6877 -0.1261 0.4575 -0.592 -0.4154 -0.5173 0.6664 -0.3383 -0.6241 -0.2279 0.7708 0.0885 -0.6249 0.0869 0.6281 -0.3138 -0.7112 -0.0349 0.7225 -0.0555 -0.6825 0.0953 0.9415 0.101 0.2166 0.2376 0.664 -0.0704 -0.7153 -0.2062 0.8325 -0.324 -0.4489 0.0216 0.8134 -0.0047 0.567 0.1302
0.7105 0.0794 -0.6877 -0.1261 0.4575 -0.592 -0.4154 -0.5173 0.6664 -0.3383 -0.6241 -0.2279 0.7708 0.0885 -0.6249 0.0869 0.6281 -0.3138 -0.7112 -0.0349 0.7225 -0.0555 -0.6825 0.0953 0.9196 0.0698 0.3214 0.2151 0.664 -0.0704 -0.7153 -0.2062 0.8325 -0.324 -0.4489 0.0216 0.8134 -0.0047 0.567 0.1302
0.7105 0.0794 -0.6877 -0.1261 0.462 -0.5994 -0.401 -0.5163 0.6664 -0.3383 -0.6241 -0.2279 0.7708 0.0885 -0.6249 0.0869 0.6281 -0.3138 -0.7112 -0.0349 0.7225 -0.0555 -0.6825 0.0953 0.9196 0.0698 0.3214 0.2151 0.664 -0.0704 -0.7153 -0.2062 0.8325 -0.324 -0.4489 0.0216 0.8134 -0.0047 0.567 0.1302
0.7105 0.0794 -0.6877 -0.1261 0.462 -0.5994 -0.401 -0.5163 0.6664 -0.3383 -0.6241 -0.2279 0.7708 0.0885 -0.6249 0.0869 0.6281 -0.3138 -0.7112 -0.0349 0.7187 0.0251 -0.6949 0.0042 0.9196 0.0698 0.3214 0.2151 0.664 -0.0704 -0.7153 -0.2062 0.8325 -0.324 -0.4489 0.0216 0.8134 -0.0047 0.567 0.1302
0.7105 0.0794 -0.6877 -0.1261 0.462 -0.5994 -0.401 -0.5163 0.6664 -0.3383 -0.6241 -0.2279 0.7708 0.0885 -0.6249 0.0869 0.6281 -0.3138 -0.7112 -0.0349 0.7187 0.0251 -0.6949 0.0042 0.9196 0.0698 0.3214 0.2151 0.6392 -0.039 -0.7138 -0.2835 0.8325 -0.324 -0.4489 0.0216 0.8134 -0.0047 0.567 0.1302
0.7015 0.0906 -0.6951 -0.1287 0.462 -0.5994 -0.401 -0.5163 0.6664 -0.3383 -0.6241 -0.2279 0.7733 0.0872 -0.6245 0.0667 0.616 -0.2988 -0.7231 -0.0912 0.7187 0.0251 -0.6949 0.0042 0.9196 0.0698 0.3214 0.2151 0.6392 -0.039 -0.7138 -0.2835 0.8325 -0.324 -0.4489 0.0216 0.8134 -0.0047 0.567 0.1302
0.7015 0.0906 -0.6951 -0.1287 0.462 -0.5994 -0.401 -0.5163 0.6664 -0.3383 -0.6241 -0.2279 0.7733 0.0872 -0.6245 0.0667 0.616 -0.2988 -0.7231 -0.0912 0.7187 0.0251 -0.6949 0.0042 0.9196 0.0698 0.3214 0.2151 0.6392 -0.039 -0.7138 -0.2835 0.8325 -0.324 -0.4489 0.0216 0.8134 -0.0047 0.567 0.1302
0.7015 0.0906 -0.6951 -0.1287 0.462 -0.5994 -0.401 -0.5163 0.6664 -0.3383 -0.6241 -0.2279 0.7733 0.0872 -0.6245 0.0667 0.616 -0.2988 -0.7231 -0.0912 0.7187 0.0251 -0.6949 0.0042 0.9196 0.0698 0.3214 0.2151 0.6392 -0.039 -0.7138 -0.2835 0.7883 -0.2787 -0.5471 -0.041 0.8134 -0.0047 0.567 0.1302
0.7015 0.0906 -0.6951 -0.1287 0.462 -0.5994 -0.401 -0.5163 0.6664 -0.3383 -0.6241 -0.2279 0.7733 0.0872 -0.6245 0.0667 0.616 -0.2988 -0.7231 -0.0912 0.7187 0.0251 -0.6949 0.0042 0.9196 0.0698 0.3214 0.2151 0.6392 -0.039 -0.7138 -0.2835 0.7883 -0.2787 -0.5471 -0.041 0.8895 -0.0242 0.4383 0.1272
0.7015 0.0906 -0.6951 -0.1287 0.462 -0.5994 -0.401 -0.5163 0.7117 -0.3719 -0.5862 -0.1077 0.7733 0.0872 -0.6245 0.0667 0.616 -0.2988 -0.7231 -0.0912 0.7187 0.0251 -0.6949 0.0042 0.9196 0.0698 0.3214 0.2151 0.6392 -0.039 -0.7138 -0.2835 0.7883 -0.2787 -0.5471 -0.041 0.8895 -0.0242 0.4383 0.1272
0.7015 0.0906 -0.6951 -0.1287 0.462 -0.5994 -0.401 -0.5163 0.7117 -0.3719 -0.5862 -0.1077 0.7733 0.0872 -0.6245 0.0667 0.616 -0.2988 -0.7231 -0.0912 0.7187 0.0251 -0.6949 0.0042 0.9196 0.0698 0.3214 0.2151 0.6392 -0.039 -0.7138 -0.2835 0.7883 -0.2787 -0.5471 -0.041 0.8895 -0.0242 0.4383 0.1272
0.7015 0.0906 -0.6951 -0.1287 0.462 -0.5994 -0.401 -0.5163 0.7117 -0.3719 -0.5862 -0.1077 0.7733 0.0872 -0.6245 0.0667 0.616 -0.2988 -0.7231 -0.0912 0.7187 0.0251 -0.6949 0.0042 0.9196 0.0698 0.3214 0.2151 0.6392 -0.039 -0.7138 -0.2835 0.7883 -0.2787 -0.5471 -0.041 0.8895 -0.0242 0.4383 0.1272
0.694 0.0974 -0.702 -0.1269 0.462 -0.5994 -0.401 -0.5163 0.7117 -0.3719 -0.5862 -0.1077 0.7786 0.1223 -0.6123 0.0631 0.6192 -0.2717 -0.7264 -0.1224 0.7187 0.0251 -0.6949 0.0042 0.9196 0.0698 0.3214 0.2151 0.6287 -0.0432 -0.7149 -0.303 0.7883 -0.2787 -0.5471 -0.041 0.8895 -0.0242 0.4383 0.1272
0.694 0.0974 -0.702 -0.1269 0.462 -0.5994 -0.401 -0.5163 0.7117 -0.3719 -0.5862 -0.1077 0.7786 0.1223 -0.6123 0.0631 0.6192 -0.2717 -0.7264 -0.1224 0.7187 0.0251 -0.6949 0.0042 0.9196 0.0698 0.3214 0.2151 0.6287 -0.0432 -0.7149 -0.303 0.7883 -0.2787 -0.5471 -0.041 0.8895 -0.0242 0.4383 0.1272
0.694 0.0974 -0.702 -0.1269 0.462 -0.5994 -0.401 -0.5163 0.7117 -0.3719 -0.5862 -0.1077 0.7786 0.1223 -0.6123 0.0631 0.6192 -0.2717 -0.7264 -0.1224 0.7187 0.0251 -0.6949 0.0042 0.9196 0.0698 0.3214 0.2151 0.6287 -0.0432 -0.7149 -0.303 0.7184 -0.2138 -0.6434 -0.1552 0.8895 -0.0242 0.4383 0.1272
0.694 0.0974 -0.702 -0.1269 0.462 -0.5994 -0.401 -0.5163 0.7117 -0.3719 -0.5862 -0.1077 0.7786 0.1223 -0.6123 0.0631 0.6192 -0.2717 -0.7264 -0.1224 0.7187 0.0251 -0.6949 0.0042 0.9163 0.074 0.324 0.2234 0.6287 -0.0432 -0.7149 -0.303 0.7184 -0.2138 -0.6434 -0.1552 0.8895 -0.0242 0.4383 0.1272
0.694 0.0974 -0.702 -0.1269 0.462 -0.5994 -0.401 -0.5163 0.7117 -0.3719 -0.5862 -0.1077 0.7786 0.1223 -0.6123 0.0631 0.6192 -0.2717 -0.7264 -0.1224 0.7187 0.0251 -0.6949 0.0042 0.9163 0.074 0.324 0.2234 0.6287 -0.0432 -0.7149 -0.303 0.7184 -0.2138 -0.6434 -0.1552 0.8895 -0.0242 0.4383 0.1272
0.694 0.0974 -0.702 -0.1269 0.41 -0.6212 -0.3969 -0.5372 0.7117 -0.3719 -0.5862 -0.1077 0.7786 0.1223 -0.6123 0.0631 0.6192 -0.2717 -0.7264 -0.1224 0.7183 0.0219 -0.6948 -0.0279 0.9163 0.074 0.324 0.2234 0.6287 -0.0432 -0.7149 -0.303 0.7184 -0.2138 -0.6434 -0.1552 0.8895 -0.0242 0.4383 0.1272
0.694 0.0974 -0.702 -0.1269 0.41 -0.6212 -0.3969 -0.5372 0.7117 -0.3719 -0.5862 -0.1077 0.7786 0.1223 -0.6123 0.0631 0.6192 -0.2717 -0.7264 -0.1224 0.7183 0.0219 -0.6948 -0.0279 0.9163 0.074 0.324 0.2234 0.6287 -0.0432 -0.7149 -0.303 0.7184 -0.2138 -0.6434 -0.1552 0.8895 -0.0242 0.4383 0.1272
0.6936 0.0859 -0.7064 -0.1121 0.41 -0.6212 -0.3969 -0.5372 0.7117 -0.3719 -0.5862 -0.1077 0.7842 0.135 -0.6027 0.0603 0.6127 -0.2595 -0.7267 -0.1705 0.7183 0.0219 -0.6948 -0.0279 0.9163 0.074 0.324 0.2234 0.6286 -0.0688 -0.72 -0.2861 0.7184 -0.2138 -0.6434 -0.1552 0.8895 -0.0242 0.4383 0.1272
0.6936 0.0859 -0.7064 -0.1121 0.41 -0.6212 -0.3969 -0.5372 0.7117 -0.3719 -0.5862 -0.1077 0.7842 0.135 -0.6027 0.0603 0.6127 -0.2595 -0.7267 -0.1705 0.7183 0.0219 -0.6948 -0.0279 0.9163 0.074 0.324 0.2234 0.6286 -0.0688 -0.72 -0.2861 0.7184 -0.2138 -0.6434 -0.1552 0.8895 -0.0242 0.4383 0.1272
0.6936 0.0859 -0.7064 -0.1121 0.41 -0.6212 -0.3969 -0.5372 0.7117 -0.3719 -0.5862 -0.1077 0.7842 0.135 -0.6027 0.0603 0.6127 -0.2595 -0.7267 -0.1705 0.7183 0.0219 -0.6948 -0.0279 0.9163 0.074 0.324 0.2234 0.6286 -0.0688 -0.72 -0.2861 0.6553 -0.1438 -0.7148 -0.1974 0.8895 -0.0242 0.4383 0.1272
0.6936 0.0859 -0.7064 -0.1121 0.41 -0.6212 -0.3969 -0.5372 0.7117 -0.3719 -0.5862 -0.1077 0.7842 0.135 -0.6027 0.0603 0.6127 -0.2595 -0.7267 -0.1705 0.7183 0.0219 -0.6948 -0.0279 0.9163 0.074 0.324 0.2234 0.6286 -0.0688 -0.72 -0.2861 0.6553 -0.1438 -0.7148 -0.1974 0.8895 -0.0242 0.4383 0.1272
0.6936 0.0859 -0.7064 -0.1121 0.4044 -0.6202 -0.3881 -0.5488 0.7117 -0.3719 -0.5862 -0.1077 0.7842 0.135 -0.6027 0.0603 0.6127 -0.2595 -0.7267 -0.1705 0.7183 0.0219 -0.6948 -0.0279 0.9163 0.074 0.324 0.2234 0.6286 -0.0688 -0.72 -0.2861 0.6553 -0.1438 -0.7148 -0.1974 0.8895 -0.0242 0.4383 0.1272
0.6936 0.0859 -0.7064 -0.1121 0.4044 -0.6202 -0.3881 -0.5488 0.7117 -0.3719 -0.5862 -0.1077 0.7842 0.135 -0.6027 0.0603 0.6127 -0.2595 -0.7267 -0.1705 0.7183 0.0219 -0.6948 -0.0279 0.9163 0.074 0.324 0.2234 0.6289 -0.0995 -0.7155 -0.2875 0.6553 -0.1438 -0.7148 -0.1974 0.8895 -0.0242 0.4383 0.1272
0.6936 0.0859 -0.7064 -0.1121 0.4044 -0.6202 -0.3881 -0.5488 0.7117 -0.3719 -0.5862 -0.1077 0.7842 0.135 -0.6027 0.0603 0.6127 -0.2595 -0.7267 -0.1705 0.7183 0.0219 -0.6948 -0.0279 0.9163 0.074 0.324 0.2234 0.6289 -0.0995 -0.7155 -0.2875 0.6553 -0.1438 -0.7148 -0.1974 0.8895 -0.0242 0.4383 0.1272
0.6995 0.0605 -0.7039 -0.1071 0.4044 -0.6202 -0.3881 -0.5488 0.7117 -0.3719 -0.5862 -0.1077 0.7852 0.1405 -0.5995 0.0646 0.6126 -0.2457 -0.7235 -0.2023 0.7183 0.0219 -0.6948 -0.0279 0.9163 0.074 0.324 0.2234 0.6289 -0.0995 -0.7155 -0.2875 0.6553 -0.1438 -0.7148 -0.1974 0.8895 -0.0242 0.4383 0.1272
0.6995 0.0605 -0.7039 -0.1071 0.4044 -0.6202 -0.3881 -0.5488 0.7117 -0.3719 -0.5862 -0.1077 0.7852 0.1405 -0.5995 0.0646 0.6126 -0.2457 -0.7235 -0.2023 0.7183 0.0219 -0.6948 -0.0279 0.9163 0.074 0.324 0.2234 0.6289 -0.0995 -0.7155 -0.2875 0.6553 -0.1438 -0.7148 -0.1974 0.8895 -0.0242 0.4383 0.1272
0.6995 0.0605 -0.7039 -0.1071 0.4044 -0.6202 -0.3881 -0.5488 0.7117 -0.3719 -0.5862 -0.1077 0.7852 0.1405 -0.5995 0.0646 0.6126 -0.2457 -0.7235 -0.2023 0.7183 0.0219 -0.6948 -0.0279 0.9163 0.074 0.324 0.2234 0.6289 -0.0995 -0.7155 -0.2875 0.6264 -0.1577 -0.7216 -0.2491 0.8895 -0.0242 0.4383 0.1272
0.6995 0.0605 -0.7039 -0.1071 0.4044 -0.6202 -0.3881 -0.5488 0.7117 -0.3719 -0.5862 -0.1077 0.7852 0.1405 -0.5995 0.0646 0.6126 -0.2457 -0.7235 -0.2023 0.7183 0.0219 -0.6948 -0.0279 0.9163 0.074 0.324 0.2234 0.6289 -0.0995 -0.7155 -0.2875 0.6264 -0.1577 -0.7216 -0.2491 0.9772 -0.0285 0.202 0.0585
0.6995 0.0605 -0.7039 -0.1071 0.4109 -0.6252 -0.3846 -0.5406 0.7117 -0.3719 -0.5862 -0.1077 0.7852 0.1405 -0.5995 0.0646 0.6126 -0.2457 -0.7235 -0.2023 0.7183 0.0219 -0.6948 -0.0279 0.9163 0.074 0.324 0.2234 0.6289 -0.0995 -0.7155 -0.2875 0.6264 -0.1577 -0.7216 -0.2491 0.9772 -0.0285 0.202 0.0585
0.6995 0.0605 -0.7039 -0.1071 0.4109 -0.6252 -0.3846 -0.5406 0.7117 -0.3719 -0.5862 -0.1077 0.7852 0.1405 -0.5995 0.0646 0.6126 -0.2457 -0.7235 -0.2023 0.7183 0.0219 -0.6948 -0.0279 0.9163 0.074 0.324 0.2234 0.6289 -0.0995 -0.7155 -0.2875 0.6264 -0.1577 -0.7216 -0.2491 0.9772 -0.0285 0.202 0.0585
0.6995 0.0605 -0.7039 -0.1071 0.4109 -0.6252 -0.3846 -0.5406 0.7117 -0.3719 -0.5862 -0.1077 0.7852 0.1405 -0.5995 0.0646 0.6126 -0.2457 -0.7235 -0.2023 0.7183 0.0219 -0.6948 -0.0279 0.9163 0.074 0.324 0.2234 0.6289 -0.0995 -0.7155 -0.2875 0.6264 -0.1577 -0.7216 -0.2491 0.9772 -0.0285 0.202 0.0585
0.7131 0.0258 -0.6934 -0.1003 0.4109 -0.6252 -0.3846 -0.5406 0.7117 -0.3719 -0.5862 -0.1077 0.7807 0.1406 -0.6043 0.0745 0.6163 -0.2307 -0.7185 -0.2252 0.7183 0.0219 -0.6948 -0.0279 0.9163 0.074 0.324 0.2234 0.6281 -0.1238 -0.7232 -0.2592 0.6264 -0.1577 -0.7216 -0.2491 0.9772 -0.0285 0.202 0.0585
0.7131 0.0258 -0.6934 -0.1003 0.4109 -0.6252 -0.3846 -0.5406 0.7117 -0.3719 -0.5862 -0.1077 0.7807 0.1406 -0.6043 0.0745 0.6163 -0.2307 -0.7185 -0.2252 0.7183 0.0219 -0.6948 -0.0279 0.9163 0.074 0.324 0.2234 0.6281 -0.1238 -0.7232 -0.2592 0.6264 -0.1577 -0.7216 -0.2491 0.9772 -0.0285 0.202 0.0585
0.7131 0.0258 -0.6934 -0.1003 0.4109 -0.6252 -0.3846 -0.5406 0.7117 -0.3719 -0.5862 -0.1077 0.7807 0.1406 -0.6043 0.0745 0.6163 -0.2307 -0.7185 -0.2252 0.7183 0.0219 -0.6948 -0.0279 0.9163 0.074 0.324 0.2234 0.6281 -0.1238 -0.7232 -0.2592 0.6463 -0.1706 -0.7152 -0.204 0.9772 -0.0285 0.202 0.0585
0.7131 0.0258 -0.6934 -0.1003 0.4109 -0.6252 -0.3846 -0.5406 0.7117 -0.3719 -0.5862 -0.1077 0.7807 0.1406 -0.6043 0.0745 0.6163 -0.2307 -0.7185 -0.2252 0.7183 0.0219 -0.6948 -0.0279 0.9163 0.074 0.324 0.2234 0.6281 -0.1238 -0.7232 -0.2592 0.6463 -0.1706 -0.7152 -0.204 0.9592 -0.0099 0.2744 0.067
0.7131 0.0258 -0.6934 -0.1003 0.4109 -0.6252 -0.3846 -0.5406 0.7117 -0.3719 -0.5862 -0.1077 0.7807 0.1406 -0.6043 0.0745 0.6163 -0.2307 -0.7185 -0.2252 0.765 0.1189 -0.6211 -0.1219 0.9163 0.074 0.324 0.2234 0.6281 -0.1238 -0.7232 -0.2592 0.6463 -0.1706 -0.7152 -0.204 0.9592 -0.0099 0.2744 0.067
0.7131 0.0258 -0.6934 -0.1003 0.4109 -0.6252 -0.3846 -0.5406 0.7117 -0.3719 -0.5862 -0.1077 0.7807 0.1406 -0.6043 0.0745 0.6163 -0.2307 -0.7185 -0.2252 0.765 0.1189 -0.6211 -0.1219 0.9163 0.074 0.324 0.2234 0.6197 -0.1752 -0.7239 -0.2476 0.6463 -0.1706 -0.7152 -0.204 0.9592 -0.0099 0.2744 0.067
0.7131 0.0258 -0.6934 -0.1003 0.4109 -0.6252 -0.3846 -0.5406 0.7117 -0.3719 -0.5862 -0.1077 0.7807 0.1406 -0.6043 0.0745 0.6163 -0.2307 -0.7185 -0.2252 0.765 0.1189 -0.6211 -0.1219 0.9163 0.074 0.324 0.2234 0.6197 -0.1752 -0.7239 -0.2476 0.6463 -0.1706 -0.7152 -0.204 0.9592 -0.0099 0.2744 0.067
0.7259 -0.0294 -0.6783 -0.1104 0.4109 -0.6252 -0.3846 -0.5406 0.7117 -0.3719 -0.5862 -0.1077 0.7691 0.1414 -0.6187 0.0754 0.6229 -0.255 -0.7032 -0.229 0.765 0.1189 -0.6211 -0.1219 0.9163 0.074 0.324 0.2234 0.6197 -0.1752 -0.7239 -0.2476 0.6463 -0.1706 -0.7152 -0.204 0.9592 -0.0099 0.2744 0.067
0.7259 -0.0294 -0.6783 -0.1104 0.4109 -0.6252 -0.3846 -0.5406 0.7117 -0.3719 -0.5862 -0.1077 0.7691 0.1414 -0.6187 0.0754 0.6229 -0.255 -0.7032 -0.229 0.765 0.1189 -0.6211 -0.1219 0.9163 0.074 0.324 0.2234 0.6197 -0.1752 -0.7239 -0.2476 0.6463 -0.1706 -0.7152 -0.204 0.9592 -0.0099 0.2744 0.067
0.7259 -0.0294 -0.6783 -0.1104 0.4109 -0.6252 -0.3846 -0.5406 0.7117 -0.3719 -0.5862 -0.1077 0.7691 0.1414 -0.6187 0.0754 0.6229 -0.255 -0.7032 -0.229 0.765 0.1189 -0.6211 -0.1219 0.9163 0.074 0.324 0.2234 0.6197 -0.1752 -0.7239 -0.2476 0.6604 -0.222 -0.6913 -0.1917 0.9592 -0.0099 0.2744 0.067
0.7259 -0.0294 -0.6783 -0.1104 0.4109 -0.6252 -0.3846 -0.5406 0.7117 -0.3719 -0.5862 -0.1077 0.7691 0.1414 -0.6187 0.0754 0.6229 -0.255 -0.7032 -0.229 0.765 0.1189 -0.6211 -0.1219 0.9163 0.074 0.324 0.2234 0.6197 -0.1752 -0.7239 -0.2476 0.6604 -0.222 -0.6913 -0.1917 0.9566 -0.0044 0.2845 0.063
0.7259 -0.0294 -0.6783 -0.1104 0.4109 -0.6252 -0.3846 -0.5406 0.7117 -0.3719 -0.5862 -0.1077 0.7691 0.1414 -0.6187 0.0754 0.6229 -0.255 -0.7032 -0.229 0.7753 0.2199 -0.5532 -0.2109 0.9163 0.074 0.324 0.2234 0.6197 -0.1752 -0.7239 -0.2476 0.6604 -0.222 -0.6913 -0.1917 0.9566 -0.0044 0.2845 0.063
0.7259 -0.0294 -0.6783 -0.1104 0.4109 -0.6252 -0.3846 -0.5406 0.7117 -0.3719 -0.5862 -0.1077 0.7691 0.1414 -0.6187 0.0754 0.6229 -0.255 -0.7032 -0.229 0.7753 0.2199 -0.5532 -0.2109 0.9163 0.074 0.324 0.2234 0.6197 -0.1752 -0.7239 -0.2476 0.6604 -0.222 -0.6913 -0.1917 0.9566 -0.0044 0.2845 0.063
0.7259 -0.0294 -0.6783 -0.1104 0.4109 -0.6252 -0.3846 -0.5406 0.7117 -0.3719 -0.5862 -0.1077 0.7691 0.1414 -0.6187 0.0754 0.6229 -0.255 -0.7032 -0.229 0.7753 0.2199 -0.5532 -0.2109 0.9163 0.074 0.324 0.2234 0.6197 -0.1752 -0.7239 -0.2476 0.6604 -0.222 -0.6913 -0.1917 0.9566 -0.0044 0.2845 0.063
0.7365 -0.0487 -0.6662 -0.1066 0.4109 -0.6252 -0.3846 -0.5406 0.7117 -0.3719 -0.5862 -0.1077 0.7594 0.1588 -0.6288 0.0519 0.6326 -0.3449 -0.6808 -0.1315 0.7753 0.2199 -0.5532 -0.2109 0.9163 0.074 0.324 0.2234 0.6291 -0.1913 -0.7326 -0.1758 0.6604 -0.222 -0.6913 -0.1917 0.9566 -0.0044 0.2845 0.063
0.7365 -0.0487 -0.6662 -0.1066 0.4109 -0.6252 -0.3846 -0.5406 0.7117 -0.3719 -0.5862 -0.1077 0.7594 0.1588 -0.6288 0.0519 0.6326 -0.3449 -0.6808 -0.1315 0.7753 0.2199 -0.5532 -0.2109 0.9163 0.074 0.324 0.2234 0.6291 -0.1913 -0.7326 -0.1758 0.6604 -0.222 -0.6913 -0.1917 0.9566 -0.0044 0.2845 0.063
0.7365 -0.0487 -0.6662 -0.1066 0.4109 -0.6252 -0.3846 -0.5406 0.7117 -0.3719 -0.5862 -0.1077 0.7594 0.1588 -0.6288 0.0519 0.6326 -0.3449 -0.6808 -0.1315 0.7753 0.2199 -0.5532 -0.2109 0.9163 0.074 0.324 0.2234 0.6291 -0.1913 -0.7326 -0.1758 0.6664 -0.2446 -0.6826 -0.1736 0.9566 -0.0044 0.2845 0.063
0.7365 -0.0487 -0.6662 -0.1066 0.4109 -0.6252 -0.3846 -0.5406 0.678 -0.2803 -0.6275 -0.2606 0.7594 0.1588 -0.6288 0.0519 0.6326 -0.3449 -0.6808 -0.1315 0.7753 0.2199 -0.5532 -0.2109 0.9163 0.074 0.324 0.2234 0.6291 -0.1913 -0.7326 -0.1758 0.6664 -0.2446 -0.6826 -0.1736 0.9553 -0.0041 0.2892 0.0619
0.7365 -0.0487 -0.6662 -0.1066 0.4109 -0.6252 -0.3846 -0.5406 0.678 -0.2803 -0.6275 -0.2606 0.7594 0.1588 -0.6288 0.0519 0.6326 -0.3449 -0.6808 -0.1315 0.7769 0.1707 -0.5608 -0.2299 0.9163 0.074 0.324 0.2234 0.6291 -0.1913 -0.7326 -0.1758 0.6664 -0.2446 -0.6826 -0.1736 0.9553 -0.0041 0.2892 0.0619
0.7365 -0.0487 -0.6662 -0.1066 0.4109 -0.6252 -0.3846 -0.5406 0.678 -0.2803 -0.6275 -0.2606 0.7594 0.1588 -0.6288 0.0519 0.6326 -0.3449 -0.6808 -0.1315 0.7769 0.1707 -0.5608 -0.2299 0.9163 0.074 0.324 0.2234 0.6289 -0.2189 -0.7261 -0.1711 0.6664 -0.2446 -0.6826 -0.1736 0.9553 -0.0041 0.2892 0.0619
0.7365 -0.0487 -0.6662 -0.1066 0.4109 -0.6252 -0.3846 -0.5406 0.678 -0.2803 -0.6275 -0.2606 0.7594 0.1588 -0.6288 0.0519 0.6326 -0.3449 -0.6808 -0.1315 0.7769 0.1707 -0.5608 -0.2299 0.9163 0.074 0.324 0.2234 0.6289 -0.2189 -0.7261 -0.1711 0.6664 -0.2446 -0.6826 -0.1736 0.9553 -0.0041 0.2892 0.0619
0.7413 -0.0365 -0.6644 -0.088 0.4109 -0.6252 -0.3846 -0.5406 0.678 -0.2803 -0.6275 -0.2606 0.7555 0.1787 -0.6295 0.0326 0.6188 -0.4252 -0.6544 -0.0896 0.7769 0.1707 -0.5608 -0.2299 0.9163 0.074 0.324 0.2234 0.6289 -0.2189 -0.7261 -0.1711 0.6664 -0.2446 -0.6826 -0.1736 0.9553 -0.0041 0.2892 0.0619
0.7413 -0.0365 -0.6644 -0.088 0.4109 -0.6252 -0.3846 -0.5406 0.678 -0.2803 -0.6275 -0.2606 0.7555 0.1787 -0.6295 0.0326 0.6188 -0.4252 -0.6544 -0.0896 0.7769 0.1707 -0.5608 -0.2299 0.9163 0.074 0.324 0.2234 0.6289 -0.2189 -0.7261 -0.1711 0.6664 -0.2446 -0.6826 -0.1736 0.9553 -0.0041 0.2892 0.0619
0.7413 -0.0365 -0.6644 -0.088 0.4109 -0.6252 -0.3846 -0.5406 0.678 -0.2803 -0.6275 -0.2606 0.7555 0.1787 -0.6295 0.0326 0.6188 -0.4252 -0.6544 -0.0896 0.7769 0.1707 -0.5608 -0.2299 0.9163 0.074 0.324 0.2234 0.6289 -0.2189 -0.7261 -0.1711 0.6832 -0.2526 -0.6682 -0.1515 0.9553 -0.0041 0.2892 0.0619
0.7413 -0.0365 -0.6644 -0.088 0.4109 -0.6252 -0.3846 -0.5406 0.678 -0.2803 -0.6275 -0.2606 0.7555 0.1787 -0.6295 0.0326 0.6188 -0.4252 -0.6544 -0.0896 0.7769 0.1707 -0.5608 -0.2299 0.9163 0.074 0.324 0.2234 0.6289 -0.2189 -0.7261 -0.1711 0.6832 -0.2526 -0.6682 -0.1515 0.9515 -0.0031 0.3013 0.0622
0.7413 -0.0365 -0.6644 -0.088 0.4109 -0.6252 -0.3846 -0.5406 0.678 -0.2803 -0.6275 -0.2606 0.7555 0.1787 -0.6295 0.0326 0.6188 -0.4252 -0.6544 -0.0896 0.7769 0.1707 -0.5608 -0.2299 0.9163 0.074 0.324 0.2234 0.6289 -0.2189 -0.7261 -0.1711 0.6832 -0.2526 -0.6682 -0.1515 0.9515 -0.0031 0.3013 0.0622
0.7413 -0.0365 -0.6644 -0.088 0.4109 -0.6252 -0.3846 -0.5406 0.678 -0.2803 -0.6275 -0.2606 0.7555 0.1787 -0.6295 0.0326 0.6188 -0.4252 -0.6544 -0.0896 0.7442 0.0359 -0.6655 -0.0446 0.9163 0.074 0.324 0.2234 0.6289 -0.2189 -0.7261 -0.1711 0.6832 -0.2526 -0.6682 -0.1515 0.9515 -0.0031 0.3013 0.0622
0.7411 -0.0317 -0.6631 -0.1 0.4109 -0.6252 -0.3846 -0.5406 0.678 -0.2803 -0.6275 -0.2606 0.7498 0.1871 -0.6346 0.0043 0.6188 -0.4252 -0.6544 -0.0896 0.7442 0.0359 -0.6655 -0.0446 0.9163 0.074 0.324 0.2234 0.6479 -0.2072 -0.724 -0.1147 0.6832 -0.2526 -0.6682 -0.1515 0.9515 -0.0031 0.3013 0.0622
0.7411 -0.0317 -0.6631 -0.1 0.4109 -0.6252 -0.3846 -0.5406 0.678 -0.2803 -0.6275 -0.2606 0.7498 0.1871 -0.6346 0.0043 0.6406 -0.373 -0.6703 -0.0345 0.7442 0.0359 -0.6655 -0.0446 0.9163 0.074 0.324 0.2234 0.6479 -0.2072 -0.724 -0.1147 0.6832 -0.2526 -0.6682 -0.1515 0.9515 -0.0031 0.3013 0.0622
0.7411 -0.0317 -0.6631 -0.1 0.4109 -0.6252 -0.3846 -0.5406 0.678 -0.2803 -0.6275 -0.2606 0.7498 0.1871 -0.6346 0.0043 0.6406 -0.373 -0.6703 -0.0345 0.7442 0.0359 -0.6655 -0.0446 0.9163 0.074 0.324 0.2234 0.6479 -0.2072 -0.724 -0.1147 0.6832 -0.2526 -0.6682 -0.1515 0.9515 -0.0031 0.3013 0.0622
0.7411 -0.0317 -0.6631 -0.1 0.4109 -0.6252 -0.3846 -0.5406 0.678 -0.2803 -0.6275 -0.2606 0.7498 0.1871 -0.6346 0.0043 0.6406 -0.373 -0.6703 -0.0345 0.7442 0.0359 -0.6655 -0.0446 0.9163 0.074 0.324 0.2234 0.6479 -0.2072 -0.724 -0.1147 0.6832 -0.2526 -0.6682 -0.1515 0.9515 -0.0031 0.3013 0.0622
0.7411 -0.0317 -0.6631 -0.1 0.4109 -0.6252 -0.3846 -0.5406 0.6685 -0.3199 -0.6078 -0.2852 0.7498 0.1871 -0.6346 0.0043 0.6406 -0.373 -0.6703 -0.0345 0.7442 0.0359 -0.6655 -0.0446 0.9163 0.074 0.324 0.2234 0.6479 -0.2072 -0.724 -0.1147 0.7006 -0.2555 -0.6525 -0.1348 0.9486 -9.0E-4 0.3097 0.065
0.7411 -0.0317 -0.6631 -0.1 0.4448 -0.6626 -0.3231 -0.5087 0.6685 -0.3199 -0.6078 -0.2852 0.7498 0.1871 -0.6346 0.0043 0.6406 -0.373 -0.6703 -0.0345 0.7442 0.0359 -0.6655 -0.0446 0.9163 0.074 0.324 0.2234 0.6479 -0.2072 -0.724 -0.1147 0.7006 -0.2555 -0.6525 -0.1348 0.9486 -9.0E-4 0.3097 0.065
0.7411 -0.0317 -0.6631 -0.1 0.4448 -0.6626 -0.3231 -0.5087 0.6685 -0.3199 -0.6078 -0.2852 0.7498 0.1871 -0.6346 0.0043 0.6406 -0.373 -0.6703 -0.0345 0.7442 0.0359 -0.6655 -0.0446 0.9163 0.074 0.324 0.2234 0.6584 -0.2234 -0.7124 -0.0949 0.7006 -0.2555 -0.6525 -0.1348 0.9486 -9.0E-4 0.3097 0.065
0.7411 -0.0317 -0.6631 -0.1 0.4448 -0.6626 -0.3231 -0.5087 0.6685 -0.3199 -0.6078 -0.2852 0.7498 0.1871 -0.6346 0.0043 0.6406 -0.373 -0.6703 -0.0345 0.7442 0.0359 -0.6655 -0.0446 0.9163 0.074 0.324 0.2234 0.6584 -0.2234 -0.7124 -0.0949 0.7006 -0.2555 -0.6525 -0.1348 0.9486 -9.0E-4 0.3097 0.065
0.7313 -0.0112 -0.6724 -0.1143 0.4448 -0.6626 -0.3231 -0.5087 0.6685 -0.3199 -0.6078 -0.2852 0.755 0.1861 -0.6285 0.0151 0.6474 -0.3438 -0.6792 -0.0375 0.7442 0.0359 -0.6655 -0.0446 0.9163 0.074 0.324 0.2234 0.6584 -0.2234 -0.7124 -0.0949 0.7006 -0.2555 -0.6525 -0.1348 0.9486 -9.0E-4 0.3097 0.065
0.7313 -0.0112 -0.6724 -0.1143 0.4448 -0.6626 -0.3231 -0.5087 0.6685 -0.3199 -0.6078 -0.2852 0.755 0.1861 -0.6285 0.0151 0.6474 -0.3438 -0.6792 -0.0375 0.7442 0.0359 -0.6655 -0.0446 0.9163 0.074 0.324 0.2234 0.6584 -0.2234 -0.7124 -0.0949 0.7006 -0.2555 -0.6525 -0.1348 0.9486 -9.0E-4 0.3097 0.065
0.7313 -0.0112 -0.6724 -0.1143 0.4448 -0.6626 -0.3231 -0.5087 0.6685 -0.3199 -0.6078 -0.2852 0.755 0.1861 -0.6285 0.0151 0.6474 -0.3438 -0.6792 -0.0375 0.7442 0.0359 -0.6655 -0.0446 0.9163 0.074 0.324 0.2234 0.6584 -0.2234 -0.7124 -0.0949 0.7428 -0.27 -0.6024 -0.1113 0.9486 -9.0E-4 0.3097 0.065
0.7313 -0.0112 -0.6724 -0.1143 0.4448 -0.6626 -0.3231 -0.5087 0.6685 -0.3199 -0.6078 -0.2852 0.755 0.1861 -0.6285 0.0151 0.6474 -0.3438 -0.6792 -0.0375 0.7442 0.0359 -0.6655 -0.0446 0.9163 0.074 0.324 0.2234 0.6584 -0.2234 -0.7124 -0.0949 0.7428 -0.27 -0.6024 -0.1113 0.9447 -0.0024 0.3208 0.0678
0.7313 -0.0112 -0.6724 -0.1143 0.4448 -0.6626 -0.3231 -0.5087 0.6769 -0.3317 -0.6077 -0.2499 0.755 0.1861 -0.6285 0.0151 0.6474 -0.3438 -0.6792 -0.0375 0.7442 0.0359 -0.6655 -0.0446 0.9163 0.074 0.324 0.2234 0.6584 -0.2234 -0.7124 -0.0949 0.7428 -0.27 -0.6024 -0.1113 0.9447 -0.0024 0.3208 0.0678
0.7313 -0.0112 -0.6724 -0.1143 0.4448 -0.6626 -0.3231 -0.5087 0.6769 -0.3317 -0.6077 -0.2499 0.755 0.1861 -0.6285 0.0151 0.6474 -0.3438 -0.6792 -0.0375 0.7094 -0.0298 -0.6987 0.0869 0.9163 0.074 0.324 0.2234 0.6584 -0.2234 -0.7124 -0.0949 0.7428 -0.27 -0.6024 -0.1113 0.9447 -0.0024 0.3208 0.0678
0.7199 0.0354 -0.6831 -0.1178 0.4448 -0.6626 -0.3231 -0.5087 0.6769 -0.3317 -0.6077 -0.2499 0.7599 0.1793 -0.623 0.0461 0.6474 -0.3438 -0.6792 -0.0375 0.7094 -0.0298 -0.6987 0.0869 0.9163 0.074 0.324 0.2234 0.6696 -0.1934 -0.7092 -0.1061 0.7428 -0.27 -0.6024 -0.1113 0.9447 -0.0024 0.3208 0.0678
0.7199 0.0354 -0.6831 -0.1178 0.4448 -0.6626 -0.3231 -0.5087 0.6769 -0.3317 -0.6077 -0.2499 0.7599 0.1793 -0.623 0.0461 0.6267 -0.3355 -0.701 -0.0571 0.7094 -0.0298 -0.6987 0.0869 0.9163 0.074 0.324 0.2234 0.6696 -0.1934 -0.7092 -0.1061 0.7428 -0.27 -0.6024 -0.1113 0.9447 -0.0024 0.3208 0.0678
0.7199 0.0354 -0.6831 -0.1178 0.4448 -0.6626 -0.3231 -0.5087 0.6769 -0.3317 -0.6077 -0.2499 0.7599 0.1793 -0.623 0.0461 0.6267 -0.3355 -0.701 -0.0571 0.7094 -0.0298 -0.6987 0.0869 0.9163 0.074 0.324 0.2234 0.6696 -0.1934 -0.7092 -0.1061 0.7428 -0.27 -0.6024 -0.1113 0.9447 -0.0024 0.3208 0.0678
0.7199 0.0354 -0.6831 -0.1178 0.4448 -0.6626 -0.3231 -0.5087 0.6769 -0.3317 -0.6077 -0.2499 0.7599 0.1793 -0.623 0.0461 0.6267 -0.3355 -0.701 -0.0571 0.7094 -0.0298 -0.6987 0.0869 0.9163 0.074 0.324 0.2234 0.6696 -0.1934 -0.7092 -0.1061 0.8217 -0.3148 -0.4745 -0.0235 0.9447 -0.0024 0.3208 0.0678
0.7199 0.0354 -0.6831 -0.1178 0.4448 -0.6626 -0.3231 -0.5087 0.6769 -0.3317 -0.6077 -0.2499 0.7599 0.1793 -0.623 0.0461 0.6267 -0.3355 -0.701 -0.0571 0.7094 -0.0298 -0.6987 0.0869 0.9163 0.074 0.324 0.2234 0.6696 -0.1934 -0.7092 -0.1061 0.8217 -0.3148 -0.4745 -0.0235 0.9447 -0.0024 0.3208 0.0678
0.7199 0.0354 -0.6831 -0.1178 0.4434 -0.6021 -0.4017 -0.5287 0.6876 -0.3589 -0.6028 -0.1876 0.7599 0.1793 -0.623 0.0461 0.6267 -0.3355 -0.701 -0.0571 0.7117 0.0411 -0.6963 0.0828 0.9163 0.074 0.324 0.2234 0.6696 -0.1934 -0.7092 -0.1061 0.8217 -0.3148 -0.4745 -0.0235 0.9447 -0.0024 0.3208 0.0678
0.7199 0.0354 -0.6831 -0.1178 0.4434 -0.6021 -0.4017 -0.5287 0.6876 -0.3589 -0.6028 -0.1876 0.7599 0.1793 -0.623 0.0461 0.6267 -0.3355 -0.701 -0.0571 0.7117 0.0411 -0.6963 0.0828 0.9163 0.074 0.324 0.2234 0.671 -0.092 -0.7041 -0.2133 0.8217 -0.3148 -0.4745 -0.0235 0.9447 -0.0024 0.3208 0.0678
0.7199 0.0354 -0.6831 -0.1178 0.4434 -0.6021 -0.4017 -0.5287 0.6876 -0.3589 -0.6028 -0.1876 0.7599 0.1793 -0.623 0.0461 0.6267 -0.3355 -0.701 -0.0571 0.7117 0.0411 -0.6963 0.0828 0.9163 0.074 0.324 0.2234 0.671 -0.092 -0.7041 -0.2133 0.8217 -0.3148 -0.4745 -0.0235 0.9447 -0.0024 0.3208 0.0678
0.7172 0.0775 -0.6838 -0.1104 0.4434 -0.6021 -0.4017 -0.5287 0.6876 -0.3589 -0.6028 -0.1876 0.7651 0.1298 -0.6268 0.0703 0.6361 -0.2864 -0.7161 -0.0244 0.7117 0.0411 -0.6963 0.0828 0.9163 0.074 0.324 0.2234 0.671 -0.092 -0.7041 -0.2133 0.8217 -0.3148 -0.4745 -0.0235 0.9447 -0.0024 0.3208 0.0678
0.7172 0.0775 -0.6838 -0.1104 0.4434 -0.6021 -0.4017 -0.5287 0.6876 -0.3589 -0.6028 -0.1876 0.7651 0.1298 -0.6268 0.0703 0.6361 -0.2864 -0.7161 -0.0244 0.7117 0.0411 -0.6963 0.0828 0.9163 0.074 0.324 0.2234 0.671 -0.092 -0.7041 -0.2133 0.8217 -0.3148 -0.4745 -0.0235 0.9447 -0.0024 0.3208 0.0678
0.7172 0.0775 -0.6838 -0.1104 0.4434 -0.6021 -0.4017 -0.5287 0.6876 -0.3589 -0.6028 -0.1876 0.7651 0.1298 -0.6268 0.0703 0.6361 -0.2864 -0.7161 -0.0244 0.7117 0.0411 -0.6963 0.0828 0.9163 0.074 0.324 0.2234 0.671 -0.092 -0.7041 -0.2133 0.8373 -0.3389 -0.4288 0.0148 0.9447 -0.0024 0.3208 0.0678
0.7172 0.0775 -0.6838 -0.1104 0.4434 -0.6021 -0.4017 -0.5287 0.6876 -0.3589 -0.6028 -0.1876 0.7651 0.1298 -0.6268 0.0703 0.6361 -0.2864 -0.7161 -0.0244 0.7117 0.0411 -0.6963 0.0828 0.9163 0.074 0.324 0.2234 0.671 -0.092 -0.7041 -0.2133 0.8373 -0.3389 -0.4288 0.0148 0.9447 -0.0024 0.3208 0.0678
0.7172 0.0775 -0.6838 -0.1104 0.4578 -0.5899 -0.4058 -0.527 0.6905 -0.3758 -0.5983 -0.1549 0.7651 0.1298 -0.6268 0.0703 0.6361 -0.2864 -0.7161 -0.0244 0.715 0.0405 -0.6968 0.0399 0.9163 0.074 0.324 0.2234 0.671 -0.092 -0.7041 -0.2133 0.8373 -0.3389 -0.4288 0.0148 0.9447 -0.0024 0.3208 0.0678
0.7172 0.0775 -0.6838 -0.1104 0.4578 -0.5899 -0.4058 -0.527 0.6905 -0.3758 -0.5983 -0.1549 0.7651 0.1298 -0.6268 0.0703 0.6361 -0.2864 -0.7161 -0.0244 0.715 0.0405 -0.6968 0.0399 0.9163 0.074 0.324 0.2234 0.6481 -0.0203 -0.7123 -0.2689 0.8373 -0.3389 -0.4288 0.0148 0.9447 -0.0024 0.3208 0.0678
0.7172 0.0775 -0.6838 -0.1104 0.4578 -0.5899 -0.4058 -0.527 0.6905 -0.3758 -0.5983 -0.1549 0.7651 0.1298 -0.6268 0.0703 0.6361 -0.2864 -0.7161 -0.0244 0.715 0.0405 -0.6968 0.0399 0.9163 0.074 0.324 0.2234 0.6481 -0.0203 -0.7123 -0.2689 0.8373 -0.3389 -0.4288 0.0148 0.9447 -0.0024 0.3208 0.0678
0.7058 0.0922 -0.6926 -0.1167 0.4578 -0.5899 -0.4058 -0.527 0.6905 -0.3758 -0.5983 -0.1549 0.7678 0.0868 -0.6317 0.0621 0.6361 -0.2864 -0.7161 -0.0244 0.715 0.0405 -0.6968 0.0399 0.9163 0.074 0.324 0.2234 0.6481 -0.0203 -0.7123 -0.2689 0.8373 -0.3389 -0.4288 0.0148 0.9447 -0.0024 0.3208 0.0678
0.7058 0.0922 -0.6926 -0.1167 0.4578 -0.5899 -0.4058 -0.527 0.6905 -0.3758 -0.5983 -0.1549 0.7678 0.0868 -0.6317 0.0621 0.6176 -0.2921 -0.7256 -0.0827 0.715 0.0405 -0.6968 0.0399 0.9163 0.074 0.324 0.2234 0.6481 -0.0203 -0.7123 -0.2689 0.8373 -0.3389 -0.4288 0.0148 0.9447 -0.0024 0.3208 0.0678
0.7058 0.0922 -0.6926 -0.1167 0.4578 -0.5899 -0.4058 -0.527 0.6905 -0.3758 -0.5983 -0.1549 0.7678 0.0868 -0.6317 0.0621 0.6176 -0.2921 -0.7256 -0.0827 0.715 0.0405 -0.6968 0.0399 0.9163 0.074 0.324 0.2234 0.6481 -0.0203 -0.7123 -0.2689 0.8373 -0.3389 -0.4288 0.0148 0.9447 -0.0024 0.3208 0.0678
0.7058 0.0922 -0.6926 -0.1167 0.4578 -0.5899 -0.4058 -0.527 0.702 -0.3814 -0.5876 -0.1281 0.7678 0.0868 -0.6317 0.0621 0.6176 -0.2921 -0.7256 -0.0827 0.715 0.0405 -0.6968 0.0399 0.9163 0.074 0.324 0.2234 0.6481 -0.0203 -0.7123 -0.2689 0.8373 -0.3389 -0.4288 0.0148 0.9447 -0.0024 0.3208 0.0678
0.7058 0.0922 -0.6926 -0.1167 0.4291 -0.6264 -0.376 -0.5312 0.702 -0.3814 -0.5876 -0.1281 0.7678 0.0868 -0.6317 0.0621 0.6176 -0.2921 -0.7256 -0.0827 0.7182 0.0383 -0.6948 0.0017 0.9163 0.074 0.324 0.2234 0.6481 -0.0203 -0.7123 -0.2689 0.8373 -0.3389 -0.4288 0.0148 0.9447 -0.0024 0.3208 0.0678
0.7058 0.0922 -0.6926 -0.1167 0.4291 -0.6264 -0.376 -0.5312 0.702 -0.3814 -0.5876 -0.1281 0.7678 0.0868 -0.6317 0.0621 0.6176 -0.2921 -0.7256 -0.0827 0.7182 0.0383 -0.6948 0.0017 0.9163 0.074 0.324 0.2234 0.6294 -0.0463 -0.7045 -0.3246 0.8373 -0.3389 -0.4288 0.0148 0.9447 -0.0024 0.3208 0.0678
0.7058 0.0922 -0.6926 -0.1167 0.4291 -0.6264 -0.376 -0.5312 0.702 -0.3814 -0.5876 -0.1281 0.7678 0.0868 -0.6317 0.0621 0.6176 -0.2921 -0.7256 -0.0827 0.7182 0.0383 -0.6948 0.0017 0.9163 0.074 0.324 0.2234 0.6294 -0.0463 -0.7045 -0.3246 0.8373 -0.3389 -0.4288 0.0148 0.9447 -0.0024 0.3208 0.0678
0.7011 0.0848 -0.696 -0.1301 0.4291 -0.6264 -0.376 -0.5312 0.702 -0.3814 -0.5876 -0.1281 0.7721 0.0912 -0.6248 0.0715 0.6147 -0.2843 -0.7262 -0.1183 0.7182 0.0383 -0.6948 0.0017 0.9163 0.074 0.324 0.2234 0.6294 -0.0463 -0.7045 -0.3246 0.8373 -0.3389 -0.4288 0.0148 0.9447 -0.0024 0.3208 0.0678
0.7011 0.0848 -0.696 -0.1301 0.4291 -0.6264 -0.376 -0.5312 0.702 -0.3814 -0.5876 -0.1281 0.7721 0.0912 -0.6248 0.0715 0.6147 -0.2843 -0.7262 -0.1183 0.7182 0.0383 -0.6948 0.0017 0.9163 0.074 0.324 0.2234 0.6294 -0.0463 -0.7045 -0.3246 0.8373 -0.3389 -0.4288 0.0148 0.9447 -0.0024 0.3208 0.0678
0.7011 0.0848 -0.696 -0.1301 0.4291 -0.6264 -0.376 -0.5312 0.702 -0.3814 -0.5876 -0.1281 0.7721 0.0912 -0.6248 0.0715 0.6147 -0.2843 -0.7262 -0.1183 0.7182 0.0383 -0.6948 0.0017 0.9163 0.074 0.324 0.2234 0.6294 -0.0463 -0.7045 -0.3246 0.7221 -0.2367 -0.6331 -0.1478 0.9447 -0.0024 0.3208 0.0678
0.7011 0.0848 -0.696 -0.1301 0.4291 -0.6264 -0.376 -0.5312 0.7109 -0.3777 -0.579 -0.1292 0.7721 0.0912 -0.6248 0.0715 0.6147 -0.2843 -0.7262 -0.1183 0.7182 0.0383 -0.6948 0.0017 0.9163 0.074 0.324 0.2234 0.6294 -0.0463 -0.7045 -0.3246 0.7221 -0.2367 -0.6331 -0.1478 0.9447 -0.0024 0.3208 0.0678
0.7011 0.0848 -0.696 -0.1301 0.4167 -0.6392 -0.3777 -0.5245 0.7109 -0.3777 -0.579 -0.1292 0.7721 0.0912 -0.6248 0.0715 0.6147 -0.2843 -0.7262 -0.1183 0.723 0.0463 -0.6891 -0.0172 0.9163 0.074 0.324 0.2234 0.6294 -0.0463 -0.7045 -0.3246 0.7221 -0.2367 -0.6331 -0.1478 0.9447 -0.0024 0.3208 0.0678
0.7011 0.0848 -0.696 -0.1301 0.4167 -0.6392 -0.3777 -0.5245 0.7109 -0.3777 -0.579 -0.1292 0.7721 0.0912 -0.6248 0.0715 0.6147 -0.2843 -0.7262 -0.1183 0.723 0.0463 -0.6891 -0.0172 0.9163 0.074 0.324 0.2234 0.6207 -0.0644 -0.7241 -0.2938 0.7221 -0.2367 -0.6331 -0.1478 0.9447 -0.0024 0.3208 0.0678
0.6934 0.0701 -0.7059 -0.1266 0.4167 -0.6392 -0.3777 -0.5245 0.7109 -0.3777 -0.579 -0.1292 0.7798 0.101 -0.6149 0.0604 0.6147 -0.2843 -0.7262 -0.1183 0.723 0.0463 -0.6891 -0.0172 0.9163 0.074 0.324 0.2234 0.6207 -0.0644 -0.7241 -0.2938 0.7221 -0.2367 -0.6331 -0.1478 0.9447 -0.0024 0.3208 0.0678
0.6934 0.0701 -0.7059 -0.1266 0.4167 -0.6392 -0.3777 -0.5245 0.7109 -0.3777 -0.579 -0.1292 0.7798 0.101 -0.6149 0.0604 0.6125 -0.2616 -0.7289 -0.1583 0.723 0.0463 -0.6891 -0.0172 0.9163 0.074 0.324 0.2234 0.6207 -0.0644 -0.7241 -0.2938 0.7221 -0.2367 -0.6331 -0.1478 0.9447 -0.0024 0.3208 0.0678
0.6934 0.0701 -0.7059 -0.1266 0.4167 -0.6392 -0.3777 -0.5245 0.7109 -0.3777 -0.579 -0.1292 0.7798 0.101 -0.6149 0.0604 0.6125 -0.2616 -0.7289 -0.1583 0.723 0.0463 -0.6891 -0.0172 0.9163 0.074 0.324 0.2234 0.6207 -0.0644 -0.7241 -0.2938 0.7221 -0.2367 -0.6331 -0.1478 0.9447 -0.0024 0.3208 0.0678
0.6934 0.0701 -0.7059 -0.1266 0.4167 -0.6392 -0.3777 -0.5245 0.7109 -0.3777 -0.579 -0.1292 0.7798 0.101 -0.6149 0.0604 0.6125 -0.2616 -0.7289 -0.1583 0.723 0.0463 -0.6891 -0.0172 0.9163 0.074 0.324 0.2234 0.6207 -0.0644 -0.7241 -0.2938 0.6484 -0.1654 -0.7095 -0.2209 0.9447 -0.0024 0.3208 0.0678
0.6934 0.0701 -0.7059 -0.1266 0.4167 -0.6392 -0.3777 -0.5245 0.7109 -0.3777 -0.579 -0.1292 0.7798 0.101 -0.6149 0.0604 0.6125 -0.2616 -0.7289 -0.1583 0.723 0.0463 -0.6891 -0.0172 0.9163 0.074 0.324 0.2234 0.6207 -0.0644 -0.7241 -0.2938 0.6484 -0.1654 -0.7095 -0.2209 0.9447 -0.0024 0.3208 0.0678
0.6934 0.0701 -0.7059 -0.1266 0.3842 -0.6534 -0.3625 -0.5422 0.7172 -0.3611 -0.5781 -0.1447 0.7798 0.101 -0.6149 0.0604 0.6125 -0.2616 -0.7289 -0.1583 0.7318 0.0656 -0.6776 -0.0338 0.9163 0.074 0.324 0.2234 0.6207 -0.0644 -0.7241 -0.2938 0.6484 -0.1654 -0.7095 -0.2209 0.9732 -0.0253 0.2201 0.0616
0.6934 0.0701 -0.7059 -0.1266 0.3842 -0.6534 -0.3625 -0.5422 0.7172 -0.3611 -0.5781 -0.1447 0.7798 0.101 -0.6149 0.0604 0.6125 -0.2616 -0.7289 -0.1583 0.7318 0.0656 -0.6776 -0.0338 0.9163 0.074 0.324 0.2234 0.6191 -0.1025 -0.715 -0.3082 0.6484 -0.1654 -0.7095 -0.2209 0.9732 -0.0253 0.2201 0.0616
0.6934 0.0701 -0.7059 -0.1266 0.3842 -0.6534 -0.3625 -0.5422 0.7172 -0.3611 -0.5781 -0.1447 0.7798 0.101 -0.6149 0.0604 0.6125 -0.2616 -0.7289 -0.1583 0.7318 0.0656 -0.6776 -0.0338 0.9163 0.074 0.324 0.2234 0.6191 -0.1025 -0.715 -0.3082 0.6484 -0.1654 -0.7095 -0.2209 0.9732 -0.0253 0.2201 0.0616
0.6989 0.0411 -0.7031 -0.1245 0.3842 -0.6534 -0.3625 -0.5422 0.7172 -0.3611 -0.5781 -0.1447 0.7807 0.126 -0.61 0.0507 0.6164 -0.2321 -0.7285 -0.1882 0.7318 0.0656 -0.6776 -0.0338 0.9163 0.074 0.324 0.2234 0.6191 -0.1025 -0.715 -0.3082 0.6484 -0.1654 -0.7095 -0.2209 0.9732 -0.0253 0.2201 0.0616
0.6989 0.0411 -0.7031 -0.1245 0.3842 -0.6534 -0.3625 -0.5422 0.7172 -0.3611 -0.5781 -0.1447 0.7807 0.126 -0.61 0.0507 0.6164 -0.2321 -0.7285 -0.1882 0.7318 0.0656 -0.6776 -0.0338 0.9163 0.074 0.324 0.2234 0.6191 -0.1025 -0.715 -0.3082 0.6484 -0.1654 -0.7095 -0.2209 0.9732 -0.0253 0.2201 0.0616
0.6989 0.0411 -0.7031 -0.1245 0.3842 -0.6534 -0.3625 -0.5422 0.7172 -0.3611 -0.5781 -0.1447 0.7807 0.126 -0.61 0.0507 0.6164 -0.2321 -0.7285 -0.1882 0.7318 0.0656 -0.6776 -0.0338 0.9163 0.074 0.324 0.2234 0.6191 -0.1025 -0.715 -0.3082 0.6169 -0.1561 -0.7327 -0.2414 0.9732 -0.0253 0.2201 0.0616
0.6989 0.0411 -0.7031 -0.1245 0.3842 -0.6534 -0.3625 -0.5422 0.7172 -0.3611 -0.5781 -0.1447 0.7807 0.126 -0.61 0.0507 0.6164 -0.2321 -0.7285 -0.1882 0.7318 0.0656 -0.6776 -0.0338 0.9163 0.074 0.324 0.2234 0.6191 -0.1025 -0.715 -0.3082 0.6169 -0.1561 -0.7327 -0.2414 0.9732 -0.0253 0.2201 0.0616
0.6989 0.0411 -0.7031 -0.1245 0.4009 -0.6337 -0.3695 -0.5488 0.7172 -0.3611 -0.5781 -0.1447 0.7807 0.126 -0.61 0.0507 0.6164 -0.2321 -0.7285 -0.1882 0.7461 0.093 -0.6559 -0.067 0.9163 0.074 0.324 0.2234 0.6191 -0.1025 -0.715 -0.3082 0.6169 -0.1561 -0.7327 -0.2414 0.9732 -0.0253 0.2201 0.0616
0.6989 0.0411 -0.7031 -0.1245 0.4009 -0.6337 -0.3695 -0.5488 0.7172 -0.3611 -0.5781 -0.1447 0.7807 0.126 -0.61 0.0507 0.6164 -0.2321 -0.7285 -0.1882 0.7461 0.093 -0.6559 -0.067 0.9163 0.074 0.324 0.2234 0.6068 -0.1229 -0.73 -0.2896 0.6169 -0.1561 -0.7327 -0.2414 0.9732 -0.0253 0.2201 0.0616
0.6989 0.0411 -0.7031 -0.1245 0.4009 -0.6337 -0.3695 -0.5488 0.7172 -0.3611 -0.5781 -0.1447 0.7807 0.126 -0.61 0.0507 0.6164 -0.2321 -0.7285 -0.1882 0.7461 0.093 -0.6559 -0.067 0.9163 0.074 0.324 0.2234 0.6068 -0.1229 -0.73 -0.2896 0.6169 -0.1561 -0.7327 -0.2414 0.9732 -0.0253 0.2201 0.0616
0.7098 0.025 -0.6935 -0.1209 0.4009 -0.6337 -0.3695 -0.5488 0.7172 -0.3611 -0.5781 -0.1447 0.7758 0.1591 -0.6083 0.053 0.6193 -0.2361 -0.7153 -0.2215 0.7461 0.093 -0.6559 -0.067 0.9163 0.074 0.324 0.2234 0.6068 -0.1229 -0.73 -0.2896 0.6169 -0.1561 -0.7327 -0.2414 0.9732 -0.0253 0.2201 0.0616
0.7098 0.025 -0.6935 -0.1209 0.4009 -0.6337 -0.3695 -0.5488 0.7172 -0.3611 -0.5781 -0.1447 0.7758 0.1591 -0.6083 0.053 0.6193 -0.2361 -0.7153 -0.2215 0.7461 0.093 -0.6559 -0.067 0.9163 0.074 0.324 0.2234 0.6068 -0.1229 -0.73 -0.2896 0.6169 -0.1561 -0.7327 -0.2414 0.9732 -0.0253 0.2201 0.0616
0.7098 0.025 -0.6935 -0.1209 0.4009 -0.6337 -0.3695 -0.5488 0.7172 -0.3611 -0.5781 -0.1447 0.7758 0.1591 -0.6083 0.053 0.6193 -0.2361 -0.7153 -0.2215 0.7461 0.093 -0.6559 -0.067 0.9163 0.074 0.324 0.2234 0.6068 -0.1229 -0.73 -0.2896 0.6331 -0.2017 -0.7152 -0.2167 0.9732 -0.0253 0.2201 0.0616
0.7098 0.025 -0.6935 -0.1209 0.4009 -0.6337 -0.3695 -0.5488 0.7172 -0.3611 -0.5781 -0.1447 0.7758 0.1591 -0.6083 0.053 0.6193 -0.2361 -0.7153 -0.2215 0.7461 0.093 -0.6559 -0.067 0.9163 0.074 0.324 0.2234 0.6068 -0.1229 -0.73 -0.2896 0.6331 -0.2017 -0.7152 -0.2167 0.9732 -0.0253 0.2201 0.0616
0.7098 0.025 -0.6935 -0.1209 0.4097 -0.6346 -0.3448 -0.5572 0.712 -0.3099 -0.6038 -0.1803 0.7758 0.1591 -0.6083 0.053 0.6193 -0.2361 -0.7153 -0.2215 0.7709 0.1453 -0.5963 -0.1704 0.9163 0.074 0.324 0.2234 0.6068 -0.1229 -0.73 -0.2896 0.6331 -0.2017 -0.7152 -0.2167 0.9732 -0.0253 0.2201 0.0616
0.7098 0.025 -0.6935 -0.1209 0.4097 -0.6346 -0.3448 -0.5572 0.712 -0.3099 -0.6038 -0.1803 0.7758 0.1591 -0.6083 0.053 0.6193 -0.2361 -0.7153 -0.2215 0.7709 0.1453 -0.5963 -0.1704 0.9163 0.074 0.324 0.2234 0.6068 -0.1229 -0.73 -0.2896 0.6331 -0.2017 -0.7152 -0.2167 0.9732 -0.0253 0.2201 0.0616
0.7098 0.025 -0.6935 -0.1209 0.4097 -0.6346 -0.3448 -0.5572 0.712 -0.3099 -0.6038 -0.1803 0.7671 0.1747 -0.6145 0.0583 0.6193 -0.2361 -0.7153 -0.2215 0.7709 0.1453 -0.5963 -0.1704 0.9163 0.074 0.324 0.2234 0.6068 -0.1229 -0.73 -0.2896 0.6331 -0.2017 -0.7152 -0.2167 0.9732 -0.0253 0.2201 0.0616
0.7098 0.025 -0.6935 -0.1209 0.4097 -0.6346 -0.3448 -0.5572 0.712 -0.3099 -0.6038 -0.1803 0.7671 0.1747 -0.6145 0.0583 0.6227 -0.3225 -0.6758 -0.227 0.7709 0.1453 -0.5963 -0.1704 0.9163 0.074 0.324 0.2234 0.6068 -0.1229 -0.73 -0.2896 0.6331 -0.2017 -0.7152 -0.2167 0.9732 -0.0253 0.2201 0.0616
0.7098 0.025 -0.6935 -0.1209 0.4097 -0.6346 -0.3448 -0.5572 0.712 -0.3099 -0.6038 -0.1803 0.7671 0.1747 -0.6145 0.0583 0.6227 -0.3225 -0.6758 -0.227 0.7709 0.1453 -0.5963 -0.1704 0.9163 0.074 0.324 0.2234 0.6068 -0.1229 -0.73 -0.2896 0.6331 -0.2017 -0.7152 -0.2167 0.9732 -0.0253 0.2201 0.0616
0.7098 0.025 -0.6935 -0.1209 0.4097 -0.6346 -0.3448 -0.5572 0.712 -0.3099 -0.6038 -0.1803 0.7671 0.1747 -0.6145 0.0583 0.6227 -0.3225 -0.6758 -0.227 0.7709 0.1453 -0.5963 -0.1704 0.9163 0.074 0.324 0.2234 0.6068 -0.1229 -0.73 -0.2896 0.6449 -0.2319 -0.7012 -0.1965 0.9732 -0.0253 0.2201 0.0616
0.7098 0.025 -0.6935 -0.1209 0.4097 -0.6346 -0.3448 -0.5572 0.696 -0.2999 -0.6138 -0.2209 0.7671 0.1747 -0.6145 0.0583 0.6227 -0.3225 -0.6758 -0.227 0.7709 0.1453 -0.5963 -0.1704 0.9163 0.074 0.324 0.2234 0.6068 -0.1229 -0.73 -0.2896 0.6449 -0.2319 -0.7012 -0.1965 0.9732 -0.0253 0.2201 0.0616
0.7098 0.025 -0.6935 -0.1209 0.4251 -0.6486 -0.3158 -0.5468 0.696 -0.2999 -0.6138 -0.2209 0.7671 0.1747 -0.6145 0.0583 0.6227 -0.3225 -0.6758 -0.227 0.7747 0.241 -0.5432 -0.2161 0.9163 0.074 0.324 0.2234 0.6068 -0.1229 -0.73 -0.2896 0.6449 -0.2319 -0.7012 -0.1965 0.9732 -0.0253 0.2201 0.0616
0.7098 0.025 -0.6935 -0.1209 0.4251 -0.6486 -0.3158 -0.5468 0.696 -0.2999 -0.6138 -0.2209 0.7671 0.1747 -0.6145 0.0583 0.6227 -0.3225 -0.6758 -0.227 0.7747 0.241 -0.5432 -0.2161 0.9163 0.074 0.324 0.2234 0.6068 -0.1229 -0.73 -0.2896 0.6449 -0.2319 -0.7012 -0.1965 0.9732 -0.0253 0.2201 0.0616
0.7098 0.025 -0.6935 -0.1209 0.4251 -0.6486 -0.3158 -0.5468 0.696 -0.2999 -0.6138 -0.2209 0.7671 0.1747 -0.6145 0.0583 0.6227 -0.3225 -0.6758 -0.227 0.7747 0.241 -0.5432 -0.2161 0.9163 0.074 0.324 0.2234 0.6068 -0.1229 -0.73 -0.2896 0.6449 -0.2319 -0.7012 -0.1965 0.9732 -0.0253 0.2201 0.0616
0.7324 -0.0516 -0.665 -0.1364 0.4251 -0.6486 -0.3158 -0.5468 0.696 -0.2999 -0.6138 -0.2209 0.765 0.1763 -0.6177 0.0448 0.6235 -0.3883 -0.6664 -0.1281 0.7747 0.241 -0.5432 -0.2161 0.9163 0.074 0.324 0.2234 0.6155 -0.2124 -0.7319 -0.2009 0.6449 -0.2319 -0.7012 -0.1965 0.9732 -0.0253 0.2201 0.0616
0.7324 -0.0516 -0.665 -0.1364 0.4251 -0.6486 -0.3158 -0.5468 0.696 -0.2999 -0.6138 -0.2209 0.765 0.1763 -0.6177 0.0448 0.6235 -0.3883 -0.6664 -0.1281 0.7747 0.241 -0.5432 -0.2161 0.9163 0.074 0.324 0.2234 0.6155 -0.2124 -0.7319 -0.2009 0.6449 -0.2319 -0.7012 -0.1965 0.9732 -0.0253 0.2201 0.0616
0.7324 -0.0516 -0.665 -0.1364 0.4251 -0.6486 -0.3158 -0.5468 0.685 -0.2974 -0.6111 -0.2624 0.765 0.1763 -0.6177 0.0448 0.6235 -0.3883 -0.6664 -0.1281 0.7747 0.241 -0.5432 -0.2161 0.9163 0.074 0.324 0.2234 0.6155 -0.2124 -0.7319 -0.2009 0.6542 -0.2439 -0.6922 -0.1829 0.9732 -0.0253 0.2201 0.0616
0.7324 -0.0516 -0.665 -0.1364 0.4251 -0.6486 -0.3158 -0.5468 0.685 -0.2974 -0.6111 -0.2624 0.765 0.1763 -0.6177 0.0448 0.6235 -0.3883 -0.6664 -0.1281 0.7747 0.241 -0.5432 -0.2161 0.9163 0.074 0.324 0.2234 0.6155 -0.2124 -0.7319 -0.2009 0.6542 -0.2439 -0.6922 -0.1829 0.9732 -0.0253 0.2201 0.0616
0.7324 -0.0516 -0.665 -0.1364 0.4317 -0.6539 -0.2974 -0.5455 0.685 -0.2974 -0.6111 -0.2624 0.765 0.1763 -0.6177 0.0448 0.6235 -0.3883 -0.6664 -0.1281 0.7787 0.1708 -0.5788 -0.1715 0.9163 0.074 0.324 0.2234 0.6155 -0.2124 -0.7319 -0.2009 0.6542 -0.2439 -0.6922 -0.1829 0.9732 -0.0253 0.2201 0.0616
0.7324 -0.0516 -0.665 -0.1364 0.4317 -0.6539 -0.2974 -0.5455 0.685 -0.2974 -0.6111 -0.2624 0.765 0.1763 -0.6177 0.0448 0.6235 -0.3883 -0.6664 -0.1281 0.7787 0.1708 -0.5788 -0.1715 0.9163 0.074 0.324 0.2234 0.6155 -0.2124 -0.7319 -0.2009 0.6542 -0.2439 -0.6922 -0.1829 0.9732 -0.0253 0.2201 0.0616
0.7415 -0.0505 -0.6557 -0.1332 0.4317 -0.6539 -0.2974 -0.5455 0.685 -0.2974 -0.6111 -0.2624 0.7654 0.1705 -0.6193 0.0406 0.6235 -0.3883 -0.6664 -0.1281 0.7787 0.1708 -0.5788 -0.1715 0.9163 0.074 0.324 0.2234 0.6259 -0.2131 -0.7331 -0.1595 0.6542 -0.2439 -0.6922 -0.1829 0.9732 -0.0253 0.2201 0.0616
0.7415 -0.0505 -0.6557 -0.1332 0.4317 -0.6539 -0.2974 -0.5455 0.685 -0.2974 -0.6111 -0.2624 0.7654 0.1705 -0.6193 0.0406 0.6436 -0.3882 -0.6586 -0.035 0.7787 0.1708 -0.5788 -0.1715 0.9163 0.074 0.324 0.2234 0.6259 -0.2131 -0.7331 -0.1595 0.6542 -0.2439 -0.6922 -0.1829 0.9732 -0.0253 0.2201 0.0616
0.7415 -0.0505 -0.6557 -0.1332 0.4317 -0.6539 -0.2974 -0.5455 0.685 -0.2974 -0.6111 -0.2624 0.7654 0.1705 -0.6193 0.0406 0.6436 -0.3882 -0.6586 -0.035 0.7787 0.1708 -0.5788 -0.1715 0.9163 0.074 0.324 0.2234 0.6259 -0.2131 -0.7331 -0.1595 0.6542 -0.2439 -0.6922 -0.1829 0.9732 -0.0253 0.2201 0.0616
0.7415 -0.0505 -0.6557 -0.1332 0.4317 -0.6539 -0.2974 -0.5455 0.685 -0.2974 -0.6111 -0.2624 0.7654 0.1705 -0.6193 0.0406 0.6436 -0.3882 -0.6586 -0.035 0.7787 0.1708 -0.5788 -0.1715 0.9163 0.074 0.324 0.2234 0.6259 -0.2131 -0.7331 -0.1595 0.6754 -0.2549 -0.6723 -0.1641 0.9732 -0.0253 0.2201 0.0616
0.7415 -0.0505 -0.6557 -0.1332 0.4317 -0.6539 -0.2974 -0.5455 0.6645 -0.3121 -0.6039 -0.3103 0.7654 0.1705 -0.6193 0.0406 0.6436 -0.3882 -0.6586 -0.035 0.7787 0.1708 -0.5788 -0.1715 0.9163 0.074 0.324 0.2234 0.6259 -0.2131 -0.7331 -0.1595 0.6754 -0.2549 -0.6723 -0.1641 0.9732 -0.0253 0.2201 0.0616
0.7415 -0.0505 -0.6557 -0.1332 0.4343 -0.6354 -0.3122 -0.557 0.6645 -0.3121 -0.6039 -0.3103 0.7654 0.1705 -0.6193 0.0406 0.6436 -0.3882 -0.6586 -0.035 0.747 0.031 -0.664 0.0101 0.9163 0.074 0.324 0.2234 0.6259 -0.2131 -0.7331 -0.1595 0.6754 -0.2549 -0.6723 -0.1641 0.9732 -0.0253 0.2201 0.0616
0.7415 -0.0505 -0.6557 -0.1332 0.4343 -0.6354 -0.3122 -0.557 0.6645 -0.3121 -0.6039 -0.3103 0.7654 0.1705 -0.6193 0.0406 0.6436 -0.3882 -0.6586 -0.035 0.747 0.031 -0.664 0.0101 0.9163 0.074 0.324 0.2234 0.6259 -0.2131 -0.7331 -0.1595 0.6754 -0.2549 -0.6723 -0.1641 0.9732 -0.0253 0.2201 0.0616
0.7415 -0.0505 -0.6557 -0.1332 0.4343 -0.6354 -0.3122 -0.557 0.6645 -0.3121 -0.6039 -0.3103 0.7654 0.1705 -0.6193 0.0406 0.6436 -0.3882 -0.6586 -0.035 0.747 0.031 -0.664 0.0101 0.9163 0.074 0.324 0.2234 0.6259 -0.2131 -0.7331 -0.1595 0.6754 -0.2549 -0.6723 -0.1641 0.9732 -0.0253 0.2201 0.0616
0.7444 -0.0235 -0.6539 -0.1331 0.4343 -0.6354 -0.3122 -0.557 0.6645 -0.3121 -0.6039 -0.3103 0.7665 0.1553 -0.6231 0.003 0.6453 -0.3685 -0.6687 -0.0255 0.747 0.031 -0.664 0.0101 0.9163 0.074 0.324 0.2234 0.6408 -0.1983 -0.732 -0.1193 0.6754 -0.2549 -0.6723 -0.1641 0.9732 -0.0253 0.2201 0.0616
0.7444 -0.0235 -0.6539 -0.1331 0.4343 -0.6354 -0.3122 -0.557 0.6645 -0.3121 -0.6039 -0.3103 0.7665 0.1553 -0.6231 0.003 0.6453 -0.3685 -0.6687 -0.0255 0.747 0.031 -0.664 0.0101 0.9163 0.074 0.324 0.2234 0.6408 -0.1983 -0.732 -0.1193 0.6754 -0.2549 -0.6723 -0.1641 0.9732 -0.0253 0.2201 0.0616
0.7444 -0.0235 -0.6539 -0.1331 0.4343 -0.6354 -0.3122 -0.557 0.6645 -0.3121 -0.6039 -0.3103 0.7665 0.1553 -0.6231 0.003 0.6453 -0.3685 -0.6687 -0.0255 0.747 0.031 -0.664 0.0101 0.9163 0.074 0.324 0.2234 0.6408 -0.1983 -0.732 -0.1193 0.6754 -0.2549 -0.6723 -0.1641 0.9732 -0.0253 0.2201 0.0616
0.7444 -0.0235 -0.6539 -0.1331 0.4343 -0.6354 -0.3122 -0.557 0.6645 -0.3121 -0.6039 -0.3103 0.7665 0.1553 -0.6231 0.003 0.6453 -0.3685 -0.6687 -0.0255 0.747 0.031 -0.664 0.0101 0.9163 0.074 0.324 0.2234 0.6408 -0.1983 -0.732 -0.1193 0.6959 -0.2567 -0.6553 -0.1431 0.9732 -0.0253 0.2201 0.0616
0.7444 -0.0235 -0.6539 -0.1331 0.4261 -0.6125 -0.3418 -0.5714 0.662 -0.3338 -0.5912 -0.3175 0.7665 0.1553 -0.6231 0.003 0.6453 -0.3685 -0.6687 -0.0255 0.7108 -0.0682 -0.6935 0.0964 0.9163 0.074 0.324 0.2234 0.6408 -0.1983 -0.732 -0.1193 0.6959 -0.2567 -0.6553 -0.1431 0.9732 -0.0253 0.2201 0.0616
0.7444 -0.0235 -0.6539 -0.1331 0.4261 -0.6125 -0.3418 -0.5714 0.662 -0.3338 -0.5912 -0.3175 0.7665 0.1553 -0.6231 0.003 0.6453 -0.3685 -0.6687 -0.0255 0.7108 -0.0682 -0.6935 0.0964 0.9163 0.074 0.324 0.2234 0.6408 -0.1983 -0.732 -0.1193 0.6959 -0.2567 -0.6553 -0.1431 0.9732 -0.0253 0.2201 0.0616
0.7444 -0.0235 -0.6539 -0.1331 0.4261 -0.6125 -0.3418 -0.5714 0.662 -0.3338 -0.5912 -0.3175 0.7617 0.1689 -0.6251 -0.0237 0.6453 -0.3685 -0.6687 -0.0255 0.7108 -0.0682 -0.6935 0.0964 0.9163 0.074 0.324 0.2234 0.6567 -0.2014 -0.7225 -0.0785 0.6959 -0.2567 -0.6553 -0.1431 0.9732 -0.0253 0.2201 0.0616
0.7356 -0.0046 -0.6632 -0.138 0.4261 -0.6125 -0.3418 -0.5714 0.662 -0.3338 -0.5912 -0.3175 0.7617 0.1689 -0.6251 -0.0237 0.6512 -0.3466 -0.6743 -0.0325 0.7108 -0.0682 -0.6935 0.0964 0.9163 0.074 0.324 0.2234 0.6567 -0.2014 -0.7225 -0.0785 0.6959 -0.2567 -0.6553 -0.1431 0.9732 -0.0253 0.2201 0.0616
0.7356 -0.0046 -0.6632 -0.138 0.4261 -0.6125 -0.3418 -0.5714 0.662 -0.3338 -0.5912 -0.3175 0.7617 0.1689 -0.6251 -0.0237 0.6512 -0.3466 -0.6743 -0.0325 0.7108 -0.0682 -0.6935 0.0964 0.9163 0.074 0.324 0.2234 0.6567 -0.2014 -0.7225 -0.0785 0.6959 -0.2567 -0.6553 -0.1431 0.9732 -0.0253 0.2201 0.0616
0.7356 -0.0046 -0.6632 -0.138 0.4261 -0.6125 -0.3418 -0.5714 0.662 -0.3338 -0.5912 -0.3175 0.7617 0.1689 -0.6251 -0.0237 0.6512 -0.3466 -0.6743 -0.0325 0.7108 -0.0682 -0.6935 0.0964 0.9163 0.074 0.324 0.2234 0.6567 -0.2014 -0.7225 -0.0785 0.6959 -0.2567 -0.6553 -0.1431 0.9732 -0.0253 0.2201 0.0616
0.7356 -0.0046 -0.6632 -0.138 0.4261 -0.6125 -0.3418 -0.5714 0.662 -0.3338 -0.5912 -0.3175 0.7617 0.1689 -0.6251 -0.0237 0.6512 -0.3466 -0.6743 -0.0325 0.7108 -0.0682 -0.6935 0.0964 0.9163 0.074 0.324 0.2234 0.6567 -0.2014 -0.7225 -0.0785 0.6959 -0.2567 -0.6553 -0.1431 0.9732 -0.0253 0.2201 0.0616
0.7356 -0.0046 -0.6632 -0.138 0.4099 -0.6028 -0.363 -0.5804 0.6855 -0.336 -0.5911 -0.2604 0.7617 0.1689 -0.6251 -0.0237 0.6512 -0.3466 -0.6743 -0.0325 0.7006 -0.0558 -0.7068 0.0807 0.9163 0.074 0.324 0.2234 0.6567 -0.2014 -0.7225 -0.0785 0.7283 -0.2756 -0.6141 -0.1286 0.95 -0.0014 0.3092 0.0428
0.7356 -0.0046 -0.6632 -0.138 0.4099 -0.6028 -0.363 -0.5804 0.6855 -0.336 -0.5911 -0.2604 0.7617 0.1689 -0.6251 -0.0237 0.6512 -0.3466 -0.6743 -0.0325 0.7006 -0.0558 -0.7068 0.0807 0.9163 0.074 0.324 0.2234 0.6627 -0.2155 -0.712 -0.0862 0.7283 -0.2756 -0.6141 -0.1286 0.95 -0.0014 0.3092 0.0428
0.7191 0.0221 -0.6804 -0.14 0.4099 -0.6028 -0.363 -0.5804 0.6855 -0.336 -0.5911 -0.2604 0.7644 0.1779 -0.6197 -0.0032 0.6512 -0.3466 -0.6743 -0.0325 0.7006 -0.0558 -0.7068 0.0807 0.9163 0.074 0.324 0.2234 0.6627 -0.2155 -0.712 -0.0862 0.7283 -0.2756 -0.6141 -0.1286 0.95 -0.0014 0.3092 0.0428
0.7191 0.0221 -0.6804 -0.14 0.4099 -0.6028 -0.363 -0.5804 0.6855 -0.336 -0.5911 -0.2604 0.7644 0.1779 -0.6197 -0.0032 0.6268 -0.3595 -0.689 -0.0565 0.7006 -0.0558 -0.7068 0.0807 0.9163 0.074 0.324 0.2234 0.6627 -0.2155 -0.712 -0.0862 0.7283 -0.2756 -0.6141 -0.1286 0.95 -0.0014 0.3092 0.0428
0.7191 0.0221 -0.6804 -0.14 0.4099 -0.6028 -0.363 -0.5804 0.6855 -0.336 -0.5911 -0.2604 0.7644 0.1779 -0.6197 -0.0032 0.6268 -0.3595 -0.689 -0.0565 0.7006 -0.0558 -0.7068 0.0807 0.9163 0.074 0.324 0.2234 0.6627 -0.2155 -0.712 -0.0862 0.7283 -0.2756 -0.6141 -0.1286 0.95 -0.0014 0.3092 0.0428
0.7191 0.0221 -0.6804 -0.14 0.4099 -0.6028 -0.363 -0.5804 0.6855 -0.336 -0.5911 -0.2604 0.7644 0.1779 -0.6197 -0.0032 0.6268 -0.3595 -0.689 -0.0565 0.7006 -0.0558 -0.7068 0.0807 0.9163 0.074 0.324 0.2234 0.6627 -0.2155 -0.712 -0.0862 0.8088 -0.3026 -0.5028 -0.0372 0.95 -0.0014 0.3092 0.0428
0.7191 0.0221 -0.6804 -0.14 0.4099 -0.6028 -0.363 -0.5804 0.7018 -0.3596 -0.5825 -0.197 0.7644 0.1779 -0.6197 -0.0032 0.6268 -0.3595 -0.689 -0.0565 0.7006 -0.0558 -0.7068 0.0807 0.9163 0.074 0.324 0.2234 0.6627 -0.2155 -0.712 -0.0862 0.8088 -0.3026 -0.5028 -0.0372 0.95 -0.0014 0.3092 0.0428
0.7191 0.0221 -0.6804 -0.14 0.4051 -0.6169 -0.3686 -0.5652 0.7018 -0.3596 -0.5825 -0.197 0.7644 0.1779 -0.6197 -0.0032 0.6268 -0.3595 -0.689 -0.0565 0.7156 0.0131 -0.6968 0.047 0.9163 0.074 0.324 0.2234 0.6627 -0.2155 -0.712 -0.0862 0.8088 -0.3026 -0.5028 -0.0372 0.95 -0.0014 0.3092 0.0428
0.7191 0.0221 -0.6804 -0.14 0.4051 -0.6169 -0.3686 -0.5652 0.7018 -0.3596 -0.5825 -0.197 0.7644 0.1779 -0.6197 -0.0032 0.6268 -0.3595 -0.689 -0.0565 0.7156 0.0131 -0.6968 0.047 0.9163 0.074 0.324 0.2234 0.6627 -0.2155 -0.712 -0.0862 0.8088 -0.3026 -0.5028 -0.0372 0.95 -0.0014 0.3092 0.0428
0.7191 0.0221 -0.6804 -0.14 0.4051 -0.6169 -0.3686 -0.5652 0.7018 -0.3596 -0.5825 -0.197 0.7766 0.1353 -0.6149 0.0244 0.6268 -0.3595 -0.689 -0.0565 0.7156 0.0131 -0.6968 0.047 0.9163 0.074 0.324 0.2234 0.6728 -0.1387 -0.6966 -0.207 0.8088 -0.3026 -0.5028 -0.0372 0.95 -0.0014 0.3092 0.0428
0.7123 0.0481 -0.6893 -0.1238 0.4051 -0.6169 -0.3686 -0.5652 0.7018 -0.3596 -0.5825 -0.197 0.7766 0.1353 -0.6149 0.0244 0.6212 -0.3508 -0.6991 -0.0487 0.7156 0.0131 -0.6968 0.047 0.9163 0.074 0.324 0.2234 0.6728 -0.1387 -0.6966 -0.207 0.8088 -0.3026 -0.5028 -0.0372 0.95 -0.0014 0.3092 0.0428
0.7123 0.0481 -0.6893 -0.1238 0.4051 -0.6169 -0.3686 -0.5652 0.7018 -0.3596 -0.5825 -0.197 0.7766 0.1353 -0.6149 0.0244 0.6212 -0.3508 -0.6991 -0.0487 0.7156 0.0131 -0.6968 0.047 0.9163 0.074 0.324 0.2234 0.6728 -0.1387 -0.6966 -0.207 0.8088 -0.3026 -0.5028 -0.0372 0.95 -0.0014 0.3092 0.0428
0.7123 0.0481 -0.6893 -0.1238 0.4051 -0.6169 -0.3686 -0.5652 0.7018 -0.3596 -0.5825 -0.197 0.7766 0.1353 -0.6149 0.0244 0.6212 -0.3508 -0.6991 -0.0487 0.7156 0.0131 -0.6968 0.047 0.9163 0.074 0.324 0.2234 0.6728 -0.1387 -0.6966 -0.207 0.8088 -0.3026 -0.5028 -0.0372 0.95 -0.0014 0.3092 0.0428
0.7123 0.0481 -0.6893 -0.1238 0.4051 -0.6169 -0.3686 -0.5652 0.7018 -0.3596 -0.5825 -0.197 0.7766 0.1353 -0.6149 0.0244 0.6212 -0.3508 -0.6991 -0.0487 0.7156 0.0131 -0.6968 0.047 0.9163 0.074 0.324 0.2234 0.6728 -0.1387 -0.6966 -0.207 0.8341 -0.337 -0.4362 0.0226 0.95 -0.0014 0.3092 0.0428
0.7123 0.0481 -0.6893 -0.1238 0.4261 -0.6371 -0.3701 -0.5249 0.7007 -0.3801 -0.5801 -0.1671 0.7766 0.1353 -0.6149 0.0244 0.6212 -0.3508 -0.6991 -0.0487 0.7198 0.0286 -0.6936 0.0073 0.9163 0.074 0.324 0.2234 0.6728 -0.1387 -0.6966 -0.207 0.8341 -0.337 -0.4362 0.0226 0.95 -0.0014 0.3092 0.0428
0.7123 0.0481 -0.6893 -0.1238 0.4261 -0.6371 -0.3701 -0.5249 0.7007 -0.3801 -0.5801 -0.1671 0.7766 0.1353 -0.6149 0.0244 0.6212 -0.3508 -0.6991 -0.0487 0.7198 0.0286 -0.6936 0.0073 0.9163 0.074 0.324 0.2234 0.6728 -0.1387 -0.6966 -0.207 0.8341 -0.337 -0.4362 0.0226 0.95 -0.0014 0.3092 0.0428
0.7124 0.0563 -0.6919 -0.1028 0.4261 -0.6371 -0.3701 -0.5249 0.7007 -0.3801 -0.5801 -0.1671 0.7815 0.0811 -0.6175 0.0369 0.6212 -0.3508 -0.6991 -0.0487 0.7198 0.0286 -0.6936 0.0073 0.9163 0.074 0.324 0.2234 0.6559 -0.0441 -0.7164 -0.2339 0.8341 -0.337 -0.4362 0.0226 0.95 -0.0014 0.3092 0.0428
0.7124 0.0563 -0.6919 -0.1028 0.4261 -0.6371 -0.3701 -0.5249 0.7007 -0.3801 -0.5801 -0.1671 0.7815 0.0811 -0.6175 0.0369 0.6083 -0.3459 -0.7091 -0.0861 0.7198 0.0286 -0.6936 0.0073 0.9163 0.074 0.324 0.2234 0.6559 -0.0441 -0.7164 -0.2339 0.8341 -0.337 -0.4362 0.0226 0.95 -0.0014 0.3092 0.0428
0.7124 0.0563 -0.6919 -0.1028 0.4261 -0.6371 -0.3701 -0.5249 0.7007 -0.3801 -0.5801 -0.1671 0.7815 0.0811 -0.6175 0.0369 0.6083 -0.3459 -0.7091 -0.0861 0.7198 0.0286 -0.6936 0.0073 0.9163 0.074 0.324 0.2234 0.6559 -0.0441 -0.7164 -0.2339 0.8341 -0.337 -0.4362 0.0226 0.95 -0.0014 0.3092 0.0428
0.7124 0.0563 -0.6919 -0.1028 0.4261 -0.6371 -0.3701 -0.5249 0.7007 -0.3801 -0.5801 -0.1671 0.7815 0.0811 -0.6175 0.0369 0.6083 -0.3459 -0.7091 -0.0861 0.7198 0.0286 -0.6936 0.0073 0.9163 0.074 0.324 0.2234 0.6559 -0.0441 -0.7164 -0.2339 0.8341 -0.337 -0.4362 0.0226 0.95 -0.0014 0.3092 0.0428
0.7124 0.0563 -0.6919 -0.1028 0.4261 -0.6371 -0.3701 -0.5249 0.7007 -0.3801 -0.5801 -0.1671 0.7815 0.0811 -0.6175 0.0369 0.6083 -0.3459 -0.7091 -0.0861 0.7198 0.0286 -0.6936 0.0073 0.9163 0.074 0.324 0.2234 0.6559 -0.0441 -0.7164 -0.2339 0.8341 -0.337 -0.4362 0.0226 0.95 -0.0014 0.3092 0.0428
0.7124 0.0563 -0.6919 -0.1028 0.4329 -0.6659 -0.3514 -0.4956 0.7063 -0.3778 -0.5812 -0.1436 0.7815 0.0811 -0.6175 0.0369 0.6083 -0.3459 -0.7091 -0.0861 0.7252 0.0524 -0.6865 0.0116 0.9278 0.0483 0.3093 0.2029 0.6559 -0.0441 -0.7164 -0.2339 0.8341 -0.337 -0.4362 0.0226 0.95 -0.0014 0.3092 0.0428
0.7124 0.0563 -0.6919 -0.1028 0.4329 -0.6659 -0.3514 -0.4956 0.7063 -0.3778 -0.5812 -0.1436 0.7815 0.0811 -0.6175 0.0369 0.6083 -0.3459 -0.7091 -0.0861 0.7252 0.0524 -0.6865 0.0116 0.9278 0.0483 0.3093 0.2029 0.626 -0.0783 -0.692 -0.3511 0.8341 -0.337 -0.4362 0.0226 0.95 -0.0014 0.3092 0.0428
0.7132 0.0539 -0.6931 -0.0901 0.4329 -0.6659 -0.3514 -0.4956 0.7063 -0.3778 -0.5812 -0.1436 0.7808 0.0752 -0.6179 0.0544 0.6083 -0.3459 -0.7091 -0.0861 0.7252 0.0524 -0.6865 0.0116 0.9278 0.0483 0.3093 0.2029 0.626 -0.0783 -0.692 -0.3511 0.8341 -0.337 -0.4362 0.0226 0.95 -0.0014 0.3092 0.0428
0.7132 0.0539 -0.6931 -0.0901 0.4329 -0.6659 -0.3514 -0.4956 0.7063 -0.3778 -0.5812 -0.1436 0.7808 0.0752 -0.6179 0.0544 0.6136 -0.299 -0.7255 -0.0876 0.7252 0.0524 -0.6865 0.0116 0.9278 0.0483 0.3093 0.2029 0.626 -0.0783 -0.692 -0.3511 0.8341 -0.337 -0.4362 0.0226 0.95 -0.0014 0.3092 0.0428
0.7132 0.0539 -0.6931 -0.0901 0.4329 -0.6659 -0.3514 -0.4956 0.7063 -0.3778 -0.5812 -0.1436 0.7808 0.0752 -0.6179 0.0544 0.6136 -0.299 -0.7255 -0.0876 0.7252 0.0524 -0.6865 0.0116 0.9278 0.0483 0.3093 0.2029 0.626 -0.0783 -0.692 -0.3511 0.8341 -0.337 -0.4362 0.0226 0.95 -0.0014 0.3092 0.0428
0.7132 0.0539 -0.6931 -0.0901 0.4329 -0.6659 -0.3514 -0.4956 0.7063 -0.3778 -0.5812 -0.1436 0.7808 0.0752 -0.6179 0.0544 0.6136 -0.299 -0.7255 -0.0876 0.7252 0.0524 -0.6865 0.0116 0.9278 0.0483 0.3093 0.2029 0.626 -0.0783 -0.692 -0.3511 0.7408 -0.2426 -0.61 -0.142 0.95 -0.0014 0.3092 0.0428
0.7132 0.0539 -0.6931 -0.0901 0.4329 -0.6659 -0.3514 -0.4956 0.7063 -0.3778 -0.5812 -0.1436 0.7808 0.0752 -0.6179 0.0544 0.6136 -0.299 -0.7255 -0.0876 0.7252 0.0524 -0.6865 0.0116 0.9278 0.0483 0.3093 0.2029 0.626 -0.0783 -0.692 -0.3511 0.7408 -0.2426 -0.61 -0.142 0.9312 -0.0093 0.3563 0.0771
0.7132 0.0539 -0.6931 -0.0901 0.439 -0.6752 -0.3533 -0.476 0.7063 -0.3778 -0.5812 -0.1436 0.7808 0.0752 -0.6179 0.0544 0.6136 -0.299 -0.7255 -0.0876 0.7275 0.082 -0.6809 0.022 0.9278 0.0483 0.3093 0.2029 0.626 -0.0783 -0.692 -0.3511 0.7408 -0.2426 -0.61 -0.142 0.9312 -0.0093 0.3563 0.0771
0.7132 0.0539 -0.6931 -0.0901 0.439 -0.6752 -0.3533 -0.476 0.7063 -0.3778 -0.5812 -0.1436 0.7808 0.0752 -0.6179 0.0544 0.6136 -0.299 -0.7255 -0.0876 0.7275 0.082 -0.6809 0.022 0.9278 0.0483 0.3093 0.2029 0.626 -0.0783 -0.692 -0.3511 0.7408 -0.2426 -0.61 -0.142 0.9312 -0.0093 0.3563 0.0771
0.7132 0.0539 -0.6931 -0.0901 0.439 -0.6752 -0.3533 -0.476 0.7063 -0.3778 -0.5812 -0.1436 0.7811 0.0993 -0.6097 0.0911 0.6136 -0.299 -0.7255 -0.0876 0.7275 0.082 -0.6809 0.022 0.9278 0.0483 0.3093 0.2029 0.617 -0.0584 -0.7122 -0.3297 0.7408 -0.2426 -0.61 -0.142 0.9312 -0.0093 0.3563 0.0771
0.7151 0.0555 -0.6923 -0.0796 0.439 -0.6752 -0.3533 -0.476 0.7063 -0.3778 -0.5812 -0.1436 0.7811 0.0993 -0.6097 0.0911 0.6151 -0.2493 -0.7405 -0.1057 0.7275 0.082 -0.6809 0.022 0.9278 0.0483 0.3093 0.2029 0.617 -0.0584 -0.7122 -0.3297 0.7408 -0.2426 -0.61 -0.142 0.9312 -0.0093 0.3563 0.0771
0.7151 0.0555 -0.6923 -0.0796 0.439 -0.6752 -0.3533 -0.476 0.7063 -0.3778 -0.5812 -0.1436 0.7811 0.0993 -0.6097 0.0911 0.6151 -0.2493 -0.7405 -0.1057 0.7275 0.082 -0.6809 0.022 0.9278 0.0483 0.3093 0.2029 0.617 -0.0584 -0.7122 -0.3297 0.7408 -0.2426 -0.61 -0.142 0.9312 -0.0093 0.3563 0.0771
0.7151 0.0555 -0.6923 -0.0796 0.439 -0.6752 -0.3533 -0.476 0.7063 -0.3778 -0.5812 -0.1436 0.7811 0.0993 -0.6097 0.0911 0.6151 -0.2493 -0.7405 -0.1057 0.7275 0.082 -0.6809 0.022 0.9278 0.0483 0.3093 0.2029 0.617 -0.0584 -0.7122 -0.3297 0.7408 -0.2426 -0.61 -0.142 0.9312 -0.0093 0.3563 0.0771
0.7151 0.0555 -0.6923 -0.0796 0.439 -0.6752 -0.3533 -0.476 0.7195 -0.3383 -0.5974 -0.1049 0.7811 0.0993 -0.6097 0.0911 0.6151 -0.2493 -0.7405 -0.1057 0.7275 0.082 -0.6809 0.022 0.9287 0.0485 0.3057 0.2041 0.617 -0.0584 -0.7122 -0.3297 0.7408 -0.2426 -0.61 -0.142 0.9699 -0.0217 0.2284 0.0816
0.7151 0.0555 -0.6923 -0.0796 0.439 -0.6752 -0.3533 -0.476 0.7195 -0.3383 -0.5974 -0.1049 0.7811 0.0993 -0.6097 0.0911 0.6151 -0.2493 -0.7405 -0.1057 0.7288 0.0933 -0.6783 0.0018 0.9287 0.0485 0.3057 0.2041 0.617 -0.0584 -0.7122 -0.3297 0.7408 -0.2426 -0.61 -0.142 0.9699 -0.0217 0.2284 0.0816
0.7151 0.0555 -0.6923 -0.0796 0.439 -0.6752 -0.3533 -0.476 0.7195 -0.3383 -0.5974 -0.1049 0.7811 0.0993 -0.6097 0.0911 0.6151 -0.2493 -0.7405 -0.1057 0.7288 0.0933 -0.6783 0.0018 0.9287 0.0485 0.3057 0.2041 0.617 -0.0584 -0.7122 -0.3297 0.7408 -0.2426 -0.61 -0.142 0.9699 -0.0217 0.2284 0.0816
0.7151 0.0555 -0.6923 -0.0796 0.439 -0.6752 -0.3533 -0.476 0.7195 -0.3383 -0.5974 -0.1049 0.7825 0.1152 -0.6016 0.1119 0.6151 -0.2493 -0.7405 -0.1057 0.7288 0.0933 -0.6783 0.0018 0.9287 0.0485 0.3057 0.2041 0.6182 -0.0749 -0.7195 -0.3073 0.7408 -0.2426 -0.61 -0.142 0.9699 -0.0217 0.2284 0.0816
0.7216 0.0325 -0.6863 -0.0856 0.439 -0.6752 -0.3533 -0.476 0.7195 -0.3383 -0.5974 -0.1049 0.7825 0.1152 -0.6016 0.1119 0.6194 -0.2125 -0.7402 -0.1525 0.7288 0.0933 -0.6783 0.0018 0.9287 0.0485 0.3057 0.2041 0.6182 -0.0749 -0.7195 -0.3073 0.7408 -0.2426 -0.61 -0.142 0.9699 -0.0217 0.2284 0.0816
0.7216 0.0325 -0.6863 -0.0856 0.439 -0.6752 -0.3533 -0.476 0.7195 -0.3383 -0.5974 -0.1049 0.7825 0.1152 -0.6016 0.1119 0.6194 -0.2125 -0.7402 -0.1525 0.7288 0.0933 -0.6783 0.0018 0.9287 0.0485 0.3057 0.2041 0.6182 -0.0749 -0.7195 -0.3073 0.7408 -0.2426 -0.61 -0.142 0.9699 -0.0217 0.2284 0.0816
0.7216 0.0325 -0.6863 -0.0856 0.439 -0.6752 -0.3533 -0.476 0.7195 -0.3383 -0.5974 -0.1049 0.7825 0.1152 -0.6016 0.1119 0.6194 -0.2125 -0.7402 -0.1525 0.7288 0.0933 -0.6783 0.0018 0.9287 0.0485 0.3057 0.2041 0.6182 -0.0749 -0.7195 -0.3073 0.7408 -0.2426 -0.61 -0.142 0.9699 -0.0217 0.2284 0.0816
0.7216 0.0325 -0.6863 -0.0856 0.439 -0.6752 -0.3533 -0.476 0.7195 -0.3383 -0.5974 -0.1049 0.7825 0.1152 -0.6016 0.1119 0.6194 -0.2125 -0.7402 -0.1525 0.7288 0.0933 -0.6783 0.0018 0.9287 0.0485 0.3057 0.2041 0.6182 -0.0749 -0.7195 -0.3073 0.7408 -0.2426 -0.61 -0.142 0.9699 -0.0217 0.2284 0.0816
0.7216 0.0325 -0.6863 -0.0856 0.4207 -0.6331 -0.3599 -0.541 0.7215 -0.3125 -0.6082 -0.1095 0.7825 0.1152 -0.6016 0.1119 0.6194 -0.2125 -0.7402 -0.1525 0.7356 0.1 -0.6696 -0.0247 0.9287 0.0485 0.3057 0.2041 0.6182 -0.0749 -0.7195 -0.3073 0.7408 -0.2426 -0.61 -0.142 0.9699 -0.0217 0.2284 0.0816
0.7216 0.0325 -0.6863 -0.0856 0.4207 -0.6331 -0.3599 -0.541 0.7215 -0.3125 -0.6082 -0.1095 0.7825 0.1152 -0.6016 0.1119 0.6194 -0.2125 -0.7402 -0.1525 0.7356 0.1 -0.6696 -0.0247 0.9287 0.0485 0.3057 0.2041 0.6148 -0.1349 -0.7264 -0.2758 0.7408 -0.2426 -0.61 -0.142 0.9699 -0.0217 0.2284 0.0816
0.7216 0.0325 -0.6863 -0.0856 0.4207 -0.6331 -0.3599 -0.541 0.7215 -0.3125 -0.6082 -0.1095 0.7828 0.1346 -0.5952 0.1221 0.6194 -0.2125 -0.7402 -0.1525 0.7356 0.1 -0.6696 -0.0247 0.9287 0.0485 0.3057 0.2041 0.6148 -0.1349 -0.7264 -0.2758 0.7408 -0.2426 -0.61 -0.142 0.9699 -0.0217 0.2284 0.0816
0.7324 0.0039 -0.6727 -0.1051 0.4207 -0.6331 -0.3599 -0.541 0.7215 -0.3125 -0.6082 -0.1095 0.7828 0.1346 -0.5952 0.1221 0.6166 -0.2096 -0.7288 -0.2114 0.7356 0.1 -0.6696 -0.0247 0.9287 0.0485 0.3057 0.2041 0.6148 -0.1349 -0.7264 -0.2758 0.7408 -0.2426 -0.61 -0.142 0.9699 -0.0217 0.2284 0.0816
0.7324 0.0039 -0.6727 -0.1051 0.4207 -0.6331 -0.3599 -0.541 0.7215 -0.3125 -0.6082 -0.1095 0.7828 0.1346 -0.5952 0.1221 0.6166 -0.2096 -0.7288 -0.2114 0.7356 0.1 -0.6696 -0.0247 0.9287 0.0485 0.3057 0.2041 0.6148 -0.1349 -0.7264 -0.2758 0.7408 -0.2426 -0.61 -0.142 0.9699 -0.0217 0.2284 0.0816
0.7324 0.0039 -0.6727 -0.1051 0.4207 -0.6331 -0.3599 -0.541 0.7215 -0.3125 -0.6082 -0.1095 0.7828 0.1346 -0.5952 0.1221 0.6166 -0.2096 -0.7288 -0.2114 0.7356 0.1 -0.6696 -0.0247 0.9287 0.0485 0.3057 0.2041 0.6148 -0.1349 -0.7264 -0.2758 0.7408 -0.2426 -0.61 -0.142 0.9699 -0.0217 0.2284 0.0816
0.7324 0.0039 -0.6727 -0.1051 0.4207 -0.6331 -0.3599 -0.541 0.7197 -0.2796 -0.6234 -0.1239 0.7828 0.1346 -0.5952 0.1221 0.6166 -0.2096 -0.7288 -0.2114 0.7356 0.1 -0.6696 -0.0247 0.9287 0.0485 0.3057 0.2041 0.6148 -0.1349 -0.7264 -0.2758 0.7408 -0.2426 -0.61 -0.142 0.9575 -0.0082 0.2811 0.0649
0.7324 0.0039 -0.6727 -0.1051 0.4221 -0.6099 -0.3444 -0.5755 0.7197 -0.2796 -0.6234 -0.1239 0.7828 0.1346 -0.5952 0.1221 0.6166 -0.2096 -0.7288 -0.2114 0.7693 0.1349 -0.6074 -0.1454 0.9287 0.0485 0.3057 0.2041 0.6148 -0.1349 -0.7264 -0.2758 0.7408 -0.2426 -0.61 -0.142 0.9575 -0.0082 0.2811 0.0649
0.7324 0.0039 -0.6727 -0.1051 0.4221 -0.6099 -0.3444 -0.5755 0.7197 -0.2796 -0.6234 -0.1239 0.7828 0.1346 -0.5952 0.1221 0.6166 -0.2096 -0.7288 -0.2114 0.7693 0.1349 -0.6074 -0.1454 0.9287 0.0485 0.3057 0.2041 0.6148 -0.1349 -0.7264 -0.2758 0.7408 -0.2426 -0.61 -0.142 0.9575 -0.0082 0.2811 0.0649
0.7324 0.0039 -0.6727 -0.1051 0.4221 -0.6099 -0.3444 -0.5755 0.7197 -0.2796 -0.6234 -0.1239 0.7744 0.1693 -0.5948 0.1339 0.6166 -0.2096 -0.7288 -0.2114 0.7693 0.1349 -0.6074 -0.1454 0.9287 0.0485 0.3057 0.2041 0.6136 -0.181 -0.7253 -0.2545 0.7408 -0.2426 -0.61 -0.142 0.9575 -0.0082 0.2811 0.0649
0.7356 -0.0361 -0.6628 -0.1351 0.4221 -0.6099 -0.3444 -0.5755 0.7197 -0.2796 -0.6234 -0.1239 0.7744 0.1693 -0.5948 0.1339 0.6166 -0.2096 -0.7288 -0.2114 0.7693 0.1349 -0.6074 -0.1454 0.9287 0.0485 0.3057 0.2041 0.6136 -0.181 -0.7253 -0.2545 0.7408 -0.2426 -0.61 -0.142 0.9575 -0.0082 0.2811 0.0649
0.7356 -0.0361 -0.6628 -0.1351 0.4221 -0.6099 -0.3444 -0.5755 0.7197 -0.2796 -0.6234 -0.1239 0.7744 0.1693 -0.5948 0.1339 0.6166 -0.2096 -0.7288 -0.2114 0.7693 0.1349 -0.6074 -0.1454 0.9287 0.0485 0.3057 0.2041 0.6136 -0.181 -0.7253 -0.2545 0.7408 -0.2426 -0.61 -0.142 0.9575 -0.0082 0.2811 0.0649
0.7356 -0.0361 -0.6628 -0.1351 0.4221 -0.6099 -0.3444 -0.5755 0.7197 -0.2796 -0.6234 -0.1239 0.7744 0.1693 -0.5948 0.1339 0.6166 -0.2096 -0.7288 -0.2114 0.7693 0.1349 -0.6074 -0.1454 0.9287 0.0485 0.3057 0.2041 0.6136 -0.181 -0.7253 -0.2545 0.7408 -0.2426 -0.61 -0.142 0.9575 -0.0082 0.2811 0.0649
0.7356 -0.0361 -0.6628 -0.1351 0.4221 -0.6099 -0.3444 -0.5755 0.7197 -0.2796 -0.6234 -0.1239 0.7744 0.1693 -0.5948 0.1339 0.6166 -0.2096 -0.7288 -0.2114 0.7693 0.1349 -0.6074 -0.1454 0.9287 0.0485 0.3057 0.2041 0.6136 -0.181 -0.7253 -0.2545 0.7408 -0.2426 -0.61 -0.142 0.9575 -0.0082 0.2811 0.0649
0.7356 -0.0361 -0.6628 -0.1351 0.4151 -0.6261 -0.314 -0.5806 0.7197 -0.2796 -0.6234 -0.1239 0.7744 0.1693 -0.5948 0.1339 0.6166 -0.2096 -0.7288 -0.2114 0.7726 0.2311 -0.5566 -0.2 0.9287 0.0485 0.3057 0.2041 0.6136 -0.181 -0.7253 -0.2545 0.7408 -0.2426 -0.61 -0.142 0.9575 -0.0082 0.2811 0.0649
0.7356 -0.0361 -0.6628 -0.1351 0.4151 -0.6261 -0.314 -0.5806 0.7197 -0.2796 -0.6234 -0.1239 0.7744 0.1693 -0.5948 0.1339 0.6166 -0.2096 -0.7288 -0.2114 0.7726 0.2311 -0.5566 -0.2 0.9287 0.0485 0.3057 0.2041 0.6136 -0.181 -0.7253 -0.2545 0.7408 -0.2426 -0.61 -0.142 0.9575 -0.0082 0.2811 0.0649
0.7356 -0.0361 -0.6628 -0.1351 0.4151 -0.6261 -0.314 -0.5806 0.7197 -0.2796 -0.6234 -0.1239 0.7791 0.1637 -0.6006 0.0744 0.6166 -0.2096 -0.7288 -0.2114 0.7726 0.2311 -0.5566 -0.2 0.9287 0.0485 0.3057 0.2041 0.6217 -0.2067 -0.7273 -0.2045 0.7408 -0.2426 -0.61 -0.142 0.9575 -0.0082 0.2811 0.0649
0.7357 -0.0463 -0.6594 -0.1478 0.4151 -0.6261 -0.314 -0.5806 0.7197 -0.2796 -0.6234 -0.1239 0.7791 0.1637 -0.6006 0.0744 0.6091 -0.4149 -0.6641 -0.1257 0.7726 0.2311 -0.5566 -0.2 0.9287 0.0485 0.3057 0.2041 0.6217 -0.2067 -0.7273 -0.2045 0.7408 -0.2426 -0.61 -0.142 0.9575 -0.0082 0.2811 0.0649
0.7357 -0.0463 -0.6594 -0.1478 0.4151 -0.6261 -0.314 -0.5806 0.7197 -0.2796 -0.6234 -0.1239 0.7791 0.1637 -0.6006 0.0744 0.6091 -0.4149 -0.6641 -0.1257 0.7726 0.2311 -0.5566 -0.2 0.9287 0.0485 0.3057 0.2041 0.6217 -0.2067 -0.7273 -0.2045 0.7408 -0.2426 -0.61 -0.142 0.9575 -0.0082 0.2811 0.0649
0.7357 -0.0463 -0.6594 -0.1478 0.4151 -0.6261 -0.314 -0.5806 0.7197 -0.2796 -0.6234 -0.1239 0.7791 0.1637 -0.6006 0.0744 0.6091 -0.4149 -0.6641 -0.1257 0.7726 0.2311 -0.5566 -0.2 0.9287 0.0485 0.3057 0.2041 0.6217 -0.2067 -0.7273 -0.2045 0.7408 -0.2426 -0.61 -0.142 0.9575 -0.0082 0.2811 0.0649
0.7357 -0.0463 -0.6594 -0.1478 0.4135 -0.6384 -0.3044 -0.5735 0.7197 -0.2796 -0.6234 -0.1239 0.7791 0.1637 -0.6006 0.0744 0.6091 -0.4149 -0.6641 -0.1257 0.7726 0.2311 -0.5566 -0.2 0.9287 0.0485 0.3057 0.2041 0.6217 -0.2067 -0.7273 -0.2045 0.7408 -0.2426 -0.61 -0.142 0.9575 -0.0082 0.2811 0.0649
0.7357 -0.0463 -0.6594 -0.1478 0.4135 -0.6384 -0.3044 -0.5735 0.7197 -0.2796 -0.6234 -0.1239 0.7791 0.1637 -0.6006 0.0744 0.6091 -0.4149 -0.6641 -0.1257 0.7701 0.1295 -0.6055 -0.1535 0.9287 0.0485 0.3057 0.2041 0.6217 -0.2067 -0.7273 -0.2045 0.7408 -0.2426 -0.61 -0.142 0.9575 -0.0082 0.2811 0.0649
0.7357 -0.0463 -0.6594 -0.1478 0.4135 -0.6384 -0.3044 -0.5735 0.7197 -0.2796 -0.6234 -0.1239 0.7791 0.1637 -0.6006 0.0744 0.6091 -0.4149 -0.6641 -0.1257 0.7701 0.1295 -0.6055 -0.1535 0.9287 0.0485 0.3057 0.2041 0.6217 -0.2067 -0.7273 -0.2045 0.7408 -0.2426 -0.61 -0.142 0.9575 -0.0082 0.2811 0.0649
0.7357 -0.0463 -0.6594 -0.1478 0.4135 -0.6384 -0.3044 -0.5735 0.7197 -0.2796 -0.6234 -0.1239 0.7787 0.168 -0.6044 -0.0076 0.6091 -0.4149 -0.6641 -0.1257 0.7701 0.1295 -0.6055 -0.1535 0.9287 0.0485 0.3057 0.2041 0.6334 -0.2146 -0.7243 -0.1677 0.7408 -0.2426 -0.61 -0.142 0.9575 -0.0082 0.2811 0.0649
0.7322 -0.0326 -0.6651 -0.1429 0.4135 -0.6384 -0.3044 -0.5735 0.7197 -0.2796 -0.6234 -0.1239 0.7787 0.168 -0.6044 -0.0076 0.6377 -0.4178 -0.6457 -0.0431 0.7701 0.1295 -0.6055 -0.1535 0.9287 0.0485 0.3057 0.2041 0.6334 -0.2146 -0.7243 -0.1677 0.7408 -0.2426 -0.61 -0.142 0.9575 -0.0082 0.2811 0.0649
0.7322 -0.0326 -0.6651 -0.1429 0.4135 -0.6384 -0.3044 -0.5735 0.7197 -0.2796 -0.6234 -0.1239 0.7787 0.168 -0.6044 -0.0076 0.6377 -0.4178 -0.6457 -0.0431 0.7701 0.1295 -0.6055 -0.1535 0.9287 0.0485 0.3057 0.2041 0.6334 -0.2146 -0.7243 -0.1677 0.7408 -0.2426 -0.61 -0.142 0.9575 -0.0082 0.2811 0.0649
0.7322 -0.0326 -0.6651 -0.1429 0.4135 -0.6384 -0.3044 -0.5735 0.7197 -0.2796 -0.6234 -0.1239 0.7787 0.168 -0.6044 -0.0076 0.6377 -0.4178 -0.6457 -0.0431 0.7701 0.1295 -0.6055 -0.1535 0.8975 0.0898 0.3757 0.2131 0.6334 -0.2146 -0.7243 -0.1677 0.7408 -0.2426 -0.61 -0.142 0.9575 -0.0082 0.2811 0.0649
0.7322 -0.0326 -0.6651 -0.1429 0.4135 -0.6384 -0.3044 -0.5735 0.7197 -0.2796 -0.6234 -0.1239 0.7787 0.168 -0.6044 -0.0076 0.6377 -0.4178 -0.6457 -0.0431 0.7701 0.1295 -0.6055 -0.1535 0.8975 0.0898 0.3757 0.2131 0.6334 -0.2146 -0.7243 -0.1677 0.7408 -0.2426 -0.61 -0.142 0.9575 -0.0082 0.2811 0.0649
0.7322 -0.0326 -0.6651 -0.1429 0.4102 -0.6334 -0.3198 -0.573 0.7197 -0.2796 -0.6234 -0.1239 0.7787 0.168 -0.6044 -0.0076 0.6377 -0.4178 -0.6457 -0.0431 0.7292 -0.027 -0.6833 0.025 0.8975 0.0898 0.3757 0.2131 0.6334 -0.2146 -0.7243 -0.1677 0.7408 -0.2426 -0.61 -0.142 0.9575 -0.0082 0.2811 0.0649
0.7322 -0.0326 -0.6651 -0.1429 0.4102 -0.6334 -0.3198 -0.573 0.7197 -0.2796 -0.6234 -0.1239 0.7787 0.168 -0.6044 -0.0076 0.6377 -0.4178 -0.6457 -0.0431 0.7292 -0.027 -0.6833 0.025 0.8975 0.0898 0.3757 0.2131 0.6334 -0.2146 -0.7243 -0.1677 0.7408 -0.2426 -0.61 -0.142 0.9575 -0.0082 0.2811 0.0649
0.7322 -0.0326 -0.6651 -0.1429 0.4102 -0.6334 -0.3198 -0.573 0.7197 -0.2796 -0.6234 -0.1239 0.7665 0.1815 -0.6094 -0.0911 0.6377 -0.4178 -0.6457 -0.0431 0.7292 -0.027 -0.6833 0.025 0.8975 0.0898 0.3757 0.2131 0.6529 -0.2183 -0.7158 -0.1167 0.7408 -0.2426 -0.61 -0.142 0.9575 -0.0082 0.2811 0.0649
0.7241 -0.0148 -0.6732 -0.1493 0.4102 -0.6334 -0.3198 -0.573 0.7197 -0.2796 -0.6234 -0.1239 0.7665 0.1815 -0.6094 -0.0911 0.6336 -0.3956 -0.6631 -0.0489 0.7292 -0.027 -0.6833 0.025 0.8975 0.0898 0.3757 0.2131 0.6529 -0.2183 -0.7158 -0.1167 0.7408 -0.2426 -0.61 -0.142 0.9575 -0.0082 0.2811 0.0649
0.7241 -0.0148 -0.6732 -0.1493 0.4102 -0.6334 -0.3198 -0.573 0.7197 -0.2796 -0.6234 -0.1239 0.7665 0.1815 -0.6094 -0.0911 0.6336 -0.3956 -0.6631 -0.0489 0.7292 -0.027 -0.6833 0.025 0.8975 0.0898 0.3757 0.2131 0.6529 -0.2183 -0.7158 -0.1167 0.7408 -0.2426 -0.61 -0.142 0.9575 -0.0082 0.2811 0.0649
0.7241 -0.0148 -0.6732 -0.1493 0.4102 -0.6334 -0.3198 -0.573 0.7197 -0.2796 -0.6234 -0.1239 0.7665 0.1815 -0.6094 -0.0911 0.6336 -0.3956 -0.6631 -0.0489 0.7292 -0.027 -0.6833 0.025 0.8975 0.0898 0.3757 0.2131 0.6529 -0.2183 -0.7158 -0.1167 0.7408 -0.2426 -0.61 -0.142 0.9575 -0.0082 0.2811 0.0649
0.7241 -0.0148 -0.6732 -0.1493 0.4102 -0.6334 -0.3198 -0.573 0.6509 -0.3502 -0.5605 -0.3735 0.7665 0.1815 -0.6094 -0.0911 0.6336 -0.3956 -0.6631 -0.0489 0.7292 -0.027 -0.6833 0.025 0.8975 0.0898 0.3757 0.2131 0.6529 -0.2183 -0.7158 -0.1167 0.7408 -0.2426 -0.61 -0.142 0.9575 -0.0082 0.2811 0.0649
0.7241 -0.0148 -0.6732 -0.1493 0.3956 -0.6227 -0.337 -0.5849 0.6509 -0.3502 -0.5605 -0.3735 0.7665 0.1815 -0.6094 -0.0911 0.6336 -0.3956 -0.6631 -0.0489 0.7093 -0.0795 -0.6895 0.1233 0.8975 0.0898 0.3757 0.2131 0.6529 -0.2183 -0.7158 -0.1167 0.7408 -0.2426 -0.61 -0.142 0.9575 -0.0082 0.2811 0.0649
0.7241 -0.0148 -0.6732 -0.1493 0.3956 -0.6227 -0.337 -0.5849 0.6509 -0.3502 -0.5605 -0.3735 0.7665 0.1815 -0.6094 -0.0911 0.6336 -0.3956 -0.6631 -0.0489 0.7093 -0.0795 -0.6895 0.1233 0.8975 0.0898 0.3757 0.2131 0.6529 -0.2183 -0.7158 -0.1167 0.7408 -0.2426 -0.61 -0.142 0.9575 -0.0082 0.2811 0.0649
0.7241 -0.0148 -0.6732 -0.1493 0.3956 -0.6227 -0.337 -0.5849 0.6509 -0.3502 -0.5605 -0.3735 0.7576 0.1951 -0.6115 -0.1183 0.6336 -0.3956 -0.6631 -0.0489 0.7093 -0.0795 -0.6895 0.1233 0.8975 0.0898 0.3757 0.2131 0.6716 -0.2418 -0.6965 -0.0731 0.7408 -0.2426 -0.61 -0.142 0.9575 -0.0082 0.2811 0.0649
0.7097 -0.0067 -0.684 -0.1687 0.3956 -0.6227 -0.337 -0.5849 0.6509 -0.3502 -0.5605 -0.3735 0.7576 0.1951 -0.6115 -0.1183 0.6444 -0.3519 -0.6775 -0.043 0.7093 -0.0795 -0.6895 0.1233 0.8975 0.0898 0.3757 0.2131 0.6716 -0.2418 -0.6965 -0.0731 0.7408 -0.2426 -0.61 -0.142 0.9575 -0.0082 0.2811 0.0649
0.7097 -0.0067 -0.684 -0.1687 0.3956 -0.6227 -0.337 -0.5849 0.6509 -0.3502 -0.5605 -0.3735 0.7576 0.1951 -0.6115 -0.1183 0.6444 -0.3519 -0.6775 -0.043 0.7093 -0.0795 -0.6895 0.1233 0.8975 0.0898 0.3757 0.2131 0.6716 -0.2418 -0.6965 -0.0731 0.7408 -0.2426 -0.61 -0.142 0.9575 -0.0082 0.2811 0.0649
0.7097 -0.0067 -0.684 -0.1687 0.3956 -0.6227 -0.337 -0.5849 0.6509 -0.3502 -0.5605 -0.3735 0.7576 0.1951 -0.6115 -0.1183 0.6444 -0.3519 -0.6775 -0.043 0.7093 -0.0795 -0.6895 0.1233 0.926 0.0507 0.3033 0.219 0.6716 -0.2418 -0.6965 -0.0731 0.7408 -0.2426 -0.61 -0.142 0.9575 -0.0082 0.2811 0.0649
0.7097 -0.0067 -0.684 -0.1687 0.3956 -0.6227 -0.337 -0.5849 0.6509 -0.3502 -0.5605 -0.3735 0.7576 0.1951 -0.6115 -0.1183 0.6444 -0.3519 -0.6775 -0.043 0.7093 -0.0795 -0.6895 0.1233 0.926 0.0507 0.3033 0.219 0.6716 -0.2418 -0.6965 -0.0731 0.7408 -0.2426 -0.61 -0.142 0.9575 -0.0082 0.2811 0.0649
0.7097 -0.0067 -0.684 -0.1687 0.3683 -0.6218 -0.3416 -0.6008 0.6509 -0.3502 -0.5605 -0.3735 0.7576 0.1951 -0.6115 -0.1183 0.6444 -0.3519 -0.6775 -0.043 0.7182 -0.0269 -0.6927 0.0595 0.926 0.0507 0.3033 0.219 0.6716 -0.2418 -0.6965 -0.0731 0.7708 -0.2712 -0.5667 -0.106 0.9575 -0.0082 0.2811 0.0649
0.7097 -0.0067 -0.684 -0.1687 0.3683 -0.6218 -0.3416 -0.6008 0.6509 -0.3502 -0.5605 -0.3735 0.7576 0.1951 -0.6115 -0.1183 0.6444 -0.3519 -0.6775 -0.043 0.7182 -0.0269 -0.6927 0.0595 0.926 0.0507 0.3033 0.219 0.6716 -0.2418 -0.6965 -0.0731 0.7708 -0.2712 -0.5667 -0.106 0.9575 -0.0082 0.2811 0.0649
0.7097 -0.0067 -0.684 -0.1687 0.3683 -0.6218 -0.3416 -0.6008 0.6509 -0.3502 -0.5605 -0.3735 0.7634 0.1821 -0.6129 -0.0918 0.6444 -0.3519 -0.6775 -0.043 0.7182 -0.0269 -0.6927 0.0595 0.926 0.0507 0.3033 0.219 0.678 -0.1989 -0.7001 -0.1034 0.7708 -0.2712 -0.5667 -0.106 0.9575 -0.0082 0.2811 0.0649
0.7097 -0.0067 -0.684 -0.1687 0.3683 -0.6218 -0.3416 -0.6008 0.6509 -0.3502 -0.5605 -0.3735 0.7634 0.1821 -0.6129 -0.0918 0.6444 -0.3519 -0.6775 -0.043 0.7182 -0.0269 -0.6927 0.0595 0.926 0.0507 0.3033 0.219 0.678 -0.1989 -0.7001 -0.1034 0.7708 -0.2712 -0.5667 -0.106 0.9575 -0.0082 0.2811 0.0649
0.7097 -0.0067 -0.684 -0.1687 0.3683 -0.6218 -0.3416 -0.6008 0.6509 -0.3502 -0.5605 -0.3735 0.7634 0.1821 -0.6129 -0.0918 0.6204 -0.3633 -0.6934 -0.0479 0.7182 -0.0269 -0.6927 0.0595 0.926 0.0507 0.3033 0.219 0.678 -0.1989 -0.7001 -0.1034 0.7708 -0.2712 -0.5667 -0.106 0.9575 -0.0082 0.2811 0.0649
0.7097 -0.0067 -0.684 -0.1687 0.3683 -0.6218 -0.3416 -0.6008 0.6509 -0.3502 -0.5605 -0.3735 0.7634 0.1821 -0.6129 -0.0918 0.6204 -0.3633 -0.6934 -0.0479 0.7182 -0.0269 -0.6927 0.0595 0.9255 0.0439 0.3071 0.2173 0.678 -0.1989 -0.7001 -0.1034 0.7708 -0.2712 -0.5667 -0.106 0.9575 -0.0082 0.2811 0.0649
0.7097 -0.0067 -0.684 -0.1687 0.3683 -0.6218 -0.3416 -0.6008 0.6509 -0.3502 -0.5605 -0.3735 0.7634 0.1821 -0.6129 -0.0918 0.6204 -0.3633 -0.6934 -0.0479 0.7182 -0.0269 -0.6927 0.0595 0.9255 0.0439 0.3071 0.2173 0.678 -0.1989 -0.7001 -0.1034 0.8457 -0.3109 -0.4338 0.0017 0.8437 -0.038 0.5241 0.1093
0.7097 -0.0067 -0.684 -0.1687 0.4038 -0.5912 -0.3857 -0.5819 0.6509 -0.3502 -0.5605 -0.3735 0.7634 0.1821 -0.6129 -0.0918 0.6204 -0.3633 -0.6934 -0.0479 0.7198 0.0338 -0.6909 0.0592 0.9255 0.0439 0.3071 0.2173 0.678 -0.1989 -0.7001 -0.1034 0.8457 -0.3109 -0.4338 0.0017 0.8437 -0.038 0.5241 0.1093
0.7097 -0.0067 -0.684 -0.1687 0.4038 -0.5912 -0.3857 -0.5819 0.6509 -0.3502 -0.5605 -0.3735 0.7634 0.1821 -0.6129 -0.0918 0.6204 -0.3633 -0.6934 -0.0479 0.7198 0.0338 -0.6909 0.0592 0.9255 0.0439 0.3071 0.2173 0.678 -0.1989 -0.7001 -0.1034 0.8457 -0.3109 -0.4338 0.0017 0.8437 -0.038 0.5241 0.1093
0.7026 0.0457 -0.6897 -0.1689 0.4038 -0.5912 -0.3857 -0.5819 0.6509 -0.3502 -0.5605 -0.3735 0.7744 0.1364 -0.6174 -0.0258 0.6204 -0.3633 -0.6934 -0.0479 0.7198 0.0338 -0.6909 0.0592 0.9255 0.0439 0.3071 0.2173 0.6655 -0.1277 -0.7004 -0.2241 0.8457 -0.3109 -0.4338 0.0017 0.8437 -0.038 0.5241 0.1093
0.7026 0.0457 -0.6897 -0.1689 0.4038 -0.5912 -0.3857 -0.5819 0.6509 -0.3502 -0.5605 -0.3735 0.7744 0.1364 -0.6174 -0.0258 0.6224 -0.3209 -0.7128 -0.0395 0.7198 0.0338 -0.6909 0.0592 0.9255 0.0439 0.3071 0.2173 0.6655 -0.1277 -0.7004 -0.2241 0.8457 -0.3109 -0.4338 0.0017 0.8437 -0.038 0.5241 0.1093
0.7026 0.0457 -0.6897 -0.1689 0.4038 -0.5912 -0.3857 -0.5819 0.6509 -0.3502 -0.5605 -0.3735 0.7744 0.1364 -0.6174 -0.0258 0.6224 -0.3209 -0.7128 -0.0395 0.7198 0.0338 -0.6909 0.0592 0.9255 0.0439 0.3071 0.2173 0.6655 -0.1277 -0.7004 -0.2241 0.8457 -0.3109 -0.4338 0.0017 0.8437 -0.038 0.5241 0.1093
0.7026 0.0457 -0.6897 -0.1689 0.4038 -0.5912 -0.3857 -0.5819 0.6509 -0.3502 -0.5605 -0.3735 0.7744 0.1364 -0.6174 -0.0258 0.6224 -0.3209 -0.7128 -0.0395 0.7198 0.0338 -0.6909 0.0592 0.9252 0.0425 0.3079 0.2179 0.6655 -0.1277 -0.7004 -0.2241 0.8457 -0.3109 -0.4338 0.0017 0.8437 -0.038 0.5241 0.1093
0.7026 0.0457 -0.6897 -0.1689 0.4038 -0.5912 -0.3857 -0.5819 0.6509 -0.3502 -0.5605 -0.3735 0.7744 0.1364 -0.6174 -0.0258 0.6224 -0.3209 -0.7128 -0.0395 0.7198 0.0338 -0.6909 0.0592 0.9252 0.0425 0.3079 0.2179 0.6655 -0.1277 -0.7004 -0.2241 0.8326 -0.3459 -0.4327 0.0031 0.8437 -0.038 0.5241 0.1093
0.7026 0.0457 -0.6897 -0.1689 0.4089 -0.6082 -0.3561 -0.5797 0.6509 -0.3502 -0.5605 -0.3735 0.7744 0.1364 -0.6174 -0.0258 0.6224 -0.3209 -0.7128 -0.0395 0.7181 0.0527 -0.6919 0.0536 0.9252 0.0425 0.3079 0.2179 0.6655 -0.1277 -0.7004 -0.2241 0.8326 -0.3459 -0.4327 0.0031 0.8437 -0.038 0.5241 0.1093
0.7026 0.0457 -0.6897 -0.1689 0.4089 -0.6082 -0.3561 -0.5797 0.6509 -0.3502 -0.5605 -0.3735 0.7744 0.1364 -0.6174 -0.0258 0.6224 -0.3209 -0.7128 -0.0395 0.7181 0.0527 -0.6919 0.0536 0.9252 0.0425 0.3079 0.2179 0.629 -0.0797 -0.7076 -0.3121 0.8326 -0.3459 -0.4327 0.0031 0.8437 -0.038 0.5241 0.1093
0.7026 0.0457 -0.6897 -0.1689 0.4089 -0.6082 -0.3561 -0.5797 0.6509 -0.3502 -0.5605 -0.3735 0.7814 0.0792 -0.6188 0.0126 0.6224 -0.3209 -0.7128 -0.0395 0.7181 0.0527 -0.6919 0.0536 0.9252 0.0425 0.3079 0.2179 0.629 -0.0797 -0.7076 -0.3121 0.8326 -0.3459 -0.4327 0.0031 0.8437 -0.038 0.5241 0.1093
0.707 0.0561 -0.6873 -0.1567 0.4089 -0.6082 -0.3561 -0.5797 0.6509 -0.3502 -0.5605 -0.3735 0.7814 0.0792 -0.6188 0.0126 0.6088 -0.3089 -0.7244 -0.0962 0.7181 0.0527 -0.6919 0.0536 0.9252 0.0425 0.3079 0.2179 0.629 -0.0797 -0.7076 -0.3121 0.8326 -0.3459 -0.4327 0.0031 0.8437 -0.038 0.5241 0.1093
0.707 0.0561 -0.6873 -0.1567 0.4089 -0.6082 -0.3561 -0.5797 0.6509 -0.3502 -0.5605 -0.3735 0.7814 0.0792 -0.6188 0.0126 0.6088 -0.3089 -0.7244 -0.0962 0.7181 0.0527 -0.6919 0.0536 0.9252 0.0425 0.3079 0.2179 0.629 -0.0797 -0.7076 -0.3121 0.8326 -0.3459 -0.4327 0.0031 0.8437 -0.038 0.5241 0.1093
0.707 0.0561 -0.6873 -0.1567 0.4089 -0.6082 -0.3561 -0.5797 0.6509 -0.3502 -0.5605 -0.3735 0.7814 0.0792 -0.6188 0.0126 0.6088 -0.3089 -0.7244 -0.0962 0.7181 0.0527 -0.6919 0.0536 0.9252 0.0425 0.3079 0.2179 0.629 -0.0797 -0.7076 -0.3121 0.8326 -0.3459 -0.4327 0.0031 0.8437 -0.038 0.5241 0.1093
0.707 0.0561 -0.6873 -0.1567 0.4089 -0.6082 -0.3561 -0.5797 0.6509 -0.3502 -0.5605 -0.3735 0.7814 0.0792 -0.6188 0.0126 0.6088 -0.3089 -0.7244 -0.0962 0.7181 0.0527 -0.6919 0.0536 0.9252 0.0425 0.3079 0.2179 0.629 -0.0797 -0.7076 -0.3121 0.8326 -0.3459 -0.4327 0.0031 0.8437 -0.038 0.5241 0.1093
0.707 0.0561 -0.6873 -0.1567 0.4195 -0.6412 -0.3376 -0.5467 0.6992 -0.3945 -0.58 -0.138 0.7814 0.0792 -0.6188 0.0126 0.6088 -0.3089 -0.7244 -0.0962 0.7213 0.0635 -0.6888 0.0361 0.9241 0.0451 0.3085 0.2208 0.629 -0.0797 -0.7076 -0.3121 0.7939 -0.2965 -0.5269 -0.0649 0.8825 -0.0189 0.4611 0.0905
0.707 0.0561 -0.6873 -0.1567 0.4195 -0.6412 -0.3376 -0.5467 0.6992 -0.3945 -0.58 -0.138 0.7814 0.0792 -0.6188 0.0126 0.6088 -0.3089 -0.7244 -0.0962 0.7213 0.0635 -0.6888 0.0361 0.9241 0.0451 0.3085 0.2208 0.6104 -0.0797 -0.6987 -0.3646 0.7939 -0.2965 -0.5269 -0.0649 0.8825 -0.0189 0.4611 0.0905
0.707 0.0561 -0.6873 -0.1567 0.4195 -0.6412 -0.3376 -0.5467 0.6992 -0.3945 -0.58 -0.138 0.7828 0.0776 -0.6134 0.0703 0.6088 -0.3089 -0.7244 -0.0962 0.7213 0.0635 -0.6888 0.0361 0.9241 0.0451 0.3085 0.2208 0.6104 -0.0797 -0.6987 -0.3646 0.7939 -0.2965 -0.5269 -0.0649 0.8825 -0.0189 0.4611 0.0905
0.707 0.0561 -0.6873 -0.1567 0.4195 -0.6412 -0.3376 -0.5467 0.6992 -0.3945 -0.58 -0.138 0.7828 0.0776 -0.6134 0.0703 0.6088 -0.3089 -0.7244 -0.0962 0.7213 0.0635 -0.6888 0.0361 0.9241 0.0451 0.3085 0.2208 0.6104 -0.0797 -0.6987 -0.3646 0.7939 -0.2965 -0.5269 -0.0649 0.8825 -0.0189 0.4611 0.0905
0.7098 0.0621 -0.6873 -0.1413 0.4195 -0.6412 -0.3376 -0.5467 0.6992 -0.3945 -0.58 -0.138 0.7828 0.0776 -0.6134 0.0703 0.6133 -0.2711 -0.7327 -0.1157 0.7213 0.0635 -0.6888 0.0361 0.9241 0.0451 0.3085 0.2208 0.6104 -0.0797 -0.6987 -0.3646 0.7939 -0.2965 -0.5269 -0.0649 0.8825 -0.0189 0.4611 0.0905
0.7098 0.0621 -0.6873 -0.1413 0.4195 -0.6412 -0.3376 -0.5467 0.6992 -0.3945 -0.58 -0.138 0.7828 0.0776 -0.6134 0.0703 0.6133 -0.2711 -0.7327 -0.1157 0.7213 0.0635 -0.6888 0.0361 0.925 0.0447 0.307 0.2193 0.6104 -0.0797 -0.6987 -0.3646 0.7075 -0.228 -0.6435 -0.1829 0.8825 -0.0189 0.4611 0.0905
0.7098 0.0621 -0.6873 -0.1413 0.4195 -0.6412 -0.3376 -0.5467 0.6992 -0.3945 -0.58 -0.138 0.7828 0.0776 -0.6134 0.0703 0.6133 -0.2711 -0.7327 -0.1157 0.7213 0.0635 -0.6888 0.0361 0.925 0.0447 0.307 0.2193 0.6104 -0.0797 -0.6987 -0.3646 0.7075 -0.228 -0.6435 -0.1829 0.8825 -0.0189 0.4611 0.0905
0.7098 0.0621 -0.6873 -0.1413 0.4296 -0.6557 -0.3439 -0.5169 0.6992 -0.3945 -0.58 -0.138 0.7828 0.0776 -0.6134 0.0703 0.6133 -0.2711 -0.7327 -0.1157 0.7244 0.0793 -0.6843 0.0257 0.925 0.0447 0.307 0.2193 0.6104 -0.0797 -0.6987 -0.3646 0.7075 -0.228 -0.6435 -0.1829 0.8825 -0.0189 0.4611 0.0905
0.7098 0.0621 -0.6873 -0.1413 0.4296 -0.6557 -0.3439 -0.5169 0.6992 -0.3945 -0.58 -0.138 0.7828 0.0776 -0.6134 0.0703 0.6133 -0.2711 -0.7327 -0.1157 0.7244 0.0793 -0.6843 0.0257 0.925 0.0447 0.307 0.2193 0.6104 -0.0797 -0.6987 -0.3646 0.7075 -0.228 -0.6435 -0.1829 0.8825 -0.0189 0.4611 0.0905
0.7098 0.0621 -0.6873 -0.1413 0.4296 -0.6557 -0.3439 -0.5169 0.6992 -0.3945 -0.58 -0.138 0.7836 0.0884 -0.603 0.1207 0.6133 -0.2711 -0.7327 -0.1157 0.7244 0.0793 -0.6843 0.0257 0.925 0.0447 0.307 0.2193 0.6107 -0.0944 -0.7132 -0.3307 0.7075 -0.228 -0.6435 -0.1829 0.8825 -0.0189 0.4611 0.0905
0.7167 0.0514 -0.6843 -0.1243 0.4296 -0.6557 -0.3439 -0.5169 0.6992 -0.3945 -0.58 -0.138 0.7836 0.0884 -0.603 0.1207 0.6129 -0.2454 -0.7317 -0.1697 0.7244 0.0793 -0.6843 0.0257 0.925 0.0447 0.307 0.2193 0.6107 -0.0944 -0.7132 -0.3307 0.7075 -0.228 -0.6435 -0.1829 0.8825 -0.0189 0.4611 0.0905
0.7167 0.0514 -0.6843 -0.1243 0.4296 -0.6557 -0.3439 -0.5169 0.6992 -0.3945 -0.58 -0.138 0.7836 0.0884 -0.603 0.1207 0.6129 -0.2454 -0.7317 -0.1697 0.7244 0.0793 -0.6843 0.0257 0.925 0.0447 0.307 0.2193 0.6107 -0.0944 -0.7132 -0.3307 0.7075 -0.228 -0.6435 -0.1829 0.8825 -0.0189 0.4611 0.0905
0.7167 0.0514 -0.6843 -0.1243 0.4296 -0.6557 -0.3439 -0.5169 0.6992 -0.3945 -0.58 -0.138 0.7836 0.0884 -0.603 0.1207 0.6129 -0.2454 -0.7317 -0.1697 0.7244 0.0793 -0.6843 0.0257 0.9218 0.0442 0.3192 0.2155 0.6107 -0.0944 -0.7132 -0.3307 0.7075 -0.228 -0.6435 -0.1829 0.8825 -0.0189 0.4611 0.0905
0.7167 0.0514 -0.6843 -0.1243 0.4296 -0.6557 -0.3439 -0.5169 0.6992 -0.3945 -0.58 -0.138 0.7836 0.0884 -0.603 0.1207 0.6129 -0.2454 -0.7317 -0.1697 0.7244 0.0793 -0.6843 0.0257 0.9218 0.0442 0.3192 0.2155 0.6107 -0.0944 -0.7132 -0.3307 0.6564 -0.1915 -0.6915 -0.2332 0.8825 -0.0189 0.4611 0.0905
0.7167 0.0514 -0.6843 -0.1243 0.4296 -0.6528 -0.3518 -0.5153 0.6992 -0.3945 -0.58 -0.138 0.7836 0.0884 -0.603 0.1207 0.6129 -0.2454 -0.7317 -0.1697 0.7324 0.0999 -0.6735 -9.0E-4 0.9218 0.0442 0.3192 0.2155 0.6107 -0.0944 -0.7132 -0.3307 0.6564 -0.1915 -0.6915 -0.2332 0.8825 -0.0189 0.4611 0.0905
0.7167 0.0514 -0.6843 -0.1243 0.4296 -0.6528 -0.3518 -0.5153 0.6992 -0.3945 -0.58 -0.138 0.7836 0.0884 -0.603 0.1207 0.6129 -0.2454 -0.7317 -0.1697 0.7324 0.0999 -0.6735 -9.0E-4 0.9218 0.0442 0.3192 0.2155 0.6107 -0.0944 -0.7132 -0.3307 0.6564 -0.1915 -0.6915 -0.2332 0.8825 -0.0189 0.4611 0.0905
0.7167 0.0514 -0.6843 -0.1243 0.4296 -0.6528 -0.3518 -0.5153 0.6992 -0.3945 -0.58 -0.138 0.7836 0.0925 -0.6004 0.1304 0.6129 -0.2454 -0.7317 -0.1697 0.7324 0.0999 -0.6735 -9.0E-4 0.9218 0.0442 0.3192 0.2155 0.6157 -0.144 -0.6981 -0.3359 0.6564 -0.1915 -0.6915 -0.2332 0.8825 -0.0189 0.4611 0.0905
0.7228 0.0245 -0.679 -0.1261 0.4296 -0.6528 -0.3518 -0.5153 0.6992 -0.3945 -0.58 -0.138 0.7836 0.0925 -0.6004 0.1304 0.6137 -0.2347 -0.719 -0.2266 0.7324 0.0999 -0.6735 -9.0E-4 0.9218 0.0442 0.3192 0.2155 0.6157 -0.144 -0.6981 -0.3359 0.6564 -0.1915 -0.6915 -0.2332 0.8825 -0.0189 0.4611 0.0905
0.7228 0.0245 -0.679 -0.1261 0.4296 -0.6528 -0.3518 -0.5153 0.6992 -0.3945 -0.58 -0.138 0.7836 0.0925 -0.6004 0.1304 0.6137 -0.2347 -0.719 -0.2266 0.7324 0.0999 -0.6735 -9.0E-4 0.9218 0.0442 0.3192 0.2155 0.6157 -0.144 -0.6981 -0.3359 0.6564 -0.1915 -0.6915 -0.2332 0.8825 -0.0189 0.4611 0.0905
0.7228 0.0245 -0.679 -0.1261 0.4296 -0.6528 -0.3518 -0.5153 0.6992 -0.3945 -0.58 -0.138 0.7836 0.0925 -0.6004 0.1304 0.6137 -0.2347 -0.719 -0.2266 0.7324 0.0999 -0.6735 -9.0E-4 0.9218 0.0442 0.3192 0.2155 0.6157 -0.144 -0.6981 -0.3359 0.6564 -0.1915 -0.6915 -0.2332 0.8825 -0.0189 0.4611 0.0905
0.7228 0.0245 -0.679 -0.1261 0.4279 -0.639 -0.3423 -0.5399 0.7163 -0.3192 -0.6119 -0.1034 0.7836 0.0925 -0.6004 0.1304 0.6137 -0.2347 -0.719 -0.2266 0.7324 0.0999 -0.6735 -9.0E-4 0.9022 0.0409 0.3736 0.2114 0.6157 -0.144 -0.6981 -0.3359 0.6672 -0.2001 -0.6904 -0.1955 0.9695 -0.0302 0.2375 0.0513
0.7228 0.0245 -0.679 -0.1261 0.4279 -0.639 -0.3423 -0.5399 0.7163 -0.3192 -0.6119 -0.1034 0.7836 0.0925 -0.6004 0.1304 0.6137 -0.2347 -0.719 -0.2266 0.7562 0.1207 -0.64 -0.064 0.9022 0.0409 0.3736 0.2114 0.6157 -0.144 -0.6981 -0.3359 0.6672 -0.2001 -0.6904 -0.1955 0.9695 -0.0302 0.2375 0.0513
0.7228 0.0245 -0.679 -0.1261 0.4279 -0.639 -0.3423 -0.5399 0.7163 -0.3192 -0.6119 -0.1034 0.7836 0.0925 -0.6004 0.1304 0.6137 -0.2347 -0.719 -0.2266 0.7562 0.1207 -0.64 -0.064 0.9022 0.0409 0.3736 0.2114 0.6157 -0.144 -0.6981 -0.3359 0.6672 -0.2001 -0.6904 -0.1955 0.9695 -0.0302 0.2375 0.0513
0.7228 0.0245 -0.679 -0.1261 0.4279 -0.639 -0.3423 -0.5399 0.7163 -0.3192 -0.6119 -0.1034 0.7836 0.0925 -0.6004 0.1304 0.6137 -0.2347 -0.719 -0.2266 0.7562 0.1207 -0.64 -0.064 0.9022 0.0409 0.3736 0.2114 0.6157 -0.144 -0.6981 -0.3359 0.6672 -0.2001 -0.6904 -0.1955 0.9695 -0.0302 0.2375 0.0513
0.7295 -0.019 -0.6695 -0.1387 0.4279 -0.639 -0.3423 -0.5399 0.7163 -0.3192 -0.6119 -0.1034 0.7836 0.0925 -0.6004 0.1304 0.6217 -0.2591 -0.6967 -0.2471 0.7562 0.1207 -0.64 -0.064 0.9022 0.0409 0.3736 0.2114 0.6157 -0.144 -0.6981 -0.3359 0.6672 -0.2001 -0.6904 -0.1955 0.9695 -0.0302 0.2375 0.0513
0.7295 -0.019 -0.6695 -0.1387 0.4279 -0.639 -0.3423 -0.5399 0.7163 -0.3192 -0.6119 -0.1034 0.7836 0.0925 -0.6004 0.1304 0.6217 -0.2591 -0.6967 -0.2471 0.7562 0.1207 -0.64 -0.064 0.9022 0.0409 0.3736 0.2114 0.6157 -0.144 -0.6981 -0.3359 0.6672 -0.2001 -0.6904 -0.1955 0.9695 -0.0302 0.2375 0.0513
0.7295 -0.019 -0.6695 -0.1387 0.4279 -0.639 -0.3423 -0.5399 0.7163 -0.3192 -0.6119 -0.1034 0.7836 0.0925 -0.6004 0.1304 0.6217 -0.2591 -0.6967 -0.2471 0.7562 0.1207 -0.64 -0.064 0.8179 0.002 0.5516 0.1635 0.6157 -0.144 -0.6981 -0.3359 0.6672 -0.2001 -0.6904 -0.1955 0.9695 -0.0302 0.2375 0.0513
0.7295 -0.019 -0.6695 -0.1387 0.4279 -0.639 -0.3423 -0.5399 0.7163 -0.3192 -0.6119 -0.1034 0.7836 0.0925 -0.6004 0.1304 0.6217 -0.2591 -0.6967 -0.2471 0.7562 0.1207 -0.64 -0.064 0.8179 0.002 0.5516 0.1635 0.6157 -0.144 -0.6981 -0.3359 0.6672 -0.2001 -0.6904 -0.1955 0.9695 -0.0302 0.2375 0.0513
0.7295 -0.019 -0.6695 -0.1387 0.4099 -0.6292 -0.313 -0.5815 0.7163 -0.3192 -0.6119 -0.1034 0.7836 0.0925 -0.6004 0.1304 0.6217 -0.2591 -0.6967 -0.2471 0.7802 0.1982 -0.566 -0.1779 0.8179 0.002 0.5516 0.1635 0.6157 -0.144 -0.6981 -0.3359 0.6711 -0.2621 -0.6709 -0.1754 0.9695 -0.0302 0.2375 0.0513
0.7295 -0.019 -0.6695 -0.1387 0.4099 -0.6292 -0.313 -0.5815 0.7163 -0.3192 -0.6119 -0.1034 0.7836 0.0925 -0.6004 0.1304 0.6217 -0.2591 -0.6967 -0.2471 0.7802 0.1982 -0.566 -0.1779 0.8179 0.002 0.5516 0.1635 0.6087 -0.2131 -0.7252 -0.2411 0.6711 -0.2621 -0.6709 -0.1754 0.9695 -0.0302 0.2375 0.0513
0.7295 -0.019 -0.6695 -0.1387 0.4099 -0.6292 -0.313 -0.5815 0.7163 -0.3192 -0.6119 -0.1034 0.7769 0.1378 -0.6064 0.0986 0.6217 -0.2591 -0.6967 -0.2471 0.7802 0.1982 -0.566 -0.1779 0.8179 0.002 0.5516 0.1635 0.6087 -0.2131 -0.7252 -0.2411 0.6711 -0.2621 -0.6709 -0.1754 0.9695 -0.0302 0.2375 0.0513
0.7324 -0.045 -0.665 -0.1389 0.4099 -0.6292 -0.313 -0.5815 0.7163 -0.3192 -0.6119 -0.1034 0.7769 0.1378 -0.6064 0.0986 0.622 -0.3568 -0.6713 -0.1874 0.7802 0.1982 -0.566 -0.1779 0.8179 0.002 0.5516 0.1635 0.6087 -0.2131 -0.7252 -0.2411 0.6711 -0.2621 -0.6709 -0.1754 0.9695 -0.0302 0.2375 0.0513
0.7324 -0.045 -0.665 -0.1389 0.4099 -0.6292 -0.313 -0.5815 0.7163 -0.3192 -0.6119 -0.1034 0.7769 0.1378 -0.6064 0.0986 0.622 -0.3568 -0.6713 -0.1874 0.7802 0.1982 -0.566 -0.1779 0.8179 0.002 0.5516 0.1635 0.6087 -0.2131 -0.7252 -0.2411 0.6711 -0.2621 -0.6709 -0.1754 0.9695 -0.0302 0.2375 0.0513
0.7324 -0.045 -0.665 -0.1389 0.4099 -0.6292 -0.313 -0.5815 0.6724 -0.3106 -0.6083 -0.2853 0.7769 0.1378 -0.6064 0.0986 0.622 -0.3568 -0.6713 -0.1874 0.7802 0.1982 -0.566 -0.1779 0.757 -0.0167 0.6495 0.0695 0.6087 -0.2131 -0.7252 -0.2411 0.6711 -0.2621 -0.6709 -0.1754 0.9695 -0.0302 0.2375 0.0513
0.7324 -0.045 -0.665 -0.1389 0.4099 -0.6292 -0.313 -0.5815 0.6724 -0.3106 -0.6083 -0.2853 0.7769 0.1378 -0.6064 0.0986 0.622 -0.3568 -0.6713 -0.1874 0.7802 0.1982 -0.566 -0.1779 0.757 -0.0167 0.6495 0.0695 0.6087 -0.2131 -0.7252 -0.2411 0.6711 -0.2621 -0.6709 -0.1754 0.9695 -0.0302 0.2375 0.0513
0.7324 -0.045 -0.665 -0.1389 0.4093 -0.6381 -0.3044 -0.5767 0.6724 -0.3106 -0.6083 -0.2853 0.7769 0.1378 -0.6064 0.0986 0.622 -0.3568 -0.6713 -0.1874 0.7834 0.1968 -0.5541 -0.2014 0.757 -0.0167 0.6495 0.0695 0.6087 -0.2131 -0.7252 -0.2411 0.6725 -0.2729 -0.6688 -0.1608 0.9695 -0.0302 0.2375 0.0513
0.7324 -0.045 -0.665 -0.1389 0.4093 -0.6381 -0.3044 -0.5767 0.6724 -0.3106 -0.6083 -0.2853 0.7769 0.1378 -0.6064 0.0986 0.622 -0.3568 -0.6713 -0.1874 0.7834 0.1968 -0.5541 -0.2014 0.757 -0.0167 0.6495 0.0695 0.6208 -0.2228 -0.729 -0.1831 0.6725 -0.2729 -0.6688 -0.1608 0.9695 -0.0302 0.2375 0.0513
0.7324 -0.045 -0.665 -0.1389 0.4093 -0.6381 -0.3044 -0.5767 0.6724 -0.3106 -0.6083 -0.2853 0.7769 0.1378 -0.6064 0.0986 0.622 -0.3568 -0.6713 -0.1874 0.7834 0.1968 -0.5541 -0.2014 0.757 -0.0167 0.6495 0.0695 0.6208 -0.2228 -0.729 -0.1831 0.6725 -0.2729 -0.6688 -0.1608 0.9695 -0.0302 0.2375 0.0513
0.7311 -0.0527 -0.6641 -0.147 0.4093 -0.6381 -0.3044 -0.5767 0.6724 -0.3106 -0.6083 -0.2853 0.7769 0.1378 -0.6064 0.0986 0.6319 -0.4058 -0.6555 -0.0802 0.7834 0.1968 -0.5541 -0.2014 0.757 -0.0167 0.6495 0.0695 0.6208 -0.2228 -0.729 -0.1831 0.6725 -0.2729 -0.6688 -0.1608 0.9695 -0.0302 0.2375 0.0513
0.7311 -0.0527 -0.6641 -0.147 0.4093 -0.6381 -0.3044 -0.5767 0.6724 -0.3106 -0.6083 -0.2853 0.7769 0.1378 -0.6064 0.0986 0.6319 -0.4058 -0.6555 -0.0802 0.7834 0.1968 -0.5541 -0.2014 0.757 -0.0167 0.6495 0.0695 0.6208 -0.2228 -0.729 -0.1831 0.6725 -0.2729 -0.6688 -0.1608 0.9695 -0.0302 0.2375 0.0513
0.7311 -0.0527 -0.6641 -0.147 0.4093 -0.6381 -0.3044 -0.5767 0.6724 -0.3106 -0.6083 -0.2853 0.7769 0.1378 -0.6064 0.0986 0.6319 -0.4058 -0.6555 -0.0802 0.7834 0.1968 -0.5541 -0.2014 0.757 -0.0167 0.6495 0.0695 0.6208 -0.2228 -0.729 -0.1831 0.6725 -0.2729 -0.6688 -0.1608 0.9695 -0.0302 0.2375 0.0513
0.7311 -0.0527 -0.6641 -0.147 0.4225 -0.6516 -0.3056 -0.5509 0.657 -0.3211 -0.5781 -0.3619 0.7769 0.1378 -0.6064 0.0986 0.6319 -0.4058 -0.6555 -0.0802 0.7834 0.1968 -0.5541 -0.2014 0.8292 0.0331 0.5398 0.1413 0.6208 -0.2228 -0.729 -0.1831 0.6873 -0.2725 -0.6569 -0.1476 0.9695 -0.0302 0.2375 0.0513
0.7311 -0.0527 -0.6641 -0.147 0.4225 -0.6516 -0.3056 -0.5509 0.657 -0.3211 -0.5781 -0.3619 0.7769 0.1378 -0.6064 0.0986 0.6319 -0.4058 -0.6555 -0.0802 0.7579 0.0953 -0.6424 -0.062 0.8292 0.0331 0.5398 0.1413 0.6208 -0.2228 -0.729 -0.1831 0.6873 -0.2725 -0.6569 -0.1476 0.9695 -0.0302 0.2375 0.0513
0.7311 -0.0527 -0.6641 -0.147 0.4225 -0.6516 -0.3056 -0.5509 0.657 -0.3211 -0.5781 -0.3619 0.7769 0.1378 -0.6064 0.0986 0.6319 -0.4058 -0.6555 -0.0802 0.7579 0.0953 -0.6424 -0.062 0.8292 0.0331 0.5398 0.1413 0.6423 -0.2119 -0.7267 -0.1199 0.6873 -0.2725 -0.6569 -0.1476 0.9695 -0.0302 0.2375 0.0513
0.7353 -0.0443 -0.6597 -0.1487 0.4225 -0.6516 -0.3056 -0.5509 0.657 -0.3211 -0.5781 -0.3619 0.7595 0.1718 -0.6166 -0.1166 0.6319 -0.4058 -0.6555 -0.0802 0.7579 0.0953 -0.6424 -0.062 0.8292 0.0331 0.5398 0.1413 0.6423 -0.2119 -0.7267 -0.1199 0.6873 -0.2725 -0.6569 -0.1476 0.9695 -0.0302 0.2375 0.0513
0.7353 -0.0443 -0.6597 -0.1487 0.4225 -0.6516 -0.3056 -0.5509 0.657 -0.3211 -0.5781 -0.3619 0.7595 0.1718 -0.6166 -0.1166 0.6453 -0.3834 -0.6604 -0.0228 0.7579 0.0953 -0.6424 -0.062 0.8292 0.0331 0.5398 0.1413 0.6423 -0.2119 -0.7267 -0.1199 0.6873 -0.2725 -0.6569 -0.1476 0.9695 -0.0302 0.2375 0.0513
0.7353 -0.0443 -0.6597 -0.1487 0.4225 -0.6516 -0.3056 -0.5509 0.657 -0.3211 -0.5781 -0.3619 0.7595 0.1718 -0.6166 -0.1166 0.6453 -0.3834 -0.6604 -0.0228 0.7579 0.0953 -0.6424 -0.062 0.8292 0.0331 0.5398 0.1413 0.6423 -0.2119 -0.7267 -0.1199 0.6873 -0.2725 -0.6569 -0.1476 0.9695 -0.0302 0.2375 0.0513
0.7353 -0.0443 -0.6597 -0.1487 0.4225 -0.6516 -0.3056 -0.5509 0.657 -0.3211 -0.5781 -0.3619 0.7595 0.1718 -0.6166 -0.1166 0.6453 -0.3834 -0.6604 -0.0228 0.7579 0.0953 -0.6424 -0.062 0.8292 0.0331 0.5398 0.1413 0.6423 -0.2119 -0.7267 -0.1199 0.6873 -0.2725 -0.6569 -0.1476 0.9695 -0.0302 0.2375 0.0513
0.7353 -0.0443 -0.6597 -0.1487 0.4225 -0.6516 -0.3056 -0.5509 0.657 -0.3211 -0.5781 -0.3619 0.7595 0.1718 -0.6166 -0.1166 0.6453 -0.3834 -0.6604 -0.0228 0.7579 0.0953 -0.6424 -0.062 0.8292 0.0331 0.5398 0.1413 0.6423 -0.2119 -0.7267 -0.1199 0.6873 -0.2725 -0.6569 -0.1476 0.9695 -0.0302 0.2375 0.0513
0.7353 -0.0443 -0.6597 -0.1487 0.4196 -0.6524 -0.3076 -0.5511 0.657 -0.3211 -0.5781 -0.3619 0.7595 0.1718 -0.6166 -0.1166 0.6453 -0.3834 -0.6604 -0.0228 0.709 -0.0408 -0.6954 0.1098 0.8292 0.0331 0.5398 0.1413 0.6423 -0.2119 -0.7267 -0.1199 0.7032 -0.2747 -0.6418 -0.1343 0.9695 -0.0302 0.2375 0.0513
0.7353 -0.0443 -0.6597 -0.1487 0.4196 -0.6524 -0.3076 -0.5511 0.657 -0.3211 -0.5781 -0.3619 0.7595 0.1718 -0.6166 -0.1166 0.6453 -0.3834 -0.6604 -0.0228 0.709 -0.0408 -0.6954 0.1098 0.8292 0.0331 0.5398 0.1413 0.6423 -0.2119 -0.7267 -0.1199 0.7032 -0.2747 -0.6418 -0.1343 0.9695 -0.0302 0.2375 0.0513
0.7334 -0.0253 -0.662 -0.152 0.4196 -0.6524 -0.3076 -0.5511 0.657 -0.3211 -0.5781 -0.3619 0.7447 0.1736 -0.6257 -0.1542 0.6453 -0.3834 -0.6604 -0.0228 0.709 -0.0408 -0.6954 0.1098 0.8292 0.0331 0.5398 0.1413 0.6556 -0.2277 -0.7135 -0.0963 0.7032 -0.2747 -0.6418 -0.1343 0.9695 -0.0302 0.2375 0.0513
0.7334 -0.0253 -0.662 -0.152 0.4196 -0.6524 -0.3076 -0.5511 0.657 -0.3211 -0.5781 -0.3619 0.7447 0.1736 -0.6257 -0.1542 0.6461 -0.3466 -0.6792 -0.0345 0.709 -0.0408 -0.6954 0.1098 0.8292 0.0331 0.5398 0.1413 0.6556 -0.2277 -0.7135 -0.0963 0.7032 -0.2747 -0.6418 -0.1343 0.9695 -0.0302 0.2375 0.0513
0.7334 -0.0253 -0.662 -0.152 0.4196 -0.6524 -0.3076 -0.5511 0.657 -0.3211 -0.5781 -0.3619 0.7447 0.1736 -0.6257 -0.1542 0.6461 -0.3466 -0.6792 -0.0345 0.709 -0.0408 -0.6954 0.1098 0.8292 0.0331 0.5398 0.1413 0.6556 -0.2277 -0.7135 -0.0963 0.7032 -0.2747 -0.6418 -0.1343 0.9695 -0.0302 0.2375 0.0513
0.7334 -0.0253 -0.662 -0.152 0.4196 -0.6524 -0.3076 -0.5511 0.6448 -0.3485 -0.5527 -0.3965 0.7447 0.1736 -0.6257 -0.1542 0.6461 -0.3466 -0.6792 -0.0345 0.709 -0.0408 -0.6954 0.1098 0.9249 0.1031 0.2531 0.2643 0.6556 -0.2277 -0.7135 -0.0963 0.7318 -0.287 -0.6074 -0.1144 0.9695 -0.0302 0.2375 0.0513
0.7334 -0.0253 -0.662 -0.152 0.4196 -0.6524 -0.3076 -0.5511 0.6448 -0.3485 -0.5527 -0.3965 0.7447 0.1736 -0.6257 -0.1542 0.6461 -0.3466 -0.6792 -0.0345 0.709 -0.0408 -0.6954 0.1098 0.9249 0.1031 0.2531 0.2643 0.6556 -0.2277 -0.7135 -0.0963 0.7318 -0.287 -0.6074 -0.1144 0.9695 -0.0302 0.2375 0.0513
0.7334 -0.0253 -0.662 -0.152 0.4094 -0.6402 -0.3223 -0.5645 0.6448 -0.3485 -0.5527 -0.3965 0.7447 0.1736 -0.6257 -0.1542 0.6461 -0.3466 -0.6792 -0.0345 0.6898 -0.0748 -0.7106 0.1168 0.9249 0.1031 0.2531 0.2643 0.6556 -0.2277 -0.7135 -0.0963 0.7318 -0.287 -0.6074 -0.1144 0.9695 -0.0302 0.2375 0.0513
0.7334 -0.0253 -0.662 -0.152 0.4094 -0.6402 -0.3223 -0.5645 0.6448 -0.3485 -0.5527 -0.3965 0.7447 0.1736 -0.6257 -0.1542 0.6461 -0.3466 -0.6792 -0.0345 0.6898 -0.0748 -0.7106 0.1168 0.9249 0.1031 0.2531 0.2643 0.6688 -0.2157 -0.7074 -0.0754 0.7318 -0.287 -0.6074 -0.1144 0.9695 -0.0302 0.2375 0.0513
0.7334 -0.0253 -0.662 -0.152 0.4094 -0.6402 -0.3223 -0.5645 0.6448 -0.3485 -0.5527 -0.3965 0.7498 0.1742 -0.6252 -0.1291 0.6461 -0.3466 -0.6792 -0.0345 0.6898 -0.0748 -0.7106 0.1168 0.9249 0.1031 0.2531 0.2643 0.6688 -0.2157 -0.7074 -0.0754 0.7318 -0.287 -0.6074 -0.1144 0.9695 -0.0302 0.2375 0.0513
0.7263 -0.0014 -0.6699 -0.1543 0.4094 -0.6402 -0.3223 -0.5645 0.6448 -0.3485 -0.5527 -0.3965 0.7498 0.1742 -0.6252 -0.1291 0.623 -0.3521 -0.694 -0.0786 0.6898 -0.0748 -0.7106 0.1168 0.9249 0.1031 0.2531 0.2643 0.6688 -0.2157 -0.7074 -0.0754 0.7318 -0.287 -0.6074 -0.1144 0.9695 -0.0302 0.2375 0.0513
0.7263 -0.0014 -0.6699 -0.1543 0.4094 -0.6402 -0.3223 -0.5645 0.6448 -0.3485 -0.5527 -0.3965 0.7498 0.1742 -0.6252 -0.1291 0.623 -0.3521 -0.694 -0.0786 0.6898 -0.0748 -0.7106 0.1168 0.9249 0.1031 0.2531 0.2643 0.6688 -0.2157 -0.7074 -0.0754 0.7318 -0.287 -0.6074 -0.1144 0.9695 -0.0302 0.2375 0.0513
0.7263 -0.0014 -0.6699 -0.1543 0.4094 -0.6402 -0.3223 -0.5645 0.6448 -0.3485 -0.5527 -0.3965 0.7498 0.1742 -0.6252 -0.1291 0.623 -0.3521 -0.694 -0.0786 0.6898 -0.0748 -0.7106 0.1168 0.9224 0.0554 0.314 0.2178 0.6688 -0.2157 -0.7074 -0.0754 0.7318 -0.287 -0.6074 -0.1144 0.9695 -0.0302 0.2375 0.0513
0.7263 -0.0014 -0.6699 -0.1543 0.4094 -0.6402 -0.3223 -0.5645 0.6448 -0.3485 -0.5527 -0.3965 0.7498 0.1742 -0.6252 -0.1291 0.623 -0.3521 -0.694 -0.0786 0.6898 -0.0748 -0.7106 0.1168 0.9224 0.0554 0.314 0.2178 0.6688 -0.2157 -0.7074 -0.0754 0.8119 -0.3228 -0.4853 -0.0344 0.9695 -0.0302 0.2375 0.0513
0.7263 -0.0014 -0.6699 -0.1543 0.4094 -0.6402 -0.3223 -0.5645 0.6448 -0.3485 -0.5527 -0.3965 0.7498 0.1742 -0.6252 -0.1291 0.623 -0.3521 -0.694 -0.0786 0.6923 -0.0118 -0.7149 0.0974 0.9224 0.0554 0.314 0.2178 0.6688 -0.2157 -0.7074 -0.0754 0.8119 -0.3228 -0.4853 -0.0344 0.9695 -0.0302 0.2375 0.0513
0.7263 -0.0014 -0.6699 -0.1543 0.4094 -0.6402 -0.3223 -0.5645 0.6448 -0.3485 -0.5527 -0.3965 0.7498 0.1742 -0.6252 -0.1291 0.623 -0.3521 -0.694 -0.0786 0.6923 -0.0118 -0.7149 0.0974 0.9224 0.0554 0.314 0.2178 0.6651 -0.1603 -0.6953 -0.2202 0.8119 -0.3228 -0.4853 -0.0344 0.9695 -0.0302 0.2375 0.0513
0.7263 -0.0014 -0.6699 -0.1543 0.4094 -0.6402 -0.3223 -0.5645 0.6448 -0.3485 -0.5527 -0.3965 0.7676 0.1551 -0.621 -0.0313 0.623 -0.3521 -0.694 -0.0786 0.6923 -0.0118 -0.7149 0.0974 0.9224 0.0554 0.314 0.2178 0.6651 -0.1603 -0.6953 -0.2202 0.8119 -0.3228 -0.4853 -0.0344 0.9695 -0.0302 0.2375 0.0513
0.7216 0.0397 -0.6751 -0.1482 0.4094 -0.6402 -0.3223 -0.5645 0.6448 -0.3485 -0.5527 -0.3965 0.7676 0.1551 -0.621 -0.0313 0.6231 -0.3271 -0.7089 -0.0468 0.6923 -0.0118 -0.7149 0.0974 0.9224 0.0554 0.314 0.2178 0.6651 -0.1603 -0.6953 -0.2202 0.8119 -0.3228 -0.4853 -0.0344 0.9695 -0.0302 0.2375 0.0513
0.7216 0.0397 -0.6751 -0.1482 0.4094 -0.6402 -0.3223 -0.5645 0.6448 -0.3485 -0.5527 -0.3965 0.7676 0.1551 -0.621 -0.0313 0.6231 -0.3271 -0.7089 -0.0468 0.6923 -0.0118 -0.7149 0.0974 0.9224 0.0554 0.314 0.2178 0.6651 -0.1603 -0.6953 -0.2202 0.8119 -0.3228 -0.4853 -0.0344 0.9695 -0.0302 0.2375 0.0513
0.7216 0.0397 -0.6751 -0.1482 0.4094 -0.6402 -0.3223 -0.5645 0.6448 -0.3485 -0.5527 -0.3965 0.7676 0.1551 -0.621 -0.0313 0.6231 -0.3271 -0.7089 -0.0468 0.6923 -0.0118 -0.7149 0.0974 0.9207 0.0571 0.314 0.2246 0.6651 -0.1603 -0.6953 -0.2202 0.8506 -0.3567 -0.3859 0.0192 0.7668 -0.0383 0.6381 0.057
0.7216 0.0397 -0.6751 -0.1482 0.4094 -0.6402 -0.3223 -0.5645 0.6448 -0.3485 -0.5527 -0.3965 0.7676 0.1551 -0.621 -0.0313 0.6231 -0.3271 -0.7089 -0.0468 0.6923 -0.0118 -0.7149 0.0974 0.9207 0.0571 0.314 0.2246 0.6651 -0.1603 -0.6953 -0.2202 0.8506 -0.3567 -0.3859 0.0192 0.7668 -0.0383 0.6381 0.057
0.7216 0.0397 -0.6751 -0.1482 0.4576 -0.5883 -0.3906 -0.5403 0.6448 -0.3485 -0.5527 -0.3965 0.7676 0.1551 -0.621 -0.0313 0.6231 -0.3271 -0.7089 -0.0468 0.697 0.0149 -0.7145 0.0594 0.9207 0.0571 0.314 0.2246 0.6651 -0.1603 -0.6953 -0.2202 0.8506 -0.3567 -0.3859 0.0192 0.7668 -0.0383 0.6381 0.057
0.7216 0.0397 -0.6751 -0.1482 0.4576 -0.5883 -0.3906 -0.5403 0.6448 -0.3485 -0.5527 -0.3965 0.7676 0.1551 -0.621 -0.0313 0.6231 -0.3271 -0.7089 -0.0468 0.697 0.0149 -0.7145 0.0594 0.9207 0.0571 0.314 0.2246 0.6651 -0.1603 -0.6953 -0.2202 0.8506 -0.3567 -0.3859 0.0192 0.7668 -0.0383 0.6381 0.057
0.7216 0.0397 -0.6751 -0.1482 0.4576 -0.5883 -0.3906 -0.5403 0.6448 -0.3485 -0.5527 -0.3965 0.7811 0.0685 -0.619 0.0452 0.6231 -0.3271 -0.7089 -0.0468 0.697 0.0149 -0.7145 0.0594 0.9207 0.0571 0.314 0.2246 0.645 -0.0566 -0.7144 -0.2654 0.8506 -0.3567 -0.3859 0.0192 0.7668 -0.0383 0.6381 0.057
0.7103 0.0426 -0.6853 -0.1547 0.4576 -0.5883 -0.3906 -0.5403 0.6448 -0.3485 -0.5527 -0.3965 0.7811 0.0685 -0.619 0.0452 0.6089 -0.3267 -0.7184 -0.0795 0.697 0.0149 -0.7145 0.0594 0.9207 0.0571 0.314 0.2246 0.645 -0.0566 -0.7144 -0.2654 0.8506 -0.3567 -0.3859 0.0192 0.7668 -0.0383 0.6381 0.057
0.7103 0.0426 -0.6853 -0.1547 0.4576 -0.5883 -0.3906 -0.5403 0.6448 -0.3485 -0.5527 -0.3965 0.7811 0.0685 -0.619 0.0452 0.6089 -0.3267 -0.7184 -0.0795 0.697 0.0149 -0.7145 0.0594 0.9207 0.0571 0.314 0.2246 0.645 -0.0566 -0.7144 -0.2654 0.8506 -0.3567 -0.3859 0.0192 0.7668 -0.0383 0.6381 0.057
0.7103 0.0426 -0.6853 -0.1547 0.4576 -0.5883 -0.3906 -0.5403 0.6448 -0.3485 -0.5527 -0.3965 0.7811 0.0685 -0.619 0.0452 0.6089 -0.3267 -0.7184 -0.0795 0.697 0.0149 -0.7145 0.0594 0.9183 0.061 0.318 0.2278 0.645 -0.0566 -0.7144 -0.2654 0.8506 -0.3567 -0.3859 0.0192 0.7668 -0.0383 0.6381 0.057
0.7103 0.0426 -0.6853 -0.1547 0.4576 -0.5883 -0.3906 -0.5403 0.6448 -0.3485 -0.5527 -0.3965 0.7811 0.0685 -0.619 0.0452 0.6089 -0.3267 -0.7184 -0.0795 0.697 0.0149 -0.7145 0.0594 0.9183 0.061 0.318 0.2278 0.645 -0.0566 -0.7144 -0.2654 0.8506 -0.3567 -0.3859 0.0192 0.7668 -0.0383 0.6381 0.057
0.7103 0.0426 -0.6853 -0.1547 0.409 -0.6359 -0.3395 -0.5594 0.6448 -0.3485 -0.5527 -0.3965 0.7811 0.0685 -0.619 0.0452 0.6089 -0.3267 -0.7184 -0.0795 0.7028 0.0212 -0.7106 0.0244 0.9183 0.061 0.318 0.2278 0.645 -0.0566 -0.7144 -0.2654 0.8201 -0.3409 -0.4577 -0.0413 0.8226 -0.0012 0.5662 0.0533
0.7103 0.0426 -0.6853 -0.1547 0.409 -0.6359 -0.3395 -0.5594 0.6448 -0.3485 -0.5527 -0.3965 0.7894 -0.0034 -0.609 0.0773 0.6089 -0.3267 -0.7184 -0.0795 0.7028 0.0212 -0.7106 0.0244 0.9183 0.061 0.318 0.2278 0.645 -0.0566 -0.7144 -0.2654 0.8201 -0.3409 -0.4577 -0.0413 0.8226 -0.0012 0.5662 0.0533
0.7103 0.0426 -0.6853 -0.1547 0.409 -0.6359 -0.3395 -0.5594 0.6448 -0.3485 -0.5527 -0.3965 0.7894 -0.0034 -0.609 0.0773 0.6089 -0.3267 -0.7184 -0.0795 0.7028 0.0212 -0.7106 0.0244 0.9183 0.061 0.318 0.2278 0.645 -0.0566 -0.7144 -0.2654 0.8201 -0.3409 -0.4577 -0.0413 0.8226 -0.0012 0.5662 0.0533
0.7004 0.0443 -0.6893 -0.1798 0.409 -0.6359 -0.3395 -0.5594 0.6448 -0.3485 -0.5527 -0.3965 0.7894 -0.0034 -0.609 0.0773 0.6048 -0.3118 -0.7224 -0.1231 0.7028 0.0212 -0.7106 0.0244 0.9183 0.061 0.318 0.2278 0.645 -0.0566 -0.7144 -0.2654 0.8201 -0.3409 -0.4577 -0.0413 0.8226 -0.0012 0.5662 0.0533
0.7004 0.0443 -0.6893 -0.1798 0.409 -0.6359 -0.3395 -0.5594 0.6448 -0.3485 -0.5527 -0.3965 0.7894 -0.0034 -0.609 0.0773 0.6048 -0.3118 -0.7224 -0.1231 0.7028 0.0212 -0.7106 0.0244 0.9183 0.061 0.318 0.2278 0.645 -0.0566 -0.7144 -0.2654 0.8201 -0.3409 -0.4577 -0.0413 0.8226 -0.0012 0.5662 0.0533
0.7004 0.0443 -0.6893 -0.1798 0.409 -0.6359 -0.3395 -0.5594 0.6448 -0.3485 -0.5527 -0.3965 0.7894 -0.0034 -0.609 0.0773 0.6048 -0.3118 -0.7224 -0.1231 0.7028 0.0212 -0.7106 0.0244 0.9152 0.0612 0.3257 0.2294 0.645 -0.0566 -0.7144 -0.2654 0.8201 -0.3409 -0.4577 -0.0413 0.8226 -0.0012 0.5662 0.0533
0.7004 0.0443 -0.6893 -0.1798 0.3934 -0.6463 -0.3453 -0.5552 0.6448 -0.3485 -0.5527 -0.3965 0.7894 -0.0034 -0.609 0.0773 0.6048 -0.3118 -0.7224 -0.1231 0.7028 0.0212 -0.7106 0.0244 0.9152 0.0612 0.3257 0.2294 0.645 -0.0566 -0.7144 -0.2654 0.7368 -0.2781 -0.5962 -0.1559 0.8226 -0.0012 0.5662 0.0533
0.7004 0.0443 -0.6893 -0.1798 0.3934 -0.6463 -0.3453 -0.5552 0.6448 -0.3485 -0.5527 -0.3965 0.7894 -0.0034 -0.609 0.0773 0.6048 -0.3118 -0.7224 -0.1231 0.7028 0.0212 -0.7106 0.0244 0.9152 0.0612 0.3257 0.2294 0.645 -0.0566 -0.7144 -0.2654 0.7368 -0.2781 -0.5962 -0.1559 0.8226 -0.0012 0.5662 0.0533
0.7004 0.0443 -0.6893 -0.1798 0.3934 -0.6463 -0.3453 -0.5552 0.6448 -0.3485 -0.5527 -0.3965 0.795 0.0279 -0.5986 0.094 0.6048 -0.3118 -0.7224 -0.1231 0.7072 0.0277 -0.7065 -0.0031 0.9152 0.0612 0.3257 0.2294 0.645 -0.0566 -0.7144 -0.2654 0.7368 -0.2781 -0.5962 -0.1559 0.8226 -0.0012 0.5662 0.0533
0.7004 0.0443 -0.6893 -0.1798 0.3934 -0.6463 -0.3453 -0.5552 0.6448 -0.3485 -0.5527 -0.3965 0.795 0.0279 -0.5986 0.094 0.6048 -0.3118 -0.7224 -0.1231 0.7072 0.0277 -0.7065 -0.0031 0.9152 0.0612 0.3257 0.2294 0.645 -0.0566 -0.7144 -0.2654 0.7368 -0.2781 -0.5962 -0.1559 0.8226 -0.0012 0.5662 0.0533
0.6918 0.0452 -0.6953 -0.1896 0.3934 -0.6463 -0.3453 -0.5552 0.6448 -0.3485 -0.5527 -0.3965 0.795 0.0279 -0.5986 0.094 0.5982 -0.2961 -0.725 -0.17 0.7072 0.0277 -0.7065 -0.0031 0.9152 0.0612 0.3257 0.2294 0.645 -0.0566 -0.7144 -0.2654 0.7368 -0.2781 -0.5962 -0.1559 0.8226 -0.0012 0.5662 0.0533
0.6918 0.0452 -0.6953 -0.1896 0.3934 -0.6463 -0.3453 -0.5552 0.6448 -0.3485 -0.5527 -0.3965 0.795 0.0279 -0.5986 0.094 0.5982 -0.2961 -0.725 -0.17 0.7072 0.0277 -0.7065 -0.0031 0.9141 0.0577 0.3318 0.2258 0.645 -0.0566 -0.7144 -0.2654 0.7368 -0.2781 -0.5962 -0.1559 0.8226 -0.0012 0.5662 0.0533
0.6918 0.0452 -0.6953 -0.1896 0.3934 -0.6463 -0.3453 -0.5552 0.6448 -0.3485 -0.5527 -0.3965 0.795 0.0279 -0.5986 0.094 0.5982 -0.2961 -0.725 -0.17 0.7072 0.0277 -0.7065 -0.0031 0.9141 0.0577 0.3318 0.2258 0.645 -0.0566 -0.7144 -0.2654 0.7368 -0.2781 -0.5962 -0.1559 0.8226 -0.0012 0.5662 0.0533
0.6918 0.0452 -0.6953 -0.1896 0.3658 -0.6409 -0.3461 -0.5794 0.6448 -0.3485 -0.5527 -0.3965 0.795 0.0279 -0.5986 0.094 0.5982 -0.2961 -0.725 -0.17 0.7072 0.0277 -0.7065 -0.0031 0.9141 0.0577 0.3318 0.2258 0.645 -0.0566 -0.7144 -0.2654 0.6395 -0.1802 -0.7112 -0.2295 0.9665 -0.0147 0.2533 0.0391
0.6918 0.0452 -0.6953 -0.1896 0.3658 -0.6409 -0.3461 -0.5794 0.6448 -0.3485 -0.5527 -0.3965 0.795 0.0279 -0.5986 0.094 0.5982 -0.2961 -0.725 -0.17 0.715 0.0539 -0.6968 -0.0193 0.9141 0.0577 0.3318 0.2258 0.645 -0.0566 -0.7144 -0.2654 0.6395 -0.1802 -0.7112 -0.2295 0.9665 -0.0147 0.2533 0.0391
0.6918 0.0452 -0.6953 -0.1896 0.3658 -0.6409 -0.3461 -0.5794 0.6448 -0.3485 -0.5527 -0.3965 0.795 0.0279 -0.5986 0.094 0.5982 -0.2961 -0.725 -0.17 0.715 0.0539 -0.6968 -0.0193 0.9141 0.0577 0.3318 0.2258 0.645 -0.0566 -0.7144 -0.2654 0.6395 -0.1802 -0.7112 -0.2295 0.9665 -0.0147 0.2533 0.0391
0.6918 0.0452 -0.6953 -0.1896 0.3658 -0.6409 -0.3461 -0.5794 0.6448 -0.3485 -0.5527 -0.3965 0.795 0.0279 -0.5986 0.094 0.5982 -0.2961 -0.725 -0.17 0.715 0.0539 -0.6968 -0.0193 0.9141 0.0577 0.3318 0.2258 0.645 -0.0566 -0.7144 -0.2654 0.6395 -0.1802 -0.7112 -0.2295 0.9665 -0.0147 0.2533 0.0391
0.6959 0.0292 -0.6912 -0.1931 0.3658 -0.6409 -0.3461 -0.5794 0.6448 -0.3485 -0.5527 -0.3965 0.795 0.0279 -0.5986 0.094 0.602 -0.2604 -0.7281 -0.1992 0.715 0.0539 -0.6968 -0.0193 0.9141 0.0577 0.3318 0.2258 0.645 -0.0566 -0.7144 -0.2654 0.6395 -0.1802 -0.7112 -0.2295 0.9665 -0.0147 0.2533 0.0391
0.6959 0.0292 -0.6912 -0.1931 0.3658 -0.6409 -0.3461 -0.5794 0.6448 -0.3485 -0.5527 -0.3965 0.795 0.0279 -0.5986 0.094 0.602 -0.2604 -0.7281 -0.1992 0.715 0.0539 -0.6968 -0.0193 0.9141 0.0577 0.3318 0.2258 0.645 -0.0566 -0.7144 -0.2654 0.6395 -0.1802 -0.7112 -0.2295 0.9665 -0.0147 0.2533 0.0391
0.6959 0.0292 -0.6912 -0.1931 0.3658 -0.6409 -0.3461 -0.5794 0.6448 -0.3485 -0.5527 -0.3965 0.795 0.0279 -0.5986 0.094 0.602 -0.2604 -0.7281 -0.1992 0.715 0.0539 -0.6968 -0.0193 0.9141 0.0577 0.3318 0.2258 0.645 -0.0566 -0.7144 -0.2654 0.6395 -0.1802 -0.7112 -0.2295 0.9665 -0.0147 0.2533 0.0391
0.6959 0.0292 -0.6912 -0.1931 0.3658 -0.6409 -0.3461 -0.5794 0.6448 -0.3485 -0.5527 -0.3965 0.795 0.0279 -0.5986 0.094 0.602 -0.2604 -0.7281 -0.1992 0.715 0.0539 -0.6968 -0.0193 0.9141 0.0577 0.3318 0.2258 0.645 -0.0566 -0.7144 -0.2654 0.6395 -0.1802 -0.7112 -0.2295 0.9665 -0.0147 0.2533 0.0391
0.6959 0.0292 -0.6912 -0.1931 0.3784 -0.6126 -0.357 -0.595 0.6448 -0.3485 -0.5527 -0.3965 0.795 0.0279 -0.5986 0.094 0.602 -0.2604 -0.7281 -0.1992 0.7301 0.0916 -0.6747 -0.0581 0.9141 0.0577 0.3318 0.2258 0.645 -0.0566 -0.7144 -0.2654 0.6101 -0.1703 -0.7339 -0.2453 0.9665 -0.0147 0.2533 0.0391
0.6959 0.0292 -0.6912 -0.1931 0.3784 -0.6126 -0.357 -0.595 0.6448 -0.3485 -0.5527 -0.3965 0.795 0.0279 -0.5986 0.094 0.602 -0.2604 -0.7281 -0.1992 0.7301 0.0916 -0.6747 -0.0581 0.9141 0.0577 0.3318 0.2258 0.645 -0.0566 -0.7144 -0.2654 0.6101 -0.1703 -0.7339 -0.2453 0.9665 -0.0147 0.2533 0.0391
0.6959 0.0292 -0.6912 -0.1931 0.3784 -0.6126 -0.357 -0.595 0.6448 -0.3485 -0.5527 -0.3965 0.79 0.116 -0.5975 0.0729 0.602 -0.2604 -0.7281 -0.1992 0.7301 0.0916 -0.6747 -0.0581 0.9141 0.0577 0.3318 0.2258 0.5948 -0.1517 -0.7234 -0.3161 0.6101 -0.1703 -0.7339 -0.2453 0.9665 -0.0147 0.2533 0.0391
0.708 0.0037 -0.6777 -0.1985 0.3784 -0.6126 -0.357 -0.595 0.6448 -0.3485 -0.5527 -0.3965 0.79 0.116 -0.5975 0.0729 0.6038 -0.2479 -0.7168 -0.2454 0.7301 0.0916 -0.6747 -0.0581 0.9141 0.0577 0.3318 0.2258 0.5948 -0.1517 -0.7234 -0.3161 0.6101 -0.1703 -0.7339 -0.2453 0.9665 -0.0147 0.2533 0.0391
0.708 0.0037 -0.6777 -0.1985 0.3784 -0.6126 -0.357 -0.595 0.6448 -0.3485 -0.5527 -0.3965 0.79 0.116 -0.5975 0.0729 0.6038 -0.2479 -0.7168 -0.2454 0.7301 0.0916 -0.6747 -0.0581 0.9141 0.0577 0.3318 0.2258 0.5948 -0.1517 -0.7234 -0.3161 0.6101 -0.1703 -0.7339 -0.2453 0.9665 -0.0147 0.2533 0.0391
0.708 0.0037 -0.6777 -0.1985 0.3784 -0.6126 -0.357 -0.595 0.6448 -0.3485 -0.5527 -0.3965 0.79 0.116 -0.5975 0.0729 0.6038 -0.2479 -0.7168 -0.2454 0.7301 0.0916 -0.6747 -0.0581 0.8804 0.0449 0.4201 0.2152 0.5948 -0.1517 -0.7234 -0.3161 0.6101 -0.1703 -0.7339 -0.2453 0.9665 -0.0147 0.2533 0.0391
0.708 0.0037 -0.6777 -0.1985 0.3783 -0.6025 -0.3276 -0.6217 0.6448 -0.3485 -0.5527 -0.3965 0.79 0.116 -0.5975 0.0729 0.6038 -0.2479 -0.7168 -0.2454 0.7301 0.0916 -0.6747 -0.0581 0.8804 0.0449 0.4201 0.2152 0.5948 -0.1517 -0.7234 -0.3161 0.6423 -0.2355 -0.6969 -0.2154 0.9665 -0.0147 0.2533 0.0391
0.708 0.0037 -0.6777 -0.1985 0.3783 -0.6025 -0.3276 -0.6217 0.6448 -0.3485 -0.5527 -0.3965 0.79 0.116 -0.5975 0.0729 0.6038 -0.2479 -0.7168 -0.2454 0.7542 0.1317 -0.6286 -0.1368 0.8804 0.0449 0.4201 0.2152 0.5948 -0.1517 -0.7234 -0.3161 0.6423 -0.2355 -0.6969 -0.2154 0.9665 -0.0147 0.2533 0.0391
0.708 0.0037 -0.6777 -0.1985 0.3783 -0.6025 -0.3276 -0.6217 0.6448 -0.3485 -0.5527 -0.3965 0.79 0.116 -0.5975 0.0729 0.6038 -0.2479 -0.7168 -0.2454 0.7542 0.1317 -0.6286 -0.1368 0.8804 0.0449 0.4201 0.2152 0.5948 -0.1517 -0.7234 -0.3161 0.6423 -0.2355 -0.6969 -0.2154 0.9665 -0.0147 0.2533 0.0391
0.7162 -0.033 -0.6703 -0.1913 0.3783 -0.6025 -0.3276 -0.6217 0.6448 -0.3485 -0.5527 -0.3965 0.79 0.116 -0.5975 0.0729 0.6038 -0.2479 -0.7168 -0.2454 0.7542 0.1317 -0.6286 -0.1368 0.8804 0.0449 0.4201 0.2152 0.5948 -0.1517 -0.7234 -0.3161 0.6423 -0.2355 -0.6969 -0.2154 0.9665 -0.0147 0.2533 0.0391
0.7162 -0.033 -0.6703 -0.1913 0.3783 -0.6025 -0.3276 -0.6217 0.6448 -0.3485 -0.5527 -0.3965 0.79 0.116 -0.5975 0.0729 0.6179 -0.2878 -0.6917 -0.2385 0.7542 0.1317 -0.6286 -0.1368 0.8804 0.0449 0.4201 0.2152 0.5948 -0.1517 -0.7234 -0.3161 0.6423 -0.2355 -0.6969 -0.2154 0.9665 -0.0147 0.2533 0.0391
0.7162 -0.033 -0.6703 -0.1913 0.3783 -0.6025 -0.3276 -0.6217 0.6448 -0.3485 -0.5527 -0.3965 0.79 0.116 -0.5975 0.0729 0.6179 -0.2878 -0.6917 -0.2385 0.7542 0.1317 -0.6286 -0.1368 0.8804 0.0449 0.4201 0.2152 0.5948 -0.1517 -0.7234 -0.3161 0.6423 -0.2355 -0.6969 -0.2154 0.9665 -0.0147 0.2533 0.0391
0.7162 -0.033 -0.6703 -0.1913 0.3783 -0.6025 -0.3276 -0.6217 0.6448 -0.3485 -0.5527 -0.3965 0.79 0.116 -0.5975 0.0729 0.6179 -0.2878 -0.6917 -0.2385 0.7542 0.1317 -0.6286 -0.1368 0.8804 0.0449 0.4201 0.2152 0.5948 -0.1517 -0.7234 -0.3161 0.6423 -0.2355 -0.6969 -0.2154 0.9665 -0.0147 0.2533 0.0391
0.7162 -0.033 -0.6703 -0.1913 0.3966 -0.6162 -0.3004 -0.6105 0.6933 -0.2997 -0.6224 -0.2051 0.79 0.116 -0.5975 0.0729 0.6179 -0.2878 -0.6917 -0.2385 0.7542 0.1317 -0.6286 -0.1368 0.7598 0.0154 0.6367 0.1304 0.5948 -0.1517 -0.7234 -0.3161 0.6539 -0.2719 -0.6796 -0.1913 0.9561 0.0077 0.2919 0.0266
0.7162 -0.033 -0.6703 -0.1913 0.3966 -0.6162 -0.3004 -0.6105 0.6933 -0.2997 -0.6224 -0.2051 0.79 0.116 -0.5975 0.0729 0.6179 -0.2878 -0.6917 -0.2385 0.7648 0.2141 -0.564 -0.226 0.7598 0.0154 0.6367 0.1304 0.5948 -0.1517 -0.7234 -0.3161 0.6539 -0.2719 -0.6796 -0.1913 0.9561 0.0077 0.2919 0.0266
0.7162 -0.033 -0.6703 -0.1913 0.3966 -0.6162 -0.3004 -0.6105 0.6933 -0.2997 -0.6224 -0.2051 0.79 0.116 -0.5975 0.0729 0.6179 -0.2878 -0.6917 -0.2385 0.7648 0.2141 -0.564 -0.226 0.7598 0.0154 0.6367 0.1304 0.5948 -0.1517 -0.7234 -0.3161 0.6539 -0.2719 -0.6796 -0.1913 0.9561 0.0077 0.2919 0.0266
0.7277 -0.0524 -0.6644 -0.1617 0.3966 -0.6162 -0.3004 -0.6105 0.6933 -0.2997 -0.6224 -0.2051 0.79 0.116 -0.5975 0.0729 0.6179 -0.2878 -0.6917 -0.2385 0.7648 0.2141 -0.564 -0.226 0.7598 0.0154 0.6367 0.1304 0.5948 -0.1517 -0.7234 -0.3161 0.6539 -0.2719 -0.6796 -0.1913 0.9561 0.0077 0.2919 0.0266
0.7277 -0.0524 -0.6644 -0.1617 0.3966 -0.6162 -0.3004 -0.6105 0.6933 -0.2997 -0.6224 -0.2051 0.79 0.116 -0.5975 0.0729 0.6122 -0.3881 -0.6632 -0.1866 0.7648 0.2141 -0.564 -0.226 0.7598 0.0154 0.6367 0.1304 0.5948 -0.1517 -0.7234 -0.3161 0.6539 -0.2719 -0.6796 -0.1913 0.9561 0.0077 0.2919 0.0266
0.7277 -0.0524 -0.6644 -0.1617 0.3966 -0.6162 -0.3004 -0.6105 0.6933 -0.2997 -0.6224 -0.2051 0.79 0.116 -0.5975 0.0729 0.6122 -0.3881 -0.6632 -0.1866 0.7648 0.2141 -0.564 -0.226 0.7598 0.0154 0.6367 0.1304 0.5948 -0.1517 -0.7234 -0.3161 0.6539 -0.2719 -0.6796 -0.1913 0.9561 0.0077 0.2919 0.0266
0.7277 -0.0524 -0.6644 -0.1617 0.3966 -0.6162 -0.3004 -0.6105 0.6933 -0.2997 -0.6224 -0.2051 0.79 0.116 -0.5975 0.0729 0.6122 -0.3881 -0.6632 -0.1866 0.7648 0.2141 -0.564 -0.226 0.7598 0.0154 0.6367 0.1304 0.5948 -0.1517 -0.7234 -0.3161 0.6539 -0.2719 -0.6796 -0.1913 0.9561 0.0077 0.2919 0.0266
0.7277 -0.0524 -0.6644 -0.1617 0.4223 -0.6534 -0.2776 -0.5637 0.6933 -0.2997 -0.6224 -0.2051 0.79 0.116 -0.5975 0.0729 0.6122 -0.3881 -0.6632 -0.1866 0.7648 0.2141 -0.564 -0.226 0.7598 0.0154 0.6367 0.1304 0.5948 -0.1517 -0.7234 -0.3161 0.6666 -0.2817 -0.6674 -0.1757 0.9561 0.0077 0.2919 0.0266
0.7277 -0.0524 -0.6644 -0.1617 0.4223 -0.6534 -0.2776 -0.5637 0.6933 -0.2997 -0.6224 -0.2051 0.79 0.116 -0.5975 0.0729 0.6122 -0.3881 -0.6632 -0.1866 0.7688 0.1595 -0.5746 -0.2311 0.7598 0.0154 0.6367 0.1304 0.5948 -0.1517 -0.7234 -0.3161 0.6666 -0.2817 -0.6674 -0.1757 0.9561 0.0077 0.2919 0.0266
0.7277 -0.0524 -0.6644 -0.1617 0.4223 -0.6534 -0.2776 -0.5637 0.6933 -0.2997 -0.6224 -0.2051 0.79 0.116 -0.5975 0.0729 0.6122 -0.3881 -0.6632 -0.1866 0.7688 0.1595 -0.5746 -0.2311 0.7598 0.0154 0.6367 0.1304 0.5948 -0.1517 -0.7234 -0.3161 0.6666 -0.2817 -0.6674 -0.1757 0.9561 0.0077 0.2919 0.0266
0.7277 -0.0524 -0.6644 -0.1617 0.4223 -0.6534 -0.2776 -0.5637 0.6933 -0.2997 -0.6224 -0.2051 0.79 0.116 -0.5975 0.0729 0.6122 -0.3881 -0.6632 -0.1866 0.7688 0.1595 -0.5746 -0.2311 0.7598 0.0154 0.6367 0.1304 0.5948 -0.1517 -0.7234 -0.3161 0.6666 -0.2817 -0.6674 -0.1757 0.9561 0.0077 0.2919 0.0266
0.7352 -0.0512 -0.661 -0.141 0.4223 -0.6534 -0.2776 -0.5637 0.6933 -0.2997 -0.6224 -0.2051 0.79 0.116 -0.5975 0.0729 0.6352 -0.4072 -0.6511 -0.0818 0.7688 0.1595 -0.5746 -0.2311 0.7598 0.0154 0.6367 0.1304 0.5948 -0.1517 -0.7234 -0.3161 0.6666 -0.2817 -0.6674 -0.1757 0.9561 0.0077 0.2919 0.0266
0.7352 -0.0512 -0.661 -0.141 0.4223 -0.6534 -0.2776 -0.5637 0.6933 -0.2997 -0.6224 -0.2051 0.79 0.116 -0.5975 0.0729 0.6352 -0.4072 -0.6511 -0.0818 0.7688 0.1595 -0.5746 -0.2311 0.8445 0.0681 0.514 0.1339 0.5948 -0.1517 -0.7234 -0.3161 0.6666 -0.2817 -0.6674 -0.1757 0.9561 0.0077 0.2919 0.0266
0.7352 -0.0512 -0.661 -0.141 0.4223 -0.6534 -0.2776 -0.5637 0.6586 -0.3192 -0.6058 -0.3121 0.79 0.116 -0.5975 0.0729 0.6352 -0.4072 -0.6511 -0.0818 0.7688 0.1595 -0.5746 -0.2311 0.8445 0.0681 0.514 0.1339 0.5948 -0.1517 -0.7234 -0.3161 0.6666 -0.2817 -0.6674 -0.1757 0.9512 0.0084 0.3077 0.0242
0.7352 -0.0512 -0.661 -0.141 0.4223 -0.6534 -0.2776 -0.5637 0.6586 -0.3192 -0.6058 -0.3121 0.79 0.116 -0.5975 0.0729 0.6352 -0.4072 -0.6511 -0.0818 0.7688 0.1595 -0.5746 -0.2311 0.8445 0.0681 0.514 0.1339 0.5948 -0.1517 -0.7234 -0.3161 0.6666 -0.2817 -0.6674 -0.1757 0.9512 0.0084 0.3077 0.0242
0.7352 -0.0512 -0.661 -0.141 0.4412 -0.6658 -0.2766 -0.5343 0.6586 -0.3192 -0.6058 -0.3121 0.79 0.116 -0.5975 0.0729 0.6352 -0.4072 -0.6511 -0.0818 0.7364 0.0496 -0.6727 -0.053 0.8445 0.0681 0.514 0.1339 0.5948 -0.1517 -0.7234 -0.3161 0.6877 -0.2811 -0.6508 -0.1562 0.9512 0.0084 0.3077 0.0242
0.7352 -0.0512 -0.661 -0.141 0.4412 -0.6658 -0.2766 -0.5343 0.6586 -0.3192 -0.6058 -0.3121 0.79 0.116 -0.5975 0.0729 0.6352 -0.4072 -0.6511 -0.0818 0.7364 0.0496 -0.6727 -0.053 0.8445 0.0681 0.514 0.1339 0.5948 -0.1517 -0.7234 -0.3161 0.6877 -0.2811 -0.6508 -0.1562 0.9512 0.0084 0.3077 0.0242
0.7352 -0.0512 -0.661 -0.141 0.4412 -0.6658 -0.2766 -0.5343 0.6586 -0.3192 -0.6058 -0.3121 0.79 0.116 -0.5975 0.0729 0.6352 -0.4072 -0.6511 -0.0818 0.7364 0.0496 -0.6727 -0.053 0.8445 0.0681 0.514 0.1339 0.5948 -0.1517 -0.7234 -0.3161 0.6877 -0.2811 -0.6508 -0.1562 0.9512 0.0084 0.3077 0.0242
0.7443 -0.0391 -0.6525 -0.1371 0.4412 -0.6658 -0.2766 -0.5343 0.6586 -0.3192 -0.6058 -0.3121 0.79 0.116 -0.5975 0.0729 0.6323 -0.3906 -0.666 -0.0642 0.7364 0.0496 -0.6727 -0.053 0.8445 0.0681 0.514 0.1339 0.5948 -0.1517 -0.7234 -0.3161 0.6877 -0.2811 -0.6508 -0.1562 0.9512 0.0084 0.3077 0.0242
0.7443 -0.0391 -0.6525 -0.1371 0.4412 -0.6658 -0.2766 -0.5343 0.6586 -0.3192 -0.6058 -0.3121 0.79 0.116 -0.5975 0.0729 0.6323 -0.3906 -0.666 -0.0642 0.7364 0.0496 -0.6727 -0.053 0.9113 0.0814 0.3258 0.2384 0.5948 -0.1517 -0.7234 -0.3161 0.6877 -0.2811 -0.6508 -0.1562 0.9512 0.0084 0.3077 0.0242
0.7443 -0.0391 -0.6525 -0.1371 0.4412 -0.6658 -0.2766 -0.5343 0.6586 -0.3192 -0.6058 -0.3121 0.79 0.116 -0.5975 0.0729 0.6323 -0.3906 -0.666 -0.0642 0.7364 0.0496 -0.6727 -0.053 0.9113 0.0814 0.3258 0.2384 0.5948 -0.1517 -0.7234 -0.3161 0.6877 -0.2811 -0.6508 -0.1562 0.9512 0.0084 0.3077 0.0242
0.7443 -0.0391 -0.6525 -0.1371 0.4412 -0.6658 -0.2766 -0.5343 0.6586 -0.3192 -0.6058 -0.3121 0.79 0.116 -0.5975 0.0729 0.6323 -0.3906 -0.666 -0.0642 0.7364 0.0496 -0.6727 -0.053 0.9113 0.0814 0.3258 0.2384 0.5948 -0.1517 -0.7234 -0.3161 0.6877 -0.2811 -0.6508 -0.1562 0.9512 0.0084 0.3077 0.0242
0.7443 -0.0391 -0.6525 -0.1371 0.4406 -0.6564 -0.2969 -0.5356 0.6586 -0.3192 -0.6058 -0.3121 0.79 0.116 -0.5975 0.0729 0.6323 -0.3906 -0.666 -0.0642 0.7 -0.0641 -0.7036 0.1044 0.9113 0.0814 0.3258 0.2384 0.5948 -0.1517 -0.7234 -0.3161 0.7079 -0.2841 -0.6302 -0.1448 0.9512 0.0084 0.3077 0.0242
0.7443 -0.0391 -0.6525 -0.1371 0.4406 -0.6564 -0.2969 -0.5356 0.6586 -0.3192 -0.6058 -0.3121 0.79 0.116 -0.5975 0.0729 0.6323 -0.3906 -0.666 -0.0642 0.7 -0.0641 -0.7036 0.1044 0.9113 0.0814 0.3258 0.2384 0.5948 -0.1517 -0.7234 -0.3161 0.7079 -0.2841 -0.6302 -0.1448 0.9512 0.0084 0.3077 0.0242
0.7443 -0.0391 -0.6525 -0.1371 0.4406 -0.6564 -0.2969 -0.5356 0.6586 -0.3192 -0.6058 -0.3121 0.7567 0.1347 -0.6383 -0.0437 0.6323 -0.3906 -0.666 -0.0642 0.7 -0.0641 -0.7036 0.1044 0.9113 0.0814 0.3258 0.2384 0.6594 -0.2463 -0.7033 -0.0997 0.7079 -0.2841 -0.6302 -0.1448 0.9512 0.0084 0.3077 0.0242
0.7429 -0.0264 -0.6548 -0.1368 0.4406 -0.6564 -0.2969 -0.5356 0.6586 -0.3192 -0.6058 -0.3121 0.7567 0.1347 -0.6383 -0.0437 0.6415 -0.3278 -0.6911 -0.0581 0.7 -0.0641 -0.7036 0.1044 0.9113 0.0814 0.3258 0.2384 0.6594 -0.2463 -0.7033 -0.0997 0.7079 -0.2841 -0.6302 -0.1448 0.9512 0.0084 0.3077 0.0242
0.7429 -0.0264 -0.6548 -0.1368 0.4406 -0.6564 -0.2969 -0.5356 0.6586 -0.3192 -0.6058 -0.3121 0.7567 0.1347 -0.6383 -0.0437 0.6415 -0.3278 -0.6911 -0.0581 0.7 -0.0641 -0.7036 0.1044 0.9313 0.0607 0.2946 0.2052 0.6594 -0.2463 -0.7033 -0.0997 0.7079 -0.2841 -0.6302 -0.1448 0.9512 0.0084 0.3077 0.0242
0.7429 -0.0264 -0.6548 -0.1368 0.4406 -0.6564 -0.2969 -0.5356 0.6586 -0.3192 -0.6058 -0.3121 0.7567 0.1347 -0.6383 -0.0437 0.6415 -0.3278 -0.6911 -0.0581 0.7 -0.0641 -0.7036 0.1044 0.9313 0.0607 0.2946 0.2052 0.6594 -0.2463 -0.7033 -0.0997 0.7079 -0.2841 -0.6302 -0.1448 0.9512 0.0084 0.3077 0.0242
0.7429 -0.0264 -0.6548 -0.1368 0.4406 -0.6564 -0.2969 -0.5356 0.6586 -0.3192 -0.6058 -0.3121 0.7567 0.1347 -0.6383 -0.0437 0.6415 -0.3278 -0.6911 -0.0581 0.7 -0.0641 -0.7036 0.1044 0.9313 0.0607 0.2946 0.2052 0.6594 -0.2463 -0.7033 -0.0997 0.7079 -0.2841 -0.6302 -0.1448 0.9512 0.0084 0.3077 0.0242
0.7429 -0.0264 -0.6548 -0.1368 0.4319 -0.6293 -0.3314 -0.5546 0.6586 -0.3192 -0.6058 -0.3121 0.7567 0.1347 -0.6383 -0.0437 0.6415 -0.3278 -0.6911 -0.0581 0.693 -0.0496 -0.7141 0.0858 0.9313 0.0607 0.2946 0.2052 0.6594 -0.2463 -0.7033 -0.0997 0.7567 -0.3102 -0.5643 -0.1131 0.9512 0.0084 0.3077 0.0242
0.7429 -0.0264 -0.6548 -0.1368 0.4319 -0.6293 -0.3314 -0.5546 0.6586 -0.3192 -0.6058 -0.3121 0.7567 0.1347 -0.6383 -0.0437 0.6415 -0.3278 -0.6911 -0.0581 0.693 -0.0496 -0.7141 0.0858 0.9313 0.0607 0.2946 0.2052 0.6594 -0.2463 -0.7033 -0.0997 0.7567 -0.3102 -0.5643 -0.1131 0.9512 0.0084 0.3077 0.0242
0.7429 -0.0264 -0.6548 -0.1368 0.4319 -0.6293 -0.3314 -0.5546 0.6586 -0.3192 -0.6058 -0.3121 0.7567 0.1347 -0.6383 -0.0437 0.6415 -0.3278 -0.6911 -0.0581 0.693 -0.0496 -0.7141 0.0858 0.9313 0.0607 0.2946 0.2052 0.6594 -0.2463 -0.7033 -0.0997 0.7567 -0.3102 -0.5643 -0.1131 0.9512 0.0084 0.3077 0.0242
0.7404 -0.0028 -0.6587 -0.1339 0.4319 -0.6293 -0.3314 -0.5546 0.6586 -0.3192 -0.6058 -0.3121 0.7567 0.1347 -0.6383 -0.0437 0.6187 -0.3367 -0.7056 -0.0771 0.693 -0.0496 -0.7141 0.0858 0.9313 0.0607 0.2946 0.2052 0.6594 -0.2463 -0.7033 -0.0997 0.7567 -0.3102 -0.5643 -0.1131 0.9512 0.0084 0.3077 0.0242
0.7404 -0.0028 -0.6587 -0.1339 0.4319 -0.6293 -0.3314 -0.5546 0.6586 -0.3192 -0.6058 -0.3121 0.7567 0.1347 -0.6383 -0.0437 0.6187 -0.3367 -0.7056 -0.0771 0.693 -0.0496 -0.7141 0.0858 0.9313 0.0607 0.2946 0.2052 0.6594 -0.2463 -0.7033 -0.0997 0.7567 -0.3102 -0.5643 -0.1131 0.9512 0.0084 0.3077 0.0242
0.7404 -0.0028 -0.6587 -0.1339 0.4319 -0.6293 -0.3314 -0.5546 0.6683 -0.3326 -0.6126 -0.2596 0.7567 0.1347 -0.6383 -0.0437 0.6187 -0.3367 -0.7056 -0.0771 0.693 -0.0496 -0.7141 0.0858 0.9253 0.0594 0.3098 0.2105 0.6594 -0.2463 -0.7033 -0.0997 0.8288 -0.3536 -0.4336 0.0056 0.8239 -0.0367 0.5617 0.0667
0.7404 -0.0028 -0.6587 -0.1339 0.4319 -0.6293 -0.3314 -0.5546 0.6683 -0.3326 -0.6126 -0.2596 0.7567 0.1347 -0.6383 -0.0437 0.6187 -0.3367 -0.7056 -0.0771 0.693 -0.0496 -0.7141 0.0858 0.9253 0.0594 0.3098 0.2105 0.6594 -0.2463 -0.7033 -0.0997 0.8288 -0.3536 -0.4336 0.0056 0.8239 -0.0367 0.5617 0.0667
0.7404 -0.0028 -0.6587 -0.1339 0.4395 -0.6063 -0.3505 -0.5624 0.6683 -0.3326 -0.6126 -0.2596 0.7567 0.1347 -0.6383 -0.0437 0.6187 -0.3367 -0.7056 -0.0771 0.695 0.0015 -0.7165 0.0601 0.9253 0.0594 0.3098 0.2105 0.6594 -0.2463 -0.7033 -0.0997 0.8288 -0.3536 -0.4336 0.0056 0.8239 -0.0367 0.5617 0.0667
0.7404 -0.0028 -0.6587 -0.1339 0.4395 -0.6063 -0.3505 -0.5624 0.6683 -0.3326 -0.6126 -0.2596 0.7567 0.1347 -0.6383 -0.0437 0.6187 -0.3367 -0.7056 -0.0771 0.695 0.0015 -0.7165 0.0601 0.9253 0.0594 0.3098 0.2105 0.6594 -0.2463 -0.7033 -0.0997 0.8288 -0.3536 -0.4336 0.0056 0.8239 -0.0367 0.5617 0.0667
0.7404 -0.0028 -0.6587 -0.1339 0.4395 -0.6063 -0.3505 -0.5624 0.6683 -0.3326 -0.6126 -0.2596 0.7567 0.1347 -0.6383 -0.0437 0.6187 -0.3367 -0.7056 -0.0771 0.695 0.0015 -0.7165 0.0601 0.9253 0.0594 0.3098 0.2105 0.6594 -0.2463 -0.7033 -0.0997 0.8288 -0.3536 -0.4336 0.0056 0.8239 -0.0367 0.5617 0.0667
0.7389 0.0183 -0.658 -0.144 0.4395 -0.6063 -0.3505 -0.5624 0.6683 -0.3326 -0.6126 -0.2596 0.7567 0.1347 -0.6383 -0.0437 0.6237 -0.2912 -0.7223 -0.0674 0.695 0.0015 -0.7165 0.0601 0.9253 0.0594 0.3098 0.2105 0.6594 -0.2463 -0.7033 -0.0997 0.8288 -0.3536 -0.4336 0.0056 0.8239 -0.0367 0.5617 0.0667
0.7389 0.0183 -0.658 -0.144 0.4395 -0.6063 -0.3505 -0.5624 0.6683 -0.3326 -0.6126 -0.2596 0.7567 0.1347 -0.6383 -0.0437 0.6237 -0.2912 -0.7223 -0.0674 0.695 0.0015 -0.7165 0.0601 0.9235 0.0604 0.314 0.2117 0.6594 -0.2463 -0.7033 -0.0997 0.8288 -0.3536 -0.4336 0.0056 0.8239 -0.0367 0.5617 0.0667
0.7389 0.0183 -0.658 -0.144 0.4395 -0.6063 -0.3505 -0.5624 0.6683 -0.3326 -0.6126 -0.2596 0.7567 0.1347 -0.6383 -0.0437 0.6237 -0.2912 -0.7223 -0.0674 0.695 0.0015 -0.7165 0.0601 0.9235 0.0604 0.314 0.2117 0.6594 -0.2463 -0.7033 -0.0997 0.8288 -0.3536 -0.4336 0.0056 0.8239 -0.0367 0.5617 0.0667
0.7389 0.0183 -0.658 -0.144 0.4395 -0.6063 -0.3505 -0.5624 0.6683 -0.3326 -0.6126 -0.2596 0.7567 0.1347 -0.6383 -0.0437 0.6237 -0.2912 -0.7223 -0.0674 0.695 0.0015 -0.7165 0.0601 0.9235 0.0604 0.314 0.2117 0.6594 -0.2463 -0.7033 -0.0997 0.8288 -0.3536 -0.4336 0.0056 0.8239 -0.0367 0.5617 0.0667
0.7389 0.0183 -0.658 -0.144 0.4282 -0.6174 -0.3235 -0.5751 0.6683 -0.3326 -0.6126 -0.2596 0.7567 0.1347 -0.6383 -0.0437 0.6237 -0.2912 -0.7223 -0.0674 0.6964 0.0175 -0.7166 0.0373 0.9235 0.0604 0.314 0.2117 0.6594 -0.2463 -0.7033 -0.0997 0.8361 -0.3126 -0.4504 0.0176 0.8239 -0.0367 0.5617 0.0667
0.7389 0.0183 -0.658 -0.144 0.4282 -0.6174 -0.3235 -0.5751 0.6683 -0.3326 -0.6126 -0.2596 0.7567 0.1347 -0.6383 -0.0437 0.6237 -0.2912 -0.7223 -0.0674 0.6964 0.0175 -0.7166 0.0373 0.9235 0.0604 0.314 0.2117 0.6594 -0.2463 -0.7033 -0.0997 0.8361 -0.3126 -0.4504 0.0176 0.8239 -0.0367 0.5617 0.0667
0.7389 0.0183 -0.658 -0.144 0.4282 -0.6174 -0.3235 -0.5751 0.6683 -0.3326 -0.6126 -0.2596 0.7567 0.1347 -0.6383 -0.0437 0.6237 -0.2912 -0.7223 -0.0674 0.6964 0.0175 -0.7166 0.0373 0.9235 0.0604 0.314 0.2117 0.6594 -0.2463 -0.7033 -0.0997 0.8361 -0.3126 -0.4504 0.0176 0.8239 -0.0367 0.5617 0.0667
0.7252 0.0264 -0.6687 -0.1617 0.4282 -0.6174 -0.3235 -0.5751 0.6683 -0.3326 -0.6126 -0.2596 0.7567 0.1347 -0.6383 -0.0437 0.6063 -0.2863 -0.7324 -0.1184 0.6964 0.0175 -0.7166 0.0373 0.9235 0.0604 0.314 0.2117 0.6594 -0.2463 -0.7033 -0.0997 0.8361 -0.3126 -0.4504 0.0176 0.8239 -0.0367 0.5617 0.0667
0.7252 0.0264 -0.6687 -0.1617 0.4282 -0.6174 -0.3235 -0.5751 0.6683 -0.3326 -0.6126 -0.2596 0.7567 0.1347 -0.6383 -0.0437 0.6063 -0.2863 -0.7324 -0.1184 0.6964 0.0175 -0.7166 0.0373 0.9203 0.0617 0.3228 0.2119 0.6594 -0.2463 -0.7033 -0.0997 0.8361 -0.3126 -0.4504 0.0176 0.8239 -0.0367 0.5617 0.0667
0.7252 0.0264 -0.6687 -0.1617 0.4282 -0.6174 -0.3235 -0.5751 0.6683 -0.3326 -0.6126 -0.2596 0.7567 0.1347 -0.6383 -0.0437 0.6063 -0.2863 -0.7324 -0.1184 0.6964 0.0175 -0.7166 0.0373 0.9203 0.0617 0.3228 0.2119 0.6594 -0.2463 -0.7033 -0.0997 0.8361 -0.3126 -0.4504 0.0176 0.8239 -0.0367 0.5617 0.0667
0.7252 0.0264 -0.6687 -0.1617 0.4175 -0.6319 -0.3246 -0.5666 0.6683 -0.3326 -0.6126 -0.2596 0.7567 0.1347 -0.6383 -0.0437 0.6063 -0.2863 -0.7324 -0.1184 0.6964 0.0175 -0.7166 0.0373 0.9203 0.0617 0.3228 0.2119 0.6594 -0.2463 -0.7033 -0.0997 0.7573 -0.2888 -0.5765 -0.1039 0.8239 -0.0367 0.5617 0.0667
0.7252 0.0264 -0.6687 -0.1617 0.4175 -0.6319 -0.3246 -0.5666 0.6683 -0.3326 -0.6126 -0.2596 0.7567 0.1347 -0.6383 -0.0437 0.6063 -0.2863 -0.7324 -0.1184 0.7022 0.0308 -0.7113 0.0047 0.9203 0.0617 0.3228 0.2119 0.6594 -0.2463 -0.7033 -0.0997 0.7573 -0.2888 -0.5765 -0.1039 0.8239 -0.0367 0.5617 0.0667
0.7252 0.0264 -0.6687 -0.1617 0.4175 -0.6319 -0.3246 -0.5666 0.6683 -0.3326 -0.6126 -0.2596 0.7567 0.1347 -0.6383 -0.0437 0.6063 -0.2863 -0.7324 -0.1184 0.7022 0.0308 -0.7113 0.0047 0.9203 0.0617 0.3228 0.2119 0.6594 -0.2463 -0.7033 -0.0997 0.7573 -0.2888 -0.5765 -0.1039 0.8239 -0.0367 0.5617 0.0667
0.7252 0.0264 -0.6687 -0.1617 0.4175 -0.6319 -0.3246 -0.5666 0.6683 -0.3326 -0.6126 -0.2596 0.7687 0.0686 -0.6349 0.0342 0.6063 -0.2863 -0.7324 -0.1184 0.7022 0.0308 -0.7113 0.0047 0.9203 0.0617 0.3228 0.2119 0.5997 -0.0645 -0.7038 -0.3753 0.7573 -0.2888 -0.5765 -0.1039 0.8239 -0.0367 0.5617 0.0667
0.7193 0.0347 -0.6711 -0.1762 0.4175 -0.6319 -0.3246 -0.5666 0.6683 -0.3326 -0.6126 -0.2596 0.7687 0.0686 -0.6349 0.0342 0.6073 -0.2682 -0.7356 -0.1348 0.7022 0.0308 -0.7113 0.0047 0.9203 0.0617 0.3228 0.2119 0.5997 -0.0645 -0.7038 -0.3753 0.7573 -0.2888 -0.5765 -0.1039 0.8239 -0.0367 0.5617 0.0667
0.7193 0.0347 -0.6711 -0.1762 0.4175 -0.6319 -0.3246 -0.5666 0.6683 -0.3326 -0.6126 -0.2596 0.7687 0.0686 -0.6349 0.0342 0.6073 -0.2682 -0.7356 -0.1348 0.7022 0.0308 -0.7113 0.0047 0.9203 0.0617 0.3228 0.2119 0.5997 -0.0645 -0.7038 -0.3753 0.7573 -0.2888 -0.5765 -0.1039 0.8239 -0.0367 0.5617 0.0667
0.7193 0.0347 -0.6711 -0.1762 0.4175 -0.6319 -0.3246 -0.5666 0.6683 -0.3326 -0.6126 -0.2596 0.7687 0.0686 -0.6349 0.0342 0.6073 -0.2682 -0.7356 -0.1348 0.7022 0.0308 -0.7113 0.0047 0.9203 0.0617 0.3228 0.2119 0.5997 -0.0645 -0.7038 -0.3753 0.7573 -0.2888 -0.5765 -0.1039 0.9626 -0.0071 0.2675 0.043
0.7193 0.0347 -0.6711 -0.1762 0.4036 -0.6325 -0.3344 -0.5703 0.6683 -0.3326 -0.6126 -0.2596 0.7687 0.0686 -0.6349 0.0342 0.6073 -0.2682 -0.7356 -0.1348 0.7022 0.0308 -0.7113 0.0047 0.9203 0.0617 0.3228 0.2119 0.5997 -0.0645 -0.7038 -0.3753 0.656 -0.2026 -0.6896 -0.2305 0.9626 -0.0071 0.2675 0.043
0.7193 0.0347 -0.6711 -0.1762 0.4036 -0.6325 -0.3344 -0.5703 0.6683 -0.3326 -0.6126 -0.2596 0.7687 0.0686 -0.6349 0.0342 0.6073 -0.2682 -0.7356 -0.1348 0.7022 0.0308 -0.7113 0.0047 0.9203 0.0617 0.3228 0.2119 0.5997 -0.0645 -0.7038 -0.3753 0.656 -0.2026 -0.6896 -0.2305 0.9626 -0.0071 0.2675 0.043
0.7193 0.0347 -0.6711 -0.1762 0.4036 -0.6325 -0.3344 -0.5703 0.6683 -0.3326 -0.6126 -0.2596 0.7687 0.0686 -0.6349 0.0342 0.6073 -0.2682 -0.7356 -0.1348 0.7022 0.0308 -0.7113 0.0047 0.9203 0.0617 0.3228 0.2119 0.5997 -0.0645 -0.7038 -0.3753 0.656 -0.2026 -0.6896 -0.2305 0.9626 -0.0071 0.2675 0.043
0.7193 0.0347 -0.6711 -0.1762 0.4036 -0.6325 -0.3344 -0.5703 0.6683 -0.3326 -0.6126 -0.2596 0.7687 0.0686 -0.6349 0.0342 0.6073 -0.2682 -0.7356 -0.1348 0.7022 0.0308 -0.7113 0.0047 0.9203 0.0617 0.3228 0.2119 0.5997 -0.0645 -0.7038 -0.3753 0.656 -0.2026 -0.6896 -0.2305 0.9626 -0.0071 0.2675 0.043
0.7111 0.0314 -0.68 -0.1762 0.4036 -0.6325 -0.3344 -0.5703 0.6683 -0.3326 -0.6126 -0.2596 0.7687 0.0686 -0.6349 0.0342 0.6005 -0.2606 -0.7345 -0.179 0.7022 0.0308 -0.7113 0.0047 0.9203 0.0617 0.3228 0.2119 0.5997 -0.0645 -0.7038 -0.3753 0.656 -0.2026 -0.6896 -0.2305 0.9626 -0.0071 0.2675 0.043
0.7111 0.0314 -0.68 -0.1762 0.4036 -0.6325 -0.3344 -0.5703 0.6683 -0.3326 -0.6126 -0.2596 0.7687 0.0686 -0.6349 0.0342 0.6005 -0.2606 -0.7345 -0.179 0.7022 0.0308 -0.7113 0.0047 0.9203 0.0617 0.3228 0.2119 0.5997 -0.0645 -0.7038 -0.3753 0.656 -0.2026 -0.6896 -0.2305 0.9626 -0.0071 0.2675 0.043
0.7111 0.0314 -0.68 -0.1762 0.4036 -0.6325 -0.3344 -0.5703 0.6683 -0.3326 -0.6126 -0.2596 0.7687 0.0686 -0.6349 0.0342 0.6005 -0.2606 -0.7345 -0.179 0.7022 0.0308 -0.7113 0.0047 0.9203 0.0617 0.3228 0.2119 0.5997 -0.0645 -0.7038 -0.3753 0.656 -0.2026 -0.6896 -0.2305 0.9626 -0.0071 0.2675 0.043
0.7111 0.0314 -0.68 -0.1762 0.4036 -0.6325 -0.3344 -0.5703 0.6683 -0.3326 -0.6126 -0.2596 0.7687 0.0686 -0.6349 0.0342 0.6005 -0.2606 -0.7345 -0.179 0.7022 0.0308 -0.7113 0.0047 0.9203 0.0617 0.3228 0.2119 0.5997 -0.0645 -0.7038 -0.3753 0.656 -0.2026 -0.6896 -0.2305 0.9626 -0.0071 0.2675 0.043
0.7111 0.0314 -0.68 -0.1762 0.372 -0.6364 -0.3214 -0.5944 0.6683 -0.3326 -0.6126 -0.2596 0.7687 0.0686 -0.6349 0.0342 0.6005 -0.2606 -0.7345 -0.179 0.7233 0.0792 -0.6842 -0.0483 0.9203 0.0617 0.3228 0.2119 0.5997 -0.0645 -0.7038 -0.3753 0.6132 -0.1806 -0.7219 -0.2648 0.9626 -0.0071 0.2675 0.043
0.7111 0.0314 -0.68 -0.1762 0.372 -0.6364 -0.3214 -0.5944 0.6683 -0.3326 -0.6126 -0.2596 0.7687 0.0686 -0.6349 0.0342 0.6005 -0.2606 -0.7345 -0.179 0.7233 0.0792 -0.6842 -0.0483 0.9203 0.0617 0.3228 0.2119 0.5997 -0.0645 -0.7038 -0.3753 0.6132 -0.1806 -0.7219 -0.2648 0.9626 -0.0071 0.2675 0.043
0.7111 0.0314 -0.68 -0.1762 0.372 -0.6364 -0.3214 -0.5944 0.6683 -0.3326 -0.6126 -0.2596 0.7687 0.0686 -0.6349 0.0342 0.6005 -0.2606 -0.7345 -0.179 0.7233 0.0792 -0.6842 -0.0483 0.9203 0.0617 0.3228 0.2119 0.5997 -0.0645 -0.7038 -0.3753 0.6132 -0.1806 -0.7219 -0.2648 0.9626 -0.0071 0.2675 0.043
0.7147 0.0084 -0.6747 -0.1844 0.372 -0.6364 -0.3214 -0.5944 0.6683 -0.3326 -0.6126 -0.2596 0.7687 0.0686 -0.6349 0.0342 0.6028 -0.2451 -0.7251 -0.2255 0.7233 0.0792 -0.6842 -0.0483 0.9203 0.0617 0.3228 0.2119 0.5997 -0.0645 -0.7038 -0.3753 0.6132 -0.1806 -0.7219 -0.2648 0.9626 -0.0071 0.2675 0.043
0.7147 0.0084 -0.6747 -0.1844 0.372 -0.6364 -0.3214 -0.5944 0.6683 -0.3326 -0.6126 -0.2596 0.7687 0.0686 -0.6349 0.0342 0.6028 -0.2451 -0.7251 -0.2255 0.7233 0.0792 -0.6842 -0.0483 0.9203 0.0617 0.3228 0.2119 0.5997 -0.0645 -0.7038 -0.3753 0.6132 -0.1806 -0.7219 -0.2648 0.9626 -0.0071 0.2675 0.043
0.7147 0.0084 -0.6747 -0.1844 0.372 -0.6364 -0.3214 -0.5944 0.6683 -0.3326 -0.6126 -0.2596 0.7687 0.0686 -0.6349 0.0342 0.6028 -0.2451 -0.7251 -0.2255 0.7233 0.0792 -0.6842 -0.0483 0.9203 0.0617 0.3228 0.2119 0.5997 -0.0645 -0.7038 -0.3753 0.6132 -0.1806 -0.7219 -0.2648 0.9671 0.0019 0.2543 0.0074
0.7147 0.0084 -0.6747 -0.1844 0.372 -0.6364 -0.3214 -0.5944 0.6683 -0.3326 -0.6126 -0.2596 0.7687 0.0686 -0.6349 0.0342 0.6028 -0.2451 -0.7251 -0.2255 0.7233 0.0792 -0.6842 -0.0483 0.9203 0.0617 0.3228 0.2119 0.5997 -0.0645 -0.7038 -0.3753 0.6132 -0.1806 -0.7219 -0.2648 0.9671 0.0019 0.2543 0.0074
0.7147 0.0084 -0.6747 -0.1844 0.391 -0.6124 -0.3362 -0.5992 0.6683 -0.3326 -0.6126 -0.2596 0.7687 0.0686 -0.6349 0.0342 0.6028 -0.2451 -0.7251 -0.2255 0.7487 0.1101 -0.6426 -0.1205 0.9203 0.0617 0.3228 0.2119 0.5997 -0.0645 -0.7038 -0.3753 0.6207 -0.2092 -0.715 -0.2444 0.9671 0.0019 0.2543 0.0074
0.7147 0.0084 -0.6747 -0.1844 0.391 -0.6124 -0.3362 -0.5992 0.6683 -0.3326 -0.6126 -0.2596 0.7687 0.0686 -0.6349 0.0342 0.6028 -0.2451 -0.7251 -0.2255 0.7487 0.1101 -0.6426 -0.1205 0.9203 0.0617 0.3228 0.2119 0.5997 -0.0645 -0.7038 -0.3753 0.6207 -0.2092 -0.715 -0.2444 0.9671 0.0019 0.2543 0.0074
0.7147 0.0084 -0.6747 -0.1844 0.391 -0.6124 -0.3362 -0.5992 0.6683 -0.3326 -0.6126 -0.2596 0.7687 0.0686 -0.6349 0.0342 0.6028 -0.2451 -0.7251 -0.2255 0.7487 0.1101 -0.6426 -0.1205 0.9203 0.0617 0.3228 0.2119 0.5997 -0.0645 -0.7038 -0.3753 0.6207 -0.2092 -0.715 -0.2444 0.9671 0.0019 0.2543 0.0074
0.719 -0.0397 -0.6673 -0.1902 0.391 -0.6124 -0.3362 -0.5992 0.6683 -0.3326 -0.6126 -0.2596 0.7687 0.0686 -0.6349 0.0342 0.6098 -0.3094 -0.6835 -0.2554 0.7487 0.1101 -0.6426 -0.1205 0.9203 0.0617 0.3228 0.2119 0.5997 -0.0645 -0.7038 -0.3753 0.6207 -0.2092 -0.715 -0.2444 0.9671 0.0019 0.2543 0.0074
0.719 -0.0397 -0.6673 -0.1902 0.391 -0.6124 -0.3362 -0.5992 0.6683 -0.3326 -0.6126 -0.2596 0.7687 0.0686 -0.6349 0.0342 0.6098 -0.3094 -0.6835 -0.2554 0.7487 0.1101 -0.6426 -0.1205 0.7744 0.0196 0.6239 0.1033 0.5997 -0.0645 -0.7038 -0.3753 0.6207 -0.2092 -0.715 -0.2444 0.9671 0.0019 0.2543 0.0074
0.719 -0.0397 -0.6673 -0.1902 0.391 -0.6124 -0.3362 -0.5992 0.6882 -0.3414 -0.6022 -0.217 0.7687 0.0686 -0.6349 0.0342 0.6098 -0.3094 -0.6835 -0.2554 0.7487 0.1101 -0.6426 -0.1205 0.7744 0.0196 0.6239 0.1033 0.5997 -0.0645 -0.7038 -0.3753 0.6207 -0.2092 -0.715 -0.2444 0.9594 0.0056 0.2822 -0.0028
0.719 -0.0397 -0.6673 -0.1902 0.391 -0.6124 -0.3362 -0.5992 0.6882 -0.3414 -0.6022 -0.217 0.7687 0.0686 -0.6349 0.0342 0.6098 -0.3094 -0.6835 -0.2554 0.7487 0.1101 -0.6426 -0.1205 0.7744 0.0196 0.6239 0.1033 0.5997 -0.0645 -0.7038 -0.3753 0.6207 -0.2092 -0.715 -0.2444 0.9594 0.0056 0.2822 -0.0028
0.719 -0.0397 -0.6673 -0.1902 0.3825 -0.6333 -0.2937 -0.6053 0.6882 -0.3414 -0.6022 -0.217 0.7687 0.0686 -0.6349 0.0342 0.6098 -0.3094 -0.6835 -0.2554 0.7639 0.185 -0.5659 -0.249 0.7744 0.0196 0.6239 0.1033 0.5997 -0.0645 -0.7038 -0.3753 0.639 -0.2493 -0.6956 -0.2137 0.9594 0.0056 0.2822 -0.0028
0.719 -0.0397 -0.6673 -0.1902 0.3825 -0.6333 -0.2937 -0.6053 0.6882 -0.3414 -0.6022 -0.217 0.7794 0.1312 -0.6123 0.0218 0.6098 -0.3094 -0.6835 -0.2554 0.7639 0.185 -0.5659 -0.249 0.7744 0.0196 0.6239 0.1033 0.5997 -0.0645 -0.7038 -0.3753 0.639 -0.2493 -0.6956 -0.2137 0.9594 0.0056 0.2822 -0.0028
0.719 -0.0397 -0.6673 -0.1902 0.3825 -0.6333 -0.2937 -0.6053 0.6882 -0.3414 -0.6022 -0.217 0.7794 0.1312 -0.6123 0.0218 0.6098 -0.3094 -0.6835 -0.2554 0.7639 0.185 -0.5659 -0.249 0.7744 0.0196 0.6239 0.1033 0.5997 -0.0645 -0.7038 -0.3753 0.639 -0.2493 -0.6956 -0.2137 0.9594 0.0056 0.2822 -0.0028
0.7257 -0.0596 -0.6606 -0.183 0.3825 -0.6333 -0.2937 -0.6053 0.6882 -0.3414 -0.6022 -0.217 0.7794 0.1312 -0.6123 0.0218 0.593 -0.4226 -0.6495 -0.2188 0.7639 0.185 -0.5659 -0.249 0.7744 0.0196 0.6239 0.1033 0.5997 -0.0645 -0.7038 -0.3753 0.639 -0.2493 -0.6956 -0.2137 0.9594 0.0056 0.2822 -0.0028
0.7257 -0.0596 -0.6606 -0.183 0.3825 -0.6333 -0.2937 -0.6053 0.6882 -0.3414 -0.6022 -0.217 0.7794 0.1312 -0.6123 0.0218 0.593 -0.4226 -0.6495 -0.2188 0.7639 0.185 -0.5659 -0.249 0.7744 0.0196 0.6239 0.1033 0.5997 -0.0645 -0.7038 -0.3753 0.639 -0.2493 -0.6956 -0.2137 0.9594 0.0056 0.2822 -0.0028
0.7257 -0.0596 -0.6606 -0.183 0.3825 -0.6333 -0.2937 -0.6053 0.6882 -0.3414 -0.6022 -0.217 0.7794 0.1312 -0.6123 0.0218 0.593 -0.4226 -0.6495 -0.2188 0.7639 0.185 -0.5659 -0.249 0.7648 0.0173 0.644 -0.0018 0.5997 -0.0645 -0.7038 -0.3753 0.639 -0.2493 -0.6956 -0.2137 0.9568 0.0067 0.2907 -0.0042
0.7257 -0.0596 -0.6606 -0.183 0.3825 -0.6333 -0.2937 -0.6053 0.6882 -0.3414 -0.6022 -0.217 0.7794 0.1312 -0.6123 0.0218 0.593 -0.4226 -0.6495 -0.2188 0.7639 0.185 -0.5659 -0.249 0.7648 0.0173 0.644 -0.0018 0.5997 -0.0645 -0.7038 -0.3753 0.639 -0.2493 -0.6956 -0.2137 0.9568 0.0067 0.2907 -0.0042
0.7257 -0.0596 -0.6606 -0.183 0.4058 -0.6567 -0.2837 -0.5688 0.6882 -0.3414 -0.6022 -0.217 0.77 0.1808 -0.6119 -0.0097 0.593 -0.4226 -0.6495 -0.2188 0.7587 0.1277 -0.5901 -0.2445 0.7648 0.0173 0.644 -0.0018 0.5997 -0.0645 -0.7038 -0.3753 0.6514 -0.2664 -0.6844 -0.1905 0.9568 0.0067 0.2907 -0.0042
0.7257 -0.0596 -0.6606 -0.183 0.4058 -0.6567 -0.2837 -0.5688 0.6882 -0.3414 -0.6022 -0.217 0.77 0.1808 -0.6119 -0.0097 0.593 -0.4226 -0.6495 -0.2188 0.7587 0.1277 -0.5901 -0.2445 0.7648 0.0173 0.644 -0.0018 0.5997 -0.0645 -0.7038 -0.3753 0.6514 -0.2664 -0.6844 -0.1905 0.9568 0.0067 0.2907 -0.0042
0.7257 -0.0596 -0.6606 -0.183 0.4058 -0.6567 -0.2837 -0.5688 0.6882 -0.3414 -0.6022 -0.217 0.77 0.1808 -0.6119 -0.0097 0.593 -0.4226 -0.6495 -0.2188 0.7587 0.1277 -0.5901 -0.2445 0.7648 0.0173 0.644 -0.0018 0.6186 -0.2343 -0.7237 -0.1969 0.6514 -0.2664 -0.6844 -0.1905 0.9568 0.0067 0.2907 -0.0042
0.7305 -0.0547 -0.6589 -0.1709 0.4058 -0.6567 -0.2837 -0.5688 0.6882 -0.3414 -0.6022 -0.217 0.77 0.1808 -0.6119 -0.0097 0.6159 -0.4324 -0.6484 -0.1151 0.7587 0.1277 -0.5901 -0.2445 0.7648 0.0173 0.644 -0.0018 0.6186 -0.2343 -0.7237 -0.1969 0.6514 -0.2664 -0.6844 -0.1905 0.9568 0.0067 0.2907 -0.0042
0.7305 -0.0547 -0.6589 -0.1709 0.4058 -0.6567 -0.2837 -0.5688 0.6882 -0.3414 -0.6022 -0.217 0.77 0.1808 -0.6119 -0.0097 0.6159 -0.4324 -0.6484 -0.1151 0.7587 0.1277 -0.5901 -0.2445 0.7648 0.0173 0.644 -0.0018 0.6186 -0.2343 -0.7237 -0.1969 0.6514 -0.2664 -0.6844 -0.1905 0.9568 0.0067 0.2907 -0.0042
0.7305 -0.0547 -0.6589 -0.1709 0.4058 -0.6567 -0.2837 -0.5688 0.663 -0.3322 -0.593 -0.3136 0.77 0.1808 -0.6119 -0.0097 0.6159 -0.4324 -0.6484 -0.1151 0.7587 0.1277 -0.5901 -0.2445 0.8698 0.0655 0.4799 0.095 0.6186 -0.2343 -0.7237 -0.1969 0.6514 -0.2664 -0.6844 -0.1905 0.9568 0.0067 0.2907 -0.0042
0.7305 -0.0547 -0.6589 -0.1709 0.4058 -0.6567 -0.2837 -0.5688 0.663 -0.3322 -0.593 -0.3136 0.77 0.1808 -0.6119 -0.0097 0.6159 -0.4324 -0.6484 -0.1151 0.7587 0.1277 -0.5901 -0.2445 0.8698 0.0655 0.4799 0.095 0.6186 -0.2343 -0.7237 -0.1969 0.6514 -0.2664 -0.6844 -0.1905 0.9568 0.0067 0.2907 -0.0042
0.7305 -0.0547 -0.6589 -0.1709 0.4314 -0.6489 -0.3021 -0.5491 0.663 -0.3322 -0.593 -0.3136 0.77 0.1808 -0.6119 -0.0097 0.6159 -0.4324 -0.6484 -0.1151 0.7219 0.0168 -0.6896 -0.0541 0.8698 0.0655 0.4799 0.095 0.6186 -0.2343 -0.7237 -0.1969 0.668 -0.2767 -0.6683 -0.1748 0.9568 0.0067 0.2907 -0.0042
0.7305 -0.0547 -0.6589 -0.1709 0.4314 -0.6489 -0.3021 -0.5491 0.663 -0.3322 -0.593 -0.3136 0.7546 0.2112 -0.6205 -0.0299 0.6159 -0.4324 -0.6484 -0.1151 0.7219 0.0168 -0.6896 -0.0541 0.8698 0.0655 0.4799 0.095 0.6347 -0.2344 -0.7207 -0.1509 0.668 -0.2767 -0.6683 -0.1748 0.9568 0.0067 0.2907 -0.0042
0.7305 -0.0547 -0.6589 -0.1709 0.4314 -0.6489 -0.3021 -0.5491 0.663 -0.3322 -0.593 -0.3136 0.7546 0.2112 -0.6205 -0.0299 0.6159 -0.4324 -0.6484 -0.1151 0.7219 0.0168 -0.6896 -0.0541 0.8698 0.0655 0.4799 0.095 0.6347 -0.2344 -0.7207 -0.1509 0.668 -0.2767 -0.6683 -0.1748 0.9568 0.0067 0.2907 -0.0042
0.7355 -0.04 -0.6564 -0.1627 0.4314 -0.6489 -0.3021 -0.5491 0.663 -0.3322 -0.593 -0.3136 0.7546 0.2112 -0.6205 -0.0299 0.6376 -0.3723 -0.6716 -0.0613 0.7219 0.0168 -0.6896 -0.0541 0.8698 0.0655 0.4799 0.095 0.6347 -0.2344 -0.7207 -0.1509 0.668 -0.2767 -0.6683 -0.1748 0.9568 0.0067 0.2907 -0.0042
0.7355 -0.04 -0.6564 -0.1627 0.4314 -0.6489 -0.3021 -0.5491 0.663 -0.3322 -0.593 -0.3136 0.7546 0.2112 -0.6205 -0.0299 0.6376 -0.3723 -0.6716 -0.0613 0.7219 0.0168 -0.6896 -0.0541 0.8698 0.0655 0.4799 0.095 0.6347 -0.2344 -0.7207 -0.1509 0.668 -0.2767 -0.6683 -0.1748 0.9568 0.0067 0.2907 -0.0042
0.7355 -0.04 -0.6564 -0.1627 0.4314 -0.6489 -0.3021 -0.5491 0.6583 -0.3379 -0.5923 -0.3187 0.7546 0.2112 -0.6205 -0.0299 0.6376 -0.3723 -0.6716 -0.0613 0.7219 0.0168 -0.6896 -0.0541 0.9304 0.111 0.2869 0.1996 0.6347 -0.2344 -0.7207 -0.1509 0.668 -0.2767 -0.6683 -0.1748 0.9507 0.015 0.3098 0.0075
0.7355 -0.04 -0.6564 -0.1627 0.4314 -0.6489 -0.3021 -0.5491 0.6583 -0.3379 -0.5923 -0.3187 0.7546 0.2112 -0.6205 -0.0299 0.6376 -0.3723 -0.6716 -0.0613 0.7219 0.0168 -0.6896 -0.0541 0.9304 0.111 0.2869 0.1996 0.6347 -0.2344 -0.7207 -0.1509 0.668 -0.2767 -0.6683 -0.1748 0.9507 0.015 0.3098 0.0075
0.7355 -0.04 -0.6564 -0.1627 0.4314 -0.6489 -0.3021 -0.5491 0.6583 -0.3379 -0.5923 -0.3187 0.7546 0.2112 -0.6205 -0.0299 0.6376 -0.3723 -0.6716 -0.0613 0.6747 -0.1091 -0.7245 0.0894 0.9304 0.111 0.2869 0.1996 0.6347 -0.2344 -0.7207 -0.1509 0.668 -0.2767 -0.6683 -0.1748 0.9507 0.015 0.3098 0.0075
0.7355 -0.04 -0.6564 -0.1627 0.4314 -0.6489 -0.3021 -0.5491 0.6583 -0.3379 -0.5923 -0.3187 0.7519 0.2046 -0.6255 -0.0391 0.6376 -0.3723 -0.6716 -0.0613 0.6747 -0.1091 -0.7245 0.0894 0.9304 0.111 0.2869 0.1996 0.6347 -0.2344 -0.7207 -0.1509 0.668 -0.2767 -0.6683 -0.1748 0.9507 0.015 0.3098 0.0075
0.7355 -0.04 -0.6564 -0.1627 0.4314 -0.6489 -0.3021 -0.5491 0.6583 -0.3379 -0.5923 -0.3187 0.7519 0.2046 -0.6255 -0.0391 0.6376 -0.3723 -0.6716 -0.0613 0.6747 -0.1091 -0.7245 0.0894 0.9304 0.111 0.2869 0.1996 0.6447 -0.2421 -0.7134 -0.1295 0.668 -0.2767 -0.6683 -0.1748 0.9507 0.015 0.3098 0.0075
0.7297 -0.0201 -0.6636 -0.164 0.4314 -0.6489 -0.3021 -0.5491 0.6583 -0.3379 -0.5923 -0.3187 0.7519 0.2046 -0.6255 -0.0391 0.6241 -0.3657 -0.683 -0.1009 0.6747 -0.1091 -0.7245 0.0894 0.9304 0.111 0.2869 0.1996 0.6447 -0.2421 -0.7134 -0.1295 0.668 -0.2767 -0.6683 -0.1748 0.9507 0.015 0.3098 0.0075
0.7297 -0.0201 -0.6636 -0.164 0.4314 -0.6489 -0.3021 -0.5491 0.6583 -0.3379 -0.5923 -0.3187 0.7519 0.2046 -0.6255 -0.0391 0.6241 -0.3657 -0.683 -0.1009 0.6747 -0.1091 -0.7245 0.0894 0.9396 0.0962 0.2651 0.194 0.6447 -0.2421 -0.7134 -0.1295 0.668 -0.2767 -0.6683 -0.1748 0.9507 0.015 0.3098 0.0075
0.7297 -0.0201 -0.6636 -0.164 0.4314 -0.6489 -0.3021 -0.5491 0.6719 -0.3416 -0.5946 -0.2798 0.7519 0.2046 -0.6255 -0.0391 0.6241 -0.3657 -0.683 -0.1009 0.6747 -0.1091 -0.7245 0.0894 0.9396 0.0962 0.2651 0.194 0.6447 -0.2421 -0.7134 -0.1295 0.668 -0.2767 -0.6683 -0.1748 0.9445 0.0159 0.3279 0.0118
0.7297 -0.0201 -0.6636 -0.164 0.4078 -0.6313 -0.3272 -0.5727 0.6719 -0.3416 -0.5946 -0.2798 0.7519 0.2046 -0.6255 -0.0391 0.6241 -0.3657 -0.683 -0.1009 0.6642 -0.0967 -0.7368 0.0807 0.9396 0.0962 0.2651 0.194 0.6447 -0.2421 -0.7134 -0.1295 0.735 -0.3108 -0.5892 -0.1261 0.9445 0.0159 0.3279 0.0118
0.7297 -0.0201 -0.6636 -0.164 0.4078 -0.6313 -0.3272 -0.5727 0.6719 -0.3416 -0.5946 -0.2798 0.7519 0.2046 -0.6255 -0.0391 0.6241 -0.3657 -0.683 -0.1009 0.6642 -0.0967 -0.7368 0.0807 0.9396 0.0962 0.2651 0.194 0.6447 -0.2421 -0.7134 -0.1295 0.735 -0.3108 -0.5892 -0.1261 0.9445 0.0159 0.3279 0.0118
0.7297 -0.0201 -0.6636 -0.164 0.4078 -0.6313 -0.3272 -0.5727 0.6719 -0.3416 -0.5946 -0.2798 0.7638 0.1769 -0.6207 -0.0079 0.6241 -0.3657 -0.683 -0.1009 0.6642 -0.0967 -0.7368 0.0807 0.9396 0.0962 0.2651 0.194 0.6519 -0.2479 -0.7058 -0.1245 0.735 -0.3108 -0.5892 -0.1261 0.9445 0.0159 0.3279 0.0118
0.7297 -0.0201 -0.6636 -0.164 0.4078 -0.6313 -0.3272 -0.5727 0.6719 -0.3416 -0.5946 -0.2798 0.7638 0.1769 -0.6207 -0.0079 0.6241 -0.3657 -0.683 -0.1009 0.6642 -0.0967 -0.7368 0.0807 0.9396 0.0962 0.2651 0.194 0.6519 -0.2479 -0.7058 -0.1245 0.735 -0.3108 -0.5892 -0.1261 0.9445 0.0159 0.3279 0.0118
0.7211 -0.0104 -0.6722 -0.1673 0.4078 -0.6313 -0.3272 -0.5727 0.6719 -0.3416 -0.5946 -0.2798 0.7638 0.1769 -0.6207 -0.0079 0.6086 -0.363 -0.694 -0.1273 0.6642 -0.0967 -0.7368 0.0807 0.9396 0.0962 0.2651 0.194 0.6519 -0.2479 -0.7058 -0.1245 0.735 -0.3108 -0.5892 -0.1261 0.9445 0.0159 0.3279 0.0118
0.7211 -0.0104 -0.6722 -0.1673 0.4078 -0.6313 -0.3272 -0.5727 0.6719 -0.3416 -0.5946 -0.2798 0.7638 0.1769 -0.6207 -0.0079 0.6086 -0.363 -0.694 -0.1273 0.6642 -0.0967 -0.7368 0.0807 0.9396 0.0962 0.2651 0.194 0.6519 -0.2479 -0.7058 -0.1245 0.735 -0.3108 -0.5892 -0.1261 0.9445 0.0159 0.3279 0.0118
0.7211 -0.0104 -0.6722 -0.1673 0.4078 -0.6313 -0.3272 -0.5727 0.6719 -0.3416 -0.5946 -0.2798 0.7638 0.1769 -0.6207 -0.0079 0.6086 -0.363 -0.694 -0.1273 0.6642 -0.0967 -0.7368 0.0807 0.9396 0.0962 0.2651 0.194 0.6519 -0.2479 -0.7058 -0.1245 0.735 -0.3108 -0.5892 -0.1261 0.885 -0.0249 0.4648 0.0038
0.7211 -0.0104 -0.6722 -0.1673 0.4078 -0.6313 -0.3272 -0.5727 0.6719 -0.3416 -0.5946 -0.2798 0.7638 0.1769 -0.6207 -0.0079 0.6086 -0.363 -0.694 -0.1273 0.6642 -0.0967 -0.7368 0.0807 0.9396 0.0962 0.2651 0.194 0.6519 -0.2479 -0.7058 -0.1245 0.735 -0.3108 -0.5892 -0.1261 0.885 -0.0249 0.4648 0.0038
0.7211 -0.0104 -0.6722 -0.1673 0.3947 -0.6328 -0.3359 -0.5753 0.6719 -0.3416 -0.5946 -0.2798 0.7638 0.1769 -0.6207 -0.0079 0.6086 -0.363 -0.694 -0.1273 0.6736 -0.0468 -0.7361 0.0466 0.9396 0.0962 0.2651 0.194 0.6519 -0.2479 -0.7058 -0.1245 0.8043 -0.35 -0.4772 -0.0538 0.885 -0.0249 0.4648 0.0038
0.7211 -0.0104 -0.6722 -0.1673 0.3947 -0.6328 -0.3359 -0.5753 0.6719 -0.3416 -0.5946 -0.2798 0.7834 0.1111 -0.6082 0.0634 0.6086 -0.363 -0.694 -0.1273 0.6736 -0.0468 -0.7361 0.0466 0.9396 0.0962 0.2651 0.194 0.6531 -0.1834 -0.692 -0.2469 0.8043 -0.35 -0.4772 -0.0538 0.885 -0.0249 0.4648 0.0038
0.7211 -0.0104 -0.6722 -0.1673 0.3947 -0.6328 -0.3359 -0.5753 0.6719 -0.3416 -0.5946 -0.2798 0.7834 0.1111 -0.6082 0.0634 0.6086 -0.363 -0.694 -0.1273 0.6736 -0.0468 -0.7361 0.0466 0.9396 0.0962 0.2651 0.194 0.6531 -0.1834 -0.692 -0.2469 0.8043 -0.35 -0.4772 -0.0538 0.885 -0.0249 0.4648 0.0038
0.708 0.0014 -0.6851 -0.1714 0.3947 -0.6328 -0.3359 -0.5753 0.6719 -0.3416 -0.5946 -0.2798 0.7834 0.1111 -0.6082 0.0634 0.6031 -0.3367 -0.7094 -0.1403 0.6736 -0.0468 -0.7361 0.0466 0.9396 0.0962 0.2651 0.194 0.6531 -0.1834 -0.692 -0.2469 0.8043 -0.35 -0.4772 -0.0538 0.885 -0.0249 0.4648 0.0038
0.708 0.0014 -0.6851 -0.1714 0.3947 -0.6328 -0.3359 -0.5753 0.7026 -0.3708 -0.5813 -0.1755 0.7834 0.1111 -0.6082 0.0634 0.6031 -0.3367 -0.7094 -0.1403 0.6736 -0.0468 -0.7361 0.0466 0.9251 0.0735 0.3207 0.1895 0.6531 -0.1834 -0.692 -0.2469 0.8043 -0.35 -0.4772 -0.0538 0.885 -0.0249 0.4648 0.0038
0.708 0.0014 -0.6851 -0.1714 0.3947 -0.6328 -0.3359 -0.5753 0.7026 -0.3708 -0.5813 -0.1755 0.7834 0.1111 -0.6082 0.0634 0.6031 -0.3367 -0.7094 -0.1403 0.6736 -0.0468 -0.7361 0.0466 0.9251 0.0735 0.3207 0.1895 0.6531 -0.1834 -0.692 -0.2469 0.8043 -0.35 -0.4772 -0.0538 0.8048 -0.0496 0.5898 0.0436
0.708 0.0014 -0.6851 -0.1714 0.4174 -0.6298 -0.3485 -0.5547 0.7026 -0.3708 -0.5813 -0.1755 0.7834 0.1111 -0.6082 0.0634 0.6031 -0.3367 -0.7094 -0.1403 0.6736 -0.0468 -0.7361 0.0466 0.9251 0.0735 0.3207 0.1895 0.6531 -0.1834 -0.692 -0.2469 0.8307 -0.3709 -0.4152 -0.0065 0.8048 -0.0496 0.5898 0.0436
0.708 0.0014 -0.6851 -0.1714 0.4174 -0.6298 -0.3485 -0.5547 0.7026 -0.3708 -0.5813 -0.1755 0.7834 0.1111 -0.6082 0.0634 0.6031 -0.3367 -0.7094 -0.1403 0.6757 -0.0295 -0.7362 0.0225 0.9251 0.0735 0.3207 0.1895 0.6531 -0.1834 -0.692 -0.2469 0.8307 -0.3709 -0.4152 -0.0065 0.8048 -0.0496 0.5898 0.0436
0.708 0.0014 -0.6851 -0.1714 0.4174 -0.6298 -0.3485 -0.5547 0.7026 -0.3708 -0.5813 -0.1755 0.7921 0.0447 -0.6039 0.0762 0.6031 -0.3367 -0.7094 -0.1403 0.6757 -0.0295 -0.7362 0.0225 0.9251 0.0735 0.3207 0.1895 0.6334 -0.0713 -0.7274 -0.2543 0.8307 -0.3709 -0.4152 -0.0065 0.8048 -0.0496 0.5898 0.0436
0.6987 0.0174 -0.6924 -0.179 0.4174 -0.6298 -0.3485 -0.5547 0.7026 -0.3708 -0.5813 -0.1755 0.7921 0.0447 -0.6039 0.0762 0.6031 -0.3367 -0.7094 -0.1403 0.6757 -0.0295 -0.7362 0.0225 0.9251 0.0735 0.3207 0.1895 0.6334 -0.0713 -0.7274 -0.2543 0.8307 -0.3709 -0.4152 -0.0065 0.8048 -0.0496 0.5898 0.0436
0.6987 0.0174 -0.6924 -0.179 0.4174 -0.6298 -0.3485 -0.5547 0.7026 -0.3708 -0.5813 -0.1755 0.7921 0.0447 -0.6039 0.0762 0.5967 -0.3228 -0.717 -0.16 0.6757 -0.0295 -0.7362 0.0225 0.9251 0.0735 0.3207 0.1895 0.6334 -0.0713 -0.7274 -0.2543 0.8307 -0.3709 -0.4152 -0.0065 0.8048 -0.0496 0.5898 0.0436
0.6987 0.0174 -0.6924 -0.179 0.4174 -0.6298 -0.3485 -0.5547 0.7026 -0.3708 -0.5813 -0.1755 0.7921 0.0447 -0.6039 0.0762 0.5967 -0.3228 -0.717 -0.16 0.6757 -0.0295 -0.7362 0.0225 0.9251 0.0735 0.3207 0.1895 0.6334 -0.0713 -0.7274 -0.2543 0.8307 -0.3709 -0.4152 -0.0065 0.8048 -0.0496 0.5898 0.0436
0.6987 0.0174 -0.6924 -0.179 0.4174 -0.6298 -0.3485 -0.5547 0.7001 -0.3942 -0.5698 -0.1727 0.7921 0.0447 -0.6039 0.0762 0.5967 -0.3228 -0.717 -0.16 0.6757 -0.0295 -0.7362 0.0225 0.9251 0.0735 0.3207 0.1895 0.6334 -0.0713 -0.7274 -0.2543 0.8307 -0.3709 -0.4152 -0.0065 0.8467 6.0E-4 0.5297 0.0509
0.6987 0.0174 -0.6924 -0.179 0.4174 -0.6298 -0.3485 -0.5547 0.7001 -0.3942 -0.5698 -0.1727 0.7921 0.0447 -0.6039 0.0762 0.5967 -0.3228 -0.717 -0.16 0.6757 -0.0295 -0.7362 0.0225 0.9251 0.0735 0.3207 0.1895 0.6334 -0.0713 -0.7274 -0.2543 0.8307 -0.3709 -0.4152 -0.0065 0.8467 6.0E-4 0.5297 0.0509
0.6987 0.0174 -0.6924 -0.179 0.3879 -0.6548 -0.3232 -0.5624 0.7001 -0.3942 -0.5698 -0.1727 0.7921 0.0447 -0.6039 0.0762 0.5967 -0.3228 -0.717 -0.16 0.6821 -0.0115 -0.7311 -0.0016 0.9251 0.0735 0.3207 0.1895 0.6334 -0.0713 -0.7274 -0.2543 0.7911 -0.341 -0.5009 -0.083 0.8467 6.0E-4 0.5297 0.0509
0.6987 0.0174 -0.6924 -0.179 0.3879 -0.6548 -0.3232 -0.5624 0.7001 -0.3942 -0.5698 -0.1727 0.7957 0.0471 -0.6007 0.0617 0.5967 -0.3228 -0.717 -0.16 0.6821 -0.0115 -0.7311 -0.0016 0.9251 0.0735 0.3207 0.1895 0.5986 -0.1267 -0.6996 -0.369 0.7911 -0.341 -0.5009 -0.083 0.8467 6.0E-4 0.5297 0.0509
0.6987 0.0174 -0.6924 -0.179 0.3879 -0.6548 -0.3232 -0.5624 0.7001 -0.3942 -0.5698 -0.1727 0.7957 0.0471 -0.6007 0.0617 0.5967 -0.3228 -0.717 -0.16 0.6821 -0.0115 -0.7311 -0.0016 0.9251 0.0735 0.3207 0.1895 0.5986 -0.1267 -0.6996 -0.369 0.7911 -0.341 -0.5009 -0.083 0.8467 6.0E-4 0.5297 0.0509
0.6978 0.0197 -0.69 -0.1914 0.3879 -0.6548 -0.3232 -0.5624 0.7001 -0.3942 -0.5698 -0.1727 0.7957 0.0471 -0.6007 0.0617 0.5873 -0.3166 -0.7192 -0.194 0.6821 -0.0115 -0.7311 -0.0016 0.9251 0.0735 0.3207 0.1895 0.5986 -0.1267 -0.6996 -0.369 0.7911 -0.341 -0.5009 -0.083 0.8467 6.0E-4 0.5297 0.0509
0.6978 0.0197 -0.69 -0.1914 0.3879 -0.6548 -0.3232 -0.5624 0.7001 -0.3942 -0.5698 -0.1727 0.7957 0.0471 -0.6007 0.0617 0.5873 -0.3166 -0.7192 -0.194 0.6821 -0.0115 -0.7311 -0.0016 0.9251 0.0735 0.3207 0.1895 0.5986 -0.1267 -0.6996 -0.369 0.7911 -0.341 -0.5009 -0.083 0.8467 6.0E-4 0.5297 0.0509
0.6978 0.0197 -0.69 -0.1914 0.3879 -0.6548 -0.3232 -0.5624 0.7003 -0.3995 -0.5641 -0.1781 0.7957 0.0471 -0.6007 0.0617 0.5873 -0.3166 -0.7192 -0.194 0.6821 -0.0115 -0.7311 -0.0016 0.9191 0.0705 0.3405 0.1852 0.5986 -0.1267 -0.6996 -0.369 0.7911 -0.341 -0.5009 -0.083 0.928 0.017 0.3719 0.0106
0.6978 0.0197 -0.69 -0.1914 0.3757 -0.652 -0.3303 -0.5698 0.7003 -0.3995 -0.5641 -0.1781 0.7957 0.0471 -0.6007 0.0617 0.5873 -0.3166 -0.7192 -0.194 0.6821 -0.0115 -0.7311 -0.0016 0.9191 0.0705 0.3405 0.1852 0.5986 -0.1267 -0.6996 -0.369 0.7911 -0.341 -0.5009 -0.083 0.928 0.017 0.3719 0.0106
0.6978 0.0197 -0.69 -0.1914 0.3757 -0.652 -0.3303 -0.5698 0.7003 -0.3995 -0.5641 -0.1781 0.7957 0.0471 -0.6007 0.0617 0.5873 -0.3166 -0.7192 -0.194 0.6909 0.014 -0.7221 -0.0316 0.9191 0.0705 0.3405 0.1852 0.5986 -0.1267 -0.6996 -0.369 0.6993 -0.2872 -0.6211 -0.2067 0.928 0.017 0.3719 0.0106
0.6978 0.0197 -0.69 -0.1914 0.3757 -0.652 -0.3303 -0.5698 0.7003 -0.3995 -0.5641 -0.1781 0.7906 0.1016 -0.6028 0.0347 0.5873 -0.3166 -0.7192 -0.194 0.6909 0.014 -0.7221 -0.0316 0.9191 0.0705 0.3405 0.1852 0.5893 -0.1469 -0.7103 -0.356 0.6993 -0.2872 -0.6211 -0.2067 0.928 0.017 0.3719 0.0106
0.6981 0.0182 -0.6902 -0.1898 0.3757 -0.652 -0.3303 -0.5698 0.7003 -0.3995 -0.5641 -0.1781 0.7906 0.1016 -0.6028 0.0347 0.5873 -0.3166 -0.7192 -0.194 0.6909 0.014 -0.7221 -0.0316 0.9191 0.0705 0.3405 0.1852 0.5893 -0.1469 -0.7103 -0.356 0.6993 -0.2872 -0.6211 -0.2067 0.928 0.017 0.3719 0.0106
0.6981 0.0182 -0.6902 -0.1898 0.3757 -0.652 -0.3303 -0.5698 0.7003 -0.3995 -0.5641 -0.1781 0.7906 0.1016 -0.6028 0.0347 0.5865 -0.3067 -0.7184 -0.2141 0.6909 0.014 -0.7221 -0.0316 0.9191 0.0705 0.3405 0.1852 0.5893 -0.1469 -0.7103 -0.356 0.6993 -0.2872 -0.6211 -0.2067 0.928 0.017 0.3719 0.0106
0.6981 0.0182 -0.6902 -0.1898 0.3757 -0.652 -0.3303 -0.5698 0.7003 -0.3995 -0.5641 -0.1781 0.7906 0.1016 -0.6028 0.0347 0.5865 -0.3067 -0.7184 -0.2141 0.6909 0.014 -0.7221 -0.0316 0.9191 0.0705 0.3405 0.1852 0.5893 -0.1469 -0.7103 -0.356 0.6993 -0.2872 -0.6211 -0.2067 0.928 0.017 0.3719 0.0106
0.6981 0.0182 -0.6902 -0.1898 0.3757 -0.652 -0.3303 -0.5698 0.7003 -0.3995 -0.5641 -0.1781 0.7906 0.1016 -0.6028 0.0347 0.5865 -0.3067 -0.7184 -0.2141 0.6909 0.014 -0.7221 -0.0316 0.9191 0.0705 0.3405 0.1852 0.5893 -0.1469 -0.7103 -0.356 0.6993 -0.2872 -0.6211 -0.2067 0.9677 0.0217 0.2503 -0.0198
0.6981 0.0182 -0.6902 -0.1898 0.3757 -0.652 -0.3303 -0.5698 0.7003 -0.3995 -0.5641 -0.1781 0.7906 0.1016 -0.6028 0.0347 0.5865 -0.3067 -0.7184 -0.2141 0.6909 0.014 -0.7221 -0.0316 0.9191 0.0705 0.3405 0.1852 0.5893 -0.1469 -0.7103 -0.356 0.6993 -0.2872 -0.6211 -0.2067 0.9677 0.0217 0.2503 -0.0198
0.6981 0.0182 -0.6902 -0.1898 0.3697 -0.6443 -0.3312 -0.5818 0.7003 -0.3995 -0.5641 -0.1781 0.7906 0.1016 -0.6028 0.0347 0.5865 -0.3067 -0.7184 -0.2141 0.7034 0.0412 -0.7064 -0.067 0.9191 0.0705 0.3405 0.1852 0.5893 -0.1469 -0.7103 -0.356 0.6219 -0.2399 -0.692 -0.2772 0.9677 0.0217 0.2503 -0.0198
0.6981 0.0182 -0.6902 -0.1898 0.3697 -0.6443 -0.3312 -0.5818 0.7003 -0.3995 -0.5641 -0.1781 0.7786 0.1288 -0.6142 0.0025 0.5865 -0.3067 -0.7184 -0.2141 0.7034 0.0412 -0.7064 -0.067 0.9191 0.0705 0.3405 0.1852 0.5925 -0.1677 -0.713 -0.3354 0.6219 -0.2399 -0.692 -0.2772 0.9677 0.0217 0.2503 -0.0198
0.7044 -0.0098 -0.6812 -0.199 0.3697 -0.6443 -0.3312 -0.5818 0.7003 -0.3995 -0.5641 -0.1781 0.7786 0.1288 -0.6142 0.0025 0.5865 -0.3067 -0.7184 -0.2141 0.7034 0.0412 -0.7064 -0.067 0.9191 0.0705 0.3405 0.1852 0.5925 -0.1677 -0.713 -0.3354 0.6219 -0.2399 -0.692 -0.2772 0.9677 0.0217 0.2503 -0.0198
0.7044 -0.0098 -0.6812 -0.199 0.3697 -0.6443 -0.3312 -0.5818 0.7003 -0.3995 -0.5641 -0.1781 0.7786 0.1288 -0.6142 0.0025 0.5869 -0.3025 -0.7106 -0.2432 0.7034 0.0412 -0.7064 -0.067 0.9191 0.0705 0.3405 0.1852 0.5925 -0.1677 -0.713 -0.3354 0.6219 -0.2399 -0.692 -0.2772 0.9677 0.0217 0.2503 -0.0198
0.7044 -0.0098 -0.6812 -0.199 0.3697 -0.6443 -0.3312 -0.5818 0.7003 -0.3995 -0.5641 -0.1781 0.7786 0.1288 -0.6142 0.0025 0.5869 -0.3025 -0.7106 -0.2432 0.7034 0.0412 -0.7064 -0.067 0.9191 0.0705 0.3405 0.1852 0.5925 -0.1677 -0.713 -0.3354 0.6219 -0.2399 -0.692 -0.2772 0.9677 0.0217 0.2503 -0.0198
0.7044 -0.0098 -0.6812 -0.199 0.3697 -0.6443 -0.3312 -0.5818 0.7003 -0.3995 -0.5641 -0.1781 0.7786 0.1288 -0.6142 0.0025 0.5869 -0.3025 -0.7106 -0.2432 0.7034 0.0412 -0.7064 -0.067 0.9191 0.0705 0.3405 0.1852 0.5925 -0.1677 -0.713 -0.3354 0.6219 -0.2399 -0.692 -0.2772 0.972 -0.0065 0.2344 -0.0128
0.7044 -0.0098 -0.6812 -0.199 0.3697 -0.6443 -0.3312 -0.5818 0.7003 -0.3995 -0.5641 -0.1781 0.7786 0.1288 -0.6142 0.0025 0.5869 -0.3025 -0.7106 -0.2432 0.7034 0.0412 -0.7064 -0.067 0.9191 0.0705 0.3405 0.1852 0.5925 -0.1677 -0.713 -0.3354 0.6219 -0.2399 -0.692 -0.2772 0.972 -0.0065 0.2344 -0.0128
0.7044 -0.0098 -0.6812 -0.199 0.3624 -0.643 -0.3047 -0.6019 0.7003 -0.3995 -0.5641 -0.1781 0.7786 0.1288 -0.6142 0.0025 0.5869 -0.3025 -0.7106 -0.2432 0.7225 0.071 -0.6793 -0.1075 0.9191 0.0705 0.3405 0.1852 0.5925 -0.1677 -0.713 -0.3354 0.6229 -0.2402 -0.7006 -0.252 0.972 -0.0065 0.2344 -0.0128
0.7044 -0.0098 -0.6812 -0.199 0.3624 -0.643 -0.3047 -0.6019 0.7003 -0.3995 -0.5641 -0.1781 0.7786 0.1288 -0.6142 0.0025 0.5869 -0.3025 -0.7106 -0.2432 0.7225 0.071 -0.6793 -0.1075 0.9191 0.0705 0.3405 0.1852 0.5925 -0.1677 -0.713 -0.3354 0.6229 -0.2402 -0.7006 -0.252 0.972 -0.0065 0.2344 -0.0128
0.7044 -0.0098 -0.6812 -0.199 0.3624 -0.643 -0.3047 -0.6019 0.7003 -0.3995 -0.5641 -0.1781 0.7679 0.129 -0.6271 -0.0189 0.5869 -0.3025 -0.7106 -0.2432 0.7225 0.071 -0.6793 -0.1075 0.9191 0.0705 0.3405 0.1852 0.5925 -0.1677 -0.713 -0.3354 0.6229 -0.2402 -0.7006 -0.252 0.972 -0.0065 0.2344 -0.0128
0.7153 -0.0504 -0.6646 -0.2101 0.3624 -0.643 -0.3047 -0.6019 0.7003 -0.3995 -0.5641 -0.1781 0.7679 0.129 -0.6271 -0.0189 0.5869 -0.3025 -0.7106 -0.2432 0.7225 0.071 -0.6793 -0.1075 0.9191 0.0705 0.3405 0.1852 0.5925 -0.1677 -0.713 -0.3354 0.6229 -0.2402 -0.7006 -0.252 0.972 -0.0065 0.2344 -0.0128
0.7153 -0.0504 -0.6646 -0.2101 0.3624 -0.643 -0.3047 -0.6019 0.7003 -0.3995 -0.5641 -0.1781 0.7679 0.129 -0.6271 -0.0189 0.5869 -0.3025 -0.7106 -0.2432 0.7225 0.071 -0.6793 -0.1075 0.9191 0.0705 0.3405 0.1852 0.5925 -0.1677 -0.713 -0.3354 0.6229 -0.2402 -0.7006 -0.252 0.9559 0.0161 0.293 -0.014
0.7153 -0.0504 -0.6646 -0.2101 0.3624 -0.643 -0.3047 -0.6019 0.7003 -0.3995 -0.5641 -0.1781 0.7679 0.129 -0.6271 -0.0189 0.5869 -0.3025 -0.7106 -0.2432 0.7225 0.071 -0.6793 -0.1075 0.9191 0.0705 0.3405 0.1852 0.5925 -0.1677 -0.713 -0.3354 0.6229 -0.2402 -0.7006 -0.252 0.9559 0.0161 0.293 -0.014
