rt-uaw rt-uax rt-uay rt-uaz rt-faw rt-fax rt-fay rt-faz rt-thw rt-thx rt-thy rt-thz rt-llw rt-llx rt-lly rt-llz rt-ftw rt-ftx rt-fty rt-ftz lt-uaw lt-uax lt-uay lt-uaz lt-faw lt-fax lt-fay lt-faz lt-thw lt-thx lt-thy lt-thz lt-llw lt-llx lt-lly lt-llz lt-ftw lt-ftx lt-fty lt-ftz 
-0.6494 0.336 0.5399 0.4171 -0.5131 0.6464 0.3489 0.4441 -0.5905 0.4087 0.5136 0.4697 -0.654 0.1285 0.6264 0.4042 -0.6855 -0.1115 0.7067 -0.1349 -0.6758 0.1417 0.6739 0.263 -0.7603 0.0135 -0.3447 0.5504 0.1735 0.6848 -0.2424 0.665 -0.4049 0.6136 0.3834 0.559 -0.9311 0.1086 -0.3329 -0.1024
-0.6494 0.336 0.5399 0.4171 -0.5135 0.6459 0.3488 0.4444 -0.5905 0.4087 0.5136 0.4697 -0.654 0.1285 0.6264 0.4042 -0.6855 -0.1115 0.7067 -0.1349 -0.6758 0.1417 0.6739 0.263 -0.7603 0.0135 -0.3447 0.5504 0.1735 0.6848 -0.2424 0.665 -0.4048 0.6137 0.3834 0.559 -0.9311 0.1086 -0.3329 -0.1024
-0.6497 0.3357 0.5397 0.4171 -0.5135 0.6459 0.3488 0.4444 -0.5905 0.4087 0.5136 0.4697 -0.654 0.1285 0.6264 0.4042 -0.6855 -0.1115 0.7067 -0.1349 -0.6758 0.1417 0.6739 0.263 -0.7603 0.0135 -0.3447 0.5504 0.1735 0.6848 -0.2424 0.665 -0.4048 0.6137 0.3834 0.559 -0.9311 0.1086 -0.3329 -0.1024
-0.6497 0.3357 0.5397 0.4171 -0.5135 0.6459 0.3488 0.4444 -0.5905 0.4087 0.5136 0.4697 -0.654 0.1285 0.6264 0.4042 -0.6855 -0.1115 0.7067 -0.1349 -0.6758 0.1417 0.6739 0.263 -0.7603 0.0135 -0.3447 0.5504 0.1735 0.6848 -0.2424 0.665 -0.4048 0.6137 0.3834 0.559 -0.9311 0.1086 -0.3329 -0.1024
-0.6497 0.3357 0.5397 0.4171 -0.5135 0.6459 0.3488 0.4444 -0.5905 0.4087 0.5136 0.4697 -0.654 0.1285 0.6264 0.4042 -0.6855 -0.1115 0.7067 -0.1349 -0.6758 0.1417 0.6739 0.263 -0.7603 0.0135 -0.3447 0.5504 0.1735 0.6848 -0.2424 0.665 -0.4048 0.6137 0.3834 0.559 -0.9311 0.1086 -0.3329 -0.1024
-0.6497 0.3357 0.5397 0.4171 -0.5135 0.6459 0.3488 0.4444 -0.5905 0.4086 0.5134 0.4699 -0.654 0.1285 0.6264 0.4042 -0.6862 -0.1115 0.7062 -0.1341 -0.6758 0.1417 0.6739 0.263 -0.7603 0.0135 -0.3447 0.5504 0.1735 0.6848 -0.2424 0.665 -0.4048 0.6137 0.3834 0.559 -0.9311 0.1086 -0.3329 -0.1024
-0.6497 0.3357 0.5397 0.4171 -0.5135 0.6459 0.3488 0.4444 -0.5905 0.4086 0.5134 0.4699 -0.654 0.1285 0.6264 0.4042 -0.6862 -0.1115 0.7062 -0.1341 -0.6758 0.1417 0.6739 0.263 -0.7603 0.0135 -0.3447 0.5504 0.1735 0.6848 -0.2424 0.665 -0.4048 0.6137 0.3834 0.559 -0.9311 0.1086 -0.3329 -0.1024
-0.6497 0.3357 0.5397 0.4171 -0.5135 0.6459 0.3488 0.4444 -0.5905 0.4086 0.5134 0.4699 -0.654 0.1285 0.6264 0.4042 -0.6862 -0.1115 0.7062 -0.1341 -0.6758 0.1417 0.6739 0.263 -0.7603 0.0135 -0.3447 0.5504 0.1735 0.6848 -0.2424 0.665 -0.4048 0.6137 0.3834 0.559 -0.9311 0.1086 -0.3329 -0.1024
-0.6497 0.3357 0.5397 0.4171 -0.5135 0.6459 0.3488 0.4444 -0.5905 0.4086 0.5134 0.4699 -0.654 0.1285 0.6264 0.4042 -0.6862 -0.1115 0.7062 -0.1341 -0.6758 0.1417 0.6739 0.263 -0.7603 0.0135 -0.3447 0.5504 0.1735 0.6848 -0.2424 0.665 -0.4047 0.614 0.3835 0.5586 -0.9311 0.1086 -0.3329 -0.1024
-0.6492 0.3353 0.541 0.4164 -0.5131 0.6454 0.3496 0.4449 -0.5905 0.4086 0.5134 0.4699 -0.654 0.1285 0.6264 0.4042 -0.6862 -0.1115 0.7062 -0.1341 -0.6758 0.1417 0.6739 0.263 -0.7603 0.0135 -0.3447 0.5504 0.1726 0.6847 -0.2397 0.6663 -0.4047 0.614 0.3835 0.5586 -0.931 0.1086 -0.3329 -0.1024
-0.6492 0.3353 0.541 0.4164 -0.5131 0.6454 0.3496 0.4449 -0.5905 0.4086 0.5134 0.4699 -0.654 0.1285 0.6264 0.4042 -0.6862 -0.1115 0.7062 -0.1341 -0.6758 0.1417 0.6739 0.263 -0.7603 0.0135 -0.3447 0.5504 0.1726 0.6847 -0.2397 0.6663 -0.4047 0.614 0.3835 0.5586 -0.931 0.1086 -0.3329 -0.1024
-0.6492 0.3353 0.541 0.4164 -0.5131 0.6454 0.3496 0.4449 -0.5914 0.4077 0.5145 0.4683 -0.654 0.1285 0.6264 0.4042 -0.688 -0.1122 0.7045 -0.1328 -0.6758 0.1417 0.6739 0.263 -0.7603 0.0135 -0.3447 0.5504 0.1726 0.6847 -0.2397 0.6663 -0.4047 0.614 0.3835 0.5586 -0.931 0.1086 -0.3329 -0.1024
-0.6492 0.3353 0.541 0.4164 -0.5131 0.6454 0.3496 0.4449 -0.5914 0.4077 0.5145 0.4683 -0.654 0.1285 0.6264 0.4042 -0.688 -0.1122 0.7045 -0.1328 -0.6758 0.1417 0.6739 0.263 -0.7603 0.0135 -0.3447 0.5504 0.1726 0.6847 -0.2397 0.6663 -0.4047 0.614 0.3835 0.5586 -0.931 0.1086 -0.3329 -0.1024
-0.6492 0.3353 0.541 0.4164 -0.5131 0.6454 0.3496 0.4449 -0.5914 0.4077 0.5145 0.4683 -0.654 0.1285 0.6264 0.4042 -0.688 -0.1122 0.7045 -0.1328 -0.6758 0.1417 0.6739 0.263 -0.7603 0.0135 -0.3447 0.5504 0.1726 0.6847 -0.2397 0.6663 -0.4047 0.614 0.3835 0.5586 -0.931 0.1086 -0.3329 -0.1024
-0.6492 0.3353 0.541 0.4164 -0.5131 0.6454 0.3496 0.4449 -0.5914 0.4077 0.5145 0.4683 -0.654 0.1285 0.6264 0.4042 -0.688 -0.1122 0.7045 -0.1328 -0.6758 0.1417 0.6739 0.263 -0.7603 0.0135 -0.3447 0.5504 0.1726 0.6847 -0.2397 0.6663 -0.4047 0.614 0.3835 0.5586 -0.931 0.1086 -0.3329 -0.1024
-0.6492 0.3353 0.541 0.4164 -0.5131 0.6454 0.3496 0.4449 -0.5914 0.4077 0.5145 0.4683 -0.6577 0.1184 0.6305 0.3948 -0.688 -0.1122 0.7045 -0.1328 -0.6762 0.1424 0.6731 0.2634 -0.761 0.0123 -0.3433 0.5503 0.172 0.686 -0.2319 0.6679 -0.4056 0.6172 0.3837 0.5543 -0.931 0.1086 -0.3329 -0.1024
-0.6492 0.3353 0.541 0.4164 -0.5131 0.6454 0.3496 0.4449 -0.5914 0.4077 0.5145 0.4683 -0.6577 0.1184 0.6305 0.3948 -0.688 -0.1122 0.7045 -0.1328 -0.6762 0.1424 0.6731 0.2634 -0.761 0.0123 -0.3433 0.5503 0.172 0.686 -0.2319 0.6679 -0.4056 0.6172 0.3837 0.5543 -0.931 0.1086 -0.3329 -0.1024
-0.6478 0.3356 0.5426 0.4163 -0.5117 0.645 0.3513 0.4458 -0.5914 0.4077 0.5145 0.4683 -0.6577 0.1184 0.6305 0.3948 -0.6882 -0.1109 0.7039 -0.1362 -0.6762 0.1424 0.6731 0.2634 -0.761 0.0123 -0.3433 0.5503 0.172 0.686 -0.2319 0.6679 -0.4056 0.6172 0.3837 0.5543 -0.9311 0.1079 -0.3331 -0.1025
-0.6478 0.3356 0.5426 0.4163 -0.5117 0.645 0.3513 0.4458 -0.5956 0.4045 0.5201 0.4595 -0.6577 0.1184 0.6305 0.3948 -0.6882 -0.1109 0.7039 -0.1362 -0.6762 0.1424 0.6731 0.2634 -0.761 0.0123 -0.3433 0.5503 0.172 0.686 -0.2319 0.6679 -0.4056 0.6172 0.3837 0.5543 -0.9311 0.1079 -0.3331 -0.1025
-0.6478 0.3356 0.5426 0.4163 -0.5117 0.645 0.3513 0.4458 -0.5956 0.4045 0.5201 0.4595 -0.6577 0.1184 0.6305 0.3948 -0.6882 -0.1109 0.7039 -0.1362 -0.6762 0.1424 0.6731 0.2634 -0.761 0.0123 -0.3433 0.5503 0.172 0.686 -0.2319 0.6679 -0.4056 0.6172 0.3837 0.5543 -0.9311 0.1079 -0.3331 -0.1025
-0.6478 0.3356 0.5426 0.4163 -0.5117 0.645 0.3513 0.4458 -0.5956 0.4045 0.5201 0.4595 -0.6577 0.1184 0.6305 0.3948 -0.6882 -0.1109 0.7039 -0.1362 -0.6762 0.1424 0.6731 0.2634 -0.761 0.0123 -0.3433 0.5503 0.172 0.686 -0.2319 0.6679 -0.4056 0.6172 0.3837 0.5543 -0.9311 0.1079 -0.3331 -0.1025
-0.6478 0.3356 0.5426 0.4163 -0.5117 0.645 0.3513 0.4458 -0.5956 0.4045 0.5201 0.4595 -0.6577 0.1184 0.6305 0.3948 -0.6882 -0.1109 0.7039 -0.1362 -0.6762 0.1424 0.6731 0.2634 -0.761 0.0123 -0.3433 0.5503 0.172 0.686 -0.2319 0.6679 -0.4056 0.6172 0.3837 0.5543 -0.9311 0.1079 -0.3331 -0.1025
-0.6478 0.3356 0.5426 0.4163 -0.5117 0.645 0.3513 0.4458 -0.5956 0.4045 0.5201 0.4595 -0.6615 0.1036 0.6368 0.3824 -0.6882 -0.1109 0.7039 -0.1362 -0.6766 0.1385 0.6719 0.2675 -0.7615 0.0107 -0.3423 0.5503 0.1745 0.6927 -0.218 0.665 -0.4067 0.6274 0.3793 0.5451 -0.9311 0.1079 -0.3331 -0.1025
-0.6478 0.3356 0.5426 0.4163 -0.5117 0.645 0.3513 0.4458 -0.5956 0.4045 0.5201 0.4595 -0.6615 0.1036 0.6368 0.3824 -0.6882 -0.1109 0.7039 -0.1362 -0.6766 0.1385 0.6719 0.2675 -0.7615 0.0107 -0.3423 0.5503 0.1745 0.6927 -0.218 0.665 -0.4067 0.6274 0.3793 0.5451 -0.9313 0.1069 -0.3328 -0.1024
-0.6478 0.3356 0.5426 0.4163 -0.5117 0.645 0.3513 0.4458 -0.5956 0.4045 0.5201 0.4595 -0.6615 0.1036 0.6368 0.3824 -0.6882 -0.1109 0.7039 -0.1362 -0.6766 0.1385 0.6719 0.2675 -0.7615 0.0107 -0.3423 0.5503 0.1745 0.6927 -0.218 0.665 -0.4067 0.6274 0.3793 0.5451 -0.9313 0.1069 -0.3328 -0.1024
-0.6478 0.3356 0.5426 0.4163 -0.5117 0.645 0.3513 0.4458 -0.6062 0.4036 0.5196 0.4468 -0.6615 0.1036 0.6368 0.3824 -0.6878 -0.0925 0.7051 -0.1456 -0.6766 0.1385 0.6719 0.2675 -0.7615 0.0107 -0.3423 0.5503 0.1745 0.6927 -0.218 0.665 -0.4067 0.6274 0.3793 0.5451 -0.9313 0.1069 -0.3328 -0.1024
-0.6478 0.3356 0.5426 0.4163 -0.5117 0.645 0.3513 0.4458 -0.6062 0.4036 0.5196 0.4468 -0.6615 0.1036 0.6368 0.3824 -0.6878 -0.0925 0.7051 -0.1456 -0.6766 0.1385 0.6719 0.2675 -0.7615 0.0107 -0.3423 0.5503 0.1745 0.6927 -0.218 0.665 -0.4067 0.6274 0.3793 0.5451 -0.9313 0.1069 -0.3328 -0.1024
-0.6478 0.3356 0.5426 0.4163 -0.5117 0.645 0.3513 0.4458 -0.6062 0.4036 0.5196 0.4468 -0.6615 0.1036 0.6368 0.3824 -0.6878 -0.0925 0.7051 -0.1456 -0.6766 0.1385 0.6719 0.2675 -0.7615 0.0107 -0.3423 0.5503 0.1745 0.6927 -0.218 0.665 -0.4067 0.6274 0.3793 0.5451 -0.9313 0.1069 -0.3328 -0.1024
-0.6478 0.3356 0.5426 0.4163 -0.5117 0.645 0.3513 0.4458 -0.6062 0.4036 0.5196 0.4468 -0.6615 0.1036 0.6368 0.3824 -0.6878 -0.0925 0.7051 -0.1456 -0.6766 0.1385 0.6719 0.2675 -0.76 0.0102 -0.3448 0.5508 0.1745 0.6927 -0.218 0.665 -0.4067 0.6274 0.3793 0.5451 -0.9313 0.1069 -0.3328 -0.1024
-0.6478 0.3356 0.5426 0.4163 -0.5117 0.645 0.3513 0.4458 -0.6062 0.4036 0.5196 0.4468 -0.6646 0.092 0.6395 0.3755 -0.6878 -0.0925 0.7051 -0.1456 -0.6771 0.1145 0.6687 0.2851 -0.76 0.0102 -0.3448 0.5508 0.1745 0.6927 -0.218 0.665 -0.4067 0.6274 0.3793 0.5451 -0.9313 0.1069 -0.3328 -0.1024
-0.6478 0.3356 0.5426 0.4163 -0.5117 0.645 0.3513 0.4458 -0.6062 0.4036 0.5196 0.4468 -0.6646 0.092 0.6395 0.3755 -0.6878 -0.0925 0.7051 -0.1456 -0.6771 0.1145 0.6687 0.2851 -0.76 0.0102 -0.3448 0.5508 0.186 0.6983 -0.2115 0.658 -0.4067 0.6274 0.3793 0.5451 -0.9313 0.1069 -0.3328 -0.1024
-0.6478 0.3356 0.5426 0.4163 -0.5117 0.645 0.3513 0.4458 -0.6062 0.4036 0.5196 0.4468 -0.6646 0.092 0.6395 0.3755 -0.6878 -0.0925 0.7051 -0.1456 -0.6771 0.1145 0.6687 0.2851 -0.76 0.0102 -0.3448 0.5508 0.186 0.6983 -0.2115 0.658 -0.4067 0.6274 0.3793 0.5451 -0.9313 0.1069 -0.3328 -0.1024
-0.6478 0.3356 0.5426 0.4163 -0.5117 0.645 0.3513 0.4458 -0.6136 0.4089 0.5151 0.437 -0.6646 0.092 0.6395 0.3755 -0.6771 -0.0473 0.712 -0.1796 -0.6771 0.1145 0.6687 0.2851 -0.76 0.0102 -0.3448 0.5508 0.186 0.6983 -0.2115 0.658 -0.4067 0.6274 0.3793 0.5451 -0.9313 0.1069 -0.3328 -0.1024
-0.6478 0.3356 0.5426 0.4163 -0.5117 0.645 0.3513 0.4458 -0.6136 0.4089 0.5151 0.437 -0.6646 0.092 0.6395 0.3755 -0.6771 -0.0473 0.712 -0.1796 -0.6771 0.1145 0.6687 0.2851 -0.76 0.0102 -0.3448 0.5508 0.186 0.6983 -0.2115 0.658 -0.4067 0.6274 0.3793 0.5451 -0.9313 0.1069 -0.3328 -0.1024
-0.6478 0.3356 0.5426 0.4163 -0.5117 0.645 0.3513 0.4458 -0.6136 0.4089 0.5151 0.437 -0.6646 0.092 0.6395 0.3755 -0.6771 -0.0473 0.712 -0.1796 -0.6771 0.1145 0.6687 0.2851 -0.76 0.0102 -0.3448 0.5508 0.186 0.6983 -0.2115 0.658 -0.4067 0.6274 0.3793 0.5451 -0.9313 0.1069 -0.3328 -0.1024
-0.6478 0.3356 0.5426 0.4163 -0.5117 0.645 0.3513 0.4458 -0.6136 0.4089 0.5151 0.437 -0.6646 0.092 0.6395 0.3755 -0.6771 -0.0473 0.712 -0.1796 -0.6771 0.1145 0.6687 0.2851 -0.76 0.0102 -0.3448 0.5508 0.186 0.6983 -0.2115 0.658 -0.4067 0.6274 0.3793 0.5451 -0.9313 0.1069 -0.3328 -0.1024
-0.6478 0.3356 0.5426 0.4163 -0.5117 0.645 0.3513 0.4458 -0.6136 0.4089 0.5151 0.437 -0.6601 0.1069 0.6408 0.3771 -0.6771 -0.0473 0.712 -0.1796 -0.6533 0.0758 0.6644 0.355 -0.7458 -0.0107 -0.404 0.5295 0.186 0.6983 -0.2115 0.658 -0.4067 0.6274 0.3793 0.5451 -0.9313 0.1069 -0.3328 -0.1024
-0.6405 0.3145 0.5397 0.4468 -0.4861 0.6736 0.308 0.4636 -0.6136 0.4089 0.5151 0.437 -0.6601 0.1069 0.6408 0.3771 -0.6771 -0.0473 0.712 -0.1796 -0.6533 0.0758 0.6644 0.355 -0.7458 -0.0107 -0.404 0.5295 0.186 0.6983 -0.2115 0.658 -0.4067 0.6274 0.3793 0.5451 -0.9333 0.1075 -0.327 -0.1014
-0.6405 0.3145 0.5397 0.4468 -0.4861 0.6736 0.308 0.4636 -0.6136 0.4089 0.5151 0.437 -0.6601 0.1069 0.6408 0.3771 -0.6771 -0.0473 0.712 -0.1796 -0.6533 0.0758 0.6644 0.355 -0.7458 -0.0107 -0.404 0.5295 0.186 0.6983 -0.2115 0.658 -0.4067 0.6274 0.3793 0.5451 -0.9333 0.1075 -0.327 -0.1014
-0.6405 0.3145 0.5397 0.4468 -0.4861 0.6736 0.308 0.4636 -0.6014 0.4399 0.4944 0.4476 -0.6601 0.1069 0.6408 0.3771 -0.6486 0.0217 0.7074 -0.2801 -0.6533 0.0758 0.6644 0.355 -0.7458 -0.0107 -0.404 0.5295 0.186 0.6983 -0.2115 0.658 -0.4067 0.6274 0.3793 0.5451 -0.9333 0.1075 -0.327 -0.1014
-0.6405 0.3145 0.5397 0.4468 -0.4861 0.6736 0.308 0.4636 -0.6014 0.4399 0.4944 0.4476 -0.6601 0.1069 0.6408 0.3771 -0.6486 0.0217 0.7074 -0.2801 -0.6533 0.0758 0.6644 0.355 -0.7458 -0.0107 -0.404 0.5295 0.186 0.6983 -0.2115 0.658 -0.4067 0.6274 0.3793 0.5451 -0.9333 0.1075 -0.327 -0.1014
-0.6405 0.3145 0.5397 0.4468 -0.4861 0.6736 0.308 0.4636 -0.6014 0.4399 0.4944 0.4476 -0.6601 0.1069 0.6408 0.3771 -0.6486 0.0217 0.7074 -0.2801 -0.6533 0.0758 0.6644 0.355 -0.7458 -0.0107 -0.404 0.5295 0.186 0.6983 -0.2115 0.658 -0.4067 0.6274 0.3793 0.5451 -0.9333 0.1075 -0.327 -0.1014
-0.6405 0.3145 0.5397 0.4468 -0.4861 0.6736 0.308 0.4636 -0.6014 0.4399 0.4944 0.4476 -0.6487 0.1464 0.6283 0.4037 -0.6486 0.0217 0.7074 -0.2801 -0.6331 0.0337 0.655 0.4111 -0.6641 -0.1454 -0.5637 0.4692 0.186 0.6983 -0.2115 0.658 -0.4067 0.6274 0.3793 0.5451 -0.9333 0.1075 -0.327 -0.1014
-0.6405 0.3145 0.5397 0.4468 -0.4861 0.6736 0.308 0.4636 -0.6014 0.4399 0.4944 0.4476 -0.6487 0.1464 0.6283 0.4037 -0.6486 0.0217 0.7074 -0.2801 -0.6331 0.0337 0.655 0.4111 -0.6641 -0.1454 -0.5637 0.4692 0.186 0.6983 -0.2115 0.658 -0.4067 0.6274 0.3793 0.5451 -0.9333 0.1075 -0.327 -0.1014
-0.6405 0.3145 0.5397 0.4468 -0.4861 0.6736 0.308 0.4636 -0.6014 0.4399 0.4944 0.4476 -0.6487 0.1464 0.6283 0.4037 -0.6486 0.0217 0.7074 -0.2801 -0.6331 0.0337 0.655 0.4111 -0.6641 -0.1454 -0.5637 0.4692 0.186 0.6983 -0.2115 0.658 -0.4067 0.6274 0.3793 0.5451 -0.9338 0.1059 -0.3258 -0.1033
-0.6405 0.3145 0.5397 0.4468 -0.4861 0.6736 0.308 0.4636 -0.6014 0.4399 0.4944 0.4476 -0.6487 0.1464 0.6283 0.4037 -0.6486 0.0217 0.7074 -0.2801 -0.6331 0.0337 0.655 0.4111 -0.6641 -0.1454 -0.5637 0.4692 0.186 0.6983 -0.2115 0.658 -0.4067 0.6274 0.3793 0.5451 -0.9338 0.1059 -0.3258 -0.1033
-0.6405 0.3145 0.5397 0.4468 -0.4861 0.6736 0.308 0.4636 -0.5861 0.4534 0.4828 0.4669 -0.6487 0.1464 0.6283 0.4037 -0.6486 0.0217 0.7074 -0.2801 -0.6331 0.0337 0.655 0.4111 -0.6641 -0.1454 -0.5637 0.4692 0.186 0.6983 -0.2115 0.658 -0.4067 0.6274 0.3793 0.5451 -0.9338 0.1059 -0.3258 -0.1033
-0.6405 0.3145 0.5397 0.4468 -0.4861 0.6736 0.308 0.4636 -0.5861 0.4534 0.4828 0.4669 -0.6487 0.1464 0.6283 0.4037 -0.6486 0.0217 0.7074 -0.2801 -0.6331 0.0337 0.655 0.4111 -0.6641 -0.1454 -0.5637 0.4692 0.186 0.6983 -0.2115 0.658 -0.4067 0.6274 0.3793 0.5451 -0.9338 0.1059 -0.3258 -0.1033
-0.6405 0.3145 0.5397 0.4468 -0.4861 0.6736 0.308 0.4636 -0.5861 0.4534 0.4828 0.4669 -0.6487 0.1464 0.6283 0.4037 -0.6486 0.0217 0.7074 -0.2801 -0.6331 0.0337 0.655 0.4111 -0.6641 -0.1454 -0.5637 0.4692 0.186 0.6983 -0.2115 0.658 -0.4067 0.6274 0.3793 0.5451 -0.9338 0.1059 -0.3258 -0.1033
-0.6405 0.3145 0.5397 0.4468 -0.4861 0.6736 0.308 0.4636 -0.5861 0.4534 0.4828 0.4669 -0.6487 0.1464 0.6283 0.4037 -0.6486 0.0217 0.7074 -0.2801 -0.6331 0.0337 0.655 0.4111 -0.6641 -0.1454 -0.5637 0.4692 0.186 0.6983 -0.2115 0.658 -0.4067 0.6274 0.3793 0.5451 -0.9338 0.1059 -0.3258 -0.1033
-0.6405 0.3145 0.5397 0.4468 -0.4861 0.6736 0.308 0.4636 -0.5861 0.4534 0.4828 0.4669 -0.6447 0.1554 0.6233 0.4144 -0.6486 0.0217 0.7074 -0.2801 -0.5916 -0.0239 0.6471 0.4803 -0.6211 -0.2068 -0.6361 0.4085 0.1962 0.6989 -0.2464 0.6422 -0.4067 0.6274 0.3793 0.5451 -0.9338 0.1059 -0.3258 -0.1033
-0.6019 0.3401 0.5201 0.5015 -0.4383 0.7178 0.2259 0.4915 -0.5861 0.4534 0.4828 0.4669 -0.6447 0.1554 0.6233 0.4144 -0.6486 0.0217 0.7074 -0.2801 -0.5916 -0.0239 0.6471 0.4803 -0.6211 -0.2068 -0.6361 0.4085 0.1962 0.6989 -0.2464 0.6422 -0.4067 0.6274 0.3793 0.5451 -0.9318 0.1013 -0.3309 -0.1099
-0.6019 0.3401 0.5201 0.5015 -0.4383 0.7178 0.2259 0.4915 -0.5861 0.4534 0.4828 0.4669 -0.6447 0.1554 0.6233 0.4144 -0.6486 0.0217 0.7074 -0.2801 -0.5916 -0.0239 0.6471 0.4803 -0.6211 -0.2068 -0.6361 0.4085 0.1962 0.6989 -0.2464 0.6422 -0.4067 0.6274 0.3793 0.5451 -0.9318 0.1013 -0.3309 -0.1099
-0.6019 0.3401 0.5201 0.5015 -0.4383 0.7178 0.2259 0.4915 -0.578 0.4594 0.4778 0.476 -0.6447 0.1554 0.6233 0.4144 -0.5575 0.1825 0.6813 -0.4379 -0.5916 -0.0239 0.6471 0.4803 -0.6211 -0.2068 -0.6361 0.4085 0.1962 0.6989 -0.2464 0.6422 -0.4067 0.6274 0.3793 0.5451 -0.9318 0.1013 -0.3309 -0.1099
-0.6019 0.3401 0.5201 0.5015 -0.4383 0.7178 0.2259 0.4915 -0.578 0.4594 0.4778 0.476 -0.6447 0.1554 0.6233 0.4144 -0.5575 0.1825 0.6813 -0.4379 -0.5916 -0.0239 0.6471 0.4803 -0.6211 -0.2068 -0.6361 0.4085 0.1962 0.6989 -0.2464 0.6422 -0.4067 0.6274 0.3793 0.5451 -0.9318 0.1013 -0.3309 -0.1099
-0.6019 0.3401 0.5201 0.5015 -0.4383 0.7178 0.2259 0.4915 -0.578 0.4594 0.4778 0.476 -0.6447 0.1554 0.6233 0.4144 -0.5575 0.1825 0.6813 -0.4379 -0.5916 -0.0239 0.6471 0.4803 -0.6211 -0.2068 -0.6361 0.4085 0.1962 0.6989 -0.2464 0.6422 -0.4067 0.6274 0.3793 0.5451 -0.9318 0.1013 -0.3309 -0.1099
-0.6019 0.3401 0.5201 0.5015 -0.4383 0.7178 0.2259 0.4915 -0.578 0.4594 0.4778 0.476 -0.6447 0.1554 0.6233 0.4144 -0.5575 0.1825 0.6813 -0.4379 -0.5916 -0.0239 0.6471 0.4803 -0.6211 -0.2068 -0.6361 0.4085 0.1962 0.6989 -0.2464 0.6422 -0.4067 0.6274 0.3793 0.5451 -0.9318 0.1013 -0.3309 -0.1099
-0.6019 0.3401 0.5201 0.5015 -0.4445 0.7114 0.2094 0.5026 -0.578 0.4594 0.4778 0.476 -0.623 0.1703 0.6254 0.4379 -0.5575 0.1825 0.6813 -0.4379 -0.5916 -0.0239 0.6471 0.4803 -0.6108 -0.3063 -0.6727 0.2841 0.2029 0.7027 -0.2428 0.6373 -0.3742 0.6892 0.3386 0.5199 -0.9318 0.1013 -0.3309 -0.1099
-0.6004 0.3447 0.5047 0.5157 -0.4445 0.7114 0.2094 0.5026 -0.578 0.4594 0.4778 0.476 -0.623 0.1703 0.6254 0.4379 -0.5575 0.1825 0.6813 -0.4379 -0.5916 -0.0239 0.6471 0.4803 -0.6108 -0.3063 -0.6727 0.2841 0.2029 0.7027 -0.2428 0.6373 -0.3742 0.6892 0.3386 0.5199 -0.9299 0.0986 -0.3348 -0.1161
-0.6004 0.3447 0.5047 0.5157 -0.4445 0.7114 0.2094 0.5026 -0.578 0.4594 0.4778 0.476 -0.623 0.1703 0.6254 0.4379 -0.5433 0.1975 0.6766 -0.4561 -0.5916 -0.0239 0.6471 0.4803 -0.6108 -0.3063 -0.6727 0.2841 0.2029 0.7027 -0.2428 0.6373 -0.3742 0.6892 0.3386 0.5199 -0.9299 0.0986 -0.3348 -0.1161
-0.6004 0.3447 0.5047 0.5157 -0.4445 0.7114 0.2094 0.5026 -0.5637 0.4738 0.4591 0.497 -0.623 0.1703 0.6254 0.4379 -0.5433 0.1975 0.6766 -0.4561 -0.5916 -0.0239 0.6471 0.4803 -0.6108 -0.3063 -0.6727 0.2841 0.2029 0.7027 -0.2428 0.6373 -0.3742 0.6892 0.3386 0.5199 -0.9299 0.0986 -0.3348 -0.1161
-0.6004 0.3447 0.5047 0.5157 -0.4445 0.7114 0.2094 0.5026 -0.5637 0.4738 0.4591 0.497 -0.623 0.1703 0.6254 0.4379 -0.5433 0.1975 0.6766 -0.4561 -0.5916 -0.0239 0.6471 0.4803 -0.6108 -0.3063 -0.6727 0.2841 0.2029 0.7027 -0.2428 0.6373 -0.3742 0.6892 0.3386 0.5199 -0.9299 0.0986 -0.3348 -0.1161
-0.6004 0.3447 0.5047 0.5157 -0.4445 0.7114 0.2094 0.5026 -0.5637 0.4738 0.4591 0.497 -0.623 0.1703 0.6254 0.4379 -0.5433 0.1975 0.6766 -0.4561 -0.5916 -0.0239 0.6471 0.4803 -0.6108 -0.3063 -0.6727 0.2841 0.2029 0.7027 -0.2428 0.6373 -0.3742 0.6892 0.3386 0.5199 -0.9299 0.0986 -0.3348 -0.1161
-0.6004 0.3447 0.5047 0.5157 -0.4445 0.7114 0.2094 0.5026 -0.5637 0.4738 0.4591 0.497 -0.5867 0.1884 0.6272 0.4763 -0.5433 0.1975 0.6766 -0.4561 -0.5916 -0.0239 0.6471 0.4803 -0.6108 -0.3063 -0.6727 0.2841 0.2029 0.7027 -0.2428 0.6373 -0.3742 0.6892 0.3386 0.5199 -0.9299 0.0986 -0.3348 -0.1161
-0.6004 0.3447 0.5047 0.5157 -0.4445 0.7114 0.2094 0.5026 -0.5637 0.4738 0.4591 0.497 -0.5867 0.1884 0.6272 0.4763 -0.5433 0.1975 0.6766 -0.4561 -0.5916 -0.0239 0.6471 0.4803 -0.6108 -0.3063 -0.6727 0.2841 0.2029 0.7027 -0.2428 0.6373 -0.3742 0.6892 0.3386 0.5199 -0.9299 0.0986 -0.3348 -0.1161
-0.5852 0.3537 0.4976 0.5337 -0.4459 0.6981 0.2082 0.5201 -0.5637 0.4738 0.4591 0.497 -0.5867 0.1884 0.6272 0.4763 -0.5433 0.1975 0.6766 -0.4561 -0.5916 -0.0239 0.6471 0.4803 -0.6108 -0.3063 -0.6727 0.2841 0.2029 0.7027 -0.2428 0.6373 -0.3828 0.6989 0.3277 0.5075 -0.928 0.0991 -0.3389 -0.119
-0.5852 0.3537 0.4976 0.5337 -0.4459 0.6981 0.2082 0.5201 -0.5637 0.4738 0.4591 0.497 -0.5867 0.1884 0.6272 0.4763 -0.5755 0.1354 0.6923 -0.4138 -0.5916 -0.0239 0.6471 0.4803 -0.6108 -0.3063 -0.6727 0.2841 0.2029 0.7027 -0.2428 0.6373 -0.3828 0.6989 0.3277 0.5075 -0.928 0.0991 -0.3389 -0.119
-0.5852 0.3537 0.4976 0.5337 -0.4459 0.6981 0.2082 0.5201 -0.5621 0.4734 0.4437 0.5129 -0.5867 0.1884 0.6272 0.4763 -0.5755 0.1354 0.6923 -0.4138 -0.5916 -0.0239 0.6471 0.4803 -0.6108 -0.3063 -0.6727 0.2841 0.2029 0.7027 -0.2428 0.6373 -0.3828 0.6989 0.3277 0.5075 -0.928 0.0991 -0.3389 -0.119
-0.5852 0.3537 0.4976 0.5337 -0.4459 0.6981 0.2082 0.5201 -0.5621 0.4734 0.4437 0.5129 -0.5867 0.1884 0.6272 0.4763 -0.5755 0.1354 0.6923 -0.4138 -0.5916 -0.0239 0.6471 0.4803 -0.6108 -0.3063 -0.6727 0.2841 0.2029 0.7027 -0.2428 0.6373 -0.3828 0.6989 0.3277 0.5075 -0.928 0.0991 -0.3389 -0.119
-0.5852 0.3537 0.4976 0.5337 -0.4459 0.6981 0.2082 0.5201 -0.5621 0.4734 0.4437 0.5129 -0.5867 0.1884 0.6272 0.4763 -0.5755 0.1354 0.6923 -0.4138 -0.5916 -0.0239 0.6471 0.4803 -0.6108 -0.3063 -0.6727 0.2841 0.2029 0.7027 -0.2428 0.6373 -0.3828 0.6989 0.3277 0.5075 -0.928 0.0991 -0.3389 -0.119
-0.5852 0.3537 0.4976 0.5337 -0.4459 0.6981 0.2082 0.5201 -0.5621 0.4734 0.4437 0.5129 -0.5867 0.1884 0.6272 0.4763 -0.5755 0.1354 0.6923 -0.4138 -0.5916 -0.0239 0.6471 0.4803 -0.6108 -0.3063 -0.6727 0.2841 0.2029 0.7027 -0.2428 0.6373 -0.3828 0.6989 0.3277 0.5075 -0.928 0.0991 -0.3389 -0.119
-0.5852 0.3537 0.4976 0.5337 -0.4459 0.6981 0.2082 0.5201 -0.5621 0.4734 0.4437 0.5129 -0.5867 0.1884 0.6272 0.4763 -0.5755 0.1354 0.6923 -0.4138 -0.5916 -0.0239 0.6471 0.4803 -0.6108 -0.3063 -0.6727 0.2841 0.2029 0.7027 -0.2428 0.6373 -0.3828 0.6989 0.3277 0.5075 -0.928 0.0991 -0.3389 -0.119
-0.5749 0.3522 0.504 0.5399 -0.4376 0.6877 0.2131 0.5386 -0.5621 0.4734 0.4437 0.5129 -0.5655 0.178 0.6352 0.4951 -0.5755 0.1354 0.6923 -0.4138 -0.7201 0.2735 0.6232 0.1353 -0.7705 0.0378 -0.3061 0.5578 0.1744 0.7009 -0.2487 0.6454 -0.3988 0.7038 0.3208 0.4927 -0.928 0.0991 -0.3389 -0.119
-0.5749 0.3522 0.504 0.5399 -0.4376 0.6877 0.2131 0.5386 -0.5621 0.4734 0.4437 0.5129 -0.5655 0.178 0.6352 0.4951 -0.5755 0.1354 0.6923 -0.4138 -0.7201 0.2735 0.6232 0.1353 -0.7705 0.0378 -0.3061 0.5578 0.1744 0.7009 -0.2487 0.6454 -0.3988 0.7038 0.3208 0.4927 -0.928 0.0991 -0.3389 -0.119
-0.5749 0.3522 0.504 0.5399 -0.4376 0.6877 0.2131 0.5386 -0.5695 0.4568 0.4452 0.5185 -0.5655 0.178 0.6352 0.4951 -0.6169 0.0856 0.7114 -0.3254 -0.7201 0.2735 0.6232 0.1353 -0.7705 0.0378 -0.3061 0.5578 0.1744 0.7009 -0.2487 0.6454 -0.3988 0.7038 0.3208 0.4927 -0.928 0.0991 -0.3389 -0.119
-0.5749 0.3522 0.504 0.5399 -0.4376 0.6877 0.2131 0.5386 -0.5695 0.4568 0.4452 0.5185 -0.5655 0.178 0.6352 0.4951 -0.6169 0.0856 0.7114 -0.3254 -0.7201 0.2735 0.6232 0.1353 -0.7705 0.0378 -0.3061 0.5578 0.1744 0.7009 -0.2487 0.6454 -0.3988 0.7038 0.3208 0.4927 -0.928 0.0991 -0.3389 -0.119
-0.5749 0.3522 0.504 0.5399 -0.4376 0.6877 0.2131 0.5386 -0.5695 0.4568 0.4452 0.5185 -0.5655 0.178 0.6352 0.4951 -0.6169 0.0856 0.7114 -0.3254 -0.7201 0.2735 0.6232 0.1353 -0.7705 0.0378 -0.3061 0.5578 0.1744 0.7009 -0.2487 0.6454 -0.3988 0.7038 0.3208 0.4927 -0.928 0.0991 -0.3389 -0.119
-0.5749 0.3522 0.504 0.5399 -0.4376 0.6877 0.2131 0.5386 -0.5695 0.4568 0.4452 0.5185 -0.5655 0.178 0.6352 0.4951 -0.6169 0.0856 0.7114 -0.3254 -0.7201 0.2735 0.6232 0.1353 -0.7705 0.0378 -0.3061 0.5578 0.1744 0.7009 -0.2487 0.6454 -0.3988 0.7038 0.3208 0.4927 -0.928 0.0991 -0.3389 -0.119
-0.5749 0.3522 0.504 0.5399 -0.4376 0.6877 0.2131 0.5386 -0.5695 0.4568 0.4452 0.5185 -0.5586 0.1515 0.643 0.5016 -0.6169 0.0856 0.7114 -0.3254 -0.7246 0.287 0.6213 0.0814 -0.8298 0.0648 -0.2591 0.4901 0.1523 0.6933 -0.2686 0.6511 -0.4219 0.7043 0.3135 0.4771 -0.928 0.0991 -0.3389 -0.119
-0.5858 0.3373 0.5187 0.5235 -0.4427 0.6745 0.2297 0.5444 -0.5695 0.4568 0.4452 0.5185 -0.5586 0.1515 0.643 0.5016 -0.6169 0.0856 0.7114 -0.3254 -0.7246 0.287 0.6213 0.0814 -0.8298 0.0648 -0.2591 0.4901 0.1523 0.6933 -0.2686 0.6511 -0.4219 0.7043 0.3135 0.4771 -0.9139 0.1016 -0.371 -0.1296
-0.5858 0.3373 0.5187 0.5235 -0.4427 0.6745 0.2297 0.5444 -0.5695 0.4568 0.4452 0.5185 -0.5586 0.1515 0.643 0.5016 -0.6169 0.0856 0.7114 -0.3254 -0.7246 0.287 0.6213 0.0814 -0.8298 0.0648 -0.2591 0.4901 0.1523 0.6933 -0.2686 0.6511 -0.4219 0.7043 0.3135 0.4771 -0.9139 0.1016 -0.371 -0.1296
-0.5858 0.3373 0.5187 0.5235 -0.4427 0.6745 0.2297 0.5444 -0.5563 0.4561 0.4335 0.5427 -0.5586 0.1515 0.643 0.5016 -0.6169 0.0856 0.7114 -0.3254 -0.7246 0.287 0.6213 0.0814 -0.8298 0.0648 -0.2591 0.4901 0.1523 0.6933 -0.2686 0.6511 -0.4219 0.7043 0.3135 0.4771 -0.9139 0.1016 -0.371 -0.1296
-0.5858 0.3373 0.5187 0.5235 -0.4427 0.6745 0.2297 0.5444 -0.5563 0.4561 0.4335 0.5427 -0.5586 0.1515 0.643 0.5016 -0.6169 0.0856 0.7114 -0.3254 -0.7246 0.287 0.6213 0.0814 -0.8298 0.0648 -0.2591 0.4901 0.1523 0.6933 -0.2686 0.6511 -0.4219 0.7043 0.3135 0.4771 -0.9139 0.1016 -0.371 -0.1296
-0.5858 0.3373 0.5187 0.5235 -0.4427 0.6745 0.2297 0.5444 -0.5563 0.4561 0.4335 0.5427 -0.5586 0.1515 0.643 0.5016 -0.6169 0.0856 0.7114 -0.3254 -0.7246 0.287 0.6213 0.0814 -0.7955 0.0687 -0.3156 0.5128 0.1523 0.6933 -0.2686 0.6511 -0.4219 0.7043 0.3135 0.4771 -0.9139 0.1016 -0.371 -0.1296
-0.5858 0.3373 0.5187 0.5235 -0.4427 0.6745 0.2297 0.5444 -0.5563 0.4561 0.4335 0.5427 -0.5586 0.1515 0.643 0.5016 -0.6169 0.0856 0.7114 -0.3254 -0.7246 0.287 0.6213 0.0814 -0.7955 0.0687 -0.3156 0.5128 0.1523 0.6933 -0.2686 0.6511 -0.4219 0.7043 0.3135 0.4771 -0.9139 0.1016 -0.371 -0.1296
-0.5858 0.3373 0.5187 0.5235 -0.4427 0.6745 0.2297 0.5444 -0.5563 0.4561 0.4335 0.5427 -0.5586 0.1515 0.643 0.5016 -0.6169 0.0856 0.7114 -0.3254 -0.7246 0.287 0.6213 0.0814 -0.7955 0.0687 -0.3156 0.5128 0.1523 0.6933 -0.2686 0.6511 -0.4219 0.7043 0.3135 0.4771 -0.9139 0.1016 -0.371 -0.1296
-0.5858 0.3373 0.5187 0.5235 -0.4453 0.6748 0.2484 0.5335 -0.5563 0.4561 0.4335 0.5427 -0.5483 0.1395 0.6387 0.5215 -0.6169 0.0856 0.7114 -0.3254 -0.6976 0.2338 0.6577 0.1616 -0.7955 0.0687 -0.3156 0.5128 0.1231 0.6862 -0.2664 0.6656 -0.4749 0.702 0.2937 0.4421 -0.9139 0.1016 -0.371 -0.1296
-0.5858 0.3373 0.5187 0.5235 -0.4453 0.6748 0.2484 0.5335 -0.5563 0.4561 0.4335 0.5427 -0.5483 0.1395 0.6387 0.5215 -0.6169 0.0856 0.7114 -0.3254 -0.6976 0.2338 0.6577 0.1616 -0.7955 0.0687 -0.3156 0.5128 0.1231 0.6862 -0.2664 0.6656 -0.4749 0.702 0.2937 0.4421 -0.9139 0.1016 -0.371 -0.1296
-0.5858 0.3373 0.5187 0.5235 -0.4453 0.6748 0.2484 0.5335 -0.5742 0.4331 0.451 0.5285 -0.5483 0.1395 0.6387 0.5215 -0.6479 -0.0181 0.7213 -0.2441 -0.6976 0.2338 0.6577 0.1616 -0.7955 0.0687 -0.3156 0.5128 0.1231 0.6862 -0.2664 0.6656 -0.4749 0.702 0.2937 0.4421 -0.9139 0.1016 -0.371 -0.1296
-0.5858 0.3373 0.5187 0.5235 -0.4453 0.6748 0.2484 0.5335 -0.5742 0.4331 0.451 0.5285 -0.5483 0.1395 0.6387 0.5215 -0.6479 -0.0181 0.7213 -0.2441 -0.6976 0.2338 0.6577 0.1616 -0.7955 0.0687 -0.3156 0.5128 0.1231 0.6862 -0.2664 0.6656 -0.4749 0.702 0.2937 0.4421 -0.9139 0.1016 -0.371 -0.1296
-0.5858 0.3373 0.5187 0.5235 -0.4453 0.6748 0.2484 0.5335 -0.5742 0.4331 0.451 0.5285 -0.5483 0.1395 0.6387 0.5215 -0.6479 -0.0181 0.7213 -0.2441 -0.6976 0.2338 0.6577 0.1616 -0.7991 0.0366 -0.3347 0.4982 0.1231 0.6862 -0.2664 0.6656 -0.4749 0.702 0.2937 0.4421 -0.9139 0.1016 -0.371 -0.1296
-0.5858 0.3373 0.5187 0.5235 -0.4453 0.6748 0.2484 0.5335 -0.5742 0.4331 0.451 0.5285 -0.5483 0.1395 0.6387 0.5215 -0.6479 -0.0181 0.7213 -0.2441 -0.6976 0.2338 0.6577 0.1616 -0.7991 0.0366 -0.3347 0.4982 0.1231 0.6862 -0.2664 0.6656 -0.4749 0.702 0.2937 0.4421 -0.9139 0.1016 -0.371 -0.1296
-0.5858 0.3373 0.5187 0.5235 -0.4453 0.6748 0.2484 0.5335 -0.5742 0.4331 0.451 0.5285 -0.5754 0.1237 0.6395 0.4948 -0.6479 -0.0181 0.7213 -0.2441 -0.7006 0.2104 0.6655 0.1483 -0.7991 0.0366 -0.3347 0.4982 0.1824 0.6693 -0.2391 0.6794 -0.5378 0.7151 0.2415 0.3754 -0.9139 0.1016 -0.371 -0.1296
-0.6299 0.3203 0.5452 0.4511 -0.4528 0.6802 0.2663 0.5114 -0.5742 0.4331 0.451 0.5285 -0.5754 0.1237 0.6395 0.4948 -0.6479 -0.0181 0.7213 -0.2441 -0.7006 0.2104 0.6655 0.1483 -0.7991 0.0366 -0.3347 0.4982 0.1824 0.6693 -0.2391 0.6794 -0.5378 0.7151 0.2415 0.3754 -0.769 0.1338 -0.6132 -0.121
-0.6299 0.3203 0.5452 0.4511 -0.4528 0.6802 0.2663 0.5114 -0.5742 0.4331 0.451 0.5285 -0.5754 0.1237 0.6395 0.4948 -0.6479 -0.0181 0.7213 -0.2441 -0.7006 0.2104 0.6655 0.1483 -0.7991 0.0366 -0.3347 0.4982 0.1824 0.6693 -0.2391 0.6794 -0.5378 0.7151 0.2415 0.3754 -0.769 0.1338 -0.6132 -0.121
-0.6299 0.3203 0.5452 0.4511 -0.4528 0.6802 0.2663 0.5114 -0.5966 0.4332 0.4446 0.5086 -0.5754 0.1237 0.6395 0.4948 -0.6568 -0.0748 0.7195 -0.213 -0.7006 0.2104 0.6655 0.1483 -0.7991 0.0366 -0.3347 0.4982 0.1824 0.6693 -0.2391 0.6794 -0.5378 0.7151 0.2415 0.3754 -0.769 0.1338 -0.6132 -0.121
-0.6299 0.3203 0.5452 0.4511 -0.4528 0.6802 0.2663 0.5114 -0.5966 0.4332 0.4446 0.5086 -0.5754 0.1237 0.6395 0.4948 -0.6568 -0.0748 0.7195 -0.213 -0.7006 0.2104 0.6655 0.1483 -0.7991 0.0366 -0.3347 0.4982 0.1824 0.6693 -0.2391 0.6794 -0.5378 0.7151 0.2415 0.3754 -0.769 0.1338 -0.6132 -0.121
-0.6299 0.3203 0.5452 0.4511 -0.4528 0.6802 0.2663 0.5114 -0.5966 0.4332 0.4446 0.5086 -0.5754 0.1237 0.6395 0.4948 -0.6568 -0.0748 0.7195 -0.213 -0.7006 0.2104 0.6655 0.1483 -0.7991 0.0366 -0.3347 0.4982 0.1824 0.6693 -0.2391 0.6794 -0.5378 0.7151 0.2415 0.3754 -0.769 0.1338 -0.6132 -0.121
-0.6299 0.3203 0.5452 0.4511 -0.4528 0.6802 0.2663 0.5114 -0.5966 0.4332 0.4446 0.5086 -0.5754 0.1237 0.6395 0.4948 -0.6568 -0.0748 0.7195 -0.213 -0.7006 0.2104 0.6655 0.1483 -0.7991 0.0366 -0.3347 0.4982 0.1824 0.6693 -0.2391 0.6794 -0.5378 0.7151 0.2415 0.3754 -0.769 0.1338 -0.6132 -0.121
-0.6299 0.3203 0.5452 0.4511 -0.4528 0.6802 0.2663 0.5114 -0.5966 0.4332 0.4446 0.5086 -0.5754 0.1237 0.6395 0.4948 -0.6568 -0.0748 0.7195 -0.213 -0.7006 0.2104 0.6655 0.1483 -0.7991 0.0366 -0.3347 0.4982 0.1824 0.6693 -0.2391 0.6794 -0.5378 0.7151 0.2415 0.3754 -0.769 0.1338 -0.6132 -0.121
-0.6299 0.3203 0.5452 0.4511 -0.4528 0.6802 0.2663 0.5114 -0.5966 0.4332 0.4446 0.5086 -0.5754 0.1237 0.6395 0.4948 -0.6568 -0.0748 0.7195 -0.213 -0.7006 0.2104 0.6655 0.1483 -0.7991 0.0366 -0.3347 0.4982 0.1824 0.6693 -0.2391 0.6794 -0.5378 0.7151 0.2415 0.3754 -0.769 0.1338 -0.6132 -0.121
-0.6446 0.3273 0.525 0.449 -0.4756 0.7031 0.2805 0.4481 -0.5966 0.4332 0.4446 0.5086 -0.5936 0.1297 0.6218 0.4943 -0.652 -0.1193 0.715 -0.2223 -0.6872 0.1789 0.6902 0.1388 -0.8002 0.0299 -0.3297 0.5001 0.2208 0.6603 -0.1547 0.7009 -0.5977 0.709 0.2145 0.3068 -0.6818 0.1538 -0.689 -0.1917
-0.6446 0.3273 0.525 0.449 -0.4756 0.7031 0.2805 0.4481 -0.6024 0.4277 0.4634 0.4893 -0.5936 0.1297 0.6218 0.4943 -0.652 -0.1193 0.715 -0.2223 -0.6872 0.1789 0.6902 0.1388 -0.8002 0.0299 -0.3297 0.5001 0.2208 0.6603 -0.1547 0.7009 -0.5977 0.709 0.2145 0.3068 -0.6818 0.1538 -0.689 -0.1917
-0.6446 0.3273 0.525 0.449 -0.4756 0.7031 0.2805 0.4481 -0.6024 0.4277 0.4634 0.4893 -0.5936 0.1297 0.6218 0.4943 -0.652 -0.1193 0.715 -0.2223 -0.6872 0.1789 0.6902 0.1388 -0.8002 0.0299 -0.3297 0.5001 0.2208 0.6603 -0.1547 0.7009 -0.5977 0.709 0.2145 0.3068 -0.6818 0.1538 -0.689 -0.1917
-0.6446 0.3273 0.525 0.449 -0.4756 0.7031 0.2805 0.4481 -0.6024 0.4277 0.4634 0.4893 -0.5936 0.1297 0.6218 0.4943 -0.652 -0.1193 0.715 -0.2223 -0.6872 0.1789 0.6902 0.1388 -0.8009 0.0293 -0.3296 0.4991 0.2208 0.6603 -0.1547 0.7009 -0.5977 0.709 0.2145 0.3068 -0.6818 0.1538 -0.689 -0.1917
-0.6446 0.3273 0.525 0.449 -0.4756 0.7031 0.2805 0.4481 -0.6024 0.4277 0.4634 0.4893 -0.5936 0.1297 0.6218 0.4943 -0.652 -0.1193 0.715 -0.2223 -0.6872 0.1789 0.6902 0.1388 -0.8009 0.0293 -0.3296 0.4991 0.2208 0.6603 -0.1547 0.7009 -0.5977 0.709 0.2145 0.3068 -0.6818 0.1538 -0.689 -0.1917
-0.6446 0.3273 0.525 0.449 -0.4756 0.7031 0.2805 0.4481 -0.6024 0.4277 0.4634 0.4893 -0.5936 0.1297 0.6218 0.4943 -0.652 -0.1193 0.715 -0.2223 -0.6872 0.1789 0.6902 0.1388 -0.8009 0.0293 -0.3296 0.4991 0.2208 0.6603 -0.1547 0.7009 -0.5977 0.709 0.2145 0.3068 -0.6818 0.1538 -0.689 -0.1917
-0.6541 0.328 0.5405 0.4152 -0.4713 0.7139 0.2768 0.4377 -0.6024 0.4277 0.4634 0.4893 -0.6531 0.1183 0.612 0.4301 -0.652 -0.1193 0.715 -0.2223 -0.6778 0.1516 0.7028 0.1541 -0.8009 0.0293 -0.3296 0.4991 0.2578 0.6675 -0.0918 0.6924 -0.5876 0.6624 0.2941 0.36 -0.8085 0.1421 -0.5291 -0.2148
-0.6541 0.328 0.5405 0.4152 -0.4713 0.7139 0.2768 0.4377 -0.6024 0.4277 0.4634 0.4893 -0.6531 0.1183 0.612 0.4301 -0.652 -0.1193 0.715 -0.2223 -0.6778 0.1516 0.7028 0.1541 -0.8009 0.0293 -0.3296 0.4991 0.2578 0.6675 -0.0918 0.6924 -0.5876 0.6624 0.2941 0.36 -0.8085 0.1421 -0.5291 -0.2148
-0.6541 0.328 0.5405 0.4152 -0.4713 0.7139 0.2768 0.4377 -0.6024 0.4277 0.4634 0.4893 -0.6531 0.1183 0.612 0.4301 -0.652 -0.1193 0.715 -0.2223 -0.6778 0.1516 0.7028 0.1541 -0.8009 0.0293 -0.3296 0.4991 0.2578 0.6675 -0.0918 0.6924 -0.5876 0.6624 0.2941 0.36 -0.8085 0.1421 -0.5291 -0.2148
-0.6541 0.328 0.5405 0.4152 -0.4713 0.7139 0.2768 0.4377 -0.6174 0.4201 0.4841 0.456 -0.6531 0.1183 0.612 0.4301 -0.6515 -0.1367 0.7171 -0.2065 -0.6778 0.1516 0.7028 0.1541 -0.8009 0.0293 -0.3296 0.4991 0.2578 0.6675 -0.0918 0.6924 -0.5876 0.6624 0.2941 0.36 -0.8085 0.1421 -0.5291 -0.2148
-0.6541 0.328 0.5405 0.4152 -0.4713 0.7139 0.2768 0.4377 -0.6174 0.4201 0.4841 0.456 -0.6531 0.1183 0.612 0.4301 -0.6515 -0.1367 0.7171 -0.2065 -0.6778 0.1516 0.7028 0.1541 -0.8 0.0281 -0.329 0.501 0.2578 0.6675 -0.0918 0.6924 -0.5876 0.6624 0.2941 0.36 -0.8085 0.1421 -0.5291 -0.2148
-0.6541 0.328 0.5405 0.4152 -0.4713 0.7139 0.2768 0.4377 -0.6174 0.4201 0.4841 0.456 -0.691 0.0967 0.6123 0.3719 -0.6515 -0.1367 0.7171 -0.2065 -0.6733 0.1269 0.7094 0.1654 -0.8 0.0281 -0.329 0.501 0.2578 0.6675 -0.0918 0.6924 -0.5876 0.6624 0.2941 0.36 -0.8085 0.1421 -0.5291 -0.2148
-0.6541 0.328 0.5405 0.4152 -0.4713 0.7139 0.2768 0.4377 -0.6174 0.4201 0.4841 0.456 -0.691 0.0967 0.6123 0.3719 -0.6515 -0.1367 0.7171 -0.2065 -0.6733 0.1269 0.7094 0.1654 -0.8 0.0281 -0.329 0.501 0.2578 0.6675 -0.0918 0.6924 -0.4836 0.6008 0.4031 0.4927 -0.8085 0.1421 -0.5291 -0.2148
-0.6541 0.328 0.5405 0.4152 -0.4713 0.7139 0.2768 0.4377 -0.6174 0.4201 0.4841 0.456 -0.691 0.0967 0.6123 0.3719 -0.6515 -0.1367 0.7171 -0.2065 -0.6733 0.1269 0.7094 0.1654 -0.8 0.0281 -0.329 0.501 0.2578 0.6675 -0.0918 0.6924 -0.4836 0.6008 0.4031 0.4927 -0.9027 0.1331 -0.3587 -0.1967
-0.6541 0.328 0.5405 0.4152 -0.4713 0.7139 0.2768 0.4377 -0.6174 0.4201 0.4841 0.456 -0.691 0.0967 0.6123 0.3719 -0.6557 -0.1513 0.7151 -0.1893 -0.6733 0.1269 0.7094 0.1654 -0.8 0.0281 -0.329 0.501 0.2578 0.6675 -0.0918 0.6924 -0.4836 0.6008 0.4031 0.4927 -0.9027 0.1331 -0.3587 -0.1967
-0.6541 0.328 0.5405 0.4152 -0.4713 0.7139 0.2768 0.4377 -0.6458 0.4035 0.5063 0.4046 -0.691 0.0967 0.6123 0.3719 -0.6557 -0.1513 0.7151 -0.1893 -0.6733 0.1269 0.7094 0.1654 -0.8 0.0281 -0.329 0.501 0.2578 0.6675 -0.0918 0.6924 -0.4836 0.6008 0.4031 0.4927 -0.9027 0.1331 -0.3587 -0.1967
-0.6541 0.328 0.5405 0.4152 -0.4713 0.7139 0.2768 0.4377 -0.6458 0.4035 0.5063 0.4046 -0.691 0.0967 0.6123 0.3719 -0.6557 -0.1513 0.7151 -0.1893 -0.6733 0.1269 0.7094 0.1654 -0.8 0.0281 -0.329 0.501 0.2578 0.6675 -0.0918 0.6924 -0.4836 0.6008 0.4031 0.4927 -0.9027 0.1331 -0.3587 -0.1967
-0.6541 0.328 0.5405 0.4152 -0.4713 0.7139 0.2768 0.4377 -0.6458 0.4035 0.5063 0.4046 -0.691 0.0967 0.6123 0.3719 -0.6557 -0.1513 0.7151 -0.1893 -0.6733 0.1269 0.7094 0.1654 -0.8 0.0281 -0.329 0.501 0.2578 0.6675 -0.0918 0.6924 -0.4836 0.6008 0.4031 0.4927 -0.9027 0.1331 -0.3587 -0.1967
-0.6541 0.328 0.5405 0.4152 -0.4713 0.7139 0.2768 0.4377 -0.6458 0.4035 0.5063 0.4046 -0.691 0.0967 0.6123 0.3719 -0.6557 -0.1513 0.7151 -0.1893 -0.6733 0.1269 0.7094 0.1654 -0.8 0.0281 -0.329 0.501 0.2578 0.6675 -0.0918 0.6924 -0.4836 0.6008 0.4031 0.4927 -0.9027 0.1331 -0.3587 -0.1967
-0.6541 0.328 0.5405 0.4152 -0.4713 0.7139 0.2768 0.4377 -0.6458 0.4035 0.5063 0.4046 -0.691 0.0967 0.6123 0.3719 -0.6557 -0.1513 0.7151 -0.1893 -0.6733 0.1269 0.7094 0.1654 -0.8 0.0281 -0.329 0.501 0.2578 0.6675 -0.0918 0.6924 -0.4836 0.6008 0.4031 0.4927 -0.9027 0.1331 -0.3587 -0.1967
-0.6645 0.2824 0.5836 0.3718 -0.4859 0.6837 0.3445 0.4216 -0.6458 0.4035 0.5063 0.4046 -0.7229 0.0586 0.617 0.3054 -0.6557 -0.1513 0.7151 -0.1893 -0.67 0.107 0.7112 0.1838 -0.7989 0.025 -0.3289 0.503 0.2994 0.6477 -0.1344 0.6876 -0.3681 0.5069 0.4788 0.6151 -0.9348 0.1561 -0.2931 -0.1262
-0.6645 0.2824 0.5836 0.3718 -0.4859 0.6837 0.3445 0.4216 -0.6458 0.4035 0.5063 0.4046 -0.7229 0.0586 0.617 0.3054 -0.6557 -0.1513 0.7151 -0.1893 -0.67 0.107 0.7112 0.1838 -0.7989 0.025 -0.3289 0.503 0.2994 0.6477 -0.1344 0.6876 -0.3681 0.5069 0.4788 0.6151 -0.9348 0.1561 -0.2931 -0.1262
-0.6645 0.2824 0.5836 0.3718 -0.4859 0.6837 0.3445 0.4216 -0.6458 0.4035 0.5063 0.4046 -0.7229 0.0586 0.617 0.3054 -0.6557 -0.1513 0.7151 -0.1893 -0.67 0.107 0.7112 0.1838 -0.7989 0.025 -0.3289 0.503 0.2994 0.6477 -0.1344 0.6876 -0.3681 0.5069 0.4788 0.6151 -0.9348 0.1561 -0.2931 -0.1262
-0.6645 0.2824 0.5836 0.3718 -0.4859 0.6837 0.3445 0.4216 -0.681 0.3812 0.5153 0.3541 -0.7229 0.0586 0.617 0.3054 -0.6576 -0.1604 0.7143 -0.1779 -0.67 0.107 0.7112 0.1838 -0.7989 0.025 -0.3289 0.503 0.2994 0.6477 -0.1344 0.6876 -0.3681 0.5069 0.4788 0.6151 -0.9348 0.1561 -0.2931 -0.1262
-0.6645 0.2824 0.5836 0.3718 -0.4859 0.6837 0.3445 0.4216 -0.681 0.3812 0.5153 0.3541 -0.7229 0.0586 0.617 0.3054 -0.6576 -0.1604 0.7143 -0.1779 -0.67 0.107 0.7112 0.1838 -0.7989 0.025 -0.3289 0.503 0.2994 0.6477 -0.1344 0.6876 -0.3681 0.5069 0.4788 0.6151 -0.9348 0.1561 -0.2931 -0.1262
-0.6645 0.2824 0.5836 0.3718 -0.4859 0.6837 0.3445 0.4216 -0.681 0.3812 0.5153 0.3541 -0.7229 0.0586 0.617 0.3054 -0.6576 -0.1604 0.7143 -0.1779 -0.67 0.107 0.7112 0.1838 -0.7989 0.025 -0.3289 0.503 0.2994 0.6477 -0.1344 0.6876 -0.3681 0.5069 0.4788 0.6151 -0.9348 0.1561 -0.2931 -0.1262
-0.6645 0.2824 0.5836 0.3718 -0.4859 0.6837 0.3445 0.4216 -0.681 0.3812 0.5153 0.3541 -0.7543 0.044 0.5975 0.2685 -0.6576 -0.1604 0.7143 -0.1779 -0.67 0.0759 0.7078 0.2104 -0.7974 0.0214 -0.3304 0.5045 0.2998 0.6434 -0.1616 0.6856 -0.3394 0.4947 0.4824 0.6382 -0.9348 0.1561 -0.2931 -0.1262
-0.6622 0.2847 0.5834 0.3743 -0.4859 0.6835 0.3451 0.4214 -0.681 0.3812 0.5153 0.3541 -0.7543 0.044 0.5975 0.2685 -0.6576 -0.1604 0.7143 -0.1779 -0.67 0.0759 0.7078 0.2104 -0.7974 0.0214 -0.3304 0.5045 0.2998 0.6434 -0.1616 0.6856 -0.3394 0.4947 0.4824 0.6382 -0.9438 0.1365 -0.273 -0.1267
-0.6622 0.2847 0.5834 0.3743 -0.4859 0.6835 0.3451 0.4214 -0.681 0.3812 0.5153 0.3541 -0.7543 0.044 0.5975 0.2685 -0.6576 -0.1604 0.7143 -0.1779 -0.67 0.0759 0.7078 0.2104 -0.7974 0.0214 -0.3304 0.5045 0.2998 0.6434 -0.1616 0.6856 -0.3394 0.4947 0.4824 0.6382 -0.9438 0.1365 -0.273 -0.1267
-0.6622 0.2847 0.5834 0.3743 -0.4859 0.6835 0.3451 0.4214 -0.681 0.3812 0.5153 0.3541 -0.7543 0.044 0.5975 0.2685 -0.6576 -0.1604 0.7143 -0.1779 -0.67 0.0759 0.7078 0.2104 -0.7974 0.0214 -0.3304 0.5045 0.2998 0.6434 -0.1616 0.6856 -0.3394 0.4947 0.4824 0.6382 -0.9438 0.1365 -0.273 -0.1267
-0.6622 0.2847 0.5834 0.3743 -0.4859 0.6835 0.3451 0.4214 -0.681 0.3812 0.5153 0.3541 -0.7543 0.044 0.5975 0.2685 -0.6576 -0.1604 0.7143 -0.1779 -0.67 0.0759 0.7078 0.2104 -0.7974 0.0214 -0.3304 0.5045 0.2998 0.6434 -0.1616 0.6856 -0.3394 0.4947 0.4824 0.6382 -0.9438 0.1365 -0.273 -0.1267
-0.6622 0.2847 0.5834 0.3743 -0.4859 0.6835 0.3451 0.4214 -0.681 0.3812 0.5153 0.3541 -0.7543 0.044 0.5975 0.2685 -0.6576 -0.1604 0.7143 -0.1779 -0.67 0.0759 0.7078 0.2104 -0.7974 0.0214 -0.3304 0.5045 0.2998 0.6434 -0.1616 0.6856 -0.3394 0.4947 0.4824 0.6382 -0.9438 0.1365 -0.273 -0.1267
-0.6622 0.2847 0.5834 0.3743 -0.4859 0.6835 0.3451 0.4214 -0.681 0.3812 0.5153 0.3541 -0.7543 0.044 0.5975 0.2685 -0.6576 -0.1604 0.7143 -0.1779 -0.67 0.0759 0.7078 0.2104 -0.7974 0.0214 -0.3304 0.5045 0.2998 0.6434 -0.1616 0.6856 -0.3394 0.4947 0.4824 0.6382 -0.9438 0.1365 -0.273 -0.1267
-0.6622 0.2847 0.5834 0.3743 -0.4859 0.6835 0.3451 0.4214 -0.681 0.3812 0.5153 0.3541 -0.7543 0.044 0.5975 0.2685 -0.6576 -0.1604 0.7143 -0.1779 -0.67 0.0759 0.7078 0.2104 -0.7974 0.0214 -0.3304 0.5045 0.2998 0.6434 -0.1616 0.6856 -0.3394 0.4947 0.4824 0.6382 -0.9438 0.1365 -0.273 -0.1267
-0.6659 0.2956 0.5614 0.3925 -0.4907 0.6855 0.3211 0.4315 -0.681 0.3812 0.5153 0.3541 -0.7834 0.0336 0.5678 0.2505 -0.6576 -0.1604 0.7143 -0.1779 -0.6637 0.0308 0.697 0.2697 -0.7932 0.0208 -0.3432 0.5027 0.264 0.6573 -0.1835 0.6816 -0.3593 0.5277 0.4741 0.6063 -0.9272 0.1296 -0.3219 -0.1409
-0.6659 0.2956 0.5614 0.3925 -0.4907 0.6855 0.3211 0.4315 -0.681 0.3812 0.5153 0.3541 -0.7834 0.0336 0.5678 0.2505 -0.6576 -0.1604 0.7143 -0.1779 -0.6637 0.0308 0.697 0.2697 -0.7932 0.0208 -0.3432 0.5027 0.264 0.6573 -0.1835 0.6816 -0.3593 0.5277 0.4741 0.6063 -0.9272 0.1296 -0.3219 -0.1409
-0.6659 0.2956 0.5614 0.3925 -0.4907 0.6855 0.3211 0.4315 -0.681 0.3812 0.5153 0.3541 -0.7834 0.0336 0.5678 0.2505 -0.6576 -0.1604 0.7143 -0.1779 -0.6637 0.0308 0.697 0.2697 -0.7932 0.0208 -0.3432 0.5027 0.264 0.6573 -0.1835 0.6816 -0.3593 0.5277 0.4741 0.6063 -0.9272 0.1296 -0.3219 -0.1409
-0.6659 0.2956 0.5614 0.3925 -0.4907 0.6855 0.3211 0.4315 -0.681 0.3812 0.5153 0.3541 -0.7834 0.0336 0.5678 0.2505 -0.6576 -0.1604 0.7143 -0.1779 -0.6637 0.0308 0.697 0.2697 -0.7932 0.0208 -0.3432 0.5027 0.264 0.6573 -0.1835 0.6816 -0.3593 0.5277 0.4741 0.6063 -0.9272 0.1296 -0.3219 -0.1409
-0.6659 0.2956 0.5614 0.3925 -0.4907 0.6855 0.3211 0.4315 -0.681 0.3812 0.5153 0.3541 -0.7834 0.0336 0.5678 0.2505 -0.6576 -0.1604 0.7143 -0.1779 -0.6637 0.0308 0.697 0.2697 -0.7932 0.0208 -0.3432 0.5027 0.264 0.6573 -0.1835 0.6816 -0.3593 0.5277 0.4741 0.6063 -0.9272 0.1296 -0.3219 -0.1409
-0.6659 0.2956 0.5614 0.3925 -0.4907 0.6855 0.3211 0.4315 -0.681 0.3812 0.5153 0.3541 -0.7834 0.0336 0.5678 0.2505 -0.6576 -0.1604 0.7143 -0.1779 -0.6637 0.0308 0.697 0.2697 -0.7932 0.0208 -0.3432 0.5027 0.264 0.6573 -0.1835 0.6816 -0.3593 0.5277 0.4741 0.6063 -0.9272 0.1296 -0.3219 -0.1409
-0.6659 0.2956 0.5614 0.3925 -0.4907 0.6855 0.3211 0.4315 -0.681 0.3812 0.5153 0.3541 -0.7834 0.0336 0.5678 0.2505 -0.6576 -0.1604 0.7143 -0.1779 -0.6637 0.0308 0.697 0.2697 -0.7932 0.0208 -0.3432 0.5027 0.264 0.6573 -0.1835 0.6816 -0.3593 0.5277 0.4741 0.6063 -0.9272 0.1296 -0.3219 -0.1409
-0.6586 0.3127 0.5406 0.4199 -0.4828 0.7055 0.2729 0.4412 -0.681 0.3812 0.5153 0.3541 -0.7654 0.0445 0.5753 0.2847 -0.6576 -0.1604 0.7143 -0.1779 -0.6151 -0.0548 0.6736 0.4061 -0.7289 -0.0797 -0.5339 0.4211 0.2325 0.6725 -0.1958 0.6747 -0.3622 0.568 0.4552 0.5822 -0.9294 0.1309 -0.316 -0.1381
-0.6586 0.3127 0.5406 0.4199 -0.4828 0.7055 0.2729 0.4412 -0.681 0.3812 0.5153 0.3541 -0.7654 0.0445 0.5753 0.2847 -0.6576 -0.1604 0.7143 -0.1779 -0.6151 -0.0548 0.6736 0.4061 -0.7289 -0.0797 -0.5339 0.4211 0.2325 0.6725 -0.1958 0.6747 -0.3622 0.568 0.4552 0.5822 -0.9294 0.1309 -0.316 -0.1381
-0.6586 0.3127 0.5406 0.4199 -0.4828 0.7055 0.2729 0.4412 -0.681 0.3812 0.5153 0.3541 -0.7654 0.0445 0.5753 0.2847 -0.6576 -0.1604 0.7143 -0.1779 -0.6151 -0.0548 0.6736 0.4061 -0.7289 -0.0797 -0.5339 0.4211 0.2325 0.6725 -0.1958 0.6747 -0.3622 0.568 0.4552 0.5822 -0.9294 0.1309 -0.316 -0.1381
-0.6586 0.3127 0.5406 0.4199 -0.4828 0.7055 0.2729 0.4412 -0.6421 0.4099 0.4835 0.4312 -0.7654 0.0445 0.5753 0.2847 -0.6379 0.0242 0.7217 -0.2677 -0.6151 -0.0548 0.6736 0.4061 -0.7289 -0.0797 -0.5339 0.4211 0.2325 0.6725 -0.1958 0.6747 -0.3622 0.568 0.4552 0.5822 -0.9294 0.1309 -0.316 -0.1381
-0.6586 0.3127 0.5406 0.4199 -0.4828 0.7055 0.2729 0.4412 -0.6421 0.4099 0.4835 0.4312 -0.7654 0.0445 0.5753 0.2847 -0.6379 0.0242 0.7217 -0.2677 -0.6151 -0.0548 0.6736 0.4061 -0.7289 -0.0797 -0.5339 0.4211 0.2325 0.6725 -0.1958 0.6747 -0.3622 0.568 0.4552 0.5822 -0.9294 0.1309 -0.316 -0.1381
-0.6586 0.3127 0.5406 0.4199 -0.4828 0.7055 0.2729 0.4412 -0.6421 0.4099 0.4835 0.4312 -0.7654 0.0445 0.5753 0.2847 -0.6379 0.0242 0.7217 -0.2677 -0.6151 -0.0548 0.6736 0.4061 -0.7289 -0.0797 -0.5339 0.4211 0.2325 0.6725 -0.1958 0.6747 -0.3622 0.568 0.4552 0.5822 -0.9294 0.1309 -0.316 -0.1381
-0.6586 0.3127 0.5406 0.4199 -0.4828 0.7055 0.2729 0.4412 -0.6421 0.4099 0.4835 0.4312 -0.7654 0.0445 0.5753 0.2847 -0.6379 0.0242 0.7217 -0.2677 -0.6151 -0.0548 0.6736 0.4061 -0.7289 -0.0797 -0.5339 0.4211 0.2325 0.6725 -0.1958 0.6747 -0.3622 0.568 0.4552 0.5822 -0.9294 0.1309 -0.316 -0.1381
-0.6461 0.3338 0.5282 0.4384 -0.4606 0.7264 0.222 0.4592 -0.6421 0.4099 0.4835 0.4312 -0.6548 0.1238 0.608 0.4316 -0.6379 0.0242 0.7217 -0.2677 -0.5983 -0.0858 0.6617 0.4435 -0.564 -0.2723 -0.7179 0.3041 0.2277 0.6773 -0.2319 0.66 -0.3561 0.5922 0.4445 0.5701 -0.9292 0.1257 -0.3164 -0.1438
-0.6461 0.3338 0.5282 0.4384 -0.4606 0.7264 0.222 0.4592 -0.5526 0.464 0.4423 0.5327 -0.6548 0.1238 0.608 0.4316 -0.6379 0.0242 0.7217 -0.2677 -0.5983 -0.0858 0.6617 0.4435 -0.564 -0.2723 -0.7179 0.3041 0.2277 0.6773 -0.2319 0.66 -0.3561 0.5922 0.4445 0.5701 -0.9292 0.1257 -0.3164 -0.1438
-0.6461 0.3338 0.5282 0.4384 -0.4606 0.7264 0.222 0.4592 -0.5526 0.464 0.4423 0.5327 -0.6548 0.1238 0.608 0.4316 -0.5726 0.1443 0.6987 -0.4039 -0.5983 -0.0858 0.6617 0.4435 -0.564 -0.2723 -0.7179 0.3041 0.2277 0.6773 -0.2319 0.66 -0.3561 0.5922 0.4445 0.5701 -0.9292 0.1257 -0.3164 -0.1438
-0.6461 0.3338 0.5282 0.4384 -0.4606 0.7264 0.222 0.4592 -0.5526 0.464 0.4423 0.5327 -0.6548 0.1238 0.608 0.4316 -0.5726 0.1443 0.6987 -0.4039 -0.5983 -0.0858 0.6617 0.4435 -0.564 -0.2723 -0.7179 0.3041 0.2277 0.6773 -0.2319 0.66 -0.3561 0.5922 0.4445 0.5701 -0.9292 0.1257 -0.3164 -0.1438
-0.6461 0.3338 0.5282 0.4384 -0.4606 0.7264 0.222 0.4592 -0.5526 0.464 0.4423 0.5327 -0.6548 0.1238 0.608 0.4316 -0.5726 0.1443 0.6987 -0.4039 -0.5983 -0.0858 0.6617 0.4435 -0.564 -0.2723 -0.7179 0.3041 0.2277 0.6773 -0.2319 0.66 -0.3561 0.5922 0.4445 0.5701 -0.9292 0.1257 -0.3164 -0.1438
-0.6461 0.3338 0.5282 0.4384 -0.4606 0.7264 0.222 0.4592 -0.5526 0.464 0.4423 0.5327 -0.6548 0.1238 0.608 0.4316 -0.5726 0.1443 0.6987 -0.4039 -0.5983 -0.0858 0.6617 0.4435 -0.564 -0.2723 -0.7179 0.3041 0.2277 0.6773 -0.2319 0.66 -0.3561 0.5922 0.4445 0.5701 -0.9292 0.1257 -0.3164 -0.1438
-0.6461 0.3338 0.5282 0.4384 -0.4606 0.7264 0.222 0.4592 -0.5526 0.464 0.4423 0.5327 -0.6548 0.1238 0.608 0.4316 -0.5726 0.1443 0.6987 -0.4039 -0.5983 -0.0858 0.6617 0.4435 -0.564 -0.2723 -0.7179 0.3041 0.2061 0.6903 -0.222 0.657 -0.3561 0.5922 0.4445 0.5701 -0.9292 0.1257 -0.3164 -0.1438
-0.6461 0.3338 0.5282 0.4384 -0.4606 0.7264 0.222 0.4592 -0.5526 0.464 0.4423 0.5327 -0.6548 0.1238 0.608 0.4316 -0.5726 0.1443 0.6987 -0.4039 -0.5983 -0.0858 0.6617 0.4435 -0.564 -0.2723 -0.7179 0.3041 0.2061 0.6903 -0.222 0.657 -0.3561 0.5922 0.4445 0.5701 -0.9271 0.1233 -0.3204 -0.1506
-0.6461 0.3338 0.5282 0.4384 -0.4606 0.7264 0.222 0.4592 -0.5526 0.464 0.4423 0.5327 -0.6548 0.1238 0.608 0.4316 -0.5726 0.1443 0.6987 -0.4039 -0.5983 -0.0858 0.6617 0.4435 -0.564 -0.2723 -0.7179 0.3041 0.2061 0.6903 -0.222 0.657 -0.3561 0.5922 0.4445 0.5701 -0.9271 0.1233 -0.3204 -0.1506
-0.6461 0.3338 0.5282 0.4384 -0.4606 0.7264 0.222 0.4592 -0.5526 0.464 0.4423 0.5327 -0.6548 0.1238 0.608 0.4316 -0.5726 0.1443 0.6987 -0.4039 -0.5983 -0.0858 0.6617 0.4435 -0.564 -0.2723 -0.7179 0.3041 0.2061 0.6903 -0.222 0.657 -0.3561 0.5922 0.4445 0.5701 -0.9271 0.1233 -0.3204 -0.1506
-0.6461 0.3338 0.5282 0.4384 -0.4606 0.7264 0.222 0.4592 -0.5526 0.464 0.4423 0.5327 -0.6548 0.1238 0.608 0.4316 -0.5726 0.1443 0.6987 -0.4039 -0.5983 -0.0858 0.6617 0.4435 -0.564 -0.2723 -0.7179 0.3041 0.2061 0.6903 -0.222 0.657 -0.3561 0.5922 0.4445 0.5701 -0.9271 0.1233 -0.3204 -0.1506
-0.6461 0.3338 0.5282 0.4384 -0.4606 0.7264 0.222 0.4592 -0.5526 0.464 0.4423 0.5327 -0.6548 0.1238 0.608 0.4316 -0.5726 0.1443 0.6987 -0.4039 -0.5983 -0.0858 0.6617 0.4435 -0.564 -0.2723 -0.7179 0.3041 0.2061 0.6903 -0.222 0.657 -0.3561 0.5922 0.4445 0.5701 -0.9271 0.1233 -0.3204 -0.1506
-0.6461 0.3338 0.5282 0.4384 -0.4606 0.7264 0.222 0.4592 -0.5526 0.464 0.4423 0.5327 -0.3294 0.1913 0.687 0.6189 -0.5726 0.1443 0.6987 -0.4039 -0.5983 -0.0858 0.6617 0.4435 -0.7361 -0.1182 -0.5514 0.3745 0.2061 0.6903 -0.222 0.657 -0.3561 0.5922 0.4445 0.5701 -0.9271 0.1233 -0.3204 -0.1506
-0.6461 0.3338 0.5282 0.4384 -0.4606 0.7264 0.222 0.4592 -0.5526 0.464 0.4423 0.5327 -0.3294 0.1913 0.687 0.6189 -0.5726 0.1443 0.6987 -0.4039 -0.5983 -0.0858 0.6617 0.4435 -0.7361 -0.1182 -0.5514 0.3745 0.2061 0.6903 -0.222 0.657 -0.3561 0.5922 0.4445 0.5701 -0.9271 0.1233 -0.3204 -0.1506
-0.6114 0.3354 0.5485 0.4614 -0.4307 0.6863 0.2328 0.5378 -0.5526 0.464 0.4423 0.5327 -0.3294 0.1913 0.687 0.6189 -0.5726 0.1443 0.6987 -0.4039 -0.5983 -0.0858 0.6617 0.4435 -0.7361 -0.1182 -0.5514 0.3745 0.2061 0.6903 -0.222 0.657 -0.3839 0.6199 0.4248 0.5365 -0.9257 0.1238 -0.3223 -0.1549
-0.6114 0.3354 0.5485 0.4614 -0.4307 0.6863 0.2328 0.5378 -0.5526 0.464 0.4423 0.5327 -0.3294 0.1913 0.687 0.6189 -0.5726 0.1443 0.6987 -0.4039 -0.5983 -0.0858 0.6617 0.4435 -0.7361 -0.1182 -0.5514 0.3745 0.2061 0.6903 -0.222 0.657 -0.3839 0.6199 0.4248 0.5365 -0.9257 0.1238 -0.3223 -0.1549
-0.6114 0.3354 0.5485 0.4614 -0.4307 0.6863 0.2328 0.5378 -0.4665 0.4993 0.4135 0.6017 -0.3294 0.1913 0.687 0.6189 -0.5425 0.1404 0.7032 -0.4376 -0.5983 -0.0858 0.6617 0.4435 -0.7361 -0.1182 -0.5514 0.3745 0.2061 0.6903 -0.222 0.657 -0.3839 0.6199 0.4248 0.5365 -0.9257 0.1238 -0.3223 -0.1549
-0.6114 0.3354 0.5485 0.4614 -0.4307 0.6863 0.2328 0.5378 -0.4665 0.4993 0.4135 0.6017 -0.3294 0.1913 0.687 0.6189 -0.5425 0.1404 0.7032 -0.4376 -0.5983 -0.0858 0.6617 0.4435 -0.7361 -0.1182 -0.5514 0.3745 0.2061 0.6903 -0.222 0.657 -0.3839 0.6199 0.4248 0.5365 -0.9257 0.1238 -0.3223 -0.1549
-0.6114 0.3354 0.5485 0.4614 -0.4307 0.6863 0.2328 0.5378 -0.4665 0.4993 0.4135 0.6017 -0.3294 0.1913 0.687 0.6189 -0.5425 0.1404 0.7032 -0.4376 -0.5983 -0.0858 0.6617 0.4435 -0.7361 -0.1182 -0.5514 0.3745 0.2061 0.6903 -0.222 0.657 -0.3839 0.6199 0.4248 0.5365 -0.9257 0.1238 -0.3223 -0.1549
-0.6114 0.3354 0.5485 0.4614 -0.4307 0.6863 0.2328 0.5378 -0.4665 0.4993 0.4135 0.6017 -0.3294 0.1913 0.687 0.6189 -0.5425 0.1404 0.7032 -0.4376 -0.5983 -0.0858 0.6617 0.4435 -0.7361 -0.1182 -0.5514 0.3745 0.2061 0.6903 -0.222 0.657 -0.3839 0.6199 0.4248 0.5365 -0.9257 0.1238 -0.3223 -0.1549
-0.6114 0.3354 0.5485 0.4614 -0.4307 0.6863 0.2328 0.5378 -0.4665 0.4993 0.4135 0.6017 -0.3294 0.1913 0.687 0.6189 -0.5425 0.1404 0.7032 -0.4376 -0.5983 -0.0858 0.6617 0.4435 -0.7361 -0.1182 -0.5514 0.3745 0.2061 0.6903 -0.222 0.657 -0.3839 0.6199 0.4248 0.5365 -0.9257 0.1238 -0.3223 -0.1549
-0.5995 0.3301 0.5582 0.4691 -0.4371 0.6678 0.2394 0.5528 -0.4665 0.4993 0.4135 0.6017 -0.3382 0.184 0.7001 0.6013 -0.5425 0.1404 0.7032 -0.4376 -0.7399 0.2571 0.6153 0.0891 -0.7994 0.0438 -0.3507 0.4858 0.1522 0.7001 -0.2187 0.6624 -0.4036 0.6277 0.419 0.5173 -0.9249 0.1252 -0.3223 -0.1582
-0.5995 0.3301 0.5582 0.4691 -0.4371 0.6678 0.2394 0.5528 -0.518 0.4684 0.4293 0.5727 -0.3382 0.184 0.7001 0.6013 -0.5425 0.1404 0.7032 -0.4376 -0.7399 0.2571 0.6153 0.0891 -0.7994 0.0438 -0.3507 0.4858 0.1522 0.7001 -0.2187 0.6624 -0.4036 0.6277 0.419 0.5173 -0.9249 0.1252 -0.3223 -0.1582
-0.5995 0.3301 0.5582 0.4691 -0.4371 0.6678 0.2394 0.5528 -0.518 0.4684 0.4293 0.5727 -0.3382 0.184 0.7001 0.6013 -0.6514 -0.0283 0.6837 -0.3278 -0.7399 0.2571 0.6153 0.0891 -0.7994 0.0438 -0.3507 0.4858 0.1522 0.7001 -0.2187 0.6624 -0.4036 0.6277 0.419 0.5173 -0.9249 0.1252 -0.3223 -0.1582
-0.5995 0.3301 0.5582 0.4691 -0.4371 0.6678 0.2394 0.5528 -0.518 0.4684 0.4293 0.5727 -0.3382 0.184 0.7001 0.6013 -0.6514 -0.0283 0.6837 -0.3278 -0.7399 0.2571 0.6153 0.0891 -0.7994 0.0438 -0.3507 0.4858 0.1522 0.7001 -0.2187 0.6624 -0.4036 0.6277 0.419 0.5173 -0.9249 0.1252 -0.3223 -0.1582
-0.5995 0.3301 0.5582 0.4691 -0.4371 0.6678 0.2394 0.5528 -0.518 0.4684 0.4293 0.5727 -0.3382 0.184 0.7001 0.6013 -0.6514 -0.0283 0.6837 -0.3278 -0.7399 0.2571 0.6153 0.0891 -0.8087 0.0825 -0.2689 0.5166 0.1522 0.7001 -0.2187 0.6624 -0.4036 0.6277 0.419 0.5173 -0.9249 0.1252 -0.3223 -0.1582
-0.5995 0.3301 0.5582 0.4691 -0.4371 0.6678 0.2394 0.5528 -0.518 0.4684 0.4293 0.5727 -0.3382 0.184 0.7001 0.6013 -0.6514 -0.0283 0.6837 -0.3278 -0.7399 0.2571 0.6153 0.0891 -0.8087 0.0825 -0.2689 0.5166 0.1522 0.7001 -0.2187 0.6624 -0.4036 0.6277 0.419 0.5173 -0.9249 0.1252 -0.3223 -0.1582
-0.5995 0.3301 0.5582 0.4691 -0.4371 0.6678 0.2394 0.5528 -0.518 0.4684 0.4293 0.5727 -0.3382 0.184 0.7001 0.6013 -0.6514 -0.0283 0.6837 -0.3278 -0.7399 0.2571 0.6153 0.0891 -0.8087 0.0825 -0.2689 0.5166 0.1522 0.7001 -0.2187 0.6624 -0.4036 0.6277 0.419 0.5173 -0.9249 0.1252 -0.3223 -0.1582
-0.6244 0.3041 0.5713 0.4373 -0.4608 0.6424 0.2684 0.5505 -0.518 0.4684 0.4293 0.5727 -0.3984 0.1693 0.689 0.5814 -0.6514 -0.0283 0.6837 -0.3278 -0.7221 0.2611 0.6313 0.1088 -0.8087 0.0825 -0.2689 0.5166 0.134 0.6949 -0.2372 0.6655 -0.4203 0.6512 0.385 0.501 -0.9234 0.127 -0.3253 -0.1592
-0.6244 0.3041 0.5713 0.4373 -0.4608 0.6424 0.2684 0.5505 -0.518 0.4684 0.4293 0.5727 -0.3984 0.1693 0.689 0.5814 -0.6514 -0.0283 0.6837 -0.3278 -0.7221 0.2611 0.6313 0.1088 -0.8087 0.0825 -0.2689 0.5166 0.134 0.6949 -0.2372 0.6655 -0.4203 0.6512 0.385 0.501 -0.9234 0.127 -0.3253 -0.1592
-0.6244 0.3041 0.5713 0.4373 -0.4608 0.6424 0.2684 0.5505 -0.5532 0.4539 0.4407 0.5419 -0.3984 0.1693 0.689 0.5814 -0.6241 -0.0299 0.7134 -0.3174 -0.7221 0.2611 0.6313 0.1088 -0.8087 0.0825 -0.2689 0.5166 0.134 0.6949 -0.2372 0.6655 -0.4203 0.6512 0.385 0.501 -0.9234 0.127 -0.3253 -0.1592
-0.6244 0.3041 0.5713 0.4373 -0.4608 0.6424 0.2684 0.5505 -0.5532 0.4539 0.4407 0.5419 -0.3984 0.1693 0.689 0.5814 -0.6241 -0.0299 0.7134 -0.3174 -0.7221 0.2611 0.6313 0.1088 -0.8087 0.0825 -0.2689 0.5166 0.134 0.6949 -0.2372 0.6655 -0.4203 0.6512 0.385 0.501 -0.9234 0.127 -0.3253 -0.1592
-0.6244 0.3041 0.5713 0.4373 -0.4608 0.6424 0.2684 0.5505 -0.5532 0.4539 0.4407 0.5419 -0.3984 0.1693 0.689 0.5814 -0.6241 -0.0299 0.7134 -0.3174 -0.7221 0.2611 0.6313 0.1088 -0.783 0.0424 -0.3419 0.518 0.134 0.6949 -0.2372 0.6655 -0.4203 0.6512 0.385 0.501 -0.9234 0.127 -0.3253 -0.1592
-0.6244 0.3041 0.5713 0.4373 -0.4608 0.6424 0.2684 0.5505 -0.5532 0.4539 0.4407 0.5419 -0.3984 0.1693 0.689 0.5814 -0.6241 -0.0299 0.7134 -0.3174 -0.7221 0.2611 0.6313 0.1088 -0.783 0.0424 -0.3419 0.518 0.134 0.6949 -0.2372 0.6655 -0.4203 0.6512 0.385 0.501 -0.9234 0.127 -0.3253 -0.1592
-0.6244 0.3041 0.5713 0.4373 -0.4608 0.6424 0.2684 0.5505 -0.5532 0.4539 0.4407 0.5419 -0.3984 0.1693 0.689 0.5814 -0.6241 -0.0299 0.7134 -0.3174 -0.7221 0.2611 0.6313 0.1088 -0.783 0.0424 -0.3419 0.518 0.134 0.6949 -0.2372 0.6655 -0.4203 0.6512 0.385 0.501 -0.9234 0.127 -0.3253 -0.1592
-0.6387 0.3084 0.5593 0.4291 -0.4706 0.6709 0.2738 0.5034 -0.5532 0.4539 0.4407 0.5419 -0.4702 0.1505 0.6781 0.5446 -0.6241 -0.0299 0.7134 -0.3174 -0.712 0.1799 0.6636 0.1425 -0.783 0.0424 -0.3419 0.518 0.1118 0.6917 -0.2266 0.6766 -0.4691 0.6648 0.3494 0.4648 -0.9055 0.1364 -0.3669 -0.1636
-0.6387 0.3084 0.5593 0.4291 -0.4706 0.6709 0.2738 0.5034 -0.5532 0.4539 0.4407 0.5419 -0.4702 0.1505 0.6781 0.5446 -0.6241 -0.0299 0.7134 -0.3174 -0.712 0.1799 0.6636 0.1425 -0.783 0.0424 -0.3419 0.518 0.1118 0.6917 -0.2266 0.6766 -0.4691 0.6648 0.3494 0.4648 -0.9055 0.1364 -0.3669 -0.1636
-0.6387 0.3084 0.5593 0.4291 -0.4706 0.6709 0.2738 0.5034 -0.5468 0.4581 0.446 0.5406 -0.4702 0.1505 0.6781 0.5446 -0.6446 -0.0229 0.7286 -0.2303 -0.712 0.1799 0.6636 0.1425 -0.783 0.0424 -0.3419 0.518 0.1118 0.6917 -0.2266 0.6766 -0.4691 0.6648 0.3494 0.4648 -0.9055 0.1364 -0.3669 -0.1636
-0.6387 0.3084 0.5593 0.4291 -0.4706 0.6709 0.2738 0.5034 -0.5468 0.4581 0.446 0.5406 -0.4702 0.1505 0.6781 0.5446 -0.6446 -0.0229 0.7286 -0.2303 -0.712 0.1799 0.6636 0.1425 -0.783 0.0424 -0.3419 0.518 0.1118 0.6917 -0.2266 0.6766 -0.4691 0.6648 0.3494 0.4648 -0.9055 0.1364 -0.3669 -0.1636
-0.6387 0.3084 0.5593 0.4291 -0.4706 0.6709 0.2738 0.5034 -0.5468 0.4581 0.446 0.5406 -0.4702 0.1505 0.6781 0.5446 -0.6446 -0.0229 0.7286 -0.2303 -0.712 0.1799 0.6636 0.1425 -0.783 0.0424 -0.3419 0.518 0.1118 0.6917 -0.2266 0.6766 -0.4691 0.6648 0.3494 0.4648 -0.9055 0.1364 -0.3669 -0.1636
-0.6387 0.3084 0.5593 0.4291 -0.4706 0.6709 0.2738 0.5034 -0.5468 0.4581 0.446 0.5406 -0.4702 0.1505 0.6781 0.5446 -0.6446 -0.0229 0.7286 -0.2303 -0.712 0.1799 0.6636 0.1425 -0.783 0.0424 -0.3419 0.518 0.1118 0.6917 -0.2266 0.6766 -0.4691 0.6648 0.3494 0.4648 -0.9055 0.1364 -0.3669 -0.1636
-0.6387 0.3084 0.5593 0.4291 -0.4706 0.6709 0.2738 0.5034 -0.5468 0.4581 0.446 0.5406 -0.4702 0.1505 0.6781 0.5446 -0.6446 -0.0229 0.7286 -0.2303 -0.712 0.1799 0.6636 0.1425 -0.783 0.0424 -0.3419 0.518 0.1118 0.6917 -0.2266 0.6766 -0.4691 0.6648 0.3494 0.4648 -0.9055 0.1364 -0.3669 -0.1636
-0.6424 0.326 0.5423 0.4324 -0.4739 0.7244 0.2586 0.4287 -0.5468 0.4581 0.446 0.5406 -0.5001 0.16 0.6622 0.5345 -0.6446 -0.0229 0.7286 -0.2303 -0.6979 0.1854 0.6752 0.1506 -0.7913 0.034 -0.3399 0.5072 0.1445 0.6782 -0.2434 0.6782 -0.5109 0.6837 0.2964 0.4286 -0.8415 0.1395 -0.4975 -0.1578
-0.6424 0.326 0.5423 0.4324 -0.4739 0.7244 0.2586 0.4287 -0.5468 0.4581 0.446 0.5406 -0.5001 0.16 0.6622 0.5345 -0.6446 -0.0229 0.7286 -0.2303 -0.6979 0.1854 0.6752 0.1506 -0.7913 0.034 -0.3399 0.5072 0.1445 0.6782 -0.2434 0.6782 -0.5109 0.6837 0.2964 0.4286 -0.8415 0.1395 -0.4975 -0.1578
-0.6424 0.326 0.5423 0.4324 -0.4739 0.7244 0.2586 0.4287 -0.5583 0.4555 0.4368 0.5385 -0.5001 0.16 0.6622 0.5345 -0.651 -0.0731 0.7274 -0.2045 -0.6979 0.1854 0.6752 0.1506 -0.7913 0.034 -0.3399 0.5072 0.1445 0.6782 -0.2434 0.6782 -0.5109 0.6837 0.2964 0.4286 -0.8415 0.1395 -0.4975 -0.1578
-0.6424 0.326 0.5423 0.4324 -0.4739 0.7244 0.2586 0.4287 -0.5583 0.4555 0.4368 0.5385 -0.5001 0.16 0.6622 0.5345 -0.651 -0.0731 0.7274 -0.2045 -0.6979 0.1854 0.6752 0.1506 -0.7913 0.034 -0.3399 0.5072 0.1445 0.6782 -0.2434 0.6782 -0.5109 0.6837 0.2964 0.4286 -0.8415 0.1395 -0.4975 -0.1578
-0.6424 0.326 0.5423 0.4324 -0.4739 0.7244 0.2586 0.4287 -0.5583 0.4555 0.4368 0.5385 -0.5001 0.16 0.6622 0.5345 -0.651 -0.0731 0.7274 -0.2045 -0.6979 0.1854 0.6752 0.1506 -0.7913 0.034 -0.3399 0.5072 0.1445 0.6782 -0.2434 0.6782 -0.5109 0.6837 0.2964 0.4286 -0.8415 0.1395 -0.4975 -0.1578
-0.6424 0.326 0.5423 0.4324 -0.4739 0.7244 0.2586 0.4287 -0.5583 0.4555 0.4368 0.5385 -0.5001 0.16 0.6622 0.5345 -0.651 -0.0731 0.7274 -0.2045 -0.6979 0.1854 0.6752 0.1506 -0.7913 0.034 -0.3399 0.5072 0.1445 0.6782 -0.2434 0.6782 -0.5109 0.6837 0.2964 0.4286 -0.8415 0.1395 -0.4975 -0.1578
-0.6424 0.326 0.5423 0.4324 -0.4739 0.7244 0.2586 0.4287 -0.5583 0.4555 0.4368 0.5385 -0.5001 0.16 0.6622 0.5345 -0.651 -0.0731 0.7274 -0.2045 -0.6979 0.1854 0.6752 0.1506 -0.7913 0.034 -0.3399 0.5072 0.1445 0.6782 -0.2434 0.6782 -0.5109 0.6837 0.2964 0.4286 -0.8415 0.1395 -0.4975 -0.1578
-0.6461 0.3143 0.5393 0.4393 -0.477 0.7462 0.2653 0.3812 -0.5583 0.4555 0.4368 0.5385 -0.5001 0.16 0.6622 0.5345 -0.651 -0.0731 0.7274 -0.2045 -0.6979 0.1854 0.6752 0.1506 -0.7913 0.034 -0.3399 0.5072 0.2322 0.6661 -0.2142 0.6757 -0.5752 0.6984 0.2317 0.3573 -0.7071 0.1301 -0.6672 -0.1946
-0.6461 0.3143 0.5393 0.4393 -0.477 0.7462 0.2653 0.3812 -0.5583 0.4555 0.4368 0.5385 -0.5001 0.16 0.6622 0.5345 -0.651 -0.0731 0.7274 -0.2045 -0.6979 0.1854 0.6752 0.1506 -0.7913 0.034 -0.3399 0.5072 0.2322 0.6661 -0.2142 0.6757 -0.5752 0.6984 0.2317 0.3573 -0.7071 0.1301 -0.6672 -0.1946
-0.6461 0.3143 0.5393 0.4393 -0.477 0.7462 0.2653 0.3812 -0.5715 0.4525 0.4532 0.5131 -0.5001 0.16 0.6622 0.5345 -0.6533 -0.0698 0.7349 -0.1685 -0.6979 0.1854 0.6752 0.1506 -0.7913 0.034 -0.3399 0.5072 0.2322 0.6661 -0.2142 0.6757 -0.5752 0.6984 0.2317 0.3573 -0.7071 0.1301 -0.6672 -0.1946
-0.6461 0.3143 0.5393 0.4393 -0.477 0.7462 0.2653 0.3812 -0.5715 0.4525 0.4532 0.5131 -0.5001 0.16 0.6622 0.5345 -0.6533 -0.0698 0.7349 -0.1685 -0.6979 0.1854 0.6752 0.1506 -0.7913 0.034 -0.3399 0.5072 0.2322 0.6661 -0.2142 0.6757 -0.5752 0.6984 0.2317 0.3573 -0.7071 0.1301 -0.6672 -0.1946
-0.6461 0.3143 0.5393 0.4393 -0.477 0.7462 0.2653 0.3812 -0.5715 0.4525 0.4532 0.5131 -0.5001 0.16 0.6622 0.5345 -0.6533 -0.0698 0.7349 -0.1685 -0.6979 0.1854 0.6752 0.1506 -0.7913 0.034 -0.3399 0.5072 0.2322 0.6661 -0.2142 0.6757 -0.5752 0.6984 0.2317 0.3573 -0.7071 0.1301 -0.6672 -0.1946
-0.6461 0.3143 0.5393 0.4393 -0.477 0.7462 0.2653 0.3812 -0.5715 0.4525 0.4532 0.5131 -0.5001 0.16 0.6622 0.5345 -0.6533 -0.0698 0.7349 -0.1685 -0.6979 0.1854 0.6752 0.1506 -0.7945 0.0231 -0.3353 0.5058 0.2322 0.6661 -0.2142 0.6757 -0.5752 0.6984 0.2317 0.3573 -0.7071 0.1301 -0.6672 -0.1946
-0.6539 0.2912 0.558 0.4198 -0.4973 0.7072 0.3004 0.4029 -0.5715 0.4525 0.4532 0.5131 -0.5001 0.16 0.6622 0.5345 -0.6533 -0.0698 0.7349 -0.1685 -0.6979 0.1854 0.6752 0.1506 -0.7945 0.0231 -0.3353 0.5058 0.2322 0.6661 -0.2142 0.6757 -0.6085 0.6738 0.2518 0.3351 -0.7071 0.1301 -0.6672 -0.1946
-0.6539 0.2912 0.558 0.4198 -0.4973 0.7072 0.3004 0.4029 -0.5715 0.4525 0.4532 0.5131 -0.5001 0.16 0.6622 0.5345 -0.6533 -0.0698 0.7349 -0.1685 -0.6979 0.1854 0.6752 0.1506 -0.7945 0.0231 -0.3353 0.5058 0.2322 0.6661 -0.2142 0.6757 -0.6085 0.6738 0.2518 0.3351 -0.7326 0.1644 -0.6371 -0.1741
-0.6539 0.2912 0.558 0.4198 -0.4973 0.7072 0.3004 0.4029 -0.5715 0.4525 0.4532 0.5131 -0.5001 0.16 0.6622 0.5345 -0.6533 -0.0698 0.7349 -0.1685 -0.6979 0.1854 0.6752 0.1506 -0.7945 0.0231 -0.3353 0.5058 0.2322 0.6661 -0.2142 0.6757 -0.6085 0.6738 0.2518 0.3351 -0.7326 0.1644 -0.6371 -0.1741
-0.6539 0.2912 0.558 0.4198 -0.4973 0.7072 0.3004 0.4029 -0.6255 0.4304 0.4802 0.4393 -0.5001 0.16 0.6622 0.5345 -0.6502 -0.1066 0.7316 -0.1749 -0.6979 0.1854 0.6752 0.1506 -0.7945 0.0231 -0.3353 0.5058 0.2322 0.6661 -0.2142 0.6757 -0.6085 0.6738 0.2518 0.3351 -0.7326 0.1644 -0.6371 -0.1741
-0.6539 0.2912 0.558 0.4198 -0.4973 0.7072 0.3004 0.4029 -0.6255 0.4304 0.4802 0.4393 -0.5001 0.16 0.6622 0.5345 -0.6502 -0.1066 0.7316 -0.1749 -0.6979 0.1854 0.6752 0.1506 -0.7945 0.0231 -0.3353 0.5058 0.2322 0.6661 -0.2142 0.6757 -0.6085 0.6738 0.2518 0.3351 -0.7326 0.1644 -0.6371 -0.1741
-0.6539 0.2912 0.558 0.4198 -0.4973 0.7072 0.3004 0.4029 -0.6255 0.4304 0.4802 0.4393 -0.5001 0.16 0.6622 0.5345 -0.6502 -0.1066 0.7316 -0.1749 -0.6979 0.1854 0.6752 0.1506 -0.7945 0.0231 -0.3353 0.5058 0.2322 0.6661 -0.2142 0.6757 -0.6085 0.6738 0.2518 0.3351 -0.7326 0.1644 -0.6371 -0.1741
-0.6539 0.2912 0.558 0.4198 -0.4973 0.7072 0.3004 0.4029 -0.6255 0.4304 0.4802 0.4393 -0.5001 0.16 0.6622 0.5345 -0.6502 -0.1066 0.7316 -0.1749 -0.6979 0.1854 0.6752 0.1506 -0.7945 0.0231 -0.3353 0.5058 0.2322 0.6661 -0.2142 0.6757 -0.6085 0.6738 0.2518 0.3351 -0.7326 0.1644 -0.6371 -0.1741
-0.6539 0.2912 0.558 0.4198 -0.4973 0.7072 0.3004 0.4029 -0.6255 0.4304 0.4802 0.4393 -0.5001 0.16 0.6622 0.5345 -0.6502 -0.1066 0.7316 -0.1749 -0.6979 0.1854 0.6752 0.1506 -0.7945 0.0231 -0.3353 0.5058 0.2322 0.6661 -0.2142 0.6757 -0.6085 0.6738 0.2518 0.3351 -0.7326 0.1644 -0.6371 -0.1741
-0.6517 0.263 0.5829 0.4078 -0.5067 0.6634 0.3441 0.4299 -0.6255 0.4304 0.4802 0.4393 -0.6965 0.1164 0.5999 0.3763 -0.6502 -0.1066 0.7316 -0.1749 -0.6623 0.126 0.7066 0.2148 -0.7934 0.0214 -0.3398 0.5046 0.2981 0.6633 -0.0849 0.6812 -0.5325 0.6431 0.3467 0.4275 -0.8558 0.1552 -0.4499 -0.2026
-0.6517 0.263 0.5829 0.4078 -0.5067 0.6634 0.3441 0.4299 -0.6742 0.4138 0.4879 0.369 -0.6965 0.1164 0.5999 0.3763 -0.6502 -0.1066 0.7316 -0.1749 -0.6623 0.126 0.7066 0.2148 -0.7934 0.0214 -0.3398 0.5046 0.2981 0.6633 -0.0849 0.6812 -0.5325 0.6431 0.3467 0.4275 -0.8558 0.1552 -0.4499 -0.2026
-0.6517 0.263 0.5829 0.4078 -0.5067 0.6634 0.3441 0.4299 -0.6742 0.4138 0.4879 0.369 -0.6965 0.1164 0.5999 0.3763 -0.6537 -0.1211 0.7292 -0.1619 -0.6623 0.126 0.7066 0.2148 -0.7934 0.0214 -0.3398 0.5046 0.2981 0.6633 -0.0849 0.6812 -0.5325 0.6431 0.3467 0.4275 -0.8558 0.1552 -0.4499 -0.2026
-0.6517 0.263 0.5829 0.4078 -0.5067 0.6634 0.3441 0.4299 -0.6742 0.4138 0.4879 0.369 -0.6965 0.1164 0.5999 0.3763 -0.6537 -0.1211 0.7292 -0.1619 -0.6623 0.126 0.7066 0.2148 -0.7934 0.0214 -0.3398 0.5046 0.2981 0.6633 -0.0849 0.6812 -0.5325 0.6431 0.3467 0.4275 -0.8558 0.1552 -0.4499 -0.2026
-0.6517 0.263 0.5829 0.4078 -0.5067 0.6634 0.3441 0.4299 -0.6742 0.4138 0.4879 0.369 -0.6965 0.1164 0.5999 0.3763 -0.6537 -0.1211 0.7292 -0.1619 -0.6623 0.126 0.7066 0.2148 -0.7934 0.0214 -0.3398 0.5046 0.2981 0.6633 -0.0849 0.6812 -0.5325 0.6431 0.3467 0.4275 -0.8558 0.1552 -0.4499 -0.2026
-0.6517 0.263 0.5829 0.4078 -0.5067 0.6634 0.3441 0.4299 -0.6742 0.4138 0.4879 0.369 -0.759 0.1188 0.5635 0.3038 -0.6537 -0.1211 0.7292 -0.1619 -0.6623 0.126 0.7066 0.2148 -0.7917 0.0204 -0.3465 0.5027 0.2981 0.6633 -0.0849 0.6812 -0.5325 0.6431 0.3467 0.4275 -0.8558 0.1552 -0.4499 -0.2026
-0.6517 0.263 0.5829 0.4078 -0.5067 0.6634 0.3441 0.4299 -0.6742 0.4138 0.4879 0.369 -0.759 0.1188 0.5635 0.3038 -0.6537 -0.1211 0.7292 -0.1619 -0.6623 0.126 0.7066 0.2148 -0.7917 0.0204 -0.3465 0.5027 0.2981 0.6633 -0.0849 0.6812 -0.5325 0.6431 0.3467 0.4275 -0.8558 0.1552 -0.4499 -0.2026
-0.6548 0.2513 0.6007 0.3835 -0.5161 0.6341 0.3656 0.4449 -0.6742 0.4138 0.4879 0.369 -0.759 0.1188 0.5635 0.3038 -0.6537 -0.1211 0.7292 -0.1619 -0.6623 0.126 0.7066 0.2148 -0.7917 0.0204 -0.3465 0.5027 0.2981 0.6633 -0.0849 0.6812 -0.4061 0.5628 0.4333 0.5749 -0.8558 0.1552 -0.4499 -0.2026
-0.6548 0.2513 0.6007 0.3835 -0.5161 0.6341 0.3656 0.4449 -0.6742 0.4138 0.4879 0.369 -0.759 0.1188 0.5635 0.3038 -0.6537 -0.1211 0.7292 -0.1619 -0.6623 0.126 0.7066 0.2148 -0.7917 0.0204 -0.3465 0.5027 0.2981 0.6633 -0.0849 0.6812 -0.4061 0.5628 0.4333 0.5749 -0.9198 0.1447 -0.329 -0.1576
-0.6548 0.2513 0.6007 0.3835 -0.5161 0.6341 0.3656 0.4449 -0.6995 0.4055 0.4891 0.3272 -0.759 0.1188 0.5635 0.3038 -0.6589 -0.136 0.7232 -0.156 -0.6623 0.126 0.7066 0.2148 -0.7917 0.0204 -0.3465 0.5027 0.2981 0.6633 -0.0849 0.6812 -0.4061 0.5628 0.4333 0.5749 -0.9198 0.1447 -0.329 -0.1576
-0.6548 0.2513 0.6007 0.3835 -0.5161 0.6341 0.3656 0.4449 -0.6995 0.4055 0.4891 0.3272 -0.759 0.1188 0.5635 0.3038 -0.6589 -0.136 0.7232 -0.156 -0.6623 0.126 0.7066 0.2148 -0.7917 0.0204 -0.3465 0.5027 0.2981 0.6633 -0.0849 0.6812 -0.4061 0.5628 0.4333 0.5749 -0.9198 0.1447 -0.329 -0.1576
-0.6548 0.2513 0.6007 0.3835 -0.5161 0.6341 0.3656 0.4449 -0.6995 0.4055 0.4891 0.3272 -0.759 0.1188 0.5635 0.3038 -0.6589 -0.136 0.7232 -0.156 -0.6623 0.126 0.7066 0.2148 -0.7917 0.0204 -0.3465 0.5027 0.2981 0.6633 -0.0849 0.6812 -0.4061 0.5628 0.4333 0.5749 -0.9198 0.1447 -0.329 -0.1576
-0.6548 0.2513 0.6007 0.3835 -0.5161 0.6341 0.3656 0.4449 -0.6995 0.4055 0.4891 0.3272 -0.759 0.1188 0.5635 0.3038 -0.6589 -0.136 0.7232 -0.156 -0.6623 0.126 0.7066 0.2148 -0.7917 0.0204 -0.3465 0.5027 0.2981 0.6633 -0.0849 0.6812 -0.4061 0.5628 0.4333 0.5749 -0.9198 0.1447 -0.329 -0.1576
-0.6548 0.2513 0.6007 0.3835 -0.5161 0.6341 0.3656 0.4449 -0.6995 0.4055 0.4891 0.3272 -0.759 0.1188 0.5635 0.3038 -0.6589 -0.136 0.7232 -0.156 -0.6623 0.126 0.7066 0.2148 -0.7917 0.0204 -0.3465 0.5027 0.2981 0.6633 -0.0849 0.6812 -0.4061 0.5628 0.4333 0.5749 -0.9198 0.1447 -0.329 -0.1576
-0.6548 0.2513 0.6007 0.3835 -0.5161 0.6341 0.3656 0.4449 -0.6995 0.4055 0.4891 0.3272 -0.759 0.1188 0.5635 0.3038 -0.6589 -0.136 0.7232 -0.156 -0.6623 0.126 0.7066 0.2148 -0.7917 0.0204 -0.3465 0.5027 0.2981 0.6633 -0.0849 0.6812 -0.4061 0.5628 0.4333 0.5749 -0.9198 0.1447 -0.329 -0.1576
-0.6586 0.2567 0.5966 0.38 -0.5161 0.6341 0.3656 0.4449 -0.6995 0.4055 0.4891 0.3272 -0.759 0.1188 0.5635 0.3038 -0.6589 -0.136 0.7232 -0.156 -0.6623 0.126 0.7066 0.2148 -0.7917 0.0204 -0.3465 0.5027 0.2981 0.6633 -0.0849 0.6812 -0.4061 0.5628 0.4333 0.5749 -0.9401 0.1675 -0.2649 -0.1337
-0.6586 0.2567 0.5966 0.38 -0.5161 0.6341 0.3656 0.4449 -0.6995 0.4055 0.4891 0.3272 -0.759 0.1188 0.5635 0.3038 -0.6589 -0.136 0.7232 -0.156 -0.6623 0.126 0.7066 0.2148 -0.7917 0.0204 -0.3465 0.5027 0.2981 0.6633 -0.0849 0.6812 -0.4061 0.5628 0.4333 0.5749 -0.9401 0.1675 -0.2649 -0.1337
-0.6586 0.2567 0.5966 0.38 -0.5161 0.6341 0.3656 0.4449 -0.6995 0.4055 0.4891 0.3272 -0.759 0.1188 0.5635 0.3038 -0.6652 -0.1485 0.7153 -0.1543 -0.6623 0.126 0.7066 0.2148 -0.7917 0.0204 -0.3465 0.5027 0.2981 0.6633 -0.0849 0.6812 -0.4061 0.5628 0.4333 0.5749 -0.9401 0.1675 -0.2649 -0.1337
-0.6586 0.2567 0.5966 0.38 -0.5161 0.6341 0.3656 0.4449 -0.6995 0.4055 0.4891 0.3272 -0.759 0.1188 0.5635 0.3038 -0.6652 -0.1485 0.7153 -0.1543 -0.6623 0.126 0.7066 0.2148 -0.7917 0.0204 -0.3465 0.5027 0.2981 0.6633 -0.0849 0.6812 -0.4061 0.5628 0.4333 0.5749 -0.9401 0.1675 -0.2649 -0.1337
-0.6586 0.2567 0.5966 0.38 -0.5161 0.6341 0.3656 0.4449 -0.6995 0.4055 0.4891 0.3272 -0.759 0.1188 0.5635 0.3038 -0.6652 -0.1485 0.7153 -0.1543 -0.6623 0.126 0.7066 0.2148 -0.7917 0.0204 -0.3465 0.5027 0.2981 0.6633 -0.0849 0.6812 -0.4061 0.5628 0.4333 0.5749 -0.9401 0.1675 -0.2649 -0.1337
-0.6586 0.2567 0.5966 0.38 -0.5161 0.6341 0.3656 0.4449 -0.6995 0.4055 0.4891 0.3272 -0.759 0.1188 0.5635 0.3038 -0.6652 -0.1485 0.7153 -0.1543 -0.6623 0.126 0.7066 0.2148 -0.7917 0.0204 -0.3465 0.5027 0.2981 0.6633 -0.0849 0.6812 -0.4061 0.5628 0.4333 0.5749 -0.9401 0.1675 -0.2649 -0.1337
-0.6692 0.2643 0.5777 0.3855 -0.518 0.6531 0.3452 0.4312 -0.6995 0.4055 0.4891 0.3272 -0.7927 0.0961 0.5427 0.2605 -0.6652 -0.1485 0.7153 -0.1543 -0.6481 0.0392 0.693 0.3134 -0.7827 0.0029 -0.3955 0.4805 0.2433 0.6718 -0.1799 0.6761 -0.3547 0.5346 0.4762 0.6013 -0.9276 0.1349 -0.3187 -0.1407
-0.6692 0.2643 0.5777 0.3855 -0.518 0.6531 0.3452 0.4312 -0.6995 0.4055 0.4891 0.3272 -0.7927 0.0961 0.5427 0.2605 -0.6652 -0.1485 0.7153 -0.1543 -0.6481 0.0392 0.693 0.3134 -0.7827 0.0029 -0.3955 0.4805 0.2433 0.6718 -0.1799 0.6761 -0.3547 0.5346 0.4762 0.6013 -0.9276 0.1349 -0.3187 -0.1407
-0.6692 0.2643 0.5777 0.3855 -0.518 0.6531 0.3452 0.4312 -0.7002 0.386 0.4956 0.3392 -0.7927 0.0961 0.5427 0.2605 -0.6703 -0.1186 0.7117 -0.1738 -0.6481 0.0392 0.693 0.3134 -0.7827 0.0029 -0.3955 0.4805 0.2433 0.6718 -0.1799 0.6761 -0.3547 0.5346 0.4762 0.6013 -0.9276 0.1349 -0.3187 -0.1407
-0.6692 0.2643 0.5777 0.3855 -0.518 0.6531 0.3452 0.4312 -0.7002 0.386 0.4956 0.3392 -0.7927 0.0961 0.5427 0.2605 -0.6703 -0.1186 0.7117 -0.1738 -0.6481 0.0392 0.693 0.3134 -0.7827 0.0029 -0.3955 0.4805 0.2433 0.6718 -0.1799 0.6761 -0.3547 0.5346 0.4762 0.6013 -0.9276 0.1349 -0.3187 -0.1407
-0.6692 0.2643 0.5777 0.3855 -0.518 0.6531 0.3452 0.4312 -0.7002 0.386 0.4956 0.3392 -0.7927 0.0961 0.5427 0.2605 -0.6703 -0.1186 0.7117 -0.1738 -0.6481 0.0392 0.693 0.3134 -0.7827 0.0029 -0.3955 0.4805 0.2433 0.6718 -0.1799 0.6761 -0.3547 0.5346 0.4762 0.6013 -0.9276 0.1349 -0.3187 -0.1407
-0.6692 0.2643 0.5777 0.3855 -0.518 0.6531 0.3452 0.4312 -0.7002 0.386 0.4956 0.3392 -0.7927 0.0961 0.5427 0.2605 -0.6703 -0.1186 0.7117 -0.1738 -0.6481 0.0392 0.693 0.3134 -0.7827 0.0029 -0.3955 0.4805 0.2245 0.6832 -0.1905 0.6683 -0.3547 0.5346 0.4762 0.6013 -0.9276 0.1349 -0.3187 -0.1407
-0.6692 0.2643 0.5777 0.3855 -0.4986 0.6929 0.2932 0.4305 -0.7002 0.386 0.4956 0.3392 -0.7927 0.0961 0.5427 0.2605 -0.6703 -0.1186 0.7117 -0.1738 -0.6132 -0.0403 0.6686 0.4187 -0.7827 0.0029 -0.3955 0.4805 0.2245 0.6832 -0.1905 0.6683 -0.3635 0.5687 0.4637 0.5739 -0.9276 0.1349 -0.3187 -0.1407
-0.6692 0.2643 0.5777 0.3855 -0.4986 0.6929 0.2932 0.4305 -0.7002 0.386 0.4956 0.3392 -0.7927 0.0961 0.5427 0.2605 -0.6703 -0.1186 0.7117 -0.1738 -0.6132 -0.0403 0.6686 0.4187 -0.7827 0.0029 -0.3955 0.4805 0.2245 0.6832 -0.1905 0.6683 -0.3635 0.5687 0.4637 0.5739 -0.9282 0.1349 -0.3171 -0.1407
-0.6692 0.2643 0.5777 0.3855 -0.4986 0.6929 0.2932 0.4305 -0.7002 0.386 0.4956 0.3392 -0.7927 0.0961 0.5427 0.2605 -0.6703 -0.1186 0.7117 -0.1738 -0.6132 -0.0403 0.6686 0.4187 -0.7827 0.0029 -0.3955 0.4805 0.2245 0.6832 -0.1905 0.6683 -0.3635 0.5687 0.4637 0.5739 -0.9282 0.1349 -0.3171 -0.1407
-0.6692 0.2643 0.5777 0.3855 -0.4986 0.6929 0.2932 0.4305 -0.6588 0.413 0.4834 0.4022 -0.7927 0.0961 0.5427 0.2605 -0.657 3.0E-4 0.7137 -0.2427 -0.6132 -0.0403 0.6686 0.4187 -0.7827 0.0029 -0.3955 0.4805 0.2245 0.6832 -0.1905 0.6683 -0.3635 0.5687 0.4637 0.5739 -0.9282 0.1349 -0.3171 -0.1407
-0.6692 0.2643 0.5777 0.3855 -0.4986 0.6929 0.2932 0.4305 -0.6588 0.413 0.4834 0.4022 -0.7927 0.0961 0.5427 0.2605 -0.657 3.0E-4 0.7137 -0.2427 -0.6132 -0.0403 0.6686 0.4187 -0.7827 0.0029 -0.3955 0.4805 0.2245 0.6832 -0.1905 0.6683 -0.3635 0.5687 0.4637 0.5739 -0.9282 0.1349 -0.3171 -0.1407
-0.6692 0.2643 0.5777 0.3855 -0.4986 0.6929 0.2932 0.4305 -0.6588 0.413 0.4834 0.4022 -0.7927 0.0961 0.5427 0.2605 -0.657 3.0E-4 0.7137 -0.2427 -0.6132 -0.0403 0.6686 0.4187 -0.7827 0.0029 -0.3955 0.4805 0.2245 0.6832 -0.1905 0.6683 -0.3635 0.5687 0.4637 0.5739 -0.9282 0.1349 -0.3171 -0.1407
-0.6692 0.2643 0.5777 0.3855 -0.4986 0.6929 0.2932 0.4305 -0.6588 0.413 0.4834 0.4022 -0.7079 0.1149 0.5797 0.3868 -0.657 3.0E-4 0.7137 -0.2427 -0.6132 -0.0403 0.6686 0.4187 -0.5828 -0.3007 -0.7009 0.2806 0.2245 0.6832 -0.1905 0.6683 -0.3635 0.5687 0.4637 0.5739 -0.9282 0.1349 -0.3171 -0.1407
-0.6692 0.2643 0.5777 0.3855 -0.4986 0.6929 0.2932 0.4305 -0.6588 0.413 0.4834 0.4022 -0.7079 0.1149 0.5797 0.3868 -0.657 3.0E-4 0.7137 -0.2427 -0.6132 -0.0403 0.6686 0.4187 -0.5828 -0.3007 -0.7009 0.2806 0.2245 0.6832 -0.1905 0.6683 -0.3635 0.5687 0.4637 0.5739 -0.9282 0.1349 -0.3171 -0.1407
-0.6692 0.2643 0.5777 0.3855 -0.4894 0.7106 0.2496 0.4395 -0.6588 0.413 0.4834 0.4022 -0.7079 0.1149 0.5797 0.3868 -0.657 3.0E-4 0.7137 -0.2427 -0.6132 -0.0403 0.6686 0.4187 -0.5828 -0.3007 -0.7009 0.2806 0.2245 0.6832 -0.1905 0.6683 -0.3719 0.5854 0.4577 0.5563 -0.9282 0.1349 -0.3171 -0.1407
-0.6622 0.3043 0.5429 0.4174 -0.4894 0.7106 0.2496 0.4395 -0.579 0.4344 0.4663 0.5085 -0.7079 0.1149 0.5797 0.3868 -0.614 0.0867 0.7082 -0.3376 -0.6132 -0.0403 0.6686 0.4187 -0.5828 -0.3007 -0.7009 0.2806 0.2245 0.6832 -0.1905 0.6683 -0.3719 0.5854 0.4577 0.5563 -0.9276 0.1371 -0.3185 -0.1389
-0.6622 0.3043 0.5429 0.4174 -0.4894 0.7106 0.2496 0.4395 -0.579 0.4344 0.4663 0.5085 -0.7079 0.1149 0.5797 0.3868 -0.614 0.0867 0.7082 -0.3376 -0.6132 -0.0403 0.6686 0.4187 -0.5828 -0.3007 -0.7009 0.2806 0.2245 0.6832 -0.1905 0.6683 -0.3719 0.5854 0.4577 0.5563 -0.9276 0.1371 -0.3185 -0.1389
-0.6622 0.3043 0.5429 0.4174 -0.4894 0.7106 0.2496 0.4395 -0.579 0.4344 0.4663 0.5085 -0.7079 0.1149 0.5797 0.3868 -0.614 0.0867 0.7082 -0.3376 -0.6132 -0.0403 0.6686 0.4187 -0.5828 -0.3007 -0.7009 0.2806 0.2245 0.6832 -0.1905 0.6683 -0.3719 0.5854 0.4577 0.5563 -0.9276 0.1371 -0.3185 -0.1389
-0.6622 0.3043 0.5429 0.4174 -0.4894 0.7106 0.2496 0.4395 -0.579 0.4344 0.4663 0.5085 -0.7079 0.1149 0.5797 0.3868 -0.614 0.0867 0.7082 -0.3376 -0.6132 -0.0403 0.6686 0.4187 -0.5828 -0.3007 -0.7009 0.2806 0.2245 0.6832 -0.1905 0.6683 -0.3719 0.5854 0.4577 0.5563 -0.9276 0.1371 -0.3185 -0.1389
-0.6622 0.3043 0.5429 0.4174 -0.4894 0.7106 0.2496 0.4395 -0.579 0.4344 0.4663 0.5085 -0.7079 0.1149 0.5797 0.3868 -0.614 0.0867 0.7082 -0.3376 -0.6132 -0.0403 0.6686 0.4187 -0.5828 -0.3007 -0.7009 0.2806 0.2245 0.6832 -0.1905 0.6683 -0.3719 0.5854 0.4577 0.5563 -0.9276 0.1371 -0.3185 -0.1389
-0.6622 0.3043 0.5429 0.4174 -0.4894 0.7106 0.2496 0.4395 -0.579 0.4344 0.4663 0.5085 -0.7079 0.1149 0.5797 0.3868 -0.614 0.0867 0.7082 -0.3376 -0.6381 0.0107 0.6609 0.3948 -0.5828 -0.3007 -0.7009 0.2806 0.1732 0.6996 -0.2108 0.6603 -0.3719 0.5854 0.4577 0.5563 -0.9276 0.1371 -0.3185 -0.1389
-0.6622 0.3043 0.5429 0.4174 -0.4894 0.7106 0.2496 0.4395 -0.579 0.4344 0.4663 0.5085 -0.7079 0.1149 0.5797 0.3868 -0.614 0.0867 0.7082 -0.3376 -0.6381 0.0107 0.6609 0.3948 -0.5828 -0.3007 -0.7009 0.2806 0.1732 0.6996 -0.2108 0.6603 -0.3719 0.5854 0.4577 0.5563 -0.9252 0.1376 -0.3237 -0.1426
-0.6622 0.3043 0.5429 0.4174 -0.4894 0.7106 0.2496 0.4395 -0.579 0.4344 0.4663 0.5085 -0.7079 0.1149 0.5797 0.3868 -0.614 0.0867 0.7082 -0.3376 -0.6381 0.0107 0.6609 0.3948 -0.5828 -0.3007 -0.7009 0.2806 0.1732 0.6996 -0.2108 0.6603 -0.3719 0.5854 0.4577 0.5563 -0.9252 0.1376 -0.3237 -0.1426
-0.6622 0.3043 0.5429 0.4174 -0.4894 0.7106 0.2496 0.4395 -0.5449 0.4376 0.4626 0.5455 -0.7079 0.1149 0.5797 0.3868 -0.5656 0.1603 0.7024 -0.4012 -0.6381 0.0107 0.6609 0.3948 -0.5828 -0.3007 -0.7009 0.2806 0.1732 0.6996 -0.2108 0.6603 -0.3719 0.5854 0.4577 0.5563 -0.9252 0.1376 -0.3237 -0.1426
-0.6622 0.3043 0.5429 0.4174 -0.4894 0.7106 0.2496 0.4395 -0.5449 0.4376 0.4626 0.5455 -0.7079 0.1149 0.5797 0.3868 -0.5656 0.1603 0.7024 -0.4012 -0.6381 0.0107 0.6609 0.3948 -0.5828 -0.3007 -0.7009 0.2806 0.1732 0.6996 -0.2108 0.6603 -0.3719 0.5854 0.4577 0.5563 -0.9252 0.1376 -0.3237 -0.1426
-0.6622 0.3043 0.5429 0.4174 -0.4894 0.7106 0.2496 0.4395 -0.5449 0.4376 0.4626 0.5455 -0.7079 0.1149 0.5797 0.3868 -0.5656 0.1603 0.7024 -0.4012 -0.6381 0.0107 0.6609 0.3948 -0.5828 -0.3007 -0.7009 0.2806 0.1732 0.6996 -0.2108 0.6603 -0.3719 0.5854 0.4577 0.5563 -0.9252 0.1376 -0.3237 -0.1426
-0.6622 0.3043 0.5429 0.4174 -0.4894 0.7106 0.2496 0.4395 -0.5449 0.4376 0.4626 0.5455 -0.7079 0.1149 0.5797 0.3868 -0.5656 0.1603 0.7024 -0.4012 -0.6381 0.0107 0.6609 0.3948 -0.5828 -0.3007 -0.7009 0.2806 0.1732 0.6996 -0.2108 0.6603 -0.3719 0.5854 0.4577 0.5563 -0.9252 0.1376 -0.3237 -0.1426
-0.6622 0.3043 0.5429 0.4174 -0.4894 0.7106 0.2496 0.4395 -0.5449 0.4376 0.4626 0.5455 -0.7079 0.1149 0.5797 0.3868 -0.5656 0.1603 0.7024 -0.4012 -0.6381 0.0107 0.6609 0.3948 -0.5828 -0.3007 -0.7009 0.2806 0.1732 0.6996 -0.2108 0.6603 -0.3719 0.5854 0.4577 0.5563 -0.9252 0.1376 -0.3237 -0.1426
-0.6332 0.3171 0.5331 0.4629 -0.4675 0.6968 0.2156 0.4995 -0.5449 0.4376 0.4626 0.5455 -0.7079 0.1149 0.5797 0.3868 -0.5656 0.1603 0.7024 -0.4012 -0.6381 0.0107 0.6609 0.3948 -0.5828 -0.3007 -0.7009 0.2806 0.1732 0.6996 -0.2108 0.6603 -0.403 0.6088 0.4412 0.5219 -0.9236 0.1378 -0.327 -0.1451
-0.6332 0.3171 0.5331 0.4629 -0.4675 0.6968 0.2156 0.4995 -0.5224 0.4409 0.4637 0.5637 -0.7079 0.1149 0.5797 0.3868 -0.5656 0.1603 0.7024 -0.4012 -0.6381 0.0107 0.6609 0.3948 -0.5828 -0.3007 -0.7009 0.2806 0.1732 0.6996 -0.2108 0.6603 -0.403 0.6088 0.4412 0.5219 -0.9236 0.1378 -0.327 -0.1451
-0.6332 0.3171 0.5331 0.4629 -0.4675 0.6968 0.2156 0.4995 -0.5224 0.4409 0.4637 0.5637 -0.7079 0.1149 0.5797 0.3868 -0.5306 0.1986 0.6959 -0.4413 -0.6381 0.0107 0.6609 0.3948 -0.5828 -0.3007 -0.7009 0.2806 0.1732 0.6996 -0.2108 0.6603 -0.403 0.6088 0.4412 0.5219 -0.9236 0.1378 -0.327 -0.1451
-0.6332 0.3171 0.5331 0.4629 -0.4675 0.6968 0.2156 0.4995 -0.5224 0.4409 0.4637 0.5637 -0.7079 0.1149 0.5797 0.3868 -0.5306 0.1986 0.6959 -0.4413 -0.6381 0.0107 0.6609 0.3948 -0.5828 -0.3007 -0.7009 0.2806 0.1732 0.6996 -0.2108 0.6603 -0.403 0.6088 0.4412 0.5219 -0.9236 0.1378 -0.327 -0.1451
-0.6332 0.3171 0.5331 0.4629 -0.4675 0.6968 0.2156 0.4995 -0.5224 0.4409 0.4637 0.5637 -0.7079 0.1149 0.5797 0.3868 -0.5306 0.1986 0.6959 -0.4413 -0.6381 0.0107 0.6609 0.3948 -0.5828 -0.3007 -0.7009 0.2806 0.1732 0.6996 -0.2108 0.6603 -0.403 0.6088 0.4412 0.5219 -0.9236 0.1378 -0.327 -0.1451
-0.6332 0.3171 0.5331 0.4629 -0.4675 0.6968 0.2156 0.4995 -0.5224 0.4409 0.4637 0.5637 -0.7079 0.1149 0.5797 0.3868 -0.5306 0.1986 0.6959 -0.4413 -0.6381 0.0107 0.6609 0.3948 -0.5828 -0.3007 -0.7009 0.2806 0.1732 0.6996 -0.2108 0.6603 -0.403 0.6088 0.4412 0.5219 -0.9236 0.1378 -0.327 -0.1451
-0.6332 0.3171 0.5331 0.4629 -0.4675 0.6968 0.2156 0.4995 -0.5224 0.4409 0.4637 0.5637 -0.4329 0.0789 0.7113 0.5482 -0.5306 0.1986 0.6959 -0.4413 -0.6713 0.0357 0.6702 0.3147 -0.7159 -0.163 -0.5807 0.3517 0.1457 0.707 -0.2173 0.6571 -0.403 0.6088 0.4412 0.5219 -0.9236 0.1378 -0.327 -0.1451
-0.6248 0.3137 0.5389 0.47 -0.4631 0.6757 0.2203 0.5295 -0.5224 0.4409 0.4637 0.5637 -0.4329 0.0789 0.7113 0.5482 -0.5306 0.1986 0.6959 -0.4413 -0.6713 0.0357 0.6702 0.3147 -0.7159 -0.163 -0.5807 0.3517 0.1457 0.707 -0.2173 0.6571 -0.403 0.6088 0.4412 0.5219 -0.921 0.1375 -0.3324 -0.1497
-0.6248 0.3137 0.5389 0.47 -0.4631 0.6757 0.2203 0.5295 -0.5224 0.4409 0.4637 0.5637 -0.4329 0.0789 0.7113 0.5482 -0.5306 0.1986 0.6959 -0.4413 -0.6713 0.0357 0.6702 0.3147 -0.7159 -0.163 -0.5807 0.3517 0.1457 0.707 -0.2173 0.6571 -0.403 0.6088 0.4412 0.5219 -0.921 0.1375 -0.3324 -0.1497
-0.6248 0.3137 0.5389 0.47 -0.4631 0.6757 0.2203 0.5295 -0.5168 0.445 0.4753 0.5559 -0.4329 0.0789 0.7113 0.5482 -0.5448 0.1617 0.7011 -0.4307 -0.6713 0.0357 0.6702 0.3147 -0.7159 -0.163 -0.5807 0.3517 0.1457 0.707 -0.2173 0.6571 -0.403 0.6088 0.4412 0.5219 -0.921 0.1375 -0.3324 -0.1497
-0.6248 0.3137 0.5389 0.47 -0.4631 0.6757 0.2203 0.5295 -0.5168 0.445 0.4753 0.5559 -0.4329 0.0789 0.7113 0.5482 -0.5448 0.1617 0.7011 -0.4307 -0.6713 0.0357 0.6702 0.3147 -0.7159 -0.163 -0.5807 0.3517 0.1457 0.707 -0.2173 0.6571 -0.403 0.6088 0.4412 0.5219 -0.921 0.1375 -0.3324 -0.1497
-0.6248 0.3137 0.5389 0.47 -0.4631 0.6757 0.2203 0.5295 -0.5168 0.445 0.4753 0.5559 -0.4329 0.0789 0.7113 0.5482 -0.5448 0.1617 0.7011 -0.4307 -0.6713 0.0357 0.6702 0.3147 -0.7159 -0.163 -0.5807 0.3517 0.1457 0.707 -0.2173 0.6571 -0.403 0.6088 0.4412 0.5219 -0.921 0.1375 -0.3324 -0.1497
-0.6248 0.3137 0.5389 0.47 -0.4631 0.6757 0.2203 0.5295 -0.5168 0.445 0.4753 0.5559 -0.4329 0.0789 0.7113 0.5482 -0.5448 0.1617 0.7011 -0.4307 -0.6713 0.0357 0.6702 0.3147 -0.7159 -0.163 -0.5807 0.3517 0.1457 0.707 -0.2173 0.6571 -0.403 0.6088 0.4412 0.5219 -0.921 0.1375 -0.3324 -0.1497
-0.6248 0.3137 0.5389 0.47 -0.4631 0.6757 0.2203 0.5295 -0.5168 0.445 0.4753 0.5559 -0.4329 0.0789 0.7113 0.5482 -0.5448 0.1617 0.7011 -0.4307 -0.6713 0.0357 0.6702 0.3147 -0.7159 -0.163 -0.5807 0.3517 0.1457 0.707 -0.2173 0.6571 -0.403 0.6088 0.4412 0.5219 -0.921 0.1375 -0.3324 -0.1497
-0.6349 0.3079 0.5356 0.4638 -0.4686 0.6644 0.2242 0.5373 -0.5168 0.445 0.4753 0.5559 -0.4329 0.0789 0.7113 0.5482 -0.5448 0.1617 0.7011 -0.4307 -0.6713 0.0357 0.6702 0.3147 -0.7159 -0.163 -0.5807 0.3517 0.1457 0.707 -0.2173 0.6571 -0.403 0.6088 0.4412 0.5219 -0.9191 0.1387 -0.3358 -0.1523
-0.6349 0.3079 0.5356 0.4638 -0.4686 0.6644 0.2242 0.5373 -0.5313 0.4479 0.475 0.5399 -0.4329 0.0789 0.7113 0.5482 -0.5448 0.1617 0.7011 -0.4307 -0.6713 0.0357 0.6702 0.3147 -0.7159 -0.163 -0.5807 0.3517 0.1457 0.707 -0.2173 0.6571 -0.403 0.6088 0.4412 0.5219 -0.9191 0.1387 -0.3358 -0.1523
-0.6349 0.3079 0.5356 0.4638 -0.4686 0.6644 0.2242 0.5373 -0.5313 0.4479 0.475 0.5399 -0.4329 0.0789 0.7113 0.5482 -0.6022 0.0518 0.7194 -0.3421 -0.6713 0.0357 0.6702 0.3147 -0.7159 -0.163 -0.5807 0.3517 0.1457 0.707 -0.2173 0.6571 -0.403 0.6088 0.4412 0.5219 -0.9191 0.1387 -0.3358 -0.1523
-0.6349 0.3079 0.5356 0.4638 -0.4686 0.6644 0.2242 0.5373 -0.5313 0.4479 0.475 0.5399 -0.4329 0.0789 0.7113 0.5482 -0.6022 0.0518 0.7194 -0.3421 -0.6713 0.0357 0.6702 0.3147 -0.7159 -0.163 -0.5807 0.3517 0.1457 0.707 -0.2173 0.6571 -0.403 0.6088 0.4412 0.5219 -0.9191 0.1387 -0.3358 -0.1523
-0.6349 0.3079 0.5356 0.4638 -0.4686 0.6644 0.2242 0.5373 -0.5313 0.4479 0.475 0.5399 -0.4329 0.0789 0.7113 0.5482 -0.6022 0.0518 0.7194 -0.3421 -0.6713 0.0357 0.6702 0.3147 -0.7159 -0.163 -0.5807 0.3517 0.1457 0.707 -0.2173 0.6571 -0.403 0.6088 0.4412 0.5219 -0.9191 0.1387 -0.3358 -0.1523
-0.6349 0.3079 0.5356 0.4638 -0.4686 0.6644 0.2242 0.5373 -0.5313 0.4479 0.475 0.5399 -0.4329 0.0789 0.7113 0.5482 -0.6022 0.0518 0.7194 -0.3421 -0.6713 0.0357 0.6702 0.3147 -0.7159 -0.163 -0.5807 0.3517 0.1457 0.707 -0.2173 0.6571 -0.403 0.6088 0.4412 0.5219 -0.9191 0.1387 -0.3358 -0.1523
-0.6349 0.3079 0.5356 0.4638 -0.4686 0.6644 0.2242 0.5373 -0.5313 0.4479 0.475 0.5399 -0.4329 0.0789 0.7113 0.5482 -0.6022 0.0518 0.7194 -0.3421 -0.6713 0.0357 0.6702 0.3147 -0.7159 -0.163 -0.5807 0.3517 0.1457 0.707 -0.2173 0.6571 -0.403 0.6088 0.4412 0.5219 -0.9191 0.1387 -0.3358 -0.1523
-0.6389 0.3037 0.5436 0.4517 -0.4691 0.6644 0.2361 0.5317 -0.5313 0.4479 0.475 0.5399 -0.4329 0.0789 0.7113 0.5482 -0.6022 0.0518 0.7194 -0.3421 -0.7352 0.2043 0.6407 0.0857 -0.7159 -0.163 -0.5807 0.3517 0.1457 0.707 -0.2173 0.6571 -0.4633 0.6431 0.399 0.4611 -0.9134 0.1472 -0.348 -0.1516
-0.6389 0.3037 0.5436 0.4517 -0.4691 0.6644 0.2361 0.5317 -0.5474 0.4452 0.4813 0.5201 -0.4329 0.0789 0.7113 0.5482 -0.6022 0.0518 0.7194 -0.3421 -0.7352 0.2043 0.6407 0.0857 -0.7159 -0.163 -0.5807 0.3517 0.1457 0.707 -0.2173 0.6571 -0.4633 0.6431 0.399 0.4611 -0.9134 0.1472 -0.348 -0.1516
-0.6389 0.3037 0.5436 0.4517 -0.4691 0.6644 0.2361 0.5317 -0.5474 0.4452 0.4813 0.5201 -0.4329 0.0789 0.7113 0.5482 -0.6492 -0.0619 0.7047 -0.2795 -0.7352 0.2043 0.6407 0.0857 -0.7159 -0.163 -0.5807 0.3517 0.1457 0.707 -0.2173 0.6571 -0.4633 0.6431 0.399 0.4611 -0.9134 0.1472 -0.348 -0.1516
-0.6389 0.3037 0.5436 0.4517 -0.4691 0.6644 0.2361 0.5317 -0.5474 0.4452 0.4813 0.5201 -0.4329 0.0789 0.7113 0.5482 -0.6492 -0.0619 0.7047 -0.2795 -0.7352 0.2043 0.6407 0.0857 -0.7159 -0.163 -0.5807 0.3517 0.1457 0.707 -0.2173 0.6571 -0.4633 0.6431 0.399 0.4611 -0.9134 0.1472 -0.348 -0.1516
-0.6389 0.3037 0.5436 0.4517 -0.4691 0.6644 0.2361 0.5317 -0.5474 0.4452 0.4813 0.5201 -0.4329 0.0789 0.7113 0.5482 -0.6492 -0.0619 0.7047 -0.2795 -0.7352 0.2043 0.6407 0.0857 -0.7159 -0.163 -0.5807 0.3517 0.1457 0.707 -0.2173 0.6571 -0.4633 0.6431 0.399 0.4611 -0.9134 0.1472 -0.348 -0.1516
-0.6389 0.3037 0.5436 0.4517 -0.4691 0.6644 0.2361 0.5317 -0.5474 0.4452 0.4813 0.5201 -0.5411 0.1709 0.6529 0.5018 -0.6492 -0.0619 0.7047 -0.2795 -0.712 0.1868 0.663 0.1364 -0.8093 0.0535 -0.3408 0.4755 0.1358 0.6923 -0.2295 0.6705 -0.4633 0.6431 0.399 0.4611 -0.9134 0.1472 -0.348 -0.1516
-0.6389 0.3037 0.5436 0.4517 -0.4691 0.6644 0.2361 0.5317 -0.5474 0.4452 0.4813 0.5201 -0.5411 0.1709 0.6529 0.5018 -0.6492 -0.0619 0.7047 -0.2795 -0.712 0.1868 0.663 0.1364 -0.8093 0.0535 -0.3408 0.4755 0.1358 0.6923 -0.2295 0.6705 -0.4633 0.6431 0.399 0.4611 -0.9134 0.1472 -0.348 -0.1516
-0.6389 0.3037 0.5436 0.4517 -0.4691 0.6644 0.2361 0.5317 -0.5474 0.4452 0.4813 0.5201 -0.5411 0.1709 0.6529 0.5018 -0.6492 -0.0619 0.7047 -0.2795 -0.712 0.1868 0.663 0.1364 -0.8093 0.0535 -0.3408 0.4755 0.1358 0.6923 -0.2295 0.6705 -0.4633 0.6431 0.399 0.4611 -0.8484 0.1911 -0.4766 -0.1288
-0.6389 0.3037 0.5436 0.4517 -0.4691 0.6644 0.2361 0.5317 -0.5662 0.4512 0.4828 0.4926 -0.5411 0.1709 0.6529 0.5018 -0.6466 -0.0637 0.7198 -0.2444 -0.712 0.1868 0.663 0.1364 -0.8093 0.0535 -0.3408 0.4755 0.1358 0.6923 -0.2295 0.6705 -0.4633 0.6431 0.399 0.4611 -0.8484 0.1911 -0.4766 -0.1288
-0.6389 0.3037 0.5436 0.4517 -0.4691 0.6644 0.2361 0.5317 -0.5662 0.4512 0.4828 0.4926 -0.5411 0.1709 0.6529 0.5018 -0.6466 -0.0637 0.7198 -0.2444 -0.712 0.1868 0.663 0.1364 -0.8093 0.0535 -0.3408 0.4755 0.1358 0.6923 -0.2295 0.6705 -0.4633 0.6431 0.399 0.4611 -0.8484 0.1911 -0.4766 -0.1288
-0.6389 0.3037 0.5436 0.4517 -0.4691 0.6644 0.2361 0.5317 -0.5662 0.4512 0.4828 0.4926 -0.5411 0.1709 0.6529 0.5018 -0.6466 -0.0637 0.7198 -0.2444 -0.712 0.1868 0.663 0.1364 -0.8093 0.0535 -0.3408 0.4755 0.1358 0.6923 -0.2295 0.6705 -0.4633 0.6431 0.399 0.4611 -0.8484 0.1911 -0.4766 -0.1288
-0.6389 0.3037 0.5436 0.4517 -0.4691 0.6644 0.2361 0.5317 -0.5662 0.4512 0.4828 0.4926 -0.6616 0.156 0.5906 0.4349 -0.6466 -0.0637 0.7198 -0.2444 -0.712 0.1868 0.663 0.1364 -0.8093 0.0535 -0.3408 0.4755 0.1358 0.6923 -0.2295 0.6705 -0.4633 0.6431 0.399 0.4611 -0.8484 0.1911 -0.4766 -0.1288
-0.6389 0.3037 0.5436 0.4517 -0.4691 0.6644 0.2361 0.5317 -0.5662 0.4512 0.4828 0.4926 -0.6616 0.156 0.5906 0.4349 -0.6466 -0.0637 0.7198 -0.2444 -0.712 0.1868 0.663 0.1364 -0.8093 0.0535 -0.3408 0.4755 0.1358 0.6923 -0.2295 0.6705 -0.4633 0.6431 0.399 0.4611 -0.8484 0.1911 -0.4766 -0.1288
-0.6732 0.2842 0.5533 0.4 -0.4691 0.6644 0.2361 0.5317 -0.5662 0.4512 0.4828 0.4926 -0.6616 0.156 0.5906 0.4349 -0.6466 -0.0637 0.7198 -0.2444 -0.6982 0.1391 0.688 0.1406 -0.8109 0.0385 -0.3353 0.4781 0.2037 0.6533 -0.1441 0.7148 -0.5813 0.7027 0.2731 0.3062 -0.8484 0.1911 -0.4766 -0.1288
-0.6732 0.2842 0.5533 0.4 -0.4691 0.6644 0.2361 0.5317 -0.5662 0.4512 0.4828 0.4926 -0.6616 0.156 0.5906 0.4349 -0.6466 -0.0637 0.7198 -0.2444 -0.6982 0.1391 0.688 0.1406 -0.8109 0.0385 -0.3353 0.4781 0.2037 0.6533 -0.1441 0.7148 -0.5813 0.7027 0.2731 0.3062 -0.6501 0.2733 -0.6899 -0.1636
-0.6732 0.2842 0.5533 0.4 -0.4691 0.6644 0.2361 0.5317 -0.6184 0.4155 0.4767 0.4666 -0.6616 0.156 0.5906 0.4349 -0.6473 -0.131 0.7084 -0.249 -0.6982 0.1391 0.688 0.1406 -0.8109 0.0385 -0.3353 0.4781 0.2037 0.6533 -0.1441 0.7148 -0.5813 0.7027 0.2731 0.3062 -0.6501 0.2733 -0.6899 -0.1636
-0.6732 0.2842 0.5533 0.4 -0.4691 0.6644 0.2361 0.5317 -0.6184 0.4155 0.4767 0.4666 -0.6616 0.156 0.5906 0.4349 -0.6473 -0.131 0.7084 -0.249 -0.6982 0.1391 0.688 0.1406 -0.8109 0.0385 -0.3353 0.4781 0.2037 0.6533 -0.1441 0.7148 -0.5813 0.7027 0.2731 0.3062 -0.6501 0.2733 -0.6899 -0.1636
-0.6732 0.2842 0.5533 0.4 -0.4691 0.6644 0.2361 0.5317 -0.6184 0.4155 0.4767 0.4666 -0.6616 0.156 0.5906 0.4349 -0.6473 -0.131 0.7084 -0.249 -0.6982 0.1391 0.688 0.1406 -0.8109 0.0385 -0.3353 0.4781 0.2037 0.6533 -0.1441 0.7148 -0.5813 0.7027 0.2731 0.3062 -0.6501 0.2733 -0.6899 -0.1636
-0.6732 0.2842 0.5533 0.4 -0.4691 0.6644 0.2361 0.5317 -0.6184 0.4155 0.4767 0.4666 -0.6616 0.156 0.5906 0.4349 -0.6473 -0.131 0.7084 -0.249 -0.6982 0.1391 0.688 0.1406 -0.8109 0.0385 -0.3353 0.4781 0.2037 0.6533 -0.1441 0.7148 -0.5813 0.7027 0.2731 0.3062 -0.6501 0.2733 -0.6899 -0.1636
-0.6732 0.2842 0.5533 0.4 -0.4691 0.6644 0.2361 0.5317 -0.6184 0.4155 0.4767 0.4666 -0.7211 0.0933 0.5732 0.3777 -0.6473 -0.131 0.7084 -0.249 -0.6856 0.113 0.7046 0.144 -0.8107 0.0311 -0.3365 0.4781 0.1987 0.665 -0.0079 0.7199 -0.5813 0.7027 0.2731 0.3062 -0.6501 0.2733 -0.6899 -0.1636
-0.6931 0.2919 0.5437 0.3725 -0.4691 0.6644 0.2361 0.5317 -0.6184 0.4155 0.4767 0.4666 -0.7211 0.0933 0.5732 0.3777 -0.6473 -0.131 0.7084 -0.249 -0.6856 0.113 0.7046 0.144 -0.8107 0.0311 -0.3365 0.4781 0.1987 0.665 -0.0079 0.7199 -0.5813 0.7027 0.2731 0.3062 -0.6501 0.2733 -0.6899 -0.1636
-0.6931 0.2919 0.5437 0.3725 -0.4691 0.6644 0.2361 0.5317 -0.6537 0.3857 0.4929 0.4254 -0.7211 0.0933 0.5732 0.3777 -0.6473 -0.131 0.7084 -0.249 -0.6856 0.113 0.7046 0.144 -0.8107 0.0311 -0.3365 0.4781 0.1987 0.665 -0.0079 0.7199 -0.5813 0.7027 0.2731 0.3062 -0.7184 0.2141 -0.6157 -0.2427
-0.6931 0.2919 0.5437 0.3725 -0.4691 0.6644 0.2361 0.5317 -0.6537 0.3857 0.4929 0.4254 -0.7211 0.0933 0.5732 0.3777 -0.6491 -0.1527 0.7098 -0.2268 -0.6856 0.113 0.7046 0.144 -0.8107 0.0311 -0.3365 0.4781 0.1987 0.665 -0.0079 0.7199 -0.5813 0.7027 0.2731 0.3062 -0.7184 0.2141 -0.6157 -0.2427
-0.6931 0.2919 0.5437 0.3725 -0.4691 0.6644 0.2361 0.5317 -0.6537 0.3857 0.4929 0.4254 -0.7211 0.0933 0.5732 0.3777 -0.6491 -0.1527 0.7098 -0.2268 -0.6856 0.113 0.7046 0.144 -0.8107 0.0311 -0.3365 0.4781 0.1987 0.665 -0.0079 0.7199 -0.5813 0.7027 0.2731 0.3062 -0.7184 0.2141 -0.6157 -0.2427
-0.6931 0.2919 0.5437 0.3725 -0.4691 0.6644 0.2361 0.5317 -0.6537 0.3857 0.4929 0.4254 -0.7211 0.0933 0.5732 0.3777 -0.6491 -0.1527 0.7098 -0.2268 -0.6856 0.113 0.7046 0.144 -0.8107 0.0311 -0.3365 0.4781 0.1987 0.665 -0.0079 0.7199 -0.5813 0.7027 0.2731 0.3062 -0.7184 0.2141 -0.6157 -0.2427
-0.6931 0.2919 0.5437 0.3725 -0.4691 0.6644 0.2361 0.5317 -0.6537 0.3857 0.4929 0.4254 -0.7211 0.0933 0.5732 0.3777 -0.6491 -0.1527 0.7098 -0.2268 -0.6856 0.113 0.7046 0.144 -0.8107 0.0311 -0.3365 0.4781 0.1987 0.665 -0.0079 0.7199 -0.5813 0.7027 0.2731 0.3062 -0.7184 0.2141 -0.6157 -0.2427
-0.6931 0.2919 0.5437 0.3725 -0.4691 0.6644 0.2361 0.5317 -0.6537 0.3857 0.4929 0.4254 -0.7245 0.056 0.587 0.3569 -0.6491 -0.1527 0.7098 -0.2268 -0.6838 0.0737 0.7092 0.1549 -0.8073 0.0291 -0.3408 0.481 0.269 0.6611 -0.0448 0.6989 -0.5813 0.7027 0.2731 0.3062 -0.7184 0.2141 -0.6157 -0.2427
-0.7023 0.2769 0.5583 0.3441 -0.4691 0.6644 0.2361 0.5317 -0.6537 0.3857 0.4929 0.4254 -0.7245 0.056 0.587 0.3569 -0.6491 -0.1527 0.7098 -0.2268 -0.6838 0.0737 0.7092 0.1549 -0.8073 0.0291 -0.3408 0.481 0.269 0.6611 -0.0448 0.6989 -0.5813 0.7027 0.2731 0.3062 -0.7184 0.2141 -0.6157 -0.2427
-0.7023 0.2769 0.5583 0.3441 -0.4691 0.6644 0.2361 0.5317 -0.6722 0.3643 0.51 0.394 -0.7245 0.056 0.587 0.3569 -0.6491 -0.1527 0.7098 -0.2268 -0.6838 0.0737 0.7092 0.1549 -0.8073 0.0291 -0.3408 0.481 0.269 0.6611 -0.0448 0.6989 -0.5813 0.7027 0.2731 0.3062 -0.8608 0.17 -0.4155 -0.2398
-0.7023 0.2769 0.5583 0.3441 -0.4691 0.6644 0.2361 0.5317 -0.6722 0.3643 0.51 0.394 -0.7245 0.056 0.587 0.3569 -0.6548 -0.1703 0.706 -0.2094 -0.6838 0.0737 0.7092 0.1549 -0.8073 0.0291 -0.3408 0.481 0.269 0.6611 -0.0448 0.6989 -0.5813 0.7027 0.2731 0.3062 -0.8608 0.17 -0.4155 -0.2398
-0.7023 0.2769 0.5583 0.3441 -0.4691 0.6644 0.2361 0.5317 -0.6722 0.3643 0.51 0.394 -0.7245 0.056 0.587 0.3569 -0.6548 -0.1703 0.706 -0.2094 -0.6838 0.0737 0.7092 0.1549 -0.8073 0.0291 -0.3408 0.481 0.269 0.6611 -0.0448 0.6989 -0.5813 0.7027 0.2731 0.3062 -0.8608 0.17 -0.4155 -0.2398
-0.7023 0.2769 0.5583 0.3441 -0.4691 0.6644 0.2361 0.5317 -0.6722 0.3643 0.51 0.394 -0.7245 0.056 0.587 0.3569 -0.6548 -0.1703 0.706 -0.2094 -0.6838 0.0737 0.7092 0.1549 -0.8073 0.0291 -0.3408 0.481 0.269 0.6611 -0.0448 0.6989 -0.5813 0.7027 0.2731 0.3062 -0.8608 0.17 -0.4155 -0.2398
-0.7023 0.2769 0.5583 0.3441 -0.4691 0.6644 0.2361 0.5317 -0.6722 0.3643 0.51 0.394 -0.7245 0.056 0.587 0.3569 -0.6548 -0.1703 0.706 -0.2094 -0.6838 0.0737 0.7092 0.1549 -0.8073 0.0291 -0.3408 0.481 0.269 0.6611 -0.0448 0.6989 -0.5813 0.7027 0.2731 0.3062 -0.8608 0.17 -0.4155 -0.2398
-0.7023 0.2769 0.5583 0.3441 -0.4691 0.6644 0.2361 0.5317 -0.6722 0.3643 0.51 0.394 -0.7245 0.056 0.587 0.3569 -0.6548 -0.1703 0.706 -0.2094 -0.6838 0.0737 0.7092 0.1549 -0.8073 0.0291 -0.3408 0.481 0.269 0.6611 -0.0448 0.6989 -0.5813 0.7027 0.2731 0.3062 -0.8608 0.17 -0.4155 -0.2398
-0.7023 0.2769 0.5583 0.3441 -0.4691 0.6644 0.2361 0.5317 -0.6722 0.3643 0.51 0.394 -0.7245 0.056 0.587 0.3569 -0.6548 -0.1703 0.706 -0.2094 -0.6838 0.0737 0.7092 0.1549 -0.8073 0.0291 -0.3408 0.481 0.269 0.6611 -0.0448 0.6989 -0.5813 0.7027 0.2731 0.3062 -0.8608 0.17 -0.4155 -0.2398
-0.6986 0.2751 0.5626 0.3461 -0.5264 0.6697 0.329 0.4076 -0.6735 0.37 0.5208 0.3719 -0.7158 0.0389 0.6075 0.3422 -0.6548 -0.1703 0.706 -0.2094 -0.6812 0.058 0.7082 0.1766 -0.8058 0.0276 -0.3419 0.4827 0.2906 0.6534 -0.1356 0.6857 -0.3772 0.5142 0.4731 0.6078 -0.9315 0.1636 -0.2946 -0.137
-0.6986 0.2751 0.5626 0.3461 -0.5264 0.6697 0.329 0.4076 -0.6735 0.37 0.5208 0.3719 -0.7158 0.0389 0.6075 0.3422 -0.6644 -0.1887 0.6985 -0.1873 -0.6812 0.058 0.7082 0.1766 -0.8058 0.0276 -0.3419 0.4827 0.2906 0.6534 -0.1356 0.6857 -0.3772 0.5142 0.4731 0.6078 -0.9315 0.1636 -0.2946 -0.137
-0.6986 0.2751 0.5626 0.3461 -0.5264 0.6697 0.329 0.4076 -0.6735 0.37 0.5208 0.3719 -0.7158 0.0389 0.6075 0.3422 -0.6644 -0.1887 0.6985 -0.1873 -0.6812 0.058 0.7082 0.1766 -0.8058 0.0276 -0.3419 0.4827 0.2906 0.6534 -0.1356 0.6857 -0.3772 0.5142 0.4731 0.6078 -0.9315 0.1636 -0.2946 -0.137
-0.6986 0.2751 0.5626 0.3461 -0.5264 0.6697 0.329 0.4076 -0.6735 0.37 0.5208 0.3719 -0.7158 0.0389 0.6075 0.3422 -0.6644 -0.1887 0.6985 -0.1873 -0.6812 0.058 0.7082 0.1766 -0.8058 0.0276 -0.3419 0.4827 0.2906 0.6534 -0.1356 0.6857 -0.3772 0.5142 0.4731 0.6078 -0.9315 0.1636 -0.2946 -0.137
-0.6986 0.2751 0.5626 0.3461 -0.5264 0.6697 0.329 0.4076 -0.6735 0.37 0.5208 0.3719 -0.7158 0.0389 0.6075 0.3422 -0.6644 -0.1887 0.6985 -0.1873 -0.6812 0.058 0.7082 0.1766 -0.8058 0.0276 -0.3419 0.4827 0.2906 0.6534 -0.1356 0.6857 -0.3772 0.5142 0.4731 0.6078 -0.9315 0.1636 -0.2946 -0.137
-0.6986 0.2751 0.5626 0.3461 -0.5268 0.6661 0.3234 0.4173 -0.6735 0.37 0.5208 0.3719 -0.7106 0.0497 0.6174 0.3337 -0.6644 -0.1887 0.6985 -0.1873 -0.6799 0.0366 0.6956 0.2291 -0.8068 0.0271 -0.3412 0.4816 0.2692 0.6559 -0.1627 0.6862 -0.3772 0.5142 0.4731 0.6078 -0.9315 0.1636 -0.2946 -0.137
-0.6999 0.2657 0.5576 0.3588 -0.5268 0.6661 0.3234 0.4173 -0.6735 0.37 0.5208 0.3719 -0.7106 0.0497 0.6174 0.3337 -0.6644 -0.1887 0.6985 -0.1873 -0.6799 0.0366 0.6956 0.2291 -0.8068 0.0271 -0.3412 0.4816 0.2692 0.6559 -0.1627 0.6862 -0.3772 0.5142 0.4731 0.6078 -0.9315 0.1636 -0.2946 -0.137
-0.6999 0.2657 0.5576 0.3588 -0.5268 0.6661 0.3234 0.4173 -0.6735 0.37 0.5208 0.3719 -0.7106 0.0497 0.6174 0.3337 -0.6644 -0.1887 0.6985 -0.1873 -0.6799 0.0366 0.6956 0.2291 -0.8068 0.0271 -0.3412 0.4816 0.2692 0.6559 -0.1627 0.6862 -0.3772 0.5142 0.4731 0.6078 -0.9315 0.1636 -0.2946 -0.137
-0.6999 0.2657 0.5576 0.3588 -0.5268 0.6661 0.3234 0.4173 -0.6712 0.3696 0.527 0.3675 -0.7106 0.0497 0.6174 0.3337 -0.6674 -0.1722 0.7026 -0.1769 -0.6799 0.0366 0.6956 0.2291 -0.8068 0.0271 -0.3412 0.4816 0.2692 0.6559 -0.1627 0.6862 -0.3772 0.5142 0.4731 0.6078 -0.9333 0.1348 -0.3077 -0.1271
-0.6999 0.2657 0.5576 0.3588 -0.5268 0.6661 0.3234 0.4173 -0.6712 0.3696 0.527 0.3675 -0.7106 0.0497 0.6174 0.3337 -0.6674 -0.1722 0.7026 -0.1769 -0.6799 0.0366 0.6956 0.2291 -0.8068 0.0271 -0.3412 0.4816 0.2692 0.6559 -0.1627 0.6862 -0.3772 0.5142 0.4731 0.6078 -0.9333 0.1348 -0.3077 -0.1271
-0.6999 0.2657 0.5576 0.3588 -0.5268 0.6661 0.3234 0.4173 -0.6712 0.3696 0.527 0.3675 -0.7106 0.0497 0.6174 0.3337 -0.6674 -0.1722 0.7026 -0.1769 -0.6799 0.0366 0.6956 0.2291 -0.8068 0.0271 -0.3412 0.4816 0.2692 0.6559 -0.1627 0.6862 -0.3772 0.5142 0.4731 0.6078 -0.9333 0.1348 -0.3077 -0.1271
-0.6999 0.2657 0.5576 0.3588 -0.5268 0.6661 0.3234 0.4173 -0.6712 0.3696 0.527 0.3675 -0.7106 0.0497 0.6174 0.3337 -0.6674 -0.1722 0.7026 -0.1769 -0.6799 0.0366 0.6956 0.2291 -0.8068 0.0271 -0.3412 0.4816 0.2692 0.6559 -0.1627 0.6862 -0.3772 0.5142 0.4731 0.6078 -0.9333 0.1348 -0.3077 -0.1271
-0.6999 0.2657 0.5576 0.3588 -0.5199 0.6791 0.2844 0.4331 -0.6712 0.3696 0.527 0.3675 -0.7293 0.054 0.6079 0.3092 -0.6674 -0.1722 0.7026 -0.1769 -0.6528 -0.0356 0.6797 0.3326 -0.7749 0.0076 -0.4353 0.4582 0.2325 0.6788 -0.1803 0.6727 -0.3772 0.5142 0.4731 0.6078 -0.9333 0.1348 -0.3077 -0.1271
-0.6956 0.282 0.5391 0.382 -0.5199 0.6791 0.2844 0.4331 -0.6712 0.3696 0.527 0.3675 -0.7293 0.054 0.6079 0.3092 -0.6674 -0.1722 0.7026 -0.1769 -0.6528 -0.0356 0.6797 0.3326 -0.7749 0.0076 -0.4353 0.4582 0.2325 0.6788 -0.1803 0.6727 -0.3772 0.5142 0.4731 0.6078 -0.9333 0.1348 -0.3077 -0.1271
-0.6956 0.282 0.5391 0.382 -0.5199 0.6791 0.2844 0.4331 -0.6712 0.3696 0.527 0.3675 -0.7293 0.054 0.6079 0.3092 -0.6674 -0.1722 0.7026 -0.1769 -0.6528 -0.0356 0.6797 0.3326 -0.7749 0.0076 -0.4353 0.4582 0.2325 0.6788 -0.1803 0.6727 -0.3772 0.5142 0.4731 0.6078 -0.9333 0.1348 -0.3077 -0.1271
-0.6956 0.282 0.5391 0.382 -0.5199 0.6791 0.2844 0.4331 -0.6593 0.3806 0.5264 0.3787 -0.7293 0.054 0.6079 0.3092 -0.6562 -0.0385 0.7217 -0.2169 -0.6528 -0.0356 0.6797 0.3326 -0.7749 0.0076 -0.4353 0.4582 0.2325 0.6788 -0.1803 0.6727 -0.3772 0.5142 0.4731 0.6078 -0.9315 0.1397 -0.3109 -0.1273
-0.6956 0.282 0.5391 0.382 -0.5199 0.6791 0.2844 0.4331 -0.6593 0.3806 0.5264 0.3787 -0.7293 0.054 0.6079 0.3092 -0.6562 -0.0385 0.7217 -0.2169 -0.6528 -0.0356 0.6797 0.3326 -0.7749 0.0076 -0.4353 0.4582 0.2325 0.6788 -0.1803 0.6727 -0.3772 0.5142 0.4731 0.6078 -0.9315 0.1397 -0.3109 -0.1273
-0.6956 0.282 0.5391 0.382 -0.5199 0.6791 0.2844 0.4331 -0.6593 0.3806 0.5264 0.3787 -0.7293 0.054 0.6079 0.3092 -0.6562 -0.0385 0.7217 -0.2169 -0.6528 -0.0356 0.6797 0.3326 -0.7749 0.0076 -0.4353 0.4582 0.2325 0.6788 -0.1803 0.6727 -0.3772 0.5142 0.4731 0.6078 -0.9315 0.1397 -0.3109 -0.1273
-0.6956 0.282 0.5391 0.382 -0.5199 0.6791 0.2844 0.4331 -0.6593 0.3806 0.5264 0.3787 -0.7293 0.054 0.6079 0.3092 -0.6562 -0.0385 0.7217 -0.2169 -0.6528 -0.0356 0.6797 0.3326 -0.7749 0.0076 -0.4353 0.4582 0.2325 0.6788 -0.1803 0.6727 -0.3772 0.5142 0.4731 0.6078 -0.9315 0.1397 -0.3109 -0.1273
-0.6956 0.282 0.5391 0.382 -0.5199 0.6791 0.2844 0.4331 -0.6593 0.3806 0.5264 0.3787 -0.7474 0.08 0.5829 0.3087 -0.6562 -0.0385 0.7217 -0.2169 -0.6528 -0.0356 0.6797 0.3326 -0.6259 -0.168 -0.6569 0.3853 0.2116 0.6807 -0.2168 0.667 -0.3772 0.5142 0.4731 0.6078 -0.9315 0.1397 -0.3109 -0.1273
-0.6956 0.282 0.5391 0.382 -0.5199 0.6791 0.2844 0.4331 -0.6593 0.3806 0.5264 0.3787 -0.7474 0.08 0.5829 0.3087 -0.6562 -0.0385 0.7217 -0.2169 -0.6528 -0.0356 0.6797 0.3326 -0.6259 -0.168 -0.6569 0.3853 0.2116 0.6807 -0.2168 0.667 -0.3772 0.5142 0.4731 0.6078 -0.9315 0.1397 -0.3109 -0.1273
-0.6909 0.3013 0.5037 0.4222 -0.5081 0.7188 0.2251 0.4178 -0.6593 0.3806 0.5264 0.3787 -0.7474 0.08 0.5829 0.3087 -0.6562 -0.0385 0.7217 -0.2169 -0.6004 -0.0608 0.6563 0.4529 -0.6259 -0.168 -0.6569 0.3853 0.2116 0.6807 -0.2168 0.667 -0.3604 0.566 0.4672 0.5758 -0.9321 0.1385 -0.3109 -0.1244
-0.6909 0.3013 0.5037 0.4222 -0.5081 0.7188 0.2251 0.4178 -0.6085 0.4161 0.4965 0.4584 -0.7474 0.08 0.5829 0.3087 -0.6562 -0.0385 0.7217 -0.2169 -0.6004 -0.0608 0.6563 0.4529 -0.6259 -0.168 -0.6569 0.3853 0.2116 0.6807 -0.2168 0.667 -0.3604 0.566 0.4672 0.5758 -0.9321 0.1385 -0.3109 -0.1244
-0.6909 0.3013 0.5037 0.4222 -0.5081 0.7188 0.2251 0.4178 -0.6085 0.4161 0.4965 0.4584 -0.7474 0.08 0.5829 0.3087 -0.6219 0.087 0.7148 -0.3077 -0.6004 -0.0608 0.6563 0.4529 -0.6259 -0.168 -0.6569 0.3853 0.2116 0.6807 -0.2168 0.667 -0.3604 0.566 0.4672 0.5758 -0.9321 0.1385 -0.3109 -0.1244
-0.6909 0.3013 0.5037 0.4222 -0.5081 0.7188 0.2251 0.4178 -0.6085 0.4161 0.4965 0.4584 -0.7474 0.08 0.5829 0.3087 -0.6219 0.087 0.7148 -0.3077 -0.6004 -0.0608 0.6563 0.4529 -0.6259 -0.168 -0.6569 0.3853 0.2116 0.6807 -0.2168 0.667 -0.3604 0.566 0.4672 0.5758 -0.9321 0.1385 -0.3109 -0.1244
-0.6909 0.3013 0.5037 0.4222 -0.5081 0.7188 0.2251 0.4178 -0.6085 0.4161 0.4965 0.4584 -0.7135 0.1076 0.5803 0.3777 -0.6219 0.087 0.7148 -0.3077 -0.6004 -0.0608 0.6563 0.4529 -0.6259 -0.168 -0.6569 0.3853 0.2116 0.6807 -0.2168 0.667 -0.3604 0.566 0.4672 0.5758 -0.9321 0.1385 -0.3109 -0.1244
-0.6909 0.3013 0.5037 0.4222 -0.5081 0.7188 0.2251 0.4178 -0.6085 0.4161 0.4965 0.4584 -0.7135 0.1076 0.5803 0.3777 -0.6219 0.087 0.7148 -0.3077 -0.5845 -0.0248 0.6319 0.5084 -0.5969 -0.2721 -0.6656 0.3558 0.1913 0.6917 -0.2159 0.662 -0.3604 0.566 0.4672 0.5758 -0.9321 0.1385 -0.3109 -0.1244
-0.6777 0.3186 0.4937 0.4421 -0.4901 0.7322 0.1808 0.437 -0.6085 0.4161 0.4965 0.4584 -0.7135 0.1076 0.5803 0.3777 -0.6219 0.087 0.7148 -0.3077 -0.5845 -0.0248 0.6319 0.5084 -0.5969 -0.2721 -0.6656 0.3558 0.1913 0.6917 -0.2159 0.662 -0.3855 0.5761 0.4661 0.5497 -0.9305 0.1384 -0.3149 -0.1257
-0.6777 0.3186 0.4937 0.4421 -0.4901 0.7322 0.1808 0.437 -0.6085 0.4161 0.4965 0.4584 -0.7135 0.1076 0.5803 0.3777 -0.6219 0.087 0.7148 -0.3077 -0.5845 -0.0248 0.6319 0.5084 -0.5969 -0.2721 -0.6656 0.3558 0.1913 0.6917 -0.2159 0.662 -0.3855 0.5761 0.4661 0.5497 -0.9305 0.1384 -0.3149 -0.1257
-0.6777 0.3186 0.4937 0.4421 -0.4901 0.7322 0.1808 0.437 -0.5566 0.4185 0.4908 0.5236 -0.7135 0.1076 0.5803 0.3777 -0.5816 0.1567 0.694 -0.3945 -0.5845 -0.0248 0.6319 0.5084 -0.5969 -0.2721 -0.6656 0.3558 0.1913 0.6917 -0.2159 0.662 -0.3855 0.5761 0.4661 0.5497 -0.9305 0.1384 -0.3149 -0.1257
-0.6777 0.3186 0.4937 0.4421 -0.4901 0.7322 0.1808 0.437 -0.5566 0.4185 0.4908 0.5236 -0.7135 0.1076 0.5803 0.3777 -0.5816 0.1567 0.694 -0.3945 -0.5845 -0.0248 0.6319 0.5084 -0.5969 -0.2721 -0.6656 0.3558 0.1913 0.6917 -0.2159 0.662 -0.3855 0.5761 0.4661 0.5497 -0.9305 0.1384 -0.3149 -0.1257
-0.6777 0.3186 0.4937 0.4421 -0.4901 0.7322 0.1808 0.437 -0.5566 0.4185 0.4908 0.5236 -0.7135 0.1076 0.5803 0.3777 -0.5816 0.1567 0.694 -0.3945 -0.5845 -0.0248 0.6319 0.5084 -0.5969 -0.2721 -0.6656 0.3558 0.1913 0.6917 -0.2159 0.662 -0.3855 0.5761 0.4661 0.5497 -0.9305 0.1384 -0.3149 -0.1257
-0.6777 0.3186 0.4937 0.4421 -0.4901 0.7322 0.1808 0.437 -0.5566 0.4185 0.4908 0.5236 -0.7135 0.1076 0.5803 0.3777 -0.5816 0.1567 0.694 -0.3945 -0.5845 -0.0248 0.6319 0.5084 -0.5969 -0.2721 -0.6656 0.3558 0.1913 0.6917 -0.2159 0.662 -0.3855 0.5761 0.4661 0.5497 -0.9305 0.1384 -0.3149 -0.1257
-0.6777 0.3186 0.4937 0.4421 -0.4901 0.7322 0.1808 0.437 -0.5566 0.4185 0.4908 0.5236 -0.7135 0.1076 0.5803 0.3777 -0.5816 0.1567 0.694 -0.3945 -0.5845 -0.0248 0.6319 0.5084 -0.5969 -0.2721 -0.6656 0.3558 0.1913 0.6917 -0.2159 0.662 -0.3855 0.5761 0.4661 0.5497 -0.9305 0.1384 -0.3149 -0.1257
-0.6709 0.3183 0.4904 0.4562 -0.4877 0.712 0.1742 0.4741 -0.5566 0.4185 0.4908 0.5236 -0.633 0.0798 0.6359 0.4344 -0.5816 0.1567 0.694 -0.3945 -0.6268 0.0094 0.6736 0.3915 -0.6768 -0.2159 -0.5938 0.3778 0.1716 0.6998 -0.213 0.6599 -0.4022 0.5822 0.4633 0.5336 -0.9305 0.1384 -0.3149 -0.1257
-0.6709 0.3183 0.4904 0.4562 -0.4877 0.712 0.1742 0.4741 -0.5252 0.4179 0.4967 0.5502 -0.633 0.0798 0.6359 0.4344 -0.5816 0.1567 0.694 -0.3945 -0.6268 0.0094 0.6736 0.3915 -0.6768 -0.2159 -0.5938 0.3778 0.1716 0.6998 -0.213 0.6599 -0.4022 0.5822 0.4633 0.5336 -0.929 0.1392 -0.3181 -0.1282
-0.6709 0.3183 0.4904 0.4562 -0.4877 0.712 0.1742 0.4741 -0.5252 0.4179 0.4967 0.5502 -0.633 0.0798 0.6359 0.4344 -0.5517 0.1832 0.6833 -0.4417 -0.6268 0.0094 0.6736 0.3915 -0.6768 -0.2159 -0.5938 0.3778 0.1716 0.6998 -0.213 0.6599 -0.4022 0.5822 0.4633 0.5336 -0.929 0.1392 -0.3181 -0.1282
-0.6709 0.3183 0.4904 0.4562 -0.4877 0.712 0.1742 0.4741 -0.5252 0.4179 0.4967 0.5502 -0.633 0.0798 0.6359 0.4344 -0.5517 0.1832 0.6833 -0.4417 -0.6268 0.0094 0.6736 0.3915 -0.6768 -0.2159 -0.5938 0.3778 0.1716 0.6998 -0.213 0.6599 -0.4022 0.5822 0.4633 0.5336 -0.929 0.1392 -0.3181 -0.1282
-0.6709 0.3183 0.4904 0.4562 -0.4877 0.712 0.1742 0.4741 -0.5252 0.4179 0.4967 0.5502 -0.633 0.0798 0.6359 0.4344 -0.5517 0.1832 0.6833 -0.4417 -0.6268 0.0094 0.6736 0.3915 -0.6768 -0.2159 -0.5938 0.3778 0.1716 0.6998 -0.213 0.6599 -0.4022 0.5822 0.4633 0.5336 -0.929 0.1392 -0.3181 -0.1282
-0.6709 0.3183 0.4904 0.4562 -0.4877 0.712 0.1742 0.4741 -0.5252 0.4179 0.4967 0.5502 -0.633 0.0798 0.6359 0.4344 -0.5517 0.1832 0.6833 -0.4417 -0.6268 0.0094 0.6736 0.3915 -0.6768 -0.2159 -0.5938 0.3778 0.1716 0.6998 -0.213 0.6599 -0.4022 0.5822 0.4633 0.5336 -0.929 0.1392 -0.3181 -0.1282
-0.6709 0.3183 0.4904 0.4562 -0.4877 0.712 0.1742 0.4741 -0.5252 0.4179 0.4967 0.5502 -0.633 0.0798 0.6359 0.4344 -0.5517 0.1832 0.6833 -0.4417 -0.6268 0.0094 0.6736 0.3915 -0.6768 -0.2159 -0.5938 0.3778 0.1716 0.6998 -0.213 0.6599 -0.4022 0.5822 0.4633 0.5336 -0.929 0.1392 -0.3181 -0.1282
-0.6664 0.3055 0.5007 0.4603 -0.4897 0.6825 0.192 0.5075 -0.5252 0.4179 0.4967 0.5502 -0.53 0.0582 0.6962 0.4807 -0.5517 0.1832 0.6833 -0.4417 -0.6864 0.1412 0.6544 0.2842 -0.73 -0.1056 -0.4957 0.4584 0.1541 0.7038 -0.2155 0.6592 -0.4091 0.5944 0.4516 0.5247 -0.929 0.1392 -0.3181 -0.1282
-0.6664 0.3055 0.5007 0.4603 -0.4897 0.6825 0.192 0.5075 -0.4956 0.4271 0.5015 0.5662 -0.53 0.0582 0.6962 0.4807 -0.5517 0.1832 0.6833 -0.4417 -0.6864 0.1412 0.6544 0.2842 -0.73 -0.1056 -0.4957 0.4584 0.1541 0.7038 -0.2155 0.6592 -0.4091 0.5944 0.4516 0.5247 -0.9278 0.1384 -0.3201 -0.1323
-0.6664 0.3055 0.5007 0.4603 -0.4897 0.6825 0.192 0.5075 -0.4956 0.4271 0.5015 0.5662 -0.53 0.0582 0.6962 0.4807 -0.5583 0.1487 0.7027 -0.4152 -0.6864 0.1412 0.6544 0.2842 -0.73 -0.1056 -0.4957 0.4584 0.1541 0.7038 -0.2155 0.6592 -0.4091 0.5944 0.4516 0.5247 -0.9278 0.1384 -0.3201 -0.1323
-0.6664 0.3055 0.5007 0.4603 -0.4897 0.6825 0.192 0.5075 -0.4956 0.4271 0.5015 0.5662 -0.53 0.0582 0.6962 0.4807 -0.5583 0.1487 0.7027 -0.4152 -0.6864 0.1412 0.6544 0.2842 -0.73 -0.1056 -0.4957 0.4584 0.1541 0.7038 -0.2155 0.6592 -0.4091 0.5944 0.4516 0.5247 -0.9278 0.1384 -0.3201 -0.1323
-0.6664 0.3055 0.5007 0.4603 -0.4897 0.6825 0.192 0.5075 -0.4956 0.4271 0.5015 0.5662 -0.53 0.0582 0.6962 0.4807 -0.5583 0.1487 0.7027 -0.4152 -0.6864 0.1412 0.6544 0.2842 -0.73 -0.1056 -0.4957 0.4584 0.1541 0.7038 -0.2155 0.6592 -0.4091 0.5944 0.4516 0.5247 -0.9278 0.1384 -0.3201 -0.1323
-0.6664 0.3055 0.5007 0.4603 -0.4897 0.6825 0.192 0.5075 -0.4956 0.4271 0.5015 0.5662 -0.53 0.0582 0.6962 0.4807 -0.5583 0.1487 0.7027 -0.4152 -0.6864 0.1412 0.6544 0.2842 -0.73 -0.1056 -0.4957 0.4584 0.1541 0.7038 -0.2155 0.6592 -0.4091 0.5944 0.4516 0.5247 -0.9278 0.1384 -0.3201 -0.1323
-0.6664 0.3055 0.5007 0.4603 -0.4897 0.6825 0.192 0.5075 -0.4956 0.4271 0.5015 0.5662 -0.53 0.0582 0.6962 0.4807 -0.5583 0.1487 0.7027 -0.4152 -0.6864 0.1412 0.6544 0.2842 -0.73 -0.1056 -0.4957 0.4584 0.1541 0.7038 -0.2155 0.6592 -0.4091 0.5944 0.4516 0.5247 -0.9278 0.1384 -0.3201 -0.1323
-0.6628 0.295 0.5117 0.4601 -0.4877 0.6678 0.2078 0.5225 -0.4956 0.4271 0.5015 0.5662 -0.4651 0.0748 0.722 0.5068 -0.5583 0.1487 0.7027 -0.4152 -0.7254 0.2526 0.6304 0.1124 -0.7952 0.0137 -0.3253 0.5115 0.136 0.7044 -0.2236 0.6598 -0.4198 0.6047 0.441 0.5135 -0.9278 0.1384 -0.3201 -0.1323
-0.6628 0.295 0.5117 0.4601 -0.4877 0.6678 0.2078 0.5225 -0.4924 0.441 0.5037 0.5562 -0.4651 0.0748 0.722 0.5068 -0.5583 0.1487 0.7027 -0.4152 -0.7254 0.2526 0.6304 0.1124 -0.7952 0.0137 -0.3253 0.5115 0.136 0.7044 -0.2236 0.6598 -0.4198 0.6047 0.441 0.5135 -0.9265 0.1393 -0.3228 -0.1347
-0.6628 0.295 0.5117 0.4601 -0.4877 0.6678 0.2078 0.5225 -0.4924 0.441 0.5037 0.5562 -0.4651 0.0748 0.722 0.5068 -0.6102 0.0764 0.7166 -0.3292 -0.7254 0.2526 0.6304 0.1124 -0.7952 0.0137 -0.3253 0.5115 0.136 0.7044 -0.2236 0.6598 -0.4198 0.6047 0.441 0.5135 -0.9265 0.1393 -0.3228 -0.1347
-0.6628 0.295 0.5117 0.4601 -0.4877 0.6678 0.2078 0.5225 -0.4924 0.441 0.5037 0.5562 -0.4651 0.0748 0.722 0.5068 -0.6102 0.0764 0.7166 -0.3292 -0.7254 0.2526 0.6304 0.1124 -0.7952 0.0137 -0.3253 0.5115 0.136 0.7044 -0.2236 0.6598 -0.4198 0.6047 0.441 0.5135 -0.9265 0.1393 -0.3228 -0.1347
-0.6628 0.295 0.5117 0.4601 -0.4877 0.6678 0.2078 0.5225 -0.4924 0.441 0.5037 0.5562 -0.4651 0.0748 0.722 0.5068 -0.6102 0.0764 0.7166 -0.3292 -0.7254 0.2526 0.6304 0.1124 -0.7952 0.0137 -0.3253 0.5115 0.136 0.7044 -0.2236 0.6598 -0.4198 0.6047 0.441 0.5135 -0.9265 0.1393 -0.3228 -0.1347
-0.6628 0.295 0.5117 0.4601 -0.4877 0.6678 0.2078 0.5225 -0.4924 0.441 0.5037 0.5562 -0.4651 0.0748 0.722 0.5068 -0.6102 0.0764 0.7166 -0.3292 -0.7254 0.2526 0.6304 0.1124 -0.7952 0.0137 -0.3253 0.5115 0.136 0.7044 -0.2236 0.6598 -0.4198 0.6047 0.441 0.5135 -0.9265 0.1393 -0.3228 -0.1347
-0.6628 0.295 0.5117 0.4601 -0.4877 0.6678 0.2078 0.5225 -0.4924 0.441 0.5037 0.5562 -0.4622 0.1269 0.7107 0.515 -0.6102 0.0764 0.7166 -0.3292 -0.7169 0.3124 0.6202 0.062 -0.849 0.0504 -0.1796 0.4944 0.1144 0.7034 -0.2196 0.6662 -0.4198 0.6047 0.441 0.5135 -0.9265 0.1393 -0.3228 -0.1347
-0.6628 0.295 0.5117 0.4601 -0.4919 0.6684 0.2181 0.5135 -0.4924 0.441 0.5037 0.5562 -0.4622 0.1269 0.7107 0.515 -0.6102 0.0764 0.7166 -0.3292 -0.7169 0.3124 0.6202 0.062 -0.849 0.0504 -0.1796 0.4944 0.1144 0.7034 -0.2196 0.6662 -0.4198 0.6047 0.441 0.5135 -0.9265 0.1393 -0.3228 -0.1347
-0.6681 0.281 0.5239 0.4474 -0.4919 0.6684 0.2181 0.5135 -0.5101 0.4453 0.507 0.5334 -0.4622 0.1269 0.7107 0.515 -0.6102 0.0764 0.7166 -0.3292 -0.7169 0.3124 0.6202 0.062 -0.849 0.0504 -0.1796 0.4944 0.1144 0.7034 -0.2196 0.6662 -0.4419 0.6148 0.4267 0.4946 -0.924 0.1442 -0.3282 -0.1328
-0.6681 0.281 0.5239 0.4474 -0.4919 0.6684 0.2181 0.5135 -0.5101 0.4453 0.507 0.5334 -0.4622 0.1269 0.7107 0.515 -0.628 -0.0042 0.7098 -0.3191 -0.7169 0.3124 0.6202 0.062 -0.849 0.0504 -0.1796 0.4944 0.1144 0.7034 -0.2196 0.6662 -0.4419 0.6148 0.4267 0.4946 -0.924 0.1442 -0.3282 -0.1328
-0.6681 0.281 0.5239 0.4474 -0.4919 0.6684 0.2181 0.5135 -0.5101 0.4453 0.507 0.5334 -0.4622 0.1269 0.7107 0.515 -0.628 -0.0042 0.7098 -0.3191 -0.7169 0.3124 0.6202 0.062 -0.849 0.0504 -0.1796 0.4944 0.1144 0.7034 -0.2196 0.6662 -0.4419 0.6148 0.4267 0.4946 -0.924 0.1442 -0.3282 -0.1328
-0.6681 0.281 0.5239 0.4474 -0.4919 0.6684 0.2181 0.5135 -0.5101 0.4453 0.507 0.5334 -0.4622 0.1269 0.7107 0.515 -0.628 -0.0042 0.7098 -0.3191 -0.7169 0.3124 0.6202 0.062 -0.849 0.0504 -0.1796 0.4944 0.1144 0.7034 -0.2196 0.6662 -0.4419 0.6148 0.4267 0.4946 -0.924 0.1442 -0.3282 -0.1328
-0.6681 0.281 0.5239 0.4474 -0.4919 0.6684 0.2181 0.5135 -0.5101 0.4453 0.507 0.5334 -0.4622 0.1269 0.7107 0.515 -0.628 -0.0042 0.7098 -0.3191 -0.7169 0.3124 0.6202 0.062 -0.849 0.0504 -0.1796 0.4944 0.1144 0.7034 -0.2196 0.6662 -0.4419 0.6148 0.4267 0.4946 -0.924 0.1442 -0.3282 -0.1328
-0.6681 0.281 0.5239 0.4474 -0.4919 0.6684 0.2181 0.5135 -0.5101 0.4453 0.507 0.5334 -0.4622 0.1269 0.7107 0.515 -0.628 -0.0042 0.7098 -0.3191 -0.7169 0.3124 0.6202 0.062 -0.849 0.0504 -0.1796 0.4944 0.1144 0.7034 -0.2196 0.6662 -0.4419 0.6148 0.4267 0.4946 -0.924 0.1442 -0.3282 -0.1328
-0.6681 0.281 0.5239 0.4474 -0.4919 0.6684 0.2181 0.5135 -0.5101 0.4453 0.507 0.5334 -0.4622 0.1269 0.7107 0.515 -0.628 -0.0042 0.7098 -0.3191 -0.7169 0.3124 0.6202 0.062 -0.849 0.0504 -0.1796 0.4944 0.1144 0.7034 -0.2196 0.6662 -0.4419 0.6148 0.4267 0.4946 -0.924 0.1442 -0.3282 -0.1328
-0.6766 0.2766 0.5339 0.425 -0.4971 0.683 0.2343 0.4813 -0.5353 0.4485 0.5065 0.5057 -0.5364 0.1608 0.675 0.4804 -0.628 -0.0042 0.7098 -0.3191 -0.6932 0.1682 0.6708 0.2031 -0.7895 0.064 -0.3646 0.4895 0.1213 0.6954 -0.2303 0.6697 -0.4783 0.6386 0.3871 0.4621 -0.9139 0.1575 -0.3508 -0.13
-0.6766 0.2766 0.5339 0.425 -0.4971 0.683 0.2343 0.4813 -0.5353 0.4485 0.5065 0.5057 -0.5364 0.1608 0.675 0.4804 -0.6379 -0.0267 0.7342 -0.2309 -0.6932 0.1682 0.6708 0.2031 -0.7895 0.064 -0.3646 0.4895 0.1213 0.6954 -0.2303 0.6697 -0.4783 0.6386 0.3871 0.4621 -0.9139 0.1575 -0.3508 -0.13
-0.6766 0.2766 0.5339 0.425 -0.4971 0.683 0.2343 0.4813 -0.5353 0.4485 0.5065 0.5057 -0.5364 0.1608 0.675 0.4804 -0.6379 -0.0267 0.7342 -0.2309 -0.6932 0.1682 0.6708 0.2031 -0.7895 0.064 -0.3646 0.4895 0.1213 0.6954 -0.2303 0.6697 -0.4783 0.6386 0.3871 0.4621 -0.9139 0.1575 -0.3508 -0.13
-0.6766 0.2766 0.5339 0.425 -0.4971 0.683 0.2343 0.4813 -0.5353 0.4485 0.5065 0.5057 -0.5364 0.1608 0.675 0.4804 -0.6379 -0.0267 0.7342 -0.2309 -0.6932 0.1682 0.6708 0.2031 -0.7895 0.064 -0.3646 0.4895 0.1213 0.6954 -0.2303 0.6697 -0.4783 0.6386 0.3871 0.4621 -0.9139 0.1575 -0.3508 -0.13
-0.6766 0.2766 0.5339 0.425 -0.4971 0.683 0.2343 0.4813 -0.5353 0.4485 0.5065 0.5057 -0.5364 0.1608 0.675 0.4804 -0.6379 -0.0267 0.7342 -0.2309 -0.6932 0.1682 0.6708 0.2031 -0.7895 0.064 -0.3646 0.4895 0.1213 0.6954 -0.2303 0.6697 -0.4783 0.6386 0.3871 0.4621 -0.9139 0.1575 -0.3508 -0.13
-0.6766 0.2766 0.5339 0.425 -0.4971 0.683 0.2343 0.4813 -0.5353 0.4485 0.5065 0.5057 -0.5364 0.1608 0.675 0.4804 -0.6379 -0.0267 0.7342 -0.2309 -0.6932 0.1682 0.6708 0.2031 -0.7895 0.064 -0.3646 0.4895 0.1213 0.6954 -0.2303 0.6697 -0.4783 0.6386 0.3871 0.4621 -0.9139 0.1575 -0.3508 -0.13
-0.6815 0.2783 0.543 0.4041 -0.4933 0.6997 0.2469 0.4539 -0.5353 0.4485 0.5065 0.5057 -0.6327 0.1806 0.6114 0.4396 -0.6379 -0.0267 0.7342 -0.2309 -0.6926 0.1111 0.6876 0.1875 -0.8065 0.05 -0.3383 0.4824 0.1613 0.6764 -0.1938 0.692 -0.554 0.6669 0.3223 0.38 -0.9139 0.1575 -0.3508 -0.13
-0.6815 0.2783 0.543 0.4041 -0.4933 0.6997 0.2469 0.4539 -0.5713 0.4523 0.4838 0.4848 -0.6327 0.1806 0.6114 0.4396 -0.6379 -0.0267 0.7342 -0.2309 -0.6926 0.1111 0.6876 0.1875 -0.8065 0.05 -0.3383 0.4824 0.1613 0.6764 -0.1938 0.692 -0.554 0.6669 0.3223 0.38 -0.812 0.2158 -0.5306 -0.1124
-0.6815 0.2783 0.543 0.4041 -0.4933 0.6997 0.2469 0.4539 -0.5713 0.4523 0.4838 0.4848 -0.6327 0.1806 0.6114 0.4396 -0.6293 -0.0799 0.734 -0.2424 -0.6926 0.1111 0.6876 0.1875 -0.8065 0.05 -0.3383 0.4824 0.1613 0.6764 -0.1938 0.692 -0.554 0.6669 0.3223 0.38 -0.812 0.2158 -0.5306 -0.1124
-0.6815 0.2783 0.543 0.4041 -0.4933 0.6997 0.2469 0.4539 -0.5713 0.4523 0.4838 0.4848 -0.6327 0.1806 0.6114 0.4396 -0.6293 -0.0799 0.734 -0.2424 -0.6926 0.1111 0.6876 0.1875 -0.8065 0.05 -0.3383 0.4824 0.1613 0.6764 -0.1938 0.692 -0.554 0.6669 0.3223 0.38 -0.812 0.2158 -0.5306 -0.1124
-0.6815 0.2783 0.543 0.4041 -0.4933 0.6997 0.2469 0.4539 -0.5713 0.4523 0.4838 0.4848 -0.6327 0.1806 0.6114 0.4396 -0.6293 -0.0799 0.734 -0.2424 -0.6926 0.1111 0.6876 0.1875 -0.8065 0.05 -0.3383 0.4824 0.1613 0.6764 -0.1938 0.692 -0.554 0.6669 0.3223 0.38 -0.812 0.2158 -0.5306 -0.1124
-0.6815 0.2783 0.543 0.4041 -0.4933 0.6997 0.2469 0.4539 -0.5713 0.4523 0.4838 0.4848 -0.6327 0.1806 0.6114 0.4396 -0.6293 -0.0799 0.734 -0.2424 -0.6926 0.1111 0.6876 0.1875 -0.8065 0.05 -0.3383 0.4824 0.1613 0.6764 -0.1938 0.692 -0.554 0.6669 0.3223 0.38 -0.812 0.2158 -0.5306 -0.1124
-0.6815 0.2783 0.543 0.4041 -0.4933 0.6997 0.2469 0.4539 -0.5713 0.4523 0.4838 0.4848 -0.6897 0.1629 0.5621 0.4265 -0.6293 -0.0799 0.734 -0.2424 -0.6856 0.0803 0.6974 0.1927 -0.8094 0.041 -0.3263 0.4866 0.2421 0.6564 -0.0983 0.7077 -0.554 0.6669 0.3223 0.38 -0.812 0.2158 -0.5306 -0.1124
-0.6815 0.2783 0.543 0.4041 -0.5138 0.6926 0.2761 0.4244 -0.5713 0.4523 0.4838 0.4848 -0.6897 0.1629 0.5621 0.4265 -0.6293 -0.0799 0.734 -0.2424 -0.6856 0.0803 0.6974 0.1927 -0.8094 0.041 -0.3263 0.4866 0.2421 0.6564 -0.0983 0.7077 -0.5712 0.701 0.2686 0.3318 -0.812 0.2158 -0.5306 -0.1124
-0.6815 0.2783 0.543 0.4041 -0.5138 0.6926 0.2761 0.4244 -0.6295 0.3958 0.4962 0.4484 -0.6897 0.1629 0.5621 0.4265 -0.6293 -0.0799 0.734 -0.2424 -0.6856 0.0803 0.6974 0.1927 -0.8094 0.041 -0.3263 0.4866 0.2421 0.6564 -0.0983 0.7077 -0.5712 0.701 0.2686 0.3318 -0.6984 0.2349 -0.6537 -0.1719
-0.6815 0.2783 0.543 0.4041 -0.5138 0.6926 0.2761 0.4244 -0.6295 0.3958 0.4962 0.4484 -0.6897 0.1629 0.5621 0.4265 -0.6326 -0.1071 0.7308 -0.2332 -0.6856 0.0803 0.6974 0.1927 -0.8094 0.041 -0.3263 0.4866 0.2421 0.6564 -0.0983 0.7077 -0.5712 0.701 0.2686 0.3318 -0.6984 0.2349 -0.6537 -0.1719
-0.6815 0.2783 0.543 0.4041 -0.5138 0.6926 0.2761 0.4244 -0.6295 0.3958 0.4962 0.4484 -0.6897 0.1629 0.5621 0.4265 -0.6326 -0.1071 0.7308 -0.2332 -0.6856 0.0803 0.6974 0.1927 -0.8094 0.041 -0.3263 0.4866 0.2421 0.6564 -0.0983 0.7077 -0.5712 0.701 0.2686 0.3318 -0.6984 0.2349 -0.6537 -0.1719
-0.6815 0.2783 0.543 0.4041 -0.5138 0.6926 0.2761 0.4244 -0.6295 0.3958 0.4962 0.4484 -0.6897 0.1629 0.5621 0.4265 -0.6326 -0.1071 0.7308 -0.2332 -0.6856 0.0803 0.6974 0.1927 -0.8094 0.041 -0.3263 0.4866 0.2421 0.6564 -0.0983 0.7077 -0.5712 0.701 0.2686 0.3318 -0.6984 0.2349 -0.6537 -0.1719
-0.6815 0.2783 0.543 0.4041 -0.5138 0.6926 0.2761 0.4244 -0.6295 0.3958 0.4962 0.4484 -0.6897 0.1629 0.5621 0.4265 -0.6326 -0.1071 0.7308 -0.2332 -0.6856 0.0803 0.6974 0.1927 -0.8094 0.041 -0.3263 0.4866 0.2421 0.6564 -0.0983 0.7077 -0.5712 0.701 0.2686 0.3318 -0.6984 0.2349 -0.6537 -0.1719
-0.6815 0.2783 0.543 0.4041 -0.5138 0.6926 0.2761 0.4244 -0.6295 0.3958 0.4962 0.4484 -0.6897 0.1629 0.5621 0.4265 -0.6326 -0.1071 0.7308 -0.2332 -0.6856 0.0803 0.6974 0.1927 -0.8094 0.041 -0.3263 0.4866 0.2421 0.6564 -0.0983 0.7077 -0.5712 0.701 0.2686 0.3318 -0.6984 0.2349 -0.6537 -0.1719
-0.6815 0.2783 0.543 0.4041 -0.5138 0.6926 0.2761 0.4244 -0.6295 0.3958 0.4962 0.4484 -0.6897 0.1629 0.5621 0.4265 -0.6326 -0.1071 0.7308 -0.2332 -0.6856 0.0803 0.6974 0.1927 -0.8094 0.041 -0.3263 0.4866 0.2421 0.6564 -0.0983 0.7077 -0.5712 0.701 0.2686 0.3318 -0.6984 0.2349 -0.6537 -0.1719
-0.7161 0.2916 0.5388 0.3346 -0.5279 0.6899 0.2883 0.4028 -0.6568 0.3774 0.5024 0.4168 -0.7106 0.0909 0.5844 0.3812 -0.6326 -0.1071 0.7308 -0.2332 -0.6761 0.0596 0.7038 0.2099 -0.8082 0.0394 -0.3333 0.484 0.2679 0.6639 -0.0368 0.6972 -0.5815 0.6385 0.3392 0.3729 -0.7954 0.1912 -0.5384 -0.2023
-0.7161 0.2916 0.5388 0.3346 -0.5279 0.6899 0.2883 0.4028 -0.6568 0.3774 0.5024 0.4168 -0.7106 0.0909 0.5844 0.3812 -0.6482 -0.1144 0.7286 -0.1896 -0.6761 0.0596 0.7038 0.2099 -0.8082 0.0394 -0.3333 0.484 0.2679 0.6639 -0.0368 0.6972 -0.5815 0.6385 0.3392 0.3729 -0.7954 0.1912 -0.5384 -0.2023
-0.7161 0.2916 0.5388 0.3346 -0.5279 0.6899 0.2883 0.4028 -0.6568 0.3774 0.5024 0.4168 -0.7106 0.0909 0.5844 0.3812 -0.6482 -0.1144 0.7286 -0.1896 -0.6761 0.0596 0.7038 0.2099 -0.8082 0.0394 -0.3333 0.484 0.2679 0.6639 -0.0368 0.6972 -0.5815 0.6385 0.3392 0.3729 -0.7954 0.1912 -0.5384 -0.2023
-0.7161 0.2916 0.5388 0.3346 -0.5279 0.6899 0.2883 0.4028 -0.6568 0.3774 0.5024 0.4168 -0.7106 0.0909 0.5844 0.3812 -0.6482 -0.1144 0.7286 -0.1896 -0.6761 0.0596 0.7038 0.2099 -0.8082 0.0394 -0.3333 0.484 0.2679 0.6639 -0.0368 0.6972 -0.5815 0.6385 0.3392 0.3729 -0.7954 0.1912 -0.5384 -0.2023
-0.7161 0.2916 0.5388 0.3346 -0.5279 0.6899 0.2883 0.4028 -0.6568 0.3774 0.5024 0.4168 -0.6981 0.0712 0.6004 0.3835 -0.6482 -0.1144 0.7286 -0.1896 -0.6761 0.0596 0.7038 0.2099 -0.8074 0.0374 -0.3377 0.4824 0.3169 0.6496 -0.1031 0.6833 -0.5815 0.6385 0.3392 0.3729 -0.7954 0.1912 -0.5384 -0.2023
-0.7161 0.2916 0.5388 0.3346 -0.5279 0.6899 0.2883 0.4028 -0.6568 0.3774 0.5024 0.4168 -0.6981 0.0712 0.6004 0.3835 -0.6482 -0.1144 0.7286 -0.1896 -0.6761 0.0596 0.7038 0.2099 -0.8074 0.0374 -0.3377 0.4824 0.3169 0.6496 -0.1031 0.6833 -0.5815 0.6385 0.3392 0.3729 -0.7954 0.1912 -0.5384 -0.2023
-0.7267 0.2875 0.5438 0.3058 -0.5303 0.7025 0.3022 0.366 -0.6568 0.3774 0.5024 0.4168 -0.6981 0.0712 0.6004 0.3835 -0.6482 -0.1144 0.7286 -0.1896 -0.668 0.0513 0.7042 0.2351 -0.8074 0.0374 -0.3377 0.4824 0.3169 0.6496 -0.1031 0.6833 -0.4582 0.5647 0.4487 0.5195 -0.9061 0.17 -0.3401 -0.1852
-0.7267 0.2875 0.5438 0.3058 -0.5303 0.7025 0.3022 0.366 -0.6637 0.3663 0.5157 0.3992 -0.6981 0.0712 0.6004 0.3835 -0.6482 -0.1144 0.7286 -0.1896 -0.668 0.0513 0.7042 0.2351 -0.8074 0.0374 -0.3377 0.4824 0.3169 0.6496 -0.1031 0.6833 -0.4582 0.5647 0.4487 0.5195 -0.9061 0.17 -0.3401 -0.1852
-0.7267 0.2875 0.5438 0.3058 -0.5303 0.7025 0.3022 0.366 -0.6637 0.3663 0.5157 0.3992 -0.6981 0.0712 0.6004 0.3835 -0.6521 -0.1417 0.7203 -0.1892 -0.668 0.0513 0.7042 0.2351 -0.8074 0.0374 -0.3377 0.4824 0.3169 0.6496 -0.1031 0.6833 -0.4582 0.5647 0.4487 0.5195 -0.9061 0.17 -0.3401 -0.1852
-0.7267 0.2875 0.5438 0.3058 -0.5303 0.7025 0.3022 0.366 -0.6637 0.3663 0.5157 0.3992 -0.6981 0.0712 0.6004 0.3835 -0.6521 -0.1417 0.7203 -0.1892 -0.668 0.0513 0.7042 0.2351 -0.8074 0.0374 -0.3377 0.4824 0.3169 0.6496 -0.1031 0.6833 -0.4582 0.5647 0.4487 0.5195 -0.9061 0.17 -0.3401 -0.1852
-0.7267 0.2875 0.5438 0.3058 -0.5303 0.7025 0.3022 0.366 -0.6637 0.3663 0.5157 0.3992 -0.6879 0.0668 0.6122 0.384 -0.6521 -0.1417 0.7203 -0.1892 -0.668 0.0513 0.7042 0.2351 -0.8074 0.0374 -0.3377 0.4824 0.3169 0.6496 -0.1031 0.6833 -0.4582 0.5647 0.4487 0.5195 -0.9061 0.17 -0.3401 -0.1852
-0.7267 0.2875 0.5438 0.3058 -0.5303 0.7025 0.3022 0.366 -0.6637 0.3663 0.5157 0.3992 -0.6879 0.0668 0.6122 0.384 -0.6521 -0.1417 0.7203 -0.1892 -0.668 0.0513 0.7042 0.2351 -0.8074 0.0374 -0.3377 0.4824 0.3169 0.6496 -0.1031 0.6833 -0.4582 0.5647 0.4487 0.5195 -0.9061 0.17 -0.3401 -0.1852
-0.7267 0.2875 0.5438 0.3058 -0.5303 0.7025 0.3022 0.366 -0.6637 0.3663 0.5157 0.3992 -0.6879 0.0668 0.6122 0.384 -0.6521 -0.1417 0.7203 -0.1892 -0.668 0.0513 0.7042 0.2351 -0.8074 0.0374 -0.3377 0.4824 0.3169 0.6496 -0.1031 0.6833 -0.4582 0.5647 0.4487 0.5195 -0.9061 0.17 -0.3401 -0.1852
-0.7267 0.2875 0.5438 0.3058 -0.5303 0.7025 0.3022 0.366 -0.6637 0.3663 0.5157 0.3992 -0.6879 0.0668 0.6122 0.384 -0.6521 -0.1417 0.7203 -0.1892 -0.668 0.0513 0.7042 0.2351 -0.8074 0.0374 -0.3377 0.4824 0.3169 0.6496 -0.1031 0.6833 -0.4582 0.5647 0.4487 0.5195 -0.9061 0.17 -0.3401 -0.1852
-0.7267 0.2875 0.5438 0.3058 -0.5303 0.7025 0.3022 0.366 -0.6637 0.3663 0.5157 0.3992 -0.6879 0.0668 0.6122 0.384 -0.6521 -0.1417 0.7203 -0.1892 -0.668 0.0513 0.7042 0.2351 -0.8073 0.0369 -0.3455 0.477 0.2786 0.658 -0.1401 0.6854 -0.4582 0.5647 0.4487 0.5195 -0.9061 0.17 -0.3401 -0.1852
-0.7308 0.2983 0.5375 0.2968 -0.5356 0.7082 0.306 0.3434 -0.6714 0.3615 0.5161 0.3902 -0.6879 0.0668 0.6122 0.384 -0.6597 -0.1492 0.7147 -0.1781 -0.6599 0.0263 0.7025 0.2653 -0.8073 0.0369 -0.3455 0.477 0.2786 0.658 -0.1401 0.6854 -0.3442 0.4783 0.5145 0.6229 -0.9467 0.1877 -0.2332 -0.1191
-0.7308 0.2983 0.5375 0.2968 -0.5356 0.7082 0.306 0.3434 -0.6714 0.3615 0.5161 0.3902 -0.6879 0.0668 0.6122 0.384 -0.6597 -0.1492 0.7147 -0.1781 -0.6599 0.0263 0.7025 0.2653 -0.8073 0.0369 -0.3455 0.477 0.2786 0.658 -0.1401 0.6854 -0.3442 0.4783 0.5145 0.6229 -0.9467 0.1877 -0.2332 -0.1191
-0.7308 0.2983 0.5375 0.2968 -0.5356 0.7082 0.306 0.3434 -0.6714 0.3615 0.5161 0.3902 -0.7017 0.0502 0.6071 0.3697 -0.6597 -0.1492 0.7147 -0.1781 -0.6599 0.0263 0.7025 0.2653 -0.8073 0.0369 -0.3455 0.477 0.2786 0.658 -0.1401 0.6854 -0.3442 0.4783 0.5145 0.6229 -0.9467 0.1877 -0.2332 -0.1191
-0.7308 0.2983 0.5375 0.2968 -0.5356 0.7082 0.306 0.3434 -0.6714 0.3615 0.5161 0.3902 -0.7017 0.0502 0.6071 0.3697 -0.6597 -0.1492 0.7147 -0.1781 -0.6599 0.0263 0.7025 0.2653 -0.8073 0.0369 -0.3455 0.477 0.2786 0.658 -0.1401 0.6854 -0.3442 0.4783 0.5145 0.6229 -0.9467 0.1877 -0.2332 -0.1191
-0.7308 0.2983 0.5375 0.2968 -0.5356 0.7082 0.306 0.3434 -0.6714 0.3615 0.5161 0.3902 -0.7017 0.0502 0.6071 0.3697 -0.6597 -0.1492 0.7147 -0.1781 -0.6599 0.0263 0.7025 0.2653 -0.8073 0.0369 -0.3455 0.477 0.2786 0.658 -0.1401 0.6854 -0.3442 0.4783 0.5145 0.6229 -0.9467 0.1877 -0.2332 -0.1191
-0.7308 0.2983 0.5375 0.2968 -0.5356 0.7082 0.306 0.3434 -0.6714 0.3615 0.5161 0.3902 -0.7017 0.0502 0.6071 0.3697 -0.6597 -0.1492 0.7147 -0.1781 -0.6599 0.0263 0.7025 0.2653 -0.8073 0.0369 -0.3455 0.477 0.2786 0.658 -0.1401 0.6854 -0.3442 0.4783 0.5145 0.6229 -0.9467 0.1877 -0.2332 -0.1191
-0.7446 0.2893 0.5214 0.2999 -0.5521 0.6993 0.297 0.3433 -0.6746 0.3412 0.5224 0.3945 -0.7017 0.0502 0.6071 0.3697 -0.6597 -0.1492 0.7147 -0.1781 -0.6471 -0.0183 0.6964 0.3098 -0.7996 0.0267 -0.3865 0.4589 0.2748 0.6738 -0.1415 0.6712 -0.349 0.4997 0.5162 0.6017 -0.9258 0.1401 -0.3162 -0.1523
-0.7446 0.2893 0.5214 0.2999 -0.5521 0.6993 0.297 0.3433 -0.6746 0.3412 0.5224 0.3945 -0.7017 0.0502 0.6071 0.3697 -0.6616 -0.1465 0.7078 -0.1994 -0.6471 -0.0183 0.6964 0.3098 -0.7996 0.0267 -0.3865 0.4589 0.2748 0.6738 -0.1415 0.6712 -0.349 0.4997 0.5162 0.6017 -0.9258 0.1401 -0.3162 -0.1523
-0.7446 0.2893 0.5214 0.2999 -0.5521 0.6993 0.297 0.3433 -0.6746 0.3412 0.5224 0.3945 -0.7017 0.0502 0.6071 0.3697 -0.6616 -0.1465 0.7078 -0.1994 -0.6471 -0.0183 0.6964 0.3098 -0.7996 0.0267 -0.3865 0.4589 0.2748 0.6738 -0.1415 0.6712 -0.349 0.4997 0.5162 0.6017 -0.9258 0.1401 -0.3162 -0.1523
-0.7446 0.2893 0.5214 0.2999 -0.5521 0.6993 0.297 0.3433 -0.6746 0.3412 0.5224 0.3945 -0.7178 0.0351 0.5993 0.3527 -0.6616 -0.1465 0.7078 -0.1994 -0.6471 -0.0183 0.6964 0.3098 -0.7996 0.0267 -0.3865 0.4589 0.2748 0.6738 -0.1415 0.6712 -0.349 0.4997 0.5162 0.6017 -0.9258 0.1401 -0.3162 -0.1523
-0.7446 0.2893 0.5214 0.2999 -0.5521 0.6993 0.297 0.3433 -0.6746 0.3412 0.5224 0.3945 -0.7178 0.0351 0.5993 0.3527 -0.6616 -0.1465 0.7078 -0.1994 -0.6471 -0.0183 0.6964 0.3098 -0.7996 0.0267 -0.3865 0.4589 0.2748 0.6738 -0.1415 0.6712 -0.349 0.4997 0.5162 0.6017 -0.9258 0.1401 -0.3162 -0.1523
-0.7446 0.2893 0.5214 0.2999 -0.5521 0.6993 0.297 0.3433 -0.6746 0.3412 0.5224 0.3945 -0.7178 0.0351 0.5993 0.3527 -0.6616 -0.1465 0.7078 -0.1994 -0.6471 -0.0183 0.6964 0.3098 -0.7996 0.0267 -0.3865 0.4589 0.2748 0.6738 -0.1415 0.6712 -0.349 0.4997 0.5162 0.6017 -0.9258 0.1401 -0.3162 -0.1523
-0.7446 0.2893 0.5214 0.2999 -0.5588 0.6972 0.2615 0.3651 -0.6746 0.3412 0.5224 0.3945 -0.7178 0.0351 0.5993 0.3527 -0.6616 -0.1465 0.7078 -0.1994 -0.6139 -0.076 0.6621 0.423 -0.7588 -0.1226 -0.5357 0.3495 0.237 0.6913 -0.1636 0.6627 -0.3442 0.5462 0.4815 0.5927 -0.9258 0.1401 -0.3162 -0.1523
-0.7358 0.3071 0.5018 0.3354 -0.5588 0.6972 0.2615 0.3651 -0.6406 0.3544 0.5154 0.4454 -0.7178 0.0351 0.5993 0.3527 -0.6616 -0.1465 0.7078 -0.1994 -0.6139 -0.076 0.6621 0.423 -0.7588 -0.1226 -0.5357 0.3495 0.237 0.6913 -0.1636 0.6627 -0.3442 0.5462 0.4815 0.5927 -0.9283 0.1463 -0.3079 -0.1483
-0.7358 0.3071 0.5018 0.3354 -0.5588 0.6972 0.2615 0.3651 -0.6406 0.3544 0.5154 0.4454 -0.7178 0.0351 0.5993 0.3527 -0.6558 -0.0097 0.7117 -0.2517 -0.6139 -0.076 0.6621 0.423 -0.7588 -0.1226 -0.5357 0.3495 0.237 0.6913 -0.1636 0.6627 -0.3442 0.5462 0.4815 0.5927 -0.9283 0.1463 -0.3079 -0.1483
-0.7358 0.3071 0.5018 0.3354 -0.5588 0.6972 0.2615 0.3651 -0.6406 0.3544 0.5154 0.4454 -0.7178 0.0351 0.5993 0.3527 -0.6558 -0.0097 0.7117 -0.2517 -0.6139 -0.076 0.6621 0.423 -0.7588 -0.1226 -0.5357 0.3495 0.237 0.6913 -0.1636 0.6627 -0.3442 0.5462 0.4815 0.5927 -0.9283 0.1463 -0.3079 -0.1483
-0.7358 0.3071 0.5018 0.3354 -0.5588 0.6972 0.2615 0.3651 -0.6406 0.3544 0.5154 0.4454 -0.7178 0.0351 0.5993 0.3527 -0.6558 -0.0097 0.7117 -0.2517 -0.6139 -0.076 0.6621 0.423 -0.7588 -0.1226 -0.5357 0.3495 0.237 0.6913 -0.1636 0.6627 -0.3442 0.5462 0.4815 0.5927 -0.9283 0.1463 -0.3079 -0.1483
-0.7358 0.3071 0.5018 0.3354 -0.5588 0.6972 0.2615 0.3651 -0.6406 0.3544 0.5154 0.4454 -0.7178 0.0351 0.5993 0.3527 -0.6558 -0.0097 0.7117 -0.2517 -0.6139 -0.076 0.6621 0.423 -0.7588 -0.1226 -0.5357 0.3495 0.237 0.6913 -0.1636 0.6627 -0.3442 0.5462 0.4815 0.5927 -0.9283 0.1463 -0.3079 -0.1483
-0.7358 0.3071 0.5018 0.3354 -0.5599 0.707 0.2275 0.3672 -0.6406 0.3544 0.5154 0.4454 -0.6877 0.0593 0.5976 0.408 -0.6558 -0.0097 0.7117 -0.2517 -0.5878 -0.1212 0.6591 0.4533 -0.5569 -0.2811 -0.7209 0.3018 0.2039 0.6925 -0.1834 0.6672 -0.3442 0.5462 0.4815 0.5927 -0.9283 0.1463 -0.3079 -0.1483
-0.7358 0.3071 0.5018 0.3354 -0.5599 0.707 0.2275 0.3672 -0.6406 0.3544 0.5154 0.4454 -0.6877 0.0593 0.5976 0.408 -0.6558 -0.0097 0.7117 -0.2517 -0.5878 -0.1212 0.6591 0.4533 -0.5569 -0.2811 -0.7209 0.3018 0.2039 0.6925 -0.1834 0.6672 -0.3442 0.5462 0.4815 0.5927 -0.9283 0.1463 -0.3079 -0.1483
-0.7352 0.313 0.4752 0.3685 -0.5599 0.707 0.2275 0.3672 -0.5864 0.3821 0.4841 0.5252 -0.6877 0.0593 0.5976 0.408 -0.6558 -0.0097 0.7117 -0.2517 -0.5878 -0.1212 0.6591 0.4533 -0.5569 -0.2811 -0.7209 0.3018 0.2039 0.6925 -0.1834 0.6672 -0.355 0.5598 0.4796 0.5751 -0.9293 0.1458 -0.3051 -0.1484
-0.7352 0.313 0.4752 0.3685 -0.5599 0.707 0.2275 0.3672 -0.5864 0.3821 0.4841 0.5252 -0.6877 0.0593 0.5976 0.408 -0.5967 0.1177 0.6948 -0.3837 -0.5878 -0.1212 0.6591 0.4533 -0.5569 -0.2811 -0.7209 0.3018 0.2039 0.6925 -0.1834 0.6672 -0.355 0.5598 0.4796 0.5751 -0.9293 0.1458 -0.3051 -0.1484
-0.7352 0.313 0.4752 0.3685 -0.5599 0.707 0.2275 0.3672 -0.5864 0.3821 0.4841 0.5252 -0.6877 0.0593 0.5976 0.408 -0.5967 0.1177 0.6948 -0.3837 -0.5878 -0.1212 0.6591 0.4533 -0.5569 -0.2811 -0.7209 0.3018 0.2039 0.6925 -0.1834 0.6672 -0.355 0.5598 0.4796 0.5751 -0.9293 0.1458 -0.3051 -0.1484
-0.7352 0.313 0.4752 0.3685 -0.5599 0.707 0.2275 0.3672 -0.5864 0.3821 0.4841 0.5252 -0.6877 0.0593 0.5976 0.408 -0.5967 0.1177 0.6948 -0.3837 -0.5878 -0.1212 0.6591 0.4533 -0.5569 -0.2811 -0.7209 0.3018 0.2039 0.6925 -0.1834 0.6672 -0.355 0.5598 0.4796 0.5751 -0.9293 0.1458 -0.3051 -0.1484
-0.7352 0.313 0.4752 0.3685 -0.5599 0.707 0.2275 0.3672 -0.5864 0.3821 0.4841 0.5252 -0.629 0.0554 0.6213 0.4639 -0.5967 0.1177 0.6948 -0.3837 -0.5878 -0.1212 0.6591 0.4533 -0.6345 -0.1694 -0.6558 0.3724 0.1844 0.7025 -0.1819 0.6628 -0.355 0.5598 0.4796 0.5751 -0.9293 0.1458 -0.3051 -0.1484
-0.7352 0.313 0.4752 0.3685 -0.5453 0.7061 0.206 0.402 -0.5864 0.3821 0.4841 0.5252 -0.629 0.0554 0.6213 0.4639 -0.5967 0.1177 0.6948 -0.3837 -0.5933 -0.0705 0.6326 0.4927 -0.6345 -0.1694 -0.6558 0.3724 0.1844 0.7025 -0.1819 0.6628 -0.355 0.5598 0.4796 0.5751 -0.9293 0.1458 -0.3051 -0.1484
-0.7352 0.313 0.4752 0.3685 -0.5453 0.7061 0.206 0.402 -0.5864 0.3821 0.4841 0.5252 -0.629 0.0554 0.6213 0.4639 -0.5967 0.1177 0.6948 -0.3837 -0.5933 -0.0705 0.6326 0.4927 -0.6345 -0.1694 -0.6558 0.3724 0.1844 0.7025 -0.1819 0.6628 -0.355 0.5598 0.4796 0.5751 -0.9293 0.1458 -0.3051 -0.1484
-0.7241 0.3152 0.4741 0.3893 -0.5453 0.7061 0.206 0.402 -0.5363 0.3707 0.5009 0.5692 -0.629 0.0554 0.6213 0.4639 -0.5967 0.1177 0.6948 -0.3837 -0.5933 -0.0705 0.6326 0.4927 -0.6345 -0.1694 -0.6558 0.3724 0.1844 0.7025 -0.1819 0.6628 -0.3779 0.5653 0.48 0.5543 -0.929 0.1461 -0.3054 -0.1495
-0.7241 0.3152 0.4741 0.3893 -0.5453 0.7061 0.206 0.402 -0.5363 0.3707 0.5009 0.5692 -0.629 0.0554 0.6213 0.4639 -0.5274 0.2079 0.6805 -0.4642 -0.5933 -0.0705 0.6326 0.4927 -0.6345 -0.1694 -0.6558 0.3724 0.1844 0.7025 -0.1819 0.6628 -0.3779 0.5653 0.48 0.5543 -0.929 0.1461 -0.3054 -0.1495
-0.7241 0.3152 0.4741 0.3893 -0.5453 0.7061 0.206 0.402 -0.5363 0.3707 0.5009 0.5692 -0.629 0.0554 0.6213 0.4639 -0.5274 0.2079 0.6805 -0.4642 -0.5933 -0.0705 0.6326 0.4927 -0.6345 -0.1694 -0.6558 0.3724 0.1844 0.7025 -0.1819 0.6628 -0.3779 0.5653 0.48 0.5543 -0.929 0.1461 -0.3054 -0.1495
-0.7241 0.3152 0.4741 0.3893 -0.5453 0.7061 0.206 0.402 -0.5363 0.3707 0.5009 0.5692 -0.5215 0.0295 0.6898 0.5013 -0.5274 0.2079 0.6805 -0.4642 -0.5933 -0.0705 0.6326 0.4927 -0.6345 -0.1694 -0.6558 0.3724 0.1844 0.7025 -0.1819 0.6628 -0.3779 0.5653 0.48 0.5543 -0.929 0.1461 -0.3054 -0.1495
-0.7241 0.3152 0.4741 0.3893 -0.5453 0.7061 0.206 0.402 -0.5363 0.3707 0.5009 0.5692 -0.5215 0.0295 0.6898 0.5013 -0.5274 0.2079 0.6805 -0.4642 -0.5933 -0.0705 0.6326 0.4927 -0.6345 -0.1694 -0.6558 0.3724 0.1844 0.7025 -0.1819 0.6628 -0.3779 0.5653 0.48 0.5543 -0.929 0.1461 -0.3054 -0.1495
-0.7241 0.3152 0.4741 0.3893 -0.5453 0.7061 0.206 0.402 -0.5363 0.3707 0.5009 0.5692 -0.5215 0.0295 0.6898 0.5013 -0.5274 0.2079 0.6805 -0.4642 -0.6576 -0.0112 0.665 0.3538 -0.6905 -0.1777 -0.6066 0.3517 0.1721 0.7068 -0.1868 0.6602 -0.3779 0.5653 0.48 0.5543 -0.929 0.1461 -0.3054 -0.1495
-0.7241 0.3152 0.4741 0.3893 -0.5453 0.7061 0.206 0.402 -0.5363 0.3707 0.5009 0.5692 -0.5215 0.0295 0.6898 0.5013 -0.5274 0.2079 0.6805 -0.4642 -0.6576 -0.0112 0.665 0.3538 -0.6905 -0.1777 -0.6066 0.3517 0.1721 0.7068 -0.1868 0.6602 -0.3779 0.5653 0.48 0.5543 -0.929 0.1461 -0.3054 -0.1495
-0.7227 0.3005 0.4788 0.3976 -0.5513 0.682 0.2087 0.4329 -0.4991 0.3831 0.5084 0.588 -0.5215 0.0295 0.6898 0.5013 -0.5274 0.2079 0.6805 -0.4642 -0.6576 -0.0112 0.665 0.3538 -0.6905 -0.1777 -0.6066 0.3517 0.1721 0.7068 -0.1868 0.6602 -0.3954 0.5727 0.4758 0.5379 -0.929 0.1473 -0.3051 -0.1487
-0.7227 0.3005 0.4788 0.3976 -0.5513 0.682 0.2087 0.4329 -0.4991 0.3831 0.5084 0.588 -0.5215 0.0295 0.6898 0.5013 -0.5129 0.2048 0.6577 -0.5123 -0.6576 -0.0112 0.665 0.3538 -0.6905 -0.1777 -0.6066 0.3517 0.1721 0.7068 -0.1868 0.6602 -0.3954 0.5727 0.4758 0.5379 -0.929 0.1473 -0.3051 -0.1487
-0.7227 0.3005 0.4788 0.3976 -0.5513 0.682 0.2087 0.4329 -0.4991 0.3831 0.5084 0.588 -0.5215 0.0295 0.6898 0.5013 -0.5129 0.2048 0.6577 -0.5123 -0.6576 -0.0112 0.665 0.3538 -0.6905 -0.1777 -0.6066 0.3517 0.1721 0.7068 -0.1868 0.6602 -0.3954 0.5727 0.4758 0.5379 -0.929 0.1473 -0.3051 -0.1487
-0.7227 0.3005 0.4788 0.3976 -0.5513 0.682 0.2087 0.4329 -0.4991 0.3831 0.5084 0.588 -0.418 0.0437 0.7316 0.5367 -0.5129 0.2048 0.6577 -0.5123 -0.6576 -0.0112 0.665 0.3538 -0.6905 -0.1777 -0.6066 0.3517 0.1721 0.7068 -0.1868 0.6602 -0.3954 0.5727 0.4758 0.5379 -0.929 0.1473 -0.3051 -0.1487
-0.7227 0.3005 0.4788 0.3976 -0.5513 0.682 0.2087 0.4329 -0.4991 0.3831 0.5084 0.588 -0.418 0.0437 0.7316 0.5367 -0.5129 0.2048 0.6577 -0.5123 -0.6576 -0.0112 0.665 0.3538 -0.6905 -0.1777 -0.6066 0.3517 0.1721 0.7068 -0.1868 0.6602 -0.3954 0.5727 0.4758 0.5379 -0.929 0.1473 -0.3051 -0.1487
-0.7227 0.3005 0.4788 0.3976 -0.5513 0.682 0.2087 0.4329 -0.4991 0.3831 0.5084 0.588 -0.418 0.0437 0.7316 0.5367 -0.5129 0.2048 0.6577 -0.5123 -0.6576 -0.0112 0.665 0.3538 -0.6905 -0.1777 -0.6066 0.3517 0.1721 0.7068 -0.1868 0.6602 -0.3954 0.5727 0.4758 0.5379 -0.929 0.1473 -0.3051 -0.1487
-0.7227 0.3005 0.4788 0.3976 -0.5639 0.6533 0.2256 0.4521 -0.4991 0.3831 0.5084 0.588 -0.418 0.0437 0.7316 0.5367 -0.5129 0.2048 0.6577 -0.5123 -0.7162 0.1112 0.6472 0.236 -0.7576 -0.0593 -0.5034 0.4112 0.148 0.7089 -0.1851 0.6644 -0.4097 0.5818 0.4662 0.5258 -0.929 0.1473 -0.3051 -0.1487
-0.7264 0.2808 0.4886 0.3934 -0.5639 0.6533 0.2256 0.4521 -0.4852 0.3876 0.5323 0.5753 -0.418 0.0437 0.7316 0.5367 -0.5129 0.2048 0.6577 -0.5123 -0.7162 0.1112 0.6472 0.236 -0.7576 -0.0593 -0.5034 0.4112 0.148 0.7089 -0.1851 0.6644 -0.4097 0.5818 0.4662 0.5258 -0.9279 0.1495 -0.3079 -0.148
-0.7264 0.2808 0.4886 0.3934 -0.5639 0.6533 0.2256 0.4521 -0.4852 0.3876 0.5323 0.5753 -0.418 0.0437 0.7316 0.5367 -0.533 0.127 0.6872 -0.477 -0.7162 0.1112 0.6472 0.236 -0.7576 -0.0593 -0.5034 0.4112 0.148 0.7089 -0.1851 0.6644 -0.4097 0.5818 0.4662 0.5258 -0.9279 0.1495 -0.3079 -0.148
-0.7264 0.2808 0.4886 0.3934 -0.5639 0.6533 0.2256 0.4521 -0.4852 0.3876 0.5323 0.5753 -0.418 0.0437 0.7316 0.5367 -0.533 0.127 0.6872 -0.477 -0.7162 0.1112 0.6472 0.236 -0.7576 -0.0593 -0.5034 0.4112 0.148 0.7089 -0.1851 0.6644 -0.4097 0.5818 0.4662 0.5258 -0.9279 0.1495 -0.3079 -0.148
-0.7264 0.2808 0.4886 0.3934 -0.5639 0.6533 0.2256 0.4521 -0.4852 0.3876 0.5323 0.5753 -0.3419 0.0841 0.7472 0.5637 -0.533 0.127 0.6872 -0.477 -0.7162 0.1112 0.6472 0.236 -0.7576 -0.0593 -0.5034 0.4112 0.148 0.7089 -0.1851 0.6644 -0.4097 0.5818 0.4662 0.5258 -0.9279 0.1495 -0.3079 -0.148
-0.7264 0.2808 0.4886 0.3934 -0.5639 0.6533 0.2256 0.4521 -0.4852 0.3876 0.5323 0.5753 -0.3419 0.0841 0.7472 0.5637 -0.533 0.127 0.6872 -0.477 -0.7162 0.1112 0.6472 0.236 -0.7576 -0.0593 -0.5034 0.4112 0.148 0.7089 -0.1851 0.6644 -0.4097 0.5818 0.4662 0.5258 -0.9279 0.1495 -0.3079 -0.148
-0.7264 0.2808 0.4886 0.3934 -0.5639 0.6533 0.2256 0.4521 -0.4852 0.3876 0.5323 0.5753 -0.3419 0.0841 0.7472 0.5637 -0.533 0.127 0.6872 -0.477 -0.8022 0.1316 0.5819 -0.0235 -0.8375 0.1534 -0.3908 0.3497 0.1207 0.7106 -0.1809 0.6691 -0.4097 0.5818 0.4662 0.5258 -0.9279 0.1495 -0.3079 -0.148
-0.7264 0.2808 0.4886 0.3934 -0.5739 0.6484 0.2352 0.4413 -0.4852 0.3876 0.5323 0.5753 -0.3419 0.0841 0.7472 0.5637 -0.533 0.127 0.6872 -0.477 -0.8022 0.1316 0.5819 -0.0235 -0.8375 0.1534 -0.3908 0.3497 0.1207 0.7106 -0.1809 0.6691 -0.4097 0.5818 0.4662 0.5258 -0.9279 0.1495 -0.3079 -0.148
-0.7264 0.2808 0.4886 0.3934 -0.5739 0.6484 0.2352 0.4413 -0.4852 0.3876 0.5323 0.5753 -0.3419 0.0841 0.7472 0.5637 -0.533 0.127 0.6872 -0.477 -0.8022 0.1316 0.5819 -0.0235 -0.8375 0.1534 -0.3908 0.3497 0.1207 0.7106 -0.1809 0.6691 -0.4097 0.5818 0.4662 0.5258 -0.9271 0.1507 -0.3093 -0.1491
-0.7264 0.2808 0.4886 0.3934 -0.5739 0.6484 0.2352 0.4413 -0.4852 0.3876 0.5323 0.5753 -0.3419 0.0841 0.7472 0.5637 -0.533 0.127 0.6872 -0.477 -0.8022 0.1316 0.5819 -0.0235 -0.8375 0.1534 -0.3908 0.3497 0.1207 0.7106 -0.1809 0.6691 -0.4097 0.5818 0.4662 0.5258 -0.9271 0.1507 -0.3093 -0.1491
-0.7264 0.2808 0.4886 0.3934 -0.5739 0.6484 0.2352 0.4413 -0.4852 0.3876 0.5323 0.5753 -0.3419 0.0841 0.7472 0.5637 -0.6047 -0.0454 0.6277 -0.488 -0.8022 0.1316 0.5819 -0.0235 -0.8375 0.1534 -0.3908 0.3497 0.1207 0.7106 -0.1809 0.6691 -0.4097 0.5818 0.4662 0.5258 -0.9271 0.1507 -0.3093 -0.1491
-0.7264 0.2808 0.4886 0.3934 -0.5739 0.6484 0.2352 0.4413 -0.4852 0.3876 0.5323 0.5753 -0.3419 0.0841 0.7472 0.5637 -0.6047 -0.0454 0.6277 -0.488 -0.8022 0.1316 0.5819 -0.0235 -0.8375 0.1534 -0.3908 0.3497 0.1207 0.7106 -0.1809 0.6691 -0.4097 0.5818 0.4662 0.5258 -0.9271 0.1507 -0.3093 -0.1491
-0.7264 0.2808 0.4886 0.3934 -0.5739 0.6484 0.2352 0.4413 -0.4852 0.3876 0.5323 0.5753 -0.3515 0.0967 0.7401 0.5652 -0.6047 -0.0454 0.6277 -0.488 -0.8022 0.1316 0.5819 -0.0235 -0.8375 0.1534 -0.3908 0.3497 0.1207 0.7106 -0.1809 0.6691 -0.4097 0.5818 0.4662 0.5258 -0.9271 0.1507 -0.3093 -0.1491
-0.7264 0.2808 0.4886 0.3934 -0.5781 0.6492 0.2494 0.4268 -0.4852 0.3876 0.5323 0.5753 -0.3515 0.0967 0.7401 0.5652 -0.6047 -0.0454 0.6277 -0.488 -0.7521 0.2379 0.6144 -0.0195 -0.8815 0.1046 -0.2231 0.4028 0.0842 0.7086 -0.1763 0.678 -0.4097 0.5818 0.4662 0.5258 -0.9271 0.1507 -0.3093 -0.1491
-0.7264 0.2808 0.4886 0.3934 -0.5781 0.6492 0.2494 0.4268 -0.4852 0.3876 0.5323 0.5753 -0.3515 0.0967 0.7401 0.5652 -0.6047 -0.0454 0.6277 -0.488 -0.7521 0.2379 0.6144 -0.0195 -0.8815 0.1046 -0.2231 0.4028 0.0842 0.7086 -0.1763 0.678 -0.4097 0.5818 0.4662 0.5258 -0.9271 0.1507 -0.3093 -0.1491
-0.7264 0.2808 0.4886 0.3934 -0.5781 0.6492 0.2494 0.4268 -0.4852 0.3876 0.5323 0.5753 -0.3515 0.0967 0.7401 0.5652 -0.6047 -0.0454 0.6277 -0.488 -0.7521 0.2379 0.6144 -0.0195 -0.8815 0.1046 -0.2231 0.4028 0.0842 0.7086 -0.1763 0.678 -0.4097 0.5818 0.4662 0.5258 -0.926 0.1534 -0.312 -0.1472
-0.7264 0.2808 0.4886 0.3934 -0.5781 0.6492 0.2494 0.4268 -0.4852 0.3876 0.5323 0.5753 -0.3515 0.0967 0.7401 0.5652 -0.6118 -0.0667 0.6774 -0.403 -0.7521 0.2379 0.6144 -0.0195 -0.8815 0.1046 -0.2231 0.4028 0.0842 0.7086 -0.1763 0.678 -0.4097 0.5818 0.4662 0.5258 -0.926 0.1534 -0.312 -0.1472
-0.7264 0.2808 0.4886 0.3934 -0.5781 0.6492 0.2494 0.4268 -0.4852 0.3876 0.5323 0.5753 -0.3515 0.0967 0.7401 0.5652 -0.6118 -0.0667 0.6774 -0.403 -0.7521 0.2379 0.6144 -0.0195 -0.8815 0.1046 -0.2231 0.4028 0.0842 0.7086 -0.1763 0.678 -0.4097 0.5818 0.4662 0.5258 -0.926 0.1534 -0.312 -0.1472
-0.7264 0.2808 0.4886 0.3934 -0.5781 0.6492 0.2494 0.4268 -0.4852 0.3876 0.5323 0.5753 -0.3515 0.0967 0.7401 0.5652 -0.6118 -0.0667 0.6774 -0.403 -0.7521 0.2379 0.6144 -0.0195 -0.8815 0.1046 -0.2231 0.4028 0.0842 0.7086 -0.1763 0.678 -0.4097 0.5818 0.4662 0.5258 -0.926 0.1534 -0.312 -0.1472
-0.7264 0.2808 0.4886 0.3934 -0.5781 0.6492 0.2494 0.4268 -0.4852 0.3876 0.5323 0.5753 -0.4728 0.0949 0.7176 0.5024 -0.6118 -0.0667 0.6774 -0.403 -0.7521 0.2379 0.6144 -0.0195 -0.8815 0.1046 -0.2231 0.4028 0.0752 0.701 -0.1954 0.6817 -0.4097 0.5818 0.4662 0.5258 -0.926 0.1534 -0.312 -0.1472
-0.7264 0.2808 0.4886 0.3934 -0.5781 0.6492 0.2494 0.4268 -0.4852 0.3876 0.5323 0.5753 -0.4728 0.0949 0.7176 0.5024 -0.6118 -0.0667 0.6774 -0.403 -0.7521 0.2379 0.6144 -0.0195 -0.8815 0.1046 -0.2231 0.4028 0.0752 0.701 -0.1954 0.6817 -0.4097 0.5818 0.4662 0.5258 -0.926 0.1534 -0.312 -0.1472
-0.7318 0.2388 0.5259 0.3616 -0.5693 0.6693 0.2725 0.3918 -0.4852 0.3876 0.5323 0.5753 -0.4728 0.0949 0.7176 0.5024 -0.6118 -0.0667 0.6774 -0.403 -0.7398 0.1402 0.6512 0.0947 -0.8815 0.1046 -0.2231 0.4028 0.0752 0.701 -0.1954 0.6817 -0.4097 0.5818 0.4662 0.5258 -0.926 0.1534 -0.312 -0.1472
-0.7318 0.2388 0.5259 0.3616 -0.5693 0.6693 0.2725 0.3918 -0.4852 0.3876 0.5323 0.5753 -0.4728 0.0949 0.7176 0.5024 -0.6118 -0.0667 0.6774 -0.403 -0.7398 0.1402 0.6512 0.0947 -0.8815 0.1046 -0.2231 0.4028 0.0752 0.701 -0.1954 0.6817 -0.4861 0.605 0.4213 0.4692 -0.9238 0.1548 -0.3172 -0.1481
-0.7318 0.2388 0.5259 0.3616 -0.5693 0.6693 0.2725 0.3918 -0.4852 0.3876 0.5323 0.5753 -0.4728 0.0949 0.7176 0.5024 -0.6118 -0.0667 0.6774 -0.403 -0.7398 0.1402 0.6512 0.0947 -0.8815 0.1046 -0.2231 0.4028 0.0752 0.701 -0.1954 0.6817 -0.4861 0.605 0.4213 0.4692 -0.9238 0.1548 -0.3172 -0.1481
-0.7318 0.2388 0.5259 0.3616 -0.5693 0.6693 0.2725 0.3918 -0.4852 0.3876 0.5323 0.5753 -0.4728 0.0949 0.7176 0.5024 -0.6364 -0.0398 0.7264 -0.2563 -0.7398 0.1402 0.6512 0.0947 -0.8815 0.1046 -0.2231 0.4028 0.0752 0.701 -0.1954 0.6817 -0.4861 0.605 0.4213 0.4692 -0.9238 0.1548 -0.3172 -0.1481
-0.7318 0.2388 0.5259 0.3616 -0.5693 0.6693 0.2725 0.3918 -0.4852 0.3876 0.5323 0.5753 -0.6434 0.0554 0.6655 0.3744 -0.6364 -0.0398 0.7264 -0.2563 -0.7398 0.1402 0.6512 0.0947 -0.8815 0.1046 -0.2231 0.4028 0.0752 0.701 -0.1954 0.6817 -0.4861 0.605 0.4213 0.4692 -0.9238 0.1548 -0.3172 -0.1481
-0.7318 0.2388 0.5259 0.3616 -0.5693 0.6693 0.2725 0.3918 -0.4852 0.3876 0.5323 0.5753 -0.6434 0.0554 0.6655 0.3744 -0.6364 -0.0398 0.7264 -0.2563 -0.7398 0.1402 0.6512 0.0947 -0.8815 0.1046 -0.2231 0.4028 0.0752 0.701 -0.1954 0.6817 -0.4861 0.605 0.4213 0.4692 -0.9238 0.1548 -0.3172 -0.1481
-0.7318 0.2388 0.5259 0.3616 -0.5693 0.6693 0.2725 0.3918 -0.4852 0.3876 0.5323 0.5753 -0.6434 0.0554 0.6655 0.3744 -0.6364 -0.0398 0.7264 -0.2563 -0.7398 0.1402 0.6512 0.0947 -0.8815 0.1046 -0.2231 0.4028 0.0752 0.701 -0.1954 0.6817 -0.4861 0.605 0.4213 0.4692 -0.9238 0.1548 -0.3172 -0.1481
-0.7179 0.2478 0.5463 0.3532 -0.5437 0.6882 0.285 0.3866 -0.4852 0.3876 0.5323 0.5753 -0.6434 0.0554 0.6655 0.3744 -0.6364 -0.0398 0.7264 -0.2563 -0.7221 0.0809 0.6771 0.1168 -0.8271 0.0655 -0.3351 0.4465 0.0753 0.6919 -0.2009 0.6894 -0.4861 0.605 0.4213 0.4692 -0.9238 0.1548 -0.3172 -0.1481
-0.7179 0.2478 0.5463 0.3532 -0.5437 0.6882 0.285 0.3866 -0.6061 0.3754 0.5538 0.4301 -0.6434 0.0554 0.6655 0.3744 -0.6364 -0.0398 0.7264 -0.2563 -0.7221 0.0809 0.6771 0.1168 -0.8271 0.0655 -0.3351 0.4465 0.0753 0.6919 -0.2009 0.6894 -0.5367 0.625 0.3779 0.4224 -0.8923 0.1872 -0.3849 -0.1434
-0.7179 0.2478 0.5463 0.3532 -0.5437 0.6882 0.285 0.3866 -0.6061 0.3754 0.5538 0.4301 -0.6434 0.0554 0.6655 0.3744 -0.622 -0.095 0.7162 -0.3018 -0.7221 0.0809 0.6771 0.1168 -0.8271 0.0655 -0.3351 0.4465 0.0753 0.6919 -0.2009 0.6894 -0.5367 0.625 0.3779 0.4224 -0.8923 0.1872 -0.3849 -0.1434
-0.7179 0.2478 0.5463 0.3532 -0.5437 0.6882 0.285 0.3866 -0.6061 0.3754 0.5538 0.4301 -0.6434 0.0554 0.6655 0.3744 -0.622 -0.095 0.7162 -0.3018 -0.7221 0.0809 0.6771 0.1168 -0.8271 0.0655 -0.3351 0.4465 0.0753 0.6919 -0.2009 0.6894 -0.5367 0.625 0.3779 0.4224 -0.8923 0.1872 -0.3849 -0.1434
-0.7179 0.2478 0.5463 0.3532 -0.5437 0.6882 0.285 0.3866 -0.6061 0.3754 0.5538 0.4301 -0.6434 0.0554 0.6655 0.3744 -0.622 -0.095 0.7162 -0.3018 -0.7221 0.0809 0.6771 0.1168 -0.8271 0.0655 -0.3351 0.4465 0.0753 0.6919 -0.2009 0.6894 -0.5367 0.625 0.3779 0.4224 -0.8923 0.1872 -0.3849 -0.1434
-0.7179 0.2478 0.5463 0.3532 -0.5437 0.6882 0.285 0.3866 -0.6061 0.3754 0.5538 0.4301 -0.6434 0.0554 0.6655 0.3744 -0.622 -0.095 0.7162 -0.3018 -0.7221 0.0809 0.6771 0.1168 -0.8271 0.0655 -0.3351 0.4465 0.0753 0.6919 -0.2009 0.6894 -0.5367 0.625 0.3779 0.4224 -0.8923 0.1872 -0.3849 -0.1434
-0.7179 0.2478 0.5463 0.3532 -0.5437 0.6882 0.285 0.3866 -0.6061 0.3754 0.5538 0.4301 -0.6434 0.0554 0.6655 0.3744 -0.622 -0.095 0.7162 -0.3018 -0.7221 0.0809 0.6771 0.1168 -0.8271 0.0655 -0.3351 0.4465 0.0753 0.6919 -0.2009 0.6894 -0.5367 0.625 0.3779 0.4224 -0.8923 0.1872 -0.3849 -0.1434
-0.7179 0.2478 0.5463 0.3532 -0.5247 0.6978 0.2935 0.3893 -0.6061 0.3754 0.5538 0.4301 -0.7451 0.0953 0.5681 0.3362 -0.622 -0.095 0.7162 -0.3018 -0.7087 0.0421 0.6911 0.1357 -0.8265 0.0586 -0.3307 0.4517 0.1385 0.6744 -0.1736 0.7041 -0.5754 0.6765 0.2903 0.3563 -0.8923 0.1872 -0.3849 -0.1434
-0.7024 0.2765 0.5471 0.3619 -0.5247 0.6978 0.2935 0.3893 -0.6307 0.4261 0.4626 0.4545 -0.7451 0.0953 0.5681 0.3362 -0.622 -0.095 0.7162 -0.3018 -0.7087 0.0421 0.6911 0.1357 -0.8265 0.0586 -0.3307 0.4517 0.1385 0.6744 -0.1736 0.7041 -0.5754 0.6765 0.2903 0.3563 -0.7679 0.2176 -0.5835 -0.1497
-0.7024 0.2765 0.5471 0.3619 -0.5247 0.6978 0.2935 0.3893 -0.6307 0.4261 0.4626 0.4545 -0.7451 0.0953 0.5681 0.3362 -0.6118 -0.1055 0.7311 -0.2829 -0.7087 0.0421 0.6911 0.1357 -0.8265 0.0586 -0.3307 0.4517 0.1385 0.6744 -0.1736 0.7041 -0.5754 0.6765 0.2903 0.3563 -0.7679 0.2176 -0.5835 -0.1497
-0.7024 0.2765 0.5471 0.3619 -0.5247 0.6978 0.2935 0.3893 -0.6307 0.4261 0.4626 0.4545 -0.7451 0.0953 0.5681 0.3362 -0.6118 -0.1055 0.7311 -0.2829 -0.7087 0.0421 0.6911 0.1357 -0.8265 0.0586 -0.3307 0.4517 0.1385 0.6744 -0.1736 0.7041 -0.5754 0.6765 0.2903 0.3563 -0.7679 0.2176 -0.5835 -0.1497
-0.7024 0.2765 0.5471 0.3619 -0.5247 0.6978 0.2935 0.3893 -0.6307 0.4261 0.4626 0.4545 -0.7664 0.1088 0.5255 0.3531 -0.6118 -0.1055 0.7311 -0.2829 -0.7087 0.0421 0.6911 0.1357 -0.8265 0.0586 -0.3307 0.4517 0.1385 0.6744 -0.1736 0.7041 -0.5754 0.6765 0.2903 0.3563 -0.7679 0.2176 -0.5835 -0.1497
-0.7024 0.2765 0.5471 0.3619 -0.5247 0.6978 0.2935 0.3893 -0.6307 0.4261 0.4626 0.4545 -0.7664 0.1088 0.5255 0.3531 -0.6118 -0.1055 0.7311 -0.2829 -0.7087 0.0421 0.6911 0.1357 -0.8264 0.0494 -0.3304 0.4533 0.1995 0.6598 -0.0926 0.7186 -0.5754 0.6765 0.2903 0.3563 -0.7679 0.2176 -0.5835 -0.1497
-0.7024 0.2765 0.5471 0.3619 -0.5247 0.6978 0.2935 0.3893 -0.6307 0.4261 0.4626 0.4545 -0.7664 0.1088 0.5255 0.3531 -0.6118 -0.1055 0.7311 -0.2829 -0.7087 0.0421 0.6911 0.1357 -0.8264 0.0494 -0.3304 0.4533 0.1995 0.6598 -0.0926 0.7186 -0.5754 0.6765 0.2903 0.3563 -0.7679 0.2176 -0.5835 -0.1497
-0.6971 0.3018 0.5413 0.3606 -0.5202 0.6963 0.291 0.3998 -0.6307 0.4261 0.4626 0.4545 -0.7664 0.1088 0.5255 0.3531 -0.6118 -0.1055 0.7311 -0.2829 -0.6941 -0.0012 0.7039 0.1507 -0.8264 0.0494 -0.3304 0.4533 0.1995 0.6598 -0.0926 0.7186 -0.5754 0.6765 0.2903 0.3563 -0.7679 0.2176 -0.5835 -0.1497
-0.6971 0.3018 0.5413 0.3606 -0.5202 0.6963 0.291 0.3998 -0.6753 0.3715 0.4895 0.4078 -0.7664 0.1088 0.5255 0.3531 -0.6118 -0.1055 0.7311 -0.2829 -0.6941 -0.0012 0.7039 0.1507 -0.8264 0.0494 -0.3304 0.4533 0.1995 0.6598 -0.0926 0.7186 -0.5754 0.6765 0.2903 0.3563 -0.7679 0.2176 -0.5835 -0.1497
-0.6971 0.3018 0.5413 0.3606 -0.5202 0.6963 0.291 0.3998 -0.6753 0.3715 0.4895 0.4078 -0.7664 0.1088 0.5255 0.3531 -0.6118 -0.1055 0.7311 -0.2829 -0.6941 -0.0012 0.7039 0.1507 -0.8264 0.0494 -0.3304 0.4533 0.1995 0.6598 -0.0926 0.7186 -0.5754 0.6765 0.2903 0.3563 -0.7679 0.2176 -0.5835 -0.1497
-0.6971 0.3018 0.5413 0.3606 -0.5202 0.6963 0.291 0.3998 -0.6753 0.3715 0.4895 0.4078 -0.7664 0.1088 0.5255 0.3531 -0.6202 -0.1373 0.7292 -0.2543 -0.6941 -0.0012 0.7039 0.1507 -0.8264 0.0494 -0.3304 0.4533 0.1995 0.6598 -0.0926 0.7186 -0.5754 0.6765 0.2903 0.3563 -0.7679 0.2176 -0.5835 -0.1497
-0.6971 0.3018 0.5413 0.3606 -0.5202 0.6963 0.291 0.3998 -0.6753 0.3715 0.4895 0.4078 -0.7664 0.1088 0.5255 0.3531 -0.6202 -0.1373 0.7292 -0.2543 -0.6941 -0.0012 0.7039 0.1507 -0.8264 0.0494 -0.3304 0.4533 0.1995 0.6598 -0.0926 0.7186 -0.5754 0.6765 0.2903 0.3563 -0.7679 0.2176 -0.5835 -0.1497
-0.6971 0.3018 0.5413 0.3606 -0.5202 0.6963 0.291 0.3998 -0.6753 0.3715 0.4895 0.4078 -0.7466 0.0469 0.5768 0.3282 -0.6202 -0.1373 0.7292 -0.2543 -0.6941 -0.0012 0.7039 0.1507 -0.8278 0.0508 -0.3348 0.4473 0.2454 0.6587 -0.0497 0.7095 -0.5754 0.6765 0.2903 0.3563 -0.7679 0.2176 -0.5835 -0.1497
-0.6971 0.3018 0.5413 0.3606 -0.5115 0.6959 0.3033 0.4026 -0.6753 0.3715 0.4895 0.4078 -0.7466 0.0469 0.5768 0.3282 -0.6202 -0.1373 0.7292 -0.2543 -0.6941 -0.0012 0.7039 0.1507 -0.8278 0.0508 -0.3348 0.4473 0.2454 0.6587 -0.0497 0.7095 -0.5754 0.6765 0.2903 0.3563 -0.7679 0.2176 -0.5835 -0.1497
-0.6971 0.3018 0.5413 0.3606 -0.5115 0.6959 0.3033 0.4026 -0.6753 0.3715 0.4895 0.4078 -0.7466 0.0469 0.5768 0.3282 -0.6202 -0.1373 0.7292 -0.2543 -0.6941 -0.0012 0.7039 0.1507 -0.8278 0.0508 -0.3348 0.4473 0.2454 0.6587 -0.0497 0.7095 -0.5754 0.6765 0.2903 0.3563 -0.7679 0.2176 -0.5835 -0.1497
-0.6909 0.308 0.5558 0.3447 -0.5115 0.6959 0.3033 0.4026 -0.6763 0.3668 0.5159 0.3768 -0.7466 0.0469 0.5768 0.3282 -0.6202 -0.1373 0.7292 -0.2543 -0.6941 -0.0012 0.7039 0.1507 -0.8278 0.0508 -0.3348 0.4473 0.2454 0.6587 -0.0497 0.7095 -0.5803 0.644 0.3472 0.3577 -0.7875 0.2028 -0.5355 -0.2279
-0.6909 0.308 0.5558 0.3447 -0.5115 0.6959 0.3033 0.4026 -0.6763 0.3668 0.5159 0.3768 -0.7466 0.0469 0.5768 0.3282 -0.6374 -0.1506 0.7235 -0.218 -0.6941 -0.0012 0.7039 0.1507 -0.8278 0.0508 -0.3348 0.4473 0.2454 0.6587 -0.0497 0.7095 -0.5803 0.644 0.3472 0.3577 -0.7875 0.2028 -0.5355 -0.2279
-0.6909 0.308 0.5558 0.3447 -0.5115 0.6959 0.3033 0.4026 -0.6763 0.3668 0.5159 0.3768 -0.7466 0.0469 0.5768 0.3282 -0.6374 -0.1506 0.7235 -0.218 -0.6941 -0.0012 0.7039 0.1507 -0.8278 0.0508 -0.3348 0.4473 0.2454 0.6587 -0.0497 0.7095 -0.5803 0.644 0.3472 0.3577 -0.7875 0.2028 -0.5355 -0.2279
-0.6909 0.308 0.5558 0.3447 -0.5115 0.6959 0.3033 0.4026 -0.6763 0.3668 0.5159 0.3768 -0.7466 0.0469 0.5768 0.3282 -0.6374 -0.1506 0.7235 -0.218 -0.6941 -0.0012 0.7039 0.1507 -0.8278 0.0508 -0.3348 0.4473 0.2454 0.6587 -0.0497 0.7095 -0.5803 0.644 0.3472 0.3577 -0.7875 0.2028 -0.5355 -0.2279
-0.6909 0.308 0.5558 0.3447 -0.5115 0.6959 0.3033 0.4026 -0.6763 0.3668 0.5159 0.3768 -0.6936 0.0264 0.6317 0.3452 -0.6374 -0.1506 0.7235 -0.218 -0.6941 -0.0012 0.7039 0.1507 -0.8278 0.0516 -0.3406 0.4427 0.2803 0.6611 -0.0634 0.6931 -0.5803 0.644 0.3472 0.3577 -0.7875 0.2028 -0.5355 -0.2279
-0.6909 0.308 0.5558 0.3447 -0.5214 0.693 0.3286 0.3741 -0.6763 0.3668 0.5159 0.3768 -0.6936 0.0264 0.6317 0.3452 -0.6374 -0.1506 0.7235 -0.218 -0.6941 -0.0012 0.7039 0.1507 -0.8278 0.0516 -0.3406 0.4427 0.2803 0.6611 -0.0634 0.6931 -0.5803 0.644 0.3472 0.3577 -0.7875 0.2028 -0.5355 -0.2279
-0.7086 0.2792 0.5718 0.3049 -0.5214 0.693 0.3286 0.3741 -0.6763 0.3668 0.5159 0.3768 -0.6936 0.0264 0.6317 0.3452 -0.6374 -0.1506 0.7235 -0.218 -0.6941 -0.0012 0.7039 0.1507 -0.8278 0.0516 -0.3406 0.4427 0.2803 0.6611 -0.0634 0.6931 -0.5803 0.644 0.3472 0.3577 -0.7875 0.2028 -0.5355 -0.2279
-0.7086 0.2792 0.5718 0.3049 -0.5214 0.693 0.3286 0.3741 -0.6631 0.3846 0.5247 0.3704 -0.6936 0.0264 0.6317 0.3452 -0.6374 -0.1506 0.7235 -0.218 -0.6941 -0.0012 0.7039 0.1507 -0.8278 0.0516 -0.3406 0.4427 0.2803 0.6611 -0.0634 0.6931 -0.5803 0.644 0.3472 0.3577 -0.7875 0.2028 -0.5355 -0.2279
-0.7086 0.2792 0.5718 0.3049 -0.5214 0.693 0.3286 0.3741 -0.6631 0.3846 0.5247 0.3704 -0.6936 0.0264 0.6317 0.3452 -0.6533 -0.144 0.7206 -0.182 -0.6941 -0.0012 0.7039 0.1507 -0.8278 0.0516 -0.3406 0.4427 0.2803 0.6611 -0.0634 0.6931 -0.5803 0.644 0.3472 0.3577 -0.7875 0.2028 -0.5355 -0.2279
-0.7086 0.2792 0.5718 0.3049 -0.5214 0.693 0.3286 0.3741 -0.6631 0.3846 0.5247 0.3704 -0.6936 0.0264 0.6317 0.3452 -0.6533 -0.144 0.7206 -0.182 -0.6941 -0.0012 0.7039 0.1507 -0.8278 0.0516 -0.3406 0.4427 0.2803 0.6611 -0.0634 0.6931 -0.5803 0.644 0.3472 0.3577 -0.7875 0.2028 -0.5355 -0.2279
-0.7086 0.2792 0.5718 0.3049 -0.5214 0.693 0.3286 0.3741 -0.6631 0.3846 0.5247 0.3704 -0.6936 0.0264 0.6317 0.3452 -0.6533 -0.144 0.7206 -0.182 -0.6941 -0.0012 0.7039 0.1507 -0.8278 0.0516 -0.3406 0.4427 0.2803 0.6611 -0.0634 0.6931 -0.5803 0.644 0.3472 0.3577 -0.7875 0.2028 -0.5355 -0.2279
-0.7086 0.2792 0.5718 0.3049 -0.5214 0.693 0.3286 0.3741 -0.6631 0.3846 0.5247 0.3704 -0.6936 0.0264 0.6317 0.3452 -0.6533 -0.144 0.7206 -0.182 -0.6941 -0.0012 0.7039 0.1507 -0.8278 0.0516 -0.3406 0.4427 0.2803 0.6611 -0.0634 0.6931 -0.5803 0.644 0.3472 0.3577 -0.7875 0.2028 -0.5355 -0.2279
-0.7102 0.2877 0.5712 0.2941 -0.5188 0.7035 0.3298 0.3566 -0.6631 0.3846 0.5247 0.3704 -0.6936 0.0264 0.6317 0.3452 -0.6533 -0.144 0.7206 -0.182 -0.6639 0.019 0.7055 0.2472 -0.8278 0.0516 -0.3406 0.4427 0.2844 0.6586 -0.1262 0.6852 -0.5803 0.644 0.3472 0.3577 -0.7875 0.2028 -0.5355 -0.2279
-0.7102 0.2877 0.5712 0.2941 -0.5188 0.7035 0.3298 0.3566 -0.6631 0.3846 0.5247 0.3704 -0.6936 0.0264 0.6317 0.3452 -0.6533 -0.144 0.7206 -0.182 -0.6639 0.019 0.7055 0.2472 -0.8278 0.0516 -0.3406 0.4427 0.2844 0.6586 -0.1262 0.6852 -0.357 0.4988 0.4924 0.6175 -0.7875 0.2028 -0.5355 -0.2279
-0.7102 0.2877 0.5712 0.2941 -0.5188 0.7035 0.3298 0.3566 -0.6631 0.3846 0.5247 0.3704 -0.6936 0.0264 0.6317 0.3452 -0.6533 -0.144 0.7206 -0.182 -0.6639 0.019 0.7055 0.2472 -0.8278 0.0516 -0.3406 0.4427 0.2844 0.6586 -0.1262 0.6852 -0.357 0.4988 0.4924 0.6175 -0.9225 0.1934 -0.3162 -0.1074
-0.7102 0.2877 0.5712 0.2941 -0.5188 0.7035 0.3298 0.3566 -0.6631 0.3846 0.5247 0.3704 -0.6936 0.0264 0.6317 0.3452 -0.6619 -0.1616 0.7125 -0.1677 -0.6639 0.019 0.7055 0.2472 -0.8278 0.0516 -0.3406 0.4427 0.2844 0.6586 -0.1262 0.6852 -0.357 0.4988 0.4924 0.6175 -0.9225 0.1934 -0.3162 -0.1074
-0.7102 0.2877 0.5712 0.2941 -0.5188 0.7035 0.3298 0.3566 -0.6631 0.3846 0.5247 0.3704 -0.6936 0.0264 0.6317 0.3452 -0.6619 -0.1616 0.7125 -0.1677 -0.6639 0.019 0.7055 0.2472 -0.8278 0.0516 -0.3406 0.4427 0.2844 0.6586 -0.1262 0.6852 -0.357 0.4988 0.4924 0.6175 -0.9225 0.1934 -0.3162 -0.1074
-0.7102 0.2877 0.5712 0.2941 -0.5188 0.7035 0.3298 0.3566 -0.6631 0.3846 0.5247 0.3704 -0.6936 0.0264 0.6317 0.3452 -0.6619 -0.1616 0.7125 -0.1677 -0.6639 0.019 0.7055 0.2472 -0.8278 0.0516 -0.3406 0.4427 0.2844 0.6586 -0.1262 0.6852 -0.357 0.4988 0.4924 0.6175 -0.9225 0.1934 -0.3162 -0.1074
-0.7102 0.2877 0.5712 0.2941 -0.5188 0.7035 0.3298 0.3566 -0.6631 0.3846 0.5247 0.3704 -0.7084 0.0693 0.6057 0.3557 -0.6619 -0.1616 0.7125 -0.1677 -0.6639 0.019 0.7055 0.2472 -0.8197 0.0541 -0.378 0.4269 0.2907 0.658 -0.1716 0.6732 -0.357 0.4988 0.4924 0.6175 -0.9225 0.1934 -0.3162 -0.1074
-0.7102 0.2877 0.5712 0.2941 -0.5188 0.7035 0.3298 0.3566 -0.6631 0.3846 0.5247 0.3704 -0.7084 0.0693 0.6057 0.3557 -0.6619 -0.1616 0.7125 -0.1677 -0.6639 0.019 0.7055 0.2472 -0.8197 0.0541 -0.378 0.4269 0.2907 0.658 -0.1716 0.6732 -0.357 0.4988 0.4924 0.6175 -0.9225 0.1934 -0.3162 -0.1074
-0.7028 0.2982 0.5604 0.3212 -0.5099 0.7133 0.3147 0.3636 -0.6631 0.3846 0.5247 0.3704 -0.7084 0.0693 0.6057 0.3557 -0.6619 -0.1616 0.7125 -0.1677 -0.655 -0.004 0.7024 0.2784 -0.8197 0.0541 -0.378 0.4269 0.2907 0.658 -0.1716 0.6732 -0.357 0.4988 0.4924 0.6175 -0.9225 0.1934 -0.3162 -0.1074
-0.7028 0.2982 0.5604 0.3212 -0.5099 0.7133 0.3147 0.3636 -0.6672 0.3898 0.5024 0.3879 -0.7084 0.0693 0.6057 0.3557 -0.6619 -0.1616 0.7125 -0.1677 -0.655 -0.004 0.7024 0.2784 -0.8197 0.0541 -0.378 0.4269 0.2907 0.658 -0.1716 0.6732 -0.3506 0.5078 0.5004 0.6074 -0.9298 0.1323 -0.3154 -0.136
-0.7028 0.2982 0.5604 0.3212 -0.5099 0.7133 0.3147 0.3636 -0.6672 0.3898 0.5024 0.3879 -0.7084 0.0693 0.6057 0.3557 -0.6609 -0.17 0.71 -0.1736 -0.655 -0.004 0.7024 0.2784 -0.8197 0.0541 -0.378 0.4269 0.2907 0.658 -0.1716 0.6732 -0.3506 0.5078 0.5004 0.6074 -0.9298 0.1323 -0.3154 -0.136
-0.7028 0.2982 0.5604 0.3212 -0.5099 0.7133 0.3147 0.3636 -0.6672 0.3898 0.5024 0.3879 -0.7084 0.0693 0.6057 0.3557 -0.6609 -0.17 0.71 -0.1736 -0.655 -0.004 0.7024 0.2784 -0.8197 0.0541 -0.378 0.4269 0.2907 0.658 -0.1716 0.6732 -0.3506 0.5078 0.5004 0.6074 -0.9298 0.1323 -0.3154 -0.136
-0.7028 0.2982 0.5604 0.3212 -0.5099 0.7133 0.3147 0.3636 -0.6672 0.3898 0.5024 0.3879 -0.7283 0.0863 0.5831 0.3495 -0.6609 -0.17 0.71 -0.1736 -0.655 -0.004 0.7024 0.2784 -0.8197 0.0541 -0.378 0.4269 0.2907 0.658 -0.1716 0.6732 -0.3506 0.5078 0.5004 0.6074 -0.9298 0.1323 -0.3154 -0.136
-0.7028 0.2982 0.5604 0.3212 -0.5099 0.7133 0.3147 0.3636 -0.6672 0.3898 0.5024 0.3879 -0.7283 0.0863 0.5831 0.3495 -0.6609 -0.17 0.71 -0.1736 -0.655 -0.004 0.7024 0.2784 -0.8197 0.0541 -0.378 0.4269 0.2907 0.658 -0.1716 0.6732 -0.3506 0.5078 0.5004 0.6074 -0.9298 0.1323 -0.3154 -0.136
-0.7028 0.2982 0.5604 0.3212 -0.5099 0.7133 0.3147 0.3636 -0.6672 0.3898 0.5024 0.3879 -0.7283 0.0863 0.5831 0.3495 -0.6609 -0.17 0.71 -0.1736 -0.6248 -0.0632 0.6859 0.3678 -0.7901 -0.0222 -0.4747 0.3872 0.232 0.6883 -0.1697 0.6661 -0.3506 0.5078 0.5004 0.6074 -0.9298 0.1323 -0.3154 -0.136
-0.7028 0.2982 0.5604 0.3212 -0.5099 0.7133 0.3147 0.3636 -0.6672 0.3898 0.5024 0.3879 -0.7283 0.0863 0.5831 0.3495 -0.6609 -0.17 0.71 -0.1736 -0.6248 -0.0632 0.6859 0.3678 -0.7901 -0.0222 -0.4747 0.3872 0.232 0.6883 -0.1697 0.6661 -0.3506 0.5078 0.5004 0.6074 -0.9298 0.1323 -0.3154 -0.136
-0.6854 0.3168 0.5543 0.35 -0.5132 0.6877 0.2964 0.4192 -0.6554 0.3766 0.5157 0.4033 -0.7283 0.0863 0.5831 0.3495 -0.6609 -0.17 0.71 -0.1736 -0.6248 -0.0632 0.6859 0.3678 -0.7901 -0.0222 -0.4747 0.3872 0.232 0.6883 -0.1697 0.6661 -0.3524 0.5483 0.4763 0.5901 -0.931 0.1352 -0.3109 -0.1357
-0.6854 0.3168 0.5543 0.35 -0.5132 0.6877 0.2964 0.4192 -0.6554 0.3766 0.5157 0.4033 -0.7283 0.0863 0.5831 0.3495 -0.6608 -0.0814 0.714 -0.2167 -0.6248 -0.0632 0.6859 0.3678 -0.7901 -0.0222 -0.4747 0.3872 0.232 0.6883 -0.1697 0.6661 -0.3524 0.5483 0.4763 0.5901 -0.931 0.1352 -0.3109 -0.1357
-0.6854 0.3168 0.5543 0.35 -0.5132 0.6877 0.2964 0.4192 -0.6554 0.3766 0.5157 0.4033 -0.7283 0.0863 0.5831 0.3495 -0.6608 -0.0814 0.714 -0.2167 -0.6248 -0.0632 0.6859 0.3678 -0.7901 -0.0222 -0.4747 0.3872 0.232 0.6883 -0.1697 0.6661 -0.3524 0.5483 0.4763 0.5901 -0.931 0.1352 -0.3109 -0.1357
-0.6854 0.3168 0.5543 0.35 -0.5132 0.6877 0.2964 0.4192 -0.6554 0.3766 0.5157 0.4033 -0.7289 0.0538 0.5953 0.3337 -0.6608 -0.0814 0.714 -0.2167 -0.6248 -0.0632 0.6859 0.3678 -0.7901 -0.0222 -0.4747 0.3872 0.232 0.6883 -0.1697 0.6661 -0.3524 0.5483 0.4763 0.5901 -0.931 0.1352 -0.3109 -0.1357
-0.6854 0.3168 0.5543 0.35 -0.5132 0.6877 0.2964 0.4192 -0.6554 0.3766 0.5157 0.4033 -0.7289 0.0538 0.5953 0.3337 -0.6608 -0.0814 0.714 -0.2167 -0.6248 -0.0632 0.6859 0.3678 -0.7901 -0.0222 -0.4747 0.3872 0.232 0.6883 -0.1697 0.6661 -0.3524 0.5483 0.4763 0.5901 -0.931 0.1352 -0.3109 -0.1357
-0.6854 0.3168 0.5543 0.35 -0.5132 0.6877 0.2964 0.4192 -0.6554 0.3766 0.5157 0.4033 -0.7289 0.0538 0.5953 0.3337 -0.6608 -0.0814 0.714 -0.2167 -0.5811 -0.111 0.6688 0.4502 -0.6572 -0.2211 -0.654 0.3026 0.2073 0.6886 -0.2036 0.6644 -0.3524 0.5483 0.4763 0.5901 -0.931 0.1352 -0.3109 -0.1357
-0.6854 0.3168 0.5543 0.35 -0.5132 0.6877 0.2964 0.4192 -0.6554 0.3766 0.5157 0.4033 -0.7289 0.0538 0.5953 0.3337 -0.6608 -0.0814 0.714 -0.2167 -0.5811 -0.111 0.6688 0.4502 -0.6572 -0.2211 -0.654 0.3026 0.2073 0.6886 -0.2036 0.6644 -0.3524 0.5483 0.4763 0.5901 -0.931 0.1352 -0.3109 -0.1357
-0.6796 0.3256 0.5283 0.3912 -0.4978 0.695 0.2537 0.4526 -0.6314 0.392 0.504 0.4401 -0.7289 0.0538 0.5953 0.3337 -0.6608 -0.0814 0.714 -0.2167 -0.5811 -0.111 0.6688 0.4502 -0.6572 -0.2211 -0.654 0.3026 0.2073 0.6886 -0.2036 0.6644 -0.3453 0.5787 0.4621 0.5765 -0.9328 0.1334 -0.3041 -0.1403
-0.6796 0.3256 0.5283 0.3912 -0.4978 0.695 0.2537 0.4526 -0.6314 0.392 0.504 0.4401 -0.7289 0.0538 0.5953 0.3337 -0.6608 -0.0814 0.714 -0.2167 -0.5811 -0.111 0.6688 0.4502 -0.6572 -0.2211 -0.654 0.3026 0.2073 0.6886 -0.2036 0.6644 -0.3453 0.5787 0.4621 0.5765 -0.9328 0.1334 -0.3041 -0.1403
-0.6796 0.3256 0.5283 0.3912 -0.4978 0.695 0.2537 0.4526 -0.6314 0.392 0.504 0.4401 -0.7289 0.0538 0.5953 0.3337 -0.6259 0.0462 0.7157 -0.3065 -0.5811 -0.111 0.6688 0.4502 -0.6572 -0.2211 -0.654 0.3026 0.2073 0.6886 -0.2036 0.6644 -0.3453 0.5787 0.4621 0.5765 -0.9328 0.1334 -0.3041 -0.1403
-0.6796 0.3256 0.5283 0.3912 -0.4978 0.695 0.2537 0.4526 -0.6314 0.392 0.504 0.4401 -0.7289 0.0538 0.5953 0.3337 -0.6259 0.0462 0.7157 -0.3065 -0.5811 -0.111 0.6688 0.4502 -0.6572 -0.2211 -0.654 0.3026 0.2073 0.6886 -0.2036 0.6644 -0.3453 0.5787 0.4621 0.5765 -0.9328 0.1334 -0.3041 -0.1403
-0.6796 0.3256 0.5283 0.3912 -0.4978 0.695 0.2537 0.4526 -0.6314 0.392 0.504 0.4401 -0.672 0.0891 0.6149 0.403 -0.6259 0.0462 0.7157 -0.3065 -0.5811 -0.111 0.6688 0.4502 -0.5671 -0.2446 -0.7122 0.3337 0.2036 0.6917 -0.2221 0.6564 -0.3453 0.5787 0.4621 0.5765 -0.9328 0.1334 -0.3041 -0.1403
-0.6796 0.3256 0.5283 0.3912 -0.4978 0.695 0.2537 0.4526 -0.6314 0.392 0.504 0.4401 -0.672 0.0891 0.6149 0.403 -0.6259 0.0462 0.7157 -0.3065 -0.5811 -0.111 0.6688 0.4502 -0.5671 -0.2446 -0.7122 0.3337 0.2036 0.6917 -0.2221 0.6564 -0.3453 0.5787 0.4621 0.5765 -0.9328 0.1334 -0.3041 -0.1403
-0.6707 0.327 0.5317 0.4008 -0.4891 0.6904 0.2349 0.4785 -0.6314 0.392 0.504 0.4401 -0.672 0.0891 0.6149 0.403 -0.6259 0.0462 0.7157 -0.3065 -0.5844 -0.059 0.6386 0.4971 -0.5671 -0.2446 -0.7122 0.3337 0.2036 0.6917 -0.2221 0.6564 -0.3453 0.5787 0.4621 0.5765 -0.9328 0.1334 -0.3041 -0.1403
-0.6707 0.327 0.5317 0.4008 -0.4891 0.6904 0.2349 0.4785 -0.552 0.4446 0.472 0.5242 -0.672 0.0891 0.6149 0.403 -0.6259 0.0462 0.7157 -0.3065 -0.5844 -0.059 0.6386 0.4971 -0.5671 -0.2446 -0.7122 0.3337 0.2036 0.6917 -0.2221 0.6564 -0.3453 0.5787 0.4621 0.5765 -0.9318 0.131 -0.3061 -0.1445
-0.6707 0.327 0.5317 0.4008 -0.4891 0.6904 0.2349 0.4785 -0.552 0.4446 0.472 0.5242 -0.672 0.0891 0.6149 0.403 -0.5665 0.1505 0.6879 -0.4282 -0.5844 -0.059 0.6386 0.4971 -0.5671 -0.2446 -0.7122 0.3337 0.2036 0.6917 -0.2221 0.6564 -0.3453 0.5787 0.4621 0.5765 -0.9318 0.131 -0.3061 -0.1445
-0.6707 0.327 0.5317 0.4008 -0.4891 0.6904 0.2349 0.4785 -0.552 0.4446 0.472 0.5242 -0.672 0.0891 0.6149 0.403 -0.5665 0.1505 0.6879 -0.4282 -0.5844 -0.059 0.6386 0.4971 -0.5671 -0.2446 -0.7122 0.3337 0.2036 0.6917 -0.2221 0.6564 -0.3453 0.5787 0.4621 0.5765 -0.9318 0.131 -0.3061 -0.1445
-0.6707 0.327 0.5317 0.4008 -0.4891 0.6904 0.2349 0.4785 -0.552 0.4446 0.472 0.5242 -0.672 0.0891 0.6149 0.403 -0.5665 0.1505 0.6879 -0.4282 -0.5844 -0.059 0.6386 0.4971 -0.5671 -0.2446 -0.7122 0.3337 0.2036 0.6917 -0.2221 0.6564 -0.3453 0.5787 0.4621 0.5765 -0.9318 0.131 -0.3061 -0.1445
-0.6707 0.327 0.5317 0.4008 -0.4891 0.6904 0.2349 0.4785 -0.552 0.4446 0.472 0.5242 -0.5438 0.1164 0.6678 0.4948 -0.5665 0.1505 0.6879 -0.4282 -0.5844 -0.059 0.6386 0.4971 -0.6547 -0.2291 -0.6325 0.3447 0.1924 0.6972 -0.2253 0.6528 -0.3453 0.5787 0.4621 0.5765 -0.9318 0.131 -0.3061 -0.1445
-0.6707 0.327 0.5317 0.4008 -0.472 0.7068 0.2133 0.4819 -0.552 0.4446 0.472 0.5242 -0.5438 0.1164 0.6678 0.4948 -0.5665 0.1505 0.6879 -0.4282 -0.5844 -0.059 0.6386 0.4971 -0.6547 -0.2291 -0.6325 0.3447 0.1924 0.6972 -0.2253 0.6528 -0.3453 0.5787 0.4621 0.5765 -0.9318 0.131 -0.3061 -0.1445
-0.6707 0.327 0.5317 0.4008 -0.472 0.7068 0.2133 0.4819 -0.552 0.4446 0.472 0.5242 -0.5438 0.1164 0.6678 0.4948 -0.5665 0.1505 0.6879 -0.4282 -0.5844 -0.059 0.6386 0.4971 -0.6547 -0.2291 -0.6325 0.3447 0.1924 0.6972 -0.2253 0.6528 -0.3453 0.5787 0.4621 0.5765 -0.9318 0.131 -0.3061 -0.1445
-0.6584 0.3307 0.525 0.4261 -0.472 0.7068 0.2133 0.4819 -0.4894 0.4688 0.4506 0.5811 -0.5438 0.1164 0.6678 0.4948 -0.5665 0.1505 0.6879 -0.4282 -0.5844 -0.059 0.6386 0.4971 -0.6547 -0.2291 -0.6325 0.3447 0.1924 0.6972 -0.2253 0.6528 -0.3659 0.6104 0.4394 0.5482 -0.931 0.1288 -0.3065 -0.1505
-0.6584 0.3307 0.525 0.4261 -0.472 0.7068 0.2133 0.4819 -0.4894 0.4688 0.4506 0.5811 -0.5438 0.1164 0.6678 0.4948 -0.5229 0.2131 0.6588 -0.4971 -0.5844 -0.059 0.6386 0.4971 -0.6547 -0.2291 -0.6325 0.3447 0.1924 0.6972 -0.2253 0.6528 -0.3659 0.6104 0.4394 0.5482 -0.931 0.1288 -0.3065 -0.1505
-0.6584 0.3307 0.525 0.4261 -0.472 0.7068 0.2133 0.4819 -0.4894 0.4688 0.4506 0.5811 -0.5438 0.1164 0.6678 0.4948 -0.5229 0.2131 0.6588 -0.4971 -0.5844 -0.059 0.6386 0.4971 -0.6547 -0.2291 -0.6325 0.3447 0.1924 0.6972 -0.2253 0.6528 -0.3659 0.6104 0.4394 0.5482 -0.931 0.1288 -0.3065 -0.1505
-0.6584 0.3307 0.525 0.4261 -0.472 0.7068 0.2133 0.4819 -0.4894 0.4688 0.4506 0.5811 -0.3892 0.1143 0.7236 0.5584 -0.5229 0.2131 0.6588 -0.4971 -0.5844 -0.059 0.6386 0.4971 -0.6547 -0.2291 -0.6325 0.3447 0.1924 0.6972 -0.2253 0.6528 -0.3659 0.6104 0.4394 0.5482 -0.931 0.1288 -0.3065 -0.1505
-0.6584 0.3307 0.525 0.4261 -0.472 0.7068 0.2133 0.4819 -0.4894 0.4688 0.4506 0.5811 -0.3892 0.1143 0.7236 0.5584 -0.5229 0.2131 0.6588 -0.4971 -0.5844 -0.059 0.6386 0.4971 -0.7164 -0.1379 -0.5312 0.4308 0.1825 0.7 -0.2347 0.6493 -0.3659 0.6104 0.4394 0.5482 -0.931 0.1288 -0.3065 -0.1505
-0.6584 0.3307 0.525 0.4261 -0.472 0.7068 0.2133 0.4819 -0.4894 0.4688 0.4506 0.5811 -0.3892 0.1143 0.7236 0.5584 -0.5229 0.2131 0.6588 -0.4971 -0.5844 -0.059 0.6386 0.4971 -0.7164 -0.1379 -0.5312 0.4308 0.1825 0.7 -0.2347 0.6493 -0.3659 0.6104 0.4394 0.5482 -0.931 0.1288 -0.3065 -0.1505
-0.6588 0.3209 0.5349 0.4206 -0.472 0.7068 0.2133 0.4819 -0.4894 0.4688 0.4506 0.5811 -0.3892 0.1143 0.7236 0.5584 -0.5229 0.2131 0.6588 -0.4971 -0.5844 -0.059 0.6386 0.4971 -0.7164 -0.1379 -0.5312 0.4308 0.1825 0.7 -0.2347 0.6493 -0.3659 0.6104 0.4394 0.5482 -0.931 0.1288 -0.3065 -0.1505
-0.6588 0.3209 0.5349 0.4206 -0.472 0.7068 0.2133 0.4819 -0.4894 0.4688 0.4506 0.5811 -0.3892 0.1143 0.7236 0.5584 -0.5229 0.2131 0.6588 -0.4971 -0.5844 -0.059 0.6386 0.4971 -0.7164 -0.1379 -0.5312 0.4308 0.1825 0.7 -0.2347 0.6493 -0.3659 0.6104 0.4394 0.5482 -0.9296 0.1282 -0.309 -0.1547
-0.6588 0.3209 0.5349 0.4206 -0.472 0.7068 0.2133 0.4819 -0.4894 0.4688 0.4506 0.5811 -0.3892 0.1143 0.7236 0.5584 -0.5121 0.2303 0.6766 -0.4763 -0.5844 -0.059 0.6386 0.4971 -0.7164 -0.1379 -0.5312 0.4308 0.1825 0.7 -0.2347 0.6493 -0.3659 0.6104 0.4394 0.5482 -0.9296 0.1282 -0.309 -0.1547
-0.6588 0.3209 0.5349 0.4206 -0.472 0.7068 0.2133 0.4819 -0.4894 0.4688 0.4506 0.5811 -0.3892 0.1143 0.7236 0.5584 -0.5121 0.2303 0.6766 -0.4763 -0.5844 -0.059 0.6386 0.4971 -0.7164 -0.1379 -0.5312 0.4308 0.1825 0.7 -0.2347 0.6493 -0.3659 0.6104 0.4394 0.5482 -0.9296 0.1282 -0.309 -0.1547
-0.6588 0.3209 0.5349 0.4206 -0.472 0.7068 0.2133 0.4819 -0.4894 0.4688 0.4506 0.5811 -0.3004 0.1035 0.7421 0.5902 -0.5121 0.2303 0.6766 -0.4763 -0.5844 -0.059 0.6386 0.4971 -0.7164 -0.1379 -0.5312 0.4308 0.1825 0.7 -0.2347 0.6493 -0.3659 0.6104 0.4394 0.5482 -0.9296 0.1282 -0.309 -0.1547
-0.6588 0.3209 0.5349 0.4206 -0.472 0.7068 0.2133 0.4819 -0.4894 0.4688 0.4506 0.5811 -0.3004 0.1035 0.7421 0.5902 -0.5121 0.2303 0.6766 -0.4763 -0.5844 -0.059 0.6386 0.4971 -0.7766 -0.0682 -0.4058 0.4771 0.1663 0.7021 -0.2408 0.6492 -0.3659 0.6104 0.4394 0.5482 -0.9296 0.1282 -0.309 -0.1547
-0.6588 0.3209 0.5349 0.4206 -0.472 0.7068 0.2133 0.4819 -0.4894 0.4688 0.4506 0.5811 -0.3004 0.1035 0.7421 0.5902 -0.5121 0.2303 0.6766 -0.4763 -0.5844 -0.059 0.6386 0.4971 -0.7766 -0.0682 -0.4058 0.4771 0.1663 0.7021 -0.2408 0.6492 -0.3659 0.6104 0.4394 0.5482 -0.9296 0.1282 -0.309 -0.1547
-0.6556 0.3192 0.5359 0.4254 -0.472 0.7068 0.2133 0.4819 -0.4894 0.4688 0.4506 0.5811 -0.3004 0.1035 0.7421 0.5902 -0.5121 0.2303 0.6766 -0.4763 -0.5844 -0.059 0.6386 0.4971 -0.7766 -0.0682 -0.4058 0.4771 0.1663 0.7021 -0.2408 0.6492 -0.3659 0.6104 0.4394 0.5482 -0.9296 0.1282 -0.309 -0.1547
-0.6556 0.3192 0.5359 0.4254 -0.472 0.7068 0.2133 0.4819 -0.4894 0.4688 0.4506 0.5811 -0.3004 0.1035 0.7421 0.5902 -0.5121 0.2303 0.6766 -0.4763 -0.5844 -0.059 0.6386 0.4971 -0.7766 -0.0682 -0.4058 0.4771 0.1663 0.7021 -0.2408 0.6492 -0.3659 0.6104 0.4394 0.5482 -0.9269 0.1281 -0.3143 -0.1603
-0.6556 0.3192 0.5359 0.4254 -0.472 0.7068 0.2133 0.4819 -0.4894 0.4688 0.4506 0.5811 -0.3004 0.1035 0.7421 0.5902 -0.5627 0.1586 0.7045 -0.4024 -0.5844 -0.059 0.6386 0.4971 -0.7766 -0.0682 -0.4058 0.4771 0.1663 0.7021 -0.2408 0.6492 -0.3659 0.6104 0.4394 0.5482 -0.9269 0.1281 -0.3143 -0.1603
-0.6556 0.3192 0.5359 0.4254 -0.472 0.7068 0.2133 0.4819 -0.4894 0.4688 0.4506 0.5811 -0.3004 0.1035 0.7421 0.5902 -0.5627 0.1586 0.7045 -0.4024 -0.5844 -0.059 0.6386 0.4971 -0.7766 -0.0682 -0.4058 0.4771 0.1663 0.7021 -0.2408 0.6492 -0.3659 0.6104 0.4394 0.5482 -0.9269 0.1281 -0.3143 -0.1603
-0.6556 0.3192 0.5359 0.4254 -0.472 0.7068 0.2133 0.4819 -0.4894 0.4688 0.4506 0.5811 -0.3016 0.1052 0.7496 0.5797 -0.5627 0.1586 0.7045 -0.4024 -0.5844 -0.059 0.6386 0.4971 -0.7766 -0.0682 -0.4058 0.4771 0.1663 0.7021 -0.2408 0.6492 -0.3659 0.6104 0.4394 0.5482 -0.9269 0.1281 -0.3143 -0.1603
-0.6556 0.3192 0.5359 0.4254 -0.472 0.7068 0.2133 0.4819 -0.4894 0.4688 0.4506 0.5811 -0.3016 0.1052 0.7496 0.5797 -0.5627 0.1586 0.7045 -0.4024 -0.5844 -0.059 0.6386 0.4971 -0.7766 -0.0682 -0.4058 0.4771 0.1663 0.7021 -0.2408 0.6492 -0.3659 0.6104 0.4394 0.5482 -0.9269 0.1281 -0.3143 -0.1603
-0.6649 0.3169 0.5308 0.4194 -0.472 0.7068 0.2133 0.4819 -0.4894 0.4688 0.4506 0.5811 -0.3016 0.1052 0.7496 0.5797 -0.5627 0.1586 0.7045 -0.4024 -0.5844 -0.059 0.6386 0.4971 -0.8019 0.0101 -0.3271 0.4999 0.1445 0.7017 -0.2504 0.6512 -0.3659 0.6104 0.4394 0.5482 -0.9269 0.1281 -0.3143 -0.1603
-0.6649 0.3169 0.5308 0.4194 -0.472 0.7068 0.2133 0.4819 -0.4894 0.4688 0.4506 0.5811 -0.3016 0.1052 0.7496 0.5797 -0.5627 0.1586 0.7045 -0.4024 -0.5844 -0.059 0.6386 0.4971 -0.8019 0.0101 -0.3271 0.4999 0.1445 0.7017 -0.2504 0.6512 -0.3659 0.6104 0.4394 0.5482 -0.9269 0.1281 -0.3143 -0.1603
-0.6649 0.3169 0.5308 0.4194 -0.472 0.7068 0.2133 0.4819 -0.4675 0.4559 0.4523 0.6075 -0.3016 0.1052 0.7496 0.5797 -0.5627 0.1586 0.7045 -0.4024 -0.5844 -0.059 0.6386 0.4971 -0.8019 0.0101 -0.3271 0.4999 0.1445 0.7017 -0.2504 0.6512 -0.407 0.6411 0.4041 0.5099 -0.9241 0.1304 -0.3194 -0.164
-0.6649 0.3169 0.5308 0.4194 -0.472 0.7068 0.2133 0.4819 -0.4675 0.4559 0.4523 0.6075 -0.3016 0.1052 0.7496 0.5797 -0.6219 0.0437 0.7145 -0.3175 -0.5844 -0.059 0.6386 0.4971 -0.8019 0.0101 -0.3271 0.4999 0.1445 0.7017 -0.2504 0.6512 -0.407 0.6411 0.4041 0.5099 -0.9241 0.1304 -0.3194 -0.164
-0.6649 0.3169 0.5308 0.4194 -0.472 0.7068 0.2133 0.4819 -0.4675 0.4559 0.4523 0.6075 -0.3016 0.1052 0.7496 0.5797 -0.6219 0.0437 0.7145 -0.3175 -0.5844 -0.059 0.6386 0.4971 -0.8019 0.0101 -0.3271 0.4999 0.1445 0.7017 -0.2504 0.6512 -0.407 0.6411 0.4041 0.5099 -0.9241 0.1304 -0.3194 -0.164
-0.6649 0.3169 0.5308 0.4194 -0.472 0.7068 0.2133 0.4819 -0.4675 0.4559 0.4523 0.6075 -0.3638 0.1237 0.7151 0.584 -0.6219 0.0437 0.7145 -0.3175 -0.5844 -0.059 0.6386 0.4971 -0.8019 0.0101 -0.3271 0.4999 0.1445 0.7017 -0.2504 0.6512 -0.407 0.6411 0.4041 0.5099 -0.9241 0.1304 -0.3194 -0.164
-0.6649 0.3169 0.5308 0.4194 -0.472 0.7068 0.2133 0.4819 -0.4675 0.4559 0.4523 0.6075 -0.3638 0.1237 0.7151 0.584 -0.6219 0.0437 0.7145 -0.3175 -0.5844 -0.059 0.6386 0.4971 -0.8019 0.0101 -0.3271 0.4999 0.1445 0.7017 -0.2504 0.6512 -0.407 0.6411 0.4041 0.5099 -0.9241 0.1304 -0.3194 -0.164
-0.6649 0.3169 0.5308 0.4194 -0.472 0.7068 0.2133 0.4819 -0.4675 0.4559 0.4523 0.6075 -0.3638 0.1237 0.7151 0.584 -0.6219 0.0437 0.7145 -0.3175 -0.5844 -0.059 0.6386 0.4971 -0.7852 0.0596 -0.3575 0.5021 0.1077 0.6989 -0.2433 0.6639 -0.407 0.6411 0.4041 0.5099 -0.9241 0.1304 -0.3194 -0.164
-0.6694 0.3205 0.5308 0.4093 -0.472 0.7068 0.2133 0.4819 -0.4675 0.4559 0.4523 0.6075 -0.3638 0.1237 0.7151 0.584 -0.6219 0.0437 0.7145 -0.3175 -0.5844 -0.059 0.6386 0.4971 -0.7852 0.0596 -0.3575 0.5021 0.1077 0.6989 -0.2433 0.6639 -0.407 0.6411 0.4041 0.5099 -0.9241 0.1304 -0.3194 -0.164
-0.6694 0.3205 0.5308 0.4093 -0.472 0.7068 0.2133 0.4819 -0.4675 0.4559 0.4523 0.6075 -0.3638 0.1237 0.7151 0.584 -0.6219 0.0437 0.7145 -0.3175 -0.5844 -0.059 0.6386 0.4971 -0.7852 0.0596 -0.3575 0.5021 0.1077 0.6989 -0.2433 0.6639 -0.407 0.6411 0.4041 0.5099 -0.9193 0.1559 -0.3327 -0.1413
-0.6694 0.3205 0.5308 0.4093 -0.472 0.7068 0.2133 0.4819 -0.4675 0.4559 0.4523 0.6075 -0.3638 0.1237 0.7151 0.584 -0.6573 -0.0919 0.708 -0.2411 -0.5844 -0.059 0.6386 0.4971 -0.7852 0.0596 -0.3575 0.5021 0.1077 0.6989 -0.2433 0.6639 -0.407 0.6411 0.4041 0.5099 -0.9193 0.1559 -0.3327 -0.1413
-0.6694 0.3205 0.5308 0.4093 -0.472 0.7068 0.2133 0.4819 -0.4675 0.4559 0.4523 0.6075 -0.3638 0.1237 0.7151 0.584 -0.6573 -0.0919 0.708 -0.2411 -0.5844 -0.059 0.6386 0.4971 -0.7852 0.0596 -0.3575 0.5021 0.1077 0.6989 -0.2433 0.6639 -0.407 0.6411 0.4041 0.5099 -0.9193 0.1559 -0.3327 -0.1413
-0.6694 0.3205 0.5308 0.4093 -0.472 0.7068 0.2133 0.4819 -0.4675 0.4559 0.4523 0.6075 -0.3638 0.1237 0.7151 0.584 -0.6573 -0.0919 0.708 -0.2411 -0.5844 -0.059 0.6386 0.4971 -0.7852 0.0596 -0.3575 0.5021 0.1077 0.6989 -0.2433 0.6639 -0.407 0.6411 0.4041 0.5099 -0.9193 0.1559 -0.3327 -0.1413
-0.6694 0.3205 0.5308 0.4093 -0.472 0.7068 0.2133 0.4819 -0.4675 0.4559 0.4523 0.6075 -0.5075 0.1475 0.6631 0.5301 -0.6573 -0.0919 0.708 -0.2411 -0.5844 -0.059 0.6386 0.4971 -0.7903 0.0388 -0.3324 0.5132 0.1041 0.6897 -0.2182 0.6826 -0.407 0.6411 0.4041 0.5099 -0.9193 0.1559 -0.3327 -0.1413
-0.6694 0.3205 0.5308 0.4093 -0.472 0.7068 0.2133 0.4819 -0.4675 0.4559 0.4523 0.6075 -0.5075 0.1475 0.6631 0.5301 -0.6573 -0.0919 0.708 -0.2411 -0.5844 -0.059 0.6386 0.4971 -0.7903 0.0388 -0.3324 0.5132 0.1041 0.6897 -0.2182 0.6826 -0.407 0.6411 0.4041 0.5099 -0.9193 0.1559 -0.3327 -0.1413
-0.6851 0.3058 0.5435 0.3764 -0.4882 0.6826 0.2396 0.4882 -0.4675 0.4559 0.4523 0.6075 -0.5075 0.1475 0.6631 0.5301 -0.6573 -0.0919 0.708 -0.2411 -0.6966 0.1852 0.6696 0.179 -0.7903 0.0388 -0.3324 0.5132 0.1041 0.6897 -0.2182 0.6826 -0.407 0.6411 0.4041 0.5099 -0.8612 0.1924 -0.4545 -0.1215
-0.6851 0.3058 0.5435 0.3764 -0.4882 0.6826 0.2396 0.4882 -0.4675 0.4559 0.4523 0.6075 -0.5075 0.1475 0.6631 0.5301 -0.6573 -0.0919 0.708 -0.2411 -0.6966 0.1852 0.6696 0.179 -0.7903 0.0388 -0.3324 0.5132 0.1041 0.6897 -0.2182 0.6826 -0.407 0.6411 0.4041 0.5099 -0.8612 0.1924 -0.4545 -0.1215
-0.6851 0.3058 0.5435 0.3764 -0.4882 0.6826 0.2396 0.4882 -0.4675 0.4559 0.4523 0.6075 -0.5075 0.1475 0.6631 0.5301 -0.6549 -0.0781 0.7256 -0.1962 -0.6966 0.1852 0.6696 0.179 -0.7903 0.0388 -0.3324 0.5132 0.1041 0.6897 -0.2182 0.6826 -0.407 0.6411 0.4041 0.5099 -0.8612 0.1924 -0.4545 -0.1215
-0.6851 0.3058 0.5435 0.3764 -0.4882 0.6826 0.2396 0.4882 -0.4675 0.4559 0.4523 0.6075 -0.5075 0.1475 0.6631 0.5301 -0.6549 -0.0781 0.7256 -0.1962 -0.6966 0.1852 0.6696 0.179 -0.7903 0.0388 -0.3324 0.5132 0.1041 0.6897 -0.2182 0.6826 -0.407 0.6411 0.4041 0.5099 -0.8612 0.1924 -0.4545 -0.1215
-0.6851 0.3058 0.5435 0.3764 -0.4882 0.6826 0.2396 0.4882 -0.4675 0.4559 0.4523 0.6075 -0.5075 0.1475 0.6631 0.5301 -0.6549 -0.0781 0.7256 -0.1962 -0.6966 0.1852 0.6696 0.179 -0.7903 0.0388 -0.3324 0.5132 0.1041 0.6897 -0.2182 0.6826 -0.407 0.6411 0.4041 0.5099 -0.8612 0.1924 -0.4545 -0.1215
-0.6851 0.3058 0.5435 0.3764 -0.4882 0.6826 0.2396 0.4882 -0.4675 0.4559 0.4523 0.6075 -0.6296 0.1737 0.584 0.4821 -0.6549 -0.0781 0.7256 -0.1962 -0.6966 0.1852 0.6696 0.179 -0.7873 0.0277 -0.3268 0.5221 0.1718 0.6664 -0.175 0.704 -0.407 0.6411 0.4041 0.5099 -0.8612 0.1924 -0.4545 -0.1215
-0.6899 0.3127 0.5339 0.3756 -0.4915 0.7188 0.2467 0.4253 -0.4675 0.4559 0.4523 0.6075 -0.6296 0.1737 0.584 0.4821 -0.6549 -0.0781 0.7256 -0.1962 -0.6848 0.1314 0.6912 0.1898 -0.7873 0.0277 -0.3268 0.5221 0.1718 0.6664 -0.175 0.704 -0.407 0.6411 0.4041 0.5099 -0.8612 0.1924 -0.4545 -0.1215
-0.6899 0.3127 0.5339 0.3756 -0.4915 0.7188 0.2467 0.4253 -0.4675 0.4559 0.4523 0.6075 -0.6296 0.1737 0.584 0.4821 -0.6549 -0.0781 0.7256 -0.1962 -0.6848 0.1314 0.6912 0.1898 -0.7873 0.0277 -0.3268 0.5221 0.1718 0.6664 -0.175 0.704 -0.407 0.6411 0.4041 0.5099 -0.8612 0.1924 -0.4545 -0.1215
-0.6899 0.3127 0.5339 0.3756 -0.4915 0.7188 0.2467 0.4253 -0.4675 0.4559 0.4523 0.6075 -0.6296 0.1737 0.584 0.4821 -0.6549 -0.0781 0.7256 -0.1962 -0.6848 0.1314 0.6912 0.1898 -0.7873 0.0277 -0.3268 0.5221 0.1718 0.6664 -0.175 0.704 -0.5724 0.6918 0.2645 0.3516 -0.7169 0.2098 -0.6495 -0.1425
-0.6899 0.3127 0.5339 0.3756 -0.4915 0.7188 0.2467 0.4253 -0.4675 0.4559 0.4523 0.6075 -0.6296 0.1737 0.584 0.4821 -0.6476 -0.1205 0.7206 -0.2163 -0.6848 0.1314 0.6912 0.1898 -0.7873 0.0277 -0.3268 0.5221 0.1718 0.6664 -0.175 0.704 -0.5724 0.6918 0.2645 0.3516 -0.7169 0.2098 -0.6495 -0.1425
-0.6899 0.3127 0.5339 0.3756 -0.4915 0.7188 0.2467 0.4253 -0.4675 0.4559 0.4523 0.6075 -0.6296 0.1737 0.584 0.4821 -0.6476 -0.1205 0.7206 -0.2163 -0.6848 0.1314 0.6912 0.1898 -0.7873 0.0277 -0.3268 0.5221 0.1718 0.6664 -0.175 0.704 -0.5724 0.6918 0.2645 0.3516 -0.7169 0.2098 -0.6495 -0.1425
-0.6899 0.3127 0.5339 0.3756 -0.4915 0.7188 0.2467 0.4253 -0.4675 0.4559 0.4523 0.6075 -0.6296 0.1737 0.584 0.4821 -0.6476 -0.1205 0.7206 -0.2163 -0.6848 0.1314 0.6912 0.1898 -0.7873 0.0277 -0.3268 0.5221 0.1718 0.6664 -0.175 0.704 -0.5724 0.6918 0.2645 0.3516 -0.7169 0.2098 -0.6495 -0.1425
-0.6899 0.3127 0.5339 0.3756 -0.4915 0.7188 0.2467 0.4253 -0.4675 0.4559 0.4523 0.6075 -0.6913 0.1448 0.5614 0.4311 -0.6476 -0.1205 0.7206 -0.2163 -0.6848 0.1314 0.6912 0.1898 -0.7881 0.0229 -0.3281 0.5203 0.225 0.6611 -0.0874 0.7104 -0.5724 0.6918 0.2645 0.3516 -0.7169 0.2098 -0.6495 -0.1425
-0.6899 0.3127 0.5339 0.3756 -0.4915 0.7188 0.2467 0.4253 -0.4675 0.4559 0.4523 0.6075 -0.6913 0.1448 0.5614 0.4311 -0.6476 -0.1205 0.7206 -0.2163 -0.6747 0.1097 0.7014 0.2022 -0.7881 0.0229 -0.3281 0.5203 0.225 0.6611 -0.0874 0.7104 -0.5724 0.6918 0.2645 0.3516 -0.7169 0.2098 -0.6495 -0.1425
-0.6899 0.3127 0.5339 0.3756 -0.4915 0.7188 0.2467 0.4253 -0.4675 0.4559 0.4523 0.6075 -0.6913 0.1448 0.5614 0.4311 -0.6476 -0.1205 0.7206 -0.2163 -0.6747 0.1097 0.7014 0.2022 -0.7881 0.0229 -0.3281 0.5203 0.225 0.6611 -0.0874 0.7104 -0.6071 0.6701 0.2768 0.3253 -0.7169 0.2098 -0.6495 -0.1425
-0.6899 0.3127 0.5339 0.3756 -0.4915 0.7188 0.2467 0.4253 -0.4675 0.4559 0.4523 0.6075 -0.6913 0.1448 0.5614 0.4311 -0.6476 -0.1205 0.7206 -0.2163 -0.6747 0.1097 0.7014 0.2022 -0.7881 0.0229 -0.3281 0.5203 0.225 0.6611 -0.0874 0.7104 -0.6071 0.6701 0.2768 0.3253 -0.7123 0.1964 -0.6447 -0.1958
-0.6899 0.3127 0.5339 0.3756 -0.4915 0.7188 0.2467 0.4253 -0.4675 0.4559 0.4523 0.6075 -0.6913 0.1448 0.5614 0.4311 -0.6533 -0.1364 0.7213 -0.1851 -0.6747 0.1097 0.7014 0.2022 -0.7881 0.0229 -0.3281 0.5203 0.225 0.6611 -0.0874 0.7104 -0.6071 0.6701 0.2768 0.3253 -0.7123 0.1964 -0.6447 -0.1958
-0.6899 0.3127 0.5339 0.3756 -0.4915 0.7188 0.2467 0.4253 -0.4675 0.4559 0.4523 0.6075 -0.6913 0.1448 0.5614 0.4311 -0.6533 -0.1364 0.7213 -0.1851 -0.6747 0.1097 0.7014 0.2022 -0.7881 0.0229 -0.3281 0.5203 0.225 0.6611 -0.0874 0.7104 -0.6071 0.6701 0.2768 0.3253 -0.7123 0.1964 -0.6447 -0.1958
-0.6899 0.3127 0.5339 0.3756 -0.4915 0.7188 0.2467 0.4253 -0.4675 0.4559 0.4523 0.6075 -0.7029 0.1108 0.5779 0.3998 -0.6533 -0.1364 0.7213 -0.1851 -0.6747 0.1097 0.7014 0.2022 -0.7881 0.0229 -0.3281 0.5203 0.225 0.6611 -0.0874 0.7104 -0.6071 0.6701 0.2768 0.3253 -0.7123 0.1964 -0.6447 -0.1958
-0.6899 0.3127 0.5339 0.3756 -0.5085 0.7117 0.2854 0.3918 -0.4675 0.4559 0.4523 0.6075 -0.7029 0.1108 0.5779 0.3998 -0.6533 -0.1364 0.7213 -0.1851 -0.6747 0.1097 0.7014 0.2022 -0.7878 0.0217 -0.3307 0.519 0.2748 0.6612 -0.0564 0.6958 -0.6071 0.6701 0.2768 0.3253 -0.7123 0.1964 -0.6447 -0.1958
-0.7119 0.2952 0.5538 0.3152 -0.5085 0.7117 0.2854 0.3918 -0.4675 0.4559 0.4523 0.6075 -0.7029 0.1108 0.5779 0.3998 -0.6533 -0.1364 0.7213 -0.1851 -0.6747 0.1097 0.7014 0.2022 -0.7878 0.0217 -0.3307 0.519 0.2748 0.6612 -0.0564 0.6958 -0.6071 0.6701 0.2768 0.3253 -0.7123 0.1964 -0.6447 -0.1958
-0.7119 0.2952 0.5538 0.3152 -0.5085 0.7117 0.2854 0.3918 -0.4675 0.4559 0.4523 0.6075 -0.7029 0.1108 0.5779 0.3998 -0.6533 -0.1364 0.7213 -0.1851 -0.6747 0.1097 0.7014 0.2022 -0.7878 0.0217 -0.3307 0.519 0.2748 0.6612 -0.0564 0.6958 -0.6071 0.6701 0.2768 0.3253 -0.7123 0.1964 -0.6447 -0.1958
-0.7119 0.2952 0.5538 0.3152 -0.5085 0.7117 0.2854 0.3918 -0.6605 0.4 0.4911 0.4031 -0.7029 0.1108 0.5779 0.3998 -0.6533 -0.1364 0.7213 -0.1851 -0.6747 0.1097 0.7014 0.2022 -0.7878 0.0217 -0.3307 0.519 0.2748 0.6612 -0.0564 0.6958 -0.6071 0.6701 0.2768 0.3253 -0.84 0.1735 -0.4646 -0.2202
-0.7119 0.2952 0.5538 0.3152 -0.5085 0.7117 0.2854 0.3918 -0.6605 0.4 0.4911 0.4031 -0.7029 0.1108 0.5779 0.3998 -0.6595 -0.1342 0.7218 -0.1614 -0.6747 0.1097 0.7014 0.2022 -0.7878 0.0217 -0.3307 0.519 0.2748 0.6612 -0.0564 0.6958 -0.6071 0.6701 0.2768 0.3253 -0.84 0.1735 -0.4646 -0.2202
-0.7119 0.2952 0.5538 0.3152 -0.5085 0.7117 0.2854 0.3918 -0.6605 0.4 0.4911 0.4031 -0.7029 0.1108 0.5779 0.3998 -0.6595 -0.1342 0.7218 -0.1614 -0.6747 0.1097 0.7014 0.2022 -0.7878 0.0217 -0.3307 0.519 0.2748 0.6612 -0.0564 0.6958 -0.6071 0.6701 0.2768 0.3253 -0.84 0.1735 -0.4646 -0.2202
-0.7119 0.2952 0.5538 0.3152 -0.5085 0.7117 0.2854 0.3918 -0.6605 0.4 0.4911 0.4031 -0.7026 0.0977 0.601 0.3682 -0.6595 -0.1342 0.7218 -0.1614 -0.6747 0.1097 0.7014 0.2022 -0.7878 0.0217 -0.3307 0.519 0.2748 0.6612 -0.0564 0.6958 -0.6071 0.6701 0.2768 0.3253 -0.84 0.1735 -0.4646 -0.2202
-0.7119 0.2952 0.5538 0.3152 -0.5085 0.7117 0.2854 0.3918 -0.6605 0.4 0.4911 0.4031 -0.7026 0.0977 0.601 0.3682 -0.6595 -0.1342 0.7218 -0.1614 -0.6747 0.1097 0.7014 0.2022 -0.7878 0.0217 -0.3307 0.519 0.317 0.6514 -0.1031 0.6816 -0.6071 0.6701 0.2768 0.3253 -0.84 0.1735 -0.4646 -0.2202
-0.7119 0.2952 0.5538 0.3152 -0.5085 0.7117 0.2854 0.3918 -0.6605 0.4 0.4911 0.4031 -0.7026 0.0977 0.601 0.3682 -0.6595 -0.1342 0.7218 -0.1614 -0.6747 0.1097 0.7014 0.2022 -0.7878 0.0217 -0.3307 0.519 0.317 0.6514 -0.1031 0.6816 -0.6071 0.6701 0.2768 0.3253 -0.84 0.1735 -0.4646 -0.2202
-0.7108 0.2943 0.5629 0.3024 -0.5188 0.6995 0.3264 0.3676 -0.6777 0.4032 0.5013 0.3562 -0.7026 0.0977 0.601 0.3682 -0.6595 -0.1342 0.7218 -0.1614 -0.6601 0.0826 0.7004 0.2587 -0.7878 0.0217 -0.3307 0.519 0.317 0.6514 -0.1031 0.6816 -0.6071 0.6701 0.2768 0.3253 -0.84 0.1735 -0.4646 -0.2202
-0.7108 0.2943 0.5629 0.3024 -0.5188 0.6995 0.3264 0.3676 -0.6777 0.4032 0.5013 0.3562 -0.7026 0.0977 0.601 0.3682 -0.6595 -0.1342 0.7218 -0.1614 -0.6601 0.0826 0.7004 0.2587 -0.7878 0.0217 -0.3307 0.519 0.317 0.6514 -0.1031 0.6816 -0.6071 0.6701 0.2768 0.3253 -0.9147 0.1669 -0.329 -0.1652
-0.7108 0.2943 0.5629 0.3024 -0.5188 0.6995 0.3264 0.3676 -0.6777 0.4032 0.5013 0.3562 -0.7026 0.0977 0.601 0.3682 -0.6676 -0.1372 0.7178 -0.1419 -0.6601 0.0826 0.7004 0.2587 -0.7878 0.0217 -0.3307 0.519 0.317 0.6514 -0.1031 0.6816 -0.6071 0.6701 0.2768 0.3253 -0.9147 0.1669 -0.329 -0.1652
-0.7108 0.2943 0.5629 0.3024 -0.5188 0.6995 0.3264 0.3676 -0.6777 0.4032 0.5013 0.3562 -0.7026 0.0977 0.601 0.3682 -0.6676 -0.1372 0.7178 -0.1419 -0.6601 0.0826 0.7004 0.2587 -0.7878 0.0217 -0.3307 0.519 0.317 0.6514 -0.1031 0.6816 -0.6071 0.6701 0.2768 0.3253 -0.9147 0.1669 -0.329 -0.1652
-0.7108 0.2943 0.5629 0.3024 -0.5188 0.6995 0.3264 0.3676 -0.6777 0.4032 0.5013 0.3562 -0.691 0.1371 0.6045 0.3718 -0.6676 -0.1372 0.7178 -0.1419 -0.6601 0.0826 0.7004 0.2587 -0.7878 0.0217 -0.3307 0.519 0.317 0.6514 -0.1031 0.6816 -0.6071 0.6701 0.2768 0.3253 -0.9147 0.1669 -0.329 -0.1652
-0.7108 0.2943 0.5629 0.3024 -0.5188 0.6995 0.3264 0.3676 -0.6777 0.4032 0.5013 0.3562 -0.691 0.1371 0.6045 0.3718 -0.6676 -0.1372 0.7178 -0.1419 -0.6601 0.0826 0.7004 0.2587 -0.7839 0.0214 -0.3497 0.5127 0.317 0.6514 -0.1031 0.6816 -0.6071 0.6701 0.2768 0.3253 -0.9147 0.1669 -0.329 -0.1652
-0.7108 0.2943 0.5629 0.3024 -0.5657 0.6587 0.3855 0.3124 -0.6777 0.4032 0.5013 0.3562 -0.691 0.1371 0.6045 0.3718 -0.6676 -0.1372 0.7178 -0.1419 -0.6525 0.064 0.698 0.288 -0.7839 0.0214 -0.3497 0.5127 0.317 0.6514 -0.1031 0.6816 -0.6071 0.6701 0.2768 0.3253 -0.9147 0.1669 -0.329 -0.1652
-0.7108 0.2943 0.5629 0.3024 -0.5657 0.6587 0.3855 0.3124 -0.6777 0.4032 0.5013 0.3562 -0.691 0.1371 0.6045 0.3718 -0.6676 -0.1372 0.7178 -0.1419 -0.6525 0.064 0.698 0.288 -0.7839 0.0214 -0.3497 0.5127 0.317 0.6514 -0.1031 0.6816 -0.6071 0.6701 0.2768 0.3253 -0.9147 0.1669 -0.329 -0.1652
-0.7108 0.2943 0.5629 0.3024 -0.5657 0.6587 0.3855 0.3124 -0.6777 0.4032 0.5013 0.3562 -0.691 0.1371 0.6045 0.3718 -0.6676 -0.1372 0.7178 -0.1419 -0.6525 0.064 0.698 0.288 -0.7839 0.0214 -0.3497 0.5127 0.317 0.6514 -0.1031 0.6816 -0.6071 0.6701 0.2768 0.3253 -0.9495 0.156 -0.2523 -0.1025
-0.7108 0.2943 0.5629 0.3024 -0.5657 0.6587 0.3855 0.3124 -0.6777 0.4032 0.5013 0.3562 -0.691 0.1371 0.6045 0.3718 -0.6752 -0.1469 0.7105 -0.1332 -0.6525 0.064 0.698 0.288 -0.7839 0.0214 -0.3497 0.5127 0.317 0.6514 -0.1031 0.6816 -0.6071 0.6701 0.2768 0.3253 -0.9495 0.156 -0.2523 -0.1025
-0.7108 0.2943 0.5629 0.3024 -0.5657 0.6587 0.3855 0.3124 -0.6777 0.4032 0.5013 0.3562 -0.691 0.1371 0.6045 0.3718 -0.6752 -0.1469 0.7105 -0.1332 -0.6525 0.064 0.698 0.288 -0.7839 0.0214 -0.3497 0.5127 0.317 0.6514 -0.1031 0.6816 -0.6071 0.6701 0.2768 0.3253 -0.9495 0.156 -0.2523 -0.1025
-0.7108 0.2943 0.5629 0.3024 -0.5657 0.6587 0.3855 0.3124 -0.6777 0.4032 0.5013 0.3562 -0.7266 0.1313 0.5829 0.3393 -0.6752 -0.1469 0.7105 -0.1332 -0.6525 0.064 0.698 0.288 -0.7839 0.0214 -0.3497 0.5127 0.317 0.6514 -0.1031 0.6816 -0.6071 0.6701 0.2768 0.3253 -0.9495 0.156 -0.2523 -0.1025
-0.7108 0.2943 0.5629 0.3024 -0.5657 0.6587 0.3855 0.3124 -0.6777 0.4032 0.5013 0.3562 -0.7266 0.1313 0.5829 0.3393 -0.6752 -0.1469 0.7105 -0.1332 -0.6525 0.064 0.698 0.288 -0.7748 0.017 -0.3845 0.5015 0.3009 0.6487 -0.1838 0.6744 -0.6071 0.6701 0.2768 0.3253 -0.9495 0.156 -0.2523 -0.1025
-0.7108 0.2943 0.5629 0.3024 -0.5784 0.6555 0.3642 0.3212 -0.6777 0.4032 0.5013 0.3562 -0.7266 0.1313 0.5829 0.3393 -0.6752 -0.1469 0.7105 -0.1332 -0.6525 0.064 0.698 0.288 -0.7748 0.017 -0.3845 0.5015 0.3009 0.6487 -0.1838 0.6744 -0.6071 0.6701 0.2768 0.3253 -0.9495 0.156 -0.2523 -0.1025
-0.7241 0.2797 0.5267 0.3466 -0.5784 0.6555 0.3642 0.3212 -0.6777 0.4032 0.5013 0.3562 -0.7266 0.1313 0.5829 0.3393 -0.6752 -0.1469 0.7105 -0.1332 -0.6525 0.064 0.698 0.288 -0.7748 0.017 -0.3845 0.5015 0.3009 0.6487 -0.1838 0.6744 -0.6071 0.6701 0.2768 0.3253 -0.9495 0.156 -0.2523 -0.1025
-0.7241 0.2797 0.5267 0.3466 -0.5784 0.6555 0.3642 0.3212 -0.6777 0.4032 0.5013 0.3562 -0.7266 0.1313 0.5829 0.3393 -0.6752 -0.1469 0.7105 -0.1332 -0.6525 0.064 0.698 0.288 -0.7748 0.017 -0.3845 0.5015 0.3009 0.6487 -0.1838 0.6744 -0.6071 0.6701 0.2768 0.3253 -0.9291 0.1432 -0.3098 -0.1427
-0.7241 0.2797 0.5267 0.3466 -0.5784 0.6555 0.3642 0.3212 -0.6777 0.4032 0.5013 0.3562 -0.7266 0.1313 0.5829 0.3393 -0.6752 -0.1469 0.7105 -0.1332 -0.6525 0.064 0.698 0.288 -0.7748 0.017 -0.3845 0.5015 0.3009 0.6487 -0.1838 0.6744 -0.6071 0.6701 0.2768 0.3253 -0.9291 0.1432 -0.3098 -0.1427
-0.7241 0.2797 0.5267 0.3466 -0.5784 0.6555 0.3642 0.3212 -0.6777 0.4032 0.5013 0.3562 -0.7266 0.1313 0.5829 0.3393 -0.679 -0.1191 0.7097 -0.1453 -0.6525 0.064 0.698 0.288 -0.7748 0.017 -0.3845 0.5015 0.3009 0.6487 -0.1838 0.6744 -0.6071 0.6701 0.2768 0.3253 -0.9291 0.1432 -0.3098 -0.1427
-0.7241 0.2797 0.5267 0.3466 -0.5784 0.6555 0.3642 0.3212 -0.6777 0.4032 0.5013 0.3562 -0.7266 0.1313 0.5829 0.3393 -0.679 -0.1191 0.7097 -0.1453 -0.6525 0.064 0.698 0.288 -0.7748 0.017 -0.3845 0.5015 0.3009 0.6487 -0.1838 0.6744 -0.6071 0.6701 0.2768 0.3253 -0.9291 0.1432 -0.3098 -0.1427
-0.7241 0.2797 0.5267 0.3466 -0.5784 0.6555 0.3642 0.3212 -0.6777 0.4032 0.5013 0.3562 -0.7422 0.1541 0.5522 0.347 -0.679 -0.1191 0.7097 -0.1453 -0.6525 0.064 0.698 0.288 -0.7302 -0.1046 -0.5251 0.4244 0.3009 0.6487 -0.1838 0.6744 -0.6071 0.6701 0.2768 0.3253 -0.9291 0.1432 -0.3098 -0.1427
-0.7241 0.2797 0.5267 0.3466 -0.5414 0.6918 0.2698 0.3943 -0.6777 0.4032 0.5013 0.3562 -0.7422 0.1541 0.5522 0.347 -0.679 -0.1191 0.7097 -0.1453 -0.5994 -0.0477 0.6546 0.4582 -0.7302 -0.1046 -0.5251 0.4244 0.3009 0.6487 -0.1838 0.6744 -0.6071 0.6701 0.2768 0.3253 -0.9291 0.1432 -0.3098 -0.1427
-0.7241 0.2797 0.5267 0.3466 -0.5414 0.6918 0.2698 0.3943 -0.6777 0.4032 0.5013 0.3562 -0.7422 0.1541 0.5522 0.347 -0.679 -0.1191 0.7097 -0.1453 -0.5994 -0.0477 0.6546 0.4582 -0.7302 -0.1046 -0.5251 0.4244 0.3009 0.6487 -0.1838 0.6744 -0.6071 0.6701 0.2768 0.3253 -0.9291 0.1432 -0.3098 -0.1427
-0.7241 0.2797 0.5267 0.3466 -0.5414 0.6918 0.2698 0.3943 -0.6777 0.4032 0.5013 0.3562 -0.7422 0.1541 0.5522 0.347 -0.679 -0.1191 0.7097 -0.1453 -0.5994 -0.0477 0.6546 0.4582 -0.7302 -0.1046 -0.5251 0.4244 0.3009 0.6487 -0.1838 0.6744 -0.6071 0.6701 0.2768 0.3253 -0.9293 0.1447 -0.3094 -0.1406
-0.7241 0.2797 0.5267 0.3466 -0.5414 0.6918 0.2698 0.3943 -0.6777 0.4032 0.5013 0.3562 -0.7422 0.1541 0.5522 0.347 -0.679 -0.1191 0.7097 -0.1453 -0.5994 -0.0477 0.6546 0.4582 -0.7302 -0.1046 -0.5251 0.4244 0.3009 0.6487 -0.1838 0.6744 -0.6071 0.6701 0.2768 0.3253 -0.9293 0.1447 -0.3094 -0.1406
-0.7241 0.2797 0.5267 0.3466 -0.5414 0.6918 0.2698 0.3943 -0.6777 0.4032 0.5013 0.3562 -0.7422 0.1541 0.5522 0.347 -0.6691 2.0E-4 0.7101 -0.2193 -0.5994 -0.0477 0.6546 0.4582 -0.7302 -0.1046 -0.5251 0.4244 0.3009 0.6487 -0.1838 0.6744 -0.6071 0.6701 0.2768 0.3253 -0.9293 0.1447 -0.3094 -0.1406
-0.7241 0.2797 0.5267 0.3466 -0.5414 0.6918 0.2698 0.3943 -0.6777 0.4032 0.5013 0.3562 -0.7422 0.1541 0.5522 0.347 -0.6691 2.0E-4 0.7101 -0.2193 -0.5994 -0.0477 0.6546 0.4582 -0.7302 -0.1046 -0.5251 0.4244 0.3009 0.6487 -0.1838 0.6744 -0.6071 0.6701 0.2768 0.3253 -0.9293 0.1447 -0.3094 -0.1406
-0.7241 0.2797 0.5267 0.3466 -0.5414 0.6918 0.2698 0.3943 -0.6777 0.4032 0.5013 0.3562 -0.7225 0.1473 0.5587 0.3798 -0.6691 2.0E-4 0.7101 -0.2193 -0.5994 -0.0477 0.6546 0.4582 -0.533 -0.2988 -0.7215 0.3258 0.3009 0.6487 -0.1838 0.6744 -0.6071 0.6701 0.2768 0.3253 -0.9293 0.1447 -0.3094 -0.1406
-0.7241 0.2797 0.5267 0.3466 -0.522 0.7119 0.217 0.4167 -0.6777 0.4032 0.5013 0.3562 -0.7225 0.1473 0.5587 0.3798 -0.6691 2.0E-4 0.7101 -0.2193 -0.5913 -0.0862 0.6502 0.4692 -0.533 -0.2988 -0.7215 0.3258 0.3009 0.6487 -0.1838 0.6744 -0.6071 0.6701 0.2768 0.3253 -0.9293 0.1447 -0.3094 -0.1406
-0.7241 0.2797 0.5267 0.3466 -0.522 0.7119 0.217 0.4167 -0.6777 0.4032 0.5013 0.3562 -0.7225 0.1473 0.5587 0.3798 -0.6691 2.0E-4 0.7101 -0.2193 -0.5913 -0.0862 0.6502 0.4692 -0.533 -0.2988 -0.7215 0.3258 0.3009 0.6487 -0.1838 0.6744 -0.6071 0.6701 0.2768 0.3253 -0.9293 0.1447 -0.3094 -0.1406
-0.7241 0.2797 0.5267 0.3466 -0.522 0.7119 0.217 0.4167 -0.6777 0.4032 0.5013 0.3562 -0.7225 0.1473 0.5587 0.3798 -0.6691 2.0E-4 0.7101 -0.2193 -0.5913 -0.0862 0.6502 0.4692 -0.533 -0.2988 -0.7215 0.3258 0.3009 0.6487 -0.1838 0.6744 -0.6071 0.6701 0.2768 0.3253 -0.9293 0.1382 -0.3097 -0.1465
-0.7241 0.2797 0.5267 0.3466 -0.522 0.7119 0.217 0.4167 -0.6777 0.4032 0.5013 0.3562 -0.7225 0.1473 0.5587 0.3798 -0.6182 0.0933 0.699 -0.3471 -0.5913 -0.0862 0.6502 0.4692 -0.533 -0.2988 -0.7215 0.3258 0.3009 0.6487 -0.1838 0.6744 -0.6071 0.6701 0.2768 0.3253 -0.9293 0.1382 -0.3097 -0.1465
-0.7241 0.2797 0.5267 0.3466 -0.522 0.7119 0.217 0.4167 -0.6777 0.4032 0.5013 0.3562 -0.7225 0.1473 0.5587 0.3798 -0.6182 0.0933 0.699 -0.3471 -0.5913 -0.0862 0.6502 0.4692 -0.533 -0.2988 -0.7215 0.3258 0.3009 0.6487 -0.1838 0.6744 -0.6071 0.6701 0.2768 0.3253 -0.9293 0.1382 -0.3097 -0.1465
-0.7241 0.2797 0.5267 0.3466 -0.522 0.7119 0.217 0.4167 -0.6777 0.4032 0.5013 0.3562 -0.7225 0.1473 0.5587 0.3798 -0.6182 0.0933 0.699 -0.3471 -0.5913 -0.0862 0.6502 0.4692 -0.533 -0.2988 -0.7215 0.3258 0.3009 0.6487 -0.1838 0.6744 -0.6071 0.6701 0.2768 0.3253 -0.9293 0.1382 -0.3097 -0.1465
-0.7241 0.2797 0.5267 0.3466 -0.522 0.7119 0.217 0.4167 -0.6777 0.4032 0.5013 0.3562 -0.6396 0.1232 0.608 0.454 -0.6182 0.0933 0.699 -0.3471 -0.5913 -0.0862 0.6502 0.4692 -0.556 -0.2644 -0.7164 0.328 0.1978 0.6889 -0.2194 0.662 -0.6071 0.6701 0.2768 0.3253 -0.9293 0.1382 -0.3097 -0.1465
-0.7241 0.2797 0.5267 0.3466 -0.4968 0.6957 0.2021 0.4778 -0.6777 0.4032 0.5013 0.3562 -0.6396 0.1232 0.608 0.454 -0.6182 0.0933 0.699 -0.3471 -0.6236 -0.0162 0.6225 0.4726 -0.556 -0.2644 -0.7164 0.328 0.1978 0.6889 -0.2194 0.662 -0.6071 0.6701 0.2768 0.3253 -0.9293 0.1382 -0.3097 -0.1465
-0.7241 0.2797 0.5267 0.3466 -0.4968 0.6957 0.2021 0.4778 -0.6777 0.4032 0.5013 0.3562 -0.6396 0.1232 0.608 0.454 -0.6182 0.0933 0.699 -0.3471 -0.6236 -0.0162 0.6225 0.4726 -0.556 -0.2644 -0.7164 0.328 0.1978 0.6889 -0.2194 0.662 -0.6071 0.6701 0.2768 0.3253 -0.9293 0.1382 -0.3097 -0.1465
-0.7241 0.2797 0.5267 0.3466 -0.4968 0.6957 0.2021 0.4778 -0.6777 0.4032 0.5013 0.3562 -0.6396 0.1232 0.608 0.454 -0.6182 0.0933 0.699 -0.3471 -0.6236 -0.0162 0.6225 0.4726 -0.556 -0.2644 -0.7164 0.328 0.1978 0.6889 -0.2194 0.662 -0.6071 0.6701 0.2768 0.3253 -0.9293 0.1382 -0.3097 -0.1465
-0.7241 0.2797 0.5267 0.3466 -0.4968 0.6957 0.2021 0.4778 -0.6777 0.4032 0.5013 0.3562 -0.6396 0.1232 0.608 0.454 -0.5582 0.16 0.6826 -0.4437 -0.6236 -0.0162 0.6225 0.4726 -0.556 -0.2644 -0.7164 0.328 0.1978 0.6889 -0.2194 0.662 -0.6071 0.6701 0.2768 0.3253 -0.9293 0.1382 -0.3097 -0.1465
-0.7241 0.2797 0.5267 0.3466 -0.4968 0.6957 0.2021 0.4778 -0.6777 0.4032 0.5013 0.3562 -0.6396 0.1232 0.608 0.454 -0.5582 0.16 0.6826 -0.4437 -0.6236 -0.0162 0.6225 0.4726 -0.556 -0.2644 -0.7164 0.328 0.1978 0.6889 -0.2194 0.662 -0.6071 0.6701 0.2768 0.3253 -0.9293 0.1382 -0.3097 -0.1465
-0.7241 0.2797 0.5267 0.3466 -0.4968 0.6957 0.2021 0.4778 -0.6777 0.4032 0.5013 0.3562 -0.6396 0.1232 0.608 0.454 -0.5582 0.16 0.6826 -0.4437 -0.6236 -0.0162 0.6225 0.4726 -0.556 -0.2644 -0.7164 0.328 0.1978 0.6889 -0.2194 0.662 -0.6071 0.6701 0.2768 0.3253 -0.9293 0.1382 -0.3097 -0.1465
-0.7241 0.2797 0.5267 0.3466 -0.4968 0.6957 0.2021 0.4778 -0.6777 0.4032 0.5013 0.3562 -0.5228 0.0904 0.6799 0.5062 -0.5582 0.16 0.6826 -0.4437 -0.6236 -0.0162 0.6225 0.4726 -0.6747 -0.2031 -0.6234 0.3389 0.1703 0.6958 -0.2142 0.6641 -0.6071 0.6701 0.2768 0.3253 -0.9293 0.1382 -0.3097 -0.1465
-0.7241 0.2797 0.5267 0.3466 -0.4968 0.6957 0.2021 0.4778 -0.6777 0.4032 0.5013 0.3562 -0.5228 0.0904 0.6799 0.5062 -0.5582 0.16 0.6826 -0.4437 -0.6236 -0.0162 0.6225 0.4726 -0.6747 -0.2031 -0.6234 0.3389 0.1703 0.6958 -0.2142 0.6641 -0.6071 0.6701 0.2768 0.3253 -0.9293 0.1382 -0.3097 -0.1465
-0.7241 0.2797 0.5267 0.3466 -0.4968 0.6957 0.2021 0.4778 -0.6777 0.4032 0.5013 0.3562 -0.5228 0.0904 0.6799 0.5062 -0.5582 0.16 0.6826 -0.4437 -0.6686 -0.0266 0.649 0.3621 -0.6747 -0.2031 -0.6234 0.3389 0.1703 0.6958 -0.2142 0.6641 -0.6071 0.6701 0.2768 0.3253 -0.9293 0.1382 -0.3097 -0.1465
-0.7241 0.2797 0.5267 0.3466 -0.4968 0.6957 0.2021 0.4778 -0.6777 0.4032 0.5013 0.3562 -0.5228 0.0904 0.6799 0.5062 -0.5582 0.16 0.6826 -0.4437 -0.6686 -0.0266 0.649 0.3621 -0.6747 -0.2031 -0.6234 0.3389 0.1703 0.6958 -0.2142 0.6641 -0.6071 0.6701 0.2768 0.3253 -0.9263 0.1349 -0.3149 -0.157
-0.7241 0.2797 0.5267 0.3466 -0.4968 0.6957 0.2021 0.4778 -0.6777 0.4032 0.5013 0.3562 -0.5228 0.0904 0.6799 0.5062 -0.5342 0.1592 0.6644 -0.4979 -0.6686 -0.0266 0.649 0.3621 -0.6747 -0.2031 -0.6234 0.3389 0.1703 0.6958 -0.2142 0.6641 -0.6071 0.6701 0.2768 0.3253 -0.9263 0.1349 -0.3149 -0.157
-0.7241 0.2797 0.5267 0.3466 -0.4968 0.6957 0.2021 0.4778 -0.6777 0.4032 0.5013 0.3562 -0.5228 0.0904 0.6799 0.5062 -0.5342 0.1592 0.6644 -0.4979 -0.6686 -0.0266 0.649 0.3621 -0.6747 -0.2031 -0.6234 0.3389 0.1703 0.6958 -0.2142 0.6641 -0.6071 0.6701 0.2768 0.3253 -0.9263 0.1349 -0.3149 -0.157
-0.7241 0.2797 0.5267 0.3466 -0.4968 0.6957 0.2021 0.4778 -0.6777 0.4032 0.5013 0.3562 -0.3879 0.0936 0.7271 0.5586 -0.5342 0.1592 0.6644 -0.4979 -0.6686 -0.0266 0.649 0.3621 -0.6747 -0.2031 -0.6234 0.3389 0.1703 0.6958 -0.2142 0.6641 -0.6071 0.6701 0.2768 0.3253 -0.9263 0.1349 -0.3149 -0.157
-0.7241 0.2797 0.5267 0.3466 -0.4968 0.6957 0.2021 0.4778 -0.6777 0.4032 0.5013 0.3562 -0.3879 0.0936 0.7271 0.5586 -0.5342 0.1592 0.6644 -0.4979 -0.6686 -0.0266 0.649 0.3621 -0.7529 -0.078 -0.5477 0.3564 0.1527 0.6965 -0.2208 0.6655 -0.6071 0.6701 0.2768 0.3253 -0.9263 0.1349 -0.3149 -0.157
-0.7241 0.2797 0.5267 0.3466 -0.4968 0.6957 0.2021 0.4778 -0.6777 0.4032 0.5013 0.3562 -0.3879 0.0936 0.7271 0.5586 -0.5342 0.1592 0.6644 -0.4979 -0.6686 -0.0266 0.649 0.3621 -0.7529 -0.078 -0.5477 0.3564 0.1527 0.6965 -0.2208 0.6655 -0.6071 0.6701 0.2768 0.3253 -0.9263 0.1349 -0.3149 -0.157
-0.6456 0.2997 0.5248 0.4668 -0.4951 0.6456 0.2307 0.5338 -0.4669 0.4637 0.467 0.5907 -0.3879 0.0936 0.7271 0.5586 -0.5342 0.1592 0.6644 -0.4979 -0.7325 0.0571 0.6333 0.243 -0.7529 -0.078 -0.5477 0.3564 0.1527 0.6965 -0.2208 0.6655 -0.4018 0.6121 0.4269 0.5308 -0.9238 0.1324 -0.3188 -0.1655
-0.6456 0.2997 0.5248 0.4668 -0.4951 0.6456 0.2307 0.5338 -0.4669 0.4637 0.467 0.5907 -0.3879 0.0936 0.7271 0.5586 -0.5342 0.1592 0.6644 -0.4979 -0.7325 0.0571 0.6333 0.243 -0.7529 -0.078 -0.5477 0.3564 0.1527 0.6965 -0.2208 0.6655 -0.4018 0.6121 0.4269 0.5308 -0.9238 0.1324 -0.3188 -0.1655
-0.6456 0.2997 0.5248 0.4668 -0.4951 0.6456 0.2307 0.5338 -0.4669 0.4637 0.467 0.5907 -0.3879 0.0936 0.7271 0.5586 -0.5342 0.1592 0.6644 -0.4979 -0.7325 0.0571 0.6333 0.243 -0.7529 -0.078 -0.5477 0.3564 0.1527 0.6965 -0.2208 0.6655 -0.4018 0.6121 0.4269 0.5308 -0.9238 0.1324 -0.3188 -0.1655
-0.6456 0.2997 0.5248 0.4668 -0.4951 0.6456 0.2307 0.5338 -0.4669 0.4637 0.467 0.5907 -0.3879 0.0936 0.7271 0.5586 -0.5494 0.118 0.6903 -0.4557 -0.7325 0.0571 0.6333 0.243 -0.7529 -0.078 -0.5477 0.3564 0.1527 0.6965 -0.2208 0.6655 -0.4018 0.6121 0.4269 0.5308 -0.9238 0.1324 -0.3188 -0.1655
-0.6456 0.2997 0.5248 0.4668 -0.4951 0.6456 0.2307 0.5338 -0.4669 0.4637 0.467 0.5907 -0.3071 0.1274 0.7459 0.5771 -0.5494 0.118 0.6903 -0.4557 -0.7325 0.0571 0.6333 0.243 -0.7529 -0.078 -0.5477 0.3564 0.1278 0.6957 -0.2295 0.6685 -0.4018 0.6121 0.4269 0.5308 -0.9238 0.1324 -0.3188 -0.1655
-0.6456 0.2997 0.5248 0.4668 -0.4951 0.6456 0.2307 0.5338 -0.4669 0.4637 0.467 0.5907 -0.3071 0.1274 0.7459 0.5771 -0.5494 0.118 0.6903 -0.4557 -0.7325 0.0571 0.6333 0.243 -0.7529 -0.078 -0.5477 0.3564 0.1278 0.6957 -0.2295 0.6685 -0.4018 0.6121 0.4269 0.5308 -0.9238 0.1324 -0.3188 -0.1655
-0.6456 0.2997 0.5248 0.4668 -0.4958 0.6569 0.226 0.5211 -0.4526 0.4779 0.4575 0.5978 -0.3071 0.1274 0.7459 0.5771 -0.5494 0.118 0.6903 -0.4557 -0.7617 0.1703 0.6181 0.0936 -0.7529 -0.078 -0.5477 0.3564 0.1278 0.6957 -0.2295 0.6685 -0.4018 0.6121 0.4269 0.5308 -0.9238 0.1324 -0.3188 -0.1655
-0.6456 0.2997 0.5248 0.4668 -0.4958 0.6569 0.226 0.5211 -0.4526 0.4779 0.4575 0.5978 -0.3071 0.1274 0.7459 0.5771 -0.5494 0.118 0.6903 -0.4557 -0.7617 0.1703 0.6181 0.0936 -0.7529 -0.078 -0.5477 0.3564 0.1278 0.6957 -0.2295 0.6685 -0.4018 0.6121 0.4269 0.5308 -0.9238 0.1324 -0.3188 -0.1655
-0.6429 0.2939 0.5283 0.4704 -0.4958 0.6569 0.226 0.5211 -0.4526 0.4779 0.4575 0.5978 -0.3071 0.1274 0.7459 0.5771 -0.5494 0.118 0.6903 -0.4557 -0.7617 0.1703 0.6181 0.0936 -0.7529 -0.078 -0.5477 0.3564 0.1278 0.6957 -0.2295 0.6685 -0.4203 0.6246 0.4097 0.5151 -0.9221 0.1328 -0.3217 -0.1693
-0.6429 0.2939 0.5283 0.4704 -0.4958 0.6569 0.226 0.5211 -0.4526 0.4779 0.4575 0.5978 -0.3071 0.1274 0.7459 0.5771 -0.644 -3.0E-4 0.6889 -0.3327 -0.7617 0.1703 0.6181 0.0936 -0.7529 -0.078 -0.5477 0.3564 0.1278 0.6957 -0.2295 0.6685 -0.4203 0.6246 0.4097 0.5151 -0.9221 0.1328 -0.3217 -0.1693
-0.6429 0.2939 0.5283 0.4704 -0.4958 0.6569 0.226 0.5211 -0.4526 0.4779 0.4575 0.5978 -0.3093 0.1644 0.7319 0.5844 -0.644 -3.0E-4 0.6889 -0.3327 -0.7617 0.1703 0.6181 0.0936 -0.7529 -0.078 -0.5477 0.3564 0.1278 0.6957 -0.2295 0.6685 -0.4203 0.6246 0.4097 0.5151 -0.9221 0.1328 -0.3217 -0.1693
-0.6429 0.2939 0.5283 0.4704 -0.4958 0.6569 0.226 0.5211 -0.4526 0.4779 0.4575 0.5978 -0.3093 0.1644 0.7319 0.5844 -0.644 -3.0E-4 0.6889 -0.3327 -0.7617 0.1703 0.6181 0.0936 -0.7529 -0.078 -0.5477 0.3564 0.1278 0.6957 -0.2295 0.6685 -0.4203 0.6246 0.4097 0.5151 -0.9221 0.1328 -0.3217 -0.1693
-0.6429 0.2939 0.5283 0.4704 -0.4984 0.6679 0.2316 0.5018 -0.4526 0.4779 0.4575 0.5978 -0.3093 0.1644 0.7319 0.5844 -0.644 -3.0E-4 0.6889 -0.3327 -0.7617 0.1703 0.6181 0.0936 -0.8431 0.0352 -0.2549 0.4721 0.1278 0.6957 -0.2295 0.6685 -0.4203 0.6246 0.4097 0.5151 -0.9221 0.1328 -0.3217 -0.1693
-0.6429 0.2939 0.5283 0.4704 -0.4984 0.6679 0.2316 0.5018 -0.4526 0.4779 0.4575 0.5978 -0.3093 0.1644 0.7319 0.5844 -0.644 -3.0E-4 0.6889 -0.3327 -0.7617 0.1703 0.6181 0.0936 -0.8431 0.0352 -0.2549 0.4721 0.1278 0.6957 -0.2295 0.6685 -0.4203 0.6246 0.4097 0.5151 -0.9221 0.1328 -0.3217 -0.1693
-0.6429 0.2939 0.5283 0.4704 -0.4984 0.6679 0.2316 0.5018 -0.4526 0.4779 0.4575 0.5978 -0.3093 0.1644 0.7319 0.5844 -0.644 -3.0E-4 0.6889 -0.3327 -0.7242 0.2767 0.6222 0.1082 -0.8431 0.0352 -0.2549 0.4721 0.1278 0.6957 -0.2295 0.6685 -0.4203 0.6246 0.4097 0.5151 -0.9221 0.1328 -0.3217 -0.1693
-0.6536 0.2896 0.5339 0.4517 -0.4984 0.6679 0.2316 0.5018 -0.4526 0.4779 0.4575 0.5978 -0.3093 0.1644 0.7319 0.5844 -0.644 -3.0E-4 0.6889 -0.3327 -0.7242 0.2767 0.6222 0.1082 -0.8431 0.0352 -0.2549 0.4721 0.1278 0.6957 -0.2295 0.6685 -0.4203 0.6246 0.4097 0.5151 -0.9202 0.1424 -0.3259 -0.1635
-0.6536 0.2896 0.5339 0.4517 -0.4984 0.6679 0.2316 0.5018 -0.4526 0.4779 0.4575 0.5978 -0.3093 0.1644 0.7319 0.5844 -0.6393 -0.0165 0.7214 -0.2657 -0.7242 0.2767 0.6222 0.1082 -0.8431 0.0352 -0.2549 0.4721 0.1278 0.6957 -0.2295 0.6685 -0.4203 0.6246 0.4097 0.5151 -0.9202 0.1424 -0.3259 -0.1635
-0.6536 0.2896 0.5339 0.4517 -0.4984 0.6679 0.2316 0.5018 -0.4526 0.4779 0.4575 0.5978 -0.3093 0.1644 0.7319 0.5844 -0.6393 -0.0165 0.7214 -0.2657 -0.7242 0.2767 0.6222 0.1082 -0.8431 0.0352 -0.2549 0.4721 0.1278 0.6957 -0.2295 0.6685 -0.4203 0.6246 0.4097 0.5151 -0.9202 0.1424 -0.3259 -0.1635
-0.6536 0.2896 0.5339 0.4517 -0.4984 0.6679 0.2316 0.5018 -0.4526 0.4779 0.4575 0.5978 -0.4517 0.1949 0.6722 0.5533 -0.6393 -0.0165 0.7214 -0.2657 -0.7242 0.2767 0.6222 0.1082 -0.8431 0.0352 -0.2549 0.4721 0.1278 0.6957 -0.2295 0.6685 -0.4203 0.6246 0.4097 0.5151 -0.9202 0.1424 -0.3259 -0.1635
-0.6536 0.2896 0.5339 0.4517 -0.4984 0.6679 0.2316 0.5018 -0.4526 0.4779 0.4575 0.5978 -0.4517 0.1949 0.6722 0.5533 -0.6393 -0.0165 0.7214 -0.2657 -0.7242 0.2767 0.6222 0.1082 -0.8431 0.0352 -0.2549 0.4721 0.1246 0.6782 -0.2302 0.6866 -0.4203 0.6246 0.4097 0.5151 -0.9202 0.1424 -0.3259 -0.1635
-0.6536 0.2896 0.5339 0.4517 -0.5007 0.6747 0.2516 0.4803 -0.4526 0.4779 0.4575 0.5978 -0.4517 0.1949 0.6722 0.5533 -0.6393 -0.0165 0.7214 -0.2657 -0.7242 0.2767 0.6222 0.1082 -0.8431 0.0352 -0.2549 0.4721 0.1246 0.6782 -0.2302 0.6866 -0.4203 0.6246 0.4097 0.5151 -0.9202 0.1424 -0.3259 -0.1635
-0.6536 0.2896 0.5339 0.4517 -0.5007 0.6747 0.2516 0.4803 -0.4526 0.4779 0.4575 0.5978 -0.4517 0.1949 0.6722 0.5533 -0.6393 -0.0165 0.7214 -0.2657 -0.7143 0.1783 0.6593 0.1525 -0.8431 0.0352 -0.2549 0.4721 0.1246 0.6782 -0.2302 0.6866 -0.4203 0.6246 0.4097 0.5151 -0.9202 0.1424 -0.3259 -0.1635
-0.6536 0.2896 0.5339 0.4517 -0.5007 0.6747 0.2516 0.4803 -0.4526 0.4779 0.4575 0.5978 -0.4517 0.1949 0.6722 0.5533 -0.6393 -0.0165 0.7214 -0.2657 -0.7143 0.1783 0.6593 0.1525 -0.8431 0.0352 -0.2549 0.4721 0.1246 0.6782 -0.2302 0.6866 -0.4203 0.6246 0.4097 0.5151 -0.9202 0.1424 -0.3259 -0.1635
-0.6536 0.2896 0.5339 0.4517 -0.5007 0.6747 0.2516 0.4803 -0.4526 0.4779 0.4575 0.5978 -0.4517 0.1949 0.6722 0.5533 -0.6393 -0.0165 0.7214 -0.2657 -0.7143 0.1783 0.6593 0.1525 -0.8431 0.0352 -0.2549 0.4721 0.1246 0.6782 -0.2302 0.6866 -0.5424 0.6674 0.311 0.4046 -0.8463 0.1724 -0.4767 -0.1635
-0.6536 0.2896 0.5339 0.4517 -0.5007 0.6747 0.2516 0.4803 -0.4526 0.4779 0.4575 0.5978 -0.4517 0.1949 0.6722 0.5533 -0.6627 -0.0607 0.7158 -0.2118 -0.7143 0.1783 0.6593 0.1525 -0.8431 0.0352 -0.2549 0.4721 0.1246 0.6782 -0.2302 0.6866 -0.5424 0.6674 0.311 0.4046 -0.8463 0.1724 -0.4767 -0.1635
-0.6536 0.2896 0.5339 0.4517 -0.5007 0.6747 0.2516 0.4803 -0.4526 0.4779 0.4575 0.5978 -0.4517 0.1949 0.6722 0.5533 -0.6627 -0.0607 0.7158 -0.2118 -0.7143 0.1783 0.6593 0.1525 -0.8431 0.0352 -0.2549 0.4721 0.1246 0.6782 -0.2302 0.6866 -0.5424 0.6674 0.311 0.4046 -0.8463 0.1724 -0.4767 -0.1635
-0.6536 0.2896 0.5339 0.4517 -0.529 0.6779 0.2774 0.4286 -0.4526 0.4779 0.4575 0.5978 -0.6483 0.1576 0.6156 0.4195 -0.6627 -0.0607 0.7158 -0.2118 -0.7143 0.1783 0.6593 0.1525 -0.8077 0.0442 -0.3162 0.4956 0.1906 0.6583 -0.1407 0.7146 -0.5424 0.6674 0.311 0.4046 -0.8463 0.1724 -0.4767 -0.1635
-0.6536 0.2896 0.5339 0.4517 -0.529 0.6779 0.2774 0.4286 -0.4526 0.4779 0.4575 0.5978 -0.6483 0.1576 0.6156 0.4195 -0.6627 -0.0607 0.7158 -0.2118 -0.7143 0.1783 0.6593 0.1525 -0.8077 0.0442 -0.3162 0.4956 0.1906 0.6583 -0.1407 0.7146 -0.5424 0.6674 0.311 0.4046 -0.8463 0.1724 -0.4767 -0.1635
-0.6536 0.2896 0.5339 0.4517 -0.529 0.6779 0.2774 0.4286 -0.4526 0.4779 0.4575 0.5978 -0.6483 0.1576 0.6156 0.4195 -0.6627 -0.0607 0.7158 -0.2118 -0.7143 0.1783 0.6593 0.1525 -0.8077 0.0442 -0.3162 0.4956 0.1906 0.6583 -0.1407 0.7146 -0.5424 0.6674 0.311 0.4046 -0.8463 0.1724 -0.4767 -0.1635
-0.7064 0.2612 0.5438 0.3703 -0.529 0.6779 0.2774 0.4286 -0.573 0.4516 0.4846 0.4827 -0.6483 0.1576 0.6156 0.4195 -0.6627 -0.0607 0.7158 -0.2118 -0.7143 0.1783 0.6593 0.1525 -0.8077 0.0442 -0.3162 0.4956 0.1906 0.6583 -0.1407 0.7146 -0.6111 0.6747 0.2559 0.3255 -0.689 0.1857 -0.6598 -0.2355
-0.7064 0.2612 0.5438 0.3703 -0.529 0.6779 0.2774 0.4286 -0.573 0.4516 0.4846 0.4827 -0.6483 0.1576 0.6156 0.4195 -0.6627 -0.0607 0.7158 -0.2118 -0.7143 0.1783 0.6593 0.1525 -0.8077 0.0442 -0.3162 0.4956 0.1906 0.6583 -0.1407 0.7146 -0.6111 0.6747 0.2559 0.3255 -0.689 0.1857 -0.6598 -0.2355
-0.7064 0.2612 0.5438 0.3703 -0.529 0.6779 0.2774 0.4286 -0.573 0.4516 0.4846 0.4827 -0.7178 0.1262 0.5693 0.3804 -0.6607 -0.0825 0.7223 -0.1868 -0.7143 0.1783 0.6593 0.1525 -0.8077 0.0442 -0.3162 0.4956 0.1906 0.6583 -0.1407 0.7146 -0.6111 0.6747 0.2559 0.3255 -0.689 0.1857 -0.6598 -0.2355
-0.7064 0.2612 0.5438 0.3703 -0.529 0.6779 0.2774 0.4286 -0.573 0.4516 0.4846 0.4827 -0.7178 0.1262 0.5693 0.3804 -0.6607 -0.0825 0.7223 -0.1868 -0.7143 0.1783 0.6593 0.1525 -0.8077 0.0442 -0.3162 0.4956 0.1906 0.6583 -0.1407 0.7146 -0.6111 0.6747 0.2559 0.3255 -0.689 0.1857 -0.6598 -0.2355
-0.7064 0.2612 0.5438 0.3703 -0.5634 0.6619 0.2966 0.3957 -0.573 0.4516 0.4846 0.4827 -0.7178 0.1262 0.5693 0.3804 -0.6607 -0.0825 0.7223 -0.1868 -0.7143 0.1783 0.6593 0.1525 -0.8079 0.0401 -0.3174 0.4948 0.2458 0.6617 -0.0759 0.7042 -0.6111 0.6747 0.2559 0.3255 -0.689 0.1857 -0.6598 -0.2355
-0.7064 0.2612 0.5438 0.3703 -0.5634 0.6619 0.2966 0.3957 -0.573 0.4516 0.4846 0.4827 -0.7178 0.1262 0.5693 0.3804 -0.6607 -0.0825 0.7223 -0.1868 -0.7143 0.1783 0.6593 0.1525 -0.8079 0.0401 -0.3174 0.4948 0.2458 0.6617 -0.0759 0.7042 -0.6111 0.6747 0.2559 0.3255 -0.689 0.1857 -0.6598 -0.2355
-0.7222 0.2648 0.5404 0.3411 -0.5634 0.6619 0.2966 0.3957 -0.6459 0.415 0.4866 0.4169 -0.7178 0.1262 0.5693 0.3804 -0.6607 -0.0825 0.7223 -0.1868 -0.6786 0.1214 0.6951 0.2037 -0.8079 0.0401 -0.3174 0.4948 0.2458 0.6617 -0.0759 0.7042 -0.6111 0.6747 0.2559 0.3255 -0.689 0.1857 -0.6598 -0.2355
-0.7222 0.2648 0.5404 0.3411 -0.5634 0.6619 0.2966 0.3957 -0.6459 0.415 0.4866 0.4169 -0.7178 0.1262 0.5693 0.3804 -0.6607 -0.0825 0.7223 -0.1868 -0.6786 0.1214 0.6951 0.2037 -0.8079 0.0401 -0.3174 0.4948 0.2458 0.6617 -0.0759 0.7042 -0.6111 0.6747 0.2559 0.3255 -0.7674 0.1676 -0.5854 -0.2007
-0.7222 0.2648 0.5404 0.3411 -0.5634 0.6619 0.2966 0.3957 -0.6459 0.415 0.4866 0.4169 -0.7178 0.1262 0.5693 0.3804 -0.6567 -0.1012 0.7256 -0.1788 -0.6786 0.1214 0.6951 0.2037 -0.8079 0.0401 -0.3174 0.4948 0.2458 0.6617 -0.0759 0.7042 -0.6111 0.6747 0.2559 0.3255 -0.7674 0.1676 -0.5854 -0.2007
-0.7222 0.2648 0.5404 0.3411 -0.5634 0.6619 0.2966 0.3957 -0.6459 0.415 0.4866 0.4169 -0.7178 0.1262 0.5693 0.3804 -0.6567 -0.1012 0.7256 -0.1788 -0.6786 0.1214 0.6951 0.2037 -0.8079 0.0401 -0.3174 0.4948 0.2458 0.6617 -0.0759 0.7042 -0.6111 0.6747 0.2559 0.3255 -0.7674 0.1676 -0.5854 -0.2007
-0.7222 0.2648 0.5404 0.3411 -0.5634 0.6619 0.2966 0.3957 -0.6459 0.415 0.4866 0.4169 -0.7354 0.0975 0.5681 0.3563 -0.6567 -0.1012 0.7256 -0.1788 -0.6786 0.1214 0.6951 0.2037 -0.8079 0.0401 -0.3174 0.4948 0.2458 0.6617 -0.0759 0.7042 -0.6111 0.6747 0.2559 0.3255 -0.7674 0.1676 -0.5854 -0.2007
-0.7222 0.2648 0.5404 0.3411 -0.5634 0.6619 0.2966 0.3957 -0.6459 0.415 0.4866 0.4169 -0.7354 0.0975 0.5681 0.3563 -0.6567 -0.1012 0.7256 -0.1788 -0.6786 0.1214 0.6951 0.2037 -0.8067 0.0372 -0.3241 0.4928 0.3067 0.657 -0.0867 0.6832 -0.6111 0.6747 0.2559 0.3255 -0.7674 0.1676 -0.5854 -0.2007
-0.7222 0.2648 0.5404 0.3411 -0.561 0.658 0.3096 0.3954 -0.6459 0.415 0.4866 0.4169 -0.7354 0.0975 0.5681 0.3563 -0.6567 -0.1012 0.7256 -0.1788 -0.6786 0.1214 0.6951 0.2037 -0.8067 0.0372 -0.3241 0.4928 0.3067 0.657 -0.0867 0.6832 -0.6111 0.6747 0.2559 0.3255 -0.7674 0.1676 -0.5854 -0.2007
-0.7222 0.2648 0.5404 0.3411 -0.561 0.658 0.3096 0.3954 -0.6771 0.3996 0.4923 0.3735 -0.7354 0.0975 0.5681 0.3563 -0.6567 -0.1012 0.7256 -0.1788 -0.6786 0.1214 0.6951 0.2037 -0.8067 0.0372 -0.3241 0.4928 0.3067 0.657 -0.0867 0.6832 -0.6111 0.6747 0.2559 0.3255 -0.7674 0.1676 -0.5854 -0.2007
-0.7222 0.2648 0.5404 0.3411 -0.561 0.658 0.3096 0.3954 -0.6771 0.3996 0.4923 0.3735 -0.7354 0.0975 0.5681 0.3563 -0.6567 -0.1012 0.7256 -0.1788 -0.6786 0.1214 0.6951 0.2037 -0.8067 0.0372 -0.3241 0.4928 0.3067 0.657 -0.0867 0.6832 -0.4905 0.6099 0.3955 0.4807 -0.8855 0.1537 -0.3881 -0.2043
-0.7222 0.2648 0.5404 0.3411 -0.561 0.658 0.3096 0.3954 -0.6771 0.3996 0.4923 0.3735 -0.7354 0.0975 0.5681 0.3563 -0.6611 -0.1211 0.7212 -0.1677 -0.6786 0.1214 0.6951 0.2037 -0.8067 0.0372 -0.3241 0.4928 0.3067 0.657 -0.0867 0.6832 -0.4905 0.6099 0.3955 0.4807 -0.8855 0.1537 -0.3881 -0.2043
-0.7222 0.2648 0.5404 0.3411 -0.561 0.658 0.3096 0.3954 -0.6771 0.3996 0.4923 0.3735 -0.7327 0.0957 0.5875 0.33 -0.6611 -0.1211 0.7212 -0.1677 -0.6786 0.1214 0.6951 0.2037 -0.8067 0.0372 -0.3241 0.4928 0.3067 0.657 -0.0867 0.6832 -0.4905 0.6099 0.3955 0.4807 -0.8855 0.1537 -0.3881 -0.2043
-0.7222 0.2648 0.5404 0.3411 -0.561 0.658 0.3096 0.3954 -0.6771 0.3996 0.4923 0.3735 -0.7327 0.0957 0.5875 0.33 -0.6611 -0.1211 0.7212 -0.1677 -0.6786 0.1214 0.6951 0.2037 -0.8052 0.0352 -0.3365 0.4869 0.3067 0.657 -0.0867 0.6832 -0.4905 0.6099 0.3955 0.4807 -0.8855 0.1537 -0.3881 -0.2043
-0.7222 0.2648 0.5404 0.3411 -0.5649 0.6419 0.3306 0.3994 -0.6771 0.3996 0.4923 0.3735 -0.7327 0.0957 0.5875 0.33 -0.6611 -0.1211 0.7212 -0.1677 -0.6786 0.1214 0.6951 0.2037 -0.8052 0.0352 -0.3365 0.4869 0.3067 0.657 -0.0867 0.6832 -0.4905 0.6099 0.3955 0.4807 -0.8855 0.1537 -0.3881 -0.2043
-0.7218 0.2626 0.5602 0.3102 -0.5649 0.6419 0.3306 0.3994 -0.6771 0.3996 0.4923 0.3735 -0.7327 0.0957 0.5875 0.33 -0.6611 -0.1211 0.7212 -0.1677 -0.6594 0.0662 0.6988 0.2692 -0.8052 0.0352 -0.3365 0.4869 0.3067 0.657 -0.0867 0.6832 -0.4905 0.6099 0.3955 0.4807 -0.8855 0.1537 -0.3881 -0.2043
-0.7218 0.2626 0.5602 0.3102 -0.5649 0.6419 0.3306 0.3994 -0.6771 0.3996 0.4923 0.3735 -0.7327 0.0957 0.5875 0.33 -0.6611 -0.1211 0.7212 -0.1677 -0.6594 0.0662 0.6988 0.2692 -0.8052 0.0352 -0.3365 0.4869 0.3067 0.657 -0.0867 0.6832 -0.4905 0.6099 0.3955 0.4807 -0.8855 0.1537 -0.3881 -0.2043
-0.7218 0.2626 0.5602 0.3102 -0.5649 0.6419 0.3306 0.3994 -0.6771 0.3996 0.4923 0.3735 -0.7327 0.0957 0.5875 0.33 -0.6611 -0.1211 0.7212 -0.1677 -0.6594 0.0662 0.6988 0.2692 -0.8052 0.0352 -0.3365 0.4869 0.3067 0.657 -0.0867 0.6832 -0.4905 0.6099 0.3955 0.4807 -0.9297 0.1938 -0.2857 -0.1284
-0.7218 0.2626 0.5602 0.3102 -0.5649 0.6419 0.3306 0.3994 -0.6771 0.3996 0.4923 0.3735 -0.7327 0.0957 0.5875 0.33 -0.6688 -0.1335 0.7145 -0.1561 -0.6594 0.0662 0.6988 0.2692 -0.8052 0.0352 -0.3365 0.4869 0.3067 0.657 -0.0867 0.6832 -0.4905 0.6099 0.3955 0.4807 -0.9297 0.1938 -0.2857 -0.1284
-0.7218 0.2626 0.5602 0.3102 -0.5649 0.6419 0.3306 0.3994 -0.6771 0.3996 0.4923 0.3735 -0.7327 0.0957 0.5875 0.33 -0.6688 -0.1335 0.7145 -0.1561 -0.6594 0.0662 0.6988 0.2692 -0.8052 0.0352 -0.3365 0.4869 0.3067 0.657 -0.0867 0.6832 -0.4905 0.6099 0.3955 0.4807 -0.9297 0.1938 -0.2857 -0.1284
-0.7218 0.2626 0.5602 0.3102 -0.5649 0.6419 0.3306 0.3994 -0.6771 0.3996 0.4923 0.3735 -0.7183 0.113 0.6099 0.3152 -0.6688 -0.1335 0.7145 -0.1561 -0.6594 0.0662 0.6988 0.2692 -0.8052 0.0352 -0.3365 0.4869 0.2883 0.6589 -0.1537 0.6776 -0.4905 0.6099 0.3955 0.4807 -0.9297 0.1938 -0.2857 -0.1284
-0.7218 0.2626 0.5602 0.3102 -0.5573 0.6454 0.3256 0.4085 -0.6771 0.3996 0.4923 0.3735 -0.7183 0.113 0.6099 0.3152 -0.6688 -0.1335 0.7145 -0.1561 -0.6594 0.0662 0.6988 0.2692 -0.8052 0.0352 -0.3365 0.4869 0.2883 0.6589 -0.1537 0.6776 -0.4905 0.6099 0.3955 0.4807 -0.9297 0.1938 -0.2857 -0.1284
-0.7218 0.2626 0.5602 0.3102 -0.5573 0.6454 0.3256 0.4085 -0.6771 0.3996 0.4923 0.3735 -0.7183 0.113 0.6099 0.3152 -0.6688 -0.1335 0.7145 -0.1561 -0.652 0.0327 0.6948 0.3019 -0.8052 0.0352 -0.3365 0.4869 0.2883 0.6589 -0.1537 0.6776 -0.4905 0.6099 0.3955 0.4807 -0.9297 0.1938 -0.2857 -0.1284
-0.7218 0.2626 0.5602 0.3102 -0.5573 0.6454 0.3256 0.4085 -0.6771 0.3996 0.4923 0.3735 -0.7183 0.113 0.6099 0.3152 -0.6688 -0.1335 0.7145 -0.1561 -0.652 0.0327 0.6948 0.3019 -0.8052 0.0352 -0.3365 0.4869 0.2883 0.6589 -0.1537 0.6776 -0.4905 0.6099 0.3955 0.4807 -0.9297 0.1938 -0.2857 -0.1284
-0.7168 0.2717 0.5544 0.324 -0.5573 0.6454 0.3256 0.4085 -0.659 0.406 0.5335 0.3409 -0.7183 0.113 0.6099 0.3152 -0.6688 -0.1335 0.7145 -0.1561 -0.652 0.0327 0.6948 0.3019 -0.8052 0.0352 -0.3365 0.4869 0.2883 0.6589 -0.1537 0.6776 -0.3572 0.5085 0.5039 0.5999 -0.9374 0.1701 -0.2705 -0.1387
-0.7168 0.2717 0.5544 0.324 -0.5573 0.6454 0.3256 0.4085 -0.659 0.406 0.5335 0.3409 -0.7183 0.113 0.6099 0.3152 -0.6747 -0.1437 0.7052 -0.1635 -0.652 0.0327 0.6948 0.3019 -0.8052 0.0352 -0.3365 0.4869 0.2883 0.6589 -0.1537 0.6776 -0.3572 0.5085 0.5039 0.5999 -0.9374 0.1701 -0.2705 -0.1387
-0.7168 0.2717 0.5544 0.324 -0.5573 0.6454 0.3256 0.4085 -0.659 0.406 0.5335 0.3409 -0.7183 0.113 0.6099 0.3152 -0.6747 -0.1437 0.7052 -0.1635 -0.652 0.0327 0.6948 0.3019 -0.8052 0.0352 -0.3365 0.4869 0.2883 0.6589 -0.1537 0.6776 -0.3572 0.5085 0.5039 0.5999 -0.9374 0.1701 -0.2705 -0.1387
-0.7168 0.2717 0.5544 0.324 -0.5573 0.6454 0.3256 0.4085 -0.659 0.406 0.5335 0.3409 -0.7305 0.1044 0.6005 0.308 -0.6747 -0.1437 0.7052 -0.1635 -0.652 0.0327 0.6948 0.3019 -0.8052 0.0352 -0.3365 0.4869 0.2883 0.6589 -0.1537 0.6776 -0.3572 0.5085 0.5039 0.5999 -0.9374 0.1701 -0.2705 -0.1387
-0.7168 0.2717 0.5544 0.324 -0.5573 0.6454 0.3256 0.4085 -0.659 0.406 0.5335 0.3409 -0.7305 0.1044 0.6005 0.308 -0.6747 -0.1437 0.7052 -0.1635 -0.652 0.0327 0.6948 0.3019 -0.7848 -0.0499 -0.438 0.4356 0.2479 0.6738 -0.174 0.674 -0.3572 0.5085 0.5039 0.5999 -0.9374 0.1701 -0.2705 -0.1387
-0.7168 0.2717 0.5544 0.324 -0.5573 0.6454 0.3256 0.4085 -0.659 0.406 0.5335 0.3409 -0.7305 0.1044 0.6005 0.308 -0.6747 -0.1437 0.7052 -0.1635 -0.652 0.0327 0.6948 0.3019 -0.7848 -0.0499 -0.438 0.4356 0.2479 0.6738 -0.174 0.674 -0.3572 0.5085 0.5039 0.5999 -0.9374 0.1701 -0.2705 -0.1387
-0.7069 0.3055 0.5245 0.363 -0.5485 0.6628 0.2886 0.42 -0.655 0.3863 0.5363 0.3663 -0.7305 0.1044 0.6005 0.308 -0.6747 -0.1437 0.7052 -0.1635 -0.6173 -0.0062 0.6656 0.4194 -0.7848 -0.0499 -0.438 0.4356 0.2479 0.6738 -0.174 0.674 -0.3502 0.5576 0.4725 0.5858 -0.9374 0.1701 -0.2705 -0.1387
-0.7069 0.3055 0.5245 0.363 -0.5485 0.6628 0.2886 0.42 -0.655 0.3863 0.5363 0.3663 -0.7305 0.1044 0.6005 0.308 -0.6747 -0.1437 0.7052 -0.1635 -0.6173 -0.0062 0.6656 0.4194 -0.7848 -0.0499 -0.438 0.4356 0.2479 0.6738 -0.174 0.674 -0.3502 0.5576 0.4725 0.5858 -0.9292 0.1445 -0.3121 -0.1353
-0.7069 0.3055 0.5245 0.363 -0.5485 0.6628 0.2886 0.42 -0.655 0.3863 0.5363 0.3663 -0.7305 0.1044 0.6005 0.308 -0.6866 -0.0092 0.7016 -0.1901 -0.6173 -0.0062 0.6656 0.4194 -0.7848 -0.0499 -0.438 0.4356 0.2479 0.6738 -0.174 0.674 -0.3502 0.5576 0.4725 0.5858 -0.9292 0.1445 -0.3121 -0.1353
-0.7069 0.3055 0.5245 0.363 -0.5485 0.6628 0.2886 0.42 -0.655 0.3863 0.5363 0.3663 -0.7305 0.1044 0.6005 0.308 -0.6866 -0.0092 0.7016 -0.1901 -0.6173 -0.0062 0.6656 0.4194 -0.7848 -0.0499 -0.438 0.4356 0.2479 0.6738 -0.174 0.674 -0.3502 0.5576 0.4725 0.5858 -0.9292 0.1445 -0.3121 -0.1353
-0.7069 0.3055 0.5245 0.363 -0.5485 0.6628 0.2886 0.42 -0.655 0.3863 0.5363 0.3663 -0.736 0.1028 0.5795 0.3345 -0.6866 -0.0092 0.7016 -0.1901 -0.6173 -0.0062 0.6656 0.4194 -0.7848 -0.0499 -0.438 0.4356 0.2479 0.6738 -0.174 0.674 -0.3502 0.5576 0.4725 0.5858 -0.9292 0.1445 -0.3121 -0.1353
-0.7069 0.3055 0.5245 0.363 -0.5485 0.6628 0.2886 0.42 -0.655 0.3863 0.5363 0.3663 -0.736 0.1028 0.5795 0.3345 -0.6866 -0.0092 0.7016 -0.1901 -0.6173 -0.0062 0.6656 0.4194 -0.6707 -0.2411 -0.6204 0.3274 0.2479 0.6738 -0.174 0.674 -0.3502 0.5576 0.4725 0.5858 -0.9292 0.1445 -0.3121 -0.1353
-0.7069 0.3055 0.5245 0.363 -0.5485 0.6628 0.2886 0.42 -0.655 0.3863 0.5363 0.3663 -0.736 0.1028 0.5795 0.3345 -0.6866 -0.0092 0.7016 -0.1901 -0.6173 -0.0062 0.6656 0.4194 -0.6707 -0.2411 -0.6204 0.3274 0.2479 0.6738 -0.174 0.674 -0.3502 0.5576 0.4725 0.5858 -0.9292 0.1445 -0.3121 -0.1353
-0.7069 0.3055 0.5245 0.363 -0.5485 0.6628 0.2886 0.42 -0.655 0.3863 0.5363 0.3663 -0.736 0.1028 0.5795 0.3345 -0.6866 -0.0092 0.7016 -0.1901 -0.6173 -0.0062 0.6656 0.4194 -0.6707 -0.2411 -0.6204 0.3274 0.2479 0.6738 -0.174 0.674 -0.3502 0.5576 0.4725 0.5858 -0.9292 0.1445 -0.3121 -0.1353
-0.708 0.3203 0.4954 0.3882 -0.5269 0.6988 0.2294 0.426 -0.6064 0.4225 0.4852 0.4674 -0.736 0.1028 0.5795 0.3345 -0.6866 -0.0092 0.7016 -0.1901 -0.5792 -0.08 0.6641 0.4659 -0.6707 -0.2411 -0.6204 0.3274 0.2479 0.6738 -0.174 0.674 -0.3644 0.5757 0.4712 0.5601 -0.93 0.1435 -0.3112 -0.133
-0.708 0.3203 0.4954 0.3882 -0.5269 0.6988 0.2294 0.426 -0.6064 0.4225 0.4852 0.4674 -0.736 0.1028 0.5795 0.3345 -0.6479 0.1037 0.6951 -0.2936 -0.5792 -0.08 0.6641 0.4659 -0.6707 -0.2411 -0.6204 0.3274 0.2479 0.6738 -0.174 0.674 -0.3644 0.5757 0.4712 0.5601 -0.93 0.1435 -0.3112 -0.133
-0.708 0.3203 0.4954 0.3882 -0.5269 0.6988 0.2294 0.426 -0.6064 0.4225 0.4852 0.4674 -0.736 0.1028 0.5795 0.3345 -0.6479 0.1037 0.6951 -0.2936 -0.5792 -0.08 0.6641 0.4659 -0.6707 -0.2411 -0.6204 0.3274 0.2479 0.6738 -0.174 0.674 -0.3644 0.5757 0.4712 0.5601 -0.93 0.1435 -0.3112 -0.133
-0.708 0.3203 0.4954 0.3882 -0.5269 0.6988 0.2294 0.426 -0.6064 0.4225 0.4852 0.4674 -0.6879 0.1309 0.5601 0.4427 -0.6479 0.1037 0.6951 -0.2936 -0.5792 -0.08 0.6641 0.4659 -0.6707 -0.2411 -0.6204 0.3274 0.2479 0.6738 -0.174 0.674 -0.3644 0.5757 0.4712 0.5601 -0.93 0.1435 -0.3112 -0.133
-0.708 0.3203 0.4954 0.3882 -0.5269 0.6988 0.2294 0.426 -0.6064 0.4225 0.4852 0.4674 -0.6879 0.1309 0.5601 0.4427 -0.6479 0.1037 0.6951 -0.2936 -0.5792 -0.08 0.6641 0.4659 -0.5619 -0.2452 -0.6718 0.4156 0.2479 0.6738 -0.174 0.674 -0.3644 0.5757 0.4712 0.5601 -0.93 0.1435 -0.3112 -0.133
-0.708 0.3203 0.4954 0.3882 -0.5264 0.7032 0.1895 0.4386 -0.6064 0.4225 0.4852 0.4674 -0.6879 0.1309 0.5601 0.4427 -0.6479 0.1037 0.6951 -0.2936 -0.5792 -0.08 0.6641 0.4659 -0.5619 -0.2452 -0.6718 0.4156 0.2479 0.6738 -0.174 0.674 -0.3644 0.5757 0.4712 0.5601 -0.93 0.1435 -0.3112 -0.133
-0.708 0.3203 0.4954 0.3882 -0.5264 0.7032 0.1895 0.4386 -0.6064 0.4225 0.4852 0.4674 -0.6879 0.1309 0.5601 0.4427 -0.6479 0.1037 0.6951 -0.2936 -0.5792 -0.08 0.6641 0.4659 -0.5619 -0.2452 -0.6718 0.4156 0.2479 0.6738 -0.174 0.674 -0.3644 0.5757 0.4712 0.5601 -0.93 0.1435 -0.3112 -0.133
-0.7036 0.3306 0.4792 0.4075 -0.5264 0.7032 0.1895 0.4386 -0.5377 0.4127 0.4721 0.5637 -0.6879 0.1309 0.5601 0.4427 -0.6479 0.1037 0.6951 -0.2936 -0.5773 0.008 0.6008 0.553 -0.5619 -0.2452 -0.6718 0.4156 0.2479 0.6738 -0.174 0.674 -0.3824 0.5893 0.462 0.5413 -0.9283 0.1432 -0.3152 -0.1354
-0.7036 0.3306 0.4792 0.4075 -0.5264 0.7032 0.1895 0.4386 -0.5377 0.4127 0.4721 0.5637 -0.6879 0.1309 0.5601 0.4427 -0.594 0.1915 0.6752 -0.3932 -0.5773 0.008 0.6008 0.553 -0.5619 -0.2452 -0.6718 0.4156 0.2479 0.6738 -0.174 0.674 -0.3824 0.5893 0.462 0.5413 -0.9283 0.1432 -0.3152 -0.1354
-0.7036 0.3306 0.4792 0.4075 -0.5264 0.7032 0.1895 0.4386 -0.5377 0.4127 0.4721 0.5637 -0.6879 0.1309 0.5601 0.4427 -0.594 0.1915 0.6752 -0.3932 -0.5773 0.008 0.6008 0.553 -0.5619 -0.2452 -0.6718 0.4156 0.2479 0.6738 -0.174 0.674 -0.3824 0.5893 0.462 0.5413 -0.9283 0.1432 -0.3152 -0.1354
-0.7036 0.3306 0.4792 0.4075 -0.5264 0.7032 0.1895 0.4386 -0.5377 0.4127 0.4721 0.5637 -0.5873 0.0965 0.6199 0.5114 -0.594 0.1915 0.6752 -0.3932 -0.5773 0.008 0.6008 0.553 -0.5619 -0.2452 -0.6718 0.4156 0.2479 0.6738 -0.174 0.674 -0.3824 0.5893 0.462 0.5413 -0.9283 0.1432 -0.3152 -0.1354
-0.7036 0.3306 0.4792 0.4075 -0.5264 0.7032 0.1895 0.4386 -0.5377 0.4127 0.4721 0.5637 -0.5873 0.0965 0.6199 0.5114 -0.594 0.1915 0.6752 -0.3932 -0.5773 0.008 0.6008 0.553 -0.6655 -0.1982 -0.5835 0.4211 0.2479 0.6738 -0.174 0.674 -0.3824 0.5893 0.462 0.5413 -0.9283 0.1432 -0.3152 -0.1354
-0.7036 0.3306 0.4792 0.4075 -0.5264 0.7032 0.1895 0.4386 -0.5377 0.4127 0.4721 0.5637 -0.5873 0.0965 0.6199 0.5114 -0.594 0.1915 0.6752 -0.3932 -0.5773 0.008 0.6008 0.553 -0.6655 -0.1982 -0.5835 0.4211 0.2479 0.6738 -0.174 0.674 -0.3824 0.5893 0.462 0.5413 -0.9283 0.1432 -0.3152 -0.1354
-0.6974 0.3319 0.4748 0.422 -0.5251 0.6915 0.1833 0.4609 -0.4688 0.4028 0.484 0.6194 -0.5873 0.0965 0.6199 0.5114 -0.594 0.1915 0.6752 -0.3932 -0.6318 0.0108 0.674 0.3826 -0.6655 -0.1982 -0.5835 0.4211 0.2479 0.6738 -0.174 0.674 -0.3957 0.6008 0.4515 0.5279 -0.9283 0.1432 -0.3152 -0.1354
-0.6974 0.3319 0.4748 0.422 -0.5251 0.6915 0.1833 0.4609 -0.4688 0.4028 0.484 0.6194 -0.5873 0.0965 0.6199 0.5114 -0.594 0.1915 0.6752 -0.3932 -0.6318 0.0108 0.674 0.3826 -0.6655 -0.1982 -0.5835 0.4211 0.2479 0.6738 -0.174 0.674 -0.3957 0.6008 0.4515 0.5279 -0.9263 0.1424 -0.3191 -0.141
-0.6974 0.3319 0.4748 0.422 -0.5251 0.6915 0.1833 0.4609 -0.4688 0.4028 0.484 0.6194 -0.5873 0.0965 0.6199 0.5114 -0.594 0.1915 0.6752 -0.3932 -0.6318 0.0108 0.674 0.3826 -0.6655 -0.1982 -0.5835 0.4211 0.2479 0.6738 -0.174 0.674 -0.3957 0.6008 0.4515 0.5279 -0.9263 0.1424 -0.3191 -0.141
-0.6974 0.3319 0.4748 0.422 -0.5251 0.6915 0.1833 0.4609 -0.4688 0.4028 0.484 0.6194 -0.5873 0.0965 0.6199 0.5114 -0.594 0.1915 0.6752 -0.3932 -0.6318 0.0108 0.674 0.3826 -0.6655 -0.1982 -0.5835 0.4211 0.2479 0.6738 -0.174 0.674 -0.3957 0.6008 0.4515 0.5279 -0.9263 0.1424 -0.3191 -0.141
-0.6974 0.3319 0.4748 0.422 -0.5251 0.6915 0.1833 0.4609 -0.4688 0.4028 0.484 0.6194 -0.5873 0.0965 0.6199 0.5114 -0.594 0.1915 0.6752 -0.3932 -0.6318 0.0108 0.674 0.3826 -0.6655 -0.1982 -0.5835 0.4211 0.2479 0.6738 -0.174 0.674 -0.3957 0.6008 0.4515 0.5279 -0.9263 0.1424 -0.3191 -0.141
-0.6974 0.3319 0.4748 0.422 -0.5251 0.6915 0.1833 0.4609 -0.4688 0.4028 0.484 0.6194 -0.4298 0.0953 0.6917 0.5726 -0.594 0.1915 0.6752 -0.3932 -0.6318 0.0108 0.674 0.3826 -0.7286 -0.1364 -0.5009 0.4469 0.2479 0.6738 -0.174 0.674 -0.3957 0.6008 0.4515 0.5279 -0.9263 0.1424 -0.3191 -0.141
-0.6974 0.3319 0.4748 0.422 -0.5212 0.6712 0.1907 0.4915 -0.4688 0.4028 0.484 0.6194 -0.4298 0.0953 0.6917 0.5726 -0.594 0.1915 0.6752 -0.3932 -0.6915 0.1539 0.6417 0.294 -0.7286 -0.1364 -0.5009 0.4469 0.2479 0.6738 -0.174 0.674 -0.3957 0.6008 0.4515 0.5279 -0.9263 0.1424 -0.3191 -0.141
-0.6974 0.3319 0.4748 0.422 -0.5212 0.6712 0.1907 0.4915 -0.4688 0.4028 0.484 0.6194 -0.4298 0.0953 0.6917 0.5726 -0.594 0.1915 0.6752 -0.3932 -0.6915 0.1539 0.6417 0.294 -0.7286 -0.1364 -0.5009 0.4469 0.2479 0.6738 -0.174 0.674 -0.3957 0.6008 0.4515 0.5279 -0.9263 0.1424 -0.3191 -0.141
-0.6896 0.3333 0.4822 0.4252 -0.5212 0.6712 0.1907 0.4915 -0.4688 0.4028 0.484 0.6194 -0.4298 0.0953 0.6917 0.5726 -0.594 0.1915 0.6752 -0.3932 -0.6915 0.1539 0.6417 0.294 -0.7286 -0.1364 -0.5009 0.4469 0.2479 0.6738 -0.174 0.674 -0.4123 0.613 0.4413 0.5095 -0.924 0.1428 -0.3239 -0.1449
-0.6896 0.3333 0.4822 0.4252 -0.5212 0.6712 0.1907 0.4915 -0.4688 0.4028 0.484 0.6194 -0.4298 0.0953 0.6917 0.5726 -0.5673 0.1632 0.6824 -0.4312 -0.6915 0.1539 0.6417 0.294 -0.7286 -0.1364 -0.5009 0.4469 0.2479 0.6738 -0.174 0.674 -0.4123 0.613 0.4413 0.5095 -0.924 0.1428 -0.3239 -0.1449
-0.6896 0.3333 0.4822 0.4252 -0.5212 0.6712 0.1907 0.4915 -0.4688 0.4028 0.484 0.6194 -0.4298 0.0953 0.6917 0.5726 -0.5673 0.1632 0.6824 -0.4312 -0.6915 0.1539 0.6417 0.294 -0.7286 -0.1364 -0.5009 0.4469 0.2479 0.6738 -0.174 0.674 -0.4123 0.613 0.4413 0.5095 -0.924 0.1428 -0.3239 -0.1449
-0.6896 0.3333 0.4822 0.4252 -0.5212 0.6712 0.1907 0.4915 -0.4688 0.4028 0.484 0.6194 -0.2955 0.144 0.723 0.6077 -0.5673 0.1632 0.6824 -0.4312 -0.6915 0.1539 0.6417 0.294 -0.7286 -0.1364 -0.5009 0.4469 0.1362 0.7143 -0.2159 0.6516 -0.4123 0.613 0.4413 0.5095 -0.924 0.1428 -0.3239 -0.1449
-0.6896 0.3333 0.4822 0.4252 -0.5212 0.6712 0.1907 0.4915 -0.4688 0.4028 0.484 0.6194 -0.2955 0.144 0.723 0.6077 -0.5673 0.1632 0.6824 -0.4312 -0.6915 0.1539 0.6417 0.294 -0.7286 -0.1364 -0.5009 0.4469 0.1362 0.7143 -0.2159 0.6516 -0.4123 0.613 0.4413 0.5095 -0.924 0.1428 -0.3239 -0.1449
-0.6896 0.3333 0.4822 0.4252 -0.5212 0.6712 0.1907 0.4915 -0.4688 0.4028 0.484 0.6194 -0.2955 0.144 0.723 0.6077 -0.5673 0.1632 0.6824 -0.4312 -0.6915 0.1539 0.6417 0.294 -0.7286 -0.1364 -0.5009 0.4469 0.1362 0.7143 -0.2159 0.6516 -0.4123 0.613 0.4413 0.5095 -0.924 0.1428 -0.3239 -0.1449
-0.6896 0.3333 0.4822 0.4252 -0.5212 0.6712 0.1907 0.4915 -0.4688 0.4028 0.484 0.6194 -0.2955 0.144 0.723 0.6077 -0.5673 0.1632 0.6824 -0.4312 -0.6915 0.1539 0.6417 0.294 -0.7286 -0.1364 -0.5009 0.4469 0.1362 0.7143 -0.2159 0.6516 -0.4123 0.613 0.4413 0.5095 -0.924 0.1428 -0.3239 -0.1449
-0.6884 0.3266 0.4877 0.4261 -0.5159 0.6685 0.1942 0.4991 -0.4232 0.4372 0.5008 0.6156 -0.2955 0.144 0.723 0.6077 -0.5673 0.1632 0.6824 -0.4312 -0.7391 0.2554 0.6147 0.1029 -0.7286 -0.1364 -0.5009 0.4469 0.1362 0.7143 -0.2159 0.6516 -0.4272 0.6256 0.4297 0.4914 -0.9211 0.1451 -0.3298 -0.1475
-0.6884 0.3266 0.4877 0.4261 -0.5159 0.6685 0.1942 0.4991 -0.4232 0.4372 0.5008 0.6156 -0.2955 0.144 0.723 0.6077 -0.6233 0.0791 0.7033 -0.3326 -0.7391 0.2554 0.6147 0.1029 -0.7286 -0.1364 -0.5009 0.4469 0.1362 0.7143 -0.2159 0.6516 -0.4272 0.6256 0.4297 0.4914 -0.9211 0.1451 -0.3298 -0.1475
-0.6884 0.3266 0.4877 0.4261 -0.5159 0.6685 0.1942 0.4991 -0.4232 0.4372 0.5008 0.6156 -0.2955 0.144 0.723 0.6077 -0.6233 0.0791 0.7033 -0.3326 -0.7391 0.2554 0.6147 0.1029 -0.7286 -0.1364 -0.5009 0.4469 0.1362 0.7143 -0.2159 0.6516 -0.4272 0.6256 0.4297 0.4914 -0.9211 0.1451 -0.3298 -0.1475
-0.6884 0.3266 0.4877 0.4261 -0.5159 0.6685 0.1942 0.4991 -0.4232 0.4372 0.5008 0.6156 -0.2817 0.1552 0.7415 0.5889 -0.6233 0.0791 0.7033 -0.3326 -0.7391 0.2554 0.6147 0.1029 -0.7286 -0.1364 -0.5009 0.4469 0.1362 0.7143 -0.2159 0.6516 -0.4272 0.6256 0.4297 0.4914 -0.9211 0.1451 -0.3298 -0.1475
-0.6884 0.3266 0.4877 0.4261 -0.5159 0.6685 0.1942 0.4991 -0.4232 0.4372 0.5008 0.6156 -0.2817 0.1552 0.7415 0.5889 -0.6233 0.0791 0.7033 -0.3326 -0.7391 0.2554 0.6147 0.1029 -0.8491 0.0792 -0.1941 0.4848 0.1362 0.7143 -0.2159 0.6516 -0.4272 0.6256 0.4297 0.4914 -0.9211 0.1451 -0.3298 -0.1475
-0.7 0.3141 0.4919 0.4116 -0.5235 0.6718 0.1964 0.4859 -0.4232 0.4372 0.5008 0.6156 -0.2817 0.1552 0.7415 0.5889 -0.6233 0.0791 0.7033 -0.3326 -0.7281 0.3162 0.606 0.0521 -0.8491 0.0792 -0.1941 0.4848 0.1362 0.7143 -0.2159 0.6516 -0.4272 0.6256 0.4297 0.4914 -0.9211 0.1451 -0.3298 -0.1475
-0.7 0.3141 0.4919 0.4116 -0.5235 0.6718 0.1964 0.4859 -0.4232 0.4372 0.5008 0.6156 -0.2817 0.1552 0.7415 0.5889 -0.6233 0.0791 0.7033 -0.3326 -0.7281 0.3162 0.606 0.0521 -0.8491 0.0792 -0.1941 0.4848 0.1362 0.7143 -0.2159 0.6516 -0.4272 0.6256 0.4297 0.4914 -0.9211 0.1451 -0.3298 -0.1475
-0.7 0.3141 0.4919 0.4116 -0.5235 0.6718 0.1964 0.4859 -0.4232 0.4372 0.5008 0.6156 -0.2817 0.1552 0.7415 0.5889 -0.6233 0.0791 0.7033 -0.3326 -0.7281 0.3162 0.606 0.0521 -0.8491 0.0792 -0.1941 0.4848 0.1362 0.7143 -0.2159 0.6516 -0.4272 0.6256 0.4297 0.4914 -0.9211 0.1451 -0.3298 -0.1475
-0.7 0.3141 0.4919 0.4116 -0.5235 0.6718 0.1964 0.4859 -0.4232 0.4372 0.5008 0.6156 -0.2817 0.1552 0.7415 0.5889 -0.6347 0.0049 0.6959 -0.3359 -0.7281 0.3162 0.606 0.0521 -0.8491 0.0792 -0.1941 0.4848 0.1362 0.7143 -0.2159 0.6516 -0.4272 0.6256 0.4297 0.4914 -0.9211 0.1451 -0.3298 -0.1475
-0.7 0.3141 0.4919 0.4116 -0.5235 0.6718 0.1964 0.4859 -0.4232 0.4372 0.5008 0.6156 -0.3932 0.1361 0.7253 0.5484 -0.6347 0.0049 0.6959 -0.3359 -0.7281 0.3162 0.606 0.0521 -0.8491 0.0792 -0.1941 0.4848 0.1362 0.7143 -0.2159 0.6516 -0.4272 0.6256 0.4297 0.4914 -0.9211 0.1451 -0.3298 -0.1475
-0.7 0.3141 0.4919 0.4116 -0.5235 0.6718 0.1964 0.4859 -0.4232 0.4372 0.5008 0.6156 -0.3932 0.1361 0.7253 0.5484 -0.6347 0.0049 0.6959 -0.3359 -0.7281 0.3162 0.606 0.0521 -0.8491 0.0792 -0.1941 0.4848 0.1362 0.7143 -0.2159 0.6516 -0.4272 0.6256 0.4297 0.4914 -0.9211 0.1451 -0.3298 -0.1475
-0.7 0.3141 0.4919 0.4116 -0.5327 0.6837 0.2013 0.4565 -0.4232 0.4372 0.5008 0.6156 -0.3932 0.1361 0.7253 0.5484 -0.6347 0.0049 0.6959 -0.3359 -0.7281 0.3162 0.606 0.0521 -0.785 -0.0358 -0.342 0.5153 0.1174 0.7053 -0.2327 0.6593 -0.4272 0.6256 0.4297 0.4914 -0.9211 0.1451 -0.3298 -0.1475
-0.7072 0.3193 0.4865 0.4015 -0.5327 0.6837 0.2013 0.4565 -0.4672 0.4291 0.523 0.5692 -0.3932 0.1361 0.7253 0.5484 -0.6347 0.0049 0.6959 -0.3359 -0.7079 0.2189 0.6481 0.1757 -0.785 -0.0358 -0.342 0.5153 0.1174 0.7053 -0.2327 0.6593 -0.4272 0.6256 0.4297 0.4914 -0.9211 0.1451 -0.3298 -0.1475
-0.7072 0.3193 0.4865 0.4015 -0.5327 0.6837 0.2013 0.4565 -0.4672 0.4291 0.523 0.5692 -0.3932 0.1361 0.7253 0.5484 -0.6347 0.0049 0.6959 -0.3359 -0.7079 0.2189 0.6481 0.1757 -0.785 -0.0358 -0.342 0.5153 0.1174 0.7053 -0.2327 0.6593 -0.4911 0.6541 0.3729 0.4382 -0.9211 0.1451 -0.3298 -0.1475
-0.7072 0.3193 0.4865 0.4015 -0.5327 0.6837 0.2013 0.4565 -0.4672 0.4291 0.523 0.5692 -0.3932 0.1361 0.7253 0.5484 -0.6347 0.0049 0.6959 -0.3359 -0.7079 0.2189 0.6481 0.1757 -0.785 -0.0358 -0.342 0.5153 0.1174 0.7053 -0.2327 0.6593 -0.4911 0.6541 0.3729 0.4382 -0.9009 0.176 -0.373 -0.135
-0.7072 0.3193 0.4865 0.4015 -0.5327 0.6837 0.2013 0.4565 -0.4672 0.4291 0.523 0.5692 -0.3932 0.1361 0.7253 0.5484 -0.6467 -0.0114 0.7275 -0.229 -0.7079 0.2189 0.6481 0.1757 -0.785 -0.0358 -0.342 0.5153 0.1174 0.7053 -0.2327 0.6593 -0.4911 0.6541 0.3729 0.4382 -0.9009 0.176 -0.373 -0.135
-0.7072 0.3193 0.4865 0.4015 -0.5327 0.6837 0.2013 0.4565 -0.4672 0.4291 0.523 0.5692 -0.3932 0.1361 0.7253 0.5484 -0.6467 -0.0114 0.7275 -0.229 -0.7079 0.2189 0.6481 0.1757 -0.785 -0.0358 -0.342 0.5153 0.1174 0.7053 -0.2327 0.6593 -0.4911 0.6541 0.3729 0.4382 -0.9009 0.176 -0.373 -0.135
-0.7072 0.3193 0.4865 0.4015 -0.5327 0.6837 0.2013 0.4565 -0.4672 0.4291 0.523 0.5692 -0.5704 0.1072 0.6598 0.4773 -0.6467 -0.0114 0.7275 -0.229 -0.7079 0.2189 0.6481 0.1757 -0.7992 0.0527 -0.3248 0.503 0.1174 0.7053 -0.2327 0.6593 -0.4911 0.6541 0.3729 0.4382 -0.9009 0.176 -0.373 -0.135
-0.7072 0.3193 0.4865 0.4015 -0.5327 0.6837 0.2013 0.4565 -0.4672 0.4291 0.523 0.5692 -0.5704 0.1072 0.6598 0.4773 -0.6467 -0.0114 0.7275 -0.229 -0.7079 0.2189 0.6481 0.1757 -0.7992 0.0527 -0.3248 0.503 0.1174 0.7053 -0.2327 0.6593 -0.4911 0.6541 0.3729 0.4382 -0.9009 0.176 -0.373 -0.135
-0.7072 0.3193 0.4865 0.4015 -0.5327 0.6837 0.2013 0.4565 -0.4672 0.4291 0.523 0.5692 -0.5704 0.1072 0.6598 0.4773 -0.6467 -0.0114 0.7275 -0.229 -0.7079 0.2189 0.6481 0.1757 -0.7992 0.0527 -0.3248 0.503 0.1174 0.7053 -0.2327 0.6593 -0.4911 0.6541 0.3729 0.4382 -0.9009 0.176 -0.373 -0.135
-0.7072 0.3193 0.4865 0.4015 -0.5327 0.6837 0.2013 0.4565 -0.4672 0.4291 0.523 0.5692 -0.5704 0.1072 0.6598 0.4773 -0.6467 -0.0114 0.7275 -0.229 -0.7079 0.2189 0.6481 0.1757 -0.7992 0.0527 -0.3248 0.503 0.1174 0.7053 -0.2327 0.6593 -0.4911 0.6541 0.3729 0.4382 -0.9009 0.176 -0.373 -0.135
-0.7005 0.3379 0.4832 0.402 -0.524 0.7041 0.2057 0.4328 -0.5418 0.3781 0.5497 0.5112 -0.5704 0.1072 0.6598 0.4773 -0.6467 -0.0114 0.7275 -0.229 -0.6987 0.1496 0.6758 0.1808 -0.7992 0.0527 -0.3248 0.503 0.1174 0.7053 -0.2327 0.6593 -0.5423 0.6691 0.3273 0.3888 -0.8408 0.2175 -0.4828 -0.1121
-0.7005 0.3379 0.4832 0.402 -0.524 0.7041 0.2057 0.4328 -0.5418 0.3781 0.5497 0.5112 -0.5704 0.1072 0.6598 0.4773 -0.6479 -0.0847 0.7166 -0.2439 -0.6987 0.1496 0.6758 0.1808 -0.7992 0.0527 -0.3248 0.503 0.1174 0.7053 -0.2327 0.6593 -0.5423 0.6691 0.3273 0.3888 -0.8408 0.2175 -0.4828 -0.1121
-0.7005 0.3379 0.4832 0.402 -0.524 0.7041 0.2057 0.4328 -0.5418 0.3781 0.5497 0.5112 -0.5704 0.1072 0.6598 0.4773 -0.6479 -0.0847 0.7166 -0.2439 -0.6987 0.1496 0.6758 0.1808 -0.7992 0.0527 -0.3248 0.503 0.1174 0.7053 -0.2327 0.6593 -0.5423 0.6691 0.3273 0.3888 -0.8408 0.2175 -0.4828 -0.1121
-0.7005 0.3379 0.4832 0.402 -0.524 0.7041 0.2057 0.4328 -0.5418 0.3781 0.5497 0.5112 -0.7308 0.0284 0.5942 0.3348 -0.6479 -0.0847 0.7166 -0.2439 -0.6987 0.1496 0.6758 0.1808 -0.7992 0.0527 -0.3248 0.503 0.1174 0.7053 -0.2327 0.6593 -0.5423 0.6691 0.3273 0.3888 -0.8408 0.2175 -0.4828 -0.1121
-0.7005 0.3379 0.4832 0.402 -0.526 0.7054 0.2145 0.424 -0.5418 0.3781 0.5497 0.5112 -0.7308 0.0284 0.5942 0.3348 -0.6479 -0.0847 0.7166 -0.2439 -0.6987 0.1496 0.6758 0.1808 -0.7992 0.0527 -0.3248 0.503 0.1174 0.7053 -0.2327 0.6593 -0.5423 0.6691 0.3273 0.3888 -0.8408 0.2175 -0.4828 -0.1121
-0.7005 0.3379 0.4832 0.402 -0.526 0.7054 0.2145 0.424 -0.5418 0.3781 0.5497 0.5112 -0.7308 0.0284 0.5942 0.3348 -0.6479 -0.0847 0.7166 -0.2439 -0.6987 0.1496 0.6758 0.1808 -0.7992 0.0527 -0.3248 0.503 0.1174 0.7053 -0.2327 0.6593 -0.5423 0.6691 0.3273 0.3888 -0.8408 0.2175 -0.4828 -0.1121
-0.7124 0.3304 0.4897 0.3788 -0.526 0.7054 0.2145 0.424 -0.5418 0.3781 0.5497 0.5112 -0.7308 0.0284 0.5942 0.3348 -0.6479 -0.0847 0.7166 -0.2439 -0.6987 0.1496 0.6758 0.1808 -0.7992 0.0527 -0.3248 0.503 0.1174 0.7053 -0.2327 0.6593 -0.5423 0.6691 0.3273 0.3888 -0.8408 0.2175 -0.4828 -0.1121
-0.7124 0.3304 0.4897 0.3788 -0.526 0.7054 0.2145 0.424 -0.5418 0.3781 0.5497 0.5112 -0.7308 0.0284 0.5942 0.3348 -0.6479 -0.0847 0.7166 -0.2439 -0.6987 0.1496 0.6758 0.1808 -0.7992 0.0527 -0.3248 0.503 0.1174 0.7053 -0.2327 0.6593 -0.5748 0.7151 0.2415 0.316 -0.6719 0.2524 -0.6874 -0.1108
-0.7124 0.3304 0.4897 0.3788 -0.526 0.7054 0.2145 0.424 -0.5418 0.3781 0.5497 0.5112 -0.7308 0.0284 0.5942 0.3348 -0.6514 -0.1058 0.7187 -0.2191 -0.6987 0.1496 0.6758 0.1808 -0.7992 0.0527 -0.3248 0.503 0.1174 0.7053 -0.2327 0.6593 -0.5748 0.7151 0.2415 0.316 -0.6719 0.2524 -0.6874 -0.1108
-0.7124 0.3304 0.4897 0.3788 -0.526 0.7054 0.2145 0.424 -0.5418 0.3781 0.5497 0.5112 -0.7308 0.0284 0.5942 0.3348 -0.6514 -0.1058 0.7187 -0.2191 -0.6987 0.1496 0.6758 0.1808 -0.7992 0.0527 -0.3248 0.503 0.1174 0.7053 -0.2327 0.6593 -0.5748 0.7151 0.2415 0.316 -0.6719 0.2524 -0.6874 -0.1108
-0.7124 0.3304 0.4897 0.3788 -0.526 0.7054 0.2145 0.424 -0.5418 0.3781 0.5497 0.5112 -0.7831 0.0643 0.5145 0.3434 -0.6514 -0.1058 0.7187 -0.2191 -0.6987 0.1496 0.6758 0.1808 -0.7992 0.0527 -0.3248 0.503 0.1174 0.7053 -0.2327 0.6593 -0.5748 0.7151 0.2415 0.316 -0.6719 0.2524 -0.6874 -0.1108
-0.7124 0.3304 0.4897 0.3788 -0.526 0.7054 0.2145 0.424 -0.5418 0.3781 0.5497 0.5112 -0.7831 0.0643 0.5145 0.3434 -0.6514 -0.1058 0.7187 -0.2191 -0.6987 0.1496 0.6758 0.1808 -0.7992 0.0527 -0.3248 0.503 0.1174 0.7053 -0.2327 0.6593 -0.5748 0.7151 0.2415 0.316 -0.6719 0.2524 -0.6874 -0.1108
-0.7124 0.3304 0.4897 0.3788 -0.526 0.7054 0.2145 0.424 -0.5418 0.3781 0.5497 0.5112 -0.7831 0.0643 0.5145 0.3434 -0.6514 -0.1058 0.7187 -0.2191 -0.6987 0.1496 0.6758 0.1808 -0.7992 0.0527 -0.3248 0.503 0.1174 0.7053 -0.2327 0.6593 -0.5748 0.7151 0.2415 0.316 -0.6719 0.2524 -0.6874 -0.1108
-0.728 0.3207 0.4958 0.3484 -0.5519 0.6826 0.2375 0.416 -0.6829 0.3501 0.4898 0.4137 -0.7831 0.0643 0.5145 0.3434 -0.6514 -0.1058 0.7187 -0.2191 -0.6787 0.0724 0.7055 0.1908 -0.7992 0.0527 -0.3248 0.503 0.1174 0.7053 -0.2327 0.6593 -0.5748 0.7151 0.2415 0.316 -0.6719 0.2524 -0.6874 -0.1108
-0.728 0.3207 0.4958 0.3484 -0.5519 0.6826 0.2375 0.416 -0.6829 0.3501 0.4898 0.4137 -0.7831 0.0643 0.5145 0.3434 -0.6514 -0.1058 0.7187 -0.2191 -0.6787 0.0724 0.7055 0.1908 -0.7992 0.0527 -0.3248 0.503 0.1174 0.7053 -0.2327 0.6593 -0.5748 0.7151 0.2415 0.316 -0.6854 0.2324 -0.6664 -0.1793
-0.728 0.3207 0.4958 0.3484 -0.5519 0.6826 0.2375 0.416 -0.6829 0.3501 0.4898 0.4137 -0.7831 0.0643 0.5145 0.3434 -0.6476 -0.1441 0.7145 -0.2221 -0.6787 0.0724 0.7055 0.1908 -0.7992 0.0527 -0.3248 0.503 0.1174 0.7053 -0.2327 0.6593 -0.5748 0.7151 0.2415 0.316 -0.6854 0.2324 -0.6664 -0.1793
-0.728 0.3207 0.4958 0.3484 -0.5519 0.6826 0.2375 0.416 -0.6829 0.3501 0.4898 0.4137 -0.7831 0.0643 0.5145 0.3434 -0.6476 -0.1441 0.7145 -0.2221 -0.6787 0.0724 0.7055 0.1908 -0.7992 0.0527 -0.3248 0.503 0.1174 0.7053 -0.2327 0.6593 -0.5748 0.7151 0.2415 0.316 -0.6854 0.2324 -0.6664 -0.1793
-0.728 0.3207 0.4958 0.3484 -0.5519 0.6826 0.2375 0.416 -0.6829 0.3501 0.4898 0.4137 -0.7913 0.0459 0.5369 0.2889 -0.6476 -0.1441 0.7145 -0.2221 -0.6787 0.0724 0.7055 0.1908 -0.7992 0.0527 -0.3248 0.503 0.1174 0.7053 -0.2327 0.6593 -0.5748 0.7151 0.2415 0.316 -0.6854 0.2324 -0.6664 -0.1793
-0.728 0.3207 0.4958 0.3484 -0.5519 0.6826 0.2375 0.416 -0.6829 0.3501 0.4898 0.4137 -0.7913 0.0459 0.5369 0.2889 -0.6476 -0.1441 0.7145 -0.2221 -0.6787 0.0724 0.7055 0.1908 -0.7992 0.0527 -0.3248 0.503 0.1174 0.7053 -0.2327 0.6593 -0.5748 0.7151 0.2415 0.316 -0.6854 0.2324 -0.6664 -0.1793
-0.725 0.32 0.5117 0.3318 -0.5422 0.6943 0.2573 0.3971 -0.6861 0.3653 0.5145 0.3621 -0.7913 0.0459 0.5369 0.2889 -0.6476 -0.1441 0.7145 -0.2221 -0.674 0.0566 0.7046 0.2147 -0.7992 0.0527 -0.3248 0.503 0.1174 0.7053 -0.2327 0.6593 -0.5748 0.7151 0.2415 0.316 -0.6854 0.2324 -0.6664 -0.1793
-0.725 0.32 0.5117 0.3318 -0.5422 0.6943 0.2573 0.3971 -0.6861 0.3653 0.5145 0.3621 -0.7913 0.0459 0.5369 0.2889 -0.6476 -0.1441 0.7145 -0.2221 -0.674 0.0566 0.7046 0.2147 -0.7992 0.0527 -0.3248 0.503 0.1174 0.7053 -0.2327 0.6593 -0.5748 0.7151 0.2415 0.316 -0.6854 0.2324 -0.6664 -0.1793
-0.725 0.32 0.5117 0.3318 -0.5422 0.6943 0.2573 0.3971 -0.6861 0.3653 0.5145 0.3621 -0.7913 0.0459 0.5369 0.2889 -0.6476 -0.1441 0.7145 -0.2221 -0.674 0.0566 0.7046 0.2147 -0.7992 0.0527 -0.3248 0.503 0.1174 0.7053 -0.2327 0.6593 -0.5748 0.7151 0.2415 0.316 -0.8652 0.139 -0.4419 -0.1922
-0.725 0.32 0.5117 0.3318 -0.5422 0.6943 0.2573 0.3971 -0.6861 0.3653 0.5145 0.3621 -0.7913 0.0459 0.5369 0.2889 -0.6476 -0.1441 0.7145 -0.2221 -0.674 0.0566 0.7046 0.2147 -0.7992 0.0527 -0.3248 0.503 0.1174 0.7053 -0.2327 0.6593 -0.5748 0.7151 0.2415 0.316 -0.8652 0.139 -0.4419 -0.1922
-0.725 0.32 0.5117 0.3318 -0.5422 0.6943 0.2573 0.3971 -0.6861 0.3653 0.5145 0.3621 -0.7913 0.0459 0.5369 0.2889 -0.6613 -0.1434 0.7108 -0.1924 -0.674 0.0566 0.7046 0.2147 -0.7992 0.0527 -0.3248 0.503 0.1174 0.7053 -0.2327 0.6593 -0.5748 0.7151 0.2415 0.316 -0.8652 0.139 -0.4419 -0.1922
-0.725 0.32 0.5117 0.3318 -0.5422 0.6943 0.2573 0.3971 -0.6861 0.3653 0.5145 0.3621 -0.772 0.0888 0.5688 0.2697 -0.6613 -0.1434 0.7108 -0.1924 -0.674 0.0566 0.7046 0.2147 -0.7992 0.0527 -0.3248 0.503 0.1174 0.7053 -0.2327 0.6593 -0.5748 0.7151 0.2415 0.316 -0.8652 0.139 -0.4419 -0.1922
-0.725 0.32 0.5117 0.3318 -0.5439 0.71 0.2774 0.351 -0.6861 0.3653 0.5145 0.3621 -0.772 0.0888 0.5688 0.2697 -0.6613 -0.1434 0.7108 -0.1924 -0.674 0.0566 0.7046 0.2147 -0.7941 0.0363 -0.3483 0.4967 0.311 0.6635 -0.159 0.6617 -0.5748 0.7151 0.2415 0.316 -0.8652 0.139 -0.4419 -0.1922
-0.725 0.32 0.5117 0.3318 -0.5439 0.71 0.2774 0.351 -0.6861 0.3653 0.5145 0.3621 -0.772 0.0888 0.5688 0.2697 -0.6613 -0.1434 0.7108 -0.1924 -0.674 0.0566 0.7046 0.2147 -0.7941 0.0363 -0.3483 0.4967 0.311 0.6635 -0.159 0.6617 -0.5748 0.7151 0.2415 0.316 -0.8652 0.139 -0.4419 -0.1922
-0.7329 0.3129 0.5166 0.3132 -0.5439 0.71 0.2774 0.351 -0.6861 0.3653 0.5145 0.3621 -0.772 0.0888 0.5688 0.2697 -0.6613 -0.1434 0.7108 -0.1924 -0.674 0.0566 0.7046 0.2147 -0.7941 0.0363 -0.3483 0.4967 0.311 0.6635 -0.159 0.6617 -0.5748 0.7151 0.2415 0.316 -0.8652 0.139 -0.4419 -0.1922
-0.7329 0.3129 0.5166 0.3132 -0.5439 0.71 0.2774 0.351 -0.6861 0.3653 0.5145 0.3621 -0.772 0.0888 0.5688 0.2697 -0.6613 -0.1434 0.7108 -0.1924 -0.674 0.0566 0.7046 0.2147 -0.7941 0.0363 -0.3483 0.4967 0.311 0.6635 -0.159 0.6617 -0.5748 0.7151 0.2415 0.316 -0.8652 0.139 -0.4419 -0.1922
-0.7329 0.3129 0.5166 0.3132 -0.5439 0.71 0.2774 0.351 -0.6861 0.3653 0.5145 0.3621 -0.772 0.0888 0.5688 0.2697 -0.6613 -0.1434 0.7108 -0.1924 -0.674 0.0566 0.7046 0.2147 -0.7941 0.0363 -0.3483 0.4967 0.311 0.6635 -0.159 0.6617 -0.5748 0.7151 0.2415 0.316 -0.8652 0.139 -0.4419 -0.1922
-0.7329 0.3129 0.5166 0.3132 -0.5439 0.71 0.2774 0.351 -0.6861 0.3653 0.5145 0.3621 -0.7407 0.1354 0.5836 0.3039 -0.6722 -0.1429 0.7067 -0.1682 -0.674 0.0566 0.7046 0.2147 -0.7941 0.0363 -0.3483 0.4967 0.311 0.6635 -0.159 0.6617 -0.5748 0.7151 0.2415 0.316 -0.8652 0.139 -0.4419 -0.1922
-0.7329 0.3129 0.5166 0.3132 -0.5439 0.71 0.2774 0.351 -0.6861 0.3653 0.5145 0.3621 -0.7407 0.1354 0.5836 0.3039 -0.6722 -0.1429 0.7067 -0.1682 -0.674 0.0566 0.7046 0.2147 -0.7941 0.0363 -0.3483 0.4967 0.311 0.6635 -0.159 0.6617 -0.5748 0.7151 0.2415 0.316 -0.8652 0.139 -0.4419 -0.1922
-0.7329 0.3129 0.5166 0.3132 -0.5201 0.7441 0.2435 0.3412 -0.6861 0.3653 0.5145 0.3621 -0.7407 0.1354 0.5836 0.3039 -0.6722 -0.1429 0.7067 -0.1682 -0.674 0.0566 0.7046 0.2147 -0.7874 0.0356 -0.3698 0.4919 0.311 0.6635 -0.159 0.6617 -0.5748 0.7151 0.2415 0.316 -0.8652 0.139 -0.4419 -0.1922
-0.7323 0.3257 0.5074 0.3167 -0.5201 0.7441 0.2435 0.3412 -0.6861 0.3653 0.5145 0.3621 -0.7407 0.1354 0.5836 0.3039 -0.6722 -0.1429 0.7067 -0.1682 -0.674 0.0566 0.7046 0.2147 -0.7874 0.0356 -0.3698 0.4919 0.311 0.6635 -0.159 0.6617 -0.5748 0.7151 0.2415 0.316 -0.8652 0.139 -0.4419 -0.1922
-0.7323 0.3257 0.5074 0.3167 -0.5201 0.7441 0.2435 0.3412 -0.6861 0.3653 0.5145 0.3621 -0.7407 0.1354 0.5836 0.3039 -0.6722 -0.1429 0.7067 -0.1682 -0.674 0.0566 0.7046 0.2147 -0.7874 0.0356 -0.3698 0.4919 0.311 0.6635 -0.159 0.6617 -0.5748 0.7151 0.2415 0.316 -0.8652 0.139 -0.4419 -0.1922
-0.7323 0.3257 0.5074 0.3167 -0.5201 0.7441 0.2435 0.3412 -0.6861 0.3653 0.5145 0.3621 -0.7407 0.1354 0.5836 0.3039 -0.6722 -0.1429 0.7067 -0.1682 -0.674 0.0566 0.7046 0.2147 -0.7874 0.0356 -0.3698 0.4919 0.311 0.6635 -0.159 0.6617 -0.3604 0.5242 0.4827 0.602 -0.9469 0.1278 -0.2755 -0.106
-0.7323 0.3257 0.5074 0.3167 -0.5201 0.7441 0.2435 0.3412 -0.6861 0.3653 0.5145 0.3621 -0.7407 0.1354 0.5836 0.3039 -0.6849 -0.1046 0.7032 -0.1598 -0.674 0.0566 0.7046 0.2147 -0.7874 0.0356 -0.3698 0.4919 0.311 0.6635 -0.159 0.6617 -0.3604 0.5242 0.4827 0.602 -0.9469 0.1278 -0.2755 -0.106
-0.7323 0.3257 0.5074 0.3167 -0.5201 0.7441 0.2435 0.3412 -0.6861 0.3653 0.5145 0.3621 -0.7219 0.1315 0.5765 0.3594 -0.6849 -0.1046 0.7032 -0.1598 -0.674 0.0566 0.7046 0.2147 -0.7874 0.0356 -0.3698 0.4919 0.311 0.6635 -0.159 0.6617 -0.3604 0.5242 0.4827 0.602 -0.9469 0.1278 -0.2755 -0.106
-0.7323 0.3257 0.5074 0.3167 -0.5201 0.7441 0.2435 0.3412 -0.6861 0.3653 0.5145 0.3621 -0.7219 0.1315 0.5765 0.3594 -0.6849 -0.1046 0.7032 -0.1598 -0.674 0.0566 0.7046 0.2147 -0.7874 0.0356 -0.3698 0.4919 0.311 0.6635 -0.159 0.6617 -0.3604 0.5242 0.4827 0.602 -0.9469 0.1278 -0.2755 -0.106
-0.7323 0.3257 0.5074 0.3167 -0.5178 0.7431 0.1973 0.3752 -0.6861 0.3653 0.5145 0.3621 -0.7219 0.1315 0.5765 0.3594 -0.6849 -0.1046 0.7032 -0.1598 -0.674 0.0566 0.7046 0.2147 -0.7711 -0.0571 -0.4551 0.4417 0.2209 0.6727 -0.1662 0.6863 -0.3604 0.5242 0.4827 0.602 -0.9469 0.1278 -0.2755 -0.106
-0.7323 0.3257 0.5074 0.3167 -0.5178 0.7431 0.1973 0.3752 -0.6861 0.3653 0.5145 0.3621 -0.7219 0.1315 0.5765 0.3594 -0.6849 -0.1046 0.7032 -0.1598 -0.674 0.0566 0.7046 0.2147 -0.7711 -0.0571 -0.4551 0.4417 0.2209 0.6727 -0.1662 0.6863 -0.3604 0.5242 0.4827 0.602 -0.9469 0.1278 -0.2755 -0.106
-0.7211 0.3531 0.4777 0.3564 -0.5178 0.7431 0.1973 0.3752 -0.6211 0.4134 0.4981 0.4419 -0.7219 0.1315 0.5765 0.3594 -0.6849 -0.1046 0.7032 -0.1598 -0.6109 0.0034 0.6349 0.473 -0.7711 -0.0571 -0.4551 0.4417 0.2209 0.6727 -0.1662 0.6863 -0.3531 0.5682 0.4533 0.5891 -0.9469 0.1278 -0.2755 -0.106
-0.7211 0.3531 0.4777 0.3564 -0.5178 0.7431 0.1973 0.3752 -0.6211 0.4134 0.4981 0.4419 -0.7219 0.1315 0.5765 0.3594 -0.6849 -0.1046 0.7032 -0.1598 -0.6109 0.0034 0.6349 0.473 -0.7711 -0.0571 -0.4551 0.4417 0.2209 0.6727 -0.1662 0.6863 -0.3531 0.5682 0.4533 0.5891 -0.9469 0.1278 -0.2755 -0.106
-0.7211 0.3531 0.4777 0.3564 -0.5178 0.7431 0.1973 0.3752 -0.6211 0.4134 0.4981 0.4419 -0.7219 0.1315 0.5765 0.3594 -0.6849 -0.1046 0.7032 -0.1598 -0.6109 0.0034 0.6349 0.473 -0.7711 -0.0571 -0.4551 0.4417 0.2209 0.6727 -0.1662 0.6863 -0.3531 0.5682 0.4533 0.5891 -0.9469 0.1278 -0.2755 -0.106
-0.7211 0.3531 0.4777 0.3564 -0.5178 0.7431 0.1973 0.3752 -0.6211 0.4134 0.4981 0.4419 -0.6978 0.0762 0.5974 0.3877 -0.695 0.0531 0.6933 -0.1832 -0.6109 0.0034 0.6349 0.473 -0.7711 -0.0571 -0.4551 0.4417 0.2209 0.6727 -0.1662 0.6863 -0.3531 0.5682 0.4533 0.5891 -0.9469 0.1278 -0.2755 -0.106
-0.7211 0.3531 0.4777 0.3564 -0.5178 0.7431 0.1973 0.3752 -0.6211 0.4134 0.4981 0.4419 -0.6978 0.0762 0.5974 0.3877 -0.695 0.0531 0.6933 -0.1832 -0.6109 0.0034 0.6349 0.473 -0.5949 -0.2768 -0.6559 0.3731 0.2209 0.6727 -0.1662 0.6863 -0.3531 0.5682 0.4533 0.5891 -0.9469 0.1278 -0.2755 -0.106
-0.7211 0.3531 0.4777 0.3564 -0.5178 0.7431 0.1973 0.3752 -0.6211 0.4134 0.4981 0.4419 -0.6978 0.0762 0.5974 0.3877 -0.695 0.0531 0.6933 -0.1832 -0.6109 0.0034 0.6349 0.473 -0.5949 -0.2768 -0.6559 0.3731 0.2209 0.6727 -0.1662 0.6863 -0.3531 0.5682 0.4533 0.5891 -0.9469 0.1278 -0.2755 -0.106
-0.7211 0.3531 0.4777 0.3564 -0.5178 0.7431 0.1973 0.3752 -0.6211 0.4134 0.4981 0.4419 -0.6978 0.0762 0.5974 0.3877 -0.695 0.0531 0.6933 -0.1832 -0.6109 0.0034 0.6349 0.473 -0.5949 -0.2768 -0.6559 0.3731 0.2209 0.6727 -0.1662 0.6863 -0.3531 0.5682 0.4533 0.5891 -0.9469 0.1278 -0.2755 -0.106
-0.7059 0.3669 0.4439 0.4122 -0.5161 0.7358 0.1554 0.41 -0.5573 0.4326 0.4596 0.5396 -0.6978 0.0762 0.5974 0.3877 -0.695 0.0531 0.6933 -0.1832 -0.5782 -0.0598 0.6552 0.4826 -0.5949 -0.2768 -0.6559 0.3731 0.2209 0.6727 -0.1662 0.6863 -0.3531 0.5682 0.4533 0.5891 -0.9379 0.1352 -0.3066 -0.0897
-0.7059 0.3669 0.4439 0.4122 -0.5161 0.7358 0.1554 0.41 -0.5573 0.4326 0.4596 0.5396 -0.6978 0.0762 0.5974 0.3877 -0.695 0.0531 0.6933 -0.1832 -0.5782 -0.0598 0.6552 0.4826 -0.5949 -0.2768 -0.6559 0.3731 0.2209 0.6727 -0.1662 0.6863 -0.3531 0.5682 0.4533 0.5891 -0.9379 0.1352 -0.3066 -0.0897
-0.7059 0.3669 0.4439 0.4122 -0.5161 0.7358 0.1554 0.41 -0.5573 0.4326 0.4596 0.5396 -0.6978 0.0762 0.5974 0.3877 -0.6499 0.1387 0.6837 -0.3018 -0.5782 -0.0598 0.6552 0.4826 -0.5949 -0.2768 -0.6559 0.3731 0.2209 0.6727 -0.1662 0.6863 -0.3531 0.5682 0.4533 0.5891 -0.9379 0.1352 -0.3066 -0.0897
-0.7059 0.3669 0.4439 0.4122 -0.5161 0.7358 0.1554 0.41 -0.5573 0.4326 0.4596 0.5396 -0.6288 0.0563 0.6263 0.4573 -0.6499 0.1387 0.6837 -0.3018 -0.5782 -0.0598 0.6552 0.4826 -0.5949 -0.2768 -0.6559 0.3731 0.2209 0.6727 -0.1662 0.6863 -0.3531 0.5682 0.4533 0.5891 -0.9379 0.1352 -0.3066 -0.0897
-0.7059 0.3669 0.4439 0.4122 -0.5161 0.7358 0.1554 0.41 -0.5573 0.4326 0.4596 0.5396 -0.6288 0.0563 0.6263 0.4573 -0.6499 0.1387 0.6837 -0.3018 -0.5782 -0.0598 0.6552 0.4826 -0.5949 -0.2768 -0.6559 0.3731 0.2209 0.6727 -0.1662 0.6863 -0.3531 0.5682 0.4533 0.5891 -0.9379 0.1352 -0.3066 -0.0897
-0.7059 0.3669 0.4439 0.4122 -0.5074 0.7066 0.1327 0.475 -0.5573 0.4326 0.4596 0.5396 -0.6288 0.0563 0.6263 0.4573 -0.6499 0.1387 0.6837 -0.3018 -0.5782 -0.0598 0.6552 0.4826 -0.5949 -0.2768 -0.6559 0.3731 0.2209 0.6727 -0.1662 0.6863 -0.3531 0.5682 0.4533 0.5891 -0.9379 0.1352 -0.3066 -0.0897
-0.683 0.3763 0.4344 0.4507 -0.5074 0.7066 0.1327 0.475 -0.5142 0.3891 0.4938 0.5834 -0.6288 0.0563 0.6263 0.4573 -0.6499 0.1387 0.6837 -0.3018 -0.6059 0.0141 0.5686 0.5562 -0.5949 -0.2768 -0.6559 0.3731 0.2209 0.6727 -0.1662 0.6863 -0.3531 0.5682 0.4533 0.5891 -0.9379 0.1352 -0.3066 -0.0897
-0.683 0.3763 0.4344 0.4507 -0.5074 0.7066 0.1327 0.475 -0.5142 0.3891 0.4938 0.5834 -0.6288 0.0563 0.6263 0.4573 -0.6499 0.1387 0.6837 -0.3018 -0.6059 0.0141 0.5686 0.5562 -0.5949 -0.2768 -0.6559 0.3731 0.2209 0.6727 -0.1662 0.6863 -0.3531 0.5682 0.4533 0.5891 -0.9379 0.1352 -0.3066 -0.0897
-0.683 0.3763 0.4344 0.4507 -0.5074 0.7066 0.1327 0.475 -0.5142 0.3891 0.4938 0.5834 -0.6288 0.0563 0.6263 0.4573 -0.6499 0.1387 0.6837 -0.3018 -0.6059 0.0141 0.5686 0.5562 -0.5949 -0.2768 -0.6559 0.3731 0.2209 0.6727 -0.1662 0.6863 -0.3531 0.5682 0.4533 0.5891 -0.9379 0.1352 -0.3066 -0.0897
-0.683 0.3763 0.4344 0.4507 -0.5074 0.7066 0.1327 0.475 -0.5142 0.3891 0.4938 0.5834 -0.6288 0.0563 0.6263 0.4573 -0.6016 0.153 0.6755 -0.3979 -0.6059 0.0141 0.5686 0.5562 -0.5949 -0.2768 -0.6559 0.3731 0.2209 0.6727 -0.1662 0.6863 -0.3531 0.5682 0.4533 0.5891 -0.9379 0.1352 -0.3066 -0.0897
-0.683 0.3763 0.4344 0.4507 -0.5074 0.7066 0.1327 0.475 -0.5142 0.3891 0.4938 0.5834 -0.5131 0.0075 0.704 0.4909 -0.6016 0.153 0.6755 -0.3979 -0.6059 0.0141 0.5686 0.5562 -0.5949 -0.2768 -0.6559 0.3731 0.2209 0.6727 -0.1662 0.6863 -0.3531 0.5682 0.4533 0.5891 -0.9379 0.1352 -0.3066 -0.0897
-0.683 0.3763 0.4344 0.4507 -0.5074 0.7066 0.1327 0.475 -0.5142 0.3891 0.4938 0.5834 -0.5131 0.0075 0.704 0.4909 -0.6016 0.153 0.6755 -0.3979 -0.6059 0.0141 0.5686 0.5562 -0.5949 -0.2768 -0.6559 0.3731 0.1832 0.6996 -0.2259 0.6526 -0.3531 0.5682 0.4533 0.5891 -0.9379 0.1352 -0.3066 -0.0897
-0.683 0.3763 0.4344 0.4507 -0.5092 0.6667 0.1357 0.5271 -0.5142 0.3891 0.4938 0.5834 -0.5131 0.0075 0.704 0.4909 -0.6016 0.153 0.6755 -0.3979 -0.6059 0.0141 0.5686 0.5562 -0.5949 -0.2768 -0.6559 0.3731 0.1832 0.6996 -0.2259 0.6526 -0.3531 0.5682 0.4533 0.5891 -0.9379 0.1352 -0.3066 -0.0897
-0.683 0.3763 0.4344 0.4507 -0.5092 0.6667 0.1357 0.5271 -0.4758 0.4009 0.4977 0.6043 -0.5131 0.0075 0.704 0.4909 -0.6016 0.153 0.6755 -0.3979 -0.7169 0.0237 0.6235 0.3109 -0.5949 -0.2768 -0.6559 0.3731 0.1832 0.6996 -0.2259 0.6526 -0.3531 0.5682 0.4533 0.5891 -0.9379 0.1352 -0.3066 -0.0897
-0.683 0.3763 0.4344 0.4507 -0.5092 0.6667 0.1357 0.5271 -0.4758 0.4009 0.4977 0.6043 -0.5131 0.0075 0.704 0.4909 -0.6016 0.153 0.6755 -0.3979 -0.7169 0.0237 0.6235 0.3109 -0.5949 -0.2768 -0.6559 0.3731 0.1832 0.6996 -0.2259 0.6526 -0.3531 0.5682 0.4533 0.5891 -0.9343 0.1282 -0.3154 -0.1055
-0.683 0.3763 0.4344 0.4507 -0.5092 0.6667 0.1357 0.5271 -0.4758 0.4009 0.4977 0.6043 -0.5131 0.0075 0.704 0.4909 -0.6016 0.153 0.6755 -0.3979 -0.7169 0.0237 0.6235 0.3109 -0.5949 -0.2768 -0.6559 0.3731 0.1832 0.6996 -0.2259 0.6526 -0.3531 0.5682 0.4533 0.5891 -0.9343 0.1282 -0.3154 -0.1055
-0.683 0.3763 0.4344 0.4507 -0.5092 0.6667 0.1357 0.5271 -0.4758 0.4009 0.4977 0.6043 -0.5131 0.0075 0.704 0.4909 -0.6009 0.1024 0.679 -0.4092 -0.7169 0.0237 0.6235 0.3109 -0.5949 -0.2768 -0.6559 0.3731 0.1832 0.6996 -0.2259 0.6526 -0.3531 0.5682 0.4533 0.5891 -0.9343 0.1282 -0.3154 -0.1055
-0.683 0.3763 0.4344 0.4507 -0.5092 0.6667 0.1357 0.5271 -0.4758 0.4009 0.4977 0.6043 -0.4127 0.0411 0.7153 0.5625 -0.6009 0.1024 0.679 -0.4092 -0.7169 0.0237 0.6235 0.3109 -0.5949 -0.2768 -0.6559 0.3731 0.1832 0.6996 -0.2259 0.6526 -0.3531 0.5682 0.4533 0.5891 -0.9343 0.1282 -0.3154 -0.1055
-0.683 0.3763 0.4344 0.4507 -0.5092 0.6667 0.1357 0.5271 -0.4758 0.4009 0.4977 0.6043 -0.4127 0.0411 0.7153 0.5625 -0.6009 0.1024 0.679 -0.4092 -0.7169 0.0237 0.6235 0.3109 -0.7377 0.0394 -0.4438 0.5072 0.1832 0.6996 -0.2259 0.6526 -0.3531 0.5682 0.4533 0.5891 -0.9343 0.1282 -0.3154 -0.1055
-0.683 0.3763 0.4344 0.4507 -0.5045 0.6531 0.1394 0.5473 -0.4758 0.4009 0.4977 0.6043 -0.4127 0.0411 0.7153 0.5625 -0.6009 0.1024 0.679 -0.4092 -0.7169 0.0237 0.6235 0.3109 -0.7377 0.0394 -0.4438 0.5072 0.1832 0.6996 -0.2259 0.6526 -0.3531 0.5682 0.4533 0.5891 -0.9343 0.1282 -0.3154 -0.1055
-0.67 0.3555 0.4484 0.473 -0.5045 0.6531 0.1394 0.5473 -0.4822 0.4078 0.516 0.5787 -0.4127 0.0411 0.7153 0.5625 -0.6009 0.1024 0.679 -0.4092 -0.7595 0.1871 0.5925 0.1925 -0.7377 0.0394 -0.4438 0.5072 0.1832 0.6996 -0.2259 0.6526 -0.3531 0.5682 0.4533 0.5891 -0.9343 0.1282 -0.3154 -0.1055
-0.67 0.3555 0.4484 0.473 -0.5045 0.6531 0.1394 0.5473 -0.4822 0.4078 0.516 0.5787 -0.4127 0.0411 0.7153 0.5625 -0.6009 0.1024 0.679 -0.4092 -0.7595 0.1871 0.5925 0.1925 -0.7377 0.0394 -0.4438 0.5072 0.1832 0.6996 -0.2259 0.6526 -0.3531 0.5682 0.4533 0.5891 -0.9343 0.1282 -0.3154 -0.1055
-0.67 0.3555 0.4484 0.473 -0.5045 0.6531 0.1394 0.5473 -0.4822 0.4078 0.516 0.5787 -0.4127 0.0411 0.7153 0.5625 -0.6009 0.1024 0.679 -0.4092 -0.7595 0.1871 0.5925 0.1925 -0.7377 0.0394 -0.4438 0.5072 0.1832 0.6996 -0.2259 0.6526 -0.4017 0.6299 0.4066 0.5259 -0.9335 0.1306 -0.3168 -0.1053
-0.67 0.3555 0.4484 0.473 -0.5045 0.6531 0.1394 0.5473 -0.4822 0.4078 0.516 0.5787 -0.4127 0.0411 0.7153 0.5625 -0.6505 0.0336 0.6729 -0.3508 -0.7595 0.1871 0.5925 0.1925 -0.7377 0.0394 -0.4438 0.5072 0.1832 0.6996 -0.2259 0.6526 -0.4017 0.6299 0.4066 0.5259 -0.9335 0.1306 -0.3168 -0.1053
-0.67 0.3555 0.4484 0.473 -0.5045 0.6531 0.1394 0.5473 -0.4822 0.4078 0.516 0.5787 -0.4127 0.0411 0.7153 0.5625 -0.6505 0.0336 0.6729 -0.3508 -0.7595 0.1871 0.5925 0.1925 -0.7377 0.0394 -0.4438 0.5072 0.1832 0.6996 -0.2259 0.6526 -0.4017 0.6299 0.4066 0.5259 -0.9335 0.1306 -0.3168 -0.1053
-0.67 0.3555 0.4484 0.473 -0.5045 0.6531 0.1394 0.5473 -0.4822 0.4078 0.516 0.5787 -0.4127 0.0411 0.7153 0.5625 -0.6505 0.0336 0.6729 -0.3508 -0.7595 0.1871 0.5925 0.1925 -0.7377 0.0394 -0.4438 0.5072 0.1832 0.6996 -0.2259 0.6526 -0.4017 0.6299 0.4066 0.5259 -0.9335 0.1306 -0.3168 -0.1053
-0.67 0.3555 0.4484 0.473 -0.5045 0.6531 0.1394 0.5473 -0.4822 0.4078 0.516 0.5787 -0.4127 0.0411 0.7153 0.5625 -0.6505 0.0336 0.6729 -0.3508 -0.7595 0.1871 0.5925 0.1925 -0.7377 0.0394 -0.4438 0.5072 0.1832 0.6996 -0.2259 0.6526 -0.4017 0.6299 0.4066 0.5259 -0.9335 0.1306 -0.3168 -0.1053
