rt-uaw rt-uax rt-uay rt-uaz rt-faw rt-fax rt-fay rt-faz rt-thw rt-thx rt-thy rt-thz rt-llw rt-llx rt-lly rt-llz rt-ftw rt-ftx rt-fty rt-ftz lt-uaw lt-uax lt-uay lt-uaz lt-faw lt-fax lt-fay lt-faz lt-thw lt-thx lt-thy lt-thz lt-llw lt-llx lt-lly lt-llz lt-ftw lt-ftx lt-fty lt-ftz 
0.7326 0.0209 -0.6202 -0.2796 0.3084 -0.7533 0.5071 -0.2834 0.7816 -0.0516 -0.5821 0.2182 0.3915 0.3643 -0.7531 -0.3834 0.6483 -0.1266 -0.7418 0.116 0.7692 0.3057 -0.5323 0.1776 0.9321 0.0475 0.355 0.0533 0.6687 0.3683 -0.6142 0.1998 0.5685 -0.5918 -0.3237 -0.4709 0.9265 0.0379 0.3706 -0.0523
0.7326 0.0209 -0.6202 -0.2796 0.3084 -0.7533 0.5071 -0.2834 0.7816 -0.0516 -0.5821 0.2182 0.3915 0.3643 -0.7531 -0.3834 0.6483 -0.1266 -0.7418 0.116 0.7692 0.3057 -0.5323 0.1776 0.9327 0.0466 0.3538 0.0526 0.6687 0.3683 -0.6142 0.1998 0.5685 -0.5918 -0.3237 -0.4709 0.9265 0.0379 0.3706 -0.0523
0.7326 0.0209 -0.6202 -0.2796 0.3084 -0.7533 0.5071 -0.2834 0.7816 -0.0516 -0.5821 0.2182 0.3915 0.3643 -0.7531 -0.3834 0.6483 -0.1266 -0.7418 0.116 0.7692 0.3057 -0.5323 0.1776 0.9327 0.0466 0.3538 0.0526 0.6687 0.3683 -0.6142 0.1998 0.5685 -0.5918 -0.3237 -0.4709 0.9265 0.0379 0.3706 -0.0523
0.7326 0.0209 -0.6202 -0.2796 0.3084 -0.7533 0.5071 -0.2834 0.7816 -0.0516 -0.5821 0.2182 0.3915 0.3643 -0.7531 -0.3834 0.6483 -0.1266 -0.7418 0.116 0.7692 0.3057 -0.5323 0.1776 0.9327 0.0466 0.3538 0.0526 0.6687 0.3683 -0.6142 0.1998 0.5685 -0.5918 -0.3237 -0.4709 0.9265 0.0379 0.3706 -0.0523
0.7326 0.0209 -0.6202 -0.2796 0.3084 -0.7533 0.5071 -0.2834 0.7816 -0.0516 -0.5821 0.2182 0.3915 0.3643 -0.7531 -0.3834 0.6483 -0.1266 -0.7418 0.116 0.7692 0.3057 -0.5323 0.1776 0.9327 0.0466 0.3538 0.0526 0.665 0.3668 -0.6185 0.2015 0.5685 -0.5918 -0.3237 -0.4709 0.9265 0.0379 0.3706 -0.0523
0.7326 0.0209 -0.6202 -0.2796 0.3084 -0.7533 0.5071 -0.2834 0.7816 -0.0516 -0.5821 0.2182 0.3915 0.3643 -0.7531 -0.3834 0.6483 -0.1266 -0.7418 0.116 0.7692 0.3057 -0.5323 0.1776 0.9327 0.0466 0.3538 0.0526 0.665 0.3668 -0.6185 0.2015 0.5685 -0.5918 -0.3237 -0.4709 0.9265 0.0379 0.3706 -0.0523
0.7326 0.0209 -0.6202 -0.2796 0.3085 -0.7471 0.5087 -0.2963 0.7797 -0.0577 -0.5824 0.2225 0.3915 0.3643 -0.7531 -0.3834 0.6483 -0.1266 -0.7418 0.116 0.7692 0.3057 -0.5323 0.1776 0.9327 0.0466 0.3538 0.0526 0.665 0.3668 -0.6185 0.2015 0.5647 -0.5959 -0.3239 -0.4702 0.9265 0.0379 0.3706 -0.0523
0.7301 0.0227 -0.6194 -0.2878 0.3085 -0.7471 0.5087 -0.2963 0.7797 -0.0577 -0.5824 0.2225 0.3895 0.3586 -0.759 -0.379 0.6506 -0.1261 -0.7413 0.1065 0.7692 0.3057 -0.5323 0.1776 0.9327 0.0466 0.3538 0.0526 0.665 0.3668 -0.6185 0.2015 0.5647 -0.5959 -0.3239 -0.4702 0.9265 0.0379 0.3706 -0.0523
0.7301 0.0227 -0.6194 -0.2878 0.3085 -0.7471 0.5087 -0.2963 0.7797 -0.0577 -0.5824 0.2225 0.3895 0.3586 -0.759 -0.379 0.6506 -0.1261 -0.7413 0.1065 0.7692 0.3057 -0.5323 0.1776 0.9327 0.0466 0.3538 0.0526 0.665 0.3668 -0.6185 0.2015 0.5647 -0.5959 -0.3239 -0.4702 0.9265 0.0379 0.3706 -0.0523
0.7301 0.0227 -0.6194 -0.2878 0.3085 -0.7471 0.5087 -0.2963 0.7797 -0.0577 -0.5824 0.2225 0.3895 0.3586 -0.759 -0.379 0.6506 -0.1261 -0.7413 0.1065 0.7692 0.3057 -0.5323 0.1776 0.9327 0.0466 0.3538 0.0527 0.665 0.3668 -0.6185 0.2015 0.5647 -0.5959 -0.3239 -0.4702 0.9265 0.0379 0.3706 -0.0523
0.7301 0.0227 -0.6194 -0.2878 0.3085 -0.7471 0.5087 -0.2963 0.7797 -0.0577 -0.5824 0.2225 0.3895 0.3586 -0.759 -0.379 0.6506 -0.1261 -0.7413 0.1065 0.7692 0.3057 -0.5323 0.1776 0.9327 0.0466 0.3538 0.0527 0.6606 0.3672 -0.6235 0.2 0.5647 -0.5959 -0.3239 -0.4702 0.9265 0.0379 0.3706 -0.0523
0.7301 0.0227 -0.6194 -0.2878 0.3085 -0.7471 0.5087 -0.2963 0.7797 -0.0577 -0.5824 0.2225 0.3895 0.3586 -0.759 -0.379 0.6506 -0.1261 -0.7413 0.1065 0.7692 0.3057 -0.5323 0.1776 0.9327 0.0466 0.3538 0.0527 0.6606 0.3672 -0.6235 0.2 0.5647 -0.5959 -0.3239 -0.4702 0.9232 0.0378 0.3788 -0.0538
0.7301 0.0227 -0.6194 -0.2878 0.3085 -0.7471 0.5087 -0.2963 0.7797 -0.0577 -0.5824 0.2225 0.3895 0.3586 -0.759 -0.379 0.6506 -0.1261 -0.7413 0.1065 0.7692 0.3057 -0.5323 0.1776 0.9327 0.0466 0.3538 0.0527 0.6606 0.3672 -0.6235 0.2 0.5647 -0.5959 -0.3239 -0.4702 0.9232 0.0378 0.3788 -0.0538
0.7301 0.0227 -0.6194 -0.2878 0.3085 -0.7471 0.5087 -0.2963 0.7797 -0.0577 -0.5824 0.2225 0.3895 0.3586 -0.759 -0.379 0.6506 -0.1261 -0.7413 0.1065 0.7692 0.3057 -0.5323 0.1776 0.9327 0.0466 0.3538 0.0527 0.6606 0.3672 -0.6235 0.2 0.5647 -0.5959 -0.3239 -0.4702 0.9232 0.0378 0.3788 -0.0538
0.7301 0.0227 -0.6194 -0.2878 0.3085 -0.7471 0.5087 -0.2963 0.7797 -0.0577 -0.5824 0.2225 0.3895 0.3586 -0.759 -0.379 0.6506 -0.1261 -0.7413 0.1065 0.7692 0.3057 -0.5323 0.1776 0.9327 0.0466 0.3538 0.0527 0.6606 0.3672 -0.6235 0.2 0.5647 -0.5959 -0.3239 -0.4702 0.9232 0.0378 0.3788 -0.0538
0.7269 0.0247 -0.62 -0.2944 0.3089 -0.745 0.5092 -0.3005 0.7795 -0.0641 -0.5819 0.223 0.3841 0.3594 -0.7606 -0.3806 0.6549 -0.1245 -0.7391 0.0969 0.7693 0.2886 -0.5319 0.2049 0.9327 0.0466 0.3538 0.0527 0.6606 0.3672 -0.6235 0.2 0.5647 -0.5959 -0.3239 -0.4702 0.9232 0.0378 0.3788 -0.0538
0.7269 0.0247 -0.62 -0.2944 0.3089 -0.745 0.5092 -0.3005 0.7795 -0.0641 -0.5819 0.223 0.3841 0.3594 -0.7606 -0.3806 0.6549 -0.1245 -0.7391 0.0969 0.7693 0.2886 -0.5319 0.2049 0.9325 0.0464 0.3544 0.0522 0.6606 0.3672 -0.6235 0.2 0.5647 -0.5959 -0.3239 -0.4702 0.9232 0.0378 0.3788 -0.0538
0.7269 0.0247 -0.62 -0.2944 0.3089 -0.745 0.5092 -0.3005 0.7795 -0.0641 -0.5819 0.223 0.3841 0.3594 -0.7606 -0.3806 0.6549 -0.1245 -0.7391 0.0969 0.7693 0.2886 -0.5319 0.2049 0.9325 0.0464 0.3544 0.0522 0.6568 0.3681 -0.6277 0.1978 0.5647 -0.5959 -0.3239 -0.4702 0.9232 0.0378 0.3788 -0.0538
0.7269 0.0247 -0.62 -0.2944 0.3089 -0.745 0.5092 -0.3005 0.7795 -0.0641 -0.5819 0.223 0.3841 0.3594 -0.7606 -0.3806 0.6549 -0.1245 -0.7391 0.0969 0.7693 0.2886 -0.5319 0.2049 0.9325 0.0464 0.3544 0.0522 0.6568 0.3681 -0.6277 0.1978 0.5647 -0.5959 -0.3239 -0.4702 0.9226 0.0378 0.3799 -0.0545
0.7269 0.0247 -0.62 -0.2944 0.3089 -0.745 0.5092 -0.3005 0.7773 -0.0623 -0.5842 0.2252 0.3841 0.3594 -0.7606 -0.3806 0.6549 -0.1245 -0.7391 0.0969 0.7693 0.2886 -0.5319 0.2049 0.9325 0.0464 0.3544 0.0522 0.6568 0.3681 -0.6277 0.1978 0.5647 -0.5959 -0.3239 -0.4702 0.9226 0.0378 0.3799 -0.0545
0.7269 0.0247 -0.62 -0.2944 0.3089 -0.745 0.5092 -0.3005 0.7773 -0.0623 -0.5842 0.2252 0.3841 0.3594 -0.7606 -0.3806 0.6549 -0.1245 -0.7391 0.0969 0.7693 0.2886 -0.5319 0.2049 0.9325 0.0464 0.3544 0.0522 0.6568 0.3681 -0.6277 0.1978 0.5647 -0.5959 -0.3239 -0.4702 0.9226 0.0378 0.3799 -0.0545
0.7268 0.0271 -0.6171 -0.3004 0.3163 -0.7432 0.5107 -0.2947 0.7773 -0.0623 -0.5842 0.2252 0.3765 0.3696 -0.7568 -0.386 0.6621 -0.1171 -0.7344 0.0924 0.7693 0.2886 -0.5319 0.2049 0.9325 0.0464 0.3544 0.0522 0.6568 0.3681 -0.6277 0.1978 0.5647 -0.5959 -0.3239 -0.4702 0.9226 0.0378 0.3799 -0.0545
0.7268 0.0271 -0.6171 -0.3004 0.3163 -0.7432 0.5107 -0.2947 0.7773 -0.0623 -0.5842 0.2252 0.3765 0.3696 -0.7568 -0.386 0.6621 -0.1171 -0.7344 0.0924 0.7693 0.2886 -0.5319 0.2049 0.9256 0.0497 0.3714 0.0538 0.6568 0.3681 -0.6277 0.1978 0.5647 -0.5959 -0.3239 -0.4702 0.9226 0.0378 0.3799 -0.0545
0.7268 0.0271 -0.6171 -0.3004 0.3163 -0.7432 0.5107 -0.2947 0.7773 -0.0623 -0.5842 0.2252 0.3765 0.3696 -0.7568 -0.386 0.6621 -0.1171 -0.7344 0.0924 0.7693 0.2886 -0.5319 0.2049 0.9256 0.0497 0.3714 0.0538 0.6568 0.3681 -0.6277 0.1978 0.5647 -0.5959 -0.3239 -0.4702 0.9226 0.0378 0.3799 -0.0545
0.7268 0.0271 -0.6171 -0.3004 0.3163 -0.7432 0.5107 -0.2947 0.7773 -0.0623 -0.5842 0.2252 0.3765 0.3696 -0.7568 -0.386 0.6621 -0.1171 -0.7344 0.0924 0.7693 0.2886 -0.5319 0.2049 0.9256 0.0497 0.3714 0.0538 0.6568 0.3681 -0.6277 0.1978 0.5647 -0.5959 -0.3239 -0.4702 0.9226 0.0378 0.3799 -0.0545
0.7268 0.0271 -0.6171 -0.3004 0.3163 -0.7432 0.5107 -0.2947 0.7773 -0.0623 -0.5842 0.2252 0.3765 0.3696 -0.7568 -0.386 0.6621 -0.1171 -0.7344 0.0924 0.7693 0.2886 -0.5319 0.2049 0.9256 0.0497 0.3714 0.0538 0.6568 0.3681 -0.6277 0.1978 0.5647 -0.5959 -0.3239 -0.4702 0.9226 0.0378 0.3799 -0.0545
0.7268 0.0271 -0.6171 -0.3004 0.3163 -0.7432 0.5107 -0.2947 0.7773 -0.0623 -0.5842 0.2252 0.3765 0.3696 -0.7568 -0.386 0.6621 -0.1171 -0.7344 0.0924 0.7693 0.2886 -0.5319 0.2049 0.9256 0.0497 0.3714 0.0538 0.6482 0.3748 -0.6302 0.2054 0.5647 -0.5959 -0.3239 -0.4702 0.9229 0.0357 0.3792 -0.0576
0.7268 0.0271 -0.6171 -0.3004 0.3163 -0.7432 0.5107 -0.2947 0.7773 -0.0623 -0.5842 0.2252 0.37 0.3682 -0.7598 -0.3876 0.6621 -0.1171 -0.7344 0.0924 0.7693 0.2886 -0.5319 0.2049 0.9256 0.0497 0.3714 0.0538 0.6482 0.3748 -0.6302 0.2054 0.5647 -0.5959 -0.3239 -0.4702 0.9229 0.0357 0.3792 -0.0576
0.7268 0.0271 -0.6171 -0.3004 0.3163 -0.7432 0.5107 -0.2947 0.7773 -0.0623 -0.5842 0.2252 0.37 0.3682 -0.7598 -0.3876 0.678 -0.1372 -0.716 0.0936 0.7693 0.2886 -0.5319 0.2049 0.9256 0.0497 0.3714 0.0538 0.6482 0.3748 -0.6302 0.2054 0.5647 -0.5959 -0.3239 -0.4702 0.9229 0.0357 0.3792 -0.0576
0.7268 0.0271 -0.6171 -0.3004 0.3163 -0.7432 0.5107 -0.2947 0.7773 -0.0623 -0.5842 0.2252 0.37 0.3682 -0.7598 -0.3876 0.678 -0.1372 -0.716 0.0936 0.7693 0.2886 -0.5319 0.2049 0.8649 0.0575 0.4843 0.1187 0.6482 0.3748 -0.6302 0.2054 0.5647 -0.5959 -0.3239 -0.4702 0.9229 0.0357 0.3792 -0.0576
0.7268 0.0271 -0.6171 -0.3004 0.3163 -0.7432 0.5107 -0.2947 0.7773 -0.0623 -0.5842 0.2252 0.37 0.3682 -0.7598 -0.3876 0.678 -0.1372 -0.716 0.0936 0.7693 0.2886 -0.5319 0.2049 0.8649 0.0575 0.4843 0.1187 0.6482 0.3748 -0.6302 0.2054 0.5647 -0.5959 -0.3239 -0.4702 0.9229 0.0357 0.3792 -0.0576
0.7268 0.0271 -0.6171 -0.3004 0.3163 -0.7432 0.5107 -0.2947 0.7773 -0.0623 -0.5842 0.2252 0.37 0.3682 -0.7598 -0.3876 0.678 -0.1372 -0.716 0.0936 0.7693 0.2886 -0.5319 0.2049 0.8649 0.0575 0.4843 0.1187 0.6369 0.3655 -0.6499 0.196 0.5647 -0.5959 -0.3239 -0.4702 0.9229 0.0357 0.3792 -0.0576
0.7268 0.0271 -0.6171 -0.3004 0.3163 -0.7432 0.5107 -0.2947 0.7773 -0.0623 -0.5842 0.2252 0.37 0.3682 -0.7598 -0.3876 0.678 -0.1372 -0.716 0.0936 0.7693 0.2886 -0.5319 0.2049 0.8649 0.0575 0.4843 0.1187 0.6369 0.3655 -0.6499 0.196 0.5647 -0.5959 -0.3239 -0.4702 0.9233 0.0408 0.3776 -0.0566
0.7268 0.0271 -0.6171 -0.3004 0.3163 -0.7432 0.5107 -0.2947 0.7773 -0.0623 -0.5842 0.2252 0.37 0.3682 -0.7598 -0.3876 0.678 -0.1372 -0.716 0.0936 0.7693 0.2886 -0.5319 0.2049 0.8649 0.0575 0.4843 0.1187 0.6369 0.3655 -0.6499 0.196 0.5647 -0.5959 -0.3239 -0.4702 0.9233 0.0408 0.3776 -0.0566
0.7268 0.0271 -0.6171 -0.3004 0.3163 -0.7432 0.5107 -0.2947 0.7773 -0.0623 -0.5842 0.2252 0.37 0.3682 -0.7598 -0.3876 0.678 -0.1372 -0.716 0.0936 0.7693 0.2886 -0.5319 0.2049 0.8649 0.0575 0.4843 0.1187 0.6369 0.3655 -0.6499 0.196 0.5647 -0.5959 -0.3239 -0.4702 0.9233 0.0408 0.3776 -0.0566
0.7137 0.0049 -0.6102 -0.3439 0.3163 -0.7432 0.5107 -0.2947 0.7773 -0.0623 -0.5842 0.2252 0.3599 0.3632 -0.7578 -0.4054 0.7041 -0.142 -0.6863 0.1143 0.7693 0.2886 -0.5319 0.2049 0.8649 0.0575 0.4843 0.1187 0.6369 0.3655 -0.6499 0.196 0.5647 -0.5959 -0.3239 -0.4702 0.9233 0.0408 0.3776 -0.0566
0.7137 0.0049 -0.6102 -0.3439 0.3163 -0.7432 0.5107 -0.2947 0.7773 -0.0623 -0.5842 0.2252 0.3599 0.3632 -0.7578 -0.4054 0.7041 -0.142 -0.6863 0.1143 0.7693 0.2886 -0.5319 0.2049 0.7464 0.0221 0.6141 0.2556 0.6369 0.3655 -0.6499 0.196 0.5647 -0.5959 -0.3239 -0.4702 0.9233 0.0408 0.3776 -0.0566
0.7137 0.0049 -0.6102 -0.3439 0.3163 -0.7432 0.5107 -0.2947 0.7773 -0.0623 -0.5842 0.2252 0.3599 0.3632 -0.7578 -0.4054 0.7041 -0.142 -0.6863 0.1143 0.7693 0.2886 -0.5319 0.2049 0.7464 0.0221 0.6141 0.2556 0.6369 0.3655 -0.6499 0.196 0.5647 -0.5959 -0.3239 -0.4702 0.9233 0.0408 0.3776 -0.0566
0.7137 0.0049 -0.6102 -0.3439 0.3163 -0.7432 0.5107 -0.2947 0.7773 -0.0623 -0.5842 0.2252 0.3599 0.3632 -0.7578 -0.4054 0.7041 -0.142 -0.6863 0.1143 0.7693 0.2886 -0.5319 0.2049 0.7464 0.0221 0.6141 0.2556 0.6369 0.3655 -0.6499 0.196 0.5647 -0.5959 -0.3239 -0.4702 0.9233 0.0408 0.3776 -0.0566
0.7137 0.0049 -0.6102 -0.3439 0.3163 -0.7432 0.5107 -0.2947 0.7773 -0.0623 -0.5842 0.2252 0.3599 0.3632 -0.7578 -0.4054 0.7041 -0.142 -0.6863 0.1143 0.7693 0.2886 -0.5319 0.2049 0.7464 0.0221 0.6141 0.2556 0.6369 0.3655 -0.6499 0.196 0.5647 -0.5959 -0.3239 -0.4702 0.9233 0.0408 0.3776 -0.0566
0.7137 0.0049 -0.6102 -0.3439 0.3163 -0.7432 0.5107 -0.2947 0.7773 -0.0623 -0.5842 0.2252 0.3599 0.3632 -0.7578 -0.4054 0.7041 -0.142 -0.6863 0.1143 0.7693 0.2886 -0.5319 0.2049 0.7464 0.0221 0.6141 0.2556 0.6218 0.3743 -0.6544 0.2123 0.5647 -0.5959 -0.3239 -0.4702 0.9227 0.0362 0.3791 -0.0608
0.7137 0.0049 -0.6102 -0.3439 0.3163 -0.7432 0.5107 -0.2947 0.7773 -0.0623 -0.5842 0.2252 0.3599 0.3632 -0.7578 -0.4054 0.7041 -0.142 -0.6863 0.1143 0.7693 0.2886 -0.5319 0.2049 0.7464 0.0221 0.6141 0.2556 0.6218 0.3743 -0.6544 0.2123 0.5647 -0.5959 -0.3239 -0.4702 0.9227 0.0362 0.3791 -0.0608
0.7047 -0.028 -0.5994 -0.3785 0.3368 -0.6729 0.5819 -0.3084 0.7903 -0.0543 -0.5635 0.234 0.3458 0.3734 -0.7486 -0.4249 0.7114 -0.132 -0.6713 0.1609 0.7693 0.2886 -0.5319 0.2049 0.7464 0.0221 0.6141 0.2556 0.6218 0.3743 -0.6544 0.2123 0.5647 -0.5959 -0.3239 -0.4702 0.9227 0.0362 0.3791 -0.0608
0.7047 -0.028 -0.5994 -0.3785 0.3368 -0.6729 0.5819 -0.3084 0.7903 -0.0543 -0.5635 0.234 0.3458 0.3734 -0.7486 -0.4249 0.7114 -0.132 -0.6713 0.1609 0.7693 0.2886 -0.5319 0.2049 0.7549 -0.0657 0.6019 0.252 0.6218 0.3743 -0.6544 0.2123 0.5647 -0.5959 -0.3239 -0.4702 0.9227 0.0362 0.3791 -0.0608
0.7047 -0.028 -0.5994 -0.3785 0.3368 -0.6729 0.5819 -0.3084 0.7903 -0.0543 -0.5635 0.234 0.3458 0.3734 -0.7486 -0.4249 0.7114 -0.132 -0.6713 0.1609 0.7693 0.2886 -0.5319 0.2049 0.7549 -0.0657 0.6019 0.252 0.6218 0.3743 -0.6544 0.2123 0.5647 -0.5959 -0.3239 -0.4702 0.9227 0.0362 0.3791 -0.0608
0.7047 -0.028 -0.5994 -0.3785 0.3368 -0.6729 0.5819 -0.3084 0.7903 -0.0543 -0.5635 0.234 0.3458 0.3734 -0.7486 -0.4249 0.7114 -0.132 -0.6713 0.1609 0.7693 0.2886 -0.5319 0.2049 0.7549 -0.0657 0.6019 0.252 0.6218 0.3743 -0.6544 0.2123 0.5647 -0.5959 -0.3239 -0.4702 0.9227 0.0362 0.3791 -0.0608
0.7047 -0.028 -0.5994 -0.3785 0.3368 -0.6729 0.5819 -0.3084 0.7903 -0.0543 -0.5635 0.234 0.3458 0.3734 -0.7486 -0.4249 0.7114 -0.132 -0.6713 0.1609 0.7693 0.2886 -0.5319 0.2049 0.7549 -0.0657 0.6019 0.252 0.6218 0.3743 -0.6544 0.2123 0.5647 -0.5959 -0.3239 -0.4702 0.9227 0.0362 0.3791 -0.0608
0.7047 -0.028 -0.5994 -0.3785 0.3368 -0.6729 0.5819 -0.3084 0.7903 -0.0543 -0.5635 0.234 0.3458 0.3734 -0.7486 -0.4249 0.7114 -0.132 -0.6713 0.1609 0.7693 0.2886 -0.5319 0.2049 0.7549 -0.0657 0.6019 0.252 0.6047 0.3911 -0.6487 0.2462 0.5647 -0.5959 -0.3239 -0.4702 0.9188 0.0323 0.3878 -0.0662
0.7094 -0.0441 -0.584 -0.3922 0.3368 -0.6729 0.5819 -0.3084 0.7927 -0.0629 -0.5682 0.2117 0.3458 0.3734 -0.7486 -0.4249 0.7114 -0.132 -0.6713 0.1609 0.8139 0.3034 -0.3925 0.3024 0.7549 -0.0657 0.6019 0.252 0.6047 0.3911 -0.6487 0.2462 0.5647 -0.5959 -0.3239 -0.4702 0.9188 0.0323 0.3878 -0.0662
0.7094 -0.0441 -0.584 -0.3922 0.3368 -0.6729 0.5819 -0.3084 0.7927 -0.0629 -0.5682 0.2117 0.3458 0.3734 -0.7486 -0.4249 0.7114 -0.132 -0.6713 0.1609 0.8139 0.3034 -0.3925 0.3024 0.7549 -0.0657 0.6019 0.252 0.6047 0.3911 -0.6487 0.2462 0.5647 -0.5959 -0.3239 -0.4702 0.9188 0.0323 0.3878 -0.0662
0.7094 -0.0441 -0.584 -0.3922 0.3368 -0.6729 0.5819 -0.3084 0.7927 -0.0629 -0.5682 0.2117 0.3438 0.3591 -0.7569 -0.4241 0.7158 -0.1104 -0.6579 0.2066 0.8139 0.3034 -0.3925 0.3024 0.7549 -0.0657 0.6019 0.252 0.6047 0.3911 -0.6487 0.2462 0.5647 -0.5959 -0.3239 -0.4702 0.9188 0.0323 0.3878 -0.0662
0.7094 -0.0441 -0.584 -0.3922 0.3368 -0.6729 0.5819 -0.3084 0.7927 -0.0629 -0.5682 0.2117 0.3438 0.3591 -0.7569 -0.4241 0.7158 -0.1104 -0.6579 0.2066 0.8139 0.3034 -0.3925 0.3024 0.7993 -0.1585 0.5469 0.1918 0.6047 0.3911 -0.6487 0.2462 0.5647 -0.5959 -0.3239 -0.4702 0.9188 0.0323 0.3878 -0.0662
0.7094 -0.0441 -0.584 -0.3922 0.3368 -0.6729 0.5819 -0.3084 0.7927 -0.0629 -0.5682 0.2117 0.3438 0.3591 -0.7569 -0.4241 0.7158 -0.1104 -0.6579 0.2066 0.8139 0.3034 -0.3925 0.3024 0.7993 -0.1585 0.5469 0.1918 0.6047 0.3911 -0.6487 0.2462 0.5647 -0.5959 -0.3239 -0.4702 0.9188 0.0323 0.3878 -0.0662
0.7094 -0.0441 -0.584 -0.3922 0.3368 -0.6729 0.5819 -0.3084 0.7927 -0.0629 -0.5682 0.2117 0.3438 0.3591 -0.7569 -0.4241 0.7158 -0.1104 -0.6579 0.2066 0.8139 0.3034 -0.3925 0.3024 0.7993 -0.1585 0.5469 0.1918 0.6047 0.3911 -0.6487 0.2462 0.5647 -0.5959 -0.3239 -0.4702 0.9188 0.0323 0.3878 -0.0662
0.7094 -0.0441 -0.584 -0.3922 0.3368 -0.6729 0.5819 -0.3084 0.7927 -0.0629 -0.5682 0.2117 0.3438 0.3591 -0.7569 -0.4241 0.7158 -0.1104 -0.6579 0.2066 0.8139 0.3034 -0.3925 0.3024 0.7993 -0.1585 0.5469 0.1918 0.5977 0.3888 -0.6529 0.2557 0.5647 -0.5959 -0.3239 -0.4702 0.9173 0.0408 0.3917 -0.0594
0.7094 -0.0441 -0.584 -0.3922 0.3586 -0.6513 0.5839 -0.3261 0.7853 -0.0718 -0.5789 0.2076 0.3438 0.3591 -0.7569 -0.4241 0.7158 -0.1104 -0.6579 0.2066 0.778 0.3172 -0.4071 0.3583 0.7993 -0.1585 0.5469 0.1918 0.5977 0.3888 -0.6529 0.2557 0.5647 -0.5959 -0.3239 -0.4702 0.9173 0.0408 0.3917 -0.0594
0.7094 -0.0441 -0.584 -0.3922 0.3586 -0.6513 0.5839 -0.3261 0.7853 -0.0718 -0.5789 0.2076 0.3438 0.3591 -0.7569 -0.4241 0.7158 -0.1104 -0.6579 0.2066 0.778 0.3172 -0.4071 0.3583 0.7993 -0.1585 0.5469 0.1918 0.5977 0.3888 -0.6529 0.2557 0.5647 -0.5959 -0.3239 -0.4702 0.9173 0.0408 0.3917 -0.0594
0.7094 -0.0441 -0.584 -0.3922 0.3586 -0.6513 0.5839 -0.3261 0.7853 -0.0718 -0.5789 0.2076 0.3367 0.3564 -0.7698 -0.4087 0.7097 -0.1228 -0.6606 0.2119 0.778 0.3172 -0.4071 0.3583 0.7993 -0.1585 0.5469 0.1918 0.5977 0.3888 -0.6529 0.2557 0.5647 -0.5959 -0.3239 -0.4702 0.9173 0.0408 0.3917 -0.0594
0.7094 -0.0441 -0.584 -0.3922 0.3586 -0.6513 0.5839 -0.3261 0.7853 -0.0718 -0.5789 0.2076 0.3367 0.3564 -0.7698 -0.4087 0.7097 -0.1228 -0.6606 0.2119 0.778 0.3172 -0.4071 0.3583 0.8339 -0.1132 0.4987 0.2078 0.5977 0.3888 -0.6529 0.2557 0.5647 -0.5959 -0.3239 -0.4702 0.9173 0.0408 0.3917 -0.0594
0.7094 -0.0441 -0.584 -0.3922 0.3586 -0.6513 0.5839 -0.3261 0.7853 -0.0718 -0.5789 0.2076 0.3367 0.3564 -0.7698 -0.4087 0.7097 -0.1228 -0.6606 0.2119 0.778 0.3172 -0.4071 0.3583 0.8339 -0.1132 0.4987 0.2078 0.5873 0.36 -0.6742 0.2663 0.5647 -0.5959 -0.3239 -0.4702 0.9173 0.0408 0.3917 -0.0594
0.7094 -0.0441 -0.584 -0.3922 0.3586 -0.6513 0.5839 -0.3261 0.7853 -0.0718 -0.5789 0.2076 0.3367 0.3564 -0.7698 -0.4087 0.7097 -0.1228 -0.6606 0.2119 0.778 0.3172 -0.4071 0.3583 0.8339 -0.1132 0.4987 0.2078 0.5873 0.36 -0.6742 0.2663 0.5647 -0.5959 -0.3239 -0.4702 0.9193 0.0475 0.3869 -0.0544
0.7094 -0.0441 -0.584 -0.3922 0.3586 -0.6513 0.5839 -0.3261 0.7854 -0.0706 -0.576 0.2151 0.3367 0.3564 -0.7698 -0.4087 0.7097 -0.1228 -0.6606 0.2119 0.778 0.3172 -0.4071 0.3583 0.8339 -0.1132 0.4987 0.2078 0.5873 0.36 -0.6742 0.2663 0.5647 -0.5959 -0.3239 -0.4702 0.9193 0.0475 0.3869 -0.0544
0.7094 -0.0441 -0.584 -0.3922 0.3586 -0.6513 0.5839 -0.3261 0.7854 -0.0706 -0.576 0.2151 0.3367 0.3564 -0.7698 -0.4087 0.7097 -0.1228 -0.6606 0.2119 0.778 0.3172 -0.4071 0.3583 0.8339 -0.1132 0.4987 0.2078 0.5873 0.36 -0.6742 0.2663 0.5647 -0.5959 -0.3239 -0.4702 0.9193 0.0475 0.3869 -0.0544
0.7094 -0.0441 -0.584 -0.3922 0.3439 -0.6667 0.5881 -0.3022 0.7854 -0.0706 -0.576 0.2151 0.3398 0.3522 -0.776 -0.398 0.6945 -0.1306 -0.6799 0.1959 0.778 0.3172 -0.4071 0.3583 0.8339 -0.1132 0.4987 0.2078 0.5873 0.36 -0.6742 0.2663 0.5647 -0.5959 -0.3239 -0.4702 0.9193 0.0475 0.3869 -0.0544
0.7094 -0.0441 -0.584 -0.3922 0.3439 -0.6667 0.5881 -0.3022 0.7854 -0.0706 -0.576 0.2151 0.3398 0.3522 -0.776 -0.398 0.6945 -0.1306 -0.6799 0.1959 0.778 0.3172 -0.4071 0.3583 0.8547 0.0614 0.4733 0.2045 0.5873 0.36 -0.6742 0.2663 0.5647 -0.5959 -0.3239 -0.4702 0.9193 0.0475 0.3869 -0.0544
0.7094 -0.0441 -0.584 -0.3922 0.3439 -0.6667 0.5881 -0.3022 0.7854 -0.0706 -0.576 0.2151 0.3398 0.3522 -0.776 -0.398 0.6945 -0.1306 -0.6799 0.1959 0.778 0.3172 -0.4071 0.3583 0.8547 0.0614 0.4733 0.2045 0.5873 0.36 -0.6742 0.2663 0.5647 -0.5959 -0.3239 -0.4702 0.9193 0.0475 0.3869 -0.0544
0.7094 -0.0441 -0.584 -0.3922 0.3439 -0.6667 0.5881 -0.3022 0.7854 -0.0706 -0.576 0.2151 0.3398 0.3522 -0.776 -0.398 0.6945 -0.1306 -0.6799 0.1959 0.778 0.3172 -0.4071 0.3583 0.8547 0.0614 0.4733 0.2045 0.5873 0.36 -0.6742 0.2663 0.5647 -0.5959 -0.3239 -0.4702 0.9193 0.0475 0.3869 -0.0544
0.7094 -0.0441 -0.584 -0.3922 0.3439 -0.6667 0.5881 -0.3022 0.7854 -0.0706 -0.576 0.2151 0.3398 0.3522 -0.776 -0.398 0.6945 -0.1306 -0.6799 0.1959 0.778 0.3172 -0.4071 0.3583 0.8547 0.0614 0.4733 0.2045 0.5735 0.3298 -0.6935 0.2853 0.5647 -0.5959 -0.3239 -0.4702 0.9131 0.0656 0.3994 -0.0483
0.7094 -0.0441 -0.584 -0.3922 0.3439 -0.6667 0.5881 -0.3022 0.7854 -0.0706 -0.576 0.2151 0.3398 0.3522 -0.776 -0.398 0.6945 -0.1306 -0.6799 0.1959 0.778 0.3172 -0.4071 0.3583 0.8547 0.0614 0.4733 0.2045 0.5735 0.3298 -0.6935 0.2853 0.5647 -0.5959 -0.3239 -0.4702 0.9131 0.0656 0.3994 -0.0483
0.7094 -0.0441 -0.584 -0.3922 0.3439 -0.6667 0.5881 -0.3022 0.7854 -0.0706 -0.576 0.2151 0.3398 0.3522 -0.776 -0.398 0.6945 -0.1306 -0.6799 0.1959 0.778 0.3172 -0.4071 0.3583 0.8547 0.0614 0.4733 0.2045 0.5735 0.3298 -0.6935 0.2853 0.5647 -0.5959 -0.3239 -0.4702 0.9131 0.0656 0.3994 -0.0483
0.7119 -0.0541 -0.6004 -0.3602 0.3407 -0.6725 0.5931 -0.2825 0.791 -0.0662 -0.5773 0.1916 0.3276 0.3514 -0.773 -0.4144 0.6469 -0.1895 -0.7278 0.1263 0.7324 0.2372 -0.6018 0.2126 0.8547 0.0614 0.4733 0.2045 0.5735 0.3298 -0.6935 0.2853 0.5497 -0.6534 -0.2842 -0.436 0.9131 0.0656 0.3994 -0.0483
0.7119 -0.0541 -0.6004 -0.3602 0.3407 -0.6725 0.5931 -0.2825 0.791 -0.0662 -0.5773 0.1916 0.3276 0.3514 -0.773 -0.4144 0.6469 -0.1895 -0.7278 0.1263 0.7324 0.2372 -0.6018 0.2126 0.9052 0.0837 0.3959 0.1299 0.5735 0.3298 -0.6935 0.2853 0.5497 -0.6534 -0.2842 -0.436 0.9131 0.0656 0.3994 -0.0483
0.7119 -0.0541 -0.6004 -0.3602 0.3407 -0.6725 0.5931 -0.2825 0.791 -0.0662 -0.5773 0.1916 0.3276 0.3514 -0.773 -0.4144 0.6469 -0.1895 -0.7278 0.1263 0.7324 0.2372 -0.6018 0.2126 0.9052 0.0837 0.3959 0.1299 0.5735 0.3298 -0.6935 0.2853 0.5497 -0.6534 -0.2842 -0.436 0.9131 0.0656 0.3994 -0.0483
0.7119 -0.0541 -0.6004 -0.3602 0.3407 -0.6725 0.5931 -0.2825 0.791 -0.0662 -0.5773 0.1916 0.3276 0.3514 -0.773 -0.4144 0.6469 -0.1895 -0.7278 0.1263 0.7324 0.2372 -0.6018 0.2126 0.9052 0.0837 0.3959 0.1299 0.5735 0.3298 -0.6935 0.2853 0.5497 -0.6534 -0.2842 -0.436 0.9131 0.0656 0.3994 -0.0483
0.7119 -0.0541 -0.6004 -0.3602 0.3407 -0.6725 0.5931 -0.2825 0.791 -0.0662 -0.5773 0.1916 0.3276 0.3514 -0.773 -0.4144 0.6469 -0.1895 -0.7278 0.1263 0.7324 0.2372 -0.6018 0.2126 0.9052 0.0837 0.3959 0.1299 0.5964 0.3439 -0.6656 0.288 0.5497 -0.6534 -0.2842 -0.436 0.8668 0.0572 0.4886 -0.0812
0.7119 -0.0541 -0.6004 -0.3602 0.3407 -0.6725 0.5931 -0.2825 0.791 -0.0662 -0.5773 0.1916 0.3276 0.3514 -0.773 -0.4144 0.6469 -0.1895 -0.7278 0.1263 0.7324 0.2372 -0.6018 0.2126 0.9052 0.0837 0.3959 0.1299 0.5964 0.3439 -0.6656 0.288 0.5497 -0.6534 -0.2842 -0.436 0.8668 0.0572 0.4886 -0.0812
0.7119 -0.0541 -0.6004 -0.3602 0.3407 -0.6725 0.5931 -0.2825 0.791 -0.0662 -0.5773 0.1916 0.3276 0.3514 -0.773 -0.4144 0.6469 -0.1895 -0.7278 0.1263 0.7324 0.2372 -0.6018 0.2126 0.9052 0.0837 0.3959 0.1299 0.5964 0.3439 -0.6656 0.288 0.5497 -0.6534 -0.2842 -0.436 0.8668 0.0572 0.4886 -0.0812
0.7288 -0.0399 -0.6143 -0.2998 0.3599 -0.6786 0.579 -0.2733 0.7995 -0.0567 -0.5682 0.1865 0.3499 0.3565 -0.7534 -0.4276 0.6545 -0.1703 -0.7258 0.126 0.7394 0.2601 -0.5868 0.2034 0.9052 0.0837 0.3959 0.1299 0.5964 0.3439 -0.6656 0.288 0.6 -0.6659 -0.2321 -0.3777 0.8668 0.0572 0.4886 -0.0812
0.7288 -0.0399 -0.6143 -0.2998 0.3599 -0.6786 0.579 -0.2733 0.7995 -0.0567 -0.5682 0.1865 0.3499 0.3565 -0.7534 -0.4276 0.6545 -0.1703 -0.7258 0.126 0.7394 0.2601 -0.5868 0.2034 0.9105 0.0803 0.3867 0.1229 0.5964 0.3439 -0.6656 0.288 0.6 -0.6659 -0.2321 -0.3777 0.8668 0.0572 0.4886 -0.0812
0.7288 -0.0399 -0.6143 -0.2998 0.3599 -0.6786 0.579 -0.2733 0.7995 -0.0567 -0.5682 0.1865 0.3499 0.3565 -0.7534 -0.4276 0.6545 -0.1703 -0.7258 0.126 0.7394 0.2601 -0.5868 0.2034 0.9105 0.0803 0.3867 0.1229 0.5964 0.3439 -0.6656 0.288 0.6 -0.6659 -0.2321 -0.3777 0.8668 0.0572 0.4886 -0.0812
0.7288 -0.0399 -0.6143 -0.2998 0.3599 -0.6786 0.579 -0.2733 0.7995 -0.0567 -0.5682 0.1865 0.3499 0.3565 -0.7534 -0.4276 0.6545 -0.1703 -0.7258 0.126 0.7394 0.2601 -0.5868 0.2034 0.9105 0.0803 0.3867 0.1229 0.5964 0.3439 -0.6656 0.288 0.6 -0.6659 -0.2321 -0.3777 0.8668 0.0572 0.4886 -0.0812
0.7288 -0.0399 -0.6143 -0.2998 0.3599 -0.6786 0.579 -0.2733 0.7995 -0.0567 -0.5682 0.1865 0.3499 0.3565 -0.7534 -0.4276 0.6545 -0.1703 -0.7258 0.126 0.7394 0.2601 -0.5868 0.2034 0.9105 0.0803 0.3867 0.1229 0.5964 0.3439 -0.6656 0.288 0.6 -0.6659 -0.2321 -0.3777 0.8668 0.0572 0.4886 -0.0812
0.7288 -0.0399 -0.6143 -0.2998 0.3599 -0.6786 0.579 -0.2733 0.8102 -0.0408 -0.5316 0.2436 0.3499 0.3565 -0.7534 -0.4276 0.6545 -0.1703 -0.7258 0.126 0.7394 0.2601 -0.5868 0.2034 0.9105 0.0803 0.3867 0.1229 0.6512 0.3669 -0.621 0.236 0.6 -0.6659 -0.2321 -0.3777 0.8409 0.0624 0.5249 -0.1154
0.7288 -0.0399 -0.6143 -0.2998 0.3599 -0.6786 0.579 -0.2733 0.8102 -0.0408 -0.5316 0.2436 0.3499 0.3565 -0.7534 -0.4276 0.6545 -0.1703 -0.7258 0.126 0.7394 0.2601 -0.5868 0.2034 0.9105 0.0803 0.3867 0.1229 0.6512 0.3669 -0.621 0.236 0.6 -0.6659 -0.2321 -0.3777 0.8409 0.0624 0.5249 -0.1154
0.7285 -0.0209 -0.6275 -0.2741 0.3548 -0.7061 0.5596 -0.2499 0.8102 -0.0408 -0.5316 0.2436 0.4073 0.368 -0.7296 -0.4078 0.6492 -0.1303 -0.7411 0.1109 0.7317 0.2747 -0.5856 0.215 0.9105 0.0803 0.3867 0.1229 0.6512 0.3669 -0.621 0.236 0.6009 -0.6451 -0.2433 -0.4045 0.8409 0.0624 0.5249 -0.1154
0.7285 -0.0209 -0.6275 -0.2741 0.3548 -0.7061 0.5596 -0.2499 0.8102 -0.0408 -0.5316 0.2436 0.4073 0.368 -0.7296 -0.4078 0.6492 -0.1303 -0.7411 0.1109 0.7317 0.2747 -0.5856 0.215 0.9169 0.0614 0.3795 0.1075 0.6512 0.3669 -0.621 0.236 0.6009 -0.6451 -0.2433 -0.4045 0.8409 0.0624 0.5249 -0.1154
0.7285 -0.0209 -0.6275 -0.2741 0.3548 -0.7061 0.5596 -0.2499 0.8102 -0.0408 -0.5316 0.2436 0.4073 0.368 -0.7296 -0.4078 0.6492 -0.1303 -0.7411 0.1109 0.7317 0.2747 -0.5856 0.215 0.9169 0.0614 0.3795 0.1075 0.6512 0.3669 -0.621 0.236 0.6009 -0.6451 -0.2433 -0.4045 0.8409 0.0624 0.5249 -0.1154
0.7285 -0.0209 -0.6275 -0.2741 0.3548 -0.7061 0.5596 -0.2499 0.8102 -0.0408 -0.5316 0.2436 0.4073 0.368 -0.7296 -0.4078 0.6492 -0.1303 -0.7411 0.1109 0.7317 0.2747 -0.5856 0.215 0.9169 0.0614 0.3795 0.1075 0.6694 0.3798 -0.6 0.2183 0.6009 -0.6451 -0.2433 -0.4045 0.8409 0.0624 0.5249 -0.1154
0.7285 -0.0209 -0.6275 -0.2741 0.3548 -0.7061 0.5596 -0.2499 0.8102 -0.0408 -0.5316 0.2436 0.4073 0.368 -0.7296 -0.4078 0.6492 -0.1303 -0.7411 0.1109 0.7317 0.2747 -0.5856 0.215 0.9169 0.0614 0.3795 0.1075 0.6694 0.3798 -0.6 0.2183 0.6009 -0.6451 -0.2433 -0.4045 0.8409 0.0624 0.5249 -0.1154
0.7285 -0.0209 -0.6275 -0.2741 0.3548 -0.7061 0.5596 -0.2499 0.8102 -0.0408 -0.5316 0.2436 0.4073 0.368 -0.7296 -0.4078 0.6492 -0.1303 -0.7411 0.1109 0.7317 0.2747 -0.5856 0.215 0.9169 0.0614 0.3795 0.1075 0.6694 0.3798 -0.6 0.2183 0.6009 -0.6451 -0.2433 -0.4045 0.8409 0.0624 0.5249 -0.1154
0.7285 -0.0209 -0.6275 -0.2741 0.3496 -0.7219 0.5427 -0.2493 0.8102 -0.0319 -0.5201 0.2684 0.4272 0.3823 -0.7116 -0.4063 0.6492 -0.1303 -0.7411 0.1109 0.7177 0.2916 -0.5885 0.2314 0.9169 0.0614 0.3795 0.1075 0.6694 0.3798 -0.6 0.2183 0.5463 -0.6135 -0.3115 -0.4777 0.8409 0.0624 0.5249 -0.1154
0.7285 -0.0209 -0.6275 -0.2741 0.3496 -0.7219 0.5427 -0.2493 0.8102 -0.0319 -0.5201 0.2684 0.4272 0.3823 -0.7116 -0.4063 0.6447 -0.1151 -0.7512 0.0822 0.7177 0.2916 -0.5885 0.2314 0.9169 0.0614 0.3795 0.1075 0.6694 0.3798 -0.6 0.2183 0.5463 -0.6135 -0.3115 -0.4777 0.8409 0.0624 0.5249 -0.1154
0.7285 -0.0209 -0.6275 -0.2741 0.3496 -0.7219 0.5427 -0.2493 0.8102 -0.0319 -0.5201 0.2684 0.4272 0.3823 -0.7116 -0.4063 0.6447 -0.1151 -0.7512 0.0822 0.7177 0.2916 -0.5885 0.2314 0.9174 0.0517 0.3813 0.101 0.6694 0.3798 -0.6 0.2183 0.5463 -0.6135 -0.3115 -0.4777 0.8409 0.0624 0.5249 -0.1154
0.7285 -0.0209 -0.6275 -0.2741 0.3496 -0.7219 0.5427 -0.2493 0.8102 -0.0319 -0.5201 0.2684 0.4272 0.3823 -0.7116 -0.4063 0.6447 -0.1151 -0.7512 0.0822 0.7177 0.2916 -0.5885 0.2314 0.9174 0.0517 0.3813 0.101 0.6694 0.3798 -0.6 0.2183 0.5463 -0.6135 -0.3115 -0.4777 0.8409 0.0624 0.5249 -0.1154
0.7285 -0.0209 -0.6275 -0.2741 0.3496 -0.7219 0.5427 -0.2493 0.8102 -0.0319 -0.5201 0.2684 0.4272 0.3823 -0.7116 -0.4063 0.6447 -0.1151 -0.7512 0.0822 0.7177 0.2916 -0.5885 0.2314 0.9174 0.0517 0.3813 0.101 0.6754 0.3876 -0.5936 0.2029 0.5463 -0.6135 -0.3115 -0.4777 0.8409 0.0624 0.5249 -0.1154
0.7285 -0.0209 -0.6275 -0.2741 0.3496 -0.7219 0.5427 -0.2493 0.8102 -0.0319 -0.5201 0.2684 0.4272 0.3823 -0.7116 -0.4063 0.6447 -0.1151 -0.7512 0.0822 0.7177 0.2916 -0.5885 0.2314 0.9174 0.0517 0.3813 0.101 0.6754 0.3876 -0.5936 0.2029 0.5463 -0.6135 -0.3115 -0.4777 0.8578 0.0624 0.4872 -0.1509
0.7285 -0.0209 -0.6275 -0.2741 0.3496 -0.7219 0.5427 -0.2493 0.8102 -0.0319 -0.5201 0.2684 0.4272 0.3823 -0.7116 -0.4063 0.6447 -0.1151 -0.7512 0.0822 0.7177 0.2916 -0.5885 0.2314 0.9174 0.0517 0.3813 0.101 0.6754 0.3876 -0.5936 0.2029 0.5463 -0.6135 -0.3115 -0.4777 0.8578 0.0624 0.4872 -0.1509
0.7285 -0.0209 -0.6275 -0.2741 0.3496 -0.7219 0.5427 -0.2493 0.7984 -0.0319 -0.5399 0.2646 0.4272 0.3823 -0.7116 -0.4063 0.6447 -0.1151 -0.7512 0.0822 0.7193 0.3011 -0.5844 0.2245 0.9174 0.0517 0.3813 0.101 0.6754 0.3876 -0.5936 0.2029 0.5463 -0.6135 -0.3115 -0.4777 0.8578 0.0624 0.4872 -0.1509
0.7285 -0.0209 -0.6275 -0.2741 0.3496 -0.7219 0.5427 -0.2493 0.7984 -0.0319 -0.5399 0.2646 0.4272 0.3823 -0.7116 -0.4063 0.6447 -0.1151 -0.7512 0.0822 0.7193 0.3011 -0.5844 0.2245 0.9174 0.0517 0.3813 0.101 0.6754 0.3876 -0.5936 0.2029 0.5463 -0.6135 -0.3115 -0.4777 0.8578 0.0624 0.4872 -0.1509
0.7285 -0.0209 -0.6275 -0.2741 0.3496 -0.7219 0.5427 -0.2493 0.7984 -0.0319 -0.5399 0.2646 0.4138 0.3898 -0.7225 -0.3935 0.6468 -0.1008 -0.7537 0.0585 0.7193 0.3011 -0.5844 0.2245 0.9144 0.0541 0.3879 0.1027 0.6754 0.3876 -0.5936 0.2029 0.5463 -0.6135 -0.3115 -0.4777 0.8578 0.0624 0.4872 -0.1509
0.7285 -0.0209 -0.6275 -0.2741 0.3496 -0.7219 0.5427 -0.2493 0.7984 -0.0319 -0.5399 0.2646 0.4138 0.3898 -0.7225 -0.3935 0.6468 -0.1008 -0.7537 0.0585 0.7193 0.3011 -0.5844 0.2245 0.9144 0.0541 0.3879 0.1027 0.6754 0.3876 -0.5936 0.2029 0.5463 -0.6135 -0.3115 -0.4777 0.8578 0.0624 0.4872 -0.1509
0.7285 -0.0209 -0.6275 -0.2741 0.3496 -0.7219 0.5427 -0.2493 0.7984 -0.0319 -0.5399 0.2646 0.4138 0.3898 -0.7225 -0.3935 0.6468 -0.1008 -0.7537 0.0585 0.7193 0.3011 -0.5844 0.2245 0.9144 0.0541 0.3879 0.1027 0.6765 0.3658 -0.6098 0.1917 0.5463 -0.6135 -0.3115 -0.4777 0.8578 0.0624 0.4872 -0.1509
0.7285 -0.0209 -0.6275 -0.2741 0.3496 -0.7219 0.5427 -0.2493 0.7984 -0.0319 -0.5399 0.2646 0.4138 0.3898 -0.7225 -0.3935 0.6468 -0.1008 -0.7537 0.0585 0.7193 0.3011 -0.5844 0.2245 0.9144 0.0541 0.3879 0.1027 0.6765 0.3658 -0.6098 0.1917 0.5463 -0.6135 -0.3115 -0.4777 0.8552 0.063 0.4939 -0.1439
0.7285 -0.0209 -0.6275 -0.2741 0.3496 -0.7219 0.5427 -0.2493 0.7984 -0.0319 -0.5399 0.2646 0.4138 0.3898 -0.7225 -0.3935 0.6468 -0.1008 -0.7537 0.0585 0.7193 0.3011 -0.5844 0.2245 0.9144 0.0541 0.3879 0.1027 0.6765 0.3658 -0.6098 0.1917 0.5463 -0.6135 -0.3115 -0.4777 0.8552 0.063 0.4939 -0.1439
0.7285 -0.0209 -0.6275 -0.2741 0.3705 -0.7027 0.5356 -0.2866 0.7914 -0.038 -0.5569 0.2491 0.4138 0.3898 -0.7225 -0.3935 0.6468 -0.1008 -0.7537 0.0585 0.7562 0.2886 -0.5623 0.1694 0.9144 0.0541 0.3879 0.1027 0.6765 0.3658 -0.6098 0.1917 0.5266 -0.6302 -0.3103 -0.4789 0.8552 0.063 0.4939 -0.1439
0.7285 -0.0209 -0.6275 -0.2741 0.3705 -0.7027 0.5356 -0.2866 0.7914 -0.038 -0.5569 0.2491 0.4138 0.3898 -0.7225 -0.3935 0.6605 -0.1357 -0.7379 0.0306 0.7562 0.2886 -0.5623 0.1694 0.9144 0.0541 0.3879 0.1027 0.6765 0.3658 -0.6098 0.1917 0.5266 -0.6302 -0.3103 -0.4789 0.8552 0.063 0.4939 -0.1439
0.7285 -0.0209 -0.6275 -0.2741 0.3705 -0.7027 0.5356 -0.2866 0.7914 -0.038 -0.5569 0.2491 0.4138 0.3898 -0.7225 -0.3935 0.6605 -0.1357 -0.7379 0.0306 0.7562 0.2886 -0.5623 0.1694 0.8633 0.1002 0.47 0.1541 0.6765 0.3658 -0.6098 0.1917 0.5266 -0.6302 -0.3103 -0.4789 0.8552 0.063 0.4939 -0.1439
0.7285 -0.0209 -0.6275 -0.2741 0.3705 -0.7027 0.5356 -0.2866 0.7914 -0.038 -0.5569 0.2491 0.4138 0.3898 -0.7225 -0.3935 0.6605 -0.1357 -0.7379 0.0306 0.7562 0.2886 -0.5623 0.1694 0.8633 0.1002 0.47 0.1541 0.6765 0.3658 -0.6098 0.1917 0.5266 -0.6302 -0.3103 -0.4789 0.8552 0.063 0.4939 -0.1439
0.7285 -0.0209 -0.6275 -0.2741 0.3705 -0.7027 0.5356 -0.2866 0.7914 -0.038 -0.5569 0.2491 0.4138 0.3898 -0.7225 -0.3935 0.6605 -0.1357 -0.7379 0.0306 0.7562 0.2886 -0.5623 0.1694 0.8633 0.1002 0.47 0.1541 0.6639 0.3643 -0.6238 0.1935 0.5266 -0.6302 -0.3103 -0.4789 0.8552 0.063 0.4939 -0.1439
0.7285 -0.0209 -0.6275 -0.2741 0.3705 -0.7027 0.5356 -0.2866 0.7914 -0.038 -0.5569 0.2491 0.4138 0.3898 -0.7225 -0.3935 0.6605 -0.1357 -0.7379 0.0306 0.7562 0.2886 -0.5623 0.1694 0.8633 0.1002 0.47 0.1541 0.6639 0.3643 -0.6238 0.1935 0.5266 -0.6302 -0.3103 -0.4789 0.8533 0.0627 0.4966 -0.1459
0.7285 -0.0209 -0.6275 -0.2741 0.3705 -0.7027 0.5356 -0.2866 0.7914 -0.038 -0.5569 0.2491 0.4138 0.3898 -0.7225 -0.3935 0.6605 -0.1357 -0.7379 0.0306 0.7562 0.2886 -0.5623 0.1694 0.8633 0.1002 0.47 0.1541 0.6639 0.3643 -0.6238 0.1935 0.5266 -0.6302 -0.3103 -0.4789 0.8533 0.0627 0.4966 -0.1459
0.7285 -0.0209 -0.6275 -0.2741 0.365 -0.6989 0.5396 -0.2953 0.7935 -0.0483 -0.5626 0.2272 0.3857 0.3759 -0.7408 -0.4015 0.6605 -0.1357 -0.7379 0.0306 0.7949 0.3153 -0.499 0.1407 0.8633 0.1002 0.47 0.1541 0.6639 0.3643 -0.6238 0.1935 0.5165 -0.6575 -0.2924 -0.4641 0.8533 0.0627 0.4966 -0.1459
0.7285 -0.0209 -0.6275 -0.2741 0.365 -0.6989 0.5396 -0.2953 0.7935 -0.0483 -0.5626 0.2272 0.3857 0.3759 -0.7408 -0.4015 0.6917 -0.2 -0.6917 0.0549 0.7949 0.3153 -0.499 0.1407 0.8633 0.1002 0.47 0.1541 0.6639 0.3643 -0.6238 0.1935 0.5165 -0.6575 -0.2924 -0.4641 0.8533 0.0627 0.4966 -0.1459
0.7285 -0.0209 -0.6275 -0.2741 0.365 -0.6989 0.5396 -0.2953 0.7935 -0.0483 -0.5626 0.2272 0.3857 0.3759 -0.7408 -0.4015 0.6917 -0.2 -0.6917 0.0549 0.7949 0.3153 -0.499 0.1407 0.8089 0.0917 0.5515 0.182 0.6639 0.3643 -0.6238 0.1935 0.5165 -0.6575 -0.2924 -0.4641 0.8533 0.0627 0.4966 -0.1459
0.7285 -0.0209 -0.6275 -0.2741 0.365 -0.6989 0.5396 -0.2953 0.7935 -0.0483 -0.5626 0.2272 0.3857 0.3759 -0.7408 -0.4015 0.6917 -0.2 -0.6917 0.0549 0.7949 0.3153 -0.499 0.1407 0.8089 0.0917 0.5515 0.182 0.6639 0.3643 -0.6238 0.1935 0.5165 -0.6575 -0.2924 -0.4641 0.8533 0.0627 0.4966 -0.1459
0.7285 -0.0209 -0.6275 -0.2741 0.365 -0.6989 0.5396 -0.2953 0.7935 -0.0483 -0.5626 0.2272 0.3857 0.3759 -0.7408 -0.4015 0.6917 -0.2 -0.6917 0.0549 0.7949 0.3153 -0.499 0.1407 0.8089 0.0917 0.5515 0.182 0.6454 0.3572 -0.6462 0.1956 0.5165 -0.6575 -0.2924 -0.4641 0.8533 0.0627 0.4966 -0.1459
0.7285 -0.0209 -0.6275 -0.2741 0.365 -0.6989 0.5396 -0.2953 0.7935 -0.0483 -0.5626 0.2272 0.3857 0.3759 -0.7408 -0.4015 0.6917 -0.2 -0.6917 0.0549 0.7949 0.3153 -0.499 0.1407 0.8089 0.0917 0.5515 0.182 0.6454 0.3572 -0.6462 0.1956 0.5165 -0.6575 -0.2924 -0.4641 0.8515 0.0756 0.5012 -0.1344
0.7285 -0.0209 -0.6275 -0.2741 0.365 -0.6989 0.5396 -0.2953 0.7935 -0.0483 -0.5626 0.2272 0.3857 0.3759 -0.7408 -0.4015 0.6917 -0.2 -0.6917 0.0549 0.7949 0.3153 -0.499 0.1407 0.8089 0.0917 0.5515 0.182 0.6454 0.3572 -0.6462 0.1956 0.5165 -0.6575 -0.2924 -0.4641 0.8515 0.0756 0.5012 -0.1344
0.7285 -0.0209 -0.6275 -0.2741 0.365 -0.6989 0.5396 -0.2953 0.7935 -0.0483 -0.5626 0.2272 0.3857 0.3759 -0.7408 -0.4015 0.6917 -0.2 -0.6917 0.0549 0.7949 0.3153 -0.499 0.1407 0.8089 0.0917 0.5515 0.182 0.6454 0.3572 -0.6462 0.1956 0.5165 -0.6575 -0.2924 -0.4641 0.8515 0.0756 0.5012 -0.1344
0.7346 -0.0245 -0.5998 -0.3162 0.3559 -0.6941 0.5558 -0.2874 0.8038 -0.042 -0.5432 0.2388 0.3991 0.365 -0.7392 -0.4014 0.7223 -0.1857 -0.6606 0.086 0.8239 0.24 -0.4888 0.1569 0.8089 0.0917 0.5515 0.182 0.6454 0.3572 -0.6462 0.1956 0.5151 -0.6702 -0.2944 -0.4458 0.8515 0.0756 0.5012 -0.1344
0.7346 -0.0245 -0.5998 -0.3162 0.3559 -0.6941 0.5558 -0.2874 0.8038 -0.042 -0.5432 0.2388 0.3991 0.365 -0.7392 -0.4014 0.7223 -0.1857 -0.6606 0.086 0.8239 0.24 -0.4888 0.1569 0.905 -0.0096 0.4213 0.0575 0.6454 0.3572 -0.6462 0.1956 0.5151 -0.6702 -0.2944 -0.4458 0.8515 0.0756 0.5012 -0.1344
0.7346 -0.0245 -0.5998 -0.3162 0.3559 -0.6941 0.5558 -0.2874 0.8038 -0.042 -0.5432 0.2388 0.3991 0.365 -0.7392 -0.4014 0.7223 -0.1857 -0.6606 0.086 0.8239 0.24 -0.4888 0.1569 0.905 -0.0096 0.4213 0.0575 0.6454 0.3572 -0.6462 0.1956 0.5151 -0.6702 -0.2944 -0.4458 0.8515 0.0756 0.5012 -0.1344
0.7346 -0.0245 -0.5998 -0.3162 0.3559 -0.6941 0.5558 -0.2874 0.8038 -0.042 -0.5432 0.2388 0.3991 0.365 -0.7392 -0.4014 0.7223 -0.1857 -0.6606 0.086 0.8239 0.24 -0.4888 0.1569 0.905 -0.0096 0.4213 0.0575 0.6454 0.3572 -0.6462 0.1956 0.5151 -0.6702 -0.2944 -0.4458 0.8515 0.0756 0.5012 -0.1344
0.7346 -0.0245 -0.5998 -0.3162 0.3559 -0.6941 0.5558 -0.2874 0.8153 -0.0507 -0.5372 0.2101 0.3991 0.365 -0.7392 -0.4014 0.7223 -0.1857 -0.6606 0.086 0.8239 0.24 -0.4888 0.1569 0.905 -0.0096 0.4213 0.0575 0.6241 0.3478 -0.6678 0.2087 0.5151 -0.6702 -0.2944 -0.4458 0.8466 0.0851 0.5096 -0.1281
0.7346 -0.0245 -0.5998 -0.3162 0.3559 -0.6941 0.5558 -0.2874 0.8153 -0.0507 -0.5372 0.2101 0.3991 0.365 -0.7392 -0.4014 0.7223 -0.1857 -0.6606 0.086 0.784 0.1887 -0.5361 0.2497 0.905 -0.0096 0.4213 0.0575 0.6241 0.3478 -0.6678 0.2087 0.5151 -0.6702 -0.2944 -0.4458 0.8466 0.0851 0.5096 -0.1281
0.7346 -0.0245 -0.5998 -0.3162 0.3559 -0.6941 0.5558 -0.2874 0.8153 -0.0507 -0.5372 0.2101 0.3863 0.3474 -0.7401 -0.4271 0.7223 -0.1857 -0.6606 0.086 0.784 0.1887 -0.5361 0.2497 0.905 -0.0096 0.4213 0.0575 0.6241 0.3478 -0.6678 0.2087 0.5151 -0.6702 -0.2944 -0.4458 0.8466 0.0851 0.5096 -0.1281
0.7346 -0.0245 -0.5998 -0.3162 0.3559 -0.6941 0.5558 -0.2874 0.8153 -0.0507 -0.5372 0.2101 0.3863 0.3474 -0.7401 -0.4271 0.7202 -0.192 -0.6596 0.0967 0.784 0.1887 -0.5361 0.2497 0.905 -0.0096 0.4213 0.0575 0.6241 0.3478 -0.6678 0.2087 0.5151 -0.6702 -0.2944 -0.4458 0.8466 0.0851 0.5096 -0.1281
0.7346 -0.0245 -0.5998 -0.3162 0.3559 -0.6941 0.5558 -0.2874 0.8153 -0.0507 -0.5372 0.2101 0.3863 0.3474 -0.7401 -0.4271 0.7202 -0.192 -0.6596 0.0967 0.784 0.1887 -0.5361 0.2497 0.9102 0.0232 0.3975 0.1138 0.6241 0.3478 -0.6678 0.2087 0.5151 -0.6702 -0.2944 -0.4458 0.8466 0.0851 0.5096 -0.1281
0.7346 -0.0245 -0.5998 -0.3162 0.3559 -0.6941 0.5558 -0.2874 0.8153 -0.0507 -0.5372 0.2101 0.3863 0.3474 -0.7401 -0.4271 0.7202 -0.192 -0.6596 0.0967 0.784 0.1887 -0.5361 0.2497 0.9102 0.0232 0.3975 0.1138 0.6241 0.3478 -0.6678 0.2087 0.5151 -0.6702 -0.2944 -0.4458 0.8466 0.0851 0.5096 -0.1281
0.7346 -0.0245 -0.5998 -0.3162 0.3559 -0.6941 0.5558 -0.2874 0.8153 -0.0507 -0.5372 0.2101 0.3863 0.3474 -0.7401 -0.4271 0.7202 -0.192 -0.6596 0.0967 0.784 0.1887 -0.5361 0.2497 0.9102 0.0232 0.3975 0.1138 0.6136 0.3361 -0.679 0.2225 0.5151 -0.6702 -0.2944 -0.4458 0.8466 0.0851 0.5096 -0.1281
0.7346 -0.0245 -0.5998 -0.3162 0.3559 -0.6941 0.5558 -0.2874 0.8153 -0.0507 -0.5372 0.2101 0.3863 0.3474 -0.7401 -0.4271 0.7202 -0.192 -0.6596 0.0967 0.784 0.1887 -0.5361 0.2497 0.9102 0.0232 0.3975 0.1138 0.6136 0.3361 -0.679 0.2225 0.5151 -0.6702 -0.2944 -0.4458 0.8296 0.0836 0.5362 -0.1315
0.7346 -0.0245 -0.5998 -0.3162 0.3559 -0.6941 0.5558 -0.2874 0.8153 -0.0507 -0.5372 0.2101 0.3863 0.3474 -0.7401 -0.4271 0.7202 -0.192 -0.6596 0.0967 0.784 0.1887 -0.5361 0.2497 0.9102 0.0232 0.3975 0.1138 0.6136 0.3361 -0.679 0.2225 0.5151 -0.6702 -0.2944 -0.4458 0.8296 0.0836 0.5362 -0.1315
0.7346 -0.0245 -0.5998 -0.3162 0.3559 -0.6941 0.5558 -0.2874 0.8175 -0.0585 -0.5451 0.1765 0.3863 0.3474 -0.7401 -0.4271 0.7202 -0.192 -0.6596 0.0967 0.7426 0.1871 -0.5795 0.2787 0.9102 0.0232 0.3975 0.1138 0.6136 0.3361 -0.679 0.2225 0.5151 -0.6702 -0.2944 -0.4458 0.8296 0.0836 0.5362 -0.1315
0.7259 -0.0596 -0.5952 -0.3395 0.3559 -0.6941 0.5558 -0.2874 0.8175 -0.0585 -0.5451 0.1765 0.3658 0.3371 -0.7465 -0.4418 0.6895 -0.202 -0.6871 0.1085 0.7426 0.1871 -0.5795 0.2787 0.9102 0.0232 0.3975 0.1138 0.6136 0.3361 -0.679 0.2225 0.5151 -0.6702 -0.2944 -0.4458 0.8296 0.0836 0.5362 -0.1315
0.7259 -0.0596 -0.5952 -0.3395 0.3559 -0.6941 0.5558 -0.2874 0.8175 -0.0585 -0.5451 0.1765 0.3658 0.3371 -0.7465 -0.4418 0.6895 -0.202 -0.6871 0.1085 0.7426 0.1871 -0.5795 0.2787 0.8493 0.1326 0.4647 0.2125 0.6136 0.3361 -0.679 0.2225 0.5151 -0.6702 -0.2944 -0.4458 0.8296 0.0836 0.5362 -0.1315
0.7259 -0.0596 -0.5952 -0.3395 0.3559 -0.6941 0.5558 -0.2874 0.8175 -0.0585 -0.5451 0.1765 0.3658 0.3371 -0.7465 -0.4418 0.6895 -0.202 -0.6871 0.1085 0.7426 0.1871 -0.5795 0.2787 0.8493 0.1326 0.4647 0.2125 0.6136 0.3361 -0.679 0.2225 0.5151 -0.6702 -0.2944 -0.4458 0.8296 0.0836 0.5362 -0.1315
0.7259 -0.0596 -0.5952 -0.3395 0.3559 -0.6941 0.5558 -0.2874 0.8175 -0.0585 -0.5451 0.1765 0.3658 0.3371 -0.7465 -0.4418 0.6895 -0.202 -0.6871 0.1085 0.7426 0.1871 -0.5795 0.2787 0.8493 0.1326 0.4647 0.2125 0.615 0.3323 -0.6726 0.2429 0.5151 -0.6702 -0.2944 -0.4458 0.8296 0.0836 0.5362 -0.1315
0.7259 -0.0596 -0.5952 -0.3395 0.3559 -0.6941 0.5558 -0.2874 0.8175 -0.0585 -0.5451 0.1765 0.3658 0.3371 -0.7465 -0.4418 0.6895 -0.202 -0.6871 0.1085 0.7426 0.1871 -0.5795 0.2787 0.8493 0.1326 0.4647 0.2125 0.615 0.3323 -0.6726 0.2429 0.5151 -0.6702 -0.2944 -0.4458 0.8036 0.0665 0.5731 -0.1459
0.7259 -0.0596 -0.5952 -0.3395 0.3559 -0.6941 0.5558 -0.2874 0.8175 -0.0585 -0.5451 0.1765 0.3658 0.3371 -0.7465 -0.4418 0.6895 -0.202 -0.6871 0.1085 0.7426 0.1871 -0.5795 0.2787 0.8493 0.1326 0.4647 0.2125 0.615 0.3323 -0.6726 0.2429 0.5151 -0.6702 -0.2944 -0.4458 0.8036 0.0665 0.5731 -0.1459
0.7259 -0.0596 -0.5952 -0.3395 0.3559 -0.6941 0.5558 -0.2874 0.8175 -0.0585 -0.5451 0.1765 0.3658 0.3371 -0.7465 -0.4418 0.6895 -0.202 -0.6871 0.1085 0.7426 0.1871 -0.5795 0.2787 0.8493 0.1326 0.4647 0.2125 0.615 0.3323 -0.6726 0.2429 0.5151 -0.6702 -0.2944 -0.4458 0.8036 0.0665 0.5731 -0.1459
0.7278 -0.0666 -0.597 -0.3309 0.3524 -0.6713 0.5895 -0.2786 0.8128 -0.0649 -0.5594 0.149 0.3463 0.3356 -0.7556 -0.4434 0.6358 -0.2031 -0.7388 0.093 0.7131 0.227 -0.6365 0.1868 0.8493 0.1326 0.4647 0.2125 0.615 0.3323 -0.6726 0.2429 0.5678 -0.6838 -0.2535 -0.3818 0.8036 0.0665 0.5731 -0.1459
0.7278 -0.0666 -0.597 -0.3309 0.3524 -0.6713 0.5895 -0.2786 0.8128 -0.0649 -0.5594 0.149 0.3463 0.3356 -0.7556 -0.4434 0.6358 -0.2031 -0.7388 0.093 0.7131 0.227 -0.6365 0.1868 0.9133 0.0695 0.3926 0.0836 0.615 0.3323 -0.6726 0.2429 0.5678 -0.6838 -0.2535 -0.3818 0.8036 0.0665 0.5731 -0.1459
0.7278 -0.0666 -0.597 -0.3309 0.3524 -0.6713 0.5895 -0.2786 0.8128 -0.0649 -0.5594 0.149 0.3463 0.3356 -0.7556 -0.4434 0.6358 -0.2031 -0.7388 0.093 0.7131 0.227 -0.6365 0.1868 0.9133 0.0695 0.3926 0.0836 0.615 0.3323 -0.6726 0.2429 0.5678 -0.6838 -0.2535 -0.3818 0.8036 0.0665 0.5731 -0.1459
0.7278 -0.0666 -0.597 -0.3309 0.3524 -0.6713 0.5895 -0.2786 0.8128 -0.0649 -0.5594 0.149 0.3463 0.3356 -0.7556 -0.4434 0.6358 -0.2031 -0.7388 0.093 0.7131 0.227 -0.6365 0.1868 0.9133 0.0695 0.3926 0.0836 0.615 0.3323 -0.6726 0.2429 0.5678 -0.6838 -0.2535 -0.3818 0.8036 0.0665 0.5731 -0.1459
0.7278 -0.0666 -0.597 -0.3309 0.3524 -0.6713 0.5895 -0.2786 0.8128 -0.0649 -0.5594 0.149 0.3463 0.3356 -0.7556 -0.4434 0.6358 -0.2031 -0.7388 0.093 0.7131 0.227 -0.6365 0.1868 0.9133 0.0695 0.3926 0.0836 0.6245 0.3503 -0.6463 0.2637 0.5678 -0.6838 -0.2535 -0.3818 0.7587 0.013 0.6253 -0.1822
0.7278 -0.0666 -0.597 -0.3309 0.3524 -0.6713 0.5895 -0.2786 0.8076 -0.0598 -0.5663 0.1535 0.3463 0.3356 -0.7556 -0.4434 0.6358 -0.2031 -0.7388 0.093 0.7181 0.2721 -0.6133 0.1847 0.9133 0.0695 0.3926 0.0836 0.6245 0.3503 -0.6463 0.2637 0.5678 -0.6838 -0.2535 -0.3818 0.7587 0.013 0.6253 -0.1822
0.7278 -0.0666 -0.597 -0.3309 0.3524 -0.6713 0.5895 -0.2786 0.8076 -0.0598 -0.5663 0.1535 0.3502 0.3409 -0.7577 -0.4325 0.6358 -0.2031 -0.7388 0.093 0.7181 0.2721 -0.6133 0.1847 0.9133 0.0695 0.3926 0.0836 0.6245 0.3503 -0.6463 0.2637 0.5678 -0.6838 -0.2535 -0.3818 0.7587 0.013 0.6253 -0.1822
0.7278 -0.0666 -0.597 -0.3309 0.3524 -0.6713 0.5895 -0.2786 0.8076 -0.0598 -0.5663 0.1535 0.3502 0.3409 -0.7577 -0.4325 0.629 -0.1968 -0.7462 0.0941 0.7181 0.2721 -0.6133 0.1847 0.9133 0.0695 0.3926 0.0836 0.6245 0.3503 -0.6463 0.2637 0.5678 -0.6838 -0.2535 -0.3818 0.7587 0.013 0.6253 -0.1822
0.7278 -0.0666 -0.597 -0.3309 0.3524 -0.6713 0.5895 -0.2786 0.8076 -0.0598 -0.5663 0.1535 0.3502 0.3409 -0.7577 -0.4325 0.629 -0.1968 -0.7462 0.0941 0.7181 0.2721 -0.6133 0.1847 0.9201 0.0557 0.3809 0.0722 0.6245 0.3503 -0.6463 0.2637 0.5678 -0.6838 -0.2535 -0.3818 0.7587 0.013 0.6253 -0.1822
0.7278 -0.0666 -0.597 -0.3309 0.3524 -0.6713 0.5895 -0.2786 0.8076 -0.0598 -0.5663 0.1535 0.3502 0.3409 -0.7577 -0.4325 0.629 -0.1968 -0.7462 0.0941 0.7181 0.2721 -0.6133 0.1847 0.9201 0.0557 0.3809 0.0722 0.6245 0.3503 -0.6463 0.2637 0.5678 -0.6838 -0.2535 -0.3818 0.7587 0.013 0.6253 -0.1822
0.7278 -0.0666 -0.597 -0.3309 0.3524 -0.6713 0.5895 -0.2786 0.8076 -0.0598 -0.5663 0.1535 0.3502 0.3409 -0.7577 -0.4325 0.629 -0.1968 -0.7462 0.0941 0.7181 0.2721 -0.6133 0.1847 0.9201 0.0557 0.3809 0.0722 0.642 0.3434 -0.6364 0.2548 0.5678 -0.6838 -0.2535 -0.3818 0.7587 0.013 0.6253 -0.1822
0.7278 -0.0666 -0.597 -0.3309 0.3524 -0.6713 0.5895 -0.2786 0.8076 -0.0598 -0.5663 0.1535 0.3502 0.3409 -0.7577 -0.4325 0.629 -0.1968 -0.7462 0.0941 0.7181 0.2721 -0.6133 0.1847 0.9201 0.0557 0.3809 0.0722 0.642 0.3434 -0.6364 0.2548 0.5678 -0.6838 -0.2535 -0.3818 0.6877 -0.0181 0.6926 -0.217
0.7278 -0.0666 -0.597 -0.3309 0.3524 -0.6713 0.5895 -0.2786 0.8076 -0.0598 -0.5663 0.1535 0.3502 0.3409 -0.7577 -0.4325 0.629 -0.1968 -0.7462 0.0941 0.7181 0.2721 -0.6133 0.1847 0.9201 0.0557 0.3809 0.0722 0.642 0.3434 -0.6364 0.2548 0.5678 -0.6838 -0.2535 -0.3818 0.6877 -0.0181 0.6926 -0.217
0.7278 -0.0666 -0.597 -0.3309 0.3524 -0.6713 0.5895 -0.2786 0.8076 -0.0598 -0.5663 0.1535 0.3502 0.3409 -0.7577 -0.4325 0.629 -0.1968 -0.7462 0.0941 0.7181 0.2721 -0.6133 0.1847 0.9201 0.0557 0.3809 0.0722 0.642 0.3434 -0.6364 0.2548 0.5678 -0.6838 -0.2535 -0.3818 0.6877 -0.0181 0.6926 -0.217
0.7426 -0.0419 -0.6006 -0.2934 0.3679 -0.6897 0.5632 -0.2679 0.8095 -0.0525 -0.5583 0.1738 0.3728 0.3552 -0.7435 -0.4267 0.6293 -0.1539 -0.7558 0.0952 0.7064 0.3033 -0.6058 0.2048 0.919 0.0563 0.3828 0.0758 0.642 0.3434 -0.6364 0.2548 0.5984 -0.6979 -0.184 -0.348 0.6877 -0.0181 0.6926 -0.217
0.7426 -0.0419 -0.6006 -0.2934 0.3679 -0.6897 0.5632 -0.2679 0.8095 -0.0525 -0.5583 0.1738 0.3728 0.3552 -0.7435 -0.4267 0.6293 -0.1539 -0.7558 0.0952 0.7064 0.3033 -0.6058 0.2048 0.919 0.0563 0.3828 0.0758 0.642 0.3434 -0.6364 0.2548 0.5984 -0.6979 -0.184 -0.348 0.6877 -0.0181 0.6926 -0.217
0.7426 -0.0419 -0.6006 -0.2934 0.3679 -0.6897 0.5632 -0.2679 0.8095 -0.0525 -0.5583 0.1738 0.3728 0.3552 -0.7435 -0.4267 0.6293 -0.1539 -0.7558 0.0952 0.7064 0.3033 -0.6058 0.2048 0.919 0.0563 0.3828 0.0758 0.642 0.3434 -0.6364 0.2548 0.5984 -0.6979 -0.184 -0.348 0.6877 -0.0181 0.6926 -0.217
0.7426 -0.0419 -0.6006 -0.2934 0.3679 -0.6897 0.5632 -0.2679 0.8095 -0.0525 -0.5583 0.1738 0.3728 0.3552 -0.7435 -0.4267 0.6293 -0.1539 -0.7558 0.0952 0.7064 0.3033 -0.6058 0.2048 0.919 0.0563 0.3828 0.0758 0.642 0.3434 -0.6364 0.2548 0.5984 -0.6979 -0.184 -0.348 0.6877 -0.0181 0.6926 -0.217
0.7426 -0.0419 -0.6006 -0.2934 0.3679 -0.6897 0.5632 -0.2679 0.8102 -0.0364 -0.5487 0.2028 0.3728 0.3552 -0.7435 -0.4267 0.6293 -0.1539 -0.7558 0.0952 0.7064 0.3033 -0.6058 0.2048 0.919 0.0563 0.3828 0.0758 0.6602 0.3723 -0.5997 0.2567 0.5984 -0.6979 -0.184 -0.348 0.732 -0.0174 0.6479 -0.21
0.7426 -0.0419 -0.6006 -0.2934 0.3679 -0.6897 0.5632 -0.2679 0.8102 -0.0364 -0.5487 0.2028 0.3728 0.3552 -0.7435 -0.4267 0.6293 -0.1539 -0.7558 0.0952 0.7064 0.3033 -0.6058 0.2048 0.919 0.0563 0.3828 0.0758 0.6602 0.3723 -0.5997 0.2567 0.5984 -0.6979 -0.184 -0.348 0.732 -0.0174 0.6479 -0.21
0.7426 -0.0419 -0.6006 -0.2934 0.3679 -0.6897 0.5632 -0.2679 0.8102 -0.0364 -0.5487 0.2028 0.3728 0.3552 -0.7435 -0.4267 0.6293 -0.1539 -0.7558 0.0952 0.7064 0.3033 -0.6058 0.2048 0.919 0.0563 0.3828 0.0758 0.6602 0.3723 -0.5997 0.2567 0.5984 -0.6979 -0.184 -0.348 0.732 -0.0174 0.6479 -0.21
0.7426 -0.0419 -0.6006 -0.2934 0.3679 -0.6897 0.5632 -0.2679 0.8102 -0.0364 -0.5487 0.2028 0.3728 0.3552 -0.7435 -0.4267 0.6216 -0.1381 -0.7684 0.0637 0.7064 0.3033 -0.6058 0.2048 0.919 0.0563 0.3828 0.0758 0.6602 0.3723 -0.5997 0.2567 0.5984 -0.6979 -0.184 -0.348 0.732 -0.0174 0.6479 -0.21
0.7426 -0.0419 -0.6006 -0.2934 0.3679 -0.6897 0.5632 -0.2679 0.8102 -0.0364 -0.5487 0.2028 0.3728 0.3552 -0.7435 -0.4267 0.6216 -0.1381 -0.7684 0.0637 0.7064 0.3033 -0.6058 0.2048 0.9172 0.0613 0.3862 0.0763 0.6602 0.3723 -0.5997 0.2567 0.5984 -0.6979 -0.184 -0.348 0.732 -0.0174 0.6479 -0.21
0.7426 -0.0419 -0.6006 -0.2934 0.3679 -0.6897 0.5632 -0.2679 0.8102 -0.0364 -0.5487 0.2028 0.3728 0.3552 -0.7435 -0.4267 0.6216 -0.1381 -0.7684 0.0637 0.7064 0.3033 -0.6058 0.2048 0.9172 0.0613 0.3862 0.0763 0.6602 0.3723 -0.5997 0.2567 0.5984 -0.6979 -0.184 -0.348 0.732 -0.0174 0.6479 -0.21
0.7426 -0.0419 -0.6006 -0.2934 0.3679 -0.6897 0.5632 -0.2679 0.8102 -0.0364 -0.5487 0.2028 0.3728 0.3552 -0.7435 -0.4267 0.6216 -0.1381 -0.7684 0.0637 0.7064 0.3033 -0.6058 0.2048 0.9172 0.0613 0.3862 0.0763 0.6705 0.4022 -0.5618 0.2703 0.5984 -0.6979 -0.184 -0.348 0.732 -0.0174 0.6479 -0.21
0.7426 -0.0419 -0.6006 -0.2934 0.3679 -0.6897 0.5632 -0.2679 0.8102 -0.0364 -0.5487 0.2028 0.3728 0.3552 -0.7435 -0.4267 0.6216 -0.1381 -0.7684 0.0637 0.7064 0.3033 -0.6058 0.2048 0.9172 0.0613 0.3862 0.0763 0.6705 0.4022 -0.5618 0.2703 0.5984 -0.6979 -0.184 -0.348 0.8138 0.028 0.5659 -0.1287
0.7426 -0.0419 -0.6006 -0.2934 0.3679 -0.6897 0.5632 -0.2679 0.8035 -0.0186 -0.5484 0.2309 0.3728 0.3552 -0.7435 -0.4267 0.6216 -0.1381 -0.7684 0.0637 0.7064 0.3033 -0.6058 0.2048 0.9172 0.0613 0.3862 0.0763 0.6705 0.4022 -0.5618 0.2703 0.5984 -0.6979 -0.184 -0.348 0.8138 0.028 0.5659 -0.1287
0.7426 -0.0419 -0.6006 -0.2934 0.3743 -0.7076 0.5406 -0.2588 0.8035 -0.0186 -0.5484 0.2309 0.3728 0.3552 -0.7435 -0.4267 0.6216 -0.1381 -0.7684 0.0637 0.7064 0.3033 -0.6058 0.2048 0.9172 0.0613 0.3862 0.0763 0.6705 0.4022 -0.5618 0.2703 0.5984 -0.6979 -0.184 -0.348 0.8138 0.028 0.5659 -0.1287
0.7426 -0.0419 -0.6006 -0.2934 0.3743 -0.7076 0.5406 -0.2588 0.8035 -0.0186 -0.5484 0.2309 0.4042 0.3969 -0.7178 -0.4049 0.6187 -0.116 -0.7741 0.067 0.7064 0.3033 -0.6058 0.2048 0.9172 0.0613 0.3862 0.0763 0.6705 0.4022 -0.5618 0.2703 0.5984 -0.6979 -0.184 -0.348 0.8138 0.028 0.5659 -0.1287
0.7426 -0.0419 -0.6006 -0.2934 0.3743 -0.7076 0.5406 -0.2588 0.8035 -0.0186 -0.5484 0.2309 0.4042 0.3969 -0.7178 -0.4049 0.6187 -0.116 -0.7741 0.067 0.7064 0.3033 -0.6058 0.2048 0.9193 0.0568 0.3826 0.0731 0.6705 0.4022 -0.5618 0.2703 0.5984 -0.6979 -0.184 -0.348 0.8138 0.028 0.5659 -0.1287
0.7426 -0.0419 -0.6006 -0.2934 0.3743 -0.7076 0.5406 -0.2588 0.8035 -0.0186 -0.5484 0.2309 0.4042 0.3969 -0.7178 -0.4049 0.6187 -0.116 -0.7741 0.067 0.7064 0.3033 -0.6058 0.2048 0.9193 0.0568 0.3826 0.0731 0.6705 0.4022 -0.5618 0.2703 0.5984 -0.6979 -0.184 -0.348 0.8138 0.028 0.5659 -0.1287
0.7426 -0.0419 -0.6006 -0.2934 0.3743 -0.7076 0.5406 -0.2588 0.8035 -0.0186 -0.5484 0.2309 0.4042 0.3969 -0.7178 -0.4049 0.6187 -0.116 -0.7741 0.067 0.7064 0.3033 -0.6058 0.2048 0.9193 0.0568 0.3826 0.0731 0.6705 0.4022 -0.5618 0.2703 0.5984 -0.6979 -0.184 -0.348 0.8138 0.028 0.5659 -0.1287
0.7426 -0.0419 -0.6006 -0.2934 0.3743 -0.7076 0.5406 -0.2588 0.8035 -0.0186 -0.5484 0.2309 0.4042 0.3969 -0.7178 -0.4049 0.6187 -0.116 -0.7741 0.067 0.7064 0.3033 -0.6058 0.2048 0.9193 0.0568 0.3826 0.0731 0.6765 0.4058 -0.5566 0.2606 0.5984 -0.6979 -0.184 -0.348 0.873 0.0649 0.47 -0.1125
0.7426 -0.0419 -0.6006 -0.2934 0.3743 -0.7076 0.5406 -0.2588 0.7986 -0.0037 -0.5496 0.2454 0.4042 0.3969 -0.7178 -0.4049 0.6187 -0.116 -0.7741 0.067 0.7064 0.3033 -0.6058 0.2048 0.9193 0.0568 0.3826 0.0731 0.6765 0.4058 -0.5566 0.2606 0.5984 -0.6979 -0.184 -0.348 0.873 0.0649 0.47 -0.1125
0.7426 -0.0419 -0.6006 -0.2934 0.3743 -0.7076 0.5406 -0.2588 0.7986 -0.0037 -0.5496 0.2454 0.4042 0.3969 -0.7178 -0.4049 0.6187 -0.116 -0.7741 0.067 0.7064 0.3033 -0.6058 0.2048 0.9193 0.0568 0.3826 0.0731 0.6765 0.4058 -0.5566 0.2606 0.5984 -0.6979 -0.184 -0.348 0.873 0.0649 0.47 -0.1125
0.7582 -0.0156 -0.5953 -0.2655 0.3797 -0.7148 0.5292 -0.2547 0.7986 -0.0037 -0.5496 0.2454 0.3975 0.4077 -0.7214 -0.3941 0.6183 -0.093 -0.7783 0.0583 0.7079 0.3383 -0.5864 0.2014 0.9193 0.0568 0.3826 0.0731 0.6765 0.4058 -0.5566 0.2606 0.5641 -0.5657 -0.3577 -0.4835 0.873 0.0649 0.47 -0.1125
0.7582 -0.0156 -0.5953 -0.2655 0.3797 -0.7148 0.5292 -0.2547 0.7986 -0.0037 -0.5496 0.2454 0.3975 0.4077 -0.7214 -0.3941 0.6183 -0.093 -0.7783 0.0583 0.7079 0.3383 -0.5864 0.2014 0.9197 0.0526 0.3823 0.0721 0.6765 0.4058 -0.5566 0.2606 0.5641 -0.5657 -0.3577 -0.4835 0.873 0.0649 0.47 -0.1125
0.7582 -0.0156 -0.5953 -0.2655 0.3797 -0.7148 0.5292 -0.2547 0.7986 -0.0037 -0.5496 0.2454 0.3975 0.4077 -0.7214 -0.3941 0.6183 -0.093 -0.7783 0.0583 0.7079 0.3383 -0.5864 0.2014 0.9197 0.0526 0.3823 0.0721 0.6765 0.4058 -0.5566 0.2606 0.5641 -0.5657 -0.3577 -0.4835 0.873 0.0649 0.47 -0.1125
0.7582 -0.0156 -0.5953 -0.2655 0.3797 -0.7148 0.5292 -0.2547 0.7986 -0.0037 -0.5496 0.2454 0.3975 0.4077 -0.7214 -0.3941 0.6183 -0.093 -0.7783 0.0583 0.7079 0.3383 -0.5864 0.2014 0.9197 0.0526 0.3823 0.0721 0.6815 0.4034 -0.5723 0.2129 0.5641 -0.5657 -0.3577 -0.4835 0.873 0.0649 0.47 -0.1125
0.7582 -0.0156 -0.5953 -0.2655 0.3797 -0.7148 0.5292 -0.2547 0.7906 0.0034 -0.5605 0.2465 0.3975 0.4077 -0.7214 -0.3941 0.6183 -0.093 -0.7783 0.0583 0.7079 0.3383 -0.5864 0.2014 0.9197 0.0526 0.3823 0.0721 0.6815 0.4034 -0.5723 0.2129 0.5641 -0.5657 -0.3577 -0.4835 0.8805 0.0171 0.4547 -0.1331
0.7582 -0.0156 -0.5953 -0.2655 0.3797 -0.7148 0.5292 -0.2547 0.7906 0.0034 -0.5605 0.2465 0.3975 0.4077 -0.7214 -0.3941 0.6183 -0.093 -0.7783 0.0583 0.7177 0.3409 -0.577 0.1891 0.9197 0.0526 0.3823 0.0721 0.6815 0.4034 -0.5723 0.2129 0.5641 -0.5657 -0.3577 -0.4835 0.8805 0.0171 0.4547 -0.1331
0.7582 -0.0156 -0.5953 -0.2655 0.3814 -0.7254 0.5154 -0.2504 0.7906 0.0034 -0.5605 0.2465 0.3975 0.4077 -0.7214 -0.3941 0.6183 -0.093 -0.7783 0.0583 0.7177 0.3409 -0.577 0.1891 0.9197 0.0526 0.3823 0.0721 0.6815 0.4034 -0.5723 0.2129 0.5641 -0.5657 -0.3577 -0.4835 0.8805 0.0171 0.4547 -0.1331
0.7582 -0.0156 -0.5953 -0.2655 0.3814 -0.7254 0.5154 -0.2504 0.7906 0.0034 -0.5605 0.2465 0.3741 0.4126 -0.7322 -0.3919 0.6243 -0.0831 -0.7762 0.0297 0.7177 0.3409 -0.577 0.1891 0.9197 0.0526 0.3823 0.0721 0.6815 0.4034 -0.5723 0.2129 0.5641 -0.5657 -0.3577 -0.4835 0.8805 0.0171 0.4547 -0.1331
0.7582 -0.0156 -0.5953 -0.2655 0.3814 -0.7254 0.5154 -0.2504 0.7906 0.0034 -0.5605 0.2465 0.3741 0.4126 -0.7322 -0.3919 0.6243 -0.0831 -0.7762 0.0297 0.7177 0.3409 -0.577 0.1891 0.9191 0.0531 0.3839 0.0707 0.6815 0.4034 -0.5723 0.2129 0.5641 -0.5657 -0.3577 -0.4835 0.8805 0.0171 0.4547 -0.1331
0.7582 -0.0156 -0.5953 -0.2655 0.3814 -0.7254 0.5154 -0.2504 0.7906 0.0034 -0.5605 0.2465 0.3741 0.4126 -0.7322 -0.3919 0.6243 -0.0831 -0.7762 0.0297 0.7177 0.3409 -0.577 0.1891 0.9191 0.0531 0.3839 0.0707 0.6815 0.4034 -0.5723 0.2129 0.5641 -0.5657 -0.3577 -0.4835 0.8805 0.0171 0.4547 -0.1331
0.7582 -0.0156 -0.5953 -0.2655 0.3814 -0.7254 0.5154 -0.2504 0.7906 0.0034 -0.5605 0.2465 0.3741 0.4126 -0.7322 -0.3919 0.6243 -0.0831 -0.7762 0.0297 0.7177 0.3409 -0.577 0.1891 0.9191 0.0531 0.3839 0.0707 0.6629 0.4004 -0.5981 0.2063 0.5641 -0.5657 -0.3577 -0.4835 0.8805 0.0171 0.4547 -0.1331
0.7582 -0.0156 -0.5953 -0.2655 0.3814 -0.7254 0.5154 -0.2504 0.7844 -2.0E-4 -0.5762 0.2294 0.3741 0.4126 -0.7322 -0.3919 0.6243 -0.0831 -0.7762 0.0297 0.7177 0.3409 -0.577 0.1891 0.9191 0.0531 0.3839 0.0707 0.6629 0.4004 -0.5981 0.2063 0.5641 -0.5657 -0.3577 -0.4835 0.8935 0.0339 0.4432 -0.0641
0.7582 -0.0156 -0.5953 -0.2655 0.3814 -0.7254 0.5154 -0.2504 0.7844 -2.0E-4 -0.5762 0.2294 0.3741 0.4126 -0.7322 -0.3919 0.6243 -0.0831 -0.7762 0.0297 0.7444 0.3381 -0.5559 0.1499 0.9191 0.0531 0.3839 0.0707 0.6629 0.4004 -0.5981 0.2063 0.5641 -0.5657 -0.3577 -0.4835 0.8935 0.0339 0.4432 -0.0641
0.7582 -0.0156 -0.5953 -0.2655 0.3814 -0.7254 0.5154 -0.2504 0.7844 -2.0E-4 -0.5762 0.2294 0.3741 0.4126 -0.7322 -0.3919 0.6243 -0.0831 -0.7762 0.0297 0.7444 0.3381 -0.5559 0.1499 0.9191 0.0531 0.3839 0.0707 0.6629 0.4004 -0.5981 0.2063 0.5641 -0.5657 -0.3577 -0.4835 0.8935 0.0339 0.4432 -0.0641
0.7586 -0.0121 -0.5824 -0.2919 0.3814 -0.7254 0.5154 -0.2504 0.7844 -2.0E-4 -0.5762 0.2294 0.3741 0.4126 -0.7322 -0.3919 0.6358 -0.0808 -0.7673 0.0227 0.7444 0.3381 -0.5559 0.1499 0.9191 0.0531 0.3839 0.0707 0.6629 0.4004 -0.5981 0.2063 0.5292 -0.6225 -0.3496 -0.4585 0.8935 0.0339 0.4432 -0.0641
0.7586 -0.0121 -0.5824 -0.2919 0.3814 -0.7254 0.5154 -0.2504 0.7844 -2.0E-4 -0.5762 0.2294 0.3741 0.4126 -0.7322 -0.3919 0.6358 -0.0808 -0.7673 0.0227 0.7444 0.3381 -0.5559 0.1499 0.8914 0.077 0.4382 0.086 0.6629 0.4004 -0.5981 0.2063 0.5292 -0.6225 -0.3496 -0.4585 0.8935 0.0339 0.4432 -0.0641
0.7586 -0.0121 -0.5824 -0.2919 0.3814 -0.7254 0.5154 -0.2504 0.7844 -2.0E-4 -0.5762 0.2294 0.3741 0.4126 -0.7322 -0.3919 0.6358 -0.0808 -0.7673 0.0227 0.7444 0.3381 -0.5559 0.1499 0.8914 0.077 0.4382 0.086 0.6629 0.4004 -0.5981 0.2063 0.5292 -0.6225 -0.3496 -0.4585 0.8935 0.0339 0.4432 -0.0641
0.7586 -0.0121 -0.5824 -0.2919 0.3814 -0.7254 0.5154 -0.2504 0.7844 -2.0E-4 -0.5762 0.2294 0.3741 0.4126 -0.7322 -0.3919 0.6358 -0.0808 -0.7673 0.0227 0.7444 0.3381 -0.5559 0.1499 0.8914 0.077 0.4382 0.086 0.6552 0.3788 -0.6225 0.1992 0.5292 -0.6225 -0.3496 -0.4585 0.8935 0.0339 0.4432 -0.0641
0.7586 -0.0121 -0.5824 -0.2919 0.3814 -0.7254 0.5154 -0.2504 0.7844 -2.0E-4 -0.5762 0.2294 0.3741 0.4126 -0.7322 -0.3919 0.6358 -0.0808 -0.7673 0.0227 0.7444 0.3381 -0.5559 0.1499 0.8914 0.077 0.4382 0.086 0.6552 0.3788 -0.6225 0.1992 0.5292 -0.6225 -0.3496 -0.4585 0.8975 0.0248 0.4343 -0.0718
0.7586 -0.0121 -0.5824 -0.2919 0.3814 -0.7254 0.5154 -0.2504 0.7844 -2.0E-4 -0.5762 0.2294 0.3741 0.4126 -0.7322 -0.3919 0.6358 -0.0808 -0.7673 0.0227 0.7444 0.3381 -0.5559 0.1499 0.8914 0.077 0.4382 0.086 0.6552 0.3788 -0.6225 0.1992 0.5292 -0.6225 -0.3496 -0.4585 0.8975 0.0248 0.4343 -0.0718
0.7586 -0.0121 -0.5824 -0.2919 0.3814 -0.7254 0.5154 -0.2504 0.7844 -2.0E-4 -0.5762 0.2294 0.3741 0.4126 -0.7322 -0.3919 0.6358 -0.0808 -0.7673 0.0227 0.7444 0.3381 -0.5559 0.1499 0.8914 0.077 0.4382 0.086 0.6552 0.3788 -0.6225 0.1992 0.5292 -0.6225 -0.3496 -0.4585 0.8975 0.0248 0.4343 -0.0718
0.7609 -0.0093 -0.5778 -0.2952 0.3804 -0.7088 0.523 -0.2818 0.7789 -0.0024 -0.5811 0.2358 0.3589 0.4111 -0.7448 -0.3842 0.6702 -0.1256 -0.7314 0.0111 0.7754 0.3359 -0.524 0.1068 0.8914 0.077 0.4382 0.086 0.6552 0.3788 -0.6225 0.1992 0.5263 -0.6291 -0.3466 -0.4551 0.8975 0.0248 0.4343 -0.0718
0.7609 -0.0093 -0.5778 -0.2952 0.3804 -0.7088 0.523 -0.2818 0.7789 -0.0024 -0.5811 0.2358 0.3589 0.4111 -0.7448 -0.3842 0.6702 -0.1256 -0.7314 0.0111 0.7754 0.3359 -0.524 0.1068 0.8254 0.1157 0.5335 0.1439 0.6552 0.3788 -0.6225 0.1992 0.5263 -0.6291 -0.3466 -0.4551 0.8975 0.0248 0.4343 -0.0718
0.7609 -0.0093 -0.5778 -0.2952 0.3804 -0.7088 0.523 -0.2818 0.7789 -0.0024 -0.5811 0.2358 0.3589 0.4111 -0.7448 -0.3842 0.6702 -0.1256 -0.7314 0.0111 0.7754 0.3359 -0.524 0.1068 0.8254 0.1157 0.5335 0.1439 0.6552 0.3788 -0.6225 0.1992 0.5263 -0.6291 -0.3466 -0.4551 0.8975 0.0248 0.4343 -0.0718
0.7609 -0.0093 -0.5778 -0.2952 0.3804 -0.7088 0.523 -0.2818 0.7789 -0.0024 -0.5811 0.2358 0.3589 0.4111 -0.7448 -0.3842 0.6702 -0.1256 -0.7314 0.0111 0.7754 0.3359 -0.524 0.1068 0.8254 0.1157 0.5335 0.1439 0.6552 0.3788 -0.6225 0.1992 0.5263 -0.6291 -0.3466 -0.4551 0.8975 0.0248 0.4343 -0.0718
0.7609 -0.0093 -0.5778 -0.2952 0.3804 -0.7088 0.523 -0.2818 0.7892 -0.011 -0.5692 0.2303 0.3589 0.4111 -0.7448 -0.3842 0.6702 -0.1256 -0.7314 0.0111 0.7754 0.3359 -0.524 0.1068 0.8254 0.1157 0.5335 0.1439 0.6299 0.3592 -0.6537 0.2163 0.5263 -0.6291 -0.3466 -0.4551 0.8992 0.0175 0.4306 -0.0749
0.7609 -0.0093 -0.5778 -0.2952 0.3804 -0.7088 0.523 -0.2818 0.7892 -0.011 -0.5692 0.2303 0.3589 0.4111 -0.7448 -0.3842 0.6702 -0.1256 -0.7314 0.0111 0.8216 0.2683 -0.4998 0.0563 0.8254 0.1157 0.5335 0.1439 0.6299 0.3592 -0.6537 0.2163 0.5263 -0.6291 -0.3466 -0.4551 0.8992 0.0175 0.4306 -0.0749
0.7609 -0.0093 -0.5778 -0.2952 0.3804 -0.7088 0.523 -0.2818 0.7892 -0.011 -0.5692 0.2303 0.3589 0.4111 -0.7448 -0.3842 0.6702 -0.1256 -0.7314 0.0111 0.8216 0.2683 -0.4998 0.0563 0.8254 0.1157 0.5335 0.1439 0.6299 0.3592 -0.6537 0.2163 0.5271 -0.6314 -0.3619 -0.4387 0.8992 0.0175 0.4306 -0.0749
0.7609 -0.0093 -0.5778 -0.2952 0.3804 -0.7088 0.523 -0.2818 0.7892 -0.011 -0.5692 0.2303 0.3589 0.4111 -0.7448 -0.3842 0.6702 -0.1256 -0.7314 0.0111 0.8216 0.2683 -0.4998 0.0563 0.8254 0.1157 0.5335 0.1439 0.6299 0.3592 -0.6537 0.2163 0.5271 -0.6314 -0.3619 -0.4387 0.8992 0.0175 0.4306 -0.0749
0.7609 -0.0093 -0.5778 -0.2952 0.3804 -0.7088 0.523 -0.2818 0.7892 -0.011 -0.5692 0.2303 0.3662 0.4006 -0.7371 -0.4026 0.7203 -0.1659 -0.6735 5.0E-4 0.8216 0.2683 -0.4998 0.0563 0.8742 0.0507 0.4786 -0.0635 0.6299 0.3592 -0.6537 0.2163 0.5271 -0.6314 -0.3619 -0.4387 0.8992 0.0175 0.4306 -0.0749
0.7609 -0.0093 -0.5778 -0.2952 0.3804 -0.7088 0.523 -0.2818 0.7892 -0.011 -0.5692 0.2303 0.3662 0.4006 -0.7371 -0.4026 0.7203 -0.1659 -0.6735 5.0E-4 0.8216 0.2683 -0.4998 0.0563 0.8742 0.0507 0.4786 -0.0635 0.6299 0.3592 -0.6537 0.2163 0.5271 -0.6314 -0.3619 -0.4387 0.8992 0.0175 0.4306 -0.0749
0.7609 -0.0093 -0.5778 -0.2952 0.3804 -0.7088 0.523 -0.2818 0.7892 -0.011 -0.5692 0.2303 0.3662 0.4006 -0.7371 -0.4026 0.7203 -0.1659 -0.6735 5.0E-4 0.8216 0.2683 -0.4998 0.0563 0.8742 0.0507 0.4786 -0.0635 0.6299 0.3592 -0.6537 0.2163 0.5271 -0.6314 -0.3619 -0.4387 0.8992 0.0175 0.4306 -0.0749
0.7609 -0.0093 -0.5778 -0.2952 0.3804 -0.7088 0.523 -0.2818 0.7979 -0.0129 -0.5583 0.2269 0.3662 0.4006 -0.7371 -0.4026 0.7203 -0.1659 -0.6735 5.0E-4 0.8216 0.2683 -0.4998 0.0563 0.8742 0.0507 0.4786 -0.0635 0.6183 0.3651 -0.6613 0.2172 0.5271 -0.6314 -0.3619 -0.4387 0.9006 0.0173 0.4278 -0.0755
0.7609 -0.0093 -0.5778 -0.2952 0.3804 -0.7088 0.523 -0.2818 0.7979 -0.0129 -0.5583 0.2269 0.3662 0.4006 -0.7371 -0.4026 0.7203 -0.1659 -0.6735 5.0E-4 0.8216 0.2683 -0.4998 0.0563 0.8742 0.0507 0.4786 -0.0635 0.6183 0.3651 -0.6613 0.2172 0.5271 -0.6314 -0.3619 -0.4387 0.9006 0.0173 0.4278 -0.0755
0.7609 -0.0093 -0.5778 -0.2952 0.3804 -0.7088 0.523 -0.2818 0.7979 -0.0129 -0.5583 0.2269 0.3662 0.4006 -0.7371 -0.4026 0.7203 -0.1659 -0.6735 5.0E-4 0.8216 0.2683 -0.4998 0.0563 0.8742 0.0507 0.4786 -0.0635 0.6183 0.3651 -0.6613 0.2172 0.5271 -0.6314 -0.3619 -0.4387 0.9006 0.0173 0.4278 -0.0755
0.7476 -0.0242 -0.5842 -0.3151 0.3705 -0.6907 0.5457 -0.2963 0.7979 -0.0129 -0.5583 0.2269 0.3679 0.3916 -0.7344 -0.4147 0.7418 -0.2321 -0.6292 -0.001 0.8265 0.1778 -0.5292 0.0729 0.8742 0.0507 0.4786 -0.0635 0.6183 0.3651 -0.6613 0.2172 0.5374 -0.6494 -0.3386 -0.4182 0.9006 0.0173 0.4278 -0.0755
0.7476 -0.0242 -0.5842 -0.3151 0.3705 -0.6907 0.5457 -0.2963 0.7979 -0.0129 -0.5583 0.2269 0.3679 0.3916 -0.7344 -0.4147 0.7418 -0.2321 -0.6292 -0.001 0.8265 0.1778 -0.5292 0.0729 0.9095 0.0476 0.4095 -0.0539 0.6183 0.3651 -0.6613 0.2172 0.5374 -0.6494 -0.3386 -0.4182 0.9006 0.0173 0.4278 -0.0755
0.7476 -0.0242 -0.5842 -0.3151 0.3705 -0.6907 0.5457 -0.2963 0.7979 -0.0129 -0.5583 0.2269 0.3679 0.3916 -0.7344 -0.4147 0.7418 -0.2321 -0.6292 -0.001 0.8265 0.1778 -0.5292 0.0729 0.9095 0.0476 0.4095 -0.0539 0.6183 0.3651 -0.6613 0.2172 0.5374 -0.6494 -0.3386 -0.4182 0.9006 0.0173 0.4278 -0.0755
0.7476 -0.0242 -0.5842 -0.3151 0.3705 -0.6907 0.5457 -0.2963 0.7979 -0.0129 -0.5583 0.2269 0.3679 0.3916 -0.7344 -0.4147 0.7418 -0.2321 -0.6292 -0.001 0.8265 0.1778 -0.5292 0.0729 0.9095 0.0476 0.4095 -0.0539 0.6205 0.3564 -0.6678 0.2048 0.5374 -0.6494 -0.3386 -0.4182 0.9006 0.0173 0.4278 -0.0755
0.7476 -0.0242 -0.5842 -0.3151 0.3705 -0.6907 0.5457 -0.2963 0.7999 -0.0305 -0.5632 0.2053 0.3679 0.3916 -0.7344 -0.4147 0.7418 -0.2321 -0.6292 -0.001 0.8265 0.1778 -0.5292 0.0729 0.9095 0.0476 0.4095 -0.0539 0.6205 0.3564 -0.6678 0.2048 0.5374 -0.6494 -0.3386 -0.4182 0.9055 0.0278 0.4185 -0.0646
0.7476 -0.0242 -0.5842 -0.3151 0.3705 -0.6907 0.5457 -0.2963 0.7999 -0.0305 -0.5632 0.2053 0.3679 0.3916 -0.7344 -0.4147 0.7418 -0.2321 -0.6292 -0.001 0.8265 0.1778 -0.5292 0.0729 0.9095 0.0476 0.4095 -0.0539 0.6205 0.3564 -0.6678 0.2048 0.5374 -0.6494 -0.3386 -0.4182 0.9055 0.0278 0.4185 -0.0646
0.7476 -0.0242 -0.5842 -0.3151 0.3705 -0.6907 0.5457 -0.2963 0.7999 -0.0305 -0.5632 0.2053 0.3679 0.3916 -0.7344 -0.4147 0.7418 -0.2321 -0.6292 -0.001 0.8265 0.1778 -0.5292 0.0729 0.9095 0.0476 0.4095 -0.0539 0.6205 0.3564 -0.6678 0.2048 0.5374 -0.6494 -0.3386 -0.4182 0.9055 0.0278 0.4185 -0.0646
0.7325 -0.0384 -0.5838 -0.3479 0.3705 -0.6907 0.5457 -0.2963 0.7999 -0.0305 -0.5632 0.2053 0.3592 0.3687 -0.7515 -0.4127 0.7222 -0.2465 -0.645 0.0414 0.8265 0.1778 -0.5292 0.0729 0.9095 0.0476 0.4095 -0.0539 0.6205 0.3564 -0.6678 0.2048 0.5342 -0.663 -0.3189 -0.4165 0.9055 0.0278 0.4185 -0.0646
0.7325 -0.0384 -0.5838 -0.3479 0.3705 -0.6907 0.5457 -0.2963 0.7999 -0.0305 -0.5632 0.2053 0.3592 0.3687 -0.7515 -0.4127 0.7222 -0.2465 -0.645 0.0414 0.8265 0.1778 -0.5292 0.0729 0.924 0.0483 0.3757 0.0526 0.6205 0.3564 -0.6678 0.2048 0.5342 -0.663 -0.3189 -0.4165 0.9055 0.0278 0.4185 -0.0646
0.7325 -0.0384 -0.5838 -0.3479 0.3705 -0.6907 0.5457 -0.2963 0.7999 -0.0305 -0.5632 0.2053 0.3592 0.3687 -0.7515 -0.4127 0.7222 -0.2465 -0.645 0.0414 0.8265 0.1778 -0.5292 0.0729 0.924 0.0483 0.3757 0.0526 0.6205 0.3564 -0.6678 0.2048 0.5342 -0.663 -0.3189 -0.4165 0.9055 0.0278 0.4185 -0.0646
0.7325 -0.0384 -0.5838 -0.3479 0.3705 -0.6907 0.5457 -0.2963 0.7999 -0.0305 -0.5632 0.2053 0.3592 0.3687 -0.7515 -0.4127 0.7222 -0.2465 -0.645 0.0414 0.8265 0.1778 -0.5292 0.0729 0.924 0.0483 0.3757 0.0526 0.616 0.3527 -0.6725 0.2094 0.5342 -0.663 -0.3189 -0.4165 0.9055 0.0278 0.4185 -0.0646
0.7325 -0.0384 -0.5838 -0.3479 0.3705 -0.6907 0.5457 -0.2963 0.8001 -0.0533 -0.5676 0.1866 0.3592 0.3687 -0.7515 -0.4127 0.7222 -0.2465 -0.645 0.0414 0.8265 0.1778 -0.5292 0.0729 0.924 0.0483 0.3757 0.0526 0.616 0.3527 -0.6725 0.2094 0.5342 -0.663 -0.3189 -0.4165 0.8936 0.0416 0.4435 -0.0561
0.7325 -0.0384 -0.5838 -0.3479 0.3705 -0.6907 0.5457 -0.2963 0.8001 -0.0533 -0.5676 0.1866 0.3592 0.3687 -0.7515 -0.4127 0.7222 -0.2465 -0.645 0.0414 0.8265 0.1778 -0.5292 0.0729 0.924 0.0483 0.3757 0.0526 0.616 0.3527 -0.6725 0.2094 0.5342 -0.663 -0.3189 -0.4165 0.8936 0.0416 0.4435 -0.0561
0.7263 -0.0345 -0.587 -0.3559 0.3358 -0.6888 0.5629 -0.3097 0.8001 -0.0533 -0.5676 0.1866 0.3592 0.3687 -0.7515 -0.4127 0.7222 -0.2465 -0.645 0.0414 0.8265 0.1778 -0.5292 0.0729 0.924 0.0483 0.3757 0.0526 0.616 0.3527 -0.6725 0.2094 0.5342 -0.663 -0.3189 -0.4165 0.8936 0.0416 0.4435 -0.0561
0.7263 -0.0345 -0.587 -0.3559 0.3358 -0.6888 0.5629 -0.3097 0.8001 -0.0533 -0.5676 0.1866 0.3483 0.3522 -0.764 -0.4135 0.6898 -0.1991 -0.6841 0.1282 0.8265 0.1778 -0.5292 0.0729 0.8821 0.0223 0.4277 0.1962 0.616 0.3527 -0.6725 0.2094 0.5342 -0.663 -0.3189 -0.4165 0.8936 0.0416 0.4435 -0.0561
0.7263 -0.0345 -0.587 -0.3559 0.3358 -0.6888 0.5629 -0.3097 0.8001 -0.0533 -0.5676 0.1866 0.3483 0.3522 -0.764 -0.4135 0.6898 -0.1991 -0.6841 0.1282 0.8265 0.1778 -0.5292 0.0729 0.8821 0.0223 0.4277 0.1962 0.616 0.3527 -0.6725 0.2094 0.5342 -0.663 -0.3189 -0.4165 0.8936 0.0416 0.4435 -0.0561
0.7263 -0.0345 -0.587 -0.3559 0.3358 -0.6888 0.5629 -0.3097 0.8001 -0.0533 -0.5676 0.1866 0.3483 0.3522 -0.764 -0.4135 0.6898 -0.1991 -0.6841 0.1282 0.8265 0.1778 -0.5292 0.0729 0.8821 0.0223 0.4277 0.1962 0.616 0.3527 -0.6725 0.2094 0.5342 -0.663 -0.3189 -0.4165 0.8936 0.0416 0.4435 -0.0561
0.7263 -0.0345 -0.587 -0.3559 0.3358 -0.6888 0.5629 -0.3097 0.8001 -0.0533 -0.5676 0.1866 0.3483 0.3522 -0.764 -0.4135 0.6898 -0.1991 -0.6841 0.1282 0.8265 0.1778 -0.5292 0.0729 0.8821 0.0223 0.4277 0.1962 0.616 0.3527 -0.6725 0.2094 0.5342 -0.663 -0.3189 -0.4165 0.8936 0.0416 0.4435 -0.0561
0.7263 -0.0345 -0.587 -0.3559 0.3358 -0.6888 0.5629 -0.3097 0.8049 -0.0477 -0.5582 0.1956 0.3483 0.3522 -0.764 -0.4135 0.6898 -0.1991 -0.6841 0.1282 0.8265 0.1778 -0.5292 0.0729 0.8821 0.0223 0.4277 0.1962 0.6091 0.3611 -0.6636 0.2415 0.5342 -0.663 -0.3189 -0.4165 0.8807 0.0429 0.4688 -0.0532
0.7263 -0.0345 -0.587 -0.3559 0.3358 -0.6888 0.5629 -0.3097 0.8049 -0.0477 -0.5582 0.1956 0.3483 0.3522 -0.764 -0.4135 0.6898 -0.1991 -0.6841 0.1282 0.8265 0.1778 -0.5292 0.0729 0.8821 0.0223 0.4277 0.1962 0.6091 0.3611 -0.6636 0.2415 0.5342 -0.663 -0.3189 -0.4165 0.8807 0.0429 0.4688 -0.0532
0.7263 -0.0345 -0.587 -0.3559 0.3425 -0.7045 0.5526 -0.2846 0.8049 -0.0477 -0.5582 0.1956 0.3483 0.3522 -0.764 -0.4135 0.6898 -0.1991 -0.6841 0.1282 0.8265 0.1778 -0.5292 0.0729 0.8821 0.0223 0.4277 0.1962 0.6091 0.3611 -0.6636 0.2415 0.5342 -0.663 -0.3189 -0.4165 0.8807 0.0429 0.4688 -0.0532
0.7263 -0.0345 -0.587 -0.3559 0.3425 -0.7045 0.5526 -0.2846 0.8049 -0.0477 -0.5582 0.1956 0.3483 0.3522 -0.764 -0.4135 0.6503 -0.1317 -0.7242 0.1879 0.8265 0.1778 -0.5292 0.0729 0.8821 0.0223 0.4277 0.1962 0.6091 0.3611 -0.6636 0.2415 0.5342 -0.663 -0.3189 -0.4165 0.8807 0.0429 0.4688 -0.0532
0.7263 -0.0345 -0.587 -0.3559 0.3425 -0.7045 0.5526 -0.2846 0.8049 -0.0477 -0.5582 0.1956 0.3483 0.3522 -0.764 -0.4135 0.6503 -0.1317 -0.7242 0.1879 0.8265 0.1778 -0.5292 0.0729 0.9005 -0.0193 0.3906 0.1902 0.6091 0.3611 -0.6636 0.2415 0.5342 -0.663 -0.3189 -0.4165 0.8807 0.0429 0.4688 -0.0532
0.7263 -0.0345 -0.587 -0.3559 0.3425 -0.7045 0.5526 -0.2846 0.8049 -0.0477 -0.5582 0.1956 0.3483 0.3522 -0.764 -0.4135 0.6503 -0.1317 -0.7242 0.1879 0.8265 0.1778 -0.5292 0.0729 0.9005 -0.0193 0.3906 0.1902 0.6091 0.3611 -0.6636 0.2415 0.5342 -0.663 -0.3189 -0.4165 0.8807 0.0429 0.4688 -0.0532
0.7263 -0.0345 -0.587 -0.3559 0.3425 -0.7045 0.5526 -0.2846 0.8049 -0.0477 -0.5582 0.1956 0.3483 0.3522 -0.764 -0.4135 0.6503 -0.1317 -0.7242 0.1879 0.8265 0.1778 -0.5292 0.0729 0.9005 -0.0193 0.3906 0.1902 0.6074 0.3637 -0.6483 0.2803 0.5342 -0.663 -0.3189 -0.4165 0.8807 0.0429 0.4688 -0.0532
0.7263 -0.0345 -0.587 -0.3559 0.3425 -0.7045 0.5526 -0.2846 0.8049 -0.0477 -0.5582 0.1956 0.3483 0.3522 -0.764 -0.4135 0.6503 -0.1317 -0.7242 0.1879 0.8265 0.1778 -0.5292 0.0729 0.9005 -0.0193 0.3906 0.1902 0.6074 0.3637 -0.6483 0.2803 0.5342 -0.663 -0.3189 -0.4165 0.8807 0.0429 0.4688 -0.0532
0.7263 -0.0345 -0.587 -0.3559 0.3425 -0.7045 0.5526 -0.2846 0.8052 -0.0297 -0.5529 0.2123 0.3483 0.3522 -0.764 -0.4135 0.6503 -0.1317 -0.7242 0.1879 0.8265 0.1778 -0.5292 0.0729 0.9005 -0.0193 0.3906 0.1902 0.6074 0.3637 -0.6483 0.2803 0.5342 -0.663 -0.3189 -0.4165 0.8807 0.0429 0.4688 -0.0532
0.7263 -0.0345 -0.587 -0.3559 0.3425 -0.7045 0.5526 -0.2846 0.8052 -0.0297 -0.5529 0.2123 0.3483 0.3522 -0.764 -0.4135 0.6503 -0.1317 -0.7242 0.1879 0.8265 0.1778 -0.5292 0.0729 0.9005 -0.0193 0.3906 0.1902 0.6074 0.3637 -0.6483 0.2803 0.5342 -0.663 -0.3189 -0.4165 0.8807 0.0429 0.4688 -0.0532
0.7387 -0.0315 -0.6069 -0.2916 0.3425 -0.7045 0.5526 -0.2846 0.8052 -0.0297 -0.5529 0.2123 0.371 0.3763 -0.7435 -0.4097 0.6305 -0.1093 -0.7476 0.1782 0.8265 0.1778 -0.5292 0.0729 0.9005 -0.0193 0.3906 0.1902 0.6074 0.3637 -0.6483 0.2803 0.6264 -0.64 -0.288 -0.3392 0.8807 0.0429 0.4688 -0.0532
0.7387 -0.0315 -0.6069 -0.2916 0.3425 -0.7045 0.5526 -0.2846 0.8052 -0.0297 -0.5529 0.2123 0.371 0.3763 -0.7435 -0.4097 0.6305 -0.1093 -0.7476 0.1782 0.8265 0.1778 -0.5292 0.0729 0.9131 -0.0062 0.3578 0.1949 0.6074 0.3637 -0.6483 0.2803 0.6264 -0.64 -0.288 -0.3392 0.8807 0.0429 0.4688 -0.0532
0.7387 -0.0315 -0.6069 -0.2916 0.3425 -0.7045 0.5526 -0.2846 0.8052 -0.0297 -0.5529 0.2123 0.371 0.3763 -0.7435 -0.4097 0.6305 -0.1093 -0.7476 0.1782 0.8265 0.1778 -0.5292 0.0729 0.9131 -0.0062 0.3578 0.1949 0.6074 0.3637 -0.6483 0.2803 0.6264 -0.64 -0.288 -0.3392 0.8807 0.0429 0.4688 -0.0532
0.7387 -0.0315 -0.6069 -0.2916 0.3425 -0.7045 0.5526 -0.2846 0.8052 -0.0297 -0.5529 0.2123 0.371 0.3763 -0.7435 -0.4097 0.6305 -0.1093 -0.7476 0.1782 0.8265 0.1778 -0.5292 0.0729 0.9131 -0.0062 0.3578 0.1949 0.629 0.3672 -0.621 0.2896 0.6264 -0.64 -0.288 -0.3392 0.8807 0.0429 0.4688 -0.0532
0.7387 -0.0315 -0.6069 -0.2916 0.3425 -0.7045 0.5526 -0.2846 0.8055 -0.0312 -0.5547 0.2062 0.371 0.3763 -0.7435 -0.4097 0.6305 -0.1093 -0.7476 0.1782 0.8265 0.1778 -0.5292 0.0729 0.9131 -0.0062 0.3578 0.1949 0.629 0.3672 -0.621 0.2896 0.6264 -0.64 -0.288 -0.3392 0.7975 -0.0268 0.59 -0.1227
0.7387 -0.0315 -0.6069 -0.2916 0.3568 -0.7127 0.5463 -0.2576 0.8055 -0.0312 -0.5547 0.2062 0.371 0.3763 -0.7435 -0.4097 0.6305 -0.1093 -0.7476 0.1782 0.8265 0.1778 -0.5292 0.0729 0.9131 -0.0062 0.3578 0.1949 0.629 0.3672 -0.621 0.2896 0.6264 -0.64 -0.288 -0.3392 0.7975 -0.0268 0.59 -0.1227
0.7387 -0.0315 -0.6069 -0.2916 0.3568 -0.7127 0.5463 -0.2576 0.8055 -0.0312 -0.5547 0.2062 0.371 0.3763 -0.7435 -0.4097 0.6305 -0.1093 -0.7476 0.1782 0.8265 0.1778 -0.5292 0.0729 0.9131 -0.0062 0.3578 0.1949 0.629 0.3672 -0.621 0.2896 0.6264 -0.64 -0.288 -0.3392 0.7975 -0.0268 0.59 -0.1227
0.7387 -0.0315 -0.6069 -0.2916 0.3568 -0.7127 0.5463 -0.2576 0.8055 -0.0312 -0.5547 0.2062 0.371 0.3763 -0.7435 -0.4097 0.6207 -0.0845 -0.7617 0.1656 0.8265 0.1778 -0.5292 0.0729 0.9131 -0.0062 0.3578 0.1949 0.629 0.3672 -0.621 0.2896 0.6264 -0.64 -0.288 -0.3392 0.7975 -0.0268 0.59 -0.1227
0.7387 -0.0315 -0.6069 -0.2916 0.3568 -0.7127 0.5463 -0.2576 0.8055 -0.0312 -0.5547 0.2062 0.371 0.3763 -0.7435 -0.4097 0.6207 -0.0845 -0.7617 0.1656 0.8265 0.1778 -0.5292 0.0729 0.9127 -0.0045 0.3585 0.1961 0.629 0.3672 -0.621 0.2896 0.6264 -0.64 -0.288 -0.3392 0.7975 -0.0268 0.59 -0.1227
0.7387 -0.0315 -0.6069 -0.2916 0.3568 -0.7127 0.5463 -0.2576 0.8055 -0.0312 -0.5547 0.2062 0.371 0.3763 -0.7435 -0.4097 0.6207 -0.0845 -0.7617 0.1656 0.8265 0.1778 -0.5292 0.0729 0.9127 -0.0045 0.3585 0.1961 0.629 0.3672 -0.621 0.2896 0.6264 -0.64 -0.288 -0.3392 0.7975 -0.0268 0.59 -0.1227
0.7387 -0.0315 -0.6069 -0.2916 0.3568 -0.7127 0.5463 -0.2576 0.8055 -0.0312 -0.5547 0.2062 0.371 0.3763 -0.7435 -0.4097 0.6207 -0.0845 -0.7617 0.1656 0.8265 0.1778 -0.5292 0.0729 0.9127 -0.0045 0.3585 0.1961 0.6654 0.3781 -0.5959 0.2432 0.6264 -0.64 -0.288 -0.3392 0.7975 -0.0268 0.59 -0.1227
0.7387 -0.0315 -0.6069 -0.2916 0.3568 -0.7127 0.5463 -0.2576 0.8068 -0.0053 -0.5409 0.2375 0.371 0.3763 -0.7435 -0.4097 0.6207 -0.0845 -0.7617 0.1656 0.8265 0.1778 -0.5292 0.0729 0.9127 -0.0045 0.3585 0.1961 0.6654 0.3781 -0.5959 0.2432 0.6264 -0.64 -0.288 -0.3392 0.7666 0.0067 0.6182 -0.1735
0.7387 -0.0315 -0.6069 -0.2916 0.3568 -0.7127 0.5463 -0.2576 0.8068 -0.0053 -0.5409 0.2375 0.371 0.3763 -0.7435 -0.4097 0.6207 -0.0845 -0.7617 0.1656 0.8265 0.1778 -0.5292 0.0729 0.9127 -0.0045 0.3585 0.1961 0.6654 0.3781 -0.5959 0.2432 0.6264 -0.64 -0.288 -0.3392 0.7666 0.0067 0.6182 -0.1735
0.7387 -0.0315 -0.6069 -0.2916 0.3589 -0.7147 0.5442 -0.2534 0.8068 -0.0053 -0.5409 0.2375 0.371 0.3763 -0.7435 -0.4097 0.6207 -0.0845 -0.7617 0.1656 0.7048 0.4037 -0.4858 0.3229 0.9127 -0.0045 0.3585 0.1961 0.6654 0.3781 -0.5959 0.2432 0.6423 -0.629 -0.2242 -0.3763 0.7666 0.0067 0.6182 -0.1735
0.7387 -0.0315 -0.6069 -0.2916 0.3589 -0.7147 0.5442 -0.2534 0.8068 -0.0053 -0.5409 0.2375 0.371 0.3763 -0.7435 -0.4097 0.6149 -0.064 -0.7728 0.1436 0.7048 0.4037 -0.4858 0.3229 0.9127 -0.0045 0.3585 0.1961 0.6654 0.3781 -0.5959 0.2432 0.6423 -0.629 -0.2242 -0.3763 0.7666 0.0067 0.6182 -0.1735
0.7387 -0.0315 -0.6069 -0.2916 0.3589 -0.7147 0.5442 -0.2534 0.8068 -0.0053 -0.5409 0.2375 0.371 0.3763 -0.7435 -0.4097 0.6149 -0.064 -0.7728 0.1436 0.7048 0.4037 -0.4858 0.3229 0.9124 -0.0065 0.3604 0.1938 0.6654 0.3781 -0.5959 0.2432 0.6423 -0.629 -0.2242 -0.3763 0.7666 0.0067 0.6182 -0.1735
0.7387 -0.0315 -0.6069 -0.2916 0.3589 -0.7147 0.5442 -0.2534 0.8068 -0.0053 -0.5409 0.2375 0.371 0.3763 -0.7435 -0.4097 0.6149 -0.064 -0.7728 0.1436 0.7048 0.4037 -0.4858 0.3229 0.9124 -0.0065 0.3604 0.1938 0.6654 0.3781 -0.5959 0.2432 0.6423 -0.629 -0.2242 -0.3763 0.7666 0.0067 0.6182 -0.1735
0.7387 -0.0315 -0.6069 -0.2916 0.3589 -0.7147 0.5442 -0.2534 0.8068 -0.0053 -0.5409 0.2375 0.371 0.3763 -0.7435 -0.4097 0.6149 -0.064 -0.7728 0.1436 0.7048 0.4037 -0.4858 0.3229 0.9124 -0.0065 0.3604 0.1938 0.6943 0.3863 -0.5715 0.2053 0.6423 -0.629 -0.2242 -0.3763 0.7666 0.0067 0.6182 -0.1735
0.7387 -0.0315 -0.6069 -0.2916 0.3589 -0.7147 0.5442 -0.2534 0.8068 -0.0053 -0.5409 0.2375 0.371 0.3763 -0.7435 -0.4097 0.6149 -0.064 -0.7728 0.1436 0.7048 0.4037 -0.4858 0.3229 0.9124 -0.0065 0.3604 0.1938 0.6943 0.3863 -0.5715 0.2053 0.6423 -0.629 -0.2242 -0.3763 0.7666 0.0067 0.6182 -0.1735
0.7387 -0.0315 -0.6069 -0.2916 0.3589 -0.7147 0.5442 -0.2534 0.8063 0.007 -0.5348 0.2526 0.371 0.3763 -0.7435 -0.4097 0.6149 -0.064 -0.7728 0.1436 0.7048 0.4037 -0.4858 0.3229 0.9124 -0.0065 0.3604 0.1938 0.6943 0.3863 -0.5715 0.2053 0.6423 -0.629 -0.2242 -0.3763 0.861 0.0692 0.4915 -0.1106
0.7387 -0.0315 -0.6069 -0.2916 0.3664 -0.7217 0.5307 -0.2515 0.8063 0.007 -0.5348 0.2526 0.371 0.3763 -0.7435 -0.4097 0.6149 -0.064 -0.7728 0.1436 0.7049 0.4078 -0.4952 0.3026 0.9124 -0.0065 0.3604 0.1938 0.6943 0.3863 -0.5715 0.2053 0.6423 -0.629 -0.2242 -0.3763 0.861 0.0692 0.4915 -0.1106
0.7387 -0.0315 -0.6069 -0.2916 0.3664 -0.7217 0.5307 -0.2515 0.8063 0.007 -0.5348 0.2526 0.371 0.3763 -0.7435 -0.4097 0.6149 -0.064 -0.7728 0.1436 0.7049 0.4078 -0.4952 0.3026 0.9124 -0.0065 0.3604 0.1938 0.6943 0.3863 -0.5715 0.2053 0.6423 -0.629 -0.2242 -0.3763 0.861 0.0692 0.4915 -0.1106
0.7387 -0.0315 -0.6069 -0.2916 0.3664 -0.7217 0.5307 -0.2515 0.8063 0.007 -0.5348 0.2526 0.4097 0.416 -0.7009 -0.4096 0.6197 -0.0637 -0.7747 0.1086 0.7049 0.4078 -0.4952 0.3026 0.9063 -0.0049 0.3768 0.1913 0.6943 0.3863 -0.5715 0.2053 0.6423 -0.629 -0.2242 -0.3763 0.861 0.0692 0.4915 -0.1106
0.7387 -0.0315 -0.6069 -0.2916 0.3664 -0.7217 0.5307 -0.2515 0.8063 0.007 -0.5348 0.2526 0.4097 0.416 -0.7009 -0.4096 0.6197 -0.0637 -0.7747 0.1086 0.7049 0.4078 -0.4952 0.3026 0.9063 -0.0049 0.3768 0.1913 0.6943 0.3863 -0.5715 0.2053 0.6423 -0.629 -0.2242 -0.3763 0.861 0.0692 0.4915 -0.1106
0.7387 -0.0315 -0.6069 -0.2916 0.3664 -0.7217 0.5307 -0.2515 0.8063 0.007 -0.5348 0.2526 0.4097 0.416 -0.7009 -0.4096 0.6197 -0.0637 -0.7747 0.1086 0.7049 0.4078 -0.4952 0.3026 0.9063 -0.0049 0.3768 0.1913 0.6943 0.3863 -0.5715 0.2053 0.6423 -0.629 -0.2242 -0.3763 0.861 0.0692 0.4915 -0.1106
0.7387 -0.0315 -0.6069 -0.2916 0.3664 -0.7217 0.5307 -0.2515 0.8059 0.0088 -0.5398 0.243 0.4097 0.416 -0.7009 -0.4096 0.6197 -0.0637 -0.7747 0.1086 0.7049 0.4078 -0.4952 0.3026 0.9063 -0.0049 0.3768 0.1913 0.6913 0.4007 -0.5663 0.2021 0.6423 -0.629 -0.2242 -0.3763 0.8993 0.0734 0.4232 -0.0823
0.7387 -0.0315 -0.6069 -0.2916 0.37 -0.7098 0.5389 -0.2624 0.8059 0.0088 -0.5398 0.243 0.4097 0.416 -0.7009 -0.4096 0.6197 -0.0637 -0.7747 0.1086 0.7049 0.4078 -0.4952 0.3026 0.9063 -0.0049 0.3768 0.1913 0.6913 0.4007 -0.5663 0.2021 0.6423 -0.629 -0.2242 -0.3763 0.8993 0.0734 0.4232 -0.0823
0.7387 -0.0315 -0.6069 -0.2916 0.37 -0.7098 0.5389 -0.2624 0.8059 0.0088 -0.5398 0.243 0.4097 0.416 -0.7009 -0.4096 0.6197 -0.0637 -0.7747 0.1086 0.7283 0.4023 -0.4948 0.2507 0.9063 -0.0049 0.3768 0.1913 0.6913 0.4007 -0.5663 0.2021 0.5478 -0.5684 -0.3735 -0.4871 0.8993 0.0734 0.4232 -0.0823
0.7387 -0.0315 -0.6069 -0.2916 0.37 -0.7098 0.5389 -0.2624 0.8059 0.0088 -0.5398 0.243 0.4097 0.416 -0.7009 -0.4096 0.6349 -0.0881 -0.764 0.0739 0.7283 0.4023 -0.4948 0.2507 0.9063 -0.0049 0.3768 0.1913 0.6913 0.4007 -0.5663 0.2021 0.5478 -0.5684 -0.3735 -0.4871 0.8993 0.0734 0.4232 -0.0823
0.7387 -0.0315 -0.6069 -0.2916 0.37 -0.7098 0.5389 -0.2624 0.8059 0.0088 -0.5398 0.243 0.4097 0.416 -0.7009 -0.4096 0.6349 -0.0881 -0.764 0.0739 0.7283 0.4023 -0.4948 0.2507 0.8863 0.008 0.4238 0.1868 0.6913 0.4007 -0.5663 0.2021 0.5478 -0.5684 -0.3735 -0.4871 0.8993 0.0734 0.4232 -0.0823
0.7387 -0.0315 -0.6069 -0.2916 0.37 -0.7098 0.5389 -0.2624 0.8059 0.0088 -0.5398 0.243 0.4097 0.416 -0.7009 -0.4096 0.6349 -0.0881 -0.764 0.0739 0.7283 0.4023 -0.4948 0.2507 0.8863 0.008 0.4238 0.1868 0.6913 0.4007 -0.5663 0.2021 0.5478 -0.5684 -0.3735 -0.4871 0.8993 0.0734 0.4232 -0.0823
0.7387 -0.0315 -0.6069 -0.2916 0.37 -0.7098 0.5389 -0.2624 0.8059 0.0088 -0.5398 0.243 0.4097 0.416 -0.7009 -0.4096 0.6349 -0.0881 -0.764 0.0739 0.7283 0.4023 -0.4948 0.2507 0.8863 0.008 0.4238 0.1868 0.6954 0.3741 -0.592 0.1614 0.5478 -0.5684 -0.3735 -0.4871 0.8993 0.0734 0.4232 -0.0823
0.7387 -0.0315 -0.6069 -0.2916 0.37 -0.7098 0.5389 -0.2624 0.8079 -0.0055 -0.55 0.2113 0.4097 0.416 -0.7009 -0.4096 0.6349 -0.0881 -0.764 0.0739 0.7283 0.4023 -0.4948 0.2507 0.8863 0.008 0.4238 0.1868 0.6954 0.3741 -0.592 0.1614 0.5478 -0.5684 -0.3735 -0.4871 0.9104 0.0627 0.4012 -0.0795
0.7387 -0.0315 -0.6069 -0.2916 0.37 -0.7098 0.5389 -0.2624 0.8079 -0.0055 -0.55 0.2113 0.4097 0.416 -0.7009 -0.4096 0.6349 -0.0881 -0.764 0.0739 0.7283 0.4023 -0.4948 0.2507 0.8863 0.008 0.4238 0.1868 0.6954 0.3741 -0.592 0.1614 0.5478 -0.5684 -0.3735 -0.4871 0.9104 0.0627 0.4012 -0.0795
0.7387 -0.0315 -0.6069 -0.2916 0.37 -0.7098 0.5389 -0.2624 0.8079 -0.0055 -0.55 0.2113 0.4097 0.416 -0.7009 -0.4096 0.6349 -0.0881 -0.764 0.0739 0.7283 0.4023 -0.4948 0.2507 0.8863 0.008 0.4238 0.1868 0.6954 0.3741 -0.592 0.1614 0.5478 -0.5684 -0.3735 -0.4871 0.9104 0.0627 0.4012 -0.0795
0.7467 -0.0407 -0.5979 -0.2886 0.37 -0.7098 0.5389 -0.2624 0.8079 -0.0055 -0.55 0.2113 0.3751 0.3904 -0.7251 -0.4257 0.6562 -0.1117 -0.7448 0.0477 0.7283 0.4023 -0.4948 0.2507 0.8505 0.0279 0.489 0.1921 0.6954 0.3741 -0.592 0.1614 0.5402 -0.6117 -0.3192 -0.4819 0.9104 0.0627 0.4012 -0.0795
0.7467 -0.0407 -0.5979 -0.2886 0.37 -0.7098 0.5389 -0.2624 0.8079 -0.0055 -0.55 0.2113 0.3751 0.3904 -0.7251 -0.4257 0.6562 -0.1117 -0.7448 0.0477 0.7283 0.4023 -0.4948 0.2507 0.8505 0.0279 0.489 0.1921 0.6954 0.3741 -0.592 0.1614 0.5402 -0.6117 -0.3192 -0.4819 0.9104 0.0627 0.4012 -0.0795
0.7467 -0.0407 -0.5979 -0.2886 0.37 -0.7098 0.5389 -0.2624 0.8079 -0.0055 -0.55 0.2113 0.3751 0.3904 -0.7251 -0.4257 0.6562 -0.1117 -0.7448 0.0477 0.7283 0.4023 -0.4948 0.2507 0.8505 0.0279 0.489 0.1921 0.6954 0.3741 -0.592 0.1614 0.5402 -0.6117 -0.3192 -0.4819 0.9104 0.0627 0.4012 -0.0795
0.7467 -0.0407 -0.5979 -0.2886 0.37 -0.7098 0.5389 -0.2624 0.8079 -0.0055 -0.55 0.2113 0.3751 0.3904 -0.7251 -0.4257 0.6562 -0.1117 -0.7448 0.0477 0.7283 0.4023 -0.4948 0.2507 0.8505 0.0279 0.489 0.1921 0.6954 0.3741 -0.592 0.1614 0.5402 -0.6117 -0.3192 -0.4819 0.9104 0.0627 0.4012 -0.0795
0.7467 -0.0407 -0.5979 -0.2886 0.37 -0.7098 0.5389 -0.2624 0.8107 -0.0156 -0.5505 0.1987 0.3751 0.3904 -0.7251 -0.4257 0.6562 -0.1117 -0.7448 0.0477 0.7283 0.4023 -0.4948 0.2507 0.8505 0.0279 0.489 0.1921 0.6741 0.3672 -0.6223 0.1534 0.5402 -0.6117 -0.3192 -0.4819 0.9183 0.0569 0.3849 -0.0726
0.7467 -0.0407 -0.5979 -0.2886 0.37 -0.7098 0.5389 -0.2624 0.8107 -0.0156 -0.5505 0.1987 0.3751 0.3904 -0.7251 -0.4257 0.6562 -0.1117 -0.7448 0.0477 0.7283 0.4023 -0.4948 0.2507 0.8505 0.0279 0.489 0.1921 0.6741 0.3672 -0.6223 0.1534 0.5402 -0.6117 -0.3192 -0.4819 0.9183 0.0569 0.3849 -0.0726
0.7467 -0.0407 -0.5979 -0.2886 0.37 -0.7098 0.5389 -0.2624 0.8107 -0.0156 -0.5505 0.1987 0.3751 0.3904 -0.7251 -0.4257 0.6562 -0.1117 -0.7448 0.0477 0.7283 0.4023 -0.4948 0.2507 0.8505 0.0279 0.489 0.1921 0.6741 0.3672 -0.6223 0.1534 0.5402 -0.6117 -0.3192 -0.4819 0.9183 0.0569 0.3849 -0.0726
0.7452 -0.0409 -0.6005 -0.2872 0.37 -0.7098 0.5389 -0.2624 0.8107 -0.0156 -0.5505 0.1987 0.3751 0.3904 -0.7251 -0.4257 0.6958 -0.15 -0.7021 0.0204 0.7283 0.4023 -0.4948 0.2507 0.8505 0.0279 0.489 0.1921 0.6741 0.3672 -0.6223 0.1534 0.5251 -0.6415 -0.2911 -0.4774 0.9183 0.0569 0.3849 -0.0726
0.7452 -0.0409 -0.6005 -0.2872 0.37 -0.7098 0.5389 -0.2624 0.8107 -0.0156 -0.5505 0.1987 0.3751 0.3904 -0.7251 -0.4257 0.6958 -0.15 -0.7021 0.0204 0.7283 0.4023 -0.4948 0.2507 0.741 0.1127 0.6092 0.259 0.6741 0.3672 -0.6223 0.1534 0.5251 -0.6415 -0.2911 -0.4774 0.9183 0.0569 0.3849 -0.0726
0.7452 -0.0409 -0.6005 -0.2872 0.37 -0.7098 0.5389 -0.2624 0.8107 -0.0156 -0.5505 0.1987 0.3751 0.3904 -0.7251 -0.4257 0.6958 -0.15 -0.7021 0.0204 0.7283 0.4023 -0.4948 0.2507 0.741 0.1127 0.6092 0.259 0.6741 0.3672 -0.6223 0.1534 0.5251 -0.6415 -0.2911 -0.4774 0.9183 0.0569 0.3849 -0.0726
0.7452 -0.0409 -0.6005 -0.2872 0.37 -0.7098 0.5389 -0.2624 0.8107 -0.0156 -0.5505 0.1987 0.3751 0.3904 -0.7251 -0.4257 0.6958 -0.15 -0.7021 0.0204 0.7283 0.4023 -0.4948 0.2507 0.741 0.1127 0.6092 0.259 0.6575 0.3533 -0.6475 0.1541 0.5251 -0.6415 -0.2911 -0.4774 0.9183 0.0569 0.3849 -0.0726
0.7452 -0.0409 -0.6005 -0.2872 0.37 -0.7098 0.5389 -0.2624 0.8167 -0.0114 -0.5381 0.2085 0.3751 0.3904 -0.7251 -0.4257 0.6958 -0.15 -0.7021 0.0204 0.7283 0.4023 -0.4948 0.2507 0.741 0.1127 0.6092 0.259 0.6575 0.3533 -0.6475 0.1541 0.5251 -0.6415 -0.2911 -0.4774 0.9178 0.0502 0.386 -0.0787
0.7452 -0.0409 -0.6005 -0.2872 0.37 -0.7098 0.5389 -0.2624 0.8167 -0.0114 -0.5381 0.2085 0.3751 0.3904 -0.7251 -0.4257 0.6958 -0.15 -0.7021 0.0204 0.7283 0.4023 -0.4948 0.2507 0.741 0.1127 0.6092 0.259 0.6575 0.3533 -0.6475 0.1541 0.5251 -0.6415 -0.2911 -0.4774 0.9178 0.0502 0.386 -0.0787
0.7452 -0.0409 -0.6005 -0.2872 0.37 -0.7098 0.5389 -0.2624 0.8167 -0.0114 -0.5381 0.2085 0.3751 0.3904 -0.7251 -0.4257 0.7264 -0.169 -0.6647 0.0434 0.7283 0.4023 -0.4948 0.2507 0.741 0.1127 0.6092 0.259 0.6575 0.3533 -0.6475 0.1541 0.515 -0.6601 -0.2844 -0.4672 0.9178 0.0502 0.386 -0.0787
0.7452 -0.0409 -0.6005 -0.2872 0.37 -0.7098 0.5389 -0.2624 0.8167 -0.0114 -0.5381 0.2085 0.3751 0.3904 -0.7251 -0.4257 0.7264 -0.169 -0.6647 0.0434 0.7283 0.4023 -0.4948 0.2507 0.8037 0.0487 0.5776 0.1346 0.6575 0.3533 -0.6475 0.1541 0.515 -0.6601 -0.2844 -0.4672 0.9178 0.0502 0.386 -0.0787
0.7452 -0.0409 -0.6005 -0.2872 0.37 -0.7098 0.5389 -0.2624 0.8167 -0.0114 -0.5381 0.2085 0.3751 0.3904 -0.7251 -0.4257 0.7264 -0.169 -0.6647 0.0434 0.7283 0.4023 -0.4948 0.2507 0.8037 0.0487 0.5776 0.1346 0.6575 0.3533 -0.6475 0.1541 0.515 -0.6601 -0.2844 -0.4672 0.9178 0.0502 0.386 -0.0787
0.7452 -0.0409 -0.6005 -0.2872 0.37 -0.7098 0.5389 -0.2624 0.8167 -0.0114 -0.5381 0.2085 0.3751 0.3904 -0.7251 -0.4257 0.7264 -0.169 -0.6647 0.0434 0.7283 0.4023 -0.4948 0.2507 0.8037 0.0487 0.5776 0.1346 0.6575 0.3533 -0.6475 0.1541 0.515 -0.6601 -0.2844 -0.4672 0.9178 0.0502 0.386 -0.0787
0.7452 -0.0409 -0.6005 -0.2872 0.37 -0.7098 0.5389 -0.2624 0.8167 -0.0114 -0.5381 0.2085 0.3751 0.3904 -0.7251 -0.4257 0.7264 -0.169 -0.6647 0.0434 0.7283 0.4023 -0.4948 0.2507 0.8037 0.0487 0.5776 0.1346 0.6575 0.3533 -0.6475 0.1541 0.515 -0.6601 -0.2844 -0.4672 0.9178 0.0502 0.386 -0.0787
0.7452 -0.0409 -0.6005 -0.2872 0.37 -0.7098 0.5389 -0.2624 0.8167 -0.0132 -0.538 0.2081 0.3751 0.3904 -0.7251 -0.4257 0.7264 -0.169 -0.6647 0.0434 0.7283 0.4023 -0.4948 0.2507 0.8037 0.0487 0.5776 0.1346 0.6318 0.344 -0.675 0.1635 0.515 -0.6601 -0.2844 -0.4672 0.9177 0.0535 0.3863 -0.0765
0.7452 -0.0409 -0.6005 -0.2872 0.3618 -0.6778 0.576 -0.2792 0.8167 -0.0132 -0.538 0.2081 0.3751 0.3904 -0.7251 -0.4257 0.7264 -0.169 -0.6647 0.0434 0.7283 0.4023 -0.4948 0.2507 0.8037 0.0487 0.5776 0.1346 0.6318 0.344 -0.675 0.1635 0.515 -0.6601 -0.2844 -0.4672 0.9177 0.0535 0.3863 -0.0765
0.7452 -0.0409 -0.6005 -0.2872 0.3618 -0.6778 0.576 -0.2792 0.8167 -0.0132 -0.538 0.2081 0.3751 0.3904 -0.7251 -0.4257 0.7264 -0.169 -0.6647 0.0434 0.7283 0.4023 -0.4948 0.2507 0.8037 0.0487 0.5776 0.1346 0.6318 0.344 -0.675 0.1635 0.515 -0.6601 -0.2844 -0.4672 0.9177 0.0535 0.3863 -0.0765
0.7452 -0.0409 -0.6005 -0.2872 0.3618 -0.6778 0.576 -0.2792 0.8167 -0.0132 -0.538 0.2081 0.3794 0.3695 -0.7347 -0.4239 0.7366 -0.2037 -0.6425 0.0565 0.8387 0.2581 -0.4507 0.1636 0.8037 0.0487 0.5776 0.1346 0.6318 0.344 -0.675 0.1635 0.5079 -0.6729 -0.2856 -0.4556 0.9177 0.0535 0.3863 -0.0765
0.7452 -0.0409 -0.6005 -0.2872 0.3618 -0.6778 0.576 -0.2792 0.8167 -0.0132 -0.538 0.2081 0.3794 0.3695 -0.7347 -0.4239 0.7366 -0.2037 -0.6425 0.0565 0.8387 0.2581 -0.4507 0.1636 0.8807 -0.0198 0.4652 0.0869 0.6318 0.344 -0.675 0.1635 0.5079 -0.6729 -0.2856 -0.4556 0.9177 0.0535 0.3863 -0.0765
0.7452 -0.0409 -0.6005 -0.2872 0.3618 -0.6778 0.576 -0.2792 0.8167 -0.0132 -0.538 0.2081 0.3794 0.3695 -0.7347 -0.4239 0.7366 -0.2037 -0.6425 0.0565 0.8387 0.2581 -0.4507 0.1636 0.8807 -0.0198 0.4652 0.0869 0.6161 0.3427 -0.684 0.1874 0.5079 -0.6729 -0.2856 -0.4556 0.9177 0.0535 0.3863 -0.0765
0.7452 -0.0409 -0.6005 -0.2872 0.3618 -0.6778 0.576 -0.2792 0.8167 -0.0132 -0.538 0.2081 0.3794 0.3695 -0.7347 -0.4239 0.7366 -0.2037 -0.6425 0.0565 0.8387 0.2581 -0.4507 0.1636 0.8807 -0.0198 0.4652 0.0869 0.6161 0.3427 -0.684 0.1874 0.5079 -0.6729 -0.2856 -0.4556 0.9177 0.0535 0.3863 -0.0765
0.7452 -0.0409 -0.6005 -0.2872 0.3618 -0.6778 0.576 -0.2792 0.8171 -0.0309 -0.5427 0.1917 0.3794 0.3695 -0.7347 -0.4239 0.7366 -0.2037 -0.6425 0.0565 0.8387 0.2581 -0.4507 0.1636 0.8807 -0.0198 0.4652 0.0869 0.6161 0.3427 -0.684 0.1874 0.5079 -0.6729 -0.2856 -0.4556 0.9113 0.0499 0.4008 -0.0806
0.7452 -0.0409 -0.6005 -0.2872 0.3445 -0.6813 0.5812 -0.2816 0.8171 -0.0309 -0.5427 0.1917 0.3794 0.3695 -0.7347 -0.4239 0.7366 -0.2037 -0.6425 0.0565 0.8387 0.2581 -0.4507 0.1636 0.8807 -0.0198 0.4652 0.0869 0.6161 0.3427 -0.684 0.1874 0.5079 -0.6729 -0.2856 -0.4556 0.9113 0.0499 0.4008 -0.0806
0.7452 -0.0409 -0.6005 -0.2872 0.3445 -0.6813 0.5812 -0.2816 0.8171 -0.0309 -0.5427 0.1917 0.357 0.3487 -0.7546 -0.426 0.7366 -0.2037 -0.6425 0.0565 0.8387 0.2581 -0.4507 0.1636 0.8807 -0.0198 0.4652 0.0869 0.6161 0.3427 -0.684 0.1874 0.5079 -0.6729 -0.2856 -0.4556 0.9113 0.0499 0.4008 -0.0806
0.7452 -0.0409 -0.6005 -0.2872 0.3445 -0.6813 0.5812 -0.2816 0.8171 -0.0309 -0.5427 0.1917 0.357 0.3487 -0.7546 -0.426 0.7186 -0.2263 -0.6519 0.0864 0.8387 0.2581 -0.4507 0.1636 0.9094 0.0283 0.3895 0.1432 0.6161 0.3427 -0.684 0.1874 0.5079 -0.6729 -0.2856 -0.4556 0.9113 0.0499 0.4008 -0.0806
0.7452 -0.0409 -0.6005 -0.2872 0.3445 -0.6813 0.5812 -0.2816 0.8171 -0.0309 -0.5427 0.1917 0.357 0.3487 -0.7546 -0.426 0.7186 -0.2263 -0.6519 0.0864 0.8387 0.2581 -0.4507 0.1636 0.9094 0.0283 0.3895 0.1432 0.6161 0.3427 -0.684 0.1874 0.5079 -0.6729 -0.2856 -0.4556 0.9113 0.0499 0.4008 -0.0806
0.7452 -0.0409 -0.6005 -0.2872 0.3445 -0.6813 0.5812 -0.2816 0.8171 -0.0309 -0.5427 0.1917 0.357 0.3487 -0.7546 -0.426 0.7186 -0.2263 -0.6519 0.0864 0.8387 0.2581 -0.4507 0.1636 0.9094 0.0283 0.3895 0.1432 0.6161 0.3427 -0.684 0.1874 0.5079 -0.6729 -0.2856 -0.4556 0.9113 0.0499 0.4008 -0.0806
0.7452 -0.0409 -0.6005 -0.2872 0.3445 -0.6813 0.5812 -0.2816 0.8171 -0.0309 -0.5427 0.1917 0.357 0.3487 -0.7546 -0.426 0.7186 -0.2263 -0.6519 0.0864 0.8387 0.2581 -0.4507 0.1636 0.9094 0.0283 0.3895 0.1432 0.6161 0.3427 -0.684 0.1874 0.5079 -0.6729 -0.2856 -0.4556 0.9113 0.0499 0.4008 -0.0806
0.7452 -0.0409 -0.6005 -0.2872 0.3445 -0.6813 0.5812 -0.2816 0.8155 -0.0519 -0.5529 0.163 0.357 0.3487 -0.7546 -0.426 0.7186 -0.2263 -0.6519 0.0864 0.8387 0.2581 -0.4507 0.1636 0.9094 0.0283 0.3895 0.1432 0.613 0.3453 -0.6785 0.2113 0.5079 -0.6729 -0.2856 -0.4556 0.8906 0.0466 0.4453 -0.0803
0.7452 -0.0409 -0.6005 -0.2872 0.3445 -0.6813 0.5812 -0.2816 0.8155 -0.0519 -0.5529 0.163 0.357 0.3487 -0.7546 -0.426 0.7186 -0.2263 -0.6519 0.0864 0.8387 0.2581 -0.4507 0.1636 0.9094 0.0283 0.3895 0.1432 0.613 0.3453 -0.6785 0.2113 0.5079 -0.6729 -0.2856 -0.4556 0.8906 0.0466 0.4453 -0.0803
0.7452 -0.0409 -0.6005 -0.2872 0.3445 -0.6813 0.5812 -0.2816 0.8155 -0.0519 -0.5529 0.163 0.357 0.3487 -0.7546 -0.426 0.7186 -0.2263 -0.6519 0.0864 0.8387 0.2581 -0.4507 0.1636 0.9094 0.0283 0.3895 0.1432 0.613 0.3453 -0.6785 0.2113 0.5079 -0.6729 -0.2856 -0.4556 0.8906 0.0466 0.4453 -0.0803
0.7452 -0.0409 -0.6005 -0.2872 0.3445 -0.6813 0.5812 -0.2816 0.8155 -0.0519 -0.5529 0.163 0.357 0.3487 -0.7546 -0.426 0.6646 -0.2524 -0.6926 0.1221 0.8387 0.2581 -0.4507 0.1636 0.9094 0.0283 0.3895 0.1432 0.613 0.3453 -0.6785 0.2113 0.5079 -0.6729 -0.2856 -0.4556 0.8906 0.0466 0.4453 -0.0803
0.7452 -0.0409 -0.6005 -0.2872 0.3445 -0.6813 0.5812 -0.2816 0.8155 -0.0519 -0.5529 0.163 0.357 0.3487 -0.7546 -0.426 0.6646 -0.2524 -0.6926 0.1221 0.8387 0.2581 -0.4507 0.1636 0.848 0.1541 0.4524 0.2289 0.613 0.3453 -0.6785 0.2113 0.5079 -0.6729 -0.2856 -0.4556 0.8906 0.0466 0.4453 -0.0803
0.7452 -0.0409 -0.6005 -0.2872 0.3445 -0.6813 0.5812 -0.2816 0.8155 -0.0519 -0.5529 0.163 0.357 0.3487 -0.7546 -0.426 0.6646 -0.2524 -0.6926 0.1221 0.8387 0.2581 -0.4507 0.1636 0.848 0.1541 0.4524 0.2289 0.613 0.3453 -0.6785 0.2113 0.5079 -0.6729 -0.2856 -0.4556 0.8906 0.0466 0.4453 -0.0803
0.7452 -0.0409 -0.6005 -0.2872 0.3445 -0.6813 0.5812 -0.2816 0.8155 -0.0519 -0.5529 0.163 0.357 0.3487 -0.7546 -0.426 0.6646 -0.2524 -0.6926 0.1221 0.8387 0.2581 -0.4507 0.1636 0.848 0.1541 0.4524 0.2289 0.614 0.3625 -0.6512 0.2598 0.5079 -0.6729 -0.2856 -0.4556 0.8906 0.0466 0.4453 -0.0803
0.7452 -0.0409 -0.6005 -0.2872 0.3445 -0.6813 0.5812 -0.2816 0.8127 -0.0443 -0.5595 0.1568 0.357 0.3487 -0.7546 -0.426 0.6646 -0.2524 -0.6926 0.1221 0.8387 0.2581 -0.4507 0.1636 0.848 0.1541 0.4524 0.2289 0.614 0.3625 -0.6512 0.2598 0.5079 -0.6729 -0.2856 -0.4556 0.8677 0.0216 0.4876 -0.0941
0.7452 -0.0409 -0.6005 -0.2872 0.3445 -0.6813 0.5812 -0.2816 0.8127 -0.0443 -0.5595 0.1568 0.357 0.3487 -0.7546 -0.426 0.6646 -0.2524 -0.6926 0.1221 0.8387 0.2581 -0.4507 0.1636 0.848 0.1541 0.4524 0.2289 0.614 0.3625 -0.6512 0.2598 0.5079 -0.6729 -0.2856 -0.4556 0.8677 0.0216 0.4876 -0.0941
0.7452 -0.0409 -0.6005 -0.2872 0.3445 -0.6813 0.5812 -0.2816 0.8127 -0.0443 -0.5595 0.1568 0.357 0.3487 -0.7546 -0.426 0.6646 -0.2524 -0.6926 0.1221 0.8387 0.2581 -0.4507 0.1636 0.848 0.1541 0.4524 0.2289 0.614 0.3625 -0.6512 0.2598 0.5079 -0.6729 -0.2856 -0.4556 0.8677 0.0216 0.4876 -0.0941
0.7452 -0.0409 -0.6005 -0.2872 0.3445 -0.6813 0.5812 -0.2816 0.8127 -0.0443 -0.5595 0.1568 0.357 0.3487 -0.7546 -0.426 0.6249 -0.1701 -0.748 0.1454 0.8387 0.2581 -0.4507 0.1636 0.9167 0.052 0.3804 0.1104 0.614 0.3625 -0.6512 0.2598 0.5079 -0.6729 -0.2856 -0.4556 0.8677 0.0216 0.4876 -0.0941
0.7452 -0.0409 -0.6005 -0.2872 0.3445 -0.6813 0.5812 -0.2816 0.8127 -0.0443 -0.5595 0.1568 0.357 0.3487 -0.7546 -0.426 0.6249 -0.1701 -0.748 0.1454 0.8387 0.2581 -0.4507 0.1636 0.9167 0.052 0.3804 0.1104 0.614 0.3625 -0.6512 0.2598 0.5079 -0.6729 -0.2856 -0.4556 0.8677 0.0216 0.4876 -0.0941
0.7452 -0.0409 -0.6005 -0.2872 0.3445 -0.6813 0.5812 -0.2816 0.8127 -0.0443 -0.5595 0.1568 0.357 0.3487 -0.7546 -0.426 0.6249 -0.1701 -0.748 0.1454 0.8387 0.2581 -0.4507 0.1636 0.9167 0.052 0.3804 0.1104 0.614 0.3625 -0.6512 0.2598 0.5079 -0.6729 -0.2856 -0.4556 0.8677 0.0216 0.4876 -0.0941
0.7452 -0.0409 -0.6005 -0.2872 0.3445 -0.6813 0.5812 -0.2816 0.8127 -0.0443 -0.5595 0.1568 0.357 0.3487 -0.7546 -0.426 0.6249 -0.1701 -0.748 0.1454 0.8387 0.2581 -0.4507 0.1636 0.9167 0.052 0.3804 0.1104 0.614 0.3625 -0.6512 0.2598 0.5079 -0.6729 -0.2856 -0.4556 0.8677 0.0216 0.4876 -0.0941
0.7452 -0.0409 -0.6005 -0.2872 0.3445 -0.6813 0.5812 -0.2816 0.8043 -0.018 -0.5612 0.1947 0.357 0.3487 -0.7546 -0.426 0.6249 -0.1701 -0.748 0.1454 0.8387 0.2581 -0.4507 0.1636 0.9167 0.052 0.3804 0.1104 0.626 0.3887 -0.6061 0.2993 0.5079 -0.6729 -0.2856 -0.4556 0.8023 -0.0615 0.5718 -0.1597
0.7452 -0.0409 -0.6005 -0.2872 0.3445 -0.6813 0.5812 -0.2816 0.8043 -0.018 -0.5612 0.1947 0.357 0.3487 -0.7546 -0.426 0.6249 -0.1701 -0.748 0.1454 0.8387 0.2581 -0.4507 0.1636 0.9167 0.052 0.3804 0.1104 0.626 0.3887 -0.6061 0.2993 0.5079 -0.6729 -0.2856 -0.4556 0.8023 -0.0615 0.5718 -0.1597
0.7452 -0.0409 -0.6005 -0.2872 0.3445 -0.6813 0.5812 -0.2816 0.8043 -0.018 -0.5612 0.1947 0.357 0.3487 -0.7546 -0.426 0.6249 -0.1701 -0.748 0.1454 0.8387 0.2581 -0.4507 0.1636 0.9167 0.052 0.3804 0.1104 0.626 0.3887 -0.6061 0.2993 0.5079 -0.6729 -0.2856 -0.4556 0.8023 -0.0615 0.5718 -0.1597
0.7452 -0.0409 -0.6005 -0.2872 0.3445 -0.6813 0.5812 -0.2816 0.8043 -0.018 -0.5612 0.1947 0.357 0.3487 -0.7546 -0.426 0.6147 -0.1613 -0.7627 0.1205 0.8387 0.2581 -0.4507 0.1636 0.9167 0.052 0.3804 0.1104 0.626 0.3887 -0.6061 0.2993 0.5079 -0.6729 -0.2856 -0.4556 0.8023 -0.0615 0.5718 -0.1597
0.7452 -0.0409 -0.6005 -0.2872 0.3445 -0.6813 0.5812 -0.2816 0.8043 -0.018 -0.5612 0.1947 0.357 0.3487 -0.7546 -0.426 0.6147 -0.1613 -0.7627 0.1205 0.8387 0.2581 -0.4507 0.1636 0.9164 0.0532 0.3806 0.1119 0.626 0.3887 -0.6061 0.2993 0.5079 -0.6729 -0.2856 -0.4556 0.8023 -0.0615 0.5718 -0.1597
0.7452 -0.0409 -0.6005 -0.2872 0.3445 -0.6813 0.5812 -0.2816 0.8043 -0.018 -0.5612 0.1947 0.357 0.3487 -0.7546 -0.426 0.6147 -0.1613 -0.7627 0.1205 0.8387 0.2581 -0.4507 0.1636 0.9164 0.0532 0.3806 0.1119 0.626 0.3887 -0.6061 0.2993 0.5079 -0.6729 -0.2856 -0.4556 0.8023 -0.0615 0.5718 -0.1597
0.7452 -0.0409 -0.6005 -0.2872 0.3445 -0.6813 0.5812 -0.2816 0.8043 -0.018 -0.5612 0.1947 0.357 0.3487 -0.7546 -0.426 0.6147 -0.1613 -0.7627 0.1205 0.8387 0.2581 -0.4507 0.1636 0.9164 0.0532 0.3806 0.1119 0.626 0.3887 -0.6061 0.2993 0.5079 -0.6729 -0.2856 -0.4556 0.8023 -0.0615 0.5718 -0.1597
0.7452 -0.0409 -0.6005 -0.2872 0.3445 -0.6813 0.5812 -0.2816 0.8046 0.0027 -0.5463 0.2327 0.357 0.3487 -0.7546 -0.426 0.6147 -0.1613 -0.7627 0.1205 0.8387 0.2581 -0.4507 0.1636 0.9164 0.0532 0.3806 0.1119 0.626 0.3887 -0.6061 0.2993 0.5079 -0.6729 -0.2856 -0.4556 0.743 -0.1148 0.6205 -0.2228
0.7452 -0.0409 -0.6005 -0.2872 0.3445 -0.6813 0.5812 -0.2816 0.8046 0.0027 -0.5463 0.2327 0.357 0.3487 -0.7546 -0.426 0.6147 -0.1613 -0.7627 0.1205 0.7059 0.3273 -0.5909 0.213 0.9164 0.0532 0.3806 0.1119 0.626 0.3887 -0.6061 0.2993 0.5079 -0.6729 -0.2856 -0.4556 0.743 -0.1148 0.6205 -0.2228
0.7452 -0.0409 -0.6005 -0.2872 0.3445 -0.6813 0.5812 -0.2816 0.8046 0.0027 -0.5463 0.2327 0.357 0.3487 -0.7546 -0.426 0.6147 -0.1613 -0.7627 0.1205 0.7059 0.3273 -0.5909 0.213 0.9164 0.0532 0.3806 0.1119 0.626 0.3887 -0.6061 0.2993 0.6448 -0.6404 -0.2341 -0.3455 0.743 -0.1148 0.6205 -0.2228
0.7452 -0.0409 -0.6005 -0.2872 0.3445 -0.6813 0.5812 -0.2816 0.8046 0.0027 -0.5463 0.2327 0.357 0.3487 -0.7546 -0.426 0.6147 -0.1613 -0.7627 0.1205 0.7059 0.3273 -0.5909 0.213 0.9164 0.0532 0.3806 0.1119 0.626 0.3887 -0.6061 0.2993 0.6448 -0.6404 -0.2341 -0.3455 0.743 -0.1148 0.6205 -0.2228
0.7452 -0.0409 -0.6005 -0.2872 0.3445 -0.6813 0.5812 -0.2816 0.8046 0.0027 -0.5463 0.2327 0.357 0.3487 -0.7546 -0.426 0.6176 -0.1309 -0.7653 0.1262 0.7059 0.3273 -0.5909 0.213 0.9152 0.0528 0.384 0.1105 0.626 0.3887 -0.6061 0.2993 0.6448 -0.6404 -0.2341 -0.3455 0.743 -0.1148 0.6205 -0.2228
0.7452 -0.0409 -0.6005 -0.2872 0.3445 -0.6813 0.5812 -0.2816 0.8046 0.0027 -0.5463 0.2327 0.357 0.3487 -0.7546 -0.426 0.6176 -0.1309 -0.7653 0.1262 0.7059 0.3273 -0.5909 0.213 0.9152 0.0528 0.384 0.1105 0.626 0.3887 -0.6061 0.2993 0.6448 -0.6404 -0.2341 -0.3455 0.743 -0.1148 0.6205 -0.2228
0.7452 -0.0409 -0.6005 -0.2872 0.3445 -0.6813 0.5812 -0.2816 0.8046 0.0027 -0.5463 0.2327 0.357 0.3487 -0.7546 -0.426 0.6176 -0.1309 -0.7653 0.1262 0.7059 0.3273 -0.5909 0.213 0.9152 0.0528 0.384 0.1105 0.6912 0.3975 -0.5347 0.2798 0.6448 -0.6404 -0.2341 -0.3455 0.743 -0.1148 0.6205 -0.2228
0.7452 -0.0409 -0.6005 -0.2872 0.3445 -0.6813 0.5812 -0.2816 0.8027 0.0084 -0.5468 0.2382 0.357 0.3487 -0.7546 -0.426 0.6176 -0.1309 -0.7653 0.1262 0.7059 0.3273 -0.5909 0.213 0.9152 0.0528 0.384 0.1105 0.6912 0.3975 -0.5347 0.2798 0.6448 -0.6404 -0.2341 -0.3455 0.8531 -0.0038 0.5165 -0.0739
0.7452 -0.0409 -0.6005 -0.2872 0.3754 -0.7191 0.5301 -0.2469 0.8027 0.0084 -0.5468 0.2382 0.357 0.3487 -0.7546 -0.426 0.6176 -0.1309 -0.7653 0.1262 0.7059 0.3273 -0.5909 0.213 0.9152 0.0528 0.384 0.1105 0.6912 0.3975 -0.5347 0.2798 0.6448 -0.6404 -0.2341 -0.3455 0.8531 -0.0038 0.5165 -0.0739
0.7452 -0.0409 -0.6005 -0.2872 0.3754 -0.7191 0.5301 -0.2469 0.8027 0.0084 -0.5468 0.2382 0.357 0.3487 -0.7546 -0.426 0.6176 -0.1309 -0.7653 0.1262 0.7056 0.342 -0.5855 0.2059 0.9152 0.0528 0.384 0.1105 0.6912 0.3975 -0.5347 0.2798 0.6448 -0.6404 -0.2341 -0.3455 0.8531 -0.0038 0.5165 -0.0739
0.7452 -0.0409 -0.6005 -0.2872 0.3754 -0.7191 0.5301 -0.2469 0.8027 0.0084 -0.5468 0.2382 0.357 0.3487 -0.7546 -0.426 0.6123 -0.1262 -0.774 0.1006 0.7056 0.342 -0.5855 0.2059 0.9152 0.0528 0.384 0.1105 0.6912 0.3975 -0.5347 0.2798 0.6448 -0.6404 -0.2341 -0.3455 0.8531 -0.0038 0.5165 -0.0739
0.7452 -0.0409 -0.6005 -0.2872 0.3754 -0.7191 0.5301 -0.2469 0.8027 0.0084 -0.5468 0.2382 0.357 0.3487 -0.7546 -0.426 0.6123 -0.1262 -0.774 0.1006 0.7056 0.342 -0.5855 0.2059 0.9142 0.0497 0.3875 0.1073 0.6912 0.3975 -0.5347 0.2798 0.6448 -0.6404 -0.2341 -0.3455 0.8531 -0.0038 0.5165 -0.0739
0.7452 -0.0409 -0.6005 -0.2872 0.3754 -0.7191 0.5301 -0.2469 0.8027 0.0084 -0.5468 0.2382 0.357 0.3487 -0.7546 -0.426 0.6123 -0.1262 -0.774 0.1006 0.7056 0.342 -0.5855 0.2059 0.9142 0.0497 0.3875 0.1073 0.6965 0.3955 -0.5308 0.2771 0.6448 -0.6404 -0.2341 -0.3455 0.8531 -0.0038 0.5165 -0.0739
0.7452 -0.0409 -0.6005 -0.2872 0.3754 -0.7191 0.5301 -0.2469 0.8027 0.0084 -0.5468 0.2382 0.357 0.3487 -0.7546 -0.426 0.6123 -0.1262 -0.774 0.1006 0.7056 0.342 -0.5855 0.2059 0.9142 0.0497 0.3875 0.1073 0.6965 0.3955 -0.5308 0.2771 0.6448 -0.6404 -0.2341 -0.3455 0.8531 -0.0038 0.5165 -0.0739
0.7452 -0.0409 -0.6005 -0.2872 0.3754 -0.7191 0.5301 -0.2469 0.8016 0.0049 -0.5531 0.227 0.357 0.3487 -0.7546 -0.426 0.6123 -0.1262 -0.774 0.1006 0.7056 0.342 -0.5855 0.2059 0.9142 0.0497 0.3875 0.1073 0.6965 0.3955 -0.5308 0.2771 0.6448 -0.6404 -0.2341 -0.3455 0.8882 0.024 0.4583 -0.0211
0.7452 -0.0409 -0.6005 -0.2872 0.3754 -0.7191 0.5301 -0.2469 0.8016 0.0049 -0.5531 0.227 0.357 0.3487 -0.7546 -0.426 0.6123 -0.1262 -0.774 0.1006 0.7056 0.342 -0.5855 0.2059 0.9142 0.0497 0.3875 0.1073 0.6965 0.3955 -0.5308 0.2771 0.6448 -0.6404 -0.2341 -0.3455 0.8882 0.024 0.4583 -0.0211
0.7452 -0.0409 -0.6005 -0.2872 0.374 -0.7103 0.5393 -0.2544 0.8016 0.0049 -0.5531 0.227 0.357 0.3487 -0.7546 -0.426 0.6123 -0.1262 -0.774 0.1006 0.7066 0.3607 -0.5754 0.1988 0.9142 0.0497 0.3875 0.1073 0.6965 0.3955 -0.5308 0.2771 0.631 -0.4827 -0.4225 -0.4363 0.8882 0.024 0.4583 -0.0211
0.7452 -0.0409 -0.6005 -0.2872 0.374 -0.7103 0.5393 -0.2544 0.8016 0.0049 -0.5531 0.227 0.357 0.3487 -0.7546 -0.426 0.6111 -0.1187 -0.7775 0.0893 0.7066 0.3607 -0.5754 0.1988 0.9142 0.0497 0.3875 0.1073 0.6965 0.3955 -0.5308 0.2771 0.631 -0.4827 -0.4225 -0.4363 0.8882 0.024 0.4583 -0.0211
0.7452 -0.0409 -0.6005 -0.2872 0.374 -0.7103 0.5393 -0.2544 0.8016 0.0049 -0.5531 0.227 0.357 0.3487 -0.7546 -0.426 0.6111 -0.1187 -0.7775 0.0893 0.7066 0.3607 -0.5754 0.1988 0.9134 0.0432 0.3915 0.1024 0.6965 0.3955 -0.5308 0.2771 0.631 -0.4827 -0.4225 -0.4363 0.8882 0.024 0.4583 -0.0211
0.7452 -0.0409 -0.6005 -0.2872 0.374 -0.7103 0.5393 -0.2544 0.8016 0.0049 -0.5531 0.227 0.357 0.3487 -0.7546 -0.426 0.6111 -0.1187 -0.7775 0.0893 0.7066 0.3607 -0.5754 0.1988 0.9134 0.0432 0.3915 0.1024 0.6965 0.3955 -0.5308 0.2771 0.631 -0.4827 -0.4225 -0.4363 0.8882 0.024 0.4583 -0.0211
0.7452 -0.0409 -0.6005 -0.2872 0.374 -0.7103 0.5393 -0.2544 0.8016 0.0049 -0.5531 0.227 0.357 0.3487 -0.7546 -0.426 0.6111 -0.1187 -0.7775 0.0893 0.7066 0.3607 -0.5754 0.1988 0.9134 0.0432 0.3915 0.1024 0.7007 0.4044 -0.5339 0.2456 0.631 -0.4827 -0.4225 -0.4363 0.8882 0.024 0.4583 -0.0211
0.7452 -0.0409 -0.6005 -0.2872 0.374 -0.7103 0.5393 -0.2544 0.8017 0.0038 -0.5588 0.212 0.357 0.3487 -0.7546 -0.426 0.6111 -0.1187 -0.7775 0.0893 0.7066 0.3607 -0.5754 0.1988 0.9134 0.0432 0.3915 0.1024 0.7007 0.4044 -0.5339 0.2456 0.631 -0.4827 -0.4225 -0.4363 0.8864 0.0267 0.4603 -0.0409
0.7452 -0.0409 -0.6005 -0.2872 0.374 -0.7103 0.5393 -0.2544 0.8017 0.0038 -0.5588 0.212 0.357 0.3487 -0.7546 -0.426 0.6111 -0.1187 -0.7775 0.0893 0.7066 0.3607 -0.5754 0.1988 0.9134 0.0432 0.3915 0.1024 0.7007 0.4044 -0.5339 0.2456 0.631 -0.4827 -0.4225 -0.4363 0.8864 0.0267 0.4603 -0.0409
0.7452 -0.0409 -0.6005 -0.2872 0.3705 -0.7034 0.5484 -0.2593 0.8017 0.0038 -0.5588 0.212 0.3624 0.402 -0.7303 -0.4168 0.6111 -0.1187 -0.7775 0.0893 0.7112 0.3688 -0.5677 0.1892 0.9134 0.0432 0.3915 0.1024 0.7007 0.4044 -0.5339 0.2456 0.631 -0.4827 -0.4225 -0.4363 0.8864 0.0267 0.4603 -0.0409
0.7452 -0.0409 -0.6005 -0.2872 0.3705 -0.7034 0.5484 -0.2593 0.8017 0.0038 -0.5588 0.212 0.3624 0.402 -0.7303 -0.4168 0.6137 -0.1101 -0.7785 0.0718 0.7112 0.3688 -0.5677 0.1892 0.9134 0.0432 0.3915 0.1024 0.7007 0.4044 -0.5339 0.2456 0.631 -0.4827 -0.4225 -0.4363 0.8864 0.0267 0.4603 -0.0409
0.7452 -0.0409 -0.6005 -0.2872 0.3705 -0.7034 0.5484 -0.2593 0.8017 0.0038 -0.5588 0.212 0.3624 0.402 -0.7303 -0.4168 0.6137 -0.1101 -0.7785 0.0718 0.7112 0.3688 -0.5677 0.1892 0.9071 0.0378 0.4069 0.1006 0.7007 0.4044 -0.5339 0.2456 0.631 -0.4827 -0.4225 -0.4363 0.8864 0.0267 0.4603 -0.0409
0.7452 -0.0409 -0.6005 -0.2872 0.3705 -0.7034 0.5484 -0.2593 0.8017 0.0038 -0.5588 0.212 0.3624 0.402 -0.7303 -0.4168 0.6137 -0.1101 -0.7785 0.0718 0.7112 0.3688 -0.5677 0.1892 0.9071 0.0378 0.4069 0.1006 0.6973 0.3956 -0.567 0.1892 0.631 -0.4827 -0.4225 -0.4363 0.8864 0.0267 0.4603 -0.0409
0.7452 -0.0409 -0.6005 -0.2872 0.3705 -0.7034 0.5484 -0.2593 0.8017 0.0038 -0.5588 0.212 0.3624 0.402 -0.7303 -0.4168 0.6137 -0.1101 -0.7785 0.0718 0.7112 0.3688 -0.5677 0.1892 0.9071 0.0378 0.4069 0.1006 0.6973 0.3956 -0.567 0.1892 0.631 -0.4827 -0.4225 -0.4363 0.8864 0.0267 0.4603 -0.0409
0.7452 -0.0409 -0.6005 -0.2872 0.3705 -0.7034 0.5484 -0.2593 0.8 0.0037 -0.562 0.2101 0.3624 0.402 -0.7303 -0.4168 0.6137 -0.1101 -0.7785 0.0718 0.7112 0.3688 -0.5677 0.1892 0.9071 0.0378 0.4069 0.1006 0.6973 0.3956 -0.567 0.1892 0.631 -0.4827 -0.4225 -0.4363 0.8864 0.0267 0.4603 -0.0409
0.7452 -0.0409 -0.6005 -0.2872 0.3705 -0.7034 0.5484 -0.2593 0.8 0.0037 -0.562 0.2101 0.3624 0.402 -0.7303 -0.4168 0.6137 -0.1101 -0.7785 0.0718 0.7112 0.3688 -0.5677 0.1892 0.9071 0.0378 0.4069 0.1006 0.6973 0.3956 -0.567 0.1892 0.631 -0.4827 -0.4225 -0.4363 0.8864 0.0267 0.4603 -0.0409
0.7452 -0.0409 -0.6005 -0.2872 0.3757 -0.7023 0.546 -0.2597 0.8 0.0037 -0.562 0.2101 0.3624 0.402 -0.7303 -0.4168 0.6137 -0.1101 -0.7785 0.0718 0.7187 0.377 -0.5567 0.1774 0.9071 0.0378 0.4069 0.1006 0.6973 0.3956 -0.567 0.1892 0.5594 -0.5772 -0.3729 -0.4635 0.8864 0.0267 0.4603 -0.0409
0.7452 -0.0409 -0.6005 -0.2872 0.3757 -0.7023 0.546 -0.2597 0.8 0.0037 -0.562 0.2101 0.3624 0.402 -0.7303 -0.4168 0.6137 -0.1101 -0.7785 0.0718 0.7187 0.377 -0.5567 0.1774 0.9071 0.0378 0.4069 0.1006 0.6973 0.3956 -0.567 0.1892 0.5594 -0.5772 -0.3729 -0.4635 0.8864 0.0267 0.4603 -0.0409
0.7452 -0.0409 -0.6005 -0.2872 0.3757 -0.7023 0.546 -0.2597 0.8 0.0037 -0.562 0.2101 0.3624 0.402 -0.7303 -0.4168 0.6202 -0.1085 -0.7751 0.0528 0.7187 0.377 -0.5567 0.1774 0.8942 0.0386 0.434 0.1024 0.6973 0.3956 -0.567 0.1892 0.5594 -0.5772 -0.3729 -0.4635 0.8864 0.0267 0.4603 -0.0409
0.7452 -0.0409 -0.6005 -0.2872 0.3757 -0.7023 0.546 -0.2597 0.8 0.0037 -0.562 0.2101 0.3624 0.402 -0.7303 -0.4168 0.6202 -0.1085 -0.7751 0.0528 0.7187 0.377 -0.5567 0.1774 0.8942 0.0386 0.434 0.1024 0.6716 0.3915 -0.6027 0.1804 0.5594 -0.5772 -0.3729 -0.4635 0.8864 0.0267 0.4603 -0.0409
0.7452 -0.0409 -0.6005 -0.2872 0.3757 -0.7023 0.546 -0.2597 0.8 0.0037 -0.562 0.2101 0.3624 0.402 -0.7303 -0.4168 0.6202 -0.1085 -0.7751 0.0528 0.7187 0.377 -0.5567 0.1774 0.8942 0.0386 0.434 0.1024 0.6716 0.3915 -0.6027 0.1804 0.5594 -0.5772 -0.3729 -0.4635 0.8864 0.0267 0.4603 -0.0409
0.7452 -0.0409 -0.6005 -0.2872 0.3757 -0.7023 0.546 -0.2597 0.7966 0.0036 -0.5649 0.2153 0.3624 0.402 -0.7303 -0.4168 0.6202 -0.1085 -0.7751 0.0528 0.7187 0.377 -0.5567 0.1774 0.8942 0.0386 0.434 0.1024 0.6716 0.3915 -0.6027 0.1804 0.5594 -0.5772 -0.3729 -0.4635 0.9104 0.0419 0.4002 -0.0961
0.7452 -0.0409 -0.6005 -0.2872 0.3757 -0.7023 0.546 -0.2597 0.7966 0.0036 -0.5649 0.2153 0.3624 0.402 -0.7303 -0.4168 0.6202 -0.1085 -0.7751 0.0528 0.7187 0.377 -0.5567 0.1774 0.8942 0.0386 0.434 0.1024 0.6716 0.3915 -0.6027 0.1804 0.5594 -0.5772 -0.3729 -0.4635 0.9104 0.0419 0.4002 -0.0961
0.7452 -0.0409 -0.6005 -0.2872 0.3757 -0.7023 0.546 -0.2597 0.7966 0.0036 -0.5649 0.2153 0.3624 0.402 -0.7303 -0.4168 0.6202 -0.1085 -0.7751 0.0528 0.7187 0.377 -0.5567 0.1774 0.8942 0.0386 0.434 0.1024 0.6716 0.3915 -0.6027 0.1804 0.5594 -0.5772 -0.3729 -0.4635 0.9104 0.0419 0.4002 -0.0961
0.7557 -0.031 -0.5894 -0.2839 0.3712 -0.7072 0.5404 -0.2647 0.7966 0.0036 -0.5649 0.2153 0.3584 0.4083 -0.7347 -0.4062 0.6395 -0.1144 -0.759 0.0421 0.7486 0.3677 -0.5366 0.1279 0.8718 0.0785 0.4675 0.1238 0.6716 0.3915 -0.6027 0.1804 0.5418 -0.6078 -0.3419 -0.4691 0.9104 0.0419 0.4002 -0.0961
0.7557 -0.031 -0.5894 -0.2839 0.3712 -0.7072 0.5404 -0.2647 0.7966 0.0036 -0.5649 0.2153 0.3584 0.4083 -0.7347 -0.4062 0.6395 -0.1144 -0.759 0.0421 0.7486 0.3677 -0.5366 0.1279 0.8718 0.0785 0.4675 0.1238 0.6716 0.3915 -0.6027 0.1804 0.5418 -0.6078 -0.3419 -0.4691 0.9104 0.0419 0.4002 -0.0961
0.7557 -0.031 -0.5894 -0.2839 0.3712 -0.7072 0.5404 -0.2647 0.7966 0.0036 -0.5649 0.2153 0.3584 0.4083 -0.7347 -0.4062 0.6395 -0.1144 -0.759 0.0421 0.7486 0.3677 -0.5366 0.1279 0.8718 0.0785 0.4675 0.1238 0.6716 0.3915 -0.6027 0.1804 0.5418 -0.6078 -0.3419 -0.4691 0.9104 0.0419 0.4002 -0.0961
0.7557 -0.031 -0.5894 -0.2839 0.3712 -0.7072 0.5404 -0.2647 0.7966 0.0036 -0.5649 0.2153 0.3584 0.4083 -0.7347 -0.4062 0.6395 -0.1144 -0.759 0.0421 0.7486 0.3677 -0.5366 0.1279 0.8718 0.0785 0.4675 0.1238 0.6716 0.3915 -0.6027 0.1804 0.5418 -0.6078 -0.3419 -0.4691 0.9104 0.0419 0.4002 -0.0961
0.7557 -0.031 -0.5894 -0.2839 0.3712 -0.7072 0.5404 -0.2647 0.7893 0.0115 -0.5686 0.2315 0.3584 0.4083 -0.7347 -0.4062 0.6395 -0.1144 -0.759 0.0421 0.7486 0.3677 -0.5366 0.1279 0.8718 0.0785 0.4675 0.1238 0.6653 0.3793 -0.6185 0.1759 0.5418 -0.6078 -0.3419 -0.4691 0.9187 0.0406 0.3843 -0.0821
0.7557 -0.031 -0.5894 -0.2839 0.3712 -0.7072 0.5404 -0.2647 0.7893 0.0115 -0.5686 0.2315 0.3584 0.4083 -0.7347 -0.4062 0.6395 -0.1144 -0.759 0.0421 0.7486 0.3677 -0.5366 0.1279 0.8718 0.0785 0.4675 0.1238 0.6653 0.3793 -0.6185 0.1759 0.5418 -0.6078 -0.3419 -0.4691 0.9187 0.0406 0.3843 -0.0821
0.7557 -0.031 -0.5894 -0.2839 0.3619 -0.7106 0.5385 -0.2722 0.7893 0.0115 -0.5686 0.2315 0.3737 0.4153 -0.7293 -0.3949 0.6395 -0.1144 -0.759 0.0421 0.7486 0.3677 -0.5366 0.1279 0.8718 0.0785 0.4675 0.1238 0.6653 0.3793 -0.6185 0.1759 0.5418 -0.6078 -0.3419 -0.4691 0.9187 0.0406 0.3843 -0.0821
0.7557 -0.031 -0.5894 -0.2839 0.3619 -0.7106 0.5385 -0.2722 0.7893 0.0115 -0.5686 0.2315 0.3737 0.4153 -0.7293 -0.3949 0.6858 -0.2034 -0.6988 0.0014 0.7486 0.3677 -0.5366 0.1279 0.8718 0.0785 0.4675 0.1238 0.6653 0.3793 -0.6185 0.1759 0.5418 -0.6078 -0.3419 -0.4691 0.9187 0.0406 0.3843 -0.0821
0.7557 -0.031 -0.5894 -0.2839 0.3619 -0.7106 0.5385 -0.2722 0.7893 0.0115 -0.5686 0.2315 0.3737 0.4153 -0.7293 -0.3949 0.6858 -0.2034 -0.6988 0.0014 0.7486 0.3677 -0.5366 0.1279 0.8718 0.0785 0.4675 0.1238 0.6653 0.3793 -0.6185 0.1759 0.5418 -0.6078 -0.3419 -0.4691 0.9187 0.0406 0.3843 -0.0821
0.7557 -0.031 -0.5894 -0.2839 0.3619 -0.7106 0.5385 -0.2722 0.7893 0.0115 -0.5686 0.2315 0.3737 0.4153 -0.7293 -0.3949 0.6858 -0.2034 -0.6988 0.0014 0.7486 0.3677 -0.5366 0.1279 0.8718 0.0785 0.4675 0.1238 0.6653 0.3793 -0.6185 0.1759 0.5418 -0.6078 -0.3419 -0.4691 0.9187 0.0406 0.3843 -0.0821
0.7557 -0.031 -0.5894 -0.2839 0.3619 -0.7106 0.5385 -0.2722 0.7893 0.0115 -0.5686 0.2315 0.3737 0.4153 -0.7293 -0.3949 0.6858 -0.2034 -0.6988 0.0014 0.7486 0.3677 -0.5366 0.1279 0.8718 0.0785 0.4675 0.1238 0.6509 0.3637 -0.6415 0.1801 0.5418 -0.6078 -0.3419 -0.4691 0.9187 0.0406 0.3843 -0.0821
0.7557 -0.031 -0.5894 -0.2839 0.3619 -0.7106 0.5385 -0.2722 0.796 0.0114 -0.5562 0.2386 0.3737 0.4153 -0.7293 -0.3949 0.6858 -0.2034 -0.6988 0.0014 0.7486 0.3677 -0.5366 0.1279 0.8718 0.0785 0.4675 0.1238 0.6509 0.3637 -0.6415 0.1801 0.5418 -0.6078 -0.3419 -0.4691 0.9094 0.035 0.4042 -0.0925
0.7557 -0.031 -0.5894 -0.2839 0.3642 -0.6948 0.556 -0.2747 0.796 0.0114 -0.5562 0.2386 0.3737 0.4153 -0.7293 -0.3949 0.6858 -0.2034 -0.6988 0.0014 0.7486 0.3677 -0.5366 0.1279 0.8718 0.0785 0.4675 0.1238 0.6509 0.3637 -0.6415 0.1801 0.5418 -0.6078 -0.3419 -0.4691 0.9094 0.035 0.4042 -0.0925
0.7485 -0.0486 -0.585 -0.3086 0.3642 -0.6948 0.556 -0.2747 0.796 0.0114 -0.5562 0.2386 0.3801 0.4108 -0.7236 -0.404 0.6858 -0.2034 -0.6988 0.0014 0.7486 0.3677 -0.5366 0.1279 0.8718 0.0785 0.4675 0.1238 0.6509 0.3637 -0.6415 0.1801 0.5418 -0.6078 -0.3419 -0.4691 0.9094 0.035 0.4042 -0.0925
0.7485 -0.0486 -0.585 -0.3086 0.3642 -0.6948 0.556 -0.2747 0.796 0.0114 -0.5562 0.2386 0.3801 0.4108 -0.7236 -0.404 0.7301 -0.2414 -0.6392 1.0E-4 0.7486 0.3677 -0.5366 0.1279 0.8152 0.1282 0.5648 -0.0064 0.6509 0.3637 -0.6415 0.1801 0.5418 -0.6078 -0.3419 -0.4691 0.9094 0.035 0.4042 -0.0925
0.7485 -0.0486 -0.585 -0.3086 0.3642 -0.6948 0.556 -0.2747 0.796 0.0114 -0.5562 0.2386 0.3801 0.4108 -0.7236 -0.404 0.7301 -0.2414 -0.6392 1.0E-4 0.7486 0.3677 -0.5366 0.1279 0.8152 0.1282 0.5648 -0.0064 0.6509 0.3637 -0.6415 0.1801 0.5418 -0.6078 -0.3419 -0.4691 0.9094 0.035 0.4042 -0.0925
0.7485 -0.0486 -0.585 -0.3086 0.3642 -0.6948 0.556 -0.2747 0.796 0.0114 -0.5562 0.2386 0.3801 0.4108 -0.7236 -0.404 0.7301 -0.2414 -0.6392 1.0E-4 0.7486 0.3677 -0.5366 0.1279 0.8152 0.1282 0.5648 -0.0064 0.6287 0.3492 -0.6699 0.1846 0.5418 -0.6078 -0.3419 -0.4691 0.9094 0.035 0.4042 -0.0925
0.7485 -0.0486 -0.585 -0.3086 0.3642 -0.6948 0.556 -0.2747 0.8006 0.0194 -0.5524 0.2313 0.3801 0.4108 -0.7236 -0.404 0.7301 -0.2414 -0.6392 1.0E-4 0.7486 0.3677 -0.5366 0.1279 0.8152 0.1282 0.5648 -0.0064 0.6287 0.3492 -0.6699 0.1846 0.5418 -0.6078 -0.3419 -0.4691 0.9094 0.035 0.4042 -0.0925
0.7485 -0.0486 -0.585 -0.3086 0.3642 -0.6948 0.556 -0.2747 0.8006 0.0194 -0.5524 0.2313 0.3801 0.4108 -0.7236 -0.404 0.7301 -0.2414 -0.6392 1.0E-4 0.7486 0.3677 -0.5366 0.1279 0.8152 0.1282 0.5648 -0.0064 0.6287 0.3492 -0.6699 0.1846 0.5418 -0.6078 -0.3419 -0.4691 0.9094 0.035 0.4042 -0.0925
0.7485 -0.0486 -0.585 -0.3086 0.3642 -0.6948 0.556 -0.2747 0.8006 0.0194 -0.5524 0.2313 0.3801 0.4108 -0.7236 -0.404 0.7301 -0.2414 -0.6392 1.0E-4 0.7486 0.3677 -0.5366 0.1279 0.8152 0.1282 0.5648 -0.0064 0.6287 0.3492 -0.6699 0.1846 0.5418 -0.6078 -0.3419 -0.4691 0.9094 0.035 0.4042 -0.0925
0.7485 -0.0486 -0.585 -0.3086 0.3642 -0.6948 0.556 -0.2747 0.8006 0.0194 -0.5524 0.2313 0.3801 0.4108 -0.7236 -0.404 0.7301 -0.2414 -0.6392 1.0E-4 0.7486 0.3677 -0.5366 0.1279 0.8152 0.1282 0.5648 -0.0064 0.6287 0.3492 -0.6699 0.1846 0.5418 -0.6078 -0.3419 -0.4691 0.9094 0.035 0.4042 -0.0925
0.7383 -0.0744 -0.5906 -0.3171 0.3566 -0.6786 0.5788 -0.2779 0.8006 0.0194 -0.5524 0.2313 0.3723 0.4091 -0.7218 -0.4159 0.754 -0.2581 -0.6041 -0.004 0.8376 0.1411 -0.5274 0.0205 0.8811 0.0548 0.4424 -0.1578 0.6287 0.3492 -0.6699 0.1846 0.5125 -0.6752 -0.2942 -0.4413 0.9094 0.035 0.4042 -0.0925
0.7383 -0.0744 -0.5906 -0.3171 0.3566 -0.6786 0.5788 -0.2779 0.8006 0.0194 -0.5524 0.2313 0.3723 0.4091 -0.7218 -0.4159 0.754 -0.2581 -0.6041 -0.004 0.8376 0.1411 -0.5274 0.0205 0.8811 0.0548 0.4424 -0.1578 0.6287 0.3492 -0.6699 0.1846 0.5125 -0.6752 -0.2942 -0.4413 0.9094 0.035 0.4042 -0.0925
0.7383 -0.0744 -0.5906 -0.3171 0.3566 -0.6786 0.5788 -0.2779 0.8006 0.0194 -0.5524 0.2313 0.3723 0.4091 -0.7218 -0.4159 0.754 -0.2581 -0.6041 -0.004 0.8376 0.1411 -0.5274 0.0205 0.8811 0.0548 0.4424 -0.1578 0.6287 0.3492 -0.6699 0.1846 0.5125 -0.6752 -0.2942 -0.4413 0.9094 0.035 0.4042 -0.0925
0.7383 -0.0744 -0.5906 -0.3171 0.3566 -0.6786 0.5788 -0.2779 0.8006 0.0194 -0.5524 0.2313 0.3723 0.4091 -0.7218 -0.4159 0.754 -0.2581 -0.6041 -0.004 0.8376 0.1411 -0.5274 0.0205 0.8811 0.0548 0.4424 -0.1578 0.6287 0.3492 -0.6699 0.1846 0.5125 -0.6752 -0.2942 -0.4413 0.9094 0.035 0.4042 -0.0925
0.7383 -0.0744 -0.5906 -0.3171 0.3566 -0.6786 0.5788 -0.2779 0.8096 0.0044 -0.5509 0.2026 0.3723 0.4091 -0.7218 -0.4159 0.754 -0.2581 -0.6041 -0.004 0.8376 0.1411 -0.5274 0.0205 0.8811 0.0548 0.4424 -0.1578 0.6199 0.3381 -0.6816 0.192 0.5125 -0.6752 -0.2942 -0.4413 0.9047 0.0442 0.4141 -0.0897
0.7383 -0.0744 -0.5906 -0.3171 0.3475 -0.6763 0.5892 -0.2734 0.8096 0.0044 -0.5509 0.2026 0.3723 0.4091 -0.7218 -0.4159 0.754 -0.2581 -0.6041 -0.004 0.8376 0.1411 -0.5274 0.0205 0.8811 0.0548 0.4424 -0.1578 0.6199 0.3381 -0.6816 0.192 0.5125 -0.6752 -0.2942 -0.4413 0.9047 0.0442 0.4141 -0.0897
0.7383 -0.0744 -0.5906 -0.3171 0.3475 -0.6763 0.5892 -0.2734 0.8096 0.0044 -0.5509 0.2026 0.3723 0.4091 -0.7218 -0.4159 0.754 -0.2581 -0.6041 -0.004 0.8376 0.1411 -0.5274 0.0205 0.8811 0.0548 0.4424 -0.1578 0.6199 0.3381 -0.6816 0.192 0.5125 -0.6752 -0.2942 -0.4413 0.9047 0.0442 0.4141 -0.0897
0.7383 -0.0744 -0.5906 -0.3171 0.3475 -0.6763 0.5892 -0.2734 0.8096 0.0044 -0.5509 0.2026 0.3723 0.4091 -0.7218 -0.4159 0.754 -0.2581 -0.6041 -0.004 0.8376 0.1411 -0.5274 0.0205 0.8811 0.0548 0.4424 -0.1578 0.6199 0.3381 -0.6816 0.192 0.5125 -0.6752 -0.2942 -0.4413 0.9047 0.0442 0.4141 -0.0897
0.7304 -0.081 -0.5932 -0.3287 0.3475 -0.6763 0.5892 -0.2734 0.8096 0.0044 -0.5509 0.2026 0.3572 0.3884 -0.7355 -0.425 0.7259 -0.3049 -0.6165 0.0064 0.7967 0.0521 -0.5993 0.0587 0.8984 0.132 0.4099 -0.086 0.6199 0.3381 -0.6816 0.192 0.5141 -0.6797 -0.2889 -0.4362 0.9047 0.0442 0.4141 -0.0897
0.7304 -0.081 -0.5932 -0.3287 0.3475 -0.6763 0.5892 -0.2734 0.8096 0.0044 -0.5509 0.2026 0.3572 0.3884 -0.7355 -0.425 0.7259 -0.3049 -0.6165 0.0064 0.7967 0.0521 -0.5993 0.0587 0.8984 0.132 0.4099 -0.086 0.6199 0.3381 -0.6816 0.192 0.5141 -0.6797 -0.2889 -0.4362 0.9047 0.0442 0.4141 -0.0897
0.7304 -0.081 -0.5932 -0.3287 0.3475 -0.6763 0.5892 -0.2734 0.8096 0.0044 -0.5509 0.2026 0.3572 0.3884 -0.7355 -0.425 0.7259 -0.3049 -0.6165 0.0064 0.7967 0.0521 -0.5993 0.0587 0.8984 0.132 0.4099 -0.086 0.6213 0.3333 -0.6783 0.2067 0.5141 -0.6797 -0.2889 -0.4362 0.9047 0.0442 0.4141 -0.0897
0.7304 -0.081 -0.5932 -0.3287 0.3475 -0.6763 0.5892 -0.2734 0.8124 -0.0181 -0.5552 0.1774 0.3572 0.3884 -0.7355 -0.425 0.7259 -0.3049 -0.6165 0.0064 0.7967 0.0521 -0.5993 0.0587 0.8984 0.132 0.4099 -0.086 0.6213 0.3333 -0.6783 0.2067 0.5141 -0.6797 -0.2889 -0.4362 0.8914 0.0449 0.4418 -0.0913
0.7304 -0.081 -0.5932 -0.3287 0.3475 -0.6763 0.5892 -0.2734 0.8124 -0.0181 -0.5552 0.1774 0.3572 0.3884 -0.7355 -0.425 0.7259 -0.3049 -0.6165 0.0064 0.7967 0.0521 -0.5993 0.0587 0.8984 0.132 0.4099 -0.086 0.6213 0.3333 -0.6783 0.2067 0.5141 -0.6797 -0.2889 -0.4362 0.8914 0.0449 0.4418 -0.0913
0.7304 -0.081 -0.5932 -0.3287 0.3475 -0.6763 0.5892 -0.2734 0.8124 -0.0181 -0.5552 0.1774 0.3572 0.3884 -0.7355 -0.425 0.7259 -0.3049 -0.6165 0.0064 0.7967 0.0521 -0.5993 0.0587 0.8984 0.132 0.4099 -0.086 0.6213 0.3333 -0.6783 0.2067 0.5141 -0.6797 -0.2889 -0.4362 0.8914 0.0449 0.4418 -0.0913
0.7228 -0.0722 -0.5984 -0.3381 0.3323 -0.6813 0.5884 -0.2814 0.8124 -0.0181 -0.5552 0.1774 0.3516 0.376 -0.741 -0.4312 0.6892 -0.2886 -0.6614 0.0646 0.7623 0.0992 -0.6337 0.0868 0.8782 0.1656 0.4451 0.0571 0.6213 0.3333 -0.6783 0.2067 0.5377 -0.6725 -0.2898 -0.4178 0.8914 0.0449 0.4418 -0.0913
0.7228 -0.0722 -0.5984 -0.3381 0.3323 -0.6813 0.5884 -0.2814 0.8124 -0.0181 -0.5552 0.1774 0.3516 0.376 -0.741 -0.4312 0.6892 -0.2886 -0.6614 0.0646 0.7623 0.0992 -0.6337 0.0868 0.8782 0.1656 0.4451 0.0571 0.6213 0.3333 -0.6783 0.2067 0.5377 -0.6725 -0.2898 -0.4178 0.8914 0.0449 0.4418 -0.0913
0.7228 -0.0722 -0.5984 -0.3381 0.3323 -0.6813 0.5884 -0.2814 0.8124 -0.0181 -0.5552 0.1774 0.3516 0.376 -0.741 -0.4312 0.6892 -0.2886 -0.6614 0.0646 0.7623 0.0992 -0.6337 0.0868 0.8782 0.1656 0.4451 0.0571 0.6213 0.3333 -0.6783 0.2067 0.5377 -0.6725 -0.2898 -0.4178 0.8914 0.0449 0.4418 -0.0913
0.7228 -0.0722 -0.5984 -0.3381 0.3323 -0.6813 0.5884 -0.2814 0.8124 -0.0181 -0.5552 0.1774 0.3516 0.376 -0.741 -0.4312 0.6892 -0.2886 -0.6614 0.0646 0.7623 0.0992 -0.6337 0.0868 0.8782 0.1656 0.4451 0.0571 0.6128 0.3505 -0.6611 0.2541 0.5377 -0.6725 -0.2898 -0.4178 0.8914 0.0449 0.4418 -0.0913
0.7228 -0.0722 -0.5984 -0.3381 0.3323 -0.6813 0.5884 -0.2814 0.8124 -0.0181 -0.5552 0.1774 0.3516 0.376 -0.741 -0.4312 0.6892 -0.2886 -0.6614 0.0646 0.7623 0.0992 -0.6337 0.0868 0.8782 0.1656 0.4451 0.0571 0.6128 0.3505 -0.6611 0.2541 0.5377 -0.6725 -0.2898 -0.4178 0.8914 0.0449 0.4418 -0.0913
0.7228 -0.0722 -0.5984 -0.3381 0.3374 -0.7015 0.5688 -0.2657 0.8124 -0.0181 -0.5552 0.1774 0.3516 0.376 -0.741 -0.4312 0.6892 -0.2886 -0.6614 0.0646 0.7623 0.0992 -0.6337 0.0868 0.8782 0.1656 0.4451 0.0571 0.6128 0.3505 -0.6611 0.2541 0.5377 -0.6725 -0.2898 -0.4178 0.8914 0.0449 0.4418 -0.0913
0.7228 -0.0722 -0.5984 -0.3381 0.3374 -0.7015 0.5688 -0.2657 0.8124 -0.0181 -0.5552 0.1774 0.3676 0.3835 -0.7347 -0.4218 0.6892 -0.2886 -0.6614 0.0646 0.7623 0.0992 -0.6337 0.0868 0.8782 0.1656 0.4451 0.0571 0.6128 0.3505 -0.6611 0.2541 0.5377 -0.6725 -0.2898 -0.4178 0.8914 0.0449 0.4418 -0.0913
0.7228 -0.0722 -0.5984 -0.3381 0.3374 -0.7015 0.5688 -0.2657 0.8124 -0.0181 -0.5552 0.1774 0.3676 0.3835 -0.7347 -0.4218 0.6892 -0.2886 -0.6614 0.0646 0.7623 0.0992 -0.6337 0.0868 0.8782 0.1656 0.4451 0.0571 0.6128 0.3505 -0.6611 0.2541 0.5377 -0.6725 -0.2898 -0.4178 0.8914 0.0449 0.4418 -0.0913
0.7228 -0.0722 -0.5984 -0.3381 0.3374 -0.7015 0.5688 -0.2657 0.8124 -0.0181 -0.5552 0.1774 0.3676 0.3835 -0.7347 -0.4218 0.6555 -0.241 -0.7104 0.087 0.7623 0.0992 -0.6337 0.0868 0.9125 0.1005 0.3962 0.0178 0.6128 0.3505 -0.6611 0.2541 0.5377 -0.6725 -0.2898 -0.4178 0.8914 0.0449 0.4418 -0.0913
0.7228 -0.0722 -0.5984 -0.3381 0.3374 -0.7015 0.5688 -0.2657 0.8124 -0.0181 -0.5552 0.1774 0.3676 0.3835 -0.7347 -0.4218 0.6555 -0.241 -0.7104 0.087 0.7623 0.0992 -0.6337 0.0868 0.9125 0.1005 0.3962 0.0178 0.6128 0.3505 -0.6611 0.2541 0.5377 -0.6725 -0.2898 -0.4178 0.8914 0.0449 0.4418 -0.0913
0.7228 -0.0722 -0.5984 -0.3381 0.3374 -0.7015 0.5688 -0.2657 0.8124 -0.0181 -0.5552 0.1774 0.3676 0.3835 -0.7347 -0.4218 0.6555 -0.241 -0.7104 0.087 0.7623 0.0992 -0.6337 0.0868 0.9125 0.1005 0.3962 0.0178 0.6279 0.3571 -0.6337 0.2769 0.5377 -0.6725 -0.2898 -0.4178 0.8914 0.0449 0.4418 -0.0913
0.7228 -0.0722 -0.5984 -0.3381 0.3374 -0.7015 0.5688 -0.2657 0.8094 0.0056 -0.5405 0.2293 0.3676 0.3835 -0.7347 -0.4218 0.6555 -0.241 -0.7104 0.087 0.7623 0.0992 -0.6337 0.0868 0.9125 0.1005 0.3962 0.0178 0.6279 0.3571 -0.6337 0.2769 0.5377 -0.6725 -0.2898 -0.4178 0.8361 0.01 0.5335 -0.1276
0.7228 -0.0722 -0.5984 -0.3381 0.3374 -0.7015 0.5688 -0.2657 0.8094 0.0056 -0.5405 0.2293 0.3676 0.3835 -0.7347 -0.4218 0.6555 -0.241 -0.7104 0.087 0.7623 0.0992 -0.6337 0.0868 0.9125 0.1005 0.3962 0.0178 0.6279 0.3571 -0.6337 0.2769 0.5377 -0.6725 -0.2898 -0.4178 0.8361 0.01 0.5335 -0.1276
0.7472 -0.0385 -0.6147 -0.2497 0.3641 -0.7116 0.5508 -0.2402 0.8094 0.0056 -0.5405 0.2293 0.3676 0.3835 -0.7347 -0.4218 0.6555 -0.241 -0.7104 0.087 0.7468 0.2429 -0.6027 0.1416 0.9125 0.1005 0.3962 0.0178 0.6279 0.3571 -0.6337 0.2769 0.5377 -0.6725 -0.2898 -0.4178 0.8361 0.01 0.5335 -0.1276
0.7472 -0.0385 -0.6147 -0.2497 0.3641 -0.7116 0.5508 -0.2402 0.8094 0.0056 -0.5405 0.2293 0.3676 0.3835 -0.7347 -0.4218 0.6454 -0.2177 -0.7267 0.0895 0.7468 0.2429 -0.6027 0.1416 0.9262 0.093 0.3652 0.0083 0.6279 0.3571 -0.6337 0.2769 0.6443 -0.6379 -0.2508 -0.3392 0.8361 0.01 0.5335 -0.1276
0.7472 -0.0385 -0.6147 -0.2497 0.3641 -0.7116 0.5508 -0.2402 0.8094 0.0056 -0.5405 0.2293 0.3676 0.3835 -0.7347 -0.4218 0.6454 -0.2177 -0.7267 0.0895 0.7468 0.2429 -0.6027 0.1416 0.9262 0.093 0.3652 0.0083 0.6279 0.3571 -0.6337 0.2769 0.6443 -0.6379 -0.2508 -0.3392 0.8361 0.01 0.5335 -0.1276
0.7472 -0.0385 -0.6147 -0.2497 0.3641 -0.7116 0.5508 -0.2402 0.8094 0.0056 -0.5405 0.2293 0.3676 0.3835 -0.7347 -0.4218 0.6454 -0.2177 -0.7267 0.0895 0.7468 0.2429 -0.6027 0.1416 0.9262 0.093 0.3652 0.0083 0.6646 0.3687 -0.587 0.2789 0.6443 -0.6379 -0.2508 -0.3392 0.8361 0.01 0.5335 -0.1276
0.7472 -0.0385 -0.6147 -0.2497 0.3641 -0.7116 0.5508 -0.2402 0.8002 0.0116 -0.549 0.2412 0.3676 0.3835 -0.7347 -0.4218 0.6454 -0.2177 -0.7267 0.0895 0.7468 0.2429 -0.6027 0.1416 0.9262 0.093 0.3652 0.0083 0.6646 0.3687 -0.587 0.2789 0.6443 -0.6379 -0.2508 -0.3392 0.8361 0.01 0.5335 -0.1276
0.7472 -0.0385 -0.6147 -0.2497 0.3641 -0.7116 0.5508 -0.2402 0.8002 0.0116 -0.549 0.2412 0.3676 0.3835 -0.7347 -0.4218 0.6454 -0.2177 -0.7267 0.0895 0.7468 0.2429 -0.6027 0.1416 0.9262 0.093 0.3652 0.0083 0.6646 0.3687 -0.587 0.2789 0.6443 -0.6379 -0.2508 -0.3392 0.8361 0.01 0.5335 -0.1276
0.7472 -0.0385 -0.6147 -0.2497 0.3641 -0.7116 0.5508 -0.2402 0.8002 0.0116 -0.549 0.2412 0.3676 0.3835 -0.7347 -0.4218 0.6454 -0.2177 -0.7267 0.0895 0.7468 0.2429 -0.6027 0.1416 0.9262 0.093 0.3652 0.0083 0.6646 0.3687 -0.587 0.2789 0.6443 -0.6379 -0.2508 -0.3392 0.8361 0.01 0.5335 -0.1276
0.7472 -0.0385 -0.6147 -0.2497 0.3641 -0.7116 0.5508 -0.2402 0.8002 0.0116 -0.549 0.2412 0.3676 0.3835 -0.7347 -0.4218 0.6454 -0.2177 -0.7267 0.0895 0.7468 0.2429 -0.6027 0.1416 0.9262 0.093 0.3652 0.0083 0.6646 0.3687 -0.587 0.2789 0.6443 -0.6379 -0.2508 -0.3392 0.8361 0.01 0.5335 -0.1276
0.7498 -0.0301 -0.6094 -0.2559 0.3625 -0.7213 0.5397 -0.2392 0.8002 0.0116 -0.549 0.2412 0.3805 0.4178 -0.7253 -0.3932 0.6344 -0.1643 -0.7501 0.0886 0.7407 0.2771 -0.5948 0.1442 0.9269 0.0895 0.3644 0.0036 0.6646 0.3687 -0.587 0.2789 0.6567 -0.6405 -0.2104 -0.3378 0.8361 0.01 0.5335 -0.1276
0.7498 -0.0301 -0.6094 -0.2559 0.3625 -0.7213 0.5397 -0.2392 0.8002 0.0116 -0.549 0.2412 0.3805 0.4178 -0.7253 -0.3932 0.6344 -0.1643 -0.7501 0.0886 0.7407 0.2771 -0.5948 0.1442 0.9269 0.0895 0.3644 0.0036 0.6646 0.3687 -0.587 0.2789 0.6567 -0.6405 -0.2104 -0.3378 0.8361 0.01 0.5335 -0.1276
0.7498 -0.0301 -0.6094 -0.2559 0.3625 -0.7213 0.5397 -0.2392 0.8002 0.0116 -0.549 0.2412 0.3805 0.4178 -0.7253 -0.3932 0.6344 -0.1643 -0.7501 0.0886 0.7407 0.2771 -0.5948 0.1442 0.9269 0.0895 0.3644 0.0036 0.6646 0.3687 -0.587 0.2789 0.6567 -0.6405 -0.2104 -0.3378 0.8361 0.01 0.5335 -0.1276
0.7498 -0.0301 -0.6094 -0.2559 0.3625 -0.7213 0.5397 -0.2392 0.8002 0.0116 -0.549 0.2412 0.3805 0.4178 -0.7253 -0.3932 0.6344 -0.1643 -0.7501 0.0886 0.7407 0.2771 -0.5948 0.1442 0.9269 0.0895 0.3644 0.0036 0.6807 0.3898 -0.5438 0.2983 0.6567 -0.6405 -0.2104 -0.3378 0.8361 0.01 0.5335 -0.1276
0.7498 -0.0301 -0.6094 -0.2559 0.3625 -0.7213 0.5397 -0.2392 0.8002 0.0116 -0.549 0.2412 0.3805 0.4178 -0.7253 -0.3932 0.6344 -0.1643 -0.7501 0.0886 0.7407 0.2771 -0.5948 0.1442 0.9269 0.0895 0.3644 0.0036 0.6807 0.3898 -0.5438 0.2983 0.6567 -0.6405 -0.2104 -0.3378 0.8361 0.01 0.5335 -0.1276
0.7498 -0.0301 -0.6094 -0.2559 0.3625 -0.7213 0.5397 -0.2392 0.8002 0.0116 -0.549 0.2412 0.3805 0.4178 -0.7253 -0.3932 0.6344 -0.1643 -0.7501 0.0886 0.7407 0.2771 -0.5948 0.1442 0.9269 0.0895 0.3644 0.0036 0.6807 0.3898 -0.5438 0.2983 0.6567 -0.6405 -0.2104 -0.3378 0.8361 0.01 0.5335 -0.1276
0.7498 -0.0301 -0.6094 -0.2559 0.3625 -0.7213 0.5397 -0.2392 0.8002 0.0116 -0.549 0.2412 0.3805 0.4178 -0.7253 -0.3932 0.6344 -0.1643 -0.7501 0.0886 0.7407 0.2771 -0.5948 0.1442 0.9269 0.0895 0.3644 0.0036 0.6807 0.3898 -0.5438 0.2983 0.6567 -0.6405 -0.2104 -0.3378 0.8361 0.01 0.5335 -0.1276
0.7601 -0.0132 -0.6064 -0.2332 0.373 -0.7345 0.5188 -0.2286 0.8002 0.0116 -0.549 0.2412 0.3904 0.4413 -0.7029 -0.3986 0.6204 -0.1295 -0.7703 0.07 0.731 0.3069 -0.5895 0.1549 0.9285 0.0816 0.3621 -0.0034 0.6807 0.3898 -0.5438 0.2983 0.7003 -0.5397 -0.308 -0.3513 0.8361 0.01 0.5335 -0.1276
0.7601 -0.0132 -0.6064 -0.2332 0.373 -0.7345 0.5188 -0.2286 0.8002 0.0116 -0.549 0.2412 0.3904 0.4413 -0.7029 -0.3986 0.6204 -0.1295 -0.7703 0.07 0.731 0.3069 -0.5895 0.1549 0.9285 0.0816 0.3621 -0.0034 0.6807 0.3898 -0.5438 0.2983 0.7003 -0.5397 -0.308 -0.3513 0.8361 0.01 0.5335 -0.1276
0.7601 -0.0132 -0.6064 -0.2332 0.373 -0.7345 0.5188 -0.2286 0.8002 0.0116 -0.549 0.2412 0.3904 0.4413 -0.7029 -0.3986 0.6204 -0.1295 -0.7703 0.07 0.731 0.3069 -0.5895 0.1549 0.9285 0.0816 0.3621 -0.0034 0.6807 0.3898 -0.5438 0.2983 0.7003 -0.5397 -0.308 -0.3513 0.8361 0.01 0.5335 -0.1276
0.7601 -0.0132 -0.6064 -0.2332 0.373 -0.7345 0.5188 -0.2286 0.8002 0.0116 -0.549 0.2412 0.3904 0.4413 -0.7029 -0.3986 0.6204 -0.1295 -0.7703 0.07 0.731 0.3069 -0.5895 0.1549 0.9285 0.0816 0.3621 -0.0034 0.6875 0.4138 -0.5132 0.3045 0.7003 -0.5397 -0.308 -0.3513 0.8361 0.01 0.5335 -0.1276
0.7601 -0.0132 -0.6064 -0.2332 0.373 -0.7345 0.5188 -0.2286 0.8002 0.0116 -0.549 0.2412 0.3904 0.4413 -0.7029 -0.3986 0.6204 -0.1295 -0.7703 0.07 0.731 0.3069 -0.5895 0.1549 0.9285 0.0816 0.3621 -0.0034 0.6875 0.4138 -0.5132 0.3045 0.7003 -0.5397 -0.308 -0.3513 0.8361 0.01 0.5335 -0.1276
0.7601 -0.0132 -0.6064 -0.2332 0.373 -0.7345 0.5188 -0.2286 0.8002 0.0116 -0.549 0.2412 0.3904 0.4413 -0.7029 -0.3986 0.6204 -0.1295 -0.7703 0.07 0.731 0.3069 -0.5895 0.1549 0.9285 0.0816 0.3621 -0.0034 0.6875 0.4138 -0.5132 0.3045 0.7003 -0.5397 -0.308 -0.3513 0.8361 0.01 0.5335 -0.1276
0.7601 -0.0132 -0.6064 -0.2332 0.3846 -0.7431 0.5035 -0.2153 0.8002 0.0116 -0.549 0.2412 0.4059 0.4595 -0.6919 -0.3814 0.6204 -0.1295 -0.7703 0.07 0.7299 0.316 -0.5887 0.1439 0.9285 0.0816 0.3621 -0.0034 0.6875 0.4138 -0.5132 0.3045 0.7003 -0.5397 -0.308 -0.3513 0.8361 0.01 0.5335 -0.1276
0.7601 -0.0132 -0.6064 -0.2332 0.3846 -0.7431 0.5035 -0.2153 0.8002 0.0116 -0.549 0.2412 0.4059 0.4595 -0.6919 -0.3814 0.6213 -0.1103 -0.7744 0.0466 0.7299 0.316 -0.5887 0.1439 0.9216 0.0786 0.3801 -0.0081 0.6875 0.4138 -0.5132 0.3045 0.6379 -0.5189 -0.3914 -0.4131 0.8361 0.01 0.5335 -0.1276
0.7601 -0.0132 -0.6064 -0.2332 0.3846 -0.7431 0.5035 -0.2153 0.8002 0.0116 -0.549 0.2412 0.4059 0.4595 -0.6919 -0.3814 0.6213 -0.1103 -0.7744 0.0466 0.7299 0.316 -0.5887 0.1439 0.9216 0.0786 0.3801 -0.0081 0.6875 0.4138 -0.5132 0.3045 0.6379 -0.5189 -0.3914 -0.4131 0.8361 0.01 0.5335 -0.1276
0.7601 -0.0132 -0.6064 -0.2332 0.3846 -0.7431 0.5035 -0.2153 0.8002 0.0116 -0.549 0.2412 0.4059 0.4595 -0.6919 -0.3814 0.6213 -0.1103 -0.7744 0.0466 0.7299 0.316 -0.5887 0.1439 0.9216 0.0786 0.3801 -0.0081 0.6875 0.4138 -0.5132 0.3045 0.6379 -0.5189 -0.3914 -0.4131 0.8361 0.01 0.5335 -0.1276
0.7601 -0.0132 -0.6064 -0.2332 0.3846 -0.7431 0.5035 -0.2153 0.8002 0.0116 -0.549 0.2412 0.4059 0.4595 -0.6919 -0.3814 0.6213 -0.1103 -0.7744 0.0466 0.7299 0.316 -0.5887 0.1439 0.9216 0.0786 0.3801 -0.0081 0.6875 0.4138 -0.5132 0.3045 0.6379 -0.5189 -0.3914 -0.4131 0.8943 -0.0094 0.4388 -0.0861
0.7601 -0.0132 -0.6064 -0.2332 0.3846 -0.7431 0.5035 -0.2153 0.8002 0.0116 -0.549 0.2412 0.4059 0.4595 -0.6919 -0.3814 0.6213 -0.1103 -0.7744 0.0466 0.7299 0.316 -0.5887 0.1439 0.9216 0.0786 0.3801 -0.0081 0.6875 0.4138 -0.5132 0.3045 0.6379 -0.5189 -0.3914 -0.4131 0.8943 -0.0094 0.4388 -0.0861
0.7601 -0.0132 -0.6064 -0.2332 0.3846 -0.7431 0.5035 -0.2153 0.8002 0.0116 -0.549 0.2412 0.4059 0.4595 -0.6919 -0.3814 0.6213 -0.1103 -0.7744 0.0466 0.7299 0.316 -0.5887 0.1439 0.9216 0.0786 0.3801 -0.0081 0.6875 0.4138 -0.5132 0.3045 0.6379 -0.5189 -0.3914 -0.4131 0.8943 -0.0094 0.4388 -0.0861
0.7601 -0.0132 -0.6064 -0.2332 0.3846 -0.7431 0.5035 -0.2153 0.8002 0.0116 -0.549 0.2412 0.4059 0.4595 -0.6919 -0.3814 0.6213 -0.1103 -0.7744 0.0466 0.7299 0.316 -0.5887 0.1439 0.9216 0.0786 0.3801 -0.0081 0.6875 0.4138 -0.5132 0.3045 0.6379 -0.5189 -0.3914 -0.4131 0.8943 -0.0094 0.4388 -0.0861
0.7601 0.0068 -0.6141 -0.2122 0.3755 -0.75 0.4995 -0.2168 0.8002 0.0116 -0.549 0.2412 0.4066 0.4547 -0.6979 -0.3755 0.6326 -0.1147 -0.7653 0.0303 0.7448 0.3171 -0.5764 0.1113 0.897 0.0761 0.4352 -0.0151 0.6875 0.4138 -0.5132 0.3045 0.5673 -0.5419 -0.4248 -0.4518 0.8943 -0.0094 0.4388 -0.0861
0.7601 0.0068 -0.6141 -0.2122 0.3755 -0.75 0.4995 -0.2168 0.8002 0.0116 -0.549 0.2412 0.4066 0.4547 -0.6979 -0.3755 0.6326 -0.1147 -0.7653 0.0303 0.7448 0.3171 -0.5764 0.1113 0.897 0.0761 0.4352 -0.0151 0.6875 0.4138 -0.5132 0.3045 0.5673 -0.5419 -0.4248 -0.4518 0.8943 -0.0094 0.4388 -0.0861
0.7601 0.0068 -0.6141 -0.2122 0.3755 -0.75 0.4995 -0.2168 0.8002 0.0116 -0.549 0.2412 0.4066 0.4547 -0.6979 -0.3755 0.6326 -0.1147 -0.7653 0.0303 0.7448 0.3171 -0.5764 0.1113 0.897 0.0761 0.4352 -0.0151 0.68 0.4265 -0.5518 0.2263 0.5673 -0.5419 -0.4248 -0.4518 0.8943 -0.0094 0.4388 -0.0861
0.7601 0.0068 -0.6141 -0.2122 0.3755 -0.75 0.4995 -0.2168 0.8002 0.0116 -0.549 0.2412 0.4066 0.4547 -0.6979 -0.3755 0.6326 -0.1147 -0.7653 0.0303 0.7448 0.3171 -0.5764 0.1113 0.897 0.0761 0.4352 -0.0151 0.68 0.4265 -0.5518 0.2263 0.5673 -0.5419 -0.4248 -0.4518 0.8943 -0.0094 0.4388 -0.0861
0.7601 0.0068 -0.6141 -0.2122 0.3755 -0.75 0.4995 -0.2168 0.8002 0.0116 -0.549 0.2412 0.4066 0.4547 -0.6979 -0.3755 0.6326 -0.1147 -0.7653 0.0303 0.7448 0.3171 -0.5764 0.1113 0.897 0.0761 0.4352 -0.0151 0.68 0.4265 -0.5518 0.2263 0.5673 -0.5419 -0.4248 -0.4518 0.8943 -0.0094 0.4388 -0.0861
0.7601 0.0068 -0.6141 -0.2122 0.3755 -0.75 0.4995 -0.2168 0.8002 0.0116 -0.549 0.2412 0.4066 0.4547 -0.6979 -0.3755 0.6326 -0.1147 -0.7653 0.0303 0.7448 0.3171 -0.5764 0.1113 0.897 0.0761 0.4352 -0.0151 0.68 0.4265 -0.5518 0.2263 0.5673 -0.5419 -0.4248 -0.4518 0.8943 -0.0094 0.4388 -0.0861
0.7601 0.0068 -0.6141 -0.2122 0.3755 -0.75 0.4995 -0.2168 0.8002 0.0116 -0.549 0.2412 0.4066 0.4547 -0.6979 -0.3755 0.6326 -0.1147 -0.7653 0.0303 0.7448 0.3171 -0.5764 0.1113 0.897 0.0761 0.4352 -0.0151 0.68 0.4265 -0.5518 0.2263 0.5673 -0.5419 -0.4248 -0.4518 0.8943 -0.0094 0.4388 -0.0861
0.7546 9.0E-4 -0.6163 -0.225 0.3666 -0.7565 0.4998 -0.2085 0.8002 0.0116 -0.549 0.2412 0.3685 0.4263 -0.7263 -0.3937 0.6518 -0.1423 -0.7448 0.0157 0.7733 0.3143 -0.548 0.0529 0.8578 0.0908 0.5056 -0.017 0.68 0.4265 -0.5518 0.2263 0.5716 -0.5684 -0.4115 -0.4254 0.8943 -0.0094 0.4388 -0.0861
0.7546 9.0E-4 -0.6163 -0.225 0.3666 -0.7565 0.4998 -0.2085 0.8002 0.0116 -0.549 0.2412 0.3685 0.4263 -0.7263 -0.3937 0.6518 -0.1423 -0.7448 0.0157 0.7733 0.3143 -0.548 0.0529 0.8578 0.0908 0.5056 -0.017 0.68 0.4265 -0.5518 0.2263 0.5716 -0.5684 -0.4115 -0.4254 0.8943 -0.0094 0.4388 -0.0861
0.7546 9.0E-4 -0.6163 -0.225 0.3666 -0.7565 0.4998 -0.2085 0.8002 0.0116 -0.549 0.2412 0.3685 0.4263 -0.7263 -0.3937 0.6518 -0.1423 -0.7448 0.0157 0.7733 0.3143 -0.548 0.0529 0.8578 0.0908 0.5056 -0.017 0.68 0.4265 -0.5518 0.2263 0.5716 -0.5684 -0.4115 -0.4254 0.8943 -0.0094 0.4388 -0.0861
0.7546 9.0E-4 -0.6163 -0.225 0.3666 -0.7565 0.4998 -0.2085 0.8002 0.0116 -0.549 0.2412 0.3685 0.4263 -0.7263 -0.3937 0.6518 -0.1423 -0.7448 0.0157 0.7733 0.3143 -0.548 0.0529 0.8578 0.0908 0.5056 -0.017 0.675 0.3931 -0.5905 0.2027 0.5716 -0.5684 -0.4115 -0.4254 0.8943 -0.0094 0.4388 -0.0861
0.7546 9.0E-4 -0.6163 -0.225 0.3666 -0.7565 0.4998 -0.2085 0.8002 0.0116 -0.549 0.2412 0.3685 0.4263 -0.7263 -0.3937 0.6518 -0.1423 -0.7448 0.0157 0.7733 0.3143 -0.548 0.0529 0.8578 0.0908 0.5056 -0.017 0.675 0.3931 -0.5905 0.2027 0.5716 -0.5684 -0.4115 -0.4254 0.8943 -0.0094 0.4388 -0.0861
0.7546 9.0E-4 -0.6163 -0.225 0.3666 -0.7565 0.4998 -0.2085 0.8002 0.0116 -0.549 0.2412 0.3685 0.4263 -0.7263 -0.3937 0.6518 -0.1423 -0.7448 0.0157 0.7733 0.3143 -0.548 0.0529 0.8578 0.0908 0.5056 -0.017 0.675 0.3931 -0.5905 0.2027 0.5716 -0.5684 -0.4115 -0.4254 0.8943 -0.0094 0.4388 -0.0861
0.7378 -0.0324 -0.6185 -0.2684 0.3503 -0.7413 0.5344 -0.205 0.8002 0.0116 -0.549 0.2412 0.3685 0.4263 -0.7263 -0.3937 0.6518 -0.1423 -0.7448 0.0157 0.8101 0.3207 -0.4904 -0.0192 0.8578 0.0908 0.5056 -0.017 0.675 0.3931 -0.5905 0.2027 0.5716 -0.5684 -0.4115 -0.4254 0.8943 -0.0094 0.4388 -0.0861
0.7378 -0.0324 -0.6185 -0.2684 0.3503 -0.7413 0.5344 -0.205 0.8002 0.0116 -0.549 0.2412 0.3685 0.4263 -0.7263 -0.3937 0.6518 -0.1423 -0.7448 0.0157 0.8101 0.3207 -0.4904 -0.0192 0.8578 0.0908 0.5056 -0.017 0.675 0.3931 -0.5905 0.2027 0.5425 -0.6288 -0.3487 -0.4343 0.8943 -0.0094 0.4388 -0.0861
0.7378 -0.0324 -0.6185 -0.2684 0.3503 -0.7413 0.5344 -0.205 0.8002 0.0116 -0.549 0.2412 0.3685 0.4263 -0.7263 -0.3937 0.6518 -0.1423 -0.7448 0.0157 0.8101 0.3207 -0.4904 -0.0192 0.7637 0.1569 0.623 0.0634 0.675 0.3931 -0.5905 0.2027 0.5425 -0.6288 -0.3487 -0.4343 0.8943 -0.0094 0.4388 -0.0861
0.7378 -0.0324 -0.6185 -0.2684 0.3503 -0.7413 0.5344 -0.205 0.8002 0.0116 -0.549 0.2412 0.3685 0.4263 -0.7263 -0.3937 0.6518 -0.1423 -0.7448 0.0157 0.8101 0.3207 -0.4904 -0.0192 0.7637 0.1569 0.623 0.0634 0.675 0.3931 -0.5905 0.2027 0.5425 -0.6288 -0.3487 -0.4343 0.8943 -0.0094 0.4388 -0.0861
0.7378 -0.0324 -0.6185 -0.2684 0.3503 -0.7413 0.5344 -0.205 0.8102 -0.0078 -0.5498 0.2031 0.3685 0.4263 -0.7263 -0.3937 0.6518 -0.1423 -0.7448 0.0157 0.8101 0.3207 -0.4904 -0.0192 0.7637 0.1569 0.623 0.0634 0.6533 0.3876 -0.62 0.1964 0.5425 -0.6288 -0.3487 -0.4343 0.9186 0.0323 0.3881 -0.0675
0.7378 -0.0324 -0.6185 -0.2684 0.3503 -0.7413 0.5344 -0.205 0.8102 -0.0078 -0.5498 0.2031 0.3685 0.4263 -0.7263 -0.3937 0.6518 -0.1423 -0.7448 0.0157 0.8101 0.3207 -0.4904 -0.0192 0.7637 0.1569 0.623 0.0634 0.6533 0.3876 -0.62 0.1964 0.5425 -0.6288 -0.3487 -0.4343 0.9186 0.0323 0.3881 -0.0675
0.7378 -0.0324 -0.6185 -0.2684 0.3503 -0.7413 0.5344 -0.205 0.8102 -0.0078 -0.5498 0.2031 0.3685 0.4263 -0.7263 -0.3937 0.6518 -0.1423 -0.7448 0.0157 0.8101 0.3207 -0.4904 -0.0192 0.7637 0.1569 0.623 0.0634 0.6533 0.3876 -0.62 0.1964 0.5425 -0.6288 -0.3487 -0.4343 0.9186 0.0323 0.3881 -0.0675
0.7378 -0.0324 -0.6185 -0.2684 0.3388 -0.7133 0.5674 -0.2333 0.8102 -0.0078 -0.5498 0.2031 0.3506 0.378 -0.7418 -0.4289 0.6518 -0.1423 -0.7448 0.0157 0.8144 0.3732 -0.4419 0.0468 0.7637 0.1569 0.623 0.0634 0.6533 0.3876 -0.62 0.1964 0.5181 -0.6597 -0.3232 -0.438 0.9186 0.0323 0.3881 -0.0675
0.7378 -0.0324 -0.6185 -0.2684 0.3388 -0.7133 0.5674 -0.2333 0.8102 -0.0078 -0.5498 0.2031 0.3506 0.378 -0.7418 -0.4289 0.6518 -0.1423 -0.7448 0.0157 0.8144 0.3732 -0.4419 0.0468 0.7637 0.1569 0.623 0.0634 0.6533 0.3876 -0.62 0.1964 0.5181 -0.6597 -0.3232 -0.438 0.9186 0.0323 0.3881 -0.0675
0.7378 -0.0324 -0.6185 -0.2684 0.3388 -0.7133 0.5674 -0.2333 0.8102 -0.0078 -0.5498 0.2031 0.3506 0.378 -0.7418 -0.4289 0.7272 -0.1996 -0.6558 0.0356 0.8144 0.3732 -0.4419 0.0468 0.7711 0.1049 0.6249 0.0621 0.6533 0.3876 -0.62 0.1964 0.5181 -0.6597 -0.3232 -0.438 0.9186 0.0323 0.3881 -0.0675
0.7378 -0.0324 -0.6185 -0.2684 0.3388 -0.7133 0.5674 -0.2333 0.8102 -0.0078 -0.5498 0.2031 0.3506 0.378 -0.7418 -0.4289 0.7272 -0.1996 -0.6558 0.0356 0.8144 0.3732 -0.4419 0.0468 0.7711 0.1049 0.6249 0.0621 0.6533 0.3876 -0.62 0.1964 0.5181 -0.6597 -0.3232 -0.438 0.9186 0.0323 0.3881 -0.0675
0.7378 -0.0324 -0.6185 -0.2684 0.3388 -0.7133 0.5674 -0.2333 0.8102 -0.0078 -0.5498 0.2031 0.3506 0.378 -0.7418 -0.4289 0.7272 -0.1996 -0.6558 0.0356 0.8144 0.3732 -0.4419 0.0468 0.7711 0.1049 0.6249 0.0621 0.6533 0.3876 -0.62 0.1964 0.5181 -0.6597 -0.3232 -0.438 0.9186 0.0323 0.3881 -0.0675
0.7378 -0.0324 -0.6185 -0.2684 0.3388 -0.7133 0.5674 -0.2333 0.8163 -0.0178 -0.5421 0.1987 0.3506 0.378 -0.7418 -0.4289 0.7272 -0.1996 -0.6558 0.0356 0.8144 0.3732 -0.4419 0.0468 0.7711 0.1049 0.6249 0.0621 0.6367 0.3652 -0.6505 0.1952 0.5181 -0.6597 -0.3232 -0.438 0.9176 0.0364 0.3906 -0.0645
0.7378 -0.0324 -0.6185 -0.2684 0.3388 -0.7133 0.5674 -0.2333 0.8163 -0.0178 -0.5421 0.1987 0.3506 0.378 -0.7418 -0.4289 0.7272 -0.1996 -0.6558 0.0356 0.8144 0.3732 -0.4419 0.0468 0.7711 0.1049 0.6249 0.0621 0.6367 0.3652 -0.6505 0.1952 0.5181 -0.6597 -0.3232 -0.438 0.9176 0.0364 0.3906 -0.0645
0.7378 -0.0324 -0.6185 -0.2684 0.3388 -0.7133 0.5674 -0.2333 0.8163 -0.0178 -0.5421 0.1987 0.3506 0.378 -0.7418 -0.4289 0.7272 -0.1996 -0.6558 0.0356 0.8144 0.3732 -0.4419 0.0468 0.7711 0.1049 0.6249 0.0621 0.6367 0.3652 -0.6505 0.1952 0.5181 -0.6597 -0.3232 -0.438 0.9176 0.0364 0.3906 -0.0645
0.7178 -0.0614 -0.6159 -0.3187 0.3348 -0.6985 0.5822 -0.2472 0.8163 -0.0178 -0.5421 0.1987 0.3371 0.3608 -0.7524 -0.4361 0.7449 -0.2198 -0.6285 0.0417 0.8427 0.2286 -0.4836 0.0607 0.866 0.0656 0.4942 -0.0392 0.6367 0.3652 -0.6505 0.1952 0.5156 -0.6685 -0.3164 -0.4326 0.9176 0.0364 0.3906 -0.0645
0.7178 -0.0614 -0.6159 -0.3187 0.3348 -0.6985 0.5822 -0.2472 0.8163 -0.0178 -0.5421 0.1987 0.3371 0.3608 -0.7524 -0.4361 0.7449 -0.2198 -0.6285 0.0417 0.8427 0.2286 -0.4836 0.0607 0.866 0.0656 0.4942 -0.0392 0.6367 0.3652 -0.6505 0.1952 0.5156 -0.6685 -0.3164 -0.4326 0.9176 0.0364 0.3906 -0.0645
0.7178 -0.0614 -0.6159 -0.3187 0.3348 -0.6985 0.5822 -0.2472 0.8163 -0.0178 -0.5421 0.1987 0.3371 0.3608 -0.7524 -0.4361 0.7449 -0.2198 -0.6285 0.0417 0.8427 0.2286 -0.4836 0.0607 0.866 0.0656 0.4942 -0.0392 0.6213 0.3563 -0.6668 0.2059 0.5156 -0.6685 -0.3164 -0.4326 0.9176 0.0364 0.3906 -0.0645
0.7178 -0.0614 -0.6159 -0.3187 0.3348 -0.6985 0.5822 -0.2472 0.8154 -0.0352 -0.5495 0.1788 0.3371 0.3608 -0.7524 -0.4361 0.7449 -0.2198 -0.6285 0.0417 0.8427 0.2286 -0.4836 0.0607 0.866 0.0656 0.4942 -0.0392 0.6213 0.3563 -0.6668 0.2059 0.5156 -0.6685 -0.3164 -0.4326 0.9172 0.0421 0.3921 -0.0577
0.7178 -0.0614 -0.6159 -0.3187 0.3254 -0.6932 0.5916 -0.2522 0.8154 -0.0352 -0.5495 0.1788 0.3371 0.3608 -0.7524 -0.4361 0.7449 -0.2198 -0.6285 0.0417 0.8427 0.2286 -0.4836 0.0607 0.866 0.0656 0.4942 -0.0392 0.6213 0.3563 -0.6668 0.2059 0.5156 -0.6685 -0.3164 -0.4326 0.9172 0.0421 0.3921 -0.0577
0.7178 -0.0614 -0.6159 -0.3187 0.3254 -0.6932 0.5916 -0.2522 0.8154 -0.0352 -0.5495 0.1788 0.3371 0.3608 -0.7524 -0.4361 0.7449 -0.2198 -0.6285 0.0417 0.8427 0.2286 -0.4836 0.0607 0.866 0.0656 0.4942 -0.0392 0.6213 0.3563 -0.6668 0.2059 0.5156 -0.6685 -0.3164 -0.4326 0.9172 0.0421 0.3921 -0.0577
0.7178 -0.0614 -0.6159 -0.3187 0.3254 -0.6932 0.5916 -0.2522 0.8154 -0.0352 -0.5495 0.1788 0.3371 0.3608 -0.7524 -0.4361 0.7449 -0.2198 -0.6285 0.0417 0.8427 0.2286 -0.4836 0.0607 0.866 0.0656 0.4942 -0.0392 0.6213 0.3563 -0.6668 0.2059 0.5156 -0.6685 -0.3164 -0.4326 0.9172 0.0421 0.3921 -0.0577
0.7106 -0.0659 -0.6128 -0.3394 0.3254 -0.6932 0.5916 -0.2522 0.8154 -0.0352 -0.5495 0.1788 0.3294 0.3487 -0.7611 -0.4366 0.7229 -0.2678 -0.6347 0.054 0.8097 0.1436 -0.5637 0.0777 0.8998 0.1136 0.4207 -0.0222 0.6213 0.3563 -0.6668 0.2059 0.5232 -0.6734 -0.3047 -0.4241 0.9172 0.0421 0.3921 -0.0577
0.7106 -0.0659 -0.6128 -0.3394 0.3254 -0.6932 0.5916 -0.2522 0.8154 -0.0352 -0.5495 0.1788 0.3294 0.3487 -0.7611 -0.4366 0.7229 -0.2678 -0.6347 0.054 0.8097 0.1436 -0.5637 0.0777 0.8998 0.1136 0.4207 -0.0222 0.6213 0.3563 -0.6668 0.2059 0.5232 -0.6734 -0.3047 -0.4241 0.9172 0.0421 0.3921 -0.0577
0.7106 -0.0659 -0.6128 -0.3394 0.3254 -0.6932 0.5916 -0.2522 0.8154 -0.0352 -0.5495 0.1788 0.3294 0.3487 -0.7611 -0.4366 0.7229 -0.2678 -0.6347 0.054 0.8097 0.1436 -0.5637 0.0777 0.8998 0.1136 0.4207 -0.0222 0.6158 0.3512 -0.6693 0.2225 0.5232 -0.6734 -0.3047 -0.4241 0.9172 0.0421 0.3921 -0.0577
0.7106 -0.0659 -0.6128 -0.3394 0.3254 -0.6932 0.5916 -0.2522 0.8129 -0.0482 -0.5529 0.1769 0.3294 0.3487 -0.7611 -0.4366 0.7229 -0.2678 -0.6347 0.054 0.8097 0.1436 -0.5637 0.0777 0.8998 0.1136 0.4207 -0.0222 0.6158 0.3512 -0.6693 0.2225 0.5232 -0.6734 -0.3047 -0.4241 0.9113 0.0473 0.4053 -0.056
0.7106 -0.0659 -0.6128 -0.3394 0.325 -0.6826 0.5993 -0.2633 0.8129 -0.0482 -0.5529 0.1769 0.3294 0.3487 -0.7611 -0.4366 0.7229 -0.2678 -0.6347 0.054 0.8097 0.1436 -0.5637 0.0777 0.8998 0.1136 0.4207 -0.0222 0.6158 0.3512 -0.6693 0.2225 0.5232 -0.6734 -0.3047 -0.4241 0.9113 0.0473 0.4053 -0.056
0.7106 -0.0659 -0.6128 -0.3394 0.325 -0.6826 0.5993 -0.2633 0.8129 -0.0482 -0.5529 0.1769 0.3294 0.3487 -0.7611 -0.4366 0.7229 -0.2678 -0.6347 0.054 0.8097 0.1436 -0.5637 0.0777 0.8998 0.1136 0.4207 -0.0222 0.6158 0.3512 -0.6693 0.2225 0.5232 -0.6734 -0.3047 -0.4241 0.9113 0.0473 0.4053 -0.056
0.7106 -0.0659 -0.6128 -0.3394 0.325 -0.6826 0.5993 -0.2633 0.8129 -0.0482 -0.5529 0.1769 0.3294 0.3487 -0.7611 -0.4366 0.7229 -0.2678 -0.6347 0.054 0.8097 0.1436 -0.5637 0.0777 0.8998 0.1136 0.4207 -0.0222 0.6158 0.3512 -0.6693 0.2225 0.5232 -0.6734 -0.3047 -0.4241 0.9113 0.0473 0.4053 -0.056
0.7046 -0.0648 -0.6106 -0.3558 0.325 -0.6826 0.5993 -0.2633 0.8129 -0.0482 -0.5529 0.1769 0.3188 0.3516 -0.758 -0.4473 0.6768 -0.2851 -0.6748 0.0723 0.7614 0.1492 -0.6189 0.1224 0.8918 0.1528 0.4129 0.1044 0.6158 0.3512 -0.6693 0.2225 0.5443 -0.6738 -0.2905 -0.4067 0.9113 0.0473 0.4053 -0.056
0.7046 -0.0648 -0.6106 -0.3558 0.325 -0.6826 0.5993 -0.2633 0.8129 -0.0482 -0.5529 0.1769 0.3188 0.3516 -0.758 -0.4473 0.6768 -0.2851 -0.6748 0.0723 0.7614 0.1492 -0.6189 0.1224 0.8918 0.1528 0.4129 0.1044 0.6158 0.3512 -0.6693 0.2225 0.5443 -0.6738 -0.2905 -0.4067 0.9113 0.0473 0.4053 -0.056
0.7046 -0.0648 -0.6106 -0.3558 0.325 -0.6826 0.5993 -0.2633 0.8129 -0.0482 -0.5529 0.1769 0.3188 0.3516 -0.758 -0.4473 0.6768 -0.2851 -0.6748 0.0723 0.7614 0.1492 -0.6189 0.1224 0.8918 0.1528 0.4129 0.1044 0.6214 0.3539 -0.6565 0.2402 0.5443 -0.6738 -0.2905 -0.4067 0.9113 0.0473 0.4053 -0.056
0.7046 -0.0648 -0.6106 -0.3558 0.325 -0.6826 0.5993 -0.2633 0.8156 -0.0536 -0.5476 0.1791 0.3188 0.3516 -0.758 -0.4473 0.6768 -0.2851 -0.6748 0.0723 0.7614 0.1492 -0.6189 0.1224 0.8918 0.1528 0.4129 0.1044 0.6214 0.3539 -0.6565 0.2402 0.5443 -0.6738 -0.2905 -0.4067 0.8906 0.0496 0.4482 -0.0597
0.7046 -0.0648 -0.6106 -0.3558 0.325 -0.6826 0.5993 -0.2633 0.8156 -0.0536 -0.5476 0.1791 0.3188 0.3516 -0.758 -0.4473 0.6768 -0.2851 -0.6748 0.0723 0.7614 0.1492 -0.6189 0.1224 0.8918 0.1528 0.4129 0.1044 0.6214 0.3539 -0.6565 0.2402 0.5443 -0.6738 -0.2905 -0.4067 0.8906 0.0496 0.4482 -0.0597
0.7046 -0.0648 -0.6106 -0.3558 0.325 -0.6826 0.5993 -0.2633 0.8156 -0.0536 -0.5476 0.1791 0.3188 0.3516 -0.758 -0.4473 0.6768 -0.2851 -0.6748 0.0723 0.7614 0.1492 -0.6189 0.1224 0.8918 0.1528 0.4129 0.1044 0.6214 0.3539 -0.6565 0.2402 0.5443 -0.6738 -0.2905 -0.4067 0.8906 0.0496 0.4482 -0.0597
0.7046 -0.0648 -0.6106 -0.3558 0.325 -0.6826 0.5993 -0.2633 0.8156 -0.0536 -0.5476 0.1791 0.3188 0.3516 -0.758 -0.4473 0.6768 -0.2851 -0.6748 0.0723 0.7614 0.1492 -0.6189 0.1224 0.8918 0.1528 0.4129 0.1044 0.6214 0.3539 -0.6565 0.2402 0.5443 -0.6738 -0.2905 -0.4067 0.8906 0.0496 0.4482 -0.0597
0.7061 -0.0537 -0.6184 -0.3408 0.3211 -0.6924 0.5927 -0.2573 0.8156 -0.0536 -0.5476 0.1791 0.3164 0.3572 -0.7522 -0.4544 0.657 -0.2305 -0.7092 0.1099 0.7517 0.1875 -0.6179 0.134 0.9165 0.0891 0.3854 0.0598 0.6214 0.3539 -0.6565 0.2402 0.5922 -0.6628 -0.2792 -0.3633 0.8906 0.0496 0.4482 -0.0597
0.7061 -0.0537 -0.6184 -0.3408 0.3211 -0.6924 0.5927 -0.2573 0.8156 -0.0536 -0.5476 0.1791 0.3164 0.3572 -0.7522 -0.4544 0.657 -0.2305 -0.7092 0.1099 0.7517 0.1875 -0.6179 0.134 0.9165 0.0891 0.3854 0.0598 0.6214 0.3539 -0.6565 0.2402 0.5922 -0.6628 -0.2792 -0.3633 0.8906 0.0496 0.4482 -0.0597
0.7061 -0.0537 -0.6184 -0.3408 0.3211 -0.6924 0.5927 -0.2573 0.8156 -0.0536 -0.5476 0.1791 0.3164 0.3572 -0.7522 -0.4544 0.657 -0.2305 -0.7092 0.1099 0.7517 0.1875 -0.6179 0.134 0.9165 0.0891 0.3854 0.0598 0.6329 0.3661 -0.6241 0.2755 0.5922 -0.6628 -0.2792 -0.3633 0.8906 0.0496 0.4482 -0.0597
0.7061 -0.0537 -0.6184 -0.3408 0.3211 -0.6924 0.5927 -0.2573 0.8063 -0.0439 -0.5564 0.1956 0.3164 0.3572 -0.7522 -0.4544 0.657 -0.2305 -0.7092 0.1099 0.7517 0.1875 -0.6179 0.134 0.9165 0.0891 0.3854 0.0598 0.6329 0.3661 -0.6241 0.2755 0.5922 -0.6628 -0.2792 -0.3633 0.8906 0.0496 0.4482 -0.0597
0.7061 -0.0537 -0.6184 -0.3408 0.3211 -0.6924 0.5927 -0.2573 0.8063 -0.0439 -0.5564 0.1956 0.3164 0.3572 -0.7522 -0.4544 0.657 -0.2305 -0.7092 0.1099 0.7517 0.1875 -0.6179 0.134 0.9165 0.0891 0.3854 0.0598 0.6329 0.3661 -0.6241 0.2755 0.5922 -0.6628 -0.2792 -0.3633 0.8425 -0.0071 0.5266 -0.1135
0.7061 -0.0537 -0.6184 -0.3408 0.3211 -0.6924 0.5927 -0.2573 0.8063 -0.0439 -0.5564 0.1956 0.3164 0.3572 -0.7522 -0.4544 0.657 -0.2305 -0.7092 0.1099 0.7517 0.1875 -0.6179 0.134 0.9165 0.0891 0.3854 0.0598 0.6329 0.3661 -0.6241 0.2755 0.5922 -0.6628 -0.2792 -0.3633 0.8425 -0.0071 0.5266 -0.1135
0.7061 -0.0537 -0.6184 -0.3408 0.3211 -0.6924 0.5927 -0.2573 0.8063 -0.0439 -0.5564 0.1956 0.3164 0.3572 -0.7522 -0.4544 0.657 -0.2305 -0.7092 0.1099 0.7517 0.1875 -0.6179 0.134 0.9165 0.0891 0.3854 0.0598 0.6329 0.3661 -0.6241 0.2755 0.5922 -0.6628 -0.2792 -0.3633 0.8425 -0.0071 0.5266 -0.1135
0.7153 -0.044 -0.6165 -0.326 0.3236 -0.7034 0.5788 -0.2559 0.8063 -0.0439 -0.5564 0.1956 0.3269 0.3693 -0.756 -0.4302 0.637 -0.2111 -0.7349 0.0986 0.7364 0.2509 -0.6079 0.1588 0.9165 0.0891 0.3854 0.0598 0.6329 0.3661 -0.6241 0.2755 0.6413 -0.6453 -0.2516 -0.3303 0.8425 -0.0071 0.5266 -0.1135
0.7153 -0.044 -0.6165 -0.326 0.3236 -0.7034 0.5788 -0.2559 0.8063 -0.0439 -0.5564 0.1956 0.3269 0.3693 -0.756 -0.4302 0.637 -0.2111 -0.7349 0.0986 0.7364 0.2509 -0.6079 0.1588 0.9165 0.0891 0.3854 0.0598 0.6329 0.3661 -0.6241 0.2755 0.6413 -0.6453 -0.2516 -0.3303 0.8425 -0.0071 0.5266 -0.1135
0.7153 -0.044 -0.6165 -0.326 0.3236 -0.7034 0.5788 -0.2559 0.8063 -0.0439 -0.5564 0.1956 0.3269 0.3693 -0.756 -0.4302 0.637 -0.2111 -0.7349 0.0986 0.7364 0.2509 -0.6079 0.1588 0.9165 0.0891 0.3854 0.0598 0.66 0.3729 -0.5836 0.2912 0.6413 -0.6453 -0.2516 -0.3303 0.8425 -0.0071 0.5266 -0.1135
0.7153 -0.044 -0.6165 -0.326 0.3236 -0.7034 0.5788 -0.2559 0.7999 -0.0341 -0.5627 0.2057 0.3269 0.3693 -0.756 -0.4302 0.637 -0.2111 -0.7349 0.0986 0.7364 0.2509 -0.6079 0.1588 0.9165 0.0891 0.3854 0.0598 0.66 0.3729 -0.5836 0.2912 0.6413 -0.6453 -0.2516 -0.3303 0.7677 -0.0504 0.6062 -0.2014
0.7153 -0.044 -0.6165 -0.326 0.3236 -0.7034 0.5788 -0.2559 0.7999 -0.0341 -0.5627 0.2057 0.3269 0.3693 -0.756 -0.4302 0.637 -0.2111 -0.7349 0.0986 0.7364 0.2509 -0.6079 0.1588 0.9165 0.0891 0.3854 0.0598 0.66 0.3729 -0.5836 0.2912 0.6413 -0.6453 -0.2516 -0.3303 0.7677 -0.0504 0.6062 -0.2014
0.7153 -0.044 -0.6165 -0.326 0.3359 -0.7082 0.5612 -0.2658 0.7999 -0.0341 -0.5627 0.2057 0.3269 0.3693 -0.756 -0.4302 0.637 -0.2111 -0.7349 0.0986 0.7197 0.2932 -0.6027 0.1808 0.9165 0.0891 0.3854 0.0598 0.66 0.3729 -0.5836 0.2912 0.6413 -0.6453 -0.2516 -0.3303 0.7677 -0.0504 0.6062 -0.2014
0.7153 -0.044 -0.6165 -0.326 0.3359 -0.7082 0.5612 -0.2658 0.7999 -0.0341 -0.5627 0.2057 0.3333 0.3943 -0.7437 -0.4247 0.637 -0.2111 -0.7349 0.0986 0.7197 0.2932 -0.6027 0.1808 0.9165 0.0891 0.3854 0.0598 0.66 0.3729 -0.5836 0.2912 0.6413 -0.6453 -0.2516 -0.3303 0.7677 -0.0504 0.6062 -0.2014
0.7153 -0.044 -0.6165 -0.326 0.3359 -0.7082 0.5612 -0.2658 0.7999 -0.0341 -0.5627 0.2057 0.3333 0.3943 -0.7437 -0.4247 0.637 -0.2111 -0.7349 0.0986 0.7197 0.2932 -0.6027 0.1808 0.9228 0.0717 0.376 0.0448 0.66 0.3729 -0.5836 0.2912 0.6384 -0.6519 -0.2126 -0.3495 0.7677 -0.0504 0.6062 -0.2014
0.7153 -0.044 -0.6165 -0.326 0.3359 -0.7082 0.5612 -0.2658 0.7999 -0.0341 -0.5627 0.2057 0.3333 0.3943 -0.7437 -0.4247 0.637 -0.2111 -0.7349 0.0986 0.7197 0.2932 -0.6027 0.1808 0.9228 0.0717 0.376 0.0448 0.66 0.3729 -0.5836 0.2912 0.6384 -0.6519 -0.2126 -0.3495 0.7677 -0.0504 0.6062 -0.2014
0.7153 -0.044 -0.6165 -0.326 0.3359 -0.7082 0.5612 -0.2658 0.7999 -0.0341 -0.5627 0.2057 0.3333 0.3943 -0.7437 -0.4247 0.637 -0.2111 -0.7349 0.0986 0.7197 0.2932 -0.6027 0.1808 0.9228 0.0717 0.376 0.0448 0.6694 0.3671 -0.5635 0.3156 0.6384 -0.6519 -0.2126 -0.3495 0.7677 -0.0504 0.6062 -0.2014
0.7153 -0.044 -0.6165 -0.326 0.3359 -0.7082 0.5612 -0.2658 0.7916 -0.018 -0.5681 0.2243 0.3333 0.3943 -0.7437 -0.4247 0.637 -0.2111 -0.7349 0.0986 0.7197 0.2932 -0.6027 0.1808 0.9228 0.0717 0.376 0.0448 0.6694 0.3671 -0.5635 0.3156 0.6384 -0.6519 -0.2126 -0.3495 0.7714 -0.0156 0.6124 -0.1721
0.7153 -0.044 -0.6165 -0.326 0.3359 -0.7082 0.5612 -0.2658 0.7916 -0.018 -0.5681 0.2243 0.3333 0.3943 -0.7437 -0.4247 0.637 -0.2111 -0.7349 0.0986 0.7197 0.2932 -0.6027 0.1808 0.9228 0.0717 0.376 0.0448 0.6694 0.3671 -0.5635 0.3156 0.6384 -0.6519 -0.2126 -0.3495 0.7714 -0.0156 0.6124 -0.1721
0.7153 -0.044 -0.6165 -0.326 0.3516 -0.7184 0.5417 -0.2584 0.7916 -0.018 -0.5681 0.2243 0.3333 0.3943 -0.7437 -0.4247 0.637 -0.2111 -0.7349 0.0986 0.7197 0.2932 -0.6027 0.1808 0.9228 0.0717 0.376 0.0448 0.6694 0.3671 -0.5635 0.3156 0.6384 -0.6519 -0.2126 -0.3495 0.7714 -0.0156 0.6124 -0.1721
0.7153 -0.044 -0.6165 -0.326 0.3516 -0.7184 0.5417 -0.2584 0.7916 -0.018 -0.5681 0.2243 0.3478 0.4237 -0.7294 -0.4092 0.637 -0.2111 -0.7349 0.0986 0.7197 0.2932 -0.6027 0.1808 0.9228 0.0717 0.376 0.0448 0.6694 0.3671 -0.5635 0.3156 0.6384 -0.6519 -0.2126 -0.3495 0.7714 -0.0156 0.6124 -0.1721
0.7153 -0.044 -0.6165 -0.326 0.3516 -0.7184 0.5417 -0.2584 0.7916 -0.018 -0.5681 0.2243 0.3478 0.4237 -0.7294 -0.4092 0.637 -0.2111 -0.7349 0.0986 0.7197 0.2932 -0.6027 0.1808 0.9228 0.0717 0.376 0.0448 0.6694 0.3671 -0.5635 0.3156 0.6384 -0.6519 -0.2126 -0.3495 0.7714 -0.0156 0.6124 -0.1721
0.7153 -0.044 -0.6165 -0.326 0.3516 -0.7184 0.5417 -0.2584 0.7916 -0.018 -0.5681 0.2243 0.3478 0.4237 -0.7294 -0.4092 0.637 -0.2111 -0.7349 0.0986 0.7197 0.2932 -0.6027 0.1808 0.9238 0.0688 0.3741 0.0433 0.6694 0.3671 -0.5635 0.3156 0.6846 -0.5804 -0.2634 -0.3535 0.7714 -0.0156 0.6124 -0.1721
0.7153 -0.044 -0.6165 -0.326 0.3516 -0.7184 0.5417 -0.2584 0.7916 -0.018 -0.5681 0.2243 0.3478 0.4237 -0.7294 -0.4092 0.637 -0.2111 -0.7349 0.0986 0.7197 0.2932 -0.6027 0.1808 0.9238 0.0688 0.3741 0.0433 0.6694 0.3671 -0.5635 0.3156 0.6846 -0.5804 -0.2634 -0.3535 0.7714 -0.0156 0.6124 -0.1721
0.7153 -0.044 -0.6165 -0.326 0.3516 -0.7184 0.5417 -0.2584 0.7798 0.0026 -0.5777 0.2411 0.3478 0.4237 -0.7294 -0.4092 0.637 -0.2111 -0.7349 0.0986 0.7197 0.2932 -0.6027 0.1808 0.9238 0.0688 0.3741 0.0433 0.6776 0.3754 -0.5316 0.3427 0.6846 -0.5804 -0.2634 -0.3535 0.8195 0.0128 0.5726 -0.0212
0.7153 -0.044 -0.6165 -0.326 0.3608 -0.7268 0.5258 -0.2552 0.7798 0.0026 -0.5777 0.2411 0.3478 0.4237 -0.7294 -0.4092 0.637 -0.2111 -0.7349 0.0986 0.7197 0.2932 -0.6027 0.1808 0.9238 0.0688 0.3741 0.0433 0.6776 0.3754 -0.5316 0.3427 0.6846 -0.5804 -0.2634 -0.3535 0.8195 0.0128 0.5726 -0.0212
0.7153 -0.044 -0.6165 -0.326 0.3608 -0.7268 0.5258 -0.2552 0.7798 0.0026 -0.5777 0.2411 0.3583 0.4458 -0.7194 -0.3942 0.637 -0.2111 -0.7349 0.0986 0.7197 0.2932 -0.6027 0.1808 0.9238 0.0688 0.3741 0.0433 0.6776 0.3754 -0.5316 0.3427 0.6846 -0.5804 -0.2634 -0.3535 0.8195 0.0128 0.5726 -0.0212
0.7153 -0.044 -0.6165 -0.326 0.3608 -0.7268 0.5258 -0.2552 0.7798 0.0026 -0.5777 0.2411 0.3583 0.4458 -0.7194 -0.3942 0.637 -0.2111 -0.7349 0.0986 0.7197 0.2932 -0.6027 0.1808 0.9238 0.0688 0.3741 0.0433 0.6776 0.3754 -0.5316 0.3427 0.6846 -0.5804 -0.2634 -0.3535 0.8195 0.0128 0.5726 -0.0212
0.7542 -0.009 -0.5896 -0.289 0.3608 -0.7268 0.5258 -0.2552 0.7798 0.0026 -0.5777 0.2411 0.3583 0.4458 -0.7194 -0.3942 0.637 -0.2111 -0.7349 0.0986 0.7197 0.2932 -0.6027 0.1808 0.9261 0.0646 0.3693 0.0415 0.6776 0.3754 -0.5316 0.3427 0.6846 -0.5804 -0.2634 -0.3535 0.8195 0.0128 0.5726 -0.0212
0.7542 -0.009 -0.5896 -0.289 0.3608 -0.7268 0.5258 -0.2552 0.7798 0.0026 -0.5777 0.2411 0.3583 0.4458 -0.7194 -0.3942 0.637 -0.2111 -0.7349 0.0986 0.7197 0.2932 -0.6027 0.1808 0.9261 0.0646 0.3693 0.0415 0.6776 0.3754 -0.5316 0.3427 0.6846 -0.5804 -0.2634 -0.3535 0.8195 0.0128 0.5726 -0.0212
0.7542 -0.009 -0.5896 -0.289 0.3608 -0.7268 0.5258 -0.2552 0.7798 0.0026 -0.5777 0.2411 0.3583 0.4458 -0.7194 -0.3942 0.637 -0.2111 -0.7349 0.0986 0.7197 0.2932 -0.6027 0.1808 0.9261 0.0646 0.3693 0.0415 0.6732 0.4138 -0.4916 0.3659 0.6846 -0.5804 -0.2634 -0.3535 0.8195 0.0128 0.5726 -0.0212
0.7542 -0.009 -0.5896 -0.289 0.3608 -0.7268 0.5258 -0.2552 0.7728 0.0193 -0.5795 0.2579 0.3583 0.4458 -0.7194 -0.3942 0.637 -0.2111 -0.7349 0.0986 0.7197 0.2932 -0.6027 0.1808 0.9261 0.0646 0.3693 0.0415 0.6732 0.4138 -0.4916 0.3659 0.6846 -0.5804 -0.2634 -0.3535 0.8495 0.0239 0.5214 0.0762
0.7542 -0.009 -0.5896 -0.289 0.3608 -0.7268 0.5258 -0.2552 0.7728 0.0193 -0.5795 0.2579 0.3583 0.4458 -0.7194 -0.3942 0.637 -0.2111 -0.7349 0.0986 0.7197 0.2932 -0.6027 0.1808 0.9261 0.0646 0.3693 0.0415 0.6732 0.4138 -0.4916 0.3659 0.6846 -0.5804 -0.2634 -0.3535 0.8495 0.0239 0.5214 0.0762
0.7542 -0.009 -0.5896 -0.289 0.3608 -0.7268 0.5258 -0.2552 0.7728 0.0193 -0.5795 0.2579 0.3583 0.4458 -0.7194 -0.3942 0.637 -0.2111 -0.7349 0.0986 0.7197 0.2932 -0.6027 0.1808 0.9261 0.0646 0.3693 0.0415 0.6732 0.4138 -0.4916 0.3659 0.6846 -0.5804 -0.2634 -0.3535 0.8495 0.0239 0.5214 0.0762
0.7542 -0.009 -0.5896 -0.289 0.3608 -0.7268 0.5258 -0.2552 0.7728 0.0193 -0.5795 0.2579 0.3583 0.4458 -0.7194 -0.3942 0.637 -0.2111 -0.7349 0.0986 0.7197 0.2932 -0.6027 0.1808 0.9261 0.0646 0.3693 0.0415 0.6732 0.4138 -0.4916 0.3659 0.6846 -0.5804 -0.2634 -0.3535 0.8495 0.0239 0.5214 0.0762
0.7656 0.0049 -0.584 -0.2697 0.3686 -0.7401 0.5052 -0.2475 0.7728 0.0193 -0.5795 0.2579 0.3719 0.4661 -0.7084 -0.3775 0.6069 -0.0707 -0.787 0.0851 0.7026 0.3416 -0.5908 0.2017 0.9252 0.0638 0.3716 0.0424 0.6732 0.4138 -0.4916 0.3659 0.6826 -0.4542 -0.4362 -0.3708 0.8495 0.0239 0.5214 0.0762
0.7656 0.0049 -0.584 -0.2697 0.3686 -0.7401 0.5052 -0.2475 0.7728 0.0193 -0.5795 0.2579 0.3719 0.4661 -0.7084 -0.3775 0.6069 -0.0707 -0.787 0.0851 0.7026 0.3416 -0.5908 0.2017 0.9252 0.0638 0.3716 0.0424 0.6732 0.4138 -0.4916 0.3659 0.6826 -0.4542 -0.4362 -0.3708 0.8495 0.0239 0.5214 0.0762
0.7656 0.0049 -0.584 -0.2697 0.3686 -0.7401 0.5052 -0.2475 0.7728 0.0193 -0.5795 0.2579 0.3719 0.4661 -0.7084 -0.3775 0.6069 -0.0707 -0.787 0.0851 0.7026 0.3416 -0.5908 0.2017 0.9252 0.0638 0.3716 0.0424 0.6749 0.4302 -0.4885 0.3476 0.6826 -0.4542 -0.4362 -0.3708 0.8495 0.0239 0.5214 0.0762
0.7656 0.0049 -0.584 -0.2697 0.3686 -0.7401 0.5052 -0.2475 0.7661 0.0307 -0.577 0.2816 0.3719 0.4661 -0.7084 -0.3775 0.6069 -0.0707 -0.787 0.0851 0.7026 0.3416 -0.5908 0.2017 0.9252 0.0638 0.3716 0.0424 0.6749 0.4302 -0.4885 0.3476 0.6826 -0.4542 -0.4362 -0.3708 0.8767 -0.019 0.4769 0.0601
0.7656 0.0049 -0.584 -0.2697 0.3686 -0.7401 0.5052 -0.2475 0.7661 0.0307 -0.577 0.2816 0.3719 0.4661 -0.7084 -0.3775 0.6069 -0.0707 -0.787 0.0851 0.7026 0.3416 -0.5908 0.2017 0.9252 0.0638 0.3716 0.0424 0.6749 0.4302 -0.4885 0.3476 0.6826 -0.4542 -0.4362 -0.3708 0.8767 -0.019 0.4769 0.0601
0.7656 0.0049 -0.584 -0.2697 0.3779 -0.7486 0.4879 -0.2424 0.7661 0.0307 -0.577 0.2816 0.3859 0.4728 -0.7032 -0.3648 0.6069 -0.0707 -0.787 0.0851 0.7026 0.3416 -0.5908 0.2017 0.9252 0.0638 0.3716 0.0424 0.6749 0.4302 -0.4885 0.3476 0.6826 -0.4542 -0.4362 -0.3708 0.8767 -0.019 0.4769 0.0601
0.7656 0.0049 -0.584 -0.2697 0.3779 -0.7486 0.4879 -0.2424 0.7661 0.0307 -0.577 0.2816 0.3859 0.4728 -0.7032 -0.3648 0.6069 -0.0707 -0.787 0.0851 0.7026 0.3416 -0.5908 0.2017 0.9252 0.0638 0.3716 0.0424 0.6749 0.4302 -0.4885 0.3476 0.6826 -0.4542 -0.4362 -0.3708 0.8767 -0.019 0.4769 0.0601
0.771 0.0243 -0.5843 -0.2521 0.3779 -0.7486 0.4879 -0.2424 0.7661 0.0307 -0.577 0.2816 0.3859 0.4728 -0.7032 -0.3648 0.6146 -0.0599 -0.7853 0.0443 0.7026 0.3416 -0.5908 0.2017 0.9208 0.0593 0.3835 0.0394 0.6749 0.4302 -0.4885 0.3476 0.6192 -0.4835 -0.4658 -0.4073 0.8767 -0.019 0.4769 0.0601
0.771 0.0243 -0.5843 -0.2521 0.3779 -0.7486 0.4879 -0.2424 0.7661 0.0307 -0.577 0.2816 0.3859 0.4728 -0.7032 -0.3648 0.6146 -0.0599 -0.7853 0.0443 0.7026 0.3416 -0.5908 0.2017 0.9208 0.0593 0.3835 0.0394 0.6749 0.4302 -0.4885 0.3476 0.6192 -0.4835 -0.4658 -0.4073 0.8767 -0.019 0.4769 0.0601
0.771 0.0243 -0.5843 -0.2521 0.3779 -0.7486 0.4879 -0.2424 0.7661 0.0307 -0.577 0.2816 0.3859 0.4728 -0.7032 -0.3648 0.6146 -0.0599 -0.7853 0.0443 0.7026 0.3416 -0.5908 0.2017 0.9208 0.0593 0.3835 0.0394 0.6749 0.4302 -0.4885 0.3476 0.6192 -0.4835 -0.4658 -0.4073 0.8767 -0.019 0.4769 0.0601
0.771 0.0243 -0.5843 -0.2521 0.3779 -0.7486 0.4879 -0.2424 0.7639 0.0233 -0.5768 0.2885 0.3859 0.4728 -0.7032 -0.3648 0.6146 -0.0599 -0.7853 0.0443 0.7026 0.3416 -0.5908 0.2017 0.9208 0.0593 0.3835 0.0394 0.6665 0.4434 -0.5187 0.3002 0.6192 -0.4835 -0.4658 -0.4073 0.8722 -0.1013 0.4625 -0.1229
0.771 0.0243 -0.5843 -0.2521 0.3779 -0.7486 0.4879 -0.2424 0.7639 0.0233 -0.5768 0.2885 0.3859 0.4728 -0.7032 -0.3648 0.6146 -0.0599 -0.7853 0.0443 0.7026 0.3416 -0.5908 0.2017 0.9208 0.0593 0.3835 0.0394 0.6665 0.4434 -0.5187 0.3002 0.6192 -0.4835 -0.4658 -0.4073 0.8722 -0.1013 0.4625 -0.1229
0.771 0.0243 -0.5843 -0.2521 0.3779 -0.7486 0.4879 -0.2424 0.7639 0.0233 -0.5768 0.2885 0.3859 0.4728 -0.7032 -0.3648 0.6146 -0.0599 -0.7853 0.0443 0.7026 0.3416 -0.5908 0.2017 0.9208 0.0593 0.3835 0.0394 0.6665 0.4434 -0.5187 0.3002 0.6192 -0.4835 -0.4658 -0.4073 0.8722 -0.1013 0.4625 -0.1229
0.771 0.0243 -0.5843 -0.2521 0.3779 -0.7486 0.4879 -0.2424 0.7639 0.0233 -0.5768 0.2885 0.3859 0.4728 -0.7032 -0.3648 0.6146 -0.0599 -0.7853 0.0443 0.7026 0.3416 -0.5908 0.2017 0.9208 0.0593 0.3835 0.0394 0.6665 0.4434 -0.5187 0.3002 0.6192 -0.4835 -0.4658 -0.4073 0.8722 -0.1013 0.4625 -0.1229
0.7656 0.0283 -0.5894 -0.2562 0.3729 -0.7504 0.4855 -0.2493 0.7639 0.0233 -0.5768 0.2885 0.3853 0.4594 -0.7169 -0.3558 0.6302 -0.0636 -0.7736 0.0183 0.7114 0.3122 -0.6055 0.1729 0.9208 0.0593 0.3835 0.0394 0.6665 0.4434 -0.5187 0.3002 0.5856 -0.5469 -0.4438 -0.4012 0.8722 -0.1013 0.4625 -0.1229
0.7656 0.0283 -0.5894 -0.2562 0.3729 -0.7504 0.4855 -0.2493 0.7639 0.0233 -0.5768 0.2885 0.3853 0.4594 -0.7169 -0.3558 0.6302 -0.0636 -0.7736 0.0183 0.7114 0.3122 -0.6055 0.1729 0.9208 0.0593 0.3835 0.0394 0.6665 0.4434 -0.5187 0.3002 0.5856 -0.5469 -0.4438 -0.4012 0.8722 -0.1013 0.4625 -0.1229
0.7656 0.0283 -0.5894 -0.2562 0.3729 -0.7504 0.4855 -0.2493 0.7639 0.0233 -0.5768 0.2885 0.3853 0.4594 -0.7169 -0.3558 0.6302 -0.0636 -0.7736 0.0183 0.7114 0.3122 -0.6055 0.1729 0.9208 0.0593 0.3835 0.0394 0.6629 0.4235 -0.5582 0.2638 0.5856 -0.5469 -0.4438 -0.4012 0.8722 -0.1013 0.4625 -0.1229
0.7656 0.0283 -0.5894 -0.2562 0.3729 -0.7504 0.4855 -0.2493 0.7675 -0.0056 -0.583 0.2667 0.3853 0.4594 -0.7169 -0.3558 0.6302 -0.0636 -0.7736 0.0183 0.7114 0.3122 -0.6055 0.1729 0.9208 0.0593 0.3835 0.0394 0.6629 0.4235 -0.5582 0.2638 0.5856 -0.5469 -0.4438 -0.4012 0.8823 -0.0148 0.4647 -0.0738
0.7656 0.0283 -0.5894 -0.2562 0.3729 -0.7504 0.4855 -0.2493 0.7675 -0.0056 -0.583 0.2667 0.3853 0.4594 -0.7169 -0.3558 0.6302 -0.0636 -0.7736 0.0183 0.7114 0.3122 -0.6055 0.1729 0.9208 0.0593 0.3835 0.0394 0.6629 0.4235 -0.5582 0.2638 0.5856 -0.5469 -0.4438 -0.4012 0.8823 -0.0148 0.4647 -0.0738
0.7656 0.0283 -0.5894 -0.2562 0.3729 -0.7504 0.4855 -0.2493 0.7675 -0.0056 -0.583 0.2667 0.3853 0.4594 -0.7169 -0.3558 0.6302 -0.0636 -0.7736 0.0183 0.7114 0.3122 -0.6055 0.1729 0.9208 0.0593 0.3835 0.0394 0.6629 0.4235 -0.5582 0.2638 0.5856 -0.5469 -0.4438 -0.4012 0.8823 -0.0148 0.4647 -0.0738
0.7656 0.0283 -0.5894 -0.2562 0.3729 -0.7504 0.4855 -0.2493 0.7675 -0.0056 -0.583 0.2667 0.3853 0.4594 -0.7169 -0.3558 0.6302 -0.0636 -0.7736 0.0183 0.7114 0.3122 -0.6055 0.1729 0.9208 0.0593 0.3835 0.0394 0.6629 0.4235 -0.5582 0.2638 0.5856 -0.5469 -0.4438 -0.4012 0.8823 -0.0148 0.4647 -0.0738
0.7656 0.0283 -0.5894 -0.2562 0.3729 -0.7504 0.4855 -0.2493 0.7675 -0.0056 -0.583 0.2667 0.3579 0.4204 -0.7466 -0.3712 0.6686 -0.1425 -0.7296 -0.0198 0.7646 0.2693 -0.5813 0.0703 0.9208 0.0593 0.3835 0.0394 0.6629 0.4235 -0.5582 0.2638 0.5856 -0.5469 -0.4438 -0.4012 0.8823 -0.0148 0.4647 -0.0738
0.7656 0.0283 -0.5894 -0.2562 0.3729 -0.7504 0.4855 -0.2493 0.7675 -0.0056 -0.583 0.2667 0.3579 0.4204 -0.7466 -0.3712 0.6686 -0.1425 -0.7296 -0.0198 0.7646 0.2693 -0.5813 0.0703 0.9208 0.0593 0.3835 0.0394 0.6629 0.4235 -0.5582 0.2638 0.5856 -0.5469 -0.4438 -0.4012 0.8823 -0.0148 0.4647 -0.0738
0.7656 0.0283 -0.5894 -0.2562 0.3729 -0.7504 0.4855 -0.2493 0.7675 -0.0056 -0.583 0.2667 0.3579 0.4204 -0.7466 -0.3712 0.6686 -0.1425 -0.7296 -0.0198 0.7646 0.2693 -0.5813 0.0703 0.9208 0.0593 0.3835 0.0394 0.6629 0.4235 -0.5582 0.2638 0.5856 -0.5469 -0.4438 -0.4012 0.8823 -0.0148 0.4647 -0.0738
0.7656 0.0283 -0.5894 -0.2562 0.3729 -0.7504 0.4855 -0.2493 0.7817 -0.0308 -0.5901 0.1996 0.3579 0.4204 -0.7466 -0.3712 0.6686 -0.1425 -0.7296 -0.0198 0.7646 0.2693 -0.5813 0.0703 0.9208 0.0593 0.3835 0.0394 0.6455 0.3881 -0.6111 0.2432 0.5856 -0.5469 -0.4438 -0.4012 0.9188 0.0 0.3908 -0.056
0.7656 0.0283 -0.5894 -0.2562 0.3729 -0.7504 0.4855 -0.2493 0.7817 -0.0308 -0.5901 0.1996 0.3579 0.4204 -0.7466 -0.3712 0.6686 -0.1425 -0.7296 -0.0198 0.7646 0.2693 -0.5813 0.0703 0.9208 0.0593 0.3835 0.0394 0.6455 0.3881 -0.6111 0.2432 0.5856 -0.5469 -0.4438 -0.4012 0.9188 0.0 0.3908 -0.056
0.7656 0.0283 -0.5894 -0.2562 0.3655 -0.6844 0.5599 -0.2905 0.7817 -0.0308 -0.5901 0.1996 0.3579 0.4204 -0.7466 -0.3712 0.6686 -0.1425 -0.7296 -0.0198 0.7646 0.2693 -0.5813 0.0703 0.9208 0.0593 0.3835 0.0394 0.6455 0.3881 -0.6111 0.2432 0.5856 -0.5469 -0.4438 -0.4012 0.9188 0.0 0.3908 -0.056
0.7455 -0.0417 -0.58 -0.3257 0.3655 -0.6844 0.5599 -0.2905 0.7817 -0.0308 -0.5901 0.1996 0.3248 0.3909 -0.7542 -0.4157 0.6686 -0.1425 -0.7296 -0.0198 0.7646 0.2693 -0.5813 0.0703 0.9208 0.0593 0.3835 0.0394 0.6455 0.3881 -0.6111 0.2432 0.5856 -0.5469 -0.4438 -0.4012 0.9188 0.0 0.3908 -0.056
0.7455 -0.0417 -0.58 -0.3257 0.3655 -0.6844 0.5599 -0.2905 0.7817 -0.0308 -0.5901 0.1996 0.3248 0.3909 -0.7542 -0.4157 0.6686 -0.1425 -0.7296 -0.0198 0.7646 0.2693 -0.5813 0.0703 0.9208 0.0593 0.3835 0.0394 0.6455 0.3881 -0.6111 0.2432 0.5856 -0.5469 -0.4438 -0.4012 0.9188 0.0 0.3908 -0.056
0.7455 -0.0417 -0.58 -0.3257 0.3655 -0.6844 0.5599 -0.2905 0.7817 -0.0308 -0.5901 0.1996 0.3248 0.3909 -0.7542 -0.4157 0.6686 -0.1425 -0.7296 -0.0198 0.7646 0.2693 -0.5813 0.0703 0.9208 0.0593 0.3835 0.0394 0.6455 0.3881 -0.6111 0.2432 0.5856 -0.5469 -0.4438 -0.4012 0.9188 0.0 0.3908 -0.056
0.7455 -0.0417 -0.58 -0.3257 0.3655 -0.6844 0.5599 -0.2905 0.7817 -0.0308 -0.5901 0.1996 0.3248 0.3909 -0.7542 -0.4157 0.6686 -0.1425 -0.7296 -0.0198 0.7646 0.2693 -0.5813 0.0703 0.9208 0.0593 0.3835 0.0394 0.6455 0.3881 -0.6111 0.2432 0.5856 -0.5469 -0.4438 -0.4012 0.9188 0.0 0.3908 -0.056
0.7455 -0.0417 -0.58 -0.3257 0.3655 -0.6844 0.5599 -0.2905 0.7817 -0.0308 -0.5901 0.1996 0.3248 0.3909 -0.7542 -0.4157 0.6686 -0.1425 -0.7296 -0.0198 0.7646 0.2693 -0.5813 0.0703 0.9208 0.0593 0.3835 0.0394 0.6455 0.3881 -0.6111 0.2432 0.5856 -0.5469 -0.4438 -0.4012 0.9177 0.0 0.3932 -0.0568
0.7455 -0.0417 -0.58 -0.3257 0.3655 -0.6844 0.5599 -0.2905 0.7817 -0.0308 -0.5901 0.1996 0.3248 0.3909 -0.7542 -0.4157 0.6686 -0.1425 -0.7296 -0.0198 0.7646 0.2693 -0.5813 0.0703 0.9208 0.0593 0.3835 0.0394 0.6455 0.3881 -0.6111 0.2432 0.5856 -0.5469 -0.4438 -0.4012 0.9177 0.0 0.3932 -0.0568
0.7455 -0.0417 -0.58 -0.3257 0.3443 -0.6837 0.5778 -0.2831 0.7817 -0.0308 -0.5901 0.1996 0.3248 0.3909 -0.7542 -0.4157 0.6686 -0.1425 -0.7296 -0.0198 0.7646 0.2693 -0.5813 0.0703 0.9208 0.0593 0.3835 0.0394 0.6455 0.3881 -0.6111 0.2432 0.5856 -0.5469 -0.4438 -0.4012 0.9177 0.0 0.3932 -0.0568
0.7331 -0.0586 -0.5872 -0.3383 0.3443 -0.6837 0.5778 -0.2831 0.7817 -0.0308 -0.5901 0.1996 0.3256 0.3828 -0.7602 -0.4119 0.6686 -0.1425 -0.7296 -0.0198 0.7646 0.2693 -0.5813 0.0703 0.9208 0.0593 0.3835 0.0394 0.6455 0.3881 -0.6111 0.2432 0.5856 -0.5469 -0.4438 -0.4012 0.9177 0.0 0.3932 -0.0568
0.7331 -0.0586 -0.5872 -0.3383 0.3443 -0.6837 0.5778 -0.2831 0.7817 -0.0308 -0.5901 0.1996 0.3256 0.3828 -0.7602 -0.4119 0.7429 -0.2537 -0.6193 0.0129 0.7646 0.2693 -0.5813 0.0703 0.9208 0.0593 0.3835 0.0394 0.6455 0.3881 -0.6111 0.2432 0.5856 -0.5469 -0.4438 -0.4012 0.9177 0.0 0.3932 -0.0568
0.7331 -0.0586 -0.5872 -0.3383 0.3443 -0.6837 0.5778 -0.2831 0.7817 -0.0308 -0.5901 0.1996 0.3256 0.3828 -0.7602 -0.4119 0.7429 -0.2537 -0.6193 0.0129 0.7646 0.2693 -0.5813 0.0703 0.9208 0.0593 0.3835 0.0394 0.6455 0.3881 -0.6111 0.2432 0.5856 -0.5469 -0.4438 -0.4012 0.9177 0.0 0.3932 -0.0568
0.7331 -0.0586 -0.5872 -0.3383 0.3443 -0.6837 0.5778 -0.2831 0.7817 -0.0308 -0.5901 0.1996 0.3256 0.3828 -0.7602 -0.4119 0.7429 -0.2537 -0.6193 0.0129 0.7646 0.2693 -0.5813 0.0703 0.9208 0.0593 0.3835 0.0394 0.6455 0.3881 -0.6111 0.2432 0.5856 -0.5469 -0.4438 -0.4012 0.9177 0.0 0.3932 -0.0568
0.7331 -0.0586 -0.5872 -0.3383 0.3443 -0.6837 0.5778 -0.2831 0.7957 -0.0391 -0.5778 0.1772 0.3256 0.3828 -0.7602 -0.4119 0.7429 -0.2537 -0.6193 0.0129 0.7646 0.2693 -0.5813 0.0703 0.9208 0.0593 0.3835 0.0394 0.6455 0.3881 -0.6111 0.2432 0.5856 -0.5469 -0.4438 -0.4012 0.911 0.0089 0.4092 -0.0508
0.7331 -0.0586 -0.5872 -0.3383 0.3586 -0.6696 0.583 -0.2883 0.7957 -0.0391 -0.5778 0.1772 0.3256 0.3828 -0.7602 -0.4119 0.7429 -0.2537 -0.6193 0.0129 0.7646 0.2693 -0.5813 0.0703 0.9208 0.0593 0.3835 0.0394 0.6455 0.3881 -0.6111 0.2432 0.5856 -0.5469 -0.4438 -0.4012 0.911 0.0089 0.4092 -0.0508
0.7331 -0.0586 -0.5872 -0.3383 0.3586 -0.6696 0.583 -0.2883 0.7957 -0.0391 -0.5778 0.1772 0.3217 0.3662 -0.765 -0.4209 0.7429 -0.2537 -0.6193 0.0129 0.7646 0.2693 -0.5813 0.0703 0.9208 0.0593 0.3835 0.0394 0.6455 0.3881 -0.6111 0.2432 0.5856 -0.5469 -0.4438 -0.4012 0.911 0.0089 0.4092 -0.0508
0.7331 -0.0586 -0.5872 -0.3383 0.3586 -0.6696 0.583 -0.2883 0.7957 -0.0391 -0.5778 0.1772 0.3217 0.3662 -0.765 -0.4209 0.7429 -0.2537 -0.6193 0.0129 0.7646 0.2693 -0.5813 0.0703 0.9208 0.0593 0.3835 0.0394 0.6455 0.3881 -0.6111 0.2432 0.5856 -0.5469 -0.4438 -0.4012 0.911 0.0089 0.4092 -0.0508
0.7372 -0.058 -0.5823 -0.3377 0.3586 -0.6696 0.583 -0.2883 0.7957 -0.0391 -0.5778 0.1772 0.3217 0.3662 -0.765 -0.4209 0.7345 -0.2682 -0.6212 0.0516 0.7646 0.2693 -0.5813 0.0703 0.8666 0.1227 0.4803 -0.0576 0.6455 0.3881 -0.6111 0.2432 0.5856 -0.5469 -0.4438 -0.4012 0.911 0.0089 0.4092 -0.0508
0.7372 -0.058 -0.5823 -0.3377 0.3586 -0.6696 0.583 -0.2883 0.7957 -0.0391 -0.5778 0.1772 0.3217 0.3662 -0.765 -0.4209 0.7345 -0.2682 -0.6212 0.0516 0.7646 0.2693 -0.5813 0.0703 0.8666 0.1227 0.4803 -0.0576 0.6455 0.3881 -0.6111 0.2432 0.5856 -0.5469 -0.4438 -0.4012 0.911 0.0089 0.4092 -0.0508
0.7372 -0.058 -0.5823 -0.3377 0.3586 -0.6696 0.583 -0.2883 0.7957 -0.0391 -0.5778 0.1772 0.3217 0.3662 -0.765 -0.4209 0.7345 -0.2682 -0.6212 0.0516 0.7646 0.2693 -0.5813 0.0703 0.8666 0.1227 0.4803 -0.0576 0.6455 0.3881 -0.6111 0.2432 0.5856 -0.5469 -0.4438 -0.4012 0.911 0.0089 0.4092 -0.0508
0.7372 -0.058 -0.5823 -0.3377 0.3586 -0.6696 0.583 -0.2883 0.7957 -0.0391 -0.5778 0.1772 0.3217 0.3662 -0.765 -0.4209 0.7345 -0.2682 -0.6212 0.0516 0.7646 0.2693 -0.5813 0.0703 0.8666 0.1227 0.4803 -0.0576 0.6455 0.3881 -0.6111 0.2432 0.5856 -0.5469 -0.4438 -0.4012 0.911 0.0089 0.4092 -0.0508
0.7372 -0.058 -0.5823 -0.3377 0.3586 -0.6696 0.583 -0.2883 0.7957 -0.0391 -0.5778 0.1772 0.3217 0.3662 -0.765 -0.4209 0.7345 -0.2682 -0.6212 0.0516 0.7646 0.2693 -0.5813 0.0703 0.8666 0.1227 0.4803 -0.0576 0.6455 0.3881 -0.6111 0.2432 0.5856 -0.5469 -0.4438 -0.4012 0.911 0.0089 0.4092 -0.0508
0.7372 -0.058 -0.5823 -0.3377 0.3586 -0.6696 0.583 -0.2883 0.7957 -0.0391 -0.5778 0.1772 0.3194 0.3715 -0.7653 -0.4174 0.7345 -0.2682 -0.6212 0.0516 0.7924 0.1768 -0.5759 0.0959 0.8666 0.1227 0.4803 -0.0576 0.6455 0.3881 -0.6111 0.2432 0.5856 -0.5469 -0.4438 -0.4012 0.911 0.0089 0.4092 -0.0508
0.7372 -0.058 -0.5823 -0.3377 0.3586 -0.6696 0.583 -0.2883 0.7957 -0.0391 -0.5778 0.1772 0.3194 0.3715 -0.7653 -0.4174 0.7345 -0.2682 -0.6212 0.0516 0.7924 0.1768 -0.5759 0.0959 0.8666 0.1227 0.4803 -0.0576 0.6455 0.3881 -0.6111 0.2432 0.5856 -0.5469 -0.4438 -0.4012 0.911 0.0089 0.4092 -0.0508
0.7372 -0.058 -0.5823 -0.3377 0.3586 -0.6696 0.583 -0.2883 0.7957 -0.0391 -0.5778 0.1772 0.3194 0.3715 -0.7653 -0.4174 0.7086 -0.2659 -0.647 0.0927 0.7924 0.1768 -0.5759 0.0959 0.8666 0.1227 0.4803 -0.0576 0.6455 0.3881 -0.6111 0.2432 0.5856 -0.5469 -0.4438 -0.4012 0.911 0.0089 0.4092 -0.0508
0.7372 -0.058 -0.5823 -0.3377 0.3586 -0.6696 0.583 -0.2883 0.7957 -0.0391 -0.5778 0.1772 0.3194 0.3715 -0.7653 -0.4174 0.7086 -0.2659 -0.647 0.0927 0.7924 0.1768 -0.5759 0.0959 0.8666 0.1227 0.4803 -0.0576 0.6455 0.3881 -0.6111 0.2432 0.5856 -0.5469 -0.4438 -0.4012 0.911 0.0089 0.4092 -0.0508
0.7372 -0.058 -0.5823 -0.3377 0.3586 -0.6696 0.583 -0.2883 0.787 -0.0455 -0.5908 0.1719 0.3194 0.3715 -0.7653 -0.4174 0.7086 -0.2659 -0.647 0.0927 0.7924 0.1768 -0.5759 0.0959 0.8666 0.1227 0.4803 -0.0576 0.6139 0.3726 -0.647 0.2564 0.5856 -0.5469 -0.4438 -0.4012 0.911 0.0089 0.4092 -0.0508
0.7372 -0.058 -0.5823 -0.3377 0.3586 -0.6696 0.583 -0.2883 0.787 -0.0455 -0.5908 0.1719 0.3194 0.3715 -0.7653 -0.4174 0.7086 -0.2659 -0.647 0.0927 0.7924 0.1768 -0.5759 0.0959 0.8666 0.1227 0.4803 -0.0576 0.6139 0.3726 -0.647 0.2564 0.5856 -0.5469 -0.4438 -0.4012 0.911 0.0089 0.4092 -0.0508
0.7372 -0.058 -0.5823 -0.3377 0.3538 -0.679 0.5746 -0.2893 0.787 -0.0455 -0.5908 0.1719 0.3194 0.3715 -0.7653 -0.4174 0.7086 -0.2659 -0.647 0.0927 0.7924 0.1768 -0.5759 0.0959 0.8666 0.1227 0.4803 -0.0576 0.6139 0.3726 -0.647 0.2564 0.5856 -0.5469 -0.4438 -0.4012 0.911 0.0089 0.4092 -0.0508
0.7372 -0.058 -0.5823 -0.3377 0.3538 -0.679 0.5746 -0.2893 0.787 -0.0455 -0.5908 0.1719 0.3194 0.3715 -0.7653 -0.4174 0.7086 -0.2659 -0.647 0.0927 0.7924 0.1768 -0.5759 0.0959 0.8666 0.1227 0.4803 -0.0576 0.6139 0.3726 -0.647 0.2564 0.5856 -0.5469 -0.4438 -0.4012 0.911 0.0089 0.4092 -0.0508
0.738 -0.0485 -0.5844 -0.3337 0.3538 -0.679 0.5746 -0.2893 0.787 -0.0455 -0.5908 0.1719 0.3205 0.3718 -0.7723 -0.4031 0.7086 -0.2659 -0.647 0.0927 0.7476 0.2758 -0.5519 0.2459 0.8666 0.1227 0.4803 -0.0576 0.6139 0.3726 -0.647 0.2564 0.5856 -0.5469 -0.4438 -0.4012 0.911 0.0089 0.4092 -0.0508
0.738 -0.0485 -0.5844 -0.3337 0.3538 -0.679 0.5746 -0.2893 0.787 -0.0455 -0.5908 0.1719 0.3205 0.3718 -0.7723 -0.4031 0.7086 -0.2659 -0.647 0.0927 0.7476 0.2758 -0.5519 0.2459 0.8666 0.1227 0.4803 -0.0576 0.6139 0.3726 -0.647 0.2564 0.5856 -0.5469 -0.4438 -0.4012 0.911 0.0089 0.4092 -0.0508
0.738 -0.0485 -0.5844 -0.3337 0.3538 -0.679 0.5746 -0.2893 0.787 -0.0455 -0.5908 0.1719 0.3205 0.3718 -0.7723 -0.4031 0.7086 -0.2659 -0.647 0.0927 0.7476 0.2758 -0.5519 0.2459 0.8666 0.1227 0.4803 -0.0576 0.6139 0.3726 -0.647 0.2564 0.5856 -0.5469 -0.4438 -0.4012 0.911 0.0089 0.4092 -0.0508
0.738 -0.0485 -0.5844 -0.3337 0.3538 -0.679 0.5746 -0.2893 0.7858 -0.0439 -0.5917 0.1746 0.3205 0.3718 -0.7723 -0.4031 0.7086 -0.2659 -0.647 0.0927 0.7476 0.2758 -0.5519 0.2459 0.8666 0.1227 0.4803 -0.0576 0.6191 0.3621 -0.6486 0.2548 0.5856 -0.5469 -0.4438 -0.4012 0.911 0.0089 0.4092 -0.0508
0.738 -0.0485 -0.5844 -0.3337 0.3538 -0.679 0.5746 -0.2893 0.7858 -0.0439 -0.5917 0.1746 0.3205 0.3718 -0.7723 -0.4031 0.7086 -0.2659 -0.647 0.0927 0.7476 0.2758 -0.5519 0.2459 0.8666 0.1227 0.4803 -0.0576 0.6191 0.3621 -0.6486 0.2548 0.5856 -0.5469 -0.4438 -0.4012 0.911 0.0089 0.4092 -0.0508
0.738 -0.0485 -0.5844 -0.3337 0.3557 -0.6885 0.5687 -0.2758 0.7858 -0.0439 -0.5917 0.1746 0.3205 0.3718 -0.7723 -0.4031 0.7086 -0.2659 -0.647 0.0927 0.7476 0.2758 -0.5519 0.2459 0.8666 0.1227 0.4803 -0.0576 0.6191 0.3621 -0.6486 0.2548 0.5856 -0.5469 -0.4438 -0.4012 0.911 0.0089 0.4092 -0.0508
0.738 -0.0485 -0.5844 -0.3337 0.3557 -0.6885 0.5687 -0.2758 0.7858 -0.0439 -0.5917 0.1746 0.3205 0.3718 -0.7723 -0.4031 0.7086 -0.2659 -0.647 0.0927 0.7476 0.2758 -0.5519 0.2459 0.8666 0.1227 0.4803 -0.0576 0.6191 0.3621 -0.6486 0.2548 0.5856 -0.5469 -0.4438 -0.4012 0.911 0.0089 0.4092 -0.0508
0.7406 -0.0456 -0.5889 -0.3203 0.3557 -0.6885 0.5687 -0.2758 0.7858 -0.0439 -0.5917 0.1746 0.3301 0.3875 -0.7606 -0.4028 0.7086 -0.2659 -0.647 0.0927 0.7462 0.3306 -0.5192 0.2535 0.8666 0.1227 0.4803 -0.0576 0.6191 0.3621 -0.6486 0.2548 0.5856 -0.5469 -0.4438 -0.4012 0.911 0.0089 0.4092 -0.0508
0.7406 -0.0456 -0.5889 -0.3203 0.3557 -0.6885 0.5687 -0.2758 0.7858 -0.0439 -0.5917 0.1746 0.3301 0.3875 -0.7606 -0.4028 0.7086 -0.2659 -0.647 0.0927 0.7462 0.3306 -0.5192 0.2535 0.8666 0.1227 0.4803 -0.0576 0.6191 0.3621 -0.6486 0.2548 0.5856 -0.5469 -0.4438 -0.4012 0.911 0.0089 0.4092 -0.0508
0.7406 -0.0456 -0.5889 -0.3203 0.3557 -0.6885 0.5687 -0.2758 0.7858 -0.0439 -0.5917 0.1746 0.3301 0.3875 -0.7606 -0.4028 0.7086 -0.2659 -0.647 0.0927 0.7462 0.3306 -0.5192 0.2535 0.8666 0.1227 0.4803 -0.0576 0.6191 0.3621 -0.6486 0.2548 0.5856 -0.5469 -0.4438 -0.4012 0.911 0.0089 0.4092 -0.0508
0.7406 -0.0456 -0.5889 -0.3203 0.3557 -0.6885 0.5687 -0.2758 0.7858 -0.0439 -0.5917 0.1746 0.3301 0.3875 -0.7606 -0.4028 0.7086 -0.2659 -0.647 0.0927 0.7462 0.3306 -0.5192 0.2535 0.8666 0.1227 0.4803 -0.0576 0.6331 0.3765 -0.6162 0.2789 0.5856 -0.5469 -0.4438 -0.4012 0.911 0.0089 0.4092 -0.0508
0.7406 -0.0456 -0.5889 -0.3203 0.3557 -0.6885 0.5687 -0.2758 0.7858 -0.0439 -0.5917 0.1746 0.3301 0.3875 -0.7606 -0.4028 0.7086 -0.2659 -0.647 0.0927 0.7462 0.3306 -0.5192 0.2535 0.8666 0.1227 0.4803 -0.0576 0.6331 0.3765 -0.6162 0.2789 0.5856 -0.5469 -0.4438 -0.4012 0.8029 -0.0175 0.5895 -0.0867
0.7406 -0.0456 -0.5889 -0.3203 0.3557 -0.6885 0.5687 -0.2758 0.7858 -0.0439 -0.5917 0.1746 0.3301 0.3875 -0.7606 -0.4028 0.7086 -0.2659 -0.647 0.0927 0.7462 0.3306 -0.5192 0.2535 0.8666 0.1227 0.4803 -0.0576 0.6331 0.3765 -0.6162 0.2789 0.5856 -0.5469 -0.4438 -0.4012 0.8029 -0.0175 0.5895 -0.0867
0.7406 -0.0456 -0.5889 -0.3203 0.3635 -0.6987 0.5566 -0.2643 0.7858 -0.0439 -0.5917 0.1746 0.3551 0.396 -0.7466 -0.3996 0.7086 -0.2659 -0.647 0.0927 0.7403 0.3633 -0.5059 0.2531 0.8666 0.1227 0.4803 -0.0576 0.6331 0.3765 -0.6162 0.2789 0.5856 -0.5469 -0.4438 -0.4012 0.8029 -0.0175 0.5895 -0.0867
0.7406 -0.0456 -0.5889 -0.3203 0.3635 -0.6987 0.5566 -0.2643 0.7858 -0.0439 -0.5917 0.1746 0.3551 0.396 -0.7466 -0.3996 0.7086 -0.2659 -0.647 0.0927 0.7403 0.3633 -0.5059 0.2531 0.8666 0.1227 0.4803 -0.0576 0.6331 0.3765 -0.6162 0.2789 0.5856 -0.5469 -0.4438 -0.4012 0.8029 -0.0175 0.5895 -0.0867
0.7406 -0.0456 -0.5889 -0.3203 0.3635 -0.6987 0.5566 -0.2643 0.7858 -0.0439 -0.5917 0.1746 0.3551 0.396 -0.7466 -0.3996 0.7086 -0.2659 -0.647 0.0927 0.7403 0.3633 -0.5059 0.2531 0.8666 0.1227 0.4803 -0.0576 0.6331 0.3765 -0.6162 0.2789 0.6517 -0.6735 -0.1974 -0.2878 0.8029 -0.0175 0.5895 -0.0867
0.7406 -0.0456 -0.5889 -0.3203 0.3635 -0.6987 0.5566 -0.2643 0.7858 -0.0439 -0.5917 0.1746 0.3551 0.396 -0.7466 -0.3996 0.7086 -0.2659 -0.647 0.0927 0.7403 0.3633 -0.5059 0.2531 0.8666 0.1227 0.4803 -0.0576 0.6331 0.3765 -0.6162 0.2789 0.6517 -0.6735 -0.1974 -0.2878 0.8029 -0.0175 0.5895 -0.0867
0.7406 -0.0456 -0.5889 -0.3203 0.3635 -0.6987 0.5566 -0.2643 0.7858 -0.0439 -0.5917 0.1746 0.3551 0.396 -0.7466 -0.3996 0.7086 -0.2659 -0.647 0.0927 0.7403 0.3633 -0.5059 0.2531 0.8666 0.1227 0.4803 -0.0576 0.6331 0.3765 -0.6162 0.2789 0.6517 -0.6735 -0.1974 -0.2878 0.8029 -0.0175 0.5895 -0.0867
0.7406 -0.0456 -0.5889 -0.3203 0.3635 -0.6987 0.5566 -0.2643 0.7898 -0.0151 -0.5677 0.2318 0.3551 0.396 -0.7466 -0.3996 0.7086 -0.2659 -0.647 0.0927 0.7403 0.3633 -0.5059 0.2531 0.8666 0.1227 0.4803 -0.0576 0.657 0.3911 -0.5858 0.2687 0.6517 -0.6735 -0.1974 -0.2878 0.7678 -0.0217 0.6169 -0.1718
0.7406 -0.0456 -0.5889 -0.3203 0.3635 -0.6987 0.5566 -0.2643 0.7898 -0.0151 -0.5677 0.2318 0.3551 0.396 -0.7466 -0.3996 0.7086 -0.2659 -0.647 0.0927 0.7403 0.3633 -0.5059 0.2531 0.8666 0.1227 0.4803 -0.0576 0.657 0.3911 -0.5858 0.2687 0.6517 -0.6735 -0.1974 -0.2878 0.7678 -0.0217 0.6169 -0.1718
0.7406 -0.0456 -0.5889 -0.3203 0.3635 -0.6987 0.5566 -0.2643 0.7898 -0.0151 -0.5677 0.2318 0.3551 0.396 -0.7466 -0.3996 0.7086 -0.2659 -0.647 0.0927 0.7403 0.3633 -0.5059 0.2531 0.8666 0.1227 0.4803 -0.0576 0.657 0.3911 -0.5858 0.2687 0.6517 -0.6735 -0.1974 -0.2878 0.7678 -0.0217 0.6169 -0.1718
0.7406 -0.0456 -0.5889 -0.3203 0.3605 -0.7106 0.5447 -0.2615 0.7898 -0.0151 -0.5677 0.2318 0.3881 0.4165 -0.7251 -0.3875 0.7086 -0.2659 -0.647 0.0927 0.7353 0.3722 -0.5121 0.2421 0.8666 0.1227 0.4803 -0.0576 0.657 0.3911 -0.5858 0.2687 0.6517 -0.6735 -0.1974 -0.2878 0.7678 -0.0217 0.6169 -0.1718
0.7458 -0.0154 -0.6068 -0.2745 0.3605 -0.7106 0.5447 -0.2615 0.7898 -0.0151 -0.5677 0.2318 0.3881 0.4165 -0.7251 -0.3875 0.619 -0.0977 -0.7686 0.1288 0.7353 0.3722 -0.5121 0.2421 0.8666 0.1227 0.4803 -0.0576 0.657 0.3911 -0.5858 0.2687 0.666 -0.617 -0.2329 -0.3487 0.7678 -0.0217 0.6169 -0.1718
0.7458 -0.0154 -0.6068 -0.2745 0.3605 -0.7106 0.5447 -0.2615 0.7898 -0.0151 -0.5677 0.2318 0.3881 0.4165 -0.7251 -0.3875 0.619 -0.0977 -0.7686 0.1288 0.7353 0.3722 -0.5121 0.2421 0.8666 0.1227 0.4803 -0.0576 0.657 0.3911 -0.5858 0.2687 0.666 -0.617 -0.2329 -0.3487 0.7678 -0.0217 0.6169 -0.1718
0.7458 -0.0154 -0.6068 -0.2745 0.3605 -0.7106 0.5447 -0.2615 0.7885 -0.0068 -0.5587 0.2572 0.3881 0.4165 -0.7251 -0.3875 0.619 -0.0977 -0.7686 0.1288 0.7353 0.3722 -0.5121 0.2421 0.8666 0.1227 0.4803 -0.0576 0.6896 0.3884 -0.5499 0.267 0.666 -0.617 -0.2329 -0.3487 0.8549 0.0585 0.5126 -0.0557
0.7458 -0.0154 -0.6068 -0.2745 0.3605 -0.7106 0.5447 -0.2615 0.7885 -0.0068 -0.5587 0.2572 0.3881 0.4165 -0.7251 -0.3875 0.619 -0.0977 -0.7686 0.1288 0.7353 0.3722 -0.5121 0.2421 0.8666 0.1227 0.4803 -0.0576 0.6896 0.3884 -0.5499 0.267 0.666 -0.617 -0.2329 -0.3487 0.8549 0.0585 0.5126 -0.0557
0.7458 -0.0154 -0.6068 -0.2745 0.3619 -0.7221 0.5291 -0.2602 0.7885 -0.0068 -0.5587 0.2572 0.3881 0.4165 -0.7251 -0.3875 0.619 -0.0977 -0.7686 0.1288 0.7353 0.3722 -0.5121 0.2421 0.8666 0.1227 0.4803 -0.0576 0.6896 0.3884 -0.5499 0.267 0.666 -0.617 -0.2329 -0.3487 0.8549 0.0585 0.5126 -0.0557
0.7458 -0.0154 -0.6068 -0.2745 0.3619 -0.7221 0.5291 -0.2602 0.7885 -0.0068 -0.5587 0.2572 0.3881 0.4165 -0.7251 -0.3875 0.619 -0.0977 -0.7686 0.1288 0.7363 0.3669 -0.5241 0.2203 0.8666 0.1227 0.4803 -0.0576 0.6896 0.3884 -0.5499 0.267 0.666 -0.617 -0.2329 -0.3487 0.8549 0.0585 0.5126 -0.0557
0.7458 -0.0154 -0.6068 -0.2745 0.3619 -0.7221 0.5291 -0.2602 0.7885 -0.0068 -0.5587 0.2572 0.3881 0.4165 -0.7251 -0.3875 0.619 -0.0977 -0.7686 0.1288 0.7363 0.3669 -0.5241 0.2203 0.8666 0.1227 0.4803 -0.0576 0.6896 0.3884 -0.5499 0.267 0.666 -0.617 -0.2329 -0.3487 0.8549 0.0585 0.5126 -0.0557
0.7509 -1.0E-4 -0.6043 -0.2665 0.3619 -0.7221 0.5291 -0.2602 0.7885 -0.0068 -0.5587 0.2572 0.3881 0.4165 -0.7251 -0.3875 0.619 -0.0977 -0.7686 0.1288 0.7363 0.3669 -0.5241 0.2203 0.9069 0.0345 0.4061 0.107 0.6896 0.3884 -0.5499 0.267 0.666 -0.617 -0.2329 -0.3487 0.8549 0.0585 0.5126 -0.0557
0.7509 -1.0E-4 -0.6043 -0.2665 0.3619 -0.7221 0.5291 -0.2602 0.7885 -0.0068 -0.5587 0.2572 0.3881 0.4165 -0.7251 -0.3875 0.619 -0.0977 -0.7686 0.1288 0.7363 0.3669 -0.5241 0.2203 0.9069 0.0345 0.4061 0.107 0.6896 0.3884 -0.5499 0.267 0.666 -0.617 -0.2329 -0.3487 0.8549 0.0585 0.5126 -0.0557
0.7509 -1.0E-4 -0.6043 -0.2665 0.3619 -0.7221 0.5291 -0.2602 0.7858 0.0021 -0.5565 0.2697 0.3881 0.4165 -0.7251 -0.3875 0.619 -0.0977 -0.7686 0.1288 0.7363 0.3669 -0.5241 0.2203 0.9069 0.0345 0.4061 0.107 0.6896 0.3884 -0.5499 0.267 0.666 -0.617 -0.2329 -0.3487 0.9131 0.0541 0.399 -0.0634
0.7509 -1.0E-4 -0.6043 -0.2665 0.3619 -0.7221 0.5291 -0.2602 0.7858 0.0021 -0.5565 0.2697 0.3881 0.4165 -0.7251 -0.3875 0.619 -0.0977 -0.7686 0.1288 0.7363 0.3669 -0.5241 0.2203 0.9069 0.0345 0.4061 0.107 0.6896 0.3884 -0.5499 0.267 0.666 -0.617 -0.2329 -0.3487 0.9131 0.0541 0.399 -0.0634
0.7509 -1.0E-4 -0.6043 -0.2665 0.3694 -0.7213 0.5263 -0.2574 0.7858 0.0021 -0.5565 0.2697 0.3881 0.4165 -0.7251 -0.3875 0.619 -0.0977 -0.7686 0.1288 0.7363 0.3669 -0.5241 0.2203 0.9069 0.0345 0.4061 0.107 0.6896 0.3884 -0.5499 0.267 0.666 -0.617 -0.2329 -0.3487 0.9131 0.0541 0.399 -0.0634
0.7569 0.002 -0.6034 -0.251 0.3694 -0.7213 0.5263 -0.2574 0.7858 0.0021 -0.5565 0.2697 0.4075 0.4355 -0.7049 -0.384 0.619 -0.0977 -0.7686 0.1288 0.7363 0.3669 -0.5241 0.2203 0.9069 0.0345 0.4061 0.107 0.6896 0.3884 -0.5499 0.267 0.666 -0.617 -0.2329 -0.3487 0.9131 0.0541 0.399 -0.0634
0.7569 0.002 -0.6034 -0.251 0.3694 -0.7213 0.5263 -0.2574 0.7858 0.0021 -0.5565 0.2697 0.4075 0.4355 -0.7049 -0.384 0.619 -0.0977 -0.7686 0.1288 0.7363 0.3669 -0.5241 0.2203 0.9069 0.0345 0.4061 0.107 0.6896 0.3884 -0.5499 0.267 0.666 -0.617 -0.2329 -0.3487 0.9131 0.0541 0.399 -0.0634
0.7569 0.002 -0.6034 -0.251 0.3694 -0.7213 0.5263 -0.2574 0.7858 0.0021 -0.5565 0.2697 0.4075 0.4355 -0.7049 -0.384 0.619 -0.0977 -0.7686 0.1288 0.7363 0.3669 -0.5241 0.2203 0.8892 0.0151 0.4484 0.0897 0.6896 0.3884 -0.5499 0.267 0.5559 -0.561 -0.3721 -0.4876 0.9131 0.0541 0.399 -0.0634
0.7569 0.002 -0.6034 -0.251 0.3694 -0.7213 0.5263 -0.2574 0.7858 0.0021 -0.5565 0.2697 0.4075 0.4355 -0.7049 -0.384 0.619 -0.0977 -0.7686 0.1288 0.7363 0.3669 -0.5241 0.2203 0.8892 0.0151 0.4484 0.0897 0.6896 0.3884 -0.5499 0.267 0.5559 -0.561 -0.3721 -0.4876 0.9131 0.0541 0.399 -0.0634
0.7569 0.002 -0.6034 -0.251 0.3694 -0.7213 0.5263 -0.2574 0.7858 0.0021 -0.5565 0.2697 0.4075 0.4355 -0.7049 -0.384 0.619 -0.0977 -0.7686 0.1288 0.7363 0.3669 -0.5241 0.2203 0.8892 0.0151 0.4484 0.0897 0.6896 0.3884 -0.5499 0.267 0.5559 -0.561 -0.3721 -0.4876 0.9131 0.0541 0.399 -0.0634
0.7569 0.002 -0.6034 -0.251 0.3694 -0.7213 0.5263 -0.2574 0.7896 0.0016 -0.559 0.2534 0.4075 0.4355 -0.7049 -0.384 0.619 -0.0977 -0.7686 0.1288 0.7363 0.3669 -0.5241 0.2203 0.8892 0.0151 0.4484 0.0897 0.6955 0.4182 -0.55 0.1972 0.5559 -0.561 -0.3721 -0.4876 0.8983 0.0604 0.4214 -0.1088
0.7569 0.002 -0.6034 -0.251 0.3694 -0.7213 0.5263 -0.2574 0.7896 0.0016 -0.559 0.2534 0.4075 0.4355 -0.7049 -0.384 0.619 -0.0977 -0.7686 0.1288 0.7363 0.3669 -0.5241 0.2203 0.8892 0.0151 0.4484 0.0897 0.6955 0.4182 -0.55 0.1972 0.5559 -0.561 -0.3721 -0.4876 0.8983 0.0604 0.4214 -0.1088
0.7569 0.002 -0.6034 -0.251 0.3815 -0.7043 0.5423 -0.2537 0.7896 0.0016 -0.559 0.2534 0.3895 0.4249 -0.7158 -0.3942 0.619 -0.0977 -0.7686 0.1288 0.7949 0.3817 -0.4547 0.1254 0.8892 0.0151 0.4484 0.0897 0.6955 0.4182 -0.55 0.1972 0.5559 -0.561 -0.3721 -0.4876 0.8983 0.0604 0.4214 -0.1088
0.7569 0.002 -0.6034 -0.251 0.3815 -0.7043 0.5423 -0.2537 0.7896 0.0016 -0.559 0.2534 0.3895 0.4249 -0.7158 -0.3942 0.619 -0.0977 -0.7686 0.1288 0.7949 0.3817 -0.4547 0.1254 0.8892 0.0151 0.4484 0.0897 0.6955 0.4182 -0.55 0.1972 0.5559 -0.561 -0.3721 -0.4876 0.8983 0.0604 0.4214 -0.1088
0.7569 0.002 -0.6034 -0.251 0.3815 -0.7043 0.5423 -0.2537 0.7896 0.0016 -0.559 0.2534 0.3895 0.4249 -0.7158 -0.3942 0.6637 -0.1089 -0.7385 0.0475 0.7949 0.3817 -0.4547 0.1254 0.8469 0.0399 0.5205 0.1016 0.6955 0.4182 -0.55 0.1972 0.5516 -0.6295 -0.2805 -0.4698 0.8983 0.0604 0.4214 -0.1088
0.7569 0.002 -0.6034 -0.251 0.3815 -0.7043 0.5423 -0.2537 0.7896 0.0016 -0.559 0.2534 0.3895 0.4249 -0.7158 -0.3942 0.6637 -0.1089 -0.7385 0.0475 0.7949 0.3817 -0.4547 0.1254 0.8469 0.0399 0.5205 0.1016 0.6955 0.4182 -0.55 0.1972 0.5516 -0.6295 -0.2805 -0.4698 0.8983 0.0604 0.4214 -0.1088
0.7569 0.002 -0.6034 -0.251 0.3815 -0.7043 0.5423 -0.2537 0.7896 0.0016 -0.559 0.2534 0.3895 0.4249 -0.7158 -0.3942 0.6637 -0.1089 -0.7385 0.0475 0.7949 0.3817 -0.4547 0.1254 0.8469 0.0399 0.5205 0.1016 0.6955 0.4182 -0.55 0.1972 0.5516 -0.6295 -0.2805 -0.4698 0.8983 0.0604 0.4214 -0.1088
0.7569 0.002 -0.6034 -0.251 0.3815 -0.7043 0.5423 -0.2537 0.7937 0.0029 -0.5674 0.2192 0.3895 0.4249 -0.7158 -0.3942 0.6637 -0.1089 -0.7385 0.0475 0.7949 0.3817 -0.4547 0.1254 0.8469 0.0399 0.5205 0.1016 0.7045 0.3887 -0.5718 0.1603 0.5516 -0.6295 -0.2805 -0.4698 0.9047 0.0532 0.4081 -0.1102
0.7569 0.002 -0.6034 -0.251 0.3724 -0.6891 0.5623 -0.265 0.7937 0.0029 -0.5674 0.2192 0.3895 0.4249 -0.7158 -0.3942 0.6637 -0.1089 -0.7385 0.0475 0.7949 0.3817 -0.4547 0.1254 0.8469 0.0399 0.5205 0.1016 0.7045 0.3887 -0.5718 0.1603 0.5516 -0.6295 -0.2805 -0.4698 0.9047 0.0532 0.4081 -0.1102
0.7569 0.002 -0.6034 -0.251 0.3724 -0.6891 0.5623 -0.265 0.7937 0.0029 -0.5674 0.2192 0.3895 0.4249 -0.7158 -0.3942 0.6637 -0.1089 -0.7385 0.0475 0.7949 0.3817 -0.4547 0.1254 0.8469 0.0399 0.5205 0.1016 0.7045 0.3887 -0.5718 0.1603 0.5516 -0.6295 -0.2805 -0.4698 0.9047 0.0532 0.4081 -0.1102
0.7508 -0.0527 -0.5922 -0.2877 0.3724 -0.6891 0.5623 -0.265 0.7937 0.0029 -0.5674 0.2192 0.3895 0.4249 -0.7158 -0.3942 0.6637 -0.1089 -0.7385 0.0475 0.7949 0.3817 -0.4547 0.1254 0.7253 0.0877 0.6584 0.181 0.7045 0.3887 -0.5718 0.1603 0.5516 -0.6295 -0.2805 -0.4698 0.9047 0.0532 0.4081 -0.1102
0.7508 -0.0527 -0.5922 -0.2877 0.3724 -0.6891 0.5623 -0.265 0.7937 0.0029 -0.5674 0.2192 0.3895 0.4249 -0.7158 -0.3942 0.6637 -0.1089 -0.7385 0.0475 0.7949 0.3817 -0.4547 0.1254 0.7253 0.0877 0.6584 0.181 0.7045 0.3887 -0.5718 0.1603 0.5466 -0.6572 -0.2609 -0.4487 0.9047 0.0532 0.4081 -0.1102
0.7508 -0.0527 -0.5922 -0.2877 0.3724 -0.6891 0.5623 -0.265 0.7937 0.0029 -0.5674 0.2192 0.3895 0.4249 -0.7158 -0.3942 0.6637 -0.1089 -0.7385 0.0475 0.7949 0.3817 -0.4547 0.1254 0.7253 0.0877 0.6584 0.181 0.6777 0.3769 -0.6086 0.1683 0.5466 -0.6572 -0.2609 -0.4487 0.9047 0.0532 0.4081 -0.1102
0.7508 -0.0527 -0.5922 -0.2877 0.3724 -0.6891 0.5623 -0.265 0.7937 0.0029 -0.5674 0.2192 0.3895 0.4249 -0.7158 -0.3942 0.6637 -0.1089 -0.7385 0.0475 0.7949 0.3817 -0.4547 0.1254 0.7253 0.0877 0.6584 0.181 0.6777 0.3769 -0.6086 0.1683 0.5466 -0.6572 -0.2609 -0.4487 0.9065 0.0508 0.404 -0.1116
0.7508 -0.0527 -0.5922 -0.2877 0.3724 -0.6891 0.5623 -0.265 0.7937 0.0029 -0.5674 0.2192 0.3895 0.4249 -0.7158 -0.3942 0.6637 -0.1089 -0.7385 0.0475 0.7949 0.3817 -0.4547 0.1254 0.7253 0.0877 0.6584 0.181 0.6777 0.3769 -0.6086 0.1683 0.5466 -0.6572 -0.2609 -0.4487 0.9065 0.0508 0.404 -0.1116
0.7508 -0.0527 -0.5922 -0.2877 0.3734 -0.6741 0.5758 -0.2731 0.7937 0.0029 -0.5674 0.2192 0.3895 0.4249 -0.7158 -0.3942 0.6637 -0.1089 -0.7385 0.0475 0.7949 0.3817 -0.4547 0.1254 0.7253 0.0877 0.6584 0.181 0.6777 0.3769 -0.6086 0.1683 0.5466 -0.6572 -0.2609 -0.4487 0.9065 0.0508 0.404 -0.1116
0.7508 -0.0527 -0.5922 -0.2877 0.3734 -0.6741 0.5758 -0.2731 0.7937 0.0029 -0.5674 0.2192 0.3895 0.4249 -0.7158 -0.3942 0.6637 -0.1089 -0.7385 0.0475 0.7949 0.3817 -0.4547 0.1254 0.7253 0.0877 0.6584 0.181 0.6777 0.3769 -0.6086 0.1683 0.5466 -0.6572 -0.2609 -0.4487 0.9065 0.0508 0.404 -0.1116
0.7477 -0.0554 -0.5917 -0.2963 0.3734 -0.6741 0.5758 -0.2731 0.7937 0.0029 -0.5674 0.2192 0.3701 0.3998 -0.7249 -0.4215 0.6637 -0.1089 -0.7385 0.0475 0.8546 0.332 -0.3824 0.1149 0.7253 0.0877 0.6584 0.181 0.6777 0.3769 -0.6086 0.1683 0.5466 -0.6572 -0.2609 -0.4487 0.9065 0.0508 0.404 -0.1116
0.7477 -0.0554 -0.5917 -0.2963 0.3734 -0.6741 0.5758 -0.2731 0.7937 0.0029 -0.5674 0.2192 0.3701 0.3998 -0.7249 -0.4215 0.6637 -0.1089 -0.7385 0.0475 0.8546 0.332 -0.3824 0.1149 0.8036 0.0079 0.589 0.0854 0.6777 0.3769 -0.6086 0.1683 0.534 -0.6675 -0.2715 -0.4423 0.9065 0.0508 0.404 -0.1116
0.7477 -0.0554 -0.5917 -0.2963 0.3734 -0.6741 0.5758 -0.2731 0.7937 0.0029 -0.5674 0.2192 0.3701 0.3998 -0.7249 -0.4215 0.6637 -0.1089 -0.7385 0.0475 0.8546 0.332 -0.3824 0.1149 0.8036 0.0079 0.589 0.0854 0.6777 0.3769 -0.6086 0.1683 0.534 -0.6675 -0.2715 -0.4423 0.9065 0.0508 0.404 -0.1116
0.7477 -0.0554 -0.5917 -0.2963 0.3734 -0.6741 0.5758 -0.2731 0.7937 0.0029 -0.5674 0.2192 0.3701 0.3998 -0.7249 -0.4215 0.6637 -0.1089 -0.7385 0.0475 0.8546 0.332 -0.3824 0.1149 0.8036 0.0079 0.589 0.0854 0.6777 0.3769 -0.6086 0.1683 0.534 -0.6675 -0.2715 -0.4423 0.9065 0.0508 0.404 -0.1116
0.7477 -0.0554 -0.5917 -0.2963 0.3734 -0.6741 0.5758 -0.2731 0.7937 0.0029 -0.5674 0.2192 0.3701 0.3998 -0.7249 -0.4215 0.6637 -0.1089 -0.7385 0.0475 0.8546 0.332 -0.3824 0.1149 0.8036 0.0079 0.589 0.0854 0.6777 0.3769 -0.6086 0.1683 0.534 -0.6675 -0.2715 -0.4423 0.9065 0.0508 0.404 -0.1116
0.7477 -0.0554 -0.5917 -0.2963 0.3657 -0.6702 0.5814 -0.2813 0.7937 0.0029 -0.5674 0.2192 0.3701 0.3998 -0.7249 -0.4215 0.6637 -0.1089 -0.7385 0.0475 0.8546 0.332 -0.3824 0.1149 0.8036 0.0079 0.589 0.0854 0.6777 0.3769 -0.6086 0.1683 0.534 -0.6675 -0.2715 -0.4423 0.9065 0.0508 0.404 -0.1116
0.7477 -0.0554 -0.5917 -0.2963 0.3657 -0.6702 0.5814 -0.2813 0.7937 0.0029 -0.5674 0.2192 0.3701 0.3998 -0.7249 -0.4215 0.6637 -0.1089 -0.7385 0.0475 0.8546 0.332 -0.3824 0.1149 0.8036 0.0079 0.589 0.0854 0.6777 0.3769 -0.6086 0.1683 0.534 -0.6675 -0.2715 -0.4423 0.9065 0.0508 0.404 -0.1116
0.7477 -0.0554 -0.5917 -0.2963 0.3657 -0.6702 0.5814 -0.2813 0.7937 0.0029 -0.5674 0.2192 0.3701 0.3998 -0.7249 -0.4215 0.6637 -0.1089 -0.7385 0.0475 0.8546 0.332 -0.3824 0.1149 0.8036 0.0079 0.589 0.0854 0.6777 0.3769 -0.6086 0.1683 0.534 -0.6675 -0.2715 -0.4423 0.9065 0.0508 0.404 -0.1116
0.7477 -0.0554 -0.5917 -0.2963 0.3657 -0.6702 0.5814 -0.2813 0.7937 0.0029 -0.5674 0.2192 0.3701 0.3998 -0.7249 -0.4215 0.6637 -0.1089 -0.7385 0.0475 0.8546 0.332 -0.3824 0.1149 0.8036 0.0079 0.589 0.0854 0.6777 0.3769 -0.6086 0.1683 0.5338 -0.6688 -0.2838 -0.4329 0.9065 0.0508 0.404 -0.1116
0.7477 -0.0554 -0.5917 -0.2963 0.3657 -0.6702 0.5814 -0.2813 0.7937 0.0029 -0.5674 0.2192 0.3701 0.3998 -0.7249 -0.4215 0.6637 -0.1089 -0.7385 0.0475 0.8546 0.332 -0.3824 0.1149 0.8036 0.0079 0.589 0.0854 0.6777 0.3769 -0.6086 0.1683 0.5338 -0.6688 -0.2838 -0.4329 0.9065 0.0508 0.404 -0.1116
0.7477 -0.0554 -0.5917 -0.2963 0.3657 -0.6702 0.5814 -0.2813 0.7937 0.0029 -0.5674 0.2192 0.3701 0.3998 -0.7249 -0.4215 0.6637 -0.1089 -0.7385 0.0475 0.8546 0.332 -0.3824 0.1149 0.8036 0.0079 0.589 0.0854 0.6777 0.3769 -0.6086 0.1683 0.5338 -0.6688 -0.2838 -0.4329 0.9065 0.0508 0.404 -0.1116
0.7477 -0.0554 -0.5917 -0.2963 0.3657 -0.6702 0.5814 -0.2813 0.8006 -0.0419 -0.5706 0.1782 0.3701 0.3998 -0.7249 -0.4215 0.6637 -0.1089 -0.7385 0.0475 0.8546 0.332 -0.3824 0.1149 0.8036 0.0079 0.589 0.0854 0.6342 0.3513 -0.6584 0.2021 0.5338 -0.6688 -0.2838 -0.4329 0.9048 0.0543 0.4113 -0.0963
0.7477 -0.0554 -0.5917 -0.2963 0.3657 -0.6702 0.5814 -0.2813 0.8006 -0.0419 -0.5706 0.1782 0.3701 0.3998 -0.7249 -0.4215 0.6637 -0.1089 -0.7385 0.0475 0.8546 0.332 -0.3824 0.1149 0.8036 0.0079 0.589 0.0854 0.6342 0.3513 -0.6584 0.2021 0.5338 -0.6688 -0.2838 -0.4329 0.9048 0.0543 0.4113 -0.0963
0.7477 -0.0554 -0.5917 -0.2963 0.3599 -0.6692 0.5821 -0.2896 0.8006 -0.0419 -0.5706 0.1782 0.3701 0.3998 -0.7249 -0.4215 0.6637 -0.1089 -0.7385 0.0475 0.8546 0.332 -0.3824 0.1149 0.8036 0.0079 0.589 0.0854 0.6342 0.3513 -0.6584 0.2021 0.5338 -0.6688 -0.2838 -0.4329 0.9048 0.0543 0.4113 -0.0963
0.7477 -0.0554 -0.5917 -0.2963 0.3599 -0.6692 0.5821 -0.2896 0.8006 -0.0419 -0.5706 0.1782 0.3536 0.3701 -0.7526 -0.4144 0.6637 -0.1089 -0.7385 0.0475 0.7831 0.0686 -0.6042 0.1306 0.8036 0.0079 0.589 0.0854 0.6342 0.3513 -0.6584 0.2021 0.5338 -0.6688 -0.2838 -0.4329 0.9048 0.0543 0.4113 -0.0963
0.7396 -0.0524 -0.5922 -0.3156 0.3599 -0.6692 0.5821 -0.2896 0.8006 -0.0419 -0.5706 0.1782 0.3536 0.3701 -0.7526 -0.4144 0.6637 -0.1089 -0.7385 0.0475 0.7831 0.0686 -0.6042 0.1306 0.9138 0.1259 0.3835 -0.0444 0.6342 0.3513 -0.6584 0.2021 0.5376 -0.6756 -0.274 -0.4237 0.9048 0.0543 0.4113 -0.0963
0.7396 -0.0524 -0.5922 -0.3156 0.3599 -0.6692 0.5821 -0.2896 0.8006 -0.0419 -0.5706 0.1782 0.3536 0.3701 -0.7526 -0.4144 0.6637 -0.1089 -0.7385 0.0475 0.7831 0.0686 -0.6042 0.1306 0.9138 0.1259 0.3835 -0.0444 0.6342 0.3513 -0.6584 0.2021 0.5376 -0.6756 -0.274 -0.4237 0.9048 0.0543 0.4113 -0.0963
0.7396 -0.0524 -0.5922 -0.3156 0.3599 -0.6692 0.5821 -0.2896 0.7974 -0.0549 -0.5775 0.1662 0.3536 0.3701 -0.7526 -0.4144 0.6637 -0.1089 -0.7385 0.0475 0.7831 0.0686 -0.6042 0.1306 0.9138 0.1259 0.3835 -0.0444 0.6336 0.3359 -0.6652 0.2079 0.5376 -0.6756 -0.274 -0.4237 0.9048 0.0543 0.4113 -0.0963
0.7396 -0.0524 -0.5922 -0.3156 0.3599 -0.6692 0.5821 -0.2896 0.7974 -0.0549 -0.5775 0.1662 0.3536 0.3701 -0.7526 -0.4144 0.6637 -0.1089 -0.7385 0.0475 0.7831 0.0686 -0.6042 0.1306 0.9138 0.1259 0.3835 -0.0444 0.6336 0.3359 -0.6652 0.2079 0.5376 -0.6756 -0.274 -0.4237 0.8917 0.0567 0.4384 -0.097
0.7396 -0.0524 -0.5922 -0.3156 0.3607 -0.6638 0.5833 -0.2985 0.7974 -0.0549 -0.5775 0.1662 0.3536 0.3701 -0.7526 -0.4144 0.6637 -0.1089 -0.7385 0.0475 0.7831 0.0686 -0.6042 0.1306 0.9138 0.1259 0.3835 -0.0444 0.6336 0.3359 -0.6652 0.2079 0.5376 -0.6756 -0.274 -0.4237 0.8917 0.0567 0.4384 -0.097
0.7396 -0.0524 -0.5922 -0.3156 0.3607 -0.6638 0.5833 -0.2985 0.7974 -0.0549 -0.5775 0.1662 0.3536 0.3701 -0.7526 -0.4144 0.6637 -0.1089 -0.7385 0.0475 0.733 0.1513 -0.6536 0.1118 0.9138 0.1259 0.3835 -0.0444 0.6336 0.3359 -0.6652 0.2079 0.5376 -0.6756 -0.274 -0.4237 0.8917 0.0567 0.4384 -0.097
0.7396 -0.0524 -0.5922 -0.3156 0.3607 -0.6638 0.5833 -0.2985 0.7974 -0.0549 -0.5775 0.1662 0.3536 0.3701 -0.7526 -0.4144 0.6637 -0.1089 -0.7385 0.0475 0.733 0.1513 -0.6536 0.1118 0.8911 0.1434 0.4299 0.0248 0.6336 0.3359 -0.6652 0.2079 0.5376 -0.6756 -0.274 -0.4237 0.8917 0.0567 0.4384 -0.097
0.7396 -0.0524 -0.5922 -0.3156 0.3607 -0.6638 0.5833 -0.2985 0.7974 -0.0549 -0.5775 0.1662 0.3536 0.3701 -0.7526 -0.4144 0.6637 -0.1089 -0.7385 0.0475 0.733 0.1513 -0.6536 0.1118 0.8911 0.1434 0.4299 0.0248 0.6336 0.3359 -0.6652 0.2079 0.5376 -0.6756 -0.274 -0.4237 0.8917 0.0567 0.4384 -0.097
0.7396 -0.0524 -0.5922 -0.3156 0.3607 -0.6638 0.5833 -0.2985 0.7974 -0.0549 -0.5775 0.1662 0.3536 0.3701 -0.7526 -0.4144 0.6637 -0.1089 -0.7385 0.0475 0.733 0.1513 -0.6536 0.1118 0.8911 0.1434 0.4299 0.0248 0.6336 0.3359 -0.6652 0.2079 0.5376 -0.6756 -0.274 -0.4237 0.8917 0.0567 0.4384 -0.097
0.7396 -0.0524 -0.5922 -0.3156 0.3607 -0.6638 0.5833 -0.2985 0.7944 -0.066 -0.5846 0.1514 0.3536 0.3701 -0.7526 -0.4144 0.6637 -0.1089 -0.7385 0.0475 0.733 0.1513 -0.6536 0.1118 0.8911 0.1434 0.4299 0.0248 0.6336 0.3359 -0.6652 0.2079 0.5376 -0.6756 -0.274 -0.4237 0.8917 0.0567 0.4384 -0.097
0.7396 -0.0524 -0.5922 -0.3156 0.3607 -0.6638 0.5833 -0.2985 0.7944 -0.066 -0.5846 0.1514 0.3536 0.3701 -0.7526 -0.4144 0.6637 -0.1089 -0.7385 0.0475 0.733 0.1513 -0.6536 0.1118 0.8911 0.1434 0.4299 0.0248 0.6336 0.3359 -0.6652 0.2079 0.5376 -0.6756 -0.274 -0.4237 0.8763 0.0547 0.4675 -0.1027
0.7396 -0.0524 -0.5922 -0.3156 0.3607 -0.6638 0.5833 -0.2985 0.7944 -0.066 -0.5846 0.1514 0.3536 0.3701 -0.7526 -0.4144 0.6637 -0.1089 -0.7385 0.0475 0.733 0.1513 -0.6536 0.1118 0.8911 0.1434 0.4299 0.0248 0.6336 0.3359 -0.6652 0.2079 0.5376 -0.6756 -0.274 -0.4237 0.8763 0.0547 0.4675 -0.1027
0.7396 -0.0524 -0.5922 -0.3156 0.3586 -0.6658 0.5818 -0.2993 0.7944 -0.066 -0.5846 0.1514 0.3536 0.3701 -0.7526 -0.4144 0.6637 -0.1089 -0.7385 0.0475 0.733 0.1513 -0.6536 0.1118 0.8911 0.1434 0.4299 0.0248 0.6336 0.3359 -0.6652 0.2079 0.5376 -0.6756 -0.274 -0.4237 0.8763 0.0547 0.4675 -0.1027
0.7396 -0.0524 -0.5922 -0.3156 0.3586 -0.6658 0.5818 -0.2993 0.7944 -0.066 -0.5846 0.1514 0.3536 0.3701 -0.7526 -0.4144 0.6637 -0.1089 -0.7385 0.0475 0.733 0.1513 -0.6536 0.1118 0.8911 0.1434 0.4299 0.0248 0.6336 0.3359 -0.6652 0.2079 0.5376 -0.6756 -0.274 -0.4237 0.8763 0.0547 0.4675 -0.1027
0.7396 -0.0524 -0.5922 -0.3156 0.3586 -0.6658 0.5818 -0.2993 0.7944 -0.066 -0.5846 0.1514 0.3536 0.3701 -0.7526 -0.4144 0.6531 -0.2156 -0.7138 0.1322 0.733 0.1513 -0.6536 0.1118 0.8911 0.1434 0.4299 0.0248 0.6336 0.3359 -0.6652 0.2079 0.5817 -0.6833 -0.2283 -0.3774 0.8763 0.0547 0.4675 -0.1027
0.7396 -0.0524 -0.5922 -0.3156 0.3586 -0.6658 0.5818 -0.2993 0.7944 -0.066 -0.5846 0.1514 0.3536 0.3701 -0.7526 -0.4144 0.6531 -0.2156 -0.7138 0.1322 0.733 0.1513 -0.6536 0.1118 0.8911 0.1434 0.4299 0.0248 0.6336 0.3359 -0.6652 0.2079 0.5817 -0.6833 -0.2283 -0.3774 0.8763 0.0547 0.4675 -0.1027
0.7396 -0.0524 -0.5922 -0.3156 0.3586 -0.6658 0.5818 -0.2993 0.7999 -0.0618 -0.5745 0.1625 0.3536 0.3701 -0.7526 -0.4144 0.6531 -0.2156 -0.7138 0.1322 0.733 0.1513 -0.6536 0.1118 0.8911 0.1434 0.4299 0.0248 0.6436 0.3254 -0.6566 0.2209 0.5817 -0.6833 -0.2283 -0.3774 0.8763 0.0547 0.4675 -0.1027
0.7396 -0.0524 -0.5922 -0.3156 0.3586 -0.6658 0.5818 -0.2993 0.7999 -0.0618 -0.5745 0.1625 0.3536 0.3701 -0.7526 -0.4144 0.6531 -0.2156 -0.7138 0.1322 0.733 0.1513 -0.6536 0.1118 0.8911 0.1434 0.4299 0.0248 0.6436 0.3254 -0.6566 0.2209 0.5817 -0.6833 -0.2283 -0.3774 0.8763 0.0547 0.4675 -0.1027
0.7396 -0.0524 -0.5922 -0.3156 0.3577 -0.6697 0.5838 -0.2877 0.7999 -0.0618 -0.5745 0.1625 0.3536 0.3701 -0.7526 -0.4144 0.6531 -0.2156 -0.7138 0.1322 0.733 0.1513 -0.6536 0.1118 0.8911 0.1434 0.4299 0.0248 0.6436 0.3254 -0.6566 0.2209 0.5817 -0.6833 -0.2283 -0.3774 0.8763 0.0547 0.4675 -0.1027
0.7396 -0.0524 -0.5922 -0.3156 0.3577 -0.6697 0.5838 -0.2877 0.7999 -0.0618 -0.5745 0.1625 0.3536 0.3701 -0.7526 -0.4144 0.6531 -0.2156 -0.7138 0.1322 0.733 0.1513 -0.6536 0.1118 0.8911 0.1434 0.4299 0.0248 0.6436 0.3254 -0.6566 0.2209 0.5817 -0.6833 -0.2283 -0.3774 0.8763 0.0547 0.4675 -0.1027
0.7396 -0.0524 -0.5922 -0.3156 0.3577 -0.6697 0.5838 -0.2877 0.7999 -0.0618 -0.5745 0.1625 0.3456 0.3484 -0.7682 -0.4111 0.6531 -0.2156 -0.7138 0.1322 0.7297 0.272 -0.6075 0.1563 0.8911 0.1434 0.4299 0.0248 0.6436 0.3254 -0.6566 0.2209 0.5817 -0.6833 -0.2283 -0.3774 0.8763 0.0547 0.4675 -0.1027
0.7396 -0.0524 -0.5922 -0.3156 0.3577 -0.6697 0.5838 -0.2877 0.7999 -0.0618 -0.5745 0.1625 0.3456 0.3484 -0.7682 -0.4111 0.6253 -0.226 -0.7425 0.0814 0.7297 0.272 -0.6075 0.1563 0.9214 0.0997 0.3754 -0.0081 0.6436 0.3254 -0.6566 0.2209 0.5817 -0.6833 -0.2283 -0.3774 0.8763 0.0547 0.4675 -0.1027
0.7396 -0.0524 -0.5922 -0.3156 0.3577 -0.6697 0.5838 -0.2877 0.7999 -0.0618 -0.5745 0.1625 0.3456 0.3484 -0.7682 -0.4111 0.6253 -0.226 -0.7425 0.0814 0.7297 0.272 -0.6075 0.1563 0.9214 0.0997 0.3754 -0.0081 0.6436 0.3254 -0.6566 0.2209 0.6075 -0.6872 -0.1788 -0.3559 0.8763 0.0547 0.4675 -0.1027
0.7396 -0.0524 -0.5922 -0.3156 0.3577 -0.6697 0.5838 -0.2877 0.7999 -0.0618 -0.5745 0.1625 0.3456 0.3484 -0.7682 -0.4111 0.6253 -0.226 -0.7425 0.0814 0.7297 0.272 -0.6075 0.1563 0.9214 0.0997 0.3754 -0.0081 0.6436 0.3254 -0.6566 0.2209 0.6075 -0.6872 -0.1788 -0.3559 0.8763 0.0547 0.4675 -0.1027
0.7396 -0.0524 -0.5922 -0.3156 0.3577 -0.6697 0.5838 -0.2877 0.7999 -0.0618 -0.5745 0.1625 0.3456 0.3484 -0.7682 -0.4111 0.6253 -0.226 -0.7425 0.0814 0.7297 0.272 -0.6075 0.1563 0.9214 0.0997 0.3754 -0.0081 0.6436 0.3254 -0.6566 0.2209 0.6075 -0.6872 -0.1788 -0.3559 0.7591 0.0139 0.6096 -0.2279
0.7396 -0.0524 -0.5922 -0.3156 0.3547 -0.6742 0.5815 -0.2855 0.7999 -0.0618 -0.5745 0.1625 0.3456 0.3484 -0.7682 -0.4111 0.6253 -0.226 -0.7425 0.0814 0.7297 0.272 -0.6075 0.1563 0.9214 0.0997 0.3754 -0.0081 0.6436 0.3254 -0.6566 0.2209 0.6075 -0.6872 -0.1788 -0.3559 0.7591 0.0139 0.6096 -0.2279
0.7396 -0.0524 -0.5922 -0.3156 0.3547 -0.6742 0.5815 -0.2855 0.7999 -0.0618 -0.5745 0.1625 0.3456 0.3484 -0.7682 -0.4111 0.6253 -0.226 -0.7425 0.0814 0.7297 0.272 -0.6075 0.1563 0.9214 0.0997 0.3754 -0.0081 0.6436 0.3254 -0.6566 0.2209 0.6075 -0.6872 -0.1788 -0.3559 0.7591 0.0139 0.6096 -0.2279
0.7357 -0.0541 -0.6015 -0.3066 0.3547 -0.6742 0.5815 -0.2855 0.7999 -0.0618 -0.5745 0.1625 0.3456 0.3484 -0.7682 -0.4111 0.6253 -0.226 -0.7425 0.0814 0.7297 0.272 -0.6075 0.1563 0.9214 0.0997 0.3754 -0.0081 0.6436 0.3254 -0.6566 0.2209 0.6075 -0.6872 -0.1788 -0.3559 0.7591 0.0139 0.6096 -0.2279
0.7357 -0.0541 -0.6015 -0.3066 0.3547 -0.6742 0.5815 -0.2855 0.7999 -0.0618 -0.5745 0.1625 0.3456 0.3484 -0.7682 -0.4111 0.6253 -0.226 -0.7425 0.0814 0.7297 0.272 -0.6075 0.1563 0.9214 0.0997 0.3754 -0.0081 0.6436 0.3254 -0.6566 0.2209 0.5906 -0.6978 -0.1348 -0.3823 0.7591 0.0139 0.6096 -0.2279
0.7357 -0.0541 -0.6015 -0.3066 0.3547 -0.6742 0.5815 -0.2855 0.8069 -0.021 -0.5515 0.2107 0.3456 0.3484 -0.7682 -0.4111 0.6253 -0.226 -0.7425 0.0814 0.7297 0.272 -0.6075 0.1563 0.9214 0.0997 0.3754 -0.0081 0.6436 0.3254 -0.6566 0.2209 0.5906 -0.6978 -0.1348 -0.3823 0.7591 0.0139 0.6096 -0.2279
0.7357 -0.0541 -0.6015 -0.3066 0.3547 -0.6742 0.5815 -0.2855 0.8069 -0.021 -0.5515 0.2107 0.3456 0.3484 -0.7682 -0.4111 0.6253 -0.226 -0.7425 0.0814 0.7297 0.272 -0.6075 0.1563 0.9214 0.0997 0.3754 -0.0081 0.6436 0.3254 -0.6566 0.2209 0.5906 -0.6978 -0.1348 -0.3823 0.7802 0.0498 0.5749 -0.2414
0.7357 -0.0541 -0.6015 -0.3066 0.3547 -0.6742 0.5815 -0.2855 0.8069 -0.021 -0.5515 0.2107 0.3456 0.3484 -0.7682 -0.4111 0.6253 -0.226 -0.7425 0.0814 0.7297 0.272 -0.6075 0.1563 0.9214 0.0997 0.3754 -0.0081 0.6436 0.3254 -0.6566 0.2209 0.5906 -0.6978 -0.1348 -0.3823 0.7802 0.0498 0.5749 -0.2414
0.7357 -0.0541 -0.6015 -0.3066 0.36 -0.6915 0.5659 -0.2683 0.8069 -0.021 -0.5515 0.2107 0.3456 0.3484 -0.7682 -0.4111 0.6253 -0.226 -0.7425 0.0814 0.7297 0.272 -0.6075 0.1563 0.9214 0.0997 0.3754 -0.0081 0.6436 0.3254 -0.6566 0.2209 0.5906 -0.6978 -0.1348 -0.3823 0.7802 0.0498 0.5749 -0.2414
0.7357 -0.0541 -0.6015 -0.3066 0.36 -0.6915 0.5659 -0.2683 0.8069 -0.021 -0.5515 0.2107 0.3456 0.3484 -0.7682 -0.4111 0.6253 -0.226 -0.7425 0.0814 0.7297 0.272 -0.6075 0.1563 0.9214 0.0997 0.3754 -0.0081 0.6436 0.3254 -0.6566 0.2209 0.5906 -0.6978 -0.1348 -0.3823 0.7802 0.0498 0.5749 -0.2414
0.7433 -0.0392 -0.6075 -0.2771 0.36 -0.6915 0.5659 -0.2683 0.8069 -0.021 -0.5515 0.2107 0.3456 0.3484 -0.7682 -0.4111 0.6253 -0.226 -0.7425 0.0814 0.7297 0.272 -0.6075 0.1563 0.9214 0.0997 0.3754 -0.0081 0.6436 0.3254 -0.6566 0.2209 0.5906 -0.6978 -0.1348 -0.3823 0.7802 0.0498 0.5749 -0.2414
0.7433 -0.0392 -0.6075 -0.2771 0.36 -0.6915 0.5659 -0.2683 0.8069 -0.021 -0.5515 0.2107 0.3456 0.3484 -0.7682 -0.4111 0.6253 -0.226 -0.7425 0.0814 0.7297 0.272 -0.6075 0.1563 0.9214 0.0997 0.3754 -0.0081 0.6436 0.3254 -0.6566 0.2209 0.5649 -0.6552 -0.175 -0.47 0.7802 0.0498 0.5749 -0.2414
0.7433 -0.0392 -0.6075 -0.2771 0.36 -0.6915 0.5659 -0.2683 0.8069 -0.021 -0.5515 0.2107 0.3456 0.3484 -0.7682 -0.4111 0.6253 -0.226 -0.7425 0.0814 0.7297 0.272 -0.6075 0.1563 0.9214 0.0997 0.3754 -0.0081 0.6436 0.3254 -0.6566 0.2209 0.5649 -0.6552 -0.175 -0.47 0.7802 0.0498 0.5749 -0.2414
0.7433 -0.0392 -0.6075 -0.2771 0.36 -0.6915 0.5659 -0.2683 0.8056 -0.001 -0.5412 0.2411 0.3456 0.3484 -0.7682 -0.4111 0.6253 -0.226 -0.7425 0.0814 0.7297 0.272 -0.6075 0.1563 0.9214 0.0997 0.3754 -0.0081 0.6436 0.3254 -0.6566 0.2209 0.5649 -0.6552 -0.175 -0.47 0.8463 0.1124 0.4602 -0.2435
0.7433 -0.0392 -0.6075 -0.2771 0.36 -0.6915 0.5659 -0.2683 0.8056 -0.001 -0.5412 0.2411 0.3456 0.3484 -0.7682 -0.4111 0.6253 -0.226 -0.7425 0.0814 0.7297 0.272 -0.6075 0.1563 0.9214 0.0997 0.3754 -0.0081 0.6436 0.3254 -0.6566 0.2209 0.5649 -0.6552 -0.175 -0.47 0.8463 0.1124 0.4602 -0.2435
0.7433 -0.0392 -0.6075 -0.2771 0.36 -0.6915 0.5659 -0.2683 0.8056 -0.001 -0.5412 0.2411 0.3456 0.3484 -0.7682 -0.4111 0.6253 -0.226 -0.7425 0.0814 0.7297 0.272 -0.6075 0.1563 0.9214 0.0997 0.3754 -0.0081 0.6436 0.3254 -0.6566 0.2209 0.5649 -0.6552 -0.175 -0.47 0.8463 0.1124 0.4602 -0.2435
0.7433 -0.0392 -0.6075 -0.2771 0.3636 -0.7037 0.5551 -0.254 0.8056 -0.001 -0.5412 0.2411 0.3456 0.3484 -0.7682 -0.4111 0.6253 -0.226 -0.7425 0.0814 0.7297 0.272 -0.6075 0.1563 0.9214 0.0997 0.3754 -0.0081 0.6436 0.3254 -0.6566 0.2209 0.5649 -0.6552 -0.175 -0.47 0.8463 0.1124 0.4602 -0.2435
0.7433 -0.0392 -0.6075 -0.2771 0.3636 -0.7037 0.5551 -0.254 0.8056 -0.001 -0.5412 0.2411 0.3456 0.3484 -0.7682 -0.4111 0.6253 -0.226 -0.7425 0.0814 0.7297 0.272 -0.6075 0.1563 0.9214 0.0997 0.3754 -0.0081 0.6436 0.3254 -0.6566 0.2209 0.5649 -0.6552 -0.175 -0.47 0.8463 0.1124 0.4602 -0.2435
0.7411 -0.0313 -0.6153 -0.2668 0.3636 -0.7037 0.5551 -0.254 0.8056 -0.001 -0.5412 0.2411 0.3456 0.3484 -0.7682 -0.4111 0.6253 -0.226 -0.7425 0.0814 0.7297 0.272 -0.6075 0.1563 0.9214 0.0851 0.3781 -0.0291 0.6436 0.3254 -0.6566 0.2209 0.5158 -0.6138 -0.2505 -0.5427 0.8463 0.1124 0.4602 -0.2435
0.7411 -0.0313 -0.6153 -0.2668 0.3636 -0.7037 0.5551 -0.254 0.8056 -0.001 -0.5412 0.2411 0.3456 0.3484 -0.7682 -0.4111 0.6253 -0.226 -0.7425 0.0814 0.7297 0.272 -0.6075 0.1563 0.9214 0.0851 0.3781 -0.0291 0.6436 0.3254 -0.6566 0.2209 0.5158 -0.6138 -0.2505 -0.5427 0.8463 0.1124 0.4602 -0.2435
0.7411 -0.0313 -0.6153 -0.2668 0.3636 -0.7037 0.5551 -0.254 0.8058 0.0069 -0.5391 0.2448 0.3456 0.3484 -0.7682 -0.4111 0.6253 -0.226 -0.7425 0.0814 0.7297 0.272 -0.6075 0.1563 0.9214 0.0851 0.3781 -0.0291 0.6436 0.3254 -0.6566 0.2209 0.5158 -0.6138 -0.2505 -0.5427 0.8463 0.1124 0.4602 -0.2435
0.7411 -0.0313 -0.6153 -0.2668 0.3636 -0.7037 0.5551 -0.254 0.8058 0.0069 -0.5391 0.2448 0.3456 0.3484 -0.7682 -0.4111 0.6253 -0.226 -0.7425 0.0814 0.7297 0.272 -0.6075 0.1563 0.9214 0.0851 0.3781 -0.0291 0.6436 0.3254 -0.6566 0.2209 0.5158 -0.6138 -0.2505 -0.5427 0.895 0.1039 0.3795 -0.2102
0.7411 -0.0313 -0.6153 -0.2668 0.3669 -0.6959 0.5613 -0.2571 0.8058 0.0069 -0.5391 0.2448 0.3456 0.3484 -0.7682 -0.4111 0.6253 -0.226 -0.7425 0.0814 0.7297 0.272 -0.6075 0.1563 0.9214 0.0851 0.3781 -0.0291 0.6436 0.3254 -0.6566 0.2209 0.5158 -0.6138 -0.2505 -0.5427 0.895 0.1039 0.3795 -0.2102
0.7411 -0.0313 -0.6153 -0.2668 0.3669 -0.6959 0.5613 -0.2571 0.8058 0.0069 -0.5391 0.2448 0.3456 0.3484 -0.7682 -0.4111 0.6253 -0.226 -0.7425 0.0814 0.7297 0.272 -0.6075 0.1563 0.9214 0.0851 0.3781 -0.0291 0.6436 0.3254 -0.6566 0.2209 0.5158 -0.6138 -0.2505 -0.5427 0.895 0.1039 0.3795 -0.2102
0.7411 -0.0313 -0.6153 -0.2668 0.3669 -0.6959 0.5613 -0.2571 0.8058 0.0069 -0.5391 0.2448 0.3843 0.4097 -0.7181 -0.4107 0.6253 -0.226 -0.7425 0.0814 0.772 0.3055 -0.5488 0.0974 0.9075 0.0913 0.4089 -0.0322 0.6436 0.3254 -0.6566 0.2209 0.5158 -0.6138 -0.2505 -0.5427 0.895 0.1039 0.3795 -0.2102
0.7411 -0.0313 -0.6153 -0.2668 0.3669 -0.6959 0.5613 -0.2571 0.8058 0.0069 -0.5391 0.2448 0.3843 0.4097 -0.7181 -0.4107 0.6253 -0.226 -0.7425 0.0814 0.772 0.3055 -0.5488 0.0974 0.9075 0.0913 0.4089 -0.0322 0.6436 0.3254 -0.6566 0.2209 0.5323 -0.6066 -0.2896 -0.5146 0.895 0.1039 0.3795 -0.2102
0.7411 -0.0313 -0.6153 -0.2668 0.3669 -0.6959 0.5613 -0.2571 0.8058 0.0069 -0.5391 0.2448 0.3843 0.4097 -0.7181 -0.4107 0.6253 -0.226 -0.7425 0.0814 0.772 0.3055 -0.5488 0.0974 0.9075 0.0913 0.4089 -0.0322 0.6436 0.3254 -0.6566 0.2209 0.5323 -0.6066 -0.2896 -0.5146 0.895 0.1039 0.3795 -0.2102
0.7411 -0.0313 -0.6153 -0.2668 0.3669 -0.6959 0.5613 -0.2571 0.8066 0.0039 -0.5467 0.2245 0.3843 0.4097 -0.7181 -0.4107 0.6253 -0.226 -0.7425 0.0814 0.772 0.3055 -0.5488 0.0974 0.9075 0.0913 0.4089 -0.0322 0.6436 0.3254 -0.6566 0.2209 0.5323 -0.6066 -0.2896 -0.5146 0.895 0.1039 0.3795 -0.2102
0.7411 -0.0313 -0.6153 -0.2668 0.3669 -0.6959 0.5613 -0.2571 0.8066 0.0039 -0.5467 0.2245 0.3843 0.4097 -0.7181 -0.4107 0.6253 -0.226 -0.7425 0.0814 0.772 0.3055 -0.5488 0.0974 0.9075 0.0913 0.4089 -0.0322 0.6436 0.3254 -0.6566 0.2209 0.5323 -0.6066 -0.2896 -0.5146 0.9044 0.0845 0.3712 -0.1928
0.7411 -0.0313 -0.6153 -0.2668 0.3669 -0.6959 0.5613 -0.2571 0.8066 0.0039 -0.5467 0.2245 0.3843 0.4097 -0.7181 -0.4107 0.6253 -0.226 -0.7425 0.0814 0.772 0.3055 -0.5488 0.0974 0.9075 0.0913 0.4089 -0.0322 0.6436 0.3254 -0.6566 0.2209 0.5323 -0.6066 -0.2896 -0.5146 0.9044 0.0845 0.3712 -0.1928
0.7411 -0.0313 -0.6153 -0.2668 0.3587 -0.6788 0.5818 -0.2684 0.8066 0.0039 -0.5467 0.2245 0.3843 0.4097 -0.7181 -0.4107 0.6253 -0.226 -0.7425 0.0814 0.772 0.3055 -0.5488 0.0974 0.9075 0.0913 0.4089 -0.0322 0.6436 0.3254 -0.6566 0.2209 0.5323 -0.6066 -0.2896 -0.5146 0.9044 0.0845 0.3712 -0.1928
0.7276 -0.0613 -0.6163 -0.2949 0.3587 -0.6788 0.5818 -0.2684 0.8066 0.0039 -0.5467 0.2245 0.3843 0.4097 -0.7181 -0.4107 0.6253 -0.226 -0.7425 0.0814 0.772 0.3055 -0.5488 0.0974 0.9075 0.0913 0.4089 -0.0322 0.6436 0.3254 -0.6566 0.2209 0.5323 -0.6066 -0.2896 -0.5146 0.9044 0.0845 0.3712 -0.1928
0.7276 -0.0613 -0.6163 -0.2949 0.3587 -0.6788 0.5818 -0.2684 0.8066 0.0039 -0.5467 0.2245 0.3843 0.4097 -0.7181 -0.4107 0.6607 -0.1488 -0.7344 0.0441 0.772 0.3055 -0.5488 0.0974 0.8602 0.1157 0.4966 0.0016 0.6436 0.3254 -0.6566 0.2209 0.5175 -0.6426 -0.2565 -0.5035 0.9044 0.0845 0.3712 -0.1928
0.7276 -0.0613 -0.6163 -0.2949 0.3587 -0.6788 0.5818 -0.2684 0.8066 0.0039 -0.5467 0.2245 0.3843 0.4097 -0.7181 -0.4107 0.6607 -0.1488 -0.7344 0.0441 0.772 0.3055 -0.5488 0.0974 0.8602 0.1157 0.4966 0.0016 0.6436 0.3254 -0.6566 0.2209 0.5175 -0.6426 -0.2565 -0.5035 0.9044 0.0845 0.3712 -0.1928
0.7276 -0.0613 -0.6163 -0.2949 0.3587 -0.6788 0.5818 -0.2684 0.8066 0.0039 -0.5467 0.2245 0.3843 0.4097 -0.7181 -0.4107 0.6607 -0.1488 -0.7344 0.0441 0.772 0.3055 -0.5488 0.0974 0.8602 0.1157 0.4966 0.0016 0.6436 0.3254 -0.6566 0.2209 0.5175 -0.6426 -0.2565 -0.5035 0.9075 0.0697 0.3636 -0.1986
0.7276 -0.0613 -0.6163 -0.2949 0.3587 -0.6788 0.5818 -0.2684 0.8066 0.0039 -0.5467 0.2245 0.3843 0.4097 -0.7181 -0.4107 0.6607 -0.1488 -0.7344 0.0441 0.772 0.3055 -0.5488 0.0974 0.8602 0.1157 0.4966 0.0016 0.6436 0.3254 -0.6566 0.2209 0.5175 -0.6426 -0.2565 -0.5035 0.9075 0.0697 0.3636 -0.1986
0.7276 -0.0613 -0.6163 -0.2949 0.3497 -0.6733 0.5903 -0.2756 0.8066 0.0039 -0.5467 0.2245 0.3843 0.4097 -0.7181 -0.4107 0.6607 -0.1488 -0.7344 0.0441 0.772 0.3055 -0.5488 0.0974 0.8602 0.1157 0.4966 0.0016 0.6436 0.3254 -0.6566 0.2209 0.5175 -0.6426 -0.2565 -0.5035 0.9075 0.0697 0.3636 -0.1986
0.7276 -0.0613 -0.6163 -0.2949 0.3497 -0.6733 0.5903 -0.2756 0.8066 0.0039 -0.5467 0.2245 0.3843 0.4097 -0.7181 -0.4107 0.6607 -0.1488 -0.7344 0.0441 0.772 0.3055 -0.5488 0.0974 0.8602 0.1157 0.4966 0.0016 0.6436 0.3254 -0.6566 0.2209 0.5175 -0.6426 -0.2565 -0.5035 0.9075 0.0697 0.3636 -0.1986
0.7276 -0.0613 -0.6163 -0.2949 0.3497 -0.6733 0.5903 -0.2756 0.8066 0.0039 -0.5467 0.2245 0.3724 0.3801 -0.7363 -0.418 0.6607 -0.1488 -0.7344 0.0441 0.811 0.3842 -0.4282 0.1064 0.8602 0.1157 0.4966 0.0016 0.6436 0.3254 -0.6566 0.2209 0.5175 -0.6426 -0.2565 -0.5035 0.9075 0.0697 0.3636 -0.1986
0.7222 -0.0661 -0.6116 -0.3163 0.3497 -0.6733 0.5903 -0.2756 0.8066 0.0039 -0.5467 0.2245 0.3724 0.3801 -0.7363 -0.418 0.6932 -0.1709 -0.6981 0.0533 0.811 0.3842 -0.4282 0.1064 0.8602 0.1157 0.4966 0.0016 0.6436 0.3254 -0.6566 0.2209 0.4908 -0.6742 -0.2438 -0.4951 0.9075 0.0697 0.3636 -0.1986
0.7222 -0.0661 -0.6116 -0.3163 0.3497 -0.6733 0.5903 -0.2756 0.8099 -0.0164 -0.5505 0.2019 0.3724 0.3801 -0.7363 -0.418 0.6932 -0.1709 -0.6981 0.0533 0.811 0.3842 -0.4282 0.1064 0.8602 0.1157 0.4966 0.0016 0.6436 0.3254 -0.6566 0.2209 0.4908 -0.6742 -0.2438 -0.4951 0.9075 0.0697 0.3636 -0.1986
0.7222 -0.0661 -0.6116 -0.3163 0.3497 -0.6733 0.5903 -0.2756 0.8099 -0.0164 -0.5505 0.2019 0.3724 0.3801 -0.7363 -0.418 0.6932 -0.1709 -0.6981 0.0533 0.811 0.3842 -0.4282 0.1064 0.8602 0.1157 0.4966 0.0016 0.6436 0.3254 -0.6566 0.2209 0.4908 -0.6742 -0.2438 -0.4951 0.9073 0.0701 0.3634 -0.1993
0.7222 -0.0661 -0.6116 -0.3163 0.3497 -0.6733 0.5903 -0.2756 0.8099 -0.0164 -0.5505 0.2019 0.3724 0.3801 -0.7363 -0.418 0.6932 -0.1709 -0.6981 0.0533 0.811 0.3842 -0.4282 0.1064 0.8602 0.1157 0.4966 0.0016 0.6436 0.3254 -0.6566 0.2209 0.4908 -0.6742 -0.2438 -0.4951 0.9073 0.0701 0.3634 -0.1993
0.7222 -0.0661 -0.6116 -0.3163 0.3459 -0.6699 0.5954 -0.2778 0.8099 -0.0164 -0.5505 0.2019 0.3724 0.3801 -0.7363 -0.418 0.6932 -0.1709 -0.6981 0.0533 0.811 0.3842 -0.4282 0.1064 0.8602 0.1157 0.4966 0.0016 0.6436 0.3254 -0.6566 0.2209 0.4908 -0.6742 -0.2438 -0.4951 0.9073 0.0701 0.3634 -0.1993
0.7222 -0.0661 -0.6116 -0.3163 0.3459 -0.6699 0.5954 -0.2778 0.8099 -0.0164 -0.5505 0.2019 0.3679 0.3792 -0.7422 -0.4123 0.6932 -0.1709 -0.6981 0.0533 0.8594 0.2817 -0.4148 0.0998 0.8195 0.0017 0.5714 0.0434 0.6436 0.3254 -0.6566 0.2209 0.4908 -0.6742 -0.2438 -0.4951 0.9073 0.0701 0.3634 -0.1993
0.7222 -0.0661 -0.6116 -0.3163 0.3459 -0.6699 0.5954 -0.2778 0.8099 -0.0164 -0.5505 0.2019 0.3679 0.3792 -0.7422 -0.4123 0.6932 -0.1709 -0.6981 0.0533 0.8594 0.2817 -0.4148 0.0998 0.8195 0.0017 0.5714 0.0434 0.6436 0.3254 -0.6566 0.2209 0.4908 -0.6742 -0.2438 -0.4951 0.9073 0.0701 0.3634 -0.1993
0.7199 -0.0695 -0.6153 -0.3135 0.3459 -0.6699 0.5954 -0.2778 0.8099 -0.0164 -0.5505 0.2019 0.3679 0.3792 -0.7422 -0.4123 0.7324 -0.1592 -0.6558 0.0895 0.8594 0.2817 -0.4148 0.0998 0.8195 0.0017 0.5714 0.0434 0.6436 0.3254 -0.6566 0.2209 0.4813 -0.6895 -0.244 -0.4832 0.9073 0.0701 0.3634 -0.1993
0.7199 -0.0695 -0.6153 -0.3135 0.3459 -0.6699 0.5954 -0.2778 0.8098 -0.0109 -0.5448 0.2177 0.3679 0.3792 -0.7422 -0.4123 0.7324 -0.1592 -0.6558 0.0895 0.8594 0.2817 -0.4148 0.0998 0.8195 0.0017 0.5714 0.0434 0.6436 0.3254 -0.6566 0.2209 0.4813 -0.6895 -0.244 -0.4832 0.9073 0.0701 0.3634 -0.1993
0.7199 -0.0695 -0.6153 -0.3135 0.3459 -0.6699 0.5954 -0.2778 0.8098 -0.0109 -0.5448 0.2177 0.3679 0.3792 -0.7422 -0.4123 0.7324 -0.1592 -0.6558 0.0895 0.8594 0.2817 -0.4148 0.0998 0.8195 0.0017 0.5714 0.0434 0.6379 0.3516 -0.6622 0.1761 0.4813 -0.6895 -0.244 -0.4832 0.9067 0.0742 0.3663 -0.1956
0.7199 -0.0695 -0.6153 -0.3135 0.3459 -0.6699 0.5954 -0.2778 0.8098 -0.0109 -0.5448 0.2177 0.3679 0.3792 -0.7422 -0.4123 0.7324 -0.1592 -0.6558 0.0895 0.8594 0.2817 -0.4148 0.0998 0.8195 0.0017 0.5714 0.0434 0.6379 0.3516 -0.6622 0.1761 0.4813 -0.6895 -0.244 -0.4832 0.9067 0.0742 0.3663 -0.1956
0.7199 -0.0695 -0.6153 -0.3135 0.3511 -0.6745 0.5905 -0.2702 0.8098 -0.0109 -0.5448 0.2177 0.3679 0.3792 -0.7422 -0.4123 0.7324 -0.1592 -0.6558 0.0895 0.8594 0.2817 -0.4148 0.0998 0.8195 0.0017 0.5714 0.0434 0.6379 0.3516 -0.6622 0.1761 0.4813 -0.6895 -0.244 -0.4832 0.9067 0.0742 0.3663 -0.1956
0.7199 -0.0695 -0.6153 -0.3135 0.3511 -0.6745 0.5905 -0.2702 0.8098 -0.0109 -0.5448 0.2177 0.3711 0.3767 -0.7442 -0.4082 0.7324 -0.1592 -0.6558 0.0895 0.8594 0.2817 -0.4148 0.0998 0.8195 0.0017 0.5714 0.0434 0.6379 0.3516 -0.6622 0.1761 0.4813 -0.6895 -0.244 -0.4832 0.9067 0.0742 0.3663 -0.1956
0.7199 -0.0695 -0.6153 -0.3135 0.3511 -0.6745 0.5905 -0.2702 0.8098 -0.0109 -0.5448 0.2177 0.3711 0.3767 -0.7442 -0.4082 0.7324 -0.1592 -0.6558 0.0895 0.8374 0.2065 -0.4745 0.1758 0.8195 0.0017 0.5714 0.0434 0.6379 0.3516 -0.6622 0.1761 0.4813 -0.6895 -0.244 -0.4832 0.9067 0.0742 0.3663 -0.1956
0.7285 -0.062 -0.608 -0.3096 0.3511 -0.6745 0.5905 -0.2702 0.8098 -0.0109 -0.5448 0.2177 0.3711 0.3767 -0.7442 -0.4082 0.741 -0.2156 -0.6326 0.0645 0.8374 0.2065 -0.4745 0.1758 0.8195 0.0017 0.5714 0.0434 0.6379 0.3516 -0.6622 0.1761 0.478 -0.7002 -0.2366 -0.4746 0.9067 0.0742 0.3663 -0.1956
0.7285 -0.062 -0.608 -0.3096 0.3511 -0.6745 0.5905 -0.2702 0.8084 -0.0169 -0.5499 0.2092 0.3711 0.3767 -0.7442 -0.4082 0.741 -0.2156 -0.6326 0.0645 0.8374 0.2065 -0.4745 0.1758 0.8195 0.0017 0.5714 0.0434 0.6379 0.3516 -0.6622 0.1761 0.478 -0.7002 -0.2366 -0.4746 0.9067 0.0742 0.3663 -0.1956
0.7285 -0.062 -0.608 -0.3096 0.3511 -0.6745 0.5905 -0.2702 0.8084 -0.0169 -0.5499 0.2092 0.3711 0.3767 -0.7442 -0.4082 0.741 -0.2156 -0.6326 0.0645 0.8374 0.2065 -0.4745 0.1758 0.8195 0.0017 0.5714 0.0434 0.6379 0.3516 -0.6622 0.1761 0.478 -0.7002 -0.2366 -0.4746 0.9022 0.0845 0.3772 -0.1913
0.7285 -0.062 -0.608 -0.3096 0.3511 -0.6745 0.5905 -0.2702 0.8084 -0.0169 -0.5499 0.2092 0.3711 0.3767 -0.7442 -0.4082 0.741 -0.2156 -0.6326 0.0645 0.8374 0.2065 -0.4745 0.1758 0.8195 0.0017 0.5714 0.0434 0.6379 0.3516 -0.6622 0.1761 0.478 -0.7002 -0.2366 -0.4746 0.9022 0.0845 0.3772 -0.1913
0.7285 -0.062 -0.608 -0.3096 0.3528 -0.6737 0.5863 -0.2791 0.8084 -0.0169 -0.5499 0.2092 0.3711 0.3767 -0.7442 -0.4082 0.741 -0.2156 -0.6326 0.0645 0.8374 0.2065 -0.4745 0.1758 0.8195 0.0017 0.5714 0.0434 0.6379 0.3516 -0.6622 0.1761 0.478 -0.7002 -0.2366 -0.4746 0.9022 0.0845 0.3772 -0.1913
0.7285 -0.062 -0.608 -0.3096 0.3528 -0.6737 0.5863 -0.2791 0.8084 -0.0169 -0.5499 0.2092 0.3555 0.3688 -0.7545 -0.4102 0.741 -0.2156 -0.6326 0.0645 0.7891 0.127 -0.5621 0.2127 0.8195 0.0017 0.5714 0.0434 0.6379 0.3516 -0.6622 0.1761 0.478 -0.7002 -0.2366 -0.4746 0.9022 0.0845 0.3772 -0.1913
0.7285 -0.062 -0.608 -0.3096 0.3528 -0.6737 0.5863 -0.2791 0.8084 -0.0169 -0.5499 0.2092 0.3555 0.3688 -0.7545 -0.4102 0.741 -0.2156 -0.6326 0.0645 0.7891 0.127 -0.5621 0.2127 0.8195 0.0017 0.5714 0.0434 0.6379 0.3516 -0.6622 0.1761 0.478 -0.7002 -0.2366 -0.4746 0.9022 0.0845 0.3772 -0.1913
0.7271 -0.0618 -0.6043 -0.3199 0.3528 -0.6737 0.5863 -0.2791 0.8084 -0.0169 -0.5499 0.2092 0.3555 0.3688 -0.7545 -0.4102 0.7198 -0.2169 -0.6528 0.0932 0.7891 0.127 -0.5621 0.2127 0.916 0.0612 0.3885 0.0788 0.6379 0.3516 -0.6622 0.1761 0.4932 -0.7042 -0.2251 -0.4585 0.9022 0.0845 0.3772 -0.1913
0.7271 -0.0618 -0.6043 -0.3199 0.3528 -0.6737 0.5863 -0.2791 0.8046 -0.0356 -0.5632 0.185 0.3555 0.3688 -0.7545 -0.4102 0.7198 -0.2169 -0.6528 0.0932 0.7891 0.127 -0.5621 0.2127 0.916 0.0612 0.3885 0.0788 0.6379 0.3516 -0.6622 0.1761 0.4932 -0.7042 -0.2251 -0.4585 0.9022 0.0845 0.3772 -0.1913
0.7271 -0.0618 -0.6043 -0.3199 0.3528 -0.6737 0.5863 -0.2791 0.8046 -0.0356 -0.5632 0.185 0.3555 0.3688 -0.7545 -0.4102 0.7198 -0.2169 -0.6528 0.0932 0.7891 0.127 -0.5621 0.2127 0.916 0.0612 0.3885 0.0788 0.624 0.3293 -0.6774 0.2081 0.4932 -0.7042 -0.2251 -0.4585 0.8922 0.0876 0.4009 -0.1886
0.7271 -0.0618 -0.6043 -0.3199 0.3528 -0.6737 0.5863 -0.2791 0.8046 -0.0356 -0.5632 0.185 0.3555 0.3688 -0.7545 -0.4102 0.7198 -0.2169 -0.6528 0.0932 0.7891 0.127 -0.5621 0.2127 0.916 0.0612 0.3885 0.0788 0.624 0.3293 -0.6774 0.2081 0.4932 -0.7042 -0.2251 -0.4585 0.8922 0.0876 0.4009 -0.1886
0.7271 -0.0618 -0.6043 -0.3199 0.3403 -0.6866 0.5811 -0.274 0.8046 -0.0356 -0.5632 0.185 0.3555 0.3688 -0.7545 -0.4102 0.7198 -0.2169 -0.6528 0.0932 0.7891 0.127 -0.5621 0.2127 0.916 0.0612 0.3885 0.0788 0.624 0.3293 -0.6774 0.2081 0.4932 -0.7042 -0.2251 -0.4585 0.8922 0.0876 0.4009 -0.1886
0.7271 -0.0618 -0.6043 -0.3199 0.3403 -0.6866 0.5811 -0.274 0.8046 -0.0356 -0.5632 0.185 0.3555 0.3688 -0.7545 -0.4102 0.7198 -0.2169 -0.6528 0.0932 0.7891 0.127 -0.5621 0.2127 0.916 0.0612 0.3885 0.0788 0.624 0.3293 -0.6774 0.2081 0.4932 -0.7042 -0.2251 -0.4585 0.8922 0.0876 0.4009 -0.1886
0.7271 -0.0618 -0.6043 -0.3199 0.3403 -0.6866 0.5811 -0.274 0.8046 -0.0356 -0.5632 0.185 0.3555 0.3688 -0.7545 -0.4102 0.7198 -0.2169 -0.6528 0.0932 0.7891 0.127 -0.5621 0.2127 0.916 0.0612 0.3885 0.0788 0.624 0.3293 -0.6774 0.2081 0.4932 -0.7042 -0.2251 -0.4585 0.8922 0.0876 0.4009 -0.1886
0.7213 -0.0536 -0.6057 -0.3317 0.3403 -0.6866 0.5811 -0.274 0.8046 -0.0356 -0.5632 0.185 0.335 0.3527 -0.7648 -0.4225 0.656 -0.223 -0.7101 0.1253 0.735 0.1962 -0.608 0.2272 0.908 0.0776 0.3983 0.1043 0.624 0.3293 -0.6774 0.2081 0.4932 -0.7042 -0.2251 -0.4585 0.8922 0.0876 0.4009 -0.1886
0.7213 -0.0536 -0.6057 -0.3317 0.3403 -0.6866 0.5811 -0.274 0.8046 -0.0507 -0.5659 0.1725 0.335 0.3527 -0.7648 -0.4225 0.656 -0.223 -0.7101 0.1253 0.735 0.1962 -0.608 0.2272 0.908 0.0776 0.3983 0.1043 0.624 0.3293 -0.6774 0.2081 0.4932 -0.7042 -0.2251 -0.4585 0.8922 0.0876 0.4009 -0.1886
0.7213 -0.0536 -0.6057 -0.3317 0.3403 -0.6866 0.5811 -0.274 0.8046 -0.0507 -0.5659 0.1725 0.335 0.3527 -0.7648 -0.4225 0.656 -0.223 -0.7101 0.1253 0.735 0.1962 -0.608 0.2272 0.908 0.0776 0.3983 0.1043 0.624 0.3293 -0.6774 0.2081 0.4932 -0.7042 -0.2251 -0.4585 0.872 0.0825 0.4412 -0.1954
0.7213 -0.0536 -0.6057 -0.3317 0.3403 -0.6866 0.5811 -0.274 0.8046 -0.0507 -0.5659 0.1725 0.335 0.3527 -0.7648 -0.4225 0.656 -0.223 -0.7101 0.1253 0.735 0.1962 -0.608 0.2272 0.908 0.0776 0.3983 0.1043 0.624 0.3293 -0.6774 0.2081 0.4932 -0.7042 -0.2251 -0.4585 0.872 0.0825 0.4412 -0.1954
0.7213 -0.0536 -0.6057 -0.3317 0.3403 -0.6866 0.5811 -0.274 0.8046 -0.0507 -0.5659 0.1725 0.335 0.3527 -0.7648 -0.4225 0.656 -0.223 -0.7101 0.1253 0.735 0.1962 -0.608 0.2272 0.908 0.0776 0.3983 0.1043 0.624 0.3293 -0.6774 0.2081 0.4932 -0.7042 -0.2251 -0.4585 0.872 0.0825 0.4412 -0.1954
0.7213 -0.0536 -0.6057 -0.3317 0.3428 -0.6933 0.5718 -0.2735 0.8046 -0.0507 -0.5659 0.1725 0.3391 0.3558 -0.7587 -0.4276 0.656 -0.223 -0.7101 0.1253 0.7307 0.2613 -0.5921 0.2173 0.908 0.0776 0.3983 0.1043 0.624 0.3293 -0.6774 0.2081 0.4932 -0.7042 -0.2251 -0.4585 0.872 0.0825 0.4412 -0.1954
0.7264 -0.0399 -0.6136 -0.3069 0.3428 -0.6933 0.5718 -0.2735 0.8046 -0.0507 -0.5659 0.1725 0.3391 0.3558 -0.7587 -0.4276 0.656 -0.223 -0.7101 0.1253 0.7307 0.2613 -0.5921 0.2173 0.9195 0.0715 0.3805 0.0676 0.624 0.3293 -0.6774 0.2081 0.4932 -0.7042 -0.2251 -0.4585 0.872 0.0825 0.4412 -0.1954
0.7264 -0.0399 -0.6136 -0.3069 0.3428 -0.6933 0.5718 -0.2735 0.8046 -0.0507 -0.5659 0.1725 0.3391 0.3558 -0.7587 -0.4276 0.656 -0.223 -0.7101 0.1253 0.7307 0.2613 -0.5921 0.2173 0.9195 0.0715 0.3805 0.0676 0.624 0.3293 -0.6774 0.2081 0.5776 -0.6938 -0.1883 -0.3867 0.872 0.0825 0.4412 -0.1954
0.7264 -0.0399 -0.6136 -0.3069 0.3428 -0.6933 0.5718 -0.2735 0.8046 -0.0507 -0.5659 0.1725 0.3391 0.3558 -0.7587 -0.4276 0.656 -0.223 -0.7101 0.1253 0.7307 0.2613 -0.5921 0.2173 0.9195 0.0715 0.3805 0.0676 0.624 0.3293 -0.6774 0.2081 0.5776 -0.6938 -0.1883 -0.3867 0.872 0.0825 0.4412 -0.1954
0.7264 -0.0399 -0.6136 -0.3069 0.3428 -0.6933 0.5718 -0.2735 0.8063 -0.0453 -0.5594 0.187 0.3391 0.3558 -0.7587 -0.4276 0.656 -0.223 -0.7101 0.1253 0.7307 0.2613 -0.5921 0.2173 0.9195 0.0715 0.3805 0.0676 0.6261 0.334 -0.6544 0.2611 0.5776 -0.6938 -0.1883 -0.3867 0.801 0.0523 0.5514 -0.2272
0.7264 -0.0399 -0.6136 -0.3069 0.3428 -0.6933 0.5718 -0.2735 0.8063 -0.0453 -0.5594 0.187 0.3391 0.3558 -0.7587 -0.4276 0.656 -0.223 -0.7101 0.1253 0.7307 0.2613 -0.5921 0.2173 0.9195 0.0715 0.3805 0.0676 0.6261 0.334 -0.6544 0.2611 0.5776 -0.6938 -0.1883 -0.3867 0.801 0.0523 0.5514 -0.2272
0.7264 -0.0399 -0.6136 -0.3069 0.3428 -0.6933 0.5718 -0.2735 0.8063 -0.0453 -0.5594 0.187 0.3391 0.3558 -0.7587 -0.4276 0.656 -0.223 -0.7101 0.1253 0.7307 0.2613 -0.5921 0.2173 0.9195 0.0715 0.3805 0.0676 0.6261 0.334 -0.6544 0.2611 0.5776 -0.6938 -0.1883 -0.3867 0.801 0.0523 0.5514 -0.2272
0.7264 -0.0399 -0.6136 -0.3069 0.3431 -0.6958 0.572 -0.2665 0.8063 -0.0453 -0.5594 0.187 0.3484 0.3645 -0.7502 -0.4277 0.656 -0.223 -0.7101 0.1253 0.7361 0.2964 -0.574 0.2021 0.9195 0.0715 0.3805 0.0676 0.6261 0.334 -0.6544 0.2611 0.5776 -0.6938 -0.1883 -0.3867 0.801 0.0523 0.5514 -0.2272
0.7264 -0.0399 -0.6136 -0.3069 0.3431 -0.6958 0.572 -0.2665 0.8063 -0.0453 -0.5594 0.187 0.3484 0.3645 -0.7502 -0.4277 0.656 -0.223 -0.7101 0.1253 0.7361 0.2964 -0.574 0.2021 0.9195 0.0715 0.3805 0.0676 0.6261 0.334 -0.6544 0.2611 0.5776 -0.6938 -0.1883 -0.3867 0.801 0.0523 0.5514 -0.2272
0.7264 -0.0399 -0.6136 -0.3069 0.3431 -0.6958 0.572 -0.2665 0.8063 -0.0453 -0.5594 0.187 0.3484 0.3645 -0.7502 -0.4277 0.6355 -0.1774 -0.7411 0.1239 0.7361 0.2964 -0.574 0.2021 0.9232 0.0643 0.3742 0.0601 0.6261 0.334 -0.6544 0.2611 0.6127 -0.6992 -0.1403 -0.3405 0.801 0.0523 0.5514 -0.2272
0.7264 -0.0399 -0.6136 -0.3069 0.3431 -0.6958 0.572 -0.2665 0.8063 -0.0453 -0.5594 0.187 0.3484 0.3645 -0.7502 -0.4277 0.6355 -0.1774 -0.7411 0.1239 0.7361 0.2964 -0.574 0.2021 0.9232 0.0643 0.3742 0.0601 0.6261 0.334 -0.6544 0.2611 0.6127 -0.6992 -0.1403 -0.3405 0.801 0.0523 0.5514 -0.2272
0.7264 -0.0399 -0.6136 -0.3069 0.3431 -0.6958 0.572 -0.2665 0.8082 -0.0255 -0.5534 0.2 0.3484 0.3645 -0.7502 -0.4277 0.6355 -0.1774 -0.7411 0.1239 0.7361 0.2964 -0.574 0.2021 0.9232 0.0643 0.3742 0.0601 0.6516 0.3729 -0.6117 0.2495 0.6127 -0.6992 -0.1403 -0.3405 0.801 0.0523 0.5514 -0.2272
0.7264 -0.0399 -0.6136 -0.3069 0.3431 -0.6958 0.572 -0.2665 0.8082 -0.0255 -0.5534 0.2 0.3484 0.3645 -0.7502 -0.4277 0.6355 -0.1774 -0.7411 0.1239 0.7361 0.2964 -0.574 0.2021 0.9232 0.0643 0.3742 0.0601 0.6516 0.3729 -0.6117 0.2495 0.6127 -0.6992 -0.1403 -0.3405 0.7344 0.006 0.6365 -0.2355
0.7264 -0.0399 -0.6136 -0.3069 0.3431 -0.6958 0.572 -0.2665 0.8082 -0.0255 -0.5534 0.2 0.3484 0.3645 -0.7502 -0.4277 0.6355 -0.1774 -0.7411 0.1239 0.7361 0.2964 -0.574 0.2021 0.9232 0.0643 0.3742 0.0601 0.6516 0.3729 -0.6117 0.2495 0.6127 -0.6992 -0.1403 -0.3405 0.7344 0.006 0.6365 -0.2355
0.7264 -0.0399 -0.6136 -0.3069 0.349 -0.7001 0.5674 -0.2571 0.8082 -0.0255 -0.5534 0.2 0.3518 0.383 -0.7397 -0.4271 0.6355 -0.1774 -0.7411 0.1239 0.7311 0.3218 -0.5682 0.1976 0.9232 0.0643 0.3742 0.0601 0.6516 0.3729 -0.6117 0.2495 0.6127 -0.6992 -0.1403 -0.3405 0.7344 0.006 0.6365 -0.2355
0.7264 -0.0399 -0.6136 -0.3069 0.349 -0.7001 0.5674 -0.2571 0.8082 -0.0255 -0.5534 0.2 0.3518 0.383 -0.7397 -0.4271 0.6355 -0.1774 -0.7411 0.1239 0.7311 0.3218 -0.5682 0.1976 0.9231 0.0613 0.3752 0.0582 0.6516 0.3729 -0.6117 0.2495 0.6127 -0.6992 -0.1403 -0.3405 0.7344 0.006 0.6365 -0.2355
0.7264 -0.0399 -0.6136 -0.3069 0.349 -0.7001 0.5674 -0.2571 0.8082 -0.0255 -0.5534 0.2 0.3518 0.383 -0.7397 -0.4271 0.6355 -0.1774 -0.7411 0.1239 0.7311 0.3218 -0.5682 0.1976 0.9231 0.0613 0.3752 0.0582 0.6516 0.3729 -0.6117 0.2495 0.6443 -0.6559 -0.1952 -0.3415 0.7344 0.006 0.6365 -0.2355
0.7264 -0.0399 -0.6136 -0.3069 0.349 -0.7001 0.5674 -0.2571 0.8039 -0.002 -0.5528 0.2194 0.3518 0.383 -0.7397 -0.4271 0.6355 -0.1774 -0.7411 0.1239 0.7311 0.3218 -0.5682 0.1976 0.9231 0.0613 0.3752 0.0582 0.6516 0.3729 -0.6117 0.2495 0.6443 -0.6559 -0.1952 -0.3415 0.7344 0.006 0.6365 -0.2355
0.7264 -0.0399 -0.6136 -0.3069 0.349 -0.7001 0.5674 -0.2571 0.8039 -0.002 -0.5528 0.2194 0.3518 0.383 -0.7397 -0.4271 0.6355 -0.1774 -0.7411 0.1239 0.7311 0.3218 -0.5682 0.1976 0.9231 0.0613 0.3752 0.0582 0.6516 0.3729 -0.6117 0.2495 0.6443 -0.6559 -0.1952 -0.3415 0.8245 0.0154 0.5553 -0.1081
0.7264 -0.0399 -0.6136 -0.3069 0.349 -0.7001 0.5674 -0.2571 0.8039 -0.002 -0.5528 0.2194 0.3518 0.383 -0.7397 -0.4271 0.6355 -0.1774 -0.7411 0.1239 0.7311 0.3218 -0.5682 0.1976 0.9231 0.0613 0.3752 0.0582 0.6516 0.3729 -0.6117 0.2495 0.6443 -0.6559 -0.1952 -0.3415 0.8245 0.0154 0.5553 -0.1081
0.7264 -0.0399 -0.6136 -0.3069 0.3668 -0.7111 0.548 -0.2441 0.8039 -0.002 -0.5528 0.2194 0.3518 0.383 -0.7397 -0.4271 0.6355 -0.1774 -0.7411 0.1239 0.7311 0.3218 -0.5682 0.1976 0.9231 0.0613 0.3752 0.0582 0.6516 0.3729 -0.6117 0.2495 0.6443 -0.6559 -0.1952 -0.3415 0.8245 0.0154 0.5553 -0.1081
0.7264 -0.0399 -0.6136 -0.3069 0.3668 -0.7111 0.548 -0.2441 0.8039 -0.002 -0.5528 0.2194 0.3621 0.4064 -0.7279 -0.4169 0.6355 -0.1774 -0.7411 0.1239 0.7274 0.3296 -0.5709 0.1908 0.9231 0.0613 0.3752 0.0582 0.6516 0.3729 -0.6117 0.2495 0.6443 -0.6559 -0.1952 -0.3415 0.8245 0.0154 0.5553 -0.1081
0.7264 -0.0399 -0.6136 -0.3069 0.3668 -0.7111 0.548 -0.2441 0.8039 -0.002 -0.5528 0.2194 0.3621 0.4064 -0.7279 -0.4169 0.6355 -0.1774 -0.7411 0.1239 0.7274 0.3296 -0.5709 0.1908 0.9231 0.0613 0.3752 0.0582 0.6516 0.3729 -0.6117 0.2495 0.6443 -0.6559 -0.1952 -0.3415 0.8245 0.0154 0.5553 -0.1081
0.7264 -0.0399 -0.6136 -0.3069 0.3668 -0.7111 0.548 -0.2441 0.8039 -0.002 -0.5528 0.2194 0.3621 0.4064 -0.7279 -0.4169 0.6247 -0.1192 -0.7684 0.0706 0.7274 0.3296 -0.5709 0.1908 0.9231 0.0613 0.3752 0.0582 0.6516 0.3729 -0.6117 0.2495 0.6393 -0.5773 -0.3415 -0.3759 0.8245 0.0154 0.5553 -0.1081
0.7264 -0.0399 -0.6136 -0.3069 0.3668 -0.7111 0.548 -0.2441 0.8005 0.001 -0.5533 0.2303 0.3621 0.4064 -0.7279 -0.4169 0.6247 -0.1192 -0.7684 0.0706 0.7274 0.3296 -0.5709 0.1908 0.9231 0.0613 0.3752 0.0582 0.6516 0.3729 -0.6117 0.2495 0.6393 -0.5773 -0.3415 -0.3759 0.8245 0.0154 0.5553 -0.1081
0.7264 -0.0399 -0.6136 -0.3069 0.3668 -0.7111 0.548 -0.2441 0.8005 0.001 -0.5533 0.2303 0.3621 0.4064 -0.7279 -0.4169 0.6247 -0.1192 -0.7684 0.0706 0.7274 0.3296 -0.5709 0.1908 0.9231 0.0613 0.3752 0.0582 0.6516 0.3729 -0.6117 0.2495 0.6393 -0.5773 -0.3415 -0.3759 0.893 -0.0046 0.4456 -0.0631
0.7264 -0.0399 -0.6136 -0.3069 0.3668 -0.7111 0.548 -0.2441 0.8005 0.001 -0.5533 0.2303 0.3621 0.4064 -0.7279 -0.4169 0.6247 -0.1192 -0.7684 0.0706 0.7274 0.3296 -0.5709 0.1908 0.9231 0.0613 0.3752 0.0582 0.6516 0.3729 -0.6117 0.2495 0.6393 -0.5773 -0.3415 -0.3759 0.893 -0.0046 0.4456 -0.0631
0.7264 -0.0399 -0.6136 -0.3069 0.3668 -0.7111 0.548 -0.2441 0.8005 0.001 -0.5533 0.2303 0.3621 0.4064 -0.7279 -0.4169 0.6247 -0.1192 -0.7684 0.0706 0.7274 0.3296 -0.5709 0.1908 0.9231 0.0613 0.3752 0.0582 0.6516 0.3729 -0.6117 0.2495 0.6393 -0.5773 -0.3415 -0.3759 0.893 -0.0046 0.4456 -0.0631
0.7264 -0.0399 -0.6136 -0.3069 0.3668 -0.7111 0.548 -0.2441 0.8005 0.001 -0.5533 0.2303 0.3669 0.4052 -0.7295 -0.4112 0.6247 -0.1192 -0.7684 0.0706 0.7274 0.3296 -0.5709 0.1908 0.9231 0.0613 0.3752 0.0582 0.6516 0.3729 -0.6117 0.2495 0.6393 -0.5773 -0.3415 -0.3759 0.893 -0.0046 0.4456 -0.0631
0.7264 -0.0399 -0.6136 -0.3069 0.3668 -0.7111 0.548 -0.2441 0.8005 0.001 -0.5533 0.2303 0.3669 0.4052 -0.7295 -0.4112 0.6247 -0.1192 -0.7684 0.0706 0.7274 0.3296 -0.5709 0.1908 0.9231 0.0613 0.3752 0.0582 0.6516 0.3729 -0.6117 0.2495 0.6393 -0.5773 -0.3415 -0.3759 0.893 -0.0046 0.4456 -0.0631
0.7264 -0.0399 -0.6136 -0.3069 0.3668 -0.7111 0.548 -0.2441 0.8005 0.001 -0.5533 0.2303 0.3669 0.4052 -0.7295 -0.4112 0.6247 -0.1192 -0.7684 0.0706 0.7274 0.3296 -0.5709 0.1908 0.9231 0.0613 0.3752 0.0582 0.6516 0.3729 -0.6117 0.2495 0.6393 -0.5773 -0.3415 -0.3759 0.893 -0.0046 0.4456 -0.0631
0.7418 -0.0181 -0.6199 -0.2554 0.3668 -0.7111 0.548 -0.2441 0.8024 -0.0043 -0.5488 0.2344 0.3669 0.4052 -0.7295 -0.4112 0.6281 -0.1063 -0.7684 0.0605 0.7274 0.3296 -0.5709 0.1908 0.9109 0.0494 0.4069 0.0471 0.6783 0.439 -0.5418 0.2316 0.5969 -0.5645 -0.408 -0.3984 0.893 -0.0046 0.4456 -0.0631
0.7418 -0.0181 -0.6199 -0.2554 0.3668 -0.7111 0.548 -0.2441 0.8024 -0.0043 -0.5488 0.2344 0.3669 0.4052 -0.7295 -0.4112 0.6281 -0.1063 -0.7684 0.0605 0.7274 0.3296 -0.5709 0.1908 0.9109 0.0494 0.4069 0.0471 0.6783 0.439 -0.5418 0.2316 0.5969 -0.5645 -0.408 -0.3984 0.9076 -0.0132 0.4155 -0.0592
0.7418 -0.0181 -0.6199 -0.2554 0.3668 -0.7111 0.548 -0.2441 0.8024 -0.0043 -0.5488 0.2344 0.3669 0.4052 -0.7295 -0.4112 0.6281 -0.1063 -0.7684 0.0605 0.7274 0.3296 -0.5709 0.1908 0.9109 0.0494 0.4069 0.0471 0.6783 0.439 -0.5418 0.2316 0.5969 -0.5645 -0.408 -0.3984 0.9076 -0.0132 0.4155 -0.0592
0.7418 -0.0181 -0.6199 -0.2554 0.3668 -0.7111 0.548 -0.2441 0.8024 -0.0043 -0.5488 0.2344 0.3669 0.4052 -0.7295 -0.4112 0.6281 -0.1063 -0.7684 0.0605 0.7274 0.3296 -0.5709 0.1908 0.9109 0.0494 0.4069 0.0471 0.6783 0.439 -0.5418 0.2316 0.5969 -0.5645 -0.408 -0.3984 0.9076 -0.0132 0.4155 -0.0592
0.7418 -0.0181 -0.6199 -0.2554 0.3668 -0.7111 0.548 -0.2441 0.8024 -0.0043 -0.5488 0.2344 0.3669 0.4052 -0.7295 -0.4112 0.6281 -0.1063 -0.7684 0.0605 0.7274 0.3296 -0.5709 0.1908 0.9109 0.0494 0.4069 0.0471 0.6783 0.439 -0.5418 0.2316 0.5969 -0.5645 -0.408 -0.3984 0.9076 -0.0132 0.4155 -0.0592
0.7418 -0.0181 -0.6199 -0.2554 0.3668 -0.7111 0.548 -0.2441 0.8024 -0.0043 -0.5488 0.2344 0.3669 0.4052 -0.7295 -0.4112 0.6281 -0.1063 -0.7684 0.0605 0.7274 0.3296 -0.5709 0.1908 0.9109 0.0494 0.4069 0.0471 0.6783 0.439 -0.5418 0.2316 0.5969 -0.5645 -0.408 -0.3984 0.9076 -0.0132 0.4155 -0.0592
0.7377 -0.0292 -0.619 -0.2682 0.361 -0.7134 0.5472 -0.2475 0.8024 -0.0043 -0.5488 0.2344 0.3641 0.3995 -0.7367 -0.4063 0.6326 -0.1023 -0.7661 0.0497 0.7515 0.3622 -0.5285 0.1572 0.9007 0.0414 0.4305 0.0399 0.6783 0.439 -0.5418 0.2316 0.5989 -0.5827 -0.3837 -0.3932 0.9076 -0.0132 0.4155 -0.0592
0.7377 -0.0292 -0.619 -0.2682 0.361 -0.7134 0.5472 -0.2475 0.8016 -0.005 -0.5532 0.2269 0.3641 0.3995 -0.7367 -0.4063 0.6326 -0.1023 -0.7661 0.0497 0.7515 0.3622 -0.5285 0.1572 0.9007 0.0414 0.4305 0.0399 0.6783 0.439 -0.5418 0.2316 0.5989 -0.5827 -0.3837 -0.3932 0.9076 -0.0132 0.4155 -0.0592
0.7377 -0.0292 -0.619 -0.2682 0.361 -0.7134 0.5472 -0.2475 0.8016 -0.005 -0.5532 0.2269 0.3641 0.3995 -0.7367 -0.4063 0.6326 -0.1023 -0.7661 0.0497 0.7515 0.3622 -0.5285 0.1572 0.9007 0.0414 0.4305 0.0399 0.679 0.4168 -0.5678 0.207 0.5989 -0.5827 -0.3837 -0.3932 0.9076 -0.0132 0.4155 -0.0592
0.7377 -0.0292 -0.619 -0.2682 0.361 -0.7134 0.5472 -0.2475 0.8016 -0.005 -0.5532 0.2269 0.3641 0.3995 -0.7367 -0.4063 0.6326 -0.1023 -0.7661 0.0497 0.7515 0.3622 -0.5285 0.1572 0.9007 0.0414 0.4305 0.0399 0.679 0.4168 -0.5678 0.207 0.5989 -0.5827 -0.3837 -0.3932 0.9188 0.0104 0.3931 -0.0342
0.7377 -0.0292 -0.619 -0.2682 0.361 -0.7134 0.5472 -0.2475 0.8016 -0.005 -0.5532 0.2269 0.3641 0.3995 -0.7367 -0.4063 0.6326 -0.1023 -0.7661 0.0497 0.7515 0.3622 -0.5285 0.1572 0.9007 0.0414 0.4305 0.0399 0.679 0.4168 -0.5678 0.207 0.5989 -0.5827 -0.3837 -0.3932 0.9188 0.0104 0.3931 -0.0342
0.7377 -0.0292 -0.619 -0.2682 0.3607 -0.7039 0.5554 -0.2569 0.8016 -0.005 -0.5532 0.2269 0.3582 0.3969 -0.7407 -0.407 0.6326 -0.1023 -0.7661 0.0497 0.783 0.3625 -0.4952 0.1013 0.9007 0.0414 0.4305 0.0399 0.679 0.4168 -0.5678 0.207 0.5989 -0.5827 -0.3837 -0.3932 0.9188 0.0104 0.3931 -0.0342
0.7377 -0.0292 -0.619 -0.2682 0.3607 -0.7039 0.5554 -0.2569 0.8016 -0.005 -0.5532 0.2269 0.3582 0.3969 -0.7407 -0.407 0.6326 -0.1023 -0.7661 0.0497 0.783 0.3625 -0.4952 0.1013 0.9007 0.0414 0.4305 0.0399 0.679 0.4168 -0.5678 0.207 0.5989 -0.5827 -0.3837 -0.3932 0.9188 0.0104 0.3931 -0.0342
0.7377 -0.0292 -0.619 -0.2682 0.3607 -0.7039 0.5554 -0.2569 0.8016 -0.005 -0.5532 0.2269 0.3582 0.3969 -0.7407 -0.407 0.6634 -0.1339 -0.7355 0.0314 0.783 0.3625 -0.4952 0.1013 0.8531 0.0762 0.5126 0.0615 0.679 0.4168 -0.5678 0.207 0.5786 -0.6264 -0.3347 -0.4011 0.9188 0.0104 0.3931 -0.0342
0.7377 -0.0292 -0.619 -0.2682 0.3607 -0.7039 0.5554 -0.2569 0.8014 -0.0019 -0.5547 0.2238 0.3582 0.3969 -0.7407 -0.407 0.6634 -0.1339 -0.7355 0.0314 0.783 0.3625 -0.4952 0.1013 0.8531 0.0762 0.5126 0.0615 0.679 0.4168 -0.5678 0.207 0.5786 -0.6264 -0.3347 -0.4011 0.9188 0.0104 0.3931 -0.0342
0.7377 -0.0292 -0.619 -0.2682 0.3607 -0.7039 0.5554 -0.2569 0.8014 -0.0019 -0.5547 0.2238 0.3582 0.3969 -0.7407 -0.407 0.6634 -0.1339 -0.7355 0.0314 0.783 0.3625 -0.4952 0.1013 0.8531 0.0762 0.5126 0.0615 0.6586 0.4006 -0.6068 0.1942 0.5786 -0.6264 -0.3347 -0.4011 0.9188 0.0104 0.3931 -0.0342
0.7377 -0.0292 -0.619 -0.2682 0.3607 -0.7039 0.5554 -0.2569 0.8014 -0.0019 -0.5547 0.2238 0.3582 0.3969 -0.7407 -0.407 0.6634 -0.1339 -0.7355 0.0314 0.783 0.3625 -0.4952 0.1013 0.8531 0.0762 0.5126 0.0615 0.6586 0.4006 -0.6068 0.1942 0.5786 -0.6264 -0.3347 -0.4011 0.9188 0.0104 0.3931 -0.0342
0.7377 -0.0292 -0.619 -0.2682 0.3607 -0.7039 0.5554 -0.2569 0.8014 -0.0019 -0.5547 0.2238 0.3582 0.3969 -0.7407 -0.407 0.6634 -0.1339 -0.7355 0.0314 0.783 0.3625 -0.4952 0.1013 0.8531 0.0762 0.5126 0.0615 0.6586 0.4006 -0.6068 0.1942 0.5786 -0.6264 -0.3347 -0.4011 0.9188 0.0104 0.3931 -0.0342
0.7377 -0.0292 -0.619 -0.2682 0.3681 -0.7033 0.5519 -0.2554 0.8014 -0.0019 -0.5547 0.2238 0.3677 0.4025 -0.7348 -0.4035 0.6634 -0.1339 -0.7355 0.0314 0.7957 0.379 -0.4654 0.0815 0.8036 0.0911 0.5834 0.0743 0.6586 0.4006 -0.6068 0.1942 0.5786 -0.6264 -0.3347 -0.4011 0.9188 0.0104 0.3931 -0.0342
0.7377 -0.0292 -0.619 -0.2682 0.3681 -0.7033 0.5519 -0.2554 0.8014 -0.0019 -0.5547 0.2238 0.3677 0.4025 -0.7348 -0.4035 0.6634 -0.1339 -0.7355 0.0314 0.7957 0.379 -0.4654 0.0815 0.8036 0.0911 0.5834 0.0743 0.6586 0.4006 -0.6068 0.1942 0.5786 -0.6264 -0.3347 -0.4011 0.9188 0.0104 0.3931 -0.0342
0.7377 -0.0292 -0.619 -0.2682 0.3681 -0.7033 0.5519 -0.2554 0.8014 -0.0019 -0.5547 0.2238 0.3677 0.4025 -0.7348 -0.4035 0.6634 -0.1339 -0.7355 0.0314 0.7957 0.379 -0.4654 0.0815 0.8036 0.0911 0.5834 0.0743 0.6586 0.4006 -0.6068 0.1942 0.5648 -0.6523 -0.3157 -0.3948 0.9188 0.0104 0.3931 -0.0342
0.7377 -0.0292 -0.619 -0.2682 0.3681 -0.7033 0.5519 -0.2554 0.799 -0.0037 -0.5584 0.2233 0.3677 0.4025 -0.7348 -0.4035 0.6634 -0.1339 -0.7355 0.0314 0.7957 0.379 -0.4654 0.0815 0.8036 0.0911 0.5834 0.0743 0.6586 0.4006 -0.6068 0.1942 0.5648 -0.6523 -0.3157 -0.3948 0.9188 0.0104 0.3931 -0.0342
0.7377 -0.0292 -0.619 -0.2682 0.3681 -0.7033 0.5519 -0.2554 0.799 -0.0037 -0.5584 0.2233 0.3677 0.4025 -0.7348 -0.4035 0.6634 -0.1339 -0.7355 0.0314 0.7957 0.379 -0.4654 0.0815 0.8036 0.0911 0.5834 0.0743 0.6586 0.4006 -0.6068 0.1942 0.5648 -0.6523 -0.3157 -0.3948 0.9188 0.0104 0.3931 -0.0342
0.7377 -0.0292 -0.619 -0.2682 0.3681 -0.7033 0.5519 -0.2554 0.799 -0.0037 -0.5584 0.2233 0.3677 0.4025 -0.7348 -0.4035 0.6634 -0.1339 -0.7355 0.0314 0.7957 0.379 -0.4654 0.0815 0.8036 0.0911 0.5834 0.0743 0.6433 0.3829 -0.6329 0.1973 0.5648 -0.6523 -0.3157 -0.3948 0.9141 0.0113 0.4045 -0.0279
0.7377 -0.0292 -0.619 -0.2682 0.3681 -0.7033 0.5519 -0.2554 0.799 -0.0037 -0.5584 0.2233 0.3677 0.4025 -0.7348 -0.4035 0.6634 -0.1339 -0.7355 0.0314 0.7957 0.379 -0.4654 0.0815 0.8036 0.0911 0.5834 0.0743 0.6433 0.3829 -0.6329 0.1973 0.5648 -0.6523 -0.3157 -0.3948 0.9141 0.0113 0.4045 -0.0279
0.7377 -0.0292 -0.619 -0.2682 0.3714 -0.6953 0.5532 -0.2694 0.799 -0.0037 -0.5584 0.2233 0.3638 0.4027 -0.7386 -0.4 0.6634 -0.1339 -0.7355 0.0314 0.8277 0.2982 -0.4673 0.0869 0.8036 0.0911 0.5834 0.0743 0.6433 0.3829 -0.6329 0.1973 0.5648 -0.6523 -0.3157 -0.3948 0.9141 0.0113 0.4045 -0.0279
0.7377 -0.0292 -0.619 -0.2682 0.3714 -0.6953 0.5532 -0.2694 0.799 -0.0037 -0.5584 0.2233 0.3638 0.4027 -0.7386 -0.4 0.6634 -0.1339 -0.7355 0.0314 0.8277 0.2982 -0.4673 0.0869 0.8036 0.0911 0.5834 0.0743 0.6433 0.3829 -0.6329 0.1973 0.5648 -0.6523 -0.3157 -0.3948 0.9141 0.0113 0.4045 -0.0279
0.7423 -0.0264 -0.6098 -0.2765 0.3714 -0.6953 0.5532 -0.2694 0.799 -0.0037 -0.5584 0.2233 0.3638 0.4027 -0.7386 -0.4 0.7272 -0.1911 -0.659 0.0181 0.8277 0.2982 -0.4673 0.0869 0.8516 0.0047 0.5242 0.0015 0.6433 0.3829 -0.6329 0.1973 0.559 -0.6636 -0.3109 -0.3881 0.9141 0.0113 0.4045 -0.0279
0.7423 -0.0264 -0.6098 -0.2765 0.3714 -0.6953 0.5532 -0.2694 0.799 -0.0172 -0.5624 0.2122 0.3638 0.4027 -0.7386 -0.4 0.7272 -0.1911 -0.659 0.0181 0.8277 0.2982 -0.4673 0.0869 0.8516 0.0047 0.5242 0.0015 0.6433 0.3829 -0.6329 0.1973 0.559 -0.6636 -0.3109 -0.3881 0.9141 0.0113 0.4045 -0.0279
0.7423 -0.0264 -0.6098 -0.2765 0.3714 -0.6953 0.5532 -0.2694 0.799 -0.0172 -0.5624 0.2122 0.3638 0.4027 -0.7386 -0.4 0.7272 -0.1911 -0.659 0.0181 0.8277 0.2982 -0.4673 0.0869 0.8516 0.0047 0.5242 0.0015 0.6261 0.375 -0.6509 0.2092 0.559 -0.6636 -0.3109 -0.3881 0.9044 0.0143 0.4256 -0.0261
0.7423 -0.0264 -0.6098 -0.2765 0.3714 -0.6953 0.5532 -0.2694 0.799 -0.0172 -0.5624 0.2122 0.3638 0.4027 -0.7386 -0.4 0.7272 -0.1911 -0.659 0.0181 0.8277 0.2982 -0.4673 0.0869 0.8516 0.0047 0.5242 0.0015 0.6261 0.375 -0.6509 0.2092 0.559 -0.6636 -0.3109 -0.3881 0.9044 0.0143 0.4256 -0.0261
0.7423 -0.0264 -0.6098 -0.2765 0.3714 -0.6953 0.5532 -0.2694 0.799 -0.0172 -0.5624 0.2122 0.3638 0.4027 -0.7386 -0.4 0.7272 -0.1911 -0.659 0.0181 0.8277 0.2982 -0.4673 0.0869 0.8516 0.0047 0.5242 0.0015 0.6261 0.375 -0.6509 0.2092 0.559 -0.6636 -0.3109 -0.3881 0.9044 0.0143 0.4256 -0.0261
0.7423 -0.0264 -0.6098 -0.2765 0.3618 -0.6899 0.5613 -0.2792 0.799 -0.0172 -0.5624 0.2122 0.3544 0.3853 -0.7501 -0.4042 0.7272 -0.1911 -0.659 0.0181 0.8196 0.2075 -0.5145 0.1431 0.8927 -0.0084 0.4505 -0.002 0.6261 0.375 -0.6509 0.2092 0.559 -0.6636 -0.3109 -0.3881 0.9044 0.0143 0.4256 -0.0261
0.7423 -0.0264 -0.6098 -0.2765 0.3618 -0.6899 0.5613 -0.2792 0.799 -0.0172 -0.5624 0.2122 0.3544 0.3853 -0.7501 -0.4042 0.7272 -0.1911 -0.659 0.0181 0.8196 0.2075 -0.5145 0.1431 0.8927 -0.0084 0.4505 -0.002 0.6261 0.375 -0.6509 0.2092 0.559 -0.6636 -0.3109 -0.3881 0.9044 0.0143 0.4256 -0.0261
0.7368 -0.0295 -0.6053 -0.2997 0.3618 -0.6899 0.5613 -0.2792 0.799 -0.0172 -0.5624 0.2122 0.3544 0.3853 -0.7501 -0.4042 0.735 -0.201 -0.6461 0.0427 0.8196 0.2075 -0.5145 0.1431 0.8927 -0.0084 0.4505 -0.002 0.6261 0.375 -0.6509 0.2092 0.5683 -0.6662 -0.3091 -0.371 0.9044 0.0143 0.4256 -0.0261
0.7368 -0.0295 -0.6053 -0.2997 0.3618 -0.6899 0.5613 -0.2792 0.799 -0.0172 -0.5624 0.2122 0.3544 0.3853 -0.7501 -0.4042 0.735 -0.201 -0.6461 0.0427 0.8196 0.2075 -0.5145 0.1431 0.8927 -0.0084 0.4505 -0.002 0.6261 0.375 -0.6509 0.2092 0.5683 -0.6662 -0.3091 -0.371 0.9044 0.0143 0.4256 -0.0261
0.7368 -0.0295 -0.6053 -0.2997 0.3618 -0.6899 0.5613 -0.2792 0.7969 -0.0307 -0.5712 0.1943 0.3544 0.3853 -0.7501 -0.4042 0.735 -0.201 -0.6461 0.0427 0.8196 0.2075 -0.5145 0.1431 0.8927 -0.0084 0.4505 -0.002 0.6207 0.3789 -0.6462 0.2315 0.5683 -0.6662 -0.3091 -0.371 0.881 0.0073 0.4717 -0.0343
0.7368 -0.0295 -0.6053 -0.2997 0.3618 -0.6899 0.5613 -0.2792 0.7969 -0.0307 -0.5712 0.1943 0.3544 0.3853 -0.7501 -0.4042 0.735 -0.201 -0.6461 0.0427 0.8196 0.2075 -0.5145 0.1431 0.8927 -0.0084 0.4505 -0.002 0.6207 0.3789 -0.6462 0.2315 0.5683 -0.6662 -0.3091 -0.371 0.881 0.0073 0.4717 -0.0343
0.7368 -0.0295 -0.6053 -0.2997 0.3618 -0.6899 0.5613 -0.2792 0.7969 -0.0307 -0.5712 0.1943 0.3544 0.3853 -0.7501 -0.4042 0.735 -0.201 -0.6461 0.0427 0.8196 0.2075 -0.5145 0.1431 0.8927 -0.0084 0.4505 -0.002 0.6207 0.3789 -0.6462 0.2315 0.5683 -0.6662 -0.3091 -0.371 0.881 0.0073 0.4717 -0.0343
0.7368 -0.0295 -0.6053 -0.2997 0.3574 -0.6893 0.5586 -0.2917 0.7969 -0.0307 -0.5712 0.1943 0.3526 0.3826 -0.7552 -0.3988 0.735 -0.201 -0.6461 0.0427 0.7865 0.1686 -0.5692 0.1702 0.8997 0.0438 0.4331 0.0319 0.6207 0.3789 -0.6462 0.2315 0.5683 -0.6662 -0.3091 -0.371 0.881 0.0073 0.4717 -0.0343
0.7368 -0.0295 -0.6053 -0.2997 0.3574 -0.6893 0.5586 -0.2917 0.7969 -0.0307 -0.5712 0.1943 0.3526 0.3826 -0.7552 -0.3988 0.735 -0.201 -0.6461 0.0427 0.7865 0.1686 -0.5692 0.1702 0.8997 0.0438 0.4331 0.0319 0.6207 0.3789 -0.6462 0.2315 0.5683 -0.6662 -0.3091 -0.371 0.881 0.0073 0.4717 -0.0343
0.7372 -0.0236 -0.6024 -0.3053 0.3574 -0.6893 0.5586 -0.2917 0.7969 -0.0307 -0.5712 0.1943 0.3526 0.3826 -0.7552 -0.3988 0.7153 -0.22 -0.6601 0.0643 0.7865 0.1686 -0.5692 0.1702 0.8997 0.0438 0.4331 0.0319 0.6207 0.3789 -0.6462 0.2315 0.5865 -0.6654 -0.3018 -0.3494 0.881 0.0073 0.4717 -0.0343
0.7372 -0.0236 -0.6024 -0.3053 0.3574 -0.6893 0.5586 -0.2917 0.7956 -0.0319 -0.5714 0.1988 0.3526 0.3826 -0.7552 -0.3988 0.7153 -0.22 -0.6601 0.0643 0.7865 0.1686 -0.5692 0.1702 0.8997 0.0438 0.4331 0.0319 0.6158 0.384 -0.6368 0.2604 0.5865 -0.6654 -0.3018 -0.3494 0.8506 -0.0026 0.5239 -0.0451
0.7372 -0.0236 -0.6024 -0.3053 0.3574 -0.6893 0.5586 -0.2917 0.7956 -0.0319 -0.5714 0.1988 0.3526 0.3826 -0.7552 -0.3988 0.7153 -0.22 -0.6601 0.0643 0.7865 0.1686 -0.5692 0.1702 0.8997 0.0438 0.4331 0.0319 0.6158 0.384 -0.6368 0.2604 0.5865 -0.6654 -0.3018 -0.3494 0.8506 -0.0026 0.5239 -0.0451
0.7372 -0.0236 -0.6024 -0.3053 0.3574 -0.6893 0.5586 -0.2917 0.7956 -0.0319 -0.5714 0.1988 0.3526 0.3826 -0.7552 -0.3988 0.7153 -0.22 -0.6601 0.0643 0.7865 0.1686 -0.5692 0.1702 0.8997 0.0438 0.4331 0.0319 0.6158 0.384 -0.6368 0.2604 0.5865 -0.6654 -0.3018 -0.3494 0.8506 -0.0026 0.5239 -0.0451
0.7372 -0.0236 -0.6024 -0.3053 0.3574 -0.6893 0.5586 -0.2917 0.7956 -0.0319 -0.5714 0.1988 0.3526 0.3826 -0.7552 -0.3988 0.7153 -0.22 -0.6601 0.0643 0.7865 0.1686 -0.5692 0.1702 0.8997 0.0438 0.4331 0.0319 0.6158 0.384 -0.6368 0.2604 0.5865 -0.6654 -0.3018 -0.3494 0.8506 -0.0026 0.5239 -0.0451
0.7372 -0.0236 -0.6024 -0.3053 0.3668 -0.6948 0.55 -0.2832 0.7956 -0.0319 -0.5714 0.1988 0.3583 0.3875 -0.7556 -0.388 0.7153 -0.22 -0.6601 0.0643 0.753 0.1855 -0.6031 0.1863 0.8837 0.1061 0.4382 0.1253 0.6158 0.384 -0.6368 0.2604 0.5865 -0.6654 -0.3018 -0.3494 0.8506 -0.0026 0.5239 -0.0451
0.7396 -0.0138 -0.6068 -0.2907 0.3668 -0.6948 0.55 -0.2832 0.7956 -0.0319 -0.5714 0.1988 0.3583 0.3875 -0.7556 -0.388 0.7153 -0.22 -0.6601 0.0643 0.753 0.1855 -0.6031 0.1863 0.8837 0.1061 0.4382 0.1253 0.6158 0.384 -0.6368 0.2604 0.5865 -0.6654 -0.3018 -0.3494 0.8506 -0.0026 0.5239 -0.0451
0.7396 -0.0138 -0.6068 -0.2907 0.3668 -0.6948 0.55 -0.2832 0.7956 -0.0319 -0.5714 0.1988 0.3583 0.3875 -0.7556 -0.388 0.7153 -0.22 -0.6601 0.0643 0.753 0.1855 -0.6031 0.1863 0.8837 0.1061 0.4382 0.1253 0.6158 0.384 -0.6368 0.2604 0.6072 -0.6641 -0.2877 -0.3279 0.8506 -0.0026 0.5239 -0.0451
0.7396 -0.0138 -0.6068 -0.2907 0.3668 -0.6948 0.55 -0.2832 0.794 -0.0239 -0.5696 0.2112 0.3583 0.3875 -0.7556 -0.388 0.7153 -0.22 -0.6601 0.0643 0.753 0.1855 -0.6031 0.1863 0.8837 0.1061 0.4382 0.1253 0.6233 0.3847 -0.6186 0.2844 0.6072 -0.6641 -0.2877 -0.3279 0.8506 -0.0026 0.5239 -0.0451
0.7396 -0.0138 -0.6068 -0.2907 0.3668 -0.6948 0.55 -0.2832 0.794 -0.0239 -0.5696 0.2112 0.3583 0.3875 -0.7556 -0.388 0.7153 -0.22 -0.6601 0.0643 0.753 0.1855 -0.6031 0.1863 0.8837 0.1061 0.4382 0.1253 0.6233 0.3847 -0.6186 0.2844 0.6072 -0.6641 -0.2877 -0.3279 0.8025 -0.0253 0.5922 -0.0687
0.7396 -0.0138 -0.6068 -0.2907 0.3668 -0.6948 0.55 -0.2832 0.794 -0.0239 -0.5696 0.2112 0.3583 0.3875 -0.7556 -0.388 0.7153 -0.22 -0.6601 0.0643 0.753 0.1855 -0.6031 0.1863 0.8837 0.1061 0.4382 0.1253 0.6233 0.3847 -0.6186 0.2844 0.6072 -0.6641 -0.2877 -0.3279 0.8025 -0.0253 0.5922 -0.0687
0.7396 -0.0138 -0.6068 -0.2907 0.3668 -0.6948 0.55 -0.2832 0.794 -0.0239 -0.5696 0.2112 0.3583 0.3875 -0.7556 -0.388 0.7153 -0.22 -0.6601 0.0643 0.753 0.1855 -0.6031 0.1863 0.8837 0.1061 0.4382 0.1253 0.6233 0.3847 -0.6186 0.2844 0.6072 -0.6641 -0.2877 -0.3279 0.8025 -0.0253 0.5922 -0.0687
0.7396 -0.0138 -0.6068 -0.2907 0.3735 -0.7111 0.5359 -0.2601 0.794 -0.0239 -0.5696 0.2112 0.3636 0.4026 -0.744 -0.3901 0.7153 -0.22 -0.6601 0.0643 0.7474 0.2396 -0.597 0.1661 0.8837 0.1061 0.4382 0.1253 0.6233 0.3847 -0.6186 0.2844 0.6072 -0.6641 -0.2877 -0.3279 0.8025 -0.0253 0.5922 -0.0687
0.7396 -0.0138 -0.6068 -0.2907 0.3735 -0.7111 0.5359 -0.2601 0.794 -0.0239 -0.5696 0.2112 0.3636 0.4026 -0.744 -0.3901 0.7153 -0.22 -0.6601 0.0643 0.7474 0.2396 -0.597 0.1661 0.9141 0.07 0.3946 0.0627 0.6233 0.3847 -0.6186 0.2844 0.6072 -0.6641 -0.2877 -0.3279 0.8025 -0.0253 0.5922 -0.0687
0.7396 -0.0138 -0.6068 -0.2907 0.3735 -0.7111 0.5359 -0.2601 0.794 -0.0239 -0.5696 0.2112 0.3636 0.4026 -0.744 -0.3901 0.6497 -0.1784 -0.7293 0.1189 0.7474 0.2396 -0.597 0.1661 0.9141 0.07 0.3946 0.0627 0.6233 0.3847 -0.6186 0.2844 0.6619 -0.6523 -0.2432 -0.2777 0.8025 -0.0253 0.5922 -0.0687
0.7396 -0.0138 -0.6068 -0.2907 0.3735 -0.7111 0.5359 -0.2601 0.7931 7.0E-4 -0.5681 0.2195 0.3636 0.4026 -0.744 -0.3901 0.6497 -0.1784 -0.7293 0.1189 0.7474 0.2396 -0.597 0.1661 0.9141 0.07 0.3946 0.0627 0.6385 0.3951 -0.5811 0.3139 0.6619 -0.6523 -0.2432 -0.2777 0.8025 -0.0253 0.5922 -0.0687
0.7396 -0.0138 -0.6068 -0.2907 0.3735 -0.7111 0.5359 -0.2601 0.7931 7.0E-4 -0.5681 0.2195 0.3636 0.4026 -0.744 -0.3901 0.6497 -0.1784 -0.7293 0.1189 0.7474 0.2396 -0.597 0.1661 0.9141 0.07 0.3946 0.0627 0.6385 0.3951 -0.5811 0.3139 0.6619 -0.6523 -0.2432 -0.2777 0.8025 -0.0253 0.5922 -0.0687
0.7396 -0.0138 -0.6068 -0.2907 0.3735 -0.7111 0.5359 -0.2601 0.7931 7.0E-4 -0.5681 0.2195 0.3636 0.4026 -0.744 -0.3901 0.6497 -0.1784 -0.7293 0.1189 0.7474 0.2396 -0.597 0.1661 0.9141 0.07 0.3946 0.0627 0.6385 0.3951 -0.5811 0.3139 0.6619 -0.6523 -0.2432 -0.2777 0.7438 -0.0927 0.6506 -0.1217
0.7396 -0.0138 -0.6068 -0.2907 0.3735 -0.7111 0.5359 -0.2601 0.7931 7.0E-4 -0.5681 0.2195 0.3636 0.4026 -0.744 -0.3901 0.6497 -0.1784 -0.7293 0.1189 0.7474 0.2396 -0.597 0.1661 0.9141 0.07 0.3946 0.0627 0.6385 0.3951 -0.5811 0.3139 0.6619 -0.6523 -0.2432 -0.2777 0.7438 -0.0927 0.6506 -0.1217
0.7396 -0.0138 -0.6068 -0.2907 0.391 -0.7062 0.5342 -0.2509 0.7931 7.0E-4 -0.5681 0.2195 0.3575 0.4187 -0.7401 -0.3861 0.6497 -0.1784 -0.7293 0.1189 0.7425 0.3282 -0.5535 0.1859 0.9235 0.0569 0.3759 0.0512 0.6385 0.3951 -0.5811 0.3139 0.6619 -0.6523 -0.2432 -0.2777 0.7438 -0.0927 0.6506 -0.1217
0.7573 -0.0143 -0.6115 -0.2289 0.391 -0.7062 0.5342 -0.2509 0.7931 7.0E-4 -0.5681 0.2195 0.3575 0.4187 -0.7401 -0.3861 0.6497 -0.1784 -0.7293 0.1189 0.7425 0.3282 -0.5535 0.1859 0.9235 0.0569 0.3759 0.0512 0.6385 0.3951 -0.5811 0.3139 0.6619 -0.6523 -0.2432 -0.2777 0.7438 -0.0927 0.6506 -0.1217
0.7573 -0.0143 -0.6115 -0.2289 0.391 -0.7062 0.5342 -0.2509 0.7931 7.0E-4 -0.5681 0.2195 0.3575 0.4187 -0.7401 -0.3861 0.6497 -0.1784 -0.7293 0.1189 0.7425 0.3282 -0.5535 0.1859 0.9235 0.0569 0.3759 0.0512 0.6385 0.3951 -0.5811 0.3139 0.6664 -0.6752 -0.1714 -0.2658 0.7438 -0.0927 0.6506 -0.1217
0.7573 -0.0143 -0.6115 -0.2289 0.391 -0.7062 0.5342 -0.2509 0.788 0.0112 -0.5773 0.2137 0.3575 0.4187 -0.7401 -0.3861 0.6497 -0.1784 -0.7293 0.1189 0.7425 0.3282 -0.5535 0.1859 0.9235 0.0569 0.3759 0.0512 0.6698 0.4069 -0.5507 0.2873 0.6664 -0.6752 -0.1714 -0.2658 0.7438 -0.0927 0.6506 -0.1217
0.7573 -0.0143 -0.6115 -0.2289 0.391 -0.7062 0.5342 -0.2509 0.788 0.0112 -0.5773 0.2137 0.3575 0.4187 -0.7401 -0.3861 0.6497 -0.1784 -0.7293 0.1189 0.7425 0.3282 -0.5535 0.1859 0.9235 0.0569 0.3759 0.0512 0.6698 0.4069 -0.5507 0.2873 0.6664 -0.6752 -0.1714 -0.2658 0.7114 -0.0803 0.6805 -0.1561
0.7573 -0.0143 -0.6115 -0.2289 0.391 -0.7062 0.5342 -0.2509 0.788 0.0112 -0.5773 0.2137 0.3575 0.4187 -0.7401 -0.3861 0.6497 -0.1784 -0.7293 0.1189 0.7425 0.3282 -0.5535 0.1859 0.9235 0.0569 0.3759 0.0512 0.6698 0.4069 -0.5507 0.2873 0.6664 -0.6752 -0.1714 -0.2658 0.7114 -0.0803 0.6805 -0.1561
0.7573 -0.0143 -0.6115 -0.2289 0.3955 -0.7115 0.5295 -0.2386 0.788 0.0112 -0.5773 0.2137 0.3575 0.4187 -0.7401 -0.3861 0.6497 -0.1784 -0.7293 0.1189 0.7425 0.3282 -0.5535 0.1859 0.9235 0.0569 0.3759 0.0512 0.6698 0.4069 -0.5507 0.2873 0.6664 -0.6752 -0.1714 -0.2658 0.7114 -0.0803 0.6805 -0.1561
0.7573 -0.0143 -0.6115 -0.2289 0.3955 -0.7115 0.5295 -0.2386 0.788 0.0112 -0.5773 0.2137 0.3575 0.4187 -0.7401 -0.3861 0.6497 -0.1784 -0.7293 0.1189 0.7425 0.3282 -0.5535 0.1859 0.9235 0.0569 0.3759 0.0512 0.6698 0.4069 -0.5507 0.2873 0.6664 -0.6752 -0.1714 -0.2658 0.7114 -0.0803 0.6805 -0.1561
0.7573 -0.0143 -0.6115 -0.2289 0.3955 -0.7115 0.5295 -0.2386 0.788 0.0112 -0.5773 0.2137 0.3557 0.4347 -0.7363 -0.3773 0.6497 -0.1784 -0.7293 0.1189 0.7314 0.3621 -0.5408 0.2034 0.9216 0.0457 0.3821 0.0507 0.6698 0.4069 -0.5507 0.2873 0.6664 -0.6752 -0.1714 -0.2658 0.7114 -0.0803 0.6805 -0.1561
0.7573 -0.0143 -0.6115 -0.2289 0.3955 -0.7115 0.5295 -0.2386 0.788 0.0112 -0.5773 0.2137 0.3557 0.4347 -0.7363 -0.3773 0.6497 -0.1784 -0.7293 0.1189 0.7314 0.3621 -0.5408 0.2034 0.9216 0.0457 0.3821 0.0507 0.6698 0.4069 -0.5507 0.2873 0.6852 -0.618 -0.2294 -0.3096 0.7114 -0.0803 0.6805 -0.1561
0.7573 -0.0143 -0.6115 -0.2289 0.3955 -0.7115 0.5295 -0.2386 0.7853 0.0345 -0.5682 0.2437 0.3557 0.4347 -0.7363 -0.3773 0.6497 -0.1784 -0.7293 0.1189 0.7314 0.3621 -0.5408 0.2034 0.9216 0.0457 0.3821 0.0507 0.6843 0.4241 -0.5351 0.256 0.6852 -0.618 -0.2294 -0.3096 0.7114 -0.0803 0.6805 -0.1561
0.7573 -0.0143 -0.6115 -0.2289 0.3955 -0.7115 0.5295 -0.2386 0.7853 0.0345 -0.5682 0.2437 0.3557 0.4347 -0.7363 -0.3773 0.6497 -0.1784 -0.7293 0.1189 0.7314 0.3621 -0.5408 0.2034 0.9216 0.0457 0.3821 0.0507 0.6843 0.4241 -0.5351 0.256 0.6852 -0.618 -0.2294 -0.3096 0.7114 -0.0803 0.6805 -0.1561
0.7573 -0.0143 -0.6115 -0.2289 0.3955 -0.7115 0.5295 -0.2386 0.7853 0.0345 -0.5682 0.2437 0.3557 0.4347 -0.7363 -0.3773 0.6497 -0.1784 -0.7293 0.1189 0.7314 0.3621 -0.5408 0.2034 0.9216 0.0457 0.3821 0.0507 0.6843 0.4241 -0.5351 0.256 0.6852 -0.618 -0.2294 -0.3096 0.83 -0.0123 0.5544 -0.0593
0.7573 -0.0143 -0.6115 -0.2289 0.3955 -0.7115 0.5295 -0.2386 0.7853 0.0345 -0.5682 0.2437 0.3557 0.4347 -0.7363 -0.3773 0.6497 -0.1784 -0.7293 0.1189 0.7314 0.3621 -0.5408 0.2034 0.9216 0.0457 0.3821 0.0507 0.6843 0.4241 -0.5351 0.256 0.6852 -0.618 -0.2294 -0.3096 0.83 -0.0123 0.5544 -0.0593
0.7573 -0.0143 -0.6115 -0.2289 0.403 -0.7262 0.5095 -0.2251 0.7853 0.0345 -0.5682 0.2437 0.3752 0.4548 -0.7152 -0.3754 0.6497 -0.1784 -0.7293 0.1189 0.7296 0.3659 -0.541 0.2029 0.9086 0.029 0.414 0.0464 0.6843 0.4241 -0.5351 0.256 0.6852 -0.618 -0.2294 -0.3096 0.83 -0.0123 0.5544 -0.0593
0.7573 -0.0143 -0.6115 -0.2289 0.403 -0.7262 0.5095 -0.2251 0.7853 0.0345 -0.5682 0.2437 0.3752 0.4548 -0.7152 -0.3754 0.6497 -0.1784 -0.7293 0.1189 0.7296 0.3659 -0.541 0.2029 0.9086 0.029 0.414 0.0464 0.6843 0.4241 -0.5351 0.256 0.6852 -0.618 -0.2294 -0.3096 0.83 -0.0123 0.5544 -0.0593
0.7678 1.0E-4 -0.6043 -0.213 0.403 -0.7262 0.5095 -0.2251 0.7853 0.0345 -0.5682 0.2437 0.3752 0.4548 -0.7152 -0.3754 0.6224 -0.0786 -0.7738 0.0875 0.7296 0.3659 -0.541 0.2029 0.9086 0.029 0.414 0.0464 0.6843 0.4241 -0.5351 0.256 0.6312 -0.5656 -0.3644 -0.3857 0.83 -0.0123 0.5544 -0.0593
0.7678 1.0E-4 -0.6043 -0.213 0.403 -0.7262 0.5095 -0.2251 0.7853 0.0345 -0.5682 0.2437 0.3752 0.4548 -0.7152 -0.3754 0.6224 -0.0786 -0.7738 0.0875 0.7296 0.3659 -0.541 0.2029 0.9086 0.029 0.414 0.0464 0.6843 0.4241 -0.5351 0.256 0.6312 -0.5656 -0.3644 -0.3857 0.83 -0.0123 0.5544 -0.0593
0.7678 1.0E-4 -0.6043 -0.213 0.403 -0.7262 0.5095 -0.2251 0.7839 0.0437 -0.5627 0.2589 0.3752 0.4548 -0.7152 -0.3754 0.6224 -0.0786 -0.7738 0.0875 0.7296 0.3659 -0.541 0.2029 0.9086 0.029 0.414 0.0464 0.6799 0.4343 -0.5395 0.241 0.6312 -0.5656 -0.3644 -0.3857 0.9027 -0.0192 0.4252 -0.0623
0.7678 1.0E-4 -0.6043 -0.213 0.403 -0.7262 0.5095 -0.2251 0.7839 0.0437 -0.5627 0.2589 0.3752 0.4548 -0.7152 -0.3754 0.6224 -0.0786 -0.7738 0.0875 0.7296 0.3659 -0.541 0.2029 0.9086 0.029 0.414 0.0464 0.6799 0.4343 -0.5395 0.241 0.6312 -0.5656 -0.3644 -0.3857 0.9027 -0.0192 0.4252 -0.0623
0.7678 1.0E-4 -0.6043 -0.213 0.403 -0.7262 0.5095 -0.2251 0.7839 0.0437 -0.5627 0.2589 0.3752 0.4548 -0.7152 -0.3754 0.6224 -0.0786 -0.7738 0.0875 0.7296 0.3659 -0.541 0.2029 0.9086 0.029 0.414 0.0464 0.6799 0.4343 -0.5395 0.241 0.6312 -0.5656 -0.3644 -0.3857 0.9027 -0.0192 0.4252 -0.0623
0.7678 1.0E-4 -0.6043 -0.213 0.4062 -0.7221 0.5111 -0.2288 0.7839 0.0437 -0.5627 0.2589 0.3708 0.45 -0.7198 -0.3766 0.6224 -0.0786 -0.7738 0.0875 0.7451 0.3758 -0.5229 0.1736 0.8965 0.0161 0.4415 0.0311 0.6799 0.4343 -0.5395 0.241 0.6312 -0.5656 -0.3644 -0.3857 0.9027 -0.0192 0.4252 -0.0623
0.7678 1.0E-4 -0.6043 -0.213 0.4062 -0.7221 0.5111 -0.2288 0.7839 0.0437 -0.5627 0.2589 0.3708 0.45 -0.7198 -0.3766 0.6224 -0.0786 -0.7738 0.0875 0.7451 0.3758 -0.5229 0.1736 0.8965 0.0161 0.4415 0.0311 0.6799 0.4343 -0.5395 0.241 0.6312 -0.5656 -0.3644 -0.3857 0.9027 -0.0192 0.4252 -0.0623
0.7678 1.0E-4 -0.6043 -0.213 0.4062 -0.7221 0.5111 -0.2288 0.7839 0.0437 -0.5627 0.2589 0.3708 0.45 -0.7198 -0.3766 0.6224 -0.0786 -0.7738 0.0875 0.7451 0.3758 -0.5229 0.1736 0.8965 0.0161 0.4415 0.0311 0.6799 0.4343 -0.5395 0.241 0.6312 -0.5656 -0.3644 -0.3857 0.9027 -0.0192 0.4252 -0.0623
0.7678 1.0E-4 -0.6043 -0.213 0.4062 -0.7221 0.5111 -0.2288 0.7847 0.0323 -0.5717 0.2373 0.3708 0.45 -0.7198 -0.3766 0.6224 -0.0786 -0.7738 0.0875 0.7451 0.3758 -0.5229 0.1736 0.8965 0.0161 0.4415 0.0311 0.6958 0.4195 -0.5472 0.201 0.6111 -0.5767 -0.3726 -0.3938 0.9027 -0.0192 0.4252 -0.0623
0.7678 1.0E-4 -0.6043 -0.213 0.4062 -0.7221 0.5111 -0.2288 0.7847 0.0323 -0.5717 0.2373 0.3708 0.45 -0.7198 -0.3766 0.6224 -0.0786 -0.7738 0.0875 0.7451 0.3758 -0.5229 0.1736 0.8965 0.0161 0.4415 0.0311 0.6958 0.4195 -0.5472 0.201 0.6111 -0.5767 -0.3726 -0.3938 0.9042 -0.0083 0.4243 -0.049
0.7678 1.0E-4 -0.6043 -0.213 0.4062 -0.7221 0.5111 -0.2288 0.7847 0.0323 -0.5717 0.2373 0.3708 0.45 -0.7198 -0.3766 0.6224 -0.0786 -0.7738 0.0875 0.7451 0.3758 -0.5229 0.1736 0.8965 0.0161 0.4415 0.0311 0.6958 0.4195 -0.5472 0.201 0.6111 -0.5767 -0.3726 -0.3938 0.9042 -0.0083 0.4243 -0.049
0.7678 1.0E-4 -0.6043 -0.213 0.386 -0.7155 0.5291 -0.2433 0.7847 0.0323 -0.5717 0.2373 0.3708 0.45 -0.7198 -0.3766 0.6224 -0.0786 -0.7738 0.0875 0.7451 0.3758 -0.5229 0.1736 0.8965 0.0161 0.4415 0.0311 0.6958 0.4195 -0.5472 0.201 0.6111 -0.5767 -0.3726 -0.3938 0.9042 -0.0083 0.4243 -0.049
0.7678 1.0E-4 -0.6043 -0.213 0.386 -0.7155 0.5291 -0.2433 0.7847 0.0323 -0.5717 0.2373 0.3527 0.4325 -0.7366 -0.382 0.6224 -0.0786 -0.7738 0.0875 0.7863 0.3718 -0.4827 0.1018 0.8527 0.0425 0.519 0.0407 0.6958 0.4195 -0.5472 0.201 0.6111 -0.5767 -0.3726 -0.3938 0.9042 -0.0083 0.4243 -0.049
0.7678 1.0E-4 -0.6043 -0.213 0.386 -0.7155 0.5291 -0.2433 0.7847 0.0323 -0.5717 0.2373 0.3527 0.4325 -0.7366 -0.382 0.6224 -0.0786 -0.7738 0.0875 0.7863 0.3718 -0.4827 0.1018 0.8527 0.0425 0.519 0.0407 0.6958 0.4195 -0.5472 0.201 0.6111 -0.5767 -0.3726 -0.3938 0.9042 -0.0083 0.4243 -0.049
0.7678 1.0E-4 -0.6043 -0.213 0.386 -0.7155 0.5291 -0.2433 0.7847 0.0323 -0.5717 0.2373 0.3527 0.4325 -0.7366 -0.382 0.6224 -0.0786 -0.7738 0.0875 0.7863 0.3718 -0.4827 0.1018 0.8527 0.0425 0.519 0.0407 0.6958 0.4195 -0.5472 0.201 0.6111 -0.5767 -0.3726 -0.3938 0.9042 -0.0083 0.4243 -0.049
0.7493 -0.0233 -0.6134 -0.2487 0.386 -0.7155 0.5291 -0.2433 0.7885 0.0255 -0.5745 0.218 0.3527 0.4325 -0.7366 -0.382 0.6603 -0.1269 -0.7386 0.0475 0.7863 0.3718 -0.4827 0.1018 0.8527 0.0425 0.519 0.0407 0.6681 0.4127 -0.5859 0.2001 0.5944 -0.6202 -0.3304 -0.3909 0.9042 -0.0083 0.4243 -0.049
0.7493 -0.0233 -0.6134 -0.2487 0.386 -0.7155 0.5291 -0.2433 0.7885 0.0255 -0.5745 0.218 0.3527 0.4325 -0.7366 -0.382 0.6603 -0.1269 -0.7386 0.0475 0.7863 0.3718 -0.4827 0.1018 0.8527 0.0425 0.519 0.0407 0.6681 0.4127 -0.5859 0.2001 0.5944 -0.6202 -0.3304 -0.3909 0.9158 0.0045 0.4003 -0.0332
0.7493 -0.0233 -0.6134 -0.2487 0.386 -0.7155 0.5291 -0.2433 0.7885 0.0255 -0.5745 0.218 0.3527 0.4325 -0.7366 -0.382 0.6603 -0.1269 -0.7386 0.0475 0.7863 0.3718 -0.4827 0.1018 0.8527 0.0425 0.519 0.0407 0.6681 0.4127 -0.5859 0.2001 0.5944 -0.6202 -0.3304 -0.3909 0.9158 0.0045 0.4003 -0.0332
0.7493 -0.0233 -0.6134 -0.2487 0.3801 -0.7055 0.5468 -0.2426 0.7885 0.0255 -0.5745 0.218 0.3527 0.4325 -0.7366 -0.382 0.6603 -0.1269 -0.7386 0.0475 0.7863 0.3718 -0.4827 0.1018 0.8527 0.0425 0.519 0.0407 0.6681 0.4127 -0.5859 0.2001 0.5944 -0.6202 -0.3304 -0.3909 0.9158 0.0045 0.4003 -0.0332
0.7493 -0.0233 -0.6134 -0.2487 0.3801 -0.7055 0.5468 -0.2426 0.7885 0.0255 -0.5745 0.218 0.3527 0.4325 -0.7366 -0.382 0.6603 -0.1269 -0.7386 0.0475 0.7863 0.3718 -0.4827 0.1018 0.8527 0.0425 0.519 0.0407 0.6681 0.4127 -0.5859 0.2001 0.5944 -0.6202 -0.3304 -0.3909 0.9158 0.0045 0.4003 -0.0332
0.7493 -0.0233 -0.6134 -0.2487 0.3801 -0.7055 0.5468 -0.2426 0.7885 0.0255 -0.5745 0.218 0.3401 0.4103 -0.7466 -0.3982 0.6603 -0.1269 -0.7386 0.0475 0.8024 0.3795 -0.4559 0.0651 0.7729 0.105 0.6216 0.0723 0.6681 0.4127 -0.5859 0.2001 0.5944 -0.6202 -0.3304 -0.3909 0.9158 0.0045 0.4003 -0.0332
0.7493 -0.0233 -0.6134 -0.2487 0.3801 -0.7055 0.5468 -0.2426 0.7885 0.0255 -0.5745 0.218 0.3401 0.4103 -0.7466 -0.3982 0.6603 -0.1269 -0.7386 0.0475 0.8024 0.3795 -0.4559 0.0651 0.7729 0.105 0.6216 0.0723 0.6681 0.4127 -0.5859 0.2001 0.5944 -0.6202 -0.3304 -0.3909 0.9158 0.0045 0.4003 -0.0332
0.7493 -0.0233 -0.6134 -0.2487 0.3801 -0.7055 0.5468 -0.2426 0.8007 0.0148 -0.563 0.2042 0.3401 0.4103 -0.7466 -0.3982 0.6603 -0.1269 -0.7386 0.0475 0.8024 0.3795 -0.4559 0.0651 0.7729 0.105 0.6216 0.0723 0.6551 0.3823 -0.6224 0.1932 0.5779 -0.6488 -0.3113 -0.3849 0.9158 0.0045 0.4003 -0.0332
0.7493 -0.0233 -0.6134 -0.2487 0.3801 -0.7055 0.5468 -0.2426 0.8007 0.0148 -0.563 0.2042 0.3401 0.4103 -0.7466 -0.3982 0.6603 -0.1269 -0.7386 0.0475 0.8024 0.3795 -0.4559 0.0651 0.7729 0.105 0.6216 0.0723 0.6551 0.3823 -0.6224 0.1932 0.5779 -0.6488 -0.3113 -0.3849 0.9105 1.0E-4 0.4119 -0.0374
0.7493 -0.0233 -0.6134 -0.2487 0.3801 -0.7055 0.5468 -0.2426 0.8007 0.0148 -0.563 0.2042 0.3401 0.4103 -0.7466 -0.3982 0.6603 -0.1269 -0.7386 0.0475 0.8024 0.3795 -0.4559 0.0651 0.7729 0.105 0.6216 0.0723 0.6551 0.3823 -0.6224 0.1932 0.5779 -0.6488 -0.3113 -0.3849 0.9105 1.0E-4 0.4119 -0.0374
0.7493 -0.0233 -0.6134 -0.2487 0.3801 -0.7055 0.5468 -0.2426 0.8007 0.0148 -0.563 0.2042 0.3401 0.4103 -0.7466 -0.3982 0.6603 -0.1269 -0.7386 0.0475 0.8024 0.3795 -0.4559 0.0651 0.7729 0.105 0.6216 0.0723 0.6551 0.3823 -0.6224 0.1932 0.5779 -0.6488 -0.3113 -0.3849 0.9105 1.0E-4 0.4119 -0.0374
0.7493 -0.0233 -0.6134 -0.2487 0.3775 -0.6891 0.5637 -0.2548 0.8007 0.0148 -0.563 0.2042 0.3363 0.3958 -0.7471 -0.4147 0.6603 -0.1269 -0.7386 0.0475 0.8277 0.2441 -0.5011 0.0652 0.8574 0.0466 0.511 -0.0406 0.6551 0.3823 -0.6224 0.1932 0.5779 -0.6488 -0.3113 -0.3849 0.9105 1.0E-4 0.4119 -0.0374
0.7493 -0.0233 -0.6134 -0.2487 0.3775 -0.6891 0.5637 -0.2548 0.8007 0.0148 -0.563 0.2042 0.3363 0.3958 -0.7471 -0.4147 0.6603 -0.1269 -0.7386 0.0475 0.8277 0.2441 -0.5011 0.0652 0.8574 0.0466 0.511 -0.0406 0.6551 0.3823 -0.6224 0.1932 0.5779 -0.6488 -0.3113 -0.3849 0.9105 1.0E-4 0.4119 -0.0374
0.735 -0.0496 -0.6074 -0.2972 0.3775 -0.6891 0.5637 -0.2548 0.8007 0.0148 -0.563 0.2042 0.3363 0.3958 -0.7471 -0.4147 0.7318 -0.2214 -0.6444 0.0178 0.8277 0.2441 -0.5011 0.0652 0.8574 0.0466 0.511 -0.0406 0.6551 0.3823 -0.6224 0.1932 0.572 -0.6586 -0.3115 -0.3769 0.9105 1.0E-4 0.4119 -0.0374
0.735 -0.0496 -0.6074 -0.2972 0.3775 -0.6891 0.5637 -0.2548 0.8021 -0.0118 -0.5708 0.1751 0.3363 0.3958 -0.7471 -0.4147 0.7318 -0.2214 -0.6444 0.0178 0.8277 0.2441 -0.5011 0.0652 0.8574 0.0466 0.511 -0.0406 0.6351 0.3643 -0.649 0.2065 0.572 -0.6586 -0.3115 -0.3769 0.9105 1.0E-4 0.4119 -0.0374
0.735 -0.0496 -0.6074 -0.2972 0.3775 -0.6891 0.5637 -0.2548 0.8021 -0.0118 -0.5708 0.1751 0.3363 0.3958 -0.7471 -0.4147 0.7318 -0.2214 -0.6444 0.0178 0.8277 0.2441 -0.5011 0.0652 0.8574 0.0466 0.511 -0.0406 0.6351 0.3643 -0.649 0.2065 0.572 -0.6586 -0.3115 -0.3769 0.9012 -0.0057 0.4314 -0.0407
0.735 -0.0496 -0.6074 -0.2972 0.3775 -0.6891 0.5637 -0.2548 0.8021 -0.0118 -0.5708 0.1751 0.3363 0.3958 -0.7471 -0.4147 0.7318 -0.2214 -0.6444 0.0178 0.8277 0.2441 -0.5011 0.0652 0.8574 0.0466 0.511 -0.0406 0.6351 0.3643 -0.649 0.2065 0.572 -0.6586 -0.3115 -0.3769 0.9012 -0.0057 0.4314 -0.0407
0.735 -0.0496 -0.6074 -0.2972 0.3624 -0.673 0.5801 -0.2815 0.8021 -0.0118 -0.5708 0.1751 0.3363 0.3958 -0.7471 -0.4147 0.7318 -0.2214 -0.6444 0.0178 0.8277 0.2441 -0.5011 0.0652 0.8574 0.0466 0.511 -0.0406 0.6351 0.3643 -0.649 0.2065 0.572 -0.6586 -0.3115 -0.3769 0.9012 -0.0057 0.4314 -0.0407
0.735 -0.0496 -0.6074 -0.2972 0.3624 -0.673 0.5801 -0.2815 0.8021 -0.0118 -0.5708 0.1751 0.3363 0.3958 -0.7471 -0.4147 0.7318 -0.2214 -0.6444 0.0178 0.8277 0.2441 -0.5011 0.0652 0.8574 0.0466 0.511 -0.0406 0.6351 0.3643 -0.649 0.2065 0.572 -0.6586 -0.3115 -0.3769 0.9012 -0.0057 0.4314 -0.0407
0.735 -0.0496 -0.6074 -0.2972 0.3624 -0.673 0.5801 -0.2815 0.8021 -0.0118 -0.5708 0.1751 0.3363 0.3958 -0.7471 -0.4147 0.7318 -0.2214 -0.6444 0.0178 0.7886 0.1694 -0.5778 0.1244 0.9081 0.0833 0.4102 -0.0091 0.6351 0.3643 -0.649 0.2065 0.572 -0.6586 -0.3115 -0.3769 0.9012 -0.0057 0.4314 -0.0407
0.735 -0.0496 -0.6074 -0.2972 0.3624 -0.673 0.5801 -0.2815 0.8021 -0.0118 -0.5708 0.1751 0.3363 0.3958 -0.7471 -0.4147 0.7318 -0.2214 -0.6444 0.0178 0.7886 0.1694 -0.5778 0.1244 0.9081 0.0833 0.4102 -0.0091 0.6351 0.3643 -0.649 0.2065 0.572 -0.6586 -0.3115 -0.3769 0.9012 -0.0057 0.4314 -0.0407
0.735 -0.0496 -0.6074 -0.2972 0.3624 -0.673 0.5801 -0.2815 0.802 -0.043 -0.5788 0.1411 0.3363 0.3958 -0.7471 -0.4147 0.7318 -0.2214 -0.6444 0.0178 0.7886 0.1694 -0.5778 0.1244 0.9081 0.0833 0.4102 -0.0091 0.6223 0.3553 -0.661 0.2227 0.5741 -0.6636 -0.3044 -0.3705 0.9012 -0.0057 0.4314 -0.0407
0.735 -0.0496 -0.6074 -0.2972 0.3624 -0.673 0.5801 -0.2815 0.802 -0.043 -0.5788 0.1411 0.3363 0.3958 -0.7471 -0.4147 0.7318 -0.2214 -0.6444 0.0178 0.7886 0.1694 -0.5778 0.1244 0.9081 0.0833 0.4102 -0.0091 0.6223 0.3553 -0.661 0.2227 0.5741 -0.6636 -0.3044 -0.3705 0.8903 -0.0046 0.4536 -0.0414
0.735 -0.0496 -0.6074 -0.2972 0.3525 -0.6675 0.5872 -0.2924 0.802 -0.043 -0.5788 0.1411 0.3363 0.3958 -0.7471 -0.4147 0.7318 -0.2214 -0.6444 0.0178 0.7886 0.1694 -0.5778 0.1244 0.9081 0.0833 0.4102 -0.0091 0.6223 0.3553 -0.661 0.2227 0.5741 -0.6636 -0.3044 -0.3705 0.8903 -0.0046 0.4536 -0.0414
0.735 -0.0496 -0.6074 -0.2972 0.3525 -0.6675 0.5872 -0.2924 0.802 -0.043 -0.5788 0.1411 0.3363 0.3958 -0.7471 -0.4147 0.7318 -0.2214 -0.6444 0.0178 0.7886 0.1694 -0.5778 0.1244 0.9081 0.0833 0.4102 -0.0091 0.6223 0.3553 -0.661 0.2227 0.5741 -0.6636 -0.3044 -0.3705 0.8903 -0.0046 0.4536 -0.0414
0.735 -0.0496 -0.6074 -0.2972 0.3525 -0.6675 0.5872 -0.2924 0.802 -0.043 -0.5788 0.1411 0.306 0.3558 -0.7719 -0.4289 0.7318 -0.2214 -0.6444 0.0178 0.7372 0.1692 -0.6298 0.1767 0.8964 0.1327 0.4094 0.1063 0.6223 0.3553 -0.661 0.2227 0.5741 -0.6636 -0.3044 -0.3705 0.8903 -0.0046 0.4536 -0.0414
0.735 -0.0496 -0.6074 -0.2972 0.3525 -0.6675 0.5872 -0.2924 0.802 -0.043 -0.5788 0.1411 0.306 0.3558 -0.7719 -0.4289 0.7318 -0.2214 -0.6444 0.0178 0.7372 0.1692 -0.6298 0.1767 0.8964 0.1327 0.4094 0.1063 0.6223 0.3553 -0.661 0.2227 0.5741 -0.6636 -0.3044 -0.3705 0.8903 -0.0046 0.4536 -0.0414
0.735 -0.0496 -0.6074 -0.2972 0.3525 -0.6675 0.5872 -0.2924 0.802 -0.043 -0.5788 0.1411 0.306 0.3558 -0.7719 -0.4289 0.7318 -0.2214 -0.6444 0.0178 0.7372 0.1692 -0.6298 0.1767 0.8964 0.1327 0.4094 0.1063 0.6223 0.3553 -0.661 0.2227 0.5741 -0.6636 -0.3044 -0.3705 0.8903 -0.0046 0.4536 -0.0414
0.735 -0.0496 -0.6074 -0.2972 0.3525 -0.6675 0.5872 -0.2924 0.8006 -0.0492 -0.5812 0.1373 0.306 0.3558 -0.7719 -0.4289 0.6685 -0.2662 -0.6924 0.0536 0.7372 0.1692 -0.6298 0.1767 0.8964 0.1327 0.4094 0.1063 0.6208 0.3547 -0.6539 0.2476 0.5882 -0.6686 -0.2897 -0.3509 0.866 -0.0117 0.4977 -0.0474
0.735 -0.0496 -0.6074 -0.2972 0.3525 -0.6675 0.5872 -0.2924 0.8006 -0.0492 -0.5812 0.1373 0.306 0.3558 -0.7719 -0.4289 0.6685 -0.2662 -0.6924 0.0536 0.7372 0.1692 -0.6298 0.1767 0.8964 0.1327 0.4094 0.1063 0.6208 0.3547 -0.6539 0.2476 0.5882 -0.6686 -0.2897 -0.3509 0.866 -0.0117 0.4977 -0.0474
0.735 -0.0496 -0.6074 -0.2972 0.3525 -0.6675 0.5872 -0.2924 0.8006 -0.0492 -0.5812 0.1373 0.306 0.3558 -0.7719 -0.4289 0.6685 -0.2662 -0.6924 0.0536 0.7372 0.1692 -0.6298 0.1767 0.8964 0.1327 0.4094 0.1063 0.6208 0.3547 -0.6539 0.2476 0.5882 -0.6686 -0.2897 -0.3509 0.866 -0.0117 0.4977 -0.0474
0.735 -0.0496 -0.6074 -0.2972 0.354 -0.6805 0.5755 -0.2835 0.8006 -0.0492 -0.5812 0.1373 0.306 0.3558 -0.7719 -0.4289 0.6685 -0.2662 -0.6924 0.0536 0.7372 0.1692 -0.6298 0.1767 0.8964 0.1327 0.4094 0.1063 0.6208 0.3547 -0.6539 0.2476 0.5882 -0.6686 -0.2897 -0.3509 0.866 -0.0117 0.4977 -0.0474
0.735 -0.0496 -0.6074 -0.2972 0.354 -0.6805 0.5755 -0.2835 0.8006 -0.0492 -0.5812 0.1373 0.3165 0.3587 -0.7668 -0.428 0.6685 -0.2662 -0.6924 0.0536 0.7225 0.2507 -0.6079 0.2133 0.9058 0.0598 0.4079 0.0975 0.6208 0.3547 -0.6539 0.2476 0.5882 -0.6686 -0.2897 -0.3509 0.866 -0.0117 0.4977 -0.0474
0.735 -0.0496 -0.6074 -0.2972 0.354 -0.6805 0.5755 -0.2835 0.8006 -0.0492 -0.5812 0.1373 0.3165 0.3587 -0.7668 -0.428 0.6685 -0.2662 -0.6924 0.0536 0.7225 0.2507 -0.6079 0.2133 0.9058 0.0598 0.4079 0.0975 0.6208 0.3547 -0.6539 0.2476 0.5882 -0.6686 -0.2897 -0.3509 0.866 -0.0117 0.4977 -0.0474
0.735 -0.0496 -0.6074 -0.2972 0.354 -0.6805 0.5755 -0.2835 0.8006 -0.0492 -0.5812 0.1373 0.3165 0.3587 -0.7668 -0.428 0.6685 -0.2662 -0.6924 0.0536 0.7225 0.2507 -0.6079 0.2133 0.9058 0.0598 0.4079 0.0975 0.6208 0.3547 -0.6539 0.2476 0.5882 -0.6686 -0.2897 -0.3509 0.866 -0.0117 0.4977 -0.0474
0.735 -0.0496 -0.6074 -0.2972 0.354 -0.6805 0.5755 -0.2835 0.8027 -0.0347 -0.575 0.1544 0.3165 0.3587 -0.7668 -0.428 0.6685 -0.2662 -0.6924 0.0536 0.7225 0.2507 -0.6079 0.2133 0.9058 0.0598 0.4079 0.0975 0.6208 0.3547 -0.6539 0.2476 0.6504 -0.6484 -0.2694 -0.2899 0.866 -0.0117 0.4977 -0.0474
0.735 -0.0496 -0.6074 -0.2972 0.354 -0.6805 0.5755 -0.2835 0.8027 -0.0347 -0.575 0.1544 0.3165 0.3587 -0.7668 -0.428 0.6685 -0.2662 -0.6924 0.0536 0.7225 0.2507 -0.6079 0.2133 0.9058 0.0598 0.4079 0.0975 0.6255 0.3708 -0.6194 0.2959 0.6504 -0.6484 -0.2694 -0.2899 0.816 -0.0769 0.5635 -0.1027
0.735 -0.0496 -0.6074 -0.2972 0.354 -0.6805 0.5755 -0.2835 0.8027 -0.0347 -0.575 0.1544 0.3165 0.3587 -0.7668 -0.428 0.6685 -0.2662 -0.6924 0.0536 0.7225 0.2507 -0.6079 0.2133 0.9058 0.0598 0.4079 0.0975 0.6255 0.3708 -0.6194 0.2959 0.6504 -0.6484 -0.2694 -0.2899 0.816 -0.0769 0.5635 -0.1027
0.735 -0.0496 -0.6074 -0.2972 0.354 -0.6805 0.5755 -0.2835 0.8027 -0.0347 -0.575 0.1544 0.3165 0.3587 -0.7668 -0.428 0.6685 -0.2662 -0.6924 0.0536 0.7225 0.2507 -0.6079 0.2133 0.9058 0.0598 0.4079 0.0975 0.6255 0.3708 -0.6194 0.2959 0.6504 -0.6484 -0.2694 -0.2899 0.816 -0.0769 0.5635 -0.1027
0.735 -0.0496 -0.6074 -0.2972 0.354 -0.6805 0.5755 -0.2835 0.8027 -0.0347 -0.575 0.1544 0.3165 0.3587 -0.7668 -0.428 0.6685 -0.2662 -0.6924 0.0536 0.7225 0.2507 -0.6079 0.2133 0.9058 0.0598 0.4079 0.0975 0.6255 0.3708 -0.6194 0.2959 0.6504 -0.6484 -0.2694 -0.2899 0.816 -0.0769 0.5635 -0.1027
0.735 -0.0496 -0.6074 -0.2972 0.3666 -0.6954 0.5607 -0.2599 0.8027 -0.0347 -0.575 0.1544 0.3255 0.3808 -0.7571 -0.4193 0.6685 -0.2662 -0.6924 0.0536 0.7296 0.317 -0.5672 0.2134 0.9146 0.053 0.3909 0.0888 0.6255 0.3708 -0.6194 0.2959 0.6504 -0.6484 -0.2694 -0.2899 0.816 -0.0769 0.5635 -0.1027
0.735 -0.0496 -0.6074 -0.2972 0.3666 -0.6954 0.5607 -0.2599 0.8027 -0.0347 -0.575 0.1544 0.3255 0.3808 -0.7571 -0.4193 0.6685 -0.2662 -0.6924 0.0536 0.7296 0.317 -0.5672 0.2134 0.9146 0.053 0.3909 0.0888 0.6255 0.3708 -0.6194 0.2959 0.6504 -0.6484 -0.2694 -0.2899 0.816 -0.0769 0.5635 -0.1027
0.735 -0.0496 -0.6074 -0.2972 0.3666 -0.6954 0.5607 -0.2599 0.7993 -0.0135 -0.5771 0.1665 0.3255 0.3808 -0.7571 -0.4193 0.6685 -0.2662 -0.6924 0.0536 0.7296 0.317 -0.5672 0.2134 0.9146 0.053 0.3909 0.0888 0.642 0.3741 -0.5915 0.313 0.6696 -0.6584 -0.2209 -0.2633 0.816 -0.0769 0.5635 -0.1027
0.735 -0.0496 -0.6074 -0.2972 0.3666 -0.6954 0.5607 -0.2599 0.7993 -0.0135 -0.5771 0.1665 0.3255 0.3808 -0.7571 -0.4193 0.6685 -0.2662 -0.6924 0.0536 0.7296 0.317 -0.5672 0.2134 0.9146 0.053 0.3909 0.0888 0.642 0.3741 -0.5915 0.313 0.6696 -0.6584 -0.2209 -0.2633 0.7368 -0.1294 0.6459 -0.1524
0.735 -0.0496 -0.6074 -0.2972 0.3666 -0.6954 0.5607 -0.2599 0.7993 -0.0135 -0.5771 0.1665 0.3255 0.3808 -0.7571 -0.4193 0.6685 -0.2662 -0.6924 0.0536 0.7296 0.317 -0.5672 0.2134 0.9146 0.053 0.3909 0.0888 0.642 0.3741 -0.5915 0.313 0.6696 -0.6584 -0.2209 -0.2633 0.7368 -0.1294 0.6459 -0.1524
0.735 -0.0496 -0.6074 -0.2972 0.3804 -0.7024 0.5519 -0.2394 0.7993 -0.0135 -0.5771 0.1665 0.3228 0.393 -0.7535 -0.4167 0.6685 -0.2662 -0.6924 0.0536 0.7296 0.317 -0.5672 0.2134 0.9146 0.053 0.3909 0.0888 0.642 0.3741 -0.5915 0.313 0.6696 -0.6584 -0.2209 -0.2633 0.7368 -0.1294 0.6459 -0.1524
0.735 -0.0496 -0.6074 -0.2972 0.3804 -0.7024 0.5519 -0.2394 0.7993 -0.0135 -0.5771 0.1665 0.3228 0.393 -0.7535 -0.4167 0.6685 -0.2662 -0.6924 0.0536 0.7225 0.3596 -0.5518 0.2103 0.9119 0.053 0.3969 0.0895 0.642 0.3741 -0.5915 0.313 0.6696 -0.6584 -0.2209 -0.2633 0.7368 -0.1294 0.6459 -0.1524
0.735 -0.0496 -0.6074 -0.2972 0.3804 -0.7024 0.5519 -0.2394 0.7993 -0.0135 -0.5771 0.1665 0.3228 0.393 -0.7535 -0.4167 0.6685 -0.2662 -0.6924 0.0536 0.7225 0.3596 -0.5518 0.2103 0.9119 0.053 0.3969 0.0895 0.642 0.3741 -0.5915 0.313 0.6696 -0.6584 -0.2209 -0.2633 0.7368 -0.1294 0.6459 -0.1524
0.735 -0.0496 -0.6074 -0.2972 0.3804 -0.7024 0.5519 -0.2394 0.7993 -0.0135 -0.5771 0.1665 0.3228 0.393 -0.7535 -0.4167 0.6685 -0.2662 -0.6924 0.0536 0.7225 0.3596 -0.5518 0.2103 0.9119 0.053 0.3969 0.0895 0.642 0.3741 -0.5915 0.313 0.6696 -0.6584 -0.2209 -0.2633 0.7368 -0.1294 0.6459 -0.1524
0.735 -0.0496 -0.6074 -0.2972 0.3804 -0.7024 0.5519 -0.2394 0.8026 0.0074 -0.5657 0.1888 0.3228 0.393 -0.7535 -0.4167 0.6685 -0.2662 -0.6924 0.0536 0.7225 0.3596 -0.5518 0.2103 0.9119 0.053 0.3969 0.0895 0.6628 0.3877 -0.571 0.2902 0.6423 -0.6894 -0.1782 -0.2835 0.7368 -0.1294 0.6459 -0.1524
0.735 -0.0496 -0.6074 -0.2972 0.3804 -0.7024 0.5519 -0.2394 0.8026 0.0074 -0.5657 0.1888 0.3228 0.393 -0.7535 -0.4167 0.6685 -0.2662 -0.6924 0.0536 0.7225 0.3596 -0.5518 0.2103 0.9119 0.053 0.3969 0.0895 0.6628 0.3877 -0.571 0.2902 0.6423 -0.6894 -0.1782 -0.2835 0.7561 -0.0832 0.6318 -0.1489
0.735 -0.0496 -0.6074 -0.2972 0.3804 -0.7024 0.5519 -0.2394 0.8026 0.0074 -0.5657 0.1888 0.3228 0.393 -0.7535 -0.4167 0.6685 -0.2662 -0.6924 0.0536 0.7225 0.3596 -0.5518 0.2103 0.9119 0.053 0.3969 0.0895 0.6628 0.3877 -0.571 0.2902 0.6423 -0.6894 -0.1782 -0.2835 0.7561 -0.0832 0.6318 -0.1489
0.735 -0.0496 -0.6074 -0.2972 0.3818 -0.7161 0.5409 -0.2213 0.8026 0.0074 -0.5657 0.1888 0.3228 0.393 -0.7535 -0.4167 0.6685 -0.2662 -0.6924 0.0536 0.7225 0.3596 -0.5518 0.2103 0.9119 0.053 0.3969 0.0895 0.6628 0.3877 -0.571 0.2902 0.6423 -0.6894 -0.1782 -0.2835 0.7561 -0.0832 0.6318 -0.1489
0.735 -0.0496 -0.6074 -0.2972 0.3818 -0.7161 0.5409 -0.2213 0.8026 0.0074 -0.5657 0.1888 0.3405 0.4063 -0.7388 -0.4161 0.6685 -0.2662 -0.6924 0.0536 0.7209 0.3636 -0.5568 0.1949 0.9119 0.053 0.3969 0.0895 0.6628 0.3877 -0.571 0.2902 0.6423 -0.6894 -0.1782 -0.2835 0.7561 -0.0832 0.6318 -0.1489
0.735 -0.0496 -0.6074 -0.2972 0.3818 -0.7161 0.5409 -0.2213 0.8026 0.0074 -0.5657 0.1888 0.3405 0.4063 -0.7388 -0.4161 0.6144 -0.1252 -0.7759 0.0689 0.7209 0.3636 -0.5568 0.1949 0.9119 0.053 0.3969 0.0895 0.6628 0.3877 -0.571 0.2902 0.6423 -0.6894 -0.1782 -0.2835 0.7561 -0.0832 0.6318 -0.1489
0.7406 -0.0233 -0.6256 -0.244 0.3818 -0.7161 0.5409 -0.2213 0.8016 0.0146 -0.559 0.2115 0.3405 0.4063 -0.7388 -0.4161 0.6144 -0.1252 -0.7759 0.0689 0.7209 0.3636 -0.5568 0.1949 0.9119 0.053 0.3969 0.0895 0.6628 0.3877 -0.571 0.2902 0.6423 -0.6894 -0.1782 -0.2835 0.7561 -0.0832 0.6318 -0.1489
0.7406 -0.0233 -0.6256 -0.244 0.3818 -0.7161 0.5409 -0.2213 0.8016 0.0146 -0.559 0.2115 0.3405 0.4063 -0.7388 -0.4161 0.6144 -0.1252 -0.7759 0.0689 0.7209 0.3636 -0.5568 0.1949 0.9119 0.053 0.3969 0.0895 0.6823 0.4096 -0.5438 0.2666 0.6423 -0.6894 -0.1782 -0.2835 0.7561 -0.0832 0.6318 -0.1489
0.7406 -0.0233 -0.6256 -0.244 0.3818 -0.7161 0.5409 -0.2213 0.8016 0.0146 -0.559 0.2115 0.3405 0.4063 -0.7388 -0.4161 0.6144 -0.1252 -0.7759 0.0689 0.7209 0.3636 -0.5568 0.1949 0.9119 0.053 0.3969 0.0895 0.6823 0.4096 -0.5438 0.2666 0.6423 -0.6894 -0.1782 -0.2835 0.8624 -0.0509 0.4911 -0.1116
0.7406 -0.0233 -0.6256 -0.244 0.3818 -0.7161 0.5409 -0.2213 0.8016 0.0146 -0.559 0.2115 0.3405 0.4063 -0.7388 -0.4161 0.6144 -0.1252 -0.7759 0.0689 0.7209 0.3636 -0.5568 0.1949 0.9119 0.053 0.3969 0.0895 0.6823 0.4096 -0.5438 0.2666 0.6423 -0.6894 -0.1782 -0.2835 0.8624 -0.0509 0.4911 -0.1116
0.7406 -0.0233 -0.6256 -0.244 0.3815 -0.7258 0.5294 -0.218 0.8016 0.0146 -0.559 0.2115 0.3405 0.4063 -0.7388 -0.4161 0.6144 -0.1252 -0.7759 0.0689 0.7209 0.3636 -0.5568 0.1949 0.9119 0.053 0.3969 0.0895 0.6823 0.4096 -0.5438 0.2666 0.6423 -0.6894 -0.1782 -0.2835 0.8624 -0.0509 0.4911 -0.1116
0.7406 -0.0233 -0.6256 -0.244 0.3815 -0.7258 0.5294 -0.218 0.8016 0.0146 -0.559 0.2115 0.3565 0.416 -0.7265 -0.4149 0.6144 -0.1252 -0.7759 0.0689 0.7209 0.3636 -0.5568 0.1949 0.876 0.0711 0.4693 0.0857 0.6823 0.4096 -0.5438 0.2666 0.6423 -0.6894 -0.1782 -0.2835 0.8624 -0.0509 0.4911 -0.1116
0.7406 -0.0233 -0.6256 -0.244 0.3815 -0.7258 0.5294 -0.218 0.8016 0.0146 -0.559 0.2115 0.3565 0.416 -0.7265 -0.4149 0.6144 -0.1252 -0.7759 0.0689 0.7209 0.3636 -0.5568 0.1949 0.876 0.0711 0.4693 0.0857 0.6823 0.4096 -0.5438 0.2666 0.6423 -0.6894 -0.1782 -0.2835 0.8624 -0.0509 0.4911 -0.1116
0.7372 -0.0066 -0.6331 -0.236 0.3815 -0.7258 0.5294 -0.218 0.8021 0.0075 -0.5521 0.2279 0.3565 0.416 -0.7265 -0.4149 0.6238 -0.1188 -0.7714 0.0406 0.7209 0.3636 -0.5568 0.1949 0.876 0.0711 0.4693 0.0857 0.6823 0.4096 -0.5438 0.2666 0.6423 -0.6894 -0.1782 -0.2835 0.8624 -0.0509 0.4911 -0.1116
0.7372 -0.0066 -0.6331 -0.236 0.3815 -0.7258 0.5294 -0.218 0.8021 0.0075 -0.5521 0.2279 0.3565 0.416 -0.7265 -0.4149 0.6238 -0.1188 -0.7714 0.0406 0.7209 0.3636 -0.5568 0.1949 0.876 0.0711 0.4693 0.0857 0.6749 0.4336 -0.5522 0.2271 0.6423 -0.6894 -0.1782 -0.2835 0.8624 -0.0509 0.4911 -0.1116
0.7372 -0.0066 -0.6331 -0.236 0.3815 -0.7258 0.5294 -0.218 0.8021 0.0075 -0.5521 0.2279 0.3565 0.416 -0.7265 -0.4149 0.6238 -0.1188 -0.7714 0.0406 0.7209 0.3636 -0.5568 0.1949 0.876 0.0711 0.4693 0.0857 0.6749 0.4336 -0.5522 0.2271 0.6423 -0.6894 -0.1782 -0.2835 0.9074 -0.0529 0.3937 -0.1371
0.7372 -0.0066 -0.6331 -0.236 0.3815 -0.7258 0.5294 -0.218 0.8021 0.0075 -0.5521 0.2279 0.3565 0.416 -0.7265 -0.4149 0.6238 -0.1188 -0.7714 0.0406 0.7209 0.3636 -0.5568 0.1949 0.876 0.0711 0.4693 0.0857 0.6749 0.4336 -0.5522 0.2271 0.6423 -0.6894 -0.1782 -0.2835 0.9074 -0.0529 0.3937 -0.1371
0.7372 -0.0066 -0.6331 -0.236 0.3815 -0.7258 0.5294 -0.218 0.8021 0.0075 -0.5521 0.2279 0.3565 0.416 -0.7265 -0.4149 0.6238 -0.1188 -0.7714 0.0406 0.7209 0.3636 -0.5568 0.1949 0.876 0.0711 0.4693 0.0857 0.6749 0.4336 -0.5522 0.2271 0.6423 -0.6894 -0.1782 -0.2835 0.9074 -0.0529 0.3937 -0.1371
0.7372 -0.0066 -0.6331 -0.236 0.3815 -0.7258 0.5294 -0.218 0.8021 0.0075 -0.5521 0.2279 0.3565 0.416 -0.7265 -0.4149 0.6238 -0.1188 -0.7714 0.0406 0.7209 0.3636 -0.5568 0.1949 0.876 0.0711 0.4693 0.0857 0.6749 0.4336 -0.5522 0.2271 0.6423 -0.6894 -0.1782 -0.2835 0.9074 -0.0529 0.3937 -0.1371
0.7335 -0.0228 -0.634 -0.2441 0.3779 -0.7208 0.5372 -0.2216 0.8021 0.0075 -0.5521 0.2279 0.3459 0.4059 -0.7347 -0.4193 0.6351 -0.1373 -0.7596 0.028 0.7561 0.3783 -0.5218 0.1136 0.8454 0.0674 0.5242 0.0775 0.6749 0.4336 -0.5522 0.2271 0.6423 -0.6894 -0.1782 -0.2835 0.9074 -0.0529 0.3937 -0.1371
0.7335 -0.0228 -0.634 -0.2441 0.3779 -0.7208 0.5372 -0.2216 0.8021 0.0075 -0.5521 0.2279 0.3459 0.4059 -0.7347 -0.4193 0.6351 -0.1373 -0.7596 0.028 0.7561 0.3783 -0.5218 0.1136 0.8454 0.0674 0.5242 0.0775 0.6749 0.4336 -0.5522 0.2271 0.6423 -0.6894 -0.1782 -0.2835 0.9074 -0.0529 0.3937 -0.1371
0.7335 -0.0228 -0.634 -0.2441 0.3779 -0.7208 0.5372 -0.2216 0.8077 0.0037 -0.5508 0.2106 0.3459 0.4059 -0.7347 -0.4193 0.6351 -0.1373 -0.7596 0.028 0.7561 0.3783 -0.5218 0.1136 0.8454 0.0674 0.5242 0.0775 0.6891 0.4139 -0.5696 0.1717 0.5626 -0.6149 -0.3793 -0.4018 0.9074 -0.0529 0.3937 -0.1371
0.7335 -0.0228 -0.634 -0.2441 0.3779 -0.7208 0.5372 -0.2216 0.8077 0.0037 -0.5508 0.2106 0.3459 0.4059 -0.7347 -0.4193 0.6351 -0.1373 -0.7596 0.028 0.7561 0.3783 -0.5218 0.1136 0.8454 0.0674 0.5242 0.0775 0.6891 0.4139 -0.5696 0.1717 0.5626 -0.6149 -0.3793 -0.4018 0.9106 0.0048 0.4055 -0.0804
0.7335 -0.0228 -0.634 -0.2441 0.3779 -0.7208 0.5372 -0.2216 0.8077 0.0037 -0.5508 0.2106 0.3459 0.4059 -0.7347 -0.4193 0.6351 -0.1373 -0.7596 0.028 0.7561 0.3783 -0.5218 0.1136 0.8454 0.0674 0.5242 0.0775 0.6891 0.4139 -0.5696 0.1717 0.5626 -0.6149 -0.3793 -0.4018 0.9106 0.0048 0.4055 -0.0804
0.7335 -0.0228 -0.634 -0.2441 0.3779 -0.7208 0.5372 -0.2216 0.8077 0.0037 -0.5508 0.2106 0.3459 0.4059 -0.7347 -0.4193 0.6351 -0.1373 -0.7596 0.028 0.7561 0.3783 -0.5218 0.1136 0.8454 0.0674 0.5242 0.0775 0.6891 0.4139 -0.5696 0.1717 0.5626 -0.6149 -0.3793 -0.4018 0.9106 0.0048 0.4055 -0.0804
0.7335 -0.0228 -0.634 -0.2441 0.3779 -0.7208 0.5372 -0.2216 0.8077 0.0037 -0.5508 0.2106 0.3459 0.4059 -0.7347 -0.4193 0.6351 -0.1373 -0.7596 0.028 0.7561 0.3783 -0.5218 0.1136 0.8454 0.0674 0.5242 0.0775 0.6891 0.4139 -0.5696 0.1717 0.5626 -0.6149 -0.3793 -0.4018 0.9106 0.0048 0.4055 -0.0804
0.7335 -0.0228 -0.634 -0.2441 0.3667 -0.7083 0.5594 -0.2255 0.8077 0.0037 -0.5508 0.2106 0.3329 0.3964 -0.7353 -0.4374 0.6351 -0.1373 -0.7596 0.028 0.7796 0.4229 -0.4587 0.0546 0.7747 0.0801 0.6224 0.0781 0.6891 0.4139 -0.5696 0.1717 0.5626 -0.6149 -0.3793 -0.4018 0.9106 0.0048 0.4055 -0.0804
0.7335 -0.0228 -0.634 -0.2441 0.3667 -0.7083 0.5594 -0.2255 0.8077 0.0037 -0.5508 0.2106 0.3329 0.3964 -0.7353 -0.4374 0.6351 -0.1373 -0.7596 0.028 0.7796 0.4229 -0.4587 0.0546 0.7747 0.0801 0.6224 0.0781 0.6891 0.4139 -0.5696 0.1717 0.5626 -0.6149 -0.3793 -0.4018 0.9106 0.0048 0.4055 -0.0804
0.7261 -0.0456 -0.6356 -0.2583 0.3667 -0.7083 0.5594 -0.2255 0.8047 0.0082 -0.5672 0.1752 0.3329 0.3964 -0.7353 -0.4374 0.6472 -0.1631 -0.744 0.0309 0.7796 0.4229 -0.4587 0.0546 0.7747 0.0801 0.6224 0.0781 0.675 0.3983 -0.5963 0.1737 0.5445 -0.668 -0.3225 -0.3915 0.9106 0.0048 0.4055 -0.0804
0.7261 -0.0456 -0.6356 -0.2583 0.3667 -0.7083 0.5594 -0.2255 0.8047 0.0082 -0.5672 0.1752 0.3329 0.3964 -0.7353 -0.4374 0.6472 -0.1631 -0.744 0.0309 0.7796 0.4229 -0.4587 0.0546 0.7747 0.0801 0.6224 0.0781 0.675 0.3983 -0.5963 0.1737 0.5445 -0.668 -0.3225 -0.3915 0.909 0.0114 0.4105 -0.0718
0.7261 -0.0456 -0.6356 -0.2583 0.3667 -0.7083 0.5594 -0.2255 0.8047 0.0082 -0.5672 0.1752 0.3329 0.3964 -0.7353 -0.4374 0.6472 -0.1631 -0.744 0.0309 0.7796 0.4229 -0.4587 0.0546 0.7747 0.0801 0.6224 0.0781 0.675 0.3983 -0.5963 0.1737 0.5445 -0.668 -0.3225 -0.3915 0.909 0.0114 0.4105 -0.0718
0.7261 -0.0456 -0.6356 -0.2583 0.3667 -0.7083 0.5594 -0.2255 0.8047 0.0082 -0.5672 0.1752 0.3329 0.3964 -0.7353 -0.4374 0.6472 -0.1631 -0.744 0.0309 0.7796 0.4229 -0.4587 0.0546 0.7747 0.0801 0.6224 0.0781 0.675 0.3983 -0.5963 0.1737 0.5445 -0.668 -0.3225 -0.3915 0.909 0.0114 0.4105 -0.0718
0.7261 -0.0456 -0.6356 -0.2583 0.3711 -0.7084 0.5549 -0.2289 0.8047 0.0082 -0.5672 0.1752 0.3334 0.4075 -0.7345 -0.4281 0.6472 -0.1631 -0.744 0.0309 0.7796 0.4229 -0.4587 0.0546 0.7747 0.0801 0.6224 0.0781 0.675 0.3983 -0.5963 0.1737 0.5445 -0.668 -0.3225 -0.3915 0.909 0.0114 0.4105 -0.0718
0.7261 -0.0456 -0.6356 -0.2583 0.3711 -0.7084 0.5549 -0.2289 0.8047 0.0082 -0.5672 0.1752 0.3334 0.4075 -0.7345 -0.4281 0.6472 -0.1631 -0.744 0.0309 0.7796 0.4229 -0.4587 0.0546 0.7747 0.0801 0.6224 0.0781 0.675 0.3983 -0.5963 0.1737 0.5445 -0.668 -0.3225 -0.3915 0.909 0.0114 0.4105 -0.0718
0.7261 -0.0456 -0.6356 -0.2583 0.3711 -0.7084 0.5549 -0.2289 0.8047 0.0082 -0.5672 0.1752 0.3334 0.4075 -0.7345 -0.4281 0.6706 -0.1521 -0.726 0.01 0.7796 0.4229 -0.4587 0.0546 0.7524 0.1087 0.6433 0.0911 0.675 0.3983 -0.5963 0.1737 0.5445 -0.668 -0.3225 -0.3915 0.909 0.0114 0.4105 -0.0718
0.7261 -0.0456 -0.6356 -0.2583 0.3711 -0.7084 0.5549 -0.2289 0.8058 0.0093 -0.5576 0.1993 0.3334 0.4075 -0.7345 -0.4281 0.6706 -0.1521 -0.726 0.01 0.7796 0.4229 -0.4587 0.0546 0.7524 0.1087 0.6433 0.0911 0.6475 0.3823 -0.6285 0.1989 0.5308 -0.6805 -0.3122 -0.3972 0.909 0.0114 0.4105 -0.0718
0.7261 -0.0456 -0.6356 -0.2583 0.3711 -0.7084 0.5549 -0.2289 0.8058 0.0093 -0.5576 0.1993 0.3334 0.4075 -0.7345 -0.4281 0.6706 -0.1521 -0.726 0.01 0.7796 0.4229 -0.4587 0.0546 0.7524 0.1087 0.6433 0.0911 0.6475 0.3823 -0.6285 0.1989 0.5308 -0.6805 -0.3122 -0.3972 0.8917 0.0029 0.4453 -0.0816
0.7261 -0.0456 -0.6356 -0.2583 0.3711 -0.7084 0.5549 -0.2289 0.8058 0.0093 -0.5576 0.1993 0.3334 0.4075 -0.7345 -0.4281 0.6706 -0.1521 -0.726 0.01 0.7796 0.4229 -0.4587 0.0546 0.7524 0.1087 0.6433 0.0911 0.6475 0.3823 -0.6285 0.1989 0.5308 -0.6805 -0.3122 -0.3972 0.8917 0.0029 0.4453 -0.0816
0.7261 -0.0456 -0.6356 -0.2583 0.3711 -0.7084 0.5549 -0.2289 0.8058 0.0093 -0.5576 0.1993 0.3334 0.4075 -0.7345 -0.4281 0.6706 -0.1521 -0.726 0.01 0.7796 0.4229 -0.4587 0.0546 0.7524 0.1087 0.6433 0.0911 0.6475 0.3823 -0.6285 0.1989 0.5308 -0.6805 -0.3122 -0.3972 0.8917 0.0029 0.4453 -0.0816
0.7261 -0.0456 -0.6356 -0.2583 0.3711 -0.7084 0.5549 -0.2289 0.8058 0.0093 -0.5576 0.1993 0.3334 0.4075 -0.7345 -0.4281 0.6706 -0.1521 -0.726 0.01 0.7796 0.4229 -0.4587 0.0546 0.7524 0.1087 0.6433 0.0911 0.6475 0.3823 -0.6285 0.1989 0.5308 -0.6805 -0.3122 -0.3972 0.8917 0.0029 0.4453 -0.0816
0.7261 -0.0456 -0.6356 -0.2583 0.3848 -0.7009 0.5526 -0.2353 0.8058 0.0093 -0.5576 0.1993 0.3432 0.3998 -0.7361 -0.4247 0.6706 -0.1521 -0.726 0.01 0.8097 0.3401 -0.4745 0.0595 0.8173 0.074 0.5711 0.0196 0.6475 0.3823 -0.6285 0.1989 0.5308 -0.6805 -0.3122 -0.3972 0.8917 0.0029 0.4453 -0.0816
0.7261 -0.0456 -0.6356 -0.2583 0.3848 -0.7009 0.5526 -0.2353 0.8058 0.0093 -0.5576 0.1993 0.3432 0.3998 -0.7361 -0.4247 0.6706 -0.1521 -0.726 0.01 0.8097 0.3401 -0.4745 0.0595 0.8173 0.074 0.5711 0.0196 0.6475 0.3823 -0.6285 0.1989 0.5308 -0.6805 -0.3122 -0.3972 0.8917 0.0029 0.4453 -0.0816
0.7261 -0.0456 -0.6356 -0.2583 0.3848 -0.7009 0.5526 -0.2353 0.8034 -0.0114 -0.5646 0.1888 0.3432 0.3998 -0.7361 -0.4247 0.6706 -0.1521 -0.726 0.01 0.8097 0.3401 -0.4745 0.0595 0.8173 0.074 0.5711 0.0196 0.6298 0.3658 -0.6482 0.2224 0.534 -0.6779 -0.316 -0.3942 0.8917 0.0029 0.4453 -0.0816
0.7261 -0.0456 -0.6356 -0.2583 0.3848 -0.7009 0.5526 -0.2353 0.8034 -0.0114 -0.5646 0.1888 0.3432 0.3998 -0.7361 -0.4247 0.6706 -0.1521 -0.726 0.01 0.8097 0.3401 -0.4745 0.0595 0.8173 0.074 0.5711 0.0196 0.6298 0.3658 -0.6482 0.2224 0.534 -0.6779 -0.316 -0.3942 0.8858 -0.0014 0.4565 -0.0837
0.7261 -0.0456 -0.6356 -0.2583 0.3848 -0.7009 0.5526 -0.2353 0.8034 -0.0114 -0.5646 0.1888 0.3432 0.3998 -0.7361 -0.4247 0.6706 -0.1521 -0.726 0.01 0.8097 0.3401 -0.4745 0.0595 0.8173 0.074 0.5711 0.0196 0.6298 0.3658 -0.6482 0.2224 0.534 -0.6779 -0.316 -0.3942 0.8858 -0.0014 0.4565 -0.0837
0.7261 -0.0456 -0.6356 -0.2583 0.3848 -0.7009 0.5526 -0.2353 0.8034 -0.0114 -0.5646 0.1888 0.3432 0.3998 -0.7361 -0.4247 0.6706 -0.1521 -0.726 0.01 0.8097 0.3401 -0.4745 0.0595 0.8173 0.074 0.5711 0.0196 0.6298 0.3658 -0.6482 0.2224 0.534 -0.6779 -0.316 -0.3942 0.8858 -0.0014 0.4565 -0.0837
0.7261 -0.0456 -0.6356 -0.2583 0.3624 -0.6944 0.5634 -0.2629 0.8034 -0.0114 -0.5646 0.1888 0.3328 0.3848 -0.7491 -0.4244 0.6706 -0.1521 -0.726 0.01 0.809 0.2385 -0.5222 0.1265 0.8173 0.074 0.5711 0.0196 0.6298 0.3658 -0.6482 0.2224 0.534 -0.6779 -0.316 -0.3942 0.8858 -0.0014 0.4565 -0.0837
0.7261 -0.0456 -0.6356 -0.2583 0.3624 -0.6944 0.5634 -0.2629 0.8034 -0.0114 -0.5646 0.1888 0.3328 0.3848 -0.7491 -0.4244 0.6706 -0.1521 -0.726 0.01 0.809 0.2385 -0.5222 0.1265 0.8819 0.0358 0.47 0.0129 0.6298 0.3658 -0.6482 0.2224 0.534 -0.6779 -0.316 -0.3942 0.8858 -0.0014 0.4565 -0.0837
0.7261 -0.0456 -0.6356 -0.2583 0.3624 -0.6944 0.5634 -0.2629 0.8034 -0.0114 -0.5646 0.1888 0.3328 0.3848 -0.7491 -0.4244 0.6706 -0.1521 -0.726 0.01 0.809 0.2385 -0.5222 0.1265 0.8819 0.0358 0.47 0.0129 0.6298 0.3658 -0.6482 0.2224 0.534 -0.6779 -0.316 -0.3942 0.8858 -0.0014 0.4565 -0.0837
0.7233 -0.0319 -0.6243 -0.2935 0.3624 -0.6944 0.5634 -0.2629 0.8008 -0.0319 -0.5732 0.1709 0.3328 0.3848 -0.7491 -0.4244 0.717 -0.2334 -0.6568 -0.007 0.809 0.2385 -0.5222 0.1265 0.8819 0.0358 0.47 0.0129 0.6223 0.3567 -0.6581 0.2291 0.5435 -0.6841 -0.2986 -0.3839 0.8858 -0.0014 0.4565 -0.0837
0.7233 -0.0319 -0.6243 -0.2935 0.3624 -0.6944 0.5634 -0.2629 0.8008 -0.0319 -0.5732 0.1709 0.3328 0.3848 -0.7491 -0.4244 0.717 -0.2334 -0.6568 -0.007 0.809 0.2385 -0.5222 0.1265 0.8819 0.0358 0.47 0.0129 0.6223 0.3567 -0.6581 0.2291 0.5435 -0.6841 -0.2986 -0.3839 0.8749 0.0119 0.478 -0.0776
0.7233 -0.0319 -0.6243 -0.2935 0.3624 -0.6944 0.5634 -0.2629 0.8008 -0.0319 -0.5732 0.1709 0.3328 0.3848 -0.7491 -0.4244 0.717 -0.2334 -0.6568 -0.007 0.809 0.2385 -0.5222 0.1265 0.8819 0.0358 0.47 0.0129 0.6223 0.3567 -0.6581 0.2291 0.5435 -0.6841 -0.2986 -0.3839 0.8749 0.0119 0.478 -0.0776
0.7233 -0.0319 -0.6243 -0.2935 0.3502 -0.6924 0.5689 -0.2726 0.8008 -0.0319 -0.5732 0.1709 0.3328 0.3848 -0.7491 -0.4244 0.717 -0.2334 -0.6568 -0.007 0.809 0.2385 -0.5222 0.1265 0.8819 0.0358 0.47 0.0129 0.6223 0.3567 -0.6581 0.2291 0.5435 -0.6841 -0.2986 -0.3839 0.8749 0.0119 0.478 -0.0776
0.7233 -0.0319 -0.6243 -0.2935 0.3502 -0.6924 0.5689 -0.2726 0.8008 -0.0319 -0.5732 0.1709 0.322 0.3689 -0.7672 -0.4144 0.717 -0.2334 -0.6568 -0.007 0.7671 0.2089 -0.5642 0.2228 0.9016 0.0459 0.4161 0.1089 0.6223 0.3567 -0.6581 0.2291 0.5435 -0.6841 -0.2986 -0.3839 0.8749 0.0119 0.478 -0.0776
0.7233 -0.0319 -0.6243 -0.2935 0.3502 -0.6924 0.5689 -0.2726 0.8008 -0.0319 -0.5732 0.1709 0.322 0.3689 -0.7672 -0.4144 0.717 -0.2334 -0.6568 -0.007 0.7671 0.2089 -0.5642 0.2228 0.9016 0.0459 0.4161 0.1089 0.6223 0.3567 -0.6581 0.2291 0.5435 -0.6841 -0.2986 -0.3839 0.8749 0.0119 0.478 -0.0776
0.7233 -0.0319 -0.6243 -0.2935 0.3502 -0.6924 0.5689 -0.2726 0.8008 -0.0319 -0.5732 0.1709 0.322 0.3689 -0.7672 -0.4144 0.717 -0.2334 -0.6568 -0.007 0.7671 0.2089 -0.5642 0.2228 0.9016 0.0459 0.4161 0.1089 0.6223 0.3567 -0.6581 0.2291 0.5435 -0.6841 -0.2986 -0.3839 0.8749 0.0119 0.478 -0.0776
0.7233 -0.0319 -0.6243 -0.2935 0.3502 -0.6924 0.5689 -0.2726 0.7961 -0.0445 -0.5807 0.1644 0.322 0.3689 -0.7672 -0.4144 0.717 -0.2334 -0.6568 -0.007 0.7671 0.2089 -0.5642 0.2228 0.9016 0.0459 0.4161 0.1089 0.6205 0.3491 -0.6563 0.2498 0.5634 -0.6853 -0.2781 -0.3682 0.8749 0.0119 0.478 -0.0776
0.7233 -0.0319 -0.6243 -0.2935 0.3502 -0.6924 0.5689 -0.2726 0.7961 -0.0445 -0.5807 0.1644 0.322 0.3689 -0.7672 -0.4144 0.717 -0.2334 -0.6568 -0.007 0.7671 0.2089 -0.5642 0.2228 0.9016 0.0459 0.4161 0.1089 0.6205 0.3491 -0.6563 0.2498 0.5634 -0.6853 -0.2781 -0.3682 0.8568 0.0155 0.5096 -0.0778
0.7233 -0.0319 -0.6243 -0.2935 0.3502 -0.6924 0.5689 -0.2726 0.7961 -0.0445 -0.5807 0.1644 0.322 0.3689 -0.7672 -0.4144 0.717 -0.2334 -0.6568 -0.007 0.7671 0.2089 -0.5642 0.2228 0.9016 0.0459 0.4161 0.1089 0.6205 0.3491 -0.6563 0.2498 0.5634 -0.6853 -0.2781 -0.3682 0.8568 0.0155 0.5096 -0.0778
0.7233 -0.0319 -0.6243 -0.2935 0.3466 -0.699 0.5664 -0.2654 0.7961 -0.0445 -0.5807 0.1644 0.322 0.3689 -0.7672 -0.4144 0.717 -0.2334 -0.6568 -0.007 0.7671 0.2089 -0.5642 0.2228 0.9016 0.0459 0.4161 0.1089 0.6205 0.3491 -0.6563 0.2498 0.5634 -0.6853 -0.2781 -0.3682 0.8568 0.0155 0.5096 -0.0778
0.7233 -0.0319 -0.6243 -0.2935 0.3466 -0.699 0.5664 -0.2654 0.7961 -0.0445 -0.5807 0.1644 0.3183 0.371 -0.7679 -0.4139 0.717 -0.2334 -0.6568 -0.007 0.7671 0.2089 -0.5642 0.2228 0.8933 0.0264 0.4294 0.1299 0.6205 0.3491 -0.6563 0.2498 0.5634 -0.6853 -0.2781 -0.3682 0.8568 0.0155 0.5096 -0.0778
0.7233 -0.0319 -0.6243 -0.2935 0.3466 -0.699 0.5664 -0.2654 0.7961 -0.0445 -0.5807 0.1644 0.3183 0.371 -0.7679 -0.4139 0.717 -0.2334 -0.6568 -0.007 0.7671 0.2089 -0.5642 0.2228 0.8933 0.0264 0.4294 0.1299 0.6205 0.3491 -0.6563 0.2498 0.5634 -0.6853 -0.2781 -0.3682 0.8568 0.0155 0.5096 -0.0778
0.7221 -0.0294 -0.6223 -0.3007 0.3466 -0.699 0.5664 -0.2654 0.7961 -0.0445 -0.5807 0.1644 0.3183 0.371 -0.7679 -0.4139 0.6388 -0.197 -0.7319 0.1323 0.7671 0.2089 -0.5642 0.2228 0.8933 0.0264 0.4294 0.1299 0.6205 0.3491 -0.6563 0.2498 0.5634 -0.6853 -0.2781 -0.3682 0.8568 0.0155 0.5096 -0.0778
0.7221 -0.0294 -0.6223 -0.3007 0.3466 -0.699 0.5664 -0.2654 0.7967 -0.0352 -0.5797 0.1672 0.3183 0.371 -0.7679 -0.4139 0.6388 -0.197 -0.7319 0.1323 0.7671 0.2089 -0.5642 0.2228 0.8933 0.0264 0.4294 0.1299 0.6227 0.3695 -0.6264 0.2887 0.6169 -0.6763 -0.2496 -0.3159 0.8568 0.0155 0.5096 -0.0778
0.7221 -0.0294 -0.6223 -0.3007 0.3466 -0.699 0.5664 -0.2654 0.7967 -0.0352 -0.5797 0.1672 0.3183 0.371 -0.7679 -0.4139 0.6388 -0.197 -0.7319 0.1323 0.7671 0.2089 -0.5642 0.2228 0.8933 0.0264 0.4294 0.1299 0.6227 0.3695 -0.6264 0.2887 0.6169 -0.6763 -0.2496 -0.3159 0.8215 -0.0061 0.5617 -0.0981
0.7221 -0.0294 -0.6223 -0.3007 0.3466 -0.699 0.5664 -0.2654 0.7967 -0.0352 -0.5797 0.1672 0.3183 0.371 -0.7679 -0.4139 0.6388 -0.197 -0.7319 0.1323 0.7671 0.2089 -0.5642 0.2228 0.8933 0.0264 0.4294 0.1299 0.6227 0.3695 -0.6264 0.2887 0.6169 -0.6763 -0.2496 -0.3159 0.8215 -0.0061 0.5617 -0.0981
0.7221 -0.0294 -0.6223 -0.3007 0.3607 -0.7126 0.5486 -0.247 0.7967 -0.0352 -0.5797 0.1672 0.3183 0.371 -0.7679 -0.4139 0.6388 -0.197 -0.7319 0.1323 0.7671 0.2089 -0.5642 0.2228 0.8933 0.0264 0.4294 0.1299 0.6227 0.3695 -0.6264 0.2887 0.6169 -0.6763 -0.2496 -0.3159 0.8215 -0.0061 0.5617 -0.0981
0.7221 -0.0294 -0.6223 -0.3007 0.3607 -0.7126 0.5486 -0.247 0.7967 -0.0352 -0.5797 0.1672 0.3259 0.3949 -0.7566 -0.4067 0.6388 -0.197 -0.7319 0.1323 0.7383 0.3423 -0.5195 0.2604 0.8933 0.0264 0.4294 0.1299 0.6227 0.3695 -0.6264 0.2887 0.6169 -0.6763 -0.2496 -0.3159 0.8215 -0.0061 0.5617 -0.0981
0.7221 -0.0294 -0.6223 -0.3007 0.3607 -0.7126 0.5486 -0.247 0.7967 -0.0352 -0.5797 0.1672 0.3259 0.3949 -0.7566 -0.4067 0.6388 -0.197 -0.7319 0.1323 0.7383 0.3423 -0.5195 0.2604 0.8933 0.0264 0.4294 0.1299 0.6227 0.3695 -0.6264 0.2887 0.6169 -0.6763 -0.2496 -0.3159 0.8215 -0.0061 0.5617 -0.0981
0.7221 -0.0294 -0.6223 -0.3007 0.3607 -0.7126 0.5486 -0.247 0.7967 -0.0352 -0.5797 0.1672 0.3259 0.3949 -0.7566 -0.4067 0.6388 -0.197 -0.7319 0.1323 0.7383 0.3423 -0.5195 0.2604 0.8933 0.0264 0.4294 0.1299 0.6227 0.3695 -0.6264 0.2887 0.6169 -0.6763 -0.2496 -0.3159 0.8215 -0.0061 0.5617 -0.0981
0.7348 -0.0265 -0.632 -0.245 0.3607 -0.7126 0.5486 -0.247 0.7953 -0.0098 -0.5728 0.1984 0.3259 0.3949 -0.7566 -0.4067 0.6324 -0.1469 -0.7412 0.1705 0.7383 0.3423 -0.5195 0.2604 0.9096 0.0336 0.3887 0.1427 0.6454 0.36 -0.6099 0.2862 0.6516 -0.679 -0.1916 -0.2789 0.8215 -0.0061 0.5617 -0.0981
0.7348 -0.0265 -0.632 -0.245 0.3607 -0.7126 0.5486 -0.247 0.7953 -0.0098 -0.5728 0.1984 0.3259 0.3949 -0.7566 -0.4067 0.6324 -0.1469 -0.7412 0.1705 0.7383 0.3423 -0.5195 0.2604 0.9096 0.0336 0.3887 0.1427 0.6454 0.36 -0.6099 0.2862 0.6516 -0.679 -0.1916 -0.2789 0.7573 -0.0351 0.6373 -0.1382
0.7348 -0.0265 -0.632 -0.245 0.3607 -0.7126 0.5486 -0.247 0.7953 -0.0098 -0.5728 0.1984 0.3259 0.3949 -0.7566 -0.4067 0.6324 -0.1469 -0.7412 0.1705 0.7383 0.3423 -0.5195 0.2604 0.9096 0.0336 0.3887 0.1427 0.6454 0.36 -0.6099 0.2862 0.6516 -0.679 -0.1916 -0.2789 0.7573 -0.0351 0.6373 -0.1382
0.7348 -0.0265 -0.632 -0.245 0.3607 -0.7126 0.5486 -0.247 0.7953 -0.0098 -0.5728 0.1984 0.3259 0.3949 -0.7566 -0.4067 0.6324 -0.1469 -0.7412 0.1705 0.7383 0.3423 -0.5195 0.2604 0.9096 0.0336 0.3887 0.1427 0.6454 0.36 -0.6099 0.2862 0.6516 -0.679 -0.1916 -0.2789 0.7573 -0.0351 0.6373 -0.1382
0.7348 -0.0265 -0.632 -0.245 0.3699 -0.7161 0.5443 -0.2326 0.7953 -0.0098 -0.5728 0.1984 0.3386 0.3904 -0.7593 -0.3954 0.6324 -0.1469 -0.7412 0.1705 0.739 0.3779 -0.5021 0.2427 0.9088 0.0278 0.3934 0.1364 0.6454 0.36 -0.6099 0.2862 0.6516 -0.679 -0.1916 -0.2789 0.7573 -0.0351 0.6373 -0.1382
0.7348 -0.0265 -0.632 -0.245 0.3699 -0.7161 0.5443 -0.2326 0.7953 -0.0098 -0.5728 0.1984 0.3386 0.3904 -0.7593 -0.3954 0.6324 -0.1469 -0.7412 0.1705 0.739 0.3779 -0.5021 0.2427 0.9088 0.0278 0.3934 0.1364 0.6454 0.36 -0.6099 0.2862 0.6516 -0.679 -0.1916 -0.2789 0.7573 -0.0351 0.6373 -0.1382
0.7348 -0.0265 -0.632 -0.245 0.3699 -0.7161 0.5443 -0.2326 0.7953 -0.0098 -0.5728 0.1984 0.3386 0.3904 -0.7593 -0.3954 0.6324 -0.1469 -0.7412 0.1705 0.739 0.3779 -0.5021 0.2427 0.9088 0.0278 0.3934 0.1364 0.6454 0.36 -0.6099 0.2862 0.6516 -0.679 -0.1916 -0.2789 0.7573 -0.0351 0.6373 -0.1382
0.7325 -0.0219 -0.6345 -0.2457 0.3699 -0.7161 0.5443 -0.2326 0.7954 -0.0119 -0.57 0.2055 0.3386 0.3904 -0.7593 -0.3954 0.6214 -0.1337 -0.7581 0.1458 0.739 0.3779 -0.5021 0.2427 0.9088 0.0278 0.3934 0.1364 0.654 0.3716 -0.6029 0.266 0.6353 -0.7023 -0.1473 -0.2856 0.7573 -0.0351 0.6373 -0.1382
0.7325 -0.0219 -0.6345 -0.2457 0.3699 -0.7161 0.5443 -0.2326 0.7954 -0.0119 -0.57 0.2055 0.3386 0.3904 -0.7593 -0.3954 0.6214 -0.1337 -0.7581 0.1458 0.739 0.3779 -0.5021 0.2427 0.9088 0.0278 0.3934 0.1364 0.654 0.3716 -0.6029 0.266 0.6353 -0.7023 -0.1473 -0.2856 0.7573 -0.0351 0.6373 -0.1382
0.7325 -0.0219 -0.6345 -0.2457 0.3699 -0.7161 0.5443 -0.2326 0.7954 -0.0119 -0.57 0.2055 0.3386 0.3904 -0.7593 -0.3954 0.6214 -0.1337 -0.7581 0.1458 0.739 0.3779 -0.5021 0.2427 0.9088 0.0278 0.3934 0.1364 0.654 0.3716 -0.6029 0.266 0.6353 -0.7023 -0.1473 -0.2856 0.7573 -0.0351 0.6373 -0.1382
0.7325 -0.0219 -0.6345 -0.2457 0.3525 -0.7256 0.5416 -0.2367 0.7954 -0.0119 -0.57 0.2055 0.3386 0.3904 -0.7593 -0.3954 0.6214 -0.1337 -0.7581 0.1458 0.739 0.3779 -0.5021 0.2427 0.9088 0.0278 0.3934 0.1364 0.654 0.3716 -0.6029 0.266 0.6353 -0.7023 -0.1473 -0.2856 0.7573 -0.0351 0.6373 -0.1382
0.7325 -0.0219 -0.6345 -0.2457 0.3525 -0.7256 0.5416 -0.2367 0.7954 -0.0119 -0.57 0.2055 0.3453 0.394 -0.7527 -0.3986 0.6214 -0.1337 -0.7581 0.1458 0.739 0.3779 -0.5021 0.2427 0.9088 0.0278 0.3934 0.1364 0.654 0.3716 -0.6029 0.266 0.6353 -0.7023 -0.1473 -0.2856 0.7573 -0.0351 0.6373 -0.1382
0.7325 -0.0219 -0.6345 -0.2457 0.3525 -0.7256 0.5416 -0.2367 0.7954 -0.0119 -0.57 0.2055 0.3453 0.394 -0.7527 -0.3986 0.6214 -0.1337 -0.7581 0.1458 0.7244 0.4001 -0.5013 0.2527 0.9088 0.0278 0.3934 0.1364 0.654 0.3716 -0.6029 0.266 0.6353 -0.7023 -0.1473 -0.2856 0.7573 -0.0351 0.6373 -0.1382
0.7291 -0.0097 -0.6377 -0.2482 0.3525 -0.7256 0.5416 -0.2367 0.7977 -0.0099 -0.5663 0.2068 0.3453 0.394 -0.7527 -0.3986 0.6149 -0.1024 -0.7745 0.1077 0.7244 0.4001 -0.5013 0.2527 0.9088 0.0278 0.3934 0.1364 0.654 0.3716 -0.6029 0.266 0.6353 -0.7023 -0.1473 -0.2856 0.7573 -0.0351 0.6373 -0.1382
0.7291 -0.0097 -0.6377 -0.2482 0.3525 -0.7256 0.5416 -0.2367 0.7977 -0.0099 -0.5663 0.2068 0.3453 0.394 -0.7527 -0.3986 0.6149 -0.1024 -0.7745 0.1077 0.7244 0.4001 -0.5013 0.2527 0.9088 0.0278 0.3934 0.1364 0.674 0.3969 -0.5756 0.2385 0.6275 -0.6516 -0.2467 -0.3475 0.8445 -0.0143 0.5193 -0.1295
0.7291 -0.0097 -0.6377 -0.2482 0.3525 -0.7256 0.5416 -0.2367 0.7977 -0.0099 -0.5663 0.2068 0.3453 0.394 -0.7527 -0.3986 0.6149 -0.1024 -0.7745 0.1077 0.7244 0.4001 -0.5013 0.2527 0.9088 0.0278 0.3934 0.1364 0.674 0.3969 -0.5756 0.2385 0.6275 -0.6516 -0.2467 -0.3475 0.8445 -0.0143 0.5193 -0.1295
0.7291 -0.0097 -0.6377 -0.2482 0.3638 -0.7471 0.509 -0.2242 0.7977 -0.0099 -0.5663 0.2068 0.3453 0.394 -0.7527 -0.3986 0.6149 -0.1024 -0.7745 0.1077 0.7244 0.4001 -0.5013 0.2527 0.9088 0.0278 0.3934 0.1364 0.674 0.3969 -0.5756 0.2385 0.6275 -0.6516 -0.2467 -0.3475 0.8445 -0.0143 0.5193 -0.1295
0.7291 -0.0097 -0.6377 -0.2482 0.3638 -0.7471 0.509 -0.2242 0.7977 -0.0099 -0.5663 0.2068 0.3453 0.394 -0.7527 -0.3986 0.6149 -0.1024 -0.7745 0.1077 0.7244 0.4001 -0.5013 0.2527 0.9088 0.0278 0.3934 0.1364 0.674 0.3969 -0.5756 0.2385 0.6275 -0.6516 -0.2467 -0.3475 0.8445 -0.0143 0.5193 -0.1295
0.7291 -0.0097 -0.6377 -0.2482 0.3638 -0.7471 0.509 -0.2242 0.7977 -0.0099 -0.5663 0.2068 0.356 0.4079 -0.7393 -0.4003 0.6149 -0.1024 -0.7745 0.1077 0.7231 0.4104 -0.4996 0.243 0.9088 0.0278 0.3934 0.1364 0.674 0.3969 -0.5756 0.2385 0.6275 -0.6516 -0.2467 -0.3475 0.8445 -0.0143 0.5193 -0.1295
0.7291 -0.0097 -0.6377 -0.2482 0.3638 -0.7471 0.509 -0.2242 0.7977 -0.0099 -0.5663 0.2068 0.356 0.4079 -0.7393 -0.4003 0.6149 -0.1024 -0.7745 0.1077 0.7231 0.4104 -0.4996 0.243 0.8885 0.0128 0.4394 0.1314 0.674 0.3969 -0.5756 0.2385 0.6275 -0.6516 -0.2467 -0.3475 0.8445 -0.0143 0.5193 -0.1295
0.7411 0.0178 -0.634 -0.2201 0.3638 -0.7471 0.509 -0.2242 0.7927 -4.0E-4 -0.5664 0.2252 0.356 0.4079 -0.7393 -0.4003 0.6149 -0.1024 -0.7745 0.1077 0.7231 0.4104 -0.4996 0.243 0.8885 0.0128 0.4394 0.1314 0.6749 0.4188 -0.5682 0.2153 0.6275 -0.6516 -0.2467 -0.3475 0.8445 -0.0143 0.5193 -0.1295
0.7411 0.0178 -0.634 -0.2201 0.3638 -0.7471 0.509 -0.2242 0.7927 -4.0E-4 -0.5664 0.2252 0.356 0.4079 -0.7393 -0.4003 0.6149 -0.1024 -0.7745 0.1077 0.7231 0.4104 -0.4996 0.243 0.8885 0.0128 0.4394 0.1314 0.6749 0.4188 -0.5682 0.2153 0.6275 -0.6516 -0.2467 -0.3475 0.8445 -0.0143 0.5193 -0.1295
0.7411 0.0178 -0.634 -0.2201 0.3638 -0.7471 0.509 -0.2242 0.7927 -4.0E-4 -0.5664 0.2252 0.356 0.4079 -0.7393 -0.4003 0.6149 -0.1024 -0.7745 0.1077 0.7231 0.4104 -0.4996 0.243 0.8885 0.0128 0.4394 0.1314 0.6749 0.4188 -0.5682 0.2153 0.6275 -0.6516 -0.2467 -0.3475 0.9164 0.0065 0.3871 -0.1015
0.7411 0.0178 -0.634 -0.2201 0.3638 -0.7471 0.509 -0.2242 0.7927 -4.0E-4 -0.5664 0.2252 0.356 0.4079 -0.7393 -0.4003 0.6149 -0.1024 -0.7745 0.1077 0.7231 0.4104 -0.4996 0.243 0.8885 0.0128 0.4394 0.1314 0.6749 0.4188 -0.5682 0.2153 0.6275 -0.6516 -0.2467 -0.3475 0.9164 0.0065 0.3871 -0.1015
0.7411 0.0178 -0.634 -0.2201 0.3619 -0.7696 0.4872 -0.1984 0.7927 -4.0E-4 -0.5664 0.2252 0.3362 0.4069 -0.7552 -0.3888 0.6149 -0.1024 -0.7745 0.1077 0.7231 0.4104 -0.4996 0.243 0.8885 0.0128 0.4394 0.1314 0.6749 0.4188 -0.5682 0.2153 0.6275 -0.6516 -0.2467 -0.3475 0.9164 0.0065 0.3871 -0.1015
0.7411 0.0178 -0.634 -0.2201 0.3619 -0.7696 0.4872 -0.1984 0.7927 -4.0E-4 -0.5664 0.2252 0.3362 0.4069 -0.7552 -0.3888 0.6149 -0.1024 -0.7745 0.1077 0.7231 0.4104 -0.4996 0.243 0.8885 0.0128 0.4394 0.1314 0.6749 0.4188 -0.5682 0.2153 0.6275 -0.6516 -0.2467 -0.3475 0.9164 0.0065 0.3871 -0.1015
0.7411 0.0178 -0.634 -0.2201 0.3619 -0.7696 0.4872 -0.1984 0.7927 -4.0E-4 -0.5664 0.2252 0.3362 0.4069 -0.7552 -0.3888 0.6251 -0.0816 -0.7731 0.0695 0.7231 0.4104 -0.4996 0.243 0.8885 0.0128 0.4394 0.1314 0.6749 0.4188 -0.5682 0.2153 0.6275 -0.6516 -0.2467 -0.3475 0.9164 0.0065 0.3871 -0.1015
0.7411 0.0178 -0.634 -0.2201 0.3619 -0.7696 0.4872 -0.1984 0.7927 -4.0E-4 -0.5664 0.2252 0.3362 0.4069 -0.7552 -0.3888 0.6251 -0.0816 -0.7731 0.0695 0.7231 0.4104 -0.4996 0.243 0.8885 0.0128 0.4394 0.1314 0.6749 0.4188 -0.5682 0.2153 0.6275 -0.6516 -0.2467 -0.3475 0.9164 0.0065 0.3871 -0.1015
0.7411 0.0178 -0.634 -0.2201 0.3619 -0.7696 0.4872 -0.1984 0.7902 0.0035 -0.5728 0.218 0.3362 0.4069 -0.7552 -0.3888 0.6251 -0.0816 -0.7731 0.0695 0.7231 0.4104 -0.4996 0.243 0.8885 0.0128 0.4394 0.1314 0.7049 0.4014 -0.5621 0.1614 0.576 -0.5947 -0.3671 -0.424 0.9164 0.0065 0.3871 -0.1015
0.7411 0.0178 -0.634 -0.2201 0.3619 -0.7696 0.4872 -0.1984 0.7902 0.0035 -0.5728 0.218 0.3362 0.4069 -0.7552 -0.3888 0.6251 -0.0816 -0.7731 0.0695 0.7231 0.4104 -0.4996 0.243 0.8885 0.0128 0.4394 0.1314 0.7049 0.4014 -0.5621 0.1614 0.576 -0.5947 -0.3671 -0.424 0.9174 0.0165 0.39 -0.0777
0.7411 0.0178 -0.634 -0.2201 0.3619 -0.7696 0.4872 -0.1984 0.7902 0.0035 -0.5728 0.218 0.3362 0.4069 -0.7552 -0.3888 0.6251 -0.0816 -0.7731 0.0695 0.7231 0.4104 -0.4996 0.243 0.8885 0.0128 0.4394 0.1314 0.7049 0.4014 -0.5621 0.1614 0.576 -0.5947 -0.3671 -0.424 0.9174 0.0165 0.39 -0.0777
0.7411 0.0178 -0.634 -0.2201 0.3577 -0.7653 0.5017 -0.186 0.7902 0.0035 -0.5728 0.218 0.3025 0.392 -0.7701 -0.4023 0.6251 -0.0816 -0.7731 0.0695 0.7231 0.4104 -0.4996 0.243 0.8885 0.0128 0.4394 0.1314 0.7049 0.4014 -0.5621 0.1614 0.576 -0.5947 -0.3671 -0.424 0.9174 0.0165 0.39 -0.0777
0.7411 0.0178 -0.634 -0.2201 0.3577 -0.7653 0.5017 -0.186 0.7902 0.0035 -0.5728 0.218 0.3025 0.392 -0.7701 -0.4023 0.6251 -0.0816 -0.7731 0.0695 0.7231 0.4104 -0.4996 0.243 0.8885 0.0128 0.4394 0.1314 0.7049 0.4014 -0.5621 0.1614 0.576 -0.5947 -0.3671 -0.424 0.9174 0.0165 0.39 -0.0777
0.7411 0.0178 -0.634 -0.2201 0.3577 -0.7653 0.5017 -0.186 0.7902 0.0035 -0.5728 0.218 0.3025 0.392 -0.7701 -0.4023 0.6251 -0.0816 -0.7731 0.0695 0.7856 0.4261 -0.4293 0.1302 0.8003 0.0364 0.5828 0.1367 0.7049 0.4014 -0.5621 0.1614 0.576 -0.5947 -0.3671 -0.424 0.9174 0.0165 0.39 -0.0777
0.7411 0.0178 -0.634 -0.2201 0.3577 -0.7653 0.5017 -0.186 0.7902 0.0035 -0.5728 0.218 0.3025 0.392 -0.7701 -0.4023 0.6251 -0.0816 -0.7731 0.0695 0.7856 0.4261 -0.4293 0.1302 0.8003 0.0364 0.5828 0.1367 0.7049 0.4014 -0.5621 0.1614 0.576 -0.5947 -0.3671 -0.424 0.9174 0.0165 0.39 -0.0777
0.7411 0.0178 -0.634 -0.2201 0.3577 -0.7653 0.5017 -0.186 0.7947 -0.0035 -0.5811 0.1758 0.3025 0.392 -0.7701 -0.4023 0.6569 -0.1247 -0.7423 0.0437 0.7856 0.4261 -0.4293 0.1302 0.8003 0.0364 0.5828 0.1367 0.7049 0.4014 -0.5621 0.1614 0.5599 -0.6459 -0.3207 -0.4081 0.919 0.0137 0.387 -0.0746
0.7411 0.0178 -0.634 -0.2201 0.3577 -0.7653 0.5017 -0.186 0.7947 -0.0035 -0.5811 0.1758 0.3025 0.392 -0.7701 -0.4023 0.6569 -0.1247 -0.7423 0.0437 0.7856 0.4261 -0.4293 0.1302 0.8003 0.0364 0.5828 0.1367 0.7049 0.4014 -0.5621 0.1614 0.5599 -0.6459 -0.3207 -0.4081 0.919 0.0137 0.387 -0.0746
0.7411 0.0178 -0.634 -0.2201 0.3648 -0.7505 0.5196 -0.1837 0.7947 -0.0035 -0.5811 0.1758 0.3025 0.392 -0.7701 -0.4023 0.6569 -0.1247 -0.7423 0.0437 0.7856 0.4261 -0.4293 0.1302 0.8003 0.0364 0.5828 0.1367 0.7049 0.4014 -0.5621 0.1614 0.5599 -0.6459 -0.3207 -0.4081 0.919 0.0137 0.387 -0.0746
0.7411 0.0178 -0.634 -0.2201 0.3648 -0.7505 0.5196 -0.1837 0.7947 -0.0035 -0.5811 0.1758 0.3025 0.392 -0.7701 -0.4023 0.6569 -0.1247 -0.7423 0.0437 0.7856 0.4261 -0.4293 0.1302 0.8003 0.0364 0.5828 0.1367 0.7049 0.4014 -0.5621 0.1614 0.5599 -0.6459 -0.3207 -0.4081 0.919 0.0137 0.387 -0.0746
0.7411 0.0178 -0.634 -0.2201 0.3648 -0.7505 0.5196 -0.1837 0.7947 -0.0035 -0.5811 0.1758 0.286 0.3861 -0.7601 -0.4374 0.6569 -0.1247 -0.7423 0.0437 0.7947 0.447 -0.3895 0.1306 0.8003 0.0364 0.5828 0.1367 0.7049 0.4014 -0.5621 0.1614 0.5599 -0.6459 -0.3207 -0.4081 0.919 0.0137 0.387 -0.0746
0.7411 0.0178 -0.634 -0.2201 0.3648 -0.7505 0.5196 -0.1837 0.7947 -0.0035 -0.5811 0.1758 0.286 0.3861 -0.7601 -0.4374 0.6569 -0.1247 -0.7423 0.0437 0.7947 0.447 -0.3895 0.1306 0.8003 0.0364 0.5828 0.1367 0.7049 0.4014 -0.5621 0.1614 0.5599 -0.6459 -0.3207 -0.4081 0.919 0.0137 0.387 -0.0746
0.7391 -0.0332 -0.632 -0.2308 0.3648 -0.7505 0.5196 -0.1837 0.8084 0.0049 -0.5659 0.162 0.286 0.3861 -0.7601 -0.4374 0.6851 -0.1403 -0.7133 0.0472 0.7947 0.447 -0.3895 0.1306 0.8003 0.0364 0.5828 0.1367 0.7049 0.4014 -0.5621 0.1614 0.5599 -0.6459 -0.3207 -0.4081 0.919 0.0137 0.387 -0.0746
0.7391 -0.0332 -0.632 -0.2308 0.3648 -0.7505 0.5196 -0.1837 0.8084 0.0049 -0.5659 0.162 0.286 0.3861 -0.7601 -0.4374 0.6851 -0.1403 -0.7133 0.0472 0.7947 0.447 -0.3895 0.1306 0.8003 0.0364 0.5828 0.1367 0.6536 0.3748 -0.6315 0.1832 0.5439 -0.6691 -0.3049 -0.4043 0.919 0.0137 0.387 -0.0746
0.7391 -0.0332 -0.632 -0.2308 0.3648 -0.7505 0.5196 -0.1837 0.8084 0.0049 -0.5659 0.162 0.286 0.3861 -0.7601 -0.4374 0.6851 -0.1403 -0.7133 0.0472 0.7947 0.447 -0.3895 0.1306 0.8003 0.0364 0.5828 0.1367 0.6536 0.3748 -0.6315 0.1832 0.5439 -0.6691 -0.3049 -0.4043 0.9182 0.0156 0.389 -0.0733
0.7391 -0.0332 -0.632 -0.2308 0.3648 -0.7505 0.5196 -0.1837 0.8084 0.0049 -0.5659 0.162 0.286 0.3861 -0.7601 -0.4374 0.6851 -0.1403 -0.7133 0.0472 0.7947 0.447 -0.3895 0.1306 0.8003 0.0364 0.5828 0.1367 0.6536 0.3748 -0.6315 0.1832 0.5439 -0.6691 -0.3049 -0.4043 0.9182 0.0156 0.389 -0.0733
0.7391 -0.0332 -0.632 -0.2308 0.373 -0.7271 0.543 -0.1931 0.8084 0.0049 -0.5659 0.162 0.286 0.3861 -0.7601 -0.4374 0.6851 -0.1403 -0.7133 0.0472 0.7947 0.447 -0.3895 0.1306 0.8003 0.0364 0.5828 0.1367 0.6536 0.3748 -0.6315 0.1832 0.5439 -0.6691 -0.3049 -0.4043 0.9182 0.0156 0.389 -0.0733
0.7391 -0.0332 -0.632 -0.2308 0.373 -0.7271 0.543 -0.1931 0.8084 0.0049 -0.5659 0.162 0.2842 0.3815 -0.7523 -0.4558 0.6851 -0.1403 -0.7133 0.0472 0.7947 0.447 -0.3895 0.1306 0.8003 0.0364 0.5828 0.1367 0.6536 0.3748 -0.6315 0.1832 0.5439 -0.6691 -0.3049 -0.4043 0.9182 0.0156 0.389 -0.0733
0.7391 -0.0332 -0.632 -0.2308 0.373 -0.7271 0.543 -0.1931 0.8084 0.0049 -0.5659 0.162 0.2842 0.3815 -0.7523 -0.4558 0.6851 -0.1403 -0.7133 0.0472 0.7947 0.447 -0.3895 0.1306 0.8003 0.0364 0.5828 0.1367 0.6536 0.3748 -0.6315 0.1832 0.5439 -0.6691 -0.3049 -0.4043 0.9182 0.0156 0.389 -0.0733
0.7391 -0.0332 -0.632 -0.2308 0.373 -0.7271 0.543 -0.1931 0.8084 0.0049 -0.5659 0.162 0.2842 0.3815 -0.7523 -0.4558 0.6851 -0.1403 -0.7133 0.0472 0.7947 0.447 -0.3895 0.1306 0.8003 0.0364 0.5828 0.1367 0.6536 0.3748 -0.6315 0.1832 0.5439 -0.6691 -0.3049 -0.4043 0.9182 0.0156 0.389 -0.0733
0.732 -0.047 -0.6324 -0.2491 0.373 -0.7271 0.543 -0.1931 0.8099 -0.0136 -0.5696 0.1391 0.2842 0.3815 -0.7523 -0.4558 0.7073 -0.1328 -0.6903 0.0754 0.7947 0.447 -0.3895 0.1306 0.8003 0.0364 0.5828 0.1367 0.6229 0.3611 -0.6616 0.2097 0.5352 -0.6799 -0.3027 -0.3995 0.9182 0.0156 0.389 -0.0733
0.732 -0.047 -0.6324 -0.2491 0.373 -0.7271 0.543 -0.1931 0.8099 -0.0136 -0.5696 0.1391 0.2842 0.3815 -0.7523 -0.4558 0.7073 -0.1328 -0.6903 0.0754 0.7947 0.447 -0.3895 0.1306 0.8003 0.0364 0.5828 0.1367 0.6229 0.3611 -0.6616 0.2097 0.5352 -0.6799 -0.3027 -0.3995 0.9146 0.0208 0.3978 -0.0699
0.732 -0.047 -0.6324 -0.2491 0.373 -0.7271 0.543 -0.1931 0.8099 -0.0136 -0.5696 0.1391 0.2842 0.3815 -0.7523 -0.4558 0.7073 -0.1328 -0.6903 0.0754 0.7947 0.447 -0.3895 0.1306 0.8003 0.0364 0.5828 0.1367 0.6229 0.3611 -0.6616 0.2097 0.5352 -0.6799 -0.3027 -0.3995 0.9146 0.0208 0.3978 -0.0699
0.732 -0.047 -0.6324 -0.2491 0.373 -0.7271 0.543 -0.1931 0.8099 -0.0136 -0.5696 0.1391 0.2842 0.3815 -0.7523 -0.4558 0.7073 -0.1328 -0.6903 0.0754 0.7947 0.447 -0.3895 0.1306 0.8003 0.0364 0.5828 0.1367 0.6229 0.3611 -0.6616 0.2097 0.5352 -0.6799 -0.3027 -0.3995 0.9146 0.0208 0.3978 -0.0699
0.732 -0.047 -0.6324 -0.2491 0.3559 -0.7177 0.5616 -0.207 0.8099 -0.0136 -0.5696 0.1391 0.2768 0.3552 -0.765 -0.4604 0.7073 -0.1328 -0.6903 0.0754 0.8099 0.2953 -0.4326 0.264 0.8003 0.0364 0.5828 0.1367 0.6229 0.3611 -0.6616 0.2097 0.5352 -0.6799 -0.3027 -0.3995 0.9146 0.0208 0.3978 -0.0699
0.732 -0.047 -0.6324 -0.2491 0.3559 -0.7177 0.5616 -0.207 0.8099 -0.0136 -0.5696 0.1391 0.2768 0.3552 -0.765 -0.4604 0.7073 -0.1328 -0.6903 0.0754 0.8099 0.2953 -0.4326 0.264 0.8003 0.0364 0.5828 0.1367 0.6229 0.3611 -0.6616 0.2097 0.5352 -0.6799 -0.3027 -0.3995 0.9146 0.0208 0.3978 -0.0699
0.7173 -0.0567 -0.6392 -0.2714 0.3559 -0.7177 0.5616 -0.207 0.8099 -0.0136 -0.5696 0.1391 0.2768 0.3552 -0.765 -0.4604 0.7148 -0.163 -0.6743 0.0887 0.8099 0.2953 -0.4326 0.264 0.8003 0.0364 0.5828 0.1367 0.6229 0.3611 -0.6616 0.2097 0.5352 -0.6799 -0.3027 -0.3995 0.9146 0.0208 0.3978 -0.0699
0.7173 -0.0567 -0.6392 -0.2714 0.3559 -0.7177 0.5616 -0.207 0.8137 -0.0349 -0.5662 0.1268 0.2768 0.3552 -0.765 -0.4604 0.7148 -0.163 -0.6743 0.0887 0.8099 0.2953 -0.4326 0.264 0.8003 0.0364 0.5828 0.1367 0.6031 0.3447 -0.6813 0.2307 0.5303 -0.6904 -0.2927 -0.3955 0.9146 0.0208 0.3978 -0.0699
0.7173 -0.0567 -0.6392 -0.2714 0.3559 -0.7177 0.5616 -0.207 0.8137 -0.0349 -0.5662 0.1268 0.2768 0.3552 -0.765 -0.4604 0.7148 -0.163 -0.6743 0.0887 0.8099 0.2953 -0.4326 0.264 0.8003 0.0364 0.5828 0.1367 0.6031 0.3447 -0.6813 0.2307 0.5303 -0.6904 -0.2927 -0.3955 0.9078 0.0324 0.4137 -0.0615
0.7173 -0.0567 -0.6392 -0.2714 0.3559 -0.7177 0.5616 -0.207 0.8137 -0.0349 -0.5662 0.1268 0.2768 0.3552 -0.765 -0.4604 0.7148 -0.163 -0.6743 0.0887 0.8099 0.2953 -0.4326 0.264 0.8003 0.0364 0.5828 0.1367 0.6031 0.3447 -0.6813 0.2307 0.5303 -0.6904 -0.2927 -0.3955 0.9078 0.0324 0.4137 -0.0615
0.7173 -0.0567 -0.6392 -0.2714 0.3559 -0.7177 0.5616 -0.207 0.8137 -0.0349 -0.5662 0.1268 0.2768 0.3552 -0.765 -0.4604 0.7148 -0.163 -0.6743 0.0887 0.8099 0.2953 -0.4326 0.264 0.8003 0.0364 0.5828 0.1367 0.6031 0.3447 -0.6813 0.2307 0.5303 -0.6904 -0.2927 -0.3955 0.9078 0.0324 0.4137 -0.0615
0.7173 -0.0567 -0.6392 -0.2714 0.3522 -0.7078 0.5734 -0.2151 0.8137 -0.0349 -0.5662 0.1268 0.2673 0.3358 -0.7791 -0.457 0.7148 -0.163 -0.6743 0.0887 0.7601 0.2449 -0.5255 0.2935 0.9001 -0.0057 0.4005 0.1712 0.6031 0.3447 -0.6813 0.2307 0.5303 -0.6904 -0.2927 -0.3955 0.9078 0.0324 0.4137 -0.0615
0.7173 -0.0567 -0.6392 -0.2714 0.3522 -0.7078 0.5734 -0.2151 0.8137 -0.0349 -0.5662 0.1268 0.2673 0.3358 -0.7791 -0.457 0.7148 -0.163 -0.6743 0.0887 0.7601 0.2449 -0.5255 0.2935 0.9001 -0.0057 0.4005 0.1712 0.6031 0.3447 -0.6813 0.2307 0.5303 -0.6904 -0.2927 -0.3955 0.9078 0.0324 0.4137 -0.0615
0.7109 -0.0616 -0.6411 -0.2826 0.3522 -0.7078 0.5734 -0.2151 0.8101 -0.0569 -0.5742 0.1039 0.2673 0.3358 -0.7791 -0.457 0.6832 -0.2043 -0.6917 0.115 0.7601 0.2449 -0.5255 0.2935 0.9001 -0.0057 0.4005 0.1712 0.6031 0.3447 -0.6813 0.2307 0.5303 -0.6904 -0.2927 -0.3955 0.9078 0.0324 0.4137 -0.0615
0.7109 -0.0616 -0.6411 -0.2826 0.3522 -0.7078 0.5734 -0.2151 0.8101 -0.0569 -0.5742 0.1039 0.2673 0.3358 -0.7791 -0.457 0.6832 -0.2043 -0.6917 0.115 0.7601 0.2449 -0.5255 0.2935 0.9001 -0.0057 0.4005 0.1712 0.6031 0.3447 -0.6813 0.2307 0.5446 -0.697 -0.2741 -0.3776 0.9078 0.0324 0.4137 -0.0615
0.7109 -0.0616 -0.6411 -0.2826 0.3522 -0.7078 0.5734 -0.2151 0.8101 -0.0569 -0.5742 0.1039 0.2673 0.3358 -0.7791 -0.457 0.6832 -0.2043 -0.6917 0.115 0.7601 0.2449 -0.5255 0.2935 0.9001 -0.0057 0.4005 0.1712 0.6031 0.3447 -0.6813 0.2307 0.5446 -0.697 -0.2741 -0.3776 0.8872 0.0461 0.4553 -0.0587
0.7109 -0.0616 -0.6411 -0.2826 0.3522 -0.7078 0.5734 -0.2151 0.8101 -0.0569 -0.5742 0.1039 0.2673 0.3358 -0.7791 -0.457 0.6832 -0.2043 -0.6917 0.115 0.7601 0.2449 -0.5255 0.2935 0.9001 -0.0057 0.4005 0.1712 0.6031 0.3447 -0.6813 0.2307 0.5446 -0.697 -0.2741 -0.3776 0.8872 0.0461 0.4553 -0.0587
0.7109 -0.0616 -0.6411 -0.2826 0.3522 -0.7078 0.5734 -0.2151 0.8101 -0.0569 -0.5742 0.1039 0.2673 0.3358 -0.7791 -0.457 0.6832 -0.2043 -0.6917 0.115 0.7601 0.2449 -0.5255 0.2935 0.9001 -0.0057 0.4005 0.1712 0.6031 0.3447 -0.6813 0.2307 0.5446 -0.697 -0.2741 -0.3776 0.8872 0.0461 0.4553 -0.0587
0.7109 -0.0616 -0.6411 -0.2826 0.3472 -0.7111 0.5728 -0.2137 0.8101 -0.0569 -0.5742 0.1039 0.2534 0.3259 -0.7814 -0.4679 0.6832 -0.2043 -0.6917 0.115 0.7601 0.2449 -0.5255 0.2935 0.9017 0.0769 0.4137 0.0997 0.6031 0.3447 -0.6813 0.2307 0.5446 -0.697 -0.2741 -0.3776 0.8872 0.0461 0.4553 -0.0587
0.7109 -0.0616 -0.6411 -0.2826 0.3472 -0.7111 0.5728 -0.2137 0.8101 -0.0569 -0.5742 0.1039 0.2534 0.3259 -0.7814 -0.4679 0.6832 -0.2043 -0.6917 0.115 0.7601 0.2449 -0.5255 0.2935 0.9017 0.0769 0.4137 0.0997 0.6031 0.3447 -0.6813 0.2307 0.5446 -0.697 -0.2741 -0.3776 0.8872 0.0461 0.4553 -0.0587
0.7112 -0.0574 -0.6422 -0.2801 0.3472 -0.7111 0.5728 -0.2137 0.812 -0.0543 -0.5731 0.0963 0.2534 0.3259 -0.7814 -0.4679 0.6309 -0.2241 -0.7325 0.1232 0.7601 0.2449 -0.5255 0.2935 0.9017 0.0769 0.4137 0.0997 0.6031 0.3447 -0.6813 0.2307 0.5446 -0.697 -0.2741 -0.3776 0.8872 0.0461 0.4553 -0.0587
0.7112 -0.0574 -0.6422 -0.2801 0.3472 -0.7111 0.5728 -0.2137 0.812 -0.0543 -0.5731 0.0963 0.2534 0.3259 -0.7814 -0.4679 0.6309 -0.2241 -0.7325 0.1232 0.7601 0.2449 -0.5255 0.2935 0.9017 0.0769 0.4137 0.0997 0.6031 0.3447 -0.6813 0.2307 0.5891 -0.698 -0.2443 -0.3259 0.8872 0.0461 0.4553 -0.0587
0.7112 -0.0574 -0.6422 -0.2801 0.3472 -0.7111 0.5728 -0.2137 0.812 -0.0543 -0.5731 0.0963 0.2534 0.3259 -0.7814 -0.4679 0.6309 -0.2241 -0.7325 0.1232 0.7601 0.2449 -0.5255 0.2935 0.9017 0.0769 0.4137 0.0997 0.6031 0.3447 -0.6813 0.2307 0.5891 -0.698 -0.2443 -0.3259 0.8391 0.0347 0.5373 -0.0775
0.7112 -0.0574 -0.6422 -0.2801 0.3472 -0.7111 0.5728 -0.2137 0.812 -0.0543 -0.5731 0.0963 0.2534 0.3259 -0.7814 -0.4679 0.6309 -0.2241 -0.7325 0.1232 0.7601 0.2449 -0.5255 0.2935 0.9017 0.0769 0.4137 0.0997 0.6031 0.3447 -0.6813 0.2307 0.5891 -0.698 -0.2443 -0.3259 0.8391 0.0347 0.5373 -0.0775
0.7112 -0.0574 -0.6422 -0.2801 0.3594 -0.7163 0.5612 -0.2068 0.812 -0.0543 -0.5731 0.0963 0.2534 0.3259 -0.7814 -0.4679 0.6309 -0.2241 -0.7325 0.1232 0.7601 0.2449 -0.5255 0.2935 0.9017 0.0769 0.4137 0.0997 0.6031 0.3447 -0.6813 0.2307 0.5891 -0.698 -0.2443 -0.3259 0.8391 0.0347 0.5373 -0.0775
0.7112 -0.0574 -0.6422 -0.2801 0.3594 -0.7163 0.5612 -0.2068 0.812 -0.0543 -0.5731 0.0963 0.2569 0.348 -0.7816 -0.4495 0.6309 -0.2241 -0.7325 0.1232 0.7601 0.2449 -0.5255 0.2935 0.9017 0.0769 0.4137 0.0997 0.6031 0.3447 -0.6813 0.2307 0.5891 -0.698 -0.2443 -0.3259 0.8391 0.0347 0.5373 -0.0775
0.7112 -0.0574 -0.6422 -0.2801 0.3594 -0.7163 0.5612 -0.2068 0.812 -0.0543 -0.5731 0.0963 0.2569 0.348 -0.7816 -0.4495 0.6309 -0.2241 -0.7325 0.1232 0.7601 0.2449 -0.5255 0.2935 0.9017 0.0769 0.4137 0.0997 0.6031 0.3447 -0.6813 0.2307 0.5891 -0.698 -0.2443 -0.3259 0.8391 0.0347 0.5373 -0.0775
0.7112 -0.0574 -0.6422 -0.2801 0.3594 -0.7163 0.5612 -0.2068 0.8062 -0.0344 -0.5787 0.1185 0.2569 0.348 -0.7816 -0.4495 0.6351 -0.1904 -0.7369 0.1321 0.7601 0.2449 -0.5255 0.2935 0.9017 0.0769 0.4137 0.0997 0.6031 0.3447 -0.6813 0.2307 0.5891 -0.698 -0.2443 -0.3259 0.8391 0.0347 0.5373 -0.0775
0.7112 -0.0574 -0.6422 -0.2801 0.3594 -0.7163 0.5612 -0.2068 0.8062 -0.0344 -0.5787 0.1185 0.2569 0.348 -0.7816 -0.4495 0.6351 -0.1904 -0.7369 0.1321 0.7601 0.2449 -0.5255 0.2935 0.9017 0.0769 0.4137 0.0997 0.6031 0.3447 -0.6813 0.2307 0.63 -0.7049 -0.1851 -0.2683 0.7448 -0.0201 0.6563 -0.1195
0.7112 -0.0574 -0.6422 -0.2801 0.3594 -0.7163 0.5612 -0.2068 0.8062 -0.0344 -0.5787 0.1185 0.2569 0.348 -0.7816 -0.4495 0.6351 -0.1904 -0.7369 0.1321 0.7601 0.2449 -0.5255 0.2935 0.9017 0.0769 0.4137 0.0997 0.6031 0.3447 -0.6813 0.2307 0.63 -0.7049 -0.1851 -0.2683 0.7448 -0.0201 0.6563 -0.1195
0.7112 -0.0574 -0.6422 -0.2801 0.3766 -0.7114 0.5585 -0.2002 0.8062 -0.0344 -0.5787 0.1185 0.2569 0.348 -0.7816 -0.4495 0.6351 -0.1904 -0.7369 0.1321 0.7601 0.2449 -0.5255 0.2935 0.9017 0.0769 0.4137 0.0997 0.6031 0.3447 -0.6813 0.2307 0.63 -0.7049 -0.1851 -0.2683 0.7448 -0.0201 0.6563 -0.1195
0.7112 -0.0574 -0.6422 -0.2801 0.3766 -0.7114 0.5585 -0.2002 0.8062 -0.0344 -0.5787 0.1185 0.2569 0.348 -0.7816 -0.4495 0.6351 -0.1904 -0.7369 0.1321 0.7601 0.2449 -0.5255 0.2935 0.9017 0.0769 0.4137 0.0997 0.6031 0.3447 -0.6813 0.2307 0.63 -0.7049 -0.1851 -0.2683 0.7448 -0.0201 0.6563 -0.1195
0.7112 -0.0574 -0.6422 -0.2801 0.3766 -0.7114 0.5585 -0.2002 0.8062 -0.0344 -0.5787 0.1185 0.2642 0.3527 -0.7747 -0.4536 0.6351 -0.1904 -0.7369 0.1321 0.7308 0.329 -0.5741 0.1678 0.9019 0.0831 0.4126 0.0977 0.6031 0.3447 -0.6813 0.2307 0.63 -0.7049 -0.1851 -0.2683 0.7448 -0.0201 0.6563 -0.1195
0.7112 -0.0574 -0.6422 -0.2801 0.3766 -0.7114 0.5585 -0.2002 0.8062 -0.0344 -0.5787 0.1185 0.2642 0.3527 -0.7747 -0.4536 0.6351 -0.1904 -0.7369 0.1321 0.7308 0.329 -0.5741 0.1678 0.9019 0.0831 0.4126 0.0977 0.6031 0.3447 -0.6813 0.2307 0.63 -0.7049 -0.1851 -0.2683 0.7448 -0.0201 0.6563 -0.1195
0.7112 -0.0574 -0.6422 -0.2801 0.3766 -0.7114 0.5585 -0.2002 0.8062 -0.0344 -0.5787 0.1185 0.2642 0.3527 -0.7747 -0.4536 0.6351 -0.1904 -0.7369 0.1321 0.7308 0.329 -0.5741 0.1678 0.9019 0.0831 0.4126 0.0977 0.6031 0.3447 -0.6813 0.2307 0.63 -0.7049 -0.1851 -0.2683 0.7448 -0.0201 0.6563 -0.1195
0.7112 -0.0574 -0.6422 -0.2801 0.3766 -0.7114 0.5585 -0.2002 0.808 -0.0229 -0.5749 0.1266 0.2642 0.3527 -0.7747 -0.4536 0.6351 -0.1904 -0.7369 0.1321 0.7308 0.329 -0.5741 0.1678 0.9019 0.0831 0.4126 0.0977 0.6625 0.3899 -0.5848 0.2589 0.6401 -0.6865 -0.2021 -0.2797 0.7448 -0.0201 0.6563 -0.1195
0.7112 -0.0574 -0.6422 -0.2801 0.3766 -0.7114 0.5585 -0.2002 0.808 -0.0229 -0.5749 0.1266 0.2642 0.3527 -0.7747 -0.4536 0.6351 -0.1904 -0.7369 0.1321 0.7308 0.329 -0.5741 0.1678 0.9019 0.0831 0.4126 0.0977 0.6625 0.3899 -0.5848 0.2589 0.6401 -0.6865 -0.2021 -0.2797 0.7914 -0.0175 0.603 -0.0984
0.7112 -0.0574 -0.6422 -0.2801 0.3766 -0.7114 0.5585 -0.2002 0.808 -0.0229 -0.5749 0.1266 0.2642 0.3527 -0.7747 -0.4536 0.6351 -0.1904 -0.7369 0.1321 0.7308 0.329 -0.5741 0.1678 0.9019 0.0831 0.4126 0.0977 0.6625 0.3899 -0.5848 0.2589 0.6401 -0.6865 -0.2021 -0.2797 0.7914 -0.0175 0.603 -0.0984
0.7112 -0.0574 -0.6422 -0.2801 0.3766 -0.7114 0.5585 -0.2002 0.808 -0.0229 -0.5749 0.1266 0.2642 0.3527 -0.7747 -0.4536 0.6351 -0.1904 -0.7369 0.1321 0.7308 0.329 -0.5741 0.1678 0.9019 0.0831 0.4126 0.0977 0.6625 0.3899 -0.5848 0.2589 0.6401 -0.6865 -0.2021 -0.2797 0.7914 -0.0175 0.603 -0.0984
0.7112 -0.0574 -0.6422 -0.2801 0.3757 -0.7202 0.5486 -0.1981 0.808 -0.0229 -0.5749 0.1266 0.2806 0.3785 -0.7576 -0.4517 0.6351 -0.1904 -0.7369 0.1321 0.7314 0.3333 -0.5743 0.1553 0.891 0.0897 0.4345 0.0966 0.6625 0.3899 -0.5848 0.2589 0.6401 -0.6865 -0.2021 -0.2797 0.7914 -0.0175 0.603 -0.0984
0.7319 -0.0422 -0.6391 -0.2327 0.3757 -0.7202 0.5486 -0.1981 0.8077 -0.0065 -0.5688 0.1549 0.2806 0.3785 -0.7576 -0.4517 0.6278 -0.1473 -0.7633 0.0396 0.7314 0.3333 -0.5743 0.1553 0.891 0.0897 0.4345 0.0966 0.6625 0.3899 -0.5848 0.2589 0.6401 -0.6865 -0.2021 -0.2797 0.7914 -0.0175 0.603 -0.0984
0.7319 -0.0422 -0.6391 -0.2327 0.3757 -0.7202 0.5486 -0.1981 0.8077 -0.0065 -0.5688 0.1549 0.2806 0.3785 -0.7576 -0.4517 0.6278 -0.1473 -0.7633 0.0396 0.7314 0.3333 -0.5743 0.1553 0.891 0.0897 0.4345 0.0966 0.6625 0.3899 -0.5848 0.2589 0.6401 -0.6865 -0.2021 -0.2797 0.7914 -0.0175 0.603 -0.0984
0.7319 -0.0422 -0.6391 -0.2327 0.3757 -0.7202 0.5486 -0.1981 0.8077 -0.0065 -0.5688 0.1549 0.2806 0.3785 -0.7576 -0.4517 0.6278 -0.1473 -0.7633 0.0396 0.7314 0.3333 -0.5743 0.1553 0.891 0.0897 0.4345 0.0966 0.6773 0.4172 -0.5591 0.2338 0.5999 -0.6398 -0.3228 -0.356 0.7914 -0.0175 0.603 -0.0984
0.7319 -0.0422 -0.6391 -0.2327 0.3757 -0.7202 0.5486 -0.1981 0.8077 -0.0065 -0.5688 0.1549 0.2806 0.3785 -0.7576 -0.4517 0.6278 -0.1473 -0.7633 0.0396 0.7314 0.3333 -0.5743 0.1553 0.891 0.0897 0.4345 0.0966 0.6773 0.4172 -0.5591 0.2338 0.5999 -0.6398 -0.3228 -0.356 0.8837 -0.022 0.4579 -0.0941
0.7319 -0.0422 -0.6391 -0.2327 0.3757 -0.7202 0.5486 -0.1981 0.8077 -0.0065 -0.5688 0.1549 0.2806 0.3785 -0.7576 -0.4517 0.6278 -0.1473 -0.7633 0.0396 0.7314 0.3333 -0.5743 0.1553 0.891 0.0897 0.4345 0.0966 0.6773 0.4172 -0.5591 0.2338 0.5999 -0.6398 -0.3228 -0.356 0.8837 -0.022 0.4579 -0.0941
0.7319 -0.0422 -0.6391 -0.2327 0.3798 -0.7286 0.5373 -0.1904 0.8077 -0.0065 -0.5688 0.1549 0.2991 0.395 -0.7448 -0.447 0.6278 -0.1473 -0.7633 0.0396 0.7314 0.3333 -0.5743 0.1553 0.891 0.0897 0.4345 0.0966 0.6773 0.4172 -0.5591 0.2338 0.5999 -0.6398 -0.3228 -0.356 0.8837 -0.022 0.4579 -0.0941
0.7319 -0.0422 -0.6391 -0.2327 0.3798 -0.7286 0.5373 -0.1904 0.8077 -0.0065 -0.5688 0.1549 0.2991 0.395 -0.7448 -0.447 0.6278 -0.1473 -0.7633 0.0396 0.7437 0.3405 -0.5596 0.1334 0.891 0.0897 0.4345 0.0966 0.6773 0.4172 -0.5591 0.2338 0.5999 -0.6398 -0.3228 -0.356 0.8837 -0.022 0.4579 -0.0941
0.7319 -0.0422 -0.6391 -0.2327 0.3798 -0.7286 0.5373 -0.1904 0.8077 -0.0065 -0.5688 0.1549 0.2991 0.395 -0.7448 -0.447 0.6346 -0.1315 -0.7612 0.0241 0.7437 0.3405 -0.5596 0.1334 0.891 0.0897 0.4345 0.0966 0.6773 0.4172 -0.5591 0.2338 0.5999 -0.6398 -0.3228 -0.356 0.8837 -0.022 0.4579 -0.0941
0.7319 -0.0422 -0.6391 -0.2327 0.3798 -0.7286 0.5373 -0.1904 0.8077 -0.0065 -0.5688 0.1549 0.2991 0.395 -0.7448 -0.447 0.6346 -0.1315 -0.7612 0.0241 0.7437 0.3405 -0.5596 0.1334 0.891 0.0897 0.4345 0.0966 0.6773 0.4172 -0.5591 0.2338 0.5999 -0.6398 -0.3228 -0.356 0.8837 -0.022 0.4579 -0.0941
0.7319 -0.0422 -0.6391 -0.2327 0.3798 -0.7286 0.5373 -0.1904 0.8077 -0.0065 -0.5688 0.1549 0.2991 0.395 -0.7448 -0.447 0.6346 -0.1315 -0.7612 0.0241 0.7437 0.3405 -0.5596 0.1334 0.891 0.0897 0.4345 0.0966 0.6763 0.4241 -0.5691 0.1971 0.5478 -0.6036 -0.4054 -0.4138 0.8837 -0.022 0.4579 -0.0941
0.7319 -0.0422 -0.6391 -0.2327 0.3798 -0.7286 0.5373 -0.1904 0.8077 -0.0065 -0.5688 0.1549 0.2991 0.395 -0.7448 -0.447 0.6346 -0.1315 -0.7612 0.0241 0.7437 0.3405 -0.5596 0.1334 0.891 0.0897 0.4345 0.0966 0.6763 0.4241 -0.5691 0.1971 0.5478 -0.6036 -0.4054 -0.4138 0.9111 -0.007 0.4083 -0.0551
0.7319 -0.0422 -0.6391 -0.2327 0.379 -0.7213 0.546 -0.195 0.8077 -0.0065 -0.5688 0.1549 0.2952 0.3942 -0.749 -0.4432 0.6346 -0.1315 -0.7612 0.0241 0.7437 0.3405 -0.5596 0.1334 0.891 0.0897 0.4345 0.0966 0.6763 0.4241 -0.5691 0.1971 0.5478 -0.6036 -0.4054 -0.4138 0.9111 -0.007 0.4083 -0.0551
0.7319 -0.0422 -0.6391 -0.2327 0.379 -0.7213 0.546 -0.195 0.8077 -0.0065 -0.5688 0.1549 0.2952 0.3942 -0.749 -0.4432 0.6346 -0.1315 -0.7612 0.0241 0.7437 0.3405 -0.5596 0.1334 0.891 0.0897 0.4345 0.0966 0.6763 0.4241 -0.5691 0.1971 0.5478 -0.6036 -0.4054 -0.4138 0.9111 -0.007 0.4083 -0.0551
0.7319 -0.0422 -0.6391 -0.2327 0.379 -0.7213 0.546 -0.195 0.8077 -0.0065 -0.5688 0.1549 0.2952 0.3942 -0.749 -0.4432 0.6346 -0.1315 -0.7612 0.0241 0.7757 0.3616 -0.5135 0.0621 0.8486 0.1056 0.5085 0.1013 0.6763 0.4241 -0.5691 0.1971 0.5478 -0.6036 -0.4054 -0.4138 0.9111 -0.007 0.4083 -0.0551
0.7277 -0.0529 -0.6388 -0.244 0.379 -0.7213 0.546 -0.195 0.806 0.0017 -0.5688 0.1639 0.2952 0.3942 -0.749 -0.4432 0.6578 -0.1699 -0.7338 -0.0095 0.7757 0.3616 -0.5135 0.0621 0.8486 0.1056 0.5085 0.1013 0.6763 0.4241 -0.5691 0.1971 0.5478 -0.6036 -0.4054 -0.4138 0.9111 -0.007 0.4083 -0.0551
0.7277 -0.0529 -0.6388 -0.244 0.379 -0.7213 0.546 -0.195 0.806 0.0017 -0.5688 0.1639 0.2952 0.3942 -0.749 -0.4432 0.6578 -0.1699 -0.7338 -0.0095 0.7757 0.3616 -0.5135 0.0621 0.8486 0.1056 0.5085 0.1013 0.6793 0.4108 -0.5849 0.1666 0.5541 -0.6492 -0.3409 -0.394 0.9111 -0.007 0.4083 -0.0551
0.7277 -0.0529 -0.6388 -0.244 0.379 -0.7213 0.546 -0.195 0.806 0.0017 -0.5688 0.1639 0.2952 0.3942 -0.749 -0.4432 0.6578 -0.1699 -0.7338 -0.0095 0.7757 0.3616 -0.5135 0.0621 0.8486 0.1056 0.5085 0.1013 0.6793 0.4108 -0.5849 0.1666 0.5541 -0.6492 -0.3409 -0.394 0.9111 -0.007 0.4083 -0.0551
0.7277 -0.0529 -0.6388 -0.244 0.379 -0.7213 0.546 -0.195 0.806 0.0017 -0.5688 0.1639 0.2952 0.3942 -0.749 -0.4432 0.6578 -0.1699 -0.7338 -0.0095 0.7757 0.3616 -0.5135 0.0621 0.8486 0.1056 0.5085 0.1013 0.6793 0.4108 -0.5849 0.1666 0.5541 -0.6492 -0.3409 -0.394 0.9206 0.0072 0.3891 -0.0331
0.7277 -0.0529 -0.6388 -0.244 0.379 -0.7213 0.546 -0.195 0.806 0.0017 -0.5688 0.1639 0.2952 0.3942 -0.749 -0.4432 0.6578 -0.1699 -0.7338 -0.0095 0.7757 0.3616 -0.5135 0.0621 0.8486 0.1056 0.5085 0.1013 0.6793 0.4108 -0.5849 0.1666 0.5541 -0.6492 -0.3409 -0.394 0.9206 0.0072 0.3891 -0.0331
0.7277 -0.0529 -0.6388 -0.244 0.3552 -0.7167 0.5626 -0.2088 0.806 0.0017 -0.5688 0.1639 0.2968 0.3773 -0.7588 -0.4402 0.6578 -0.1699 -0.7338 -0.0095 0.7757 0.3616 -0.5135 0.0621 0.8486 0.1056 0.5085 0.1013 0.6793 0.4108 -0.5849 0.1666 0.5541 -0.6492 -0.3409 -0.394 0.9206 0.0072 0.3891 -0.0331
0.7277 -0.0529 -0.6388 -0.244 0.3552 -0.7167 0.5626 -0.2088 0.806 0.0017 -0.5688 0.1639 0.2968 0.3773 -0.7588 -0.4402 0.6578 -0.1699 -0.7338 -0.0095 0.7757 0.3616 -0.5135 0.0621 0.8486 0.1056 0.5085 0.1013 0.6793 0.4108 -0.5849 0.1666 0.5541 -0.6492 -0.3409 -0.394 0.9206 0.0072 0.3891 -0.0331
0.7277 -0.0529 -0.6388 -0.244 0.3552 -0.7167 0.5626 -0.2088 0.806 0.0017 -0.5688 0.1639 0.2968 0.3773 -0.7588 -0.4402 0.6935 -0.2186 -0.686 -0.0247 0.7757 0.3616 -0.5135 0.0621 0.8486 0.1056 0.5085 0.1013 0.6793 0.4108 -0.5849 0.1666 0.5541 -0.6492 -0.3409 -0.394 0.9206 0.0072 0.3891 -0.0331
0.7277 -0.0529 -0.6388 -0.244 0.3552 -0.7167 0.5626 -0.2088 0.806 0.0017 -0.5688 0.1639 0.2968 0.3773 -0.7588 -0.4402 0.6935 -0.2186 -0.686 -0.0247 0.7757 0.3616 -0.5135 0.0621 0.8486 0.1056 0.5085 0.1013 0.6793 0.4108 -0.5849 0.1666 0.5541 -0.6492 -0.3409 -0.394 0.9206 0.0072 0.3891 -0.0331
0.7277 -0.0529 -0.6388 -0.244 0.3552 -0.7167 0.5626 -0.2088 0.806 0.0017 -0.5688 0.1639 0.2968 0.3773 -0.7588 -0.4402 0.6935 -0.2186 -0.686 -0.0247 0.7757 0.3616 -0.5135 0.0621 0.8486 0.1056 0.5085 0.1013 0.6635 0.394 -0.6136 0.1671 0.5517 -0.6755 -0.3068 -0.381 0.9187 0.0038 0.3931 -0.0381
0.7277 -0.0529 -0.6388 -0.244 0.3552 -0.7167 0.5626 -0.2088 0.806 0.0017 -0.5688 0.1639 0.2968 0.3773 -0.7588 -0.4402 0.6935 -0.2186 -0.686 -0.0247 0.7757 0.3616 -0.5135 0.0621 0.8486 0.1056 0.5085 0.1013 0.6635 0.394 -0.6136 0.1671 0.5517 -0.6755 -0.3068 -0.381 0.9187 0.0038 0.3931 -0.0381
0.7277 -0.0529 -0.6388 -0.244 0.3552 -0.7167 0.5626 -0.2088 0.806 0.0017 -0.5688 0.1639 0.2968 0.3773 -0.7588 -0.4402 0.6935 -0.2186 -0.686 -0.0247 0.7757 0.3616 -0.5135 0.0621 0.8486 0.1056 0.5085 0.1013 0.6635 0.394 -0.6136 0.1671 0.5517 -0.6755 -0.3068 -0.381 0.9187 0.0038 0.3931 -0.0381
0.7277 -0.0529 -0.6388 -0.244 0.3521 -0.7144 0.5649 -0.2159 0.806 0.0017 -0.5688 0.1639 0.3074 0.3755 -0.7501 -0.4494 0.6935 -0.2186 -0.686 -0.0247 0.7757 0.3616 -0.5135 0.0621 0.8486 0.1056 0.5085 0.1013 0.6635 0.394 -0.6136 0.1671 0.5517 -0.6755 -0.3068 -0.381 0.9187 0.0038 0.3931 -0.0381
0.7277 -0.0529 -0.6388 -0.244 0.3521 -0.7144 0.5649 -0.2159 0.806 0.0017 -0.5688 0.1639 0.3074 0.3755 -0.7501 -0.4494 0.6935 -0.2186 -0.686 -0.0247 0.8429 0.3256 -0.4279 0.0214 0.7699 0.1008 0.6285 0.0457 0.6635 0.394 -0.6136 0.1671 0.5517 -0.6755 -0.3068 -0.381 0.9187 0.0038 0.3931 -0.0381
0.7277 -0.0529 -0.6388 -0.244 0.3521 -0.7144 0.5649 -0.2159 0.806 0.0017 -0.5688 0.1639 0.3074 0.3755 -0.7501 -0.4494 0.7217 -0.1965 -0.6635 0.0201 0.8429 0.3256 -0.4279 0.0214 0.7699 0.1008 0.6285 0.0457 0.6635 0.394 -0.6136 0.1671 0.5517 -0.6755 -0.3068 -0.381 0.9187 0.0038 0.3931 -0.0381
0.7277 -0.0529 -0.6388 -0.244 0.3521 -0.7144 0.5649 -0.2159 0.806 0.0017 -0.5688 0.1639 0.3074 0.3755 -0.7501 -0.4494 0.7217 -0.1965 -0.6635 0.0201 0.8429 0.3256 -0.4279 0.0214 0.7699 0.1008 0.6285 0.0457 0.6635 0.394 -0.6136 0.1671 0.5517 -0.6755 -0.3068 -0.381 0.9187 0.0038 0.3931 -0.0381
0.7277 -0.0529 -0.6388 -0.244 0.3521 -0.7144 0.5649 -0.2159 0.806 0.0017 -0.5688 0.1639 0.3074 0.3755 -0.7501 -0.4494 0.7217 -0.1965 -0.6635 0.0201 0.8429 0.3256 -0.4279 0.0214 0.7699 0.1008 0.6285 0.0457 0.6635 0.394 -0.6136 0.1671 0.5513 -0.6807 -0.3094 -0.3701 0.9187 0.0038 0.3931 -0.0381
0.7277 -0.0529 -0.6388 -0.244 0.3521 -0.7144 0.5649 -0.2159 0.806 0.0017 -0.5688 0.1639 0.3074 0.3755 -0.7501 -0.4494 0.7217 -0.1965 -0.6635 0.0201 0.8429 0.3256 -0.4279 0.0214 0.7699 0.1008 0.6285 0.0457 0.6635 0.394 -0.6136 0.1671 0.5513 -0.6807 -0.3094 -0.3701 0.9078 -0.0037 0.4163 -0.0502
0.7277 -0.0529 -0.6388 -0.244 0.3521 -0.7144 0.5649 -0.2159 0.806 0.0017 -0.5688 0.1639 0.3074 0.3755 -0.7501 -0.4494 0.7217 -0.1965 -0.6635 0.0201 0.8429 0.3256 -0.4279 0.0214 0.7699 0.1008 0.6285 0.0457 0.6635 0.394 -0.6136 0.1671 0.5513 -0.6807 -0.3094 -0.3701 0.9078 -0.0037 0.4163 -0.0502
0.7277 -0.0529 -0.6388 -0.244 0.3552 -0.7031 0.5712 -0.2308 0.806 0.0017 -0.5688 0.1639 0.3074 0.3755 -0.7501 -0.4494 0.7217 -0.1965 -0.6635 0.0201 0.8429 0.3256 -0.4279 0.0214 0.7699 0.1008 0.6285 0.0457 0.6635 0.394 -0.6136 0.1671 0.5513 -0.6807 -0.3094 -0.3701 0.9078 -0.0037 0.4163 -0.0502
0.7277 -0.0529 -0.6388 -0.244 0.3552 -0.7031 0.5712 -0.2308 0.806 0.0017 -0.5688 0.1639 0.3074 0.3755 -0.7501 -0.4494 0.7217 -0.1965 -0.6635 0.0201 0.8157 0.283 -0.4886 0.1254 0.8383 0.0649 0.5349 0.0837 0.6635 0.394 -0.6136 0.1671 0.5513 -0.6807 -0.3094 -0.3701 0.9078 -0.0037 0.4163 -0.0502
0.7277 -0.0529 -0.6388 -0.244 0.3552 -0.7031 0.5712 -0.2308 0.806 0.0017 -0.5688 0.1639 0.3074 0.3755 -0.7501 -0.4494 0.7217 -0.1965 -0.6635 0.0201 0.8157 0.283 -0.4886 0.1254 0.8383 0.0649 0.5349 0.0837 0.6635 0.394 -0.6136 0.1671 0.5513 -0.6807 -0.3094 -0.3701 0.9078 -0.0037 0.4163 -0.0502
0.719 -0.0618 -0.6213 -0.3052 0.3552 -0.7031 0.5712 -0.2308 0.8122 -0.0209 -0.5671 0.135 0.3074 0.3755 -0.7501 -0.4494 0.723 -0.2169 -0.6545 0.0446 0.8157 0.283 -0.4886 0.1254 0.8383 0.0649 0.5349 0.0837 0.6635 0.394 -0.6136 0.1671 0.5513 -0.6807 -0.3094 -0.3701 0.9078 -0.0037 0.4163 -0.0502
0.719 -0.0618 -0.6213 -0.3052 0.3552 -0.7031 0.5712 -0.2308 0.8122 -0.0209 -0.5671 0.135 0.3074 0.3755 -0.7501 -0.4494 0.723 -0.2169 -0.6545 0.0446 0.8157 0.283 -0.4886 0.1254 0.8383 0.0649 0.5349 0.0837 0.6635 0.394 -0.6136 0.1671 0.5566 -0.6763 -0.3179 -0.363 0.9078 -0.0037 0.4163 -0.0502
0.719 -0.0618 -0.6213 -0.3052 0.3552 -0.7031 0.5712 -0.2308 0.8122 -0.0209 -0.5671 0.135 0.3074 0.3755 -0.7501 -0.4494 0.723 -0.2169 -0.6545 0.0446 0.8157 0.283 -0.4886 0.1254 0.8383 0.0649 0.5349 0.0837 0.6635 0.394 -0.6136 0.1671 0.5566 -0.6763 -0.3179 -0.363 0.8984 -0.0027 0.4364 -0.0486
0.719 -0.0618 -0.6213 -0.3052 0.3552 -0.7031 0.5712 -0.2308 0.8122 -0.0209 -0.5671 0.135 0.3074 0.3755 -0.7501 -0.4494 0.723 -0.2169 -0.6545 0.0446 0.8157 0.283 -0.4886 0.1254 0.8383 0.0649 0.5349 0.0837 0.6635 0.394 -0.6136 0.1671 0.5566 -0.6763 -0.3179 -0.363 0.8984 -0.0027 0.4364 -0.0486
0.719 -0.0618 -0.6213 -0.3052 0.3552 -0.7031 0.5712 -0.2308 0.8122 -0.0209 -0.5671 0.135 0.3074 0.3755 -0.7501 -0.4494 0.723 -0.2169 -0.6545 0.0446 0.8157 0.283 -0.4886 0.1254 0.8383 0.0649 0.5349 0.0837 0.6635 0.394 -0.6136 0.1671 0.5566 -0.6763 -0.3179 -0.363 0.8984 -0.0027 0.4364 -0.0486
0.719 -0.0618 -0.6213 -0.3052 0.3564 -0.7046 0.5673 -0.2339 0.8122 -0.0209 -0.5671 0.135 0.2899 0.3716 -0.7566 -0.4533 0.723 -0.2169 -0.6545 0.0446 0.7695 0.2137 -0.5671 0.2014 0.8752 0.0877 0.454 0.1418 0.6635 0.394 -0.6136 0.1671 0.5566 -0.6763 -0.3179 -0.363 0.8984 -0.0027 0.4364 -0.0486
0.719 -0.0618 -0.6213 -0.3052 0.3564 -0.7046 0.5673 -0.2339 0.8122 -0.0209 -0.5671 0.135 0.2899 0.3716 -0.7566 -0.4533 0.723 -0.2169 -0.6545 0.0446 0.7695 0.2137 -0.5671 0.2014 0.8752 0.0877 0.454 0.1418 0.6635 0.394 -0.6136 0.1671 0.5566 -0.6763 -0.3179 -0.363 0.8984 -0.0027 0.4364 -0.0486
0.719 -0.0618 -0.6213 -0.3052 0.3564 -0.7046 0.5673 -0.2339 0.8059 -0.0201 -0.5771 0.1302 0.2899 0.3716 -0.7566 -0.4533 0.6945 -0.2443 -0.6735 0.0662 0.7695 0.2137 -0.5671 0.2014 0.8752 0.0877 0.454 0.1418 0.5875 0.3544 -0.6714 0.2801 0.5566 -0.6763 -0.3179 -0.363 0.8984 -0.0027 0.4364 -0.0486
0.719 -0.0618 -0.6213 -0.3052 0.3564 -0.7046 0.5673 -0.2339 0.8059 -0.0201 -0.5771 0.1302 0.2899 0.3716 -0.7566 -0.4533 0.6945 -0.2443 -0.6735 0.0662 0.7695 0.2137 -0.5671 0.2014 0.8752 0.0877 0.454 0.1418 0.5875 0.3544 -0.6714 0.2801 0.5756 -0.6752 -0.3051 -0.3459 0.882 -0.0015 0.4686 -0.0506
0.719 -0.0618 -0.6213 -0.3052 0.3564 -0.7046 0.5673 -0.2339 0.8059 -0.0201 -0.5771 0.1302 0.2899 0.3716 -0.7566 -0.4533 0.6945 -0.2443 -0.6735 0.0662 0.7695 0.2137 -0.5671 0.2014 0.8752 0.0877 0.454 0.1418 0.5875 0.3544 -0.6714 0.2801 0.5756 -0.6752 -0.3051 -0.3459 0.882 -0.0015 0.4686 -0.0506
0.719 -0.0618 -0.6213 -0.3052 0.3564 -0.7046 0.5673 -0.2339 0.8059 -0.0201 -0.5771 0.1302 0.2899 0.3716 -0.7566 -0.4533 0.6945 -0.2443 -0.6735 0.0662 0.7695 0.2137 -0.5671 0.2014 0.8752 0.0877 0.454 0.1418 0.5875 0.3544 -0.6714 0.2801 0.5756 -0.6752 -0.3051 -0.3459 0.882 -0.0015 0.4686 -0.0506
0.719 -0.0618 -0.6213 -0.3052 0.3641 -0.7111 0.5574 -0.226 0.8059 -0.0201 -0.5771 0.1302 0.291 0.3812 -0.7547 -0.4477 0.6945 -0.2443 -0.6735 0.0662 0.7695 0.2137 -0.5671 0.2014 0.8752 0.0877 0.454 0.1418 0.5875 0.3544 -0.6714 0.2801 0.5756 -0.6752 -0.3051 -0.3459 0.882 -0.0015 0.4686 -0.0506
0.719 -0.0618 -0.6213 -0.3052 0.3641 -0.7111 0.5574 -0.226 0.8059 -0.0201 -0.5771 0.1302 0.291 0.3812 -0.7547 -0.4477 0.6945 -0.2443 -0.6735 0.0662 0.7112 0.1949 -0.6465 0.1959 0.8752 0.0877 0.454 0.1418 0.5875 0.3544 -0.6714 0.2801 0.5756 -0.6752 -0.3051 -0.3459 0.882 -0.0015 0.4686 -0.0506
0.719 -0.0618 -0.6213 -0.3052 0.3641 -0.7111 0.5574 -0.226 0.8059 -0.0201 -0.5771 0.1302 0.291 0.3812 -0.7547 -0.4477 0.6515 -0.2138 -0.7156 0.133 0.7112 0.1949 -0.6465 0.1959 0.8752 0.0877 0.454 0.1418 0.5875 0.3544 -0.6714 0.2801 0.5756 -0.6752 -0.3051 -0.3459 0.882 -0.0015 0.4686 -0.0506
0.719 -0.0618 -0.6213 -0.3052 0.3641 -0.7111 0.5574 -0.226 0.8059 -0.0201 -0.5771 0.1302 0.291 0.3812 -0.7547 -0.4477 0.6515 -0.2138 -0.7156 0.133 0.7112 0.1949 -0.6465 0.1959 0.8752 0.0877 0.454 0.1418 0.5875 0.3544 -0.6714 0.2801 0.5756 -0.6752 -0.3051 -0.3459 0.882 -0.0015 0.4686 -0.0506
0.7452 -0.0607 -0.5984 -0.2879 0.3641 -0.7111 0.5574 -0.226 0.8059 -0.0201 -0.5771 0.1302 0.291 0.3812 -0.7547 -0.4477 0.6515 -0.2138 -0.7156 0.133 0.7112 0.1949 -0.6465 0.1959 0.8752 0.0877 0.454 0.1418 0.572 0.357 -0.6607 0.3299 0.6132 -0.6777 -0.2691 -0.3038 0.882 -0.0015 0.4686 -0.0506
0.7452 -0.0607 -0.5984 -0.2879 0.3641 -0.7111 0.5574 -0.226 0.8059 -0.0201 -0.5771 0.1302 0.291 0.3812 -0.7547 -0.4477 0.6515 -0.2138 -0.7156 0.133 0.7112 0.1949 -0.6465 0.1959 0.8752 0.0877 0.454 0.1418 0.572 0.357 -0.6607 0.3299 0.6132 -0.6777 -0.2691 -0.3038 0.8528 -0.0137 0.5181 -0.0648
0.7452 -0.0607 -0.5984 -0.2879 0.3641 -0.7111 0.5574 -0.226 0.8059 -0.0201 -0.5771 0.1302 0.291 0.3812 -0.7547 -0.4477 0.6515 -0.2138 -0.7156 0.133 0.7112 0.1949 -0.6465 0.1959 0.8752 0.0877 0.454 0.1418 0.572 0.357 -0.6607 0.3299 0.6132 -0.6777 -0.2691 -0.3038 0.8528 -0.0137 0.5181 -0.0648
0.7452 -0.0607 -0.5984 -0.2879 0.3754 -0.7173 0.5468 -0.2133 0.8059 -0.0201 -0.5771 0.1302 0.3035 0.3978 -0.7543 -0.425 0.6515 -0.2138 -0.7156 0.133 0.7145 0.2928 -0.5925 0.2296 0.8752 0.0877 0.454 0.1418 0.572 0.357 -0.6607 0.3299 0.6132 -0.6777 -0.2691 -0.3038 0.8528 -0.0137 0.5181 -0.0648
0.7452 -0.0607 -0.5984 -0.2879 0.3754 -0.7173 0.5468 -0.2133 0.8059 -0.0201 -0.5771 0.1302 0.3035 0.3978 -0.7543 -0.425 0.6515 -0.2138 -0.7156 0.133 0.7145 0.2928 -0.5925 0.2296 0.8752 0.0877 0.454 0.1418 0.572 0.357 -0.6607 0.3299 0.6132 -0.6777 -0.2691 -0.3038 0.8528 -0.0137 0.5181 -0.0648
0.7524 -0.0773 -0.5992 -0.2621 0.3754 -0.7173 0.5468 -0.2133 0.8059 -0.0201 -0.5771 0.1302 0.3035 0.3978 -0.7543 -0.425 0.6515 -0.2138 -0.7156 0.133 0.7145 0.2928 -0.5925 0.2296 0.8752 0.0877 0.454 0.1418 0.572 0.357 -0.6607 0.3299 0.6132 -0.6777 -0.2691 -0.3038 0.8528 -0.0137 0.5181 -0.0648
0.7524 -0.0773 -0.5992 -0.2621 0.3754 -0.7173 0.5468 -0.2133 0.8059 -0.0201 -0.5771 0.1302 0.3035 0.3978 -0.7543 -0.425 0.6515 -0.2138 -0.7156 0.133 0.7145 0.2928 -0.5925 0.2296 0.8752 0.0877 0.454 0.1418 0.572 0.357 -0.6607 0.3299 0.6132 -0.6777 -0.2691 -0.3038 0.8528 -0.0137 0.5181 -0.0648
0.7524 -0.0773 -0.5992 -0.2621 0.3754 -0.7173 0.5468 -0.2133 0.8059 -0.0201 -0.5771 0.1302 0.3035 0.3978 -0.7543 -0.425 0.6515 -0.2138 -0.7156 0.133 0.7145 0.2928 -0.5925 0.2296 0.8752 0.0877 0.454 0.1418 0.5709 0.3546 -0.6432 0.3669 0.6501 -0.6717 -0.2357 -0.2659 0.7535 -0.0532 0.6461 -0.1094
0.7524 -0.0773 -0.5992 -0.2621 0.3754 -0.7173 0.5468 -0.2133 0.8059 -0.0201 -0.5771 0.1302 0.3035 0.3978 -0.7543 -0.425 0.6515 -0.2138 -0.7156 0.133 0.7145 0.2928 -0.5925 0.2296 0.8752 0.0877 0.454 0.1418 0.5709 0.3546 -0.6432 0.3669 0.6501 -0.6717 -0.2357 -0.2659 0.7535 -0.0532 0.6461 -0.1094
0.7524 -0.0773 -0.5992 -0.2621 0.3909 -0.7209 0.5388 -0.1927 0.8059 -0.0201 -0.5771 0.1302 0.3035 0.3978 -0.7543 -0.425 0.6515 -0.2138 -0.7156 0.133 0.7145 0.2928 -0.5925 0.2296 0.8752 0.0877 0.454 0.1418 0.5709 0.3546 -0.6432 0.3669 0.6501 -0.6717 -0.2357 -0.2659 0.7535 -0.0532 0.6461 -0.1094
0.7524 -0.0773 -0.5992 -0.2621 0.3909 -0.7209 0.5388 -0.1927 0.8059 -0.0201 -0.5771 0.1302 0.293 0.4067 -0.7489 -0.4333 0.6515 -0.2138 -0.7156 0.133 0.7145 0.2928 -0.5925 0.2296 0.8752 0.0877 0.454 0.1418 0.5709 0.3546 -0.6432 0.3669 0.6501 -0.6717 -0.2357 -0.2659 0.7535 -0.0532 0.6461 -0.1094
0.7524 -0.0773 -0.5992 -0.2621 0.3909 -0.7209 0.5388 -0.1927 0.8059 -0.0201 -0.5771 0.1302 0.293 0.4067 -0.7489 -0.4333 0.6515 -0.2138 -0.7156 0.133 0.7079 0.3221 -0.5863 0.2267 0.9087 0.0597 0.4067 0.0728 0.5709 0.3546 -0.6432 0.3669 0.6501 -0.6717 -0.2357 -0.2659 0.7535 -0.0532 0.6461 -0.1094
0.7524 -0.0773 -0.5992 -0.2621 0.3909 -0.7209 0.5388 -0.1927 0.8059 -0.0201 -0.5771 0.1302 0.293 0.4067 -0.7489 -0.4333 0.6515 -0.2138 -0.7156 0.133 0.7079 0.3221 -0.5863 0.2267 0.9087 0.0597 0.4067 0.0728 0.5709 0.3546 -0.6432 0.3669 0.6501 -0.6717 -0.2357 -0.2659 0.7535 -0.0532 0.6461 -0.1094
0.7728 -0.0693 -0.5861 -0.2335 0.3909 -0.7209 0.5388 -0.1927 0.8017 0.0463 -0.579 0.1413 0.293 0.4067 -0.7489 -0.4333 0.6515 -0.2138 -0.7156 0.133 0.7079 0.3221 -0.5863 0.2267 0.9087 0.0597 0.4067 0.0728 0.5709 0.3546 -0.6432 0.3669 0.6501 -0.6717 -0.2357 -0.2659 0.7535 -0.0532 0.6461 -0.1094
0.7728 -0.0693 -0.5861 -0.2335 0.3909 -0.7209 0.5388 -0.1927 0.8017 0.0463 -0.579 0.1413 0.293 0.4067 -0.7489 -0.4333 0.6515 -0.2138 -0.7156 0.133 0.7079 0.3221 -0.5863 0.2267 0.9087 0.0597 0.4067 0.0728 0.6006 0.3884 -0.6052 0.3497 0.6504 -0.6918 -0.2018 -0.2401 0.7535 -0.0532 0.6461 -0.1094
0.7728 -0.0693 -0.5861 -0.2335 0.3909 -0.7209 0.5388 -0.1927 0.8017 0.0463 -0.579 0.1413 0.293 0.4067 -0.7489 -0.4333 0.6515 -0.2138 -0.7156 0.133 0.7079 0.3221 -0.5863 0.2267 0.9087 0.0597 0.4067 0.0728 0.6006 0.3884 -0.6052 0.3497 0.6504 -0.6918 -0.2018 -0.2401 0.7535 -0.0532 0.6461 -0.1094
0.7728 -0.0693 -0.5861 -0.2335 0.3909 -0.7209 0.5388 -0.1927 0.8017 0.0463 -0.579 0.1413 0.293 0.4067 -0.7489 -0.4333 0.6515 -0.2138 -0.7156 0.133 0.7079 0.3221 -0.5863 0.2267 0.9087 0.0597 0.4067 0.0728 0.6006 0.3884 -0.6052 0.3497 0.6504 -0.6918 -0.2018 -0.2401 0.7535 -0.0532 0.6461 -0.1094
0.7728 -0.0693 -0.5861 -0.2335 0.4235 -0.7361 0.4974 -0.1771 0.8017 0.0463 -0.579 0.1413 0.282 0.4278 -0.7297 -0.4528 0.6515 -0.2138 -0.7156 0.133 0.7001 0.3231 -0.5953 0.2261 0.9087 0.0597 0.4067 0.0728 0.6006 0.3884 -0.6052 0.3497 0.6504 -0.6918 -0.2018 -0.2401 0.7535 -0.0532 0.6461 -0.1094
0.7728 -0.0693 -0.5861 -0.2335 0.4235 -0.7361 0.4974 -0.1771 0.8017 0.0463 -0.579 0.1413 0.282 0.4278 -0.7297 -0.4528 0.6515 -0.2138 -0.7156 0.133 0.7001 0.3231 -0.5953 0.2261 0.9087 0.0597 0.4067 0.0728 0.6006 0.3884 -0.6052 0.3497 0.6504 -0.6918 -0.2018 -0.2401 0.7535 -0.0532 0.6461 -0.1094
0.7902 -0.0542 -0.5814 -0.186 0.4235 -0.7361 0.4974 -0.1771 0.8017 0.0463 -0.579 0.1413 0.282 0.4278 -0.7297 -0.4528 0.6515 -0.2138 -0.7156 0.133 0.7001 0.3231 -0.5953 0.2261 0.9087 0.0597 0.4067 0.0728 0.6006 0.3884 -0.6052 0.3497 0.6504 -0.6918 -0.2018 -0.2401 0.7535 -0.0532 0.6461 -0.1094
0.7902 -0.0542 -0.5814 -0.186 0.4235 -0.7361 0.4974 -0.1771 0.8017 0.0463 -0.579 0.1413 0.282 0.4278 -0.7297 -0.4528 0.6515 -0.2138 -0.7156 0.133 0.7001 0.3231 -0.5953 0.2261 0.9087 0.0597 0.4067 0.0728 0.6302 0.4177 -0.5772 0.3084 0.6504 -0.6918 -0.2018 -0.2401 0.7535 -0.0532 0.6461 -0.1094
0.7902 -0.0542 -0.5814 -0.186 0.4235 -0.7361 0.4974 -0.1771 0.8017 0.0463 -0.579 0.1413 0.282 0.4278 -0.7297 -0.4528 0.6515 -0.2138 -0.7156 0.133 0.7001 0.3231 -0.5953 0.2261 0.9087 0.0597 0.4067 0.0728 0.6302 0.4177 -0.5772 0.3084 0.6682 -0.6302 -0.2866 -0.2723 0.7535 -0.0532 0.6461 -0.1094
0.7902 -0.0542 -0.5814 -0.186 0.4235 -0.7361 0.4974 -0.1771 0.8017 0.0463 -0.579 0.1413 0.282 0.4278 -0.7297 -0.4528 0.6515 -0.2138 -0.7156 0.133 0.7001 0.3231 -0.5953 0.2261 0.9087 0.0597 0.4067 0.0728 0.6302 0.4177 -0.5772 0.3084 0.6682 -0.6302 -0.2866 -0.2723 0.8036 -0.0639 0.5895 -0.0513
0.7902 -0.0542 -0.5814 -0.186 0.4235 -0.7361 0.4974 -0.1771 0.8017 0.0463 -0.579 0.1413 0.282 0.4278 -0.7297 -0.4528 0.6515 -0.2138 -0.7156 0.133 0.7001 0.3231 -0.5953 0.2261 0.9087 0.0597 0.4067 0.0728 0.6302 0.4177 -0.5772 0.3084 0.6682 -0.6302 -0.2866 -0.2723 0.8036 -0.0639 0.5895 -0.0513
0.7902 -0.0542 -0.5814 -0.186 0.4285 -0.7519 0.4802 -0.1428 0.8017 0.0463 -0.579 0.1413 0.2878 0.4474 -0.7256 -0.4364 0.6515 -0.2138 -0.7156 0.133 0.7001 0.3231 -0.5953 0.2261 0.8977 0.053 0.4324 0.0665 0.6302 0.4177 -0.5772 0.3084 0.6682 -0.6302 -0.2866 -0.2723 0.8036 -0.0639 0.5895 -0.0513
0.7902 -0.0542 -0.5814 -0.186 0.4285 -0.7519 0.4802 -0.1428 0.8017 0.0463 -0.579 0.1413 0.2878 0.4474 -0.7256 -0.4364 0.6515 -0.2138 -0.7156 0.133 0.6949 0.3192 -0.6019 0.23 0.8977 0.053 0.4324 0.0665 0.6302 0.4177 -0.5772 0.3084 0.6682 -0.6302 -0.2866 -0.2723 0.8036 -0.0639 0.5895 -0.0513
0.7902 -0.0542 -0.5814 -0.186 0.4285 -0.7519 0.4802 -0.1428 0.8017 0.0463 -0.579 0.1413 0.2878 0.4474 -0.7256 -0.4364 0.6515 -0.2138 -0.7156 0.133 0.6949 0.3192 -0.6019 0.23 0.8977 0.053 0.4324 0.0665 0.6302 0.4177 -0.5772 0.3084 0.6682 -0.6302 -0.2866 -0.2723 0.8036 -0.0639 0.5895 -0.0513
0.7902 -0.0542 -0.5814 -0.186 0.4285 -0.7519 0.4802 -0.1428 0.8017 0.0463 -0.579 0.1413 0.2878 0.4474 -0.7256 -0.4364 0.6515 -0.2138 -0.7156 0.133 0.6949 0.3192 -0.6019 0.23 0.8977 0.053 0.4324 0.0665 0.6293 0.4243 -0.5886 0.2783 0.6682 -0.6302 -0.2866 -0.2723 0.8036 -0.0639 0.5895 -0.0513
0.7902 -0.0542 -0.5814 -0.186 0.4285 -0.7519 0.4802 -0.1428 0.8017 0.0463 -0.579 0.1413 0.2878 0.4474 -0.7256 -0.4364 0.6515 -0.2138 -0.7156 0.133 0.6949 0.3192 -0.6019 0.23 0.8977 0.053 0.4324 0.0665 0.6293 0.4243 -0.5886 0.2783 0.6682 -0.6302 -0.2866 -0.2723 0.8036 -0.0639 0.5895 -0.0513
0.7902 -0.0542 -0.5814 -0.186 0.4285 -0.7519 0.4802 -0.1428 0.8017 0.0463 -0.579 0.1413 0.2878 0.4474 -0.7256 -0.4364 0.6515 -0.2138 -0.7156 0.133 0.6949 0.3192 -0.6019 0.23 0.8977 0.053 0.4324 0.0665 0.6293 0.4243 -0.5886 0.2783 0.6682 -0.6302 -0.2866 -0.2723 0.9194 -0.0344 0.3917 -0.0076
0.7902 -0.0542 -0.5814 -0.186 0.412 -0.772 0.4648 -0.1352 0.8017 0.0463 -0.579 0.1413 0.2878 0.4474 -0.7256 -0.4364 0.6515 -0.2138 -0.7156 0.133 0.6949 0.3192 -0.6019 0.23 0.8977 0.053 0.4324 0.0665 0.6293 0.4243 -0.5886 0.2783 0.6682 -0.6302 -0.2866 -0.2723 0.9194 -0.0344 0.3917 -0.0076
0.7902 -0.0542 -0.5814 -0.186 0.412 -0.772 0.4648 -0.1352 0.8017 0.0463 -0.579 0.1413 0.2878 0.4474 -0.7256 -0.4364 0.6515 -0.2138 -0.7156 0.133 0.6949 0.3192 -0.6019 0.23 0.8977 0.053 0.4324 0.0665 0.6293 0.4243 -0.5886 0.2783 0.6682 -0.6302 -0.2866 -0.2723 0.9194 -0.0344 0.3917 -0.0076
