rt-uaw rt-uax rt-uay rt-uaz rt-faw rt-fax rt-fay rt-faz rt-thw rt-thx rt-thy rt-thz rt-llw rt-llx rt-lly rt-llz rt-ftw rt-ftx rt-fty rt-ftz lt-uaw lt-uax lt-uay lt-uaz lt-faw lt-fax lt-fay lt-faz lt-thw lt-thx lt-thy lt-thz lt-llw lt-llx lt-lly lt-llz lt-ftw lt-ftx lt-fty lt-ftz 
0.7709 -0.0701 -0.575 -0.265 0.2372 -0.4904 -0.8168 0.1898 0.7507 -0.2452 -0.6003 -0.1263 0.2654 0.3116 -0.7283 -0.5497 0.6397 -0.1397 -0.7551 -0.0338 0.7199 0.1997 -0.6483 0.1469 0.9424 -0.0543 0.3274 0.0417 0.6976 0.1688 -0.6963 0.0095 0.7104 -0.0518 -0.6949 0.0988 0.9299 -0.0662 0.3506 -0.0892
0.7709 -0.0701 -0.575 -0.265 0.2372 -0.4904 -0.8168 0.1898 0.7507 -0.2452 -0.6003 -0.1263 0.2654 0.3116 -0.7283 -0.5497 0.6397 -0.1397 -0.7551 -0.0338 0.7199 0.1997 -0.6483 0.1469 0.9424 -0.0543 0.3274 0.0417 0.6976 0.1688 -0.6963 0.0095 0.7104 -0.0518 -0.6949 0.0988 0.9299 -0.0662 0.3506 -0.0892
0.7709 -0.0701 -0.575 -0.265 0.2375 -0.4902 -0.8173 0.1878 0.7507 -0.2452 -0.6003 -0.1263 0.2654 0.3116 -0.7283 -0.5497 0.6397 -0.1397 -0.7551 -0.0338 0.7199 0.1997 -0.6483 0.1469 0.9424 -0.0543 0.3274 0.0417 0.6964 0.1691 -0.6973 0.0125 0.7104 -0.0518 -0.6949 0.0988 0.9299 -0.0662 0.3506 -0.0892
0.7703 -0.0676 -0.576 -0.2652 0.2375 -0.4902 -0.8173 0.1878 0.7507 -0.2452 -0.6003 -0.1263 0.2654 0.3116 -0.7283 -0.5497 0.6397 -0.1397 -0.7551 -0.0338 0.7199 0.1997 -0.6483 0.1469 0.9424 -0.0543 0.3274 0.0417 0.6964 0.1691 -0.6973 0.0125 0.7104 -0.0518 -0.6949 0.0988 0.9307 -0.067 0.3484 -0.0897
0.7703 -0.0676 -0.576 -0.2652 0.2375 -0.4902 -0.8173 0.1878 0.7507 -0.2452 -0.6003 -0.1263 0.2654 0.3116 -0.7283 -0.5497 0.6397 -0.1397 -0.7551 -0.0338 0.7199 0.1997 -0.6483 0.1469 0.9424 -0.0543 0.3274 0.0417 0.6964 0.1691 -0.6973 0.0125 0.7104 -0.0518 -0.6949 0.0988 0.9307 -0.067 0.3484 -0.0897
0.7703 -0.0676 -0.576 -0.2652 0.2375 -0.4902 -0.8173 0.1878 0.7508 -0.2466 -0.6 -0.1245 0.2654 0.3116 -0.7283 -0.5497 0.6397 -0.1397 -0.7551 -0.0338 0.7194 0.2007 -0.6479 0.1496 0.9424 -0.0543 0.3274 0.0417 0.6964 0.1691 -0.6973 0.0125 0.7104 -0.0518 -0.6949 0.0988 0.9307 -0.067 0.3484 -0.0897
0.7703 -0.0676 -0.576 -0.2652 0.2375 -0.4902 -0.8173 0.1878 0.7508 -0.2466 -0.6 -0.1245 0.2654 0.3116 -0.7283 -0.5497 0.6397 -0.1397 -0.7551 -0.0338 0.7194 0.2007 -0.6479 0.1496 0.942 -0.0538 0.3287 0.0419 0.6964 0.1691 -0.6973 0.0125 0.7106 -0.0485 -0.6952 0.0964 0.9307 -0.067 0.3484 -0.0897
0.7703 -0.0676 -0.576 -0.2652 0.2375 -0.4902 -0.8173 0.1878 0.7508 -0.2466 -0.6 -0.1245 0.2654 0.3116 -0.7283 -0.5497 0.6397 -0.1397 -0.7551 -0.0338 0.7194 0.2007 -0.6479 0.1496 0.942 -0.0538 0.3287 0.0419 0.6964 0.1691 -0.6973 0.0125 0.7106 -0.0485 -0.6952 0.0964 0.9307 -0.067 0.3484 -0.0897
0.7703 -0.0676 -0.576 -0.2652 0.2375 -0.4902 -0.8173 0.1878 0.7508 -0.2466 -0.6 -0.1245 0.2654 0.3116 -0.7283 -0.5497 0.6397 -0.1397 -0.7551 -0.0338 0.7194 0.2007 -0.6479 0.1496 0.942 -0.0538 0.3287 0.0419 0.6964 0.1691 -0.6973 0.0125 0.7106 -0.0485 -0.6952 0.0964 0.9307 -0.067 0.3484 -0.0897
0.7668 -0.0668 -0.5767 -0.2736 0.2359 -0.4926 -0.8179 0.1812 0.7508 -0.2466 -0.6 -0.1245 0.2654 0.3116 -0.7283 -0.5497 0.6397 -0.1397 -0.7551 -0.0338 0.7194 0.2007 -0.6479 0.1496 0.942 -0.0538 0.3287 0.0419 0.6946 0.1687 -0.6991 0.0181 0.7106 -0.0485 -0.6952 0.0964 0.9312 -0.0708 0.3458 -0.0906
0.7668 -0.0668 -0.5767 -0.2736 0.2359 -0.4926 -0.8179 0.1812 0.7508 -0.2466 -0.6 -0.1245 0.2654 0.3116 -0.7283 -0.5497 0.6397 -0.1397 -0.7551 -0.0338 0.7194 0.2007 -0.6479 0.1496 0.942 -0.0538 0.3287 0.0419 0.6946 0.1687 -0.6991 0.0181 0.7106 -0.0485 -0.6952 0.0964 0.9312 -0.0708 0.3458 -0.0906
0.7668 -0.0668 -0.5767 -0.2736 0.2359 -0.4926 -0.8179 0.1812 0.7508 -0.2466 -0.6 -0.1245 0.2654 0.3116 -0.7283 -0.5497 0.6397 -0.1397 -0.7551 -0.0338 0.7194 0.2007 -0.6479 0.1496 0.942 -0.0538 0.3287 0.0419 0.6946 0.1687 -0.6991 0.0181 0.7106 -0.0485 -0.6952 0.0964 0.9312 -0.0708 0.3458 -0.0906
0.7668 -0.0668 -0.5767 -0.2736 0.2359 -0.4926 -0.8179 0.1812 0.7507 -0.2503 -0.5979 -0.1279 0.2654 0.3116 -0.7283 -0.5497 0.6397 -0.1397 -0.7551 -0.0338 0.718 0.2067 -0.6469 0.1528 0.942 -0.0538 0.3287 0.0419 0.6946 0.1687 -0.6991 0.0181 0.7106 -0.0485 -0.6952 0.0964 0.9312 -0.0708 0.3458 -0.0906
0.7668 -0.0668 -0.5767 -0.2736 0.2359 -0.4926 -0.8179 0.1812 0.7507 -0.2503 -0.5979 -0.1279 0.2654 0.3116 -0.7283 -0.5497 0.6397 -0.1397 -0.7551 -0.0338 0.718 0.2067 -0.6469 0.1528 0.942 -0.0538 0.3287 0.0419 0.6946 0.1687 -0.6991 0.0181 0.7106 -0.0485 -0.6952 0.0964 0.9312 -0.0708 0.3458 -0.0906
0.7668 -0.0668 -0.5767 -0.2736 0.2359 -0.4926 -0.8179 0.1812 0.7507 -0.2503 -0.5979 -0.1279 0.2654 0.3116 -0.7283 -0.5497 0.6397 -0.1397 -0.7551 -0.0338 0.718 0.2067 -0.6469 0.1528 0.942 -0.0538 0.3287 0.0419 0.6946 0.1687 -0.6991 0.0181 0.7079 -0.0524 -0.6981 0.0944 0.9312 -0.0708 0.3458 -0.0906
0.7668 -0.0668 -0.5767 -0.2736 0.2359 -0.4926 -0.8179 0.1812 0.7507 -0.2503 -0.5979 -0.1279 0.2593 0.3054 -0.7291 -0.5549 0.6416 -0.132 -0.7553 -0.0192 0.718 0.2067 -0.6469 0.1528 0.9413 -0.048 0.3317 0.0413 0.6946 0.1687 -0.6991 0.0181 0.7079 -0.0524 -0.6981 0.0944 0.9312 -0.0708 0.3458 -0.0906
0.761 -0.0663 -0.5797 -0.2838 0.2394 -0.5009 -0.8137 0.1727 0.7507 -0.2503 -0.5979 -0.1279 0.2593 0.3054 -0.7291 -0.5549 0.6416 -0.132 -0.7553 -0.0192 0.718 0.2067 -0.6469 0.1528 0.9413 -0.048 0.3317 0.0413 0.6982 0.1704 -0.6953 0.0137 0.7079 -0.0524 -0.6981 0.0944 0.9312 -0.0708 0.3458 -0.0906
0.761 -0.0663 -0.5797 -0.2838 0.2394 -0.5009 -0.8137 0.1727 0.7507 -0.2503 -0.5979 -0.1279 0.2593 0.3054 -0.7291 -0.5549 0.6416 -0.132 -0.7553 -0.0192 0.7168 0.2161 -0.6452 0.1522 0.9413 -0.048 0.3317 0.0413 0.6982 0.1704 -0.6953 0.0137 0.7079 -0.0524 -0.6981 0.0944 0.9308 -0.0762 0.3457 -0.0905
0.761 -0.0663 -0.5797 -0.2838 0.2394 -0.5009 -0.8137 0.1727 0.7507 -0.2503 -0.5979 -0.1279 0.2593 0.3054 -0.7291 -0.5549 0.6416 -0.132 -0.7553 -0.0192 0.7168 0.2161 -0.6452 0.1522 0.9413 -0.048 0.3317 0.0413 0.6982 0.1704 -0.6953 0.0137 0.7079 -0.0524 -0.6981 0.0944 0.9308 -0.0762 0.3457 -0.0905
0.761 -0.0663 -0.5797 -0.2838 0.2394 -0.5009 -0.8137 0.1727 0.7491 -0.2599 -0.5943 -0.1349 0.2593 0.3054 -0.7291 -0.5549 0.6416 -0.132 -0.7553 -0.0192 0.7168 0.2161 -0.6452 0.1522 0.9413 -0.048 0.3317 0.0413 0.6982 0.1704 -0.6953 0.0137 0.7079 -0.0524 -0.6981 0.0944 0.9308 -0.0762 0.3457 -0.0905
0.761 -0.0663 -0.5797 -0.2838 0.2394 -0.5009 -0.8137 0.1727 0.7491 -0.2599 -0.5943 -0.1349 0.2593 0.3054 -0.7291 -0.5549 0.6416 -0.132 -0.7553 -0.0192 0.7168 0.2161 -0.6452 0.1522 0.9413 -0.048 0.3317 0.0413 0.6982 0.1704 -0.6953 0.0137 0.7066 -0.0574 -0.6985 0.0975 0.9308 -0.0762 0.3457 -0.0905
0.761 -0.0663 -0.5797 -0.2838 0.2394 -0.5009 -0.8137 0.1727 0.7491 -0.2599 -0.5943 -0.1349 0.2593 0.3054 -0.7291 -0.5549 0.6416 -0.132 -0.7553 -0.0192 0.7168 0.2161 -0.6452 0.1522 0.9427 -0.0408 0.3283 0.0425 0.6982 0.1704 -0.6953 0.0137 0.7066 -0.0574 -0.6985 0.0975 0.9308 -0.0762 0.3457 -0.0905
0.761 -0.0663 -0.5797 -0.2838 0.2394 -0.5009 -0.8137 0.1727 0.7491 -0.2599 -0.5943 -0.1349 0.2593 0.3054 -0.7291 -0.5549 0.6416 -0.132 -0.7553 -0.0192 0.7168 0.2161 -0.6452 0.1522 0.9427 -0.0408 0.3283 0.0425 0.6982 0.1704 -0.6953 0.0137 0.7066 -0.0574 -0.6985 0.0975 0.9308 -0.0762 0.3457 -0.0905
0.7523 -0.0696 -0.5844 -0.296 0.2383 -0.5117 -0.8097 0.1605 0.7491 -0.2599 -0.5943 -0.1349 0.2593 0.3054 -0.7291 -0.5549 0.6416 -0.132 -0.7553 -0.0192 0.7168 0.2161 -0.6452 0.1522 0.9427 -0.0408 0.3283 0.0425 0.7013 0.1652 -0.6934 0.0121 0.7066 -0.0574 -0.6985 0.0975 0.9308 -0.0762 0.3457 -0.0905
0.7523 -0.0696 -0.5844 -0.296 0.2383 -0.5117 -0.8097 0.1605 0.7491 -0.2599 -0.5943 -0.1349 0.2593 0.3054 -0.7291 -0.5549 0.6416 -0.132 -0.7553 -0.0192 0.7168 0.2161 -0.6452 0.1522 0.9427 -0.0408 0.3283 0.0425 0.7013 0.1652 -0.6934 0.0121 0.7066 -0.0574 -0.6985 0.0975 0.9304 -0.082 0.3456 -0.0908
0.7523 -0.0696 -0.5844 -0.296 0.2383 -0.5117 -0.8097 0.1605 0.7491 -0.2599 -0.5943 -0.1349 0.2593 0.3054 -0.7291 -0.5549 0.6416 -0.132 -0.7553 -0.0192 0.7168 0.2161 -0.6452 0.1522 0.9427 -0.0408 0.3283 0.0425 0.7013 0.1652 -0.6934 0.0121 0.7066 -0.0574 -0.6985 0.0975 0.9304 -0.082 0.3456 -0.0908
0.7523 -0.0696 -0.5844 -0.296 0.2383 -0.5117 -0.8097 0.1605 0.7491 -0.2703 -0.5875 -0.1433 0.2593 0.3054 -0.7291 -0.5549 0.6416 -0.132 -0.7553 -0.0192 0.7133 0.2249 -0.6459 0.1533 0.9427 -0.0408 0.3283 0.0425 0.7013 0.1652 -0.6934 0.0121 0.7066 -0.0574 -0.6985 0.0975 0.9304 -0.082 0.3456 -0.0908
0.7523 -0.0696 -0.5844 -0.296 0.2383 -0.5117 -0.8097 0.1605 0.7491 -0.2703 -0.5875 -0.1433 0.2593 0.3054 -0.7291 -0.5549 0.6416 -0.132 -0.7553 -0.0192 0.7133 0.2249 -0.6459 0.1533 0.9427 -0.0408 0.3283 0.0425 0.7013 0.1652 -0.6934 0.0121 0.7066 -0.0574 -0.6985 0.0975 0.9304 -0.082 0.3456 -0.0908
0.7523 -0.0696 -0.5844 -0.296 0.2383 -0.5117 -0.8097 0.1605 0.7491 -0.2703 -0.5875 -0.1433 0.2547 0.2794 -0.7358 -0.5619 0.6416 -0.132 -0.7553 -0.0192 0.7133 0.2249 -0.6459 0.1533 0.9427 -0.0408 0.3283 0.0425 0.7013 0.1652 -0.6934 0.0121 0.7066 -0.0574 -0.6985 0.0975 0.9304 -0.082 0.3456 -0.0908
0.7523 -0.0696 -0.5844 -0.296 0.2383 -0.5117 -0.8097 0.1605 0.7491 -0.2703 -0.5875 -0.1433 0.2547 0.2794 -0.7358 -0.5619 0.6268 -0.1296 -0.7682 -0.0139 0.7133 0.2249 -0.6459 0.1533 0.9427 -0.0408 0.3283 0.0425 0.7013 0.1652 -0.6934 0.0121 0.7066 -0.0574 -0.6985 0.0975 0.9304 -0.082 0.3456 -0.0908
0.7427 -0.0878 -0.5881 -0.308 0.2333 -0.529 -0.8001 0.1597 0.7491 -0.2703 -0.5875 -0.1433 0.2547 0.2794 -0.7358 -0.5619 0.6268 -0.1296 -0.7682 -0.0139 0.7133 0.2249 -0.6459 0.1533 0.9427 -0.0408 0.3283 0.0425 0.7039 0.1505 -0.6941 0.0129 0.7066 -0.0574 -0.6985 0.0975 0.9304 -0.082 0.3456 -0.0908
0.7427 -0.0878 -0.5881 -0.308 0.2333 -0.529 -0.8001 0.1597 0.7491 -0.2703 -0.5875 -0.1433 0.2547 0.2794 -0.7358 -0.5619 0.6268 -0.1296 -0.7682 -0.0139 0.7133 0.2249 -0.6459 0.1533 0.9427 -0.0408 0.3283 0.0425 0.7039 0.1505 -0.6941 0.0129 0.7066 -0.0574 -0.6985 0.0975 0.9238 -0.0842 0.362 -0.0918
0.7427 -0.0878 -0.5881 -0.308 0.2333 -0.529 -0.8001 0.1597 0.7491 -0.2703 -0.5875 -0.1433 0.2547 0.2794 -0.7358 -0.5619 0.6268 -0.1296 -0.7682 -0.0139 0.7133 0.2249 -0.6459 0.1533 0.9427 -0.0408 0.3283 0.0425 0.7039 0.1505 -0.6941 0.0129 0.7066 -0.0574 -0.6985 0.0975 0.9238 -0.0842 0.362 -0.0918
0.7427 -0.0878 -0.5881 -0.308 0.2333 -0.529 -0.8001 0.1597 0.7557 -0.272 -0.5779 -0.1445 0.2547 0.2794 -0.7358 -0.5619 0.6268 -0.1296 -0.7682 -0.0139 0.7096 0.2279 -0.6508 0.1453 0.9427 -0.0408 0.3283 0.0425 0.7039 0.1505 -0.6941 0.0129 0.7066 -0.0574 -0.6985 0.0975 0.9238 -0.0842 0.362 -0.0918
0.7427 -0.0878 -0.5881 -0.308 0.2333 -0.529 -0.8001 0.1597 0.7557 -0.272 -0.5779 -0.1445 0.2547 0.2794 -0.7358 -0.5619 0.6268 -0.1296 -0.7682 -0.0139 0.7096 0.2279 -0.6508 0.1453 0.9425 -0.0392 0.3279 0.051 0.7039 0.1505 -0.6941 0.0129 0.7066 -0.0574 -0.6985 0.0975 0.9238 -0.0842 0.362 -0.0918
0.7427 -0.0878 -0.5881 -0.308 0.2333 -0.529 -0.8001 0.1597 0.7557 -0.272 -0.5779 -0.1445 0.2466 0.2729 -0.7363 -0.568 0.6146 -0.1379 -0.7761 -0.0323 0.7096 0.2279 -0.6508 0.1453 0.9425 -0.0392 0.3279 0.051 0.7039 0.1505 -0.6941 0.0129 0.7062 -0.0827 -0.692 0.1251 0.9238 -0.0842 0.362 -0.0918
0.7427 -0.0878 -0.5881 -0.308 0.2333 -0.529 -0.8001 0.1597 0.7557 -0.272 -0.5779 -0.1445 0.2466 0.2729 -0.7363 -0.568 0.6146 -0.1379 -0.7761 -0.0323 0.7096 0.2279 -0.6508 0.1453 0.9425 -0.0392 0.3279 0.051 0.7039 0.1505 -0.6941 0.0129 0.7062 -0.0827 -0.692 0.1251 0.9238 -0.0842 0.362 -0.0918
0.734 -0.113 -0.5872 -0.3221 0.23 -0.5528 -0.7841 0.1636 0.7557 -0.272 -0.5779 -0.1445 0.2466 0.2729 -0.7363 -0.568 0.6146 -0.1379 -0.7761 -0.0323 0.7096 0.2279 -0.6508 0.1453 0.9425 -0.0392 0.3279 0.051 0.7059 0.1492 -0.6923 -0.0106 0.7062 -0.0827 -0.692 0.1251 0.9238 -0.0842 0.362 -0.0918
0.734 -0.113 -0.5872 -0.3221 0.23 -0.5528 -0.7841 0.1636 0.7557 -0.272 -0.5779 -0.1445 0.2466 0.2729 -0.7363 -0.568 0.6146 -0.1379 -0.7761 -0.0323 0.7096 0.2279 -0.6508 0.1453 0.9425 -0.0392 0.3279 0.051 0.7059 0.1492 -0.6923 -0.0106 0.7062 -0.0827 -0.692 0.1251 0.9076 -0.0999 0.4028 -0.0638
0.734 -0.113 -0.5872 -0.3221 0.23 -0.5528 -0.7841 0.1636 0.7557 -0.272 -0.5779 -0.1445 0.2466 0.2729 -0.7363 -0.568 0.6146 -0.1379 -0.7761 -0.0323 0.7093 0.2391 -0.65 0.1311 0.9425 -0.0392 0.3279 0.051 0.7059 0.1492 -0.6923 -0.0106 0.7062 -0.0827 -0.692 0.1251 0.9076 -0.0999 0.4028 -0.0638
0.734 -0.113 -0.5872 -0.3221 0.23 -0.5528 -0.7841 0.1636 0.7576 -0.2758 -0.5738 -0.1442 0.2466 0.2729 -0.7363 -0.568 0.6146 -0.1379 -0.7761 -0.0323 0.7093 0.2391 -0.65 0.1311 0.9425 -0.0392 0.3279 0.051 0.7059 0.1492 -0.6923 -0.0106 0.7062 -0.0827 -0.692 0.1251 0.9076 -0.0999 0.4028 -0.0638
0.734 -0.113 -0.5872 -0.3221 0.23 -0.5528 -0.7841 0.1636 0.7576 -0.2758 -0.5738 -0.1442 0.2466 0.2729 -0.7363 -0.568 0.6146 -0.1379 -0.7761 -0.0323 0.7093 0.2391 -0.65 0.1311 0.9425 -0.0392 0.3279 0.051 0.7059 0.1492 -0.6923 -0.0106 0.7062 -0.0827 -0.692 0.1251 0.9076 -0.0999 0.4028 -0.0638
0.734 -0.113 -0.5872 -0.3221 0.23 -0.5528 -0.7841 0.1636 0.7576 -0.2758 -0.5738 -0.1442 0.2466 0.2729 -0.7363 -0.568 0.6146 -0.1379 -0.7761 -0.0323 0.7093 0.2391 -0.65 0.1311 0.9425 -0.0392 0.3279 0.051 0.7059 0.1492 -0.6923 -0.0106 0.7062 -0.0827 -0.692 0.1251 0.9076 -0.0999 0.4028 -0.0638
0.734 -0.113 -0.5872 -0.3221 0.23 -0.5528 -0.7841 0.1636 0.7576 -0.2758 -0.5738 -0.1442 0.2466 0.2729 -0.7363 -0.568 0.6146 -0.1379 -0.7761 -0.0323 0.7093 0.2391 -0.65 0.1311 0.9425 -0.0392 0.3279 0.051 0.7059 0.1492 -0.6923 -0.0106 0.7062 -0.0827 -0.692 0.1251 0.9076 -0.0999 0.4028 -0.0638
0.7363 -0.0975 -0.5869 -0.3224 0.2413 -0.5565 -0.7794 0.1572 0.7576 -0.2758 -0.5738 -0.1442 0.2466 0.2729 -0.7363 -0.568 0.6146 -0.1379 -0.7761 -0.0323 0.7093 0.2391 -0.65 0.1311 0.9425 -0.0392 0.3279 0.051 0.7092 0.1709 -0.6821 -0.0491 0.7062 -0.0827 -0.692 0.1251 0.9076 -0.0999 0.4028 -0.0638
0.7363 -0.0975 -0.5869 -0.3224 0.2413 -0.5565 -0.7794 0.1572 0.7576 -0.2758 -0.5738 -0.1442 0.2466 0.2729 -0.7363 -0.568 0.6146 -0.1379 -0.7761 -0.0323 0.7093 0.2391 -0.65 0.1311 0.9425 -0.0392 0.3279 0.051 0.7092 0.1709 -0.6821 -0.0491 0.7062 -0.0827 -0.692 0.1251 0.9182 -0.085 0.3758 -0.0925
0.7363 -0.0975 -0.5869 -0.3224 0.2413 -0.5565 -0.7794 0.1572 0.7576 -0.2758 -0.5738 -0.1442 0.2466 0.2729 -0.7363 -0.568 0.6146 -0.1379 -0.7761 -0.0323 0.7093 0.2391 -0.65 0.1311 0.9425 -0.0392 0.3279 0.051 0.7092 0.1709 -0.6821 -0.0491 0.7062 -0.0827 -0.692 0.1251 0.9182 -0.085 0.3758 -0.0925
0.7363 -0.0975 -0.5869 -0.3224 0.2413 -0.5565 -0.7794 0.1572 0.751 -0.2761 -0.5851 -0.1324 0.2466 0.2729 -0.7363 -0.568 0.6146 -0.1379 -0.7761 -0.0323 0.7135 0.2603 -0.6394 0.1195 0.9425 -0.0392 0.3279 0.051 0.7092 0.1709 -0.6821 -0.0491 0.7062 -0.0827 -0.692 0.1251 0.9182 -0.085 0.3758 -0.0925
0.7363 -0.0975 -0.5869 -0.3224 0.2413 -0.5565 -0.7794 0.1572 0.751 -0.2761 -0.5851 -0.1324 0.2466 0.2729 -0.7363 -0.568 0.6146 -0.1379 -0.7761 -0.0323 0.7135 0.2603 -0.6394 0.1195 0.9425 -0.0392 0.3279 0.051 0.7092 0.1709 -0.6821 -0.0491 0.7062 -0.0827 -0.692 0.1251 0.9182 -0.085 0.3758 -0.0925
0.7363 -0.0975 -0.5869 -0.3224 0.2413 -0.5565 -0.7794 0.1572 0.751 -0.2761 -0.5851 -0.1324 0.262 0.282 -0.7338 -0.5599 0.6204 -0.1328 -0.7724 -0.0292 0.7135 0.2603 -0.6394 0.1195 0.938 -0.0405 0.3413 0.0448 0.7092 0.1709 -0.6821 -0.0491 0.6992 -0.0696 -0.7068 0.0817 0.9182 -0.085 0.3758 -0.0925
0.7363 -0.0975 -0.5869 -0.3224 0.2413 -0.5565 -0.7794 0.1572 0.751 -0.2761 -0.5851 -0.1324 0.262 0.282 -0.7338 -0.5599 0.6204 -0.1328 -0.7724 -0.0292 0.7135 0.2603 -0.6394 0.1195 0.938 -0.0405 0.3413 0.0448 0.7092 0.1709 -0.6821 -0.0491 0.6992 -0.0696 -0.7068 0.0817 0.9182 -0.085 0.3758 -0.0925
0.759 -0.061 -0.5743 -0.3008 0.2545 -0.5248 -0.7953 0.1653 0.751 -0.2761 -0.5851 -0.1324 0.262 0.282 -0.7338 -0.5599 0.6204 -0.1328 -0.7724 -0.0292 0.7135 0.2603 -0.6394 0.1195 0.938 -0.0405 0.3413 0.0448 0.7078 0.1682 -0.6829 -0.066 0.6992 -0.0696 -0.7068 0.0817 0.9182 -0.085 0.3758 -0.0925
0.759 -0.061 -0.5743 -0.3008 0.2545 -0.5248 -0.7953 0.1653 0.751 -0.2761 -0.5851 -0.1324 0.262 0.282 -0.7338 -0.5599 0.6204 -0.1328 -0.7724 -0.0292 0.7135 0.2603 -0.6394 0.1195 0.938 -0.0405 0.3413 0.0448 0.7078 0.1682 -0.6829 -0.066 0.6992 -0.0696 -0.7068 0.0817 0.9302 -0.0777 0.3477 -0.0886
0.759 -0.061 -0.5743 -0.3008 0.2545 -0.5248 -0.7953 0.1653 0.751 -0.2761 -0.5851 -0.1324 0.262 0.282 -0.7338 -0.5599 0.6204 -0.1328 -0.7724 -0.0292 0.7135 0.2603 -0.6394 0.1195 0.938 -0.0405 0.3413 0.0448 0.7078 0.1682 -0.6829 -0.066 0.6992 -0.0696 -0.7068 0.0817 0.9302 -0.0777 0.3477 -0.0886
0.759 -0.061 -0.5743 -0.3008 0.2545 -0.5248 -0.7953 0.1653 0.7513 -0.2585 -0.596 -0.1161 0.262 0.282 -0.7338 -0.5599 0.6204 -0.1328 -0.7724 -0.0292 0.7299 0.2921 -0.6126 0.0822 0.938 -0.0405 0.3413 0.0448 0.7078 0.1682 -0.6829 -0.066 0.6992 -0.0696 -0.7068 0.0817 0.9302 -0.0777 0.3477 -0.0886
0.759 -0.061 -0.5743 -0.3008 0.2545 -0.5248 -0.7953 0.1653 0.7513 -0.2585 -0.596 -0.1161 0.262 0.282 -0.7338 -0.5599 0.6204 -0.1328 -0.7724 -0.0292 0.7299 0.2921 -0.6126 0.0822 0.938 -0.0405 0.3413 0.0448 0.7078 0.1682 -0.6829 -0.066 0.6992 -0.0696 -0.7068 0.0817 0.9302 -0.0777 0.3477 -0.0886
0.759 -0.061 -0.5743 -0.3008 0.2545 -0.5248 -0.7953 0.1653 0.7513 -0.2585 -0.596 -0.1161 0.2807 0.3011 -0.7267 -0.5499 0.6204 -0.1328 -0.7724 -0.0292 0.7299 0.2921 -0.6126 0.0822 0.9131 -0.0369 0.4047 0.0334 0.7078 0.1682 -0.6829 -0.066 0.6927 -0.0874 -0.7103 0.0891 0.9302 -0.0777 0.3477 -0.0886
0.759 -0.061 -0.5743 -0.3008 0.2545 -0.5248 -0.7953 0.1653 0.7513 -0.2585 -0.596 -0.1161 0.2807 0.3011 -0.7267 -0.5499 0.6204 -0.1328 -0.7724 -0.0292 0.7299 0.2921 -0.6126 0.0822 0.9131 -0.0369 0.4047 0.0334 0.7078 0.1682 -0.6829 -0.066 0.6927 -0.0874 -0.7103 0.0891 0.9302 -0.0777 0.3477 -0.0886
0.7648 -0.0427 -0.572 -0.2932 0.2537 -0.5013 -0.811 0.1628 0.7513 -0.2585 -0.596 -0.1161 0.2807 0.3011 -0.7267 -0.5499 0.6204 -0.1328 -0.7724 -0.0292 0.7299 0.2921 -0.6126 0.0822 0.9131 -0.0369 0.4047 0.0334 0.7049 0.1672 -0.6888 -0.0258 0.6927 -0.0874 -0.7103 0.0891 0.9302 -0.0777 0.3477 -0.0886
0.7648 -0.0427 -0.572 -0.2932 0.2537 -0.5013 -0.811 0.1628 0.7513 -0.2585 -0.596 -0.1161 0.2807 0.3011 -0.7267 -0.5499 0.6204 -0.1328 -0.7724 -0.0292 0.7299 0.2921 -0.6126 0.0822 0.9131 -0.0369 0.4047 0.0334 0.7049 0.1672 -0.6888 -0.0258 0.6927 -0.0874 -0.7103 0.0891 0.9301 -0.0829 0.3469 -0.0883
0.7648 -0.0427 -0.572 -0.2932 0.2537 -0.5013 -0.811 0.1628 0.7513 -0.2585 -0.596 -0.1161 0.2807 0.3011 -0.7267 -0.5499 0.6204 -0.1328 -0.7724 -0.0292 0.7299 0.2921 -0.6126 0.0822 0.9131 -0.0369 0.4047 0.0334 0.7049 0.1672 -0.6888 -0.0258 0.6927 -0.0874 -0.7103 0.0891 0.9301 -0.0829 0.3469 -0.0883
0.7648 -0.0427 -0.572 -0.2932 0.2537 -0.5013 -0.811 0.1628 0.7466 -0.2467 -0.6074 -0.1124 0.2807 0.3011 -0.7267 -0.5499 0.6204 -0.1328 -0.7724 -0.0292 0.7408 0.2876 -0.6048 0.0514 0.9131 -0.0369 0.4047 0.0334 0.7049 0.1672 -0.6888 -0.0258 0.6927 -0.0874 -0.7103 0.0891 0.9301 -0.0829 0.3469 -0.0883
0.7648 -0.0427 -0.572 -0.2932 0.2537 -0.5013 -0.811 0.1628 0.7466 -0.2467 -0.6074 -0.1124 0.2807 0.3011 -0.7267 -0.5499 0.6204 -0.1328 -0.7724 -0.0292 0.7408 0.2876 -0.6048 0.0514 0.9131 -0.0369 0.4047 0.0334 0.7049 0.1672 -0.6888 -0.0258 0.6927 -0.0874 -0.7103 0.0891 0.9301 -0.0829 0.3469 -0.0883
0.7648 -0.0427 -0.572 -0.2932 0.2537 -0.5013 -0.811 0.1628 0.7466 -0.2467 -0.6074 -0.1124 0.2807 0.3011 -0.7267 -0.5499 0.6204 -0.1328 -0.7724 -0.0292 0.7408 0.2876 -0.6048 0.0514 0.9138 -0.0157 0.4056 0.0147 0.7049 0.1672 -0.6888 -0.0258 0.6995 -0.0714 -0.7039 0.1012 0.9301 -0.0829 0.3469 -0.0883
0.7648 -0.0427 -0.572 -0.2932 0.2482 -0.4927 -0.8223 0.1396 0.7466 -0.2467 -0.6074 -0.1124 0.2807 0.3011 -0.7267 -0.5499 0.6204 -0.1328 -0.7724 -0.0292 0.7408 0.2876 -0.6048 0.0514 0.9138 -0.0157 0.4056 0.0147 0.6903 0.163 -0.7045 0.0247 0.6995 -0.0714 -0.7039 0.1012 0.9301 -0.0829 0.3469 -0.0883
0.7571 -0.0291 -0.5732 -0.3123 0.2482 -0.4927 -0.8223 0.1396 0.7466 -0.2467 -0.6074 -0.1124 0.2807 0.3011 -0.7267 -0.5499 0.6204 -0.1328 -0.7724 -0.0292 0.7408 0.2876 -0.6048 0.0514 0.9138 -0.0157 0.4056 0.0147 0.6903 0.163 -0.7045 0.0247 0.6995 -0.0714 -0.7039 0.1012 0.9306 -0.0807 0.3467 -0.0853
0.7571 -0.0291 -0.5732 -0.3123 0.2482 -0.4927 -0.8223 0.1396 0.7466 -0.2467 -0.6074 -0.1124 0.2807 0.3011 -0.7267 -0.5499 0.6204 -0.1328 -0.7724 -0.0292 0.7408 0.2876 -0.6048 0.0514 0.9138 -0.0157 0.4056 0.0147 0.6903 0.163 -0.7045 0.0247 0.6995 -0.0714 -0.7039 0.1012 0.9306 -0.0807 0.3467 -0.0853
0.7571 -0.0291 -0.5732 -0.3123 0.2482 -0.4927 -0.8223 0.1396 0.7466 -0.2467 -0.6074 -0.1124 0.2807 0.3011 -0.7267 -0.5499 0.6204 -0.1328 -0.7724 -0.0292 0.7408 0.2876 -0.6048 0.0514 0.9138 -0.0157 0.4056 0.0147 0.6903 0.163 -0.7045 0.0247 0.6995 -0.0714 -0.7039 0.1012 0.9306 -0.0807 0.3467 -0.0853
0.7571 -0.0291 -0.5732 -0.3123 0.2482 -0.4927 -0.8223 0.1396 0.739 -0.2695 -0.6097 -0.0972 0.2807 0.3011 -0.7267 -0.5499 0.6204 -0.1328 -0.7724 -0.0292 0.707 0.2321 -0.652 0.1452 0.9138 -0.0157 0.4056 0.0147 0.6903 0.163 -0.7045 0.0247 0.6995 -0.0714 -0.7039 0.1012 0.9306 -0.0807 0.3467 -0.0853
0.7571 -0.0291 -0.5732 -0.3123 0.2482 -0.4927 -0.8223 0.1396 0.739 -0.2695 -0.6097 -0.0972 0.2807 0.3011 -0.7267 -0.5499 0.6204 -0.1328 -0.7724 -0.0292 0.707 0.2321 -0.652 0.1452 0.9138 -0.0157 0.4056 0.0147 0.6903 0.163 -0.7045 0.0247 0.6995 -0.0714 -0.7039 0.1012 0.9306 -0.0807 0.3467 -0.0853
0.7571 -0.0291 -0.5732 -0.3123 0.2482 -0.4927 -0.8223 0.1396 0.739 -0.2695 -0.6097 -0.0972 0.2836 0.2927 -0.7479 -0.524 0.6533 -0.1318 -0.7451 0.0265 0.707 0.2321 -0.652 0.1452 0.9346 -0.0358 0.3519 0.038 0.6903 0.163 -0.7045 0.0247 0.6992 -0.0833 -0.6998 0.1203 0.9306 -0.0807 0.3467 -0.0853
0.7571 -0.0291 -0.5732 -0.3123 0.2482 -0.4927 -0.8223 0.1396 0.739 -0.2695 -0.6097 -0.0972 0.2836 0.2927 -0.7479 -0.524 0.6533 -0.1318 -0.7451 0.0265 0.707 0.2321 -0.652 0.1452 0.9346 -0.0358 0.3519 0.038 0.6903 0.163 -0.7045 0.0247 0.6992 -0.0833 -0.6998 0.1203 0.9306 -0.0807 0.3467 -0.0853
0.7393 -0.0276 -0.5905 -0.3226 0.2374 -0.506 -0.8195 0.1268 0.739 -0.2695 -0.6097 -0.0972 0.2836 0.2927 -0.7479 -0.524 0.6533 -0.1318 -0.7451 0.0265 0.707 0.2321 -0.652 0.1452 0.9346 -0.0358 0.3519 0.038 0.6946 0.1494 -0.7036 0.0145 0.6992 -0.0833 -0.6998 0.1203 0.9306 -0.0807 0.3467 -0.0853
0.7393 -0.0276 -0.5905 -0.3226 0.2374 -0.506 -0.8195 0.1268 0.739 -0.2695 -0.6097 -0.0972 0.2836 0.2927 -0.7479 -0.524 0.6533 -0.1318 -0.7451 0.0265 0.707 0.2321 -0.652 0.1452 0.9346 -0.0358 0.3519 0.038 0.6946 0.1494 -0.7036 0.0145 0.6992 -0.0833 -0.6998 0.1203 0.9142 -0.0787 0.3906 -0.0732
0.7393 -0.0276 -0.5905 -0.3226 0.2374 -0.506 -0.8195 0.1268 0.739 -0.2695 -0.6097 -0.0972 0.2836 0.2927 -0.7479 -0.524 0.6533 -0.1318 -0.7451 0.0265 0.707 0.2321 -0.652 0.1452 0.9346 -0.0358 0.3519 0.038 0.6946 0.1494 -0.7036 0.0145 0.6992 -0.0833 -0.6998 0.1203 0.9142 -0.0787 0.3906 -0.0732
0.7393 -0.0276 -0.5905 -0.3226 0.2374 -0.506 -0.8195 0.1268 0.7379 -0.2824 -0.6072 -0.0843 0.2836 0.2927 -0.7479 -0.524 0.6533 -0.1318 -0.7451 0.0265 0.701 0.2365 -0.6622 0.1194 0.9375 -0.0328 0.3447 0.0341 0.6946 0.1494 -0.7036 0.0145 0.6992 -0.0833 -0.6998 0.1203 0.9142 -0.0787 0.3906 -0.0732
0.7393 -0.0276 -0.5905 -0.3226 0.2374 -0.506 -0.8195 0.1268 0.7379 -0.2824 -0.6072 -0.0843 0.2836 0.2927 -0.7479 -0.524 0.6533 -0.1318 -0.7451 0.0265 0.701 0.2365 -0.6622 0.1194 0.9375 -0.0328 0.3447 0.0341 0.6946 0.1494 -0.7036 0.0145 0.6992 -0.0833 -0.6998 0.1203 0.9142 -0.0787 0.3906 -0.0732
0.7393 -0.0276 -0.5905 -0.3226 0.2374 -0.506 -0.8195 0.1268 0.7379 -0.2824 -0.6072 -0.0843 0.3022 0.2841 -0.7527 -0.5112 0.639 -0.1859 -0.7463 -0.0132 0.701 0.2365 -0.6622 0.1194 0.9375 -0.0328 0.3447 0.0341 0.6946 0.1494 -0.7036 0.0145 0.6656 -0.1586 -0.7059 0.1826 0.9142 -0.0787 0.3906 -0.0732
0.7393 -0.0276 -0.5905 -0.3226 0.2374 -0.506 -0.8195 0.1268 0.7379 -0.2824 -0.6072 -0.0843 0.3022 0.2841 -0.7527 -0.5112 0.639 -0.1859 -0.7463 -0.0132 0.701 0.2365 -0.6622 0.1194 0.9375 -0.0328 0.3447 0.0341 0.6946 0.1494 -0.7036 0.0145 0.6656 -0.1586 -0.7059 0.1826 0.9142 -0.0787 0.3906 -0.0732
0.7332 -0.0448 -0.5996 -0.3176 0.2197 -0.522 -0.8127 0.1373 0.7379 -0.2824 -0.6072 -0.0843 0.3022 0.2841 -0.7527 -0.5112 0.639 -0.1859 -0.7463 -0.0132 0.701 0.2365 -0.6622 0.1194 0.9375 -0.0328 0.3447 0.0341 0.7125 0.1557 -0.6824 -0.0492 0.6656 -0.1586 -0.7059 0.1826 0.8757 -0.0909 0.4719 -0.0458
0.7332 -0.0448 -0.5996 -0.3176 0.2197 -0.522 -0.8127 0.1373 0.7379 -0.2824 -0.6072 -0.0843 0.3022 0.2841 -0.7527 -0.5112 0.639 -0.1859 -0.7463 -0.0132 0.701 0.2365 -0.6622 0.1194 0.9375 -0.0328 0.3447 0.0341 0.7125 0.1557 -0.6824 -0.0492 0.6656 -0.1586 -0.7059 0.1826 0.8757 -0.0909 0.4719 -0.0458
0.7332 -0.0448 -0.5996 -0.3176 0.2197 -0.522 -0.8127 0.1373 0.7375 -0.2934 -0.6021 -0.0862 0.3022 0.2841 -0.7527 -0.5112 0.639 -0.1859 -0.7463 -0.0132 0.7027 0.2503 -0.6604 0.0864 0.9375 -0.0328 0.3447 0.0341 0.7125 0.1557 -0.6824 -0.0492 0.6656 -0.1586 -0.7059 0.1826 0.8757 -0.0909 0.4719 -0.0458
0.7332 -0.0448 -0.5996 -0.3176 0.2197 -0.522 -0.8127 0.1373 0.7375 -0.2934 -0.6021 -0.0862 0.3022 0.2841 -0.7527 -0.5112 0.639 -0.1859 -0.7463 -0.0132 0.7027 0.2503 -0.6604 0.0864 0.9375 -0.0328 0.3447 0.0341 0.7125 0.1557 -0.6824 -0.0492 0.6656 -0.1586 -0.7059 0.1826 0.8757 -0.0909 0.4719 -0.0458
0.7332 -0.0448 -0.5996 -0.3176 0.2197 -0.522 -0.8127 0.1373 0.7375 -0.2934 -0.6021 -0.0862 0.3022 0.2841 -0.7527 -0.5112 0.639 -0.1859 -0.7463 -0.0132 0.7027 0.2503 -0.6604 0.0864 0.9289 -0.0245 0.3673 0.0408 0.7125 0.1557 -0.6824 -0.0492 0.6656 -0.1586 -0.7059 0.1826 0.8757 -0.0909 0.4719 -0.0458
0.7332 -0.0448 -0.5996 -0.3176 0.2197 -0.522 -0.8127 0.1373 0.7375 -0.2934 -0.6021 -0.0862 0.294 0.2675 -0.7576 -0.5177 0.639 -0.1859 -0.7463 -0.0132 0.7027 0.2503 -0.6604 0.0864 0.9289 -0.0245 0.3673 0.0408 0.7125 0.1557 -0.6824 -0.0492 0.6661 -0.1237 -0.7142 0.1761 0.8757 -0.0909 0.4719 -0.0458
0.7328 -0.0408 -0.5994 -0.3195 0.2219 -0.524 -0.8126 0.1259 0.7375 -0.2934 -0.6021 -0.0862 0.294 0.2675 -0.7576 -0.5177 0.639 -0.1859 -0.7463 -0.0132 0.7027 0.2503 -0.6604 0.0864 0.9289 -0.0245 0.3673 0.0408 0.712 0.178 -0.676 -0.0665 0.6661 -0.1237 -0.7142 0.1761 0.8757 -0.0909 0.4719 -0.0458
0.7328 -0.0408 -0.5994 -0.3195 0.2219 -0.524 -0.8126 0.1259 0.7375 -0.2934 -0.6021 -0.0862 0.294 0.2675 -0.7576 -0.5177 0.639 -0.1859 -0.7463 -0.0132 0.7027 0.2503 -0.6604 0.0864 0.9289 -0.0245 0.3673 0.0408 0.712 0.178 -0.676 -0.0665 0.6661 -0.1237 -0.7142 0.1761 0.9105 -0.1136 0.3875 -0.0891
0.7328 -0.0408 -0.5994 -0.3195 0.2219 -0.524 -0.8126 0.1259 0.7375 -0.2934 -0.6021 -0.0862 0.294 0.2675 -0.7576 -0.5177 0.639 -0.1859 -0.7463 -0.0132 0.7027 0.2503 -0.6604 0.0864 0.9289 -0.0245 0.3673 0.0408 0.712 0.178 -0.676 -0.0665 0.6661 -0.1237 -0.7142 0.1761 0.9105 -0.1136 0.3875 -0.0891
0.7328 -0.0408 -0.5994 -0.3195 0.2219 -0.524 -0.8126 0.1259 0.7448 -0.282 -0.5979 -0.0912 0.294 0.2675 -0.7576 -0.5177 0.639 -0.1859 -0.7463 -0.0132 0.7166 0.248 -0.648 0.0709 0.9289 -0.0245 0.3673 0.0408 0.712 0.178 -0.676 -0.0665 0.6661 -0.1237 -0.7142 0.1761 0.9105 -0.1136 0.3875 -0.0891
0.7328 -0.0408 -0.5994 -0.3195 0.2219 -0.524 -0.8126 0.1259 0.7448 -0.282 -0.5979 -0.0912 0.294 0.2675 -0.7576 -0.5177 0.639 -0.1859 -0.7463 -0.0132 0.7166 0.248 -0.648 0.0709 0.9213 -0.0208 0.386 0.0427 0.712 0.178 -0.676 -0.0665 0.6661 -0.1237 -0.7142 0.1761 0.9105 -0.1136 0.3875 -0.0891
0.7328 -0.0408 -0.5994 -0.3195 0.2219 -0.524 -0.8126 0.1259 0.7448 -0.282 -0.5979 -0.0912 0.294 0.2675 -0.7576 -0.5177 0.639 -0.1859 -0.7463 -0.0132 0.7166 0.248 -0.648 0.0709 0.9213 -0.0208 0.386 0.0427 0.712 0.178 -0.676 -0.0665 0.6661 -0.1237 -0.7142 0.1761 0.9105 -0.1136 0.3875 -0.0891
0.7328 -0.0408 -0.5994 -0.3195 0.2219 -0.524 -0.8126 0.1259 0.7448 -0.282 -0.5979 -0.0912 0.28 0.2951 -0.7403 -0.5352 0.6099 -0.1531 -0.7743 -0.0711 0.7166 0.248 -0.648 0.0709 0.9213 -0.0208 0.386 0.0427 0.712 0.178 -0.676 -0.0665 0.6953 -0.0229 -0.7136 0.0823 0.9105 -0.1136 0.3875 -0.0891
0.7328 -0.0408 -0.5994 -0.3195 0.2219 -0.524 -0.8126 0.1259 0.7448 -0.282 -0.5979 -0.0912 0.28 0.2951 -0.7403 -0.5352 0.6099 -0.1531 -0.7743 -0.0711 0.7166 0.248 -0.648 0.0709 0.9213 -0.0208 0.386 0.0427 0.712 0.178 -0.676 -0.0665 0.6953 -0.0229 -0.7136 0.0823 0.9105 -0.1136 0.3875 -0.0891
0.7668 -0.0193 -0.5694 -0.2958 0.2417 -0.4863 -0.8265 0.1481 0.7448 -0.282 -0.5979 -0.0912 0.28 0.2951 -0.7403 -0.5352 0.6099 -0.1531 -0.7743 -0.0711 0.7166 0.248 -0.648 0.0709 0.9213 -0.0208 0.386 0.0427 0.7006 0.1768 -0.6859 -0.0866 0.6953 -0.0229 -0.7136 0.0823 0.9105 -0.1136 0.3875 -0.0891
0.7668 -0.0193 -0.5694 -0.2958 0.2417 -0.4863 -0.8265 0.1481 0.7448 -0.282 -0.5979 -0.0912 0.28 0.2951 -0.7403 -0.5352 0.6099 -0.1531 -0.7743 -0.0711 0.7166 0.248 -0.648 0.0709 0.9213 -0.0208 0.386 0.0427 0.7006 0.1768 -0.6859 -0.0866 0.6953 -0.0229 -0.7136 0.0823 0.9297 -0.0849 0.3538 -0.0577
0.7668 -0.0193 -0.5694 -0.2958 0.2417 -0.4863 -0.8265 0.1481 0.7448 -0.282 -0.5979 -0.0912 0.28 0.2951 -0.7403 -0.5352 0.6099 -0.1531 -0.7743 -0.0711 0.7166 0.248 -0.648 0.0709 0.9213 -0.0208 0.386 0.0427 0.7006 0.1768 -0.6859 -0.0866 0.6953 -0.0229 -0.7136 0.0823 0.9297 -0.0849 0.3538 -0.0577
0.7668 -0.0193 -0.5694 -0.2958 0.2417 -0.4863 -0.8265 0.1481 0.7448 -0.282 -0.5979 -0.0912 0.28 0.2951 -0.7403 -0.5352 0.6099 -0.1531 -0.7743 -0.0711 0.7166 0.248 -0.648 0.0709 0.8834 0.0042 0.4676 0.0294 0.7006 0.1768 -0.6859 -0.0866 0.6953 -0.0229 -0.7136 0.0823 0.9297 -0.0849 0.3538 -0.0577
0.7668 -0.0193 -0.5694 -0.2958 0.2417 -0.4863 -0.8265 0.1481 0.7448 -0.282 -0.5979 -0.0912 0.28 0.2951 -0.7403 -0.5352 0.6099 -0.1531 -0.7743 -0.0711 0.7166 0.248 -0.648 0.0709 0.8834 0.0042 0.4676 0.0294 0.7006 0.1768 -0.6859 -0.0866 0.6953 -0.0229 -0.7136 0.0823 0.9297 -0.0849 0.3538 -0.0577
0.7668 -0.0193 -0.5694 -0.2958 0.2417 -0.4863 -0.8265 0.1481 0.7448 -0.282 -0.5979 -0.0912 0.2714 0.3127 -0.7434 -0.5253 0.642 -0.1393 -0.7534 -0.0284 0.7166 0.248 -0.648 0.0709 0.8834 0.0042 0.4676 0.0294 0.7006 0.1768 -0.6859 -0.0866 0.681 -0.0733 -0.7208 0.1069 0.9297 -0.0849 0.3538 -0.0577
0.7668 -0.0193 -0.5694 -0.2958 0.2417 -0.4863 -0.8265 0.1481 0.7448 -0.282 -0.5979 -0.0912 0.2714 0.3127 -0.7434 -0.5253 0.642 -0.1393 -0.7534 -0.0284 0.7166 0.248 -0.648 0.0709 0.8834 0.0042 0.4676 0.0294 0.7006 0.1768 -0.6859 -0.0866 0.681 -0.0733 -0.7208 0.1069 0.9297 -0.0849 0.3538 -0.0577
0.7598 -0.0293 -0.574 -0.304 0.2498 -0.4955 -0.8188 0.1469 0.7448 -0.282 -0.5979 -0.0912 0.2714 0.3127 -0.7434 -0.5253 0.642 -0.1393 -0.7534 -0.0284 0.7166 0.248 -0.648 0.0709 0.8834 0.0042 0.4676 0.0294 0.7023 0.1797 -0.6872 -0.0473 0.681 -0.0733 -0.7208 0.1069 0.9297 -0.0849 0.3538 -0.0577
0.7598 -0.0293 -0.574 -0.304 0.2498 -0.4955 -0.8188 0.1469 0.7448 -0.282 -0.5979 -0.0912 0.2714 0.3127 -0.7434 -0.5253 0.642 -0.1393 -0.7534 -0.0284 0.7166 0.248 -0.648 0.0709 0.8834 0.0042 0.4676 0.0294 0.7023 0.1797 -0.6872 -0.0473 0.681 -0.0733 -0.7208 0.1069 0.9298 -0.0814 0.3552 -0.052
0.7598 -0.0293 -0.574 -0.304 0.2498 -0.4955 -0.8188 0.1469 0.7448 -0.282 -0.5979 -0.0912 0.2714 0.3127 -0.7434 -0.5253 0.642 -0.1393 -0.7534 -0.0284 0.7381 0.2923 -0.6063 0.047 0.8834 0.0042 0.4676 0.0294 0.7023 0.1797 -0.6872 -0.0473 0.681 -0.0733 -0.7208 0.1069 0.9298 -0.0814 0.3552 -0.052
0.7598 -0.0293 -0.574 -0.304 0.2498 -0.4955 -0.8188 0.1469 0.7319 -0.2545 -0.6207 -0.1196 0.2714 0.3127 -0.7434 -0.5253 0.642 -0.1393 -0.7534 -0.0284 0.7381 0.2923 -0.6063 0.047 0.8834 0.0042 0.4676 0.0294 0.7023 0.1797 -0.6872 -0.0473 0.681 -0.0733 -0.7208 0.1069 0.9298 -0.0814 0.3552 -0.052
0.7598 -0.0293 -0.574 -0.304 0.2498 -0.4955 -0.8188 0.1469 0.7319 -0.2545 -0.6207 -0.1196 0.2714 0.3127 -0.7434 -0.5253 0.642 -0.1393 -0.7534 -0.0284 0.7381 0.2923 -0.6063 0.047 0.8834 0.0042 0.4676 0.0294 0.7023 0.1797 -0.6872 -0.0473 0.681 -0.0733 -0.7208 0.1069 0.9298 -0.0814 0.3552 -0.052
0.7598 -0.0293 -0.574 -0.304 0.2498 -0.4955 -0.8188 0.1469 0.7319 -0.2545 -0.6207 -0.1196 0.2568 0.2953 -0.7535 -0.5283 0.642 -0.1393 -0.7534 -0.0284 0.7381 0.2923 -0.6063 0.047 0.8834 0.0042 0.4676 0.0294 0.7023 0.1797 -0.6872 -0.0473 0.6822 -0.077 -0.7156 0.1287 0.9298 -0.0814 0.3552 -0.052
0.7598 -0.0293 -0.574 -0.304 0.2441 -0.5062 -0.8159 0.1357 0.7319 -0.2545 -0.6207 -0.1196 0.2568 0.2953 -0.7535 -0.5283 0.642 -0.1393 -0.7534 -0.0284 0.7381 0.2923 -0.6063 0.047 0.8834 0.0042 0.4676 0.0294 0.6893 0.1658 -0.7052 -0.0032 0.6822 -0.077 -0.7156 0.1287 0.9298 -0.0814 0.3552 -0.052
0.7503 -0.0411 -0.5703 -0.3317 0.2441 -0.5062 -0.8159 0.1357 0.7319 -0.2545 -0.6207 -0.1196 0.2568 0.2953 -0.7535 -0.5283 0.642 -0.1393 -0.7534 -0.0284 0.7381 0.2923 -0.6063 0.047 0.8834 0.0042 0.4676 0.0294 0.6893 0.1658 -0.7052 -0.0032 0.6822 -0.077 -0.7156 0.1287 0.9212 -0.0806 0.3777 -0.0469
0.7503 -0.0411 -0.5703 -0.3317 0.2441 -0.5062 -0.8159 0.1357 0.7319 -0.2545 -0.6207 -0.1196 0.2568 0.2953 -0.7535 -0.5283 0.642 -0.1393 -0.7534 -0.0284 0.7381 0.2923 -0.6063 0.047 0.8834 0.0042 0.4676 0.0294 0.6893 0.1658 -0.7052 -0.0032 0.6822 -0.077 -0.7156 0.1287 0.9212 -0.0806 0.3777 -0.0469
0.7503 -0.0411 -0.5703 -0.3317 0.2441 -0.5062 -0.8159 0.1357 0.7319 -0.2545 -0.6207 -0.1196 0.2568 0.2953 -0.7535 -0.5283 0.642 -0.1393 -0.7534 -0.0284 0.7381 0.2923 -0.6063 0.047 0.8834 0.0042 0.4676 0.0294 0.6893 0.1658 -0.7052 -0.0032 0.6822 -0.077 -0.7156 0.1287 0.9212 -0.0806 0.3777 -0.0469
0.7503 -0.0411 -0.5703 -0.3317 0.2441 -0.5062 -0.8159 0.1357 0.7319 -0.2545 -0.6207 -0.1196 0.2568 0.2953 -0.7535 -0.5283 0.642 -0.1393 -0.7534 -0.0284 0.7381 0.2923 -0.6063 0.047 0.9383 -0.0415 0.3391 0.0539 0.6893 0.1658 -0.7052 -0.0032 0.6822 -0.077 -0.7156 0.1287 0.9212 -0.0806 0.3777 -0.0469
0.7503 -0.0411 -0.5703 -0.3317 0.2441 -0.5062 -0.8159 0.1357 0.7319 -0.2545 -0.6207 -0.1196 0.2568 0.2953 -0.7535 -0.5283 0.642 -0.1393 -0.7534 -0.0284 0.7381 0.2923 -0.6063 0.047 0.9383 -0.0415 0.3391 0.0539 0.6893 0.1658 -0.7052 -0.0032 0.6822 -0.077 -0.7156 0.1287 0.9212 -0.0806 0.3777 -0.0469
0.7503 -0.0411 -0.5703 -0.3317 0.2441 -0.5062 -0.8159 0.1357 0.7319 -0.2545 -0.6207 -0.1196 0.2393 0.2693 -0.7559 -0.5466 0.6601 -0.1443 -0.7365 0.0322 0.7381 0.2923 -0.6063 0.047 0.9383 -0.0415 0.3391 0.0539 0.6893 0.1658 -0.7052 -0.0032 0.6762 -0.0939 -0.7161 0.1456 0.9212 -0.0806 0.3777 -0.0469
0.7503 -0.0411 -0.5703 -0.3317 0.2357 -0.5338 -0.8022 0.1261 0.7319 -0.2545 -0.6207 -0.1196 0.2393 0.2693 -0.7559 -0.5466 0.6601 -0.1443 -0.7365 0.0322 0.7381 0.2923 -0.6063 0.047 0.9383 -0.0415 0.3391 0.0539 0.6842 0.1569 -0.7121 0.0125 0.6762 -0.0939 -0.7161 0.1456 0.9212 -0.0806 0.3777 -0.0469
0.7503 -0.0411 -0.5703 -0.3317 0.2357 -0.5338 -0.8022 0.1261 0.7319 -0.2545 -0.6207 -0.1196 0.2393 0.2693 -0.7559 -0.5466 0.6601 -0.1443 -0.7365 0.0322 0.7381 0.2923 -0.6063 0.047 0.9383 -0.0415 0.3391 0.0539 0.6842 0.1569 -0.7121 0.0125 0.6762 -0.0939 -0.7161 0.1456 0.9212 -0.0806 0.3777 -0.0469
0.7312 -0.0452 -0.5834 -0.3506 0.2357 -0.5338 -0.8022 0.1261 0.7319 -0.2545 -0.6207 -0.1196 0.2393 0.2693 -0.7559 -0.5466 0.6601 -0.1443 -0.7365 0.0322 0.7381 0.2923 -0.6063 0.047 0.9383 -0.0415 0.3391 0.0539 0.6842 0.1569 -0.7121 0.0125 0.6762 -0.0939 -0.7161 0.1456 0.9153 -0.0874 0.3901 -0.0492
0.7312 -0.0452 -0.5834 -0.3506 0.2357 -0.5338 -0.8022 0.1261 0.7319 -0.2545 -0.6207 -0.1196 0.2393 0.2693 -0.7559 -0.5466 0.6601 -0.1443 -0.7365 0.0322 0.7381 0.2923 -0.6063 0.047 0.9383 -0.0415 0.3391 0.0539 0.6842 0.1569 -0.7121 0.0125 0.6762 -0.0939 -0.7161 0.1456 0.9153 -0.0874 0.3901 -0.0492
0.7312 -0.0452 -0.5834 -0.3506 0.2357 -0.5338 -0.8022 0.1261 0.7319 -0.2545 -0.6207 -0.1196 0.2393 0.2693 -0.7559 -0.5466 0.6601 -0.1443 -0.7365 0.0322 0.7381 0.2923 -0.6063 0.047 0.9409 -0.0493 0.3318 0.0471 0.6842 0.1569 -0.7121 0.0125 0.6762 -0.0939 -0.7161 0.1456 0.9153 -0.0874 0.3901 -0.0492
0.7312 -0.0452 -0.5834 -0.3506 0.2357 -0.5338 -0.8022 0.1261 0.7319 -0.2545 -0.6207 -0.1196 0.2393 0.2693 -0.7559 -0.5466 0.6601 -0.1443 -0.7365 0.0322 0.7381 0.2923 -0.6063 0.047 0.9409 -0.0493 0.3318 0.0471 0.6842 0.1569 -0.7121 0.0125 0.6762 -0.0939 -0.7161 0.1456 0.9153 -0.0874 0.3901 -0.0492
0.7312 -0.0452 -0.5834 -0.3506 0.2357 -0.5338 -0.8022 0.1261 0.7319 -0.2545 -0.6207 -0.1196 0.2559 0.2693 -0.7564 -0.5383 0.6428 -0.1941 -0.741 0.0015 0.7381 0.2923 -0.6063 0.047 0.9409 -0.0493 0.3318 0.0471 0.6842 0.1569 -0.7121 0.0125 0.6573 -0.1526 -0.7115 0.196 0.9153 -0.0874 0.3901 -0.0492
0.7312 -0.0452 -0.5834 -0.3506 0.2421 -0.5286 -0.8032 0.1295 0.7319 -0.2545 -0.6207 -0.1196 0.2559 0.2693 -0.7564 -0.5383 0.6428 -0.1941 -0.741 0.0015 0.7381 0.2923 -0.6063 0.047 0.9409 -0.0493 0.3318 0.0471 0.6992 0.1359 -0.7014 -0.0272 0.6573 -0.1526 -0.7115 0.196 0.9153 -0.0874 0.3901 -0.0492
0.7379 -0.0417 -0.5892 -0.3265 0.2421 -0.5286 -0.8032 0.1295 0.7319 -0.2545 -0.6207 -0.1196 0.2559 0.2693 -0.7564 -0.5383 0.6428 -0.1941 -0.741 0.0015 0.7381 0.2923 -0.6063 0.047 0.9409 -0.0493 0.3318 0.0471 0.6992 0.1359 -0.7014 -0.0272 0.6573 -0.1526 -0.7115 0.196 0.8603 -0.0955 0.4978 -0.0549
0.7379 -0.0417 -0.5892 -0.3265 0.2421 -0.5286 -0.8032 0.1295 0.7319 -0.2545 -0.6207 -0.1196 0.2559 0.2693 -0.7564 -0.5383 0.6428 -0.1941 -0.741 0.0015 0.7381 0.2923 -0.6063 0.047 0.9409 -0.0493 0.3318 0.0471 0.6992 0.1359 -0.7014 -0.0272 0.6573 -0.1526 -0.7115 0.196 0.8603 -0.0955 0.4978 -0.0549
0.7379 -0.0417 -0.5892 -0.3265 0.2421 -0.5286 -0.8032 0.1295 0.7319 -0.2545 -0.6207 -0.1196 0.2559 0.2693 -0.7564 -0.5383 0.6428 -0.1941 -0.741 0.0015 0.7381 0.2923 -0.6063 0.047 0.9409 -0.0493 0.3318 0.0471 0.6992 0.1359 -0.7014 -0.0272 0.6573 -0.1526 -0.7115 0.196 0.8603 -0.0955 0.4978 -0.0549
0.7379 -0.0417 -0.5892 -0.3265 0.2421 -0.5286 -0.8032 0.1295 0.7319 -0.2545 -0.6207 -0.1196 0.2559 0.2693 -0.7564 -0.5383 0.6428 -0.1941 -0.741 0.0015 0.7381 0.2923 -0.6063 0.047 0.9359 -0.0393 0.3458 0.0555 0.6992 0.1359 -0.7014 -0.0272 0.6573 -0.1526 -0.7115 0.196 0.8603 -0.0955 0.4978 -0.0549
0.7379 -0.0417 -0.5892 -0.3265 0.2421 -0.5286 -0.8032 0.1295 0.7319 -0.2545 -0.6207 -0.1196 0.2559 0.2693 -0.7564 -0.5383 0.6428 -0.1941 -0.741 0.0015 0.7381 0.2923 -0.6063 0.047 0.9359 -0.0393 0.3458 0.0555 0.6992 0.1359 -0.7014 -0.0272 0.6573 -0.1526 -0.7115 0.196 0.8603 -0.0955 0.4978 -0.0549
0.7379 -0.0417 -0.5892 -0.3265 0.2421 -0.5286 -0.8032 0.1295 0.7319 -0.2545 -0.6207 -0.1196 0.256 0.2747 -0.7703 -0.5153 0.6165 -0.1826 -0.765 -0.0366 0.7381 0.2923 -0.6063 0.047 0.9359 -0.0393 0.3458 0.0555 0.6992 0.1359 -0.7014 -0.0272 0.6544 -0.1717 -0.7078 0.2032 0.8603 -0.0955 0.4978 -0.0549
0.7379 -0.0417 -0.5892 -0.3265 0.2433 -0.5217 -0.8063 0.1356 0.7319 -0.2545 -0.6207 -0.1196 0.256 0.2747 -0.7703 -0.5153 0.6165 -0.1826 -0.765 -0.0366 0.7381 0.2923 -0.6063 0.047 0.9359 -0.0393 0.3458 0.0555 0.7075 0.145 -0.6888 -0.0637 0.6544 -0.1717 -0.7078 0.2032 0.8603 -0.0955 0.4978 -0.0549
0.746 -0.0435 -0.5757 -0.3318 0.2433 -0.5217 -0.8063 0.1356 0.7319 -0.2545 -0.6207 -0.1196 0.256 0.2747 -0.7703 -0.5153 0.6165 -0.1826 -0.765 -0.0366 0.7381 0.2923 -0.6063 0.047 0.9359 -0.0393 0.3458 0.0555 0.7075 0.145 -0.6888 -0.0637 0.6544 -0.1717 -0.7078 0.2032 0.895 -0.1078 0.4277 -0.067
0.746 -0.0435 -0.5757 -0.3318 0.2433 -0.5217 -0.8063 0.1356 0.7319 -0.2545 -0.6207 -0.1196 0.256 0.2747 -0.7703 -0.5153 0.6165 -0.1826 -0.765 -0.0366 0.7381 0.2923 -0.6063 0.047 0.9359 -0.0393 0.3458 0.0555 0.7075 0.145 -0.6888 -0.0637 0.6544 -0.1717 -0.7078 0.2032 0.895 -0.1078 0.4277 -0.067
0.746 -0.0435 -0.5757 -0.3318 0.2433 -0.5217 -0.8063 0.1356 0.7319 -0.2545 -0.6207 -0.1196 0.256 0.2747 -0.7703 -0.5153 0.6165 -0.1826 -0.765 -0.0366 0.7381 0.2923 -0.6063 0.047 0.9359 -0.0393 0.3458 0.0555 0.7075 0.145 -0.6888 -0.0637 0.6544 -0.1717 -0.7078 0.2032 0.895 -0.1078 0.4277 -0.067
0.746 -0.0435 -0.5757 -0.3318 0.2433 -0.5217 -0.8063 0.1356 0.7338 -0.2845 -0.6089 -0.0986 0.256 0.2747 -0.7703 -0.5153 0.6165 -0.1826 -0.765 -0.0366 0.7025 0.2367 -0.663 0.1042 0.9359 -0.0393 0.3458 0.0555 0.7075 0.145 -0.6888 -0.0637 0.6544 -0.1717 -0.7078 0.2032 0.895 -0.1078 0.4277 -0.067
0.746 -0.0435 -0.5757 -0.3318 0.2433 -0.5217 -0.8063 0.1356 0.7338 -0.2845 -0.6089 -0.0986 0.256 0.2747 -0.7703 -0.5153 0.6165 -0.1826 -0.765 -0.0366 0.7025 0.2367 -0.663 0.1042 0.934 -0.0345 0.3508 0.0578 0.7075 0.145 -0.6888 -0.0637 0.6544 -0.1717 -0.7078 0.2032 0.895 -0.1078 0.4277 -0.067
0.746 -0.0435 -0.5757 -0.3318 0.2433 -0.5217 -0.8063 0.1356 0.7338 -0.2845 -0.6089 -0.0986 0.2644 0.3021 -0.749 -0.527 0.5959 -0.1435 -0.7881 -0.0567 0.7025 0.2367 -0.663 0.1042 0.934 -0.0345 0.3508 0.0578 0.7075 0.145 -0.6888 -0.0637 0.6913 -0.0656 -0.7139 0.0906 0.895 -0.1078 0.4277 -0.067
0.746 -0.0435 -0.5757 -0.3318 0.2433 -0.5217 -0.8063 0.1356 0.7338 -0.2845 -0.6089 -0.0986 0.2644 0.3021 -0.749 -0.527 0.5959 -0.1435 -0.7881 -0.0567 0.7025 0.2367 -0.663 0.1042 0.934 -0.0345 0.3508 0.0578 0.7075 0.145 -0.6888 -0.0637 0.6913 -0.0656 -0.7139 0.0906 0.895 -0.1078 0.4277 -0.067
0.7638 -0.0106 -0.5626 -0.3161 0.2491 -0.4885 -0.8249 0.1372 0.7338 -0.2845 -0.6089 -0.0986 0.2644 0.3021 -0.749 -0.527 0.5959 -0.1435 -0.7881 -0.0567 0.7025 0.2367 -0.663 0.1042 0.934 -0.0345 0.3508 0.0578 0.7034 0.1741 -0.6863 -0.0616 0.6913 -0.0656 -0.7139 0.0906 0.895 -0.1078 0.4277 -0.067
0.7638 -0.0106 -0.5626 -0.3161 0.2491 -0.4885 -0.8249 0.1372 0.7338 -0.2845 -0.6089 -0.0986 0.2644 0.3021 -0.749 -0.527 0.5959 -0.1435 -0.7881 -0.0567 0.7025 0.2367 -0.663 0.1042 0.934 -0.0345 0.3508 0.0578 0.7034 0.1741 -0.6863 -0.0616 0.6913 -0.0656 -0.7139 0.0906 0.9241 -0.0876 0.36 -0.0935
0.7638 -0.0106 -0.5626 -0.3161 0.2491 -0.4885 -0.8249 0.1372 0.7431 -0.2433 -0.6174 -0.0864 0.2644 0.3021 -0.749 -0.527 0.5959 -0.1435 -0.7881 -0.0567 0.7228 0.2724 -0.6315 0.0673 0.934 -0.0345 0.3508 0.0578 0.7034 0.1741 -0.6863 -0.0616 0.6913 -0.0656 -0.7139 0.0906 0.9241 -0.0876 0.36 -0.0935
0.7638 -0.0106 -0.5626 -0.3161 0.2491 -0.4885 -0.8249 0.1372 0.7431 -0.2433 -0.6174 -0.0864 0.2644 0.3021 -0.749 -0.527 0.5959 -0.1435 -0.7881 -0.0567 0.7228 0.2724 -0.6315 0.0673 0.9109 -0.0309 0.4075 0.0571 0.7034 0.1741 -0.6863 -0.0616 0.6913 -0.0656 -0.7139 0.0906 0.9241 -0.0876 0.36 -0.0935
0.7638 -0.0106 -0.5626 -0.3161 0.2491 -0.4885 -0.8249 0.1372 0.7431 -0.2433 -0.6174 -0.0864 0.2644 0.3021 -0.749 -0.527 0.5959 -0.1435 -0.7881 -0.0567 0.7228 0.2724 -0.6315 0.0673 0.9109 -0.0309 0.4075 0.0571 0.7034 0.1741 -0.6863 -0.0616 0.6913 -0.0656 -0.7139 0.0906 0.9241 -0.0876 0.36 -0.0935
0.7638 -0.0106 -0.5626 -0.3161 0.2491 -0.4885 -0.8249 0.1372 0.7431 -0.2433 -0.6174 -0.0864 0.2697 0.3372 -0.7286 -0.5316 0.6321 -0.1293 -0.7632 -0.0338 0.7228 0.2724 -0.6315 0.0673 0.9109 -0.0309 0.4075 0.0571 0.7034 0.1741 -0.6863 -0.0616 0.6868 -0.0787 -0.7188 0.0737 0.9241 -0.0876 0.36 -0.0935
0.7638 -0.0106 -0.5626 -0.3161 0.2556 -0.4739 -0.8281 0.1564 0.7431 -0.2433 -0.6174 -0.0864 0.2697 0.3372 -0.7286 -0.5316 0.6321 -0.1293 -0.7632 -0.0338 0.7228 0.2724 -0.6315 0.0673 0.9109 -0.0309 0.4075 0.0571 0.7034 0.1741 -0.6863 -0.0616 0.6868 -0.0787 -0.7188 0.0737 0.9241 -0.0876 0.36 -0.0935
0.7638 -0.0106 -0.5626 -0.3161 0.2556 -0.4739 -0.8281 0.1564 0.7431 -0.2433 -0.6174 -0.0864 0.2697 0.3372 -0.7286 -0.5316 0.6321 -0.1293 -0.7632 -0.0338 0.7228 0.2724 -0.6315 0.0673 0.9109 -0.0309 0.4075 0.0571 0.7042 0.168 -0.6862 -0.0706 0.6868 -0.0787 -0.7188 0.0737 0.9241 -0.0876 0.36 -0.0935
0.7772 -0.0165 -0.5543 -0.2972 0.2556 -0.4739 -0.8281 0.1564 0.7431 -0.2433 -0.6174 -0.0864 0.2697 0.3372 -0.7286 -0.5316 0.6321 -0.1293 -0.7632 -0.0338 0.7228 0.2724 -0.6315 0.0673 0.9109 -0.0309 0.4075 0.0571 0.7042 0.168 -0.6862 -0.0706 0.6868 -0.0787 -0.7188 0.0737 0.9305 -0.0797 0.3486 -0.0797
0.7772 -0.0165 -0.5543 -0.2972 0.2556 -0.4739 -0.8281 0.1564 0.7431 -0.2433 -0.6174 -0.0864 0.2697 0.3372 -0.7286 -0.5316 0.6321 -0.1293 -0.7632 -0.0338 0.7228 0.2724 -0.6315 0.0673 0.9109 -0.0309 0.4075 0.0571 0.7042 0.168 -0.6862 -0.0706 0.6868 -0.0787 -0.7188 0.0737 0.9305 -0.0797 0.3486 -0.0797
0.7772 -0.0165 -0.5543 -0.2972 0.2556 -0.4739 -0.8281 0.1564 0.7433 -0.2222 -0.6214 -0.1093 0.2697 0.3372 -0.7286 -0.5316 0.6321 -0.1293 -0.7632 -0.0338 0.7387 0.3426 -0.5801 0.0187 0.9109 -0.0309 0.4075 0.0571 0.7042 0.168 -0.6862 -0.0706 0.6868 -0.0787 -0.7188 0.0737 0.9305 -0.0797 0.3486 -0.0797
0.7772 -0.0165 -0.5543 -0.2972 0.2556 -0.4739 -0.8281 0.1564 0.7433 -0.2222 -0.6214 -0.1093 0.2697 0.3372 -0.7286 -0.5316 0.6321 -0.1293 -0.7632 -0.0338 0.7387 0.3426 -0.5801 0.0187 0.8503 -0.0277 0.5225 0.0556 0.7042 0.168 -0.6862 -0.0706 0.6868 -0.0787 -0.7188 0.0737 0.9305 -0.0797 0.3486 -0.0797
0.7772 -0.0165 -0.5543 -0.2972 0.2556 -0.4739 -0.8281 0.1564 0.7433 -0.2222 -0.6214 -0.1093 0.2697 0.3372 -0.7286 -0.5316 0.6321 -0.1293 -0.7632 -0.0338 0.7387 0.3426 -0.5801 0.0187 0.8503 -0.0277 0.5225 0.0556 0.7042 0.168 -0.6862 -0.0706 0.6868 -0.0787 -0.7188 0.0737 0.9305 -0.0797 0.3486 -0.0797
0.7772 -0.0165 -0.5543 -0.2972 0.2488 -0.4838 -0.8264 0.1454 0.7433 -0.2222 -0.6214 -0.1093 0.2697 0.3372 -0.7286 -0.5316 0.6597 -0.127 -0.7407 0.0099 0.7387 0.3426 -0.5801 0.0187 0.8503 -0.0277 0.5225 0.0556 0.6896 0.1683 -0.7043 -0.0135 0.6868 -0.0787 -0.7188 0.0737 0.9305 -0.0797 0.3486 -0.0797
0.7772 -0.0165 -0.5543 -0.2972 0.2488 -0.4838 -0.8264 0.1454 0.7433 -0.2222 -0.6214 -0.1093 0.2697 0.3372 -0.7286 -0.5316 0.6597 -0.127 -0.7407 0.0099 0.7387 0.3426 -0.5801 0.0187 0.8503 -0.0277 0.5225 0.0556 0.6896 0.1683 -0.7043 -0.0135 0.6868 -0.0787 -0.7188 0.0737 0.9305 -0.0797 0.3486 -0.0797
0.768 -0.0268 -0.5599 -0.3098 0.2488 -0.4838 -0.8264 0.1454 0.7433 -0.2222 -0.6214 -0.1093 0.2697 0.3372 -0.7286 -0.5316 0.6597 -0.127 -0.7407 0.0099 0.7387 0.3426 -0.5801 0.0187 0.8503 -0.0277 0.5225 0.0556 0.6896 0.1683 -0.7043 -0.0135 0.6868 -0.0787 -0.7188 0.0737 0.9288 -0.0811 0.3525 -0.0807
0.768 -0.0268 -0.5599 -0.3098 0.2488 -0.4838 -0.8264 0.1454 0.7434 -0.2418 -0.6112 -0.1235 0.2697 0.3372 -0.7286 -0.5316 0.6597 -0.127 -0.7407 0.0099 0.7387 0.3426 -0.5801 0.0187 0.8503 -0.0277 0.5225 0.0556 0.6896 0.1683 -0.7043 -0.0135 0.6868 -0.0787 -0.7188 0.0737 0.9288 -0.0811 0.3525 -0.0807
0.768 -0.0268 -0.5599 -0.3098 0.2488 -0.4838 -0.8264 0.1454 0.7434 -0.2418 -0.6112 -0.1235 0.2697 0.3372 -0.7286 -0.5316 0.6597 -0.127 -0.7407 0.0099 0.7387 0.3426 -0.5801 0.0187 0.8503 -0.0277 0.5225 0.0556 0.6896 0.1683 -0.7043 -0.0135 0.6868 -0.0787 -0.7188 0.0737 0.9288 -0.0811 0.3525 -0.0807
0.768 -0.0268 -0.5599 -0.3098 0.2488 -0.4838 -0.8264 0.1454 0.7434 -0.2418 -0.6112 -0.1235 0.2697 0.3372 -0.7286 -0.5316 0.6597 -0.127 -0.7407 0.0099 0.7387 0.3426 -0.5801 0.0187 0.8503 -0.0277 0.5225 0.0556 0.6896 0.1683 -0.7043 -0.0135 0.6868 -0.0787 -0.7188 0.0737 0.9288 -0.0811 0.3525 -0.0807
0.768 -0.0268 -0.5599 -0.3098 0.2488 -0.4838 -0.8264 0.1454 0.7434 -0.2418 -0.6112 -0.1235 0.2465 0.3046 -0.7364 -0.5515 0.6638 -0.119 -0.7372 0.0428 0.7387 0.3426 -0.5801 0.0187 0.9006 -0.0285 0.4295 0.0608 0.6896 0.1683 -0.7043 -0.0135 0.6838 -0.1011 -0.7143 0.1095 0.9288 -0.0811 0.3525 -0.0807
0.768 -0.0268 -0.5599 -0.3098 0.2408 -0.5026 -0.8187 0.1379 0.7434 -0.2418 -0.6112 -0.1235 0.2465 0.3046 -0.7364 -0.5515 0.6638 -0.119 -0.7372 0.0428 0.7387 0.3426 -0.5801 0.0187 0.9006 -0.0285 0.4295 0.0608 0.6688 0.1396 -0.7294 0.0355 0.6838 -0.1011 -0.7143 0.1095 0.9288 -0.0811 0.3525 -0.0807
0.768 -0.0268 -0.5599 -0.3098 0.2408 -0.5026 -0.8187 0.1379 0.7434 -0.2418 -0.6112 -0.1235 0.2465 0.3046 -0.7364 -0.5515 0.6638 -0.119 -0.7372 0.0428 0.7387 0.3426 -0.5801 0.0187 0.9006 -0.0285 0.4295 0.0608 0.6688 0.1396 -0.7294 0.0355 0.6838 -0.1011 -0.7143 0.1095 0.9288 -0.0811 0.3525 -0.0807
0.7556 -0.0394 -0.5646 -0.33 0.2408 -0.5026 -0.8187 0.1379 0.7434 -0.2418 -0.6112 -0.1235 0.2465 0.3046 -0.7364 -0.5515 0.6638 -0.119 -0.7372 0.0428 0.7387 0.3426 -0.5801 0.0187 0.9006 -0.0285 0.4295 0.0608 0.6688 0.1396 -0.7294 0.0355 0.6838 -0.1011 -0.7143 0.1095 0.9213 -0.0834 0.3711 -0.0802
0.7556 -0.0394 -0.5646 -0.33 0.2408 -0.5026 -0.8187 0.1379 0.7434 -0.2418 -0.6112 -0.1235 0.2465 0.3046 -0.7364 -0.5515 0.6638 -0.119 -0.7372 0.0428 0.7387 0.3426 -0.5801 0.0187 0.9006 -0.0285 0.4295 0.0608 0.6688 0.1396 -0.7294 0.0355 0.6838 -0.1011 -0.7143 0.1095 0.9213 -0.0834 0.3711 -0.0802
0.7556 -0.0394 -0.5646 -0.33 0.2408 -0.5026 -0.8187 0.1379 0.7509 -0.2731 -0.5885 -0.1237 0.2465 0.3046 -0.7364 -0.5515 0.6638 -0.119 -0.7372 0.0428 0.6926 0.2054 -0.676 0.1459 0.9399 -0.041 0.3381 0.0244 0.6688 0.1396 -0.7294 0.0355 0.6838 -0.1011 -0.7143 0.1095 0.9213 -0.0834 0.3711 -0.0802
0.7556 -0.0394 -0.5646 -0.33 0.2408 -0.5026 -0.8187 0.1379 0.7509 -0.2731 -0.5885 -0.1237 0.2465 0.3046 -0.7364 -0.5515 0.6638 -0.119 -0.7372 0.0428 0.6926 0.2054 -0.676 0.1459 0.9399 -0.041 0.3381 0.0244 0.6688 0.1396 -0.7294 0.0355 0.6838 -0.1011 -0.7143 0.1095 0.9213 -0.0834 0.3711 -0.0802
0.7556 -0.0394 -0.5646 -0.33 0.2345 -0.521 -0.8083 0.1421 0.7509 -0.2731 -0.5885 -0.1237 0.2465 0.3046 -0.7364 -0.5515 0.6414 -0.1677 -0.7486 0.0081 0.6926 0.2054 -0.676 0.1459 0.9399 -0.041 0.3381 0.0244 0.6688 0.1396 -0.7294 0.0355 0.6838 -0.1011 -0.7143 0.1095 0.9213 -0.0834 0.3711 -0.0802
0.7556 -0.0394 -0.5646 -0.33 0.2345 -0.521 -0.8083 0.1421 0.7509 -0.2731 -0.5885 -0.1237 0.2465 0.3046 -0.7364 -0.5515 0.6414 -0.1677 -0.7486 0.0081 0.6926 0.2054 -0.676 0.1459 0.9399 -0.041 0.3381 0.0244 0.6888 0.1324 -0.7127 -0.0039 0.6838 -0.1011 -0.7143 0.1095 0.9213 -0.0834 0.3711 -0.0802
0.7488 -0.0496 -0.5696 -0.3353 0.2345 -0.521 -0.8083 0.1421 0.7509 -0.2731 -0.5885 -0.1237 0.2465 0.3046 -0.7364 -0.5515 0.6414 -0.1677 -0.7486 0.0081 0.6926 0.2054 -0.676 0.1459 0.9399 -0.041 0.3381 0.0244 0.6888 0.1324 -0.7127 -0.0039 0.6838 -0.1011 -0.7143 0.1095 0.8551 -0.0927 0.5042 -0.0777
0.7488 -0.0496 -0.5696 -0.3353 0.2345 -0.521 -0.8083 0.1421 0.7407 -0.28 -0.5966 -0.131 0.2465 0.3046 -0.7364 -0.5515 0.6414 -0.1677 -0.7486 0.0081 0.6926 0.2054 -0.676 0.1459 0.9399 -0.041 0.3381 0.0244 0.6888 0.1324 -0.7127 -0.0039 0.6838 -0.1011 -0.7143 0.1095 0.8551 -0.0927 0.5042 -0.0777
0.7488 -0.0496 -0.5696 -0.3353 0.2345 -0.521 -0.8083 0.1421 0.7407 -0.28 -0.5966 -0.131 0.2465 0.3046 -0.7364 -0.5515 0.6414 -0.1677 -0.7486 0.0081 0.687 0.2378 -0.681 0.0878 0.9399 -0.041 0.3381 0.0244 0.6888 0.1324 -0.7127 -0.0039 0.6838 -0.1011 -0.7143 0.1095 0.8551 -0.0927 0.5042 -0.0777
0.7488 -0.0496 -0.5696 -0.3353 0.2345 -0.521 -0.8083 0.1421 0.7407 -0.28 -0.5966 -0.131 0.2465 0.3046 -0.7364 -0.5515 0.6414 -0.1677 -0.7486 0.0081 0.687 0.2378 -0.681 0.0878 0.9384 -0.0425 0.3425 0.0179 0.6888 0.1324 -0.7127 -0.0039 0.6838 -0.1011 -0.7143 0.1095 0.8551 -0.0927 0.5042 -0.0777
0.7488 -0.0496 -0.5696 -0.3353 0.2345 -0.521 -0.8083 0.1421 0.7407 -0.28 -0.5966 -0.131 0.2465 0.3046 -0.7364 -0.5515 0.6414 -0.1677 -0.7486 0.0081 0.687 0.2378 -0.681 0.0878 0.9384 -0.0425 0.3425 0.0179 0.6888 0.1324 -0.7127 -0.0039 0.6838 -0.1011 -0.7143 0.1095 0.8551 -0.0927 0.5042 -0.0777
0.7488 -0.0496 -0.5696 -0.3353 0.2345 -0.521 -0.8083 0.1421 0.7407 -0.28 -0.5966 -0.131 0.2572 0.2776 -0.749 -0.5439 0.6269 -0.2161 -0.7468 -0.0508 0.687 0.2378 -0.681 0.0878 0.9384 -0.0425 0.3425 0.0179 0.6888 0.1324 -0.7127 -0.0039 0.6243 -0.2207 -0.7146 0.2256 0.8551 -0.0927 0.5042 -0.0777
0.7488 -0.0496 -0.5696 -0.3353 0.2345 -0.521 -0.8083 0.1421 0.7407 -0.28 -0.5966 -0.131 0.2572 0.2776 -0.749 -0.5439 0.6269 -0.2161 -0.7468 -0.0508 0.687 0.2378 -0.681 0.0878 0.9384 -0.0425 0.3425 0.0179 0.6888 0.1324 -0.7127 -0.0039 0.6243 -0.2207 -0.7146 0.2256 0.8551 -0.0927 0.5042 -0.0777
0.7462 -0.0557 -0.5778 -0.326 0.2484 -0.526 -0.8019 0.1363 0.7407 -0.28 -0.5966 -0.131 0.2572 0.2776 -0.749 -0.5439 0.6269 -0.2161 -0.7468 -0.0508 0.687 0.2378 -0.681 0.0878 0.9384 -0.0425 0.3425 0.0179 0.707 0.1535 -0.6873 -0.0653 0.6243 -0.2207 -0.7146 0.2256 0.8551 -0.0927 0.5042 -0.0777
0.7462 -0.0557 -0.5778 -0.326 0.2484 -0.526 -0.8019 0.1363 0.7407 -0.28 -0.5966 -0.131 0.2572 0.2776 -0.749 -0.5439 0.6269 -0.2161 -0.7468 -0.0508 0.687 0.2378 -0.681 0.0878 0.9384 -0.0425 0.3425 0.0179 0.707 0.1535 -0.6873 -0.0653 0.6243 -0.2207 -0.7146 0.2256 0.8671 -0.103 0.4819 -0.0724
0.7462 -0.0557 -0.5778 -0.326 0.2484 -0.526 -0.8019 0.1363 0.7407 -0.28 -0.5966 -0.131 0.2572 0.2776 -0.749 -0.5439 0.6269 -0.2161 -0.7468 -0.0508 0.687 0.2378 -0.681 0.0878 0.9384 -0.0425 0.3425 0.0179 0.707 0.1535 -0.6873 -0.0653 0.6243 -0.2207 -0.7146 0.2256 0.8671 -0.103 0.4819 -0.0724
0.7462 -0.0557 -0.5778 -0.326 0.2484 -0.526 -0.8019 0.1363 0.7422 -0.2809 -0.5967 -0.1194 0.2572 0.2776 -0.749 -0.5439 0.6269 -0.2161 -0.7468 -0.0508 0.6946 0.2589 -0.6666 0.0784 0.9384 -0.0425 0.3425 0.0179 0.707 0.1535 -0.6873 -0.0653 0.6243 -0.2207 -0.7146 0.2256 0.8671 -0.103 0.4819 -0.0724
0.7462 -0.0557 -0.5778 -0.326 0.2484 -0.526 -0.8019 0.1363 0.7422 -0.2809 -0.5967 -0.1194 0.2572 0.2776 -0.749 -0.5439 0.6269 -0.2161 -0.7468 -0.0508 0.6946 0.2589 -0.6666 0.0784 0.9175 -0.0519 0.394 0.0175 0.707 0.1535 -0.6873 -0.0653 0.6243 -0.2207 -0.7146 0.2256 0.8671 -0.103 0.4819 -0.0724
0.7462 -0.0557 -0.5778 -0.326 0.2484 -0.526 -0.8019 0.1363 0.7422 -0.2809 -0.5967 -0.1194 0.2686 0.2798 -0.7482 -0.5383 0.6052 -0.1554 -0.7791 -0.0505 0.6946 0.2589 -0.6666 0.0784 0.9175 -0.0519 0.394 0.0175 0.707 0.1535 -0.6873 -0.0653 0.678 -0.0964 -0.7178 0.1254 0.8671 -0.103 0.4819 -0.0724
0.7462 -0.0557 -0.5778 -0.326 0.2351 -0.4961 -0.8252 0.1329 0.7422 -0.2809 -0.5967 -0.1194 0.2686 0.2798 -0.7482 -0.5383 0.6052 -0.1554 -0.7791 -0.0505 0.6946 0.2589 -0.6666 0.0784 0.9175 -0.0519 0.394 0.0175 0.7073 0.1799 -0.6799 -0.0708 0.678 -0.0964 -0.7178 0.1254 0.8671 -0.103 0.4819 -0.0724
0.7462 -0.0557 -0.5778 -0.326 0.2351 -0.4961 -0.8252 0.1329 0.7422 -0.2809 -0.5967 -0.1194 0.2686 0.2798 -0.7482 -0.5383 0.6052 -0.1554 -0.7791 -0.0505 0.6946 0.2589 -0.6666 0.0784 0.9175 -0.0519 0.394 0.0175 0.7073 0.1799 -0.6799 -0.0708 0.678 -0.0964 -0.7178 0.1254 0.8671 -0.103 0.4819 -0.0724
0.7576 -0.0233 -0.57 -0.3172 0.2351 -0.4961 -0.8252 0.1329 0.7422 -0.2809 -0.5967 -0.1194 0.2686 0.2798 -0.7482 -0.5383 0.6052 -0.1554 -0.7791 -0.0505 0.6946 0.2589 -0.6666 0.0784 0.9175 -0.0519 0.394 0.0175 0.7073 0.1799 -0.6799 -0.0708 0.678 -0.0964 -0.7178 0.1254 0.9242 -0.1197 0.3403 -0.1252
0.7576 -0.0233 -0.57 -0.3172 0.2351 -0.4961 -0.8252 0.1329 0.7485 -0.2651 -0.6009 -0.0911 0.2686 0.2798 -0.7482 -0.5383 0.6052 -0.1554 -0.7791 -0.0505 0.7208 0.2623 -0.639 0.0579 0.9175 -0.0519 0.394 0.0175 0.7073 0.1799 -0.6799 -0.0708 0.678 -0.0964 -0.7178 0.1254 0.9242 -0.1197 0.3403 -0.1252
0.7576 -0.0233 -0.57 -0.3172 0.2351 -0.4961 -0.8252 0.1329 0.7485 -0.2651 -0.6009 -0.0911 0.2686 0.2798 -0.7482 -0.5383 0.6052 -0.1554 -0.7791 -0.0505 0.7208 0.2623 -0.639 0.0579 0.9112 -0.0432 0.4093 0.0192 0.7073 0.1799 -0.6799 -0.0708 0.678 -0.0964 -0.7178 0.1254 0.9242 -0.1197 0.3403 -0.1252
0.7576 -0.0233 -0.57 -0.3172 0.2351 -0.4961 -0.8252 0.1329 0.7485 -0.2651 -0.6009 -0.0911 0.2686 0.2798 -0.7482 -0.5383 0.6052 -0.1554 -0.7791 -0.0505 0.7208 0.2623 -0.639 0.0579 0.9112 -0.0432 0.4093 0.0192 0.7073 0.1799 -0.6799 -0.0708 0.678 -0.0964 -0.7178 0.1254 0.9242 -0.1197 0.3403 -0.1252
0.7576 -0.0233 -0.57 -0.3172 0.2351 -0.4961 -0.8252 0.1329 0.7485 -0.2651 -0.6009 -0.0911 0.2686 0.2798 -0.7482 -0.5383 0.6052 -0.1554 -0.7791 -0.0505 0.7208 0.2623 -0.639 0.0579 0.9112 -0.0432 0.4093 0.0192 0.7073 0.1799 -0.6799 -0.0708 0.678 -0.0964 -0.7178 0.1254 0.9242 -0.1197 0.3403 -0.1252
0.7576 -0.0233 -0.57 -0.3172 0.2565 -0.4816 -0.8231 0.1573 0.7485 -0.2651 -0.6009 -0.0911 0.2686 0.2798 -0.7482 -0.5383 0.6121 -0.1295 -0.7766 -0.0743 0.7208 0.2623 -0.639 0.0579 0.9112 -0.0432 0.4093 0.0192 0.7073 0.1799 -0.6799 -0.0708 0.678 -0.0964 -0.7178 0.1254 0.9242 -0.1197 0.3403 -0.1252
0.7576 -0.0233 -0.57 -0.3172 0.2565 -0.4816 -0.8231 0.1573 0.7485 -0.2651 -0.6009 -0.0911 0.2686 0.2798 -0.7482 -0.5383 0.6121 -0.1295 -0.7766 -0.0743 0.7208 0.2623 -0.639 0.0579 0.9112 -0.0432 0.4093 0.0192 0.7073 0.1799 -0.6799 -0.0708 0.678 -0.0964 -0.7178 0.1254 0.9242 -0.1197 0.3403 -0.1252
0.7748 -0.0378 -0.5508 -0.3079 0.2565 -0.4816 -0.8231 0.1573 0.7485 -0.2651 -0.6009 -0.0911 0.2686 0.2798 -0.7482 -0.5383 0.6121 -0.1295 -0.7766 -0.0743 0.7208 0.2623 -0.639 0.0579 0.9112 -0.0432 0.4093 0.0192 0.7073 0.1799 -0.6799 -0.0708 0.678 -0.0964 -0.7178 0.1254 0.9293 -0.1035 0.3397 -0.1015
0.7748 -0.0378 -0.5508 -0.3079 0.2565 -0.4816 -0.8231 0.1573 0.7485 -0.2651 -0.6009 -0.0911 0.2686 0.2798 -0.7482 -0.5383 0.6121 -0.1295 -0.7766 -0.0743 0.7208 0.2623 -0.639 0.0579 0.9112 -0.0432 0.4093 0.0192 0.7073 0.1799 -0.6799 -0.0708 0.678 -0.0964 -0.7178 0.1254 0.9293 -0.1035 0.3397 -0.1015
0.7748 -0.0378 -0.5508 -0.3079 0.2565 -0.4816 -0.8231 0.1573 0.761 -0.2316 -0.598 -0.0985 0.2686 0.2798 -0.7482 -0.5383 0.6121 -0.1295 -0.7766 -0.0743 0.749 0.3259 -0.5768 0.0075 0.8682 -0.0325 0.4951 0.0091 0.7073 0.1799 -0.6799 -0.0708 0.678 -0.0964 -0.7178 0.1254 0.9293 -0.1035 0.3397 -0.1015
0.7748 -0.0378 -0.5508 -0.3079 0.2565 -0.4816 -0.8231 0.1573 0.761 -0.2316 -0.598 -0.0985 0.2686 0.2798 -0.7482 -0.5383 0.6121 -0.1295 -0.7766 -0.0743 0.749 0.3259 -0.5768 0.0075 0.8682 -0.0325 0.4951 0.0091 0.7073 0.1799 -0.6799 -0.0708 0.6759 -0.092 -0.7269 0.0793 0.9293 -0.1035 0.3397 -0.1015
0.7748 -0.0378 -0.5508 -0.3079 0.2565 -0.4816 -0.8231 0.1573 0.761 -0.2316 -0.598 -0.0985 0.2686 0.2798 -0.7482 -0.5383 0.6121 -0.1295 -0.7766 -0.0743 0.749 0.3259 -0.5768 0.0075 0.8682 -0.0325 0.4951 0.0091 0.7073 0.1799 -0.6799 -0.0708 0.6759 -0.092 -0.7269 0.0793 0.9293 -0.1035 0.3397 -0.1015
0.7748 -0.0378 -0.5508 -0.3079 0.2604 -0.5007 -0.8148 0.133 0.761 -0.2316 -0.598 -0.0985 0.2686 0.2798 -0.7482 -0.5383 0.6438 -0.1267 -0.7541 -0.0281 0.749 0.3259 -0.5768 0.0075 0.8682 -0.0325 0.4951 0.0091 0.7011 0.1758 -0.689 -0.0535 0.6759 -0.092 -0.7269 0.0793 0.9293 -0.1035 0.3397 -0.1015
0.7748 -0.0378 -0.5508 -0.3079 0.2604 -0.5007 -0.8148 0.133 0.761 -0.2316 -0.598 -0.0985 0.2686 0.2798 -0.7482 -0.5383 0.6438 -0.1267 -0.7541 -0.0281 0.749 0.3259 -0.5768 0.0075 0.8682 -0.0325 0.4951 0.0091 0.7011 0.1758 -0.689 -0.0535 0.6759 -0.092 -0.7269 0.0793 0.9293 -0.1035 0.3397 -0.1015
0.7631 -0.0345 -0.5552 -0.3289 0.2604 -0.5007 -0.8148 0.133 0.761 -0.2316 -0.598 -0.0985 0.2686 0.2798 -0.7482 -0.5383 0.6438 -0.1267 -0.7541 -0.0281 0.749 0.3259 -0.5768 0.0075 0.8682 -0.0325 0.4951 0.0091 0.7011 0.1758 -0.689 -0.0535 0.6759 -0.092 -0.7269 0.0793 0.9267 -0.1017 0.3468 -0.1031
0.7631 -0.0345 -0.5552 -0.3289 0.2604 -0.5007 -0.8148 0.133 0.761 -0.2316 -0.598 -0.0985 0.2686 0.2798 -0.7482 -0.5383 0.6438 -0.1267 -0.7541 -0.0281 0.749 0.3259 -0.5768 0.0075 0.8682 -0.0325 0.4951 0.0091 0.7011 0.1758 -0.689 -0.0535 0.6759 -0.092 -0.7269 0.0793 0.9267 -0.1017 0.3468 -0.1031
0.7631 -0.0345 -0.5552 -0.3289 0.2604 -0.5007 -0.8148 0.133 0.7518 -0.2448 -0.6006 -0.119 0.2686 0.2798 -0.7482 -0.5383 0.6438 -0.1267 -0.7541 -0.0281 0.7318 0.299 -0.6097 0.057 0.9087 -0.0201 0.4156 0.0334 0.7011 0.1758 -0.689 -0.0535 0.6759 -0.092 -0.7269 0.0793 0.9267 -0.1017 0.3468 -0.1031
0.7631 -0.0345 -0.5552 -0.3289 0.2604 -0.5007 -0.8148 0.133 0.7518 -0.2448 -0.6006 -0.119 0.2686 0.2798 -0.7482 -0.5383 0.6438 -0.1267 -0.7541 -0.0281 0.7318 0.299 -0.6097 0.057 0.9087 -0.0201 0.4156 0.0334 0.7011 0.1758 -0.689 -0.0535 0.6787 -0.0927 -0.7222 0.0961 0.9267 -0.1017 0.3468 -0.1031
0.7631 -0.0345 -0.5552 -0.3289 0.2604 -0.5007 -0.8148 0.133 0.7518 -0.2448 -0.6006 -0.119 0.2686 0.2798 -0.7482 -0.5383 0.6438 -0.1267 -0.7541 -0.0281 0.7318 0.299 -0.6097 0.057 0.9087 -0.0201 0.4156 0.0334 0.7011 0.1758 -0.689 -0.0535 0.6787 -0.0927 -0.7222 0.0961 0.9267 -0.1017 0.3468 -0.1031
0.7631 -0.0345 -0.5552 -0.3289 0.2652 -0.5112 -0.8096 0.1135 0.7518 -0.2448 -0.6006 -0.119 0.2686 0.2798 -0.7482 -0.5383 0.6609 -0.1288 -0.7392 0.0139 0.7318 0.299 -0.6097 0.057 0.9087 -0.0201 0.4156 0.0334 0.6825 0.1517 -0.7149 -0.0069 0.6787 -0.0927 -0.7222 0.0961 0.9267 -0.1017 0.3468 -0.1031
0.7631 -0.0345 -0.5552 -0.3289 0.2652 -0.5112 -0.8096 0.1135 0.7518 -0.2448 -0.6006 -0.119 0.2686 0.2798 -0.7482 -0.5383 0.6609 -0.1288 -0.7392 0.0139 0.7318 0.299 -0.6097 0.057 0.9087 -0.0201 0.4156 0.0334 0.6825 0.1517 -0.7149 -0.0069 0.6787 -0.0927 -0.7222 0.0961 0.9267 -0.1017 0.3468 -0.1031
0.7526 -0.0361 -0.5506 -0.3593 0.2652 -0.5112 -0.8096 0.1135 0.7518 -0.2448 -0.6006 -0.119 0.2686 0.2798 -0.7482 -0.5383 0.6609 -0.1288 -0.7392 0.0139 0.7318 0.299 -0.6097 0.057 0.9087 -0.0201 0.4156 0.0334 0.6825 0.1517 -0.7149 -0.0069 0.6787 -0.0927 -0.7222 0.0961 0.9223 -0.0989 0.359 -0.1033
0.7526 -0.0361 -0.5506 -0.3593 0.2652 -0.5112 -0.8096 0.1135 0.7537 -0.2728 -0.5839 -0.1286 0.2686 0.2798 -0.7482 -0.5383 0.6609 -0.1288 -0.7392 0.0139 0.6889 0.2066 -0.6738 0.1693 0.9087 -0.0201 0.4156 0.0334 0.6825 0.1517 -0.7149 -0.0069 0.6787 -0.0927 -0.7222 0.0961 0.9223 -0.0989 0.359 -0.1033
0.7526 -0.0361 -0.5506 -0.3593 0.2652 -0.5112 -0.8096 0.1135 0.7537 -0.2728 -0.5839 -0.1286 0.2686 0.2798 -0.7482 -0.5383 0.6609 -0.1288 -0.7392 0.0139 0.6889 0.2066 -0.6738 0.1693 0.9324 -0.0572 0.3517 0.0606 0.6825 0.1517 -0.7149 -0.0069 0.6787 -0.0927 -0.7222 0.0961 0.9223 -0.0989 0.359 -0.1033
0.7526 -0.0361 -0.5506 -0.3593 0.2652 -0.5112 -0.8096 0.1135 0.7537 -0.2728 -0.5839 -0.1286 0.2686 0.2798 -0.7482 -0.5383 0.6609 -0.1288 -0.7392 0.0139 0.6889 0.2066 -0.6738 0.1693 0.9324 -0.0572 0.3517 0.0606 0.6825 0.1517 -0.7149 -0.0069 0.6787 -0.0927 -0.7222 0.0961 0.9223 -0.0989 0.359 -0.1033
0.7526 -0.0361 -0.5506 -0.3593 0.2652 -0.5112 -0.8096 0.1135 0.7537 -0.2728 -0.5839 -0.1286 0.2686 0.2798 -0.7482 -0.5383 0.6609 -0.1288 -0.7392 0.0139 0.6889 0.2066 -0.6738 0.1693 0.9324 -0.0572 0.3517 0.0606 0.6825 0.1517 -0.7149 -0.0069 0.6787 -0.0927 -0.7222 0.0961 0.9223 -0.0989 0.359 -0.1033
0.7526 -0.0361 -0.5506 -0.3593 0.2579 -0.5347 -0.7963 0.1161 0.7537 -0.2728 -0.5839 -0.1286 0.2686 0.2798 -0.7482 -0.5383 0.6637 -0.158 -0.7288 0.058 0.6889 0.2066 -0.6738 0.1693 0.9324 -0.0572 0.3517 0.0606 0.6788 0.1616 -0.7163 0.0041 0.6787 -0.0927 -0.7222 0.0961 0.9223 -0.0989 0.359 -0.1033
0.7526 -0.0361 -0.5506 -0.3593 0.2579 -0.5347 -0.7963 0.1161 0.7537 -0.2728 -0.5839 -0.1286 0.2686 0.2798 -0.7482 -0.5383 0.6637 -0.158 -0.7288 0.058 0.6889 0.2066 -0.6738 0.1693 0.9324 -0.0572 0.3517 0.0606 0.6788 0.1616 -0.7163 0.0041 0.6787 -0.0927 -0.7222 0.0961 0.9223 -0.0989 0.359 -0.1033
0.7401 -0.0466 -0.5608 -0.3682 0.2579 -0.5347 -0.7963 0.1161 0.7537 -0.2728 -0.5839 -0.1286 0.2686 0.2798 -0.7482 -0.5383 0.6637 -0.158 -0.7288 0.058 0.6889 0.2066 -0.6738 0.1693 0.9324 -0.0572 0.3517 0.0606 0.6788 0.1616 -0.7163 0.0041 0.6787 -0.0927 -0.7222 0.0961 0.9024 -0.0941 0.4103 -0.0925
0.7401 -0.0466 -0.5608 -0.3682 0.2579 -0.5347 -0.7963 0.1161 0.765 -0.2846 -0.5613 -0.1369 0.2686 0.2798 -0.7482 -0.5383 0.6637 -0.158 -0.7288 0.058 0.6785 0.2325 -0.6778 0.1619 0.9324 -0.0572 0.3517 0.0606 0.6788 0.1616 -0.7163 0.0041 0.6787 -0.0927 -0.7222 0.0961 0.9024 -0.0941 0.4103 -0.0925
0.7401 -0.0466 -0.5608 -0.3682 0.2579 -0.5347 -0.7963 0.1161 0.765 -0.2846 -0.5613 -0.1369 0.2686 0.2798 -0.7482 -0.5383 0.6637 -0.158 -0.7288 0.058 0.6785 0.2325 -0.6778 0.1619 0.9401 -0.0562 0.3304 0.0616 0.6788 0.1616 -0.7163 0.0041 0.6787 -0.0927 -0.7222 0.0961 0.9024 -0.0941 0.4103 -0.0925
0.7401 -0.0466 -0.5608 -0.3682 0.2579 -0.5347 -0.7963 0.1161 0.765 -0.2846 -0.5613 -0.1369 0.2928 0.2739 -0.7099 -0.579 0.6637 -0.158 -0.7288 0.058 0.6785 0.2325 -0.6778 0.1619 0.9401 -0.0562 0.3304 0.0616 0.6788 0.1616 -0.7163 0.0041 0.6787 -0.0927 -0.7222 0.0961 0.9024 -0.0941 0.4103 -0.0925
0.7401 -0.0466 -0.5608 -0.3682 0.2579 -0.5347 -0.7963 0.1161 0.765 -0.2846 -0.5613 -0.1369 0.2928 0.2739 -0.7099 -0.579 0.6637 -0.158 -0.7288 0.058 0.6785 0.2325 -0.6778 0.1619 0.9401 -0.0562 0.3304 0.0616 0.6788 0.1616 -0.7163 0.0041 0.6787 -0.0927 -0.7222 0.0961 0.9024 -0.0941 0.4103 -0.0925
0.7401 -0.0466 -0.5608 -0.3682 0.2603 -0.5291 -0.7992 0.1169 0.765 -0.2846 -0.5613 -0.1369 0.2928 0.2739 -0.7099 -0.579 0.6567 -0.1806 -0.7314 0.0328 0.6785 0.2325 -0.6778 0.1619 0.9401 -0.0562 0.3304 0.0616 0.6996 0.1685 -0.6923 -0.0535 0.6787 -0.0927 -0.7222 0.0961 0.9024 -0.0941 0.4103 -0.0925
0.7401 -0.0466 -0.5608 -0.3682 0.2603 -0.5291 -0.7992 0.1169 0.765 -0.2846 -0.5613 -0.1369 0.2928 0.2739 -0.7099 -0.579 0.6567 -0.1806 -0.7314 0.0328 0.6785 0.2325 -0.6778 0.1619 0.9401 -0.0562 0.3304 0.0616 0.6996 0.1685 -0.6923 -0.0535 0.6787 -0.0927 -0.7222 0.0961 0.9024 -0.0941 0.4103 -0.0925
0.7421 -0.036 -0.5761 -0.3408 0.2603 -0.5291 -0.7992 0.1169 0.765 -0.2846 -0.5613 -0.1369 0.2928 0.2739 -0.7099 -0.579 0.6567 -0.1806 -0.7314 0.0328 0.6785 0.2325 -0.6778 0.1619 0.9401 -0.0562 0.3304 0.0616 0.6996 0.1685 -0.6923 -0.0535 0.6787 -0.0927 -0.7222 0.0961 0.8325 -0.1024 0.5369 -0.0903
0.7421 -0.036 -0.5761 -0.3408 0.2603 -0.5291 -0.7992 0.1169 0.765 -0.2846 -0.5613 -0.1369 0.2928 0.2739 -0.7099 -0.579 0.6567 -0.1806 -0.7314 0.0328 0.6785 0.2325 -0.6778 0.1619 0.9401 -0.0562 0.3304 0.0616 0.6996 0.1685 -0.6923 -0.0535 0.6787 -0.0927 -0.7222 0.0961 0.8325 -0.1024 0.5369 -0.0903
0.7421 -0.036 -0.5761 -0.3408 0.2603 -0.5291 -0.7992 0.1169 0.7513 -0.289 -0.5842 -0.1033 0.2928 0.2739 -0.7099 -0.579 0.6567 -0.1806 -0.7314 0.0328 0.6835 0.2515 -0.6711 0.1386 0.9401 -0.0562 0.3304 0.0616 0.6996 0.1685 -0.6923 -0.0535 0.6787 -0.0927 -0.7222 0.0961 0.8325 -0.1024 0.5369 -0.0903
0.7421 -0.036 -0.5761 -0.3408 0.2603 -0.5291 -0.7992 0.1169 0.7513 -0.289 -0.5842 -0.1033 0.2928 0.2739 -0.7099 -0.579 0.6567 -0.1806 -0.7314 0.0328 0.6835 0.2515 -0.6711 0.1386 0.9379 -0.0527 0.3368 0.0649 0.6996 0.1685 -0.6923 -0.0535 0.6787 -0.0927 -0.7222 0.0961 0.8325 -0.1024 0.5369 -0.0903
0.7421 -0.036 -0.5761 -0.3408 0.2603 -0.5291 -0.7992 0.1169 0.7513 -0.289 -0.5842 -0.1033 0.2928 0.2739 -0.7099 -0.579 0.6567 -0.1806 -0.7314 0.0328 0.6835 0.2515 -0.6711 0.1386 0.9379 -0.0527 0.3368 0.0649 0.6996 0.1685 -0.6923 -0.0535 0.6787 -0.0927 -0.7222 0.0961 0.8325 -0.1024 0.5369 -0.0903
0.7421 -0.036 -0.5761 -0.3408 0.2466 -0.5122 -0.8149 0.1132 0.7513 -0.289 -0.5842 -0.1033 0.2928 0.2739 -0.7099 -0.579 0.6282 -0.1604 -0.7613 0.001 0.6835 0.2515 -0.6711 0.1386 0.9379 -0.0527 0.3368 0.0649 0.6996 0.1685 -0.6923 -0.0535 0.6787 -0.0927 -0.7222 0.0961 0.8325 -0.1024 0.5369 -0.0903
0.7421 -0.036 -0.5761 -0.3408 0.2466 -0.5122 -0.8149 0.1132 0.7513 -0.289 -0.5842 -0.1033 0.2928 0.2739 -0.7099 -0.579 0.6282 -0.1604 -0.7613 0.001 0.6835 0.2515 -0.6711 0.1386 0.9379 -0.0527 0.3368 0.0649 0.6996 0.1685 -0.6923 -0.0535 0.6787 -0.0927 -0.7222 0.0961 0.8325 -0.1024 0.5369 -0.0903
0.7433 -0.0219 -0.5798 -0.3329 0.2466 -0.5122 -0.8149 0.1132 0.7513 -0.289 -0.5842 -0.1033 0.2928 0.2739 -0.7099 -0.579 0.6282 -0.1604 -0.7613 0.001 0.6835 0.2515 -0.6711 0.1386 0.9379 -0.0527 0.3368 0.0649 0.6996 0.1685 -0.6923 -0.0535 0.6787 -0.0927 -0.7222 0.0961 0.9023 -0.1204 0.403 -0.0945
0.7433 -0.0219 -0.5798 -0.3329 0.2466 -0.5122 -0.8149 0.1132 0.745 -0.2947 -0.5966 -0.0464 0.2928 0.2739 -0.7099 -0.579 0.6282 -0.1604 -0.7613 0.001 0.7012 0.2512 -0.6531 0.1366 0.9379 -0.0527 0.3368 0.0649 0.6996 0.1685 -0.6923 -0.0535 0.6787 -0.0927 -0.7222 0.0961 0.9023 -0.1204 0.403 -0.0945
0.7433 -0.0219 -0.5798 -0.3329 0.2466 -0.5122 -0.8149 0.1132 0.745 -0.2947 -0.5966 -0.0464 0.2928 0.2739 -0.7099 -0.579 0.6282 -0.1604 -0.7613 0.001 0.7012 0.2512 -0.6531 0.1366 0.9374 -0.0492 0.339 0.0626 0.6996 0.1685 -0.6923 -0.0535 0.6787 -0.0927 -0.7222 0.0961 0.9023 -0.1204 0.403 -0.0945
0.7433 -0.0219 -0.5798 -0.3329 0.2466 -0.5122 -0.8149 0.1132 0.745 -0.2947 -0.5966 -0.0464 0.3414 0.3036 -0.7277 -0.5115 0.6282 -0.1604 -0.7613 0.001 0.7012 0.2512 -0.6531 0.1366 0.9374 -0.0492 0.339 0.0626 0.6996 0.1685 -0.6923 -0.0535 0.6787 -0.0927 -0.7222 0.0961 0.9023 -0.1204 0.403 -0.0945
0.7433 -0.0219 -0.5798 -0.3329 0.2574 -0.478 -0.832 0.1146 0.745 -0.2947 -0.5966 -0.0464 0.3414 0.3036 -0.7277 -0.5115 0.6282 -0.1604 -0.7613 0.001 0.7012 0.2512 -0.6531 0.1366 0.9374 -0.0492 0.339 0.0626 0.6996 0.1685 -0.6923 -0.0535 0.6787 -0.0927 -0.7222 0.0961 0.9023 -0.1204 0.403 -0.0945
0.7433 -0.0219 -0.5798 -0.3329 0.2574 -0.478 -0.832 0.1146 0.745 -0.2947 -0.5966 -0.0464 0.3414 0.3036 -0.7277 -0.5115 0.6282 -0.1604 -0.7613 0.001 0.7012 0.2512 -0.6531 0.1366 0.9374 -0.0492 0.339 0.0626 0.7174 0.1766 -0.6686 -0.084 0.6787 -0.0927 -0.7222 0.0961 0.9023 -0.1204 0.403 -0.0945
0.7433 -0.0219 -0.5798 -0.3329 0.2574 -0.478 -0.832 0.1146 0.745 -0.2947 -0.5966 -0.0464 0.3414 0.3036 -0.7277 -0.5115 0.6282 -0.1604 -0.7613 0.001 0.7012 0.2512 -0.6531 0.1366 0.9374 -0.0492 0.339 0.0626 0.7174 0.1766 -0.6686 -0.084 0.6787 -0.0927 -0.7222 0.0961 0.9023 -0.1204 0.403 -0.0945
0.7646 0.0153 -0.5609 -0.317 0.2574 -0.478 -0.832 0.1146 0.745 -0.2947 -0.5966 -0.0464 0.3414 0.3036 -0.7277 -0.5115 0.6282 -0.1604 -0.7613 0.001 0.7012 0.2512 -0.6531 0.1366 0.9374 -0.0492 0.339 0.0626 0.7174 0.1766 -0.6686 -0.084 0.6787 -0.0927 -0.7222 0.0961 0.9276 -0.1071 0.3472 -0.0875
0.7646 0.0153 -0.5609 -0.317 0.2574 -0.478 -0.832 0.1146 0.7515 -0.2537 -0.6075 -0.0425 0.3414 0.3036 -0.7277 -0.5115 0.6282 -0.1604 -0.7613 0.001 0.7211 0.2999 -0.6165 0.0994 0.9374 -0.0492 0.339 0.0626 0.7174 0.1766 -0.6686 -0.084 0.6787 -0.0927 -0.7222 0.0961 0.9276 -0.1071 0.3472 -0.0875
0.7646 0.0153 -0.5609 -0.317 0.2574 -0.478 -0.832 0.1146 0.7515 -0.2537 -0.6075 -0.0425 0.3414 0.3036 -0.7277 -0.5115 0.6282 -0.1604 -0.7613 0.001 0.7211 0.2999 -0.6165 0.0994 0.9202 -0.0566 0.3831 0.0582 0.7174 0.1766 -0.6686 -0.084 0.6787 -0.0927 -0.7222 0.0961 0.9276 -0.1071 0.3472 -0.0875
0.7646 0.0153 -0.5609 -0.317 0.2574 -0.478 -0.832 0.1146 0.7515 -0.2537 -0.6075 -0.0425 0.3414 0.3036 -0.7277 -0.5115 0.6282 -0.1604 -0.7613 0.001 0.7211 0.2999 -0.6165 0.0994 0.9202 -0.0566 0.3831 0.0582 0.7174 0.1766 -0.6686 -0.084 0.6787 -0.0927 -0.7222 0.0961 0.9276 -0.1071 0.3472 -0.0875
0.7646 0.0153 -0.5609 -0.317 0.2574 -0.478 -0.832 0.1146 0.7515 -0.2537 -0.6075 -0.0425 0.3414 0.3036 -0.7277 -0.5115 0.6282 -0.1604 -0.7613 0.001 0.7211 0.2999 -0.6165 0.0994 0.9202 -0.0566 0.3831 0.0582 0.7174 0.1766 -0.6686 -0.084 0.6787 -0.0927 -0.7222 0.0961 0.9276 -0.1071 0.3472 -0.0875
0.7646 0.0153 -0.5609 -0.317 0.2795 -0.4797 -0.8225 0.1235 0.7515 -0.2537 -0.6075 -0.0425 0.3414 0.3036 -0.7277 -0.5115 0.6357 -0.111 -0.7639 0.0067 0.7211 0.2999 -0.6165 0.0994 0.9202 -0.0566 0.3831 0.0582 0.7154 0.1945 -0.6683 -0.0608 0.6787 -0.0927 -0.7222 0.0961 0.9276 -0.1071 0.3472 -0.0875
0.7646 0.0153 -0.5609 -0.317 0.2795 -0.4797 -0.8225 0.1235 0.7515 -0.2537 -0.6075 -0.0425 0.3414 0.3036 -0.7277 -0.5115 0.6357 -0.111 -0.7639 0.0067 0.7211 0.2999 -0.6165 0.0994 0.9202 -0.0566 0.3831 0.0582 0.7154 0.1945 -0.6683 -0.0608 0.6787 -0.0927 -0.7222 0.0961 0.9276 -0.1071 0.3472 -0.0875
0.7655 0.0054 -0.5633 -0.3109 0.2795 -0.4797 -0.8225 0.1235 0.7515 -0.2537 -0.6075 -0.0425 0.3414 0.3036 -0.7277 -0.5115 0.6357 -0.111 -0.7639 0.0067 0.7211 0.2999 -0.6165 0.0994 0.9202 -0.0566 0.3831 0.0582 0.7154 0.1945 -0.6683 -0.0608 0.6787 -0.0927 -0.7222 0.0961 0.9247 -0.1016 0.3566 -0.0856
0.7655 0.0054 -0.5633 -0.3109 0.2795 -0.4797 -0.8225 0.1235 0.7582 -0.2275 -0.6058 -0.0801 0.3414 0.3036 -0.7277 -0.5115 0.6357 -0.111 -0.7639 0.0067 0.7472 0.3239 -0.5784 0.0472 0.9202 -0.0566 0.3831 0.0582 0.7154 0.1945 -0.6683 -0.0608 0.6787 -0.0927 -0.7222 0.0961 0.9247 -0.1016 0.3566 -0.0856
0.7655 0.0054 -0.5633 -0.3109 0.2795 -0.4797 -0.8225 0.1235 0.7582 -0.2275 -0.6058 -0.0801 0.3414 0.3036 -0.7277 -0.5115 0.6357 -0.111 -0.7639 0.0067 0.7472 0.3239 -0.5784 0.0472 0.9019 -0.041 0.429 0.0306 0.7154 0.1945 -0.6683 -0.0608 0.6787 -0.0927 -0.7222 0.0961 0.9247 -0.1016 0.3566 -0.0856
0.7655 0.0054 -0.5633 -0.3109 0.2795 -0.4797 -0.8225 0.1235 0.7582 -0.2275 -0.6058 -0.0801 0.3414 0.3036 -0.7277 -0.5115 0.6357 -0.111 -0.7639 0.0067 0.7472 0.3239 -0.5784 0.0472 0.9019 -0.041 0.429 0.0306 0.7154 0.1945 -0.6683 -0.0608 0.6787 -0.0927 -0.7222 0.0961 0.9247 -0.1016 0.3566 -0.0856
0.7655 0.0054 -0.5633 -0.3109 0.2795 -0.4797 -0.8225 0.1235 0.7582 -0.2275 -0.6058 -0.0801 0.3414 0.3036 -0.7277 -0.5115 0.6357 -0.111 -0.7639 0.0067 0.7472 0.3239 -0.5784 0.0472 0.9019 -0.041 0.429 0.0306 0.7154 0.1945 -0.6683 -0.0608 0.6787 -0.0927 -0.7222 0.0961 0.9247 -0.1016 0.3566 -0.0856
0.7655 0.0054 -0.5633 -0.3109 0.2753 -0.4789 -0.8252 0.1181 0.7582 -0.2275 -0.6058 -0.0801 0.3414 0.3036 -0.7277 -0.5115 0.6467 -0.0998 -0.7558 0.0249 0.7472 0.3239 -0.5784 0.0472 0.9019 -0.041 0.429 0.0306 0.7007 0.1768 -0.691 -0.0186 0.6787 -0.0927 -0.7222 0.0961 0.9247 -0.1016 0.3566 -0.0856
0.7655 0.0054 -0.5633 -0.3109 0.2753 -0.4789 -0.8252 0.1181 0.7582 -0.2275 -0.6058 -0.0801 0.3414 0.3036 -0.7277 -0.5115 0.6467 -0.0998 -0.7558 0.0249 0.7472 0.3239 -0.5784 0.0472 0.9019 -0.041 0.429 0.0306 0.7007 0.1768 -0.691 -0.0186 0.6787 -0.0927 -0.7222 0.0961 0.9247 -0.1016 0.3566 -0.0856
0.7658 0.0015 -0.5582 -0.3194 0.2753 -0.4789 -0.8252 0.1181 0.7582 -0.2275 -0.6058 -0.0801 0.3414 0.3036 -0.7277 -0.5115 0.6467 -0.0998 -0.7558 0.0249 0.7472 0.3239 -0.5784 0.0472 0.9019 -0.041 0.429 0.0306 0.7007 0.1768 -0.691 -0.0186 0.6787 -0.0927 -0.7222 0.0961 0.9227 -0.0974 0.363 -0.0852
0.7658 0.0015 -0.5582 -0.3194 0.2753 -0.4789 -0.8252 0.1181 0.7576 -0.2335 -0.6014 -0.0987 0.3414 0.3036 -0.7277 -0.5115 0.6467 -0.0998 -0.7558 0.0249 0.7208 0.2795 -0.6255 0.106 0.9019 -0.041 0.429 0.0306 0.7007 0.1768 -0.691 -0.0186 0.6787 -0.0927 -0.7222 0.0961 0.9227 -0.0974 0.363 -0.0852
0.7658 0.0015 -0.5582 -0.3194 0.2753 -0.4789 -0.8252 0.1181 0.7576 -0.2335 -0.6014 -0.0987 0.3414 0.3036 -0.7277 -0.5115 0.6467 -0.0998 -0.7558 0.0249 0.7208 0.2795 -0.6255 0.106 0.9274 -0.0328 0.3689 0.0525 0.7007 0.1768 -0.691 -0.0186 0.6787 -0.0927 -0.7222 0.0961 0.9227 -0.0974 0.363 -0.0852
0.7658 0.0015 -0.5582 -0.3194 0.2753 -0.4789 -0.8252 0.1181 0.7576 -0.2335 -0.6014 -0.0987 0.3414 0.3036 -0.7277 -0.5115 0.6467 -0.0998 -0.7558 0.0249 0.7208 0.2795 -0.6255 0.106 0.9274 -0.0328 0.3689 0.0525 0.7007 0.1768 -0.691 -0.0186 0.6787 -0.0927 -0.7222 0.0961 0.9227 -0.0974 0.363 -0.0852
0.7658 0.0015 -0.5582 -0.3194 0.2753 -0.4789 -0.8252 0.1181 0.7576 -0.2335 -0.6014 -0.0987 0.3019 0.3242 -0.6977 -0.563 0.6569 -0.1111 -0.7433 0.0607 0.7208 0.2795 -0.6255 0.106 0.9274 -0.0328 0.3689 0.0525 0.7007 0.1768 -0.691 -0.0186 0.6854 -0.0985 -0.7104 0.1261 0.9227 -0.0974 0.363 -0.0852
0.7658 0.0015 -0.5582 -0.3194 0.2753 -0.4789 -0.8252 0.1181 0.7576 -0.2335 -0.6014 -0.0987 0.3019 0.3242 -0.6977 -0.563 0.6569 -0.1111 -0.7433 0.0607 0.7208 0.2795 -0.6255 0.106 0.9274 -0.0328 0.3689 0.0525 0.6813 0.1509 -0.7158 0.0265 0.6854 -0.0985 -0.7104 0.1261 0.9227 -0.0974 0.363 -0.0852
0.7658 0.0015 -0.5582 -0.3194 0.2753 -0.4789 -0.8252 0.1181 0.7576 -0.2335 -0.6014 -0.0987 0.3019 0.3242 -0.6977 -0.563 0.6569 -0.1111 -0.7433 0.0607 0.7208 0.2795 -0.6255 0.106 0.9274 -0.0328 0.3689 0.0525 0.6813 0.1509 -0.7158 0.0265 0.6854 -0.0985 -0.7104 0.1261 0.9227 -0.0974 0.363 -0.0852
0.7658 0.0015 -0.5582 -0.3194 0.2753 -0.4789 -0.8252 0.1181 0.7576 -0.2335 -0.6014 -0.0987 0.3019 0.3242 -0.6977 -0.563 0.6569 -0.1111 -0.7433 0.0607 0.7208 0.2795 -0.6255 0.106 0.9274 -0.0328 0.3689 0.0525 0.6813 0.1509 -0.7158 0.0265 0.6854 -0.0985 -0.7104 0.1261 0.9161 -0.0905 0.3831 -0.0756
0.7658 0.0015 -0.5582 -0.3194 0.2753 -0.4789 -0.8252 0.1181 0.7576 -0.2335 -0.6014 -0.0987 0.3019 0.3242 -0.6977 -0.563 0.6569 -0.1111 -0.7433 0.0607 0.7208 0.2795 -0.6255 0.106 0.9274 -0.0328 0.3689 0.0525 0.6813 0.1509 -0.7158 0.0265 0.6854 -0.0985 -0.7104 0.1261 0.9161 -0.0905 0.3831 -0.0756
0.7658 0.0015 -0.5582 -0.3194 0.2753 -0.4789 -0.8252 0.1181 0.7551 -0.2615 -0.5923 -0.1025 0.3019 0.3242 -0.6977 -0.563 0.6569 -0.1111 -0.7433 0.0607 0.6848 0.2192 -0.6757 0.1631 0.9259 -0.058 0.3689 0.0574 0.6813 0.1509 -0.7158 0.0265 0.6854 -0.0985 -0.7104 0.1261 0.9161 -0.0905 0.3831 -0.0756
0.7658 0.0015 -0.5582 -0.3194 0.2753 -0.4789 -0.8252 0.1181 0.7551 -0.2615 -0.5923 -0.1025 0.3019 0.3242 -0.6977 -0.563 0.6569 -0.1111 -0.7433 0.0607 0.6848 0.2192 -0.6757 0.1631 0.9259 -0.058 0.3689 0.0574 0.6813 0.1509 -0.7158 0.0265 0.6854 -0.0985 -0.7104 0.1261 0.9161 -0.0905 0.3831 -0.0756
0.7658 0.0015 -0.5582 -0.3194 0.2753 -0.4789 -0.8252 0.1181 0.7551 -0.2615 -0.5923 -0.1025 0.3011 0.2971 -0.7136 -0.5584 0.6446 -0.1526 -0.7482 0.0386 0.6848 0.2192 -0.6757 0.1631 0.9259 -0.058 0.3689 0.0574 0.6813 0.1509 -0.7158 0.0265 0.6854 -0.0985 -0.7104 0.1261 0.9161 -0.0905 0.3831 -0.0756
0.7658 0.0015 -0.5582 -0.3194 0.2753 -0.4789 -0.8252 0.1181 0.7551 -0.2615 -0.5923 -0.1025 0.3011 0.2971 -0.7136 -0.5584 0.6446 -0.1526 -0.7482 0.0386 0.6848 0.2192 -0.6757 0.1631 0.9259 -0.058 0.3689 0.0574 0.6813 0.1509 -0.7158 0.0265 0.6854 -0.0985 -0.7104 0.1261 0.9161 -0.0905 0.3831 -0.0756
0.7658 0.0015 -0.5582 -0.3194 0.2753 -0.4789 -0.8252 0.1181 0.7551 -0.2615 -0.5923 -0.1025 0.3011 0.2971 -0.7136 -0.5584 0.6446 -0.1526 -0.7482 0.0386 0.6848 0.2192 -0.6757 0.1631 0.9259 -0.058 0.3689 0.0574 0.6813 0.1509 -0.7158 0.0265 0.6854 -0.0985 -0.7104 0.1261 0.9161 -0.0905 0.3831 -0.0756
0.7446 -0.025 -0.5766 -0.3353 0.2753 -0.4789 -0.8252 0.1181 0.7551 -0.2615 -0.5923 -0.1025 0.3011 0.2971 -0.7136 -0.5584 0.6446 -0.1526 -0.7482 0.0386 0.6848 0.2192 -0.6757 0.1631 0.9259 -0.058 0.3689 0.0574 0.6813 0.1509 -0.7158 0.0265 0.6854 -0.0985 -0.7104 0.1261 0.863 -0.1012 0.491 -0.0632
0.7446 -0.025 -0.5766 -0.3353 0.2753 -0.4789 -0.8252 0.1181 0.7449 -0.2856 -0.5959 -0.092 0.3011 0.2971 -0.7136 -0.5584 0.6446 -0.1526 -0.7482 0.0386 0.6768 0.2612 -0.679 0.1126 0.9259 -0.058 0.3689 0.0574 0.6813 0.1509 -0.7158 0.0265 0.6854 -0.0985 -0.7104 0.1261 0.863 -0.1012 0.491 -0.0632
0.7446 -0.025 -0.5766 -0.3353 0.2753 -0.4789 -0.8252 0.1181 0.7449 -0.2856 -0.5959 -0.092 0.3011 0.2971 -0.7136 -0.5584 0.6446 -0.1526 -0.7482 0.0386 0.6768 0.2612 -0.679 0.1126 0.931 -0.0569 0.3571 0.0499 0.6813 0.1509 -0.7158 0.0265 0.6854 -0.0985 -0.7104 0.1261 0.863 -0.1012 0.491 -0.0632
0.7446 -0.025 -0.5766 -0.3353 0.2753 -0.4789 -0.8252 0.1181 0.7449 -0.2856 -0.5959 -0.092 0.3011 0.2971 -0.7136 -0.5584 0.6446 -0.1526 -0.7482 0.0386 0.6768 0.2612 -0.679 0.1126 0.931 -0.0569 0.3571 0.0499 0.6813 0.1509 -0.7158 0.0265 0.6854 -0.0985 -0.7104 0.1261 0.863 -0.1012 0.491 -0.0632
0.7446 -0.025 -0.5766 -0.3353 0.2753 -0.4789 -0.8252 0.1181 0.7449 -0.2856 -0.5959 -0.092 0.3036 0.27 -0.7506 -0.521 0.6446 -0.1526 -0.7482 0.0386 0.6768 0.2612 -0.679 0.1126 0.931 -0.0569 0.3571 0.0499 0.6813 0.1509 -0.7158 0.0265 0.6268 -0.2209 -0.7108 0.2304 0.863 -0.1012 0.491 -0.0632
0.7446 -0.025 -0.5766 -0.3353 0.2442 -0.509 -0.8165 0.1208 0.7449 -0.2856 -0.5959 -0.092 0.3036 0.27 -0.7506 -0.521 0.6446 -0.1526 -0.7482 0.0386 0.6768 0.2612 -0.679 0.1126 0.931 -0.0569 0.3571 0.0499 0.7112 0.1426 -0.6847 -0.0711 0.6268 -0.2209 -0.7108 0.2304 0.863 -0.1012 0.491 -0.0632
0.7411 -0.03 -0.5937 -0.312 0.2442 -0.509 -0.8165 0.1208 0.7449 -0.2856 -0.5959 -0.092 0.3036 0.27 -0.7506 -0.521 0.6446 -0.1526 -0.7482 0.0386 0.6768 0.2612 -0.679 0.1126 0.931 -0.0569 0.3571 0.0499 0.7112 0.1426 -0.6847 -0.0711 0.6268 -0.2209 -0.7108 0.2304 0.863 -0.1012 0.491 -0.0632
0.7411 -0.03 -0.5937 -0.312 0.2442 -0.509 -0.8165 0.1208 0.7449 -0.2856 -0.5959 -0.092 0.3036 0.27 -0.7506 -0.521 0.6446 -0.1526 -0.7482 0.0386 0.6768 0.2612 -0.679 0.1126 0.931 -0.0569 0.3571 0.0499 0.7112 0.1426 -0.6847 -0.0711 0.6268 -0.2209 -0.7108 0.2304 0.8439 -0.0943 0.5236 -0.0685
0.7411 -0.03 -0.5937 -0.312 0.2442 -0.509 -0.8165 0.1208 0.73 -0.2982 -0.6098 -0.0791 0.3036 0.27 -0.7506 -0.521 0.6446 -0.1526 -0.7482 0.0386 0.6839 0.2725 -0.6708 0.0901 0.931 -0.0569 0.3571 0.0499 0.7112 0.1426 -0.6847 -0.0711 0.6268 -0.2209 -0.7108 0.2304 0.8439 -0.0943 0.5236 -0.0685
0.7411 -0.03 -0.5937 -0.312 0.2442 -0.509 -0.8165 0.1208 0.73 -0.2982 -0.6098 -0.0791 0.3036 0.27 -0.7506 -0.521 0.6446 -0.1526 -0.7482 0.0386 0.6839 0.2725 -0.6708 0.0901 0.9156 -0.0475 0.3954 0.0556 0.7112 0.1426 -0.6847 -0.0711 0.6268 -0.2209 -0.7108 0.2304 0.8439 -0.0943 0.5236 -0.0685
0.7411 -0.03 -0.5937 -0.312 0.2442 -0.509 -0.8165 0.1208 0.73 -0.2982 -0.6098 -0.0791 0.2959 0.2683 -0.7712 -0.4957 0.6446 -0.1526 -0.7482 0.0386 0.6839 0.2725 -0.6708 0.0901 0.9156 -0.0475 0.3954 0.0556 0.7112 0.1426 -0.6847 -0.0711 0.6268 -0.2209 -0.7108 0.2304 0.8439 -0.0943 0.5236 -0.0685
0.7411 -0.03 -0.5937 -0.312 0.2442 -0.509 -0.8165 0.1208 0.73 -0.2982 -0.6098 -0.0791 0.2959 0.2683 -0.7712 -0.4957 0.6446 -0.1526 -0.7482 0.0386 0.6839 0.2725 -0.6708 0.0901 0.9156 -0.0475 0.3954 0.0556 0.7112 0.1426 -0.6847 -0.0711 0.6758 -0.1048 -0.7159 0.1405 0.8439 -0.0943 0.5236 -0.0685
0.7411 -0.03 -0.5937 -0.312 0.2442 -0.509 -0.8165 0.1208 0.73 -0.2982 -0.6098 -0.0791 0.2959 0.2683 -0.7712 -0.4957 0.6446 -0.1526 -0.7482 0.0386 0.6839 0.2725 -0.6708 0.0901 0.9156 -0.0475 0.3954 0.0556 0.7112 0.1426 -0.6847 -0.0711 0.6758 -0.1048 -0.7159 0.1405 0.8439 -0.0943 0.5236 -0.0685
0.741 -0.0105 -0.59 -0.3205 0.2208 -0.4946 -0.8337 0.1078 0.73 -0.2982 -0.6098 -0.0791 0.2959 0.2683 -0.7712 -0.4957 0.6446 -0.1526 -0.7482 0.0386 0.6839 0.2725 -0.6708 0.0901 0.9156 -0.0475 0.3954 0.0556 0.7114 0.1713 -0.6756 -0.09 0.6758 -0.1048 -0.7159 0.1405 0.8439 -0.0943 0.5236 -0.0685
0.741 -0.0105 -0.59 -0.3205 0.2208 -0.4946 -0.8337 0.1078 0.73 -0.2982 -0.6098 -0.0791 0.2959 0.2683 -0.7712 -0.4957 0.6446 -0.1526 -0.7482 0.0386 0.6839 0.2725 -0.6708 0.0901 0.9156 -0.0475 0.3954 0.0556 0.7114 0.1713 -0.6756 -0.09 0.6758 -0.1048 -0.7159 0.1405 0.8439 -0.0943 0.5236 -0.0685
0.741 -0.0105 -0.59 -0.3205 0.2208 -0.4946 -0.8337 0.1078 0.73 -0.2982 -0.6098 -0.0791 0.2959 0.2683 -0.7712 -0.4957 0.6446 -0.1526 -0.7482 0.0386 0.6839 0.2725 -0.6708 0.0901 0.9156 -0.0475 0.3954 0.0556 0.7114 0.1713 -0.6756 -0.09 0.6758 -0.1048 -0.7159 0.1405 0.8439 -0.0943 0.5236 -0.0685
0.741 -0.0105 -0.59 -0.3205 0.2208 -0.4946 -0.8337 0.1078 0.7368 -0.2806 -0.6106 -0.0742 0.2959 0.2683 -0.7712 -0.4957 0.6446 -0.1526 -0.7482 0.0386 0.7143 0.2694 -0.6418 0.0724 0.9156 -0.0475 0.3954 0.0556 0.7114 0.1713 -0.6756 -0.09 0.6758 -0.1048 -0.7159 0.1405 0.8439 -0.0943 0.5236 -0.0685
0.741 -0.0105 -0.59 -0.3205 0.2208 -0.4946 -0.8337 0.1078 0.7368 -0.2806 -0.6106 -0.0742 0.2959 0.2683 -0.7712 -0.4957 0.6446 -0.1526 -0.7482 0.0386 0.7143 0.2694 -0.6418 0.0724 0.9156 -0.0475 0.3954 0.0556 0.7114 0.1713 -0.6756 -0.09 0.6758 -0.1048 -0.7159 0.1405 0.8439 -0.0943 0.5236 -0.0685
0.741 -0.0105 -0.59 -0.3205 0.2549 -0.4692 -0.8345 0.1357 0.7368 -0.2806 -0.6106 -0.0742 0.2844 0.306 -0.7417 -0.5248 0.5884 -0.1101 -0.7979 -0.0716 0.7143 0.2694 -0.6418 0.0724 0.9156 -0.0475 0.3954 0.0556 0.7114 0.1713 -0.6756 -0.09 0.6758 -0.1048 -0.7159 0.1405 0.8439 -0.0943 0.5236 -0.0685
0.741 -0.0105 -0.59 -0.3205 0.2549 -0.4692 -0.8345 0.1357 0.7368 -0.2806 -0.6106 -0.0742 0.2844 0.306 -0.7417 -0.5248 0.5884 -0.1101 -0.7979 -0.0716 0.7143 0.2694 -0.6418 0.0724 0.9156 -0.0475 0.3954 0.0556 0.7079 0.1749 -0.6755 -0.1093 0.6758 -0.1048 -0.7159 0.1405 0.8439 -0.0943 0.5236 -0.0685
0.741 -0.0105 -0.59 -0.3205 0.2549 -0.4692 -0.8345 0.1357 0.7368 -0.2806 -0.6106 -0.0742 0.2844 0.306 -0.7417 -0.5248 0.5884 -0.1101 -0.7979 -0.0716 0.7143 0.2694 -0.6418 0.0724 0.9156 -0.0475 0.3954 0.0556 0.7079 0.1749 -0.6755 -0.1093 0.6758 -0.1048 -0.7159 0.1405 0.8439 -0.0943 0.5236 -0.0685
0.7738 -0.0114 -0.557 -0.3014 0.2549 -0.4692 -0.8345 0.1357 0.7368 -0.2806 -0.6106 -0.0742 0.2844 0.306 -0.7417 -0.5248 0.5884 -0.1101 -0.7979 -0.0716 0.7143 0.2694 -0.6418 0.0724 0.9156 -0.0475 0.3954 0.0556 0.7079 0.1749 -0.6755 -0.1093 0.6758 -0.1048 -0.7159 0.1405 0.9271 -0.0859 0.3502 -0.1016
0.7738 -0.0114 -0.557 -0.3014 0.2549 -0.4692 -0.8345 0.1357 0.7604 -0.2269 -0.6033 -0.0789 0.2844 0.306 -0.7417 -0.5248 0.5884 -0.1101 -0.7979 -0.0716 0.7362 0.3333 -0.5889 0.01 0.9156 -0.0475 0.3954 0.0556 0.7079 0.1749 -0.6755 -0.1093 0.6758 -0.1048 -0.7159 0.1405 0.9271 -0.0859 0.3502 -0.1016
0.7738 -0.0114 -0.557 -0.3014 0.2549 -0.4692 -0.8345 0.1357 0.7604 -0.2269 -0.6033 -0.0789 0.2844 0.306 -0.7417 -0.5248 0.5884 -0.1101 -0.7979 -0.0716 0.7362 0.3333 -0.5889 0.01 0.887 0.0192 0.4588 0.0482 0.7079 0.1749 -0.6755 -0.1093 0.6758 -0.1048 -0.7159 0.1405 0.9271 -0.0859 0.3502 -0.1016
0.7738 -0.0114 -0.557 -0.3014 0.2549 -0.4692 -0.8345 0.1357 0.7604 -0.2269 -0.6033 -0.0789 0.2964 0.3331 -0.7076 -0.5482 0.5884 -0.1101 -0.7979 -0.0716 0.7362 0.3333 -0.5889 0.01 0.887 0.0192 0.4588 0.0482 0.7079 0.1749 -0.6755 -0.1093 0.6758 -0.1048 -0.7159 0.1405 0.9271 -0.0859 0.3502 -0.1016
0.7738 -0.0114 -0.557 -0.3014 0.2565 -0.5037 -0.8088 0.1622 0.7604 -0.2269 -0.6033 -0.0789 0.2964 0.3331 -0.7076 -0.5482 0.5884 -0.1101 -0.7979 -0.0716 0.7362 0.3333 -0.5889 0.01 0.887 0.0192 0.4588 0.0482 0.7079 0.1749 -0.6755 -0.1093 0.6758 -0.1048 -0.7159 0.1405 0.9271 -0.0859 0.3502 -0.1016
0.7738 -0.0114 -0.557 -0.3014 0.2565 -0.5037 -0.8088 0.1622 0.7604 -0.2269 -0.6033 -0.0789 0.2964 0.3331 -0.7076 -0.5482 0.5884 -0.1101 -0.7979 -0.0716 0.7362 0.3333 -0.5889 0.01 0.887 0.0192 0.4588 0.0482 0.705 0.1817 -0.6808 -0.0802 0.6758 -0.1048 -0.7159 0.1405 0.9271 -0.0859 0.3502 -0.1016
0.7738 -0.0114 -0.557 -0.3014 0.2565 -0.5037 -0.8088 0.1622 0.7604 -0.2269 -0.6033 -0.0789 0.2964 0.3331 -0.7076 -0.5482 0.5884 -0.1101 -0.7979 -0.0716 0.7362 0.3333 -0.5889 0.01 0.887 0.0192 0.4588 0.0482 0.705 0.1817 -0.6808 -0.0802 0.6758 -0.1048 -0.7159 0.1405 0.9271 -0.0859 0.3502 -0.1016
0.7649 -0.0431 -0.5664 -0.3038 0.2565 -0.5037 -0.8088 0.1622 0.7604 -0.2269 -0.6033 -0.0789 0.2964 0.3331 -0.7076 -0.5482 0.5884 -0.1101 -0.7979 -0.0716 0.7362 0.3333 -0.5889 0.01 0.887 0.0192 0.4588 0.0482 0.705 0.1817 -0.6808 -0.0802 0.6758 -0.1048 -0.7159 0.1405 0.9259 -0.0809 0.3559 -0.0973
0.7649 -0.0431 -0.5664 -0.3038 0.2565 -0.5037 -0.8088 0.1622 0.7571 -0.2316 -0.6006 -0.1113 0.2964 0.3331 -0.7076 -0.5482 0.5884 -0.1101 -0.7979 -0.0716 0.7346 0.2841 -0.6151 0.0366 0.887 0.0192 0.4588 0.0482 0.705 0.1817 -0.6808 -0.0802 0.6758 -0.1048 -0.7159 0.1405 0.9259 -0.0809 0.3559 -0.0973
0.7649 -0.0431 -0.5664 -0.3038 0.2565 -0.5037 -0.8088 0.1622 0.7571 -0.2316 -0.6006 -0.1113 0.2964 0.3331 -0.7076 -0.5482 0.5884 -0.1101 -0.7979 -0.0716 0.7346 0.2841 -0.6151 0.0366 0.9145 0.0039 0.4039 0.0229 0.705 0.1817 -0.6808 -0.0802 0.6758 -0.1048 -0.7159 0.1405 0.9259 -0.0809 0.3559 -0.0973
0.7649 -0.0431 -0.5664 -0.3038 0.2565 -0.5037 -0.8088 0.1622 0.7571 -0.2316 -0.6006 -0.1113 0.2767 0.3115 -0.713 -0.5639 0.5884 -0.1101 -0.7979 -0.0716 0.7346 0.2841 -0.6151 0.0366 0.9145 0.0039 0.4039 0.0229 0.705 0.1817 -0.6808 -0.0802 0.6758 -0.1048 -0.7159 0.1405 0.9259 -0.0809 0.3559 -0.0973
0.7649 -0.0431 -0.5664 -0.3038 0.2565 -0.5037 -0.8088 0.1622 0.7571 -0.2316 -0.6006 -0.1113 0.2767 0.3115 -0.713 -0.5639 0.5884 -0.1101 -0.7979 -0.0716 0.7346 0.2841 -0.6151 0.0366 0.9145 0.0039 0.4039 0.0229 0.705 0.1817 -0.6808 -0.0802 0.6758 -0.1048 -0.7159 0.1405 0.9259 -0.0809 0.3559 -0.0973
0.7649 -0.0431 -0.5664 -0.3038 0.2445 -0.513 -0.8061 0.1652 0.7571 -0.2316 -0.6006 -0.1113 0.2767 0.3115 -0.713 -0.5639 0.5884 -0.1101 -0.7979 -0.0716 0.7346 0.2841 -0.6151 0.0366 0.9145 0.0039 0.4039 0.0229 0.6829 0.14 -0.7159 -0.0389 0.6758 -0.1048 -0.7159 0.1405 0.9259 -0.0809 0.3559 -0.0973
0.7649 -0.0431 -0.5664 -0.3038 0.2445 -0.513 -0.8061 0.1652 0.7571 -0.2316 -0.6006 -0.1113 0.2767 0.3115 -0.713 -0.5639 0.5884 -0.1101 -0.7979 -0.0716 0.7346 0.2841 -0.6151 0.0366 0.9145 0.0039 0.4039 0.0229 0.6829 0.14 -0.7159 -0.0389 0.6758 -0.1048 -0.7159 0.1405 0.9259 -0.0809 0.3559 -0.0973
0.7563 -0.0584 -0.5644 -0.3257 0.2445 -0.513 -0.8061 0.1652 0.7571 -0.2316 -0.6006 -0.1113 0.2767 0.3115 -0.713 -0.5639 0.5884 -0.1101 -0.7979 -0.0716 0.7346 0.2841 -0.6151 0.0366 0.9145 0.0039 0.4039 0.0229 0.6829 0.14 -0.7159 -0.0389 0.6758 -0.1048 -0.7159 0.1405 0.9242 -0.0793 0.3608 -0.0966
0.7563 -0.0584 -0.5644 -0.3257 0.2445 -0.513 -0.8061 0.1652 0.7558 -0.2643 -0.582 -0.1418 0.2767 0.3115 -0.713 -0.5639 0.5884 -0.1101 -0.7979 -0.0716 0.706 0.203 -0.6656 0.1316 0.9145 0.0039 0.4039 0.0229 0.6829 0.14 -0.7159 -0.0389 0.6758 -0.1048 -0.7159 0.1405 0.9242 -0.0793 0.3608 -0.0966
0.7563 -0.0584 -0.5644 -0.3257 0.2445 -0.513 -0.8061 0.1652 0.7558 -0.2643 -0.582 -0.1418 0.2767 0.3115 -0.713 -0.5639 0.5884 -0.1101 -0.7979 -0.0716 0.706 0.203 -0.6656 0.1316 0.9422 -0.0048 0.33 0.0576 0.6829 0.14 -0.7159 -0.0389 0.6758 -0.1048 -0.7159 0.1405 0.9242 -0.0793 0.3608 -0.0966
0.7563 -0.0584 -0.5644 -0.3257 0.2445 -0.513 -0.8061 0.1652 0.7558 -0.2643 -0.582 -0.1418 0.2767 0.3115 -0.713 -0.5639 0.5884 -0.1101 -0.7979 -0.0716 0.706 0.203 -0.6656 0.1316 0.9422 -0.0048 0.33 0.0576 0.6829 0.14 -0.7159 -0.0389 0.6758 -0.1048 -0.7159 0.1405 0.9242 -0.0793 0.3608 -0.0966
0.7563 -0.0584 -0.5644 -0.3257 0.2445 -0.513 -0.8061 0.1652 0.7558 -0.2643 -0.582 -0.1418 0.2481 0.273 -0.7257 -0.5807 0.6576 -0.1624 -0.7352 0.0266 0.706 0.203 -0.6656 0.1316 0.9422 -0.0048 0.33 0.0576 0.6829 0.14 -0.7159 -0.0389 0.6736 -0.1454 -0.7137 0.1251 0.9242 -0.0793 0.3608 -0.0966
0.7563 -0.0584 -0.5644 -0.3257 0.2445 -0.513 -0.8061 0.1652 0.7558 -0.2643 -0.582 -0.1418 0.2481 0.273 -0.7257 -0.5807 0.6576 -0.1624 -0.7352 0.0266 0.706 0.203 -0.6656 0.1316 0.9422 -0.0048 0.33 0.0576 0.6735 0.1246 -0.7285 -0.0104 0.6736 -0.1454 -0.7137 0.1251 0.9242 -0.0793 0.3608 -0.0966
0.7563 -0.0584 -0.5644 -0.3257 0.2445 -0.513 -0.8061 0.1652 0.7558 -0.2643 -0.582 -0.1418 0.2481 0.273 -0.7257 -0.5807 0.6576 -0.1624 -0.7352 0.0266 0.706 0.203 -0.6656 0.1316 0.9422 -0.0048 0.33 0.0576 0.6735 0.1246 -0.7285 -0.0104 0.6736 -0.1454 -0.7137 0.1251 0.9242 -0.0793 0.3608 -0.0966
0.7563 -0.0584 -0.5644 -0.3257 0.2445 -0.513 -0.8061 0.1652 0.7558 -0.2643 -0.582 -0.1418 0.2481 0.273 -0.7257 -0.5807 0.6576 -0.1624 -0.7352 0.0266 0.706 0.203 -0.6656 0.1316 0.9422 -0.0048 0.33 0.0576 0.6735 0.1246 -0.7285 -0.0104 0.6736 -0.1454 -0.7137 0.1251 0.9242 -0.0793 0.3608 -0.0966
0.7563 -0.0584 -0.5644 -0.3257 0.2445 -0.513 -0.8061 0.1652 0.7598 -0.2745 -0.5674 -0.1595 0.2481 0.273 -0.7257 -0.5807 0.6576 -0.1624 -0.7352 0.0266 0.685 0.195 -0.6799 0.1747 0.9422 -0.0048 0.33 0.0576 0.6735 0.1246 -0.7285 -0.0104 0.6736 -0.1454 -0.7137 0.1251 0.9242 -0.0793 0.3608 -0.0966
0.7563 -0.0584 -0.5644 -0.3257 0.2445 -0.513 -0.8061 0.1652 0.7598 -0.2745 -0.5674 -0.1595 0.2481 0.273 -0.7257 -0.5807 0.6576 -0.1624 -0.7352 0.0266 0.685 0.195 -0.6799 0.1747 0.9422 -0.0048 0.33 0.0576 0.6735 0.1246 -0.7285 -0.0104 0.6736 -0.1454 -0.7137 0.1251 0.9242 -0.0793 0.3608 -0.0966
0.7563 -0.0584 -0.5644 -0.3257 0.2445 -0.513 -0.8061 0.1652 0.7598 -0.2745 -0.5674 -0.1595 0.2523 0.2708 -0.7183 -0.5892 0.6576 -0.1624 -0.7352 0.0266 0.685 0.195 -0.6799 0.1747 0.9403 -0.0511 0.3257 0.0843 0.6735 0.1246 -0.7285 -0.0104 0.6736 -0.1454 -0.7137 0.1251 0.9242 -0.0793 0.3608 -0.0966
0.7563 -0.0584 -0.5644 -0.3257 0.2445 -0.513 -0.8061 0.1652 0.7598 -0.2745 -0.5674 -0.1595 0.2523 0.2708 -0.7183 -0.5892 0.6576 -0.1624 -0.7352 0.0266 0.685 0.195 -0.6799 0.1747 0.9403 -0.0511 0.3257 0.0843 0.6735 0.1246 -0.7285 -0.0104 0.6736 -0.1454 -0.7137 0.1251 0.9242 -0.0793 0.3608 -0.0966
0.7563 -0.0584 -0.5644 -0.3257 0.2445 -0.513 -0.8061 0.1652 0.7598 -0.2745 -0.5674 -0.1595 0.2523 0.2708 -0.7183 -0.5892 0.6576 -0.1624 -0.7352 0.0266 0.685 0.195 -0.6799 0.1747 0.9403 -0.0511 0.3257 0.0843 0.6735 0.1246 -0.7285 -0.0104 0.6736 -0.1454 -0.7137 0.1251 0.9242 -0.0793 0.3608 -0.0966
0.7443 -0.0799 -0.5754 -0.3295 0.2445 -0.513 -0.8061 0.1652 0.7598 -0.2745 -0.5674 -0.1595 0.2523 0.2708 -0.7183 -0.5892 0.6576 -0.1624 -0.7352 0.0266 0.685 0.195 -0.6799 0.1747 0.9403 -0.0511 0.3257 0.0843 0.6735 0.1246 -0.7285 -0.0104 0.6736 -0.1454 -0.7137 0.1251 0.811 -0.0891 0.5704 -0.0945
0.7443 -0.0799 -0.5754 -0.3295 0.2445 -0.513 -0.8061 0.1652 0.7598 -0.2745 -0.5674 -0.1595 0.2523 0.2708 -0.7183 -0.5892 0.6576 -0.1624 -0.7352 0.0266 0.685 0.195 -0.6799 0.1747 0.9403 -0.0511 0.3257 0.0843 0.6735 0.1246 -0.7285 -0.0104 0.6736 -0.1454 -0.7137 0.1251 0.811 -0.0891 0.5704 -0.0945
0.7443 -0.0799 -0.5754 -0.3295 0.2445 -0.513 -0.8061 0.1652 0.7586 -0.264 -0.5793 -0.1385 0.2523 0.2708 -0.7183 -0.5892 0.6576 -0.1624 -0.7352 0.0266 0.6881 0.2425 -0.6667 0.1523 0.9403 -0.0511 0.3257 0.0843 0.6735 0.1246 -0.7285 -0.0104 0.6736 -0.1454 -0.7137 0.1251 0.811 -0.0891 0.5704 -0.0945
0.7443 -0.0799 -0.5754 -0.3295 0.2445 -0.513 -0.8061 0.1652 0.7586 -0.264 -0.5793 -0.1385 0.2523 0.2708 -0.7183 -0.5892 0.6576 -0.1624 -0.7352 0.0266 0.6881 0.2425 -0.6667 0.1523 0.9413 -0.044 0.3239 0.0835 0.6735 0.1246 -0.7285 -0.0104 0.6736 -0.1454 -0.7137 0.1251 0.811 -0.0891 0.5704 -0.0945
0.7443 -0.0799 -0.5754 -0.3295 0.2445 -0.513 -0.8061 0.1652 0.7586 -0.264 -0.5793 -0.1385 0.2523 0.2708 -0.7183 -0.5892 0.6576 -0.1624 -0.7352 0.0266 0.6881 0.2425 -0.6667 0.1523 0.9413 -0.044 0.3239 0.0835 0.6735 0.1246 -0.7285 -0.0104 0.6736 -0.1454 -0.7137 0.1251 0.811 -0.0891 0.5704 -0.0945
0.7443 -0.0799 -0.5754 -0.3295 0.2445 -0.513 -0.8061 0.1652 0.7586 -0.264 -0.5793 -0.1385 0.2802 0.2794 -0.7274 -0.5607 0.6318 -0.1564 -0.7591 0.0093 0.6881 0.2425 -0.6667 0.1523 0.9413 -0.044 0.3239 0.0835 0.6735 0.1246 -0.7285 -0.0104 0.6428 -0.1901 -0.7104 0.2143 0.811 -0.0891 0.5704 -0.0945
0.7443 -0.0799 -0.5754 -0.3295 0.2445 -0.513 -0.8061 0.1652 0.7586 -0.264 -0.5793 -0.1385 0.2802 0.2794 -0.7274 -0.5607 0.6318 -0.1564 -0.7591 0.0093 0.6881 0.2425 -0.6667 0.1523 0.9413 -0.044 0.3239 0.0835 0.7225 0.1722 -0.6636 -0.0896 0.6428 -0.1901 -0.7104 0.2143 0.811 -0.0891 0.5704 -0.0945
0.7443 -0.0799 -0.5754 -0.3295 0.2445 -0.513 -0.8061 0.1652 0.7586 -0.264 -0.5793 -0.1385 0.2802 0.2794 -0.7274 -0.5607 0.6318 -0.1564 -0.7591 0.0093 0.6881 0.2425 -0.6667 0.1523 0.9413 -0.044 0.3239 0.0835 0.7225 0.1722 -0.6636 -0.0896 0.6428 -0.1901 -0.7104 0.2143 0.811 -0.0891 0.5704 -0.0945
0.7517 -0.0626 -0.5798 -0.3079 0.2445 -0.513 -0.8061 0.1652 0.7586 -0.264 -0.5793 -0.1385 0.2802 0.2794 -0.7274 -0.5607 0.6318 -0.1564 -0.7591 0.0093 0.6881 0.2425 -0.6667 0.1523 0.9413 -0.044 0.3239 0.0835 0.7225 0.1722 -0.6636 -0.0896 0.6428 -0.1901 -0.7104 0.2143 0.8849 -0.1168 0.4436 -0.0811
0.7517 -0.0626 -0.5798 -0.3079 0.2445 -0.513 -0.8061 0.1652 0.764 -0.2595 -0.5848 -0.0836 0.2802 0.2794 -0.7274 -0.5607 0.6318 -0.1564 -0.7591 0.0093 0.6982 0.2494 -0.6547 0.1469 0.9413 -0.044 0.3239 0.0835 0.7225 0.1722 -0.6636 -0.0896 0.6428 -0.1901 -0.7104 0.2143 0.8849 -0.1168 0.4436 -0.0811
0.7517 -0.0626 -0.5798 -0.3079 0.2445 -0.513 -0.8061 0.1652 0.764 -0.2595 -0.5848 -0.0836 0.2802 0.2794 -0.7274 -0.5607 0.6318 -0.1564 -0.7591 0.0093 0.6982 0.2494 -0.6547 0.1469 0.9399 -0.0414 0.3293 0.0804 0.7225 0.1722 -0.6636 -0.0896 0.6428 -0.1901 -0.7104 0.2143 0.8849 -0.1168 0.4436 -0.0811
0.7517 -0.0626 -0.5798 -0.3079 0.2445 -0.513 -0.8061 0.1652 0.764 -0.2595 -0.5848 -0.0836 0.3099 0.2943 -0.7272 -0.5371 0.6318 -0.1564 -0.7591 0.0093 0.6982 0.2494 -0.6547 0.1469 0.9399 -0.0414 0.3293 0.0804 0.7225 0.1722 -0.6636 -0.0896 0.6428 -0.1901 -0.7104 0.2143 0.8849 -0.1168 0.4436 -0.0811
0.7517 -0.0626 -0.5798 -0.3079 0.2445 -0.513 -0.8061 0.1652 0.764 -0.2595 -0.5848 -0.0836 0.3099 0.2943 -0.7272 -0.5371 0.6318 -0.1564 -0.7591 0.0093 0.6982 0.2494 -0.6547 0.1469 0.9399 -0.0414 0.3293 0.0804 0.7225 0.1722 -0.6636 -0.0896 0.6428 -0.1901 -0.7104 0.2143 0.8849 -0.1168 0.4436 -0.0811
0.7517 -0.0626 -0.5798 -0.3079 0.2445 -0.513 -0.8061 0.1652 0.764 -0.2595 -0.5848 -0.0836 0.3099 0.2943 -0.7272 -0.5371 0.6318 -0.1564 -0.7591 0.0093 0.6982 0.2494 -0.6547 0.1469 0.9399 -0.0414 0.3293 0.0804 0.7225 0.1722 -0.6636 -0.0896 0.6428 -0.1901 -0.7104 0.2143 0.8849 -0.1168 0.4436 -0.0811
0.7679 -0.0132 -0.5712 -0.2898 0.2445 -0.513 -0.8061 0.1652 0.764 -0.2595 -0.5848 -0.0836 0.3099 0.2943 -0.7272 -0.5371 0.6318 -0.1564 -0.7591 0.0093 0.6982 0.2494 -0.6547 0.1469 0.9399 -0.0414 0.3293 0.0804 0.7225 0.1722 -0.6636 -0.0896 0.6428 -0.1901 -0.7104 0.2143 0.9366 -0.1073 0.322 -0.0872
0.7679 -0.0132 -0.5712 -0.2898 0.2445 -0.513 -0.8061 0.1652 0.7612 -0.2476 -0.5977 -0.0463 0.3099 0.2943 -0.7272 -0.5371 0.6318 -0.1564 -0.7591 0.0093 0.6982 0.2494 -0.6547 0.1469 0.9399 -0.0414 0.3293 0.0804 0.7225 0.1722 -0.6636 -0.0896 0.6428 -0.1901 -0.7104 0.2143 0.9366 -0.1073 0.322 -0.0872
0.7679 -0.0132 -0.5712 -0.2898 0.2445 -0.513 -0.8061 0.1652 0.7612 -0.2476 -0.5977 -0.0463 0.3099 0.2943 -0.7272 -0.5371 0.6318 -0.1564 -0.7591 0.0093 0.7143 0.2815 -0.6298 0.1174 0.9399 -0.0414 0.3293 0.0804 0.7225 0.1722 -0.6636 -0.0896 0.6428 -0.1901 -0.7104 0.2143 0.9366 -0.1073 0.322 -0.0872
0.7679 -0.0132 -0.5712 -0.2898 0.2445 -0.513 -0.8061 0.1652 0.7612 -0.2476 -0.5977 -0.0463 0.3099 0.2943 -0.7272 -0.5371 0.6318 -0.1564 -0.7591 0.0093 0.7143 0.2815 -0.6298 0.1174 0.9307 -0.043 0.3552 0.0768 0.7225 0.1722 -0.6636 -0.0896 0.6428 -0.1901 -0.7104 0.2143 0.9366 -0.1073 0.322 -0.0872
0.7679 -0.0132 -0.5712 -0.2898 0.2445 -0.513 -0.8061 0.1652 0.7612 -0.2476 -0.5977 -0.0463 0.3099 0.2943 -0.7272 -0.5371 0.6318 -0.1564 -0.7591 0.0093 0.7143 0.2815 -0.6298 0.1174 0.9307 -0.043 0.3552 0.0768 0.7225 0.1722 -0.6636 -0.0896 0.6428 -0.1901 -0.7104 0.2143 0.9366 -0.1073 0.322 -0.0872
0.7679 -0.0132 -0.5712 -0.2898 0.2559 -0.4662 -0.8332 0.1514 0.7612 -0.2476 -0.5977 -0.0463 0.3255 0.3265 -0.719 -0.5201 0.6318 -0.1564 -0.7591 0.0093 0.7143 0.2815 -0.6298 0.1174 0.9307 -0.043 0.3552 0.0768 0.7225 0.1722 -0.6636 -0.0896 0.6915 -0.0695 -0.7151 0.0745 0.9366 -0.1073 0.322 -0.0872
0.7679 -0.0132 -0.5712 -0.2898 0.2559 -0.4662 -0.8332 0.1514 0.7612 -0.2476 -0.5977 -0.0463 0.3255 0.3265 -0.719 -0.5201 0.6318 -0.1564 -0.7591 0.0093 0.7143 0.2815 -0.6298 0.1174 0.9307 -0.043 0.3552 0.0768 0.7127 0.1843 -0.6725 -0.0765 0.6915 -0.0695 -0.7151 0.0745 0.9366 -0.1073 0.322 -0.0872
0.7679 -0.0132 -0.5712 -0.2898 0.2559 -0.4662 -0.8332 0.1514 0.7612 -0.2476 -0.5977 -0.0463 0.3255 0.3265 -0.719 -0.5201 0.6318 -0.1564 -0.7591 0.0093 0.7143 0.2815 -0.6298 0.1174 0.9307 -0.043 0.3552 0.0768 0.7127 0.1843 -0.6725 -0.0765 0.6915 -0.0695 -0.7151 0.0745 0.9366 -0.1073 0.322 -0.0872
0.775 -0.0068 -0.5667 -0.2797 0.2559 -0.4662 -0.8332 0.1514 0.7607 -0.2281 -0.6053 -0.0529 0.3255 0.3265 -0.719 -0.5201 0.6318 -0.1564 -0.7591 0.0093 0.7143 0.2815 -0.6298 0.1174 0.9307 -0.043 0.3552 0.0768 0.7127 0.1843 -0.6725 -0.0765 0.6915 -0.0695 -0.7151 0.0745 0.9343 -0.1002 0.3338 -0.0744
0.775 -0.0068 -0.5667 -0.2797 0.2559 -0.4662 -0.8332 0.1514 0.7607 -0.2281 -0.6053 -0.0529 0.3255 0.3265 -0.719 -0.5201 0.6318 -0.1564 -0.7591 0.0093 0.7367 0.3232 -0.5914 0.0555 0.8989 -0.0275 0.4349 0.0461 0.7127 0.1843 -0.6725 -0.0765 0.6915 -0.0695 -0.7151 0.0745 0.9343 -0.1002 0.3338 -0.0744
0.775 -0.0068 -0.5667 -0.2797 0.2559 -0.4662 -0.8332 0.1514 0.7607 -0.2281 -0.6053 -0.0529 0.3255 0.3265 -0.719 -0.5201 0.6318 -0.1564 -0.7591 0.0093 0.7367 0.3232 -0.5914 0.0555 0.8989 -0.0275 0.4349 0.0461 0.7127 0.1843 -0.6725 -0.0765 0.6915 -0.0695 -0.7151 0.0745 0.9343 -0.1002 0.3338 -0.0744
0.775 -0.0068 -0.5667 -0.2797 0.2559 -0.4662 -0.8332 0.1514 0.7607 -0.2281 -0.6053 -0.0529 0.3312 0.327 -0.707 -0.5325 0.6318 -0.1564 -0.7591 0.0093 0.7367 0.3232 -0.5914 0.0555 0.8989 -0.0275 0.4349 0.0461 0.7127 0.1843 -0.6725 -0.0765 0.6774 -0.0942 -0.7205 0.1146 0.9343 -0.1002 0.3338 -0.0744
0.775 -0.0068 -0.5667 -0.2797 0.2559 -0.4662 -0.8332 0.1514 0.7607 -0.2281 -0.6053 -0.0529 0.3312 0.327 -0.707 -0.5325 0.6318 -0.1564 -0.7591 0.0093 0.7367 0.3232 -0.5914 0.0555 0.8989 -0.0275 0.4349 0.0461 0.7127 0.1843 -0.6725 -0.0765 0.6774 -0.0942 -0.7205 0.1146 0.9343 -0.1002 0.3338 -0.0744
0.775 -0.0068 -0.5667 -0.2797 0.2559 -0.4662 -0.8332 0.1514 0.7607 -0.2281 -0.6053 -0.0529 0.3312 0.327 -0.707 -0.5325 0.6318 -0.1564 -0.7591 0.0093 0.7367 0.3232 -0.5914 0.0555 0.8989 -0.0275 0.4349 0.0461 0.7127 0.1843 -0.6725 -0.0765 0.6774 -0.0942 -0.7205 0.1146 0.9343 -0.1002 0.3338 -0.0744
0.7668 -0.012 -0.5696 -0.2958 0.2559 -0.4662 -0.8332 0.1514 0.7607 -0.2281 -0.6053 -0.0529 0.3312 0.327 -0.707 -0.5325 0.6318 -0.1564 -0.7591 0.0093 0.7367 0.3232 -0.5914 0.0555 0.8989 -0.0275 0.4349 0.0461 0.7127 0.1843 -0.6725 -0.0765 0.6774 -0.0942 -0.7205 0.1146 0.9326 -0.0948 0.3409 -0.0709
0.7668 -0.012 -0.5696 -0.2958 0.2559 -0.4662 -0.8332 0.1514 0.7607 -0.2281 -0.6053 -0.0529 0.3312 0.327 -0.707 -0.5325 0.6318 -0.1564 -0.7591 0.0093 0.7367 0.3232 -0.5914 0.0555 0.8989 -0.0275 0.4349 0.0461 0.7127 0.1843 -0.6725 -0.0765 0.6774 -0.0942 -0.7205 0.1146 0.9326 -0.0948 0.3409 -0.0709
0.7668 -0.012 -0.5696 -0.2958 0.2559 -0.4662 -0.8332 0.1514 0.7607 -0.2375 -0.5974 -0.0893 0.3312 0.327 -0.707 -0.5325 0.6318 -0.1564 -0.7591 0.0093 0.7209 0.251 -0.6373 0.1056 0.8989 -0.0275 0.4349 0.0461 0.7127 0.1843 -0.6725 -0.0765 0.6774 -0.0942 -0.7205 0.1146 0.9326 -0.0948 0.3409 -0.0709
0.7668 -0.012 -0.5696 -0.2958 0.2559 -0.4662 -0.8332 0.1514 0.7607 -0.2375 -0.5974 -0.0893 0.3312 0.327 -0.707 -0.5325 0.6318 -0.1564 -0.7591 0.0093 0.7209 0.251 -0.6373 0.1056 0.9307 -0.0156 0.3619 0.0515 0.7127 0.1843 -0.6725 -0.0765 0.6774 -0.0942 -0.7205 0.1146 0.9326 -0.0948 0.3409 -0.0709
0.7668 -0.012 -0.5696 -0.2958 0.2559 -0.4662 -0.8332 0.1514 0.7607 -0.2375 -0.5974 -0.0893 0.3312 0.327 -0.707 -0.5325 0.6318 -0.1564 -0.7591 0.0093 0.7209 0.251 -0.6373 0.1056 0.9307 -0.0156 0.3619 0.0515 0.7127 0.1843 -0.6725 -0.0765 0.6774 -0.0942 -0.7205 0.1146 0.9326 -0.0948 0.3409 -0.0709
0.7668 -0.012 -0.5696 -0.2958 0.2516 -0.5081 -0.8135 0.1292 0.7607 -0.2375 -0.5974 -0.0893 0.2923 0.3049 -0.7098 -0.5637 0.6318 -0.1564 -0.7591 0.0093 0.7209 0.251 -0.6373 0.1056 0.9307 -0.0156 0.3619 0.0515 0.7127 0.1843 -0.6725 -0.0765 0.6815 -0.1104 -0.7133 0.1206 0.9326 -0.0948 0.3409 -0.0709
0.7668 -0.012 -0.5696 -0.2958 0.2516 -0.5081 -0.8135 0.1292 0.7607 -0.2375 -0.5974 -0.0893 0.2923 0.3049 -0.7098 -0.5637 0.6318 -0.1564 -0.7591 0.0093 0.7209 0.251 -0.6373 0.1056 0.9307 -0.0156 0.3619 0.0515 0.677 0.1372 -0.7231 0.0035 0.6815 -0.1104 -0.7133 0.1206 0.9326 -0.0948 0.3409 -0.0709
0.7495 -0.0428 -0.5694 -0.3348 0.2516 -0.5081 -0.8135 0.1292 0.7607 -0.2375 -0.5974 -0.0893 0.2923 0.3049 -0.7098 -0.5637 0.6318 -0.1564 -0.7591 0.0093 0.7209 0.251 -0.6373 0.1056 0.9307 -0.0156 0.3619 0.0515 0.677 0.1372 -0.7231 0.0035 0.6815 -0.1104 -0.7133 0.1206 0.9326 -0.0948 0.3409 -0.0709
0.7495 -0.0428 -0.5694 -0.3348 0.2516 -0.5081 -0.8135 0.1292 0.7664 -0.2656 -0.5709 -0.1269 0.2923 0.3049 -0.7098 -0.5637 0.6318 -0.1564 -0.7591 0.0093 0.7209 0.251 -0.6373 0.1056 0.9307 -0.0156 0.3619 0.0515 0.677 0.1372 -0.7231 0.0035 0.6815 -0.1104 -0.7133 0.1206 0.9326 -0.0948 0.3409 -0.0709
0.7495 -0.0428 -0.5694 -0.3348 0.2516 -0.5081 -0.8135 0.1292 0.7664 -0.2656 -0.5709 -0.1269 0.2923 0.3049 -0.7098 -0.5637 0.6318 -0.1564 -0.7591 0.0093 0.6775 0.1854 -0.6809 0.2073 0.9307 -0.0156 0.3619 0.0515 0.677 0.1372 -0.7231 0.0035 0.6815 -0.1104 -0.7133 0.1206 0.9326 -0.0948 0.3409 -0.0709
0.7495 -0.0428 -0.5694 -0.3348 0.2516 -0.5081 -0.8135 0.1292 0.7664 -0.2656 -0.5709 -0.1269 0.2923 0.3049 -0.7098 -0.5637 0.6318 -0.1564 -0.7591 0.0093 0.6775 0.1854 -0.6809 0.2073 0.9277 -0.0667 0.3557 0.0923 0.677 0.1372 -0.7231 0.0035 0.6815 -0.1104 -0.7133 0.1206 0.9326 -0.0948 0.3409 -0.0709
0.7495 -0.0428 -0.5694 -0.3348 0.2516 -0.5081 -0.8135 0.1292 0.7664 -0.2656 -0.5709 -0.1269 0.2702 0.2758 -0.7121 -0.5864 0.6318 -0.1564 -0.7591 0.0093 0.6775 0.1854 -0.6809 0.2073 0.9277 -0.0667 0.3557 0.0923 0.677 0.1372 -0.7231 0.0035 0.6815 -0.1104 -0.7133 0.1206 0.9326 -0.0948 0.3409 -0.0709
0.7495 -0.0428 -0.5694 -0.3348 0.2516 -0.5081 -0.8135 0.1292 0.7664 -0.2656 -0.5709 -0.1269 0.2702 0.2758 -0.7121 -0.5864 0.6318 -0.1564 -0.7591 0.0093 0.6775 0.1854 -0.6809 0.2073 0.9277 -0.0667 0.3557 0.0923 0.677 0.1372 -0.7231 0.0035 0.6683 -0.141 -0.7104 0.1699 0.9326 -0.0948 0.3409 -0.0709
0.7495 -0.0428 -0.5694 -0.3348 0.246 -0.5441 -0.7925 0.1241 0.7664 -0.2656 -0.5709 -0.1269 0.2702 0.2758 -0.7121 -0.5864 0.6318 -0.1564 -0.7591 0.0093 0.6775 0.1854 -0.6809 0.2073 0.9277 -0.0667 0.3557 0.0923 0.6731 0.1234 -0.7289 0.0175 0.6683 -0.141 -0.7104 0.1699 0.9326 -0.0948 0.3409 -0.0709
0.7495 -0.0428 -0.5694 -0.3348 0.246 -0.5441 -0.7925 0.1241 0.7664 -0.2656 -0.5709 -0.1269 0.2702 0.2758 -0.7121 -0.5864 0.6318 -0.1564 -0.7591 0.0093 0.6775 0.1854 -0.6809 0.2073 0.9277 -0.0667 0.3557 0.0923 0.6731 0.1234 -0.7289 0.0175 0.6683 -0.141 -0.7104 0.1699 0.9326 -0.0948 0.3409 -0.0709
0.7359 -0.0648 -0.5773 -0.3478 0.246 -0.5441 -0.7925 0.1241 0.7656 -0.2745 -0.5652 -0.1374 0.2702 0.2758 -0.7121 -0.5864 0.6318 -0.1564 -0.7591 0.0093 0.6786 0.2273 -0.6752 0.1788 0.9277 -0.0667 0.3557 0.0923 0.6731 0.1234 -0.7289 0.0175 0.6683 -0.141 -0.7104 0.1699 0.9326 -0.0948 0.3409 -0.0709
0.7359 -0.0648 -0.5773 -0.3478 0.246 -0.5441 -0.7925 0.1241 0.7656 -0.2745 -0.5652 -0.1374 0.2702 0.2758 -0.7121 -0.5864 0.6318 -0.1564 -0.7591 0.0093 0.6786 0.2273 -0.6752 0.1788 0.9409 -0.0551 0.3221 0.0888 0.6731 0.1234 -0.7289 0.0175 0.6683 -0.141 -0.7104 0.1699 0.9326 -0.0948 0.3409 -0.0709
0.7359 -0.0648 -0.5773 -0.3478 0.246 -0.5441 -0.7925 0.1241 0.7656 -0.2745 -0.5652 -0.1374 0.2702 0.2758 -0.7121 -0.5864 0.6318 -0.1564 -0.7591 0.0093 0.6786 0.2273 -0.6752 0.1788 0.9409 -0.0551 0.3221 0.0888 0.6731 0.1234 -0.7289 0.0175 0.6683 -0.141 -0.7104 0.1699 0.9326 -0.0948 0.3409 -0.0709
0.7359 -0.0648 -0.5773 -0.3478 0.246 -0.5441 -0.7925 0.1241 0.7656 -0.2745 -0.5652 -0.1374 0.2702 0.2758 -0.7121 -0.5864 0.6318 -0.1564 -0.7591 0.0093 0.6786 0.2273 -0.6752 0.1788 0.9409 -0.0551 0.3221 0.0888 0.6731 0.1234 -0.7289 0.0175 0.6683 -0.141 -0.7104 0.1699 0.9326 -0.0948 0.3409 -0.0709
0.7359 -0.0648 -0.5773 -0.3478 0.2431 -0.5393 -0.7965 0.1251 0.7656 -0.2745 -0.5652 -0.1374 0.2823 0.2706 -0.7273 -0.564 0.6432 -0.1696 -0.7463 0.0237 0.6786 0.2273 -0.6752 0.1788 0.9409 -0.0551 0.3221 0.0888 0.6731 0.1234 -0.7289 0.0175 0.6267 -0.2253 -0.7037 0.2477 0.9326 -0.0948 0.3409 -0.0709
0.7359 -0.0648 -0.5773 -0.3478 0.2431 -0.5393 -0.7965 0.1251 0.7656 -0.2745 -0.5652 -0.1374 0.2823 0.2706 -0.7273 -0.564 0.6432 -0.1696 -0.7463 0.0237 0.6786 0.2273 -0.6752 0.1788 0.9409 -0.0551 0.3221 0.0888 0.7051 0.1406 -0.6926 -0.0574 0.6267 -0.2253 -0.7037 0.2477 0.9326 -0.0948 0.3409 -0.0709
0.7359 -0.0648 -0.5773 -0.3478 0.2431 -0.5393 -0.7965 0.1251 0.7656 -0.2745 -0.5652 -0.1374 0.2823 0.2706 -0.7273 -0.564 0.6432 -0.1696 -0.7463 0.0237 0.6786 0.2273 -0.6752 0.1788 0.9409 -0.0551 0.3221 0.0888 0.7051 0.1406 -0.6926 -0.0574 0.6267 -0.2253 -0.7037 0.2477 0.9326 -0.0948 0.3409 -0.0709
0.7371 -0.0526 -0.5927 -0.3204 0.2431 -0.5393 -0.7965 0.1251 0.752 -0.2869 -0.5844 -0.1041 0.2823 0.2706 -0.7273 -0.564 0.6432 -0.1696 -0.7463 0.0237 0.6786 0.2273 -0.6752 0.1788 0.9409 -0.0551 0.3221 0.0888 0.7051 0.1406 -0.6926 -0.0574 0.6267 -0.2253 -0.7037 0.2477 0.8077 -0.0896 0.5803 -0.0532
0.7371 -0.0526 -0.5927 -0.3204 0.2431 -0.5393 -0.7965 0.1251 0.752 -0.2869 -0.5844 -0.1041 0.2823 0.2706 -0.7273 -0.564 0.6432 -0.1696 -0.7463 0.0237 0.6831 0.2529 -0.6692 0.147 0.9409 -0.0551 0.3221 0.0888 0.7051 0.1406 -0.6926 -0.0574 0.6267 -0.2253 -0.7037 0.2477 0.8077 -0.0896 0.5803 -0.0532
0.7371 -0.0526 -0.5927 -0.3204 0.2431 -0.5393 -0.7965 0.1251 0.752 -0.2869 -0.5844 -0.1041 0.3003 0.2643 -0.7462 -0.5321 0.6432 -0.1696 -0.7463 0.0237 0.6831 0.2529 -0.6692 0.147 0.935 -0.0468 0.339 0.0933 0.7051 0.1406 -0.6926 -0.0574 0.6267 -0.2253 -0.7037 0.2477 0.8077 -0.0896 0.5803 -0.0532
0.7371 -0.0526 -0.5927 -0.3204 0.2431 -0.5393 -0.7965 0.1251 0.752 -0.2869 -0.5844 -0.1041 0.3003 0.2643 -0.7462 -0.5321 0.6432 -0.1696 -0.7463 0.0237 0.6831 0.2529 -0.6692 0.147 0.935 -0.0468 0.339 0.0933 0.7051 0.1406 -0.6926 -0.0574 0.6267 -0.2253 -0.7037 0.2477 0.8077 -0.0896 0.5803 -0.0532
0.7371 -0.0526 -0.5927 -0.3204 0.2257 -0.5096 -0.8199 0.1303 0.752 -0.2869 -0.5844 -0.1041 0.3003 0.2643 -0.7462 -0.5321 0.6173 -0.1511 -0.7719 -0.0152 0.6831 0.2529 -0.6692 0.147 0.935 -0.0468 0.339 0.0933 0.7051 0.1406 -0.6926 -0.0574 0.6541 -0.1336 -0.7135 0.2128 0.8077 -0.0896 0.5803 -0.0532
0.7371 -0.0526 -0.5927 -0.3204 0.2257 -0.5096 -0.8199 0.1303 0.752 -0.2869 -0.5844 -0.1041 0.3003 0.2643 -0.7462 -0.5321 0.6173 -0.1511 -0.7719 -0.0152 0.6831 0.2529 -0.6692 0.147 0.935 -0.0468 0.339 0.0933 0.7051 0.1406 -0.6926 -0.0574 0.6541 -0.1336 -0.7135 0.2128 0.8077 -0.0896 0.5803 -0.0532
0.7371 -0.0526 -0.5927 -0.3204 0.2257 -0.5096 -0.8199 0.1303 0.752 -0.2869 -0.5844 -0.1041 0.3003 0.2643 -0.7462 -0.5321 0.6173 -0.1511 -0.7719 -0.0152 0.6831 0.2529 -0.6692 0.147 0.935 -0.0468 0.339 0.0933 0.7051 0.1406 -0.6926 -0.0574 0.6541 -0.1336 -0.7135 0.2128 0.8077 -0.0896 0.5803 -0.0532
0.7439 -0.0333 -0.5911 -0.3101 0.2257 -0.5096 -0.8199 0.1303 0.7542 -0.2886 -0.5864 -0.0627 0.3003 0.2643 -0.7462 -0.5321 0.6173 -0.1511 -0.7719 -0.0152 0.6831 0.2529 -0.6692 0.147 0.935 -0.0468 0.339 0.0933 0.7051 0.1406 -0.6926 -0.0574 0.6541 -0.1336 -0.7135 0.2128 0.8995 -0.1321 0.4133 -0.0519
0.7439 -0.0333 -0.5911 -0.3101 0.2257 -0.5096 -0.8199 0.1303 0.7542 -0.2886 -0.5864 -0.0627 0.3003 0.2643 -0.7462 -0.5321 0.6173 -0.1511 -0.7719 -0.0152 0.6998 0.2504 -0.6554 0.1346 0.935 -0.0468 0.339 0.0933 0.7051 0.1406 -0.6926 -0.0574 0.6541 -0.1336 -0.7135 0.2128 0.8995 -0.1321 0.4133 -0.0519
0.7439 -0.0333 -0.5911 -0.3101 0.2257 -0.5096 -0.8199 0.1303 0.7542 -0.2886 -0.5864 -0.0627 0.3003 0.2643 -0.7462 -0.5321 0.6173 -0.1511 -0.7719 -0.0152 0.6998 0.2504 -0.6554 0.1346 0.9344 -0.0452 0.3418 0.0889 0.7051 0.1406 -0.6926 -0.0574 0.6541 -0.1336 -0.7135 0.2128 0.8995 -0.1321 0.4133 -0.0519
0.7439 -0.0333 -0.5911 -0.3101 0.2257 -0.5096 -0.8199 0.1303 0.7542 -0.2886 -0.5864 -0.0627 0.3203 0.2866 -0.7378 -0.5205 0.6173 -0.1511 -0.7719 -0.0152 0.6998 0.2504 -0.6554 0.1346 0.9344 -0.0452 0.3418 0.0889 0.7051 0.1406 -0.6926 -0.0574 0.7076 -0.0361 -0.7042 0.0467 0.8995 -0.1321 0.4133 -0.0519
0.7439 -0.0333 -0.5911 -0.3101 0.2257 -0.5096 -0.8199 0.1303 0.7542 -0.2886 -0.5864 -0.0627 0.3203 0.2866 -0.7378 -0.5205 0.6173 -0.1511 -0.7719 -0.0152 0.6998 0.2504 -0.6554 0.1346 0.9344 -0.0452 0.3418 0.0889 0.7051 0.1406 -0.6926 -0.0574 0.7076 -0.0361 -0.7042 0.0467 0.8995 -0.1321 0.4133 -0.0519
0.7439 -0.0333 -0.5911 -0.3101 0.2372 -0.4804 -0.8345 0.1288 0.7542 -0.2886 -0.5864 -0.0627 0.3203 0.2866 -0.7378 -0.5205 0.6173 -0.1511 -0.7719 -0.0152 0.6998 0.2504 -0.6554 0.1346 0.9344 -0.0452 0.3418 0.0889 0.7086 0.1756 -0.6774 -0.0898 0.7076 -0.0361 -0.7042 0.0467 0.8995 -0.1321 0.4133 -0.0519
0.7621 0.0017 -0.572 -0.3033 0.2372 -0.4804 -0.8345 0.1288 0.7542 -0.2886 -0.5864 -0.0627 0.3203 0.2866 -0.7378 -0.5205 0.6173 -0.1511 -0.7719 -0.0152 0.6998 0.2504 -0.6554 0.1346 0.9344 -0.0452 0.3418 0.0889 0.7086 0.1756 -0.6774 -0.0898 0.7076 -0.0361 -0.7042 0.0467 0.8995 -0.1321 0.4133 -0.0519
0.7621 0.0017 -0.572 -0.3033 0.2372 -0.4804 -0.8345 0.1288 0.7521 -0.2677 -0.6006 -0.0437 0.3203 0.2866 -0.7378 -0.5205 0.6173 -0.1511 -0.7719 -0.0152 0.6998 0.2504 -0.6554 0.1346 0.9344 -0.0452 0.3418 0.0889 0.7086 0.1756 -0.6774 -0.0898 0.7076 -0.0361 -0.7042 0.0467 0.8995 -0.1321 0.4133 -0.0519
0.7621 0.0017 -0.572 -0.3033 0.2372 -0.4804 -0.8345 0.1288 0.7521 -0.2677 -0.6006 -0.0437 0.3203 0.2866 -0.7378 -0.5205 0.6173 -0.1511 -0.7719 -0.0152 0.7244 0.3008 -0.6146 0.084 0.9344 -0.0452 0.3418 0.0889 0.7086 0.1756 -0.6774 -0.0898 0.7076 -0.0361 -0.7042 0.0467 0.8995 -0.1321 0.4133 -0.0519
0.7621 0.0017 -0.572 -0.3033 0.2372 -0.4804 -0.8345 0.1288 0.7521 -0.2677 -0.6006 -0.0437 0.3203 0.2866 -0.7378 -0.5205 0.6173 -0.1511 -0.7719 -0.0152 0.7244 0.3008 -0.6146 0.084 0.9247 -0.0291 0.3731 0.0695 0.7086 0.1756 -0.6774 -0.0898 0.7076 -0.0361 -0.7042 0.0467 0.8995 -0.1321 0.4133 -0.0519
0.7621 0.0017 -0.572 -0.3033 0.2372 -0.4804 -0.8345 0.1288 0.7521 -0.2677 -0.6006 -0.0437 0.3264 0.3037 -0.7288 -0.5197 0.6173 -0.1511 -0.7719 -0.0152 0.7244 0.3008 -0.6146 0.084 0.9247 -0.0291 0.3731 0.0695 0.7086 0.1756 -0.6774 -0.0898 0.7076 -0.0361 -0.7042 0.0467 0.8995 -0.1321 0.4133 -0.0519
0.7621 0.0017 -0.572 -0.3033 0.2372 -0.4804 -0.8345 0.1288 0.7521 -0.2677 -0.6006 -0.0437 0.3264 0.3037 -0.7288 -0.5197 0.6173 -0.1511 -0.7719 -0.0152 0.7244 0.3008 -0.6146 0.084 0.9247 -0.0291 0.3731 0.0695 0.7086 0.1756 -0.6774 -0.0898 0.7076 -0.0361 -0.7042 0.0467 0.8995 -0.1321 0.4133 -0.0519
0.746 -0.0027 -0.5833 -0.3212 0.2564 -0.4985 -0.8207 0.1103 0.7521 -0.2677 -0.6006 -0.0437 0.3264 0.3037 -0.7288 -0.5197 0.6323 -0.1119 -0.7663 -0.0236 0.7244 0.3008 -0.6146 0.084 0.9247 -0.0291 0.3731 0.0695 0.7107 0.1879 -0.6733 -0.0797 0.6783 -0.0928 -0.7225 0.0964 0.8995 -0.1321 0.4133 -0.0519
0.746 -0.0027 -0.5833 -0.3212 0.2564 -0.4985 -0.8207 0.1103 0.7521 -0.2677 -0.6006 -0.0437 0.3264 0.3037 -0.7288 -0.5197 0.6323 -0.1119 -0.7663 -0.0236 0.7244 0.3008 -0.6146 0.084 0.9247 -0.0291 0.3731 0.0695 0.7107 0.1879 -0.6733 -0.0797 0.6783 -0.0928 -0.7225 0.0964 0.8995 -0.1321 0.4133 -0.0519
0.746 -0.0027 -0.5833 -0.3212 0.2564 -0.4985 -0.8207 0.1103 0.7502 -0.2704 -0.5975 -0.0836 0.3264 0.3037 -0.7288 -0.5197 0.6323 -0.1119 -0.7663 -0.0236 0.7389 0.282 -0.61 0.0485 0.9247 -0.0291 0.3731 0.0695 0.7107 0.1879 -0.6733 -0.0797 0.6783 -0.0928 -0.7225 0.0964 0.9279 -0.0928 0.3491 -0.0921
0.746 -0.0027 -0.5833 -0.3212 0.2564 -0.4985 -0.8207 0.1103 0.7502 -0.2704 -0.5975 -0.0836 0.3264 0.3037 -0.7288 -0.5197 0.6323 -0.1119 -0.7663 -0.0236 0.7389 0.282 -0.61 0.0485 0.9247 -0.0291 0.3731 0.0695 0.7107 0.1879 -0.6733 -0.0797 0.6783 -0.0928 -0.7225 0.0964 0.9279 -0.0928 0.3491 -0.0921
0.746 -0.0027 -0.5833 -0.3212 0.2564 -0.4985 -0.8207 0.1103 0.7502 -0.2704 -0.5975 -0.0836 0.3264 0.3037 -0.7288 -0.5197 0.6323 -0.1119 -0.7663 -0.0236 0.7389 0.282 -0.61 0.0485 0.9247 -0.0291 0.3731 0.0695 0.7107 0.1879 -0.6733 -0.0797 0.6783 -0.0928 -0.7225 0.0964 0.9279 -0.0928 0.3491 -0.0921
0.746 -0.0027 -0.5833 -0.3212 0.2564 -0.4985 -0.8207 0.1103 0.7502 -0.2704 -0.5975 -0.0836 0.3264 0.3037 -0.7288 -0.5197 0.6323 -0.1119 -0.7663 -0.0236 0.7389 0.282 -0.61 0.0485 0.9247 -0.0291 0.3731 0.0695 0.7107 0.1879 -0.6733 -0.0797 0.6783 -0.0928 -0.7225 0.0964 0.9279 -0.0928 0.3491 -0.0921
0.746 -0.0027 -0.5833 -0.3212 0.2584 -0.5038 -0.8184 0.0984 0.7502 -0.2704 -0.5975 -0.0836 0.2997 0.2858 -0.7259 -0.5491 0.65 -0.1299 -0.7486 -0.0153 0.7389 0.282 -0.61 0.0485 0.919 -0.0121 0.3936 0.0198 0.7107 0.1879 -0.6733 -0.0797 0.6754 -0.1157 -0.7211 0.1028 0.9279 -0.0928 0.3491 -0.0921
0.746 -0.0027 -0.5833 -0.3212 0.2584 -0.5038 -0.8184 0.0984 0.7502 -0.2704 -0.5975 -0.0836 0.2997 0.2858 -0.7259 -0.5491 0.65 -0.1299 -0.7486 -0.0153 0.7389 0.282 -0.61 0.0485 0.919 -0.0121 0.3936 0.0198 0.6915 0.1549 -0.704 -0.0471 0.6754 -0.1157 -0.7211 0.1028 0.9279 -0.0928 0.3491 -0.0921
0.746 -0.0027 -0.5833 -0.3212 0.2584 -0.5038 -0.8184 0.0984 0.7502 -0.2704 -0.5975 -0.0836 0.2997 0.2858 -0.7259 -0.5491 0.65 -0.1299 -0.7486 -0.0153 0.7389 0.282 -0.61 0.0485 0.919 -0.0121 0.3936 0.0198 0.6915 0.1549 -0.704 -0.0471 0.6754 -0.1157 -0.7211 0.1028 0.9279 -0.0928 0.3491 -0.0921
0.7445 -0.009 -0.5741 -0.3406 0.2584 -0.5038 -0.8184 0.0984 0.7536 -0.2814 -0.5798 -0.1292 0.2997 0.2858 -0.7259 -0.5491 0.65 -0.1299 -0.7486 -0.0153 0.7389 0.282 -0.61 0.0485 0.919 -0.0121 0.3936 0.0198 0.6915 0.1549 -0.704 -0.0471 0.6754 -0.1157 -0.7211 0.1028 0.926 -0.0944 0.353 -0.0952
0.7445 -0.009 -0.5741 -0.3406 0.2584 -0.5038 -0.8184 0.0984 0.7536 -0.2814 -0.5798 -0.1292 0.2997 0.2858 -0.7259 -0.5491 0.65 -0.1299 -0.7486 -0.0153 0.7389 0.282 -0.61 0.0485 0.919 -0.0121 0.3936 0.0198 0.6915 0.1549 -0.704 -0.0471 0.6754 -0.1157 -0.7211 0.1028 0.926 -0.0944 0.353 -0.0952
0.7445 -0.009 -0.5741 -0.3406 0.2584 -0.5038 -0.8184 0.0984 0.7536 -0.2814 -0.5798 -0.1292 0.2997 0.2858 -0.7259 -0.5491 0.65 -0.1299 -0.7486 -0.0153 0.7389 0.282 -0.61 0.0485 0.919 -0.0121 0.3936 0.0198 0.6915 0.1549 -0.704 -0.0471 0.6754 -0.1157 -0.7211 0.1028 0.926 -0.0944 0.353 -0.0952
0.7445 -0.009 -0.5741 -0.3406 0.2584 -0.5038 -0.8184 0.0984 0.7536 -0.2814 -0.5798 -0.1292 0.2997 0.2858 -0.7259 -0.5491 0.65 -0.1299 -0.7486 -0.0153 0.7123 0.1989 -0.6622 0.1208 0.9432 -0.0018 0.3302 0.037 0.6915 0.1549 -0.704 -0.0471 0.6754 -0.1157 -0.7211 0.1028 0.926 -0.0944 0.353 -0.0952
0.7445 -0.009 -0.5741 -0.3406 0.252 -0.5377 -0.7991 0.0946 0.7536 -0.2814 -0.5798 -0.1292 0.2642 0.2654 -0.7216 -0.5822 0.6649 -0.1464 -0.7321 0.0207 0.7123 0.1989 -0.6622 0.1208 0.9432 -0.0018 0.3302 0.037 0.6915 0.1549 -0.704 -0.0471 0.6794 -0.1171 -0.7141 0.1214 0.926 -0.0944 0.353 -0.0952
0.7445 -0.009 -0.5741 -0.3406 0.252 -0.5377 -0.7991 0.0946 0.7536 -0.2814 -0.5798 -0.1292 0.2642 0.2654 -0.7216 -0.5822 0.6649 -0.1464 -0.7321 0.0207 0.7123 0.1989 -0.6622 0.1208 0.9432 -0.0018 0.3302 0.037 0.6915 0.1549 -0.704 -0.0471 0.6794 -0.1171 -0.7141 0.1214 0.926 -0.0944 0.353 -0.0952
0.7269 -0.0422 -0.5775 -0.3694 0.252 -0.5377 -0.7991 0.0946 0.7536 -0.2814 -0.5798 -0.1292 0.2642 0.2654 -0.7216 -0.5822 0.6649 -0.1464 -0.7321 0.0207 0.7123 0.1989 -0.6622 0.1208 0.9432 -0.0018 0.3302 0.037 0.6915 0.1549 -0.704 -0.0471 0.6794 -0.1171 -0.7141 0.1214 0.926 -0.0944 0.353 -0.0952
0.7269 -0.0422 -0.5775 -0.3694 0.252 -0.5377 -0.7991 0.0946 0.7626 -0.2883 -0.5603 -0.1462 0.2642 0.2654 -0.7216 -0.5822 0.6649 -0.1464 -0.7321 0.0207 0.7123 0.1989 -0.6622 0.1208 0.9432 -0.0018 0.3302 0.037 0.6915 0.1549 -0.704 -0.0471 0.6794 -0.1171 -0.7141 0.1214 0.926 -0.0944 0.353 -0.0952
0.7269 -0.0422 -0.5775 -0.3694 0.252 -0.5377 -0.7991 0.0946 0.7626 -0.2883 -0.5603 -0.1462 0.2642 0.2654 -0.7216 -0.5822 0.6649 -0.1464 -0.7321 0.0207 0.6719 0.1602 -0.6937 0.2043 0.9432 -0.0018 0.3302 0.037 0.6915 0.1549 -0.704 -0.0471 0.6794 -0.1171 -0.7141 0.1214 0.926 -0.0944 0.353 -0.0952
0.7269 -0.0422 -0.5775 -0.3694 0.252 -0.5377 -0.7991 0.0946 0.7626 -0.2883 -0.5603 -0.1462 0.2642 0.2654 -0.7216 -0.5822 0.6649 -0.1464 -0.7321 0.0207 0.6719 0.1602 -0.6937 0.2043 0.9407 -0.0408 0.33 0.0671 0.6915 0.1549 -0.704 -0.0471 0.6794 -0.1171 -0.7141 0.1214 0.926 -0.0944 0.353 -0.0952
0.7269 -0.0422 -0.5775 -0.3694 0.252 -0.5377 -0.7991 0.0946 0.7626 -0.2883 -0.5603 -0.1462 0.2693 0.2581 -0.7145 -0.5918 0.6649 -0.1464 -0.7321 0.0207 0.6719 0.1602 -0.6937 0.2043 0.9407 -0.0408 0.33 0.0671 0.6915 0.1549 -0.704 -0.0471 0.6794 -0.1171 -0.7141 0.1214 0.926 -0.0944 0.353 -0.0952
0.7269 -0.0422 -0.5775 -0.3694 0.252 -0.5377 -0.7991 0.0946 0.7626 -0.2883 -0.5603 -0.1462 0.2693 0.2581 -0.7145 -0.5918 0.6649 -0.1464 -0.7321 0.0207 0.6719 0.1602 -0.6937 0.2043 0.9407 -0.0408 0.33 0.0671 0.6915 0.1549 -0.704 -0.0471 0.6531 -0.1544 -0.7144 0.1978 0.926 -0.0944 0.353 -0.0952
0.7269 -0.0422 -0.5775 -0.3694 0.252 -0.5377 -0.7991 0.0946 0.7626 -0.2883 -0.5603 -0.1462 0.2693 0.2581 -0.7145 -0.5918 0.6649 -0.1464 -0.7321 0.0207 0.6719 0.1602 -0.6937 0.2043 0.9407 -0.0408 0.33 0.0671 0.6915 0.1549 -0.704 -0.0471 0.6531 -0.1544 -0.7144 0.1978 0.926 -0.0944 0.353 -0.0952
0.7269 -0.0422 -0.5775 -0.3694 0.252 -0.5377 -0.7991 0.0946 0.7626 -0.2883 -0.5603 -0.1462 0.2693 0.2581 -0.7145 -0.5918 0.6649 -0.1464 -0.7321 0.0207 0.6719 0.1602 -0.6937 0.2043 0.9407 -0.0408 0.33 0.0671 0.6915 0.1549 -0.704 -0.0471 0.6531 -0.1544 -0.7144 0.1978 0.926 -0.0944 0.353 -0.0952
0.7269 -0.0422 -0.5775 -0.3694 0.252 -0.5377 -0.7991 0.0946 0.7631 -0.2838 -0.5677 -0.1215 0.2693 0.2581 -0.7145 -0.5918 0.6649 -0.1464 -0.7321 0.0207 0.6719 0.1602 -0.6937 0.2043 0.9407 -0.0408 0.33 0.0671 0.6915 0.1549 -0.704 -0.0471 0.6531 -0.1544 -0.7144 0.1978 0.926 -0.0944 0.353 -0.0952
0.7269 -0.0422 -0.5775 -0.3694 0.252 -0.5377 -0.7991 0.0946 0.7631 -0.2838 -0.5677 -0.1215 0.2693 0.2581 -0.7145 -0.5918 0.6649 -0.1464 -0.7321 0.0207 0.6773 0.2193 -0.6837 0.1603 0.9441 -0.0413 0.3212 0.0619 0.6915 0.1549 -0.704 -0.0471 0.6531 -0.1544 -0.7144 0.1978 0.926 -0.0944 0.353 -0.0952
0.7269 -0.0422 -0.5775 -0.3694 0.252 -0.5377 -0.7991 0.0946 0.7631 -0.2838 -0.5677 -0.1215 0.2693 0.2581 -0.7145 -0.5918 0.6649 -0.1464 -0.7321 0.0207 0.6773 0.2193 -0.6837 0.1603 0.9441 -0.0413 0.3212 0.0619 0.6915 0.1549 -0.704 -0.0471 0.6531 -0.1544 -0.7144 0.1978 0.926 -0.0944 0.353 -0.0952
0.7269 -0.0422 -0.5775 -0.3694 0.252 -0.5377 -0.7991 0.0946 0.7631 -0.2838 -0.5677 -0.1215 0.3042 0.2692 -0.7262 -0.5546 0.6649 -0.1464 -0.7321 0.0207 0.6773 0.2193 -0.6837 0.1603 0.9441 -0.0413 0.3212 0.0619 0.6915 0.1549 -0.704 -0.0471 0.6531 -0.1544 -0.7144 0.1978 0.926 -0.0944 0.353 -0.0952
0.7269 -0.0422 -0.5775 -0.3694 0.252 -0.5377 -0.7991 0.0946 0.7631 -0.2838 -0.5677 -0.1215 0.3042 0.2692 -0.7262 -0.5546 0.6403 -0.1768 -0.7473 0.0161 0.6773 0.2193 -0.6837 0.1603 0.9441 -0.0413 0.3212 0.0619 0.721 0.1671 -0.6698 -0.06 0.6197 -0.2029 -0.7092 0.2681 0.926 -0.0944 0.353 -0.0952
0.7269 -0.0422 -0.5775 -0.3694 0.252 -0.5377 -0.7991 0.0946 0.7631 -0.2838 -0.5677 -0.1215 0.3042 0.2692 -0.7262 -0.5546 0.6403 -0.1768 -0.7473 0.0161 0.6773 0.2193 -0.6837 0.1603 0.9441 -0.0413 0.3212 0.0619 0.721 0.1671 -0.6698 -0.06 0.6197 -0.2029 -0.7092 0.2681 0.926 -0.0944 0.353 -0.0952
0.7269 -0.0422 -0.5775 -0.3694 0.252 -0.5377 -0.7991 0.0946 0.7631 -0.2838 -0.5677 -0.1215 0.3042 0.2692 -0.7262 -0.5546 0.6403 -0.1768 -0.7473 0.0161 0.6773 0.2193 -0.6837 0.1603 0.9441 -0.0413 0.3212 0.0619 0.721 0.1671 -0.6698 -0.06 0.6197 -0.2029 -0.7092 0.2681 0.8292 -0.1 0.5488 -0.0355
0.7269 -0.0422 -0.5775 -0.3694 0.252 -0.5377 -0.7991 0.0946 0.7567 -0.2841 -0.5847 -0.0699 0.3042 0.2692 -0.7262 -0.5546 0.6403 -0.1768 -0.7473 0.0161 0.6773 0.2193 -0.6837 0.1603 0.9441 -0.0413 0.3212 0.0619 0.721 0.1671 -0.6698 -0.06 0.6197 -0.2029 -0.7092 0.2681 0.8292 -0.1 0.5488 -0.0355
0.7269 -0.0422 -0.5775 -0.3694 0.252 -0.5377 -0.7991 0.0946 0.7567 -0.2841 -0.5847 -0.0699 0.3042 0.2692 -0.7262 -0.5546 0.6403 -0.1768 -0.7473 0.0161 0.6826 0.2361 -0.6779 0.1367 0.9441 -0.0413 0.3212 0.0619 0.721 0.1671 -0.6698 -0.06 0.6197 -0.2029 -0.7092 0.2681 0.8292 -0.1 0.5488 -0.0355
0.7269 -0.0422 -0.5775 -0.3694 0.252 -0.5377 -0.7991 0.0946 0.7567 -0.2841 -0.5847 -0.0699 0.3042 0.2692 -0.7262 -0.5546 0.6403 -0.1768 -0.7473 0.0161 0.6826 0.2361 -0.6779 0.1367 0.9441 -0.0413 0.3212 0.0619 0.721 0.1671 -0.6698 -0.06 0.6197 -0.2029 -0.7092 0.2681 0.8292 -0.1 0.5488 -0.0355
0.7269 -0.0422 -0.5775 -0.3694 0.252 -0.5377 -0.7991 0.0946 0.7567 -0.2841 -0.5847 -0.0699 0.331 0.2776 -0.7335 -0.5248 0.6403 -0.1768 -0.7473 0.0161 0.6826 0.2361 -0.6779 0.1367 0.9441 -0.0413 0.3212 0.0619 0.721 0.1671 -0.6698 -0.06 0.6197 -0.2029 -0.7092 0.2681 0.8292 -0.1 0.5488 -0.0355
0.7269 -0.0422 -0.5775 -0.3694 0.252 -0.5377 -0.7991 0.0946 0.7567 -0.2841 -0.5847 -0.0699 0.331 0.2776 -0.7335 -0.5248 0.6403 -0.1768 -0.7473 0.0161 0.6826 0.2361 -0.6779 0.1367 0.9441 -0.0413 0.3212 0.0619 0.721 0.1671 -0.6698 -0.06 0.6197 -0.2029 -0.7092 0.2681 0.8292 -0.1 0.5488 -0.0355
0.7269 -0.0422 -0.5775 -0.3694 0.2298 -0.4996 -0.8271 0.1161 0.7567 -0.2841 -0.5847 -0.0699 0.331 0.2776 -0.7335 -0.5248 0.6088 -0.1409 -0.7806 -0.0118 0.6826 0.2361 -0.6779 0.1367 0.9441 -0.0413 0.3212 0.0619 0.7229 0.1848 -0.6605 -0.0843 0.6708 -0.0788 -0.7161 0.1762 0.8292 -0.1 0.5488 -0.0355
0.7269 -0.0422 -0.5775 -0.3694 0.2298 -0.4996 -0.8271 0.1161 0.7567 -0.2841 -0.5847 -0.0699 0.331 0.2776 -0.7335 -0.5248 0.6088 -0.1409 -0.7806 -0.0118 0.6826 0.2361 -0.6779 0.1367 0.9441 -0.0413 0.3212 0.0619 0.7229 0.1848 -0.6605 -0.0843 0.6708 -0.0788 -0.7161 0.1762 0.9224 -0.1493 0.3461 -0.0847
0.7269 -0.0422 -0.5775 -0.3694 0.2298 -0.4996 -0.8271 0.1161 0.7567 -0.2841 -0.5847 -0.0699 0.331 0.2776 -0.7335 -0.5248 0.6088 -0.1409 -0.7806 -0.0118 0.6826 0.2361 -0.6779 0.1367 0.9441 -0.0413 0.3212 0.0619 0.7229 0.1848 -0.6605 -0.0843 0.6708 -0.0788 -0.7161 0.1762 0.9224 -0.1493 0.3461 -0.0847
0.7269 -0.0422 -0.5775 -0.3694 0.2298 -0.4996 -0.8271 0.1161 0.76 -0.2745 -0.5883 -0.0325 0.331 0.2776 -0.7335 -0.5248 0.6088 -0.1409 -0.7806 -0.0118 0.698 0.2421 -0.6627 0.1226 0.9441 -0.0413 0.3212 0.0619 0.7229 0.1848 -0.6605 -0.0843 0.6708 -0.0788 -0.7161 0.1762 0.9224 -0.1493 0.3461 -0.0847
0.7269 -0.0422 -0.5775 -0.3694 0.2298 -0.4996 -0.8271 0.1161 0.76 -0.2745 -0.5883 -0.0325 0.331 0.2776 -0.7335 -0.5248 0.6088 -0.1409 -0.7806 -0.0118 0.698 0.2421 -0.6627 0.1226 0.9441 -0.0413 0.3212 0.0619 0.7229 0.1848 -0.6605 -0.0843 0.6708 -0.0788 -0.7161 0.1762 0.9224 -0.1493 0.3461 -0.0847
0.7269 -0.0422 -0.5775 -0.3694 0.2298 -0.4996 -0.8271 0.1161 0.76 -0.2745 -0.5883 -0.0325 0.331 0.2776 -0.7335 -0.5248 0.6088 -0.1409 -0.7806 -0.0118 0.698 0.2421 -0.6627 0.1226 0.9441 -0.0413 0.3212 0.0619 0.7229 0.1848 -0.6605 -0.0843 0.6708 -0.0788 -0.7161 0.1762 0.9224 -0.1493 0.3461 -0.0847
0.7269 -0.0422 -0.5775 -0.3694 0.2298 -0.4996 -0.8271 0.1161 0.76 -0.2745 -0.5883 -0.0325 0.3421 0.3039 -0.7234 -0.517 0.606 -0.1113 -0.7869 -0.0342 0.698 0.2421 -0.6627 0.1226 0.9441 -0.0413 0.3212 0.0619 0.7229 0.1848 -0.6605 -0.0843 0.6708 -0.0788 -0.7161 0.1762 0.9224 -0.1493 0.3461 -0.0847
0.7269 -0.0422 -0.5775 -0.3694 0.2298 -0.4996 -0.8271 0.1161 0.76 -0.2745 -0.5883 -0.0325 0.3421 0.3039 -0.7234 -0.517 0.606 -0.1113 -0.7869 -0.0342 0.698 0.2421 -0.6627 0.1226 0.9441 -0.0413 0.3212 0.0619 0.7229 0.1848 -0.6605 -0.0843 0.6708 -0.0788 -0.7161 0.1762 0.9224 -0.1493 0.3461 -0.0847
0.7695 0.0137 -0.5709 -0.2861 0.2298 -0.4996 -0.8271 0.1161 0.76 -0.2745 -0.5883 -0.0325 0.3421 0.3039 -0.7234 -0.517 0.606 -0.1113 -0.7869 -0.0342 0.698 0.2421 -0.6627 0.1226 0.9441 -0.0413 0.3212 0.0619 0.7229 0.1848 -0.6605 -0.0843 0.6708 -0.0788 -0.7161 0.1762 0.9224 -0.1493 0.3461 -0.0847
0.7695 0.0137 -0.5709 -0.2861 0.2298 -0.4996 -0.8271 0.1161 0.76 -0.2745 -0.5883 -0.0325 0.3421 0.3039 -0.7234 -0.517 0.606 -0.1113 -0.7869 -0.0342 0.698 0.2421 -0.6627 0.1226 0.9441 -0.0413 0.3212 0.0619 0.7229 0.1848 -0.6605 -0.0843 0.6708 -0.0788 -0.7161 0.1762 0.9224 -0.1493 0.3461 -0.0847
0.7695 0.0137 -0.5709 -0.2861 0.2298 -0.4996 -0.8271 0.1161 0.7579 -0.2575 -0.5984 -0.0339 0.3421 0.3039 -0.7234 -0.517 0.606 -0.1113 -0.7869 -0.0342 0.7219 0.2991 -0.6209 0.0629 0.9441 -0.0413 0.3212 0.0619 0.7229 0.1848 -0.6605 -0.0843 0.6708 -0.0788 -0.7161 0.1762 0.9311 -0.1086 0.3387 -0.0811
0.7695 0.0137 -0.5709 -0.2861 0.2298 -0.4996 -0.8271 0.1161 0.7579 -0.2575 -0.5984 -0.0339 0.3421 0.3039 -0.7234 -0.517 0.606 -0.1113 -0.7869 -0.0342 0.7219 0.2991 -0.6209 0.0629 0.9107 -0.0106 0.4099 0.0507 0.7229 0.1848 -0.6605 -0.0843 0.6708 -0.0788 -0.7161 0.1762 0.9311 -0.1086 0.3387 -0.0811
0.7695 0.0137 -0.5709 -0.2861 0.2298 -0.4996 -0.8271 0.1161 0.7579 -0.2575 -0.5984 -0.0339 0.3421 0.3039 -0.7234 -0.517 0.606 -0.1113 -0.7869 -0.0342 0.7219 0.2991 -0.6209 0.0629 0.9107 -0.0106 0.4099 0.0507 0.7229 0.1848 -0.6605 -0.0843 0.6708 -0.0788 -0.7161 0.1762 0.9311 -0.1086 0.3387 -0.0811
0.7695 0.0137 -0.5709 -0.2861 0.2298 -0.4996 -0.8271 0.1161 0.7579 -0.2575 -0.5984 -0.0339 0.3421 0.3039 -0.7234 -0.517 0.606 -0.1113 -0.7869 -0.0342 0.7219 0.2991 -0.6209 0.0629 0.9107 -0.0106 0.4099 0.0507 0.7229 0.1848 -0.6605 -0.0843 0.6782 -0.0783 -0.7251 0.0903 0.9311 -0.1086 0.3387 -0.0811
0.7695 0.0137 -0.5709 -0.2861 0.2298 -0.4996 -0.8271 0.1161 0.7579 -0.2575 -0.5984 -0.0339 0.3421 0.3039 -0.7234 -0.517 0.606 -0.1113 -0.7869 -0.0342 0.7219 0.2991 -0.6209 0.0629 0.9107 -0.0106 0.4099 0.0507 0.7229 0.1848 -0.6605 -0.0843 0.6782 -0.0783 -0.7251 0.0903 0.9311 -0.1086 0.3387 -0.0811
0.7695 0.0137 -0.5709 -0.2861 0.2298 -0.4996 -0.8271 0.1161 0.7579 -0.2575 -0.5984 -0.0339 0.3421 0.3039 -0.7234 -0.517 0.606 -0.1113 -0.7869 -0.0342 0.7219 0.2991 -0.6209 0.0629 0.9107 -0.0106 0.4099 0.0507 0.7229 0.1848 -0.6605 -0.0843 0.6782 -0.0783 -0.7251 0.0903 0.9311 -0.1086 0.3387 -0.0811
0.7695 0.0137 -0.5709 -0.2861 0.2298 -0.4996 -0.8271 0.1161 0.7582 -0.2548 -0.5947 -0.0806 0.3421 0.3039 -0.7234 -0.517 0.606 -0.1113 -0.7869 -0.0342 0.7219 0.2991 -0.6209 0.0629 0.9107 -0.0106 0.4099 0.0507 0.7229 0.1848 -0.6605 -0.0843 0.6782 -0.0783 -0.7251 0.0903 0.9311 -0.1086 0.3387 -0.0811
0.7695 0.0137 -0.5709 -0.2861 0.2298 -0.4996 -0.8271 0.1161 0.7582 -0.2548 -0.5947 -0.0806 0.3421 0.3039 -0.7234 -0.517 0.606 -0.1113 -0.7869 -0.0342 0.7291 0.2896 -0.6179 0.0528 0.9107 -0.0106 0.4099 0.0507 0.7229 0.1848 -0.6605 -0.0843 0.6782 -0.0783 -0.7251 0.0903 0.9311 -0.1086 0.3387 -0.0811
0.7695 0.0137 -0.5709 -0.2861 0.2298 -0.4996 -0.8271 0.1161 0.7582 -0.2548 -0.5947 -0.0806 0.3421 0.3039 -0.7234 -0.517 0.606 -0.1113 -0.7869 -0.0342 0.7291 0.2896 -0.6179 0.0528 0.9131 -0.0136 0.4066 0.0258 0.7229 0.1848 -0.6605 -0.0843 0.6782 -0.0783 -0.7251 0.0903 0.9311 -0.1086 0.3387 -0.0811
0.7695 0.0137 -0.5709 -0.2861 0.2298 -0.4996 -0.8271 0.1161 0.7582 -0.2548 -0.5947 -0.0806 0.3421 0.3039 -0.7234 -0.517 0.606 -0.1113 -0.7869 -0.0342 0.7291 0.2896 -0.6179 0.0528 0.9131 -0.0136 0.4066 0.0258 0.7229 0.1848 -0.6605 -0.0843 0.6782 -0.0783 -0.7251 0.0903 0.9311 -0.1086 0.3387 -0.0811
0.7695 0.0137 -0.5709 -0.2861 0.2298 -0.4996 -0.8271 0.1161 0.7582 -0.2548 -0.5947 -0.0806 0.3421 0.3039 -0.7234 -0.517 0.606 -0.1113 -0.7869 -0.0342 0.7291 0.2896 -0.6179 0.0528 0.9131 -0.0136 0.4066 0.0258 0.7229 0.1848 -0.6605 -0.0843 0.6782 -0.0783 -0.7251 0.0903 0.9311 -0.1086 0.3387 -0.0811
0.7695 0.0137 -0.5709 -0.2861 0.2626 -0.4961 -0.8203 0.11 0.7582 -0.2548 -0.5947 -0.0806 0.3056 0.2984 -0.7148 -0.5538 0.6537 -0.1215 -0.7469 0.0045 0.7291 0.2896 -0.6179 0.0528 0.9131 -0.0136 0.4066 0.0258 0.6899 0.1626 -0.7042 -0.0408 0.6756 -0.1016 -0.7231 0.1013 0.9311 -0.1086 0.3387 -0.0811
0.7695 0.0137 -0.5709 -0.2861 0.2626 -0.4961 -0.8203 0.11 0.7582 -0.2692 -0.5814 -0.1213 0.3056 0.2984 -0.7148 -0.5538 0.6537 -0.1215 -0.7469 0.0045 0.7291 0.2896 -0.6179 0.0528 0.9131 -0.0136 0.4066 0.0258 0.6899 0.1626 -0.7042 -0.0408 0.6756 -0.1016 -0.7231 0.1013 0.9311 -0.1086 0.3387 -0.0811
0.7695 0.0137 -0.5709 -0.2861 0.2626 -0.4961 -0.8203 0.11 0.7582 -0.2692 -0.5814 -0.1213 0.3056 0.2984 -0.7148 -0.5538 0.6537 -0.1215 -0.7469 0.0045 0.7291 0.2896 -0.6179 0.0528 0.9131 -0.0136 0.4066 0.0258 0.6899 0.1626 -0.7042 -0.0408 0.6756 -0.1016 -0.7231 0.1013 0.9311 -0.1086 0.3387 -0.0811
0.7695 0.0137 -0.5709 -0.2861 0.2626 -0.4961 -0.8203 0.11 0.7582 -0.2692 -0.5814 -0.1213 0.3056 0.2984 -0.7148 -0.5538 0.6537 -0.1215 -0.7469 0.0045 0.7026 0.2217 -0.6635 0.1305 0.9131 -0.0136 0.4066 0.0258 0.6899 0.1626 -0.7042 -0.0408 0.6756 -0.1016 -0.7231 0.1013 0.9311 -0.1086 0.3387 -0.0811
0.7695 0.0137 -0.5709 -0.2861 0.2626 -0.4961 -0.8203 0.11 0.7582 -0.2692 -0.5814 -0.1213 0.3056 0.2984 -0.7148 -0.5538 0.6537 -0.1215 -0.7469 0.0045 0.7026 0.2217 -0.6635 0.1305 0.9379 -0.0146 0.3417 0.0583 0.6899 0.1626 -0.7042 -0.0408 0.6756 -0.1016 -0.7231 0.1013 0.9311 -0.1086 0.3387 -0.0811
0.7695 0.0137 -0.5709 -0.2861 0.2626 -0.4961 -0.8203 0.11 0.7582 -0.2692 -0.5814 -0.1213 0.2731 0.2695 -0.7194 -0.579 0.6537 -0.1215 -0.7469 0.0045 0.7026 0.2217 -0.6635 0.1305 0.9379 -0.0146 0.3417 0.0583 0.6899 0.1626 -0.7042 -0.0408 0.6756 -0.1016 -0.7231 0.1013 0.9311 -0.1086 0.3387 -0.0811
0.7695 0.0137 -0.5709 -0.2861 0.2626 -0.4961 -0.8203 0.11 0.7582 -0.2692 -0.5814 -0.1213 0.2731 0.2695 -0.7194 -0.579 0.6537 -0.1215 -0.7469 0.0045 0.7026 0.2217 -0.6635 0.1305 0.9379 -0.0146 0.3417 0.0583 0.6899 0.1626 -0.7042 -0.0408 0.6756 -0.1016 -0.7231 0.1013 0.9311 -0.1086 0.3387 -0.0811
0.7695 0.0137 -0.5709 -0.2861 0.2608 -0.5324 -0.7988 0.1018 0.7582 -0.2692 -0.5814 -0.1213 0.2731 0.2695 -0.7194 -0.579 0.6537 -0.1215 -0.7469 0.0045 0.7026 0.2217 -0.6635 0.1305 0.9379 -0.0146 0.3417 0.0583 0.6759 0.1469 -0.7222 -0.001 0.6716 -0.1205 -0.7193 0.1304 0.9311 -0.1086 0.3387 -0.0811
0.7695 0.0137 -0.5709 -0.2861 0.2608 -0.5324 -0.7988 0.1018 0.7582 -0.2692 -0.5814 -0.1213 0.2731 0.2695 -0.7194 -0.579 0.6537 -0.1215 -0.7469 0.0045 0.7026 0.2217 -0.6635 0.1305 0.9379 -0.0146 0.3417 0.0583 0.6759 0.1469 -0.7222 -0.001 0.6716 -0.1205 -0.7193 0.1304 0.9311 -0.1086 0.3387 -0.0811
0.7695 0.0137 -0.5709 -0.2861 0.2608 -0.5324 -0.7988 0.1018 0.762 -0.2944 -0.5612 -0.1332 0.2731 0.2695 -0.7194 -0.579 0.6537 -0.1215 -0.7469 0.0045 0.7026 0.2217 -0.6635 0.1305 0.9379 -0.0146 0.3417 0.0583 0.6759 0.1469 -0.7222 -0.001 0.6716 -0.1205 -0.7193 0.1304 0.9311 -0.1086 0.3387 -0.0811
0.7695 0.0137 -0.5709 -0.2861 0.2608 -0.5324 -0.7988 0.1018 0.762 -0.2944 -0.5612 -0.1332 0.2731 0.2695 -0.7194 -0.579 0.6537 -0.1215 -0.7469 0.0045 0.6708 0.1967 -0.6885 0.1932 0.9379 -0.0146 0.3417 0.0583 0.6759 0.1469 -0.7222 -0.001 0.6716 -0.1205 -0.7193 0.1304 0.9311 -0.1086 0.3387 -0.0811
0.7695 0.0137 -0.5709 -0.2861 0.2608 -0.5324 -0.7988 0.1018 0.762 -0.2944 -0.5612 -0.1332 0.2731 0.2695 -0.7194 -0.579 0.6537 -0.1215 -0.7469 0.0045 0.6708 0.1967 -0.6885 0.1932 0.9407 -0.0587 0.3264 0.0721 0.6759 0.1469 -0.7222 -0.001 0.6716 -0.1205 -0.7193 0.1304 0.9311 -0.1086 0.3387 -0.0811
0.7695 0.0137 -0.5709 -0.2861 0.2608 -0.5324 -0.7988 0.1018 0.762 -0.2944 -0.5612 -0.1332 0.2731 0.2695 -0.7194 -0.579 0.6537 -0.1215 -0.7469 0.0045 0.6708 0.1967 -0.6885 0.1932 0.9407 -0.0587 0.3264 0.0721 0.6759 0.1469 -0.7222 -0.001 0.6716 -0.1205 -0.7193 0.1304 0.9311 -0.1086 0.3387 -0.0811
0.7695 0.0137 -0.5709 -0.2861 0.2608 -0.5324 -0.7988 0.1018 0.762 -0.2944 -0.5612 -0.1332 0.2731 0.2695 -0.7194 -0.579 0.6537 -0.1215 -0.7469 0.0045 0.6708 0.1967 -0.6885 0.1932 0.9407 -0.0587 0.3264 0.0721 0.6759 0.1469 -0.7222 -0.001 0.6716 -0.1205 -0.7193 0.1304 0.9311 -0.1086 0.3387 -0.0811
0.7695 0.0137 -0.5709 -0.2861 0.2608 -0.5324 -0.7988 0.1018 0.762 -0.2944 -0.5612 -0.1332 0.28 0.2502 -0.722 -0.5811 0.6565 -0.17 -0.7336 0.0446 0.6708 0.1967 -0.6885 0.1932 0.9407 -0.0587 0.3264 0.0721 0.6828 0.1476 -0.7155 -0.0085 0.6446 -0.1696 -0.716 0.2076 0.9311 -0.1086 0.3387 -0.0811
0.7695 0.0137 -0.5709 -0.2861 0.2608 -0.5324 -0.7988 0.1018 0.762 -0.2944 -0.5612 -0.1332 0.28 0.2502 -0.722 -0.5811 0.6565 -0.17 -0.7336 0.0446 0.6708 0.1967 -0.6885 0.1932 0.9407 -0.0587 0.3264 0.0721 0.6828 0.1476 -0.7155 -0.0085 0.6446 -0.1696 -0.716 0.2076 0.8557 -0.1042 0.5025 -0.0673
0.7695 0.0137 -0.5709 -0.2861 0.2608 -0.5324 -0.7988 0.1018 0.7502 -0.3035 -0.5768 -0.1107 0.28 0.2502 -0.722 -0.5811 0.6565 -0.17 -0.7336 0.0446 0.6719 0.2375 -0.6842 0.1547 0.9407 -0.0587 0.3264 0.0721 0.6828 0.1476 -0.7155 -0.0085 0.6446 -0.1696 -0.716 0.2076 0.8557 -0.1042 0.5025 -0.0673
0.7695 0.0137 -0.5709 -0.2861 0.2608 -0.5324 -0.7988 0.1018 0.7502 -0.3035 -0.5768 -0.1107 0.28 0.2502 -0.722 -0.5811 0.6565 -0.17 -0.7336 0.0446 0.6719 0.2375 -0.6842 0.1547 0.9407 -0.0587 0.3264 0.0721 0.6828 0.1476 -0.7155 -0.0085 0.6446 -0.1696 -0.716 0.2076 0.8557 -0.1042 0.5025 -0.0673
0.7695 0.0137 -0.5709 -0.2861 0.2608 -0.5324 -0.7988 0.1018 0.7502 -0.3035 -0.5768 -0.1107 0.3028 0.2605 -0.7506 -0.5263 0.6565 -0.17 -0.7336 0.0446 0.6719 0.2375 -0.6842 0.1547 0.9412 -0.0545 0.3265 0.0677 0.6828 0.1476 -0.7155 -0.0085 0.6446 -0.1696 -0.716 0.2076 0.8557 -0.1042 0.5025 -0.0673
0.7695 0.0137 -0.5709 -0.2861 0.2608 -0.5324 -0.7988 0.1018 0.7502 -0.3035 -0.5768 -0.1107 0.3028 0.2605 -0.7506 -0.5263 0.6565 -0.17 -0.7336 0.0446 0.6719 0.2375 -0.6842 0.1547 0.9412 -0.0545 0.3265 0.0677 0.6828 0.1476 -0.7155 -0.0085 0.6446 -0.1696 -0.716 0.2076 0.8557 -0.1042 0.5025 -0.0673
0.7695 0.0137 -0.5709 -0.2861 0.2608 -0.5324 -0.7988 0.1018 0.7502 -0.3035 -0.5768 -0.1107 0.3028 0.2605 -0.7506 -0.5263 0.6342 -0.176 -0.7528 0.0068 0.6719 0.2375 -0.6842 0.1547 0.9412 -0.0545 0.3265 0.0677 0.6828 0.1476 -0.7155 -0.0085 0.6218 -0.2059 -0.7155 0.243 0.8557 -0.1042 0.5025 -0.0673
0.7695 0.0137 -0.5709 -0.2861 0.2608 -0.5324 -0.7988 0.1018 0.7502 -0.3035 -0.5768 -0.1107 0.3028 0.2605 -0.7506 -0.5263 0.6342 -0.176 -0.7528 0.0068 0.6719 0.2375 -0.6842 0.1547 0.9412 -0.0545 0.3265 0.0677 0.6828 0.1476 -0.7155 -0.0085 0.6218 -0.2059 -0.7155 0.243 0.8557 -0.1042 0.5025 -0.0673
0.7695 0.0137 -0.5709 -0.2861 0.2608 -0.5324 -0.7988 0.1018 0.7502 -0.3035 -0.5768 -0.1107 0.3028 0.2605 -0.7506 -0.5263 0.6342 -0.176 -0.7528 0.0068 0.6719 0.2375 -0.6842 0.1547 0.9412 -0.0545 0.3265 0.0677 0.6828 0.1476 -0.7155 -0.0085 0.6218 -0.2059 -0.7155 0.243 0.8557 -0.1042 0.5025 -0.0673
0.7695 0.0137 -0.5709 -0.2861 0.2608 -0.5324 -0.7988 0.1018 0.7391 -0.3134 -0.5925 -0.0671 0.3028 0.2605 -0.7506 -0.5263 0.6342 -0.176 -0.7528 0.0068 0.6719 0.2375 -0.6842 0.1547 0.9412 -0.0545 0.3265 0.0677 0.6828 0.1476 -0.7155 -0.0085 0.6218 -0.2059 -0.7155 0.243 0.8557 -0.1042 0.5025 -0.0673
0.7695 0.0137 -0.5709 -0.2861 0.2608 -0.5324 -0.7988 0.1018 0.7391 -0.3134 -0.5925 -0.0671 0.3028 0.2605 -0.7506 -0.5263 0.6342 -0.176 -0.7528 0.0068 0.6788 0.2477 -0.676 0.1448 0.9412 -0.0545 0.3265 0.0677 0.6828 0.1476 -0.7155 -0.0085 0.6218 -0.2059 -0.7155 0.243 0.8557 -0.1042 0.5025 -0.0673
0.7695 0.0137 -0.5709 -0.2861 0.2608 -0.5324 -0.7988 0.1018 0.7391 -0.3134 -0.5925 -0.0671 0.3028 0.2605 -0.7506 -0.5263 0.6342 -0.176 -0.7528 0.0068 0.6788 0.2477 -0.676 0.1448 0.936 -0.0527 0.341 0.069 0.6828 0.1476 -0.7155 -0.0085 0.6218 -0.2059 -0.7155 0.243 0.8557 -0.1042 0.5025 -0.0673
0.7695 0.0137 -0.5709 -0.2861 0.2608 -0.5324 -0.7988 0.1018 0.7391 -0.3134 -0.5925 -0.0671 0.3028 0.2605 -0.7506 -0.5263 0.6342 -0.176 -0.7528 0.0068 0.6788 0.2477 -0.676 0.1448 0.936 -0.0527 0.341 0.069 0.6828 0.1476 -0.7155 -0.0085 0.6218 -0.2059 -0.7155 0.243 0.8557 -0.1042 0.5025 -0.0673
0.7695 0.0137 -0.5709 -0.2861 0.2608 -0.5324 -0.7988 0.1018 0.7391 -0.3134 -0.5925 -0.0671 0.3176 0.2736 -0.7601 -0.4966 0.6062 -0.1318 -0.7842 -0.014 0.6788 0.2477 -0.676 0.1448 0.936 -0.0527 0.341 0.069 0.6828 0.1476 -0.7155 -0.0085 0.6916 -0.0756 -0.7108 0.1035 0.8557 -0.1042 0.5025 -0.0673
0.7695 0.0137 -0.5709 -0.2861 0.2215 -0.4892 -0.837 0.1055 0.7391 -0.3134 -0.5925 -0.0671 0.3176 0.2736 -0.7601 -0.4966 0.6062 -0.1318 -0.7842 -0.014 0.6788 0.2477 -0.676 0.1448 0.936 -0.0527 0.341 0.069 0.6828 0.1476 -0.7155 -0.0085 0.6916 -0.0756 -0.7108 0.1035 0.8557 -0.1042 0.5025 -0.0673
0.7695 0.0137 -0.5709 -0.2861 0.2215 -0.4892 -0.837 0.1055 0.732 -0.2919 -0.6151 -0.0269 0.3176 0.2736 -0.7601 -0.4966 0.6062 -0.1318 -0.7842 -0.014 0.6788 0.2477 -0.676 0.1448 0.936 -0.0527 0.341 0.069 0.6828 0.1476 -0.7155 -0.0085 0.6916 -0.0756 -0.7108 0.1035 0.8557 -0.1042 0.5025 -0.0673
0.7695 0.0137 -0.5709 -0.2861 0.2215 -0.4892 -0.837 0.1055 0.732 -0.2919 -0.6151 -0.0269 0.3176 0.2736 -0.7601 -0.4966 0.6062 -0.1318 -0.7842 -0.014 0.6788 0.2477 -0.676 0.1448 0.936 -0.0527 0.341 0.069 0.6828 0.1476 -0.7155 -0.0085 0.6916 -0.0756 -0.7108 0.1035 0.8557 -0.1042 0.5025 -0.0673
0.7695 0.0137 -0.5709 -0.2861 0.2215 -0.4892 -0.837 0.1055 0.732 -0.2919 -0.6151 -0.0269 0.3176 0.2736 -0.7601 -0.4966 0.6062 -0.1318 -0.7842 -0.014 0.7021 0.2623 -0.6496 0.1273 0.9333 -0.0443 0.3497 0.0685 0.6828 0.1476 -0.7155 -0.0085 0.6916 -0.0756 -0.7108 0.1035 0.8557 -0.1042 0.5025 -0.0673
0.7695 0.0137 -0.5709 -0.2861 0.2215 -0.4892 -0.837 0.1055 0.732 -0.2919 -0.6151 -0.0269 0.3299 0.3272 -0.7397 -0.4867 0.6062 -0.1318 -0.7842 -0.014 0.7021 0.2623 -0.6496 0.1273 0.9333 -0.0443 0.3497 0.0685 0.6828 0.1476 -0.7155 -0.0085 0.6916 -0.0756 -0.7108 0.1035 0.8557 -0.1042 0.5025 -0.0673
0.7695 0.0137 -0.5709 -0.2861 0.2215 -0.4892 -0.837 0.1055 0.732 -0.2919 -0.6151 -0.0269 0.3299 0.3272 -0.7397 -0.4867 0.6062 -0.1318 -0.7842 -0.014 0.7021 0.2623 -0.6496 0.1273 0.9333 -0.0443 0.3497 0.0685 0.6828 0.1476 -0.7155 -0.0085 0.6916 -0.0756 -0.7108 0.1035 0.8557 -0.1042 0.5025 -0.0673
0.7695 0.0137 -0.5709 -0.2861 0.2215 -0.4892 -0.837 0.1055 0.732 -0.2919 -0.6151 -0.0269 0.3299 0.3272 -0.7397 -0.4867 0.6062 -0.1318 -0.7842 -0.014 0.7021 0.2623 -0.6496 0.1273 0.9333 -0.0443 0.3497 0.0685 0.6828 0.1476 -0.7155 -0.0085 0.6916 -0.0756 -0.7108 0.1035 0.8557 -0.1042 0.5025 -0.0673
0.7695 0.0137 -0.5709 -0.2861 0.2215 -0.4892 -0.837 0.1055 0.732 -0.2919 -0.6151 -0.0269 0.3299 0.3272 -0.7397 -0.4867 0.6062 -0.1318 -0.7842 -0.014 0.7021 0.2623 -0.6496 0.1273 0.9333 -0.0443 0.3497 0.0685 0.6828 0.1476 -0.7155 -0.0085 0.6916 -0.0756 -0.7108 0.1035 0.8557 -0.1042 0.5025 -0.0673
0.7695 0.0137 -0.5709 -0.2861 0.2215 -0.4892 -0.837 0.1055 0.732 -0.2919 -0.6151 -0.0269 0.3299 0.3272 -0.7397 -0.4867 0.6062 -0.1318 -0.7842 -0.014 0.7021 0.2623 -0.6496 0.1273 0.9333 -0.0443 0.3497 0.0685 0.6828 0.1476 -0.7155 -0.0085 0.6916 -0.0756 -0.7108 0.1035 0.8557 -0.1042 0.5025 -0.0673
0.7549 0.0056 -0.578 -0.3099 0.2215 -0.4892 -0.837 0.1055 0.7363 -0.2657 -0.6217 -0.0297 0.3299 0.3272 -0.7397 -0.4867 0.6062 -0.1318 -0.7842 -0.014 0.7021 0.2623 -0.6496 0.1273 0.9333 -0.0443 0.3497 0.0685 0.6828 0.1476 -0.7155 -0.0085 0.6916 -0.0756 -0.7108 0.1035 0.926 -0.0858 0.3532 -0.1025
0.7549 0.0056 -0.578 -0.3099 0.2215 -0.4892 -0.837 0.1055 0.7363 -0.2657 -0.6217 -0.0297 0.3299 0.3272 -0.7397 -0.4867 0.6062 -0.1318 -0.7842 -0.014 0.7232 0.3232 -0.6052 0.0789 0.9333 -0.0443 0.3497 0.0685 0.6828 0.1476 -0.7155 -0.0085 0.6916 -0.0756 -0.7108 0.1035 0.926 -0.0858 0.3532 -0.1025
0.7549 0.0056 -0.578 -0.3099 0.2215 -0.4892 -0.837 0.1055 0.7363 -0.2657 -0.6217 -0.0297 0.3299 0.3272 -0.7397 -0.4867 0.6062 -0.1318 -0.7842 -0.014 0.7232 0.3232 -0.6052 0.0789 0.9036 -0.04 0.4229 0.0554 0.6828 0.1476 -0.7155 -0.0085 0.6916 -0.0756 -0.7108 0.1035 0.926 -0.0858 0.3532 -0.1025
0.7549 0.0056 -0.578 -0.3099 0.2215 -0.4892 -0.837 0.1055 0.7363 -0.2657 -0.6217 -0.0297 0.3299 0.3272 -0.7397 -0.4867 0.6062 -0.1318 -0.7842 -0.014 0.7232 0.3232 -0.6052 0.0789 0.9036 -0.04 0.4229 0.0554 0.6828 0.1476 -0.7155 -0.0085 0.6916 -0.0756 -0.7108 0.1035 0.926 -0.0858 0.3532 -0.1025
0.7549 0.0056 -0.578 -0.3099 0.2672 -0.5099 -0.8115 0.1006 0.7363 -0.2657 -0.6217 -0.0297 0.3299 0.3272 -0.7397 -0.4867 0.6411 -0.1151 -0.7587 0.0136 0.7232 0.3232 -0.6052 0.0789 0.9036 -0.04 0.4229 0.0554 0.6828 0.1476 -0.7155 -0.0085 0.6788 -0.1092 -0.7198 0.0958 0.926 -0.0858 0.3532 -0.1025
0.7549 0.0056 -0.578 -0.3099 0.2672 -0.5099 -0.8115 0.1006 0.7363 -0.2657 -0.6217 -0.0297 0.3299 0.3272 -0.7397 -0.4867 0.6411 -0.1151 -0.7587 0.0136 0.7232 0.3232 -0.6052 0.0789 0.9036 -0.04 0.4229 0.0554 0.7057 0.1782 -0.6824 -0.0673 0.6788 -0.1092 -0.7198 0.0958 0.926 -0.0858 0.3532 -0.1025
0.7433 0.0087 -0.5817 -0.3302 0.2672 -0.5099 -0.8115 0.1006 0.7363 -0.2657 -0.6217 -0.0297 0.3299 0.3272 -0.7397 -0.4867 0.6411 -0.1151 -0.7587 0.0136 0.7232 0.3232 -0.6052 0.0789 0.9036 -0.04 0.4229 0.0554 0.7057 0.1782 -0.6824 -0.0673 0.6788 -0.1092 -0.7198 0.0958 0.926 -0.0858 0.3532 -0.1025
0.7433 0.0087 -0.5817 -0.3302 0.2672 -0.5099 -0.8115 0.1006 0.7363 -0.2657 -0.6217 -0.0297 0.3299 0.3272 -0.7397 -0.4867 0.6411 -0.1151 -0.7587 0.0136 0.7232 0.3232 -0.6052 0.0789 0.9036 -0.04 0.4229 0.0554 0.7057 0.1782 -0.6824 -0.0673 0.6788 -0.1092 -0.7198 0.0958 0.926 -0.0858 0.3532 -0.1025
0.7433 0.0087 -0.5817 -0.3302 0.2672 -0.5099 -0.8115 0.1006 0.7363 -0.2657 -0.6217 -0.0297 0.3299 0.3272 -0.7397 -0.4867 0.6411 -0.1151 -0.7587 0.0136 0.7106 0.2668 -0.6414 0.1113 0.9036 -0.04 0.4229 0.0554 0.7057 0.1782 -0.6824 -0.0673 0.6788 -0.1092 -0.7198 0.0958 0.926 -0.0858 0.3532 -0.1025
0.7433 0.0087 -0.5817 -0.3302 0.2672 -0.5099 -0.8115 0.1006 0.7363 -0.2657 -0.6217 -0.0297 0.3299 0.3272 -0.7397 -0.4867 0.6411 -0.1151 -0.7587 0.0136 0.7106 0.2668 -0.6414 0.1113 0.925 -0.0277 0.3747 0.0571 0.7057 0.1782 -0.6824 -0.0673 0.6788 -0.1092 -0.7198 0.0958 0.926 -0.0858 0.3532 -0.1025
0.7433 0.0087 -0.5817 -0.3302 0.2672 -0.5099 -0.8115 0.1006 0.7363 -0.2657 -0.6217 -0.0297 0.3299 0.3272 -0.7397 -0.4867 0.6411 -0.1151 -0.7587 0.0136 0.7106 0.2668 -0.6414 0.1113 0.925 -0.0277 0.3747 0.0571 0.7057 0.1782 -0.6824 -0.0673 0.6788 -0.1092 -0.7198 0.0958 0.926 -0.0858 0.3532 -0.1025
0.7433 0.0087 -0.5817 -0.3302 0.2672 -0.5099 -0.8115 0.1006 0.7363 -0.2657 -0.6217 -0.0297 0.3299 0.3272 -0.7397 -0.4867 0.6411 -0.1151 -0.7587 0.0136 0.7106 0.2668 -0.6414 0.1113 0.925 -0.0277 0.3747 0.0571 0.7057 0.1782 -0.6824 -0.0673 0.6788 -0.1092 -0.7198 0.0958 0.926 -0.0858 0.3532 -0.1025
0.7433 0.0087 -0.5817 -0.3302 0.2764 -0.5204 -0.8032 0.088 0.7363 -0.2657 -0.6217 -0.0297 0.3327 0.3172 -0.701 -0.5453 0.6492 -0.1231 -0.7494 0.0426 0.7106 0.2668 -0.6414 0.1113 0.925 -0.0277 0.3747 0.0571 0.6859 0.1466 -0.7125 -0.022 0.6841 -0.1166 -0.7137 0.0949 0.926 -0.0858 0.3532 -0.1025
0.7433 0.0087 -0.5817 -0.3302 0.2764 -0.5204 -0.8032 0.088 0.7363 -0.2657 -0.6217 -0.0297 0.3327 0.3172 -0.701 -0.5453 0.6492 -0.1231 -0.7494 0.0426 0.7106 0.2668 -0.6414 0.1113 0.925 -0.0277 0.3747 0.0571 0.6859 0.1466 -0.7125 -0.022 0.6841 -0.1166 -0.7137 0.0949 0.926 -0.0858 0.3532 -0.1025
0.7332 -0.0041 -0.5735 -0.3655 0.2764 -0.5204 -0.8032 0.088 0.7557 -0.2834 -0.5842 -0.0855 0.3327 0.3172 -0.701 -0.5453 0.6492 -0.1231 -0.7494 0.0426 0.7106 0.2668 -0.6414 0.1113 0.925 -0.0277 0.3747 0.0571 0.6859 0.1466 -0.7125 -0.022 0.6841 -0.1166 -0.7137 0.0949 0.9218 -0.0898 0.3608 -0.1097
0.7332 -0.0041 -0.5735 -0.3655 0.2764 -0.5204 -0.8032 0.088 0.7557 -0.2834 -0.5842 -0.0855 0.3327 0.3172 -0.701 -0.5453 0.6492 -0.1231 -0.7494 0.0426 0.6807 0.207 -0.6794 0.1791 0.925 -0.0277 0.3747 0.0571 0.6859 0.1466 -0.7125 -0.022 0.6841 -0.1166 -0.7137 0.0949 0.9218 -0.0898 0.3608 -0.1097
0.7332 -0.0041 -0.5735 -0.3655 0.2764 -0.5204 -0.8032 0.088 0.7557 -0.2834 -0.5842 -0.0855 0.3327 0.3172 -0.701 -0.5453 0.6492 -0.1231 -0.7494 0.0426 0.6807 0.207 -0.6794 0.1791 0.933 -0.0498 0.3478 0.0771 0.6859 0.1466 -0.7125 -0.022 0.6841 -0.1166 -0.7137 0.0949 0.9218 -0.0898 0.3608 -0.1097
0.7332 -0.0041 -0.5735 -0.3655 0.2764 -0.5204 -0.8032 0.088 0.7557 -0.2834 -0.5842 -0.0855 0.3327 0.3172 -0.701 -0.5453 0.6492 -0.1231 -0.7494 0.0426 0.6807 0.207 -0.6794 0.1791 0.933 -0.0498 0.3478 0.0771 0.6859 0.1466 -0.7125 -0.022 0.6841 -0.1166 -0.7137 0.0949 0.9218 -0.0898 0.3608 -0.1097
0.7332 -0.0041 -0.5735 -0.3655 0.2764 -0.5204 -0.8032 0.088 0.7557 -0.2834 -0.5842 -0.0855 0.3327 0.3172 -0.701 -0.5453 0.6492 -0.1231 -0.7494 0.0426 0.6807 0.207 -0.6794 0.1791 0.933 -0.0498 0.3478 0.0771 0.6859 0.1466 -0.7125 -0.022 0.6841 -0.1166 -0.7137 0.0949 0.9218 -0.0898 0.3608 -0.1097
0.7332 -0.0041 -0.5735 -0.3655 0.2659 -0.5443 -0.7914 0.0817 0.7557 -0.2834 -0.5842 -0.0855 0.3173 0.2955 -0.7004 -0.567 0.6451 -0.13 -0.7502 0.064 0.6807 0.207 -0.6794 0.1791 0.933 -0.0498 0.3478 0.0771 0.686 0.1404 -0.7138 -0.015 0.6689 -0.1494 -0.713 0.1475 0.8756 -0.0951 0.463 -0.0993
0.7332 -0.0041 -0.5735 -0.3655 0.2659 -0.5443 -0.7914 0.0817 0.7557 -0.2834 -0.5842 -0.0855 0.3173 0.2955 -0.7004 -0.567 0.6451 -0.13 -0.7502 0.064 0.6807 0.207 -0.6794 0.1791 0.933 -0.0498 0.3478 0.0771 0.686 0.1404 -0.7138 -0.015 0.6689 -0.1494 -0.713 0.1475 0.8756 -0.0951 0.463 -0.0993
0.7238 -0.0184 -0.5806 -0.3723 0.2659 -0.5443 -0.7914 0.0817 0.7614 -0.2955 -0.5709 -0.0848 0.3173 0.2955 -0.7004 -0.567 0.6451 -0.13 -0.7502 0.064 0.6807 0.207 -0.6794 0.1791 0.933 -0.0498 0.3478 0.0771 0.686 0.1404 -0.7138 -0.015 0.6689 -0.1494 -0.713 0.1475 0.8756 -0.0951 0.463 -0.0993
0.7238 -0.0184 -0.5806 -0.3723 0.2659 -0.5443 -0.7914 0.0817 0.7614 -0.2955 -0.5709 -0.0848 0.3173 0.2955 -0.7004 -0.567 0.6451 -0.13 -0.7502 0.064 0.6709 0.2384 -0.6844 0.1569 0.942 -0.0458 0.3242 0.0744 0.686 0.1404 -0.7138 -0.015 0.6689 -0.1494 -0.713 0.1475 0.8756 -0.0951 0.463 -0.0993
0.7238 -0.0184 -0.5806 -0.3723 0.2659 -0.5443 -0.7914 0.0817 0.7614 -0.2955 -0.5709 -0.0848 0.3173 0.2955 -0.7004 -0.567 0.6451 -0.13 -0.7502 0.064 0.6709 0.2384 -0.6844 0.1569 0.942 -0.0458 0.3242 0.0744 0.686 0.1404 -0.7138 -0.015 0.6689 -0.1494 -0.713 0.1475 0.8756 -0.0951 0.463 -0.0993
0.7238 -0.0184 -0.5806 -0.3723 0.2659 -0.5443 -0.7914 0.0817 0.7614 -0.2955 -0.5709 -0.0848 0.3173 0.2955 -0.7004 -0.567 0.6451 -0.13 -0.7502 0.064 0.6709 0.2384 -0.6844 0.1569 0.942 -0.0458 0.3242 0.0744 0.686 0.1404 -0.7138 -0.015 0.6689 -0.1494 -0.713 0.1475 0.8756 -0.0951 0.463 -0.0993
0.7238 -0.0184 -0.5806 -0.3723 0.2655 -0.5389 -0.7935 0.097 0.7614 -0.2955 -0.5709 -0.0848 0.3173 0.2955 -0.7004 -0.567 0.6451 -0.13 -0.7502 0.064 0.6709 0.2384 -0.6844 0.1569 0.942 -0.0458 0.3242 0.0744 0.686 0.1404 -0.7138 -0.015 0.6689 -0.1494 -0.713 0.1475 0.8756 -0.0951 0.463 -0.0993
0.7238 -0.0184 -0.5806 -0.3723 0.2655 -0.5389 -0.7935 0.097 0.7614 -0.2955 -0.5709 -0.0848 0.3173 0.2955 -0.7004 -0.567 0.6451 -0.13 -0.7502 0.064 0.6709 0.2384 -0.6844 0.1569 0.942 -0.0458 0.3242 0.0744 0.7192 0.1697 -0.6664 -0.0991 0.6689 -0.1494 -0.713 0.1475 0.8756 -0.0951 0.463 -0.0993
0.7238 -0.0184 -0.5806 -0.3723 0.2655 -0.5389 -0.7935 0.097 0.7614 -0.2955 -0.5709 -0.0848 0.3173 0.2955 -0.7004 -0.567 0.6451 -0.13 -0.7502 0.064 0.6709 0.2384 -0.6844 0.1569 0.942 -0.0458 0.3242 0.0744 0.7192 0.1697 -0.6664 -0.0991 0.6689 -0.1494 -0.713 0.1475 0.8756 -0.0951 0.463 -0.0993
0.7298 -0.024 -0.5929 -0.3395 0.2655 -0.5389 -0.7935 0.097 0.7527 -0.3013 -0.5821 -0.0616 0.3173 0.2955 -0.7004 -0.567 0.6451 -0.13 -0.7502 0.064 0.6709 0.2384 -0.6844 0.1569 0.942 -0.0458 0.3242 0.0744 0.7192 0.1697 -0.6664 -0.0991 0.6689 -0.1494 -0.713 0.1475 0.8167 -0.0867 0.5654 -0.0762
0.7298 -0.024 -0.5929 -0.3395 0.2655 -0.5389 -0.7935 0.097 0.7527 -0.3013 -0.5821 -0.0616 0.3173 0.2955 -0.7004 -0.567 0.6451 -0.13 -0.7502 0.064 0.677 0.2572 -0.6793 0.1182 0.942 -0.0458 0.3242 0.0744 0.7192 0.1697 -0.6664 -0.0991 0.6689 -0.1494 -0.713 0.1475 0.8167 -0.0867 0.5654 -0.0762
0.7298 -0.024 -0.5929 -0.3395 0.2655 -0.5389 -0.7935 0.097 0.7527 -0.3013 -0.5821 -0.0616 0.3173 0.2955 -0.7004 -0.567 0.6451 -0.13 -0.7502 0.064 0.677 0.2572 -0.6793 0.1182 0.9355 -0.0409 0.3418 0.079 0.7192 0.1697 -0.6664 -0.0991 0.6689 -0.1494 -0.713 0.1475 0.8167 -0.0867 0.5654 -0.0762
0.7298 -0.024 -0.5929 -0.3395 0.2655 -0.5389 -0.7935 0.097 0.7527 -0.3013 -0.5821 -0.0616 0.348 0.2775 -0.7311 -0.517 0.6451 -0.13 -0.7502 0.064 0.677 0.2572 -0.6793 0.1182 0.9355 -0.0409 0.3418 0.079 0.7192 0.1697 -0.6664 -0.0991 0.6689 -0.1494 -0.713 0.1475 0.8167 -0.0867 0.5654 -0.0762
0.7298 -0.024 -0.5929 -0.3395 0.2655 -0.5389 -0.7935 0.097 0.7527 -0.3013 -0.5821 -0.0616 0.348 0.2775 -0.7311 -0.517 0.6451 -0.13 -0.7502 0.064 0.677 0.2572 -0.6793 0.1182 0.9355 -0.0409 0.3418 0.079 0.7192 0.1697 -0.6664 -0.0991 0.6689 -0.1494 -0.713 0.1475 0.8167 -0.0867 0.5654 -0.0762
0.7298 -0.024 -0.5929 -0.3395 0.2498 -0.532 -0.8037 0.0927 0.7527 -0.3013 -0.5821 -0.0616 0.348 0.2775 -0.7311 -0.517 0.6042 -0.1541 -0.7814 -0.0223 0.677 0.2572 -0.6793 0.1182 0.9355 -0.0409 0.3418 0.079 0.721 0.169 -0.6605 -0.1235 0.6693 -0.1145 -0.7178 0.1536 0.8167 -0.0867 0.5654 -0.0762
0.7285 -0.015 -0.5883 -0.3507 0.2498 -0.532 -0.8037 0.0927 0.7527 -0.3013 -0.5821 -0.0616 0.348 0.2775 -0.7311 -0.517 0.6042 -0.1541 -0.7814 -0.0223 0.677 0.2572 -0.6793 0.1182 0.9355 -0.0409 0.3418 0.079 0.721 0.169 -0.6605 -0.1235 0.6693 -0.1145 -0.7178 0.1536 0.8167 -0.0867 0.5654 -0.0762
0.7285 -0.015 -0.5883 -0.3507 0.2498 -0.532 -0.8037 0.0927 0.7449 -0.306 -0.5922 -0.0286 0.348 0.2775 -0.7311 -0.517 0.6042 -0.1541 -0.7814 -0.0223 0.677 0.2572 -0.6793 0.1182 0.9355 -0.0409 0.3418 0.079 0.721 0.169 -0.6605 -0.1235 0.6693 -0.1145 -0.7178 0.1536 0.915 -0.1244 0.368 -0.1092
0.7285 -0.015 -0.5883 -0.3507 0.2498 -0.532 -0.8037 0.0927 0.7449 -0.306 -0.5922 -0.0286 0.348 0.2775 -0.7311 -0.517 0.6042 -0.1541 -0.7814 -0.0223 0.677 0.2572 -0.6793 0.1182 0.9355 -0.0409 0.3418 0.079 0.721 0.169 -0.6605 -0.1235 0.6693 -0.1145 -0.7178 0.1536 0.915 -0.1244 0.368 -0.1092
0.7285 -0.015 -0.5883 -0.3507 0.2498 -0.532 -0.8037 0.0927 0.7449 -0.306 -0.5922 -0.0286 0.348 0.2775 -0.7311 -0.517 0.6042 -0.1541 -0.7814 -0.0223 0.677 0.2572 -0.6793 0.1182 0.9276 -0.0416 0.3621 0.082 0.721 0.169 -0.6605 -0.1235 0.6693 -0.1145 -0.7178 0.1536 0.915 -0.1244 0.368 -0.1092
0.7285 -0.015 -0.5883 -0.3507 0.2498 -0.532 -0.8037 0.0927 0.7449 -0.306 -0.5922 -0.0286 0.348 0.2775 -0.7311 -0.517 0.6042 -0.1541 -0.7814 -0.0223 0.677 0.2572 -0.6793 0.1182 0.9276 -0.0416 0.3621 0.082 0.721 0.169 -0.6605 -0.1235 0.6693 -0.1145 -0.7178 0.1536 0.915 -0.1244 0.368 -0.1092
0.7285 -0.015 -0.5883 -0.3507 0.2498 -0.532 -0.8037 0.0927 0.7449 -0.306 -0.5922 -0.0286 0.348 0.2775 -0.7311 -0.517 0.6042 -0.1541 -0.7814 -0.0223 0.677 0.2572 -0.6793 0.1182 0.9276 -0.0416 0.3621 0.082 0.721 0.169 -0.6605 -0.1235 0.6693 -0.1145 -0.7178 0.1536 0.915 -0.1244 0.368 -0.1092
0.7285 -0.015 -0.5883 -0.3507 0.2782 -0.5043 -0.8124 0.0914 0.7449 -0.306 -0.5922 -0.0286 0.3543 0.2955 -0.7285 -0.5063 0.5897 -0.1263 -0.7962 -0.0488 0.677 0.2572 -0.6793 0.1182 0.9276 -0.0416 0.3621 0.082 0.7154 0.1789 -0.6668 -0.1075 0.7021 -0.0564 -0.7075 0.0574 0.915 -0.1244 0.368 -0.1092
0.7285 -0.015 -0.5883 -0.3507 0.2782 -0.5043 -0.8124 0.0914 0.7449 -0.306 -0.5922 -0.0286 0.3543 0.2955 -0.7285 -0.5063 0.5897 -0.1263 -0.7962 -0.0488 0.677 0.2572 -0.6793 0.1182 0.9276 -0.0416 0.3621 0.082 0.7154 0.1789 -0.6668 -0.1075 0.7021 -0.0564 -0.7075 0.0574 0.915 -0.1244 0.368 -0.1092
0.7502 0.0093 -0.5667 -0.3404 0.2782 -0.5043 -0.8124 0.0914 0.7471 -0.2834 -0.6006 -0.0247 0.3543 0.2955 -0.7285 -0.5063 0.5897 -0.1263 -0.7962 -0.0488 0.677 0.2572 -0.6793 0.1182 0.9276 -0.0416 0.3621 0.082 0.7154 0.1789 -0.6668 -0.1075 0.7021 -0.0564 -0.7075 0.0574 0.9295 -0.0963 0.34 -0.1055
0.7502 0.0093 -0.5667 -0.3404 0.2782 -0.5043 -0.8124 0.0914 0.7471 -0.2834 -0.6006 -0.0247 0.3543 0.2955 -0.7285 -0.5063 0.5897 -0.1263 -0.7962 -0.0488 0.7114 0.3053 -0.6301 0.0604 0.9276 -0.0416 0.3621 0.082 0.7154 0.1789 -0.6668 -0.1075 0.7021 -0.0564 -0.7075 0.0574 0.9295 -0.0963 0.34 -0.1055
0.7502 0.0093 -0.5667 -0.3404 0.2782 -0.5043 -0.8124 0.0914 0.7471 -0.2834 -0.6006 -0.0247 0.3543 0.2955 -0.7285 -0.5063 0.5897 -0.1263 -0.7962 -0.0488 0.7114 0.3053 -0.6301 0.0604 0.9001 -0.0088 0.4302 0.0679 0.7154 0.1789 -0.6668 -0.1075 0.7021 -0.0564 -0.7075 0.0574 0.9295 -0.0963 0.34 -0.1055
0.7502 0.0093 -0.5667 -0.3404 0.2782 -0.5043 -0.8124 0.0914 0.7471 -0.2834 -0.6006 -0.0247 0.356 0.3102 -0.7138 -0.5173 0.6154 -0.1205 -0.7785 -0.0262 0.7114 0.3053 -0.6301 0.0604 0.9001 -0.0088 0.4302 0.0679 0.7154 0.1789 -0.6668 -0.1075 0.7021 -0.0564 -0.7075 0.0574 0.9295 -0.0963 0.34 -0.1055
0.7502 0.0093 -0.5667 -0.3404 0.2782 -0.5043 -0.8124 0.0914 0.7471 -0.2834 -0.6006 -0.0247 0.356 0.3102 -0.7138 -0.5173 0.6154 -0.1205 -0.7785 -0.0262 0.7114 0.3053 -0.6301 0.0604 0.9001 -0.0088 0.4302 0.0679 0.7154 0.1789 -0.6668 -0.1075 0.7021 -0.0564 -0.7075 0.0574 0.9295 -0.0963 0.34 -0.1055
0.7502 0.0093 -0.5667 -0.3404 0.2782 -0.5043 -0.8124 0.0914 0.7471 -0.2834 -0.6006 -0.0247 0.356 0.3102 -0.7138 -0.5173 0.6154 -0.1205 -0.7785 -0.0262 0.7114 0.3053 -0.6301 0.0604 0.9001 -0.0088 0.4302 0.0679 0.7154 0.1789 -0.6668 -0.1075 0.7021 -0.0564 -0.7075 0.0574 0.9295 -0.0963 0.34 -0.1055
0.7502 0.0093 -0.5667 -0.3404 0.2782 -0.5043 -0.8124 0.0914 0.7471 -0.2834 -0.6006 -0.0247 0.356 0.3102 -0.7138 -0.5173 0.6154 -0.1205 -0.7785 -0.0262 0.7114 0.3053 -0.6301 0.0604 0.9001 -0.0088 0.4302 0.0679 0.7154 0.1789 -0.6668 -0.1075 0.7021 -0.0564 -0.7075 0.0574 0.9295 -0.0963 0.34 -0.1055
0.7414 0.0024 -0.5662 -0.3602 0.2782 -0.5043 -0.8124 0.0914 0.748 -0.2784 -0.5981 -0.0723 0.356 0.3102 -0.7138 -0.5173 0.6154 -0.1205 -0.7785 -0.0262 0.7189 0.283 -0.633 0.048 0.9001 -0.0088 0.4302 0.0679 0.7154 0.1789 -0.6668 -0.1075 0.7021 -0.0564 -0.7075 0.0574 0.929 -0.093 0.3428 -0.1037
0.7414 0.0024 -0.5662 -0.3602 0.2782 -0.5043 -0.8124 0.0914 0.748 -0.2784 -0.5981 -0.0723 0.356 0.3102 -0.7138 -0.5173 0.6154 -0.1205 -0.7785 -0.0262 0.7189 0.283 -0.633 0.048 0.9071 -0.0095 0.4199 0.0274 0.7154 0.1789 -0.6668 -0.1075 0.7021 -0.0564 -0.7075 0.0574 0.929 -0.093 0.3428 -0.1037
0.7414 0.0024 -0.5662 -0.3602 0.2782 -0.5043 -0.8124 0.0914 0.748 -0.2784 -0.5981 -0.0723 0.3263 0.2947 -0.7145 -0.5443 0.6154 -0.1205 -0.7785 -0.0262 0.7189 0.283 -0.633 0.048 0.9071 -0.0095 0.4199 0.0274 0.7154 0.1789 -0.6668 -0.1075 0.7021 -0.0564 -0.7075 0.0574 0.929 -0.093 0.3428 -0.1037
0.7414 0.0024 -0.5662 -0.3602 0.2782 -0.5043 -0.8124 0.0914 0.748 -0.2784 -0.5981 -0.0723 0.3263 0.2947 -0.7145 -0.5443 0.6154 -0.1205 -0.7785 -0.0262 0.7189 0.283 -0.633 0.048 0.9071 -0.0095 0.4199 0.0274 0.7154 0.1789 -0.6668 -0.1075 0.7021 -0.0564 -0.7075 0.0574 0.929 -0.093 0.3428 -0.1037
0.7414 0.0024 -0.5662 -0.3602 0.2782 -0.5043 -0.8124 0.0914 0.748 -0.2784 -0.5981 -0.0723 0.3263 0.2947 -0.7145 -0.5443 0.6154 -0.1205 -0.7785 -0.0262 0.7189 0.283 -0.633 0.048 0.9071 -0.0095 0.4199 0.0274 0.6903 0.1469 -0.7067 -0.0504 0.7021 -0.0564 -0.7075 0.0574 0.929 -0.093 0.3428 -0.1037
0.7414 0.0024 -0.5662 -0.3602 0.2782 -0.5043 -0.8124 0.0914 0.748 -0.2784 -0.5981 -0.0723 0.3263 0.2947 -0.7145 -0.5443 0.6154 -0.1205 -0.7785 -0.0262 0.7189 0.283 -0.633 0.048 0.9071 -0.0095 0.4199 0.0274 0.6903 0.1469 -0.7067 -0.0504 0.7021 -0.0564 -0.7075 0.0574 0.929 -0.093 0.3428 -0.1037
0.7382 -0.0177 -0.5563 -0.3812 0.2782 -0.5043 -0.8124 0.0914 0.748 -0.2784 -0.5981 -0.0723 0.3263 0.2947 -0.7145 -0.5443 0.6154 -0.1205 -0.7785 -0.0262 0.7189 0.283 -0.633 0.048 0.9071 -0.0095 0.4199 0.0274 0.6903 0.1469 -0.7067 -0.0504 0.7021 -0.0564 -0.7075 0.0574 0.9266 -0.0889 0.3511 -0.1006
0.7382 -0.0177 -0.5563 -0.3812 0.2782 -0.5043 -0.8124 0.0914 0.748 -0.2784 -0.5981 -0.0723 0.3263 0.2947 -0.7145 -0.5443 0.6154 -0.1205 -0.7785 -0.0262 0.7189 0.283 -0.633 0.048 0.9071 -0.0095 0.4199 0.0274 0.6903 0.1469 -0.7067 -0.0504 0.7021 -0.0564 -0.7075 0.0574 0.9266 -0.0889 0.3511 -0.1006
0.7382 -0.0177 -0.5563 -0.3812 0.2782 -0.5043 -0.8124 0.0914 0.748 -0.2784 -0.5981 -0.0723 0.3263 0.2947 -0.7145 -0.5443 0.6154 -0.1205 -0.7785 -0.0262 0.7 0.21 -0.6699 0.1306 0.9373 -0.0162 0.3438 0.0561 0.6903 0.1469 -0.7067 -0.0504 0.7021 -0.0564 -0.7075 0.0574 0.9266 -0.0889 0.3511 -0.1006
0.7382 -0.0177 -0.5563 -0.3812 0.2782 -0.5043 -0.8124 0.0914 0.748 -0.2784 -0.5981 -0.0723 0.3263 0.2947 -0.7145 -0.5443 0.6154 -0.1205 -0.7785 -0.0262 0.7 0.21 -0.6699 0.1306 0.9373 -0.0162 0.3438 0.0561 0.6903 0.1469 -0.7067 -0.0504 0.7021 -0.0564 -0.7075 0.0574 0.9266 -0.0889 0.3511 -0.1006
0.7382 -0.0177 -0.5563 -0.3812 0.2782 -0.5043 -0.8124 0.0914 0.748 -0.2784 -0.5981 -0.0723 0.3263 0.2947 -0.7145 -0.5443 0.6154 -0.1205 -0.7785 -0.0262 0.7 0.21 -0.6699 0.1306 0.9373 -0.0162 0.3438 0.0561 0.6903 0.1469 -0.7067 -0.0504 0.7021 -0.0564 -0.7075 0.0574 0.9266 -0.0889 0.3511 -0.1006
0.7382 -0.0177 -0.5563 -0.3812 0.2802 -0.5568 -0.7778 0.0808 0.748 -0.2784 -0.5981 -0.0723 0.286 0.2672 -0.7271 -0.5641 0.6594 -0.1449 -0.7368 0.0382 0.7 0.21 -0.6699 0.1306 0.9373 -0.0162 0.3438 0.0561 0.6903 0.1469 -0.7067 -0.0504 0.7021 -0.0564 -0.7075 0.0574 0.9266 -0.0889 0.3511 -0.1006
0.7382 -0.0177 -0.5563 -0.3812 0.2802 -0.5568 -0.7778 0.0808 0.748 -0.2784 -0.5981 -0.0723 0.286 0.2672 -0.7271 -0.5641 0.6594 -0.1449 -0.7368 0.0382 0.7 0.21 -0.6699 0.1306 0.9373 -0.0162 0.3438 0.0561 0.6903 0.1469 -0.7067 -0.0504 0.7021 -0.0564 -0.7075 0.0574 0.9266 -0.0889 0.3511 -0.1006
0.7245 -0.0457 -0.5643 -0.3931 0.2802 -0.5568 -0.7778 0.0808 0.7487 -0.3097 -0.5704 -0.1353 0.286 0.2672 -0.7271 -0.5641 0.6594 -0.1449 -0.7368 0.0382 0.7 0.21 -0.6699 0.1306 0.9373 -0.0162 0.3438 0.0561 0.6903 0.1469 -0.7067 -0.0504 0.7021 -0.0564 -0.7075 0.0574 0.9266 -0.0889 0.3511 -0.1006
0.7245 -0.0457 -0.5643 -0.3931 0.2802 -0.5568 -0.7778 0.0808 0.7487 -0.3097 -0.5704 -0.1353 0.286 0.2672 -0.7271 -0.5641 0.6594 -0.1449 -0.7368 0.0382 0.7 0.21 -0.6699 0.1306 0.9373 -0.0162 0.3438 0.0561 0.6903 0.1469 -0.7067 -0.0504 0.7021 -0.0564 -0.7075 0.0574 0.9266 -0.0889 0.3511 -0.1006
0.7245 -0.0457 -0.5643 -0.3931 0.2802 -0.5568 -0.7778 0.0808 0.7487 -0.3097 -0.5704 -0.1353 0.286 0.2672 -0.7271 -0.5641 0.6594 -0.1449 -0.7368 0.0382 0.6612 0.1669 -0.6974 0.2204 0.9373 -0.0162 0.3438 0.0561 0.6903 0.1469 -0.7067 -0.0504 0.7021 -0.0564 -0.7075 0.0574 0.9266 -0.0889 0.3511 -0.1006
0.7245 -0.0457 -0.5643 -0.3931 0.2802 -0.5568 -0.7778 0.0808 0.7487 -0.3097 -0.5704 -0.1353 0.286 0.2672 -0.7271 -0.5641 0.6594 -0.1449 -0.7368 0.0382 0.6612 0.1669 -0.6974 0.2204 0.9373 -0.0162 0.3438 0.0561 0.6903 0.1469 -0.7067 -0.0504 0.7021 -0.0564 -0.7075 0.0574 0.9266 -0.0889 0.3511 -0.1006
0.7245 -0.0457 -0.5643 -0.3931 0.2802 -0.5568 -0.7778 0.0808 0.7487 -0.3097 -0.5704 -0.1353 0.2775 0.2529 -0.7257 -0.5765 0.6546 -0.1627 -0.7369 0.0446 0.6612 0.1669 -0.6974 0.2204 0.9373 -0.0162 0.3438 0.0561 0.6903 0.1469 -0.7067 -0.0504 0.7021 -0.0564 -0.7075 0.0574 0.9266 -0.0889 0.3511 -0.1006
0.7245 -0.0457 -0.5643 -0.3931 0.2802 -0.5568 -0.7778 0.0808 0.7487 -0.3097 -0.5704 -0.1353 0.2775 0.2529 -0.7257 -0.5765 0.6546 -0.1627 -0.7369 0.0446 0.6612 0.1669 -0.6974 0.2204 0.9373 -0.0162 0.3438 0.0561 0.6903 0.1469 -0.7067 -0.0504 0.7021 -0.0564 -0.7075 0.0574 0.9266 -0.0889 0.3511 -0.1006
0.7245 -0.0457 -0.5643 -0.3931 0.2802 -0.5568 -0.7778 0.0808 0.7487 -0.3097 -0.5704 -0.1353 0.2775 0.2529 -0.7257 -0.5765 0.6546 -0.1627 -0.7369 0.0446 0.6612 0.1669 -0.6974 0.2204 0.9373 -0.0162 0.3438 0.0561 0.6903 0.1469 -0.7067 -0.0504 0.7021 -0.0564 -0.7075 0.0574 0.9266 -0.0889 0.3511 -0.1006
0.7245 -0.0457 -0.5643 -0.3931 0.2802 -0.5568 -0.7778 0.0808 0.7487 -0.3097 -0.5704 -0.1353 0.2775 0.2529 -0.7257 -0.5765 0.6546 -0.1627 -0.7369 0.0446 0.6612 0.1669 -0.6974 0.2204 0.9373 -0.0162 0.3438 0.0561 0.6903 0.1469 -0.7067 -0.0504 0.7021 -0.0564 -0.7075 0.0574 0.9266 -0.0889 0.3511 -0.1006
0.7335 -0.0421 -0.5804 -0.3513 0.2802 -0.5568 -0.7778 0.0808 0.7484 -0.3046 -0.5759 -0.1243 0.2775 0.2529 -0.7257 -0.5765 0.6546 -0.1627 -0.7369 0.0446 0.6612 0.1669 -0.6974 0.2204 0.9373 -0.0162 0.3438 0.0561 0.6903 0.1469 -0.7067 -0.0504 0.7021 -0.0564 -0.7075 0.0574 0.8112 -0.0762 0.5733 -0.087
0.7335 -0.0421 -0.5804 -0.3513 0.2802 -0.5568 -0.7778 0.0808 0.7484 -0.3046 -0.5759 -0.1243 0.2775 0.2529 -0.7257 -0.5765 0.6546 -0.1627 -0.7369 0.0446 0.6612 0.1669 -0.6974 0.2204 0.9373 -0.0162 0.3438 0.0561 0.6903 0.1469 -0.7067 -0.0504 0.7021 -0.0564 -0.7075 0.0574 0.8112 -0.0762 0.5733 -0.087
0.7335 -0.0421 -0.5804 -0.3513 0.2802 -0.5568 -0.7778 0.0808 0.7484 -0.3046 -0.5759 -0.1243 0.2775 0.2529 -0.7257 -0.5765 0.6546 -0.1627 -0.7369 0.0446 0.67 0.2205 -0.6868 0.1753 0.9406 -0.0473 0.327 0.079 0.6903 0.1469 -0.7067 -0.0504 0.7021 -0.0564 -0.7075 0.0574 0.8112 -0.0762 0.5733 -0.087
0.7335 -0.0421 -0.5804 -0.3513 0.2802 -0.5568 -0.7778 0.0808 0.7484 -0.3046 -0.5759 -0.1243 0.2775 0.2529 -0.7257 -0.5765 0.6546 -0.1627 -0.7369 0.0446 0.67 0.2205 -0.6868 0.1753 0.9406 -0.0473 0.327 0.079 0.6903 0.1469 -0.7067 -0.0504 0.7021 -0.0564 -0.7075 0.0574 0.8112 -0.0762 0.5733 -0.087
0.7335 -0.0421 -0.5804 -0.3513 0.2515 -0.5324 -0.8018 0.1022 0.7484 -0.3046 -0.5759 -0.1243 0.316 0.2608 -0.743 -0.5291 0.634 -0.1669 -0.7549 0.015 0.67 0.2205 -0.6868 0.1753 0.9406 -0.0473 0.327 0.079 0.6903 0.1469 -0.7067 -0.0504 0.7021 -0.0564 -0.7075 0.0574 0.8112 -0.0762 0.5733 -0.087
0.7335 -0.0421 -0.5804 -0.3513 0.2515 -0.5324 -0.8018 0.1022 0.7484 -0.3046 -0.5759 -0.1243 0.316 0.2608 -0.743 -0.5291 0.634 -0.1669 -0.7549 0.015 0.67 0.2205 -0.6868 0.1753 0.9406 -0.0473 0.327 0.079 0.6903 0.1469 -0.7067 -0.0504 0.7021 -0.0564 -0.7075 0.0574 0.8112 -0.0762 0.5733 -0.087
0.7345 -0.0411 -0.5911 -0.3308 0.2515 -0.5324 -0.8018 0.1022 0.7484 -0.3046 -0.5759 -0.1243 0.316 0.2608 -0.743 -0.5291 0.634 -0.1669 -0.7549 0.015 0.67 0.2205 -0.6868 0.1753 0.9406 -0.0473 0.327 0.079 0.6903 0.1469 -0.7067 -0.0504 0.7021 -0.0564 -0.7075 0.0574 0.847 -0.0956 0.5146 -0.0922
0.7345 -0.0411 -0.5911 -0.3308 0.2515 -0.5324 -0.8018 0.1022 0.7484 -0.3046 -0.5759 -0.1243 0.316 0.2608 -0.743 -0.5291 0.634 -0.1669 -0.7549 0.015 0.67 0.2205 -0.6868 0.1753 0.9406 -0.0473 0.327 0.079 0.6903 0.1469 -0.7067 -0.0504 0.7021 -0.0564 -0.7075 0.0574 0.847 -0.0956 0.5146 -0.0922
0.7345 -0.0411 -0.5911 -0.3308 0.2515 -0.5324 -0.8018 0.1022 0.7484 -0.3046 -0.5759 -0.1243 0.316 0.2608 -0.743 -0.5291 0.634 -0.1669 -0.7549 0.015 0.6785 0.2369 -0.6754 0.1653 0.9406 -0.0473 0.327 0.079 0.6903 0.1469 -0.7067 -0.0504 0.7021 -0.0564 -0.7075 0.0574 0.847 -0.0956 0.5146 -0.0922
0.7345 -0.0411 -0.5911 -0.3308 0.2515 -0.5324 -0.8018 0.1022 0.7484 -0.3046 -0.5759 -0.1243 0.3281 0.2537 -0.7613 -0.4984 0.634 -0.1669 -0.7549 0.015 0.6785 0.2369 -0.6754 0.1653 0.9406 -0.0473 0.327 0.079 0.6903 0.1469 -0.7067 -0.0504 0.7021 -0.0564 -0.7075 0.0574 0.847 -0.0956 0.5146 -0.0922
0.7345 -0.0411 -0.5911 -0.3308 0.2515 -0.5324 -0.8018 0.1022 0.7484 -0.3046 -0.5759 -0.1243 0.3281 0.2537 -0.7613 -0.4984 0.634 -0.1669 -0.7549 0.015 0.6785 0.2369 -0.6754 0.1653 0.9406 -0.0473 0.327 0.079 0.6903 0.1469 -0.7067 -0.0504 0.7021 -0.0564 -0.7075 0.0574 0.847 -0.0956 0.5146 -0.0922
0.7345 -0.0411 -0.5911 -0.3308 0.2429 -0.4966 -0.8272 0.1005 0.7484 -0.3046 -0.5759 -0.1243 0.3281 0.2537 -0.7613 -0.4984 0.6088 -0.1214 -0.784 -1.0E-4 0.6785 0.2369 -0.6754 0.1653 0.9406 -0.0473 0.327 0.079 0.6903 0.1469 -0.7067 -0.0504 0.6901 -0.0749 -0.7138 0.0924 0.847 -0.0956 0.5146 -0.0922
0.7345 -0.0411 -0.5911 -0.3308 0.2429 -0.4966 -0.8272 0.1005 0.7484 -0.3046 -0.5759 -0.1243 0.3281 0.2537 -0.7613 -0.4984 0.6088 -0.1214 -0.784 -1.0E-4 0.6785 0.2369 -0.6754 0.1653 0.9406 -0.0473 0.327 0.079 0.6903 0.1469 -0.7067 -0.0504 0.6901 -0.0749 -0.7138 0.0924 0.847 -0.0956 0.5146 -0.0922
0.748 -0.002 -0.5868 -0.3101 0.2429 -0.4966 -0.8272 0.1005 0.7484 -0.3046 -0.5759 -0.1243 0.3281 0.2537 -0.7613 -0.4984 0.6088 -0.1214 -0.784 -1.0E-4 0.6785 0.2369 -0.6754 0.1653 0.9406 -0.0473 0.327 0.079 0.6903 0.1469 -0.7067 -0.0504 0.6901 -0.0749 -0.7138 0.0924 0.847 -0.0956 0.5146 -0.0922
0.748 -0.002 -0.5868 -0.3101 0.2429 -0.4966 -0.8272 0.1005 0.7434 -0.2988 -0.5963 -0.051 0.3281 0.2537 -0.7613 -0.4984 0.6088 -0.1214 -0.784 -1.0E-4 0.6785 0.2369 -0.6754 0.1653 0.9406 -0.0473 0.327 0.079 0.6903 0.1469 -0.7067 -0.0504 0.6901 -0.0749 -0.7138 0.0924 0.847 -0.0956 0.5146 -0.0922
0.748 -0.002 -0.5868 -0.3101 0.2429 -0.4966 -0.8272 0.1005 0.7434 -0.2988 -0.5963 -0.051 0.3281 0.2537 -0.7613 -0.4984 0.6088 -0.1214 -0.784 -1.0E-4 0.6948 0.2601 -0.6565 0.1364 0.9338 -0.0452 0.3453 0.0817 0.6903 0.1469 -0.7067 -0.0504 0.6901 -0.0749 -0.7138 0.0924 0.847 -0.0956 0.5146 -0.0922
0.748 -0.002 -0.5868 -0.3101 0.2429 -0.4966 -0.8272 0.1005 0.7434 -0.2988 -0.5963 -0.051 0.3222 0.2946 -0.7502 -0.4966 0.6088 -0.1214 -0.784 -1.0E-4 0.6948 0.2601 -0.6565 0.1364 0.9338 -0.0452 0.3453 0.0817 0.6903 0.1469 -0.7067 -0.0504 0.6901 -0.0749 -0.7138 0.0924 0.847 -0.0956 0.5146 -0.0922
0.748 -0.002 -0.5868 -0.3101 0.2429 -0.4966 -0.8272 0.1005 0.7434 -0.2988 -0.5963 -0.051 0.3222 0.2946 -0.7502 -0.4966 0.6088 -0.1214 -0.784 -1.0E-4 0.6948 0.2601 -0.6565 0.1364 0.9338 -0.0452 0.3453 0.0817 0.6903 0.1469 -0.7067 -0.0504 0.6901 -0.0749 -0.7138 0.0924 0.847 -0.0956 0.5146 -0.0922
0.748 -0.002 -0.5868 -0.3101 0.2429 -0.4966 -0.8272 0.1005 0.7434 -0.2988 -0.5963 -0.051 0.3222 0.2946 -0.7502 -0.4966 0.6088 -0.1214 -0.784 -1.0E-4 0.6948 0.2601 -0.6565 0.1364 0.9338 -0.0452 0.3453 0.0817 0.6903 0.1469 -0.7067 -0.0504 0.6901 -0.0749 -0.7138 0.0924 0.847 -0.0956 0.5146 -0.0922
0.748 -0.002 -0.5868 -0.3101 0.2634 -0.4629 -0.8365 0.1292 0.7434 -0.2988 -0.5963 -0.051 0.3222 0.2946 -0.7502 -0.4966 0.6121 -0.1155 -0.7822 -0.0121 0.6948 0.2601 -0.6565 0.1364 0.9338 -0.0452 0.3453 0.0817 0.6903 0.1469 -0.7067 -0.0504 0.6901 -0.0749 -0.7138 0.0924 0.847 -0.0956 0.5146 -0.0922
0.748 -0.002 -0.5868 -0.3101 0.2634 -0.4629 -0.8365 0.1292 0.7434 -0.2988 -0.5963 -0.051 0.3222 0.2946 -0.7502 -0.4966 0.6121 -0.1155 -0.7822 -0.0121 0.6948 0.2601 -0.6565 0.1364 0.9338 -0.0452 0.3453 0.0817 0.6903 0.1469 -0.7067 -0.0504 0.6901 -0.0749 -0.7138 0.0924 0.847 -0.0956 0.5146 -0.0922
0.7739 0.0015 -0.564 -0.2878 0.2634 -0.4629 -0.8365 0.1292 0.7401 -0.261 -0.6173 -0.0563 0.3222 0.2946 -0.7502 -0.4966 0.6121 -0.1155 -0.7822 -0.0121 0.6948 0.2601 -0.6565 0.1364 0.9338 -0.0452 0.3453 0.0817 0.6903 0.1469 -0.7067 -0.0504 0.6901 -0.0749 -0.7138 0.0924 0.925 -0.0894 0.351 -0.1145
0.7739 0.0015 -0.564 -0.2878 0.2634 -0.4629 -0.8365 0.1292 0.7401 -0.261 -0.6173 -0.0563 0.3222 0.2946 -0.7502 -0.4966 0.6121 -0.1155 -0.7822 -0.0121 0.7198 0.3133 -0.6155 0.0693 0.9338 -0.0452 0.3453 0.0817 0.6903 0.1469 -0.7067 -0.0504 0.6901 -0.0749 -0.7138 0.0924 0.925 -0.0894 0.351 -0.1145
0.7739 0.0015 -0.564 -0.2878 0.2634 -0.4629 -0.8365 0.1292 0.7401 -0.261 -0.6173 -0.0563 0.3175 0.3146 -0.734 -0.5113 0.6121 -0.1155 -0.7822 -0.0121 0.7198 0.3133 -0.6155 0.0693 0.8905 -0.0322 0.4489 0.0669 0.6903 0.1469 -0.7067 -0.0504 0.6901 -0.0749 -0.7138 0.0924 0.925 -0.0894 0.351 -0.1145
0.7739 0.0015 -0.564 -0.2878 0.2634 -0.4629 -0.8365 0.1292 0.7401 -0.261 -0.6173 -0.0563 0.3175 0.3146 -0.734 -0.5113 0.6121 -0.1155 -0.7822 -0.0121 0.7198 0.3133 -0.6155 0.0693 0.8905 -0.0322 0.4489 0.0669 0.6903 0.1469 -0.7067 -0.0504 0.6901 -0.0749 -0.7138 0.0924 0.925 -0.0894 0.351 -0.1145
0.7739 0.0015 -0.564 -0.2878 0.2634 -0.4629 -0.8365 0.1292 0.7401 -0.261 -0.6173 -0.0563 0.3175 0.3146 -0.734 -0.5113 0.6415 -0.1206 -0.7576 -0.0026 0.7198 0.3133 -0.6155 0.0693 0.8905 -0.0322 0.4489 0.0669 0.6903 0.1469 -0.7067 -0.0504 0.6901 -0.0749 -0.7138 0.0924 0.925 -0.0894 0.351 -0.1145
0.7739 0.0015 -0.564 -0.2878 0.2634 -0.4629 -0.8365 0.1292 0.7401 -0.261 -0.6173 -0.0563 0.3175 0.3146 -0.734 -0.5113 0.6415 -0.1206 -0.7576 -0.0026 0.7198 0.3133 -0.6155 0.0693 0.8905 -0.0322 0.4489 0.0669 0.6903 0.1469 -0.7067 -0.0504 0.6901 -0.0749 -0.7138 0.0924 0.925 -0.0894 0.351 -0.1145
0.7739 0.0015 -0.564 -0.2878 0.2634 -0.4629 -0.8365 0.1292 0.7401 -0.261 -0.6173 -0.0563 0.3175 0.3146 -0.734 -0.5113 0.6415 -0.1206 -0.7576 -0.0026 0.7198 0.3133 -0.6155 0.0693 0.8905 -0.0322 0.4489 0.0669 0.6903 0.1469 -0.7067 -0.0504 0.6901 -0.0749 -0.7138 0.0924 0.925 -0.0894 0.351 -0.1145
0.7739 0.0015 -0.564 -0.2878 0.2634 -0.4629 -0.8365 0.1292 0.7401 -0.261 -0.6173 -0.0563 0.3175 0.3146 -0.734 -0.5113 0.6415 -0.1206 -0.7576 -0.0026 0.7223 0.2862 -0.6238 0.0856 0.8905 -0.0322 0.4489 0.0669 0.6903 0.1469 -0.7067 -0.0504 0.6901 -0.0749 -0.7138 0.0924 0.925 -0.0894 0.351 -0.1145
0.7739 0.0015 -0.564 -0.2878 0.2634 -0.4629 -0.8365 0.1292 0.7401 -0.261 -0.6173 -0.0563 0.3175 0.3146 -0.734 -0.5113 0.6415 -0.1206 -0.7576 -0.0026 0.7223 0.2862 -0.6238 0.0856 0.9036 -0.0336 0.4225 0.0625 0.6903 0.1469 -0.7067 -0.0504 0.6901 -0.0749 -0.7138 0.0924 0.925 -0.0894 0.351 -0.1145
0.7739 0.0015 -0.564 -0.2878 0.2634 -0.4629 -0.8365 0.1292 0.7401 -0.261 -0.6173 -0.0563 0.2926 0.3055 -0.7231 -0.546 0.6415 -0.1206 -0.7576 -0.0026 0.7223 0.2862 -0.6238 0.0856 0.9036 -0.0336 0.4225 0.0625 0.6903 0.1469 -0.7067 -0.0504 0.6901 -0.0749 -0.7138 0.0924 0.925 -0.0894 0.351 -0.1145
0.7739 0.0015 -0.564 -0.2878 0.2634 -0.4629 -0.8365 0.1292 0.7401 -0.261 -0.6173 -0.0563 0.2926 0.3055 -0.7231 -0.546 0.6415 -0.1206 -0.7576 -0.0026 0.7223 0.2862 -0.6238 0.0856 0.9036 -0.0336 0.4225 0.0625 0.6903 0.1469 -0.7067 -0.0504 0.6901 -0.0749 -0.7138 0.0924 0.925 -0.0894 0.351 -0.1145
0.7739 0.0015 -0.564 -0.2878 0.2634 -0.4629 -0.8365 0.1292 0.7401 -0.261 -0.6173 -0.0563 0.2926 0.3055 -0.7231 -0.546 0.6415 -0.1206 -0.7576 -0.0026 0.7223 0.2862 -0.6238 0.0856 0.9036 -0.0336 0.4225 0.0625 0.6903 0.1469 -0.7067 -0.0504 0.6901 -0.0749 -0.7138 0.0924 0.925 -0.0894 0.351 -0.1145
0.7739 0.0015 -0.564 -0.2878 0.2634 -0.4629 -0.8365 0.1292 0.7401 -0.261 -0.6173 -0.0563 0.2926 0.3055 -0.7231 -0.546 0.6415 -0.1206 -0.7576 -0.0026 0.7223 0.2862 -0.6238 0.0856 0.9036 -0.0336 0.4225 0.0625 0.6903 0.1469 -0.7067 -0.0504 0.6901 -0.0749 -0.7138 0.0924 0.925 -0.0894 0.351 -0.1145
0.7739 0.0015 -0.564 -0.2878 0.2634 -0.4629 -0.8365 0.1292 0.7401 -0.261 -0.6173 -0.0563 0.2926 0.3055 -0.7231 -0.546 0.6415 -0.1206 -0.7576 -0.0026 0.7223 0.2862 -0.6238 0.0856 0.9036 -0.0336 0.4225 0.0625 0.6903 0.1469 -0.7067 -0.0504 0.6901 -0.0749 -0.7138 0.0924 0.925 -0.0894 0.351 -0.1145
0.7601 -0.0233 -0.5602 -0.3284 0.2634 -0.4629 -0.8365 0.1292 0.7599 -0.2564 -0.5855 -0.1183 0.2926 0.3055 -0.7231 -0.546 0.6415 -0.1206 -0.7576 -0.0026 0.7223 0.2862 -0.6238 0.0856 0.9036 -0.0336 0.4225 0.0625 0.6903 0.1469 -0.7067 -0.0504 0.6901 -0.0749 -0.7138 0.0924 0.92 -0.0923 0.3621 -0.118
0.7601 -0.0233 -0.5602 -0.3284 0.2634 -0.4629 -0.8365 0.1292 0.7599 -0.2564 -0.5855 -0.1183 0.2926 0.3055 -0.7231 -0.546 0.6415 -0.1206 -0.7576 -0.0026 0.6929 0.2062 -0.6722 0.1595 0.9036 -0.0336 0.4225 0.0625 0.6903 0.1469 -0.7067 -0.0504 0.6901 -0.0749 -0.7138 0.0924 0.92 -0.0923 0.3621 -0.118
0.7601 -0.0233 -0.5602 -0.3284 0.2634 -0.4629 -0.8365 0.1292 0.7599 -0.2564 -0.5855 -0.1183 0.2926 0.3055 -0.7231 -0.546 0.6415 -0.1206 -0.7576 -0.0026 0.6929 0.2062 -0.6722 0.1595 0.9258 -0.0231 0.3666 0.0896 0.6903 0.1469 -0.7067 -0.0504 0.6901 -0.0749 -0.7138 0.0924 0.92 -0.0923 0.3621 -0.118
0.7601 -0.0233 -0.5602 -0.3284 0.2634 -0.4629 -0.8365 0.1292 0.7599 -0.2564 -0.5855 -0.1183 0.2758 0.2884 -0.7173 -0.5712 0.6611 -0.1359 -0.7356 0.0572 0.6929 0.2062 -0.6722 0.1595 0.9258 -0.0231 0.3666 0.0896 0.6903 0.1469 -0.7067 -0.0504 0.6901 -0.0749 -0.7138 0.0924 0.92 -0.0923 0.3621 -0.118
0.7601 -0.0233 -0.5602 -0.3284 0.2634 -0.4629 -0.8365 0.1292 0.7599 -0.2564 -0.5855 -0.1183 0.2758 0.2884 -0.7173 -0.5712 0.6611 -0.1359 -0.7356 0.0572 0.6929 0.2062 -0.6722 0.1595 0.9258 -0.0231 0.3666 0.0896 0.6903 0.1469 -0.7067 -0.0504 0.6901 -0.0749 -0.7138 0.0924 0.92 -0.0923 0.3621 -0.118
0.7601 -0.0233 -0.5602 -0.3284 0.2634 -0.4629 -0.8365 0.1292 0.7599 -0.2564 -0.5855 -0.1183 0.2758 0.2884 -0.7173 -0.5712 0.6611 -0.1359 -0.7356 0.0572 0.6929 0.2062 -0.6722 0.1595 0.9258 -0.0231 0.3666 0.0896 0.6903 0.1469 -0.7067 -0.0504 0.6901 -0.0749 -0.7138 0.0924 0.92 -0.0923 0.3621 -0.118
0.7601 -0.0233 -0.5602 -0.3284 0.2634 -0.4629 -0.8365 0.1292 0.7672 -0.2742 -0.5659 -0.1263 0.2758 0.2884 -0.7173 -0.5712 0.6611 -0.1359 -0.7356 0.0572 0.6929 0.2062 -0.6722 0.1595 0.9258 -0.0231 0.3666 0.0896 0.6903 0.1469 -0.7067 -0.0504 0.6901 -0.0749 -0.7138 0.0924 0.92 -0.0923 0.3621 -0.118
0.7601 -0.0233 -0.5602 -0.3284 0.2634 -0.4629 -0.8365 0.1292 0.7672 -0.2742 -0.5659 -0.1263 0.2758 0.2884 -0.7173 -0.5712 0.6611 -0.1359 -0.7356 0.0572 0.6929 0.2062 -0.6722 0.1595 0.9258 -0.0231 0.3666 0.0896 0.6903 0.1469 -0.7067 -0.0504 0.6901 -0.0749 -0.7138 0.0924 0.92 -0.0923 0.3621 -0.118
0.7601 -0.0233 -0.5602 -0.3284 0.2634 -0.4629 -0.8365 0.1292 0.7672 -0.2742 -0.5659 -0.1263 0.2758 0.2884 -0.7173 -0.5712 0.6611 -0.1359 -0.7356 0.0572 0.665 0.1686 -0.7021 0.1905 0.9386 -0.0535 0.3296 0.0867 0.6903 0.1469 -0.7067 -0.0504 0.6901 -0.0749 -0.7138 0.0924 0.92 -0.0923 0.3621 -0.118
0.7601 -0.0233 -0.5602 -0.3284 0.2634 -0.4629 -0.8365 0.1292 0.7672 -0.2742 -0.5659 -0.1263 0.2758 0.2884 -0.7173 -0.5712 0.6611 -0.1359 -0.7356 0.0572 0.665 0.1686 -0.7021 0.1905 0.9386 -0.0535 0.3296 0.0867 0.6903 0.1469 -0.7067 -0.0504 0.6901 -0.0749 -0.7138 0.0924 0.92 -0.0923 0.3621 -0.118
0.7601 -0.0233 -0.5602 -0.3284 0.2634 -0.4629 -0.8365 0.1292 0.7672 -0.2742 -0.5659 -0.1263 0.294 0.2687 -0.7156 -0.5737 0.65 -0.1572 -0.7416 0.0536 0.665 0.1686 -0.7021 0.1905 0.9386 -0.0535 0.3296 0.0867 0.6903 0.1469 -0.7067 -0.0504 0.6901 -0.0749 -0.7138 0.0924 0.92 -0.0923 0.3621 -0.118
0.7601 -0.0233 -0.5602 -0.3284 0.2634 -0.4629 -0.8365 0.1292 0.7672 -0.2742 -0.5659 -0.1263 0.294 0.2687 -0.7156 -0.5737 0.65 -0.1572 -0.7416 0.0536 0.665 0.1686 -0.7021 0.1905 0.9386 -0.0535 0.3296 0.0867 0.6903 0.1469 -0.7067 -0.0504 0.6901 -0.0749 -0.7138 0.0924 0.92 -0.0923 0.3621 -0.118
0.7601 -0.0233 -0.5602 -0.3284 0.2634 -0.4629 -0.8365 0.1292 0.7672 -0.2742 -0.5659 -0.1263 0.294 0.2687 -0.7156 -0.5737 0.65 -0.1572 -0.7416 0.0536 0.665 0.1686 -0.7021 0.1905 0.9386 -0.0535 0.3296 0.0867 0.6903 0.1469 -0.7067 -0.0504 0.6901 -0.0749 -0.7138 0.0924 0.92 -0.0923 0.3621 -0.118
0.7601 -0.0233 -0.5602 -0.3284 0.2634 -0.4629 -0.8365 0.1292 0.7672 -0.2742 -0.5659 -0.1263 0.294 0.2687 -0.7156 -0.5737 0.65 -0.1572 -0.7416 0.0536 0.665 0.1686 -0.7021 0.1905 0.9386 -0.0535 0.3296 0.0867 0.6903 0.1469 -0.7067 -0.0504 0.6901 -0.0749 -0.7138 0.0924 0.92 -0.0923 0.3621 -0.118
0.7454 -0.0288 -0.5847 -0.3189 0.2634 -0.4629 -0.8365 0.1292 0.7622 -0.2829 -0.5737 -0.0993 0.294 0.2687 -0.7156 -0.5737 0.65 -0.1572 -0.7416 0.0536 0.665 0.1686 -0.7021 0.1905 0.9386 -0.0535 0.3296 0.0867 0.6903 0.1469 -0.7067 -0.0504 0.6901 -0.0749 -0.7138 0.0924 0.8323 -0.1212 0.5287 -0.1141
0.7454 -0.0288 -0.5847 -0.3189 0.2634 -0.4629 -0.8365 0.1292 0.7622 -0.2829 -0.5737 -0.0993 0.294 0.2687 -0.7156 -0.5737 0.65 -0.1572 -0.7416 0.0536 0.665 0.1686 -0.7021 0.1905 0.9386 -0.0535 0.3296 0.0867 0.6903 0.1469 -0.7067 -0.0504 0.6901 -0.0749 -0.7138 0.0924 0.8323 -0.1212 0.5287 -0.1141
0.7454 -0.0288 -0.5847 -0.3189 0.2634 -0.4629 -0.8365 0.1292 0.7622 -0.2829 -0.5737 -0.0993 0.3335 0.2669 -0.7357 -0.5257 0.65 -0.1572 -0.7416 0.0536 0.665 0.1686 -0.7021 0.1905 0.9403 -0.0484 0.3253 0.0875 0.6903 0.1469 -0.7067 -0.0504 0.6901 -0.0749 -0.7138 0.0924 0.8323 -0.1212 0.5287 -0.1141
0.7454 -0.0288 -0.5847 -0.3189 0.2634 -0.4629 -0.8365 0.1292 0.7622 -0.2829 -0.5737 -0.0993 0.3335 0.2669 -0.7357 -0.5257 0.6271 -0.1472 -0.7645 0.0242 0.665 0.1686 -0.7021 0.1905 0.9403 -0.0484 0.3253 0.0875 0.6903 0.1469 -0.7067 -0.0504 0.6901 -0.0749 -0.7138 0.0924 0.8323 -0.1212 0.5287 -0.1141
0.7454 -0.0288 -0.5847 -0.3189 0.2634 -0.4629 -0.8365 0.1292 0.7622 -0.2829 -0.5737 -0.0993 0.3335 0.2669 -0.7357 -0.5257 0.6271 -0.1472 -0.7645 0.0242 0.665 0.1686 -0.7021 0.1905 0.9403 -0.0484 0.3253 0.0875 0.6903 0.1469 -0.7067 -0.0504 0.6257 -0.1934 -0.7177 0.2368 0.8323 -0.1212 0.5287 -0.1141
0.7454 -0.0288 -0.5847 -0.3189 0.2634 -0.4629 -0.8365 0.1292 0.7622 -0.2829 -0.5737 -0.0993 0.3335 0.2669 -0.7357 -0.5257 0.6271 -0.1472 -0.7645 0.0242 0.665 0.1686 -0.7021 0.1905 0.9403 -0.0484 0.3253 0.0875 0.6903 0.1469 -0.7067 -0.0504 0.6257 -0.1934 -0.7177 0.2368 0.8323 -0.1212 0.5287 -0.1141
0.7454 -0.0288 -0.5847 -0.3189 0.2634 -0.4629 -0.8365 0.1292 0.7622 -0.2829 -0.5737 -0.0993 0.3335 0.2669 -0.7357 -0.5257 0.6271 -0.1472 -0.7645 0.0242 0.665 0.1686 -0.7021 0.1905 0.9403 -0.0484 0.3253 0.0875 0.6903 0.1469 -0.7067 -0.0504 0.6257 -0.1934 -0.7177 0.2368 0.8256 -0.1185 0.5438 -0.0933
0.7454 -0.0288 -0.5847 -0.3189 0.2634 -0.4629 -0.8365 0.1292 0.7622 -0.2829 -0.5737 -0.0993 0.3335 0.2669 -0.7357 -0.5257 0.6271 -0.1472 -0.7645 0.0242 0.665 0.1686 -0.7021 0.1905 0.9403 -0.0484 0.3253 0.0875 0.6903 0.1469 -0.7067 -0.0504 0.6257 -0.1934 -0.7177 0.2368 0.8256 -0.1185 0.5438 -0.0933
0.7454 -0.0288 -0.5847 -0.3189 0.2634 -0.4629 -0.8365 0.1292 0.7622 -0.2829 -0.5737 -0.0993 0.3335 0.2669 -0.7357 -0.5257 0.6271 -0.1472 -0.7645 0.0242 0.6754 0.2192 -0.6826 0.1733 0.939 -0.0443 0.3284 0.0915 0.6903 0.1469 -0.7067 -0.0504 0.6257 -0.1934 -0.7177 0.2368 0.8256 -0.1185 0.5438 -0.0933
0.7454 -0.0288 -0.5847 -0.3189 0.2634 -0.4629 -0.8365 0.1292 0.7622 -0.2829 -0.5737 -0.0993 0.34 0.2592 -0.7538 -0.4991 0.6271 -0.1472 -0.7645 0.0242 0.6754 0.2192 -0.6826 0.1733 0.939 -0.0443 0.3284 0.0915 0.6903 0.1469 -0.7067 -0.0504 0.6257 -0.1934 -0.7177 0.2368 0.8256 -0.1185 0.5438 -0.0933
0.7454 -0.0288 -0.5847 -0.3189 0.2634 -0.4629 -0.8365 0.1292 0.7622 -0.2829 -0.5737 -0.0993 0.34 0.2592 -0.7538 -0.4991 0.6003 -0.1237 -0.79 -0.0132 0.6754 0.2192 -0.6826 0.1733 0.939 -0.0443 0.3284 0.0915 0.6903 0.1469 -0.7067 -0.0504 0.6257 -0.1934 -0.7177 0.2368 0.8256 -0.1185 0.5438 -0.0933
0.7454 -0.0288 -0.5847 -0.3189 0.2634 -0.4629 -0.8365 0.1292 0.7622 -0.2829 -0.5737 -0.0993 0.34 0.2592 -0.7538 -0.4991 0.6003 -0.1237 -0.79 -0.0132 0.6754 0.2192 -0.6826 0.1733 0.939 -0.0443 0.3284 0.0915 0.6903 0.1469 -0.7067 -0.0504 0.6257 -0.1934 -0.7177 0.2368 0.8256 -0.1185 0.5438 -0.0933
0.7454 -0.0288 -0.5847 -0.3189 0.2634 -0.4629 -0.8365 0.1292 0.7622 -0.2829 -0.5737 -0.0993 0.34 0.2592 -0.7538 -0.4991 0.6003 -0.1237 -0.79 -0.0132 0.6754 0.2192 -0.6826 0.1733 0.939 -0.0443 0.3284 0.0915 0.709 0.1549 -0.6834 -0.0793 0.6937 -0.0745 -0.7054 0.1246 0.8256 -0.1185 0.5438 -0.0933
0.7454 -0.0288 -0.5847 -0.3189 0.2634 -0.4629 -0.8365 0.1292 0.7622 -0.2829 -0.5737 -0.0993 0.34 0.2592 -0.7538 -0.4991 0.6003 -0.1237 -0.79 -0.0132 0.6754 0.2192 -0.6826 0.1733 0.939 -0.0443 0.3284 0.0915 0.709 0.1549 -0.6834 -0.0793 0.6937 -0.0745 -0.7054 0.1246 0.8256 -0.1185 0.5438 -0.0933
0.755 0.0176 -0.5876 -0.2904 0.2634 -0.4629 -0.8365 0.1292 0.7622 -0.2829 -0.5737 -0.0993 0.34 0.2592 -0.7538 -0.4991 0.6003 -0.1237 -0.79 -0.0132 0.6964 0.2455 -0.6591 0.1428 0.939 -0.0443 0.3284 0.0915 0.709 0.1549 -0.6834 -0.0793 0.6937 -0.0745 -0.7054 0.1246 0.918 -0.1263 0.3493 -0.139
0.755 0.0176 -0.5876 -0.2904 0.2634 -0.4629 -0.8365 0.1292 0.7622 -0.2829 -0.5737 -0.0993 0.34 0.2592 -0.7538 -0.4991 0.6003 -0.1237 -0.79 -0.0132 0.6964 0.2455 -0.6591 0.1428 0.939 -0.0443 0.3284 0.0915 0.709 0.1549 -0.6834 -0.0793 0.6937 -0.0745 -0.7054 0.1246 0.918 -0.1263 0.3493 -0.139
0.755 0.0176 -0.5876 -0.2904 0.2634 -0.4629 -0.8365 0.1292 0.7622 -0.2829 -0.5737 -0.0993 0.34 0.2592 -0.7538 -0.4991 0.6003 -0.1237 -0.79 -0.0132 0.6964 0.2455 -0.6591 0.1428 0.9359 -0.0454 0.3394 0.0825 0.709 0.1549 -0.6834 -0.0793 0.6937 -0.0745 -0.7054 0.1246 0.918 -0.1263 0.3493 -0.139
0.755 0.0176 -0.5876 -0.2904 0.2634 -0.4629 -0.8365 0.1292 0.7622 -0.2829 -0.5737 -0.0993 0.3254 0.2901 -0.7581 -0.485 0.6003 -0.1237 -0.79 -0.0132 0.6964 0.2455 -0.6591 0.1428 0.9359 -0.0454 0.3394 0.0825 0.709 0.1549 -0.6834 -0.0793 0.6937 -0.0745 -0.7054 0.1246 0.918 -0.1263 0.3493 -0.139
0.755 0.0176 -0.5876 -0.2904 0.2634 -0.4629 -0.8365 0.1292 0.7622 -0.2829 -0.5737 -0.0993 0.3254 0.2901 -0.7581 -0.485 0.6003 -0.1237 -0.79 -0.0132 0.6964 0.2455 -0.6591 0.1428 0.9359 -0.0454 0.3394 0.0825 0.709 0.1549 -0.6834 -0.0793 0.6937 -0.0745 -0.7054 0.1246 0.918 -0.1263 0.3493 -0.139
0.755 0.0176 -0.5876 -0.2904 0.254 -0.4589 -0.8412 0.1313 0.7622 -0.2829 -0.5737 -0.0993 0.3254 0.2901 -0.7581 -0.485 0.6108 -0.118 -0.7827 -0.0195 0.6964 0.2455 -0.6591 0.1428 0.9359 -0.0454 0.3394 0.0825 0.7111 0.1667 -0.6747 -0.1063 0.7109 -0.0587 -0.6984 0.0587 0.918 -0.1263 0.3493 -0.139
0.755 0.0176 -0.5876 -0.2904 0.254 -0.4589 -0.8412 0.1313 0.7622 -0.2829 -0.5737 -0.0993 0.3254 0.2901 -0.7581 -0.485 0.6108 -0.118 -0.7827 -0.0195 0.6964 0.2455 -0.6591 0.1428 0.9359 -0.0454 0.3394 0.0825 0.7111 0.1667 -0.6747 -0.1063 0.7109 -0.0587 -0.6984 0.0587 0.918 -0.1263 0.3493 -0.139
0.755 0.0176 -0.5876 -0.2904 0.254 -0.4589 -0.8412 0.1313 0.7393 -0.2803 -0.6106 -0.0451 0.3254 0.2901 -0.7581 -0.485 0.6108 -0.118 -0.7827 -0.0195 0.7312 0.3016 -0.6082 0.0678 0.9359 -0.0454 0.3394 0.0825 0.7111 0.1667 -0.6747 -0.1063 0.7109 -0.0587 -0.6984 0.0587 0.9257 -0.085 0.3483 -0.1207
0.755 0.0176 -0.5876 -0.2904 0.254 -0.4589 -0.8412 0.1313 0.7393 -0.2803 -0.6106 -0.0451 0.3254 0.2901 -0.7581 -0.485 0.6108 -0.118 -0.7827 -0.0195 0.7312 0.3016 -0.6082 0.0678 0.9359 -0.0454 0.3394 0.0825 0.7111 0.1667 -0.6747 -0.1063 0.7109 -0.0587 -0.6984 0.0587 0.9257 -0.085 0.3483 -0.1207
0.755 0.0176 -0.5876 -0.2904 0.254 -0.4589 -0.8412 0.1313 0.7393 -0.2803 -0.6106 -0.0451 0.3254 0.2901 -0.7581 -0.485 0.6108 -0.118 -0.7827 -0.0195 0.7312 0.3016 -0.6082 0.0678 0.8985 -0.0257 0.4329 0.0682 0.7111 0.1667 -0.6747 -0.1063 0.7109 -0.0587 -0.6984 0.0587 0.9257 -0.085 0.3483 -0.1207
0.755 0.0176 -0.5876 -0.2904 0.254 -0.4589 -0.8412 0.1313 0.7393 -0.2803 -0.6106 -0.0451 0.3112 0.31 -0.7411 -0.5078 0.6108 -0.118 -0.7827 -0.0195 0.7312 0.3016 -0.6082 0.0678 0.8985 -0.0257 0.4329 0.0682 0.7111 0.1667 -0.6747 -0.1063 0.7109 -0.0587 -0.6984 0.0587 0.9257 -0.085 0.3483 -0.1207
0.755 0.0176 -0.5876 -0.2904 0.254 -0.4589 -0.8412 0.1313 0.7393 -0.2803 -0.6106 -0.0451 0.3112 0.31 -0.7411 -0.5078 0.6559 -0.1147 -0.7461 0.0014 0.7312 0.3016 -0.6082 0.0678 0.8985 -0.0257 0.4329 0.0682 0.7108 0.1769 -0.6752 -0.0871 0.6827 -0.1168 -0.7153 0.0922 0.9257 -0.085 0.3483 -0.1207
0.755 0.0176 -0.5876 -0.2904 0.254 -0.4589 -0.8412 0.1313 0.7393 -0.2803 -0.6106 -0.0451 0.3112 0.31 -0.7411 -0.5078 0.6559 -0.1147 -0.7461 0.0014 0.7312 0.3016 -0.6082 0.0678 0.8985 -0.0257 0.4329 0.0682 0.7108 0.1769 -0.6752 -0.0871 0.6827 -0.1168 -0.7153 0.0922 0.9257 -0.085 0.3483 -0.1207
0.7634 0.0066 -0.567 -0.3093 0.254 -0.4589 -0.8412 0.1313 0.7393 -0.2803 -0.6106 -0.0451 0.3112 0.31 -0.7411 -0.5078 0.6559 -0.1147 -0.7461 0.0014 0.7312 0.3016 -0.6082 0.0678 0.8985 -0.0257 0.4329 0.0682 0.7108 0.1769 -0.6752 -0.0871 0.6827 -0.1168 -0.7153 0.0922 0.9219 -0.0897 0.3563 -0.1231
0.7634 0.0066 -0.567 -0.3093 0.254 -0.4589 -0.8412 0.1313 0.7393 -0.2803 -0.6106 -0.0451 0.3112 0.31 -0.7411 -0.5078 0.6559 -0.1147 -0.7461 0.0014 0.7312 0.3016 -0.6082 0.0678 0.8985 -0.0257 0.4329 0.0682 0.7108 0.1769 -0.6752 -0.0871 0.6827 -0.1168 -0.7153 0.0922 0.9219 -0.0897 0.3563 -0.1231
0.7634 0.0066 -0.567 -0.3093 0.254 -0.4589 -0.8412 0.1313 0.7393 -0.2803 -0.6106 -0.0451 0.3112 0.31 -0.7411 -0.5078 0.6559 -0.1147 -0.7461 0.0014 0.7312 0.3016 -0.6082 0.0678 0.8985 -0.0257 0.4329 0.0682 0.7108 0.1769 -0.6752 -0.0871 0.6827 -0.1168 -0.7153 0.0922 0.9219 -0.0897 0.3563 -0.1231
0.7634 0.0066 -0.567 -0.3093 0.254 -0.4589 -0.8412 0.1313 0.7393 -0.2803 -0.6106 -0.0451 0.3112 0.31 -0.7411 -0.5078 0.6559 -0.1147 -0.7461 0.0014 0.7283 0.2708 -0.6265 0.0604 0.9081 -0.0124 0.4166 0.0406 0.7108 0.1769 -0.6752 -0.0871 0.6827 -0.1168 -0.7153 0.0922 0.9219 -0.0897 0.3563 -0.1231
0.7634 0.0066 -0.567 -0.3093 0.254 -0.4589 -0.8412 0.1313 0.7393 -0.2803 -0.6106 -0.0451 0.3112 0.31 -0.7411 -0.5078 0.6559 -0.1147 -0.7461 0.0014 0.7283 0.2708 -0.6265 0.0604 0.9081 -0.0124 0.4166 0.0406 0.7108 0.1769 -0.6752 -0.0871 0.6827 -0.1168 -0.7153 0.0922 0.9219 -0.0897 0.3563 -0.1231
0.7634 0.0066 -0.567 -0.3093 0.267 -0.4909 -0.8194 0.1276 0.7393 -0.2803 -0.6106 -0.0451 0.3011 0.3204 -0.7156 -0.5428 0.6674 -0.1171 -0.735 0.023 0.7283 0.2708 -0.6265 0.0604 0.9081 -0.0124 0.4166 0.0406 0.7108 0.1769 -0.6752 -0.0871 0.6827 -0.1168 -0.7153 0.0922 0.9219 -0.0897 0.3563 -0.1231
0.7634 0.0066 -0.567 -0.3093 0.267 -0.4909 -0.8194 0.1276 0.7393 -0.2803 -0.6106 -0.0451 0.3011 0.3204 -0.7156 -0.5428 0.6674 -0.1171 -0.735 0.023 0.7283 0.2708 -0.6265 0.0604 0.9081 -0.0124 0.4166 0.0406 0.7108 0.1769 -0.6752 -0.0871 0.6808 -0.1312 -0.7128 0.106 0.9181 -0.0873 0.3663 -0.1237
0.7634 0.0066 -0.567 -0.3093 0.267 -0.4909 -0.8194 0.1276 0.7393 -0.2803 -0.6106 -0.0451 0.3011 0.3204 -0.7156 -0.5428 0.6674 -0.1171 -0.735 0.023 0.7283 0.2708 -0.6265 0.0604 0.9081 -0.0124 0.4166 0.0406 0.7108 0.1769 -0.6752 -0.0871 0.6808 -0.1312 -0.7128 0.106 0.9181 -0.0873 0.3663 -0.1237
0.7634 0.0066 -0.567 -0.3093 0.267 -0.4909 -0.8194 0.1276 0.7393 -0.2803 -0.6106 -0.0451 0.3011 0.3204 -0.7156 -0.5428 0.6674 -0.1171 -0.735 0.023 0.6848 0.1962 -0.6872 0.1423 0.9081 -0.0124 0.4166 0.0406 0.7108 0.1769 -0.6752 -0.0871 0.6808 -0.1312 -0.7128 0.106 0.9181 -0.0873 0.3663 -0.1237
0.7634 0.0066 -0.567 -0.3093 0.267 -0.4909 -0.8194 0.1276 0.7393 -0.2803 -0.6106 -0.0451 0.3011 0.3204 -0.7156 -0.5428 0.6674 -0.1171 -0.735 0.023 0.6848 0.1962 -0.6872 0.1423 0.9349 -0.0021 0.3494 0.0618 0.7108 0.1769 -0.6752 -0.0871 0.6808 -0.1312 -0.7128 0.106 0.9181 -0.0873 0.3663 -0.1237
0.7634 0.0066 -0.567 -0.3093 0.267 -0.4909 -0.8194 0.1276 0.7393 -0.2803 -0.6106 -0.0451 0.2942 0.3027 -0.702 -0.5736 0.6674 -0.1171 -0.735 0.023 0.6848 0.1962 -0.6872 0.1423 0.9349 -0.0021 0.3494 0.0618 0.7108 0.1769 -0.6752 -0.0871 0.6808 -0.1312 -0.7128 0.106 0.9181 -0.0873 0.3663 -0.1237
0.7634 0.0066 -0.567 -0.3093 0.267 -0.4909 -0.8194 0.1276 0.7393 -0.2803 -0.6106 -0.0451 0.2942 0.3027 -0.702 -0.5736 0.6671 -0.1436 -0.7286 0.0589 0.6848 0.1962 -0.6872 0.1423 0.9349 -0.0021 0.3494 0.0618 0.7108 0.1769 -0.6752 -0.0871 0.6808 -0.1312 -0.7128 0.106 0.9181 -0.0873 0.3663 -0.1237
0.7634 0.0066 -0.567 -0.3093 0.267 -0.4909 -0.8194 0.1276 0.7393 -0.2803 -0.6106 -0.0451 0.2942 0.3027 -0.702 -0.5736 0.6671 -0.1436 -0.7286 0.0589 0.6848 0.1962 -0.6872 0.1423 0.9349 -0.0021 0.3494 0.0618 0.7108 0.1769 -0.6752 -0.0871 0.671 -0.1541 -0.7117 0.1397 0.9181 -0.0873 0.3663 -0.1237
0.7634 0.0066 -0.567 -0.3093 0.267 -0.4909 -0.8194 0.1276 0.7393 -0.2803 -0.6106 -0.0451 0.2942 0.3027 -0.702 -0.5736 0.6671 -0.1436 -0.7286 0.0589 0.6848 0.1962 -0.6872 0.1423 0.9349 -0.0021 0.3494 0.0618 0.7108 0.1769 -0.6752 -0.0871 0.671 -0.1541 -0.7117 0.1397 0.9181 -0.0873 0.3663 -0.1237
0.7465 -0.0193 -0.5596 -0.3594 0.267 -0.4909 -0.8194 0.1276 0.7393 -0.2803 -0.6106 -0.0451 0.2942 0.3027 -0.702 -0.5736 0.6671 -0.1436 -0.7286 0.0589 0.6848 0.1962 -0.6872 0.1423 0.9349 -0.0021 0.3494 0.0618 0.7108 0.1769 -0.6752 -0.0871 0.671 -0.1541 -0.7117 0.1397 0.9048 -0.084 0.4017 -0.1133
0.7465 -0.0193 -0.5596 -0.3594 0.267 -0.4909 -0.8194 0.1276 0.7393 -0.2803 -0.6106 -0.0451 0.2942 0.3027 -0.702 -0.5736 0.6671 -0.1436 -0.7286 0.0589 0.6848 0.1962 -0.6872 0.1423 0.9349 -0.0021 0.3494 0.0618 0.7108 0.1769 -0.6752 -0.0871 0.671 -0.1541 -0.7117 0.1397 0.9048 -0.084 0.4017 -0.1133
0.7465 -0.0193 -0.5596 -0.3594 0.267 -0.4909 -0.8194 0.1276 0.7393 -0.2803 -0.6106 -0.0451 0.2942 0.3027 -0.702 -0.5736 0.6671 -0.1436 -0.7286 0.0589 0.6848 0.1962 -0.6872 0.1423 0.9349 -0.0021 0.3494 0.0618 0.7108 0.1769 -0.6752 -0.0871 0.671 -0.1541 -0.7117 0.1397 0.9048 -0.084 0.4017 -0.1133
0.7465 -0.0193 -0.5596 -0.3594 0.267 -0.4909 -0.8194 0.1276 0.7393 -0.2803 -0.6106 -0.0451 0.2942 0.3027 -0.702 -0.5736 0.6671 -0.1436 -0.7286 0.0589 0.6544 0.1965 -0.7048 0.191 0.9427 -0.0414 0.3243 0.0666 0.7108 0.1769 -0.6752 -0.0871 0.671 -0.1541 -0.7117 0.1397 0.9048 -0.084 0.4017 -0.1133
0.7465 -0.0193 -0.5596 -0.3594 0.267 -0.4909 -0.8194 0.1276 0.7393 -0.2803 -0.6106 -0.0451 0.3148 0.2717 -0.6979 -0.5831 0.6671 -0.1436 -0.7286 0.0589 0.6544 0.1965 -0.7048 0.191 0.9427 -0.0414 0.3243 0.0666 0.7108 0.1769 -0.6752 -0.0871 0.671 -0.1541 -0.7117 0.1397 0.9048 -0.084 0.4017 -0.1133
0.7465 -0.0193 -0.5596 -0.3594 0.2733 -0.5283 -0.7968 0.1071 0.7393 -0.2803 -0.6106 -0.0451 0.3148 0.2717 -0.6979 -0.5831 0.6671 -0.1436 -0.7286 0.0589 0.6544 0.1965 -0.7048 0.191 0.9427 -0.0414 0.3243 0.0666 0.7108 0.1769 -0.6752 -0.0871 0.671 -0.1541 -0.7117 0.1397 0.9048 -0.084 0.4017 -0.1133
0.7465 -0.0193 -0.5596 -0.3594 0.2733 -0.5283 -0.7968 0.1071 0.7393 -0.2803 -0.6106 -0.0451 0.3148 0.2717 -0.6979 -0.5831 0.6671 -0.1436 -0.7286 0.0589 0.6544 0.1965 -0.7048 0.191 0.9427 -0.0414 0.3243 0.0666 0.7108 0.1769 -0.6752 -0.0871 0.6288 -0.2057 -0.7135 0.2305 0.7833 -0.094 0.6063 -0.1003
0.7412 -0.0176 -0.5787 -0.3396 0.2733 -0.5283 -0.7968 0.1071 0.7393 -0.2803 -0.6106 -0.0451 0.3148 0.2717 -0.6979 -0.5831 0.6671 -0.1436 -0.7286 0.0589 0.6544 0.1965 -0.7048 0.191 0.9427 -0.0414 0.3243 0.0666 0.7108 0.1769 -0.6752 -0.0871 0.6288 -0.2057 -0.7135 0.2305 0.7833 -0.094 0.6063 -0.1003
0.7412 -0.0176 -0.5787 -0.3396 0.2733 -0.5283 -0.7968 0.1071 0.7393 -0.2803 -0.6106 -0.0451 0.3148 0.2717 -0.6979 -0.5831 0.6671 -0.1436 -0.7286 0.0589 0.6544 0.1965 -0.7048 0.191 0.9427 -0.0414 0.3243 0.0666 0.7108 0.1769 -0.6752 -0.0871 0.6288 -0.2057 -0.7135 0.2305 0.7833 -0.094 0.6063 -0.1003
0.7412 -0.0176 -0.5787 -0.3396 0.2733 -0.5283 -0.7968 0.1071 0.7393 -0.2803 -0.6106 -0.0451 0.3148 0.2717 -0.6979 -0.5831 0.6671 -0.1436 -0.7286 0.0589 0.6656 0.2279 -0.694 0.1531 0.9445 -0.0398 0.3195 0.0646 0.7108 0.1769 -0.6752 -0.0871 0.6288 -0.2057 -0.7135 0.2305 0.7833 -0.094 0.6063 -0.1003
0.7412 -0.0176 -0.5787 -0.3396 0.2733 -0.5283 -0.7968 0.1071 0.7393 -0.2803 -0.6106 -0.0451 0.3477 0.2614 -0.7283 -0.5295 0.6671 -0.1436 -0.7286 0.0589 0.6656 0.2279 -0.694 0.1531 0.9445 -0.0398 0.3195 0.0646 0.7108 0.1769 -0.6752 -0.0871 0.6288 -0.2057 -0.7135 0.2305 0.7833 -0.094 0.6063 -0.1003
0.7412 -0.0176 -0.5787 -0.3396 0.2733 -0.5283 -0.7968 0.1071 0.7393 -0.2803 -0.6106 -0.0451 0.3477 0.2614 -0.7283 -0.5295 0.6671 -0.1436 -0.7286 0.0589 0.6656 0.2279 -0.694 0.1531 0.9445 -0.0398 0.3195 0.0646 0.7108 0.1769 -0.6752 -0.0871 0.6288 -0.2057 -0.7135 0.2305 0.7833 -0.094 0.6063 -0.1003
0.7412 -0.0176 -0.5787 -0.3396 0.2733 -0.5283 -0.7968 0.1071 0.7393 -0.2803 -0.6106 -0.0451 0.3477 0.2614 -0.7283 -0.5295 0.6671 -0.1436 -0.7286 0.0589 0.6656 0.2279 -0.694 0.1531 0.9445 -0.0398 0.3195 0.0646 0.7108 0.1769 -0.6752 -0.0871 0.6288 -0.2057 -0.7135 0.2305 0.7833 -0.094 0.6063 -0.1003
0.7412 -0.0176 -0.5787 -0.3396 0.2592 -0.523 -0.8054 0.1033 0.7393 -0.2803 -0.6106 -0.0451 0.3477 0.2614 -0.7283 -0.5295 0.626 -0.1652 -0.7617 0.0229 0.6656 0.2279 -0.694 0.1531 0.9445 -0.0398 0.3195 0.0646 0.7253 0.1623 -0.6612 -0.1022 0.6365 -0.1812 -0.7131 0.2313 0.7833 -0.094 0.6063 -0.1003
0.7412 -0.0176 -0.5787 -0.3396 0.2592 -0.523 -0.8054 0.1033 0.7393 -0.2803 -0.6106 -0.0451 0.3477 0.2614 -0.7283 -0.5295 0.626 -0.1652 -0.7617 0.0229 0.6656 0.2279 -0.694 0.1531 0.9445 -0.0398 0.3195 0.0646 0.7253 0.1623 -0.6612 -0.1022 0.6365 -0.1812 -0.7131 0.2313 0.7833 -0.094 0.6063 -0.1003
0.7379 -0.0151 -0.5844 -0.3374 0.2592 -0.523 -0.8054 0.1033 0.7514 -0.3126 -0.5801 -0.0337 0.3477 0.2614 -0.7283 -0.5295 0.626 -0.1652 -0.7617 0.0229 0.6785 0.2383 -0.6795 0.1457 0.9445 -0.0398 0.3195 0.0646 0.7253 0.1623 -0.6612 -0.1022 0.6365 -0.1812 -0.7131 0.2313 0.8605 -0.1141 0.488 -0.0914
0.7379 -0.0151 -0.5844 -0.3374 0.2592 -0.523 -0.8054 0.1033 0.7514 -0.3126 -0.5801 -0.0337 0.3477 0.2614 -0.7283 -0.5295 0.626 -0.1652 -0.7617 0.0229 0.6785 0.2383 -0.6795 0.1457 0.9419 -0.0377 0.3278 0.0632 0.7253 0.1623 -0.6612 -0.1022 0.6365 -0.1812 -0.7131 0.2313 0.8605 -0.1141 0.488 -0.0914
0.7379 -0.0151 -0.5844 -0.3374 0.2592 -0.523 -0.8054 0.1033 0.7514 -0.3126 -0.5801 -0.0337 0.363 0.2689 -0.7449 -0.4909 0.626 -0.1652 -0.7617 0.0229 0.6785 0.2383 -0.6795 0.1457 0.9419 -0.0377 0.3278 0.0632 0.7253 0.1623 -0.6612 -0.1022 0.6365 -0.1812 -0.7131 0.2313 0.8605 -0.1141 0.488 -0.0914
0.7379 -0.0151 -0.5844 -0.3374 0.2592 -0.523 -0.8054 0.1033 0.7514 -0.3126 -0.5801 -0.0337 0.363 0.2689 -0.7449 -0.4909 0.5949 -0.1235 -0.7943 -4.0E-4 0.6785 0.2383 -0.6795 0.1457 0.9419 -0.0377 0.3278 0.0632 0.7253 0.1623 -0.6612 -0.1022 0.6365 -0.1812 -0.7131 0.2313 0.8605 -0.1141 0.488 -0.0914
0.7379 -0.0151 -0.5844 -0.3374 0.2592 -0.523 -0.8054 0.1033 0.7514 -0.3126 -0.5801 -0.0337 0.363 0.2689 -0.7449 -0.4909 0.5949 -0.1235 -0.7943 -4.0E-4 0.6785 0.2383 -0.6795 0.1457 0.9419 -0.0377 0.3278 0.0632 0.7253 0.1623 -0.6612 -0.1022 0.6365 -0.1812 -0.7131 0.2313 0.8605 -0.1141 0.488 -0.0914
0.7379 -0.0151 -0.5844 -0.3374 0.2592 -0.523 -0.8054 0.1033 0.7514 -0.3126 -0.5801 -0.0337 0.363 0.2689 -0.7449 -0.4909 0.5949 -0.1235 -0.7943 -4.0E-4 0.6785 0.2383 -0.6795 0.1457 0.9419 -0.0377 0.3278 0.0632 0.71 0.1749 -0.6748 -0.0993 0.702 -0.0471 -0.7087 0.0535 0.8605 -0.1141 0.488 -0.0914
0.7511 0.0182 -0.5706 -0.3315 0.2592 -0.523 -0.8054 0.1033 0.7484 -0.3094 -0.5865 -0.0103 0.363 0.2689 -0.7449 -0.4909 0.5949 -0.1235 -0.7943 -4.0E-4 0.6785 0.2383 -0.6795 0.1457 0.9419 -0.0377 0.3278 0.0632 0.71 0.1749 -0.6748 -0.0993 0.702 -0.0471 -0.7087 0.0535 0.9304 -0.106 0.3326 -0.1113
0.7511 0.0182 -0.5706 -0.3315 0.2592 -0.523 -0.8054 0.1033 0.7484 -0.3094 -0.5865 -0.0103 0.363 0.2689 -0.7449 -0.4909 0.5949 -0.1235 -0.7943 -4.0E-4 0.6785 0.2383 -0.6795 0.1457 0.9419 -0.0377 0.3278 0.0632 0.71 0.1749 -0.6748 -0.0993 0.702 -0.0471 -0.7087 0.0535 0.9304 -0.106 0.3326 -0.1113
0.7511 0.0182 -0.5706 -0.3315 0.2592 -0.523 -0.8054 0.1033 0.7484 -0.3094 -0.5865 -0.0103 0.363 0.2689 -0.7449 -0.4909 0.5949 -0.1235 -0.7943 -4.0E-4 0.6946 0.2679 -0.66 0.1 0.9301 -0.035 0.3597 0.0653 0.71 0.1749 -0.6748 -0.0993 0.702 -0.0471 -0.7087 0.0535 0.9304 -0.106 0.3326 -0.1113
0.7511 0.0182 -0.5706 -0.3315 0.2592 -0.523 -0.8054 0.1033 0.7484 -0.3094 -0.5865 -0.0103 0.3695 0.2864 -0.7238 -0.5074 0.5949 -0.1235 -0.7943 -4.0E-4 0.6946 0.2679 -0.66 0.1 0.9301 -0.035 0.3597 0.0653 0.71 0.1749 -0.6748 -0.0993 0.702 -0.0471 -0.7087 0.0535 0.9304 -0.106 0.3326 -0.1113
0.7511 0.0182 -0.5706 -0.3315 0.2592 -0.523 -0.8054 0.1033 0.7484 -0.3094 -0.5865 -0.0103 0.3695 0.2864 -0.7238 -0.5074 0.6078 -0.1261 -0.7834 -0.032 0.6946 0.2679 -0.66 0.1 0.9301 -0.035 0.3597 0.0653 0.71 0.1749 -0.6748 -0.0993 0.702 -0.0471 -0.7087 0.0535 0.9304 -0.106 0.3326 -0.1113
0.7511 0.0182 -0.5706 -0.3315 0.2592 -0.523 -0.8054 0.1033 0.7484 -0.3094 -0.5865 -0.0103 0.3695 0.2864 -0.7238 -0.5074 0.6078 -0.1261 -0.7834 -0.032 0.6946 0.2679 -0.66 0.1 0.9301 -0.035 0.3597 0.0653 0.7097 0.1852 -0.6747 -0.0831 0.6874 -0.0709 -0.7164 0.0961 0.9304 -0.106 0.3326 -0.1113
0.7511 0.0182 -0.5706 -0.3315 0.2592 -0.523 -0.8054 0.1033 0.7484 -0.3094 -0.5865 -0.0103 0.3695 0.2864 -0.7238 -0.5074 0.6078 -0.1261 -0.7834 -0.032 0.6946 0.2679 -0.66 0.1 0.9301 -0.035 0.3597 0.0653 0.7097 0.1852 -0.6747 -0.0831 0.6874 -0.0709 -0.7164 0.0961 0.9304 -0.106 0.3326 -0.1113
0.7511 0.0182 -0.5706 -0.3315 0.2592 -0.523 -0.8054 0.1033 0.7484 -0.3094 -0.5865 -0.0103 0.3695 0.2864 -0.7238 -0.5074 0.6078 -0.1261 -0.7834 -0.032 0.6946 0.2679 -0.66 0.1 0.9301 -0.035 0.3597 0.0653 0.7097 0.1852 -0.6747 -0.0831 0.6874 -0.0709 -0.7164 0.0961 0.9304 -0.106 0.3326 -0.1113
0.7575 0.0018 -0.5602 -0.3352 0.2592 -0.523 -0.8054 0.1033 0.7484 -0.3094 -0.5865 -0.0103 0.3695 0.2864 -0.7238 -0.5074 0.6078 -0.1261 -0.7834 -0.032 0.6946 0.2679 -0.66 0.1 0.9301 -0.035 0.3597 0.0653 0.7097 0.1852 -0.6747 -0.0831 0.6874 -0.0709 -0.7164 0.0961 0.9304 -0.106 0.3326 -0.1113
0.7575 0.0018 -0.5602 -0.3352 0.2592 -0.523 -0.8054 0.1033 0.7484 -0.3094 -0.5865 -0.0103 0.3695 0.2864 -0.7238 -0.5074 0.6078 -0.1261 -0.7834 -0.032 0.7112 0.3277 -0.6205 0.0429 0.8701 -0.0354 0.4908 0.0289 0.7097 0.1852 -0.6747 -0.0831 0.6874 -0.0709 -0.7164 0.0961 0.9304 -0.106 0.3326 -0.1113
0.7575 0.0018 -0.5602 -0.3352 0.2592 -0.523 -0.8054 0.1033 0.7484 -0.3094 -0.5865 -0.0103 0.3731 0.284 -0.7026 -0.5353 0.6078 -0.1261 -0.7834 -0.032 0.7112 0.3277 -0.6205 0.0429 0.8701 -0.0354 0.4908 0.0289 0.7097 0.1852 -0.6747 -0.0831 0.6874 -0.0709 -0.7164 0.0961 0.9304 -0.106 0.3326 -0.1113
0.7575 0.0018 -0.5602 -0.3352 0.2592 -0.523 -0.8054 0.1033 0.7484 -0.3094 -0.5865 -0.0103 0.3731 0.284 -0.7026 -0.5353 0.6476 -0.1293 -0.7509 0.0099 0.7112 0.3277 -0.6205 0.0429 0.8701 -0.0354 0.4908 0.0289 0.6981 0.1767 -0.6921 -0.0486 0.6874 -0.0709 -0.7164 0.0961 0.9304 -0.106 0.3326 -0.1113
0.7575 0.0018 -0.5602 -0.3352 0.2592 -0.523 -0.8054 0.1033 0.7484 -0.3094 -0.5865 -0.0103 0.3731 0.284 -0.7026 -0.5353 0.6476 -0.1293 -0.7509 0.0099 0.7112 0.3277 -0.6205 0.0429 0.8701 -0.0354 0.4908 0.0289 0.6981 0.1767 -0.6921 -0.0486 0.6754 -0.1025 -0.7205 0.1192 0.9304 -0.106 0.3326 -0.1113
0.7575 0.0018 -0.5602 -0.3352 0.2592 -0.523 -0.8054 0.1033 0.7678 -0.283 -0.571 -0.0648 0.3731 0.284 -0.7026 -0.5353 0.6476 -0.1293 -0.7509 0.0099 0.7112 0.3277 -0.6205 0.0429 0.8701 -0.0354 0.4908 0.0289 0.6981 0.1767 -0.6921 -0.0486 0.6754 -0.1025 -0.7205 0.1192 0.9304 -0.106 0.3326 -0.1113
0.7544 -1.0E-4 -0.5513 -0.3563 0.2592 -0.523 -0.8054 0.1033 0.7678 -0.283 -0.571 -0.0648 0.3731 0.284 -0.7026 -0.5353 0.6476 -0.1293 -0.7509 0.0099 0.7112 0.3277 -0.6205 0.0429 0.8701 -0.0354 0.4908 0.0289 0.6981 0.1767 -0.6921 -0.0486 0.6754 -0.1025 -0.7205 0.1192 0.9304 -0.106 0.3326 -0.1113
0.7544 -1.0E-4 -0.5513 -0.3563 0.2592 -0.523 -0.8054 0.1033 0.7678 -0.283 -0.571 -0.0648 0.3731 0.284 -0.7026 -0.5353 0.6476 -0.1293 -0.7509 0.0099 0.7112 0.3277 -0.6205 0.0429 0.8701 -0.0354 0.4908 0.0289 0.6981 0.1767 -0.6921 -0.0486 0.6754 -0.1025 -0.7205 0.1192 0.9304 -0.106 0.3326 -0.1113
0.7544 -1.0E-4 -0.5513 -0.3563 0.2592 -0.523 -0.8054 0.1033 0.7678 -0.283 -0.571 -0.0648 0.3731 0.284 -0.7026 -0.5353 0.6476 -0.1293 -0.7509 0.0099 0.6939 0.2633 -0.6596 0.119 0.9111 -0.028 0.4067 0.06 0.6981 0.1767 -0.6921 -0.0486 0.6754 -0.1025 -0.7205 0.1192 0.9304 -0.106 0.3326 -0.1113
0.7544 -1.0E-4 -0.5513 -0.3563 0.2592 -0.523 -0.8054 0.1033 0.7678 -0.283 -0.571 -0.0648 0.3396 0.2818 -0.7038 -0.5567 0.6476 -0.1293 -0.7509 0.0099 0.6939 0.2633 -0.6596 0.119 0.9111 -0.028 0.4067 0.06 0.6981 0.1767 -0.6921 -0.0486 0.6754 -0.1025 -0.7205 0.1192 0.9304 -0.106 0.3326 -0.1113
0.7544 -1.0E-4 -0.5513 -0.3563 0.2592 -0.523 -0.8054 0.1033 0.7678 -0.283 -0.571 -0.0648 0.3396 0.2818 -0.7038 -0.5567 0.6591 -0.1299 -0.739 0.051 0.6939 0.2633 -0.6596 0.119 0.9111 -0.028 0.4067 0.06 0.6981 0.1767 -0.6921 -0.0486 0.6754 -0.1025 -0.7205 0.1192 0.9304 -0.106 0.3326 -0.1113
0.7544 -1.0E-4 -0.5513 -0.3563 0.2592 -0.523 -0.8054 0.1033 0.7678 -0.283 -0.571 -0.0648 0.3396 0.2818 -0.7038 -0.5567 0.6591 -0.1299 -0.739 0.051 0.6939 0.2633 -0.6596 0.119 0.9111 -0.028 0.4067 0.06 0.6981 0.1767 -0.6921 -0.0486 0.6714 -0.1109 -0.7183 0.1448 0.9304 -0.106 0.3326 -0.1113
0.7544 -1.0E-4 -0.5513 -0.3563 0.2592 -0.523 -0.8054 0.1033 0.7678 -0.283 -0.571 -0.0648 0.3396 0.2818 -0.7038 -0.5567 0.6591 -0.1299 -0.739 0.051 0.6939 0.2633 -0.6596 0.119 0.9111 -0.028 0.4067 0.06 0.6981 0.1767 -0.6921 -0.0486 0.6714 -0.1109 -0.7183 0.1448 0.9304 -0.106 0.3326 -0.1113
0.7544 -1.0E-4 -0.5513 -0.3563 0.2592 -0.523 -0.8054 0.1033 0.7678 -0.283 -0.571 -0.0648 0.3396 0.2818 -0.7038 -0.5567 0.6591 -0.1299 -0.739 0.051 0.6939 0.2633 -0.6596 0.119 0.9111 -0.028 0.4067 0.06 0.6981 0.1767 -0.6921 -0.0486 0.6714 -0.1109 -0.7183 0.1448 0.9304 -0.106 0.3326 -0.1113
0.7437 0.0051 -0.5532 -0.3752 0.2592 -0.523 -0.8054 0.1033 0.7664 -0.2917 -0.5671 -0.0774 0.3396 0.2818 -0.7038 -0.5567 0.6591 -0.1299 -0.739 0.051 0.6939 0.2633 -0.6596 0.119 0.9111 -0.028 0.4067 0.06 0.6981 0.1767 -0.6921 -0.0486 0.6714 -0.1109 -0.7183 0.1448 0.894 -0.0893 0.4315 -0.0818
0.7437 0.0051 -0.5532 -0.3752 0.2592 -0.523 -0.8054 0.1033 0.7664 -0.2917 -0.5671 -0.0774 0.3396 0.2818 -0.7038 -0.5567 0.6591 -0.1299 -0.739 0.051 0.6939 0.2633 -0.6596 0.119 0.9111 -0.028 0.4067 0.06 0.6981 0.1767 -0.6921 -0.0486 0.6714 -0.1109 -0.7183 0.1448 0.894 -0.0893 0.4315 -0.0818
0.7437 0.0051 -0.5532 -0.3752 0.2592 -0.523 -0.8054 0.1033 0.7664 -0.2917 -0.5671 -0.0774 0.3396 0.2818 -0.7038 -0.5567 0.6591 -0.1299 -0.739 0.051 0.6939 0.2633 -0.6596 0.119 0.925 -0.0619 0.3502 0.1335 0.6981 0.1767 -0.6921 -0.0486 0.6714 -0.1109 -0.7183 0.1448 0.894 -0.0893 0.4315 -0.0818
0.7437 0.0051 -0.5532 -0.3752 0.2592 -0.523 -0.8054 0.1033 0.7664 -0.2917 -0.5671 -0.0774 0.335 0.2772 -0.6971 -0.5701 0.6531 -0.144 -0.7394 0.077 0.6939 0.2633 -0.6596 0.119 0.925 -0.0619 0.3502 0.1335 0.6981 0.1767 -0.6921 -0.0486 0.6714 -0.1109 -0.7183 0.1448 0.894 -0.0893 0.4315 -0.0818
0.7437 0.0051 -0.5532 -0.3752 0.2592 -0.523 -0.8054 0.1033 0.7664 -0.2917 -0.5671 -0.0774 0.335 0.2772 -0.6971 -0.5701 0.6531 -0.144 -0.7394 0.077 0.6939 0.2633 -0.6596 0.119 0.925 -0.0619 0.3502 0.1335 0.6981 0.1767 -0.6921 -0.0486 0.6714 -0.1109 -0.7183 0.1448 0.894 -0.0893 0.4315 -0.0818
0.7437 0.0051 -0.5532 -0.3752 0.2803 -0.5203 -0.8027 0.0806 0.7664 -0.2917 -0.5671 -0.0774 0.335 0.2772 -0.6971 -0.5701 0.6531 -0.144 -0.7394 0.077 0.6939 0.2633 -0.6596 0.119 0.925 -0.0619 0.3502 0.1335 0.6907 0.1556 -0.7062 0.0053 0.6418 -0.149 -0.7225 0.2091 0.894 -0.0893 0.4315 -0.0818
0.7407 -2.0E-4 -0.567 -0.3603 0.2803 -0.5203 -0.8027 0.0806 0.7726 -0.2947 -0.5558 -0.085 0.335 0.2772 -0.6971 -0.5701 0.6531 -0.144 -0.7394 0.077 0.6939 0.2633 -0.6596 0.119 0.925 -0.0619 0.3502 0.1335 0.6907 0.1556 -0.7062 0.0053 0.6418 -0.149 -0.7225 0.2091 0.8593 -0.0922 0.4987 -0.0657
0.7407 -2.0E-4 -0.567 -0.3603 0.2803 -0.5203 -0.8027 0.0806 0.7726 -0.2947 -0.5558 -0.085 0.335 0.2772 -0.6971 -0.5701 0.6531 -0.144 -0.7394 0.077 0.6516 0.2191 -0.6945 0.2124 0.925 -0.0619 0.3502 0.1335 0.6907 0.1556 -0.7062 0.0053 0.6418 -0.149 -0.7225 0.2091 0.8593 -0.0922 0.4987 -0.0657
0.7407 -2.0E-4 -0.567 -0.3603 0.2803 -0.5203 -0.8027 0.0806 0.7726 -0.2947 -0.5558 -0.085 0.335 0.2772 -0.6971 -0.5701 0.6531 -0.144 -0.7394 0.077 0.6516 0.2191 -0.6945 0.2124 0.9357 -0.0616 0.3254 0.1212 0.6907 0.1556 -0.7062 0.0053 0.6418 -0.149 -0.7225 0.2091 0.8593 -0.0922 0.4987 -0.0657
0.7407 -2.0E-4 -0.567 -0.3603 0.2803 -0.5203 -0.8027 0.0806 0.7726 -0.2947 -0.5558 -0.085 0.361 0.2663 -0.7086 -0.5447 0.6531 -0.144 -0.7394 0.077 0.6516 0.2191 -0.6945 0.2124 0.9357 -0.0616 0.3254 0.1212 0.6907 0.1556 -0.7062 0.0053 0.6418 -0.149 -0.7225 0.2091 0.8593 -0.0922 0.4987 -0.0657
0.7407 -2.0E-4 -0.567 -0.3603 0.2803 -0.5203 -0.8027 0.0806 0.7726 -0.2947 -0.5558 -0.085 0.361 0.2663 -0.7086 -0.5447 0.6531 -0.144 -0.7394 0.077 0.6516 0.2191 -0.6945 0.2124 0.9357 -0.0616 0.3254 0.1212 0.6907 0.1556 -0.7062 0.0053 0.6418 -0.149 -0.7225 0.2091 0.8593 -0.0922 0.4987 -0.0657
0.7407 -2.0E-4 -0.567 -0.3603 0.2803 -0.5203 -0.8027 0.0806 0.7726 -0.2947 -0.5558 -0.085 0.361 0.2663 -0.7086 -0.5447 0.6471 -0.1555 -0.7427 0.0743 0.6516 0.2191 -0.6945 0.2124 0.9357 -0.0616 0.3254 0.1212 0.7161 0.1791 -0.6725 -0.0519 0.6418 -0.149 -0.7225 0.2091 0.8593 -0.0922 0.4987 -0.0657
0.7407 -2.0E-4 -0.567 -0.3603 0.2803 -0.5203 -0.8027 0.0806 0.7726 -0.2947 -0.5558 -0.085 0.361 0.2663 -0.7086 -0.5447 0.6471 -0.1555 -0.7427 0.0743 0.6516 0.2191 -0.6945 0.2124 0.9357 -0.0616 0.3254 0.1212 0.7161 0.1791 -0.6725 -0.0519 0.6418 -0.149 -0.7225 0.2091 0.8593 -0.0922 0.4987 -0.0657
0.7407 -2.0E-4 -0.567 -0.3603 0.2803 -0.5203 -0.8027 0.0806 0.7726 -0.2947 -0.5558 -0.085 0.361 0.2663 -0.7086 -0.5447 0.6471 -0.1555 -0.7427 0.0743 0.6516 0.2191 -0.6945 0.2124 0.9357 -0.0616 0.3254 0.1212 0.7161 0.1791 -0.6725 -0.0519 0.6418 -0.149 -0.7225 0.2091 0.8007 -0.1136 0.5843 -0.0679
0.7358 -0.0075 -0.583 -0.3445 0.2803 -0.5203 -0.8027 0.0806 0.7726 -0.2947 -0.5558 -0.085 0.361 0.2663 -0.7086 -0.5447 0.6471 -0.1555 -0.7427 0.0743 0.6516 0.2191 -0.6945 0.2124 0.9357 -0.0616 0.3254 0.1212 0.7161 0.1791 -0.6725 -0.0519 0.6418 -0.149 -0.7225 0.2091 0.8007 -0.1136 0.5843 -0.0679
0.7358 -0.0075 -0.583 -0.3445 0.2803 -0.5203 -0.8027 0.0806 0.7726 -0.2947 -0.5558 -0.085 0.361 0.2663 -0.7086 -0.5447 0.6471 -0.1555 -0.7427 0.0743 0.6617 0.2487 -0.6816 0.189 0.9357 -0.0579 0.3265 0.1207 0.7161 0.1791 -0.6725 -0.0519 0.6418 -0.149 -0.7225 0.2091 0.8007 -0.1136 0.5843 -0.0679
0.7358 -0.0075 -0.583 -0.3445 0.2803 -0.5203 -0.8027 0.0806 0.7726 -0.2947 -0.5558 -0.085 0.3617 0.2562 -0.7388 -0.5077 0.6471 -0.1555 -0.7427 0.0743 0.6617 0.2487 -0.6816 0.189 0.9357 -0.0579 0.3265 0.1207 0.7161 0.1791 -0.6725 -0.0519 0.6418 -0.149 -0.7225 0.2091 0.8007 -0.1136 0.5843 -0.0679
0.7358 -0.0075 -0.583 -0.3445 0.2803 -0.5203 -0.8027 0.0806 0.7726 -0.2947 -0.5558 -0.085 0.3617 0.2562 -0.7388 -0.5077 0.6471 -0.1555 -0.7427 0.0743 0.6617 0.2487 -0.6816 0.189 0.9357 -0.0579 0.3265 0.1207 0.7161 0.1791 -0.6725 -0.0519 0.6418 -0.149 -0.7225 0.2091 0.8007 -0.1136 0.5843 -0.0679
0.7358 -0.0075 -0.583 -0.3445 0.2803 -0.5203 -0.8027 0.0806 0.7726 -0.2947 -0.5558 -0.085 0.3617 0.2562 -0.7388 -0.5077 0.6471 -0.1555 -0.7427 0.0743 0.6617 0.2487 -0.6816 0.189 0.9357 -0.0579 0.3265 0.1207 0.7161 0.1791 -0.6725 -0.0519 0.6418 -0.149 -0.7225 0.2091 0.8007 -0.1136 0.5843 -0.0679
0.7358 -0.0075 -0.583 -0.3445 0.2672 -0.5197 -0.8076 0.0792 0.7726 -0.2947 -0.5558 -0.085 0.3617 0.2562 -0.7388 -0.5077 0.6199 -0.1396 -0.7711 0.0412 0.6617 0.2487 -0.6816 0.189 0.9357 -0.0579 0.3265 0.1207 0.7227 0.1558 -0.6659 -0.1002 0.6614 -0.112 -0.7149 0.1971 0.8007 -0.1136 0.5843 -0.0679
0.7358 -0.0075 -0.583 -0.3445 0.2672 -0.5197 -0.8076 0.0792 0.7501 -0.3214 -0.5768 -0.037 0.3617 0.2562 -0.7388 -0.5077 0.6199 -0.1396 -0.7711 0.0412 0.6617 0.2487 -0.6816 0.189 0.9357 -0.0579 0.3265 0.1207 0.7227 0.1558 -0.6659 -0.1002 0.6614 -0.112 -0.7149 0.1971 0.8007 -0.1136 0.5843 -0.0679
0.7368 5.0E-4 -0.5794 -0.3486 0.2672 -0.5197 -0.8076 0.0792 0.7501 -0.3214 -0.5768 -0.037 0.3617 0.2562 -0.7388 -0.5077 0.6199 -0.1396 -0.7711 0.0412 0.6617 0.2487 -0.6816 0.189 0.9357 -0.0579 0.3265 0.1207 0.7227 0.1558 -0.6659 -0.1002 0.6614 -0.112 -0.7149 0.1971 0.8007 -0.1136 0.5843 -0.0679
0.7368 5.0E-4 -0.5794 -0.3486 0.2672 -0.5197 -0.8076 0.0792 0.7501 -0.3214 -0.5768 -0.037 0.3617 0.2562 -0.7388 -0.5077 0.6199 -0.1396 -0.7711 0.0412 0.6746 0.257 -0.6687 0.1781 0.9354 -0.0554 0.3279 0.1205 0.7227 0.1558 -0.6659 -0.1002 0.6614 -0.112 -0.7149 0.1971 0.8007 -0.1136 0.5843 -0.0679
0.7368 5.0E-4 -0.5794 -0.3486 0.2672 -0.5197 -0.8076 0.0792 0.7501 -0.3214 -0.5768 -0.037 0.357 0.261 -0.7394 -0.5077 0.6199 -0.1396 -0.7711 0.0412 0.6746 0.257 -0.6687 0.1781 0.9354 -0.0554 0.3279 0.1205 0.7227 0.1558 -0.6659 -0.1002 0.6614 -0.112 -0.7149 0.1971 0.8007 -0.1136 0.5843 -0.0679
0.7368 5.0E-4 -0.5794 -0.3486 0.2672 -0.5197 -0.8076 0.0792 0.7501 -0.3214 -0.5768 -0.037 0.357 0.261 -0.7394 -0.5077 0.6199 -0.1396 -0.7711 0.0412 0.6746 0.257 -0.6687 0.1781 0.9354 -0.0554 0.3279 0.1205 0.7227 0.1558 -0.6659 -0.1002 0.6614 -0.112 -0.7149 0.1971 0.8007 -0.1136 0.5843 -0.0679
0.7368 5.0E-4 -0.5794 -0.3486 0.2672 -0.5197 -0.8076 0.0792 0.7501 -0.3214 -0.5768 -0.037 0.357 0.261 -0.7394 -0.5077 0.5975 -0.1194 -0.7928 0.0076 0.6746 0.257 -0.6687 0.1781 0.9354 -0.0554 0.3279 0.1205 0.7106 0.1639 -0.675 -0.1119 0.7073 -0.0257 -0.7026 0.0736 0.8007 -0.1136 0.5843 -0.0679
0.7368 5.0E-4 -0.5794 -0.3486 0.2672 -0.5197 -0.8076 0.0792 0.7501 -0.3214 -0.5768 -0.037 0.357 0.261 -0.7394 -0.5077 0.5975 -0.1194 -0.7928 0.0076 0.6746 0.257 -0.6687 0.1781 0.9354 -0.0554 0.3279 0.1205 0.7106 0.1639 -0.675 -0.1119 0.7073 -0.0257 -0.7026 0.0736 0.8007 -0.1136 0.5843 -0.0679
0.7576 0.0153 -0.5614 -0.3325 0.2672 -0.5197 -0.8076 0.0792 0.7506 -0.3101 -0.5816 -0.0466 0.357 0.261 -0.7394 -0.5077 0.5975 -0.1194 -0.7928 0.0076 0.6746 0.257 -0.6687 0.1781 0.9354 -0.0554 0.3279 0.1205 0.7106 0.1639 -0.675 -0.1119 0.7073 -0.0257 -0.7026 0.0736 0.9282 -0.1122 0.3441 -0.0863
0.7576 0.0153 -0.5614 -0.3325 0.2672 -0.5197 -0.8076 0.0792 0.7506 -0.3101 -0.5816 -0.0466 0.357 0.261 -0.7394 -0.5077 0.5975 -0.1194 -0.7928 0.0076 0.6986 0.2928 -0.6432 0.1118 0.9354 -0.0554 0.3279 0.1205 0.7106 0.1639 -0.675 -0.1119 0.7073 -0.0257 -0.7026 0.0736 0.9282 -0.1122 0.3441 -0.0863
0.7576 0.0153 -0.5614 -0.3325 0.2672 -0.5197 -0.8076 0.0792 0.7506 -0.3101 -0.5816 -0.0466 0.357 0.261 -0.7394 -0.5077 0.5975 -0.1194 -0.7928 0.0076 0.6986 0.2928 -0.6432 0.1118 0.9202 -0.0532 0.3688 0.1198 0.7106 0.1639 -0.675 -0.1119 0.7073 -0.0257 -0.7026 0.0736 0.9282 -0.1122 0.3441 -0.0863
0.7576 0.0153 -0.5614 -0.3325 0.2672 -0.5197 -0.8076 0.0792 0.7506 -0.3101 -0.5816 -0.0466 0.3461 0.2805 -0.7289 -0.5198 0.5975 -0.1194 -0.7928 0.0076 0.6986 0.2928 -0.6432 0.1118 0.9202 -0.0532 0.3688 0.1198 0.7106 0.1639 -0.675 -0.1119 0.7073 -0.0257 -0.7026 0.0736 0.9282 -0.1122 0.3441 -0.0863
0.7576 0.0153 -0.5614 -0.3325 0.2672 -0.5197 -0.8076 0.0792 0.7506 -0.3101 -0.5816 -0.0466 0.3461 0.2805 -0.7289 -0.5198 0.5975 -0.1194 -0.7928 0.0076 0.6986 0.2928 -0.6432 0.1118 0.9202 -0.0532 0.3688 0.1198 0.7106 0.1639 -0.675 -0.1119 0.7073 -0.0257 -0.7026 0.0736 0.9282 -0.1122 0.3441 -0.0863
0.7576 0.0153 -0.5614 -0.3325 0.2924 -0.4977 -0.8098 0.1045 0.7506 -0.3101 -0.5816 -0.0466 0.3461 0.2805 -0.7289 -0.5198 0.5975 -0.1194 -0.7928 0.0076 0.6986 0.2928 -0.6432 0.1118 0.9202 -0.0532 0.3688 0.1198 0.7106 0.1639 -0.675 -0.1119 0.6832 -0.0739 -0.7157 0.1244 0.9282 -0.1122 0.3441 -0.0863
0.7576 0.0153 -0.5614 -0.3325 0.2924 -0.4977 -0.8098 0.1045 0.7506 -0.3101 -0.5816 -0.0466 0.3461 0.2805 -0.7289 -0.5198 0.5975 -0.1194 -0.7928 0.0076 0.6986 0.2928 -0.6432 0.1118 0.9202 -0.0532 0.3688 0.1198 0.7106 0.1639 -0.675 -0.1119 0.6832 -0.0739 -0.7157 0.1244 0.9264 -0.1026 0.3536 -0.0787
0.7621 -0.0042 -0.5603 -0.3243 0.2924 -0.4977 -0.8098 0.1045 0.752 -0.2751 -0.5947 -0.0718 0.3461 0.2805 -0.7289 -0.5198 0.5975 -0.1194 -0.7928 0.0076 0.6986 0.2928 -0.6432 0.1118 0.9202 -0.0532 0.3688 0.1198 0.7106 0.1639 -0.675 -0.1119 0.6832 -0.0739 -0.7157 0.1244 0.9264 -0.1026 0.3536 -0.0787
0.7621 -0.0042 -0.5603 -0.3243 0.2924 -0.4977 -0.8098 0.1045 0.752 -0.2751 -0.5947 -0.0718 0.3461 0.2805 -0.7289 -0.5198 0.5975 -0.1194 -0.7928 0.0076 0.6986 0.2928 -0.6432 0.1118 0.9202 -0.0532 0.3688 0.1198 0.7106 0.1639 -0.675 -0.1119 0.6832 -0.0739 -0.7157 0.1244 0.9264 -0.1026 0.3536 -0.0787
0.7621 -0.0042 -0.5603 -0.3243 0.2924 -0.4977 -0.8098 0.1045 0.752 -0.2751 -0.5947 -0.0718 0.3461 0.2805 -0.7289 -0.5198 0.5975 -0.1194 -0.7928 0.0076 0.7189 0.3389 -0.6048 0.0503 0.8681 -0.0276 0.4905 0.0714 0.7106 0.1639 -0.675 -0.1119 0.6832 -0.0739 -0.7157 0.1244 0.9264 -0.1026 0.3536 -0.0787
0.7621 -0.0042 -0.5603 -0.3243 0.2924 -0.4977 -0.8098 0.1045 0.752 -0.2751 -0.5947 -0.0718 0.3273 0.2999 -0.7291 -0.521 0.5975 -0.1194 -0.7928 0.0076 0.7189 0.3389 -0.6048 0.0503 0.8681 -0.0276 0.4905 0.0714 0.7106 0.1639 -0.675 -0.1119 0.6832 -0.0739 -0.7157 0.1244 0.9264 -0.1026 0.3536 -0.0787
0.7621 -0.0042 -0.5603 -0.3243 0.2924 -0.4977 -0.8098 0.1045 0.752 -0.2751 -0.5947 -0.0718 0.3273 0.2999 -0.7291 -0.521 0.5975 -0.1194 -0.7928 0.0076 0.7189 0.3389 -0.6048 0.0503 0.8681 -0.0276 0.4905 0.0714 0.7106 0.1639 -0.675 -0.1119 0.6832 -0.0739 -0.7157 0.1244 0.9264 -0.1026 0.3536 -0.0787
0.7621 -0.0042 -0.5603 -0.3243 0.2924 -0.4977 -0.8098 0.1045 0.752 -0.2751 -0.5947 -0.0718 0.3273 0.2999 -0.7291 -0.521 0.5975 -0.1194 -0.7928 0.0076 0.7189 0.3389 -0.6048 0.0503 0.8681 -0.0276 0.4905 0.0714 0.7106 0.1639 -0.675 -0.1119 0.6832 -0.0739 -0.7157 0.1244 0.9264 -0.1026 0.3536 -0.0787
0.7621 -0.0042 -0.5603 -0.3243 0.2781 -0.4948 -0.8149 0.1171 0.752 -0.2751 -0.5947 -0.0718 0.3273 0.2999 -0.7291 -0.521 0.6553 -0.121 -0.7455 0.0109 0.7189 0.3389 -0.6048 0.0503 0.8681 -0.0276 0.4905 0.0714 0.6968 0.176 -0.6945 -0.0365 0.67 -0.1063 -0.7197 0.1474 0.9264 -0.1026 0.3536 -0.0787
0.7621 -0.0042 -0.5603 -0.3243 0.2781 -0.4948 -0.8149 0.1171 0.744 -0.2635 -0.6078 -0.087 0.3273 0.2999 -0.7291 -0.521 0.6553 -0.121 -0.7455 0.0109 0.7189 0.3389 -0.6048 0.0503 0.8681 -0.0276 0.4905 0.0714 0.6968 0.176 -0.6945 -0.0365 0.67 -0.1063 -0.7197 0.1474 0.9264 -0.1026 0.3536 -0.0787
0.7615 -0.0072 -0.5651 -0.3174 0.2781 -0.4948 -0.8149 0.1171 0.744 -0.2635 -0.6078 -0.087 0.3273 0.2999 -0.7291 -0.521 0.6553 -0.121 -0.7455 0.0109 0.7042 0.2764 -0.6449 0.109 0.8681 -0.0276 0.4905 0.0714 0.6968 0.176 -0.6945 -0.0365 0.67 -0.1063 -0.7197 0.1474 0.9264 -0.1026 0.3536 -0.0787
0.7615 -0.0072 -0.5651 -0.3174 0.2781 -0.4948 -0.8149 0.1171 0.744 -0.2635 -0.6078 -0.087 0.3273 0.2999 -0.7291 -0.521 0.6553 -0.121 -0.7455 0.0109 0.7042 0.2764 -0.6449 0.109 0.8681 -0.0276 0.4905 0.0714 0.6968 0.176 -0.6945 -0.0365 0.67 -0.1063 -0.7197 0.1474 0.9264 -0.1026 0.3536 -0.0787
0.7615 -0.0072 -0.5651 -0.3174 0.2781 -0.4948 -0.8149 0.1171 0.744 -0.2635 -0.6078 -0.087 0.3273 0.2999 -0.7291 -0.521 0.6553 -0.121 -0.7455 0.0109 0.7042 0.2764 -0.6449 0.109 0.8681 -0.0276 0.4905 0.0714 0.6968 0.176 -0.6945 -0.0365 0.67 -0.1063 -0.7197 0.1474 0.9264 -0.1026 0.3536 -0.0787
0.7615 -0.0072 -0.5651 -0.3174 0.2781 -0.4948 -0.8149 0.1171 0.744 -0.2635 -0.6078 -0.087 0.304 0.2872 -0.7458 -0.5186 0.6553 -0.121 -0.7455 0.0109 0.7042 0.2764 -0.6449 0.109 0.8681 -0.0276 0.4905 0.0714 0.6968 0.176 -0.6945 -0.0365 0.67 -0.1063 -0.7197 0.1474 0.9264 -0.1026 0.3536 -0.0787
0.7615 -0.0072 -0.5651 -0.3174 0.2693 -0.4972 -0.8175 0.1094 0.744 -0.2635 -0.6078 -0.087 0.304 0.2872 -0.7458 -0.5186 0.6707 -0.1241 -0.7286 0.0621 0.7042 0.2764 -0.6449 0.109 0.8681 -0.0276 0.4905 0.0714 0.6815 0.1669 -0.7125 0.0062 0.6668 -0.1141 -0.7163 0.1711 0.9264 -0.1026 0.3536 -0.0787
0.7615 -0.0072 -0.5651 -0.3174 0.2693 -0.4972 -0.8175 0.1094 0.744 -0.2635 -0.6078 -0.087 0.304 0.2872 -0.7458 -0.5186 0.6707 -0.1241 -0.7286 0.0621 0.7042 0.2764 -0.6449 0.109 0.8681 -0.0276 0.4905 0.0714 0.6815 0.1669 -0.7125 0.0062 0.6668 -0.1141 -0.7163 0.1711 0.9075 -0.0939 0.4041 -0.066
0.7615 -0.0072 -0.5651 -0.3174 0.2693 -0.4972 -0.8175 0.1094 0.7386 -0.3031 -0.595 -0.0925 0.304 0.2872 -0.7458 -0.5186 0.6707 -0.1241 -0.7286 0.0621 0.7042 0.2764 -0.6449 0.109 0.8681 -0.0276 0.4905 0.0714 0.6815 0.1669 -0.7125 0.0062 0.6668 -0.1141 -0.7163 0.1711 0.9075 -0.0939 0.4041 -0.066
0.7615 -0.0072 -0.5651 -0.3174 0.2693 -0.4972 -0.8175 0.1094 0.7386 -0.3031 -0.595 -0.0925 0.304 0.2872 -0.7458 -0.5186 0.6707 -0.1241 -0.7286 0.0621 0.7042 0.2764 -0.6449 0.109 0.8681 -0.0276 0.4905 0.0714 0.6815 0.1669 -0.7125 0.0062 0.6668 -0.1141 -0.7163 0.1711 0.9075 -0.0939 0.4041 -0.066
0.7615 -0.0072 -0.5651 -0.3174 0.2693 -0.4972 -0.8175 0.1094 0.7386 -0.3031 -0.595 -0.0925 0.304 0.2872 -0.7458 -0.5186 0.6707 -0.1241 -0.7286 0.0621 0.6447 0.1547 -0.715 0.222 0.9368 -0.0557 0.331 0.0985 0.6815 0.1669 -0.7125 0.0062 0.6668 -0.1141 -0.7163 0.1711 0.9075 -0.0939 0.4041 -0.066
0.7615 -0.0072 -0.5651 -0.3174 0.2693 -0.4972 -0.8175 0.1094 0.7386 -0.3031 -0.595 -0.0925 0.305 0.2451 -0.7576 -0.5225 0.6707 -0.1241 -0.7286 0.0621 0.6447 0.1547 -0.715 0.222 0.9368 -0.0557 0.331 0.0985 0.6815 0.1669 -0.7125 0.0062 0.6668 -0.1141 -0.7163 0.1711 0.9075 -0.0939 0.4041 -0.066
0.7615 -0.0072 -0.5651 -0.3174 0.2589 -0.5035 -0.8195 0.0886 0.7386 -0.3031 -0.595 -0.0925 0.305 0.2451 -0.7576 -0.5225 0.6578 -0.1558 -0.7325 0.0798 0.6447 0.1547 -0.715 0.222 0.9368 -0.0557 0.331 0.0985 0.6815 0.1669 -0.7125 0.0062 0.6668 -0.1141 -0.7163 0.1711 0.9075 -0.0939 0.4041 -0.066
0.7615 -0.0072 -0.5651 -0.3174 0.2589 -0.5035 -0.8195 0.0886 0.7386 -0.3031 -0.595 -0.0925 0.305 0.2451 -0.7576 -0.5225 0.6578 -0.1558 -0.7325 0.0798 0.6447 0.1547 -0.715 0.222 0.9368 -0.0557 0.331 0.0985 0.6815 0.1669 -0.7125 0.0062 0.6505 -0.1466 -0.7113 0.2223 0.9075 -0.0939 0.4041 -0.066
0.7615 -0.0072 -0.5651 -0.3174 0.2589 -0.5035 -0.8195 0.0886 0.7386 -0.3031 -0.595 -0.0925 0.305 0.2451 -0.7576 -0.5225 0.6578 -0.1558 -0.7325 0.0798 0.6447 0.1547 -0.715 0.222 0.9368 -0.0557 0.331 0.0985 0.6815 0.1669 -0.7125 0.0062 0.6505 -0.1466 -0.7113 0.2223 0.8714 -0.1095 0.4739 -0.0634
0.7615 -0.0072 -0.5651 -0.3174 0.2589 -0.5035 -0.8195 0.0886 0.7438 -0.3273 -0.5748 -0.0964 0.305 0.2451 -0.7576 -0.5225 0.6578 -0.1558 -0.7325 0.0798 0.6447 0.1547 -0.715 0.222 0.9368 -0.0557 0.331 0.0985 0.6815 0.1669 -0.7125 0.0062 0.6505 -0.1466 -0.7113 0.2223 0.8714 -0.1095 0.4739 -0.0634
0.7615 -0.0072 -0.5651 -0.3174 0.2589 -0.5035 -0.8195 0.0886 0.7438 -0.3273 -0.5748 -0.0964 0.305 0.2451 -0.7576 -0.5225 0.6578 -0.1558 -0.7325 0.0798 0.6447 0.1547 -0.715 0.222 0.9368 -0.0557 0.331 0.0985 0.6815 0.1669 -0.7125 0.0062 0.6505 -0.1466 -0.7113 0.2223 0.8714 -0.1095 0.4739 -0.0634
0.7615 -0.0072 -0.5651 -0.3174 0.2589 -0.5035 -0.8195 0.0886 0.7438 -0.3273 -0.5748 -0.0964 0.305 0.2451 -0.7576 -0.5225 0.6578 -0.1558 -0.7325 0.0798 0.6448 0.1963 -0.7117 0.198 0.9406 -0.0536 0.323 0.0905 0.6815 0.1669 -0.7125 0.0062 0.6505 -0.1466 -0.7113 0.2223 0.8714 -0.1095 0.4739 -0.0634
0.7615 -0.0072 -0.5651 -0.3174 0.2589 -0.5035 -0.8195 0.0886 0.7438 -0.3273 -0.5748 -0.0964 0.3152 0.2476 -0.7531 -0.5217 0.6578 -0.1558 -0.7325 0.0798 0.6448 0.1963 -0.7117 0.198 0.9406 -0.0536 0.323 0.0905 0.6815 0.1669 -0.7125 0.0062 0.6505 -0.1466 -0.7113 0.2223 0.8714 -0.1095 0.4739 -0.0634
0.7615 -0.0072 -0.5651 -0.3174 0.2589 -0.5035 -0.8195 0.0886 0.7438 -0.3273 -0.5748 -0.0964 0.3152 0.2476 -0.7531 -0.5217 0.6578 -0.1558 -0.7325 0.0798 0.6448 0.1963 -0.7117 0.198 0.9406 -0.0536 0.323 0.0905 0.7103 0.1673 -0.6808 -0.0629 0.6505 -0.1466 -0.7113 0.2223 0.8714 -0.1095 0.4739 -0.0634
0.7615 -0.0072 -0.5651 -0.3174 0.2589 -0.5035 -0.8195 0.0886 0.7438 -0.3273 -0.5748 -0.0964 0.3152 0.2476 -0.7531 -0.5217 0.6578 -0.1558 -0.7325 0.0798 0.6448 0.1963 -0.7117 0.198 0.9406 -0.0536 0.323 0.0905 0.7103 0.1673 -0.6808 -0.0629 0.6505 -0.1466 -0.7113 0.2223 0.8714 -0.1095 0.4739 -0.0634
0.7615 -0.0072 -0.5651 -0.3174 0.2674 -0.5136 -0.8088 0.1031 0.7438 -0.3273 -0.5748 -0.0964 0.3152 0.2476 -0.7531 -0.5217 0.6578 -0.1558 -0.7325 0.0798 0.6448 0.1963 -0.7117 0.198 0.9406 -0.0536 0.323 0.0905 0.7103 0.1673 -0.6808 -0.0629 0.6158 -0.2238 -0.7017 0.2802 0.8714 -0.1095 0.4739 -0.0634
0.7615 -0.0072 -0.5651 -0.3174 0.2674 -0.5136 -0.8088 0.1031 0.7448 -0.3057 -0.5863 -0.0903 0.3152 0.2476 -0.7531 -0.5217 0.6578 -0.1558 -0.7325 0.0798 0.6448 0.1963 -0.7117 0.198 0.9406 -0.0536 0.323 0.0905 0.7103 0.1673 -0.6808 -0.0629 0.6158 -0.2238 -0.7017 0.2802 0.8714 -0.1095 0.4739 -0.0634
0.7437 -0.0233 -0.5828 -0.3267 0.2674 -0.5136 -0.8088 0.1031 0.7448 -0.3057 -0.5863 -0.0903 0.3152 0.2476 -0.7531 -0.5217 0.6578 -0.1558 -0.7325 0.0798 0.6448 0.1963 -0.7117 0.198 0.9406 -0.0536 0.323 0.0905 0.7103 0.1673 -0.6808 -0.0629 0.6158 -0.2238 -0.7017 0.2802 0.8714 -0.1095 0.4739 -0.0634
0.7437 -0.0233 -0.5828 -0.3267 0.2674 -0.5136 -0.8088 0.1031 0.7448 -0.3057 -0.5863 -0.0903 0.3152 0.2476 -0.7531 -0.5217 0.6578 -0.1558 -0.7325 0.0798 0.6509 0.2285 -0.7018 0.1772 0.9403 -0.0525 0.3243 0.0889 0.7103 0.1673 -0.6808 -0.0629 0.6158 -0.2238 -0.7017 0.2802 0.8714 -0.1095 0.4739 -0.0634
0.7437 -0.0233 -0.5828 -0.3267 0.2674 -0.5136 -0.8088 0.1031 0.7448 -0.3057 -0.5863 -0.0903 0.3159 0.2619 -0.7449 -0.5261 0.6578 -0.1558 -0.7325 0.0798 0.6509 0.2285 -0.7018 0.1772 0.9403 -0.0525 0.3243 0.0889 0.7103 0.1673 -0.6808 -0.0629 0.6158 -0.2238 -0.7017 0.2802 0.8714 -0.1095 0.4739 -0.0634
0.7437 -0.0233 -0.5828 -0.3267 0.2674 -0.5136 -0.8088 0.1031 0.7448 -0.3057 -0.5863 -0.0903 0.3159 0.2619 -0.7449 -0.5261 0.6578 -0.1558 -0.7325 0.0798 0.6509 0.2285 -0.7018 0.1772 0.9403 -0.0525 0.3243 0.0889 0.7103 0.1673 -0.6808 -0.0629 0.6158 -0.2238 -0.7017 0.2802 0.8714 -0.1095 0.4739 -0.0634
0.7437 -0.0233 -0.5828 -0.3267 0.2674 -0.5136 -0.8088 0.1031 0.7448 -0.3057 -0.5863 -0.0903 0.3159 0.2619 -0.7449 -0.5261 0.6179 -0.1626 -0.7687 0.0306 0.6509 0.2285 -0.7018 0.1772 0.9403 -0.0525 0.3243 0.0889 0.718 0.1423 -0.6707 -0.1207 0.67 -0.1414 -0.7087 0.1694 0.8714 -0.1095 0.4739 -0.0634
0.7437 -0.0233 -0.5828 -0.3267 0.2674 -0.5136 -0.8088 0.1031 0.7448 -0.3057 -0.5863 -0.0903 0.3159 0.2619 -0.7449 -0.5261 0.6179 -0.1626 -0.7687 0.0306 0.6509 0.2285 -0.7018 0.1772 0.9403 -0.0525 0.3243 0.0889 0.718 0.1423 -0.6707 -0.1207 0.67 -0.1414 -0.7087 0.1694 0.8714 -0.1095 0.4739 -0.0634
0.7457 -0.0271 -0.5738 -0.3375 0.2674 -0.5136 -0.8088 0.1031 0.7448 -0.3057 -0.5863 -0.0903 0.3159 0.2619 -0.7449 -0.5261 0.6179 -0.1626 -0.7687 0.0306 0.6509 0.2285 -0.7018 0.1772 0.9403 -0.0525 0.3243 0.0889 0.718 0.1423 -0.6707 -0.1207 0.67 -0.1414 -0.7087 0.1694 0.8835 -0.1147 0.4402 -0.1118
0.7457 -0.0271 -0.5738 -0.3375 0.2674 -0.5136 -0.8088 0.1031 0.7448 -0.3057 -0.5863 -0.0903 0.3159 0.2619 -0.7449 -0.5261 0.6179 -0.1626 -0.7687 0.0306 0.6509 0.2285 -0.7018 0.1772 0.9403 -0.0525 0.3243 0.0889 0.718 0.1423 -0.6707 -0.1207 0.67 -0.1414 -0.7087 0.1694 0.8835 -0.1147 0.4402 -0.1118
0.7457 -0.0271 -0.5738 -0.3375 0.2674 -0.5136 -0.8088 0.1031 0.7448 -0.3057 -0.5863 -0.0903 0.3159 0.2619 -0.7449 -0.5261 0.6179 -0.1626 -0.7687 0.0306 0.6631 0.2335 -0.6912 0.1671 0.9391 -0.0507 0.3279 0.0897 0.718 0.1423 -0.6707 -0.1207 0.67 -0.1414 -0.7087 0.1694 0.8835 -0.1147 0.4402 -0.1118
0.7457 -0.0271 -0.5738 -0.3375 0.2674 -0.5136 -0.8088 0.1031 0.7448 -0.3057 -0.5863 -0.0903 0.3342 0.2748 -0.7263 -0.5342 0.6179 -0.1626 -0.7687 0.0306 0.6631 0.2335 -0.6912 0.1671 0.9391 -0.0507 0.3279 0.0897 0.718 0.1423 -0.6707 -0.1207 0.67 -0.1414 -0.7087 0.1694 0.8835 -0.1147 0.4402 -0.1118
0.7457 -0.0271 -0.5738 -0.3375 0.2674 -0.5136 -0.8088 0.1031 0.7448 -0.3057 -0.5863 -0.0903 0.3342 0.2748 -0.7263 -0.5342 0.5975 -0.1472 -0.7882 0.0011 0.6631 0.2335 -0.6912 0.1671 0.9391 -0.0507 0.3279 0.0897 0.7117 0.1726 -0.6689 -0.1274 0.67 -0.1414 -0.7087 0.1694 0.8835 -0.1147 0.4402 -0.1118
0.7457 -0.0271 -0.5738 -0.3375 0.2674 -0.5136 -0.8088 0.1031 0.7448 -0.3057 -0.5863 -0.0903 0.3342 0.2748 -0.7263 -0.5342 0.5975 -0.1472 -0.7882 0.0011 0.6631 0.2335 -0.6912 0.1671 0.9391 -0.0507 0.3279 0.0897 0.7117 0.1726 -0.6689 -0.1274 0.67 -0.1414 -0.7087 0.1694 0.8835 -0.1147 0.4402 -0.1118
0.7457 -0.0271 -0.5738 -0.3375 0.2674 -0.5136 -0.8088 0.1031 0.7654 -0.285 -0.5752 -0.0463 0.3342 0.2748 -0.7263 -0.5342 0.5975 -0.1472 -0.7882 0.0011 0.6631 0.2335 -0.6912 0.1671 0.9391 -0.0507 0.3279 0.0897 0.7117 0.1726 -0.6689 -0.1274 0.67 -0.1414 -0.7087 0.1694 0.8835 -0.1147 0.4402 -0.1118
0.7604 -4.0E-4 -0.5598 -0.3293 0.2674 -0.5136 -0.8088 0.1031 0.7654 -0.285 -0.5752 -0.0463 0.3342 0.2748 -0.7263 -0.5342 0.5975 -0.1472 -0.7882 0.0011 0.6631 0.2335 -0.6912 0.1671 0.9391 -0.0507 0.3279 0.0897 0.7117 0.1726 -0.6689 -0.1274 0.67 -0.1414 -0.7087 0.1694 0.8835 -0.1147 0.4402 -0.1118
0.7604 -4.0E-4 -0.5598 -0.3293 0.2674 -0.5136 -0.8088 0.1031 0.7654 -0.285 -0.5752 -0.0463 0.3342 0.2748 -0.7263 -0.5342 0.5975 -0.1472 -0.7882 0.0011 0.6631 0.2335 -0.6912 0.1671 0.9391 -0.0507 0.3279 0.0897 0.7117 0.1726 -0.6689 -0.1274 0.67 -0.1414 -0.7087 0.1694 0.8835 -0.1147 0.4402 -0.1118
0.7604 -4.0E-4 -0.5598 -0.3293 0.2674 -0.5136 -0.8088 0.1031 0.7654 -0.285 -0.5752 -0.0463 0.3342 0.2748 -0.7263 -0.5342 0.5975 -0.1472 -0.7882 0.0011 0.6832 0.2667 -0.67 0.1151 0.9289 -0.0484 0.3565 0.0878 0.7117 0.1726 -0.6689 -0.1274 0.67 -0.1414 -0.7087 0.1694 0.8835 -0.1147 0.4402 -0.1118
0.7604 -4.0E-4 -0.5598 -0.3293 0.2674 -0.5136 -0.8088 0.1031 0.7654 -0.285 -0.5752 -0.0463 0.3605 0.3027 -0.7072 -0.5276 0.5975 -0.1472 -0.7882 0.0011 0.6832 0.2667 -0.67 0.1151 0.9289 -0.0484 0.3565 0.0878 0.7117 0.1726 -0.6689 -0.1274 0.67 -0.1414 -0.7087 0.1694 0.8835 -0.1147 0.4402 -0.1118
0.7604 -4.0E-4 -0.5598 -0.3293 0.2674 -0.5136 -0.8088 0.1031 0.7654 -0.285 -0.5752 -0.0463 0.3605 0.3027 -0.7072 -0.5276 0.5975 -0.1472 -0.7882 0.0011 0.6832 0.2667 -0.67 0.1151 0.9289 -0.0484 0.3565 0.0878 0.7117 0.1726 -0.6689 -0.1274 0.67 -0.1414 -0.7087 0.1694 0.8835 -0.1147 0.4402 -0.1118
0.7604 -4.0E-4 -0.5598 -0.3293 0.2674 -0.5136 -0.8088 0.1031 0.7654 -0.285 -0.5752 -0.0463 0.3605 0.3027 -0.7072 -0.5276 0.5975 -0.1472 -0.7882 0.0011 0.6832 0.2667 -0.67 0.1151 0.9289 -0.0484 0.3565 0.0878 0.7102 0.1739 -0.6725 -0.1146 0.6982 -0.0752 -0.7079 0.0747 0.8835 -0.1147 0.4402 -0.1118
0.7604 -4.0E-4 -0.5598 -0.3293 0.2674 -0.5136 -0.8088 0.1031 0.7654 -0.285 -0.5752 -0.0463 0.3605 0.3027 -0.7072 -0.5276 0.5975 -0.1472 -0.7882 0.0011 0.6832 0.2667 -0.67 0.1151 0.9289 -0.0484 0.3565 0.0878 0.7102 0.1739 -0.6725 -0.1146 0.6982 -0.0752 -0.7079 0.0747 0.8835 -0.1147 0.4402 -0.1118
0.7656 -0.0072 -0.5565 -0.3225 0.2674 -0.5136 -0.8088 0.1031 0.7635 -0.2617 -0.5887 -0.0449 0.3605 0.3027 -0.7072 -0.5276 0.5975 -0.1472 -0.7882 0.0011 0.6832 0.2667 -0.67 0.1151 0.9289 -0.0484 0.3565 0.0878 0.7102 0.1739 -0.6725 -0.1146 0.6982 -0.0752 -0.7079 0.0747 0.8835 -0.1147 0.4402 -0.1118
0.7656 -0.0072 -0.5565 -0.3225 0.2674 -0.5136 -0.8088 0.1031 0.7635 -0.2617 -0.5887 -0.0449 0.3605 0.3027 -0.7072 -0.5276 0.5975 -0.1472 -0.7882 0.0011 0.6832 0.2667 -0.67 0.1151 0.9289 -0.0484 0.3565 0.0878 0.7102 0.1739 -0.6725 -0.1146 0.6982 -0.0752 -0.7079 0.0747 0.8835 -0.1147 0.4402 -0.1118
0.7656 -0.0072 -0.5565 -0.3225 0.2674 -0.5136 -0.8088 0.1031 0.7635 -0.2617 -0.5887 -0.0449 0.3605 0.3027 -0.7072 -0.5276 0.5975 -0.1472 -0.7882 0.0011 0.71 0.308 -0.6313 0.0506 0.8622 -0.0078 0.4999 0.0815 0.7102 0.1739 -0.6725 -0.1146 0.6982 -0.0752 -0.7079 0.0747 0.8835 -0.1147 0.4402 -0.1118
0.7656 -0.0072 -0.5565 -0.3225 0.2674 -0.5136 -0.8088 0.1031 0.7635 -0.2617 -0.5887 -0.0449 0.3536 0.3113 -0.7059 -0.5289 0.5975 -0.1472 -0.7882 0.0011 0.71 0.308 -0.6313 0.0506 0.8622 -0.0078 0.4999 0.0815 0.7102 0.1739 -0.6725 -0.1146 0.6982 -0.0752 -0.7079 0.0747 0.8835 -0.1147 0.4402 -0.1118
0.7656 -0.0072 -0.5565 -0.3225 0.2674 -0.5136 -0.8088 0.1031 0.7635 -0.2617 -0.5887 -0.0449 0.3536 0.3113 -0.7059 -0.5289 0.6599 -0.1536 -0.7355 -0.0032 0.71 0.308 -0.6313 0.0506 0.8622 -0.0078 0.4999 0.0815 0.7102 0.1739 -0.6725 -0.1146 0.6982 -0.0752 -0.7079 0.0747 0.8835 -0.1147 0.4402 -0.1118
0.7656 -0.0072 -0.5565 -0.3225 0.2674 -0.5136 -0.8088 0.1031 0.7635 -0.2617 -0.5887 -0.0449 0.3536 0.3113 -0.7059 -0.5289 0.6599 -0.1536 -0.7355 -0.0032 0.71 0.308 -0.6313 0.0506 0.8622 -0.0078 0.4999 0.0815 0.7102 0.1739 -0.6725 -0.1146 0.6865 -0.092 -0.7134 0.1064 0.8835 -0.1147 0.4402 -0.1118
0.7656 -0.0072 -0.5565 -0.3225 0.2674 -0.5136 -0.8088 0.1031 0.7659 -0.259 -0.585 -0.0636 0.3536 0.3113 -0.7059 -0.5289 0.6599 -0.1536 -0.7355 -0.0032 0.71 0.308 -0.6313 0.0506 0.8622 -0.0078 0.4999 0.0815 0.7102 0.1739 -0.6725 -0.1146 0.6865 -0.092 -0.7134 0.1064 0.8835 -0.1147 0.4402 -0.1118
0.7697 -0.0239 -0.5519 -0.32 0.2674 -0.5136 -0.8088 0.1031 0.7659 -0.259 -0.585 -0.0636 0.3536 0.3113 -0.7059 -0.5289 0.6599 -0.1536 -0.7355 -0.0032 0.71 0.308 -0.6313 0.0506 0.8622 -0.0078 0.4999 0.0815 0.7102 0.1739 -0.6725 -0.1146 0.6865 -0.092 -0.7134 0.1064 0.8835 -0.1147 0.4402 -0.1118
0.7697 -0.0239 -0.5519 -0.32 0.2674 -0.5136 -0.8088 0.1031 0.7659 -0.259 -0.585 -0.0636 0.3536 0.3113 -0.7059 -0.5289 0.6599 -0.1536 -0.7355 -0.0032 0.71 0.308 -0.6313 0.0506 0.8622 -0.0078 0.4999 0.0815 0.7102 0.1739 -0.6725 -0.1146 0.6865 -0.092 -0.7134 0.1064 0.8835 -0.1147 0.4402 -0.1118
0.7697 -0.0239 -0.5519 -0.32 0.2674 -0.5136 -0.8088 0.1031 0.7659 -0.259 -0.585 -0.0636 0.3536 0.3113 -0.7059 -0.5289 0.6599 -0.1536 -0.7355 -0.0032 0.7136 0.2604 -0.6451 0.0825 0.8622 -0.0078 0.4999 0.0815 0.7102 0.1739 -0.6725 -0.1146 0.6865 -0.092 -0.7134 0.1064 0.8835 -0.1147 0.4402 -0.1118
0.7697 -0.0239 -0.5519 -0.32 0.2674 -0.5136 -0.8088 0.1031 0.7659 -0.259 -0.585 -0.0636 0.333 0.2983 -0.7126 -0.5406 0.6599 -0.1536 -0.7355 -0.0032 0.7136 0.2604 -0.6451 0.0825 0.8622 -0.0078 0.4999 0.0815 0.7102 0.1739 -0.6725 -0.1146 0.6865 -0.092 -0.7134 0.1064 0.8835 -0.1147 0.4402 -0.1118
0.7697 -0.0239 -0.5519 -0.32 0.2674 -0.5136 -0.8088 0.1031 0.7659 -0.259 -0.585 -0.0636 0.333 0.2983 -0.7126 -0.5406 0.6599 -0.1536 -0.7355 -0.0032 0.7136 0.2604 -0.6451 0.0825 0.8622 -0.0078 0.4999 0.0815 0.7102 0.1739 -0.6725 -0.1146 0.6865 -0.092 -0.7134 0.1064 0.8835 -0.1147 0.4402 -0.1118
0.7697 -0.0239 -0.5519 -0.32 0.2674 -0.5136 -0.8088 0.1031 0.7659 -0.259 -0.585 -0.0636 0.333 0.2983 -0.7126 -0.5406 0.6599 -0.1536 -0.7355 -0.0032 0.7136 0.2604 -0.6451 0.0825 0.8622 -0.0078 0.4999 0.0815 0.7102 0.1739 -0.6725 -0.1146 0.6865 -0.092 -0.7134 0.1064 0.8835 -0.1147 0.4402 -0.1118
0.7697 -0.0239 -0.5519 -0.32 0.2674 -0.5136 -0.8088 0.1031 0.7659 -0.259 -0.585 -0.0636 0.333 0.2983 -0.7126 -0.5406 0.6599 -0.1536 -0.7355 -0.0032 0.7136 0.2604 -0.6451 0.0825 0.8622 -0.0078 0.4999 0.0815 0.7102 0.1739 -0.6725 -0.1146 0.6865 -0.092 -0.7134 0.1064 0.8835 -0.1147 0.4402 -0.1118
0.7697 -0.0239 -0.5519 -0.32 0.2674 -0.5136 -0.8088 0.1031 0.7724 -0.2643 -0.5726 -0.0755 0.333 0.2983 -0.7126 -0.5406 0.6599 -0.1536 -0.7355 -0.0032 0.7136 0.2604 -0.6451 0.0825 0.8622 -0.0078 0.4999 0.0815 0.7102 0.1739 -0.6725 -0.1146 0.6865 -0.092 -0.7134 0.1064 0.8835 -0.1147 0.4402 -0.1118
0.7697 -0.0239 -0.5519 -0.32 0.2674 -0.5136 -0.8088 0.1031 0.7724 -0.2643 -0.5726 -0.0755 0.333 0.2983 -0.7126 -0.5406 0.6599 -0.1536 -0.7355 -0.0032 0.7136 0.2604 -0.6451 0.0825 0.8622 -0.0078 0.4999 0.0815 0.7102 0.1739 -0.6725 -0.1146 0.6865 -0.092 -0.7134 0.1064 0.8835 -0.1147 0.4402 -0.1118
0.7697 -0.0239 -0.5519 -0.32 0.2674 -0.5136 -0.8088 0.1031 0.7724 -0.2643 -0.5726 -0.0755 0.333 0.2983 -0.7126 -0.5406 0.6599 -0.1536 -0.7355 -0.0032 0.6598 0.1989 -0.688 0.2275 0.923 -0.0581 0.3522 0.144 0.7102 0.1739 -0.6725 -0.1146 0.6865 -0.092 -0.7134 0.1064 0.8835 -0.1147 0.4402 -0.1118
0.7697 -0.0239 -0.5519 -0.32 0.2674 -0.5136 -0.8088 0.1031 0.7724 -0.2643 -0.5726 -0.0755 0.3355 0.291 -0.7049 -0.553 0.6599 -0.1536 -0.7355 -0.0032 0.6598 0.1989 -0.688 0.2275 0.923 -0.0581 0.3522 0.144 0.7102 0.1739 -0.6725 -0.1146 0.6865 -0.092 -0.7134 0.1064 0.8835 -0.1147 0.4402 -0.1118
0.7697 -0.0239 -0.5519 -0.32 0.2674 -0.5136 -0.8088 0.1031 0.7724 -0.2643 -0.5726 -0.0755 0.3355 0.291 -0.7049 -0.553 0.6472 -0.1044 -0.7538 0.0431 0.6598 0.1989 -0.688 0.2275 0.923 -0.0581 0.3522 0.144 0.684 0.1697 -0.709 0.0233 0.6865 -0.092 -0.7134 0.1064 0.8835 -0.1147 0.4402 -0.1118
0.7697 -0.0239 -0.5519 -0.32 0.2674 -0.5136 -0.8088 0.1031 0.7724 -0.2643 -0.5726 -0.0755 0.3355 0.291 -0.7049 -0.553 0.6472 -0.1044 -0.7538 0.0431 0.6598 0.1989 -0.688 0.2275 0.923 -0.0581 0.3522 0.144 0.684 0.1697 -0.709 0.0233 0.6865 -0.092 -0.7134 0.1064 0.8835 -0.1147 0.4402 -0.1118
0.7697 -0.0239 -0.5519 -0.32 0.2674 -0.5136 -0.8088 0.1031 0.7861 -0.2525 -0.5582 -0.0822 0.3355 0.291 -0.7049 -0.553 0.6472 -0.1044 -0.7538 0.0431 0.6598 0.1989 -0.688 0.2275 0.923 -0.0581 0.3522 0.144 0.684 0.1697 -0.709 0.0233 0.6865 -0.092 -0.7134 0.1064 0.8835 -0.1147 0.4402 -0.1118
0.7654 -0.0436 -0.5616 -0.3112 0.2674 -0.5136 -0.8088 0.1031 0.7861 -0.2525 -0.5582 -0.0822 0.3355 0.291 -0.7049 -0.553 0.6472 -0.1044 -0.7538 0.0431 0.6598 0.1989 -0.688 0.2275 0.923 -0.0581 0.3522 0.144 0.684 0.1697 -0.709 0.0233 0.6865 -0.092 -0.7134 0.1064 0.8835 -0.1147 0.4402 -0.1118
0.7654 -0.0436 -0.5616 -0.3112 0.2674 -0.5136 -0.8088 0.1031 0.7861 -0.2525 -0.5582 -0.0822 0.3355 0.291 -0.7049 -0.553 0.6472 -0.1044 -0.7538 0.0431 0.6598 0.1989 -0.688 0.2275 0.923 -0.0581 0.3522 0.144 0.684 0.1697 -0.709 0.0233 0.6865 -0.092 -0.7134 0.1064 0.8835 -0.1147 0.4402 -0.1118
0.7654 -0.0436 -0.5616 -0.3112 0.2674 -0.5136 -0.8088 0.1031 0.7861 -0.2525 -0.5582 -0.0822 0.3355 0.291 -0.7049 -0.553 0.6472 -0.1044 -0.7538 0.0431 0.6526 0.1793 -0.7021 0.2211 0.9323 -0.0679 0.3319 0.1264 0.684 0.1697 -0.709 0.0233 0.6865 -0.092 -0.7134 0.1064 0.8835 -0.1147 0.4402 -0.1118
0.7654 -0.0436 -0.5616 -0.3112 0.2674 -0.5136 -0.8088 0.1031 0.7861 -0.2525 -0.5582 -0.0822 0.3522 0.3033 -0.6763 -0.5715 0.6472 -0.1044 -0.7538 0.0431 0.6526 0.1793 -0.7021 0.2211 0.9323 -0.0679 0.3319 0.1264 0.684 0.1697 -0.709 0.0233 0.6865 -0.092 -0.7134 0.1064 0.8835 -0.1147 0.4402 -0.1118
