rt-uaw rt-uax rt-uay rt-uaz rt-faw rt-fax rt-fay rt-faz rt-thw rt-thx rt-thy rt-thz rt-llw rt-llx rt-lly rt-llz rt-ftw rt-ftx rt-fty rt-ftz lt-uaw lt-uax lt-uay lt-uaz lt-faw lt-fax lt-fay lt-faz lt-thw lt-thx lt-thy lt-thz lt-llw lt-llx lt-lly lt-llz lt-ftw lt-ftx lt-fty lt-ftz 
-0.7626 0.3754 0.469 0.2399 -0.4249 0.3983 0.7828 -0.2192 -0.4977 0.4442 0.3584 0.6531 -0.7082 -0.2347 0.6655 0.0225 -0.6019 0.2424 0.7072 0.2808 -0.7354 0.0118 0.6738 0.0717 -0.9268 -0.2151 -0.269 0.1494 -0.696 0.2177 0.6832 0.0378 -0.6008 -0.4492 0.5519 -0.3643 -0.9428 0.0789 -0.319 -0.0558
-0.7626 0.3754 0.469 0.2399 -0.4249 0.3983 0.7828 -0.2192 -0.4977 0.4442 0.3584 0.6531 -0.7082 -0.2347 0.6655 0.0225 -0.6019 0.2424 0.7072 0.2808 -0.7354 0.0118 0.6738 0.0717 -0.9268 -0.2151 -0.269 0.1494 -0.696 0.2177 0.6832 0.0378 -0.6008 -0.4492 0.5519 -0.3643 -0.9428 0.0789 -0.319 -0.0558
-0.7626 0.3754 0.469 0.2399 -0.4711 0.3747 0.7834 -0.1547 -0.4977 0.4442 0.3584 0.6531 -0.7082 -0.2347 0.6655 0.0225 -0.6019 0.2424 0.7072 0.2808 -0.7354 0.0118 0.6738 0.0717 -0.9268 -0.2151 -0.269 0.1494 -0.696 0.2177 0.6832 0.0378 -0.5993 -0.4537 0.5483 -0.3665 -0.943 0.0793 -0.3185 -0.0555
-0.7626 0.3754 0.469 0.2399 -0.4711 0.3747 0.7834 -0.1547 -0.4977 0.4442 0.3584 0.6531 -0.7082 -0.2347 0.6655 0.0225 -0.6019 0.2424 0.7072 0.2808 -0.7354 0.0118 0.6738 0.0717 -0.9268 -0.2151 -0.269 0.1494 -0.696 0.2177 0.6832 0.0378 -0.5993 -0.4537 0.5483 -0.3665 -0.943 0.0793 -0.3185 -0.0555
-0.7653 0.3516 0.4963 0.2103 -0.4711 0.3747 0.7834 -0.1547 -0.4977 0.4442 0.3584 0.6531 -0.7082 -0.2347 0.6655 0.0225 -0.6019 0.2424 0.7072 0.2808 -0.7365 0.0081 0.6727 0.0707 -0.9268 -0.2151 -0.269 0.1494 -0.696 0.2177 0.6832 0.0378 -0.5993 -0.4537 0.5483 -0.3665 -0.943 0.0793 -0.3185 -0.0555
-0.7653 0.3516 0.4963 0.2103 -0.4711 0.3747 0.7834 -0.1547 -0.4977 0.4442 0.3584 0.6531 -0.7082 -0.2347 0.6655 0.0225 -0.6019 0.2424 0.7072 0.2808 -0.7365 0.0081 0.6727 0.0707 -0.9268 -0.2151 -0.269 0.1494 -0.696 0.2177 0.6832 0.0378 -0.5993 -0.4537 0.5483 -0.3665 -0.943 0.0793 -0.3185 -0.0555
-0.7653 0.3516 0.4963 0.2103 -0.4711 0.3747 0.7834 -0.1547 -0.4977 0.4442 0.3584 0.6531 -0.7358 -0.2989 0.5983 -0.1063 -0.6019 0.2424 0.7072 0.2808 -0.7365 0.0081 0.6727 0.0707 -0.9268 -0.2151 -0.269 0.1494 -0.696 0.2177 0.6832 0.0378 -0.5993 -0.4537 0.5483 -0.3665 -0.943 0.0793 -0.3185 -0.0555
-0.7653 0.3516 0.4963 0.2103 -0.5248 0.3454 0.7722 -0.0951 -0.4977 0.4442 0.3584 0.6531 -0.7358 -0.2989 0.5983 -0.1063 -0.6019 0.2424 0.7072 0.2808 -0.7365 0.0081 0.6727 0.0707 -0.9268 -0.2151 -0.269 0.1494 -0.696 0.2177 0.6832 0.0378 -0.5993 -0.4537 0.5483 -0.3665 -0.943 0.0793 -0.3185 -0.0555
-0.7653 0.3516 0.4963 0.2103 -0.5248 0.3454 0.7722 -0.0951 -0.4977 0.4442 0.3584 0.6531 -0.7358 -0.2989 0.5983 -0.1063 -0.6019 0.2424 0.7072 0.2808 -0.7365 0.0081 0.6727 0.0707 -0.9268 -0.2151 -0.269 0.1494 -0.696 0.2177 0.6832 0.0378 -0.5992 -0.4555 0.5468 -0.3668 -0.943 0.0793 -0.3185 -0.0555
-0.7653 0.3516 0.4963 0.2103 -0.5248 0.3454 0.7722 -0.0951 -0.4977 0.4442 0.3584 0.6531 -0.7358 -0.2989 0.5983 -0.1063 -0.6019 0.2424 0.7072 0.2808 -0.7366 0.007 0.6727 0.0702 -0.9268 -0.2151 -0.269 0.1494 -0.696 0.2177 0.6832 0.0378 -0.5992 -0.4555 0.5468 -0.3668 -0.943 0.0793 -0.3185 -0.0555
-0.7653 0.3516 0.4963 0.2103 -0.5248 0.3454 0.7722 -0.0951 -0.4977 0.4442 0.3584 0.6531 -0.7358 -0.2989 0.5983 -0.1063 -0.6019 0.2424 0.7072 0.2808 -0.7366 0.007 0.6727 0.0702 -0.9268 -0.2151 -0.269 0.1494 -0.696 0.2177 0.6832 0.0378 -0.5992 -0.4555 0.5468 -0.3668 -0.943 0.0793 -0.3185 -0.0555
-0.7653 0.3516 0.4963 0.2103 -0.5248 0.3454 0.7722 -0.0951 -0.4977 0.4442 0.3584 0.6531 -0.7358 -0.2989 0.5983 -0.1063 -0.6019 0.2424 0.7072 0.2808 -0.7366 0.007 0.6727 0.0702 -0.9268 -0.2151 -0.269 0.1494 -0.696 0.2177 0.6832 0.0378 -0.5992 -0.4555 0.5468 -0.3668 -0.943 0.0793 -0.3185 -0.0555
-0.7653 0.3516 0.4963 0.2103 -0.5248 0.3454 0.7722 -0.0951 -0.4977 0.4442 0.3584 0.6531 -0.7358 -0.2989 0.5983 -0.1063 -0.6019 0.2424 0.7072 0.2808 -0.7366 0.007 0.6727 0.0702 -0.9271 -0.2143 -0.2688 0.1494 -0.696 0.2177 0.6832 0.0378 -0.5992 -0.4555 0.5468 -0.3668 -0.943 0.0793 -0.3185 -0.0555
-0.7653 0.3516 0.4963 0.2103 -0.5248 0.3454 0.7722 -0.0951 -0.6495 0.3329 0.4725 0.494 -0.7358 -0.2989 0.5983 -0.1063 -0.6019 0.2424 0.7072 0.2808 -0.7366 0.007 0.6727 0.0702 -0.9271 -0.2143 -0.2688 0.1494 -0.696 0.2177 0.6832 0.0378 -0.5992 -0.4555 0.5468 -0.3668 -0.943 0.0793 -0.3185 -0.0555
-0.7653 0.3516 0.4963 0.2103 -0.5248 0.3454 0.7722 -0.0951 -0.6495 0.3329 0.4725 0.494 -0.7358 -0.2989 0.5983 -0.1063 -0.6019 0.2424 0.7072 0.2808 -0.7366 0.007 0.6727 0.0702 -0.9271 -0.2143 -0.2688 0.1494 -0.6978 0.1985 0.6877 0.0291 -0.5992 -0.4555 0.5468 -0.3668 -0.943 0.0793 -0.3185 -0.0555
-0.7653 0.3516 0.4963 0.2103 -0.5248 0.3454 0.7722 -0.0951 -0.6495 0.3329 0.4725 0.494 -0.7358 -0.2989 0.5983 -0.1063 -0.6019 0.2424 0.7072 0.2808 -0.7366 0.007 0.6727 0.0702 -0.9271 -0.2143 -0.2688 0.1494 -0.6978 0.1985 0.6877 0.0291 -0.5992 -0.4555 0.5468 -0.3668 -0.9431 0.0801 -0.3181 -0.0551
-0.7653 0.3516 0.4963 0.2103 -0.5248 0.3454 0.7722 -0.0951 -0.6495 0.3329 0.4725 0.494 -0.7358 -0.2989 0.5983 -0.1063 -0.6019 0.2424 0.7072 0.2808 -0.7366 0.007 0.6727 0.0702 -0.9271 -0.2143 -0.2688 0.1494 -0.6978 0.1985 0.6877 0.0291 -0.5999 -0.455 0.5474 -0.3654 -0.9431 0.0801 -0.3181 -0.0551
-0.7624 0.3438 0.5056 0.2121 -0.5248 0.3454 0.7722 -0.0951 -0.6495 0.3329 0.4725 0.494 -0.7358 -0.2989 0.5983 -0.1063 -0.6019 0.2424 0.7072 0.2808 -0.7363 0.0085 0.6727 0.0723 -0.9271 -0.2143 -0.2688 0.1494 -0.6978 0.1985 0.6877 0.0291 -0.5999 -0.455 0.5474 -0.3654 -0.9431 0.0801 -0.3181 -0.0551
-0.7624 0.3438 0.5056 0.2121 -0.5248 0.3454 0.7722 -0.0951 -0.6495 0.3329 0.4725 0.494 -0.7358 -0.2989 0.5983 -0.1063 -0.6019 0.2424 0.7072 0.2808 -0.7363 0.0085 0.6727 0.0723 -0.9271 -0.2143 -0.2688 0.1494 -0.6978 0.1985 0.6877 0.0291 -0.5999 -0.455 0.5474 -0.3654 -0.9431 0.0801 -0.3181 -0.0551
-0.7624 0.3438 0.5056 0.2121 -0.5248 0.3454 0.7722 -0.0951 -0.6495 0.3329 0.4725 0.494 -0.7358 -0.2989 0.5983 -0.1063 -0.6019 0.2424 0.7072 0.2808 -0.7363 0.0085 0.6727 0.0723 -0.9271 -0.2142 -0.2686 0.1494 -0.6978 0.1985 0.6877 0.0291 -0.5999 -0.455 0.5474 -0.3654 -0.9431 0.0801 -0.3181 -0.0551
-0.7624 0.3438 0.5056 0.2121 -0.5248 0.3454 0.7722 -0.0951 -0.6495 0.3329 0.4725 0.494 -0.7358 -0.2989 0.5983 -0.1063 -0.6019 0.2424 0.7072 0.2808 -0.7363 0.0085 0.6727 0.0723 -0.9271 -0.2142 -0.2686 0.1494 -0.6975 0.2017 0.6868 0.0323 -0.5999 -0.455 0.5474 -0.3654 -0.9431 0.0801 -0.3181 -0.0551
-0.7624 0.3438 0.5056 0.2121 -0.5659 0.3467 0.7478 -0.0189 -0.6495 0.3329 0.4725 0.494 -0.7358 -0.2989 0.5983 -0.1063 -0.6019 0.2424 0.7072 0.2808 -0.7363 0.0085 0.6727 0.0723 -0.9271 -0.2142 -0.2686 0.1494 -0.6975 0.2017 0.6868 0.0323 -0.5999 -0.455 0.5474 -0.3654 -0.9431 0.0801 -0.3181 -0.0551
-0.7624 0.3438 0.5056 0.2121 -0.5659 0.3467 0.7478 -0.0189 -0.6495 0.3329 0.4725 0.494 -0.7358 -0.2989 0.5983 -0.1063 -0.6019 0.2424 0.7072 0.2808 -0.7363 0.0085 0.6727 0.0723 -0.9271 -0.2142 -0.2686 0.1494 -0.6975 0.2017 0.6868 0.0323 -0.5999 -0.455 0.5474 -0.3654 -0.9431 0.0801 -0.3181 -0.0551
-0.7624 0.3438 0.5056 0.2121 -0.5659 0.3467 0.7478 -0.0189 -0.6495 0.3329 0.4725 0.494 -0.7358 -0.2989 0.5983 -0.1063 -0.6019 0.2424 0.7072 0.2808 -0.7363 0.0085 0.6727 0.0723 -0.9271 -0.2142 -0.2686 0.1494 -0.6975 0.2017 0.6868 0.0323 -0.5999 -0.455 0.5474 -0.3654 -0.9431 0.0801 -0.3181 -0.0551
-0.7624 0.3438 0.5056 0.2121 -0.5659 0.3467 0.7478 -0.0189 -0.6495 0.3329 0.4725 0.494 -0.7358 -0.2989 0.5983 -0.1063 -0.6019 0.2424 0.7072 0.2808 -0.7363 0.0085 0.6727 0.0723 -0.9271 -0.2142 -0.2686 0.1494 -0.6975 0.2017 0.6868 0.0323 -0.5999 -0.455 0.5474 -0.3654 -0.9431 0.0801 -0.3181 -0.0551
-0.7624 0.3438 0.5056 0.2121 -0.5659 0.3467 0.7478 -0.0189 -0.6495 0.3329 0.4725 0.494 -0.7358 -0.2989 0.5983 -0.1063 -0.6019 0.2424 0.7072 0.2808 -0.7363 0.0085 0.6727 0.0723 -0.9271 -0.2142 -0.2686 0.1494 -0.6975 0.2017 0.6868 0.0323 -0.5999 -0.455 0.5474 -0.3654 -0.9431 0.0801 -0.3181 -0.0551
-0.7624 0.3438 0.5056 0.2121 -0.5659 0.3467 0.7478 -0.0189 -0.6495 0.3329 0.4725 0.494 -0.7358 -0.2989 0.5983 -0.1063 -0.6019 0.2424 0.7072 0.2808 -0.7363 0.0085 0.6727 0.0723 -0.9272 -0.2144 -0.2686 0.1491 -0.6975 0.2017 0.6868 0.0323 -0.5999 -0.455 0.5474 -0.3654 -0.9431 0.0801 -0.3181 -0.0551
-0.7624 0.3438 0.5056 0.2121 -0.5659 0.3467 0.7478 -0.0189 -0.6495 0.3329 0.4725 0.494 -0.7358 -0.2989 0.5983 -0.1063 -0.6019 0.2424 0.7072 0.2808 -0.7363 0.0085 0.6727 0.0723 -0.9272 -0.2144 -0.2686 0.1491 -0.697 0.2068 0.6856 0.0372 -0.5999 -0.455 0.5474 -0.3654 -0.9431 0.0801 -0.3181 -0.0551
-0.7624 0.3438 0.5056 0.2121 -0.5659 0.3467 0.7478 -0.0189 -0.6495 0.3329 0.4725 0.494 -0.7358 -0.2989 0.5983 -0.1063 -0.6019 0.2424 0.7072 0.2808 -0.7363 0.0085 0.6727 0.0723 -0.9272 -0.2144 -0.2686 0.1491 -0.697 0.2068 0.6856 0.0372 -0.5999 -0.455 0.5474 -0.3654 -0.9431 0.0801 -0.3181 -0.0551
-0.7624 0.3438 0.5056 0.2121 -0.5659 0.3467 0.7478 -0.0189 -0.6495 0.3329 0.4725 0.494 -0.7358 -0.2989 0.5983 -0.1063 -0.6019 0.2424 0.7072 0.2808 -0.7363 0.0085 0.6727 0.0723 -0.9272 -0.2144 -0.2686 0.1491 -0.697 0.2068 0.6856 0.0372 -0.5999 -0.455 0.5474 -0.3654 -0.9431 0.0801 -0.3181 -0.0551
-0.7491 0.3649 0.4961 0.2441 -0.5659 0.3467 0.7478 -0.0189 -0.6495 0.3329 0.4725 0.494 -0.7358 -0.2989 0.5983 -0.1063 -0.6019 0.2424 0.7072 0.2808 -0.7363 0.0085 0.6727 0.0723 -0.9272 -0.2144 -0.2686 0.1491 -0.697 0.2068 0.6856 0.0372 -0.6008 -0.4514 0.5515 -0.3621 -0.9431 0.0808 -0.3181 -0.0549
-0.7491 0.3649 0.4961 0.2441 -0.5659 0.3467 0.7478 -0.0189 -0.6495 0.3329 0.4725 0.494 -0.7358 -0.2989 0.5983 -0.1063 -0.6019 0.2424 0.7072 0.2808 -0.7355 0.0139 0.6733 0.074 -0.9272 -0.2144 -0.2686 0.1491 -0.697 0.2068 0.6856 0.0372 -0.6008 -0.4514 0.5515 -0.3621 -0.9431 0.0808 -0.3181 -0.0549
-0.7491 0.3649 0.4961 0.2441 -0.5659 0.3467 0.7478 -0.0189 -0.6495 0.3329 0.4725 0.494 -0.7358 -0.2989 0.5983 -0.1063 -0.6019 0.2424 0.7072 0.2808 -0.7355 0.0139 0.6733 0.074 -0.9272 -0.2144 -0.2686 0.1491 -0.697 0.2068 0.6856 0.0372 -0.6008 -0.4514 0.5515 -0.3621 -0.9431 0.0808 -0.3181 -0.0549
-0.7491 0.3649 0.4961 0.2441 -0.5659 0.3467 0.7478 -0.0189 -0.6123 0.3545 0.4492 0.5455 -0.7358 -0.2989 0.5983 -0.1063 -0.6019 0.2424 0.7072 0.2808 -0.7355 0.0139 0.6733 0.074 -0.9272 -0.2144 -0.2686 0.1491 -0.697 0.2068 0.6856 0.0372 -0.6008 -0.4514 0.5515 -0.3621 -0.9431 0.0808 -0.3181 -0.0549
-0.7491 0.3649 0.4961 0.2441 -0.5659 0.3467 0.7478 -0.0189 -0.6123 0.3545 0.4492 0.5455 -0.7358 -0.2989 0.5983 -0.1063 -0.6019 0.2424 0.7072 0.2808 -0.7355 0.0139 0.6733 0.074 -0.9272 -0.2144 -0.2686 0.1491 -0.697 0.2068 0.6856 0.0372 -0.6008 -0.4514 0.5515 -0.3621 -0.9431 0.0808 -0.3181 -0.0549
-0.7491 0.3649 0.4961 0.2441 -0.5659 0.3467 0.7478 -0.0189 -0.6123 0.3545 0.4492 0.5455 -0.7358 -0.2989 0.5983 -0.1063 -0.6019 0.2424 0.7072 0.2808 -0.7355 0.0139 0.6733 0.074 -0.9272 -0.2144 -0.2686 0.1491 -0.697 0.2068 0.6856 0.0372 -0.6008 -0.4514 0.5515 -0.3621 -0.9429 0.0811 -0.3185 -0.0548
-0.7491 0.3649 0.4961 0.2441 -0.5659 0.3467 0.7478 -0.0189 -0.6123 0.3545 0.4492 0.5455 -0.7358 -0.2989 0.5983 -0.1063 -0.6019 0.2424 0.7072 0.2808 -0.7355 0.0139 0.6733 0.074 -0.9272 -0.2144 -0.2686 0.1491 -0.697 0.2068 0.6856 0.0372 -0.6018 -0.4471 0.5556 -0.3594 -0.9429 0.0811 -0.3185 -0.0548
-0.7391 0.3788 0.4926 0.2598 -0.5659 0.3467 0.7478 -0.0189 -0.6123 0.3545 0.4492 0.5455 -0.7358 -0.2989 0.5983 -0.1063 -0.6019 0.2424 0.7072 0.2808 -0.7355 0.0139 0.6733 0.074 -0.9272 -0.2144 -0.2686 0.1491 -0.697 0.2068 0.6856 0.0372 -0.6018 -0.4471 0.5556 -0.3594 -0.9429 0.0811 -0.3185 -0.0548
-0.7391 0.3788 0.4926 0.2598 -0.5659 0.3467 0.7478 -0.0189 -0.6123 0.3545 0.4492 0.5455 -0.7358 -0.2989 0.5983 -0.1063 -0.6019 0.2424 0.7072 0.2808 -0.7347 0.0183 0.6738 0.0761 -0.9272 -0.2144 -0.2686 0.1491 -0.697 0.2068 0.6856 0.0372 -0.6018 -0.4471 0.5556 -0.3594 -0.9429 0.0811 -0.3185 -0.0548
-0.7391 0.3788 0.4926 0.2598 -0.5659 0.3467 0.7478 -0.0189 -0.6123 0.3545 0.4492 0.5455 -0.7358 -0.2989 0.5983 -0.1063 -0.5985 0.2442 0.7056 0.2904 -0.7347 0.0183 0.6738 0.0761 -0.9272 -0.2144 -0.2686 0.1491 -0.697 0.2068 0.6856 0.0372 -0.6018 -0.4471 0.5556 -0.3594 -0.9429 0.0811 -0.3185 -0.0548
-0.7391 0.3788 0.4926 0.2598 -0.5659 0.3467 0.7478 -0.0189 -0.5974 0.368 0.4335 0.5654 -0.7358 -0.2989 0.5983 -0.1063 -0.5985 0.2442 0.7056 0.2904 -0.7347 0.0183 0.6738 0.0761 -0.9272 -0.2144 -0.2686 0.1491 -0.697 0.2068 0.6856 0.0372 -0.6018 -0.4471 0.5556 -0.3594 -0.9429 0.0811 -0.3185 -0.0548
-0.7391 0.3788 0.4926 0.2598 -0.5659 0.3467 0.7478 -0.0189 -0.5974 0.368 0.4335 0.5654 -0.7358 -0.2989 0.5983 -0.1063 -0.5985 0.2442 0.7056 0.2904 -0.7347 0.0183 0.6738 0.0761 -0.9272 -0.2144 -0.2686 0.1491 -0.697 0.2068 0.6856 0.0372 -0.6018 -0.4471 0.5556 -0.3594 -0.9429 0.0811 -0.3185 -0.0548
-0.7391 0.3788 0.4926 0.2598 -0.5612 0.3915 0.7285 0.0328 -0.5974 0.368 0.4335 0.5654 -0.7358 -0.2989 0.5983 -0.1063 -0.5985 0.2442 0.7056 0.2904 -0.7347 0.0183 0.6738 0.0761 -0.9272 -0.2144 -0.2686 0.1491 -0.697 0.2068 0.6856 0.0372 -0.6018 -0.4471 0.5556 -0.3594 -0.9429 0.0811 -0.3185 -0.0548
-0.7391 0.3788 0.4926 0.2598 -0.5612 0.3915 0.7285 0.0328 -0.5974 0.368 0.4335 0.5654 -0.7358 -0.2989 0.5983 -0.1063 -0.5985 0.2442 0.7056 0.2904 -0.7347 0.0183 0.6738 0.0761 -0.9272 -0.2144 -0.2686 0.1491 -0.697 0.2068 0.6856 0.0372 -0.6018 -0.4471 0.5556 -0.3594 -0.9429 0.0811 -0.3185 -0.0548
-0.7391 0.3788 0.4926 0.2598 -0.5612 0.3915 0.7285 0.0328 -0.5974 0.368 0.4335 0.5654 -0.7358 -0.2989 0.5983 -0.1063 -0.5985 0.2442 0.7056 0.2904 -0.7347 0.0183 0.6738 0.0761 -0.9272 -0.2144 -0.2686 0.1491 -0.697 0.2068 0.6856 0.0372 -0.6021 -0.4426 0.5601 -0.3577 -0.9429 0.0812 -0.3184 -0.0548
-0.7391 0.3788 0.4926 0.2598 -0.5612 0.3915 0.7285 0.0328 -0.5974 0.368 0.4335 0.5654 -0.7358 -0.2989 0.5983 -0.1063 -0.5985 0.2442 0.7056 0.2904 -0.7347 0.0183 0.6738 0.0761 -0.9272 -0.2144 -0.2686 0.1491 -0.697 0.2068 0.6856 0.0372 -0.6021 -0.4426 0.5601 -0.3577 -0.9429 0.0812 -0.3184 -0.0548
-0.7391 0.3788 0.4926 0.2598 -0.5612 0.3915 0.7285 0.0328 -0.5974 0.368 0.4335 0.5654 -0.7358 -0.2989 0.5983 -0.1063 -0.5985 0.2442 0.7056 0.2904 -0.7347 0.0183 0.6738 0.0761 -0.9272 -0.2144 -0.2686 0.1491 -0.697 0.2068 0.6856 0.0372 -0.6021 -0.4426 0.5601 -0.3577 -0.9429 0.0812 -0.3184 -0.0548
-0.7391 0.3788 0.4926 0.2598 -0.5612 0.3915 0.7285 0.0328 -0.5974 0.368 0.4335 0.5654 -0.7358 -0.2989 0.5983 -0.1063 -0.5985 0.2442 0.7056 0.2904 -0.7347 0.0183 0.6738 0.0761 -0.9274 -0.2144 -0.2679 0.1486 -0.697 0.2068 0.6856 0.0372 -0.6021 -0.4426 0.5601 -0.3577 -0.9429 0.0812 -0.3184 -0.0548
-0.7391 0.3788 0.4926 0.2598 -0.5612 0.3915 0.7285 0.0328 -0.5974 0.368 0.4335 0.5654 -0.7174 -0.2479 0.6501 0.0353 -0.5985 0.2442 0.7056 0.2904 -0.7347 0.0183 0.6738 0.0761 -0.9274 -0.2144 -0.2679 0.1486 -0.697 0.2068 0.6856 0.0372 -0.6021 -0.4426 0.5601 -0.3577 -0.9429 0.0812 -0.3184 -0.0548
-0.7391 0.3788 0.4926 0.2598 -0.5612 0.3915 0.7285 0.0328 -0.5974 0.368 0.4335 0.5654 -0.7174 -0.2479 0.6501 0.0353 -0.5985 0.2442 0.7056 0.2904 -0.7347 0.0183 0.6738 0.0761 -0.9274 -0.2144 -0.2679 0.1486 -0.697 0.2068 0.6856 0.0372 -0.6021 -0.4426 0.5601 -0.3577 -0.9429 0.0812 -0.3184 -0.0548
-0.7391 0.3788 0.4926 0.2598 -0.5612 0.3915 0.7285 0.0328 -0.5974 0.368 0.4335 0.5654 -0.7174 -0.2479 0.6501 0.0353 -0.5985 0.2442 0.7056 0.2904 -0.7347 0.0183 0.6738 0.0761 -0.9274 -0.2144 -0.2679 0.1486 -0.697 0.2068 0.6856 0.0372 -0.6021 -0.4426 0.5601 -0.3577 -0.9429 0.0812 -0.3184 -0.0548
-0.7391 0.3788 0.4926 0.2598 -0.5612 0.3915 0.7285 0.0328 -0.5974 0.368 0.4335 0.5654 -0.7174 -0.2479 0.6501 0.0353 -0.5985 0.2442 0.7056 0.2904 -0.7347 0.0183 0.6738 0.0761 -0.9274 -0.2144 -0.2679 0.1486 -0.697 0.2068 0.6856 0.0372 -0.6022 -0.4404 0.5621 -0.357 -0.9429 0.0812 -0.3184 -0.0548
-0.7391 0.3788 0.4926 0.2598 -0.5612 0.3915 0.7285 0.0328 -0.5974 0.368 0.4335 0.5654 -0.7174 -0.2479 0.6501 0.0353 -0.5985 0.2442 0.7056 0.2904 -0.7347 0.0183 0.6738 0.0761 -0.9274 -0.2144 -0.2679 0.1486 -0.697 0.2068 0.6856 0.0372 -0.6022 -0.4404 0.5621 -0.357 -0.9429 0.0812 -0.3184 -0.0548
-0.7391 0.3788 0.4926 0.2598 -0.5612 0.3915 0.7285 0.0328 -0.5974 0.368 0.4335 0.5654 -0.7174 -0.2479 0.6501 0.0353 -0.5985 0.2442 0.7056 0.2904 -0.7347 0.0183 0.6738 0.0761 -0.9274 -0.2144 -0.2679 0.1486 -0.697 0.2068 0.6856 0.0372 -0.6022 -0.4404 0.5621 -0.357 -0.9429 0.0812 -0.3184 -0.0548
-0.7391 0.3788 0.4926 0.2598 -0.5612 0.3915 0.7285 0.0328 -0.5974 0.368 0.4335 0.5654 -0.7174 -0.2479 0.6501 0.0353 -0.5985 0.2442 0.7056 0.2904 -0.7347 0.0183 0.6738 0.0761 -0.9274 -0.2144 -0.2679 0.1486 -0.697 0.2068 0.6856 0.0372 -0.6022 -0.4404 0.5621 -0.357 -0.9429 0.0812 -0.3184 -0.0548
-0.7391 0.3788 0.4926 0.2598 -0.5612 0.3915 0.7285 0.0328 -0.5743 0.3888 0.4125 0.5906 -0.723 -0.2288 0.6506 0.0394 -0.5985 0.2442 0.7056 0.2904 -0.7347 0.0183 0.6738 0.0761 -0.9274 -0.2144 -0.2679 0.1486 -0.6919 0.2427 0.6769 0.0642 -0.6022 -0.4404 0.5621 -0.357 -0.9429 0.0812 -0.3184 -0.0548
-0.7391 0.3788 0.4926 0.2598 -0.5612 0.3915 0.7285 0.0328 -0.5743 0.3888 0.4125 0.5906 -0.723 -0.2288 0.6506 0.0394 -0.5985 0.2442 0.7056 0.2904 -0.7347 0.0183 0.6738 0.0761 -0.9274 -0.2144 -0.2679 0.1486 -0.6919 0.2427 0.6769 0.0642 -0.6022 -0.4404 0.5621 -0.357 -0.9429 0.0812 -0.3184 -0.0548
-0.7391 0.3788 0.4926 0.2598 -0.5612 0.3915 0.7285 0.0328 -0.5743 0.3888 0.4125 0.5906 -0.723 -0.2288 0.6506 0.0394 -0.5985 0.2442 0.7056 0.2904 -0.7347 0.0183 0.6738 0.0761 -0.9274 -0.2144 -0.2679 0.1486 -0.6919 0.2427 0.6769 0.0642 -0.6022 -0.4404 0.5621 -0.357 -0.9429 0.0812 -0.3184 -0.0548
-0.7084 0.4178 0.459 0.3359 -0.5612 0.3915 0.7285 0.0328 -0.5743 0.3888 0.4125 0.5906 -0.723 -0.2288 0.6506 0.0394 -0.5985 0.2442 0.7056 0.2904 -0.7347 0.0183 0.6738 0.0761 -0.9274 -0.2144 -0.2679 0.1486 -0.6919 0.2427 0.6769 0.0642 -0.6014 -0.4395 0.5634 -0.3573 -0.9429 0.0812 -0.3184 -0.0548
-0.7084 0.4178 0.459 0.3359 -0.5612 0.3915 0.7285 0.0328 -0.5743 0.3888 0.4125 0.5906 -0.723 -0.2288 0.6506 0.0394 -0.5985 0.2442 0.7056 0.2904 -0.7334 0.0201 0.6757 0.0714 -0.9274 -0.2144 -0.2679 0.1486 -0.6919 0.2427 0.6769 0.0642 -0.6014 -0.4395 0.5634 -0.3573 -0.9429 0.0812 -0.3184 -0.0548
-0.7084 0.4178 0.459 0.3359 -0.5612 0.3915 0.7285 0.0328 -0.5743 0.3888 0.4125 0.5906 -0.723 -0.2288 0.6506 0.0394 -0.5964 0.2563 0.6986 0.3008 -0.7334 0.0201 0.6757 0.0714 -0.9274 -0.2144 -0.2679 0.1486 -0.6919 0.2427 0.6769 0.0642 -0.6014 -0.4395 0.5634 -0.3573 -0.9429 0.0812 -0.3184 -0.0548
-0.7084 0.4178 0.459 0.3359 -0.5612 0.3915 0.7285 0.0328 -0.5743 0.3888 0.4125 0.5906 -0.723 -0.2288 0.6506 0.0394 -0.5964 0.2563 0.6986 0.3008 -0.7334 0.0201 0.6757 0.0714 -0.9274 -0.2144 -0.2679 0.1486 -0.6919 0.2427 0.6769 0.0642 -0.6014 -0.4395 0.5634 -0.3573 -0.9429 0.0812 -0.3184 -0.0548
-0.7084 0.4178 0.459 0.3359 -0.5587 0.4404 0.696 0.0979 -0.5612 0.4066 0.4001 0.5997 -0.7238 -0.201 0.6581 0.0513 -0.5964 0.2563 0.6986 0.3008 -0.7334 0.0201 0.6757 0.0714 -0.9282 -0.2148 -0.2662 0.1467 -0.6909 0.2478 0.6755 0.0708 -0.6014 -0.4395 0.5634 -0.3573 -0.9429 0.0812 -0.3184 -0.0548
-0.7084 0.4178 0.459 0.3359 -0.5587 0.4404 0.696 0.0979 -0.5612 0.4066 0.4001 0.5997 -0.7238 -0.201 0.6581 0.0513 -0.5964 0.2563 0.6986 0.3008 -0.7334 0.0201 0.6757 0.0714 -0.9282 -0.2148 -0.2662 0.1467 -0.6909 0.2478 0.6755 0.0708 -0.6014 -0.4395 0.5634 -0.3573 -0.9429 0.0812 -0.3184 -0.0548
-0.7084 0.4178 0.459 0.3359 -0.5587 0.4404 0.696 0.0979 -0.5612 0.4066 0.4001 0.5997 -0.7238 -0.201 0.6581 0.0513 -0.5964 0.2563 0.6986 0.3008 -0.7334 0.0201 0.6757 0.0714 -0.9282 -0.2148 -0.2662 0.1467 -0.6909 0.2478 0.6755 0.0708 -0.6014 -0.4395 0.5634 -0.3573 -0.9429 0.0812 -0.3184 -0.0548
-0.6953 0.43 0.4453 0.3653 -0.5587 0.4404 0.696 0.0979 -0.5612 0.4066 0.4001 0.5997 -0.7238 -0.201 0.6581 0.0513 -0.5964 0.2563 0.6986 0.3008 -0.7334 0.0201 0.6757 0.0714 -0.9282 -0.2148 -0.2662 0.1467 -0.6909 0.2478 0.6755 0.0708 -0.6002 -0.4352 0.5663 -0.36 -0.9434 0.0815 -0.3171 -0.0537
-0.6953 0.43 0.4453 0.3653 -0.5587 0.4404 0.696 0.0979 -0.5612 0.4066 0.4001 0.5997 -0.7238 -0.201 0.6581 0.0513 -0.5964 0.2563 0.6986 0.3008 -0.7325 0.0259 0.6761 0.0746 -0.9282 -0.2148 -0.2662 0.1467 -0.6909 0.2478 0.6755 0.0708 -0.6002 -0.4352 0.5663 -0.36 -0.9434 0.0815 -0.3171 -0.0537
-0.6953 0.43 0.4453 0.3653 -0.5587 0.4404 0.696 0.0979 -0.5612 0.4066 0.4001 0.5997 -0.7238 -0.201 0.6581 0.0513 -0.5922 0.2689 0.6915 0.3143 -0.7325 0.0259 0.6761 0.0746 -0.9282 -0.2148 -0.2662 0.1467 -0.6909 0.2478 0.6755 0.0708 -0.6002 -0.4352 0.5663 -0.36 -0.9434 0.0815 -0.3171 -0.0537
-0.6953 0.43 0.4453 0.3653 -0.5587 0.4404 0.696 0.0979 -0.5612 0.4066 0.4001 0.5997 -0.7238 -0.201 0.6581 0.0513 -0.5922 0.2689 0.6915 0.3143 -0.7325 0.0259 0.6761 0.0746 -0.9282 -0.2148 -0.2662 0.1467 -0.6909 0.2478 0.6755 0.0708 -0.6002 -0.4352 0.5663 -0.36 -0.9434 0.0815 -0.3171 -0.0537
-0.6953 0.43 0.4453 0.3653 -0.5587 0.4404 0.696 0.0979 -0.5612 0.4066 0.4001 0.5997 -0.7238 -0.201 0.6581 0.0513 -0.5922 0.2689 0.6915 0.3143 -0.7325 0.0259 0.6761 0.0746 -0.9282 -0.2148 -0.2662 0.1467 -0.6909 0.2478 0.6755 0.0708 -0.6002 -0.4352 0.5663 -0.36 -0.9434 0.0815 -0.3171 -0.0537
-0.6953 0.43 0.4453 0.3653 -0.5501 0.4619 0.6858 0.1173 -0.5612 0.4066 0.4001 0.5997 -0.7238 -0.201 0.6581 0.0513 -0.5922 0.2689 0.6915 0.3143 -0.7325 0.0259 0.6761 0.0746 -0.9282 -0.2148 -0.2662 0.1467 -0.6909 0.2478 0.6755 0.0708 -0.6002 -0.4352 0.5663 -0.36 -0.9433 0.0818 -0.3172 -0.0536
-0.6953 0.43 0.4453 0.3653 -0.5501 0.4619 0.6858 0.1173 -0.5612 0.4066 0.4001 0.5997 -0.7238 -0.201 0.6581 0.0513 -0.5922 0.2689 0.6915 0.3143 -0.7325 0.0259 0.6761 0.0746 -0.9282 -0.2148 -0.2662 0.1467 -0.6909 0.2478 0.6755 0.0708 -0.6002 -0.4352 0.5663 -0.36 -0.9433 0.0818 -0.3172 -0.0536
-0.6828 0.4366 0.4299 0.3979 -0.5501 0.4619 0.6858 0.1173 -0.5612 0.4066 0.4001 0.5997 -0.7238 -0.201 0.6581 0.0513 -0.5922 0.2689 0.6915 0.3143 -0.7331 0.0369 0.6741 0.0822 -0.9282 -0.2148 -0.2662 0.1467 -0.6909 0.2478 0.6755 0.0708 -0.6019 -0.4264 0.5738 -0.356 -0.9433 0.0818 -0.3172 -0.0536
-0.6828 0.4366 0.4299 0.3979 -0.5501 0.4619 0.6858 0.1173 -0.5612 0.4066 0.4001 0.5997 -0.7238 -0.201 0.6581 0.0513 -0.5922 0.2689 0.6915 0.3143 -0.7331 0.0369 0.6741 0.0822 -0.9282 -0.2148 -0.2662 0.1467 -0.6909 0.2478 0.6755 0.0708 -0.6019 -0.4264 0.5738 -0.356 -0.9433 0.0818 -0.3172 -0.0536
-0.6828 0.4366 0.4299 0.3979 -0.5501 0.4619 0.6858 0.1173 -0.5612 0.4066 0.4001 0.5997 -0.7238 -0.201 0.6581 0.0513 -0.5853 0.2861 0.6821 0.3321 -0.7331 0.0369 0.6741 0.0822 -0.9282 -0.2191 -0.264 0.144 -0.6909 0.2478 0.6755 0.0708 -0.6019 -0.4264 0.5738 -0.356 -0.9433 0.0818 -0.3172 -0.0536
-0.6828 0.4366 0.4299 0.3979 -0.5501 0.4619 0.6858 0.1173 -0.521 0.4472 0.3588 0.6323 -0.7238 -0.201 0.6581 0.0513 -0.5853 0.2861 0.6821 0.3321 -0.7331 0.0369 0.6741 0.0822 -0.9282 -0.2191 -0.264 0.144 -0.6909 0.2478 0.6755 0.0708 -0.6019 -0.4264 0.5738 -0.356 -0.9433 0.0818 -0.3172 -0.0536
-0.6828 0.4366 0.4299 0.3979 -0.5206 0.5215 0.671 0.0816 -0.521 0.4472 0.3588 0.6323 -0.7238 -0.201 0.6581 0.0513 -0.5853 0.2861 0.6821 0.3321 -0.7331 0.0369 0.6741 0.0822 -0.9282 -0.2191 -0.264 0.144 -0.6843 0.2738 0.6696 0.0921 -0.6019 -0.4264 0.5738 -0.356 -0.9433 0.0818 -0.3172 -0.0536
-0.6828 0.4366 0.4299 0.3979 -0.5206 0.5215 0.671 0.0816 -0.521 0.4472 0.3588 0.6323 -0.7238 -0.201 0.6581 0.0513 -0.5853 0.2861 0.6821 0.3321 -0.7331 0.0369 0.6741 0.0822 -0.9282 -0.2191 -0.264 0.144 -0.6843 0.2738 0.6696 0.0921 -0.6019 -0.4264 0.5738 -0.356 -0.9433 0.0818 -0.3172 -0.0536
-0.6828 0.4366 0.4299 0.3979 -0.5206 0.5215 0.671 0.0816 -0.521 0.4472 0.3588 0.6323 -0.7238 -0.201 0.6581 0.0513 -0.5853 0.2861 0.6821 0.3321 -0.7331 0.0369 0.6741 0.0822 -0.9282 -0.2191 -0.264 0.144 -0.6843 0.2738 0.6696 0.0921 -0.601 -0.4195 0.5815 -0.353 -0.943 0.082 -0.3182 -0.053
-0.6828 0.4366 0.4299 0.3979 -0.5206 0.5215 0.671 0.0816 -0.521 0.4472 0.3588 0.6323 -0.7238 -0.201 0.6581 0.0513 -0.5853 0.2861 0.6821 0.3321 -0.7331 0.0369 0.6741 0.0822 -0.9282 -0.2191 -0.264 0.144 -0.6843 0.2738 0.6696 0.0921 -0.601 -0.4195 0.5815 -0.353 -0.943 0.082 -0.3182 -0.053
-0.6633 0.45 0.3917 0.4518 -0.5206 0.5215 0.671 0.0816 -0.521 0.4472 0.3588 0.6323 -0.7238 -0.201 0.6581 0.0513 -0.5853 0.2861 0.6821 0.3321 -0.7352 0.0467 0.6702 0.0897 -0.9282 -0.2191 -0.264 0.144 -0.6843 0.2738 0.6696 0.0921 -0.601 -0.4195 0.5815 -0.353 -0.943 0.082 -0.3182 -0.053
-0.6633 0.45 0.3917 0.4518 -0.5206 0.5215 0.671 0.0816 -0.521 0.4472 0.3588 0.6323 -0.7238 -0.201 0.6581 0.0513 -0.5853 0.2861 0.6821 0.3321 -0.7352 0.0467 0.6702 0.0897 -0.9282 -0.2191 -0.264 0.144 -0.6843 0.2738 0.6696 0.0921 -0.601 -0.4195 0.5815 -0.353 -0.943 0.082 -0.3182 -0.053
-0.6633 0.45 0.3917 0.4518 -0.5206 0.5215 0.671 0.0816 -0.521 0.4472 0.3588 0.6323 -0.7238 -0.201 0.6581 0.0513 -0.5853 0.2861 0.6821 0.3321 -0.7352 0.0467 0.6702 0.0897 -0.9277 -0.2212 -0.264 0.1439 -0.6843 0.2738 0.6696 0.0921 -0.601 -0.4195 0.5815 -0.353 -0.943 0.082 -0.3182 -0.053
-0.6633 0.45 0.3917 0.4518 -0.5206 0.5215 0.671 0.0816 -0.521 0.4472 0.3588 0.6323 -0.7238 -0.201 0.6581 0.0513 -0.5853 0.2861 0.6821 0.3321 -0.7352 0.0467 0.6702 0.0897 -0.9277 -0.2212 -0.264 0.1439 -0.6843 0.2738 0.6696 0.0921 -0.601 -0.4195 0.5815 -0.353 -0.943 0.082 -0.3182 -0.053
-0.6633 0.45 0.3917 0.4518 -0.4538 0.599 0.6564 -0.0661 -0.521 0.4472 0.3588 0.6323 -0.702 -0.1383 0.6864 0.1304 -0.5853 0.2861 0.6821 0.3321 -0.7352 0.0467 0.6702 0.0897 -0.9277 -0.2212 -0.264 0.1439 -0.6807 0.2821 0.6692 0.0956 -0.601 -0.4195 0.5815 -0.353 -0.943 0.082 -0.3182 -0.053
-0.6633 0.45 0.3917 0.4518 -0.4538 0.599 0.6564 -0.0661 -0.521 0.4472 0.3588 0.6323 -0.702 -0.1383 0.6864 0.1304 -0.5853 0.2861 0.6821 0.3321 -0.7352 0.0467 0.6702 0.0897 -0.9277 -0.2212 -0.264 0.1439 -0.6807 0.2821 0.6692 0.0956 -0.601 -0.4195 0.5815 -0.353 -0.9431 0.0829 -0.3179 -0.0516
-0.6633 0.45 0.3917 0.4518 -0.4538 0.599 0.6564 -0.0661 -0.521 0.4472 0.3588 0.6323 -0.702 -0.1383 0.6864 0.1304 -0.5853 0.2861 0.6821 0.3321 -0.7352 0.0467 0.6702 0.0897 -0.9277 -0.2212 -0.264 0.1439 -0.6807 0.2821 0.6692 0.0956 -0.601 -0.4195 0.5815 -0.353 -0.9431 0.0829 -0.3179 -0.0516
-0.6684 0.4548 0.3616 0.4644 -0.4538 0.599 0.6564 -0.0661 -0.521 0.4472 0.3588 0.6323 -0.702 -0.1383 0.6864 0.1304 -0.5811 0.3063 0.6657 0.3539 -0.7385 0.0516 0.6656 0.0948 -0.9277 -0.2212 -0.264 0.1439 -0.6807 0.2821 0.6692 0.0956 -0.5981 -0.4128 0.5889 -0.3536 -0.9431 0.0829 -0.3179 -0.0516
-0.6684 0.4548 0.3616 0.4644 -0.4538 0.599 0.6564 -0.0661 -0.521 0.4472 0.3588 0.6323 -0.702 -0.1383 0.6864 0.1304 -0.5811 0.3063 0.6657 0.3539 -0.7385 0.0516 0.6656 0.0948 -0.9264 -0.2232 -0.2667 0.1443 -0.6807 0.2821 0.6692 0.0956 -0.5981 -0.4128 0.5889 -0.3536 -0.9431 0.0829 -0.3179 -0.0516
-0.6684 0.4548 0.3616 0.4644 -0.4538 0.599 0.6564 -0.0661 -0.521 0.4472 0.3588 0.6323 -0.702 -0.1383 0.6864 0.1304 -0.5811 0.3063 0.6657 0.3539 -0.7385 0.0516 0.6656 0.0948 -0.9264 -0.2232 -0.2667 0.1443 -0.6807 0.2821 0.6692 0.0956 -0.5981 -0.4128 0.5889 -0.3536 -0.9431 0.0829 -0.3179 -0.0516
-0.6684 0.4548 0.3616 0.4644 -0.4538 0.599 0.6564 -0.0661 -0.4904 0.4758 0.3373 0.6476 -0.691 -0.1238 0.6993 0.1346 -0.5811 0.3063 0.6657 0.3539 -0.7385 0.0516 0.6656 0.0948 -0.9264 -0.2232 -0.2667 0.1443 -0.6807 0.2821 0.6692 0.0956 -0.5981 -0.4128 0.5889 -0.3536 -0.9431 0.0829 -0.3179 -0.0516
-0.6684 0.4548 0.3616 0.4644 -0.3814 0.5986 0.6626 -0.2391 -0.4904 0.4758 0.3373 0.6476 -0.691 -0.1238 0.6993 0.1346 -0.5811 0.3063 0.6657 0.3539 -0.7385 0.0516 0.6656 0.0948 -0.9264 -0.2232 -0.2667 0.1443 -0.6807 0.2821 0.6692 0.0956 -0.5981 -0.4128 0.5889 -0.3536 -0.9431 0.0829 -0.3179 -0.0516
-0.6684 0.4548 0.3616 0.4644 -0.3814 0.5986 0.6626 -0.2391 -0.4904 0.4758 0.3373 0.6476 -0.691 -0.1238 0.6993 0.1346 -0.5811 0.3063 0.6657 0.3539 -0.7385 0.0516 0.6656 0.0948 -0.9264 -0.2232 -0.2667 0.1443 -0.6807 0.2821 0.6692 0.0956 -0.5981 -0.4128 0.5889 -0.3536 -0.943 0.0833 -0.3179 -0.0518
-0.7106 0.4441 0.3578 0.412 -0.3814 0.5986 0.6626 -0.2391 -0.4904 0.4758 0.3373 0.6476 -0.691 -0.1238 0.6993 0.1346 -0.5811 0.3063 0.6657 0.3539 -0.7385 0.0516 0.6656 0.0948 -0.9264 -0.2232 -0.2667 0.1443 -0.6807 0.2821 0.6692 0.0956 -0.5967 -0.4007 0.6007 -0.35 -0.943 0.0833 -0.3179 -0.0518
-0.7106 0.4441 0.3578 0.412 -0.3814 0.5986 0.6626 -0.2391 -0.4904 0.4758 0.3373 0.6476 -0.691 -0.1238 0.6993 0.1346 -0.5811 0.3063 0.6657 0.3539 -0.7427 0.0544 0.6597 0.1014 -0.9264 -0.2232 -0.2667 0.1443 -0.6807 0.2821 0.6692 0.0956 -0.5967 -0.4007 0.6007 -0.35 -0.943 0.0833 -0.3179 -0.0518
-0.7106 0.4441 0.3578 0.412 -0.3814 0.5986 0.6626 -0.2391 -0.4904 0.4758 0.3373 0.6476 -0.691 -0.1238 0.6993 0.1346 -0.5827 0.3116 0.658 0.3612 -0.7427 0.0544 0.6597 0.1014 -0.9264 -0.2232 -0.2667 0.1443 -0.6807 0.2821 0.6692 0.0956 -0.5967 -0.4007 0.6007 -0.35 -0.943 0.0833 -0.3179 -0.0518
-0.7106 0.4441 0.3578 0.412 -0.3814 0.5986 0.6626 -0.2391 -0.4904 0.4758 0.3373 0.6476 -0.691 -0.1238 0.6993 0.1346 -0.5827 0.3116 0.658 0.3612 -0.7427 0.0544 0.6597 0.1014 -0.9264 -0.2232 -0.2667 0.1443 -0.6807 0.2821 0.6692 0.0956 -0.5967 -0.4007 0.6007 -0.35 -0.943 0.0833 -0.3179 -0.0518
-0.7106 0.4441 0.3578 0.412 -0.3814 0.5986 0.6626 -0.2391 -0.4875 0.4883 0.3381 0.6399 -0.6877 -0.1108 0.7064 0.1258 -0.5827 0.3116 0.658 0.3612 -0.7427 0.0544 0.6597 0.1014 -0.9246 -0.2233 -0.2722 0.1458 -0.6697 0.2979 0.6728 0.1007 -0.5967 -0.4007 0.6007 -0.35 -0.943 0.0833 -0.3179 -0.0518
-0.7106 0.4441 0.3578 0.412 -0.3162 0.565 0.6746 -0.3546 -0.4875 0.4883 0.3381 0.6399 -0.6877 -0.1108 0.7064 0.1258 -0.5827 0.3116 0.658 0.3612 -0.7427 0.0544 0.6597 0.1014 -0.9246 -0.2233 -0.2722 0.1458 -0.6697 0.2979 0.6728 0.1007 -0.5967 -0.4007 0.6007 -0.35 -0.943 0.0833 -0.3179 -0.0518
-0.7106 0.4441 0.3578 0.412 -0.3162 0.565 0.6746 -0.3546 -0.4875 0.4883 0.3381 0.6399 -0.6877 -0.1108 0.7064 0.1258 -0.5827 0.3116 0.658 0.3612 -0.7427 0.0544 0.6597 0.1014 -0.9246 -0.2233 -0.2722 0.1458 -0.6697 0.2979 0.6728 0.1007 -0.5967 -0.4007 0.6007 -0.35 -0.943 0.0844 -0.3178 -0.0516
-0.7106 0.4441 0.3578 0.412 -0.3162 0.565 0.6746 -0.3546 -0.4875 0.4883 0.3381 0.6399 -0.6877 -0.1108 0.7064 0.1258 -0.5827 0.3116 0.658 0.3612 -0.7427 0.0544 0.6597 0.1014 -0.9246 -0.2233 -0.2722 0.1458 -0.6697 0.2979 0.6728 0.1007 -0.5913 -0.3915 0.6094 -0.3546 -0.943 0.0844 -0.3178 -0.0516
-0.7365 0.4394 0.358 0.3693 -0.3162 0.565 0.6746 -0.3546 -0.4875 0.4883 0.3381 0.6399 -0.6877 -0.1108 0.7064 0.1258 -0.5827 0.3116 0.658 0.3612 -0.7427 0.0544 0.6597 0.1014 -0.9246 -0.2233 -0.2722 0.1458 -0.6697 0.2979 0.6728 0.1007 -0.5913 -0.3915 0.6094 -0.3546 -0.943 0.0844 -0.3178 -0.0516
-0.7365 0.4394 0.358 0.3693 -0.3162 0.565 0.6746 -0.3546 -0.4875 0.4883 0.3381 0.6399 -0.6877 -0.1108 0.7064 0.1258 -0.5827 0.3116 0.658 0.3612 -0.7427 0.0544 0.6597 0.1014 -0.9246 -0.2233 -0.2722 0.1458 -0.6697 0.2979 0.6728 0.1007 -0.5913 -0.3915 0.6094 -0.3546 -0.943 0.0844 -0.3178 -0.0516
-0.7365 0.4394 0.358 0.3693 -0.3162 0.565 0.6746 -0.3546 -0.4987 0.4905 0.3463 0.6252 -0.6877 -0.1108 0.7064 0.1258 -0.5827 0.3116 0.658 0.3612 -0.7427 0.0544 0.6597 0.1014 -0.9246 -0.2233 -0.2722 0.1458 -0.6697 0.2979 0.6728 0.1007 -0.5913 -0.3915 0.6094 -0.3546 -0.943 0.0844 -0.3178 -0.0516
-0.7365 0.4394 0.358 0.3693 -0.3162 0.565 0.6746 -0.3546 -0.4987 0.4905 0.3463 0.6252 -0.6929 -0.1094 0.7051 0.1039 -0.5827 0.3116 0.658 0.3612 -0.7427 0.0544 0.6597 0.1014 -0.9246 -0.2233 -0.2722 0.1458 -0.6697 0.2979 0.6728 0.1007 -0.5913 -0.3915 0.6094 -0.3546 -0.943 0.0844 -0.3178 -0.0516
-0.7365 0.4394 0.358 0.3693 -0.3162 0.565 0.6746 -0.3546 -0.4987 0.4905 0.3463 0.6252 -0.6929 -0.1094 0.7051 0.1039 -0.5827 0.3116 0.658 0.3612 -0.7427 0.0544 0.6597 0.1014 -0.9246 -0.2233 -0.2722 0.1458 -0.6671 0.2938 0.6789 0.0881 -0.5913 -0.3915 0.6094 -0.3546 -0.943 0.0844 -0.3178 -0.0516
-0.7484 0.4241 0.363 0.3583 -0.3162 0.565 0.6746 -0.3546 -0.4987 0.4905 0.3463 0.6252 -0.6929 -0.1094 0.7051 0.1039 -0.5827 0.3116 0.658 0.3612 -0.7427 0.0544 0.6597 0.1014 -0.9246 -0.2233 -0.2722 0.1458 -0.6671 0.2938 0.6789 0.0881 -0.5829 -0.3818 0.6174 -0.3652 -0.9409 0.0887 -0.3229 -0.0505
-0.7484 0.4241 0.363 0.3583 -0.3162 0.565 0.6746 -0.3546 -0.4987 0.4905 0.3463 0.6252 -0.6929 -0.1094 0.7051 0.1039 -0.5827 0.3116 0.658 0.3612 -0.7427 0.0544 0.6597 0.1014 -0.9246 -0.2233 -0.2722 0.1458 -0.6671 0.2938 0.6789 0.0881 -0.5829 -0.3818 0.6174 -0.3652 -0.9409 0.0887 -0.3229 -0.0505
-0.7484 0.4241 0.363 0.3583 -0.3162 0.565 0.6746 -0.3546 -0.4987 0.4905 0.3463 0.6252 -0.6929 -0.1094 0.7051 0.1039 -0.5827 0.3116 0.658 0.3612 -0.7427 0.0544 0.6597 0.1014 -0.9246 -0.2233 -0.2722 0.1458 -0.6671 0.2938 0.6789 0.0881 -0.5829 -0.3818 0.6174 -0.3652 -0.9409 0.0887 -0.3229 -0.0505
-0.7484 0.4241 0.363 0.3583 -0.3162 0.565 0.6746 -0.3546 -0.4987 0.4905 0.3463 0.6252 -0.6929 -0.1094 0.7051 0.1039 -0.6216 0.3311 0.6143 0.3559 -0.7427 0.0544 0.6597 0.1014 -0.9246 -0.2233 -0.2722 0.1458 -0.6671 0.2938 0.6789 0.0881 -0.5829 -0.3818 0.6174 -0.3652 -0.9409 0.0887 -0.3229 -0.0505
-0.7484 0.4241 0.363 0.3583 -0.3162 0.565 0.6746 -0.3546 -0.4987 0.4905 0.3463 0.6252 -0.6929 -0.1094 0.7051 0.1039 -0.6216 0.3311 0.6143 0.3559 -0.7427 0.0544 0.6597 0.1014 -0.9246 -0.2233 -0.2722 0.1458 -0.6671 0.2938 0.6789 0.0881 -0.5829 -0.3818 0.6174 -0.3652 -0.9409 0.0887 -0.3229 -0.0505
-0.7484 0.4241 0.363 0.3583 -0.3162 0.565 0.6746 -0.3546 -0.5176 0.4874 0.3375 0.6169 -0.7164 -0.1045 0.6859 0.0739 -0.6216 0.3311 0.6143 0.3559 -0.7427 0.0544 0.6597 0.1014 -0.8917 -0.2494 -0.3648 0.0977 -0.6618 0.2949 0.6841 0.0837 -0.5829 -0.3818 0.6174 -0.3652 -0.9409 0.0887 -0.3229 -0.0505
-0.7484 0.4241 0.363 0.3583 -0.2931 0.5399 0.6946 -0.3744 -0.5176 0.4874 0.3375 0.6169 -0.7164 -0.1045 0.6859 0.0739 -0.6216 0.3311 0.6143 0.3559 -0.7427 0.0544 0.6597 0.1014 -0.8917 -0.2494 -0.3648 0.0977 -0.6618 0.2949 0.6841 0.0837 -0.5829 -0.3818 0.6174 -0.3652 -0.9356 0.0925 -0.3371 -0.0493
-0.7484 0.4241 0.363 0.3583 -0.2931 0.5399 0.6946 -0.3744 -0.5176 0.4874 0.3375 0.6169 -0.7164 -0.1045 0.6859 0.0739 -0.6216 0.3311 0.6143 0.3559 -0.7427 0.0544 0.6597 0.1014 -0.8917 -0.2494 -0.3648 0.0977 -0.6618 0.2949 0.6841 0.0837 -0.5829 -0.3818 0.6174 -0.3652 -0.9356 0.0925 -0.3371 -0.0493
-0.7484 0.4241 0.363 0.3583 -0.2931 0.5399 0.6946 -0.3744 -0.5176 0.4874 0.3375 0.6169 -0.7164 -0.1045 0.6859 0.0739 -0.6216 0.3311 0.6143 0.3559 -0.7427 0.0544 0.6597 0.1014 -0.8917 -0.2494 -0.3648 0.0977 -0.6618 0.2949 0.6841 0.0837 -0.5753 -0.3637 0.6324 -0.3699 -0.9356 0.0925 -0.3371 -0.0493
-0.7364 0.4312 0.3657 0.3716 -0.2931 0.5399 0.6946 -0.3744 -0.5176 0.4874 0.3375 0.6169 -0.7164 -0.1045 0.6859 0.0739 -0.6216 0.3311 0.6143 0.3559 -0.7672 -0.0864 0.6192 0.1432 -0.8917 -0.2494 -0.3648 0.0977 -0.6618 0.2949 0.6841 0.0837 -0.5753 -0.3637 0.6324 -0.3699 -0.9356 0.0925 -0.3371 -0.0493
-0.7364 0.4312 0.3657 0.3716 -0.2931 0.5399 0.6946 -0.3744 -0.5176 0.4874 0.3375 0.6169 -0.7164 -0.1045 0.6859 0.0739 -0.6885 0.3232 0.5977 0.2535 -0.7672 -0.0864 0.6192 0.1432 -0.8786 -0.1239 -0.4323 0.1608 -0.6618 0.2949 0.6841 0.0837 -0.5753 -0.3637 0.6324 -0.3699 -0.9356 0.0925 -0.3371 -0.0493
-0.7364 0.4312 0.3657 0.3716 -0.2931 0.5399 0.6946 -0.3744 -0.5176 0.4874 0.3375 0.6169 -0.7164 -0.1045 0.6859 0.0739 -0.6885 0.3232 0.5977 0.2535 -0.7672 -0.0864 0.6192 0.1432 -0.8786 -0.1239 -0.4323 0.1608 -0.6618 0.2949 0.6841 0.0837 -0.5753 -0.3637 0.6324 -0.3699 -0.9356 0.0925 -0.3371 -0.0493
-0.7364 0.4312 0.3657 0.3716 -0.2931 0.5399 0.6946 -0.3744 -0.5278 0.4822 0.3136 0.625 -0.7451 -0.0934 0.6565 0.0714 -0.6885 0.3232 0.5977 0.2535 -0.7672 -0.0864 0.6192 0.1432 -0.8786 -0.1239 -0.4323 0.1608 -0.6547 0.2973 0.6907 0.0773 -0.5753 -0.3637 0.6324 -0.3699 -0.9356 0.0925 -0.3371 -0.0493
-0.7364 0.4312 0.3657 0.3716 -0.2899 0.5654 0.6835 -0.3594 -0.5278 0.4822 0.3136 0.625 -0.7451 -0.0934 0.6565 0.0714 -0.6885 0.3232 0.5977 0.2535 -0.7672 -0.0864 0.6192 0.1432 -0.8786 -0.1239 -0.4323 0.1608 -0.6547 0.2973 0.6907 0.0773 -0.5753 -0.3637 0.6324 -0.3699 -0.9356 0.0925 -0.3371 -0.0493
-0.7364 0.4312 0.3657 0.3716 -0.2899 0.5654 0.6835 -0.3594 -0.5278 0.4822 0.3136 0.625 -0.7451 -0.0934 0.6565 0.0714 -0.6885 0.3232 0.5977 0.2535 -0.7672 -0.0864 0.6192 0.1432 -0.8786 -0.1239 -0.4323 0.1608 -0.6547 0.2973 0.6907 0.0773 -0.5753 -0.3637 0.6324 -0.3699 -0.9276 0.0858 -0.3603 -0.0487
-0.7116 0.4443 0.3604 0.4078 -0.2899 0.5654 0.6835 -0.3594 -0.5278 0.4822 0.3136 0.625 -0.7451 -0.0934 0.6565 0.0714 -0.6885 0.3232 0.5977 0.2535 -0.7833 0.0475 0.6077 0.1225 -0.8786 -0.1239 -0.4323 0.1608 -0.6547 0.2973 0.6907 0.0773 -0.5689 -0.3559 0.638 -0.3777 -0.9276 0.0858 -0.3603 -0.0487
-0.7116 0.4443 0.3604 0.4078 -0.2899 0.5654 0.6835 -0.3594 -0.5278 0.4822 0.3136 0.625 -0.7451 -0.0934 0.6565 0.0714 -0.7106 0.3353 0.5732 0.2327 -0.7833 0.0475 0.6077 0.1225 -0.8786 -0.1239 -0.4323 0.1608 -0.6547 0.2973 0.6907 0.0773 -0.5689 -0.3559 0.638 -0.3777 -0.9276 0.0858 -0.3603 -0.0487
-0.7116 0.4443 0.3604 0.4078 -0.2899 0.5654 0.6835 -0.3594 -0.5278 0.4822 0.3136 0.625 -0.7451 -0.0934 0.6565 0.0714 -0.7106 0.3353 0.5732 0.2327 -0.7833 0.0475 0.6077 0.1225 -0.9158 -0.1074 -0.312 0.2289 -0.6547 0.2973 0.6907 0.0773 -0.5689 -0.3559 0.638 -0.3777 -0.9276 0.0858 -0.3603 -0.0487
-0.7116 0.4443 0.3604 0.4078 -0.2899 0.5654 0.6835 -0.3594 -0.5219 0.4791 0.2988 0.6394 -0.7451 -0.0934 0.6565 0.0714 -0.7106 0.3353 0.5732 0.2327 -0.7833 0.0475 0.6077 0.1225 -0.9158 -0.1074 -0.312 0.2289 -0.6547 0.2973 0.6907 0.0773 -0.5689 -0.3559 0.638 -0.3777 -0.9276 0.0858 -0.3603 -0.0487
-0.7116 0.4443 0.3604 0.4078 -0.2899 0.5654 0.6835 -0.3594 -0.5219 0.4791 0.2988 0.6394 -0.7451 -0.0934 0.6565 0.0714 -0.7106 0.3353 0.5732 0.2327 -0.7833 0.0475 0.6077 0.1225 -0.9158 -0.1074 -0.312 0.2289 -0.6547 0.2973 0.6907 0.0773 -0.5689 -0.3559 0.638 -0.3777 -0.9276 0.0858 -0.3603 -0.0487
-0.7116 0.4443 0.3604 0.4078 -0.2949 0.6 0.6635 -0.3359 -0.5219 0.4791 0.2988 0.6394 -0.7451 -0.0934 0.6565 0.0714 -0.7106 0.3353 0.5732 0.2327 -0.7833 0.0475 0.6077 0.1225 -0.9158 -0.1074 -0.312 0.2289 -0.65 0.3123 0.6894 0.0696 -0.5689 -0.3559 0.638 -0.3777 -0.9276 0.0858 -0.3603 -0.0487
-0.7116 0.4443 0.3604 0.4078 -0.2949 0.6 0.6635 -0.3359 -0.5219 0.4791 0.2988 0.6394 -0.7451 -0.0934 0.6565 0.0714 -0.7106 0.3353 0.5732 0.2327 -0.7833 0.0475 0.6077 0.1225 -0.9158 -0.1074 -0.312 0.2289 -0.65 0.3123 0.6894 0.0696 -0.5689 -0.3559 0.638 -0.3777 -0.9204 0.0806 -0.3797 -0.0466
-0.6949 0.4485 0.3505 0.4395 -0.2949 0.6 0.6635 -0.3359 -0.5219 0.4791 0.2988 0.6394 -0.7451 -0.0934 0.6565 0.0714 -0.7106 0.3353 0.5732 0.2327 -0.756 0.1353 0.64 -0.0256 -0.9158 -0.1074 -0.312 0.2289 -0.65 0.3123 0.6894 0.0696 -0.5673 -0.3455 0.6365 -0.392 -0.9204 0.0806 -0.3797 -0.0466
-0.6949 0.4485 0.3505 0.4395 -0.2949 0.6 0.6635 -0.3359 -0.5219 0.4791 0.2988 0.6394 -0.7451 -0.0934 0.6565 0.0714 -0.6962 0.376 0.5667 0.2295 -0.756 0.1353 0.64 -0.0256 -0.9158 -0.1074 -0.312 0.2289 -0.65 0.3123 0.6894 0.0696 -0.5673 -0.3455 0.6365 -0.392 -0.9204 0.0806 -0.3797 -0.0466
-0.6949 0.4485 0.3505 0.4395 -0.2949 0.6 0.6635 -0.3359 -0.5219 0.4791 0.2988 0.6394 -0.7451 -0.0934 0.6565 0.0714 -0.6962 0.376 0.5667 0.2295 -0.756 0.1353 0.64 -0.0256 -0.9225 -0.2599 -0.2621 0.1134 -0.65 0.3123 0.6894 0.0696 -0.5673 -0.3455 0.6365 -0.392 -0.9204 0.0806 -0.3797 -0.0466
-0.6949 0.4485 0.3505 0.4395 -0.2949 0.6 0.6635 -0.3359 -0.493 0.4953 0.2713 0.6619 -0.7451 -0.0934 0.6565 0.0714 -0.6962 0.376 0.5667 0.2295 -0.756 0.1353 0.64 -0.0256 -0.9225 -0.2599 -0.2621 0.1134 -0.65 0.3123 0.6894 0.0696 -0.5673 -0.3455 0.6365 -0.392 -0.9204 0.0806 -0.3797 -0.0466
-0.6949 0.4485 0.3505 0.4395 -0.2949 0.6 0.6635 -0.3359 -0.493 0.4953 0.2713 0.6619 -0.7451 -0.0934 0.6565 0.0714 -0.6962 0.376 0.5667 0.2295 -0.756 0.1353 0.64 -0.0256 -0.9225 -0.2599 -0.2621 0.1134 -0.65 0.3123 0.6894 0.0696 -0.5673 -0.3455 0.6365 -0.392 -0.9204 0.0806 -0.3797 -0.0466
-0.6949 0.4485 0.3505 0.4395 -0.3003 0.6148 0.6539 -0.3229 -0.493 0.4953 0.2713 0.6619 -0.7451 -0.0934 0.6565 0.0714 -0.6962 0.376 0.5667 0.2295 -0.756 0.1353 0.64 -0.0256 -0.9225 -0.2599 -0.2621 0.1134 -0.6488 0.3343 0.6807 0.0634 -0.5673 -0.3455 0.6365 -0.392 -0.9204 0.0806 -0.3797 -0.0466
-0.6949 0.4485 0.3505 0.4395 -0.3003 0.6148 0.6539 -0.3229 -0.493 0.4953 0.2713 0.6619 -0.7451 -0.0934 0.6565 0.0714 -0.6962 0.376 0.5667 0.2295 -0.756 0.1353 0.64 -0.0256 -0.9225 -0.2599 -0.2621 0.1134 -0.6488 0.3343 0.6807 0.0634 -0.5673 -0.3455 0.6365 -0.392 -0.9204 0.0806 -0.3797 -0.0466
-0.6825 0.455 0.3466 0.455 -0.3003 0.6148 0.6539 -0.3229 -0.493 0.4953 0.2713 0.6619 -0.7451 -0.0934 0.6565 0.0714 -0.6962 0.376 0.5667 0.2295 -0.7037 0.2205 0.6751 -0.0179 -0.9225 -0.2599 -0.2621 0.1134 -0.6488 0.3343 0.6807 0.0634 -0.5643 -0.3336 0.6265 -0.4216 -0.9204 0.0806 -0.3797 -0.0466
-0.6825 0.455 0.3466 0.455 -0.3003 0.6148 0.6539 -0.3229 -0.493 0.4953 0.2713 0.6619 -0.7451 -0.0934 0.6565 0.0714 -0.6962 0.376 0.5667 0.2295 -0.7037 0.2205 0.6751 -0.0179 -0.9225 -0.2599 -0.2621 0.1134 -0.6488 0.3343 0.6807 0.0634 -0.5643 -0.3336 0.6265 -0.4216 -0.9204 0.0806 -0.3797 -0.0466
-0.6825 0.455 0.3466 0.455 -0.3003 0.6148 0.6539 -0.3229 -0.493 0.4953 0.2713 0.6619 -0.7451 -0.0934 0.6565 0.0714 -0.6962 0.376 0.5667 0.2295 -0.7037 0.2205 0.6751 -0.0179 -0.8801 -0.3673 -0.2563 0.1573 -0.6488 0.3343 0.6807 0.0634 -0.5643 -0.3336 0.6265 -0.4216 -0.9204 0.0806 -0.3797 -0.0466
-0.6825 0.455 0.3466 0.455 -0.3003 0.6148 0.6539 -0.3229 -0.493 0.4953 0.2713 0.6619 -0.7451 -0.0934 0.6565 0.0714 -0.6962 0.376 0.5667 0.2295 -0.7037 0.2205 0.6751 -0.0179 -0.8801 -0.3673 -0.2563 0.1573 -0.6488 0.3343 0.6807 0.0634 -0.5643 -0.3336 0.6265 -0.4216 -0.9204 0.0806 -0.3797 -0.0466
-0.6825 0.455 0.3466 0.455 -0.3003 0.6148 0.6539 -0.3229 -0.4688 0.5006 0.264 0.6782 -0.7224 -0.0547 0.669 0.1659 -0.6962 0.376 0.5667 0.2295 -0.7037 0.2205 0.6751 -0.0179 -0.8801 -0.3673 -0.2563 0.1573 -0.6488 0.3343 0.6807 0.0634 -0.5643 -0.3336 0.6265 -0.4216 -0.9204 0.0806 -0.3797 -0.0466
-0.6825 0.455 0.3466 0.455 -0.3003 0.6148 0.6539 -0.3229 -0.4688 0.5006 0.264 0.6782 -0.7224 -0.0547 0.669 0.1659 -0.6962 0.376 0.5667 0.2295 -0.7037 0.2205 0.6751 -0.0179 -0.8801 -0.3673 -0.2563 0.1573 -0.6488 0.3343 0.6807 0.0634 -0.5643 -0.3336 0.6265 -0.4216 -0.9204 0.0806 -0.3797 -0.0466
-0.6825 0.455 0.3466 0.455 -0.3003 0.6148 0.6539 -0.3229 -0.4688 0.5006 0.264 0.6782 -0.7224 -0.0547 0.669 0.1659 -0.6962 0.376 0.5667 0.2295 -0.7037 0.2205 0.6751 -0.0179 -0.8801 -0.3673 -0.2563 0.1573 -0.6488 0.3343 0.6807 0.0634 -0.5558 -0.3058 0.6075 -0.478 -0.9204 0.0806 -0.3797 -0.0466
-0.6825 0.455 0.3466 0.455 -0.3003 0.6148 0.6539 -0.3229 -0.4688 0.5006 0.264 0.6782 -0.7224 -0.0547 0.669 0.1659 -0.6962 0.376 0.5667 0.2295 -0.7037 0.2205 0.6751 -0.0179 -0.8801 -0.3673 -0.2563 0.1573 -0.6488 0.3343 0.6807 0.0634 -0.5558 -0.3058 0.6075 -0.478 -0.9204 0.0806 -0.3797 -0.0466
-0.6724 0.4596 0.3632 0.4526 -0.3003 0.6148 0.6539 -0.3229 -0.4688 0.5006 0.264 0.6782 -0.7224 -0.0547 0.669 0.1659 -0.6962 0.376 0.5667 0.2295 -0.7037 0.2205 0.6751 -0.0179 -0.8801 -0.3673 -0.2563 0.1573 -0.6488 0.3343 0.6807 0.0634 -0.5558 -0.3058 0.6075 -0.478 -0.9204 0.0806 -0.3797 -0.0466
-0.6724 0.4596 0.3632 0.4526 -0.3003 0.6148 0.6539 -0.3229 -0.4688 0.5006 0.264 0.6782 -0.7224 -0.0547 0.669 0.1659 -0.6293 0.3961 0.626 0.2349 -0.7037 0.2205 0.6751 -0.0179 -0.8801 -0.3673 -0.2563 0.1573 -0.6488 0.3343 0.6807 0.0634 -0.5558 -0.3058 0.6075 -0.478 -0.9204 0.0806 -0.3797 -0.0466
-0.6724 0.4596 0.3632 0.4526 -0.3003 0.6148 0.6539 -0.3229 -0.487 0.4822 0.2634 0.6789 -0.7224 -0.0547 0.669 0.1659 -0.6293 0.3961 0.626 0.2349 -0.7037 0.2205 0.6751 -0.0179 -0.91 -0.2422 -0.2833 0.1813 -0.6488 0.3343 0.6807 0.0634 -0.5558 -0.3058 0.6075 -0.478 -0.9204 0.0806 -0.3797 -0.0466
-0.6724 0.4596 0.3632 0.4526 -0.3003 0.6148 0.6539 -0.3229 -0.487 0.4822 0.2634 0.6789 -0.7224 -0.0547 0.669 0.1659 -0.6293 0.3961 0.626 0.2349 -0.7037 0.2205 0.6751 -0.0179 -0.91 -0.2422 -0.2833 0.1813 -0.6488 0.3343 0.6807 0.0634 -0.5558 -0.3058 0.6075 -0.478 -0.9204 0.0806 -0.3797 -0.0466
-0.6724 0.4596 0.3632 0.4526 -0.3003 0.6148 0.6539 -0.3229 -0.487 0.4822 0.2634 0.6789 -0.7224 -0.0547 0.669 0.1659 -0.6293 0.3961 0.626 0.2349 -0.7037 0.2205 0.6751 -0.0179 -0.91 -0.2422 -0.2833 0.1813 -0.6488 0.3343 0.6807 0.0634 -0.5558 -0.3058 0.6075 -0.478 -0.9204 0.0806 -0.3797 -0.0466
-0.6724 0.4596 0.3632 0.4526 -0.3003 0.6148 0.6539 -0.3229 -0.487 0.4822 0.2634 0.6789 -0.7224 -0.0547 0.669 0.1659 -0.6293 0.3961 0.626 0.2349 -0.7037 0.2205 0.6751 -0.0179 -0.91 -0.2422 -0.2833 0.1813 -0.6488 0.3343 0.6807 0.0634 -0.5312 -0.2239 0.6034 -0.5511 -0.9204 0.0806 -0.3797 -0.0466
-0.6758 0.4656 0.3857 0.4216 -0.3003 0.6148 0.6539 -0.3229 -0.487 0.4822 0.2634 0.6789 -0.7224 -0.0547 0.669 0.1659 -0.6293 0.3961 0.626 0.2349 -0.7037 0.2205 0.6751 -0.0179 -0.91 -0.2422 -0.2833 0.1813 -0.6488 0.3343 0.6807 0.0634 -0.5312 -0.2239 0.6034 -0.5511 -0.9204 0.0806 -0.3797 -0.0466
-0.6758 0.4656 0.3857 0.4216 -0.3003 0.6148 0.6539 -0.3229 -0.487 0.4822 0.2634 0.6789 -0.7224 -0.0547 0.669 0.1659 -0.6293 0.3961 0.626 0.2349 -0.7037 0.2205 0.6751 -0.0179 -0.91 -0.2422 -0.2833 0.1813 -0.6488 0.3343 0.6807 0.0634 -0.5312 -0.2239 0.6034 -0.5511 -0.9204 0.0806 -0.3797 -0.0466
-0.6758 0.4656 0.3857 0.4216 -0.3003 0.6148 0.6539 -0.3229 -0.487 0.4822 0.2634 0.6789 -0.7224 -0.0547 0.669 0.1659 -0.5986 0.3771 0.6551 0.2651 -0.7037 0.2205 0.6751 -0.0179 -0.91 -0.2422 -0.2833 0.1813 -0.6488 0.3343 0.6807 0.0634 -0.5312 -0.2239 0.6034 -0.5511 -0.9204 0.0806 -0.3797 -0.0466
-0.6758 0.4656 0.3857 0.4216 -0.3003 0.6148 0.6539 -0.3229 -0.487 0.4822 0.2634 0.6789 -0.7224 -0.0547 0.669 0.1659 -0.5986 0.3771 0.6551 0.2651 -0.7037 0.2205 0.6751 -0.0179 -0.91 -0.2422 -0.2833 0.1813 -0.6488 0.3343 0.6807 0.0634 -0.5312 -0.2239 0.6034 -0.5511 -0.9204 0.0806 -0.3797 -0.0466
-0.6758 0.4656 0.3857 0.4216 -0.3003 0.6148 0.6539 -0.3229 -0.4997 0.4794 0.2672 0.6702 -0.7016 -0.0701 0.6852 0.1827 -0.5986 0.3771 0.6551 0.2651 -0.7037 0.2205 0.6751 -0.0179 -0.9153 -0.2272 -0.2711 0.1926 -0.7261 0.2378 0.6362 0.1074 -0.5312 -0.2239 0.6034 -0.5511 -0.9204 0.0806 -0.3797 -0.0466
-0.6758 0.4656 0.3857 0.4216 -0.2512 0.5984 0.6734 -0.3539 -0.4997 0.4794 0.2672 0.6702 -0.7016 -0.0701 0.6852 0.1827 -0.5986 0.3771 0.6551 0.2651 -0.7037 0.2205 0.6751 -0.0179 -0.9153 -0.2272 -0.2711 0.1926 -0.7261 0.2378 0.6362 0.1074 -0.5312 -0.2239 0.6034 -0.5511 -0.9204 0.0806 -0.3797 -0.0466
-0.6758 0.4656 0.3857 0.4216 -0.2512 0.5984 0.6734 -0.3539 -0.4997 0.4794 0.2672 0.6702 -0.7016 -0.0701 0.6852 0.1827 -0.5986 0.3771 0.6551 0.2651 -0.7037 0.2205 0.6751 -0.0179 -0.9153 -0.2272 -0.2711 0.1926 -0.7261 0.2378 0.6362 0.1074 -0.5312 -0.2239 0.6034 -0.5511 -0.6446 0.1898 -0.7349 -0.0914
-0.6758 0.4656 0.3857 0.4216 -0.2512 0.5984 0.6734 -0.3539 -0.4997 0.4794 0.2672 0.6702 -0.7016 -0.0701 0.6852 0.1827 -0.5986 0.3771 0.6551 0.2651 -0.7037 0.2205 0.6751 -0.0179 -0.9153 -0.2272 -0.2711 0.1926 -0.7261 0.2378 0.6362 0.1074 -0.4943 -0.1786 0.5782 -0.6241 -0.6446 0.1898 -0.7349 -0.0914
-0.6894 0.4527 0.4011 0.3987 -0.2512 0.5984 0.6734 -0.3539 -0.4997 0.4794 0.2672 0.6702 -0.7016 -0.0701 0.6852 0.1827 -0.5986 0.3771 0.6551 0.2651 -0.7037 0.2205 0.6751 -0.0179 -0.9153 -0.2272 -0.2711 0.1926 -0.7261 0.2378 0.6362 0.1074 -0.4943 -0.1786 0.5782 -0.6241 -0.6446 0.1898 -0.7349 -0.0914
-0.6894 0.4527 0.4011 0.3987 -0.2512 0.5984 0.6734 -0.3539 -0.4997 0.4794 0.2672 0.6702 -0.7016 -0.0701 0.6852 0.1827 -0.5986 0.3771 0.6551 0.2651 -0.7037 0.2205 0.6751 -0.0179 -0.9153 -0.2272 -0.2711 0.1926 -0.7261 0.2378 0.6362 0.1074 -0.4943 -0.1786 0.5782 -0.6241 -0.6446 0.1898 -0.7349 -0.0914
-0.6894 0.4527 0.4011 0.3987 -0.2512 0.5984 0.6734 -0.3539 -0.5203 0.4659 0.2639 0.6652 -0.7016 -0.0701 0.6852 0.1827 -0.5986 0.3771 0.6551 0.2651 -0.7037 0.2205 0.6751 -0.0179 -0.9155 -0.2231 -0.2717 0.1957 -0.7261 0.2378 0.6362 0.1074 -0.4943 -0.1786 0.5782 -0.6241 -0.6446 0.1898 -0.7349 -0.0914
-0.6894 0.4527 0.4011 0.3987 -0.2512 0.5984 0.6734 -0.3539 -0.5203 0.4659 0.2639 0.6652 -0.7033 -0.0712 0.6805 0.1929 -0.5986 0.3771 0.6551 0.2651 -0.7037 0.2205 0.6751 -0.0179 -0.9155 -0.2231 -0.2717 0.1957 -0.7408 0.1252 0.6416 0.1543 -0.4943 -0.1786 0.5782 -0.6241 -0.6446 0.1898 -0.7349 -0.0914
-0.6894 0.4527 0.4011 0.3987 -0.2512 0.5984 0.6734 -0.3539 -0.5203 0.4659 0.2639 0.6652 -0.7033 -0.0712 0.6805 0.1929 -0.5986 0.3771 0.6551 0.2651 -0.7037 0.2205 0.6751 -0.0179 -0.9155 -0.2231 -0.2717 0.1957 -0.7408 0.1252 0.6416 0.1543 -0.4943 -0.1786 0.5782 -0.6241 -0.6446 0.1898 -0.7349 -0.0914
-0.6894 0.4527 0.4011 0.3987 -0.2512 0.5984 0.6734 -0.3539 -0.5203 0.4659 0.2639 0.6652 -0.7033 -0.0712 0.6805 0.1929 -0.5986 0.3771 0.6551 0.2651 -0.7037 0.2205 0.6751 -0.0179 -0.9155 -0.2231 -0.2717 0.1957 -0.7408 0.1252 0.6416 0.1543 -0.5311 -0.3248 0.5566 -0.5502 -0.6446 0.1898 -0.7349 -0.0914
-0.6965 0.4327 0.4202 0.3887 -0.2512 0.5984 0.6734 -0.3539 -0.5203 0.4659 0.2639 0.6652 -0.7033 -0.0712 0.6805 0.1929 -0.5986 0.3771 0.6551 0.2651 -0.7037 0.2205 0.6751 -0.0179 -0.9155 -0.2231 -0.2717 0.1957 -0.7408 0.1252 0.6416 0.1543 -0.5311 -0.3248 0.5566 -0.5502 -0.6446 0.1898 -0.7349 -0.0914
-0.6965 0.4327 0.4202 0.3887 -0.2512 0.5984 0.6734 -0.3539 -0.5203 0.4659 0.2639 0.6652 -0.7033 -0.0712 0.6805 0.1929 -0.5668 0.3155 0.6951 0.3099 -0.7037 0.2205 0.6751 -0.0179 -0.9155 -0.2231 -0.2717 0.1957 -0.7408 0.1252 0.6416 0.1543 -0.5311 -0.3248 0.5566 -0.5502 -0.6446 0.1898 -0.7349 -0.0914
-0.6965 0.4327 0.4202 0.3887 -0.2512 0.5984 0.6734 -0.3539 -0.5203 0.4659 0.2639 0.6652 -0.7033 -0.0712 0.6805 0.1929 -0.5668 0.3155 0.6951 0.3099 -0.7037 0.2205 0.6751 -0.0179 -0.9155 -0.2231 -0.2717 0.1957 -0.7408 0.1252 0.6416 0.1543 -0.5311 -0.3248 0.5566 -0.5502 -0.6446 0.1898 -0.7349 -0.0914
-0.6965 0.4327 0.4202 0.3887 -0.2512 0.5984 0.6734 -0.3539 -0.5203 0.4659 0.2639 0.6652 -0.7117 -0.095 0.6765 0.1635 -0.5668 0.3155 0.6951 0.3099 -0.7037 0.2205 0.6751 -0.0179 -0.9155 -0.2231 -0.2717 0.1957 -0.7408 0.1252 0.6416 0.1543 -0.5311 -0.3248 0.5566 -0.5502 -0.6446 0.1898 -0.7349 -0.0914
-0.6965 0.4327 0.4202 0.3887 -0.2512 0.5984 0.6734 -0.3539 -0.5203 0.4659 0.2639 0.6652 -0.7117 -0.095 0.6765 0.1635 -0.5668 0.3155 0.6951 0.3099 -0.7037 0.2205 0.6751 -0.0179 -0.9155 -0.2231 -0.2717 0.1957 -0.7283 0.1235 0.644 0.1989 -0.5311 -0.3248 0.5566 -0.5502 -0.6446 0.1898 -0.7349 -0.0914
-0.6965 0.4327 0.4202 0.3887 -0.2512 0.5984 0.6734 -0.3539 -0.5203 0.4659 0.2639 0.6652 -0.7117 -0.095 0.6765 0.1635 -0.5668 0.3155 0.6951 0.3099 -0.7037 0.2205 0.6751 -0.0179 -0.9155 -0.2231 -0.2717 0.1957 -0.7283 0.1235 0.644 0.1989 -0.5311 -0.3248 0.5566 -0.5502 -0.6446 0.1898 -0.7349 -0.0914
-0.6965 0.4327 0.4202 0.3887 -0.2512 0.5984 0.6734 -0.3539 -0.5203 0.4659 0.2639 0.6652 -0.7117 -0.095 0.6765 0.1635 -0.5668 0.3155 0.6951 0.3099 -0.7037 0.2205 0.6751 -0.0179 -0.9155 -0.2231 -0.2717 0.1957 -0.7283 0.1235 0.644 0.1989 -0.5311 -0.3248 0.5566 -0.5502 -0.9544 0.0438 -0.2618 -0.1364
-0.6972 0.4333 0.4122 0.3953 -0.2512 0.5984 0.6734 -0.3539 -0.5203 0.4659 0.2639 0.6652 -0.7117 -0.095 0.6765 0.1635 -0.5668 0.3155 0.6951 0.3099 -0.7037 0.2205 0.6751 -0.0179 -0.9155 -0.2231 -0.2717 0.1957 -0.7283 0.1235 0.644 0.1989 -0.6109 -0.491 0.5233 -0.3345 -0.9544 0.0438 -0.2618 -0.1364
-0.6972 0.4333 0.4122 0.3953 -0.2512 0.5984 0.6734 -0.3539 -0.5203 0.4659 0.2639 0.6652 -0.7117 -0.095 0.6765 0.1635 -0.5668 0.3155 0.6951 0.3099 -0.7037 0.2205 0.6751 -0.0179 -0.9155 -0.2231 -0.2717 0.1957 -0.7283 0.1235 0.644 0.1989 -0.6109 -0.491 0.5233 -0.3345 -0.9544 0.0438 -0.2618 -0.1364
-0.6972 0.4333 0.4122 0.3953 -0.2512 0.5984 0.6734 -0.3539 -0.5203 0.4659 0.2639 0.6652 -0.7117 -0.095 0.6765 0.1635 -0.5533 0.2903 0.7049 0.3356 -0.6973 -0.006 0.7086 0.1078 -0.9155 -0.2231 -0.2717 0.1957 -0.7283 0.1235 0.644 0.1989 -0.6109 -0.491 0.5233 -0.3345 -0.9544 0.0438 -0.2618 -0.1364
-0.6972 0.4333 0.4122 0.3953 -0.2512 0.5984 0.6734 -0.3539 -0.5203 0.4659 0.2639 0.6652 -0.7117 -0.095 0.6765 0.1635 -0.5533 0.2903 0.7049 0.3356 -0.6973 -0.006 0.7086 0.1078 -0.9155 -0.2231 -0.2717 0.1957 -0.7283 0.1235 0.644 0.1989 -0.6109 -0.491 0.5233 -0.3345 -0.9544 0.0438 -0.2618 -0.1364
-0.6972 0.4333 0.4122 0.3953 -0.2512 0.5984 0.6734 -0.3539 -0.5148 0.4818 0.2639 0.6582 -0.7231 -0.0711 0.67 0.1519 -0.5533 0.2903 0.7049 0.3356 -0.6973 -0.006 0.7086 0.1078 -0.9087 -0.2314 -0.2847 0.1992 -0.7161 0.1946 0.6197 0.2557 -0.6109 -0.491 0.5233 -0.3345 -0.9544 0.0438 -0.2618 -0.1364
-0.6972 0.4333 0.4122 0.3953 -0.2623 0.5901 0.6859 -0.3352 -0.5148 0.4818 0.2639 0.6582 -0.7231 -0.0711 0.67 0.1519 -0.5533 0.2903 0.7049 0.3356 -0.6973 -0.006 0.7086 0.1078 -0.9087 -0.2314 -0.2847 0.1992 -0.7161 0.1946 0.6197 0.2557 -0.6109 -0.491 0.5233 -0.3345 -0.9544 0.0438 -0.2618 -0.1364
-0.6972 0.4333 0.4122 0.3953 -0.2623 0.5901 0.6859 -0.3352 -0.5148 0.4818 0.2639 0.6582 -0.7231 -0.0711 0.67 0.1519 -0.5533 0.2903 0.7049 0.3356 -0.6973 -0.006 0.7086 0.1078 -0.9087 -0.2314 -0.2847 0.1992 -0.7161 0.1946 0.6197 0.2557 -0.6109 -0.491 0.5233 -0.3345 -0.985 0.0452 -0.1316 -0.1024
-0.6899 0.4432 0.3854 0.4232 -0.2623 0.5901 0.6859 -0.3352 -0.5148 0.4818 0.2639 0.6582 -0.7231 -0.0711 0.67 0.1519 -0.5533 0.2903 0.7049 0.3356 -0.7056 -0.0134 0.6912 0.156 -0.9087 -0.2314 -0.2847 0.1992 -0.7161 0.1946 0.6197 0.2557 -0.6196 -0.5679 0.4965 -0.2172 -0.985 0.0452 -0.1316 -0.1024
-0.6899 0.4432 0.3854 0.4232 -0.2623 0.5901 0.6859 -0.3352 -0.5148 0.4818 0.2639 0.6582 -0.7231 -0.0711 0.67 0.1519 -0.5385 0.2833 0.7015 0.371 -0.7056 -0.0134 0.6912 0.156 -0.9087 -0.2314 -0.2847 0.1992 -0.7161 0.1946 0.6197 0.2557 -0.6196 -0.5679 0.4965 -0.2172 -0.985 0.0452 -0.1316 -0.1024
-0.6899 0.4432 0.3854 0.4232 -0.2623 0.5901 0.6859 -0.3352 -0.5148 0.4818 0.2639 0.6582 -0.7231 -0.0711 0.67 0.1519 -0.5385 0.2833 0.7015 0.371 -0.7056 -0.0134 0.6912 0.156 -0.9087 -0.2314 -0.2847 0.1992 -0.7161 0.1946 0.6197 0.2557 -0.6196 -0.5679 0.4965 -0.2172 -0.985 0.0452 -0.1316 -0.1024
-0.6899 0.4432 0.3854 0.4232 -0.2623 0.5901 0.6859 -0.3352 -0.4764 0.5115 0.2597 0.6663 -0.7283 -0.0356 0.6678 0.1497 -0.5385 0.2833 0.7015 0.371 -0.7056 -0.0134 0.6912 0.156 -0.9087 -0.2314 -0.2847 0.1992 -0.7161 0.1946 0.6197 0.2557 -0.6196 -0.5679 0.4965 -0.2172 -0.985 0.0452 -0.1316 -0.1024
-0.6899 0.4432 0.3854 0.4232 -0.2623 0.5901 0.6859 -0.3352 -0.4764 0.5115 0.2597 0.6663 -0.7283 -0.0356 0.6678 0.1497 -0.5385 0.2833 0.7015 0.371 -0.7056 -0.0134 0.6912 0.156 -0.9087 -0.2314 -0.2847 0.1992 -0.7161 0.1946 0.6197 0.2557 -0.6196 -0.5679 0.4965 -0.2172 -0.985 0.0452 -0.1316 -0.1024
-0.6899 0.4432 0.3854 0.4232 -0.3058 0.6131 0.6563 -0.3159 -0.4764 0.5115 0.2597 0.6663 -0.7283 -0.0356 0.6678 0.1497 -0.5385 0.2833 0.7015 0.371 -0.7056 -0.0134 0.6912 0.156 -0.9087 -0.2314 -0.2847 0.1992 -0.7066 0.1756 0.6232 0.2855 -0.6196 -0.5679 0.4965 -0.2172 -0.985 0.0452 -0.1316 -0.1024
-0.6899 0.4432 0.3854 0.4232 -0.3058 0.6131 0.6563 -0.3159 -0.4764 0.5115 0.2597 0.6663 -0.7283 -0.0356 0.6678 0.1497 -0.5385 0.2833 0.7015 0.371 -0.7056 -0.0134 0.6912 0.156 -0.9087 -0.2314 -0.2847 0.1992 -0.7066 0.1756 0.6232 0.2855 -0.6196 -0.5679 0.4965 -0.2172 -0.9734 0.046 -0.207 -0.0869
-0.6878 0.4546 0.3269 0.462 -0.3058 0.6131 0.6563 -0.3159 -0.4764 0.5115 0.2597 0.6663 -0.7283 -0.0356 0.6678 0.1497 -0.5385 0.2833 0.7015 0.371 -0.7143 -0.0173 0.666 0.2145 -0.9087 -0.2314 -0.2847 0.1992 -0.7066 0.1756 0.6232 0.2855 -0.6387 -0.4957 0.536 -0.2429 -0.9734 0.046 -0.207 -0.0869
-0.6878 0.4546 0.3269 0.462 -0.3058 0.6131 0.6563 -0.3159 -0.4764 0.5115 0.2597 0.6663 -0.7283 -0.0356 0.6678 0.1497 -0.5242 0.2969 0.6735 0.4284 -0.7143 -0.0173 0.666 0.2145 -0.9087 -0.2314 -0.2847 0.1992 -0.7066 0.1756 0.6232 0.2855 -0.6387 -0.4957 0.536 -0.2429 -0.9734 0.046 -0.207 -0.0869
-0.6878 0.4546 0.3269 0.462 -0.3058 0.6131 0.6563 -0.3159 -0.4764 0.5115 0.2597 0.6663 -0.7283 -0.0356 0.6678 0.1497 -0.5242 0.2969 0.6735 0.4284 -0.7143 -0.0173 0.666 0.2145 -0.9087 -0.2314 -0.2847 0.1992 -0.7066 0.1756 0.6232 0.2855 -0.6387 -0.4957 0.536 -0.2429 -0.9734 0.046 -0.207 -0.0869
-0.6878 0.4546 0.3269 0.462 -0.3058 0.6131 0.6563 -0.3159 -0.4367 0.5322 0.2771 0.6702 -0.7283 -0.0356 0.6678 0.1497 -0.5242 0.2969 0.6735 0.4284 -0.7143 -0.0173 0.666 0.2145 -0.8583 -0.2617 -0.3792 0.2258 -0.7066 0.1756 0.6232 0.2855 -0.6387 -0.4957 0.536 -0.2429 -0.9734 0.046 -0.207 -0.0869
-0.6878 0.4546 0.3269 0.462 -0.3058 0.6131 0.6563 -0.3159 -0.4367 0.5322 0.2771 0.6702 -0.7283 -0.0356 0.6678 0.1497 -0.5242 0.2969 0.6735 0.4284 -0.7143 -0.0173 0.666 0.2145 -0.8583 -0.2617 -0.3792 0.2258 -0.7066 0.1756 0.6232 0.2855 -0.6387 -0.4957 0.536 -0.2429 -0.9734 0.046 -0.207 -0.0869
-0.6878 0.4546 0.3269 0.462 -0.358 0.6408 0.6153 -0.2874 -0.4367 0.5322 0.2771 0.6702 -0.7283 -0.0356 0.6678 0.1497 -0.5242 0.2969 0.6735 0.4284 -0.7143 -0.0173 0.666 0.2145 -0.8583 -0.2617 -0.3792 0.2258 -0.7018 0.199 0.6226 0.2833 -0.6387 -0.4957 0.536 -0.2429 -0.9734 0.046 -0.207 -0.0869
-0.6878 0.4546 0.3269 0.462 -0.358 0.6408 0.6153 -0.2874 -0.4367 0.5322 0.2771 0.6702 -0.7283 -0.0356 0.6678 0.1497 -0.5242 0.2969 0.6735 0.4284 -0.7143 -0.0173 0.666 0.2145 -0.8583 -0.2617 -0.3792 0.2258 -0.7018 0.199 0.6226 0.2833 -0.6387 -0.4957 0.536 -0.2429 -0.9537 0.0633 -0.2854 -0.071
-0.6682 0.4658 0.2773 0.5095 -0.358 0.6408 0.6153 -0.2874 -0.4367 0.5322 0.2771 0.6702 -0.7283 -0.0356 0.6678 0.1497 -0.5242 0.2969 0.6735 0.4284 -0.7272 -0.0576 0.627 0.2732 -0.8583 -0.2617 -0.3792 0.2258 -0.7018 0.199 0.6226 0.2833 -0.6407 -0.4293 0.575 -0.273 -0.9537 0.0633 -0.2854 -0.071
-0.6682 0.4658 0.2773 0.5095 -0.358 0.6408 0.6153 -0.2874 -0.4367 0.5322 0.2771 0.6702 -0.7283 -0.0356 0.6678 0.1497 -0.5637 0.3348 0.6005 0.4578 -0.7272 -0.0576 0.627 0.2732 -0.8583 -0.2617 -0.3792 0.2258 -0.7018 0.199 0.6226 0.2833 -0.6407 -0.4293 0.575 -0.273 -0.9537 0.0633 -0.2854 -0.071
-0.6682 0.4658 0.2773 0.5095 -0.358 0.6408 0.6153 -0.2874 -0.4367 0.5322 0.2771 0.6702 -0.7283 -0.0356 0.6678 0.1497 -0.5637 0.3348 0.6005 0.4578 -0.7272 -0.0576 0.627 0.2732 -0.8583 -0.2617 -0.3792 0.2258 -0.7018 0.199 0.6226 0.2833 -0.6407 -0.4293 0.575 -0.273 -0.9537 0.0633 -0.2854 -0.071
-0.6682 0.4658 0.2773 0.5095 -0.358 0.6408 0.6153 -0.2874 -0.4367 0.5322 0.2771 0.6702 -0.7283 -0.0356 0.6678 0.1497 -0.5637 0.3348 0.6005 0.4578 -0.7272 -0.0576 0.627 0.2732 -0.8583 -0.2617 -0.3792 0.2258 -0.7018 0.199 0.6226 0.2833 -0.6407 -0.4293 0.575 -0.273 -0.9537 0.0633 -0.2854 -0.071
-0.6682 0.4658 0.2773 0.5095 -0.3815 0.6553 0.5876 -0.2825 -0.3901 0.5507 0.2725 0.6857 -0.7283 -0.0356 0.6678 0.1497 -0.5637 0.3348 0.6005 0.4578 -0.7272 -0.0576 0.627 0.2732 -0.8583 -0.2617 -0.3792 0.2258 -0.6946 0.2322 0.6329 0.2509 -0.6407 -0.4293 0.575 -0.273 -0.9537 0.0633 -0.2854 -0.071
-0.6682 0.4658 0.2773 0.5095 -0.3815 0.6553 0.5876 -0.2825 -0.3901 0.5507 0.2725 0.6857 -0.7283 -0.0356 0.6678 0.1497 -0.5637 0.3348 0.6005 0.4578 -0.7272 -0.0576 0.627 0.2732 -0.8583 -0.2617 -0.3792 0.2258 -0.6946 0.2322 0.6329 0.2509 -0.6407 -0.4293 0.575 -0.273 -0.9537 0.0633 -0.2854 -0.071
-0.6682 0.4658 0.2773 0.5095 -0.3815 0.6553 0.5876 -0.2825 -0.3901 0.5507 0.2725 0.6857 -0.7283 -0.0356 0.6678 0.1497 -0.5637 0.3348 0.6005 0.4578 -0.7272 -0.0576 0.627 0.2732 -0.8583 -0.2617 -0.3792 0.2258 -0.6946 0.2322 0.6329 0.2509 -0.6407 -0.4293 0.575 -0.273 -0.9495 0.0825 -0.2981 -0.0535
-0.6682 0.4658 0.2773 0.5095 -0.3815 0.6553 0.5876 -0.2825 -0.3901 0.5507 0.2725 0.6857 -0.7283 -0.0356 0.6678 0.1497 -0.5637 0.3348 0.6005 0.4578 -0.7272 -0.0576 0.627 0.2732 -0.8583 -0.2617 -0.3792 0.2258 -0.6946 0.2322 0.6329 0.2509 -0.6407 -0.4293 0.575 -0.273 -0.9495 0.0825 -0.2981 -0.0535
-0.6569 0.4828 0.2439 0.5253 -0.3815 0.6553 0.5876 -0.2825 -0.3901 0.5507 0.2725 0.6857 -0.7283 -0.0356 0.6678 0.1497 -0.5637 0.3348 0.6005 0.4578 -0.7681 0.0889 0.5642 0.2896 -0.8583 -0.2617 -0.3792 0.2258 -0.6946 0.2322 0.6329 0.2509 -0.624 -0.4132 0.5939 -0.2951 -0.9495 0.0825 -0.2981 -0.0535
-0.6569 0.4828 0.2439 0.5253 -0.3815 0.6553 0.5876 -0.2825 -0.3901 0.5507 0.2725 0.6857 -0.7283 -0.0356 0.6678 0.1497 -0.5807 0.3394 0.5616 0.4819 -0.7681 0.0889 0.5642 0.2896 -0.8583 -0.2617 -0.3792 0.2258 -0.6946 0.2322 0.6329 0.2509 -0.624 -0.4132 0.5939 -0.2951 -0.9495 0.0825 -0.2981 -0.0535
-0.6569 0.4828 0.2439 0.5253 -0.3815 0.6553 0.5876 -0.2825 -0.3901 0.5507 0.2725 0.6857 -0.7283 -0.0356 0.6678 0.1497 -0.5807 0.3394 0.5616 0.4819 -0.7681 0.0889 0.5642 0.2896 -0.8583 -0.2617 -0.3792 0.2258 -0.6946 0.2322 0.6329 0.2509 -0.624 -0.4132 0.5939 -0.2951 -0.9495 0.0825 -0.2981 -0.0535
-0.6569 0.4828 0.2439 0.5253 -0.3815 0.6553 0.5876 -0.2825 -0.3628 0.5412 0.2546 0.7146 -0.6689 0.0057 0.7048 0.2358 -0.5807 0.3394 0.5616 0.4819 -0.7681 0.0889 0.5642 0.2896 -0.813 -0.1931 -0.3795 0.3972 -0.6826 0.2693 0.6469 0.2075 -0.624 -0.4132 0.5939 -0.2951 -0.9495 0.0825 -0.2981 -0.0535
-0.6569 0.4828 0.2439 0.5253 -0.3838 0.6769 0.5646 -0.2752 -0.3628 0.5412 0.2546 0.7146 -0.6689 0.0057 0.7048 0.2358 -0.5807 0.3394 0.5616 0.4819 -0.7681 0.0889 0.5642 0.2896 -0.813 -0.1931 -0.3795 0.3972 -0.6826 0.2693 0.6469 0.2075 -0.624 -0.4132 0.5939 -0.2951 -0.9436 0.0865 -0.3147 -0.0554
-0.6569 0.4828 0.2439 0.5253 -0.3838 0.6769 0.5646 -0.2752 -0.3628 0.5412 0.2546 0.7146 -0.6689 0.0057 0.7048 0.2358 -0.5807 0.3394 0.5616 0.4819 -0.7681 0.0889 0.5642 0.2896 -0.813 -0.1931 -0.3795 0.3972 -0.6826 0.2693 0.6469 0.2075 -0.624 -0.4132 0.5939 -0.2951 -0.9436 0.0865 -0.3147 -0.0554
-0.6569 0.4828 0.2439 0.5253 -0.3838 0.6769 0.5646 -0.2752 -0.3628 0.5412 0.2546 0.7146 -0.6689 0.0057 0.7048 0.2358 -0.5807 0.3394 0.5616 0.4819 -0.7681 0.0889 0.5642 0.2896 -0.813 -0.1931 -0.3795 0.3972 -0.6826 0.2693 0.6469 0.2075 -0.624 -0.4132 0.5939 -0.2951 -0.9436 0.0865 -0.3147 -0.0554
-0.6344 0.4899 0.248 0.5441 -0.3838 0.6769 0.5646 -0.2752 -0.3628 0.5412 0.2546 0.7146 -0.6689 0.0057 0.7048 0.2358 -0.5807 0.3394 0.5616 0.4819 -0.7752 0.1553 0.5773 0.2039 -0.813 -0.1931 -0.3795 0.3972 -0.6826 0.2693 0.6469 0.2075 -0.624 -0.4132 0.5939 -0.2951 -0.9436 0.0865 -0.3147 -0.0554
-0.6344 0.4899 0.248 0.5441 -0.3838 0.6769 0.5646 -0.2752 -0.3628 0.5412 0.2546 0.7146 -0.6689 0.0057 0.7048 0.2358 -0.5807 0.3394 0.5616 0.4819 -0.7752 0.1553 0.5773 0.2039 -0.813 -0.1931 -0.3795 0.3972 -0.6826 0.2693 0.6469 0.2075 -0.624 -0.4132 0.5939 -0.2951 -0.9436 0.0865 -0.3147 -0.0554
-0.6344 0.4899 0.248 0.5441 -0.3838 0.6769 0.5646 -0.2752 -0.3451 0.5465 0.226 0.7288 -0.6503 0.0143 0.7122 0.2637 -0.6115 0.3909 0.526 0.4434 -0.7752 0.1553 0.5773 0.2039 -0.8594 -0.2026 -0.3007 0.3604 -0.6755 0.2947 0.6539 0.1709 -0.624 -0.4132 0.5939 -0.2951 -0.9436 0.0865 -0.3147 -0.0554
-0.6344 0.4899 0.248 0.5441 -0.3752 0.6934 0.5601 -0.2542 -0.3451 0.5465 0.226 0.7288 -0.6503 0.0143 0.7122 0.2637 -0.6115 0.3909 0.526 0.4434 -0.7752 0.1553 0.5773 0.2039 -0.8594 -0.2026 -0.3007 0.3604 -0.6755 0.2947 0.6539 0.1709 -0.624 -0.4132 0.5939 -0.2951 -0.9436 0.0865 -0.3147 -0.0554
-0.6344 0.4899 0.248 0.5441 -0.3752 0.6934 0.5601 -0.2542 -0.3451 0.5465 0.226 0.7288 -0.6503 0.0143 0.7122 0.2637 -0.6115 0.3909 0.526 0.4434 -0.7752 0.1553 0.5773 0.2039 -0.8594 -0.2026 -0.3007 0.3604 -0.6755 0.2947 0.6539 0.1709 -0.624 -0.4132 0.5939 -0.2951 -0.9436 0.0865 -0.3147 -0.0554
-0.6344 0.4899 0.248 0.5441 -0.3752 0.6934 0.5601 -0.2542 -0.3451 0.5465 0.226 0.7288 -0.6503 0.0143 0.7122 0.2637 -0.6115 0.3909 0.526 0.4434 -0.7752 0.1553 0.5773 0.2039 -0.8594 -0.2026 -0.3007 0.3604 -0.6755 0.2947 0.6539 0.1709 -0.624 -0.4132 0.5939 -0.2951 -0.9436 0.0865 -0.3147 -0.0554
-0.6254 0.4811 0.2518 0.5604 -0.3752 0.6934 0.5601 -0.2542 -0.3451 0.5465 0.226 0.7288 -0.6503 0.0143 0.7122 0.2637 -0.6115 0.3909 0.526 0.4434 -0.741 0.2198 0.6251 0.1093 -0.8594 -0.2026 -0.3007 0.3604 -0.6755 0.2947 0.6539 0.1709 -0.5951 -0.4033 0.6075 -0.3378 -0.9401 0.0892 -0.3239 -0.0576
-0.6254 0.4811 0.2518 0.5604 -0.3752 0.6934 0.5601 -0.2542 -0.3451 0.5465 0.226 0.7288 -0.6503 0.0143 0.7122 0.2637 -0.6285 0.4213 0.5519 0.3505 -0.741 0.2198 0.6251 0.1093 -0.8594 -0.2026 -0.3007 0.3604 -0.6755 0.2947 0.6539 0.1709 -0.5951 -0.4033 0.6075 -0.3378 -0.9401 0.0892 -0.3239 -0.0576
-0.6254 0.4811 0.2518 0.5604 -0.3752 0.6934 0.5601 -0.2542 -0.3369 0.5526 0.2136 0.7318 -0.6503 0.0143 0.7122 0.2637 -0.6285 0.4213 0.5519 0.3505 -0.741 0.2198 0.6251 0.1093 -0.8594 -0.2026 -0.3007 0.3604 -0.6755 0.2947 0.6539 0.1709 -0.5951 -0.4033 0.6075 -0.3378 -0.9401 0.0892 -0.3239 -0.0576
-0.6254 0.4811 0.2518 0.5604 -0.3752 0.6934 0.5601 -0.2542 -0.3369 0.5526 0.2136 0.7318 -0.6499 0.0219 0.7143 0.2587 -0.6285 0.4213 0.5519 0.3505 -0.741 0.2198 0.6251 0.1093 -0.8594 -0.2026 -0.3007 0.3604 -0.6755 0.2947 0.6539 0.1709 -0.5951 -0.4033 0.6075 -0.3378 -0.9401 0.0892 -0.3239 -0.0576
-0.6254 0.4811 0.2518 0.5604 -0.3752 0.6934 0.5601 -0.2542 -0.3369 0.5526 0.2136 0.7318 -0.6499 0.0219 0.7143 0.2587 -0.6285 0.4213 0.5519 0.3505 -0.741 0.2198 0.6251 0.1093 -0.8594 -0.2026 -0.3007 0.3604 -0.6755 0.2947 0.6539 0.1709 -0.5951 -0.4033 0.6075 -0.3378 -0.9401 0.0892 -0.3239 -0.0576
-0.6254 0.4811 0.2518 0.5604 -0.3771 0.6918 0.5671 -0.2402 -0.3369 0.5526 0.2136 0.7318 -0.6499 0.0219 0.7143 0.2587 -0.6285 0.4213 0.5519 0.3505 -0.741 0.2198 0.6251 0.1093 -0.8594 -0.2026 -0.3007 0.3604 -0.6746 0.3175 0.6528 0.1341 -0.5951 -0.4033 0.6075 -0.3378 -0.9401 0.0892 -0.3239 -0.0576
-0.6254 0.4811 0.2518 0.5604 -0.3771 0.6918 0.5671 -0.2402 -0.3369 0.5526 0.2136 0.7318 -0.6499 0.0219 0.7143 0.2587 -0.6285 0.4213 0.5519 0.3505 -0.741 0.2198 0.6251 0.1093 -0.8594 -0.2026 -0.3007 0.3604 -0.6746 0.3175 0.6528 0.1341 -0.5909 -0.3981 0.5977 -0.3676 -0.9359 0.0876 -0.3347 -0.0659
-0.6254 0.4811 0.2518 0.5604 -0.3771 0.6918 0.5671 -0.2402 -0.3369 0.5526 0.2136 0.7318 -0.6499 0.0219 0.7143 0.2587 -0.6285 0.4213 0.5519 0.3505 -0.741 0.2198 0.6251 0.1093 -0.8594 -0.2026 -0.3007 0.3604 -0.6746 0.3175 0.6528 0.1341 -0.5909 -0.3981 0.5977 -0.3676 -0.9359 0.0876 -0.3347 -0.0659
-0.6366 0.4728 0.2525 0.5545 -0.3771 0.6918 0.5671 -0.2402 -0.3415 0.5592 0.223 0.7218 -0.6499 0.0219 0.7143 0.2587 -0.626 0.4322 0.5861 0.2788 -0.7072 0.2164 0.6716 0.0451 -0.8594 -0.2026 -0.3007 0.3604 -0.6746 0.3175 0.6528 0.1341 -0.5909 -0.3981 0.5977 -0.3676 -0.9359 0.0876 -0.3347 -0.0659
-0.6366 0.4728 0.2525 0.5545 -0.3771 0.6918 0.5671 -0.2402 -0.3415 0.5592 0.223 0.7218 -0.6499 0.0219 0.7143 0.2587 -0.626 0.4322 0.5861 0.2788 -0.7072 0.2164 0.6716 0.0451 -0.8594 -0.2026 -0.3007 0.3604 -0.6746 0.3175 0.6528 0.1341 -0.5909 -0.3981 0.5977 -0.3676 -0.9359 0.0876 -0.3347 -0.0659
-0.6366 0.4728 0.2525 0.5545 -0.3771 0.6918 0.5671 -0.2402 -0.3415 0.5592 0.223 0.7218 -0.6686 0.0141 0.7074 0.2288 -0.626 0.4322 0.5861 0.2788 -0.7072 0.2164 0.6716 0.0451 -0.8948 -0.3481 -0.243 0.1384 -0.6746 0.3175 0.6528 0.1341 -0.5909 -0.3981 0.5977 -0.3676 -0.9359 0.0876 -0.3347 -0.0659
-0.6366 0.4728 0.2525 0.5545 -0.3593 0.6766 0.5902 -0.2546 -0.3415 0.5592 0.223 0.7218 -0.6686 0.0141 0.7074 0.2288 -0.626 0.4322 0.5861 0.2788 -0.7072 0.2164 0.6716 0.0451 -0.8948 -0.3481 -0.243 0.1384 -0.6746 0.3175 0.6528 0.1341 -0.5909 -0.3981 0.5977 -0.3676 -0.9359 0.0876 -0.3347 -0.0659
-0.6366 0.4728 0.2525 0.5545 -0.3593 0.6766 0.5902 -0.2546 -0.3415 0.5592 0.223 0.7218 -0.6686 0.0141 0.7074 0.2288 -0.626 0.4322 0.5861 0.2788 -0.7072 0.2164 0.6716 0.0451 -0.8948 -0.3481 -0.243 0.1384 -0.6746 0.3175 0.6528 0.1341 -0.5909 -0.3981 0.5977 -0.3676 -0.9359 0.0876 -0.3347 -0.0659
-0.6366 0.4728 0.2525 0.5545 -0.3593 0.6766 0.5902 -0.2546 -0.3415 0.5592 0.223 0.7218 -0.6686 0.0141 0.7074 0.2288 -0.626 0.4322 0.5861 0.2788 -0.7072 0.2164 0.6716 0.0451 -0.8948 -0.3481 -0.243 0.1384 -0.6746 0.3175 0.6528 0.1341 -0.5909 -0.3981 0.5977 -0.3676 -0.9359 0.0876 -0.3347 -0.0659
-0.6366 0.4728 0.2525 0.5545 -0.3593 0.6766 0.5902 -0.2546 -0.3415 0.5592 0.223 0.7218 -0.6686 0.0141 0.7074 0.2288 -0.626 0.4322 0.5861 0.2788 -0.7072 0.2164 0.6716 0.0451 -0.8948 -0.3481 -0.243 0.1384 -0.6746 0.3175 0.6528 0.1341 -0.5909 -0.3981 0.5977 -0.3676 -0.9359 0.0876 -0.3347 -0.0659
-0.6573 0.4787 0.2726 0.5143 -0.3593 0.6766 0.5902 -0.2546 -0.3415 0.5592 0.223 0.7218 -0.6686 0.0141 0.7074 0.2288 -0.626 0.4322 0.5861 0.2788 -0.687 0.1846 0.7014 0.0454 -0.8948 -0.3481 -0.243 0.1384 -0.6746 0.3175 0.6528 0.1341 -0.5842 -0.381 0.5781 -0.4235 -0.9359 0.0876 -0.3347 -0.0659
-0.6573 0.4787 0.2726 0.5143 -0.3593 0.6766 0.5902 -0.2546 -0.3415 0.5592 0.223 0.7218 -0.6686 0.0141 0.7074 0.2288 -0.6066 0.4202 0.6216 0.2628 -0.687 0.1846 0.7014 0.0454 -0.8948 -0.3481 -0.243 0.1384 -0.6746 0.3175 0.6528 0.1341 -0.5842 -0.381 0.5781 -0.4235 -0.9359 0.0876 -0.3347 -0.0659
-0.6573 0.4787 0.2726 0.5143 -0.3593 0.6766 0.5902 -0.2546 -0.3415 0.5592 0.223 0.7218 -0.6686 0.0141 0.7074 0.2288 -0.6066 0.4202 0.6216 0.2628 -0.687 0.1846 0.7014 0.0454 -0.8948 -0.3481 -0.243 0.1384 -0.6746 0.3175 0.6528 0.1341 -0.5842 -0.381 0.5781 -0.4235 -0.9359 0.0876 -0.3347 -0.0659
-0.6573 0.4787 0.2726 0.5143 -0.3271 0.6419 0.617 -0.3166 -0.3415 0.5592 0.223 0.7218 -0.6856 -0.0099 0.6957 0.2143 -0.6066 0.4202 0.6216 0.2628 -0.687 0.1846 0.7014 0.0454 -0.8948 -0.3481 -0.243 0.1384 -0.6907 0.2944 0.6595 0.037 -0.5842 -0.381 0.5781 -0.4235 -0.9359 0.0876 -0.3347 -0.0659
-0.6573 0.4787 0.2726 0.5143 -0.3271 0.6419 0.617 -0.3166 -0.3415 0.5592 0.223 0.7218 -0.6856 -0.0099 0.6957 0.2143 -0.6066 0.4202 0.6216 0.2628 -0.687 0.1846 0.7014 0.0454 -0.8948 -0.3481 -0.243 0.1384 -0.6907 0.2944 0.6595 0.037 -0.5842 -0.381 0.5781 -0.4235 -0.9359 0.0876 -0.3347 -0.0659
-0.6573 0.4787 0.2726 0.5143 -0.3271 0.6419 0.617 -0.3166 -0.3415 0.5592 0.223 0.7218 -0.6856 -0.0099 0.6957 0.2143 -0.6066 0.4202 0.6216 0.2628 -0.687 0.1846 0.7014 0.0454 -0.8948 -0.3481 -0.243 0.1384 -0.6907 0.2944 0.6595 0.037 -0.5842 -0.381 0.5781 -0.4235 -0.9011 0.0885 -0.4188 -0.0695
-0.6766 0.4879 0.3217 0.448 -0.3271 0.6419 0.617 -0.3166 -0.3415 0.5592 0.223 0.7218 -0.6856 -0.0099 0.6957 0.2143 -0.6066 0.4202 0.6216 0.2628 -0.6853 0.1235 0.713 0.0822 -0.8948 -0.3481 -0.243 0.1384 -0.6907 0.2944 0.6595 0.037 -0.5659 -0.3052 0.5757 -0.5052 -0.9011 0.0885 -0.4188 -0.0695
-0.6766 0.4879 0.3217 0.448 -0.3271 0.6419 0.617 -0.3166 -0.3415 0.5592 0.223 0.7218 -0.6856 -0.0099 0.6957 0.2143 -0.5806 0.3806 0.6579 0.2918 -0.6853 0.1235 0.713 0.0822 -0.8948 -0.3481 -0.243 0.1384 -0.6907 0.2944 0.6595 0.037 -0.5659 -0.3052 0.5757 -0.5052 -0.9011 0.0885 -0.4188 -0.0695
-0.6766 0.4879 0.3217 0.448 -0.3271 0.6419 0.617 -0.3166 -0.4505 0.4946 0.2697 0.6926 -0.6856 -0.0099 0.6957 0.2143 -0.5806 0.3806 0.6579 0.2918 -0.6853 0.1235 0.713 0.0822 -0.8948 -0.3481 -0.243 0.1384 -0.6907 0.2944 0.6595 0.037 -0.5659 -0.3052 0.5757 -0.5052 -0.9011 0.0885 -0.4188 -0.0695
-0.6766 0.4879 0.3217 0.448 -0.3271 0.6419 0.617 -0.3166 -0.4505 0.4946 0.2697 0.6926 -0.6856 -0.0099 0.6957 0.2143 -0.5806 0.3806 0.6579 0.2918 -0.6853 0.1235 0.713 0.0822 -0.9011 -0.2504 -0.2744 0.2236 -0.6907 0.2944 0.6595 0.037 -0.5659 -0.3052 0.5757 -0.5052 -0.9011 0.0885 -0.4188 -0.0695
-0.6766 0.4879 0.3217 0.448 -0.3271 0.6419 0.617 -0.3166 -0.4505 0.4946 0.2697 0.6926 -0.6856 -0.0099 0.6957 0.2143 -0.5806 0.3806 0.6579 0.2918 -0.6853 0.1235 0.713 0.0822 -0.9011 -0.2504 -0.2744 0.2236 -0.7231 0.253 0.6339 0.1062 -0.5659 -0.3052 0.5757 -0.5052 -0.9011 0.0885 -0.4188 -0.0695
-0.6766 0.4879 0.3217 0.448 -0.3271 0.6419 0.617 -0.3166 -0.4505 0.4946 0.2697 0.6926 -0.6856 -0.0099 0.6957 0.2143 -0.5806 0.3806 0.6579 0.2918 -0.6853 0.1235 0.713 0.0822 -0.9011 -0.2504 -0.2744 0.2236 -0.7231 0.253 0.6339 0.1062 -0.5659 -0.3052 0.5757 -0.5052 -0.9011 0.0885 -0.4188 -0.0695
-0.6766 0.4879 0.3217 0.448 -0.3271 0.6419 0.617 -0.3166 -0.4505 0.4946 0.2697 0.6926 -0.6856 -0.0099 0.6957 0.2143 -0.5806 0.3806 0.6579 0.2918 -0.6853 0.1235 0.713 0.0822 -0.9011 -0.2504 -0.2744 0.2236 -0.7231 0.253 0.6339 0.1062 -0.5659 -0.3052 0.5757 -0.5052 -0.7498 0.1606 -0.6414 -0.0266
-0.6766 0.4879 0.3217 0.448 -0.3271 0.6419 0.617 -0.3166 -0.4505 0.4946 0.2697 0.6926 -0.6856 -0.0099 0.6957 0.2143 -0.5806 0.3806 0.6579 0.2918 -0.6853 0.1235 0.713 0.0822 -0.9011 -0.2504 -0.2744 0.2236 -0.7231 0.253 0.6339 0.1062 -0.5659 -0.3052 0.5757 -0.5052 -0.7498 0.1606 -0.6414 -0.0266
-0.6766 0.4879 0.3217 0.448 -0.3271 0.6419 0.617 -0.3166 -0.4505 0.4946 0.2697 0.6926 -0.6856 -0.0099 0.6957 0.2143 -0.5806 0.3806 0.6579 0.2918 -0.6853 0.1235 0.713 0.0822 -0.9011 -0.2504 -0.2744 0.2236 -0.7231 0.253 0.6339 0.1062 -0.5659 -0.3052 0.5757 -0.5052 -0.7498 0.1606 -0.6414 -0.0266
-0.6766 0.4879 0.3217 0.448 -0.3271 0.6419 0.617 -0.3166 -0.507 0.4606 0.2673 0.6777 -0.6856 -0.0099 0.6957 0.2143 -0.565 0.3342 0.6906 0.3037 -0.6885 0.0704 0.716 0.0912 -0.9011 -0.2504 -0.2744 0.2236 -0.7231 0.253 0.6339 0.1062 -0.5659 -0.3052 0.5757 -0.5052 -0.7498 0.1606 -0.6414 -0.0266
-0.6766 0.4879 0.3217 0.448 -0.3271 0.6419 0.617 -0.3166 -0.507 0.4606 0.2673 0.6777 -0.6856 -0.0099 0.6957 0.2143 -0.565 0.3342 0.6906 0.3037 -0.6885 0.0704 0.716 0.0912 -0.9051 -0.2411 -0.2665 0.2274 -0.7231 0.253 0.6339 0.1062 -0.5659 -0.3052 0.5757 -0.5052 -0.7498 0.1606 -0.6414 -0.0266
-0.6766 0.4879 0.3217 0.448 -0.3271 0.6419 0.617 -0.3166 -0.507 0.4606 0.2673 0.6777 -0.73 -0.074 0.6564 0.1754 -0.565 0.3342 0.6906 0.3037 -0.6885 0.0704 0.716 0.0912 -0.9051 -0.2411 -0.2665 0.2274 -0.7231 0.253 0.6339 0.1062 -0.5659 -0.3052 0.5757 -0.5052 -0.7498 0.1606 -0.6414 -0.0266
-0.6766 0.4879 0.3217 0.448 -0.2727 0.594 0.6614 -0.3679 -0.507 0.4606 0.2673 0.6777 -0.73 -0.074 0.6564 0.1754 -0.565 0.3342 0.6906 0.3037 -0.6885 0.0704 0.716 0.0912 -0.9051 -0.2411 -0.2665 0.2274 -0.7231 0.253 0.6339 0.1062 -0.5659 -0.3052 0.5757 -0.5052 -0.7498 0.1606 -0.6414 -0.0266
-0.6766 0.4879 0.3217 0.448 -0.2727 0.594 0.6614 -0.3679 -0.507 0.4606 0.2673 0.6777 -0.73 -0.074 0.6564 0.1754 -0.565 0.3342 0.6906 0.3037 -0.6885 0.0704 0.716 0.0912 -0.9051 -0.2411 -0.2665 0.2274 -0.7231 0.253 0.6339 0.1062 -0.5659 -0.3052 0.5757 -0.5052 -0.7686 0.1236 -0.6117 -0.1406
-0.6766 0.4879 0.3217 0.448 -0.2727 0.594 0.6614 -0.3679 -0.507 0.4606 0.2673 0.6777 -0.73 -0.074 0.6564 0.1754 -0.565 0.3342 0.6906 0.3037 -0.6885 0.0704 0.716 0.0912 -0.9051 -0.2411 -0.2665 0.2274 -0.7231 0.253 0.6339 0.1062 -0.5659 -0.3052 0.5757 -0.5052 -0.7686 0.1236 -0.6117 -0.1406
-0.6996 0.47 0.3752 0.3858 -0.2727 0.594 0.6614 -0.3679 -0.507 0.4606 0.2673 0.6777 -0.73 -0.074 0.6564 0.1754 -0.5479 0.3058 0.7087 0.3225 -0.6923 0.0419 0.7117 0.1119 -0.9051 -0.2411 -0.2665 0.2274 -0.7231 0.253 0.6339 0.1062 -0.5313 -0.2546 0.5344 -0.6061 -0.7686 0.1236 -0.6117 -0.1406
-0.6996 0.47 0.3752 0.3858 -0.2727 0.594 0.6614 -0.3679 -0.5185 0.4627 0.2835 0.6609 -0.73 -0.074 0.6564 0.1754 -0.5479 0.3058 0.7087 0.3225 -0.6923 0.0419 0.7117 0.1119 -0.9051 -0.2411 -0.2665 0.2274 -0.7231 0.253 0.6339 0.1062 -0.5313 -0.2546 0.5344 -0.6061 -0.7686 0.1236 -0.6117 -0.1406
-0.6996 0.47 0.3752 0.3858 -0.2727 0.594 0.6614 -0.3679 -0.5185 0.4627 0.2835 0.6609 -0.73 -0.074 0.6564 0.1754 -0.5479 0.3058 0.7087 0.3225 -0.6923 0.0419 0.7117 0.1119 -0.9051 -0.2411 -0.2665 0.2274 -0.7231 0.253 0.6339 0.1062 -0.5313 -0.2546 0.5344 -0.6061 -0.7686 0.1236 -0.6117 -0.1406
-0.6996 0.47 0.3752 0.3858 -0.2727 0.594 0.6614 -0.3679 -0.5185 0.4627 0.2835 0.6609 -0.7482 -0.1058 0.6415 0.1316 -0.5479 0.3058 0.7087 0.3225 -0.6923 0.0419 0.7117 0.1119 -0.9051 -0.2411 -0.2665 0.2274 -0.7418 0.0991 0.6282 0.2129 -0.5313 -0.2546 0.5344 -0.6061 -0.7686 0.1236 -0.6117 -0.1406
-0.6996 0.47 0.3752 0.3858 -0.2587 0.5894 0.6752 -0.3604 -0.5185 0.4627 0.2835 0.6609 -0.7482 -0.1058 0.6415 0.1316 -0.5479 0.3058 0.7087 0.3225 -0.6923 0.0419 0.7117 0.1119 -0.9051 -0.2411 -0.2665 0.2274 -0.7418 0.0991 0.6282 0.2129 -0.5313 -0.2546 0.5344 -0.6061 -0.7686 0.1236 -0.6117 -0.1406
-0.6996 0.47 0.3752 0.3858 -0.2587 0.5894 0.6752 -0.3604 -0.5185 0.4627 0.2835 0.6609 -0.7482 -0.1058 0.6415 0.1316 -0.5479 0.3058 0.7087 0.3225 -0.6923 0.0419 0.7117 0.1119 -0.9051 -0.2411 -0.2665 0.2274 -0.7418 0.0991 0.6282 0.2129 -0.5313 -0.2546 0.5344 -0.6061 -0.9004 0.0863 -0.4151 -0.0975
-0.6996 0.47 0.3752 0.3858 -0.2587 0.5894 0.6752 -0.3604 -0.5185 0.4627 0.2835 0.6609 -0.7482 -0.1058 0.6415 0.1316 -0.5479 0.3058 0.7087 0.3225 -0.6923 0.0419 0.7117 0.1119 -0.9051 -0.2411 -0.2665 0.2274 -0.7418 0.0991 0.6282 0.2129 -0.5965 -0.3969 0.567 -0.4064 -0.9004 0.0863 -0.4151 -0.0975
-0.6956 0.4644 0.3825 0.3926 -0.2587 0.5894 0.6752 -0.3604 -0.5185 0.4627 0.2835 0.6609 -0.7482 -0.1058 0.6415 0.1316 -0.5303 0.2877 0.7173 0.3486 -0.6982 0.0233 0.6996 0.1497 -0.9051 -0.2411 -0.2665 0.2274 -0.7418 0.0991 0.6282 0.2129 -0.5965 -0.3969 0.567 -0.4064 -0.9004 0.0863 -0.4151 -0.0975
-0.6956 0.4644 0.3825 0.3926 -0.2587 0.5894 0.6752 -0.3604 -0.5185 0.4627 0.2835 0.6609 -0.7482 -0.1058 0.6415 0.1316 -0.5303 0.2877 0.7173 0.3486 -0.6982 0.0233 0.6996 0.1497 -0.9051 -0.2411 -0.2665 0.2274 -0.7418 0.0991 0.6282 0.2129 -0.5965 -0.3969 0.567 -0.4064 -0.9004 0.0863 -0.4151 -0.0975
-0.6956 0.4644 0.3825 0.3926 -0.2587 0.5894 0.6752 -0.3604 -0.525 0.4713 0.2774 0.6522 -0.7414 -0.0782 0.6523 0.1368 -0.5303 0.2877 0.7173 0.3486 -0.6982 0.0233 0.6996 0.1497 -0.8976 -0.2434 -0.2823 0.2355 -0.7418 0.0991 0.6282 0.2129 -0.5965 -0.3969 0.567 -0.4064 -0.9004 0.0863 -0.4151 -0.0975
-0.6956 0.4644 0.3825 0.3926 -0.2739 0.5872 0.6776 -0.3479 -0.525 0.4713 0.2774 0.6522 -0.7414 -0.0782 0.6523 0.1368 -0.5303 0.2877 0.7173 0.3486 -0.6982 0.0233 0.6996 0.1497 -0.8976 -0.2434 -0.2823 0.2355 -0.7418 0.0991 0.6282 0.2129 -0.5965 -0.3969 0.567 -0.4064 -0.9004 0.0863 -0.4151 -0.0975
-0.6956 0.4644 0.3825 0.3926 -0.2739 0.5872 0.6776 -0.3479 -0.525 0.4713 0.2774 0.6522 -0.7414 -0.0782 0.6523 0.1368 -0.5303 0.2877 0.7173 0.3486 -0.6982 0.0233 0.6996 0.1497 -0.8976 -0.2434 -0.2823 0.2355 -0.7418 0.0991 0.6282 0.2129 -0.5965 -0.3969 0.567 -0.4064 -0.9004 0.0863 -0.4151 -0.0975
-0.6956 0.4644 0.3825 0.3926 -0.2739 0.5872 0.6776 -0.3479 -0.525 0.4713 0.2774 0.6522 -0.7414 -0.0782 0.6523 0.1368 -0.5303 0.2877 0.7173 0.3486 -0.6982 0.0233 0.6996 0.1497 -0.8976 -0.2434 -0.2823 0.2355 -0.7418 0.0991 0.6282 0.2129 -0.5965 -0.3969 0.567 -0.4064 -0.9004 0.0863 -0.4151 -0.0975
-0.7086 0.4498 0.3691 0.3991 -0.2739 0.5872 0.6776 -0.3479 -0.525 0.4713 0.2774 0.6522 -0.7414 -0.0782 0.6523 0.1368 -0.5303 0.2877 0.7173 0.3486 -0.7028 0.0098 0.6832 0.1979 -0.8976 -0.2434 -0.2823 0.2355 -0.7418 0.0991 0.6282 0.2129 -0.6158 -0.5608 0.4942 -0.2492 -0.9004 0.0863 -0.4151 -0.0975
-0.7086 0.4498 0.3691 0.3991 -0.2739 0.5872 0.6776 -0.3479 -0.525 0.4713 0.2774 0.6522 -0.7414 -0.0782 0.6523 0.1368 -0.5118 0.2793 0.7148 0.3861 -0.7028 0.0098 0.6832 0.1979 -0.8976 -0.2434 -0.2823 0.2355 -0.7418 0.0991 0.6282 0.2129 -0.6158 -0.5608 0.4942 -0.2492 -0.9004 0.0863 -0.4151 -0.0975
-0.7086 0.4498 0.3691 0.3991 -0.2739 0.5872 0.6776 -0.3479 -0.525 0.4713 0.2774 0.6522 -0.7414 -0.0782 0.6523 0.1368 -0.5118 0.2793 0.7148 0.3861 -0.7028 0.0098 0.6832 0.1979 -0.8976 -0.2434 -0.2823 0.2355 -0.7418 0.0991 0.6282 0.2129 -0.6158 -0.5608 0.4942 -0.2492 -0.9004 0.0863 -0.4151 -0.0975
-0.7086 0.4498 0.3691 0.3991 -0.2739 0.5872 0.6776 -0.3479 -0.525 0.4713 0.2774 0.6522 -0.7414 -0.0782 0.6523 0.1368 -0.5118 0.2793 0.7148 0.3861 -0.7028 0.0098 0.6832 0.1979 -0.8976 -0.2434 -0.2823 0.2355 -0.7418 0.0991 0.6282 0.2129 -0.6158 -0.5608 0.4942 -0.2492 -0.9004 0.0863 -0.4151 -0.0975
-0.7086 0.4498 0.3691 0.3991 -0.2928 0.5844 0.6757 -0.3409 -0.5046 0.498 0.2819 0.6464 -0.7335 -0.0628 0.665 0.126 -0.5118 0.2793 0.7148 0.3861 -0.7028 0.0098 0.6832 0.1979 -0.8882 -0.2496 -0.2975 0.2458 -0.7162 0.1714 0.6163 0.2789 -0.6158 -0.5608 0.4942 -0.2492 -0.9004 0.0863 -0.4151 -0.0975
-0.7086 0.4498 0.3691 0.3991 -0.2928 0.5844 0.6757 -0.3409 -0.5046 0.498 0.2819 0.6464 -0.7335 -0.0628 0.665 0.126 -0.5118 0.2793 0.7148 0.3861 -0.7028 0.0098 0.6832 0.1979 -0.8882 -0.2496 -0.2975 0.2458 -0.7162 0.1714 0.6163 0.2789 -0.6158 -0.5608 0.4942 -0.2492 -0.9004 0.0863 -0.4151 -0.0975
-0.7086 0.4498 0.3691 0.3991 -0.2928 0.5844 0.6757 -0.3409 -0.5046 0.498 0.2819 0.6464 -0.7335 -0.0628 0.665 0.126 -0.5118 0.2793 0.7148 0.3861 -0.7028 0.0098 0.6832 0.1979 -0.8882 -0.2496 -0.2975 0.2458 -0.7162 0.1714 0.6163 0.2789 -0.6158 -0.5608 0.4942 -0.2492 -0.9004 0.0863 -0.4151 -0.0975
-0.7086 0.4498 0.3691 0.3991 -0.2928 0.5844 0.6757 -0.3409 -0.5046 0.498 0.2819 0.6464 -0.7335 -0.0628 0.665 0.126 -0.5118 0.2793 0.7148 0.3861 -0.7028 0.0098 0.6832 0.1979 -0.8882 -0.2496 -0.2975 0.2458 -0.7162 0.1714 0.6163 0.2789 -0.6158 -0.5608 0.4942 -0.2492 -0.9004 0.0863 -0.4151 -0.0975
-0.7086 0.4498 0.3691 0.3991 -0.2928 0.5844 0.6757 -0.3409 -0.5046 0.498 0.2819 0.6464 -0.7335 -0.0628 0.665 0.126 -0.5043 0.2725 0.6969 0.431 -0.7081 -0.0184 0.6636 0.2405 -0.8882 -0.2496 -0.2975 0.2458 -0.7162 0.1714 0.6163 0.2789 -0.6158 -0.5608 0.4942 -0.2492 -0.9004 0.0863 -0.4151 -0.0975
-0.7086 0.4498 0.3691 0.3991 -0.2928 0.5844 0.6757 -0.3409 -0.5046 0.498 0.2819 0.6464 -0.7335 -0.0628 0.665 0.126 -0.5043 0.2725 0.6969 0.431 -0.7081 -0.0184 0.6636 0.2405 -0.8882 -0.2496 -0.2975 0.2458 -0.7162 0.1714 0.6163 0.2789 -0.6158 -0.5608 0.4942 -0.2492 -0.9004 0.0863 -0.4151 -0.0975
-0.7086 0.4498 0.3691 0.3991 -0.2928 0.5844 0.6757 -0.3409 -0.5046 0.498 0.2819 0.6464 -0.7214 -0.0477 0.6817 0.1123 -0.5043 0.2725 0.6969 0.431 -0.7081 -0.0184 0.6636 0.2405 -0.8882 -0.2496 -0.2975 0.2458 -0.7008 0.1832 0.6217 0.298 -0.6158 -0.5608 0.4942 -0.2492 -0.9004 0.0863 -0.4151 -0.0975
-0.7086 0.4498 0.3691 0.3991 -0.2928 0.5844 0.6757 -0.3409 -0.5046 0.498 0.2819 0.6464 -0.7214 -0.0477 0.6817 0.1123 -0.5043 0.2725 0.6969 0.431 -0.7081 -0.0184 0.6636 0.2405 -0.8882 -0.2496 -0.2975 0.2458 -0.7008 0.1832 0.6217 0.298 -0.6158 -0.5608 0.4942 -0.2492 -0.9004 0.0863 -0.4151 -0.0975
-0.7086 0.4498 0.3691 0.3991 -0.2928 0.5844 0.6757 -0.3409 -0.5046 0.498 0.2819 0.6464 -0.7214 -0.0477 0.6817 0.1123 -0.5043 0.2725 0.6969 0.431 -0.7081 -0.0184 0.6636 0.2405 -0.8882 -0.2496 -0.2975 0.2458 -0.7008 0.1832 0.6217 0.298 -0.6158 -0.5608 0.4942 -0.2492 -0.9621 0.0496 -0.2626 -0.0546
-0.7086 0.4498 0.3691 0.3991 -0.2928 0.5844 0.6757 -0.3409 -0.5046 0.498 0.2819 0.6464 -0.7214 -0.0477 0.6817 0.1123 -0.5043 0.2725 0.6969 0.431 -0.7081 -0.0184 0.6636 0.2405 -0.8882 -0.2496 -0.2975 0.2458 -0.7008 0.1832 0.6217 0.298 -0.6158 -0.5608 0.4942 -0.2492 -0.9621 0.0496 -0.2626 -0.0546
-0.7086 0.4498 0.3691 0.3991 -0.2928 0.5844 0.6757 -0.3409 -0.5046 0.498 0.2819 0.6464 -0.7214 -0.0477 0.6817 0.1123 -0.5043 0.2725 0.6969 0.431 -0.7081 -0.0184 0.6636 0.2405 -0.8882 -0.2496 -0.2975 0.2458 -0.7008 0.1832 0.6217 0.298 -0.6158 -0.5608 0.4942 -0.2492 -0.9621 0.0496 -0.2626 -0.0546
-0.7225 0.4499 0.3018 0.4295 -0.2928 0.5844 0.6757 -0.3409 -0.5046 0.498 0.2819 0.6464 -0.7214 -0.0477 0.6817 0.1123 -0.5374 0.2972 0.6239 0.4833 -0.7222 -0.0435 0.6147 0.314 -0.8882 -0.2496 -0.2975 0.2458 -0.7008 0.1832 0.6217 0.298 -0.6158 -0.5608 0.4942 -0.2492 -0.9621 0.0496 -0.2626 -0.0546
-0.7225 0.4499 0.3018 0.4295 -0.2928 0.5844 0.6757 -0.3409 -0.5046 0.498 0.2819 0.6464 -0.7214 -0.0477 0.6817 0.1123 -0.5374 0.2972 0.6239 0.4833 -0.7222 -0.0435 0.6147 0.314 -0.8882 -0.2496 -0.2975 0.2458 -0.7008 0.1832 0.6217 0.298 -0.6158 -0.5608 0.4942 -0.2492 -0.9621 0.0496 -0.2626 -0.0546
-0.7225 0.4499 0.3018 0.4295 -0.2928 0.5844 0.6757 -0.3409 -0.439 0.5443 0.3066 0.6458 -0.7167 -0.0254 0.6874 0.1145 -0.5374 0.2972 0.6239 0.4833 -0.7222 -0.0435 0.6147 0.314 -0.7319 -0.285 -0.5737 0.2325 -0.7008 0.1832 0.6217 0.298 -0.6158 -0.5608 0.4942 -0.2492 -0.9621 0.0496 -0.2626 -0.0546
-0.7225 0.4499 0.3018 0.4295 -0.2928 0.5844 0.6757 -0.3409 -0.439 0.5443 0.3066 0.6458 -0.7167 -0.0254 0.6874 0.1145 -0.5374 0.2972 0.6239 0.4833 -0.7222 -0.0435 0.6147 0.314 -0.7319 -0.285 -0.5737 0.2325 -0.7008 0.1832 0.6217 0.298 -0.6158 -0.5608 0.4942 -0.2492 -0.9621 0.0496 -0.2626 -0.0546
-0.7225 0.4499 0.3018 0.4295 -0.2928 0.5844 0.6757 -0.3409 -0.439 0.5443 0.3066 0.6458 -0.7167 -0.0254 0.6874 0.1145 -0.5374 0.2972 0.6239 0.4833 -0.7222 -0.0435 0.6147 0.314 -0.7319 -0.285 -0.5737 0.2325 -0.7008 0.1832 0.6217 0.298 -0.6158 -0.5608 0.4942 -0.2492 -0.9621 0.0496 -0.2626 -0.0546
-0.7225 0.4499 0.3018 0.4295 -0.2928 0.5844 0.6757 -0.3409 -0.439 0.5443 0.3066 0.6458 -0.7167 -0.0254 0.6874 0.1145 -0.5374 0.2972 0.6239 0.4833 -0.7222 -0.0435 0.6147 0.314 -0.7319 -0.285 -0.5737 0.2325 -0.7008 0.1832 0.6217 0.298 -0.6158 -0.5608 0.4942 -0.2492 -0.9621 0.0496 -0.2626 -0.0546
-0.7225 0.4499 0.3018 0.4295 -0.2928 0.5844 0.6757 -0.3409 -0.439 0.5443 0.3066 0.6458 -0.7167 -0.0254 0.6874 0.1145 -0.5374 0.2972 0.6239 0.4833 -0.7222 -0.0435 0.6147 0.314 -0.7319 -0.285 -0.5737 0.2325 -0.7008 0.1832 0.6217 0.298 -0.6158 -0.5608 0.4942 -0.2492 -0.9621 0.0496 -0.2626 -0.0546
-0.7225 0.4499 0.3018 0.4295 -0.2928 0.5844 0.6757 -0.3409 -0.439 0.5443 0.3066 0.6458 -0.7167 -0.0254 0.6874 0.1145 -0.5374 0.2972 0.6239 0.4833 -0.7493 -0.014 0.5738 0.3303 -0.7319 -0.285 -0.5737 0.2325 -0.7008 0.1832 0.6217 0.298 -0.6158 -0.5608 0.4942 -0.2492 -0.9621 0.0496 -0.2626 -0.0546
-0.7225 0.4499 0.3018 0.4295 -0.2928 0.5844 0.6757 -0.3409 -0.439 0.5443 0.3066 0.6458 -0.7167 -0.0254 0.6874 0.1145 -0.5374 0.2972 0.6239 0.4833 -0.7493 -0.014 0.5738 0.3303 -0.7319 -0.285 -0.5737 0.2325 -0.7008 0.1832 0.6217 0.298 -0.6158 -0.5608 0.4942 -0.2492 -0.9621 0.0496 -0.2626 -0.0546
-0.7225 0.4499 0.3018 0.4295 -0.2928 0.5844 0.6757 -0.3409 -0.4073 0.5496 0.2598 0.6815 -0.7167 -0.0254 0.6874 0.1145 -0.5675 0.3138 0.5858 0.4861 -0.7493 -0.014 0.5738 0.3303 -0.7319 -0.285 -0.5737 0.2325 -0.7008 0.1832 0.6217 0.298 -0.6158 -0.5608 0.4942 -0.2492 -0.9621 0.0496 -0.2626 -0.0546
-0.7225 0.4499 0.3018 0.4295 -0.2928 0.5844 0.6757 -0.3409 -0.4073 0.5496 0.2598 0.6815 -0.7167 -0.0254 0.6874 0.1145 -0.5675 0.3138 0.5858 0.4861 -0.7493 -0.014 0.5738 0.3303 -0.7319 -0.285 -0.5737 0.2325 -0.7008 0.1832 0.6217 0.298 -0.6158 -0.5608 0.4942 -0.2492 -0.9621 0.0496 -0.2626 -0.0546
-0.7225 0.4499 0.3018 0.4295 -0.2928 0.5844 0.6757 -0.3409 -0.4073 0.5496 0.2598 0.6815 -0.7167 -0.0254 0.6874 0.1145 -0.5675 0.3138 0.5858 0.4861 -0.7493 -0.014 0.5738 0.3303 -0.7319 -0.285 -0.5737 0.2325 -0.7008 0.1832 0.6217 0.298 -0.6158 -0.5608 0.4942 -0.2492 -0.9621 0.0496 -0.2626 -0.0546
-0.6874 0.4801 0.2628 0.4775 -0.2928 0.5844 0.6757 -0.3409 -0.4073 0.5496 0.2598 0.6815 -0.7167 -0.0254 0.6874 0.1145 -0.5675 0.3138 0.5858 0.4861 -0.7493 -0.014 0.5738 0.3303 -0.7319 -0.285 -0.5737 0.2325 -0.7008 0.1832 0.6217 0.298 -0.6158 -0.5608 0.4942 -0.2492 -0.9398 0.0904 -0.3274 -0.037
-0.6874 0.4801 0.2628 0.4775 -0.2928 0.5844 0.6757 -0.3409 -0.4073 0.5496 0.2598 0.6815 -0.7167 -0.0254 0.6874 0.1145 -0.5675 0.3138 0.5858 0.4861 -0.7493 -0.014 0.5738 0.3303 -0.7319 -0.285 -0.5737 0.2325 -0.7008 0.1832 0.6217 0.298 -0.6158 -0.5608 0.4942 -0.2492 -0.9398 0.0904 -0.3274 -0.037
-0.6874 0.4801 0.2628 0.4775 -0.2928 0.5844 0.6757 -0.3409 -0.4073 0.5496 0.2598 0.6815 -0.7167 -0.0254 0.6874 0.1145 -0.5967 0.3556 0.5455 0.4689 -0.7739 0.1307 0.571 0.2405 -0.7319 -0.285 -0.5737 0.2325 -0.7008 0.1832 0.6217 0.298 -0.6085 -0.4138 0.61 -0.2939 -0.9398 0.0904 -0.3274 -0.037
-0.6874 0.4801 0.2628 0.4775 -0.2928 0.5844 0.6757 -0.3409 -0.4073 0.5496 0.2598 0.6815 -0.7167 -0.0254 0.6874 0.1145 -0.5967 0.3556 0.5455 0.4689 -0.7739 0.1307 0.571 0.2405 -0.7319 -0.285 -0.5737 0.2325 -0.7008 0.1832 0.6217 0.298 -0.6085 -0.4138 0.61 -0.2939 -0.9398 0.0904 -0.3274 -0.037
-0.6874 0.4801 0.2628 0.4775 -0.2928 0.5844 0.6757 -0.3409 -0.4073 0.5496 0.2598 0.6815 -0.7167 -0.0254 0.6874 0.1145 -0.5967 0.3556 0.5455 0.4689 -0.7739 0.1307 0.571 0.2405 -0.7319 -0.285 -0.5737 0.2325 -0.7008 0.1832 0.6217 0.298 -0.6085 -0.4138 0.61 -0.2939 -0.9398 0.0904 -0.3274 -0.037
-0.6874 0.4801 0.2628 0.4775 -0.3705 0.6407 0.599 -0.3056 -0.4073 0.5496 0.2598 0.6815 -0.7167 -0.0254 0.6874 0.1145 -0.5967 0.3556 0.5455 0.4689 -0.7739 0.1307 0.571 0.2405 -0.7319 -0.285 -0.5737 0.2325 -0.7008 0.1832 0.6217 0.298 -0.6085 -0.4138 0.61 -0.2939 -0.9398 0.0904 -0.3274 -0.037
-0.6874 0.4801 0.2628 0.4775 -0.3705 0.6407 0.599 -0.3056 -0.4073 0.5496 0.2598 0.6815 -0.7167 -0.0254 0.6874 0.1145 -0.5967 0.3556 0.5455 0.4689 -0.7739 0.1307 0.571 0.2405 -0.7319 -0.285 -0.5737 0.2325 -0.7008 0.1832 0.6217 0.298 -0.6085 -0.4138 0.61 -0.2939 -0.9398 0.0904 -0.3274 -0.037
-0.6874 0.4801 0.2628 0.4775 -0.3705 0.6407 0.599 -0.3056 -0.4073 0.5496 0.2598 0.6815 -0.7167 -0.0254 0.6874 0.1145 -0.5967 0.3556 0.5455 0.4689 -0.7739 0.1307 0.571 0.2405 -0.7319 -0.285 -0.5737 0.2325 -0.7008 0.1832 0.6217 0.298 -0.6085 -0.4138 0.61 -0.2939 -0.9375 0.0961 -0.3328 -0.0341
-0.6802 0.4757 0.2639 0.4914 -0.3705 0.6407 0.599 -0.3056 -0.4073 0.5496 0.2598 0.6815 -0.7167 -0.0254 0.6874 0.1145 -0.5967 0.3556 0.5455 0.4689 -0.7739 0.1307 0.571 0.2405 -0.7319 -0.285 -0.5737 0.2325 -0.7008 0.1832 0.6217 0.298 -0.6011 -0.4055 0.6116 -0.3167 -0.9375 0.0961 -0.3328 -0.0341
-0.6802 0.4757 0.2639 0.4914 -0.3705 0.6407 0.599 -0.3056 -0.4073 0.5496 0.2598 0.6815 -0.7167 -0.0254 0.6874 0.1145 -0.6206 0.3931 0.5626 0.3792 -0.7739 0.1307 0.571 0.2405 -0.7319 -0.285 -0.5737 0.2325 -0.7008 0.1832 0.6217 0.298 -0.6011 -0.4055 0.6116 -0.3167 -0.9375 0.0961 -0.3328 -0.0341
-0.6802 0.4757 0.2639 0.4914 -0.3705 0.6407 0.599 -0.3056 -0.3593 0.5424 0.2337 0.7226 -0.6781 -0.0015 0.6912 0.25 -0.6206 0.3931 0.5626 0.3792 -0.7739 0.1307 0.571 0.2405 -0.7319 -0.285 -0.5737 0.2325 -0.7008 0.1832 0.6217 0.298 -0.6011 -0.4055 0.6116 -0.3167 -0.9375 0.0961 -0.3328 -0.0341
-0.6802 0.4757 0.2639 0.4914 -0.3705 0.6407 0.599 -0.3056 -0.3593 0.5424 0.2337 0.7226 -0.6781 -0.0015 0.6912 0.25 -0.6206 0.3931 0.5626 0.3792 -0.7739 0.1307 0.571 0.2405 -0.7319 -0.285 -0.5737 0.2325 -0.6763 0.3043 0.6572 0.1346 -0.6011 -0.4055 0.6116 -0.3167 -0.9375 0.0961 -0.3328 -0.0341
-0.6802 0.4757 0.2639 0.4914 -0.3701 0.645 0.5997 -0.2957 -0.3593 0.5424 0.2337 0.7226 -0.6781 -0.0015 0.6912 0.25 -0.6206 0.3931 0.5626 0.3792 -0.7739 0.1307 0.571 0.2405 -0.7319 -0.285 -0.5737 0.2325 -0.6763 0.3043 0.6572 0.1346 -0.6011 -0.4055 0.6116 -0.3167 -0.9375 0.0961 -0.3328 -0.0341
-0.6802 0.4757 0.2639 0.4914 -0.3701 0.645 0.5997 -0.2957 -0.3593 0.5424 0.2337 0.7226 -0.6781 -0.0015 0.6912 0.25 -0.6206 0.3931 0.5626 0.3792 -0.7739 0.1307 0.571 0.2405 -0.7319 -0.285 -0.5737 0.2325 -0.6763 0.3043 0.6572 0.1346 -0.6011 -0.4055 0.6116 -0.3167 -0.9346 0.0917 -0.3413 -0.0413
-0.6827 0.4703 0.2665 0.4916 -0.3701 0.645 0.5997 -0.2957 -0.3593 0.5424 0.2337 0.7226 -0.6781 -0.0015 0.6912 0.25 -0.6206 0.3931 0.5626 0.3792 -0.7739 0.1307 0.571 0.2405 -0.7319 -0.285 -0.5737 0.2325 -0.6763 0.3043 0.6572 0.1346 -0.6011 -0.4055 0.6116 -0.3167 -0.9346 0.0917 -0.3413 -0.0413
-0.6827 0.4703 0.2665 0.4916 -0.3701 0.645 0.5997 -0.2957 -0.3593 0.5424 0.2337 0.7226 -0.6781 -0.0015 0.6912 0.25 -0.6206 0.3931 0.5626 0.3792 -0.7739 0.1307 0.571 0.2405 -0.7319 -0.285 -0.5737 0.2325 -0.6763 0.3043 0.6572 0.1346 -0.5964 -0.3961 0.6046 -0.3491 -0.9346 0.0917 -0.3413 -0.0413
-0.6827 0.4703 0.2665 0.4916 -0.3701 0.645 0.5997 -0.2957 -0.3593 0.5424 0.2337 0.7226 -0.6781 -0.0015 0.6912 0.25 -0.6231 0.4183 0.5924 0.2928 -0.7135 0.2032 0.6691 0.0438 -0.7319 -0.285 -0.5737 0.2325 -0.6763 0.3043 0.6572 0.1346 -0.5964 -0.3961 0.6046 -0.3491 -0.9346 0.0917 -0.3413 -0.0413
-0.6827 0.4703 0.2665 0.4916 -0.3701 0.645 0.5997 -0.2957 -0.3593 0.5424 0.2337 0.7226 -0.6781 -0.0015 0.6912 0.25 -0.6231 0.4183 0.5924 0.2928 -0.7135 0.2032 0.6691 0.0438 -0.7319 -0.285 -0.5737 0.2325 -0.6763 0.3043 0.6572 0.1346 -0.5964 -0.3961 0.6046 -0.3491 -0.9346 0.0917 -0.3413 -0.0413
-0.6827 0.4703 0.2665 0.4916 -0.3701 0.645 0.5997 -0.2957 -0.3593 0.5424 0.2337 0.7226 -0.6781 -0.0015 0.6912 0.25 -0.6231 0.4183 0.5924 0.2928 -0.7135 0.2032 0.6691 0.0438 -0.7319 -0.285 -0.5737 0.2325 -0.6763 0.3043 0.6572 0.1346 -0.5964 -0.3961 0.6046 -0.3491 -0.9346 0.0917 -0.3413 -0.0413
-0.6827 0.4703 0.2665 0.4916 -0.3701 0.645 0.5997 -0.2957 -0.3593 0.5424 0.2337 0.7226 -0.6781 -0.0015 0.6912 0.25 -0.6231 0.4183 0.5924 0.2928 -0.7135 0.2032 0.6691 0.0438 -0.7319 -0.285 -0.5737 0.2325 -0.6763 0.3043 0.6572 0.1346 -0.5964 -0.3961 0.6046 -0.3491 -0.9346 0.0917 -0.3413 -0.0413
-0.6827 0.4703 0.2665 0.4916 -0.3701 0.645 0.5997 -0.2957 -0.3593 0.5424 0.2337 0.7226 -0.6781 -0.0015 0.6912 0.25 -0.6231 0.4183 0.5924 0.2928 -0.7135 0.2032 0.6691 0.0438 -0.7319 -0.285 -0.5737 0.2325 -0.6763 0.3043 0.6572 0.1346 -0.5964 -0.3961 0.6046 -0.3491 -0.9346 0.0917 -0.3413 -0.0413
-0.6827 0.4703 0.2665 0.4916 -0.3701 0.645 0.5997 -0.2957 -0.3593 0.5424 0.2337 0.7226 -0.6781 -0.0015 0.6912 0.25 -0.6231 0.4183 0.5924 0.2928 -0.7135 0.2032 0.6691 0.0438 -0.7319 -0.285 -0.5737 0.2325 -0.6763 0.3043 0.6572 0.1346 -0.5964 -0.3961 0.6046 -0.3491 -0.9346 0.0917 -0.3413 -0.0413
-0.6827 0.4703 0.2665 0.4916 -0.3701 0.645 0.5997 -0.2957 -0.3593 0.5424 0.2337 0.7226 -0.6781 -0.0015 0.6912 0.25 -0.6231 0.4183 0.5924 0.2928 -0.7135 0.2032 0.6691 0.0438 -0.7319 -0.285 -0.5737 0.2325 -0.6763 0.3043 0.6572 0.1346 -0.5964 -0.3961 0.6046 -0.3491 -0.9346 0.0917 -0.3413 -0.0413
-0.6929 0.4683 0.3 0.4589 -0.3701 0.645 0.5997 -0.2957 -0.3593 0.5424 0.2337 0.7226 -0.6781 -0.0015 0.6912 0.25 -0.6231 0.4183 0.5924 0.2928 -0.7135 0.2032 0.6691 0.0438 -0.7319 -0.285 -0.5737 0.2325 -0.6763 0.3043 0.6572 0.1346 -0.5875 -0.3813 0.5875 -0.4053 -0.9346 0.0917 -0.3413 -0.0413
-0.6929 0.4683 0.3 0.4589 -0.3701 0.645 0.5997 -0.2957 -0.3593 0.5424 0.2337 0.7226 -0.6781 -0.0015 0.6912 0.25 -0.6231 0.4183 0.5924 0.2928 -0.7135 0.2032 0.6691 0.0438 -0.7319 -0.285 -0.5737 0.2325 -0.6763 0.3043 0.6572 0.1346 -0.5875 -0.3813 0.5875 -0.4053 -0.9346 0.0917 -0.3413 -0.0413
-0.6929 0.4683 0.3 0.4589 -0.3701 0.645 0.5997 -0.2957 -0.3593 0.5424 0.2337 0.7226 -0.6781 -0.0015 0.6912 0.25 -0.6231 0.4183 0.5924 0.2928 -0.7135 0.2032 0.6691 0.0438 -0.7319 -0.285 -0.5737 0.2325 -0.6763 0.3043 0.6572 0.1346 -0.5875 -0.3813 0.5875 -0.4053 -0.9346 0.0917 -0.3413 -0.0413
-0.6929 0.4683 0.3 0.4589 -0.3701 0.645 0.5997 -0.2957 -0.3593 0.5424 0.2337 0.7226 -0.6781 -0.0015 0.6912 0.25 -0.6231 0.4183 0.5924 0.2928 -0.7135 0.2032 0.6691 0.0438 -0.7319 -0.285 -0.5737 0.2325 -0.6763 0.3043 0.6572 0.1346 -0.5875 -0.3813 0.5875 -0.4053 -0.9346 0.0917 -0.3413 -0.0413
-0.6929 0.4683 0.3 0.4589 -0.3701 0.645 0.5997 -0.2957 -0.3593 0.5424 0.2337 0.7226 -0.6781 -0.0015 0.6912 0.25 -0.6231 0.4183 0.5924 0.2928 -0.7135 0.2032 0.6691 0.0438 -0.7319 -0.285 -0.5737 0.2325 -0.6763 0.3043 0.6572 0.1346 -0.5875 -0.3813 0.5875 -0.4053 -0.9346 0.0917 -0.3413 -0.0413
-0.702 0.4747 0.3479 0.4009 -0.3701 0.645 0.5997 -0.2957 -0.3593 0.5424 0.2337 0.7226 -0.6781 -0.0015 0.6912 0.25 -0.6231 0.4183 0.5924 0.2928 -0.7135 0.2032 0.6691 0.0438 -0.7319 -0.285 -0.5737 0.2325 -0.6763 0.3043 0.6572 0.1346 -0.5875 -0.3813 0.5875 -0.4053 -0.9346 0.0917 -0.3413 -0.0413
-0.702 0.4747 0.3479 0.4009 -0.3701 0.645 0.5997 -0.2957 -0.3593 0.5424 0.2337 0.7226 -0.6781 -0.0015 0.6912 0.25 -0.6231 0.4183 0.5924 0.2928 -0.7135 0.2032 0.6691 0.0438 -0.7319 -0.285 -0.5737 0.2325 -0.6763 0.3043 0.6572 0.1346 -0.5875 -0.3813 0.5875 -0.4053 -0.9346 0.0917 -0.3413 -0.0413
-0.702 0.4747 0.3479 0.4009 -0.3701 0.645 0.5997 -0.2957 -0.3593 0.5424 0.2337 0.7226 -0.6781 -0.0015 0.6912 0.25 -0.5966 0.3904 0.6516 0.259 -0.7135 0.2032 0.6691 0.0438 -0.7319 -0.285 -0.5737 0.2325 -0.6763 0.3043 0.6572 0.1346 -0.5875 -0.3813 0.5875 -0.4053 -0.9346 0.0917 -0.3413 -0.0413
-0.702 0.4747 0.3479 0.4009 -0.3701 0.645 0.5997 -0.2957 -0.3593 0.5424 0.2337 0.7226 -0.6781 -0.0015 0.6912 0.25 -0.5966 0.3904 0.6516 0.259 -0.7135 0.2032 0.6691 0.0438 -0.7319 -0.285 -0.5737 0.2325 -0.6763 0.3043 0.6572 0.1346 -0.5875 -0.3813 0.5875 -0.4053 -0.9346 0.0917 -0.3413 -0.0413
-0.702 0.4747 0.3479 0.4009 -0.3701 0.645 0.5997 -0.2957 -0.4636 0.4827 0.2938 0.6824 -0.718 -0.0576 0.6707 0.1772 -0.5966 0.3904 0.6516 0.259 -0.7135 0.2032 0.6691 0.0438 -0.9135 -0.2322 -0.282 0.1792 -0.7233 0.2346 0.6466 0.0618 -0.5875 -0.3813 0.5875 -0.4053 -0.9346 0.0917 -0.3413 -0.0413
-0.702 0.4747 0.3479 0.4009 -0.2763 0.5761 0.6649 -0.387 -0.4636 0.4827 0.2938 0.6824 -0.718 -0.0576 0.6707 0.1772 -0.5966 0.3904 0.6516 0.259 -0.7135 0.2032 0.6691 0.0438 -0.9135 -0.2322 -0.282 0.1792 -0.7233 0.2346 0.6466 0.0618 -0.5875 -0.3813 0.5875 -0.4053 -0.9346 0.0917 -0.3413 -0.0413
-0.702 0.4747 0.3479 0.4009 -0.2763 0.5761 0.6649 -0.387 -0.4636 0.4827 0.2938 0.6824 -0.718 -0.0576 0.6707 0.1772 -0.5966 0.3904 0.6516 0.259 -0.7135 0.2032 0.6691 0.0438 -0.9135 -0.2322 -0.282 0.1792 -0.7233 0.2346 0.6466 0.0618 -0.5875 -0.3813 0.5875 -0.4053 -0.7745 0.1548 -0.6113 -0.0498
-0.7115 0.47 0.3841 0.3541 -0.2763 0.5761 0.6649 -0.387 -0.4636 0.4827 0.2938 0.6824 -0.718 -0.0576 0.6707 0.1772 -0.5966 0.3904 0.6516 0.259 -0.7135 0.2032 0.6691 0.0438 -0.9135 -0.2322 -0.282 0.1792 -0.7233 0.2346 0.6466 0.0618 -0.5875 -0.3813 0.5875 -0.4053 -0.7745 0.1548 -0.6113 -0.0498
-0.7115 0.47 0.3841 0.3541 -0.2763 0.5761 0.6649 -0.387 -0.4636 0.4827 0.2938 0.6824 -0.718 -0.0576 0.6707 0.1772 -0.5831 0.3313 0.6876 0.2784 -0.7135 0.2032 0.6691 0.0438 -0.9135 -0.2322 -0.282 0.1792 -0.7233 0.2346 0.6466 0.0618 -0.5138 -0.2168 0.586 -0.5878 -0.7745 0.1548 -0.6113 -0.0498
-0.7115 0.47 0.3841 0.3541 -0.2763 0.5761 0.6649 -0.387 -0.4636 0.4827 0.2938 0.6824 -0.718 -0.0576 0.6707 0.1772 -0.5831 0.3313 0.6876 0.2784 -0.7135 0.2032 0.6691 0.0438 -0.9135 -0.2322 -0.282 0.1792 -0.7233 0.2346 0.6466 0.0618 -0.5138 -0.2168 0.586 -0.5878 -0.7745 0.1548 -0.6113 -0.0498
-0.7115 0.47 0.3841 0.3541 -0.2763 0.5761 0.6649 -0.387 -0.4636 0.4827 0.2938 0.6824 -0.718 -0.0576 0.6707 0.1772 -0.5831 0.3313 0.6876 0.2784 -0.7135 0.2032 0.6691 0.0438 -0.9135 -0.2322 -0.282 0.1792 -0.7233 0.2346 0.6466 0.0618 -0.5138 -0.2168 0.586 -0.5878 -0.7745 0.1548 -0.6113 -0.0498
-0.7115 0.47 0.3841 0.3541 -0.2763 0.5761 0.6649 -0.387 -0.4636 0.4827 0.2938 0.6824 -0.718 -0.0576 0.6707 0.1772 -0.5831 0.3313 0.6876 0.2784 -0.7135 0.2032 0.6691 0.0438 -0.9135 -0.2322 -0.282 0.1792 -0.7233 0.2346 0.6466 0.0618 -0.5138 -0.2168 0.586 -0.5878 -0.7745 0.1548 -0.6113 -0.0498
-0.7115 0.47 0.3841 0.3541 -0.2636 0.549 0.6808 -0.4069 -0.5187 0.4584 0.3058 0.6536 -0.7398 -0.1027 0.6526 0.1274 -0.5831 0.3313 0.6876 0.2784 -0.7135 0.2032 0.6691 0.0438 -0.9103 -0.2416 -0.2931 0.1647 -0.7567 0.111 0.6337 0.1165 -0.5138 -0.2168 0.586 -0.5878 -0.7745 0.1548 -0.6113 -0.0498
-0.7115 0.47 0.3841 0.3541 -0.2636 0.549 0.6808 -0.4069 -0.5187 0.4584 0.3058 0.6536 -0.7398 -0.1027 0.6526 0.1274 -0.5831 0.3313 0.6876 0.2784 -0.7135 0.2032 0.6691 0.0438 -0.9103 -0.2416 -0.2931 0.1647 -0.7567 0.111 0.6337 0.1165 -0.5138 -0.2168 0.586 -0.5878 -0.7745 0.1548 -0.6113 -0.0498
-0.7115 0.47 0.3841 0.3541 -0.2636 0.549 0.6808 -0.4069 -0.5187 0.4584 0.3058 0.6536 -0.7398 -0.1027 0.6526 0.1274 -0.5831 0.3313 0.6876 0.2784 -0.7135 0.2032 0.6691 0.0438 -0.9103 -0.2416 -0.2931 0.1647 -0.7567 0.111 0.6337 0.1165 -0.5138 -0.2168 0.586 -0.5878 -0.8116 0.1396 -0.5532 -0.1254
-0.7224 0.4581 0.3948 0.3353 -0.2636 0.549 0.6808 -0.4069 -0.5187 0.4584 0.3058 0.6536 -0.7398 -0.1027 0.6526 0.1274 -0.5831 0.3313 0.6876 0.2784 -0.6981 0.0309 0.7097 0.0898 -0.9103 -0.2416 -0.2931 0.1647 -0.7567 0.111 0.6337 0.1165 -0.5258 -0.3121 0.5461 -0.5726 -0.8116 0.1396 -0.5532 -0.1254
-0.7224 0.4581 0.3948 0.3353 -0.2636 0.549 0.6808 -0.4069 -0.5461 0.4473 0.314 0.6348 -0.7398 -0.1027 0.6526 0.1274 -0.5645 0.3029 0.7045 0.3054 -0.6981 0.0309 0.7097 0.0898 -0.9103 -0.2416 -0.2931 0.1647 -0.7567 0.111 0.6337 0.1165 -0.5258 -0.3121 0.5461 -0.5726 -0.8116 0.1396 -0.5532 -0.1254
-0.7224 0.4581 0.3948 0.3353 -0.2636 0.549 0.6808 -0.4069 -0.5461 0.4473 0.314 0.6348 -0.7398 -0.1027 0.6526 0.1274 -0.5645 0.3029 0.7045 0.3054 -0.6981 0.0309 0.7097 0.0898 -0.9103 -0.2416 -0.2931 0.1647 -0.7567 0.111 0.6337 0.1165 -0.5258 -0.3121 0.5461 -0.5726 -0.8116 0.1396 -0.5532 -0.1254
-0.7224 0.4581 0.3948 0.3353 -0.2636 0.549 0.6808 -0.4069 -0.5461 0.4473 0.314 0.6348 -0.7398 -0.1027 0.6526 0.1274 -0.5645 0.3029 0.7045 0.3054 -0.6981 0.0309 0.7097 0.0898 -0.9103 -0.2416 -0.2931 0.1647 -0.7399 0.0779 0.6459 0.1708 -0.5258 -0.3121 0.5461 -0.5726 -0.8116 0.1396 -0.5532 -0.1254
-0.7224 0.4581 0.3948 0.3353 -0.2539 0.5448 0.693 -0.3981 -0.5461 0.4473 0.314 0.6348 -0.7398 -0.1027 0.6526 0.1274 -0.5645 0.3029 0.7045 0.3054 -0.6981 0.0309 0.7097 0.0898 -0.9103 -0.2416 -0.2931 0.1647 -0.7399 0.0779 0.6459 0.1708 -0.5258 -0.3121 0.5461 -0.5726 -0.8116 0.1396 -0.5532 -0.1254
-0.7224 0.4581 0.3948 0.3353 -0.2539 0.5448 0.693 -0.3981 -0.5461 0.4473 0.314 0.6348 -0.7398 -0.1027 0.6526 0.1274 -0.5645 0.3029 0.7045 0.3054 -0.6981 0.0309 0.7097 0.0898 -0.9103 -0.2416 -0.2931 0.1647 -0.7399 0.0779 0.6459 0.1708 -0.5258 -0.3121 0.5461 -0.5726 -0.8116 0.1396 -0.5532 -0.1254
-0.7224 0.4581 0.3948 0.3353 -0.2539 0.5448 0.693 -0.3981 -0.5461 0.4473 0.314 0.6348 -0.7398 -0.1027 0.6526 0.1274 -0.5645 0.3029 0.7045 0.3054 -0.6981 0.0309 0.7097 0.0898 -0.9103 -0.2416 -0.2931 0.1647 -0.7399 0.0779 0.6459 0.1708 -0.5258 -0.3121 0.5461 -0.5726 -0.8116 0.1396 -0.5532 -0.1254
-0.7224 0.4581 0.3948 0.3353 -0.2539 0.5448 0.693 -0.3981 -0.5461 0.4473 0.314 0.6348 -0.7398 -0.1027 0.6526 0.1274 -0.5645 0.3029 0.7045 0.3054 -0.6981 0.0309 0.7097 0.0898 -0.9103 -0.2416 -0.2931 0.1647 -0.7399 0.0779 0.6459 0.1708 -0.5258 -0.3121 0.5461 -0.5726 -0.8116 0.1396 -0.5532 -0.1254
-0.7202 0.452 0.3989 0.3433 -0.2539 0.5448 0.693 -0.3981 -0.5461 0.4473 0.314 0.6348 -0.7398 -0.1027 0.6526 0.1274 -0.5494 0.2827 0.7137 0.3299 -0.704 0.0176 0.6979 0.1302 -0.9103 -0.2416 -0.2931 0.1647 -0.7399 0.0779 0.6459 0.1708 -0.5918 -0.4744 0.5262 -0.3845 -0.9193 0.0903 -0.3651 -0.1163
-0.7202 0.452 0.3989 0.3433 -0.2539 0.5448 0.693 -0.3981 -0.5461 0.4473 0.314 0.6348 -0.7398 -0.1027 0.6526 0.1274 -0.5494 0.2827 0.7137 0.3299 -0.704 0.0176 0.6979 0.1302 -0.9103 -0.2416 -0.2931 0.1647 -0.7399 0.0779 0.6459 0.1708 -0.5918 -0.4744 0.5262 -0.3845 -0.9193 0.0903 -0.3651 -0.1163
-0.7202 0.452 0.3989 0.3433 -0.2539 0.5448 0.693 -0.3981 -0.5461 0.4473 0.314 0.6348 -0.749 -0.0995 0.648 0.0963 -0.5494 0.2827 0.7137 0.3299 -0.704 0.0176 0.6979 0.1302 -0.9103 -0.2416 -0.2931 0.1647 -0.7399 0.0779 0.6459 0.1708 -0.5918 -0.4744 0.5262 -0.3845 -0.9193 0.0903 -0.3651 -0.1163
-0.7202 0.452 0.3989 0.3433 -0.2539 0.5448 0.693 -0.3981 -0.5461 0.4473 0.314 0.6348 -0.749 -0.0995 0.648 0.0963 -0.5494 0.2827 0.7137 0.3299 -0.704 0.0176 0.6979 0.1302 -0.9103 -0.2416 -0.2931 0.1647 -0.7399 0.0779 0.6459 0.1708 -0.5918 -0.4744 0.5262 -0.3845 -0.9193 0.0903 -0.3651 -0.1163
-0.7202 0.452 0.3989 0.3433 -0.2671 0.5557 0.6885 -0.3818 -0.5461 0.4473 0.314 0.6348 -0.749 -0.0995 0.648 0.0963 -0.5494 0.2827 0.7137 0.3299 -0.704 0.0176 0.6979 0.1302 -0.9103 -0.2416 -0.2931 0.1647 -0.7399 0.0779 0.6459 0.1708 -0.5918 -0.4744 0.5262 -0.3845 -0.9193 0.0903 -0.3651 -0.1163
-0.7202 0.452 0.3989 0.3433 -0.2671 0.5557 0.6885 -0.3818 -0.5461 0.4473 0.314 0.6348 -0.749 -0.0995 0.648 0.0963 -0.5494 0.2827 0.7137 0.3299 -0.704 0.0176 0.6979 0.1302 -0.9103 -0.2416 -0.2931 0.1647 -0.7399 0.0779 0.6459 0.1708 -0.5918 -0.4744 0.5262 -0.3845 -0.9749 0.0607 -0.1784 -0.1185
-0.7194 0.4476 0.3837 0.3673 -0.2671 0.5557 0.6885 -0.3818 -0.5461 0.4473 0.314 0.6348 -0.749 -0.0995 0.648 0.0963 -0.5494 0.2827 0.7137 0.3299 -0.7078 0.0034 0.6853 0.1716 -0.9103 -0.2416 -0.2931 0.1647 -0.7399 0.0779 0.6459 0.1708 -0.6141 -0.5819 0.4725 -0.2471 -0.9749 0.0607 -0.1784 -0.1185
-0.7194 0.4476 0.3837 0.3673 -0.2671 0.5557 0.6885 -0.3818 -0.5461 0.4473 0.314 0.6348 -0.749 -0.0995 0.648 0.0963 -0.5494 0.2827 0.7137 0.3299 -0.7078 0.0034 0.6853 0.1716 -0.9103 -0.2416 -0.2931 0.1647 -0.7399 0.0779 0.6459 0.1708 -0.6141 -0.5819 0.4725 -0.2471 -0.9749 0.0607 -0.1784 -0.1185
-0.7194 0.4476 0.3837 0.3673 -0.2671 0.5557 0.6885 -0.3818 -0.5267 0.4847 0.3015 0.6299 -0.749 -0.0995 0.648 0.0963 -0.527 0.2763 0.7159 0.3652 -0.7078 0.0034 0.6853 0.1716 -0.8995 -0.2343 -0.3112 0.1981 -0.7399 0.0779 0.6459 0.1708 -0.6141 -0.5819 0.4725 -0.2471 -0.9749 0.0607 -0.1784 -0.1185
-0.7194 0.4476 0.3837 0.3673 -0.2671 0.5557 0.6885 -0.3818 -0.5267 0.4847 0.3015 0.6299 -0.749 -0.0995 0.648 0.0963 -0.527 0.2763 0.7159 0.3652 -0.7078 0.0034 0.6853 0.1716 -0.8995 -0.2343 -0.3112 0.1981 -0.7399 0.0779 0.6459 0.1708 -0.6141 -0.5819 0.4725 -0.2471 -0.9749 0.0607 -0.1784 -0.1185
-0.7194 0.4476 0.3837 0.3673 -0.2928 0.5681 0.6794 -0.3604 -0.5267 0.4847 0.3015 0.6299 -0.7384 -0.0805 0.6615 0.1034 -0.527 0.2763 0.7159 0.3652 -0.7078 0.0034 0.6853 0.1716 -0.8995 -0.2343 -0.3112 0.1981 -0.7247 0.1371 0.6235 0.2596 -0.6141 -0.5819 0.4725 -0.2471 -0.9749 0.0607 -0.1784 -0.1185
-0.7194 0.4476 0.3837 0.3673 -0.2928 0.5681 0.6794 -0.3604 -0.5267 0.4847 0.3015 0.6299 -0.7384 -0.0805 0.6615 0.1034 -0.527 0.2763 0.7159 0.3652 -0.7078 0.0034 0.6853 0.1716 -0.8995 -0.2343 -0.3112 0.1981 -0.7247 0.1371 0.6235 0.2596 -0.6141 -0.5819 0.4725 -0.2471 -0.9749 0.0607 -0.1784 -0.1185
-0.7194 0.4476 0.3837 0.3673 -0.2928 0.5681 0.6794 -0.3604 -0.5267 0.4847 0.3015 0.6299 -0.7384 -0.0805 0.6615 0.1034 -0.527 0.2763 0.7159 0.3652 -0.7078 0.0034 0.6853 0.1716 -0.8995 -0.2343 -0.3112 0.1981 -0.7247 0.1371 0.6235 0.2596 -0.6141 -0.5819 0.4725 -0.2471 -0.9876 0.0461 -0.1184 -0.092
-0.7194 0.4484 0.3553 0.3939 -0.2928 0.5681 0.6794 -0.3604 -0.5267 0.4847 0.3015 0.6299 -0.7384 -0.0805 0.6615 0.1034 -0.527 0.2763 0.7159 0.3652 -0.7078 0.0034 0.6853 0.1716 -0.8995 -0.2343 -0.3112 0.1981 -0.7247 0.1371 0.6235 0.2596 -0.6141 -0.5819 0.4725 -0.2471 -0.9876 0.0461 -0.1184 -0.092
-0.7194 0.4484 0.3553 0.3939 -0.2928 0.5681 0.6794 -0.3604 -0.5267 0.4847 0.3015 0.6299 -0.7384 -0.0805 0.6615 0.1034 -0.527 0.2763 0.7159 0.3652 -0.7078 0.0034 0.6853 0.1716 -0.8995 -0.2343 -0.3112 0.1981 -0.7247 0.1371 0.6235 0.2596 -0.6141 -0.5819 0.4725 -0.2471 -0.9876 0.0461 -0.1184 -0.092
-0.7194 0.4484 0.3553 0.3939 -0.2928 0.5681 0.6794 -0.3604 -0.4866 0.5126 0.3114 0.6351 -0.7384 -0.0805 0.6615 0.1034 -0.518 0.2708 0.7001 0.4101 -0.7123 -0.0259 0.6674 0.216 -0.8995 -0.2343 -0.3112 0.1981 -0.7247 0.1371 0.6235 0.2596 -0.6141 -0.5819 0.4725 -0.2471 -0.9876 0.0461 -0.1184 -0.092
-0.7194 0.4484 0.3553 0.3939 -0.2928 0.5681 0.6794 -0.3604 -0.4866 0.5126 0.3114 0.6351 -0.73 -0.0638 0.6735 0.097 -0.518 0.2708 0.7001 0.4101 -0.7123 -0.0259 0.6674 0.216 -0.8733 -0.2482 -0.3608 0.2133 -0.7102 0.1616 0.6213 0.2889 -0.6141 -0.5819 0.4725 -0.2471 -0.9876 0.0461 -0.1184 -0.092
-0.7194 0.4484 0.3553 0.3939 -0.3344 0.5883 0.6523 -0.3415 -0.4866 0.5126 0.3114 0.6351 -0.73 -0.0638 0.6735 0.097 -0.518 0.2708 0.7001 0.4101 -0.7123 -0.0259 0.6674 0.216 -0.8733 -0.2482 -0.3608 0.2133 -0.7102 0.1616 0.6213 0.2889 -0.6141 -0.5819 0.4725 -0.2471 -0.9876 0.0461 -0.1184 -0.092
-0.7194 0.4484 0.3553 0.3939 -0.3344 0.5883 0.6523 -0.3415 -0.4866 0.5126 0.3114 0.6351 -0.73 -0.0638 0.6735 0.097 -0.518 0.2708 0.7001 0.4101 -0.7123 -0.0259 0.6674 0.216 -0.8733 -0.2482 -0.3608 0.2133 -0.7102 0.1616 0.6213 0.2889 -0.6141 -0.5819 0.4725 -0.2471 -0.9876 0.0461 -0.1184 -0.092
-0.7194 0.4484 0.3553 0.3939 -0.3344 0.5883 0.6523 -0.3415 -0.4866 0.5126 0.3114 0.6351 -0.73 -0.0638 0.6735 0.097 -0.518 0.2708 0.7001 0.4101 -0.7123 -0.0259 0.6674 0.216 -0.8733 -0.2482 -0.3608 0.2133 -0.7102 0.1616 0.6213 0.2889 -0.6141 -0.5819 0.4725 -0.2471 -0.9596 0.0555 -0.267 -0.0694
-0.7194 0.4484 0.3553 0.3939 -0.3344 0.5883 0.6523 -0.3415 -0.4866 0.5126 0.3114 0.6351 -0.73 -0.0638 0.6735 0.097 -0.518 0.2708 0.7001 0.4101 -0.7123 -0.0259 0.6674 0.216 -0.8733 -0.2482 -0.3608 0.2133 -0.7102 0.1616 0.6213 0.2889 -0.6141 -0.5819 0.4725 -0.2471 -0.9596 0.0555 -0.267 -0.0694
-0.711 0.4573 0.3127 0.4332 -0.3344 0.5883 0.6523 -0.3415 -0.4866 0.5126 0.3114 0.6351 -0.73 -0.0638 0.6735 0.097 -0.518 0.2708 0.7001 0.4101 -0.7244 -0.0665 0.6286 0.2751 -0.8733 -0.2482 -0.3608 0.2133 -0.7102 0.1616 0.6213 0.2889 -0.6433 -0.4674 0.5571 -0.2394 -0.9596 0.0555 -0.267 -0.0694
-0.711 0.4573 0.3127 0.4332 -0.3344 0.5883 0.6523 -0.3415 -0.4866 0.5126 0.3114 0.6351 -0.73 -0.0638 0.6735 0.097 -0.518 0.2708 0.7001 0.4101 -0.7244 -0.0665 0.6286 0.2751 -0.8733 -0.2482 -0.3608 0.2133 -0.7102 0.1616 0.6213 0.2889 -0.6433 -0.4674 0.5571 -0.2394 -0.9596 0.0555 -0.267 -0.0694
-0.711 0.4573 0.3127 0.4332 -0.3344 0.5883 0.6523 -0.3415 -0.4456 0.535 0.3074 0.6487 -0.7162 -0.0377 0.6863 0.121 -0.5491 0.2778 0.66 0.431 -0.7244 -0.0665 0.6286 0.2751 -0.746 -0.2717 -0.567 0.2197 -0.7102 0.1616 0.6213 0.2889 -0.6433 -0.4674 0.5571 -0.2394 -0.9596 0.0555 -0.267 -0.0694
-0.711 0.4573 0.3127 0.4332 -0.3488 0.6091 0.6329 -0.327 -0.4456 0.535 0.3074 0.6487 -0.7162 -0.0377 0.6863 0.121 -0.5491 0.2778 0.66 0.431 -0.7244 -0.0665 0.6286 0.2751 -0.746 -0.2717 -0.567 0.2197 -0.7102 0.1616 0.6213 0.2889 -0.6433 -0.4674 0.5571 -0.2394 -0.9596 0.0555 -0.267 -0.0694
-0.711 0.4573 0.3127 0.4332 -0.3488 0.6091 0.6329 -0.327 -0.4456 0.535 0.3074 0.6487 -0.7162 -0.0377 0.6863 0.121 -0.5491 0.2778 0.66 0.431 -0.7244 -0.0665 0.6286 0.2751 -0.746 -0.2717 -0.567 0.2197 -0.7102 0.1616 0.6213 0.2889 -0.6433 -0.4674 0.5571 -0.2394 -0.9596 0.0555 -0.267 -0.0694
-0.711 0.4573 0.3127 0.4332 -0.3488 0.6091 0.6329 -0.327 -0.4456 0.535 0.3074 0.6487 -0.7162 -0.0377 0.6863 0.121 -0.5491 0.2778 0.66 0.431 -0.7244 -0.0665 0.6286 0.2751 -0.746 -0.2717 -0.567 0.2197 -0.7102 0.1616 0.6213 0.2889 -0.6433 -0.4674 0.5571 -0.2394 -0.9596 0.0555 -0.267 -0.0694
-0.6989 0.4666 0.2939 0.4555 -0.3488 0.6091 0.6329 -0.327 -0.4456 0.535 0.3074 0.6487 -0.7162 -0.0377 0.6863 0.121 -0.5491 0.2778 0.66 0.431 -0.7244 -0.0665 0.6286 0.2751 -0.746 -0.2717 -0.567 0.2197 -0.7102 0.1616 0.6213 0.2889 -0.6323 -0.4263 0.5879 -0.27 -0.9596 0.0555 -0.267 -0.0694
-0.6989 0.4666 0.2939 0.4555 -0.3488 0.6091 0.6329 -0.327 -0.4197 0.5339 0.273 0.6814 -0.7162 -0.0377 0.6863 0.121 -0.6016 0.3122 0.5983 0.4276 -0.7333 -0.1079 0.5975 0.3061 -0.746 -0.2717 -0.567 0.2197 -0.7102 0.1616 0.6213 0.2889 -0.6323 -0.4263 0.5879 -0.27 -0.9596 0.0555 -0.267 -0.0694
-0.6989 0.4666 0.2939 0.4555 -0.3488 0.6091 0.6329 -0.327 -0.4197 0.5339 0.273 0.6814 -0.7162 -0.0377 0.6863 0.121 -0.6016 0.3122 0.5983 0.4276 -0.7333 -0.1079 0.5975 0.3061 -0.746 -0.2717 -0.567 0.2197 -0.7102 0.1616 0.6213 0.2889 -0.6323 -0.4263 0.5879 -0.27 -0.9596 0.0555 -0.267 -0.0694
-0.6989 0.4666 0.2939 0.4555 -0.3488 0.6091 0.6329 -0.327 -0.4197 0.5339 0.273 0.6814 -0.6931 -0.0206 0.6938 0.1944 -0.6016 0.3122 0.5983 0.4276 -0.7333 -0.1079 0.5975 0.3061 -0.7362 -0.2126 -0.5845 0.2668 -0.7102 0.1616 0.6213 0.2889 -0.6323 -0.4263 0.5879 -0.27 -0.9596 0.0555 -0.267 -0.0694
-0.6989 0.4666 0.2939 0.4555 -0.3544 0.637 0.6053 -0.3198 -0.4197 0.5339 0.273 0.6814 -0.6931 -0.0206 0.6938 0.1944 -0.6016 0.3122 0.5983 0.4276 -0.7333 -0.1079 0.5975 0.3061 -0.7362 -0.2126 -0.5845 0.2668 -0.7102 0.1616 0.6213 0.2889 -0.6323 -0.4263 0.5879 -0.27 -0.9596 0.0555 -0.267 -0.0694
-0.6989 0.4666 0.2939 0.4555 -0.3544 0.637 0.6053 -0.3198 -0.4197 0.5339 0.273 0.6814 -0.6931 -0.0206 0.6938 0.1944 -0.6016 0.3122 0.5983 0.4276 -0.7333 -0.1079 0.5975 0.3061 -0.7362 -0.2126 -0.5845 0.2668 -0.7102 0.1616 0.6213 0.2889 -0.6323 -0.4263 0.5879 -0.27 -0.9596 0.0555 -0.267 -0.0694
-0.6989 0.4666 0.2939 0.4555 -0.3544 0.637 0.6053 -0.3198 -0.4197 0.5339 0.273 0.6814 -0.6931 -0.0206 0.6938 0.1944 -0.6016 0.3122 0.5983 0.4276 -0.7333 -0.1079 0.5975 0.3061 -0.7362 -0.2126 -0.5845 0.2668 -0.7102 0.1616 0.6213 0.2889 -0.6323 -0.4263 0.5879 -0.27 -0.9402 0.0889 -0.3234 -0.0585
-0.6989 0.4666 0.2939 0.4555 -0.3544 0.637 0.6053 -0.3198 -0.4197 0.5339 0.273 0.6814 -0.6931 -0.0206 0.6938 0.1944 -0.6016 0.3122 0.5983 0.4276 -0.7333 -0.1079 0.5975 0.3061 -0.7362 -0.2126 -0.5845 0.2668 -0.7102 0.1616 0.6213 0.2889 -0.6323 -0.4263 0.5879 -0.27 -0.9402 0.0889 -0.3234 -0.0585
-0.6661 0.489 0.2856 0.4854 -0.3544 0.637 0.6053 -0.3198 -0.4197 0.5339 0.273 0.6814 -0.6931 -0.0206 0.6938 0.1944 -0.6089 0.3581 0.5289 0.4704 -0.7766 0.1465 0.563 0.2415 -0.7362 -0.2126 -0.5845 0.2668 -0.7102 0.1616 0.6213 0.2889 -0.6124 -0.4062 0.6097 -0.297 -0.9402 0.0889 -0.3234 -0.0585
-0.6661 0.489 0.2856 0.4854 -0.3544 0.637 0.6053 -0.3198 -0.4089 0.5148 0.2496 0.711 -0.6931 -0.0206 0.6938 0.1944 -0.6089 0.3581 0.5289 0.4704 -0.7766 0.1465 0.563 0.2415 -0.7362 -0.2126 -0.5845 0.2668 -0.7102 0.1616 0.6213 0.2889 -0.6124 -0.4062 0.6097 -0.297 -0.9402 0.0889 -0.3234 -0.0585
-0.6661 0.489 0.2856 0.4854 -0.3544 0.637 0.6053 -0.3198 -0.4089 0.5148 0.2496 0.711 -0.6815 -0.0272 0.6898 0.2429 -0.6089 0.3581 0.5289 0.4704 -0.7766 0.1465 0.563 0.2415 -0.8201 -0.1839 -0.3502 0.4135 -0.7102 0.1616 0.6213 0.2889 -0.6124 -0.4062 0.6097 -0.297 -0.9402 0.0889 -0.3234 -0.0585
-0.6661 0.489 0.2856 0.4854 -0.3544 0.637 0.6053 -0.3198 -0.4089 0.5148 0.2496 0.711 -0.6815 -0.0272 0.6898 0.2429 -0.6089 0.3581 0.5289 0.4704 -0.7766 0.1465 0.563 0.2415 -0.8201 -0.1839 -0.3502 0.4135 -0.7102 0.1616 0.6213 0.2889 -0.6124 -0.4062 0.6097 -0.297 -0.9402 0.0889 -0.3234 -0.0585
-0.6661 0.489 0.2856 0.4854 -0.3544 0.637 0.6053 -0.3198 -0.4089 0.5148 0.2496 0.711 -0.6815 -0.0272 0.6898 0.2429 -0.6089 0.3581 0.5289 0.4704 -0.7766 0.1465 0.563 0.2415 -0.8201 -0.1839 -0.3502 0.4135 -0.7102 0.1616 0.6213 0.2889 -0.6124 -0.4062 0.6097 -0.297 -0.9402 0.0889 -0.3234 -0.0585
-0.6661 0.489 0.2856 0.4854 -0.3544 0.637 0.6053 -0.3198 -0.4089 0.5148 0.2496 0.711 -0.6815 -0.0272 0.6898 0.2429 -0.6089 0.3581 0.5289 0.4704 -0.7766 0.1465 0.563 0.2415 -0.8201 -0.1839 -0.3502 0.4135 -0.7102 0.1616 0.6213 0.2889 -0.6124 -0.4062 0.6097 -0.297 -0.9366 0.0934 -0.3333 -0.0532
-0.6661 0.489 0.2856 0.4854 -0.3544 0.637 0.6053 -0.3198 -0.4089 0.5148 0.2496 0.711 -0.6815 -0.0272 0.6898 0.2429 -0.6089 0.3581 0.5289 0.4704 -0.7766 0.1465 0.563 0.2415 -0.8201 -0.1839 -0.3502 0.4135 -0.7102 0.1616 0.6213 0.2889 -0.6124 -0.4062 0.6097 -0.297 -0.9366 0.0934 -0.3333 -0.0532
-0.6455 0.4971 0.2809 0.5072 -0.3544 0.637 0.6053 -0.3198 -0.3797 0.5256 0.2188 0.7292 -0.6815 -0.0272 0.6898 0.2429 -0.6253 0.4152 0.52 0.4077 -0.7568 0.2401 0.5891 0.1505 -0.8201 -0.1839 -0.3502 0.4135 -0.7102 0.1616 0.6213 0.2889 -0.5988 -0.3939 0.6174 -0.324 -0.9366 0.0934 -0.3333 -0.0532
-0.6455 0.4971 0.2809 0.5072 -0.3544 0.637 0.6053 -0.3198 -0.3797 0.5256 0.2188 0.7292 -0.6815 -0.0272 0.6898 0.2429 -0.6253 0.4152 0.52 0.4077 -0.7568 0.2401 0.5891 0.1505 -0.8826 -0.2325 -0.2823 0.2955 -0.7102 0.1616 0.6213 0.2889 -0.5988 -0.3939 0.6174 -0.324 -0.9366 0.0934 -0.3333 -0.0532
-0.6455 0.4971 0.2809 0.5072 -0.3544 0.637 0.6053 -0.3198 -0.3797 0.5256 0.2188 0.7292 -0.6815 -0.0272 0.6898 0.2429 -0.6253 0.4152 0.52 0.4077 -0.7568 0.2401 0.5891 0.1505 -0.8826 -0.2325 -0.2823 0.2955 -0.7102 0.1616 0.6213 0.2889 -0.5988 -0.3939 0.6174 -0.324 -0.9366 0.0934 -0.3333 -0.0532
-0.6455 0.4971 0.2809 0.5072 -0.3566 0.6757 0.5761 -0.2904 -0.3797 0.5256 0.2188 0.7292 -0.6815 -0.0272 0.6898 0.2429 -0.6253 0.4152 0.52 0.4077 -0.7568 0.2401 0.5891 0.1505 -0.8826 -0.2325 -0.2823 0.2955 -0.7102 0.1616 0.6213 0.2889 -0.5988 -0.3939 0.6174 -0.324 -0.9366 0.0934 -0.3333 -0.0532
-0.6455 0.4971 0.2809 0.5072 -0.3566 0.6757 0.5761 -0.2904 -0.3797 0.5256 0.2188 0.7292 -0.6815 -0.0272 0.6898 0.2429 -0.6253 0.4152 0.52 0.4077 -0.7568 0.2401 0.5891 0.1505 -0.8826 -0.2325 -0.2823 0.2955 -0.7102 0.1616 0.6213 0.2889 -0.5988 -0.3939 0.6174 -0.324 -0.9366 0.0934 -0.3333 -0.0532
-0.6461 0.4907 0.2744 0.5161 -0.3566 0.6757 0.5761 -0.2904 -0.3797 0.5256 0.2188 0.7292 -0.6815 -0.0272 0.6898 0.2429 -0.6253 0.4152 0.52 0.4077 -0.7568 0.2401 0.5891 0.1505 -0.8826 -0.2325 -0.2823 0.2955 -0.7102 0.1616 0.6213 0.2889 -0.5988 -0.3939 0.6174 -0.324 -0.9366 0.0934 -0.3333 -0.0532
-0.6461 0.4907 0.2744 0.5161 -0.3566 0.6757 0.5761 -0.2904 -0.3797 0.5256 0.2188 0.7292 -0.6815 -0.0272 0.6898 0.2429 -0.6324 0.4295 0.5645 0.3112 -0.7235 0.2234 0.6504 0.0599 -0.8826 -0.2325 -0.2823 0.2955 -0.7102 0.1616 0.6213 0.2889 -0.5915 -0.3901 0.6077 -0.3586 -0.9366 0.0934 -0.3333 -0.0532
-0.6461 0.4907 0.2744 0.5161 -0.3566 0.6757 0.5761 -0.2904 -0.3797 0.5256 0.2188 0.7292 -0.6815 -0.0272 0.6898 0.2429 -0.6324 0.4295 0.5645 0.3112 -0.7235 0.2234 0.6504 0.0599 -0.8826 -0.2325 -0.2823 0.2955 -0.7102 0.1616 0.6213 0.2889 -0.5915 -0.3901 0.6077 -0.3586 -0.9366 0.0934 -0.3333 -0.0532
-0.6461 0.4907 0.2744 0.5161 -0.3566 0.6757 0.5761 -0.2904 -0.3638 0.5344 0.2247 0.7291 -0.6815 -0.0272 0.6898 0.2429 -0.6324 0.4295 0.5645 0.3112 -0.7235 0.2234 0.6504 0.0599 -0.9077 -0.2822 -0.2726 0.1489 -0.7102 0.1616 0.6213 0.2889 -0.5915 -0.3901 0.6077 -0.3586 -0.9366 0.0934 -0.3333 -0.0532
-0.6461 0.4907 0.2744 0.5161 -0.3566 0.6757 0.5761 -0.2904 -0.3638 0.5344 0.2247 0.7291 -0.6981 -0.0103 0.6733 0.2434 -0.6324 0.4295 0.5645 0.3112 -0.7235 0.2234 0.6504 0.0599 -0.9077 -0.2822 -0.2726 0.1489 -0.7102 0.1616 0.6213 0.2889 -0.5915 -0.3901 0.6077 -0.3586 -0.9366 0.0934 -0.3333 -0.0532
-0.6461 0.4907 0.2744 0.5161 -0.3544 0.6667 0.5831 -0.2997 -0.3638 0.5344 0.2247 0.7291 -0.6981 -0.0103 0.6733 0.2434 -0.6324 0.4295 0.5645 0.3112 -0.7235 0.2234 0.6504 0.0599 -0.9077 -0.2822 -0.2726 0.1489 -0.7102 0.1616 0.6213 0.2889 -0.5915 -0.3901 0.6077 -0.3586 -0.9366 0.0934 -0.3333 -0.0532
-0.6461 0.4907 0.2744 0.5161 -0.3544 0.6667 0.5831 -0.2997 -0.3638 0.5344 0.2247 0.7291 -0.6981 -0.0103 0.6733 0.2434 -0.6324 0.4295 0.5645 0.3112 -0.7235 0.2234 0.6504 0.0599 -0.9077 -0.2822 -0.2726 0.1489 -0.7102 0.1616 0.6213 0.2889 -0.5915 -0.3901 0.6077 -0.3586 -0.9366 0.0934 -0.3333 -0.0532
-0.6461 0.4907 0.2744 0.5161 -0.3544 0.6667 0.5831 -0.2997 -0.3638 0.5344 0.2247 0.7291 -0.6981 -0.0103 0.6733 0.2434 -0.6324 0.4295 0.5645 0.3112 -0.7235 0.2234 0.6504 0.0599 -0.9077 -0.2822 -0.2726 0.1489 -0.7102 0.1616 0.6213 0.2889 -0.5915 -0.3901 0.6077 -0.3586 -0.9238 0.082 -0.3687 -0.0624
-0.6461 0.4907 0.2744 0.5161 -0.3544 0.6667 0.5831 -0.2997 -0.3638 0.5344 0.2247 0.7291 -0.6981 -0.0103 0.6733 0.2434 -0.6324 0.4295 0.5645 0.3112 -0.7235 0.2234 0.6504 0.0599 -0.9077 -0.2822 -0.2726 0.1489 -0.7102 0.1616 0.6213 0.2889 -0.5915 -0.3901 0.6077 -0.3586 -0.9238 0.082 -0.3687 -0.0624
-0.6583 0.4922 0.2881 0.4913 -0.3544 0.6667 0.5831 -0.2997 -0.3638 0.5344 0.2247 0.7291 -0.6981 -0.0103 0.6733 0.2434 -0.6241 0.4119 0.6106 0.2606 -0.6948 0.1962 0.6915 0.025 -0.9077 -0.2822 -0.2726 0.1489 -0.7102 0.1616 0.6213 0.2889 -0.5829 -0.3658 0.5947 -0.4154 -0.9238 0.082 -0.3687 -0.0624
-0.6583 0.4922 0.2881 0.4913 -0.3544 0.6667 0.5831 -0.2997 -0.3638 0.5344 0.2247 0.7291 -0.6981 -0.0103 0.6733 0.2434 -0.6241 0.4119 0.6106 0.2606 -0.6948 0.1962 0.6915 0.025 -0.9031 -0.2938 -0.2872 0.1249 -0.7102 0.1616 0.6213 0.2889 -0.5829 -0.3658 0.5947 -0.4154 -0.9238 0.082 -0.3687 -0.0624
-0.6583 0.4922 0.2881 0.4913 -0.3265 0.6396 0.6075 -0.3394 -0.3638 0.5344 0.2247 0.7291 -0.6981 -0.0103 0.6733 0.2434 -0.6241 0.4119 0.6106 0.2606 -0.6948 0.1962 0.6915 0.025 -0.9031 -0.2938 -0.2872 0.1249 -0.7102 0.1616 0.6213 0.2889 -0.5829 -0.3658 0.5947 -0.4154 -0.9238 0.082 -0.3687 -0.0624
-0.6583 0.4922 0.2881 0.4913 -0.3265 0.6396 0.6075 -0.3394 -0.3638 0.5344 0.2247 0.7291 -0.6981 -0.0103 0.6733 0.2434 -0.6241 0.4119 0.6106 0.2606 -0.6948 0.1962 0.6915 0.025 -0.9031 -0.2938 -0.2872 0.1249 -0.7102 0.1616 0.6213 0.2889 -0.5829 -0.3658 0.5947 -0.4154 -0.9238 0.082 -0.3687 -0.0624
-0.6583 0.4922 0.2881 0.4913 -0.3265 0.6396 0.6075 -0.3394 -0.3638 0.5344 0.2247 0.7291 -0.6981 -0.0103 0.6733 0.2434 -0.6241 0.4119 0.6106 0.2606 -0.6948 0.1962 0.6915 0.025 -0.9031 -0.2938 -0.2872 0.1249 -0.7102 0.1616 0.6213 0.2889 -0.5829 -0.3658 0.5947 -0.4154 -0.8984 0.0871 -0.4265 -0.0588
-0.6749 0.4996 0.3254 0.4349 -0.3265 0.6396 0.6075 -0.3394 -0.3638 0.5344 0.2247 0.7291 -0.6981 -0.0103 0.6733 0.2434 -0.6241 0.4119 0.6106 0.2606 -0.6948 0.1962 0.6915 0.025 -0.9031 -0.2938 -0.2872 0.1249 -0.7102 0.1616 0.6213 0.2889 -0.5829 -0.3658 0.5947 -0.4154 -0.8984 0.0871 -0.4265 -0.0588
-0.6749 0.4996 0.3254 0.4349 -0.3265 0.6396 0.6075 -0.3394 -0.3638 0.5344 0.2247 0.7291 -0.6981 -0.0103 0.6733 0.2434 -0.6241 0.4119 0.6106 0.2606 -0.6948 0.1962 0.6915 0.025 -0.9031 -0.2938 -0.2872 0.1249 -0.7102 0.1616 0.6213 0.2889 -0.5829 -0.3658 0.5947 -0.4154 -0.8984 0.0871 -0.4265 -0.0588
-0.6749 0.4996 0.3254 0.4349 -0.3265 0.6396 0.6075 -0.3394 -0.3638 0.5344 0.2247 0.7291 -0.6981 -0.0103 0.6733 0.2434 -0.6241 0.4119 0.6106 0.2606 -0.6948 0.1962 0.6915 0.025 -0.9031 -0.2938 -0.2872 0.1249 -0.7102 0.1616 0.6213 0.2889 -0.5829 -0.3658 0.5947 -0.4154 -0.8984 0.0871 -0.4265 -0.0588
-0.6749 0.4996 0.3254 0.4349 -0.3265 0.6396 0.6075 -0.3394 -0.4532 0.4794 0.2855 0.6953 -0.6981 -0.0103 0.6733 0.2434 -0.5991 0.3911 0.6451 0.2681 -0.6948 0.1962 0.6915 0.025 -0.912 -0.2274 -0.2781 0.1981 -0.7102 0.1616 0.6213 0.2889 -0.5829 -0.3658 0.5947 -0.4154 -0.8984 0.0871 -0.4265 -0.0588
-0.6749 0.4996 0.3254 0.4349 -0.3265 0.6396 0.6075 -0.3394 -0.4532 0.4794 0.2855 0.6953 -0.6981 -0.0103 0.6733 0.2434 -0.5991 0.3911 0.6451 0.2681 -0.6948 0.1962 0.6915 0.025 -0.912 -0.2274 -0.2781 0.1981 -0.7102 0.1616 0.6213 0.2889 -0.5829 -0.3658 0.5947 -0.4154 -0.8984 0.0871 -0.4265 -0.0588
-0.6749 0.4996 0.3254 0.4349 -0.2956 0.6139 0.6276 -0.3768 -0.4532 0.4794 0.2855 0.6953 -0.6981 -0.0103 0.6733 0.2434 -0.5991 0.3911 0.6451 0.2681 -0.6948 0.1962 0.6915 0.025 -0.912 -0.2274 -0.2781 0.1981 -0.7102 0.1616 0.6213 0.2889 -0.5829 -0.3658 0.5947 -0.4154 -0.8984 0.0871 -0.4265 -0.0588
-0.6749 0.4996 0.3254 0.4349 -0.2956 0.6139 0.6276 -0.3768 -0.4532 0.4794 0.2855 0.6953 -0.6981 -0.0103 0.6733 0.2434 -0.5991 0.3911 0.6451 0.2681 -0.6948 0.1962 0.6915 0.025 -0.912 -0.2274 -0.2781 0.1981 -0.7102 0.1616 0.6213 0.2889 -0.5829 -0.3658 0.5947 -0.4154 -0.8984 0.0871 -0.4265 -0.0588
-0.6837 0.4963 0.356 0.3994 -0.2956 0.6139 0.6276 -0.3768 -0.4532 0.4794 0.2855 0.6953 -0.6981 -0.0103 0.6733 0.2434 -0.5991 0.3911 0.6451 0.2681 -0.6948 0.1962 0.6915 0.025 -0.912 -0.2274 -0.2781 0.1981 -0.7102 0.1616 0.6213 0.2889 -0.5829 -0.3658 0.5947 -0.4154 -0.7557 0.1166 -0.6421 -0.0546
-0.6837 0.4963 0.356 0.3994 -0.2956 0.6139 0.6276 -0.3768 -0.4532 0.4794 0.2855 0.6953 -0.6981 -0.0103 0.6733 0.2434 -0.5991 0.3911 0.6451 0.2681 -0.6948 0.1962 0.6915 0.025 -0.912 -0.2274 -0.2781 0.1981 -0.7102 0.1616 0.6213 0.2889 -0.5829 -0.3658 0.5947 -0.4154 -0.7557 0.1166 -0.6421 -0.0546
-0.6837 0.4963 0.356 0.3994 -0.2956 0.6139 0.6276 -0.3768 -0.4944 0.4704 0.2888 0.6714 -0.6981 -0.0103 0.6733 0.2434 -0.5813 0.3399 0.6812 0.2874 -0.6937 0.0564 0.715 0.0663 -0.912 -0.2274 -0.2781 0.1981 -0.7102 0.1616 0.6213 0.2889 -0.5229 -0.2362 0.566 -0.592 -0.7557 0.1166 -0.6421 -0.0546
-0.6837 0.4963 0.356 0.3994 -0.2956 0.6139 0.6276 -0.3768 -0.4944 0.4704 0.2888 0.6714 -0.6981 -0.0103 0.6733 0.2434 -0.5813 0.3399 0.6812 0.2874 -0.6937 0.0564 0.715 0.0663 -0.912 -0.2274 -0.2781 0.1981 -0.7102 0.1616 0.6213 0.2889 -0.5229 -0.2362 0.566 -0.592 -0.7557 0.1166 -0.6421 -0.0546
-0.6837 0.4963 0.356 0.3994 -0.2956 0.6139 0.6276 -0.3768 -0.4944 0.4704 0.2888 0.6714 -0.7324 -0.0922 0.6564 0.1556 -0.5813 0.3399 0.6812 0.2874 -0.6937 0.0564 0.715 0.0663 -0.9116 -0.2312 -0.2817 0.1904 -0.7455 0.161 0.633 0.1325 -0.5229 -0.2362 0.566 -0.592 -0.7557 0.1166 -0.6421 -0.0546
-0.6837 0.4963 0.356 0.3994 -0.2822 0.5839 0.6516 -0.3937 -0.4944 0.4704 0.2888 0.6714 -0.7324 -0.0922 0.6564 0.1556 -0.5813 0.3399 0.6812 0.2874 -0.6937 0.0564 0.715 0.0663 -0.9116 -0.2312 -0.2817 0.1904 -0.7455 0.161 0.633 0.1325 -0.5229 -0.2362 0.566 -0.592 -0.7557 0.1166 -0.6421 -0.0546
-0.6837 0.4963 0.356 0.3994 -0.2822 0.5839 0.6516 -0.3937 -0.4944 0.4704 0.2888 0.6714 -0.7324 -0.0922 0.6564 0.1556 -0.5813 0.3399 0.6812 0.2874 -0.6937 0.0564 0.715 0.0663 -0.9116 -0.2312 -0.2817 0.1904 -0.7455 0.161 0.633 0.1325 -0.5229 -0.2362 0.566 -0.592 -0.7158 0.1273 -0.6653 -0.1696
-0.6837 0.4963 0.356 0.3994 -0.2822 0.5839 0.6516 -0.3937 -0.4944 0.4704 0.2888 0.6714 -0.7324 -0.0922 0.6564 0.1556 -0.5813 0.3399 0.6812 0.2874 -0.6937 0.0564 0.715 0.0663 -0.9116 -0.2312 -0.2817 0.1904 -0.7455 0.161 0.633 0.1325 -0.5229 -0.2362 0.566 -0.592 -0.7158 0.1273 -0.6653 -0.1696
-0.7109 0.4673 0.3724 0.3707 -0.2822 0.5839 0.6516 -0.3937 -0.4944 0.4704 0.2888 0.6714 -0.7324 -0.0922 0.6564 0.1556 -0.5813 0.3399 0.6812 0.2874 -0.6937 0.0564 0.715 0.0663 -0.9116 -0.2312 -0.2817 0.1904 -0.7455 0.161 0.633 0.1325 -0.5229 -0.2362 0.566 -0.592 -0.7158 0.1273 -0.6653 -0.1696
-0.7109 0.4673 0.3724 0.3707 -0.2822 0.5839 0.6516 -0.3937 -0.4944 0.4704 0.2888 0.6714 -0.7324 -0.0922 0.6564 0.1556 -0.5813 0.3399 0.6812 0.2874 -0.6937 0.0564 0.715 0.0663 -0.9116 -0.2312 -0.2817 0.1904 -0.7455 0.161 0.633 0.1325 -0.5229 -0.2362 0.566 -0.592 -0.7158 0.1273 -0.6653 -0.1696
-0.7109 0.4673 0.3724 0.3707 -0.2822 0.5839 0.6516 -0.3937 -0.4944 0.4704 0.2888 0.6714 -0.7324 -0.0922 0.6564 0.1556 -0.5813 0.3399 0.6812 0.2874 -0.6937 0.0564 0.715 0.0663 -0.9116 -0.2312 -0.2817 0.1904 -0.7455 0.161 0.633 0.1325 -0.5229 -0.2362 0.566 -0.592 -0.7158 0.1273 -0.6653 -0.1696
-0.7109 0.4673 0.3724 0.3707 -0.2822 0.5839 0.6516 -0.3937 -0.52 0.4611 0.297 0.6547 -0.7324 -0.0922 0.6564 0.1556 -0.5813 0.3399 0.6812 0.2874 -0.6937 0.0564 0.715 0.0663 -0.9088 -0.2336 -0.2911 0.1867 -0.7455 0.161 0.633 0.1325 -0.5229 -0.2362 0.566 -0.592 -0.7158 0.1273 -0.6653 -0.1696
-0.7109 0.4673 0.3724 0.3707 -0.2693 0.5585 0.6844 -0.3835 -0.52 0.4611 0.297 0.6547 -0.7324 -0.0922 0.6564 0.1556 -0.5813 0.3399 0.6812 0.2874 -0.6937 0.0564 0.715 0.0663 -0.9088 -0.2336 -0.2911 0.1867 -0.7455 0.161 0.633 0.1325 -0.5229 -0.2362 0.566 -0.592 -0.7158 0.1273 -0.6653 -0.1696
-0.7109 0.4673 0.3724 0.3707 -0.2693 0.5585 0.6844 -0.3835 -0.52 0.4611 0.297 0.6547 -0.7324 -0.0922 0.6564 0.1556 -0.5813 0.3399 0.6812 0.2874 -0.6937 0.0564 0.715 0.0663 -0.9088 -0.2336 -0.2911 0.1867 -0.7455 0.161 0.633 0.1325 -0.5229 -0.2362 0.566 -0.592 -0.7158 0.1273 -0.6653 -0.1696
-0.7109 0.4673 0.3724 0.3707 -0.2693 0.5585 0.6844 -0.3835 -0.52 0.4611 0.297 0.6547 -0.7324 -0.0922 0.6564 0.1556 -0.5813 0.3399 0.6812 0.2874 -0.6937 0.0564 0.715 0.0663 -0.9088 -0.2336 -0.2911 0.1867 -0.7455 0.161 0.633 0.1325 -0.5229 -0.2362 0.566 -0.592 -0.8825 0.0931 -0.4414 -0.1332
-0.7109 0.4673 0.3724 0.3707 -0.2693 0.5585 0.6844 -0.3835 -0.52 0.4611 0.297 0.6547 -0.7324 -0.0922 0.6564 0.1556 -0.5813 0.3399 0.6812 0.2874 -0.6937 0.0564 0.715 0.0663 -0.9088 -0.2336 -0.2911 0.1867 -0.7455 0.161 0.633 0.1325 -0.5229 -0.2362 0.566 -0.592 -0.8825 0.0931 -0.4414 -0.1332
-0.7109 0.4673 0.3724 0.3707 -0.2693 0.5585 0.6844 -0.3835 -0.52 0.4611 0.297 0.6547 -0.7324 -0.0922 0.6564 0.1556 -0.5813 0.3399 0.6812 0.2874 -0.6937 0.0564 0.715 0.0663 -0.9088 -0.2336 -0.2911 0.1867 -0.7455 0.161 0.633 0.1325 -0.5229 -0.2362 0.566 -0.592 -0.8825 0.0931 -0.4414 -0.1332
-0.7109 0.4673 0.3724 0.3707 -0.2693 0.5585 0.6844 -0.3835 -0.5327 0.4714 0.3014 0.635 -0.7324 -0.0922 0.6564 0.1556 -0.5511 0.2819 0.7158 0.3232 -0.699 0.004 0.7058 0.1145 -0.9088 -0.2336 -0.2911 0.1867 -0.7455 0.161 0.633 0.1325 -0.5723 -0.4374 0.55 -0.4226 -0.8825 0.0931 -0.4414 -0.1332
-0.7109 0.4673 0.3724 0.3707 -0.2693 0.5585 0.6844 -0.3835 -0.5327 0.4714 0.3014 0.635 -0.7262 -0.1129 0.6674 0.1199 -0.5511 0.2819 0.7158 0.3232 -0.699 0.004 0.7058 0.1145 -0.9088 -0.2336 -0.2911 0.1867 -0.7455 0.161 0.633 0.1325 -0.5723 -0.4374 0.55 -0.4226 -0.8825 0.0931 -0.4414 -0.1332
-0.7109 0.4673 0.3724 0.3707 -0.2693 0.5585 0.6844 -0.3835 -0.5327 0.4714 0.3014 0.635 -0.7262 -0.1129 0.6674 0.1199 -0.5511 0.2819 0.7158 0.3232 -0.699 0.004 0.7058 0.1145 -0.9088 -0.2336 -0.2911 0.1867 -0.7455 0.161 0.633 0.1325 -0.5723 -0.4374 0.55 -0.4226 -0.8825 0.0931 -0.4414 -0.1332
-0.7109 0.4673 0.3724 0.3707 -0.2738 0.5571 0.6899 -0.3724 -0.5327 0.4714 0.3014 0.635 -0.7262 -0.1129 0.6674 0.1199 -0.5511 0.2819 0.7158 0.3232 -0.699 0.004 0.7058 0.1145 -0.9088 -0.2336 -0.2911 0.1867 -0.7455 0.161 0.633 0.1325 -0.5723 -0.4374 0.55 -0.4226 -0.8825 0.0931 -0.4414 -0.1332
-0.7109 0.4673 0.3724 0.3707 -0.2738 0.5571 0.6899 -0.3724 -0.5327 0.4714 0.3014 0.635 -0.7262 -0.1129 0.6674 0.1199 -0.5511 0.2819 0.7158 0.3232 -0.699 0.004 0.7058 0.1145 -0.9088 -0.2336 -0.2911 0.1867 -0.7455 0.161 0.633 0.1325 -0.5723 -0.4374 0.55 -0.4226 -0.8825 0.0931 -0.4414 -0.1332
-0.7109 0.4673 0.3724 0.3707 -0.2738 0.5571 0.6899 -0.3724 -0.5327 0.4714 0.3014 0.635 -0.7262 -0.1129 0.6674 0.1199 -0.5511 0.2819 0.7158 0.3232 -0.699 0.004 0.7058 0.1145 -0.9088 -0.2336 -0.2911 0.1867 -0.7455 0.161 0.633 0.1325 -0.6164 -0.5795 0.4689 -0.2539 -0.8825 0.0931 -0.4414 -0.1332
-0.7109 0.4673 0.3724 0.3707 -0.2738 0.5571 0.6899 -0.3724 -0.5327 0.4714 0.3014 0.635 -0.7262 -0.1129 0.6674 0.1199 -0.5511 0.2819 0.7158 0.3232 -0.699 0.004 0.7058 0.1145 -0.9088 -0.2336 -0.2911 0.1867 -0.7455 0.161 0.633 0.1325 -0.6164 -0.5795 0.4689 -0.2539 -0.8825 0.0931 -0.4414 -0.1332
-0.7109 0.4673 0.3724 0.3707 -0.2738 0.5571 0.6899 -0.3724 -0.5327 0.4714 0.3014 0.635 -0.7262 -0.1129 0.6674 0.1199 -0.5511 0.2819 0.7158 0.3232 -0.699 0.004 0.7058 0.1145 -0.9088 -0.2336 -0.2911 0.1867 -0.7455 0.161 0.633 0.1325 -0.6164 -0.5795 0.4689 -0.2539 -0.8825 0.0931 -0.4414 -0.1332
-0.7109 0.4673 0.3724 0.3707 -0.2738 0.5571 0.6899 -0.3724 -0.5327 0.4714 0.3014 0.635 -0.7262 -0.1129 0.6674 0.1199 -0.5511 0.2819 0.7158 0.3232 -0.699 0.004 0.7058 0.1145 -0.9088 -0.2336 -0.2911 0.1867 -0.7455 0.161 0.633 0.1325 -0.6164 -0.5795 0.4689 -0.2539 -0.8825 0.0931 -0.4414 -0.1332
-0.7109 0.4673 0.3724 0.3707 -0.2738 0.5571 0.6899 -0.3724 -0.5327 0.4714 0.3014 0.635 -0.7262 -0.1129 0.6674 0.1199 -0.5511 0.2819 0.7158 0.3232 -0.699 0.004 0.7058 0.1145 -0.9088 -0.2336 -0.2911 0.1867 -0.7455 0.161 0.633 0.1325 -0.6164 -0.5795 0.4689 -0.2539 -0.8825 0.0931 -0.4414 -0.1332
-0.7109 0.4673 0.3724 0.3707 -0.2738 0.5571 0.6899 -0.3724 -0.5327 0.4714 0.3014 0.635 -0.7262 -0.1129 0.6674 0.1199 -0.5511 0.2819 0.7158 0.3232 -0.699 0.004 0.7058 0.1145 -0.9088 -0.2336 -0.2911 0.1867 -0.7455 0.161 0.633 0.1325 -0.6164 -0.5795 0.4689 -0.2539 -0.8825 0.0931 -0.4414 -0.1332
-0.7109 0.4673 0.3724 0.3707 -0.2738 0.5571 0.6899 -0.3724 -0.5327 0.4714 0.3014 0.635 -0.7262 -0.1129 0.6674 0.1199 -0.5511 0.2819 0.7158 0.3232 -0.699 0.004 0.7058 0.1145 -0.9088 -0.2336 -0.2911 0.1867 -0.7455 0.161 0.633 0.1325 -0.6164 -0.5795 0.4689 -0.2539 -0.8825 0.0931 -0.4414 -0.1332
-0.7109 0.4673 0.3724 0.3707 -0.2738 0.5571 0.6899 -0.3724 -0.5327 0.4714 0.3014 0.635 -0.7262 -0.1129 0.6674 0.1199 -0.5511 0.2819 0.7158 0.3232 -0.699 0.004 0.7058 0.1145 -0.9088 -0.2336 -0.2911 0.1867 -0.7455 0.161 0.633 0.1325 -0.6164 -0.5795 0.4689 -0.2539 -0.8825 0.0931 -0.4414 -0.1332
-0.7109 0.4673 0.3724 0.3707 -0.2738 0.5571 0.6899 -0.3724 -0.5327 0.4714 0.3014 0.635 -0.7262 -0.1129 0.6674 0.1199 -0.5511 0.2819 0.7158 0.3232 -0.699 0.004 0.7058 0.1145 -0.9088 -0.2336 -0.2911 0.1867 -0.7455 0.161 0.633 0.1325 -0.6164 -0.5795 0.4689 -0.2539 -0.8825 0.0931 -0.4414 -0.1332
-0.7109 0.4673 0.3724 0.3707 -0.2738 0.5571 0.6899 -0.3724 -0.5327 0.4714 0.3014 0.635 -0.7262 -0.1129 0.6674 0.1199 -0.5511 0.2819 0.7158 0.3232 -0.699 0.004 0.7058 0.1145 -0.9088 -0.2336 -0.2911 0.1867 -0.7455 0.161 0.633 0.1325 -0.6164 -0.5795 0.4689 -0.2539 -0.8825 0.0931 -0.4414 -0.1332
-0.7109 0.4673 0.3724 0.3707 -0.2738 0.5571 0.6899 -0.3724 -0.5327 0.4714 0.3014 0.635 -0.7382 -0.0721 0.666 0.0793 -0.5511 0.2819 0.7158 0.3232 -0.699 0.004 0.7058 0.1145 -0.9088 -0.2336 -0.2911 0.1867 -0.7455 0.161 0.633 0.1325 -0.6164 -0.5795 0.4689 -0.2539 -0.8825 0.0931 -0.4414 -0.1332
-0.7109 0.4673 0.3724 0.3707 -0.2738 0.5571 0.6899 -0.3724 -0.5327 0.4714 0.3014 0.635 -0.7382 -0.0721 0.666 0.0793 -0.5511 0.2819 0.7158 0.3232 -0.699 0.004 0.7058 0.1145 -0.9088 -0.2336 -0.2911 0.1867 -0.7455 0.161 0.633 0.1325 -0.6164 -0.5795 0.4689 -0.2539 -0.8825 0.0931 -0.4414 -0.1332
-0.7109 0.4673 0.3724 0.3707 -0.2738 0.5571 0.6899 -0.3724 -0.5327 0.4714 0.3014 0.635 -0.7382 -0.0721 0.666 0.0793 -0.5511 0.2819 0.7158 0.3232 -0.699 0.004 0.7058 0.1145 -0.9088 -0.2336 -0.2911 0.1867 -0.7455 0.161 0.633 0.1325 -0.6164 -0.5795 0.4689 -0.2539 -0.8825 0.0931 -0.4414 -0.1332
-0.7109 0.4673 0.3724 0.3707 -0.2738 0.5571 0.6899 -0.3724 -0.5327 0.4714 0.3014 0.635 -0.7382 -0.0721 0.666 0.0793 -0.5511 0.2819 0.7158 0.3232 -0.699 0.004 0.7058 0.1145 -0.9088 -0.2336 -0.2911 0.1867 -0.7455 0.161 0.633 0.1325 -0.6164 -0.5795 0.4689 -0.2539 -0.8825 0.0931 -0.4414 -0.1332
-0.7109 0.4673 0.3724 0.3707 -0.2738 0.5571 0.6899 -0.3724 -0.5327 0.4714 0.3014 0.635 -0.7382 -0.0721 0.666 0.0793 -0.5511 0.2819 0.7158 0.3232 -0.699 0.004 0.7058 0.1145 -0.9088 -0.2336 -0.2911 0.1867 -0.7455 0.161 0.633 0.1325 -0.6164 -0.5795 0.4689 -0.2539 -0.8825 0.0931 -0.4414 -0.1332
-0.7186 0.432 0.3354 0.4295 -0.2738 0.5571 0.6899 -0.3724 -0.5327 0.4714 0.3014 0.635 -0.7382 -0.0721 0.666 0.0793 -0.5486 0.2649 0.665 0.4319 -0.7325 -0.0649 0.6258 0.2599 -0.9088 -0.2336 -0.2911 0.1867 -0.7455 0.161 0.633 0.1325 -0.6404 -0.4696 0.5499 -0.2587 -0.8825 0.0931 -0.4414 -0.1332
-0.7186 0.432 0.3354 0.4295 -0.2738 0.5571 0.6899 -0.3724 -0.4621 0.5397 0.301 0.636 -0.7382 -0.0721 0.666 0.0793 -0.5486 0.2649 0.665 0.4319 -0.7325 -0.0649 0.6258 0.2599 -0.9088 -0.2336 -0.2911 0.1867 -0.7455 0.161 0.633 0.1325 -0.6404 -0.4696 0.5499 -0.2587 -0.8825 0.0931 -0.4414 -0.1332
-0.7186 0.432 0.3354 0.4295 -0.2738 0.5571 0.6899 -0.3724 -0.4621 0.5397 0.301 0.636 -0.7298 -0.0392 0.6754 0.0987 -0.5486 0.2649 0.665 0.4319 -0.7325 -0.0649 0.6258 0.2599 -0.9088 -0.2336 -0.2911 0.1867 -0.7455 0.161 0.633 0.1325 -0.6404 -0.4696 0.5499 -0.2587 -0.8825 0.0931 -0.4414 -0.1332
-0.7186 0.432 0.3354 0.4295 -0.3383 0.5784 0.663 -0.3338 -0.4621 0.5397 0.301 0.636 -0.7298 -0.0392 0.6754 0.0987 -0.5486 0.2649 0.665 0.4319 -0.7325 -0.0649 0.6258 0.2599 -0.9088 -0.2336 -0.2911 0.1867 -0.7455 0.161 0.633 0.1325 -0.6404 -0.4696 0.5499 -0.2587 -0.8825 0.0931 -0.4414 -0.1332
-0.7186 0.432 0.3354 0.4295 -0.3383 0.5784 0.663 -0.3338 -0.4621 0.5397 0.301 0.636 -0.7298 -0.0392 0.6754 0.0987 -0.5486 0.2649 0.665 0.4319 -0.7325 -0.0649 0.6258 0.2599 -0.9088 -0.2336 -0.2911 0.1867 -0.7455 0.161 0.633 0.1325 -0.6404 -0.4696 0.5499 -0.2587 -0.8825 0.0931 -0.4414 -0.1332
-0.7216 0.4464 0.3088 0.4299 -0.3383 0.5784 0.663 -0.3338 -0.4621 0.5397 0.301 0.636 -0.7298 -0.0392 0.6754 0.0987 -0.5486 0.2649 0.665 0.4319 -0.7325 -0.0649 0.6258 0.2599 -0.9088 -0.2336 -0.2911 0.1867 -0.7455 0.161 0.633 0.1325 -0.6404 -0.4696 0.5499 -0.2587 -0.9416 0.08 -0.3115 -0.0998
-0.7216 0.4464 0.3088 0.4299 -0.3383 0.5784 0.663 -0.3338 -0.4621 0.5397 0.301 0.636 -0.7298 -0.0392 0.6754 0.0987 -0.5486 0.2649 0.665 0.4319 -0.7325 -0.0649 0.6258 0.2599 -0.9088 -0.2336 -0.2911 0.1867 -0.7455 0.161 0.633 0.1325 -0.6404 -0.4696 0.5499 -0.2587 -0.9416 0.08 -0.3115 -0.0998
-0.7216 0.4464 0.3088 0.4299 -0.3383 0.5784 0.663 -0.3338 -0.4499 0.5275 0.2822 0.6631 -0.7298 -0.0392 0.6754 0.0987 -0.5486 0.2649 0.665 0.4319 -0.7325 -0.0649 0.6258 0.2599 -0.9088 -0.2336 -0.2911 0.1867 -0.7455 0.161 0.633 0.1325 -0.627 -0.4289 0.5834 -0.2873 -0.9416 0.08 -0.3115 -0.0998
-0.7216 0.4464 0.3088 0.4299 -0.3383 0.5784 0.663 -0.3338 -0.4499 0.5275 0.2822 0.6631 -0.7298 -0.0392 0.6754 0.0987 -0.5486 0.2649 0.665 0.4319 -0.7325 -0.0649 0.6258 0.2599 -0.9088 -0.2336 -0.2911 0.1867 -0.7455 0.161 0.633 0.1325 -0.627 -0.4289 0.5834 -0.2873 -0.9416 0.08 -0.3115 -0.0998
-0.7216 0.4464 0.3088 0.4299 -0.3479 0.5905 0.6394 -0.3484 -0.4499 0.5275 0.2822 0.6631 -0.7298 -0.0392 0.6754 0.0987 -0.5486 0.2649 0.665 0.4319 -0.7325 -0.0649 0.6258 0.2599 -0.9088 -0.2336 -0.2911 0.1867 -0.7455 0.161 0.633 0.1325 -0.627 -0.4289 0.5834 -0.2873 -0.9416 0.08 -0.3115 -0.0998
-0.7216 0.4464 0.3088 0.4299 -0.3479 0.5905 0.6394 -0.3484 -0.4499 0.5275 0.2822 0.6631 -0.7298 -0.0392 0.6754 0.0987 -0.5486 0.2649 0.665 0.4319 -0.7325 -0.0649 0.6258 0.2599 -0.9088 -0.2336 -0.2911 0.1867 -0.7455 0.161 0.633 0.1325 -0.627 -0.4289 0.5834 -0.2873 -0.9416 0.08 -0.3115 -0.0998
-0.7216 0.4464 0.3088 0.4299 -0.3479 0.5905 0.6394 -0.3484 -0.4499 0.5275 0.2822 0.6631 -0.7298 -0.0392 0.6754 0.0987 -0.5486 0.2649 0.665 0.4319 -0.7325 -0.0649 0.6258 0.2599 -0.9088 -0.2336 -0.2911 0.1867 -0.7455 0.161 0.633 0.1325 -0.627 -0.4289 0.5834 -0.2873 -0.9384 0.0861 -0.3235 -0.0861
-0.7216 0.4464 0.3088 0.4299 -0.3479 0.5905 0.6394 -0.3484 -0.4499 0.5275 0.2822 0.6631 -0.7298 -0.0392 0.6754 0.0987 -0.5486 0.2649 0.665 0.4319 -0.7325 -0.0649 0.6258 0.2599 -0.9088 -0.2336 -0.2911 0.1867 -0.7455 0.161 0.633 0.1325 -0.627 -0.4289 0.5834 -0.2873 -0.9384 0.0861 -0.3235 -0.0861
-0.705 0.4655 0.2997 0.4433 -0.3479 0.5905 0.6394 -0.3484 -0.4499 0.5275 0.2822 0.6631 -0.7298 -0.0392 0.6754 0.0987 -0.5486 0.2649 0.665 0.4319 -0.7712 0.0702 0.5801 0.2527 -0.9088 -0.2336 -0.2911 0.1867 -0.7455 0.161 0.633 0.1325 -0.627 -0.4289 0.5834 -0.2873 -0.9384 0.0861 -0.3235 -0.0861
-0.705 0.4655 0.2997 0.4433 -0.3479 0.5905 0.6394 -0.3484 -0.4499 0.5275 0.2822 0.6631 -0.7298 -0.0392 0.6754 0.0987 -0.5486 0.2649 0.665 0.4319 -0.7712 0.0702 0.5801 0.2527 -0.9088 -0.2336 -0.2911 0.1867 -0.7455 0.161 0.633 0.1325 -0.627 -0.4289 0.5834 -0.2873 -0.9384 0.0861 -0.3235 -0.0861
-0.705 0.4655 0.2997 0.4433 -0.3479 0.5905 0.6394 -0.3484 -0.4499 0.5275 0.2822 0.6631 -0.7298 -0.0392 0.6754 0.0987 -0.5486 0.2649 0.665 0.4319 -0.7712 0.0702 0.5801 0.2527 -0.8409 -0.1201 -0.4056 0.3376 -0.7455 0.161 0.633 0.1325 -0.627 -0.4289 0.5834 -0.2873 -0.9384 0.0861 -0.3235 -0.0861
-0.705 0.4655 0.2997 0.4433 -0.3479 0.5905 0.6394 -0.3484 -0.4499 0.5275 0.2822 0.6631 -0.7298 -0.0392 0.6754 0.0987 -0.5486 0.2649 0.665 0.4319 -0.7712 0.0702 0.5801 0.2527 -0.8409 -0.1201 -0.4056 0.3376 -0.6837 0.2518 0.6616 0.1772 -0.627 -0.4289 0.5834 -0.2873 -0.9384 0.0861 -0.3235 -0.0861
-0.705 0.4655 0.2997 0.4433 -0.3608 0.6188 0.6135 -0.3325 -0.4499 0.5275 0.2822 0.6631 -0.7298 -0.0392 0.6754 0.0987 -0.5486 0.2649 0.665 0.4319 -0.7712 0.0702 0.5801 0.2527 -0.8409 -0.1201 -0.4056 0.3376 -0.6837 0.2518 0.6616 0.1772 -0.627 -0.4289 0.5834 -0.2873 -0.9384 0.0861 -0.3235 -0.0861
-0.705 0.4655 0.2997 0.4433 -0.3608 0.6188 0.6135 -0.3325 -0.4499 0.5275 0.2822 0.6631 -0.7298 -0.0392 0.6754 0.0987 -0.5486 0.2649 0.665 0.4319 -0.7712 0.0702 0.5801 0.2527 -0.8409 -0.1201 -0.4056 0.3376 -0.6837 0.2518 0.6616 0.1772 -0.627 -0.4289 0.5834 -0.2873 -0.9384 0.0861 -0.3235 -0.0861
-0.705 0.4655 0.2997 0.4433 -0.3608 0.6188 0.6135 -0.3325 -0.4499 0.5275 0.2822 0.6631 -0.7298 -0.0392 0.6754 0.0987 -0.5486 0.2649 0.665 0.4319 -0.7712 0.0702 0.5801 0.2527 -0.8409 -0.1201 -0.4056 0.3376 -0.6837 0.2518 0.6616 0.1772 -0.627 -0.4289 0.5834 -0.2873 -0.9384 0.0861 -0.3235 -0.0861
-0.705 0.4655 0.2997 0.4433 -0.3608 0.6188 0.6135 -0.3325 -0.4499 0.5275 0.2822 0.6631 -0.7298 -0.0392 0.6754 0.0987 -0.5486 0.2649 0.665 0.4319 -0.7712 0.0702 0.5801 0.2527 -0.8409 -0.1201 -0.4056 0.3376 -0.6837 0.2518 0.6616 0.1772 -0.627 -0.4289 0.5834 -0.2873 -0.9384 0.0861 -0.3235 -0.0861
-0.6853 0.47 0.2791 0.4812 -0.3608 0.6188 0.6135 -0.3325 -0.4499 0.5275 0.2822 0.6631 -0.7298 -0.0392 0.6754 0.0987 -0.5486 0.2649 0.665 0.4319 -0.7712 0.0702 0.5801 0.2527 -0.8409 -0.1201 -0.4056 0.3376 -0.6837 0.2518 0.6616 0.1772 -0.5994 -0.3958 0.6089 -0.3365 -0.9384 0.0861 -0.3235 -0.0861
-0.6853 0.47 0.2791 0.4812 -0.3608 0.6188 0.6135 -0.3325 -0.4499 0.5275 0.2822 0.6631 -0.7298 -0.0392 0.6754 0.0987 -0.5486 0.2649 0.665 0.4319 -0.7712 0.0702 0.5801 0.2527 -0.8409 -0.1201 -0.4056 0.3376 -0.6837 0.2518 0.6616 0.1772 -0.5994 -0.3958 0.6089 -0.3365 -0.9384 0.0861 -0.3235 -0.0861
-0.6853 0.47 0.2791 0.4812 -0.3608 0.6188 0.6135 -0.3325 -0.4499 0.5275 0.2822 0.6631 -0.7298 -0.0392 0.6754 0.0987 -0.5486 0.2649 0.665 0.4319 -0.7712 0.0702 0.5801 0.2527 -0.8987 -0.1575 -0.3279 0.245 -0.6837 0.2518 0.6616 0.1772 -0.5994 -0.3958 0.6089 -0.3365 -0.9384 0.0861 -0.3235 -0.0861
-0.6853 0.47 0.2791 0.4812 -0.3693 0.6429 0.6023 -0.2958 -0.4499 0.5275 0.2822 0.6631 -0.7298 -0.0392 0.6754 0.0987 -0.5486 0.2649 0.665 0.4319 -0.7712 0.0702 0.5801 0.2527 -0.8987 -0.1575 -0.3279 0.245 -0.6837 0.2518 0.6616 0.1772 -0.5994 -0.3958 0.6089 -0.3365 -0.9384 0.0861 -0.3235 -0.0861
-0.6853 0.47 0.2791 0.4812 -0.3693 0.6429 0.6023 -0.2958 -0.4499 0.5275 0.2822 0.6631 -0.7298 -0.0392 0.6754 0.0987 -0.5486 0.2649 0.665 0.4319 -0.7712 0.0702 0.5801 0.2527 -0.8987 -0.1575 -0.3279 0.245 -0.6837 0.2518 0.6616 0.1772 -0.5994 -0.3958 0.6089 -0.3365 -0.9384 0.0861 -0.3235 -0.0861
-0.6853 0.47 0.2791 0.4812 -0.3693 0.6429 0.6023 -0.2958 -0.4499 0.5275 0.2822 0.6631 -0.7298 -0.0392 0.6754 0.0987 -0.5486 0.2649 0.665 0.4319 -0.7712 0.0702 0.5801 0.2527 -0.8987 -0.1575 -0.3279 0.245 -0.6837 0.2518 0.6616 0.1772 -0.5994 -0.3958 0.6089 -0.3365 -0.9384 0.0861 -0.3235 -0.0861
-0.6853 0.47 0.2791 0.4812 -0.3693 0.6429 0.6023 -0.2958 -0.4499 0.5275 0.2822 0.6631 -0.7298 -0.0392 0.6754 0.0987 -0.5486 0.2649 0.665 0.4319 -0.7712 0.0702 0.5801 0.2527 -0.8987 -0.1575 -0.3279 0.245 -0.6837 0.2518 0.6616 0.1772 -0.5994 -0.3958 0.6089 -0.3365 -0.9384 0.0861 -0.3235 -0.0861
-0.6853 0.47 0.2791 0.4812 -0.3693 0.6429 0.6023 -0.2958 -0.4499 0.5275 0.2822 0.6631 -0.7298 -0.0392 0.6754 0.0987 -0.5486 0.2649 0.665 0.4319 -0.7712 0.0702 0.5801 0.2527 -0.8987 -0.1575 -0.3279 0.245 -0.6837 0.2518 0.6616 0.1772 -0.5994 -0.3958 0.6089 -0.3365 -0.9384 0.0861 -0.3235 -0.0861
-0.6853 0.47 0.2791 0.4812 -0.3693 0.6429 0.6023 -0.2958 -0.4499 0.5275 0.2822 0.6631 -0.7298 -0.0392 0.6754 0.0987 -0.5486 0.2649 0.665 0.4319 -0.7712 0.0702 0.5801 0.2527 -0.8987 -0.1575 -0.3279 0.245 -0.6837 0.2518 0.6616 0.1772 -0.5994 -0.3958 0.6089 -0.3365 -0.9384 0.0861 -0.3235 -0.0861
-0.6853 0.47 0.2791 0.4812 -0.3692 0.6432 0.6056 -0.2884 -0.4499 0.5275 0.2822 0.6631 -0.7298 -0.0392 0.6754 0.0987 -0.5486 0.2649 0.665 0.4319 -0.7712 0.0702 0.5801 0.2527 -0.8987 -0.1575 -0.3279 0.245 -0.6837 0.2518 0.6616 0.1772 -0.5994 -0.3958 0.6089 -0.3365 -0.9384 0.0861 -0.3235 -0.0861
-0.6853 0.47 0.2791 0.4812 -0.3692 0.6432 0.6056 -0.2884 -0.4499 0.5275 0.2822 0.6631 -0.7298 -0.0392 0.6754 0.0987 -0.5486 0.2649 0.665 0.4319 -0.7712 0.0702 0.5801 0.2527 -0.8987 -0.1575 -0.3279 0.245 -0.6837 0.2518 0.6616 0.1772 -0.5994 -0.3958 0.6089 -0.3365 -0.9384 0.0861 -0.3235 -0.0861
-0.6853 0.47 0.2791 0.4812 -0.3692 0.6432 0.6056 -0.2884 -0.4499 0.5275 0.2822 0.6631 -0.7298 -0.0392 0.6754 0.0987 -0.5486 0.2649 0.665 0.4319 -0.7712 0.0702 0.5801 0.2527 -0.8987 -0.1575 -0.3279 0.245 -0.6837 0.2518 0.6616 0.1772 -0.5994 -0.3958 0.6089 -0.3365 -0.9384 0.0861 -0.3235 -0.0861
-0.6779 0.4631 0.2828 0.496 -0.3692 0.6432 0.6056 -0.2884 -0.4499 0.5275 0.2822 0.6631 -0.7298 -0.0392 0.6754 0.0987 -0.5486 0.2649 0.665 0.4319 -0.7712 0.0702 0.5801 0.2527 -0.8987 -0.1575 -0.3279 0.245 -0.6837 0.2518 0.6616 0.1772 -0.5994 -0.3958 0.6089 -0.3365 -0.9384 0.0861 -0.3235 -0.0861
-0.6779 0.4631 0.2828 0.496 -0.3692 0.6432 0.6056 -0.2884 -0.4499 0.5275 0.2822 0.6631 -0.7298 -0.0392 0.6754 0.0987 -0.5486 0.2649 0.665 0.4319 -0.7712 0.0702 0.5801 0.2527 -0.8987 -0.1575 -0.3279 0.245 -0.6837 0.2518 0.6616 0.1772 -0.5994 -0.3958 0.6089 -0.3365 -0.9384 0.0861 -0.3235 -0.0861
-0.6779 0.4631 0.2828 0.496 -0.3692 0.6432 0.6056 -0.2884 -0.4499 0.5275 0.2822 0.6631 -0.7298 -0.0392 0.6754 0.0987 -0.5486 0.2649 0.665 0.4319 -0.7712 0.0702 0.5801 0.2527 -0.8987 -0.1575 -0.3279 0.245 -0.6837 0.2518 0.6616 0.1772 -0.5994 -0.3958 0.6089 -0.3365 -0.9384 0.0861 -0.3235 -0.0861
-0.6779 0.4631 0.2828 0.496 -0.3692 0.6432 0.6056 -0.2884 -0.4499 0.5275 0.2822 0.6631 -0.7298 -0.0392 0.6754 0.0987 -0.5486 0.2649 0.665 0.4319 -0.7712 0.0702 0.5801 0.2527 -0.8987 -0.1575 -0.3279 0.245 -0.6837 0.2518 0.6616 0.1772 -0.5994 -0.3958 0.6089 -0.3365 -0.9384 0.0861 -0.3235 -0.0861
-0.6779 0.4631 0.2828 0.496 -0.3384 0.6296 0.6197 -0.324 -0.4499 0.5275 0.2822 0.6631 -0.6927 -0.0502 0.6827 0.2269 -0.5486 0.2649 0.665 0.4319 -0.7712 0.0702 0.5801 0.2527 -0.8987 -0.1575 -0.3279 0.245 -0.6837 0.2518 0.6616 0.1772 -0.5994 -0.3958 0.6089 -0.3365 -0.9384 0.0861 -0.3235 -0.0861
-0.6779 0.4631 0.2828 0.496 -0.3384 0.6296 0.6197 -0.324 -0.4499 0.5275 0.2822 0.6631 -0.6927 -0.0502 0.6827 0.2269 -0.5486 0.2649 0.665 0.4319 -0.7712 0.0702 0.5801 0.2527 -0.8987 -0.1575 -0.3279 0.245 -0.6837 0.2518 0.6616 0.1772 -0.5994 -0.3958 0.6089 -0.3365 -0.9384 0.0861 -0.3235 -0.0861
-0.6779 0.4631 0.2828 0.496 -0.3384 0.6296 0.6197 -0.324 -0.4499 0.5275 0.2822 0.6631 -0.6927 -0.0502 0.6827 0.2269 -0.5486 0.2649 0.665 0.4319 -0.7712 0.0702 0.5801 0.2527 -0.8987 -0.1575 -0.3279 0.245 -0.6837 0.2518 0.6616 0.1772 -0.5994 -0.3958 0.6089 -0.3365 -0.9384 0.0861 -0.3235 -0.0861
-0.6779 0.4631 0.2828 0.496 -0.3384 0.6296 0.6197 -0.324 -0.4499 0.5275 0.2822 0.6631 -0.6927 -0.0502 0.6827 0.2269 -0.5486 0.2649 0.665 0.4319 -0.7712 0.0702 0.5801 0.2527 -0.8987 -0.1575 -0.3279 0.245 -0.6837 0.2518 0.6616 0.1772 -0.5994 -0.3958 0.6089 -0.3365 -0.9384 0.0861 -0.3235 -0.0861
-0.6789 0.4838 0.3274 0.4448 -0.3384 0.6296 0.6197 -0.324 -0.4499 0.5275 0.2822 0.6631 -0.6927 -0.0502 0.6827 0.2269 -0.5486 0.2649 0.665 0.4319 -0.7712 0.0702 0.5801 0.2527 -0.8987 -0.1575 -0.3279 0.245 -0.6837 0.2518 0.6616 0.1772 -0.5631 -0.3244 0.5747 -0.4974 -0.9008 0.084 -0.4147 -0.0976
-0.6789 0.4838 0.3274 0.4448 -0.3384 0.6296 0.6197 -0.324 -0.4171 0.4975 0.2772 0.7083 -0.6927 -0.0502 0.6827 0.2269 -0.5905 0.4091 0.6451 0.2603 -0.6794 0.1306 0.7201 0.0535 -0.8987 -0.1575 -0.3279 0.245 -0.6837 0.2518 0.6616 0.1772 -0.5631 -0.3244 0.5747 -0.4974 -0.9008 0.084 -0.4147 -0.0976
-0.6789 0.4838 0.3274 0.4448 -0.3384 0.6296 0.6197 -0.324 -0.4171 0.4975 0.2772 0.7083 -0.6927 -0.0502 0.6827 0.2269 -0.5905 0.4091 0.6451 0.2603 -0.6794 0.1306 0.7201 0.0535 -0.8987 -0.1575 -0.3279 0.245 -0.6837 0.2518 0.6616 0.1772 -0.5631 -0.3244 0.5747 -0.4974 -0.9008 0.084 -0.4147 -0.0976
-0.6789 0.4838 0.3274 0.4448 -0.3384 0.6296 0.6197 -0.324 -0.4171 0.4975 0.2772 0.7083 -0.6927 -0.0502 0.6827 0.2269 -0.5905 0.4091 0.6451 0.2603 -0.6794 0.1306 0.7201 0.0535 -0.8987 -0.1575 -0.3279 0.245 -0.7038 0.2802 0.6509 0.0494 -0.5631 -0.3244 0.5747 -0.4974 -0.9008 0.084 -0.4147 -0.0976
-0.6789 0.4838 0.3274 0.4448 -0.3384 0.6296 0.6197 -0.324 -0.4171 0.4975 0.2772 0.7083 -0.6927 -0.0502 0.6827 0.2269 -0.5905 0.4091 0.6451 0.2603 -0.6794 0.1306 0.7201 0.0535 -0.8987 -0.1575 -0.3279 0.245 -0.7038 0.2802 0.6509 0.0494 -0.5631 -0.3244 0.5747 -0.4974 -0.9008 0.084 -0.4147 -0.0976
-0.6789 0.4838 0.3274 0.4448 -0.3384 0.6296 0.6197 -0.324 -0.4171 0.4975 0.2772 0.7083 -0.6927 -0.0502 0.6827 0.2269 -0.5905 0.4091 0.6451 0.2603 -0.6794 0.1306 0.7201 0.0535 -0.8987 -0.1575 -0.3279 0.245 -0.7038 0.2802 0.6509 0.0494 -0.5631 -0.3244 0.5747 -0.4974 -0.9008 0.084 -0.4147 -0.0976
-0.6789 0.4838 0.3274 0.4448 -0.3384 0.6296 0.6197 -0.324 -0.4171 0.4975 0.2772 0.7083 -0.6927 -0.0502 0.6827 0.2269 -0.5905 0.4091 0.6451 0.2603 -0.6794 0.1306 0.7201 0.0535 -0.8987 -0.1575 -0.3279 0.245 -0.7038 0.2802 0.6509 0.0494 -0.5631 -0.3244 0.5747 -0.4974 -0.9008 0.084 -0.4147 -0.0976
-0.6789 0.4838 0.3274 0.4448 -0.3384 0.6296 0.6197 -0.324 -0.4171 0.4975 0.2772 0.7083 -0.6927 -0.0502 0.6827 0.2269 -0.5905 0.4091 0.6451 0.2603 -0.6794 0.1306 0.7201 0.0535 -0.8987 -0.1575 -0.3279 0.245 -0.7038 0.2802 0.6509 0.0494 -0.5631 -0.3244 0.5747 -0.4974 -0.9008 0.084 -0.4147 -0.0976
-0.6789 0.4838 0.3274 0.4448 -0.3384 0.6296 0.6197 -0.324 -0.4171 0.4975 0.2772 0.7083 -0.6927 -0.0502 0.6827 0.2269 -0.5905 0.4091 0.6451 0.2603 -0.6794 0.1306 0.7201 0.0535 -0.8987 -0.1575 -0.3279 0.245 -0.7038 0.2802 0.6509 0.0494 -0.5631 -0.3244 0.5747 -0.4974 -0.9008 0.084 -0.4147 -0.0976
-0.6789 0.4838 0.3274 0.4448 -0.3384 0.6296 0.6197 -0.324 -0.4636 0.4832 0.2739 0.6904 -0.6927 -0.0502 0.6827 0.2269 -0.5905 0.4091 0.6451 0.2603 -0.6794 0.1306 0.7201 0.0535 -0.8987 -0.1575 -0.3279 0.245 -0.7038 0.2802 0.6509 0.0494 -0.5631 -0.3244 0.5747 -0.4974 -0.9008 0.084 -0.4147 -0.0976
-0.6789 0.4838 0.3274 0.4448 -0.3384 0.6296 0.6197 -0.324 -0.4636 0.4832 0.2739 0.6904 -0.6927 -0.0502 0.6827 0.2269 -0.5905 0.4091 0.6451 0.2603 -0.6794 0.1306 0.7201 0.0535 -0.8987 -0.1575 -0.3279 0.245 -0.7038 0.2802 0.6509 0.0494 -0.5631 -0.3244 0.5747 -0.4974 -0.9008 0.084 -0.4147 -0.0976
-0.6789 0.4838 0.3274 0.4448 -0.3384 0.6296 0.6197 -0.324 -0.4636 0.4832 0.2739 0.6904 -0.6927 -0.0502 0.6827 0.2269 -0.5905 0.4091 0.6451 0.2603 -0.6794 0.1306 0.7201 0.0535 -0.8987 -0.1575 -0.3279 0.245 -0.7038 0.2802 0.6509 0.0494 -0.5631 -0.3244 0.5747 -0.4974 -0.9008 0.084 -0.4147 -0.0976
-0.6789 0.4838 0.3274 0.4448 -0.3384 0.6296 0.6197 -0.324 -0.4636 0.4832 0.2739 0.6904 -0.6927 -0.0502 0.6827 0.2269 -0.5905 0.4091 0.6451 0.2603 -0.6794 0.1306 0.7201 0.0535 -0.8987 -0.1575 -0.3279 0.245 -0.7038 0.2802 0.6509 0.0494 -0.5631 -0.3244 0.5747 -0.4974 -0.9008 0.084 -0.4147 -0.0976
-0.6789 0.4838 0.3274 0.4448 -0.3384 0.6296 0.6197 -0.324 -0.4636 0.4832 0.2739 0.6904 -0.6927 -0.0502 0.6827 0.2269 -0.5905 0.4091 0.6451 0.2603 -0.6794 0.1306 0.7201 0.0535 -0.8987 -0.1575 -0.3279 0.245 -0.7038 0.2802 0.6509 0.0494 -0.5631 -0.3244 0.5747 -0.4974 -0.9008 0.084 -0.4147 -0.0976
-0.6935 0.4871 0.3621 0.388 -0.3384 0.6296 0.6197 -0.324 -0.4636 0.4832 0.2739 0.6904 -0.6927 -0.0502 0.6827 0.2269 -0.5905 0.4091 0.6451 0.2603 -0.6794 0.1306 0.7201 0.0535 -0.8987 -0.1575 -0.3279 0.245 -0.7038 0.2802 0.6509 0.0494 -0.5631 -0.3244 0.5747 -0.4974 -0.9008 0.084 -0.4147 -0.0976
-0.6935 0.4871 0.3621 0.388 -0.3384 0.6296 0.6197 -0.324 -0.4636 0.4832 0.2739 0.6904 -0.6927 -0.0502 0.6827 0.2269 -0.5905 0.4091 0.6451 0.2603 -0.6794 0.1306 0.7201 0.0535 -0.8987 -0.1575 -0.3279 0.245 -0.7038 0.2802 0.6509 0.0494 -0.5631 -0.3244 0.5747 -0.4974 -0.9008 0.084 -0.4147 -0.0976
-0.6935 0.4871 0.3621 0.388 -0.3384 0.6296 0.6197 -0.324 -0.4867 0.4653 0.2781 0.6851 -0.6927 -0.0502 0.6827 0.2269 -0.5905 0.4091 0.6451 0.2603 -0.6794 0.1306 0.7201 0.0535 -0.8987 -0.1575 -0.3279 0.245 -0.7038 0.2802 0.6509 0.0494 -0.5631 -0.3244 0.5747 -0.4974 -0.9008 0.084 -0.4147 -0.0976
-0.6935 0.4871 0.3621 0.388 -0.3384 0.6296 0.6197 -0.324 -0.4867 0.4653 0.2781 0.6851 -0.7377 -0.0884 0.6486 0.165 -0.5905 0.4091 0.6451 0.2603 -0.6794 0.1306 0.7201 0.0535 -0.9049 -0.237 -0.2945 0.1955 -0.7038 0.2802 0.6509 0.0494 -0.5631 -0.3244 0.5747 -0.4974 -0.9008 0.084 -0.4147 -0.0976
-0.6935 0.4871 0.3621 0.388 -0.2797 0.5895 0.6614 -0.3698 -0.4867 0.4653 0.2781 0.6851 -0.7377 -0.0884 0.6486 0.165 -0.5905 0.4091 0.6451 0.2603 -0.6794 0.1306 0.7201 0.0535 -0.9049 -0.237 -0.2945 0.1955 -0.7038 0.2802 0.6509 0.0494 -0.5631 -0.3244 0.5747 -0.4974 -0.9008 0.084 -0.4147 -0.0976
-0.6935 0.4871 0.3621 0.388 -0.2797 0.5895 0.6614 -0.3698 -0.4867 0.4653 0.2781 0.6851 -0.7377 -0.0884 0.6486 0.165 -0.5905 0.4091 0.6451 0.2603 -0.6794 0.1306 0.7201 0.0535 -0.9049 -0.237 -0.2945 0.1955 -0.7038 0.2802 0.6509 0.0494 -0.5631 -0.3244 0.5747 -0.4974 -0.9013 0.0591 -0.413 -0.1166
-0.6919 0.4693 0.3799 0.3959 -0.2797 0.5895 0.6614 -0.3698 -0.4867 0.4653 0.2781 0.6851 -0.7377 -0.0884 0.6486 0.165 -0.5905 0.4091 0.6451 0.2603 -0.6794 0.1306 0.7201 0.0535 -0.9049 -0.237 -0.2945 0.1955 -0.7038 0.2802 0.6509 0.0494 -0.5631 -0.3244 0.5747 -0.4974 -0.9013 0.0591 -0.413 -0.1166
-0.6919 0.4693 0.3799 0.3959 -0.2797 0.5895 0.6614 -0.3698 -0.492 0.4795 0.2715 0.674 -0.7377 -0.0884 0.6486 0.165 -0.5905 0.4091 0.6451 0.2603 -0.6951 0.045 0.7039 0.1391 -0.9049 -0.237 -0.2945 0.1955 -0.7038 0.2802 0.6509 0.0494 -0.5964 -0.4238 0.5459 -0.4081 -0.9013 0.0591 -0.413 -0.1166
-0.6919 0.4693 0.3799 0.3959 -0.2797 0.5895 0.6614 -0.3698 -0.492 0.4795 0.2715 0.674 -0.7377 -0.0884 0.6486 0.165 -0.5905 0.4091 0.6451 0.2603 -0.6951 0.045 0.7039 0.1391 -0.8998 -0.2401 -0.3041 0.2007 -0.7038 0.2802 0.6509 0.0494 -0.5964 -0.4238 0.5459 -0.4081 -0.9013 0.0591 -0.413 -0.1166
-0.6919 0.4693 0.3799 0.3959 -0.2797 0.5895 0.6614 -0.3698 -0.492 0.4795 0.2715 0.674 -0.7377 -0.0884 0.6486 0.165 -0.5905 0.4091 0.6451 0.2603 -0.6951 0.045 0.7039 0.1391 -0.8998 -0.2401 -0.3041 0.2007 -0.7038 0.2802 0.6509 0.0494 -0.5964 -0.4238 0.5459 -0.4081 -0.9013 0.0591 -0.413 -0.1166
-0.6919 0.4693 0.3799 0.3959 -0.2867 0.5937 0.6627 -0.3553 -0.492 0.4795 0.2715 0.674 -0.7377 -0.0884 0.6486 0.165 -0.5905 0.4091 0.6451 0.2603 -0.6951 0.045 0.7039 0.1391 -0.8998 -0.2401 -0.3041 0.2007 -0.7038 0.2802 0.6509 0.0494 -0.5964 -0.4238 0.5459 -0.4081 -0.9013 0.0591 -0.413 -0.1166
-0.6919 0.4693 0.3799 0.3959 -0.2867 0.5937 0.6627 -0.3553 -0.492 0.4795 0.2715 0.674 -0.7377 -0.0884 0.6486 0.165 -0.5905 0.4091 0.6451 0.2603 -0.6951 0.045 0.7039 0.1391 -0.8998 -0.2401 -0.3041 0.2007 -0.7038 0.2802 0.6509 0.0494 -0.5964 -0.4238 0.5459 -0.4081 -0.9652 0.0421 -0.2383 -0.0994
-0.6919 0.4693 0.3799 0.3959 -0.2867 0.5937 0.6627 -0.3553 -0.492 0.4795 0.2715 0.674 -0.7377 -0.0884 0.6486 0.165 -0.5905 0.4091 0.6451 0.2603 -0.6951 0.045 0.7039 0.1391 -0.8998 -0.2401 -0.3041 0.2007 -0.7038 0.2802 0.6509 0.0494 -0.5964 -0.4238 0.5459 -0.4081 -0.9652 0.0421 -0.2383 -0.0994
-0.696 0.4576 0.3686 0.4127 -0.2867 0.5937 0.6627 -0.3553 -0.492 0.4795 0.2715 0.674 -0.7377 -0.0884 0.6486 0.165 -0.5905 0.4091 0.6451 0.2603 -0.6951 0.045 0.7039 0.1391 -0.8998 -0.2401 -0.3041 0.2007 -0.7038 0.2802 0.6509 0.0494 -0.5964 -0.4238 0.5459 -0.4081 -0.9652 0.0421 -0.2383 -0.0994
-0.696 0.4576 0.3686 0.4127 -0.2867 0.5937 0.6627 -0.3553 -0.492 0.4795 0.2715 0.674 -0.7377 -0.0884 0.6486 0.165 -0.5905 0.4091 0.6451 0.2603 -0.7026 0.0366 0.6875 0.1798 -0.8998 -0.2401 -0.3041 0.2007 -0.7038 0.2802 0.6509 0.0494 -0.626 -0.5568 0.4934 -0.2338 -0.9652 0.0421 -0.2383 -0.0994
-0.696 0.4576 0.3686 0.4127 -0.2867 0.5937 0.6627 -0.3553 -0.4922 0.493 0.2634 0.6673 -0.7377 -0.0884 0.6486 0.165 -0.5905 0.4091 0.6451 0.2603 -0.7026 0.0366 0.6875 0.1798 -0.8984 -0.2293 -0.3023 0.2213 -0.7038 0.2802 0.6509 0.0494 -0.626 -0.5568 0.4934 -0.2338 -0.9652 0.0421 -0.2383 -0.0994
-0.696 0.4576 0.3686 0.4127 -0.3083 0.6004 0.6572 -0.3356 -0.4922 0.493 0.2634 0.6673 -0.7302 -0.0728 0.6624 0.1512 -0.5905 0.4091 0.6451 0.2603 -0.7026 0.0366 0.6875 0.1798 -0.8984 -0.2293 -0.3023 0.2213 -0.7195 0.1782 0.6097 0.2806 -0.626 -0.5568 0.4934 -0.2338 -0.9652 0.0421 -0.2383 -0.0994
-0.696 0.4576 0.3686 0.4127 -0.3083 0.6004 0.6572 -0.3356 -0.4922 0.493 0.2634 0.6673 -0.7302 -0.0728 0.6624 0.1512 -0.5905 0.4091 0.6451 0.2603 -0.7026 0.0366 0.6875 0.1798 -0.8984 -0.2293 -0.3023 0.2213 -0.7195 0.1782 0.6097 0.2806 -0.626 -0.5568 0.4934 -0.2338 -0.9652 0.0421 -0.2383 -0.0994
-0.696 0.4576 0.3686 0.4127 -0.3083 0.6004 0.6572 -0.3356 -0.4922 0.493 0.2634 0.6673 -0.7302 -0.0728 0.6624 0.1512 -0.5905 0.4091 0.6451 0.2603 -0.7026 0.0366 0.6875 0.1798 -0.8984 -0.2293 -0.3023 0.2213 -0.7195 0.1782 0.6097 0.2806 -0.626 -0.5568 0.4934 -0.2338 -0.9652 0.0421 -0.2383 -0.0994
-0.6957 0.4568 0.3447 0.434 -0.3083 0.6004 0.6572 -0.3356 -0.4922 0.493 0.2634 0.6673 -0.7302 -0.0728 0.6624 0.1512 -0.5905 0.4091 0.6451 0.2603 -0.7026 0.0366 0.6875 0.1798 -0.8984 -0.2293 -0.3023 0.2213 -0.7195 0.1782 0.6097 0.2806 -0.626 -0.5568 0.4934 -0.2338 -0.9652 0.0421 -0.2383 -0.0994
-0.6957 0.4568 0.3447 0.434 -0.3083 0.6004 0.6572 -0.3356 -0.4922 0.493 0.2634 0.6673 -0.7302 -0.0728 0.6624 0.1512 -0.5905 0.4091 0.6451 0.2603 -0.7026 0.0366 0.6875 0.1798 -0.8984 -0.2293 -0.3023 0.2213 -0.7195 0.1782 0.6097 0.2806 -0.626 -0.5568 0.4934 -0.2338 -0.9652 0.0421 -0.2383 -0.0994
-0.6957 0.4568 0.3447 0.434 -0.3083 0.6004 0.6572 -0.3356 -0.4637 0.5205 0.2745 0.6623 -0.7302 -0.0728 0.6624 0.1512 -0.5905 0.4091 0.6451 0.2603 -0.7026 0.0366 0.6875 0.1798 -0.8984 -0.2293 -0.3023 0.2213 -0.7195 0.1782 0.6097 0.2806 -0.626 -0.5568 0.4934 -0.2338 -0.9652 0.0421 -0.2383 -0.0994
-0.6957 0.4568 0.3447 0.434 -0.3083 0.6004 0.6572 -0.3356 -0.4637 0.5205 0.2745 0.6623 -0.7302 -0.0728 0.6624 0.1512 -0.5905 0.4091 0.6451 0.2603 -0.7026 0.0366 0.6875 0.1798 -0.8807 -0.2394 -0.3348 0.2346 -0.7195 0.1782 0.6097 0.2806 -0.626 -0.5568 0.4934 -0.2338 -0.9652 0.0421 -0.2383 -0.0994
-0.6957 0.4568 0.3447 0.434 -0.3083 0.6004 0.6572 -0.3356 -0.4637 0.5205 0.2745 0.6623 -0.7302 -0.0728 0.6624 0.1512 -0.5905 0.4091 0.6451 0.2603 -0.7026 0.0366 0.6875 0.1798 -0.8807 -0.2394 -0.3348 0.2346 -0.7195 0.1782 0.6097 0.2806 -0.626 -0.5568 0.4934 -0.2338 -0.9652 0.0421 -0.2383 -0.0994
-0.6957 0.4568 0.3447 0.434 -0.3083 0.6004 0.6572 -0.3356 -0.4637 0.5205 0.2745 0.6623 -0.7302 -0.0728 0.6624 0.1512 -0.5905 0.4091 0.6451 0.2603 -0.7026 0.0366 0.6875 0.1798 -0.8807 -0.2394 -0.3348 0.2346 -0.7195 0.1782 0.6097 0.2806 -0.626 -0.5568 0.4934 -0.2338 -0.9652 0.0421 -0.2383 -0.0994
-0.6957 0.4568 0.3447 0.434 -0.3083 0.6004 0.6572 -0.3356 -0.4637 0.5205 0.2745 0.6623 -0.7302 -0.0728 0.6624 0.1512 -0.5905 0.4091 0.6451 0.2603 -0.7026 0.0366 0.6875 0.1798 -0.8807 -0.2394 -0.3348 0.2346 -0.7195 0.1782 0.6097 0.2806 -0.626 -0.5568 0.4934 -0.2338 -0.9652 0.0421 -0.2383 -0.0994
-0.6957 0.4568 0.3447 0.434 -0.3083 0.6004 0.6572 -0.3356 -0.4637 0.5205 0.2745 0.6623 -0.7302 -0.0728 0.6624 0.1512 -0.5905 0.4091 0.6451 0.2603 -0.7026 0.0366 0.6875 0.1798 -0.8807 -0.2394 -0.3348 0.2346 -0.7195 0.1782 0.6097 0.2806 -0.626 -0.5568 0.4934 -0.2338 -0.972 0.052 -0.2096 -0.0926
-0.694 0.4698 0.2944 0.4594 -0.3083 0.6004 0.6572 -0.3356 -0.4637 0.5205 0.2745 0.6623 -0.7302 -0.0728 0.6624 0.1512 -0.5905 0.4091 0.6451 0.2603 -0.7026 0.0366 0.6875 0.1798 -0.8807 -0.2394 -0.3348 0.2346 -0.7195 0.1782 0.6097 0.2806 -0.626 -0.5568 0.4934 -0.2338 -0.972 0.052 -0.2096 -0.0926
-0.694 0.4698 0.2944 0.4594 -0.3083 0.6004 0.6572 -0.3356 -0.4637 0.5205 0.2745 0.6623 -0.7302 -0.0728 0.6624 0.1512 -0.5905 0.4091 0.6451 0.2603 -0.7026 0.0366 0.6875 0.1798 -0.8807 -0.2394 -0.3348 0.2346 -0.7195 0.1782 0.6097 0.2806 -0.626 -0.5568 0.4934 -0.2338 -0.972 0.052 -0.2096 -0.0926
-0.694 0.4698 0.2944 0.4594 -0.3083 0.6004 0.6572 -0.3356 -0.426 0.5419 0.2834 0.6668 -0.7302 -0.0728 0.6624 0.1512 -0.5905 0.4091 0.6451 0.2603 -0.7026 0.0366 0.6875 0.1798 -0.8807 -0.2394 -0.3348 0.2346 -0.7195 0.1782 0.6097 0.2806 -0.626 -0.5568 0.4934 -0.2338 -0.972 0.052 -0.2096 -0.0926
-0.694 0.4698 0.2944 0.4594 -0.3083 0.6004 0.6572 -0.3356 -0.426 0.5419 0.2834 0.6668 -0.7302 -0.0728 0.6624 0.1512 -0.5905 0.4091 0.6451 0.2603 -0.7026 0.0366 0.6875 0.1798 -0.7675 -0.295 -0.5272 0.2145 -0.7195 0.1782 0.6097 0.2806 -0.626 -0.5568 0.4934 -0.2338 -0.972 0.052 -0.2096 -0.0926
-0.694 0.4698 0.2944 0.4594 -0.3624 0.635 0.6116 -0.3023 -0.426 0.5419 0.2834 0.6668 -0.7302 -0.0728 0.6624 0.1512 -0.5905 0.4091 0.6451 0.2603 -0.7026 0.0366 0.6875 0.1798 -0.7675 -0.295 -0.5272 0.2145 -0.7195 0.1782 0.6097 0.2806 -0.626 -0.5568 0.4934 -0.2338 -0.972 0.052 -0.2096 -0.0926
-0.694 0.4698 0.2944 0.4594 -0.3624 0.635 0.6116 -0.3023 -0.426 0.5419 0.2834 0.6668 -0.7302 -0.0728 0.6624 0.1512 -0.5905 0.4091 0.6451 0.2603 -0.7026 0.0366 0.6875 0.1798 -0.7675 -0.295 -0.5272 0.2145 -0.7195 0.1782 0.6097 0.2806 -0.626 -0.5568 0.4934 -0.2338 -0.972 0.052 -0.2096 -0.0926
-0.6772 0.467 0.2847 0.492 -0.3624 0.635 0.6116 -0.3023 -0.426 0.5419 0.2834 0.6668 -0.7302 -0.0728 0.6624 0.1512 -0.5905 0.4091 0.6451 0.2603 -0.7026 0.0366 0.6875 0.1798 -0.7675 -0.295 -0.5272 0.2145 -0.7195 0.1782 0.6097 0.2806 -0.626 -0.5568 0.4934 -0.2338 -0.9523 0.063 -0.2886 -0.0767
-0.6772 0.467 0.2847 0.492 -0.3624 0.635 0.6116 -0.3023 -0.426 0.5419 0.2834 0.6668 -0.7302 -0.0728 0.6624 0.1512 -0.5905 0.4091 0.6451 0.2603 -0.7026 0.0366 0.6875 0.1798 -0.7675 -0.295 -0.5272 0.2145 -0.7195 0.1782 0.6097 0.2806 -0.626 -0.5568 0.4934 -0.2338 -0.9523 0.063 -0.2886 -0.0767
-0.6772 0.467 0.2847 0.492 -0.3624 0.635 0.6116 -0.3023 -0.426 0.5419 0.2834 0.6668 -0.7302 -0.0728 0.6624 0.1512 -0.5905 0.4091 0.6451 0.2603 -0.7026 0.0366 0.6875 0.1798 -0.7675 -0.295 -0.5272 0.2145 -0.7195 0.1782 0.6097 0.2806 -0.626 -0.5568 0.4934 -0.2338 -0.9523 0.063 -0.2886 -0.0767
-0.6772 0.467 0.2847 0.492 -0.3624 0.635 0.6116 -0.3023 -0.426 0.5419 0.2834 0.6668 -0.7302 -0.0728 0.6624 0.1512 -0.5905 0.4091 0.6451 0.2603 -0.7026 0.0366 0.6875 0.1798 -0.7247 -0.225 -0.5808 0.2946 -0.7195 0.1782 0.6097 0.2806 -0.626 -0.5568 0.4934 -0.2338 -0.9523 0.063 -0.2886 -0.0767
-0.6772 0.467 0.2847 0.492 -0.3624 0.635 0.6116 -0.3023 -0.426 0.5419 0.2834 0.6668 -0.7302 -0.0728 0.6624 0.1512 -0.5905 0.4091 0.6451 0.2603 -0.7026 0.0366 0.6875 0.1798 -0.7247 -0.225 -0.5808 0.2946 -0.7195 0.1782 0.6097 0.2806 -0.626 -0.5568 0.4934 -0.2338 -0.9523 0.063 -0.2886 -0.0767
-0.6772 0.467 0.2847 0.492 -0.3624 0.635 0.6116 -0.3023 -0.426 0.5419 0.2834 0.6668 -0.7302 -0.0728 0.6624 0.1512 -0.5905 0.4091 0.6451 0.2603 -0.7026 0.0366 0.6875 0.1798 -0.7247 -0.225 -0.5808 0.2946 -0.7195 0.1782 0.6097 0.2806 -0.626 -0.5568 0.4934 -0.2338 -0.9523 0.063 -0.2886 -0.0767
-0.6772 0.467 0.2847 0.492 -0.3624 0.635 0.6116 -0.3023 -0.426 0.5419 0.2834 0.6668 -0.7302 -0.0728 0.6624 0.1512 -0.5905 0.4091 0.6451 0.2603 -0.7026 0.0366 0.6875 0.1798 -0.7247 -0.225 -0.5808 0.2946 -0.7195 0.1782 0.6097 0.2806 -0.626 -0.5568 0.4934 -0.2338 -0.9448 0.0768 -0.3096 -0.0749
-0.6536 0.4846 0.2637 0.5182 -0.3624 0.635 0.6116 -0.3023 -0.426 0.5419 0.2834 0.6668 -0.7302 -0.0728 0.6624 0.1512 -0.5905 0.4091 0.6451 0.2603 -0.7026 0.0366 0.6875 0.1798 -0.7247 -0.225 -0.5808 0.2946 -0.7195 0.1782 0.6097 0.2806 -0.626 -0.5568 0.4934 -0.2338 -0.9448 0.0768 -0.3096 -0.0749
-0.6536 0.4846 0.2637 0.5182 -0.3624 0.635 0.6116 -0.3023 -0.426 0.5419 0.2834 0.6668 -0.7302 -0.0728 0.6624 0.1512 -0.5905 0.4091 0.6451 0.2603 -0.7026 0.0366 0.6875 0.1798 -0.7247 -0.225 -0.5808 0.2946 -0.7195 0.1782 0.6097 0.2806 -0.626 -0.5568 0.4934 -0.2338 -0.9448 0.0768 -0.3096 -0.0749
-0.6536 0.4846 0.2637 0.5182 -0.3624 0.635 0.6116 -0.3023 -0.426 0.5419 0.2834 0.6668 -0.7302 -0.0728 0.6624 0.1512 -0.5905 0.4091 0.6451 0.2603 -0.7026 0.0366 0.6875 0.1798 -0.7247 -0.225 -0.5808 0.2946 -0.7195 0.1782 0.6097 0.2806 -0.626 -0.5568 0.4934 -0.2338 -0.9448 0.0768 -0.3096 -0.0749
-0.6536 0.4846 0.2637 0.5182 -0.3624 0.635 0.6116 -0.3023 -0.426 0.5419 0.2834 0.6668 -0.7302 -0.0728 0.6624 0.1512 -0.5905 0.4091 0.6451 0.2603 -0.7026 0.0366 0.6875 0.1798 -0.7247 -0.225 -0.5808 0.2946 -0.7195 0.1782 0.6097 0.2806 -0.626 -0.5568 0.4934 -0.2338 -0.9448 0.0768 -0.3096 -0.0749
-0.6536 0.4846 0.2637 0.5182 -0.3624 0.635 0.6116 -0.3023 -0.426 0.5419 0.2834 0.6668 -0.7302 -0.0728 0.6624 0.1512 -0.5905 0.4091 0.6451 0.2603 -0.7026 0.0366 0.6875 0.1798 -0.7247 -0.225 -0.5808 0.2946 -0.7195 0.1782 0.6097 0.2806 -0.626 -0.5568 0.4934 -0.2338 -0.9448 0.0768 -0.3096 -0.0749
-0.6536 0.4846 0.2637 0.5182 -0.3624 0.635 0.6116 -0.3023 -0.426 0.5419 0.2834 0.6668 -0.7302 -0.0728 0.6624 0.1512 -0.5905 0.4091 0.6451 0.2603 -0.7026 0.0366 0.6875 0.1798 -0.7247 -0.225 -0.5808 0.2946 -0.7195 0.1782 0.6097 0.2806 -0.626 -0.5568 0.4934 -0.2338 -0.9448 0.0768 -0.3096 -0.0749
-0.6536 0.4846 0.2637 0.5182 -0.3624 0.635 0.6116 -0.3023 -0.426 0.5419 0.2834 0.6668 -0.7302 -0.0728 0.6624 0.1512 -0.5905 0.4091 0.6451 0.2603 -0.7026 0.0366 0.6875 0.1798 -0.7247 -0.225 -0.5808 0.2946 -0.7195 0.1782 0.6097 0.2806 -0.626 -0.5568 0.4934 -0.2338 -0.9448 0.0768 -0.3096 -0.0749
-0.6536 0.4846 0.2637 0.5182 -0.3624 0.635 0.6116 -0.3023 -0.426 0.5419 0.2834 0.6668 -0.7302 -0.0728 0.6624 0.1512 -0.5905 0.4091 0.6451 0.2603 -0.7026 0.0366 0.6875 0.1798 -0.7247 -0.225 -0.5808 0.2946 -0.7195 0.1782 0.6097 0.2806 -0.626 -0.5568 0.4934 -0.2338 -0.9448 0.0768 -0.3096 -0.0749
-0.6365 0.489 0.2648 0.5345 -0.3624 0.635 0.6116 -0.3023 -0.426 0.5419 0.2834 0.6668 -0.7302 -0.0728 0.6624 0.1512 -0.5905 0.4091 0.6451 0.2603 -0.7026 0.0366 0.6875 0.1798 -0.7247 -0.225 -0.5808 0.2946 -0.7195 0.1782 0.6097 0.2806 -0.626 -0.5568 0.4934 -0.2338 -0.9448 0.0768 -0.3096 -0.0749
-0.6365 0.489 0.2648 0.5345 -0.3624 0.635 0.6116 -0.3023 -0.426 0.5419 0.2834 0.6668 -0.7302 -0.0728 0.6624 0.1512 -0.5905 0.4091 0.6451 0.2603 -0.7026 0.0366 0.6875 0.1798 -0.7247 -0.225 -0.5808 0.2946 -0.7195 0.1782 0.6097 0.2806 -0.626 -0.5568 0.4934 -0.2338 -0.9448 0.0768 -0.3096 -0.0749
-0.6365 0.489 0.2648 0.5345 -0.3624 0.635 0.6116 -0.3023 -0.426 0.5419 0.2834 0.6668 -0.7302 -0.0728 0.6624 0.1512 -0.5905 0.4091 0.6451 0.2603 -0.7026 0.0366 0.6875 0.1798 -0.7247 -0.225 -0.5808 0.2946 -0.7195 0.1782 0.6097 0.2806 -0.626 -0.5568 0.4934 -0.2338 -0.9448 0.0768 -0.3096 -0.0749
-0.6365 0.489 0.2648 0.5345 -0.3624 0.635 0.6116 -0.3023 -0.426 0.5419 0.2834 0.6668 -0.7302 -0.0728 0.6624 0.1512 -0.5905 0.4091 0.6451 0.2603 -0.7026 0.0366 0.6875 0.1798 -0.7247 -0.225 -0.5808 0.2946 -0.7195 0.1782 0.6097 0.2806 -0.626 -0.5568 0.4934 -0.2338 -0.9448 0.0768 -0.3096 -0.0749
-0.6365 0.489 0.2648 0.5345 -0.3624 0.635 0.6116 -0.3023 -0.426 0.5419 0.2834 0.6668 -0.7302 -0.0728 0.6624 0.1512 -0.5905 0.4091 0.6451 0.2603 -0.7026 0.0366 0.6875 0.1798 -0.7247 -0.225 -0.5808 0.2946 -0.7195 0.1782 0.6097 0.2806 -0.626 -0.5568 0.4934 -0.2338 -0.9448 0.0768 -0.3096 -0.0749
-0.6365 0.489 0.2648 0.5345 -0.3624 0.635 0.6116 -0.3023 -0.426 0.5419 0.2834 0.6668 -0.7302 -0.0728 0.6624 0.1512 -0.5905 0.4091 0.6451 0.2603 -0.7026 0.0366 0.6875 0.1798 -0.7247 -0.225 -0.5808 0.2946 -0.7195 0.1782 0.6097 0.2806 -0.626 -0.5568 0.4934 -0.2338 -0.9448 0.0768 -0.3096 -0.0749
-0.6365 0.489 0.2648 0.5345 -0.3624 0.635 0.6116 -0.3023 -0.426 0.5419 0.2834 0.6668 -0.7302 -0.0728 0.6624 0.1512 -0.5905 0.4091 0.6451 0.2603 -0.7026 0.0366 0.6875 0.1798 -0.7247 -0.225 -0.5808 0.2946 -0.7195 0.1782 0.6097 0.2806 -0.626 -0.5568 0.4934 -0.2338 -0.9381 0.0883 -0.3267 -0.074
-0.641 0.4744 0.2719 0.5387 -0.3624 0.635 0.6116 -0.3023 -0.426 0.5419 0.2834 0.6668 -0.7302 -0.0728 0.6624 0.1512 -0.5905 0.4091 0.6451 0.2603 -0.7026 0.0366 0.6875 0.1798 -0.7247 -0.225 -0.5808 0.2946 -0.7195 0.1782 0.6097 0.2806 -0.626 -0.5568 0.4934 -0.2338 -0.9381 0.0883 -0.3267 -0.074
-0.641 0.4744 0.2719 0.5387 -0.3624 0.635 0.6116 -0.3023 -0.426 0.5419 0.2834 0.6668 -0.7302 -0.0728 0.6624 0.1512 -0.5905 0.4091 0.6451 0.2603 -0.7026 0.0366 0.6875 0.1798 -0.7247 -0.225 -0.5808 0.2946 -0.7195 0.1782 0.6097 0.2806 -0.626 -0.5568 0.4934 -0.2338 -0.9381 0.0883 -0.3267 -0.074
-0.641 0.4744 0.2719 0.5387 -0.3624 0.635 0.6116 -0.3023 -0.426 0.5419 0.2834 0.6668 -0.7302 -0.0728 0.6624 0.1512 -0.5905 0.4091 0.6451 0.2603 -0.7026 0.0366 0.6875 0.1798 -0.7247 -0.225 -0.5808 0.2946 -0.7195 0.1782 0.6097 0.2806 -0.626 -0.5568 0.4934 -0.2338 -0.9381 0.0883 -0.3267 -0.074
-0.641 0.4744 0.2719 0.5387 -0.3624 0.635 0.6116 -0.3023 -0.426 0.5419 0.2834 0.6668 -0.6813 -0.0345 0.6815 0.2651 -0.5905 0.4091 0.6451 0.2603 -0.7026 0.0366 0.6875 0.1798 -0.7247 -0.225 -0.5808 0.2946 -0.7195 0.1782 0.6097 0.2806 -0.626 -0.5568 0.4934 -0.2338 -0.9381 0.0883 -0.3267 -0.074
-0.641 0.4744 0.2719 0.5387 -0.3647 0.6733 0.5869 -0.2632 -0.426 0.5419 0.2834 0.6668 -0.6813 -0.0345 0.6815 0.2651 -0.5905 0.4091 0.6451 0.2603 -0.7026 0.0366 0.6875 0.1798 -0.7247 -0.225 -0.5808 0.2946 -0.7195 0.1782 0.6097 0.2806 -0.626 -0.5568 0.4934 -0.2338 -0.9381 0.0883 -0.3267 -0.074
-0.641 0.4744 0.2719 0.5387 -0.3647 0.6733 0.5869 -0.2632 -0.426 0.5419 0.2834 0.6668 -0.6813 -0.0345 0.6815 0.2651 -0.5905 0.4091 0.6451 0.2603 -0.7026 0.0366 0.6875 0.1798 -0.7247 -0.225 -0.5808 0.2946 -0.7195 0.1782 0.6097 0.2806 -0.626 -0.5568 0.4934 -0.2338 -0.9318 0.0849 -0.3434 -0.0815
-0.641 0.4744 0.2719 0.5387 -0.3647 0.6733 0.5869 -0.2632 -0.426 0.5419 0.2834 0.6668 -0.6813 -0.0345 0.6815 0.2651 -0.5905 0.4091 0.6451 0.2603 -0.7026 0.0366 0.6875 0.1798 -0.7247 -0.225 -0.5808 0.2946 -0.7195 0.1782 0.6097 0.2806 -0.626 -0.5568 0.4934 -0.2338 -0.9318 0.0849 -0.3434 -0.0815
-0.641 0.4744 0.2719 0.5387 -0.3647 0.6733 0.5869 -0.2632 -0.426 0.5419 0.2834 0.6668 -0.6813 -0.0345 0.6815 0.2651 -0.5905 0.4091 0.6451 0.2603 -0.7026 0.0366 0.6875 0.1798 -0.7247 -0.225 -0.5808 0.2946 -0.7195 0.1782 0.6097 0.2806 -0.626 -0.5568 0.4934 -0.2338 -0.9318 0.0849 -0.3434 -0.0815
-0.641 0.4744 0.2719 0.5387 -0.3647 0.6733 0.5869 -0.2632 -0.426 0.5419 0.2834 0.6668 -0.6813 -0.0345 0.6815 0.2651 -0.5905 0.4091 0.6451 0.2603 -0.7026 0.0366 0.6875 0.1798 -0.7247 -0.225 -0.5808 0.2946 -0.7195 0.1782 0.6097 0.2806 -0.626 -0.5568 0.4934 -0.2338 -0.9318 0.0849 -0.3434 -0.0815
-0.641 0.4744 0.2719 0.5387 -0.3647 0.6733 0.5869 -0.2632 -0.426 0.5419 0.2834 0.6668 -0.6813 -0.0345 0.6815 0.2651 -0.5905 0.4091 0.6451 0.2603 -0.7026 0.0366 0.6875 0.1798 -0.7247 -0.225 -0.5808 0.2946 -0.7195 0.1782 0.6097 0.2806 -0.626 -0.5568 0.4934 -0.2338 -0.9318 0.0849 -0.3434 -0.0815
-0.641 0.4744 0.2719 0.5387 -0.3647 0.6733 0.5869 -0.2632 -0.426 0.5419 0.2834 0.6668 -0.6813 -0.0345 0.6815 0.2651 -0.5905 0.4091 0.6451 0.2603 -0.7026 0.0366 0.6875 0.1798 -0.7247 -0.225 -0.5808 0.2946 -0.7195 0.1782 0.6097 0.2806 -0.626 -0.5568 0.4934 -0.2338 -0.9318 0.0849 -0.3434 -0.0815
-0.641 0.4744 0.2719 0.5387 -0.3332 0.6572 0.6151 -0.2805 -0.426 0.5419 0.2834 0.6668 -0.6813 -0.0345 0.6815 0.2651 -0.5905 0.4091 0.6451 0.2603 -0.7026 0.0366 0.6875 0.1798 -0.7247 -0.225 -0.5808 0.2946 -0.7195 0.1782 0.6097 0.2806 -0.626 -0.5568 0.4934 -0.2338 -0.9318 0.0849 -0.3434 -0.0815
-0.641 0.4744 0.2719 0.5387 -0.3332 0.6572 0.6151 -0.2805 -0.426 0.5419 0.2834 0.6668 -0.6813 -0.0345 0.6815 0.2651 -0.5905 0.4091 0.6451 0.2603 -0.7026 0.0366 0.6875 0.1798 -0.7247 -0.225 -0.5808 0.2946 -0.7195 0.1782 0.6097 0.2806 -0.626 -0.5568 0.4934 -0.2338 -0.9318 0.0849 -0.3434 -0.0815
-0.641 0.4744 0.2719 0.5387 -0.3332 0.6572 0.6151 -0.2805 -0.426 0.5419 0.2834 0.6668 -0.6813 -0.0345 0.6815 0.2651 -0.5905 0.4091 0.6451 0.2603 -0.7026 0.0366 0.6875 0.1798 -0.7247 -0.225 -0.5808 0.2946 -0.7195 0.1782 0.6097 0.2806 -0.626 -0.5568 0.4934 -0.2338 -0.9318 0.0849 -0.3434 -0.0815
-0.641 0.4744 0.2719 0.5387 -0.3332 0.6572 0.6151 -0.2805 -0.426 0.5419 0.2834 0.6668 -0.6813 -0.0345 0.6815 0.2651 -0.5905 0.4091 0.6451 0.2603 -0.7026 0.0366 0.6875 0.1798 -0.7247 -0.225 -0.5808 0.2946 -0.7195 0.1782 0.6097 0.2806 -0.626 -0.5568 0.4934 -0.2338 -0.9318 0.0849 -0.3434 -0.0815
-0.641 0.4744 0.2719 0.5387 -0.3332 0.6572 0.6151 -0.2805 -0.426 0.5419 0.2834 0.6668 -0.6813 -0.0345 0.6815 0.2651 -0.5905 0.4091 0.6451 0.2603 -0.7026 0.0366 0.6875 0.1798 -0.7247 -0.225 -0.5808 0.2946 -0.7195 0.1782 0.6097 0.2806 -0.626 -0.5568 0.4934 -0.2338 -0.9318 0.0849 -0.3434 -0.0815
-0.641 0.4744 0.2719 0.5387 -0.3332 0.6572 0.6151 -0.2805 -0.426 0.5419 0.2834 0.6668 -0.7147 -0.0551 0.6688 0.1972 -0.5905 0.4091 0.6451 0.2603 -0.7026 0.0366 0.6875 0.1798 -0.7247 -0.225 -0.5808 0.2946 -0.7195 0.1782 0.6097 0.2806 -0.626 -0.5568 0.4934 -0.2338 -0.9318 0.0849 -0.3434 -0.0815
-0.641 0.4744 0.2719 0.5387 -0.3024 0.6317 0.6403 -0.3155 -0.426 0.5419 0.2834 0.6668 -0.7147 -0.0551 0.6688 0.1972 -0.5905 0.4091 0.6451 0.2603 -0.7026 0.0366 0.6875 0.1798 -0.7247 -0.225 -0.5808 0.2946 -0.7195 0.1782 0.6097 0.2806 -0.626 -0.5568 0.4934 -0.2338 -0.9318 0.0849 -0.3434 -0.0815
-0.641 0.4744 0.2719 0.5387 -0.3024 0.6317 0.6403 -0.3155 -0.426 0.5419 0.2834 0.6668 -0.7147 -0.0551 0.6688 0.1972 -0.5905 0.4091 0.6451 0.2603 -0.7026 0.0366 0.6875 0.1798 -0.7247 -0.225 -0.5808 0.2946 -0.7195 0.1782 0.6097 0.2806 -0.626 -0.5568 0.4934 -0.2338 -0.9318 0.0849 -0.3434 -0.0815
-0.641 0.4744 0.2719 0.5387 -0.3024 0.6317 0.6403 -0.3155 -0.426 0.5419 0.2834 0.6668 -0.7147 -0.0551 0.6688 0.1972 -0.5905 0.4091 0.6451 0.2603 -0.7026 0.0366 0.6875 0.1798 -0.7247 -0.225 -0.5808 0.2946 -0.7195 0.1782 0.6097 0.2806 -0.626 -0.5568 0.4934 -0.2338 -0.8535 0.1129 -0.5042 -0.0683
-0.641 0.4744 0.2719 0.5387 -0.3024 0.6317 0.6403 -0.3155 -0.426 0.5419 0.2834 0.6668 -0.7147 -0.0551 0.6688 0.1972 -0.5905 0.4091 0.6451 0.2603 -0.7026 0.0366 0.6875 0.1798 -0.7247 -0.225 -0.5808 0.2946 -0.7195 0.1782 0.6097 0.2806 -0.626 -0.5568 0.4934 -0.2338 -0.8535 0.1129 -0.5042 -0.0683
-0.6694 0.4703 0.3718 0.4388 -0.3024 0.6317 0.6403 -0.3155 -0.426 0.5419 0.2834 0.6668 -0.7147 -0.0551 0.6688 0.1972 -0.5905 0.4091 0.6451 0.2603 -0.7026 0.0366 0.6875 0.1798 -0.7247 -0.225 -0.5808 0.2946 -0.7195 0.1782 0.6097 0.2806 -0.626 -0.5568 0.4934 -0.2338 -0.8535 0.1129 -0.5042 -0.0683
-0.6694 0.4703 0.3718 0.4388 -0.3024 0.6317 0.6403 -0.3155 -0.426 0.5419 0.2834 0.6668 -0.7147 -0.0551 0.6688 0.1972 -0.58 0.4017 0.6534 0.2744 -0.7026 0.0366 0.6875 0.1798 -0.7247 -0.225 -0.5808 0.2946 -0.7195 0.1782 0.6097 0.2806 -0.5178 -0.258 0.5913 -0.5619 -0.8535 0.1129 -0.5042 -0.0683
-0.6694 0.4703 0.3718 0.4388 -0.3024 0.6317 0.6403 -0.3155 -0.426 0.5419 0.2834 0.6668 -0.7147 -0.0551 0.6688 0.1972 -0.58 0.4017 0.6534 0.2744 -0.7026 0.0366 0.6875 0.1798 -0.7247 -0.225 -0.5808 0.2946 -0.7195 0.1782 0.6097 0.2806 -0.5178 -0.258 0.5913 -0.5619 -0.8535 0.1129 -0.5042 -0.0683
-0.6694 0.4703 0.3718 0.4388 -0.3024 0.6317 0.6403 -0.3155 -0.426 0.5419 0.2834 0.6668 -0.7546 -0.0611 0.6384 0.1392 -0.58 0.4017 0.6534 0.2744 -0.7026 0.0366 0.6875 0.1798 -0.7247 -0.225 -0.5808 0.2946 -0.7195 0.1782 0.6097 0.2806 -0.5178 -0.258 0.5913 -0.5619 -0.8535 0.1129 -0.5042 -0.0683
-0.6694 0.4703 0.3718 0.4388 -0.2704 0.61 0.6605 -0.3442 -0.426 0.5419 0.2834 0.6668 -0.7546 -0.0611 0.6384 0.1392 -0.58 0.4017 0.6534 0.2744 -0.7026 0.0366 0.6875 0.1798 -0.7247 -0.225 -0.5808 0.2946 -0.7195 0.1782 0.6097 0.2806 -0.5178 -0.258 0.5913 -0.5619 -0.8535 0.1129 -0.5042 -0.0683
-0.6694 0.4703 0.3718 0.4388 -0.2704 0.61 0.6605 -0.3442 -0.426 0.5419 0.2834 0.6668 -0.7546 -0.0611 0.6384 0.1392 -0.58 0.4017 0.6534 0.2744 -0.7026 0.0366 0.6875 0.1798 -0.7247 -0.225 -0.5808 0.2946 -0.7195 0.1782 0.6097 0.2806 -0.5178 -0.258 0.5913 -0.5619 -0.8535 0.1129 -0.5042 -0.0683
-0.6694 0.4703 0.3718 0.4388 -0.2704 0.61 0.6605 -0.3442 -0.426 0.5419 0.2834 0.6668 -0.7546 -0.0611 0.6384 0.1392 -0.58 0.4017 0.6534 0.2744 -0.7026 0.0366 0.6875 0.1798 -0.7247 -0.225 -0.5808 0.2946 -0.7195 0.1782 0.6097 0.2806 -0.5178 -0.258 0.5913 -0.5619 -0.8535 0.1129 -0.5042 -0.0683
-0.6694 0.4703 0.3718 0.4388 -0.2704 0.61 0.6605 -0.3442 -0.426 0.5419 0.2834 0.6668 -0.7546 -0.0611 0.6384 0.1392 -0.58 0.4017 0.6534 0.2744 -0.7026 0.0366 0.6875 0.1798 -0.7247 -0.225 -0.5808 0.2946 -0.7195 0.1782 0.6097 0.2806 -0.5178 -0.258 0.5913 -0.5619 -0.8535 0.1129 -0.5042 -0.0683
-0.6694 0.4703 0.3718 0.4388 -0.2704 0.61 0.6605 -0.3442 -0.426 0.5419 0.2834 0.6668 -0.7546 -0.0611 0.6384 0.1392 -0.58 0.4017 0.6534 0.2744 -0.7026 0.0366 0.6875 0.1798 -0.7247 -0.225 -0.5808 0.2946 -0.7195 0.1782 0.6097 0.2806 -0.4861 -0.2961 0.5404 -0.6196 -0.8535 0.1129 -0.5042 -0.0683
-0.6694 0.4703 0.3718 0.4388 -0.2704 0.61 0.6605 -0.3442 -0.426 0.5419 0.2834 0.6668 -0.7546 -0.0611 0.6384 0.1392 -0.58 0.4017 0.6534 0.2744 -0.7026 0.0366 0.6875 0.1798 -0.7247 -0.225 -0.5808 0.2946 -0.7195 0.1782 0.6097 0.2806 -0.4861 -0.2961 0.5404 -0.6196 -0.8535 0.1129 -0.5042 -0.0683
-0.6694 0.4703 0.3718 0.4388 -0.2714 0.5892 0.6828 -0.3362 -0.426 0.5419 0.2834 0.6668 -0.7546 -0.0611 0.6384 0.1392 -0.58 0.4017 0.6534 0.2744 -0.7026 0.0366 0.6875 0.1798 -0.7247 -0.225 -0.5808 0.2946 -0.7195 0.1782 0.6097 0.2806 -0.4861 -0.2961 0.5404 -0.6196 -0.8535 0.1129 -0.5042 -0.0683
-0.6694 0.4703 0.3718 0.4388 -0.2714 0.5892 0.6828 -0.3362 -0.426 0.5419 0.2834 0.6668 -0.7546 -0.0611 0.6384 0.1392 -0.58 0.4017 0.6534 0.2744 -0.7026 0.0366 0.6875 0.1798 -0.7247 -0.225 -0.5808 0.2946 -0.7195 0.1782 0.6097 0.2806 -0.4861 -0.2961 0.5404 -0.6196 -0.8535 0.1129 -0.5042 -0.0683
-0.6694 0.4703 0.3718 0.4388 -0.2714 0.5892 0.6828 -0.3362 -0.426 0.5419 0.2834 0.6668 -0.7546 -0.0611 0.6384 0.1392 -0.58 0.4017 0.6534 0.2744 -0.7026 0.0366 0.6875 0.1798 -0.7247 -0.225 -0.5808 0.2946 -0.7195 0.1782 0.6097 0.2806 -0.4861 -0.2961 0.5404 -0.6196 -0.8922 0.1101 -0.4109 -0.1519
-0.6976 0.4355 0.4001 0.4044 -0.2714 0.5892 0.6828 -0.3362 -0.426 0.5419 0.2834 0.6668 -0.7546 -0.0611 0.6384 0.1392 -0.58 0.4017 0.6534 0.2744 -0.7026 0.0366 0.6875 0.1798 -0.7247 -0.225 -0.5808 0.2946 -0.7195 0.1782 0.6097 0.2806 -0.4861 -0.2961 0.5404 -0.6196 -0.8922 0.1101 -0.4109 -0.1519
-0.6976 0.4355 0.4001 0.4044 -0.2714 0.5892 0.6828 -0.3362 -0.426 0.5419 0.2834 0.6668 -0.7546 -0.0611 0.6384 0.1392 -0.554 0.3152 0.6996 0.3229 -0.7026 0.0366 0.6875 0.1798 -0.7247 -0.225 -0.5808 0.2946 -0.7195 0.1782 0.6097 0.2806 -0.4861 -0.2961 0.5404 -0.6196 -0.8922 0.1101 -0.4109 -0.1519
-0.6976 0.4355 0.4001 0.4044 -0.2714 0.5892 0.6828 -0.3362 -0.426 0.5419 0.2834 0.6668 -0.7546 -0.0611 0.6384 0.1392 -0.554 0.3152 0.6996 0.3229 -0.7026 0.0366 0.6875 0.1798 -0.7247 -0.225 -0.5808 0.2946 -0.7195 0.1782 0.6097 0.2806 -0.4861 -0.2961 0.5404 -0.6196 -0.8922 0.1101 -0.4109 -0.1519
-0.6976 0.4355 0.4001 0.4044 -0.2714 0.5892 0.6828 -0.3362 -0.426 0.5419 0.2834 0.6668 -0.7546 -0.0611 0.6384 0.1392 -0.554 0.3152 0.6996 0.3229 -0.7026 0.0366 0.6875 0.1798 -0.7247 -0.225 -0.5808 0.2946 -0.7195 0.1782 0.6097 0.2806 -0.4861 -0.2961 0.5404 -0.6196 -0.8922 0.1101 -0.4109 -0.1519
-0.6976 0.4355 0.4001 0.4044 -0.2714 0.5892 0.6828 -0.3362 -0.426 0.5419 0.2834 0.6668 -0.7546 -0.0611 0.6384 0.1392 -0.554 0.3152 0.6996 0.3229 -0.7026 0.0366 0.6875 0.1798 -0.7247 -0.225 -0.5808 0.2946 -0.7195 0.1782 0.6097 0.2806 -0.4861 -0.2961 0.5404 -0.6196 -0.8922 0.1101 -0.4109 -0.1519
-0.6976 0.4355 0.4001 0.4044 -0.2714 0.5892 0.6828 -0.3362 -0.426 0.5419 0.2834 0.6668 -0.7546 -0.0611 0.6384 0.1392 -0.554 0.3152 0.6996 0.3229 -0.7026 0.0366 0.6875 0.1798 -0.7247 -0.225 -0.5808 0.2946 -0.7195 0.1782 0.6097 0.2806 -0.4861 -0.2961 0.5404 -0.6196 -0.8922 0.1101 -0.4109 -0.1519
-0.6976 0.4355 0.4001 0.4044 -0.2714 0.5892 0.6828 -0.3362 -0.426 0.5419 0.2834 0.6668 -0.7546 -0.0611 0.6384 0.1392 -0.554 0.3152 0.6996 0.3229 -0.7026 0.0366 0.6875 0.1798 -0.7247 -0.225 -0.5808 0.2946 -0.7195 0.1782 0.6097 0.2806 -0.4861 -0.2961 0.5404 -0.6196 -0.9499 0.08 -0.264 -0.1472
-0.6976 0.4355 0.4001 0.4044 -0.2714 0.5892 0.6828 -0.3362 -0.426 0.5419 0.2834 0.6668 -0.7546 -0.0611 0.6384 0.1392 -0.554 0.3152 0.6996 0.3229 -0.7026 0.0366 0.6875 0.1798 -0.7247 -0.225 -0.5808 0.2946 -0.7195 0.1782 0.6097 0.2806 -0.4861 -0.2961 0.5404 -0.6196 -0.9499 0.08 -0.264 -0.1472
-0.6976 0.4355 0.4001 0.4044 -0.2714 0.5892 0.6828 -0.3362 -0.426 0.5419 0.2834 0.6668 -0.7546 -0.0611 0.6384 0.1392 -0.554 0.3152 0.6996 0.3229 -0.7026 0.0366 0.6875 0.1798 -0.7247 -0.225 -0.5808 0.2946 -0.7195 0.1782 0.6097 0.2806 -0.4861 -0.2961 0.5404 -0.6196 -0.9499 0.08 -0.264 -0.1472
-0.6976 0.4355 0.4001 0.4044 -0.2714 0.5892 0.6828 -0.3362 -0.426 0.5419 0.2834 0.6668 -0.7546 -0.0611 0.6384 0.1392 -0.554 0.3152 0.6996 0.3229 -0.7026 0.0366 0.6875 0.1798 -0.7247 -0.225 -0.5808 0.2946 -0.7195 0.1782 0.6097 0.2806 -0.4861 -0.2961 0.5404 -0.6196 -0.9499 0.08 -0.264 -0.1472
-0.6976 0.4355 0.4001 0.4044 -0.2714 0.5892 0.6828 -0.3362 -0.426 0.5419 0.2834 0.6668 -0.7546 -0.0611 0.6384 0.1392 -0.554 0.3152 0.6996 0.3229 -0.7026 0.0366 0.6875 0.1798 -0.9172 -0.2086 -0.2806 0.191 -0.7195 0.1782 0.6097 0.2806 -0.4861 -0.2961 0.5404 -0.6196 -0.9499 0.08 -0.264 -0.1472
-0.6976 0.4355 0.4001 0.4044 -0.2714 0.5892 0.6828 -0.3362 -0.426 0.5419 0.2834 0.6668 -0.7546 -0.0611 0.6384 0.1392 -0.554 0.3152 0.6996 0.3229 -0.7026 0.0366 0.6875 0.1798 -0.9172 -0.2086 -0.2806 0.191 -0.7195 0.1782 0.6097 0.2806 -0.4861 -0.2961 0.5404 -0.6196 -0.9499 0.08 -0.264 -0.1472
-0.6976 0.4355 0.4001 0.4044 -0.3049 0.5655 0.6941 -0.3248 -0.426 0.5419 0.2834 0.6668 -0.7546 -0.0611 0.6384 0.1392 -0.554 0.3152 0.6996 0.3229 -0.7026 0.0366 0.6875 0.1798 -0.9172 -0.2086 -0.2806 0.191 -0.7195 0.1782 0.6097 0.2806 -0.4861 -0.2961 0.5404 -0.6196 -0.9854 0.0377 -0.1252 -0.1093
-0.6976 0.4355 0.4001 0.4044 -0.3049 0.5655 0.6941 -0.3248 -0.426 0.5419 0.2834 0.6668 -0.7546 -0.0611 0.6384 0.1392 -0.554 0.3152 0.6996 0.3229 -0.7026 0.0366 0.6875 0.1798 -0.9172 -0.2086 -0.2806 0.191 -0.7195 0.1782 0.6097 0.2806 -0.4861 -0.2961 0.5404 -0.6196 -0.9854 0.0377 -0.1252 -0.1093
-0.7264 0.4171 0.3561 0.4142 -0.3049 0.5655 0.6941 -0.3248 -0.426 0.5419 0.2834 0.6668 -0.7546 -0.0611 0.6384 0.1392 -0.554 0.3152 0.6996 0.3229 -0.7026 0.0366 0.6875 0.1798 -0.9172 -0.2086 -0.2806 0.191 -0.7195 0.1782 0.6097 0.2806 -0.4861 -0.2961 0.5404 -0.6196 -0.9854 0.0377 -0.1252 -0.1093
-0.7264 0.4171 0.3561 0.4142 -0.3049 0.5655 0.6941 -0.3248 -0.426 0.5419 0.2834 0.6668 -0.7546 -0.0611 0.6384 0.1392 -0.554 0.3152 0.6996 0.3229 -0.7026 0.0366 0.6875 0.1798 -0.9172 -0.2086 -0.2806 0.191 -0.7195 0.1782 0.6097 0.2806 -0.4861 -0.2961 0.5404 -0.6196 -0.9854 0.0377 -0.1252 -0.1093
-0.7264 0.4171 0.3561 0.4142 -0.3049 0.5655 0.6941 -0.3248 -0.426 0.5419 0.2834 0.6668 -0.7546 -0.0611 0.6384 0.1392 -0.554 0.3152 0.6996 0.3229 -0.7026 0.0366 0.6875 0.1798 -0.9172 -0.2086 -0.2806 0.191 -0.7195 0.1782 0.6097 0.2806 -0.4861 -0.2961 0.5404 -0.6196 -0.9854 0.0377 -0.1252 -0.1093
-0.7264 0.4171 0.3561 0.4142 -0.3049 0.5655 0.6941 -0.3248 -0.426 0.5419 0.2834 0.6668 -0.7546 -0.0611 0.6384 0.1392 -0.554 0.3152 0.6996 0.3229 -0.7026 0.0366 0.6875 0.1798 -0.9172 -0.2086 -0.2806 0.191 -0.7195 0.1782 0.6097 0.2806 -0.4861 -0.2961 0.5404 -0.6196 -0.9854 0.0377 -0.1252 -0.1093
-0.7264 0.4171 0.3561 0.4142 -0.3402 0.574 0.6755 -0.314 -0.426 0.5419 0.2834 0.6668 -0.7462 -0.1132 0.6541 0.0508 -0.554 0.3152 0.6996 0.3229 -0.7026 0.0366 0.6875 0.1798 -0.9172 -0.2086 -0.2806 0.191 -0.7195 0.1782 0.6097 0.2806 -0.4861 -0.2961 0.5404 -0.6196 -0.9854 0.0377 -0.1252 -0.1093
-0.7264 0.4171 0.3561 0.4142 -0.3402 0.574 0.6755 -0.314 -0.426 0.5419 0.2834 0.6668 -0.7462 -0.1132 0.6541 0.0508 -0.554 0.3152 0.6996 0.3229 -0.7026 0.0366 0.6875 0.1798 -0.9172 -0.2086 -0.2806 0.191 -0.7195 0.1782 0.6097 0.2806 -0.4861 -0.2961 0.5404 -0.6196 -0.9854 0.0377 -0.1252 -0.1093
-0.7264 0.4171 0.3561 0.4142 -0.3402 0.574 0.6755 -0.314 -0.426 0.5419 0.2834 0.6668 -0.7462 -0.1132 0.6541 0.0508 -0.554 0.3152 0.6996 0.3229 -0.7026 0.0366 0.6875 0.1798 -0.9172 -0.2086 -0.2806 0.191 -0.7195 0.1782 0.6097 0.2806 -0.4861 -0.2961 0.5404 -0.6196 -0.9677 0.0663 -0.2271 -0.0878
-0.7264 0.4171 0.3561 0.4142 -0.3402 0.574 0.6755 -0.314 -0.426 0.5419 0.2834 0.6668 -0.7462 -0.1132 0.6541 0.0508 -0.554 0.3152 0.6996 0.3229 -0.7026 0.0366 0.6875 0.1798 -0.9172 -0.2086 -0.2806 0.191 -0.7195 0.1782 0.6097 0.2806 -0.4861 -0.2961 0.5404 -0.6196 -0.9677 0.0663 -0.2271 -0.0878
-0.7264 0.4171 0.3561 0.4142 -0.3402 0.574 0.6755 -0.314 -0.426 0.5419 0.2834 0.6668 -0.7462 -0.1132 0.6541 0.0508 -0.554 0.3152 0.6996 0.3229 -0.7026 0.0366 0.6875 0.1798 -0.9172 -0.2086 -0.2806 0.191 -0.7195 0.1782 0.6097 0.2806 -0.4861 -0.2961 0.5404 -0.6196 -0.9677 0.0663 -0.2271 -0.0878
-0.7264 0.4171 0.3561 0.4142 -0.3402 0.574 0.6755 -0.314 -0.5002 0.5228 0.3178 0.6128 -0.7462 -0.1132 0.6541 0.0508 -0.554 0.3152 0.6996 0.3229 -0.7441 -0.0124 0.6157 0.2589 -0.9172 -0.2086 -0.2806 0.191 -0.7195 0.1782 0.6097 0.2806 -0.4861 -0.2961 0.5404 -0.6196 -0.9677 0.0663 -0.2271 -0.0878
-0.7264 0.4171 0.3561 0.4142 -0.3402 0.574 0.6755 -0.314 -0.5002 0.5228 0.3178 0.6128 -0.749 -0.0626 0.657 0.0587 -0.554 0.3152 0.6996 0.3229 -0.7441 -0.0124 0.6157 0.2589 -0.9172 -0.2086 -0.2806 0.191 -0.7195 0.1782 0.6097 0.2806 -0.4861 -0.2961 0.5404 -0.6196 -0.9677 0.0663 -0.2271 -0.0878
-0.7264 0.4171 0.3561 0.4142 -0.3402 0.574 0.6755 -0.314 -0.5002 0.5228 0.3178 0.6128 -0.749 -0.0626 0.657 0.0587 -0.554 0.3152 0.6996 0.3229 -0.7441 -0.0124 0.6157 0.2589 -0.9172 -0.2086 -0.2806 0.191 -0.7195 0.1782 0.6097 0.2806 -0.4861 -0.2961 0.5404 -0.6196 -0.9677 0.0663 -0.2271 -0.0878
-0.7264 0.4171 0.3561 0.4142 -0.3573 0.6047 0.6556 -0.2772 -0.5002 0.5228 0.3178 0.6128 -0.749 -0.0626 0.657 0.0587 -0.554 0.3152 0.6996 0.3229 -0.7441 -0.0124 0.6157 0.2589 -0.9172 -0.2086 -0.2806 0.191 -0.7195 0.1782 0.6097 0.2806 -0.4861 -0.2961 0.5404 -0.6196 -0.9677 0.0663 -0.2271 -0.0878
-0.7264 0.4171 0.3561 0.4142 -0.3573 0.6047 0.6556 -0.2772 -0.5002 0.5228 0.3178 0.6128 -0.749 -0.0626 0.657 0.0587 -0.554 0.3152 0.6996 0.3229 -0.7441 -0.0124 0.6157 0.2589 -0.9172 -0.2086 -0.2806 0.191 -0.7195 0.1782 0.6097 0.2806 -0.4861 -0.2961 0.5404 -0.6196 -0.9677 0.0663 -0.2271 -0.0878
-0.7264 0.4171 0.3561 0.4142 -0.3573 0.6047 0.6556 -0.2772 -0.5002 0.5228 0.3178 0.6128 -0.749 -0.0626 0.657 0.0587 -0.554 0.3152 0.6996 0.3229 -0.7441 -0.0124 0.6157 0.2589 -0.9172 -0.2086 -0.2806 0.191 -0.7195 0.1782 0.6097 0.2806 -0.4861 -0.2961 0.5404 -0.6196 -0.9443 0.0849 -0.306 -0.0864
-0.7017 0.423 0.3066 0.4845 -0.3573 0.6047 0.6556 -0.2772 -0.5002 0.5228 0.3178 0.6128 -0.749 -0.0626 0.657 0.0587 -0.554 0.3152 0.6996 0.3229 -0.7441 -0.0124 0.6157 0.2589 -0.9172 -0.2086 -0.2806 0.191 -0.7195 0.1782 0.6097 0.2806 -0.4861 -0.2961 0.5404 -0.6196 -0.9443 0.0849 -0.306 -0.0864
-0.7017 0.423 0.3066 0.4845 -0.3573 0.6047 0.6556 -0.2772 -0.5002 0.5228 0.3178 0.6128 -0.749 -0.0626 0.657 0.0587 -0.554 0.3152 0.6996 0.3229 -0.7441 -0.0124 0.6157 0.2589 -0.9172 -0.2086 -0.2806 0.191 -0.7195 0.1782 0.6097 0.2806 -0.4861 -0.2961 0.5404 -0.6196 -0.9443 0.0849 -0.306 -0.0864
-0.7017 0.423 0.3066 0.4845 -0.3573 0.6047 0.6556 -0.2772 -0.5002 0.5228 0.3178 0.6128 -0.749 -0.0626 0.657 0.0587 -0.554 0.3152 0.6996 0.3229 -0.7441 -0.0124 0.6157 0.2589 -0.9172 -0.2086 -0.2806 0.191 -0.7195 0.1782 0.6097 0.2806 -0.4861 -0.2961 0.5404 -0.6196 -0.9443 0.0849 -0.306 -0.0864
-0.7017 0.423 0.3066 0.4845 -0.3573 0.6047 0.6556 -0.2772 -0.5002 0.5228 0.3178 0.6128 -0.7234 -0.0525 0.6745 0.1376 -0.554 0.3152 0.6996 0.3229 -0.7441 -0.0124 0.6157 0.2589 -0.9172 -0.2086 -0.2806 0.191 -0.7195 0.1782 0.6097 0.2806 -0.4861 -0.2961 0.5404 -0.6196 -0.9443 0.0849 -0.306 -0.0864
-0.7017 0.423 0.3066 0.4845 -0.3677 0.6095 0.6463 -0.275 -0.5002 0.5228 0.3178 0.6128 -0.7234 -0.0525 0.6745 0.1376 -0.554 0.3152 0.6996 0.3229 -0.7441 -0.0124 0.6157 0.2589 -0.9172 -0.2086 -0.2806 0.191 -0.7195 0.1782 0.6097 0.2806 -0.4861 -0.2961 0.5404 -0.6196 -0.9443 0.0849 -0.306 -0.0864
-0.7017 0.423 0.3066 0.4845 -0.3677 0.6095 0.6463 -0.275 -0.5002 0.5228 0.3178 0.6128 -0.7234 -0.0525 0.6745 0.1376 -0.554 0.3152 0.6996 0.3229 -0.7441 -0.0124 0.6157 0.2589 -0.9172 -0.2086 -0.2806 0.191 -0.7195 0.1782 0.6097 0.2806 -0.4861 -0.2961 0.5404 -0.6196 -0.9363 0.098 -0.3272 -0.082
-0.6985 0.4222 0.2988 0.4944 -0.3677 0.6095 0.6463 -0.275 -0.5002 0.5228 0.3178 0.6128 -0.7234 -0.0525 0.6745 0.1376 -0.554 0.3152 0.6996 0.3229 -0.7441 -0.0124 0.6157 0.2589 -0.9172 -0.2086 -0.2806 0.191 -0.7195 0.1782 0.6097 0.2806 -0.4861 -0.2961 0.5404 -0.6196 -0.9363 0.098 -0.3272 -0.082
-0.6985 0.4222 0.2988 0.4944 -0.3677 0.6095 0.6463 -0.275 -0.5002 0.5228 0.3178 0.6128 -0.7234 -0.0525 0.6745 0.1376 -0.6348 0.3191 0.5837 0.3931 -0.7441 -0.0124 0.6157 0.2589 -0.9172 -0.2086 -0.2806 0.191 -0.7195 0.1782 0.6097 0.2806 -0.4861 -0.2961 0.5404 -0.6196 -0.9363 0.098 -0.3272 -0.082
-0.6985 0.4222 0.2988 0.4944 -0.3677 0.6095 0.6463 -0.275 -0.5002 0.5228 0.3178 0.6128 -0.7234 -0.0525 0.6745 0.1376 -0.6348 0.3191 0.5837 0.3931 -0.7441 -0.0124 0.6157 0.2589 -0.9172 -0.2086 -0.2806 0.191 -0.7195 0.1782 0.6097 0.2806 -0.5938 -0.4581 0.5861 -0.3068 -0.9363 0.098 -0.3272 -0.082
-0.6985 0.4222 0.2988 0.4944 -0.3677 0.6095 0.6463 -0.275 -0.5002 0.5228 0.3178 0.6128 -0.7234 -0.0525 0.6745 0.1376 -0.6348 0.3191 0.5837 0.3931 -0.7441 -0.0124 0.6157 0.2589 -0.8913 -0.1848 -0.3428 0.2321 -0.7195 0.1782 0.6097 0.2806 -0.5938 -0.4581 0.5861 -0.3068 -0.9363 0.098 -0.3272 -0.082
-0.6985 0.4222 0.2988 0.4944 -0.3677 0.6095 0.6463 -0.275 -0.5002 0.5228 0.3178 0.6128 -0.7234 -0.0525 0.6745 0.1376 -0.6348 0.3191 0.5837 0.3931 -0.7441 -0.0124 0.6157 0.2589 -0.8913 -0.1848 -0.3428 0.2321 -0.7195 0.1782 0.6097 0.2806 -0.5938 -0.4581 0.5861 -0.3068 -0.9363 0.098 -0.3272 -0.082
-0.6985 0.4222 0.2988 0.4944 -0.3605 0.6183 0.6462 -0.2649 -0.5002 0.5228 0.3178 0.6128 -0.7234 -0.0525 0.6745 0.1376 -0.6348 0.3191 0.5837 0.3931 -0.7441 -0.0124 0.6157 0.2589 -0.8913 -0.1848 -0.3428 0.2321 -0.7195 0.1782 0.6097 0.2806 -0.5938 -0.4581 0.5861 -0.3068 -0.9363 0.098 -0.3272 -0.082
-0.6985 0.4222 0.2988 0.4944 -0.3605 0.6183 0.6462 -0.2649 -0.5002 0.5228 0.3178 0.6128 -0.7234 -0.0525 0.6745 0.1376 -0.6348 0.3191 0.5837 0.3931 -0.7441 -0.0124 0.6157 0.2589 -0.8913 -0.1848 -0.3428 0.2321 -0.7195 0.1782 0.6097 0.2806 -0.5938 -0.4581 0.5861 -0.3068 -0.933 0.0992 -0.3365 -0.0793
-0.6952 0.4192 0.3054 0.4977 -0.3605 0.6183 0.6462 -0.2649 -0.5002 0.5228 0.3178 0.6128 -0.7234 -0.0525 0.6745 0.1376 -0.6348 0.3191 0.5837 0.3931 -0.7441 -0.0124 0.6157 0.2589 -0.8913 -0.1848 -0.3428 0.2321 -0.7195 0.1782 0.6097 0.2806 -0.5938 -0.4581 0.5861 -0.3068 -0.933 0.0992 -0.3365 -0.0793
-0.6952 0.4192 0.3054 0.4977 -0.3605 0.6183 0.6462 -0.2649 -0.5002 0.5228 0.3178 0.6128 -0.7234 -0.0525 0.6745 0.1376 -0.6348 0.3191 0.5837 0.3931 -0.7441 -0.0124 0.6157 0.2589 -0.8913 -0.1848 -0.3428 0.2321 -0.7195 0.1782 0.6097 0.2806 -0.5938 -0.4581 0.5861 -0.3068 -0.933 0.0992 -0.3365 -0.0793
-0.6952 0.4192 0.3054 0.4977 -0.3605 0.6183 0.6462 -0.2649 -0.5002 0.5228 0.3178 0.6128 -0.7234 -0.0525 0.6745 0.1376 -0.6348 0.3191 0.5837 0.3931 -0.7441 -0.0124 0.6157 0.2589 -0.8913 -0.1848 -0.3428 0.2321 -0.7195 0.1782 0.6097 0.2806 -0.5938 -0.4581 0.5861 -0.3068 -0.933 0.0992 -0.3365 -0.0793
-0.6952 0.4192 0.3054 0.4977 -0.3605 0.6183 0.6462 -0.2649 -0.5002 0.5228 0.3178 0.6128 -0.7234 -0.0525 0.6745 0.1376 -0.6348 0.3191 0.5837 0.3931 -0.7441 -0.0124 0.6157 0.2589 -0.8913 -0.1848 -0.3428 0.2321 -0.7195 0.1782 0.6097 0.2806 -0.5938 -0.4581 0.5861 -0.3068 -0.933 0.0992 -0.3365 -0.0793
-0.6952 0.4192 0.3054 0.4977 -0.3605 0.6183 0.6462 -0.2649 -0.5002 0.5228 0.3178 0.6128 -0.6896 -0.1549 0.6812 0.1908 -0.6348 0.3191 0.5837 0.3931 -0.7441 -0.0124 0.6157 0.2589 -0.8913 -0.1848 -0.3428 0.2321 -0.7195 0.1782 0.6097 0.2806 -0.5938 -0.4581 0.5861 -0.3068 -0.933 0.0992 -0.3365 -0.0793
-0.6952 0.4192 0.3054 0.4977 -0.3548 0.6105 0.6601 -0.2561 -0.5002 0.5228 0.3178 0.6128 -0.6896 -0.1549 0.6812 0.1908 -0.6348 0.3191 0.5837 0.3931 -0.7441 -0.0124 0.6157 0.2589 -0.8913 -0.1848 -0.3428 0.2321 -0.7195 0.1782 0.6097 0.2806 -0.5938 -0.4581 0.5861 -0.3068 -0.933 0.0992 -0.3365 -0.0793
-0.6952 0.4192 0.3054 0.4977 -0.3548 0.6105 0.6601 -0.2561 -0.5002 0.5228 0.3178 0.6128 -0.6896 -0.1549 0.6812 0.1908 -0.6348 0.3191 0.5837 0.3931 -0.7441 -0.0124 0.6157 0.2589 -0.8913 -0.1848 -0.3428 0.2321 -0.7195 0.1782 0.6097 0.2806 -0.5938 -0.4581 0.5861 -0.3068 -0.933 0.0992 -0.3365 -0.0793
-0.6952 0.4192 0.3054 0.4977 -0.3548 0.6105 0.6601 -0.2561 -0.5002 0.5228 0.3178 0.6128 -0.6896 -0.1549 0.6812 0.1908 -0.6348 0.3191 0.5837 0.3931 -0.7441 -0.0124 0.6157 0.2589 -0.8913 -0.1848 -0.3428 0.2321 -0.7195 0.1782 0.6097 0.2806 -0.5938 -0.4581 0.5861 -0.3068 -0.931 0.1005 -0.3423 -0.0776
-0.6952 0.4192 0.3054 0.4977 -0.3548 0.6105 0.6601 -0.2561 -0.5002 0.5228 0.3178 0.6128 -0.6896 -0.1549 0.6812 0.1908 -0.6348 0.3191 0.5837 0.3931 -0.7441 -0.0124 0.6157 0.2589 -0.8913 -0.1848 -0.3428 0.2321 -0.7195 0.1782 0.6097 0.2806 -0.5938 -0.4581 0.5861 -0.3068 -0.931 0.1005 -0.3423 -0.0776
-0.6952 0.4192 0.3054 0.4977 -0.3548 0.6105 0.6601 -0.2561 -0.4661 0.5015 0.2762 0.6745 -0.6896 -0.1549 0.6812 0.1908 -0.6033 0.3732 0.6309 0.3143 -0.7441 -0.0124 0.6157 0.2589 -0.8913 -0.1848 -0.3428 0.2321 -0.7195 0.1782 0.6097 0.2806 -0.5938 -0.4581 0.5861 -0.3068 -0.931 0.1005 -0.3423 -0.0776
-0.6952 0.4192 0.3054 0.4977 -0.3548 0.6105 0.6601 -0.2561 -0.4661 0.5015 0.2762 0.6745 -0.6896 -0.1549 0.6812 0.1908 -0.6033 0.3732 0.6309 0.3143 -0.7441 -0.0124 0.6157 0.2589 -0.8913 -0.1848 -0.3428 0.2321 -0.7195 0.1782 0.6097 0.2806 -0.5786 -0.4598 0.5876 -0.3292 -0.931 0.1005 -0.3423 -0.0776
-0.6952 0.4192 0.3054 0.4977 -0.3548 0.6105 0.6601 -0.2561 -0.4661 0.5015 0.2762 0.6745 -0.6854 -0.1717 0.6844 0.1797 -0.6033 0.3732 0.6309 0.3143 -0.7441 -0.0124 0.6157 0.2589 -0.8913 -0.1848 -0.3428 0.2321 -0.7195 0.1782 0.6097 0.2806 -0.5786 -0.4598 0.5876 -0.3292 -0.931 0.1005 -0.3423 -0.0776
-0.6952 0.4192 0.3054 0.4977 -0.3476 0.5853 0.6851 -0.2596 -0.4661 0.5015 0.2762 0.6745 -0.6854 -0.1717 0.6844 0.1797 -0.6033 0.3732 0.6309 0.3143 -0.7441 -0.0124 0.6157 0.2589 -0.8913 -0.1848 -0.3428 0.2321 -0.7195 0.1782 0.6097 0.2806 -0.5786 -0.4598 0.5876 -0.3292 -0.931 0.1005 -0.3423 -0.0776
-0.6952 0.4192 0.3054 0.4977 -0.3476 0.5853 0.6851 -0.2596 -0.4661 0.5015 0.2762 0.6745 -0.6854 -0.1717 0.6844 0.1797 -0.6033 0.3732 0.6309 0.3143 -0.7441 -0.0124 0.6157 0.2589 -0.8913 -0.1848 -0.3428 0.2321 -0.7195 0.1782 0.6097 0.2806 -0.5786 -0.4598 0.5876 -0.3292 -0.931 0.1005 -0.3423 -0.0776
-0.6952 0.4192 0.3054 0.4977 -0.3476 0.5853 0.6851 -0.2596 -0.4661 0.5015 0.2762 0.6745 -0.6854 -0.1717 0.6844 0.1797 -0.6033 0.3732 0.6309 0.3143 -0.7441 -0.0124 0.6157 0.2589 -0.8913 -0.1848 -0.3428 0.2321 -0.7195 0.1782 0.6097 0.2806 -0.5786 -0.4598 0.5876 -0.3292 -0.9315 0.0994 -0.3408 -0.079
-0.7292 0.3767 0.3367 0.4614 -0.3476 0.5853 0.6851 -0.2596 -0.4927 0.4992 0.2985 0.6472 -0.6854 -0.1717 0.6844 0.1797 -0.6033 0.3732 0.6309 0.3143 -0.7441 -0.0124 0.6157 0.2589 -0.8913 -0.1848 -0.3428 0.2321 -0.7195 0.1782 0.6097 0.2806 -0.5786 -0.4598 0.5876 -0.3292 -0.9315 0.0994 -0.3408 -0.079
-0.7292 0.3767 0.3367 0.4614 -0.3476 0.5853 0.6851 -0.2596 -0.4927 0.4992 0.2985 0.6472 -0.6854 -0.1717 0.6844 0.1797 -0.6033 0.3732 0.6309 0.3143 -0.7441 -0.0124 0.6157 0.2589 -0.8913 -0.1848 -0.3428 0.2321 -0.7195 0.1782 0.6097 0.2806 -0.5786 -0.4598 0.5876 -0.3292 -0.9315 0.0994 -0.3408 -0.079
-0.7292 0.3767 0.3367 0.4614 -0.3476 0.5853 0.6851 -0.2596 -0.4927 0.4992 0.2985 0.6472 -0.7051 -0.1838 0.6743 0.1202 -0.6033 0.3732 0.6309 0.3143 -0.7441 -0.0124 0.6157 0.2589 -0.8913 -0.1848 -0.3428 0.2321 -0.7195 0.1782 0.6097 0.2806 -0.5786 -0.4598 0.5876 -0.3292 -0.9315 0.0994 -0.3408 -0.079
-0.7292 0.3767 0.3367 0.4614 -0.3414 0.5478 0.7153 -0.2678 -0.4927 0.4992 0.2985 0.6472 -0.7051 -0.1838 0.6743 0.1202 -0.6033 0.3732 0.6309 0.3143 -0.7441 -0.0124 0.6157 0.2589 -0.8913 -0.1848 -0.3428 0.2321 -0.7195 0.1782 0.6097 0.2806 -0.5786 -0.4598 0.5876 -0.3292 -0.9315 0.0994 -0.3408 -0.079
-0.7292 0.3767 0.3367 0.4614 -0.3414 0.5478 0.7153 -0.2678 -0.4927 0.4992 0.2985 0.6472 -0.7051 -0.1838 0.6743 0.1202 -0.6033 0.3732 0.6309 0.3143 -0.7441 -0.0124 0.6157 0.2589 -0.8913 -0.1848 -0.3428 0.2321 -0.7195 0.1782 0.6097 0.2806 -0.5786 -0.4598 0.5876 -0.3292 -0.9315 0.0994 -0.3408 -0.079
-0.7292 0.3767 0.3367 0.4614 -0.3414 0.5478 0.7153 -0.2678 -0.4927 0.4992 0.2985 0.6472 -0.7051 -0.1838 0.6743 0.1202 -0.6033 0.3732 0.6309 0.3143 -0.7441 -0.0124 0.6157 0.2589 -0.8913 -0.1848 -0.3428 0.2321 -0.7195 0.1782 0.6097 0.2806 -0.5786 -0.4598 0.5876 -0.3292 -0.933 0.0975 -0.3365 -0.0818
-0.7496 0.3539 0.3563 0.431 -0.3414 0.5478 0.7153 -0.2678 -0.4927 0.4992 0.2985 0.6472 -0.7051 -0.1838 0.6743 0.1202 -0.6033 0.3732 0.6309 0.3143 -0.7441 -0.0124 0.6157 0.2589 -0.8913 -0.1848 -0.3428 0.2321 -0.7195 0.1782 0.6097 0.2806 -0.5786 -0.4598 0.5876 -0.3292 -0.933 0.0975 -0.3365 -0.0818
-0.7496 0.3539 0.3563 0.431 -0.3414 0.5478 0.7153 -0.2678 -0.4927 0.4992 0.2985 0.6472 -0.7051 -0.1838 0.6743 0.1202 -0.59 0.3177 0.6772 0.3039 -0.7441 -0.0124 0.6157 0.2589 -0.8913 -0.1848 -0.3428 0.2321 -0.7195 0.1782 0.6097 0.2806 -0.5786 -0.4598 0.5876 -0.3292 -0.933 0.0975 -0.3365 -0.0818
-0.7496 0.3539 0.3563 0.431 -0.3414 0.5478 0.7153 -0.2678 -0.4927 0.4992 0.2985 0.6472 -0.7051 -0.1838 0.6743 0.1202 -0.59 0.3177 0.6772 0.3039 -0.7441 -0.0124 0.6157 0.2589 -0.8913 -0.1848 -0.3428 0.2321 -0.7195 0.1782 0.6097 0.2806 -0.5786 -0.4598 0.5876 -0.3292 -0.933 0.0975 -0.3365 -0.0818
-0.7496 0.3539 0.3563 0.431 -0.3414 0.5478 0.7153 -0.2678 -0.4927 0.4992 0.2985 0.6472 -0.7488 -0.1417 0.6466 0.0342 -0.59 0.3177 0.6772 0.3039 -0.7441 -0.0124 0.6157 0.2589 -0.8913 -0.1848 -0.3428 0.2321 -0.7195 0.1782 0.6097 0.2806 -0.5786 -0.4598 0.5876 -0.3292 -0.933 0.0975 -0.3365 -0.0818
-0.7496 0.3539 0.3563 0.431 -0.3296 0.5251 0.7374 -0.268 -0.4927 0.4992 0.2985 0.6472 -0.7488 -0.1417 0.6466 0.0342 -0.59 0.3177 0.6772 0.3039 -0.7441 -0.0124 0.6157 0.2589 -0.8913 -0.1848 -0.3428 0.2321 -0.7195 0.1782 0.6097 0.2806 -0.5786 -0.4598 0.5876 -0.3292 -0.933 0.0975 -0.3365 -0.0818
-0.7496 0.3539 0.3563 0.431 -0.3296 0.5251 0.7374 -0.268 -0.4927 0.4992 0.2985 0.6472 -0.7488 -0.1417 0.6466 0.0342 -0.59 0.3177 0.6772 0.3039 -0.7441 -0.0124 0.6157 0.2589 -0.8913 -0.1848 -0.3428 0.2321 -0.7195 0.1782 0.6097 0.2806 -0.5786 -0.4598 0.5876 -0.3292 -0.933 0.0975 -0.3365 -0.0818
