rt-uaw rt-uax rt-uay rt-uaz rt-faw rt-fax rt-fay rt-faz rt-thw rt-thx rt-thy rt-thz rt-llw rt-llx rt-lly rt-llz rt-ftw rt-ftx rt-fty rt-ftz lt-uaw lt-uax lt-uay lt-uaz lt-faw lt-fax lt-fay lt-faz lt-thw lt-thx lt-thy lt-thz lt-llw lt-llx lt-lly lt-llz lt-ftw lt-ftx lt-fty lt-ftz 
0.7752 -0.0718 -0.5919 -0.2086 0.57 -0.5714 -0.5087 -0.2997 0.7344 -0.2471 -0.5929 -0.2194 0.7102 0.1147 -0.6689 -0.1871 0.5551 -0.5726 -0.4927 -0.3483 0.6016 -0.3641 -0.5826 -0.4074 0.9359 0.1445 0.3041 -0.1035 0.6577 0.1577 -0.7281 0.1115 0.6437 -0.3391 -0.6473 -0.2274 0.9425 -0.1121 0.2811 0.1418
0.7752 -0.0718 -0.5919 -0.2086 0.57 -0.5714 -0.5087 -0.2997 0.7377 -0.2435 -0.5909 -0.2177 0.7102 0.1147 -0.6689 -0.1871 0.5551 -0.5726 -0.4927 -0.3483 0.6016 -0.3641 -0.5826 -0.4074 0.9359 0.1445 0.3041 -0.1035 0.6577 0.1577 -0.7281 0.1115 0.6437 -0.3391 -0.6473 -0.2274 0.9425 -0.1121 0.2811 0.1418
0.7767 -0.0637 -0.5891 -0.214 0.57 -0.5714 -0.5087 -0.2997 0.7377 -0.2435 -0.5909 -0.2177 0.7102 0.1147 -0.6689 -0.1871 0.5551 -0.5726 -0.4927 -0.3483 0.6016 -0.3641 -0.5826 -0.4074 0.9359 0.1445 0.3041 -0.1035 0.6577 0.1577 -0.7281 0.1115 0.6437 -0.3391 -0.6473 -0.2274 0.9425 -0.1121 0.2811 0.1418
0.7767 -0.0637 -0.5891 -0.214 0.57 -0.5714 -0.5087 -0.2997 0.7377 -0.2435 -0.5909 -0.2177 0.7367 0.1603 -0.6438 -0.1307 0.5551 -0.5726 -0.4927 -0.3483 0.6016 -0.3641 -0.5826 -0.4074 0.9359 0.1445 0.3041 -0.1035 0.6577 0.1577 -0.7281 0.1115 0.6437 -0.3391 -0.6473 -0.2274 0.9425 -0.1121 0.2811 0.1418
0.7767 -0.0637 -0.5891 -0.214 0.57 -0.5714 -0.5087 -0.2997 0.7377 -0.2435 -0.5909 -0.2177 0.7367 0.1603 -0.6438 -0.1307 0.5551 -0.5726 -0.4927 -0.3483 0.6016 -0.3641 -0.5826 -0.4074 0.9359 0.1445 0.3041 -0.1035 0.6577 0.1577 -0.7281 0.1115 0.6437 -0.3391 -0.6473 -0.2274 0.9425 -0.1121 0.2811 0.1418
0.7767 -0.0637 -0.5891 -0.214 0.57 -0.5714 -0.5087 -0.2997 0.7377 -0.2435 -0.5909 -0.2177 0.7367 0.1603 -0.6438 -0.1307 0.5551 -0.5726 -0.4927 -0.3483 0.6016 -0.3641 -0.5826 -0.4074 0.9359 0.1445 0.3041 -0.1035 0.6577 0.1577 -0.7281 0.1115 0.6437 -0.3391 -0.6473 -0.2274 0.9425 -0.1121 0.2811 0.1418
0.7767 -0.0637 -0.5891 -0.214 0.5712 -0.5707 -0.501 -0.3114 0.7377 -0.2435 -0.5909 -0.2177 0.7367 0.1603 -0.6438 -0.1307 0.5549 -0.5724 -0.493 -0.3483 0.6008 -0.3633 -0.5831 -0.4088 0.9359 0.1445 0.3041 -0.1035 0.6577 0.1577 -0.7281 0.1115 0.6439 -0.3391 -0.6472 -0.2272 0.9425 -0.1124 0.2811 0.1417
0.7767 -0.0637 -0.5891 -0.214 0.5712 -0.5707 -0.501 -0.3114 0.7377 -0.2435 -0.5909 -0.2177 0.7367 0.1603 -0.6438 -0.1307 0.5549 -0.5724 -0.493 -0.3483 0.6008 -0.3633 -0.5831 -0.4088 0.9359 0.1445 0.3041 -0.1035 0.6573 0.1572 -0.7283 0.1132 0.6439 -0.3391 -0.6472 -0.2272 0.9425 -0.1124 0.2811 0.1417
0.7743 -0.0651 -0.5894 -0.2209 0.5712 -0.5707 -0.501 -0.3114 0.7529 -0.236 -0.5748 -0.2171 0.7367 0.1603 -0.6438 -0.1307 0.5549 -0.5724 -0.493 -0.3483 0.6008 -0.3633 -0.5831 -0.4088 0.9359 0.1445 0.3041 -0.1035 0.6573 0.1572 -0.7283 0.1132 0.6439 -0.3391 -0.6472 -0.2272 0.9425 -0.1124 0.2811 0.1417
0.7743 -0.0651 -0.5894 -0.2209 0.5712 -0.5707 -0.501 -0.3114 0.7529 -0.236 -0.5748 -0.2171 0.7367 0.1603 -0.6438 -0.1307 0.5549 -0.5724 -0.493 -0.3483 0.6008 -0.3633 -0.5831 -0.4088 0.9359 0.1445 0.3041 -0.1035 0.6573 0.1572 -0.7283 0.1132 0.6439 -0.3391 -0.6472 -0.2272 0.9425 -0.1124 0.2811 0.1417
0.7743 -0.0651 -0.5894 -0.2209 0.5712 -0.5707 -0.501 -0.3114 0.7529 -0.236 -0.5748 -0.2171 0.7652 0.1538 -0.6154 -0.1104 0.5549 -0.5724 -0.493 -0.3483 0.6008 -0.3633 -0.5831 -0.4088 0.9359 0.1445 0.3041 -0.1035 0.6573 0.1572 -0.7283 0.1132 0.6439 -0.3391 -0.6472 -0.2272 0.9425 -0.1124 0.2811 0.1417
0.7743 -0.0651 -0.5894 -0.2209 0.5712 -0.5707 -0.501 -0.3114 0.7529 -0.236 -0.5748 -0.2171 0.7652 0.1538 -0.6154 -0.1104 0.5549 -0.5724 -0.493 -0.3483 0.6008 -0.3633 -0.5831 -0.4088 0.9359 0.1445 0.3041 -0.1035 0.6573 0.1572 -0.7283 0.1132 0.6439 -0.3391 -0.6472 -0.2272 0.9425 -0.1124 0.2811 0.1417
0.7743 -0.0651 -0.5894 -0.2209 0.5712 -0.5707 -0.501 -0.3114 0.7529 -0.236 -0.5748 -0.2171 0.7652 0.1538 -0.6154 -0.1104 0.5549 -0.5724 -0.493 -0.3483 0.6008 -0.3633 -0.5831 -0.4088 0.9359 0.1445 0.3041 -0.1035 0.6573 0.1572 -0.7283 0.1132 0.6439 -0.3391 -0.6472 -0.2272 0.9425 -0.1124 0.2811 0.1417
0.7743 -0.0651 -0.5894 -0.2209 0.5689 -0.564 -0.5041 -0.3228 0.7529 -0.236 -0.5748 -0.2171 0.7652 0.1538 -0.6154 -0.1104 0.5543 -0.5723 -0.4941 -0.3478 0.5998 -0.362 -0.5837 -0.4104 0.9359 0.1445 0.3041 -0.1035 0.6573 0.1572 -0.7283 0.1132 0.6441 -0.3386 -0.6473 -0.227 0.9424 -0.1125 0.2813 0.1417
0.7743 -0.0651 -0.5894 -0.2209 0.5689 -0.564 -0.5041 -0.3228 0.7529 -0.236 -0.5748 -0.2171 0.7652 0.1538 -0.6154 -0.1104 0.5543 -0.5723 -0.4941 -0.3478 0.5998 -0.362 -0.5837 -0.4104 0.9359 0.1445 0.3041 -0.1035 0.6567 0.1558 -0.729 0.1139 0.6441 -0.3386 -0.6473 -0.227 0.9424 -0.1125 0.2813 0.1417
0.7743 -0.0651 -0.5894 -0.2209 0.5689 -0.564 -0.5041 -0.3228 0.7529 -0.236 -0.5748 -0.2171 0.7652 0.1538 -0.6154 -0.1104 0.5543 -0.5723 -0.4941 -0.3478 0.5998 -0.362 -0.5837 -0.4104 0.9359 0.1445 0.3041 -0.1035 0.6567 0.1558 -0.729 0.1139 0.6441 -0.3386 -0.6473 -0.227 0.9424 -0.1125 0.2813 0.1417
0.7703 -0.0673 -0.5937 -0.2231 0.5689 -0.564 -0.5041 -0.3228 0.7615 -0.2333 -0.5659 -0.213 0.7652 0.1538 -0.6154 -0.1104 0.5543 -0.5723 -0.4941 -0.3478 0.5998 -0.362 -0.5837 -0.4104 0.9359 0.1445 0.3041 -0.1035 0.6567 0.1558 -0.729 0.1139 0.6441 -0.3386 -0.6473 -0.227 0.9424 -0.1125 0.2813 0.1417
0.7703 -0.0673 -0.5937 -0.2231 0.5689 -0.564 -0.5041 -0.3228 0.7615 -0.2333 -0.5659 -0.213 0.7776 0.133 -0.6081 -0.0884 0.5543 -0.5723 -0.4941 -0.3478 0.5998 -0.362 -0.5837 -0.4104 0.9359 0.1445 0.3041 -0.1035 0.6567 0.1558 -0.729 0.1139 0.6441 -0.3386 -0.6473 -0.227 0.9424 -0.1125 0.2813 0.1417
0.7703 -0.0673 -0.5937 -0.2231 0.5689 -0.564 -0.5041 -0.3228 0.7615 -0.2333 -0.5659 -0.213 0.7776 0.133 -0.6081 -0.0884 0.5543 -0.5723 -0.4941 -0.3478 0.5998 -0.362 -0.5837 -0.4104 0.9362 0.1462 0.3024 -0.1031 0.6567 0.1558 -0.729 0.1139 0.6441 -0.3386 -0.6473 -0.227 0.9424 -0.1125 0.2813 0.1417
0.7703 -0.0673 -0.5937 -0.2231 0.5689 -0.564 -0.5041 -0.3228 0.7615 -0.2333 -0.5659 -0.213 0.7776 0.133 -0.6081 -0.0884 0.5543 -0.5723 -0.4941 -0.3478 0.5992 -0.3601 -0.5862 -0.4095 0.9362 0.1462 0.3024 -0.1031 0.6567 0.1558 -0.729 0.1139 0.6441 -0.3386 -0.6473 -0.227 0.9424 -0.1125 0.2813 0.1417
0.7703 -0.0673 -0.5937 -0.2231 0.5629 -0.5578 -0.5159 -0.3254 0.7615 -0.2333 -0.5659 -0.213 0.7776 0.133 -0.6081 -0.0884 0.5543 -0.5723 -0.4941 -0.3478 0.5992 -0.3601 -0.5862 -0.4095 0.9362 0.1462 0.3024 -0.1031 0.6567 0.1558 -0.729 0.1139 0.6393 -0.3499 -0.6447 -0.231 0.9424 -0.1125 0.2813 0.1417
0.7703 -0.0673 -0.5937 -0.2231 0.5629 -0.5578 -0.5159 -0.3254 0.7615 -0.2333 -0.5659 -0.213 0.7776 0.133 -0.6081 -0.0884 0.5543 -0.5723 -0.4941 -0.3478 0.5992 -0.3601 -0.5862 -0.4095 0.9362 0.1462 0.3024 -0.1031 0.6573 0.1512 -0.7314 0.1006 0.6393 -0.3499 -0.6447 -0.231 0.9424 -0.1125 0.2813 0.1417
0.7703 -0.0673 -0.5937 -0.2231 0.5629 -0.5578 -0.5159 -0.3254 0.7554 -0.2307 -0.5798 -0.1998 0.7776 0.133 -0.6081 -0.0884 0.5543 -0.5723 -0.4941 -0.3478 0.5992 -0.3601 -0.5862 -0.4095 0.9362 0.1462 0.3024 -0.1031 0.6573 0.1512 -0.7314 0.1006 0.6393 -0.3499 -0.6447 -0.231 0.9424 -0.1125 0.2813 0.1417
0.7661 -0.0726 -0.5981 -0.2241 0.5629 -0.5578 -0.5159 -0.3254 0.7554 -0.2307 -0.5798 -0.1998 0.7776 0.133 -0.6081 -0.0884 0.5543 -0.5723 -0.4941 -0.3478 0.5992 -0.3601 -0.5862 -0.4095 0.9362 0.1462 0.3024 -0.1031 0.6573 0.1512 -0.7314 0.1006 0.6393 -0.3499 -0.6447 -0.231 0.9424 -0.1125 0.2813 0.1417
0.7661 -0.0726 -0.5981 -0.2241 0.5629 -0.5578 -0.5159 -0.3254 0.7554 -0.2307 -0.5798 -0.1998 0.7709 0.1336 -0.6198 -0.0615 0.5543 -0.5723 -0.4941 -0.3478 0.5992 -0.3601 -0.5862 -0.4095 0.9362 0.1462 0.3024 -0.1031 0.6573 0.1512 -0.7314 0.1006 0.6393 -0.3499 -0.6447 -0.231 0.9424 -0.1125 0.2813 0.1417
0.7661 -0.0726 -0.5981 -0.2241 0.5629 -0.5578 -0.5159 -0.3254 0.7554 -0.2307 -0.5798 -0.1998 0.7709 0.1336 -0.6198 -0.0615 0.5543 -0.5723 -0.4941 -0.3478 0.5992 -0.3601 -0.5862 -0.4095 0.9362 0.1462 0.3024 -0.1031 0.6573 0.1512 -0.7314 0.1006 0.6393 -0.3499 -0.6447 -0.231 0.9424 -0.1125 0.2813 0.1417
0.7661 -0.0726 -0.5981 -0.2241 0.5629 -0.5578 -0.5159 -0.3254 0.7554 -0.2307 -0.5798 -0.1998 0.7709 0.1336 -0.6198 -0.0615 0.5543 -0.5723 -0.4941 -0.3478 0.5992 -0.3601 -0.5862 -0.4095 0.9362 0.1462 0.3024 -0.1031 0.6573 0.1512 -0.7314 0.1006 0.6393 -0.3499 -0.6447 -0.231 0.9424 -0.1125 0.2813 0.1417
0.7661 -0.0726 -0.5981 -0.2241 0.5629 -0.5578 -0.5159 -0.3254 0.7554 -0.2307 -0.5798 -0.1998 0.7709 0.1336 -0.6198 -0.0615 0.5543 -0.5723 -0.4941 -0.3478 0.5992 -0.3601 -0.5862 -0.4095 0.9362 0.1462 0.3024 -0.1031 0.6573 0.1512 -0.7314 0.1006 0.6393 -0.3499 -0.6447 -0.231 0.9424 -0.1125 0.2813 0.1417
0.7661 -0.0726 -0.5981 -0.2241 0.5601 -0.5585 -0.5202 -0.3223 0.7554 -0.2307 -0.5798 -0.1998 0.7709 0.1336 -0.6198 -0.0615 0.548 -0.566 -0.501 -0.3583 0.598 -0.362 -0.584 -0.4127 0.9371 0.1479 0.2994 -0.1019 0.6573 0.1512 -0.7314 0.1006 0.6333 -0.3709 -0.6398 -0.228 0.9438 -0.1119 0.2751 0.1451
0.7661 -0.0726 -0.5981 -0.2241 0.5601 -0.5585 -0.5202 -0.3223 0.7554 -0.2307 -0.5798 -0.1998 0.7709 0.1336 -0.6198 -0.0615 0.548 -0.566 -0.501 -0.3583 0.598 -0.362 -0.584 -0.4127 0.9371 0.1479 0.2994 -0.1019 0.6544 0.1536 -0.7347 0.0916 0.6333 -0.3709 -0.6398 -0.228 0.9438 -0.1119 0.2751 0.1451
0.7661 -0.0781 -0.594 -0.2328 0.5601 -0.5585 -0.5202 -0.3223 0.7433 -0.2277 -0.5999 -0.1892 0.7709 0.1336 -0.6198 -0.0615 0.548 -0.566 -0.501 -0.3583 0.598 -0.362 -0.584 -0.4127 0.9371 0.1479 0.2994 -0.1019 0.6544 0.1536 -0.7347 0.0916 0.6333 -0.3709 -0.6398 -0.228 0.9438 -0.1119 0.2751 0.1451
0.7661 -0.0781 -0.594 -0.2328 0.5601 -0.5585 -0.5202 -0.3223 0.7433 -0.2277 -0.5999 -0.1892 0.7508 0.1292 -0.6451 -0.0586 0.548 -0.566 -0.501 -0.3583 0.598 -0.362 -0.584 -0.4127 0.9371 0.1479 0.2994 -0.1019 0.6544 0.1536 -0.7347 0.0916 0.6333 -0.3709 -0.6398 -0.228 0.9438 -0.1119 0.2751 0.1451
0.7661 -0.0781 -0.594 -0.2328 0.5601 -0.5585 -0.5202 -0.3223 0.7433 -0.2277 -0.5999 -0.1892 0.7508 0.1292 -0.6451 -0.0586 0.548 -0.566 -0.501 -0.3583 0.598 -0.362 -0.584 -0.4127 0.9345 0.1469 0.307 -0.1044 0.6544 0.1536 -0.7347 0.0916 0.6333 -0.3709 -0.6398 -0.228 0.9438 -0.1119 0.2751 0.1451
0.7661 -0.0781 -0.594 -0.2328 0.5638 -0.584 -0.4841 -0.3268 0.7433 -0.2277 -0.5999 -0.1892 0.7508 0.1292 -0.6451 -0.0586 0.548 -0.566 -0.501 -0.3583 0.598 -0.362 -0.584 -0.4127 0.9345 0.1469 0.307 -0.1044 0.6544 0.1536 -0.7347 0.0916 0.6333 -0.3709 -0.6398 -0.228 0.9438 -0.1119 0.2751 0.1451
0.7661 -0.0781 -0.594 -0.2328 0.5638 -0.584 -0.4841 -0.3268 0.7433 -0.2277 -0.5999 -0.1892 0.7508 0.1292 -0.6451 -0.0586 0.548 -0.566 -0.501 -0.3583 0.598 -0.362 -0.584 -0.4127 0.9345 0.1469 0.307 -0.1044 0.6544 0.1536 -0.7347 0.0916 0.6315 -0.3705 -0.6466 -0.2142 0.9438 -0.1119 0.2751 0.1451
0.7661 -0.0781 -0.594 -0.2328 0.5638 -0.584 -0.4841 -0.3268 0.7433 -0.2277 -0.5999 -0.1892 0.7508 0.1292 -0.6451 -0.0586 0.548 -0.566 -0.501 -0.3583 0.598 -0.362 -0.584 -0.4127 0.9345 0.1469 0.307 -0.1044 0.6423 0.1711 -0.7367 0.1245 0.6315 -0.3705 -0.6466 -0.2142 0.9438 -0.1119 0.2751 0.1451
0.7661 -0.0781 -0.594 -0.2328 0.5638 -0.584 -0.4841 -0.3268 0.7371 -0.2396 -0.6005 -0.1968 0.7508 0.1292 -0.6451 -0.0586 0.548 -0.566 -0.501 -0.3583 0.598 -0.362 -0.584 -0.4127 0.9345 0.1469 0.307 -0.1044 0.6423 0.1711 -0.7367 0.1245 0.6315 -0.3705 -0.6466 -0.2142 0.9438 -0.1119 0.2751 0.1451
0.7733 -0.0782 -0.5834 -0.2358 0.5638 -0.584 -0.4841 -0.3268 0.7371 -0.2396 -0.6005 -0.1968 0.7508 0.1292 -0.6451 -0.0586 0.548 -0.566 -0.501 -0.3583 0.598 -0.362 -0.584 -0.4127 0.9345 0.1469 0.307 -0.1044 0.6423 0.1711 -0.7367 0.1245 0.6315 -0.3705 -0.6466 -0.2142 0.9438 -0.1119 0.2751 0.1451
0.7733 -0.0782 -0.5834 -0.2358 0.5638 -0.584 -0.4841 -0.3268 0.7371 -0.2396 -0.6005 -0.1968 0.7483 0.1188 -0.6469 -0.0867 0.548 -0.566 -0.501 -0.3583 0.598 -0.362 -0.584 -0.4127 0.9345 0.1469 0.307 -0.1044 0.6423 0.1711 -0.7367 0.1245 0.6315 -0.3705 -0.6466 -0.2142 0.9438 -0.1119 0.2751 0.1451
0.7733 -0.0782 -0.5834 -0.2358 0.5638 -0.584 -0.4841 -0.3268 0.7371 -0.2396 -0.6005 -0.1968 0.7483 0.1188 -0.6469 -0.0867 0.548 -0.566 -0.501 -0.3583 0.598 -0.362 -0.584 -0.4127 0.884 0.1512 0.4208 -0.1361 0.6423 0.1711 -0.7367 0.1245 0.6315 -0.3705 -0.6466 -0.2142 0.9438 -0.1119 0.2751 0.1451
0.7733 -0.0782 -0.5834 -0.2358 0.5638 -0.584 -0.4841 -0.3268 0.7371 -0.2396 -0.6005 -0.1968 0.7483 0.1188 -0.6469 -0.0867 0.548 -0.566 -0.501 -0.3583 0.598 -0.362 -0.584 -0.4127 0.884 0.1512 0.4208 -0.1361 0.6423 0.1711 -0.7367 0.1245 0.6315 -0.3705 -0.6466 -0.2142 0.9438 -0.1119 0.2751 0.1451
0.7733 -0.0782 -0.5834 -0.2358 0.5667 -0.6105 -0.4459 -0.3276 0.7371 -0.2396 -0.6005 -0.1968 0.7483 0.1188 -0.6469 -0.0867 0.548 -0.566 -0.501 -0.3583 0.598 -0.362 -0.584 -0.4127 0.884 0.1512 0.4208 -0.1361 0.6423 0.1711 -0.7367 0.1245 0.6179 -0.3825 -0.652 -0.2161 0.9438 -0.1119 0.2751 0.1451
0.7733 -0.0782 -0.5834 -0.2358 0.5667 -0.6105 -0.4459 -0.3276 0.7371 -0.2396 -0.6005 -0.1968 0.7483 0.1188 -0.6469 -0.0867 0.548 -0.566 -0.501 -0.3583 0.598 -0.362 -0.584 -0.4127 0.884 0.1512 0.4208 -0.1361 0.6423 0.1711 -0.7367 0.1245 0.6179 -0.3825 -0.652 -0.2161 0.9438 -0.1119 0.2751 0.1451
0.7733 -0.0782 -0.5834 -0.2358 0.5667 -0.6105 -0.4459 -0.3276 0.7371 -0.2396 -0.6005 -0.1968 0.7483 0.1188 -0.6469 -0.0867 0.548 -0.566 -0.501 -0.3583 0.598 -0.362 -0.584 -0.4127 0.884 0.1512 0.4208 -0.1361 0.6404 0.1561 -0.7448 0.1041 0.6179 -0.3825 -0.652 -0.2161 0.9438 -0.1119 0.2751 0.1451
0.7717 -0.072 -0.5837 -0.242 0.5667 -0.6105 -0.4459 -0.3276 0.7453 -0.2499 -0.5804 -0.2126 0.7483 0.1188 -0.6469 -0.0867 0.548 -0.566 -0.501 -0.3583 0.598 -0.362 -0.584 -0.4127 0.884 0.1512 0.4208 -0.1361 0.6404 0.1561 -0.7448 0.1041 0.6179 -0.3825 -0.652 -0.2161 0.9438 -0.1119 0.2751 0.1451
0.7717 -0.072 -0.5837 -0.242 0.5667 -0.6105 -0.4459 -0.3276 0.7453 -0.2499 -0.5804 -0.2126 0.7695 0.1207 -0.6208 -0.0887 0.548 -0.566 -0.501 -0.3583 0.598 -0.362 -0.584 -0.4127 0.884 0.1512 0.4208 -0.1361 0.6404 0.1561 -0.7448 0.1041 0.6179 -0.3825 -0.652 -0.2161 0.9438 -0.1119 0.2751 0.1451
0.7717 -0.072 -0.5837 -0.242 0.5667 -0.6105 -0.4459 -0.3276 0.7453 -0.2499 -0.5804 -0.2126 0.7695 0.1207 -0.6208 -0.0887 0.548 -0.566 -0.501 -0.3583 0.598 -0.362 -0.584 -0.4127 0.884 0.1512 0.4208 -0.1361 0.6404 0.1561 -0.7448 0.1041 0.6179 -0.3825 -0.652 -0.2161 0.9438 -0.1119 0.2751 0.1451
0.7717 -0.072 -0.5837 -0.242 0.5617 -0.6252 -0.4253 -0.3357 0.7453 -0.2499 -0.5804 -0.2126 0.7695 0.1207 -0.6208 -0.0887 0.548 -0.566 -0.501 -0.3583 0.598 -0.362 -0.584 -0.4127 0.8873 0.1345 0.4136 -0.1539 0.6404 0.1561 -0.7448 0.1041 0.6179 -0.3825 -0.652 -0.2161 0.946 -0.098 0.2722 0.1462
0.7717 -0.072 -0.5837 -0.242 0.5617 -0.6252 -0.4253 -0.3357 0.7453 -0.2499 -0.5804 -0.2126 0.7695 0.1207 -0.6208 -0.0887 0.548 -0.566 -0.501 -0.3583 0.598 -0.362 -0.584 -0.4127 0.8873 0.1345 0.4136 -0.1539 0.6404 0.1561 -0.7448 0.1041 0.613 -0.4075 -0.6414 -0.2166 0.946 -0.098 0.2722 0.1462
0.7717 -0.072 -0.5837 -0.242 0.5617 -0.6252 -0.4253 -0.3357 0.7453 -0.2499 -0.5804 -0.2126 0.7695 0.1207 -0.6208 -0.0887 0.548 -0.566 -0.501 -0.3583 0.598 -0.362 -0.584 -0.4127 0.8873 0.1345 0.4136 -0.1539 0.6346 0.145 -0.753 0.0962 0.613 -0.4075 -0.6414 -0.2166 0.946 -0.098 0.2722 0.1462
0.7717 -0.072 -0.5837 -0.242 0.5617 -0.6252 -0.4253 -0.3357 0.7584 -0.2632 -0.5569 -0.213 0.7695 0.1207 -0.6208 -0.0887 0.548 -0.566 -0.501 -0.3583 0.598 -0.362 -0.584 -0.4127 0.8873 0.1345 0.4136 -0.1539 0.6346 0.145 -0.753 0.0962 0.613 -0.4075 -0.6414 -0.2166 0.946 -0.098 0.2722 0.1462
0.7682 -0.0599 -0.587 -0.2484 0.5617 -0.6252 -0.4253 -0.3357 0.7584 -0.2632 -0.5569 -0.213 0.791 0.1125 -0.5967 -0.0748 0.548 -0.566 -0.501 -0.3583 0.598 -0.362 -0.584 -0.4127 0.8873 0.1345 0.4136 -0.1539 0.6346 0.145 -0.753 0.0962 0.613 -0.4075 -0.6414 -0.2166 0.946 -0.098 0.2722 0.1462
0.7682 -0.0599 -0.587 -0.2484 0.5617 -0.6252 -0.4253 -0.3357 0.7584 -0.2632 -0.5569 -0.213 0.791 0.1125 -0.5967 -0.0748 0.548 -0.566 -0.501 -0.3583 0.598 -0.362 -0.584 -0.4127 0.8873 0.1345 0.4136 -0.1539 0.6346 0.145 -0.753 0.0962 0.613 -0.4075 -0.6414 -0.2166 0.946 -0.098 0.2722 0.1462
0.7682 -0.0599 -0.587 -0.2484 0.5617 -0.6252 -0.4253 -0.3357 0.7584 -0.2632 -0.5569 -0.213 0.791 0.1125 -0.5967 -0.0748 0.548 -0.566 -0.501 -0.3583 0.598 -0.362 -0.584 -0.4127 0.9102 0.1573 0.3511 -0.1533 0.6346 0.145 -0.753 0.0962 0.613 -0.4075 -0.6414 -0.2166 0.946 -0.098 0.2722 0.1462
0.7682 -0.0599 -0.587 -0.2484 0.5617 -0.6252 -0.4253 -0.3357 0.7584 -0.2632 -0.5569 -0.213 0.791 0.1125 -0.5967 -0.0748 0.548 -0.566 -0.501 -0.3583 0.598 -0.362 -0.584 -0.4127 0.9102 0.1573 0.3511 -0.1533 0.6346 0.145 -0.753 0.0962 0.613 -0.4075 -0.6414 -0.2166 0.946 -0.098 0.2722 0.1462
0.7682 -0.0599 -0.587 -0.2484 0.5645 -0.6236 -0.4096 -0.3531 0.7584 -0.2632 -0.5569 -0.213 0.791 0.1125 -0.5967 -0.0748 0.7622 -0.5874 -0.2042 -0.1798 0.5339 -0.3103 -0.6005 -0.508 0.9102 0.1573 0.3511 -0.1533 0.6346 0.145 -0.753 0.0962 0.613 -0.4075 -0.6414 -0.2166 0.947 -0.0925 0.2696 0.1483
0.7682 -0.0599 -0.587 -0.2484 0.5645 -0.6236 -0.4096 -0.3531 0.7584 -0.2632 -0.5569 -0.213 0.791 0.1125 -0.5967 -0.0748 0.7622 -0.5874 -0.2042 -0.1798 0.5339 -0.3103 -0.6005 -0.508 0.9102 0.1573 0.3511 -0.1533 0.6346 0.145 -0.753 0.0962 0.6094 -0.4349 -0.6284 -0.2111 0.947 -0.0925 0.2696 0.1483
0.7682 -0.0599 -0.587 -0.2484 0.5645 -0.6236 -0.4096 -0.3531 0.7536 -0.2971 -0.5356 -0.2385 0.791 0.1125 -0.5967 -0.0748 0.7622 -0.5874 -0.2042 -0.1798 0.5339 -0.3103 -0.6005 -0.508 0.9102 0.1573 0.3511 -0.1533 0.6327 0.1214 -0.7598 0.0871 0.6094 -0.4349 -0.6284 -0.2111 0.947 -0.0925 0.2696 0.1483
0.7638 -0.0524 -0.5902 -0.256 0.5645 -0.6236 -0.4096 -0.3531 0.7536 -0.2971 -0.5356 -0.2385 0.791 0.1125 -0.5967 -0.0748 0.7622 -0.5874 -0.2042 -0.1798 0.5339 -0.3103 -0.6005 -0.508 0.9102 0.1573 0.3511 -0.1533 0.6327 0.1214 -0.7598 0.0871 0.6094 -0.4349 -0.6284 -0.2111 0.947 -0.0925 0.2696 0.1483
0.7638 -0.0524 -0.5902 -0.256 0.5645 -0.6236 -0.4096 -0.3531 0.7536 -0.2971 -0.5356 -0.2385 0.7915 0.0635 -0.5975 -0.112 0.7622 -0.5874 -0.2042 -0.1798 0.5339 -0.3103 -0.6005 -0.508 0.9102 0.1573 0.3511 -0.1533 0.6327 0.1214 -0.7598 0.0871 0.6094 -0.4349 -0.6284 -0.2111 0.947 -0.0925 0.2696 0.1483
0.7638 -0.0524 -0.5902 -0.256 0.5645 -0.6236 -0.4096 -0.3531 0.7536 -0.2971 -0.5356 -0.2385 0.7915 0.0635 -0.5975 -0.112 0.7622 -0.5874 -0.2042 -0.1798 0.5339 -0.3103 -0.6005 -0.508 0.9244 0.2065 0.2817 -0.1536 0.6327 0.1214 -0.7598 0.0871 0.6094 -0.4349 -0.6284 -0.2111 0.947 -0.0925 0.2696 0.1483
0.7638 -0.0524 -0.5902 -0.256 0.5645 -0.6236 -0.4096 -0.3531 0.7536 -0.2971 -0.5356 -0.2385 0.7915 0.0635 -0.5975 -0.112 0.7622 -0.5874 -0.2042 -0.1798 0.5439 -0.3876 -0.576 -0.4714 0.9244 0.2065 0.2817 -0.1536 0.6327 0.1214 -0.7598 0.0871 0.6094 -0.4349 -0.6284 -0.2111 0.9455 -0.0934 0.2742 0.1486
0.7638 -0.0524 -0.5902 -0.256 0.5587 -0.6271 -0.3904 -0.3771 0.7536 -0.2971 -0.5356 -0.2385 0.7915 0.0635 -0.5975 -0.112 0.7622 -0.5874 -0.2042 -0.1798 0.5439 -0.3876 -0.576 -0.4714 0.9244 0.2065 0.2817 -0.1536 0.6327 0.1214 -0.7598 0.0871 0.616 -0.4554 -0.6177 -0.1779 0.9455 -0.0934 0.2742 0.1486
0.7638 -0.0524 -0.5902 -0.256 0.5587 -0.6271 -0.3904 -0.3771 0.7536 -0.2971 -0.5356 -0.2385 0.7915 0.0635 -0.5975 -0.112 0.7622 -0.5874 -0.2042 -0.1798 0.5439 -0.3876 -0.576 -0.4714 0.9244 0.2065 0.2817 -0.1536 0.6251 0.1243 -0.7611 0.1202 0.616 -0.4554 -0.6177 -0.1779 0.9455 -0.0934 0.2742 0.1486
0.7638 -0.0524 -0.5902 -0.256 0.5587 -0.6271 -0.3904 -0.3771 0.7293 -0.3185 -0.5358 -0.2822 0.7915 0.0635 -0.5975 -0.112 0.7622 -0.5874 -0.2042 -0.1798 0.5439 -0.3876 -0.576 -0.4714 0.9244 0.2065 0.2817 -0.1536 0.6251 0.1243 -0.7611 0.1202 0.616 -0.4554 -0.6177 -0.1779 0.9455 -0.0934 0.2742 0.1486
0.7508 -0.1244 -0.5787 -0.2932 0.5587 -0.6271 -0.3904 -0.3771 0.7293 -0.3185 -0.5358 -0.2822 0.7915 0.0635 -0.5975 -0.112 0.7622 -0.5874 -0.2042 -0.1798 0.5439 -0.3876 -0.576 -0.4714 0.9244 0.2065 0.2817 -0.1536 0.6251 0.1243 -0.7611 0.1202 0.616 -0.4554 -0.6177 -0.1779 0.9455 -0.0934 0.2742 0.1486
0.7508 -0.1244 -0.5787 -0.2932 0.5587 -0.6271 -0.3904 -0.3771 0.7293 -0.3185 -0.5358 -0.2822 0.7679 0.0444 -0.6154 -0.1721 0.7622 -0.5874 -0.2042 -0.1798 0.5439 -0.3876 -0.576 -0.4714 0.9244 0.2065 0.2817 -0.1536 0.6251 0.1243 -0.7611 0.1202 0.616 -0.4554 -0.6177 -0.1779 0.9455 -0.0934 0.2742 0.1486
0.7508 -0.1244 -0.5787 -0.2932 0.5587 -0.6271 -0.3904 -0.3771 0.7293 -0.3185 -0.5358 -0.2822 0.7679 0.0444 -0.6154 -0.1721 0.7622 -0.5874 -0.2042 -0.1798 0.5439 -0.3876 -0.576 -0.4714 0.9442 0.2006 0.2425 -0.0967 0.6251 0.1243 -0.7611 0.1202 0.616 -0.4554 -0.6177 -0.1779 0.9455 -0.0934 0.2742 0.1486
0.7508 -0.1244 -0.5787 -0.2932 0.5587 -0.6271 -0.3904 -0.3771 0.7293 -0.3185 -0.5358 -0.2822 0.7679 0.0444 -0.6154 -0.1721 0.7622 -0.5874 -0.2042 -0.1798 0.5439 -0.3876 -0.576 -0.4714 0.9442 0.2006 0.2425 -0.0967 0.6251 0.1243 -0.7611 0.1202 0.616 -0.4554 -0.6177 -0.1779 0.9455 -0.0934 0.2742 0.1486
0.7508 -0.1244 -0.5787 -0.2932 0.4914 -0.6749 -0.3317 -0.4393 0.7293 -0.3185 -0.5358 -0.2822 0.7679 0.0444 -0.6154 -0.1721 0.7122 -0.5931 -0.2966 -0.2305 0.5974 -0.3981 -0.5626 -0.41 0.9442 0.2006 0.2425 -0.0967 0.6251 0.1243 -0.7611 0.1202 0.6301 -0.4758 -0.5983 -0.1359 0.9427 -0.0961 0.2813 0.1518
0.7508 -0.1244 -0.5787 -0.2932 0.4914 -0.6749 -0.3317 -0.4393 0.7293 -0.3185 -0.5358 -0.2822 0.7679 0.0444 -0.6154 -0.1721 0.7122 -0.5931 -0.2966 -0.2305 0.5974 -0.3981 -0.5626 -0.41 0.9442 0.2006 0.2425 -0.0967 0.6127 0.105 -0.7687 0.1508 0.6301 -0.4758 -0.5983 -0.1359 0.9427 -0.0961 0.2813 0.1518
0.7508 -0.1244 -0.5787 -0.2932 0.4914 -0.6749 -0.3317 -0.4393 0.737 -0.2644 -0.5598 -0.2712 0.7679 0.0444 -0.6154 -0.1721 0.7122 -0.5931 -0.2966 -0.2305 0.5974 -0.3981 -0.5626 -0.41 0.9442 0.2006 0.2425 -0.0967 0.6127 0.105 -0.7687 0.1508 0.6301 -0.4758 -0.5983 -0.1359 0.9427 -0.0961 0.2813 0.1518
0.7184 -0.2013 -0.569 -0.3458 0.4914 -0.6749 -0.3317 -0.4393 0.737 -0.2644 -0.5598 -0.2712 0.7679 0.0444 -0.6154 -0.1721 0.7122 -0.5931 -0.2966 -0.2305 0.5974 -0.3981 -0.5626 -0.41 0.9442 0.2006 0.2425 -0.0967 0.6127 0.105 -0.7687 0.1508 0.6301 -0.4758 -0.5983 -0.1359 0.9427 -0.0961 0.2813 0.1518
0.7184 -0.2013 -0.569 -0.3458 0.4914 -0.6749 -0.3317 -0.4393 0.737 -0.2644 -0.5598 -0.2712 0.7423 0.1076 -0.637 -0.1777 0.7122 -0.5931 -0.2966 -0.2305 0.5974 -0.3981 -0.5626 -0.41 0.9442 0.2006 0.2425 -0.0967 0.6127 0.105 -0.7687 0.1508 0.6301 -0.4758 -0.5983 -0.1359 0.9427 -0.0961 0.2813 0.1518
0.7184 -0.2013 -0.569 -0.3458 0.4914 -0.6749 -0.3317 -0.4393 0.737 -0.2644 -0.5598 -0.2712 0.7423 0.1076 -0.637 -0.1777 0.7122 -0.5931 -0.2966 -0.2305 0.5974 -0.3981 -0.5626 -0.41 0.936 0.142 0.308 -0.0939 0.6127 0.105 -0.7687 0.1508 0.6301 -0.4758 -0.5983 -0.1359 0.9427 -0.0961 0.2813 0.1518
0.7184 -0.2013 -0.569 -0.3458 0.4914 -0.6749 -0.3317 -0.4393 0.737 -0.2644 -0.5598 -0.2712 0.7423 0.1076 -0.637 -0.1777 0.7122 -0.5931 -0.2966 -0.2305 0.5974 -0.3981 -0.5626 -0.41 0.936 0.142 0.308 -0.0939 0.6127 0.105 -0.7687 0.1508 0.6301 -0.4758 -0.5983 -0.1359 0.9201 -0.1248 0.3394 0.1505
0.7184 -0.2013 -0.569 -0.3458 0.4669 -0.6646 -0.3032 -0.4985 0.737 -0.2644 -0.5598 -0.2712 0.7423 0.1076 -0.637 -0.1777 0.7122 -0.5931 -0.2966 -0.2305 0.5974 -0.3981 -0.5626 -0.41 0.936 0.142 0.308 -0.0939 0.6127 0.105 -0.7687 0.1508 0.659 -0.5079 -0.5535 -0.0363 0.9201 -0.1248 0.3394 0.1505
0.7184 -0.2013 -0.569 -0.3458 0.4669 -0.6646 -0.3032 -0.4985 0.737 -0.2644 -0.5598 -0.2712 0.7423 0.1076 -0.637 -0.1777 0.7122 -0.5931 -0.2966 -0.2305 0.5974 -0.3981 -0.5626 -0.41 0.936 0.142 0.308 -0.0939 0.6487 0.1362 -0.7348 0.1437 0.659 -0.5079 -0.5535 -0.0363 0.9201 -0.1248 0.3394 0.1505
0.7184 -0.2013 -0.569 -0.3458 0.4669 -0.6646 -0.3032 -0.4985 0.737 -0.2644 -0.5598 -0.2712 0.7423 0.1076 -0.637 -0.1777 0.7122 -0.5931 -0.2966 -0.2305 0.5974 -0.3981 -0.5626 -0.41 0.936 0.142 0.308 -0.0939 0.6487 0.1362 -0.7348 0.1437 0.659 -0.5079 -0.5535 -0.0363 0.9201 -0.1248 0.3394 0.1505
0.7291 -0.1238 -0.6 -0.3051 0.4669 -0.6646 -0.3032 -0.4985 0.7372 -0.2823 -0.5621 -0.2467 0.7423 0.1076 -0.637 -0.1777 0.7122 -0.5931 -0.2966 -0.2305 0.5974 -0.3981 -0.5626 -0.41 0.936 0.142 0.308 -0.0939 0.6487 0.1362 -0.7348 0.1437 0.659 -0.5079 -0.5535 -0.0363 0.9201 -0.1248 0.3394 0.1505
0.7291 -0.1238 -0.6 -0.3051 0.4669 -0.6646 -0.3032 -0.4985 0.7372 -0.2823 -0.5621 -0.2467 0.7243 0.1141 -0.6556 -0.1804 0.7122 -0.5931 -0.2966 -0.2305 0.5974 -0.3981 -0.5626 -0.41 0.936 0.142 0.308 -0.0939 0.6487 0.1362 -0.7348 0.1437 0.659 -0.5079 -0.5535 -0.0363 0.9201 -0.1248 0.3394 0.1505
0.7291 -0.1238 -0.6 -0.3051 0.4669 -0.6646 -0.3032 -0.4985 0.7372 -0.2823 -0.5621 -0.2467 0.7243 0.1141 -0.6556 -0.1804 0.7122 -0.5931 -0.2966 -0.2305 0.5974 -0.3981 -0.5626 -0.41 0.9344 0.1423 0.3137 -0.0911 0.6487 0.1362 -0.7348 0.1437 0.659 -0.5079 -0.5535 -0.0363 0.7794 -0.1864 0.5774 0.1562
0.7291 -0.1238 -0.6 -0.3051 0.561 -0.5836 -0.3802 -0.4473 0.7372 -0.2823 -0.5621 -0.2467 0.7243 0.1141 -0.6556 -0.1804 0.7122 -0.5931 -0.2966 -0.2305 0.5974 -0.3981 -0.5626 -0.41 0.9344 0.1423 0.3137 -0.0911 0.6487 0.1362 -0.7348 0.1437 0.659 -0.5079 -0.5535 -0.0363 0.7794 -0.1864 0.5774 0.1562
0.7291 -0.1238 -0.6 -0.3051 0.561 -0.5836 -0.3802 -0.4473 0.7372 -0.2823 -0.5621 -0.2467 0.7243 0.1141 -0.6556 -0.1804 0.7122 -0.5931 -0.2966 -0.2305 0.5974 -0.3981 -0.5626 -0.41 0.9344 0.1423 0.3137 -0.0911 0.6487 0.1362 -0.7348 0.1437 0.6586 -0.5234 -0.5372 0.0609 0.7794 -0.1864 0.5774 0.1562
0.7291 -0.1238 -0.6 -0.3051 0.561 -0.5836 -0.3802 -0.4473 0.7372 -0.2823 -0.5621 -0.2467 0.7243 0.1141 -0.6556 -0.1804 0.7122 -0.5931 -0.2966 -0.2305 0.5974 -0.3981 -0.5626 -0.41 0.9344 0.1423 0.3137 -0.0911 0.7037 0.2527 -0.6498 0.1368 0.6586 -0.5234 -0.5372 0.0609 0.7794 -0.1864 0.5774 0.1562
0.7291 -0.1238 -0.6 -0.3051 0.561 -0.5836 -0.3802 -0.4473 0.7222 -0.3325 -0.5313 -0.2924 0.7243 0.1141 -0.6556 -0.1804 0.7122 -0.5931 -0.2966 -0.2305 0.5974 -0.3981 -0.5626 -0.41 0.9344 0.1423 0.3137 -0.0911 0.7037 0.2527 -0.6498 0.1368 0.6586 -0.5234 -0.5372 0.0609 0.7794 -0.1864 0.5774 0.1562
0.7737 -0.0267 -0.6019 -0.1959 0.561 -0.5836 -0.3802 -0.4473 0.7222 -0.3325 -0.5313 -0.2924 0.7243 0.1141 -0.6556 -0.1804 0.7122 -0.5931 -0.2966 -0.2305 0.5974 -0.3981 -0.5626 -0.41 0.9344 0.1423 0.3137 -0.0911 0.7037 0.2527 -0.6498 0.1368 0.6586 -0.5234 -0.5372 0.0609 0.7794 -0.1864 0.5774 0.1562
0.7737 -0.0267 -0.6019 -0.1959 0.561 -0.5836 -0.3802 -0.4473 0.7222 -0.3325 -0.5313 -0.2924 0.7269 0.0826 -0.6266 -0.2685 0.7122 -0.5931 -0.2966 -0.2305 0.5974 -0.3981 -0.5626 -0.41 0.9344 0.1423 0.3137 -0.0911 0.7037 0.2527 -0.6498 0.1368 0.6586 -0.5234 -0.5372 0.0609 0.7794 -0.1864 0.5774 0.1562
0.7737 -0.0267 -0.6019 -0.1959 0.561 -0.5836 -0.3802 -0.4473 0.7222 -0.3325 -0.5313 -0.2924 0.7269 0.0826 -0.6266 -0.2685 0.7122 -0.5931 -0.2966 -0.2305 0.5974 -0.3981 -0.5626 -0.41 0.9344 0.1423 0.3137 -0.0911 0.7037 0.2527 -0.6498 0.1368 0.6586 -0.5234 -0.5372 0.0609 0.7794 -0.1864 0.5774 0.1562
0.7737 -0.0267 -0.6019 -0.1959 0.5933 -0.5892 -0.426 -0.3456 0.7222 -0.3325 -0.5313 -0.2924 0.7269 0.0826 -0.6266 -0.2685 0.7122 -0.5931 -0.2966 -0.2305 0.5767 -0.3708 -0.6169 -0.3863 0.9321 0.1476 0.3183 -0.0896 0.7037 0.2527 -0.6498 0.1368 0.6586 -0.5234 -0.5372 0.0609 0.8411 -0.1626 0.4702 0.2123
0.7737 -0.0267 -0.6019 -0.1959 0.5933 -0.5892 -0.426 -0.3456 0.7222 -0.3325 -0.5313 -0.2924 0.7269 0.0826 -0.6266 -0.2685 0.7122 -0.5931 -0.2966 -0.2305 0.5767 -0.3708 -0.6169 -0.3863 0.9321 0.1476 0.3183 -0.0896 0.7037 0.2527 -0.6498 0.1368 0.6586 -0.5234 -0.5372 0.0609 0.8411 -0.1626 0.4702 0.2123
0.7737 -0.0267 -0.6019 -0.1959 0.5933 -0.5892 -0.426 -0.3456 0.7222 -0.3325 -0.5313 -0.2924 0.7269 0.0826 -0.6266 -0.2685 0.7122 -0.5931 -0.2966 -0.2305 0.5767 -0.3708 -0.6169 -0.3863 0.9321 0.1476 0.3183 -0.0896 0.712 0.2811 -0.6371 0.0904 0.6829 -0.3966 -0.6118 -0.0467 0.8411 -0.1626 0.4702 0.2123
0.7737 -0.0267 -0.6019 -0.1959 0.5933 -0.5892 -0.426 -0.3456 0.7222 -0.3325 -0.5313 -0.2924 0.7269 0.0826 -0.6266 -0.2685 0.7122 -0.5931 -0.2966 -0.2305 0.5767 -0.3708 -0.6169 -0.3863 0.9321 0.1476 0.3183 -0.0896 0.712 0.2811 -0.6371 0.0904 0.6829 -0.3966 -0.6118 -0.0467 0.8411 -0.1626 0.4702 0.2123
0.8112 -0.0319 -0.5695 -0.1291 0.5933 -0.5892 -0.426 -0.3456 0.7393 -0.2848 -0.5436 -0.2772 0.7269 0.0826 -0.6266 -0.2685 0.7122 -0.5931 -0.2966 -0.2305 0.5767 -0.3708 -0.6169 -0.3863 0.9321 0.1476 0.3183 -0.0896 0.712 0.2811 -0.6371 0.0904 0.6829 -0.3966 -0.6118 -0.0467 0.8411 -0.1626 0.4702 0.2123
0.8112 -0.0319 -0.5695 -0.1291 0.5933 -0.5892 -0.426 -0.3456 0.7393 -0.2848 -0.5436 -0.2772 0.7257 0.1765 -0.6212 -0.2372 0.7122 -0.5931 -0.2966 -0.2305 0.5767 -0.3708 -0.6169 -0.3863 0.9321 0.1476 0.3183 -0.0896 0.712 0.2811 -0.6371 0.0904 0.6829 -0.3966 -0.6118 -0.0467 0.8411 -0.1626 0.4702 0.2123
0.8112 -0.0319 -0.5695 -0.1291 0.5933 -0.5892 -0.426 -0.3456 0.7393 -0.2848 -0.5436 -0.2772 0.7257 0.1765 -0.6212 -0.2372 0.7122 -0.5931 -0.2966 -0.2305 0.5767 -0.3708 -0.6169 -0.3863 0.9315 0.1476 0.3199 -0.09 0.712 0.2811 -0.6371 0.0904 0.6829 -0.3966 -0.6118 -0.0467 0.8411 -0.1626 0.4702 0.2123
0.8112 -0.0319 -0.5695 -0.1291 0.5695 -0.6479 -0.4537 -0.2236 0.7393 -0.2848 -0.5436 -0.2772 0.7257 0.1765 -0.6212 -0.2372 0.7122 -0.5931 -0.2966 -0.2305 0.5767 -0.3708 -0.6169 -0.3863 0.9315 0.1476 0.3199 -0.09 0.712 0.2811 -0.6371 0.0904 0.6829 -0.3966 -0.6118 -0.0467 0.9438 -0.1404 0.2584 0.1507
0.8112 -0.0319 -0.5695 -0.1291 0.5695 -0.6479 -0.4537 -0.2236 0.7393 -0.2848 -0.5436 -0.2772 0.7257 0.1765 -0.6212 -0.2372 0.7122 -0.5931 -0.2966 -0.2305 0.5767 -0.3708 -0.6169 -0.3863 0.9315 0.1476 0.3199 -0.09 0.712 0.2811 -0.6371 0.0904 0.6429 -0.2607 -0.6644 -0.2779 0.9438 -0.1404 0.2584 0.1507
0.8112 -0.0319 -0.5695 -0.1291 0.5695 -0.6479 -0.4537 -0.2236 0.7393 -0.2848 -0.5436 -0.2772 0.7257 0.1765 -0.6212 -0.2372 0.7122 -0.5931 -0.2966 -0.2305 0.5767 -0.3708 -0.6169 -0.3863 0.9315 0.1476 0.3199 -0.09 0.7087 0.2105 -0.6722 0.0394 0.6429 -0.2607 -0.6644 -0.2779 0.9438 -0.1404 0.2584 0.1507
0.8112 -0.0319 -0.5695 -0.1291 0.5695 -0.6479 -0.4537 -0.2236 0.7734 -0.2026 -0.5667 -0.1992 0.7257 0.1765 -0.6212 -0.2372 0.7122 -0.5931 -0.2966 -0.2305 0.5767 -0.3708 -0.6169 -0.3863 0.9315 0.1476 0.3199 -0.09 0.7087 0.2105 -0.6722 0.0394 0.6429 -0.2607 -0.6644 -0.2779 0.9438 -0.1404 0.2584 0.1507
0.8314 -0.0691 -0.5478 -0.0634 0.5695 -0.6479 -0.4537 -0.2236 0.7734 -0.2026 -0.5667 -0.1992 0.7257 0.1765 -0.6212 -0.2372 0.7122 -0.5931 -0.2966 -0.2305 0.5767 -0.3708 -0.6169 -0.3863 0.9315 0.1476 0.3199 -0.09 0.7087 0.2105 -0.6722 0.0394 0.6429 -0.2607 -0.6644 -0.2779 0.9438 -0.1404 0.2584 0.1507
0.8314 -0.0691 -0.5478 -0.0634 0.5695 -0.6479 -0.4537 -0.2236 0.7734 -0.2026 -0.5667 -0.1992 0.7346 0.2313 -0.6161 -0.1654 0.7122 -0.5931 -0.2966 -0.2305 0.5767 -0.3708 -0.6169 -0.3863 0.9317 0.1466 0.3196 -0.0909 0.7087 0.2105 -0.6722 0.0394 0.6429 -0.2607 -0.6644 -0.2779 0.9438 -0.1404 0.2584 0.1507
0.8314 -0.0691 -0.5478 -0.0634 0.5695 -0.6479 -0.4537 -0.2236 0.7734 -0.2026 -0.5667 -0.1992 0.7346 0.2313 -0.6161 -0.1654 0.7122 -0.5931 -0.2966 -0.2305 0.5767 -0.3708 -0.6169 -0.3863 0.9317 0.1466 0.3196 -0.0909 0.7087 0.2105 -0.6722 0.0394 0.6429 -0.2607 -0.6644 -0.2779 0.9438 -0.1404 0.2584 0.1507
0.8314 -0.0691 -0.5478 -0.0634 0.512 -0.6987 -0.4784 -0.1442 0.7734 -0.2026 -0.5667 -0.1992 0.7346 0.2313 -0.6161 -0.1654 0.7122 -0.5931 -0.2966 -0.2305 0.5632 -0.347 -0.6254 -0.4138 0.9317 0.1466 0.3196 -0.0909 0.7087 0.2105 -0.6722 0.0394 0.6429 -0.2607 -0.6644 -0.2779 0.9684 -0.1308 0.1725 0.1241
0.8314 -0.0691 -0.5478 -0.0634 0.512 -0.6987 -0.4784 -0.1442 0.7734 -0.2026 -0.5667 -0.1992 0.7346 0.2313 -0.6161 -0.1654 0.7122 -0.5931 -0.2966 -0.2305 0.5632 -0.347 -0.6254 -0.4138 0.9317 0.1466 0.3196 -0.0909 0.7087 0.2105 -0.6722 0.0394 0.6429 -0.2607 -0.6644 -0.2779 0.9684 -0.1308 0.1725 0.1241
0.8314 -0.0691 -0.5478 -0.0634 0.512 -0.6987 -0.4784 -0.1442 0.7734 -0.2026 -0.5667 -0.1992 0.7346 0.2313 -0.6161 -0.1654 0.7122 -0.5931 -0.2966 -0.2305 0.5632 -0.347 -0.6254 -0.4138 0.9317 0.1466 0.3196 -0.0909 0.6932 0.2009 -0.6918 0.0216 0.6139 -0.2318 -0.6813 -0.3245 0.9684 -0.1308 0.1725 0.1241
0.8314 -0.0691 -0.5478 -0.0634 0.512 -0.6987 -0.4784 -0.1442 0.7782 -0.1796 -0.5789 -0.1647 0.7346 0.2313 -0.6161 -0.1654 0.7122 -0.5931 -0.2966 -0.2305 0.5632 -0.347 -0.6254 -0.4138 0.9317 0.1466 0.3196 -0.0909 0.6932 0.2009 -0.6918 0.0216 0.6139 -0.2318 -0.6813 -0.3245 0.9684 -0.1308 0.1725 0.1241
0.8161 -0.0914 -0.5669 -0.0653 0.512 -0.6987 -0.4784 -0.1442 0.7782 -0.1796 -0.5789 -0.1647 0.7346 0.2313 -0.6161 -0.1654 0.7122 -0.5931 -0.2966 -0.2305 0.5632 -0.347 -0.6254 -0.4138 0.9317 0.1466 0.3196 -0.0909 0.6932 0.2009 -0.6918 0.0216 0.6139 -0.2318 -0.6813 -0.3245 0.9684 -0.1308 0.1725 0.1241
0.8161 -0.0914 -0.5669 -0.0653 0.512 -0.6987 -0.4784 -0.1442 0.7782 -0.1796 -0.5789 -0.1647 0.7772 0.1661 -0.6066 -0.0226 0.7122 -0.5931 -0.2966 -0.2305 0.5632 -0.347 -0.6254 -0.4138 0.9317 0.1466 0.3196 -0.0909 0.6932 0.2009 -0.6918 0.0216 0.6139 -0.2318 -0.6813 -0.3245 0.9684 -0.1308 0.1725 0.1241
0.8161 -0.0914 -0.5669 -0.0653 0.512 -0.6987 -0.4784 -0.1442 0.7782 -0.1796 -0.5789 -0.1647 0.7772 0.1661 -0.6066 -0.0226 0.7122 -0.5931 -0.2966 -0.2305 0.5632 -0.347 -0.6254 -0.4138 0.9299 0.1461 0.324 -0.0942 0.6932 0.2009 -0.6918 0.0216 0.6139 -0.2318 -0.6813 -0.3245 0.9684 -0.1308 0.1725 0.1241
0.8161 -0.0914 -0.5669 -0.0653 0.512 -0.6987 -0.4784 -0.1442 0.7782 -0.1796 -0.5789 -0.1647 0.7772 0.1661 -0.6066 -0.0226 0.7122 -0.5931 -0.2966 -0.2305 0.5632 -0.347 -0.6254 -0.4138 0.9299 0.1461 0.324 -0.0942 0.6932 0.2009 -0.6918 0.0216 0.6139 -0.2318 -0.6813 -0.3245 0.9684 -0.1308 0.1725 0.1241
0.8161 -0.0914 -0.5669 -0.0653 0.4999 -0.6939 -0.5031 -0.1241 0.7782 -0.1796 -0.5789 -0.1647 0.7772 0.1661 -0.6066 -0.0226 0.7122 -0.5931 -0.2966 -0.2305 0.5498 -0.299 -0.6323 -0.4565 0.9299 0.1461 0.324 -0.0942 0.6932 0.2009 -0.6918 0.0216 0.6139 -0.2318 -0.6813 -0.3245 0.9515 -0.1157 0.2563 0.1243
0.8161 -0.0914 -0.5669 -0.0653 0.4999 -0.6939 -0.5031 -0.1241 0.7681 -0.2005 -0.5855 -0.1644 0.7772 0.1661 -0.6066 -0.0226 0.7122 -0.5931 -0.2966 -0.2305 0.5498 -0.299 -0.6323 -0.4565 0.9299 0.1461 0.324 -0.0942 0.6828 0.1823 -0.7073 0.0182 0.6044 -0.3176 -0.6573 -0.319 0.9515 -0.1157 0.2563 0.1243
0.8161 -0.0914 -0.5669 -0.0653 0.4999 -0.6939 -0.5031 -0.1241 0.7681 -0.2005 -0.5855 -0.1644 0.7772 0.1661 -0.6066 -0.0226 0.7122 -0.5931 -0.2966 -0.2305 0.5498 -0.299 -0.6323 -0.4565 0.9299 0.1461 0.324 -0.0942 0.6828 0.1823 -0.7073 0.0182 0.6044 -0.3176 -0.6573 -0.319 0.9515 -0.1157 0.2563 0.1243
0.7998 -0.1163 -0.5738 -0.1326 0.4999 -0.6939 -0.5031 -0.1241 0.7681 -0.2005 -0.5855 -0.1644 0.7981 0.08 -0.5957 0.0424 0.7122 -0.5931 -0.2966 -0.2305 0.5498 -0.299 -0.6323 -0.4565 0.9299 0.1461 0.324 -0.0942 0.6828 0.1823 -0.7073 0.0182 0.6044 -0.3176 -0.6573 -0.319 0.9515 -0.1157 0.2563 0.1243
0.7998 -0.1163 -0.5738 -0.1326 0.4999 -0.6939 -0.5031 -0.1241 0.7681 -0.2005 -0.5855 -0.1644 0.7981 0.08 -0.5957 0.0424 0.7122 -0.5931 -0.2966 -0.2305 0.5498 -0.299 -0.6323 -0.4565 0.8698 0.1588 0.4482 -0.132 0.6828 0.1823 -0.7073 0.0182 0.6044 -0.3176 -0.6573 -0.319 0.9515 -0.1157 0.2563 0.1243
0.7998 -0.1163 -0.5738 -0.1326 0.4999 -0.6939 -0.5031 -0.1241 0.7681 -0.2005 -0.5855 -0.1644 0.7981 0.08 -0.5957 0.0424 0.7122 -0.5931 -0.2966 -0.2305 0.5498 -0.299 -0.6323 -0.4565 0.8698 0.1588 0.4482 -0.132 0.6828 0.1823 -0.7073 0.0182 0.6044 -0.3176 -0.6573 -0.319 0.9481 -0.1071 0.2719 0.1255
0.7998 -0.1163 -0.5738 -0.1326 0.525 -0.6699 -0.4803 -0.2121 0.7681 -0.2005 -0.5855 -0.1644 0.7981 0.08 -0.5957 0.0424 0.7122 -0.5931 -0.2966 -0.2305 0.5498 -0.299 -0.6323 -0.4565 0.8698 0.1588 0.4482 -0.132 0.6828 0.1823 -0.7073 0.0182 0.6044 -0.3176 -0.6573 -0.319 0.9481 -0.1071 0.2719 0.1255
0.7998 -0.1163 -0.5738 -0.1326 0.525 -0.6699 -0.4803 -0.2121 0.7681 -0.2005 -0.5855 -0.1644 0.7981 0.08 -0.5957 0.0424 0.7122 -0.5931 -0.2966 -0.2305 0.5498 -0.299 -0.6323 -0.4565 0.8698 0.1588 0.4482 -0.132 0.6828 0.1823 -0.7073 0.0182 0.6004 -0.3555 -0.6576 -0.2841 0.9481 -0.1071 0.2719 0.1255
0.7998 -0.1163 -0.5738 -0.1326 0.525 -0.6699 -0.4803 -0.2121 0.7681 -0.2005 -0.5855 -0.1644 0.7981 0.08 -0.5957 0.0424 0.7122 -0.5931 -0.2966 -0.2305 0.5498 -0.299 -0.6323 -0.4565 0.8698 0.1588 0.4482 -0.132 0.6611 0.1694 -0.7285 0.0599 0.6004 -0.3555 -0.6576 -0.2841 0.9481 -0.1071 0.2719 0.1255
0.7998 -0.1163 -0.5738 -0.1326 0.525 -0.6699 -0.4803 -0.2121 0.7639 -0.2572 -0.5647 -0.1775 0.7981 0.08 -0.5957 0.0424 0.7122 -0.5931 -0.2966 -0.2305 0.5498 -0.299 -0.6323 -0.4565 0.8698 0.1588 0.4482 -0.132 0.6611 0.1694 -0.7285 0.0599 0.6004 -0.3555 -0.6576 -0.2841 0.9481 -0.1071 0.2719 0.1255
0.7884 -0.1021 -0.5773 -0.1865 0.525 -0.6699 -0.4803 -0.2121 0.7639 -0.2572 -0.5647 -0.1775 0.7981 0.08 -0.5957 0.0424 0.7122 -0.5931 -0.2966 -0.2305 0.5498 -0.299 -0.6323 -0.4565 0.8698 0.1588 0.4482 -0.132 0.6611 0.1694 -0.7285 0.0599 0.6004 -0.3555 -0.6576 -0.2841 0.9481 -0.1071 0.2719 0.1255
0.7884 -0.1021 -0.5773 -0.1865 0.525 -0.6699 -0.4803 -0.2121 0.7639 -0.2572 -0.5647 -0.1775 0.8082 0.0423 -0.5872 -0.0175 0.7122 -0.5931 -0.2966 -0.2305 0.5498 -0.299 -0.6323 -0.4565 0.7786 0.1388 0.5685 -0.2267 0.6611 0.1694 -0.7285 0.0599 0.6004 -0.3555 -0.6576 -0.2841 0.9481 -0.1071 0.2719 0.1255
0.7884 -0.1021 -0.5773 -0.1865 0.525 -0.6699 -0.4803 -0.2121 0.7639 -0.2572 -0.5647 -0.1775 0.8082 0.0423 -0.5872 -0.0175 0.7122 -0.5931 -0.2966 -0.2305 0.5498 -0.299 -0.6323 -0.4565 0.7786 0.1388 0.5685 -0.2267 0.6611 0.1694 -0.7285 0.0599 0.6004 -0.3555 -0.6576 -0.2841 0.9476 -0.1065 0.2741 0.1246
0.7884 -0.1021 -0.5773 -0.1865 0.5389 -0.6614 -0.4055 -0.3281 0.7639 -0.2572 -0.5647 -0.1775 0.8082 0.0423 -0.5872 -0.0175 0.7122 -0.5931 -0.2966 -0.2305 0.3675 -0.1383 -0.6356 -0.6647 0.7786 0.1388 0.5685 -0.2267 0.6611 0.1694 -0.7285 0.0599 0.6004 -0.3555 -0.6576 -0.2841 0.9476 -0.1065 0.2741 0.1246
0.7884 -0.1021 -0.5773 -0.1865 0.5389 -0.6614 -0.4055 -0.3281 0.7639 -0.2572 -0.5647 -0.1775 0.8082 0.0423 -0.5872 -0.0175 0.7122 -0.5931 -0.2966 -0.2305 0.3675 -0.1383 -0.6356 -0.6647 0.7786 0.1388 0.5685 -0.2267 0.6611 0.1694 -0.7285 0.0599 0.6016 -0.3727 -0.6592 -0.2542 0.9476 -0.1065 0.2741 0.1246
0.7884 -0.1021 -0.5773 -0.1865 0.5389 -0.6614 -0.4055 -0.3281 0.7639 -0.2572 -0.5647 -0.1775 0.8082 0.0423 -0.5872 -0.0175 0.7122 -0.5931 -0.2966 -0.2305 0.3675 -0.1383 -0.6356 -0.6647 0.7786 0.1388 0.5685 -0.2267 0.6498 0.1467 -0.7426 0.0687 0.6016 -0.3727 -0.6592 -0.2542 0.9476 -0.1065 0.2741 0.1246
0.7884 -0.1021 -0.5773 -0.1865 0.5389 -0.6614 -0.4055 -0.3281 0.7556 -0.2852 -0.5341 -0.2501 0.8082 0.0423 -0.5872 -0.0175 0.7122 -0.5931 -0.2966 -0.2305 0.3675 -0.1383 -0.6356 -0.6647 0.7786 0.1388 0.5685 -0.2267 0.6498 0.1467 -0.7426 0.0687 0.6016 -0.3727 -0.6592 -0.2542 0.9476 -0.1065 0.2741 0.1246
0.7706 -0.1393 -0.5669 -0.2558 0.5389 -0.6614 -0.4055 -0.3281 0.7556 -0.2852 -0.5341 -0.2501 0.8082 0.0423 -0.5872 -0.0175 0.7122 -0.5931 -0.2966 -0.2305 0.3675 -0.1383 -0.6356 -0.6647 0.7786 0.1388 0.5685 -0.2267 0.6498 0.1467 -0.7426 0.0687 0.6016 -0.3727 -0.6592 -0.2542 0.9476 -0.1065 0.2741 0.1246
0.7706 -0.1393 -0.5669 -0.2558 0.5389 -0.6614 -0.4055 -0.3281 0.7556 -0.2852 -0.5341 -0.2501 0.7977 0.0754 -0.5849 -0.1262 0.7122 -0.5931 -0.2966 -0.2305 0.3675 -0.1383 -0.6356 -0.6647 0.7786 0.1388 0.5685 -0.2267 0.6498 0.1467 -0.7426 0.0687 0.6016 -0.3727 -0.6592 -0.2542 0.9476 -0.1065 0.2741 0.1246
0.7706 -0.1393 -0.5669 -0.2558 0.5389 -0.6614 -0.4055 -0.3281 0.7556 -0.2852 -0.5341 -0.2501 0.7977 0.0754 -0.5849 -0.1262 0.7122 -0.5931 -0.2966 -0.2305 0.3675 -0.1383 -0.6356 -0.6647 0.7786 0.1388 0.5685 -0.2267 0.6498 0.1467 -0.7426 0.0687 0.6016 -0.3727 -0.6592 -0.2542 0.9476 -0.1065 0.2741 0.1246
0.7706 -0.1393 -0.5669 -0.2558 0.5389 -0.6614 -0.4055 -0.3281 0.7556 -0.2852 -0.5341 -0.2501 0.7977 0.0754 -0.5849 -0.1262 0.7122 -0.5931 -0.2966 -0.2305 0.3675 -0.1383 -0.6356 -0.6647 0.7902 0.1464 0.5574 -0.2085 0.6498 0.1467 -0.7426 0.0687 0.6016 -0.3727 -0.6592 -0.2542 0.9451 -0.1099 0.2817 0.1235
0.7706 -0.1393 -0.5669 -0.2558 0.5124 -0.6797 -0.3073 -0.4255 0.7556 -0.2852 -0.5341 -0.2501 0.7977 0.0754 -0.5849 -0.1262 0.7122 -0.5931 -0.2966 -0.2305 0.3675 -0.1383 -0.6356 -0.6647 0.7902 0.1464 0.5574 -0.2085 0.6498 0.1467 -0.7426 0.0687 0.6016 -0.3727 -0.6592 -0.2542 0.9451 -0.1099 0.2817 0.1235
0.7706 -0.1393 -0.5669 -0.2558 0.5124 -0.6797 -0.3073 -0.4255 0.7556 -0.2852 -0.5341 -0.2501 0.7977 0.0754 -0.5849 -0.1262 0.7122 -0.5931 -0.2966 -0.2305 0.3675 -0.1383 -0.6356 -0.6647 0.7902 0.1464 0.5574 -0.2085 0.6418 0.1487 -0.7477 0.0833 0.6108 -0.3941 -0.6498 -0.2217 0.9451 -0.1099 0.2817 0.1235
0.7706 -0.1393 -0.5669 -0.2558 0.5124 -0.6797 -0.3073 -0.4255 0.7247 -0.3298 -0.498 -0.3436 0.7977 0.0754 -0.5849 -0.1262 0.7122 -0.5931 -0.2966 -0.2305 0.3675 -0.1383 -0.6356 -0.6647 0.7902 0.1464 0.5574 -0.2085 0.6418 0.1487 -0.7477 0.0833 0.6108 -0.3941 -0.6498 -0.2217 0.9451 -0.1099 0.2817 0.1235
0.7706 -0.1393 -0.5669 -0.2558 0.5124 -0.6797 -0.3073 -0.4255 0.7247 -0.3298 -0.498 -0.3436 0.7977 0.0754 -0.5849 -0.1262 0.7122 -0.5931 -0.2966 -0.2305 0.3675 -0.1383 -0.6356 -0.6647 0.7902 0.1464 0.5574 -0.2085 0.6418 0.1487 -0.7477 0.0833 0.6108 -0.3941 -0.6498 -0.2217 0.9451 -0.1099 0.2817 0.1235
0.7509 -0.165 -0.554 -0.3193 0.5124 -0.6797 -0.3073 -0.4255 0.7247 -0.3298 -0.498 -0.3436 0.7702 0.1009 -0.584 -0.2357 0.7122 -0.5931 -0.2966 -0.2305 0.3675 -0.1383 -0.6356 -0.6647 0.874 0.1874 0.4088 -0.1843 0.6418 0.1487 -0.7477 0.0833 0.6108 -0.3941 -0.6498 -0.2217 0.9451 -0.1099 0.2817 0.1235
0.7509 -0.165 -0.554 -0.3193 0.5124 -0.6797 -0.3073 -0.4255 0.7247 -0.3298 -0.498 -0.3436 0.7702 0.1009 -0.584 -0.2357 0.7122 -0.5931 -0.2966 -0.2305 0.3675 -0.1383 -0.6356 -0.6647 0.874 0.1874 0.4088 -0.1843 0.6418 0.1487 -0.7477 0.0833 0.6108 -0.3941 -0.6498 -0.2217 0.945 -0.1066 0.2829 0.1248
0.7509 -0.165 -0.554 -0.3193 0.4902 -0.6899 -0.2566 -0.4667 0.7247 -0.3298 -0.498 -0.3436 0.7702 0.1009 -0.584 -0.2357 0.7122 -0.5931 -0.2966 -0.2305 0.3675 -0.1383 -0.6356 -0.6647 0.874 0.1874 0.4088 -0.1843 0.6418 0.1487 -0.7477 0.0833 0.6108 -0.3941 -0.6498 -0.2217 0.945 -0.1066 0.2829 0.1248
0.7509 -0.165 -0.554 -0.3193 0.4902 -0.6899 -0.2566 -0.4667 0.7247 -0.3298 -0.498 -0.3436 0.7702 0.1009 -0.584 -0.2357 0.7122 -0.5931 -0.2966 -0.2305 0.3675 -0.1383 -0.6356 -0.6647 0.874 0.1874 0.4088 -0.1843 0.6418 0.1487 -0.7477 0.0833 0.6138 -0.4475 -0.6242 -0.1826 0.945 -0.1066 0.2829 0.1248
0.7509 -0.165 -0.554 -0.3193 0.4902 -0.6899 -0.2566 -0.4667 0.7247 -0.3298 -0.498 -0.3436 0.7702 0.1009 -0.584 -0.2357 0.7122 -0.5931 -0.2966 -0.2305 0.3675 -0.1383 -0.6356 -0.6647 0.874 0.1874 0.4088 -0.1843 0.6373 0.1516 -0.7505 0.087 0.6138 -0.4475 -0.6242 -0.1826 0.945 -0.1066 0.2829 0.1248
0.7509 -0.165 -0.554 -0.3193 0.4902 -0.6899 -0.2566 -0.4667 0.6788 -0.3413 -0.474 -0.4451 0.7702 0.1009 -0.584 -0.2357 0.7122 -0.5931 -0.2966 -0.2305 0.3675 -0.1383 -0.6356 -0.6647 0.874 0.1874 0.4088 -0.1843 0.6373 0.1516 -0.7505 0.087 0.6138 -0.4475 -0.6242 -0.1826 0.945 -0.1066 0.2829 0.1248
0.7328 -0.1887 -0.5458 -0.3597 0.4902 -0.6899 -0.2566 -0.4667 0.6788 -0.3413 -0.474 -0.4451 0.7702 0.1009 -0.584 -0.2357 0.7122 -0.5931 -0.2966 -0.2305 0.3675 -0.1383 -0.6356 -0.6647 0.874 0.1874 0.4088 -0.1843 0.6373 0.1516 -0.7505 0.087 0.6138 -0.4475 -0.6242 -0.1826 0.945 -0.1066 0.2829 0.1248
0.7328 -0.1887 -0.5458 -0.3597 0.4902 -0.6899 -0.2566 -0.4667 0.6788 -0.3413 -0.474 -0.4451 0.7224 0.111 -0.5862 -0.3497 0.7122 -0.5931 -0.2966 -0.2305 0.3675 -0.1383 -0.6356 -0.6647 0.874 0.1874 0.4088 -0.1843 0.6373 0.1516 -0.7505 0.087 0.6138 -0.4475 -0.6242 -0.1826 0.945 -0.1066 0.2829 0.1248
0.7328 -0.1887 -0.5458 -0.3597 0.4902 -0.6899 -0.2566 -0.4667 0.6788 -0.3413 -0.474 -0.4451 0.7224 0.111 -0.5862 -0.3497 0.7122 -0.5931 -0.2966 -0.2305 0.3675 -0.1383 -0.6356 -0.6647 0.874 0.1874 0.4088 -0.1843 0.6373 0.1516 -0.7505 0.087 0.6138 -0.4475 -0.6242 -0.1826 0.945 -0.1066 0.2829 0.1248
0.7328 -0.1887 -0.5458 -0.3597 0.4627 -0.6955 -0.2292 -0.4996 0.6788 -0.3413 -0.474 -0.4451 0.7224 0.111 -0.5862 -0.3497 0.7122 -0.5931 -0.2966 -0.2305 0.3675 -0.1383 -0.6356 -0.6647 0.9267 0.223 0.2579 -0.1582 0.6373 0.1516 -0.7505 0.087 0.6138 -0.4475 -0.6242 -0.1826 0.9446 -0.1006 0.2842 0.1296
0.7328 -0.1887 -0.5458 -0.3597 0.4627 -0.6955 -0.2292 -0.4996 0.6788 -0.3413 -0.474 -0.4451 0.7224 0.111 -0.5862 -0.3497 0.7122 -0.5931 -0.2966 -0.2305 0.3675 -0.1383 -0.6356 -0.6647 0.9267 0.223 0.2579 -0.1582 0.6373 0.1516 -0.7505 0.087 0.6172 -0.4911 -0.5992 -0.137 0.9446 -0.1006 0.2842 0.1296
0.7328 -0.1887 -0.5458 -0.3597 0.4627 -0.6955 -0.2292 -0.4996 0.6788 -0.3413 -0.474 -0.4451 0.7224 0.111 -0.5862 -0.3497 0.7122 -0.5931 -0.2966 -0.2305 0.3675 -0.1383 -0.6356 -0.6647 0.9267 0.223 0.2579 -0.1582 0.6373 0.1516 -0.7505 0.087 0.6172 -0.4911 -0.5992 -0.137 0.9446 -0.1006 0.2842 0.1296
0.7328 -0.1887 -0.5458 -0.3597 0.4627 -0.6955 -0.2292 -0.4996 0.6724 -0.3011 -0.5146 -0.4386 0.7224 0.111 -0.5862 -0.3497 0.7122 -0.5931 -0.2966 -0.2305 0.3675 -0.1383 -0.6356 -0.6647 0.9267 0.223 0.2579 -0.1582 0.6258 0.1347 -0.7602 0.1111 0.6172 -0.4911 -0.5992 -0.137 0.9446 -0.1006 0.2842 0.1296
0.7213 -0.226 -0.5377 -0.3737 0.4627 -0.6955 -0.2292 -0.4996 0.6724 -0.3011 -0.5146 -0.4386 0.6693 0.1653 -0.6345 -0.3496 0.7122 -0.5931 -0.2966 -0.2305 0.3675 -0.1383 -0.6356 -0.6647 0.9267 0.223 0.2579 -0.1582 0.6258 0.1347 -0.7602 0.1111 0.6172 -0.4911 -0.5992 -0.137 0.9446 -0.1006 0.2842 0.1296
0.7213 -0.226 -0.5377 -0.3737 0.4627 -0.6955 -0.2292 -0.4996 0.6724 -0.3011 -0.5146 -0.4386 0.6693 0.1653 -0.6345 -0.3496 0.7122 -0.5931 -0.2966 -0.2305 0.3675 -0.1383 -0.6356 -0.6647 0.9365 0.1536 0.29 -0.1241 0.6258 0.1347 -0.7602 0.1111 0.6172 -0.4911 -0.5992 -0.137 0.9446 -0.1006 0.2842 0.1296
0.7213 -0.226 -0.5377 -0.3737 0.4627 -0.6955 -0.2292 -0.4996 0.6724 -0.3011 -0.5146 -0.4386 0.6693 0.1653 -0.6345 -0.3496 0.7122 -0.5931 -0.2966 -0.2305 0.3675 -0.1383 -0.6356 -0.6647 0.9365 0.1536 0.29 -0.1241 0.6258 0.1347 -0.7602 0.1111 0.6172 -0.4911 -0.5992 -0.137 0.9362 -0.1113 0.3065 0.1313
0.7213 -0.226 -0.5377 -0.3737 0.4627 -0.6955 -0.2292 -0.4996 0.6724 -0.3011 -0.5146 -0.4386 0.6693 0.1653 -0.6345 -0.3496 0.7122 -0.5931 -0.2966 -0.2305 0.3675 -0.1383 -0.6356 -0.6647 0.9365 0.1536 0.29 -0.1241 0.6258 0.1347 -0.7602 0.1111 0.6172 -0.4911 -0.5992 -0.137 0.9362 -0.1113 0.3065 0.1313
0.7213 -0.226 -0.5377 -0.3737 0.4304 -0.7052 -0.2155 -0.5206 0.6724 -0.3011 -0.5146 -0.4386 0.6693 0.1653 -0.6345 -0.3496 0.6553 -0.6385 -0.299 -0.2712 0.3675 -0.1383 -0.6356 -0.6647 0.9365 0.1536 0.29 -0.1241 0.6258 0.1347 -0.7602 0.1111 0.6172 -0.4911 -0.5992 -0.137 0.9362 -0.1113 0.3065 0.1313
0.7213 -0.226 -0.5377 -0.3737 0.4304 -0.7052 -0.2155 -0.5206 0.6724 -0.3011 -0.5146 -0.4386 0.6693 0.1653 -0.6345 -0.3496 0.6553 -0.6385 -0.299 -0.2712 0.3675 -0.1383 -0.6356 -0.6647 0.9365 0.1536 0.29 -0.1241 0.6312 0.1142 -0.7584 0.1156 0.6172 -0.4911 -0.5992 -0.137 0.9362 -0.1113 0.3065 0.1313
0.7213 -0.226 -0.5377 -0.3737 0.4304 -0.7052 -0.2155 -0.5206 0.718 -0.2397 -0.5765 -0.3076 0.6693 0.1653 -0.6345 -0.3496 0.6553 -0.6385 -0.299 -0.2712 0.3675 -0.1383 -0.6356 -0.6647 0.9365 0.1536 0.29 -0.1241 0.6312 0.1142 -0.7584 0.1156 0.6172 -0.4911 -0.5992 -0.137 0.9362 -0.1113 0.3065 0.1313
0.7161 -0.2024 -0.5632 -0.3593 0.4304 -0.7052 -0.2155 -0.5206 0.718 -0.2397 -0.5765 -0.3076 0.6693 0.1653 -0.6345 -0.3496 0.6553 -0.6385 -0.299 -0.2712 0.3675 -0.1383 -0.6356 -0.6647 0.9365 0.1536 0.29 -0.1241 0.6312 0.1142 -0.7584 0.1156 0.6172 -0.4911 -0.5992 -0.137 0.9362 -0.1113 0.3065 0.1313
0.7161 -0.2024 -0.5632 -0.3593 0.4304 -0.7052 -0.2155 -0.5206 0.718 -0.2397 -0.5765 -0.3076 0.7034 0.1226 -0.6585 -0.238 0.6553 -0.6385 -0.299 -0.2712 0.3675 -0.1383 -0.6356 -0.6647 0.9365 0.1536 0.29 -0.1241 0.6312 0.1142 -0.7584 0.1156 0.6172 -0.4911 -0.5992 -0.137 0.9362 -0.1113 0.3065 0.1313
0.7161 -0.2024 -0.5632 -0.3593 0.4304 -0.7052 -0.2155 -0.5206 0.718 -0.2397 -0.5765 -0.3076 0.7034 0.1226 -0.6585 -0.238 0.6553 -0.6385 -0.299 -0.2712 0.3675 -0.1383 -0.6356 -0.6647 0.9348 0.1465 0.2993 -0.1225 0.6312 0.1142 -0.7584 0.1156 0.6172 -0.4911 -0.5992 -0.137 0.7959 -0.1863 0.5617 0.1276
0.7161 -0.2024 -0.5632 -0.3593 0.4304 -0.7052 -0.2155 -0.5206 0.718 -0.2397 -0.5765 -0.3076 0.7034 0.1226 -0.6585 -0.238 0.6226 -0.6216 -0.3795 -0.2863 0.3675 -0.1383 -0.6356 -0.6647 0.9348 0.1465 0.2993 -0.1225 0.6312 0.1142 -0.7584 0.1156 0.6172 -0.4911 -0.5992 -0.137 0.7959 -0.1863 0.5617 0.1276
0.7161 -0.2024 -0.5632 -0.3593 0.4922 -0.6649 -0.2977 -0.4763 0.718 -0.2397 -0.5765 -0.3076 0.7034 0.1226 -0.6585 -0.238 0.6226 -0.6216 -0.3795 -0.2863 0.3675 -0.1383 -0.6356 -0.6647 0.9348 0.1465 0.2993 -0.1225 0.6312 0.1142 -0.7584 0.1156 0.6172 -0.4911 -0.5992 -0.137 0.7959 -0.1863 0.5617 0.1276
0.7161 -0.2024 -0.5632 -0.3593 0.4922 -0.6649 -0.2977 -0.4763 0.718 -0.2397 -0.5765 -0.3076 0.7034 0.1226 -0.6585 -0.238 0.6226 -0.6216 -0.3795 -0.2863 0.3675 -0.1383 -0.6356 -0.6647 0.9348 0.1465 0.2993 -0.1225 0.6968 0.2066 -0.6799 0.0975 0.634 -0.5544 -0.5374 0.0421 0.7959 -0.1863 0.5617 0.1276
0.7161 -0.2024 -0.5632 -0.3593 0.4922 -0.6649 -0.2977 -0.4763 0.7085 -0.3204 -0.5356 -0.3295 0.7034 0.1226 -0.6585 -0.238 0.6226 -0.6216 -0.3795 -0.2863 0.3675 -0.1383 -0.6356 -0.6647 0.9348 0.1465 0.2993 -0.1225 0.6968 0.2066 -0.6799 0.0975 0.634 -0.5544 -0.5374 0.0421 0.7959 -0.1863 0.5617 0.1276
0.7786 -0.0771 -0.5781 -0.2316 0.4922 -0.6649 -0.2977 -0.4763 0.7085 -0.3204 -0.5356 -0.3295 0.7034 0.1226 -0.6585 -0.238 0.6226 -0.6216 -0.3795 -0.2863 0.3675 -0.1383 -0.6356 -0.6647 0.9348 0.1465 0.2993 -0.1225 0.6968 0.2066 -0.6799 0.0975 0.634 -0.5544 -0.5374 0.0421 0.7959 -0.1863 0.5617 0.1276
0.7786 -0.0771 -0.5781 -0.2316 0.4922 -0.6649 -0.2977 -0.4763 0.7085 -0.3204 -0.5356 -0.3295 0.7692 -0.0012 -0.6001 -0.2195 0.6226 -0.6216 -0.3795 -0.2863 0.3675 -0.1383 -0.6356 -0.6647 0.9348 0.1465 0.2993 -0.1225 0.6968 0.2066 -0.6799 0.0975 0.634 -0.5544 -0.5374 0.0421 0.7959 -0.1863 0.5617 0.1276
0.7786 -0.0771 -0.5781 -0.2316 0.4922 -0.6649 -0.2977 -0.4763 0.7085 -0.3204 -0.5356 -0.3295 0.7692 -0.0012 -0.6001 -0.2195 0.6226 -0.6216 -0.3795 -0.2863 0.3675 -0.1383 -0.6356 -0.6647 0.9348 0.1465 0.2993 -0.1225 0.6968 0.2066 -0.6799 0.0975 0.634 -0.5544 -0.5374 0.0421 0.7959 -0.1863 0.5617 0.1276
0.7786 -0.0771 -0.5781 -0.2316 0.4922 -0.6649 -0.2977 -0.4763 0.7085 -0.3204 -0.5356 -0.3295 0.7692 -0.0012 -0.6001 -0.2195 0.6226 -0.6216 -0.3795 -0.2863 0.3675 -0.1383 -0.6356 -0.6647 0.9341 0.1487 0.301 -0.1212 0.6968 0.2066 -0.6799 0.0975 0.634 -0.5544 -0.5374 0.0421 0.8324 -0.1584 0.4941 0.1946
0.7786 -0.0771 -0.5781 -0.2316 0.5746 -0.635 -0.3841 -0.345 0.7085 -0.3204 -0.5356 -0.3295 0.7692 -0.0012 -0.6001 -0.2195 0.6226 -0.6216 -0.3795 -0.2863 0.3675 -0.1383 -0.6356 -0.6647 0.9341 0.1487 0.301 -0.1212 0.6968 0.2066 -0.6799 0.0975 0.634 -0.5544 -0.5374 0.0421 0.8324 -0.1584 0.4941 0.1946
0.7786 -0.0771 -0.5781 -0.2316 0.5746 -0.635 -0.3841 -0.345 0.7625 -0.2551 -0.5356 -0.2581 0.7692 -0.0012 -0.6001 -0.2195 0.6226 -0.6216 -0.3795 -0.2863 0.3675 -0.1383 -0.6356 -0.6647 0.9341 0.1487 0.301 -0.1212 0.7108 0.2857 -0.6395 0.0639 0.6681 -0.4234 -0.6085 -0.0634 0.8324 -0.1584 0.4941 0.1946
0.7786 -0.0771 -0.5781 -0.2316 0.5746 -0.635 -0.3841 -0.345 0.7625 -0.2551 -0.5356 -0.2581 0.7692 -0.0012 -0.6001 -0.2195 0.6226 -0.6216 -0.3795 -0.2863 0.3675 -0.1383 -0.6356 -0.6647 0.9341 0.1487 0.301 -0.1212 0.7108 0.2857 -0.6395 0.0639 0.6681 -0.4234 -0.6085 -0.0634 0.8324 -0.1584 0.4941 0.1946
0.8229 -0.0597 -0.5485 -0.1359 0.5746 -0.635 -0.3841 -0.345 0.7625 -0.2551 -0.5356 -0.2581 0.7951 0.0972 -0.5855 -0.1245 0.6226 -0.6216 -0.3795 -0.2863 0.3675 -0.1383 -0.6356 -0.6647 0.9341 0.1487 0.301 -0.1212 0.7108 0.2857 -0.6395 0.0639 0.6681 -0.4234 -0.6085 -0.0634 0.8324 -0.1584 0.4941 0.1946
0.8229 -0.0597 -0.5485 -0.1359 0.5746 -0.635 -0.3841 -0.345 0.7625 -0.2551 -0.5356 -0.2581 0.7951 0.0972 -0.5855 -0.1245 0.6226 -0.6216 -0.3795 -0.2863 0.3675 -0.1383 -0.6356 -0.6647 0.9341 0.1487 0.301 -0.1212 0.7108 0.2857 -0.6395 0.0639 0.6681 -0.4234 -0.6085 -0.0634 0.8324 -0.1584 0.4941 0.1946
0.8229 -0.0597 -0.5485 -0.1359 0.5746 -0.635 -0.3841 -0.345 0.7625 -0.2551 -0.5356 -0.2581 0.7951 0.0972 -0.5855 -0.1245 0.6226 -0.6216 -0.3795 -0.2863 0.3675 -0.1383 -0.6356 -0.6647 0.9341 0.1487 0.301 -0.1212 0.7108 0.2857 -0.6395 0.0639 0.6681 -0.4234 -0.6085 -0.0634 0.9437 -0.1392 0.2693 0.1325
0.8229 -0.0597 -0.5485 -0.1359 0.5612 -0.6773 -0.4221 -0.2195 0.7625 -0.2551 -0.5356 -0.2581 0.7951 0.0972 -0.5855 -0.1245 0.5591 -0.5767 -0.5011 -0.3221 0.5762 -0.38 -0.6027 -0.4006 0.9341 0.1487 0.301 -0.1212 0.7108 0.2857 -0.6395 0.0639 0.6681 -0.4234 -0.6085 -0.0634 0.9437 -0.1392 0.2693 0.1325
0.8229 -0.0597 -0.5485 -0.1359 0.5612 -0.6773 -0.4221 -0.2195 0.7625 -0.2551 -0.5356 -0.2581 0.7951 0.0972 -0.5855 -0.1245 0.5591 -0.5767 -0.5011 -0.3221 0.5762 -0.38 -0.6027 -0.4006 0.9341 0.1487 0.301 -0.1212 0.7108 0.2857 -0.6395 0.0639 0.6681 -0.4234 -0.6085 -0.0634 0.9437 -0.1392 0.2693 0.1325
0.8229 -0.0597 -0.5485 -0.1359 0.5612 -0.6773 -0.4221 -0.2195 0.7993 -0.1707 -0.5553 -0.1536 0.7951 0.0972 -0.5855 -0.1245 0.5591 -0.5767 -0.5011 -0.3221 0.5762 -0.38 -0.6027 -0.4006 0.9341 0.1487 0.301 -0.1212 0.7156 0.2041 -0.668 0.012 0.6359 -0.2905 -0.6531 -0.2911 0.9437 -0.1392 0.2693 0.1325
0.8229 -0.0597 -0.5485 -0.1359 0.5612 -0.6773 -0.4221 -0.2195 0.7993 -0.1707 -0.5553 -0.1536 0.7951 0.0972 -0.5855 -0.1245 0.5591 -0.5767 -0.5011 -0.3221 0.5762 -0.38 -0.6027 -0.4006 0.9341 0.1487 0.301 -0.1212 0.7156 0.2041 -0.668 0.012 0.6359 -0.2905 -0.6531 -0.2911 0.9437 -0.1392 0.2693 0.1325
0.8414 -0.082 -0.531 -0.0589 0.5612 -0.6773 -0.4221 -0.2195 0.7993 -0.1707 -0.5553 -0.1536 0.7951 0.0972 -0.5855 -0.1245 0.5591 -0.5767 -0.5011 -0.3221 0.5762 -0.38 -0.6027 -0.4006 0.9341 0.1487 0.301 -0.1212 0.7156 0.2041 -0.668 0.012 0.6359 -0.2905 -0.6531 -0.2911 0.9437 -0.1392 0.2693 0.1325
0.8414 -0.082 -0.531 -0.0589 0.5612 -0.6773 -0.4221 -0.2195 0.7993 -0.1707 -0.5553 -0.1536 0.7951 0.0972 -0.5855 -0.1245 0.5591 -0.5767 -0.5011 -0.3221 0.5762 -0.38 -0.6027 -0.4006 0.9341 0.1487 0.301 -0.1212 0.7156 0.2041 -0.668 0.012 0.6359 -0.2905 -0.6531 -0.2911 0.9437 -0.1392 0.2693 0.1325
0.8414 -0.082 -0.531 -0.0589 0.5612 -0.6773 -0.4221 -0.2195 0.7993 -0.1707 -0.5553 -0.1536 0.7808 0.2087 -0.5883 -0.0294 0.5591 -0.5767 -0.5011 -0.3221 0.5762 -0.38 -0.6027 -0.4006 0.9326 0.1483 0.3058 -0.1218 0.7156 0.2041 -0.668 0.012 0.6359 -0.2905 -0.6531 -0.2911 0.9825 -0.1165 0.0993 0.106
0.8414 -0.082 -0.531 -0.0589 0.5612 -0.6773 -0.4221 -0.2195 0.7993 -0.1707 -0.5553 -0.1536 0.7808 0.2087 -0.5883 -0.0294 0.5591 -0.5767 -0.5011 -0.3221 0.5762 -0.38 -0.6027 -0.4006 0.9326 0.1483 0.3058 -0.1218 0.7156 0.2041 -0.668 0.012 0.6359 -0.2905 -0.6531 -0.2911 0.9825 -0.1165 0.0993 0.106
0.8414 -0.082 -0.531 -0.0589 0.4984 -0.7289 -0.454 -0.1189 0.7993 -0.1707 -0.5553 -0.1536 0.7808 0.2087 -0.5883 -0.0294 0.5226 -0.5755 -0.5172 -0.358 0.5762 -0.38 -0.6027 -0.4006 0.9326 0.1483 0.3058 -0.1218 0.7156 0.2041 -0.668 0.012 0.6359 -0.2905 -0.6531 -0.2911 0.9825 -0.1165 0.0993 0.106
0.8414 -0.082 -0.531 -0.0589 0.4984 -0.7289 -0.454 -0.1189 0.7909 -0.1439 -0.5856 -0.1041 0.7808 0.2087 -0.5883 -0.0294 0.5226 -0.5755 -0.5172 -0.358 0.5762 -0.38 -0.6027 -0.4006 0.9326 0.1483 0.3058 -0.1218 0.7006 0.1893 -0.6879 0.0143 0.6047 -0.2368 -0.6683 -0.363 0.9825 -0.1165 0.0993 0.106
0.8414 -0.082 -0.531 -0.0589 0.4984 -0.7289 -0.454 -0.1189 0.7909 -0.1439 -0.5856 -0.1041 0.7808 0.2087 -0.5883 -0.0294 0.5226 -0.5755 -0.5172 -0.358 0.5762 -0.38 -0.6027 -0.4006 0.9326 0.1483 0.3058 -0.1218 0.7006 0.1893 -0.6879 0.0143 0.6047 -0.2368 -0.6683 -0.363 0.9825 -0.1165 0.0993 0.106
0.8217 -0.1195 -0.5538 -0.0621 0.4984 -0.7289 -0.454 -0.1189 0.7909 -0.1439 -0.5856 -0.1041 0.7803 0.1614 -0.6021 0.051 0.5226 -0.5755 -0.5172 -0.358 0.5762 -0.38 -0.6027 -0.4006 0.9326 0.1483 0.3058 -0.1218 0.7006 0.1893 -0.6879 0.0143 0.6047 -0.2368 -0.6683 -0.363 0.9825 -0.1165 0.0993 0.106
0.8217 -0.1195 -0.5538 -0.0621 0.4984 -0.7289 -0.454 -0.1189 0.7909 -0.1439 -0.5856 -0.1041 0.7803 0.1614 -0.6021 0.051 0.5226 -0.5755 -0.5172 -0.358 0.5762 -0.38 -0.6027 -0.4006 0.9296 0.1483 0.3128 -0.1268 0.7006 0.1893 -0.6879 0.0143 0.6047 -0.2368 -0.6683 -0.363 0.9632 -0.1253 0.2108 0.1104
0.8217 -0.1195 -0.5538 -0.0621 0.4758 -0.7297 -0.4824 -0.0919 0.7909 -0.1439 -0.5856 -0.1041 0.7803 0.1614 -0.6021 0.051 0.5226 -0.5755 -0.5172 -0.358 0.5762 -0.38 -0.6027 -0.4006 0.9296 0.1483 0.3128 -0.1268 0.7006 0.1893 -0.6879 0.0143 0.6047 -0.2368 -0.6683 -0.363 0.9632 -0.1253 0.2108 0.1104
0.8217 -0.1195 -0.5538 -0.0621 0.4758 -0.7297 -0.4824 -0.0919 0.7909 -0.1439 -0.5856 -0.1041 0.7803 0.1614 -0.6021 0.051 0.5226 -0.5755 -0.5172 -0.358 0.5762 -0.38 -0.6027 -0.4006 0.9296 0.1483 0.3128 -0.1268 0.7006 0.1893 -0.6879 0.0143 0.5922 -0.3235 -0.6531 -0.3437 0.9632 -0.1253 0.2108 0.1104
0.8217 -0.1195 -0.5538 -0.0621 0.4758 -0.7297 -0.4824 -0.0919 0.7909 -0.1439 -0.5856 -0.1041 0.7803 0.1614 -0.6021 0.051 0.5226 -0.5755 -0.5172 -0.358 0.5762 -0.38 -0.6027 -0.4006 0.9296 0.1483 0.3128 -0.1268 0.6854 0.1802 -0.7053 0.0189 0.5922 -0.3235 -0.6531 -0.3437 0.9632 -0.1253 0.2108 0.1104
0.8217 -0.1195 -0.5538 -0.0621 0.4758 -0.7297 -0.4824 -0.0919 0.7639 -0.1853 -0.6024 -0.1389 0.7803 0.1614 -0.6021 0.051 0.5226 -0.5755 -0.5172 -0.358 0.5762 -0.38 -0.6027 -0.4006 0.9296 0.1483 0.3128 -0.1268 0.6854 0.1802 -0.7053 0.0189 0.5922 -0.3235 -0.6531 -0.3437 0.9632 -0.1253 0.2108 0.1104
0.8091 -0.1296 -0.56 -0.122 0.4758 -0.7297 -0.4824 -0.0919 0.7639 -0.1853 -0.6024 -0.1389 0.7803 0.1614 -0.6021 0.051 0.5226 -0.5755 -0.5172 -0.358 0.5762 -0.38 -0.6027 -0.4006 0.9296 0.1483 0.3128 -0.1268 0.6854 0.1802 -0.7053 0.0189 0.5922 -0.3235 -0.6531 -0.3437 0.9632 -0.1253 0.2108 0.1104
0.8091 -0.1296 -0.56 -0.122 0.4758 -0.7297 -0.4824 -0.0919 0.7639 -0.1853 -0.6024 -0.1389 0.78 0.0853 -0.6194 0.0247 0.5226 -0.5755 -0.5172 -0.358 0.5762 -0.38 -0.6027 -0.4006 0.9296 0.1483 0.3128 -0.1268 0.6854 0.1802 -0.7053 0.0189 0.5922 -0.3235 -0.6531 -0.3437 0.9632 -0.1253 0.2108 0.1104
0.8091 -0.1296 -0.56 -0.122 0.4758 -0.7297 -0.4824 -0.0919 0.7639 -0.1853 -0.6024 -0.1389 0.78 0.0853 -0.6194 0.0247 0.5226 -0.5755 -0.5172 -0.358 0.5762 -0.38 -0.6027 -0.4006 0.8506 0.1569 0.4643 -0.1902 0.6854 0.1802 -0.7053 0.0189 0.5922 -0.3235 -0.6531 -0.3437 0.9526 -0.1129 0.259 0.1125
0.8091 -0.1296 -0.56 -0.122 0.4758 -0.7297 -0.4824 -0.0919 0.7639 -0.1853 -0.6024 -0.1389 0.78 0.0853 -0.6194 0.0247 0.5583 -0.5907 -0.4267 -0.3965 0.5762 -0.38 -0.6027 -0.4006 0.8506 0.1569 0.4643 -0.1902 0.6854 0.1802 -0.7053 0.0189 0.5922 -0.3235 -0.6531 -0.3437 0.9526 -0.1129 0.259 0.1125
0.8091 -0.1296 -0.56 -0.122 0.5139 -0.6952 -0.4763 -0.1606 0.7639 -0.1853 -0.6024 -0.1389 0.78 0.0853 -0.6194 0.0247 0.5583 -0.5907 -0.4267 -0.3965 0.5762 -0.38 -0.6027 -0.4006 0.8506 0.1569 0.4643 -0.1902 0.6854 0.1802 -0.7053 0.0189 0.5922 -0.3235 -0.6531 -0.3437 0.9526 -0.1129 0.259 0.1125
0.8091 -0.1296 -0.56 -0.122 0.5139 -0.6952 -0.4763 -0.1606 0.7639 -0.1853 -0.6024 -0.1389 0.78 0.0853 -0.6194 0.0247 0.5583 -0.5907 -0.4267 -0.3965 0.5762 -0.38 -0.6027 -0.4006 0.8506 0.1569 0.4643 -0.1902 0.6685 0.1574 -0.726 0.0353 0.5916 -0.3679 -0.6512 -0.301 0.9526 -0.1129 0.259 0.1125
0.8091 -0.1296 -0.56 -0.122 0.5139 -0.6952 -0.4763 -0.1606 0.7447 -0.2708 -0.5687 -0.2208 0.78 0.0853 -0.6194 0.0247 0.5583 -0.5907 -0.4267 -0.3965 0.5762 -0.38 -0.6027 -0.4006 0.8506 0.1569 0.4643 -0.1902 0.6685 0.1574 -0.726 0.0353 0.5916 -0.3679 -0.6512 -0.301 0.9526 -0.1129 0.259 0.1125
0.7964 -0.1357 -0.5562 -0.1948 0.5139 -0.6952 -0.4763 -0.1606 0.7447 -0.2708 -0.5687 -0.2208 0.78 0.0853 -0.6194 0.0247 0.5583 -0.5907 -0.4267 -0.3965 0.5762 -0.38 -0.6027 -0.4006 0.8506 0.1569 0.4643 -0.1902 0.6685 0.1574 -0.726 0.0353 0.5916 -0.3679 -0.6512 -0.301 0.9526 -0.1129 0.259 0.1125
0.7964 -0.1357 -0.5562 -0.1948 0.5139 -0.6952 -0.4763 -0.1606 0.7447 -0.2708 -0.5687 -0.2208 0.7861 0.0428 -0.6085 -0.0994 0.5583 -0.5907 -0.4267 -0.3965 0.5762 -0.38 -0.6027 -0.4006 0.8506 0.1569 0.4643 -0.1902 0.6685 0.1574 -0.726 0.0353 0.5916 -0.3679 -0.6512 -0.301 0.9526 -0.1129 0.259 0.1125
0.7964 -0.1357 -0.5562 -0.1948 0.5139 -0.6952 -0.4763 -0.1606 0.7447 -0.2708 -0.5687 -0.2208 0.7861 0.0428 -0.6085 -0.0994 0.5583 -0.5907 -0.4267 -0.3965 0.5762 -0.38 -0.6027 -0.4006 0.8506 0.1569 0.4643 -0.1902 0.6685 0.1574 -0.726 0.0353 0.5916 -0.3679 -0.6512 -0.301 0.9526 -0.1129 0.259 0.1125
0.7964 -0.1357 -0.5562 -0.1948 0.5239 -0.6976 -0.391 -0.2933 0.7447 -0.2708 -0.5687 -0.2208 0.7861 0.0428 -0.6085 -0.0994 0.6512 -0.6185 -0.2775 -0.3411 0.3223 -0.1172 -0.6379 -0.6895 0.7383 0.1368 0.6082 -0.2576 0.6685 0.1574 -0.726 0.0353 0.5916 -0.3679 -0.6512 -0.301 0.9499 -0.1022 0.2717 0.1157
0.7964 -0.1357 -0.5562 -0.1948 0.5239 -0.6976 -0.391 -0.2933 0.7447 -0.2708 -0.5687 -0.2208 0.7861 0.0428 -0.6085 -0.0994 0.6512 -0.6185 -0.2775 -0.3411 0.3223 -0.1172 -0.6379 -0.6895 0.7383 0.1368 0.6082 -0.2576 0.6685 0.1574 -0.726 0.0353 0.5907 -0.3972 -0.6462 -0.2752 0.9499 -0.1022 0.2717 0.1157
0.7964 -0.1357 -0.5562 -0.1948 0.5239 -0.6976 -0.391 -0.2933 0.7447 -0.2708 -0.5687 -0.2208 0.7861 0.0428 -0.6085 -0.0994 0.6512 -0.6185 -0.2775 -0.3411 0.3223 -0.1172 -0.6379 -0.6895 0.7383 0.1368 0.6082 -0.2576 0.6685 0.1574 -0.726 0.0353 0.5907 -0.3972 -0.6462 -0.2752 0.9499 -0.1022 0.2717 0.1157
0.7964 -0.1357 -0.5562 -0.1948 0.5239 -0.6976 -0.391 -0.2933 0.733 -0.3002 -0.5172 -0.3242 0.7861 0.0428 -0.6085 -0.0994 0.6512 -0.6185 -0.2775 -0.3411 0.3223 -0.1172 -0.6379 -0.6895 0.7383 0.1368 0.6082 -0.2576 0.6534 0.1279 -0.7452 0.0381 0.5907 -0.3972 -0.6462 -0.2752 0.9499 -0.1022 0.2717 0.1157
0.7964 -0.1357 -0.5562 -0.1948 0.5239 -0.6976 -0.391 -0.2933 0.733 -0.3002 -0.5172 -0.3242 0.7861 0.0428 -0.6085 -0.0994 0.6512 -0.6185 -0.2775 -0.3411 0.3223 -0.1172 -0.6379 -0.6895 0.7383 0.1368 0.6082 -0.2576 0.6534 0.1279 -0.7452 0.0381 0.5907 -0.3972 -0.6462 -0.2752 0.9499 -0.1022 0.2717 0.1157
0.7676 -0.1915 -0.54 -0.2872 0.5239 -0.6976 -0.391 -0.2933 0.733 -0.3002 -0.5172 -0.3242 0.7763 0.0821 -0.5839 -0.2228 0.6512 -0.6185 -0.2775 -0.3411 0.3223 -0.1172 -0.6379 -0.6895 0.7646 0.1542 0.5849 -0.2224 0.6534 0.1279 -0.7452 0.0381 0.5907 -0.3972 -0.6462 -0.2752 0.9499 -0.1022 0.2717 0.1157
0.7676 -0.1915 -0.54 -0.2872 0.5239 -0.6976 -0.391 -0.2933 0.733 -0.3002 -0.5172 -0.3242 0.7763 0.0821 -0.5839 -0.2228 0.6512 -0.6185 -0.2775 -0.3411 0.3223 -0.1172 -0.6379 -0.6895 0.7646 0.1542 0.5849 -0.2224 0.6534 0.1279 -0.7452 0.0381 0.5907 -0.3972 -0.6462 -0.2752 0.9476 -0.1025 0.2803 0.1142
0.7676 -0.1915 -0.54 -0.2872 0.5239 -0.6976 -0.391 -0.2933 0.733 -0.3002 -0.5172 -0.3242 0.7763 0.0821 -0.5839 -0.2228 0.7227 -0.6176 -0.1849 -0.2491 0.3223 -0.1172 -0.6379 -0.6895 0.7646 0.1542 0.5849 -0.2224 0.6534 0.1279 -0.7452 0.0381 0.5907 -0.3972 -0.6462 -0.2752 0.9476 -0.1025 0.2803 0.1142
0.7676 -0.1915 -0.54 -0.2872 0.4836 -0.7177 -0.2769 -0.4177 0.733 -0.3002 -0.5172 -0.3242 0.7763 0.0821 -0.5839 -0.2228 0.7227 -0.6176 -0.1849 -0.2491 0.3735 -0.1722 -0.6476 -0.6415 0.7646 0.1542 0.5849 -0.2224 0.6534 0.1279 -0.7452 0.0381 0.5907 -0.3972 -0.6462 -0.2752 0.9476 -0.1025 0.2803 0.1142
0.7676 -0.1915 -0.54 -0.2872 0.4836 -0.7177 -0.2769 -0.4177 0.7131 -0.3209 -0.4749 -0.4038 0.7763 0.0821 -0.5839 -0.2228 0.7227 -0.6176 -0.1849 -0.2491 0.3735 -0.1722 -0.6476 -0.6415 0.7646 0.1542 0.5849 -0.2224 0.6437 0.1498 -0.7479 0.062 0.604 -0.4244 -0.636 -0.2249 0.9476 -0.1025 0.2803 0.1142
0.7676 -0.1915 -0.54 -0.2872 0.4836 -0.7177 -0.2769 -0.4177 0.7131 -0.3209 -0.4749 -0.4038 0.7763 0.0821 -0.5839 -0.2228 0.7227 -0.6176 -0.1849 -0.2491 0.3735 -0.1722 -0.6476 -0.6415 0.7646 0.1542 0.5849 -0.2224 0.6437 0.1498 -0.7479 0.062 0.604 -0.4244 -0.636 -0.2249 0.9476 -0.1025 0.2803 0.1142
0.7676 -0.1915 -0.54 -0.2872 0.4836 -0.7177 -0.2769 -0.4177 0.7131 -0.3209 -0.4749 -0.4038 0.7763 0.0821 -0.5839 -0.2228 0.7227 -0.6176 -0.1849 -0.2491 0.3735 -0.1722 -0.6476 -0.6415 0.7646 0.1542 0.5849 -0.2224 0.6437 0.1498 -0.7479 0.062 0.604 -0.4244 -0.636 -0.2249 0.9476 -0.1025 0.2803 0.1142
0.7265 -0.2311 -0.5236 -0.3802 0.4836 -0.7177 -0.2769 -0.4177 0.7131 -0.3209 -0.4749 -0.4038 0.7475 0.1208 -0.5782 -0.3037 0.7227 -0.6176 -0.1849 -0.2491 0.3735 -0.1722 -0.6476 -0.6415 0.7646 0.1542 0.5849 -0.2224 0.6437 0.1498 -0.7479 0.062 0.604 -0.4244 -0.636 -0.2249 0.9476 -0.1025 0.2803 0.1142
0.7265 -0.2311 -0.5236 -0.3802 0.4836 -0.7177 -0.2769 -0.4177 0.7131 -0.3209 -0.4749 -0.4038 0.7475 0.1208 -0.5782 -0.3037 0.7227 -0.6176 -0.1849 -0.2491 0.3735 -0.1722 -0.6476 -0.6415 0.8832 0.1964 0.3845 -0.1833 0.6437 0.1498 -0.7479 0.062 0.604 -0.4244 -0.636 -0.2249 0.9453 -0.1022 0.2879 0.1146
0.7265 -0.2311 -0.5236 -0.3802 0.4836 -0.7177 -0.2769 -0.4177 0.7131 -0.3209 -0.4749 -0.4038 0.7475 0.1208 -0.5782 -0.3037 0.7227 -0.6176 -0.1849 -0.2491 0.3735 -0.1722 -0.6476 -0.6415 0.8832 0.1964 0.3845 -0.1833 0.6437 0.1498 -0.7479 0.062 0.604 -0.4244 -0.636 -0.2249 0.9453 -0.1022 0.2879 0.1146
0.7265 -0.2311 -0.5236 -0.3802 0.4571 -0.7028 -0.1984 -0.5078 0.7131 -0.3209 -0.4749 -0.4038 0.7475 0.1208 -0.5782 -0.3037 0.7227 -0.6176 -0.1849 -0.2491 0.502 -0.35 -0.5919 -0.5247 0.8832 0.1964 0.3845 -0.1833 0.6437 0.1498 -0.7479 0.062 0.604 -0.4244 -0.636 -0.2249 0.9453 -0.1022 0.2879 0.1146
0.7265 -0.2311 -0.5236 -0.3802 0.4571 -0.7028 -0.1984 -0.5078 0.6658 -0.348 -0.449 -0.4838 0.7475 0.1208 -0.5782 -0.3037 0.7227 -0.6176 -0.1849 -0.2491 0.502 -0.35 -0.5919 -0.5247 0.8832 0.1964 0.3845 -0.1833 0.641 0.1543 -0.7478 0.0783 0.6129 -0.4635 -0.6155 -0.1755 0.9453 -0.1022 0.2879 0.1146
0.7265 -0.2311 -0.5236 -0.3802 0.4571 -0.7028 -0.1984 -0.5078 0.6658 -0.348 -0.449 -0.4838 0.7475 0.1208 -0.5782 -0.3037 0.7227 -0.6176 -0.1849 -0.2491 0.502 -0.35 -0.5919 -0.5247 0.8832 0.1964 0.3845 -0.1833 0.641 0.1543 -0.7478 0.0783 0.6129 -0.4635 -0.6155 -0.1755 0.9453 -0.1022 0.2879 0.1146
0.7265 -0.2311 -0.5236 -0.3802 0.4571 -0.7028 -0.1984 -0.5078 0.6658 -0.348 -0.449 -0.4838 0.7475 0.1208 -0.5782 -0.3037 0.7227 -0.6176 -0.1849 -0.2491 0.502 -0.35 -0.5919 -0.5247 0.8832 0.1964 0.3845 -0.1833 0.641 0.1543 -0.7478 0.0783 0.6129 -0.4635 -0.6155 -0.1755 0.9453 -0.1022 0.2879 0.1146
0.6927 -0.2465 -0.5215 -0.4329 0.4571 -0.7028 -0.1984 -0.5078 0.6658 -0.348 -0.449 -0.4838 0.7038 0.0946 -0.5781 -0.4018 0.7227 -0.6176 -0.1849 -0.2491 0.502 -0.35 -0.5919 -0.5247 0.9351 0.2125 0.2572 -0.1194 0.641 0.1543 -0.7478 0.0783 0.6129 -0.4635 -0.6155 -0.1755 0.9453 -0.1022 0.2879 0.1146
0.6927 -0.2465 -0.5215 -0.4329 0.4571 -0.7028 -0.1984 -0.5078 0.6658 -0.348 -0.449 -0.4838 0.7038 0.0946 -0.5781 -0.4018 0.7227 -0.6176 -0.1849 -0.2491 0.502 -0.35 -0.5919 -0.5247 0.9351 0.2125 0.2572 -0.1194 0.641 0.1543 -0.7478 0.0783 0.6129 -0.4635 -0.6155 -0.1755 0.9424 -0.1032 0.296 0.1165
0.6927 -0.2465 -0.5215 -0.4329 0.4268 -0.6797 -0.1649 -0.5733 0.6658 -0.348 -0.449 -0.4838 0.7038 0.0946 -0.5781 -0.4018 0.7227 -0.6176 -0.1849 -0.2491 0.502 -0.35 -0.5919 -0.5247 0.9351 0.2125 0.2572 -0.1194 0.641 0.1543 -0.7478 0.0783 0.6129 -0.4635 -0.6155 -0.1755 0.9424 -0.1032 0.296 0.1165
0.6927 -0.2465 -0.5215 -0.4329 0.4268 -0.6797 -0.1649 -0.5733 0.6658 -0.348 -0.449 -0.4838 0.7038 0.0946 -0.5781 -0.4018 0.7227 -0.6176 -0.1849 -0.2491 0.502 -0.35 -0.5919 -0.5247 0.9351 0.2125 0.2572 -0.1194 0.641 0.1543 -0.7478 0.0783 0.6129 -0.4635 -0.6155 -0.1755 0.9424 -0.1032 0.296 0.1165
0.6927 -0.2465 -0.5215 -0.4329 0.4268 -0.6797 -0.1649 -0.5733 0.673 -0.3065 -0.5033 -0.447 0.7038 0.0946 -0.5781 -0.4018 0.7227 -0.6176 -0.1849 -0.2491 0.502 -0.35 -0.5919 -0.5247 0.9351 0.2125 0.2572 -0.1194 0.6299 0.1401 -0.7552 0.1148 0.6227 -0.4933 -0.5937 -0.1281 0.9424 -0.1032 0.296 0.1165
0.6927 -0.2465 -0.5215 -0.4329 0.4268 -0.6797 -0.1649 -0.5733 0.673 -0.3065 -0.5033 -0.447 0.7038 0.0946 -0.5781 -0.4018 0.7227 -0.6176 -0.1849 -0.2491 0.502 -0.35 -0.5919 -0.5247 0.9351 0.2125 0.2572 -0.1194 0.6299 0.1401 -0.7552 0.1148 0.6227 -0.4933 -0.5937 -0.1281 0.9424 -0.1032 0.296 0.1165
0.6927 -0.2465 -0.5215 -0.4329 0.4268 -0.6797 -0.1649 -0.5733 0.673 -0.3065 -0.5033 -0.447 0.7038 0.0946 -0.5781 -0.4018 0.7227 -0.6176 -0.1849 -0.2491 0.502 -0.35 -0.5919 -0.5247 0.9351 0.2125 0.2572 -0.1194 0.6299 0.1401 -0.7552 0.1148 0.6227 -0.4933 -0.5937 -0.1281 0.9424 -0.1032 0.296 0.1165
0.6729 -0.2614 -0.5344 -0.4397 0.4268 -0.6797 -0.1649 -0.5733 0.673 -0.3065 -0.5033 -0.447 0.6567 0.1044 -0.6352 -0.3929 0.7227 -0.6176 -0.1849 -0.2491 0.502 -0.35 -0.5919 -0.5247 0.9355 0.1501 0.2927 -0.1286 0.6299 0.1401 -0.7552 0.1148 0.6227 -0.4933 -0.5937 -0.1281 0.9424 -0.1032 0.296 0.1165
0.6729 -0.2614 -0.5344 -0.4397 0.4268 -0.6797 -0.1649 -0.5733 0.673 -0.3065 -0.5033 -0.447 0.6567 0.1044 -0.6352 -0.3929 0.7227 -0.6176 -0.1849 -0.2491 0.502 -0.35 -0.5919 -0.5247 0.9355 0.1501 0.2927 -0.1286 0.6299 0.1401 -0.7552 0.1148 0.6227 -0.4933 -0.5937 -0.1281 0.9424 -0.1032 0.296 0.1165
0.6729 -0.2614 -0.5344 -0.4397 0.4279 -0.659 -0.1945 -0.5872 0.673 -0.3065 -0.5033 -0.447 0.6567 0.1044 -0.6352 -0.3929 0.6614 -0.6319 -0.3085 -0.2608 0.5849 -0.3879 -0.5733 -0.4229 0.9355 0.1501 0.2927 -0.1286 0.6299 0.1401 -0.7552 0.1148 0.6227 -0.4933 -0.5937 -0.1281 0.9424 -0.1032 0.296 0.1165
0.6729 -0.2614 -0.5344 -0.4397 0.4279 -0.659 -0.1945 -0.5872 0.673 -0.3065 -0.5033 -0.447 0.6567 0.1044 -0.6352 -0.3929 0.6614 -0.6319 -0.3085 -0.2608 0.5849 -0.3879 -0.5733 -0.4229 0.9355 0.1501 0.2927 -0.1286 0.6643 0.1381 -0.7289 0.0911 0.6227 -0.4933 -0.5937 -0.1281 0.9424 -0.1032 0.296 0.1165
0.6729 -0.2614 -0.5344 -0.4397 0.4279 -0.659 -0.1945 -0.5872 0.7082 -0.3053 -0.5594 -0.3038 0.6567 0.1044 -0.6352 -0.3929 0.6614 -0.6319 -0.3085 -0.2608 0.5849 -0.3879 -0.5733 -0.4229 0.9355 0.1501 0.2927 -0.1286 0.6643 0.1381 -0.7289 0.0911 0.6227 -0.4933 -0.5937 -0.1281 0.9424 -0.1032 0.296 0.1165
0.6729 -0.2614 -0.5344 -0.4397 0.4279 -0.659 -0.1945 -0.5872 0.7082 -0.3053 -0.5594 -0.3038 0.6567 0.1044 -0.6352 -0.3929 0.6614 -0.6319 -0.3085 -0.2608 0.5849 -0.3879 -0.5733 -0.4229 0.9355 0.1501 0.2927 -0.1286 0.6643 0.1381 -0.7289 0.0911 0.6227 -0.4933 -0.5937 -0.1281 0.9424 -0.1032 0.296 0.1165
0.6729 -0.2614 -0.5344 -0.4397 0.4279 -0.659 -0.1945 -0.5872 0.7082 -0.3053 -0.5594 -0.3038 0.6567 0.1044 -0.6352 -0.3929 0.6614 -0.6319 -0.3085 -0.2608 0.5849 -0.3879 -0.5733 -0.4229 0.9355 0.1501 0.2927 -0.1286 0.6643 0.1381 -0.7289 0.0911 0.6227 -0.4933 -0.5937 -0.1281 0.9424 -0.1032 0.296 0.1165
0.6729 -0.2614 -0.5344 -0.4397 0.4279 -0.659 -0.1945 -0.5872 0.7082 -0.3053 -0.5594 -0.3038 0.6834 0.0432 -0.6819 -0.257 0.6614 -0.6319 -0.3085 -0.2608 0.5849 -0.3879 -0.5733 -0.4229 0.9345 0.1497 0.2974 -0.1258 0.6643 0.1381 -0.7289 0.0911 0.6227 -0.4933 -0.5937 -0.1281 0.9424 -0.1032 0.296 0.1165
0.6729 -0.2614 -0.5344 -0.4397 0.4279 -0.659 -0.1945 -0.5872 0.7082 -0.3053 -0.5594 -0.3038 0.6834 0.0432 -0.6819 -0.257 0.6614 -0.6319 -0.3085 -0.2608 0.5849 -0.3879 -0.5733 -0.4229 0.9345 0.1497 0.2974 -0.1258 0.6643 0.1381 -0.7289 0.0911 0.6227 -0.4933 -0.5937 -0.1281 0.7787 -0.1978 0.5836 0.1181
0.6729 -0.2614 -0.5344 -0.4397 0.5574 -0.6157 -0.335 -0.4449 0.7082 -0.3053 -0.5594 -0.3038 0.6834 0.0432 -0.6819 -0.257 0.611 -0.6216 -0.3891 -0.298 0.5851 -0.3899 -0.59 -0.3969 0.9345 0.1497 0.2974 -0.1258 0.6643 0.1381 -0.7289 0.0911 0.6227 -0.4933 -0.5937 -0.1281 0.7787 -0.1978 0.5836 0.1181
0.6729 -0.2614 -0.5344 -0.4397 0.5574 -0.6157 -0.335 -0.4449 0.7082 -0.3053 -0.5594 -0.3038 0.6834 0.0432 -0.6819 -0.257 0.611 -0.6216 -0.3891 -0.298 0.5851 -0.3899 -0.59 -0.3969 0.9345 0.1497 0.2974 -0.1258 0.6643 0.1381 -0.7289 0.0911 0.6227 -0.4933 -0.5937 -0.1281 0.7787 -0.1978 0.5836 0.1181
0.6729 -0.2614 -0.5344 -0.4397 0.5574 -0.6157 -0.335 -0.4449 0.6982 -0.3217 -0.5607 -0.3076 0.6834 0.0432 -0.6819 -0.257 0.611 -0.6216 -0.3891 -0.298 0.5851 -0.3899 -0.59 -0.3969 0.9345 0.1497 0.2974 -0.1258 0.7006 0.2278 -0.6711 0.0829 0.65 -0.5269 -0.5474 0.0148 0.7787 -0.1978 0.5836 0.1181
0.6729 -0.2614 -0.5344 -0.4397 0.5574 -0.6157 -0.335 -0.4449 0.6982 -0.3217 -0.5607 -0.3076 0.6834 0.0432 -0.6819 -0.257 0.611 -0.6216 -0.3891 -0.298 0.5851 -0.3899 -0.59 -0.3969 0.9345 0.1497 0.2974 -0.1258 0.7006 0.2278 -0.6711 0.0829 0.65 -0.5269 -0.5474 0.0148 0.7787 -0.1978 0.5836 0.1181
0.8071 -0.0693 -0.559 -0.177 0.5574 -0.6157 -0.335 -0.4449 0.6982 -0.3217 -0.5607 -0.3076 0.6834 0.0432 -0.6819 -0.257 0.611 -0.6216 -0.3891 -0.298 0.5851 -0.3899 -0.59 -0.3969 0.9345 0.1497 0.2974 -0.1258 0.7006 0.2278 -0.6711 0.0829 0.65 -0.5269 -0.5474 0.0148 0.7787 -0.1978 0.5836 0.1181
0.8071 -0.0693 -0.559 -0.177 0.5574 -0.6157 -0.335 -0.4449 0.6982 -0.3217 -0.5607 -0.3076 0.7525 0.0663 -0.6373 -0.152 0.611 -0.6216 -0.3891 -0.298 0.5851 -0.3899 -0.59 -0.3969 0.9337 0.1525 0.2992 -0.1244 0.7006 0.2278 -0.6711 0.0829 0.65 -0.5269 -0.5474 0.0148 0.7787 -0.1978 0.5836 0.1181
0.8071 -0.0693 -0.559 -0.177 0.5574 -0.6157 -0.335 -0.4449 0.6982 -0.3217 -0.5607 -0.3076 0.7525 0.0663 -0.6373 -0.152 0.611 -0.6216 -0.3891 -0.298 0.5851 -0.3899 -0.59 -0.3969 0.9337 0.1525 0.2992 -0.1244 0.7006 0.2278 -0.6711 0.0829 0.65 -0.5269 -0.5474 0.0148 0.8595 -0.1584 0.4592 0.1591
0.8071 -0.0693 -0.559 -0.177 0.5574 -0.6157 -0.335 -0.4449 0.6982 -0.3217 -0.5607 -0.3076 0.7525 0.0663 -0.6373 -0.152 0.611 -0.6216 -0.3891 -0.298 0.5851 -0.3899 -0.59 -0.3969 0.9337 0.1525 0.2992 -0.1244 0.7006 0.2278 -0.6711 0.0829 0.65 -0.5269 -0.5474 0.0148 0.8595 -0.1584 0.4592 0.1591
0.8071 -0.0693 -0.559 -0.177 0.5915 -0.6554 -0.3878 -0.2651 0.6982 -0.3217 -0.5607 -0.3076 0.7525 0.0663 -0.6373 -0.152 0.564 -0.5985 -0.4656 -0.3271 0.5855 -0.3829 -0.5992 -0.3892 0.9337 0.1525 0.2992 -0.1244 0.7006 0.2278 -0.6711 0.0829 0.65 -0.5269 -0.5474 0.0148 0.8595 -0.1584 0.4592 0.1591
0.8071 -0.0693 -0.559 -0.177 0.5915 -0.6554 -0.3878 -0.2651 0.6982 -0.3217 -0.5607 -0.3076 0.7525 0.0663 -0.6373 -0.152 0.564 -0.5985 -0.4656 -0.3271 0.5855 -0.3829 -0.5992 -0.3892 0.9337 0.1525 0.2992 -0.1244 0.7006 0.2278 -0.6711 0.0829 0.65 -0.5269 -0.5474 0.0148 0.8595 -0.1584 0.4592 0.1591
0.8071 -0.0693 -0.559 -0.177 0.5915 -0.6554 -0.3878 -0.2651 0.7608 -0.2106 -0.555 -0.2622 0.7525 0.0663 -0.6373 -0.152 0.564 -0.5985 -0.4656 -0.3271 0.5855 -0.3829 -0.5992 -0.3892 0.9337 0.1525 0.2992 -0.1244 0.7006 0.2278 -0.6711 0.0829 0.65 -0.5269 -0.5474 0.0148 0.8595 -0.1584 0.4592 0.1591
0.851 -0.0828 -0.5093 -0.098 0.5915 -0.6554 -0.3878 -0.2651 0.7608 -0.2106 -0.555 -0.2622 0.7648 0.1619 -0.5971 -0.1801 0.564 -0.5985 -0.4656 -0.3271 0.5855 -0.3829 -0.5992 -0.3892 0.9337 0.1525 0.2992 -0.1244 0.7006 0.2278 -0.6711 0.0829 0.65 -0.5269 -0.5474 0.0148 0.8595 -0.1584 0.4592 0.1591
0.851 -0.0828 -0.5093 -0.098 0.5915 -0.6554 -0.3878 -0.2651 0.7608 -0.2106 -0.555 -0.2622 0.7648 0.1619 -0.5971 -0.1801 0.564 -0.5985 -0.4656 -0.3271 0.5855 -0.3829 -0.5992 -0.3892 0.9327 0.1529 0.3022 -0.1238 0.7006 0.2278 -0.6711 0.0829 0.65 -0.5269 -0.5474 0.0148 0.8595 -0.1584 0.4592 0.1591
0.851 -0.0828 -0.5093 -0.098 0.5915 -0.6554 -0.3878 -0.2651 0.7608 -0.2106 -0.555 -0.2622 0.7648 0.1619 -0.5971 -0.1801 0.564 -0.5985 -0.4656 -0.3271 0.5855 -0.3829 -0.5992 -0.3892 0.9327 0.1529 0.3022 -0.1238 0.7006 0.2278 -0.6711 0.0829 0.65 -0.5269 -0.5474 0.0148 0.8595 -0.1584 0.4592 0.1591
0.851 -0.0828 -0.5093 -0.098 0.5915 -0.6554 -0.3878 -0.2651 0.7608 -0.2106 -0.555 -0.2622 0.7648 0.1619 -0.5971 -0.1801 0.564 -0.5985 -0.4656 -0.3271 0.5855 -0.3829 -0.5992 -0.3892 0.9327 0.1529 0.3022 -0.1238 0.7006 0.2278 -0.6711 0.0829 0.65 -0.5269 -0.5474 0.0148 0.8595 -0.1584 0.4592 0.1591
0.851 -0.0828 -0.5093 -0.098 0.5498 -0.7207 -0.4092 -0.1042 0.7608 -0.2106 -0.555 -0.2622 0.7648 0.1619 -0.5971 -0.1801 0.5405 -0.5746 -0.5109 -0.3414 0.5718 -0.377 -0.6062 -0.4043 0.9327 0.1529 0.3022 -0.1238 0.7006 0.2278 -0.6711 0.0829 0.65 -0.5269 -0.5474 0.0148 0.9537 -0.1268 0.2537 0.0995
0.851 -0.0828 -0.5093 -0.098 0.5498 -0.7207 -0.4092 -0.1042 0.7608 -0.2106 -0.555 -0.2622 0.7648 0.1619 -0.5971 -0.1801 0.5405 -0.5746 -0.5109 -0.3414 0.5718 -0.377 -0.6062 -0.4043 0.9327 0.1529 0.3022 -0.1238 0.7006 0.2278 -0.6711 0.0829 0.65 -0.5269 -0.5474 0.0148 0.9537 -0.1268 0.2537 0.0995
0.851 -0.0828 -0.5093 -0.098 0.5498 -0.7207 -0.4092 -0.1042 0.7885 -0.1623 -0.5496 -0.2232 0.7648 0.1619 -0.5971 -0.1801 0.5405 -0.5746 -0.5109 -0.3414 0.5718 -0.377 -0.6062 -0.4043 0.9327 0.1529 0.3022 -0.1238 0.7146 0.1861 -0.6742 0.0112 0.65 -0.5269 -0.5474 0.0148 0.9537 -0.1268 0.2537 0.0995
0.862 -0.1071 -0.4941 -0.0365 0.5498 -0.7207 -0.4092 -0.1042 0.7885 -0.1623 -0.5496 -0.2232 0.7648 0.1619 -0.5971 -0.1801 0.5405 -0.5746 -0.5109 -0.3414 0.5718 -0.377 -0.6062 -0.4043 0.9327 0.1529 0.3022 -0.1238 0.7146 0.1861 -0.6742 0.0112 0.65 -0.5269 -0.5474 0.0148 0.9537 -0.1268 0.2537 0.0995
0.862 -0.1071 -0.4941 -0.0365 0.5498 -0.7207 -0.4092 -0.1042 0.7885 -0.1623 -0.5496 -0.2232 0.762 0.2463 -0.5855 -0.1259 0.5405 -0.5746 -0.5109 -0.3414 0.5718 -0.377 -0.6062 -0.4043 0.9327 0.1529 0.3022 -0.1238 0.7146 0.1861 -0.6742 0.0112 0.65 -0.5269 -0.5474 0.0148 0.9537 -0.1268 0.2537 0.0995
0.862 -0.1071 -0.4941 -0.0365 0.5498 -0.7207 -0.4092 -0.1042 0.7885 -0.1623 -0.5496 -0.2232 0.762 0.2463 -0.5855 -0.1259 0.5405 -0.5746 -0.5109 -0.3414 0.5718 -0.377 -0.6062 -0.4043 0.9307 0.1528 0.3077 -0.1257 0.7146 0.1861 -0.6742 0.0112 0.65 -0.5269 -0.5474 0.0148 0.9819 -0.1151 0.0975 0.1146
0.862 -0.1071 -0.4941 -0.0365 0.5498 -0.7207 -0.4092 -0.1042 0.7885 -0.1623 -0.5496 -0.2232 0.762 0.2463 -0.5855 -0.1259 0.5405 -0.5746 -0.5109 -0.3414 0.5547 -0.3447 -0.613 -0.4446 0.9307 0.1528 0.3077 -0.1257 0.7146 0.1861 -0.6742 0.0112 0.65 -0.5269 -0.5474 0.0148 0.9819 -0.1151 0.0975 0.1146
0.862 -0.1071 -0.4941 -0.0365 0.5498 -0.7207 -0.4092 -0.1042 0.7885 -0.1623 -0.5496 -0.2232 0.762 0.2463 -0.5855 -0.1259 0.5405 -0.5746 -0.5109 -0.3414 0.5547 -0.3447 -0.613 -0.4446 0.9307 0.1528 0.3077 -0.1257 0.7146 0.1861 -0.6742 0.0112 0.65 -0.5269 -0.5474 0.0148 0.9819 -0.1151 0.0975 0.1146
0.862 -0.1071 -0.4941 -0.0365 0.5498 -0.7207 -0.4092 -0.1042 0.7885 -0.1623 -0.5496 -0.2232 0.762 0.2463 -0.5855 -0.1259 0.5405 -0.5746 -0.5109 -0.3414 0.5547 -0.3447 -0.613 -0.4446 0.9307 0.1528 0.3077 -0.1257 0.6998 0.1907 -0.688 0.0233 0.65 -0.5269 -0.5474 0.0148 0.9819 -0.1151 0.0975 0.1146
0.862 -0.1071 -0.4941 -0.0365 0.5498 -0.7207 -0.4092 -0.1042 0.7793 -0.1281 -0.5931 -0.1564 0.762 0.2463 -0.5855 -0.1259 0.5405 -0.5746 -0.5109 -0.3414 0.5547 -0.3447 -0.613 -0.4446 0.9307 0.1528 0.3077 -0.1257 0.6998 0.1907 -0.688 0.0233 0.65 -0.5269 -0.5474 0.0148 0.9819 -0.1151 0.0975 0.1146
0.8371 -0.1302 -0.5278 -0.0609 0.5498 -0.7207 -0.4092 -0.1042 0.7793 -0.1281 -0.5931 -0.1564 0.762 0.2463 -0.5855 -0.1259 0.5405 -0.5746 -0.5109 -0.3414 0.5547 -0.3447 -0.613 -0.4446 0.9307 0.1528 0.3077 -0.1257 0.6998 0.1907 -0.688 0.0233 0.65 -0.5269 -0.5474 0.0148 0.9819 -0.1151 0.0975 0.1146
0.8371 -0.1302 -0.5278 -0.0609 0.5498 -0.7207 -0.4092 -0.1042 0.7793 -0.1281 -0.5931 -0.1564 0.7561 0.231 -0.6123 -0.0023 0.5405 -0.5746 -0.5109 -0.3414 0.5547 -0.3447 -0.613 -0.4446 0.9307 0.1528 0.3077 -0.1257 0.6998 0.1907 -0.688 0.0233 0.65 -0.5269 -0.5474 0.0148 0.9819 -0.1151 0.0975 0.1146
0.8371 -0.1302 -0.5278 -0.0609 0.5498 -0.7207 -0.4092 -0.1042 0.7793 -0.1281 -0.5931 -0.1564 0.7561 0.231 -0.6123 -0.0023 0.5082 -0.5703 -0.5203 -0.3818 0.5547 -0.3447 -0.613 -0.4446 0.9188 0.16 0.3331 -0.139 0.6998 0.1907 -0.688 0.0233 0.65 -0.5269 -0.5474 0.0148 0.9565 -0.1287 0.2311 0.123
0.8371 -0.1302 -0.5278 -0.0609 0.5498 -0.7207 -0.4092 -0.1042 0.7793 -0.1281 -0.5931 -0.1564 0.7561 0.231 -0.6123 -0.0023 0.5082 -0.5703 -0.5203 -0.3818 0.5181 -0.2664 -0.6214 -0.5239 0.9188 0.16 0.3331 -0.139 0.6998 0.1907 -0.688 0.0233 0.65 -0.5269 -0.5474 0.0148 0.9565 -0.1287 0.2311 0.123
0.8371 -0.1302 -0.5278 -0.0609 0.5498 -0.7207 -0.4092 -0.1042 0.7793 -0.1281 -0.5931 -0.1564 0.7561 0.231 -0.6123 -0.0023 0.5082 -0.5703 -0.5203 -0.3818 0.5181 -0.2664 -0.6214 -0.5239 0.9188 0.16 0.3331 -0.139 0.6854 0.199 -0.7002 0.0189 0.65 -0.5269 -0.5474 0.0148 0.9565 -0.1287 0.2311 0.123
0.8371 -0.1302 -0.5278 -0.0609 0.5498 -0.7207 -0.4092 -0.1042 0.7569 -0.1721 -0.6058 -0.1746 0.7561 0.231 -0.6123 -0.0023 0.5082 -0.5703 -0.5203 -0.3818 0.5181 -0.2664 -0.6214 -0.5239 0.9188 0.16 0.3331 -0.139 0.6854 0.199 -0.7002 0.0189 0.65 -0.5269 -0.5474 0.0148 0.9565 -0.1287 0.2311 0.123
0.8371 -0.1302 -0.5278 -0.0609 0.5498 -0.7207 -0.4092 -0.1042 0.7569 -0.1721 -0.6058 -0.1746 0.7561 0.231 -0.6123 -0.0023 0.5082 -0.5703 -0.5203 -0.3818 0.5181 -0.2664 -0.6214 -0.5239 0.9188 0.16 0.3331 -0.139 0.6854 0.199 -0.7002 0.0189 0.65 -0.5269 -0.5474 0.0148 0.9565 -0.1287 0.2311 0.123
0.8371 -0.1302 -0.5278 -0.0609 0.5498 -0.7207 -0.4092 -0.1042 0.7569 -0.1721 -0.6058 -0.1746 0.7561 0.231 -0.6123 -0.0023 0.5082 -0.5703 -0.5203 -0.3818 0.5181 -0.2664 -0.6214 -0.5239 0.9188 0.16 0.3331 -0.139 0.6854 0.199 -0.7002 0.0189 0.65 -0.5269 -0.5474 0.0148 0.9565 -0.1287 0.2311 0.123
0.8115 -0.1484 -0.5476 -0.1398 0.5498 -0.7207 -0.4092 -0.1042 0.7569 -0.1721 -0.6058 -0.1746 0.7741 0.0993 -0.6251 0.0114 0.5082 -0.5703 -0.5203 -0.3818 0.5181 -0.2664 -0.6214 -0.5239 0.8145 0.1257 0.5284 -0.2039 0.6854 0.199 -0.7002 0.0189 0.65 -0.5269 -0.5474 0.0148 0.9565 -0.1287 0.2311 0.123
0.8115 -0.1484 -0.5476 -0.1398 0.5498 -0.7207 -0.4092 -0.1042 0.7569 -0.1721 -0.6058 -0.1746 0.7741 0.0993 -0.6251 0.0114 0.5082 -0.5703 -0.5203 -0.3818 0.5181 -0.2664 -0.6214 -0.5239 0.8145 0.1257 0.5284 -0.2039 0.6854 0.199 -0.7002 0.0189 0.65 -0.5269 -0.5474 0.0148 0.95 -0.1125 0.2624 0.127
0.8115 -0.1484 -0.5476 -0.1398 0.5498 -0.7207 -0.4092 -0.1042 0.7569 -0.1721 -0.6058 -0.1746 0.7741 0.0993 -0.6251 0.0114 0.5082 -0.5703 -0.5203 -0.3818 0.5181 -0.2664 -0.6214 -0.5239 0.8145 0.1257 0.5284 -0.2039 0.6854 0.199 -0.7002 0.0189 0.65 -0.5269 -0.5474 0.0148 0.95 -0.1125 0.2624 0.127
0.8115 -0.1484 -0.5476 -0.1398 0.5498 -0.7207 -0.4092 -0.1042 0.7569 -0.1721 -0.6058 -0.1746 0.7741 0.0993 -0.6251 0.0114 0.5911 -0.5872 -0.4061 -0.3754 0.4138 -0.1508 -0.6497 -0.6196 0.8145 0.1257 0.5284 -0.2039 0.6854 0.199 -0.7002 0.0189 0.65 -0.5269 -0.5474 0.0148 0.95 -0.1125 0.2624 0.127
0.8115 -0.1484 -0.5476 -0.1398 0.5498 -0.7207 -0.4092 -0.1042 0.7569 -0.1721 -0.6058 -0.1746 0.7741 0.0993 -0.6251 0.0114 0.5911 -0.5872 -0.4061 -0.3754 0.4138 -0.1508 -0.6497 -0.6196 0.8145 0.1257 0.5284 -0.2039 0.6854 0.199 -0.7002 0.0189 0.5934 -0.3538 -0.6612 -0.2922 0.95 -0.1125 0.2624 0.127
0.8115 -0.1484 -0.5476 -0.1398 0.5498 -0.7207 -0.4092 -0.1042 0.7437 -0.2551 -0.5738 -0.2292 0.7741 0.0993 -0.6251 0.0114 0.5911 -0.5872 -0.4061 -0.3754 0.4138 -0.1508 -0.6497 -0.6196 0.8145 0.1257 0.5284 -0.2039 0.6854 0.199 -0.7002 0.0189 0.5934 -0.3538 -0.6612 -0.2922 0.95 -0.1125 0.2624 0.127
0.8115 -0.1484 -0.5476 -0.1398 0.5498 -0.7207 -0.4092 -0.1042 0.7437 -0.2551 -0.5738 -0.2292 0.7741 0.0993 -0.6251 0.0114 0.5911 -0.5872 -0.4061 -0.3754 0.4138 -0.1508 -0.6497 -0.6196 0.8145 0.1257 0.5284 -0.2039 0.6854 0.199 -0.7002 0.0189 0.5934 -0.3538 -0.6612 -0.2922 0.95 -0.1125 0.2624 0.127
0.8115 -0.1484 -0.5476 -0.1398 0.5498 -0.7207 -0.4092 -0.1042 0.7437 -0.2551 -0.5738 -0.2292 0.7924 0.0419 -0.6047 -0.0681 0.5911 -0.5872 -0.4061 -0.3754 0.4138 -0.1508 -0.6497 -0.6196 0.8145 0.1257 0.5284 -0.2039 0.6854 0.199 -0.7002 0.0189 0.5934 -0.3538 -0.6612 -0.2922 0.9496 -0.1121 0.2639 0.1267
0.8115 -0.1484 -0.5476 -0.1398 0.5498 -0.7207 -0.4092 -0.1042 0.7437 -0.2551 -0.5738 -0.2292 0.7924 0.0419 -0.6047 -0.0681 0.6786 -0.6104 -0.271 -0.3058 0.4138 -0.1508 -0.6497 -0.6196 0.8145 0.1257 0.5284 -0.2039 0.6854 0.199 -0.7002 0.0189 0.5934 -0.3538 -0.6612 -0.2922 0.9496 -0.1121 0.2639 0.1267
0.8115 -0.1484 -0.5476 -0.1398 0.5121 -0.6931 -0.3354 -0.3806 0.7437 -0.2551 -0.5738 -0.2292 0.7924 0.0419 -0.6047 -0.0681 0.6786 -0.6104 -0.271 -0.3058 0.372 -0.1372 -0.6411 -0.6571 0.8145 0.1257 0.5284 -0.2039 0.6854 0.199 -0.7002 0.0189 0.5934 -0.3538 -0.6612 -0.2922 0.9496 -0.1121 0.2639 0.1267
0.8115 -0.1484 -0.5476 -0.1398 0.5121 -0.6931 -0.3354 -0.3806 0.7437 -0.2551 -0.5738 -0.2292 0.7924 0.0419 -0.6047 -0.0681 0.6786 -0.6104 -0.271 -0.3058 0.372 -0.1372 -0.6411 -0.6571 0.8145 0.1257 0.5284 -0.2039 0.6538 0.1453 -0.741 0.0479 0.5934 -0.3538 -0.6612 -0.2922 0.9496 -0.1121 0.2639 0.1267
0.8115 -0.1484 -0.5476 -0.1398 0.5121 -0.6931 -0.3354 -0.3806 0.7476 -0.2673 -0.5383 -0.2827 0.7924 0.0419 -0.6047 -0.0681 0.6786 -0.6104 -0.271 -0.3058 0.372 -0.1372 -0.6411 -0.6571 0.8145 0.1257 0.5284 -0.2039 0.6538 0.1453 -0.741 0.0479 0.5961 -0.3833 -0.6536 -0.2656 0.9496 -0.1121 0.2639 0.1267
0.8115 -0.1484 -0.5476 -0.1398 0.5121 -0.6931 -0.3354 -0.3806 0.7476 -0.2673 -0.5383 -0.2827 0.7924 0.0419 -0.6047 -0.0681 0.6786 -0.6104 -0.271 -0.3058 0.372 -0.1372 -0.6411 -0.6571 0.8145 0.1257 0.5284 -0.2039 0.6538 0.1453 -0.741 0.0479 0.5961 -0.3833 -0.6536 -0.2656 0.9496 -0.1121 0.2639 0.1267
0.7533 -0.207 -0.537 -0.3184 0.5121 -0.6931 -0.3354 -0.3806 0.7476 -0.2673 -0.5383 -0.2827 0.7924 0.0419 -0.6047 -0.0681 0.6786 -0.6104 -0.271 -0.3058 0.372 -0.1372 -0.6411 -0.6571 0.8145 0.1257 0.5284 -0.2039 0.6538 0.1453 -0.741 0.0479 0.5961 -0.3833 -0.6536 -0.2656 0.9496 -0.1121 0.2639 0.1267
0.7533 -0.207 -0.537 -0.3184 0.5121 -0.6931 -0.3354 -0.3806 0.7476 -0.2673 -0.5383 -0.2827 0.7923 0.0736 -0.5828 -0.1652 0.6786 -0.6104 -0.271 -0.3058 0.372 -0.1372 -0.6411 -0.6571 0.8216 0.1581 0.5072 -0.2067 0.6538 0.1453 -0.741 0.0479 0.5961 -0.3833 -0.6536 -0.2656 0.9496 -0.1121 0.2639 0.1267
0.7533 -0.207 -0.537 -0.3184 0.5121 -0.6931 -0.3354 -0.3806 0.7476 -0.2673 -0.5383 -0.2827 0.7923 0.0736 -0.5828 -0.1652 0.6786 -0.6104 -0.271 -0.3058 0.372 -0.1372 -0.6411 -0.6571 0.8216 0.1581 0.5072 -0.2067 0.6538 0.1453 -0.741 0.0479 0.5961 -0.3833 -0.6536 -0.2656 0.9493 -0.1102 0.2657 0.127
0.7533 -0.207 -0.537 -0.3184 0.475 -0.7094 -0.2437 -0.4602 0.7476 -0.2673 -0.5383 -0.2827 0.7923 0.0736 -0.5828 -0.1652 0.7281 -0.6094 -0.2073 -0.2357 0.4321 -0.239 -0.6285 -0.6009 0.8216 0.1581 0.5072 -0.2067 0.6538 0.1453 -0.741 0.0479 0.5961 -0.3833 -0.6536 -0.2656 0.9493 -0.1102 0.2657 0.127
0.7533 -0.207 -0.537 -0.3184 0.475 -0.7094 -0.2437 -0.4602 0.7476 -0.2673 -0.5383 -0.2827 0.7923 0.0736 -0.5828 -0.1652 0.7281 -0.6094 -0.2073 -0.2357 0.4321 -0.239 -0.6285 -0.6009 0.8216 0.1581 0.5072 -0.2067 0.6538 0.1453 -0.741 0.0479 0.5961 -0.3833 -0.6536 -0.2656 0.9493 -0.1102 0.2657 0.127
0.7533 -0.207 -0.537 -0.3184 0.475 -0.7094 -0.2437 -0.4602 0.7258 -0.308 -0.4797 -0.385 0.7923 0.0736 -0.5828 -0.1652 0.7281 -0.6094 -0.2073 -0.2357 0.4321 -0.239 -0.6285 -0.6009 0.8216 0.1581 0.5072 -0.2067 0.646 0.1544 -0.7447 0.0653 0.6075 -0.4127 -0.6409 -0.2234 0.9493 -0.1102 0.2657 0.127
0.7533 -0.207 -0.537 -0.3184 0.475 -0.7094 -0.2437 -0.4602 0.7258 -0.308 -0.4797 -0.385 0.7923 0.0736 -0.5828 -0.1652 0.7281 -0.6094 -0.2073 -0.2357 0.4321 -0.239 -0.6285 -0.6009 0.8216 0.1581 0.5072 -0.2067 0.646 0.1544 -0.7447 0.0653 0.6075 -0.4127 -0.6409 -0.2234 0.9493 -0.1102 0.2657 0.127
0.7184 -0.2438 -0.5214 -0.3907 0.475 -0.7094 -0.2437 -0.4602 0.7258 -0.308 -0.4797 -0.385 0.7712 0.1026 -0.5687 -0.267 0.7281 -0.6094 -0.2073 -0.2357 0.4321 -0.239 -0.6285 -0.6009 0.8938 0.1988 0.3623 -0.1742 0.646 0.1544 -0.7447 0.0653 0.6075 -0.4127 -0.6409 -0.2234 0.9493 -0.1102 0.2657 0.127
0.7184 -0.2438 -0.5214 -0.3907 0.475 -0.7094 -0.2437 -0.4602 0.7258 -0.308 -0.4797 -0.385 0.7712 0.1026 -0.5687 -0.267 0.7281 -0.6094 -0.2073 -0.2357 0.4321 -0.239 -0.6285 -0.6009 0.8938 0.1988 0.3623 -0.1742 0.646 0.1544 -0.7447 0.0653 0.6075 -0.4127 -0.6409 -0.2234 0.9493 -0.1102 0.2657 0.127
0.7184 -0.2438 -0.5214 -0.3907 0.475 -0.7094 -0.2437 -0.4602 0.7258 -0.308 -0.4797 -0.385 0.7712 0.1026 -0.5687 -0.267 0.7281 -0.6094 -0.2073 -0.2357 0.4321 -0.239 -0.6285 -0.6009 0.8938 0.1988 0.3623 -0.1742 0.646 0.1544 -0.7447 0.0653 0.6075 -0.4127 -0.6409 -0.2234 0.9481 -0.1111 0.2698 0.1263
0.7184 -0.2438 -0.5214 -0.3907 0.4454 -0.7126 -0.1949 -0.5058 0.7258 -0.308 -0.4797 -0.385 0.7712 0.1026 -0.5687 -0.267 0.7276 -0.6055 -0.2299 -0.2263 0.5303 -0.3812 -0.5792 -0.4878 0.8938 0.1988 0.3623 -0.1742 0.646 0.1544 -0.7447 0.0653 0.6075 -0.4127 -0.6409 -0.2234 0.9481 -0.1111 0.2698 0.1263
0.7184 -0.2438 -0.5214 -0.3907 0.4454 -0.7126 -0.1949 -0.5058 0.7258 -0.308 -0.4797 -0.385 0.7712 0.1026 -0.5687 -0.267 0.7276 -0.6055 -0.2299 -0.2263 0.5303 -0.3812 -0.5792 -0.4878 0.8938 0.1988 0.3623 -0.1742 0.646 0.1544 -0.7447 0.0653 0.6075 -0.4127 -0.6409 -0.2234 0.9481 -0.1111 0.2698 0.1263
0.7184 -0.2438 -0.5214 -0.3907 0.4454 -0.7126 -0.1949 -0.5058 0.7258 -0.308 -0.4797 -0.385 0.7712 0.1026 -0.5687 -0.267 0.7276 -0.6055 -0.2299 -0.2263 0.5303 -0.3812 -0.5792 -0.4878 0.8938 0.1988 0.3623 -0.1742 0.646 0.1544 -0.7447 0.0653 0.6075 -0.4127 -0.6409 -0.2234 0.9481 -0.1111 0.2698 0.1263
0.7184 -0.2438 -0.5214 -0.3907 0.4454 -0.7126 -0.1949 -0.5058 0.6974 -0.3027 -0.4698 -0.4485 0.7712 0.1026 -0.5687 -0.267 0.7276 -0.6055 -0.2299 -0.2263 0.5303 -0.3812 -0.5792 -0.4878 0.8938 0.1988 0.3623 -0.1742 0.6402 0.1505 -0.7488 0.0827 0.6075 -0.4127 -0.6409 -0.2234 0.9481 -0.1111 0.2698 0.1263
0.6951 -0.2798 -0.5139 -0.4178 0.4454 -0.7126 -0.1949 -0.5058 0.6974 -0.3027 -0.4698 -0.4485 0.7712 0.1026 -0.5687 -0.267 0.7276 -0.6055 -0.2299 -0.2263 0.5303 -0.3812 -0.5792 -0.4878 0.8938 0.1988 0.3623 -0.1742 0.6402 0.1505 -0.7488 0.0827 0.6075 -0.4127 -0.6409 -0.2234 0.9481 -0.1111 0.2698 0.1263
0.6951 -0.2798 -0.5139 -0.4178 0.4454 -0.7126 -0.1949 -0.5058 0.6974 -0.3027 -0.4698 -0.4485 0.7172 0.1284 -0.5842 -0.3575 0.7276 -0.6055 -0.2299 -0.2263 0.5303 -0.3812 -0.5792 -0.4878 0.8938 0.1988 0.3623 -0.1742 0.6402 0.1505 -0.7488 0.0827 0.6075 -0.4127 -0.6409 -0.2234 0.9481 -0.1111 0.2698 0.1263
0.6951 -0.2798 -0.5139 -0.4178 0.4454 -0.7126 -0.1949 -0.5058 0.6974 -0.3027 -0.4698 -0.4485 0.7172 0.1284 -0.5842 -0.3575 0.7276 -0.6055 -0.2299 -0.2263 0.5303 -0.3812 -0.5792 -0.4878 0.9376 0.2026 0.2596 -0.1121 0.6402 0.1505 -0.7488 0.0827 0.6075 -0.4127 -0.6409 -0.2234 0.9463 -0.1116 0.2755 0.1274
0.6951 -0.2798 -0.5139 -0.4178 0.4454 -0.7126 -0.1949 -0.5058 0.6974 -0.3027 -0.4698 -0.4485 0.7172 0.1284 -0.5842 -0.3575 0.7276 -0.6055 -0.2299 -0.2263 0.5303 -0.3812 -0.5792 -0.4878 0.9376 0.2026 0.2596 -0.1121 0.6402 0.1505 -0.7488 0.0827 0.6075 -0.4127 -0.6409 -0.2234 0.9463 -0.1116 0.2755 0.1274
0.6951 -0.2798 -0.5139 -0.4178 0.403 -0.7165 -0.1616 -0.546 0.6974 -0.3027 -0.4698 -0.4485 0.7172 0.1284 -0.5842 -0.3575 0.7276 -0.6055 -0.2299 -0.2263 0.5901 -0.4052 -0.5602 -0.4169 0.9376 0.2026 0.2596 -0.1121 0.6265 0.1217 -0.7612 0.1154 0.6075 -0.4127 -0.6409 -0.2234 0.9463 -0.1116 0.2755 0.1274
0.6951 -0.2798 -0.5139 -0.4178 0.403 -0.7165 -0.1616 -0.546 0.6974 -0.3027 -0.4698 -0.4485 0.7172 0.1284 -0.5842 -0.3575 0.7276 -0.6055 -0.2299 -0.2263 0.5901 -0.4052 -0.5602 -0.4169 0.9376 0.2026 0.2596 -0.1121 0.6265 0.1217 -0.7612 0.1154 0.6075 -0.4127 -0.6409 -0.2234 0.9463 -0.1116 0.2755 0.1274
0.6951 -0.2798 -0.5139 -0.4178 0.403 -0.7165 -0.1616 -0.546 0.6974 -0.2572 -0.5324 -0.405 0.7172 0.1284 -0.5842 -0.3575 0.7276 -0.6055 -0.2299 -0.2263 0.5901 -0.4052 -0.5602 -0.4169 0.9376 0.2026 0.2596 -0.1121 0.6265 0.1217 -0.7612 0.1154 0.6274 -0.4771 -0.6002 -0.1364 0.9463 -0.1116 0.2755 0.1274
0.6819 -0.2833 -0.5253 -0.423 0.403 -0.7165 -0.1616 -0.546 0.6974 -0.2572 -0.5324 -0.405 0.7172 0.1284 -0.5842 -0.3575 0.7276 -0.6055 -0.2299 -0.2263 0.5901 -0.4052 -0.5602 -0.4169 0.9376 0.2026 0.2596 -0.1121 0.6265 0.1217 -0.7612 0.1154 0.6274 -0.4771 -0.6002 -0.1364 0.9463 -0.1116 0.2755 0.1274
0.6819 -0.2833 -0.5253 -0.423 0.403 -0.7165 -0.1616 -0.546 0.6974 -0.2572 -0.5324 -0.405 0.6721 0.154 -0.6473 -0.325 0.7276 -0.6055 -0.2299 -0.2263 0.5901 -0.4052 -0.5602 -0.4169 0.9376 0.2026 0.2596 -0.1121 0.6265 0.1217 -0.7612 0.1154 0.6274 -0.4771 -0.6002 -0.1364 0.9463 -0.1116 0.2755 0.1274
0.6819 -0.2833 -0.5253 -0.423 0.403 -0.7165 -0.1616 -0.546 0.6974 -0.2572 -0.5324 -0.405 0.6721 0.154 -0.6473 -0.325 0.6508 -0.6323 -0.3331 -0.2565 0.5901 -0.4052 -0.5602 -0.4169 0.9371 0.1515 0.2909 -0.1193 0.6265 0.1217 -0.7612 0.1154 0.6274 -0.4771 -0.6002 -0.1364 0.9264 -0.134 0.327 0.1298
0.6819 -0.2833 -0.5253 -0.423 0.403 -0.7165 -0.1616 -0.546 0.6974 -0.2572 -0.5324 -0.405 0.6721 0.154 -0.6473 -0.325 0.6508 -0.6323 -0.3331 -0.2565 0.585 -0.3759 -0.5917 -0.4078 0.9371 0.1515 0.2909 -0.1193 0.6265 0.1217 -0.7612 0.1154 0.6274 -0.4771 -0.6002 -0.1364 0.9264 -0.134 0.327 0.1298
0.6819 -0.2833 -0.5253 -0.423 0.4164 -0.7021 -0.198 -0.5425 0.6974 -0.2572 -0.5324 -0.405 0.6721 0.154 -0.6473 -0.325 0.6508 -0.6323 -0.3331 -0.2565 0.585 -0.3759 -0.5917 -0.4078 0.9371 0.1515 0.2909 -0.1193 0.6628 0.1462 -0.7273 0.1015 0.6274 -0.4771 -0.6002 -0.1364 0.9264 -0.134 0.327 0.1298
0.6819 -0.2833 -0.5253 -0.423 0.4164 -0.7021 -0.198 -0.5425 0.706 -0.2967 -0.5469 -0.3384 0.6721 0.154 -0.6473 -0.325 0.6508 -0.6323 -0.3331 -0.2565 0.585 -0.3759 -0.5917 -0.4078 0.9371 0.1515 0.2909 -0.1193 0.6628 0.1462 -0.7273 0.1015 0.6523 -0.5061 -0.5638 -0.0183 0.9264 -0.134 0.327 0.1298
0.6819 -0.2833 -0.5253 -0.423 0.4164 -0.7021 -0.198 -0.5425 0.706 -0.2967 -0.5469 -0.3384 0.6721 0.154 -0.6473 -0.325 0.6508 -0.6323 -0.3331 -0.2565 0.585 -0.3759 -0.5917 -0.4078 0.9371 0.1515 0.2909 -0.1193 0.6628 0.1462 -0.7273 0.1015 0.6523 -0.5061 -0.5638 -0.0183 0.9264 -0.134 0.327 0.1298
0.6819 -0.2833 -0.5253 -0.423 0.4164 -0.7021 -0.198 -0.5425 0.706 -0.2967 -0.5469 -0.3384 0.6721 0.154 -0.6473 -0.325 0.6508 -0.6323 -0.3331 -0.2565 0.585 -0.3759 -0.5917 -0.4078 0.9371 0.1515 0.2909 -0.1193 0.6628 0.1462 -0.7273 0.1015 0.6523 -0.5061 -0.5638 -0.0183 0.9264 -0.134 0.327 0.1298
0.7345 -0.1492 -0.5797 -0.3196 0.4164 -0.7021 -0.198 -0.5425 0.706 -0.2967 -0.5469 -0.3384 0.6855 0.0288 -0.6626 -0.3004 0.6508 -0.6323 -0.3331 -0.2565 0.585 -0.3759 -0.5917 -0.4078 0.9371 0.1515 0.2909 -0.1193 0.6628 0.1462 -0.7273 0.1015 0.6523 -0.5061 -0.5638 -0.0183 0.9264 -0.134 0.327 0.1298
0.7345 -0.1492 -0.5797 -0.3196 0.4164 -0.7021 -0.198 -0.5425 0.706 -0.2967 -0.5469 -0.3384 0.6855 0.0288 -0.6626 -0.3004 0.6508 -0.6323 -0.3331 -0.2565 0.585 -0.3759 -0.5917 -0.4078 0.9354 0.1518 0.2977 -0.1156 0.6628 0.1462 -0.7273 0.1015 0.6523 -0.5061 -0.5638 -0.0183 0.8024 -0.191 0.5429 0.1578
0.7345 -0.1492 -0.5797 -0.3196 0.538 -0.6505 -0.3176 -0.4318 0.706 -0.2967 -0.5469 -0.3384 0.6855 0.0288 -0.6626 -0.3004 0.6107 -0.6163 -0.4062 -0.2869 0.5844 -0.3805 -0.5973 -0.3961 0.9354 0.1518 0.2977 -0.1156 0.6628 0.1462 -0.7273 0.1015 0.6523 -0.5061 -0.5638 -0.0183 0.8024 -0.191 0.5429 0.1578
0.7345 -0.1492 -0.5797 -0.3196 0.538 -0.6505 -0.3176 -0.4318 0.706 -0.2967 -0.5469 -0.3384 0.6855 0.0288 -0.6626 -0.3004 0.6107 -0.6163 -0.4062 -0.2869 0.5844 -0.3805 -0.5973 -0.3961 0.9354 0.1518 0.2977 -0.1156 0.6628 0.1462 -0.7273 0.1015 0.6523 -0.5061 -0.5638 -0.0183 0.8024 -0.191 0.5429 0.1578
0.7345 -0.1492 -0.5797 -0.3196 0.538 -0.6505 -0.3176 -0.4318 0.7173 -0.3054 -0.5462 -0.3063 0.6855 0.0288 -0.6626 -0.3004 0.6107 -0.6163 -0.4062 -0.2869 0.5844 -0.3805 -0.5973 -0.3961 0.9354 0.1518 0.2977 -0.1156 0.7035 0.2509 -0.6583 0.0942 0.6545 -0.4896 -0.5759 0.0184 0.8024 -0.191 0.5429 0.1578
0.7345 -0.1492 -0.5797 -0.3196 0.538 -0.6505 -0.3176 -0.4318 0.7173 -0.3054 -0.5462 -0.3063 0.6855 0.0288 -0.6626 -0.3004 0.6107 -0.6163 -0.4062 -0.2869 0.5844 -0.3805 -0.5973 -0.3961 0.9354 0.1518 0.2977 -0.1156 0.7035 0.2509 -0.6583 0.0942 0.6545 -0.4896 -0.5759 0.0184 0.8024 -0.191 0.5429 0.1578
0.7345 -0.1492 -0.5797 -0.3196 0.538 -0.6505 -0.3176 -0.4318 0.7173 -0.3054 -0.5462 -0.3063 0.6855 0.0288 -0.6626 -0.3004 0.6107 -0.6163 -0.4062 -0.2869 0.5844 -0.3805 -0.5973 -0.3961 0.9354 0.1518 0.2977 -0.1156 0.7035 0.2509 -0.6583 0.0942 0.6545 -0.4896 -0.5759 0.0184 0.8024 -0.191 0.5429 0.1578
0.814 -0.0854 -0.5496 -0.1678 0.538 -0.6505 -0.3176 -0.4318 0.7173 -0.3054 -0.5462 -0.3063 0.7312 0.0914 -0.6495 -0.1874 0.6107 -0.6163 -0.4062 -0.2869 0.5844 -0.3805 -0.5973 -0.3961 0.934 0.155 0.301 -0.1144 0.7035 0.2509 -0.6583 0.0942 0.6545 -0.4896 -0.5759 0.0184 0.8024 -0.191 0.5429 0.1578
0.814 -0.0854 -0.5496 -0.1678 0.538 -0.6505 -0.3176 -0.4318 0.7173 -0.3054 -0.5462 -0.3063 0.7312 0.0914 -0.6495 -0.1874 0.5695 -0.5892 -0.4778 -0.3165 0.5844 -0.3805 -0.5973 -0.3961 0.934 0.155 0.301 -0.1144 0.7035 0.2509 -0.6583 0.0942 0.6545 -0.4896 -0.5759 0.0184 0.8784 -0.1612 0.4071 0.1918
0.814 -0.0854 -0.5496 -0.1678 0.538 -0.6505 -0.3176 -0.4318 0.7173 -0.3054 -0.5462 -0.3063 0.7312 0.0914 -0.6495 -0.1874 0.5695 -0.5892 -0.4778 -0.3165 0.5859 -0.3804 -0.6033 -0.3848 0.934 0.155 0.301 -0.1144 0.7035 0.2509 -0.6583 0.0942 0.6545 -0.4896 -0.5759 0.0184 0.8784 -0.1612 0.4071 0.1918
0.814 -0.0854 -0.5496 -0.1678 0.538 -0.6505 -0.3176 -0.4318 0.7708 -0.2034 -0.5568 -0.2336 0.7312 0.0914 -0.6495 -0.1874 0.5695 -0.5892 -0.4778 -0.3165 0.5859 -0.3804 -0.6033 -0.3848 0.934 0.155 0.301 -0.1144 0.7137 0.257 -0.65 0.0446 0.6489 -0.3675 -0.6443 -0.1694 0.8784 -0.1612 0.4071 0.1918
0.814 -0.0854 -0.5496 -0.1678 0.538 -0.6505 -0.3176 -0.4318 0.7708 -0.2034 -0.5568 -0.2336 0.7312 0.0914 -0.6495 -0.1874 0.5695 -0.5892 -0.4778 -0.3165 0.5859 -0.3804 -0.6033 -0.3848 0.934 0.155 0.301 -0.1144 0.7137 0.257 -0.65 0.0446 0.6489 -0.3675 -0.6443 -0.1694 0.8784 -0.1612 0.4071 0.1918
0.814 -0.0854 -0.5496 -0.1678 0.538 -0.6505 -0.3176 -0.4318 0.7708 -0.2034 -0.5568 -0.2336 0.7312 0.0914 -0.6495 -0.1874 0.5695 -0.5892 -0.4778 -0.3165 0.5859 -0.3804 -0.6033 -0.3848 0.934 0.155 0.301 -0.1144 0.7137 0.257 -0.65 0.0446 0.6489 -0.3675 -0.6443 -0.1694 0.8784 -0.1612 0.4071 0.1918
0.8509 -0.082 -0.5142 -0.0691 0.538 -0.6505 -0.3176 -0.4318 0.7708 -0.2034 -0.5568 -0.2336 0.7508 0.1887 -0.6117 -0.1628 0.5695 -0.5892 -0.4778 -0.3165 0.5859 -0.3804 -0.6033 -0.3848 0.9333 0.1556 0.3026 -0.1143 0.7137 0.257 -0.65 0.0446 0.6489 -0.3675 -0.6443 -0.1694 0.8784 -0.1612 0.4071 0.1918
0.8509 -0.082 -0.5142 -0.0691 0.538 -0.6505 -0.3176 -0.4318 0.7708 -0.2034 -0.5568 -0.2336 0.7508 0.1887 -0.6117 -0.1628 0.5695 -0.5892 -0.4778 -0.3165 0.5859 -0.3804 -0.6033 -0.3848 0.9333 0.1556 0.3026 -0.1143 0.7137 0.257 -0.65 0.0446 0.6489 -0.3675 -0.6443 -0.1694 0.9627 -0.1266 0.2012 0.129
0.8509 -0.082 -0.5142 -0.0691 0.5251 -0.7314 -0.4242 -0.0966 0.7708 -0.2034 -0.5568 -0.2336 0.7508 0.1887 -0.6117 -0.1628 0.5383 -0.5749 -0.5134 -0.3408 0.5713 -0.3765 -0.6084 -0.4022 0.9333 0.1556 0.3026 -0.1143 0.7137 0.257 -0.65 0.0446 0.6489 -0.3675 -0.6443 -0.1694 0.9627 -0.1266 0.2012 0.129
0.8509 -0.082 -0.5142 -0.0691 0.5251 -0.7314 -0.4242 -0.0966 0.7708 -0.2034 -0.5568 -0.2336 0.7508 0.1887 -0.6117 -0.1628 0.5383 -0.5749 -0.5134 -0.3408 0.5713 -0.3765 -0.6084 -0.4022 0.9333 0.1556 0.3026 -0.1143 0.7101 0.192 -0.6772 0.0104 0.6489 -0.3675 -0.6443 -0.1694 0.9627 -0.1266 0.2012 0.129
0.8509 -0.082 -0.5142 -0.0691 0.5251 -0.7314 -0.4242 -0.0966 0.7974 -0.1458 -0.5555 -0.1854 0.7508 0.1887 -0.6117 -0.1628 0.5383 -0.5749 -0.5134 -0.3408 0.5713 -0.3765 -0.6084 -0.4022 0.9333 0.1556 0.3026 -0.1143 0.7101 0.192 -0.6772 0.0104 0.6191 -0.23 -0.6705 -0.338 0.9627 -0.1266 0.2012 0.129
0.8509 -0.082 -0.5142 -0.0691 0.5251 -0.7314 -0.4242 -0.0966 0.7974 -0.1458 -0.5555 -0.1854 0.7508 0.1887 -0.6117 -0.1628 0.5383 -0.5749 -0.5134 -0.3408 0.5713 -0.3765 -0.6084 -0.4022 0.9333 0.1556 0.3026 -0.1143 0.7101 0.192 -0.6772 0.0104 0.6191 -0.23 -0.6705 -0.338 0.9627 -0.1266 0.2012 0.129
0.8509 -0.082 -0.5142 -0.0691 0.5251 -0.7314 -0.4242 -0.0966 0.7974 -0.1458 -0.5555 -0.1854 0.7508 0.1887 -0.6117 -0.1628 0.5383 -0.5749 -0.5134 -0.3408 0.5713 -0.3765 -0.6084 -0.4022 0.9333 0.1556 0.3026 -0.1143 0.7101 0.192 -0.6772 0.0104 0.6191 -0.23 -0.6705 -0.338 0.9627 -0.1266 0.2012 0.129
0.8503 -0.111 -0.5143 -0.0078 0.5251 -0.7314 -0.4242 -0.0966 0.7974 -0.1458 -0.5555 -0.1854 0.7714 0.2241 -0.5913 -0.0717 0.5383 -0.5749 -0.5134 -0.3408 0.5713 -0.3765 -0.6084 -0.4022 0.9315 0.1556 0.3072 -0.1169 0.7101 0.192 -0.6772 0.0104 0.6191 -0.23 -0.6705 -0.338 0.9627 -0.1266 0.2012 0.129
0.8503 -0.111 -0.5143 -0.0078 0.5251 -0.7314 -0.4242 -0.0966 0.7974 -0.1458 -0.5555 -0.1854 0.7714 0.2241 -0.5913 -0.0717 0.5383 -0.5749 -0.5134 -0.3408 0.5713 -0.3765 -0.6084 -0.4022 0.9315 0.1556 0.3072 -0.1169 0.7101 0.192 -0.6772 0.0104 0.6191 -0.23 -0.6705 -0.338 0.9775 -0.1385 0.0809 0.137
0.8503 -0.111 -0.5143 -0.0078 0.5251 -0.7314 -0.4242 -0.0966 0.7974 -0.1458 -0.5555 -0.1854 0.7714 0.2241 -0.5913 -0.0717 0.5111 -0.5728 -0.5267 -0.3651 0.5713 -0.3765 -0.6084 -0.4022 0.9315 0.1556 0.3072 -0.1169 0.7101 0.192 -0.6772 0.0104 0.6191 -0.23 -0.6705 -0.338 0.9775 -0.1385 0.0809 0.137
0.8503 -0.111 -0.5143 -0.0078 0.5251 -0.7314 -0.4242 -0.0966 0.7974 -0.1458 -0.5555 -0.1854 0.7714 0.2241 -0.5913 -0.0717 0.5111 -0.5728 -0.5267 -0.3651 0.5713 -0.3765 -0.6084 -0.4022 0.9315 0.1556 0.3072 -0.1169 0.7101 0.192 -0.6772 0.0104 0.6191 -0.23 -0.6705 -0.338 0.9775 -0.1385 0.0809 0.137
0.8503 -0.111 -0.5143 -0.0078 0.5251 -0.7314 -0.4242 -0.0966 0.79 -0.1416 -0.5769 -0.1518 0.7714 0.2241 -0.5913 -0.0717 0.5111 -0.5728 -0.5267 -0.3651 0.5713 -0.3765 -0.6084 -0.4022 0.9315 0.1556 0.3072 -0.1169 0.6868 0.2158 -0.6932 0.0348 0.6094 -0.2143 -0.6949 -0.3159 0.9775 -0.1385 0.0809 0.137
0.8503 -0.111 -0.5143 -0.0078 0.5251 -0.7314 -0.4242 -0.0966 0.79 -0.1416 -0.5769 -0.1518 0.7714 0.2241 -0.5913 -0.0717 0.5111 -0.5728 -0.5267 -0.3651 0.5713 -0.3765 -0.6084 -0.4022 0.9315 0.1556 0.3072 -0.1169 0.6868 0.2158 -0.6932 0.0348 0.6094 -0.2143 -0.6949 -0.3159 0.9775 -0.1385 0.0809 0.137
0.8503 -0.111 -0.5143 -0.0078 0.5251 -0.7314 -0.4242 -0.0966 0.79 -0.1416 -0.5769 -0.1518 0.7714 0.2241 -0.5913 -0.0717 0.5111 -0.5728 -0.5267 -0.3651 0.5713 -0.3765 -0.6084 -0.4022 0.9315 0.1556 0.3072 -0.1169 0.6868 0.2158 -0.6932 0.0348 0.6094 -0.2143 -0.6949 -0.3159 0.9775 -0.1385 0.0809 0.137
0.834 -0.1241 -0.5358 -0.0441 0.5251 -0.7314 -0.4242 -0.0966 0.79 -0.1416 -0.5769 -0.1518 0.7844 0.1456 -0.602 0.0335 0.5111 -0.5728 -0.5267 -0.3651 0.5713 -0.3765 -0.6084 -0.4022 0.919 0.1621 0.3345 -0.1313 0.6868 0.2158 -0.6932 0.0348 0.6094 -0.2143 -0.6949 -0.3159 0.9775 -0.1385 0.0809 0.137
0.834 -0.1241 -0.5358 -0.0441 0.5251 -0.7314 -0.4242 -0.0966 0.79 -0.1416 -0.5769 -0.1518 0.7844 0.1456 -0.602 0.0335 0.5111 -0.5728 -0.5267 -0.3651 0.5713 -0.3765 -0.6084 -0.4022 0.919 0.1621 0.3345 -0.1313 0.6868 0.2158 -0.6932 0.0348 0.6094 -0.2143 -0.6949 -0.3159 0.9594 -0.1441 0.199 0.1389
0.834 -0.1241 -0.5358 -0.0441 0.5251 -0.7314 -0.4242 -0.0966 0.79 -0.1416 -0.5769 -0.1518 0.7844 0.1456 -0.602 0.0335 0.5117 -0.5767 -0.5137 -0.3765 0.5713 -0.3765 -0.6084 -0.4022 0.919 0.1621 0.3345 -0.1313 0.6868 0.2158 -0.6932 0.0348 0.6094 -0.2143 -0.6949 -0.3159 0.9594 -0.1441 0.199 0.1389
0.834 -0.1241 -0.5358 -0.0441 0.4893 -0.7247 -0.4821 -0.0556 0.79 -0.1416 -0.5769 -0.1518 0.7844 0.1456 -0.602 0.0335 0.5117 -0.5767 -0.5137 -0.3765 0.5713 -0.3765 -0.6084 -0.4022 0.919 0.1621 0.3345 -0.1313 0.6868 0.2158 -0.6932 0.0348 0.6094 -0.2143 -0.6949 -0.3159 0.9594 -0.1441 0.199 0.1389
0.834 -0.1241 -0.5358 -0.0441 0.4893 -0.7247 -0.4821 -0.0556 0.764 -0.1886 -0.5937 -0.1678 0.7844 0.1456 -0.602 0.0335 0.5117 -0.5767 -0.5137 -0.3765 0.5713 -0.3765 -0.6084 -0.4022 0.919 0.1621 0.3345 -0.1313 0.6868 0.2158 -0.6932 0.0348 0.6094 -0.2143 -0.6949 -0.3159 0.9594 -0.1441 0.199 0.1389
0.834 -0.1241 -0.5358 -0.0441 0.4893 -0.7247 -0.4821 -0.0556 0.764 -0.1886 -0.5937 -0.1678 0.7844 0.1456 -0.602 0.0335 0.5117 -0.5767 -0.5137 -0.3765 0.5713 -0.3765 -0.6084 -0.4022 0.919 0.1621 0.3345 -0.1313 0.6868 0.2158 -0.6932 0.0348 0.6094 -0.2143 -0.6949 -0.3159 0.9594 -0.1441 0.199 0.1389
0.834 -0.1241 -0.5358 -0.0441 0.4893 -0.7247 -0.4821 -0.0556 0.764 -0.1886 -0.5937 -0.1678 0.7844 0.1456 -0.602 0.0335 0.5117 -0.5767 -0.5137 -0.3765 0.5713 -0.3765 -0.6084 -0.4022 0.919 0.1621 0.3345 -0.1313 0.6868 0.2158 -0.6932 0.0348 0.6094 -0.2143 -0.6949 -0.3159 0.9594 -0.1441 0.199 0.1389
0.834 -0.1241 -0.5358 -0.0441 0.4893 -0.7247 -0.4821 -0.0556 0.764 -0.1886 -0.5937 -0.1678 0.7844 0.1456 -0.602 0.0335 0.5117 -0.5767 -0.5137 -0.3765 0.5713 -0.3765 -0.6084 -0.4022 0.919 0.1621 0.3345 -0.1313 0.6868 0.2158 -0.6932 0.0348 0.6094 -0.2143 -0.6949 -0.3159 0.9594 -0.1441 0.199 0.1389
0.8077 -0.1518 -0.549 -0.1524 0.4893 -0.7247 -0.4821 -0.0556 0.764 -0.1886 -0.5937 -0.1678 0.7839 0.0591 -0.618 0.0036 0.5975 -0.5966 -0.3813 -0.3763 0.5713 -0.3765 -0.6084 -0.4022 0.817 0.1371 0.5222 -0.2025 0.6868 0.2158 -0.6932 0.0348 0.6094 -0.2143 -0.6949 -0.3159 0.9509 -0.1374 0.2396 0.1398
0.8077 -0.1518 -0.549 -0.1524 0.4893 -0.7247 -0.4821 -0.0556 0.764 -0.1886 -0.5937 -0.1678 0.7839 0.0591 -0.618 0.0036 0.5975 -0.5966 -0.3813 -0.3763 0.5713 -0.3765 -0.6084 -0.4022 0.817 0.1371 0.5222 -0.2025 0.6868 0.2158 -0.6932 0.0348 0.6094 -0.2143 -0.6949 -0.3159 0.9509 -0.1374 0.2396 0.1398
0.8077 -0.1518 -0.549 -0.1524 0.4893 -0.7247 -0.4821 -0.0556 0.764 -0.1886 -0.5937 -0.1678 0.7839 0.0591 -0.618 0.0036 0.5975 -0.5966 -0.3813 -0.3763 0.5713 -0.3765 -0.6084 -0.4022 0.817 0.1371 0.5222 -0.2025 0.6614 0.1748 -0.7272 0.0555 0.6094 -0.2143 -0.6949 -0.3159 0.9509 -0.1374 0.2396 0.1398
0.8077 -0.1518 -0.549 -0.1524 0.4893 -0.7247 -0.4821 -0.0556 0.7433 -0.269 -0.5651 -0.2359 0.7839 0.0591 -0.618 0.0036 0.5975 -0.5966 -0.3813 -0.3763 0.5713 -0.3765 -0.6084 -0.4022 0.817 0.1371 0.5222 -0.2025 0.6614 0.1748 -0.7272 0.0555 0.6094 -0.2143 -0.6949 -0.3159 0.9509 -0.1374 0.2396 0.1398
0.8077 -0.1518 -0.549 -0.1524 0.4893 -0.7247 -0.4821 -0.0556 0.7433 -0.269 -0.5651 -0.2359 0.7839 0.0591 -0.618 0.0036 0.5975 -0.5966 -0.3813 -0.3763 0.5713 -0.3765 -0.6084 -0.4022 0.817 0.1371 0.5222 -0.2025 0.6614 0.1748 -0.7272 0.0555 0.6094 -0.2143 -0.6949 -0.3159 0.9509 -0.1374 0.2396 0.1398
0.8077 -0.1518 -0.549 -0.1524 0.4893 -0.7247 -0.4821 -0.0556 0.7433 -0.269 -0.5651 -0.2359 0.7839 0.0591 -0.618 0.0036 0.5975 -0.5966 -0.3813 -0.3763 0.5713 -0.3765 -0.6084 -0.4022 0.817 0.1371 0.5222 -0.2025 0.6614 0.1748 -0.7272 0.0555 0.6094 -0.2143 -0.6949 -0.3159 0.9509 -0.1374 0.2396 0.1398
0.7839 -0.1633 -0.546 -0.2463 0.4893 -0.7247 -0.4821 -0.0556 0.7433 -0.269 -0.5651 -0.2359 0.7864 0.0317 -0.6071 -0.1091 0.5975 -0.5966 -0.3813 -0.3763 0.5713 -0.3765 -0.6084 -0.4022 0.7573 0.1447 0.5912 -0.2367 0.6614 0.1748 -0.7272 0.0555 0.6094 -0.2143 -0.6949 -0.3159 0.9509 -0.1374 0.2396 0.1398
0.7839 -0.1633 -0.546 -0.2463 0.4893 -0.7247 -0.4821 -0.0556 0.7433 -0.269 -0.5651 -0.2359 0.7864 0.0317 -0.6071 -0.1091 0.5975 -0.5966 -0.3813 -0.3763 0.5713 -0.3765 -0.6084 -0.4022 0.7573 0.1447 0.5912 -0.2367 0.6614 0.1748 -0.7272 0.0555 0.6094 -0.2143 -0.6949 -0.3159 0.951 -0.1348 0.2406 0.1399
0.7839 -0.1633 -0.546 -0.2463 0.5164 -0.7018 -0.3533 -0.3405 0.7433 -0.269 -0.5651 -0.2359 0.7864 0.0317 -0.6071 -0.1091 0.6635 -0.6266 -0.2528 -0.3212 0.3544 -0.1565 -0.6547 -0.6491 0.7573 0.1447 0.5912 -0.2367 0.6614 0.1748 -0.7272 0.0555 0.6094 -0.2143 -0.6949 -0.3159 0.951 -0.1348 0.2406 0.1399
0.7839 -0.1633 -0.546 -0.2463 0.5164 -0.7018 -0.3533 -0.3405 0.7433 -0.269 -0.5651 -0.2359 0.7864 0.0317 -0.6071 -0.1091 0.6635 -0.6266 -0.2528 -0.3212 0.3544 -0.1565 -0.6547 -0.6491 0.7573 0.1447 0.5912 -0.2367 0.6614 0.1748 -0.7272 0.0555 0.6094 -0.2143 -0.6949 -0.3159 0.951 -0.1348 0.2406 0.1399
0.7839 -0.1633 -0.546 -0.2463 0.5164 -0.7018 -0.3533 -0.3405 0.7433 -0.269 -0.5651 -0.2359 0.7864 0.0317 -0.6071 -0.1091 0.6635 -0.6266 -0.2528 -0.3212 0.3544 -0.1565 -0.6547 -0.6491 0.7573 0.1447 0.5912 -0.2367 0.6473 0.1431 -0.7465 0.0579 0.6094 -0.2143 -0.6949 -0.3159 0.951 -0.1348 0.2406 0.1399
0.7839 -0.1633 -0.546 -0.2463 0.5164 -0.7018 -0.3533 -0.3405 0.7433 -0.269 -0.5651 -0.2359 0.7864 0.0317 -0.6071 -0.1091 0.6635 -0.6266 -0.2528 -0.3212 0.3544 -0.1565 -0.6547 -0.6491 0.7573 0.1447 0.5912 -0.2367 0.6473 0.1431 -0.7465 0.0579 0.6094 -0.2143 -0.6949 -0.3159 0.951 -0.1348 0.2406 0.1399
0.7839 -0.1633 -0.546 -0.2463 0.5164 -0.7018 -0.3533 -0.3405 0.7433 -0.269 -0.5651 -0.2359 0.7864 0.0317 -0.6071 -0.1091 0.6635 -0.6266 -0.2528 -0.3212 0.3544 -0.1565 -0.6547 -0.6491 0.7573 0.1447 0.5912 -0.2367 0.6473 0.1431 -0.7465 0.0579 0.6094 -0.2143 -0.6949 -0.3159 0.951 -0.1348 0.2406 0.1399
0.7489 -0.2144 -0.5298 -0.3353 0.5164 -0.7018 -0.3533 -0.3405 0.7433 -0.269 -0.5651 -0.2359 0.764 0.0878 -0.5993 -0.2222 0.6635 -0.6266 -0.2528 -0.3212 0.3544 -0.1565 -0.6547 -0.6491 0.8074 0.1668 0.525 -0.2111 0.6473 0.1431 -0.7465 0.0579 0.6094 -0.2143 -0.6949 -0.3159 0.951 -0.1348 0.2406 0.1399
0.7489 -0.2144 -0.5298 -0.3353 0.5164 -0.7018 -0.3533 -0.3405 0.7433 -0.269 -0.5651 -0.2359 0.764 0.0878 -0.5993 -0.2222 0.6635 -0.6266 -0.2528 -0.3212 0.3544 -0.1565 -0.6547 -0.6491 0.8074 0.1668 0.525 -0.2111 0.6473 0.1431 -0.7465 0.0579 0.6094 -0.2143 -0.6949 -0.3159 0.951 -0.1348 0.2406 0.1399
0.7489 -0.2144 -0.5298 -0.3353 0.4833 -0.713 -0.2585 -0.4373 0.7433 -0.269 -0.5651 -0.2359 0.764 0.0878 -0.5993 -0.2222 0.7233 -0.613 -0.2065 -0.2418 0.436 -0.2581 -0.6331 -0.5852 0.8074 0.1668 0.525 -0.2111 0.6473 0.1431 -0.7465 0.0579 0.6094 -0.2143 -0.6949 -0.3159 0.951 -0.1348 0.2406 0.1399
0.7489 -0.2144 -0.5298 -0.3353 0.4833 -0.713 -0.2585 -0.4373 0.7433 -0.269 -0.5651 -0.2359 0.764 0.0878 -0.5993 -0.2222 0.7233 -0.613 -0.2065 -0.2418 0.436 -0.2581 -0.6331 -0.5852 0.8074 0.1668 0.525 -0.2111 0.6473 0.1431 -0.7465 0.0579 0.6014 -0.4033 -0.6528 -0.2223 0.951 -0.1348 0.2406 0.1399
0.7489 -0.2144 -0.5298 -0.3353 0.4833 -0.713 -0.2585 -0.4373 0.7117 -0.3068 -0.4837 -0.4067 0.764 0.0878 -0.5993 -0.2222 0.7233 -0.613 -0.2065 -0.2418 0.436 -0.2581 -0.6331 -0.5852 0.8074 0.1668 0.525 -0.2111 0.6473 0.1431 -0.7465 0.0579 0.6014 -0.4033 -0.6528 -0.2223 0.951 -0.1348 0.2406 0.1399
0.7489 -0.2144 -0.5298 -0.3353 0.4833 -0.713 -0.2585 -0.4373 0.7117 -0.3068 -0.4837 -0.4067 0.764 0.0878 -0.5993 -0.2222 0.7233 -0.613 -0.2065 -0.2418 0.436 -0.2581 -0.6331 -0.5852 0.8074 0.1668 0.525 -0.2111 0.6473 0.1431 -0.7465 0.0579 0.6014 -0.4033 -0.6528 -0.2223 0.951 -0.1348 0.2406 0.1399
0.7227 -0.2397 -0.5211 -0.3855 0.4833 -0.713 -0.2585 -0.4373 0.7117 -0.3068 -0.4837 -0.4067 0.7173 0.1252 -0.5985 -0.3341 0.7233 -0.613 -0.2065 -0.2418 0.436 -0.2581 -0.6331 -0.5852 0.8958 0.1916 0.3625 -0.1717 0.6473 0.1431 -0.7465 0.0579 0.6014 -0.4033 -0.6528 -0.2223 0.9448 -0.1163 0.2683 0.1476
0.7227 -0.2397 -0.5211 -0.3855 0.4833 -0.713 -0.2585 -0.4373 0.7117 -0.3068 -0.4837 -0.4067 0.7173 0.1252 -0.5985 -0.3341 0.7233 -0.613 -0.2065 -0.2418 0.436 -0.2581 -0.6331 -0.5852 0.8958 0.1916 0.3625 -0.1717 0.6473 0.1431 -0.7465 0.0579 0.6014 -0.4033 -0.6528 -0.2223 0.9448 -0.1163 0.2683 0.1476
0.7227 -0.2397 -0.5211 -0.3855 0.4583 -0.7086 -0.2117 -0.4929 0.7117 -0.3068 -0.4837 -0.4067 0.7173 0.1252 -0.5985 -0.3341 0.7233 -0.613 -0.2065 -0.2418 0.436 -0.2581 -0.6331 -0.5852 0.8958 0.1916 0.3625 -0.1717 0.6473 0.1431 -0.7465 0.0579 0.6014 -0.4033 -0.6528 -0.2223 0.9448 -0.1163 0.2683 0.1476
0.7227 -0.2397 -0.5211 -0.3855 0.4583 -0.7086 -0.2117 -0.4929 0.7117 -0.3068 -0.4837 -0.4067 0.7173 0.1252 -0.5985 -0.3341 0.7233 -0.613 -0.2065 -0.2418 0.436 -0.2581 -0.6331 -0.5852 0.8958 0.1916 0.3625 -0.1717 0.6287 0.1577 -0.755 0.0989 0.6014 -0.4033 -0.6528 -0.2223 0.9448 -0.1163 0.2683 0.1476
0.7227 -0.2397 -0.5211 -0.3855 0.4583 -0.7086 -0.2117 -0.4929 0.7117 -0.3068 -0.4837 -0.4067 0.7173 0.1252 -0.5985 -0.3341 0.7233 -0.613 -0.2065 -0.2418 0.436 -0.2581 -0.6331 -0.5852 0.8958 0.1916 0.3625 -0.1717 0.6287 0.1577 -0.755 0.0989 0.6014 -0.4033 -0.6528 -0.2223 0.9448 -0.1163 0.2683 0.1476
0.7227 -0.2397 -0.5211 -0.3855 0.4583 -0.7086 -0.2117 -0.4929 0.7117 -0.3068 -0.4837 -0.4067 0.7173 0.1252 -0.5985 -0.3341 0.7233 -0.613 -0.2065 -0.2418 0.436 -0.2581 -0.6331 -0.5852 0.8958 0.1916 0.3625 -0.1717 0.6287 0.1577 -0.755 0.0989 0.6014 -0.4033 -0.6528 -0.2223 0.9448 -0.1163 0.2683 0.1476
0.7227 -0.2397 -0.5211 -0.3855 0.4583 -0.7086 -0.2117 -0.4929 0.7117 -0.3068 -0.4837 -0.4067 0.7173 0.1252 -0.5985 -0.3341 0.7233 -0.613 -0.2065 -0.2418 0.436 -0.2581 -0.6331 -0.5852 0.8958 0.1916 0.3625 -0.1717 0.6287 0.1577 -0.755 0.0989 0.6014 -0.4033 -0.6528 -0.2223 0.9448 -0.1163 0.2683 0.1476
0.7 -0.2645 -0.5234 -0.4076 0.4583 -0.7086 -0.2117 -0.4929 0.7117 -0.3068 -0.4837 -0.4067 0.6675 0.102 -0.6094 -0.4156 0.7233 -0.613 -0.2065 -0.2418 0.436 -0.2581 -0.6331 -0.5852 0.9378 0.2051 0.2563 -0.1129 0.6287 0.1577 -0.755 0.0989 0.6014 -0.4033 -0.6528 -0.2223 0.9448 -0.1163 0.2683 0.1476
0.7 -0.2645 -0.5234 -0.4076 0.4583 -0.7086 -0.2117 -0.4929 0.7117 -0.3068 -0.4837 -0.4067 0.6675 0.102 -0.6094 -0.4156 0.7233 -0.613 -0.2065 -0.2418 0.436 -0.2581 -0.6331 -0.5852 0.9378 0.2051 0.2563 -0.1129 0.6287 0.1577 -0.755 0.0989 0.6014 -0.4033 -0.6528 -0.2223 0.9414 -0.1182 0.2795 0.147
0.7 -0.2645 -0.5234 -0.4076 0.4268 -0.7116 -0.1954 -0.5227 0.7117 -0.3068 -0.4837 -0.4067 0.6675 0.102 -0.6094 -0.4156 0.6865 -0.6129 -0.3026 -0.2482 0.5944 -0.413 -0.5634 -0.3983 0.9378 0.2051 0.2563 -0.1129 0.6287 0.1577 -0.755 0.0989 0.6014 -0.4033 -0.6528 -0.2223 0.9414 -0.1182 0.2795 0.147
0.7 -0.2645 -0.5234 -0.4076 0.4268 -0.7116 -0.1954 -0.5227 0.7117 -0.3068 -0.4837 -0.4067 0.6675 0.102 -0.6094 -0.4156 0.6865 -0.6129 -0.3026 -0.2482 0.5944 -0.413 -0.5634 -0.3983 0.9378 0.2051 0.2563 -0.1129 0.6193 0.1445 -0.7604 0.132 0.6014 -0.4033 -0.6528 -0.2223 0.9414 -0.1182 0.2795 0.147
0.7 -0.2645 -0.5234 -0.4076 0.4268 -0.7116 -0.1954 -0.5227 0.7117 -0.3068 -0.4837 -0.4067 0.6675 0.102 -0.6094 -0.4156 0.6865 -0.6129 -0.3026 -0.2482 0.5944 -0.413 -0.5634 -0.3983 0.9378 0.2051 0.2563 -0.1129 0.6193 0.1445 -0.7604 0.132 0.6014 -0.4033 -0.6528 -0.2223 0.9414 -0.1182 0.2795 0.147
0.7 -0.2645 -0.5234 -0.4076 0.4268 -0.7116 -0.1954 -0.5227 0.7117 -0.3068 -0.4837 -0.4067 0.6675 0.102 -0.6094 -0.4156 0.6865 -0.6129 -0.3026 -0.2482 0.5944 -0.413 -0.5634 -0.3983 0.9378 0.2051 0.2563 -0.1129 0.6193 0.1445 -0.7604 0.132 0.6014 -0.4033 -0.6528 -0.2223 0.9414 -0.1182 0.2795 0.147
0.7 -0.2645 -0.5234 -0.4076 0.4268 -0.7116 -0.1954 -0.5227 0.7117 -0.3068 -0.4837 -0.4067 0.6675 0.102 -0.6094 -0.4156 0.6865 -0.6129 -0.3026 -0.2482 0.5944 -0.413 -0.5634 -0.3983 0.9378 0.2051 0.2563 -0.1129 0.6193 0.1445 -0.7604 0.132 0.6014 -0.4033 -0.6528 -0.2223 0.9414 -0.1182 0.2795 0.147
0.7 -0.2645 -0.5234 -0.4076 0.4268 -0.7116 -0.1954 -0.5227 0.7117 -0.3068 -0.4837 -0.4067 0.6675 0.102 -0.6094 -0.4156 0.6865 -0.6129 -0.3026 -0.2482 0.5944 -0.413 -0.5634 -0.3983 0.9378 0.2051 0.2563 -0.1129 0.6193 0.1445 -0.7604 0.132 0.6014 -0.4033 -0.6528 -0.2223 0.9414 -0.1182 0.2795 0.147
0.7 -0.2645 -0.5234 -0.4076 0.4268 -0.7116 -0.1954 -0.5227 0.7117 -0.3068 -0.4837 -0.4067 0.6675 0.102 -0.6094 -0.4156 0.6865 -0.6129 -0.3026 -0.2482 0.5944 -0.413 -0.5634 -0.3983 0.9351 0.1503 0.295 -0.1267 0.6193 0.1445 -0.7604 0.132 0.6014 -0.4033 -0.6528 -0.2223 0.9133 -0.1508 0.3502 0.1433
0.7 -0.2645 -0.5234 -0.4076 0.4429 -0.6942 -0.2439 -0.5123 0.7117 -0.3068 -0.4837 -0.4067 0.6675 0.102 -0.6094 -0.4156 0.646 -0.6249 -0.3497 -0.2645 0.5876 -0.3773 -0.5991 -0.3917 0.9351 0.1503 0.295 -0.1267 0.6193 0.1445 -0.7604 0.132 0.6014 -0.4033 -0.6528 -0.2223 0.9133 -0.1508 0.3502 0.1433
0.7 -0.2645 -0.5234 -0.4076 0.4429 -0.6942 -0.2439 -0.5123 0.7117 -0.3068 -0.4837 -0.4067 0.6675 0.102 -0.6094 -0.4156 0.646 -0.6249 -0.3497 -0.2645 0.5876 -0.3773 -0.5991 -0.3917 0.9351 0.1503 0.295 -0.1267 0.6711 0.1707 -0.715 0.0969 0.6014 -0.4033 -0.6528 -0.2223 0.9133 -0.1508 0.3502 0.1433
0.7 -0.2645 -0.5234 -0.4076 0.4429 -0.6942 -0.2439 -0.5123 0.7149 -0.3301 -0.5375 -0.3016 0.6675 0.102 -0.6094 -0.4156 0.646 -0.6249 -0.3497 -0.2645 0.5876 -0.3773 -0.5991 -0.3917 0.9351 0.1503 0.295 -0.1267 0.6711 0.1707 -0.715 0.0969 0.6014 -0.4033 -0.6528 -0.2223 0.9133 -0.1508 0.3502 0.1433
0.7 -0.2645 -0.5234 -0.4076 0.4429 -0.6942 -0.2439 -0.5123 0.7149 -0.3301 -0.5375 -0.3016 0.6675 0.102 -0.6094 -0.4156 0.646 -0.6249 -0.3497 -0.2645 0.5876 -0.3773 -0.5991 -0.3917 0.9351 0.1503 0.295 -0.1267 0.6711 0.1707 -0.715 0.0969 0.6014 -0.4033 -0.6528 -0.2223 0.9133 -0.1508 0.3502 0.1433
0.7458 -0.1237 -0.5844 -0.2948 0.4429 -0.6942 -0.2439 -0.5123 0.7149 -0.3301 -0.5375 -0.3016 0.6675 0.102 -0.6094 -0.4156 0.646 -0.6249 -0.3497 -0.2645 0.5876 -0.3773 -0.5991 -0.3917 0.9351 0.1503 0.295 -0.1267 0.6711 0.1707 -0.715 0.0969 0.6014 -0.4033 -0.6528 -0.2223 0.9133 -0.1508 0.3502 0.1433
0.7458 -0.1237 -0.5844 -0.2948 0.4429 -0.6942 -0.2439 -0.5123 0.7149 -0.3301 -0.5375 -0.3016 0.6675 0.102 -0.6094 -0.4156 0.646 -0.6249 -0.3497 -0.2645 0.5876 -0.3773 -0.5991 -0.3917 0.934 0.1501 0.3 -0.1228 0.6711 0.1707 -0.715 0.0969 0.6014 -0.4033 -0.6528 -0.2223 0.7765 -0.1918 0.5825 0.1448
0.7458 -0.1237 -0.5844 -0.2948 0.4429 -0.6942 -0.2439 -0.5123 0.7149 -0.3301 -0.5375 -0.3016 0.6675 0.102 -0.6094 -0.4156 0.5902 -0.619 -0.4172 -0.3073 0.5876 -0.3773 -0.5991 -0.3917 0.934 0.1501 0.3 -0.1228 0.6711 0.1707 -0.715 0.0969 0.6014 -0.4033 -0.6528 -0.2223 0.7765 -0.1918 0.5825 0.1448
0.7458 -0.1237 -0.5844 -0.2948 0.5522 -0.64 -0.3356 -0.4158 0.7149 -0.3301 -0.5375 -0.3016 0.6675 0.102 -0.6094 -0.4156 0.5902 -0.619 -0.4172 -0.3073 0.5876 -0.3773 -0.5991 -0.3917 0.934 0.1501 0.3 -0.1228 0.6711 0.1707 -0.715 0.0969 0.6014 -0.4033 -0.6528 -0.2223 0.7765 -0.1918 0.5825 0.1448
0.7458 -0.1237 -0.5844 -0.2948 0.5522 -0.64 -0.3356 -0.4158 0.7149 -0.3301 -0.5375 -0.3016 0.6675 0.102 -0.6094 -0.4156 0.5902 -0.619 -0.4172 -0.3073 0.5876 -0.3773 -0.5991 -0.3917 0.934 0.1501 0.3 -0.1228 0.7043 0.2341 -0.6667 0.0681 0.6014 -0.4033 -0.6528 -0.2223 0.7765 -0.1918 0.5825 0.1448
0.7458 -0.1237 -0.5844 -0.2948 0.5522 -0.64 -0.3356 -0.4158 0.7419 -0.2907 -0.5463 -0.258 0.6675 0.102 -0.6094 -0.4156 0.5902 -0.619 -0.4172 -0.3073 0.5876 -0.3773 -0.5991 -0.3917 0.934 0.1501 0.3 -0.1228 0.7043 0.2341 -0.6667 0.0681 0.6014 -0.4033 -0.6528 -0.2223 0.7765 -0.1918 0.5825 0.1448
0.7458 -0.1237 -0.5844 -0.2948 0.5522 -0.64 -0.3356 -0.4158 0.7419 -0.2907 -0.5463 -0.258 0.6675 0.102 -0.6094 -0.4156 0.5902 -0.619 -0.4172 -0.3073 0.5876 -0.3773 -0.5991 -0.3917 0.934 0.1501 0.3 -0.1228 0.7043 0.2341 -0.6667 0.0681 0.6014 -0.4033 -0.6528 -0.2223 0.7765 -0.1918 0.5825 0.1448
0.7458 -0.1237 -0.5844 -0.2948 0.5522 -0.64 -0.3356 -0.4158 0.7419 -0.2907 -0.5463 -0.258 0.7814 0.0552 -0.6104 -0.1172 0.5902 -0.619 -0.4172 -0.3073 0.5876 -0.3773 -0.5991 -0.3917 0.934 0.1501 0.3 -0.1228 0.7043 0.2341 -0.6667 0.0681 0.6014 -0.4033 -0.6528 -0.2223 0.7765 -0.1918 0.5825 0.1448
0.7458 -0.1237 -0.5844 -0.2948 0.5522 -0.64 -0.3356 -0.4158 0.7419 -0.2907 -0.5463 -0.258 0.7814 0.0552 -0.6104 -0.1172 0.5902 -0.619 -0.4172 -0.3073 0.5876 -0.3773 -0.5991 -0.3917 0.9322 0.153 0.3047 -0.1213 0.7043 0.2341 -0.6667 0.0681 0.6014 -0.4033 -0.6528 -0.2223 0.7765 -0.1918 0.5825 0.1448
0.7458 -0.1237 -0.5844 -0.2948 0.5522 -0.64 -0.3356 -0.4158 0.7419 -0.2907 -0.5463 -0.258 0.7814 0.0552 -0.6104 -0.1172 0.5902 -0.619 -0.4172 -0.3073 0.5876 -0.3773 -0.5991 -0.3917 0.9322 0.153 0.3047 -0.1213 0.7043 0.2341 -0.6667 0.0681 0.6014 -0.4033 -0.6528 -0.2223 0.8784 -0.1491 0.4267 0.1552
0.7458 -0.1237 -0.5844 -0.2948 0.5522 -0.64 -0.3356 -0.4158 0.7419 -0.2907 -0.5463 -0.258 0.7814 0.0552 -0.6104 -0.1172 0.5582 -0.5883 -0.4828 -0.3304 0.5876 -0.3773 -0.5991 -0.3917 0.9322 0.153 0.3047 -0.1213 0.7043 0.2341 -0.6667 0.0681 0.6014 -0.4033 -0.6528 -0.2223 0.8784 -0.1491 0.4267 0.1552
0.7458 -0.1237 -0.5844 -0.2948 0.5522 -0.64 -0.3356 -0.4158 0.7419 -0.2907 -0.5463 -0.258 0.7814 0.0552 -0.6104 -0.1172 0.5582 -0.5883 -0.4828 -0.3304 0.5876 -0.3773 -0.5991 -0.3917 0.9322 0.153 0.3047 -0.1213 0.7179 0.2157 -0.6618 0.0096 0.6014 -0.4033 -0.6528 -0.2223 0.8784 -0.1491 0.4267 0.1552
0.7458 -0.1237 -0.5844 -0.2948 0.5522 -0.64 -0.3356 -0.4158 0.7842 -0.2203 -0.5432 -0.2038 0.7814 0.0552 -0.6104 -0.1172 0.5582 -0.5883 -0.4828 -0.3304 0.5876 -0.3773 -0.5991 -0.3917 0.9322 0.153 0.3047 -0.1213 0.7179 0.2157 -0.6618 0.0096 0.6014 -0.4033 -0.6528 -0.2223 0.8784 -0.1491 0.4267 0.1552
0.7458 -0.1237 -0.5844 -0.2948 0.5522 -0.64 -0.3356 -0.4158 0.7842 -0.2203 -0.5432 -0.2038 0.7814 0.0552 -0.6104 -0.1172 0.5582 -0.5883 -0.4828 -0.3304 0.5876 -0.3773 -0.5991 -0.3917 0.9322 0.153 0.3047 -0.1213 0.7179 0.2157 -0.6618 0.0096 0.6014 -0.4033 -0.6528 -0.2223 0.8784 -0.1491 0.4267 0.1552
0.7458 -0.1237 -0.5844 -0.2948 0.5522 -0.64 -0.3356 -0.4158 0.7842 -0.2203 -0.5432 -0.2038 0.7814 0.0552 -0.6104 -0.1172 0.5582 -0.5883 -0.4828 -0.3304 0.5876 -0.3773 -0.5991 -0.3917 0.9322 0.153 0.3047 -0.1213 0.7179 0.2157 -0.6618 0.0096 0.6014 -0.4033 -0.6528 -0.2223 0.8784 -0.1491 0.4267 0.1552
0.7458 -0.1237 -0.5844 -0.2948 0.5522 -0.64 -0.3356 -0.4158 0.7842 -0.2203 -0.5432 -0.2038 0.7814 0.0552 -0.6104 -0.1172 0.5582 -0.5883 -0.4828 -0.3304 0.5876 -0.3773 -0.5991 -0.3917 0.9314 0.1534 0.3067 -0.1219 0.7179 0.2157 -0.6618 0.0096 0.6014 -0.4033 -0.6528 -0.2223 0.8784 -0.1491 0.4267 0.1552
0.7458 -0.1237 -0.5844 -0.2948 0.5522 -0.64 -0.3356 -0.4158 0.7842 -0.2203 -0.5432 -0.2038 0.7814 0.0552 -0.6104 -0.1172 0.5582 -0.5883 -0.4828 -0.3304 0.5876 -0.3773 -0.5991 -0.3917 0.9314 0.1534 0.3067 -0.1219 0.7179 0.2157 -0.6618 0.0096 0.6014 -0.4033 -0.6528 -0.2223 0.9753 -0.0953 0.1791 0.0867
0.7458 -0.1237 -0.5844 -0.2948 0.5358 -0.7271 -0.4175 -0.099 0.7842 -0.2203 -0.5432 -0.2038 0.7814 0.0552 -0.6104 -0.1172 0.517 -0.5713 -0.5259 -0.3602 0.5612 -0.3615 -0.613 -0.4227 0.9314 0.1534 0.3067 -0.1219 0.7179 0.2157 -0.6618 0.0096 0.6014 -0.4033 -0.6528 -0.2223 0.9753 -0.0953 0.1791 0.0867
0.7458 -0.1237 -0.5844 -0.2948 0.5358 -0.7271 -0.4175 -0.099 0.7842 -0.2203 -0.5432 -0.2038 0.7814 0.0552 -0.6104 -0.1172 0.517 -0.5713 -0.5259 -0.3602 0.5612 -0.3615 -0.613 -0.4227 0.9314 0.1534 0.3067 -0.1219 0.7179 0.2157 -0.6618 0.0096 0.6014 -0.4033 -0.6528 -0.2223 0.9753 -0.0953 0.1791 0.0867
0.7458 -0.1237 -0.5844 -0.2948 0.5358 -0.7271 -0.4175 -0.099 0.8045 -0.1611 -0.5527 -0.1462 0.7814 0.0552 -0.6104 -0.1172 0.517 -0.5713 -0.5259 -0.3602 0.5612 -0.3615 -0.613 -0.4227 0.9314 0.1534 0.3067 -0.1219 0.7179 0.2157 -0.6618 0.0096 0.6014 -0.4033 -0.6528 -0.2223 0.9753 -0.0953 0.1791 0.0867
0.7458 -0.1237 -0.5844 -0.2948 0.5358 -0.7271 -0.4175 -0.099 0.8045 -0.1611 -0.5527 -0.1462 0.7814 0.0552 -0.6104 -0.1172 0.517 -0.5713 -0.5259 -0.3602 0.5612 -0.3615 -0.613 -0.4227 0.9314 0.1534 0.3067 -0.1219 0.7179 0.2157 -0.6618 0.0096 0.6014 -0.4033 -0.6528 -0.2223 0.9753 -0.0953 0.1791 0.0867
0.7458 -0.1237 -0.5844 -0.2948 0.5358 -0.7271 -0.4175 -0.099 0.8045 -0.1611 -0.5527 -0.1462 0.7814 0.0552 -0.6104 -0.1172 0.517 -0.5713 -0.5259 -0.3602 0.5612 -0.3615 -0.613 -0.4227 0.9314 0.1534 0.3067 -0.1219 0.7179 0.2157 -0.6618 0.0096 0.6014 -0.4033 -0.6528 -0.2223 0.9753 -0.0953 0.1791 0.0867
0.7458 -0.1237 -0.5844 -0.2948 0.5358 -0.7271 -0.4175 -0.099 0.8045 -0.1611 -0.5527 -0.1462 0.7814 0.0552 -0.6104 -0.1172 0.517 -0.5713 -0.5259 -0.3602 0.5612 -0.3615 -0.613 -0.4227 0.9314 0.1534 0.3067 -0.1219 0.7179 0.2157 -0.6618 0.0096 0.6014 -0.4033 -0.6528 -0.2223 0.9753 -0.0953 0.1791 0.0867
0.7458 -0.1237 -0.5844 -0.2948 0.5358 -0.7271 -0.4175 -0.099 0.8045 -0.1611 -0.5527 -0.1462 0.7814 0.0552 -0.6104 -0.1172 0.517 -0.5713 -0.5259 -0.3602 0.5612 -0.3615 -0.613 -0.4227 0.9275 0.1547 0.3154 -0.1276 0.7179 0.2157 -0.6618 0.0096 0.6014 -0.4033 -0.6528 -0.2223 0.9764 -0.1207 0.1176 0.1346
0.7458 -0.1237 -0.5844 -0.2948 0.4922 -0.7517 -0.436 -0.0504 0.8045 -0.1611 -0.5527 -0.1462 0.7814 0.0552 -0.6104 -0.1172 0.4937 -0.5577 -0.5589 -0.3646 0.5612 -0.3615 -0.613 -0.4227 0.9275 0.1547 0.3154 -0.1276 0.7179 0.2157 -0.6618 0.0096 0.6014 -0.4033 -0.6528 -0.2223 0.9764 -0.1207 0.1176 0.1346
0.7458 -0.1237 -0.5844 -0.2948 0.4922 -0.7517 -0.436 -0.0504 0.8045 -0.1611 -0.5527 -0.1462 0.7814 0.0552 -0.6104 -0.1172 0.4937 -0.5577 -0.5589 -0.3646 0.5612 -0.3615 -0.613 -0.4227 0.9275 0.1547 0.3154 -0.1276 0.7179 0.2157 -0.6618 0.0096 0.6014 -0.4033 -0.6528 -0.2223 0.9764 -0.1207 0.1176 0.1346
0.7458 -0.1237 -0.5844 -0.2948 0.4922 -0.7517 -0.436 -0.0504 0.7871 -0.1504 -0.5855 -0.1227 0.7814 0.0552 -0.6104 -0.1172 0.4937 -0.5577 -0.5589 -0.3646 0.5612 -0.3615 -0.613 -0.4227 0.9275 0.1547 0.3154 -0.1276 0.6895 0.2178 -0.6893 0.0438 0.606 -0.2684 -0.6687 -0.337 0.9764 -0.1207 0.1176 0.1346
0.7458 -0.1237 -0.5844 -0.2948 0.4922 -0.7517 -0.436 -0.0504 0.7871 -0.1504 -0.5855 -0.1227 0.7814 0.0552 -0.6104 -0.1172 0.4937 -0.5577 -0.5589 -0.3646 0.5612 -0.3615 -0.613 -0.4227 0.9275 0.1547 0.3154 -0.1276 0.6895 0.2178 -0.6893 0.0438 0.606 -0.2684 -0.6687 -0.337 0.9764 -0.1207 0.1176 0.1346
0.7458 -0.1237 -0.5844 -0.2948 0.4922 -0.7517 -0.436 -0.0504 0.7871 -0.1504 -0.5855 -0.1227 0.7814 0.0552 -0.6104 -0.1172 0.4937 -0.5577 -0.5589 -0.3646 0.5612 -0.3615 -0.613 -0.4227 0.9275 0.1547 0.3154 -0.1276 0.6895 0.2178 -0.6893 0.0438 0.606 -0.2684 -0.6687 -0.337 0.9764 -0.1207 0.1176 0.1346
0.7458 -0.1237 -0.5844 -0.2948 0.4922 -0.7517 -0.436 -0.0504 0.7871 -0.1504 -0.5855 -0.1227 0.7814 0.0552 -0.6104 -0.1172 0.4937 -0.5577 -0.5589 -0.3646 0.5612 -0.3615 -0.613 -0.4227 0.8763 0.1497 0.4294 -0.159 0.6895 0.2178 -0.6893 0.0438 0.606 -0.2684 -0.6687 -0.337 0.9496 -0.1156 0.256 0.1389
0.7458 -0.1237 -0.5844 -0.2948 0.4922 -0.7517 -0.436 -0.0504 0.7871 -0.1504 -0.5855 -0.1227 0.7814 0.0552 -0.6104 -0.1172 0.4937 -0.5577 -0.5589 -0.3646 0.5612 -0.3615 -0.613 -0.4227 0.8763 0.1497 0.4294 -0.159 0.6895 0.2178 -0.6893 0.0438 0.606 -0.2684 -0.6687 -0.337 0.9496 -0.1156 0.256 0.1389
0.7458 -0.1237 -0.5844 -0.2948 0.4922 -0.7517 -0.436 -0.0504 0.7871 -0.1504 -0.5855 -0.1227 0.7814 0.0552 -0.6104 -0.1172 0.5392 -0.572 -0.4871 -0.3806 0.5612 -0.3615 -0.613 -0.4227 0.8763 0.1497 0.4294 -0.159 0.6895 0.2178 -0.6893 0.0438 0.606 -0.2684 -0.6687 -0.337 0.9496 -0.1156 0.256 0.1389
0.7458 -0.1237 -0.5844 -0.2948 0.4922 -0.7517 -0.436 -0.0504 0.7871 -0.1504 -0.5855 -0.1227 0.7814 0.0552 -0.6104 -0.1172 0.5392 -0.572 -0.4871 -0.3806 0.4677 -0.189 -0.6492 -0.5693 0.8763 0.1497 0.4294 -0.159 0.6755 0.193 -0.7111 0.0274 0.606 -0.2684 -0.6687 -0.337 0.9496 -0.1156 0.256 0.1389
0.7458 -0.1237 -0.5844 -0.2948 0.4922 -0.7517 -0.436 -0.0504 0.7871 -0.1504 -0.5855 -0.1227 0.7814 0.0552 -0.6104 -0.1172 0.5392 -0.572 -0.4871 -0.3806 0.4677 -0.189 -0.6492 -0.5693 0.8763 0.1497 0.4294 -0.159 0.6755 0.193 -0.7111 0.0274 0.606 -0.2684 -0.6687 -0.337 0.9496 -0.1156 0.256 0.1389
0.7458 -0.1237 -0.5844 -0.2948 0.4922 -0.7517 -0.436 -0.0504 0.7523 -0.2459 -0.5798 -0.1932 0.7814 0.0552 -0.6104 -0.1172 0.5392 -0.572 -0.4871 -0.3806 0.4677 -0.189 -0.6492 -0.5693 0.8763 0.1497 0.4294 -0.159 0.6755 0.193 -0.7111 0.0274 0.6057 -0.3441 -0.6563 -0.2898 0.9496 -0.1156 0.256 0.1389
0.8039 -0.1392 -0.5555 -0.1603 0.4922 -0.7517 -0.436 -0.0504 0.7523 -0.2459 -0.5798 -0.1932 0.7814 0.0552 -0.6104 -0.1172 0.5392 -0.572 -0.4871 -0.3806 0.4677 -0.189 -0.6492 -0.5693 0.8763 0.1497 0.4294 -0.159 0.6755 0.193 -0.7111 0.0274 0.6057 -0.3441 -0.6563 -0.2898 0.9496 -0.1156 0.256 0.1389
0.8039 -0.1392 -0.5555 -0.1603 0.4922 -0.7517 -0.436 -0.0504 0.7523 -0.2459 -0.5798 -0.1932 0.7814 0.0552 -0.6104 -0.1172 0.5392 -0.572 -0.4871 -0.3806 0.4677 -0.189 -0.6492 -0.5693 0.7537 0.1022 0.6058 -0.2336 0.6755 0.193 -0.7111 0.0274 0.6057 -0.3441 -0.6563 -0.2898 0.9496 -0.1156 0.256 0.1389
0.8039 -0.1392 -0.5555 -0.1603 0.4922 -0.7517 -0.436 -0.0504 0.7523 -0.2459 -0.5798 -0.1932 0.7814 0.0552 -0.6104 -0.1172 0.6201 -0.6048 -0.3448 -0.3616 0.4677 -0.189 -0.6492 -0.5693 0.7537 0.1022 0.6058 -0.2336 0.6755 0.193 -0.7111 0.0274 0.6057 -0.3441 -0.6563 -0.2898 0.9487 -0.1102 0.2614 0.1395
0.8039 -0.1392 -0.5555 -0.1603 0.5292 -0.6928 -0.4209 -0.2507 0.7523 -0.2459 -0.5798 -0.1932 0.7814 0.0552 -0.6104 -0.1172 0.6201 -0.6048 -0.3448 -0.3616 0.3719 -0.1385 -0.6385 -0.6594 0.7537 0.1022 0.6058 -0.2336 0.6755 0.193 -0.7111 0.0274 0.6057 -0.3441 -0.6563 -0.2898 0.9487 -0.1102 0.2614 0.1395
0.8039 -0.1392 -0.5555 -0.1603 0.5292 -0.6928 -0.4209 -0.2507 0.7523 -0.2459 -0.5798 -0.1932 0.7814 0.0552 -0.6104 -0.1172 0.6201 -0.6048 -0.3448 -0.3616 0.3719 -0.1385 -0.6385 -0.6594 0.7537 0.1022 0.6058 -0.2336 0.6755 0.193 -0.7111 0.0274 0.6057 -0.3441 -0.6563 -0.2898 0.9487 -0.1102 0.2614 0.1395
0.8039 -0.1392 -0.5555 -0.1603 0.5292 -0.6928 -0.4209 -0.2507 0.7311 -0.3157 -0.5245 -0.301 0.7814 0.0552 -0.6104 -0.1172 0.6201 -0.6048 -0.3448 -0.3616 0.3719 -0.1385 -0.6385 -0.6594 0.7537 0.1022 0.6058 -0.2336 0.6581 0.1687 -0.7318 0.0538 0.6008 -0.3754 -0.6544 -0.2645 0.9487 -0.1102 0.2614 0.1395
0.8039 -0.1392 -0.5555 -0.1603 0.5292 -0.6928 -0.4209 -0.2507 0.7311 -0.3157 -0.5245 -0.301 0.7814 0.0552 -0.6104 -0.1172 0.6201 -0.6048 -0.3448 -0.3616 0.3719 -0.1385 -0.6385 -0.6594 0.7537 0.1022 0.6058 -0.2336 0.6581 0.1687 -0.7318 0.0538 0.6008 -0.3754 -0.6544 -0.2645 0.9487 -0.1102 0.2614 0.1395
0.7714 -0.1959 -0.5527 -0.2472 0.5292 -0.6928 -0.4209 -0.2507 0.7311 -0.3157 -0.5245 -0.301 0.7814 0.0552 -0.6104 -0.1172 0.6201 -0.6048 -0.3448 -0.3616 0.3719 -0.1385 -0.6385 -0.6594 0.7537 0.1022 0.6058 -0.2336 0.6581 0.1687 -0.7318 0.0538 0.6008 -0.3754 -0.6544 -0.2645 0.9487 -0.1102 0.2614 0.1395
0.7714 -0.1959 -0.5527 -0.2472 0.5292 -0.6928 -0.4209 -0.2507 0.7311 -0.3157 -0.5245 -0.301 0.7814 0.0552 -0.6104 -0.1172 0.6201 -0.6048 -0.3448 -0.3616 0.3719 -0.1385 -0.6385 -0.6594 0.7692 0.1326 0.5776 -0.2388 0.6581 0.1687 -0.7318 0.0538 0.6008 -0.3754 -0.6544 -0.2645 0.9492 -0.1036 0.2616 0.1407
0.7714 -0.1959 -0.5527 -0.2472 0.5292 -0.6928 -0.4209 -0.2507 0.7311 -0.3157 -0.5245 -0.301 0.7814 0.0552 -0.6104 -0.1172 0.6201 -0.6048 -0.3448 -0.3616 0.3719 -0.1385 -0.6385 -0.6594 0.7692 0.1326 0.5776 -0.2388 0.6581 0.1687 -0.7318 0.0538 0.6008 -0.3754 -0.6544 -0.2645 0.9492 -0.1036 0.2616 0.1407
0.7714 -0.1959 -0.5527 -0.2472 0.5292 -0.6928 -0.4209 -0.2507 0.7311 -0.3157 -0.5245 -0.301 0.7814 0.0552 -0.6104 -0.1172 0.6201 -0.6048 -0.3448 -0.3616 0.4058 -0.2213 -0.631 -0.623 0.7692 0.1326 0.5776 -0.2388 0.6581 0.1687 -0.7318 0.0538 0.6008 -0.3754 -0.6544 -0.2645 0.9492 -0.1036 0.2616 0.1407
0.7714 -0.1959 -0.5527 -0.2472 0.5292 -0.6928 -0.4209 -0.2507 0.7311 -0.3157 -0.5245 -0.301 0.7814 0.0552 -0.6104 -0.1172 0.6201 -0.6048 -0.3448 -0.3616 0.4058 -0.2213 -0.631 -0.623 0.7692 0.1326 0.5776 -0.2388 0.6436 0.1426 -0.7491 0.0658 0.6008 -0.3754 -0.6544 -0.2645 0.9492 -0.1036 0.2616 0.1407
0.7714 -0.1959 -0.5527 -0.2472 0.5292 -0.6928 -0.4209 -0.2507 0.7166 -0.3293 -0.4771 -0.3878 0.7814 0.0552 -0.6104 -0.1172 0.6201 -0.6048 -0.3448 -0.3616 0.4058 -0.2213 -0.631 -0.623 0.7692 0.1326 0.5776 -0.2388 0.6436 0.1426 -0.7491 0.0658 0.6028 -0.4061 -0.644 -0.2387 0.9492 -0.1036 0.2616 0.1407
0.7714 -0.1959 -0.5527 -0.2472 0.5292 -0.6928 -0.4209 -0.2507 0.7166 -0.3293 -0.4771 -0.3878 0.7814 0.0552 -0.6104 -0.1172 0.6201 -0.6048 -0.3448 -0.3616 0.4058 -0.2213 -0.631 -0.623 0.7692 0.1326 0.5776 -0.2388 0.6436 0.1426 -0.7491 0.0658 0.6028 -0.4061 -0.644 -0.2387 0.9492 -0.1036 0.2616 0.1407
0.7714 -0.1959 -0.5527 -0.2472 0.5292 -0.6928 -0.4209 -0.2507 0.7166 -0.3293 -0.4771 -0.3878 0.7814 0.0552 -0.6104 -0.1172 0.6201 -0.6048 -0.3448 -0.3616 0.4058 -0.2213 -0.631 -0.623 0.7692 0.1326 0.5776 -0.2388 0.6436 0.1426 -0.7491 0.0658 0.6028 -0.4061 -0.644 -0.2387 0.9492 -0.1036 0.2616 0.1407
0.727 -0.2474 -0.541 -0.343 0.5292 -0.6928 -0.4209 -0.2507 0.7166 -0.3293 -0.4771 -0.3878 0.7814 0.0552 -0.6104 -0.1172 0.6201 -0.6048 -0.3448 -0.3616 0.4058 -0.2213 -0.631 -0.623 0.8513 0.1786 0.4429 -0.2173 0.6436 0.1426 -0.7491 0.0658 0.6028 -0.4061 -0.644 -0.2387 0.9481 -0.1002 0.2665 0.1419
0.727 -0.2474 -0.541 -0.343 0.5292 -0.6928 -0.4209 -0.2507 0.7166 -0.3293 -0.4771 -0.3878 0.7814 0.0552 -0.6104 -0.1172 0.7306 -0.5956 -0.2322 -0.24 0.4058 -0.2213 -0.631 -0.623 0.8513 0.1786 0.4429 -0.2173 0.6436 0.1426 -0.7491 0.0658 0.6028 -0.4061 -0.644 -0.2387 0.9481 -0.1002 0.2665 0.1419
0.727 -0.2474 -0.541 -0.343 0.4438 -0.7247 -0.231 -0.4737 0.7166 -0.3293 -0.4771 -0.3878 0.7814 0.0552 -0.6104 -0.1172 0.7306 -0.5956 -0.2322 -0.24 0.4058 -0.2213 -0.631 -0.623 0.8513 0.1786 0.4429 -0.2173 0.6436 0.1426 -0.7491 0.0658 0.6028 -0.4061 -0.644 -0.2387 0.9481 -0.1002 0.2665 0.1419
0.727 -0.2474 -0.541 -0.343 0.4438 -0.7247 -0.231 -0.4737 0.7166 -0.3293 -0.4771 -0.3878 0.7814 0.0552 -0.6104 -0.1172 0.7306 -0.5956 -0.2322 -0.24 0.4982 -0.3721 -0.581 -0.5251 0.8513 0.1786 0.4429 -0.2173 0.6311 0.1391 -0.7573 0.094 0.6028 -0.4061 -0.644 -0.2387 0.9481 -0.1002 0.2665 0.1419
0.727 -0.2474 -0.541 -0.343 0.4438 -0.7247 -0.231 -0.4737 0.7166 -0.3293 -0.4771 -0.3878 0.7814 0.0552 -0.6104 -0.1172 0.7306 -0.5956 -0.2322 -0.24 0.4982 -0.3721 -0.581 -0.5251 0.8513 0.1786 0.4429 -0.2173 0.6311 0.1391 -0.7573 0.094 0.6028 -0.4061 -0.644 -0.2387 0.9481 -0.1002 0.2665 0.1419
0.727 -0.2474 -0.541 -0.343 0.4438 -0.7247 -0.231 -0.4737 0.7046 -0.3262 -0.4553 -0.4357 0.7043 0.1232 -0.5906 -0.3742 0.7306 -0.5956 -0.2322 -0.24 0.4982 -0.3721 -0.581 -0.5251 0.8513 0.1786 0.4429 -0.2173 0.6311 0.1391 -0.7573 0.094 0.6105 -0.4386 -0.628 -0.2014 0.9481 -0.1002 0.2665 0.1419
0.727 -0.2474 -0.541 -0.343 0.4438 -0.7247 -0.231 -0.4737 0.7046 -0.3262 -0.4553 -0.4357 0.7043 0.1232 -0.5906 -0.3742 0.7306 -0.5956 -0.2322 -0.24 0.4982 -0.3721 -0.581 -0.5251 0.8513 0.1786 0.4429 -0.2173 0.6311 0.1391 -0.7573 0.094 0.6105 -0.4386 -0.628 -0.2014 0.9481 -0.1002 0.2665 0.1419
0.727 -0.2474 -0.541 -0.343 0.4438 -0.7247 -0.231 -0.4737 0.7046 -0.3262 -0.4553 -0.4357 0.7043 0.1232 -0.5906 -0.3742 0.7306 -0.5956 -0.2322 -0.24 0.4982 -0.3721 -0.581 -0.5251 0.9193 0.213 0.2883 -0.1624 0.6311 0.1391 -0.7573 0.094 0.6105 -0.4386 -0.628 -0.2014 0.9481 -0.1002 0.2665 0.1419
0.727 -0.2474 -0.541 -0.343 0.4438 -0.7247 -0.231 -0.4737 0.7046 -0.3262 -0.4553 -0.4357 0.7043 0.1232 -0.5906 -0.3742 0.7306 -0.5956 -0.2322 -0.24 0.4982 -0.3721 -0.581 -0.5251 0.9193 0.213 0.2883 -0.1624 0.6311 0.1391 -0.7573 0.094 0.6105 -0.4386 -0.628 -0.2014 0.9456 -0.0995 0.274 0.1443
0.727 -0.2474 -0.541 -0.343 0.4241 -0.699 -0.1801 -0.5469 0.7046 -0.3262 -0.4553 -0.4357 0.7043 0.1232 -0.5906 -0.3742 0.7149 -0.5988 -0.2701 -0.2397 0.5784 -0.4244 -0.5552 -0.4207 0.9193 0.213 0.2883 -0.1624 0.6311 0.1391 -0.7573 0.094 0.6105 -0.4386 -0.628 -0.2014 0.9456 -0.0995 0.274 0.1443
0.727 -0.2474 -0.541 -0.343 0.4241 -0.699 -0.1801 -0.5469 0.7046 -0.3262 -0.4553 -0.4357 0.7043 0.1232 -0.5906 -0.3742 0.7149 -0.5988 -0.2701 -0.2397 0.5784 -0.4244 -0.5552 -0.4207 0.9193 0.213 0.2883 -0.1624 0.6219 0.125 -0.7629 0.1245 0.6105 -0.4386 -0.628 -0.2014 0.9456 -0.0995 0.274 0.1443
0.727 -0.2474 -0.541 -0.343 0.4241 -0.699 -0.1801 -0.5469 0.7011 -0.3233 -0.4783 -0.4185 0.7043 0.1232 -0.5906 -0.3742 0.7149 -0.5988 -0.2701 -0.2397 0.5784 -0.4244 -0.5552 -0.4207 0.9193 0.213 0.2883 -0.1624 0.6219 0.125 -0.7629 0.1245 0.626 -0.4742 -0.6011 -0.1481 0.9456 -0.0995 0.274 0.1443
0.727 -0.2474 -0.541 -0.343 0.4241 -0.699 -0.1801 -0.5469 0.7011 -0.3233 -0.4783 -0.4185 0.7043 0.1232 -0.5906 -0.3742 0.7149 -0.5988 -0.2701 -0.2397 0.5784 -0.4244 -0.5552 -0.4207 0.9193 0.213 0.2883 -0.1624 0.6219 0.125 -0.7629 0.1245 0.626 -0.4742 -0.6011 -0.1481 0.9456 -0.0995 0.274 0.1443
0.727 -0.2474 -0.541 -0.343 0.4241 -0.699 -0.1801 -0.5469 0.7011 -0.3233 -0.4783 -0.4185 0.7043 0.1232 -0.5906 -0.3742 0.7149 -0.5988 -0.2701 -0.2397 0.5784 -0.4244 -0.5552 -0.4207 0.9193 0.213 0.2883 -0.1624 0.6219 0.125 -0.7629 0.1245 0.626 -0.4742 -0.6011 -0.1481 0.9456 -0.0995 0.274 0.1443
0.727 -0.2474 -0.541 -0.343 0.4241 -0.699 -0.1801 -0.5469 0.7011 -0.3233 -0.4783 -0.4185 0.7043 0.1232 -0.5906 -0.3742 0.7149 -0.5988 -0.2701 -0.2397 0.5784 -0.4244 -0.5552 -0.4207 0.9193 0.213 0.2883 -0.1624 0.6219 0.125 -0.7629 0.1245 0.626 -0.4742 -0.6011 -0.1481 0.9456 -0.0995 0.274 0.1443
0.6742 -0.2428 -0.5414 -0.4398 0.4241 -0.699 -0.1801 -0.5469 0.7011 -0.3233 -0.4783 -0.4185 0.6848 0.1281 -0.6186 -0.3633 0.7149 -0.5988 -0.2701 -0.2397 0.5784 -0.4244 -0.5552 -0.4207 0.9326 0.1617 0.2904 -0.1404 0.6219 0.125 -0.7629 0.1245 0.626 -0.4742 -0.6011 -0.1481 0.9285 -0.1208 0.3195 0.1456
0.6742 -0.2428 -0.5414 -0.4398 0.4449 -0.6602 -0.195 -0.5729 0.7011 -0.3233 -0.4783 -0.4185 0.6848 0.1281 -0.6186 -0.3633 0.6594 -0.6364 -0.3007 -0.2641 0.5774 -0.3882 -0.5842 -0.418 0.9326 0.1617 0.2904 -0.1404 0.6219 0.125 -0.7629 0.1245 0.626 -0.4742 -0.6011 -0.1481 0.9285 -0.1208 0.3195 0.1456
0.6742 -0.2428 -0.5414 -0.4398 0.4449 -0.6602 -0.195 -0.5729 0.7011 -0.3233 -0.4783 -0.4185 0.6848 0.1281 -0.6186 -0.3633 0.6594 -0.6364 -0.3007 -0.2641 0.5774 -0.3882 -0.5842 -0.418 0.9326 0.1617 0.2904 -0.1404 0.6549 0.1368 -0.7357 0.1053 0.626 -0.4742 -0.6011 -0.1481 0.9285 -0.1208 0.3195 0.1456
0.6742 -0.2428 -0.5414 -0.4398 0.4449 -0.6602 -0.195 -0.5729 0.7011 -0.3233 -0.4783 -0.4185 0.6848 0.1281 -0.6186 -0.3633 0.6594 -0.6364 -0.3007 -0.2641 0.5774 -0.3882 -0.5842 -0.418 0.9326 0.1617 0.2904 -0.1404 0.6549 0.1368 -0.7357 0.1053 0.626 -0.4742 -0.6011 -0.1481 0.9285 -0.1208 0.3195 0.1456
0.6742 -0.2428 -0.5414 -0.4398 0.4449 -0.6602 -0.195 -0.5729 0.7155 -0.3125 -0.5241 -0.3402 0.6848 0.1281 -0.6186 -0.3633 0.6594 -0.6364 -0.3007 -0.2641 0.5774 -0.3882 -0.5842 -0.418 0.9326 0.1617 0.2904 -0.1404 0.6549 0.1368 -0.7357 0.1053 0.6496 -0.5217 -0.552 -0.0342 0.9285 -0.1208 0.3195 0.1456
0.6742 -0.2428 -0.5414 -0.4398 0.4449 -0.6602 -0.195 -0.5729 0.7155 -0.3125 -0.5241 -0.3402 0.6848 0.1281 -0.6186 -0.3633 0.6594 -0.6364 -0.3007 -0.2641 0.5774 -0.3882 -0.5842 -0.418 0.9326 0.1617 0.2904 -0.1404 0.6549 0.1368 -0.7357 0.1053 0.6496 -0.5217 -0.552 -0.0342 0.9285 -0.1208 0.3195 0.1456
0.7322 -0.1506 -0.5715 -0.3383 0.4449 -0.6602 -0.195 -0.5729 0.7155 -0.3125 -0.5241 -0.3402 0.7142 0.087 -0.6514 -0.2407 0.6594 -0.6364 -0.3007 -0.2641 0.5774 -0.3882 -0.5842 -0.418 0.9299 0.1546 0.303 -0.1396 0.6549 0.1368 -0.7357 0.1053 0.6496 -0.5217 -0.552 -0.0342 0.9285 -0.1208 0.3195 0.1456
0.7322 -0.1506 -0.5715 -0.3383 0.4449 -0.6602 -0.195 -0.5729 0.7155 -0.3125 -0.5241 -0.3402 0.7142 0.087 -0.6514 -0.2407 0.6594 -0.6364 -0.3007 -0.2641 0.5774 -0.3882 -0.5842 -0.418 0.9299 0.1546 0.303 -0.1396 0.6549 0.1368 -0.7357 0.1053 0.6496 -0.5217 -0.552 -0.0342 0.7885 -0.152 0.5796 0.1384
0.7322 -0.1506 -0.5715 -0.3383 0.551 -0.6302 -0.2966 -0.4597 0.7155 -0.3125 -0.5241 -0.3402 0.7142 0.087 -0.6514 -0.2407 0.618 -0.6225 -0.3814 -0.2917 0.5717 -0.3829 -0.6034 -0.4031 0.9299 0.1546 0.303 -0.1396 0.6549 0.1368 -0.7357 0.1053 0.6496 -0.5217 -0.552 -0.0342 0.7885 -0.152 0.5796 0.1384
0.7322 -0.1506 -0.5715 -0.3383 0.551 -0.6302 -0.2966 -0.4597 0.7155 -0.3125 -0.5241 -0.3402 0.7142 0.087 -0.6514 -0.2407 0.618 -0.6225 -0.3814 -0.2917 0.5717 -0.3829 -0.6034 -0.4031 0.9299 0.1546 0.303 -0.1396 0.6992 0.1904 -0.6851 0.0741 0.6496 -0.5217 -0.552 -0.0342 0.7885 -0.152 0.5796 0.1384
0.7322 -0.1506 -0.5715 -0.3383 0.551 -0.6302 -0.2966 -0.4597 0.7155 -0.3125 -0.5241 -0.3402 0.7142 0.087 -0.6514 -0.2407 0.618 -0.6225 -0.3814 -0.2917 0.5717 -0.3829 -0.6034 -0.4031 0.9299 0.1546 0.303 -0.1396 0.6992 0.1904 -0.6851 0.0741 0.6496 -0.5217 -0.552 -0.0342 0.7885 -0.152 0.5796 0.1384
0.7322 -0.1506 -0.5715 -0.3383 0.551 -0.6302 -0.2966 -0.4597 0.7115 -0.2921 -0.5587 -0.3102 0.7142 0.087 -0.6514 -0.2407 0.618 -0.6225 -0.3814 -0.2917 0.5717 -0.3829 -0.6034 -0.4031 0.9299 0.1546 0.303 -0.1396 0.6992 0.1904 -0.6851 0.0741 0.6453 -0.5519 -0.5275 0.0278 0.7885 -0.152 0.5796 0.1384
0.8148 -0.1119 -0.5377 -0.1857 0.551 -0.6302 -0.2966 -0.4597 0.7115 -0.2921 -0.5587 -0.3102 0.7598 0.0573 -0.6291 -0.1537 0.618 -0.6225 -0.3814 -0.2917 0.5717 -0.3829 -0.6034 -0.4031 0.9289 0.1588 0.3054 -0.1366 0.6992 0.1904 -0.6851 0.0741 0.6453 -0.5519 -0.5275 0.0278 0.7885 -0.152 0.5796 0.1384
0.8148 -0.1119 -0.5377 -0.1857 0.551 -0.6302 -0.2966 -0.4597 0.7115 -0.2921 -0.5587 -0.3102 0.7598 0.0573 -0.6291 -0.1537 0.618 -0.6225 -0.3814 -0.2917 0.5717 -0.3829 -0.6034 -0.4031 0.9289 0.1588 0.3054 -0.1366 0.6992 0.1904 -0.6851 0.0741 0.6453 -0.5519 -0.5275 0.0278 0.8283 -0.1435 0.5154 0.1664
0.8148 -0.1119 -0.5377 -0.1857 0.551 -0.6302 -0.2966 -0.4597 0.7115 -0.2921 -0.5587 -0.3102 0.7598 0.0573 -0.6291 -0.1537 0.618 -0.6225 -0.3814 -0.2917 0.5717 -0.3829 -0.6034 -0.4031 0.9289 0.1588 0.3054 -0.1366 0.6992 0.1904 -0.6851 0.0741 0.6453 -0.5519 -0.5275 0.0278 0.8283 -0.1435 0.5154 0.1664
0.8148 -0.1119 -0.5377 -0.1857 0.5725 -0.687 -0.3707 -0.2506 0.7115 -0.2921 -0.5587 -0.3102 0.7598 0.0573 -0.6291 -0.1537 0.5554 -0.6164 -0.446 -0.3358 0.5639 -0.3831 -0.6073 -0.408 0.9289 0.1588 0.3054 -0.1366 0.6992 0.1904 -0.6851 0.0741 0.6453 -0.5519 -0.5275 0.0278 0.8283 -0.1435 0.5154 0.1664
0.8148 -0.1119 -0.5377 -0.1857 0.5725 -0.687 -0.3707 -0.2506 0.7115 -0.2921 -0.5587 -0.3102 0.7598 0.0573 -0.6291 -0.1537 0.5554 -0.6164 -0.446 -0.3358 0.5639 -0.3831 -0.6073 -0.408 0.9289 0.1588 0.3054 -0.1366 0.72 0.2146 -0.6597 0.0198 0.6453 -0.5519 -0.5275 0.0278 0.8283 -0.1435 0.5154 0.1664
0.8148 -0.1119 -0.5377 -0.1857 0.5725 -0.687 -0.3707 -0.2506 0.7593 -0.2268 -0.5599 -0.2417 0.7598 0.0573 -0.6291 -0.1537 0.5554 -0.6164 -0.446 -0.3358 0.5639 -0.3831 -0.6073 -0.408 0.9289 0.1588 0.3054 -0.1366 0.72 0.2146 -0.6597 0.0198 0.662 -0.4276 -0.6053 -0.1124 0.8283 -0.1435 0.5154 0.1664
0.8148 -0.1119 -0.5377 -0.1857 0.5725 -0.687 -0.3707 -0.2506 0.7593 -0.2268 -0.5599 -0.2417 0.7598 0.0573 -0.6291 -0.1537 0.5554 -0.6164 -0.446 -0.3358 0.5639 -0.3831 -0.6073 -0.408 0.9289 0.1588 0.3054 -0.1366 0.72 0.2146 -0.6597 0.0198 0.662 -0.4276 -0.6053 -0.1124 0.8283 -0.1435 0.5154 0.1664
0.8463 -0.1184 -0.5087 -0.1053 0.5725 -0.687 -0.3707 -0.2506 0.7593 -0.2268 -0.5599 -0.2417 0.7921 0.1238 -0.5937 -0.0689 0.5554 -0.6164 -0.446 -0.3358 0.5639 -0.3831 -0.6073 -0.408 0.9286 0.1578 0.3068 -0.1369 0.72 0.2146 -0.6597 0.0198 0.662 -0.4276 -0.6053 -0.1124 0.8283 -0.1435 0.5154 0.1664
0.8463 -0.1184 -0.5087 -0.1053 0.5725 -0.687 -0.3707 -0.2506 0.7593 -0.2268 -0.5599 -0.2417 0.7921 0.1238 -0.5937 -0.0689 0.5554 -0.6164 -0.446 -0.3358 0.5639 -0.3831 -0.6073 -0.408 0.9286 0.1578 0.3068 -0.1369 0.72 0.2146 -0.6597 0.0198 0.662 -0.4276 -0.6053 -0.1124 0.9354 -0.1293 0.3016 0.1313
0.8463 -0.1184 -0.5087 -0.1053 0.5725 -0.687 -0.3707 -0.2506 0.7593 -0.2268 -0.5599 -0.2417 0.7921 0.1238 -0.5937 -0.0689 0.5554 -0.6164 -0.446 -0.3358 0.5639 -0.3831 -0.6073 -0.408 0.9286 0.1578 0.3068 -0.1369 0.72 0.2146 -0.6597 0.0198 0.662 -0.4276 -0.6053 -0.1124 0.9354 -0.1293 0.3016 0.1313
0.8463 -0.1184 -0.5087 -0.1053 0.5261 -0.7384 -0.4124 -0.0892 0.7593 -0.2268 -0.5599 -0.2417 0.7921 0.1238 -0.5937 -0.0689 0.5333 -0.5819 -0.5118 -0.339 0.5579 -0.3698 -0.617 -0.4141 0.9286 0.1578 0.3068 -0.1369 0.72 0.2146 -0.6597 0.0198 0.662 -0.4276 -0.6053 -0.1124 0.9354 -0.1293 0.3016 0.1313
0.8463 -0.1184 -0.5087 -0.1053 0.5261 -0.7384 -0.4124 -0.0892 0.7593 -0.2268 -0.5599 -0.2417 0.7921 0.1238 -0.5937 -0.0689 0.5333 -0.5819 -0.5118 -0.339 0.5579 -0.3698 -0.617 -0.4141 0.9286 0.1578 0.3068 -0.1369 0.72 0.2146 -0.6597 0.0198 0.662 -0.4276 -0.6053 -0.1124 0.9354 -0.1293 0.3016 0.1313
0.8463 -0.1184 -0.5087 -0.1053 0.5261 -0.7384 -0.4124 -0.0892 0.7972 -0.1791 -0.5556 -0.1541 0.7921 0.1238 -0.5937 -0.0689 0.5333 -0.5819 -0.5118 -0.339 0.5579 -0.3698 -0.617 -0.4141 0.9286 0.1578 0.3068 -0.1369 0.7201 0.1983 -0.6649 -0.0086 0.662 -0.4276 -0.6053 -0.1124 0.9354 -0.1293 0.3016 0.1313
0.8463 -0.1184 -0.5087 -0.1053 0.5261 -0.7384 -0.4124 -0.0892 0.7972 -0.1791 -0.5556 -0.1541 0.7921 0.1238 -0.5937 -0.0689 0.5333 -0.5819 -0.5118 -0.339 0.5579 -0.3698 -0.617 -0.4141 0.9286 0.1578 0.3068 -0.1369 0.7201 0.1983 -0.6649 -0.0086 0.6204 -0.3054 -0.642 -0.3312 0.9354 -0.1293 0.3016 0.1313
0.8561 -0.0952 -0.5063 -0.0403 0.5261 -0.7384 -0.4124 -0.0892 0.7972 -0.1791 -0.5556 -0.1541 0.7874 0.2031 -0.582 0.0095 0.5333 -0.5819 -0.5118 -0.339 0.5579 -0.3698 -0.617 -0.4141 0.9263 0.1591 0.3121 -0.1385 0.7201 0.1983 -0.6649 -0.0086 0.6204 -0.3054 -0.642 -0.3312 0.9354 -0.1293 0.3016 0.1313
0.8561 -0.0952 -0.5063 -0.0403 0.5261 -0.7384 -0.4124 -0.0892 0.7972 -0.1791 -0.5556 -0.1541 0.7874 0.2031 -0.582 0.0095 0.5333 -0.5819 -0.5118 -0.339 0.5579 -0.3698 -0.617 -0.4141 0.9263 0.1591 0.3121 -0.1385 0.7201 0.1983 -0.6649 -0.0086 0.6204 -0.3054 -0.642 -0.3312 0.9354 -0.1293 0.3016 0.1313
0.8561 -0.0952 -0.5063 -0.0403 0.5261 -0.7384 -0.4124 -0.0892 0.7972 -0.1791 -0.5556 -0.1541 0.7874 0.2031 -0.582 0.0095 0.5333 -0.5819 -0.5118 -0.339 0.5579 -0.3698 -0.617 -0.4141 0.9263 0.1591 0.3121 -0.1385 0.7201 0.1983 -0.6649 -0.0086 0.6204 -0.3054 -0.642 -0.3312 0.9831 -0.1201 0.1024 0.0928
0.8561 -0.0952 -0.5063 -0.0403 0.5261 -0.7384 -0.4124 -0.0892 0.7972 -0.1791 -0.5556 -0.1541 0.7874 0.2031 -0.582 0.0095 0.4965 -0.575 -0.5372 -0.3665 0.5579 -0.3698 -0.617 -0.4141 0.9263 0.1591 0.3121 -0.1385 0.7201 0.1983 -0.6649 -0.0086 0.6204 -0.3054 -0.642 -0.3312 0.9831 -0.1201 0.1024 0.0928
0.8561 -0.0952 -0.5063 -0.0403 0.5261 -0.7384 -0.4124 -0.0892 0.7969 -0.1404 -0.5793 -0.0981 0.7874 0.2031 -0.582 0.0095 0.4965 -0.575 -0.5372 -0.3665 0.5405 -0.3395 -0.6227 -0.4526 0.9263 0.1591 0.3121 -0.1385 0.7201 0.1983 -0.6649 -0.0086 0.6204 -0.3054 -0.642 -0.3312 0.9831 -0.1201 0.1024 0.0928
0.8561 -0.0952 -0.5063 -0.0403 0.5261 -0.7384 -0.4124 -0.0892 0.7969 -0.1404 -0.5793 -0.0981 0.7874 0.2031 -0.582 0.0095 0.4965 -0.575 -0.5372 -0.3665 0.5405 -0.3395 -0.6227 -0.4526 0.9263 0.1591 0.3121 -0.1385 0.7201 0.1983 -0.6649 -0.0086 0.6031 -0.2233 -0.6942 -0.3232 0.9831 -0.1201 0.1024 0.0928
0.8561 -0.0952 -0.5063 -0.0403 0.5261 -0.7384 -0.4124 -0.0892 0.7969 -0.1404 -0.5793 -0.0981 0.7807 0.1772 -0.5912 0.0977 0.4965 -0.575 -0.5372 -0.3665 0.5405 -0.3395 -0.6227 -0.4526 0.9263 0.1591 0.3121 -0.1385 0.7201 0.1983 -0.6649 -0.0086 0.6031 -0.2233 -0.6942 -0.3232 0.9831 -0.1201 0.1024 0.0928
0.8561 -0.0952 -0.5063 -0.0403 0.5261 -0.7384 -0.4124 -0.0892 0.7969 -0.1404 -0.5793 -0.0981 0.7807 0.1772 -0.5912 0.0977 0.4965 -0.575 -0.5372 -0.3665 0.5405 -0.3395 -0.6227 -0.4526 0.9263 0.1591 0.3121 -0.1385 0.7201 0.1983 -0.6649 -0.0086 0.6031 -0.2233 -0.6942 -0.3232 0.9831 -0.1201 0.1024 0.0928
0.8561 -0.0952 -0.5063 -0.0403 0.5261 -0.7384 -0.4124 -0.0892 0.7969 -0.1404 -0.5793 -0.0981 0.7807 0.1772 -0.5912 0.0977 0.4965 -0.575 -0.5372 -0.3665 0.5405 -0.3395 -0.6227 -0.4526 0.9107 0.1703 0.3444 -0.1515 0.7201 0.1983 -0.6649 -0.0086 0.6031 -0.2233 -0.6942 -0.3232 0.9586 -0.1287 0.231 0.1053
0.8561 -0.0952 -0.5063 -0.0403 0.5261 -0.7384 -0.4124 -0.0892 0.7969 -0.1404 -0.5793 -0.0981 0.7807 0.1772 -0.5912 0.0977 0.4965 -0.575 -0.5372 -0.3665 0.5405 -0.3395 -0.6227 -0.4526 0.9107 0.1703 0.3444 -0.1515 0.7201 0.1983 -0.6649 -0.0086 0.6031 -0.2233 -0.6942 -0.3232 0.9586 -0.1287 0.231 0.1053
0.8561 -0.0952 -0.5063 -0.0403 0.5261 -0.7384 -0.4124 -0.0892 0.7969 -0.1404 -0.5793 -0.0981 0.7807 0.1772 -0.5912 0.0977 0.4965 -0.575 -0.5372 -0.3665 0.4876 -0.2503 -0.6345 -0.545 0.9107 0.1703 0.3444 -0.1515 0.7201 0.1983 -0.6649 -0.0086 0.6031 -0.2233 -0.6942 -0.3232 0.9586 -0.1287 0.231 0.1053
0.8561 -0.0952 -0.5063 -0.0403 0.5261 -0.7384 -0.4124 -0.0892 0.7774 -0.1926 -0.585 -0.1276 0.7807 0.1772 -0.5912 0.0977 0.4965 -0.575 -0.5372 -0.3665 0.4876 -0.2503 -0.6345 -0.545 0.9107 0.1703 0.3444 -0.1515 0.6841 0.2043 -0.7001 -0.0058 0.6031 -0.2233 -0.6942 -0.3232 0.9586 -0.1287 0.231 0.1053
0.8561 -0.0952 -0.5063 -0.0403 0.5261 -0.7384 -0.4124 -0.0892 0.7774 -0.1926 -0.585 -0.1276 0.7807 0.1772 -0.5912 0.0977 0.4965 -0.575 -0.5372 -0.3665 0.4876 -0.2503 -0.6345 -0.545 0.9107 0.1703 0.3444 -0.1515 0.6841 0.2043 -0.7001 -0.0058 0.5859 -0.35 -0.6511 -0.3319 0.9586 -0.1287 0.231 0.1053
0.8561 -0.0952 -0.5063 -0.0403 0.5261 -0.7384 -0.4124 -0.0892 0.7774 -0.1926 -0.585 -0.1276 0.7807 0.1772 -0.5912 0.0977 0.4965 -0.575 -0.5372 -0.3665 0.4876 -0.2503 -0.6345 -0.545 0.9107 0.1703 0.3444 -0.1515 0.6841 0.2043 -0.7001 -0.0058 0.5859 -0.35 -0.6511 -0.3319 0.9586 -0.1287 0.231 0.1053
0.8561 -0.0952 -0.5063 -0.0403 0.5261 -0.7384 -0.4124 -0.0892 0.7774 -0.1926 -0.585 -0.1276 0.7807 0.1772 -0.5912 0.0977 0.4965 -0.575 -0.5372 -0.3665 0.4876 -0.2503 -0.6345 -0.545 0.9107 0.1703 0.3444 -0.1515 0.6841 0.2043 -0.7001 -0.0058 0.5859 -0.35 -0.6511 -0.3319 0.9586 -0.1287 0.231 0.1053
0.8561 -0.0952 -0.5063 -0.0403 0.5261 -0.7384 -0.4124 -0.0892 0.7774 -0.1926 -0.585 -0.1276 0.7855 0.0694 -0.6136 0.0417 0.4965 -0.575 -0.5372 -0.3665 0.4876 -0.2503 -0.6345 -0.545 0.9107 0.1703 0.3444 -0.1515 0.6841 0.2043 -0.7001 -0.0058 0.5859 -0.35 -0.6511 -0.3319 0.9586 -0.1287 0.231 0.1053
0.8132 -0.1031 -0.5591 -0.1242 0.5261 -0.7384 -0.4124 -0.0892 0.7774 -0.1926 -0.585 -0.1276 0.7855 0.0694 -0.6136 0.0417 0.4965 -0.575 -0.5372 -0.3665 0.4876 -0.2503 -0.6345 -0.545 0.7909 0.1415 0.5576 -0.2087 0.6841 0.2043 -0.7001 -0.0058 0.5859 -0.35 -0.6511 -0.3319 0.9518 -0.1035 0.2658 0.1124
0.8132 -0.1031 -0.5591 -0.1242 0.5356 -0.6766 -0.4447 -0.2397 0.7774 -0.1926 -0.585 -0.1276 0.7855 0.0694 -0.6136 0.0417 0.5898 -0.5904 -0.396 -0.3831 0.3719 -0.1366 -0.6637 -0.6345 0.7909 0.1415 0.5576 -0.2087 0.6841 0.2043 -0.7001 -0.0058 0.5859 -0.35 -0.6511 -0.3319 0.9518 -0.1035 0.2658 0.1124
0.8132 -0.1031 -0.5591 -0.1242 0.5356 -0.6766 -0.4447 -0.2397 0.749 -0.2852 -0.5516 -0.2312 0.7855 0.0694 -0.6136 0.0417 0.5898 -0.5904 -0.396 -0.3831 0.3719 -0.1366 -0.6637 -0.6345 0.7909 0.1415 0.5576 -0.2087 0.6602 0.1895 -0.7249 0.0533 0.5859 -0.35 -0.6511 -0.3319 0.9518 -0.1035 0.2658 0.1124
0.8132 -0.1031 -0.5591 -0.1242 0.5356 -0.6766 -0.4447 -0.2397 0.749 -0.2852 -0.5516 -0.2312 0.7855 0.0694 -0.6136 0.0417 0.5898 -0.5904 -0.396 -0.3831 0.3719 -0.1366 -0.6637 -0.6345 0.7909 0.1415 0.5576 -0.2087 0.6602 0.1895 -0.7249 0.0533 0.5859 -0.35 -0.6511 -0.3319 0.9518 -0.1035 0.2658 0.1124
0.8132 -0.1031 -0.5591 -0.1242 0.5356 -0.6766 -0.4447 -0.2397 0.749 -0.2852 -0.5516 -0.2312 0.7855 0.0694 -0.6136 0.0417 0.5898 -0.5904 -0.396 -0.3831 0.3719 -0.1366 -0.6637 -0.6345 0.7909 0.1415 0.5576 -0.2087 0.6602 0.1895 -0.7249 0.0533 0.5797 -0.3831 -0.651 -0.3056 0.9518 -0.1035 0.2658 0.1124
0.8132 -0.1031 -0.5591 -0.1242 0.5356 -0.6766 -0.4447 -0.2397 0.749 -0.2852 -0.5516 -0.2312 0.7855 0.0694 -0.6136 0.0417 0.5898 -0.5904 -0.396 -0.3831 0.3719 -0.1366 -0.6637 -0.6345 0.7909 0.1415 0.5576 -0.2087 0.6602 0.1895 -0.7249 0.0533 0.5797 -0.3831 -0.651 -0.3056 0.9518 -0.1035 0.2658 0.1124
0.7923 -0.1548 -0.5561 -0.1976 0.5356 -0.6766 -0.4447 -0.2397 0.749 -0.2852 -0.5516 -0.2312 0.789 0.0329 -0.6036 -0.1097 0.5898 -0.5904 -0.396 -0.3831 0.3719 -0.1366 -0.6637 -0.6345 0.7322 0.1322 0.6179 -0.2544 0.6602 0.1895 -0.7249 0.0533 0.5797 -0.3831 -0.651 -0.3056 0.9518 -0.1035 0.2658 0.1124
0.7923 -0.1548 -0.5561 -0.1976 0.5356 -0.6766 -0.4447 -0.2397 0.749 -0.2852 -0.5516 -0.2312 0.789 0.0329 -0.6036 -0.1097 0.5898 -0.5904 -0.396 -0.3831 0.3719 -0.1366 -0.6637 -0.6345 0.7322 0.1322 0.6179 -0.2544 0.6602 0.1895 -0.7249 0.0533 0.5797 -0.3831 -0.651 -0.3056 0.9506 -0.103 0.2706 0.1118
0.7923 -0.1548 -0.5561 -0.1976 0.5356 -0.6766 -0.4447 -0.2397 0.749 -0.2852 -0.5516 -0.2312 0.789 0.0329 -0.6036 -0.1097 0.5898 -0.5904 -0.396 -0.3831 0.3558 -0.1602 -0.6424 -0.6596 0.7322 0.1322 0.6179 -0.2544 0.6602 0.1895 -0.7249 0.0533 0.5797 -0.3831 -0.651 -0.3056 0.9506 -0.103 0.2706 0.1118
0.7923 -0.1548 -0.5561 -0.1976 0.5356 -0.6766 -0.4447 -0.2397 0.749 -0.2852 -0.5516 -0.2312 0.789 0.0329 -0.6036 -0.1097 0.5898 -0.5904 -0.396 -0.3831 0.3558 -0.1602 -0.6424 -0.6596 0.7322 0.1322 0.6179 -0.2544 0.6431 0.1674 -0.7444 0.0652 0.5797 -0.3831 -0.651 -0.3056 0.9506 -0.103 0.2706 0.1118
0.7923 -0.1548 -0.5561 -0.1976 0.5356 -0.6766 -0.4447 -0.2397 0.749 -0.2852 -0.5516 -0.2312 0.789 0.0329 -0.6036 -0.1097 0.5898 -0.5904 -0.396 -0.3831 0.3558 -0.1602 -0.6424 -0.6596 0.7322 0.1322 0.6179 -0.2544 0.6431 0.1674 -0.7444 0.0652 0.5826 -0.4304 -0.6326 -0.2742 0.9506 -0.103 0.2706 0.1118
0.7923 -0.1548 -0.5561 -0.1976 0.5356 -0.6766 -0.4447 -0.2397 0.749 -0.2852 -0.5516 -0.2312 0.789 0.0329 -0.6036 -0.1097 0.5898 -0.5904 -0.396 -0.3831 0.3558 -0.1602 -0.6424 -0.6596 0.7322 0.1322 0.6179 -0.2544 0.6431 0.1674 -0.7444 0.0652 0.5826 -0.4304 -0.6326 -0.2742 0.9506 -0.103 0.2706 0.1118
0.7923 -0.1548 -0.5561 -0.1976 0.5356 -0.6766 -0.4447 -0.2397 0.749 -0.2852 -0.5516 -0.2312 0.757 0.1216 -0.5981 -0.2333 0.5898 -0.5904 -0.396 -0.3831 0.3558 -0.1602 -0.6424 -0.6596 0.7322 0.1322 0.6179 -0.2544 0.6431 0.1674 -0.7444 0.0652 0.5826 -0.4304 -0.6326 -0.2742 0.9506 -0.103 0.2706 0.1118
0.7923 -0.1548 -0.5561 -0.1976 0.5356 -0.6766 -0.4447 -0.2397 0.749 -0.2852 -0.5516 -0.2312 0.757 0.1216 -0.5981 -0.2333 0.5898 -0.5904 -0.396 -0.3831 0.3558 -0.1602 -0.6424 -0.6596 0.7322 0.1322 0.6179 -0.2544 0.6431 0.1674 -0.7444 0.0652 0.5826 -0.4304 -0.6326 -0.2742 0.9493 -0.098 0.2761 0.1141
0.7923 -0.1548 -0.5561 -0.1976 0.5356 -0.6766 -0.4447 -0.2397 0.749 -0.2852 -0.5516 -0.2312 0.757 0.1216 -0.5981 -0.2333 0.5898 -0.5904 -0.396 -0.3831 0.3558 -0.1602 -0.6424 -0.6596 0.7322 0.1322 0.6179 -0.2544 0.6431 0.1674 -0.7444 0.0652 0.5826 -0.4304 -0.6326 -0.2742 0.9493 -0.098 0.2761 0.1141
0.7923 -0.1548 -0.5561 -0.1976 0.5356 -0.6766 -0.4447 -0.2397 0.749 -0.2852 -0.5516 -0.2312 0.757 0.1216 -0.5981 -0.2333 0.5898 -0.5904 -0.396 -0.3831 0.4651 -0.3165 -0.6 -0.5688 0.7322 0.1322 0.6179 -0.2544 0.6431 0.1674 -0.7444 0.0652 0.5826 -0.4304 -0.6326 -0.2742 0.9493 -0.098 0.2761 0.1141
0.7923 -0.1548 -0.5561 -0.1976 0.5356 -0.6766 -0.4447 -0.2397 0.7253 -0.3063 -0.4691 -0.4001 0.757 0.1216 -0.5981 -0.2333 0.5898 -0.5904 -0.396 -0.3831 0.4651 -0.3165 -0.6 -0.5688 0.7322 0.1322 0.6179 -0.2544 0.6431 0.1674 -0.7444 0.0652 0.5826 -0.4304 -0.6326 -0.2742 0.9493 -0.098 0.2761 0.1141
0.7923 -0.1548 -0.5561 -0.1976 0.5356 -0.6766 -0.4447 -0.2397 0.7253 -0.3063 -0.4691 -0.4001 0.757 0.1216 -0.5981 -0.2333 0.5898 -0.5904 -0.396 -0.3831 0.4651 -0.3165 -0.6 -0.5688 0.7322 0.1322 0.6179 -0.2544 0.6431 0.1674 -0.7444 0.0652 0.5922 -0.4608 -0.617 -0.2374 0.9493 -0.098 0.2761 0.1141
0.7923 -0.1548 -0.5561 -0.1976 0.5356 -0.6766 -0.4447 -0.2397 0.7253 -0.3063 -0.4691 -0.4001 0.757 0.1216 -0.5981 -0.2333 0.5898 -0.5904 -0.396 -0.3831 0.4651 -0.3165 -0.6 -0.5688 0.7322 0.1322 0.6179 -0.2544 0.6431 0.1674 -0.7444 0.0652 0.5922 -0.4608 -0.617 -0.2374 0.9493 -0.098 0.2761 0.1141
0.7923 -0.1548 -0.5561 -0.1976 0.5356 -0.6766 -0.4447 -0.2397 0.7253 -0.3063 -0.4691 -0.4001 0.757 0.1216 -0.5981 -0.2333 0.5898 -0.5904 -0.396 -0.3831 0.4651 -0.3165 -0.6 -0.5688 0.7322 0.1322 0.6179 -0.2544 0.6431 0.1674 -0.7444 0.0652 0.5922 -0.4608 -0.617 -0.2374 0.9493 -0.098 0.2761 0.1141
0.7153 -0.257 -0.5259 -0.3818 0.5356 -0.6766 -0.4447 -0.2397 0.7253 -0.3063 -0.4691 -0.4001 0.7197 0.1532 -0.5883 -0.3353 0.5898 -0.5904 -0.396 -0.3831 0.4651 -0.3165 -0.6 -0.5688 0.9068 0.2133 0.3058 -0.1967 0.6431 0.1674 -0.7444 0.0652 0.5922 -0.4608 -0.617 -0.2374 0.9493 -0.098 0.2761 0.1141
0.7153 -0.257 -0.5259 -0.3818 0.5356 -0.6766 -0.4447 -0.2397 0.7253 -0.3063 -0.4691 -0.4001 0.7197 0.1532 -0.5883 -0.3353 0.5898 -0.5904 -0.396 -0.3831 0.4651 -0.3165 -0.6 -0.5688 0.9068 0.2133 0.3058 -0.1967 0.6431 0.1674 -0.7444 0.0652 0.5922 -0.4608 -0.617 -0.2374 0.9493 -0.098 0.2761 0.1141
0.7153 -0.257 -0.5259 -0.3818 0.4318 -0.7343 -0.2094 -0.4802 0.7253 -0.3063 -0.4691 -0.4001 0.7197 0.1532 -0.5883 -0.3353 0.715 -0.5898 -0.2667 -0.2642 0.4651 -0.3165 -0.6 -0.5688 0.9068 0.2133 0.3058 -0.1967 0.6431 0.1674 -0.7444 0.0652 0.5922 -0.4608 -0.617 -0.2374 0.9493 -0.098 0.2761 0.1141
0.7153 -0.257 -0.5259 -0.3818 0.4318 -0.7343 -0.2094 -0.4802 0.7253 -0.3063 -0.4691 -0.4001 0.7197 0.1532 -0.5883 -0.3353 0.715 -0.5898 -0.2667 -0.2642 0.4651 -0.3165 -0.6 -0.5688 0.9068 0.2133 0.3058 -0.1967 0.6431 0.1674 -0.7444 0.0652 0.5922 -0.4608 -0.617 -0.2374 0.9493 -0.098 0.2761 0.1141
0.7153 -0.257 -0.5259 -0.3818 0.4318 -0.7343 -0.2094 -0.4802 0.6979 -0.3101 -0.4694 -0.4432 0.7197 0.1532 -0.5883 -0.3353 0.715 -0.5898 -0.2667 -0.2642 0.4651 -0.3165 -0.6 -0.5688 0.9068 0.2133 0.3058 -0.1967 0.6202 0.1284 -0.7678 0.0969 0.6056 -0.4904 -0.5955 -0.1955 0.9493 -0.098 0.2761 0.1141
0.7153 -0.257 -0.5259 -0.3818 0.4318 -0.7343 -0.2094 -0.4802 0.6979 -0.3101 -0.4694 -0.4432 0.7197 0.1532 -0.5883 -0.3353 0.715 -0.5898 -0.2667 -0.2642 0.4651 -0.3165 -0.6 -0.5688 0.9068 0.2133 0.3058 -0.1967 0.6202 0.1284 -0.7678 0.0969 0.6056 -0.4904 -0.5955 -0.1955 0.9493 -0.098 0.2761 0.1141
0.7153 -0.257 -0.5259 -0.3818 0.4318 -0.7343 -0.2094 -0.4802 0.6979 -0.3101 -0.4694 -0.4432 0.7197 0.1532 -0.5883 -0.3353 0.715 -0.5898 -0.2667 -0.2642 0.4651 -0.3165 -0.6 -0.5688 0.9068 0.2133 0.3058 -0.1967 0.6202 0.1284 -0.7678 0.0969 0.6056 -0.4904 -0.5955 -0.1955 0.9493 -0.098 0.2761 0.1141
0.6871 -0.2578 -0.5356 -0.4178 0.4318 -0.7343 -0.2094 -0.4802 0.6979 -0.3101 -0.4694 -0.4432 0.6891 0.1422 -0.6008 -0.3794 0.715 -0.5898 -0.2667 -0.2642 0.4651 -0.3165 -0.6 -0.5688 0.9387 0.1843 0.2543 -0.1419 0.6202 0.1284 -0.7678 0.0969 0.6056 -0.4904 -0.5955 -0.1955 0.9493 -0.098 0.2761 0.1141
0.6871 -0.2578 -0.5356 -0.4178 0.4318 -0.7343 -0.2094 -0.4802 0.6979 -0.3101 -0.4694 -0.4432 0.6891 0.1422 -0.6008 -0.3794 0.715 -0.5898 -0.2667 -0.2642 0.4651 -0.3165 -0.6 -0.5688 0.9387 0.1843 0.2543 -0.1419 0.6202 0.1284 -0.7678 0.0969 0.6056 -0.4904 -0.5955 -0.1955 0.9457 -0.1017 0.2859 0.1162
0.6871 -0.2578 -0.5356 -0.4178 0.4318 -0.7343 -0.2094 -0.4802 0.6979 -0.3101 -0.4694 -0.4432 0.6891 0.1422 -0.6008 -0.3794 0.715 -0.5898 -0.2667 -0.2642 0.4651 -0.3165 -0.6 -0.5688 0.9387 0.1843 0.2543 -0.1419 0.6202 0.1284 -0.7678 0.0969 0.6056 -0.4904 -0.5955 -0.1955 0.9457 -0.1017 0.2859 0.1162
0.6871 -0.2578 -0.5356 -0.4178 0.4395 -0.6898 -0.2076 -0.5367 0.7036 -0.321 -0.4981 -0.3923 0.6891 0.1422 -0.6008 -0.3794 0.659 -0.6281 -0.2991 -0.2858 0.5761 -0.4252 -0.5519 -0.4274 0.9387 0.1843 0.2543 -0.1419 0.6242 0.1211 -0.7649 0.1035 0.6056 -0.4904 -0.5955 -0.1955 0.9457 -0.1017 0.2859 0.1162
0.6871 -0.2578 -0.5356 -0.4178 0.4395 -0.6898 -0.2076 -0.5367 0.7036 -0.321 -0.4981 -0.3923 0.6891 0.1422 -0.6008 -0.3794 0.659 -0.6281 -0.2991 -0.2858 0.5761 -0.4252 -0.5519 -0.4274 0.9387 0.1843 0.2543 -0.1419 0.6242 0.1211 -0.7649 0.1035 0.6296 -0.5328 -0.557 -0.0977 0.9457 -0.1017 0.2859 0.1162
0.6871 -0.2578 -0.5356 -0.4178 0.4395 -0.6898 -0.2076 -0.5367 0.7036 -0.321 -0.4981 -0.3923 0.6891 0.1422 -0.6008 -0.3794 0.659 -0.6281 -0.2991 -0.2858 0.5761 -0.4252 -0.5519 -0.4274 0.9387 0.1843 0.2543 -0.1419 0.6242 0.1211 -0.7649 0.1035 0.6296 -0.5328 -0.557 -0.0977 0.9457 -0.1017 0.2859 0.1162
0.6871 -0.2578 -0.5356 -0.4178 0.4395 -0.6898 -0.2076 -0.5367 0.7036 -0.321 -0.4981 -0.3923 0.6891 0.1422 -0.6008 -0.3794 0.659 -0.6281 -0.2991 -0.2858 0.5761 -0.4252 -0.5519 -0.4274 0.9387 0.1843 0.2543 -0.1419 0.6242 0.1211 -0.7649 0.1035 0.6296 -0.5328 -0.557 -0.0977 0.9457 -0.1017 0.2859 0.1162
0.7011 -0.1974 -0.567 -0.3846 0.4395 -0.6898 -0.2076 -0.5367 0.7036 -0.321 -0.4981 -0.3923 0.6827 0.0803 -0.6554 -0.3129 0.659 -0.6281 -0.2991 -0.2858 0.5761 -0.4252 -0.5519 -0.4274 0.9283 0.1563 0.3004 -0.154 0.6242 0.1211 -0.7649 0.1035 0.6296 -0.5328 -0.557 -0.0977 0.9457 -0.1017 0.2859 0.1162
0.7011 -0.1974 -0.567 -0.3846 0.4395 -0.6898 -0.2076 -0.5367 0.7036 -0.321 -0.4981 -0.3923 0.6827 0.0803 -0.6554 -0.3129 0.659 -0.6281 -0.2991 -0.2858 0.5761 -0.4252 -0.5519 -0.4274 0.9283 0.1563 0.3004 -0.154 0.6242 0.1211 -0.7649 0.1035 0.6296 -0.5328 -0.557 -0.0977 0.8669 -0.1461 0.4651 0.1033
0.7011 -0.1974 -0.567 -0.3846 0.4395 -0.6898 -0.2076 -0.5367 0.7036 -0.321 -0.4981 -0.3923 0.6827 0.0803 -0.6554 -0.3129 0.6333 -0.6185 -0.3594 -0.2954 0.5761 -0.4252 -0.5519 -0.4274 0.9283 0.1563 0.3004 -0.154 0.6242 0.1211 -0.7649 0.1035 0.6296 -0.5328 -0.557 -0.0977 0.8669 -0.1461 0.4651 0.1033
0.7011 -0.1974 -0.567 -0.3846 0.4395 -0.6898 -0.2076 -0.5367 0.678 -0.3516 -0.5373 -0.3577 0.6827 0.0803 -0.6554 -0.3129 0.6333 -0.6185 -0.3594 -0.2954 0.5761 -0.4252 -0.5519 -0.4274 0.9283 0.1563 0.3004 -0.154 0.6755 0.1797 -0.7101 0.0847 0.6296 -0.5328 -0.557 -0.0977 0.8669 -0.1461 0.4651 0.1033
0.7011 -0.1974 -0.567 -0.3846 0.4395 -0.6898 -0.2076 -0.5367 0.678 -0.3516 -0.5373 -0.3577 0.6827 0.0803 -0.6554 -0.3129 0.6333 -0.6185 -0.3594 -0.2954 0.5761 -0.4252 -0.5519 -0.4274 0.9283 0.1563 0.3004 -0.154 0.6755 0.1797 -0.7101 0.0847 0.639 -0.5633 -0.5236 0.0186 0.8669 -0.1461 0.4651 0.1033
0.7011 -0.1974 -0.567 -0.3846 0.4395 -0.6898 -0.2076 -0.5367 0.678 -0.3516 -0.5373 -0.3577 0.6912 -0.0251 -0.6608 -0.2914 0.6333 -0.6185 -0.3594 -0.2954 0.5761 -0.4252 -0.5519 -0.4274 0.9283 0.1563 0.3004 -0.154 0.6755 0.1797 -0.7101 0.0847 0.639 -0.5633 -0.5236 0.0186 0.8669 -0.1461 0.4651 0.1033
0.7011 -0.1974 -0.567 -0.3846 0.4395 -0.6898 -0.2076 -0.5367 0.678 -0.3516 -0.5373 -0.3577 0.6912 -0.0251 -0.6608 -0.2914 0.6333 -0.6185 -0.3594 -0.2954 0.5761 -0.4252 -0.5519 -0.4274 0.9283 0.1563 0.3004 -0.154 0.6755 0.1797 -0.7101 0.0847 0.639 -0.5633 -0.5236 0.0186 0.8669 -0.1461 0.4651 0.1033
0.772 -0.1241 -0.5677 -0.2574 0.4395 -0.6898 -0.2076 -0.5367 0.678 -0.3516 -0.5373 -0.3577 0.6912 -0.0251 -0.6608 -0.2914 0.6333 -0.6185 -0.3594 -0.2954 0.5761 -0.4252 -0.5519 -0.4274 0.9269 0.1596 0.3043 -0.1512 0.6755 0.1797 -0.7101 0.0847 0.639 -0.5633 -0.5236 0.0186 0.7944 -0.173 0.557 0.1696
0.772 -0.1241 -0.5677 -0.2574 0.4395 -0.6898 -0.2076 -0.5367 0.678 -0.3516 -0.5373 -0.3577 0.6912 -0.0251 -0.6608 -0.2914 0.6333 -0.6185 -0.3594 -0.2954 0.5761 -0.4252 -0.5519 -0.4274 0.9269 0.1596 0.3043 -0.1512 0.6755 0.1797 -0.7101 0.0847 0.639 -0.5633 -0.5236 0.0186 0.7944 -0.173 0.557 0.1696
0.772 -0.1241 -0.5677 -0.2574 0.4395 -0.6898 -0.2076 -0.5367 0.678 -0.3516 -0.5373 -0.3577 0.6912 -0.0251 -0.6608 -0.2914 0.6333 -0.6185 -0.3594 -0.2954 0.5761 -0.4252 -0.5519 -0.4274 0.9269 0.1596 0.3043 -0.1512 0.6755 0.1797 -0.7101 0.0847 0.639 -0.5633 -0.5236 0.0186 0.7944 -0.173 0.557 0.1696
0.772 -0.1241 -0.5677 -0.2574 0.5666 -0.6548 -0.3495 -0.3578 0.7285 -0.2643 -0.572 -0.2689 0.6912 -0.0251 -0.6608 -0.2914 0.5804 -0.6117 -0.4271 -0.3265 0.5656 -0.3884 -0.5924 -0.4222 0.9269 0.1596 0.3043 -0.1512 0.7057 0.2441 -0.6618 0.0662 0.639 -0.5633 -0.5236 0.0186 0.7944 -0.173 0.557 0.1696
0.772 -0.1241 -0.5677 -0.2574 0.5666 -0.6548 -0.3495 -0.3578 0.7285 -0.2643 -0.572 -0.2689 0.6912 -0.0251 -0.6608 -0.2914 0.5804 -0.6117 -0.4271 -0.3265 0.5656 -0.3884 -0.5924 -0.4222 0.9269 0.1596 0.3043 -0.1512 0.7057 0.2441 -0.6618 0.0662 0.639 -0.5633 -0.5236 0.0186 0.7944 -0.173 0.557 0.1696
0.772 -0.1241 -0.5677 -0.2574 0.5666 -0.6548 -0.3495 -0.3578 0.7285 -0.2643 -0.572 -0.2689 0.6912 -0.0251 -0.6608 -0.2914 0.5804 -0.6117 -0.4271 -0.3265 0.5656 -0.3884 -0.5924 -0.4222 0.9269 0.1596 0.3043 -0.1512 0.7057 0.2441 -0.6618 0.0662 0.6677 -0.4575 -0.5858 -0.0404 0.7944 -0.173 0.557 0.1696
0.8151 -0.1427 -0.5318 -0.1802 0.5666 -0.6548 -0.3495 -0.3578 0.7285 -0.2643 -0.572 -0.2689 0.7133 0.1516 -0.6655 -0.1597 0.5804 -0.6117 -0.4271 -0.3265 0.5656 -0.3884 -0.5924 -0.4222 0.9271 0.16 0.3038 -0.1505 0.7057 0.2441 -0.6618 0.0662 0.6677 -0.4575 -0.5858 -0.0404 0.7944 -0.173 0.557 0.1696
0.8151 -0.1427 -0.5318 -0.1802 0.5666 -0.6548 -0.3495 -0.3578 0.7285 -0.2643 -0.572 -0.2689 0.7133 0.1516 -0.6655 -0.1597 0.5804 -0.6117 -0.4271 -0.3265 0.5656 -0.3884 -0.5924 -0.4222 0.9271 0.16 0.3038 -0.1505 0.7057 0.2441 -0.6618 0.0662 0.6677 -0.4575 -0.5858 -0.0404 0.8965 -0.1648 0.3815 0.1534
0.8151 -0.1427 -0.5318 -0.1802 0.5666 -0.6548 -0.3495 -0.3578 0.7285 -0.2643 -0.572 -0.2689 0.7133 0.1516 -0.6655 -0.1597 0.5618 -0.5831 -0.4823 -0.3343 0.5656 -0.3884 -0.5924 -0.4222 0.9271 0.16 0.3038 -0.1505 0.7057 0.2441 -0.6618 0.0662 0.6677 -0.4575 -0.5858 -0.0404 0.8965 -0.1648 0.3815 0.1534
0.8151 -0.1427 -0.5318 -0.1802 0.5666 -0.6548 -0.3495 -0.3578 0.7285 -0.2643 -0.572 -0.2689 0.7133 0.1516 -0.6655 -0.1597 0.5618 -0.5831 -0.4823 -0.3343 0.5656 -0.3884 -0.5924 -0.4222 0.9271 0.16 0.3038 -0.1505 0.7057 0.2441 -0.6618 0.0662 0.6677 -0.4575 -0.5858 -0.0404 0.8965 -0.1648 0.3815 0.1534
0.8151 -0.1427 -0.5318 -0.1802 0.5361 -0.7198 -0.3875 -0.2103 0.7786 -0.1844 -0.5681 -0.1926 0.7133 0.1516 -0.6655 -0.1597 0.5618 -0.5831 -0.4823 -0.3343 0.5622 -0.3757 -0.5997 -0.428 0.9271 0.16 0.3038 -0.1505 0.7195 0.2308 -0.6549 0.0088 0.6677 -0.4575 -0.5858 -0.0404 0.8965 -0.1648 0.3815 0.1534
0.8151 -0.1427 -0.5318 -0.1802 0.5361 -0.7198 -0.3875 -0.2103 0.7786 -0.1844 -0.5681 -0.1926 0.7133 0.1516 -0.6655 -0.1597 0.5618 -0.5831 -0.4823 -0.3343 0.5622 -0.3757 -0.5997 -0.428 0.9271 0.16 0.3038 -0.1505 0.7195 0.2308 -0.6549 0.0088 0.6281 -0.3537 -0.6267 -0.296 0.8965 -0.1648 0.3815 0.1534
0.8151 -0.1427 -0.5318 -0.1802 0.5361 -0.7198 -0.3875 -0.2103 0.7786 -0.1844 -0.5681 -0.1926 0.7133 0.1516 -0.6655 -0.1597 0.5618 -0.5831 -0.4823 -0.3343 0.5622 -0.3757 -0.5997 -0.428 0.9271 0.16 0.3038 -0.1505 0.7195 0.2308 -0.6549 0.0088 0.6281 -0.3537 -0.6267 -0.296 0.8965 -0.1648 0.3815 0.1534
0.8151 -0.1427 -0.5318 -0.1802 0.5361 -0.7198 -0.3875 -0.2103 0.7786 -0.1844 -0.5681 -0.1926 0.7133 0.1516 -0.6655 -0.1597 0.5618 -0.5831 -0.4823 -0.3343 0.5622 -0.3757 -0.5997 -0.428 0.9271 0.16 0.3038 -0.1505 0.7195 0.2308 -0.6549 0.0088 0.6281 -0.3537 -0.6267 -0.296 0.8965 -0.1648 0.3815 0.1534
0.8457 -0.0913 -0.514 -0.1108 0.5361 -0.7198 -0.3875 -0.2103 0.7786 -0.1844 -0.5681 -0.1926 0.7419 0.1988 -0.6214 -0.1544 0.5618 -0.5831 -0.4823 -0.3343 0.5622 -0.3757 -0.5997 -0.428 0.9273 0.1583 0.304 -0.1505 0.7195 0.2308 -0.6549 0.0088 0.6281 -0.3537 -0.6267 -0.296 0.9788 -0.0794 0.1723 0.0773
0.8457 -0.0913 -0.514 -0.1108 0.5361 -0.7198 -0.3875 -0.2103 0.7786 -0.1844 -0.5681 -0.1926 0.7419 0.1988 -0.6214 -0.1544 0.5618 -0.5831 -0.4823 -0.3343 0.5622 -0.3757 -0.5997 -0.428 0.9273 0.1583 0.304 -0.1505 0.7195 0.2308 -0.6549 0.0088 0.6281 -0.3537 -0.6267 -0.296 0.9788 -0.0794 0.1723 0.0773
0.8457 -0.0913 -0.514 -0.1108 0.5533 -0.7127 -0.4228 -0.0845 0.7786 -0.1844 -0.5681 -0.1926 0.7419 0.1988 -0.6214 -0.1544 0.5306 -0.572 -0.5079 -0.3651 0.5482 -0.353 -0.6036 -0.4588 0.9273 0.1583 0.304 -0.1505 0.7195 0.2308 -0.6549 0.0088 0.6281 -0.3537 -0.6267 -0.296 0.9788 -0.0794 0.1723 0.0773
0.8457 -0.0913 -0.514 -0.1108 0.5533 -0.7127 -0.4228 -0.0845 0.7819 -0.1727 -0.5764 -0.1632 0.7419 0.1988 -0.6214 -0.1544 0.5306 -0.572 -0.5079 -0.3651 0.5482 -0.353 -0.6036 -0.4588 0.9273 0.1583 0.304 -0.1505 0.7195 0.2308 -0.6549 0.0088 0.6281 -0.3537 -0.6267 -0.296 0.9788 -0.0794 0.1723 0.0773
0.8457 -0.0913 -0.514 -0.1108 0.5533 -0.7127 -0.4228 -0.0845 0.7819 -0.1727 -0.5764 -0.1632 0.7419 0.1988 -0.6214 -0.1544 0.5306 -0.572 -0.5079 -0.3651 0.5482 -0.353 -0.6036 -0.4588 0.9273 0.1583 0.304 -0.1505 0.7195 0.2308 -0.6549 0.0088 0.6281 -0.3537 -0.6267 -0.296 0.9788 -0.0794 0.1723 0.0773
0.8457 -0.0913 -0.514 -0.1108 0.5533 -0.7127 -0.4228 -0.0845 0.7819 -0.1727 -0.5764 -0.1632 0.7419 0.1988 -0.6214 -0.1544 0.5306 -0.572 -0.5079 -0.3651 0.5482 -0.353 -0.6036 -0.4588 0.9273 0.1583 0.304 -0.1505 0.7195 0.2308 -0.6549 0.0088 0.6281 -0.3537 -0.6267 -0.296 0.9788 -0.0794 0.1723 0.0773
0.8457 -0.0913 -0.514 -0.1108 0.5533 -0.7127 -0.4228 -0.0845 0.7819 -0.1727 -0.5764 -0.1632 0.769 0.1762 -0.6144 -0.006 0.5306 -0.572 -0.5079 -0.3651 0.5482 -0.353 -0.6036 -0.4588 0.9241 0.1583 0.311 -0.1556 0.7195 0.2308 -0.6549 0.0088 0.6281 -0.3537 -0.6267 -0.296 0.9788 -0.0794 0.1723 0.0773
0.8457 -0.0913 -0.514 -0.1108 0.5533 -0.7127 -0.4228 -0.0845 0.7819 -0.1727 -0.5764 -0.1632 0.769 0.1762 -0.6144 -0.006 0.5306 -0.572 -0.5079 -0.3651 0.5482 -0.353 -0.6036 -0.4588 0.9241 0.1583 0.311 -0.1556 0.7195 0.2308 -0.6549 0.0088 0.6281 -0.3537 -0.6267 -0.296 0.983 -0.1071 0.123 0.0844
0.8457 -0.0913 -0.514 -0.1108 0.5533 -0.7127 -0.4228 -0.0845 0.7819 -0.1727 -0.5764 -0.1632 0.769 0.1762 -0.6144 -0.006 0.5306 -0.572 -0.5079 -0.3651 0.5482 -0.353 -0.6036 -0.4588 0.9241 0.1583 0.311 -0.1556 0.7195 0.2308 -0.6549 0.0088 0.6281 -0.3537 -0.6267 -0.296 0.983 -0.1071 0.123 0.0844
0.8457 -0.0913 -0.514 -0.1108 0.5108 -0.7418 -0.4211 -0.1067 0.7819 -0.1727 -0.5764 -0.1632 0.769 0.1762 -0.6144 -0.006 0.5137 -0.5587 -0.5276 -0.3816 0.5273 -0.2981 -0.6078 -0.5135 0.9241 0.1583 0.311 -0.1556 0.7195 0.2308 -0.6549 0.0088 0.6281 -0.3537 -0.6267 -0.296 0.983 -0.1071 0.123 0.0844
0.8457 -0.0913 -0.514 -0.1108 0.5108 -0.7418 -0.4211 -0.1067 0.7819 -0.1727 -0.5764 -0.1632 0.769 0.1762 -0.6144 -0.006 0.5137 -0.5587 -0.5276 -0.3816 0.5273 -0.2981 -0.6078 -0.5135 0.9241 0.1583 0.311 -0.1556 0.698 0.209 -0.6844 0.0259 0.6281 -0.3537 -0.6267 -0.296 0.983 -0.1071 0.123 0.0844
0.8457 -0.0913 -0.514 -0.1108 0.5108 -0.7418 -0.4211 -0.1067 0.7681 -0.1955 -0.5865 -0.1665 0.769 0.1762 -0.6144 -0.006 0.5137 -0.5587 -0.5276 -0.3816 0.5273 -0.2981 -0.6078 -0.5135 0.9241 0.1583 0.311 -0.1556 0.698 0.209 -0.6844 0.0259 0.6281 -0.3537 -0.6267 -0.296 0.983 -0.1071 0.123 0.0844
0.8457 -0.0913 -0.514 -0.1108 0.5108 -0.7418 -0.4211 -0.1067 0.7681 -0.1955 -0.5865 -0.1665 0.769 0.1762 -0.6144 -0.006 0.5137 -0.5587 -0.5276 -0.3816 0.5273 -0.2981 -0.6078 -0.5135 0.9241 0.1583 0.311 -0.1556 0.698 0.209 -0.6844 0.0259 0.5894 -0.3247 -0.6378 -0.3746 0.983 -0.1071 0.123 0.0844
0.8457 -0.0913 -0.514 -0.1108 0.5108 -0.7418 -0.4211 -0.1067 0.7681 -0.1955 -0.5865 -0.1665 0.7834 0.0505 -0.6194 0.0068 0.5137 -0.5587 -0.5276 -0.3816 0.5273 -0.2981 -0.6078 -0.5135 0.9241 0.1583 0.311 -0.1556 0.698 0.209 -0.6844 0.0259 0.5894 -0.3247 -0.6378 -0.3746 0.983 -0.1071 0.123 0.0844
0.7953 -0.1554 -0.5472 -0.2094 0.5108 -0.7418 -0.4211 -0.1067 0.7681 -0.1955 -0.5865 -0.1665 0.7834 0.0505 -0.6194 0.0068 0.5137 -0.5587 -0.5276 -0.3816 0.5273 -0.2981 -0.6078 -0.5135 0.8673 0.1457 0.4327 -0.1983 0.698 0.209 -0.6844 0.0259 0.5894 -0.3247 -0.6378 -0.3746 0.9542 -0.1062 0.2643 0.0913
0.7953 -0.1554 -0.5472 -0.2094 0.5108 -0.7418 -0.4211 -0.1067 0.7681 -0.1955 -0.5865 -0.1665 0.7834 0.0505 -0.6194 0.0068 0.5137 -0.5587 -0.5276 -0.3816 0.5273 -0.2981 -0.6078 -0.5135 0.8673 0.1457 0.4327 -0.1983 0.698 0.209 -0.6844 0.0259 0.5894 -0.3247 -0.6378 -0.3746 0.9542 -0.1062 0.2643 0.0913
0.7953 -0.1554 -0.5472 -0.2094 0.4987 -0.7344 -0.3919 -0.2416 0.7681 -0.1955 -0.5865 -0.1665 0.7834 0.0505 -0.6194 0.0068 0.5668 -0.5809 -0.4241 -0.4017 0.5273 -0.2981 -0.6078 -0.5135 0.8673 0.1457 0.4327 -0.1983 0.698 0.209 -0.6844 0.0259 0.5894 -0.3247 -0.6378 -0.3746 0.9542 -0.1062 0.2643 0.0913
0.7953 -0.1554 -0.5472 -0.2094 0.4987 -0.7344 -0.3919 -0.2416 0.7681 -0.1955 -0.5865 -0.1665 0.7834 0.0505 -0.6194 0.0068 0.5668 -0.5809 -0.4241 -0.4017 0.5273 -0.2981 -0.6078 -0.5135 0.8673 0.1457 0.4327 -0.1983 0.698 0.209 -0.6844 0.0259 0.5894 -0.3247 -0.6378 -0.3746 0.9542 -0.1062 0.2643 0.0913
0.7953 -0.1554 -0.5472 -0.2094 0.4987 -0.7344 -0.3919 -0.2416 0.7453 -0.2736 -0.5724 -0.205 0.7834 0.0505 -0.6194 0.0068 0.5668 -0.5809 -0.4241 -0.4017 0.5273 -0.2981 -0.6078 -0.5135 0.8673 0.1457 0.4327 -0.1983 0.6864 0.187 -0.7027 0.0059 0.5894 -0.3247 -0.6378 -0.3746 0.9542 -0.1062 0.2643 0.0913
0.7953 -0.1554 -0.5472 -0.2094 0.4987 -0.7344 -0.3919 -0.2416 0.7453 -0.2736 -0.5724 -0.205 0.7834 0.0505 -0.6194 0.0068 0.5668 -0.5809 -0.4241 -0.4017 0.5273 -0.2981 -0.6078 -0.5135 0.8673 0.1457 0.4327 -0.1983 0.6864 0.187 -0.7027 0.0059 0.5925 -0.3541 -0.6472 -0.3235 0.9542 -0.1062 0.2643 0.0913
0.7953 -0.1554 -0.5472 -0.2094 0.4987 -0.7344 -0.3919 -0.2416 0.7453 -0.2736 -0.5724 -0.205 0.7862 0.0087 -0.6142 -0.0677 0.5668 -0.5809 -0.4241 -0.4017 0.5273 -0.2981 -0.6078 -0.5135 0.8673 0.1457 0.4327 -0.1983 0.6864 0.187 -0.7027 0.0059 0.5925 -0.3541 -0.6472 -0.3235 0.9542 -0.1062 0.2643 0.0913
0.7784 -0.155 -0.549 -0.262 0.4987 -0.7344 -0.3919 -0.2416 0.7453 -0.2736 -0.5724 -0.205 0.7862 0.0087 -0.6142 -0.0677 0.5668 -0.5809 -0.4241 -0.4017 0.5273 -0.2981 -0.6078 -0.5135 0.7608 0.1241 0.5904 -0.2393 0.6864 0.187 -0.7027 0.0059 0.5925 -0.3541 -0.6472 -0.3235 0.9515 -0.1089 0.2737 0.0888
0.7784 -0.155 -0.549 -0.262 0.4987 -0.7344 -0.3919 -0.2416 0.7453 -0.2736 -0.5724 -0.205 0.7862 0.0087 -0.6142 -0.0677 0.6332 -0.6182 -0.2856 -0.3677 0.5273 -0.2981 -0.6078 -0.5135 0.7608 0.1241 0.5904 -0.2393 0.6864 0.187 -0.7027 0.0059 0.5925 -0.3541 -0.6472 -0.3235 0.9515 -0.1089 0.2737 0.0888
0.7784 -0.155 -0.549 -0.262 0.5344 -0.6909 -0.3475 -0.3412 0.7453 -0.2736 -0.5724 -0.205 0.7862 0.0087 -0.6142 -0.0677 0.6332 -0.6182 -0.2856 -0.3677 0.5273 -0.2981 -0.6078 -0.5135 0.7608 0.1241 0.5904 -0.2393 0.6662 0.1703 -0.7248 0.0426 0.5925 -0.3541 -0.6472 -0.3235 0.9515 -0.1089 0.2737 0.0888
0.7784 -0.155 -0.549 -0.262 0.5344 -0.6909 -0.3475 -0.3412 0.7303 -0.3086 -0.5212 -0.3157 0.7862 0.0087 -0.6142 -0.0677 0.6332 -0.6182 -0.2856 -0.3677 0.5273 -0.2981 -0.6078 -0.5135 0.7608 0.1241 0.5904 -0.2393 0.6662 0.1703 -0.7248 0.0426 0.5925 -0.3541 -0.6472 -0.3235 0.9515 -0.1089 0.2737 0.0888
0.7784 -0.155 -0.549 -0.262 0.5344 -0.6909 -0.3475 -0.3412 0.7303 -0.3086 -0.5212 -0.3157 0.7862 0.0087 -0.6142 -0.0677 0.6332 -0.6182 -0.2856 -0.3677 0.5273 -0.2981 -0.6078 -0.5135 0.7608 0.1241 0.5904 -0.2393 0.6662 0.1703 -0.7248 0.0426 0.5928 -0.3726 -0.6476 -0.3006 0.9515 -0.1089 0.2737 0.0888
0.7784 -0.155 -0.549 -0.262 0.5344 -0.6909 -0.3475 -0.3412 0.7303 -0.3086 -0.5212 -0.3157 0.7775 0.0452 -0.5889 -0.2163 0.6332 -0.6182 -0.2856 -0.3677 0.5273 -0.2981 -0.6078 -0.5135 0.7608 0.1241 0.5904 -0.2393 0.6662 0.1703 -0.7248 0.0426 0.5928 -0.3726 -0.6476 -0.3006 0.9515 -0.1089 0.2737 0.0888
0.7484 -0.208 -0.5266 -0.3455 0.5344 -0.6909 -0.3475 -0.3412 0.7303 -0.3086 -0.5212 -0.3157 0.7775 0.0452 -0.5889 -0.2163 0.6332 -0.6182 -0.2856 -0.3677 0.5273 -0.2981 -0.6078 -0.5135 0.7608 0.1241 0.5904 -0.2393 0.6662 0.1703 -0.7248 0.0426 0.5928 -0.3726 -0.6476 -0.3006 0.9515 -0.1089 0.2737 0.0888
0.7484 -0.208 -0.5266 -0.3455 0.5344 -0.6909 -0.3475 -0.3412 0.7303 -0.3086 -0.5212 -0.3157 0.7775 0.0452 -0.5889 -0.2163 0.6332 -0.6182 -0.2856 -0.3677 0.5273 -0.2981 -0.6078 -0.5135 0.7608 0.1241 0.5904 -0.2393 0.6662 0.1703 -0.7248 0.0426 0.5928 -0.3726 -0.6476 -0.3006 0.9507 -0.1087 0.2766 0.0886
0.7484 -0.208 -0.5266 -0.3455 0.5344 -0.6909 -0.3475 -0.3412 0.7303 -0.3086 -0.5212 -0.3157 0.7775 0.0452 -0.5889 -0.2163 0.6744 -0.628 -0.2217 -0.3187 0.5273 -0.2981 -0.6078 -0.5135 0.7608 0.1241 0.5904 -0.2393 0.6662 0.1703 -0.7248 0.0426 0.5928 -0.3726 -0.6476 -0.3006 0.9507 -0.1087 0.2766 0.0886
0.7484 -0.208 -0.5266 -0.3455 0.4944 -0.7121 -0.2565 -0.4274 0.7303 -0.3086 -0.5212 -0.3157 0.7775 0.0452 -0.5889 -0.2163 0.6744 -0.628 -0.2217 -0.3187 0.5273 -0.2981 -0.6078 -0.5135 0.7608 0.1241 0.5904 -0.2393 0.6662 0.1703 -0.7248 0.0426 0.5928 -0.3726 -0.6476 -0.3006 0.9507 -0.1087 0.2766 0.0886
0.7484 -0.208 -0.5266 -0.3455 0.4944 -0.7121 -0.2565 -0.4274 0.7303 -0.3086 -0.5212 -0.3157 0.7775 0.0452 -0.5889 -0.2163 0.6744 -0.628 -0.2217 -0.3187 0.5273 -0.2981 -0.6078 -0.5135 0.7608 0.1241 0.5904 -0.2393 0.6662 0.1703 -0.7248 0.0426 0.5928 -0.3726 -0.6476 -0.3006 0.9507 -0.1087 0.2766 0.0886
0.7484 -0.208 -0.5266 -0.3455 0.4944 -0.7121 -0.2565 -0.4274 0.7156 -0.3005 -0.4745 -0.4152 0.7775 0.0452 -0.5889 -0.2163 0.6744 -0.628 -0.2217 -0.3187 0.5273 -0.2981 -0.6078 -0.5135 0.7608 0.1241 0.5904 -0.2393 0.6662 0.1703 -0.7248 0.0426 0.5971 -0.4064 -0.6342 -0.2758 0.9507 -0.1087 0.2766 0.0886
0.7484 -0.208 -0.5266 -0.3455 0.4944 -0.7121 -0.2565 -0.4274 0.7156 -0.3005 -0.4745 -0.4152 0.7775 0.0452 -0.5889 -0.2163 0.6744 -0.628 -0.2217 -0.3187 0.5273 -0.2981 -0.6078 -0.5135 0.7608 0.1241 0.5904 -0.2393 0.6662 0.1703 -0.7248 0.0426 0.5971 -0.4064 -0.6342 -0.2758 0.9507 -0.1087 0.2766 0.0886
0.7484 -0.208 -0.5266 -0.3455 0.4944 -0.7121 -0.2565 -0.4274 0.7156 -0.3005 -0.4745 -0.4152 0.7775 0.0452 -0.5889 -0.2163 0.6744 -0.628 -0.2217 -0.3187 0.5273 -0.2981 -0.6078 -0.5135 0.7608 0.1241 0.5904 -0.2393 0.6662 0.1703 -0.7248 0.0426 0.5971 -0.4064 -0.6342 -0.2758 0.9507 -0.1087 0.2766 0.0886
0.7154 -0.2437 -0.5095 -0.4115 0.4944 -0.7121 -0.2565 -0.4274 0.7156 -0.3005 -0.4745 -0.4152 0.7336 0.1432 -0.5766 -0.3299 0.6744 -0.628 -0.2217 -0.3187 0.5273 -0.2981 -0.6078 -0.5135 0.7608 0.1241 0.5904 -0.2393 0.6662 0.1703 -0.7248 0.0426 0.5971 -0.4064 -0.6342 -0.2758 0.9494 -0.1069 0.2816 0.0894
0.7154 -0.2437 -0.5095 -0.4115 0.4944 -0.7121 -0.2565 -0.4274 0.7156 -0.3005 -0.4745 -0.4152 0.7336 0.1432 -0.5766 -0.3299 0.6744 -0.628 -0.2217 -0.3187 0.5273 -0.2981 -0.6078 -0.5135 0.7608 0.1241 0.5904 -0.2393 0.6662 0.1703 -0.7248 0.0426 0.5971 -0.4064 -0.6342 -0.2758 0.9494 -0.1069 0.2816 0.0894
0.7154 -0.2437 -0.5095 -0.4115 0.4944 -0.7121 -0.2565 -0.4274 0.7156 -0.3005 -0.4745 -0.4152 0.7336 0.1432 -0.5766 -0.3299 0.6744 -0.628 -0.2217 -0.3187 0.5273 -0.2981 -0.6078 -0.5135 0.7608 0.1241 0.5904 -0.2393 0.6662 0.1703 -0.7248 0.0426 0.5971 -0.4064 -0.6342 -0.2758 0.9494 -0.1069 0.2816 0.0894
0.7154 -0.2437 -0.5095 -0.4115 0.4656 -0.7104 -0.205 -0.4863 0.6979 -0.293 -0.4567 -0.4675 0.7336 0.1432 -0.5766 -0.3299 0.6815 -0.6171 -0.2561 -0.2987 0.5201 -0.3874 -0.5667 -0.5082 0.7608 0.1241 0.5904 -0.2393 0.6629 0.1548 -0.7314 0.0406 0.5971 -0.4064 -0.6342 -0.2758 0.9494 -0.1069 0.2816 0.0894
0.7154 -0.2437 -0.5095 -0.4115 0.4656 -0.7104 -0.205 -0.4863 0.6979 -0.293 -0.4567 -0.4675 0.7336 0.1432 -0.5766 -0.3299 0.6815 -0.6171 -0.2561 -0.2987 0.5201 -0.3874 -0.5667 -0.5082 0.7608 0.1241 0.5904 -0.2393 0.6629 0.1548 -0.7314 0.0406 0.5971 -0.4064 -0.6342 -0.2758 0.9494 -0.1069 0.2816 0.0894
0.7154 -0.2437 -0.5095 -0.4115 0.4656 -0.7104 -0.205 -0.4863 0.6979 -0.293 -0.4567 -0.4675 0.7336 0.1432 -0.5766 -0.3299 0.6815 -0.6171 -0.2561 -0.2987 0.5201 -0.3874 -0.5667 -0.5082 0.7608 0.1241 0.5904 -0.2393 0.6629 0.1548 -0.7314 0.0406 0.5971 -0.4064 -0.6342 -0.2758 0.9494 -0.1069 0.2816 0.0894
0.7154 -0.2437 -0.5095 -0.4115 0.4656 -0.7104 -0.205 -0.4863 0.6979 -0.293 -0.4567 -0.4675 0.6708 0.1926 -0.584 -0.4146 0.6815 -0.6171 -0.2561 -0.2987 0.5201 -0.3874 -0.5667 -0.5082 0.7608 0.1241 0.5904 -0.2393 0.6629 0.1548 -0.7314 0.0406 0.5971 -0.4064 -0.6342 -0.2758 0.9494 -0.1069 0.2816 0.0894
0.7154 -0.2437 -0.5095 -0.4115 0.4656 -0.7104 -0.205 -0.4863 0.6979 -0.293 -0.4567 -0.4675 0.6708 0.1926 -0.584 -0.4146 0.6815 -0.6171 -0.2561 -0.2987 0.5201 -0.3874 -0.5667 -0.5082 0.7608 0.1241 0.5904 -0.2393 0.6629 0.1548 -0.7314 0.0406 0.5971 -0.4064 -0.6342 -0.2758 0.9494 -0.1069 0.2816 0.0894
0.7154 -0.2437 -0.5095 -0.4115 0.4656 -0.7104 -0.205 -0.4863 0.6979 -0.293 -0.4567 -0.4675 0.6708 0.1926 -0.584 -0.4146 0.6815 -0.6171 -0.2561 -0.2987 0.5201 -0.3874 -0.5667 -0.5082 0.7608 0.1241 0.5904 -0.2393 0.6629 0.1548 -0.7314 0.0406 0.5971 -0.4064 -0.6342 -0.2758 0.9456 -0.1091 0.293 0.0906
0.7154 -0.2437 -0.5095 -0.4115 0.4656 -0.7104 -0.205 -0.4863 0.6979 -0.293 -0.4567 -0.4675 0.6708 0.1926 -0.584 -0.4146 0.6815 -0.6171 -0.2561 -0.2987 0.5201 -0.3874 -0.5667 -0.5082 0.7608 0.1241 0.5904 -0.2393 0.6629 0.1548 -0.7314 0.0406 0.5971 -0.4064 -0.6342 -0.2758 0.9456 -0.1091 0.293 0.0906
0.7154 -0.2437 -0.5095 -0.4115 0.4654 -0.6843 -0.2196 -0.5167 0.6853 -0.296 -0.4732 -0.4678 0.6708 0.1926 -0.584 -0.4146 0.6252 -0.6389 -0.3087 -0.325 0.5657 -0.3938 -0.5676 -0.4503 0.7608 0.1241 0.5904 -0.2393 0.6774 0.165 -0.7158 0.0389 0.5971 -0.4064 -0.6342 -0.2758 0.9456 -0.1091 0.293 0.0906
0.7154 -0.2437 -0.5095 -0.4115 0.4654 -0.6843 -0.2196 -0.5167 0.6853 -0.296 -0.4732 -0.4678 0.6708 0.1926 -0.584 -0.4146 0.6252 -0.6389 -0.3087 -0.325 0.5657 -0.3938 -0.5676 -0.4503 0.7608 0.1241 0.5904 -0.2393 0.6774 0.165 -0.7158 0.0389 0.5971 -0.4064 -0.6342 -0.2758 0.9456 -0.1091 0.293 0.0906
0.7154 -0.2437 -0.5095 -0.4115 0.4654 -0.6843 -0.2196 -0.5167 0.6853 -0.296 -0.4732 -0.4678 0.6708 0.1926 -0.584 -0.4146 0.6252 -0.6389 -0.3087 -0.325 0.5657 -0.3938 -0.5676 -0.4503 0.7608 0.1241 0.5904 -0.2393 0.6774 0.165 -0.7158 0.0389 0.6254 -0.4708 -0.5956 -0.18 0.9456 -0.1091 0.293 0.0906
0.7154 -0.2437 -0.5095 -0.4115 0.4654 -0.6843 -0.2196 -0.5167 0.6853 -0.296 -0.4732 -0.4678 0.6412 0.1821 -0.6147 -0.4217 0.6252 -0.6389 -0.3087 -0.325 0.5657 -0.3938 -0.5676 -0.4503 0.7608 0.1241 0.5904 -0.2393 0.6774 0.165 -0.7158 0.0389 0.6254 -0.4708 -0.5956 -0.18 0.9456 -0.1091 0.293 0.0906
0.7154 -0.2437 -0.5095 -0.4115 0.4654 -0.6843 -0.2196 -0.5167 0.6853 -0.296 -0.4732 -0.4678 0.6412 0.1821 -0.6147 -0.4217 0.6252 -0.6389 -0.3087 -0.325 0.5657 -0.3938 -0.5676 -0.4503 0.7608 0.1241 0.5904 -0.2393 0.6774 0.165 -0.7158 0.0389 0.6254 -0.4708 -0.5956 -0.18 0.9323 -0.1268 0.3267 0.0893
0.7154 -0.2437 -0.5095 -0.4115 0.4654 -0.6843 -0.2196 -0.5167 0.6853 -0.296 -0.4732 -0.4678 0.6412 0.1821 -0.6147 -0.4217 0.6252 -0.6389 -0.3087 -0.325 0.5657 -0.3938 -0.5676 -0.4503 0.7608 0.1241 0.5904 -0.2393 0.6774 0.165 -0.7158 0.0389 0.6254 -0.4708 -0.5956 -0.18 0.9323 -0.1268 0.3267 0.0893
0.7154 -0.2437 -0.5095 -0.4115 0.4654 -0.6843 -0.2196 -0.5167 0.6853 -0.296 -0.4732 -0.4678 0.6412 0.1821 -0.6147 -0.4217 0.6252 -0.6389 -0.3087 -0.325 0.5657 -0.3938 -0.5676 -0.4503 0.7608 0.1241 0.5904 -0.2393 0.6774 0.165 -0.7158 0.0389 0.6254 -0.4708 -0.5956 -0.18 0.9323 -0.1268 0.3267 0.0893
0.7154 -0.2437 -0.5095 -0.4115 0.5032 -0.6661 -0.3025 -0.46 0.6893 -0.2839 -0.5425 -0.3873 0.6412 0.1821 -0.6147 -0.4217 0.6165 -0.6241 -0.3577 -0.3201 0.5754 -0.3723 -0.5931 -0.4226 0.7608 0.1241 0.5904 -0.2393 0.6923 0.1708 -0.6998 0.0434 0.6254 -0.4708 -0.5956 -0.18 0.9323 -0.1268 0.3267 0.0893
0.7154 -0.2437 -0.5095 -0.4115 0.5032 -0.6661 -0.3025 -0.46 0.6893 -0.2839 -0.5425 -0.3873 0.6412 0.1821 -0.6147 -0.4217 0.6165 -0.6241 -0.3577 -0.3201 0.5754 -0.3723 -0.5931 -0.4226 0.7608 0.1241 0.5904 -0.2393 0.6923 0.1708 -0.6998 0.0434 0.6254 -0.4708 -0.5956 -0.18 0.9323 -0.1268 0.3267 0.0893
0.7154 -0.2437 -0.5095 -0.4115 0.5032 -0.6661 -0.3025 -0.46 0.6893 -0.2839 -0.5425 -0.3873 0.6412 0.1821 -0.6147 -0.4217 0.6165 -0.6241 -0.3577 -0.3201 0.5754 -0.3723 -0.5931 -0.4226 0.7608 0.1241 0.5904 -0.2393 0.6923 0.1708 -0.6998 0.0434 0.6386 -0.484 -0.5823 -0.1374 0.9323 -0.1268 0.3267 0.0893
0.7154 -0.2437 -0.5095 -0.4115 0.5032 -0.6661 -0.3025 -0.46 0.6893 -0.2839 -0.5425 -0.3873 0.6412 0.1821 -0.6147 -0.4217 0.6165 -0.6241 -0.3577 -0.3201 0.5754 -0.3723 -0.5931 -0.4226 0.7608 0.1241 0.5904 -0.2393 0.6923 0.1708 -0.6998 0.0434 0.6386 -0.484 -0.5823 -0.1374 0.9323 -0.1268 0.3267 0.0893
0.7541 -0.1699 -0.5573 -0.3032 0.5032 -0.6661 -0.3025 -0.46 0.6893 -0.2839 -0.5425 -0.3873 0.6478 0.1146 -0.6729 -0.3384 0.6165 -0.6241 -0.3577 -0.3201 0.5754 -0.3723 -0.5931 -0.4226 0.9318 0.1506 0.3068 -0.1223 0.6923 0.1708 -0.6998 0.0434 0.6386 -0.484 -0.5823 -0.1374 0.8823 -0.1797 0.4275 0.0803
0.7541 -0.1699 -0.5573 -0.3032 0.5496 -0.6604 -0.3837 -0.3385 0.6893 -0.2839 -0.5425 -0.3873 0.6478 0.1146 -0.6729 -0.3384 0.6165 -0.6241 -0.3577 -0.3201 0.5754 -0.3723 -0.5931 -0.4226 0.9318 0.1506 0.3068 -0.1223 0.6923 0.1708 -0.6998 0.0434 0.6386 -0.484 -0.5823 -0.1374 0.8823 -0.1797 0.4275 0.0803
0.7541 -0.1699 -0.5573 -0.3032 0.5496 -0.6604 -0.3837 -0.3385 0.6893 -0.2839 -0.5425 -0.3873 0.6478 0.1146 -0.6729 -0.3384 0.6165 -0.6241 -0.3577 -0.3201 0.5754 -0.3723 -0.5931 -0.4226 0.9318 0.1506 0.3068 -0.1223 0.6923 0.1708 -0.6998 0.0434 0.6386 -0.484 -0.5823 -0.1374 0.8823 -0.1797 0.4275 0.0803
0.7541 -0.1699 -0.5573 -0.3032 0.5496 -0.6604 -0.3837 -0.3385 0.7142 -0.2728 -0.5714 -0.2986 0.6478 0.1146 -0.6729 -0.3384 0.6165 -0.6241 -0.3577 -0.3201 0.5851 -0.3942 -0.5856 -0.3992 0.9318 0.1506 0.3068 -0.1223 0.6976 0.2043 -0.6845 0.0557 0.6386 -0.484 -0.5823 -0.1374 0.8823 -0.1797 0.4275 0.0803
0.7541 -0.1699 -0.5573 -0.3032 0.5496 -0.6604 -0.3837 -0.3385 0.7142 -0.2728 -0.5714 -0.2986 0.6478 0.1146 -0.6729 -0.3384 0.6165 -0.6241 -0.3577 -0.3201 0.5851 -0.3942 -0.5856 -0.3992 0.9318 0.1506 0.3068 -0.1223 0.6976 0.2043 -0.6845 0.0557 0.6386 -0.484 -0.5823 -0.1374 0.8823 -0.1797 0.4275 0.0803
