rt-uaw rt-uax rt-uay rt-uaz rt-faw rt-fax rt-fay rt-faz rt-thw rt-thx rt-thy rt-thz rt-llw rt-llx rt-lly rt-llz rt-ftw rt-ftx rt-fty rt-ftz lt-uaw lt-uax lt-uay lt-uaz lt-faw lt-fax lt-fay lt-faz lt-thw lt-thx lt-thy lt-thz lt-llw lt-llx lt-lly lt-llz lt-ftw lt-ftx lt-fty lt-ftz 
-0.7332 0.2171 0.5922 0.2542 -0.6132 0.4116 0.6022 0.3033 -0.7172 0.2294 0.624 0.2089 -0.6987 -0.0806 0.7006 0.1205 -0.6297 0.3738 0.6221 0.277 -0.7693 -0.1008 0.6308 -0.0121 -0.9386 -0.1642 -0.288 0.0957 -0.6504 0.2216 0.7028 0.1844 -0.5406 0.4951 0.481 0.481 -0.9372 -0.0085 -0.3427 -0.0646
-0.7332 0.2171 0.5922 0.2542 -0.6132 0.4116 0.6022 0.3033 -0.7172 0.2294 0.624 0.2089 -0.7032 -0.0511 0.6988 0.1204 -0.6297 0.3738 0.6221 0.277 -0.7693 -0.1008 0.6308 -0.0121 -0.9384 -0.164 -0.2888 0.0957 -0.6504 0.2216 0.7028 0.1844 -0.5406 0.4951 0.481 0.481 -0.9372 -0.0085 -0.3427 -0.0646
-0.7332 0.2171 0.5922 0.2542 -0.6132 0.4116 0.6022 0.3033 -0.7172 0.2294 0.624 0.2089 -0.7032 -0.0511 0.6988 0.1204 -0.6297 0.3738 0.6221 0.277 -0.7695 -0.1041 0.6301 -0.0086 -0.9384 -0.164 -0.2888 0.0957 -0.6504 0.2216 0.7028 0.1844 -0.5406 0.4951 0.481 0.481 -0.9372 -0.0085 -0.3427 -0.0646
-0.7332 0.2171 0.5922 0.2542 -0.6132 0.4116 0.6022 0.3033 -0.7172 0.2294 0.624 0.2089 -0.7032 -0.0511 0.6988 0.1204 -0.6297 0.3738 0.6221 0.277 -0.7695 -0.1041 0.6301 -0.0086 -0.9384 -0.164 -0.2888 0.0957 -0.6504 0.2216 0.7028 0.1844 -0.5406 0.4951 0.481 0.481 -0.9372 -0.0085 -0.3427 -0.0646
-0.7332 0.2171 0.5922 0.2542 -0.6132 0.4116 0.6022 0.3033 -0.7172 0.2294 0.624 0.2089 -0.7032 -0.0511 0.6988 0.1204 -0.6297 0.3738 0.6221 0.277 -0.7695 -0.1041 0.6301 -0.0086 -0.9384 -0.164 -0.2888 0.0957 -0.6504 0.2216 0.7028 0.1844 -0.5406 0.4951 0.481 0.481 -0.9372 -0.0085 -0.3427 -0.0646
-0.73 0.2112 0.6017 0.2458 -0.6118 0.3919 0.6246 0.2864 -0.713 0.2311 0.6315 0.1985 -0.7032 -0.0511 0.6988 0.1204 -0.6257 0.3736 0.6253 0.2792 -0.7695 -0.1041 0.6301 -0.0086 -0.9384 -0.164 -0.2888 0.0957 -0.6504 0.2216 0.7028 0.1844 -0.5483 0.4977 0.4687 0.4816 -0.9362 -0.0067 -0.3453 -0.0653
-0.73 0.2112 0.6017 0.2458 -0.6118 0.3919 0.6246 0.2864 -0.713 0.2311 0.6315 0.1985 -0.7032 -0.0511 0.6988 0.1204 -0.6257 0.3736 0.6253 0.2792 -0.7695 -0.1041 0.6301 -0.0086 -0.9384 -0.164 -0.2888 0.0957 -0.6504 0.2216 0.7028 0.1844 -0.5483 0.4977 0.4687 0.4816 -0.9362 -0.0067 -0.3453 -0.0653
-0.73 0.2112 0.6017 0.2458 -0.6118 0.3919 0.6246 0.2864 -0.713 0.2311 0.6315 0.1985 -0.7077 -0.0116 0.6953 0.1246 -0.6257 0.3736 0.6253 0.2792 -0.7695 -0.1041 0.6301 -0.0086 -0.9372 -0.1629 -0.2924 0.0978 -0.6492 0.2293 0.7005 0.188 -0.5483 0.4977 0.4687 0.4816 -0.9362 -0.0067 -0.3453 -0.0653
-0.73 0.2112 0.6017 0.2458 -0.6118 0.3919 0.6246 0.2864 -0.713 0.2311 0.6315 0.1985 -0.7077 -0.0116 0.6953 0.1246 -0.6257 0.3736 0.6253 0.2792 -0.7695 -0.1041 0.6301 -0.0086 -0.9372 -0.1629 -0.2924 0.0978 -0.6492 0.2293 0.7005 0.188 -0.5483 0.4977 0.4687 0.4816 -0.9362 -0.0067 -0.3453 -0.0653
-0.73 0.2112 0.6017 0.2458 -0.6118 0.3919 0.6246 0.2864 -0.713 0.2311 0.6315 0.1985 -0.7077 -0.0116 0.6953 0.1246 -0.6257 0.3736 0.6253 0.2792 -0.7698 -0.1133 0.6281 -0.0069 -0.9372 -0.1629 -0.2924 0.0978 -0.6492 0.2293 0.7005 0.188 -0.5483 0.4977 0.4687 0.4816 -0.9362 -0.0067 -0.3453 -0.0653
-0.7294 0.2073 0.6071 0.2377 -0.6125 0.3836 0.6277 0.2892 -0.713 0.2311 0.6315 0.1985 -0.7077 -0.0116 0.6953 0.1246 -0.6257 0.3736 0.6253 0.2792 -0.7698 -0.1133 0.6281 -0.0069 -0.9372 -0.1629 -0.2924 0.0978 -0.6492 0.2293 0.7005 0.188 -0.5483 0.4977 0.4687 0.4816 -0.9346 -0.0035 -0.35 -0.0637
-0.7294 0.2073 0.6071 0.2377 -0.6125 0.3836 0.6277 0.2892 -0.7065 0.2405 0.6368 0.1938 -0.7077 -0.0116 0.6953 0.1246 -0.6257 0.3736 0.6253 0.2792 -0.7698 -0.1133 0.6281 -0.0069 -0.9372 -0.1629 -0.2924 0.0978 -0.6492 0.2293 0.7005 0.188 -0.5451 0.5017 0.4654 0.4844 -0.9346 -0.0035 -0.35 -0.0637
-0.7294 0.2073 0.6071 0.2377 -0.6125 0.3836 0.6277 0.2892 -0.7065 0.2405 0.6368 0.1938 -0.7077 -0.0116 0.6953 0.1246 -0.6257 0.3736 0.6253 0.2792 -0.7698 -0.1133 0.6281 -0.0069 -0.9372 -0.1629 -0.2924 0.0978 -0.6492 0.2293 0.7005 0.188 -0.5451 0.5017 0.4654 0.4844 -0.9346 -0.0035 -0.35 -0.0637
-0.7294 0.2073 0.6071 0.2377 -0.6125 0.3836 0.6277 0.2892 -0.7065 0.2405 0.6368 0.1938 -0.7077 -0.0116 0.6953 0.1246 -0.6257 0.3736 0.6253 0.2792 -0.7698 -0.1133 0.6281 -0.0069 -0.9372 -0.1629 -0.2924 0.0978 -0.6492 0.2293 0.7005 0.188 -0.5451 0.5017 0.4654 0.4844 -0.9346 -0.0035 -0.35 -0.0637
-0.7294 0.2073 0.6071 0.2377 -0.6125 0.3836 0.6277 0.2892 -0.7065 0.2405 0.6368 0.1938 -0.7119 0.0012 0.6904 0.1288 -0.6257 0.3736 0.6253 0.2792 -0.7698 -0.1133 0.6281 -0.0069 -0.937 -0.1615 -0.2933 0.0993 -0.6485 0.2372 0.6983 0.1886 -0.5451 0.5017 0.4654 0.4844 -0.9346 -0.0035 -0.35 -0.0637
-0.7294 0.2073 0.6071 0.2377 -0.6125 0.3836 0.6277 0.2892 -0.7065 0.2405 0.6368 0.1938 -0.7119 0.0012 0.6904 0.1288 -0.6257 0.3736 0.6253 0.2792 -0.7698 -0.1133 0.6281 -0.0069 -0.937 -0.1615 -0.2933 0.0993 -0.6485 0.2372 0.6983 0.1886 -0.5451 0.5017 0.4654 0.4844 -0.9346 -0.0035 -0.35 -0.0637
-0.7294 0.2073 0.6071 0.2377 -0.6125 0.3836 0.6277 0.2892 -0.7065 0.2405 0.6368 0.1938 -0.7119 0.0012 0.6904 0.1288 -0.6257 0.3736 0.6253 0.2792 -0.7709 -0.1155 0.6265 -0.004 -0.937 -0.1615 -0.2933 0.0993 -0.6485 0.2372 0.6983 0.1886 -0.5451 0.5017 0.4654 0.4844 -0.9346 -0.0035 -0.35 -0.0637
-0.7294 0.2073 0.6071 0.2377 -0.6137 0.3792 0.6334 0.2798 -0.7065 0.2405 0.6368 0.1938 -0.7119 0.0012 0.6904 0.1288 -0.6257 0.3736 0.6253 0.2792 -0.7709 -0.1155 0.6265 -0.004 -0.937 -0.1615 -0.2933 0.0993 -0.6485 0.2372 0.6983 0.1886 -0.5451 0.5017 0.4654 0.4844 -0.9349 -0.0037 -0.3491 -0.0637
-0.7294 0.2073 0.6071 0.2377 -0.6137 0.3792 0.6334 0.2798 -0.7056 0.2443 0.6357 0.196 -0.7119 0.0012 0.6904 0.1288 -0.6263 0.3739 0.6245 0.2792 -0.7709 -0.1155 0.6265 -0.004 -0.937 -0.1615 -0.2933 0.0993 -0.6485 0.2372 0.6983 0.1886 -0.5451 0.5017 0.4654 0.4844 -0.9349 -0.0037 -0.3491 -0.0637
-0.7294 0.2073 0.6071 0.2377 -0.6137 0.3792 0.6334 0.2798 -0.7056 0.2443 0.6357 0.196 -0.7119 0.0012 0.6904 0.1288 -0.6263 0.3739 0.6245 0.2792 -0.7709 -0.1155 0.6265 -0.004 -0.937 -0.1615 -0.2933 0.0993 -0.6485 0.2372 0.6983 0.1886 -0.5451 0.5017 0.4654 0.4844 -0.9349 -0.0037 -0.3491 -0.0637
-0.7294 0.2073 0.6071 0.2377 -0.6137 0.3792 0.6334 0.2798 -0.7056 0.2443 0.6357 0.196 -0.7119 0.0012 0.6904 0.1288 -0.6263 0.3739 0.6245 0.2792 -0.7709 -0.1155 0.6265 -0.004 -0.937 -0.1615 -0.2933 0.0993 -0.6485 0.2372 0.6983 0.1886 -0.5451 0.5017 0.4654 0.4844 -0.9349 -0.0037 -0.3491 -0.0637
-0.7294 0.2073 0.6071 0.2377 -0.6137 0.3792 0.6334 0.2798 -0.7056 0.2443 0.6357 0.196 -0.7138 -0.0027 0.6877 0.1327 -0.6263 0.3739 0.6245 0.2792 -0.7709 -0.1155 0.6265 -0.004 -0.9373 -0.1614 -0.2926 0.0991 -0.6476 0.2378 0.6987 0.1897 -0.5451 0.5017 0.4654 0.4844 -0.9349 -0.0037 -0.3491 -0.0637
-0.7294 0.2073 0.6071 0.2377 -0.6137 0.3792 0.6334 0.2798 -0.7056 0.2443 0.6357 0.196 -0.7138 -0.0027 0.6877 0.1327 -0.6263 0.3739 0.6245 0.2792 -0.7709 -0.1155 0.6265 -0.004 -0.9373 -0.1614 -0.2926 0.0991 -0.6476 0.2378 0.6987 0.1897 -0.5451 0.5017 0.4654 0.4844 -0.9349 -0.0037 -0.3491 -0.0637
-0.7294 0.2073 0.6071 0.2377 -0.6137 0.3792 0.6334 0.2798 -0.7056 0.2443 0.6357 0.196 -0.7138 -0.0027 0.6877 0.1327 -0.6263 0.3739 0.6245 0.2792 -0.7709 -0.1163 0.6262 -0.0033 -0.9373 -0.1614 -0.2926 0.0991 -0.6476 0.2378 0.6987 0.1897 -0.5451 0.5017 0.4654 0.4844 -0.9349 -0.0037 -0.3491 -0.0637
-0.7302 0.195 0.6082 0.2428 -0.6206 0.3687 0.637 0.2707 -0.7056 0.2443 0.6357 0.196 -0.7138 -0.0027 0.6877 0.1327 -0.6263 0.3739 0.6245 0.2792 -0.7709 -0.1163 0.6262 -0.0033 -0.9373 -0.1614 -0.2926 0.0991 -0.6476 0.2378 0.6987 0.1897 -0.5451 0.5017 0.4654 0.4844 -0.9356 -0.0063 -0.3472 -0.064
-0.7302 0.195 0.6082 0.2428 -0.6206 0.3687 0.637 0.2707 -0.7106 0.2439 0.6335 0.1852 -0.7138 -0.0027 0.6877 0.1327 -0.6263 0.3739 0.6245 0.2792 -0.7709 -0.1163 0.6262 -0.0033 -0.9373 -0.1614 -0.2926 0.0991 -0.6476 0.2378 0.6987 0.1897 -0.5451 0.5017 0.4654 0.4844 -0.9356 -0.0063 -0.3472 -0.064
-0.7302 0.195 0.6082 0.2428 -0.6206 0.3687 0.637 0.2707 -0.7106 0.2439 0.6335 0.1852 -0.7138 -0.0027 0.6877 0.1327 -0.6263 0.3739 0.6245 0.2792 -0.7709 -0.1163 0.6262 -0.0033 -0.9373 -0.1614 -0.2926 0.0991 -0.6476 0.2378 0.6987 0.1897 -0.5451 0.5017 0.4654 0.4844 -0.9356 -0.0063 -0.3472 -0.064
-0.7302 0.195 0.6082 0.2428 -0.6206 0.3687 0.637 0.2707 -0.7106 0.2439 0.6335 0.1852 -0.7138 -0.0027 0.6877 0.1327 -0.6263 0.3739 0.6245 0.2792 -0.7709 -0.1163 0.6262 -0.0033 -0.9373 -0.1614 -0.2926 0.0991 -0.6476 0.2378 0.6987 0.1897 -0.5451 0.5017 0.4654 0.4844 -0.9356 -0.0063 -0.3472 -0.064
-0.7302 0.195 0.6082 0.2428 -0.6206 0.3687 0.637 0.2707 -0.7106 0.2439 0.6335 0.1852 -0.7088 -0.0208 0.6935 0.127 -0.6263 0.3739 0.6245 0.2792 -0.7709 -0.1163 0.6262 -0.0033 -0.9385 -0.1661 -0.2866 0.0978 -0.6385 0.2434 0.6998 0.2079 -0.5451 0.5017 0.4654 0.4844 -0.9356 -0.0063 -0.3472 -0.064
-0.7302 0.195 0.6082 0.2428 -0.6206 0.3687 0.637 0.2707 -0.7106 0.2439 0.6335 0.1852 -0.7088 -0.0208 0.6935 0.127 -0.6263 0.3739 0.6245 0.2792 -0.7709 -0.1163 0.6262 -0.0033 -0.9385 -0.1661 -0.2866 0.0978 -0.6385 0.2434 0.6998 0.2079 -0.5451 0.5017 0.4654 0.4844 -0.9356 -0.0063 -0.3472 -0.064
-0.7302 0.195 0.6082 0.2428 -0.6206 0.3687 0.637 0.2707 -0.7106 0.2439 0.6335 0.1852 -0.7088 -0.0208 0.6935 0.127 -0.6263 0.3739 0.6245 0.2792 -0.7708 -0.1215 0.6254 -0.0057 -0.9385 -0.1661 -0.2866 0.0978 -0.6385 0.2434 0.6998 0.2079 -0.5451 0.5017 0.4654 0.4844 -0.9356 -0.0063 -0.3472 -0.064
-0.7302 0.195 0.6082 0.2428 -0.6252 0.3607 0.6361 0.2728 -0.7106 0.2439 0.6335 0.1852 -0.7088 -0.0208 0.6935 0.127 -0.6274 0.3555 0.6321 0.2833 -0.7708 -0.1215 0.6254 -0.0057 -0.9385 -0.1661 -0.2866 0.0978 -0.6385 0.2434 0.6998 0.2079 -0.5451 0.5017 0.4654 0.4844 -0.9357 -0.0135 -0.3463 -0.0665
-0.7302 0.195 0.6082 0.2428 -0.6252 0.3607 0.6361 0.2728 -0.7192 0.222 0.6405 0.152 -0.7088 -0.0208 0.6935 0.127 -0.6274 0.3555 0.6321 0.2833 -0.7708 -0.1215 0.6254 -0.0057 -0.9385 -0.1661 -0.2866 0.0978 -0.6385 0.2434 0.6998 0.2079 -0.5451 0.5017 0.4654 0.4844 -0.9357 -0.0135 -0.3463 -0.0665
-0.7302 0.195 0.6082 0.2428 -0.6252 0.3607 0.6361 0.2728 -0.7192 0.222 0.6405 0.152 -0.7088 -0.0208 0.6935 0.127 -0.6274 0.3555 0.6321 0.2833 -0.7708 -0.1215 0.6254 -0.0057 -0.9385 -0.1661 -0.2866 0.0978 -0.6385 0.2434 0.6998 0.2079 -0.5451 0.5017 0.4654 0.4844 -0.9357 -0.0135 -0.3463 -0.0665
-0.7302 0.195 0.6082 0.2428 -0.6252 0.3607 0.6361 0.2728 -0.7192 0.222 0.6405 0.152 -0.7088 -0.0208 0.6935 0.127 -0.6274 0.3555 0.6321 0.2833 -0.7708 -0.1215 0.6254 -0.0057 -0.9385 -0.1661 -0.2866 0.0978 -0.6385 0.2434 0.6998 0.2079 -0.5451 0.5017 0.4654 0.4844 -0.9357 -0.0135 -0.3463 -0.0665
-0.7302 0.195 0.6082 0.2428 -0.6252 0.3607 0.6361 0.2728 -0.7192 0.222 0.6405 0.152 -0.7056 -0.0433 0.6999 0.1021 -0.6274 0.3555 0.6321 0.2833 -0.7708 -0.1215 0.6254 -0.0057 -0.9387 -0.1709 -0.2838 0.0961 -0.6216 0.2526 0.702 0.2388 -0.5451 0.5017 0.4654 0.4844 -0.9357 -0.0135 -0.3463 -0.0665
-0.7302 0.195 0.6082 0.2428 -0.6252 0.3607 0.6361 0.2728 -0.7192 0.222 0.6405 0.152 -0.7056 -0.0433 0.6999 0.1021 -0.6274 0.3555 0.6321 0.2833 -0.7708 -0.1215 0.6254 -0.0057 -0.9387 -0.1709 -0.2838 0.0961 -0.6216 0.2526 0.702 0.2388 -0.5451 0.5017 0.4654 0.4844 -0.9357 -0.0135 -0.3463 -0.0665
-0.7302 0.195 0.6082 0.2428 -0.6252 0.3607 0.6361 0.2728 -0.7192 0.222 0.6405 0.152 -0.7056 -0.0433 0.6999 0.1021 -0.6274 0.3555 0.6321 0.2833 -0.7827 -0.1182 0.6111 0.0074 -0.9387 -0.1709 -0.2838 0.0961 -0.6216 0.2526 0.702 0.2388 -0.5451 0.5017 0.4654 0.4844 -0.9357 -0.0135 -0.3463 -0.0665
-0.7302 0.195 0.6082 0.2428 -0.6318 0.3535 0.6312 0.2783 -0.7192 0.222 0.6405 0.152 -0.7056 -0.0433 0.6999 0.1021 -0.6354 0.3508 0.6245 0.2884 -0.7827 -0.1182 0.6111 0.0074 -0.9387 -0.1709 -0.2838 0.0961 -0.6216 0.2526 0.702 0.2388 -0.5451 0.5017 0.4654 0.4844 -0.936 -0.0125 -0.3458 -0.065
-0.7302 0.195 0.6082 0.2428 -0.6318 0.3535 0.6312 0.2783 -0.7219 0.2161 0.6429 0.1367 -0.7056 -0.0433 0.6999 0.1021 -0.6354 0.3508 0.6245 0.2884 -0.7827 -0.1182 0.6111 0.0074 -0.9387 -0.1709 -0.2838 0.0961 -0.6216 0.2526 0.702 0.2388 -0.5451 0.5017 0.4654 0.4844 -0.936 -0.0125 -0.3458 -0.065
-0.7302 0.195 0.6082 0.2428 -0.6318 0.3535 0.6312 0.2783 -0.7219 0.2161 0.6429 0.1367 -0.7056 -0.0433 0.6999 0.1021 -0.6354 0.3508 0.6245 0.2884 -0.7827 -0.1182 0.6111 0.0074 -0.9387 -0.1709 -0.2838 0.0961 -0.6216 0.2526 0.702 0.2388 -0.5451 0.5017 0.4654 0.4844 -0.936 -0.0125 -0.3458 -0.065
-0.7302 0.195 0.6082 0.2428 -0.6318 0.3535 0.6312 0.2783 -0.7219 0.2161 0.6429 0.1367 -0.7056 -0.0433 0.6999 0.1021 -0.6354 0.3508 0.6245 0.2884 -0.7827 -0.1182 0.6111 0.0074 -0.9387 -0.1709 -0.2838 0.0961 -0.6216 0.2526 0.702 0.2388 -0.5451 0.5017 0.4654 0.4844 -0.936 -0.0125 -0.3458 -0.065
-0.7302 0.195 0.6082 0.2428 -0.6318 0.3535 0.6312 0.2783 -0.7219 0.2161 0.6429 0.1367 -0.7114 -0.0447 0.697 0.0787 -0.6354 0.3508 0.6245 0.2884 -0.7827 -0.1182 0.6111 0.0074 -0.9312 -0.1769 -0.303 0.0993 -0.6254 0.2501 0.7089 0.2094 -0.5451 0.5017 0.4654 0.4844 -0.936 -0.0125 -0.3458 -0.065
-0.7302 0.195 0.6082 0.2428 -0.6318 0.3535 0.6312 0.2783 -0.7219 0.2161 0.6429 0.1367 -0.7114 -0.0447 0.697 0.0787 -0.6354 0.3508 0.6245 0.2884 -0.7827 -0.1182 0.6111 0.0074 -0.9312 -0.1769 -0.303 0.0993 -0.6254 0.2501 0.7089 0.2094 -0.5451 0.5017 0.4654 0.4844 -0.936 -0.0125 -0.3458 -0.065
-0.7302 0.195 0.6082 0.2428 -0.6318 0.3535 0.6312 0.2783 -0.7219 0.2161 0.6429 0.1367 -0.7114 -0.0447 0.697 0.0787 -0.6354 0.3508 0.6245 0.2884 -0.7971 -0.1509 0.5797 0.0765 -0.9312 -0.1769 -0.303 0.0993 -0.6254 0.2501 0.7089 0.2094 -0.5451 0.5017 0.4654 0.4844 -0.936 -0.0125 -0.3458 -0.065
-0.7302 0.195 0.6082 0.2428 -0.6318 0.3535 0.6312 0.2783 -0.7219 0.2161 0.6429 0.1367 -0.7114 -0.0447 0.697 0.0787 -0.6354 0.3508 0.6245 0.2884 -0.7971 -0.1509 0.5797 0.0765 -0.9312 -0.1769 -0.303 0.0993 -0.6254 0.2501 0.7089 0.2094 -0.5451 0.5017 0.4654 0.4844 -0.936 -0.0125 -0.3458 -0.065
-0.7298 0.19 0.6039 0.2581 -0.6328 0.3681 0.6179 0.2868 -0.7197 0.2427 0.6359 0.1369 -0.7114 -0.0447 0.697 0.0787 -0.7172 0.3499 0.5637 0.2131 -0.7971 -0.1509 0.5797 0.0765 -0.9312 -0.1769 -0.303 0.0993 -0.6254 0.2501 0.7089 0.2094 -0.5306 0.5714 0.4254 0.4594 -0.9377 -0.0071 -0.3415 -0.0639
-0.7298 0.19 0.6039 0.2581 -0.6328 0.3681 0.6179 0.2868 -0.7197 0.2427 0.6359 0.1369 -0.7114 -0.0447 0.697 0.0787 -0.7172 0.3499 0.5637 0.2131 -0.7971 -0.1509 0.5797 0.0765 -0.9312 -0.1769 -0.303 0.0993 -0.6254 0.2501 0.7089 0.2094 -0.5306 0.5714 0.4254 0.4594 -0.9377 -0.0071 -0.3415 -0.0639
-0.7298 0.19 0.6039 0.2581 -0.6328 0.3681 0.6179 0.2868 -0.7197 0.2427 0.6359 0.1369 -0.7114 -0.0447 0.697 0.0787 -0.7172 0.3499 0.5637 0.2131 -0.7971 -0.1509 0.5797 0.0765 -0.9312 -0.1769 -0.303 0.0993 -0.6254 0.2501 0.7089 0.2094 -0.5306 0.5714 0.4254 0.4594 -0.9377 -0.0071 -0.3415 -0.0639
-0.7298 0.19 0.6039 0.2581 -0.6328 0.3681 0.6179 0.2868 -0.7197 0.2427 0.6359 0.1369 -0.7245 -0.0112 0.6826 0.095 -0.7172 0.3499 0.5637 0.2131 -0.7971 -0.1509 0.5797 0.0765 -0.8743 -0.1718 -0.4242 0.1616 -0.6234 0.2592 0.7115 0.1949 -0.5306 0.5714 0.4254 0.4594 -0.9377 -0.0071 -0.3415 -0.0639
-0.7298 0.19 0.6039 0.2581 -0.6328 0.3681 0.6179 0.2868 -0.7197 0.2427 0.6359 0.1369 -0.7245 -0.0112 0.6826 0.095 -0.7172 0.3499 0.5637 0.2131 -0.7971 -0.1509 0.5797 0.0765 -0.8743 -0.1718 -0.4242 0.1616 -0.6234 0.2592 0.7115 0.1949 -0.5306 0.5714 0.4254 0.4594 -0.9377 -0.0071 -0.3415 -0.0639
-0.7298 0.19 0.6039 0.2581 -0.6328 0.3681 0.6179 0.2868 -0.7197 0.2427 0.6359 0.1369 -0.7245 -0.0112 0.6826 0.095 -0.7172 0.3499 0.5637 0.2131 -0.7867 -0.2095 0.5706 0.1083 -0.8743 -0.1718 -0.4242 0.1616 -0.6234 0.2592 0.7115 0.1949 -0.5306 0.5714 0.4254 0.4594 -0.9377 -0.0071 -0.3415 -0.0639
-0.7298 0.19 0.6039 0.2581 -0.6025 0.4104 0.619 0.2922 -0.7197 0.2427 0.6359 0.1369 -0.7245 -0.0112 0.6826 0.095 -0.7172 0.3499 0.5637 0.2131 -0.7867 -0.2095 0.5706 0.1083 -0.8743 -0.1718 -0.4242 0.1616 -0.6234 0.2592 0.7115 0.1949 -0.5306 0.5714 0.4254 0.4594 -0.9368 -0.0013 -0.3437 -0.0657
-0.7298 0.19 0.6039 0.2581 -0.6025 0.4104 0.619 0.2922 -0.7167 0.2644 0.6284 0.147 -0.7245 -0.0112 0.6826 0.095 -0.7469 0.3839 0.5205 0.1545 -0.7867 -0.2095 0.5706 0.1083 -0.8743 -0.1718 -0.4242 0.1616 -0.6234 0.2592 0.7115 0.1949 -0.5306 0.5714 0.4254 0.4594 -0.9368 -0.0013 -0.3437 -0.0657
-0.7298 0.19 0.6039 0.2581 -0.6025 0.4104 0.619 0.2922 -0.7167 0.2644 0.6284 0.147 -0.7245 -0.0112 0.6826 0.095 -0.7469 0.3839 0.5205 0.1545 -0.7867 -0.2095 0.5706 0.1083 -0.8743 -0.1718 -0.4242 0.1616 -0.6234 0.2592 0.7115 0.1949 -0.5306 0.5714 0.4254 0.4594 -0.9368 -0.0013 -0.3437 -0.0657
-0.7298 0.19 0.6039 0.2581 -0.6025 0.4104 0.619 0.2922 -0.7167 0.2644 0.6284 0.147 -0.7245 -0.0112 0.6826 0.095 -0.7469 0.3839 0.5205 0.1545 -0.7867 -0.2095 0.5706 0.1083 -0.8743 -0.1718 -0.4242 0.1616 -0.6234 0.2592 0.7115 0.1949 -0.5306 0.5714 0.4254 0.4594 -0.9368 -0.0013 -0.3437 -0.0657
-0.7298 0.19 0.6039 0.2581 -0.6025 0.4104 0.619 0.2922 -0.7167 0.2644 0.6284 0.147 -0.7358 -0.0156 0.6714 0.0877 -0.7469 0.3839 0.5205 0.1545 -0.7867 -0.2095 0.5706 0.1083 -0.9139 -0.1835 -0.3529 0.0811 -0.632 0.2618 0.7113 0.1617 -0.5306 0.5714 0.4254 0.4594 -0.9368 -0.0013 -0.3437 -0.0657
-0.7298 0.19 0.6039 0.2581 -0.6025 0.4104 0.619 0.2922 -0.7167 0.2644 0.6284 0.147 -0.7358 -0.0156 0.6714 0.0877 -0.7469 0.3839 0.5205 0.1545 -0.7867 -0.2095 0.5706 0.1083 -0.9139 -0.1835 -0.3529 0.0811 -0.632 0.2618 0.7113 0.1617 -0.5306 0.5714 0.4254 0.4594 -0.9368 -0.0013 -0.3437 -0.0657
-0.7298 0.19 0.6039 0.2581 -0.6025 0.4104 0.619 0.2922 -0.7167 0.2644 0.6284 0.147 -0.7358 -0.0156 0.6714 0.0877 -0.7469 0.3839 0.5205 0.1545 -0.7711 -0.124 0.624 -0.0268 -0.9139 -0.1835 -0.3529 0.0811 -0.632 0.2618 0.7113 0.1617 -0.5306 0.5714 0.4254 0.4594 -0.9368 -0.0013 -0.3437 -0.0657
-0.7298 0.19 0.6039 0.2581 -0.6025 0.4104 0.619 0.2922 -0.7167 0.2644 0.6284 0.147 -0.7358 -0.0156 0.6714 0.0877 -0.7469 0.3839 0.5205 0.1545 -0.7711 -0.124 0.624 -0.0268 -0.9139 -0.1835 -0.3529 0.0811 -0.632 0.2618 0.7113 0.1617 -0.5306 0.5714 0.4254 0.4594 -0.9368 -0.0013 -0.3437 -0.0657
-0.704 0.212 0.6058 0.304 -0.5953 0.413 0.6204 0.3004 -0.7198 0.261 0.627 0.1438 -0.7358 -0.0156 0.6714 0.0877 -0.7576 0.3572 0.5367 0.1021 -0.7711 -0.124 0.624 -0.0268 -0.9139 -0.1835 -0.3529 0.0811 -0.632 0.2618 0.7113 0.1617 -0.5552 0.5836 0.3994 0.4378 -0.9328 0.0035 -0.3541 -0.067
-0.704 0.212 0.6058 0.304 -0.5953 0.413 0.6204 0.3004 -0.7198 0.261 0.627 0.1438 -0.7358 -0.0156 0.6714 0.0877 -0.7576 0.3572 0.5367 0.1021 -0.7711 -0.124 0.624 -0.0268 -0.9139 -0.1835 -0.3529 0.0811 -0.632 0.2618 0.7113 0.1617 -0.5552 0.5836 0.3994 0.4378 -0.9328 0.0035 -0.3541 -0.067
-0.704 0.212 0.6058 0.304 -0.5953 0.413 0.6204 0.3004 -0.7198 0.261 0.627 0.1438 -0.7358 -0.0156 0.6714 0.0877 -0.7576 0.3572 0.5367 0.1021 -0.7711 -0.124 0.624 -0.0268 -0.9139 -0.1835 -0.3529 0.0811 -0.632 0.2618 0.7113 0.1617 -0.5552 0.5836 0.3994 0.4378 -0.9328 0.0035 -0.3541 -0.067
-0.704 0.212 0.6058 0.304 -0.5953 0.413 0.6204 0.3004 -0.7198 0.261 0.627 0.1438 -0.7267 -0.0367 0.6787 0.0988 -0.7576 0.3572 0.5367 0.1021 -0.7711 -0.124 0.624 -0.0268 -0.9682 -0.1723 -0.1812 -0.0089 -0.6384 0.2612 0.7083 0.1502 -0.5552 0.5836 0.3994 0.4378 -0.9328 0.0035 -0.3541 -0.067
-0.704 0.212 0.6058 0.304 -0.5953 0.413 0.6204 0.3004 -0.7198 0.261 0.627 0.1438 -0.7267 -0.0367 0.6787 0.0988 -0.7576 0.3572 0.5367 0.1021 -0.7346 -0.0165 0.6501 -0.1934 -0.9682 -0.1723 -0.1812 -0.0089 -0.6384 0.2612 0.7083 0.1502 -0.5552 0.5836 0.3994 0.4378 -0.9328 0.0035 -0.3541 -0.067
-0.704 0.212 0.6058 0.304 -0.5953 0.413 0.6204 0.3004 -0.7198 0.261 0.627 0.1438 -0.7267 -0.0367 0.6787 0.0988 -0.7576 0.3572 0.5367 0.1021 -0.7346 -0.0165 0.6501 -0.1934 -0.9682 -0.1723 -0.1812 -0.0089 -0.6384 0.2612 0.7083 0.1502 -0.5552 0.5836 0.3994 0.4378 -0.9328 0.0035 -0.3541 -0.067
-0.704 0.212 0.6058 0.304 -0.5972 0.4107 0.6113 0.3177 -0.7198 0.261 0.627 0.1438 -0.7267 -0.0367 0.6787 0.0988 -0.7646 0.3194 0.5544 0.0779 -0.7346 -0.0165 0.6501 -0.1934 -0.9682 -0.1723 -0.1812 -0.0089 -0.6384 0.2612 0.7083 0.1502 -0.5552 0.5836 0.3994 0.4378 -0.9258 -0.0098 -0.3702 -0.076
-0.704 0.212 0.6058 0.304 -0.5972 0.4107 0.6113 0.3177 -0.7213 0.2638 0.6182 0.167 -0.7267 -0.0367 0.6787 0.0988 -0.7646 0.3194 0.5544 0.0779 -0.7346 -0.0165 0.6501 -0.1934 -0.9682 -0.1723 -0.1812 -0.0089 -0.6384 0.2612 0.7083 0.1502 -0.5552 0.5836 0.3994 0.4378 -0.9258 -0.0098 -0.3702 -0.076
-0.704 0.212 0.6058 0.304 -0.5972 0.4107 0.6113 0.3177 -0.7213 0.2638 0.6182 0.167 -0.7267 -0.0367 0.6787 0.0988 -0.7646 0.3194 0.5544 0.0779 -0.7346 -0.0165 0.6501 -0.1934 -0.9682 -0.1723 -0.1812 -0.0089 -0.6384 0.2612 0.7083 0.1502 -0.5552 0.5836 0.3994 0.4378 -0.9258 -0.0098 -0.3702 -0.076
-0.704 0.212 0.6058 0.304 -0.5972 0.4107 0.6113 0.3177 -0.7213 0.2638 0.6182 0.167 -0.7267 -0.0367 0.6787 0.0988 -0.7646 0.3194 0.5544 0.0779 -0.7346 -0.0165 0.6501 -0.1934 -0.9682 -0.1723 -0.1812 -0.0089 -0.6384 0.2612 0.7083 0.1502 -0.5552 0.5836 0.3994 0.4378 -0.9258 -0.0098 -0.3702 -0.076
-0.704 0.212 0.6058 0.304 -0.5972 0.4107 0.6113 0.3177 -0.7213 0.2638 0.6182 0.167 -0.7065 -0.064 0.6957 0.113 -0.7646 0.3194 0.5544 0.0779 -0.7346 -0.0165 0.6501 -0.1934 -0.9781 -0.1622 -0.0982 -0.0854 -0.6489 0.257 0.7037 0.1334 -0.5552 0.5836 0.3994 0.4378 -0.9258 -0.0098 -0.3702 -0.076
-0.704 0.212 0.6058 0.304 -0.5972 0.4107 0.6113 0.3177 -0.7213 0.2638 0.6182 0.167 -0.7065 -0.064 0.6957 0.113 -0.7646 0.3194 0.5544 0.0779 -0.7346 -0.0165 0.6501 -0.1934 -0.9781 -0.1622 -0.0982 -0.0854 -0.6489 0.257 0.7037 0.1334 -0.5552 0.5836 0.3994 0.4378 -0.9258 -0.0098 -0.3702 -0.076
-0.704 0.212 0.6058 0.304 -0.6267 0.3612 0.6313 0.2797 -0.7213 0.2638 0.6182 0.167 -0.7065 -0.064 0.6957 0.113 -0.7646 0.3194 0.5544 0.0779 -0.7307 -0.0635 0.6393 -0.231 -0.9781 -0.1622 -0.0982 -0.0854 -0.6489 0.257 0.7037 0.1334 -0.5552 0.5836 0.3994 0.4378 -0.9258 -0.0098 -0.3702 -0.076
-0.704 0.212 0.6058 0.304 -0.6267 0.3612 0.6313 0.2797 -0.7213 0.2638 0.6182 0.167 -0.7065 -0.064 0.6957 0.113 -0.7646 0.3194 0.5544 0.0779 -0.7307 -0.0635 0.6393 -0.231 -0.9781 -0.1622 -0.0982 -0.0854 -0.6489 0.257 0.7037 0.1334 -0.5552 0.5836 0.3994 0.4378 -0.9258 -0.0098 -0.3702 -0.076
-0.7153 0.1831 0.5936 0.3199 -0.6267 0.3612 0.6313 0.2797 -0.7187 0.2509 0.6243 0.1754 -0.7065 -0.064 0.6957 0.113 -0.7646 0.3194 0.5544 0.0779 -0.7307 -0.0635 0.6393 -0.231 -0.9781 -0.1622 -0.0982 -0.0854 -0.6489 0.257 0.7037 0.1334 -0.5552 0.5836 0.3994 0.4378 -0.9014 -0.0202 -0.4276 -0.0657
-0.7153 0.1831 0.5936 0.3199 -0.6267 0.3612 0.6313 0.2797 -0.7187 0.2509 0.6243 0.1754 -0.7065 -0.064 0.6957 0.113 -0.7646 0.3194 0.5544 0.0779 -0.7307 -0.0635 0.6393 -0.231 -0.9781 -0.1622 -0.0982 -0.0854 -0.6489 0.257 0.7037 0.1334 -0.5552 0.5836 0.3994 0.4378 -0.9014 -0.0202 -0.4276 -0.0657
-0.7153 0.1831 0.5936 0.3199 -0.6267 0.3612 0.6313 0.2797 -0.7187 0.2509 0.6243 0.1754 -0.7065 -0.064 0.6957 0.113 -0.7646 0.3194 0.5544 0.0779 -0.7307 -0.0635 0.6393 -0.231 -0.9781 -0.1622 -0.0982 -0.0854 -0.6489 0.257 0.7037 0.1334 -0.5552 0.5836 0.3994 0.4378 -0.9014 -0.0202 -0.4276 -0.0657
-0.7153 0.1831 0.5936 0.3199 -0.6267 0.3612 0.6313 0.2797 -0.7187 0.2509 0.6243 0.1754 -0.6805 -0.0967 0.7179 0.1105 -0.7646 0.3194 0.5544 0.0779 -0.7307 -0.0635 0.6393 -0.231 -0.9562 -0.1627 -0.2299 -0.0792 -0.6904 0.2153 0.6862 0.0781 -0.5552 0.5836 0.3994 0.4378 -0.9014 -0.0202 -0.4276 -0.0657
-0.7153 0.1831 0.5936 0.3199 -0.6267 0.3612 0.6313 0.2797 -0.7187 0.2509 0.6243 0.1754 -0.6805 -0.0967 0.7179 0.1105 -0.7646 0.3194 0.5544 0.0779 -0.7307 -0.0635 0.6393 -0.231 -0.9562 -0.1627 -0.2299 -0.0792 -0.6904 0.2153 0.6862 0.0781 -0.5552 0.5836 0.3994 0.4378 -0.9014 -0.0202 -0.4276 -0.0657
-0.7153 0.1831 0.5936 0.3199 -0.6267 0.3612 0.6313 0.2797 -0.7187 0.2509 0.6243 0.1754 -0.6805 -0.0967 0.7179 0.1105 -0.7646 0.3194 0.5544 0.0779 -0.7198 -0.1154 0.6511 -0.2109 -0.9562 -0.1627 -0.2299 -0.0792 -0.6904 0.2153 0.6862 0.0781 -0.5552 0.5836 0.3994 0.4378 -0.9014 -0.0202 -0.4276 -0.0657
-0.7153 0.1831 0.5936 0.3199 -0.6425 0.3295 0.6482 0.2419 -0.7187 0.2509 0.6243 0.1754 -0.6805 -0.0967 0.7179 0.1105 -0.7225 0.3136 0.6125 0.0671 -0.7198 -0.1154 0.6511 -0.2109 -0.9562 -0.1627 -0.2299 -0.0792 -0.6904 0.2153 0.6862 0.0781 -0.5552 0.5836 0.3994 0.4378 -0.8048 -0.0183 -0.591 -0.0514
-0.7153 0.1831 0.5936 0.3199 -0.6425 0.3295 0.6482 0.2419 -0.7159 0.2355 0.6356 0.1671 -0.6805 -0.0967 0.7179 0.1105 -0.7225 0.3136 0.6125 0.0671 -0.7198 -0.1154 0.6511 -0.2109 -0.9562 -0.1627 -0.2299 -0.0792 -0.6904 0.2153 0.6862 0.0781 -0.5552 0.5836 0.3994 0.4378 -0.8048 -0.0183 -0.591 -0.0514
-0.7153 0.1831 0.5936 0.3199 -0.6425 0.3295 0.6482 0.2419 -0.7159 0.2355 0.6356 0.1671 -0.6805 -0.0967 0.7179 0.1105 -0.7225 0.3136 0.6125 0.0671 -0.7198 -0.1154 0.6511 -0.2109 -0.9562 -0.1627 -0.2299 -0.0792 -0.6904 0.2153 0.6862 0.0781 -0.5552 0.5836 0.3994 0.4378 -0.8048 -0.0183 -0.591 -0.0514
-0.7153 0.1831 0.5936 0.3199 -0.6425 0.3295 0.6482 0.2419 -0.7159 0.2355 0.6356 0.1671 -0.6805 -0.0967 0.7179 0.1105 -0.7225 0.3136 0.6125 0.0671 -0.7198 -0.1154 0.6511 -0.2109 -0.9562 -0.1627 -0.2299 -0.0792 -0.6904 0.2153 0.6862 0.0781 -0.5552 0.5836 0.3994 0.4378 -0.8048 -0.0183 -0.591 -0.0514
-0.7153 0.1831 0.5936 0.3199 -0.6425 0.3295 0.6482 0.2419 -0.7159 0.2355 0.6356 0.1671 -0.6628 -0.1096 0.7321 0.1128 -0.7225 0.3136 0.6125 0.0671 -0.7198 -0.1154 0.6511 -0.2109 -0.945 -0.137 -0.2897 -0.0659 -0.739 0.1228 0.6609 0.0449 -0.5552 0.5836 0.3994 0.4378 -0.8048 -0.0183 -0.591 -0.0514
-0.7153 0.1831 0.5936 0.3199 -0.6425 0.3295 0.6482 0.2419 -0.7159 0.2355 0.6356 0.1671 -0.6628 -0.1096 0.7321 0.1128 -0.7225 0.3136 0.6125 0.0671 -0.7198 -0.1154 0.6511 -0.2109 -0.945 -0.137 -0.2897 -0.0659 -0.739 0.1228 0.6609 0.0449 -0.5552 0.5836 0.3994 0.4378 -0.8048 -0.0183 -0.591 -0.0514
-0.7153 0.1831 0.5936 0.3199 -0.6425 0.3295 0.6482 0.2419 -0.7159 0.2355 0.6356 0.1671 -0.6628 -0.1096 0.7321 0.1128 -0.7225 0.3136 0.6125 0.0671 -0.7017 -0.1573 0.6677 -0.1926 -0.945 -0.137 -0.2897 -0.0659 -0.739 0.1228 0.6609 0.0449 -0.5552 0.5836 0.3994 0.4378 -0.8048 -0.0183 -0.591 -0.0514
-0.7153 0.1831 0.5936 0.3199 -0.6425 0.3295 0.6482 0.2419 -0.7159 0.2355 0.6356 0.1671 -0.6628 -0.1096 0.7321 0.1128 -0.7225 0.3136 0.6125 0.0671 -0.7017 -0.1573 0.6677 -0.1926 -0.945 -0.137 -0.2897 -0.0659 -0.739 0.1228 0.6609 0.0449 -0.5552 0.5836 0.3994 0.4378 -0.8048 -0.0183 -0.591 -0.0514
-0.7427 0.1407 0.585 0.2939 -0.6561 0.3002 0.6703 0.1732 -0.7084 0.2405 0.6385 0.181 -0.6628 -0.1096 0.7321 0.1128 -0.6844 0.2994 0.6568 0.1025 -0.7017 -0.1573 0.6677 -0.1926 -0.945 -0.137 -0.2897 -0.0659 -0.739 0.1228 0.6609 0.0449 -0.5552 0.5836 0.3994 0.4378 -0.67 0.025 -0.7353 -0.0992
-0.7427 0.1407 0.585 0.2939 -0.6561 0.3002 0.6703 0.1732 -0.7084 0.2405 0.6385 0.181 -0.6628 -0.1096 0.7321 0.1128 -0.6844 0.2994 0.6568 0.1025 -0.7017 -0.1573 0.6677 -0.1926 -0.945 -0.137 -0.2897 -0.0659 -0.739 0.1228 0.6609 0.0449 -0.5552 0.5836 0.3994 0.4378 -0.67 0.025 -0.7353 -0.0992
-0.7427 0.1407 0.585 0.2939 -0.6561 0.3002 0.6703 0.1732 -0.7084 0.2405 0.6385 0.181 -0.6628 -0.1096 0.7321 0.1128 -0.6844 0.2994 0.6568 0.1025 -0.7017 -0.1573 0.6677 -0.1926 -0.945 -0.137 -0.2897 -0.0659 -0.739 0.1228 0.6609 0.0449 -0.5552 0.5836 0.3994 0.4378 -0.67 0.025 -0.7353 -0.0992
-0.7427 0.1407 0.585 0.2939 -0.6561 0.3002 0.6703 0.1732 -0.7084 0.2405 0.6385 0.181 -0.6483 -0.1084 0.7411 0.1371 -0.6844 0.2994 0.6568 0.1025 -0.7017 -0.1573 0.6677 -0.1926 -0.9373 -0.1405 -0.3108 -0.0715 -0.7628 -0.0106 0.6454 0.0382 -0.5552 0.5836 0.3994 0.4378 -0.67 0.025 -0.7353 -0.0992
-0.7427 0.1407 0.585 0.2939 -0.6561 0.3002 0.6703 0.1732 -0.7084 0.2405 0.6385 0.181 -0.6483 -0.1084 0.7411 0.1371 -0.6844 0.2994 0.6568 0.1025 -0.7017 -0.1573 0.6677 -0.1926 -0.9373 -0.1405 -0.3108 -0.0715 -0.7628 -0.0106 0.6454 0.0382 -0.5552 0.5836 0.3994 0.4378 -0.67 0.025 -0.7353 -0.0992
-0.7427 0.1407 0.585 0.2939 -0.6561 0.3002 0.6703 0.1732 -0.7084 0.2405 0.6385 0.181 -0.6483 -0.1084 0.7411 0.1371 -0.6844 0.2994 0.6568 0.1025 -0.6881 -0.1879 0.6757 -0.186 -0.9373 -0.1405 -0.3108 -0.0715 -0.7628 -0.0106 0.6454 0.0382 -0.5552 0.5836 0.3994 0.4378 -0.67 0.025 -0.7353 -0.0992
-0.7427 0.1407 0.585 0.2939 -0.6707 0.308 0.6625 0.1281 -0.7084 0.2405 0.6385 0.181 -0.6483 -0.1084 0.7411 0.1371 -0.6587 0.2765 0.6895 0.1194 -0.6881 -0.1879 0.6757 -0.186 -0.9373 -0.1405 -0.3108 -0.0715 -0.7628 -0.0106 0.6454 0.0382 -0.5552 0.5836 0.3994 0.4378 -0.7331 -0.0221 -0.6589 -0.1675
-0.7427 0.1407 0.585 0.2939 -0.6707 0.308 0.6625 0.1281 -0.7084 0.2405 0.6385 0.181 -0.6483 -0.1084 0.7411 0.1371 -0.6587 0.2765 0.6895 0.1194 -0.6881 -0.1879 0.6757 -0.186 -0.9373 -0.1405 -0.3108 -0.0715 -0.7628 -0.0106 0.6454 0.0382 -0.761 0.5466 0.2889 0.1967 -0.7331 -0.0221 -0.6589 -0.1675
-0.7427 0.1407 0.585 0.2939 -0.6707 0.308 0.6625 0.1281 -0.7084 0.2405 0.6385 0.181 -0.6483 -0.1084 0.7411 0.1371 -0.6587 0.2765 0.6895 0.1194 -0.6881 -0.1879 0.6757 -0.186 -0.9373 -0.1405 -0.3108 -0.0715 -0.7628 -0.0106 0.6454 0.0382 -0.761 0.5466 0.2889 0.1967 -0.7331 -0.0221 -0.6589 -0.1675
-0.7427 0.1407 0.585 0.2939 -0.6707 0.308 0.6625 0.1281 -0.7084 0.2405 0.6385 0.181 -0.6483 -0.1084 0.7411 0.1371 -0.6587 0.2765 0.6895 0.1194 -0.6881 -0.1879 0.6757 -0.186 -0.9373 -0.1405 -0.3108 -0.0715 -0.7268 -0.015 0.677 0.1151 -0.761 0.5466 0.2889 0.1967 -0.7331 -0.0221 -0.6589 -0.1675
-0.7427 0.1407 0.585 0.2939 -0.6707 0.308 0.6625 0.1281 -0.7084 0.2405 0.6385 0.181 -0.6467 -0.0952 0.7406 0.1558 -0.6587 0.2765 0.6895 0.1194 -0.6881 -0.1879 0.6757 -0.186 -0.9373 -0.1405 -0.3108 -0.0715 -0.7268 -0.015 0.677 0.1151 -0.761 0.5466 0.2889 0.1967 -0.7331 -0.0221 -0.6589 -0.1675
-0.7427 0.1407 0.585 0.2939 -0.6707 0.308 0.6625 0.1281 -0.7084 0.2405 0.6385 0.181 -0.6467 -0.0952 0.7406 0.1558 -0.6587 0.2765 0.6895 0.1194 -0.6881 -0.1879 0.6757 -0.186 -0.9373 -0.1405 -0.3108 -0.0715 -0.7268 -0.015 0.677 0.1151 -0.761 0.5466 0.2889 0.1967 -0.7331 -0.0221 -0.6589 -0.1675
-0.7427 0.1407 0.585 0.2939 -0.6707 0.308 0.6625 0.1281 -0.7084 0.2405 0.6385 0.181 -0.6467 -0.0952 0.7406 0.1558 -0.6587 0.2765 0.6895 0.1194 -0.6881 -0.1879 0.6757 -0.186 -0.9373 -0.1405 -0.3108 -0.0715 -0.7268 -0.015 0.677 0.1151 -0.761 0.5466 0.2889 0.1967 -0.7331 -0.0221 -0.6589 -0.1675
-0.7427 0.1407 0.585 0.2939 -0.6234 0.4058 0.6453 0.1741 -0.7084 0.2405 0.6385 0.181 -0.6467 -0.0952 0.7406 0.1558 -0.6587 0.2765 0.6895 0.1194 -0.6977 -0.2311 0.6628 -0.1435 -0.9373 -0.1405 -0.3108 -0.0715 -0.7268 -0.015 0.677 0.1151 -0.761 0.5466 0.2889 0.1967 -0.8484 -0.0028 -0.5126 -0.132
-0.7427 0.1407 0.585 0.2939 -0.6234 0.4058 0.6453 0.1741 -0.7084 0.2405 0.6385 0.181 -0.6467 -0.0952 0.7406 0.1558 -0.6498 0.2907 0.6924 0.1171 -0.6977 -0.2311 0.6628 -0.1435 -0.9373 -0.1405 -0.3108 -0.0715 -0.7268 -0.015 0.677 0.1151 -0.761 0.5466 0.2889 0.1967 -0.8484 -0.0028 -0.5126 -0.132
-0.7427 0.1407 0.585 0.2939 -0.6234 0.4058 0.6453 0.1741 -0.7084 0.2405 0.6385 0.181 -0.6467 -0.0952 0.7406 0.1558 -0.6498 0.2907 0.6924 0.1171 -0.6977 -0.2311 0.6628 -0.1435 -0.9373 -0.1405 -0.3108 -0.0715 -0.7268 -0.015 0.677 0.1151 -0.6877 0.5392 0.3831 0.2994 -0.8484 -0.0028 -0.5126 -0.132
-0.7427 0.1407 0.585 0.2939 -0.6234 0.4058 0.6453 0.1741 -0.7084 0.2405 0.6385 0.181 -0.6467 -0.0952 0.7406 0.1558 -0.6498 0.2907 0.6924 0.1171 -0.6977 -0.2311 0.6628 -0.1435 -0.9373 -0.1405 -0.3108 -0.0715 -0.7268 -0.015 0.677 0.1151 -0.6877 0.5392 0.3831 0.2994 -0.8484 -0.0028 -0.5126 -0.132
-0.7427 0.1407 0.585 0.2939 -0.6234 0.4058 0.6453 0.1741 -0.7084 0.2405 0.6385 0.181 -0.6514 -0.1103 0.7358 0.1483 -0.6498 0.2907 0.6924 0.1171 -0.6977 -0.2311 0.6628 -0.1435 -0.9373 -0.1405 -0.3108 -0.0715 -0.7268 -0.015 0.677 0.1151 -0.6877 0.5392 0.3831 0.2994 -0.8484 -0.0028 -0.5126 -0.132
-0.7427 0.1407 0.585 0.2939 -0.6234 0.4058 0.6453 0.1741 -0.7084 0.2405 0.6385 0.181 -0.6514 -0.1103 0.7358 0.1483 -0.6498 0.2907 0.6924 0.1171 -0.6977 -0.2311 0.6628 -0.1435 -0.9373 -0.1405 -0.3108 -0.0715 -0.7268 -0.015 0.677 0.1151 -0.6877 0.5392 0.3831 0.2994 -0.8484 -0.0028 -0.5126 -0.132
-0.7427 0.1407 0.585 0.2939 -0.6234 0.4058 0.6453 0.1741 -0.7084 0.2405 0.6385 0.181 -0.6514 -0.1103 0.7358 0.1483 -0.6498 0.2907 0.6924 0.1171 -0.7123 -0.2464 0.6486 -0.1057 -0.9373 -0.1405 -0.3108 -0.0715 -0.7268 -0.015 0.677 0.1151 -0.6877 0.5392 0.3831 0.2994 -0.8484 -0.0028 -0.5126 -0.132
-0.7427 0.1407 0.585 0.2939 -0.6082 0.4082 0.6675 0.134 -0.7084 0.2405 0.6385 0.181 -0.6514 -0.1103 0.7358 0.1483 -0.6318 0.3201 0.6884 0.1564 -0.7123 -0.2464 0.6486 -0.1057 -0.9373 -0.1405 -0.3108 -0.0715 -0.7268 -0.015 0.677 0.1151 -0.6877 0.5392 0.3831 0.2994 -0.923 0.0074 -0.3649 -0.1218
-0.7427 0.1407 0.585 0.2939 -0.6082 0.4082 0.6675 0.134 -0.7084 0.2405 0.6385 0.181 -0.6514 -0.1103 0.7358 0.1483 -0.6318 0.3201 0.6884 0.1564 -0.7123 -0.2464 0.6486 -0.1057 -0.9373 -0.1405 -0.3108 -0.0715 -0.7268 -0.015 0.677 0.1151 -0.5809 0.4822 0.5033 0.4203 -0.923 0.0074 -0.3649 -0.1218
-0.7427 0.1407 0.585 0.2939 -0.6082 0.4082 0.6675 0.134 -0.7084 0.2405 0.6385 0.181 -0.6514 -0.1103 0.7358 0.1483 -0.6318 0.3201 0.6884 0.1564 -0.7123 -0.2464 0.6486 -0.1057 -0.9373 -0.1405 -0.3108 -0.0715 -0.7268 -0.015 0.677 0.1151 -0.5809 0.4822 0.5033 0.4203 -0.923 0.0074 -0.3649 -0.1218
-0.7427 0.1407 0.585 0.2939 -0.6082 0.4082 0.6675 0.134 -0.7084 0.2405 0.6385 0.181 -0.6514 -0.1103 0.7358 0.1483 -0.6318 0.3201 0.6884 0.1564 -0.7123 -0.2464 0.6486 -0.1057 -0.9373 -0.1405 -0.3108 -0.0715 -0.7268 -0.015 0.677 0.1151 -0.5809 0.4822 0.5033 0.4203 -0.923 0.0074 -0.3649 -0.1218
-0.7427 0.1407 0.585 0.2939 -0.6082 0.4082 0.6675 0.134 -0.7084 0.2405 0.6385 0.181 -0.686 -0.1241 0.7108 0.0941 -0.6318 0.3201 0.6884 0.1564 -0.7123 -0.2464 0.6486 -0.1057 -0.9396 -0.1147 -0.3176 -0.0551 -0.6204 0.0473 0.7258 0.2936 -0.5809 0.4822 0.5033 0.4203 -0.923 0.0074 -0.3649 -0.1218
-0.7427 0.1407 0.585 0.2939 -0.6082 0.4082 0.6675 0.134 -0.7084 0.2405 0.6385 0.181 -0.686 -0.1241 0.7108 0.0941 -0.6318 0.3201 0.6884 0.1564 -0.7123 -0.2464 0.6486 -0.1057 -0.9396 -0.1147 -0.3176 -0.0551 -0.6204 0.0473 0.7258 0.2936 -0.5809 0.4822 0.5033 0.4203 -0.923 0.0074 -0.3649 -0.1218
-0.7427 0.1407 0.585 0.2939 -0.6082 0.4082 0.6675 0.134 -0.7084 0.2405 0.6385 0.181 -0.686 -0.1241 0.7108 0.0941 -0.6318 0.3201 0.6884 0.1564 -0.7172 -0.2852 0.631 -0.0785 -0.9396 -0.1147 -0.3176 -0.0551 -0.6204 0.0473 0.7258 0.2936 -0.5809 0.4822 0.5033 0.4203 -0.923 0.0074 -0.3649 -0.1218
-0.7427 0.1407 0.585 0.2939 -0.5965 0.3947 0.6889 0.1178 -0.7084 0.2405 0.6385 0.181 -0.686 -0.1241 0.7108 0.0941 -0.6137 0.3392 0.6876 0.1885 -0.7172 -0.2852 0.631 -0.0785 -0.9396 -0.1147 -0.3176 -0.0551 -0.6204 0.0473 0.7258 0.2936 -0.5809 0.4822 0.5033 0.4203 -0.968 0.0237 -0.2277 -0.1025
-0.7427 0.1407 0.585 0.2939 -0.5965 0.3947 0.6889 0.1178 -0.7084 0.2405 0.6385 0.181 -0.686 -0.1241 0.7108 0.0941 -0.6137 0.3392 0.6876 0.1885 -0.7172 -0.2852 0.631 -0.0785 -0.9396 -0.1147 -0.3176 -0.0551 -0.6204 0.0473 0.7258 0.2936 -0.5809 0.4822 0.5033 0.4203 -0.968 0.0237 -0.2277 -0.1025
-0.7427 0.1407 0.585 0.2939 -0.5965 0.3947 0.6889 0.1178 -0.7084 0.2405 0.6385 0.181 -0.686 -0.1241 0.7108 0.0941 -0.6137 0.3392 0.6876 0.1885 -0.7172 -0.2852 0.631 -0.0785 -0.9396 -0.1147 -0.3176 -0.0551 -0.6204 0.0473 0.7258 0.2936 -0.5809 0.4822 0.5033 0.4203 -0.968 0.0237 -0.2277 -0.1025
-0.7427 0.1407 0.585 0.2939 -0.5965 0.3947 0.6889 0.1178 -0.7084 0.2405 0.6385 0.181 -0.686 -0.1241 0.7108 0.0941 -0.6137 0.3392 0.6876 0.1885 -0.7172 -0.2852 0.631 -0.0785 -0.9396 -0.1147 -0.3176 -0.0551 -0.6204 0.0473 0.7258 0.2936 -0.5809 0.4822 0.5033 0.4203 -0.968 0.0237 -0.2277 -0.1025
-0.7427 0.1407 0.585 0.2939 -0.5965 0.3947 0.6889 0.1178 -0.7084 0.2405 0.6385 0.181 -0.7501 -0.0895 0.6547 0.0255 -0.6137 0.3392 0.6876 0.1885 -0.7172 -0.2852 0.631 -0.0785 -0.9388 -0.109 -0.324 -0.0435 -0.5931 0.1034 0.7234 0.3378 -0.5809 0.4822 0.5033 0.4203 -0.968 0.0237 -0.2277 -0.1025
-0.7427 0.1407 0.585 0.2939 -0.5965 0.3947 0.6889 0.1178 -0.7084 0.2405 0.6385 0.181 -0.7501 -0.0895 0.6547 0.0255 -0.6137 0.3392 0.6876 0.1885 -0.7172 -0.2852 0.631 -0.0785 -0.9388 -0.109 -0.324 -0.0435 -0.5931 0.1034 0.7234 0.3378 -0.5809 0.4822 0.5033 0.4203 -0.968 0.0237 -0.2277 -0.1025
-0.7427 0.1407 0.585 0.2939 -0.5965 0.3947 0.6889 0.1178 -0.7084 0.2405 0.6385 0.181 -0.7501 -0.0895 0.6547 0.0255 -0.6137 0.3392 0.6876 0.1885 -0.7217 -0.3179 0.6132 -0.0459 -0.9388 -0.109 -0.324 -0.0435 -0.5931 0.1034 0.7234 0.3378 -0.5809 0.4822 0.5033 0.4203 -0.968 0.0237 -0.2277 -0.1025
-0.7427 0.1407 0.585 0.2939 -0.594 0.3836 0.6932 0.1397 -0.7084 0.2405 0.6385 0.181 -0.7501 -0.0895 0.6547 0.0255 -0.5922 0.3342 0.6964 0.2294 -0.7217 -0.3179 0.6132 -0.0459 -0.9388 -0.109 -0.324 -0.0435 -0.5931 0.1034 0.7234 0.3378 -0.5809 0.4822 0.5033 0.4203 -0.99 0.0164 -0.1257 -0.0624
-0.7427 0.1407 0.585 0.2939 -0.594 0.3836 0.6932 0.1397 -0.7084 0.2405 0.6385 0.181 -0.7501 -0.0895 0.6547 0.0255 -0.5922 0.3342 0.6964 0.2294 -0.7217 -0.3179 0.6132 -0.0459 -0.9388 -0.109 -0.324 -0.0435 -0.5931 0.1034 0.7234 0.3378 -0.5809 0.4822 0.5033 0.4203 -0.99 0.0164 -0.1257 -0.0624
-0.7529 0.0986 0.6251 0.1804 -0.594 0.3836 0.6932 0.1397 -0.7084 0.2405 0.6385 0.181 -0.7501 -0.0895 0.6547 0.0255 -0.5922 0.3342 0.6964 0.2294 -0.7217 -0.3179 0.6132 -0.0459 -0.9388 -0.109 -0.324 -0.0435 -0.5931 0.1034 0.7234 0.3378 -0.4385 0.4207 0.5716 0.5513 -0.99 0.0164 -0.1257 -0.0624
-0.7529 0.0986 0.6251 0.1804 -0.594 0.3836 0.6932 0.1397 -0.7084 0.2405 0.6385 0.181 -0.7501 -0.0895 0.6547 0.0255 -0.5922 0.3342 0.6964 0.2294 -0.7217 -0.3179 0.6132 -0.0459 -0.9388 -0.109 -0.324 -0.0435 -0.5931 0.1034 0.7234 0.3378 -0.4385 0.4207 0.5716 0.5513 -0.99 0.0164 -0.1257 -0.0624
-0.7529 0.0986 0.6251 0.1804 -0.594 0.3836 0.6932 0.1397 -0.7084 0.2405 0.6385 0.181 -0.7885 -0.0746 0.609 -0.043 -0.5922 0.3342 0.6964 0.2294 -0.7217 -0.3179 0.6132 -0.0459 -0.9233 -0.1066 -0.3677 -0.0296 -0.5825 0.1309 0.7295 0.3339 -0.4385 0.4207 0.5716 0.5513 -0.99 0.0164 -0.1257 -0.0624
-0.7529 0.0986 0.6251 0.1804 -0.594 0.3836 0.6932 0.1397 -0.7084 0.2405 0.6385 0.181 -0.7885 -0.0746 0.609 -0.043 -0.5922 0.3342 0.6964 0.2294 -0.7217 -0.3179 0.6132 -0.0459 -0.9233 -0.1066 -0.3677 -0.0296 -0.5825 0.1309 0.7295 0.3339 -0.4385 0.4207 0.5716 0.5513 -0.99 0.0164 -0.1257 -0.0624
-0.7529 0.0986 0.6251 0.1804 -0.594 0.3836 0.6932 0.1397 -0.7084 0.2405 0.6385 0.181 -0.7885 -0.0746 0.609 -0.043 -0.5922 0.3342 0.6964 0.2294 -0.7276 -0.356 0.5862 0.014 -0.9233 -0.1066 -0.3677 -0.0296 -0.5825 0.1309 0.7295 0.3339 -0.4385 0.4207 0.5716 0.5513 -0.99 0.0164 -0.1257 -0.0624
-0.7529 0.0986 0.6251 0.1804 -0.594 0.3836 0.6932 0.1397 -0.7084 0.2405 0.6385 0.181 -0.7885 -0.0746 0.609 -0.043 -0.5922 0.3342 0.6964 0.2294 -0.7276 -0.356 0.5862 0.014 -0.9233 -0.1066 -0.3677 -0.0296 -0.5825 0.1309 0.7295 0.3339 -0.4385 0.4207 0.5716 0.5513 -0.99 0.0164 -0.1257 -0.0624
-0.7462 0.1122 0.6157 0.2271 -0.594 0.3836 0.6932 0.1397 -0.7084 0.2405 0.6385 0.181 -0.7885 -0.0746 0.609 -0.043 -0.5924 0.3472 0.6785 0.2609 -0.7276 -0.356 0.5862 0.014 -0.9233 -0.1066 -0.3677 -0.0296 -0.5825 0.1309 0.7295 0.3339 -0.4686 0.478 0.5292 0.5214 -0.9744 -0.0035 -0.2224 -0.0347
-0.7462 0.1122 0.6157 0.2271 -0.594 0.3836 0.6932 0.1397 -0.7084 0.2405 0.6385 0.181 -0.7885 -0.0746 0.609 -0.043 -0.5924 0.3472 0.6785 0.2609 -0.7276 -0.356 0.5862 0.014 -0.9233 -0.1066 -0.3677 -0.0296 -0.5825 0.1309 0.7295 0.3339 -0.4686 0.478 0.5292 0.5214 -0.9744 -0.0035 -0.2224 -0.0347
-0.7462 0.1122 0.6157 0.2271 -0.594 0.3836 0.6932 0.1397 -0.7084 0.2405 0.6385 0.181 -0.7885 -0.0746 0.609 -0.043 -0.5924 0.3472 0.6785 0.2609 -0.7276 -0.356 0.5862 0.014 -0.9233 -0.1066 -0.3677 -0.0296 -0.5825 0.1309 0.7295 0.3339 -0.4686 0.478 0.5292 0.5214 -0.9744 -0.0035 -0.2224 -0.0347
-0.7462 0.1122 0.6157 0.2271 -0.594 0.3836 0.6932 0.1397 -0.7084 0.2405 0.6385 0.181 -0.797 -0.0521 0.5995 -0.052 -0.5924 0.3472 0.6785 0.2609 -0.7276 -0.356 0.5862 0.014 -0.8095 -0.1281 -0.5726 0.0213 -0.5845 0.1437 0.729 0.3259 -0.4686 0.478 0.5292 0.5214 -0.9744 -0.0035 -0.2224 -0.0347
-0.7462 0.1122 0.6157 0.2271 -0.594 0.3836 0.6932 0.1397 -0.7084 0.2405 0.6385 0.181 -0.797 -0.0521 0.5995 -0.052 -0.5924 0.3472 0.6785 0.2609 -0.7276 -0.356 0.5862 0.014 -0.8095 -0.1281 -0.5726 0.0213 -0.5845 0.1437 0.729 0.3259 -0.4686 0.478 0.5292 0.5214 -0.9744 -0.0035 -0.2224 -0.0347
-0.7462 0.1122 0.6157 0.2271 -0.594 0.3836 0.6932 0.1397 -0.7084 0.2405 0.6385 0.181 -0.797 -0.0521 0.5995 -0.052 -0.5924 0.3472 0.6785 0.2609 -0.7208 -0.3657 0.5571 0.1906 -0.8095 -0.1281 -0.5726 0.0213 -0.5845 0.1437 0.729 0.3259 -0.4686 0.478 0.5292 0.5214 -0.9744 -0.0035 -0.2224 -0.0347
-0.7462 0.1122 0.6157 0.2271 -0.594 0.3836 0.6932 0.1397 -0.7084 0.2405 0.6385 0.181 -0.797 -0.0521 0.5995 -0.052 -0.5924 0.3472 0.6785 0.2609 -0.7208 -0.3657 0.5571 0.1906 -0.8095 -0.1281 -0.5726 0.0213 -0.5845 0.1437 0.729 0.3259 -0.4686 0.478 0.5292 0.5214 -0.9744 -0.0035 -0.2224 -0.0347
-0.735 0.1287 0.6108 0.2648 -0.6274 0.3693 0.6497 0.2186 -0.7158 0.274 0.64 0.0545 -0.797 -0.0521 0.5995 -0.052 -0.6731 0.3938 0.5756 0.2462 -0.7208 -0.3657 0.5571 0.1906 -0.8095 -0.1281 -0.5726 0.0213 -0.5845 0.1437 0.729 0.3259 -0.5026 0.4966 0.5151 0.4853 -0.9649 0.002 -0.2623 -0.0101
-0.735 0.1287 0.6108 0.2648 -0.6274 0.3693 0.6497 0.2186 -0.7158 0.274 0.64 0.0545 -0.797 -0.0521 0.5995 -0.052 -0.6731 0.3938 0.5756 0.2462 -0.7208 -0.3657 0.5571 0.1906 -0.8095 -0.1281 -0.5726 0.0213 -0.5845 0.1437 0.729 0.3259 -0.5026 0.4966 0.5151 0.4853 -0.9649 0.002 -0.2623 -0.0101
-0.735 0.1287 0.6108 0.2648 -0.6274 0.3693 0.6497 0.2186 -0.7158 0.274 0.64 0.0545 -0.797 -0.0521 0.5995 -0.052 -0.6731 0.3938 0.5756 0.2462 -0.7208 -0.3657 0.5571 0.1906 -0.8095 -0.1281 -0.5726 0.0213 -0.5845 0.1437 0.729 0.3259 -0.5026 0.4966 0.5151 0.4853 -0.9649 0.002 -0.2623 -0.0101
-0.735 0.1287 0.6108 0.2648 -0.6274 0.3693 0.6497 0.2186 -0.7158 0.274 0.64 0.0545 -0.7803 -0.039 0.6238 0.0222 -0.6731 0.3938 0.5756 0.2462 -0.7208 -0.3657 0.5571 0.1906 -0.706 -0.1737 -0.6593 0.1917 -0.5989 0.1671 0.7368 0.2657 -0.5026 0.4966 0.5151 0.4853 -0.9649 0.002 -0.2623 -0.0101
-0.735 0.1287 0.6108 0.2648 -0.6274 0.3693 0.6497 0.2186 -0.7158 0.274 0.64 0.0545 -0.7803 -0.039 0.6238 0.0222 -0.6731 0.3938 0.5756 0.2462 -0.7208 -0.3657 0.5571 0.1906 -0.706 -0.1737 -0.6593 0.1917 -0.5989 0.1671 0.7368 0.2657 -0.5026 0.4966 0.5151 0.4853 -0.9649 0.002 -0.2623 -0.0101
-0.735 0.1287 0.6108 0.2648 -0.6274 0.3693 0.6497 0.2186 -0.7158 0.274 0.64 0.0545 -0.7803 -0.039 0.6238 0.0222 -0.6731 0.3938 0.5756 0.2462 -0.7385 -0.2794 0.547 0.278 -0.706 -0.1737 -0.6593 0.1917 -0.5989 0.1671 0.7368 0.2657 -0.5026 0.4966 0.5151 0.4853 -0.9649 0.002 -0.2623 -0.0101
-0.735 0.1287 0.6108 0.2648 -0.6274 0.3693 0.6497 0.2186 -0.7158 0.274 0.64 0.0545 -0.7803 -0.039 0.6238 0.0222 -0.6731 0.3938 0.5756 0.2462 -0.7385 -0.2794 0.547 0.278 -0.706 -0.1737 -0.6593 0.1917 -0.5989 0.1671 0.7368 0.2657 -0.5026 0.4966 0.5151 0.4853 -0.9649 0.002 -0.2623 -0.0101
-0.7238 0.1458 0.5971 0.3134 -0.6247 0.3945 0.6287 0.2427 -0.7238 0.2767 0.6245 0.0982 -0.7803 -0.039 0.6238 0.0222 -0.6852 0.4575 0.5071 0.253 -0.7385 -0.2794 0.547 0.278 -0.706 -0.1737 -0.6593 0.1917 -0.5989 0.1671 0.7368 0.2657 -0.5278 0.5024 0.5056 0.462 -0.9462 -0.0038 -0.3235 -0.0059
-0.7238 0.1458 0.5971 0.3134 -0.6247 0.3945 0.6287 0.2427 -0.7238 0.2767 0.6245 0.0982 -0.7803 -0.039 0.6238 0.0222 -0.6852 0.4575 0.5071 0.253 -0.7385 -0.2794 0.547 0.278 -0.706 -0.1737 -0.6593 0.1917 -0.5989 0.1671 0.7368 0.2657 -0.5278 0.5024 0.5056 0.462 -0.9462 -0.0038 -0.3235 -0.0059
-0.7238 0.1458 0.5971 0.3134 -0.6247 0.3945 0.6287 0.2427 -0.7238 0.2767 0.6245 0.0982 -0.7803 -0.039 0.6238 0.0222 -0.6852 0.4575 0.5071 0.253 -0.7385 -0.2794 0.547 0.278 -0.706 -0.1737 -0.6593 0.1917 -0.5989 0.1671 0.7368 0.2657 -0.5278 0.5024 0.5056 0.462 -0.9462 -0.0038 -0.3235 -0.0059
-0.7238 0.1458 0.5971 0.3134 -0.6247 0.3945 0.6287 0.2427 -0.7238 0.2767 0.6245 0.0982 -0.7803 -0.039 0.6238 0.0222 -0.6852 0.4575 0.5071 0.253 -0.7385 -0.2794 0.547 0.278 -0.8403 -0.225 -0.48 0.1137 -0.616 0.1767 0.7335 0.2266 -0.5278 0.5024 0.5056 0.462 -0.9462 -0.0038 -0.3235 -0.0059
-0.7238 0.1458 0.5971 0.3134 -0.6247 0.3945 0.6287 0.2427 -0.7238 0.2767 0.6245 0.0982 -0.7803 -0.039 0.6238 0.0222 -0.6852 0.4575 0.5071 0.253 -0.7535 -0.1951 0.6205 0.0957 -0.8403 -0.225 -0.48 0.1137 -0.616 0.1767 0.7335 0.2266 -0.5278 0.5024 0.5056 0.462 -0.9462 -0.0038 -0.3235 -0.0059
-0.7238 0.1458 0.5971 0.3134 -0.6247 0.3945 0.6287 0.2427 -0.7238 0.2767 0.6245 0.0982 -0.7803 -0.039 0.6238 0.0222 -0.6852 0.4575 0.5071 0.253 -0.7535 -0.1951 0.6205 0.0957 -0.8403 -0.225 -0.48 0.1137 -0.616 0.1767 0.7335 0.2266 -0.5278 0.5024 0.5056 0.462 -0.9462 -0.0038 -0.3235 -0.0059
-0.7238 0.1458 0.5971 0.3134 -0.6238 0.4028 0.6286 0.2313 -0.7238 0.2767 0.6245 0.0982 -0.7803 -0.039 0.6238 0.0222 -0.6852 0.4575 0.5071 0.253 -0.7535 -0.1951 0.6205 0.0957 -0.8403 -0.225 -0.48 0.1137 -0.616 0.1767 0.7335 0.2266 -0.5278 0.5024 0.5056 0.462 -0.9362 0.0016 -0.3515 -0.0011
-0.7238 0.1458 0.5971 0.3134 -0.6238 0.4028 0.6286 0.2313 -0.7238 0.2767 0.6245 0.0982 -0.7803 -0.039 0.6238 0.0222 -0.6852 0.4575 0.5071 0.253 -0.7535 -0.1951 0.6205 0.0957 -0.8403 -0.225 -0.48 0.1137 -0.616 0.1767 0.7335 0.2266 -0.5278 0.5024 0.5056 0.462 -0.9362 0.0016 -0.3515 -0.0011
-0.7127 0.1498 0.5905 0.3479 -0.6238 0.4028 0.6286 0.2313 -0.7238 0.2767 0.6245 0.0982 -0.7803 -0.039 0.6238 0.0222 -0.6852 0.4575 0.5071 0.253 -0.7535 -0.1951 0.6205 0.0957 -0.8403 -0.225 -0.48 0.1137 -0.616 0.1767 0.7335 0.2266 -0.5504 0.5097 0.4885 0.4457 -0.9362 0.0016 -0.3515 -0.0011
-0.7127 0.1498 0.5905 0.3479 -0.6238 0.4028 0.6286 0.2313 -0.7238 0.2767 0.6245 0.0982 -0.7803 -0.039 0.6238 0.0222 -0.6852 0.4575 0.5071 0.253 -0.7535 -0.1951 0.6205 0.0957 -0.8403 -0.225 -0.48 0.1137 -0.616 0.1767 0.7335 0.2266 -0.5504 0.5097 0.4885 0.4457 -0.9362 0.0016 -0.3515 -0.0011
-0.7127 0.1498 0.5905 0.3479 -0.6238 0.4028 0.6286 0.2313 -0.7238 0.2767 0.6245 0.0982 -0.7803 -0.039 0.6238 0.0222 -0.6852 0.4575 0.5071 0.253 -0.7535 -0.1951 0.6205 0.0957 -0.8403 -0.225 -0.48 0.1137 -0.616 0.1767 0.7335 0.2266 -0.5504 0.5097 0.4885 0.4457 -0.9362 0.0016 -0.3515 -0.0011
-0.7127 0.1498 0.5905 0.3479 -0.6238 0.4028 0.6286 0.2313 -0.7238 0.2767 0.6245 0.0982 -0.7803 -0.039 0.6238 0.0222 -0.6852 0.4575 0.5071 0.253 -0.7535 -0.1951 0.6205 0.0957 -0.8403 -0.225 -0.48 0.1137 -0.616 0.1767 0.7335 0.2266 -0.5504 0.5097 0.4885 0.4457 -0.9362 0.0016 -0.3515 -0.0011
-0.7127 0.1498 0.5905 0.3479 -0.6238 0.4028 0.6286 0.2313 -0.7238 0.2767 0.6245 0.0982 -0.7803 -0.039 0.6238 0.0222 -0.6852 0.4575 0.5071 0.253 -0.762 -0.0835 0.6415 -0.0293 -0.8403 -0.225 -0.48 0.1137 -0.616 0.1767 0.7335 0.2266 -0.5504 0.5097 0.4885 0.4457 -0.9362 0.0016 -0.3515 -0.0011
-0.7127 0.1498 0.5905 0.3479 -0.6238 0.4028 0.6286 0.2313 -0.7238 0.2767 0.6245 0.0982 -0.7803 -0.039 0.6238 0.0222 -0.6852 0.4575 0.5071 0.253 -0.762 -0.0835 0.6415 -0.0293 -0.8403 -0.225 -0.48 0.1137 -0.616 0.1767 0.7335 0.2266 -0.5504 0.5097 0.4885 0.4457 -0.9362 0.0016 -0.3515 -0.0011
-0.7092 0.1448 0.5788 0.3757 -0.6292 0.3932 0.6423 0.1923 -0.7178 0.2761 0.626 0.1286 -0.7803 -0.039 0.6238 0.0222 -0.7158 0.3732 0.5701 0.153 -0.762 -0.0835 0.6415 -0.0293 -0.8403 -0.225 -0.48 0.1137 -0.616 0.1767 0.7335 0.2266 -0.5731 0.5158 0.4662 0.4337 -0.9323 -0.002 -0.3618 -0.0062
-0.7092 0.1448 0.5788 0.3757 -0.6292 0.3932 0.6423 0.1923 -0.7178 0.2761 0.626 0.1286 -0.7803 -0.039 0.6238 0.0222 -0.7158 0.3732 0.5701 0.153 -0.762 -0.0835 0.6415 -0.0293 -0.8403 -0.225 -0.48 0.1137 -0.616 0.1767 0.7335 0.2266 -0.5731 0.5158 0.4662 0.4337 -0.9323 -0.002 -0.3618 -0.0062
-0.7092 0.1448 0.5788 0.3757 -0.6292 0.3932 0.6423 0.1923 -0.7178 0.2761 0.626 0.1286 -0.7803 -0.039 0.6238 0.0222 -0.7158 0.3732 0.5701 0.153 -0.762 -0.0835 0.6415 -0.0293 -0.8403 -0.225 -0.48 0.1137 -0.6486 0.1929 0.7158 0.1727 -0.5731 0.5158 0.4662 0.4337 -0.9323 -0.002 -0.3618 -0.0062
-0.7092 0.1448 0.5788 0.3757 -0.6292 0.3932 0.6423 0.1923 -0.7178 0.2761 0.626 0.1286 -0.6065 -0.1793 0.7542 0.1766 -0.7158 0.3732 0.5701 0.153 -0.762 -0.0835 0.6415 -0.0293 -0.8403 -0.225 -0.48 0.1137 -0.6486 0.1929 0.7158 0.1727 -0.5731 0.5158 0.4662 0.4337 -0.9323 -0.002 -0.3618 -0.0062
-0.7092 0.1448 0.5788 0.3757 -0.6292 0.3932 0.6423 0.1923 -0.7178 0.2761 0.626 0.1286 -0.6065 -0.1793 0.7542 0.1766 -0.7158 0.3732 0.5701 0.153 -0.762 -0.0835 0.6415 -0.0293 -0.8403 -0.225 -0.48 0.1137 -0.6486 0.1929 0.7158 0.1727 -0.5731 0.5158 0.4662 0.4337 -0.9323 -0.002 -0.3618 -0.0062
-0.7092 0.1448 0.5788 0.3757 -0.6292 0.3932 0.6423 0.1923 -0.7178 0.2761 0.626 0.1286 -0.6065 -0.1793 0.7542 0.1766 -0.7158 0.3732 0.5701 0.153 -0.762 -0.0835 0.6415 -0.0293 -0.8403 -0.225 -0.48 0.1137 -0.6486 0.1929 0.7158 0.1727 -0.5731 0.5158 0.4662 0.4337 -0.9323 -0.002 -0.3618 -0.0062
-0.7092 0.1448 0.5788 0.3757 -0.6313 0.3831 0.6562 0.1553 -0.7095 0.2825 0.6286 0.147 -0.6065 -0.1793 0.7542 0.1766 -0.7117 0.3503 0.5925 0.14 -0.7488 -0.0807 0.648 -0.1132 -0.8403 -0.225 -0.48 0.1137 -0.6486 0.1929 0.7158 0.1727 -0.5731 0.5158 0.4662 0.4337 -0.9376 -0.0032 -0.3474 -0.0148
-0.7092 0.1448 0.5788 0.3757 -0.6313 0.3831 0.6562 0.1553 -0.7095 0.2825 0.6286 0.147 -0.6065 -0.1793 0.7542 0.1766 -0.7117 0.3503 0.5925 0.14 -0.7488 -0.0807 0.648 -0.1132 -0.8403 -0.225 -0.48 0.1137 -0.6486 0.1929 0.7158 0.1727 -0.5731 0.5158 0.4662 0.4337 -0.9376 -0.0032 -0.3474 -0.0148
-0.7092 0.1448 0.5788 0.3757 -0.6313 0.3831 0.6562 0.1553 -0.7095 0.2825 0.6286 0.147 -0.6065 -0.1793 0.7542 0.1766 -0.7117 0.3503 0.5925 0.14 -0.7488 -0.0807 0.648 -0.1132 -0.8403 -0.225 -0.48 0.1137 -0.6709 0.1921 0.7018 0.1429 -0.5731 0.5158 0.4662 0.4337 -0.9376 -0.0032 -0.3474 -0.0148
-0.7092 0.1448 0.5788 0.3757 -0.6313 0.3831 0.6562 0.1553 -0.7095 0.2825 0.6286 0.147 -0.6065 -0.1793 0.7542 0.1766 -0.7117 0.3503 0.5925 0.14 -0.7488 -0.0807 0.648 -0.1132 -0.8403 -0.225 -0.48 0.1137 -0.6709 0.1921 0.7018 0.1429 -0.5731 0.5158 0.4662 0.4337 -0.9376 -0.0032 -0.3474 -0.0148
-0.7092 0.1448 0.5788 0.3757 -0.6313 0.3831 0.6562 0.1553 -0.7095 0.2825 0.6286 0.147 -0.6022 -0.144 0.7612 0.1932 -0.7117 0.3503 0.5925 0.14 -0.7488 -0.0807 0.648 -0.1132 -0.9485 -0.1678 -0.2687 0.0016 -0.6709 0.1921 0.7018 0.1429 -0.5731 0.5158 0.4662 0.4337 -0.9376 -0.0032 -0.3474 -0.0148
-0.7092 0.1448 0.5788 0.3757 -0.6313 0.3831 0.6562 0.1553 -0.7095 0.2825 0.6286 0.147 -0.6022 -0.144 0.7612 0.1932 -0.7117 0.3503 0.5925 0.14 -0.7488 -0.0807 0.648 -0.1132 -0.9485 -0.1678 -0.2687 0.0016 -0.6709 0.1921 0.7018 0.1429 -0.5731 0.5158 0.4662 0.4337 -0.9376 -0.0032 -0.3474 -0.0148
-0.7092 0.1448 0.5788 0.3757 -0.6313 0.3831 0.6562 0.1553 -0.7095 0.2825 0.6286 0.147 -0.6022 -0.144 0.7612 0.1932 -0.7117 0.3503 0.5925 0.14 -0.7488 -0.0807 0.648 -0.1132 -0.9485 -0.1678 -0.2687 0.0016 -0.6709 0.1921 0.7018 0.1429 -0.5731 0.5158 0.4662 0.4337 -0.9376 -0.0032 -0.3474 -0.0148
-0.7092 0.1448 0.5788 0.3757 -0.6276 0.3868 0.6512 0.1802 -0.7095 0.2825 0.6286 0.147 -0.6022 -0.144 0.7612 0.1932 -0.7117 0.3503 0.5925 0.14 -0.7357 -0.1402 0.657 -0.0861 -0.9485 -0.1678 -0.2687 0.0016 -0.6709 0.1921 0.7018 0.1429 -0.5731 0.5158 0.4662 0.4337 -0.9376 -0.0032 -0.3474 -0.0148
-0.7092 0.1448 0.5788 0.3757 -0.6276 0.3868 0.6512 0.1802 -0.7003 0.2966 0.6279 0.1656 -0.6022 -0.144 0.7612 0.1932 -0.7117 0.3503 0.5925 0.14 -0.7357 -0.1402 0.657 -0.0861 -0.9485 -0.1678 -0.2687 0.0016 -0.6709 0.1921 0.7018 0.1429 -0.5731 0.5158 0.4662 0.4337 -0.9376 -0.0032 -0.3474 -0.0148
-0.7092 0.1448 0.5788 0.3757 -0.6276 0.3868 0.6512 0.1802 -0.7003 0.2966 0.6279 0.1656 -0.6022 -0.144 0.7612 0.1932 -0.7117 0.3503 0.5925 0.14 -0.7357 -0.1402 0.657 -0.0861 -0.9485 -0.1678 -0.2687 0.0016 -0.6709 0.1921 0.7018 0.1429 -0.5731 0.5158 0.4662 0.4337 -0.9376 -0.0032 -0.3474 -0.0148
-0.7092 0.1448 0.5788 0.3757 -0.6276 0.3868 0.6512 0.1802 -0.7003 0.2966 0.6279 0.1656 -0.6022 -0.144 0.7612 0.1932 -0.7117 0.3503 0.5925 0.14 -0.7357 -0.1402 0.657 -0.0861 -0.9485 -0.1678 -0.2687 0.0016 -0.6993 0.1281 0.6887 0.1428 -0.5731 0.5158 0.4662 0.4337 -0.9376 -0.0032 -0.3474 -0.0148
-0.7092 0.1448 0.5788 0.3757 -0.6276 0.3868 0.6512 0.1802 -0.7003 0.2966 0.6279 0.1656 -0.6305 -0.1146 0.75 0.1638 -0.7117 0.3503 0.5925 0.14 -0.7357 -0.1402 0.657 -0.0861 -0.9483 -0.1507 -0.2793 0.0027 -0.6993 0.1281 0.6887 0.1428 -0.5731 0.5158 0.4662 0.4337 -0.9376 -0.0032 -0.3474 -0.0148
-0.7092 0.1448 0.5788 0.3757 -0.6276 0.3868 0.6512 0.1802 -0.7003 0.2966 0.6279 0.1656 -0.6305 -0.1146 0.75 0.1638 -0.7117 0.3503 0.5925 0.14 -0.7357 -0.1402 0.657 -0.0861 -0.9483 -0.1507 -0.2793 0.0027 -0.6993 0.1281 0.6887 0.1428 -0.5731 0.5158 0.4662 0.4337 -0.9376 -0.0032 -0.3474 -0.0148
-0.7092 0.1448 0.5788 0.3757 -0.6276 0.3868 0.6512 0.1802 -0.7003 0.2966 0.6279 0.1656 -0.6305 -0.1146 0.75 0.1638 -0.7117 0.3503 0.5925 0.14 -0.7197 -0.1829 0.6641 -0.087 -0.9483 -0.1507 -0.2793 0.0027 -0.6993 0.1281 0.6887 0.1428 -0.5731 0.5158 0.4662 0.4337 -0.9376 -0.0032 -0.3474 -0.0148
-0.7092 0.1448 0.5788 0.3757 -0.6276 0.3868 0.6512 0.1802 -0.7003 0.2966 0.6279 0.1656 -0.6305 -0.1146 0.75 0.1638 -0.7117 0.3503 0.5925 0.14 -0.7197 -0.1829 0.6641 -0.087 -0.9483 -0.1507 -0.2793 0.0027 -0.6993 0.1281 0.6887 0.1428 -0.5731 0.5158 0.4662 0.4337 -0.9376 -0.0032 -0.3474 -0.0148
-0.7334 0.0874 0.6132 0.2802 -0.6276 0.3868 0.6512 0.1802 -0.7003 0.2966 0.6279 0.1656 -0.6305 -0.1146 0.75 0.1638 -0.7117 0.3503 0.5925 0.14 -0.7197 -0.1829 0.6641 -0.087 -0.9483 -0.1507 -0.2793 0.0027 -0.6993 0.1281 0.6887 0.1428 -0.7051 0.553 0.3142 0.3137 -0.9376 -0.0032 -0.3474 -0.0148
-0.7334 0.0874 0.6132 0.2802 -0.6276 0.3868 0.6512 0.1802 -0.7003 0.2966 0.6279 0.1656 -0.6305 -0.1146 0.75 0.1638 -0.7117 0.3503 0.5925 0.14 -0.7197 -0.1829 0.6641 -0.087 -0.9483 -0.1507 -0.2793 0.0027 -0.6993 0.1281 0.6887 0.1428 -0.7051 0.553 0.3142 0.3137 -0.9376 -0.0032 -0.3474 -0.0148
-0.7334 0.0874 0.6132 0.2802 -0.6276 0.3868 0.6512 0.1802 -0.7003 0.2966 0.6279 0.1656 -0.6305 -0.1146 0.75 0.1638 -0.7117 0.3503 0.5925 0.14 -0.7197 -0.1829 0.6641 -0.087 -0.9483 -0.1507 -0.2793 0.0027 -0.6993 0.1281 0.6887 0.1428 -0.7051 0.553 0.3142 0.3137 -0.9376 -0.0032 -0.3474 -0.0148
-0.7334 0.0874 0.6132 0.2802 -0.6276 0.3868 0.6512 0.1802 -0.7003 0.2966 0.6279 0.1656 -0.649 -0.105 0.7427 0.1273 -0.7117 0.3503 0.5925 0.14 -0.7197 -0.1829 0.6641 -0.087 -0.9462 -0.1429 -0.2902 -1.0E-4 -0.682 0.0743 0.6971 0.2081 -0.7051 0.553 0.3142 0.3137 -0.9376 -0.0032 -0.3474 -0.0148
-0.7334 0.0874 0.6132 0.2802 -0.6276 0.3868 0.6512 0.1802 -0.7003 0.2966 0.6279 0.1656 -0.649 -0.105 0.7427 0.1273 -0.7117 0.3503 0.5925 0.14 -0.7197 -0.1829 0.6641 -0.087 -0.9462 -0.1429 -0.2902 -1.0E-4 -0.682 0.0743 0.6971 0.2081 -0.7051 0.553 0.3142 0.3137 -0.9376 -0.0032 -0.3474 -0.0148
-0.7334 0.0874 0.6132 0.2802 -0.6557 0.3181 0.6652 0.1625 -0.7003 0.2966 0.6279 0.1656 -0.649 -0.105 0.7427 0.1273 -0.7117 0.3503 0.5925 0.14 -0.7196 -0.2083 0.6591 -0.0662 -0.9462 -0.1429 -0.2902 -1.0E-4 -0.682 0.0743 0.6971 0.2081 -0.7051 0.553 0.3142 0.3137 -0.9376 -0.0032 -0.3474 -0.0148
-0.7334 0.0874 0.6132 0.2802 -0.6557 0.3181 0.6652 0.1625 -0.6794 0.2963 0.6465 0.1805 -0.649 -0.105 0.7427 0.1273 -0.7117 0.3503 0.5925 0.14 -0.7196 -0.2083 0.6591 -0.0662 -0.9462 -0.1429 -0.2902 -1.0E-4 -0.682 0.0743 0.6971 0.2081 -0.7051 0.553 0.3142 0.3137 -0.8358 -0.0012 -0.5433 -0.0793
-0.7334 0.0874 0.6132 0.2802 -0.6557 0.3181 0.6652 0.1625 -0.6794 0.2963 0.6465 0.1805 -0.649 -0.105 0.7427 0.1273 -0.7117 0.3503 0.5925 0.14 -0.7196 -0.2083 0.6591 -0.0662 -0.9462 -0.1429 -0.2902 -1.0E-4 -0.682 0.0743 0.6971 0.2081 -0.6912 0.5393 0.3601 0.3188 -0.8358 -0.0012 -0.5433 -0.0793
-0.7334 0.0874 0.6132 0.2802 -0.6557 0.3181 0.6652 0.1625 -0.6794 0.2963 0.6465 0.1805 -0.649 -0.105 0.7427 0.1273 -0.7117 0.3503 0.5925 0.14 -0.7196 -0.2083 0.6591 -0.0662 -0.9462 -0.1429 -0.2902 -1.0E-4 -0.682 0.0743 0.6971 0.2081 -0.6912 0.5393 0.3601 0.3188 -0.8358 -0.0012 -0.5433 -0.0793
-0.7334 0.0874 0.6132 0.2802 -0.6557 0.3181 0.6652 0.1625 -0.6794 0.2963 0.6465 0.1805 -0.649 -0.105 0.7427 0.1273 -0.7117 0.3503 0.5925 0.14 -0.7196 -0.2083 0.6591 -0.0662 -0.9462 -0.1429 -0.2902 -1.0E-4 -0.682 0.0743 0.6971 0.2081 -0.6912 0.5393 0.3601 0.3188 -0.8358 -0.0012 -0.5433 -0.0793
-0.7334 0.0874 0.6132 0.2802 -0.6557 0.3181 0.6652 0.1625 -0.6794 0.2963 0.6465 0.1805 -0.6628 -0.1112 0.7321 0.1113 -0.7117 0.3503 0.5925 0.14 -0.7196 -0.2083 0.6591 -0.0662 -0.9459 -0.1318 -0.2964 0.0098 -0.6443 0.094 0.692 0.3116 -0.6912 0.5393 0.3601 0.3188 -0.8358 -0.0012 -0.5433 -0.0793
-0.7334 0.0874 0.6132 0.2802 -0.6557 0.3181 0.6652 0.1625 -0.6794 0.2963 0.6465 0.1805 -0.6628 -0.1112 0.7321 0.1113 -0.7117 0.3503 0.5925 0.14 -0.7196 -0.2083 0.6591 -0.0662 -0.9459 -0.1318 -0.2964 0.0098 -0.6443 0.094 0.692 0.3116 -0.6912 0.5393 0.3601 0.3188 -0.8358 -0.0012 -0.5433 -0.0793
-0.7334 0.0874 0.6132 0.2802 -0.639 0.3484 0.6702 0.1454 -0.6794 0.2963 0.6465 0.1805 -0.6628 -0.1112 0.7321 0.1113 -0.7117 0.3503 0.5925 0.14 -0.7228 -0.2372 0.6475 -0.0447 -0.9459 -0.1318 -0.2964 0.0098 -0.6443 0.094 0.692 0.3116 -0.6912 0.5393 0.3601 0.3188 -0.9094 0.0143 -0.4078 -0.0807
-0.7334 0.0874 0.6132 0.2802 -0.639 0.3484 0.6702 0.1454 -0.6794 0.2963 0.6465 0.1805 -0.6628 -0.1112 0.7321 0.1113 -0.7117 0.3503 0.5925 0.14 -0.7228 -0.2372 0.6475 -0.0447 -0.9459 -0.1318 -0.2964 0.0098 -0.6443 0.094 0.692 0.3116 -0.6912 0.5393 0.3601 0.3188 -0.9094 0.0143 -0.4078 -0.0807
-0.7515 0.0864 0.608 0.2412 -0.639 0.3484 0.6702 0.1454 -0.7057 0.2475 0.6544 0.1115 -0.6628 -0.1112 0.7321 0.1113 -0.6149 0.3576 0.6729 0.2031 -0.7228 -0.2372 0.6475 -0.0447 -0.9459 -0.1318 -0.2964 0.0098 -0.6443 0.094 0.692 0.3116 -0.5779 0.5143 0.4786 0.4152 -0.9094 0.0143 -0.4078 -0.0807
-0.7515 0.0864 0.608 0.2412 -0.639 0.3484 0.6702 0.1454 -0.7057 0.2475 0.6544 0.1115 -0.6628 -0.1112 0.7321 0.1113 -0.6149 0.3576 0.6729 0.2031 -0.7228 -0.2372 0.6475 -0.0447 -0.9459 -0.1318 -0.2964 0.0098 -0.6443 0.094 0.692 0.3116 -0.5779 0.5143 0.4786 0.4152 -0.9094 0.0143 -0.4078 -0.0807
-0.7515 0.0864 0.608 0.2412 -0.639 0.3484 0.6702 0.1454 -0.7057 0.2475 0.6544 0.1115 -0.6628 -0.1112 0.7321 0.1113 -0.6149 0.3576 0.6729 0.2031 -0.7228 -0.2372 0.6475 -0.0447 -0.9459 -0.1318 -0.2964 0.0098 -0.6443 0.094 0.692 0.3116 -0.5779 0.5143 0.4786 0.4152 -0.9094 0.0143 -0.4078 -0.0807
-0.7515 0.0864 0.608 0.2412 -0.639 0.3484 0.6702 0.1454 -0.7057 0.2475 0.6544 0.1115 -0.6956 -0.138 0.7026 0.0593 -0.6149 0.3576 0.6729 0.2031 -0.7228 -0.2372 0.6475 -0.0447 -0.9408 -0.1319 -0.3116 0.0182 -0.6129 0.1064 0.6989 0.3531 -0.5779 0.5143 0.4786 0.4152 -0.9094 0.0143 -0.4078 -0.0807
-0.7515 0.0864 0.608 0.2412 -0.639 0.3484 0.6702 0.1454 -0.7057 0.2475 0.6544 0.1115 -0.6956 -0.138 0.7026 0.0593 -0.6149 0.3576 0.6729 0.2031 -0.7224 -0.2723 0.6355 -0.012 -0.9408 -0.1319 -0.3116 0.0182 -0.6129 0.1064 0.6989 0.3531 -0.5779 0.5143 0.4786 0.4152 -0.9094 0.0143 -0.4078 -0.0807
-0.7515 0.0864 0.608 0.2412 -0.639 0.3484 0.6702 0.1454 -0.7057 0.2475 0.6544 0.1115 -0.6956 -0.138 0.7026 0.0593 -0.6149 0.3576 0.6729 0.2031 -0.7224 -0.2723 0.6355 -0.012 -0.9408 -0.1319 -0.3116 0.0182 -0.6129 0.1064 0.6989 0.3531 -0.5779 0.5143 0.4786 0.4152 -0.9094 0.0143 -0.4078 -0.0807
-0.7582 0.1031 0.606 0.2174 -0.6263 0.3668 0.6774 0.1202 -0.7057 0.2475 0.6544 0.1115 -0.6956 -0.138 0.7026 0.0593 -0.5926 0.3553 0.683 0.2368 -0.7224 -0.2723 0.6355 -0.012 -0.9408 -0.1319 -0.3116 0.0182 -0.6129 0.1064 0.6989 0.3531 -0.5779 0.5143 0.4786 0.4152 -0.9657 0.0497 -0.2398 -0.0865
-0.7582 0.1031 0.606 0.2174 -0.6263 0.3668 0.6774 0.1202 -0.7057 0.2475 0.6544 0.1115 -0.6956 -0.138 0.7026 0.0593 -0.5926 0.3553 0.683 0.2368 -0.7224 -0.2723 0.6355 -0.012 -0.9408 -0.1319 -0.3116 0.0182 -0.6129 0.1064 0.6989 0.3531 -0.4897 0.4156 0.6013 0.4753 -0.9657 0.0497 -0.2398 -0.0865
-0.7582 0.1031 0.606 0.2174 -0.6263 0.3668 0.6774 0.1202 -0.7057 0.2475 0.6544 0.1115 -0.6956 -0.138 0.7026 0.0593 -0.5926 0.3553 0.683 0.2368 -0.7224 -0.2723 0.6355 -0.012 -0.9408 -0.1319 -0.3116 0.0182 -0.5943 0.1182 0.7231 0.3315 -0.4897 0.4156 0.6013 0.4753 -0.9657 0.0497 -0.2398 -0.0865
-0.7582 0.1031 0.606 0.2174 -0.6263 0.3668 0.6774 0.1202 -0.7057 0.2475 0.6544 0.1115 -0.7438 -0.1227 0.657 0.0101 -0.5926 0.3553 0.683 0.2368 -0.7224 -0.2723 0.6355 -0.012 -0.9408 -0.1319 -0.3116 0.0182 -0.5943 0.1182 0.7231 0.3315 -0.4897 0.4156 0.6013 0.4753 -0.9657 0.0497 -0.2398 -0.0865
-0.7582 0.1031 0.606 0.2174 -0.6263 0.3668 0.6774 0.1202 -0.7057 0.2475 0.6544 0.1115 -0.7438 -0.1227 0.657 0.0101 -0.5926 0.3553 0.683 0.2368 -0.7224 -0.2723 0.6355 -0.012 -0.9408 -0.1319 -0.3116 0.0182 -0.5943 0.1182 0.7231 0.3315 -0.4897 0.4156 0.6013 0.4753 -0.9657 0.0497 -0.2398 -0.0865
-0.7582 0.1031 0.606 0.2174 -0.6263 0.3668 0.6774 0.1202 -0.7057 0.2475 0.6544 0.1115 -0.7438 -0.1227 0.657 0.0101 -0.5926 0.3553 0.683 0.2368 -0.7224 -0.2723 0.6355 -0.012 -0.9408 -0.1319 -0.3116 0.0182 -0.5943 0.1182 0.7231 0.3315 -0.4897 0.4156 0.6013 0.4753 -0.9657 0.0497 -0.2398 -0.0865
-0.7582 0.1031 0.606 0.2174 -0.6263 0.3668 0.6774 0.1202 -0.7057 0.2475 0.6544 0.1115 -0.7438 -0.1227 0.657 0.0101 -0.5926 0.3553 0.683 0.2368 -0.7224 -0.2723 0.6355 -0.012 -0.9408 -0.1319 -0.3116 0.0182 -0.5943 0.1182 0.7231 0.3315 -0.4897 0.4156 0.6013 0.4753 -0.9657 0.0497 -0.2398 -0.0865
-0.7582 0.1031 0.606 0.2174 -0.6161 0.3824 0.6791 0.1137 -0.7057 0.2475 0.6544 0.1115 -0.7438 -0.1227 0.657 0.0101 -0.5926 0.3553 0.683 0.2368 -0.7239 -0.307 0.6171 0.0289 -0.9408 -0.1319 -0.3116 0.0182 -0.5943 0.1182 0.7231 0.3315 -0.4897 0.4156 0.6013 0.4753 -0.9879 0.0325 -0.1368 -0.0651
-0.7582 0.1031 0.606 0.2174 -0.6161 0.3824 0.6791 0.1137 -0.7057 0.2475 0.6544 0.1115 -0.7438 -0.1227 0.657 0.0101 -0.5926 0.3553 0.683 0.2368 -0.7239 -0.307 0.6171 0.0289 -0.9408 -0.1319 -0.3116 0.0182 -0.5943 0.1182 0.7231 0.3315 -0.4897 0.4156 0.6013 0.4753 -0.9879 0.0325 -0.1368 -0.0651
-0.7637 0.1093 0.6031 0.2028 -0.6161 0.3824 0.6791 0.1137 -0.7057 0.2475 0.6544 0.1115 -0.7438 -0.1227 0.657 0.0101 -0.5926 0.3553 0.683 0.2368 -0.7239 -0.307 0.6171 0.0289 -0.9408 -0.1319 -0.3116 0.0182 -0.5943 0.1182 0.7231 0.3315 -0.4315 0.4311 0.5765 0.5437 -0.9879 0.0325 -0.1368 -0.0651
-0.7637 0.1093 0.6031 0.2028 -0.6161 0.3824 0.6791 0.1137 -0.7057 0.2475 0.6544 0.1115 -0.7438 -0.1227 0.657 0.0101 -0.5926 0.3553 0.683 0.2368 -0.7239 -0.307 0.6171 0.0289 -0.9408 -0.1319 -0.3116 0.0182 -0.5943 0.1182 0.7231 0.3315 -0.4315 0.4311 0.5765 0.5437 -0.9879 0.0325 -0.1368 -0.0651
-0.7637 0.1093 0.6031 0.2028 -0.6161 0.3824 0.6791 0.1137 -0.7057 0.2475 0.6544 0.1115 -0.7805 -0.1179 0.6111 -0.0599 -0.5926 0.3553 0.683 0.2368 -0.7239 -0.307 0.6171 0.0289 -0.8958 -0.1395 -0.4202 0.0403 -0.5686 0.1587 0.7364 0.3306 -0.4315 0.4311 0.5765 0.5437 -0.9879 0.0325 -0.1368 -0.0651
-0.7637 0.1093 0.6031 0.2028 -0.6161 0.3824 0.6791 0.1137 -0.7057 0.2475 0.6544 0.1115 -0.7805 -0.1179 0.6111 -0.0599 -0.5926 0.3553 0.683 0.2368 -0.7239 -0.307 0.6171 0.0289 -0.8958 -0.1395 -0.4202 0.0403 -0.5686 0.1587 0.7364 0.3306 -0.4315 0.4311 0.5765 0.5437 -0.9879 0.0325 -0.1368 -0.0651
-0.7637 0.1093 0.6031 0.2028 -0.6161 0.3824 0.6791 0.1137 -0.7057 0.2475 0.6544 0.1115 -0.7805 -0.1179 0.6111 -0.0599 -0.5926 0.3553 0.683 0.2368 -0.7239 -0.307 0.6171 0.0289 -0.8958 -0.1395 -0.4202 0.0403 -0.5686 0.1587 0.7364 0.3306 -0.4315 0.4311 0.5765 0.5437 -0.9879 0.0325 -0.1368 -0.0651
-0.7637 0.1093 0.6031 0.2028 -0.6176 0.3981 0.6675 0.1205 -0.7057 0.2475 0.6544 0.1115 -0.7805 -0.1179 0.6111 -0.0599 -0.5926 0.3553 0.683 0.2368 -0.7287 -0.3428 0.5826 0.1099 -0.8958 -0.1395 -0.4202 0.0403 -0.5686 0.1587 0.7364 0.3306 -0.4315 0.4311 0.5765 0.5437 -0.9667 -3.0E-4 -0.2556 -0.0151
-0.7571 0.1567 0.5845 0.2463 -0.6176 0.3981 0.6675 0.1205 -0.7476 0.1697 0.6422 0.0043 -0.7805 -0.1179 0.6111 -0.0599 -0.5853 0.3527 0.6671 0.2966 -0.7287 -0.3428 0.5826 0.1099 -0.8958 -0.1395 -0.4202 0.0403 -0.5686 0.1587 0.7364 0.3306 -0.4659 0.4916 0.5275 0.5129 -0.9667 -3.0E-4 -0.2556 -0.0151
-0.7571 0.1567 0.5845 0.2463 -0.6176 0.3981 0.6675 0.1205 -0.7476 0.1697 0.6422 0.0043 -0.7805 -0.1179 0.6111 -0.0599 -0.5853 0.3527 0.6671 0.2966 -0.7287 -0.3428 0.5826 0.1099 -0.8958 -0.1395 -0.4202 0.0403 -0.5686 0.1587 0.7364 0.3306 -0.4659 0.4916 0.5275 0.5129 -0.9667 -3.0E-4 -0.2556 -0.0151
-0.7571 0.1567 0.5845 0.2463 -0.6176 0.3981 0.6675 0.1205 -0.7476 0.1697 0.6422 0.0043 -0.7805 -0.1179 0.6111 -0.0599 -0.5853 0.3527 0.6671 0.2966 -0.7287 -0.3428 0.5826 0.1099 -0.8958 -0.1395 -0.4202 0.0403 -0.5686 0.1587 0.7364 0.3306 -0.4659 0.4916 0.5275 0.5129 -0.9667 -3.0E-4 -0.2556 -0.0151
-0.7571 0.1567 0.5845 0.2463 -0.6176 0.3981 0.6675 0.1205 -0.7476 0.1697 0.6422 0.0043 -0.7909 -0.1048 0.598 -0.0768 -0.5853 0.3527 0.6671 0.2966 -0.7287 -0.3428 0.5826 0.1099 -0.7251 -0.1735 -0.6583 0.1038 -0.5815 0.1739 0.7316 0.3104 -0.4659 0.4916 0.5275 0.5129 -0.9667 -3.0E-4 -0.2556 -0.0151
-0.7571 0.1567 0.5845 0.2463 -0.6176 0.3981 0.6675 0.1205 -0.7476 0.1697 0.6422 0.0043 -0.7909 -0.1048 0.598 -0.0768 -0.5853 0.3527 0.6671 0.2966 -0.7287 -0.3428 0.5826 0.1099 -0.7251 -0.1735 -0.6583 0.1038 -0.5815 0.1739 0.7316 0.3104 -0.4659 0.4916 0.5275 0.5129 -0.9667 -3.0E-4 -0.2556 -0.0151
-0.7571 0.1567 0.5845 0.2463 -0.6176 0.3981 0.6675 0.1205 -0.7476 0.1697 0.6422 0.0043 -0.7909 -0.1048 0.598 -0.0768 -0.5853 0.3527 0.6671 0.2966 -0.7287 -0.3428 0.5826 0.1099 -0.7251 -0.1735 -0.6583 0.1038 -0.5815 0.1739 0.7316 0.3104 -0.4659 0.4916 0.5275 0.5129 -0.9667 -3.0E-4 -0.2556 -0.0151
-0.7571 0.1567 0.5845 0.2463 -0.6089 0.4327 0.6441 0.1646 -0.7394 0.2042 0.6387 0.0609 -0.7909 -0.1048 0.598 -0.0768 -0.5853 0.3527 0.6671 0.2966 -0.7108 -0.3661 0.5377 0.2677 -0.7251 -0.1735 -0.6583 0.1038 -0.5815 0.1739 0.7316 0.3104 -0.4659 0.4916 0.5275 0.5129 -0.9561 3.0E-4 -0.2932 0.0031
-0.7571 0.1567 0.5845 0.2463 -0.6089 0.4327 0.6441 0.1646 -0.7394 0.2042 0.6387 0.0609 -0.7909 -0.1048 0.598 -0.0768 -0.5853 0.3527 0.6671 0.2966 -0.7108 -0.3661 0.5377 0.2677 -0.7251 -0.1735 -0.6583 0.1038 -0.5815 0.1739 0.7316 0.3104 -0.5186 0.4924 0.5222 0.4646 -0.9561 3.0E-4 -0.2932 0.0031
-0.7571 0.1567 0.5845 0.2463 -0.6089 0.4327 0.6441 0.1646 -0.7394 0.2042 0.6387 0.0609 -0.7909 -0.1048 0.598 -0.0768 -0.5853 0.3527 0.6671 0.2966 -0.7108 -0.3661 0.5377 0.2677 -0.7251 -0.1735 -0.6583 0.1038 -0.6011 0.1956 0.7332 0.2508 -0.5186 0.4924 0.5222 0.4646 -0.9561 3.0E-4 -0.2932 0.0031
-0.7571 0.1567 0.5845 0.2463 -0.6089 0.4327 0.6441 0.1646 -0.7394 0.2042 0.6387 0.0609 -0.7909 -0.1048 0.598 -0.0768 -0.5853 0.3527 0.6671 0.2966 -0.7108 -0.3661 0.5377 0.2677 -0.7251 -0.1735 -0.6583 0.1038 -0.6011 0.1956 0.7332 0.2508 -0.5186 0.4924 0.5222 0.4646 -0.9561 3.0E-4 -0.2932 0.0031
-0.7571 0.1567 0.5845 0.2463 -0.6089 0.4327 0.6441 0.1646 -0.7394 0.2042 0.6387 0.0609 -0.7695 -0.0867 0.6324 0.0169 -0.5853 0.3527 0.6671 0.2966 -0.7108 -0.3661 0.5377 0.2677 -0.7094 -0.1815 -0.653 0.1936 -0.6011 0.1956 0.7332 0.2508 -0.5186 0.4924 0.5222 0.4646 -0.9561 3.0E-4 -0.2932 0.0031
-0.7571 0.1567 0.5845 0.2463 -0.6089 0.4327 0.6441 0.1646 -0.7394 0.2042 0.6387 0.0609 -0.7695 -0.0867 0.6324 0.0169 -0.5853 0.3527 0.6671 0.2966 -0.7108 -0.3661 0.5377 0.2677 -0.7094 -0.1815 -0.653 0.1936 -0.6011 0.1956 0.7332 0.2508 -0.5186 0.4924 0.5222 0.4646 -0.9561 3.0E-4 -0.2932 0.0031
-0.7571 0.1567 0.5845 0.2463 -0.6089 0.4327 0.6441 0.1646 -0.7394 0.2042 0.6387 0.0609 -0.7695 -0.0867 0.6324 0.0169 -0.5853 0.3527 0.6671 0.2966 -0.7108 -0.3661 0.5377 0.2677 -0.7094 -0.1815 -0.653 0.1936 -0.6011 0.1956 0.7332 0.2508 -0.5186 0.4924 0.5222 0.4646 -0.9561 3.0E-4 -0.2932 0.0031
-0.7571 0.1567 0.5845 0.2463 -0.6132 0.4426 0.6299 0.1771 -0.7394 0.2042 0.6387 0.0609 -0.7695 -0.0867 0.6324 0.0169 -0.5853 0.3527 0.6671 0.2966 -0.7281 -0.3101 0.5452 0.2766 -0.7094 -0.1815 -0.653 0.1936 -0.6011 0.1956 0.7332 0.2508 -0.5186 0.4924 0.5222 0.4646 -0.9561 3.0E-4 -0.2932 0.0031
-0.7328 0.1962 0.5753 0.3057 -0.6132 0.4426 0.6299 0.1771 -0.7394 0.2042 0.6387 0.0609 -0.7695 -0.0867 0.6324 0.0169 -0.5853 0.3527 0.6671 0.2966 -0.7281 -0.3101 0.5452 0.2766 -0.7094 -0.1815 -0.653 0.1936 -0.6011 0.1956 0.7332 0.2508 -0.5395 0.5067 0.4945 0.4557 -0.9561 3.0E-4 -0.2932 0.0031
-0.7328 0.1962 0.5753 0.3057 -0.6132 0.4426 0.6299 0.1771 -0.7394 0.2042 0.6387 0.0609 -0.7695 -0.0867 0.6324 0.0169 -0.5853 0.3527 0.6671 0.2966 -0.7281 -0.3101 0.5452 0.2766 -0.7094 -0.1815 -0.653 0.1936 -0.6188 0.2147 0.7286 0.2005 -0.5395 0.5067 0.4945 0.4557 -0.9561 3.0E-4 -0.2932 0.0031
-0.7328 0.1962 0.5753 0.3057 -0.6132 0.4426 0.6299 0.1771 -0.7394 0.2042 0.6387 0.0609 -0.7695 -0.0867 0.6324 0.0169 -0.5853 0.3527 0.6671 0.2966 -0.7281 -0.3101 0.5452 0.2766 -0.7094 -0.1815 -0.653 0.1936 -0.6188 0.2147 0.7286 0.2005 -0.5395 0.5067 0.4945 0.4557 -0.9561 3.0E-4 -0.2932 0.0031
-0.7328 0.1962 0.5753 0.3057 -0.6132 0.4426 0.6299 0.1771 -0.7394 0.2042 0.6387 0.0609 -0.6982 -0.1449 0.6931 0.1054 -0.5853 0.3527 0.6671 0.2966 -0.7281 -0.3101 0.5452 0.2766 -0.8297 -0.2106 -0.5018 0.1249 -0.6188 0.2147 0.7286 0.2005 -0.5395 0.5067 0.4945 0.4557 -0.9561 3.0E-4 -0.2932 0.0031
-0.7328 0.1962 0.5753 0.3057 -0.6132 0.4426 0.6299 0.1771 -0.7394 0.2042 0.6387 0.0609 -0.6982 -0.1449 0.6931 0.1054 -0.5853 0.3527 0.6671 0.2966 -0.7281 -0.3101 0.5452 0.2766 -0.8297 -0.2106 -0.5018 0.1249 -0.6188 0.2147 0.7286 0.2005 -0.5395 0.5067 0.4945 0.4557 -0.9561 3.0E-4 -0.2932 0.0031
-0.7328 0.1962 0.5753 0.3057 -0.6086 0.4576 0.6192 0.192 -0.7394 0.2042 0.6387 0.0609 -0.6982 -0.1449 0.6931 0.1054 -0.5853 0.3527 0.6671 0.2966 -0.7281 -0.3101 0.5452 0.2766 -0.8297 -0.2106 -0.5018 0.1249 -0.6188 0.2147 0.7286 0.2005 -0.5395 0.5067 0.4945 0.4557 -0.9561 3.0E-4 -0.2932 0.0031
-0.7328 0.1962 0.5753 0.3057 -0.6086 0.4576 0.6192 0.192 -0.7394 0.2042 0.6387 0.0609 -0.6982 -0.1449 0.6931 0.1054 -0.5853 0.3527 0.6671 0.2966 -0.7281 -0.3101 0.5452 0.2766 -0.8297 -0.2106 -0.5018 0.1249 -0.6188 0.2147 0.7286 0.2005 -0.5395 0.5067 0.4945 0.4557 -0.9561 3.0E-4 -0.2932 0.0031
-0.7169 0.2117 0.566 0.3477 -0.6086 0.4576 0.6192 0.192 -0.7463 0.2311 0.6005 0.1705 -0.6982 -0.1449 0.6931 0.1054 -0.7289 0.3791 0.5505 0.1481 -0.7281 -0.3101 0.5452 0.2766 -0.8297 -0.2106 -0.5018 0.1249 -0.6188 0.2147 0.7286 0.2005 -0.5223 0.5557 0.4357 0.4781 -0.9379 -0.011 -0.3461 -0.019
-0.7169 0.2117 0.566 0.3477 -0.6086 0.4576 0.6192 0.192 -0.7463 0.2311 0.6005 0.1705 -0.6982 -0.1449 0.6931 0.1054 -0.7289 0.3791 0.5505 0.1481 -0.7281 -0.3101 0.5452 0.2766 -0.8297 -0.2106 -0.5018 0.1249 -0.6188 0.2147 0.7286 0.2005 -0.5223 0.5557 0.4357 0.4781 -0.9379 -0.011 -0.3461 -0.019
-0.7169 0.2117 0.566 0.3477 -0.6086 0.4576 0.6192 0.192 -0.7463 0.2311 0.6005 0.1705 -0.6982 -0.1449 0.6931 0.1054 -0.7289 0.3791 0.5505 0.1481 -0.7281 -0.3101 0.5452 0.2766 -0.8297 -0.2106 -0.5018 0.1249 -0.6188 0.2147 0.7286 0.2005 -0.5223 0.5557 0.4357 0.4781 -0.9379 -0.011 -0.3461 -0.019
-0.7169 0.2117 0.566 0.3477 -0.6086 0.4576 0.6192 0.192 -0.7463 0.2311 0.6005 0.1705 -0.6224 -0.1786 0.7366 0.1952 -0.7289 0.3791 0.5505 0.1481 -0.7281 -0.3101 0.5452 0.2766 -0.9428 -0.1951 -0.27 0.012 -0.6253 0.246 0.717 0.1855 -0.5223 0.5557 0.4357 0.4781 -0.9379 -0.011 -0.3461 -0.019
-0.7169 0.2117 0.566 0.3477 -0.6086 0.4576 0.6192 0.192 -0.7463 0.2311 0.6005 0.1705 -0.6224 -0.1786 0.7366 0.1952 -0.7289 0.3791 0.5505 0.1481 -0.7281 -0.3101 0.5452 0.2766 -0.9428 -0.1951 -0.27 0.012 -0.6253 0.246 0.717 0.1855 -0.5223 0.5557 0.4357 0.4781 -0.9379 -0.011 -0.3461 -0.019
-0.7169 0.2117 0.566 0.3477 -0.6086 0.4576 0.6192 0.192 -0.7463 0.2311 0.6005 0.1705 -0.6224 -0.1786 0.7366 0.1952 -0.7289 0.3791 0.5505 0.1481 -0.7281 -0.3101 0.5452 0.2766 -0.9428 -0.1951 -0.27 0.012 -0.6253 0.246 0.717 0.1855 -0.5223 0.5557 0.4357 0.4781 -0.9288 -0.0209 -0.3696 -0.0149
-0.7169 0.2117 0.566 0.3477 -0.6086 0.4576 0.6192 0.192 -0.7463 0.2311 0.6005 0.1705 -0.6224 -0.1786 0.7366 0.1952 -0.7289 0.3791 0.5505 0.1481 -0.7281 -0.3101 0.5452 0.2766 -0.9428 -0.1951 -0.27 0.012 -0.6253 0.246 0.717 0.1855 -0.5223 0.5557 0.4357 0.4781 -0.9288 -0.0209 -0.3696 -0.0149
-0.7137 0.1975 0.5735 0.3502 -0.6086 0.4576 0.6192 0.192 -0.7463 0.2311 0.6005 0.1705 -0.6224 -0.1786 0.7366 0.1952 -0.7289 0.3791 0.5505 0.1481 -0.7281 -0.3101 0.5452 0.2766 -0.9428 -0.1951 -0.27 0.012 -0.6253 0.246 0.717 0.1855 -0.5493 0.5707 0.4014 0.4597 -0.9288 -0.0209 -0.3696 -0.0149
-0.7137 0.1975 0.5735 0.3502 -0.6086 0.4576 0.6192 0.192 -0.7463 0.2311 0.6005 0.1705 -0.6224 -0.1786 0.7366 0.1952 -0.7289 0.3791 0.5505 0.1481 -0.7281 -0.3101 0.5452 0.2766 -0.9428 -0.1951 -0.27 0.012 -0.6466 0.2537 0.7019 0.1578 -0.5493 0.5707 0.4014 0.4597 -0.9288 -0.0209 -0.3696 -0.0149
-0.7137 0.1975 0.5735 0.3502 -0.6086 0.4576 0.6192 0.192 -0.7463 0.2311 0.6005 0.1705 -0.6224 -0.1786 0.7366 0.1952 -0.7289 0.3791 0.5505 0.1481 -0.7281 -0.3101 0.5452 0.2766 -0.9428 -0.1951 -0.27 0.012 -0.6466 0.2537 0.7019 0.1578 -0.5493 0.5707 0.4014 0.4597 -0.9288 -0.0209 -0.3696 -0.0149
-0.7137 0.1975 0.5735 0.3502 -0.6086 0.4576 0.6192 0.192 -0.7463 0.2311 0.6005 0.1705 -0.5699 -0.1785 0.7666 0.236 -0.7289 0.3791 0.5505 0.1481 -0.7281 -0.3101 0.5452 0.2766 -0.973 -0.178 -0.1436 -0.032 -0.6466 0.2537 0.7019 0.1578 -0.5493 0.5707 0.4014 0.4597 -0.9288 -0.0209 -0.3696 -0.0149
-0.7137 0.1975 0.5735 0.3502 -0.6086 0.4576 0.6192 0.192 -0.7463 0.2311 0.6005 0.1705 -0.5699 -0.1785 0.7666 0.236 -0.7289 0.3791 0.5505 0.1481 -0.7281 -0.3101 0.5452 0.2766 -0.973 -0.178 -0.1436 -0.032 -0.6466 0.2537 0.7019 0.1578 -0.5493 0.5707 0.4014 0.4597 -0.9288 -0.0209 -0.3696 -0.0149
-0.7137 0.1975 0.5735 0.3502 -0.6086 0.4576 0.6192 0.192 -0.7463 0.2311 0.6005 0.1705 -0.5699 -0.1785 0.7666 0.236 -0.7289 0.3791 0.5505 0.1481 -0.7281 -0.3101 0.5452 0.2766 -0.973 -0.178 -0.1436 -0.032 -0.6466 0.2537 0.7019 0.1578 -0.5493 0.5707 0.4014 0.4597 -0.9288 -0.0209 -0.3696 -0.0149
-0.7137 0.1975 0.5735 0.3502 -0.6086 0.4576 0.6192 0.192 -0.7463 0.2311 0.6005 0.1705 -0.5699 -0.1785 0.7666 0.236 -0.7289 0.3791 0.5505 0.1481 -0.7281 -0.3101 0.5452 0.2766 -0.973 -0.178 -0.1436 -0.032 -0.6466 0.2537 0.7019 0.1578 -0.5493 0.5707 0.4014 0.4597 -0.9288 -0.0209 -0.3696 -0.0149
-0.7175 0.1852 0.5715 0.3525 -0.6086 0.4576 0.6192 0.192 -0.7277 0.2359 0.5973 0.2409 -0.5699 -0.1785 0.7666 0.236 -0.7017 0.3577 0.6049 0.1171 -0.7281 -0.3101 0.5452 0.2766 -0.973 -0.178 -0.1436 -0.032 -0.6466 0.2537 0.7019 0.1578 -0.6264 0.5668 0.3597 0.3963 -0.9108 -0.0188 -0.4123 -0.0086
-0.7175 0.1852 0.5715 0.3525 -0.6086 0.4576 0.6192 0.192 -0.7277 0.2359 0.5973 0.2409 -0.5699 -0.1785 0.7666 0.236 -0.7017 0.3577 0.6049 0.1171 -0.7281 -0.3101 0.5452 0.2766 -0.973 -0.178 -0.1436 -0.032 -0.6466 0.2537 0.7019 0.1578 -0.6264 0.5668 0.3597 0.3963 -0.9108 -0.0188 -0.4123 -0.0086
-0.7175 0.1852 0.5715 0.3525 -0.6086 0.4576 0.6192 0.192 -0.7277 0.2359 0.5973 0.2409 -0.5699 -0.1785 0.7666 0.236 -0.7017 0.3577 0.6049 0.1171 -0.7281 -0.3101 0.5452 0.2766 -0.973 -0.178 -0.1436 -0.032 -0.6466 0.2537 0.7019 0.1578 -0.6264 0.5668 0.3597 0.3963 -0.9108 -0.0188 -0.4123 -0.0086
-0.7175 0.1852 0.5715 0.3525 -0.6086 0.4576 0.6192 0.192 -0.7277 0.2359 0.5973 0.2409 -0.5636 -0.1641 0.7709 0.2474 -0.7017 0.3577 0.6049 0.1171 -0.7281 -0.3101 0.5452 0.2766 -0.9543 -0.1815 -0.2372 -0.0096 -0.6899 0.1746 0.6915 0.1241 -0.6264 0.5668 0.3597 0.3963 -0.9108 -0.0188 -0.4123 -0.0086
-0.7175 0.1852 0.5715 0.3525 -0.6086 0.4576 0.6192 0.192 -0.7277 0.2359 0.5973 0.2409 -0.5636 -0.1641 0.7709 0.2474 -0.7017 0.3577 0.6049 0.1171 -0.7281 -0.3101 0.5452 0.2766 -0.9543 -0.1815 -0.2372 -0.0096 -0.6899 0.1746 0.6915 0.1241 -0.6264 0.5668 0.3597 0.3963 -0.9108 -0.0188 -0.4123 -0.0086
-0.7175 0.1852 0.5715 0.3525 -0.6278 0.3729 0.6711 0.1284 -0.7277 0.2359 0.5973 0.2409 -0.5636 -0.1641 0.7709 0.2474 -0.7017 0.3577 0.6049 0.1171 -0.7154 -0.1721 0.6669 -0.1173 -0.9543 -0.1815 -0.2372 -0.0096 -0.6899 0.1746 0.6915 0.1241 -0.6264 0.5668 0.3597 0.3963 -0.9108 -0.0188 -0.4123 -0.0086
-0.7175 0.1852 0.5715 0.3525 -0.6278 0.3729 0.6711 0.1284 -0.7277 0.2359 0.5973 0.2409 -0.5636 -0.1641 0.7709 0.2474 -0.7017 0.3577 0.6049 0.1171 -0.7154 -0.1721 0.6669 -0.1173 -0.9543 -0.1815 -0.2372 -0.0096 -0.6899 0.1746 0.6915 0.1241 -0.6264 0.5668 0.3597 0.3963 -0.9108 -0.0188 -0.4123 -0.0086
-0.7372 0.1726 0.5753 0.3094 -0.6278 0.3729 0.6711 0.1284 -0.7205 0.223 0.6093 0.2448 -0.5636 -0.1641 0.7709 0.2474 -0.6857 0.3389 0.6343 0.1125 -0.7154 -0.1721 0.6669 -0.1173 -0.9543 -0.1815 -0.2372 -0.0096 -0.6899 0.1746 0.6915 0.1241 -0.6952 0.5941 0.2736 0.2983 -0.9108 -0.0188 -0.4123 -0.0086
-0.7372 0.1726 0.5753 0.3094 -0.6278 0.3729 0.6711 0.1284 -0.7205 0.223 0.6093 0.2448 -0.5636 -0.1641 0.7709 0.2474 -0.6857 0.3389 0.6343 0.1125 -0.7154 -0.1721 0.6669 -0.1173 -0.9543 -0.1815 -0.2372 -0.0096 -0.7007 0.0608 0.6949 0.1497 -0.6952 0.5941 0.2736 0.2983 -0.9108 -0.0188 -0.4123 -0.0086
-0.7372 0.1726 0.5753 0.3094 -0.6278 0.3729 0.6711 0.1284 -0.7205 0.223 0.6093 0.2448 -0.5636 -0.1641 0.7709 0.2474 -0.6857 0.3389 0.6343 0.1125 -0.7154 -0.1721 0.6669 -0.1173 -0.9543 -0.1815 -0.2372 -0.0096 -0.7007 0.0608 0.6949 0.1497 -0.6952 0.5941 0.2736 0.2983 -0.9108 -0.0188 -0.4123 -0.0086
-0.7372 0.1726 0.5753 0.3094 -0.6278 0.3729 0.6711 0.1284 -0.7205 0.223 0.6093 0.2448 -0.5873 -0.1599 0.77 0.1911 -0.6857 0.3389 0.6343 0.1125 -0.7154 -0.1721 0.6669 -0.1173 -0.9479 -0.164 -0.2729 -0.0105 -0.7007 0.0608 0.6949 0.1497 -0.6952 0.5941 0.2736 0.2983 -0.9108 -0.0188 -0.4123 -0.0086
-0.7372 0.1726 0.5753 0.3094 -0.6278 0.3729 0.6711 0.1284 -0.7205 0.223 0.6093 0.2448 -0.5873 -0.1599 0.77 0.1911 -0.6857 0.3389 0.6343 0.1125 -0.7154 -0.1721 0.6669 -0.1173 -0.9479 -0.164 -0.2729 -0.0105 -0.7007 0.0608 0.6949 0.1497 -0.6952 0.5941 0.2736 0.2983 -0.9108 -0.0188 -0.4123 -0.0086
-0.7372 0.1726 0.5753 0.3094 -0.6278 0.3729 0.6711 0.1284 -0.7205 0.223 0.6093 0.2448 -0.5873 -0.1599 0.77 0.1911 -0.6857 0.3389 0.6343 0.1125 -0.7154 -0.1721 0.6669 -0.1173 -0.9479 -0.164 -0.2729 -0.0105 -0.7007 0.0608 0.6949 0.1497 -0.6952 0.5941 0.2736 0.2983 -0.9108 -0.0188 -0.4123 -0.0086
-0.7372 0.1726 0.5753 0.3094 -0.6278 0.3729 0.6711 0.1284 -0.7159 0.2068 0.6343 0.2062 -0.5873 -0.1599 0.77 0.1911 -0.6857 0.3389 0.6343 0.1125 -0.7154 -0.1721 0.6669 -0.1173 -0.9479 -0.164 -0.2729 -0.0105 -0.7007 0.0608 0.6949 0.1497 -0.6952 0.5941 0.2736 0.2983 -0.9108 -0.0188 -0.4123 -0.0086
-0.7372 0.1726 0.5753 0.3094 -0.6278 0.3729 0.6711 0.1284 -0.7159 0.2068 0.6343 0.2062 -0.5873 -0.1599 0.77 0.1911 -0.6857 0.3389 0.6343 0.1125 -0.7154 -0.1721 0.6669 -0.1173 -0.9479 -0.164 -0.2729 -0.0105 -0.7007 0.0608 0.6949 0.1497 -0.6952 0.5941 0.2736 0.2983 -0.9108 -0.0188 -0.4123 -0.0086
-0.7717 0.1349 0.583 0.2151 -0.6278 0.3729 0.6711 0.1284 -0.7159 0.2068 0.6343 0.2062 -0.5873 -0.1599 0.77 0.1911 -0.6857 0.3389 0.6343 0.1125 -0.7154 -0.1721 0.6669 -0.1173 -0.9479 -0.164 -0.2729 -0.0105 -0.7007 0.0608 0.6949 0.1497 -0.7195 0.5756 0.2736 0.276 -0.9108 -0.0188 -0.4123 -0.0086
-0.7717 0.1349 0.583 0.2151 -0.6278 0.3729 0.6711 0.1284 -0.7159 0.2068 0.6343 0.2062 -0.5873 -0.1599 0.77 0.1911 -0.6857 0.3389 0.6343 0.1125 -0.7154 -0.1721 0.6669 -0.1173 -0.9479 -0.164 -0.2729 -0.0105 -0.6592 0.0529 0.7065 0.2519 -0.7195 0.5756 0.2736 0.276 -0.9108 -0.0188 -0.4123 -0.0086
-0.7717 0.1349 0.583 0.2151 -0.6278 0.3729 0.6711 0.1284 -0.7159 0.2068 0.6343 0.2062 -0.6623 -0.1188 0.7314 0.1113 -0.6857 0.3389 0.6343 0.1125 -0.7154 -0.1721 0.6669 -0.1173 -0.9409 -0.1624 -0.2974 -0.0069 -0.6592 0.0529 0.7065 0.2519 -0.7195 0.5756 0.2736 0.276 -0.9108 -0.0188 -0.4123 -0.0086
-0.7717 0.1349 0.583 0.2151 -0.6278 0.3729 0.6711 0.1284 -0.7159 0.2068 0.6343 0.2062 -0.6623 -0.1188 0.7314 0.1113 -0.6857 0.3389 0.6343 0.1125 -0.7154 -0.1721 0.6669 -0.1173 -0.9409 -0.1624 -0.2974 -0.0069 -0.6592 0.0529 0.7065 0.2519 -0.7195 0.5756 0.2736 0.276 -0.9108 -0.0188 -0.4123 -0.0086
-0.7717 0.1349 0.583 0.2151 -0.6278 0.3729 0.6711 0.1284 -0.7159 0.2068 0.6343 0.2062 -0.6623 -0.1188 0.7314 0.1113 -0.6857 0.3389 0.6343 0.1125 -0.7154 -0.1721 0.6669 -0.1173 -0.9409 -0.1624 -0.2974 -0.0069 -0.6592 0.0529 0.7065 0.2519 -0.7195 0.5756 0.2736 0.276 -0.9108 -0.0188 -0.4123 -0.0086
-0.7717 0.1349 0.583 0.2151 -0.6278 0.3729 0.6711 0.1284 -0.7204 0.2148 0.6362 0.1738 -0.6623 -0.1188 0.7314 0.1113 -0.6857 0.3389 0.6343 0.1125 -0.7154 -0.1721 0.6669 -0.1173 -0.9409 -0.1624 -0.2974 -0.0069 -0.6592 0.0529 0.7065 0.2519 -0.7195 0.5756 0.2736 0.276 -0.9108 -0.0188 -0.4123 -0.0086
-0.774 0.1387 0.5887 0.1872 -0.6278 0.3729 0.6711 0.1284 -0.7204 0.2148 0.6362 0.1738 -0.6623 -0.1188 0.7314 0.1113 -0.6857 0.3389 0.6343 0.1125 -0.7154 -0.1721 0.6669 -0.1173 -0.9409 -0.1624 -0.2974 -0.0069 -0.6592 0.0529 0.7065 0.2519 -0.7195 0.5756 0.2736 0.276 -0.9108 -0.0188 -0.4123 -0.0086
-0.774 0.1387 0.5887 0.1872 -0.6278 0.3729 0.6711 0.1284 -0.7204 0.2148 0.6362 0.1738 -0.6623 -0.1188 0.7314 0.1113 -0.6857 0.3389 0.6343 0.1125 -0.7154 -0.1721 0.6669 -0.1173 -0.9409 -0.1624 -0.2974 -0.0069 -0.6592 0.0529 0.7065 0.2519 -0.6275 0.5667 0.3876 0.3674 -0.9108 -0.0188 -0.4123 -0.0086
-0.774 0.1387 0.5887 0.1872 -0.6278 0.3729 0.6711 0.1284 -0.7204 0.2148 0.6362 0.1738 -0.7386 -0.0764 0.6678 0.0514 -0.6857 0.3389 0.6343 0.1125 -0.7154 -0.1721 0.6669 -0.1173 -0.932 -0.1591 -0.3257 0.006 -0.6155 0.1193 0.6906 0.3605 -0.6275 0.5667 0.3876 0.3674 -0.9108 -0.0188 -0.4123 -0.0086
-0.774 0.1387 0.5887 0.1872 -0.6278 0.3729 0.6711 0.1284 -0.7204 0.2148 0.6362 0.1738 -0.7386 -0.0764 0.6678 0.0514 -0.6857 0.3389 0.6343 0.1125 -0.7154 -0.1721 0.6669 -0.1173 -0.932 -0.1591 -0.3257 0.006 -0.6155 0.1193 0.6906 0.3605 -0.6275 0.5667 0.3876 0.3674 -0.9108 -0.0188 -0.4123 -0.0086
-0.774 0.1387 0.5887 0.1872 -0.6278 0.3729 0.6711 0.1284 -0.7204 0.2148 0.6362 0.1738 -0.7386 -0.0764 0.6678 0.0514 -0.6857 0.3389 0.6343 0.1125 -0.7154 -0.1721 0.6669 -0.1173 -0.932 -0.1591 -0.3257 0.006 -0.6155 0.1193 0.6906 0.3605 -0.6275 0.5667 0.3876 0.3674 -0.9108 -0.0188 -0.4123 -0.0086
-0.774 0.1387 0.5887 0.1872 -0.6278 0.3729 0.6711 0.1284 -0.7204 0.2148 0.6362 0.1738 -0.7386 -0.0764 0.6678 0.0514 -0.6857 0.3389 0.6343 0.1125 -0.7154 -0.1721 0.6669 -0.1173 -0.932 -0.1591 -0.3257 0.006 -0.6155 0.1193 0.6906 0.3605 -0.6275 0.5667 0.3876 0.3674 -0.9108 -0.0188 -0.4123 -0.0086
-0.774 0.1387 0.5887 0.1872 -0.6072 0.3839 0.694 0.0469 -0.7376 0.2073 0.6359 0.0933 -0.7386 -0.0764 0.6678 0.0514 -0.5957 0.3597 0.6788 0.2342 -0.722 -0.2241 0.6545 0.0031 -0.932 -0.1591 -0.3257 0.006 -0.6155 0.1193 0.6906 0.3605 -0.6275 0.5667 0.3876 0.3674 -0.9108 -0.0188 -0.4123 -0.0086
-0.7737 0.1378 0.59 0.1849 -0.6072 0.3839 0.694 0.0469 -0.7376 0.2073 0.6359 0.0933 -0.7386 -0.0764 0.6678 0.0514 -0.5957 0.3597 0.6788 0.2342 -0.722 -0.2241 0.6545 0.0031 -0.932 -0.1591 -0.3257 0.006 -0.6155 0.1193 0.6906 0.3605 -0.5103 0.477 0.5382 0.4716 -0.9108 -0.0188 -0.4123 -0.0086
-0.7737 0.1378 0.59 0.1849 -0.6072 0.3839 0.694 0.0469 -0.7376 0.2073 0.6359 0.0933 -0.7386 -0.0764 0.6678 0.0514 -0.5957 0.3597 0.6788 0.2342 -0.722 -0.2241 0.6545 0.0031 -0.932 -0.1591 -0.3257 0.006 -0.5938 0.0906 0.73 0.326 -0.5103 0.477 0.5382 0.4716 -0.9108 -0.0188 -0.4123 -0.0086
-0.7737 0.1378 0.59 0.1849 -0.6072 0.3839 0.694 0.0469 -0.7376 0.2073 0.6359 0.0933 -0.7386 -0.0764 0.6678 0.0514 -0.5957 0.3597 0.6788 0.2342 -0.722 -0.2241 0.6545 0.0031 -0.932 -0.1591 -0.3257 0.006 -0.5938 0.0906 0.73 0.326 -0.5103 0.477 0.5382 0.4716 -0.9108 -0.0188 -0.4123 -0.0086
-0.7737 0.1378 0.59 0.1849 -0.6072 0.3839 0.694 0.0469 -0.7376 0.2073 0.6359 0.0933 -0.7765 -0.0709 0.626 -0.0101 -0.5957 0.3597 0.6788 0.2342 -0.722 -0.2241 0.6545 0.0031 -0.9345 -0.1379 -0.3268 0.0299 -0.5938 0.0906 0.73 0.326 -0.5103 0.477 0.5382 0.4716 -0.9108 -0.0188 -0.4123 -0.0086
-0.7737 0.1378 0.59 0.1849 -0.6072 0.3839 0.694 0.0469 -0.7376 0.2073 0.6359 0.0933 -0.7765 -0.0709 0.626 -0.0101 -0.5957 0.3597 0.6788 0.2342 -0.722 -0.2241 0.6545 0.0031 -0.9345 -0.1379 -0.3268 0.0299 -0.5938 0.0906 0.73 0.326 -0.5103 0.477 0.5382 0.4716 -0.9108 -0.0188 -0.4123 -0.0086
-0.7737 0.1378 0.59 0.1849 -0.5819 0.4095 0.701 0.0484 -0.7376 0.2073 0.6359 0.0933 -0.7765 -0.0709 0.626 -0.0101 -0.5957 0.3597 0.6788 0.2342 -0.722 -0.2241 0.6545 0.0031 -0.9345 -0.1379 -0.3268 0.0299 -0.5938 0.0906 0.73 0.326 -0.5103 0.477 0.5382 0.4716 -0.9108 -0.0188 -0.4123 -0.0086
-0.7737 0.1378 0.59 0.1849 -0.5819 0.4095 0.701 0.0484 -0.7421 0.205 0.6377 0.0262 -0.7765 -0.0709 0.626 -0.0101 -0.5957 0.3597 0.6788 0.2342 -0.722 -0.2241 0.6545 0.0031 -0.9345 -0.1379 -0.3268 0.0299 -0.5938 0.0906 0.73 0.326 -0.5103 0.477 0.5382 0.4716 -0.9108 -0.0188 -0.4123 -0.0086
-0.7737 0.1378 0.59 0.1849 -0.5819 0.4095 0.701 0.0484 -0.7421 0.205 0.6377 0.0262 -0.7765 -0.0709 0.626 -0.0101 -0.5957 0.3597 0.6788 0.2342 -0.722 -0.2241 0.6545 0.0031 -0.9345 -0.1379 -0.3268 0.0299 -0.5938 0.0906 0.73 0.326 -0.5103 0.477 0.5382 0.4716 -0.9108 -0.0188 -0.4123 -0.0086
-0.7737 0.1378 0.59 0.1849 -0.5819 0.4095 0.701 0.0484 -0.7421 0.205 0.6377 0.0262 -0.7765 -0.0709 0.626 -0.0101 -0.577 0.3432 0.6985 0.2474 -0.722 -0.2241 0.6545 0.0031 -0.9345 -0.1379 -0.3268 0.0299 -0.5703 0.1462 0.7355 0.3354 -0.4254 0.3923 0.6271 0.5214 -0.9108 -0.0188 -0.4123 -0.0086
-0.7737 0.1378 0.59 0.1849 -0.5819 0.4095 0.701 0.0484 -0.7421 0.205 0.6377 0.0262 -0.7765 -0.0709 0.626 -0.0101 -0.577 0.3432 0.6985 0.2474 -0.722 -0.2241 0.6545 0.0031 -0.9345 -0.1379 -0.3268 0.0299 -0.5703 0.1462 0.7355 0.3354 -0.4254 0.3923 0.6271 0.5214 -0.9108 -0.0188 -0.4123 -0.0086
-0.7737 0.1378 0.59 0.1849 -0.5819 0.4095 0.701 0.0484 -0.7421 0.205 0.6377 0.0262 -0.7952 -0.0732 0.5994 -0.0544 -0.577 0.3432 0.6985 0.2474 -0.722 -0.2241 0.6545 0.0031 -0.9241 -0.1329 -0.3566 0.0356 -0.5703 0.1462 0.7355 0.3354 -0.4254 0.3923 0.6271 0.5214 -0.9108 -0.0188 -0.4123 -0.0086
-0.7737 0.1378 0.59 0.1849 -0.5819 0.4095 0.701 0.0484 -0.7421 0.205 0.6377 0.0262 -0.7952 -0.0732 0.5994 -0.0544 -0.577 0.3432 0.6985 0.2474 -0.722 -0.2241 0.6545 0.0031 -0.9241 -0.1329 -0.3566 0.0356 -0.5703 0.1462 0.7355 0.3354 -0.4254 0.3923 0.6271 0.5214 -0.9108 -0.0188 -0.4123 -0.0086
-0.7737 0.1378 0.59 0.1849 -0.5819 0.4095 0.701 0.0484 -0.7421 0.205 0.6377 0.0262 -0.7952 -0.0732 0.5994 -0.0544 -0.577 0.3432 0.6985 0.2474 -0.722 -0.2241 0.6545 0.0031 -0.9241 -0.1329 -0.3566 0.0356 -0.5703 0.1462 0.7355 0.3354 -0.4254 0.3923 0.6271 0.5214 -0.9108 -0.0188 -0.4123 -0.0086
-0.7737 0.1378 0.59 0.1849 -0.5819 0.4095 0.701 0.0484 -0.7432 0.1832 0.6434 -0.0092 -0.7952 -0.0732 0.5994 -0.0544 -0.577 0.3432 0.6985 0.2474 -0.722 -0.2241 0.6545 0.0031 -0.9241 -0.1329 -0.3566 0.0356 -0.5703 0.1462 0.7355 0.3354 -0.4254 0.3923 0.6271 0.5214 -0.9108 -0.0188 -0.4123 -0.0086
-0.7485 0.1545 0.6111 0.206 -0.5819 0.4095 0.701 0.0484 -0.7432 0.1832 0.6434 -0.0092 -0.7952 -0.0732 0.5994 -0.0544 -0.5609 0.336 0.7029 0.2803 -0.722 -0.2241 0.6545 0.0031 -0.9241 -0.1329 -0.3566 0.0356 -0.5703 0.1462 0.7355 0.3354 -0.4442 0.4518 0.5662 0.5272 -0.9108 -0.0188 -0.4123 -0.0086
-0.7485 0.1545 0.6111 0.206 -0.5819 0.4095 0.701 0.0484 -0.7432 0.1832 0.6434 -0.0092 -0.7952 -0.0732 0.5994 -0.0544 -0.5609 0.336 0.7029 0.2803 -0.722 -0.2241 0.6545 0.0031 -0.9241 -0.1329 -0.3566 0.0356 -0.5649 0.153 0.7393 0.3331 -0.4442 0.4518 0.5662 0.5272 -0.9108 -0.0188 -0.4123 -0.0086
-0.7485 0.1545 0.6111 0.206 -0.5819 0.4095 0.701 0.0484 -0.7432 0.1832 0.6434 -0.0092 -0.7952 -0.0732 0.5994 -0.0544 -0.5609 0.336 0.7029 0.2803 -0.722 -0.2241 0.6545 0.0031 -0.9241 -0.1329 -0.3566 0.0356 -0.5649 0.153 0.7393 0.3331 -0.4442 0.4518 0.5662 0.5272 -0.9108 -0.0188 -0.4123 -0.0086
-0.7485 0.1545 0.6111 0.206 -0.5819 0.4095 0.701 0.0484 -0.7432 0.1832 0.6434 -0.0092 -0.7921 -0.0892 0.5983 -0.082 -0.5609 0.336 0.7029 0.2803 -0.722 -0.2241 0.6545 0.0031 -0.8514 -0.1542 -0.4993 0.0451 -0.5649 0.153 0.7393 0.3331 -0.4442 0.4518 0.5662 0.5272 -0.9108 -0.0188 -0.4123 -0.0086
-0.7485 0.1545 0.6111 0.206 -0.5819 0.4095 0.701 0.0484 -0.7432 0.1832 0.6434 -0.0092 -0.7921 -0.0892 0.5983 -0.082 -0.5609 0.336 0.7029 0.2803 -0.722 -0.2241 0.6545 0.0031 -0.8514 -0.1542 -0.4993 0.0451 -0.5649 0.153 0.7393 0.3331 -0.4442 0.4518 0.5662 0.5272 -0.9108 -0.0188 -0.4123 -0.0086
-0.7485 0.1545 0.6111 0.206 -0.6128 0.3744 0.6741 0.1729 -0.7432 0.1832 0.6434 -0.0092 -0.7921 -0.0892 0.5983 -0.082 -0.5609 0.336 0.7029 0.2803 -0.7247 -0.3598 0.5609 0.1753 -0.8514 -0.1542 -0.4993 0.0451 -0.5649 0.153 0.7393 0.3331 -0.4442 0.4518 0.5662 0.5272 -0.9492 -0.0162 -0.3109 -0.0455
-0.7485 0.1545 0.6111 0.206 -0.6128 0.3744 0.6741 0.1729 -0.7432 0.1832 0.6434 -0.0092 -0.7921 -0.0892 0.5983 -0.082 -0.5609 0.336 0.7029 0.2803 -0.7247 -0.3598 0.5609 0.1753 -0.8514 -0.1542 -0.4993 0.0451 -0.5649 0.153 0.7393 0.3331 -0.4442 0.4518 0.5662 0.5272 -0.9492 -0.0162 -0.3109 -0.0455
-0.7386 0.162 0.6147 0.2244 -0.6128 0.3744 0.6741 0.1729 -0.7369 0.1855 0.6497 0.0178 -0.7921 -0.0892 0.5983 -0.082 -0.5609 0.336 0.7029 0.2803 -0.7247 -0.3598 0.5609 0.1753 -0.8514 -0.1542 -0.4993 0.0451 -0.5649 0.153 0.7393 0.3331 -0.4561 0.5281 0.492 0.5207 -0.9492 -0.0162 -0.3109 -0.0455
-0.7386 0.162 0.6147 0.2244 -0.6128 0.3744 0.6741 0.1729 -0.7369 0.1855 0.6497 0.0178 -0.7921 -0.0892 0.5983 -0.082 -0.5609 0.336 0.7029 0.2803 -0.7247 -0.3598 0.5609 0.1753 -0.8514 -0.1542 -0.4993 0.0451 -0.5649 0.153 0.7393 0.3331 -0.4561 0.5281 0.492 0.5207 -0.9492 -0.0162 -0.3109 -0.0455
-0.7386 0.162 0.6147 0.2244 -0.6128 0.3744 0.6741 0.1729 -0.7369 0.1855 0.6497 0.0178 -0.7921 -0.0892 0.5983 -0.082 -0.5609 0.336 0.7029 0.2803 -0.7247 -0.3598 0.5609 0.1753 -0.6194 -0.2198 -0.7438 0.1219 -0.5709 0.1902 0.7417 0.2963 -0.4561 0.5281 0.492 0.5207 -0.9492 -0.0162 -0.3109 -0.0455
-0.7386 0.162 0.6147 0.2244 -0.6128 0.3744 0.6741 0.1729 -0.7369 0.1855 0.6497 0.0178 -0.7637 -0.078 0.6407 -0.0109 -0.5609 0.336 0.7029 0.2803 -0.7247 -0.3598 0.5609 0.1753 -0.6194 -0.2198 -0.7438 0.1219 -0.5709 0.1902 0.7417 0.2963 -0.4561 0.5281 0.492 0.5207 -0.9492 -0.0162 -0.3109 -0.0455
-0.7386 0.162 0.6147 0.2244 -0.6128 0.3744 0.6741 0.1729 -0.7369 0.1855 0.6497 0.0178 -0.7637 -0.078 0.6407 -0.0109 -0.5609 0.336 0.7029 0.2803 -0.7247 -0.3598 0.5609 0.1753 -0.6194 -0.2198 -0.7438 0.1219 -0.5709 0.1902 0.7417 0.2963 -0.4561 0.5281 0.492 0.5207 -0.9492 -0.0162 -0.3109 -0.0455
-0.7386 0.162 0.6147 0.2244 -0.6128 0.3744 0.6741 0.1729 -0.7369 0.1855 0.6497 0.0178 -0.7637 -0.078 0.6407 -0.0109 -0.5609 0.336 0.7029 0.2803 -0.7247 -0.3598 0.5609 0.1753 -0.6194 -0.2198 -0.7438 0.1219 -0.5709 0.1902 0.7417 0.2963 -0.4561 0.5281 0.492 0.5207 -0.9492 -0.0162 -0.3109 -0.0455
-0.7299 0.1917 0.5999 0.2657 -0.6216 0.3915 0.6409 0.2229 -0.7364 0.2285 0.632 0.0786 -0.7637 -0.078 0.6407 -0.0109 -0.5609 0.336 0.7029 0.2803 -0.7107 -0.3734 0.5183 0.2947 -0.6194 -0.2198 -0.7438 0.1219 -0.5709 0.1902 0.7417 0.2963 -0.4561 0.5281 0.492 0.5207 -0.9411 -0.0042 -0.3346 -0.0479
-0.7299 0.1917 0.5999 0.2657 -0.6216 0.3915 0.6409 0.2229 -0.7364 0.2285 0.632 0.0786 -0.7637 -0.078 0.6407 -0.0109 -0.5609 0.336 0.7029 0.2803 -0.7107 -0.3734 0.5183 0.2947 -0.6194 -0.2198 -0.7438 0.1219 -0.5709 0.1902 0.7417 0.2963 -0.4892 0.5424 0.4767 0.4891 -0.9411 -0.0042 -0.3346 -0.0479
-0.7299 0.1917 0.5999 0.2657 -0.6216 0.3915 0.6409 0.2229 -0.7364 0.2285 0.632 0.0786 -0.7637 -0.078 0.6407 -0.0109 -0.5609 0.336 0.7029 0.2803 -0.7107 -0.3734 0.5183 0.2947 -0.6194 -0.2198 -0.7438 0.1219 -0.5709 0.1902 0.7417 0.2963 -0.4892 0.5424 0.4767 0.4891 -0.9411 -0.0042 -0.3346 -0.0479
-0.7299 0.1917 0.5999 0.2657 -0.6216 0.3915 0.6409 0.2229 -0.7364 0.2285 0.632 0.0786 -0.7104 -0.1028 0.6878 0.1084 -0.5609 0.336 0.7029 0.2803 -0.7107 -0.3734 0.5183 0.2947 -0.6194 -0.2198 -0.7438 0.1219 -0.5709 0.1902 0.7417 0.2963 -0.4892 0.5424 0.4767 0.4891 -0.9411 -0.0042 -0.3346 -0.0479
-0.7299 0.1917 0.5999 0.2657 -0.6216 0.3915 0.6409 0.2229 -0.7364 0.2285 0.632 0.0786 -0.7104 -0.1028 0.6878 0.1084 -0.5609 0.336 0.7029 0.2803 -0.7107 -0.3734 0.5183 0.2947 -0.6891 -0.1995 -0.6788 0.1564 -0.5709 0.1902 0.7417 0.2963 -0.4892 0.5424 0.4767 0.4891 -0.9411 -0.0042 -0.3346 -0.0479
-0.7299 0.1917 0.5999 0.2657 -0.6216 0.3915 0.6409 0.2229 -0.7364 0.2285 0.632 0.0786 -0.7104 -0.1028 0.6878 0.1084 -0.5609 0.336 0.7029 0.2803 -0.7107 -0.3734 0.5183 0.2947 -0.6891 -0.1995 -0.6788 0.1564 -0.5709 0.1902 0.7417 0.2963 -0.4892 0.5424 0.4767 0.4891 -0.9411 -0.0042 -0.3346 -0.0479
-0.7299 0.1917 0.5999 0.2657 -0.6216 0.3915 0.6409 0.2229 -0.7364 0.2285 0.632 0.0786 -0.7104 -0.1028 0.6878 0.1084 -0.5609 0.336 0.7029 0.2803 -0.7107 -0.3734 0.5183 0.2947 -0.6891 -0.1995 -0.6788 0.1564 -0.5709 0.1902 0.7417 0.2963 -0.4892 0.5424 0.4767 0.4891 -0.9411 -0.0042 -0.3346 -0.0479
-0.7299 0.1917 0.5999 0.2657 -0.6172 0.4158 0.6235 0.2393 -0.7462 0.2333 0.6089 0.1345 -0.7104 -0.1028 0.6878 0.1084 -0.7257 0.389 0.535 0.1889 -0.73 -0.3391 0.5499 0.2229 -0.6891 -0.1995 -0.6788 0.1564 -0.5709 0.1902 0.7417 0.2963 -0.4892 0.5424 0.4767 0.4891 -0.9382 -2.0E-4 -0.3436 -0.0411
-0.7227 0.1909 0.599 0.287 -0.6172 0.4158 0.6235 0.2393 -0.7462 0.2333 0.6089 0.1345 -0.7104 -0.1028 0.6878 0.1084 -0.7257 0.389 0.535 0.1889 -0.73 -0.3391 0.5499 0.2229 -0.6891 -0.1995 -0.6788 0.1564 -0.5709 0.1902 0.7417 0.2963 -0.5093 0.5588 0.4521 0.4731 -0.9382 -2.0E-4 -0.3436 -0.0411
-0.7227 0.1909 0.599 0.287 -0.6172 0.4158 0.6235 0.2393 -0.7462 0.2333 0.6089 0.1345 -0.7104 -0.1028 0.6878 0.1084 -0.7257 0.389 0.535 0.1889 -0.73 -0.3391 0.5499 0.2229 -0.6891 -0.1995 -0.6788 0.1564 -0.6093 0.2301 0.7357 0.1859 -0.5093 0.5588 0.4521 0.4731 -0.9382 -2.0E-4 -0.3436 -0.0411
-0.7227 0.1909 0.599 0.287 -0.6172 0.4158 0.6235 0.2393 -0.7462 0.2333 0.6089 0.1345 -0.7104 -0.1028 0.6878 0.1084 -0.7257 0.389 0.535 0.1889 -0.73 -0.3391 0.5499 0.2229 -0.6891 -0.1995 -0.6788 0.1564 -0.6093 0.2301 0.7357 0.1859 -0.5093 0.5588 0.4521 0.4731 -0.9382 -2.0E-4 -0.3436 -0.0411
-0.7227 0.1909 0.599 0.287 -0.6172 0.4158 0.6235 0.2393 -0.7462 0.2333 0.6089 0.1345 -0.6384 -0.1562 0.729 0.1913 -0.7257 0.389 0.535 0.1889 -0.73 -0.3391 0.5499 0.2229 -0.8629 -0.1914 -0.4625 0.0697 -0.6093 0.2301 0.7357 0.1859 -0.5093 0.5588 0.4521 0.4731 -0.9382 -2.0E-4 -0.3436 -0.0411
-0.7227 0.1909 0.599 0.287 -0.6172 0.4158 0.6235 0.2393 -0.7462 0.2333 0.6089 0.1345 -0.6384 -0.1562 0.729 0.1913 -0.7257 0.389 0.535 0.1889 -0.73 -0.3391 0.5499 0.2229 -0.8629 -0.1914 -0.4625 0.0697 -0.6093 0.2301 0.7357 0.1859 -0.5093 0.5588 0.4521 0.4731 -0.9382 -2.0E-4 -0.3436 -0.0411
-0.7227 0.1909 0.599 0.287 -0.6172 0.4158 0.6235 0.2393 -0.7462 0.2333 0.6089 0.1345 -0.6384 -0.1562 0.729 0.1913 -0.7257 0.389 0.535 0.1889 -0.73 -0.3391 0.5499 0.2229 -0.8629 -0.1914 -0.4625 0.0697 -0.6093 0.2301 0.7357 0.1859 -0.5093 0.5588 0.4521 0.4731 -0.9382 -2.0E-4 -0.3436 -0.0411
-0.7227 0.1909 0.599 0.287 -0.6196 0.4244 0.6192 0.2294 -0.7462 0.2333 0.6089 0.1345 -0.6384 -0.1562 0.729 0.1913 -0.7257 0.389 0.535 0.1889 -0.7702 -0.1793 0.6102 0.0484 -0.8629 -0.1914 -0.4625 0.0697 -0.6093 0.2301 0.7357 0.1859 -0.5093 0.5588 0.4521 0.4731 -0.9382 -2.0E-4 -0.3436 -0.0411
-0.7214 0.1958 0.5823 0.3197 -0.6196 0.4244 0.6192 0.2294 -0.7368 0.2444 0.6058 0.1744 -0.6384 -0.1562 0.729 0.1913 -0.7399 0.3492 0.5646 0.1089 -0.7702 -0.1793 0.6102 0.0484 -0.8629 -0.1914 -0.4625 0.0697 -0.6093 0.2301 0.7357 0.1859 -0.5093 0.5588 0.4521 0.4731 -0.9305 -0.0049 -0.3638 -0.0425
-0.7214 0.1958 0.5823 0.3197 -0.6196 0.4244 0.6192 0.2294 -0.7368 0.2444 0.6058 0.1744 -0.6384 -0.1562 0.729 0.1913 -0.7399 0.3492 0.5646 0.1089 -0.7702 -0.1793 0.6102 0.0484 -0.8629 -0.1914 -0.4625 0.0697 -0.6093 0.2301 0.7357 0.1859 -0.5093 0.5588 0.4521 0.4731 -0.9305 -0.0049 -0.3638 -0.0425
-0.7214 0.1958 0.5823 0.3197 -0.6196 0.4244 0.6192 0.2294 -0.7368 0.2444 0.6058 0.1744 -0.6384 -0.1562 0.729 0.1913 -0.7399 0.3492 0.5646 0.1089 -0.7702 -0.1793 0.6102 0.0484 -0.8629 -0.1914 -0.4625 0.0697 -0.6299 0.2492 0.7197 0.1519 -0.5093 0.5588 0.4521 0.4731 -0.9305 -0.0049 -0.3638 -0.0425
-0.7214 0.1958 0.5823 0.3197 -0.6196 0.4244 0.6192 0.2294 -0.7368 0.2444 0.6058 0.1744 -0.572 -0.196 0.7576 0.2458 -0.7399 0.3492 0.5646 0.1089 -0.7702 -0.1793 0.6102 0.0484 -0.9547 -0.1856 -0.2318 -0.018 -0.6299 0.2492 0.7197 0.1519 -0.5093 0.5588 0.4521 0.4731 -0.9305 -0.0049 -0.3638 -0.0425
-0.7214 0.1958 0.5823 0.3197 -0.6134 0.4283 0.6267 0.2179 -0.7368 0.2444 0.6058 0.1744 -0.572 -0.196 0.7576 0.2458 -0.7399 0.3492 0.5646 0.1089 -0.7702 -0.1793 0.6102 0.0484 -0.9547 -0.1856 -0.2318 -0.018 -0.6299 0.2492 0.7197 0.1519 -0.5093 0.5588 0.4521 0.4731 -0.9305 -0.0049 -0.3638 -0.0425
-0.7214 0.1958 0.5823 0.3197 -0.6134 0.4283 0.6267 0.2179 -0.7322 0.2404 0.6042 0.2022 -0.572 -0.196 0.7576 0.2458 -0.7399 0.3492 0.5646 0.1089 -0.7429 -0.0562 0.6559 -0.1212 -0.9547 -0.1856 -0.2318 -0.018 -0.6299 0.2492 0.7197 0.1519 -0.5093 0.5588 0.4521 0.4731 -0.9305 -0.0049 -0.3638 -0.0425
-0.7214 0.1958 0.5823 0.3197 -0.6134 0.4283 0.6267 0.2179 -0.7322 0.2404 0.6042 0.2022 -0.572 -0.196 0.7576 0.2458 -0.7399 0.3492 0.5646 0.1089 -0.7429 -0.0562 0.6559 -0.1212 -0.9547 -0.1856 -0.2318 -0.018 -0.6299 0.2492 0.7197 0.1519 -0.5093 0.5588 0.4521 0.4731 -0.9305 -0.0049 -0.3638 -0.0425
-0.7214 0.1958 0.5823 0.3197 -0.6134 0.4283 0.6267 0.2179 -0.7322 0.2404 0.6042 0.2022 -0.572 -0.196 0.7576 0.2458 -0.7399 0.3492 0.5646 0.1089 -0.7429 -0.0562 0.6559 -0.1212 -0.9547 -0.1856 -0.2318 -0.018 -0.6299 0.2492 0.7197 0.1519 -0.5824 0.5744 0.3942 0.4189 -0.9305 -0.0049 -0.3638 -0.0425
-0.7214 0.1958 0.5823 0.3197 -0.6134 0.4283 0.6267 0.2179 -0.7322 0.2404 0.6042 0.2022 -0.572 -0.196 0.7576 0.2458 -0.7399 0.3492 0.5646 0.1089 -0.7429 -0.0562 0.6559 -0.1212 -0.9547 -0.1856 -0.2318 -0.018 -0.6511 0.2579 0.7028 0.1248 -0.5824 0.5744 0.3942 0.4189 -0.9305 -0.0049 -0.3638 -0.0425
-0.7214 0.1958 0.5823 0.3197 -0.6134 0.4283 0.6267 0.2179 -0.7322 0.2404 0.6042 0.2022 -0.572 -0.196 0.7576 0.2458 -0.7399 0.3492 0.5646 0.1089 -0.7429 -0.0562 0.6559 -0.1212 -0.9547 -0.1856 -0.2318 -0.018 -0.6511 0.2579 0.7028 0.1248 -0.5824 0.5744 0.3942 0.4189 -0.9305 -0.0049 -0.3638 -0.0425
-0.7214 0.1958 0.5823 0.3197 -0.6134 0.4283 0.6267 0.2179 -0.7322 0.2404 0.6042 0.2022 -0.5585 -0.1794 0.7646 0.2667 -0.7399 0.3492 0.5646 0.1089 -0.7429 -0.0562 0.6559 -0.1212 -0.9753 -0.1765 -0.1255 -0.0424 -0.6511 0.2579 0.7028 0.1248 -0.5824 0.5744 0.3942 0.4189 -0.9305 -0.0049 -0.3638 -0.0425
-0.7214 0.1958 0.5823 0.3197 -0.6134 0.4283 0.6267 0.2179 -0.7322 0.2404 0.6042 0.2022 -0.5585 -0.1794 0.7646 0.2667 -0.7399 0.3492 0.5646 0.1089 -0.7429 -0.0562 0.6559 -0.1212 -0.9753 -0.1765 -0.1255 -0.0424 -0.6511 0.2579 0.7028 0.1248 -0.5824 0.5744 0.3942 0.4189 -0.9305 -0.0049 -0.3638 -0.0425
-0.7214 0.1958 0.5823 0.3197 -0.6137 0.4137 0.6503 0.1713 -0.7322 0.2404 0.6042 0.2022 -0.5585 -0.1794 0.7646 0.2667 -0.7399 0.3492 0.5646 0.1089 -0.7429 -0.0562 0.6559 -0.1212 -0.9753 -0.1765 -0.1255 -0.0424 -0.6511 0.2579 0.7028 0.1248 -0.5824 0.5744 0.3942 0.4189 -0.9305 -0.0049 -0.3638 -0.0425
-0.7214 0.1958 0.5823 0.3197 -0.6137 0.4137 0.6503 0.1713 -0.7322 0.2404 0.6042 0.2022 -0.5585 -0.1794 0.7646 0.2667 -0.7399 0.3492 0.5646 0.1089 -0.7429 -0.0562 0.6559 -0.1212 -0.9753 -0.1765 -0.1255 -0.0424 -0.6511 0.2579 0.7028 0.1248 -0.5824 0.5744 0.3942 0.4189 -0.9305 -0.0049 -0.3638 -0.0425
-0.7237 0.1955 0.5751 0.3276 -0.6137 0.4137 0.6503 0.1713 -0.7322 0.2404 0.6042 0.2022 -0.5585 -0.1794 0.7646 0.2667 -0.7399 0.3492 0.5646 0.1089 -0.7429 -0.0562 0.6559 -0.1212 -0.9753 -0.1765 -0.1255 -0.0424 -0.6511 0.2579 0.7028 0.1248 -0.6378 0.59 0.3268 0.3719 -0.9305 -0.0049 -0.3638 -0.0425
-0.7237 0.1955 0.5751 0.3276 -0.6137 0.4137 0.6503 0.1713 -0.7322 0.2404 0.6042 0.2022 -0.5585 -0.1794 0.7646 0.2667 -0.7399 0.3492 0.5646 0.1089 -0.7429 -0.0562 0.6559 -0.1212 -0.9753 -0.1765 -0.1255 -0.0424 -0.6511 0.2579 0.7028 0.1248 -0.6378 0.59 0.3268 0.3719 -0.9305 -0.0049 -0.3638 -0.0425
-0.7237 0.1955 0.5751 0.3276 -0.6137 0.4137 0.6503 0.1713 -0.7322 0.2404 0.6042 0.2022 -0.5923 -0.1598 0.7573 0.2238 -0.7399 0.3492 0.5646 0.1089 -0.7429 -0.0562 0.6559 -0.1212 -0.951 -0.1476 -0.2713 0.0084 -0.6849 0.2283 0.6846 0.1009 -0.6378 0.59 0.3268 0.3719 -0.9305 -0.0049 -0.3638 -0.0425
-0.7237 0.1955 0.5751 0.3276 -0.6137 0.4137 0.6503 0.1713 -0.7322 0.2404 0.6042 0.2022 -0.5923 -0.1598 0.7573 0.2238 -0.7399 0.3492 0.5646 0.1089 -0.7429 -0.0562 0.6559 -0.1212 -0.951 -0.1476 -0.2713 0.0084 -0.6849 0.2283 0.6846 0.1009 -0.6378 0.59 0.3268 0.3719 -0.9305 -0.0049 -0.3638 -0.0425
-0.7237 0.1955 0.5751 0.3276 -0.6137 0.4137 0.6503 0.1713 -0.7322 0.2404 0.6042 0.2022 -0.5923 -0.1598 0.7573 0.2238 -0.7399 0.3492 0.5646 0.1089 -0.7429 -0.0562 0.6559 -0.1212 -0.951 -0.1476 -0.2713 0.0084 -0.6849 0.2283 0.6846 0.1009 -0.6378 0.59 0.3268 0.3719 -0.9305 -0.0049 -0.3638 -0.0425
-0.7237 0.1955 0.5751 0.3276 -0.6137 0.4137 0.6503 0.1713 -0.7322 0.2404 0.6042 0.2022 -0.5923 -0.1598 0.7573 0.2238 -0.7399 0.3492 0.5646 0.1089 -0.7429 -0.0562 0.6559 -0.1212 -0.951 -0.1476 -0.2713 0.0084 -0.6849 0.2283 0.6846 0.1009 -0.6378 0.59 0.3268 0.3719 -0.9305 -0.0049 -0.3638 -0.0425
-0.7446 0.1719 0.581 0.28 -0.6137 0.4137 0.6503 0.1713 -0.7322 0.2404 0.6042 0.2022 -0.5923 -0.1598 0.7573 0.2238 -0.7399 0.3492 0.5646 0.1089 -0.7429 -0.0562 0.6559 -0.1212 -0.951 -0.1476 -0.2713 0.0084 -0.6849 0.2283 0.6846 0.1009 -0.6378 0.59 0.3268 0.3719 -0.9305 -0.0049 -0.3638 -0.0425
-0.7446 0.1719 0.581 0.28 -0.6137 0.4137 0.6503 0.1713 -0.7322 0.2404 0.6042 0.2022 -0.5923 -0.1598 0.7573 0.2238 -0.7399 0.3492 0.5646 0.1089 -0.7429 -0.0562 0.6559 -0.1212 -0.951 -0.1476 -0.2713 0.0084 -0.6849 0.2283 0.6846 0.1009 -0.7108 0.603 0.2535 0.2587 -0.9305 -0.0049 -0.3638 -0.0425
-0.7446 0.1719 0.581 0.28 -0.6137 0.4137 0.6503 0.1713 -0.7322 0.2404 0.6042 0.2022 -0.5923 -0.1598 0.7573 0.2238 -0.7399 0.3492 0.5646 0.1089 -0.7429 -0.0562 0.6559 -0.1212 -0.951 -0.1476 -0.2713 0.0084 -0.7159 0.0924 0.677 0.1433 -0.7108 0.603 0.2535 0.2587 -0.9305 -0.0049 -0.3638 -0.0425
-0.7446 0.1719 0.581 0.28 -0.6137 0.4137 0.6503 0.1713 -0.7322 0.2404 0.6042 0.2022 -0.5923 -0.1598 0.7573 0.2238 -0.7399 0.3492 0.5646 0.1089 -0.7429 -0.0562 0.6559 -0.1212 -0.951 -0.1476 -0.2713 0.0084 -0.7159 0.0924 0.677 0.1433 -0.7108 0.603 0.2535 0.2587 -0.9305 -0.0049 -0.3638 -0.0425
-0.7446 0.1719 0.581 0.28 -0.6137 0.4137 0.6503 0.1713 -0.7322 0.2404 0.6042 0.2022 -0.6525 -0.1171 0.7352 0.1414 -0.7399 0.3492 0.5646 0.1089 -0.7429 -0.0562 0.6559 -0.1212 -0.9437 -0.1458 -0.2969 0.0042 -0.7159 0.0924 0.677 0.1433 -0.7108 0.603 0.2535 0.2587 -0.9305 -0.0049 -0.3638 -0.0425
-0.7446 0.1719 0.581 0.28 -0.6137 0.4137 0.6503 0.1713 -0.7322 0.2404 0.6042 0.2022 -0.6525 -0.1171 0.7352 0.1414 -0.7399 0.3492 0.5646 0.1089 -0.7429 -0.0562 0.6559 -0.1212 -0.9437 -0.1458 -0.2969 0.0042 -0.7159 0.0924 0.677 0.1433 -0.7108 0.603 0.2535 0.2587 -0.9305 -0.0049 -0.3638 -0.0425
-0.7446 0.1719 0.581 0.28 -0.6137 0.4137 0.6503 0.1713 -0.7322 0.2404 0.6042 0.2022 -0.6525 -0.1171 0.7352 0.1414 -0.7399 0.3492 0.5646 0.1089 -0.7429 -0.0562 0.6559 -0.1212 -0.9437 -0.1458 -0.2969 0.0042 -0.7159 0.0924 0.677 0.1433 -0.7108 0.603 0.2535 0.2587 -0.9305 -0.0049 -0.3638 -0.0425
-0.7446 0.1719 0.581 0.28 -0.6137 0.4137 0.6503 0.1713 -0.7322 0.2404 0.6042 0.2022 -0.6525 -0.1171 0.7352 0.1414 -0.7399 0.3492 0.5646 0.1089 -0.7429 -0.0562 0.6559 -0.1212 -0.9437 -0.1458 -0.2969 0.0042 -0.7159 0.0924 0.677 0.1433 -0.7108 0.603 0.2535 0.2587 -0.9305 -0.0049 -0.3638 -0.0425
-0.7759 0.1445 0.5665 0.2368 -0.6246 0.3637 0.6884 0.0607 -0.7127 0.2423 0.632 0.1844 -0.6525 -0.1171 0.7352 0.1414 -0.653 0.3518 0.6554 0.1423 -0.7109 -0.2072 0.6693 -0.0604 -0.9437 -0.1458 -0.2969 0.0042 -0.7159 0.0924 0.677 0.1433 -0.7325 0.5724 0.2767 0.2432 -0.7193 -0.0571 -0.6847 -0.1025
-0.7759 0.1445 0.5665 0.2368 -0.6246 0.3637 0.6884 0.0607 -0.7127 0.2423 0.632 0.1844 -0.6525 -0.1171 0.7352 0.1414 -0.653 0.3518 0.6554 0.1423 -0.7109 -0.2072 0.6693 -0.0604 -0.9437 -0.1458 -0.2969 0.0042 -0.7159 0.0924 0.677 0.1433 -0.7325 0.5724 0.2767 0.2432 -0.7193 -0.0571 -0.6847 -0.1025
-0.7759 0.1445 0.5665 0.2368 -0.6246 0.3637 0.6884 0.0607 -0.7127 0.2423 0.632 0.1844 -0.6525 -0.1171 0.7352 0.1414 -0.653 0.3518 0.6554 0.1423 -0.7109 -0.2072 0.6693 -0.0604 -0.9437 -0.1458 -0.2969 0.0042 -0.682 0.0037 0.7086 0.181 -0.7325 0.5724 0.2767 0.2432 -0.7193 -0.0571 -0.6847 -0.1025
-0.7759 0.1445 0.5665 0.2368 -0.6246 0.3637 0.6884 0.0607 -0.7127 0.2423 0.632 0.1844 -0.6912 -0.0741 0.7103 0.1113 -0.653 0.3518 0.6554 0.1423 -0.7109 -0.2072 0.6693 -0.0604 -0.9393 -0.1356 -0.3148 0.0151 -0.682 0.0037 0.7086 0.181 -0.7325 0.5724 0.2767 0.2432 -0.7193 -0.0571 -0.6847 -0.1025
-0.7759 0.1445 0.5665 0.2368 -0.6246 0.3637 0.6884 0.0607 -0.7127 0.2423 0.632 0.1844 -0.6912 -0.0741 0.7103 0.1113 -0.653 0.3518 0.6554 0.1423 -0.7109 -0.2072 0.6693 -0.0604 -0.9393 -0.1356 -0.3148 0.0151 -0.682 0.0037 0.7086 0.181 -0.7325 0.5724 0.2767 0.2432 -0.7193 -0.0571 -0.6847 -0.1025
-0.7759 0.1445 0.5665 0.2368 -0.6246 0.3637 0.6884 0.0607 -0.7127 0.2423 0.632 0.1844 -0.6912 -0.0741 0.7103 0.1113 -0.653 0.3518 0.6554 0.1423 -0.7109 -0.2072 0.6693 -0.0604 -0.9393 -0.1356 -0.3148 0.0151 -0.682 0.0037 0.7086 0.181 -0.7325 0.5724 0.2767 0.2432 -0.7193 -0.0571 -0.6847 -0.1025
-0.7794 0.1343 0.5689 0.2254 -0.6043 0.3895 0.695 0.0112 -0.7065 0.2532 0.6405 0.163 -0.6912 -0.0741 0.7103 0.1113 -0.653 0.3518 0.6554 0.1423 -0.7165 -0.2346 0.6569 -0.0123 -0.9393 -0.1356 -0.3148 0.0151 -0.682 0.0037 0.7086 0.181 -0.7325 0.5724 0.2767 0.2432 -0.7193 -0.0571 -0.6847 -0.1025
-0.7794 0.1343 0.5689 0.2254 -0.6043 0.3895 0.695 0.0112 -0.7065 0.2532 0.6405 0.163 -0.6912 -0.0741 0.7103 0.1113 -0.653 0.3518 0.6554 0.1423 -0.7165 -0.2346 0.6569 -0.0123 -0.9393 -0.1356 -0.3148 0.0151 -0.682 0.0037 0.7086 0.181 -0.6411 0.5331 0.4114 0.3683 -0.7193 -0.0571 -0.6847 -0.1025
-0.7794 0.1343 0.5689 0.2254 -0.6043 0.3895 0.695 0.0112 -0.7065 0.2532 0.6405 0.163 -0.6912 -0.0741 0.7103 0.1113 -0.653 0.3518 0.6554 0.1423 -0.7165 -0.2346 0.6569 -0.0123 -0.9393 -0.1356 -0.3148 0.0151 -0.6313 0.0957 0.694 0.3328 -0.6411 0.5331 0.4114 0.3683 -0.7193 -0.0571 -0.6847 -0.1025
-0.7794 0.1343 0.5689 0.2254 -0.6043 0.3895 0.695 0.0112 -0.7065 0.2532 0.6405 0.163 -0.6954 -0.1046 0.7056 0.0873 -0.653 0.3518 0.6554 0.1423 -0.7165 -0.2346 0.6569 -0.0123 -0.9393 -0.1356 -0.3148 0.0151 -0.6313 0.0957 0.694 0.3328 -0.6411 0.5331 0.4114 0.3683 -0.7193 -0.0571 -0.6847 -0.1025
-0.7794 0.1343 0.5689 0.2254 -0.6043 0.3895 0.695 0.0112 -0.7065 0.2532 0.6405 0.163 -0.6954 -0.1046 0.7056 0.0873 -0.653 0.3518 0.6554 0.1423 -0.7165 -0.2346 0.6569 -0.0123 -0.9393 -0.1356 -0.3148 0.0151 -0.6313 0.0957 0.694 0.3328 -0.6411 0.5331 0.4114 0.3683 -0.7193 -0.0571 -0.6847 -0.1025
-0.7794 0.1343 0.5689 0.2254 -0.5773 0.4023 0.7089 -0.0499 -0.7065 0.2532 0.6405 0.163 -0.6954 -0.1046 0.7056 0.0873 -0.653 0.3518 0.6554 0.1423 -0.7165 -0.2346 0.6569 -0.0123 -0.9393 -0.1356 -0.3148 0.0151 -0.6313 0.0957 0.694 0.3328 -0.6411 0.5331 0.4114 0.3683 -0.7193 -0.0571 -0.6847 -0.1025
-0.7794 0.1343 0.5689 0.2254 -0.5773 0.4023 0.7089 -0.0499 -0.7065 0.2532 0.6405 0.163 -0.6954 -0.1046 0.7056 0.0873 -0.653 0.3518 0.6554 0.1423 -0.7165 -0.2346 0.6569 -0.0123 -0.9393 -0.1356 -0.3148 0.0151 -0.6313 0.0957 0.694 0.3328 -0.6411 0.5331 0.4114 0.3683 -0.7193 -0.0571 -0.6847 -0.1025
-0.7908 0.1224 0.5601 0.2145 -0.5773 0.4023 0.7089 -0.0499 -0.7224 0.222 0.6432 0.1235 -0.6954 -0.1046 0.7056 0.0873 -0.6047 0.3445 0.6881 0.2054 -0.7155 -0.2779 0.6409 0.0073 -0.9393 -0.1356 -0.3148 0.0151 -0.6313 0.0957 0.694 0.3328 -0.6411 0.5331 0.4114 0.3683 -0.9465 -0.0185 -0.3079 -0.0944
-0.7908 0.1224 0.5601 0.2145 -0.5773 0.4023 0.7089 -0.0499 -0.7224 0.222 0.6432 0.1235 -0.6954 -0.1046 0.7056 0.0873 -0.6047 0.3445 0.6881 0.2054 -0.7155 -0.2779 0.6409 0.0073 -0.9393 -0.1356 -0.3148 0.0151 -0.6313 0.0957 0.694 0.3328 -0.5206 0.4615 0.5237 0.4916 -0.9465 -0.0185 -0.3079 -0.0944
-0.7908 0.1224 0.5601 0.2145 -0.5773 0.4023 0.7089 -0.0499 -0.7224 0.222 0.6432 0.1235 -0.6954 -0.1046 0.7056 0.0873 -0.6047 0.3445 0.6881 0.2054 -0.7155 -0.2779 0.6409 0.0073 -0.9393 -0.1356 -0.3148 0.0151 -0.6065 0.0826 0.7202 0.3267 -0.5206 0.4615 0.5237 0.4916 -0.9465 -0.0185 -0.3079 -0.0944
-0.7908 0.1224 0.5601 0.2145 -0.5773 0.4023 0.7089 -0.0499 -0.7224 0.222 0.6432 0.1235 -0.6954 -0.1046 0.7056 0.0873 -0.6047 0.3445 0.6881 0.2054 -0.7155 -0.2779 0.6409 0.0073 -0.9393 -0.1356 -0.3148 0.0151 -0.6065 0.0826 0.7202 0.3267 -0.5206 0.4615 0.5237 0.4916 -0.9465 -0.0185 -0.3079 -0.0944
-0.7908 0.1224 0.5601 0.2145 -0.5773 0.4023 0.7089 -0.0499 -0.7224 0.222 0.6432 0.1235 -0.6964 -0.12 0.7034 0.0772 -0.6047 0.3445 0.6881 0.2054 -0.7155 -0.2779 0.6409 0.0073 -0.931 -0.1234 -0.3413 0.038 -0.6065 0.0826 0.7202 0.3267 -0.5206 0.4615 0.5237 0.4916 -0.9465 -0.0185 -0.3079 -0.0944
-0.7908 0.1224 0.5601 0.2145 -0.5773 0.4023 0.7089 -0.0499 -0.7224 0.222 0.6432 0.1235 -0.6964 -0.12 0.7034 0.0772 -0.6047 0.3445 0.6881 0.2054 -0.7155 -0.2779 0.6409 0.0073 -0.931 -0.1234 -0.3413 0.038 -0.6065 0.0826 0.7202 0.3267 -0.5206 0.4615 0.5237 0.4916 -0.9465 -0.0185 -0.3079 -0.0944
-0.7908 0.1224 0.5601 0.2145 -0.5562 0.4255 0.7123 -0.0463 -0.7251 0.2242 0.6432 0.1013 -0.6964 -0.12 0.7034 0.0772 -0.6047 0.3445 0.6881 0.2054 -0.7168 -0.3165 0.6201 0.0391 -0.931 -0.1234 -0.3413 0.038 -0.6065 0.0826 0.7202 0.3267 -0.5206 0.4615 0.5237 0.4916 -0.9465 -0.0185 -0.3079 -0.0944
-0.7831 0.1417 0.568 0.2097 -0.5562 0.4255 0.7123 -0.0463 -0.7251 0.2242 0.6432 0.1013 -0.6964 -0.12 0.7034 0.0772 -0.6047 0.3445 0.6881 0.2054 -0.7168 -0.3165 0.6201 0.0391 -0.931 -0.1234 -0.3413 0.038 -0.6065 0.0826 0.7202 0.3267 -0.5206 0.4615 0.5237 0.4916 -0.9465 -0.0185 -0.3079 -0.0944
-0.7831 0.1417 0.568 0.2097 -0.5562 0.4255 0.7123 -0.0463 -0.7251 0.2242 0.6432 0.1013 -0.6964 -0.12 0.7034 0.0772 -0.6047 0.3445 0.6881 0.2054 -0.7168 -0.3165 0.6201 0.0391 -0.931 -0.1234 -0.3413 0.038 -0.6065 0.0826 0.7202 0.3267 -0.5206 0.4615 0.5237 0.4916 -0.9465 -0.0185 -0.3079 -0.0944
-0.7831 0.1417 0.568 0.2097 -0.5562 0.4255 0.7123 -0.0463 -0.7251 0.2242 0.6432 0.1013 -0.6964 -0.12 0.7034 0.0772 -0.6047 0.3445 0.6881 0.2054 -0.7168 -0.3165 0.6201 0.0391 -0.931 -0.1234 -0.3413 0.038 -0.5789 0.1265 0.7391 0.3203 -0.5206 0.4615 0.5237 0.4916 -0.9465 -0.0185 -0.3079 -0.0944
-0.7831 0.1417 0.568 0.2097 -0.5562 0.4255 0.7123 -0.0463 -0.7251 0.2242 0.6432 0.1013 -0.6964 -0.12 0.7034 0.0772 -0.6047 0.3445 0.6881 0.2054 -0.7168 -0.3165 0.6201 0.0391 -0.931 -0.1234 -0.3413 0.038 -0.5789 0.1265 0.7391 0.3203 -0.5206 0.4615 0.5237 0.4916 -0.9465 -0.0185 -0.3079 -0.0944
-0.7831 0.1417 0.568 0.2097 -0.5562 0.4255 0.7123 -0.0463 -0.7251 0.2242 0.6432 0.1013 -0.6964 -0.12 0.7034 0.0772 -0.6047 0.3445 0.6881 0.2054 -0.7168 -0.3165 0.6201 0.0391 -0.931 -0.1234 -0.3413 0.038 -0.5789 0.1265 0.7391 0.3203 -0.5206 0.4615 0.5237 0.4916 -0.9465 -0.0185 -0.3079 -0.0944
-0.7831 0.1417 0.568 0.2097 -0.5616 0.4301 0.7068 -9.0E-4 -0.7251 0.2242 0.6432 0.1013 -0.6964 -0.12 0.7034 0.0772 -0.6047 0.3445 0.6881 0.2054 -0.7168 -0.3165 0.6201 0.0391 -0.931 -0.1234 -0.3413 0.038 -0.5789 0.1265 0.7391 0.3203 -0.5206 0.4615 0.5237 0.4916 -0.9465 -0.0185 -0.3079 -0.0944
-0.7831 0.1417 0.568 0.2097 -0.5616 0.4301 0.7068 -9.0E-4 -0.7251 0.2242 0.6432 0.1013 -0.6964 -0.12 0.7034 0.0772 -0.6047 0.3445 0.6881 0.2054 -0.7168 -0.3165 0.6201 0.0391 -0.931 -0.1234 -0.3413 0.038 -0.5789 0.1265 0.7391 0.3203 -0.5206 0.4615 0.5237 0.4916 -0.9465 -0.0185 -0.3079 -0.0944
-0.7708 0.1359 0.5881 0.2041 -0.5616 0.4301 0.7068 -9.0E-4 -0.7303 0.2023 0.6487 0.0693 -0.6964 -0.12 0.7034 0.0772 -0.5673 0.3208 0.7067 0.2754 -0.723 -0.3557 0.5827 0.1059 -0.931 -0.1234 -0.3413 0.038 -0.5789 0.1265 0.7391 0.3203 -0.5206 0.4615 0.5237 0.4916 -0.9742 -0.0072 -0.2183 -0.0568
-0.7708 0.1359 0.5881 0.2041 -0.5616 0.4301 0.7068 -9.0E-4 -0.7303 0.2023 0.6487 0.0693 -0.6964 -0.12 0.7034 0.0772 -0.5673 0.3208 0.7067 0.2754 -0.723 -0.3557 0.5827 0.1059 -0.931 -0.1234 -0.3413 0.038 -0.5789 0.1265 0.7391 0.3203 -0.4508 0.4667 0.5434 0.5326 -0.9742 -0.0072 -0.2183 -0.0568
-0.7708 0.1359 0.5881 0.2041 -0.5616 0.4301 0.7068 -9.0E-4 -0.7303 0.2023 0.6487 0.0693 -0.6964 -0.12 0.7034 0.0772 -0.5673 0.3208 0.7067 0.2754 -0.723 -0.3557 0.5827 0.1059 -0.931 -0.1234 -0.3413 0.038 -0.5793 0.1474 0.7399 0.3088 -0.4508 0.4667 0.5434 0.5326 -0.9742 -0.0072 -0.2183 -0.0568
-0.7708 0.1359 0.5881 0.2041 -0.5616 0.4301 0.7068 -9.0E-4 -0.7303 0.2023 0.6487 0.0693 -0.6964 -0.12 0.7034 0.0772 -0.5673 0.3208 0.7067 0.2754 -0.723 -0.3557 0.5827 0.1059 -0.931 -0.1234 -0.3413 0.038 -0.5793 0.1474 0.7399 0.3088 -0.4508 0.4667 0.5434 0.5326 -0.9742 -0.0072 -0.2183 -0.0568
-0.7708 0.1359 0.5881 0.2041 -0.5616 0.4301 0.7068 -9.0E-4 -0.7303 0.2023 0.6487 0.0693 -0.7348 -0.0888 0.6719 0.0262 -0.5673 0.3208 0.7067 0.2754 -0.723 -0.3557 0.5827 0.1059 -0.7755 -0.1559 -0.6076 0.0713 -0.5793 0.1474 0.7399 0.3088 -0.4508 0.4667 0.5434 0.5326 -0.9742 -0.0072 -0.2183 -0.0568
-0.7708 0.1359 0.5881 0.2041 -0.5616 0.4301 0.7068 -9.0E-4 -0.7303 0.2023 0.6487 0.0693 -0.7348 -0.0888 0.6719 0.0262 -0.5673 0.3208 0.7067 0.2754 -0.723 -0.3557 0.5827 0.1059 -0.7755 -0.1559 -0.6076 0.0713 -0.5793 0.1474 0.7399 0.3088 -0.4508 0.4667 0.5434 0.5326 -0.9742 -0.0072 -0.2183 -0.0568
-0.7708 0.1359 0.5881 0.2041 -0.5616 0.4301 0.7068 -9.0E-4 -0.7303 0.2023 0.6487 0.0693 -0.7348 -0.0888 0.6719 0.0262 -0.5673 0.3208 0.7067 0.2754 -0.723 -0.3557 0.5827 0.1059 -0.7755 -0.1559 -0.6076 0.0713 -0.5793 0.1474 0.7399 0.3088 -0.4508 0.4667 0.5434 0.5326 -0.9742 -0.0072 -0.2183 -0.0568
-0.7521 0.1752 0.5901 0.2354 -0.5921 0.4155 0.6839 0.0952 -0.7211 0.2302 0.6456 0.1008 -0.7348 -0.0888 0.6719 0.0262 -0.5673 0.3208 0.7067 0.2754 -0.7275 -0.363 0.5281 0.245 -0.7755 -0.1559 -0.6076 0.0713 -0.5793 0.1474 0.7399 0.3088 -0.4508 0.4667 0.5434 0.5326 -0.9506 -0.0178 -0.3063 -0.0471
-0.7521 0.1752 0.5901 0.2354 -0.5921 0.4155 0.6839 0.0952 -0.7211 0.2302 0.6456 0.1008 -0.7348 -0.0888 0.6719 0.0262 -0.5673 0.3208 0.7067 0.2754 -0.7275 -0.363 0.5281 0.245 -0.7755 -0.1559 -0.6076 0.0713 -0.5793 0.1474 0.7399 0.3088 -0.4778 0.5175 0.4952 0.5087 -0.9506 -0.0178 -0.3063 -0.0471
-0.7521 0.1752 0.5901 0.2354 -0.5921 0.4155 0.6839 0.0952 -0.7211 0.2302 0.6456 0.1008 -0.7348 -0.0888 0.6719 0.0262 -0.5673 0.3208 0.7067 0.2754 -0.7275 -0.363 0.5281 0.245 -0.7755 -0.1559 -0.6076 0.0713 -0.5839 0.192 0.7418 0.2682 -0.4778 0.5175 0.4952 0.5087 -0.9506 -0.0178 -0.3063 -0.0471
-0.7521 0.1752 0.5901 0.2354 -0.5921 0.4155 0.6839 0.0952 -0.7211 0.2302 0.6456 0.1008 -0.7348 -0.0888 0.6719 0.0262 -0.5673 0.3208 0.7067 0.2754 -0.7275 -0.363 0.5281 0.245 -0.7755 -0.1559 -0.6076 0.0713 -0.5839 0.192 0.7418 0.2682 -0.4778 0.5175 0.4952 0.5087 -0.9506 -0.0178 -0.3063 -0.0471
-0.7521 0.1752 0.5901 0.2354 -0.5921 0.4155 0.6839 0.0952 -0.7211 0.2302 0.6456 0.1008 -0.7348 -0.0888 0.6719 0.0262 -0.5673 0.3208 0.7067 0.2754 -0.7275 -0.363 0.5281 0.245 -0.7755 -0.1559 -0.6076 0.0713 -0.5839 0.192 0.7418 0.2682 -0.4778 0.5175 0.4952 0.5087 -0.9506 -0.0178 -0.3063 -0.0471
-0.7521 0.1752 0.5901 0.2354 -0.5921 0.4155 0.6839 0.0952 -0.7211 0.2302 0.6456 0.1008 -0.7348 -0.0888 0.6719 0.0262 -0.5673 0.3208 0.7067 0.2754 -0.7275 -0.363 0.5281 0.245 -0.7755 -0.1559 -0.6076 0.0713 -0.5839 0.192 0.7418 0.2682 -0.4778 0.5175 0.4952 0.5087 -0.9506 -0.0178 -0.3063 -0.0471
-0.7521 0.1752 0.5901 0.2354 -0.6116 0.4104 0.6534 0.1749 -0.7211 0.2302 0.6456 0.1008 -0.7348 -0.0888 0.6719 0.0262 -0.5673 0.3208 0.7067 0.2754 -0.7275 -0.363 0.5281 0.245 -0.7755 -0.1559 -0.6076 0.0713 -0.5839 0.192 0.7418 0.2682 -0.4778 0.5175 0.4952 0.5087 -0.9506 -0.0178 -0.3063 -0.0471
-0.7521 0.1752 0.5901 0.2354 -0.6116 0.4104 0.6534 0.1749 -0.7211 0.2302 0.6456 0.1008 -0.7348 -0.0888 0.6719 0.0262 -0.5673 0.3208 0.7067 0.2754 -0.7275 -0.363 0.5281 0.245 -0.7755 -0.1559 -0.6076 0.0713 -0.5839 0.192 0.7418 0.2682 -0.4778 0.5175 0.4952 0.5087 -0.9506 -0.0178 -0.3063 -0.0471
-0.7458 0.1779 0.5894 0.2544 -0.6116 0.4104 0.6534 0.1749 -0.7264 0.2646 0.619 0.1387 -0.7348 -0.0888 0.6719 0.0262 -0.6941 0.3973 0.5519 0.2363 -0.7275 -0.363 0.5281 0.245 -0.7755 -0.1559 -0.6076 0.0713 -0.5839 0.192 0.7418 0.2682 -0.5017 0.539 0.4733 0.4835 -0.9404 -0.0023 -0.3366 -0.0482
-0.7458 0.1779 0.5894 0.2544 -0.6116 0.4104 0.6534 0.1749 -0.7264 0.2646 0.619 0.1387 -0.7348 -0.0888 0.6719 0.0262 -0.6941 0.3973 0.5519 0.2363 -0.7275 -0.363 0.5281 0.245 -0.7755 -0.1559 -0.6076 0.0713 -0.6044 0.2132 0.7399 0.2045 -0.5017 0.539 0.4733 0.4835 -0.9404 -0.0023 -0.3366 -0.0482
-0.7458 0.1779 0.5894 0.2544 -0.6116 0.4104 0.6534 0.1749 -0.7264 0.2646 0.619 0.1387 -0.7348 -0.0888 0.6719 0.0262 -0.6941 0.3973 0.5519 0.2363 -0.7275 -0.363 0.5281 0.245 -0.7755 -0.1559 -0.6076 0.0713 -0.6044 0.2132 0.7399 0.2045 -0.5017 0.539 0.4733 0.4835 -0.9404 -0.0023 -0.3366 -0.0482
-0.7458 0.1779 0.5894 0.2544 -0.6116 0.4104 0.6534 0.1749 -0.7264 0.2646 0.619 0.1387 -0.7348 -0.0888 0.6719 0.0262 -0.6941 0.3973 0.5519 0.2363 -0.7275 -0.363 0.5281 0.245 -0.7755 -0.1559 -0.6076 0.0713 -0.6044 0.2132 0.7399 0.2045 -0.5017 0.539 0.4733 0.4835 -0.9404 -0.0023 -0.3366 -0.0482
-0.7458 0.1779 0.5894 0.2544 -0.6116 0.4104 0.6534 0.1749 -0.7264 0.2646 0.619 0.1387 -0.7348 -0.0888 0.6719 0.0262 -0.6941 0.3973 0.5519 0.2363 -0.7275 -0.363 0.5281 0.245 -0.7755 -0.1559 -0.6076 0.0713 -0.6044 0.2132 0.7399 0.2045 -0.5017 0.539 0.4733 0.4835 -0.9404 -0.0023 -0.3366 -0.0482
-0.7458 0.1779 0.5894 0.2544 -0.624 0.4045 0.6306 0.2222 -0.7264 0.2646 0.619 0.1387 -0.7348 -0.0888 0.6719 0.0262 -0.6941 0.3973 0.5519 0.2363 -0.7275 -0.363 0.5281 0.245 -0.7755 -0.1559 -0.6076 0.0713 -0.6044 0.2132 0.7399 0.2045 -0.5017 0.539 0.4733 0.4835 -0.9404 -0.0023 -0.3366 -0.0482
-0.7297 0.1872 0.5834 0.3036 -0.624 0.4045 0.6306 0.2222 -0.7393 0.2444 0.6078 0.1558 -0.7348 -0.0888 0.6719 0.0262 -0.7314 0.3925 0.537 0.1503 -0.7275 -0.363 0.5281 0.245 -0.7755 -0.1559 -0.6076 0.0713 -0.6044 0.2132 0.7399 0.2045 -0.5017 0.539 0.4733 0.4835 -0.9318 -0.0051 -0.3604 -0.0421
-0.7297 0.1872 0.5834 0.3036 -0.624 0.4045 0.6306 0.2222 -0.7393 0.2444 0.6078 0.1558 -0.7348 -0.0888 0.6719 0.0262 -0.7314 0.3925 0.537 0.1503 -0.7275 -0.363 0.5281 0.245 -0.7755 -0.1559 -0.6076 0.0713 -0.6044 0.2132 0.7399 0.2045 -0.5335 0.551 0.4518 0.4556 -0.9318 -0.0051 -0.3604 -0.0421
-0.7297 0.1872 0.5834 0.3036 -0.624 0.4045 0.6306 0.2222 -0.7393 0.2444 0.6078 0.1558 -0.7348 -0.0888 0.6719 0.0262 -0.7314 0.3925 0.537 0.1503 -0.7275 -0.363 0.5281 0.245 -0.7755 -0.1559 -0.6076 0.0713 -0.6261 0.2213 0.7304 0.1597 -0.5335 0.551 0.4518 0.4556 -0.9318 -0.0051 -0.3604 -0.0421
-0.7297 0.1872 0.5834 0.3036 -0.624 0.4045 0.6306 0.2222 -0.7393 0.2444 0.6078 0.1558 -0.6412 -0.1647 0.7257 0.1871 -0.7314 0.3925 0.537 0.1503 -0.7275 -0.363 0.5281 0.245 -0.9188 -0.2031 -0.3365 0.0353 -0.6261 0.2213 0.7304 0.1597 -0.5335 0.551 0.4518 0.4556 -0.9318 -0.0051 -0.3604 -0.0421
-0.7297 0.1872 0.5834 0.3036 -0.624 0.4045 0.6306 0.2222 -0.7393 0.2444 0.6078 0.1558 -0.6412 -0.1647 0.7257 0.1871 -0.7314 0.3925 0.537 0.1503 -0.7275 -0.363 0.5281 0.245 -0.9188 -0.2031 -0.3365 0.0353 -0.6261 0.2213 0.7304 0.1597 -0.5335 0.551 0.4518 0.4556 -0.9318 -0.0051 -0.3604 -0.0421
-0.7297 0.1872 0.5834 0.3036 -0.624 0.4045 0.6306 0.2222 -0.7393 0.2444 0.6078 0.1558 -0.6412 -0.1647 0.7257 0.1871 -0.7314 0.3925 0.537 0.1503 -0.7275 -0.363 0.5281 0.245 -0.9188 -0.2031 -0.3365 0.0353 -0.6261 0.2213 0.7304 0.1597 -0.5335 0.551 0.4518 0.4556 -0.9318 -0.0051 -0.3604 -0.0421
-0.7297 0.1872 0.5834 0.3036 -0.624 0.4045 0.6306 0.2222 -0.7393 0.2444 0.6078 0.1558 -0.6412 -0.1647 0.7257 0.1871 -0.7314 0.3925 0.537 0.1503 -0.7275 -0.363 0.5281 0.245 -0.9188 -0.2031 -0.3365 0.0353 -0.6261 0.2213 0.7304 0.1597 -0.5335 0.551 0.4518 0.4556 -0.9318 -0.0051 -0.3604 -0.0421
-0.7297 0.1872 0.5834 0.3036 -0.624 0.4045 0.6306 0.2222 -0.7393 0.2444 0.6078 0.1558 -0.6412 -0.1647 0.7257 0.1871 -0.7314 0.3925 0.537 0.1503 -0.7275 -0.363 0.5281 0.245 -0.9188 -0.2031 -0.3365 0.0353 -0.6261 0.2213 0.7304 0.1597 -0.5335 0.551 0.4518 0.4556 -0.9318 -0.0051 -0.3604 -0.0421
-0.7172 0.1888 0.576 0.3436 -0.6273 0.4034 0.6256 0.2288 -0.736 0.2533 0.6011 0.1808 -0.6412 -0.1647 0.7257 0.1871 -0.7354 0.3505 0.5719 0.0966 -0.7636 -0.119 0.6342 -0.0253 -0.9188 -0.2031 -0.3365 0.0353 -0.6261 0.2213 0.7304 0.1597 -0.5669 0.561 0.423 0.4301 -0.9184 -0.0106 -0.3932 -0.0434
-0.7172 0.1888 0.576 0.3436 -0.6273 0.4034 0.6256 0.2288 -0.736 0.2533 0.6011 0.1808 -0.6412 -0.1647 0.7257 0.1871 -0.7354 0.3505 0.5719 0.0966 -0.7636 -0.119 0.6342 -0.0253 -0.9188 -0.2031 -0.3365 0.0353 -0.6481 0.2319 0.7137 0.1296 -0.5669 0.561 0.423 0.4301 -0.9184 -0.0106 -0.3932 -0.0434
-0.7172 0.1888 0.576 0.3436 -0.6273 0.4034 0.6256 0.2288 -0.736 0.2533 0.6011 0.1808 -0.6412 -0.1647 0.7257 0.1871 -0.7354 0.3505 0.5719 0.0966 -0.7636 -0.119 0.6342 -0.0253 -0.9188 -0.2031 -0.3365 0.0353 -0.6481 0.2319 0.7137 0.1296 -0.5669 0.561 0.423 0.4301 -0.9184 -0.0106 -0.3932 -0.0434
-0.7172 0.1888 0.576 0.3436 -0.6273 0.4034 0.6256 0.2288 -0.736 0.2533 0.6011 0.1808 -0.6412 -0.1647 0.7257 0.1871 -0.7354 0.3505 0.5719 0.0966 -0.7636 -0.119 0.6342 -0.0253 -0.9188 -0.2031 -0.3365 0.0353 -0.6481 0.2319 0.7137 0.1296 -0.5669 0.561 0.423 0.4301 -0.9184 -0.0106 -0.3932 -0.0434
-0.7172 0.1888 0.576 0.3436 -0.6259 0.3947 0.6407 0.2048 -0.736 0.2533 0.6011 0.1808 -0.6412 -0.1647 0.7257 0.1871 -0.7354 0.3505 0.5719 0.0966 -0.7636 -0.119 0.6342 -0.0253 -0.9188 -0.2031 -0.3365 0.0353 -0.6481 0.2319 0.7137 0.1296 -0.5669 0.561 0.423 0.4301 -0.9184 -0.0106 -0.3932 -0.0434
-0.7172 0.1888 0.576 0.3436 -0.6259 0.3947 0.6407 0.2048 -0.736 0.2533 0.6011 0.1808 -0.6412 -0.1647 0.7257 0.1871 -0.7354 0.3505 0.5719 0.0966 -0.7636 -0.119 0.6342 -0.0253 -0.9188 -0.2031 -0.3365 0.0353 -0.6481 0.2319 0.7137 0.1296 -0.5669 0.561 0.423 0.4301 -0.8925 -0.0071 -0.4498 -0.0333
-0.7129 0.1824 0.5776 0.3533 -0.6259 0.3947 0.6407 0.2048 -0.736 0.2533 0.6011 0.1808 -0.6412 -0.1647 0.7257 0.1871 -0.7354 0.3505 0.5719 0.0966 -0.7636 -0.119 0.6342 -0.0253 -0.9188 -0.2031 -0.3365 0.0353 -0.6481 0.2319 0.7137 0.1296 -0.5669 0.561 0.423 0.4301 -0.8925 -0.0071 -0.4498 -0.0333
-0.7129 0.1824 0.5776 0.3533 -0.6259 0.3947 0.6407 0.2048 -0.736 0.2533 0.6011 0.1808 -0.6412 -0.1647 0.7257 0.1871 -0.7354 0.3505 0.5719 0.0966 -0.7636 -0.119 0.6342 -0.0253 -0.9188 -0.2031 -0.3365 0.0353 -0.6481 0.2319 0.7137 0.1296 -0.6105 0.5754 0.3727 0.3964 -0.8925 -0.0071 -0.4498 -0.0333
-0.7129 0.1824 0.5776 0.3533 -0.6259 0.3947 0.6407 0.2048 -0.736 0.2533 0.6011 0.1808 -0.6412 -0.1647 0.7257 0.1871 -0.7354 0.3505 0.5719 0.0966 -0.7636 -0.119 0.6342 -0.0253 -0.9188 -0.2031 -0.3365 0.0353 -0.6726 0.2322 0.6952 0.102 -0.6105 0.5754 0.3727 0.3964 -0.8925 -0.0071 -0.4498 -0.0333
-0.7129 0.1824 0.5776 0.3533 -0.6259 0.3947 0.6407 0.2048 -0.736 0.2533 0.6011 0.1808 -0.6412 -0.1647 0.7257 0.1871 -0.7354 0.3505 0.5719 0.0966 -0.7636 -0.119 0.6342 -0.0253 -0.9188 -0.2031 -0.3365 0.0353 -0.6726 0.2322 0.6952 0.102 -0.6105 0.5754 0.3727 0.3964 -0.8925 -0.0071 -0.4498 -0.0333
-0.7129 0.1824 0.5776 0.3533 -0.6259 0.3947 0.6407 0.2048 -0.736 0.2533 0.6011 0.1808 -0.6412 -0.1647 0.7257 0.1871 -0.7354 0.3505 0.5719 0.0966 -0.7636 -0.119 0.6342 -0.0253 -0.9188 -0.2031 -0.3365 0.0353 -0.6726 0.2322 0.6952 0.102 -0.6105 0.5754 0.3727 0.3964 -0.8925 -0.0071 -0.4498 -0.0333
-0.7129 0.1824 0.5776 0.3533 -0.619 0.3911 0.6581 0.1756 -0.736 0.2533 0.6011 0.1808 -0.6412 -0.1647 0.7257 0.1871 -0.7354 0.3505 0.5719 0.0966 -0.7636 -0.119 0.6342 -0.0253 -0.9188 -0.2031 -0.3365 0.0353 -0.6726 0.2322 0.6952 0.102 -0.6105 0.5754 0.3727 0.3964 -0.8925 -0.0071 -0.4498 -0.0333
-0.7129 0.1824 0.5776 0.3533 -0.619 0.3911 0.6581 0.1756 -0.736 0.2533 0.6011 0.1808 -0.6412 -0.1647 0.7257 0.1871 -0.7354 0.3505 0.5719 0.0966 -0.7636 -0.119 0.6342 -0.0253 -0.9188 -0.2031 -0.3365 0.0353 -0.6726 0.2322 0.6952 0.102 -0.6105 0.5754 0.3727 0.3964 -0.8925 -0.0071 -0.4498 -0.0333
-0.7283 0.1835 0.575 0.3244 -0.619 0.3911 0.6581 0.1756 -0.736 0.2533 0.6011 0.1808 -0.6412 -0.1647 0.7257 0.1871 -0.7354 0.3505 0.5719 0.0966 -0.7636 -0.119 0.6342 -0.0253 -0.9188 -0.2031 -0.3365 0.0353 -0.6726 0.2322 0.6952 0.102 -0.6105 0.5754 0.3727 0.3964 -0.8925 -0.0071 -0.4498 -0.0333
-0.7283 0.1835 0.575 0.3244 -0.619 0.3911 0.6581 0.1756 -0.736 0.2533 0.6011 0.1808 -0.6412 -0.1647 0.7257 0.1871 -0.7354 0.3505 0.5719 0.0966 -0.7636 -0.119 0.6342 -0.0253 -0.9188 -0.2031 -0.3365 0.0353 -0.6726 0.2322 0.6952 0.102 -0.6105 0.5754 0.3727 0.3964 -0.8925 -0.0071 -0.4498 -0.0333
-0.7283 0.1835 0.575 0.3244 -0.619 0.3911 0.6581 0.1756 -0.736 0.2533 0.6011 0.1808 -0.6412 -0.1647 0.7257 0.1871 -0.7354 0.3505 0.5719 0.0966 -0.7636 -0.119 0.6342 -0.0253 -0.9188 -0.2031 -0.3365 0.0353 -0.7147 0.1335 0.6752 0.1245 -0.6105 0.5754 0.3727 0.3964 -0.8925 -0.0071 -0.4498 -0.0333
-0.7283 0.1835 0.575 0.3244 -0.619 0.3911 0.6581 0.1756 -0.736 0.2533 0.6011 0.1808 -0.6412 -0.1647 0.7257 0.1871 -0.7354 0.3505 0.5719 0.0966 -0.7636 -0.119 0.6342 -0.0253 -0.9188 -0.2031 -0.3365 0.0353 -0.7147 0.1335 0.6752 0.1245 -0.6105 0.5754 0.3727 0.3964 -0.8925 -0.0071 -0.4498 -0.0333
-0.7283 0.1835 0.575 0.3244 -0.619 0.3911 0.6581 0.1756 -0.736 0.2533 0.6011 0.1808 -0.6412 -0.1647 0.7257 0.1871 -0.7354 0.3505 0.5719 0.0966 -0.7636 -0.119 0.6342 -0.0253 -0.9188 -0.2031 -0.3365 0.0353 -0.7147 0.1335 0.6752 0.1245 -0.6105 0.5754 0.3727 0.3964 -0.8925 -0.0071 -0.4498 -0.0333
-0.7283 0.1835 0.575 0.3244 -0.619 0.3911 0.6581 0.1756 -0.736 0.2533 0.6011 0.1808 -0.6412 -0.1647 0.7257 0.1871 -0.7354 0.3505 0.5719 0.0966 -0.7636 -0.119 0.6342 -0.0253 -0.9188 -0.2031 -0.3365 0.0353 -0.7147 0.1335 0.6752 0.1245 -0.6105 0.5754 0.3727 0.3964 -0.8925 -0.0071 -0.4498 -0.0333
-0.7283 0.1835 0.575 0.3244 -0.6295 0.3678 0.6744 0.1172 -0.72 0.2092 0.6432 0.1553 -0.6412 -0.1647 0.7257 0.1871 -0.7354 0.3505 0.5719 0.0966 -0.7636 -0.119 0.6342 -0.0253 -0.9188 -0.2031 -0.3365 0.0353 -0.7147 0.1335 0.6752 0.1245 -0.6105 0.5754 0.3727 0.3964 -0.8925 -0.0071 -0.4498 -0.0333
-0.7283 0.1835 0.575 0.3244 -0.6295 0.3678 0.6744 0.1172 -0.72 0.2092 0.6432 0.1553 -0.6412 -0.1647 0.7257 0.1871 -0.7354 0.3505 0.5719 0.0966 -0.7636 -0.119 0.6342 -0.0253 -0.9188 -0.2031 -0.3365 0.0353 -0.7147 0.1335 0.6752 0.1245 -0.6105 0.5754 0.3727 0.3964 -0.5908 -0.0132 -0.8057 -0.0394
-0.7715 0.1189 0.5818 0.2284 -0.6295 0.3678 0.6744 0.1172 -0.72 0.2092 0.6432 0.1553 -0.6412 -0.1647 0.7257 0.1871 -0.7354 0.3505 0.5719 0.0966 -0.7636 -0.119 0.6342 -0.0253 -0.9188 -0.2031 -0.3365 0.0353 -0.7147 0.1335 0.6752 0.1245 -0.6105 0.5754 0.3727 0.3964 -0.5908 -0.0132 -0.8057 -0.0394
-0.7715 0.1189 0.5818 0.2284 -0.6295 0.3678 0.6744 0.1172 -0.72 0.2092 0.6432 0.1553 -0.6412 -0.1647 0.7257 0.1871 -0.7354 0.3505 0.5719 0.0966 -0.7636 -0.119 0.6342 -0.0253 -0.9188 -0.2031 -0.3365 0.0353 -0.703 -0.0178 0.6972 0.1392 -0.7421 0.584 0.248 0.2162 -0.5908 -0.0132 -0.8057 -0.0394
-0.7715 0.1189 0.5818 0.2284 -0.6295 0.3678 0.6744 0.1172 -0.72 0.2092 0.6432 0.1553 -0.593 -0.1837 0.7652 0.1706 -0.7354 0.3505 0.5719 0.0966 -0.7636 -0.119 0.6342 -0.0253 -0.9188 -0.2031 -0.3365 0.0353 -0.703 -0.0178 0.6972 0.1392 -0.7421 0.584 0.248 0.2162 -0.5908 -0.0132 -0.8057 -0.0394
-0.7715 0.1189 0.5818 0.2284 -0.6295 0.3678 0.6744 0.1172 -0.72 0.2092 0.6432 0.1553 -0.593 -0.1837 0.7652 0.1706 -0.7354 0.3505 0.5719 0.0966 -0.7636 -0.119 0.6342 -0.0253 -0.9448 -0.1485 -0.2921 0.0029 -0.703 -0.0178 0.6972 0.1392 -0.7421 0.584 0.248 0.2162 -0.5908 -0.0132 -0.8057 -0.0394
-0.7715 0.1189 0.5818 0.2284 -0.6295 0.3678 0.6744 0.1172 -0.72 0.2092 0.6432 0.1553 -0.593 -0.1837 0.7652 0.1706 -0.7354 0.3505 0.5719 0.0966 -0.7636 -0.119 0.6342 -0.0253 -0.9448 -0.1485 -0.2921 0.0029 -0.703 -0.0178 0.6972 0.1392 -0.7421 0.584 0.248 0.2162 -0.5908 -0.0132 -0.8057 -0.0394
-0.7715 0.1189 0.5818 0.2284 -0.6341 0.3668 0.6783 0.0576 -0.7114 0.2258 0.6474 0.1545 -0.593 -0.1837 0.7652 0.1706 -0.7354 0.3505 0.5719 0.0966 -0.7153 -0.2161 0.6642 -0.0194 -0.9448 -0.1485 -0.2921 0.0029 -0.703 -0.0178 0.6972 0.1392 -0.7421 0.584 0.248 0.2162 -0.5908 -0.0132 -0.8057 -0.0394
-0.7859 0.1396 0.5687 0.1988 -0.6341 0.3668 0.6783 0.0576 -0.7114 0.2258 0.6474 0.1545 -0.593 -0.1837 0.7652 0.1706 -0.7354 0.3505 0.5719 0.0966 -0.7153 -0.2161 0.6642 -0.0194 -0.9448 -0.1485 -0.2921 0.0029 -0.703 -0.0178 0.6972 0.1392 -0.7421 0.584 0.248 0.2162 -0.5908 -0.0132 -0.8057 -0.0394
-0.7859 0.1396 0.5687 0.1988 -0.6341 0.3668 0.6783 0.0576 -0.7114 0.2258 0.6474 0.1545 -0.593 -0.1837 0.7652 0.1706 -0.7354 0.3505 0.5719 0.0966 -0.7153 -0.2161 0.6642 -0.0194 -0.9448 -0.1485 -0.2921 0.0029 -0.703 -0.0178 0.6972 0.1392 -0.6762 0.5712 0.3336 0.3244 -0.5908 -0.0132 -0.8057 -0.0394
-0.7859 0.1396 0.5687 0.1988 -0.6341 0.3668 0.6783 0.0576 -0.7114 0.2258 0.6474 0.1545 -0.593 -0.1837 0.7652 0.1706 -0.7354 0.3505 0.5719 0.0966 -0.7153 -0.2161 0.6642 -0.0194 -0.9448 -0.1485 -0.2921 0.0029 -0.6455 0.0544 0.6971 0.3073 -0.6762 0.5712 0.3336 0.3244 -0.5908 -0.0132 -0.8057 -0.0394
-0.7859 0.1396 0.5687 0.1988 -0.6341 0.3668 0.6783 0.0576 -0.7114 0.2258 0.6474 0.1545 -0.593 -0.1837 0.7652 0.1706 -0.7354 0.3505 0.5719 0.0966 -0.7153 -0.2161 0.6642 -0.0194 -0.9448 -0.1485 -0.2921 0.0029 -0.6455 0.0544 0.6971 0.3073 -0.6762 0.5712 0.3336 0.3244 -0.5908 -0.0132 -0.8057 -0.0394
-0.7859 0.1396 0.5687 0.1988 -0.6341 0.3668 0.6783 0.0576 -0.7114 0.2258 0.6474 0.1545 -0.593 -0.1837 0.7652 0.1706 -0.7354 0.3505 0.5719 0.0966 -0.7153 -0.2161 0.6642 -0.0194 -0.9448 -0.1485 -0.2921 0.0029 -0.6455 0.0544 0.6971 0.3073 -0.6762 0.5712 0.3336 0.3244 -0.5908 -0.0132 -0.8057 -0.0394
-0.7859 0.1396 0.5687 0.1988 -0.5856 0.42 0.6932 0.013 -0.7114 0.2258 0.6474 0.1545 -0.593 -0.1837 0.7652 0.1706 -0.7354 0.3505 0.5719 0.0966 -0.7153 -0.2161 0.6642 -0.0194 -0.9448 -0.1485 -0.2921 0.0029 -0.6455 0.0544 0.6971 0.3073 -0.6762 0.5712 0.3336 0.3244 -0.5908 -0.0132 -0.8057 -0.0394
-0.7859 0.1396 0.5687 0.1988 -0.5856 0.42 0.6932 0.013 -0.7114 0.2258 0.6474 0.1545 -0.593 -0.1837 0.7652 0.1706 -0.7354 0.3505 0.5719 0.0966 -0.7153 -0.2161 0.6642 -0.0194 -0.9448 -0.1485 -0.2921 0.0029 -0.6455 0.0544 0.6971 0.3073 -0.6762 0.5712 0.3336 0.3244 -0.5908 -0.0132 -0.8057 -0.0394
-0.7919 0.1289 0.5662 0.189 -0.5856 0.42 0.6932 0.013 -0.7114 0.2258 0.6474 0.1545 -0.593 -0.1837 0.7652 0.1706 -0.7354 0.3505 0.5719 0.0966 -0.7183 -0.2482 0.6495 0.0224 -0.9448 -0.1485 -0.2921 0.0029 -0.6455 0.0544 0.6971 0.3073 -0.6762 0.5712 0.3336 0.3244 -0.5908 -0.0132 -0.8057 -0.0394
-0.7919 0.1289 0.5662 0.189 -0.5856 0.42 0.6932 0.013 -0.7114 0.2258 0.6474 0.1545 -0.593 -0.1837 0.7652 0.1706 -0.7354 0.3505 0.5719 0.0966 -0.7183 -0.2482 0.6495 0.0224 -0.9448 -0.1485 -0.2921 0.0029 -0.6455 0.0544 0.6971 0.3073 -0.5391 0.5004 0.4973 0.46 -0.5908 -0.0132 -0.8057 -0.0394
-0.7919 0.1289 0.5662 0.189 -0.5856 0.42 0.6932 0.013 -0.7114 0.2258 0.6474 0.1545 -0.593 -0.1837 0.7652 0.1706 -0.7354 0.3505 0.5719 0.0966 -0.7183 -0.2482 0.6495 0.0224 -0.9448 -0.1485 -0.2921 0.0029 -0.6009 0.1125 0.6959 0.3769 -0.5391 0.5004 0.4973 0.46 -0.5908 -0.0132 -0.8057 -0.0394
-0.7919 0.1289 0.5662 0.189 -0.5856 0.42 0.6932 0.013 -0.7114 0.2258 0.6474 0.1545 -0.6765 -0.135 0.7158 0.108 -0.7354 0.3505 0.5719 0.0966 -0.7183 -0.2482 0.6495 0.0224 -0.9448 -0.1485 -0.2921 0.0029 -0.6009 0.1125 0.6959 0.3769 -0.5391 0.5004 0.4973 0.46 -0.5908 -0.0132 -0.8057 -0.0394
-0.7919 0.1289 0.5662 0.189 -0.5856 0.42 0.6932 0.013 -0.7114 0.2258 0.6474 0.1545 -0.6765 -0.135 0.7158 0.108 -0.7354 0.3505 0.5719 0.0966 -0.7183 -0.2482 0.6495 0.0224 -0.9448 -0.1485 -0.2921 0.0029 -0.6009 0.1125 0.6959 0.3769 -0.5391 0.5004 0.4973 0.46 -0.5908 -0.0132 -0.8057 -0.0394
-0.7919 0.1289 0.5662 0.189 -0.5856 0.42 0.6932 0.013 -0.7114 0.2258 0.6474 0.1545 -0.6765 -0.135 0.7158 0.108 -0.7354 0.3505 0.5719 0.0966 -0.7183 -0.2482 0.6495 0.0224 -0.9448 -0.1485 -0.2921 0.0029 -0.6009 0.1125 0.6959 0.3769 -0.5391 0.5004 0.4973 0.46 -0.5908 -0.0132 -0.8057 -0.0394
-0.7919 0.1289 0.5662 0.189 -0.5856 0.42 0.6932 0.013 -0.7114 0.2258 0.6474 0.1545 -0.6765 -0.135 0.7158 0.108 -0.7354 0.3505 0.5719 0.0966 -0.7183 -0.2482 0.6495 0.0224 -0.9448 -0.1485 -0.2921 0.0029 -0.6009 0.1125 0.6959 0.3769 -0.5391 0.5004 0.4973 0.46 -0.5908 -0.0132 -0.8057 -0.0394
-0.7979 0.1351 0.5616 0.1721 -0.5856 0.42 0.6932 0.013 -0.7352 0.1963 0.6465 0.0543 -0.6765 -0.135 0.7158 0.108 -0.7354 0.3505 0.5719 0.0966 -0.7234 -0.2716 0.6304 0.075 -0.9448 -0.1485 -0.2921 0.0029 -0.6009 0.1125 0.6959 0.3769 -0.5391 0.5004 0.4973 0.46 -0.973 0.0287 -0.2149 -0.0795
-0.7979 0.1351 0.5616 0.1721 -0.5856 0.42 0.6932 0.013 -0.7352 0.1963 0.6465 0.0543 -0.6765 -0.135 0.7158 0.108 -0.7354 0.3505 0.5719 0.0966 -0.7234 -0.2716 0.6304 0.075 -0.9448 -0.1485 -0.2921 0.0029 -0.6009 0.1125 0.6959 0.3769 -0.5391 0.5004 0.4973 0.46 -0.973 0.0287 -0.2149 -0.0795
-0.7979 0.1351 0.5616 0.1721 -0.5856 0.42 0.6932 0.013 -0.7352 0.1963 0.6465 0.0543 -0.6765 -0.135 0.7158 0.108 -0.7354 0.3505 0.5719 0.0966 -0.7234 -0.2716 0.6304 0.075 -0.9448 -0.1485 -0.2921 0.0029 -0.5753 0.0806 0.766 0.2753 -0.4466 0.3906 0.6335 0.4966 -0.973 0.0287 -0.2149 -0.0795
-0.7979 0.1351 0.5616 0.1721 -0.5856 0.42 0.6932 0.013 -0.7352 0.1963 0.6465 0.0543 -0.6765 -0.135 0.7158 0.108 -0.7354 0.3505 0.5719 0.0966 -0.7234 -0.2716 0.6304 0.075 -0.9448 -0.1485 -0.2921 0.0029 -0.5753 0.0806 0.766 0.2753 -0.4466 0.3906 0.6335 0.4966 -0.973 0.0287 -0.2149 -0.0795
-0.7979 0.1351 0.5616 0.1721 -0.5856 0.42 0.6932 0.013 -0.7352 0.1963 0.6465 0.0543 -0.7174 -0.1214 0.6841 0.051 -0.7354 0.3505 0.5719 0.0966 -0.7234 -0.2716 0.6304 0.075 -0.9071 -0.1567 -0.3901 0.0219 -0.5753 0.0806 0.766 0.2753 -0.4466 0.3906 0.6335 0.4966 -0.973 0.0287 -0.2149 -0.0795
-0.7979 0.1351 0.5616 0.1721 -0.5856 0.42 0.6932 0.013 -0.7352 0.1963 0.6465 0.0543 -0.7174 -0.1214 0.6841 0.051 -0.7354 0.3505 0.5719 0.0966 -0.7234 -0.2716 0.6304 0.075 -0.9071 -0.1567 -0.3901 0.0219 -0.5753 0.0806 0.766 0.2753 -0.4466 0.3906 0.6335 0.4966 -0.973 0.0287 -0.2149 -0.0795
-0.7979 0.1351 0.5616 0.1721 -0.5856 0.42 0.6932 0.013 -0.7352 0.1963 0.6465 0.0543 -0.7174 -0.1214 0.6841 0.051 -0.7354 0.3505 0.5719 0.0966 -0.7234 -0.2716 0.6304 0.075 -0.9071 -0.1567 -0.3901 0.0219 -0.5753 0.0806 0.766 0.2753 -0.4466 0.3906 0.6335 0.4966 -0.973 0.0287 -0.2149 -0.0795
-0.7979 0.1351 0.5616 0.1721 -0.5832 0.4261 0.691 0.0269 -0.7351 0.2084 0.6446 0.0256 -0.7174 -0.1214 0.6841 0.051 -0.5695 0.3571 0.6844 0.2824 -0.7269 -0.3097 0.596 0.1429 -0.9071 -0.1567 -0.3901 0.0219 -0.5753 0.0806 0.766 0.2753 -0.4466 0.3906 0.6335 0.4966 -0.9808 0.0349 -0.1628 -0.102
-0.7879 0.1548 0.5668 0.1843 -0.5832 0.4261 0.691 0.0269 -0.7351 0.2084 0.6446 0.0256 -0.7174 -0.1214 0.6841 0.051 -0.5695 0.3571 0.6844 0.2824 -0.7269 -0.3097 0.596 0.1429 -0.9071 -0.1567 -0.3901 0.0219 -0.5753 0.0806 0.766 0.2753 -0.428 0.442 0.5975 0.5143 -0.9808 0.0349 -0.1628 -0.102
-0.7879 0.1548 0.5668 0.1843 -0.5832 0.4261 0.691 0.0269 -0.7351 0.2084 0.6446 0.0256 -0.7174 -0.1214 0.6841 0.051 -0.5695 0.3571 0.6844 0.2824 -0.7269 -0.3097 0.596 0.1429 -0.9071 -0.1567 -0.3901 0.0219 -0.5564 0.1487 0.7575 0.3074 -0.428 0.442 0.5975 0.5143 -0.9808 0.0349 -0.1628 -0.102
-0.7879 0.1548 0.5668 0.1843 -0.5832 0.4261 0.691 0.0269 -0.7351 0.2084 0.6446 0.0256 -0.7174 -0.1214 0.6841 0.051 -0.5695 0.3571 0.6844 0.2824 -0.7269 -0.3097 0.596 0.1429 -0.9071 -0.1567 -0.3901 0.0219 -0.5564 0.1487 0.7575 0.3074 -0.428 0.442 0.5975 0.5143 -0.9808 0.0349 -0.1628 -0.102
-0.7879 0.1548 0.5668 0.1843 -0.5832 0.4261 0.691 0.0269 -0.7351 0.2084 0.6446 0.0256 -0.7569 -0.0926 0.6469 -0.0054 -0.5695 0.3571 0.6844 0.2824 -0.7269 -0.3097 0.596 0.1429 -0.9071 -0.1567 -0.3901 0.0219 -0.5564 0.1487 0.7575 0.3074 -0.428 0.442 0.5975 0.5143 -0.9808 0.0349 -0.1628 -0.102
-0.7879 0.1548 0.5668 0.1843 -0.5832 0.4261 0.691 0.0269 -0.7351 0.2084 0.6446 0.0256 -0.7569 -0.0926 0.6469 -0.0054 -0.5695 0.3571 0.6844 0.2824 -0.7269 -0.3097 0.596 0.1429 -0.9071 -0.1567 -0.3901 0.0219 -0.5564 0.1487 0.7575 0.3074 -0.428 0.442 0.5975 0.5143 -0.9808 0.0349 -0.1628 -0.102
-0.7879 0.1548 0.5668 0.1843 -0.5832 0.4261 0.691 0.0269 -0.7351 0.2084 0.6446 0.0256 -0.7569 -0.0926 0.6469 -0.0054 -0.5695 0.3571 0.6844 0.2824 -0.7269 -0.3097 0.596 0.1429 -0.9071 -0.1567 -0.3901 0.0219 -0.5564 0.1487 0.7575 0.3074 -0.428 0.442 0.5975 0.5143 -0.9808 0.0349 -0.1628 -0.102
-0.7879 0.1548 0.5668 0.1843 -0.6086 0.4104 0.6697 0.1122 -0.7354 0.1958 0.6483 0.0229 -0.7569 -0.0926 0.6469 -0.0054 -0.5944 0.3598 0.65 0.3079 -0.7214 -0.3538 0.5477 0.2333 -0.9071 -0.1567 -0.3901 0.0219 -0.5564 0.1487 0.7575 0.3074 -0.428 0.442 0.5975 0.5143 -0.9808 0.0349 -0.1628 -0.102
-0.7678 0.1755 0.5751 0.2212 -0.6086 0.4104 0.6697 0.1122 -0.7354 0.1958 0.6483 0.0229 -0.7569 -0.0926 0.6469 -0.0054 -0.5944 0.3598 0.65 0.3079 -0.7214 -0.3538 0.5477 0.2333 -0.9071 -0.1567 -0.3901 0.0219 -0.5564 0.1487 0.7575 0.3074 -0.428 0.442 0.5975 0.5143 -0.9538 -0.0129 -0.294 -0.0606
-0.7678 0.1755 0.5751 0.2212 -0.6086 0.4104 0.6697 0.1122 -0.7354 0.1958 0.6483 0.0229 -0.7569 -0.0926 0.6469 -0.0054 -0.5944 0.3598 0.65 0.3079 -0.7214 -0.3538 0.5477 0.2333 -0.9071 -0.1567 -0.3901 0.0219 -0.5615 0.1852 0.7482 0.3011 -0.4521 0.5206 0.5175 0.5068 -0.9538 -0.0129 -0.294 -0.0606
-0.7678 0.1755 0.5751 0.2212 -0.6086 0.4104 0.6697 0.1122 -0.7354 0.1958 0.6483 0.0229 -0.7569 -0.0926 0.6469 -0.0054 -0.5944 0.3598 0.65 0.3079 -0.7214 -0.3538 0.5477 0.2333 -0.9071 -0.1567 -0.3901 0.0219 -0.5615 0.1852 0.7482 0.3011 -0.4521 0.5206 0.5175 0.5068 -0.9538 -0.0129 -0.294 -0.0606
-0.7678 0.1755 0.5751 0.2212 -0.6086 0.4104 0.6697 0.1122 -0.7354 0.1958 0.6483 0.0229 -0.7795 -0.0632 0.6232 -0.0063 -0.5944 0.3598 0.65 0.3079 -0.7214 -0.3538 0.5477 0.2333 -0.6002 -0.2526 -0.7519 0.1034 -0.5615 0.1852 0.7482 0.3011 -0.4521 0.5206 0.5175 0.5068 -0.9538 -0.0129 -0.294 -0.0606
-0.7678 0.1755 0.5751 0.2212 -0.6086 0.4104 0.6697 0.1122 -0.7354 0.1958 0.6483 0.0229 -0.7795 -0.0632 0.6232 -0.0063 -0.5944 0.3598 0.65 0.3079 -0.7214 -0.3538 0.5477 0.2333 -0.6002 -0.2526 -0.7519 0.1034 -0.5615 0.1852 0.7482 0.3011 -0.4521 0.5206 0.5175 0.5068 -0.9538 -0.0129 -0.294 -0.0606
-0.7678 0.1755 0.5751 0.2212 -0.6086 0.4104 0.6697 0.1122 -0.7354 0.1958 0.6483 0.0229 -0.7795 -0.0632 0.6232 -0.0063 -0.5944 0.3598 0.65 0.3079 -0.7214 -0.3538 0.5477 0.2333 -0.6002 -0.2526 -0.7519 0.1034 -0.5615 0.1852 0.7482 0.3011 -0.4521 0.5206 0.5175 0.5068 -0.9538 -0.0129 -0.294 -0.0606
-0.7564 0.1876 0.577 0.2443 -0.6299 0.3945 0.637 0.2046 -0.7242 0.2426 0.6392 0.0903 -0.7795 -0.0632 0.6232 -0.0063 -0.6663 0.3937 0.5635 0.2889 -0.6952 -0.3815 0.5104 0.3327 -0.6002 -0.2526 -0.7519 0.1034 -0.5615 0.1852 0.7482 0.3011 -0.4521 0.5206 0.5175 0.5068 -0.9412 -0.0084 -0.3299 -0.0724
-0.7564 0.1876 0.577 0.2443 -0.6299 0.3945 0.637 0.2046 -0.7242 0.2426 0.6392 0.0903 -0.7795 -0.0632 0.6232 -0.0063 -0.6663 0.3937 0.5635 0.2889 -0.6952 -0.3815 0.5104 0.3327 -0.6002 -0.2526 -0.7519 0.1034 -0.5615 0.1852 0.7482 0.3011 -0.4691 0.5443 0.4908 0.4929 -0.9412 -0.0084 -0.3299 -0.0724
-0.7564 0.1876 0.577 0.2443 -0.6299 0.3945 0.637 0.2046 -0.7242 0.2426 0.6392 0.0903 -0.7795 -0.0632 0.6232 -0.0063 -0.6663 0.3937 0.5635 0.2889 -0.6952 -0.3815 0.5104 0.3327 -0.6002 -0.2526 -0.7519 0.1034 -0.5768 0.2253 0.7457 0.2461 -0.4691 0.5443 0.4908 0.4929 -0.9412 -0.0084 -0.3299 -0.0724
-0.7564 0.1876 0.577 0.2443 -0.6299 0.3945 0.637 0.2046 -0.7242 0.2426 0.6392 0.0903 -0.7795 -0.0632 0.6232 -0.0063 -0.6663 0.3937 0.5635 0.2889 -0.6952 -0.3815 0.5104 0.3327 -0.6002 -0.2526 -0.7519 0.1034 -0.5768 0.2253 0.7457 0.2461 -0.4691 0.5443 0.4908 0.4929 -0.9412 -0.0084 -0.3299 -0.0724
-0.7564 0.1876 0.577 0.2443 -0.6299 0.3945 0.637 0.2046 -0.7242 0.2426 0.6392 0.0903 -0.7473 -0.0685 0.6564 0.077 -0.6663 0.3937 0.5635 0.2889 -0.6952 -0.3815 0.5104 0.3327 -0.6942 -0.2137 -0.6727 0.1411 -0.5768 0.2253 0.7457 0.2461 -0.4691 0.5443 0.4908 0.4929 -0.9412 -0.0084 -0.3299 -0.0724
-0.7564 0.1876 0.577 0.2443 -0.6299 0.3945 0.637 0.2046 -0.7242 0.2426 0.6392 0.0903 -0.7473 -0.0685 0.6564 0.077 -0.6663 0.3937 0.5635 0.2889 -0.6952 -0.3815 0.5104 0.3327 -0.6942 -0.2137 -0.6727 0.1411 -0.5768 0.2253 0.7457 0.2461 -0.4691 0.5443 0.4908 0.4929 -0.9412 -0.0084 -0.3299 -0.0724
-0.7564 0.1876 0.577 0.2443 -0.6299 0.3945 0.637 0.2046 -0.7242 0.2426 0.6392 0.0903 -0.7473 -0.0685 0.6564 0.077 -0.6663 0.3937 0.5635 0.2889 -0.6952 -0.3815 0.5104 0.3327 -0.6942 -0.2137 -0.6727 0.1411 -0.5768 0.2253 0.7457 0.2461 -0.4691 0.5443 0.4908 0.4929 -0.9412 -0.0084 -0.3299 -0.0724
-0.7446 0.1968 0.5688 0.2885 -0.6388 0.3954 0.6171 0.2339 -0.7366 0.2243 0.63 0.1013 -0.7473 -0.0685 0.6564 0.077 -0.7137 0.3967 0.5339 0.2194 -0.7195 -0.3501 0.5433 0.2543 -0.6942 -0.2137 -0.6727 0.1411 -0.5768 0.2253 0.7457 0.2461 -0.4691 0.5443 0.4908 0.4929 -0.9347 -8.0E-4 -0.3507 -0.0578
-0.7446 0.1968 0.5688 0.2885 -0.6388 0.3954 0.6171 0.2339 -0.7366 0.2243 0.63 0.1013 -0.7473 -0.0685 0.6564 0.077 -0.7137 0.3967 0.5339 0.2194 -0.7195 -0.3501 0.5433 0.2543 -0.6942 -0.2137 -0.6727 0.1411 -0.5768 0.2253 0.7457 0.2461 -0.4691 0.5443 0.4908 0.4929 -0.9347 -8.0E-4 -0.3507 -0.0578
-0.7446 0.1968 0.5688 0.2885 -0.6388 0.3954 0.6171 0.2339 -0.7366 0.2243 0.63 0.1013 -0.7473 -0.0685 0.6564 0.077 -0.7137 0.3967 0.5339 0.2194 -0.7195 -0.3501 0.5433 0.2543 -0.6942 -0.2137 -0.6727 0.1411 -0.6016 0.2285 0.7434 0.1825 -0.5052 0.5555 0.4696 0.4644 -0.9347 -8.0E-4 -0.3507 -0.0578
-0.7446 0.1968 0.5688 0.2885 -0.6388 0.3954 0.6171 0.2339 -0.7366 0.2243 0.63 0.1013 -0.7473 -0.0685 0.6564 0.077 -0.7137 0.3967 0.5339 0.2194 -0.7195 -0.3501 0.5433 0.2543 -0.6942 -0.2137 -0.6727 0.1411 -0.6016 0.2285 0.7434 0.1825 -0.5052 0.5555 0.4696 0.4644 -0.9347 -8.0E-4 -0.3507 -0.0578
-0.7446 0.1968 0.5688 0.2885 -0.6388 0.3954 0.6171 0.2339 -0.7366 0.2243 0.63 0.1013 -0.7473 -0.0685 0.6564 0.077 -0.7137 0.3967 0.5339 0.2194 -0.7195 -0.3501 0.5433 0.2543 -0.6942 -0.2137 -0.6727 0.1411 -0.6016 0.2285 0.7434 0.1825 -0.5052 0.5555 0.4696 0.4644 -0.9347 -8.0E-4 -0.3507 -0.0578
-0.7446 0.1968 0.5688 0.2885 -0.6357 0.4148 0.5979 0.2577 -0.7366 0.2243 0.63 0.1013 -0.7473 -0.0685 0.6564 0.077 -0.7137 0.3967 0.5339 0.2194 -0.7195 -0.3501 0.5433 0.2543 -0.6942 -0.2137 -0.6727 0.1411 -0.6016 0.2285 0.7434 0.1825 -0.5052 0.5555 0.4696 0.4644 -0.9347 -8.0E-4 -0.3507 -0.0578
-0.7446 0.1968 0.5688 0.2885 -0.6357 0.4148 0.5979 0.2577 -0.7366 0.2243 0.63 0.1013 -0.7473 -0.0685 0.6564 0.077 -0.7137 0.3967 0.5339 0.2194 -0.7195 -0.3501 0.5433 0.2543 -0.6942 -0.2137 -0.6727 0.1411 -0.6016 0.2285 0.7434 0.1825 -0.5052 0.5555 0.4696 0.4644 -0.9347 -8.0E-4 -0.3507 -0.0578
-0.7446 0.1968 0.5688 0.2885 -0.6357 0.4148 0.5979 0.2577 -0.731 0.2454 0.6234 0.1301 -0.7473 -0.0685 0.6564 0.077 -0.7346 0.3665 0.5527 0.1433 -0.7619 -0.2393 0.5903 0.1175 -0.6942 -0.2137 -0.6727 0.1411 -0.6016 0.2285 0.7434 0.1825 -0.5052 0.5555 0.4696 0.4644 -0.9347 -8.0E-4 -0.3507 -0.0578
-0.7446 0.1968 0.5688 0.2885 -0.6357 0.4148 0.5979 0.2577 -0.731 0.2454 0.6234 0.1301 -0.7473 -0.0685 0.6564 0.077 -0.7346 0.3665 0.5527 0.1433 -0.7619 -0.2393 0.5903 0.1175 -0.6942 -0.2137 -0.6727 0.1411 -0.6016 0.2285 0.7434 0.1825 -0.5473 0.5695 0.4384 0.429 -0.9347 -8.0E-4 -0.3507 -0.0578
-0.7446 0.1968 0.5688 0.2885 -0.6357 0.4148 0.5979 0.2577 -0.731 0.2454 0.6234 0.1301 -0.7473 -0.0685 0.6564 0.077 -0.7346 0.3665 0.5527 0.1433 -0.7619 -0.2393 0.5903 0.1175 -0.6942 -0.2137 -0.6727 0.1411 -0.6227 0.2254 0.7357 0.1422 -0.5473 0.5695 0.4384 0.429 -0.9347 -8.0E-4 -0.3507 -0.0578
-0.7446 0.1968 0.5688 0.2885 -0.6357 0.4148 0.5979 0.2577 -0.731 0.2454 0.6234 0.1301 -0.7473 -0.0685 0.6564 0.077 -0.7346 0.3665 0.5527 0.1433 -0.7619 -0.2393 0.5903 0.1175 -0.6942 -0.2137 -0.6727 0.1411 -0.6227 0.2254 0.7357 0.1422 -0.5473 0.5695 0.4384 0.429 -0.9347 -8.0E-4 -0.3507 -0.0578
-0.7446 0.1968 0.5688 0.2885 -0.6357 0.4148 0.5979 0.2577 -0.731 0.2454 0.6234 0.1301 -0.7473 -0.0685 0.6564 0.077 -0.7346 0.3665 0.5527 0.1433 -0.7619 -0.2393 0.5903 0.1175 -0.6942 -0.2137 -0.6727 0.1411 -0.6227 0.2254 0.7357 0.1422 -0.5473 0.5695 0.4384 0.429 -0.9347 -8.0E-4 -0.3507 -0.0578
-0.7446 0.1968 0.5688 0.2885 -0.6357 0.4148 0.5979 0.2577 -0.731 0.2454 0.6234 0.1301 -0.7473 -0.0685 0.6564 0.077 -0.7346 0.3665 0.5527 0.1433 -0.7619 -0.2393 0.5903 0.1175 -0.6942 -0.2137 -0.6727 0.1411 -0.6227 0.2254 0.7357 0.1422 -0.5473 0.5695 0.4384 0.429 -0.9347 -8.0E-4 -0.3507 -0.0578
-0.7446 0.1968 0.5688 0.2885 -0.6345 0.4153 0.6025 0.2488 -0.7268 0.2407 0.6251 0.152 -0.7473 -0.0685 0.6564 0.077 -0.7346 0.3665 0.5527 0.1433 -0.7625 -0.094 0.6385 -0.0461 -0.6942 -0.2137 -0.6727 0.1411 -0.6227 0.2254 0.7357 0.1422 -0.5473 0.5695 0.4384 0.429 -0.9347 -8.0E-4 -0.3507 -0.0578
-0.7446 0.1968 0.5688 0.2885 -0.6345 0.4153 0.6025 0.2488 -0.7268 0.2407 0.6251 0.152 -0.7473 -0.0685 0.6564 0.077 -0.7346 0.3665 0.5527 0.1433 -0.7625 -0.094 0.6385 -0.0461 -0.6942 -0.2137 -0.6727 0.1411 -0.6227 0.2254 0.7357 0.1422 -0.5473 0.5695 0.4384 0.429 -0.9347 -8.0E-4 -0.3507 -0.0578
-0.7324 0.2059 0.563 0.3228 -0.6345 0.4153 0.6025 0.2488 -0.7268 0.2407 0.6251 0.152 -0.7473 -0.0685 0.6564 0.077 -0.7275 0.3393 0.5859 0.1107 -0.7625 -0.094 0.6385 -0.0461 -0.6942 -0.2137 -0.6727 0.1411 -0.6227 0.2254 0.7357 0.1422 -0.571 0.5912 0.3953 0.41 -0.9347 -8.0E-4 -0.3507 -0.0578
-0.7324 0.2059 0.563 0.3228 -0.6345 0.4153 0.6025 0.2488 -0.7268 0.2407 0.6251 0.152 -0.7473 -0.0685 0.6564 0.077 -0.7275 0.3393 0.5859 0.1107 -0.7625 -0.094 0.6385 -0.0461 -0.6942 -0.2137 -0.6727 0.1411 -0.6398 0.2403 0.7194 0.1243 -0.571 0.5912 0.3953 0.41 -0.9347 -8.0E-4 -0.3507 -0.0578
-0.7324 0.2059 0.563 0.3228 -0.6345 0.4153 0.6025 0.2488 -0.7268 0.2407 0.6251 0.152 -0.5611 -0.1678 0.7733 0.2431 -0.7275 0.3393 0.5859 0.1107 -0.7625 -0.094 0.6385 -0.0461 -0.6942 -0.2137 -0.6727 0.1411 -0.6398 0.2403 0.7194 0.1243 -0.571 0.5912 0.3953 0.41 -0.9347 -8.0E-4 -0.3507 -0.0578
-0.7324 0.2059 0.563 0.3228 -0.6345 0.4153 0.6025 0.2488 -0.7268 0.2407 0.6251 0.152 -0.5611 -0.1678 0.7733 0.2431 -0.7275 0.3393 0.5859 0.1107 -0.7625 -0.094 0.6385 -0.0461 -0.9676 -0.2148 -0.1325 0.0068 -0.6398 0.2403 0.7194 0.1243 -0.571 0.5912 0.3953 0.41 -0.9347 -8.0E-4 -0.3507 -0.0578
-0.7324 0.2059 0.563 0.3228 -0.6345 0.4153 0.6025 0.2488 -0.7268 0.2407 0.6251 0.152 -0.5611 -0.1678 0.7733 0.2431 -0.7275 0.3393 0.5859 0.1107 -0.7625 -0.094 0.6385 -0.0461 -0.9676 -0.2148 -0.1325 0.0068 -0.6398 0.2403 0.7194 0.1243 -0.571 0.5912 0.3953 0.41 -0.9347 -8.0E-4 -0.3507 -0.0578
-0.7324 0.2059 0.563 0.3228 -0.6345 0.4153 0.6025 0.2488 -0.7268 0.2407 0.6251 0.152 -0.5611 -0.1678 0.7733 0.2431 -0.7275 0.3393 0.5859 0.1107 -0.7625 -0.094 0.6385 -0.0461 -0.9676 -0.2148 -0.1325 0.0068 -0.6398 0.2403 0.7194 0.1243 -0.571 0.5912 0.3953 0.41 -0.9347 -8.0E-4 -0.3507 -0.0578
-0.7334 0.2103 0.5642 0.3156 -0.63 0.4109 0.6149 0.2366 -0.7192 0.2413 0.6301 0.1656 -0.5611 -0.1678 0.7733 0.2431 -0.7275 0.3393 0.5859 0.1107 -0.7625 -0.094 0.6385 -0.0461 -0.9676 -0.2148 -0.1325 0.0068 -0.6398 0.2403 0.7194 0.1243 -0.571 0.5912 0.3953 0.41 -0.8652 -0.0139 -0.4998 -0.0397
-0.7334 0.2103 0.5642 0.3156 -0.63 0.4109 0.6149 0.2366 -0.7192 0.2413 0.6301 0.1656 -0.5611 -0.1678 0.7733 0.2431 -0.7275 0.3393 0.5859 0.1107 -0.7625 -0.094 0.6385 -0.0461 -0.9676 -0.2148 -0.1325 0.0068 -0.6398 0.2403 0.7194 0.1243 -0.571 0.5912 0.3953 0.41 -0.8652 -0.0139 -0.4998 -0.0397
-0.7334 0.2103 0.5642 0.3156 -0.63 0.4109 0.6149 0.2366 -0.7192 0.2413 0.6301 0.1656 -0.5611 -0.1678 0.7733 0.2431 -0.7275 0.3393 0.5859 0.1107 -0.7625 -0.094 0.6385 -0.0461 -0.9676 -0.2148 -0.1325 0.0068 -0.665 0.2505 0.6949 0.1104 -0.6158 0.6028 0.3433 0.3737 -0.8652 -0.0139 -0.4998 -0.0397
-0.7334 0.2103 0.5642 0.3156 -0.63 0.4109 0.6149 0.2366 -0.7192 0.2413 0.6301 0.1656 -0.5611 -0.1678 0.7733 0.2431 -0.7275 0.3393 0.5859 0.1107 -0.7625 -0.094 0.6385 -0.0461 -0.9676 -0.2148 -0.1325 0.0068 -0.665 0.2505 0.6949 0.1104 -0.6158 0.6028 0.3433 0.3737 -0.8652 -0.0139 -0.4998 -0.0397
-0.7334 0.2103 0.5642 0.3156 -0.63 0.4109 0.6149 0.2366 -0.7192 0.2413 0.6301 0.1656 -0.5875 -0.1553 0.7668 0.2066 -0.7275 0.3393 0.5859 0.1107 -0.7625 -0.094 0.6385 -0.0461 -0.9584 -0.1948 -0.2087 -0.0102 -0.665 0.2505 0.6949 0.1104 -0.6158 0.6028 0.3433 0.3737 -0.8652 -0.0139 -0.4998 -0.0397
-0.7334 0.2103 0.5642 0.3156 -0.63 0.4109 0.6149 0.2366 -0.7192 0.2413 0.6301 0.1656 -0.5875 -0.1553 0.7668 0.2066 -0.7275 0.3393 0.5859 0.1107 -0.7625 -0.094 0.6385 -0.0461 -0.9584 -0.1948 -0.2087 -0.0102 -0.665 0.2505 0.6949 0.1104 -0.6158 0.6028 0.3433 0.3737 -0.8652 -0.0139 -0.4998 -0.0397
-0.7334 0.2103 0.5642 0.3156 -0.63 0.4109 0.6149 0.2366 -0.7192 0.2413 0.6301 0.1656 -0.5875 -0.1553 0.7668 0.2066 -0.7275 0.3393 0.5859 0.1107 -0.7625 -0.094 0.6385 -0.0461 -0.9584 -0.1948 -0.2087 -0.0102 -0.665 0.2505 0.6949 0.1104 -0.6158 0.6028 0.3433 0.3737 -0.8652 -0.0139 -0.4998 -0.0397
-0.7433 0.2043 0.5504 0.3208 -0.6338 0.385 0.6455 0.1828 -0.727 0.2068 0.6356 0.1572 -0.5875 -0.1553 0.7668 0.2066 -0.6922 0.3657 0.6119 0.1123 -0.7206 -0.1439 0.6721 -0.0917 -0.9584 -0.1948 -0.2087 -0.0102 -0.665 0.2505 0.6949 0.1104 -0.6158 0.6028 0.3433 0.3737 -0.7266 -0.0188 -0.6865 -0.0207
-0.7433 0.2043 0.5504 0.3208 -0.6338 0.385 0.6455 0.1828 -0.727 0.2068 0.6356 0.1572 -0.5875 -0.1553 0.7668 0.2066 -0.6922 0.3657 0.6119 0.1123 -0.7206 -0.1439 0.6721 -0.0917 -0.9584 -0.1948 -0.2087 -0.0102 -0.665 0.2505 0.6949 0.1104 -0.6158 0.6028 0.3433 0.3737 -0.7266 -0.0188 -0.6865 -0.0207
-0.7433 0.2043 0.5504 0.3208 -0.6338 0.385 0.6455 0.1828 -0.727 0.2068 0.6356 0.1572 -0.5875 -0.1553 0.7668 0.2066 -0.6922 0.3657 0.6119 0.1123 -0.7206 -0.1439 0.6721 -0.0917 -0.9584 -0.1948 -0.2087 -0.0102 -0.7184 0.1256 0.6777 0.0939 -0.7274 0.5653 0.2982 0.2497 -0.7266 -0.0188 -0.6865 -0.0207
-0.7433 0.2043 0.5504 0.3208 -0.6338 0.385 0.6455 0.1828 -0.727 0.2068 0.6356 0.1572 -0.6497 -0.1256 0.7373 0.136 -0.6922 0.3657 0.6119 0.1123 -0.7206 -0.1439 0.6721 -0.0917 -0.9584 -0.1948 -0.2087 -0.0102 -0.7184 0.1256 0.6777 0.0939 -0.7274 0.5653 0.2982 0.2497 -0.7266 -0.0188 -0.6865 -0.0207
-0.7433 0.2043 0.5504 0.3208 -0.6338 0.385 0.6455 0.1828 -0.727 0.2068 0.6356 0.1572 -0.6497 -0.1256 0.7373 0.136 -0.6922 0.3657 0.6119 0.1123 -0.7206 -0.1439 0.6721 -0.0917 -0.9584 -0.1948 -0.2087 -0.0102 -0.7184 0.1256 0.6777 0.0939 -0.7274 0.5653 0.2982 0.2497 -0.7266 -0.0188 -0.6865 -0.0207
-0.7433 0.2043 0.5504 0.3208 -0.6338 0.385 0.6455 0.1828 -0.727 0.2068 0.6356 0.1572 -0.6497 -0.1256 0.7373 0.136 -0.6922 0.3657 0.6119 0.1123 -0.7206 -0.1439 0.6721 -0.0917 -0.9584 -0.1948 -0.2087 -0.0102 -0.7184 0.1256 0.6777 0.0939 -0.7274 0.5653 0.2982 0.2497 -0.7266 -0.0188 -0.6865 -0.0207
-0.7433 0.2043 0.5504 0.3208 -0.6338 0.385 0.6455 0.1828 -0.727 0.2068 0.6356 0.1572 -0.6497 -0.1256 0.7373 0.136 -0.6922 0.3657 0.6119 0.1123 -0.7206 -0.1439 0.6721 -0.0917 -0.9584 -0.1948 -0.2087 -0.0102 -0.7184 0.1256 0.6777 0.0939 -0.7274 0.5653 0.2982 0.2497 -0.7266 -0.0188 -0.6865 -0.0207
-0.772 0.1581 0.5561 0.2642 -0.6454 0.3673 0.6565 0.132 -0.7081 0.2297 0.6393 0.1927 -0.6497 -0.1256 0.7373 0.136 -0.675 0.3414 0.6452 0.1071 -0.7112 -0.2115 0.6677 -0.0602 -0.9584 -0.1948 -0.2087 -0.0102 -0.7184 0.1256 0.6777 0.0939 -0.7274 0.5653 0.2982 0.2497 -0.6289 -0.0378 -0.7719 -0.0853
-0.772 0.1581 0.5561 0.2642 -0.6454 0.3673 0.6565 0.132 -0.7081 0.2297 0.6393 0.1927 -0.6497 -0.1256 0.7373 0.136 -0.675 0.3414 0.6452 0.1071 -0.7112 -0.2115 0.6677 -0.0602 -0.9584 -0.1948 -0.2087 -0.0102 -0.7184 0.1256 0.6777 0.0939 -0.7274 0.5653 0.2982 0.2497 -0.6289 -0.0378 -0.7719 -0.0853
-0.772 0.1581 0.5561 0.2642 -0.6454 0.3673 0.6565 0.132 -0.7081 0.2297 0.6393 0.1927 -0.6497 -0.1256 0.7373 0.136 -0.675 0.3414 0.6452 0.1071 -0.7112 -0.2115 0.6677 -0.0602 -0.9584 -0.1948 -0.2087 -0.0102 -0.7119 -0.0096 0.6952 0.0991 -0.7396 0.5829 0.2587 0.215 -0.6289 -0.0378 -0.7719 -0.0853
-0.772 0.1581 0.5561 0.2642 -0.6454 0.3673 0.6565 0.132 -0.7081 0.2297 0.6393 0.1927 -0.6497 -0.1256 0.7373 0.136 -0.675 0.3414 0.6452 0.1071 -0.7112 -0.2115 0.6677 -0.0602 -0.9584 -0.1948 -0.2087 -0.0102 -0.7119 -0.0096 0.6952 0.0991 -0.7396 0.5829 0.2587 0.215 -0.6289 -0.0378 -0.7719 -0.0853
-0.772 0.1581 0.5561 0.2642 -0.6454 0.3673 0.6565 0.132 -0.7081 0.2297 0.6393 0.1927 -0.6838 -0.0858 0.7173 0.1027 -0.675 0.3414 0.6452 0.1071 -0.7112 -0.2115 0.6677 -0.0602 -0.9584 -0.1948 -0.2087 -0.0102 -0.7119 -0.0096 0.6952 0.0991 -0.7396 0.5829 0.2587 0.215 -0.6289 -0.0378 -0.7719 -0.0853
-0.772 0.1581 0.5561 0.2642 -0.6454 0.3673 0.6565 0.132 -0.7081 0.2297 0.6393 0.1927 -0.6838 -0.0858 0.7173 0.1027 -0.675 0.3414 0.6452 0.1071 -0.7112 -0.2115 0.6677 -0.0602 -0.9584 -0.1948 -0.2087 -0.0102 -0.7119 -0.0096 0.6952 0.0991 -0.7396 0.5829 0.2587 0.215 -0.6289 -0.0378 -0.7719 -0.0853
-0.772 0.1581 0.5561 0.2642 -0.6454 0.3673 0.6565 0.132 -0.7081 0.2297 0.6393 0.1927 -0.6838 -0.0858 0.7173 0.1027 -0.675 0.3414 0.6452 0.1071 -0.7112 -0.2115 0.6677 -0.0602 -0.9584 -0.1948 -0.2087 -0.0102 -0.7119 -0.0096 0.6952 0.0991 -0.7396 0.5829 0.2587 0.215 -0.6289 -0.0378 -0.7719 -0.0853
-0.7912 0.1567 0.5474 0.2233 -0.6611 0.3738 0.642 0.1045 -0.7041 0.2336 0.646 0.18 -0.6838 -0.0858 0.7173 0.1027 -0.6353 0.3635 0.6624 0.1597 -0.7128 -0.2397 0.6591 -0.0132 -0.9584 -0.1948 -0.2087 -0.0102 -0.7119 -0.0096 0.6952 0.0991 -0.7396 0.5829 0.2587 0.215 -0.785 -0.0569 -0.6095 -0.0952
-0.7912 0.1567 0.5474 0.2233 -0.6611 0.3738 0.642 0.1045 -0.7041 0.2336 0.646 0.18 -0.6838 -0.0858 0.7173 0.1027 -0.6353 0.3635 0.6624 0.1597 -0.7128 -0.2397 0.6591 -0.0132 -0.9584 -0.1948 -0.2087 -0.0102 -0.7119 -0.0096 0.6952 0.0991 -0.7396 0.5829 0.2587 0.215 -0.785 -0.0569 -0.6095 -0.0952
-0.7912 0.1567 0.5474 0.2233 -0.6611 0.3738 0.642 0.1045 -0.7041 0.2336 0.646 0.18 -0.6838 -0.0858 0.7173 0.1027 -0.6353 0.3635 0.6624 0.1597 -0.7128 -0.2397 0.6591 -0.0132 -0.9584 -0.1948 -0.2087 -0.0102 -0.6631 0.0568 0.7037 0.2487 -0.6736 0.5589 0.3663 0.3157 -0.785 -0.0569 -0.6095 -0.0952
-0.7912 0.1567 0.5474 0.2233 -0.6611 0.3738 0.642 0.1045 -0.7041 0.2336 0.646 0.18 -0.6832 -0.1161 0.7173 0.0724 -0.6353 0.3635 0.6624 0.1597 -0.7128 -0.2397 0.6591 -0.0132 -0.931 -0.1376 -0.3371 0.0266 -0.6631 0.0568 0.7037 0.2487 -0.6736 0.5589 0.3663 0.3157 -0.785 -0.0569 -0.6095 -0.0952
-0.7912 0.1567 0.5474 0.2233 -0.6611 0.3738 0.642 0.1045 -0.7041 0.2336 0.646 0.18 -0.6832 -0.1161 0.7173 0.0724 -0.6353 0.3635 0.6624 0.1597 -0.7128 -0.2397 0.6591 -0.0132 -0.931 -0.1376 -0.3371 0.0266 -0.6631 0.0568 0.7037 0.2487 -0.6736 0.5589 0.3663 0.3157 -0.785 -0.0569 -0.6095 -0.0952
-0.7912 0.1567 0.5474 0.2233 -0.6611 0.3738 0.642 0.1045 -0.7041 0.2336 0.646 0.18 -0.6832 -0.1161 0.7173 0.0724 -0.6353 0.3635 0.6624 0.1597 -0.7128 -0.2397 0.6591 -0.0132 -0.931 -0.1376 -0.3371 0.0266 -0.6631 0.0568 0.7037 0.2487 -0.6736 0.5589 0.3663 0.3157 -0.785 -0.0569 -0.6095 -0.0952
-0.7912 0.1567 0.5474 0.2233 -0.6319 0.4149 0.65 0.0788 -0.7216 0.2 0.6525 0.1165 -0.6832 -0.1161 0.7173 0.0724 -0.6353 0.3635 0.6624 0.1597 -0.7127 -0.2806 0.6429 0.0065 -0.931 -0.1376 -0.3371 0.0266 -0.6631 0.0568 0.7037 0.2487 -0.6736 0.5589 0.3663 0.3157 -0.785 -0.0569 -0.6095 -0.0952
-0.8 0.144 0.5434 0.2097 -0.6319 0.4149 0.65 0.0788 -0.7216 0.2 0.6525 0.1165 -0.6832 -0.1161 0.7173 0.0724 -0.6221 0.3501 0.6785 0.1732 -0.7127 -0.2806 0.6429 0.0065 -0.931 -0.1376 -0.3371 0.0266 -0.6631 0.0568 0.7037 0.2487 -0.6736 0.5589 0.3663 0.3157 -0.9137 -0.0298 -0.3902 -0.1096
-0.8 0.144 0.5434 0.2097 -0.6319 0.4149 0.65 0.0788 -0.7216 0.2 0.6525 0.1165 -0.6832 -0.1161 0.7173 0.0724 -0.6221 0.3501 0.6785 0.1732 -0.7127 -0.2806 0.6429 0.0065 -0.931 -0.1376 -0.3371 0.0266 -0.6182 0.0868 0.7229 0.2962 -0.6736 0.5589 0.3663 0.3157 -0.9137 -0.0298 -0.3902 -0.1096
-0.8 0.144 0.5434 0.2097 -0.6319 0.4149 0.65 0.0788 -0.7216 0.2 0.6525 0.1165 -0.6832 -0.1161 0.7173 0.0724 -0.6221 0.3501 0.6785 0.1732 -0.7127 -0.2806 0.6429 0.0065 -0.931 -0.1376 -0.3371 0.0266 -0.6182 0.0868 0.7229 0.2962 -0.6736 0.5589 0.3663 0.3157 -0.9137 -0.0298 -0.3902 -0.1096
-0.8 0.144 0.5434 0.2097 -0.6319 0.4149 0.65 0.0788 -0.7216 0.2 0.6525 0.1165 -0.688 -0.1296 0.7108 0.0674 -0.6221 0.3501 0.6785 0.1732 -0.7127 -0.2806 0.6429 0.0065 -0.9279 -0.1262 -0.349 0.0372 -0.6182 0.0868 0.7229 0.2962 -0.6736 0.5589 0.3663 0.3157 -0.9137 -0.0298 -0.3902 -0.1096
-0.8 0.144 0.5434 0.2097 -0.6319 0.4149 0.65 0.0788 -0.7216 0.2 0.6525 0.1165 -0.688 -0.1296 0.7108 0.0674 -0.6221 0.3501 0.6785 0.1732 -0.7127 -0.2806 0.6429 0.0065 -0.9279 -0.1262 -0.349 0.0372 -0.6182 0.0868 0.7229 0.2962 -0.6736 0.5589 0.3663 0.3157 -0.9137 -0.0298 -0.3902 -0.1096
-0.8 0.144 0.5434 0.2097 -0.6319 0.4149 0.65 0.0788 -0.7216 0.2 0.6525 0.1165 -0.688 -0.1296 0.7108 0.0674 -0.6221 0.3501 0.6785 0.1732 -0.7127 -0.2806 0.6429 0.0065 -0.9279 -0.1262 -0.349 0.0372 -0.6182 0.0868 0.7229 0.2962 -0.6736 0.5589 0.3663 0.3157 -0.9137 -0.0298 -0.3902 -0.1096
-0.8 0.144 0.5434 0.2097 -0.6213 0.4103 0.6671 0.0255 -0.7288 0.194 0.6509 0.0865 -0.688 -0.1296 0.7108 0.0674 -0.6221 0.3501 0.6785 0.1732 -0.7173 -0.3052 0.6252 0.037 -0.9279 -0.1262 -0.349 0.0372 -0.6182 0.0868 0.7229 0.2962 -0.6736 0.5589 0.3663 0.3157 -0.9137 -0.0298 -0.3902 -0.1096
-0.8016 0.1406 0.5472 0.1952 -0.6213 0.4103 0.6671 0.0255 -0.7288 0.194 0.6509 0.0865 -0.688 -0.1296 0.7108 0.0674 -0.5938 0.3578 0.6859 0.2214 -0.7173 -0.3052 0.6252 0.037 -0.9279 -0.1262 -0.349 0.0372 -0.6182 0.0868 0.7229 0.2962 -0.6736 0.5589 0.3663 0.3157 -0.9701 -0.0051 -0.2198 -0.1029
-0.8016 0.1406 0.5472 0.1952 -0.6213 0.4103 0.6671 0.0255 -0.7288 0.194 0.6509 0.0865 -0.688 -0.1296 0.7108 0.0674 -0.5938 0.3578 0.6859 0.2214 -0.7173 -0.3052 0.6252 0.037 -0.9279 -0.1262 -0.349 0.0372 -0.6182 0.0868 0.7229 0.2962 -0.6736 0.5589 0.3663 0.3157 -0.9701 -0.0051 -0.2198 -0.1029
-0.8016 0.1406 0.5472 0.1952 -0.6213 0.4103 0.6671 0.0255 -0.7288 0.194 0.6509 0.0865 -0.688 -0.1296 0.7108 0.0674 -0.5938 0.3578 0.6859 0.2214 -0.7173 -0.3052 0.6252 0.037 -0.9279 -0.1262 -0.349 0.0372 -0.5891 0.1299 0.7404 0.2966 -0.4672 0.4175 0.5842 0.5159 -0.9701 -0.0051 -0.2198 -0.1029
-0.8016 0.1406 0.5472 0.1952 -0.6213 0.4103 0.6671 0.0255 -0.7288 0.194 0.6509 0.0865 -0.688 -0.1296 0.7108 0.0674 -0.5938 0.3578 0.6859 0.2214 -0.7173 -0.3052 0.6252 0.037 -0.9279 -0.1262 -0.349 0.0372 -0.5891 0.1299 0.7404 0.2966 -0.4672 0.4175 0.5842 0.5159 -0.9701 -0.0051 -0.2198 -0.1029
-0.8016 0.1406 0.5472 0.1952 -0.6213 0.4103 0.6671 0.0255 -0.7288 0.194 0.6509 0.0865 -0.6987 -0.1229 0.7021 0.0611 -0.5938 0.3578 0.6859 0.2214 -0.7173 -0.3052 0.6252 0.037 -0.9101 -0.1292 -0.3915 0.0419 -0.5891 0.1299 0.7404 0.2966 -0.4672 0.4175 0.5842 0.5159 -0.9701 -0.0051 -0.2198 -0.1029
-0.8016 0.1406 0.5472 0.1952 -0.6213 0.4103 0.6671 0.0255 -0.7288 0.194 0.6509 0.0865 -0.6987 -0.1229 0.7021 0.0611 -0.5938 0.3578 0.6859 0.2214 -0.7173 -0.3052 0.6252 0.037 -0.9101 -0.1292 -0.3915 0.0419 -0.5891 0.1299 0.7404 0.2966 -0.4672 0.4175 0.5842 0.5159 -0.9701 -0.0051 -0.2198 -0.1029
-0.8016 0.1406 0.5472 0.1952 -0.608 0.4215 0.6714 0.0425 -0.7341 0.1956 0.644 0.09 -0.6987 -0.1229 0.7021 0.0611 -0.5938 0.3578 0.6859 0.2214 -0.7173 -0.3052 0.6252 0.037 -0.9101 -0.1292 -0.3915 0.0419 -0.5891 0.1299 0.7404 0.2966 -0.4672 0.4175 0.5842 0.5159 -0.9701 -0.0051 -0.2198 -0.1029
-0.8016 0.1406 0.5472 0.1952 -0.608 0.4215 0.6714 0.0425 -0.7341 0.1956 0.644 0.09 -0.6987 -0.1229 0.7021 0.0611 -0.5938 0.3578 0.6859 0.2214 -0.7173 -0.3052 0.6252 0.037 -0.9101 -0.1292 -0.3915 0.0419 -0.5891 0.1299 0.7404 0.2966 -0.4672 0.4175 0.5842 0.5159 -0.9775 -0.0139 -0.2059 -0.0432
-0.7904 0.1559 0.5574 0.2006 -0.608 0.4215 0.6714 0.0425 -0.7341 0.1956 0.644 0.09 -0.6987 -0.1229 0.7021 0.0611 -0.5938 0.3578 0.6859 0.2214 -0.7173 -0.3052 0.6252 0.037 -0.9101 -0.1292 -0.3915 0.0419 -0.5891 0.1299 0.7404 0.2966 -0.4672 0.4175 0.5842 0.5159 -0.9775 -0.0139 -0.2059 -0.0432
-0.7904 0.1559 0.5574 0.2006 -0.608 0.4215 0.6714 0.0425 -0.7341 0.1956 0.644 0.09 -0.6987 -0.1229 0.7021 0.0611 -0.5938 0.3578 0.6859 0.2214 -0.7173 -0.3052 0.6252 0.037 -0.9101 -0.1292 -0.3915 0.0419 -0.5839 0.1714 0.733 0.3041 -0.4427 0.4702 0.5267 0.5529 -0.9775 -0.0139 -0.2059 -0.0432
-0.7904 0.1559 0.5574 0.2006 -0.608 0.4215 0.6714 0.0425 -0.7341 0.1956 0.644 0.09 -0.6987 -0.1229 0.7021 0.0611 -0.5938 0.3578 0.6859 0.2214 -0.7173 -0.3052 0.6252 0.037 -0.9101 -0.1292 -0.3915 0.0419 -0.5839 0.1714 0.733 0.3041 -0.4427 0.4702 0.5267 0.5529 -0.9775 -0.0139 -0.2059 -0.0432
-0.7904 0.1559 0.5574 0.2006 -0.608 0.4215 0.6714 0.0425 -0.7341 0.1956 0.644 0.09 -0.7126 -0.1017 0.692 0.0542 -0.5938 0.3578 0.6859 0.2214 -0.7173 -0.3052 0.6252 0.037 -0.869 -0.1408 -0.4718 0.0492 -0.5839 0.1714 0.733 0.3041 -0.4427 0.4702 0.5267 0.5529 -0.9775 -0.0139 -0.2059 -0.0432
-0.7904 0.1559 0.5574 0.2006 -0.6047 0.4292 0.6622 0.1072 -0.7341 0.1956 0.644 0.09 -0.7126 -0.1017 0.692 0.0542 -0.5938 0.3578 0.6859 0.2214 -0.7173 -0.3052 0.6252 0.037 -0.869 -0.1408 -0.4718 0.0492 -0.5839 0.1714 0.733 0.3041 -0.4427 0.4702 0.5267 0.5529 -0.9775 -0.0139 -0.2059 -0.0432
-0.7904 0.1559 0.5574 0.2006 -0.6047 0.4292 0.6622 0.1072 -0.7341 0.1956 0.644 0.09 -0.7126 -0.1017 0.692 0.0542 -0.5938 0.3578 0.6859 0.2214 -0.7173 -0.3052 0.6252 0.037 -0.869 -0.1408 -0.4718 0.0492 -0.5839 0.1714 0.733 0.3041 -0.4427 0.4702 0.5267 0.5529 -0.9775 -0.0139 -0.2059 -0.0432
-0.7629 0.2068 0.5568 0.2552 -0.6047 0.4292 0.6622 0.1072 -0.7341 0.1956 0.644 0.09 -0.7126 -0.1017 0.692 0.0542 -0.5938 0.3578 0.6859 0.2214 -0.7173 -0.3052 0.6252 0.037 -0.869 -0.1408 -0.4718 0.0492 -0.5839 0.1714 0.733 0.3041 -0.4427 0.4702 0.5267 0.5529 -0.9775 -0.0139 -0.2059 -0.0432
-0.7629 0.2068 0.5568 0.2552 -0.6047 0.4292 0.6622 0.1072 -0.7341 0.1956 0.644 0.09 -0.7126 -0.1017 0.692 0.0542 -0.5938 0.3578 0.6859 0.2214 -0.7173 -0.3052 0.6252 0.037 -0.869 -0.1408 -0.4718 0.0492 -0.5839 0.1714 0.733 0.3041 -0.4427 0.4702 0.5267 0.5529 -0.9775 -0.0139 -0.2059 -0.0432
-0.7629 0.2068 0.5568 0.2552 -0.6047 0.4292 0.6622 0.1072 -0.7341 0.1956 0.644 0.09 -0.7126 -0.1017 0.692 0.0542 -0.5938 0.3578 0.6859 0.2214 -0.7173 -0.3052 0.6252 0.037 -0.869 -0.1408 -0.4718 0.0492 -0.5847 0.1997 0.7319 0.2875 -0.4633 0.5176 0.4818 0.5341 -0.9775 -0.0139 -0.2059 -0.0432
-0.7629 0.2068 0.5568 0.2552 -0.6047 0.4292 0.6622 0.1072 -0.7341 0.1956 0.644 0.09 -0.7187 -0.0736 0.6868 0.0795 -0.5938 0.3578 0.6859 0.2214 -0.7173 -0.3052 0.6252 0.037 -0.7418 -0.1765 -0.6395 0.0981 -0.5847 0.1997 0.7319 0.2875 -0.4633 0.5176 0.4818 0.5341 -0.9775 -0.0139 -0.2059 -0.0432
-0.7629 0.2068 0.5568 0.2552 -0.6047 0.4292 0.6622 0.1072 -0.7341 0.1956 0.644 0.09 -0.7187 -0.0736 0.6868 0.0795 -0.5938 0.3578 0.6859 0.2214 -0.7173 -0.3052 0.6252 0.037 -0.7418 -0.1765 -0.6395 0.0981 -0.5847 0.1997 0.7319 0.2875 -0.4633 0.5176 0.4818 0.5341 -0.9775 -0.0139 -0.2059 -0.0432
-0.7629 0.2068 0.5568 0.2552 -0.6047 0.4292 0.6622 0.1072 -0.7341 0.1956 0.644 0.09 -0.7187 -0.0736 0.6868 0.0795 -0.5938 0.3578 0.6859 0.2214 -0.7173 -0.3052 0.6252 0.037 -0.7418 -0.1765 -0.6395 0.0981 -0.5847 0.1997 0.7319 0.2875 -0.4633 0.5176 0.4818 0.5341 -0.9775 -0.0139 -0.2059 -0.0432
-0.7629 0.2068 0.5568 0.2552 -0.6107 0.4341 0.6359 0.185 -0.7302 0.2345 0.6226 0.1555 -0.7187 -0.0736 0.6868 0.0795 -0.5938 0.3578 0.6859 0.2214 -0.7198 -0.3703 0.5204 0.272 -0.7418 -0.1765 -0.6395 0.0981 -0.5847 0.1997 0.7319 0.2875 -0.4633 0.5176 0.4818 0.5341 -0.9775 -0.0139 -0.2059 -0.0432
-0.7487 0.2282 0.5575 0.2767 -0.6107 0.4341 0.6359 0.185 -0.7302 0.2345 0.6226 0.1555 -0.7187 -0.0736 0.6868 0.0795 -0.5938 0.3578 0.6859 0.2214 -0.7198 -0.3703 0.5204 0.272 -0.7418 -0.1765 -0.6395 0.0981 -0.5847 0.1997 0.7319 0.2875 -0.4633 0.5176 0.4818 0.5341 -0.9775 -0.0139 -0.2059 -0.0432
-0.7487 0.2282 0.5575 0.2767 -0.6107 0.4341 0.6359 0.185 -0.7302 0.2345 0.6226 0.1555 -0.7187 -0.0736 0.6868 0.0795 -0.5938 0.3578 0.6859 0.2214 -0.7198 -0.3703 0.5204 0.272 -0.7418 -0.1765 -0.6395 0.0981 -0.5847 0.1997 0.7319 0.2875 -0.4781 0.5418 0.4608 0.5153 -0.9775 -0.0139 -0.2059 -0.0432
-0.7487 0.2282 0.5575 0.2767 -0.6107 0.4341 0.6359 0.185 -0.7302 0.2345 0.6226 0.1555 -0.7187 -0.0736 0.6868 0.0795 -0.5938 0.3578 0.6859 0.2214 -0.7198 -0.3703 0.5204 0.272 -0.7418 -0.1765 -0.6395 0.0981 -0.5914 0.2343 0.7256 0.2625 -0.4781 0.5418 0.4608 0.5153 -0.9775 -0.0139 -0.2059 -0.0432
-0.7487 0.2282 0.5575 0.2767 -0.6107 0.4341 0.6359 0.185 -0.7302 0.2345 0.6226 0.1555 -0.7036 -0.0527 0.6925 0.1504 -0.5938 0.3578 0.6859 0.2214 -0.7198 -0.3703 0.5204 0.272 -0.7382 -0.2049 -0.613 0.1931 -0.5914 0.2343 0.7256 0.2625 -0.4781 0.5418 0.4608 0.5153 -0.9775 -0.0139 -0.2059 -0.0432
-0.7487 0.2282 0.5575 0.2767 -0.6107 0.4341 0.6359 0.185 -0.7302 0.2345 0.6226 0.1555 -0.7036 -0.0527 0.6925 0.1504 -0.5938 0.3578 0.6859 0.2214 -0.7198 -0.3703 0.5204 0.272 -0.7382 -0.2049 -0.613 0.1931 -0.5914 0.2343 0.7256 0.2625 -0.4781 0.5418 0.4608 0.5153 -0.9775 -0.0139 -0.2059 -0.0432
-0.7487 0.2282 0.5575 0.2767 -0.6107 0.4341 0.6359 0.185 -0.7386 0.2402 0.6002 0.1909 -0.7036 -0.0527 0.6925 0.1504 -0.5938 0.3578 0.6859 0.2214 -0.7198 -0.3703 0.5204 0.272 -0.7382 -0.2049 -0.613 0.1931 -0.5914 0.2343 0.7256 0.2625 -0.4781 0.5418 0.4608 0.5153 -0.9775 -0.0139 -0.2059 -0.0432
-0.7487 0.2282 0.5575 0.2767 -0.6107 0.4341 0.6359 0.185 -0.7386 0.2402 0.6002 0.1909 -0.7036 -0.0527 0.6925 0.1504 -0.5938 0.3578 0.6859 0.2214 -0.7198 -0.3703 0.5204 0.272 -0.7382 -0.2049 -0.613 0.1931 -0.5914 0.2343 0.7256 0.2625 -0.4781 0.5418 0.4608 0.5153 -0.9775 -0.0139 -0.2059 -0.0432
-0.7391 0.2441 0.5521 0.2986 -0.6107 0.4341 0.6359 0.185 -0.7386 0.2402 0.6002 0.1909 -0.7036 -0.0527 0.6925 0.1504 -0.6584 0.3883 0.5734 0.2947 -0.751 -0.2805 0.5212 0.2926 -0.7382 -0.2049 -0.613 0.1931 -0.5914 0.2343 0.7256 0.2625 -0.4781 0.5418 0.4608 0.5153 -0.9337 -0.0088 -0.3578 -0.0087
-0.7391 0.2441 0.5521 0.2986 -0.6107 0.4341 0.6359 0.185 -0.7386 0.2402 0.6002 0.1909 -0.7036 -0.0527 0.6925 0.1504 -0.6584 0.3883 0.5734 0.2947 -0.751 -0.2805 0.5212 0.2926 -0.7382 -0.2049 -0.613 0.1931 -0.5914 0.2343 0.7256 0.2625 -0.4932 0.5579 0.4422 0.4999 -0.9337 -0.0088 -0.3578 -0.0087
-0.7391 0.2441 0.5521 0.2986 -0.6107 0.4341 0.6359 0.185 -0.7386 0.2402 0.6002 0.1909 -0.7036 -0.0527 0.6925 0.1504 -0.6584 0.3883 0.5734 0.2947 -0.751 -0.2805 0.5212 0.2926 -0.7382 -0.2049 -0.613 0.1931 -0.6027 0.2545 0.7194 0.2334 -0.4932 0.5579 0.4422 0.4999 -0.9337 -0.0088 -0.3578 -0.0087
