rt-uaw rt-uax rt-uay rt-uaz rt-faw rt-fax rt-fay rt-faz rt-thw rt-thx rt-thy rt-thz rt-llw rt-llx rt-lly rt-llz rt-ftw rt-ftx rt-fty rt-ftz lt-uaw lt-uax lt-uay lt-uaz lt-faw lt-fax lt-fay lt-faz lt-thw lt-thx lt-thy lt-thz lt-llw lt-llx lt-lly lt-llz lt-ftw lt-ftx lt-fty lt-ftz 
0.7548 -0.0551 -0.6208 -0.2046 0.1741 -0.3988 -0.8062 0.4009 0.7308 -0.1818 -0.6488 -0.1096 0.7308 0.049 -0.6776 -0.0669 0.6844 -0.2714 -0.6578 -0.159 0.7679 0.0601 -0.6378 -0.0052 0.9418 0.1473 0.2989 -0.0432 0.6701 -0.114 -0.7253 -0.1086 0.6864 -0.3032 -0.6124 -0.2487 0.9373 0.0365 0.3465 -0.0079
0.7548 -0.0551 -0.6208 -0.2046 0.1741 -0.3988 -0.8062 0.4009 0.7308 -0.1818 -0.6488 -0.1096 0.7308 0.049 -0.6776 -0.0669 0.6844 -0.2714 -0.6578 -0.159 0.7679 0.0601 -0.6378 -0.0052 0.9418 0.1473 0.2989 -0.0432 0.6701 -0.114 -0.7253 -0.1086 0.6862 -0.3033 -0.6127 -0.2484 0.9373 0.0365 0.3465 -0.0079
0.7557 -0.0519 -0.6218 -0.199 0.1741 -0.3988 -0.8062 0.4009 0.7308 -0.1818 -0.6488 -0.1096 0.7308 0.049 -0.6776 -0.0669 0.6844 -0.2714 -0.6578 -0.159 0.7679 0.0601 -0.6378 -0.0052 0.9418 0.1473 0.2989 -0.0432 0.6701 -0.114 -0.7253 -0.1086 0.6862 -0.3033 -0.6127 -0.2484 0.9373 0.0365 0.3465 -0.0079
0.7557 -0.0519 -0.6218 -0.199 0.1741 -0.3988 -0.8062 0.4009 0.7308 -0.1818 -0.6488 -0.1096 0.7308 0.049 -0.6776 -0.0669 0.6844 -0.2714 -0.6578 -0.159 0.7679 0.0601 -0.6378 -0.0052 0.9418 0.1472 0.299 -0.0433 0.6703 -0.1144 -0.7253 -0.1076 0.6862 -0.3033 -0.6127 -0.2484 0.9373 0.0365 0.3465 -0.0079
0.7557 -0.0519 -0.6218 -0.199 0.1741 -0.3988 -0.8062 0.4009 0.7266 -0.1871 -0.6498 -0.1222 0.7164 0.0519 -0.6911 -0.0803 0.6846 -0.2702 -0.6583 -0.1581 0.7679 0.0601 -0.6378 -0.0052 0.9418 0.1472 0.299 -0.0433 0.6703 -0.1144 -0.7253 -0.1076 0.6862 -0.3033 -0.6127 -0.2484 0.9373 0.0365 0.3465 -0.0079
0.7557 -0.0519 -0.6218 -0.199 0.1741 -0.3988 -0.8062 0.4009 0.7266 -0.1871 -0.6498 -0.1222 0.7164 0.0519 -0.6911 -0.0803 0.6846 -0.2702 -0.6583 -0.1581 0.7679 0.0601 -0.6378 -0.0052 0.9418 0.1472 0.299 -0.0433 0.6703 -0.1144 -0.7253 -0.1076 0.6862 -0.3033 -0.6127 -0.2484 0.9373 0.0365 0.3465 -0.0079
0.7557 -0.0519 -0.6218 -0.199 0.1741 -0.3988 -0.8062 0.4009 0.7266 -0.1871 -0.6498 -0.1222 0.7164 0.0519 -0.6911 -0.0803 0.6846 -0.2702 -0.6583 -0.1581 0.7679 0.0607 -0.6376 -0.0054 0.9418 0.1472 0.299 -0.0433 0.6703 -0.1144 -0.7253 -0.1076 0.6862 -0.3033 -0.6127 -0.2484 0.9373 0.0365 0.3465 -0.0079
0.7557 -0.0519 -0.6218 -0.199 0.1741 -0.3988 -0.8062 0.4009 0.7266 -0.1871 -0.6498 -0.1222 0.7164 0.0519 -0.6911 -0.0803 0.6846 -0.2702 -0.6583 -0.1581 0.7679 0.0607 -0.6376 -0.0054 0.9418 0.1472 0.299 -0.0433 0.6703 -0.1144 -0.7253 -0.1076 0.6862 -0.3033 -0.6127 -0.2484 0.9373 0.0365 0.3465 -0.0079
0.7555 -0.0514 -0.6213 -0.2015 0.1741 -0.3988 -0.8062 0.4009 0.7266 -0.1871 -0.6498 -0.1222 0.7164 0.0519 -0.6911 -0.0803 0.6846 -0.2702 -0.6583 -0.1581 0.7679 0.0607 -0.6376 -0.0054 0.9418 0.1473 0.299 -0.0434 0.6703 -0.1144 -0.7253 -0.1076 0.6855 -0.3049 -0.6122 -0.2496 0.9373 0.0365 0.3465 -0.0079
0.7555 -0.0514 -0.6213 -0.2015 0.1741 -0.3988 -0.8062 0.4009 0.7266 -0.1871 -0.6498 -0.1222 0.7164 0.0519 -0.6911 -0.0803 0.6846 -0.2702 -0.6583 -0.1581 0.7679 0.0607 -0.6376 -0.0054 0.9418 0.1473 0.299 -0.0434 0.6705 -0.1157 -0.725 -0.1068 0.6855 -0.3049 -0.6122 -0.2496 0.9373 0.0365 0.3465 -0.0079
0.7555 -0.0514 -0.6213 -0.2015 0.1741 -0.3988 -0.8062 0.4009 0.7266 -0.1871 -0.6498 -0.1222 0.7164 0.0519 -0.6911 -0.0803 0.6846 -0.2702 -0.6583 -0.1581 0.7679 0.0607 -0.6376 -0.0054 0.9418 0.1473 0.299 -0.0434 0.6705 -0.1157 -0.725 -0.1068 0.6855 -0.3049 -0.6122 -0.2496 0.9373 0.0365 0.3465 -0.0079
0.7555 -0.0514 -0.6213 -0.2015 0.1741 -0.3988 -0.8062 0.4009 0.7238 -0.1931 -0.6498 -0.129 0.7053 0.0507 -0.7006 -0.0955 0.6848 -0.2699 -0.6581 -0.1585 0.7679 0.0607 -0.6376 -0.0054 0.9418 0.1473 0.299 -0.0434 0.6705 -0.1157 -0.725 -0.1068 0.6855 -0.3049 -0.6122 -0.2496 0.9374 0.0363 0.3461 -0.0083
0.7555 -0.0514 -0.6213 -0.2015 0.1741 -0.3988 -0.8062 0.4009 0.7238 -0.1931 -0.6498 -0.129 0.7053 0.0507 -0.7006 -0.0955 0.6848 -0.2699 -0.6581 -0.1585 0.7679 0.0607 -0.6376 -0.0054 0.9418 0.1473 0.299 -0.0434 0.6705 -0.1157 -0.725 -0.1068 0.6855 -0.3049 -0.6122 -0.2496 0.9374 0.0363 0.3461 -0.0083
0.7555 -0.0514 -0.6213 -0.2015 0.1741 -0.3988 -0.8062 0.4009 0.7238 -0.1931 -0.6498 -0.129 0.7053 0.0507 -0.7006 -0.0955 0.6848 -0.2699 -0.6581 -0.1585 0.7684 0.0615 -0.637 -0.0065 0.9418 0.1473 0.299 -0.0434 0.6705 -0.1157 -0.725 -0.1068 0.6855 -0.3049 -0.6122 -0.2496 0.9374 0.0363 0.3461 -0.0083
0.7555 -0.0514 -0.6213 -0.2015 0.1741 -0.3988 -0.8062 0.4009 0.7238 -0.1931 -0.6498 -0.129 0.7053 0.0507 -0.7006 -0.0955 0.6848 -0.2699 -0.6581 -0.1585 0.7684 0.0615 -0.637 -0.0065 0.9418 0.1473 0.299 -0.0434 0.6705 -0.1157 -0.725 -0.1068 0.6855 -0.3049 -0.6122 -0.2496 0.9374 0.0363 0.3461 -0.0083
0.7555 -0.0514 -0.6213 -0.2015 0.1741 -0.3988 -0.8062 0.4009 0.7238 -0.1931 -0.6498 -0.129 0.7053 0.0507 -0.7006 -0.0955 0.6848 -0.2699 -0.6581 -0.1585 0.7684 0.0615 -0.637 -0.0065 0.9418 0.1473 0.299 -0.0434 0.6705 -0.1157 -0.725 -0.1068 0.6855 -0.3049 -0.6122 -0.2496 0.9374 0.0363 0.3461 -0.0083
0.757 -0.0499 -0.6189 -0.2034 0.1741 -0.3988 -0.8062 0.4009 0.7238 -0.1931 -0.6498 -0.129 0.7053 0.0507 -0.7006 -0.0955 0.6848 -0.2699 -0.6581 -0.1585 0.7684 0.0615 -0.637 -0.0065 0.9418 0.1473 0.299 -0.0434 0.6707 -0.1183 -0.7244 -0.1066 0.6851 -0.3061 -0.6118 -0.2502 0.9374 0.0363 0.3461 -0.0083
0.757 -0.0499 -0.6189 -0.2034 0.1741 -0.3988 -0.8062 0.4009 0.7217 -0.201 -0.6481 -0.137 0.7053 0.0507 -0.7006 -0.0955 0.6848 -0.2699 -0.6581 -0.1585 0.7684 0.0615 -0.637 -0.0065 0.9418 0.1473 0.299 -0.0434 0.6707 -0.1183 -0.7244 -0.1066 0.6851 -0.3061 -0.6118 -0.2502 0.9374 0.0363 0.3461 -0.0083
0.757 -0.0499 -0.6189 -0.2034 0.1741 -0.3988 -0.8062 0.4009 0.7217 -0.201 -0.6481 -0.137 0.7053 0.0507 -0.7006 -0.0955 0.6848 -0.2699 -0.6581 -0.1585 0.7684 0.0615 -0.637 -0.0065 0.9418 0.1473 0.299 -0.0434 0.6707 -0.1183 -0.7244 -0.1066 0.6851 -0.3061 -0.6118 -0.2502 0.9374 0.0363 0.3461 -0.0083
0.757 -0.0499 -0.6189 -0.2034 0.1741 -0.3988 -0.8062 0.4009 0.7217 -0.201 -0.6481 -0.137 0.7053 0.0507 -0.7006 -0.0955 0.6848 -0.2699 -0.6581 -0.1585 0.7684 0.0615 -0.637 -0.0065 0.9418 0.1473 0.299 -0.0434 0.6707 -0.1183 -0.7244 -0.1066 0.6851 -0.3061 -0.6118 -0.2502 0.9374 0.0363 0.3461 -0.0083
0.757 -0.0499 -0.6189 -0.2034 0.1741 -0.3988 -0.8062 0.4009 0.7217 -0.201 -0.6481 -0.137 0.7053 0.0507 -0.7006 -0.0955 0.6848 -0.2699 -0.6581 -0.1585 0.7686 0.0625 -0.6367 -0.0067 0.9418 0.1473 0.299 -0.0434 0.6707 -0.1183 -0.7244 -0.1066 0.6851 -0.3061 -0.6118 -0.2502 0.9374 0.0363 0.3461 -0.0083
0.757 -0.0499 -0.6189 -0.2034 0.1741 -0.3988 -0.8062 0.4009 0.7217 -0.201 -0.6481 -0.137 0.7053 0.0507 -0.7006 -0.0955 0.6848 -0.2699 -0.6581 -0.1585 0.7686 0.0625 -0.6367 -0.0067 0.9418 0.1473 0.299 -0.0434 0.6707 -0.1183 -0.7244 -0.1066 0.6851 -0.3061 -0.6118 -0.2502 0.9374 0.0363 0.3461 -0.0083
0.757 -0.0499 -0.6189 -0.2034 0.1741 -0.3988 -0.8062 0.4009 0.7217 -0.201 -0.6481 -0.137 0.7053 0.0507 -0.7006 -0.0955 0.6848 -0.2699 -0.6581 -0.1585 0.7686 0.0625 -0.6367 -0.0067 0.9418 0.1473 0.299 -0.0434 0.6707 -0.1183 -0.7244 -0.1066 0.6851 -0.3061 -0.6118 -0.2502 0.9374 0.0363 0.3461 -0.0083
0.7646 -0.0498 -0.6115 -0.1972 0.1741 -0.3988 -0.8062 0.4009 0.7217 -0.201 -0.6481 -0.137 0.7053 0.0507 -0.7006 -0.0955 0.6848 -0.2699 -0.6581 -0.1585 0.7686 0.0625 -0.6367 -0.0067 0.9418 0.1463 0.2994 -0.0435 0.6714 -0.1195 -0.7239 -0.1042 0.6867 -0.3045 -0.6115 -0.2486 0.9374 0.0363 0.3461 -0.0083
0.7646 -0.0498 -0.6115 -0.1972 0.1741 -0.3988 -0.8062 0.4009 0.7217 -0.201 -0.6481 -0.137 0.7053 0.0507 -0.7006 -0.0955 0.6848 -0.2699 -0.6581 -0.1585 0.7686 0.0625 -0.6367 -0.0067 0.9418 0.1463 0.2994 -0.0435 0.6714 -0.1195 -0.7239 -0.1042 0.6867 -0.3045 -0.6115 -0.2486 0.9374 0.0363 0.3461 -0.0083
0.7646 -0.0498 -0.6115 -0.1972 0.1741 -0.3988 -0.8062 0.4009 0.7191 -0.2108 -0.6462 -0.1446 0.7053 0.0507 -0.7006 -0.0955 0.6837 -0.2667 -0.6606 -0.1583 0.7686 0.0625 -0.6367 -0.0067 0.9418 0.1463 0.2994 -0.0435 0.6714 -0.1195 -0.7239 -0.1042 0.6867 -0.3045 -0.6115 -0.2486 0.9374 0.0363 0.3461 -0.0083
0.7646 -0.0498 -0.6115 -0.1972 0.1741 -0.3988 -0.8062 0.4009 0.7191 -0.2108 -0.6462 -0.1446 0.7053 0.0507 -0.7006 -0.0955 0.6837 -0.2667 -0.6606 -0.1583 0.7686 0.0625 -0.6367 -0.0067 0.9418 0.1463 0.2994 -0.0435 0.6714 -0.1195 -0.7239 -0.1042 0.6867 -0.3045 -0.6115 -0.2486 0.9374 0.0363 0.3461 -0.0083
0.7646 -0.0498 -0.6115 -0.1972 0.1741 -0.3988 -0.8062 0.4009 0.7191 -0.2108 -0.6462 -0.1446 0.7053 0.0507 -0.7006 -0.0955 0.6837 -0.2667 -0.6606 -0.1583 0.7693 0.0659 -0.6354 -1.0E-4 0.9418 0.1463 0.2994 -0.0435 0.6714 -0.1195 -0.7239 -0.1042 0.6867 -0.3045 -0.6115 -0.2486 0.9374 0.0363 0.3461 -0.0083
0.7646 -0.0498 -0.6115 -0.1972 0.1741 -0.3988 -0.8062 0.4009 0.7191 -0.2108 -0.6462 -0.1446 0.7053 0.0507 -0.7006 -0.0955 0.6837 -0.2667 -0.6606 -0.1583 0.7693 0.0659 -0.6354 -1.0E-4 0.9418 0.1463 0.2994 -0.0435 0.6714 -0.1195 -0.7239 -0.1042 0.6867 -0.3045 -0.6115 -0.2486 0.9374 0.0363 0.3461 -0.0083
0.7646 -0.0498 -0.6115 -0.1972 0.1741 -0.3988 -0.8062 0.4009 0.7191 -0.2108 -0.6462 -0.1446 0.7053 0.0507 -0.7006 -0.0955 0.6837 -0.2667 -0.6606 -0.1583 0.7693 0.0659 -0.6354 -1.0E-4 0.9418 0.1463 0.2994 -0.0435 0.6714 -0.1195 -0.7239 -0.1042 0.6867 -0.3045 -0.6115 -0.2486 0.9374 0.0363 0.3461 -0.0083
0.7646 -0.0498 -0.6115 -0.1972 0.1741 -0.3988 -0.8062 0.4009 0.7191 -0.2108 -0.6462 -0.1446 0.7053 0.0507 -0.7006 -0.0955 0.6837 -0.2667 -0.6606 -0.1583 0.7693 0.0659 -0.6354 -1.0E-4 0.9418 0.1463 0.2994 -0.0435 0.6714 -0.1195 -0.7239 -0.1042 0.6867 -0.3045 -0.6115 -0.2486 0.9374 0.0363 0.3461 -0.0083
0.7646 -0.0498 -0.6115 -0.1972 0.1741 -0.3988 -0.8062 0.4009 0.7191 -0.2108 -0.6462 -0.1446 0.7053 0.0507 -0.7006 -0.0955 0.6837 -0.2667 -0.6606 -0.1583 0.7693 0.0659 -0.6354 -1.0E-4 0.9413 0.1458 0.301 -0.0447 0.6729 -0.122 -0.7228 -0.0999 0.6867 -0.3045 -0.6115 -0.2486 0.9374 0.0363 0.3461 -0.0083
0.7646 -0.0498 -0.6115 -0.1972 0.1741 -0.3988 -0.8062 0.4009 0.7162 -0.2221 -0.6456 -0.1448 0.7053 0.0507 -0.7006 -0.0955 0.6842 -0.2616 -0.6633 -0.1533 0.7693 0.0659 -0.6354 -1.0E-4 0.9413 0.1458 0.301 -0.0447 0.6729 -0.122 -0.7228 -0.0999 0.6867 -0.3045 -0.6115 -0.2486 0.9374 0.0363 0.3461 -0.0083
0.7646 -0.0498 -0.6115 -0.1972 0.1741 -0.3988 -0.8062 0.4009 0.7162 -0.2221 -0.6456 -0.1448 0.7053 0.0507 -0.7006 -0.0955 0.6842 -0.2616 -0.6633 -0.1533 0.7693 0.0659 -0.6354 -1.0E-4 0.9413 0.1458 0.301 -0.0447 0.6729 -0.122 -0.7228 -0.0999 0.6867 -0.3045 -0.6115 -0.2486 0.9374 0.0363 0.3461 -0.0083
0.7646 -0.0498 -0.6115 -0.1972 0.1741 -0.3988 -0.8062 0.4009 0.7162 -0.2221 -0.6456 -0.1448 0.7053 0.0507 -0.7006 -0.0955 0.6842 -0.2616 -0.6633 -0.1533 0.7693 0.0659 -0.6354 -1.0E-4 0.9413 0.1458 0.301 -0.0447 0.6729 -0.122 -0.7228 -0.0999 0.6867 -0.3045 -0.6115 -0.2486 0.9374 0.0363 0.3461 -0.0083
0.7646 -0.0498 -0.6115 -0.1972 0.1741 -0.3988 -0.8062 0.4009 0.7162 -0.2221 -0.6456 -0.1448 0.7053 0.0507 -0.7006 -0.0955 0.6842 -0.2616 -0.6633 -0.1533 0.767 0.0767 -0.637 0.0036 0.9413 0.1458 0.301 -0.0447 0.6729 -0.122 -0.7228 -0.0999 0.6893 -0.3049 -0.6083 -0.2488 0.9374 0.0363 0.3461 -0.0083
0.7646 -0.0498 -0.6115 -0.1972 0.1741 -0.3988 -0.8062 0.4009 0.7162 -0.2221 -0.6456 -0.1448 0.7053 0.0507 -0.7006 -0.0955 0.6842 -0.2616 -0.6633 -0.1533 0.767 0.0767 -0.637 0.0036 0.9413 0.1458 0.301 -0.0447 0.6729 -0.122 -0.7228 -0.0999 0.6893 -0.3049 -0.6083 -0.2488 0.9374 0.0363 0.3461 -0.0083
0.8131 -0.0713 -0.5518 -0.1713 0.1741 -0.3988 -0.8062 0.4009 0.7162 -0.2221 -0.6456 -0.1448 0.7053 0.0507 -0.7006 -0.0955 0.6842 -0.2616 -0.6633 -0.1533 0.767 0.0767 -0.637 0.0036 0.9415 0.1454 0.3007 -0.045 0.6738 -0.1309 -0.72 -0.1024 0.6893 -0.3049 -0.6083 -0.2488 0.9374 0.0363 0.3461 -0.0083
0.8131 -0.0713 -0.5518 -0.1713 0.1741 -0.3988 -0.8062 0.4009 0.7162 -0.2221 -0.6456 -0.1448 0.7053 0.0507 -0.7006 -0.0955 0.6842 -0.2616 -0.6633 -0.1533 0.767 0.0767 -0.637 0.0036 0.9415 0.1454 0.3007 -0.045 0.6738 -0.1309 -0.72 -0.1024 0.6893 -0.3049 -0.6083 -0.2488 0.9374 0.0363 0.3461 -0.0083
0.8131 -0.0713 -0.5518 -0.1713 0.1741 -0.3988 -0.8062 0.4009 0.7162 -0.2221 -0.6456 -0.1448 0.7053 0.0507 -0.7006 -0.0955 0.6842 -0.2616 -0.6633 -0.1533 0.767 0.0767 -0.637 0.0036 0.9415 0.1454 0.3007 -0.045 0.6738 -0.1309 -0.72 -0.1024 0.6893 -0.3049 -0.6083 -0.2488 0.9374 0.0363 0.3461 -0.0083
0.8131 -0.0713 -0.5518 -0.1713 -0.0225 -0.3452 -0.7635 0.5453 0.7098 -0.2363 -0.6469 -0.1479 0.7203 0.0066 -0.6859 -0.1035 0.6836 -0.2581 -0.6663 -0.1486 0.767 0.0767 -0.637 0.0036 0.9415 0.1454 0.3007 -0.045 0.6738 -0.1309 -0.72 -0.1024 0.6893 -0.3049 -0.6083 -0.2488 0.937 0.0331 0.3477 -0.0111
0.8131 -0.0713 -0.5518 -0.1713 -0.0225 -0.3452 -0.7635 0.5453 0.7098 -0.2363 -0.6469 -0.1479 0.7203 0.0066 -0.6859 -0.1035 0.6836 -0.2581 -0.6663 -0.1486 0.7657 0.0809 -0.638 0.0015 0.9415 0.1454 0.3007 -0.045 0.6738 -0.1309 -0.72 -0.1024 0.6893 -0.3049 -0.6083 -0.2488 0.937 0.0331 0.3477 -0.0111
0.8131 -0.0713 -0.5518 -0.1713 -0.0225 -0.3452 -0.7635 0.5453 0.7098 -0.2363 -0.6469 -0.1479 0.7203 0.0066 -0.6859 -0.1035 0.6836 -0.2581 -0.6663 -0.1486 0.7657 0.0809 -0.638 0.0015 0.9415 0.1454 0.3007 -0.045 0.6738 -0.1309 -0.72 -0.1024 0.6893 -0.3049 -0.6083 -0.2488 0.937 0.0331 0.3477 -0.0111
0.8131 -0.0713 -0.5518 -0.1713 -0.0225 -0.3452 -0.7635 0.5453 0.7098 -0.2363 -0.6469 -0.1479 0.7203 0.0066 -0.6859 -0.1035 0.6836 -0.2581 -0.6663 -0.1486 0.7657 0.0809 -0.638 0.0015 0.9415 0.1454 0.3007 -0.045 0.6738 -0.1309 -0.72 -0.1024 0.6893 -0.3049 -0.6083 -0.2488 0.937 0.0331 0.3477 -0.0111
0.8203 -0.0632 -0.54 -0.1776 -0.0225 -0.3452 -0.7635 0.5453 0.7098 -0.2363 -0.6469 -0.1479 0.7203 0.0066 -0.6859 -0.1035 0.6836 -0.2581 -0.6663 -0.1486 0.7657 0.0809 -0.638 0.0015 0.9418 0.1431 0.3011 -0.044 0.6761 -0.1342 -0.7174 -0.1011 0.6955 -0.3033 -0.6016 -0.2497 0.937 0.0331 0.3477 -0.0111
0.8203 -0.0632 -0.54 -0.1776 -0.0225 -0.3452 -0.7635 0.5453 0.7098 -0.2363 -0.6469 -0.1479 0.7203 0.0066 -0.6859 -0.1035 0.6783 -0.2605 -0.6708 -0.1488 0.7657 0.0809 -0.638 0.0015 0.9418 0.1431 0.3011 -0.044 0.6761 -0.1342 -0.7174 -0.1011 0.6955 -0.3033 -0.6016 -0.2497 0.937 0.0331 0.3477 -0.0111
0.8203 -0.0632 -0.54 -0.1776 -0.0225 -0.3452 -0.7635 0.5453 0.6968 -0.2621 -0.6475 -0.163 0.7203 0.0066 -0.6859 -0.1035 0.6783 -0.2605 -0.6708 -0.1488 0.7657 0.0809 -0.638 0.0015 0.9418 0.1431 0.3011 -0.044 0.6761 -0.1342 -0.7174 -0.1011 0.6955 -0.3033 -0.6016 -0.2497 0.937 0.0331 0.3477 -0.0111
0.8203 -0.0632 -0.54 -0.1776 -0.0225 -0.3452 -0.7635 0.5453 0.6968 -0.2621 -0.6475 -0.163 0.7203 0.0066 -0.6859 -0.1035 0.6783 -0.2605 -0.6708 -0.1488 0.7632 0.0929 -0.6394 0.0024 0.9418 0.1431 0.3011 -0.044 0.6761 -0.1342 -0.7174 -0.1011 0.6955 -0.3033 -0.6016 -0.2497 0.937 0.0331 0.3477 -0.0111
0.8203 -0.0632 -0.54 -0.1776 -0.0225 -0.3452 -0.7635 0.5453 0.6968 -0.2621 -0.6475 -0.163 0.7203 0.0066 -0.6859 -0.1035 0.6783 -0.2605 -0.6708 -0.1488 0.7632 0.0929 -0.6394 0.0024 0.9418 0.1431 0.3011 -0.044 0.6761 -0.1342 -0.7174 -0.1011 0.6955 -0.3033 -0.6016 -0.2497 0.937 0.0331 0.3477 -0.0111
0.8203 -0.0632 -0.54 -0.1776 -0.0225 -0.3452 -0.7635 0.5453 0.6968 -0.2621 -0.6475 -0.163 0.7203 0.0066 -0.6859 -0.1035 0.6783 -0.2605 -0.6708 -0.1488 0.7632 0.0929 -0.6394 0.0024 0.9418 0.1431 0.3011 -0.044 0.6761 -0.1342 -0.7174 -0.1011 0.6955 -0.3033 -0.6016 -0.2497 0.937 0.0331 0.3477 -0.0111
0.8082 -0.0528 -0.5537 -0.1934 -0.0225 -0.3452 -0.7635 0.5453 0.6968 -0.2621 -0.6475 -0.163 0.7203 0.0066 -0.6859 -0.1035 0.6783 -0.2605 -0.6708 -0.1488 0.7632 0.0929 -0.6394 0.0024 0.9415 0.1421 0.3023 -0.0455 0.6761 -0.1342 -0.7174 -0.1011 0.6981 -0.3079 -0.5935 -0.256 0.937 0.0331 0.3477 -0.0111
0.8082 -0.0528 -0.5537 -0.1934 -0.0225 -0.3452 -0.7635 0.5453 0.6968 -0.2621 -0.6475 -0.163 0.7203 0.0066 -0.6859 -0.1035 0.6783 -0.2605 -0.6708 -0.1488 0.7632 0.0929 -0.6394 0.0024 0.9415 0.1421 0.3023 -0.0455 0.6785 -0.1353 -0.7153 -0.0987 0.6981 -0.3079 -0.5935 -0.256 0.937 0.0331 0.3477 -0.0111
0.8082 -0.0528 -0.5537 -0.1934 -0.0225 -0.3452 -0.7635 0.5453 0.689 -0.277 -0.6484 -0.1674 0.7203 0.0066 -0.6859 -0.1035 0.6732 -0.2596 -0.6769 -0.1451 0.7632 0.0929 -0.6394 0.0024 0.9415 0.1421 0.3023 -0.0455 0.6785 -0.1353 -0.7153 -0.0987 0.6981 -0.3079 -0.5935 -0.256 0.937 0.0331 0.3477 -0.0111
0.8082 -0.0528 -0.5537 -0.1934 -0.0225 -0.3452 -0.7635 0.5453 0.689 -0.277 -0.6484 -0.1674 0.7203 0.0066 -0.6859 -0.1035 0.6732 -0.2596 -0.6769 -0.1451 0.7632 0.0929 -0.6394 0.0024 0.9415 0.1421 0.3023 -0.0455 0.6785 -0.1353 -0.7153 -0.0987 0.6981 -0.3079 -0.5935 -0.256 0.937 0.0331 0.3477 -0.0111
0.8082 -0.0528 -0.5537 -0.1934 -0.0225 -0.3452 -0.7635 0.5453 0.689 -0.277 -0.6484 -0.1674 0.7203 0.0066 -0.6859 -0.1035 0.6732 -0.2596 -0.6769 -0.1451 0.7632 0.0929 -0.6394 0.0024 0.9415 0.1421 0.3023 -0.0455 0.6785 -0.1353 -0.7153 -0.0987 0.6981 -0.3079 -0.5935 -0.256 0.937 0.0331 0.3477 -0.0111
0.8082 -0.0528 -0.5537 -0.1934 -0.0225 -0.3452 -0.7635 0.5453 0.689 -0.277 -0.6484 -0.1674 0.7203 0.0066 -0.6859 -0.1035 0.6732 -0.2596 -0.6769 -0.1451 0.7587 0.1088 -0.6423 0.0037 0.9415 0.1421 0.3023 -0.0455 0.6785 -0.1353 -0.7153 -0.0987 0.6981 -0.3079 -0.5935 -0.256 0.937 0.0331 0.3477 -0.0111
0.8082 -0.0528 -0.5537 -0.1934 -0.0225 -0.3452 -0.7635 0.5453 0.689 -0.277 -0.6484 -0.1674 0.7203 0.0066 -0.6859 -0.1035 0.6732 -0.2596 -0.6769 -0.1451 0.7587 0.1088 -0.6423 0.0037 0.9415 0.1421 0.3023 -0.0455 0.6785 -0.1353 -0.7153 -0.0987 0.6981 -0.3079 -0.5935 -0.256 0.937 0.0331 0.3477 -0.0111
0.8082 -0.0528 -0.5537 -0.1934 -0.0225 -0.3452 -0.7635 0.5453 0.689 -0.277 -0.6484 -0.1674 0.7203 0.0066 -0.6859 -0.1035 0.6732 -0.2596 -0.6769 -0.1451 0.7587 0.1088 -0.6423 0.0037 0.9415 0.1421 0.3023 -0.0455 0.6785 -0.1353 -0.7153 -0.0987 0.6981 -0.3079 -0.5935 -0.256 0.937 0.0331 0.3477 -0.0111
0.8 -0.0547 -0.5626 -0.2014 -0.0225 -0.3452 -0.7635 0.5453 0.689 -0.277 -0.6484 -0.1674 0.7203 0.0066 -0.6859 -0.1035 0.6732 -0.2596 -0.6769 -0.1451 0.7587 0.1088 -0.6423 0.0037 0.9402 0.1412 0.3063 -0.0473 0.6851 -0.1295 -0.7115 -0.0876 0.7051 -0.303 -0.5891 -0.2529 0.937 0.0331 0.3477 -0.0111
0.8 -0.0547 -0.5626 -0.2014 -0.0225 -0.3452 -0.7635 0.5453 0.689 -0.277 -0.6484 -0.1674 0.7203 0.0066 -0.6859 -0.1035 0.6732 -0.2544 -0.6822 -0.1292 0.7587 0.1088 -0.6423 0.0037 0.9402 0.1412 0.3063 -0.0473 0.6851 -0.1295 -0.7115 -0.0876 0.7051 -0.303 -0.5891 -0.2529 0.937 0.0331 0.3477 -0.0111
0.8 -0.0547 -0.5626 -0.2014 -0.0225 -0.3452 -0.7635 0.5453 0.688 -0.2806 -0.6494 -0.1619 0.7203 0.0066 -0.6859 -0.1035 0.6732 -0.2544 -0.6822 -0.1292 0.7587 0.1088 -0.6423 0.0037 0.9402 0.1412 0.3063 -0.0473 0.6851 -0.1295 -0.7115 -0.0876 0.7051 -0.303 -0.5891 -0.2529 0.937 0.0331 0.3477 -0.0111
0.8 -0.0547 -0.5626 -0.2014 -0.0225 -0.3452 -0.7635 0.5453 0.688 -0.2806 -0.6494 -0.1619 0.7203 0.0066 -0.6859 -0.1035 0.6732 -0.2544 -0.6822 -0.1292 0.7587 0.1088 -0.6423 0.0037 0.9402 0.1412 0.3063 -0.0473 0.6851 -0.1295 -0.7115 -0.0876 0.7051 -0.303 -0.5891 -0.2529 0.937 0.0331 0.3477 -0.0111
0.8 -0.0547 -0.5626 -0.2014 -0.0225 -0.3452 -0.7635 0.5453 0.688 -0.2806 -0.6494 -0.1619 0.7203 0.0066 -0.6859 -0.1035 0.6732 -0.2544 -0.6822 -0.1292 0.751 0.134 -0.6465 0.0038 0.9402 0.1412 0.3063 -0.0473 0.6851 -0.1295 -0.7115 -0.0876 0.7051 -0.303 -0.5891 -0.2529 0.937 0.0331 0.3477 -0.0111
0.8 -0.0547 -0.5626 -0.2014 -0.0225 -0.3452 -0.7635 0.5453 0.688 -0.2806 -0.6494 -0.1619 0.7203 0.0066 -0.6859 -0.1035 0.6732 -0.2544 -0.6822 -0.1292 0.751 0.134 -0.6465 0.0038 0.9402 0.1412 0.3063 -0.0473 0.6851 -0.1295 -0.7115 -0.0876 0.7051 -0.303 -0.5891 -0.2529 0.937 0.0331 0.3477 -0.0111
0.8 -0.0547 -0.5626 -0.2014 -0.0225 -0.3452 -0.7635 0.5453 0.688 -0.2806 -0.6494 -0.1619 0.7203 0.0066 -0.6859 -0.1035 0.6732 -0.2544 -0.6822 -0.1292 0.751 0.134 -0.6465 0.0038 0.9402 0.1412 0.3063 -0.0473 0.6851 -0.1295 -0.7115 -0.0876 0.7051 -0.303 -0.5891 -0.2529 0.937 0.0331 0.3477 -0.0111
0.799 -0.0511 -0.5652 -0.1989 -0.0225 -0.3452 -0.7635 0.5453 0.688 -0.2806 -0.6494 -0.1619 0.7203 0.0066 -0.6859 -0.1035 0.6732 -0.2544 -0.6822 -0.1292 0.751 0.134 -0.6465 0.0038 0.942 0.1428 0.3004 -0.0456 0.6851 -0.1295 -0.7115 -0.0876 0.7144 -0.3045 -0.5779 -0.2509 0.937 0.0331 0.3477 -0.0111
0.799 -0.0511 -0.5652 -0.1989 -0.0225 -0.3452 -0.7635 0.5453 0.688 -0.2806 -0.6494 -0.1619 0.7203 0.0066 -0.6859 -0.1035 0.6732 -0.2544 -0.6822 -0.1292 0.751 0.134 -0.6465 0.0038 0.942 0.1428 0.3004 -0.0456 0.6913 -0.1287 -0.7049 -0.0928 0.7144 -0.3045 -0.5779 -0.2509 0.937 0.0331 0.3477 -0.0111
0.799 -0.0511 -0.5652 -0.1989 -0.0225 -0.3452 -0.7635 0.5453 0.6929 -0.2791 -0.6469 -0.1534 0.7113 0.0043 -0.6938 -0.1121 0.6732 -0.2544 -0.6822 -0.1292 0.751 0.134 -0.6465 0.0038 0.942 0.1428 0.3004 -0.0456 0.6913 -0.1287 -0.7049 -0.0928 0.7144 -0.3045 -0.5779 -0.2509 0.937 0.0331 0.3477 -0.0111
0.799 -0.0511 -0.5652 -0.1989 -0.0225 -0.3452 -0.7635 0.5453 0.6929 -0.2791 -0.6469 -0.1534 0.7113 0.0043 -0.6938 -0.1121 0.6732 -0.2544 -0.6822 -0.1292 0.751 0.134 -0.6465 0.0038 0.942 0.1428 0.3004 -0.0456 0.6913 -0.1287 -0.7049 -0.0928 0.7144 -0.3045 -0.5779 -0.2509 0.937 0.0331 0.3477 -0.0111
0.799 -0.0511 -0.5652 -0.1989 -0.0225 -0.3452 -0.7635 0.5453 0.6929 -0.2791 -0.6469 -0.1534 0.7113 0.0043 -0.6938 -0.1121 0.6732 -0.2544 -0.6822 -0.1292 0.741 0.1644 -0.6509 0.0125 0.942 0.1428 0.3004 -0.0456 0.6913 -0.1287 -0.7049 -0.0928 0.7144 -0.3045 -0.5779 -0.2509 0.937 0.0331 0.3477 -0.0111
0.799 -0.0511 -0.5652 -0.1989 -0.0225 -0.3452 -0.7635 0.5453 0.6929 -0.2791 -0.6469 -0.1534 0.7113 0.0043 -0.6938 -0.1121 0.6732 -0.2544 -0.6822 -0.1292 0.741 0.1644 -0.6509 0.0125 0.942 0.1428 0.3004 -0.0456 0.6913 -0.1287 -0.7049 -0.0928 0.7144 -0.3045 -0.5779 -0.2509 0.937 0.0331 0.3477 -0.0111
0.7939 -0.0381 -0.5762 -0.19 -0.0225 -0.3452 -0.7635 0.5453 0.6929 -0.2791 -0.6469 -0.1534 0.7113 0.0043 -0.6938 -0.1121 0.6732 -0.2544 -0.6822 -0.1292 0.741 0.1644 -0.6509 0.0125 0.9484 0.1462 0.2784 -0.04 0.6913 -0.1287 -0.7049 -0.0928 0.7413 -0.3243 -0.5488 -0.2099 0.937 0.0331 0.3477 -0.0111
0.7939 -0.0381 -0.5762 -0.19 -0.0225 -0.3452 -0.7635 0.5453 0.6929 -0.2791 -0.6469 -0.1534 0.7113 0.0043 -0.6938 -0.1121 0.6732 -0.2544 -0.6822 -0.1292 0.741 0.1644 -0.6509 0.0125 0.9484 0.1462 0.2784 -0.04 0.7009 -0.0949 -0.6904 -0.1521 0.7413 -0.3243 -0.5488 -0.2099 0.937 0.0331 0.3477 -0.0111
0.7939 -0.0381 -0.5762 -0.19 -0.0225 -0.3452 -0.7635 0.5453 0.7052 -0.2667 -0.6428 -0.1354 0.7113 0.0043 -0.6938 -0.1121 0.6568 -0.2369 -0.7076 -0.1088 0.741 0.1644 -0.6509 0.0125 0.9484 0.1462 0.2784 -0.04 0.7009 -0.0949 -0.6904 -0.1521 0.7413 -0.3243 -0.5488 -0.2099 0.937 0.0331 0.3477 -0.0111
0.7939 -0.0381 -0.5762 -0.19 -0.0225 -0.3452 -0.7635 0.5453 0.7052 -0.2667 -0.6428 -0.1354 0.7113 0.0043 -0.6938 -0.1121 0.6568 -0.2369 -0.7076 -0.1088 0.741 0.1644 -0.6509 0.0125 0.9484 0.1462 0.2784 -0.04 0.7009 -0.0949 -0.6904 -0.1521 0.7413 -0.3243 -0.5488 -0.2099 0.937 0.0331 0.3477 -0.0111
0.7939 -0.0381 -0.5762 -0.19 -0.0225 -0.3452 -0.7635 0.5453 0.7052 -0.2667 -0.6428 -0.1354 0.7113 0.0043 -0.6938 -0.1121 0.6568 -0.2369 -0.7076 -0.1088 0.741 0.1644 -0.6509 0.0125 0.9484 0.1462 0.2784 -0.04 0.7009 -0.0949 -0.6904 -0.1521 0.7413 -0.3243 -0.5488 -0.2099 0.937 0.0331 0.3477 -0.0111
0.7939 -0.0381 -0.5762 -0.19 -0.0225 -0.3452 -0.7635 0.5453 0.7052 -0.2667 -0.6428 -0.1354 0.7113 0.0043 -0.6938 -0.1121 0.6568 -0.2369 -0.7076 -0.1088 0.7339 0.1909 -0.6517 0.0165 0.9484 0.1462 0.2784 -0.04 0.7009 -0.0949 -0.6904 -0.1521 0.7413 -0.3243 -0.5488 -0.2099 0.937 0.0331 0.3477 -0.0111
0.7939 -0.0381 -0.5762 -0.19 -0.0225 -0.3452 -0.7635 0.5453 0.7052 -0.2667 -0.6428 -0.1354 0.7113 0.0043 -0.6938 -0.1121 0.6568 -0.2369 -0.7076 -0.1088 0.7339 0.1909 -0.6517 0.0165 0.9484 0.1462 0.2784 -0.04 0.7009 -0.0949 -0.6904 -0.1521 0.7413 -0.3243 -0.5488 -0.2099 0.937 0.0331 0.3477 -0.0111
0.7939 -0.0381 -0.5762 -0.19 -0.0225 -0.3452 -0.7635 0.5453 0.7052 -0.2667 -0.6428 -0.1354 0.7113 0.0043 -0.6938 -0.1121 0.6568 -0.2369 -0.7076 -0.1088 0.7339 0.1909 -0.6517 0.0165 0.9484 0.1462 0.2784 -0.04 0.7009 -0.0949 -0.6904 -0.1521 0.7413 -0.3243 -0.5488 -0.2099 0.937 0.0331 0.3477 -0.0111
0.7939 -0.0381 -0.5762 -0.19 -0.0225 -0.3452 -0.7635 0.5453 0.7052 -0.2667 -0.6428 -0.1354 0.7113 0.0043 -0.6938 -0.1121 0.6568 -0.2369 -0.7076 -0.1088 0.7339 0.1909 -0.6517 0.0165 0.9509 0.1403 0.2732 -0.0375 0.6818 -0.0464 -0.6851 -0.2523 0.7413 -0.3243 -0.5488 -0.2099 0.937 0.0331 0.3477 -0.0111
0.7939 -0.0381 -0.5762 -0.19 -0.0225 -0.3452 -0.7635 0.5453 0.7052 -0.2667 -0.6428 -0.1354 0.7113 0.0043 -0.6938 -0.1121 0.6568 -0.2369 -0.7076 -0.1088 0.7339 0.1909 -0.6517 0.0165 0.9509 0.1403 0.2732 -0.0375 0.6818 -0.0464 -0.6851 -0.2523 0.7413 -0.3243 -0.5488 -0.2099 0.937 0.0331 0.3477 -0.0111
0.7939 -0.0381 -0.5762 -0.19 -0.0225 -0.3452 -0.7635 0.5453 0.7136 -0.2418 -0.6513 -0.0898 0.7313 0.088 -0.6746 -0.0497 0.6499 -0.2247 -0.7183 -0.1055 0.7339 0.1909 -0.6517 0.0165 0.9509 0.1403 0.2732 -0.0375 0.6818 -0.0464 -0.6851 -0.2523 0.7413 -0.3243 -0.5488 -0.2099 0.937 0.0331 0.3477 -0.0111
0.7939 -0.0381 -0.5762 -0.19 -0.0225 -0.3452 -0.7635 0.5453 0.7136 -0.2418 -0.6513 -0.0898 0.7313 0.088 -0.6746 -0.0497 0.6499 -0.2247 -0.7183 -0.1055 0.7339 0.1909 -0.6517 0.0165 0.9509 0.1403 0.2732 -0.0375 0.6818 -0.0464 -0.6851 -0.2523 0.7413 -0.3243 -0.5488 -0.2099 0.937 0.0331 0.3477 -0.0111
0.7939 -0.0381 -0.5762 -0.19 -0.0225 -0.3452 -0.7635 0.5453 0.7136 -0.2418 -0.6513 -0.0898 0.7313 0.088 -0.6746 -0.0497 0.6499 -0.2247 -0.7183 -0.1055 0.7339 0.1909 -0.6517 0.0165 0.9509 0.1403 0.2732 -0.0375 0.6818 -0.0464 -0.6851 -0.2523 0.7413 -0.3243 -0.5488 -0.2099 0.937 0.0331 0.3477 -0.0111
0.7939 -0.0381 -0.5762 -0.19 -0.0225 -0.3452 -0.7635 0.5453 0.7136 -0.2418 -0.6513 -0.0898 0.7313 0.088 -0.6746 -0.0497 0.6499 -0.2247 -0.7183 -0.1055 0.7358 0.2074 -0.6446 0.005 0.9509 0.1403 0.2732 -0.0375 0.6818 -0.0464 -0.6851 -0.2523 0.7413 -0.3243 -0.5488 -0.2099 0.937 0.0331 0.3477 -0.0111
0.7906 0.0047 -0.5899 -0.1641 -0.0225 -0.3452 -0.7635 0.5453 0.7136 -0.2418 -0.6513 -0.0898 0.7313 0.088 -0.6746 -0.0497 0.6499 -0.2247 -0.7183 -0.1055 0.7358 0.2074 -0.6446 0.005 0.9509 0.1403 0.2732 -0.0375 0.6818 -0.0464 -0.6851 -0.2523 0.7413 -0.3243 -0.5488 -0.2099 0.937 0.0331 0.3477 -0.0111
0.7906 0.0047 -0.5899 -0.1641 -0.0225 -0.3452 -0.7635 0.5453 0.7136 -0.2418 -0.6513 -0.0898 0.7313 0.088 -0.6746 -0.0497 0.6499 -0.2247 -0.7183 -0.1055 0.7358 0.2074 -0.6446 0.005 0.9509 0.1403 0.2732 -0.0375 0.6818 -0.0464 -0.6851 -0.2523 0.7114 -0.2681 -0.6182 -0.2001 0.937 0.0331 0.3477 -0.0111
0.7906 0.0047 -0.5899 -0.1641 -0.0225 -0.3452 -0.7635 0.5453 0.7136 -0.2418 -0.6513 -0.0898 0.7313 0.088 -0.6746 -0.0497 0.6499 -0.2247 -0.7183 -0.1055 0.7358 0.2074 -0.6446 0.005 0.9509 0.1403 0.2732 -0.0375 0.6701 0.0023 -0.7007 -0.2448 0.7114 -0.2681 -0.6182 -0.2001 0.937 0.0331 0.3477 -0.0111
0.7906 0.0047 -0.5899 -0.1641 -0.0225 -0.3452 -0.7635 0.5453 0.7136 -0.2418 -0.6513 -0.0898 0.7313 0.088 -0.6746 -0.0497 0.6429 -0.2229 -0.7216 -0.1276 0.7358 0.2074 -0.6446 0.005 0.9509 0.1403 0.2732 -0.0375 0.6701 0.0023 -0.7007 -0.2448 0.7114 -0.2681 -0.6182 -0.2001 0.937 0.0331 0.3477 -0.0111
0.7906 0.0047 -0.5899 -0.1641 -0.0192 -0.3151 -0.827 0.4651 0.7222 -0.2117 -0.6576 -0.0336 0.7552 0.1033 -0.6472 0.0065 0.6429 -0.2229 -0.7216 -0.1276 0.7358 0.2074 -0.6446 0.005 0.9509 0.1403 0.2732 -0.0375 0.6701 0.0023 -0.7007 -0.2448 0.7114 -0.2681 -0.6182 -0.2001 0.9568 -0.0058 0.2861 0.0519
0.7906 0.0047 -0.5899 -0.1641 -0.0192 -0.3151 -0.827 0.4651 0.7222 -0.2117 -0.6576 -0.0336 0.7552 0.1033 -0.6472 0.0065 0.6429 -0.2229 -0.7216 -0.1276 0.7376 0.2182 -0.6385 -0.0259 0.9509 0.1403 0.2732 -0.0375 0.6701 0.0023 -0.7007 -0.2448 0.7114 -0.2681 -0.6182 -0.2001 0.9568 -0.0058 0.2861 0.0519
0.7906 0.0047 -0.5899 -0.1641 -0.0192 -0.3151 -0.827 0.4651 0.7222 -0.2117 -0.6576 -0.0336 0.7552 0.1033 -0.6472 0.0065 0.6429 -0.2229 -0.7216 -0.1276 0.7376 0.2182 -0.6385 -0.0259 0.9509 0.1403 0.2732 -0.0375 0.6701 0.0023 -0.7007 -0.2448 0.7114 -0.2681 -0.6182 -0.2001 0.9568 -0.0058 0.2861 0.0519
0.7906 0.0047 -0.5899 -0.1641 -0.0192 -0.3151 -0.827 0.4651 0.7222 -0.2117 -0.6576 -0.0336 0.7552 0.1033 -0.6472 0.0065 0.6429 -0.2229 -0.7216 -0.1276 0.7376 0.2182 -0.6385 -0.0259 0.9509 0.1403 0.2732 -0.0375 0.6701 0.0023 -0.7007 -0.2448 0.7114 -0.2681 -0.6182 -0.2001 0.9568 -0.0058 0.2861 0.0519
0.7997 -0.0103 -0.587 -0.1259 -0.0192 -0.3151 -0.827 0.4651 0.7222 -0.2117 -0.6576 -0.0336 0.7552 0.1033 -0.6472 0.0065 0.6429 -0.2229 -0.7216 -0.1276 0.7376 0.2182 -0.6385 -0.0259 0.9379 0.1354 0.3149 -0.0533 0.6459 -0.0395 -0.7172 -0.2585 0.6251 -0.1622 -0.6945 -0.3171 0.9568 -0.0058 0.2861 0.0519
0.7997 -0.0103 -0.587 -0.1259 -0.0192 -0.3151 -0.827 0.4651 0.7222 -0.2117 -0.6576 -0.0336 0.7552 0.1033 -0.6472 0.0065 0.6329 -0.2083 -0.7311 -0.1467 0.7376 0.2182 -0.6385 -0.0259 0.9379 0.1354 0.3149 -0.0533 0.6459 -0.0395 -0.7172 -0.2585 0.6251 -0.1622 -0.6945 -0.3171 0.9568 -0.0058 0.2861 0.0519
0.7997 -0.0103 -0.587 -0.1259 -0.0192 -0.3151 -0.827 0.4651 0.7318 -0.1899 -0.6544 0.0142 0.78 0.0989 -0.6157 0.0533 0.6329 -0.2083 -0.7311 -0.1467 0.7376 0.2182 -0.6385 -0.0259 0.9379 0.1354 0.3149 -0.0533 0.6459 -0.0395 -0.7172 -0.2585 0.6251 -0.1622 -0.6945 -0.3171 0.9568 -0.0058 0.2861 0.0519
0.7997 -0.0103 -0.587 -0.1259 -0.0192 -0.3151 -0.827 0.4651 0.7318 -0.1899 -0.6544 0.0142 0.78 0.0989 -0.6157 0.0533 0.6329 -0.2083 -0.7311 -0.1467 0.7376 0.2182 -0.6385 -0.0259 0.9379 0.1354 0.3149 -0.0533 0.6459 -0.0395 -0.7172 -0.2585 0.6251 -0.1622 -0.6945 -0.3171 0.9568 -0.0058 0.2861 0.0519
0.7997 -0.0103 -0.587 -0.1259 -0.0192 -0.3151 -0.827 0.4651 0.7318 -0.1899 -0.6544 0.0142 0.78 0.0989 -0.6157 0.0533 0.6329 -0.2083 -0.7311 -0.1467 0.7432 0.2327 -0.6239 -0.0651 0.9379 0.1354 0.3149 -0.0533 0.6459 -0.0395 -0.7172 -0.2585 0.6251 -0.1622 -0.6945 -0.3171 0.9568 -0.0058 0.2861 0.0519
0.7997 -0.0103 -0.587 -0.1259 -0.0192 -0.3151 -0.827 0.4651 0.7318 -0.1899 -0.6544 0.0142 0.78 0.0989 -0.6157 0.0533 0.6329 -0.2083 -0.7311 -0.1467 0.7432 0.2327 -0.6239 -0.0651 0.9379 0.1354 0.3149 -0.0533 0.6459 -0.0395 -0.7172 -0.2585 0.6081 -0.2 -0.6819 -0.3539 0.9568 -0.0058 0.2861 0.0519
0.7997 -0.0103 -0.587 -0.1259 -0.0192 -0.3151 -0.827 0.4651 0.7318 -0.1899 -0.6544 0.0142 0.78 0.0989 -0.6157 0.0533 0.6329 -0.2083 -0.7311 -0.1467 0.7432 0.2327 -0.6239 -0.0651 0.9379 0.1354 0.3149 -0.0533 0.6459 -0.0395 -0.7172 -0.2585 0.6081 -0.2 -0.6819 -0.3539 0.9568 -0.0058 0.2861 0.0519
0.8082 -0.0047 -0.5798 -0.103 -0.0192 -0.3151 -0.827 0.4651 0.7318 -0.1899 -0.6544 0.0142 0.78 0.0989 -0.6157 0.0533 0.6329 -0.2083 -0.7311 -0.1467 0.7432 0.2327 -0.6239 -0.0651 0.9107 0.1491 0.3807 -0.0591 0.621 -0.0471 -0.7395 -0.2556 0.6081 -0.2 -0.6819 -0.3539 0.9568 -0.0058 0.2861 0.0519
0.8082 -0.0047 -0.5798 -0.103 -0.0192 -0.3151 -0.827 0.4651 0.736 -0.1752 -0.6536 0.02 0.78 0.0989 -0.6157 0.0533 0.6242 -0.2225 -0.72 -0.2059 0.7432 0.2327 -0.6239 -0.0651 0.9107 0.1491 0.3807 -0.0591 0.621 -0.0471 -0.7395 -0.2556 0.6081 -0.2 -0.6819 -0.3539 0.9568 -0.0058 0.2861 0.0519
0.8082 -0.0047 -0.5798 -0.103 -0.0192 -0.3151 -0.827 0.4651 0.736 -0.1752 -0.6536 0.02 0.7961 0.1018 -0.5894 0.0921 0.6242 -0.2225 -0.72 -0.2059 0.7432 0.2327 -0.6239 -0.0651 0.9107 0.1491 0.3807 -0.0591 0.621 -0.0471 -0.7395 -0.2556 0.6081 -0.2 -0.6819 -0.3539 0.9568 -0.0058 0.2861 0.0519
0.8082 -0.0047 -0.5798 -0.103 -0.0192 -0.3151 -0.827 0.4651 0.736 -0.1752 -0.6536 0.02 0.7961 0.1018 -0.5894 0.0921 0.6242 -0.2225 -0.72 -0.2059 0.7432 0.2327 -0.6239 -0.0651 0.9107 0.1491 0.3807 -0.0591 0.621 -0.0471 -0.7395 -0.2556 0.6081 -0.2 -0.6819 -0.3539 0.9568 -0.0058 0.2861 0.0519
0.8082 -0.0047 -0.5798 -0.103 -0.0192 -0.3151 -0.827 0.4651 0.736 -0.1752 -0.6536 0.02 0.7961 0.1018 -0.5894 0.0921 0.6242 -0.2225 -0.72 -0.2059 0.7656 0.2338 -0.5837 -0.136 0.9107 0.1491 0.3807 -0.0591 0.621 -0.0471 -0.7395 -0.2556 0.6081 -0.2 -0.6819 -0.3539 0.9568 -0.0058 0.2861 0.0519
0.8082 -0.0047 -0.5798 -0.103 -0.0192 -0.3151 -0.827 0.4651 0.736 -0.1752 -0.6536 0.02 0.7961 0.1018 -0.5894 0.0921 0.6242 -0.2225 -0.72 -0.2059 0.7656 0.2338 -0.5837 -0.136 0.9107 0.1491 0.3807 -0.0591 0.621 -0.0471 -0.7395 -0.2556 0.6081 -0.2 -0.6819 -0.3539 0.9568 -0.0058 0.2861 0.0519
0.8082 -0.0047 -0.5798 -0.103 -0.0192 -0.3151 -0.827 0.4651 0.736 -0.1752 -0.6536 0.02 0.7961 0.1018 -0.5894 0.0921 0.6242 -0.2225 -0.72 -0.2059 0.7656 0.2338 -0.5837 -0.136 0.8055 0.2347 0.5416 -0.0521 0.621 -0.0471 -0.7395 -0.2556 0.6081 -0.2 -0.6819 -0.3539 0.9568 -0.0058 0.2861 0.0519
0.8082 -0.0047 -0.5798 -0.103 -0.0192 -0.3151 -0.827 0.4651 0.736 -0.1752 -0.6536 0.02 0.7961 0.1018 -0.5894 0.0921 0.6242 -0.2225 -0.72 -0.2059 0.7656 0.2338 -0.5837 -0.136 0.8055 0.2347 0.5416 -0.0521 0.6227 -0.1016 -0.7273 -0.2702 0.6081 -0.2 -0.6819 -0.3539 0.9568 -0.0058 0.2861 0.0519
0.8082 -0.0047 -0.5798 -0.103 -0.0192 -0.3151 -0.827 0.4651 0.736 -0.1752 -0.6536 0.02 0.7961 0.1018 -0.5894 0.0921 0.6242 -0.2225 -0.72 -0.2059 0.7656 0.2338 -0.5837 -0.136 0.8055 0.2347 0.5416 -0.0521 0.6227 -0.1016 -0.7273 -0.2702 0.6081 -0.2 -0.6819 -0.3539 0.9568 -0.0058 0.2861 0.0519
0.8082 -0.0047 -0.5798 -0.103 -0.0192 -0.3151 -0.827 0.4651 0.736 -0.1752 -0.6536 0.02 0.8058 0.0767 -0.5801 0.0908 0.6242 -0.2225 -0.72 -0.2059 0.7656 0.2338 -0.5837 -0.136 0.8055 0.2347 0.5416 -0.0521 0.6227 -0.1016 -0.7273 -0.2702 0.6081 -0.2 -0.6819 -0.3539 0.9568 -0.0058 0.2861 0.0519
0.8082 -0.0047 -0.5798 -0.103 -0.0192 -0.3151 -0.827 0.4651 0.736 -0.1752 -0.6536 0.02 0.8058 0.0767 -0.5801 0.0908 0.6242 -0.2225 -0.72 -0.2059 0.7656 0.2338 -0.5837 -0.136 0.8055 0.2347 0.5416 -0.0521 0.6227 -0.1016 -0.7273 -0.2702 0.6081 -0.2 -0.6819 -0.3539 0.9568 -0.0058 0.2861 0.0519
0.8082 -0.0047 -0.5798 -0.103 -0.0192 -0.3151 -0.827 0.4651 0.736 -0.1752 -0.6536 0.02 0.8058 0.0767 -0.5801 0.0908 0.6242 -0.2225 -0.72 -0.2059 0.7838 0.2437 -0.5325 -0.2068 0.8055 0.2347 0.5416 -0.0521 0.6227 -0.1016 -0.7273 -0.2702 0.6081 -0.2 -0.6819 -0.3539 0.9568 -0.0058 0.2861 0.0519
0.8082 -0.0047 -0.5798 -0.103 -0.0192 -0.3151 -0.827 0.4651 0.736 -0.1752 -0.6536 0.02 0.8058 0.0767 -0.5801 0.0908 0.6242 -0.2225 -0.72 -0.2059 0.7838 0.2437 -0.5325 -0.2068 0.8055 0.2347 0.5416 -0.0521 0.6227 -0.1016 -0.7273 -0.2702 0.6081 -0.2 -0.6819 -0.3539 0.9568 -0.0058 0.2861 0.0519
0.8082 -0.0047 -0.5798 -0.103 -0.0192 -0.3151 -0.827 0.4651 0.736 -0.1752 -0.6536 0.02 0.8058 0.0767 -0.5801 0.0908 0.6242 -0.2225 -0.72 -0.2059 0.7838 0.2437 -0.5325 -0.2068 0.8055 0.2347 0.5416 -0.0521 0.6227 -0.1016 -0.7273 -0.2702 0.6081 -0.2 -0.6819 -0.3539 0.9568 -0.0058 0.2861 0.0519
0.8082 -0.0047 -0.5798 -0.103 -0.0192 -0.3151 -0.827 0.4651 0.736 -0.1752 -0.6536 0.02 0.8058 0.0767 -0.5801 0.0908 0.6242 -0.2225 -0.72 -0.2059 0.7838 0.2437 -0.5325 -0.2068 0.8055 0.2347 0.5416 -0.0521 0.6227 -0.1016 -0.7273 -0.2702 0.6081 -0.2 -0.6819 -0.3539 0.9568 -0.0058 0.2861 0.0519
0.8134 -0.0305 -0.5609 -0.1508 -0.0192 -0.3151 -0.827 0.4651 0.736 -0.1752 -0.6536 0.02 0.8058 0.0767 -0.5801 0.0908 0.6242 -0.2225 -0.72 -0.2059 0.7838 0.2437 -0.5325 -0.2068 0.7964 0.1751 0.5642 -0.1291 0.6292 -0.1022 -0.748 -0.1849 0.6197 -0.3195 -0.6347 -0.3334 0.9568 -0.0058 0.2861 0.0519
0.8134 -0.0305 -0.5609 -0.1508 -0.0025 -0.3247 -0.7971 0.509 0.7351 -0.2062 -0.6458 0.0013 0.8109 0.0646 -0.5796 0.0489 0.6242 -0.2225 -0.72 -0.2059 0.7838 0.2437 -0.5325 -0.2068 0.7964 0.1751 0.5642 -0.1291 0.6292 -0.1022 -0.748 -0.1849 0.6197 -0.3195 -0.6347 -0.3334 0.9568 -0.0058 0.2861 0.0519
0.8134 -0.0305 -0.5609 -0.1508 -0.0025 -0.3247 -0.7971 0.509 0.7351 -0.2062 -0.6458 0.0013 0.8109 0.0646 -0.5796 0.0489 0.6242 -0.2225 -0.72 -0.2059 0.7838 0.2437 -0.5325 -0.2068 0.7964 0.1751 0.5642 -0.1291 0.6292 -0.1022 -0.748 -0.1849 0.6197 -0.3195 -0.6347 -0.3334 0.9568 -0.0058 0.2861 0.0519
0.8134 -0.0305 -0.5609 -0.1508 -0.0025 -0.3247 -0.7971 0.509 0.7351 -0.2062 -0.6458 0.0013 0.8109 0.0646 -0.5796 0.0489 0.6242 -0.2225 -0.72 -0.2059 0.8249 0.1573 -0.4924 -0.2288 0.7964 0.1751 0.5642 -0.1291 0.6292 -0.1022 -0.748 -0.1849 0.6197 -0.3195 -0.6347 -0.3334 0.9568 -0.0058 0.2861 0.0519
0.8134 -0.0305 -0.5609 -0.1508 -0.0025 -0.3247 -0.7971 0.509 0.7351 -0.2062 -0.6458 0.0013 0.8109 0.0646 -0.5796 0.0489 0.6242 -0.2225 -0.72 -0.2059 0.8249 0.1573 -0.4924 -0.2288 0.7964 0.1751 0.5642 -0.1291 0.6292 -0.1022 -0.748 -0.1849 0.6197 -0.3195 -0.6347 -0.3334 0.9568 -0.0058 0.2861 0.0519
0.8134 -0.0305 -0.5609 -0.1508 -0.0025 -0.3247 -0.7971 0.509 0.7351 -0.2062 -0.6458 0.0013 0.8109 0.0646 -0.5796 0.0489 0.6242 -0.2225 -0.72 -0.2059 0.8249 0.1573 -0.4924 -0.2288 0.7964 0.1751 0.5642 -0.1291 0.6292 -0.1022 -0.748 -0.1849 0.6197 -0.3195 -0.6347 -0.3334 0.9568 -0.0058 0.2861 0.0519
0.8085 -0.0321 -0.5584 -0.1828 -0.0025 -0.3247 -0.7971 0.509 0.7351 -0.2062 -0.6458 0.0013 0.8109 0.0646 -0.5796 0.0489 0.6242 -0.2225 -0.72 -0.2059 0.8249 0.1573 -0.4924 -0.2288 0.8354 0.0419 0.5046 -0.2134 0.6291 -0.1168 -0.7554 -0.1413 0.6312 -0.3345 -0.6317 -0.301 0.9568 -0.0058 0.2861 0.0519
0.8085 -0.0321 -0.5584 -0.1828 -0.0025 -0.3247 -0.7971 0.509 0.7351 -0.2062 -0.6458 0.0013 0.8109 0.0646 -0.5796 0.0489 0.7451 -0.2291 -0.5789 -0.2395 0.8249 0.1573 -0.4924 -0.2288 0.8354 0.0419 0.5046 -0.2134 0.6291 -0.1168 -0.7554 -0.1413 0.6312 -0.3345 -0.6317 -0.301 0.9568 -0.0058 0.2861 0.0519
0.8085 -0.0321 -0.5584 -0.1828 -0.0025 -0.3247 -0.7971 0.509 0.7351 -0.2062 -0.6458 0.0013 0.8109 0.0646 -0.5796 0.0489 0.7451 -0.2291 -0.5789 -0.2395 0.8249 0.1573 -0.4924 -0.2288 0.8354 0.0419 0.5046 -0.2134 0.6291 -0.1168 -0.7554 -0.1413 0.6312 -0.3345 -0.6317 -0.301 0.9568 -0.0058 0.2861 0.0519
0.8085 -0.0321 -0.5584 -0.1828 -0.0025 -0.3247 -0.7971 0.509 0.7351 -0.2062 -0.6458 0.0013 0.8109 0.0646 -0.5796 0.0489 0.7451 -0.2291 -0.5789 -0.2395 0.8249 0.1573 -0.4924 -0.2288 0.8354 0.0419 0.5046 -0.2134 0.6291 -0.1168 -0.7554 -0.1413 0.6312 -0.3345 -0.6317 -0.301 0.9568 -0.0058 0.2861 0.0519
0.8085 -0.0321 -0.5584 -0.1828 -0.0025 -0.3247 -0.7971 0.509 0.7351 -0.2062 -0.6458 0.0013 0.8109 0.0646 -0.5796 0.0489 0.7451 -0.2291 -0.5789 -0.2395 0.8371 0.1399 -0.5228 -0.0803 0.8354 0.0419 0.5046 -0.2134 0.6291 -0.1168 -0.7554 -0.1413 0.6312 -0.3345 -0.6317 -0.301 0.9568 -0.0058 0.2861 0.0519
0.8085 -0.0321 -0.5584 -0.1828 -0.0025 -0.3247 -0.7971 0.509 0.7351 -0.2062 -0.6458 0.0013 0.8109 0.0646 -0.5796 0.0489 0.7451 -0.2291 -0.5789 -0.2395 0.8371 0.1399 -0.5228 -0.0803 0.8354 0.0419 0.5046 -0.2134 0.6291 -0.1168 -0.7554 -0.1413 0.6312 -0.3345 -0.6317 -0.301 0.9568 -0.0058 0.2861 0.0519
0.8027 -0.024 -0.5574 -0.2109 -0.0025 -0.3247 -0.7971 0.509 0.7351 -0.2062 -0.6458 0.0013 0.8109 0.0646 -0.5796 0.0489 0.7451 -0.2291 -0.5789 -0.2395 0.8371 0.1399 -0.5228 -0.0803 0.8354 0.0419 0.5046 -0.2134 0.6291 -0.1168 -0.7554 -0.1413 0.6312 -0.3345 -0.6317 -0.301 0.9568 -0.0058 0.2861 0.0519
0.8027 -0.024 -0.5574 -0.2109 -0.0025 -0.3247 -0.7971 0.509 0.7351 -0.2062 -0.6458 0.0013 0.8109 0.0646 -0.5796 0.0489 0.7451 -0.2291 -0.5789 -0.2395 0.8371 0.1399 -0.5228 -0.0803 0.8354 0.0419 0.5046 -0.2134 0.6192 -0.1482 -0.7556 -0.1542 0.6312 -0.3345 -0.6317 -0.301 0.9568 -0.0058 0.2861 0.0519
0.8027 -0.024 -0.5574 -0.2109 -0.0025 -0.3247 -0.7971 0.509 0.7351 -0.2062 -0.6458 0.0013 0.8109 0.0646 -0.5796 0.0489 0.7451 -0.2291 -0.5789 -0.2395 0.8371 0.1399 -0.5228 -0.0803 0.8354 0.0419 0.5046 -0.2134 0.6192 -0.1482 -0.7556 -0.1542 0.6312 -0.3345 -0.6317 -0.301 0.9568 -0.0058 0.2861 0.0519
0.8027 -0.024 -0.5574 -0.2109 -0.0025 -0.3247 -0.7971 0.509 0.7351 -0.2062 -0.6458 0.0013 0.8109 0.0646 -0.5796 0.0489 0.7451 -0.2291 -0.5789 -0.2395 0.8371 0.1399 -0.5228 -0.0803 0.8354 0.0419 0.5046 -0.2134 0.6192 -0.1482 -0.7556 -0.1542 0.6312 -0.3345 -0.6317 -0.301 0.9568 -0.0058 0.2861 0.0519
0.8027 -0.024 -0.5574 -0.2109 -0.0025 -0.3247 -0.7971 0.509 0.7351 -0.2062 -0.6458 0.0013 0.8109 0.0646 -0.5796 0.0489 0.7451 -0.2291 -0.5789 -0.2395 0.8371 0.1399 -0.5228 -0.0803 0.8354 0.0419 0.5046 -0.2134 0.6192 -0.1482 -0.7556 -0.1542 0.6312 -0.3345 -0.6317 -0.301 0.9568 -0.0058 0.2861 0.0519
0.8027 -0.024 -0.5574 -0.2109 -0.0025 -0.3247 -0.7971 0.509 0.7351 -0.2062 -0.6458 0.0013 0.8109 0.0646 -0.5796 0.0489 0.7451 -0.2291 -0.5789 -0.2395 0.8209 0.0448 -0.5692 -6.0E-4 0.8354 0.0419 0.5046 -0.2134 0.6192 -0.1482 -0.7556 -0.1542 0.6312 -0.3345 -0.6317 -0.301 0.9568 -0.0058 0.2861 0.0519
0.8027 -0.024 -0.5574 -0.2109 -0.0025 -0.3247 -0.7971 0.509 0.7351 -0.2062 -0.6458 0.0013 0.8109 0.0646 -0.5796 0.0489 0.7451 -0.2291 -0.5789 -0.2395 0.8209 0.0448 -0.5692 -6.0E-4 0.8354 0.0419 0.5046 -0.2134 0.6192 -0.1482 -0.7556 -0.1542 0.6312 -0.3345 -0.6317 -0.301 0.9568 -0.0058 0.2861 0.0519
0.8027 -0.024 -0.5574 -0.2109 -0.0025 -0.3247 -0.7971 0.509 0.7351 -0.2062 -0.6458 0.0013 0.8109 0.0646 -0.5796 0.0489 0.7451 -0.2291 -0.5789 -0.2395 0.8209 0.0448 -0.5692 -6.0E-4 0.8354 0.0419 0.5046 -0.2134 0.6192 -0.1482 -0.7556 -0.1542 0.6312 -0.3345 -0.6317 -0.301 0.9568 -0.0058 0.2861 0.0519
0.8027 -0.024 -0.5574 -0.2109 -0.0025 -0.3247 -0.7971 0.509 0.7351 -0.2062 -0.6458 0.0013 0.8109 0.0646 -0.5796 0.0489 0.7451 -0.2291 -0.5789 -0.2395 0.8209 0.0448 -0.5692 -6.0E-4 0.8354 0.0419 0.5046 -0.2134 0.6142 -0.1568 -0.7572 -0.1575 0.6312 -0.3345 -0.6317 -0.301 0.9568 -0.0058 0.2861 0.0519
0.8027 -0.024 -0.5574 -0.2109 -0.0025 -0.3247 -0.7971 0.509 0.7351 -0.2062 -0.6458 0.0013 0.8109 0.0646 -0.5796 0.0489 0.7451 -0.2291 -0.5789 -0.2395 0.8209 0.0448 -0.5692 -6.0E-4 0.8354 0.0419 0.5046 -0.2134 0.6142 -0.1568 -0.7572 -0.1575 0.6312 -0.3345 -0.6317 -0.301 0.9568 -0.0058 0.2861 0.0519
0.8027 -0.024 -0.5574 -0.2109 0.0394 -0.3471 -0.8107 0.4698 0.7351 -0.2062 -0.6458 0.0013 0.7336 0.0745 -0.6754 -0.0096 0.7451 -0.2291 -0.5789 -0.2395 0.8209 0.0448 -0.5692 -6.0E-4 0.8354 0.0419 0.5046 -0.2134 0.6142 -0.1568 -0.7572 -0.1575 0.6312 -0.3345 -0.6317 -0.301 0.9568 -0.0058 0.2861 0.0519
0.8027 -0.024 -0.5574 -0.2109 0.0394 -0.3471 -0.8107 0.4698 0.7351 -0.2062 -0.6458 0.0013 0.7336 0.0745 -0.6754 -0.0096 0.7451 -0.2291 -0.5789 -0.2395 0.8209 0.0448 -0.5692 -6.0E-4 0.8354 0.0419 0.5046 -0.2134 0.6142 -0.1568 -0.7572 -0.1575 0.6312 -0.3345 -0.6317 -0.301 0.9568 -0.0058 0.2861 0.0519
0.8027 -0.024 -0.5574 -0.2109 0.0394 -0.3471 -0.8107 0.4698 0.7351 -0.2062 -0.6458 0.0013 0.7336 0.0745 -0.6754 -0.0096 0.7451 -0.2291 -0.5789 -0.2395 0.7835 0.0249 -0.6196 0.0399 0.8354 0.0419 0.5046 -0.2134 0.6142 -0.1568 -0.7572 -0.1575 0.6312 -0.3345 -0.6317 -0.301 0.9568 -0.0058 0.2861 0.0519
0.8027 -0.024 -0.5574 -0.2109 0.0394 -0.3471 -0.8107 0.4698 0.7351 -0.2062 -0.6458 0.0013 0.7336 0.0745 -0.6754 -0.0096 0.7451 -0.2291 -0.5789 -0.2395 0.7835 0.0249 -0.6196 0.0399 0.8354 0.0419 0.5046 -0.2134 0.6142 -0.1568 -0.7572 -0.1575 0.6312 -0.3345 -0.6317 -0.301 0.9568 -0.0058 0.2861 0.0519
0.8027 -0.024 -0.5574 -0.2109 0.0394 -0.3471 -0.8107 0.4698 0.7351 -0.2062 -0.6458 0.0013 0.7336 0.0745 -0.6754 -0.0096 0.7451 -0.2291 -0.5789 -0.2395 0.7835 0.0249 -0.6196 0.0399 0.8934 0.1857 0.4081 -0.0283 0.6142 -0.1568 -0.7572 -0.1575 0.6201 -0.4235 -0.5944 -0.2878 0.9568 -0.0058 0.2861 0.0519
0.8027 -0.024 -0.5574 -0.2109 0.0394 -0.3471 -0.8107 0.4698 0.7351 -0.2062 -0.6458 0.0013 0.7336 0.0745 -0.6754 -0.0096 0.7451 -0.2291 -0.5789 -0.2395 0.7835 0.0249 -0.6196 0.0399 0.8934 0.1857 0.4081 -0.0283 0.627 -0.1452 -0.7563 -0.1177 0.6201 -0.4235 -0.5944 -0.2878 0.9568 -0.0058 0.2861 0.0519
0.8027 -0.024 -0.5574 -0.2109 0.0394 -0.3471 -0.8107 0.4698 0.7351 -0.2062 -0.6458 0.0013 0.7336 0.0745 -0.6754 -0.0096 0.7451 -0.2291 -0.5789 -0.2395 0.7835 0.0249 -0.6196 0.0399 0.8934 0.1857 0.4081 -0.0283 0.627 -0.1452 -0.7563 -0.1177 0.6201 -0.4235 -0.5944 -0.2878 0.9568 -0.0058 0.2861 0.0519
0.8027 -0.024 -0.5574 -0.2109 0.034 -0.3505 -0.8173 0.4561 0.671 -0.2919 -0.6696 -0.1268 0.7061 0.0413 -0.7043 -0.0605 0.7761 -0.2592 -0.5745 -0.0226 0.7835 0.0249 -0.6196 0.0399 0.8934 0.1857 0.4081 -0.0283 0.627 -0.1452 -0.7563 -0.1177 0.6201 -0.4235 -0.5944 -0.2878 0.928 0.0713 0.3617 -0.0547
0.8027 -0.024 -0.5574 -0.2109 0.034 -0.3505 -0.8173 0.4561 0.671 -0.2919 -0.6696 -0.1268 0.7061 0.0413 -0.7043 -0.0605 0.7761 -0.2592 -0.5745 -0.0226 0.7835 0.0249 -0.6196 0.0399 0.8934 0.1857 0.4081 -0.0283 0.627 -0.1452 -0.7563 -0.1177 0.6201 -0.4235 -0.5944 -0.2878 0.928 0.0713 0.3617 -0.0547
0.8027 -0.024 -0.5574 -0.2109 0.034 -0.3505 -0.8173 0.4561 0.671 -0.2919 -0.6696 -0.1268 0.7061 0.0413 -0.7043 -0.0605 0.7761 -0.2592 -0.5745 -0.0226 0.7835 0.0249 -0.6196 0.0399 0.8934 0.1857 0.4081 -0.0283 0.627 -0.1452 -0.7563 -0.1177 0.6201 -0.4235 -0.5944 -0.2878 0.928 0.0713 0.3617 -0.0547
0.8027 -0.024 -0.5574 -0.2109 0.034 -0.3505 -0.8173 0.4561 0.671 -0.2919 -0.6696 -0.1268 0.7061 0.0413 -0.7043 -0.0605 0.7761 -0.2592 -0.5745 -0.0226 0.7631 0.0517 -0.6424 0.0482 0.8934 0.1857 0.4081 -0.0283 0.627 -0.1452 -0.7563 -0.1177 0.6201 -0.4235 -0.5944 -0.2878 0.928 0.0713 0.3617 -0.0547
0.8027 -0.024 -0.5574 -0.2109 0.034 -0.3505 -0.8173 0.4561 0.671 -0.2919 -0.6696 -0.1268 0.7061 0.0413 -0.7043 -0.0605 0.7761 -0.2592 -0.5745 -0.0226 0.7631 0.0517 -0.6424 0.0482 0.8934 0.1857 0.4081 -0.0283 0.627 -0.1452 -0.7563 -0.1177 0.6541 -0.3981 -0.5961 -0.2418 0.928 0.0713 0.3617 -0.0547
0.8027 -0.024 -0.5574 -0.2109 0.034 -0.3505 -0.8173 0.4561 0.671 -0.2919 -0.6696 -0.1268 0.7061 0.0413 -0.7043 -0.0605 0.7761 -0.2592 -0.5745 -0.0226 0.7631 0.0517 -0.6424 0.0482 0.8807 0.1738 0.4406 -0.0046 0.6431 -0.118 -0.7533 -0.0704 0.6541 -0.3981 -0.5961 -0.2418 0.928 0.0713 0.3617 -0.0547
0.8027 -0.024 -0.5574 -0.2109 0.034 -0.3505 -0.8173 0.4561 0.6675 -0.3015 -0.6629 -0.155 0.7061 0.0413 -0.7043 -0.0605 0.7523 -0.2186 -0.6216 -0.0026 0.7631 0.0517 -0.6424 0.0482 0.8807 0.1738 0.4406 -0.0046 0.6431 -0.118 -0.7533 -0.0704 0.6541 -0.3981 -0.5961 -0.2418 0.928 0.0713 0.3617 -0.0547
0.8027 -0.024 -0.5574 -0.2109 0.034 -0.3505 -0.8173 0.4561 0.6675 -0.3015 -0.6629 -0.155 0.695 0.0422 -0.7122 -0.0892 0.7523 -0.2186 -0.6216 -0.0026 0.7631 0.0517 -0.6424 0.0482 0.8807 0.1738 0.4406 -0.0046 0.6431 -0.118 -0.7533 -0.0704 0.6541 -0.3981 -0.5961 -0.2418 0.928 0.0713 0.3617 -0.0547
0.8027 -0.024 -0.5574 -0.2109 0.034 -0.3505 -0.8173 0.4561 0.6675 -0.3015 -0.6629 -0.155 0.695 0.0422 -0.7122 -0.0892 0.7523 -0.2186 -0.6216 -0.0026 0.7631 0.0517 -0.6424 0.0482 0.8807 0.1738 0.4406 -0.0046 0.6431 -0.118 -0.7533 -0.0704 0.6541 -0.3981 -0.5961 -0.2418 0.928 0.0713 0.3617 -0.0547
0.8027 -0.024 -0.5574 -0.2109 0.034 -0.3505 -0.8173 0.4561 0.6675 -0.3015 -0.6629 -0.155 0.695 0.0422 -0.7122 -0.0892 0.7523 -0.2186 -0.6216 -0.0026 0.7591 0.0851 -0.6429 0.0569 0.8807 0.1738 0.4406 -0.0046 0.6431 -0.118 -0.7533 -0.0704 0.6541 -0.3981 -0.5961 -0.2418 0.928 0.0713 0.3617 -0.0547
0.8027 -0.024 -0.5574 -0.2109 0.034 -0.3505 -0.8173 0.4561 0.6675 -0.3015 -0.6629 -0.155 0.695 0.0422 -0.7122 -0.0892 0.7523 -0.2186 -0.6216 -0.0026 0.7591 0.0851 -0.6429 0.0569 0.8807 0.1738 0.4406 -0.0046 0.6431 -0.118 -0.7533 -0.0704 0.6541 -0.3981 -0.5961 -0.2418 0.928 0.0713 0.3617 -0.0547
0.8027 -0.024 -0.5574 -0.2109 0.034 -0.3505 -0.8173 0.4561 0.6675 -0.3015 -0.6629 -0.155 0.695 0.0422 -0.7122 -0.0892 0.7523 -0.2186 -0.6216 -0.0026 0.7591 0.0851 -0.6429 0.0569 0.8807 0.1738 0.4406 -0.0046 0.6431 -0.118 -0.7533 -0.0704 0.6541 -0.3981 -0.5961 -0.2418 0.928 0.0713 0.3617 -0.0547
0.8027 -0.024 -0.5574 -0.2109 0.034 -0.3505 -0.8173 0.4561 0.6675 -0.3015 -0.6629 -0.155 0.695 0.0422 -0.7122 -0.0892 0.7523 -0.2186 -0.6216 -0.0026 0.7591 0.0851 -0.6429 0.0569 0.9216 0.1447 0.3593 -0.0239 0.6566 -0.1144 -0.7443 -0.0433 0.6827 -0.3794 -0.5903 -0.204 0.928 0.0713 0.3617 -0.0547
0.8027 -0.024 -0.5574 -0.2109 0.034 -0.3505 -0.8173 0.4561 0.6675 -0.3015 -0.6629 -0.155 0.695 0.0422 -0.7122 -0.0892 0.7523 -0.2186 -0.6216 -0.0026 0.7591 0.0851 -0.6429 0.0569 0.9216 0.1447 0.3593 -0.0239 0.6566 -0.1144 -0.7443 -0.0433 0.6827 -0.3794 -0.5903 -0.204 0.928 0.0713 0.3617 -0.0547
0.8027 -0.024 -0.5574 -0.2109 0.034 -0.3505 -0.8173 0.4561 0.6675 -0.3015 -0.6629 -0.155 0.695 0.0422 -0.7122 -0.0892 0.7523 -0.2186 -0.6216 -0.0026 0.7591 0.0851 -0.6429 0.0569 0.9216 0.1447 0.3593 -0.0239 0.6566 -0.1144 -0.7443 -0.0433 0.6827 -0.3794 -0.5903 -0.204 0.928 0.0713 0.3617 -0.0547
0.8027 -0.024 -0.5574 -0.2109 0.034 -0.3505 -0.8173 0.4561 0.6675 -0.3015 -0.6629 -0.155 0.695 0.0422 -0.7122 -0.0892 0.7523 -0.2186 -0.6216 -0.0026 0.7591 0.0851 -0.6429 0.0569 0.9216 0.1447 0.3593 -0.0239 0.6566 -0.1144 -0.7443 -0.0433 0.6827 -0.3794 -0.5903 -0.204 0.928 0.0713 0.3617 -0.0547
0.8027 -0.024 -0.5574 -0.2109 0.034 -0.3505 -0.8173 0.4561 0.6675 -0.3015 -0.6629 -0.155 0.695 0.0422 -0.7122 -0.0892 0.7523 -0.2186 -0.6216 -0.0026 0.7565 0.1215 -0.6409 0.0473 0.9216 0.1447 0.3593 -0.0239 0.6566 -0.1144 -0.7443 -0.0433 0.6827 -0.3794 -0.5903 -0.204 0.928 0.0713 0.3617 -0.0547
0.8027 -0.024 -0.5574 -0.2109 0.034 -0.3505 -0.8173 0.4561 0.6675 -0.3015 -0.6629 -0.155 0.695 0.0422 -0.7122 -0.0892 0.7523 -0.2186 -0.6216 -0.0026 0.7565 0.1215 -0.6409 0.0473 0.9216 0.1447 0.3593 -0.0239 0.6566 -0.1144 -0.7443 -0.0433 0.6827 -0.3794 -0.5903 -0.204 0.928 0.0713 0.3617 -0.0547
0.8027 -0.024 -0.5574 -0.2109 0.034 -0.3505 -0.8173 0.4561 0.6675 -0.3015 -0.6629 -0.155 0.695 0.0422 -0.7122 -0.0892 0.7523 -0.2186 -0.6216 -0.0026 0.7565 0.1215 -0.6409 0.0473 0.9216 0.1447 0.3593 -0.0239 0.6566 -0.1144 -0.7443 -0.0433 0.6827 -0.3794 -0.5903 -0.204 0.928 0.0713 0.3617 -0.0547
0.8027 -0.024 -0.5574 -0.2109 0.034 -0.3505 -0.8173 0.4561 0.6675 -0.3015 -0.6629 -0.155 0.695 0.0422 -0.7122 -0.0892 0.7523 -0.2186 -0.6216 -0.0026 0.7565 0.1215 -0.6409 0.0473 0.9216 0.1447 0.3593 -0.0239 0.6686 -0.1257 -0.7319 -0.0374 0.6827 -0.3794 -0.5903 -0.204 0.928 0.0713 0.3617 -0.0547
0.8027 -0.024 -0.5574 -0.2109 0.034 -0.3505 -0.8173 0.4561 0.6976 -0.2719 -0.6554 -0.0989 0.695 0.0422 -0.7122 -0.0892 0.7523 -0.2186 -0.6216 -0.0026 0.7565 0.1215 -0.6409 0.0473 0.9216 0.1447 0.3593 -0.0239 0.6686 -0.1257 -0.7319 -0.0374 0.6827 -0.3794 -0.5903 -0.204 0.928 0.0713 0.3617 -0.0547
0.8027 -0.024 -0.5574 -0.2109 -0.0019 -0.3052 -0.8408 0.4472 0.6976 -0.2719 -0.6554 -0.0989 0.695 0.0422 -0.7122 -0.0892 0.7523 -0.2186 -0.6216 -0.0026 0.7565 0.1215 -0.6409 0.0473 0.9216 0.1447 0.3593 -0.0239 0.6686 -0.1257 -0.7319 -0.0374 0.6827 -0.3794 -0.5903 -0.204 0.9091 0.0485 0.4079 -0.0691
0.8027 -0.024 -0.5574 -0.2109 -0.0019 -0.3052 -0.8408 0.4472 0.6976 -0.2719 -0.6554 -0.0989 0.695 0.0422 -0.7122 -0.0892 0.7523 -0.2186 -0.6216 -0.0026 0.7565 0.1215 -0.6409 0.0473 0.9216 0.1447 0.3593 -0.0239 0.6686 -0.1257 -0.7319 -0.0374 0.6827 -0.3794 -0.5903 -0.204 0.9091 0.0485 0.4079 -0.0691
0.8027 -0.024 -0.5574 -0.2109 -0.0019 -0.3052 -0.8408 0.4472 0.6976 -0.2719 -0.6554 -0.0989 0.695 0.0422 -0.7122 -0.0892 0.7523 -0.2186 -0.6216 -0.0026 0.7505 0.1586 -0.6407 0.0304 0.9216 0.1447 0.3593 -0.0239 0.6686 -0.1257 -0.7319 -0.0374 0.6827 -0.3794 -0.5903 -0.204 0.9091 0.0485 0.4079 -0.0691
0.8027 -0.024 -0.5574 -0.2109 -0.0019 -0.3052 -0.8408 0.4472 0.6976 -0.2719 -0.6554 -0.0989 0.695 0.0422 -0.7122 -0.0892 0.7523 -0.2186 -0.6216 -0.0026 0.7505 0.1586 -0.6407 0.0304 0.9216 0.1447 0.3593 -0.0239 0.6686 -0.1257 -0.7319 -0.0374 0.6827 -0.3794 -0.5903 -0.204 0.9091 0.0485 0.4079 -0.0691
0.7904 0.0098 -0.5901 -0.1638 -0.0019 -0.3052 -0.8408 0.4472 0.6976 -0.2719 -0.6554 -0.0989 0.695 0.0422 -0.7122 -0.0892 0.7523 -0.2186 -0.6216 -0.0026 0.7505 0.1586 -0.6407 0.0304 0.9216 0.1447 0.3593 -0.0239 0.6686 -0.1257 -0.7319 -0.0374 0.6827 -0.3794 -0.5903 -0.204 0.9091 0.0485 0.4079 -0.0691
0.7904 0.0098 -0.5901 -0.1638 -0.0019 -0.3052 -0.8408 0.4472 0.6976 -0.2719 -0.6554 -0.0989 0.695 0.0422 -0.7122 -0.0892 0.7523 -0.2186 -0.6216 -0.0026 0.7505 0.1586 -0.6407 0.0304 0.9216 0.1447 0.3593 -0.0239 0.6783 -0.1161 -0.7183 -0.1025 0.7274 -0.4259 -0.5212 -0.1335 0.9091 0.0485 0.4079 -0.0691
0.7904 0.0098 -0.5901 -0.1638 -0.0019 -0.3052 -0.8408 0.4472 0.7082 -0.2695 -0.6453 -0.0968 0.695 0.0422 -0.7122 -0.0892 0.7523 -0.2186 -0.6216 -0.0026 0.7505 0.1586 -0.6407 0.0304 0.9216 0.1447 0.3593 -0.0239 0.6783 -0.1161 -0.7183 -0.1025 0.7274 -0.4259 -0.5212 -0.1335 0.9091 0.0485 0.4079 -0.0691
0.7904 0.0098 -0.5901 -0.1638 -0.0019 -0.3052 -0.8408 0.4472 0.7082 -0.2695 -0.6453 -0.0968 0.695 0.0422 -0.7122 -0.0892 0.7523 -0.2186 -0.6216 -0.0026 0.7505 0.1586 -0.6407 0.0304 0.9216 0.1447 0.3593 -0.0239 0.6783 -0.1161 -0.7183 -0.1025 0.7274 -0.4259 -0.5212 -0.1335 0.9091 0.0485 0.4079 -0.0691
0.7904 0.0098 -0.5901 -0.1638 -0.0019 -0.3052 -0.8408 0.4472 0.7082 -0.2695 -0.6453 -0.0968 0.695 0.0422 -0.7122 -0.0892 0.7523 -0.2186 -0.6216 -0.0026 0.7505 0.1586 -0.6407 0.0304 0.9216 0.1447 0.3593 -0.0239 0.6783 -0.1161 -0.7183 -0.1025 0.7274 -0.4259 -0.5212 -0.1335 0.9091 0.0485 0.4079 -0.0691
0.7904 0.0098 -0.5901 -0.1638 -0.0019 -0.3052 -0.8408 0.4472 0.7082 -0.2695 -0.6453 -0.0968 0.695 0.0422 -0.7122 -0.0892 0.7523 -0.2186 -0.6216 -0.0026 0.7505 0.1586 -0.6407 0.0304 0.9216 0.1447 0.3593 -0.0239 0.6783 -0.1161 -0.7183 -0.1025 0.7274 -0.4259 -0.5212 -0.1335 0.9091 0.0485 0.4079 -0.0691
0.7904 0.0098 -0.5901 -0.1638 -0.0019 -0.3052 -0.8408 0.4472 0.7082 -0.2695 -0.6453 -0.0968 0.695 0.0422 -0.7122 -0.0892 0.7523 -0.2186 -0.6216 -0.0026 0.7415 0.1871 -0.6442 0.0105 0.9216 0.1447 0.3593 -0.0239 0.6783 -0.1161 -0.7183 -0.1025 0.7274 -0.4259 -0.5212 -0.1335 0.9091 0.0485 0.4079 -0.0691
0.7922 0.011 -0.5867 -0.1677 -0.0019 -0.3052 -0.8408 0.4472 0.7082 -0.2695 -0.6453 -0.0968 0.695 0.0422 -0.7122 -0.0892 0.7523 -0.2186 -0.6216 -0.0026 0.7415 0.1871 -0.6442 0.0105 0.9216 0.1447 0.3593 -0.0239 0.6783 -0.1161 -0.7183 -0.1025 0.7386 -0.4461 -0.5023 -0.0561 0.9091 0.0485 0.4079 -0.0691
0.7922 0.011 -0.5867 -0.1677 -0.0019 -0.3052 -0.8408 0.4472 0.7082 -0.2695 -0.6453 -0.0968 0.695 0.0422 -0.7122 -0.0892 0.7523 -0.2186 -0.6216 -0.0026 0.7415 0.1871 -0.6442 0.0105 0.9216 0.1447 0.3593 -0.0239 0.6783 -0.1161 -0.7183 -0.1025 0.7386 -0.4461 -0.5023 -0.0561 0.9091 0.0485 0.4079 -0.0691
0.7922 0.011 -0.5867 -0.1677 -0.0019 -0.3052 -0.8408 0.4472 0.7082 -0.2695 -0.6453 -0.0968 0.695 0.0422 -0.7122 -0.0892 0.7523 -0.2186 -0.6216 -0.0026 0.7415 0.1871 -0.6442 0.0105 0.9216 0.1447 0.3593 -0.0239 0.6783 -0.1161 -0.7183 -0.1025 0.7386 -0.4461 -0.5023 -0.0561 0.9091 0.0485 0.4079 -0.0691
0.7922 0.011 -0.5867 -0.1677 -0.0027 -0.3081 -0.8419 0.443 0.712 -0.2621 -0.6457 -0.0859 0.749 0.1105 -0.653 -0.0191 0.6697 -0.2408 -0.696 -0.0955 0.7415 0.1871 -0.6442 0.0105 0.9216 0.1447 0.3593 -0.0239 0.6807 -0.0545 -0.7059 -0.1882 0.7386 -0.4461 -0.5023 -0.0561 0.8417 0.0521 0.5339 0.0602
0.7922 0.011 -0.5867 -0.1677 -0.0027 -0.3081 -0.8419 0.443 0.712 -0.2621 -0.6457 -0.0859 0.749 0.1105 -0.653 -0.0191 0.6697 -0.2408 -0.696 -0.0955 0.7415 0.1871 -0.6442 0.0105 0.9216 0.1447 0.3593 -0.0239 0.6807 -0.0545 -0.7059 -0.1882 0.7386 -0.4461 -0.5023 -0.0561 0.8417 0.0521 0.5339 0.0602
0.7922 0.011 -0.5867 -0.1677 -0.0027 -0.3081 -0.8419 0.443 0.712 -0.2621 -0.6457 -0.0859 0.749 0.1105 -0.653 -0.0191 0.6697 -0.2408 -0.696 -0.0955 0.7383 0.205 -0.6425 -0.0085 0.9216 0.1447 0.3593 -0.0239 0.6807 -0.0545 -0.7059 -0.1882 0.7386 -0.4461 -0.5023 -0.0561 0.8417 0.0521 0.5339 0.0602
0.7922 0.011 -0.5867 -0.1677 -0.0027 -0.3081 -0.8419 0.443 0.712 -0.2621 -0.6457 -0.0859 0.749 0.1105 -0.653 -0.0191 0.6697 -0.2408 -0.696 -0.0955 0.7383 0.205 -0.6425 -0.0085 0.9216 0.1447 0.3593 -0.0239 0.6807 -0.0545 -0.7059 -0.1882 0.7386 -0.4461 -0.5023 -0.0561 0.8417 0.0521 0.5339 0.0602
0.7922 0.011 -0.5867 -0.1677 -0.0027 -0.3081 -0.8419 0.443 0.712 -0.2621 -0.6457 -0.0859 0.749 0.1105 -0.653 -0.0191 0.6697 -0.2408 -0.696 -0.0955 0.7383 0.205 -0.6425 -0.0085 0.9216 0.1447 0.3593 -0.0239 0.6807 -0.0545 -0.7059 -0.1882 0.7386 -0.4461 -0.5023 -0.0561 0.8417 0.0521 0.5339 0.0602
0.7922 0.011 -0.5867 -0.1677 -0.0027 -0.3081 -0.8419 0.443 0.712 -0.2621 -0.6457 -0.0859 0.749 0.1105 -0.653 -0.0191 0.6697 -0.2408 -0.696 -0.0955 0.7383 0.205 -0.6425 -0.0085 0.9216 0.1447 0.3593 -0.0239 0.6707 -0.0099 -0.718 -0.186 0.7386 -0.4461 -0.5023 -0.0561 0.8417 0.0521 0.5339 0.0602
0.7922 0.011 -0.5867 -0.1677 -0.0027 -0.3081 -0.8419 0.443 0.712 -0.2621 -0.6457 -0.0859 0.749 0.1105 -0.653 -0.0191 0.6697 -0.2408 -0.696 -0.0955 0.7383 0.205 -0.6425 -0.0085 0.9216 0.1447 0.3593 -0.0239 0.6707 -0.0099 -0.718 -0.186 0.7386 -0.4461 -0.5023 -0.0561 0.8417 0.0521 0.5339 0.0602
0.7922 0.011 -0.5867 -0.1677 -0.0189 -0.3031 -0.8497 0.4311 0.7148 -0.244 -0.6528 -0.0576 0.7345 0.1409 -0.6635 -0.0203 0.6563 -0.2406 -0.7046 -0.1226 0.7383 0.205 -0.6425 -0.0085 0.9216 0.1447 0.3593 -0.0239 0.6707 -0.0099 -0.718 -0.186 0.7386 -0.4461 -0.5023 -0.0561 0.938 0.0277 0.3436 0.0373
0.7922 0.011 -0.5867 -0.1677 -0.0189 -0.3031 -0.8497 0.4311 0.7148 -0.244 -0.6528 -0.0576 0.7345 0.1409 -0.6635 -0.0203 0.6563 -0.2406 -0.7046 -0.1226 0.7383 0.205 -0.6425 -0.0085 0.9216 0.1447 0.3593 -0.0239 0.6707 -0.0099 -0.718 -0.186 0.7386 -0.4461 -0.5023 -0.0561 0.938 0.0277 0.3436 0.0373
0.7922 0.011 -0.5867 -0.1677 -0.0189 -0.3031 -0.8497 0.4311 0.7148 -0.244 -0.6528 -0.0576 0.7345 0.1409 -0.6635 -0.0203 0.6563 -0.2406 -0.7046 -0.1226 0.7418 0.2154 -0.6348 -0.0212 0.9216 0.1447 0.3593 -0.0239 0.6707 -0.0099 -0.718 -0.186 0.7386 -0.4461 -0.5023 -0.0561 0.938 0.0277 0.3436 0.0373
0.7922 0.011 -0.5867 -0.1677 -0.0189 -0.3031 -0.8497 0.4311 0.7148 -0.244 -0.6528 -0.0576 0.7345 0.1409 -0.6635 -0.0203 0.6563 -0.2406 -0.7046 -0.1226 0.7418 0.2154 -0.6348 -0.0212 0.9216 0.1447 0.3593 -0.0239 0.6707 -0.0099 -0.718 -0.186 0.7386 -0.4461 -0.5023 -0.0561 0.938 0.0277 0.3436 0.0373
0.7922 0.011 -0.5867 -0.1677 -0.0189 -0.3031 -0.8497 0.4311 0.7148 -0.244 -0.6528 -0.0576 0.7345 0.1409 -0.6635 -0.0203 0.6563 -0.2406 -0.7046 -0.1226 0.7418 0.2154 -0.6348 -0.0212 0.9216 0.1447 0.3593 -0.0239 0.6707 -0.0099 -0.718 -0.186 0.7386 -0.4461 -0.5023 -0.0561 0.938 0.0277 0.3436 0.0373
0.7922 0.011 -0.5867 -0.1677 -0.0189 -0.3031 -0.8497 0.4311 0.7148 -0.244 -0.6528 -0.0576 0.7345 0.1409 -0.6635 -0.0203 0.6563 -0.2406 -0.7046 -0.1226 0.7418 0.2154 -0.6348 -0.0212 0.9216 0.1447 0.3593 -0.0239 0.641 -0.043 -0.7358 -0.2141 0.7386 -0.4461 -0.5023 -0.0561 0.938 0.0277 0.3436 0.0373
0.7922 0.011 -0.5867 -0.1677 -0.0189 -0.3031 -0.8497 0.4311 0.722 -0.2252 -0.6537 -0.0238 0.7345 0.1409 -0.6635 -0.0203 0.6488 -0.2328 -0.7085 -0.1513 0.7418 0.2154 -0.6348 -0.0212 0.9216 0.1447 0.3593 -0.0239 0.641 -0.043 -0.7358 -0.2141 0.7386 -0.4461 -0.5023 -0.0561 0.938 0.0277 0.3436 0.0373
0.7922 0.011 -0.5867 -0.1677 -0.0189 -0.3031 -0.8497 0.4311 0.722 -0.2252 -0.6537 -0.0238 0.7377 0.1586 -0.6555 -0.0304 0.6488 -0.2328 -0.7085 -0.1513 0.7418 0.2154 -0.6348 -0.0212 0.9216 0.1447 0.3593 -0.0239 0.641 -0.043 -0.7358 -0.2141 0.7386 -0.4461 -0.5023 -0.0561 0.938 0.0277 0.3436 0.0373
0.7922 0.011 -0.5867 -0.1677 -0.0189 -0.3031 -0.8497 0.4311 0.722 -0.2252 -0.6537 -0.0238 0.7377 0.1586 -0.6555 -0.0304 0.6488 -0.2328 -0.7085 -0.1513 0.7418 0.2154 -0.6348 -0.0212 0.9216 0.1447 0.3593 -0.0239 0.641 -0.043 -0.7358 -0.2141 0.7386 -0.4461 -0.5023 -0.0561 0.938 0.0277 0.3436 0.0373
0.7922 0.011 -0.5867 -0.1677 -0.0189 -0.3031 -0.8497 0.4311 0.722 -0.2252 -0.6537 -0.0238 0.7377 0.1586 -0.6555 -0.0304 0.6488 -0.2328 -0.7085 -0.1513 0.7526 0.2177 -0.6185 -0.0602 0.9216 0.1447 0.3593 -0.0239 0.641 -0.043 -0.7358 -0.2141 0.7386 -0.4461 -0.5023 -0.0561 0.938 0.0277 0.3436 0.0373
0.7922 0.011 -0.5867 -0.1677 -0.0189 -0.3031 -0.8497 0.4311 0.722 -0.2252 -0.6537 -0.0238 0.7377 0.1586 -0.6555 -0.0304 0.6488 -0.2328 -0.7085 -0.1513 0.7526 0.2177 -0.6185 -0.0602 0.9216 0.1447 0.3593 -0.0239 0.641 -0.043 -0.7358 -0.2141 0.7386 -0.4461 -0.5023 -0.0561 0.938 0.0277 0.3436 0.0373
0.7922 0.011 -0.5867 -0.1677 -0.0189 -0.3031 -0.8497 0.4311 0.722 -0.2252 -0.6537 -0.0238 0.7377 0.1586 -0.6555 -0.0304 0.6488 -0.2328 -0.7085 -0.1513 0.7526 0.2177 -0.6185 -0.0602 0.9216 0.1447 0.3593 -0.0239 0.641 -0.043 -0.7358 -0.2141 0.7386 -0.4461 -0.5023 -0.0561 0.938 0.0277 0.3436 0.0373
0.7922 0.011 -0.5867 -0.1677 -0.0189 -0.3031 -0.8497 0.4311 0.7325 -0.2042 -0.6493 0.0078 0.7377 0.1586 -0.6555 -0.0304 0.6488 -0.2328 -0.7085 -0.1513 0.7526 0.2177 -0.6185 -0.0602 0.9216 0.1447 0.3593 -0.0239 0.6296 -0.0746 -0.7429 -0.2146 0.7386 -0.4461 -0.5023 -0.0561 0.938 0.0277 0.3436 0.0373
0.7922 0.011 -0.5867 -0.1677 -0.0189 -0.3031 -0.8497 0.4311 0.7325 -0.2042 -0.6493 0.0078 0.7546 0.1383 -0.6414 -0.004 0.6528 -0.2482 -0.6858 -0.2051 0.7526 0.2177 -0.6185 -0.0602 0.9216 0.1447 0.3593 -0.0239 0.6296 -0.0746 -0.7429 -0.2146 0.7386 -0.4461 -0.5023 -0.0561 0.9456 0.0558 0.3193 -0.0308
0.7922 0.011 -0.5867 -0.1677 -0.0189 -0.3031 -0.8497 0.4311 0.7325 -0.2042 -0.6493 0.0078 0.7546 0.1383 -0.6414 -0.004 0.6528 -0.2482 -0.6858 -0.2051 0.7526 0.2177 -0.6185 -0.0602 0.9216 0.1447 0.3593 -0.0239 0.6296 -0.0746 -0.7429 -0.2146 0.7386 -0.4461 -0.5023 -0.0561 0.9456 0.0558 0.3193 -0.0308
0.7922 0.011 -0.5867 -0.1677 -0.0189 -0.3031 -0.8497 0.4311 0.7325 -0.2042 -0.6493 0.0078 0.7546 0.1383 -0.6414 -0.004 0.6528 -0.2482 -0.6858 -0.2051 0.7526 0.2177 -0.6185 -0.0602 0.9216 0.1447 0.3593 -0.0239 0.6296 -0.0746 -0.7429 -0.2146 0.7386 -0.4461 -0.5023 -0.0561 0.9456 0.0558 0.3193 -0.0308
0.7922 0.011 -0.5867 -0.1677 -0.0189 -0.3031 -0.8497 0.4311 0.7325 -0.2042 -0.6493 0.0078 0.7546 0.1383 -0.6414 -0.004 0.6528 -0.2482 -0.6858 -0.2051 0.7714 0.2117 -0.5823 -0.1451 0.9216 0.1447 0.3593 -0.0239 0.6296 -0.0746 -0.7429 -0.2146 0.7386 -0.4461 -0.5023 -0.0561 0.9456 0.0558 0.3193 -0.0308
0.7922 0.011 -0.5867 -0.1677 -0.0189 -0.3031 -0.8497 0.4311 0.7325 -0.2042 -0.6493 0.0078 0.7546 0.1383 -0.6414 -0.004 0.6528 -0.2482 -0.6858 -0.2051 0.7714 0.2117 -0.5823 -0.1451 0.9216 0.1447 0.3593 -0.0239 0.6296 -0.0746 -0.7429 -0.2146 0.7386 -0.4461 -0.5023 -0.0561 0.9456 0.0558 0.3193 -0.0308
0.7922 0.011 -0.5867 -0.1677 -0.0189 -0.3031 -0.8497 0.4311 0.7325 -0.2042 -0.6493 0.0078 0.7546 0.1383 -0.6414 -0.004 0.6528 -0.2482 -0.6858 -0.2051 0.7714 0.2117 -0.5823 -0.1451 0.9216 0.1447 0.3593 -0.0239 0.6221 -0.118 -0.7431 -0.2164 0.7386 -0.4461 -0.5023 -0.0561 0.9456 0.0558 0.3193 -0.0308
0.7922 0.011 -0.5867 -0.1677 -0.0189 -0.3031 -0.8497 0.4311 0.7214 -0.2581 -0.6417 -0.033 0.7546 0.1383 -0.6414 -0.004 0.6528 -0.2482 -0.6858 -0.2051 0.7714 0.2117 -0.5823 -0.1451 0.9216 0.1447 0.3593 -0.0239 0.6221 -0.118 -0.7431 -0.2164 0.7386 -0.4461 -0.5023 -0.0561 0.9456 0.0558 0.3193 -0.0308
0.7922 0.011 -0.5867 -0.1677 -0.0189 -0.3031 -0.8497 0.4311 0.7214 -0.2581 -0.6417 -0.033 0.7952 0.0537 -0.6039 -4.0E-4 0.7217 -0.2672 -0.6017 -0.2139 0.7714 0.2117 -0.5823 -0.1451 0.9216 0.1447 0.3593 -0.0239 0.6221 -0.118 -0.7431 -0.2164 0.7386 -0.4461 -0.5023 -0.0561 0.9456 0.0558 0.3193 -0.0308
0.7922 0.011 -0.5867 -0.1677 -0.0189 -0.3031 -0.8497 0.4311 0.7214 -0.2581 -0.6417 -0.033 0.7952 0.0537 -0.6039 -4.0E-4 0.7217 -0.2672 -0.6017 -0.2139 0.7714 0.2117 -0.5823 -0.1451 0.9216 0.1447 0.3593 -0.0239 0.6221 -0.118 -0.7431 -0.2164 0.7386 -0.4461 -0.5023 -0.0561 0.9456 0.0558 0.3193 -0.0308
0.7922 0.011 -0.5867 -0.1677 -0.0189 -0.3031 -0.8497 0.4311 0.7214 -0.2581 -0.6417 -0.033 0.7952 0.0537 -0.6039 -4.0E-4 0.7217 -0.2672 -0.6017 -0.2139 0.7714 0.2117 -0.5823 -0.1451 0.9216 0.1447 0.3593 -0.0239 0.6221 -0.118 -0.7431 -0.2164 0.7386 -0.4461 -0.5023 -0.0561 0.9456 0.0558 0.3193 -0.0308
0.7922 0.011 -0.5867 -0.1677 -0.0189 -0.3031 -0.8497 0.4311 0.7214 -0.2581 -0.6417 -0.033 0.7952 0.0537 -0.6039 -4.0E-4 0.7217 -0.2672 -0.6017 -0.2139 0.7967 0.2636 -0.5242 -0.145 0.9216 0.1447 0.3593 -0.0239 0.6221 -0.118 -0.7431 -0.2164 0.7386 -0.4461 -0.5023 -0.0561 0.9456 0.0558 0.3193 -0.0308
0.7922 0.011 -0.5867 -0.1677 -0.0189 -0.3031 -0.8497 0.4311 0.7214 -0.2581 -0.6417 -0.033 0.7952 0.0537 -0.6039 -4.0E-4 0.7217 -0.2672 -0.6017 -0.2139 0.7967 0.2636 -0.5242 -0.145 0.9216 0.1447 0.3593 -0.0239 0.6221 -0.118 -0.7431 -0.2164 0.7386 -0.4461 -0.5023 -0.0561 0.9456 0.0558 0.3193 -0.0308
0.7922 0.011 -0.5867 -0.1677 -0.0189 -0.3031 -0.8497 0.4311 0.7214 -0.2581 -0.6417 -0.033 0.7952 0.0537 -0.6039 -4.0E-4 0.7217 -0.2672 -0.6017 -0.2139 0.7967 0.2636 -0.5242 -0.145 0.9216 0.1447 0.3593 -0.0239 0.6221 -0.118 -0.7431 -0.2164 0.7386 -0.4461 -0.5023 -0.0561 0.9456 0.0558 0.3193 -0.0308
0.8025 -0.0543 -0.5618 -0.1934 -0.0189 -0.3031 -0.8497 0.4311 0.7214 -0.2581 -0.6417 -0.033 0.7952 0.0537 -0.6039 -4.0E-4 0.7217 -0.2672 -0.6017 -0.2139 0.7967 0.2636 -0.5242 -0.145 0.8376 0.1008 0.526 -0.1077 0.6221 -0.118 -0.7431 -0.2164 0.6105 -0.3799 -0.6164 -0.3209 0.9456 0.0558 0.3193 -0.0308
0.8025 -0.0543 -0.5618 -0.1934 -0.0189 -0.3031 -0.8497 0.4311 0.7256 -0.268 -0.6293 -0.0746 0.7952 0.0537 -0.6039 -4.0E-4 0.7693 -0.2484 -0.5439 -0.2249 0.7967 0.2636 -0.5242 -0.145 0.8376 0.1008 0.526 -0.1077 0.6154 -0.1367 -0.752 -0.1929 0.6105 -0.3799 -0.6164 -0.3209 0.9456 0.0558 0.3193 -0.0308
0.8025 -0.0543 -0.5618 -0.1934 -0.0189 -0.3031 -0.8497 0.4311 0.7256 -0.268 -0.6293 -0.0746 0.814 0.0406 -0.5794 -0.0035 0.7693 -0.2484 -0.5439 -0.2249 0.7967 0.2636 -0.5242 -0.145 0.8376 0.1008 0.526 -0.1077 0.6154 -0.1367 -0.752 -0.1929 0.6105 -0.3799 -0.6164 -0.3209 0.9456 0.0558 0.3193 -0.0308
0.8025 -0.0543 -0.5618 -0.1934 -0.0189 -0.3031 -0.8497 0.4311 0.7256 -0.268 -0.6293 -0.0746 0.814 0.0406 -0.5794 -0.0035 0.7693 -0.2484 -0.5439 -0.2249 0.7967 0.2636 -0.5242 -0.145 0.8376 0.1008 0.526 -0.1077 0.6154 -0.1367 -0.752 -0.1929 0.6105 -0.3799 -0.6164 -0.3209 0.9456 0.0558 0.3193 -0.0308
0.8025 -0.0543 -0.5618 -0.1934 -0.0189 -0.3031 -0.8497 0.4311 0.7256 -0.268 -0.6293 -0.0746 0.814 0.0406 -0.5794 -0.0035 0.7693 -0.2484 -0.5439 -0.2249 0.8726 0.1029 -0.4749 -0.0504 0.8376 0.1008 0.526 -0.1077 0.6154 -0.1367 -0.752 -0.1929 0.6105 -0.3799 -0.6164 -0.3209 0.9456 0.0558 0.3193 -0.0308
0.8025 -0.0543 -0.5618 -0.1934 -0.0189 -0.3031 -0.8497 0.4311 0.7256 -0.268 -0.6293 -0.0746 0.814 0.0406 -0.5794 -0.0035 0.7693 -0.2484 -0.5439 -0.2249 0.8726 0.1029 -0.4749 -0.0504 0.8376 0.1008 0.526 -0.1077 0.6154 -0.1367 -0.752 -0.1929 0.6105 -0.3799 -0.6164 -0.3209 0.9456 0.0558 0.3193 -0.0308
0.8025 -0.0543 -0.5618 -0.1934 -0.0189 -0.3031 -0.8497 0.4311 0.7256 -0.268 -0.6293 -0.0746 0.814 0.0406 -0.5794 -0.0035 0.7693 -0.2484 -0.5439 -0.2249 0.8726 0.1029 -0.4749 -0.0504 0.8376 0.1008 0.526 -0.1077 0.6154 -0.1367 -0.752 -0.1929 0.6105 -0.3799 -0.6164 -0.3209 0.9456 0.0558 0.3193 -0.0308
0.8025 -0.0543 -0.5618 -0.1934 -0.0189 -0.3031 -0.8497 0.4311 0.7256 -0.268 -0.6293 -0.0746 0.814 0.0406 -0.5794 -0.0035 0.7693 -0.2484 -0.5439 -0.2249 0.8726 0.1029 -0.4749 -0.0504 0.8376 0.1008 0.526 -0.1077 0.6109 -0.1502 -0.7589 -0.1683 0.6105 -0.3799 -0.6164 -0.3209 0.9456 0.0558 0.3193 -0.0308
0.8025 -0.0543 -0.5618 -0.1934 -0.0189 -0.3031 -0.8497 0.4311 0.7256 -0.268 -0.6293 -0.0746 0.814 0.0406 -0.5794 -0.0035 0.7693 -0.2484 -0.5439 -0.2249 0.8726 0.1029 -0.4749 -0.0504 0.8376 0.1008 0.526 -0.1077 0.6109 -0.1502 -0.7589 -0.1683 0.6105 -0.3799 -0.6164 -0.3209 0.9456 0.0558 0.3193 -0.0308
0.8025 -0.0543 -0.5618 -0.1934 0.012 -0.3832 -0.7932 0.4731 0.7256 -0.268 -0.6293 -0.0746 0.7918 0.0551 -0.6075 -0.0307 0.7693 -0.2484 -0.5439 -0.2249 0.8726 0.1029 -0.4749 -0.0504 0.8376 0.1008 0.526 -0.1077 0.6109 -0.1502 -0.7589 -0.1683 0.6105 -0.3799 -0.6164 -0.3209 0.9456 0.0558 0.3193 -0.0308
0.8025 -0.0543 -0.5618 -0.1934 0.012 -0.3832 -0.7932 0.4731 0.7256 -0.268 -0.6293 -0.0746 0.7918 0.0551 -0.6075 -0.0307 0.7693 -0.2484 -0.5439 -0.2249 0.8726 0.1029 -0.4749 -0.0504 0.8376 0.1008 0.526 -0.1077 0.6109 -0.1502 -0.7589 -0.1683 0.6105 -0.3799 -0.6164 -0.3209 0.9456 0.0558 0.3193 -0.0308
0.8025 -0.0543 -0.5618 -0.1934 0.012 -0.3832 -0.7932 0.4731 0.7256 -0.268 -0.6293 -0.0746 0.7918 0.0551 -0.6075 -0.0307 0.7693 -0.2484 -0.5439 -0.2249 0.8757 0.0405 -0.4771 0.0623 0.8376 0.1008 0.526 -0.1077 0.6109 -0.1502 -0.7589 -0.1683 0.6105 -0.3799 -0.6164 -0.3209 0.9456 0.0558 0.3193 -0.0308
0.8025 -0.0543 -0.5618 -0.1934 0.012 -0.3832 -0.7932 0.4731 0.7256 -0.268 -0.6293 -0.0746 0.7918 0.0551 -0.6075 -0.0307 0.7693 -0.2484 -0.5439 -0.2249 0.8757 0.0405 -0.4771 0.0623 0.8376 0.1008 0.526 -0.1077 0.6109 -0.1502 -0.7589 -0.1683 0.6105 -0.3799 -0.6164 -0.3209 0.9456 0.0558 0.3193 -0.0308
0.8025 -0.0543 -0.5618 -0.1934 0.012 -0.3832 -0.7932 0.4731 0.7256 -0.268 -0.6293 -0.0746 0.7918 0.0551 -0.6075 -0.0307 0.7693 -0.2484 -0.5439 -0.2249 0.8757 0.0405 -0.4771 0.0623 0.9069 0.0025 0.4063 -0.1118 0.6109 -0.1502 -0.7589 -0.1683 0.6105 -0.3799 -0.6164 -0.3209 0.9456 0.0558 0.3193 -0.0308
0.8025 -0.0543 -0.5618 -0.1934 0.012 -0.3832 -0.7932 0.4731 0.7256 -0.268 -0.6293 -0.0746 0.7918 0.0551 -0.6075 -0.0307 0.7693 -0.2484 -0.5439 -0.2249 0.8757 0.0405 -0.4771 0.0623 0.9069 0.0025 0.4063 -0.1118 0.6135 -0.1549 -0.7603 -0.1469 0.6105 -0.3799 -0.6164 -0.3209 0.9456 0.0558 0.3193 -0.0308
0.8025 -0.0543 -0.5618 -0.1934 0.012 -0.3832 -0.7932 0.4731 0.7104 -0.3 -0.6245 -0.1241 0.7918 0.0551 -0.6075 -0.0307 0.8274 -0.2092 -0.507 -0.1211 0.8757 0.0405 -0.4771 0.0623 0.9069 0.0025 0.4063 -0.1118 0.6135 -0.1549 -0.7603 -0.1469 0.6105 -0.3799 -0.6164 -0.3209 0.9456 0.0558 0.3193 -0.0308
0.8025 -0.0543 -0.5618 -0.1934 0.012 -0.3832 -0.7932 0.4731 0.7104 -0.3 -0.6245 -0.1241 0.7918 0.0551 -0.6075 -0.0307 0.8274 -0.2092 -0.507 -0.1211 0.8757 0.0405 -0.4771 0.0623 0.9069 0.0025 0.4063 -0.1118 0.6135 -0.1549 -0.7603 -0.1469 0.6105 -0.3799 -0.6164 -0.3209 0.9456 0.0558 0.3193 -0.0308
0.8025 -0.0543 -0.5618 -0.1934 0.0261 -0.3894 -0.7928 0.4681 0.7104 -0.3 -0.6245 -0.1241 0.7918 0.0551 -0.6075 -0.0307 0.8274 -0.2092 -0.507 -0.1211 0.8757 0.0405 -0.4771 0.0623 0.9069 0.0025 0.4063 -0.1118 0.6135 -0.1549 -0.7603 -0.1469 0.6105 -0.3799 -0.6164 -0.3209 0.9456 0.0558 0.3193 -0.0308
0.8025 -0.0543 -0.5618 -0.1934 0.0261 -0.3894 -0.7928 0.4681 0.7104 -0.3 -0.6245 -0.1241 0.7918 0.0551 -0.6075 -0.0307 0.8274 -0.2092 -0.507 -0.1211 0.8427 -0.0223 -0.533 0.0731 0.9069 0.0025 0.4063 -0.1118 0.6135 -0.1549 -0.7603 -0.1469 0.6105 -0.3799 -0.6164 -0.3209 0.9456 0.0558 0.3193 -0.0308
0.8025 -0.0543 -0.5618 -0.1934 0.0261 -0.3894 -0.7928 0.4681 0.7104 -0.3 -0.6245 -0.1241 0.7918 0.0551 -0.6075 -0.0307 0.8274 -0.2092 -0.507 -0.1211 0.8427 -0.0223 -0.533 0.0731 0.9069 0.0025 0.4063 -0.1118 0.6135 -0.1549 -0.7603 -0.1469 0.6105 -0.3799 -0.6164 -0.3209 0.9456 0.0558 0.3193 -0.0308
0.8025 -0.0543 -0.5618 -0.1934 0.0261 -0.3894 -0.7928 0.4681 0.7104 -0.3 -0.6245 -0.1241 0.7918 0.0551 -0.6075 -0.0307 0.8274 -0.2092 -0.507 -0.1211 0.8427 -0.0223 -0.533 0.0731 0.9069 0.0025 0.4063 -0.1118 0.6135 -0.1549 -0.7603 -0.1469 0.6105 -0.3799 -0.6164 -0.3209 0.9456 0.0558 0.3193 -0.0308
0.8025 -0.0543 -0.5618 -0.1934 0.0261 -0.3894 -0.7928 0.4681 0.7104 -0.3 -0.6245 -0.1241 0.7918 0.0551 -0.6075 -0.0307 0.8274 -0.2092 -0.507 -0.1211 0.8427 -0.0223 -0.533 0.0731 0.9069 0.0025 0.4063 -0.1118 0.6135 -0.1549 -0.7603 -0.1469 0.6105 -0.3799 -0.6164 -0.3209 0.9456 0.0558 0.3193 -0.0308
0.8025 -0.0543 -0.5618 -0.1934 0.0261 -0.3894 -0.7928 0.4681 0.7104 -0.3 -0.6245 -0.1241 0.7918 0.0551 -0.6075 -0.0307 0.8274 -0.2092 -0.507 -0.1211 0.8427 -0.0223 -0.533 0.0731 0.9069 0.0025 0.4063 -0.1118 0.6135 -0.1549 -0.7603 -0.1469 0.6105 -0.3799 -0.6164 -0.3209 0.9456 0.0558 0.3193 -0.0308
0.8025 -0.0543 -0.5618 -0.1934 0.0261 -0.3894 -0.7928 0.4681 0.6937 -0.3146 -0.6288 -0.1564 0.7361 0.079 -0.6672 -0.0823 0.8024 -0.2946 -0.5101 -0.0958 0.8427 -0.0223 -0.533 0.0731 0.9069 0.0025 0.4063 -0.1118 0.6206 -0.1498 -0.7595 -0.1245 0.6105 -0.3799 -0.6164 -0.3209 0.9456 0.0558 0.3193 -0.0308
0.8025 -0.0543 -0.5618 -0.1934 0.0261 -0.3894 -0.7928 0.4681 0.6937 -0.3146 -0.6288 -0.1564 0.7361 0.079 -0.6672 -0.0823 0.8024 -0.2946 -0.5101 -0.0958 0.8427 -0.0223 -0.533 0.0731 0.9069 0.0025 0.4063 -0.1118 0.6206 -0.1498 -0.7595 -0.1245 0.6105 -0.3799 -0.6164 -0.3209 0.9456 0.0558 0.3193 -0.0308
0.8025 -0.0543 -0.5618 -0.1934 0.0261 -0.3894 -0.7928 0.4681 0.6937 -0.3146 -0.6288 -0.1564 0.7361 0.079 -0.6672 -0.0823 0.8024 -0.2946 -0.5101 -0.0958 0.8427 -0.0223 -0.533 0.0731 0.9069 0.0025 0.4063 -0.1118 0.6206 -0.1498 -0.7595 -0.1245 0.6105 -0.3799 -0.6164 -0.3209 0.9456 0.0558 0.3193 -0.0308
0.8025 -0.0543 -0.5618 -0.1934 0.0261 -0.3894 -0.7928 0.4681 0.6937 -0.3146 -0.6288 -0.1564 0.7361 0.079 -0.6672 -0.0823 0.8024 -0.2946 -0.5101 -0.0958 0.8007 -0.0513 -0.5903 0.0875 0.9069 0.0025 0.4063 -0.1118 0.6206 -0.1498 -0.7595 -0.1245 0.6105 -0.3799 -0.6164 -0.3209 0.9456 0.0558 0.3193 -0.0308
0.8025 -0.0543 -0.5618 -0.1934 0.0261 -0.3894 -0.7928 0.4681 0.6937 -0.3146 -0.6288 -0.1564 0.7361 0.079 -0.6672 -0.0823 0.8024 -0.2946 -0.5101 -0.0958 0.8007 -0.0513 -0.5903 0.0875 0.9069 0.0025 0.4063 -0.1118 0.6206 -0.1498 -0.7595 -0.1245 0.6105 -0.3799 -0.6164 -0.3209 0.9456 0.0558 0.3193 -0.0308
0.8025 -0.0543 -0.5618 -0.1934 0.0261 -0.3894 -0.7928 0.4681 0.6937 -0.3146 -0.6288 -0.1564 0.7361 0.079 -0.6672 -0.0823 0.8024 -0.2946 -0.5101 -0.0958 0.8007 -0.0513 -0.5903 0.0875 0.9069 0.0025 0.4063 -0.1118 0.6226 -0.1553 -0.7587 -0.1126 0.6105 -0.3799 -0.6164 -0.3209 0.9456 0.0558 0.3193 -0.0308
0.8025 -0.0543 -0.5618 -0.1934 0.0261 -0.3894 -0.7928 0.4681 0.6843 -0.3118 -0.64 -0.1581 0.7031 0.0948 -0.6981 -0.0964 0.7921 -0.2655 -0.5493 -0.0215 0.8007 -0.0513 -0.5903 0.0875 0.9069 0.0025 0.4063 -0.1118 0.6226 -0.1553 -0.7587 -0.1126 0.6105 -0.3799 -0.6164 -0.3209 0.9456 0.0558 0.3193 -0.0308
0.8025 -0.0543 -0.5618 -0.1934 0.0261 -0.3894 -0.7928 0.4681 0.6843 -0.3118 -0.64 -0.1581 0.7031 0.0948 -0.6981 -0.0964 0.7921 -0.2655 -0.5493 -0.0215 0.8007 -0.0513 -0.5903 0.0875 0.9069 0.0025 0.4063 -0.1118 0.6226 -0.1553 -0.7587 -0.1126 0.6105 -0.3799 -0.6164 -0.3209 0.9456 0.0558 0.3193 -0.0308
0.8025 -0.0543 -0.5618 -0.1934 0.0261 -0.3894 -0.7928 0.4681 0.6843 -0.3118 -0.64 -0.1581 0.7031 0.0948 -0.6981 -0.0964 0.7921 -0.2655 -0.5493 -0.0215 0.8007 -0.0513 -0.5903 0.0875 0.9069 0.0025 0.4063 -0.1118 0.6226 -0.1553 -0.7587 -0.1126 0.6105 -0.3799 -0.6164 -0.3209 0.9456 0.0558 0.3193 -0.0308
0.8025 -0.0543 -0.5618 -0.1934 0.0261 -0.3894 -0.7928 0.4681 0.6843 -0.3118 -0.64 -0.1581 0.7031 0.0948 -0.6981 -0.0964 0.7921 -0.2655 -0.5493 -0.0215 0.8007 -0.0513 -0.5903 0.0875 0.9069 0.0025 0.4063 -0.1118 0.6226 -0.1553 -0.7587 -0.1126 0.6105 -0.3799 -0.6164 -0.3209 0.9456 0.0558 0.3193 -0.0308
0.8025 -0.0543 -0.5618 -0.1934 0.0261 -0.3894 -0.7928 0.4681 0.6843 -0.3118 -0.64 -0.1581 0.7031 0.0948 -0.6981 -0.0964 0.7921 -0.2655 -0.5493 -0.0215 0.8007 -0.0513 -0.5903 0.0875 0.9069 0.0025 0.4063 -0.1118 0.6226 -0.1553 -0.7587 -0.1126 0.6105 -0.3799 -0.6164 -0.3209 0.9456 0.0558 0.3193 -0.0308
0.8025 -0.0543 -0.5618 -0.1934 0.0261 -0.3894 -0.7928 0.4681 0.6843 -0.3118 -0.64 -0.1581 0.7031 0.0948 -0.6981 -0.0964 0.7921 -0.2655 -0.5493 -0.0215 0.8007 -0.0513 -0.5903 0.0875 0.9069 0.0025 0.4063 -0.1118 0.6226 -0.1553 -0.7587 -0.1126 0.6105 -0.3799 -0.6164 -0.3209 0.9456 0.0558 0.3193 -0.0308
0.7895 -0.0576 -0.5731 -0.2122 0.0261 -0.3894 -0.7928 0.4681 0.6823 -0.2944 -0.6481 -0.1669 0.7031 0.0948 -0.6981 -0.0964 0.7921 -0.2655 -0.5493 -0.0215 0.8007 -0.0513 -0.5903 0.0875 0.9131 0.1954 0.3577 0.0047 0.6287 -0.1592 -0.7543 -0.1024 0.6501 -0.4165 -0.5887 -0.2392 0.9456 0.0558 0.3193 -0.0308
0.7895 -0.0576 -0.5731 -0.2122 0.0261 -0.3894 -0.7928 0.4681 0.6823 -0.2944 -0.6481 -0.1669 0.7031 0.0948 -0.6981 -0.0964 0.7921 -0.2655 -0.5493 -0.0215 0.8007 -0.0513 -0.5903 0.0875 0.9131 0.1954 0.3577 0.0047 0.6287 -0.1592 -0.7543 -0.1024 0.6501 -0.4165 -0.5887 -0.2392 0.9456 0.0558 0.3193 -0.0308
0.7895 -0.0576 -0.5731 -0.2122 0.0223 -0.366 -0.8022 0.4712 0.6823 -0.2944 -0.6481 -0.1669 0.6871 0.101 -0.7122 -0.1028 0.7671 -0.2709 -0.5815 -5.0E-4 0.8007 -0.0513 -0.5903 0.0875 0.9131 0.1954 0.3577 0.0047 0.6287 -0.1592 -0.7543 -0.1024 0.6501 -0.4165 -0.5887 -0.2392 0.9265 0.0452 0.3723 -0.0309
0.7895 -0.0576 -0.5731 -0.2122 0.0223 -0.366 -0.8022 0.4712 0.6823 -0.2944 -0.6481 -0.1669 0.6871 0.101 -0.7122 -0.1028 0.7671 -0.2709 -0.5815 -5.0E-4 0.8007 -0.0513 -0.5903 0.0875 0.9131 0.1954 0.3577 0.0047 0.6287 -0.1592 -0.7543 -0.1024 0.6501 -0.4165 -0.5887 -0.2392 0.9265 0.0452 0.3723 -0.0309
0.7895 -0.0576 -0.5731 -0.2122 0.0223 -0.366 -0.8022 0.4712 0.6823 -0.2944 -0.6481 -0.1669 0.6871 0.101 -0.7122 -0.1028 0.7671 -0.2709 -0.5815 -5.0E-4 0.7452 -0.0172 -0.6583 0.1051 0.9131 0.1954 0.3577 0.0047 0.6287 -0.1592 -0.7543 -0.1024 0.6501 -0.4165 -0.5887 -0.2392 0.9265 0.0452 0.3723 -0.0309
0.7895 -0.0576 -0.5731 -0.2122 0.0223 -0.366 -0.8022 0.4712 0.6823 -0.2944 -0.6481 -0.1669 0.6871 0.101 -0.7122 -0.1028 0.7671 -0.2709 -0.5815 -5.0E-4 0.7452 -0.0172 -0.6583 0.1051 0.9131 0.1954 0.3577 0.0047 0.6287 -0.1592 -0.7543 -0.1024 0.6501 -0.4165 -0.5887 -0.2392 0.9265 0.0452 0.3723 -0.0309
0.7895 -0.0576 -0.5731 -0.2122 0.0223 -0.366 -0.8022 0.4712 0.6823 -0.2944 -0.6481 -0.1669 0.6871 0.101 -0.7122 -0.1028 0.7671 -0.2709 -0.5815 -5.0E-4 0.7452 -0.0172 -0.6583 0.1051 0.8958 0.2243 0.3839 0.0036 0.6287 -0.1592 -0.7543 -0.1024 0.6501 -0.4165 -0.5887 -0.2392 0.9265 0.0452 0.3723 -0.0309
0.7895 -0.0576 -0.5731 -0.2122 0.0223 -0.366 -0.8022 0.4712 0.6823 -0.2944 -0.6481 -0.1669 0.6871 0.101 -0.7122 -0.1028 0.7671 -0.2709 -0.5815 -5.0E-4 0.7452 -0.0172 -0.6583 0.1051 0.8958 0.2243 0.3839 0.0036 0.6287 -0.1592 -0.7543 -0.1024 0.6501 -0.4165 -0.5887 -0.2392 0.9265 0.0452 0.3723 -0.0309
0.7895 -0.0576 -0.5731 -0.2122 0.0223 -0.366 -0.8022 0.4712 0.6792 -0.2981 -0.6457 -0.1813 0.6871 0.101 -0.7122 -0.1028 0.7499 -0.2457 -0.614 0.0138 0.7452 -0.0172 -0.6583 0.1051 0.8958 0.2243 0.3839 0.0036 0.6396 -0.1721 -0.7446 -0.0825 0.6501 -0.4165 -0.5887 -0.2392 0.9265 0.0452 0.3723 -0.0309
0.7895 -0.0576 -0.5731 -0.2122 0.0223 -0.366 -0.8022 0.4712 0.6792 -0.2981 -0.6457 -0.1813 0.6949 0.0953 -0.7061 -0.0972 0.7499 -0.2457 -0.614 0.0138 0.7452 -0.0172 -0.6583 0.1051 0.8958 0.2243 0.3839 0.0036 0.6396 -0.1721 -0.7446 -0.0825 0.6501 -0.4165 -0.5887 -0.2392 0.9265 0.0452 0.3723 -0.0309
0.7895 -0.0576 -0.5731 -0.2122 0.0223 -0.366 -0.8022 0.4712 0.6792 -0.2981 -0.6457 -0.1813 0.6949 0.0953 -0.7061 -0.0972 0.7499 -0.2457 -0.614 0.0138 0.7452 -0.0172 -0.6583 0.1051 0.8958 0.2243 0.3839 0.0036 0.6396 -0.1721 -0.7446 -0.0825 0.6501 -0.4165 -0.5887 -0.2392 0.9265 0.0452 0.3723 -0.0309
0.7895 -0.0576 -0.5731 -0.2122 0.0223 -0.366 -0.8022 0.4712 0.6792 -0.2981 -0.6457 -0.1813 0.6949 0.0953 -0.7061 -0.0972 0.7499 -0.2457 -0.614 0.0138 0.7433 0.0665 -0.6609 0.0797 0.8958 0.2243 0.3839 0.0036 0.6396 -0.1721 -0.7446 -0.0825 0.6501 -0.4165 -0.5887 -0.2392 0.9265 0.0452 0.3723 -0.0309
0.7895 -0.0576 -0.5731 -0.2122 0.0223 -0.366 -0.8022 0.4712 0.6792 -0.2981 -0.6457 -0.1813 0.6949 0.0953 -0.7061 -0.0972 0.7499 -0.2457 -0.614 0.0138 0.7433 0.0665 -0.6609 0.0797 0.8958 0.2243 0.3839 0.0036 0.6396 -0.1721 -0.7446 -0.0825 0.6501 -0.4165 -0.5887 -0.2392 0.9265 0.0452 0.3723 -0.0309
0.7956 -0.047 -0.5732 -0.1905 0.0223 -0.366 -0.8022 0.4712 0.6792 -0.2981 -0.6457 -0.1813 0.6949 0.0953 -0.7061 -0.0972 0.7499 -0.2457 -0.614 0.0138 0.7433 0.0665 -0.6609 0.0797 0.9285 0.1461 0.3413 -0.0059 0.6528 -0.1746 -0.7345 -0.0623 0.6501 -0.4165 -0.5887 -0.2392 0.9265 0.0452 0.3723 -0.0309
0.7956 -0.047 -0.5732 -0.1905 0.0223 -0.366 -0.8022 0.4712 0.6792 -0.2981 -0.6457 -0.1813 0.6949 0.0953 -0.7061 -0.0972 0.7499 -0.2457 -0.614 0.0138 0.7433 0.0665 -0.6609 0.0797 0.9285 0.1461 0.3413 -0.0059 0.6528 -0.1746 -0.7345 -0.0623 0.6501 -0.4165 -0.5887 -0.2392 0.9265 0.0452 0.3723 -0.0309
0.7956 -0.047 -0.5732 -0.1905 0.0223 -0.366 -0.8022 0.4712 0.6906 -0.2851 -0.6461 -0.1559 0.7179 0.0997 -0.6852 -0.0717 0.7309 -0.2342 -0.6411 0.0068 0.7433 0.0665 -0.6609 0.0797 0.9285 0.1461 0.3413 -0.0059 0.6528 -0.1746 -0.7345 -0.0623 0.6501 -0.4165 -0.5887 -0.2392 0.9265 0.0452 0.3723 -0.0309
0.7956 -0.047 -0.5732 -0.1905 0.0223 -0.366 -0.8022 0.4712 0.6906 -0.2851 -0.6461 -0.1559 0.7179 0.0997 -0.6852 -0.0717 0.7309 -0.2342 -0.6411 0.0068 0.7433 0.0665 -0.6609 0.0797 0.9285 0.1461 0.3413 -0.0059 0.6528 -0.1746 -0.7345 -0.0623 0.6501 -0.4165 -0.5887 -0.2392 0.9265 0.0452 0.3723 -0.0309
0.7956 -0.047 -0.5732 -0.1905 0.0223 -0.366 -0.8022 0.4712 0.6906 -0.2851 -0.6461 -0.1559 0.7179 0.0997 -0.6852 -0.0717 0.7309 -0.2342 -0.6411 0.0068 0.7433 0.0665 -0.6609 0.0797 0.9285 0.1461 0.3413 -0.0059 0.6528 -0.1746 -0.7345 -0.0623 0.6501 -0.4165 -0.5887 -0.2392 0.9265 0.0452 0.3723 -0.0309
0.7956 -0.047 -0.5732 -0.1905 0.0223 -0.366 -0.8022 0.4712 0.6906 -0.2851 -0.6461 -0.1559 0.7179 0.0997 -0.6852 -0.0717 0.7309 -0.2342 -0.6411 0.0068 0.742 0.121 -0.6579 0.0443 0.9285 0.1461 0.3413 -0.0059 0.6528 -0.1746 -0.7345 -0.0623 0.6501 -0.4165 -0.5887 -0.2392 0.9265 0.0452 0.3723 -0.0309
0.7956 -0.047 -0.5732 -0.1905 0.0223 -0.366 -0.8022 0.4712 0.6906 -0.2851 -0.6461 -0.1559 0.7179 0.0997 -0.6852 -0.0717 0.7309 -0.2342 -0.6411 0.0068 0.742 0.121 -0.6579 0.0443 0.9285 0.1461 0.3413 -0.0059 0.6528 -0.1746 -0.7345 -0.0623 0.6501 -0.4165 -0.5887 -0.2392 0.9265 0.0452 0.3723 -0.0309
0.7956 -0.047 -0.5732 -0.1905 0.0223 -0.366 -0.8022 0.4712 0.6906 -0.2851 -0.6461 -0.1559 0.7179 0.0997 -0.6852 -0.0717 0.7309 -0.2342 -0.6411 0.0068 0.742 0.121 -0.6579 0.0443 0.9285 0.1461 0.3413 -0.0059 0.6528 -0.1746 -0.7345 -0.0623 0.6501 -0.4165 -0.5887 -0.2392 0.9265 0.0452 0.3723 -0.0309
0.8011 -0.0314 -0.5724 -0.1718 0.0223 -0.366 -0.8022 0.4712 0.707 -0.272 -0.641 -0.1238 0.7179 0.0997 -0.6852 -0.0717 0.7309 -0.2342 -0.6411 0.0068 0.742 0.121 -0.6579 0.0443 0.9344 0.1443 0.3256 -0.0034 0.6803 -0.1343 -0.717 -0.0706 0.7242 -0.4537 -0.5044 -0.124 0.9265 0.0452 0.3723 -0.0309
0.8011 -0.0314 -0.5724 -0.1718 0.0223 -0.366 -0.8022 0.4712 0.707 -0.272 -0.641 -0.1238 0.7179 0.0997 -0.6852 -0.0717 0.7001 -0.2639 -0.6617 -0.0483 0.742 0.121 -0.6579 0.0443 0.9344 0.1443 0.3256 -0.0034 0.6803 -0.1343 -0.717 -0.0706 0.7242 -0.4537 -0.5044 -0.124 0.9265 0.0452 0.3723 -0.0309
0.8011 -0.0314 -0.5724 -0.1718 0.0223 -0.366 -0.8022 0.4712 0.707 -0.272 -0.641 -0.1238 0.7426 0.1002 -0.6599 -0.0554 0.7001 -0.2639 -0.6617 -0.0483 0.742 0.121 -0.6579 0.0443 0.9344 0.1443 0.3256 -0.0034 0.6803 -0.1343 -0.717 -0.0706 0.7242 -0.4537 -0.5044 -0.124 0.9265 0.0452 0.3723 -0.0309
0.8011 -0.0314 -0.5724 -0.1718 0.0223 -0.366 -0.8022 0.4712 0.707 -0.272 -0.641 -0.1238 0.7426 0.1002 -0.6599 -0.0554 0.7001 -0.2639 -0.6617 -0.0483 0.742 0.121 -0.6579 0.0443 0.9344 0.1443 0.3256 -0.0034 0.6803 -0.1343 -0.717 -0.0706 0.7242 -0.4537 -0.5044 -0.124 0.9265 0.0452 0.3723 -0.0309
0.8011 -0.0314 -0.5724 -0.1718 0.0223 -0.366 -0.8022 0.4712 0.707 -0.272 -0.641 -0.1238 0.7426 0.1002 -0.6599 -0.0554 0.7001 -0.2639 -0.6617 -0.0483 0.7373 0.1481 -0.6589 0.0146 0.9344 0.1443 0.3256 -0.0034 0.6803 -0.1343 -0.717 -0.0706 0.7242 -0.4537 -0.5044 -0.124 0.9265 0.0452 0.3723 -0.0309
0.8011 -0.0314 -0.5724 -0.1718 0.0223 -0.366 -0.8022 0.4712 0.707 -0.272 -0.641 -0.1238 0.7426 0.1002 -0.6599 -0.0554 0.7001 -0.2639 -0.6617 -0.0483 0.7373 0.1481 -0.6589 0.0146 0.9344 0.1443 0.3256 -0.0034 0.6803 -0.1343 -0.717 -0.0706 0.7242 -0.4537 -0.5044 -0.124 0.9265 0.0452 0.3723 -0.0309
0.8011 -0.0314 -0.5724 -0.1718 0.0223 -0.366 -0.8022 0.4712 0.707 -0.272 -0.641 -0.1238 0.7426 0.1002 -0.6599 -0.0554 0.7001 -0.2639 -0.6617 -0.0483 0.7373 0.1481 -0.6589 0.0146 0.9344 0.1443 0.3256 -0.0034 0.6803 -0.1343 -0.717 -0.0706 0.7242 -0.4537 -0.5044 -0.124 0.9265 0.0452 0.3723 -0.0309
0.8089 -0.0031 -0.5685 -0.1498 0.0223 -0.366 -0.8022 0.4712 0.7183 -0.2549 -0.6412 -0.0887 0.7426 0.1002 -0.6599 -0.0554 0.7001 -0.2639 -0.6617 -0.0483 0.7373 0.1481 -0.6589 0.0146 0.9329 0.1481 0.3282 -0.0045 0.6926 -0.0478 -0.7073 -0.1335 0.7501 -0.4443 -0.4899 -1.0E-4 0.9265 0.0452 0.3723 -0.0309
0.8089 -0.0031 -0.5685 -0.1498 0.0223 -0.366 -0.8022 0.4712 0.7183 -0.2549 -0.6412 -0.0887 0.7426 0.1002 -0.6599 -0.0554 0.7001 -0.2639 -0.6617 -0.0483 0.7373 0.1481 -0.6589 0.0146 0.9329 0.1481 0.3282 -0.0045 0.6926 -0.0478 -0.7073 -0.1335 0.7501 -0.4443 -0.4899 -1.0E-4 0.9265 0.0452 0.3723 -0.0309
0.8089 -0.0031 -0.5685 -0.1498 0.0223 -0.366 -0.8022 0.4712 0.7183 -0.2549 -0.6412 -0.0887 0.7585 0.1151 -0.6406 -0.0308 0.6857 -0.2492 -0.6808 -0.0651 0.7373 0.1481 -0.6589 0.0146 0.9329 0.1481 0.3282 -0.0045 0.6926 -0.0478 -0.7073 -0.1335 0.7501 -0.4443 -0.4899 -1.0E-4 0.9265 0.0452 0.3723 -0.0309
0.8089 -0.0031 -0.5685 -0.1498 0.0223 -0.366 -0.8022 0.4712 0.7183 -0.2549 -0.6412 -0.0887 0.7585 0.1151 -0.6406 -0.0308 0.6857 -0.2492 -0.6808 -0.0651 0.7373 0.1481 -0.6589 0.0146 0.9329 0.1481 0.3282 -0.0045 0.6926 -0.0478 -0.7073 -0.1335 0.7501 -0.4443 -0.4899 -1.0E-4 0.9265 0.0452 0.3723 -0.0309
0.8089 -0.0031 -0.5685 -0.1498 0.0223 -0.366 -0.8022 0.4712 0.7183 -0.2549 -0.6412 -0.0887 0.7585 0.1151 -0.6406 -0.0308 0.6857 -0.2492 -0.6808 -0.0651 0.7373 0.1481 -0.6589 0.0146 0.9329 0.1481 0.3282 -0.0045 0.6926 -0.0478 -0.7073 -0.1335 0.7501 -0.4443 -0.4899 -1.0E-4 0.9265 0.0452 0.3723 -0.0309
0.8089 -0.0031 -0.5685 -0.1498 0.0223 -0.366 -0.8022 0.4712 0.7183 -0.2549 -0.6412 -0.0887 0.7585 0.1151 -0.6406 -0.0308 0.6857 -0.2492 -0.6808 -0.0651 0.7366 0.1743 -0.6534 -0.0065 0.9329 0.1481 0.3282 -0.0045 0.6926 -0.0478 -0.7073 -0.1335 0.7501 -0.4443 -0.4899 -1.0E-4 0.9265 0.0452 0.3723 -0.0309
0.8089 -0.0031 -0.5685 -0.1498 0.0223 -0.366 -0.8022 0.4712 0.7183 -0.2549 -0.6412 -0.0887 0.7585 0.1151 -0.6406 -0.0308 0.6857 -0.2492 -0.6808 -0.0651 0.7366 0.1743 -0.6534 -0.0065 0.9329 0.1481 0.3282 -0.0045 0.6754 -0.0055 -0.7185 -0.1661 0.7501 -0.4443 -0.4899 -1.0E-4 0.9265 0.0452 0.3723 -0.0309
0.8089 -0.0031 -0.5685 -0.1498 0.0223 -0.366 -0.8022 0.4712 0.7183 -0.2549 -0.6412 -0.0887 0.7585 0.1151 -0.6406 -0.0308 0.6857 -0.2492 -0.6808 -0.0651 0.7366 0.1743 -0.6534 -0.0065 0.9329 0.1481 0.3282 -0.0045 0.6754 -0.0055 -0.7185 -0.1661 0.7501 -0.4443 -0.4899 -1.0E-4 0.9265 0.0452 0.3723 -0.0309
0.8089 -0.0031 -0.5685 -0.1498 0.0223 -0.366 -0.8022 0.4712 0.7181 -0.2478 -0.6475 -0.0602 0.7585 0.1151 -0.6406 -0.0308 0.6857 -0.2492 -0.6808 -0.0651 0.7366 0.1743 -0.6534 -0.0065 0.9329 0.1481 0.3282 -0.0045 0.6754 -0.0055 -0.7185 -0.1661 0.7501 -0.4443 -0.4899 -1.0E-4 0.9265 0.0452 0.3723 -0.0309
0.8089 -0.0031 -0.5685 -0.1498 -0.0148 -0.2556 -0.8472 0.4655 0.7181 -0.2478 -0.6475 -0.0602 0.7756 0.1089 -0.6218 -0.0017 0.6646 -0.2459 -0.6976 -0.1056 0.7366 0.1743 -0.6534 -0.0065 0.9329 0.1481 0.3282 -0.0045 0.6754 -0.0055 -0.7185 -0.1661 0.7501 -0.4443 -0.4899 -1.0E-4 0.9265 0.0452 0.3723 -0.0309
0.8089 -0.0031 -0.5685 -0.1498 -0.0148 -0.2556 -0.8472 0.4655 0.7181 -0.2478 -0.6475 -0.0602 0.7756 0.1089 -0.6218 -0.0017 0.6646 -0.2459 -0.6976 -0.1056 0.7366 0.1743 -0.6534 -0.0065 0.9329 0.1481 0.3282 -0.0045 0.6754 -0.0055 -0.7185 -0.1661 0.7501 -0.4443 -0.4899 -1.0E-4 0.9265 0.0452 0.3723 -0.0309
0.8089 -0.0031 -0.5685 -0.1498 -0.0148 -0.2556 -0.8472 0.4655 0.7181 -0.2478 -0.6475 -0.0602 0.7756 0.1089 -0.6218 -0.0017 0.6646 -0.2459 -0.6976 -0.1056 0.7391 0.1837 -0.6474 -0.0288 0.9329 0.1481 0.3282 -0.0045 0.6754 -0.0055 -0.7185 -0.1661 0.7501 -0.4443 -0.4899 -1.0E-4 0.9265 0.0452 0.3723 -0.0309
0.8089 -0.0031 -0.5685 -0.1498 -0.0148 -0.2556 -0.8472 0.4655 0.7181 -0.2478 -0.6475 -0.0602 0.7756 0.1089 -0.6218 -0.0017 0.6646 -0.2459 -0.6976 -0.1056 0.7391 0.1837 -0.6474 -0.0288 0.9329 0.1481 0.3282 -0.0045 0.6754 -0.0055 -0.7185 -0.1661 0.7501 -0.4443 -0.4899 -1.0E-4 0.9265 0.0452 0.3723 -0.0309
0.8137 0.0338 -0.572 -0.098 -0.0148 -0.2556 -0.8472 0.4655 0.7181 -0.2478 -0.6475 -0.0602 0.7756 0.1089 -0.6218 -0.0017 0.6646 -0.2459 -0.6976 -0.1056 0.7391 0.1837 -0.6474 -0.0288 0.9329 0.1481 0.3282 -0.0045 0.6754 -0.0055 -0.7185 -0.1661 0.7501 -0.4443 -0.4899 -1.0E-4 0.9265 0.0452 0.3723 -0.0309
0.8137 0.0338 -0.572 -0.098 -0.0148 -0.2556 -0.8472 0.4655 0.7181 -0.2478 -0.6475 -0.0602 0.7756 0.1089 -0.6218 -0.0017 0.6646 -0.2459 -0.6976 -0.1056 0.7391 0.1837 -0.6474 -0.0288 0.9329 0.1481 0.3282 -0.0045 0.6754 -0.0055 -0.7185 -0.1661 0.7501 -0.4443 -0.4899 -1.0E-4 0.9265 0.0452 0.3723 -0.0309
0.8137 0.0338 -0.572 -0.098 -0.0148 -0.2556 -0.8472 0.4655 0.7231 -0.223 -0.6537 -0.0059 0.7756 0.1089 -0.6218 -0.0017 0.6646 -0.2459 -0.6976 -0.1056 0.7391 0.1837 -0.6474 -0.0288 0.9329 0.1481 0.3282 -0.0045 0.6386 -0.0345 -0.7394 -0.2106 0.7501 -0.4443 -0.4899 -1.0E-4 0.9265 0.0452 0.3723 -0.0309
0.8137 0.0338 -0.572 -0.098 -0.0148 -0.2556 -0.8472 0.4655 0.7231 -0.223 -0.6537 -0.0059 0.7875 0.116 -0.6043 0.0352 0.6646 -0.2459 -0.6976 -0.1056 0.7391 0.1837 -0.6474 -0.0288 0.9329 0.1481 0.3282 -0.0045 0.6386 -0.0345 -0.7394 -0.2106 0.7501 -0.4443 -0.4899 -1.0E-4 0.9265 0.0452 0.3723 -0.0309
0.8137 0.0338 -0.572 -0.098 -0.0148 -0.2556 -0.8472 0.4655 0.7231 -0.223 -0.6537 -0.0059 0.7875 0.116 -0.6043 0.0352 0.6646 -0.2459 -0.6976 -0.1056 0.7391 0.1837 -0.6474 -0.0288 0.9329 0.1481 0.3282 -0.0045 0.6386 -0.0345 -0.7394 -0.2106 0.7501 -0.4443 -0.4899 -1.0E-4 0.9265 0.0452 0.3723 -0.0309
0.8137 0.0338 -0.572 -0.098 -0.0148 -0.2556 -0.8472 0.4655 0.7231 -0.223 -0.6537 -0.0059 0.7875 0.116 -0.6043 0.0352 0.6646 -0.2459 -0.6976 -0.1056 0.7476 0.192 -0.632 -0.0696 0.9329 0.1481 0.3282 -0.0045 0.6386 -0.0345 -0.7394 -0.2106 0.7501 -0.4443 -0.4899 -1.0E-4 0.9265 0.0452 0.3723 -0.0309
0.8137 0.0338 -0.572 -0.098 -0.0148 -0.2556 -0.8472 0.4655 0.7231 -0.223 -0.6537 -0.0059 0.7875 0.116 -0.6043 0.0352 0.6646 -0.2459 -0.6976 -0.1056 0.7476 0.192 -0.632 -0.0696 0.9329 0.1481 0.3282 -0.0045 0.6386 -0.0345 -0.7394 -0.2106 0.7501 -0.4443 -0.4899 -1.0E-4 0.9265 0.0452 0.3723 -0.0309
0.8137 0.0338 -0.572 -0.098 -0.0148 -0.2556 -0.8472 0.4655 0.7231 -0.223 -0.6537 -0.0059 0.7875 0.116 -0.6043 0.0352 0.6646 -0.2459 -0.6976 -0.1056 0.7476 0.192 -0.632 -0.0696 0.9329 0.1481 0.3282 -0.0045 0.6386 -0.0345 -0.7394 -0.2106 0.7501 -0.4443 -0.4899 -1.0E-4 0.9265 0.0452 0.3723 -0.0309
0.8231 0.0275 -0.5576 -0.1039 -0.0148 -0.2556 -0.8472 0.4655 0.7203 -0.2017 -0.6633 0.0224 0.7875 0.116 -0.6043 0.0352 0.6646 -0.2459 -0.6976 -0.1056 0.7476 0.192 -0.632 -0.0696 0.9092 0.1574 0.3849 -0.0201 0.6151 -0.0947 -0.7468 -0.2345 0.6287 -0.2827 -0.648 -0.324 0.9265 0.0452 0.3723 -0.0309
0.8231 0.0275 -0.5576 -0.1039 -0.0148 -0.2556 -0.8472 0.4655 0.7203 -0.2017 -0.6633 0.0224 0.7957 0.0942 -0.5925 0.0828 0.6646 -0.2459 -0.6976 -0.1056 0.7476 0.192 -0.632 -0.0696 0.9092 0.1574 0.3849 -0.0201 0.6151 -0.0947 -0.7468 -0.2345 0.6287 -0.2827 -0.648 -0.324 0.9265 0.0452 0.3723 -0.0309
0.8231 0.0275 -0.5576 -0.1039 -0.0148 -0.2556 -0.8472 0.4655 0.7203 -0.2017 -0.6633 0.0224 0.7957 0.0942 -0.5925 0.0828 0.6646 -0.2459 -0.6976 -0.1056 0.7476 0.192 -0.632 -0.0696 0.9092 0.1574 0.3849 -0.0201 0.6151 -0.0947 -0.7468 -0.2345 0.6287 -0.2827 -0.648 -0.324 0.9265 0.0452 0.3723 -0.0309
0.8231 0.0275 -0.5576 -0.1039 -0.0148 -0.2556 -0.8472 0.4655 0.7203 -0.2017 -0.6633 0.0224 0.7957 0.0942 -0.5925 0.0828 0.6646 -0.2459 -0.6976 -0.1056 0.7476 0.192 -0.632 -0.0696 0.9092 0.1574 0.3849 -0.0201 0.6151 -0.0947 -0.7468 -0.2345 0.6287 -0.2827 -0.648 -0.324 0.9265 0.0452 0.3723 -0.0309
0.8231 0.0275 -0.5576 -0.1039 -0.0148 -0.2556 -0.8472 0.4655 0.7203 -0.2017 -0.6633 0.0224 0.7957 0.0942 -0.5925 0.0828 0.6646 -0.2459 -0.6976 -0.1056 0.7476 0.192 -0.632 -0.0696 0.9092 0.1574 0.3849 -0.0201 0.6151 -0.0947 -0.7468 -0.2345 0.6287 -0.2827 -0.648 -0.324 0.9265 0.0452 0.3723 -0.0309
0.8231 0.0275 -0.5576 -0.1039 -0.0148 -0.2556 -0.8472 0.4655 0.7203 -0.2017 -0.6633 0.0224 0.7957 0.0942 -0.5925 0.0828 0.6646 -0.2459 -0.6976 -0.1056 0.7632 0.1985 -0.5985 -0.1409 0.9092 0.1574 0.3849 -0.0201 0.6151 -0.0947 -0.7468 -0.2345 0.6287 -0.2827 -0.648 -0.324 0.9265 0.0452 0.3723 -0.0309
0.8231 0.0275 -0.5576 -0.1039 -0.0148 -0.2556 -0.8472 0.4655 0.7203 -0.2017 -0.6633 0.0224 0.7957 0.0942 -0.5925 0.0828 0.6646 -0.2459 -0.6976 -0.1056 0.7632 0.1985 -0.5985 -0.1409 0.9092 0.1574 0.3849 -0.0201 0.6151 -0.0947 -0.7468 -0.2345 0.6287 -0.2827 -0.648 -0.324 0.9265 0.0452 0.3723 -0.0309
0.8154 -0.0068 -0.5555 -0.1625 -0.0148 -0.2556 -0.8472 0.4655 0.7035 -0.2415 -0.6682 -0.0187 0.7957 0.0942 -0.5925 0.0828 0.6646 -0.2459 -0.6976 -0.1056 0.7632 0.1985 -0.5985 -0.1409 0.7868 0.317 0.5292 0.0203 0.6144 -0.1352 -0.7436 -0.2267 0.6149 -0.3671 -0.6061 -0.3462 0.9265 0.0452 0.3723 -0.0309
0.8154 -0.0068 -0.5555 -0.1625 -0.0148 -0.2556 -0.8472 0.4655 0.7035 -0.2415 -0.6682 -0.0187 0.8087 0.0249 -0.5845 0.0619 0.6646 -0.2459 -0.6976 -0.1056 0.7632 0.1985 -0.5985 -0.1409 0.7868 0.317 0.5292 0.0203 0.6144 -0.1352 -0.7436 -0.2267 0.6149 -0.3671 -0.6061 -0.3462 0.9265 0.0452 0.3723 -0.0309
0.8154 -0.0068 -0.5555 -0.1625 -0.0148 -0.2556 -0.8472 0.4655 0.7035 -0.2415 -0.6682 -0.0187 0.8087 0.0249 -0.5845 0.0619 0.6646 -0.2459 -0.6976 -0.1056 0.7632 0.1985 -0.5985 -0.1409 0.7868 0.317 0.5292 0.0203 0.6144 -0.1352 -0.7436 -0.2267 0.6149 -0.3671 -0.6061 -0.3462 0.9265 0.0452 0.3723 -0.0309
0.8154 -0.0068 -0.5555 -0.1625 -0.0148 -0.2556 -0.8472 0.4655 0.7035 -0.2415 -0.6682 -0.0187 0.8087 0.0249 -0.5845 0.0619 0.6646 -0.2459 -0.6976 -0.1056 0.7632 0.1985 -0.5985 -0.1409 0.7868 0.317 0.5292 0.0203 0.6144 -0.1352 -0.7436 -0.2267 0.6149 -0.3671 -0.6061 -0.3462 0.9265 0.0452 0.3723 -0.0309
0.8154 -0.0068 -0.5555 -0.1625 -0.0148 -0.2556 -0.8472 0.4655 0.7035 -0.2415 -0.6682 -0.0187 0.8087 0.0249 -0.5845 0.0619 0.6646 -0.2459 -0.6976 -0.1056 0.7991 0.2112 -0.5425 -0.1498 0.7868 0.317 0.5292 0.0203 0.6144 -0.1352 -0.7436 -0.2267 0.6149 -0.3671 -0.6061 -0.3462 0.9265 0.0452 0.3723 -0.0309
0.8154 -0.0068 -0.5555 -0.1625 -0.0148 -0.2556 -0.8472 0.4655 0.7035 -0.2415 -0.6682 -0.0187 0.8087 0.0249 -0.5845 0.0619 0.6646 -0.2459 -0.6976 -0.1056 0.7991 0.2112 -0.5425 -0.1498 0.7868 0.317 0.5292 0.0203 0.6144 -0.1352 -0.7436 -0.2267 0.6149 -0.3671 -0.6061 -0.3462 0.9265 0.0452 0.3723 -0.0309
0.8154 -0.0068 -0.5555 -0.1625 -0.0148 -0.2556 -0.8472 0.4655 0.7035 -0.2415 -0.6682 -0.0187 0.8087 0.0249 -0.5845 0.0619 0.6646 -0.2459 -0.6976 -0.1056 0.7991 0.2112 -0.5425 -0.1498 0.7868 0.317 0.5292 0.0203 0.6144 -0.1352 -0.7436 -0.2267 0.6149 -0.3671 -0.6061 -0.3462 0.9265 0.0452 0.3723 -0.0309
0.8046 -0.0526 -0.5527 -0.2106 -0.0148 -0.2556 -0.8472 0.4655 0.7054 -0.2713 -0.6494 -0.084 0.8087 0.0249 -0.5845 0.0619 0.6646 -0.2459 -0.6976 -0.1056 0.7991 0.2112 -0.5425 -0.1498 0.8522 0.1744 0.4863 -0.083 0.6188 -0.1315 -0.7581 -0.1586 0.6271 -0.3772 -0.6093 -0.3053 0.9265 0.0452 0.3723 -0.0309
0.8046 -0.0526 -0.5527 -0.2106 -0.0148 -0.2556 -0.8472 0.4655 0.7054 -0.2713 -0.6494 -0.084 0.8087 0.0249 -0.5845 0.0619 0.6646 -0.2459 -0.6976 -0.1056 0.7991 0.2112 -0.5425 -0.1498 0.8522 0.1744 0.4863 -0.083 0.6188 -0.1315 -0.7581 -0.1586 0.6271 -0.3772 -0.6093 -0.3053 0.9265 0.0452 0.3723 -0.0309
0.8046 -0.0526 -0.5527 -0.2106 -0.0148 -0.2556 -0.8472 0.4655 0.7054 -0.2713 -0.6494 -0.084 0.808 0.0148 -0.5889 -0.0083 0.6646 -0.2459 -0.6976 -0.1056 0.7991 0.2112 -0.5425 -0.1498 0.8522 0.1744 0.4863 -0.083 0.6188 -0.1315 -0.7581 -0.1586 0.6271 -0.3772 -0.6093 -0.3053 0.9265 0.0452 0.3723 -0.0309
0.8046 -0.0526 -0.5527 -0.2106 -0.0148 -0.2556 -0.8472 0.4655 0.7054 -0.2713 -0.6494 -0.084 0.808 0.0148 -0.5889 -0.0083 0.6646 -0.2459 -0.6976 -0.1056 0.7991 0.2112 -0.5425 -0.1498 0.8522 0.1744 0.4863 -0.083 0.6188 -0.1315 -0.7581 -0.1586 0.6271 -0.3772 -0.6093 -0.3053 0.9265 0.0452 0.3723 -0.0309
0.8046 -0.0526 -0.5527 -0.2106 -0.0148 -0.2556 -0.8472 0.4655 0.7054 -0.2713 -0.6494 -0.084 0.808 0.0148 -0.5889 -0.0083 0.6646 -0.2459 -0.6976 -0.1056 0.8558 0.0176 -0.5103 -0.0829 0.8522 0.1744 0.4863 -0.083 0.6188 -0.1315 -0.7581 -0.1586 0.6271 -0.3772 -0.6093 -0.3053 0.9265 0.0452 0.3723 -0.0309
0.8046 -0.0526 -0.5527 -0.2106 -0.0148 -0.2556 -0.8472 0.4655 0.7054 -0.2713 -0.6494 -0.084 0.808 0.0148 -0.5889 -0.0083 0.6646 -0.2459 -0.6976 -0.1056 0.8558 0.0176 -0.5103 -0.0829 0.8522 0.1744 0.4863 -0.083 0.6188 -0.1315 -0.7581 -0.1586 0.6271 -0.3772 -0.6093 -0.3053 0.9265 0.0452 0.3723 -0.0309
0.8046 -0.0526 -0.5527 -0.2106 -0.0148 -0.2556 -0.8472 0.4655 0.7054 -0.2713 -0.6494 -0.084 0.808 0.0148 -0.5889 -0.0083 0.6646 -0.2459 -0.6976 -0.1056 0.8558 0.0176 -0.5103 -0.0829 0.8522 0.1744 0.4863 -0.083 0.6188 -0.1315 -0.7581 -0.1586 0.6271 -0.3772 -0.6093 -0.3053 0.9265 0.0452 0.3723 -0.0309
0.7933 -0.056 -0.5601 -0.2318 -0.0148 -0.2556 -0.8472 0.4655 0.7007 -0.2955 -0.6372 -0.125 0.808 0.0148 -0.5889 -0.0083 0.6646 -0.2459 -0.6976 -0.1056 0.8558 0.0176 -0.5103 -0.0829 0.8771 0.0325 0.4175 -0.2352 0.6177 -0.1523 -0.7586 -0.1403 0.6332 -0.3901 -0.6084 -0.2767 0.9265 0.0452 0.3723 -0.0309
0.7933 -0.056 -0.5601 -0.2318 -0.0148 -0.2556 -0.8472 0.4655 0.7007 -0.2955 -0.6372 -0.125 0.808 0.0148 -0.5889 -0.0083 0.6646 -0.2459 -0.6976 -0.1056 0.8558 0.0176 -0.5103 -0.0829 0.8771 0.0325 0.4175 -0.2352 0.6177 -0.1523 -0.7586 -0.1403 0.6332 -0.3901 -0.6084 -0.2767 0.9265 0.0452 0.3723 -0.0309
0.7933 -0.056 -0.5601 -0.2318 -0.0148 -0.2556 -0.8472 0.4655 0.7007 -0.2955 -0.6372 -0.125 0.7673 0.0453 -0.6354 -0.074 0.6646 -0.2459 -0.6976 -0.1056 0.8558 0.0176 -0.5103 -0.0829 0.8771 0.0325 0.4175 -0.2352 0.6177 -0.1523 -0.7586 -0.1403 0.6332 -0.3901 -0.6084 -0.2767 0.9203 0.04 0.3834 -0.066
0.7933 -0.056 -0.5601 -0.2318 -0.0148 -0.2556 -0.8472 0.4655 0.7007 -0.2955 -0.6372 -0.125 0.7673 0.0453 -0.6354 -0.074 0.6646 -0.2459 -0.6976 -0.1056 0.8558 0.0176 -0.5103 -0.0829 0.8771 0.0325 0.4175 -0.2352 0.6177 -0.1523 -0.7586 -0.1403 0.6332 -0.3901 -0.6084 -0.2767 0.9203 0.04 0.3834 -0.066
0.7933 -0.056 -0.5601 -0.2318 -0.0148 -0.2556 -0.8472 0.4655 0.7007 -0.2955 -0.6372 -0.125 0.7673 0.0453 -0.6354 -0.074 0.6646 -0.2459 -0.6976 -0.1056 0.8519 -0.0687 -0.519 0.0149 0.8771 0.0325 0.4175 -0.2352 0.6177 -0.1523 -0.7586 -0.1403 0.6332 -0.3901 -0.6084 -0.2767 0.9203 0.04 0.3834 -0.066
0.7933 -0.056 -0.5601 -0.2318 -0.0148 -0.2556 -0.8472 0.4655 0.7007 -0.2955 -0.6372 -0.125 0.7673 0.0453 -0.6354 -0.074 0.6646 -0.2459 -0.6976 -0.1056 0.8519 -0.0687 -0.519 0.0149 0.8771 0.0325 0.4175 -0.2352 0.6177 -0.1523 -0.7586 -0.1403 0.6332 -0.3901 -0.6084 -0.2767 0.9203 0.04 0.3834 -0.066
0.7933 -0.056 -0.5601 -0.2318 -0.0148 -0.2556 -0.8472 0.4655 0.7007 -0.2955 -0.6372 -0.125 0.7673 0.0453 -0.6354 -0.074 0.6646 -0.2459 -0.6976 -0.1056 0.8519 -0.0687 -0.519 0.0149 0.8771 0.0325 0.4175 -0.2352 0.6177 -0.1523 -0.7586 -0.1403 0.6332 -0.3901 -0.6084 -0.2767 0.9203 0.04 0.3834 -0.066
0.8028 -0.0605 -0.5488 -0.225 -0.0148 -0.2556 -0.8472 0.4655 0.7007 -0.2955 -0.6372 -0.125 0.7673 0.0453 -0.6354 -0.074 0.6646 -0.2459 -0.6976 -0.1056 0.8519 -0.0687 -0.519 0.0149 0.89 0.0666 0.4108 -0.186 0.6137 -0.1813 -0.7541 -0.1478 0.6312 -0.4094 -0.6009 -0.2701 0.9203 0.04 0.3834 -0.066
0.8028 -0.0605 -0.5488 -0.225 -0.0148 -0.2556 -0.8472 0.4655 0.7007 -0.2955 -0.6372 -0.125 0.7318 0.0825 -0.6682 -0.106 0.6646 -0.2459 -0.6976 -0.1056 0.8519 -0.0687 -0.519 0.0149 0.89 0.0666 0.4108 -0.186 0.6137 -0.1813 -0.7541 -0.1478 0.6312 -0.4094 -0.6009 -0.2701 0.9203 0.04 0.3834 -0.066
0.8028 -0.0605 -0.5488 -0.225 0.059 -0.3651 -0.7899 0.4893 0.7007 -0.2955 -0.6372 -0.125 0.7318 0.0825 -0.6682 -0.106 0.6646 -0.2459 -0.6976 -0.1056 0.8519 -0.0687 -0.519 0.0149 0.89 0.0666 0.4108 -0.186 0.6137 -0.1813 -0.7541 -0.1478 0.6312 -0.4094 -0.6009 -0.2701 0.9203 0.04 0.3834 -0.066
0.8028 -0.0605 -0.5488 -0.225 0.059 -0.3651 -0.7899 0.4893 0.7007 -0.2955 -0.6372 -0.125 0.7318 0.0825 -0.6682 -0.106 0.6646 -0.2459 -0.6976 -0.1056 0.8519 -0.0687 -0.519 0.0149 0.89 0.0666 0.4108 -0.186 0.6137 -0.1813 -0.7541 -0.1478 0.6312 -0.4094 -0.6009 -0.2701 0.9203 0.04 0.3834 -0.066
0.8028 -0.0605 -0.5488 -0.225 0.059 -0.3651 -0.7899 0.4893 0.7007 -0.2955 -0.6372 -0.125 0.7318 0.0825 -0.6682 -0.106 0.6646 -0.2459 -0.6976 -0.1056 0.8235 -0.0814 -0.5565 0.0742 0.89 0.0666 0.4108 -0.186 0.6137 -0.1813 -0.7541 -0.1478 0.6312 -0.4094 -0.6009 -0.2701 0.9203 0.04 0.3834 -0.066
0.8028 -0.0605 -0.5488 -0.225 0.059 -0.3651 -0.7899 0.4893 0.7007 -0.2955 -0.6372 -0.125 0.7318 0.0825 -0.6682 -0.106 0.6646 -0.2459 -0.6976 -0.1056 0.8235 -0.0814 -0.5565 0.0742 0.89 0.0666 0.4108 -0.186 0.6137 -0.1813 -0.7541 -0.1478 0.6312 -0.4094 -0.6009 -0.2701 0.9203 0.04 0.3834 -0.066
0.8028 -0.0605 -0.5488 -0.225 0.059 -0.3651 -0.7899 0.4893 0.7007 -0.2955 -0.6372 -0.125 0.7318 0.0825 -0.6682 -0.106 0.6646 -0.2459 -0.6976 -0.1056 0.8235 -0.0814 -0.5565 0.0742 0.89 0.0666 0.4108 -0.186 0.6137 -0.1813 -0.7541 -0.1478 0.6312 -0.4094 -0.6009 -0.2701 0.9203 0.04 0.3834 -0.066
0.8057 -0.0526 -0.5448 -0.2263 0.059 -0.3651 -0.7899 0.4893 0.7007 -0.2955 -0.6372 -0.125 0.7318 0.0825 -0.6682 -0.106 0.6646 -0.2459 -0.6976 -0.1056 0.8235 -0.0814 -0.5565 0.0742 0.9006 0.1152 0.4053 -0.1069 0.6137 -0.1813 -0.7541 -0.1478 0.6374 -0.4149 -0.5955 -0.2589 0.9203 0.04 0.3834 -0.066
0.8057 -0.0526 -0.5448 -0.2263 0.059 -0.3651 -0.7899 0.4893 0.7007 -0.2955 -0.6372 -0.125 0.7318 0.0825 -0.6682 -0.106 0.6646 -0.2459 -0.6976 -0.1056 0.8235 -0.0814 -0.5565 0.0742 0.9006 0.1152 0.4053 -0.1069 0.6137 -0.1813 -0.7541 -0.1478 0.6374 -0.4149 -0.5955 -0.2589 0.9203 0.04 0.3834 -0.066
0.8057 -0.0526 -0.5448 -0.2263 0.0611 -0.3636 -0.7927 0.4856 0.6851 -0.3172 -0.6293 -0.1842 0.702 0.0938 -0.6948 -0.1246 0.6646 -0.2459 -0.6976 -0.1056 0.8235 -0.0814 -0.5565 0.0742 0.9006 0.1152 0.4053 -0.1069 0.6208 -0.1848 -0.7521 -0.1215 0.6374 -0.4149 -0.5955 -0.2589 0.9205 0.0532 0.3848 -0.0403
0.8057 -0.0526 -0.5448 -0.2263 0.0611 -0.3636 -0.7927 0.4856 0.6851 -0.3172 -0.6293 -0.1842 0.702 0.0938 -0.6948 -0.1246 0.6646 -0.2459 -0.6976 -0.1056 0.8235 -0.0814 -0.5565 0.0742 0.9006 0.1152 0.4053 -0.1069 0.6208 -0.1848 -0.7521 -0.1215 0.6374 -0.4149 -0.5955 -0.2589 0.9205 0.0532 0.3848 -0.0403
0.8057 -0.0526 -0.5448 -0.2263 0.0611 -0.3636 -0.7927 0.4856 0.6851 -0.3172 -0.6293 -0.1842 0.702 0.0938 -0.6948 -0.1246 0.6646 -0.2459 -0.6976 -0.1056 0.7877 -0.078 -0.6033 0.0969 0.9006 0.1152 0.4053 -0.1069 0.6208 -0.1848 -0.7521 -0.1215 0.6374 -0.4149 -0.5955 -0.2589 0.9205 0.0532 0.3848 -0.0403
0.8057 -0.0526 -0.5448 -0.2263 0.0611 -0.3636 -0.7927 0.4856 0.6851 -0.3172 -0.6293 -0.1842 0.702 0.0938 -0.6948 -0.1246 0.6646 -0.2459 -0.6976 -0.1056 0.7877 -0.078 -0.6033 0.0969 0.9006 0.1152 0.4053 -0.1069 0.6208 -0.1848 -0.7521 -0.1215 0.6374 -0.4149 -0.5955 -0.2589 0.9205 0.0532 0.3848 -0.0403
0.8057 -0.0526 -0.5448 -0.2263 0.0611 -0.3636 -0.7927 0.4856 0.6851 -0.3172 -0.6293 -0.1842 0.702 0.0938 -0.6948 -0.1246 0.6646 -0.2459 -0.6976 -0.1056 0.7877 -0.078 -0.6033 0.0969 0.9006 0.1152 0.4053 -0.1069 0.6208 -0.1848 -0.7521 -0.1215 0.6374 -0.4149 -0.5955 -0.2589 0.9205 0.0532 0.3848 -0.0403
0.8057 -0.0526 -0.5448 -0.2263 0.0611 -0.3636 -0.7927 0.4856 0.6851 -0.3172 -0.6293 -0.1842 0.702 0.0938 -0.6948 -0.1246 0.6646 -0.2459 -0.6976 -0.1056 0.7877 -0.078 -0.6033 0.0969 0.9006 0.1152 0.4053 -0.1069 0.6299 -0.1776 -0.7507 -0.09 0.6374 -0.4149 -0.5955 -0.2589 0.9205 0.0532 0.3848 -0.0403
0.8057 -0.0526 -0.5448 -0.2263 0.0611 -0.3636 -0.7927 0.4856 0.6851 -0.3172 -0.6293 -0.1842 0.702 0.0938 -0.6948 -0.1246 0.6646 -0.2459 -0.6976 -0.1056 0.7877 -0.078 -0.6033 0.0969 0.9006 0.1152 0.4053 -0.1069 0.6299 -0.1776 -0.7507 -0.09 0.6374 -0.4149 -0.5955 -0.2589 0.9205 0.0532 0.3848 -0.0403
0.8057 -0.0526 -0.5448 -0.2263 0.0611 -0.3636 -0.7927 0.4856 0.6799 -0.3067 -0.6393 -0.1868 0.6809 0.1093 -0.7146 -0.1174 0.7847 -0.2706 -0.5572 -0.0214 0.7877 -0.078 -0.6033 0.0969 0.9006 0.1152 0.4053 -0.1069 0.6299 -0.1776 -0.7507 -0.09 0.6374 -0.4149 -0.5955 -0.2589 0.9167 0.0563 0.3934 -0.0399
0.8057 -0.0526 -0.5448 -0.2263 0.0611 -0.3636 -0.7927 0.4856 0.6799 -0.3067 -0.6393 -0.1868 0.6809 0.1093 -0.7146 -0.1174 0.7847 -0.2706 -0.5572 -0.0214 0.7877 -0.078 -0.6033 0.0969 0.9006 0.1152 0.4053 -0.1069 0.6299 -0.1776 -0.7507 -0.09 0.6374 -0.4149 -0.5955 -0.2589 0.9167 0.0563 0.3934 -0.0399
0.8057 -0.0526 -0.5448 -0.2263 0.0611 -0.3636 -0.7927 0.4856 0.6799 -0.3067 -0.6393 -0.1868 0.6809 0.1093 -0.7146 -0.1174 0.7847 -0.2706 -0.5572 -0.0214 0.7599 -0.04 -0.64 0.1063 0.9006 0.1152 0.4053 -0.1069 0.6299 -0.1776 -0.7507 -0.09 0.6374 -0.4149 -0.5955 -0.2589 0.9167 0.0563 0.3934 -0.0399
0.8057 -0.0526 -0.5448 -0.2263 0.0611 -0.3636 -0.7927 0.4856 0.6799 -0.3067 -0.6393 -0.1868 0.6809 0.1093 -0.7146 -0.1174 0.7847 -0.2706 -0.5572 -0.0214 0.7599 -0.04 -0.64 0.1063 0.9006 0.1152 0.4053 -0.1069 0.6299 -0.1776 -0.7507 -0.09 0.6374 -0.4149 -0.5955 -0.2589 0.9167 0.0563 0.3934 -0.0399
0.8057 -0.0526 -0.5448 -0.2263 0.0611 -0.3636 -0.7927 0.4856 0.6799 -0.3067 -0.6393 -0.1868 0.6809 0.1093 -0.7146 -0.1174 0.7847 -0.2706 -0.5572 -0.0214 0.7599 -0.04 -0.64 0.1063 0.9006 0.1152 0.4053 -0.1069 0.6299 -0.1776 -0.7507 -0.09 0.6374 -0.4149 -0.5955 -0.2589 0.9167 0.0563 0.3934 -0.0399
0.8012 -0.0419 -0.5575 -0.2132 0.0611 -0.3636 -0.7927 0.4856 0.6749 -0.2974 -0.6475 -0.192 0.6809 0.1093 -0.7146 -0.1174 0.7847 -0.2706 -0.5572 -0.0214 0.7599 -0.04 -0.64 0.1063 0.8856 0.2028 0.4177 0.0111 0.637 -0.176 -0.7459 -0.0823 0.6633 -0.4435 -0.5629 -0.2158 0.9167 0.0563 0.3934 -0.0399
0.8012 -0.0419 -0.5575 -0.2132 0.0611 -0.3636 -0.7927 0.4856 0.6749 -0.2974 -0.6475 -0.192 0.6809 0.1093 -0.7146 -0.1174 0.7847 -0.2706 -0.5572 -0.0214 0.7599 -0.04 -0.64 0.1063 0.8856 0.2028 0.4177 0.0111 0.637 -0.176 -0.7459 -0.0823 0.6633 -0.4435 -0.5629 -0.2158 0.9069 0.0624 0.4149 -0.0401
0.8012 -0.0419 -0.5575 -0.2132 0.0611 -0.3636 -0.7927 0.4856 0.6749 -0.2974 -0.6475 -0.192 0.6766 0.114 -0.7197 -0.1065 0.7847 -0.2706 -0.5572 -0.0214 0.7599 -0.04 -0.64 0.1063 0.8856 0.2028 0.4177 0.0111 0.637 -0.176 -0.7459 -0.0823 0.6633 -0.4435 -0.5629 -0.2158 0.9069 0.0624 0.4149 -0.0401
0.8012 -0.0419 -0.5575 -0.2132 0.0611 -0.3636 -0.7927 0.4856 0.6749 -0.2974 -0.6475 -0.192 0.6766 0.114 -0.7197 -0.1065 0.7847 -0.2706 -0.5572 -0.0214 0.7599 -0.04 -0.64 0.1063 0.8856 0.2028 0.4177 0.0111 0.637 -0.176 -0.7459 -0.0823 0.6633 -0.4435 -0.5629 -0.2158 0.9069 0.0624 0.4149 -0.0401
0.8012 -0.0419 -0.5575 -0.2132 0.0611 -0.3636 -0.7927 0.4856 0.6749 -0.2974 -0.6475 -0.192 0.6766 0.114 -0.7197 -0.1065 0.7847 -0.2706 -0.5572 -0.0214 0.7599 -0.04 -0.64 0.1063 0.8856 0.2028 0.4177 0.0111 0.637 -0.176 -0.7459 -0.0823 0.6633 -0.4435 -0.5629 -0.2158 0.9069 0.0624 0.4149 -0.0401
0.8012 -0.0419 -0.5575 -0.2132 0.0611 -0.3636 -0.7927 0.4856 0.6749 -0.2974 -0.6475 -0.192 0.6766 0.114 -0.7197 -0.1065 0.7847 -0.2706 -0.5572 -0.0214 0.7458 0.0094 -0.6556 0.1174 0.8856 0.2028 0.4177 0.0111 0.637 -0.176 -0.7459 -0.0823 0.6633 -0.4435 -0.5629 -0.2158 0.9069 0.0624 0.4149 -0.0401
0.8012 -0.0419 -0.5575 -0.2132 0.0611 -0.3636 -0.7927 0.4856 0.6749 -0.2974 -0.6475 -0.192 0.6766 0.114 -0.7197 -0.1065 0.7847 -0.2706 -0.5572 -0.0214 0.7458 0.0094 -0.6556 0.1174 0.8856 0.2028 0.4177 0.0111 0.637 -0.176 -0.7459 -0.0823 0.6633 -0.4435 -0.5629 -0.2158 0.9069 0.0624 0.4149 -0.0401
0.8054 -0.0276 -0.5614 -0.1884 0.0611 -0.3636 -0.7927 0.4856 0.6783 -0.2855 -0.6545 -0.173 0.6766 0.114 -0.7197 -0.1065 0.7847 -0.2706 -0.5572 -0.0214 0.7458 0.0094 -0.6556 0.1174 0.8879 0.1953 0.4149 0.0355 0.6526 -0.1783 -0.7341 -0.0583 0.6791 -0.4536 -0.5449 -0.1904 0.9069 0.0624 0.4149 -0.0401
0.8054 -0.0276 -0.5614 -0.1884 0.0611 -0.3636 -0.7927 0.4856 0.6783 -0.2855 -0.6545 -0.173 0.6766 0.114 -0.7197 -0.1065 0.7847 -0.2706 -0.5572 -0.0214 0.7458 0.0094 -0.6556 0.1174 0.8879 0.1953 0.4149 0.0355 0.6526 -0.1783 -0.7341 -0.0583 0.6791 -0.4536 -0.5449 -0.1904 0.9069 0.0624 0.4149 -0.0401
0.8054 -0.0276 -0.5614 -0.1884 0.032 -0.32 -0.8184 0.4763 0.6783 -0.2855 -0.6545 -0.173 0.6951 0.1118 -0.7059 -0.0784 0.7847 -0.2706 -0.5572 -0.0214 0.7458 0.0094 -0.6556 0.1174 0.8879 0.1953 0.4149 0.0355 0.6526 -0.1783 -0.7341 -0.0583 0.6791 -0.4536 -0.5449 -0.1904 0.8816 0.0556 0.4655 -0.0551
0.8054 -0.0276 -0.5614 -0.1884 0.032 -0.32 -0.8184 0.4763 0.6783 -0.2855 -0.6545 -0.173 0.6951 0.1118 -0.7059 -0.0784 0.7847 -0.2706 -0.5572 -0.0214 0.7458 0.0094 -0.6556 0.1174 0.8879 0.1953 0.4149 0.0355 0.6526 -0.1783 -0.7341 -0.0583 0.6791 -0.4536 -0.5449 -0.1904 0.8816 0.0556 0.4655 -0.0551
0.8054 -0.0276 -0.5614 -0.1884 0.032 -0.32 -0.8184 0.4763 0.6783 -0.2855 -0.6545 -0.173 0.6951 0.1118 -0.7059 -0.0784 0.7847 -0.2706 -0.5572 -0.0214 0.7402 0.093 -0.6605 0.0848 0.8879 0.1953 0.4149 0.0355 0.6526 -0.1783 -0.7341 -0.0583 0.6791 -0.4536 -0.5449 -0.1904 0.8816 0.0556 0.4655 -0.0551
0.8054 -0.0276 -0.5614 -0.1884 0.032 -0.32 -0.8184 0.4763 0.6783 -0.2855 -0.6545 -0.173 0.6951 0.1118 -0.7059 -0.0784 0.7847 -0.2706 -0.5572 -0.0214 0.7402 0.093 -0.6605 0.0848 0.9213 0.1298 0.3663 0.0154 0.6526 -0.1783 -0.7341 -0.0583 0.6791 -0.4536 -0.5449 -0.1904 0.8816 0.0556 0.4655 -0.0551
0.8054 -0.0276 -0.5614 -0.1884 0.032 -0.32 -0.8184 0.4763 0.6783 -0.2855 -0.6545 -0.173 0.6951 0.1118 -0.7059 -0.0784 0.7847 -0.2706 -0.5572 -0.0214 0.7402 0.093 -0.6605 0.0848 0.9213 0.1298 0.3663 0.0154 0.6526 -0.1783 -0.7341 -0.0583 0.6791 -0.4536 -0.5449 -0.1904 0.8816 0.0556 0.4655 -0.0551
0.8054 -0.0276 -0.5614 -0.1884 0.032 -0.32 -0.8184 0.4763 0.6783 -0.2855 -0.6545 -0.173 0.6951 0.1118 -0.7059 -0.0784 0.7847 -0.2706 -0.5572 -0.0214 0.7402 0.093 -0.6605 0.0848 0.9213 0.1298 0.3663 0.0154 0.6526 -0.1783 -0.7341 -0.0583 0.6791 -0.4536 -0.5449 -0.1904 0.8816 0.0556 0.4655 -0.0551
0.8073 -0.0233 -0.5638 -0.1727 0.0225 -0.3121 -0.8208 0.4779 0.6976 -0.2556 -0.6572 -0.1269 0.7325 0.1089 -0.6713 -0.0319 0.7847 -0.2706 -0.5572 -0.0214 0.7402 0.093 -0.6605 0.0848 0.9213 0.1298 0.3663 0.0154 0.6679 -0.1743 -0.7214 -0.0554 0.7001 -0.4766 -0.5084 -0.1559 0.8049 0.0688 0.5855 -0.0679
0.8073 -0.0233 -0.5638 -0.1727 0.0225 -0.3121 -0.8208 0.4779 0.6976 -0.2556 -0.6572 -0.1269 0.7325 0.1089 -0.6713 -0.0319 0.7847 -0.2706 -0.5572 -0.0214 0.7402 0.093 -0.6605 0.0848 0.9213 0.1298 0.3663 0.0154 0.6679 -0.1743 -0.7214 -0.0554 0.7001 -0.4766 -0.5084 -0.1559 0.8049 0.0688 0.5855 -0.0679
0.8073 -0.0233 -0.5638 -0.1727 0.0225 -0.3121 -0.8208 0.4779 0.6976 -0.2556 -0.6572 -0.1269 0.7325 0.1089 -0.6713 -0.0319 0.7847 -0.2706 -0.5572 -0.0214 0.7402 0.093 -0.6605 0.0848 0.9213 0.1298 0.3663 0.0154 0.6679 -0.1743 -0.7214 -0.0554 0.7001 -0.4766 -0.5084 -0.1559 0.8049 0.0688 0.5855 -0.0679
0.8073 -0.0233 -0.5638 -0.1727 0.0225 -0.3121 -0.8208 0.4779 0.6976 -0.2556 -0.6572 -0.1269 0.7325 0.1089 -0.6713 -0.0319 0.7847 -0.2706 -0.5572 -0.0214 0.7408 0.1616 -0.6505 0.0427 0.9213 0.1298 0.3663 0.0154 0.6679 -0.1743 -0.7214 -0.0554 0.7001 -0.4766 -0.5084 -0.1559 0.8049 0.0688 0.5855 -0.0679
0.8073 -0.0233 -0.5638 -0.1727 0.0225 -0.3121 -0.8208 0.4779 0.6976 -0.2556 -0.6572 -0.1269 0.7325 0.1089 -0.6713 -0.0319 0.7847 -0.2706 -0.5572 -0.0214 0.7408 0.1616 -0.6505 0.0427 0.9143 0.1313 0.3826 0.0184 0.6679 -0.1743 -0.7214 -0.0554 0.7001 -0.4766 -0.5084 -0.1559 0.8049 0.0688 0.5855 -0.0679
0.8073 -0.0233 -0.5638 -0.1727 0.0225 -0.3121 -0.8208 0.4779 0.6976 -0.2556 -0.6572 -0.1269 0.7325 0.1089 -0.6713 -0.0319 0.7847 -0.2706 -0.5572 -0.0214 0.7408 0.1616 -0.6505 0.0427 0.9143 0.1313 0.3826 0.0184 0.6679 -0.1743 -0.7214 -0.0554 0.7001 -0.4766 -0.5084 -0.1559 0.8049 0.0688 0.5855 -0.0679
0.8124 -0.0133 -0.5616 -0.1562 0.0225 -0.3121 -0.8208 0.4779 0.7141 -0.2356 -0.6522 -0.0953 0.7325 0.1089 -0.6713 -0.0319 0.7847 -0.2706 -0.5572 -0.0214 0.7408 0.1616 -0.6505 0.0427 0.9143 0.1313 0.3826 0.0184 0.694 -0.107 -0.7054 -0.0967 0.7375 -0.4762 -0.4749 -0.0618 0.6003 0.0874 0.7917 -0.0708
0.8124 -0.0133 -0.5616 -0.1562 0.0225 -0.3121 -0.8208 0.4779 0.7141 -0.2356 -0.6522 -0.0953 0.7325 0.1089 -0.6713 -0.0319 0.7847 -0.2706 -0.5572 -0.0214 0.7408 0.1616 -0.6505 0.0427 0.9143 0.1313 0.3826 0.0184 0.694 -0.107 -0.7054 -0.0967 0.7375 -0.4762 -0.4749 -0.0618 0.6003 0.0874 0.7917 -0.0708
0.8124 -0.0133 -0.5616 -0.1562 0.0225 -0.3121 -0.8208 0.4779 0.7141 -0.2356 -0.6522 -0.0953 0.7325 0.1089 -0.6713 -0.0319 0.7847 -0.2706 -0.5572 -0.0214 0.7408 0.1616 -0.6505 0.0427 0.9143 0.1313 0.3826 0.0184 0.694 -0.107 -0.7054 -0.0967 0.7375 -0.4762 -0.4749 -0.0618 0.6003 0.0874 0.7917 -0.0708
0.8124 -0.0133 -0.5616 -0.1562 0.0225 -0.3121 -0.8208 0.4779 0.7141 -0.2356 -0.6522 -0.0953 0.7325 0.1089 -0.6713 -0.0319 0.7847 -0.2706 -0.5572 -0.0214 0.7408 0.1616 -0.6505 0.0427 0.9143 0.1313 0.3826 0.0184 0.694 -0.107 -0.7054 -0.0967 0.7375 -0.4762 -0.4749 -0.0618 0.6003 0.0874 0.7917 -0.0708
0.8124 -0.0133 -0.5616 -0.1562 0.0225 -0.3121 -0.8208 0.4779 0.7141 -0.2356 -0.6522 -0.0953 0.7325 0.1089 -0.6713 -0.0319 0.7847 -0.2706 -0.5572 -0.0214 0.7336 0.1938 -0.6514 4.0E-4 0.9143 0.1313 0.3826 0.0184 0.694 -0.107 -0.7054 -0.0967 0.7375 -0.4762 -0.4749 -0.0618 0.6003 0.0874 0.7917 -0.0708
0.8124 -0.0133 -0.5616 -0.1562 0.0225 -0.3121 -0.8208 0.4779 0.7141 -0.2356 -0.6522 -0.0953 0.7325 0.1089 -0.6713 -0.0319 0.7847 -0.2706 -0.5572 -0.0214 0.7336 0.1938 -0.6514 4.0E-4 0.9066 0.1317 0.4006 0.0142 0.694 -0.107 -0.7054 -0.0967 0.7375 -0.4762 -0.4749 -0.0618 0.6003 0.0874 0.7917 -0.0708
0.8124 -0.0133 -0.5616 -0.1562 0.0225 -0.3121 -0.8208 0.4779 0.7141 -0.2356 -0.6522 -0.0953 0.7325 0.1089 -0.6713 -0.0319 0.7847 -0.2706 -0.5572 -0.0214 0.7336 0.1938 -0.6514 4.0E-4 0.9066 0.1317 0.4006 0.0142 0.694 -0.107 -0.7054 -0.0967 0.7375 -0.4762 -0.4749 -0.0618 0.6003 0.0874 0.7917 -0.0708
0.8124 -0.0133 -0.5616 -0.1562 0.0225 -0.3121 -0.8208 0.4779 0.7141 -0.2356 -0.6522 -0.0953 0.7325 0.1089 -0.6713 -0.0319 0.7847 -0.2706 -0.5572 -0.0214 0.7336 0.1938 -0.6514 4.0E-4 0.9066 0.1317 0.4006 0.0142 0.694 -0.107 -0.7054 -0.0967 0.7375 -0.4762 -0.4749 -0.0618 0.6003 0.0874 0.7917 -0.0708
0.8251 -0.0045 -0.548 -0.1373 0.0225 -0.3121 -0.8208 0.4779 0.7232 -0.2162 -0.6521 -0.0707 0.7325 0.1089 -0.6713 -0.0319 0.7847 -0.2706 -0.5572 -0.0214 0.7336 0.1938 -0.6514 4.0E-4 0.9066 0.1317 0.4006 0.0142 0.6971 -0.012 -0.7051 -0.1293 0.7601 -0.4427 -0.4753 0.0164 0.7198 0.0971 0.6835 0.0719
0.8251 -0.0045 -0.548 -0.1373 0.0225 -0.3121 -0.8208 0.4779 0.7232 -0.2162 -0.6521 -0.0707 0.7325 0.1089 -0.6713 -0.0319 0.7847 -0.2706 -0.5572 -0.0214 0.7336 0.1938 -0.6514 4.0E-4 0.9066 0.1317 0.4006 0.0142 0.6971 -0.012 -0.7051 -0.1293 0.7601 -0.4427 -0.4753 0.0164 0.7198 0.0971 0.6835 0.0719
0.8251 -0.0045 -0.548 -0.1373 0.0225 -0.3121 -0.8208 0.4779 0.7232 -0.2162 -0.6521 -0.0707 0.7325 0.1089 -0.6713 -0.0319 0.7847 -0.2706 -0.5572 -0.0214 0.7336 0.1938 -0.6514 4.0E-4 0.9066 0.1317 0.4006 0.0142 0.6971 -0.012 -0.7051 -0.1293 0.7601 -0.4427 -0.4753 0.0164 0.7198 0.0971 0.6835 0.0719
0.8251 -0.0045 -0.548 -0.1373 0.0225 -0.3121 -0.8208 0.4779 0.7232 -0.2162 -0.6521 -0.0707 0.7325 0.1089 -0.6713 -0.0319 0.7847 -0.2706 -0.5572 -0.0214 0.7336 0.1938 -0.6514 4.0E-4 0.9066 0.1317 0.4006 0.0142 0.6971 -0.012 -0.7051 -0.1293 0.7601 -0.4427 -0.4753 0.0164 0.7198 0.0971 0.6835 0.0719
0.8251 -0.0045 -0.548 -0.1373 0.0225 -0.3121 -0.8208 0.4779 0.7232 -0.2162 -0.6521 -0.0707 0.7325 0.1089 -0.6713 -0.0319 0.7847 -0.2706 -0.5572 -0.0214 0.7322 0.2186 -0.6448 -0.0192 0.9066 0.1317 0.4006 0.0142 0.6971 -0.012 -0.7051 -0.1293 0.7601 -0.4427 -0.4753 0.0164 0.7198 0.0971 0.6835 0.0719
0.8251 -0.0045 -0.548 -0.1373 0.0225 -0.3121 -0.8208 0.4779 0.7232 -0.2162 -0.6521 -0.0707 0.7325 0.1089 -0.6713 -0.0319 0.7847 -0.2706 -0.5572 -0.0214 0.7322 0.2186 -0.6448 -0.0192 0.8907 0.1379 0.433 0.0103 0.6971 -0.012 -0.7051 -0.1293 0.7601 -0.4427 -0.4753 0.0164 0.7198 0.0971 0.6835 0.0719
0.828 0.0048 -0.5478 -0.1198 0.0225 -0.3121 -0.8208 0.4779 0.7208 -0.1873 -0.666 -0.0412 0.7325 0.1089 -0.6713 -0.0319 0.7847 -0.2706 -0.5572 -0.0214 0.7322 0.2186 -0.6448 -0.0192 0.8907 0.1379 0.433 0.0103 0.6768 -0.0188 -0.7155 -0.1721 0.7051 -0.348 -0.5959 -0.163 0.7198 0.0971 0.6835 0.0719
0.828 0.0048 -0.5478 -0.1198 0.0225 -0.3121 -0.8208 0.4779 0.7208 -0.1873 -0.666 -0.0412 0.7325 0.1089 -0.6713 -0.0319 0.7847 -0.2706 -0.5572 -0.0214 0.7322 0.2186 -0.6448 -0.0192 0.8907 0.1379 0.433 0.0103 0.6768 -0.0188 -0.7155 -0.1721 0.7051 -0.348 -0.5959 -0.163 0.7198 0.0971 0.6835 0.0719
0.828 0.0048 -0.5478 -0.1198 0.004 -0.2569 -0.8294 0.4961 0.7208 -0.1873 -0.666 -0.0412 0.7465 0.1446 -0.6492 0.0223 0.7847 -0.2706 -0.5572 -0.0214 0.7322 0.2186 -0.6448 -0.0192 0.8907 0.1379 0.433 0.0103 0.6768 -0.0188 -0.7155 -0.1721 0.7051 -0.348 -0.5959 -0.163 0.9068 0.0592 0.4151 0.0432
0.828 0.0048 -0.5478 -0.1198 0.004 -0.2569 -0.8294 0.4961 0.7208 -0.1873 -0.666 -0.0412 0.7465 0.1446 -0.6492 0.0223 0.7847 -0.2706 -0.5572 -0.0214 0.7322 0.2186 -0.6448 -0.0192 0.8907 0.1379 0.433 0.0103 0.6768 -0.0188 -0.7155 -0.1721 0.7051 -0.348 -0.5959 -0.163 0.9068 0.0592 0.4151 0.0432
0.828 0.0048 -0.5478 -0.1198 0.004 -0.2569 -0.8294 0.4961 0.7208 -0.1873 -0.666 -0.0412 0.7465 0.1446 -0.6492 0.0223 0.7847 -0.2706 -0.5572 -0.0214 0.7392 0.2287 -0.6326 -0.0333 0.8907 0.1379 0.433 0.0103 0.6768 -0.0188 -0.7155 -0.1721 0.7051 -0.348 -0.5959 -0.163 0.9068 0.0592 0.4151 0.0432
0.828 0.0048 -0.5478 -0.1198 0.004 -0.2569 -0.8294 0.4961 0.7208 -0.1873 -0.666 -0.0412 0.7465 0.1446 -0.6492 0.0223 0.7847 -0.2706 -0.5572 -0.0214 0.7392 0.2287 -0.6326 -0.0333 0.8865 0.1325 0.4434 0.0037 0.6768 -0.0188 -0.7155 -0.1721 0.7051 -0.348 -0.5959 -0.163 0.9068 0.0592 0.4151 0.0432
0.828 0.0048 -0.5478 -0.1198 0.004 -0.2569 -0.8294 0.4961 0.7208 -0.1873 -0.666 -0.0412 0.7465 0.1446 -0.6492 0.0223 0.7847 -0.2706 -0.5572 -0.0214 0.7392 0.2287 -0.6326 -0.0333 0.8865 0.1325 0.4434 0.0037 0.6373 -0.0639 -0.7465 -0.1804 0.7051 -0.348 -0.5959 -0.163 0.9068 0.0592 0.4151 0.0432
0.828 0.0048 -0.5478 -0.1198 0.004 -0.2569 -0.8294 0.4961 0.7208 -0.1873 -0.666 -0.0412 0.7465 0.1446 -0.6492 0.0223 0.7847 -0.2706 -0.5572 -0.0214 0.7392 0.2287 -0.6326 -0.0333 0.8865 0.1325 0.4434 0.0037 0.6373 -0.0639 -0.7465 -0.1804 0.7051 -0.348 -0.5959 -0.163 0.9068 0.0592 0.4151 0.0432
0.828 0.0048 -0.5478 -0.1198 0.004 -0.2569 -0.8294 0.4961 0.7241 -0.174 -0.6667 -0.0294 0.7388 0.1509 -0.6569 0.0032 0.7847 -0.2706 -0.5572 -0.0214 0.7392 0.2287 -0.6326 -0.0333 0.8865 0.1325 0.4434 0.0037 0.6373 -0.0639 -0.7465 -0.1804 0.7051 -0.348 -0.5959 -0.163 0.9677 -0.0078 0.2512 0.0204
0.828 0.0048 -0.5478 -0.1198 0.004 -0.2569 -0.8294 0.4961 0.7241 -0.174 -0.6667 -0.0294 0.7388 0.1509 -0.6569 0.0032 0.6478 -0.2337 -0.7075 -0.1589 0.7392 0.2287 -0.6326 -0.0333 0.8865 0.1325 0.4434 0.0037 0.6373 -0.0639 -0.7465 -0.1804 0.7051 -0.348 -0.5959 -0.163 0.9677 -0.0078 0.2512 0.0204
0.828 0.0048 -0.5478 -0.1198 0.004 -0.2569 -0.8294 0.4961 0.7241 -0.174 -0.6667 -0.0294 0.7388 0.1509 -0.6569 0.0032 0.6478 -0.2337 -0.7075 -0.1589 0.7392 0.2287 -0.6326 -0.0333 0.8865 0.1325 0.4434 0.0037 0.6373 -0.0639 -0.7465 -0.1804 0.7051 -0.348 -0.5959 -0.163 0.9677 -0.0078 0.2512 0.0204
0.828 0.0048 -0.5478 -0.1198 0.004 -0.2569 -0.8294 0.4961 0.7241 -0.174 -0.6667 -0.0294 0.7388 0.1509 -0.6569 0.0032 0.6478 -0.2337 -0.7075 -0.1589 0.748 0.2413 -0.6149 -0.0642 0.8865 0.1325 0.4434 0.0037 0.6373 -0.0639 -0.7465 -0.1804 0.7051 -0.348 -0.5959 -0.163 0.9677 -0.0078 0.2512 0.0204
0.828 0.0048 -0.5478 -0.1198 0.004 -0.2569 -0.8294 0.4961 0.7241 -0.174 -0.6667 -0.0294 0.7388 0.1509 -0.6569 0.0032 0.6478 -0.2337 -0.7075 -0.1589 0.748 0.2413 -0.6149 -0.0642 0.8776 0.1376 0.4592 0.001 0.6373 -0.0639 -0.7465 -0.1804 0.7051 -0.348 -0.5959 -0.163 0.9677 -0.0078 0.2512 0.0204
0.828 0.0048 -0.5478 -0.1198 0.004 -0.2569 -0.8294 0.4961 0.7241 -0.174 -0.6667 -0.0294 0.7388 0.1509 -0.6569 0.0032 0.6478 -0.2337 -0.7075 -0.1589 0.748 0.2413 -0.6149 -0.0642 0.8776 0.1376 0.4592 0.001 0.6373 -0.0639 -0.7465 -0.1804 0.7051 -0.348 -0.5959 -0.163 0.9677 -0.0078 0.2512 0.0204
0.828 0.0048 -0.5478 -0.1198 0.004 -0.2569 -0.8294 0.4961 0.7241 -0.174 -0.6667 -0.0294 0.7388 0.1509 -0.6569 0.0032 0.6478 -0.2337 -0.7075 -0.1589 0.748 0.2413 -0.6149 -0.0642 0.8776 0.1376 0.4592 0.001 0.6373 -0.0639 -0.7465 -0.1804 0.7051 -0.348 -0.5959 -0.163 0.9677 -0.0078 0.2512 0.0204
0.847 -0.0029 -0.5227 -0.0961 0.004 -0.2569 -0.8294 0.4961 0.7308 -0.1692 -0.6599 -0.0428 0.7471 0.1348 -0.6507 0.0128 0.6478 -0.2337 -0.7075 -0.1589 0.748 0.2413 -0.6149 -0.0642 0.8776 0.1376 0.4592 0.001 0.6201 -0.0885 -0.7438 -0.2331 0.6105 -0.2849 -0.6469 -0.3574 0.9443 0.0559 0.3227 -0.0339
0.847 -0.0029 -0.5227 -0.0961 0.004 -0.2569 -0.8294 0.4961 0.7308 -0.1692 -0.6599 -0.0428 0.7471 0.1348 -0.6507 0.0128 0.6478 -0.2337 -0.7075 -0.1589 0.748 0.2413 -0.6149 -0.0642 0.8776 0.1376 0.4592 0.001 0.6201 -0.0885 -0.7438 -0.2331 0.6105 -0.2849 -0.6469 -0.3574 0.9443 0.0559 0.3227 -0.0339
0.847 -0.0029 -0.5227 -0.0961 0.004 -0.2569 -0.8294 0.4961 0.7308 -0.1692 -0.6599 -0.0428 0.7471 0.1348 -0.6507 0.0128 0.6478 -0.2337 -0.7075 -0.1589 0.748 0.2413 -0.6149 -0.0642 0.8776 0.1376 0.4592 0.001 0.6201 -0.0885 -0.7438 -0.2331 0.6105 -0.2849 -0.6469 -0.3574 0.9443 0.0559 0.3227 -0.0339
0.847 -0.0029 -0.5227 -0.0961 0.004 -0.2569 -0.8294 0.4961 0.7308 -0.1692 -0.6599 -0.0428 0.7471 0.1348 -0.6507 0.0128 0.6478 -0.2337 -0.7075 -0.1589 0.748 0.2413 -0.6149 -0.0642 0.8776 0.1376 0.4592 0.001 0.6201 -0.0885 -0.7438 -0.2331 0.6105 -0.2849 -0.6469 -0.3574 0.9443 0.0559 0.3227 -0.0339
0.847 -0.0029 -0.5227 -0.0961 0.004 -0.2569 -0.8294 0.4961 0.7308 -0.1692 -0.6599 -0.0428 0.7471 0.1348 -0.6507 0.0128 0.6478 -0.2337 -0.7075 -0.1589 0.7616 0.2325 -0.5771 -0.1812 0.7604 0.2849 0.5831 0.0223 0.6201 -0.0885 -0.7438 -0.2331 0.6105 -0.2849 -0.6469 -0.3574 0.9443 0.0559 0.3227 -0.0339
0.847 -0.0029 -0.5227 -0.0961 0.004 -0.2569 -0.8294 0.4961 0.7308 -0.1692 -0.6599 -0.0428 0.7471 0.1348 -0.6507 0.0128 0.6478 -0.2337 -0.7075 -0.1589 0.7616 0.2325 -0.5771 -0.1812 0.7604 0.2849 0.5831 0.0223 0.6201 -0.0885 -0.7438 -0.2331 0.6105 -0.2849 -0.6469 -0.3574 0.9443 0.0559 0.3227 -0.0339
0.8342 -0.0286 -0.5327 -0.1398 0.004 -0.2569 -0.8294 0.4961 0.7241 -0.2236 -0.6468 -0.0861 0.7471 0.1348 -0.6507 0.0128 0.6478 -0.2337 -0.7075 -0.1589 0.7616 0.2325 -0.5771 -0.1812 0.7604 0.2849 0.5831 0.0223 0.6191 -0.1192 -0.7468 -0.2118 0.606 -0.3467 -0.6281 -0.3436 0.9382 0.0549 0.3406 -0.0255
0.8342 -0.0286 -0.5327 -0.1398 0.004 -0.2569 -0.8294 0.4961 0.7241 -0.2236 -0.6468 -0.0861 0.7471 0.1348 -0.6507 0.0128 0.7152 -0.2932 -0.5941 -0.2226 0.7616 0.2325 -0.5771 -0.1812 0.7604 0.2849 0.5831 0.0223 0.6191 -0.1192 -0.7468 -0.2118 0.606 -0.3467 -0.6281 -0.3436 0.9382 0.0549 0.3406 -0.0255
0.8342 -0.0286 -0.5327 -0.1398 0.004 -0.2569 -0.8294 0.4961 0.7241 -0.2236 -0.6468 -0.0861 0.7471 0.1348 -0.6507 0.0128 0.7152 -0.2932 -0.5941 -0.2226 0.7616 0.2325 -0.5771 -0.1812 0.7604 0.2849 0.5831 0.0223 0.6191 -0.1192 -0.7468 -0.2118 0.606 -0.3467 -0.6281 -0.3436 0.9382 0.0549 0.3406 -0.0255
0.8342 -0.0286 -0.5327 -0.1398 0.004 -0.2569 -0.8294 0.4961 0.7241 -0.2236 -0.6468 -0.0861 0.7471 0.1348 -0.6507 0.0128 0.7152 -0.2932 -0.5941 -0.2226 0.7616 0.2325 -0.5771 -0.1812 0.7604 0.2849 0.5831 0.0223 0.6191 -0.1192 -0.7468 -0.2118 0.606 -0.3467 -0.6281 -0.3436 0.9382 0.0549 0.3406 -0.0255
0.8342 -0.0286 -0.5327 -0.1398 0.004 -0.2569 -0.8294 0.4961 0.7241 -0.2236 -0.6468 -0.0861 0.7471 0.1348 -0.6507 0.0128 0.7152 -0.2932 -0.5941 -0.2226 0.7994 0.2103 -0.5361 -0.1713 0.7604 0.2849 0.5831 0.0223 0.6191 -0.1192 -0.7468 -0.2118 0.606 -0.3467 -0.6281 -0.3436 0.9382 0.0549 0.3406 -0.0255
0.8342 -0.0286 -0.5327 -0.1398 0.004 -0.2569 -0.8294 0.4961 0.7241 -0.2236 -0.6468 -0.0861 0.7471 0.1348 -0.6507 0.0128 0.7152 -0.2932 -0.5941 -0.2226 0.7994 0.2103 -0.5361 -0.1713 0.8452 0.1435 0.5052 -0.0984 0.6191 -0.1192 -0.7468 -0.2118 0.606 -0.3467 -0.6281 -0.3436 0.9382 0.0549 0.3406 -0.0255
0.8326 -0.0662 -0.5192 -0.1813 0.004 -0.2569 -0.8294 0.4961 0.7241 -0.2236 -0.6468 -0.0861 0.7471 0.1348 -0.6507 0.0128 0.7152 -0.2932 -0.5941 -0.2226 0.7994 0.2103 -0.5361 -0.1713 0.8452 0.1435 0.5052 -0.0984 0.6191 -0.1192 -0.7468 -0.2118 0.606 -0.3467 -0.6281 -0.3436 0.9382 0.0549 0.3406 -0.0255
0.8326 -0.0662 -0.5192 -0.1813 0.004 -0.2569 -0.8294 0.4961 0.7381 -0.252 -0.6151 -0.1155 0.7471 0.1348 -0.6507 0.0128 0.7152 -0.2932 -0.5941 -0.2226 0.7994 0.2103 -0.5361 -0.1713 0.8452 0.1435 0.5052 -0.0984 0.6191 -0.1192 -0.7468 -0.2118 0.606 -0.3467 -0.6281 -0.3436 0.9382 0.0549 0.3406 -0.0255
0.8326 -0.0662 -0.5192 -0.1813 0.004 -0.2569 -0.8294 0.4961 0.7381 -0.252 -0.6151 -0.1155 0.7471 0.1348 -0.6507 0.0128 0.7152 -0.2932 -0.5941 -0.2226 0.7994 0.2103 -0.5361 -0.1713 0.8452 0.1435 0.5052 -0.0984 0.6191 -0.1192 -0.7468 -0.2118 0.606 -0.3467 -0.6281 -0.3436 0.9382 0.0549 0.3406 -0.0255
0.8326 -0.0662 -0.5192 -0.1813 0.004 -0.2569 -0.8294 0.4961 0.7381 -0.252 -0.6151 -0.1155 0.7899 0.0672 -0.6062 -0.0637 0.7646 -0.2852 -0.5342 -0.2206 0.7994 0.2103 -0.5361 -0.1713 0.8452 0.1435 0.5052 -0.0984 0.6191 -0.1192 -0.7468 -0.2118 0.606 -0.3467 -0.6281 -0.3436 0.9382 0.0753 0.3376 -0.0159
0.8326 -0.0662 -0.5192 -0.1813 0.004 -0.2569 -0.8294 0.4961 0.7381 -0.252 -0.6151 -0.1155 0.7899 0.0672 -0.6062 -0.0637 0.7646 -0.2852 -0.5342 -0.2206 0.7994 0.2103 -0.5361 -0.1713 0.8452 0.1435 0.5052 -0.0984 0.6191 -0.1192 -0.7468 -0.2118 0.606 -0.3467 -0.6281 -0.3436 0.9382 0.0753 0.3376 -0.0159
0.8326 -0.0662 -0.5192 -0.1813 0.004 -0.2569 -0.8294 0.4961 0.7381 -0.252 -0.6151 -0.1155 0.7899 0.0672 -0.6062 -0.0637 0.7646 -0.2852 -0.5342 -0.2206 0.8568 0.0266 -0.5146 -0.019 0.8452 0.1435 0.5052 -0.0984 0.6191 -0.1192 -0.7468 -0.2118 0.606 -0.3467 -0.6281 -0.3436 0.9382 0.0753 0.3376 -0.0159
0.8326 -0.0662 -0.5192 -0.1813 0.004 -0.2569 -0.8294 0.4961 0.7381 -0.252 -0.6151 -0.1155 0.7899 0.0672 -0.6062 -0.0637 0.7646 -0.2852 -0.5342 -0.2206 0.8568 0.0266 -0.5146 -0.019 0.8765 0.0287 0.4398 -0.1934 0.6191 -0.1192 -0.7468 -0.2118 0.606 -0.3467 -0.6281 -0.3436 0.9382 0.0753 0.3376 -0.0159
0.812 -0.082 -0.5272 -0.2366 0.004 -0.2569 -0.8294 0.4961 0.7381 -0.252 -0.6151 -0.1155 0.7899 0.0672 -0.6062 -0.0637 0.7646 -0.2852 -0.5342 -0.2206 0.8568 0.0266 -0.5146 -0.019 0.8765 0.0287 0.4398 -0.1934 0.6191 -0.1192 -0.7468 -0.2118 0.606 -0.3467 -0.6281 -0.3436 0.9382 0.0753 0.3376 -0.0159
0.812 -0.082 -0.5272 -0.2366 0.004 -0.2569 -0.8294 0.4961 0.7381 -0.252 -0.6151 -0.1155 0.7899 0.0672 -0.6062 -0.0637 0.7646 -0.2852 -0.5342 -0.2206 0.8568 0.0266 -0.5146 -0.019 0.8765 0.0287 0.4398 -0.1934 0.6191 -0.1192 -0.7468 -0.2118 0.606 -0.3467 -0.6281 -0.3436 0.9382 0.0753 0.3376 -0.0159
0.812 -0.082 -0.5272 -0.2366 0.004 -0.2569 -0.8294 0.4961 0.7348 -0.2983 -0.5887 -0.1562 0.7827 0.0694 -0.6078 -0.1149 0.7646 -0.2852 -0.5342 -0.2206 0.8568 0.0266 -0.5146 -0.019 0.8765 0.0287 0.4398 -0.1934 0.6191 -0.1192 -0.7468 -0.2118 0.606 -0.3467 -0.6281 -0.3436 0.9381 0.0831 0.3359 -0.0148
0.812 -0.082 -0.5272 -0.2366 0.004 -0.2569 -0.8294 0.4961 0.7348 -0.2983 -0.5887 -0.1562 0.7827 0.0694 -0.6078 -0.1149 0.7646 -0.2852 -0.5342 -0.2206 0.8568 0.0266 -0.5146 -0.019 0.8765 0.0287 0.4398 -0.1934 0.6191 -0.1192 -0.7468 -0.2118 0.606 -0.3467 -0.6281 -0.3436 0.9381 0.0831 0.3359 -0.0148
0.812 -0.082 -0.5272 -0.2366 0.004 -0.2569 -0.8294 0.4961 0.7348 -0.2983 -0.5887 -0.1562 0.7827 0.0694 -0.6078 -0.1149 0.7646 -0.2852 -0.5342 -0.2206 0.8568 0.0266 -0.5146 -0.019 0.8765 0.0287 0.4398 -0.1934 0.6191 -0.1192 -0.7468 -0.2118 0.606 -0.3467 -0.6281 -0.3436 0.9381 0.0831 0.3359 -0.0148
0.812 -0.082 -0.5272 -0.2366 0.004 -0.2569 -0.8294 0.4961 0.7348 -0.2983 -0.5887 -0.1562 0.7827 0.0694 -0.6078 -0.1149 0.7646 -0.2852 -0.5342 -0.2206 0.8316 -0.122 -0.5372 0.0708 0.8765 0.0287 0.4398 -0.1934 0.6191 -0.1192 -0.7468 -0.2118 0.606 -0.3467 -0.6281 -0.3436 0.9381 0.0831 0.3359 -0.0148
0.812 -0.082 -0.5272 -0.2366 0.004 -0.2569 -0.8294 0.4961 0.7348 -0.2983 -0.5887 -0.1562 0.7827 0.0694 -0.6078 -0.1149 0.7646 -0.2852 -0.5342 -0.2206 0.8316 -0.122 -0.5372 0.0708 0.9012 0.1249 0.3726 -0.1827 0.6191 -0.1192 -0.7468 -0.2118 0.606 -0.3467 -0.6281 -0.3436 0.9381 0.0831 0.3359 -0.0148
0.7881 -0.086 -0.5439 -0.275 0.004 -0.2569 -0.8294 0.4961 0.7348 -0.2983 -0.5887 -0.1562 0.7827 0.0694 -0.6078 -0.1149 0.7646 -0.2852 -0.5342 -0.2206 0.8316 -0.122 -0.5372 0.0708 0.9012 0.1249 0.3726 -0.1827 0.6191 -0.1192 -0.7468 -0.2118 0.606 -0.3467 -0.6281 -0.3436 0.9381 0.0831 0.3359 -0.0148
0.7881 -0.086 -0.5439 -0.275 0.004 -0.2569 -0.8294 0.4961 0.7348 -0.2983 -0.5887 -0.1562 0.7827 0.0694 -0.6078 -0.1149 0.7646 -0.2852 -0.5342 -0.2206 0.8316 -0.122 -0.5372 0.0708 0.9012 0.1249 0.3726 -0.1827 0.5919 -0.1884 -0.76 -0.1912 0.606 -0.3467 -0.6281 -0.3436 0.9381 0.0831 0.3359 -0.0148
0.7881 -0.086 -0.5439 -0.275 0.004 -0.2569 -0.8294 0.4961 0.7348 -0.2983 -0.5887 -0.1562 0.7827 0.0694 -0.6078 -0.1149 0.7646 -0.2852 -0.5342 -0.2206 0.8316 -0.122 -0.5372 0.0708 0.9012 0.1249 0.3726 -0.1827 0.5919 -0.1884 -0.76 -0.1912 0.606 -0.3467 -0.6281 -0.3436 0.9381 0.0831 0.3359 -0.0148
0.7881 -0.086 -0.5439 -0.275 0.004 -0.2569 -0.8294 0.4961 0.7348 -0.2983 -0.5887 -0.1562 0.7827 0.0694 -0.6078 -0.1149 0.8098 -0.3366 -0.4652 -0.1204 0.8316 -0.122 -0.5372 0.0708 0.9012 0.1249 0.3726 -0.1827 0.5919 -0.1884 -0.76 -0.1912 0.606 -0.3467 -0.6281 -0.3436 0.9381 0.0831 0.3359 -0.0148
0.7881 -0.086 -0.5439 -0.275 0.004 -0.2569 -0.8294 0.4961 0.7348 -0.2983 -0.5887 -0.1562 0.7827 0.0694 -0.6078 -0.1149 0.8098 -0.3366 -0.4652 -0.1204 0.8316 -0.122 -0.5372 0.0708 0.9012 0.1249 0.3726 -0.1827 0.5919 -0.1884 -0.76 -0.1912 0.606 -0.3467 -0.6281 -0.3436 0.9381 0.0831 0.3359 -0.0148
0.7881 -0.086 -0.5439 -0.275 0.004 -0.2569 -0.8294 0.4961 0.7348 -0.2983 -0.5887 -0.1562 0.7827 0.0694 -0.6078 -0.1149 0.8098 -0.3366 -0.4652 -0.1204 0.7839 -0.1808 -0.5839 0.1084 0.9012 0.1249 0.3726 -0.1827 0.5919 -0.1884 -0.76 -0.1912 0.606 -0.3467 -0.6281 -0.3436 0.9381 0.0831 0.3359 -0.0148
0.7881 -0.086 -0.5439 -0.275 0.004 -0.2569 -0.8294 0.4961 0.7348 -0.2983 -0.5887 -0.1562 0.7827 0.0694 -0.6078 -0.1149 0.8098 -0.3366 -0.4652 -0.1204 0.7839 -0.1808 -0.5839 0.1084 0.9012 0.1249 0.3726 -0.1827 0.5919 -0.1884 -0.76 -0.1912 0.606 -0.3467 -0.6281 -0.3436 0.9381 0.0831 0.3359 -0.0148
0.7836 -0.0864 -0.5472 -0.2813 0.004 -0.2569 -0.8294 0.4961 0.7348 -0.2983 -0.5887 -0.1562 0.7827 0.0694 -0.6078 -0.1149 0.8098 -0.3366 -0.4652 -0.1204 0.7839 -0.1808 -0.5839 0.1084 0.9095 0.1685 0.3499 -0.148 0.5919 -0.1884 -0.76 -0.1912 0.606 -0.3467 -0.6281 -0.3436 0.9381 0.0831 0.3359 -0.0148
0.7836 -0.0864 -0.5472 -0.2813 0.004 -0.2569 -0.8294 0.4961 0.7348 -0.2983 -0.5887 -0.1562 0.7827 0.0694 -0.6078 -0.1149 0.8098 -0.3366 -0.4652 -0.1204 0.7839 -0.1808 -0.5839 0.1084 0.9095 0.1685 0.3499 -0.148 0.5919 -0.1884 -0.76 -0.1912 0.606 -0.3467 -0.6281 -0.3436 0.9381 0.0831 0.3359 -0.0148
0.7836 -0.0864 -0.5472 -0.2813 0.004 -0.2569 -0.8294 0.4961 0.7348 -0.2983 -0.5887 -0.1562 0.7827 0.0694 -0.6078 -0.1149 0.8098 -0.3366 -0.4652 -0.1204 0.7839 -0.1808 -0.5839 0.1084 0.9095 0.1685 0.3499 -0.148 0.5919 -0.1884 -0.76 -0.1912 0.606 -0.3467 -0.6281 -0.3436 0.9381 0.0831 0.3359 -0.0148
0.7836 -0.0864 -0.5472 -0.2813 0.0902 -0.4098 -0.7743 0.4738 0.7099 -0.3373 -0.5751 -0.2271 0.713 0.0695 -0.6719 -0.188 0.8098 -0.3366 -0.4652 -0.1204 0.7839 -0.1808 -0.5839 0.1084 0.9095 0.1685 0.3499 -0.148 0.5919 -0.1884 -0.76 -0.1912 0.606 -0.3467 -0.6281 -0.3436 0.9366 0.0734 0.342 -0.0165
0.7836 -0.0864 -0.5472 -0.2813 0.0902 -0.4098 -0.7743 0.4738 0.7099 -0.3373 -0.5751 -0.2271 0.713 0.0695 -0.6719 -0.188 0.8098 -0.3366 -0.4652 -0.1204 0.7839 -0.1808 -0.5839 0.1084 0.9095 0.1685 0.3499 -0.148 0.5919 -0.1884 -0.76 -0.1912 0.606 -0.3467 -0.6281 -0.3436 0.9366 0.0734 0.342 -0.0165
0.7836 -0.0864 -0.5472 -0.2813 0.0902 -0.4098 -0.7743 0.4738 0.7099 -0.3373 -0.5751 -0.2271 0.713 0.0695 -0.6719 -0.188 0.8098 -0.3366 -0.4652 -0.1204 0.7839 -0.1808 -0.5839 0.1084 0.9095 0.1685 0.3499 -0.148 0.5919 -0.1884 -0.76 -0.1912 0.606 -0.3467 -0.6281 -0.3436 0.9366 0.0734 0.342 -0.0165
0.7836 -0.0864 -0.5472 -0.2813 0.0902 -0.4098 -0.7743 0.4738 0.7099 -0.3373 -0.5751 -0.2271 0.713 0.0695 -0.6719 -0.188 0.8098 -0.3366 -0.4652 -0.1204 0.7529 -0.1461 -0.6248 0.1465 0.902 0.2013 0.3764 -0.0643 0.5919 -0.1884 -0.76 -0.1912 0.606 -0.3467 -0.6281 -0.3436 0.9366 0.0734 0.342 -0.0165
0.7836 -0.0864 -0.5472 -0.2813 0.0902 -0.4098 -0.7743 0.4738 0.7099 -0.3373 -0.5751 -0.2271 0.713 0.0695 -0.6719 -0.188 0.8098 -0.3366 -0.4652 -0.1204 0.7529 -0.1461 -0.6248 0.1465 0.902 0.2013 0.3764 -0.0643 0.5919 -0.1884 -0.76 -0.1912 0.606 -0.3467 -0.6281 -0.3436 0.9366 0.0734 0.342 -0.0165
0.7836 -0.0864 -0.5472 -0.2813 0.0902 -0.4098 -0.7743 0.4738 0.7099 -0.3373 -0.5751 -0.2271 0.713 0.0695 -0.6719 -0.188 0.8098 -0.3366 -0.4652 -0.1204 0.7529 -0.1461 -0.6248 0.1465 0.902 0.2013 0.3764 -0.0643 0.5919 -0.1884 -0.76 -0.1912 0.606 -0.3467 -0.6281 -0.3436 0.9366 0.0734 0.342 -0.0165
0.7919 -0.0835 -0.5453 -0.2621 0.0902 -0.4098 -0.7743 0.4738 0.6891 -0.3375 -0.5926 -0.2449 0.6758 0.0726 -0.7084 -0.1903 0.8098 -0.3366 -0.4652 -0.1204 0.7529 -0.1461 -0.6248 0.1465 0.902 0.2013 0.3764 -0.0643 0.6111 -0.1675 -0.7633 -0.126 0.606 -0.3467 -0.6281 -0.3436 0.934 0.05 0.3525 -0.0314
0.7919 -0.0835 -0.5453 -0.2621 0.0902 -0.4098 -0.7743 0.4738 0.6891 -0.3375 -0.5926 -0.2449 0.6758 0.0726 -0.7084 -0.1903 0.8098 -0.3366 -0.4652 -0.1204 0.7529 -0.1461 -0.6248 0.1465 0.902 0.2013 0.3764 -0.0643 0.6111 -0.1675 -0.7633 -0.126 0.606 -0.3467 -0.6281 -0.3436 0.934 0.05 0.3525 -0.0314
0.7919 -0.0835 -0.5453 -0.2621 0.0902 -0.4098 -0.7743 0.4738 0.6891 -0.3375 -0.5926 -0.2449 0.6758 0.0726 -0.7084 -0.1903 0.8098 -0.3366 -0.4652 -0.1204 0.7529 -0.1461 -0.6248 0.1465 0.902 0.2013 0.3764 -0.0643 0.6111 -0.1675 -0.7633 -0.126 0.606 -0.3467 -0.6281 -0.3436 0.934 0.05 0.3525 -0.0314
0.7919 -0.0835 -0.5453 -0.2621 0.0902 -0.4098 -0.7743 0.4738 0.6891 -0.3375 -0.5926 -0.2449 0.6758 0.0726 -0.7084 -0.1903 0.8098 -0.3366 -0.4652 -0.1204 0.7266 -0.0945 -0.666 0.1404 0.902 0.2013 0.3764 -0.0643 0.6111 -0.1675 -0.7633 -0.126 0.606 -0.3467 -0.6281 -0.3436 0.934 0.05 0.3525 -0.0314
0.7919 -0.0835 -0.5453 -0.2621 0.0902 -0.4098 -0.7743 0.4738 0.6891 -0.3375 -0.5926 -0.2449 0.6758 0.0726 -0.7084 -0.1903 0.8098 -0.3366 -0.4652 -0.1204 0.7266 -0.0945 -0.666 0.1404 0.902 0.2013 0.3764 -0.0643 0.6111 -0.1675 -0.7633 -0.126 0.606 -0.3467 -0.6281 -0.3436 0.934 0.05 0.3525 -0.0314
0.7919 -0.0835 -0.5453 -0.2621 0.0902 -0.4098 -0.7743 0.4738 0.6891 -0.3375 -0.5926 -0.2449 0.6758 0.0726 -0.7084 -0.1903 0.8098 -0.3366 -0.4652 -0.1204 0.7266 -0.0945 -0.666 0.1404 0.902 0.2013 0.3764 -0.0643 0.6111 -0.1675 -0.7633 -0.126 0.606 -0.3467 -0.6281 -0.3436 0.934 0.05 0.3525 -0.0314
0.7919 -0.0835 -0.5453 -0.2621 0.0902 -0.4098 -0.7743 0.4738 0.6891 -0.3375 -0.5926 -0.2449 0.6758 0.0726 -0.7084 -0.1903 0.8098 -0.3366 -0.4652 -0.1204 0.7266 -0.0945 -0.666 0.1404 0.902 0.2013 0.3764 -0.0643 0.6111 -0.1675 -0.7633 -0.126 0.606 -0.3467 -0.6281 -0.3436 0.934 0.05 0.3525 -0.0314
0.8014 -0.0702 -0.5436 -0.2393 0.0902 -0.4098 -0.7743 0.4738 0.677 -0.3144 -0.6231 -0.2336 0.6758 0.0726 -0.7084 -0.1903 0.8098 -0.3366 -0.4652 -0.1204 0.7266 -0.0945 -0.666 0.1404 0.8777 0.2233 0.4235 -0.0203 0.6237 -0.1437 -0.7631 -0.0895 0.6385 -0.4197 -0.5942 -0.2509 0.9288 0.046 0.3657 -0.0373
0.8014 -0.0702 -0.5436 -0.2393 0.0902 -0.4098 -0.7743 0.4738 0.677 -0.3144 -0.6231 -0.2336 0.6758 0.0726 -0.7084 -0.1903 0.7703 -0.2885 -0.5667 0.048 0.7266 -0.0945 -0.666 0.1404 0.8777 0.2233 0.4235 -0.0203 0.6237 -0.1437 -0.7631 -0.0895 0.6385 -0.4197 -0.5942 -0.2509 0.9288 0.046 0.3657 -0.0373
0.8014 -0.0702 -0.5436 -0.2393 0.0902 -0.4098 -0.7743 0.4738 0.677 -0.3144 -0.6231 -0.2336 0.6758 0.0726 -0.7084 -0.1903 0.7703 -0.2885 -0.5667 0.048 0.7266 -0.0945 -0.666 0.1404 0.8777 0.2233 0.4235 -0.0203 0.6237 -0.1437 -0.7631 -0.0895 0.6385 -0.4197 -0.5942 -0.2509 0.9288 0.046 0.3657 -0.0373
0.8014 -0.0702 -0.5436 -0.2393 0.0902 -0.4098 -0.7743 0.4738 0.677 -0.3144 -0.6231 -0.2336 0.6758 0.0726 -0.7084 -0.1903 0.7703 -0.2885 -0.5667 0.048 0.7266 -0.0945 -0.666 0.1404 0.8777 0.2233 0.4235 -0.0203 0.6237 -0.1437 -0.7631 -0.0895 0.6385 -0.4197 -0.5942 -0.2509 0.9288 0.046 0.3657 -0.0373
0.8014 -0.0702 -0.5436 -0.2393 0.0902 -0.4098 -0.7743 0.4738 0.677 -0.3144 -0.6231 -0.2336 0.6758 0.0726 -0.7084 -0.1903 0.7703 -0.2885 -0.5667 0.048 0.7266 -0.0945 -0.666 0.1404 0.8777 0.2233 0.4235 -0.0203 0.6237 -0.1437 -0.7631 -0.0895 0.6385 -0.4197 -0.5942 -0.2509 0.9288 0.046 0.3657 -0.0373
0.8058 -0.0451 -0.551 -0.2123 0.0902 -0.4098 -0.7743 0.4738 0.677 -0.3144 -0.6231 -0.2336 0.6758 0.0726 -0.7084 -0.1903 0.7703 -0.2885 -0.5667 0.048 0.7266 -0.0945 -0.666 0.1404 0.8715 0.1823 0.4551 -0.0052 0.6237 -0.1437 -0.7631 -0.0895 0.6385 -0.4197 -0.5942 -0.2509 0.9288 0.046 0.3657 -0.0373
0.8058 -0.0451 -0.551 -0.2123 0.0902 -0.4098 -0.7743 0.4738 0.677 -0.3144 -0.6231 -0.2336 0.6758 0.0726 -0.7084 -0.1903 0.7703 -0.2885 -0.5667 0.048 0.7266 -0.0945 -0.666 0.1404 0.8715 0.1823 0.4551 -0.0052 0.6237 -0.1437 -0.7631 -0.0895 0.6385 -0.4197 -0.5942 -0.2509 0.9288 0.046 0.3657 -0.0373
0.8058 -0.0451 -0.551 -0.2123 0.0902 -0.4098 -0.7743 0.4738 0.6779 -0.2976 -0.6428 -0.1968 0.6724 0.0847 -0.7239 -0.129 0.7703 -0.2885 -0.5667 0.048 0.7266 -0.0945 -0.666 0.1404 0.8715 0.1823 0.4551 -0.0052 0.6237 -0.1437 -0.7631 -0.0895 0.6385 -0.4197 -0.5942 -0.2509 0.9246 0.0424 0.3762 -0.0419
0.8058 -0.0451 -0.551 -0.2123 0.0602 -0.3409 -0.8145 0.4655 0.6779 -0.2976 -0.6428 -0.1968 0.6724 0.0847 -0.7239 -0.129 0.7542 -0.2522 -0.6033 0.0604 0.7266 -0.0945 -0.666 0.1404 0.8715 0.1823 0.4551 -0.0052 0.6237 -0.1437 -0.7631 -0.0895 0.6385 -0.4197 -0.5942 -0.2509 0.9246 0.0424 0.3762 -0.0419
0.8058 -0.0451 -0.551 -0.2123 0.0602 -0.3409 -0.8145 0.4655 0.6779 -0.2976 -0.6428 -0.1968 0.6724 0.0847 -0.7239 -0.129 0.7542 -0.2522 -0.6033 0.0604 0.7266 -0.0945 -0.666 0.1404 0.8715 0.1823 0.4551 -0.0052 0.6237 -0.1437 -0.7631 -0.0895 0.6385 -0.4197 -0.5942 -0.2509 0.9246 0.0424 0.3762 -0.0419
0.8058 -0.0451 -0.551 -0.2123 0.0602 -0.3409 -0.8145 0.4655 0.6779 -0.2976 -0.6428 -0.1968 0.6724 0.0847 -0.7239 -0.129 0.7542 -0.2522 -0.6033 0.0604 0.7379 0.0905 -0.6624 0.0927 0.8715 0.1823 0.4551 -0.0052 0.6237 -0.1437 -0.7631 -0.0895 0.6385 -0.4197 -0.5942 -0.2509 0.9246 0.0424 0.3762 -0.0419
0.8058 -0.0451 -0.551 -0.2123 0.0602 -0.3409 -0.8145 0.4655 0.6779 -0.2976 -0.6428 -0.1968 0.6724 0.0847 -0.7239 -0.129 0.7542 -0.2522 -0.6033 0.0604 0.7379 0.0905 -0.6624 0.0927 0.909 0.1404 0.3925 -0.0035 0.6237 -0.1437 -0.7631 -0.0895 0.6385 -0.4197 -0.5942 -0.2509 0.9246 0.0424 0.3762 -0.0419
0.8058 -0.0451 -0.551 -0.2123 0.0602 -0.3409 -0.8145 0.4655 0.6779 -0.2976 -0.6428 -0.1968 0.6724 0.0847 -0.7239 -0.129 0.7542 -0.2522 -0.6033 0.0604 0.7379 0.0905 -0.6624 0.0927 0.909 0.1404 0.3925 -0.0035 0.6237 -0.1437 -0.7631 -0.0895 0.6385 -0.4197 -0.5942 -0.2509 0.9246 0.0424 0.3762 -0.0419
0.8054 -0.0121 -0.5615 -0.1894 0.0602 -0.3409 -0.8145 0.4655 0.6779 -0.2976 -0.6428 -0.1968 0.6724 0.0847 -0.7239 -0.129 0.7542 -0.2522 -0.6033 0.0604 0.7379 0.0905 -0.6624 0.0927 0.909 0.1404 0.3925 -0.0035 0.6552 -0.1431 -0.7414 -0.0228 0.6915 -0.4229 -0.5588 -0.1754 0.9246 0.0424 0.3762 -0.0419
0.8054 -0.0121 -0.5615 -0.1894 0.0602 -0.3409 -0.8145 0.4655 0.6779 -0.2976 -0.6428 -0.1968 0.6724 0.0847 -0.7239 -0.129 0.7542 -0.2522 -0.6033 0.0604 0.7379 0.0905 -0.6624 0.0927 0.909 0.1404 0.3925 -0.0035 0.6552 -0.1431 -0.7414 -0.0228 0.6915 -0.4229 -0.5588 -0.1754 0.8959 0.0159 0.4399 -0.0595
0.8054 -0.0121 -0.5615 -0.1894 0.0602 -0.3409 -0.8145 0.4655 0.6779 -0.2976 -0.6428 -0.1968 0.6724 0.0847 -0.7239 -0.129 0.7364 -0.2434 -0.6301 0.0391 0.7379 0.0905 -0.6624 0.0927 0.909 0.1404 0.3925 -0.0035 0.6552 -0.1431 -0.7414 -0.0228 0.6915 -0.4229 -0.5588 -0.1754 0.8959 0.0159 0.4399 -0.0595
0.8054 -0.0121 -0.5615 -0.1894 0.0602 -0.3409 -0.8145 0.4655 0.6779 -0.2976 -0.6428 -0.1968 0.6724 0.0847 -0.7239 -0.129 0.7364 -0.2434 -0.6301 0.0391 0.7379 0.0905 -0.6624 0.0927 0.909 0.1404 0.3925 -0.0035 0.6552 -0.1431 -0.7414 -0.0228 0.6915 -0.4229 -0.5588 -0.1754 0.8959 0.0159 0.4399 -0.0595
0.8054 -0.0121 -0.5615 -0.1894 0.0602 -0.3409 -0.8145 0.4655 0.6779 -0.2976 -0.6428 -0.1968 0.6724 0.0847 -0.7239 -0.129 0.7364 -0.2434 -0.6301 0.0391 0.7375 0.1437 -0.6577 0.0531 0.909 0.1404 0.3925 -0.0035 0.6552 -0.1431 -0.7414 -0.0228 0.6915 -0.4229 -0.5588 -0.1754 0.8959 0.0159 0.4399 -0.0595
0.8054 -0.0121 -0.5615 -0.1894 0.0602 -0.3409 -0.8145 0.4655 0.6779 -0.2976 -0.6428 -0.1968 0.6724 0.0847 -0.7239 -0.129 0.7364 -0.2434 -0.6301 0.0391 0.7375 0.1437 -0.6577 0.0531 0.909 0.1404 0.3925 -0.0035 0.6552 -0.1431 -0.7414 -0.0228 0.6915 -0.4229 -0.5588 -0.1754 0.8959 0.0159 0.4399 -0.0595
0.8082 0.0105 -0.5623 -0.1746 0.0602 -0.3409 -0.8145 0.4655 0.6779 -0.2976 -0.6428 -0.1968 0.6724 0.0847 -0.7239 -0.129 0.7364 -0.2434 -0.6301 0.0391 0.7375 0.1437 -0.6577 0.0531 0.908 0.1329 0.3973 -0.0035 0.6552 -0.1431 -0.7414 -0.0228 0.6915 -0.4229 -0.5588 -0.1754 0.8959 0.0159 0.4399 -0.0595
0.8082 0.0105 -0.5623 -0.1746 0.0602 -0.3409 -0.8145 0.4655 0.7177 -0.2714 -0.6368 -0.0759 0.6724 0.0847 -0.7239 -0.129 0.7364 -0.2434 -0.6301 0.0391 0.7375 0.1437 -0.6577 0.0531 0.908 0.1329 0.3973 -0.0035 0.6782 -0.1275 -0.7228 -0.0353 0.6915 -0.4229 -0.5588 -0.1754 0.7678 0.0175 0.6336 -0.0938
0.8082 0.0105 -0.5623 -0.1746 0.0602 -0.3409 -0.8145 0.4655 0.7177 -0.2714 -0.6368 -0.0759 0.6724 0.0847 -0.7239 -0.129 0.7364 -0.2434 -0.6301 0.0391 0.7375 0.1437 -0.6577 0.0531 0.908 0.1329 0.3973 -0.0035 0.6782 -0.1275 -0.7228 -0.0353 0.6915 -0.4229 -0.5588 -0.1754 0.7678 0.0175 0.6336 -0.0938
0.8082 0.0105 -0.5623 -0.1746 0.0602 -0.3409 -0.8145 0.4655 0.7177 -0.2714 -0.6368 -0.0759 0.6724 0.0847 -0.7239 -0.129 0.7214 -0.2478 -0.6466 0.0015 0.7375 0.1437 -0.6577 0.0531 0.908 0.1329 0.3973 -0.0035 0.6782 -0.1275 -0.7228 -0.0353 0.6915 -0.4229 -0.5588 -0.1754 0.7678 0.0175 0.6336 -0.0938
0.8082 0.0105 -0.5623 -0.1746 0.0602 -0.3409 -0.8145 0.4655 0.7177 -0.2714 -0.6368 -0.0759 0.6724 0.0847 -0.7239 -0.129 0.7214 -0.2478 -0.6466 0.0015 0.7375 0.1437 -0.6577 0.0531 0.908 0.1329 0.3973 -0.0035 0.6782 -0.1275 -0.7228 -0.0353 0.6915 -0.4229 -0.5588 -0.1754 0.7678 0.0175 0.6336 -0.0938
0.8082 0.0105 -0.5623 -0.1746 0.0602 -0.3409 -0.8145 0.4655 0.7177 -0.2714 -0.6368 -0.0759 0.6724 0.0847 -0.7239 -0.129 0.7214 -0.2478 -0.6466 0.0015 0.73 0.1685 -0.6623 0.0107 0.908 0.1329 0.3973 -0.0035 0.6782 -0.1275 -0.7228 -0.0353 0.6915 -0.4229 -0.5588 -0.1754 0.7678 0.0175 0.6336 -0.0938
0.8082 0.0105 -0.5623 -0.1746 0.0602 -0.3409 -0.8145 0.4655 0.7177 -0.2714 -0.6368 -0.0759 0.6724 0.0847 -0.7239 -0.129 0.7214 -0.2478 -0.6466 0.0015 0.73 0.1685 -0.6623 0.0107 0.8994 0.1358 0.4155 -0.0047 0.6782 -0.1275 -0.7228 -0.0353 0.6915 -0.4229 -0.5588 -0.1754 0.7678 0.0175 0.6336 -0.0938
0.809 0.033 -0.5641 -0.162 0.0602 -0.3409 -0.8145 0.4655 0.7177 -0.2714 -0.6368 -0.0759 0.6724 0.0847 -0.7239 -0.129 0.7214 -0.2478 -0.6466 0.0015 0.73 0.1685 -0.6623 0.0107 0.8994 0.1358 0.4155 -0.0047 0.6782 -0.1275 -0.7228 -0.0353 0.6915 -0.4229 -0.5588 -0.1754 0.7678 0.0175 0.6336 -0.0938
0.809 0.033 -0.5641 -0.162 0.0602 -0.3409 -0.8145 0.4655 0.7262 -0.2612 -0.6343 -0.0451 0.6724 0.0847 -0.7239 -0.129 0.7214 -0.2478 -0.6466 0.0015 0.73 0.1685 -0.6623 0.0107 0.8994 0.1358 0.4155 -0.0047 0.6904 -0.0514 -0.7133 -0.1094 0.6915 -0.4229 -0.5588 -0.1754 0.7678 0.0175 0.6336 -0.0938
0.809 0.033 -0.5641 -0.162 0.0602 -0.3409 -0.8145 0.4655 0.7262 -0.2612 -0.6343 -0.0451 0.6724 0.0847 -0.7239 -0.129 0.7214 -0.2478 -0.6466 0.0015 0.73 0.1685 -0.6623 0.0107 0.8994 0.1358 0.4155 -0.0047 0.6904 -0.0514 -0.7133 -0.1094 0.6915 -0.4229 -0.5588 -0.1754 0.7678 0.0175 0.6336 -0.0938
0.809 0.033 -0.5641 -0.162 0.0602 -0.3409 -0.8145 0.4655 0.7262 -0.2612 -0.6343 -0.0451 0.6724 0.0847 -0.7239 -0.129 0.6968 -0.2628 -0.665 -0.0559 0.73 0.1685 -0.6623 0.0107 0.8994 0.1358 0.4155 -0.0047 0.6904 -0.0514 -0.7133 -0.1094 0.6915 -0.4229 -0.5588 -0.1754 0.7678 0.0175 0.6336 -0.0938
0.809 0.033 -0.5641 -0.162 0.0602 -0.3409 -0.8145 0.4655 0.7262 -0.2612 -0.6343 -0.0451 0.6724 0.0847 -0.7239 -0.129 0.6968 -0.2628 -0.665 -0.0559 0.73 0.1685 -0.6623 0.0107 0.8994 0.1358 0.4155 -0.0047 0.6904 -0.0514 -0.7133 -0.1094 0.6915 -0.4229 -0.5588 -0.1754 0.7678 0.0175 0.6336 -0.0938
0.809 0.033 -0.5641 -0.162 0.0602 -0.3409 -0.8145 0.4655 0.7262 -0.2612 -0.6343 -0.0451 0.6724 0.0847 -0.7239 -0.129 0.6968 -0.2628 -0.665 -0.0559 0.73 0.1685 -0.6623 0.0107 0.8994 0.1358 0.4155 -0.0047 0.6904 -0.0514 -0.7133 -0.1094 0.6915 -0.4229 -0.5588 -0.1754 0.7678 0.0175 0.6336 -0.0938
0.809 0.033 -0.5641 -0.162 0.0602 -0.3409 -0.8145 0.4655 0.7262 -0.2612 -0.6343 -0.0451 0.6724 0.0847 -0.7239 -0.129 0.6968 -0.2628 -0.665 -0.0559 0.7289 0.1855 -0.6588 -0.0174 0.8994 0.1358 0.4155 -0.0047 0.6904 -0.0514 -0.7133 -0.1094 0.6915 -0.4229 -0.5588 -0.1754 0.7678 0.0175 0.6336 -0.0938
0.809 0.033 -0.5641 -0.162 0.0602 -0.3409 -0.8145 0.4655 0.7262 -0.2612 -0.6343 -0.0451 0.6724 0.0847 -0.7239 -0.129 0.6968 -0.2628 -0.665 -0.0559 0.7289 0.1855 -0.6588 -0.0174 0.8861 0.142 0.441 -0.0104 0.6904 -0.0514 -0.7133 -0.1094 0.6915 -0.4229 -0.5588 -0.1754 0.7678 0.0175 0.6336 -0.0938
0.8185 0.0455 -0.5557 -0.1384 0.0602 -0.3409 -0.8145 0.4655 0.7262 -0.2612 -0.6343 -0.0451 0.6724 0.0847 -0.7239 -0.129 0.6968 -0.2628 -0.665 -0.0559 0.7289 0.1855 -0.6588 -0.0174 0.8861 0.142 0.441 -0.0104 0.6782 -0.0082 -0.7206 -0.1439 0.7404 -0.3704 -0.553 -0.0943 0.7678 0.0175 0.6336 -0.0938
0.8185 0.0455 -0.5557 -0.1384 0.0602 -0.3409 -0.8145 0.4655 0.7262 -0.2612 -0.6343 -0.0451 0.6724 0.0847 -0.7239 -0.129 0.6968 -0.2628 -0.665 -0.0559 0.7289 0.1855 -0.6588 -0.0174 0.8861 0.142 0.441 -0.0104 0.6782 -0.0082 -0.7206 -0.1439 0.7404 -0.3704 -0.553 -0.0943 0.7678 0.0175 0.6336 -0.0938
0.8185 0.0455 -0.5557 -0.1384 0.0602 -0.3409 -0.8145 0.4655 0.7262 -0.2612 -0.6343 -0.0451 0.6724 0.0847 -0.7239 -0.129 0.6854 -0.2565 -0.6756 -0.0893 0.7289 0.1855 -0.6588 -0.0174 0.8861 0.142 0.441 -0.0104 0.6782 -0.0082 -0.7206 -0.1439 0.7404 -0.3704 -0.553 -0.0943 0.7678 0.0175 0.6336 -0.0938
0.8185 0.0455 -0.5557 -0.1384 0.0602 -0.3409 -0.8145 0.4655 0.7262 -0.2612 -0.6343 -0.0451 0.6724 0.0847 -0.7239 -0.129 0.6854 -0.2565 -0.6756 -0.0893 0.7289 0.1855 -0.6588 -0.0174 0.8861 0.142 0.441 -0.0104 0.6782 -0.0082 -0.7206 -0.1439 0.7404 -0.3704 -0.553 -0.0943 0.7678 0.0175 0.6336 -0.0938
0.8185 0.0455 -0.5557 -0.1384 0.0602 -0.3409 -0.8145 0.4655 0.7262 -0.2612 -0.6343 -0.0451 0.6724 0.0847 -0.7239 -0.129 0.6854 -0.2565 -0.6756 -0.0893 0.735 0.1938 -0.649 -0.0317 0.8861 0.142 0.441 -0.0104 0.6782 -0.0082 -0.7206 -0.1439 0.7404 -0.3704 -0.553 -0.0943 0.7678 0.0175 0.6336 -0.0938
0.8185 0.0455 -0.5557 -0.1384 0.0602 -0.3409 -0.8145 0.4655 0.7262 -0.2612 -0.6343 -0.0451 0.6724 0.0847 -0.7239 -0.129 0.6854 -0.2565 -0.6756 -0.0893 0.735 0.1938 -0.649 -0.0317 0.8861 0.142 0.441 -0.0104 0.6782 -0.0082 -0.7206 -0.1439 0.7404 -0.3704 -0.553 -0.0943 0.7678 0.0175 0.6336 -0.0938
0.8185 0.0455 -0.5557 -0.1384 0.0602 -0.3409 -0.8145 0.4655 0.7262 -0.2612 -0.6343 -0.0451 0.6724 0.0847 -0.7239 -0.129 0.6854 -0.2565 -0.6756 -0.0893 0.735 0.1938 -0.649 -0.0317 0.8766 0.1398 0.46 -0.0183 0.6782 -0.0082 -0.7206 -0.1439 0.7404 -0.3704 -0.553 -0.0943 0.7678 0.0175 0.6336 -0.0938
0.8185 0.0455 -0.5557 -0.1384 0.0602 -0.3409 -0.8145 0.4655 0.7262 -0.2612 -0.6343 -0.0451 0.6724 0.0847 -0.7239 -0.129 0.6854 -0.2565 -0.6756 -0.0893 0.735 0.1938 -0.649 -0.0317 0.8766 0.1398 0.46 -0.0183 0.6782 -0.0082 -0.7206 -0.1439 0.7404 -0.3704 -0.553 -0.0943 0.7678 0.0175 0.6336 -0.0938
0.8185 0.0455 -0.5557 -0.1384 0.0438 -0.2396 -0.8624 0.4437 0.7076 -0.2445 -0.6621 -0.0329 0.6724 0.0847 -0.7239 -0.129 0.6741 -0.2451 -0.6868 -0.1172 0.735 0.1938 -0.649 -0.0317 0.8766 0.1398 0.46 -0.0183 0.6782 -0.0082 -0.7206 -0.1439 0.6601 -0.2502 -0.6528 -0.2747 0.9573 0.0199 0.2882 0.002
0.8185 0.0455 -0.5557 -0.1384 0.0438 -0.2396 -0.8624 0.4437 0.7076 -0.2445 -0.6621 -0.0329 0.6724 0.0847 -0.7239 -0.129 0.6741 -0.2451 -0.6868 -0.1172 0.735 0.1938 -0.649 -0.0317 0.8766 0.1398 0.46 -0.0183 0.6782 -0.0082 -0.7206 -0.1439 0.6601 -0.2502 -0.6528 -0.2747 0.9573 0.0199 0.2882 0.002
0.8185 0.0455 -0.5557 -0.1384 0.0438 -0.2396 -0.8624 0.4437 0.7076 -0.2445 -0.6621 -0.0329 0.6724 0.0847 -0.7239 -0.129 0.6741 -0.2451 -0.6868 -0.1172 0.735 0.1938 -0.649 -0.0317 0.8766 0.1398 0.46 -0.0183 0.6782 -0.0082 -0.7206 -0.1439 0.6601 -0.2502 -0.6528 -0.2747 0.9573 0.0199 0.2882 0.002
0.8185 0.0455 -0.5557 -0.1384 0.0438 -0.2396 -0.8624 0.4437 0.7076 -0.2445 -0.6621 -0.0329 0.6724 0.0847 -0.7239 -0.129 0.6741 -0.2451 -0.6868 -0.1172 0.745 0.2153 -0.6292 -0.0522 0.8766 0.1398 0.46 -0.0183 0.6782 -0.0082 -0.7206 -0.1439 0.6601 -0.2502 -0.6528 -0.2747 0.9573 0.0199 0.2882 0.002
0.8185 0.0455 -0.5557 -0.1384 0.0438 -0.2396 -0.8624 0.4437 0.7076 -0.2445 -0.6621 -0.0329 0.6724 0.0847 -0.7239 -0.129 0.6741 -0.2451 -0.6868 -0.1172 0.745 0.2153 -0.6292 -0.0522 0.8766 0.1398 0.46 -0.0183 0.6782 -0.0082 -0.7206 -0.1439 0.6601 -0.2502 -0.6528 -0.2747 0.9573 0.0199 0.2882 0.002
0.8328 0.0345 -0.5324 -0.1478 0.0438 -0.2396 -0.8624 0.4437 0.7076 -0.2445 -0.6621 -0.0329 0.6724 0.0847 -0.7239 -0.129 0.6741 -0.2451 -0.6868 -0.1172 0.745 0.2153 -0.6292 -0.0522 0.8766 0.1398 0.46 -0.0183 0.6782 -0.0082 -0.7206 -0.1439 0.6601 -0.2502 -0.6528 -0.2747 0.9573 0.0199 0.2882 0.002
0.8328 0.0345 -0.5324 -0.1478 0.0438 -0.2396 -0.8624 0.4437 0.7076 -0.2445 -0.6621 -0.0329 0.6724 0.0847 -0.7239 -0.129 0.6741 -0.2451 -0.6868 -0.1172 0.745 0.2153 -0.6292 -0.0522 0.8766 0.1398 0.46 -0.0183 0.6782 -0.0082 -0.7206 -0.1439 0.6601 -0.2502 -0.6528 -0.2747 0.9573 0.0199 0.2882 0.002
0.8328 0.0345 -0.5324 -0.1478 0.0438 -0.2396 -0.8624 0.4437 0.7076 -0.2445 -0.6621 -0.0329 0.7703 0.043 -0.636 0.012 0.6741 -0.2451 -0.6868 -0.1172 0.745 0.2153 -0.6292 -0.0522 0.8766 0.1398 0.46 -0.0183 0.6782 -0.0082 -0.7206 -0.1439 0.6296 -0.3329 -0.6172 -0.3344 0.941 0.0485 0.3345 -0.0152
0.8328 0.0345 -0.5324 -0.1478 0.0438 -0.2396 -0.8624 0.4437 0.7076 -0.2445 -0.6621 -0.0329 0.7703 0.043 -0.636 0.012 0.6899 -0.2684 -0.6518 -0.1648 0.745 0.2153 -0.6292 -0.0522 0.8766 0.1398 0.46 -0.0183 0.6782 -0.0082 -0.7206 -0.1439 0.6296 -0.3329 -0.6172 -0.3344 0.941 0.0485 0.3345 -0.0152
0.8328 0.0345 -0.5324 -0.1478 0.0438 -0.2396 -0.8624 0.4437 0.7076 -0.2445 -0.6621 -0.0329 0.7703 0.043 -0.636 0.012 0.6899 -0.2684 -0.6518 -0.1648 0.745 0.2153 -0.6292 -0.0522 0.8766 0.1398 0.46 -0.0183 0.6782 -0.0082 -0.7206 -0.1439 0.6296 -0.3329 -0.6172 -0.3344 0.941 0.0485 0.3345 -0.0152
0.8328 0.0345 -0.5324 -0.1478 0.0438 -0.2396 -0.8624 0.4437 0.7076 -0.2445 -0.6621 -0.0329 0.7703 0.043 -0.636 0.012 0.6899 -0.2684 -0.6518 -0.1648 0.745 0.2153 -0.6292 -0.0522 0.8766 0.1398 0.46 -0.0183 0.6782 -0.0082 -0.7206 -0.1439 0.6296 -0.3329 -0.6172 -0.3344 0.941 0.0485 0.3345 -0.0152
0.8328 0.0345 -0.5324 -0.1478 0.0438 -0.2396 -0.8624 0.4437 0.7076 -0.2445 -0.6621 -0.0329 0.7703 0.043 -0.636 0.012 0.6899 -0.2684 -0.6518 -0.1648 0.745 0.2153 -0.6292 -0.0522 0.7842 0.2857 0.55 0.0297 0.6782 -0.0082 -0.7206 -0.1439 0.6296 -0.3329 -0.6172 -0.3344 0.941 0.0485 0.3345 -0.0152
0.816 -0.0041 -0.541 -0.2034 0.0438 -0.2396 -0.8624 0.4437 0.7076 -0.2445 -0.6621 -0.0329 0.7703 0.043 -0.636 0.012 0.6899 -0.2684 -0.6518 -0.1648 0.745 0.2153 -0.6292 -0.0522 0.7842 0.2857 0.55 0.0297 0.6782 -0.0082 -0.7206 -0.1439 0.6296 -0.3329 -0.6172 -0.3344 0.941 0.0485 0.3345 -0.0152
0.816 -0.0041 -0.541 -0.2034 0.0438 -0.2396 -0.8624 0.4437 0.6982 -0.2704 -0.6546 -0.1047 0.7703 0.043 -0.636 0.012 0.6899 -0.2684 -0.6518 -0.1648 0.745 0.2153 -0.6292 -0.0522 0.7842 0.2857 0.55 0.0297 0.6782 -0.0082 -0.7206 -0.1439 0.6296 -0.3329 -0.6172 -0.3344 0.941 0.0485 0.3345 -0.0152
0.816 -0.0041 -0.541 -0.2034 0.0438 -0.2396 -0.8624 0.4437 0.6982 -0.2704 -0.6546 -0.1047 0.7738 0.0242 -0.6318 -0.037 0.7377 -0.3097 -0.5709 -0.1843 0.745 0.2153 -0.6292 -0.0522 0.7842 0.2857 0.55 0.0297 0.6782 -0.0082 -0.7206 -0.1439 0.6179 -0.3816 -0.6023 -0.3314 0.935 0.0437 0.351 -0.0249
0.816 -0.0041 -0.541 -0.2034 0.0438 -0.2396 -0.8624 0.4437 0.6982 -0.2704 -0.6546 -0.1047 0.7738 0.0242 -0.6318 -0.037 0.7377 -0.3097 -0.5709 -0.1843 0.745 0.2153 -0.6292 -0.0522 0.7842 0.2857 0.55 0.0297 0.6782 -0.0082 -0.7206 -0.1439 0.6179 -0.3816 -0.6023 -0.3314 0.935 0.0437 0.351 -0.0249
0.816 -0.0041 -0.541 -0.2034 0.0438 -0.2396 -0.8624 0.4437 0.6982 -0.2704 -0.6546 -0.1047 0.7738 0.0242 -0.6318 -0.037 0.7377 -0.3097 -0.5709 -0.1843 0.745 0.2153 -0.6292 -0.0522 0.7842 0.2857 0.55 0.0297 0.6782 -0.0082 -0.7206 -0.1439 0.6179 -0.3816 -0.6023 -0.3314 0.935 0.0437 0.351 -0.0249
0.816 -0.0041 -0.541 -0.2034 0.0438 -0.2396 -0.8624 0.4437 0.6982 -0.2704 -0.6546 -0.1047 0.7738 0.0242 -0.6318 -0.037 0.7377 -0.3097 -0.5709 -0.1843 0.8089 0.132 -0.5547 -0.1432 0.7842 0.2857 0.55 0.0297 0.6782 -0.0082 -0.7206 -0.1439 0.6179 -0.3816 -0.6023 -0.3314 0.935 0.0437 0.351 -0.0249
0.816 -0.0041 -0.541 -0.2034 0.0438 -0.2396 -0.8624 0.4437 0.6982 -0.2704 -0.6546 -0.1047 0.7738 0.0242 -0.6318 -0.037 0.7377 -0.3097 -0.5709 -0.1843 0.8089 0.132 -0.5547 -0.1432 0.8896 0.1064 0.42 -0.1446 0.6782 -0.0082 -0.7206 -0.1439 0.6179 -0.3816 -0.6023 -0.3314 0.935 0.0437 0.351 -0.0249
0.816 -0.0041 -0.541 -0.2034 0.0438 -0.2396 -0.8624 0.4437 0.6982 -0.2704 -0.6546 -0.1047 0.7738 0.0242 -0.6318 -0.037 0.7377 -0.3097 -0.5709 -0.1843 0.8089 0.132 -0.5547 -0.1432 0.8896 0.1064 0.42 -0.1446 0.6782 -0.0082 -0.7206 -0.1439 0.6179 -0.3816 -0.6023 -0.3314 0.935 0.0437 0.351 -0.0249
0.8141 -0.0255 -0.5334 -0.228 0.0438 -0.2396 -0.8624 0.4437 0.7079 -0.2889 -0.6279 -0.145 0.7738 0.0242 -0.6318 -0.037 0.7377 -0.3097 -0.5709 -0.1843 0.8089 0.132 -0.5547 -0.1432 0.8896 0.1064 0.42 -0.1446 0.6782 -0.0082 -0.7206 -0.1439 0.6179 -0.3816 -0.6023 -0.3314 0.935 0.0437 0.351 -0.0249
0.8141 -0.0255 -0.5334 -0.228 0.0438 -0.2396 -0.8624 0.4437 0.7079 -0.2889 -0.6279 -0.145 0.7738 0.0242 -0.6318 -0.037 0.7377 -0.3097 -0.5709 -0.1843 0.8089 0.132 -0.5547 -0.1432 0.8896 0.1064 0.42 -0.1446 0.6782 -0.0082 -0.7206 -0.1439 0.6179 -0.3816 -0.6023 -0.3314 0.9352 0.0437 0.3505 -0.0258
0.8141 -0.0255 -0.5334 -0.228 0.0438 -0.2396 -0.8624 0.4437 0.7079 -0.2889 -0.6279 -0.145 0.7738 0.0242 -0.6318 -0.037 0.7709 -0.3015 -0.5259 -0.1955 0.8089 0.132 -0.5547 -0.1432 0.8896 0.1064 0.42 -0.1446 0.6782 -0.0082 -0.7206 -0.1439 0.6179 -0.3816 -0.6023 -0.3314 0.9352 0.0437 0.3505 -0.0258
0.8141 -0.0255 -0.5334 -0.228 0.0438 -0.2396 -0.8624 0.4437 0.7079 -0.2889 -0.6279 -0.145 0.7738 0.0242 -0.6318 -0.037 0.7709 -0.3015 -0.5259 -0.1955 0.8089 0.132 -0.5547 -0.1432 0.8896 0.1064 0.42 -0.1446 0.6782 -0.0082 -0.7206 -0.1439 0.6179 -0.3816 -0.6023 -0.3314 0.9352 0.0437 0.3505 -0.0258
0.8141 -0.0255 -0.5334 -0.228 0.0438 -0.2396 -0.8624 0.4437 0.7079 -0.2889 -0.6279 -0.145 0.7738 0.0242 -0.6318 -0.037 0.7709 -0.3015 -0.5259 -0.1955 0.8336 -0.0607 -0.5487 -0.0198 0.9167 0.0628 0.3254 -0.2233 0.6782 -0.0082 -0.7206 -0.1439 0.6179 -0.3816 -0.6023 -0.3314 0.9352 0.0437 0.3505 -0.0258
0.8141 -0.0255 -0.5334 -0.228 0.0438 -0.2396 -0.8624 0.4437 0.7079 -0.2889 -0.6279 -0.145 0.7738 0.0242 -0.6318 -0.037 0.7709 -0.3015 -0.5259 -0.1955 0.8336 -0.0607 -0.5487 -0.0198 0.9167 0.0628 0.3254 -0.2233 0.6782 -0.0082 -0.7206 -0.1439 0.6179 -0.3816 -0.6023 -0.3314 0.9352 0.0437 0.3505 -0.0258
0.8098 -0.0364 -0.5281 -0.2531 0.0438 -0.2396 -0.8624 0.4437 0.7079 -0.2889 -0.6279 -0.145 0.7738 0.0242 -0.6318 -0.037 0.7709 -0.3015 -0.5259 -0.1955 0.8336 -0.0607 -0.5487 -0.0198 0.9167 0.0628 0.3254 -0.2233 0.6782 -0.0082 -0.7206 -0.1439 0.6179 -0.3816 -0.6023 -0.3314 0.9352 0.0437 0.3505 -0.0258
0.8098 -0.0364 -0.5281 -0.2531 0.0438 -0.2396 -0.8624 0.4437 0.7134 -0.2992 -0.6106 -0.1692 0.7738 0.0242 -0.6318 -0.037 0.7709 -0.3015 -0.5259 -0.1955 0.8336 -0.0607 -0.5487 -0.0198 0.9167 0.0628 0.3254 -0.2233 0.6047 -0.181 -0.7603 -0.1535 0.6053 -0.4332 -0.5901 -0.3126 0.9352 0.0437 0.3505 -0.0258
0.8098 -0.0364 -0.5281 -0.2531 0.0438 -0.2396 -0.8624 0.4437 0.7134 -0.2992 -0.6106 -0.1692 0.7738 0.0242 -0.6318 -0.037 0.7709 -0.3015 -0.5259 -0.1955 0.8336 -0.0607 -0.5487 -0.0198 0.9167 0.0628 0.3254 -0.2233 0.6047 -0.181 -0.7603 -0.1535 0.6053 -0.4332 -0.5901 -0.3126 0.9352 0.0437 0.3505 -0.0258
0.8098 -0.0364 -0.5281 -0.2531 0.1194 -0.3553 -0.8035 0.4625 0.7134 -0.2992 -0.6106 -0.1692 0.7404 0.0697 -0.6569 -0.1241 0.8096 -0.2686 -0.5031 -0.1388 0.8336 -0.0607 -0.5487 -0.0198 0.9167 0.0628 0.3254 -0.2233 0.6047 -0.181 -0.7603 -0.1535 0.6053 -0.4332 -0.5901 -0.3126 0.9352 0.0437 0.3505 -0.0258
0.8098 -0.0364 -0.5281 -0.2531 0.1194 -0.3553 -0.8035 0.4625 0.7134 -0.2992 -0.6106 -0.1692 0.7404 0.0697 -0.6569 -0.1241 0.8096 -0.2686 -0.5031 -0.1388 0.8336 -0.0607 -0.5487 -0.0198 0.9167 0.0628 0.3254 -0.2233 0.6047 -0.181 -0.7603 -0.1535 0.6053 -0.4332 -0.5901 -0.3126 0.9352 0.0437 0.3505 -0.0258
0.8098 -0.0364 -0.5281 -0.2531 0.1194 -0.3553 -0.8035 0.4625 0.7134 -0.2992 -0.6106 -0.1692 0.7404 0.0697 -0.6569 -0.1241 0.8096 -0.2686 -0.5031 -0.1388 0.8229 -0.1288 -0.5452 0.0946 0.9167 0.0628 0.3254 -0.2233 0.6047 -0.181 -0.7603 -0.1535 0.6053 -0.4332 -0.5901 -0.3126 0.9352 0.0437 0.3505 -0.0258
0.8098 -0.0364 -0.5281 -0.2531 0.1194 -0.3553 -0.8035 0.4625 0.7134 -0.2992 -0.6106 -0.1692 0.7404 0.0697 -0.6569 -0.1241 0.8096 -0.2686 -0.5031 -0.1388 0.8229 -0.1288 -0.5452 0.0946 0.9219 0.0748 0.325 -0.1974 0.6047 -0.181 -0.7603 -0.1535 0.6053 -0.4332 -0.5901 -0.3126 0.9352 0.0437 0.3505 -0.0258
0.8008 -0.0413 -0.5363 -0.2633 0.1194 -0.3553 -0.8035 0.4625 0.7134 -0.2992 -0.6106 -0.1692 0.7404 0.0697 -0.6569 -0.1241 0.8096 -0.2686 -0.5031 -0.1388 0.8229 -0.1288 -0.5452 0.0946 0.9219 0.0748 0.325 -0.1974 0.6047 -0.181 -0.7603 -0.1535 0.6053 -0.4332 -0.5901 -0.3126 0.9352 0.0437 0.3505 -0.0258
0.8008 -0.0413 -0.5363 -0.2633 0.1194 -0.3553 -0.8035 0.4625 0.7134 -0.2992 -0.6106 -0.1692 0.7404 0.0697 -0.6569 -0.1241 0.8096 -0.2686 -0.5031 -0.1388 0.8229 -0.1288 -0.5452 0.0946 0.9219 0.0748 0.325 -0.1974 0.6047 -0.181 -0.7603 -0.1535 0.6053 -0.4332 -0.5901 -0.3126 0.9352 0.0437 0.3505 -0.0258
0.8008 -0.0413 -0.5363 -0.2633 0.1194 -0.3553 -0.8035 0.4625 0.7134 -0.2992 -0.6106 -0.1692 0.7086 0.0876 -0.687 -0.135 0.8096 -0.2686 -0.5031 -0.1388 0.8229 -0.1288 -0.5452 0.0946 0.9219 0.0748 0.325 -0.1974 0.6047 -0.181 -0.7603 -0.1535 0.6028 -0.454 -0.5825 -0.3019 0.9302 0.0674 0.3602 -0.0203
0.8008 -0.0413 -0.5363 -0.2633 0.1194 -0.3553 -0.8035 0.4625 0.7134 -0.2992 -0.6106 -0.1692 0.7086 0.0876 -0.687 -0.135 0.8096 -0.2686 -0.5031 -0.1388 0.8229 -0.1288 -0.5452 0.0946 0.9219 0.0748 0.325 -0.1974 0.6047 -0.181 -0.7603 -0.1535 0.6028 -0.454 -0.5825 -0.3019 0.9302 0.0674 0.3602 -0.0203
0.8008 -0.0413 -0.5363 -0.2633 0.1194 -0.3553 -0.8035 0.4625 0.7134 -0.2992 -0.6106 -0.1692 0.7086 0.0876 -0.687 -0.135 0.8096 -0.2686 -0.5031 -0.1388 0.8229 -0.1288 -0.5452 0.0946 0.9219 0.0748 0.325 -0.1974 0.6047 -0.181 -0.7603 -0.1535 0.6028 -0.454 -0.5825 -0.3019 0.9302 0.0674 0.3602 -0.0203
0.8008 -0.0413 -0.5363 -0.2633 0.1194 -0.3553 -0.8035 0.4625 0.7134 -0.2992 -0.6106 -0.1692 0.7086 0.0876 -0.687 -0.135 0.8096 -0.2686 -0.5031 -0.1388 0.7869 -0.1662 -0.5785 0.136 0.9219 0.0748 0.325 -0.1974 0.6047 -0.181 -0.7603 -0.1535 0.6028 -0.454 -0.5825 -0.3019 0.9302 0.0674 0.3602 -0.0203
0.7984 -0.0471 -0.54 -0.2621 0.1194 -0.3553 -0.8035 0.4625 0.7134 -0.2992 -0.6106 -0.1692 0.7086 0.0876 -0.687 -0.135 0.8096 -0.2686 -0.5031 -0.1388 0.7869 -0.1662 -0.5785 0.136 0.9193 0.1576 0.329 -0.1476 0.6047 -0.181 -0.7603 -0.1535 0.6028 -0.454 -0.5825 -0.3019 0.9302 0.0674 0.3602 -0.0203
0.7984 -0.0471 -0.54 -0.2621 0.1194 -0.3553 -0.8035 0.4625 0.7134 -0.2992 -0.6106 -0.1692 0.7086 0.0876 -0.687 -0.135 0.8096 -0.2686 -0.5031 -0.1388 0.7869 -0.1662 -0.5785 0.136 0.9193 0.1576 0.329 -0.1476 0.6047 -0.181 -0.7603 -0.1535 0.6028 -0.454 -0.5825 -0.3019 0.9302 0.0674 0.3602 -0.0203
0.7984 -0.0471 -0.54 -0.2621 0.1194 -0.3553 -0.8035 0.4625 0.7134 -0.2992 -0.6106 -0.1692 0.7086 0.0876 -0.687 -0.135 0.8096 -0.2686 -0.5031 -0.1388 0.7869 -0.1662 -0.5785 0.136 0.9193 0.1576 0.329 -0.1476 0.6047 -0.181 -0.7603 -0.1535 0.6028 -0.454 -0.5825 -0.3019 0.9302 0.0674 0.3602 -0.0203
0.7984 -0.0471 -0.54 -0.2621 0.1194 -0.3553 -0.8035 0.4625 0.7134 -0.2992 -0.6106 -0.1692 0.7086 0.0876 -0.687 -0.135 0.8096 -0.2686 -0.5031 -0.1388 0.7869 -0.1662 -0.5785 0.136 0.9193 0.1576 0.329 -0.1476 0.6047 -0.181 -0.7603 -0.1535 0.6028 -0.454 -0.5825 -0.3019 0.9302 0.0674 0.3602 -0.0203
0.7984 -0.0471 -0.54 -0.2621 0.1194 -0.3553 -0.8035 0.4625 0.7134 -0.2992 -0.6106 -0.1692 0.6974 0.0737 -0.7032 -0.1168 0.8052 -0.3152 -0.5003 -0.0438 0.7869 -0.1662 -0.5785 0.136 0.9193 0.1576 0.329 -0.1476 0.6047 -0.181 -0.7603 -0.1535 0.6028 -0.454 -0.5825 -0.3019 0.9302 0.0674 0.3602 -0.0203
0.7984 -0.0471 -0.54 -0.2621 0.1194 -0.3553 -0.8035 0.4625 0.7134 -0.2992 -0.6106 -0.1692 0.6974 0.0737 -0.7032 -0.1168 0.8052 -0.3152 -0.5003 -0.0438 0.7869 -0.1662 -0.5785 0.136 0.9193 0.1576 0.329 -0.1476 0.6047 -0.181 -0.7603 -0.1535 0.6028 -0.454 -0.5825 -0.3019 0.9302 0.0674 0.3602 -0.0203
0.7984 -0.0471 -0.54 -0.2621 0.1194 -0.3553 -0.8035 0.4625 0.7134 -0.2992 -0.6106 -0.1692 0.6974 0.0737 -0.7032 -0.1168 0.8052 -0.3152 -0.5003 -0.0438 0.7563 -0.134 -0.6252 0.1379 0.9193 0.1576 0.329 -0.1476 0.6047 -0.181 -0.7603 -0.1535 0.6028 -0.454 -0.5825 -0.3019 0.9302 0.0674 0.3602 -0.0203
0.7984 -0.0471 -0.54 -0.2621 0.1194 -0.3553 -0.8035 0.4625 0.7134 -0.2992 -0.6106 -0.1692 0.6974 0.0737 -0.7032 -0.1168 0.8052 -0.3152 -0.5003 -0.0438 0.7563 -0.134 -0.6252 0.1379 0.8986 0.213 0.3798 -0.0539 0.6047 -0.181 -0.7603 -0.1535 0.6028 -0.454 -0.5825 -0.3019 0.9302 0.0674 0.3602 -0.0203
0.7984 -0.0471 -0.54 -0.2621 0.1194 -0.3553 -0.8035 0.4625 0.7134 -0.2992 -0.6106 -0.1692 0.6974 0.0737 -0.7032 -0.1168 0.8052 -0.3152 -0.5003 -0.0438 0.7563 -0.134 -0.6252 0.1379 0.8986 0.213 0.3798 -0.0539 0.6047 -0.181 -0.7603 -0.1535 0.6028 -0.454 -0.5825 -0.3019 0.9302 0.0674 0.3602 -0.0203
0.7984 -0.0471 -0.54 -0.2621 0.1194 -0.3553 -0.8035 0.4625 0.7134 -0.2992 -0.6106 -0.1692 0.6974 0.0737 -0.7032 -0.1168 0.8052 -0.3152 -0.5003 -0.0438 0.7563 -0.134 -0.6252 0.1379 0.8986 0.213 0.3798 -0.0539 0.6219 -0.1791 -0.756 -0.0984 0.6028 -0.454 -0.5825 -0.3019 0.9302 0.0674 0.3602 -0.0203
0.7984 -0.0471 -0.54 -0.2621 0.1194 -0.3553 -0.8035 0.4625 0.7134 -0.2992 -0.6106 -0.1692 0.6974 0.0737 -0.7032 -0.1168 0.8052 -0.3152 -0.5003 -0.0438 0.7563 -0.134 -0.6252 0.1379 0.8986 0.213 0.3798 -0.0539 0.6219 -0.1791 -0.756 -0.0984 0.6028 -0.454 -0.5825 -0.3019 0.9105 0.0907 0.4028 -0.0195
0.7984 -0.0471 -0.54 -0.2621 0.1194 -0.3553 -0.8035 0.4625 0.7134 -0.2992 -0.6106 -0.1692 0.6974 0.0737 -0.7032 -0.1168 0.7822 -0.2985 -0.5466 0.0151 0.7563 -0.134 -0.6252 0.1379 0.8986 0.213 0.3798 -0.0539 0.6219 -0.1791 -0.756 -0.0984 0.6028 -0.454 -0.5825 -0.3019 0.9105 0.0907 0.4028 -0.0195
0.7984 -0.0471 -0.54 -0.2621 0.1194 -0.3553 -0.8035 0.4625 0.7134 -0.2992 -0.6106 -0.1692 0.6974 0.0737 -0.7032 -0.1168 0.7822 -0.2985 -0.5466 0.0151 0.7563 -0.134 -0.6252 0.1379 0.8986 0.213 0.3798 -0.0539 0.6219 -0.1791 -0.756 -0.0984 0.6028 -0.454 -0.5825 -0.3019 0.9105 0.0907 0.4028 -0.0195
0.7984 -0.0471 -0.54 -0.2621 0.1194 -0.3553 -0.8035 0.4625 0.7134 -0.2992 -0.6106 -0.1692 0.6974 0.0737 -0.7032 -0.1168 0.7822 -0.2985 -0.5466 0.0151 0.7563 -0.134 -0.6252 0.1379 0.8986 0.213 0.3798 -0.0539 0.6219 -0.1791 -0.756 -0.0984 0.6028 -0.454 -0.5825 -0.3019 0.9105 0.0907 0.4028 -0.0195
0.7984 -0.0471 -0.54 -0.2621 0.1194 -0.3553 -0.8035 0.4625 0.7134 -0.2992 -0.6106 -0.1692 0.6974 0.0737 -0.7032 -0.1168 0.7822 -0.2985 -0.5466 0.0151 0.7336 -0.0602 -0.666 0.1215 0.8686 0.2333 0.4372 7.0E-4 0.6219 -0.1791 -0.756 -0.0984 0.6028 -0.454 -0.5825 -0.3019 0.9105 0.0907 0.4028 -0.0195
0.8022 -0.034 -0.543 -0.246 0.1194 -0.3553 -0.8035 0.4625 0.7134 -0.2992 -0.6106 -0.1692 0.6974 0.0737 -0.7032 -0.1168 0.7822 -0.2985 -0.5466 0.0151 0.7336 -0.0602 -0.666 0.1215 0.8686 0.2333 0.4372 7.0E-4 0.6219 -0.1791 -0.756 -0.0984 0.6028 -0.454 -0.5825 -0.3019 0.9105 0.0907 0.4028 -0.0195
0.8022 -0.034 -0.543 -0.246 0.1194 -0.3553 -0.8035 0.4625 0.7134 -0.2992 -0.6106 -0.1692 0.6974 0.0737 -0.7032 -0.1168 0.7822 -0.2985 -0.5466 0.0151 0.7336 -0.0602 -0.666 0.1215 0.8686 0.2333 0.4372 7.0E-4 0.6219 -0.1791 -0.756 -0.0984 0.6028 -0.454 -0.5825 -0.3019 0.9105 0.0907 0.4028 -0.0195
0.8022 -0.034 -0.543 -0.246 0.1194 -0.3553 -0.8035 0.4625 0.7134 -0.2992 -0.6106 -0.1692 0.6974 0.0737 -0.7032 -0.1168 0.7822 -0.2985 -0.5466 0.0151 0.7336 -0.0602 -0.666 0.1215 0.8686 0.2333 0.4372 7.0E-4 0.6219 -0.1791 -0.756 -0.0984 0.6028 -0.454 -0.5825 -0.3019 0.9105 0.0907 0.4028 -0.0195
0.8022 -0.034 -0.543 -0.246 0.1194 -0.3553 -0.8035 0.4625 0.7134 -0.2992 -0.6106 -0.1692 0.705 0.045 -0.7009 -0.0994 0.7558 -0.271 -0.5945 0.0439 0.7336 -0.0602 -0.666 0.1215 0.8686 0.2333 0.4372 7.0E-4 0.6219 -0.1791 -0.756 -0.0984 0.6526 -0.4791 -0.5452 -0.2177 0.8905 0.1024 0.4428 -0.0209
0.8022 -0.034 -0.543 -0.246 0.1194 -0.3553 -0.8035 0.4625 0.7134 -0.2992 -0.6106 -0.1692 0.705 0.045 -0.7009 -0.0994 0.7558 -0.271 -0.5945 0.0439 0.7336 -0.0602 -0.666 0.1215 0.8686 0.2333 0.4372 7.0E-4 0.6219 -0.1791 -0.756 -0.0984 0.6526 -0.4791 -0.5452 -0.2177 0.8905 0.1024 0.4428 -0.0209
0.8022 -0.034 -0.543 -0.246 0.1194 -0.3553 -0.8035 0.4625 0.7134 -0.2992 -0.6106 -0.1692 0.705 0.045 -0.7009 -0.0994 0.7558 -0.271 -0.5945 0.0439 0.7336 -0.0602 -0.666 0.1215 0.8686 0.2333 0.4372 7.0E-4 0.6219 -0.1791 -0.756 -0.0984 0.6526 -0.4791 -0.5452 -0.2177 0.8905 0.1024 0.4428 -0.0209
0.8022 -0.034 -0.543 -0.246 0.1194 -0.3553 -0.8035 0.4625 0.7134 -0.2992 -0.6106 -0.1692 0.705 0.045 -0.7009 -0.0994 0.7558 -0.271 -0.5945 0.0439 0.733 0.053 -0.6703 0.1031 0.8686 0.2333 0.4372 7.0E-4 0.6219 -0.1791 -0.756 -0.0984 0.6526 -0.4791 -0.5452 -0.2177 0.8905 0.1024 0.4428 -0.0209
0.8022 -0.034 -0.543 -0.246 0.1194 -0.3553 -0.8035 0.4625 0.7134 -0.2992 -0.6106 -0.1692 0.705 0.045 -0.7009 -0.0994 0.7558 -0.271 -0.5945 0.0439 0.733 0.053 -0.6703 0.1031 0.8686 0.2333 0.4372 7.0E-4 0.6219 -0.1791 -0.756 -0.0984 0.6526 -0.4791 -0.5452 -0.2177 0.8905 0.1024 0.4428 -0.0209
0.8022 -0.034 -0.543 -0.246 0.1194 -0.3553 -0.8035 0.4625 0.7134 -0.2992 -0.6106 -0.1692 0.705 0.045 -0.7009 -0.0994 0.7558 -0.271 -0.5945 0.0439 0.733 0.053 -0.6703 0.1031 0.8686 0.2333 0.4372 7.0E-4 0.6219 -0.1791 -0.756 -0.0984 0.6526 -0.4791 -0.5452 -0.2177 0.8905 0.1024 0.4428 -0.0209
0.8051 -0.0231 -0.5446 -0.2341 0.101 -0.3265 -0.827 0.4464 0.6906 -0.2811 -0.6483 -0.1547 0.7179 0.0522 -0.6882 -0.0907 0.7363 -0.2312 -0.6351 0.0313 0.733 0.053 -0.6703 0.1031 0.8936 0.1713 0.415 -0.0046 0.652 -0.1844 -0.7346 -0.0373 0.6734 -0.4861 -0.5248 -0.1866 0.851 0.1121 0.5128 -0.0192
0.8051 -0.0231 -0.5446 -0.2341 0.101 -0.3265 -0.827 0.4464 0.6906 -0.2811 -0.6483 -0.1547 0.7179 0.0522 -0.6882 -0.0907 0.7363 -0.2312 -0.6351 0.0313 0.733 0.053 -0.6703 0.1031 0.8936 0.1713 0.415 -0.0046 0.652 -0.1844 -0.7346 -0.0373 0.6734 -0.4861 -0.5248 -0.1866 0.851 0.1121 0.5128 -0.0192
0.8051 -0.0231 -0.5446 -0.2341 0.101 -0.3265 -0.827 0.4464 0.6906 -0.2811 -0.6483 -0.1547 0.7179 0.0522 -0.6882 -0.0907 0.7363 -0.2312 -0.6351 0.0313 0.733 0.053 -0.6703 0.1031 0.8936 0.1713 0.415 -0.0046 0.652 -0.1844 -0.7346 -0.0373 0.6734 -0.4861 -0.5248 -0.1866 0.851 0.1121 0.5128 -0.0192
0.8051 -0.0231 -0.5446 -0.2341 0.101 -0.3265 -0.827 0.4464 0.6906 -0.2811 -0.6483 -0.1547 0.7179 0.0522 -0.6882 -0.0907 0.7363 -0.2312 -0.6351 0.0313 0.733 0.053 -0.6703 0.1031 0.8936 0.1713 0.415 -0.0046 0.652 -0.1844 -0.7346 -0.0373 0.6734 -0.4861 -0.5248 -0.1866 0.851 0.1121 0.5128 -0.0192
0.8051 -0.0231 -0.5446 -0.2341 0.101 -0.3265 -0.827 0.4464 0.6906 -0.2811 -0.6483 -0.1547 0.7179 0.0522 -0.6882 -0.0907 0.7363 -0.2312 -0.6351 0.0313 0.7375 0.1031 -0.6658 0.046 0.904 0.1582 0.3971 -0.004 0.652 -0.1844 -0.7346 -0.0373 0.6734 -0.4861 -0.5248 -0.1866 0.851 0.1121 0.5128 -0.0192
0.8051 -0.0231 -0.5446 -0.2341 0.101 -0.3265 -0.827 0.4464 0.6906 -0.2811 -0.6483 -0.1547 0.7179 0.0522 -0.6882 -0.0907 0.7363 -0.2312 -0.6351 0.0313 0.7375 0.1031 -0.6658 0.046 0.904 0.1582 0.3971 -0.004 0.652 -0.1844 -0.7346 -0.0373 0.6734 -0.4861 -0.5248 -0.1866 0.851 0.1121 0.5128 -0.0192
0.8051 -0.0231 -0.5446 -0.2341 0.101 -0.3265 -0.827 0.4464 0.6906 -0.2811 -0.6483 -0.1547 0.7179 0.0522 -0.6882 -0.0907 0.7363 -0.2312 -0.6351 0.0313 0.7375 0.1031 -0.6658 0.046 0.904 0.1582 0.3971 -0.004 0.652 -0.1844 -0.7346 -0.0373 0.6734 -0.4861 -0.5248 -0.1866 0.851 0.1121 0.5128 -0.0192
0.8126 -0.0139 -0.5437 -0.2095 0.101 -0.3265 -0.827 0.4464 0.7167 -0.2567 -0.6417 -0.0938 0.738 0.0486 -0.6671 -0.0892 0.7184 -0.2639 -0.6434 -0.018 0.7375 0.1031 -0.6658 0.046 0.904 0.1582 0.3971 -0.004 0.6672 -0.1769 -0.7226 -0.0361 0.7041 -0.4937 -0.4957 -0.1214 0.7206 0.1564 0.6753 -0.0101
0.8126 -0.0139 -0.5437 -0.2095 0.101 -0.3265 -0.827 0.4464 0.7167 -0.2567 -0.6417 -0.0938 0.738 0.0486 -0.6671 -0.0892 0.7184 -0.2639 -0.6434 -0.018 0.7375 0.1031 -0.6658 0.046 0.904 0.1582 0.3971 -0.004 0.6672 -0.1769 -0.7226 -0.0361 0.7041 -0.4937 -0.4957 -0.1214 0.7206 0.1564 0.6753 -0.0101
0.8126 -0.0139 -0.5437 -0.2095 0.101 -0.3265 -0.827 0.4464 0.7167 -0.2567 -0.6417 -0.0938 0.738 0.0486 -0.6671 -0.0892 0.7184 -0.2639 -0.6434 -0.018 0.7375 0.1031 -0.6658 0.046 0.904 0.1582 0.3971 -0.004 0.6672 -0.1769 -0.7226 -0.0361 0.7041 -0.4937 -0.4957 -0.1214 0.7206 0.1564 0.6753 -0.0101
0.8126 -0.0139 -0.5437 -0.2095 0.101 -0.3265 -0.827 0.4464 0.7167 -0.2567 -0.6417 -0.0938 0.738 0.0486 -0.6671 -0.0892 0.7184 -0.2639 -0.6434 -0.018 0.7354 0.153 -0.66 -0.0106 0.904 0.1582 0.3971 -0.004 0.6672 -0.1769 -0.7226 -0.0361 0.7041 -0.4937 -0.4957 -0.1214 0.7206 0.1564 0.6753 -0.0101
0.8126 -0.0139 -0.5437 -0.2095 0.101 -0.3265 -0.827 0.4464 0.7167 -0.2567 -0.6417 -0.0938 0.738 0.0486 -0.6671 -0.0892 0.7184 -0.2639 -0.6434 -0.018 0.7354 0.153 -0.66 -0.0106 0.8951 0.1641 0.4147 -0.0024 0.6672 -0.1769 -0.7226 -0.0361 0.7041 -0.4937 -0.4957 -0.1214 0.7206 0.1564 0.6753 -0.0101
0.8234 -0.0109 -0.5344 -0.1908 0.101 -0.3265 -0.827 0.4464 0.7167 -0.2567 -0.6417 -0.0938 0.738 0.0486 -0.6671 -0.0892 0.7184 -0.2639 -0.6434 -0.018 0.7354 0.153 -0.66 -0.0106 0.8951 0.1641 0.4147 -0.0024 0.6672 -0.1769 -0.7226 -0.0361 0.7041 -0.4937 -0.4957 -0.1214 0.7206 0.1564 0.6753 -0.0101
0.8234 -0.0109 -0.5344 -0.1908 0.101 -0.3265 -0.827 0.4464 0.7167 -0.2567 -0.6417 -0.0938 0.738 0.0486 -0.6671 -0.0892 0.7184 -0.2639 -0.6434 -0.018 0.7354 0.153 -0.66 -0.0106 0.8951 0.1641 0.4147 -0.0024 0.6672 -0.1769 -0.7226 -0.0361 0.746 -0.4608 -0.4808 0.0068 0.7206 0.1564 0.6753 -0.0101
0.8234 -0.0109 -0.5344 -0.1908 0.101 -0.3265 -0.827 0.4464 0.7167 -0.2567 -0.6417 -0.0938 0.738 0.0486 -0.6671 -0.0892 0.7026 -0.2651 -0.6583 -0.0511 0.7354 0.153 -0.66 -0.0106 0.8951 0.1641 0.4147 -0.0024 0.6672 -0.1769 -0.7226 -0.0361 0.746 -0.4608 -0.4808 0.0068 0.7206 0.1564 0.6753 -0.0101
0.8234 -0.0109 -0.5344 -0.1908 0.101 -0.3265 -0.827 0.4464 0.7167 -0.2567 -0.6417 -0.0938 0.738 0.0486 -0.6671 -0.0892 0.7026 -0.2651 -0.6583 -0.0511 0.7354 0.153 -0.66 -0.0106 0.8951 0.1641 0.4147 -0.0024 0.6672 -0.1769 -0.7226 -0.0361 0.746 -0.4608 -0.4808 0.0068 0.7206 0.1564 0.6753 -0.0101
0.8234 -0.0109 -0.5344 -0.1908 0.101 -0.3265 -0.827 0.4464 0.7167 -0.2567 -0.6417 -0.0938 0.738 0.0486 -0.6671 -0.0892 0.7026 -0.2651 -0.6583 -0.0511 0.7354 0.153 -0.66 -0.0106 0.8951 0.1641 0.4147 -0.0024 0.6672 -0.1769 -0.7226 -0.0361 0.746 -0.4608 -0.4808 0.0068 0.7206 0.1564 0.6753 -0.0101
0.8234 -0.0109 -0.5344 -0.1908 0.101 -0.3265 -0.827 0.4464 0.7167 -0.2567 -0.6417 -0.0938 0.738 0.0486 -0.6671 -0.0892 0.7026 -0.2651 -0.6583 -0.0511 0.7354 0.153 -0.66 -0.0106 0.8951 0.1641 0.4147 -0.0024 0.6672 -0.1769 -0.7226 -0.0361 0.746 -0.4608 -0.4808 0.0068 0.7206 0.1564 0.6753 -0.0101
0.8234 -0.0109 -0.5344 -0.1908 0.101 -0.3265 -0.827 0.4464 0.7167 -0.2567 -0.6417 -0.0938 0.738 0.0486 -0.6671 -0.0892 0.7026 -0.2651 -0.6583 -0.0511 0.7273 0.2061 -0.6541 -0.0269 0.895 0.1471 0.4209 -0.0151 0.6672 -0.1769 -0.7226 -0.0361 0.746 -0.4608 -0.4808 0.0068 0.7206 0.1564 0.6753 -0.0101
0.8383 -0.0065 -0.5165 -0.1746 0.101 -0.3265 -0.827 0.4464 0.7167 -0.2567 -0.6417 -0.0938 0.738 0.0486 -0.6671 -0.0892 0.7026 -0.2651 -0.6583 -0.0511 0.7273 0.2061 -0.6541 -0.0269 0.895 0.1471 0.4209 -0.0151 0.6672 -0.1769 -0.7226 -0.0361 0.746 -0.4608 -0.4808 0.0068 0.7206 0.1564 0.6753 -0.0101
0.8383 -0.0065 -0.5165 -0.1746 0.101 -0.3265 -0.827 0.4464 0.7167 -0.2567 -0.6417 -0.0938 0.738 0.0486 -0.6671 -0.0892 0.7026 -0.2651 -0.6583 -0.0511 0.7273 0.2061 -0.6541 -0.0269 0.895 0.1471 0.4209 -0.0151 0.6672 -0.1769 -0.7226 -0.0361 0.746 -0.4608 -0.4808 0.0068 0.7206 0.1564 0.6753 -0.0101
0.8383 -0.0065 -0.5165 -0.1746 0.0813 -0.2773 -0.8272 0.4818 0.7394 -0.1948 -0.6438 -0.0294 0.7597 0.1179 -0.6393 -0.0143 0.7026 -0.2651 -0.6583 -0.0511 0.7273 0.2061 -0.6541 -0.0269 0.895 0.1471 0.4209 -0.0151 0.688 0.0325 -0.7144 -0.1234 0.7575 -0.3978 -0.5176 0.0024 0.7656 0.0928 0.6274 0.1075
0.8383 -0.0065 -0.5165 -0.1746 0.0813 -0.2773 -0.8272 0.4818 0.7394 -0.1948 -0.6438 -0.0294 0.7597 0.1179 -0.6393 -0.0143 0.7026 -0.2651 -0.6583 -0.0511 0.7273 0.2061 -0.6541 -0.0269 0.895 0.1471 0.4209 -0.0151 0.688 0.0325 -0.7144 -0.1234 0.7575 -0.3978 -0.5176 0.0024 0.7656 0.0928 0.6274 0.1075
0.8383 -0.0065 -0.5165 -0.1746 0.0813 -0.2773 -0.8272 0.4818 0.7394 -0.1948 -0.6438 -0.0294 0.7597 0.1179 -0.6393 -0.0143 0.7026 -0.2651 -0.6583 -0.0511 0.7273 0.2061 -0.6541 -0.0269 0.895 0.1471 0.4209 -0.0151 0.688 0.0325 -0.7144 -0.1234 0.7575 -0.3978 -0.5176 0.0024 0.7656 0.0928 0.6274 0.1075
0.8383 -0.0065 -0.5165 -0.1746 0.0813 -0.2773 -0.8272 0.4818 0.7394 -0.1948 -0.6438 -0.0294 0.7597 0.1179 -0.6393 -0.0143 0.7026 -0.2651 -0.6583 -0.0511 0.7281 0.2352 -0.6422 -0.0454 0.895 0.1471 0.4209 -0.0151 0.688 0.0325 -0.7144 -0.1234 0.7575 -0.3978 -0.5176 0.0024 0.7656 0.0928 0.6274 0.1075
0.8383 -0.0065 -0.5165 -0.1746 0.0813 -0.2773 -0.8272 0.4818 0.7394 -0.1948 -0.6438 -0.0294 0.7597 0.1179 -0.6393 -0.0143 0.7026 -0.2651 -0.6583 -0.0511 0.7281 0.2352 -0.6422 -0.0454 0.8913 0.1325 0.4327 -0.0269 0.688 0.0325 -0.7144 -0.1234 0.7575 -0.3978 -0.5176 0.0024 0.7656 0.0928 0.6274 0.1075
0.8383 -0.0065 -0.5165 -0.1746 0.0813 -0.2773 -0.8272 0.4818 0.7394 -0.1948 -0.6438 -0.0294 0.7597 0.1179 -0.6393 -0.0143 0.7026 -0.2651 -0.6583 -0.0511 0.7281 0.2352 -0.6422 -0.0454 0.8913 0.1325 0.4327 -0.0269 0.688 0.0325 -0.7144 -0.1234 0.7575 -0.3978 -0.5176 0.0024 0.7656 0.0928 0.6274 0.1075
0.8383 -0.0065 -0.5165 -0.1746 0.0813 -0.2773 -0.8272 0.4818 0.7394 -0.1948 -0.6438 -0.0294 0.7597 0.1179 -0.6393 -0.0143 0.7026 -0.2651 -0.6583 -0.0511 0.7281 0.2352 -0.6422 -0.0454 0.8913 0.1325 0.4327 -0.0269 0.688 0.0325 -0.7144 -0.1234 0.6811 -0.2996 -0.6257 -0.2342 0.7656 0.0928 0.6274 0.1075
0.8383 -0.0065 -0.5165 -0.1746 0.0813 -0.2773 -0.8272 0.4818 0.7394 -0.1948 -0.6438 -0.0294 0.7597 0.1179 -0.6393 -0.0143 0.6696 -0.2374 -0.6953 -0.109 0.7281 0.2352 -0.6422 -0.0454 0.8913 0.1325 0.4327 -0.0269 0.688 0.0325 -0.7144 -0.1234 0.6811 -0.2996 -0.6257 -0.2342 0.7656 0.0928 0.6274 0.1075
0.8383 -0.0065 -0.5165 -0.1746 0.0813 -0.2773 -0.8272 0.4818 0.7394 -0.1948 -0.6438 -0.0294 0.7597 0.1179 -0.6393 -0.0143 0.6696 -0.2374 -0.6953 -0.109 0.7281 0.2352 -0.6422 -0.0454 0.8913 0.1325 0.4327 -0.0269 0.688 0.0325 -0.7144 -0.1234 0.6811 -0.2996 -0.6257 -0.2342 0.7656 0.0928 0.6274 0.1075
0.8383 -0.0065 -0.5165 -0.1746 0.0813 -0.2773 -0.8272 0.4818 0.7394 -0.1948 -0.6438 -0.0294 0.7597 0.1179 -0.6393 -0.0143 0.6696 -0.2374 -0.6953 -0.109 0.7374 0.2484 -0.6252 -0.0613 0.8913 0.1325 0.4327 -0.0269 0.688 0.0325 -0.7144 -0.1234 0.6811 -0.2996 -0.6257 -0.2342 0.7656 0.0928 0.6274 0.1075
0.8383 -0.0065 -0.5165 -0.1746 0.0813 -0.2773 -0.8272 0.4818 0.7394 -0.1948 -0.6438 -0.0294 0.7597 0.1179 -0.6393 -0.0143 0.6696 -0.2374 -0.6953 -0.109 0.7374 0.2484 -0.6252 -0.0613 0.8913 0.1325 0.4327 -0.0269 0.688 0.0325 -0.7144 -0.1234 0.6811 -0.2996 -0.6257 -0.2342 0.7656 0.0928 0.6274 0.1075
0.8383 -0.0065 -0.5165 -0.1746 0.0813 -0.2773 -0.8272 0.4818 0.7394 -0.1948 -0.6438 -0.0294 0.7597 0.1179 -0.6393 -0.0143 0.6696 -0.2374 -0.6953 -0.109 0.7374 0.2484 -0.6252 -0.0613 0.8863 0.1215 0.4455 -0.0359 0.688 0.0325 -0.7144 -0.1234 0.6811 -0.2996 -0.6257 -0.2342 0.7656 0.0928 0.6274 0.1075
0.8387 0.0402 -0.5295 -0.1211 0.0813 -0.2773 -0.8272 0.4818 0.7394 -0.1948 -0.6438 -0.0294 0.7597 0.1179 -0.6393 -0.0143 0.6696 -0.2374 -0.6953 -0.109 0.7374 0.2484 -0.6252 -0.0613 0.8863 0.1215 0.4455 -0.0359 0.688 0.0325 -0.7144 -0.1234 0.6811 -0.2996 -0.6257 -0.2342 0.7656 0.0928 0.6274 0.1075
0.8387 0.0402 -0.5295 -0.1211 0.0813 -0.2773 -0.8272 0.4818 0.7394 -0.1948 -0.6438 -0.0294 0.7597 0.1179 -0.6393 -0.0143 0.6696 -0.2374 -0.6953 -0.109 0.7374 0.2484 -0.6252 -0.0613 0.8863 0.1215 0.4455 -0.0359 0.688 0.0325 -0.7144 -0.1234 0.6811 -0.2996 -0.6257 -0.2342 0.7656 0.0928 0.6274 0.1075
0.8387 0.0402 -0.5295 -0.1211 0.0813 -0.2773 -0.8272 0.4818 0.7394 -0.1948 -0.6438 -0.0294 0.761 0.1321 -0.6328 0.0558 0.6522 -0.2278 -0.7064 -0.1537 0.7374 0.2484 -0.6252 -0.0613 0.8863 0.1215 0.4455 -0.0359 0.688 0.0325 -0.7144 -0.1234 0.6811 -0.2996 -0.6257 -0.2342 0.7656 0.0928 0.6274 0.1075
0.8387 0.0402 -0.5295 -0.1211 0.0813 -0.2773 -0.8272 0.4818 0.7394 -0.1948 -0.6438 -0.0294 0.761 0.1321 -0.6328 0.0558 0.6522 -0.2278 -0.7064 -0.1537 0.7374 0.2484 -0.6252 -0.0613 0.8863 0.1215 0.4455 -0.0359 0.688 0.0325 -0.7144 -0.1234 0.6811 -0.2996 -0.6257 -0.2342 0.7656 0.0928 0.6274 0.1075
0.8387 0.0402 -0.5295 -0.1211 0.0813 -0.2773 -0.8272 0.4818 0.7394 -0.1948 -0.6438 -0.0294 0.761 0.1321 -0.6328 0.0558 0.6522 -0.2278 -0.7064 -0.1537 0.7374 0.2484 -0.6252 -0.0613 0.8863 0.1215 0.4455 -0.0359 0.688 0.0325 -0.7144 -0.1234 0.6811 -0.2996 -0.6257 -0.2342 0.7656 0.0928 0.6274 0.1075
0.8387 0.0402 -0.5295 -0.1211 0.0813 -0.2773 -0.8272 0.4818 0.7394 -0.1948 -0.6438 -0.0294 0.761 0.1321 -0.6328 0.0558 0.6522 -0.2278 -0.7064 -0.1537 0.7374 0.2484 -0.6252 -0.0613 0.8863 0.1215 0.4455 -0.0359 0.688 0.0325 -0.7144 -0.1234 0.6811 -0.2996 -0.6257 -0.2342 0.7656 0.0928 0.6274 0.1075
0.8387 0.0402 -0.5295 -0.1211 0.0813 -0.2773 -0.8272 0.4818 0.7394 -0.1948 -0.6438 -0.0294 0.761 0.1321 -0.6328 0.0558 0.6522 -0.2278 -0.7064 -0.1537 0.7499 0.2645 -0.5965 -0.1088 0.8402 0.1475 0.5201 -0.042 0.688 0.0325 -0.7144 -0.1234 0.6811 -0.2996 -0.6257 -0.2342 0.7656 0.0928 0.6274 0.1075
0.8387 0.0402 -0.5295 -0.1211 0.0813 -0.2773 -0.8272 0.4818 0.7394 -0.1948 -0.6438 -0.0294 0.761 0.1321 -0.6328 0.0558 0.6522 -0.2278 -0.7064 -0.1537 0.7499 0.2645 -0.5965 -0.1088 0.8402 0.1475 0.5201 -0.042 0.688 0.0325 -0.7144 -0.1234 0.6811 -0.2996 -0.6257 -0.2342 0.7656 0.0928 0.6274 0.1075
0.8387 0.0402 -0.5295 -0.1211 0.0813 -0.2773 -0.8272 0.4818 0.7394 -0.1948 -0.6438 -0.0294 0.761 0.1321 -0.6328 0.0558 0.6522 -0.2278 -0.7064 -0.1537 0.7499 0.2645 -0.5965 -0.1088 0.8402 0.1475 0.5201 -0.042 0.688 0.0325 -0.7144 -0.1234 0.6811 -0.2996 -0.6257 -0.2342 0.7656 0.0928 0.6274 0.1075
0.8387 0.0402 -0.5295 -0.1211 0.0813 -0.2773 -0.8272 0.4818 0.7394 -0.1948 -0.6438 -0.0294 0.7732 0.1091 -0.6181 0.0907 0.6522 -0.2278 -0.7064 -0.1537 0.7499 0.2645 -0.5965 -0.1088 0.8402 0.1475 0.5201 -0.042 0.688 0.0325 -0.7144 -0.1234 0.6074 -0.3289 -0.619 -0.374 0.9406 0.0608 0.3328 -0.0294
0.8387 0.0402 -0.5295 -0.1211 0.0813 -0.2773 -0.8272 0.4818 0.7394 -0.1948 -0.6438 -0.0294 0.7732 0.1091 -0.6181 0.0907 0.6856 -0.2598 -0.643 -0.2214 0.7499 0.2645 -0.5965 -0.1088 0.8402 0.1475 0.5201 -0.042 0.688 0.0325 -0.7144 -0.1234 0.6074 -0.3289 -0.619 -0.374 0.9406 0.0608 0.3328 -0.0294
0.8387 0.0402 -0.5295 -0.1211 0.0813 -0.2773 -0.8272 0.4818 0.7394 -0.1948 -0.6438 -0.0294 0.7732 0.1091 -0.6181 0.0907 0.6856 -0.2598 -0.643 -0.2214 0.7499 0.2645 -0.5965 -0.1088 0.8402 0.1475 0.5201 -0.042 0.688 0.0325 -0.7144 -0.1234 0.6074 -0.3289 -0.619 -0.374 0.9406 0.0608 0.3328 -0.0294
0.8387 0.0402 -0.5295 -0.1211 0.0813 -0.2773 -0.8272 0.4818 0.7394 -0.1948 -0.6438 -0.0294 0.7732 0.1091 -0.6181 0.0907 0.6856 -0.2598 -0.643 -0.2214 0.7499 0.2645 -0.5965 -0.1088 0.8402 0.1475 0.5201 -0.042 0.688 0.0325 -0.7144 -0.1234 0.6074 -0.3289 -0.619 -0.374 0.9406 0.0608 0.3328 -0.0294
0.8387 0.0402 -0.5295 -0.1211 0.0813 -0.2773 -0.8272 0.4818 0.7394 -0.1948 -0.6438 -0.0294 0.7732 0.1091 -0.6181 0.0907 0.6856 -0.2598 -0.643 -0.2214 0.7908 0.2245 -0.537 -0.1893 0.8402 0.1475 0.5201 -0.042 0.688 0.0325 -0.7144 -0.1234 0.6074 -0.3289 -0.619 -0.374 0.9406 0.0608 0.3328 -0.0294
0.8387 0.0402 -0.5295 -0.1211 0.0813 -0.2773 -0.8272 0.4818 0.7147 -0.2191 -0.6639 -0.0211 0.7732 0.1091 -0.6181 0.0907 0.6856 -0.2598 -0.643 -0.2214 0.7908 0.2245 -0.537 -0.1893 0.8402 0.1475 0.5201 -0.042 0.688 0.0325 -0.7144 -0.1234 0.6074 -0.3289 -0.619 -0.374 0.9406 0.0608 0.3328 -0.0294
0.8387 0.0402 -0.5295 -0.1211 0.0813 -0.2773 -0.8272 0.4818 0.7147 -0.2191 -0.6639 -0.0211 0.7732 0.1091 -0.6181 0.0907 0.6856 -0.2598 -0.643 -0.2214 0.7908 0.2245 -0.537 -0.1893 0.8402 0.1475 0.5201 -0.042 0.688 0.0325 -0.7144 -0.1234 0.6074 -0.3289 -0.619 -0.374 0.9406 0.0608 0.3328 -0.0294
0.8387 0.0402 -0.5295 -0.1211 0.0813 -0.2773 -0.8272 0.4818 0.7147 -0.2191 -0.6639 -0.0211 0.7732 0.1091 -0.6181 0.0907 0.753 -0.2642 -0.5485 -0.2499 0.7908 0.2245 -0.537 -0.1893 0.8402 0.1475 0.5201 -0.042 0.688 0.0325 -0.7144 -0.1234 0.6074 -0.3289 -0.619 -0.374 0.9406 0.0608 0.3328 -0.0294
0.8387 0.0402 -0.5295 -0.1211 0.0813 -0.2773 -0.8272 0.4818 0.7147 -0.2191 -0.6639 -0.0211 0.7732 0.1091 -0.6181 0.0907 0.753 -0.2642 -0.5485 -0.2499 0.7908 0.2245 -0.537 -0.1893 0.8402 0.1475 0.5201 -0.042 0.688 0.0325 -0.7144 -0.1234 0.6074 -0.3289 -0.619 -0.374 0.9406 0.0608 0.3328 -0.0294
0.8387 0.0402 -0.5295 -0.1211 0.0813 -0.2773 -0.8272 0.4818 0.7147 -0.2191 -0.6639 -0.0211 0.7732 0.1091 -0.6181 0.0907 0.753 -0.2642 -0.5485 -0.2499 0.7908 0.2245 -0.537 -0.1893 0.8402 0.1475 0.5201 -0.042 0.688 0.0325 -0.7144 -0.1234 0.6074 -0.3289 -0.619 -0.374 0.9406 0.0608 0.3328 -0.0294
0.8387 0.0402 -0.5295 -0.1211 0.0813 -0.2773 -0.8272 0.4818 0.7147 -0.2191 -0.6639 -0.0211 0.7732 0.1091 -0.6181 0.0907 0.753 -0.2642 -0.5485 -0.2499 0.7908 0.2245 -0.537 -0.1893 0.8402 0.1475 0.5201 -0.042 0.688 0.0325 -0.7144 -0.1234 0.6074 -0.3289 -0.619 -0.374 0.9406 0.0608 0.3328 -0.0294
0.8387 0.0402 -0.5295 -0.1211 0.0813 -0.2773 -0.8272 0.4818 0.7147 -0.2191 -0.6639 -0.0211 0.7732 0.1091 -0.6181 0.0907 0.753 -0.2642 -0.5485 -0.2499 0.7908 0.2245 -0.537 -0.1893 0.8477 0.0935 0.5067 -0.1263 0.688 0.0325 -0.7144 -0.1234 0.6074 -0.3289 -0.619 -0.374 0.9406 0.0608 0.3328 -0.0294
0.8387 0.0402 -0.5295 -0.1211 0.0813 -0.2773 -0.8272 0.4818 0.7147 -0.2191 -0.6639 -0.0211 0.7732 0.1091 -0.6181 0.0907 0.753 -0.2642 -0.5485 -0.2499 0.7908 0.2245 -0.537 -0.1893 0.8477 0.0935 0.5067 -0.1263 0.688 0.0325 -0.7144 -0.1234 0.6074 -0.3289 -0.619 -0.374 0.9406 0.0608 0.3328 -0.0294
0.8387 0.0402 -0.5295 -0.1211 0.0813 -0.2773 -0.8272 0.4818 0.7147 -0.2191 -0.6639 -0.0211 0.7732 0.1091 -0.6181 0.0907 0.753 -0.2642 -0.5485 -0.2499 0.7908 0.2245 -0.537 -0.1893 0.8477 0.0935 0.5067 -0.1263 0.688 0.0325 -0.7144 -0.1234 0.5928 -0.4048 -0.602 -0.3498 0.9406 0.0608 0.3328 -0.0294
0.8387 0.0402 -0.5295 -0.1211 0.0813 -0.2773 -0.8272 0.4818 0.7147 -0.2191 -0.6639 -0.0211 0.7732 0.1091 -0.6181 0.0907 0.7958 -0.2411 -0.5004 -0.241 0.7908 0.2245 -0.537 -0.1893 0.8477 0.0935 0.5067 -0.1263 0.688 0.0325 -0.7144 -0.1234 0.5928 -0.4048 -0.602 -0.3498 0.9406 0.0608 0.3328 -0.0294
0.8387 0.0402 -0.5295 -0.1211 0.0813 -0.2773 -0.8272 0.4818 0.7147 -0.2191 -0.6639 -0.0211 0.7732 0.1091 -0.6181 0.0907 0.7958 -0.2411 -0.5004 -0.241 0.7908 0.2245 -0.537 -0.1893 0.8477 0.0935 0.5067 -0.1263 0.688 0.0325 -0.7144 -0.1234 0.5928 -0.4048 -0.602 -0.3498 0.9406 0.0608 0.3328 -0.0294
0.8387 0.0402 -0.5295 -0.1211 0.0813 -0.2773 -0.8272 0.4818 0.7147 -0.2191 -0.6639 -0.0211 0.7732 0.1091 -0.6181 0.0907 0.7958 -0.2411 -0.5004 -0.241 0.7908 0.2245 -0.537 -0.1893 0.8477 0.0935 0.5067 -0.1263 0.688 0.0325 -0.7144 -0.1234 0.5928 -0.4048 -0.602 -0.3498 0.9406 0.0608 0.3328 -0.0294
0.8387 0.0402 -0.5295 -0.1211 0.0813 -0.2773 -0.8272 0.4818 0.7147 -0.2191 -0.6639 -0.0211 0.7732 0.1091 -0.6181 0.0907 0.7958 -0.2411 -0.5004 -0.241 0.8796 -0.0443 -0.4735 0.0154 0.8477 0.0935 0.5067 -0.1263 0.688 0.0325 -0.7144 -0.1234 0.5928 -0.4048 -0.602 -0.3498 0.9406 0.0608 0.3328 -0.0294
0.8387 0.0402 -0.5295 -0.1211 0.0813 -0.2773 -0.8272 0.4818 0.7147 -0.2191 -0.6639 -0.0211 0.7732 0.1091 -0.6181 0.0907 0.7958 -0.2411 -0.5004 -0.241 0.8796 -0.0443 -0.4735 0.0154 0.9051 0.077 0.3864 -0.1599 0.688 0.0325 -0.7144 -0.1234 0.5928 -0.4048 -0.602 -0.3498 0.9406 0.0608 0.3328 -0.0294
0.8387 0.0402 -0.5295 -0.1211 0.0813 -0.2773 -0.8272 0.4818 0.7278 -0.2815 -0.6185 -0.0921 0.7732 0.1091 -0.6181 0.0907 0.7958 -0.2411 -0.5004 -0.241 0.8796 -0.0443 -0.4735 0.0154 0.9051 0.077 0.3864 -0.1599 0.688 0.0325 -0.7144 -0.1234 0.5928 -0.4048 -0.602 -0.3498 0.9406 0.0608 0.3328 -0.0294
0.8387 0.0402 -0.5295 -0.1211 0.0813 -0.2773 -0.8272 0.4818 0.7278 -0.2815 -0.6185 -0.0921 0.7732 0.1091 -0.6181 0.0907 0.7958 -0.2411 -0.5004 -0.241 0.8796 -0.0443 -0.4735 0.0154 0.9051 0.077 0.3864 -0.1599 0.6037 -0.1572 -0.7633 -0.1678 0.5928 -0.4048 -0.602 -0.3498 0.9406 0.0608 0.3328 -0.0294
0.8387 0.0402 -0.5295 -0.1211 0.0813 -0.2773 -0.8272 0.4818 0.7278 -0.2815 -0.6185 -0.0921 0.7732 0.1091 -0.6181 0.0907 0.7958 -0.2411 -0.5004 -0.241 0.8796 -0.0443 -0.4735 0.0154 0.9051 0.077 0.3864 -0.1599 0.6037 -0.1572 -0.7633 -0.1678 0.5928 -0.4048 -0.602 -0.3498 0.9406 0.0608 0.3328 -0.0294
0.8387 0.0402 -0.5295 -0.1211 0.0813 -0.2773 -0.8272 0.4818 0.7278 -0.2815 -0.6185 -0.0921 0.7732 0.1091 -0.6181 0.0907 0.8254 -0.2708 -0.4616 -0.1799 0.8796 -0.0443 -0.4735 0.0154 0.9051 0.077 0.3864 -0.1599 0.6037 -0.1572 -0.7633 -0.1678 0.5928 -0.4048 -0.602 -0.3498 0.9287 0.0549 0.3643 -0.0422
0.8387 0.0402 -0.5295 -0.1211 0.0813 -0.2773 -0.8272 0.4818 0.7278 -0.2815 -0.6185 -0.0921 0.7732 0.1091 -0.6181 0.0907 0.8254 -0.2708 -0.4616 -0.1799 0.8796 -0.0443 -0.4735 0.0154 0.9051 0.077 0.3864 -0.1599 0.6037 -0.1572 -0.7633 -0.1678 0.5928 -0.4048 -0.602 -0.3498 0.9287 0.0549 0.3643 -0.0422
0.8387 0.0402 -0.5295 -0.1211 0.0813 -0.2773 -0.8272 0.4818 0.7278 -0.2815 -0.6185 -0.0921 0.7732 0.1091 -0.6181 0.0907 0.8254 -0.2708 -0.4616 -0.1799 0.8796 -0.0443 -0.4735 0.0154 0.9051 0.077 0.3864 -0.1599 0.6037 -0.1572 -0.7633 -0.1678 0.5928 -0.4048 -0.602 -0.3498 0.9287 0.0549 0.3643 -0.0422
0.8387 0.0402 -0.5295 -0.1211 0.0813 -0.2773 -0.8272 0.4818 0.7278 -0.2815 -0.6185 -0.0921 0.7732 0.1091 -0.6181 0.0907 0.8254 -0.2708 -0.4616 -0.1799 0.8347 -0.1782 -0.5187 0.0497 0.9344 0.1535 0.2889 -0.1409 0.6037 -0.1572 -0.7633 -0.1678 0.5928 -0.4048 -0.602 -0.3498 0.9287 0.0549 0.3643 -0.0422
0.8387 0.0402 -0.5295 -0.1211 0.0813 -0.2773 -0.8272 0.4818 0.7278 -0.2815 -0.6185 -0.0921 0.7732 0.1091 -0.6181 0.0907 0.8254 -0.2708 -0.4616 -0.1799 0.8347 -0.1782 -0.5187 0.0497 0.9344 0.1535 0.2889 -0.1409 0.6037 -0.1572 -0.7633 -0.1678 0.5928 -0.4048 -0.602 -0.3498 0.9287 0.0549 0.3643 -0.0422
0.782 -0.036 -0.548 -0.2947 0.0813 -0.2773 -0.8272 0.4818 0.6961 -0.3118 -0.6345 -0.1253 0.7673 0.0729 -0.6323 -0.0788 0.8254 -0.2708 -0.4616 -0.1799 0.8347 -0.1782 -0.5187 0.0497 0.9344 0.1535 0.2889 -0.1409 0.6037 -0.1572 -0.7633 -0.1678 0.5928 -0.4048 -0.602 -0.3498 0.9287 0.0549 0.3643 -0.0422
0.782 -0.036 -0.548 -0.2947 0.0813 -0.2773 -0.8272 0.4818 0.6961 -0.3118 -0.6345 -0.1253 0.7673 0.0729 -0.6323 -0.0788 0.8145 -0.3405 -0.4471 -0.1439 0.8347 -0.1782 -0.5187 0.0497 0.9344 0.1535 0.2889 -0.1409 0.6037 -0.1572 -0.7633 -0.1678 0.5928 -0.4048 -0.602 -0.3498 0.9287 0.0549 0.3643 -0.0422
0.782 -0.036 -0.548 -0.2947 0.0813 -0.2773 -0.8272 0.4818 0.6961 -0.3118 -0.6345 -0.1253 0.7673 0.0729 -0.6323 -0.0788 0.8145 -0.3405 -0.4471 -0.1439 0.8347 -0.1782 -0.5187 0.0497 0.9344 0.1535 0.2889 -0.1409 0.6037 -0.1572 -0.7633 -0.1678 0.5928 -0.4048 -0.602 -0.3498 0.9287 0.0549 0.3643 -0.0422
0.782 -0.036 -0.548 -0.2947 0.0813 -0.2773 -0.8272 0.4818 0.6961 -0.3118 -0.6345 -0.1253 0.7673 0.0729 -0.6323 -0.0788 0.8145 -0.3405 -0.4471 -0.1439 0.8347 -0.1782 -0.5187 0.0497 0.9344 0.1535 0.2889 -0.1409 0.6037 -0.1572 -0.7633 -0.1678 0.5928 -0.4048 -0.602 -0.3498 0.9287 0.0549 0.3643 -0.0422
0.782 -0.036 -0.548 -0.2947 0.0813 -0.2773 -0.8272 0.4818 0.6961 -0.3118 -0.6345 -0.1253 0.7673 0.0729 -0.6323 -0.0788 0.8145 -0.3405 -0.4471 -0.1439 0.8347 -0.1782 -0.5187 0.0497 0.9344 0.1535 0.2889 -0.1409 0.6037 -0.1572 -0.7633 -0.1678 0.5928 -0.4048 -0.602 -0.3498 0.9287 0.0549 0.3643 -0.0422
0.782 -0.036 -0.548 -0.2947 0.0813 -0.2773 -0.8272 0.4818 0.6961 -0.3118 -0.6345 -0.1253 0.7673 0.0729 -0.6323 -0.0788 0.8145 -0.3405 -0.4471 -0.1439 0.7962 -0.1981 -0.5688 0.0574 0.9327 0.1939 0.2747 -0.1301 0.6037 -0.1572 -0.7633 -0.1678 0.5928 -0.4048 -0.602 -0.3498 0.9287 0.0549 0.3643 -0.0422
0.782 -0.036 -0.548 -0.2947 0.0813 -0.2773 -0.8272 0.4818 0.6961 -0.3118 -0.6345 -0.1253 0.7673 0.0729 -0.6323 -0.0788 0.8145 -0.3405 -0.4471 -0.1439 0.7962 -0.1981 -0.5688 0.0574 0.9327 0.1939 0.2747 -0.1301 0.6037 -0.1572 -0.7633 -0.1678 0.5928 -0.4048 -0.602 -0.3498 0.9287 0.0549 0.3643 -0.0422
0.782 -0.036 -0.548 -0.2947 0.0813 -0.2773 -0.8272 0.4818 0.6961 -0.3118 -0.6345 -0.1253 0.7673 0.0729 -0.6323 -0.0788 0.8145 -0.3405 -0.4471 -0.1439 0.7962 -0.1981 -0.5688 0.0574 0.9327 0.1939 0.2747 -0.1301 0.6102 -0.1349 -0.7705 -0.1255 0.5928 -0.4048 -0.602 -0.3498 0.9287 0.0549 0.3643 -0.0422
0.782 -0.036 -0.548 -0.2947 0.0813 -0.2773 -0.8272 0.4818 0.6961 -0.3118 -0.6345 -0.1253 0.7673 0.0729 -0.6323 -0.0788 0.8088 -0.3335 -0.4782 -0.0768 0.7962 -0.1981 -0.5688 0.0574 0.9327 0.1939 0.2747 -0.1301 0.6102 -0.1349 -0.7705 -0.1255 0.5928 -0.4048 -0.602 -0.3498 0.9287 0.0549 0.3643 -0.0422
0.782 -0.036 -0.548 -0.2947 0.0813 -0.2773 -0.8272 0.4818 0.6961 -0.3118 -0.6345 -0.1253 0.7673 0.0729 -0.6323 -0.0788 0.8088 -0.3335 -0.4782 -0.0768 0.7962 -0.1981 -0.5688 0.0574 0.9327 0.1939 0.2747 -0.1301 0.6102 -0.1349 -0.7705 -0.1255 0.5928 -0.4048 -0.602 -0.3498 0.9287 0.0549 0.3643 -0.0422
0.782 -0.036 -0.548 -0.2947 0.0813 -0.2773 -0.8272 0.4818 0.6961 -0.3118 -0.6345 -0.1253 0.7673 0.0729 -0.6323 -0.0788 0.8088 -0.3335 -0.4782 -0.0768 0.7962 -0.1981 -0.5688 0.0574 0.9327 0.1939 0.2747 -0.1301 0.6102 -0.1349 -0.7705 -0.1255 0.5928 -0.4048 -0.602 -0.3498 0.9287 0.0549 0.3643 -0.0422
0.782 -0.036 -0.548 -0.2947 0.0813 -0.2773 -0.8272 0.4818 0.6961 -0.3118 -0.6345 -0.1253 0.7673 0.0729 -0.6323 -0.0788 0.8088 -0.3335 -0.4782 -0.0768 0.7629 -0.1656 -0.6234 0.0437 0.9327 0.1939 0.2747 -0.1301 0.6102 -0.1349 -0.7705 -0.1255 0.5928 -0.4048 -0.602 -0.3498 0.9287 0.0549 0.3643 -0.0422
0.782 -0.036 -0.548 -0.2947 0.0813 -0.2773 -0.8272 0.4818 0.6961 -0.3118 -0.6345 -0.1253 0.7673 0.0729 -0.6323 -0.0788 0.8088 -0.3335 -0.4782 -0.0768 0.7629 -0.1656 -0.6234 0.0437 0.9102 0.2455 0.3262 -0.0692 0.6102 -0.1349 -0.7705 -0.1255 0.5928 -0.4048 -0.602 -0.3498 0.9287 0.0549 0.3643 -0.0422
0.782 -0.036 -0.548 -0.2947 0.0813 -0.2773 -0.8272 0.4818 0.653 -0.3089 -0.674 -0.1544 0.7673 0.0729 -0.6323 -0.0788 0.8088 -0.3335 -0.4782 -0.0768 0.7629 -0.1656 -0.6234 0.0437 0.9102 0.2455 0.3262 -0.0692 0.6102 -0.1349 -0.7705 -0.1255 0.5928 -0.4048 -0.602 -0.3498 0.9287 0.0549 0.3643 -0.0422
0.782 -0.036 -0.548 -0.2947 0.0813 -0.2773 -0.8272 0.4818 0.653 -0.3089 -0.674 -0.1544 0.7673 0.0729 -0.6323 -0.0788 0.8088 -0.3335 -0.4782 -0.0768 0.7629 -0.1656 -0.6234 0.0437 0.9102 0.2455 0.3262 -0.0692 0.6102 -0.1349 -0.7705 -0.1255 0.5928 -0.4048 -0.602 -0.3498 0.9287 0.0549 0.3643 -0.0422
0.782 -0.036 -0.548 -0.2947 0.0813 -0.2773 -0.8272 0.4818 0.653 -0.3089 -0.674 -0.1544 0.7673 0.0729 -0.6323 -0.0788 0.7819 -0.3255 -0.5309 -0.0288 0.7629 -0.1656 -0.6234 0.0437 0.9102 0.2455 0.3262 -0.0692 0.6102 -0.1349 -0.7705 -0.1255 0.5928 -0.4048 -0.602 -0.3498 0.9287 0.0549 0.3643 -0.0422
0.782 -0.036 -0.548 -0.2947 0.0813 -0.2773 -0.8272 0.4818 0.653 -0.3089 -0.674 -0.1544 0.7673 0.0729 -0.6323 -0.0788 0.7819 -0.3255 -0.5309 -0.0288 0.7629 -0.1656 -0.6234 0.0437 0.9102 0.2455 0.3262 -0.0692 0.6102 -0.1349 -0.7705 -0.1255 0.5928 -0.4048 -0.602 -0.3498 0.9287 0.0549 0.3643 -0.0422
0.782 -0.036 -0.548 -0.2947 0.0813 -0.2773 -0.8272 0.4818 0.653 -0.3089 -0.674 -0.1544 0.7673 0.0729 -0.6323 -0.0788 0.7819 -0.3255 -0.5309 -0.0288 0.7629 -0.1656 -0.6234 0.0437 0.9102 0.2455 0.3262 -0.0692 0.6102 -0.1349 -0.7705 -0.1255 0.5928 -0.4048 -0.602 -0.3498 0.9287 0.0549 0.3643 -0.0422
0.782 -0.036 -0.548 -0.2947 0.0813 -0.2773 -0.8272 0.4818 0.653 -0.3089 -0.674 -0.1544 0.7673 0.0729 -0.6323 -0.0788 0.7819 -0.3255 -0.5309 -0.0288 0.7629 -0.1656 -0.6234 0.0437 0.9102 0.2455 0.3262 -0.0692 0.6102 -0.1349 -0.7705 -0.1255 0.5928 -0.4048 -0.602 -0.3498 0.9287 0.0549 0.3643 -0.0422
0.782 -0.036 -0.548 -0.2947 0.0813 -0.2773 -0.8272 0.4818 0.653 -0.3089 -0.674 -0.1544 0.7673 0.0729 -0.6323 -0.0788 0.7819 -0.3255 -0.5309 -0.0288 0.745 -0.0841 -0.66 0.0482 0.869 0.2574 0.4224 -0.0076 0.6102 -0.1349 -0.7705 -0.1255 0.5928 -0.4048 -0.602 -0.3498 0.9287 0.0549 0.3643 -0.0422
0.782 -0.036 -0.548 -0.2947 0.0813 -0.2773 -0.8272 0.4818 0.6394 -0.3011 -0.6895 -0.1583 0.7673 0.0729 -0.6323 -0.0788 0.7819 -0.3255 -0.5309 -0.0288 0.745 -0.0841 -0.66 0.0482 0.869 0.2574 0.4224 -0.0076 0.6102 -0.1349 -0.7705 -0.1255 0.5928 -0.4048 -0.602 -0.3498 0.9287 0.0549 0.3643 -0.0422
0.782 -0.036 -0.548 -0.2947 0.0813 -0.2773 -0.8272 0.4818 0.6394 -0.3011 -0.6895 -0.1583 0.7673 0.0729 -0.6323 -0.0788 0.7819 -0.3255 -0.5309 -0.0288 0.745 -0.0841 -0.66 0.0482 0.869 0.2574 0.4224 -0.0076 0.6102 -0.1349 -0.7705 -0.1255 0.5928 -0.4048 -0.602 -0.3498 0.9167 0.035 0.393 -0.0632
0.782 -0.036 -0.548 -0.2947 0.1694 -0.3224 -0.8297 0.4229 0.6394 -0.3011 -0.6895 -0.1583 0.7291 0.0351 -0.683 -0.0269 0.7623 -0.2906 -0.5784 0.004 0.745 -0.0841 -0.66 0.0482 0.869 0.2574 0.4224 -0.0076 0.6102 -0.1349 -0.7705 -0.1255 0.5928 -0.4048 -0.602 -0.3498 0.9167 0.035 0.393 -0.0632
0.782 -0.036 -0.548 -0.2947 0.1694 -0.3224 -0.8297 0.4229 0.6394 -0.3011 -0.6895 -0.1583 0.7291 0.0351 -0.683 -0.0269 0.7623 -0.2906 -0.5784 0.004 0.745 -0.0841 -0.66 0.0482 0.869 0.2574 0.4224 -0.0076 0.6102 -0.1349 -0.7705 -0.1255 0.5928 -0.4048 -0.602 -0.3498 0.9167 0.035 0.393 -0.0632
0.782 -0.036 -0.548 -0.2947 0.1694 -0.3224 -0.8297 0.4229 0.6394 -0.3011 -0.6895 -0.1583 0.7291 0.0351 -0.683 -0.0269 0.7623 -0.2906 -0.5784 0.004 0.745 -0.0841 -0.66 0.0482 0.869 0.2574 0.4224 -0.0076 0.6102 -0.1349 -0.7705 -0.1255 0.5928 -0.4048 -0.602 -0.3498 0.9167 0.035 0.393 -0.0632
0.782 -0.036 -0.548 -0.2947 0.1694 -0.3224 -0.8297 0.4229 0.6394 -0.3011 -0.6895 -0.1583 0.7291 0.0351 -0.683 -0.0269 0.7623 -0.2906 -0.5784 0.004 0.7404 -0.0024 -0.6696 0.0581 0.869 0.2574 0.4224 -0.0076 0.6102 -0.1349 -0.7705 -0.1255 0.5928 -0.4048 -0.602 -0.3498 0.9167 0.035 0.393 -0.0632
0.782 -0.036 -0.548 -0.2947 0.1694 -0.3224 -0.8297 0.4229 0.6394 -0.3011 -0.6895 -0.1583 0.7291 0.0351 -0.683 -0.0269 0.7623 -0.2906 -0.5784 0.004 0.7404 -0.0024 -0.6696 0.0581 0.869 0.2574 0.4224 -0.0076 0.6102 -0.1349 -0.7705 -0.1255 0.5928 -0.4048 -0.602 -0.3498 0.9167 0.035 0.393 -0.0632
0.782 -0.036 -0.548 -0.2947 0.1694 -0.3224 -0.8297 0.4229 0.6394 -0.3011 -0.6895 -0.1583 0.7291 0.0351 -0.683 -0.0269 0.7623 -0.2906 -0.5784 0.004 0.7404 -0.0024 -0.6696 0.0581 0.869 0.2574 0.4224 -0.0076 0.6102 -0.1349 -0.7705 -0.1255 0.5928 -0.4048 -0.602 -0.3498 0.9167 0.035 0.393 -0.0632
0.7991 0.0251 -0.5396 -0.2639 0.1694 -0.3224 -0.8297 0.4229 0.6365 -0.2907 -0.6998 -0.1432 0.7188 0.0469 -0.6934 -0.0161 0.7623 -0.2906 -0.5784 0.004 0.7404 -0.0024 -0.6696 0.0581 0.869 0.2574 0.4224 -0.0076 0.6409 -0.1135 -0.7581 -0.0394 0.5928 -0.4048 -0.602 -0.3498 0.9148 0.0336 0.3976 -0.0627
0.7991 0.0251 -0.5396 -0.2639 0.1694 -0.3224 -0.8297 0.4229 0.6365 -0.2907 -0.6998 -0.1432 0.7188 0.0469 -0.6934 -0.0161 0.7484 -0.2576 -0.6108 0.0234 0.7404 -0.0024 -0.6696 0.0581 0.869 0.2574 0.4224 -0.0076 0.6409 -0.1135 -0.7581 -0.0394 0.5928 -0.4048 -0.602 -0.3498 0.9148 0.0336 0.3976 -0.0627
0.7991 0.0251 -0.5396 -0.2639 0.1694 -0.3224 -0.8297 0.4229 0.6365 -0.2907 -0.6998 -0.1432 0.7188 0.0469 -0.6934 -0.0161 0.7484 -0.2576 -0.6108 0.0234 0.7404 -0.0024 -0.6696 0.0581 0.869 0.2574 0.4224 -0.0076 0.6409 -0.1135 -0.7581 -0.0394 0.5928 -0.4048 -0.602 -0.3498 0.9148 0.0336 0.3976 -0.0627
0.7991 0.0251 -0.5396 -0.2639 0.1694 -0.3224 -0.8297 0.4229 0.6365 -0.2907 -0.6998 -0.1432 0.7188 0.0469 -0.6934 -0.0161 0.7484 -0.2576 -0.6108 0.0234 0.7404 -0.0024 -0.6696 0.0581 0.869 0.2574 0.4224 -0.0076 0.6409 -0.1135 -0.7581 -0.0394 0.5928 -0.4048 -0.602 -0.3498 0.9148 0.0336 0.3976 -0.0627
0.7991 0.0251 -0.5396 -0.2639 0.1694 -0.3224 -0.8297 0.4229 0.6365 -0.2907 -0.6998 -0.1432 0.7188 0.0469 -0.6934 -0.0161 0.7484 -0.2576 -0.6108 0.0234 0.7433 0.0764 -0.6623 0.0546 0.869 0.2574 0.4224 -0.0076 0.6409 -0.1135 -0.7581 -0.0394 0.5928 -0.4048 -0.602 -0.3498 0.9148 0.0336 0.3976 -0.0627
0.7991 0.0251 -0.5396 -0.2639 0.1694 -0.3224 -0.8297 0.4229 0.6365 -0.2907 -0.6998 -0.1432 0.7188 0.0469 -0.6934 -0.0161 0.7484 -0.2576 -0.6108 0.0234 0.7433 0.0764 -0.6623 0.0546 0.8696 0.1663 0.465 -0.0048 0.6409 -0.1135 -0.7581 -0.0394 0.5928 -0.4048 -0.602 -0.3498 0.9148 0.0336 0.3976 -0.0627
0.7991 0.0251 -0.5396 -0.2639 0.1694 -0.3224 -0.8297 0.4229 0.6365 -0.2907 -0.6998 -0.1432 0.7188 0.0469 -0.6934 -0.0161 0.7484 -0.2576 -0.6108 0.0234 0.7433 0.0764 -0.6623 0.0546 0.8696 0.1663 0.465 -0.0048 0.6409 -0.1135 -0.7581 -0.0394 0.5928 -0.4048 -0.602 -0.3498 0.9148 0.0336 0.3976 -0.0627
0.8044 0.0458 -0.542 -0.2389 0.1694 -0.3224 -0.8297 0.4229 0.6408 -0.2801 -0.704 -0.1234 0.7188 0.0469 -0.6934 -0.0161 0.7484 -0.2576 -0.6108 0.0234 0.7433 0.0764 -0.6623 0.0546 0.8696 0.1663 0.465 -0.0048 0.6518 -0.1237 -0.7477 -0.0296 0.5928 -0.4048 -0.602 -0.3498 0.9048 0.0212 0.419 -0.0732
0.8044 0.0458 -0.542 -0.2389 0.1694 -0.3224 -0.8297 0.4229 0.6408 -0.2801 -0.704 -0.1234 0.7188 0.0469 -0.6934 -0.0161 0.7402 -0.2551 -0.6219 0.0129 0.7433 0.0764 -0.6623 0.0546 0.8696 0.1663 0.465 -0.0048 0.6518 -0.1237 -0.7477 -0.0296 0.5928 -0.4048 -0.602 -0.3498 0.9048 0.0212 0.419 -0.0732
0.8044 0.0458 -0.542 -0.2389 0.1694 -0.3224 -0.8297 0.4229 0.6408 -0.2801 -0.704 -0.1234 0.7188 0.0469 -0.6934 -0.0161 0.7402 -0.2551 -0.6219 0.0129 0.7433 0.0764 -0.6623 0.0546 0.8696 0.1663 0.465 -0.0048 0.6518 -0.1237 -0.7477 -0.0296 0.5928 -0.4048 -0.602 -0.3498 0.9048 0.0212 0.419 -0.0732
0.8044 0.0458 -0.542 -0.2389 0.1694 -0.3224 -0.8297 0.4229 0.6408 -0.2801 -0.704 -0.1234 0.7188 0.0469 -0.6934 -0.0161 0.7402 -0.2551 -0.6219 0.0129 0.7433 0.0764 -0.6623 0.0546 0.8696 0.1663 0.465 -0.0048 0.6518 -0.1237 -0.7477 -0.0296 0.5928 -0.4048 -0.602 -0.3498 0.9048 0.0212 0.419 -0.0732
0.8044 0.0458 -0.542 -0.2389 0.1694 -0.3224 -0.8297 0.4229 0.6408 -0.2801 -0.704 -0.1234 0.7188 0.0469 -0.6934 -0.0161 0.7402 -0.2551 -0.6219 0.0129 0.7433 0.0764 -0.6623 0.0546 0.8696 0.1663 0.465 -0.0048 0.6518 -0.1237 -0.7477 -0.0296 0.5928 -0.4048 -0.602 -0.3498 0.9048 0.0212 0.419 -0.0732
0.8044 0.0458 -0.542 -0.2389 0.1694 -0.3224 -0.8297 0.4229 0.6408 -0.2801 -0.704 -0.1234 0.7188 0.0469 -0.6934 -0.0161 0.7402 -0.2551 -0.6219 0.0129 0.7377 0.132 -0.6618 0.0198 0.8794 0.1411 0.4546 -0.0092 0.6518 -0.1237 -0.7477 -0.0296 0.5928 -0.4048 -0.602 -0.3498 0.9048 0.0212 0.419 -0.0732
0.8044 0.0458 -0.542 -0.2389 0.1694 -0.3224 -0.8297 0.4229 0.6408 -0.2801 -0.704 -0.1234 0.7188 0.0469 -0.6934 -0.0161 0.7402 -0.2551 -0.6219 0.0129 0.7377 0.132 -0.6618 0.0198 0.8794 0.1411 0.4546 -0.0092 0.6518 -0.1237 -0.7477 -0.0296 0.5928 -0.4048 -0.602 -0.3498 0.9048 0.0212 0.419 -0.0732
0.8069 0.053 -0.5403 -0.2327 0.1694 -0.3224 -0.8297 0.4229 0.6547 -0.2713 -0.6985 -0.0992 0.7405 0.0602 -0.6693 0.0023 0.7402 -0.2551 -0.6219 0.0129 0.7377 0.132 -0.6618 0.0198 0.8794 0.1411 0.4546 -0.0092 0.6672 -0.1439 -0.7305 -0.0222 0.5928 -0.4048 -0.602 -0.3498 0.8756 0.0075 0.4761 -0.0811
0.8069 0.053 -0.5403 -0.2327 0.1694 -0.3224 -0.8297 0.4229 0.6547 -0.2713 -0.6985 -0.0992 0.7405 0.0602 -0.6693 0.0023 0.7402 -0.2551 -0.6219 0.0129 0.7377 0.132 -0.6618 0.0198 0.8794 0.1411 0.4546 -0.0092 0.6672 -0.1439 -0.7305 -0.0222 0.5928 -0.4048 -0.602 -0.3498 0.8756 0.0075 0.4761 -0.0811
0.8069 0.053 -0.5403 -0.2327 0.1448 -0.2714 -0.8516 0.4243 0.6547 -0.2713 -0.6985 -0.0992 0.7405 0.0602 -0.6693 0.0023 0.7253 -0.258 -0.6381 -0.0085 0.7377 0.132 -0.6618 0.0198 0.8794 0.1411 0.4546 -0.0092 0.6672 -0.1439 -0.7305 -0.0222 0.5928 -0.4048 -0.602 -0.3498 0.8756 0.0075 0.4761 -0.0811
0.8069 0.053 -0.5403 -0.2327 0.1448 -0.2714 -0.8516 0.4243 0.6547 -0.2713 -0.6985 -0.0992 0.7405 0.0602 -0.6693 0.0023 0.7253 -0.258 -0.6381 -0.0085 0.7377 0.132 -0.6618 0.0198 0.8794 0.1411 0.4546 -0.0092 0.6672 -0.1439 -0.7305 -0.0222 0.5928 -0.4048 -0.602 -0.3498 0.8756 0.0075 0.4761 -0.0811
0.8069 0.053 -0.5403 -0.2327 0.1448 -0.2714 -0.8516 0.4243 0.6547 -0.2713 -0.6985 -0.0992 0.7405 0.0602 -0.6693 0.0023 0.7253 -0.258 -0.6381 -0.0085 0.7377 0.132 -0.6618 0.0198 0.8794 0.1411 0.4546 -0.0092 0.6672 -0.1439 -0.7305 -0.0222 0.5928 -0.4048 -0.602 -0.3498 0.8756 0.0075 0.4761 -0.0811
0.8069 0.053 -0.5403 -0.2327 0.1448 -0.2714 -0.8516 0.4243 0.6547 -0.2713 -0.6985 -0.0992 0.7405 0.0602 -0.6693 0.0023 0.7253 -0.258 -0.6381 -0.0085 0.7316 0.1555 -0.6638 -0.0078 0.8758 0.1534 0.4576 -0.004 0.6672 -0.1439 -0.7305 -0.0222 0.5928 -0.4048 -0.602 -0.3498 0.8756 0.0075 0.4761 -0.0811
0.8069 0.053 -0.5403 -0.2327 0.1448 -0.2714 -0.8516 0.4243 0.6547 -0.2713 -0.6985 -0.0992 0.7405 0.0602 -0.6693 0.0023 0.7253 -0.258 -0.6381 -0.0085 0.7316 0.1555 -0.6638 -0.0078 0.8758 0.1534 0.4576 -0.004 0.6672 -0.1439 -0.7305 -0.0222 0.5928 -0.4048 -0.602 -0.3498 0.8756 0.0075 0.4761 -0.0811
0.8074 0.0511 -0.5463 -0.2171 0.1448 -0.2714 -0.8516 0.4243 0.6788 -0.2468 -0.6891 -0.0588 0.7405 0.0602 -0.6693 0.0023 0.7253 -0.258 -0.6381 -0.0085 0.7316 0.1555 -0.6638 -0.0078 0.8758 0.1534 0.4576 -0.004 0.6916 -0.1058 -0.7111 -0.0698 0.7393 -0.4319 -0.5084 -0.0913 0.7476 -0.0112 0.6578 -0.0914
0.8074 0.0511 -0.5463 -0.2171 0.1448 -0.2714 -0.8516 0.4243 0.6788 -0.2468 -0.6891 -0.0588 0.7405 0.0602 -0.6693 0.0023 0.6883 -0.288 -0.6596 -0.0904 0.7316 0.1555 -0.6638 -0.0078 0.8758 0.1534 0.4576 -0.004 0.6916 -0.1058 -0.7111 -0.0698 0.7393 -0.4319 -0.5084 -0.0913 0.7476 -0.0112 0.6578 -0.0914
0.8074 0.0511 -0.5463 -0.2171 0.1448 -0.2714 -0.8516 0.4243 0.6788 -0.2468 -0.6891 -0.0588 0.7405 0.0602 -0.6693 0.0023 0.6883 -0.288 -0.6596 -0.0904 0.7316 0.1555 -0.6638 -0.0078 0.8758 0.1534 0.4576 -0.004 0.6916 -0.1058 -0.7111 -0.0698 0.7393 -0.4319 -0.5084 -0.0913 0.7476 -0.0112 0.6578 -0.0914
0.8074 0.0511 -0.5463 -0.2171 0.1448 -0.2714 -0.8516 0.4243 0.6788 -0.2468 -0.6891 -0.0588 0.7405 0.0602 -0.6693 0.0023 0.6883 -0.288 -0.6596 -0.0904 0.7316 0.1555 -0.6638 -0.0078 0.8758 0.1534 0.4576 -0.004 0.6916 -0.1058 -0.7111 -0.0698 0.7393 -0.4319 -0.5084 -0.0913 0.7476 -0.0112 0.6578 -0.0914
0.8074 0.0511 -0.5463 -0.2171 0.1448 -0.2714 -0.8516 0.4243 0.6788 -0.2468 -0.6891 -0.0588 0.7405 0.0602 -0.6693 0.0023 0.6883 -0.288 -0.6596 -0.0904 0.7316 0.1555 -0.6638 -0.0078 0.8758 0.1534 0.4576 -0.004 0.6916 -0.1058 -0.7111 -0.0698 0.7393 -0.4319 -0.5084 -0.0913 0.7476 -0.0112 0.6578 -0.0914
0.8074 0.0511 -0.5463 -0.2171 0.1448 -0.2714 -0.8516 0.4243 0.6788 -0.2468 -0.6891 -0.0588 0.7405 0.0602 -0.6693 0.0023 0.6883 -0.288 -0.6596 -0.0904 0.7292 0.1675 -0.6619 -0.0443 0.8705 0.1585 0.4659 -0.0036 0.6916 -0.1058 -0.7111 -0.0698 0.7393 -0.4319 -0.5084 -0.0913 0.7476 -0.0112 0.6578 -0.0914
0.8074 0.0511 -0.5463 -0.2171 0.1448 -0.2714 -0.8516 0.4243 0.6788 -0.2468 -0.6891 -0.0588 0.7405 0.0602 -0.6693 0.0023 0.6883 -0.288 -0.6596 -0.0904 0.7292 0.1675 -0.6619 -0.0443 0.8705 0.1585 0.4659 -0.0036 0.6916 -0.1058 -0.7111 -0.0698 0.7393 -0.4319 -0.5084 -0.0913 0.7476 -0.0112 0.6578 -0.0914
0.8074 0.0511 -0.5463 -0.2171 0.1448 -0.2714 -0.8516 0.4243 0.6788 -0.2468 -0.6891 -0.0588 0.7405 0.0602 -0.6693 0.0023 0.6883 -0.288 -0.6596 -0.0904 0.7292 0.1675 -0.6619 -0.0443 0.8705 0.1585 0.4659 -0.0036 0.6916 -0.1058 -0.7111 -0.0698 0.7393 -0.4319 -0.5084 -0.0913 0.7476 -0.0112 0.6578 -0.0914
0.8234 0.0485 -0.5346 -0.1842 0.1448 -0.2714 -0.8516 0.4243 0.6877 -0.2488 -0.6794 -0.0599 0.7593 0.0816 -0.6456 -0.0051 0.6826 -0.2716 -0.6707 -0.1024 0.7292 0.1675 -0.6619 -0.0443 0.8705 0.1585 0.4659 -0.0036 0.6852 -0.0223 -0.7173 -0.1241 0.7478 -0.3948 -0.5299 -0.0646 0.8244 0.0557 0.5616 0.0443
0.8234 0.0485 -0.5346 -0.1842 0.1448 -0.2714 -0.8516 0.4243 0.6877 -0.2488 -0.6794 -0.0599 0.7593 0.0816 -0.6456 -0.0051 0.6826 -0.2716 -0.6707 -0.1024 0.7292 0.1675 -0.6619 -0.0443 0.8705 0.1585 0.4659 -0.0036 0.6852 -0.0223 -0.7173 -0.1241 0.7478 -0.3948 -0.5299 -0.0646 0.8244 0.0557 0.5616 0.0443
0.8234 0.0485 -0.5346 -0.1842 0.1448 -0.2714 -0.8516 0.4243 0.6877 -0.2488 -0.6794 -0.0599 0.7593 0.0816 -0.6456 -0.0051 0.6826 -0.2716 -0.6707 -0.1024 0.7292 0.1675 -0.6619 -0.0443 0.8705 0.1585 0.4659 -0.0036 0.6852 -0.0223 -0.7173 -0.1241 0.7478 -0.3948 -0.5299 -0.0646 0.8244 0.0557 0.5616 0.0443
0.8234 0.0485 -0.5346 -0.1842 0.1448 -0.2714 -0.8516 0.4243 0.6877 -0.2488 -0.6794 -0.0599 0.7593 0.0816 -0.6456 -0.0051 0.6826 -0.2716 -0.6707 -0.1024 0.7305 0.1936 -0.6526 -0.0547 0.8634 0.1492 0.4818 -0.0131 0.6852 -0.0223 -0.7173 -0.1241 0.7478 -0.3948 -0.5299 -0.0646 0.8244 0.0557 0.5616 0.0443
0.8234 0.0485 -0.5346 -0.1842 0.1448 -0.2714 -0.8516 0.4243 0.6877 -0.2488 -0.6794 -0.0599 0.7593 0.0816 -0.6456 -0.0051 0.6826 -0.2716 -0.6707 -0.1024 0.7305 0.1936 -0.6526 -0.0547 0.8634 0.1492 0.4818 -0.0131 0.6852 -0.0223 -0.7173 -0.1241 0.7478 -0.3948 -0.5299 -0.0646 0.8244 0.0557 0.5616 0.0443
0.8234 0.0485 -0.5346 -0.1842 0.1448 -0.2714 -0.8516 0.4243 0.6924 -0.2465 -0.675 -0.0645 0.7593 0.0816 -0.6456 -0.0051 0.6826 -0.2716 -0.6707 -0.1024 0.7305 0.1936 -0.6526 -0.0547 0.8634 0.1492 0.4818 -0.0131 0.6852 -0.0223 -0.7173 -0.1241 0.7478 -0.3948 -0.5299 -0.0646 0.8244 0.0557 0.5616 0.0443
0.8288 0.0496 -0.5338 -0.1602 0.1448 -0.2714 -0.8516 0.4243 0.6924 -0.2465 -0.675 -0.0645 0.7593 0.0816 -0.6456 -0.0051 0.6826 -0.2716 -0.6707 -0.1024 0.7305 0.1936 -0.6526 -0.0547 0.8634 0.1492 0.4818 -0.0131 0.6549 -0.0369 -0.736 -0.1672 0.7478 -0.3948 -0.5299 -0.0646 0.8244 0.0557 0.5616 0.0443
0.8288 0.0496 -0.5338 -0.1602 0.1448 -0.2714 -0.8516 0.4243 0.6924 -0.2465 -0.675 -0.0645 0.7593 0.0816 -0.6456 -0.0051 0.6826 -0.2716 -0.6707 -0.1024 0.7305 0.1936 -0.6526 -0.0547 0.8634 0.1492 0.4818 -0.0131 0.6549 -0.0369 -0.736 -0.1672 0.7478 -0.3948 -0.5299 -0.0646 0.8244 0.0557 0.5616 0.0443
0.8288 0.0496 -0.5338 -0.1602 0.1448 -0.2714 -0.8516 0.4243 0.6924 -0.2465 -0.675 -0.0645 0.7593 0.0816 -0.6456 -0.0051 0.6826 -0.2716 -0.6707 -0.1024 0.7305 0.1936 -0.6526 -0.0547 0.8634 0.1492 0.4818 -0.0131 0.6549 -0.0369 -0.736 -0.1672 0.7478 -0.3948 -0.5299 -0.0646 0.8244 0.0557 0.5616 0.0443
0.8288 0.0496 -0.5338 -0.1602 0.1448 -0.2714 -0.8516 0.4243 0.6924 -0.2465 -0.675 -0.0645 0.7593 0.0816 -0.6456 -0.0051 0.6826 -0.2716 -0.6707 -0.1024 0.7305 0.1936 -0.6526 -0.0547 0.8634 0.1492 0.4818 -0.0131 0.6549 -0.0369 -0.736 -0.1672 0.7478 -0.3948 -0.5299 -0.0646 0.8244 0.0557 0.5616 0.0443
0.8288 0.0496 -0.5338 -0.1602 0.1448 -0.2714 -0.8516 0.4243 0.6924 -0.2465 -0.675 -0.0645 0.7593 0.0816 -0.6456 -0.0051 0.6826 -0.2716 -0.6707 -0.1024 0.7325 0.2202 -0.6408 -0.0656 0.8634 0.1492 0.4818 -0.0131 0.6549 -0.0369 -0.736 -0.1672 0.7478 -0.3948 -0.5299 -0.0646 0.8244 0.0557 0.5616 0.0443
0.8288 0.0496 -0.5338 -0.1602 0.1448 -0.2714 -0.8516 0.4243 0.6924 -0.2465 -0.675 -0.0645 0.7593 0.0816 -0.6456 -0.0051 0.6826 -0.2716 -0.6707 -0.1024 0.7325 0.2202 -0.6408 -0.0656 0.8768 0.1143 0.4658 -0.034 0.6549 -0.0369 -0.736 -0.1672 0.7478 -0.3948 -0.5299 -0.0646 0.8244 0.0557 0.5616 0.0443
0.8288 0.0496 -0.5338 -0.1602 0.1448 -0.2714 -0.8516 0.4243 0.7006 -0.2321 -0.6721 -0.0596 0.7593 0.0816 -0.6456 -0.0051 0.6826 -0.2716 -0.6707 -0.1024 0.7325 0.2202 -0.6408 -0.0656 0.8768 0.1143 0.4658 -0.034 0.6549 -0.0369 -0.736 -0.1672 0.7478 -0.3948 -0.5299 -0.0646 0.8244 0.0557 0.5616 0.0443
0.8288 0.0496 -0.5338 -0.1602 0.1448 -0.2714 -0.8516 0.4243 0.7006 -0.2321 -0.6721 -0.0596 0.7593 0.0816 -0.6456 -0.0051 0.6826 -0.2716 -0.6707 -0.1024 0.7325 0.2202 -0.6408 -0.0656 0.8768 0.1143 0.4658 -0.034 0.6549 -0.0369 -0.736 -0.1672 0.7478 -0.3948 -0.5299 -0.0646 0.8244 0.0557 0.5616 0.0443
0.8288 0.0496 -0.5338 -0.1602 0.0873 -0.2231 -0.8369 0.4922 0.7006 -0.2321 -0.6721 -0.0596 0.7593 0.0816 -0.6456 -0.0051 0.654 -0.2601 -0.692 -0.1605 0.7325 0.2202 -0.6408 -0.0656 0.8768 0.1143 0.4658 -0.034 0.6254 -0.0642 -0.7508 -0.2025 0.7478 -0.3948 -0.5299 -0.0646 0.9717 0.0223 0.2346 0.0135
0.8288 0.0496 -0.5338 -0.1602 0.0873 -0.2231 -0.8369 0.4922 0.7006 -0.2321 -0.6721 -0.0596 0.7593 0.0816 -0.6456 -0.0051 0.654 -0.2601 -0.692 -0.1605 0.7325 0.2202 -0.6408 -0.0656 0.8768 0.1143 0.4658 -0.034 0.6254 -0.0642 -0.7508 -0.2025 0.7478 -0.3948 -0.5299 -0.0646 0.9717 0.0223 0.2346 0.0135
0.8288 0.0496 -0.5338 -0.1602 0.0873 -0.2231 -0.8369 0.4922 0.7006 -0.2321 -0.6721 -0.0596 0.7593 0.0816 -0.6456 -0.0051 0.654 -0.2601 -0.692 -0.1605 0.7325 0.2202 -0.6408 -0.0656 0.8768 0.1143 0.4658 -0.034 0.6254 -0.0642 -0.7508 -0.2025 0.7478 -0.3948 -0.5299 -0.0646 0.9717 0.0223 0.2346 0.0135
0.8288 0.0496 -0.5338 -0.1602 0.0873 -0.2231 -0.8369 0.4922 0.7006 -0.2321 -0.6721 -0.0596 0.7593 0.0816 -0.6456 -0.0051 0.654 -0.2601 -0.692 -0.1605 0.7325 0.2202 -0.6408 -0.0656 0.8768 0.1143 0.4658 -0.034 0.6254 -0.0642 -0.7508 -0.2025 0.7478 -0.3948 -0.5299 -0.0646 0.9717 0.0223 0.2346 0.0135
0.8288 0.0496 -0.5338 -0.1602 0.0873 -0.2231 -0.8369 0.4922 0.7006 -0.2321 -0.6721 -0.0596 0.7593 0.0816 -0.6456 -0.0051 0.654 -0.2601 -0.692 -0.1605 0.7393 0.2431 -0.6175 -0.1141 0.8529 0.1263 0.5051 -0.0389 0.6254 -0.0642 -0.7508 -0.2025 0.7478 -0.3948 -0.5299 -0.0646 0.9717 0.0223 0.2346 0.0135
0.8288 0.0496 -0.5338 -0.1602 0.0873 -0.2231 -0.8369 0.4922 0.7006 -0.2321 -0.6721 -0.0596 0.7593 0.0816 -0.6456 -0.0051 0.654 -0.2601 -0.692 -0.1605 0.7393 0.2431 -0.6175 -0.1141 0.8529 0.1263 0.5051 -0.0389 0.6254 -0.0642 -0.7508 -0.2025 0.7478 -0.3948 -0.5299 -0.0646 0.9717 0.0223 0.2346 0.0135
0.8288 0.0496 -0.5338 -0.1602 0.0873 -0.2231 -0.8369 0.4922 0.7006 -0.2321 -0.6721 -0.0596 0.7593 0.0816 -0.6456 -0.0051 0.654 -0.2601 -0.692 -0.1605 0.7393 0.2431 -0.6175 -0.1141 0.8529 0.1263 0.5051 -0.0389 0.6254 -0.0642 -0.7508 -0.2025 0.7478 -0.3948 -0.5299 -0.0646 0.9717 0.0223 0.2346 0.0135
0.8384 0.0167 -0.522 -0.1564 0.1088 -0.2503 -0.8337 0.4801 0.7006 -0.2321 -0.6721 -0.0596 0.748 0.1299 -0.6501 0.0304 0.6891 -0.2769 -0.6476 -0.1704 0.7393 0.2431 -0.6175 -0.1141 0.8529 0.1263 0.5051 -0.0389 0.6196 -0.0732 -0.7462 -0.2321 0.6302 -0.3052 -0.637 -0.3223 0.9528 0.049 0.2994 -0.0121
0.8384 0.0167 -0.522 -0.1564 0.1088 -0.2503 -0.8337 0.4801 0.7006 -0.2321 -0.6721 -0.0596 0.748 0.1299 -0.6501 0.0304 0.6891 -0.2769 -0.6476 -0.1704 0.7393 0.2431 -0.6175 -0.1141 0.8529 0.1263 0.5051 -0.0389 0.6196 -0.0732 -0.7462 -0.2321 0.6302 -0.3052 -0.637 -0.3223 0.9528 0.049 0.2994 -0.0121
0.8384 0.0167 -0.522 -0.1564 0.1088 -0.2503 -0.8337 0.4801 0.7006 -0.2321 -0.6721 -0.0596 0.748 0.1299 -0.6501 0.0304 0.6891 -0.2769 -0.6476 -0.1704 0.7393 0.2431 -0.6175 -0.1141 0.8529 0.1263 0.5051 -0.0389 0.6196 -0.0732 -0.7462 -0.2321 0.6302 -0.3052 -0.637 -0.3223 0.9528 0.049 0.2994 -0.0121
0.8384 0.0167 -0.522 -0.1564 0.1088 -0.2503 -0.8337 0.4801 0.7006 -0.2321 -0.6721 -0.0596 0.748 0.1299 -0.6501 0.0304 0.6891 -0.2769 -0.6476 -0.1704 0.7393 0.2431 -0.6175 -0.1141 0.8529 0.1263 0.5051 -0.0389 0.6196 -0.0732 -0.7462 -0.2321 0.6302 -0.3052 -0.637 -0.3223 0.9528 0.049 0.2994 -0.0121
0.8384 0.0167 -0.522 -0.1564 0.1088 -0.2503 -0.8337 0.4801 0.7006 -0.2321 -0.6721 -0.0596 0.748 0.1299 -0.6501 0.0304 0.6891 -0.2769 -0.6476 -0.1704 0.7393 0.2431 -0.6175 -0.1141 0.6741 0.2747 0.6843 -0.0438 0.6196 -0.0732 -0.7462 -0.2321 0.6302 -0.3052 -0.637 -0.3223 0.9528 0.049 0.2994 -0.0121
0.8384 0.0167 -0.522 -0.1564 0.1088 -0.2503 -0.8337 0.4801 0.7033 -0.2 -0.6801 -0.053 0.748 0.1299 -0.6501 0.0304 0.6891 -0.2769 -0.6476 -0.1704 0.7393 0.2431 -0.6175 -0.1141 0.6741 0.2747 0.6843 -0.0438 0.6196 -0.0732 -0.7462 -0.2321 0.6302 -0.3052 -0.637 -0.3223 0.9528 0.049 0.2994 -0.0121
0.8384 0.0167 -0.522 -0.1564 0.1088 -0.2503 -0.8337 0.4801 0.7033 -0.2 -0.6801 -0.053 0.748 0.1299 -0.6501 0.0304 0.6891 -0.2769 -0.6476 -0.1704 0.7393 0.2431 -0.6175 -0.1141 0.6741 0.2747 0.6843 -0.0438 0.6196 -0.0732 -0.7462 -0.2321 0.6302 -0.3052 -0.637 -0.3223 0.9344 0.0516 0.3524 -0.0017
0.8384 0.0167 -0.522 -0.1564 0.1088 -0.2503 -0.8337 0.4801 0.7033 -0.2 -0.6801 -0.053 0.748 0.1299 -0.6501 0.0304 0.7524 -0.3139 -0.5526 -0.1734 0.7393 0.2431 -0.6175 -0.1141 0.6741 0.2747 0.6843 -0.0438 0.6196 -0.0732 -0.7462 -0.2321 0.6302 -0.3052 -0.637 -0.3223 0.9344 0.0516 0.3524 -0.0017
0.8384 0.0167 -0.522 -0.1564 0.1088 -0.2503 -0.8337 0.4801 0.7033 -0.2 -0.6801 -0.053 0.748 0.1299 -0.6501 0.0304 0.7524 -0.3139 -0.5526 -0.1734 0.7393 0.2431 -0.6175 -0.1141 0.6741 0.2747 0.6843 -0.0438 0.6196 -0.0732 -0.7462 -0.2321 0.6302 -0.3052 -0.637 -0.3223 0.9344 0.0516 0.3524 -0.0017
0.8384 0.0167 -0.522 -0.1564 0.1088 -0.2503 -0.8337 0.4801 0.7033 -0.2 -0.6801 -0.053 0.748 0.1299 -0.6501 0.0304 0.7524 -0.3139 -0.5526 -0.1734 0.7393 0.2431 -0.6175 -0.1141 0.6741 0.2747 0.6843 -0.0438 0.6196 -0.0732 -0.7462 -0.2321 0.6302 -0.3052 -0.637 -0.3223 0.9344 0.0516 0.3524 -0.0017
0.8384 0.0167 -0.522 -0.1564 0.1088 -0.2503 -0.8337 0.4801 0.7033 -0.2 -0.6801 -0.053 0.748 0.1299 -0.6501 0.0304 0.7524 -0.3139 -0.5526 -0.1734 0.7393 0.2431 -0.6175 -0.1141 0.6741 0.2747 0.6843 -0.0438 0.6196 -0.0732 -0.7462 -0.2321 0.6302 -0.3052 -0.637 -0.3223 0.9344 0.0516 0.3524 -0.0017
0.8384 0.0167 -0.522 -0.1564 0.1088 -0.2503 -0.8337 0.4801 0.7033 -0.2 -0.6801 -0.053 0.748 0.1299 -0.6501 0.0304 0.7524 -0.3139 -0.5526 -0.1734 0.8014 0.1883 -0.5411 -0.1716 0.8401 0.1135 0.502 -0.1711 0.6196 -0.0732 -0.7462 -0.2321 0.6302 -0.3052 -0.637 -0.3223 0.9344 0.0516 0.3524 -0.0017
0.8384 0.0167 -0.522 -0.1564 0.1088 -0.2503 -0.8337 0.4801 0.7033 -0.2 -0.6801 -0.053 0.748 0.1299 -0.6501 0.0304 0.7524 -0.3139 -0.5526 -0.1734 0.8014 0.1883 -0.5411 -0.1716 0.8401 0.1135 0.502 -0.1711 0.6196 -0.0732 -0.7462 -0.2321 0.6302 -0.3052 -0.637 -0.3223 0.9344 0.0516 0.3524 -0.0017
0.8384 0.0167 -0.522 -0.1564 0.1088 -0.2503 -0.8337 0.4801 0.7033 -0.2 -0.6801 -0.053 0.748 0.1299 -0.6501 0.0304 0.7524 -0.3139 -0.5526 -0.1734 0.8014 0.1883 -0.5411 -0.1716 0.8401 0.1135 0.502 -0.1711 0.6196 -0.0732 -0.7462 -0.2321 0.6302 -0.3052 -0.637 -0.3223 0.9344 0.0516 0.3524 -0.0017
0.8193 -0.0122 -0.5353 -0.2049 0.1182 -0.2946 -0.8218 0.4731 0.7127 -0.2025 -0.6703 -0.042 0.769 0.0981 -0.6315 0.0128 0.7871 -0.293 -0.5195 -0.1573 0.8014 0.1883 -0.5411 -0.1716 0.8401 0.1135 0.502 -0.1711 0.6068 -0.1167 -0.7675 -0.1705 0.6183 -0.371 -0.6199 -0.3097 0.9329 0.0453 0.3569 -0.014
0.8193 -0.0122 -0.5353 -0.2049 0.1182 -0.2946 -0.8218 0.4731 0.7127 -0.2025 -0.6703 -0.042 0.769 0.0981 -0.6315 0.0128 0.7871 -0.293 -0.5195 -0.1573 0.8014 0.1883 -0.5411 -0.1716 0.8401 0.1135 0.502 -0.1711 0.6068 -0.1167 -0.7675 -0.1705 0.6183 -0.371 -0.6199 -0.3097 0.9329 0.0453 0.3569 -0.014
0.8193 -0.0122 -0.5353 -0.2049 0.1182 -0.2946 -0.8218 0.4731 0.7127 -0.2025 -0.6703 -0.042 0.769 0.0981 -0.6315 0.0128 0.7871 -0.293 -0.5195 -0.1573 0.8014 0.1883 -0.5411 -0.1716 0.8401 0.1135 0.502 -0.1711 0.6068 -0.1167 -0.7675 -0.1705 0.6183 -0.371 -0.6199 -0.3097 0.9329 0.0453 0.3569 -0.014
0.8193 -0.0122 -0.5353 -0.2049 0.1182 -0.2946 -0.8218 0.4731 0.7127 -0.2025 -0.6703 -0.042 0.769 0.0981 -0.6315 0.0128 0.7871 -0.293 -0.5195 -0.1573 0.8014 0.1883 -0.5411 -0.1716 0.8401 0.1135 0.502 -0.1711 0.6068 -0.1167 -0.7675 -0.1705 0.6183 -0.371 -0.6199 -0.3097 0.9329 0.0453 0.3569 -0.014
0.8193 -0.0122 -0.5353 -0.2049 0.1182 -0.2946 -0.8218 0.4731 0.7127 -0.2025 -0.6703 -0.042 0.769 0.0981 -0.6315 0.0128 0.7871 -0.293 -0.5195 -0.1573 0.8414 0.0181 -0.5401 0.0046 0.9055 0.1128 0.3831 -0.1437 0.6068 -0.1167 -0.7675 -0.1705 0.6183 -0.371 -0.6199 -0.3097 0.9329 0.0453 0.3569 -0.014
0.8193 -0.0122 -0.5353 -0.2049 0.1182 -0.2946 -0.8218 0.4731 0.7017 -0.2521 -0.663 -0.0676 0.769 0.0981 -0.6315 0.0128 0.7871 -0.293 -0.5195 -0.1573 0.8414 0.0181 -0.5401 0.0046 0.9055 0.1128 0.3831 -0.1437 0.6068 -0.1167 -0.7675 -0.1705 0.6183 -0.371 -0.6199 -0.3097 0.9329 0.0453 0.3569 -0.014
0.8193 -0.0122 -0.5353 -0.2049 0.1182 -0.2946 -0.8218 0.4731 0.7017 -0.2521 -0.663 -0.0676 0.769 0.0981 -0.6315 0.0128 0.7871 -0.293 -0.5195 -0.1573 0.8414 0.0181 -0.5401 0.0046 0.9055 0.1128 0.3831 -0.1437 0.6068 -0.1167 -0.7675 -0.1705 0.6183 -0.371 -0.6199 -0.3097 0.9329 0.0453 0.3569 -0.014
0.8193 -0.0122 -0.5353 -0.2049 0.1227 -0.3141 -0.8185 0.4651 0.7017 -0.2521 -0.663 -0.0676 0.7844 0.0447 -0.6183 -0.0222 0.8133 -0.2771 -0.504 -0.0886 0.8414 0.0181 -0.5401 0.0046 0.9055 0.1128 0.3831 -0.1437 0.6068 -0.1167 -0.7675 -0.1705 0.6245 -0.3714 -0.6239 -0.2877 0.9291 0.0397 0.3669 -0.0227
0.8193 -0.0122 -0.5353 -0.2049 0.1227 -0.3141 -0.8185 0.4651 0.7017 -0.2521 -0.663 -0.0676 0.7844 0.0447 -0.6183 -0.0222 0.8133 -0.2771 -0.504 -0.0886 0.8414 0.0181 -0.5401 0.0046 0.9055 0.1128 0.3831 -0.1437 0.6068 -0.1167 -0.7675 -0.1705 0.6245 -0.3714 -0.6239 -0.2877 0.9291 0.0397 0.3669 -0.0227
0.8193 -0.0122 -0.5353 -0.2049 0.1227 -0.3141 -0.8185 0.4651 0.7017 -0.2521 -0.663 -0.0676 0.7844 0.0447 -0.6183 -0.0222 0.8133 -0.2771 -0.504 -0.0886 0.8414 0.0181 -0.5401 0.0046 0.9055 0.1128 0.3831 -0.1437 0.6068 -0.1167 -0.7675 -0.1705 0.6245 -0.3714 -0.6239 -0.2877 0.9291 0.0397 0.3669 -0.0227
0.8193 -0.0122 -0.5353 -0.2049 0.1227 -0.3141 -0.8185 0.4651 0.7017 -0.2521 -0.663 -0.0676 0.7844 0.0447 -0.6183 -0.0222 0.8133 -0.2771 -0.504 -0.0886 0.7964 -0.1367 -0.584 0.0772 0.9055 0.1128 0.3831 -0.1437 0.6068 -0.1167 -0.7675 -0.1705 0.6245 -0.3714 -0.6239 -0.2877 0.9291 0.0397 0.3669 -0.0227
0.8193 -0.0122 -0.5353 -0.2049 0.1227 -0.3141 -0.8185 0.4651 0.7017 -0.2521 -0.663 -0.0676 0.7844 0.0447 -0.6183 -0.0222 0.8133 -0.2771 -0.504 -0.0886 0.7964 -0.1367 -0.584 0.0772 0.9313 0.1846 0.2939 -0.1107 0.6068 -0.1167 -0.7675 -0.1705 0.6245 -0.3714 -0.6239 -0.2877 0.9291 0.0397 0.3669 -0.0227
0.8193 -0.0122 -0.5353 -0.2049 0.1227 -0.3141 -0.8185 0.4651 0.6877 -0.2873 -0.6579 -0.1085 0.7844 0.0447 -0.6183 -0.0222 0.8133 -0.2771 -0.504 -0.0886 0.7964 -0.1367 -0.584 0.0772 0.9313 0.1846 0.2939 -0.1107 0.6068 -0.1167 -0.7675 -0.1705 0.6245 -0.3714 -0.6239 -0.2877 0.9291 0.0397 0.3669 -0.0227
0.8193 -0.0122 -0.5353 -0.2049 0.1227 -0.3141 -0.8185 0.4651 0.6877 -0.2873 -0.6579 -0.1085 0.7844 0.0447 -0.6183 -0.0222 0.8133 -0.2771 -0.504 -0.0886 0.7964 -0.1367 -0.584 0.0772 0.9313 0.1846 0.2939 -0.1107 0.6068 -0.1167 -0.7675 -0.1705 0.6245 -0.3714 -0.6239 -0.2877 0.9291 0.0397 0.3669 -0.0227
0.8193 -0.0122 -0.5353 -0.2049 0.1338 -0.3349 -0.8159 0.4521 0.6877 -0.2873 -0.6579 -0.1085 0.7856 0.0302 -0.617 -0.0349 0.8133 -0.2771 -0.504 -0.0886 0.7964 -0.1367 -0.584 0.0772 0.9313 0.1846 0.2939 -0.1107 0.6068 -0.1167 -0.7675 -0.1705 0.6268 -0.3793 -0.6209 -0.2788 0.9269 0.0406 0.3722 -0.0231
0.8193 -0.0122 -0.5353 -0.2049 0.1338 -0.3349 -0.8159 0.4521 0.6877 -0.2873 -0.6579 -0.1085 0.7856 0.0302 -0.617 -0.0349 0.8133 -0.2771 -0.504 -0.0886 0.7964 -0.1367 -0.584 0.0772 0.9313 0.1846 0.2939 -0.1107 0.6068 -0.1167 -0.7675 -0.1705 0.6268 -0.3793 -0.6209 -0.2788 0.9269 0.0406 0.3722 -0.0231
0.8193 -0.0122 -0.5353 -0.2049 0.1338 -0.3349 -0.8159 0.4521 0.6877 -0.2873 -0.6579 -0.1085 0.7856 0.0302 -0.617 -0.0349 0.8133 -0.2771 -0.504 -0.0886 0.7964 -0.1367 -0.584 0.0772 0.9313 0.1846 0.2939 -0.1107 0.6068 -0.1167 -0.7675 -0.1705 0.6268 -0.3793 -0.6209 -0.2788 0.9269 0.0406 0.3722 -0.0231
0.8193 -0.0122 -0.5353 -0.2049 0.1338 -0.3349 -0.8159 0.4521 0.6877 -0.2873 -0.6579 -0.1085 0.7856 0.0302 -0.617 -0.0349 0.8133 -0.2771 -0.504 -0.0886 0.7509 -0.1644 -0.6357 0.0712 0.9313 0.1846 0.2939 -0.1107 0.6068 -0.1167 -0.7675 -0.1705 0.6268 -0.3793 -0.6209 -0.2788 0.9269 0.0406 0.3722 -0.0231
0.8193 -0.0122 -0.5353 -0.2049 0.1338 -0.3349 -0.8159 0.4521 0.6877 -0.2873 -0.6579 -0.1085 0.7856 0.0302 -0.617 -0.0349 0.8133 -0.2771 -0.504 -0.0886 0.7509 -0.1644 -0.6357 0.0712 0.9215 0.2449 0.2855 -0.0963 0.6068 -0.1167 -0.7675 -0.1705 0.6268 -0.3793 -0.6209 -0.2788 0.9269 0.0406 0.3722 -0.0231
0.8193 -0.0122 -0.5353 -0.2049 0.1338 -0.3349 -0.8159 0.4521 0.6877 -0.2873 -0.6579 -0.1085 0.7856 0.0302 -0.617 -0.0349 0.8133 -0.2771 -0.504 -0.0886 0.7509 -0.1644 -0.6357 0.0712 0.9215 0.2449 0.2855 -0.0963 0.6068 -0.1167 -0.7675 -0.1705 0.6268 -0.3793 -0.6209 -0.2788 0.9269 0.0406 0.3722 -0.0231
0.7903 -0.0264 -0.5583 -0.2512 0.1338 -0.3349 -0.8159 0.4521 0.6794 -0.2957 -0.6555 -0.1459 0.763 0.0377 -0.6422 -0.0628 0.8133 -0.2771 -0.504 -0.0886 0.7509 -0.1644 -0.6357 0.0712 0.9215 0.2449 0.2855 -0.0963 0.6198 -0.1489 -0.7629 -0.1082 0.6268 -0.3793 -0.6209 -0.2788 0.9267 0.0428 0.3727 -0.0204
0.7903 -0.0264 -0.5583 -0.2512 0.1338 -0.3349 -0.8159 0.4521 0.6794 -0.2957 -0.6555 -0.1459 0.763 0.0377 -0.6422 -0.0628 0.7778 -0.343 -0.5266 -1.0E-4 0.7509 -0.1644 -0.6357 0.0712 0.9215 0.2449 0.2855 -0.0963 0.6198 -0.1489 -0.7629 -0.1082 0.6268 -0.3793 -0.6209 -0.2788 0.9267 0.0428 0.3727 -0.0204
0.7903 -0.0264 -0.5583 -0.2512 0.1338 -0.3349 -0.8159 0.4521 0.6794 -0.2957 -0.6555 -0.1459 0.763 0.0377 -0.6422 -0.0628 0.7778 -0.343 -0.5266 -1.0E-4 0.7509 -0.1644 -0.6357 0.0712 0.9215 0.2449 0.2855 -0.0963 0.6198 -0.1489 -0.7629 -0.1082 0.6268 -0.3793 -0.6209 -0.2788 0.9267 0.0428 0.3727 -0.0204
0.7903 -0.0264 -0.5583 -0.2512 0.1338 -0.3349 -0.8159 0.4521 0.6794 -0.2957 -0.6555 -0.1459 0.763 0.0377 -0.6422 -0.0628 0.7778 -0.343 -0.5266 -1.0E-4 0.7509 -0.1644 -0.6357 0.0712 0.9215 0.2449 0.2855 -0.0963 0.6198 -0.1489 -0.7629 -0.1082 0.6268 -0.3793 -0.6209 -0.2788 0.9267 0.0428 0.3727 -0.0204
0.7903 -0.0264 -0.5583 -0.2512 0.1338 -0.3349 -0.8159 0.4521 0.6794 -0.2957 -0.6555 -0.1459 0.763 0.0377 -0.6422 -0.0628 0.7778 -0.343 -0.5266 -1.0E-4 0.7311 -0.0803 -0.6707 0.0964 0.9215 0.2449 0.2855 -0.0963 0.6198 -0.1489 -0.7629 -0.1082 0.6268 -0.3793 -0.6209 -0.2788 0.9267 0.0428 0.3727 -0.0204
0.7903 -0.0264 -0.5583 -0.2512 0.1338 -0.3349 -0.8159 0.4521 0.6794 -0.2957 -0.6555 -0.1459 0.763 0.0377 -0.6422 -0.0628 0.7778 -0.343 -0.5266 -1.0E-4 0.7311 -0.0803 -0.6707 0.0964 0.9005 0.2452 0.3575 -0.0342 0.6198 -0.1489 -0.7629 -0.1082 0.6268 -0.3793 -0.6209 -0.2788 0.9267 0.0428 0.3727 -0.0204
0.7903 -0.0264 -0.5583 -0.2512 0.1338 -0.3349 -0.8159 0.4521 0.6714 -0.3035 -0.6549 -0.1682 0.763 0.0377 -0.6422 -0.0628 0.7778 -0.343 -0.5266 -1.0E-4 0.7311 -0.0803 -0.6707 0.0964 0.9005 0.2452 0.3575 -0.0342 0.6198 -0.1489 -0.7629 -0.1082 0.6268 -0.3793 -0.6209 -0.2788 0.9267 0.0428 0.3727 -0.0204
0.7903 -0.0264 -0.5583 -0.2512 0.1338 -0.3349 -0.8159 0.4521 0.6714 -0.3035 -0.6549 -0.1682 0.763 0.0377 -0.6422 -0.0628 0.7778 -0.343 -0.5266 -1.0E-4 0.7311 -0.0803 -0.6707 0.0964 0.9005 0.2452 0.3575 -0.0342 0.6198 -0.1489 -0.7629 -0.1082 0.6268 -0.3793 -0.6209 -0.2788 0.9267 0.0428 0.3727 -0.0204
0.7903 -0.0264 -0.5583 -0.2512 0.1338 -0.3349 -0.8159 0.4521 0.6714 -0.3035 -0.6549 -0.1682 0.763 0.0377 -0.6422 -0.0628 0.767 -0.2843 -0.5718 0.0627 0.7311 -0.0803 -0.6707 0.0964 0.9005 0.2452 0.3575 -0.0342 0.6198 -0.1489 -0.7629 -0.1082 0.6268 -0.3793 -0.6209 -0.2788 0.9267 0.0428 0.3727 -0.0204
0.7903 -0.0264 -0.5583 -0.2512 0.1338 -0.3349 -0.8159 0.4521 0.6714 -0.3035 -0.6549 -0.1682 0.763 0.0377 -0.6422 -0.0628 0.767 -0.2843 -0.5718 0.0627 0.7311 -0.0803 -0.6707 0.0964 0.9005 0.2452 0.3575 -0.0342 0.6198 -0.1489 -0.7629 -0.1082 0.6268 -0.3793 -0.6209 -0.2788 0.9267 0.0428 0.3727 -0.0204
0.7903 -0.0264 -0.5583 -0.2512 0.1338 -0.3349 -0.8159 0.4521 0.6714 -0.3035 -0.6549 -0.1682 0.763 0.0377 -0.6422 -0.0628 0.767 -0.2843 -0.5718 0.0627 0.7311 -0.0803 -0.6707 0.0964 0.9005 0.2452 0.3575 -0.0342 0.6198 -0.1489 -0.7629 -0.1082 0.6268 -0.3793 -0.6209 -0.2788 0.9267 0.0428 0.3727 -0.0204
0.7903 -0.0264 -0.5583 -0.2512 0.1338 -0.3349 -0.8159 0.4521 0.6714 -0.3035 -0.6549 -0.1682 0.763 0.0377 -0.6422 -0.0628 0.767 -0.2843 -0.5718 0.0627 0.7311 -0.0803 -0.6707 0.0964 0.9005 0.2452 0.3575 -0.0342 0.6198 -0.1489 -0.7629 -0.1082 0.6268 -0.3793 -0.6209 -0.2788 0.9267 0.0428 0.3727 -0.0204
0.7903 -0.0264 -0.5583 -0.2512 0.1338 -0.3349 -0.8159 0.4521 0.6659 -0.296 -0.6602 -0.1818 0.763 0.0377 -0.6422 -0.0628 0.767 -0.2843 -0.5718 0.0627 0.723 -0.0189 -0.6819 0.1091 0.8759 0.2258 0.4266 0.0021 0.6198 -0.1489 -0.7629 -0.1082 0.6268 -0.3793 -0.6209 -0.2788 0.9267 0.0428 0.3727 -0.0204
0.7903 -0.0264 -0.5583 -0.2512 0.1338 -0.3349 -0.8159 0.4521 0.6659 -0.296 -0.6602 -0.1818 0.763 0.0377 -0.6422 -0.0628 0.767 -0.2843 -0.5718 0.0627 0.723 -0.0189 -0.6819 0.1091 0.8759 0.2258 0.4266 0.0021 0.6198 -0.1489 -0.7629 -0.1082 0.6268 -0.3793 -0.6209 -0.2788 0.9267 0.0428 0.3727 -0.0204
0.7791 -0.0256 -0.5742 -0.2506 0.1338 -0.3349 -0.8159 0.4521 0.6659 -0.296 -0.6602 -0.1818 0.6917 0.0629 -0.71 -0.1166 0.767 -0.2843 -0.5718 0.0627 0.723 -0.0189 -0.6819 0.1091 0.8759 0.2258 0.4266 0.0021 0.6304 -0.1735 -0.7535 -0.0688 0.6268 -0.3793 -0.6209 -0.2788 0.929 0.042 0.3674 -0.0164
0.7791 -0.0256 -0.5742 -0.2506 0.1338 -0.3349 -0.8159 0.4521 0.6659 -0.296 -0.6602 -0.1818 0.6917 0.0629 -0.71 -0.1166 0.7487 -0.2739 -0.6013 0.0541 0.723 -0.0189 -0.6819 0.1091 0.8759 0.2258 0.4266 0.0021 0.6304 -0.1735 -0.7535 -0.0688 0.6268 -0.3793 -0.6209 -0.2788 0.929 0.042 0.3674 -0.0164
0.7791 -0.0256 -0.5742 -0.2506 0.1338 -0.3349 -0.8159 0.4521 0.6659 -0.296 -0.6602 -0.1818 0.6917 0.0629 -0.71 -0.1166 0.7487 -0.2739 -0.6013 0.0541 0.723 -0.0189 -0.6819 0.1091 0.8759 0.2258 0.4266 0.0021 0.6304 -0.1735 -0.7535 -0.0688 0.6268 -0.3793 -0.6209 -0.2788 0.929 0.042 0.3674 -0.0164
0.7791 -0.0256 -0.5742 -0.2506 0.1338 -0.3349 -0.8159 0.4521 0.6659 -0.296 -0.6602 -0.1818 0.6917 0.0629 -0.71 -0.1166 0.7487 -0.2739 -0.6013 0.0541 0.723 -0.0189 -0.6819 0.1091 0.8759 0.2258 0.4266 0.0021 0.6304 -0.1735 -0.7535 -0.0688 0.6268 -0.3793 -0.6209 -0.2788 0.929 0.042 0.3674 -0.0164
0.7791 -0.0256 -0.5742 -0.2506 0.1338 -0.3349 -0.8159 0.4521 0.6659 -0.296 -0.6602 -0.1818 0.6917 0.0629 -0.71 -0.1166 0.7487 -0.2739 -0.6013 0.0541 0.7314 0.0479 -0.6752 0.0826 0.8759 0.2258 0.4266 0.0021 0.6304 -0.1735 -0.7535 -0.0688 0.6268 -0.3793 -0.6209 -0.2788 0.929 0.042 0.3674 -0.0164
0.7791 -0.0256 -0.5742 -0.2506 0.1338 -0.3349 -0.8159 0.4521 0.6488 -0.3177 -0.6638 -0.1935 0.6917 0.0629 -0.71 -0.1166 0.7487 -0.2739 -0.6013 0.0541 0.7314 0.0479 -0.6752 0.0826 0.8759 0.2258 0.4266 0.0021 0.6304 -0.1735 -0.7535 -0.0688 0.6268 -0.3793 -0.6209 -0.2788 0.929 0.042 0.3674 -0.0164
0.7746 -0.0101 -0.5851 -0.2396 0.1338 -0.3349 -0.8159 0.4521 0.6488 -0.3177 -0.6638 -0.1935 0.6917 0.0629 -0.71 -0.1166 0.7487 -0.2739 -0.6013 0.0541 0.7314 0.0479 -0.6752 0.0826 0.8759 0.2258 0.4266 0.0021 0.64 -0.1841 -0.7455 -0.027 0.6268 -0.3793 -0.6209 -0.2788 0.929 0.042 0.3674 -0.0164
0.7746 -0.0101 -0.5851 -0.2396 0.1338 -0.3349 -0.8159 0.4521 0.6488 -0.3177 -0.6638 -0.1935 0.6917 0.0629 -0.71 -0.1166 0.7487 -0.2739 -0.6013 0.0541 0.7314 0.0479 -0.6752 0.0826 0.8759 0.2258 0.4266 0.0021 0.64 -0.1841 -0.7455 -0.027 0.6268 -0.3793 -0.6209 -0.2788 0.929 0.042 0.3674 -0.0164
0.7746 -0.0101 -0.5851 -0.2396 0.1338 -0.3349 -0.8159 0.4521 0.6488 -0.3177 -0.6638 -0.1935 0.687 0.0488 -0.7153 -0.1187 0.7438 -0.2349 -0.6225 0.0632 0.7314 0.0479 -0.6752 0.0826 0.8759 0.2258 0.4266 0.0021 0.64 -0.1841 -0.7455 -0.027 0.6268 -0.3793 -0.6209 -0.2788 0.929 0.042 0.3674 -0.0164
0.7746 -0.0101 -0.5851 -0.2396 0.1338 -0.3349 -0.8159 0.4521 0.6488 -0.3177 -0.6638 -0.1935 0.687 0.0488 -0.7153 -0.1187 0.7438 -0.2349 -0.6225 0.0632 0.7314 0.0479 -0.6752 0.0826 0.8759 0.2258 0.4266 0.0021 0.64 -0.1841 -0.7455 -0.027 0.6268 -0.3793 -0.6209 -0.2788 0.929 0.042 0.3674 -0.0164
0.7746 -0.0101 -0.5851 -0.2396 0.1338 -0.3349 -0.8159 0.4521 0.6488 -0.3177 -0.6638 -0.1935 0.687 0.0488 -0.7153 -0.1187 0.7438 -0.2349 -0.6225 0.0632 0.7314 0.0479 -0.6752 0.0826 0.8759 0.2258 0.4266 0.0021 0.64 -0.1841 -0.7455 -0.027 0.6268 -0.3793 -0.6209 -0.2788 0.929 0.042 0.3674 -0.0164
0.7746 -0.0101 -0.5851 -0.2396 0.1338 -0.3349 -0.8159 0.4521 0.6488 -0.3177 -0.6638 -0.1935 0.687 0.0488 -0.7153 -0.1187 0.7438 -0.2349 -0.6225 0.0632 0.7314 0.0479 -0.6752 0.0826 0.9013 0.1388 0.4103 0.0068 0.64 -0.1841 -0.7455 -0.027 0.6268 -0.3793 -0.6209 -0.2788 0.929 0.042 0.3674 -0.0164
0.7746 -0.0101 -0.5851 -0.2396 0.1338 -0.3349 -0.8159 0.4521 0.6541 -0.3232 -0.6619 -0.1723 0.687 0.0488 -0.7153 -0.1187 0.7438 -0.2349 -0.6225 0.0632 0.7314 0.0479 -0.6752 0.0826 0.9013 0.1388 0.4103 0.0068 0.64 -0.1841 -0.7455 -0.027 0.6268 -0.3793 -0.6209 -0.2788 0.929 0.042 0.3674 -0.0164
0.7746 -0.0101 -0.5851 -0.2396 0.1338 -0.3349 -0.8159 0.4521 0.6541 -0.3232 -0.6619 -0.1723 0.687 0.0488 -0.7153 -0.1187 0.7438 -0.2349 -0.6225 0.0632 0.7314 0.0479 -0.6752 0.0826 0.9013 0.1388 0.4103 0.0068 0.64 -0.1841 -0.7455 -0.027 0.6268 -0.3793 -0.6209 -0.2788 0.894 0.0129 0.4461 -0.0406
0.7746 -0.0101 -0.5851 -0.2396 0.1338 -0.3349 -0.8159 0.4521 0.6541 -0.3232 -0.6619 -0.1723 0.7157 0.0319 -0.6902 -0.1021 0.7248 -0.2495 -0.6408 0.0423 0.7314 0.0479 -0.6752 0.0826 0.9013 0.1388 0.4103 0.0068 0.64 -0.1841 -0.7455 -0.027 0.6268 -0.3793 -0.6209 -0.2788 0.894 0.0129 0.4461 -0.0406
0.7746 -0.0101 -0.5851 -0.2396 0.1338 -0.3349 -0.8159 0.4521 0.6541 -0.3232 -0.6619 -0.1723 0.7157 0.0319 -0.6902 -0.1021 0.7248 -0.2495 -0.6408 0.0423 0.7314 0.0479 -0.6752 0.0826 0.9013 0.1388 0.4103 0.0068 0.64 -0.1841 -0.7455 -0.027 0.6268 -0.3793 -0.6209 -0.2788 0.894 0.0129 0.4461 -0.0406
0.7746 -0.0101 -0.5851 -0.2396 0.1338 -0.3349 -0.8159 0.4521 0.6541 -0.3232 -0.6619 -0.1723 0.7157 0.0319 -0.6902 -0.1021 0.7248 -0.2495 -0.6408 0.0423 0.7314 0.0479 -0.6752 0.0826 0.9013 0.1388 0.4103 0.0068 0.64 -0.1841 -0.7455 -0.027 0.6268 -0.3793 -0.6209 -0.2788 0.894 0.0129 0.4461 -0.0406
0.7746 -0.0101 -0.5851 -0.2396 0.1338 -0.3349 -0.8159 0.4521 0.6541 -0.3232 -0.6619 -0.1723 0.7157 0.0319 -0.6902 -0.1021 0.7248 -0.2495 -0.6408 0.0423 0.7314 0.0479 -0.6752 0.0826 0.9013 0.1388 0.4103 0.0068 0.64 -0.1841 -0.7455 -0.027 0.6268 -0.3793 -0.6209 -0.2788 0.894 0.0129 0.4461 -0.0406
0.7746 -0.0101 -0.5851 -0.2396 0.1338 -0.3349 -0.8159 0.4521 0.6541 -0.3232 -0.6619 -0.1723 0.7157 0.0319 -0.6902 -0.1021 0.7248 -0.2495 -0.6408 0.0423 0.7314 0.0479 -0.6752 0.0826 0.9013 0.1388 0.4103 0.0068 0.64 -0.1841 -0.7455 -0.027 0.6268 -0.3793 -0.6209 -0.2788 0.894 0.0129 0.4461 -0.0406
0.7746 -0.0101 -0.5851 -0.2396 0.1338 -0.3349 -0.8159 0.4521 0.6759 -0.2977 -0.6573 -0.1498 0.7157 0.0319 -0.6902 -0.1021 0.7248 -0.2495 -0.6408 0.0423 0.7319 0.1768 -0.6575 0.027 0.9018 0.1293 0.4124 1.0E-4 0.64 -0.1841 -0.7455 -0.027 0.6268 -0.3793 -0.6209 -0.2788 0.894 0.0129 0.4461 -0.0406
0.7746 -0.0101 -0.5851 -0.2396 0.1338 -0.3349 -0.8159 0.4521 0.6759 -0.2977 -0.6573 -0.1498 0.7157 0.0319 -0.6902 -0.1021 0.7248 -0.2495 -0.6408 0.0423 0.7319 0.1768 -0.6575 0.027 0.9018 0.1293 0.4124 1.0E-4 0.64 -0.1841 -0.7455 -0.027 0.6268 -0.3793 -0.6209 -0.2788 0.894 0.0129 0.4461 -0.0406
0.7741 0.0145 -0.5981 -0.2069 0.1338 -0.3349 -0.8159 0.4521 0.6759 -0.2977 -0.6573 -0.1498 0.7517 0.0516 -0.6541 -0.0666 0.7248 -0.2495 -0.6408 0.0423 0.7319 0.1768 -0.6575 0.027 0.9018 0.1293 0.4124 1.0E-4 0.6907 -0.1176 -0.7112 -0.0559 0.6268 -0.3793 -0.6209 -0.2788 0.74 0.0192 0.6686 -0.0707
0.7741 0.0145 -0.5981 -0.2069 0.1338 -0.3349 -0.8159 0.4521 0.6759 -0.2977 -0.6573 -0.1498 0.7517 0.0516 -0.6541 -0.0666 0.693 -0.2712 -0.6673 -0.0306 0.7319 0.1768 -0.6575 0.027 0.9018 0.1293 0.4124 1.0E-4 0.6907 -0.1176 -0.7112 -0.0559 0.6268 -0.3793 -0.6209 -0.2788 0.74 0.0192 0.6686 -0.0707
0.7741 0.0145 -0.5981 -0.2069 0.1338 -0.3349 -0.8159 0.4521 0.6759 -0.2977 -0.6573 -0.1498 0.7517 0.0516 -0.6541 -0.0666 0.693 -0.2712 -0.6673 -0.0306 0.7319 0.1768 -0.6575 0.027 0.9018 0.1293 0.4124 1.0E-4 0.6907 -0.1176 -0.7112 -0.0559 0.6268 -0.3793 -0.6209 -0.2788 0.74 0.0192 0.6686 -0.0707
0.7741 0.0145 -0.5981 -0.2069 0.1338 -0.3349 -0.8159 0.4521 0.6759 -0.2977 -0.6573 -0.1498 0.7517 0.0516 -0.6541 -0.0666 0.693 -0.2712 -0.6673 -0.0306 0.7319 0.1768 -0.6575 0.027 0.9018 0.1293 0.4124 1.0E-4 0.6907 -0.1176 -0.7112 -0.0559 0.6268 -0.3793 -0.6209 -0.2788 0.74 0.0192 0.6686 -0.0707
0.7741 0.0145 -0.5981 -0.2069 0.1338 -0.3349 -0.8159 0.4521 0.6759 -0.2977 -0.6573 -0.1498 0.7517 0.0516 -0.6541 -0.0666 0.693 -0.2712 -0.6673 -0.0306 0.7319 0.1768 -0.6575 0.027 0.9018 0.1293 0.4124 1.0E-4 0.6907 -0.1176 -0.7112 -0.0559 0.6268 -0.3793 -0.6209 -0.2788 0.74 0.0192 0.6686 -0.0707
0.7741 0.0145 -0.5981 -0.2069 0.1338 -0.3349 -0.8159 0.4521 0.6759 -0.2977 -0.6573 -0.1498 0.7517 0.0516 -0.6541 -0.0666 0.693 -0.2712 -0.6673 -0.0306 0.7215 0.2104 -0.6597 -0.0021 0.9017 0.1237 0.4144 -0.0052 0.6907 -0.1176 -0.7112 -0.0559 0.6268 -0.3793 -0.6209 -0.2788 0.74 0.0192 0.6686 -0.0707
0.7741 0.0145 -0.5981 -0.2069 0.1338 -0.3349 -0.8159 0.4521 0.704 -0.256 -0.6539 -0.106 0.7517 0.0516 -0.6541 -0.0666 0.693 -0.2712 -0.6673 -0.0306 0.7215 0.2104 -0.6597 -0.0021 0.9017 0.1237 0.4144 -0.0052 0.6907 -0.1176 -0.7112 -0.0559 0.6268 -0.3793 -0.6209 -0.2788 0.74 0.0192 0.6686 -0.0707
0.7741 0.0145 -0.5981 -0.2069 0.1338 -0.3349 -0.8159 0.4521 0.704 -0.256 -0.6539 -0.106 0.7517 0.0516 -0.6541 -0.0666 0.693 -0.2712 -0.6673 -0.0306 0.7215 0.2104 -0.6597 -0.0021 0.9017 0.1237 0.4144 -0.0052 0.6907 -0.1176 -0.7112 -0.0559 0.6268 -0.3793 -0.6209 -0.2788 0.74 0.0192 0.6686 -0.0707
0.7741 0.0145 -0.5981 -0.2069 0.1338 -0.3349 -0.8159 0.4521 0.704 -0.256 -0.6539 -0.106 0.7571 0.1095 -0.6431 -0.036 0.6732 -0.2629 -0.6886 -0.0587 0.7215 0.2104 -0.6597 -0.0021 0.9017 0.1237 0.4144 -0.0052 0.6907 -0.1176 -0.7112 -0.0559 0.739 -0.4722 -0.4802 -0.0178 0.6802 0.0443 0.7318 -0.0024
0.7741 0.0145 -0.5981 -0.2069 0.1338 -0.3349 -0.8159 0.4521 0.704 -0.256 -0.6539 -0.106 0.7571 0.1095 -0.6431 -0.036 0.6732 -0.2629 -0.6886 -0.0587 0.7215 0.2104 -0.6597 -0.0021 0.9017 0.1237 0.4144 -0.0052 0.6907 -0.1176 -0.7112 -0.0559 0.739 -0.4722 -0.4802 -0.0178 0.6802 0.0443 0.7318 -0.0024
0.7741 0.0145 -0.5981 -0.2069 0.1338 -0.3349 -0.8159 0.4521 0.704 -0.256 -0.6539 -0.106 0.7571 0.1095 -0.6431 -0.036 0.6732 -0.2629 -0.6886 -0.0587 0.7215 0.2104 -0.6597 -0.0021 0.9017 0.1237 0.4144 -0.0052 0.6907 -0.1176 -0.7112 -0.0559 0.739 -0.4722 -0.4802 -0.0178 0.6802 0.0443 0.7318 -0.0024
0.7741 0.0145 -0.5981 -0.2069 0.1338 -0.3349 -0.8159 0.4521 0.704 -0.256 -0.6539 -0.106 0.7571 0.1095 -0.6431 -0.036 0.6732 -0.2629 -0.6886 -0.0587 0.7215 0.2104 -0.6597 -0.0021 0.9017 0.1237 0.4144 -0.0052 0.6907 -0.1176 -0.7112 -0.0559 0.739 -0.4722 -0.4802 -0.0178 0.6802 0.0443 0.7318 -0.0024
0.7741 0.0145 -0.5981 -0.2069 0.1338 -0.3349 -0.8159 0.4521 0.7195 -0.2115 -0.6591 -0.0565 0.7571 0.1095 -0.6431 -0.036 0.6732 -0.2629 -0.6886 -0.0587 0.7164 0.2391 -0.6548 -0.0281 0.8922 0.1207 0.4349 -0.0132 0.6907 -0.1176 -0.7112 -0.0559 0.739 -0.4722 -0.4802 -0.0178 0.6802 0.0443 0.7318 -0.0024
0.7741 0.0145 -0.5981 -0.2069 0.1338 -0.3349 -0.8159 0.4521 0.7195 -0.2115 -0.6591 -0.0565 0.7571 0.1095 -0.6431 -0.036 0.6732 -0.2629 -0.6886 -0.0587 0.7164 0.2391 -0.6548 -0.0281 0.8922 0.1207 0.4349 -0.0132 0.6907 -0.1176 -0.7112 -0.0559 0.739 -0.4722 -0.4802 -0.0178 0.6802 0.0443 0.7318 -0.0024
0.7741 0.0145 -0.5981 -0.2069 0.1338 -0.3349 -0.8159 0.4521 0.7195 -0.2115 -0.6591 -0.0565 0.7571 0.1095 -0.6431 -0.036 0.6732 -0.2629 -0.6886 -0.0587 0.7164 0.2391 -0.6548 -0.0281 0.8922 0.1207 0.4349 -0.0132 0.6646 -0.0194 -0.7187 -0.2036 0.739 -0.4722 -0.4802 -0.0178 0.6802 0.0443 0.7318 -0.0024
0.7741 0.0145 -0.5981 -0.2069 0.1338 -0.3349 -0.8159 0.4521 0.7195 -0.2115 -0.6591 -0.0565 0.7571 0.1095 -0.6431 -0.036 0.6732 -0.2629 -0.6886 -0.0587 0.7164 0.2391 -0.6548 -0.0281 0.8922 0.1207 0.4349 -0.0132 0.6646 -0.0194 -0.7187 -0.2036 0.739 -0.4722 -0.4802 -0.0178 0.6802 0.0443 0.7318 -0.0024
0.7741 0.0145 -0.5981 -0.2069 0.1338 -0.3349 -0.8159 0.4521 0.7195 -0.2115 -0.6591 -0.0565 0.7571 0.1095 -0.6431 -0.036 0.6732 -0.2629 -0.6886 -0.0587 0.7164 0.2391 -0.6548 -0.0281 0.8922 0.1207 0.4349 -0.0132 0.6646 -0.0194 -0.7187 -0.2036 0.739 -0.4722 -0.4802 -0.0178 0.6802 0.0443 0.7318 -0.0024
0.7741 0.0145 -0.5981 -0.2069 0.1338 -0.3349 -0.8159 0.4521 0.7195 -0.2115 -0.6591 -0.0565 0.7571 0.1095 -0.6431 -0.036 0.6732 -0.2629 -0.6886 -0.0587 0.7164 0.2391 -0.6548 -0.0281 0.8922 0.1207 0.4349 -0.0132 0.6646 -0.0194 -0.7187 -0.2036 0.739 -0.4722 -0.4802 -0.0178 0.6802 0.0443 0.7318 -0.0024
0.7741 0.0145 -0.5981 -0.2069 0.1338 -0.3349 -0.8159 0.4521 0.7195 -0.2115 -0.6591 -0.0565 0.7571 0.1095 -0.6431 -0.036 0.6732 -0.2629 -0.6886 -0.0587 0.7164 0.2391 -0.6548 -0.0281 0.8922 0.1207 0.4349 -0.0132 0.6646 -0.0194 -0.7187 -0.2036 0.739 -0.4722 -0.4802 -0.0178 0.6802 0.0443 0.7318 -0.0024
0.7741 0.0145 -0.5981 -0.2069 0.1338 -0.3349 -0.8159 0.4521 0.7195 -0.2115 -0.6591 -0.0565 0.7571 0.1095 -0.6431 -0.036 0.6732 -0.2629 -0.6886 -0.0587 0.7194 0.2509 -0.6454 -0.0544 0.8922 0.1207 0.4349 -0.0132 0.6646 -0.0194 -0.7187 -0.2036 0.739 -0.4722 -0.4802 -0.0178 0.6802 0.0443 0.7318 -0.0024
0.8127 0.0193 -0.5664 -0.1354 0.1338 -0.3349 -0.8159 0.4521 0.7137 -0.2083 -0.6672 -0.0447 0.7571 0.1095 -0.6431 -0.036 0.6732 -0.2629 -0.6886 -0.0587 0.7194 0.2509 -0.6454 -0.0544 0.8922 0.1207 0.4349 -0.0132 0.6225 -0.0727 -0.7399 -0.2446 0.739 -0.4722 -0.4802 -0.0178 0.6802 0.0443 0.7318 -0.0024
0.8127 0.0193 -0.5664 -0.1354 0.1338 -0.3349 -0.8159 0.4521 0.7137 -0.2083 -0.6672 -0.0447 0.7571 0.1095 -0.6431 -0.036 0.6732 -0.2629 -0.6886 -0.0587 0.7194 0.2509 -0.6454 -0.0544 0.8922 0.1207 0.4349 -0.0132 0.6225 -0.0727 -0.7399 -0.2446 0.6052 -0.2118 -0.6917 -0.3323 0.6802 0.0443 0.7318 -0.0024
0.8127 0.0193 -0.5664 -0.1354 0.1338 -0.3349 -0.8159 0.4521 0.7137 -0.2083 -0.6672 -0.0447 0.7571 0.1095 -0.6431 -0.036 0.6355 -0.2709 -0.7078 -0.1473 0.7194 0.2509 -0.6454 -0.0544 0.8922 0.1207 0.4349 -0.0132 0.6225 -0.0727 -0.7399 -0.2446 0.6052 -0.2118 -0.6917 -0.3323 0.6802 0.0443 0.7318 -0.0024
0.8127 0.0193 -0.5664 -0.1354 0.1338 -0.3349 -0.8159 0.4521 0.7137 -0.2083 -0.6672 -0.0447 0.7571 0.1095 -0.6431 -0.036 0.6355 -0.2709 -0.7078 -0.1473 0.7194 0.2509 -0.6454 -0.0544 0.8922 0.1207 0.4349 -0.0132 0.6225 -0.0727 -0.7399 -0.2446 0.6052 -0.2118 -0.6917 -0.3323 0.6802 0.0443 0.7318 -0.0024
0.8127 0.0193 -0.5664 -0.1354 0.1338 -0.3349 -0.8159 0.4521 0.7137 -0.2083 -0.6672 -0.0447 0.7571 0.1095 -0.6431 -0.036 0.6355 -0.2709 -0.7078 -0.1473 0.7194 0.2509 -0.6454 -0.0544 0.8922 0.1207 0.4349 -0.0132 0.6225 -0.0727 -0.7399 -0.2446 0.6052 -0.2118 -0.6917 -0.3323 0.6802 0.0443 0.7318 -0.0024
0.8127 0.0193 -0.5664 -0.1354 0.1338 -0.3349 -0.8159 0.4521 0.7137 -0.2083 -0.6672 -0.0447 0.7571 0.1095 -0.6431 -0.036 0.6355 -0.2709 -0.7078 -0.1473 0.7299 0.254 -0.627 -0.0989 0.8922 0.1207 0.4349 -0.0132 0.6225 -0.0727 -0.7399 -0.2446 0.6052 -0.2118 -0.6917 -0.3323 0.6802 0.0443 0.7318 -0.0024
0.8127 0.0193 -0.5664 -0.1354 0.1338 -0.3349 -0.8159 0.4521 0.7108 -0.1899 -0.6766 -0.0312 0.7571 0.1095 -0.6431 -0.036 0.6355 -0.2709 -0.7078 -0.1473 0.7299 0.254 -0.627 -0.0989 0.8922 0.1207 0.4349 -0.0132 0.6225 -0.0727 -0.7399 -0.2446 0.6052 -0.2118 -0.6917 -0.3323 0.6802 0.0443 0.7318 -0.0024
0.8127 0.0193 -0.5664 -0.1354 0.1338 -0.3349 -0.8159 0.4521 0.7108 -0.1899 -0.6766 -0.0312 0.7571 0.1095 -0.6431 -0.036 0.6355 -0.2709 -0.7078 -0.1473 0.7299 0.254 -0.627 -0.0989 0.8922 0.1207 0.4349 -0.0132 0.5841 -0.0945 -0.7654 -0.2529 0.6052 -0.2118 -0.6917 -0.3323 0.6802 0.0443 0.7318 -0.0024
0.8127 0.0193 -0.5664 -0.1354 0.1338 -0.3349 -0.8159 0.4521 0.7108 -0.1899 -0.6766 -0.0312 0.7543 0.1235 -0.6443 0.0258 0.6355 -0.2709 -0.7078 -0.1473 0.7299 0.254 -0.627 -0.0989 0.8922 0.1207 0.4349 -0.0132 0.5841 -0.0945 -0.7654 -0.2529 0.6052 -0.2118 -0.6917 -0.3323 0.6802 0.0443 0.7318 -0.0024
0.8127 0.0193 -0.5664 -0.1354 0.1338 -0.3349 -0.8159 0.4521 0.7108 -0.1899 -0.6766 -0.0312 0.7543 0.1235 -0.6443 0.0258 0.6313 -0.2828 -0.6928 -0.2037 0.7299 0.254 -0.627 -0.0989 0.8922 0.1207 0.4349 -0.0132 0.5841 -0.0945 -0.7654 -0.2529 0.5712 -0.2712 -0.6792 -0.3727 0.6802 0.0443 0.7318 -0.0024
0.8127 0.0193 -0.5664 -0.1354 0.1338 -0.3349 -0.8159 0.4521 0.7108 -0.1899 -0.6766 -0.0312 0.7543 0.1235 -0.6443 0.0258 0.6313 -0.2828 -0.6928 -0.2037 0.7299 0.254 -0.627 -0.0989 0.8922 0.1207 0.4349 -0.0132 0.5841 -0.0945 -0.7654 -0.2529 0.5712 -0.2712 -0.6792 -0.3727 0.6802 0.0443 0.7318 -0.0024
0.8127 0.0193 -0.5664 -0.1354 0.1338 -0.3349 -0.8159 0.4521 0.7108 -0.1899 -0.6766 -0.0312 0.7543 0.1235 -0.6443 0.0258 0.6313 -0.2828 -0.6928 -0.2037 0.7299 0.254 -0.627 -0.0989 0.8922 0.1207 0.4349 -0.0132 0.5841 -0.0945 -0.7654 -0.2529 0.5712 -0.2712 -0.6792 -0.3727 0.6802 0.0443 0.7318 -0.0024
0.8127 0.0193 -0.5664 -0.1354 0.1338 -0.3349 -0.8159 0.4521 0.7108 -0.1899 -0.6766 -0.0312 0.7543 0.1235 -0.6443 0.0258 0.6313 -0.2828 -0.6928 -0.2037 0.7299 0.254 -0.627 -0.0989 0.8922 0.1207 0.4349 -0.0132 0.5841 -0.0945 -0.7654 -0.2529 0.5712 -0.2712 -0.6792 -0.3727 0.6802 0.0443 0.7318 -0.0024
0.8127 0.0193 -0.5664 -0.1354 0.1338 -0.3349 -0.8159 0.4521 0.7108 -0.1899 -0.6766 -0.0312 0.7543 0.1235 -0.6443 0.0258 0.6313 -0.2828 -0.6928 -0.2037 0.7299 0.254 -0.627 -0.0989 0.8922 0.1207 0.4349 -0.0132 0.5841 -0.0945 -0.7654 -0.2529 0.5712 -0.2712 -0.6792 -0.3727 0.6802 0.0443 0.7318 -0.0024
0.8127 0.0193 -0.5664 -0.1354 0.1338 -0.3349 -0.8159 0.4521 0.7108 -0.1899 -0.6766 -0.0312 0.7543 0.1235 -0.6443 0.0258 0.6313 -0.2828 -0.6928 -0.2037 0.7299 0.254 -0.627 -0.0989 0.8922 0.1207 0.4349 -0.0132 0.5841 -0.0945 -0.7654 -0.2529 0.5712 -0.2712 -0.6792 -0.3727 0.6802 0.0443 0.7318 -0.0024
0.8127 0.0193 -0.5664 -0.1354 0.1338 -0.3349 -0.8159 0.4521 0.7108 -0.1899 -0.6766 -0.0312 0.7543 0.1235 -0.6443 0.0258 0.6313 -0.2828 -0.6928 -0.2037 0.7299 0.254 -0.627 -0.0989 0.8922 0.1207 0.4349 -0.0132 0.5841 -0.0945 -0.7654 -0.2529 0.5712 -0.2712 -0.6792 -0.3727 0.6802 0.0443 0.7318 -0.0024
0.8217 0.0157 -0.5468 -0.1604 0.12 -0.2676 -0.8326 0.4699 0.7 -0.1897 -0.6876 -0.0357 0.7645 0.0774 -0.6387 0.0391 0.6868 -0.3286 -0.5972 -0.2524 0.7299 0.254 -0.627 -0.0989 0.8922 0.1207 0.4349 -0.0132 0.595 -0.1064 -0.7505 -0.2673 0.5876 -0.3303 -0.6465 -0.3572 0.9526 0.0494 0.2745 -0.1211
0.8217 0.0157 -0.5468 -0.1604 0.12 -0.2676 -0.8326 0.4699 0.7 -0.1897 -0.6876 -0.0357 0.7645 0.0774 -0.6387 0.0391 0.6868 -0.3286 -0.5972 -0.2524 0.7299 0.254 -0.627 -0.0989 0.8922 0.1207 0.4349 -0.0132 0.595 -0.1064 -0.7505 -0.2673 0.5876 -0.3303 -0.6465 -0.3572 0.9526 0.0494 0.2745 -0.1211
0.8217 0.0157 -0.5468 -0.1604 0.12 -0.2676 -0.8326 0.4699 0.7 -0.1897 -0.6876 -0.0357 0.7645 0.0774 -0.6387 0.0391 0.6868 -0.3286 -0.5972 -0.2524 0.7299 0.254 -0.627 -0.0989 0.8922 0.1207 0.4349 -0.0132 0.595 -0.1064 -0.7505 -0.2673 0.5876 -0.3303 -0.6465 -0.3572 0.9526 0.0494 0.2745 -0.1211
0.8217 0.0157 -0.5468 -0.1604 0.12 -0.2676 -0.8326 0.4699 0.7 -0.1897 -0.6876 -0.0357 0.7645 0.0774 -0.6387 0.0391 0.6868 -0.3286 -0.5972 -0.2524 0.7547 0.2006 -0.5523 -0.2916 0.8922 0.1207 0.4349 -0.0132 0.595 -0.1064 -0.7505 -0.2673 0.5876 -0.3303 -0.6465 -0.3572 0.9526 0.0494 0.2745 -0.1211
0.8217 0.0157 -0.5468 -0.1604 0.12 -0.2676 -0.8326 0.4699 0.7 -0.1897 -0.6876 -0.0357 0.7645 0.0774 -0.6387 0.0391 0.6868 -0.3286 -0.5972 -0.2524 0.7547 0.2006 -0.5523 -0.2916 0.8922 0.1207 0.4349 -0.0132 0.595 -0.1064 -0.7505 -0.2673 0.5876 -0.3303 -0.6465 -0.3572 0.9526 0.0494 0.2745 -0.1211
0.8217 0.0157 -0.5468 -0.1604 0.12 -0.2676 -0.8326 0.4699 0.7 -0.1897 -0.6876 -0.0357 0.7645 0.0774 -0.6387 0.0391 0.6868 -0.3286 -0.5972 -0.2524 0.7547 0.2006 -0.5523 -0.2916 0.8922 0.1207 0.4349 -0.0132 0.595 -0.1064 -0.7505 -0.2673 0.5876 -0.3303 -0.6465 -0.3572 0.9526 0.0494 0.2745 -0.1211
0.8217 0.0157 -0.5468 -0.1604 0.12 -0.2676 -0.8326 0.4699 0.7 -0.1897 -0.6876 -0.0357 0.7645 0.0774 -0.6387 0.0391 0.6868 -0.3286 -0.5972 -0.2524 0.7547 0.2006 -0.5523 -0.2916 0.8922 0.1207 0.4349 -0.0132 0.595 -0.1064 -0.7505 -0.2673 0.5876 -0.3303 -0.6465 -0.3572 0.9526 0.0494 0.2745 -0.1211
0.8148 -0.0116 -0.5441 -0.1998 0.1403 -0.3146 -0.8085 0.4771 0.6819 -0.2557 -0.6757 -0.1141 0.773 0.0188 -0.6335 -0.0281 0.7221 -0.3455 -0.5359 -0.2686 0.7547 0.2006 -0.5523 -0.2916 0.7968 0.2807 0.5214 -0.1198 0.6013 -0.1276 -0.7583 -0.2172 0.5928 -0.353 -0.6323 -0.3524 0.9437 0.0645 0.2994 -0.1255
0.8148 -0.0116 -0.5441 -0.1998 0.1403 -0.3146 -0.8085 0.4771 0.6819 -0.2557 -0.6757 -0.1141 0.773 0.0188 -0.6335 -0.0281 0.7221 -0.3455 -0.5359 -0.2686 0.7547 0.2006 -0.5523 -0.2916 0.7968 0.2807 0.5214 -0.1198 0.6013 -0.1276 -0.7583 -0.2172 0.5928 -0.353 -0.6323 -0.3524 0.9437 0.0645 0.2994 -0.1255
0.8148 -0.0116 -0.5441 -0.1998 0.1403 -0.3146 -0.8085 0.4771 0.6819 -0.2557 -0.6757 -0.1141 0.773 0.0188 -0.6335 -0.0281 0.7221 -0.3455 -0.5359 -0.2686 0.7547 0.2006 -0.5523 -0.2916 0.7968 0.2807 0.5214 -0.1198 0.6013 -0.1276 -0.7583 -0.2172 0.5928 -0.353 -0.6323 -0.3524 0.9437 0.0645 0.2994 -0.1255
0.8148 -0.0116 -0.5441 -0.1998 0.1403 -0.3146 -0.8085 0.4771 0.6819 -0.2557 -0.6757 -0.1141 0.773 0.0188 -0.6335 -0.0281 0.7221 -0.3455 -0.5359 -0.2686 0.7547 0.2006 -0.5523 -0.2916 0.8936 0.1211 0.3847 -0.1972 0.6013 -0.1276 -0.7583 -0.2172 0.5928 -0.353 -0.6323 -0.3524 0.9437 0.0645 0.2994 -0.1255
0.8148 -0.0116 -0.5441 -0.1998 0.1403 -0.3146 -0.8085 0.4771 0.6819 -0.2557 -0.6757 -0.1141 0.773 0.0188 -0.6335 -0.0281 0.7221 -0.3455 -0.5359 -0.2686 0.7547 0.2006 -0.5523 -0.2916 0.8936 0.1211 0.3847 -0.1972 0.6013 -0.1276 -0.7583 -0.2172 0.5928 -0.353 -0.6323 -0.3524 0.9437 0.0645 0.2994 -0.1255
0.7966 -0.0539 -0.5363 -0.2738 0.1403 -0.3146 -0.8085 0.4771 0.6881 -0.2659 -0.6612 -0.1364 0.773 0.0188 -0.6335 -0.0281 0.7221 -0.3455 -0.5359 -0.2686 0.7547 0.2006 -0.5523 -0.2916 0.8936 0.1211 0.3847 -0.1972 0.6013 -0.1276 -0.7583 -0.2172 0.5928 -0.353 -0.6323 -0.3524 0.9437 0.0645 0.2994 -0.1255
0.7966 -0.0539 -0.5363 -0.2738 0.1403 -0.3146 -0.8085 0.4771 0.6881 -0.2659 -0.6612 -0.1364 0.773 0.0188 -0.6335 -0.0281 0.7221 -0.3455 -0.5359 -0.2686 0.7547 0.2006 -0.5523 -0.2916 0.8936 0.1211 0.3847 -0.1972 0.6013 -0.1276 -0.7583 -0.2172 0.5928 -0.353 -0.6323 -0.3524 0.9437 0.0645 0.2994 -0.1255
0.7966 -0.0539 -0.5363 -0.2738 0.1403 -0.3146 -0.8085 0.4771 0.6881 -0.2659 -0.6612 -0.1364 0.761 0.0295 -0.6437 -0.075 0.7767 -0.2881 -0.5144 -0.2217 0.7547 0.2006 -0.5523 -0.2916 0.8936 0.1211 0.3847 -0.1972 0.6013 -0.1276 -0.7583 -0.2172 0.5928 -0.353 -0.6323 -0.3524 0.9437 0.0645 0.2994 -0.1255
0.7966 -0.0539 -0.5363 -0.2738 0.1403 -0.3146 -0.8085 0.4771 0.6881 -0.2659 -0.6612 -0.1364 0.761 0.0295 -0.6437 -0.075 0.7767 -0.2881 -0.5144 -0.2217 0.7547 0.2006 -0.5523 -0.2916 0.8936 0.1211 0.3847 -0.1972 0.6013 -0.1276 -0.7583 -0.2172 0.5928 -0.353 -0.6323 -0.3524 0.9437 0.0645 0.2994 -0.1255
0.7966 -0.0539 -0.5363 -0.2738 0.1403 -0.3146 -0.8085 0.4771 0.6881 -0.2659 -0.6612 -0.1364 0.761 0.0295 -0.6437 -0.075 0.7767 -0.2881 -0.5144 -0.2217 0.7547 0.2006 -0.5523 -0.2916 0.8936 0.1211 0.3847 -0.1972 0.6013 -0.1276 -0.7583 -0.2172 0.5928 -0.353 -0.6323 -0.3524 0.9437 0.0645 0.2994 -0.1255
0.7966 -0.0539 -0.5363 -0.2738 0.1403 -0.3146 -0.8085 0.4771 0.6881 -0.2659 -0.6612 -0.1364 0.761 0.0295 -0.6437 -0.075 0.7767 -0.2881 -0.5144 -0.2217 0.7547 0.2006 -0.5523 -0.2916 0.9342 0.1122 0.2991 -0.159 0.6013 -0.1276 -0.7583 -0.2172 0.5928 -0.353 -0.6323 -0.3524 0.9437 0.0645 0.2994 -0.1255
0.7966 -0.0539 -0.5363 -0.2738 0.1403 -0.3146 -0.8085 0.4771 0.6786 -0.3029 -0.6404 -0.1938 0.761 0.0295 -0.6437 -0.075 0.7767 -0.2881 -0.5144 -0.2217 0.7547 0.2006 -0.5523 -0.2916 0.9342 0.1122 0.2991 -0.159 0.6013 -0.1276 -0.7583 -0.2172 0.5928 -0.353 -0.6323 -0.3524 0.9437 0.0645 0.2994 -0.1255
0.7966 -0.0539 -0.5363 -0.2738 0.1403 -0.3146 -0.8085 0.4771 0.6786 -0.3029 -0.6404 -0.1938 0.761 0.0295 -0.6437 -0.075 0.7767 -0.2881 -0.5144 -0.2217 0.7547 0.2006 -0.5523 -0.2916 0.9342 0.1122 0.2991 -0.159 0.6013 -0.1276 -0.7583 -0.2172 0.5928 -0.353 -0.6323 -0.3524 0.9437 0.0645 0.2994 -0.1255
0.7966 -0.0539 -0.5363 -0.2738 0.1403 -0.3146 -0.8085 0.4771 0.6786 -0.3029 -0.6404 -0.1938 0.761 0.0295 -0.6437 -0.075 0.7767 -0.2881 -0.5144 -0.2217 0.7547 0.2006 -0.5523 -0.2916 0.9342 0.1122 0.2991 -0.159 0.6013 -0.1276 -0.7583 -0.2172 0.5928 -0.353 -0.6323 -0.3524 0.9437 0.0645 0.2994 -0.1255
0.7966 -0.0539 -0.5363 -0.2738 0.202 -0.4193 -0.7717 0.4335 0.6786 -0.3029 -0.6404 -0.1938 0.7388 0.0316 -0.6627 -0.1179 0.7943 -0.2979 -0.5069 -0.1533 0.7547 0.2006 -0.5523 -0.2916 0.9342 0.1122 0.2991 -0.159 0.6013 -0.1276 -0.7583 -0.2172 0.5951 -0.3823 -0.6171 -0.3449 0.9365 0.0784 0.3255 -0.1039
0.7966 -0.0539 -0.5363 -0.2738 0.202 -0.4193 -0.7717 0.4335 0.6786 -0.3029 -0.6404 -0.1938 0.7388 0.0316 -0.6627 -0.1179 0.7943 -0.2979 -0.5069 -0.1533 0.7547 0.2006 -0.5523 -0.2916 0.9342 0.1122 0.2991 -0.159 0.6013 -0.1276 -0.7583 -0.2172 0.5951 -0.3823 -0.6171 -0.3449 0.9365 0.0784 0.3255 -0.1039
0.7966 -0.0539 -0.5363 -0.2738 0.202 -0.4193 -0.7717 0.4335 0.6786 -0.3029 -0.6404 -0.1938 0.7388 0.0316 -0.6627 -0.1179 0.7943 -0.2979 -0.5069 -0.1533 0.7547 0.2006 -0.5523 -0.2916 0.9342 0.1122 0.2991 -0.159 0.6013 -0.1276 -0.7583 -0.2172 0.5951 -0.3823 -0.6171 -0.3449 0.9365 0.0784 0.3255 -0.1039
0.7966 -0.0539 -0.5363 -0.2738 0.202 -0.4193 -0.7717 0.4335 0.6786 -0.3029 -0.6404 -0.1938 0.7388 0.0316 -0.6627 -0.1179 0.7943 -0.2979 -0.5069 -0.1533 0.7547 0.2006 -0.5523 -0.2916 0.9342 0.1122 0.2991 -0.159 0.6013 -0.1276 -0.7583 -0.2172 0.5951 -0.3823 -0.6171 -0.3449 0.9365 0.0784 0.3255 -0.1039
0.7966 -0.0539 -0.5363 -0.2738 0.202 -0.4193 -0.7717 0.4335 0.6695 -0.304 -0.6428 -0.215 0.7388 0.0316 -0.6627 -0.1179 0.7943 -0.2979 -0.5069 -0.1533 0.8146 -0.1237 -0.566 0.0266 0.9504 0.1361 0.2548 -0.1152 0.6013 -0.1276 -0.7583 -0.2172 0.5951 -0.3823 -0.6171 -0.3449 0.9365 0.0784 0.3255 -0.1039
0.7966 -0.0539 -0.5363 -0.2738 0.202 -0.4193 -0.7717 0.4335 0.6695 -0.304 -0.6428 -0.215 0.7156 0.0593 -0.6874 -0.1083 0.7943 -0.2979 -0.5069 -0.1533 0.8146 -0.1237 -0.566 0.0266 0.9504 0.1361 0.2548 -0.1152 0.6013 -0.1276 -0.7583 -0.2172 0.5951 -0.3823 -0.6171 -0.3449 0.9365 0.0784 0.3255 -0.1039
0.7966 -0.0539 -0.5363 -0.2738 0.202 -0.4193 -0.7717 0.4335 0.6695 -0.304 -0.6428 -0.215 0.7156 0.0593 -0.6874 -0.1083 0.7943 -0.2979 -0.5069 -0.1533 0.8146 -0.1237 -0.566 0.0266 0.9504 0.1361 0.2548 -0.1152 0.6013 -0.1276 -0.7583 -0.2172 0.5951 -0.3823 -0.6171 -0.3449 0.9365 0.0784 0.3255 -0.1039
0.7966 -0.0539 -0.5363 -0.2738 0.202 -0.4193 -0.7717 0.4335 0.6695 -0.304 -0.6428 -0.215 0.7156 0.0593 -0.6874 -0.1083 0.7818 -0.348 -0.5049 -0.1129 0.8146 -0.1237 -0.566 0.0266 0.9504 0.1361 0.2548 -0.1152 0.6013 -0.1276 -0.7583 -0.2172 0.5951 -0.3823 -0.6171 -0.3449 0.9365 0.0784 0.3255 -0.1039
0.7966 -0.0539 -0.5363 -0.2738 0.202 -0.4193 -0.7717 0.4335 0.6695 -0.304 -0.6428 -0.215 0.7156 0.0593 -0.6874 -0.1083 0.7818 -0.348 -0.5049 -0.1129 0.8146 -0.1237 -0.566 0.0266 0.9504 0.1361 0.2548 -0.1152 0.6013 -0.1276 -0.7583 -0.2172 0.5951 -0.3823 -0.6171 -0.3449 0.9365 0.0784 0.3255 -0.1039
0.7966 -0.0539 -0.5363 -0.2738 0.202 -0.4193 -0.7717 0.4335 0.6695 -0.304 -0.6428 -0.215 0.7156 0.0593 -0.6874 -0.1083 0.7818 -0.348 -0.5049 -0.1129 0.8146 -0.1237 -0.566 0.0266 0.9504 0.1361 0.2548 -0.1152 0.6013 -0.1276 -0.7583 -0.2172 0.5951 -0.3823 -0.6171 -0.3449 0.9365 0.0784 0.3255 -0.1039
0.7966 -0.0539 -0.5363 -0.2738 0.202 -0.4193 -0.7717 0.4335 0.6695 -0.304 -0.6428 -0.215 0.7156 0.0593 -0.6874 -0.1083 0.7818 -0.348 -0.5049 -0.1129 0.8146 -0.1237 -0.566 0.0266 0.9504 0.1361 0.2548 -0.1152 0.6013 -0.1276 -0.7583 -0.2172 0.5951 -0.3823 -0.6171 -0.3449 0.9365 0.0784 0.3255 -0.1039
0.7966 -0.0539 -0.5363 -0.2738 0.202 -0.4193 -0.7717 0.4335 0.6603 -0.3013 -0.6561 -0.2067 0.7156 0.0593 -0.6874 -0.1083 0.7818 -0.348 -0.5049 -0.1129 0.7745 -0.1348 -0.6181 0.0048 0.9412 0.1916 0.2599 -0.0992 0.6013 -0.1276 -0.7583 -0.2172 0.5951 -0.3823 -0.6171 -0.3449 0.9365 0.0784 0.3255 -0.1039
0.7966 -0.0539 -0.5363 -0.2738 0.202 -0.4193 -0.7717 0.4335 0.6603 -0.3013 -0.6561 -0.2067 0.7156 0.0593 -0.6874 -0.1083 0.7818 -0.348 -0.5049 -0.1129 0.7745 -0.1348 -0.6181 0.0048 0.9412 0.1916 0.2599 -0.0992 0.6013 -0.1276 -0.7583 -0.2172 0.5951 -0.3823 -0.6171 -0.3449 0.9365 0.0784 0.3255 -0.1039
0.7966 -0.0539 -0.5363 -0.2738 0.202 -0.4193 -0.7717 0.4335 0.6603 -0.3013 -0.6561 -0.2067 0.7054 0.0673 -0.6995 -0.0927 0.7774 -0.3237 -0.5375 -0.0439 0.7745 -0.1348 -0.6181 0.0048 0.9412 0.1916 0.2599 -0.0992 0.6013 -0.1276 -0.7583 -0.2172 0.5951 -0.3823 -0.6171 -0.3449 0.9365 0.0784 0.3255 -0.1039
0.7966 -0.0539 -0.5363 -0.2738 0.202 -0.4193 -0.7717 0.4335 0.6603 -0.3013 -0.6561 -0.2067 0.7054 0.0673 -0.6995 -0.0927 0.7774 -0.3237 -0.5375 -0.0439 0.7745 -0.1348 -0.6181 0.0048 0.9412 0.1916 0.2599 -0.0992 0.6013 -0.1276 -0.7583 -0.2172 0.5951 -0.3823 -0.6171 -0.3449 0.9365 0.0784 0.3255 -0.1039
0.7966 -0.0539 -0.5363 -0.2738 0.202 -0.4193 -0.7717 0.4335 0.6603 -0.3013 -0.6561 -0.2067 0.7054 0.0673 -0.6995 -0.0927 0.7774 -0.3237 -0.5375 -0.0439 0.7745 -0.1348 -0.6181 0.0048 0.9412 0.1916 0.2599 -0.0992 0.6013 -0.1276 -0.7583 -0.2172 0.5951 -0.3823 -0.6171 -0.3449 0.9365 0.0784 0.3255 -0.1039
0.7966 -0.0539 -0.5363 -0.2738 0.202 -0.4193 -0.7717 0.4335 0.6603 -0.3013 -0.6561 -0.2067 0.7054 0.0673 -0.6995 -0.0927 0.7774 -0.3237 -0.5375 -0.0439 0.7745 -0.1348 -0.6181 0.0048 0.9412 0.1916 0.2599 -0.0992 0.6013 -0.1276 -0.7583 -0.2172 0.5951 -0.3823 -0.6171 -0.3449 0.9365 0.0784 0.3255 -0.1039
0.7966 -0.0539 -0.5363 -0.2738 0.202 -0.4193 -0.7717 0.4335 0.6603 -0.3013 -0.6561 -0.2067 0.7054 0.0673 -0.6995 -0.0927 0.7774 -0.3237 -0.5375 -0.0439 0.7745 -0.1348 -0.6181 0.0048 0.9412 0.1916 0.2599 -0.0992 0.6013 -0.1276 -0.7583 -0.2172 0.5951 -0.3823 -0.6171 -0.3449 0.9365 0.0784 0.3255 -0.1039
0.7966 -0.0539 -0.5363 -0.2738 0.202 -0.4193 -0.7717 0.4335 0.6621 -0.2914 -0.6675 -0.1766 0.7054 0.0673 -0.6995 -0.0927 0.7774 -0.3237 -0.5375 -0.0439 0.7745 -0.1348 -0.6181 0.0048 0.9412 0.1916 0.2599 -0.0992 0.6013 -0.1276 -0.7583 -0.2172 0.5951 -0.3823 -0.6171 -0.3449 0.9365 0.0784 0.3255 -0.1039
0.7966 -0.0539 -0.5363 -0.2738 0.202 -0.4193 -0.7717 0.4335 0.6621 -0.2914 -0.6675 -0.1766 0.7263 0.0554 -0.6827 -0.0582 0.7774 -0.3237 -0.5375 -0.0439 0.7745 -0.1348 -0.6181 0.0048 0.9412 0.1916 0.2599 -0.0992 0.6013 -0.1276 -0.7583 -0.2172 0.5951 -0.3823 -0.6171 -0.3449 0.9365 0.0784 0.3255 -0.1039
0.7966 -0.0539 -0.5363 -0.2738 0.202 -0.4193 -0.7717 0.4335 0.6621 -0.2914 -0.6675 -0.1766 0.7263 0.0554 -0.6827 -0.0582 0.7774 -0.3237 -0.5375 -0.0439 0.7745 -0.1348 -0.6181 0.0048 0.9412 0.1916 0.2599 -0.0992 0.6013 -0.1276 -0.7583 -0.2172 0.5951 -0.3823 -0.6171 -0.3449 0.9365 0.0784 0.3255 -0.1039
0.7966 -0.0539 -0.5363 -0.2738 0.1487 -0.3546 -0.812 0.4392 0.6621 -0.2914 -0.6675 -0.1766 0.7263 0.0554 -0.6827 -0.0582 0.7606 -0.2887 -0.5815 -0.0068 0.7745 -0.1348 -0.6181 0.0048 0.9412 0.1916 0.2599 -0.0992 0.6013 -0.1276 -0.7583 -0.2172 0.6293 -0.4073 -0.5895 -0.3008 0.9296 0.067 0.347 -0.1047
0.7966 -0.0539 -0.5363 -0.2738 0.1487 -0.3546 -0.812 0.4392 0.6621 -0.2914 -0.6675 -0.1766 0.7263 0.0554 -0.6827 -0.0582 0.7606 -0.2887 -0.5815 -0.0068 0.7745 -0.1348 -0.6181 0.0048 0.9412 0.1916 0.2599 -0.0992 0.6013 -0.1276 -0.7583 -0.2172 0.6293 -0.4073 -0.5895 -0.3008 0.9296 0.067 0.347 -0.1047
0.7966 -0.0539 -0.5363 -0.2738 0.1487 -0.3546 -0.812 0.4392 0.6621 -0.2914 -0.6675 -0.1766 0.7263 0.0554 -0.6827 -0.0582 0.7606 -0.2887 -0.5815 -0.0068 0.7745 -0.1348 -0.6181 0.0048 0.9412 0.1916 0.2599 -0.0992 0.6013 -0.1276 -0.7583 -0.2172 0.6293 -0.4073 -0.5895 -0.3008 0.9296 0.067 0.347 -0.1047
0.7966 -0.0539 -0.5363 -0.2738 0.1487 -0.3546 -0.812 0.4392 0.6621 -0.2914 -0.6675 -0.1766 0.7263 0.0554 -0.6827 -0.0582 0.7606 -0.2887 -0.5815 -0.0068 0.7745 -0.1348 -0.6181 0.0048 0.9066 0.1677 0.3873 0.0078 0.6013 -0.1276 -0.7583 -0.2172 0.6293 -0.4073 -0.5895 -0.3008 0.9296 0.067 0.347 -0.1047
0.7966 -0.0539 -0.5363 -0.2738 0.1487 -0.3546 -0.812 0.4392 0.6621 -0.2914 -0.6675 -0.1766 0.7263 0.0554 -0.6827 -0.0582 0.7606 -0.2887 -0.5815 -0.0068 0.7531 -0.0117 -0.655 0.0612 0.9066 0.1677 0.3873 0.0078 0.6013 -0.1276 -0.7583 -0.2172 0.6293 -0.4073 -0.5895 -0.3008 0.9296 0.067 0.347 -0.1047
0.7966 -0.0539 -0.5363 -0.2738 0.1487 -0.3546 -0.812 0.4392 0.6621 -0.2914 -0.6675 -0.1766 0.7263 0.0554 -0.6827 -0.0582 0.7606 -0.2887 -0.5815 -0.0068 0.7531 -0.0117 -0.655 0.0612 0.9066 0.1677 0.3873 0.0078 0.6282 -0.1493 -0.7562 -0.1058 0.6293 -0.4073 -0.5895 -0.3008 0.9296 0.067 0.347 -0.1047
0.7966 -0.0539 -0.5363 -0.2738 0.1487 -0.3546 -0.812 0.4392 0.6621 -0.2914 -0.6675 -0.1766 0.7263 0.0554 -0.6827 -0.0582 0.7606 -0.2887 -0.5815 -0.0068 0.7531 -0.0117 -0.655 0.0612 0.9066 0.1677 0.3873 0.0078 0.6282 -0.1493 -0.7562 -0.1058 0.6293 -0.4073 -0.5895 -0.3008 0.9296 0.067 0.347 -0.1047
0.7908 -0.0156 -0.5717 -0.2178 0.1039 -0.3208 -0.8269 0.4501 0.6621 -0.2914 -0.6675 -0.1766 0.755 0.0508 -0.6534 -0.0193 0.7495 -0.2802 -0.5998 -0.0059 0.7531 -0.0117 -0.655 0.0612 0.9066 0.1677 0.3873 0.0078 0.6282 -0.1493 -0.7562 -0.1058 0.6437 -0.4183 -0.5734 -0.2861 0.9271 0.0694 0.3535 -0.1034
0.7908 -0.0156 -0.5717 -0.2178 0.1039 -0.3208 -0.8269 0.4501 0.6621 -0.2914 -0.6675 -0.1766 0.755 0.0508 -0.6534 -0.0193 0.7495 -0.2802 -0.5998 -0.0059 0.7531 -0.0117 -0.655 0.0612 0.9066 0.1677 0.3873 0.0078 0.6282 -0.1493 -0.7562 -0.1058 0.6437 -0.4183 -0.5734 -0.2861 0.9271 0.0694 0.3535 -0.1034
0.7908 -0.0156 -0.5717 -0.2178 0.1039 -0.3208 -0.8269 0.4501 0.6621 -0.2914 -0.6675 -0.1766 0.755 0.0508 -0.6534 -0.0193 0.7495 -0.2802 -0.5998 -0.0059 0.7531 -0.0117 -0.655 0.0612 0.9066 0.1677 0.3873 0.0078 0.6282 -0.1493 -0.7562 -0.1058 0.6437 -0.4183 -0.5734 -0.2861 0.9271 0.0694 0.3535 -0.1034
0.7908 -0.0156 -0.5717 -0.2178 0.1039 -0.3208 -0.8269 0.4501 0.6621 -0.2914 -0.6675 -0.1766 0.755 0.0508 -0.6534 -0.0193 0.7495 -0.2802 -0.5998 -0.0059 0.7531 -0.0117 -0.655 0.0612 0.9066 0.1677 0.3873 0.0078 0.6282 -0.1493 -0.7562 -0.1058 0.6437 -0.4183 -0.5734 -0.2861 0.9271 0.0694 0.3535 -0.1034
0.7908 -0.0156 -0.5717 -0.2178 0.1039 -0.3208 -0.8269 0.4501 0.6621 -0.2914 -0.6675 -0.1766 0.755 0.0508 -0.6534 -0.0193 0.7495 -0.2802 -0.5998 -0.0059 0.7531 -0.0117 -0.655 0.0612 0.9066 0.1677 0.3873 0.0078 0.6282 -0.1493 -0.7562 -0.1058 0.6437 -0.4183 -0.5734 -0.2861 0.9271 0.0694 0.3535 -0.1034
0.7908 -0.0156 -0.5717 -0.2178 0.1039 -0.3208 -0.8269 0.4501 0.6859 -0.2667 -0.6729 -0.0745 0.755 0.0508 -0.6534 -0.0193 0.7495 -0.2802 -0.5998 -0.0059 0.7531 -0.0117 -0.655 0.0612 0.9066 0.1677 0.3873 0.0078 0.6282 -0.1493 -0.7562 -0.1058 0.6437 -0.4183 -0.5734 -0.2861 0.9271 0.0694 0.3535 -0.1034
0.7908 -0.0156 -0.5717 -0.2178 0.1039 -0.3208 -0.8269 0.4501 0.6859 -0.2667 -0.6729 -0.0745 0.755 0.0508 -0.6534 -0.0193 0.7495 -0.2802 -0.5998 -0.0059 0.7531 -0.0117 -0.655 0.0612 0.9066 0.1677 0.3873 0.0078 0.6282 -0.1493 -0.7562 -0.1058 0.6437 -0.4183 -0.5734 -0.2861 0.9271 0.0694 0.3535 -0.1034
0.7908 -0.0156 -0.5717 -0.2178 0.1039 -0.3208 -0.8269 0.4501 0.6859 -0.2667 -0.6729 -0.0745 0.7763 0.0551 -0.6276 0.0215 0.7449 -0.2578 -0.6151 -0.0136 0.7531 -0.0117 -0.655 0.0612 0.9066 0.1677 0.3873 0.0078 0.6282 -0.1493 -0.7562 -0.1058 0.6599 -0.4268 -0.554 -0.2748 0.9271 0.0694 0.3535 -0.1034
0.7908 -0.0156 -0.5717 -0.2178 0.1039 -0.3208 -0.8269 0.4501 0.6859 -0.2667 -0.6729 -0.0745 0.7763 0.0551 -0.6276 0.0215 0.7449 -0.2578 -0.6151 -0.0136 0.7531 -0.0117 -0.655 0.0612 0.9066 0.1677 0.3873 0.0078 0.6282 -0.1493 -0.7562 -0.1058 0.6599 -0.4268 -0.554 -0.2748 0.9271 0.0694 0.3535 -0.1034
0.7908 -0.0156 -0.5717 -0.2178 0.1039 -0.3208 -0.8269 0.4501 0.6859 -0.2667 -0.6729 -0.0745 0.7763 0.0551 -0.6276 0.0215 0.7449 -0.2578 -0.6151 -0.0136 0.7531 -0.0117 -0.655 0.0612 0.9066 0.1677 0.3873 0.0078 0.6282 -0.1493 -0.7562 -0.1058 0.6599 -0.4268 -0.554 -0.2748 0.9271 0.0694 0.3535 -0.1034
0.7908 -0.0156 -0.5717 -0.2178 0.1039 -0.3208 -0.8269 0.4501 0.6859 -0.2667 -0.6729 -0.0745 0.7763 0.0551 -0.6276 0.0215 0.7449 -0.2578 -0.6151 -0.0136 0.7531 -0.0117 -0.655 0.0612 0.905 0.1468 0.3994 0.0017 0.6282 -0.1493 -0.7562 -0.1058 0.6599 -0.4268 -0.554 -0.2748 0.9271 0.0694 0.3535 -0.1034
0.7908 -0.0156 -0.5717 -0.2178 0.1039 -0.3208 -0.8269 0.4501 0.6859 -0.2667 -0.6729 -0.0745 0.7763 0.0551 -0.6276 0.0215 0.7449 -0.2578 -0.6151 -0.0136 0.7582 0.0989 -0.6425 0.0505 0.905 0.1468 0.3994 0.0017 0.6282 -0.1493 -0.7562 -0.1058 0.6599 -0.4268 -0.554 -0.2748 0.9271 0.0694 0.3535 -0.1034
0.7908 -0.0156 -0.5717 -0.2178 0.1039 -0.3208 -0.8269 0.4501 0.6929 -0.2644 -0.67 -0.0325 0.7763 0.0551 -0.6276 0.0215 0.7449 -0.2578 -0.6151 -0.0136 0.7582 0.0989 -0.6425 0.0505 0.905 0.1468 0.3994 0.0017 0.6559 -0.1642 -0.733 -0.0746 0.6599 -0.4268 -0.554 -0.2748 0.9271 0.0694 0.3535 -0.1034
0.7908 -0.0156 -0.5717 -0.2178 0.1039 -0.3208 -0.8269 0.4501 0.6929 -0.2644 -0.67 -0.0325 0.7763 0.0551 -0.6276 0.0215 0.7449 -0.2578 -0.6151 -0.0136 0.7582 0.0989 -0.6425 0.0505 0.905 0.1468 0.3994 0.0017 0.6559 -0.1642 -0.733 -0.0746 0.6599 -0.4268 -0.554 -0.2748 0.9271 0.0694 0.3535 -0.1034
0.7908 -0.0156 -0.5717 -0.2178 0.0556 -0.2906 -0.8312 0.4706 0.6929 -0.2644 -0.67 -0.0325 0.7763 0.0551 -0.6276 0.0215 0.7247 -0.2775 -0.6305 -0.0194 0.7582 0.0989 -0.6425 0.0505 0.905 0.1468 0.3994 0.0017 0.6559 -0.1642 -0.733 -0.0746 0.6892 -0.433 -0.5252 -0.2484 0.9271 0.0694 0.3535 -0.1034
0.7908 -0.0156 -0.5717 -0.2178 0.0556 -0.2906 -0.8312 0.4706 0.6929 -0.2644 -0.67 -0.0325 0.7763 0.0551 -0.6276 0.0215 0.7247 -0.2775 -0.6305 -0.0194 0.7582 0.0989 -0.6425 0.0505 0.905 0.1468 0.3994 0.0017 0.6559 -0.1642 -0.733 -0.0746 0.6892 -0.433 -0.5252 -0.2484 0.9271 0.0694 0.3535 -0.1034
0.7908 -0.0156 -0.5717 -0.2178 0.0556 -0.2906 -0.8312 0.4706 0.6929 -0.2644 -0.67 -0.0325 0.7763 0.0551 -0.6276 0.0215 0.7247 -0.2775 -0.6305 -0.0194 0.7582 0.0989 -0.6425 0.0505 0.905 0.1468 0.3994 0.0017 0.6559 -0.1642 -0.733 -0.0746 0.6892 -0.433 -0.5252 -0.2484 0.9271 0.0694 0.3535 -0.1034
0.7908 -0.0156 -0.5717 -0.2178 0.0556 -0.2906 -0.8312 0.4706 0.6929 -0.2644 -0.67 -0.0325 0.7763 0.0551 -0.6276 0.0215 0.7247 -0.2775 -0.6305 -0.0194 0.7582 0.0989 -0.6425 0.0505 0.905 0.1468 0.3994 0.0017 0.6559 -0.1642 -0.733 -0.0746 0.6892 -0.433 -0.5252 -0.2484 0.9271 0.0694 0.3535 -0.1034
0.7908 -0.0156 -0.5717 -0.2178 0.0556 -0.2906 -0.8312 0.4706 0.6942 -0.2643 -0.6694 -0.0051 0.7763 0.0551 -0.6276 0.0215 0.7247 -0.2775 -0.6305 -0.0194 0.7489 0.1273 -0.6503 -0.0057 0.9006 0.1445 0.4099 -0.002 0.6752 -0.1536 -0.7187 -0.0634 0.6892 -0.433 -0.5252 -0.2484 0.9271 0.0694 0.3535 -0.1034
0.7908 -0.0156 -0.5717 -0.2178 0.0556 -0.2906 -0.8312 0.4706 0.6942 -0.2643 -0.6694 -0.0051 0.7763 0.0551 -0.6276 0.0215 0.7247 -0.2775 -0.6305 -0.0194 0.7489 0.1273 -0.6503 -0.0057 0.9006 0.1445 0.4099 -0.002 0.6752 -0.1536 -0.7187 -0.0634 0.6892 -0.433 -0.5252 -0.2484 0.9271 0.0694 0.3535 -0.1034
0.7908 -0.0156 -0.5717 -0.2178 0.0556 -0.2906 -0.8312 0.4706 0.6942 -0.2643 -0.6694 -0.0051 0.7763 0.0551 -0.6276 0.0215 0.7247 -0.2775 -0.6305 -0.0194 0.7489 0.1273 -0.6503 -0.0057 0.9006 0.1445 0.4099 -0.002 0.6752 -0.1536 -0.7187 -0.0634 0.6892 -0.433 -0.5252 -0.2484 0.9271 0.0694 0.3535 -0.1034
0.8008 0.0108 -0.5778 -0.1571 0.0449 -0.2945 -0.8282 0.4747 0.6942 -0.2643 -0.6694 -0.0051 0.8118 0.0325 -0.5798 0.0602 0.7084 -0.2907 -0.6409 -0.0536 0.7489 0.1273 -0.6503 -0.0057 0.9006 0.1445 0.4099 -0.002 0.6752 -0.1536 -0.7187 -0.0634 0.7194 -0.4365 -0.498 -0.2093 0.8542 0.0763 0.4989 -0.1251
0.8008 0.0108 -0.5778 -0.1571 0.0449 -0.2945 -0.8282 0.4747 0.6942 -0.2643 -0.6694 -0.0051 0.8118 0.0325 -0.5798 0.0602 0.7084 -0.2907 -0.6409 -0.0536 0.7489 0.1273 -0.6503 -0.0057 0.9006 0.1445 0.4099 -0.002 0.6752 -0.1536 -0.7187 -0.0634 0.7194 -0.4365 -0.498 -0.2093 0.8542 0.0763 0.4989 -0.1251
0.8008 0.0108 -0.5778 -0.1571 0.0449 -0.2945 -0.8282 0.4747 0.6942 -0.2643 -0.6694 -0.0051 0.8118 0.0325 -0.5798 0.0602 0.7084 -0.2907 -0.6409 -0.0536 0.7489 0.1273 -0.6503 -0.0057 0.9006 0.1445 0.4099 -0.002 0.6752 -0.1536 -0.7187 -0.0634 0.7194 -0.4365 -0.498 -0.2093 0.8542 0.0763 0.4989 -0.1251
0.8008 0.0108 -0.5778 -0.1571 0.0449 -0.2945 -0.8282 0.4747 0.6942 -0.2643 -0.6694 -0.0051 0.8118 0.0325 -0.5798 0.0602 0.7084 -0.2907 -0.6409 -0.0536 0.7489 0.1273 -0.6503 -0.0057 0.8879 0.1521 0.434 -0.0013 0.6752 -0.1536 -0.7187 -0.0634 0.7194 -0.4365 -0.498 -0.2093 0.8542 0.0763 0.4989 -0.1251
0.8008 0.0108 -0.5778 -0.1571 0.0449 -0.2945 -0.8282 0.4747 0.6936 -0.2557 -0.6734 -0.0083 0.8118 0.0325 -0.5798 0.0602 0.7084 -0.2907 -0.6409 -0.0536 0.7376 0.1464 -0.6584 -0.0314 0.8879 0.1521 0.434 -0.0013 0.6752 -0.1536 -0.7187 -0.0634 0.7194 -0.4365 -0.498 -0.2093 0.8542 0.0763 0.4989 -0.1251
0.8008 0.0108 -0.5778 -0.1571 0.0449 -0.2945 -0.8282 0.4747 0.6936 -0.2557 -0.6734 -0.0083 0.8118 0.0325 -0.5798 0.0602 0.7084 -0.2907 -0.6409 -0.0536 0.7376 0.1464 -0.6584 -0.0314 0.8879 0.1521 0.434 -0.0013 0.6752 -0.1536 -0.7187 -0.0634 0.7194 -0.4365 -0.498 -0.2093 0.8542 0.0763 0.4989 -0.1251
0.8008 0.0108 -0.5778 -0.1571 0.0449 -0.2945 -0.8282 0.4747 0.6936 -0.2557 -0.6734 -0.0083 0.8118 0.0325 -0.5798 0.0602 0.7084 -0.2907 -0.6409 -0.0536 0.7376 0.1464 -0.6584 -0.0314 0.8879 0.1521 0.434 -0.0013 0.6752 -0.1536 -0.7187 -0.0634 0.7194 -0.4365 -0.498 -0.2093 0.8542 0.0763 0.4989 -0.1251
0.8008 0.0108 -0.5778 -0.1571 0.0316 -0.2765 -0.8298 0.4836 0.6936 -0.2557 -0.6734 -0.0083 0.7991 0.0597 -0.5947 0.0645 0.6934 -0.2784 -0.6608 -0.0714 0.7376 0.1464 -0.6584 -0.0314 0.8879 0.1521 0.434 -0.0013 0.6752 -0.1536 -0.7187 -0.0634 0.7403 -0.4321 -0.496 -0.1387 0.8171 0.0496 0.5689 -0.0787
0.8008 0.0108 -0.5778 -0.1571 0.0316 -0.2765 -0.8298 0.4836 0.6936 -0.2557 -0.6734 -0.0083 0.7991 0.0597 -0.5947 0.0645 0.6934 -0.2784 -0.6608 -0.0714 0.7376 0.1464 -0.6584 -0.0314 0.8879 0.1521 0.434 -0.0013 0.6752 -0.1536 -0.7187 -0.0634 0.7403 -0.4321 -0.496 -0.1387 0.8171 0.0496 0.5689 -0.0787
0.8008 0.0108 -0.5778 -0.1571 0.0316 -0.2765 -0.8298 0.4836 0.6936 -0.2557 -0.6734 -0.0083 0.7991 0.0597 -0.5947 0.0645 0.6934 -0.2784 -0.6608 -0.0714 0.7376 0.1464 -0.6584 -0.0314 0.8879 0.1521 0.434 -0.0013 0.6752 -0.1536 -0.7187 -0.0634 0.7403 -0.4321 -0.496 -0.1387 0.8171 0.0496 0.5689 -0.0787
0.8008 0.0108 -0.5778 -0.1571 0.0316 -0.2765 -0.8298 0.4836 0.6936 -0.2557 -0.6734 -0.0083 0.7991 0.0597 -0.5947 0.0645 0.6934 -0.2784 -0.6608 -0.0714 0.7376 0.1464 -0.6584 -0.0314 0.8879 0.1521 0.434 -0.0013 0.6752 -0.1536 -0.7187 -0.0634 0.7403 -0.4321 -0.496 -0.1387 0.8171 0.0496 0.5689 -0.0787
0.8008 0.0108 -0.5778 -0.1571 0.0316 -0.2765 -0.8298 0.4836 0.687 -0.2742 -0.6718 -0.0411 0.7991 0.0597 -0.5947 0.0645 0.6934 -0.2784 -0.6608 -0.0714 0.7327 0.1557 -0.661 -0.0455 0.8779 0.1557 0.4528 -0.0041 0.6752 -0.1536 -0.7187 -0.0634 0.7403 -0.4321 -0.496 -0.1387 0.8171 0.0496 0.5689 -0.0787
0.8008 0.0108 -0.5778 -0.1571 0.0316 -0.2765 -0.8298 0.4836 0.687 -0.2742 -0.6718 -0.0411 0.7991 0.0597 -0.5947 0.0645 0.6934 -0.2784 -0.6608 -0.0714 0.7327 0.1557 -0.661 -0.0455 0.8779 0.1557 0.4528 -0.0041 0.6752 -0.1536 -0.7187 -0.0634 0.7403 -0.4321 -0.496 -0.1387 0.8171 0.0496 0.5689 -0.0787
0.813 0.0231 -0.5711 -0.1108 0.0316 -0.2765 -0.8298 0.4836 0.687 -0.2742 -0.6718 -0.0411 0.7761 0.0797 -0.6251 0.0252 0.6934 -0.2784 -0.6608 -0.0714 0.7327 0.1557 -0.661 -0.0455 0.8779 0.1557 0.4528 -0.0041 0.691 -0.0585 -0.7152 -0.087 0.7403 -0.4321 -0.496 -0.1387 0.8967 0.0511 0.4396 -0.0059
0.813 0.0231 -0.5711 -0.1108 0.0316 -0.2765 -0.8298 0.4836 0.687 -0.2742 -0.6718 -0.0411 0.7761 0.0797 -0.6251 0.0252 0.6934 -0.2784 -0.6608 -0.0714 0.7327 0.1557 -0.661 -0.0455 0.8779 0.1557 0.4528 -0.0041 0.691 -0.0585 -0.7152 -0.087 0.7403 -0.4321 -0.496 -0.1387 0.8967 0.0511 0.4396 -0.0059
0.813 0.0231 -0.5711 -0.1108 0.0316 -0.2765 -0.8298 0.4836 0.687 -0.2742 -0.6718 -0.0411 0.7761 0.0797 -0.6251 0.0252 0.6934 -0.2784 -0.6608 -0.0714 0.7327 0.1557 -0.661 -0.0455 0.8779 0.1557 0.4528 -0.0041 0.691 -0.0585 -0.7152 -0.087 0.7403 -0.4321 -0.496 -0.1387 0.8967 0.0511 0.4396 -0.0059
0.813 0.0231 -0.5711 -0.1108 0.0316 -0.2765 -0.8298 0.4836 0.687 -0.2742 -0.6718 -0.0411 0.7761 0.0797 -0.6251 0.0252 0.6934 -0.2784 -0.6608 -0.0714 0.7327 0.1557 -0.661 -0.0455 0.8779 0.1557 0.4528 -0.0041 0.691 -0.0585 -0.7152 -0.087 0.7403 -0.4321 -0.496 -0.1387 0.8967 0.0511 0.4396 -0.0059
0.813 0.0231 -0.5711 -0.1108 0.0316 -0.2765 -0.8298 0.4836 0.687 -0.2742 -0.6718 -0.0411 0.7761 0.0797 -0.6251 0.0252 0.6934 -0.2784 -0.6608 -0.0714 0.7336 0.166 -0.6557 -0.0659 0.8705 0.1567 0.4665 -0.0092 0.691 -0.0585 -0.7152 -0.087 0.7403 -0.4321 -0.496 -0.1387 0.8967 0.0511 0.4396 -0.0059
0.813 0.0231 -0.5711 -0.1108 0.0316 -0.2765 -0.8298 0.4836 0.6782 -0.2939 -0.6696 -0.0728 0.7761 0.0797 -0.6251 0.0252 0.6934 -0.2784 -0.6608 -0.0714 0.7336 0.166 -0.6557 -0.0659 0.8705 0.1567 0.4665 -0.0092 0.6634 -0.0568 -0.7375 -0.1127 0.7403 -0.4321 -0.496 -0.1387 0.8967 0.0511 0.4396 -0.0059
0.813 0.0231 -0.5711 -0.1108 0.0316 -0.2765 -0.8298 0.4836 0.6782 -0.2939 -0.6696 -0.0728 0.7327 0.1091 -0.6699 -0.0499 0.6934 -0.2784 -0.6608 -0.0714 0.7336 0.166 -0.6557 -0.0659 0.8705 0.1567 0.4665 -0.0092 0.6634 -0.0568 -0.7375 -0.1127 0.7403 -0.4321 -0.496 -0.1387 0.8967 0.0511 0.4396 -0.0059
0.813 0.0231 -0.5711 -0.1108 0.0316 -0.2765 -0.8298 0.4836 0.6782 -0.2939 -0.6696 -0.0728 0.7327 0.1091 -0.6699 -0.0499 0.6934 -0.2784 -0.6608 -0.0714 0.7336 0.166 -0.6557 -0.0659 0.8705 0.1567 0.4665 -0.0092 0.6634 -0.0568 -0.7375 -0.1127 0.7403 -0.4321 -0.496 -0.1387 0.8967 0.0511 0.4396 -0.0059
0.813 0.0231 -0.5711 -0.1108 -0.0021 -0.2686 -0.8295 0.4897 0.6782 -0.2939 -0.6696 -0.0728 0.7327 0.1091 -0.6699 -0.0499 0.6846 -0.309 -0.6509 -0.1098 0.7336 0.166 -0.6557 -0.0659 0.8705 0.1567 0.4665 -0.0092 0.6634 -0.0568 -0.7375 -0.1127 0.6876 -0.264 -0.6381 -0.2245 0.8967 0.0511 0.4396 -0.0059
