rt-uaw rt-uax rt-uay rt-uaz rt-faw rt-fax rt-fay rt-faz rt-thw rt-thx rt-thy rt-thz rt-llw rt-llx rt-lly rt-llz rt-ftw rt-ftx rt-fty rt-ftz lt-uaw lt-uax lt-uay lt-uaz lt-faw lt-fax lt-fay lt-faz lt-thw lt-thx lt-thy lt-thz lt-llw lt-llx lt-lly lt-llz lt-ftw lt-ftx lt-fty lt-ftz 
0.4299 -0.5449 -0.2538 -0.6736 0.4821 -0.637 -0.3501 -0.4891 0.5367 0.4497 -0.4382 0.5637 0.7359 0.3 -0.5726 0.2012 0.6522 0.0378 -0.7563 -0.034 0.7316 0.2774 -0.5751 0.2387 0.9412 -0.0845 0.3268 0.0106 0.5936 0.3343 -0.6456 0.3451 0.6463 -0.1788 -0.7097 -0.2159 0.9306 -0.0695 0.3442 0.103
0.464 -0.5294 -0.2842 -0.6509 0.4821 -0.637 -0.3501 -0.4891 0.5367 0.4497 -0.4382 0.5637 0.7359 0.3 -0.5726 0.2012 0.6522 0.0378 -0.7563 -0.034 0.7316 0.2774 -0.5751 0.2387 0.9412 -0.0845 0.3268 0.0106 0.5936 0.3343 -0.6456 0.3451 0.6472 -0.1719 -0.7123 -0.2104 0.9306 -0.0695 0.3442 0.103
0.464 -0.5294 -0.2842 -0.6509 0.4821 -0.637 -0.3501 -0.4891 0.5367 0.4497 -0.4382 0.5637 0.7224 0.3175 -0.564 0.2432 0.6522 0.0378 -0.7563 -0.034 0.7316 0.2774 -0.5751 0.2387 0.9412 -0.0845 0.3268 0.0106 0.5936 0.3343 -0.6456 0.3451 0.6472 -0.1719 -0.7123 -0.2104 0.9306 -0.0695 0.3442 0.103
0.464 -0.5294 -0.2842 -0.6509 0.4821 -0.637 -0.3501 -0.4891 0.5367 0.4497 -0.4382 0.5637 0.7224 0.3175 -0.564 0.2432 0.6517 0.0659 -0.7555 -0.0137 0.7316 0.2774 -0.5751 0.2387 0.9413 -0.0831 0.3269 0.0116 0.5936 0.3343 -0.6456 0.3451 0.6472 -0.1719 -0.7123 -0.2104 0.931 -0.0699 0.3432 0.103
0.464 -0.5294 -0.2842 -0.6509 0.4821 -0.637 -0.3501 -0.4891 0.5367 0.4497 -0.4382 0.5637 0.7224 0.3175 -0.564 0.2432 0.6517 0.0659 -0.7555 -0.0137 0.7316 0.2774 -0.5751 0.2387 0.9413 -0.0831 0.3269 0.0116 0.5939 0.3466 -0.6363 0.3498 0.6472 -0.1719 -0.7123 -0.2104 0.931 -0.0699 0.3432 0.103
0.464 -0.5294 -0.2842 -0.6509 0.4821 -0.637 -0.3501 -0.4891 0.5367 0.4497 -0.4382 0.5637 0.7224 0.3175 -0.564 0.2432 0.6517 0.0659 -0.7555 -0.0137 0.7316 0.2774 -0.5751 0.2387 0.9413 -0.0831 0.3269 0.0116 0.5939 0.3466 -0.6363 0.3498 0.6472 -0.1719 -0.7123 -0.2104 0.931 -0.0699 0.3432 0.103
0.464 -0.5294 -0.2842 -0.6509 0.4821 -0.637 -0.3501 -0.4891 0.5367 0.4497 -0.4382 0.5637 0.7224 0.3175 -0.564 0.2432 0.6517 0.0659 -0.7555 -0.0137 0.7248 0.2943 -0.5679 0.2559 0.9413 -0.0831 0.3269 0.0116 0.5939 0.3466 -0.6363 0.3498 0.6472 -0.1719 -0.7123 -0.2104 0.931 -0.0699 0.3432 0.103
0.464 -0.5294 -0.2842 -0.6509 0.4894 -0.6271 -0.3803 -0.4718 0.5143 0.4579 -0.4247 0.5878 0.7224 0.3175 -0.564 0.2432 0.6517 0.0659 -0.7555 -0.0137 0.7248 0.2943 -0.5679 0.2559 0.9413 -0.0831 0.3269 0.0116 0.5939 0.3466 -0.6363 0.3498 0.6472 -0.1719 -0.7123 -0.2104 0.931 -0.0699 0.3432 0.103
0.4821 -0.5219 -0.3029 -0.6352 0.4894 -0.6271 -0.3803 -0.4718 0.5143 0.4579 -0.4247 0.5878 0.7224 0.3175 -0.564 0.2432 0.6517 0.0659 -0.7555 -0.0137 0.7248 0.2943 -0.5679 0.2559 0.9413 -0.0831 0.3269 0.0116 0.5939 0.3466 -0.6363 0.3498 0.6464 -0.174 -0.7133 -0.2075 0.931 -0.0699 0.3432 0.103
0.4821 -0.5219 -0.3029 -0.6352 0.4894 -0.6271 -0.3803 -0.4718 0.5143 0.4579 -0.4247 0.5878 0.7224 0.3175 -0.564 0.2432 0.6517 0.0659 -0.7555 -0.0137 0.7248 0.2943 -0.5679 0.2559 0.9413 -0.0831 0.3269 0.0116 0.5939 0.3466 -0.6363 0.3498 0.6464 -0.174 -0.7133 -0.2075 0.9309 -0.0677 0.3434 0.1043
0.4821 -0.5219 -0.3029 -0.6352 0.4894 -0.6271 -0.3803 -0.4718 0.5143 0.4579 -0.4247 0.5878 0.7229 0.3187 -0.5571 0.2559 0.6512 0.0875 -0.7538 0.0079 0.7248 0.2943 -0.5679 0.2559 0.9413 -0.0831 0.3269 0.0116 0.5939 0.3466 -0.6363 0.3498 0.6464 -0.174 -0.7133 -0.2075 0.9309 -0.0677 0.3434 0.1043
0.4821 -0.5219 -0.3029 -0.6352 0.4894 -0.6271 -0.3803 -0.4718 0.5143 0.4579 -0.4247 0.5878 0.7229 0.3187 -0.5571 0.2559 0.6512 0.0875 -0.7538 0.0079 0.7248 0.2943 -0.5679 0.2559 0.9415 -0.0809 0.3269 0.0131 0.5939 0.3466 -0.6363 0.3498 0.6464 -0.174 -0.7133 -0.2075 0.9309 -0.0677 0.3434 0.1043
0.4821 -0.5219 -0.3029 -0.6352 0.4894 -0.6271 -0.3803 -0.4718 0.5143 0.4579 -0.4247 0.5878 0.7229 0.3187 -0.5571 0.2559 0.6512 0.0875 -0.7538 0.0079 0.7248 0.2943 -0.5679 0.2559 0.9415 -0.0809 0.3269 0.0131 0.5984 0.3473 -0.6351 0.3434 0.6464 -0.174 -0.7133 -0.2075 0.9309 -0.0677 0.3434 0.1043
0.4821 -0.5219 -0.3029 -0.6352 0.4894 -0.6271 -0.3803 -0.4718 0.5228 0.4603 -0.4182 0.583 0.7229 0.3187 -0.5571 0.2559 0.6512 0.0875 -0.7538 0.0079 0.7248 0.2943 -0.5679 0.2559 0.9415 -0.0809 0.3269 0.0131 0.5984 0.3473 -0.6351 0.3434 0.6464 -0.174 -0.7133 -0.2075 0.9309 -0.0677 0.3434 0.1043
0.4821 -0.5219 -0.3029 -0.6352 0.4816 -0.6339 -0.3844 -0.4675 0.5228 0.4603 -0.4182 0.583 0.7229 0.3187 -0.5571 0.2559 0.6512 0.0875 -0.7538 0.0079 0.7236 0.3021 -0.5634 0.2604 0.9415 -0.0809 0.3269 0.0131 0.5984 0.3473 -0.6351 0.3434 0.6464 -0.174 -0.7133 -0.2075 0.9309 -0.0677 0.3434 0.1043
0.4692 -0.5269 -0.3088 -0.6378 0.4816 -0.6339 -0.3844 -0.4675 0.5228 0.4603 -0.4182 0.583 0.7229 0.3187 -0.5571 0.2559 0.6512 0.0875 -0.7538 0.0079 0.7236 0.3021 -0.5634 0.2604 0.9415 -0.0809 0.3269 0.0131 0.5984 0.3473 -0.6351 0.3434 0.644 -0.1862 -0.7124 -0.2078 0.9309 -0.0677 0.3434 0.1043
0.4692 -0.5269 -0.3088 -0.6378 0.4816 -0.6339 -0.3844 -0.4675 0.5228 0.4603 -0.4182 0.583 0.7229 0.3187 -0.5571 0.2559 0.6512 0.0875 -0.7538 0.0079 0.7236 0.3021 -0.5634 0.2604 0.9415 -0.0809 0.3269 0.0131 0.5984 0.3473 -0.6351 0.3434 0.644 -0.1862 -0.7124 -0.2078 0.9309 -0.0677 0.3434 0.1043
0.4692 -0.5269 -0.3088 -0.6378 0.4816 -0.6339 -0.3844 -0.4675 0.5228 0.4603 -0.4182 0.583 0.7332 0.3138 -0.5494 0.2491 0.6521 0.0861 -0.7532 0.0021 0.7236 0.3021 -0.5634 0.2604 0.9415 -0.0809 0.3269 0.0131 0.5984 0.3473 -0.6351 0.3434 0.644 -0.1862 -0.7124 -0.2078 0.9308 -0.0656 0.3436 0.1055
0.4692 -0.5269 -0.3088 -0.6378 0.4816 -0.6339 -0.3844 -0.4675 0.5228 0.4603 -0.4182 0.583 0.7332 0.3138 -0.5494 0.2491 0.6521 0.0861 -0.7532 0.0021 0.7236 0.3021 -0.5634 0.2604 0.9417 -0.0793 0.3268 0.014 0.6039 0.3365 -0.6432 0.3291 0.644 -0.1862 -0.7124 -0.2078 0.9308 -0.0656 0.3436 0.1055
0.4692 -0.5269 -0.3088 -0.6378 0.4816 -0.6339 -0.3844 -0.4675 0.5228 0.4603 -0.4182 0.583 0.7332 0.3138 -0.5494 0.2491 0.6521 0.0861 -0.7532 0.0021 0.7236 0.3021 -0.5634 0.2604 0.9417 -0.0793 0.3268 0.014 0.6039 0.3365 -0.6432 0.3291 0.644 -0.1862 -0.7124 -0.2078 0.9308 -0.0656 0.3436 0.1055
0.4692 -0.5269 -0.3088 -0.6378 0.4816 -0.6339 -0.3844 -0.4675 0.5228 0.4603 -0.4182 0.583 0.7332 0.3138 -0.5494 0.2491 0.6521 0.0861 -0.7532 0.0021 0.7236 0.3021 -0.5634 0.2604 0.9417 -0.0793 0.3268 0.014 0.6039 0.3365 -0.6432 0.3291 0.644 -0.1862 -0.7124 -0.2078 0.9308 -0.0656 0.3436 0.1055
0.4692 -0.5269 -0.3088 -0.6378 0.4619 -0.6509 -0.3639 -0.4801 0.5414 0.4586 -0.4203 0.5656 0.7332 0.3138 -0.5494 0.2491 0.6521 0.0861 -0.7532 0.0021 0.7305 0.2908 -0.5665 0.2466 0.9417 -0.0793 0.3268 0.014 0.6039 0.3365 -0.6432 0.3291 0.644 -0.1862 -0.7124 -0.2078 0.9308 -0.0656 0.3436 0.1055
0.4359 -0.5452 -0.2906 -0.6544 0.4619 -0.6509 -0.3639 -0.4801 0.5414 0.4586 -0.4203 0.5656 0.7332 0.3138 -0.5494 0.2491 0.6521 0.0861 -0.7532 0.0021 0.7305 0.2908 -0.5665 0.2466 0.9417 -0.0793 0.3268 0.014 0.6039 0.3365 -0.6432 0.3291 0.6392 -0.2046 -0.7103 -0.2122 0.9308 -0.0656 0.3436 0.1055
0.4359 -0.5452 -0.2906 -0.6544 0.4619 -0.6509 -0.3639 -0.4801 0.5414 0.4586 -0.4203 0.5656 0.7399 0.3123 -0.5519 0.2247 0.6521 0.0861 -0.7532 0.0021 0.7305 0.2908 -0.5665 0.2466 0.9417 -0.0793 0.3268 0.014 0.6039 0.3365 -0.6432 0.3291 0.6392 -0.2046 -0.7103 -0.2122 0.9308 -0.0656 0.3436 0.1055
0.4359 -0.5452 -0.2906 -0.6544 0.4619 -0.6509 -0.3639 -0.4801 0.5414 0.4586 -0.4203 0.5656 0.7399 0.3123 -0.5519 0.2247 0.6554 0.0525 -0.7528 -0.0313 0.7305 0.2908 -0.5665 0.2466 0.9417 -0.0793 0.3268 0.014 0.6039 0.3365 -0.6432 0.3291 0.6392 -0.2046 -0.7103 -0.2122 0.9308 -0.0644 0.3438 0.1063
0.4359 -0.5452 -0.2906 -0.6544 0.4619 -0.6509 -0.3639 -0.4801 0.5414 0.4586 -0.4203 0.5656 0.7399 0.3123 -0.5519 0.2247 0.6554 0.0525 -0.7528 -0.0313 0.7305 0.2908 -0.5665 0.2466 0.9417 -0.0801 0.3267 0.0133 0.609 0.3165 -0.6583 0.3091 0.6392 -0.2046 -0.7103 -0.2122 0.9308 -0.0644 0.3438 0.1063
0.4359 -0.5452 -0.2906 -0.6544 0.4619 -0.6509 -0.3639 -0.4801 0.5414 0.4586 -0.4203 0.5656 0.7399 0.3123 -0.5519 0.2247 0.6554 0.0525 -0.7528 -0.0313 0.7305 0.2908 -0.5665 0.2466 0.9417 -0.0801 0.3267 0.0133 0.609 0.3165 -0.6583 0.3091 0.6392 -0.2046 -0.7103 -0.2122 0.9308 -0.0644 0.3438 0.1063
0.4359 -0.5452 -0.2906 -0.6544 0.4619 -0.6509 -0.3639 -0.4801 0.5725 0.4303 -0.4504 0.5331 0.7399 0.3123 -0.5519 0.2247 0.6554 0.0525 -0.7528 -0.0313 0.7305 0.2908 -0.5665 0.2466 0.9417 -0.0801 0.3267 0.0133 0.609 0.3165 -0.6583 0.3091 0.6392 -0.2046 -0.7103 -0.2122 0.9308 -0.0644 0.3438 0.1063
0.4359 -0.5452 -0.2906 -0.6544 0.4274 -0.6717 -0.3204 -0.5133 0.5725 0.4303 -0.4504 0.5331 0.7399 0.3123 -0.5519 0.2247 0.6554 0.0525 -0.7528 -0.0313 0.7429 0.268 -0.5709 0.2245 0.9417 -0.0801 0.3267 0.0133 0.609 0.3165 -0.6583 0.3091 0.6332 -0.2304 -0.7051 -0.2206 0.9308 -0.0644 0.3438 0.1063
0.3803 -0.5641 -0.2516 -0.6884 0.4274 -0.6717 -0.3204 -0.5133 0.5725 0.4303 -0.4504 0.5331 0.7399 0.3123 -0.5519 0.2247 0.6554 0.0525 -0.7528 -0.0313 0.7429 0.268 -0.5709 0.2245 0.9417 -0.0801 0.3267 0.0133 0.609 0.3165 -0.6583 0.3091 0.6332 -0.2304 -0.7051 -0.2206 0.9308 -0.0644 0.3438 0.1063
0.3803 -0.5641 -0.2516 -0.6884 0.4274 -0.6717 -0.3204 -0.5133 0.5725 0.4303 -0.4504 0.5331 0.7399 0.3123 -0.5519 0.2247 0.6554 0.0525 -0.7528 -0.0313 0.7429 0.268 -0.5709 0.2245 0.9417 -0.0801 0.3267 0.0133 0.609 0.3165 -0.6583 0.3091 0.6332 -0.2304 -0.7051 -0.2206 0.9308 -0.0644 0.3438 0.1063
0.3803 -0.5641 -0.2516 -0.6884 0.4274 -0.6717 -0.3204 -0.5133 0.5725 0.4303 -0.4504 0.5331 0.7551 0.285 -0.5682 0.1605 0.6554 0.0525 -0.7528 -0.0313 0.7429 0.268 -0.5709 0.2245 0.9417 -0.0823 0.3262 0.0118 0.609 0.3165 -0.6583 0.3091 0.6332 -0.2304 -0.7051 -0.2206 0.9299 -0.0651 0.3461 0.1061
0.3803 -0.5641 -0.2516 -0.6884 0.4274 -0.6717 -0.3204 -0.5133 0.5725 0.4303 -0.4504 0.5331 0.7551 0.285 -0.5682 0.1605 0.6554 0.0525 -0.7528 -0.0313 0.7429 0.268 -0.5709 0.2245 0.9417 -0.0823 0.3262 0.0118 0.609 0.3165 -0.6583 0.3091 0.6332 -0.2304 -0.7051 -0.2206 0.9299 -0.0651 0.3461 0.1061
0.3803 -0.5641 -0.2516 -0.6884 0.4274 -0.6717 -0.3204 -0.5133 0.6122 0.3842 -0.4883 0.489 0.7551 0.285 -0.5682 0.1605 0.6554 0.0525 -0.7528 -0.0313 0.7429 0.268 -0.5709 0.2245 0.9417 -0.0823 0.3262 0.0118 0.616 0.3013 -0.6681 0.2889 0.6332 -0.2304 -0.7051 -0.2206 0.9299 -0.0651 0.3461 0.1061
0.3803 -0.5641 -0.2516 -0.6884 0.4274 -0.6717 -0.3204 -0.5133 0.6122 0.3842 -0.4883 0.489 0.7551 0.285 -0.5682 0.1605 0.6554 0.0525 -0.7528 -0.0313 0.7429 0.268 -0.5709 0.2245 0.9417 -0.0823 0.3262 0.0118 0.616 0.3013 -0.6681 0.2889 0.6332 -0.2304 -0.7051 -0.2206 0.9299 -0.0651 0.3461 0.1061
0.3803 -0.5641 -0.2516 -0.6884 0.3807 -0.678 -0.268 -0.5688 0.6122 0.3842 -0.4883 0.489 0.7551 0.285 -0.5682 0.1605 0.6554 0.0525 -0.7528 -0.0313 0.7539 0.2615 -0.5662 0.2064 0.9417 -0.0823 0.3262 0.0118 0.616 0.3013 -0.6681 0.2889 0.6332 -0.2304 -0.7051 -0.2206 0.9299 -0.0651 0.3461 0.1061
0.3207 -0.5733 -0.2175 -0.7219 0.3807 -0.678 -0.268 -0.5688 0.6122 0.3842 -0.4883 0.489 0.7551 0.285 -0.5682 0.1605 0.6554 0.0525 -0.7528 -0.0313 0.7539 0.2615 -0.5662 0.2064 0.9417 -0.0823 0.3262 0.0118 0.616 0.3013 -0.6681 0.2889 0.6268 -0.2611 -0.6983 -0.2265 0.9299 -0.0651 0.3461 0.1061
0.3207 -0.5733 -0.2175 -0.7219 0.3807 -0.678 -0.268 -0.5688 0.6122 0.3842 -0.4883 0.489 0.7717 0.2451 -0.5795 0.0926 0.6554 0.0525 -0.7528 -0.0313 0.7539 0.2615 -0.5662 0.2064 0.9417 -0.0823 0.3262 0.0118 0.616 0.3013 -0.6681 0.2889 0.6268 -0.2611 -0.6983 -0.2265 0.9299 -0.0651 0.3461 0.1061
0.3207 -0.5733 -0.2175 -0.7219 0.3807 -0.678 -0.268 -0.5688 0.6122 0.3842 -0.4883 0.489 0.7717 0.2451 -0.5795 0.0926 0.6788 -0.035 -0.7301 -0.0702 0.7539 0.2615 -0.5662 0.2064 0.9417 -0.0823 0.3262 0.0118 0.616 0.3013 -0.6681 0.2889 0.6268 -0.2611 -0.6983 -0.2265 0.9286 -0.0628 0.35 0.1062
0.3207 -0.5733 -0.2175 -0.7219 0.3807 -0.678 -0.268 -0.5688 0.6122 0.3842 -0.4883 0.489 0.7717 0.2451 -0.5795 0.0926 0.6788 -0.035 -0.7301 -0.0702 0.7539 0.2615 -0.5662 0.2064 0.9417 -0.0823 0.3262 0.0118 0.616 0.3013 -0.6681 0.2889 0.6268 -0.2611 -0.6983 -0.2265 0.9286 -0.0628 0.35 0.1062
0.3207 -0.5733 -0.2175 -0.7219 0.3807 -0.678 -0.268 -0.5688 0.6122 0.3842 -0.4883 0.489 0.7717 0.2451 -0.5795 0.0926 0.6788 -0.035 -0.7301 -0.0702 0.7539 0.2615 -0.5662 0.2064 0.9412 -0.0817 0.3275 0.0135 0.6239 0.2797 -0.6807 0.2629 0.6268 -0.2611 -0.6983 -0.2265 0.9286 -0.0628 0.35 0.1062
0.3207 -0.5733 -0.2175 -0.7219 0.3807 -0.678 -0.268 -0.5688 0.6445 0.3413 -0.5221 0.4423 0.7717 0.2451 -0.5795 0.0926 0.6788 -0.035 -0.7301 -0.0702 0.7539 0.2615 -0.5662 0.2064 0.9412 -0.0817 0.3275 0.0135 0.6239 0.2797 -0.6807 0.2629 0.6268 -0.2611 -0.6983 -0.2265 0.9286 -0.0628 0.35 0.1062
0.3207 -0.5733 -0.2175 -0.7219 0.3294 -0.6726 -0.2151 -0.6268 0.6445 0.3413 -0.5221 0.4423 0.7717 0.2451 -0.5795 0.0926 0.6788 -0.035 -0.7301 -0.0702 0.7697 0.2814 -0.5492 0.164 0.9412 -0.0817 0.3275 0.0135 0.6239 0.2797 -0.6807 0.2629 0.6268 -0.2611 -0.6983 -0.2265 0.9286 -0.0628 0.35 0.1062
0.3207 -0.5733 -0.2175 -0.7219 0.3294 -0.6726 -0.2151 -0.6268 0.6445 0.3413 -0.5221 0.4423 0.7717 0.2451 -0.5795 0.0926 0.6788 -0.035 -0.7301 -0.0702 0.7697 0.2814 -0.5492 0.164 0.9412 -0.0817 0.3275 0.0135 0.6239 0.2797 -0.6807 0.2629 0.6268 -0.2611 -0.6983 -0.2265 0.9286 -0.0628 0.35 0.1062
0.3207 -0.5733 -0.2175 -0.7219 0.3294 -0.6726 -0.2151 -0.6268 0.6445 0.3413 -0.5221 0.4423 0.7767 0.2223 -0.5875 0.0457 0.6788 -0.035 -0.7301 -0.0702 0.7697 0.2814 -0.5492 0.164 0.9412 -0.0817 0.3275 0.0135 0.6239 0.2797 -0.6807 0.2629 0.6268 -0.2611 -0.6983 -0.2265 0.9286 -0.0628 0.35 0.1062
0.3207 -0.5733 -0.2175 -0.7219 0.3294 -0.6726 -0.2151 -0.6268 0.6445 0.3413 -0.5221 0.4423 0.7767 0.2223 -0.5875 0.0457 0.7058 -0.0895 -0.7008 -0.0518 0.7697 0.2814 -0.5492 0.164 0.9412 -0.0817 0.3275 0.0135 0.6239 0.2797 -0.6807 0.2629 0.6268 -0.2611 -0.6983 -0.2265 0.9283 -0.0602 0.3506 0.1075
0.3207 -0.5733 -0.2175 -0.7219 0.3294 -0.6726 -0.2151 -0.6268 0.6445 0.3413 -0.5221 0.4423 0.7767 0.2223 -0.5875 0.0457 0.7058 -0.0895 -0.7008 -0.0518 0.7697 0.2814 -0.5492 0.164 0.9244 -0.0674 0.3754 0.0069 0.6239 0.2797 -0.6807 0.2629 0.6268 -0.2611 -0.6983 -0.2265 0.9283 -0.0602 0.3506 0.1075
0.3207 -0.5733 -0.2175 -0.7219 0.3294 -0.6726 -0.2151 -0.6268 0.6445 0.3413 -0.5221 0.4423 0.7767 0.2223 -0.5875 0.0457 0.7058 -0.0895 -0.7008 -0.0518 0.7697 0.2814 -0.5492 0.164 0.9244 -0.0674 0.3754 0.0069 0.6255 0.2512 -0.6974 0.2433 0.6268 -0.2611 -0.6983 -0.2265 0.9283 -0.0602 0.3506 0.1075
0.3207 -0.5733 -0.2175 -0.7219 0.2825 -0.6664 -0.1689 -0.669 0.6678 0.3107 -0.5356 0.413 0.7767 0.2223 -0.5875 0.0457 0.7058 -0.0895 -0.7008 -0.0518 0.7769 0.3045 -0.5346 0.134 0.9244 -0.0674 0.3754 0.0069 0.6255 0.2512 -0.6974 0.2433 0.6268 -0.2611 -0.6983 -0.2265 0.9283 -0.0602 0.3506 0.1075
0.3207 -0.5733 -0.2175 -0.7219 0.2825 -0.6664 -0.1689 -0.669 0.6678 0.3107 -0.5356 0.413 0.7767 0.2223 -0.5875 0.0457 0.7058 -0.0895 -0.7008 -0.0518 0.7769 0.3045 -0.5346 0.134 0.9244 -0.0674 0.3754 0.0069 0.6255 0.2512 -0.6974 0.2433 0.6268 -0.2611 -0.6983 -0.2265 0.9283 -0.0602 0.3506 0.1075
0.3207 -0.5733 -0.2175 -0.7219 0.2825 -0.6664 -0.1689 -0.669 0.6678 0.3107 -0.5356 0.413 0.7767 0.2223 -0.5875 0.0457 0.7058 -0.0895 -0.7008 -0.0518 0.7769 0.3045 -0.5346 0.134 0.9244 -0.0674 0.3754 0.0069 0.6255 0.2512 -0.6974 0.2433 0.6268 -0.2611 -0.6983 -0.2265 0.9283 -0.0602 0.3506 0.1075
0.3207 -0.5733 -0.2175 -0.7219 0.2825 -0.6664 -0.1689 -0.669 0.6678 0.3107 -0.5356 0.413 0.7843 0.2089 -0.5839 0.0178 0.7058 -0.0895 -0.7008 -0.0518 0.7769 0.3045 -0.5346 0.134 0.9244 -0.0674 0.3754 0.0069 0.6255 0.2512 -0.6974 0.2433 0.6268 -0.2611 -0.6983 -0.2265 0.9283 -0.0602 0.3506 0.1075
0.3207 -0.5733 -0.2175 -0.7219 0.2825 -0.6664 -0.1689 -0.669 0.6678 0.3107 -0.5356 0.413 0.7843 0.2089 -0.5839 0.0178 0.7104 -0.1263 -0.6917 -0.0305 0.7769 0.3045 -0.5346 0.134 0.9244 -0.0674 0.3754 0.0069 0.6255 0.2512 -0.6974 0.2433 0.6268 -0.2611 -0.6983 -0.2265 0.9283 -0.0635 0.3501 0.1076
0.3207 -0.5733 -0.2175 -0.7219 0.2825 -0.6664 -0.1689 -0.669 0.6678 0.3107 -0.5356 0.413 0.7843 0.2089 -0.5839 0.0178 0.7104 -0.1263 -0.6917 -0.0305 0.7769 0.3045 -0.5346 0.134 0.9295 -0.056 0.3642 0.0146 0.6188 0.2462 -0.7038 0.2473 0.6268 -0.2611 -0.6983 -0.2265 0.9283 -0.0635 0.3501 0.1076
0.3207 -0.5733 -0.2175 -0.7219 0.2825 -0.6664 -0.1689 -0.669 0.6815 0.2906 -0.5476 0.3888 0.7843 0.2089 -0.5839 0.0178 0.7104 -0.1263 -0.6917 -0.0305 0.7769 0.3045 -0.5346 0.134 0.9295 -0.056 0.3642 0.0146 0.6188 0.2462 -0.7038 0.2473 0.6268 -0.2611 -0.6983 -0.2265 0.9283 -0.0635 0.3501 0.1076
0.3207 -0.5733 -0.2175 -0.7219 0.2825 -0.6664 -0.1689 -0.669 0.6815 0.2906 -0.5476 0.3888 0.7843 0.2089 -0.5839 0.0178 0.7104 -0.1263 -0.6917 -0.0305 0.7769 0.3045 -0.5346 0.134 0.9295 -0.056 0.3642 0.0146 0.6188 0.2462 -0.7038 0.2473 0.6268 -0.2611 -0.6983 -0.2265 0.9283 -0.0635 0.3501 0.1076
0.3207 -0.5733 -0.2175 -0.7219 0.2403 -0.6585 -0.1398 -0.6993 0.6815 0.2906 -0.5476 0.3888 0.7843 0.2089 -0.5839 0.0178 0.7104 -0.1263 -0.6917 -0.0305 0.7769 0.3045 -0.5346 0.134 0.9295 -0.056 0.3642 0.0146 0.6188 0.2462 -0.7038 0.2473 0.6268 -0.2611 -0.6983 -0.2265 0.9283 -0.0635 0.3501 0.1076
0.1577 -0.5713 -0.1378 -0.7936 0.2403 -0.6585 -0.1398 -0.6993 0.6815 0.2906 -0.5476 0.3888 0.7843 0.2089 -0.5839 0.0178 0.7104 -0.1263 -0.6917 -0.0305 0.7769 0.3045 -0.5346 0.134 0.9295 -0.056 0.3642 0.0146 0.6188 0.2462 -0.7038 0.2473 0.6279 -0.2767 -0.689 -0.2332 0.9283 -0.0635 0.3501 0.1076
0.1577 -0.5713 -0.1378 -0.7936 0.2403 -0.6585 -0.1398 -0.6993 0.6815 0.2906 -0.5476 0.3888 0.7802 0.197 -0.5937 0.0098 0.7104 -0.1263 -0.6917 -0.0305 0.7769 0.3045 -0.5346 0.134 0.9295 -0.056 0.3642 0.0146 0.6188 0.2462 -0.7038 0.2473 0.6279 -0.2767 -0.689 -0.2332 0.9283 -0.0635 0.3501 0.1076
0.1577 -0.5713 -0.1378 -0.7936 0.2403 -0.6585 -0.1398 -0.6993 0.6815 0.2906 -0.5476 0.3888 0.7802 0.197 -0.5937 0.0098 0.7093 -0.0942 -0.6985 -0.0107 0.7769 0.3045 -0.5346 0.134 0.9409 -0.066 0.3303 0.035 0.6188 0.2462 -0.7038 0.2473 0.6279 -0.2767 -0.689 -0.2332 0.9283 -0.0635 0.3501 0.1076
0.1577 -0.5713 -0.1378 -0.7936 0.2403 -0.6585 -0.1398 -0.6993 0.6815 0.2906 -0.5476 0.3888 0.7802 0.197 -0.5937 0.0098 0.7093 -0.0942 -0.6985 -0.0107 0.7769 0.3045 -0.5346 0.134 0.9409 -0.066 0.3303 0.035 0.6132 0.2465 -0.7039 0.2603 0.6279 -0.2767 -0.689 -0.2332 0.9283 -0.0635 0.3501 0.1076
0.1577 -0.5713 -0.1378 -0.7936 0.2403 -0.6585 -0.1398 -0.6993 0.6815 0.2906 -0.5476 0.3888 0.7802 0.197 -0.5937 0.0098 0.7093 -0.0942 -0.6985 -0.0107 0.7769 0.3045 -0.5346 0.134 0.9409 -0.066 0.3303 0.035 0.6132 0.2465 -0.7039 0.2603 0.6279 -0.2767 -0.689 -0.2332 0.9283 -0.0635 0.3501 0.1076
0.1577 -0.5713 -0.1378 -0.7936 0.235 -0.6606 -0.1231 -0.7023 0.6741 0.2841 -0.5677 0.3777 0.7802 0.197 -0.5937 0.0098 0.7093 -0.0942 -0.6985 -0.0107 0.7212 0.2271 -0.601 0.2592 0.9409 -0.066 0.3303 0.035 0.6132 0.2465 -0.7039 0.2603 0.6279 -0.2767 -0.689 -0.2332 0.9283 -0.0635 0.3501 0.1076
0.1577 -0.5713 -0.1378 -0.7936 0.235 -0.6606 -0.1231 -0.7023 0.6741 0.2841 -0.5677 0.3777 0.7802 0.197 -0.5937 0.0098 0.7093 -0.0942 -0.6985 -0.0107 0.7212 0.2271 -0.601 0.2592 0.9409 -0.066 0.3303 0.035 0.6132 0.2465 -0.7039 0.2603 0.6279 -0.2767 -0.689 -0.2332 0.9283 -0.0635 0.3501 0.1076
0.1469 -0.5692 -0.1329 -0.798 0.235 -0.6606 -0.1231 -0.7023 0.6741 0.2841 -0.5677 0.3777 0.7802 0.197 -0.5937 0.0098 0.7093 -0.0942 -0.6985 -0.0107 0.7212 0.2271 -0.601 0.2592 0.9409 -0.066 0.3303 0.035 0.6132 0.2465 -0.7039 0.2603 0.6421 -0.2766 -0.6786 -0.2252 0.9283 -0.0635 0.3501 0.1076
0.1469 -0.5692 -0.1329 -0.798 0.235 -0.6606 -0.1231 -0.7023 0.6741 0.2841 -0.5677 0.3777 0.7625 0.1874 -0.6193 0.0096 0.7017 -0.062 -0.7098 -1.0E-4 0.7212 0.2271 -0.601 0.2592 0.9409 -0.066 0.3303 0.035 0.6132 0.2465 -0.7039 0.2603 0.6421 -0.2766 -0.6786 -0.2252 0.9289 -0.0659 0.3478 0.1088
0.1469 -0.5692 -0.1329 -0.798 0.235 -0.6606 -0.1231 -0.7023 0.6741 0.2841 -0.5677 0.3777 0.7625 0.1874 -0.6193 0.0096 0.7017 -0.062 -0.7098 -1.0E-4 0.7212 0.2271 -0.601 0.2592 0.9581 -0.0534 0.2788 0.0392 0.6132 0.2465 -0.7039 0.2603 0.6421 -0.2766 -0.6786 -0.2252 0.9289 -0.0659 0.3478 0.1088
0.1469 -0.5692 -0.1329 -0.798 0.235 -0.6606 -0.1231 -0.7023 0.6741 0.2841 -0.5677 0.3777 0.7625 0.1874 -0.6193 0.0096 0.7017 -0.062 -0.7098 -1.0E-4 0.7212 0.2271 -0.601 0.2592 0.9581 -0.0534 0.2788 0.0392 0.6086 0.2302 -0.712 0.264 0.6421 -0.2766 -0.6786 -0.2252 0.9289 -0.0659 0.3478 0.1088
0.1469 -0.5692 -0.1329 -0.798 0.235 -0.6606 -0.1231 -0.7023 0.666 0.2823 -0.5806 0.3738 0.7625 0.1874 -0.6193 0.0096 0.7017 -0.062 -0.7098 -1.0E-4 0.7212 0.2271 -0.601 0.2592 0.9581 -0.0534 0.2788 0.0392 0.6086 0.2302 -0.712 0.264 0.6421 -0.2766 -0.6786 -0.2252 0.9289 -0.0659 0.3478 0.1088
0.1469 -0.5692 -0.1329 -0.798 0.235 -0.6606 -0.1231 -0.7023 0.666 0.2823 -0.5806 0.3738 0.7625 0.1874 -0.6193 0.0096 0.7017 -0.062 -0.7098 -1.0E-4 0.6965 0.2081 -0.629 0.2756 0.9581 -0.0534 0.2788 0.0392 0.6086 0.2302 -0.712 0.264 0.6421 -0.2766 -0.6786 -0.2252 0.9289 -0.0659 0.3478 0.1088
0.1469 -0.5692 -0.1329 -0.798 0.2517 -0.6761 -0.0901 -0.6866 0.666 0.2823 -0.5806 0.3738 0.7625 0.1874 -0.6193 0.0096 0.7017 -0.062 -0.7098 -1.0E-4 0.6965 0.2081 -0.629 0.2756 0.9581 -0.0534 0.2788 0.0392 0.6086 0.2302 -0.712 0.264 0.6421 -0.2766 -0.6786 -0.2252 0.9289 -0.0659 0.3478 0.1088
0.1479 -0.5635 -0.1138 -0.8048 0.2517 -0.6761 -0.0901 -0.6866 0.666 0.2823 -0.5806 0.3738 0.7625 0.1874 -0.6193 0.0096 0.7017 -0.062 -0.7098 -1.0E-4 0.6965 0.2081 -0.629 0.2756 0.9581 -0.0534 0.2788 0.0392 0.6086 0.2302 -0.712 0.264 0.6586 -0.2775 -0.6663 -0.2127 0.9289 -0.0659 0.3478 0.1088
0.1479 -0.5635 -0.1138 -0.8048 0.2517 -0.6761 -0.0901 -0.6866 0.666 0.2823 -0.5806 0.3738 0.7625 0.1874 -0.6193 0.0096 0.7017 -0.062 -0.7098 -1.0E-4 0.6965 0.2081 -0.629 0.2756 0.9581 -0.0534 0.2788 0.0392 0.6086 0.2302 -0.712 0.264 0.6586 -0.2775 -0.6663 -0.2127 0.9289 -0.0659 0.3478 0.1088
0.1479 -0.5635 -0.1138 -0.8048 0.2517 -0.6761 -0.0901 -0.6866 0.666 0.2823 -0.5806 0.3738 0.7552 0.171 -0.6326 0.0097 0.6854 -0.0843 -0.7225 -0.0334 0.6965 0.2081 -0.629 0.2756 0.9581 -0.0534 0.2788 0.0392 0.6086 0.2302 -0.712 0.264 0.6586 -0.2775 -0.6663 -0.2127 0.9301 -0.0659 0.3446 0.1093
0.1479 -0.5635 -0.1138 -0.8048 0.2517 -0.6761 -0.0901 -0.6866 0.666 0.2823 -0.5806 0.3738 0.7552 0.171 -0.6326 0.0097 0.6854 -0.0843 -0.7225 -0.0334 0.6965 0.2081 -0.629 0.2756 0.95 -0.0771 0.3016 0.0266 0.6086 0.2302 -0.712 0.264 0.6586 -0.2775 -0.6663 -0.2127 0.9301 -0.0659 0.3446 0.1093
0.1479 -0.5635 -0.1138 -0.8048 0.2517 -0.6761 -0.0901 -0.6866 0.6623 0.2805 -0.5866 0.3723 0.7552 0.171 -0.6326 0.0097 0.6854 -0.0843 -0.7225 -0.0334 0.6965 0.2081 -0.629 0.2756 0.95 -0.0771 0.3016 0.0266 0.6028 0.2281 -0.7103 0.2831 0.6586 -0.2775 -0.6663 -0.2127 0.9301 -0.0659 0.3446 0.1093
0.1479 -0.5635 -0.1138 -0.8048 0.2517 -0.6761 -0.0901 -0.6866 0.6623 0.2805 -0.5866 0.3723 0.7552 0.171 -0.6326 0.0097 0.6854 -0.0843 -0.7225 -0.0334 0.6965 0.2081 -0.629 0.2756 0.95 -0.0771 0.3016 0.0266 0.6028 0.2281 -0.7103 0.2831 0.6586 -0.2775 -0.6663 -0.2127 0.9301 -0.0659 0.3446 0.1093
0.1479 -0.5635 -0.1138 -0.8048 0.2663 -0.6888 -0.0814 -0.6693 0.6623 0.2805 -0.5866 0.3723 0.7552 0.171 -0.6326 0.0097 0.6854 -0.0843 -0.7225 -0.0334 0.6965 0.2225 -0.6335 0.2533 0.95 -0.0771 0.3016 0.0266 0.6028 0.2281 -0.7103 0.2831 0.6586 -0.2775 -0.6663 -0.2127 0.9301 -0.0659 0.3446 0.1093
0.1543 -0.5644 -0.0937 -0.8055 0.2663 -0.6888 -0.0814 -0.6693 0.6623 0.2805 -0.5866 0.3723 0.7552 0.171 -0.6326 0.0097 0.6854 -0.0843 -0.7225 -0.0334 0.6965 0.2225 -0.6335 0.2533 0.95 -0.0771 0.3016 0.0266 0.6028 0.2281 -0.7103 0.2831 0.7019 -0.2878 -0.6281 -0.1733 0.9301 -0.0659 0.3446 0.1093
0.1543 -0.5644 -0.0937 -0.8055 0.2663 -0.6888 -0.0814 -0.6693 0.6623 0.2805 -0.5866 0.3723 0.7552 0.171 -0.6326 0.0097 0.6854 -0.0843 -0.7225 -0.0334 0.6965 0.2225 -0.6335 0.2533 0.95 -0.0771 0.3016 0.0266 0.6028 0.2281 -0.7103 0.2831 0.7019 -0.2878 -0.6281 -0.1733 0.9301 -0.0659 0.3446 0.1093
0.1543 -0.5644 -0.0937 -0.8055 0.2663 -0.6888 -0.0814 -0.6693 0.6623 0.2805 -0.5866 0.3723 0.7552 0.171 -0.6326 0.0097 0.6854 -0.0843 -0.7225 -0.0334 0.6965 0.2225 -0.6335 0.2533 0.95 -0.0771 0.3016 0.0266 0.6028 0.2281 -0.7103 0.2831 0.7019 -0.2878 -0.6281 -0.1733 0.9301 -0.0659 0.3446 0.1093
0.1543 -0.5644 -0.0937 -0.8055 0.2663 -0.6888 -0.0814 -0.6693 0.6623 0.2805 -0.5866 0.3723 0.7552 0.171 -0.6326 0.0097 0.6854 -0.0843 -0.7225 -0.0334 0.6965 0.2225 -0.6335 0.2533 0.9509 -0.0671 0.2993 0.0402 0.642 0.2402 -0.6746 0.2741 0.7019 -0.2878 -0.6281 -0.1733 0.9301 -0.0659 0.3446 0.1093
0.1543 -0.5644 -0.0937 -0.8055 0.2663 -0.6888 -0.0814 -0.6693 0.6539 0.2975 -0.5884 0.371 0.7552 0.171 -0.6326 0.0097 0.6854 -0.0843 -0.7225 -0.0334 0.6965 0.2225 -0.6335 0.2533 0.9509 -0.0671 0.2993 0.0402 0.642 0.2402 -0.6746 0.2741 0.7019 -0.2878 -0.6281 -0.1733 0.9301 -0.0659 0.3446 0.1093
0.1543 -0.5644 -0.0937 -0.8055 0.2663 -0.6888 -0.0814 -0.6693 0.6539 0.2975 -0.5884 0.371 0.7552 0.171 -0.6326 0.0097 0.6854 -0.0843 -0.7225 -0.0334 0.6992 0.2454 -0.6306 0.231 0.9509 -0.0671 0.2993 0.0402 0.642 0.2402 -0.6746 0.2741 0.7019 -0.2878 -0.6281 -0.1733 0.9301 -0.0659 0.3446 0.1093
0.1543 -0.5644 -0.0937 -0.8055 0.292 -0.6965 -0.0747 -0.6512 0.6539 0.2975 -0.5884 0.371 0.7552 0.171 -0.6326 0.0097 0.6854 -0.0843 -0.7225 -0.0334 0.6992 0.2454 -0.6306 0.231 0.9509 -0.0671 0.2993 0.0402 0.642 0.2402 -0.6746 0.2741 0.7019 -0.2878 -0.6281 -0.1733 0.9301 -0.0659 0.3446 0.1093
0.169 -0.5592 -0.0911 -0.8065 0.292 -0.6965 -0.0747 -0.6512 0.6539 0.2975 -0.5884 0.371 0.7552 0.171 -0.6326 0.0097 0.6854 -0.0843 -0.7225 -0.0334 0.6992 0.2454 -0.6306 0.231 0.9509 -0.0671 0.2993 0.0402 0.642 0.2402 -0.6746 0.2741 0.7402 -0.3414 -0.5685 -0.1111 0.9301 -0.0659 0.3446 0.1093
0.169 -0.5592 -0.0911 -0.8065 0.292 -0.6965 -0.0747 -0.6512 0.6539 0.2975 -0.5884 0.371 0.751 0.1752 -0.6364 0.0178 0.6854 -0.0843 -0.7225 -0.0334 0.6992 0.2454 -0.6306 0.231 0.9509 -0.0671 0.2993 0.0402 0.642 0.2402 -0.6746 0.2741 0.7402 -0.3414 -0.5685 -0.1111 0.9301 -0.0659 0.3446 0.1093
0.169 -0.5592 -0.0911 -0.8065 0.292 -0.6965 -0.0747 -0.6512 0.6539 0.2975 -0.5884 0.371 0.751 0.1752 -0.6364 0.0178 0.6599 -0.071 -0.744 -0.0775 0.6992 0.2454 -0.6306 0.231 0.9462 -0.0741 0.3127 0.0385 0.642 0.2402 -0.6746 0.2741 0.7402 -0.3414 -0.5685 -0.1111 0.9301 -0.0659 0.3446 0.1093
0.169 -0.5592 -0.0911 -0.8065 0.292 -0.6965 -0.0747 -0.6512 0.6539 0.2975 -0.5884 0.371 0.751 0.1752 -0.6364 0.0178 0.6599 -0.071 -0.744 -0.0775 0.6992 0.2454 -0.6306 0.231 0.9462 -0.0741 0.3127 0.0385 0.7003 0.267 -0.6014 0.2769 0.7402 -0.3414 -0.5685 -0.1111 0.9301 -0.0659 0.3446 0.1093
0.169 -0.5592 -0.0911 -0.8065 0.292 -0.6965 -0.0747 -0.6512 0.6539 0.2975 -0.5884 0.371 0.751 0.1752 -0.6364 0.0178 0.6599 -0.071 -0.744 -0.0775 0.6992 0.2454 -0.6306 0.231 0.9462 -0.0741 0.3127 0.0385 0.7003 0.267 -0.6014 0.2769 0.7402 -0.3414 -0.5685 -0.1111 0.9301 -0.0659 0.3446 0.1093
0.169 -0.5592 -0.0911 -0.8065 0.292 -0.6965 -0.0747 -0.6512 0.6613 0.2964 -0.5856 0.3632 0.751 0.1752 -0.6364 0.0178 0.6599 -0.071 -0.744 -0.0775 0.6992 0.2454 -0.6306 0.231 0.9462 -0.0741 0.3127 0.0385 0.7003 0.267 -0.6014 0.2769 0.7402 -0.3414 -0.5685 -0.1111 0.9301 -0.0659 0.3446 0.1093
0.169 -0.5592 -0.0911 -0.8065 0.292 -0.6965 -0.0747 -0.6512 0.6613 0.2964 -0.5856 0.3632 0.751 0.1752 -0.6364 0.0178 0.6599 -0.071 -0.744 -0.0775 0.6992 0.2454 -0.6306 0.231 0.9462 -0.0741 0.3127 0.0385 0.7003 0.267 -0.6014 0.2769 0.7402 -0.3414 -0.5685 -0.1111 0.9301 -0.0659 0.3446 0.1093
0.169 -0.5592 -0.0911 -0.8065 0.292 -0.6965 -0.0747 -0.6512 0.6613 0.2964 -0.5856 0.3632 0.751 0.1752 -0.6364 0.0178 0.6599 -0.071 -0.744 -0.0775 0.6992 0.2454 -0.6306 0.231 0.9462 -0.0741 0.3127 0.0385 0.7003 0.267 -0.6014 0.2769 0.7402 -0.3414 -0.5685 -0.1111 0.9301 -0.0659 0.3446 0.1093
0.204 -0.5444 -0.1031 -0.8071 0.292 -0.6965 -0.0747 -0.6512 0.6613 0.2964 -0.5856 0.3632 0.7517 0.1931 -0.6305 -0.0134 0.6527 -0.0415 -0.7529 -0.0731 0.6992 0.2454 -0.6306 0.231 0.9462 -0.0741 0.3127 0.0385 0.7003 0.267 -0.6014 0.2769 0.7569 -0.3963 -0.5144 -0.0735 0.9301 -0.0659 0.3446 0.1093
0.204 -0.5444 -0.1031 -0.8071 0.292 -0.6965 -0.0747 -0.6512 0.6613 0.2964 -0.5856 0.3632 0.7517 0.1931 -0.6305 -0.0134 0.6527 -0.0415 -0.7529 -0.0731 0.6992 0.2454 -0.6306 0.231 0.9409 -0.0803 0.3273 0.0355 0.7003 0.267 -0.6014 0.2769 0.7569 -0.3963 -0.5144 -0.0735 0.9301 -0.0659 0.3446 0.1093
0.204 -0.5444 -0.1031 -0.8071 0.292 -0.6965 -0.0747 -0.6512 0.6613 0.2964 -0.5856 0.3632 0.7517 0.1931 -0.6305 -0.0134 0.6527 -0.0415 -0.7529 -0.0731 0.6992 0.2454 -0.6306 0.231 0.9409 -0.0803 0.3273 0.0355 0.7352 0.2755 -0.5682 0.2463 0.7569 -0.3963 -0.5144 -0.0735 0.9301 -0.0659 0.3446 0.1093
0.204 -0.5444 -0.1031 -0.8071 0.292 -0.6965 -0.0747 -0.6512 0.6547 0.3176 -0.5773 0.3705 0.7517 0.1931 -0.6305 -0.0134 0.6527 -0.0415 -0.7529 -0.0731 0.6992 0.2454 -0.6306 0.231 0.9409 -0.0803 0.3273 0.0355 0.7352 0.2755 -0.5682 0.2463 0.7569 -0.3963 -0.5144 -0.0735 0.9301 -0.0659 0.3446 0.1093
0.204 -0.5444 -0.1031 -0.8071 0.292 -0.6965 -0.0747 -0.6512 0.6547 0.3176 -0.5773 0.3705 0.7517 0.1931 -0.6305 -0.0134 0.6527 -0.0415 -0.7529 -0.0731 0.6992 0.2454 -0.6306 0.231 0.9409 -0.0803 0.3273 0.0355 0.7352 0.2755 -0.5682 0.2463 0.7569 -0.3963 -0.5144 -0.0735 0.9301 -0.0659 0.3446 0.1093
0.204 -0.5444 -0.1031 -0.8071 0.3472 -0.6909 -0.0884 -0.6279 0.6547 0.3176 -0.5773 0.3705 0.7517 0.1931 -0.6305 -0.0134 0.6527 -0.0415 -0.7529 -0.0731 0.691 0.2967 -0.6217 0.219 0.9409 -0.0803 0.3273 0.0355 0.7352 0.2755 -0.5682 0.2463 0.7569 -0.3963 -0.5144 -0.0735 0.9301 -0.0659 0.3446 0.1093
0.2173 -0.5391 -0.1049 -0.8069 0.3472 -0.6909 -0.0884 -0.6279 0.6547 0.3176 -0.5773 0.3705 0.7517 0.1931 -0.6305 -0.0134 0.6527 -0.0415 -0.7529 -0.0731 0.691 0.2967 -0.6217 0.219 0.9409 -0.0803 0.3273 0.0355 0.7352 0.2755 -0.5682 0.2463 0.7811 -0.3409 -0.5185 -0.0699 0.9301 -0.0659 0.3446 0.1093
0.2173 -0.5391 -0.1049 -0.8069 0.3472 -0.6909 -0.0884 -0.6279 0.6547 0.3176 -0.5773 0.3705 0.7517 0.1931 -0.6305 -0.0134 0.6527 -0.0415 -0.7529 -0.0731 0.691 0.2967 -0.6217 0.219 0.9409 -0.0803 0.3273 0.0355 0.7352 0.2755 -0.5682 0.2463 0.7811 -0.3409 -0.5185 -0.0699 0.9301 -0.0659 0.3446 0.1093
0.2173 -0.5391 -0.1049 -0.8069 0.3472 -0.6909 -0.0884 -0.6279 0.6547 0.3176 -0.5773 0.3705 0.7455 0.2287 -0.626 1.0E-4 0.6442 -0.0502 -0.758 -0.0891 0.691 0.2967 -0.6217 0.219 0.9409 -0.0803 0.3273 0.0355 0.7352 0.2755 -0.5682 0.2463 0.7811 -0.3409 -0.5185 -0.0699 0.8174 -0.0428 0.5563 0.1437
0.2173 -0.5391 -0.1049 -0.8069 0.3472 -0.6909 -0.0884 -0.6279 0.6547 0.3176 -0.5773 0.3705 0.7455 0.2287 -0.626 1.0E-4 0.6442 -0.0502 -0.758 -0.0891 0.691 0.2967 -0.6217 0.219 0.938 -0.084 0.3346 0.0328 0.7352 0.2755 -0.5682 0.2463 0.7811 -0.3409 -0.5185 -0.0699 0.8174 -0.0428 0.5563 0.1437
0.2173 -0.5391 -0.1049 -0.8069 0.3472 -0.6909 -0.0884 -0.6279 0.6486 0.3223 -0.579 0.3746 0.7455 0.2287 -0.626 1.0E-4 0.6442 -0.0502 -0.758 -0.0891 0.691 0.2967 -0.6217 0.219 0.938 -0.084 0.3346 0.0328 0.7753 0.2379 -0.555 0.1851 0.7811 -0.3409 -0.5185 -0.0699 0.8174 -0.0428 0.5563 0.1437
0.2173 -0.5391 -0.1049 -0.8069 0.3556 -0.6892 -0.1108 -0.6215 0.6486 0.3223 -0.579 0.3746 0.7455 0.2287 -0.626 1.0E-4 0.6442 -0.0502 -0.758 -0.0891 0.691 0.2967 -0.6217 0.219 0.938 -0.084 0.3346 0.0328 0.7753 0.2379 -0.555 0.1851 0.7811 -0.3409 -0.5185 -0.0699 0.8174 -0.0428 0.5563 0.1437
0.2173 -0.5391 -0.1049 -0.8069 0.3556 -0.6892 -0.1108 -0.6215 0.6486 0.3223 -0.579 0.3746 0.7455 0.2287 -0.626 1.0E-4 0.6442 -0.0502 -0.758 -0.0891 0.691 0.2967 -0.6217 0.219 0.938 -0.084 0.3346 0.0328 0.7753 0.2379 -0.555 0.1851 0.7811 -0.3409 -0.5185 -0.0699 0.8174 -0.0428 0.5563 0.1437
0.2202 -0.5333 -0.1241 -0.8073 0.3556 -0.6892 -0.1108 -0.6215 0.6486 0.3223 -0.579 0.3746 0.7455 0.2287 -0.626 1.0E-4 0.6442 -0.0502 -0.758 -0.0891 0.691 0.2967 -0.6217 0.219 0.938 -0.084 0.3346 0.0328 0.7753 0.2379 -0.555 0.1851 0.735 -0.2701 -0.6078 -0.1319 0.8174 -0.0428 0.5563 0.1437
0.2202 -0.5333 -0.1241 -0.8073 0.3556 -0.6892 -0.1108 -0.6215 0.6486 0.3223 -0.579 0.3746 0.7455 0.2287 -0.626 1.0E-4 0.6406 -0.0487 -0.7592 -0.105 0.691 0.2967 -0.6217 0.219 0.938 -0.084 0.3346 0.0328 0.7753 0.2379 -0.555 0.1851 0.735 -0.2701 -0.6078 -0.1319 0.8174 -0.0428 0.5563 0.1437
0.2202 -0.5333 -0.1241 -0.8073 0.3556 -0.6892 -0.1108 -0.6215 0.6486 0.3223 -0.579 0.3746 0.7455 0.2287 -0.626 1.0E-4 0.6406 -0.0487 -0.7592 -0.105 0.691 0.2967 -0.6217 0.219 0.9369 -0.0826 0.3382 0.032 0.7753 0.2379 -0.555 0.1851 0.735 -0.2701 -0.6078 -0.1319 0.8174 -0.0428 0.5563 0.1437
0.2202 -0.5333 -0.1241 -0.8073 0.3556 -0.6892 -0.1108 -0.6215 0.6486 0.3223 -0.579 0.3746 0.7455 0.2287 -0.626 1.0E-4 0.6406 -0.0487 -0.7592 -0.105 0.691 0.2967 -0.6217 0.219 0.9369 -0.0826 0.3382 0.032 0.7857 0.2354 -0.5482 0.1635 0.735 -0.2701 -0.6078 -0.1319 0.8174 -0.0428 0.5563 0.1437
0.2202 -0.5333 -0.1241 -0.8073 0.3556 -0.6892 -0.1108 -0.6215 0.6486 0.3223 -0.579 0.3746 0.7455 0.2287 -0.626 1.0E-4 0.6406 -0.0487 -0.7592 -0.105 0.691 0.2967 -0.6217 0.219 0.9369 -0.0826 0.3382 0.032 0.7857 0.2354 -0.5482 0.1635 0.735 -0.2701 -0.6078 -0.1319 0.8174 -0.0428 0.5563 0.1437
0.2202 -0.5333 -0.1241 -0.8073 0.3556 -0.6892 -0.1108 -0.6215 0.6486 0.3223 -0.579 0.3746 0.7455 0.2287 -0.626 1.0E-4 0.6406 -0.0487 -0.7592 -0.105 0.691 0.2967 -0.6217 0.219 0.9369 -0.0826 0.3382 0.032 0.7857 0.2354 -0.5482 0.1635 0.735 -0.2701 -0.6078 -0.1319 0.8174 -0.0428 0.5563 0.1437
0.2202 -0.5333 -0.1241 -0.8073 0.3457 -0.6905 -0.1388 -0.6201 0.6449 0.3185 -0.581 0.3808 0.7455 0.2287 -0.626 1.0E-4 0.6406 -0.0487 -0.7592 -0.105 0.7169 0.312 -0.592 0.1955 0.9369 -0.0826 0.3382 0.032 0.7857 0.2354 -0.5482 0.1635 0.735 -0.2701 -0.6078 -0.1319 0.8174 -0.0428 0.5563 0.1437
0.2202 -0.5333 -0.1241 -0.8073 0.3457 -0.6905 -0.1388 -0.6201 0.6449 0.3185 -0.581 0.3808 0.7455 0.2287 -0.626 1.0E-4 0.6406 -0.0487 -0.7592 -0.105 0.7169 0.312 -0.592 0.1955 0.9369 -0.0826 0.3382 0.032 0.7857 0.2354 -0.5482 0.1635 0.735 -0.2701 -0.6078 -0.1319 0.8174 -0.0428 0.5563 0.1437
0.2202 -0.5333 -0.1241 -0.8073 0.3457 -0.6905 -0.1388 -0.6201 0.6449 0.3185 -0.581 0.3808 0.7482 0.2154 -0.6263 0.0387 0.6359 -0.0237 -0.764 -0.1062 0.7169 0.312 -0.592 0.1955 0.9369 -0.0826 0.3382 0.032 0.7857 0.2354 -0.5482 0.1635 0.735 -0.2701 -0.6078 -0.1319 0.9328 -0.088 0.3276 0.1217
0.2202 -0.5333 -0.1241 -0.8073 0.3457 -0.6905 -0.1388 -0.6201 0.6449 0.3185 -0.581 0.3808 0.7482 0.2154 -0.6263 0.0387 0.6359 -0.0237 -0.764 -0.1062 0.7169 0.312 -0.592 0.1955 0.937 -0.0818 0.3384 0.0303 0.7857 0.2354 -0.5482 0.1635 0.735 -0.2701 -0.6078 -0.1319 0.9328 -0.088 0.3276 0.1217
0.2202 -0.5333 -0.1241 -0.8073 0.3457 -0.6905 -0.1388 -0.6201 0.6449 0.3185 -0.581 0.3808 0.7482 0.2154 -0.6263 0.0387 0.6359 -0.0237 -0.764 -0.1062 0.7169 0.312 -0.592 0.1955 0.937 -0.0818 0.3384 0.0303 0.7564 0.2495 -0.581 0.1676 0.735 -0.2701 -0.6078 -0.1319 0.9328 -0.088 0.3276 0.1217
0.2202 -0.5333 -0.1241 -0.8073 0.3457 -0.6905 -0.1388 -0.6201 0.6382 0.3132 -0.5818 0.3951 0.7482 0.2154 -0.6263 0.0387 0.6359 -0.0237 -0.764 -0.1062 0.7169 0.312 -0.592 0.1955 0.937 -0.0818 0.3384 0.0303 0.7564 0.2495 -0.581 0.1676 0.735 -0.2701 -0.6078 -0.1319 0.9328 -0.088 0.3276 0.1217
0.2202 -0.5333 -0.1241 -0.8073 0.3457 -0.6905 -0.1388 -0.6201 0.6382 0.3132 -0.5818 0.3951 0.7482 0.2154 -0.6263 0.0387 0.6359 -0.0237 -0.764 -0.1062 0.7169 0.312 -0.592 0.1955 0.937 -0.0818 0.3384 0.0303 0.7564 0.2495 -0.581 0.1676 0.735 -0.2701 -0.6078 -0.1319 0.9328 -0.088 0.3276 0.1217
0.2202 -0.5333 -0.1241 -0.8073 0.3372 -0.6825 -0.16 -0.6284 0.6382 0.3132 -0.5818 0.3951 0.7482 0.2154 -0.6263 0.0387 0.6359 -0.0237 -0.764 -0.1062 0.7327 0.3254 -0.5686 0.1841 0.937 -0.0818 0.3384 0.0303 0.7564 0.2495 -0.581 0.1676 0.735 -0.2701 -0.6078 -0.1319 0.9328 -0.088 0.3276 0.1217
0.2129 -0.5373 -0.1583 -0.8006 0.3372 -0.6825 -0.16 -0.6284 0.6382 0.3132 -0.5818 0.3951 0.7482 0.2154 -0.6263 0.0387 0.6359 -0.0237 -0.764 -0.1062 0.7327 0.3254 -0.5686 0.1841 0.937 -0.0818 0.3384 0.0303 0.7564 0.2495 -0.581 0.1676 0.6115 -0.202 -0.721 -0.2558 0.9328 -0.088 0.3276 0.1217
0.2129 -0.5373 -0.1583 -0.8006 0.3372 -0.6825 -0.16 -0.6284 0.6382 0.3132 -0.5818 0.3951 0.7475 0.1989 -0.6311 0.0577 0.6342 -0.0108 -0.7654 -0.1088 0.7327 0.3254 -0.5686 0.1841 0.937 -0.0818 0.3384 0.0303 0.7564 0.2495 -0.581 0.1676 0.6115 -0.202 -0.721 -0.2558 0.9328 -0.088 0.3276 0.1217
0.2129 -0.5373 -0.1583 -0.8006 0.3372 -0.6825 -0.16 -0.6284 0.6382 0.3132 -0.5818 0.3951 0.7475 0.1989 -0.6311 0.0577 0.6342 -0.0108 -0.7654 -0.1088 0.7327 0.3254 -0.5686 0.1841 0.9345 -0.079 0.345 0.037 0.7564 0.2495 -0.581 0.1676 0.6115 -0.202 -0.721 -0.2558 0.9328 -0.088 0.3276 0.1217
0.2129 -0.5373 -0.1583 -0.8006 0.3372 -0.6825 -0.16 -0.6284 0.6382 0.3132 -0.5818 0.3951 0.7475 0.1989 -0.6311 0.0577 0.6342 -0.0108 -0.7654 -0.1088 0.7327 0.3254 -0.5686 0.1841 0.9345 -0.079 0.345 0.037 0.7369 0.2507 -0.6064 0.1627 0.6115 -0.202 -0.721 -0.2558 0.9328 -0.088 0.3276 0.1217
0.2129 -0.5373 -0.1583 -0.8006 0.3372 -0.6825 -0.16 -0.6284 0.6374 0.3084 -0.5842 0.3965 0.7475 0.1989 -0.6311 0.0577 0.6342 -0.0108 -0.7654 -0.1088 0.7327 0.3254 -0.5686 0.1841 0.9345 -0.079 0.345 0.037 0.7369 0.2507 -0.6064 0.1627 0.6115 -0.202 -0.721 -0.2558 0.9328 -0.088 0.3276 0.1217
0.2129 -0.5373 -0.1583 -0.8006 0.3372 -0.6825 -0.16 -0.6284 0.6374 0.3084 -0.5842 0.3965 0.7475 0.1989 -0.6311 0.0577 0.6342 -0.0108 -0.7654 -0.1088 0.7559 0.3502 -0.5347 0.1418 0.9345 -0.079 0.345 0.037 0.7369 0.2507 -0.6064 0.1627 0.6115 -0.202 -0.721 -0.2558 0.9328 -0.088 0.3276 0.1217
0.2129 -0.5373 -0.1583 -0.8006 0.3267 -0.6758 -0.1563 -0.642 0.6374 0.3084 -0.5842 0.3965 0.7475 0.1989 -0.6311 0.0577 0.6342 -0.0108 -0.7654 -0.1088 0.7559 0.3502 -0.5347 0.1418 0.9345 -0.079 0.345 0.037 0.7369 0.2507 -0.6064 0.1627 0.6115 -0.202 -0.721 -0.2558 0.9328 -0.088 0.3276 0.1217
0.2048 -0.5488 -0.1435 -0.7977 0.3267 -0.6758 -0.1563 -0.642 0.6374 0.3084 -0.5842 0.3965 0.7492 0.1746 -0.6353 0.0676 0.6342 -0.0108 -0.7654 -0.1088 0.7559 0.3502 -0.5347 0.1418 0.9345 -0.079 0.345 0.037 0.7369 0.2507 -0.6064 0.1627 0.6069 -0.2554 -0.7064 -0.2595 0.9328 -0.088 0.3276 0.1217
0.2048 -0.5488 -0.1435 -0.7977 0.3267 -0.6758 -0.1563 -0.642 0.6374 0.3084 -0.5842 0.3965 0.7492 0.1746 -0.6353 0.0676 0.6681 -0.0553 -0.7356 -0.0975 0.7559 0.3502 -0.5347 0.1418 0.9345 -0.079 0.345 0.037 0.7369 0.2507 -0.6064 0.1627 0.6069 -0.2554 -0.7064 -0.2595 0.9328 -0.088 0.3276 0.1217
0.2048 -0.5488 -0.1435 -0.7977 0.3267 -0.6758 -0.1563 -0.642 0.6374 0.3084 -0.5842 0.3965 0.7492 0.1746 -0.6353 0.0676 0.6681 -0.0553 -0.7356 -0.0975 0.7559 0.3502 -0.5347 0.1418 0.8915 -0.0631 0.4442 0.0636 0.7369 0.2507 -0.6064 0.1627 0.6069 -0.2554 -0.7064 -0.2595 0.9328 -0.088 0.3276 0.1217
0.2048 -0.5488 -0.1435 -0.7977 0.3267 -0.6758 -0.1563 -0.642 0.6374 0.3084 -0.5842 0.3965 0.7492 0.1746 -0.6353 0.0676 0.6681 -0.0553 -0.7356 -0.0975 0.7559 0.3502 -0.5347 0.1418 0.8915 -0.0631 0.4442 0.0636 0.7101 0.2695 -0.6227 0.1884 0.6069 -0.2554 -0.7064 -0.2595 0.9328 -0.088 0.3276 0.1217
0.2048 -0.5488 -0.1435 -0.7977 0.3267 -0.6758 -0.1563 -0.642 0.6395 0.3011 -0.5878 0.3936 0.7492 0.1746 -0.6353 0.0676 0.6681 -0.0553 -0.7356 -0.0975 0.7559 0.3502 -0.5347 0.1418 0.8915 -0.0631 0.4442 0.0636 0.7101 0.2695 -0.6227 0.1884 0.6069 -0.2554 -0.7064 -0.2595 0.9328 -0.088 0.3276 0.1217
0.2048 -0.5488 -0.1435 -0.7977 0.3267 -0.6758 -0.1563 -0.642 0.6395 0.3011 -0.5878 0.3936 0.7492 0.1746 -0.6353 0.0676 0.6681 -0.0553 -0.7356 -0.0975 0.7831 0.3989 -0.4747 0.0481 0.8915 -0.0631 0.4442 0.0636 0.7101 0.2695 -0.6227 0.1884 0.6069 -0.2554 -0.7064 -0.2595 0.9328 -0.088 0.3276 0.1217
0.2048 -0.5488 -0.1435 -0.7977 0.3147 -0.697 -0.1231 -0.6325 0.6395 0.3011 -0.5878 0.3936 0.7492 0.1746 -0.6353 0.0676 0.6681 -0.0553 -0.7356 -0.0975 0.7831 0.3989 -0.4747 0.0481 0.8915 -0.0631 0.4442 0.0636 0.7101 0.2695 -0.6227 0.1884 0.6069 -0.2554 -0.7064 -0.2595 0.9328 -0.088 0.3276 0.1217
0.1933 -0.5552 -0.126 -0.799 0.3147 -0.697 -0.1231 -0.6325 0.6395 0.3011 -0.5878 0.3936 0.7492 0.1746 -0.6353 0.0676 0.6681 -0.0553 -0.7356 -0.0975 0.7831 0.3989 -0.4747 0.0481 0.8915 -0.0631 0.4442 0.0636 0.7101 0.2695 -0.6227 0.1884 0.6119 -0.2741 -0.7027 -0.2379 0.9328 -0.088 0.3276 0.1217
0.1933 -0.5552 -0.126 -0.799 0.3147 -0.697 -0.1231 -0.6325 0.6395 0.3011 -0.5878 0.3936 0.7584 0.1558 -0.6304 0.0566 0.7032 -0.1243 -0.6962 -0.0735 0.7831 0.3989 -0.4747 0.0481 0.8915 -0.0631 0.4442 0.0636 0.7101 0.2695 -0.6227 0.1884 0.6119 -0.2741 -0.7027 -0.2379 0.9281 -0.06 0.3516 0.1068
0.1933 -0.5552 -0.126 -0.799 0.3147 -0.697 -0.1231 -0.6325 0.6395 0.3011 -0.5878 0.3936 0.7584 0.1558 -0.6304 0.0566 0.7032 -0.1243 -0.6962 -0.0735 0.7831 0.3989 -0.4747 0.0481 0.8225 -0.041 0.5663 0.0328 0.7101 0.2695 -0.6227 0.1884 0.6119 -0.2741 -0.7027 -0.2379 0.9281 -0.06 0.3516 0.1068
0.1933 -0.5552 -0.126 -0.799 0.3147 -0.697 -0.1231 -0.6325 0.6395 0.3011 -0.5878 0.3936 0.7584 0.1558 -0.6304 0.0566 0.7032 -0.1243 -0.6962 -0.0735 0.7831 0.3989 -0.4747 0.0481 0.8225 -0.041 0.5663 0.0328 0.697 0.2654 -0.6369 0.1953 0.6119 -0.2741 -0.7027 -0.2379 0.9281 -0.06 0.3516 0.1068
0.1933 -0.5552 -0.126 -0.799 0.3147 -0.697 -0.1231 -0.6325 0.6722 0.266 -0.585 0.3677 0.7584 0.1558 -0.6304 0.0566 0.7032 -0.1243 -0.6962 -0.0735 0.7831 0.3989 -0.4747 0.0481 0.8225 -0.041 0.5663 0.0328 0.697 0.2654 -0.6369 0.1953 0.6119 -0.2741 -0.7027 -0.2379 0.9281 -0.06 0.3516 0.1068
0.1933 -0.5552 -0.126 -0.799 0.3147 -0.697 -0.1231 -0.6325 0.6722 0.266 -0.585 0.3677 0.7584 0.1558 -0.6304 0.0566 0.7032 -0.1243 -0.6962 -0.0735 0.7831 0.3989 -0.4747 0.0481 0.8225 -0.041 0.5663 0.0328 0.697 0.2654 -0.6369 0.1953 0.6119 -0.2741 -0.7027 -0.2379 0.9281 -0.06 0.3516 0.1068
0.1727 -0.5692 -0.1024 -0.7973 0.3147 -0.697 -0.1231 -0.6325 0.6722 0.266 -0.585 0.3677 0.7584 0.1558 -0.6304 0.0566 0.7032 -0.1243 -0.6962 -0.0735 0.7831 0.3989 -0.4747 0.0481 0.8225 -0.041 0.5663 0.0328 0.697 0.2654 -0.6369 0.1953 0.6119 -0.2741 -0.7027 -0.2379 0.9281 -0.06 0.3516 0.1068
0.1727 -0.5692 -0.1024 -0.7973 0.3147 -0.697 -0.1231 -0.6325 0.6722 0.266 -0.585 0.3677 0.7584 0.1558 -0.6304 0.0566 0.7032 -0.1243 -0.6962 -0.0735 0.7831 0.3989 -0.4747 0.0481 0.8225 -0.041 0.5663 0.0328 0.697 0.2654 -0.6369 0.1953 0.6119 -0.2741 -0.7027 -0.2379 0.9281 -0.06 0.3516 0.1068
0.1727 -0.5692 -0.1024 -0.7973 0.3147 -0.697 -0.1231 -0.6325 0.6722 0.266 -0.585 0.3677 0.7584 0.1558 -0.6304 0.0566 0.7032 -0.1243 -0.6962 -0.0735 0.7831 0.3989 -0.4747 0.0481 0.8225 -0.041 0.5663 0.0328 0.697 0.2654 -0.6369 0.1953 0.6119 -0.2741 -0.7027 -0.2379 0.9281 -0.06 0.3516 0.1068
0.1727 -0.5692 -0.1024 -0.7973 0.3147 -0.697 -0.1231 -0.6325 0.6722 0.266 -0.585 0.3677 0.7786 0.1393 -0.6111 0.0276 0.7137 -0.1777 -0.676 -0.0462 0.7831 0.3989 -0.4747 0.0481 0.8671 -0.0597 0.4945 4.0E-4 0.697 0.2654 -0.6369 0.1953 0.6282 -0.2693 -0.697 -0.2168 0.9282 -0.0649 0.3511 0.1049
0.1727 -0.5692 -0.1024 -0.7973 0.3147 -0.697 -0.1231 -0.6325 0.6722 0.266 -0.585 0.3677 0.7786 0.1393 -0.6111 0.0276 0.7137 -0.1777 -0.676 -0.0462 0.7831 0.3989 -0.4747 0.0481 0.8671 -0.0597 0.4945 4.0E-4 0.6611 0.2764 -0.6569 0.2347 0.6282 -0.2693 -0.697 -0.2168 0.9282 -0.0649 0.3511 0.1049
0.1727 -0.5692 -0.1024 -0.7973 0.3147 -0.697 -0.1231 -0.6325 0.6722 0.266 -0.585 0.3677 0.7786 0.1393 -0.6111 0.0276 0.7137 -0.1777 -0.676 -0.0462 0.7831 0.3989 -0.4747 0.0481 0.8671 -0.0597 0.4945 4.0E-4 0.6611 0.2764 -0.6569 0.2347 0.6282 -0.2693 -0.697 -0.2168 0.9282 -0.0649 0.3511 0.1049
0.1727 -0.5692 -0.1024 -0.7973 0.3147 -0.697 -0.1231 -0.6325 0.6844 0.2656 -0.5734 0.3636 0.7786 0.1393 -0.6111 0.0276 0.7137 -0.1777 -0.676 -0.0462 0.7831 0.3989 -0.4747 0.0481 0.8671 -0.0597 0.4945 4.0E-4 0.6611 0.2764 -0.6569 0.2347 0.6282 -0.2693 -0.697 -0.2168 0.9282 -0.0649 0.3511 0.1049
0.1727 -0.5692 -0.1024 -0.7973 0.3147 -0.697 -0.1231 -0.6325 0.6844 0.2656 -0.5734 0.3636 0.7786 0.1393 -0.6111 0.0276 0.7137 -0.1777 -0.676 -0.0462 0.7831 0.3989 -0.4747 0.0481 0.8671 -0.0597 0.4945 4.0E-4 0.6611 0.2764 -0.6569 0.2347 0.6282 -0.2693 -0.697 -0.2168 0.9282 -0.0649 0.3511 0.1049
0.1505 -0.581 -0.0931 -0.7944 0.3147 -0.697 -0.1231 -0.6325 0.6844 0.2656 -0.5734 0.3636 0.7838 0.1639 -0.599 0.0087 0.7137 -0.1777 -0.676 -0.0462 0.7831 0.3989 -0.4747 0.0481 0.8671 -0.0597 0.4945 4.0E-4 0.6611 0.2764 -0.6569 0.2347 0.6323 -0.2563 -0.699 -0.2142 0.9282 -0.0649 0.3511 0.1049
0.1505 -0.581 -0.0931 -0.7944 0.3147 -0.697 -0.1231 -0.6325 0.6844 0.2656 -0.5734 0.3636 0.7838 0.1639 -0.599 0.0087 0.7158 -0.1207 -0.6876 0.0178 0.7831 0.3989 -0.4747 0.0481 0.8671 -0.0597 0.4945 4.0E-4 0.6611 0.2764 -0.6569 0.2347 0.6323 -0.2563 -0.699 -0.2142 0.9282 -0.0649 0.3511 0.1049
0.1505 -0.581 -0.0931 -0.7944 0.3147 -0.697 -0.1231 -0.6325 0.6844 0.2656 -0.5734 0.3636 0.7838 0.1639 -0.599 0.0087 0.7158 -0.1207 -0.6876 0.0178 0.7831 0.3989 -0.4747 0.0481 0.9261 -0.0598 0.3724 -0.0038 0.6611 0.2764 -0.6569 0.2347 0.6323 -0.2563 -0.699 -0.2142 0.9282 -0.0649 0.3511 0.1049
0.1505 -0.581 -0.0931 -0.7944 0.3147 -0.697 -0.1231 -0.6325 0.6844 0.2656 -0.5734 0.3636 0.7838 0.1639 -0.599 0.0087 0.7158 -0.1207 -0.6876 0.0178 0.7831 0.3989 -0.4747 0.0481 0.9261 -0.0598 0.3724 -0.0038 0.6368 0.254 -0.6856 0.2447 0.6323 -0.2563 -0.699 -0.2142 0.9282 -0.0649 0.3511 0.1049
0.1505 -0.581 -0.0931 -0.7944 0.3147 -0.697 -0.1231 -0.6325 0.6965 0.2447 -0.5732 0.3555 0.7838 0.1639 -0.599 0.0087 0.7158 -0.1207 -0.6876 0.0178 0.7831 0.3989 -0.4747 0.0481 0.9261 -0.0598 0.3724 -0.0038 0.6368 0.254 -0.6856 0.2447 0.6323 -0.2563 -0.699 -0.2142 0.9282 -0.0649 0.3511 0.1049
0.1505 -0.581 -0.0931 -0.7944 0.3147 -0.697 -0.1231 -0.6325 0.6965 0.2447 -0.5732 0.3555 0.7838 0.1639 -0.599 0.0087 0.7158 -0.1207 -0.6876 0.0178 0.7831 0.3989 -0.4747 0.0481 0.9261 -0.0598 0.3724 -0.0038 0.6368 0.254 -0.6856 0.2447 0.6323 -0.2563 -0.699 -0.2142 0.9282 -0.0649 0.3511 0.1049
0.1442 -0.5841 -0.0864 -0.7941 0.3147 -0.697 -0.1231 -0.6325 0.6965 0.2447 -0.5732 0.3555 0.7838 0.1639 -0.599 0.0087 0.7158 -0.1207 -0.6876 0.0178 0.7831 0.3989 -0.4747 0.0481 0.9261 -0.0598 0.3724 -0.0038 0.6368 0.254 -0.6856 0.2447 0.6323 -0.2563 -0.699 -0.2142 0.9282 -0.0649 0.3511 0.1049
0.1442 -0.5841 -0.0864 -0.7941 0.3147 -0.697 -0.1231 -0.6325 0.6965 0.2447 -0.5732 0.3555 0.7838 0.1639 -0.599 0.0087 0.7158 -0.1207 -0.6876 0.0178 0.7831 0.3989 -0.4747 0.0481 0.9261 -0.0598 0.3724 -0.0038 0.6368 0.254 -0.6856 0.2447 0.6345 -0.258 -0.6959 -0.2158 0.9282 -0.0649 0.3511 0.1049
0.1442 -0.5841 -0.0864 -0.7941 0.3147 -0.697 -0.1231 -0.6325 0.6965 0.2447 -0.5732 0.3555 0.7838 0.1639 -0.599 0.0087 0.7158 -0.1207 -0.6876 0.0178 0.7831 0.3989 -0.4747 0.0481 0.9261 -0.0598 0.3724 -0.0038 0.6368 0.254 -0.6856 0.2447 0.6345 -0.258 -0.6959 -0.2158 0.9282 -0.0649 0.3511 0.1049
0.1442 -0.5841 -0.0864 -0.7941 0.3147 -0.697 -0.1231 -0.6325 0.6965 0.2447 -0.5732 0.3555 0.7813 0.1642 -0.6014 -0.0302 0.7053 -0.083 -0.704 0.0074 0.7831 0.3989 -0.4747 0.0481 0.962 -0.081 0.2557 0.0509 0.6368 0.254 -0.6856 0.2447 0.6345 -0.258 -0.6959 -0.2158 0.9288 -0.0688 0.3492 0.1031
0.1442 -0.5841 -0.0864 -0.7941 0.3147 -0.697 -0.1231 -0.6325 0.6965 0.2447 -0.5732 0.3555 0.7813 0.1642 -0.6014 -0.0302 0.7053 -0.083 -0.704 0.0074 0.7831 0.3989 -0.4747 0.0481 0.962 -0.081 0.2557 0.0509 0.6078 0.2449 -0.7045 0.2725 0.6345 -0.258 -0.6959 -0.2158 0.9288 -0.0688 0.3492 0.1031
0.1442 -0.5841 -0.0864 -0.7941 0.3147 -0.697 -0.1231 -0.6325 0.699 0.2485 -0.5694 0.354 0.7813 0.1642 -0.6014 -0.0302 0.7053 -0.083 -0.704 0.0074 0.7831 0.3989 -0.4747 0.0481 0.962 -0.081 0.2557 0.0509 0.6078 0.2449 -0.7045 0.2725 0.6345 -0.258 -0.6959 -0.2158 0.9288 -0.0688 0.3492 0.1031
0.1442 -0.5841 -0.0864 -0.7941 0.3147 -0.697 -0.1231 -0.6325 0.699 0.2485 -0.5694 0.354 0.7813 0.1642 -0.6014 -0.0302 0.7053 -0.083 -0.704 0.0074 0.7831 0.3989 -0.4747 0.0481 0.962 -0.081 0.2557 0.0509 0.6078 0.2449 -0.7045 0.2725 0.6345 -0.258 -0.6959 -0.2158 0.9288 -0.0688 0.3492 0.1031
0.1442 -0.5841 -0.0864 -0.7941 0.3147 -0.697 -0.1231 -0.6325 0.699 0.2485 -0.5694 0.354 0.7813 0.1642 -0.6014 -0.0302 0.7053 -0.083 -0.704 0.0074 0.7831 0.3989 -0.4747 0.0481 0.962 -0.081 0.2557 0.0509 0.6078 0.2449 -0.7045 0.2725 0.6345 -0.258 -0.6959 -0.2158 0.9288 -0.0688 0.3492 0.1031
0.1442 -0.5841 -0.0864 -0.7941 0.3147 -0.697 -0.1231 -0.6325 0.699 0.2485 -0.5694 0.354 0.7813 0.1642 -0.6014 -0.0302 0.7053 -0.083 -0.704 0.0074 0.7831 0.3989 -0.4747 0.0481 0.962 -0.081 0.2557 0.0509 0.6078 0.2449 -0.7045 0.2725 0.6345 -0.258 -0.6959 -0.2158 0.9288 -0.0688 0.3492 0.1031
0.1464 -0.5801 -0.0864 -0.7966 0.3147 -0.697 -0.1231 -0.6325 0.699 0.2485 -0.5694 0.354 0.7813 0.1703 -0.6003 -0.019 0.6941 -0.084 -0.715 -0.0031 0.7831 0.3989 -0.4747 0.0481 0.962 -0.081 0.2557 0.0509 0.6078 0.2449 -0.7045 0.2725 0.6588 -0.2741 -0.6719 -0.1984 0.9273 -0.0712 0.3527 0.103
0.1464 -0.5801 -0.0864 -0.7966 0.3147 -0.697 -0.1231 -0.6325 0.699 0.2485 -0.5694 0.354 0.7813 0.1703 -0.6003 -0.019 0.6941 -0.084 -0.715 -0.0031 0.7831 0.3989 -0.4747 0.0481 0.962 -0.081 0.2557 0.0509 0.6078 0.2449 -0.7045 0.2725 0.6588 -0.2741 -0.6719 -0.1984 0.9273 -0.0712 0.3527 0.103
0.1464 -0.5801 -0.0864 -0.7966 0.3147 -0.697 -0.1231 -0.6325 0.699 0.2485 -0.5694 0.354 0.7813 0.1703 -0.6003 -0.019 0.6941 -0.084 -0.715 -0.0031 0.7831 0.3989 -0.4747 0.0481 0.962 -0.081 0.2557 0.0509 0.6046 0.2379 -0.7073 0.2786 0.6588 -0.2741 -0.6719 -0.1984 0.9273 -0.0712 0.3527 0.103
0.1464 -0.5801 -0.0864 -0.7966 0.3147 -0.697 -0.1231 -0.6325 0.6887 0.2682 -0.5692 0.3602 0.7813 0.1703 -0.6003 -0.019 0.6941 -0.084 -0.715 -0.0031 0.7831 0.3989 -0.4747 0.0481 0.962 -0.081 0.2557 0.0509 0.6046 0.2379 -0.7073 0.2786 0.6588 -0.2741 -0.6719 -0.1984 0.9273 -0.0712 0.3527 0.103
0.1464 -0.5801 -0.0864 -0.7966 0.3147 -0.697 -0.1231 -0.6325 0.6887 0.2682 -0.5692 0.3602 0.7813 0.1703 -0.6003 -0.019 0.6941 -0.084 -0.715 -0.0031 0.6925 0.2139 -0.6452 0.2417 0.962 -0.081 0.2557 0.0509 0.6046 0.2379 -0.7073 0.2786 0.6588 -0.2741 -0.6719 -0.1984 0.9273 -0.0712 0.3527 0.103
0.1464 -0.5801 -0.0864 -0.7966 0.3147 -0.697 -0.1231 -0.6325 0.6887 0.2682 -0.5692 0.3602 0.7813 0.1703 -0.6003 -0.019 0.6941 -0.084 -0.715 -0.0031 0.6925 0.2139 -0.6452 0.2417 0.962 -0.081 0.2557 0.0509 0.6046 0.2379 -0.7073 0.2786 0.6588 -0.2741 -0.6719 -0.1984 0.9273 -0.0712 0.3527 0.103
0.1464 -0.5801 -0.0864 -0.7966 0.3147 -0.697 -0.1231 -0.6325 0.6887 0.2682 -0.5692 0.3602 0.7813 0.1703 -0.6003 -0.019 0.6941 -0.084 -0.715 -0.0031 0.6925 0.2139 -0.6452 0.2417 0.962 -0.081 0.2557 0.0509 0.6046 0.2379 -0.7073 0.2786 0.6588 -0.2741 -0.6719 -0.1984 0.9273 -0.0712 0.3527 0.103
0.1464 -0.5801 -0.0864 -0.7966 0.3147 -0.697 -0.1231 -0.6325 0.6887 0.2682 -0.5692 0.3602 0.7813 0.1703 -0.6003 -0.019 0.6941 -0.084 -0.715 -0.0031 0.6925 0.2139 -0.6452 0.2417 0.962 -0.081 0.2557 0.0509 0.6046 0.2379 -0.7073 0.2786 0.6588 -0.2741 -0.6719 -0.1984 0.9273 -0.0712 0.3527 0.103
0.1464 -0.5801 -0.0864 -0.7966 0.3147 -0.697 -0.1231 -0.6325 0.6887 0.2682 -0.5692 0.3602 0.7813 0.1703 -0.6003 -0.019 0.6941 -0.084 -0.715 -0.0031 0.6925 0.2139 -0.6452 0.2417 0.962 -0.081 0.2557 0.0509 0.6046 0.2379 -0.7073 0.2786 0.6588 -0.2741 -0.6719 -0.1984 0.9273 -0.0712 0.3527 0.103
0.1484 -0.5782 -0.0728 -0.799 0.3147 -0.697 -0.1231 -0.6325 0.6887 0.2682 -0.5692 0.3602 0.7767 0.1634 -0.6083 0.0028 0.6714 -0.1047 -0.732 -0.0491 0.6925 0.2139 -0.6452 0.2417 0.94 -0.0891 0.3275 0.0349 0.6585 0.2461 -0.6545 0.2782 0.7114 -0.3062 -0.6164 -0.1423 0.91 -0.0822 0.3948 0.0966
0.1484 -0.5782 -0.0728 -0.799 0.3147 -0.697 -0.1231 -0.6325 0.6783 0.2851 -0.5735 0.3599 0.7767 0.1634 -0.6083 0.0028 0.6714 -0.1047 -0.732 -0.0491 0.6925 0.2139 -0.6452 0.2417 0.94 -0.0891 0.3275 0.0349 0.6585 0.2461 -0.6545 0.2782 0.7114 -0.3062 -0.6164 -0.1423 0.91 -0.0822 0.3948 0.0966
0.1484 -0.5782 -0.0728 -0.799 0.3147 -0.697 -0.1231 -0.6325 0.6783 0.2851 -0.5735 0.3599 0.7767 0.1634 -0.6083 0.0028 0.6714 -0.1047 -0.732 -0.0491 0.6925 0.2139 -0.6452 0.2417 0.94 -0.0891 0.3275 0.0349 0.6585 0.2461 -0.6545 0.2782 0.7114 -0.3062 -0.6164 -0.1423 0.91 -0.0822 0.3948 0.0966
0.1484 -0.5782 -0.0728 -0.799 0.2717 -0.702 -0.0749 -0.654 0.6783 0.2851 -0.5735 0.3599 0.7767 0.1634 -0.6083 0.0028 0.6714 -0.1047 -0.732 -0.0491 0.6962 0.248 -0.6384 0.215 0.94 -0.0891 0.3275 0.0349 0.6585 0.2461 -0.6545 0.2782 0.7114 -0.3062 -0.6164 -0.1423 0.91 -0.0822 0.3948 0.0966
0.166 -0.5688 -0.069 -0.8026 0.2717 -0.702 -0.0749 -0.654 0.6783 0.2851 -0.5735 0.3599 0.7673 0.1691 -0.6185 0.0115 0.6714 -0.1047 -0.732 -0.0491 0.6962 0.248 -0.6384 0.215 0.94 -0.0891 0.3275 0.0349 0.6585 0.2461 -0.6545 0.2782 0.746 -0.3784 -0.5422 -0.0797 0.91 -0.0822 0.3948 0.0966
0.166 -0.5688 -0.069 -0.8026 0.2717 -0.702 -0.0749 -0.654 0.6783 0.2851 -0.5735 0.3599 0.7673 0.1691 -0.6185 0.0115 0.6603 -0.0912 -0.7414 -0.078 0.6962 0.248 -0.6384 0.215 0.94 -0.0891 0.3275 0.0349 0.6585 0.2461 -0.6545 0.2782 0.746 -0.3784 -0.5422 -0.0797 0.91 -0.0822 0.3948 0.0966
0.166 -0.5688 -0.069 -0.8026 0.2717 -0.702 -0.0749 -0.654 0.6783 0.2851 -0.5735 0.3599 0.7673 0.1691 -0.6185 0.0115 0.6603 -0.0912 -0.7414 -0.078 0.6962 0.248 -0.6384 0.215 0.9423 -0.0768 0.3224 0.0477 0.6585 0.2461 -0.6545 0.2782 0.746 -0.3784 -0.5422 -0.0797 0.91 -0.0822 0.3948 0.0966
0.166 -0.5688 -0.069 -0.8026 0.2717 -0.702 -0.0749 -0.654 0.6783 0.2851 -0.5735 0.3599 0.7673 0.1691 -0.6185 0.0115 0.6603 -0.0912 -0.7414 -0.078 0.6962 0.248 -0.6384 0.215 0.9423 -0.0768 0.3224 0.0477 0.7136 0.2858 -0.5808 0.2679 0.746 -0.3784 -0.5422 -0.0797 0.91 -0.0822 0.3948 0.0966
0.166 -0.5688 -0.069 -0.8026 0.2717 -0.702 -0.0749 -0.654 0.6752 0.2928 -0.5772 0.3537 0.7673 0.1691 -0.6185 0.0115 0.6603 -0.0912 -0.7414 -0.078 0.6962 0.248 -0.6384 0.215 0.9423 -0.0768 0.3224 0.0477 0.7136 0.2858 -0.5808 0.2679 0.746 -0.3784 -0.5422 -0.0797 0.91 -0.0822 0.3948 0.0966
0.166 -0.5688 -0.069 -0.8026 0.2717 -0.702 -0.0749 -0.654 0.6752 0.2928 -0.5772 0.3537 0.7673 0.1691 -0.6185 0.0115 0.6603 -0.0912 -0.7414 -0.078 0.7026 0.253 -0.6398 0.1815 0.9423 -0.0768 0.3224 0.0477 0.7136 0.2858 -0.5808 0.2679 0.746 -0.3784 -0.5422 -0.0797 0.91 -0.0822 0.3948 0.0966
0.166 -0.5688 -0.069 -0.8026 0.3102 -0.6925 -0.0778 -0.6466 0.6752 0.2928 -0.5772 0.3537 0.7673 0.1691 -0.6185 0.0115 0.6603 -0.0912 -0.7414 -0.078 0.7026 0.253 -0.6398 0.1815 0.9423 -0.0768 0.3224 0.0477 0.7136 0.2858 -0.5808 0.2679 0.746 -0.3784 -0.5422 -0.0797 0.91 -0.0822 0.3948 0.0966
0.1965 -0.5508 -0.0688 -0.8083 0.3102 -0.6925 -0.0778 -0.6466 0.6752 0.2928 -0.5772 0.3537 0.7673 0.1691 -0.6185 0.0115 0.6603 -0.0912 -0.7414 -0.078 0.7026 0.253 -0.6398 0.1815 0.9423 -0.0768 0.3224 0.0477 0.7136 0.2858 -0.5808 0.2679 0.7692 -0.4058 -0.4896 -0.062 0.91 -0.0822 0.3948 0.0966
0.1965 -0.5508 -0.0688 -0.8083 0.3102 -0.6925 -0.0778 -0.6466 0.6752 0.2928 -0.5772 0.3537 0.7673 0.1691 -0.6185 0.0115 0.6457 -0.0867 -0.7511 -0.107 0.7026 0.253 -0.6398 0.1815 0.9423 -0.0768 0.3224 0.0477 0.7136 0.2858 -0.5808 0.2679 0.7692 -0.4058 -0.4896 -0.062 0.91 -0.0822 0.3948 0.0966
0.1965 -0.5508 -0.0688 -0.8083 0.3102 -0.6925 -0.0778 -0.6466 0.6752 0.2928 -0.5772 0.3537 0.7673 0.1691 -0.6185 0.0115 0.6457 -0.0867 -0.7511 -0.107 0.7026 0.253 -0.6398 0.1815 0.9434 -0.0734 0.3193 0.0513 0.7136 0.2858 -0.5808 0.2679 0.7692 -0.4058 -0.4896 -0.062 0.91 -0.0822 0.3948 0.0966
0.1965 -0.5508 -0.0688 -0.8083 0.3102 -0.6925 -0.0778 -0.6466 0.6752 0.2928 -0.5772 0.3537 0.7673 0.1691 -0.6185 0.0115 0.6457 -0.0867 -0.7511 -0.107 0.7026 0.253 -0.6398 0.1815 0.9434 -0.0734 0.3193 0.0513 0.7551 0.2689 -0.559 0.2123 0.7692 -0.4058 -0.4896 -0.062 0.91 -0.0822 0.3948 0.0966
0.1965 -0.5508 -0.0688 -0.8083 0.3102 -0.6925 -0.0778 -0.6466 0.6533 0.3177 -0.5795 0.3694 0.7673 0.1691 -0.6185 0.0115 0.6457 -0.0867 -0.7511 -0.107 0.7026 0.253 -0.6398 0.1815 0.9434 -0.0734 0.3193 0.0513 0.7551 0.2689 -0.559 0.2123 0.7692 -0.4058 -0.4896 -0.062 0.91 -0.0822 0.3948 0.0966
0.1965 -0.5508 -0.0688 -0.8083 0.3102 -0.6925 -0.0778 -0.6466 0.6533 0.3177 -0.5795 0.3694 0.7673 0.1691 -0.6185 0.0115 0.6457 -0.0867 -0.7511 -0.107 0.7026 0.253 -0.6398 0.1815 0.9434 -0.0734 0.3193 0.0513 0.7551 0.2689 -0.559 0.2123 0.7692 -0.4058 -0.4896 -0.062 0.91 -0.0822 0.3948 0.0966
0.1965 -0.5508 -0.0688 -0.8083 0.3282 -0.687 -0.0699 -0.6446 0.6533 0.3177 -0.5795 0.3694 0.7673 0.1691 -0.6185 0.0115 0.6457 -0.0867 -0.7511 -0.107 0.7132 0.2742 -0.6245 0.1617 0.9434 -0.0734 0.3193 0.0513 0.7551 0.2689 -0.559 0.2123 0.7692 -0.4058 -0.4896 -0.062 0.91 -0.0822 0.3948 0.0966
0.2236 -0.5422 -0.0807 -0.8059 0.3282 -0.687 -0.0699 -0.6446 0.6533 0.3177 -0.5795 0.3694 0.739 0.2179 -0.6376 0.006 0.6457 -0.0867 -0.7511 -0.107 0.7132 0.2742 -0.6245 0.1617 0.9434 -0.0734 0.3193 0.0513 0.7551 0.2689 -0.559 0.2123 0.778 -0.3022 -0.5423 -0.0964 0.91 -0.0822 0.3948 0.0966
0.2236 -0.5422 -0.0807 -0.8059 0.3282 -0.687 -0.0699 -0.6446 0.6533 0.3177 -0.5795 0.3694 0.739 0.2179 -0.6376 0.006 0.6392 -0.0779 -0.7563 -0.1152 0.7132 0.2742 -0.6245 0.1617 0.9434 -0.0734 0.3193 0.0513 0.7551 0.2689 -0.559 0.2123 0.778 -0.3022 -0.5423 -0.0964 0.91 -0.0822 0.3948 0.0966
0.2236 -0.5422 -0.0807 -0.8059 0.3282 -0.687 -0.0699 -0.6446 0.6533 0.3177 -0.5795 0.3694 0.739 0.2179 -0.6376 0.006 0.6392 -0.0779 -0.7563 -0.1152 0.7132 0.2742 -0.6245 0.1617 0.9415 -0.076 0.3247 0.0482 0.7551 0.2689 -0.559 0.2123 0.778 -0.3022 -0.5423 -0.0964 0.91 -0.0822 0.3948 0.0966
0.2236 -0.5422 -0.0807 -0.8059 0.3282 -0.687 -0.0699 -0.6446 0.6533 0.3177 -0.5795 0.3694 0.739 0.2179 -0.6376 0.006 0.6392 -0.0779 -0.7563 -0.1152 0.7132 0.2742 -0.6245 0.1617 0.9415 -0.076 0.3247 0.0482 0.7997 0.205 -0.5494 0.1291 0.778 -0.3022 -0.5423 -0.0964 0.91 -0.0822 0.3948 0.0966
0.2236 -0.5422 -0.0807 -0.8059 0.3282 -0.687 -0.0699 -0.6446 0.6347 0.3264 -0.5868 0.3826 0.739 0.2179 -0.6376 0.006 0.6392 -0.0779 -0.7563 -0.1152 0.7132 0.2742 -0.6245 0.1617 0.9415 -0.076 0.3247 0.0482 0.7997 0.205 -0.5494 0.1291 0.778 -0.3022 -0.5423 -0.0964 0.91 -0.0822 0.3948 0.0966
0.2236 -0.5422 -0.0807 -0.8059 0.3282 -0.687 -0.0699 -0.6446 0.6347 0.3264 -0.5868 0.3826 0.739 0.2179 -0.6376 0.006 0.6392 -0.0779 -0.7563 -0.1152 0.7238 0.2885 -0.6079 0.1525 0.9415 -0.076 0.3247 0.0482 0.7997 0.205 -0.5494 0.1291 0.778 -0.3022 -0.5423 -0.0964 0.91 -0.0822 0.3948 0.0966
0.2236 -0.5422 -0.0807 -0.8059 0.3282 -0.687 -0.0699 -0.6446 0.6347 0.3264 -0.5868 0.3826 0.739 0.2179 -0.6376 0.006 0.6392 -0.0779 -0.7563 -0.1152 0.7238 0.2885 -0.6079 0.1525 0.9415 -0.076 0.3247 0.0482 0.7997 0.205 -0.5494 0.1291 0.778 -0.3022 -0.5423 -0.0964 0.91 -0.0822 0.3948 0.0966
0.2236 -0.5422 -0.0807 -0.8059 0.3282 -0.687 -0.0699 -0.6446 0.6347 0.3264 -0.5868 0.3826 0.739 0.2179 -0.6376 0.006 0.6392 -0.0779 -0.7563 -0.1152 0.7238 0.2885 -0.6079 0.1525 0.9415 -0.076 0.3247 0.0482 0.7997 0.205 -0.5494 0.1291 0.778 -0.3022 -0.5423 -0.0964 0.91 -0.0822 0.3948 0.0966
0.2236 -0.5422 -0.0807 -0.8059 0.3282 -0.687 -0.0699 -0.6446 0.6347 0.3264 -0.5868 0.3826 0.739 0.2179 -0.6376 0.006 0.6392 -0.0779 -0.7563 -0.1152 0.7238 0.2885 -0.6079 0.1525 0.9415 -0.076 0.3247 0.0482 0.7997 0.205 -0.5494 0.1291 0.778 -0.3022 -0.5423 -0.0964 0.91 -0.0822 0.3948 0.0966
0.2236 -0.5422 -0.0807 -0.8059 0.3282 -0.687 -0.0699 -0.6446 0.6347 0.3264 -0.5868 0.3826 0.7328 0.2173 -0.6442 0.0268 0.6313 -0.0577 -0.7632 -0.1252 0.7238 0.2885 -0.6079 0.1525 0.9415 -0.076 0.3247 0.0482 0.7892 0.2397 -0.5474 0.1415 0.778 -0.3022 -0.5423 -0.0964 0.9105 -0.0752 0.3814 0.1406
0.2236 -0.5422 -0.0807 -0.8059 0.3282 -0.687 -0.0699 -0.6446 0.6347 0.3264 -0.5868 0.3826 0.7328 0.2173 -0.6442 0.0268 0.6313 -0.0577 -0.7632 -0.1252 0.7238 0.2885 -0.6079 0.1525 0.9415 -0.076 0.3247 0.0482 0.7892 0.2397 -0.5474 0.1415 0.778 -0.3022 -0.5423 -0.0964 0.9105 -0.0752 0.3814 0.1406
0.2236 -0.5422 -0.0807 -0.8059 0.3282 -0.687 -0.0699 -0.6446 0.6165 0.3386 -0.5907 0.3954 0.7328 0.2173 -0.6442 0.0268 0.6313 -0.0577 -0.7632 -0.1252 0.7238 0.2885 -0.6079 0.1525 0.9415 -0.076 0.3247 0.0482 0.7892 0.2397 -0.5474 0.1415 0.778 -0.3022 -0.5423 -0.0964 0.9105 -0.0752 0.3814 0.1406
0.2236 -0.5422 -0.0807 -0.8059 0.3282 -0.687 -0.0699 -0.6446 0.6165 0.3386 -0.5907 0.3954 0.7328 0.2173 -0.6442 0.0268 0.6313 -0.0577 -0.7632 -0.1252 0.7238 0.2885 -0.6079 0.1525 0.9415 -0.076 0.3247 0.0482 0.7892 0.2397 -0.5474 0.1415 0.778 -0.3022 -0.5423 -0.0964 0.9105 -0.0752 0.3814 0.1406
0.239 -0.5413 -0.1202 -0.7972 0.3282 -0.687 -0.0699 -0.6446 0.6165 0.3386 -0.5907 0.3954 0.7328 0.2173 -0.6442 0.0268 0.6313 -0.0577 -0.7632 -0.1252 0.7238 0.2885 -0.6079 0.1525 0.9415 -0.076 0.3247 0.0482 0.7892 0.2397 -0.5474 0.1415 0.778 -0.3022 -0.5423 -0.0964 0.9105 -0.0752 0.3814 0.1406
0.239 -0.5413 -0.1202 -0.7972 0.3282 -0.687 -0.0699 -0.6446 0.6165 0.3386 -0.5907 0.3954 0.7328 0.2173 -0.6442 0.0268 0.6313 -0.0577 -0.7632 -0.1252 0.7238 0.2885 -0.6079 0.1525 0.9415 -0.076 0.3247 0.0482 0.7892 0.2397 -0.5474 0.1415 0.5889 -0.2103 -0.7173 -0.3074 0.9105 -0.0752 0.3814 0.1406
0.239 -0.5413 -0.1202 -0.7972 0.3282 -0.687 -0.0699 -0.6446 0.6165 0.3386 -0.5907 0.3954 0.7328 0.2173 -0.6442 0.0268 0.6254 -0.0364 -0.7682 -0.1321 0.7238 0.2885 -0.6079 0.1525 0.9415 -0.076 0.3247 0.0482 0.7892 0.2397 -0.5474 0.1415 0.5889 -0.2103 -0.7173 -0.3074 0.9105 -0.0752 0.3814 0.1406
0.239 -0.5413 -0.1202 -0.7972 0.3282 -0.687 -0.0699 -0.6446 0.6165 0.3386 -0.5907 0.3954 0.7328 0.2173 -0.6442 0.0268 0.6254 -0.0364 -0.7682 -0.1321 0.7238 0.2885 -0.6079 0.1525 0.9368 -0.0782 0.3373 0.0512 0.7892 0.2397 -0.5474 0.1415 0.5889 -0.2103 -0.7173 -0.3074 0.9105 -0.0752 0.3814 0.1406
0.239 -0.5413 -0.1202 -0.7972 0.3282 -0.687 -0.0699 -0.6446 0.6165 0.3386 -0.5907 0.3954 0.7328 0.2173 -0.6442 0.0268 0.6254 -0.0364 -0.7682 -0.1321 0.7238 0.2885 -0.6079 0.1525 0.9368 -0.0782 0.3373 0.0512 0.7603 0.241 -0.5861 0.1425 0.5889 -0.2103 -0.7173 -0.3074 0.9105 -0.0752 0.3814 0.1406
0.239 -0.5413 -0.1202 -0.7972 0.3282 -0.687 -0.0699 -0.6446 0.6205 0.3171 -0.5986 0.3951 0.7328 0.2173 -0.6442 0.0268 0.6254 -0.0364 -0.7682 -0.1321 0.7238 0.2885 -0.6079 0.1525 0.9368 -0.0782 0.3373 0.0512 0.7603 0.241 -0.5861 0.1425 0.5889 -0.2103 -0.7173 -0.3074 0.9105 -0.0752 0.3814 0.1406
0.239 -0.5413 -0.1202 -0.7972 0.3282 -0.687 -0.0699 -0.6446 0.6205 0.3171 -0.5986 0.3951 0.7328 0.2173 -0.6442 0.0268 0.6254 -0.0364 -0.7682 -0.1321 0.7238 0.2885 -0.6079 0.1525 0.9368 -0.0782 0.3373 0.0512 0.7603 0.241 -0.5861 0.1425 0.5889 -0.2103 -0.7173 -0.3074 0.9105 -0.0752 0.3814 0.1406
0.2394 -0.5485 -0.1235 -0.7916 0.3282 -0.687 -0.0699 -0.6446 0.6205 0.3171 -0.5986 0.3951 0.7328 0.2173 -0.6442 0.0268 0.6254 -0.0364 -0.7682 -0.1321 0.7524 0.3239 -0.5589 0.1284 0.9368 -0.0782 0.3373 0.0512 0.7603 0.241 -0.5861 0.1425 0.5889 -0.2103 -0.7173 -0.3074 0.9105 -0.0752 0.3814 0.1406
0.2394 -0.5485 -0.1235 -0.7916 0.3282 -0.687 -0.0699 -0.6446 0.6205 0.3171 -0.5986 0.3951 0.7328 0.2173 -0.6442 0.0268 0.6254 -0.0364 -0.7682 -0.1321 0.7524 0.3239 -0.5589 0.1284 0.9368 -0.0782 0.3373 0.0512 0.7603 0.241 -0.5861 0.1425 0.5915 -0.2122 -0.7269 -0.2769 0.9105 -0.0752 0.3814 0.1406
0.2394 -0.5485 -0.1235 -0.7916 0.3282 -0.687 -0.0699 -0.6446 0.6205 0.3171 -0.5986 0.3951 0.7328 0.2173 -0.6442 0.0268 0.6264 -0.0191 -0.7691 -0.1255 0.7524 0.3239 -0.5589 0.1284 0.9368 -0.0782 0.3373 0.0512 0.7603 0.241 -0.5861 0.1425 0.5915 -0.2122 -0.7269 -0.2769 0.9105 -0.0752 0.3814 0.1406
0.2394 -0.5485 -0.1235 -0.7916 0.3282 -0.687 -0.0699 -0.6446 0.6205 0.3171 -0.5986 0.3951 0.7328 0.2173 -0.6442 0.0268 0.6264 -0.0191 -0.7691 -0.1255 0.7524 0.3239 -0.5589 0.1284 0.9243 -0.0674 0.3691 0.0703 0.7603 0.241 -0.5861 0.1425 0.5915 -0.2122 -0.7269 -0.2769 0.9105 -0.0752 0.3814 0.1406
0.2394 -0.5485 -0.1235 -0.7916 0.3282 -0.687 -0.0699 -0.6446 0.6205 0.3171 -0.5986 0.3951 0.7328 0.2173 -0.6442 0.0268 0.6264 -0.0191 -0.7691 -0.1255 0.7524 0.3239 -0.5589 0.1284 0.9243 -0.0674 0.3691 0.0703 0.7446 0.2547 -0.5999 0.1445 0.5915 -0.2122 -0.7269 -0.2769 0.9105 -0.0752 0.3814 0.1406
0.2394 -0.5485 -0.1235 -0.7916 0.3282 -0.687 -0.0699 -0.6446 0.6254 0.3162 -0.5873 0.4047 0.7328 0.2173 -0.6442 0.0268 0.6264 -0.0191 -0.7691 -0.1255 0.7524 0.3239 -0.5589 0.1284 0.9243 -0.0674 0.3691 0.0703 0.7446 0.2547 -0.5999 0.1445 0.5915 -0.2122 -0.7269 -0.2769 0.9105 -0.0752 0.3814 0.1406
0.2394 -0.5485 -0.1235 -0.7916 0.3282 -0.687 -0.0699 -0.6446 0.6254 0.3162 -0.5873 0.4047 0.7328 0.2173 -0.6442 0.0268 0.6264 -0.0191 -0.7691 -0.1255 0.7524 0.3239 -0.5589 0.1284 0.9243 -0.0674 0.3691 0.0703 0.7446 0.2547 -0.5999 0.1445 0.5915 -0.2122 -0.7269 -0.2769 0.9105 -0.0752 0.3814 0.1406
0.2394 -0.5485 -0.1235 -0.7916 0.3028 -0.6956 -0.122 -0.64 0.6254 0.3162 -0.5873 0.4047 0.7328 0.2173 -0.6442 0.0268 0.6264 -0.0191 -0.7691 -0.1255 0.7766 0.3566 -0.5147 0.0692 0.9243 -0.0674 0.3691 0.0703 0.7446 0.2547 -0.5999 0.1445 0.5915 -0.2122 -0.7269 -0.2769 0.9105 -0.0752 0.3814 0.1406
0.2321 -0.5688 -0.1198 -0.7799 0.3028 -0.6956 -0.122 -0.64 0.6254 0.3162 -0.5873 0.4047 0.7328 0.2173 -0.6442 0.0268 0.6264 -0.0191 -0.7691 -0.1255 0.7766 0.3566 -0.5147 0.0692 0.9243 -0.0674 0.3691 0.0703 0.7446 0.2547 -0.5999 0.1445 0.5915 -0.2122 -0.7269 -0.2769 0.9105 -0.0752 0.3814 0.1406
0.2321 -0.5688 -0.1198 -0.7799 0.3028 -0.6956 -0.122 -0.64 0.6254 0.3162 -0.5873 0.4047 0.7497 0.1542 -0.6396 0.0715 0.666 -0.0726 -0.7329 -0.1187 0.7766 0.3566 -0.5147 0.0692 0.855 -0.0391 0.5098 0.0873 0.7446 0.2547 -0.5999 0.1445 0.5915 -0.2122 -0.7269 -0.2769 0.9332 -0.0465 0.3502 0.0659
0.2321 -0.5688 -0.1198 -0.7799 0.3028 -0.6956 -0.122 -0.64 0.6254 0.3162 -0.5873 0.4047 0.7497 0.1542 -0.6396 0.0715 0.666 -0.0726 -0.7329 -0.1187 0.7766 0.3566 -0.5147 0.0692 0.855 -0.0391 0.5098 0.0873 0.7446 0.2547 -0.5999 0.1445 0.5915 -0.2122 -0.7269 -0.2769 0.9332 -0.0465 0.3502 0.0659
0.2321 -0.5688 -0.1198 -0.7799 0.3028 -0.6956 -0.122 -0.64 0.6254 0.3162 -0.5873 0.4047 0.7497 0.1542 -0.6396 0.0715 0.666 -0.0726 -0.7329 -0.1187 0.7766 0.3566 -0.5147 0.0692 0.855 -0.0391 0.5098 0.0873 0.7446 0.2547 -0.5999 0.1445 0.5915 -0.2122 -0.7269 -0.2769 0.9332 -0.0465 0.3502 0.0659
0.2321 -0.5688 -0.1198 -0.7799 0.3028 -0.6956 -0.122 -0.64 0.6409 0.2941 -0.5862 0.3989 0.7497 0.1542 -0.6396 0.0715 0.666 -0.0726 -0.7329 -0.1187 0.7766 0.3566 -0.5147 0.0692 0.855 -0.0391 0.5098 0.0873 0.7119 0.2739 -0.6209 0.1808 0.5915 -0.2122 -0.7269 -0.2769 0.9332 -0.0465 0.3502 0.0659
0.2321 -0.5688 -0.1198 -0.7799 0.301 -0.716 -0.1052 -0.621 0.6409 0.2941 -0.5862 0.3989 0.7497 0.1542 -0.6396 0.0715 0.666 -0.0726 -0.7329 -0.1187 0.7766 0.3566 -0.5147 0.0692 0.855 -0.0391 0.5098 0.0873 0.7119 0.2739 -0.6209 0.1808 0.5915 -0.2122 -0.7269 -0.2769 0.9332 -0.0465 0.3502 0.0659
0.2321 -0.5688 -0.1198 -0.7799 0.301 -0.716 -0.1052 -0.621 0.6409 0.2941 -0.5862 0.3989 0.7497 0.1542 -0.6396 0.0715 0.666 -0.0726 -0.7329 -0.1187 0.7766 0.3566 -0.5147 0.0692 0.855 -0.0391 0.5098 0.0873 0.7119 0.2739 -0.6209 0.1808 0.5915 -0.2122 -0.7269 -0.2769 0.9332 -0.0465 0.3502 0.0659
0.2321 -0.5688 -0.1198 -0.7799 0.301 -0.716 -0.1052 -0.621 0.6409 0.2941 -0.5862 0.3989 0.7497 0.1542 -0.6396 0.0715 0.666 -0.0726 -0.7329 -0.1187 0.7766 0.3566 -0.5147 0.0692 0.855 -0.0391 0.5098 0.0873 0.7119 0.2739 -0.6209 0.1808 0.5915 -0.2122 -0.7269 -0.2769 0.9332 -0.0465 0.3502 0.0659
0.2321 -0.5688 -0.1198 -0.7799 0.301 -0.716 -0.1052 -0.621 0.6409 0.2941 -0.5862 0.3989 0.7497 0.1542 -0.6396 0.0715 0.666 -0.0726 -0.7329 -0.1187 0.7766 0.3566 -0.5147 0.0692 0.855 -0.0391 0.5098 0.0873 0.7119 0.2739 -0.6209 0.1808 0.5915 -0.2122 -0.7269 -0.2769 0.9332 -0.0465 0.3502 0.0659
0.2117 -0.574 -0.097 -0.785 0.301 -0.716 -0.1052 -0.621 0.6409 0.2941 -0.5862 0.3989 0.7635 0.1447 -0.6276 0.047 0.7025 -0.1401 -0.6929 -0.0828 0.7766 0.3566 -0.5147 0.0692 0.739 -0.0164 0.6715 0.0516 0.7119 0.2739 -0.6209 0.1808 0.5893 -0.3132 -0.6967 -0.2631 0.932 -0.0374 0.3533 0.0716
0.2117 -0.574 -0.097 -0.785 0.301 -0.716 -0.1052 -0.621 0.6409 0.2941 -0.5862 0.3989 0.7635 0.1447 -0.6276 0.047 0.7025 -0.1401 -0.6929 -0.0828 0.7766 0.3566 -0.5147 0.0692 0.739 -0.0164 0.6715 0.0516 0.6987 0.2618 -0.6402 0.1831 0.5893 -0.3132 -0.6967 -0.2631 0.932 -0.0374 0.3533 0.0716
0.2117 -0.574 -0.097 -0.785 0.301 -0.716 -0.1052 -0.621 0.67 0.274 -0.5758 0.3799 0.7635 0.1447 -0.6276 0.047 0.7025 -0.1401 -0.6929 -0.0828 0.7766 0.3566 -0.5147 0.0692 0.739 -0.0164 0.6715 0.0516 0.6987 0.2618 -0.6402 0.1831 0.5893 -0.3132 -0.6967 -0.2631 0.932 -0.0374 0.3533 0.0716
0.2117 -0.574 -0.097 -0.785 0.301 -0.716 -0.1052 -0.621 0.67 0.274 -0.5758 0.3799 0.7635 0.1447 -0.6276 0.047 0.7025 -0.1401 -0.6929 -0.0828 0.7766 0.3566 -0.5147 0.0692 0.739 -0.0164 0.6715 0.0516 0.6987 0.2618 -0.6402 0.1831 0.5893 -0.3132 -0.6967 -0.2631 0.932 -0.0374 0.3533 0.0716
0.2117 -0.574 -0.097 -0.785 0.301 -0.716 -0.1052 -0.621 0.67 0.274 -0.5758 0.3799 0.7635 0.1447 -0.6276 0.047 0.7025 -0.1401 -0.6929 -0.0828 0.7766 0.3566 -0.5147 0.0692 0.739 -0.0164 0.6715 0.0516 0.6987 0.2618 -0.6402 0.1831 0.5893 -0.3132 -0.6967 -0.2631 0.932 -0.0374 0.3533 0.0716
0.1967 -0.5886 -0.0779 -0.7802 0.301 -0.716 -0.1052 -0.621 0.67 0.274 -0.5758 0.3799 0.7635 0.1447 -0.6276 0.047 0.7025 -0.1401 -0.6929 -0.0828 0.7766 0.3566 -0.5147 0.0692 0.739 -0.0164 0.6715 0.0516 0.6987 0.2618 -0.6402 0.1831 0.6057 -0.3086 -0.692 -0.2431 0.932 -0.0374 0.3533 0.0716
0.1967 -0.5886 -0.0779 -0.7802 0.301 -0.716 -0.1052 -0.621 0.67 0.274 -0.5758 0.3799 0.7635 0.1447 -0.6276 0.047 0.7025 -0.1401 -0.6929 -0.0828 0.7766 0.3566 -0.5147 0.0692 0.739 -0.0164 0.6715 0.0516 0.6987 0.2618 -0.6402 0.1831 0.6057 -0.3086 -0.692 -0.2431 0.932 -0.0374 0.3533 0.0716
0.1967 -0.5886 -0.0779 -0.7802 0.301 -0.716 -0.1052 -0.621 0.67 0.274 -0.5758 0.3799 0.7635 0.1447 -0.6276 0.047 0.7025 -0.1401 -0.6929 -0.0828 0.7766 0.3566 -0.5147 0.0692 0.739 -0.0164 0.6715 0.0516 0.6987 0.2618 -0.6402 0.1831 0.6057 -0.3086 -0.692 -0.2431 0.932 -0.0374 0.3533 0.0716
0.1967 -0.5886 -0.0779 -0.7802 0.301 -0.716 -0.1052 -0.621 0.67 0.274 -0.5758 0.3799 0.7635 0.1447 -0.6276 0.047 0.7025 -0.1401 -0.6929 -0.0828 0.7766 0.3566 -0.5147 0.0692 0.7991 -0.048 0.5991 0.0107 0.6606 0.2705 -0.6625 0.2269 0.6057 -0.3086 -0.692 -0.2431 0.932 -0.0374 0.3533 0.0716
0.1967 -0.5886 -0.0779 -0.7802 0.301 -0.716 -0.1052 -0.621 0.6887 0.265 -0.569 0.3629 0.7635 0.1447 -0.6276 0.047 0.7025 -0.1401 -0.6929 -0.0828 0.7766 0.3566 -0.5147 0.0692 0.7991 -0.048 0.5991 0.0107 0.6606 0.2705 -0.6625 0.2269 0.6057 -0.3086 -0.692 -0.2431 0.932 -0.0374 0.3533 0.0716
0.1967 -0.5886 -0.0779 -0.7802 0.301 -0.716 -0.1052 -0.621 0.6887 0.265 -0.569 0.3629 0.7635 0.1447 -0.6276 0.047 0.7025 -0.1401 -0.6929 -0.0828 0.7766 0.3566 -0.5147 0.0692 0.7991 -0.048 0.5991 0.0107 0.6606 0.2705 -0.6625 0.2269 0.6057 -0.3086 -0.692 -0.2431 0.932 -0.0374 0.3533 0.0716
0.1967 -0.5886 -0.0779 -0.7802 0.301 -0.716 -0.1052 -0.621 0.6887 0.265 -0.569 0.3629 0.7635 0.1447 -0.6276 0.047 0.7025 -0.1401 -0.6929 -0.0828 0.7766 0.3566 -0.5147 0.0692 0.7991 -0.048 0.5991 0.0107 0.6606 0.2705 -0.6625 0.2269 0.6057 -0.3086 -0.692 -0.2431 0.932 -0.0374 0.3533 0.0716
0.1687 -0.5927 -0.0661 -0.7848 0.301 -0.716 -0.1052 -0.621 0.6887 0.265 -0.569 0.3629 0.7635 0.1447 -0.6276 0.047 0.7025 -0.1401 -0.6929 -0.0828 0.7766 0.3566 -0.5147 0.0692 0.7991 -0.048 0.5991 0.0107 0.6606 0.2705 -0.6625 0.2269 0.6123 -0.2996 -0.6903 -0.2423 0.932 -0.0374 0.3533 0.0716
0.1687 -0.5927 -0.0661 -0.7848 0.301 -0.716 -0.1052 -0.621 0.6887 0.265 -0.569 0.3629 0.7635 0.1447 -0.6276 0.047 0.7104 -0.1407 -0.6896 -0.0016 0.7766 0.3566 -0.5147 0.0692 0.7991 -0.048 0.5991 0.0107 0.6606 0.2705 -0.6625 0.2269 0.6123 -0.2996 -0.6903 -0.2423 0.932 -0.0374 0.3533 0.0716
0.1687 -0.5927 -0.0661 -0.7848 0.301 -0.716 -0.1052 -0.621 0.6887 0.265 -0.569 0.3629 0.7635 0.1447 -0.6276 0.047 0.7104 -0.1407 -0.6896 -0.0016 0.7766 0.3566 -0.5147 0.0692 0.9128 -0.0505 0.4047 -0.0186 0.6257 0.2465 -0.7006 0.2388 0.6123 -0.2996 -0.6903 -0.2423 0.932 -0.0374 0.3533 0.0716
0.1687 -0.5927 -0.0661 -0.7848 0.301 -0.716 -0.1052 -0.621 0.6926 0.2533 -0.571 0.3608 0.7635 0.1447 -0.6276 0.047 0.7104 -0.1407 -0.6896 -0.0016 0.7766 0.3566 -0.5147 0.0692 0.9128 -0.0505 0.4047 -0.0186 0.6257 0.2465 -0.7006 0.2388 0.6123 -0.2996 -0.6903 -0.2423 0.932 -0.0374 0.3533 0.0716
0.1687 -0.5927 -0.0661 -0.7848 0.301 -0.716 -0.1052 -0.621 0.6926 0.2533 -0.571 0.3608 0.7635 0.1447 -0.6276 0.047 0.7104 -0.1407 -0.6896 -0.0016 0.7766 0.3566 -0.5147 0.0692 0.9128 -0.0505 0.4047 -0.0186 0.6257 0.2465 -0.7006 0.2388 0.6123 -0.2996 -0.6903 -0.2423 0.932 -0.0374 0.3533 0.0716
0.1687 -0.5927 -0.0661 -0.7848 0.301 -0.716 -0.1052 -0.621 0.6926 0.2533 -0.571 0.3608 0.7635 0.1447 -0.6276 0.047 0.7104 -0.1407 -0.6896 -0.0016 0.7766 0.3566 -0.5147 0.0692 0.9128 -0.0505 0.4047 -0.0186 0.6257 0.2465 -0.7006 0.2388 0.6123 -0.2996 -0.6903 -0.2423 0.932 -0.0374 0.3533 0.0716
0.1687 -0.5927 -0.0661 -0.7848 0.301 -0.716 -0.1052 -0.621 0.6926 0.2533 -0.571 0.3608 0.7635 0.1447 -0.6276 0.047 0.7104 -0.1407 -0.6896 -0.0016 0.7766 0.3566 -0.5147 0.0692 0.9128 -0.0505 0.4047 -0.0186 0.6257 0.2465 -0.7006 0.2388 0.6123 -0.2996 -0.6903 -0.2423 0.932 -0.0374 0.3533 0.0716
0.1591 -0.5959 -0.0715 -0.7839 0.301 -0.716 -0.1052 -0.621 0.6926 0.2533 -0.571 0.3608 0.7635 0.1447 -0.6276 0.047 0.7104 -0.1407 -0.6896 -0.0016 0.7766 0.3566 -0.5147 0.0692 0.9128 -0.0505 0.4047 -0.0186 0.6257 0.2465 -0.7006 0.2388 0.6123 -0.2996 -0.6903 -0.2423 0.932 -0.0374 0.3533 0.0716
0.1591 -0.5959 -0.0715 -0.7839 0.301 -0.716 -0.1052 -0.621 0.6926 0.2533 -0.571 0.3608 0.7635 0.1447 -0.6276 0.047 0.7043 -0.0818 -0.705 0.0096 0.7766 0.3566 -0.5147 0.0692 0.9128 -0.0505 0.4047 -0.0186 0.6257 0.2465 -0.7006 0.2388 0.6123 -0.2996 -0.6903 -0.2423 0.932 -0.0374 0.3533 0.0716
0.1591 -0.5959 -0.0715 -0.7839 0.301 -0.716 -0.1052 -0.621 0.6926 0.2533 -0.571 0.3608 0.7635 0.1447 -0.6276 0.047 0.7043 -0.0818 -0.705 0.0096 0.7766 0.3566 -0.5147 0.0692 0.9642 -0.0502 0.2597 0.0153 0.6257 0.2465 -0.7006 0.2388 0.6123 -0.2996 -0.6903 -0.2423 0.932 -0.0374 0.3533 0.0716
0.1591 -0.5959 -0.0715 -0.7839 0.301 -0.716 -0.1052 -0.621 0.6926 0.2533 -0.571 0.3608 0.7635 0.1447 -0.6276 0.047 0.7043 -0.0818 -0.705 0.0096 0.7766 0.3566 -0.5147 0.0692 0.9642 -0.0502 0.2597 0.0153 0.6091 0.2378 -0.7111 0.2584 0.6123 -0.2996 -0.6903 -0.2423 0.932 -0.0374 0.3533 0.0716
0.1591 -0.5959 -0.0715 -0.7839 0.301 -0.716 -0.1052 -0.621 0.6916 0.2529 -0.5744 0.3575 0.7635 0.1447 -0.6276 0.047 0.7043 -0.0818 -0.705 0.0096 0.7766 0.3566 -0.5147 0.0692 0.9642 -0.0502 0.2597 0.0153 0.6091 0.2378 -0.7111 0.2584 0.6123 -0.2996 -0.6903 -0.2423 0.932 -0.0374 0.3533 0.0716
0.1591 -0.5959 -0.0715 -0.7839 0.2489 -0.724 -0.0729 -0.6392 0.6916 0.2529 -0.5744 0.3575 0.7635 0.1447 -0.6276 0.047 0.7043 -0.0818 -0.705 0.0096 0.7766 0.3566 -0.5147 0.0692 0.9642 -0.0502 0.2597 0.0153 0.6091 0.2378 -0.7111 0.2584 0.6123 -0.2996 -0.6903 -0.2423 0.932 -0.0374 0.3533 0.0716
0.1591 -0.5959 -0.0715 -0.7839 0.2489 -0.724 -0.0729 -0.6392 0.6916 0.2529 -0.5744 0.3575 0.7635 0.1447 -0.6276 0.047 0.7043 -0.0818 -0.705 0.0096 0.7766 0.3566 -0.5147 0.0692 0.9642 -0.0502 0.2597 0.0153 0.6091 0.2378 -0.7111 0.2584 0.6123 -0.2996 -0.6903 -0.2423 0.932 -0.0374 0.3533 0.0716
0.1591 -0.5959 -0.0715 -0.7839 0.2489 -0.724 -0.0729 -0.6392 0.6916 0.2529 -0.5744 0.3575 0.7635 0.1447 -0.6276 0.047 0.7043 -0.0818 -0.705 0.0096 0.7766 0.3566 -0.5147 0.0692 0.9642 -0.0502 0.2597 0.0153 0.6091 0.2378 -0.7111 0.2584 0.6123 -0.2996 -0.6903 -0.2423 0.932 -0.0374 0.3533 0.0716
0.1613 -0.5944 -0.0837 -0.7834 0.2489 -0.724 -0.0729 -0.6392 0.6916 0.2529 -0.5744 0.3575 0.7664 0.1605 -0.6216 -0.0224 0.6864 -0.1183 -0.7171 -0.0246 0.7766 0.3566 -0.5147 0.0692 0.9642 -0.0502 0.2597 0.0153 0.6091 0.2378 -0.7111 0.2584 0.6465 -0.3384 -0.6493 -0.214 0.9285 -0.0467 0.3611 0.0731
0.1613 -0.5944 -0.0837 -0.7834 0.2489 -0.724 -0.0729 -0.6392 0.6916 0.2529 -0.5744 0.3575 0.7664 0.1605 -0.6216 -0.0224 0.6864 -0.1183 -0.7171 -0.0246 0.7766 0.3566 -0.5147 0.0692 0.9564 -0.0659 0.2843 0.0145 0.6091 0.2378 -0.7111 0.2584 0.6465 -0.3384 -0.6493 -0.214 0.9285 -0.0467 0.3611 0.0731
0.1613 -0.5944 -0.0837 -0.7834 0.2489 -0.724 -0.0729 -0.6392 0.6916 0.2529 -0.5744 0.3575 0.7664 0.1605 -0.6216 -0.0224 0.6864 -0.1183 -0.7171 -0.0246 0.7766 0.3566 -0.5147 0.0692 0.9564 -0.0659 0.2843 0.0145 0.6061 0.2317 -0.7136 0.264 0.6465 -0.3384 -0.6493 -0.214 0.9285 -0.0467 0.3611 0.0731
0.1613 -0.5944 -0.0837 -0.7834 0.2489 -0.724 -0.0729 -0.6392 0.687 0.2628 -0.5807 0.349 0.7664 0.1605 -0.6216 -0.0224 0.6864 -0.1183 -0.7171 -0.0246 0.7766 0.3566 -0.5147 0.0692 0.9564 -0.0659 0.2843 0.0145 0.6061 0.2317 -0.7136 0.264 0.6465 -0.3384 -0.6493 -0.214 0.9285 -0.0467 0.3611 0.0731
0.1613 -0.5944 -0.0837 -0.7834 0.2489 -0.724 -0.0729 -0.6392 0.687 0.2628 -0.5807 0.349 0.7664 0.1605 -0.6216 -0.0224 0.6864 -0.1183 -0.7171 -0.0246 0.7766 0.3566 -0.5147 0.0692 0.9564 -0.0659 0.2843 0.0145 0.6061 0.2317 -0.7136 0.264 0.6465 -0.3384 -0.6493 -0.214 0.9285 -0.0467 0.3611 0.0731
0.1613 -0.5944 -0.0837 -0.7834 0.2596 -0.7163 -0.089 -0.6415 0.687 0.2628 -0.5807 0.349 0.7664 0.1605 -0.6216 -0.0224 0.6864 -0.1183 -0.7171 -0.0246 0.696 0.2266 -0.6416 0.2294 0.9564 -0.0659 0.2843 0.0145 0.6061 0.2317 -0.7136 0.264 0.6465 -0.3384 -0.6493 -0.214 0.9285 -0.0467 0.3611 0.0731
0.1518 -0.5873 -0.0658 -0.7923 0.2596 -0.7163 -0.089 -0.6415 0.687 0.2628 -0.5807 0.349 0.7664 0.1605 -0.6216 -0.0224 0.6864 -0.1183 -0.7171 -0.0246 0.696 0.2266 -0.6416 0.2294 0.9564 -0.0659 0.2843 0.0145 0.6061 0.2317 -0.7136 0.264 0.6895 -0.3684 -0.6017 -0.1634 0.9285 -0.0467 0.3611 0.0731
0.1518 -0.5873 -0.0658 -0.7923 0.2596 -0.7163 -0.089 -0.6415 0.687 0.2628 -0.5807 0.349 0.7664 0.1605 -0.6216 -0.0224 0.6864 -0.1183 -0.7171 -0.0246 0.696 0.2266 -0.6416 0.2294 0.9564 -0.0659 0.2843 0.0145 0.6061 0.2317 -0.7136 0.264 0.6895 -0.3684 -0.6017 -0.1634 0.9285 -0.0467 0.3611 0.0731
0.1518 -0.5873 -0.0658 -0.7923 0.2596 -0.7163 -0.089 -0.6415 0.687 0.2628 -0.5807 0.349 0.7664 0.1605 -0.6216 -0.0224 0.6702 -0.1135 -0.7322 -0.0422 0.696 0.2266 -0.6416 0.2294 0.9398 -0.0792 0.3321 0.0139 0.6461 0.2419 -0.6744 0.2634 0.6895 -0.3684 -0.6017 -0.1634 0.9285 -0.0467 0.3611 0.0731
0.1518 -0.5873 -0.0658 -0.7923 0.2596 -0.7163 -0.089 -0.6415 0.6677 0.2891 -0.5832 0.3611 0.7664 0.1605 -0.6216 -0.0224 0.6702 -0.1135 -0.7322 -0.0422 0.696 0.2266 -0.6416 0.2294 0.9398 -0.0792 0.3321 0.0139 0.6461 0.2419 -0.6744 0.2634 0.6895 -0.3684 -0.6017 -0.1634 0.9285 -0.0467 0.3611 0.0731
0.1518 -0.5873 -0.0658 -0.7923 0.2596 -0.7163 -0.089 -0.6415 0.6677 0.2891 -0.5832 0.3611 0.7664 0.1605 -0.6216 -0.0224 0.6702 -0.1135 -0.7322 -0.0422 0.696 0.2266 -0.6416 0.2294 0.9398 -0.0792 0.3321 0.0139 0.6461 0.2419 -0.6744 0.2634 0.6895 -0.3684 -0.6017 -0.1634 0.9285 -0.0467 0.3611 0.0731
0.1518 -0.5873 -0.0658 -0.7923 0.2596 -0.7163 -0.089 -0.6415 0.6677 0.2891 -0.5832 0.3611 0.7664 0.1605 -0.6216 -0.0224 0.6702 -0.1135 -0.7322 -0.0422 0.696 0.2266 -0.6416 0.2294 0.9398 -0.0792 0.3321 0.0139 0.6461 0.2419 -0.6744 0.2634 0.6895 -0.3684 -0.6017 -0.1634 0.9285 -0.0467 0.3611 0.0731
0.1518 -0.5873 -0.0658 -0.7923 0.2704 -0.709 -0.082 -0.6461 0.6677 0.2891 -0.5832 0.3611 0.7664 0.1605 -0.6216 -0.0224 0.6702 -0.1135 -0.7322 -0.0422 0.6993 0.2599 -0.634 0.2038 0.9398 -0.0792 0.3321 0.0139 0.6461 0.2419 -0.6744 0.2634 0.6895 -0.3684 -0.6017 -0.1634 0.9285 -0.0467 0.3611 0.0731
0.1682 -0.5781 -0.0712 -0.7953 0.2704 -0.709 -0.082 -0.6461 0.6677 0.2891 -0.5832 0.3611 0.7664 0.1605 -0.6216 -0.0224 0.6702 -0.1135 -0.7322 -0.0422 0.6993 0.2599 -0.634 0.2038 0.9398 -0.0792 0.3321 0.0139 0.6461 0.2419 -0.6744 0.2634 0.6895 -0.3684 -0.6017 -0.1634 0.9285 -0.0467 0.3611 0.0731
0.1682 -0.5781 -0.0712 -0.7953 0.2704 -0.709 -0.082 -0.6461 0.6677 0.2891 -0.5832 0.3611 0.7493 0.1651 -0.6411 0.0162 0.6702 -0.1135 -0.7322 -0.0422 0.6993 0.2599 -0.634 0.2038 0.9398 -0.0792 0.3321 0.0139 0.6461 0.2419 -0.6744 0.2634 0.7274 -0.4193 -0.5366 -0.0847 0.9285 -0.0467 0.3611 0.0731
0.1682 -0.5781 -0.0712 -0.7953 0.2704 -0.709 -0.082 -0.6461 0.6677 0.2891 -0.5832 0.3611 0.7493 0.1651 -0.6411 0.0162 0.6553 -0.0963 -0.7451 -0.0781 0.6993 0.2599 -0.634 0.2038 0.9382 -0.0747 0.3374 0.0189 0.7015 0.2732 -0.6044 0.2607 0.7274 -0.4193 -0.5366 -0.0847 0.9285 -0.0467 0.3611 0.0731
0.1682 -0.5781 -0.0712 -0.7953 0.2704 -0.709 -0.082 -0.6461 0.6677 0.2891 -0.5832 0.3611 0.7493 0.1651 -0.6411 0.0162 0.6553 -0.0963 -0.7451 -0.0781 0.6993 0.2599 -0.634 0.2038 0.9382 -0.0747 0.3374 0.0189 0.7015 0.2732 -0.6044 0.2607 0.7274 -0.4193 -0.5366 -0.0847 0.9285 -0.0467 0.3611 0.0731
0.1682 -0.5781 -0.0712 -0.7953 0.2704 -0.709 -0.082 -0.6461 0.6627 0.2903 -0.5864 0.3642 0.7493 0.1651 -0.6411 0.0162 0.6553 -0.0963 -0.7451 -0.0781 0.6993 0.2599 -0.634 0.2038 0.9382 -0.0747 0.3374 0.0189 0.7015 0.2732 -0.6044 0.2607 0.7274 -0.4193 -0.5366 -0.0847 0.9285 -0.0467 0.3611 0.0731
0.1682 -0.5781 -0.0712 -0.7953 0.2704 -0.709 -0.082 -0.6461 0.6627 0.2903 -0.5864 0.3642 0.7493 0.1651 -0.6411 0.0162 0.6553 -0.0963 -0.7451 -0.0781 0.6993 0.2599 -0.634 0.2038 0.9382 -0.0747 0.3374 0.0189 0.7015 0.2732 -0.6044 0.2607 0.7274 -0.4193 -0.5366 -0.0847 0.9285 -0.0467 0.3611 0.0731
0.1682 -0.5781 -0.0712 -0.7953 0.2704 -0.709 -0.082 -0.6461 0.6627 0.2903 -0.5864 0.3642 0.7493 0.1651 -0.6411 0.0162 0.6553 -0.0963 -0.7451 -0.0781 0.6993 0.2599 -0.634 0.2038 0.9382 -0.0747 0.3374 0.0189 0.7015 0.2732 -0.6044 0.2607 0.7274 -0.4193 -0.5366 -0.0847 0.9285 -0.0467 0.3611 0.0731
0.1682 -0.5781 -0.0712 -0.7953 0.2704 -0.709 -0.082 -0.6461 0.6627 0.2903 -0.5864 0.3642 0.7493 0.1651 -0.6411 0.0162 0.6553 -0.0963 -0.7451 -0.0781 0.6993 0.2599 -0.634 0.2038 0.9382 -0.0747 0.3374 0.0189 0.7015 0.2732 -0.6044 0.2607 0.7274 -0.4193 -0.5366 -0.0847 0.9285 -0.0467 0.3611 0.0731
0.1933 -0.5551 -0.0745 -0.8056 0.2704 -0.709 -0.082 -0.6461 0.6627 0.2903 -0.5864 0.3642 0.7433 0.1729 -0.6462 0.0054 0.6447 -0.0855 -0.753 -0.1003 0.6993 0.2599 -0.634 0.2038 0.9382 -0.0747 0.3374 0.0189 0.7015 0.2732 -0.6044 0.2607 0.7693 -0.4188 -0.4813 -0.0333 0.7371 -0.0223 0.6672 0.1053
0.1933 -0.5551 -0.0745 -0.8056 0.2704 -0.709 -0.082 -0.6461 0.6627 0.2903 -0.5864 0.3642 0.7433 0.1729 -0.6462 0.0054 0.6447 -0.0855 -0.753 -0.1003 0.6993 0.2599 -0.634 0.2038 0.9384 -0.0681 0.3379 0.0235 0.7015 0.2732 -0.6044 0.2607 0.7693 -0.4188 -0.4813 -0.0333 0.7371 -0.0223 0.6672 0.1053
0.1933 -0.5551 -0.0745 -0.8056 0.2704 -0.709 -0.082 -0.6461 0.6627 0.2903 -0.5864 0.3642 0.7433 0.1729 -0.6462 0.0054 0.6447 -0.0855 -0.753 -0.1003 0.6993 0.2599 -0.634 0.2038 0.9384 -0.0681 0.3379 0.0235 0.739 0.2812 -0.565 0.2356 0.7693 -0.4188 -0.4813 -0.0333 0.7371 -0.0223 0.6672 0.1053
0.1933 -0.5551 -0.0745 -0.8056 0.2704 -0.709 -0.082 -0.6461 0.6465 0.3137 -0.5864 0.3739 0.7433 0.1729 -0.6462 0.0054 0.6447 -0.0855 -0.753 -0.1003 0.6993 0.2599 -0.634 0.2038 0.9384 -0.0681 0.3379 0.0235 0.739 0.2812 -0.565 0.2356 0.7693 -0.4188 -0.4813 -0.0333 0.7371 -0.0223 0.6672 0.1053
0.1933 -0.5551 -0.0745 -0.8056 0.2704 -0.709 -0.082 -0.6461 0.6465 0.3137 -0.5864 0.3739 0.7433 0.1729 -0.6462 0.0054 0.6447 -0.0855 -0.753 -0.1003 0.6993 0.2599 -0.634 0.2038 0.9384 -0.0681 0.3379 0.0235 0.739 0.2812 -0.565 0.2356 0.7693 -0.4188 -0.4813 -0.0333 0.7371 -0.0223 0.6672 0.1053
0.1933 -0.5551 -0.0745 -0.8056 0.2704 -0.709 -0.082 -0.6461 0.6465 0.3137 -0.5864 0.3739 0.7433 0.1729 -0.6462 0.0054 0.6447 -0.0855 -0.753 -0.1003 0.7161 0.2891 -0.6182 0.1468 0.9384 -0.0681 0.3379 0.0235 0.739 0.2812 -0.565 0.2356 0.7693 -0.4188 -0.4813 -0.0333 0.7371 -0.0223 0.6672 0.1053
0.2173 -0.5496 -0.0875 -0.8019 0.2704 -0.709 -0.082 -0.6461 0.6465 0.3137 -0.5864 0.3739 0.7433 0.1729 -0.6462 0.0054 0.6447 -0.0855 -0.753 -0.1003 0.7161 0.2891 -0.6182 0.1468 0.9384 -0.0681 0.3379 0.0235 0.739 0.2812 -0.565 0.2356 0.7878 -0.3277 -0.5183 -0.0574 0.7371 -0.0223 0.6672 0.1053
0.2173 -0.5496 -0.0875 -0.8019 0.2704 -0.709 -0.082 -0.6461 0.6465 0.3137 -0.5864 0.3739 0.7433 0.1729 -0.6462 0.0054 0.6447 -0.0855 -0.753 -0.1003 0.7161 0.2891 -0.6182 0.1468 0.9384 -0.0681 0.3379 0.0235 0.739 0.2812 -0.565 0.2356 0.7878 -0.3277 -0.5183 -0.0574 0.7371 -0.0223 0.6672 0.1053
0.2173 -0.5496 -0.0875 -0.8019 0.2704 -0.709 -0.082 -0.6461 0.6465 0.3137 -0.5864 0.3739 0.7433 0.1729 -0.6462 0.0054 0.6374 -0.0812 -0.7584 -0.1094 0.7161 0.2891 -0.6182 0.1468 0.9379 -0.0676 0.3394 0.0236 0.7828 0.2255 -0.556 0.1652 0.7878 -0.3277 -0.5183 -0.0574 0.7371 -0.0223 0.6672 0.1053
0.2173 -0.5496 -0.0875 -0.8019 0.2704 -0.709 -0.082 -0.6461 0.6356 0.3216 -0.5853 0.3874 0.7433 0.1729 -0.6462 0.0054 0.6374 -0.0812 -0.7584 -0.1094 0.7161 0.2891 -0.6182 0.1468 0.9379 -0.0676 0.3394 0.0236 0.7828 0.2255 -0.556 0.1652 0.7878 -0.3277 -0.5183 -0.0574 0.7371 -0.0223 0.6672 0.1053
0.2173 -0.5496 -0.0875 -0.8019 0.2704 -0.709 -0.082 -0.6461 0.6356 0.3216 -0.5853 0.3874 0.7433 0.1729 -0.6462 0.0054 0.6374 -0.0812 -0.7584 -0.1094 0.7161 0.2891 -0.6182 0.1468 0.9379 -0.0676 0.3394 0.0236 0.7828 0.2255 -0.556 0.1652 0.7878 -0.3277 -0.5183 -0.0574 0.7371 -0.0223 0.6672 0.1053
0.2173 -0.5496 -0.0875 -0.8019 0.2704 -0.709 -0.082 -0.6461 0.6356 0.3216 -0.5853 0.3874 0.7433 0.1729 -0.6462 0.0054 0.6374 -0.0812 -0.7584 -0.1094 0.7161 0.2891 -0.6182 0.1468 0.9379 -0.0676 0.3394 0.0236 0.7828 0.2255 -0.556 0.1652 0.7878 -0.3277 -0.5183 -0.0574 0.7371 -0.0223 0.6672 0.1053
0.2173 -0.5496 -0.0875 -0.8019 0.3514 -0.6945 -0.1114 -0.618 0.6356 0.3216 -0.5853 0.3874 0.7433 0.1729 -0.6462 0.0054 0.6374 -0.0812 -0.7584 -0.1094 0.7275 0.3011 -0.6024 0.1312 0.9379 -0.0676 0.3394 0.0236 0.7828 0.2255 -0.556 0.1652 0.7878 -0.3277 -0.5183 -0.0574 0.7371 -0.0223 0.6672 0.1053
0.2202 -0.5393 -0.1 -0.8066 0.3514 -0.6945 -0.1114 -0.618 0.6356 0.3216 -0.5853 0.3874 0.7433 0.1729 -0.6462 0.0054 0.6374 -0.0812 -0.7584 -0.1094 0.7275 0.3011 -0.6024 0.1312 0.9379 -0.0676 0.3394 0.0236 0.7828 0.2255 -0.556 0.1652 0.7878 -0.3277 -0.5183 -0.0574 0.7371 -0.0223 0.6672 0.1053
0.2202 -0.5393 -0.1 -0.8066 0.3514 -0.6945 -0.1114 -0.618 0.6356 0.3216 -0.5853 0.3874 0.7433 0.1729 -0.6462 0.0054 0.6318 -0.0668 -0.762 -0.1258 0.7275 0.3011 -0.6024 0.1312 0.9379 -0.0676 0.3394 0.0236 0.7828 0.2255 -0.556 0.1652 0.7878 -0.3277 -0.5183 -0.0574 0.7371 -0.0223 0.6672 0.1053
0.2202 -0.5393 -0.1 -0.8066 0.3514 -0.6945 -0.1114 -0.618 0.6356 0.3216 -0.5853 0.3874 0.7433 0.1729 -0.6462 0.0054 0.6318 -0.0668 -0.762 -0.1258 0.7275 0.3011 -0.6024 0.1312 0.9363 -0.0673 0.3436 0.0253 0.7828 0.2255 -0.556 0.1652 0.7878 -0.3277 -0.5183 -0.0574 0.7371 -0.0223 0.6672 0.1053
0.2202 -0.5393 -0.1 -0.8066 0.3514 -0.6945 -0.1114 -0.618 0.6217 0.33 -0.5867 0.4005 0.7433 0.1729 -0.6462 0.0054 0.6318 -0.0668 -0.762 -0.1258 0.7275 0.3011 -0.6024 0.1312 0.9363 -0.0673 0.3436 0.0253 0.7935 0.236 -0.5389 0.1555 0.7878 -0.3277 -0.5183 -0.0574 0.7371 -0.0223 0.6672 0.1053
0.2202 -0.5393 -0.1 -0.8066 0.3514 -0.6945 -0.1114 -0.618 0.6217 0.33 -0.5867 0.4005 0.7433 0.1729 -0.6462 0.0054 0.6318 -0.0668 -0.762 -0.1258 0.7275 0.3011 -0.6024 0.1312 0.9363 -0.0673 0.3436 0.0253 0.7935 0.236 -0.5389 0.1555 0.7878 -0.3277 -0.5183 -0.0574 0.7371 -0.0223 0.6672 0.1053
0.2202 -0.5393 -0.1 -0.8066 0.3497 -0.6979 -0.1345 -0.6104 0.6217 0.33 -0.5867 0.4005 0.7433 0.1729 -0.6462 0.0054 0.6318 -0.0668 -0.762 -0.1258 0.7275 0.3011 -0.6024 0.1312 0.9363 -0.0673 0.3436 0.0253 0.7935 0.236 -0.5389 0.1555 0.7878 -0.3277 -0.5183 -0.0574 0.7371 -0.0223 0.6672 0.1053
0.2202 -0.5393 -0.1 -0.8066 0.3497 -0.6979 -0.1345 -0.6104 0.6217 0.33 -0.5867 0.4005 0.7433 0.1729 -0.6462 0.0054 0.6318 -0.0668 -0.762 -0.1258 0.7275 0.3011 -0.6024 0.1312 0.9363 -0.0673 0.3436 0.0253 0.7935 0.236 -0.5389 0.1555 0.7878 -0.3277 -0.5183 -0.0574 0.7371 -0.0223 0.6672 0.1053
0.2202 -0.5393 -0.1 -0.8066 0.3497 -0.6979 -0.1345 -0.6104 0.6217 0.33 -0.5867 0.4005 0.7433 0.1729 -0.6462 0.0054 0.6318 -0.0668 -0.762 -0.1258 0.7275 0.3011 -0.6024 0.1312 0.9363 -0.0673 0.3436 0.0253 0.7935 0.236 -0.5389 0.1555 0.7878 -0.3277 -0.5183 -0.0574 0.7371 -0.0223 0.6672 0.1053
0.2202 -0.5393 -0.1 -0.8066 0.3497 -0.6979 -0.1345 -0.6104 0.6217 0.33 -0.5867 0.4005 0.7433 0.1729 -0.6462 0.0054 0.6318 -0.0668 -0.762 -0.1258 0.7275 0.3011 -0.6024 0.1312 0.9363 -0.0673 0.3436 0.0253 0.7935 0.236 -0.5389 0.1555 0.7878 -0.3277 -0.5183 -0.0574 0.7371 -0.0223 0.6672 0.1053
0.2202 -0.5393 -0.1 -0.8066 0.3497 -0.6979 -0.1345 -0.6104 0.6217 0.33 -0.5867 0.4005 0.7433 0.1729 -0.6462 0.0054 0.6246 -0.0511 -0.7665 -0.1405 0.7275 0.3011 -0.6024 0.1312 0.9338 -0.0707 0.3498 0.0276 0.7935 0.236 -0.5389 0.1555 0.6342 -0.2169 -0.701 -0.2435 0.7371 -0.0223 0.6672 0.1053
0.2202 -0.5393 -0.1 -0.8066 0.3497 -0.6979 -0.1345 -0.6104 0.6217 0.33 -0.5867 0.4005 0.7433 0.1729 -0.6462 0.0054 0.6246 -0.0511 -0.7665 -0.1405 0.7275 0.3011 -0.6024 0.1312 0.9338 -0.0707 0.3498 0.0276 0.7631 0.2749 -0.5587 0.1734 0.6342 -0.2169 -0.701 -0.2435 0.7371 -0.0223 0.6672 0.1053
0.2202 -0.5393 -0.1 -0.8066 0.3497 -0.6979 -0.1345 -0.6104 0.6119 0.322 -0.5947 0.4102 0.7433 0.1729 -0.6462 0.0054 0.6246 -0.0511 -0.7665 -0.1405 0.7275 0.3011 -0.6024 0.1312 0.9338 -0.0707 0.3498 0.0276 0.7631 0.2749 -0.5587 0.1734 0.6342 -0.2169 -0.701 -0.2435 0.7371 -0.0223 0.6672 0.1053
0.2202 -0.5393 -0.1 -0.8066 0.3432 -0.696 -0.1528 -0.6119 0.6119 0.322 -0.5947 0.4102 0.7433 0.1729 -0.6462 0.0054 0.6246 -0.0511 -0.7665 -0.1405 0.7275 0.3011 -0.6024 0.1312 0.9338 -0.0707 0.3498 0.0276 0.7631 0.2749 -0.5587 0.1734 0.6342 -0.2169 -0.701 -0.2435 0.7371 -0.0223 0.6672 0.1053
0.224 -0.5458 -0.137 -0.7957 0.3432 -0.696 -0.1528 -0.6119 0.6119 0.322 -0.5947 0.4102 0.7433 0.1729 -0.6462 0.0054 0.6246 -0.0511 -0.7665 -0.1405 0.759 0.3185 -0.5598 0.096 0.9338 -0.0707 0.3498 0.0276 0.7631 0.2749 -0.5587 0.1734 0.6342 -0.2169 -0.701 -0.2435 0.7371 -0.0223 0.6672 0.1053
0.224 -0.5458 -0.137 -0.7957 0.3432 -0.696 -0.1528 -0.6119 0.6119 0.322 -0.5947 0.4102 0.7433 0.1729 -0.6462 0.0054 0.6246 -0.0511 -0.7665 -0.1405 0.759 0.3185 -0.5598 0.096 0.9338 -0.0707 0.3498 0.0276 0.7631 0.2749 -0.5587 0.1734 0.5922 -0.2155 -0.718 -0.2955 0.7371 -0.0223 0.6672 0.1053
0.224 -0.5458 -0.137 -0.7957 0.3432 -0.696 -0.1528 -0.6119 0.6119 0.322 -0.5947 0.4102 0.7433 0.1729 -0.6462 0.0054 0.6246 -0.0511 -0.7665 -0.1405 0.759 0.3185 -0.5598 0.096 0.9338 -0.0707 0.3498 0.0276 0.7631 0.2749 -0.5587 0.1734 0.5922 -0.2155 -0.718 -0.2955 0.7371 -0.0223 0.6672 0.1053
0.224 -0.5458 -0.137 -0.7957 0.3432 -0.696 -0.1528 -0.6119 0.6119 0.322 -0.5947 0.4102 0.7433 0.1729 -0.6462 0.0054 0.6246 -0.0511 -0.7665 -0.1405 0.759 0.3185 -0.5598 0.096 0.9338 -0.0707 0.3498 0.0276 0.7631 0.2749 -0.5587 0.1734 0.5922 -0.2155 -0.718 -0.2955 0.7371 -0.0223 0.6672 0.1053
0.224 -0.5458 -0.137 -0.7957 0.3432 -0.696 -0.1528 -0.6119 0.6196 0.3161 -0.593 0.4056 0.7433 0.1729 -0.6462 0.0054 0.6246 -0.0511 -0.7665 -0.1405 0.759 0.3185 -0.5598 0.096 0.93 -0.0675 0.3592 0.0384 0.7549 0.2614 -0.5854 0.1385 0.5922 -0.2155 -0.718 -0.2955 0.7371 -0.0223 0.6672 0.1053
0.224 -0.5458 -0.137 -0.7957 0.3432 -0.696 -0.1528 -0.6119 0.6196 0.3161 -0.593 0.4056 0.7433 0.1729 -0.6462 0.0054 0.6246 -0.0511 -0.7665 -0.1405 0.759 0.3185 -0.5598 0.096 0.93 -0.0675 0.3592 0.0384 0.7549 0.2614 -0.5854 0.1385 0.5922 -0.2155 -0.718 -0.2955 0.7371 -0.0223 0.6672 0.1053
0.224 -0.5458 -0.137 -0.7957 0.3432 -0.696 -0.1528 -0.6119 0.6196 0.3161 -0.593 0.4056 0.7433 0.1729 -0.6462 0.0054 0.6246 -0.0511 -0.7665 -0.1405 0.759 0.3185 -0.5598 0.096 0.93 -0.0675 0.3592 0.0384 0.7549 0.2614 -0.5854 0.1385 0.5922 -0.2155 -0.718 -0.2955 0.7371 -0.0223 0.6672 0.1053
0.224 -0.5458 -0.137 -0.7957 0.3432 -0.696 -0.1528 -0.6119 0.6196 0.3161 -0.593 0.4056 0.7433 0.1729 -0.6462 0.0054 0.6246 -0.0511 -0.7665 -0.1405 0.7795 0.3495 -0.517 0.0539 0.93 -0.0675 0.3592 0.0384 0.7549 0.2614 -0.5854 0.1385 0.5922 -0.2155 -0.718 -0.2955 0.7371 -0.0223 0.6672 0.1053
0.224 -0.5458 -0.137 -0.7957 0.3432 -0.696 -0.1528 -0.6119 0.6196 0.3161 -0.593 0.4056 0.7433 0.1729 -0.6462 0.0054 0.6246 -0.0511 -0.7665 -0.1405 0.7795 0.3495 -0.517 0.0539 0.93 -0.0675 0.3592 0.0384 0.7549 0.2614 -0.5854 0.1385 0.5922 -0.2155 -0.718 -0.2955 0.7371 -0.0223 0.6672 0.1053
0.2207 -0.5622 -0.1231 -0.7875 0.3432 -0.696 -0.1528 -0.6119 0.6196 0.3161 -0.593 0.4056 0.7354 0.1592 -0.6535 0.0825 0.6246 -0.0511 -0.7665 -0.1405 0.7795 0.3495 -0.517 0.0539 0.93 -0.0675 0.3592 0.0384 0.7549 0.2614 -0.5854 0.1385 0.5957 -0.2764 -0.6989 -0.2834 0.7371 -0.0223 0.6672 0.1053
0.2207 -0.5622 -0.1231 -0.7875 0.3432 -0.696 -0.1528 -0.6119 0.6196 0.3161 -0.593 0.4056 0.7354 0.1592 -0.6535 0.0825 0.6599 -0.0721 -0.7362 -0.1319 0.7795 0.3495 -0.517 0.0539 0.8759 -0.0461 0.4769 0.057 0.7233 0.2747 -0.6083 0.1772 0.5957 -0.2764 -0.6989 -0.2834 0.7371 -0.0223 0.6672 0.1053
0.2207 -0.5622 -0.1231 -0.7875 0.3432 -0.696 -0.1528 -0.6119 0.6266 0.3209 -0.585 0.4026 0.7354 0.1592 -0.6535 0.0825 0.6599 -0.0721 -0.7362 -0.1319 0.7795 0.3495 -0.517 0.0539 0.8759 -0.0461 0.4769 0.057 0.7233 0.2747 -0.6083 0.1772 0.5957 -0.2764 -0.6989 -0.2834 0.7371 -0.0223 0.6672 0.1053
0.2207 -0.5622 -0.1231 -0.7875 0.3432 -0.696 -0.1528 -0.6119 0.6266 0.3209 -0.585 0.4026 0.7354 0.1592 -0.6535 0.0825 0.6599 -0.0721 -0.7362 -0.1319 0.7795 0.3495 -0.517 0.0539 0.8759 -0.0461 0.4769 0.057 0.7233 0.2747 -0.6083 0.1772 0.5957 -0.2764 -0.6989 -0.2834 0.7371 -0.0223 0.6672 0.1053
0.2207 -0.5622 -0.1231 -0.7875 0.3052 -0.7042 -0.1282 -0.6281 0.6266 0.3209 -0.585 0.4026 0.7354 0.1592 -0.6535 0.0825 0.6599 -0.0721 -0.7362 -0.1319 0.7795 0.3495 -0.517 0.0539 0.8759 -0.0461 0.4769 0.057 0.7233 0.2747 -0.6083 0.1772 0.5957 -0.2764 -0.6989 -0.2834 0.7371 -0.0223 0.6672 0.1053
0.2207 -0.5622 -0.1231 -0.7875 0.3052 -0.7042 -0.1282 -0.6281 0.6266 0.3209 -0.585 0.4026 0.7354 0.1592 -0.6535 0.0825 0.6599 -0.0721 -0.7362 -0.1319 0.7795 0.3495 -0.517 0.0539 0.8759 -0.0461 0.4769 0.057 0.7233 0.2747 -0.6083 0.1772 0.5957 -0.2764 -0.6989 -0.2834 0.7371 -0.0223 0.6672 0.1053
0.2097 -0.5773 -0.1066 -0.7819 0.3052 -0.7042 -0.1282 -0.6281 0.6266 0.3209 -0.585 0.4026 0.7354 0.1592 -0.6535 0.0825 0.6599 -0.0721 -0.7362 -0.1319 0.7795 0.3495 -0.517 0.0539 0.8759 -0.0461 0.4769 0.057 0.7233 0.2747 -0.6083 0.1772 0.5957 -0.2764 -0.6989 -0.2834 0.7371 -0.0223 0.6672 0.1053
0.2097 -0.5773 -0.1066 -0.7819 0.3052 -0.7042 -0.1282 -0.6281 0.6266 0.3209 -0.585 0.4026 0.7354 0.1592 -0.6535 0.0825 0.699 -0.1394 -0.6946 -0.0972 0.7795 0.3495 -0.517 0.0539 0.8759 -0.0461 0.4769 0.057 0.7233 0.2747 -0.6083 0.1772 0.5957 -0.2764 -0.6989 -0.2834 0.7371 -0.0223 0.6672 0.1053
0.2097 -0.5773 -0.1066 -0.7819 0.3052 -0.7042 -0.1282 -0.6281 0.6266 0.3209 -0.585 0.4026 0.7354 0.1592 -0.6535 0.0825 0.699 -0.1394 -0.6946 -0.0972 0.7795 0.3495 -0.517 0.0539 0.7491 -0.021 0.6608 0.042 0.7233 0.2747 -0.6083 0.1772 0.5957 -0.2764 -0.6989 -0.2834 0.7371 -0.0223 0.6672 0.1053
0.2097 -0.5773 -0.1066 -0.7819 0.3052 -0.7042 -0.1282 -0.6281 0.6266 0.3209 -0.585 0.4026 0.7354 0.1592 -0.6535 0.0825 0.699 -0.1394 -0.6946 -0.0972 0.7795 0.3495 -0.517 0.0539 0.7491 -0.021 0.6608 0.042 0.7033 0.2607 -0.6357 0.1824 0.5957 -0.2764 -0.6989 -0.2834 0.7371 -0.0223 0.6672 0.1053
0.2097 -0.5773 -0.1066 -0.7819 0.3052 -0.7042 -0.1282 -0.6281 0.6266 0.3209 -0.585 0.4026 0.7354 0.1592 -0.6535 0.0825 0.699 -0.1394 -0.6946 -0.0972 0.7795 0.3495 -0.517 0.0539 0.7491 -0.021 0.6608 0.042 0.7033 0.2607 -0.6357 0.1824 0.5957 -0.2764 -0.6989 -0.2834 0.7371 -0.0223 0.6672 0.1053
0.2097 -0.5773 -0.1066 -0.7819 0.3001 -0.7333 -0.0981 -0.6021 0.6266 0.3209 -0.585 0.4026 0.7354 0.1592 -0.6535 0.0825 0.699 -0.1394 -0.6946 -0.0972 0.8004 0.4381 -0.4056 -0.0544 0.7491 -0.021 0.6608 0.042 0.7033 0.2607 -0.6357 0.1824 0.5957 -0.2764 -0.6989 -0.2834 0.7371 -0.0223 0.6672 0.1053
0.1873 -0.5884 -0.0839 -0.7822 0.3001 -0.7333 -0.0981 -0.6021 0.6266 0.3209 -0.585 0.4026 0.7354 0.1592 -0.6535 0.0825 0.699 -0.1394 -0.6946 -0.0972 0.8004 0.4381 -0.4056 -0.0544 0.7491 -0.021 0.6608 0.042 0.7033 0.2607 -0.6357 0.1824 0.5957 -0.2764 -0.6989 -0.2834 0.7371 -0.0223 0.6672 0.1053
0.1873 -0.5884 -0.0839 -0.7822 0.3001 -0.7333 -0.0981 -0.6021 0.6266 0.3209 -0.585 0.4026 0.7354 0.1592 -0.6535 0.0825 0.699 -0.1394 -0.6946 -0.0972 0.8004 0.4381 -0.4056 -0.0544 0.7491 -0.021 0.6608 0.042 0.7033 0.2607 -0.6357 0.1824 0.5957 -0.2764 -0.6989 -0.2834 0.7371 -0.0223 0.6672 0.1053
0.1873 -0.5884 -0.0839 -0.7822 0.3001 -0.7333 -0.0981 -0.6021 0.6266 0.3209 -0.585 0.4026 0.7354 0.1592 -0.6535 0.0825 0.699 -0.1394 -0.6946 -0.0972 0.8004 0.4381 -0.4056 -0.0544 0.7491 -0.021 0.6608 0.042 0.7033 0.2607 -0.6357 0.1824 0.5957 -0.2764 -0.6989 -0.2834 0.7371 -0.0223 0.6672 0.1053
0.1873 -0.5884 -0.0839 -0.7822 0.3001 -0.7333 -0.0981 -0.6021 0.6266 0.3209 -0.585 0.4026 0.7354 0.1592 -0.6535 0.0825 0.7162 -0.178 -0.6732 -0.0467 0.8004 0.4381 -0.4056 -0.0544 0.7789 -0.0684 0.6234 0.0082 0.7033 0.2607 -0.6357 0.1824 0.5957 -0.2764 -0.6989 -0.2834 0.7371 -0.0223 0.6672 0.1053
0.1873 -0.5884 -0.0839 -0.7822 0.3001 -0.7333 -0.0981 -0.6021 0.6266 0.3209 -0.585 0.4026 0.7354 0.1592 -0.6535 0.0825 0.7162 -0.178 -0.6732 -0.0467 0.8004 0.4381 -0.4056 -0.0544 0.7789 -0.0684 0.6234 0.0082 0.7033 0.2607 -0.6357 0.1824 0.5957 -0.2764 -0.6989 -0.2834 0.7371 -0.0223 0.6672 0.1053
0.1873 -0.5884 -0.0839 -0.7822 0.2803 -0.7494 -0.0649 -0.5964 0.6821 0.2814 -0.5635 0.3715 0.7354 0.1592 -0.6535 0.0825 0.7162 -0.178 -0.6732 -0.0467 0.8004 0.4381 -0.4056 -0.0544 0.7789 -0.0684 0.6234 0.0082 0.6712 0.2675 -0.6566 0.2164 0.5957 -0.2764 -0.6989 -0.2834 0.7371 -0.0223 0.6672 0.1053
0.1873 -0.5884 -0.0839 -0.7822 0.2803 -0.7494 -0.0649 -0.5964 0.6821 0.2814 -0.5635 0.3715 0.7354 0.1592 -0.6535 0.0825 0.7162 -0.178 -0.6732 -0.0467 0.8004 0.4381 -0.4056 -0.0544 0.7789 -0.0684 0.6234 0.0082 0.6712 0.2675 -0.6566 0.2164 0.5957 -0.2764 -0.6989 -0.2834 0.7371 -0.0223 0.6672 0.1053
0.169 -0.5986 -0.0718 -0.7798 0.2803 -0.7494 -0.0649 -0.5964 0.6821 0.2814 -0.5635 0.3715 0.7354 0.1592 -0.6535 0.0825 0.7162 -0.178 -0.6732 -0.0467 0.8004 0.4381 -0.4056 -0.0544 0.7789 -0.0684 0.6234 0.0082 0.6712 0.2675 -0.6566 0.2164 0.5957 -0.2764 -0.6989 -0.2834 0.7371 -0.0223 0.6672 0.1053
0.169 -0.5986 -0.0718 -0.7798 0.2803 -0.7494 -0.0649 -0.5964 0.6821 0.2814 -0.5635 0.3715 0.7354 0.1592 -0.6535 0.0825 0.7162 -0.178 -0.6732 -0.0467 0.8004 0.4381 -0.4056 -0.0544 0.7789 -0.0684 0.6234 0.0082 0.6712 0.2675 -0.6566 0.2164 0.6061 -0.3199 -0.684 -0.2499 0.7371 -0.0223 0.6672 0.1053
0.169 -0.5986 -0.0718 -0.7798 0.2803 -0.7494 -0.0649 -0.5964 0.6821 0.2814 -0.5635 0.3715 0.7354 0.1592 -0.6535 0.0825 0.7182 -0.1409 -0.681 0.0244 0.8004 0.4381 -0.4056 -0.0544 0.7789 -0.0684 0.6234 0.0082 0.6712 0.2675 -0.6566 0.2164 0.6061 -0.3199 -0.684 -0.2499 0.7371 -0.0223 0.6672 0.1053
0.169 -0.5986 -0.0718 -0.7798 0.2803 -0.7494 -0.0649 -0.5964 0.6821 0.2814 -0.5635 0.3715 0.7354 0.1592 -0.6535 0.0825 0.7182 -0.1409 -0.681 0.0244 0.8004 0.4381 -0.4056 -0.0544 0.7789 -0.0684 0.6234 0.0082 0.6712 0.2675 -0.6566 0.2164 0.6061 -0.3199 -0.684 -0.2499 0.7371 -0.0223 0.6672 0.1053
0.169 -0.5986 -0.0718 -0.7798 0.2803 -0.7494 -0.0649 -0.5964 0.6929 0.2659 -0.5632 0.3632 0.7354 0.1592 -0.6535 0.0825 0.7182 -0.1409 -0.681 0.0244 0.8004 0.4381 -0.4056 -0.0544 0.8914 -0.0632 0.4484 -0.0208 0.6392 0.2424 -0.6935 0.2272 0.6061 -0.3199 -0.684 -0.2499 0.7371 -0.0223 0.6672 0.1053
0.169 -0.5986 -0.0718 -0.7798 0.2803 -0.7494 -0.0649 -0.5964 0.6929 0.2659 -0.5632 0.3632 0.7354 0.1592 -0.6535 0.0825 0.7182 -0.1409 -0.681 0.0244 0.7364 0.252 -0.6035 0.173 0.8914 -0.0632 0.4484 -0.0208 0.6392 0.2424 -0.6935 0.2272 0.6061 -0.3199 -0.684 -0.2499 0.7371 -0.0223 0.6672 0.1053
0.169 -0.5986 -0.0718 -0.7798 0.2803 -0.7494 -0.0649 -0.5964 0.6929 0.2659 -0.5632 0.3632 0.7354 0.1592 -0.6535 0.0825 0.7182 -0.1409 -0.681 0.0244 0.7364 0.252 -0.6035 0.173 0.8914 -0.0632 0.4484 -0.0208 0.6392 0.2424 -0.6935 0.2272 0.6061 -0.3199 -0.684 -0.2499 0.7371 -0.0223 0.6672 0.1053
0.169 -0.5986 -0.0718 -0.7798 0.2803 -0.7494 -0.0649 -0.5964 0.6929 0.2659 -0.5632 0.3632 0.7354 0.1592 -0.6535 0.0825 0.7182 -0.1409 -0.681 0.0244 0.7364 0.252 -0.6035 0.173 0.8914 -0.0632 0.4484 -0.0208 0.6392 0.2424 -0.6935 0.2272 0.6061 -0.3199 -0.684 -0.2499 0.7371 -0.0223 0.6672 0.1053
0.169 -0.5986 -0.0718 -0.7798 0.2803 -0.7494 -0.0649 -0.5964 0.6929 0.2659 -0.5632 0.3632 0.7354 0.1592 -0.6535 0.0825 0.7182 -0.1409 -0.681 0.0244 0.7364 0.252 -0.6035 0.173 0.8914 -0.0632 0.4484 -0.0208 0.6392 0.2424 -0.6935 0.2272 0.6061 -0.3199 -0.684 -0.2499 0.7371 -0.0223 0.6672 0.1053
0.1618 -0.6007 -0.072 -0.7796 0.2803 -0.7494 -0.0649 -0.5964 0.6929 0.2659 -0.5632 0.3632 0.7354 0.1592 -0.6535 0.0825 0.7182 -0.1409 -0.681 0.0244 0.7364 0.252 -0.6035 0.173 0.9617 -0.0419 0.2695 0.0266 0.6392 0.2424 -0.6935 0.2272 0.62 -0.3143 -0.677 -0.2418 0.7371 -0.0223 0.6672 0.1053
0.1618 -0.6007 -0.072 -0.7796 0.2803 -0.7494 -0.0649 -0.5964 0.6929 0.2659 -0.5632 0.3632 0.7354 0.1592 -0.6535 0.0825 0.7182 -0.1409 -0.681 0.0244 0.7364 0.252 -0.6035 0.173 0.9617 -0.0419 0.2695 0.0266 0.6131 0.2284 -0.7133 0.2512 0.62 -0.3143 -0.677 -0.2418 0.7371 -0.0223 0.6672 0.1053
0.1618 -0.6007 -0.072 -0.7796 0.2803 -0.7494 -0.0649 -0.5964 0.693 0.2564 -0.5711 0.3577 0.7354 0.1592 -0.6535 0.0825 0.7182 -0.1409 -0.681 0.0244 0.7364 0.252 -0.6035 0.173 0.9617 -0.0419 0.2695 0.0266 0.6131 0.2284 -0.7133 0.2512 0.62 -0.3143 -0.677 -0.2418 0.7371 -0.0223 0.6672 0.1053
0.1618 -0.6007 -0.072 -0.7796 0.2803 -0.7494 -0.0649 -0.5964 0.693 0.2564 -0.5711 0.3577 0.7354 0.1592 -0.6535 0.0825 0.7182 -0.1409 -0.681 0.0244 0.7364 0.252 -0.6035 0.173 0.9617 -0.0419 0.2695 0.0266 0.6131 0.2284 -0.7133 0.2512 0.62 -0.3143 -0.677 -0.2418 0.7371 -0.0223 0.6672 0.1053
0.1618 -0.6007 -0.072 -0.7796 0.2458 -0.7316 -0.0713 -0.632 0.693 0.2564 -0.5711 0.3577 0.7354 0.1592 -0.6535 0.0825 0.7182 -0.1409 -0.681 0.0244 0.694 0.2025 -0.6399 0.2604 0.9617 -0.0419 0.2695 0.0266 0.6131 0.2284 -0.7133 0.2512 0.62 -0.3143 -0.677 -0.2418 0.7371 -0.0223 0.6672 0.1053
0.1618 -0.6007 -0.072 -0.7796 0.2458 -0.7316 -0.0713 -0.632 0.693 0.2564 -0.5711 0.3577 0.7354 0.1592 -0.6535 0.0825 0.7182 -0.1409 -0.681 0.0244 0.694 0.2025 -0.6399 0.2604 0.9617 -0.0419 0.2695 0.0266 0.6131 0.2284 -0.7133 0.2512 0.62 -0.3143 -0.677 -0.2418 0.7371 -0.0223 0.6672 0.1053
0.1618 -0.6007 -0.072 -0.7796 0.2458 -0.7316 -0.0713 -0.632 0.693 0.2564 -0.5711 0.3577 0.7354 0.1592 -0.6535 0.0825 0.7182 -0.1409 -0.681 0.0244 0.694 0.2025 -0.6399 0.2604 0.9617 -0.0419 0.2695 0.0266 0.6131 0.2284 -0.7133 0.2512 0.62 -0.3143 -0.677 -0.2418 0.7371 -0.0223 0.6672 0.1053
0.1618 -0.6007 -0.072 -0.7796 0.2458 -0.7316 -0.0713 -0.632 0.693 0.2564 -0.5711 0.3577 0.7354 0.1592 -0.6535 0.0825 0.7182 -0.1409 -0.681 0.0244 0.694 0.2025 -0.6399 0.2604 0.9617 -0.0419 0.2695 0.0266 0.6131 0.2284 -0.7133 0.2512 0.62 -0.3143 -0.677 -0.2418 0.7371 -0.0223 0.6672 0.1053
0.1618 -0.6007 -0.072 -0.7796 0.2458 -0.7316 -0.0713 -0.632 0.693 0.2564 -0.5711 0.3577 0.7354 0.1592 -0.6535 0.0825 0.6902 -0.1014 -0.7162 -0.0208 0.694 0.2025 -0.6399 0.2604 0.9506 -0.0754 0.2997 0.0283 0.6131 0.2284 -0.7133 0.2512 0.6512 -0.3319 -0.6476 -0.2154 0.7371 -0.0223 0.6672 0.1053
0.1618 -0.6007 -0.072 -0.7796 0.2458 -0.7316 -0.0713 -0.632 0.68 0.2808 -0.5693 0.3671 0.7354 0.1592 -0.6535 0.0825 0.6902 -0.1014 -0.7162 -0.0208 0.694 0.2025 -0.6399 0.2604 0.9506 -0.0754 0.2997 0.0283 0.6079 0.2233 -0.7167 0.2588 0.6512 -0.3319 -0.6476 -0.2154 0.7371 -0.0223 0.6672 0.1053
0.1618 -0.6007 -0.072 -0.7796 0.2458 -0.7316 -0.0713 -0.632 0.68 0.2808 -0.5693 0.3671 0.7354 0.1592 -0.6535 0.0825 0.6902 -0.1014 -0.7162 -0.0208 0.694 0.2025 -0.6399 0.2604 0.9506 -0.0754 0.2997 0.0283 0.6079 0.2233 -0.7167 0.2588 0.6512 -0.3319 -0.6476 -0.2154 0.7371 -0.0223 0.6672 0.1053
0.1618 -0.6007 -0.072 -0.7796 0.2525 -0.7159 -0.0951 -0.6439 0.68 0.2808 -0.5693 0.3671 0.7354 0.1592 -0.6535 0.0825 0.6902 -0.1014 -0.7162 -0.0208 0.6905 0.2526 -0.6337 0.2407 0.9506 -0.0754 0.2997 0.0283 0.6079 0.2233 -0.7167 0.2588 0.6512 -0.3319 -0.6476 -0.2154 0.7371 -0.0223 0.6672 0.1053
0.1712 -0.5953 -0.0756 -0.7814 0.2525 -0.7159 -0.0951 -0.6439 0.68 0.2808 -0.5693 0.3671 0.7354 0.1592 -0.6535 0.0825 0.6902 -0.1014 -0.7162 -0.0208 0.6905 0.2526 -0.6337 0.2407 0.9506 -0.0754 0.2997 0.0283 0.6079 0.2233 -0.7167 0.2588 0.6512 -0.3319 -0.6476 -0.2154 0.7371 -0.0223 0.6672 0.1053
0.1712 -0.5953 -0.0756 -0.7814 0.2525 -0.7159 -0.0951 -0.6439 0.68 0.2808 -0.5693 0.3671 0.7354 0.1592 -0.6535 0.0825 0.6902 -0.1014 -0.7162 -0.0208 0.6905 0.2526 -0.6337 0.2407 0.9506 -0.0754 0.2997 0.0283 0.6079 0.2233 -0.7167 0.2588 0.702 -0.371 -0.5903 -0.1457 0.7371 -0.0223 0.6672 0.1053
0.1712 -0.5953 -0.0756 -0.7814 0.2525 -0.7159 -0.0951 -0.6439 0.68 0.2808 -0.5693 0.3671 0.7354 0.1592 -0.6535 0.0825 0.6902 -0.1014 -0.7162 -0.0208 0.6905 0.2526 -0.6337 0.2407 0.9506 -0.0754 0.2997 0.0283 0.6079 0.2233 -0.7167 0.2588 0.702 -0.371 -0.5903 -0.1457 0.7371 -0.0223 0.6672 0.1053
0.1712 -0.5953 -0.0756 -0.7814 0.2525 -0.7159 -0.0951 -0.6439 0.68 0.2808 -0.5693 0.3671 0.7354 0.1592 -0.6535 0.0825 0.6745 -0.0837 -0.7332 -0.0241 0.6905 0.2526 -0.6337 0.2407 0.9404 -0.0853 0.3287 0.0162 0.6725 0.2412 -0.6547 0.2468 0.702 -0.371 -0.5903 -0.1457 0.7371 -0.0223 0.6672 0.1053
0.1712 -0.5953 -0.0756 -0.7814 0.2525 -0.7159 -0.0951 -0.6439 0.6599 0.2921 -0.5827 0.3738 0.7354 0.1592 -0.6535 0.0825 0.6745 -0.0837 -0.7332 -0.0241 0.6905 0.2526 -0.6337 0.2407 0.9404 -0.0853 0.3287 0.0162 0.6725 0.2412 -0.6547 0.2468 0.702 -0.371 -0.5903 -0.1457 0.7371 -0.0223 0.6672 0.1053
0.1712 -0.5953 -0.0756 -0.7814 0.2525 -0.7159 -0.0951 -0.6439 0.6599 0.2921 -0.5827 0.3738 0.7354 0.1592 -0.6535 0.0825 0.6745 -0.0837 -0.7332 -0.0241 0.6905 0.2526 -0.6337 0.2407 0.9404 -0.0853 0.3287 0.0162 0.6725 0.2412 -0.6547 0.2468 0.702 -0.371 -0.5903 -0.1457 0.7371 -0.0223 0.6672 0.1053
0.1712 -0.5953 -0.0756 -0.7814 0.2692 -0.7111 -0.0921 -0.6429 0.6599 0.2921 -0.5827 0.3738 0.7354 0.1592 -0.6535 0.0825 0.6745 -0.0837 -0.7332 -0.0241 0.6905 0.2526 -0.6337 0.2407 0.9404 -0.0853 0.3287 0.0162 0.6725 0.2412 -0.6547 0.2468 0.702 -0.371 -0.5903 -0.1457 0.7371 -0.0223 0.6672 0.1053
0.1712 -0.5953 -0.0756 -0.7814 0.2692 -0.7111 -0.0921 -0.6429 0.6599 0.2921 -0.5827 0.3738 0.7354 0.1592 -0.6535 0.0825 0.6745 -0.0837 -0.7332 -0.0241 0.6935 0.2841 -0.6265 0.2139 0.9404 -0.0853 0.3287 0.0162 0.6725 0.2412 -0.6547 0.2468 0.702 -0.371 -0.5903 -0.1457 0.7371 -0.0223 0.6672 0.1053
0.1862 -0.5812 -0.0803 -0.7881 0.2692 -0.7111 -0.0921 -0.6429 0.6599 0.2921 -0.5827 0.3738 0.7354 0.1592 -0.6535 0.0825 0.6745 -0.0837 -0.7332 -0.0241 0.6935 0.2841 -0.6265 0.2139 0.9404 -0.0853 0.3287 0.0162 0.6725 0.2412 -0.6547 0.2468 0.702 -0.371 -0.5903 -0.1457 0.7371 -0.0223 0.6672 0.1053
0.1862 -0.5812 -0.0803 -0.7881 0.2692 -0.7111 -0.0921 -0.6429 0.6599 0.2921 -0.5827 0.3738 0.7354 0.1592 -0.6535 0.0825 0.6745 -0.0837 -0.7332 -0.0241 0.6935 0.2841 -0.6265 0.2139 0.9404 -0.0853 0.3287 0.0162 0.6725 0.2412 -0.6547 0.2468 0.7335 -0.4421 -0.512 -0.0674 0.7371 -0.0223 0.6672 0.1053
0.1862 -0.5812 -0.0803 -0.7881 0.2692 -0.7111 -0.0921 -0.6429 0.6599 0.2921 -0.5827 0.3738 0.7354 0.1592 -0.6535 0.0825 0.6745 -0.0837 -0.7332 -0.0241 0.6935 0.2841 -0.6265 0.2139 0.9384 -0.0814 0.3353 0.0208 0.6725 0.2412 -0.6547 0.2468 0.7335 -0.4421 -0.512 -0.0674 0.7371 -0.0223 0.6672 0.1053
0.1862 -0.5812 -0.0803 -0.7881 0.2692 -0.7111 -0.0921 -0.6429 0.6613 0.2813 -0.5884 0.3705 0.7354 0.1592 -0.6535 0.0825 0.6745 -0.0837 -0.7332 -0.0241 0.6935 0.2841 -0.6265 0.2139 0.9384 -0.0814 0.3353 0.0208 0.7109 0.2996 -0.5807 0.2599 0.7335 -0.4421 -0.512 -0.0674 0.7371 -0.0223 0.6672 0.1053
0.1862 -0.5812 -0.0803 -0.7881 0.2692 -0.7111 -0.0921 -0.6429 0.6613 0.2813 -0.5884 0.3705 0.7354 0.1592 -0.6535 0.0825 0.6745 -0.0837 -0.7332 -0.0241 0.6935 0.2841 -0.6265 0.2139 0.9384 -0.0814 0.3353 0.0208 0.7109 0.2996 -0.5807 0.2599 0.7335 -0.4421 -0.512 -0.0674 0.7371 -0.0223 0.6672 0.1053
0.1862 -0.5812 -0.0803 -0.7881 0.2997 -0.7055 -0.0915 -0.6357 0.6613 0.2813 -0.5884 0.3705 0.7354 0.1592 -0.6535 0.0825 0.6745 -0.0837 -0.7332 -0.0241 0.6935 0.2841 -0.6265 0.2139 0.9384 -0.0814 0.3353 0.0208 0.7109 0.2996 -0.5807 0.2599 0.7335 -0.4421 -0.512 -0.0674 0.7371 -0.0223 0.6672 0.1053
0.218 -0.5713 -0.0829 -0.7869 0.2997 -0.7055 -0.0915 -0.6357 0.6613 0.2813 -0.5884 0.3705 0.7354 0.1592 -0.6535 0.0825 0.6745 -0.0837 -0.7332 -0.0241 0.6935 0.2841 -0.6265 0.2139 0.9384 -0.0814 0.3353 0.0208 0.7109 0.2996 -0.5807 0.2599 0.7335 -0.4421 -0.512 -0.0674 0.7371 -0.0223 0.6672 0.1053
0.218 -0.5713 -0.0829 -0.7869 0.2997 -0.7055 -0.0915 -0.6357 0.6613 0.2813 -0.5884 0.3705 0.7354 0.1592 -0.6535 0.0825 0.6745 -0.0837 -0.7332 -0.0241 0.6935 0.2841 -0.6265 0.2139 0.9384 -0.0814 0.3353 0.0208 0.7109 0.2996 -0.5807 0.2599 0.7773 -0.3921 -0.4911 -0.0306 0.7371 -0.0223 0.6672 0.1053
0.218 -0.5713 -0.0829 -0.7869 0.2997 -0.7055 -0.0915 -0.6357 0.6613 0.2813 -0.5884 0.3705 0.7354 0.1592 -0.6535 0.0825 0.6745 -0.0837 -0.7332 -0.0241 0.6935 0.2841 -0.6265 0.2139 0.9384 -0.0814 0.3353 0.0208 0.7109 0.2996 -0.5807 0.2599 0.7773 -0.3921 -0.4911 -0.0306 0.7371 -0.0223 0.6672 0.1053
0.218 -0.5713 -0.0829 -0.7869 0.2997 -0.7055 -0.0915 -0.6357 0.6613 0.2813 -0.5884 0.3705 0.7354 0.1592 -0.6535 0.0825 0.6502 -0.0626 -0.7527 -0.0818 0.6935 0.2841 -0.6265 0.2139 0.9376 -0.0768 0.3383 0.0238 0.7614 0.2833 -0.546 0.2046 0.7773 -0.3921 -0.4911 -0.0306 0.7371 -0.0223 0.6672 0.1053
0.218 -0.5713 -0.0829 -0.7869 0.2997 -0.7055 -0.0915 -0.6357 0.631 0.312 -0.586 0.4014 0.7354 0.1592 -0.6535 0.0825 0.6502 -0.0626 -0.7527 -0.0818 0.6935 0.2841 -0.6265 0.2139 0.9376 -0.0768 0.3383 0.0238 0.7614 0.2833 -0.546 0.2046 0.7773 -0.3921 -0.4911 -0.0306 0.7371 -0.0223 0.6672 0.1053
0.218 -0.5713 -0.0829 -0.7869 0.2997 -0.7055 -0.0915 -0.6357 0.631 0.312 -0.586 0.4014 0.7354 0.1592 -0.6535 0.0825 0.6502 -0.0626 -0.7527 -0.0818 0.6935 0.2841 -0.6265 0.2139 0.9376 -0.0768 0.3383 0.0238 0.7614 0.2833 -0.546 0.2046 0.7773 -0.3921 -0.4911 -0.0306 0.7371 -0.0223 0.6672 0.1053
0.218 -0.5713 -0.0829 -0.7869 0.3144 -0.7076 -0.0896 -0.6265 0.631 0.312 -0.586 0.4014 0.7354 0.1592 -0.6535 0.0825 0.6502 -0.0626 -0.7527 -0.0818 0.7149 0.3103 -0.6031 0.1699 0.9376 -0.0768 0.3383 0.0238 0.7614 0.2833 -0.546 0.2046 0.7773 -0.3921 -0.4911 -0.0306 0.7371 -0.0223 0.6672 0.1053
0.2351 -0.5643 -0.1024 -0.7848 0.3144 -0.7076 -0.0896 -0.6265 0.631 0.312 -0.586 0.4014 0.7354 0.1592 -0.6535 0.0825 0.6502 -0.0626 -0.7527 -0.0818 0.7149 0.3103 -0.6031 0.1699 0.9376 -0.0768 0.3383 0.0238 0.7614 0.2833 -0.546 0.2046 0.7773 -0.3921 -0.4911 -0.0306 0.7371 -0.0223 0.6672 0.1053
0.2351 -0.5643 -0.1024 -0.7848 0.3144 -0.7076 -0.0896 -0.6265 0.631 0.312 -0.586 0.4014 0.7354 0.1592 -0.6535 0.0825 0.6502 -0.0626 -0.7527 -0.0818 0.7149 0.3103 -0.6031 0.1699 0.9376 -0.0768 0.3383 0.0238 0.7614 0.2833 -0.546 0.2046 0.7619 -0.2889 -0.575 -0.0731 0.7371 -0.0223 0.6672 0.1053
0.2351 -0.5643 -0.1024 -0.7848 0.3144 -0.7076 -0.0896 -0.6265 0.631 0.312 -0.586 0.4014 0.7354 0.1592 -0.6535 0.0825 0.6417 -0.0547 -0.7589 -0.0971 0.7149 0.3103 -0.6031 0.1699 0.9363 -0.0774 0.3419 0.0231 0.7614 0.2833 -0.546 0.2046 0.7619 -0.2889 -0.575 -0.0731 0.7371 -0.0223 0.6672 0.1053
0.2351 -0.5643 -0.1024 -0.7848 0.3144 -0.7076 -0.0896 -0.6265 0.631 0.312 -0.586 0.4014 0.7354 0.1592 -0.6535 0.0825 0.6417 -0.0547 -0.7589 -0.0971 0.7149 0.3103 -0.6031 0.1699 0.9363 -0.0774 0.3419 0.0231 0.7614 0.2833 -0.546 0.2046 0.7619 -0.2889 -0.575 -0.0731 0.7371 -0.0223 0.6672 0.1053
0.2351 -0.5643 -0.1024 -0.7848 0.3144 -0.7076 -0.0896 -0.6265 0.6213 0.3061 -0.5939 0.4093 0.7354 0.1592 -0.6535 0.0825 0.6417 -0.0547 -0.7589 -0.0971 0.7149 0.3103 -0.6031 0.1699 0.9363 -0.0774 0.3419 0.0231 0.8066 0.2217 -0.5311 0.1347 0.7619 -0.2889 -0.575 -0.0731 0.7371 -0.0223 0.6672 0.1053
0.2351 -0.5643 -0.1024 -0.7848 0.3144 -0.7076 -0.0896 -0.6265 0.6213 0.3061 -0.5939 0.4093 0.7354 0.1592 -0.6535 0.0825 0.6417 -0.0547 -0.7589 -0.0971 0.7149 0.3103 -0.6031 0.1699 0.9363 -0.0774 0.3419 0.0231 0.8066 0.2217 -0.5311 0.1347 0.7619 -0.2889 -0.575 -0.0731 0.7371 -0.0223 0.6672 0.1053
0.2351 -0.5643 -0.1024 -0.7848 0.3144 -0.7076 -0.0896 -0.6265 0.6213 0.3061 -0.5939 0.4093 0.7354 0.1592 -0.6535 0.0825 0.6417 -0.0547 -0.7589 -0.0971 0.7149 0.3103 -0.6031 0.1699 0.9363 -0.0774 0.3419 0.0231 0.8066 0.2217 -0.5311 0.1347 0.7619 -0.2889 -0.575 -0.0731 0.7371 -0.0223 0.6672 0.1053
0.2351 -0.5643 -0.1024 -0.7848 0.3144 -0.7076 -0.0896 -0.6265 0.6213 0.3061 -0.5939 0.4093 0.7354 0.1592 -0.6535 0.0825 0.6417 -0.0547 -0.7589 -0.0971 0.7149 0.3103 -0.6031 0.1699 0.9363 -0.0774 0.3419 0.0231 0.8066 0.2217 -0.5311 0.1347 0.7619 -0.2889 -0.575 -0.0731 0.7371 -0.0223 0.6672 0.1053
0.2351 -0.5643 -0.1024 -0.7848 0.3144 -0.7076 -0.0896 -0.6265 0.6213 0.3061 -0.5939 0.4093 0.7354 0.1592 -0.6535 0.0825 0.6417 -0.0547 -0.7589 -0.0971 0.7149 0.3103 -0.6031 0.1699 0.9363 -0.0774 0.3419 0.0231 0.8066 0.2217 -0.5311 0.1347 0.7619 -0.2889 -0.575 -0.0731 0.7371 -0.0223 0.6672 0.1053
0.2319 -0.5532 -0.1176 -0.7914 0.3144 -0.7076 -0.0896 -0.6265 0.6213 0.3061 -0.5939 0.4093 0.7263 0.1743 -0.6617 0.066 0.6332 -0.0244 -0.7662 -0.1069 0.7149 0.3103 -0.6031 0.1699 0.9363 -0.0774 0.3419 0.0231 0.8066 0.2217 -0.5311 0.1347 0.6796 -0.2171 -0.6754 -0.1868 0.9106 -0.0831 0.373 0.1572
0.2319 -0.5532 -0.1176 -0.7914 0.3144 -0.7076 -0.0896 -0.6265 0.6213 0.3061 -0.5939 0.4093 0.7263 0.1743 -0.6617 0.066 0.6332 -0.0244 -0.7662 -0.1069 0.7149 0.3103 -0.6031 0.1699 0.9362 -0.0773 0.3421 0.0223 0.8066 0.2217 -0.5311 0.1347 0.6796 -0.2171 -0.6754 -0.1868 0.9106 -0.0831 0.373 0.1572
0.2319 -0.5532 -0.1176 -0.7914 0.3144 -0.7076 -0.0896 -0.6265 0.6129 0.312 -0.5969 0.4132 0.7263 0.1743 -0.6617 0.066 0.6332 -0.0244 -0.7662 -0.1069 0.7149 0.3103 -0.6031 0.1699 0.9362 -0.0773 0.3421 0.0223 0.7947 0.2607 -0.5269 0.1511 0.6796 -0.2171 -0.6754 -0.1868 0.9106 -0.0831 0.373 0.1572
0.2319 -0.5532 -0.1176 -0.7914 0.3144 -0.7076 -0.0896 -0.6265 0.6129 0.312 -0.5969 0.4132 0.7263 0.1743 -0.6617 0.066 0.6332 -0.0244 -0.7662 -0.1069 0.7149 0.3103 -0.6031 0.1699 0.9362 -0.0773 0.3421 0.0223 0.7947 0.2607 -0.5269 0.1511 0.6796 -0.2171 -0.6754 -0.1868 0.9106 -0.0831 0.373 0.1572
0.2319 -0.5532 -0.1176 -0.7914 0.3362 -0.7073 -0.144 -0.6049 0.6129 0.312 -0.5969 0.4132 0.7263 0.1743 -0.6617 0.066 0.6332 -0.0244 -0.7662 -0.1069 0.7338 0.3308 -0.5731 0.1536 0.9362 -0.0773 0.3421 0.0223 0.7947 0.2607 -0.5269 0.1511 0.6796 -0.2171 -0.6754 -0.1868 0.9106 -0.0831 0.373 0.1572
0.2378 -0.5479 -0.1473 -0.7884 0.3362 -0.7073 -0.144 -0.6049 0.6129 0.312 -0.5969 0.4132 0.7263 0.1743 -0.6617 0.066 0.6332 -0.0244 -0.7662 -0.1069 0.7338 0.3308 -0.5731 0.1536 0.9362 -0.0773 0.3421 0.0223 0.7947 0.2607 -0.5269 0.1511 0.6796 -0.2171 -0.6754 -0.1868 0.9106 -0.0831 0.373 0.1572
0.2378 -0.5479 -0.1473 -0.7884 0.3362 -0.7073 -0.144 -0.6049 0.6129 0.312 -0.5969 0.4132 0.7263 0.1743 -0.6617 0.066 0.6332 -0.0244 -0.7662 -0.1069 0.7338 0.3308 -0.5731 0.1536 0.9362 -0.0773 0.3421 0.0223 0.7947 0.2607 -0.5269 0.1511 0.6796 -0.2171 -0.6754 -0.1868 0.9106 -0.0831 0.373 0.1572
0.2378 -0.5479 -0.1473 -0.7884 0.3362 -0.7073 -0.144 -0.6049 0.6129 0.312 -0.5969 0.4132 0.7219 0.178 -0.6627 0.0894 0.6332 -0.0244 -0.7662 -0.1069 0.7338 0.3308 -0.5731 0.1536 0.9364 -0.076 0.3417 0.0228 0.7947 0.2607 -0.5269 0.1511 0.591 -0.2142 -0.7067 -0.3246 0.9566 -0.041 0.283 0.0558
0.2378 -0.5479 -0.1473 -0.7884 0.3362 -0.7073 -0.144 -0.6049 0.6129 0.312 -0.5969 0.4132 0.7219 0.178 -0.6627 0.0894 0.6332 -0.0244 -0.7662 -0.1069 0.7338 0.3308 -0.5731 0.1536 0.9364 -0.076 0.3417 0.0228 0.7947 0.2607 -0.5269 0.1511 0.591 -0.2142 -0.7067 -0.3246 0.9566 -0.041 0.283 0.0558
0.2378 -0.5479 -0.1473 -0.7884 0.3362 -0.7073 -0.144 -0.6049 0.6143 0.3041 -0.5945 0.4204 0.7219 0.178 -0.6627 0.0894 0.6332 -0.0244 -0.7662 -0.1069 0.7338 0.3308 -0.5731 0.1536 0.9364 -0.076 0.3417 0.0228 0.7844 0.2355 -0.5613 0.119 0.591 -0.2142 -0.7067 -0.3246 0.9566 -0.041 0.283 0.0558
0.2378 -0.5479 -0.1473 -0.7884 0.3362 -0.7073 -0.144 -0.6049 0.6143 0.3041 -0.5945 0.4204 0.7219 0.178 -0.6627 0.0894 0.6332 -0.0244 -0.7662 -0.1069 0.7338 0.3308 -0.5731 0.1536 0.9364 -0.076 0.3417 0.0228 0.7844 0.2355 -0.5613 0.119 0.591 -0.2142 -0.7067 -0.3246 0.9566 -0.041 0.283 0.0558
0.2378 -0.5479 -0.1473 -0.7884 0.3362 -0.7073 -0.144 -0.6049 0.6143 0.3041 -0.5945 0.4204 0.7219 0.178 -0.6627 0.0894 0.6332 -0.0244 -0.7662 -0.1069 0.7338 0.3308 -0.5731 0.1536 0.9364 -0.076 0.3417 0.0228 0.7844 0.2355 -0.5613 0.119 0.591 -0.2142 -0.7067 -0.3246 0.9566 -0.041 0.283 0.0558
0.2378 -0.5479 -0.1473 -0.7884 0.3325 -0.6935 -0.1646 -0.6175 0.6143 0.3041 -0.5945 0.4204 0.7219 0.178 -0.6627 0.0894 0.6332 -0.0244 -0.7662 -0.1069 0.7563 0.3519 -0.5365 0.1278 0.9364 -0.076 0.3417 0.0228 0.7844 0.2355 -0.5613 0.119 0.591 -0.2142 -0.7067 -0.3246 0.9566 -0.041 0.283 0.0558
0.2354 -0.5477 -0.1473 -0.7892 0.3325 -0.6935 -0.1646 -0.6175 0.6143 0.3041 -0.5945 0.4204 0.7224 0.1707 -0.6639 0.0908 0.6332 -0.0244 -0.7662 -0.1069 0.7563 0.3519 -0.5365 0.1278 0.9364 -0.076 0.3417 0.0228 0.7844 0.2355 -0.5613 0.119 0.5972 -0.2414 -0.7078 -0.29 0.9566 -0.041 0.283 0.0558
0.2354 -0.5477 -0.1473 -0.7892 0.3325 -0.6935 -0.1646 -0.6175 0.6143 0.3041 -0.5945 0.4204 0.7224 0.1707 -0.6639 0.0908 0.6332 -0.0244 -0.7662 -0.1069 0.7563 0.3519 -0.5365 0.1278 0.9364 -0.076 0.3417 0.0228 0.7844 0.2355 -0.5613 0.119 0.5972 -0.2414 -0.7078 -0.29 0.9566 -0.041 0.283 0.0558
0.2354 -0.5477 -0.1473 -0.7892 0.3325 -0.6935 -0.1646 -0.6175 0.6143 0.3041 -0.5945 0.4204 0.7224 0.1707 -0.6639 0.0908 0.6304 -0.0087 -0.767 -0.1195 0.7563 0.3519 -0.5365 0.1278 0.9295 -0.0755 0.3593 0.0349 0.7844 0.2355 -0.5613 0.119 0.5972 -0.2414 -0.7078 -0.29 0.9566 -0.041 0.283 0.0558
0.2354 -0.5477 -0.1473 -0.7892 0.3325 -0.6935 -0.1646 -0.6175 0.6143 0.3041 -0.5945 0.4204 0.7224 0.1707 -0.6639 0.0908 0.6304 -0.0087 -0.767 -0.1195 0.7563 0.3519 -0.5365 0.1278 0.9295 -0.0755 0.3593 0.0349 0.7548 0.272 -0.5797 0.1425 0.5972 -0.2414 -0.7078 -0.29 0.9566 -0.041 0.283 0.0558
0.2354 -0.5477 -0.1473 -0.7892 0.3325 -0.6935 -0.1646 -0.6175 0.6143 0.3041 -0.5945 0.4204 0.7224 0.1707 -0.6639 0.0908 0.6304 -0.0087 -0.767 -0.1195 0.7563 0.3519 -0.5365 0.1278 0.9295 -0.0755 0.3593 0.0349 0.7548 0.272 -0.5797 0.1425 0.5972 -0.2414 -0.7078 -0.29 0.9566 -0.041 0.283 0.0558
0.2354 -0.5477 -0.1473 -0.7892 0.3325 -0.6935 -0.1646 -0.6175 0.6143 0.3041 -0.5945 0.4204 0.7224 0.1707 -0.6639 0.0908 0.6304 -0.0087 -0.767 -0.1195 0.7563 0.3519 -0.5365 0.1278 0.9295 -0.0755 0.3593 0.0349 0.7548 0.272 -0.5797 0.1425 0.5972 -0.2414 -0.7078 -0.29 0.9566 -0.041 0.283 0.0558
0.2354 -0.5477 -0.1473 -0.7892 0.306 -0.6922 -0.1427 -0.6379 0.6143 0.3041 -0.5945 0.4204 0.7224 0.1707 -0.6639 0.0908 0.6304 -0.0087 -0.767 -0.1195 0.7879 0.3801 -0.4826 0.0427 0.9295 -0.0755 0.3593 0.0349 0.7548 0.272 -0.5797 0.1425 0.5972 -0.2414 -0.7078 -0.29 0.9566 -0.041 0.283 0.0558
0.2354 -0.5477 -0.1473 -0.7892 0.306 -0.6922 -0.1427 -0.6379 0.6143 0.3041 -0.5945 0.4204 0.7284 0.1717 -0.6555 0.1014 0.6304 -0.0087 -0.767 -0.1195 0.7879 0.3801 -0.4826 0.0427 0.9295 -0.0755 0.3593 0.0349 0.7548 0.272 -0.5797 0.1425 0.6032 -0.2786 -0.6981 -0.2668 0.9566 -0.041 0.283 0.0558
0.2354 -0.5477 -0.1473 -0.7892 0.306 -0.6922 -0.1427 -0.6379 0.6143 0.3041 -0.5945 0.4204 0.7284 0.1717 -0.6555 0.1014 0.6799 -0.0814 -0.7221 -0.098 0.7879 0.3801 -0.4826 0.0427 0.8362 -0.0475 0.5429 0.0608 0.7548 0.272 -0.5797 0.1425 0.6032 -0.2786 -0.6981 -0.2668 0.9566 -0.041 0.283 0.0558
0.2354 -0.5477 -0.1473 -0.7892 0.306 -0.6922 -0.1427 -0.6379 0.6143 0.3041 -0.5945 0.4204 0.7284 0.1717 -0.6555 0.1014 0.6799 -0.0814 -0.7221 -0.098 0.7879 0.3801 -0.4826 0.0427 0.8362 -0.0475 0.5429 0.0608 0.7214 0.2704 -0.6138 0.1724 0.6032 -0.2786 -0.6981 -0.2668 0.9566 -0.041 0.283 0.0558
0.2354 -0.5477 -0.1473 -0.7892 0.306 -0.6922 -0.1427 -0.6379 0.6321 0.3124 -0.5831 0.4034 0.7284 0.1717 -0.6555 0.1014 0.6799 -0.0814 -0.7221 -0.098 0.7879 0.3801 -0.4826 0.0427 0.8362 -0.0475 0.5429 0.0608 0.7214 0.2704 -0.6138 0.1724 0.6032 -0.2786 -0.6981 -0.2668 0.9566 -0.041 0.283 0.0558
0.2354 -0.5477 -0.1473 -0.7892 0.306 -0.6922 -0.1427 -0.6379 0.6321 0.3124 -0.5831 0.4034 0.7284 0.1717 -0.6555 0.1014 0.6799 -0.0814 -0.7221 -0.098 0.7879 0.3801 -0.4826 0.0427 0.8362 -0.0475 0.5429 0.0608 0.7214 0.2704 -0.6138 0.1724 0.6032 -0.2786 -0.6981 -0.2668 0.9566 -0.041 0.283 0.0558
0.2354 -0.5477 -0.1473 -0.7892 0.306 -0.6922 -0.1427 -0.6379 0.6321 0.3124 -0.5831 0.4034 0.7284 0.1717 -0.6555 0.1014 0.6799 -0.0814 -0.7221 -0.098 0.7879 0.3801 -0.4826 0.0427 0.8362 -0.0475 0.5429 0.0608 0.7214 0.2704 -0.6138 0.1724 0.6032 -0.2786 -0.6981 -0.2668 0.9566 -0.041 0.283 0.0558
0.2354 -0.5477 -0.1473 -0.7892 0.3069 -0.7137 -0.1105 -0.6198 0.6321 0.3124 -0.5831 0.4034 0.7284 0.1717 -0.6555 0.1014 0.6799 -0.0814 -0.7221 -0.098 0.7931 0.4443 -0.4165 -0.0108 0.8362 -0.0475 0.5429 0.0608 0.7214 0.2704 -0.6138 0.1724 0.6032 -0.2786 -0.6981 -0.2668 0.9566 -0.041 0.283 0.0558
0.2354 -0.5477 -0.1473 -0.7892 0.3069 -0.7137 -0.1105 -0.6198 0.6321 0.3124 -0.5831 0.4034 0.7284 0.1717 -0.6555 0.1014 0.6799 -0.0814 -0.7221 -0.098 0.7931 0.4443 -0.4165 -0.0108 0.8362 -0.0475 0.5429 0.0608 0.7214 0.2704 -0.6138 0.1724 0.6088 -0.3047 -0.6857 -0.2574 0.9566 -0.041 0.283 0.0558
0.2354 -0.5477 -0.1473 -0.7892 0.3069 -0.7137 -0.1105 -0.6198 0.6321 0.3124 -0.5831 0.4034 0.7284 0.1717 -0.6555 0.1014 0.6799 -0.0814 -0.7221 -0.098 0.7931 0.4443 -0.4165 -0.0108 0.8362 -0.0475 0.5429 0.0608 0.7214 0.2704 -0.6138 0.1724 0.6088 -0.3047 -0.6857 -0.2574 0.9566 -0.041 0.283 0.0558
0.2354 -0.5477 -0.1473 -0.7892 0.3069 -0.7137 -0.1105 -0.6198 0.6321 0.3124 -0.5831 0.4034 0.7284 0.1717 -0.6555 0.1014 0.712 -0.1492 -0.6827 -0.0686 0.7931 0.4443 -0.4165 -0.0108 0.7648 -0.0583 0.6412 0.0228 0.7045 0.2618 -0.6341 0.1818 0.6088 -0.3047 -0.6857 -0.2574 0.9566 -0.041 0.283 0.0558
0.2354 -0.5477 -0.1473 -0.7892 0.3069 -0.7137 -0.1105 -0.6198 0.6687 0.2789 -0.5752 0.3796 0.7284 0.1717 -0.6555 0.1014 0.712 -0.1492 -0.6827 -0.0686 0.7931 0.4443 -0.4165 -0.0108 0.7648 -0.0583 0.6412 0.0228 0.7045 0.2618 -0.6341 0.1818 0.6088 -0.3047 -0.6857 -0.2574 0.9566 -0.041 0.283 0.0558
0.2354 -0.5477 -0.1473 -0.7892 0.3069 -0.7137 -0.1105 -0.6198 0.6687 0.2789 -0.5752 0.3796 0.7284 0.1717 -0.6555 0.1014 0.712 -0.1492 -0.6827 -0.0686 0.7931 0.4443 -0.4165 -0.0108 0.7648 -0.0583 0.6412 0.0228 0.7045 0.2618 -0.6341 0.1818 0.6088 -0.3047 -0.6857 -0.2574 0.9566 -0.041 0.283 0.0558
0.2354 -0.5477 -0.1473 -0.7892 0.3069 -0.7137 -0.1105 -0.6198 0.6687 0.2789 -0.5752 0.3796 0.7284 0.1717 -0.6555 0.1014 0.712 -0.1492 -0.6827 -0.0686 0.7931 0.4443 -0.4165 -0.0108 0.7648 -0.0583 0.6412 0.0228 0.7045 0.2618 -0.6341 0.1818 0.6088 -0.3047 -0.6857 -0.2574 0.9566 -0.041 0.283 0.0558
0.2354 -0.5477 -0.1473 -0.7892 0.2935 -0.7357 -0.0682 -0.6065 0.6687 0.2789 -0.5752 0.3796 0.7284 0.1717 -0.6555 0.1014 0.712 -0.1492 -0.6827 -0.0686 0.803 0.4058 -0.4362 -0.0157 0.7648 -0.0583 0.6412 0.0228 0.7045 0.2618 -0.6341 0.1818 0.6088 -0.3047 -0.6857 -0.2574 0.9566 -0.041 0.283 0.0558
0.2354 -0.5477 -0.1473 -0.7892 0.2935 -0.7357 -0.0682 -0.6065 0.6687 0.2789 -0.5752 0.3796 0.7284 0.1717 -0.6555 0.1014 0.712 -0.1492 -0.6827 -0.0686 0.803 0.4058 -0.4362 -0.0157 0.7648 -0.0583 0.6412 0.0228 0.7045 0.2618 -0.6341 0.1818 0.6088 -0.3047 -0.6857 -0.2574 0.9566 -0.041 0.283 0.0558
0.1807 -0.5802 -0.0759 -0.7905 0.2935 -0.7357 -0.0682 -0.6065 0.6687 0.2789 -0.5752 0.3796 0.7682 0.157 -0.6201 0.0255 0.712 -0.1492 -0.6827 -0.0686 0.803 0.4058 -0.4362 -0.0157 0.7648 -0.0583 0.6412 0.0228 0.7045 0.2618 -0.6341 0.1818 0.6229 -0.3005 -0.6812 -0.2405 0.9351 -0.0428 0.3475 0.056
0.1807 -0.5802 -0.0759 -0.7905 0.2935 -0.7357 -0.0682 -0.6065 0.6687 0.2789 -0.5752 0.3796 0.7682 0.157 -0.6201 0.0255 0.7228 -0.1823 -0.6662 -0.021 0.803 0.4058 -0.4362 -0.0157 0.8306 -0.0607 0.5535 0.0096 0.6748 0.2538 -0.661 0.2082 0.6229 -0.3005 -0.6812 -0.2405 0.9351 -0.0428 0.3475 0.056
0.1807 -0.5802 -0.0759 -0.7905 0.2935 -0.7357 -0.0682 -0.6065 0.688 0.2722 -0.5619 0.3699 0.7682 0.157 -0.6201 0.0255 0.7228 -0.1823 -0.6662 -0.021 0.803 0.4058 -0.4362 -0.0157 0.8306 -0.0607 0.5535 0.0096 0.6748 0.2538 -0.661 0.2082 0.6229 -0.3005 -0.6812 -0.2405 0.9351 -0.0428 0.3475 0.056
0.1807 -0.5802 -0.0759 -0.7905 0.2935 -0.7357 -0.0682 -0.6065 0.688 0.2722 -0.5619 0.3699 0.7682 0.157 -0.6201 0.0255 0.7228 -0.1823 -0.6662 -0.021 0.803 0.4058 -0.4362 -0.0157 0.8306 -0.0607 0.5535 0.0096 0.6748 0.2538 -0.661 0.2082 0.6229 -0.3005 -0.6812 -0.2405 0.9351 -0.0428 0.3475 0.056
0.1807 -0.5802 -0.0759 -0.7905 0.2935 -0.7357 -0.0682 -0.6065 0.688 0.2722 -0.5619 0.3699 0.7682 0.157 -0.6201 0.0255 0.7228 -0.1823 -0.6662 -0.021 0.803 0.4058 -0.4362 -0.0157 0.8306 -0.0607 0.5535 0.0096 0.6748 0.2538 -0.661 0.2082 0.6229 -0.3005 -0.6812 -0.2405 0.9351 -0.0428 0.3475 0.056
0.1807 -0.5802 -0.0759 -0.7905 0.2759 -0.7426 -0.054 -0.6079 0.688 0.2722 -0.5619 0.3699 0.7682 0.157 -0.6201 0.0255 0.7228 -0.1823 -0.6662 -0.021 0.7737 0.3058 -0.5486 0.0819 0.8306 -0.0607 0.5535 0.0096 0.6748 0.2538 -0.661 0.2082 0.6229 -0.3005 -0.6812 -0.2405 0.9351 -0.0428 0.3475 0.056
0.1807 -0.5802 -0.0759 -0.7905 0.2759 -0.7426 -0.054 -0.6079 0.688 0.2722 -0.5619 0.3699 0.7757 0.177 -0.6057 0.0104 0.7228 -0.1823 -0.6662 -0.021 0.7737 0.3058 -0.5486 0.0819 0.8306 -0.0607 0.5535 0.0096 0.6748 0.2538 -0.661 0.2082 0.6285 -0.2985 -0.6785 -0.2356 0.9351 -0.0428 0.3475 0.056
0.1807 -0.5802 -0.0759 -0.7905 0.2759 -0.7426 -0.054 -0.6079 0.688 0.2722 -0.5619 0.3699 0.7757 0.177 -0.6057 0.0104 0.7228 -0.1823 -0.6662 -0.021 0.7737 0.3058 -0.5486 0.0819 0.8306 -0.0607 0.5535 0.0096 0.6748 0.2538 -0.661 0.2082 0.6285 -0.2985 -0.6785 -0.2356 0.9351 -0.0428 0.3475 0.056
0.1807 -0.5802 -0.0759 -0.7905 0.2759 -0.7426 -0.054 -0.6079 0.688 0.2722 -0.5619 0.3699 0.7757 0.177 -0.6057 0.0104 0.7129 -0.1562 -0.6837 -0.0012 0.7737 0.3058 -0.5486 0.0819 0.9274 -0.0468 0.3712 0.0052 0.6431 0.2401 -0.6903 0.2286 0.6285 -0.2985 -0.6785 -0.2356 0.9351 -0.0428 0.3475 0.056
0.1807 -0.5802 -0.0759 -0.7905 0.2759 -0.7426 -0.054 -0.6079 0.6935 0.2567 -0.5649 0.3662 0.7757 0.177 -0.6057 0.0104 0.7129 -0.1562 -0.6837 -0.0012 0.7737 0.3058 -0.5486 0.0819 0.9274 -0.0468 0.3712 0.0052 0.6431 0.2401 -0.6903 0.2286 0.6285 -0.2985 -0.6785 -0.2356 0.9351 -0.0428 0.3475 0.056
0.1807 -0.5802 -0.0759 -0.7905 0.2759 -0.7426 -0.054 -0.6079 0.6935 0.2567 -0.5649 0.3662 0.7757 0.177 -0.6057 0.0104 0.7129 -0.1562 -0.6837 -0.0012 0.7737 0.3058 -0.5486 0.0819 0.9274 -0.0468 0.3712 0.0052 0.6431 0.2401 -0.6903 0.2286 0.6285 -0.2985 -0.6785 -0.2356 0.9351 -0.0428 0.3475 0.056
0.1807 -0.5802 -0.0759 -0.7905 0.2537 -0.7352 -0.057 -0.6259 0.6935 0.2567 -0.5649 0.3662 0.7757 0.177 -0.6057 0.0104 0.7129 -0.1562 -0.6837 -0.0012 0.706 0.1843 -0.642 0.2352 0.9274 -0.0468 0.3712 0.0052 0.6431 0.2401 -0.6903 0.2286 0.6285 -0.2985 -0.6785 -0.2356 0.9351 -0.0428 0.3475 0.056
0.1807 -0.5802 -0.0759 -0.7905 0.2537 -0.7352 -0.057 -0.6259 0.6935 0.2567 -0.5649 0.3662 0.7757 0.177 -0.6057 0.0104 0.7129 -0.1562 -0.6837 -0.0012 0.706 0.1843 -0.642 0.2352 0.9274 -0.0468 0.3712 0.0052 0.6431 0.2401 -0.6903 0.2286 0.6285 -0.2985 -0.6785 -0.2356 0.9351 -0.0428 0.3475 0.056
0.1807 -0.5802 -0.0759 -0.7905 0.2537 -0.7352 -0.057 -0.6259 0.6935 0.2567 -0.5649 0.3662 0.7757 0.177 -0.6057 0.0104 0.7129 -0.1562 -0.6837 -0.0012 0.706 0.1843 -0.642 0.2352 0.9274 -0.0468 0.3712 0.0052 0.6431 0.2401 -0.6903 0.2286 0.6393 -0.3025 -0.6704 -0.2243 0.9351 -0.0428 0.3475 0.056
0.1807 -0.5802 -0.0759 -0.7905 0.2537 -0.7352 -0.057 -0.6259 0.6935 0.2567 -0.5649 0.3662 0.7757 0.177 -0.6057 0.0104 0.7129 -0.1562 -0.6837 -0.0012 0.706 0.1843 -0.642 0.2352 0.9274 -0.0468 0.3712 0.0052 0.6431 0.2401 -0.6903 0.2286 0.6393 -0.3025 -0.6704 -0.2243 0.9351 -0.0428 0.3475 0.056
0.1807 -0.5802 -0.0759 -0.7905 0.2537 -0.7352 -0.057 -0.6259 0.6935 0.2567 -0.5649 0.3662 0.7757 0.177 -0.6057 0.0104 0.705 -0.0896 -0.7034 0.0146 0.706 0.1843 -0.642 0.2352 0.973 -0.0283 0.2255 0.0422 0.6431 0.2401 -0.6903 0.2286 0.6393 -0.3025 -0.6704 -0.2243 0.9351 -0.0428 0.3475 0.056
0.1807 -0.5802 -0.0759 -0.7905 0.2537 -0.7352 -0.057 -0.6259 0.6892 0.2602 -0.5654 0.371 0.7757 0.177 -0.6057 0.0104 0.705 -0.0896 -0.7034 0.0146 0.706 0.1843 -0.642 0.2352 0.973 -0.0283 0.2255 0.0422 0.6157 0.2261 -0.7128 0.2482 0.6393 -0.3025 -0.6704 -0.2243 0.9351 -0.0428 0.3475 0.056
0.1807 -0.5802 -0.0759 -0.7905 0.2537 -0.7352 -0.057 -0.6259 0.6892 0.2602 -0.5654 0.371 0.7757 0.177 -0.6057 0.0104 0.705 -0.0896 -0.7034 0.0146 0.706 0.1843 -0.642 0.2352 0.973 -0.0283 0.2255 0.0422 0.6157 0.2261 -0.7128 0.2482 0.6393 -0.3025 -0.6704 -0.2243 0.9351 -0.0428 0.3475 0.056
0.1807 -0.5802 -0.0759 -0.7905 0.2537 -0.7352 -0.057 -0.6259 0.6892 0.2602 -0.5654 0.371 0.7757 0.177 -0.6057 0.0104 0.705 -0.0896 -0.7034 0.0146 0.706 0.1843 -0.642 0.2352 0.973 -0.0283 0.2255 0.0422 0.6157 0.2261 -0.7128 0.2482 0.6393 -0.3025 -0.6704 -0.2243 0.9351 -0.0428 0.3475 0.056
0.1807 -0.5802 -0.0759 -0.7905 0.2537 -0.7352 -0.057 -0.6259 0.6892 0.2602 -0.5654 0.371 0.7757 0.177 -0.6057 0.0104 0.705 -0.0896 -0.7034 0.0146 0.6954 0.1813 -0.6534 0.2379 0.973 -0.0283 0.2255 0.0422 0.6157 0.2261 -0.7128 0.2482 0.6393 -0.3025 -0.6704 -0.2243 0.9351 -0.0428 0.3475 0.056
0.1807 -0.5802 -0.0759 -0.7905 0.2537 -0.7352 -0.057 -0.6259 0.6892 0.2602 -0.5654 0.371 0.7672 0.1678 -0.619 0.0041 0.705 -0.0896 -0.7034 0.0146 0.6954 0.1813 -0.6534 0.2379 0.973 -0.0283 0.2255 0.0422 0.6157 0.2261 -0.7128 0.2482 0.6393 -0.3025 -0.6704 -0.2243 0.9351 -0.0428 0.3475 0.056
0.1807 -0.5802 -0.0759 -0.7905 0.2537 -0.7352 -0.057 -0.6259 0.6892 0.2602 -0.5654 0.371 0.7672 0.1678 -0.619 0.0041 0.705 -0.0896 -0.7034 0.0146 0.6954 0.1813 -0.6534 0.2379 0.973 -0.0283 0.2255 0.0422 0.6157 0.2261 -0.7128 0.2482 0.6797 -0.3237 -0.6315 -0.1855 0.9351 -0.0428 0.3475 0.056
0.1807 -0.5802 -0.0759 -0.7905 0.2537 -0.7352 -0.057 -0.6259 0.6892 0.2602 -0.5654 0.371 0.7672 0.1678 -0.619 0.0041 0.705 -0.0896 -0.7034 0.0146 0.6954 0.1813 -0.6534 0.2379 0.973 -0.0283 0.2255 0.0422 0.6157 0.2261 -0.7128 0.2482 0.6797 -0.3237 -0.6315 -0.1855 0.9351 -0.0428 0.3475 0.056
0.1807 -0.5802 -0.0759 -0.7905 0.2537 -0.7352 -0.057 -0.6259 0.6702 0.2746 -0.5695 0.3886 0.7672 0.1678 -0.619 0.0041 0.705 -0.0896 -0.7034 0.0146 0.6954 0.1813 -0.6534 0.2379 0.9505 -0.0744 0.2979 0.048 0.6141 0.2324 -0.7057 0.2664 0.6797 -0.3237 -0.6315 -0.1855 0.9351 -0.0428 0.3475 0.056
0.1807 -0.5802 -0.0759 -0.7905 0.2453 -0.7181 -0.0854 -0.6456 0.6702 0.2746 -0.5695 0.3886 0.7672 0.1678 -0.619 0.0041 0.705 -0.0896 -0.7034 0.0146 0.6954 0.1813 -0.6534 0.2379 0.9505 -0.0744 0.2979 0.048 0.6141 0.2324 -0.7057 0.2664 0.6797 -0.3237 -0.6315 -0.1855 0.9351 -0.0428 0.3475 0.056
0.1807 -0.5802 -0.0759 -0.7905 0.2453 -0.7181 -0.0854 -0.6456 0.6702 0.2746 -0.5695 0.3886 0.7672 0.1678 -0.619 0.0041 0.705 -0.0896 -0.7034 0.0146 0.6854 0.2361 -0.643 0.2469 0.9505 -0.0744 0.2979 0.048 0.6141 0.2324 -0.7057 0.2664 0.6797 -0.3237 -0.6315 -0.1855 0.9351 -0.0428 0.3475 0.056
0.1807 -0.5802 -0.0759 -0.7905 0.2453 -0.7181 -0.0854 -0.6456 0.6702 0.2746 -0.5695 0.3886 0.7672 0.1678 -0.619 0.0041 0.705 -0.0896 -0.7034 0.0146 0.6854 0.2361 -0.643 0.2469 0.9505 -0.0744 0.2979 0.048 0.6141 0.2324 -0.7057 0.2664 0.6797 -0.3237 -0.6315 -0.1855 0.9351 -0.0428 0.3475 0.056
0.1807 -0.5802 -0.0759 -0.7905 0.2453 -0.7181 -0.0854 -0.6456 0.6702 0.2746 -0.5695 0.3886 0.7672 0.1678 -0.619 0.0041 0.705 -0.0896 -0.7034 0.0146 0.6854 0.2361 -0.643 0.2469 0.9505 -0.0744 0.2979 0.048 0.6141 0.2324 -0.7057 0.2664 0.6797 -0.3237 -0.6315 -0.1855 0.9351 -0.0428 0.3475 0.056
0.1807 -0.5802 -0.0759 -0.7905 0.2453 -0.7181 -0.0854 -0.6456 0.6702 0.2746 -0.5695 0.3886 0.7672 0.1678 -0.619 0.0041 0.669 -0.0941 -0.7363 -0.0374 0.6854 0.2361 -0.643 0.2469 0.9505 -0.0744 0.2979 0.048 0.6141 0.2324 -0.7057 0.2664 0.7305 -0.3647 -0.5685 -0.1007 0.9351 -0.0428 0.3475 0.056
0.1807 -0.5802 -0.0759 -0.7905 0.2453 -0.7181 -0.0854 -0.6456 0.6702 0.2746 -0.5695 0.3886 0.7672 0.1678 -0.619 0.0041 0.669 -0.0941 -0.7363 -0.0374 0.6854 0.2361 -0.643 0.2469 0.9505 -0.0744 0.2979 0.048 0.6141 0.2324 -0.7057 0.2664 0.7305 -0.3647 -0.5685 -0.1007 0.9351 -0.0428 0.3475 0.056
0.1807 -0.5802 -0.0759 -0.7905 0.2453 -0.7181 -0.0854 -0.6456 0.6578 0.2773 -0.5844 0.3858 0.7672 0.1678 -0.619 0.0041 0.669 -0.0941 -0.7363 -0.0374 0.6854 0.2361 -0.643 0.2469 0.9505 -0.0744 0.2979 0.048 0.6707 0.2443 -0.6508 0.2589 0.7305 -0.3647 -0.5685 -0.1007 0.9351 -0.0428 0.3475 0.056
0.1807 -0.5802 -0.0759 -0.7905 0.2453 -0.7181 -0.0854 -0.6456 0.6578 0.2773 -0.5844 0.3858 0.7672 0.1678 -0.619 0.0041 0.669 -0.0941 -0.7363 -0.0374 0.6854 0.2361 -0.643 0.2469 0.9505 -0.0744 0.2979 0.048 0.6707 0.2443 -0.6508 0.2589 0.7305 -0.3647 -0.5685 -0.1007 0.9351 -0.0428 0.3475 0.056
0.1807 -0.5802 -0.0759 -0.7905 0.2654 -0.7183 -0.0748 -0.6389 0.6578 0.2773 -0.5844 0.3858 0.7672 0.1678 -0.619 0.0041 0.669 -0.0941 -0.7363 -0.0374 0.684 0.265 -0.6399 0.2289 0.9505 -0.0744 0.2979 0.048 0.6707 0.2443 -0.6508 0.2589 0.7305 -0.3647 -0.5685 -0.1007 0.9351 -0.0428 0.3475 0.056
0.1807 -0.5802 -0.0759 -0.7905 0.2654 -0.7183 -0.0748 -0.6389 0.6578 0.2773 -0.5844 0.3858 0.7672 0.1678 -0.619 0.0041 0.669 -0.0941 -0.7363 -0.0374 0.684 0.265 -0.6399 0.2289 0.9505 -0.0744 0.2979 0.048 0.6707 0.2443 -0.6508 0.2589 0.7305 -0.3647 -0.5685 -0.1007 0.9351 -0.0428 0.3475 0.056
0.1807 -0.5802 -0.0759 -0.7905 0.2654 -0.7183 -0.0748 -0.6389 0.6578 0.2773 -0.5844 0.3858 0.7672 0.1678 -0.619 0.0041 0.669 -0.0941 -0.7363 -0.0374 0.684 0.265 -0.6399 0.2289 0.9505 -0.0744 0.2979 0.048 0.6707 0.2443 -0.6508 0.2589 0.7505 -0.4265 -0.5028 -0.0433 0.9351 -0.0428 0.3475 0.056
0.1807 -0.5802 -0.0759 -0.7905 0.2654 -0.7183 -0.0748 -0.6389 0.6578 0.2773 -0.5844 0.3858 0.7672 0.1678 -0.619 0.0041 0.669 -0.0941 -0.7363 -0.0374 0.684 0.265 -0.6399 0.2289 0.9505 -0.0744 0.2979 0.048 0.6707 0.2443 -0.6508 0.2589 0.7505 -0.4265 -0.5028 -0.0433 0.9351 -0.0428 0.3475 0.056
0.1807 -0.5802 -0.0759 -0.7905 0.2654 -0.7183 -0.0748 -0.6389 0.6578 0.2773 -0.5844 0.3858 0.7672 0.1678 -0.619 0.0041 0.6591 -0.0611 -0.7471 -0.0616 0.684 0.265 -0.6399 0.2289 0.9425 -0.0739 0.3223 0.0488 0.7127 0.2975 -0.5762 0.2675 0.7505 -0.4265 -0.5028 -0.0433 0.9351 -0.0428 0.3475 0.056
0.1807 -0.5802 -0.0759 -0.7905 0.2654 -0.7183 -0.0748 -0.6389 0.6615 0.2714 -0.587 0.3796 0.7672 0.1678 -0.619 0.0041 0.6591 -0.0611 -0.7471 -0.0616 0.684 0.265 -0.6399 0.2289 0.9425 -0.0739 0.3223 0.0488 0.7127 0.2975 -0.5762 0.2675 0.7505 -0.4265 -0.5028 -0.0433 0.9351 -0.0428 0.3475 0.056
0.1807 -0.5802 -0.0759 -0.7905 0.2654 -0.7183 -0.0748 -0.6389 0.6615 0.2714 -0.587 0.3796 0.7672 0.1678 -0.619 0.0041 0.6591 -0.0611 -0.7471 -0.0616 0.684 0.265 -0.6399 0.2289 0.9425 -0.0739 0.3223 0.0488 0.7127 0.2975 -0.5762 0.2675 0.7505 -0.4265 -0.5028 -0.0433 0.9351 -0.0428 0.3475 0.056
0.1807 -0.5802 -0.0759 -0.7905 0.2925 -0.7161 -0.0738 -0.6294 0.6615 0.2714 -0.587 0.3796 0.7672 0.1678 -0.619 0.0041 0.6591 -0.0611 -0.7471 -0.0616 0.6953 0.2712 -0.6367 0.1938 0.9425 -0.0739 0.3223 0.0488 0.7127 0.2975 -0.5762 0.2675 0.7505 -0.4265 -0.5028 -0.0433 0.9351 -0.0428 0.3475 0.056
0.1807 -0.5802 -0.0759 -0.7905 0.2925 -0.7161 -0.0738 -0.6294 0.6615 0.2714 -0.587 0.3796 0.7458 0.1506 -0.6487 0.0166 0.6591 -0.0611 -0.7471 -0.0616 0.6953 0.2712 -0.6367 0.1938 0.9425 -0.0739 0.3223 0.0488 0.7127 0.2975 -0.5762 0.2675 0.7505 -0.4265 -0.5028 -0.0433 0.9351 -0.0428 0.3475 0.056
0.1807 -0.5802 -0.0759 -0.7905 0.2925 -0.7161 -0.0738 -0.6294 0.6615 0.2714 -0.587 0.3796 0.7458 0.1506 -0.6487 0.0166 0.6591 -0.0611 -0.7471 -0.0616 0.6953 0.2712 -0.6367 0.1938 0.9425 -0.0739 0.3223 0.0488 0.7127 0.2975 -0.5762 0.2675 0.7505 -0.4265 -0.5028 -0.0433 0.9351 -0.0428 0.3475 0.056
0.1958 -0.5731 -0.0701 -0.7927 0.2925 -0.7161 -0.0738 -0.6294 0.6615 0.2714 -0.587 0.3796 0.7458 0.1506 -0.6487 0.0166 0.6466 -0.0698 -0.7542 -0.091 0.6953 0.2712 -0.6367 0.1938 0.9425 -0.0739 0.3223 0.0488 0.7127 0.2975 -0.5762 0.2675 0.7775 -0.3938 -0.4897 -0.0262 0.9351 -0.0428 0.3475 0.056
0.1958 -0.5731 -0.0701 -0.7927 0.2925 -0.7161 -0.0738 -0.6294 0.6615 0.2714 -0.587 0.3796 0.7458 0.1506 -0.6487 0.0166 0.6466 -0.0698 -0.7542 -0.091 0.6953 0.2712 -0.6367 0.1938 0.9427 -0.07 0.322 0.0526 0.7611 0.2747 -0.5476 0.213 0.7775 -0.3938 -0.4897 -0.0262 0.9351 -0.0428 0.3475 0.056
0.1958 -0.5731 -0.0701 -0.7927 0.2925 -0.7161 -0.0738 -0.6294 0.6397 0.2984 -0.5837 0.4012 0.7458 0.1506 -0.6487 0.0166 0.6466 -0.0698 -0.7542 -0.091 0.6953 0.2712 -0.6367 0.1938 0.9427 -0.07 0.322 0.0526 0.7611 0.2747 -0.5476 0.213 0.7775 -0.3938 -0.4897 -0.0262 0.9351 -0.0428 0.3475 0.056
0.1958 -0.5731 -0.0701 -0.7927 0.2925 -0.7161 -0.0738 -0.6294 0.6397 0.2984 -0.5837 0.4012 0.7458 0.1506 -0.6487 0.0166 0.6466 -0.0698 -0.7542 -0.091 0.6953 0.2712 -0.6367 0.1938 0.9427 -0.07 0.322 0.0526 0.7611 0.2747 -0.5476 0.213 0.7775 -0.3938 -0.4897 -0.0262 0.9351 -0.0428 0.3475 0.056
0.1958 -0.5731 -0.0701 -0.7927 0.2925 -0.7161 -0.0738 -0.6294 0.6397 0.2984 -0.5837 0.4012 0.7458 0.1506 -0.6487 0.0166 0.6466 -0.0698 -0.7542 -0.091 0.7159 0.282 -0.6182 0.1607 0.9427 -0.07 0.322 0.0526 0.7611 0.2747 -0.5476 0.213 0.7775 -0.3938 -0.4897 -0.0262 0.9351 -0.0428 0.3475 0.056
0.1958 -0.5731 -0.0701 -0.7927 0.2925 -0.7161 -0.0738 -0.6294 0.6397 0.2984 -0.5837 0.4012 0.7458 0.1506 -0.6487 0.0166 0.6466 -0.0698 -0.7542 -0.091 0.7159 0.282 -0.6182 0.1607 0.9427 -0.07 0.322 0.0526 0.7611 0.2747 -0.5476 0.213 0.7775 -0.3938 -0.4897 -0.0262 0.9351 -0.0428 0.3475 0.056
0.1958 -0.5731 -0.0701 -0.7927 0.2925 -0.7161 -0.0738 -0.6294 0.6397 0.2984 -0.5837 0.4012 0.7458 0.1506 -0.6487 0.0166 0.6466 -0.0698 -0.7542 -0.091 0.7159 0.282 -0.6182 0.1607 0.9427 -0.07 0.322 0.0526 0.7611 0.2747 -0.5476 0.213 0.7592 -0.2928 -0.5778 -0.0632 0.9351 -0.0428 0.3475 0.056
0.1958 -0.5731 -0.0701 -0.7927 0.2925 -0.7161 -0.0738 -0.6294 0.6397 0.2984 -0.5837 0.4012 0.7458 0.1506 -0.6487 0.0166 0.6466 -0.0698 -0.7542 -0.091 0.7159 0.282 -0.6182 0.1607 0.9418 -0.0704 0.3244 0.0532 0.7611 0.2747 -0.5476 0.213 0.7592 -0.2928 -0.5778 -0.0632 0.9351 -0.0428 0.3475 0.056
0.1958 -0.5731 -0.0701 -0.7927 0.2925 -0.7161 -0.0738 -0.6294 0.6397 0.2984 -0.5837 0.4012 0.7458 0.1506 -0.6487 0.0166 0.6466 -0.0698 -0.7542 -0.091 0.7159 0.282 -0.6182 0.1607 0.9418 -0.0704 0.3244 0.0532 0.7611 0.2747 -0.5476 0.213 0.7592 -0.2928 -0.5778 -0.0632 0.9351 -0.0428 0.3475 0.056
0.1958 -0.5731 -0.0701 -0.7927 0.2925 -0.7161 -0.0738 -0.6294 0.6327 0.295 -0.5853 0.4124 0.7458 0.1506 -0.6487 0.0166 0.6466 -0.0698 -0.7542 -0.091 0.7159 0.282 -0.6182 0.1607 0.9418 -0.0704 0.3244 0.0532 0.8006 0.2178 -0.538 0.1489 0.7592 -0.2928 -0.5778 -0.0632 0.9351 -0.0428 0.3475 0.056
0.1958 -0.5731 -0.0701 -0.7927 0.2925 -0.7161 -0.0738 -0.6294 0.6327 0.295 -0.5853 0.4124 0.7458 0.1506 -0.6487 0.0166 0.6466 -0.0698 -0.7542 -0.091 0.7159 0.282 -0.6182 0.1607 0.9418 -0.0704 0.3244 0.0532 0.8006 0.2178 -0.538 0.1489 0.7592 -0.2928 -0.5778 -0.0632 0.9351 -0.0428 0.3475 0.056
0.1958 -0.5731 -0.0701 -0.7927 0.2925 -0.7161 -0.0738 -0.6294 0.6327 0.295 -0.5853 0.4124 0.7458 0.1506 -0.6487 0.0166 0.6466 -0.0698 -0.7542 -0.091 0.7159 0.282 -0.6182 0.1607 0.9418 -0.0704 0.3244 0.0532 0.8006 0.2178 -0.538 0.1489 0.7592 -0.2928 -0.5778 -0.0632 0.9351 -0.0428 0.3475 0.056
0.1958 -0.5731 -0.0701 -0.7927 0.2925 -0.7161 -0.0738 -0.6294 0.6327 0.295 -0.5853 0.4124 0.7458 0.1506 -0.6487 0.0166 0.6466 -0.0698 -0.7542 -0.091 0.7307 0.2892 -0.6019 0.142 0.9418 -0.0704 0.3244 0.0532 0.8006 0.2178 -0.538 0.1489 0.7592 -0.2928 -0.5778 -0.0632 0.9351 -0.0428 0.3475 0.056
0.1958 -0.5731 -0.0701 -0.7927 0.2925 -0.7161 -0.0738 -0.6294 0.6327 0.295 -0.5853 0.4124 0.7458 0.1506 -0.6487 0.0166 0.6466 -0.0698 -0.7542 -0.091 0.7307 0.2892 -0.6019 0.142 0.9418 -0.0704 0.3244 0.0532 0.8006 0.2178 -0.538 0.1489 0.7592 -0.2928 -0.5778 -0.0632 0.8987 -0.0931 0.3961 0.1635
0.1958 -0.5731 -0.0701 -0.7927 0.2925 -0.7161 -0.0738 -0.6294 0.6327 0.295 -0.5853 0.4124 0.7458 0.1506 -0.6487 0.0166 0.6313 -0.0568 -0.763 -0.1265 0.7307 0.2892 -0.6019 0.142 0.9418 -0.0704 0.3244 0.0532 0.8006 0.2178 -0.538 0.1489 0.6838 -0.2242 -0.6789 -0.1459 0.8987 -0.0931 0.3961 0.1635
0.1958 -0.5731 -0.0701 -0.7927 0.2925 -0.7161 -0.0738 -0.6294 0.6327 0.295 -0.5853 0.4124 0.7458 0.1506 -0.6487 0.0166 0.6313 -0.0568 -0.763 -0.1265 0.7307 0.2892 -0.6019 0.142 0.9418 -0.0704 0.3244 0.0532 0.7848 0.2682 -0.5317 0.1716 0.6838 -0.2242 -0.6789 -0.1459 0.8987 -0.0931 0.3961 0.1635
0.1958 -0.5731 -0.0701 -0.7927 0.2925 -0.7161 -0.0738 -0.6294 0.6207 0.3011 -0.5916 0.4172 0.7458 0.1506 -0.6487 0.0166 0.6313 -0.0568 -0.763 -0.1265 0.7307 0.2892 -0.6019 0.142 0.9418 -0.0704 0.3244 0.0532 0.7848 0.2682 -0.5317 0.1716 0.6838 -0.2242 -0.6789 -0.1459 0.8987 -0.0931 0.3961 0.1635
0.1958 -0.5731 -0.0701 -0.7927 0.2925 -0.7161 -0.0738 -0.6294 0.6207 0.3011 -0.5916 0.4172 0.7458 0.1506 -0.6487 0.0166 0.6313 -0.0568 -0.763 -0.1265 0.7307 0.2892 -0.6019 0.142 0.9418 -0.0704 0.3244 0.0532 0.7848 0.2682 -0.5317 0.1716 0.6838 -0.2242 -0.6789 -0.1459 0.8987 -0.0931 0.3961 0.1635
0.1958 -0.5731 -0.0701 -0.7927 0.3204 -0.7094 -0.1233 -0.6156 0.6207 0.3011 -0.5916 0.4172 0.7458 0.1506 -0.6487 0.0166 0.6313 -0.0568 -0.763 -0.1265 0.7458 0.3004 -0.5816 0.1239 0.9418 -0.0704 0.3244 0.0532 0.7848 0.2682 -0.5317 0.1716 0.6838 -0.2242 -0.6789 -0.1459 0.8987 -0.0931 0.3961 0.1635
0.1958 -0.5731 -0.0701 -0.7927 0.3204 -0.7094 -0.1233 -0.6156 0.6207 0.3011 -0.5916 0.4172 0.7458 0.1506 -0.6487 0.0166 0.6313 -0.0568 -0.763 -0.1265 0.7458 0.3004 -0.5816 0.1239 0.9418 -0.0704 0.3244 0.0532 0.7848 0.2682 -0.5317 0.1716 0.6838 -0.2242 -0.6789 -0.1459 0.8987 -0.0931 0.3961 0.1635
0.1958 -0.5731 -0.0701 -0.7927 0.3204 -0.7094 -0.1233 -0.6156 0.6207 0.3011 -0.5916 0.4172 0.7458 0.1506 -0.6487 0.0166 0.6313 -0.0568 -0.763 -0.1265 0.7458 0.3004 -0.5816 0.1239 0.9418 -0.0704 0.3244 0.0532 0.7848 0.2682 -0.5317 0.1716 0.6838 -0.2242 -0.6789 -0.1459 0.8987 -0.0931 0.3961 0.1635
0.2128 -0.5557 -0.129 -0.7933 0.3204 -0.7094 -0.1233 -0.6156 0.6207 0.3011 -0.5916 0.4172 0.7458 0.1506 -0.6487 0.0166 0.6236 -0.0418 -0.7678 -0.1407 0.7458 0.3004 -0.5816 0.1239 0.9418 -0.0704 0.3244 0.0532 0.7848 0.2682 -0.5317 0.1716 0.5999 -0.192 -0.7341 -0.2536 0.8987 -0.0931 0.3961 0.1635
0.2128 -0.5557 -0.129 -0.7933 0.3204 -0.7094 -0.1233 -0.6156 0.6207 0.3011 -0.5916 0.4172 0.7458 0.1506 -0.6487 0.0166 0.6236 -0.0418 -0.7678 -0.1407 0.7458 0.3004 -0.5816 0.1239 0.9418 -0.0704 0.3244 0.0532 0.7682 0.2587 -0.5696 0.1361 0.5999 -0.192 -0.7341 -0.2536 0.8987 -0.0931 0.3961 0.1635
0.2128 -0.5557 -0.129 -0.7933 0.3204 -0.7094 -0.1233 -0.6156 0.6157 0.2941 -0.5978 0.4207 0.7458 0.1506 -0.6487 0.0166 0.6236 -0.0418 -0.7678 -0.1407 0.7458 0.3004 -0.5816 0.1239 0.9418 -0.0704 0.3244 0.0532 0.7682 0.2587 -0.5696 0.1361 0.5999 -0.192 -0.7341 -0.2536 0.8987 -0.0931 0.3961 0.1635
0.2128 -0.5557 -0.129 -0.7933 0.3204 -0.7094 -0.1233 -0.6156 0.6157 0.2941 -0.5978 0.4207 0.7458 0.1506 -0.6487 0.0166 0.6236 -0.0418 -0.7678 -0.1407 0.7458 0.3004 -0.5816 0.1239 0.9418 -0.0704 0.3244 0.0532 0.7682 0.2587 -0.5696 0.1361 0.5999 -0.192 -0.7341 -0.2536 0.8987 -0.0931 0.3961 0.1635
0.2128 -0.5557 -0.129 -0.7933 0.3204 -0.7094 -0.1233 -0.6156 0.6157 0.2941 -0.5978 0.4207 0.7458 0.1506 -0.6487 0.0166 0.6236 -0.0418 -0.7678 -0.1407 0.7458 0.3004 -0.5816 0.1239 0.9418 -0.0704 0.3244 0.0532 0.7682 0.2587 -0.5696 0.1361 0.5999 -0.192 -0.7341 -0.2536 0.8987 -0.0931 0.3961 0.1635
0.2128 -0.5557 -0.129 -0.7933 0.3157 -0.6995 -0.1389 -0.626 0.6157 0.2941 -0.5978 0.4207 0.7458 0.1506 -0.6487 0.0166 0.6236 -0.0418 -0.7678 -0.1407 0.7635 0.3252 -0.549 0.0995 0.9418 -0.0704 0.3244 0.0532 0.7682 0.2587 -0.5696 0.1361 0.5999 -0.192 -0.7341 -0.2536 0.8987 -0.0931 0.3961 0.1635
0.2128 -0.5557 -0.129 -0.7933 0.3157 -0.6995 -0.1389 -0.626 0.6157 0.2941 -0.5978 0.4207 0.7458 0.1506 -0.6487 0.0166 0.6236 -0.0418 -0.7678 -0.1407 0.7635 0.3252 -0.549 0.0995 0.9418 -0.0704 0.3244 0.0532 0.7682 0.2587 -0.5696 0.1361 0.5999 -0.192 -0.7341 -0.2536 0.8987 -0.0931 0.3961 0.1635
0.2065 -0.5556 -0.1252 -0.7956 0.3157 -0.6995 -0.1389 -0.626 0.6157 0.2941 -0.5978 0.4207 0.7458 0.1506 -0.6487 0.0166 0.6406 -0.054 -0.754 -0.1349 0.7635 0.3252 -0.549 0.0995 0.9418 -0.0704 0.3244 0.0532 0.7682 0.2587 -0.5696 0.1361 0.6058 -0.2604 -0.7062 -0.2576 0.8987 -0.0931 0.3961 0.1635
0.2065 -0.5556 -0.1252 -0.7956 0.3157 -0.6995 -0.1389 -0.626 0.6157 0.2941 -0.5978 0.4207 0.7458 0.1506 -0.6487 0.0166 0.6406 -0.054 -0.754 -0.1349 0.7635 0.3252 -0.549 0.0995 0.9294 -0.0712 0.3546 0.0741 0.7466 0.2639 -0.5939 0.142 0.6058 -0.2604 -0.7062 -0.2576 0.8987 -0.0931 0.3961 0.1635
0.2065 -0.5556 -0.1252 -0.7956 0.3157 -0.6995 -0.1389 -0.626 0.6118 0.3105 -0.5926 0.4221 0.7458 0.1506 -0.6487 0.0166 0.6406 -0.054 -0.754 -0.1349 0.7635 0.3252 -0.549 0.0995 0.9294 -0.0712 0.3546 0.0741 0.7466 0.2639 -0.5939 0.142 0.6058 -0.2604 -0.7062 -0.2576 0.8987 -0.0931 0.3961 0.1635
0.2065 -0.5556 -0.1252 -0.7956 0.3157 -0.6995 -0.1389 -0.626 0.6118 0.3105 -0.5926 0.4221 0.7458 0.1506 -0.6487 0.0166 0.6406 -0.054 -0.754 -0.1349 0.7635 0.3252 -0.549 0.0995 0.9294 -0.0712 0.3546 0.0741 0.7466 0.2639 -0.5939 0.142 0.6058 -0.2604 -0.7062 -0.2576 0.8987 -0.0931 0.3961 0.1635
0.2065 -0.5556 -0.1252 -0.7956 0.2952 -0.6952 -0.1238 -0.6436 0.6118 0.3105 -0.5926 0.4221 0.7458 0.1506 -0.6487 0.0166 0.6406 -0.054 -0.754 -0.1349 0.7635 0.3252 -0.549 0.0995 0.9294 -0.0712 0.3546 0.0741 0.7466 0.2639 -0.5939 0.142 0.6058 -0.2604 -0.7062 -0.2576 0.8987 -0.0931 0.3961 0.1635
0.2065 -0.5556 -0.1252 -0.7956 0.2952 -0.6952 -0.1238 -0.6436 0.6118 0.3105 -0.5926 0.4221 0.7458 0.1506 -0.6487 0.0166 0.6406 -0.054 -0.754 -0.1349 0.7867 0.3662 -0.4969 0.0058 0.9294 -0.0712 0.3546 0.0741 0.7466 0.2639 -0.5939 0.142 0.6058 -0.2604 -0.7062 -0.2576 0.8987 -0.0931 0.3961 0.1635
0.1965 -0.5663 -0.1122 -0.7925 0.2952 -0.6952 -0.1238 -0.6436 0.6118 0.3105 -0.5926 0.4221 0.7308 0.1414 -0.66 0.1015 0.6406 -0.054 -0.754 -0.1349 0.7867 0.3662 -0.4969 0.0058 0.9294 -0.0712 0.3546 0.0741 0.7466 0.2639 -0.5939 0.142 0.6058 -0.2604 -0.7062 -0.2576 0.8987 -0.0931 0.3961 0.1635
0.1965 -0.5663 -0.1122 -0.7925 0.2952 -0.6952 -0.1238 -0.6436 0.6118 0.3105 -0.5926 0.4221 0.7308 0.1414 -0.66 0.1015 0.6406 -0.054 -0.754 -0.1349 0.7867 0.3662 -0.4969 0.0058 0.9294 -0.0712 0.3546 0.0741 0.7466 0.2639 -0.5939 0.142 0.6058 -0.2604 -0.7062 -0.2576 0.8987 -0.0931 0.3961 0.1635
0.1965 -0.5663 -0.1122 -0.7925 0.2952 -0.6952 -0.1238 -0.6436 0.6118 0.3105 -0.5926 0.4221 0.7308 0.1414 -0.66 0.1015 0.6406 -0.054 -0.754 -0.1349 0.7867 0.3662 -0.4969 0.0058 0.9294 -0.0712 0.3546 0.0741 0.7466 0.2639 -0.5939 0.142 0.6058 -0.2604 -0.7062 -0.2576 0.8987 -0.0931 0.3961 0.1635
0.1965 -0.5663 -0.1122 -0.7925 0.2952 -0.6952 -0.1238 -0.6436 0.6255 0.2888 -0.5988 0.4084 0.7308 0.1414 -0.66 0.1015 0.6406 -0.054 -0.754 -0.1349 0.7867 0.3662 -0.4969 0.0058 0.9294 -0.0712 0.3546 0.0741 0.7107 0.2805 -0.6172 0.1876 0.6058 -0.2604 -0.7062 -0.2576 0.8987 -0.0931 0.3961 0.1635
0.1965 -0.5663 -0.1122 -0.7925 0.2952 -0.6952 -0.1238 -0.6436 0.6255 0.2888 -0.5988 0.4084 0.7308 0.1414 -0.66 0.1015 0.6406 -0.054 -0.754 -0.1349 0.7867 0.3662 -0.4969 0.0058 0.9294 -0.0712 0.3546 0.0741 0.7107 0.2805 -0.6172 0.1876 0.6058 -0.2604 -0.7062 -0.2576 0.8987 -0.0931 0.3961 0.1635
0.1965 -0.5663 -0.1122 -0.7925 0.2952 -0.6952 -0.1238 -0.6436 0.6255 0.2888 -0.5988 0.4084 0.7308 0.1414 -0.66 0.1015 0.6406 -0.054 -0.754 -0.1349 0.7867 0.3662 -0.4969 0.0058 0.9294 -0.0712 0.3546 0.0741 0.7107 0.2805 -0.6172 0.1876 0.6058 -0.2604 -0.7062 -0.2576 0.8987 -0.0931 0.3961 0.1635
0.1965 -0.5663 -0.1122 -0.7925 0.2933 -0.719 -0.0944 -0.623 0.6255 0.2888 -0.5988 0.4084 0.7489 0.1125 -0.6499 0.0645 0.6406 -0.054 -0.754 -0.1349 0.7912 0.4335 -0.4305 -0.0283 0.9294 -0.0712 0.3546 0.0741 0.7107 0.2805 -0.6172 0.1876 0.6058 -0.2604 -0.7062 -0.2576 0.8987 -0.0931 0.3961 0.1635
0.1965 -0.5663 -0.1122 -0.7925 0.2933 -0.719 -0.0944 -0.623 0.6255 0.2888 -0.5988 0.4084 0.7489 0.1125 -0.6499 0.0645 0.6406 -0.054 -0.754 -0.1349 0.7912 0.4335 -0.4305 -0.0283 0.9294 -0.0712 0.3546 0.0741 0.7107 0.2805 -0.6172 0.1876 0.6058 -0.2604 -0.7062 -0.2576 0.8987 -0.0931 0.3961 0.1635
0.1733 -0.5707 -0.0807 -0.7986 0.2933 -0.719 -0.0944 -0.623 0.6255 0.2888 -0.5988 0.4084 0.7489 0.1125 -0.6499 0.0645 0.7088 -0.1827 -0.6779 -0.0682 0.7912 0.4335 -0.4305 -0.0283 0.9294 -0.0712 0.3546 0.0741 0.7107 0.2805 -0.6172 0.1876 0.6324 -0.2836 -0.6926 -0.1997 0.9294 -0.0557 0.3485 0.1082
0.1733 -0.5707 -0.0807 -0.7986 0.2933 -0.719 -0.0944 -0.623 0.6596 0.2659 -0.5912 0.3804 0.7489 0.1125 -0.6499 0.0645 0.7088 -0.1827 -0.6779 -0.0682 0.7912 0.4335 -0.4305 -0.0283 0.9294 -0.0712 0.3546 0.0741 0.6897 0.2797 -0.6344 0.2088 0.6324 -0.2836 -0.6926 -0.1997 0.9294 -0.0557 0.3485 0.1082
0.1733 -0.5707 -0.0807 -0.7986 0.2933 -0.719 -0.0944 -0.623 0.6596 0.2659 -0.5912 0.3804 0.7489 0.1125 -0.6499 0.0645 0.7088 -0.1827 -0.6779 -0.0682 0.7912 0.4335 -0.4305 -0.0283 0.9294 -0.0712 0.3546 0.0741 0.6897 0.2797 -0.6344 0.2088 0.6324 -0.2836 -0.6926 -0.1997 0.9294 -0.0557 0.3485 0.1082
0.1733 -0.5707 -0.0807 -0.7986 0.2779 -0.7385 -0.0581 -0.6116 0.6596 0.2659 -0.5912 0.3804 0.7489 0.1125 -0.6499 0.0645 0.7088 -0.1827 -0.6779 -0.0682 0.7912 0.4335 -0.4305 -0.0283 0.9294 -0.0712 0.3546 0.0741 0.6897 0.2797 -0.6344 0.2088 0.6324 -0.2836 -0.6926 -0.1997 0.9294 -0.0557 0.3485 0.1082
0.1733 -0.5707 -0.0807 -0.7986 0.2779 -0.7385 -0.0581 -0.6116 0.6596 0.2659 -0.5912 0.3804 0.7489 0.1125 -0.6499 0.0645 0.7088 -0.1827 -0.6779 -0.0682 0.7904 0.3867 -0.4745 0.0243 0.9294 -0.0712 0.3546 0.0741 0.6897 0.2797 -0.6344 0.2088 0.6324 -0.2836 -0.6926 -0.1997 0.9294 -0.0557 0.3485 0.1082
0.1733 -0.5707 -0.0807 -0.7986 0.2779 -0.7385 -0.0581 -0.6116 0.6596 0.2659 -0.5912 0.3804 0.7665 0.1354 -0.6265 0.0406 0.7088 -0.1827 -0.6779 -0.0682 0.7904 0.3867 -0.4745 0.0243 0.9294 -0.0712 0.3546 0.0741 0.6897 0.2797 -0.6344 0.2088 0.6324 -0.2836 -0.6926 -0.1997 0.9294 -0.0557 0.3485 0.1082
0.1733 -0.5707 -0.0807 -0.7986 0.2779 -0.7385 -0.0581 -0.6116 0.6596 0.2659 -0.5912 0.3804 0.7665 0.1354 -0.6265 0.0406 0.7088 -0.1827 -0.6779 -0.0682 0.7904 0.3867 -0.4745 0.0243 0.9294 -0.0712 0.3546 0.0741 0.6897 0.2797 -0.6344 0.2088 0.6324 -0.2836 -0.6926 -0.1997 0.9294 -0.0557 0.3485 0.1082
0.1624 -0.5882 -0.0696 -0.7892 0.2779 -0.7385 -0.0581 -0.6116 0.6596 0.2659 -0.5912 0.3804 0.7665 0.1354 -0.6265 0.0406 0.7173 -0.1607 -0.678 0.0082 0.7904 0.3867 -0.4745 0.0243 0.9294 -0.0712 0.3546 0.0741 0.6897 0.2797 -0.6344 0.2088 0.6274 -0.3001 -0.688 -0.2069 0.9294 -0.0557 0.3485 0.1082
0.1624 -0.5882 -0.0696 -0.7892 0.2779 -0.7385 -0.0581 -0.6116 0.6772 0.2601 -0.5776 0.3742 0.7665 0.1354 -0.6265 0.0406 0.7173 -0.1607 -0.678 0.0082 0.7904 0.3867 -0.4745 0.0243 0.9294 -0.0712 0.3546 0.0741 0.6897 0.2797 -0.6344 0.2088 0.6274 -0.3001 -0.688 -0.2069 0.9294 -0.0557 0.3485 0.1082
0.1624 -0.5882 -0.0696 -0.7892 0.2779 -0.7385 -0.0581 -0.6116 0.6772 0.2601 -0.5776 0.3742 0.7665 0.1354 -0.6265 0.0406 0.7173 -0.1607 -0.678 0.0082 0.7904 0.3867 -0.4745 0.0243 0.9294 -0.0712 0.3546 0.0741 0.6897 0.2797 -0.6344 0.2088 0.6274 -0.3001 -0.688 -0.2069 0.9294 -0.0557 0.3485 0.1082
0.1624 -0.5882 -0.0696 -0.7892 0.2779 -0.7385 -0.0581 -0.6116 0.6772 0.2601 -0.5776 0.3742 0.7665 0.1354 -0.6265 0.0406 0.7173 -0.1607 -0.678 0.0082 0.7904 0.3867 -0.4745 0.0243 0.9294 -0.0712 0.3546 0.0741 0.6897 0.2797 -0.6344 0.2088 0.6274 -0.3001 -0.688 -0.2069 0.9294 -0.0557 0.3485 0.1082
0.1624 -0.5882 -0.0696 -0.7892 0.2611 -0.7454 -0.0466 -0.6115 0.6772 0.2601 -0.5776 0.3742 0.7665 0.1354 -0.6265 0.0406 0.7173 -0.1607 -0.678 0.0082 0.7904 0.3867 -0.4745 0.0243 0.9294 -0.0712 0.3546 0.0741 0.6897 0.2797 -0.6344 0.2088 0.6274 -0.3001 -0.688 -0.2069 0.9294 -0.0557 0.3485 0.1082
0.1624 -0.5882 -0.0696 -0.7892 0.2611 -0.7454 -0.0466 -0.6115 0.6772 0.2601 -0.5776 0.3742 0.7665 0.1354 -0.6265 0.0406 0.7173 -0.1607 -0.678 0.0082 0.7904 0.3867 -0.4745 0.0243 0.9294 -0.0712 0.3546 0.0741 0.6897 0.2797 -0.6344 0.2088 0.6274 -0.3001 -0.688 -0.2069 0.9294 -0.0557 0.3485 0.1082
0.1624 -0.5882 -0.0696 -0.7892 0.2611 -0.7454 -0.0466 -0.6115 0.6772 0.2601 -0.5776 0.3742 0.7665 0.1354 -0.6265 0.0406 0.7173 -0.1607 -0.678 0.0082 0.7904 0.3867 -0.4745 0.0243 0.9294 -0.0712 0.3546 0.0741 0.6897 0.2797 -0.6344 0.2088 0.6274 -0.3001 -0.688 -0.2069 0.9294 -0.0557 0.3485 0.1082
0.1523 -0.5976 -0.0681 -0.7842 0.2611 -0.7454 -0.0466 -0.6115 0.6772 0.2601 -0.5776 0.3742 0.7665 0.1354 -0.6265 0.0406 0.7173 -0.1607 -0.678 0.0082 0.7904 0.3867 -0.4745 0.0243 0.9562 -0.0385 0.29 0.0052 0.6897 0.2797 -0.6344 0.2088 0.6214 -0.3112 -0.6851 -0.2182 0.9294 -0.0557 0.3485 0.1082
0.1523 -0.5976 -0.0681 -0.7842 0.2611 -0.7454 -0.0466 -0.6115 0.6772 0.2601 -0.5776 0.3742 0.7665 0.1354 -0.6265 0.0406 0.7173 -0.1607 -0.678 0.0082 0.7904 0.3867 -0.4745 0.0243 0.9562 -0.0385 0.29 0.0052 0.6897 0.2797 -0.6344 0.2088 0.6214 -0.3112 -0.6851 -0.2182 0.9294 -0.0557 0.3485 0.1082
0.1523 -0.5976 -0.0681 -0.7842 0.2611 -0.7454 -0.0466 -0.6115 0.689 0.2421 -0.5767 0.3663 0.7665 0.1354 -0.6265 0.0406 0.7027 -0.1206 -0.7012 0.004 0.7904 0.3867 -0.4745 0.0243 0.9562 -0.0385 0.29 0.0052 0.6262 0.2316 -0.707 0.2332 0.6214 -0.3112 -0.6851 -0.2182 0.9294 -0.0557 0.3485 0.1082
0.1523 -0.5976 -0.0681 -0.7842 0.2611 -0.7454 -0.0466 -0.6115 0.689 0.2421 -0.5767 0.3663 0.7665 0.1354 -0.6265 0.0406 0.7027 -0.1206 -0.7012 0.004 0.7904 0.3867 -0.4745 0.0243 0.9562 -0.0385 0.29 0.0052 0.6262 0.2316 -0.707 0.2332 0.6214 -0.3112 -0.6851 -0.2182 0.9294 -0.0557 0.3485 0.1082
0.1523 -0.5976 -0.0681 -0.7842 0.2462 -0.7413 -0.0576 -0.6218 0.689 0.2421 -0.5767 0.3663 0.7665 0.1354 -0.6265 0.0406 0.7027 -0.1206 -0.7012 0.004 0.7904 0.3867 -0.4745 0.0243 0.9562 -0.0385 0.29 0.0052 0.6262 0.2316 -0.707 0.2332 0.6214 -0.3112 -0.6851 -0.2182 0.9294 -0.0557 0.3485 0.1082
0.1523 -0.5976 -0.0681 -0.7842 0.2462 -0.7413 -0.0576 -0.6218 0.689 0.2421 -0.5767 0.3663 0.7665 0.1354 -0.6265 0.0406 0.7027 -0.1206 -0.7012 0.004 0.6884 0.181 -0.6574 0.2473 0.9562 -0.0385 0.29 0.0052 0.6262 0.2316 -0.707 0.2332 0.6214 -0.3112 -0.6851 -0.2182 0.9294 -0.0557 0.3485 0.1082
0.1523 -0.5976 -0.0681 -0.7842 0.2462 -0.7413 -0.0576 -0.6218 0.689 0.2421 -0.5767 0.3663 0.7665 0.1354 -0.6265 0.0406 0.7027 -0.1206 -0.7012 0.004 0.6884 0.181 -0.6574 0.2473 0.9562 -0.0385 0.29 0.0052 0.6262 0.2316 -0.707 0.2332 0.6214 -0.3112 -0.6851 -0.2182 0.9294 -0.0557 0.3485 0.1082
0.1509 -0.6039 -0.0758 -0.7789 0.2462 -0.7413 -0.0576 -0.6218 0.689 0.2421 -0.5767 0.3663 0.7723 0.174 -0.6096 -0.0403 0.7027 -0.1206 -0.7012 0.004 0.6884 0.181 -0.6574 0.2473 0.9562 -0.0385 0.29 0.0052 0.6262 0.2316 -0.707 0.2332 0.6533 -0.2996 -0.6677 -0.1936 0.9294 -0.0557 0.3485 0.1082
0.1509 -0.6039 -0.0758 -0.7789 0.2462 -0.7413 -0.0576 -0.6218 0.689 0.2421 -0.5767 0.3663 0.7723 0.174 -0.6096 -0.0403 0.7027 -0.1206 -0.7012 0.004 0.6884 0.181 -0.6574 0.2473 0.9562 -0.0385 0.29 0.0052 0.6262 0.2316 -0.707 0.2332 0.6533 -0.2996 -0.6677 -0.1936 0.9294 -0.0557 0.3485 0.1082
0.1509 -0.6039 -0.0758 -0.7789 0.2462 -0.7413 -0.0576 -0.6218 0.6866 0.2596 -0.5645 0.3776 0.7723 0.174 -0.6096 -0.0403 0.7027 -0.1206 -0.7012 0.004 0.6884 0.181 -0.6574 0.2473 0.9562 -0.0385 0.29 0.0052 0.5988 0.2321 -0.716 0.2737 0.6533 -0.2996 -0.6677 -0.1936 0.9294 -0.0557 0.3485 0.1082
0.1509 -0.6039 -0.0758 -0.7789 0.2462 -0.7413 -0.0576 -0.6218 0.6866 0.2596 -0.5645 0.3776 0.7723 0.174 -0.6096 -0.0403 0.7027 -0.1206 -0.7012 0.004 0.6884 0.181 -0.6574 0.2473 0.9562 -0.0385 0.29 0.0052 0.5988 0.2321 -0.716 0.2737 0.6533 -0.2996 -0.6677 -0.1936 0.9294 -0.0557 0.3485 0.1082
0.1509 -0.6039 -0.0758 -0.7789 0.2505 -0.732 -0.0826 -0.6282 0.6866 0.2596 -0.5645 0.3776 0.7723 0.174 -0.6096 -0.0403 0.7027 -0.1206 -0.7012 0.004 0.6898 0.2179 -0.6486 0.2367 0.9562 -0.0385 0.29 0.0052 0.5988 0.2321 -0.716 0.2737 0.6533 -0.2996 -0.6677 -0.1936 0.9294 -0.0557 0.3485 0.1082
0.1509 -0.6039 -0.0758 -0.7789 0.2505 -0.732 -0.0826 -0.6282 0.6866 0.2596 -0.5645 0.3776 0.7664 0.1946 -0.6121 -0.012 0.7027 -0.1206 -0.7012 0.004 0.6898 0.2179 -0.6486 0.2367 0.9562 -0.0385 0.29 0.0052 0.5988 0.2321 -0.716 0.2737 0.6533 -0.2996 -0.6677 -0.1936 0.9294 -0.0557 0.3485 0.1082
0.1509 -0.6039 -0.0758 -0.7789 0.2505 -0.732 -0.0826 -0.6282 0.6866 0.2596 -0.5645 0.3776 0.7664 0.1946 -0.6121 -0.012 0.7027 -0.1206 -0.7012 0.004 0.6898 0.2179 -0.6486 0.2367 0.9562 -0.0385 0.29 0.0052 0.5988 0.2321 -0.716 0.2737 0.6533 -0.2996 -0.6677 -0.1936 0.9294 -0.0557 0.3485 0.1082
0.1668 -0.6002 -0.0814 -0.778 0.2505 -0.732 -0.0826 -0.6282 0.6866 0.2596 -0.5645 0.3776 0.7664 0.1946 -0.6121 -0.012 0.6712 -0.1099 -0.7319 -0.0424 0.6898 0.2179 -0.6486 0.2367 0.9562 -0.0385 0.29 0.0052 0.5988 0.2321 -0.716 0.2737 0.7113 -0.3312 -0.6065 -0.1284 0.9294 -0.0557 0.3485 0.1082
0.1668 -0.6002 -0.0814 -0.778 0.2505 -0.732 -0.0826 -0.6282 0.6866 0.2596 -0.5645 0.3776 0.7664 0.1946 -0.6121 -0.012 0.6712 -0.1099 -0.7319 -0.0424 0.6898 0.2179 -0.6486 0.2367 0.9562 -0.0385 0.29 0.0052 0.5988 0.2321 -0.716 0.2737 0.7113 -0.3312 -0.6065 -0.1284 0.9294 -0.0557 0.3485 0.1082
0.1668 -0.6002 -0.0814 -0.778 0.2505 -0.732 -0.0826 -0.6282 0.6638 0.2878 -0.5692 0.3906 0.7664 0.1946 -0.6121 -0.012 0.6712 -0.1099 -0.7319 -0.0424 0.6898 0.2179 -0.6486 0.2367 0.9562 -0.0385 0.29 0.0052 0.6342 0.2484 -0.681 0.2688 0.7113 -0.3312 -0.6065 -0.1284 0.9294 -0.0557 0.3485 0.1082
0.1668 -0.6002 -0.0814 -0.778 0.2505 -0.732 -0.0826 -0.6282 0.6638 0.2878 -0.5692 0.3906 0.7664 0.1946 -0.6121 -0.012 0.6712 -0.1099 -0.7319 -0.0424 0.6898 0.2179 -0.6486 0.2367 0.9562 -0.0385 0.29 0.0052 0.6342 0.2484 -0.681 0.2688 0.7113 -0.3312 -0.6065 -0.1284 0.9294 -0.0557 0.3485 0.1082
0.1668 -0.6002 -0.0814 -0.778 0.2703 -0.7231 -0.0844 -0.6301 0.6638 0.2878 -0.5692 0.3906 0.7664 0.1946 -0.6121 -0.012 0.6712 -0.1099 -0.7319 -0.0424 0.695 0.235 -0.649 0.2011 0.9562 -0.0385 0.29 0.0052 0.6342 0.2484 -0.681 0.2688 0.7113 -0.3312 -0.6065 -0.1284 0.9294 -0.0557 0.3485 0.1082
0.1668 -0.6002 -0.0814 -0.778 0.2703 -0.7231 -0.0844 -0.6301 0.6638 0.2878 -0.5692 0.3906 0.7515 0.194 -0.6302 0.0212 0.6712 -0.1099 -0.7319 -0.0424 0.695 0.235 -0.649 0.2011 0.9562 -0.0385 0.29 0.0052 0.6342 0.2484 -0.681 0.2688 0.7113 -0.3312 -0.6065 -0.1284 0.9294 -0.0557 0.3485 0.1082
0.1668 -0.6002 -0.0814 -0.778 0.2703 -0.7231 -0.0844 -0.6301 0.6638 0.2878 -0.5692 0.3906 0.7515 0.194 -0.6302 0.0212 0.6712 -0.1099 -0.7319 -0.0424 0.695 0.235 -0.649 0.2011 0.9562 -0.0385 0.29 0.0052 0.6342 0.2484 -0.681 0.2688 0.7113 -0.3312 -0.6065 -0.1284 0.9294 -0.0557 0.3485 0.1082
0.1831 -0.5864 -0.0826 -0.7847 0.2703 -0.7231 -0.0844 -0.6301 0.6638 0.2878 -0.5692 0.3906 0.7515 0.194 -0.6302 0.0212 0.6712 -0.1099 -0.7319 -0.0424 0.695 0.235 -0.649 0.2011 0.9447 -0.07 0.3184 0.0362 0.6342 0.2484 -0.681 0.2688 0.7397 -0.395 -0.541 -0.0637 0.9294 -0.0557 0.3485 0.1082
0.1831 -0.5864 -0.0826 -0.7847 0.2703 -0.7231 -0.0844 -0.6301 0.6638 0.2878 -0.5692 0.3906 0.7515 0.194 -0.6302 0.0212 0.6712 -0.1099 -0.7319 -0.0424 0.695 0.235 -0.649 0.2011 0.9447 -0.07 0.3184 0.0362 0.6342 0.2484 -0.681 0.2688 0.7397 -0.395 -0.541 -0.0637 0.9294 -0.0557 0.3485 0.1082
0.1831 -0.5864 -0.0826 -0.7847 0.2703 -0.7231 -0.0844 -0.6301 0.6527 0.2883 -0.5799 0.3932 0.7515 0.194 -0.6302 0.0212 0.6712 -0.1099 -0.7319 -0.0424 0.695 0.235 -0.649 0.2011 0.9447 -0.07 0.3184 0.0362 0.6944 0.2632 -0.6163 0.2621 0.7397 -0.395 -0.541 -0.0637 0.9294 -0.0557 0.3485 0.1082
0.1831 -0.5864 -0.0826 -0.7847 0.2703 -0.7231 -0.0844 -0.6301 0.6527 0.2883 -0.5799 0.3932 0.7515 0.194 -0.6302 0.0212 0.6712 -0.1099 -0.7319 -0.0424 0.695 0.235 -0.649 0.2011 0.9447 -0.07 0.3184 0.0362 0.6944 0.2632 -0.6163 0.2621 0.7397 -0.395 -0.541 -0.0637 0.9294 -0.0557 0.3485 0.1082
0.1831 -0.5864 -0.0826 -0.7847 0.3068 -0.7175 -0.0768 -0.6206 0.6527 0.2883 -0.5799 0.3932 0.7515 0.194 -0.6302 0.0212 0.6712 -0.1099 -0.7319 -0.0424 0.6965 0.2559 -0.6457 0.1804 0.9447 -0.07 0.3184 0.0362 0.6944 0.2632 -0.6163 0.2621 0.7397 -0.395 -0.541 -0.0637 0.9294 -0.0557 0.3485 0.1082
0.1831 -0.5864 -0.0826 -0.7847 0.3068 -0.7175 -0.0768 -0.6206 0.6527 0.2883 -0.5799 0.3932 0.7515 0.194 -0.6302 0.0212 0.6712 -0.1099 -0.7319 -0.0424 0.6965 0.2559 -0.6457 0.1804 0.9447 -0.07 0.3184 0.0362 0.6944 0.2632 -0.6163 0.2621 0.7397 -0.395 -0.541 -0.0637 0.9294 -0.0557 0.3485 0.1082
0.2038 -0.5618 -0.0648 -0.7991 0.3068 -0.7175 -0.0768 -0.6206 0.6527 0.2883 -0.5799 0.3932 0.7456 0.1623 -0.6459 0.0231 0.6712 -0.1099 -0.7319 -0.0424 0.6965 0.2559 -0.6457 0.1804 0.9447 -0.07 0.3184 0.0362 0.6944 0.2632 -0.6163 0.2621 0.7397 -0.395 -0.541 -0.0637 0.7767 -0.0567 0.6166 0.1155
0.2038 -0.5618 -0.0648 -0.7991 0.3068 -0.7175 -0.0768 -0.6206 0.6527 0.2883 -0.5799 0.3932 0.7456 0.1623 -0.6459 0.0231 0.6712 -0.1099 -0.7319 -0.0424 0.6965 0.2559 -0.6457 0.1804 0.9447 -0.07 0.3184 0.0362 0.6944 0.2632 -0.6163 0.2621 0.7397 -0.395 -0.541 -0.0637 0.7767 -0.0567 0.6166 0.1155
0.2038 -0.5618 -0.0648 -0.7991 0.3068 -0.7175 -0.0768 -0.6206 0.6527 0.2883 -0.5799 0.3932 0.7456 0.1623 -0.6459 0.0231 0.6712 -0.1099 -0.7319 -0.0424 0.6965 0.2559 -0.6457 0.1804 0.9447 -0.07 0.3184 0.0362 0.6944 0.2632 -0.6163 0.2621 0.7397 -0.395 -0.541 -0.0637 0.7767 -0.0567 0.6166 0.1155
0.2038 -0.5618 -0.0648 -0.7991 0.3068 -0.7175 -0.0768 -0.6206 0.6362 0.311 -0.5857 0.3942 0.7456 0.1623 -0.6459 0.0231 0.6712 -0.1099 -0.7319 -0.0424 0.6965 0.2559 -0.6457 0.1804 0.9447 -0.07 0.3184 0.0362 0.7268 0.285 -0.5681 0.2605 0.7397 -0.395 -0.541 -0.0637 0.7767 -0.0567 0.6166 0.1155
0.2038 -0.5618 -0.0648 -0.7991 0.3254 -0.707 -0.0593 -0.6252 0.6362 0.311 -0.5857 0.3942 0.7456 0.1623 -0.6459 0.0231 0.6712 -0.1099 -0.7319 -0.0424 0.6965 0.2559 -0.6457 0.1804 0.9447 -0.07 0.3184 0.0362 0.7268 0.285 -0.5681 0.2605 0.7397 -0.395 -0.541 -0.0637 0.7767 -0.0567 0.6166 0.1155
0.2038 -0.5618 -0.0648 -0.7991 0.3254 -0.707 -0.0593 -0.6252 0.6362 0.311 -0.5857 0.3942 0.7456 0.1623 -0.6459 0.0231 0.6712 -0.1099 -0.7319 -0.0424 0.71 0.277 -0.6282 0.1564 0.9447 -0.07 0.3184 0.0362 0.7268 0.285 -0.5681 0.2605 0.7397 -0.395 -0.541 -0.0637 0.7767 -0.0567 0.6166 0.1155
0.2038 -0.5618 -0.0648 -0.7991 0.3254 -0.707 -0.0593 -0.6252 0.6362 0.311 -0.5857 0.3942 0.7456 0.1623 -0.6459 0.0231 0.6712 -0.1099 -0.7319 -0.0424 0.71 0.277 -0.6282 0.1564 0.9447 -0.07 0.3184 0.0362 0.7268 0.285 -0.5681 0.2605 0.7397 -0.395 -0.541 -0.0637 0.7767 -0.0567 0.6166 0.1155
0.2038 -0.5618 -0.0648 -0.7991 0.3254 -0.707 -0.0593 -0.6252 0.6362 0.311 -0.5857 0.3942 0.7456 0.1623 -0.6459 0.0231 0.6712 -0.1099 -0.7319 -0.0424 0.71 0.277 -0.6282 0.1564 0.9447 -0.07 0.3184 0.0362 0.7268 0.285 -0.5681 0.2605 0.7397 -0.395 -0.541 -0.0637 0.7767 -0.0567 0.6166 0.1155
0.2038 -0.5618 -0.0648 -0.7991 0.3254 -0.707 -0.0593 -0.6252 0.6362 0.311 -0.5857 0.3942 0.7456 0.1623 -0.6459 0.0231 0.6712 -0.1099 -0.7319 -0.0424 0.71 0.277 -0.6282 0.1564 0.9447 -0.07 0.3184 0.0362 0.7268 0.285 -0.5681 0.2605 0.7397 -0.395 -0.541 -0.0637 0.7767 -0.0567 0.6166 0.1155
0.2221 -0.5511 -0.0766 -0.8007 0.3254 -0.707 -0.0593 -0.6252 0.6362 0.311 -0.5857 0.3942 0.7456 0.1623 -0.6459 0.0231 0.6309 -0.0785 -0.7619 -0.1237 0.71 0.277 -0.6282 0.1564 0.9426 -0.0671 0.3246 0.0409 0.7738 0.2424 -0.5534 0.1902 0.7817 -0.3094 -0.5397 -0.0446 0.7767 -0.0567 0.6166 0.1155
0.2221 -0.5511 -0.0766 -0.8007 0.3254 -0.707 -0.0593 -0.6252 0.6131 0.3253 -0.5891 0.4139 0.7456 0.1623 -0.6459 0.0231 0.6309 -0.0785 -0.7619 -0.1237 0.71 0.277 -0.6282 0.1564 0.9426 -0.0671 0.3246 0.0409 0.7738 0.2424 -0.5534 0.1902 0.7817 -0.3094 -0.5397 -0.0446 0.7767 -0.0567 0.6166 0.1155
0.2221 -0.5511 -0.0766 -0.8007 0.3474 -0.6998 -0.0865 -0.6182 0.6131 0.3253 -0.5891 0.4139 0.7456 0.1623 -0.6459 0.0231 0.6309 -0.0785 -0.7619 -0.1237 0.71 0.277 -0.6282 0.1564 0.9426 -0.0671 0.3246 0.0409 0.7738 0.2424 -0.5534 0.1902 0.7817 -0.3094 -0.5397 -0.0446 0.7767 -0.0567 0.6166 0.1155
0.2221 -0.5511 -0.0766 -0.8007 0.3474 -0.6998 -0.0865 -0.6182 0.6131 0.3253 -0.5891 0.4139 0.7456 0.1623 -0.6459 0.0231 0.6309 -0.0785 -0.7619 -0.1237 0.7248 0.2887 -0.6093 0.1418 0.9426 -0.0671 0.3246 0.0409 0.7738 0.2424 -0.5534 0.1902 0.7817 -0.3094 -0.5397 -0.0446 0.7767 -0.0567 0.6166 0.1155
0.2221 -0.5511 -0.0766 -0.8007 0.3474 -0.6998 -0.0865 -0.6182 0.6131 0.3253 -0.5891 0.4139 0.7456 0.1623 -0.6459 0.0231 0.6309 -0.0785 -0.7619 -0.1237 0.7248 0.2887 -0.6093 0.1418 0.9426 -0.0671 0.3246 0.0409 0.7738 0.2424 -0.5534 0.1902 0.7817 -0.3094 -0.5397 -0.0446 0.8857 -0.0778 0.4241 0.1718
0.2221 -0.5511 -0.0766 -0.8007 0.3474 -0.6998 -0.0865 -0.6182 0.6131 0.3253 -0.5891 0.4139 0.7456 0.1623 -0.6459 0.0231 0.6309 -0.0785 -0.7619 -0.1237 0.7248 0.2887 -0.6093 0.1418 0.9426 -0.0671 0.3246 0.0409 0.7738 0.2424 -0.5534 0.1902 0.7817 -0.3094 -0.5397 -0.0446 0.8857 -0.0778 0.4241 0.1718
0.226 -0.5357 -0.0955 -0.808 0.3474 -0.6998 -0.0865 -0.6182 0.6131 0.3253 -0.5891 0.4139 0.7456 0.1623 -0.6459 0.0231 0.6309 -0.0785 -0.7619 -0.1237 0.7248 0.2887 -0.6093 0.1418 0.9426 -0.0671 0.3246 0.0409 0.7738 0.2424 -0.5534 0.1902 0.712 -0.252 -0.6411 -0.1366 0.8857 -0.0778 0.4241 0.1718
0.226 -0.5357 -0.0955 -0.808 0.3474 -0.6998 -0.0865 -0.6182 0.6131 0.3253 -0.5891 0.4139 0.7456 0.1623 -0.6459 0.0231 0.6309 -0.0785 -0.7619 -0.1237 0.7248 0.2887 -0.6093 0.1418 0.9426 -0.0671 0.3246 0.0409 0.7738 0.2424 -0.5534 0.1902 0.712 -0.252 -0.6411 -0.1366 0.8857 -0.0778 0.4241 0.1718
0.226 -0.5357 -0.0955 -0.808 0.3474 -0.6998 -0.0865 -0.6182 0.5976 0.3338 -0.5891 0.4294 0.7456 0.1623 -0.6459 0.0231 0.6309 -0.0785 -0.7619 -0.1237 0.7248 0.2887 -0.6093 0.1418 0.9426 -0.0671 0.3246 0.0409 0.7974 0.2265 -0.5411 0.142 0.712 -0.252 -0.6411 -0.1366 0.8857 -0.0778 0.4241 0.1718
0.226 -0.5357 -0.0955 -0.808 0.3474 -0.6998 -0.0865 -0.6182 0.5976 0.3338 -0.5891 0.4294 0.7456 0.1623 -0.6459 0.0231 0.6309 -0.0785 -0.7619 -0.1237 0.7248 0.2887 -0.6093 0.1418 0.9426 -0.0671 0.3246 0.0409 0.7974 0.2265 -0.5411 0.142 0.712 -0.252 -0.6411 -0.1366 0.8857 -0.0778 0.4241 0.1718
0.226 -0.5357 -0.0955 -0.808 0.3453 -0.6953 -0.1107 -0.6205 0.5976 0.3338 -0.5891 0.4294 0.7456 0.1623 -0.6459 0.0231 0.6309 -0.0785 -0.7619 -0.1237 0.7421 0.2939 -0.5896 0.1233 0.9426 -0.0671 0.3246 0.0409 0.7974 0.2265 -0.5411 0.142 0.712 -0.252 -0.6411 -0.1366 0.8857 -0.0778 0.4241 0.1718
0.226 -0.5357 -0.0955 -0.808 0.3453 -0.6953 -0.1107 -0.6205 0.5976 0.3338 -0.5891 0.4294 0.7456 0.1623 -0.6459 0.0231 0.6309 -0.0785 -0.7619 -0.1237 0.7421 0.2939 -0.5896 0.1233 0.9426 -0.0671 0.3246 0.0409 0.7974 0.2265 -0.5411 0.142 0.712 -0.252 -0.6411 -0.1366 0.8857 -0.0778 0.4241 0.1718
0.2318 -0.5454 -0.1215 -0.7963 0.3453 -0.6953 -0.1107 -0.6205 0.5976 0.3338 -0.5891 0.4294 0.7456 0.1623 -0.6459 0.0231 0.6309 -0.0785 -0.7619 -0.1237 0.7421 0.2939 -0.5896 0.1233 0.9426 -0.0671 0.3246 0.0409 0.7974 0.2265 -0.5411 0.142 0.712 -0.252 -0.6411 -0.1366 0.8857 -0.0778 0.4241 0.1718
0.2318 -0.5454 -0.1215 -0.7963 0.3453 -0.6953 -0.1107 -0.6205 0.5976 0.3338 -0.5891 0.4294 0.7456 0.1623 -0.6459 0.0231 0.6183 -0.0474 -0.7701 -0.1493 0.7421 0.2939 -0.5896 0.1233 0.9426 -0.0671 0.3246 0.0409 0.7578 0.2786 -0.5657 0.1678 0.712 -0.252 -0.6411 -0.1366 0.8857 -0.0778 0.4241 0.1718
0.2318 -0.5454 -0.1215 -0.7963 0.3453 -0.6953 -0.1107 -0.6205 0.5888 0.3278 -0.5983 0.4335 0.7456 0.1623 -0.6459 0.0231 0.6183 -0.0474 -0.7701 -0.1493 0.7421 0.2939 -0.5896 0.1233 0.9426 -0.0671 0.3246 0.0409 0.7578 0.2786 -0.5657 0.1678 0.712 -0.252 -0.6411 -0.1366 0.8857 -0.0778 0.4241 0.1718
0.2318 -0.5454 -0.1215 -0.7963 0.3453 -0.6953 -0.1107 -0.6205 0.5888 0.3278 -0.5983 0.4335 0.7456 0.1623 -0.6459 0.0231 0.6183 -0.0474 -0.7701 -0.1493 0.7421 0.2939 -0.5896 0.1233 0.9426 -0.0671 0.3246 0.0409 0.7578 0.2786 -0.5657 0.1678 0.712 -0.252 -0.6411 -0.1366 0.8857 -0.0778 0.4241 0.1718
0.2318 -0.5454 -0.1215 -0.7963 0.3453 -0.6953 -0.1107 -0.6205 0.5888 0.3278 -0.5983 0.4335 0.7456 0.1623 -0.6459 0.0231 0.6183 -0.0474 -0.7701 -0.1493 0.7421 0.2939 -0.5896 0.1233 0.9426 -0.0671 0.3246 0.0409 0.7578 0.2786 -0.5657 0.1678 0.712 -0.252 -0.6411 -0.1366 0.8857 -0.0778 0.4241 0.1718
0.2318 -0.5454 -0.1215 -0.7963 0.3453 -0.6953 -0.1107 -0.6205 0.5888 0.3278 -0.5983 0.4335 0.7456 0.1623 -0.6459 0.0231 0.6183 -0.0474 -0.7701 -0.1493 0.7606 0.3105 -0.5606 0.1039 0.9426 -0.0671 0.3246 0.0409 0.7578 0.2786 -0.5657 0.1678 0.712 -0.252 -0.6411 -0.1366 0.8857 -0.0778 0.4241 0.1718
0.2318 -0.5454 -0.1215 -0.7963 0.3453 -0.6953 -0.1107 -0.6205 0.5888 0.3278 -0.5983 0.4335 0.7095 0.1714 -0.6743 0.112 0.6183 -0.0474 -0.7701 -0.1493 0.7606 0.3105 -0.5606 0.1039 0.9426 -0.0671 0.3246 0.0409 0.7578 0.2786 -0.5657 0.1678 0.712 -0.252 -0.6411 -0.1366 0.8857 -0.0778 0.4241 0.1718
0.2318 -0.5454 -0.1215 -0.7963 0.3453 -0.6953 -0.1107 -0.6205 0.5888 0.3278 -0.5983 0.4335 0.7095 0.1714 -0.6743 0.112 0.6183 -0.0474 -0.7701 -0.1493 0.7606 0.3105 -0.5606 0.1039 0.9426 -0.0671 0.3246 0.0409 0.7578 0.2786 -0.5657 0.1678 0.712 -0.252 -0.6411 -0.1366 0.8857 -0.0778 0.4241 0.1718
0.2318 -0.5454 -0.1215 -0.7963 0.3453 -0.6953 -0.1107 -0.6205 0.5888 0.3278 -0.5983 0.4335 0.7095 0.1714 -0.6743 0.112 0.6183 -0.0474 -0.7701 -0.1493 0.7606 0.3105 -0.5606 0.1039 0.9426 -0.0671 0.3246 0.0409 0.7578 0.2786 -0.5657 0.1678 0.712 -0.252 -0.6411 -0.1366 0.8857 -0.0778 0.4241 0.1718
0.2318 -0.5454 -0.1215 -0.7963 0.3453 -0.6953 -0.1107 -0.6205 0.5888 0.3278 -0.5983 0.4335 0.7095 0.1714 -0.6743 0.112 0.6183 -0.0474 -0.7701 -0.1493 0.7606 0.3105 -0.5606 0.1039 0.9426 -0.0671 0.3246 0.0409 0.7578 0.2786 -0.5657 0.1678 0.712 -0.252 -0.6411 -0.1366 0.8857 -0.0778 0.4241 0.1718
0.2318 -0.5454 -0.1215 -0.7963 0.3453 -0.6953 -0.1107 -0.6205 0.5997 0.3242 -0.5894 0.4333 0.7095 0.1714 -0.6743 0.112 0.6183 -0.0474 -0.7701 -0.1493 0.7606 0.3105 -0.5606 0.1039 0.9426 -0.0671 0.3246 0.0409 0.7578 0.2786 -0.5657 0.1678 0.712 -0.252 -0.6411 -0.1366 0.8857 -0.0778 0.4241 0.1718
0.2318 -0.5454 -0.1215 -0.7963 0.3453 -0.6953 -0.1107 -0.6205 0.5997 0.3242 -0.5894 0.4333 0.7095 0.1714 -0.6743 0.112 0.6183 -0.0474 -0.7701 -0.1493 0.7606 0.3105 -0.5606 0.1039 0.9426 -0.0671 0.3246 0.0409 0.7578 0.2786 -0.5657 0.1678 0.712 -0.252 -0.6411 -0.1366 0.8857 -0.0778 0.4241 0.1718
0.2318 -0.5454 -0.1215 -0.7963 0.3117 -0.6941 -0.1231 -0.6371 0.5997 0.3242 -0.5894 0.4333 0.7095 0.1714 -0.6743 0.112 0.6183 -0.0474 -0.7701 -0.1493 0.7866 0.342 -0.5134 0.0252 0.9426 -0.0671 0.3246 0.0409 0.7578 0.2786 -0.5657 0.1678 0.712 -0.252 -0.6411 -0.1366 0.8857 -0.0778 0.4241 0.1718
0.2214 -0.5703 -0.1132 -0.783 0.3117 -0.6941 -0.1231 -0.6371 0.5997 0.3242 -0.5894 0.4333 0.7095 0.1714 -0.6743 0.112 0.6183 -0.0474 -0.7701 -0.1493 0.7866 0.342 -0.5134 0.0252 0.9426 -0.0671 0.3246 0.0409 0.7578 0.2786 -0.5657 0.1678 0.712 -0.252 -0.6411 -0.1366 0.8857 -0.0778 0.4241 0.1718
0.2214 -0.5703 -0.1132 -0.783 0.3117 -0.6941 -0.1231 -0.6371 0.5997 0.3242 -0.5894 0.4333 0.7095 0.1714 -0.6743 0.112 0.6183 -0.0474 -0.7701 -0.1493 0.7866 0.342 -0.5134 0.0252 0.9426 -0.0671 0.3246 0.0409 0.7578 0.2786 -0.5657 0.1678 0.712 -0.252 -0.6411 -0.1366 0.8857 -0.0778 0.4241 0.1718
0.2214 -0.5703 -0.1132 -0.783 0.3117 -0.6941 -0.1231 -0.6371 0.5997 0.3242 -0.5894 0.4333 0.7095 0.1714 -0.6743 0.112 0.6183 -0.0474 -0.7701 -0.1493 0.7866 0.342 -0.5134 0.0252 0.8661 -0.0284 0.4926 0.0805 0.7135 0.2855 -0.6124 0.1854 0.712 -0.252 -0.6411 -0.1366 0.8857 -0.0778 0.4241 0.1718
0.2214 -0.5703 -0.1132 -0.783 0.3117 -0.6941 -0.1231 -0.6371 0.6151 0.318 -0.5864 0.4205 0.7095 0.1714 -0.6743 0.112 0.6183 -0.0474 -0.7701 -0.1493 0.7866 0.342 -0.5134 0.0252 0.8661 -0.0284 0.4926 0.0805 0.7135 0.2855 -0.6124 0.1854 0.712 -0.252 -0.6411 -0.1366 0.8857 -0.0778 0.4241 0.1718
0.2214 -0.5703 -0.1132 -0.783 0.3117 -0.6941 -0.1231 -0.6371 0.6151 0.318 -0.5864 0.4205 0.7095 0.1714 -0.6743 0.112 0.6183 -0.0474 -0.7701 -0.1493 0.7866 0.342 -0.5134 0.0252 0.8661 -0.0284 0.4926 0.0805 0.7135 0.2855 -0.6124 0.1854 0.712 -0.252 -0.6411 -0.1366 0.8857 -0.0778 0.4241 0.1718
0.2214 -0.5703 -0.1132 -0.783 0.313 -0.7197 -0.1071 -0.6105 0.6151 0.318 -0.5864 0.4205 0.7095 0.1714 -0.6743 0.112 0.6183 -0.0474 -0.7701 -0.1493 0.7866 0.342 -0.5134 0.0252 0.8661 -0.0284 0.4926 0.0805 0.7135 0.2855 -0.6124 0.1854 0.712 -0.252 -0.6411 -0.1366 0.8857 -0.0778 0.4241 0.1718
0.2214 -0.5703 -0.1132 -0.783 0.313 -0.7197 -0.1071 -0.6105 0.6151 0.318 -0.5864 0.4205 0.7095 0.1714 -0.6743 0.112 0.6183 -0.0474 -0.7701 -0.1493 0.7966 0.4024 -0.4496 -0.037 0.8661 -0.0284 0.4926 0.0805 0.7135 0.2855 -0.6124 0.1854 0.712 -0.252 -0.6411 -0.1366 0.8857 -0.0778 0.4241 0.1718
0.2214 -0.5703 -0.1132 -0.783 0.313 -0.7197 -0.1071 -0.6105 0.6151 0.318 -0.5864 0.4205 0.7095 0.1714 -0.6743 0.112 0.6183 -0.0474 -0.7701 -0.1493 0.7966 0.4024 -0.4496 -0.037 0.8661 -0.0284 0.4926 0.0805 0.7135 0.2855 -0.6124 0.1854 0.712 -0.252 -0.6411 -0.1366 0.8857 -0.0778 0.4241 0.1718
0.1966 -0.5726 -0.0889 -0.791 0.313 -0.7197 -0.1071 -0.6105 0.6151 0.318 -0.5864 0.4205 0.7424 0.147 -0.6496 0.0727 0.6183 -0.0474 -0.7701 -0.1493 0.7966 0.4024 -0.4496 -0.037 0.8661 -0.0284 0.4926 0.0805 0.7135 0.2855 -0.6124 0.1854 0.712 -0.252 -0.6411 -0.1366 0.931 -0.056 0.3502 0.0864
0.1966 -0.5726 -0.0889 -0.791 0.313 -0.7197 -0.1071 -0.6105 0.6151 0.318 -0.5864 0.4205 0.7424 0.147 -0.6496 0.0727 0.6183 -0.0474 -0.7701 -0.1493 0.7966 0.4024 -0.4496 -0.037 0.8661 -0.0284 0.4926 0.0805 0.7135 0.2855 -0.6124 0.1854 0.712 -0.252 -0.6411 -0.1366 0.931 -0.056 0.3502 0.0864
0.1966 -0.5726 -0.0889 -0.791 0.313 -0.7197 -0.1071 -0.6105 0.6151 0.318 -0.5864 0.4205 0.7424 0.147 -0.6496 0.0727 0.6183 -0.0474 -0.7701 -0.1493 0.7966 0.4024 -0.4496 -0.037 0.8661 -0.0284 0.4926 0.0805 0.7135 0.2855 -0.6124 0.1854 0.712 -0.252 -0.6411 -0.1366 0.931 -0.056 0.3502 0.0864
0.1966 -0.5726 -0.0889 -0.791 0.313 -0.7197 -0.1071 -0.6105 0.6613 0.2822 -0.5717 0.3953 0.7424 0.147 -0.6496 0.0727 0.6183 -0.0474 -0.7701 -0.1493 0.7966 0.4024 -0.4496 -0.037 0.8661 -0.0284 0.4926 0.0805 0.697 0.2733 -0.6342 0.1932 0.712 -0.252 -0.6411 -0.1366 0.931 -0.056 0.3502 0.0864
0.1966 -0.5726 -0.0889 -0.791 0.313 -0.7197 -0.1071 -0.6105 0.6613 0.2822 -0.5717 0.3953 0.7424 0.147 -0.6496 0.0727 0.6183 -0.0474 -0.7701 -0.1493 0.7966 0.4024 -0.4496 -0.037 0.8661 -0.0284 0.4926 0.0805 0.697 0.2733 -0.6342 0.1932 0.712 -0.252 -0.6411 -0.1366 0.931 -0.056 0.3502 0.0864
0.1966 -0.5726 -0.0889 -0.791 0.313 -0.7197 -0.1071 -0.6105 0.6613 0.2822 -0.5717 0.3953 0.7424 0.147 -0.6496 0.0727 0.6183 -0.0474 -0.7701 -0.1493 0.7966 0.4024 -0.4496 -0.037 0.8661 -0.0284 0.4926 0.0805 0.697 0.2733 -0.6342 0.1932 0.712 -0.252 -0.6411 -0.1366 0.931 -0.056 0.3502 0.0864
0.1966 -0.5726 -0.0889 -0.791 0.3083 -0.7412 -0.0817 -0.5906 0.6613 0.2822 -0.5717 0.3953 0.7424 0.147 -0.6496 0.0727 0.6183 -0.0474 -0.7701 -0.1493 0.7997 0.4057 -0.4418 -0.0252 0.8661 -0.0284 0.4926 0.0805 0.697 0.2733 -0.6342 0.1932 0.712 -0.252 -0.6411 -0.1366 0.931 -0.056 0.3502 0.0864
0.1799 -0.5851 -0.0768 -0.787 0.3083 -0.7412 -0.0817 -0.5906 0.6613 0.2822 -0.5717 0.3953 0.7424 0.147 -0.6496 0.0727 0.6183 -0.0474 -0.7701 -0.1493 0.7997 0.4057 -0.4418 -0.0252 0.8661 -0.0284 0.4926 0.0805 0.697 0.2733 -0.6342 0.1932 0.712 -0.252 -0.6411 -0.1366 0.931 -0.056 0.3502 0.0864
0.1799 -0.5851 -0.0768 -0.787 0.3083 -0.7412 -0.0817 -0.5906 0.6613 0.2822 -0.5717 0.3953 0.7424 0.147 -0.6496 0.0727 0.6183 -0.0474 -0.7701 -0.1493 0.7997 0.4057 -0.4418 -0.0252 0.8661 -0.0284 0.4926 0.0805 0.697 0.2733 -0.6342 0.1932 0.712 -0.252 -0.6411 -0.1366 0.931 -0.056 0.3502 0.0864
0.1799 -0.5851 -0.0768 -0.787 0.3083 -0.7412 -0.0817 -0.5906 0.6771 0.2855 -0.5551 0.3896 0.7424 0.147 -0.6496 0.0727 0.7153 -0.1865 -0.6718 -0.0463 0.7997 0.4057 -0.4418 -0.0252 0.8661 -0.0284 0.4926 0.0805 0.6602 0.2833 -0.6536 0.2382 0.712 -0.252 -0.6411 -0.1366 0.931 -0.056 0.3502 0.0864
0.1799 -0.5851 -0.0768 -0.787 0.3083 -0.7412 -0.0817 -0.5906 0.6771 0.2855 -0.5551 0.3896 0.7424 0.147 -0.6496 0.0727 0.7153 -0.1865 -0.6718 -0.0463 0.7997 0.4057 -0.4418 -0.0252 0.8661 -0.0284 0.4926 0.0805 0.6602 0.2833 -0.6536 0.2382 0.712 -0.252 -0.6411 -0.1366 0.931 -0.056 0.3502 0.0864
0.1799 -0.5851 -0.0768 -0.787 0.3083 -0.7412 -0.0817 -0.5906 0.6771 0.2855 -0.5551 0.3896 0.7424 0.147 -0.6496 0.0727 0.7153 -0.1865 -0.6718 -0.0463 0.7997 0.4057 -0.4418 -0.0252 0.8661 -0.0284 0.4926 0.0805 0.6602 0.2833 -0.6536 0.2382 0.712 -0.252 -0.6411 -0.1366 0.931 -0.056 0.3502 0.0864
0.1799 -0.5851 -0.0768 -0.787 0.2898 -0.7501 -0.0653 -0.5909 0.6771 0.2855 -0.5551 0.3896 0.7424 0.147 -0.6496 0.0727 0.7153 -0.1865 -0.6718 -0.0463 0.7775 0.3261 -0.532 0.0787 0.8661 -0.0284 0.4926 0.0805 0.6602 0.2833 -0.6536 0.2382 0.712 -0.252 -0.6411 -0.1366 0.931 -0.056 0.3502 0.0864
0.1569 -0.5923 -0.0689 -0.7872 0.2898 -0.7501 -0.0653 -0.5909 0.6771 0.2855 -0.5551 0.3896 0.7424 0.147 -0.6496 0.0727 0.7153 -0.1865 -0.6718 -0.0463 0.7775 0.3261 -0.532 0.0787 0.8661 -0.0284 0.4926 0.0805 0.6602 0.2833 -0.6536 0.2382 0.712 -0.252 -0.6411 -0.1366 0.931 -0.056 0.3502 0.0864
0.1569 -0.5923 -0.0689 -0.7872 0.2898 -0.7501 -0.0653 -0.5909 0.6771 0.2855 -0.5551 0.3896 0.7424 0.147 -0.6496 0.0727 0.7153 -0.1865 -0.6718 -0.0463 0.7775 0.3261 -0.532 0.0787 0.8661 -0.0284 0.4926 0.0805 0.6602 0.2833 -0.6536 0.2382 0.712 -0.252 -0.6411 -0.1366 0.931 -0.056 0.3502 0.0864
0.1569 -0.5923 -0.0689 -0.7872 0.2898 -0.7501 -0.0653 -0.5909 0.6771 0.2855 -0.5551 0.3896 0.7424 0.147 -0.6496 0.0727 0.7153 -0.1865 -0.6718 -0.0463 0.7775 0.3261 -0.532 0.0787 0.8661 -0.0284 0.4926 0.0805 0.6602 0.2833 -0.6536 0.2382 0.712 -0.252 -0.6411 -0.1366 0.931 -0.056 0.3502 0.0864
0.1569 -0.5923 -0.0689 -0.7872 0.2898 -0.7501 -0.0653 -0.5909 0.6771 0.2855 -0.5551 0.3896 0.7424 0.147 -0.6496 0.0727 0.7092 -0.1411 -0.6907 0.0059 0.7775 0.3261 -0.532 0.0787 0.8661 -0.0284 0.4926 0.0805 0.6602 0.2833 -0.6536 0.2382 0.712 -0.252 -0.6411 -0.1366 0.931 -0.056 0.3502 0.0864
0.1569 -0.5923 -0.0689 -0.7872 0.2898 -0.7501 -0.0653 -0.5909 0.6838 0.2701 -0.562 0.379 0.7424 0.147 -0.6496 0.0727 0.7092 -0.1411 -0.6907 0.0059 0.7775 0.3261 -0.532 0.0787 0.8661 -0.0284 0.4926 0.0805 0.6602 0.2833 -0.6536 0.2382 0.712 -0.252 -0.6411 -0.1366 0.931 -0.056 0.3502 0.0864
0.1569 -0.5923 -0.0689 -0.7872 0.2898 -0.7501 -0.0653 -0.5909 0.6838 0.2701 -0.562 0.379 0.7424 0.147 -0.6496 0.0727 0.7092 -0.1411 -0.6907 0.0059 0.7775 0.3261 -0.532 0.0787 0.8661 -0.0284 0.4926 0.0805 0.6602 0.2833 -0.6536 0.2382 0.712 -0.252 -0.6411 -0.1366 0.931 -0.056 0.3502 0.0864
0.1569 -0.5923 -0.0689 -0.7872 0.2651 -0.7376 -0.0725 -0.6167 0.6838 0.2701 -0.562 0.379 0.7424 0.147 -0.6496 0.0727 0.7092 -0.1411 -0.6907 0.0059 0.7043 0.2056 -0.6364 0.2384 0.8661 -0.0284 0.4926 0.0805 0.6602 0.2833 -0.6536 0.2382 0.712 -0.252 -0.6411 -0.1366 0.931 -0.056 0.3502 0.0864
0.1569 -0.5923 -0.0689 -0.7872 0.2651 -0.7376 -0.0725 -0.6167 0.6838 0.2701 -0.562 0.379 0.7424 0.147 -0.6496 0.0727 0.7092 -0.1411 -0.6907 0.0059 0.7043 0.2056 -0.6364 0.2384 0.8661 -0.0284 0.4926 0.0805 0.6602 0.2833 -0.6536 0.2382 0.712 -0.252 -0.6411 -0.1366 0.931 -0.056 0.3502 0.0864
0.1528 -0.5953 -0.0816 -0.7846 0.2651 -0.7376 -0.0725 -0.6167 0.6838 0.2701 -0.562 0.379 0.7424 0.147 -0.6496 0.0727 0.7092 -0.1411 -0.6907 0.0059 0.7043 0.2056 -0.6364 0.2384 0.973 -0.0295 0.2254 0.0401 0.6602 0.2833 -0.6536 0.2382 0.712 -0.252 -0.6411 -0.1366 0.931 -0.056 0.3502 0.0864
0.1528 -0.5953 -0.0816 -0.7846 0.2651 -0.7376 -0.0725 -0.6167 0.6838 0.2701 -0.562 0.379 0.7424 0.147 -0.6496 0.0727 0.7092 -0.1411 -0.6907 0.0059 0.7043 0.2056 -0.6364 0.2384 0.973 -0.0295 0.2254 0.0401 0.6602 0.2833 -0.6536 0.2382 0.712 -0.252 -0.6411 -0.1366 0.931 -0.056 0.3502 0.0864
0.1528 -0.5953 -0.0816 -0.7846 0.2651 -0.7376 -0.0725 -0.6167 0.6776 0.2637 -0.5746 0.3757 0.7424 0.147 -0.6496 0.0727 0.6992 -0.0801 -0.7104 0.0071 0.7043 0.2056 -0.6364 0.2384 0.973 -0.0295 0.2254 0.0401 0.6176 0.2629 -0.6891 0.2729 0.712 -0.252 -0.6411 -0.1366 0.931 -0.056 0.3502 0.0864
0.1528 -0.5953 -0.0816 -0.7846 0.2651 -0.7376 -0.0725 -0.6167 0.6776 0.2637 -0.5746 0.3757 0.7424 0.147 -0.6496 0.0727 0.6992 -0.0801 -0.7104 0.0071 0.7043 0.2056 -0.6364 0.2384 0.973 -0.0295 0.2254 0.0401 0.6176 0.2629 -0.6891 0.2729 0.712 -0.252 -0.6411 -0.1366 0.931 -0.056 0.3502 0.0864
0.1528 -0.5953 -0.0816 -0.7846 0.2651 -0.7376 -0.0725 -0.6167 0.6776 0.2637 -0.5746 0.3757 0.7424 0.147 -0.6496 0.0727 0.6992 -0.0801 -0.7104 0.0071 0.7043 0.2056 -0.6364 0.2384 0.973 -0.0295 0.2254 0.0401 0.6176 0.2629 -0.6891 0.2729 0.712 -0.252 -0.6411 -0.1366 0.931 -0.056 0.3502 0.0864
0.1528 -0.5953 -0.0816 -0.7846 0.2571 -0.7242 -0.0959 -0.6327 0.6776 0.2637 -0.5746 0.3757 0.7424 0.147 -0.6496 0.0727 0.6992 -0.0801 -0.7104 0.0071 0.6754 0.171 -0.6666 0.2651 0.973 -0.0295 0.2254 0.0401 0.6176 0.2629 -0.6891 0.2729 0.712 -0.252 -0.6411 -0.1366 0.931 -0.056 0.3502 0.0864
0.1528 -0.5953 -0.0816 -0.7846 0.2571 -0.7242 -0.0959 -0.6327 0.6776 0.2637 -0.5746 0.3757 0.7532 0.1707 -0.6352 -1.0E-4 0.6992 -0.0801 -0.7104 0.0071 0.6754 0.171 -0.6666 0.2651 0.973 -0.0295 0.2254 0.0401 0.6176 0.2629 -0.6891 0.2729 0.712 -0.252 -0.6411 -0.1366 0.931 -0.056 0.3502 0.0864
0.1568 -0.5939 -0.0914 -0.7838 0.2571 -0.7242 -0.0959 -0.6327 0.6776 0.2637 -0.5746 0.3757 0.7532 0.1707 -0.6352 -1.0E-4 0.6992 -0.0801 -0.7104 0.0071 0.6754 0.171 -0.6666 0.2651 0.973 -0.0295 0.2254 0.0401 0.6176 0.2629 -0.6891 0.2729 0.712 -0.252 -0.6411 -0.1366 0.931 -0.056 0.3502 0.0864
0.1568 -0.5939 -0.0914 -0.7838 0.2571 -0.7242 -0.0959 -0.6327 0.6776 0.2637 -0.5746 0.3757 0.7532 0.1707 -0.6352 -1.0E-4 0.6992 -0.0801 -0.7104 0.0071 0.6754 0.171 -0.6666 0.2651 0.9666 -0.0406 0.2452 0.0625 0.6176 0.2629 -0.6891 0.2729 0.712 -0.252 -0.6411 -0.1366 0.931 -0.056 0.3502 0.0864
0.1568 -0.5939 -0.0914 -0.7838 0.2571 -0.7242 -0.0959 -0.6327 0.6619 0.2687 -0.5824 0.388 0.7532 0.1707 -0.6352 -1.0E-4 0.6992 -0.0801 -0.7104 0.0071 0.6754 0.171 -0.6666 0.2651 0.9666 -0.0406 0.2452 0.0625 0.6221 0.2539 -0.6858 0.2798 0.712 -0.252 -0.6411 -0.1366 0.931 -0.056 0.3502 0.0864
0.1568 -0.5939 -0.0914 -0.7838 0.2571 -0.7242 -0.0959 -0.6327 0.6619 0.2687 -0.5824 0.388 0.7532 0.1707 -0.6352 -1.0E-4 0.6992 -0.0801 -0.7104 0.0071 0.6754 0.171 -0.6666 0.2651 0.9666 -0.0406 0.2452 0.0625 0.6221 0.2539 -0.6858 0.2798 0.712 -0.252 -0.6411 -0.1366 0.931 -0.056 0.3502 0.0864
0.1568 -0.5939 -0.0914 -0.7838 0.2571 -0.7242 -0.0959 -0.6327 0.6619 0.2687 -0.5824 0.388 0.7532 0.1707 -0.6352 -1.0E-4 0.6992 -0.0801 -0.7104 0.0071 0.6754 0.171 -0.6666 0.2651 0.9666 -0.0406 0.2452 0.0625 0.6221 0.2539 -0.6858 0.2798 0.712 -0.252 -0.6411 -0.1366 0.931 -0.056 0.3502 0.0864
0.1568 -0.5939 -0.0914 -0.7838 0.2571 -0.7242 -0.0959 -0.6327 0.6619 0.2687 -0.5824 0.388 0.7532 0.1707 -0.6352 -1.0E-4 0.6992 -0.0801 -0.7104 0.0071 0.6736 0.2176 -0.6601 0.2513 0.9666 -0.0406 0.2452 0.0625 0.6221 0.2539 -0.6858 0.2798 0.712 -0.252 -0.6411 -0.1366 0.931 -0.056 0.3502 0.0864
0.1568 -0.5939 -0.0914 -0.7838 0.2571 -0.7242 -0.0959 -0.6327 0.6619 0.2687 -0.5824 0.388 0.7532 0.1707 -0.6352 -1.0E-4 0.6992 -0.0801 -0.7104 0.0071 0.6736 0.2176 -0.6601 0.2513 0.9666 -0.0406 0.2452 0.0625 0.6221 0.2539 -0.6858 0.2798 0.712 -0.252 -0.6411 -0.1366 0.931 -0.056 0.3502 0.0864
0.1572 -0.596 -0.0727 -0.7841 0.2571 -0.7242 -0.0959 -0.6327 0.6619 0.2687 -0.5824 0.388 0.7532 0.1707 -0.6352 -1.0E-4 0.6992 -0.0801 -0.7104 0.0071 0.6736 0.2176 -0.6601 0.2513 0.9666 -0.0406 0.2452 0.0625 0.6221 0.2539 -0.6858 0.2798 0.712 -0.252 -0.6411 -0.1366 0.931 -0.056 0.3502 0.0864
0.1572 -0.596 -0.0727 -0.7841 0.2571 -0.7242 -0.0959 -0.6327 0.6619 0.2687 -0.5824 0.388 0.7532 0.1707 -0.6352 -1.0E-4 0.6992 -0.0801 -0.7104 0.0071 0.6736 0.2176 -0.6601 0.2513 0.9666 -0.0406 0.2452 0.0625 0.6221 0.2539 -0.6858 0.2798 0.712 -0.252 -0.6411 -0.1366 0.931 -0.056 0.3502 0.0864
0.1572 -0.596 -0.0727 -0.7841 0.2571 -0.7242 -0.0959 -0.6327 0.6501 0.2819 -0.5898 0.3873 0.7532 0.1707 -0.6352 -1.0E-4 0.6992 -0.0801 -0.7104 0.0071 0.6736 0.2176 -0.6601 0.2513 0.9666 -0.0406 0.2452 0.0625 0.679 0.2758 -0.6181 0.2843 0.7411 -0.3527 -0.5695 -0.0442 0.931 -0.056 0.3502 0.0864
0.1572 -0.596 -0.0727 -0.7841 0.2571 -0.7242 -0.0959 -0.6327 0.6501 0.2819 -0.5898 0.3873 0.7532 0.1707 -0.6352 -1.0E-4 0.6992 -0.0801 -0.7104 0.0071 0.6736 0.2176 -0.6601 0.2513 0.9666 -0.0406 0.2452 0.0625 0.679 0.2758 -0.6181 0.2843 0.7411 -0.3527 -0.5695 -0.0442 0.931 -0.056 0.3502 0.0864
0.1572 -0.596 -0.0727 -0.7841 0.2571 -0.7242 -0.0959 -0.6327 0.6501 0.2819 -0.5898 0.3873 0.7532 0.1707 -0.6352 -1.0E-4 0.6992 -0.0801 -0.7104 0.0071 0.6802 0.2436 -0.6526 0.2283 0.9666 -0.0406 0.2452 0.0625 0.679 0.2758 -0.6181 0.2843 0.7411 -0.3527 -0.5695 -0.0442 0.931 -0.056 0.3502 0.0864
0.1572 -0.596 -0.0727 -0.7841 0.2571 -0.7242 -0.0959 -0.6327 0.6501 0.2819 -0.5898 0.3873 0.7532 0.1707 -0.6352 -1.0E-4 0.6992 -0.0801 -0.7104 0.0071 0.6802 0.2436 -0.6526 0.2283 0.9666 -0.0406 0.2452 0.0625 0.679 0.2758 -0.6181 0.2843 0.7411 -0.3527 -0.5695 -0.0442 0.931 -0.056 0.3502 0.0864
0.1572 -0.596 -0.0727 -0.7841 0.2571 -0.7242 -0.0959 -0.6327 0.6501 0.2819 -0.5898 0.3873 0.7532 0.1707 -0.6352 -1.0E-4 0.6992 -0.0801 -0.7104 0.0071 0.6802 0.2436 -0.6526 0.2283 0.9666 -0.0406 0.2452 0.0625 0.679 0.2758 -0.6181 0.2843 0.7411 -0.3527 -0.5695 -0.0442 0.931 -0.056 0.3502 0.0864
0.1843 -0.5866 -0.0753 -0.785 0.2571 -0.7242 -0.0959 -0.6327 0.6501 0.2819 -0.5898 0.3873 0.7532 0.1707 -0.6352 -1.0E-4 0.6992 -0.0801 -0.7104 0.0071 0.6802 0.2436 -0.6526 0.2283 0.9666 -0.0406 0.2452 0.0625 0.679 0.2758 -0.6181 0.2843 0.7411 -0.3527 -0.5695 -0.0442 0.931 -0.056 0.3502 0.0864
0.1843 -0.5866 -0.0753 -0.785 0.2571 -0.7242 -0.0959 -0.6327 0.6501 0.2819 -0.5898 0.3873 0.7532 0.1707 -0.6352 -1.0E-4 0.6992 -0.0801 -0.7104 0.0071 0.6802 0.2436 -0.6526 0.2283 0.9666 -0.0406 0.2452 0.0625 0.679 0.2758 -0.6181 0.2843 0.7411 -0.3527 -0.5695 -0.0442 0.931 -0.056 0.3502 0.0864
0.1843 -0.5866 -0.0753 -0.785 0.2571 -0.7242 -0.0959 -0.6327 0.654 0.2744 -0.5898 0.3862 0.7532 0.1707 -0.6352 -1.0E-4 0.6519 -0.0771 -0.7508 -0.0733 0.6802 0.2436 -0.6526 0.2283 0.9462 -0.0735 0.308 0.067 0.7144 0.3175 -0.5551 0.2842 0.7585 -0.4146 -0.5027 -0.0063 0.931 -0.056 0.3502 0.0864
0.1843 -0.5866 -0.0753 -0.785 0.2571 -0.7242 -0.0959 -0.6327 0.654 0.2744 -0.5898 0.3862 0.7532 0.1707 -0.6352 -1.0E-4 0.6519 -0.0771 -0.7508 -0.0733 0.6802 0.2436 -0.6526 0.2283 0.9462 -0.0735 0.308 0.067 0.7144 0.3175 -0.5551 0.2842 0.7585 -0.4146 -0.5027 -0.0063 0.931 -0.056 0.3502 0.0864
0.1843 -0.5866 -0.0753 -0.785 0.2571 -0.7242 -0.0959 -0.6327 0.654 0.2744 -0.5898 0.3862 0.7532 0.1707 -0.6352 -1.0E-4 0.6519 -0.0771 -0.7508 -0.0733 0.6802 0.2436 -0.6526 0.2283 0.9462 -0.0735 0.308 0.067 0.7144 0.3175 -0.5551 0.2842 0.7585 -0.4146 -0.5027 -0.0063 0.931 -0.056 0.3502 0.0864
0.1843 -0.5866 -0.0753 -0.785 0.2938 -0.7184 -0.0748 -0.6262 0.654 0.2744 -0.5898 0.3862 0.7532 0.1707 -0.6352 -1.0E-4 0.6519 -0.0771 -0.7508 -0.0733 0.6942 0.2587 -0.6428 0.1948 0.9462 -0.0735 0.308 0.067 0.7144 0.3175 -0.5551 0.2842 0.7585 -0.4146 -0.5027 -0.0063 0.931 -0.056 0.3502 0.0864
0.1843 -0.5866 -0.0753 -0.785 0.2938 -0.7184 -0.0748 -0.6262 0.654 0.2744 -0.5898 0.3862 0.7532 0.1707 -0.6352 -1.0E-4 0.6519 -0.0771 -0.7508 -0.0733 0.6942 0.2587 -0.6428 0.1948 0.9462 -0.0735 0.308 0.067 0.7144 0.3175 -0.5551 0.2842 0.7585 -0.4146 -0.5027 -0.0063 0.931 -0.056 0.3502 0.0864
0.2106 -0.5825 -0.0708 -0.7819 0.2938 -0.7184 -0.0748 -0.6262 0.654 0.2744 -0.5898 0.3862 0.7532 0.1707 -0.6352 -1.0E-4 0.6519 -0.0771 -0.7508 -0.0733 0.6942 0.2587 -0.6428 0.1948 0.9445 -0.0724 0.3129 0.0688 0.7144 0.3175 -0.5551 0.2842 0.7585 -0.4146 -0.5027 -0.0063 0.931 -0.056 0.3502 0.0864
0.2106 -0.5825 -0.0708 -0.7819 0.2938 -0.7184 -0.0748 -0.6262 0.654 0.2744 -0.5898 0.3862 0.7532 0.1707 -0.6352 -1.0E-4 0.6519 -0.0771 -0.7508 -0.0733 0.6942 0.2587 -0.6428 0.1948 0.9445 -0.0724 0.3129 0.0688 0.7144 0.3175 -0.5551 0.2842 0.7585 -0.4146 -0.5027 -0.0063 0.931 -0.056 0.3502 0.0864
0.2106 -0.5825 -0.0708 -0.7819 0.2938 -0.7184 -0.0748 -0.6262 0.654 0.2744 -0.5898 0.3862 0.7532 0.1707 -0.6352 -1.0E-4 0.6519 -0.0771 -0.7508 -0.0733 0.6942 0.2587 -0.6428 0.1948 0.9445 -0.0724 0.3129 0.0688 0.7144 0.3175 -0.5551 0.2842 0.7585 -0.4146 -0.5027 -0.0063 0.931 -0.056 0.3502 0.0864
0.2106 -0.5825 -0.0708 -0.7819 0.2938 -0.7184 -0.0748 -0.6262 0.654 0.2744 -0.5898 0.3862 0.7532 0.1707 -0.6352 -1.0E-4 0.6519 -0.0771 -0.7508 -0.0733 0.6942 0.2587 -0.6428 0.1948 0.9445 -0.0724 0.3129 0.0688 0.7144 0.3175 -0.5551 0.2842 0.7585 -0.4146 -0.5027 -0.0063 0.931 -0.056 0.3502 0.0864
0.2106 -0.5825 -0.0708 -0.7819 0.2938 -0.7184 -0.0748 -0.6262 0.654 0.2744 -0.5898 0.3862 0.7532 0.1707 -0.6352 -1.0E-4 0.6519 -0.0771 -0.7508 -0.0733 0.6942 0.2587 -0.6428 0.1948 0.9445 -0.0724 0.3129 0.0688 0.7144 0.3175 -0.5551 0.2842 0.7585 -0.4146 -0.5027 -0.0063 0.931 -0.056 0.3502 0.0864
0.2106 -0.5825 -0.0708 -0.7819 0.3096 -0.7231 -0.0761 -0.6128 0.654 0.2744 -0.5898 0.3862 0.7532 0.1707 -0.6352 -1.0E-4 0.6519 -0.0771 -0.7508 -0.0733 0.7128 0.2733 -0.6236 0.1685 0.9445 -0.0724 0.3129 0.0688 0.7144 0.3175 -0.5551 0.2842 0.7585 -0.4146 -0.5027 -0.0063 0.931 -0.056 0.3502 0.0864
0.2106 -0.5825 -0.0708 -0.7819 0.3096 -0.7231 -0.0761 -0.6128 0.654 0.2744 -0.5898 0.3862 0.7532 0.1707 -0.6352 -1.0E-4 0.6519 -0.0771 -0.7508 -0.0733 0.7128 0.2733 -0.6236 0.1685 0.9445 -0.0724 0.3129 0.0688 0.7144 0.3175 -0.5551 0.2842 0.7585 -0.4146 -0.5027 -0.0063 0.931 -0.056 0.3502 0.0864
0.2191 -0.5727 -0.0828 -0.7856 0.3096 -0.7231 -0.0761 -0.6128 0.654 0.2744 -0.5898 0.3862 0.7308 0.1877 -0.6538 0.0571 0.6519 -0.0771 -0.7508 -0.0733 0.7128 0.2733 -0.6236 0.1685 0.9445 -0.0724 0.3129 0.0688 0.7144 0.3175 -0.5551 0.2842 0.7585 -0.4146 -0.5027 -0.0063 0.8585 -0.0773 0.4637 0.2049
0.2191 -0.5727 -0.0828 -0.7856 0.3096 -0.7231 -0.0761 -0.6128 0.654 0.2744 -0.5898 0.3862 0.7308 0.1877 -0.6538 0.0571 0.6519 -0.0771 -0.7508 -0.0733 0.7128 0.2733 -0.6236 0.1685 0.9435 -0.074 0.3157 0.0684 0.7144 0.3175 -0.5551 0.2842 0.7585 -0.4146 -0.5027 -0.0063 0.8585 -0.0773 0.4637 0.2049
0.2191 -0.5727 -0.0828 -0.7856 0.3096 -0.7231 -0.0761 -0.6128 0.654 0.2744 -0.5898 0.3862 0.7308 0.1877 -0.6538 0.0571 0.6519 -0.0771 -0.7508 -0.0733 0.7128 0.2733 -0.6236 0.1685 0.9435 -0.074 0.3157 0.0684 0.7144 0.3175 -0.5551 0.2842 0.7585 -0.4146 -0.5027 -0.0063 0.8585 -0.0773 0.4637 0.2049
0.2191 -0.5727 -0.0828 -0.7856 0.3096 -0.7231 -0.0761 -0.6128 0.654 0.2744 -0.5898 0.3862 0.7308 0.1877 -0.6538 0.0571 0.6519 -0.0771 -0.7508 -0.0733 0.7128 0.2733 -0.6236 0.1685 0.9435 -0.074 0.3157 0.0684 0.7144 0.3175 -0.5551 0.2842 0.7585 -0.4146 -0.5027 -0.0063 0.8585 -0.0773 0.4637 0.2049
0.2191 -0.5727 -0.0828 -0.7856 0.3096 -0.7231 -0.0761 -0.6128 0.654 0.2744 -0.5898 0.3862 0.7308 0.1877 -0.6538 0.0571 0.6519 -0.0771 -0.7508 -0.0733 0.7128 0.2733 -0.6236 0.1685 0.9435 -0.074 0.3157 0.0684 0.7144 0.3175 -0.5551 0.2842 0.7585 -0.4146 -0.5027 -0.0063 0.8585 -0.0773 0.4637 0.2049
0.2191 -0.5727 -0.0828 -0.7856 0.3197 -0.7262 -0.1013 -0.6001 0.654 0.2744 -0.5898 0.3862 0.7308 0.1877 -0.6538 0.0571 0.6519 -0.0771 -0.7508 -0.0733 0.7258 0.2846 -0.6069 0.1547 0.9435 -0.074 0.3157 0.0684 0.7144 0.3175 -0.5551 0.2842 0.7585 -0.4146 -0.5027 -0.0063 0.8585 -0.0773 0.4637 0.2049
0.2191 -0.5727 -0.0828 -0.7856 0.3197 -0.7262 -0.1013 -0.6001 0.654 0.2744 -0.5898 0.3862 0.7308 0.1877 -0.6538 0.0571 0.6519 -0.0771 -0.7508 -0.0733 0.7258 0.2846 -0.6069 0.1547 0.9435 -0.074 0.3157 0.0684 0.7144 0.3175 -0.5551 0.2842 0.7585 -0.4146 -0.5027 -0.0063 0.8585 -0.0773 0.4637 0.2049
0.2189 -0.5696 -0.0953 -0.7865 0.3197 -0.7262 -0.1013 -0.6001 0.654 0.2744 -0.5898 0.3862 0.7308 0.1877 -0.6538 0.0571 0.6519 -0.0771 -0.7508 -0.0733 0.7258 0.2846 -0.6069 0.1547 0.9435 -0.074 0.3157 0.0684 0.7144 0.3175 -0.5551 0.2842 0.7585 -0.4146 -0.5027 -0.0063 0.8585 -0.0773 0.4637 0.2049
0.2189 -0.5696 -0.0953 -0.7865 0.3197 -0.7262 -0.1013 -0.6001 0.654 0.2744 -0.5898 0.3862 0.7308 0.1877 -0.6538 0.0571 0.6519 -0.0771 -0.7508 -0.0733 0.7258 0.2846 -0.6069 0.1547 0.9435 -0.074 0.3157 0.0684 0.7144 0.3175 -0.5551 0.2842 0.7585 -0.4146 -0.5027 -0.0063 0.8585 -0.0773 0.4637 0.2049
0.2189 -0.5696 -0.0953 -0.7865 0.3197 -0.7262 -0.1013 -0.6001 0.6183 0.3109 -0.5851 0.4226 0.7308 0.1877 -0.6538 0.0571 0.6519 -0.0771 -0.7508 -0.0733 0.7258 0.2846 -0.6069 0.1547 0.9435 -0.074 0.3157 0.0684 0.7144 0.3175 -0.5551 0.2842 0.7585 -0.4146 -0.5027 -0.0063 0.8585 -0.0773 0.4637 0.2049
0.2189 -0.5696 -0.0953 -0.7865 0.3197 -0.7262 -0.1013 -0.6001 0.6183 0.3109 -0.5851 0.4226 0.7308 0.1877 -0.6538 0.0571 0.6519 -0.0771 -0.7508 -0.0733 0.7258 0.2846 -0.6069 0.1547 0.9435 -0.074 0.3157 0.0684 0.7144 0.3175 -0.5551 0.2842 0.7585 -0.4146 -0.5027 -0.0063 0.8585 -0.0773 0.4637 0.2049
0.2189 -0.5696 -0.0953 -0.7865 0.3118 -0.7189 -0.1188 -0.6097 0.6183 0.3109 -0.5851 0.4226 0.7308 0.1877 -0.6538 0.0571 0.6519 -0.0771 -0.7508 -0.0733 0.7258 0.2846 -0.6069 0.1547 0.9435 -0.074 0.3157 0.0684 0.7144 0.3175 -0.5551 0.2842 0.7585 -0.4146 -0.5027 -0.0063 0.8585 -0.0773 0.4637 0.2049
0.2189 -0.5696 -0.0953 -0.7865 0.3118 -0.7189 -0.1188 -0.6097 0.6183 0.3109 -0.5851 0.4226 0.7308 0.1877 -0.6538 0.0571 0.6519 -0.0771 -0.7508 -0.0733 0.7401 0.3006 -0.5853 0.1394 0.9435 -0.074 0.3157 0.0684 0.7144 0.3175 -0.5551 0.2842 0.7585 -0.4146 -0.5027 -0.0063 0.8585 -0.0773 0.4637 0.2049
0.2189 -0.5696 -0.0953 -0.7865 0.3118 -0.7189 -0.1188 -0.6097 0.6183 0.3109 -0.5851 0.4226 0.7308 0.1877 -0.6538 0.0571 0.6519 -0.0771 -0.7508 -0.0733 0.7401 0.3006 -0.5853 0.1394 0.9435 -0.074 0.3157 0.0684 0.7144 0.3175 -0.5551 0.2842 0.7585 -0.4146 -0.5027 -0.0063 0.8585 -0.0773 0.4637 0.2049
0.2192 -0.5666 -0.1163 -0.7858 0.3118 -0.7189 -0.1188 -0.6097 0.6183 0.3109 -0.5851 0.4226 0.7308 0.1877 -0.6538 0.0571 0.6519 -0.0771 -0.7508 -0.0733 0.7401 0.3006 -0.5853 0.1394 0.9435 -0.074 0.3157 0.0684 0.7144 0.3175 -0.5551 0.2842 0.7585 -0.4146 -0.5027 -0.0063 0.8585 -0.0773 0.4637 0.2049
0.2192 -0.5666 -0.1163 -0.7858 0.3118 -0.7189 -0.1188 -0.6097 0.6183 0.3109 -0.5851 0.4226 0.7308 0.1877 -0.6538 0.0571 0.6519 -0.0771 -0.7508 -0.0733 0.7401 0.3006 -0.5853 0.1394 0.9435 -0.074 0.3157 0.0684 0.7144 0.3175 -0.5551 0.2842 0.7585 -0.4146 -0.5027 -0.0063 0.8585 -0.0773 0.4637 0.2049
0.2192 -0.5666 -0.1163 -0.7858 0.3118 -0.7189 -0.1188 -0.6097 0.6183 0.3109 -0.5851 0.4226 0.7308 0.1877 -0.6538 0.0571 0.6182 -0.0462 -0.7713 -0.1444 0.7401 0.3006 -0.5853 0.1394 0.9407 -0.0806 0.3232 0.0641 0.7144 0.3175 -0.5551 0.2842 0.5798 -0.1807 -0.7432 -0.2809 0.8585 -0.0773 0.4637 0.2049
0.2192 -0.5666 -0.1163 -0.7858 0.3118 -0.7189 -0.1188 -0.6097 0.6183 0.3109 -0.5851 0.4226 0.7308 0.1877 -0.6538 0.0571 0.6182 -0.0462 -0.7713 -0.1444 0.7401 0.3006 -0.5853 0.1394 0.9407 -0.0806 0.3232 0.0641 0.7144 0.3175 -0.5551 0.2842 0.5798 -0.1807 -0.7432 -0.2809 0.8585 -0.0773 0.4637 0.2049
0.2192 -0.5666 -0.1163 -0.7858 0.3118 -0.7189 -0.1188 -0.6097 0.6183 0.3109 -0.5851 0.4226 0.7308 0.1877 -0.6538 0.0571 0.6182 -0.0462 -0.7713 -0.1444 0.7401 0.3006 -0.5853 0.1394 0.9407 -0.0806 0.3232 0.0641 0.7144 0.3175 -0.5551 0.2842 0.5798 -0.1807 -0.7432 -0.2809 0.8585 -0.0773 0.4637 0.2049
0.2192 -0.5666 -0.1163 -0.7858 0.2984 -0.7088 -0.1281 -0.6262 0.6183 0.3109 -0.5851 0.4226 0.7308 0.1877 -0.6538 0.0571 0.6182 -0.0462 -0.7713 -0.1444 0.7626 0.3299 -0.5459 0.1073 0.9407 -0.0806 0.3232 0.0641 0.7144 0.3175 -0.5551 0.2842 0.5798 -0.1807 -0.7432 -0.2809 0.8585 -0.0773 0.4637 0.2049
0.2192 -0.5666 -0.1163 -0.7858 0.2984 -0.7088 -0.1281 -0.6262 0.6183 0.3109 -0.5851 0.4226 0.7308 0.1877 -0.6538 0.0571 0.6182 -0.0462 -0.7713 -0.1444 0.7626 0.3299 -0.5459 0.1073 0.9407 -0.0806 0.3232 0.0641 0.7144 0.3175 -0.5551 0.2842 0.5798 -0.1807 -0.7432 -0.2809 0.8585 -0.0773 0.4637 0.2049
0.2051 -0.5679 -0.1073 -0.7899 0.2984 -0.7088 -0.1281 -0.6262 0.6183 0.3109 -0.5851 0.4226 0.7175 0.1537 -0.6735 0.0887 0.6182 -0.0462 -0.7713 -0.1444 0.7626 0.3299 -0.5459 0.1073 0.9299 -0.0803 0.3492 0.0838 0.7144 0.3175 -0.5551 0.2842 0.5798 -0.1807 -0.7432 -0.2809 0.8585 -0.0773 0.4637 0.2049
0.2051 -0.5679 -0.1073 -0.7899 0.2984 -0.7088 -0.1281 -0.6262 0.6183 0.3109 -0.5851 0.4226 0.7175 0.1537 -0.6735 0.0887 0.6273 -0.055 -0.7622 -0.15 0.7626 0.3299 -0.5459 0.1073 0.9299 -0.0803 0.3492 0.0838 0.7144 0.3175 -0.5551 0.2842 0.5828 -0.2651 -0.7116 -0.2893 0.8585 -0.0773 0.4637 0.2049
0.2051 -0.5679 -0.1073 -0.7899 0.2984 -0.7088 -0.1281 -0.6262 0.6155 0.3151 -0.5845 0.4244 0.7175 0.1537 -0.6735 0.0887 0.6273 -0.055 -0.7622 -0.15 0.7626 0.3299 -0.5459 0.1073 0.9299 -0.0803 0.3492 0.0838 0.7144 0.3175 -0.5551 0.2842 0.5828 -0.2651 -0.7116 -0.2893 0.8585 -0.0773 0.4637 0.2049
0.2051 -0.5679 -0.1073 -0.7899 0.2984 -0.7088 -0.1281 -0.6262 0.6155 0.3151 -0.5845 0.4244 0.7175 0.1537 -0.6735 0.0887 0.6273 -0.055 -0.7622 -0.15 0.7626 0.3299 -0.5459 0.1073 0.9299 -0.0803 0.3492 0.0838 0.7144 0.3175 -0.5551 0.2842 0.5828 -0.2651 -0.7116 -0.2893 0.8585 -0.0773 0.4637 0.2049
0.2051 -0.5679 -0.1073 -0.7899 0.2749 -0.6985 -0.1141 -0.6507 0.6155 0.3151 -0.5845 0.4244 0.7175 0.1537 -0.6735 0.0887 0.6273 -0.055 -0.7622 -0.15 0.7626 0.3299 -0.5459 0.1073 0.9299 -0.0803 0.3492 0.0838 0.7144 0.3175 -0.5551 0.2842 0.5828 -0.2651 -0.7116 -0.2893 0.8585 -0.0773 0.4637 0.2049
0.2051 -0.5679 -0.1073 -0.7899 0.2749 -0.6985 -0.1141 -0.6507 0.6155 0.3151 -0.5845 0.4244 0.7175 0.1537 -0.6735 0.0887 0.6273 -0.055 -0.7622 -0.15 0.7858 0.363 -0.5005 0.0164 0.9299 -0.0803 0.3492 0.0838 0.7144 0.3175 -0.5551 0.2842 0.5828 -0.2651 -0.7116 -0.2893 0.8585 -0.0773 0.4637 0.2049
0.2051 -0.5679 -0.1073 -0.7899 0.2749 -0.6985 -0.1141 -0.6507 0.6155 0.3151 -0.5845 0.4244 0.7175 0.1537 -0.6735 0.0887 0.6273 -0.055 -0.7622 -0.15 0.7858 0.363 -0.5005 0.0164 0.9299 -0.0803 0.3492 0.0838 0.7144 0.3175 -0.5551 0.2842 0.5828 -0.2651 -0.7116 -0.2893 0.8585 -0.0773 0.4637 0.2049
0.1983 -0.5739 -0.1013 -0.7881 0.2749 -0.6985 -0.1141 -0.6507 0.6155 0.3151 -0.5845 0.4244 0.7175 0.1537 -0.6735 0.0887 0.6273 -0.055 -0.7622 -0.15 0.7858 0.363 -0.5005 0.0164 0.9299 -0.0803 0.3492 0.0838 0.7144 0.3175 -0.5551 0.2842 0.5828 -0.2651 -0.7116 -0.2893 0.8585 -0.0773 0.4637 0.2049
0.1983 -0.5739 -0.1013 -0.7881 0.2749 -0.6985 -0.1141 -0.6507 0.6155 0.3151 -0.5845 0.4244 0.7175 0.1537 -0.6735 0.0887 0.6273 -0.055 -0.7622 -0.15 0.7858 0.363 -0.5005 0.0164 0.8427 -0.0232 0.5286 0.0994 0.7144 0.3175 -0.5551 0.2842 0.611 -0.2677 -0.7073 -0.2339 0.8585 -0.0773 0.4637 0.2049
0.1983 -0.5739 -0.1013 -0.7881 0.2749 -0.6985 -0.1141 -0.6507 0.6323 0.3 -0.5919 0.4 0.7175 0.1537 -0.6735 0.0887 0.6273 -0.055 -0.7622 -0.15 0.7858 0.363 -0.5005 0.0164 0.8427 -0.0232 0.5286 0.0994 0.7144 0.3175 -0.5551 0.2842 0.611 -0.2677 -0.7073 -0.2339 0.8585 -0.0773 0.4637 0.2049
0.1983 -0.5739 -0.1013 -0.7881 0.2749 -0.6985 -0.1141 -0.6507 0.6323 0.3 -0.5919 0.4 0.7175 0.1537 -0.6735 0.0887 0.6273 -0.055 -0.7622 -0.15 0.7858 0.363 -0.5005 0.0164 0.8427 -0.0232 0.5286 0.0994 0.7144 0.3175 -0.5551 0.2842 0.611 -0.2677 -0.7073 -0.2339 0.8585 -0.0773 0.4637 0.2049
0.1983 -0.5739 -0.1013 -0.7881 0.2749 -0.6985 -0.1141 -0.6507 0.6323 0.3 -0.5919 0.4 0.7175 0.1537 -0.6735 0.0887 0.6273 -0.055 -0.7622 -0.15 0.7858 0.363 -0.5005 0.0164 0.8427 -0.0232 0.5286 0.0994 0.7144 0.3175 -0.5551 0.2842 0.611 -0.2677 -0.7073 -0.2339 0.8585 -0.0773 0.4637 0.2049
0.1983 -0.5739 -0.1013 -0.7881 0.275 -0.715 -0.0854 -0.6371 0.6323 0.3 -0.5919 0.4 0.7175 0.1537 -0.6735 0.0887 0.6273 -0.055 -0.7622 -0.15 0.7891 0.4332 -0.4345 -0.0317 0.8427 -0.0232 0.5286 0.0994 0.7144 0.3175 -0.5551 0.2842 0.611 -0.2677 -0.7073 -0.2339 0.8585 -0.0773 0.4637 0.2049
0.1983 -0.5739 -0.1013 -0.7881 0.275 -0.715 -0.0854 -0.6371 0.6323 0.3 -0.5919 0.4 0.7175 0.1537 -0.6735 0.0887 0.6273 -0.055 -0.7622 -0.15 0.7891 0.4332 -0.4345 -0.0317 0.8427 -0.0232 0.5286 0.0994 0.7144 0.3175 -0.5551 0.2842 0.611 -0.2677 -0.7073 -0.2339 0.8585 -0.0773 0.4637 0.2049
0.1983 -0.5739 -0.1013 -0.7881 0.275 -0.715 -0.0854 -0.6371 0.6323 0.3 -0.5919 0.4 0.7407 0.115 -0.659 0.0624 0.6273 -0.055 -0.7622 -0.15 0.7891 0.4332 -0.4345 -0.0317 0.8427 -0.0232 0.5286 0.0994 0.7144 0.3175 -0.5551 0.2842 0.611 -0.2677 -0.7073 -0.2339 0.9305 -0.0465 0.3541 0.0813
0.1701 -0.5779 -0.0645 -0.7956 0.275 -0.715 -0.0854 -0.6371 0.6323 0.3 -0.5919 0.4 0.7407 0.115 -0.659 0.0624 0.6273 -0.055 -0.7622 -0.15 0.7891 0.4332 -0.4345 -0.0317 0.7819 -0.0131 0.6219 0.0394 0.7144 0.3175 -0.5551 0.2842 0.611 -0.2677 -0.7073 -0.2339 0.9305 -0.0465 0.3541 0.0813
0.1701 -0.5779 -0.0645 -0.7956 0.275 -0.715 -0.0854 -0.6371 0.6323 0.3 -0.5919 0.4 0.7407 0.115 -0.659 0.0624 0.7042 -0.1813 -0.6796 -0.0967 0.7891 0.4332 -0.4345 -0.0317 0.7819 -0.0131 0.6219 0.0394 0.7144 0.3175 -0.5551 0.2842 0.6216 -0.2883 -0.6938 -0.2215 0.9305 -0.0465 0.3541 0.0813
0.1701 -0.5779 -0.0645 -0.7956 0.275 -0.715 -0.0854 -0.6371 0.6323 0.3 -0.5919 0.4 0.7407 0.115 -0.659 0.0624 0.7042 -0.1813 -0.6796 -0.0967 0.7891 0.4332 -0.4345 -0.0317 0.7819 -0.0131 0.6219 0.0394 0.7144 0.3175 -0.5551 0.2842 0.6216 -0.2883 -0.6938 -0.2215 0.9305 -0.0465 0.3541 0.0813
0.1701 -0.5779 -0.0645 -0.7956 0.2593 -0.7369 -0.0416 -0.623 0.6323 0.3 -0.5919 0.4 0.7407 0.115 -0.659 0.0624 0.7042 -0.1813 -0.6796 -0.0967 0.7891 0.4332 -0.4345 -0.0317 0.7819 -0.0131 0.6219 0.0394 0.7144 0.3175 -0.5551 0.2842 0.6216 -0.2883 -0.6938 -0.2215 0.9305 -0.0465 0.3541 0.0813
0.1701 -0.5779 -0.0645 -0.7956 0.2593 -0.7369 -0.0416 -0.623 0.6323 0.3 -0.5919 0.4 0.7407 0.115 -0.659 0.0624 0.7042 -0.1813 -0.6796 -0.0967 0.7997 0.3823 -0.4626 -0.0185 0.7819 -0.0131 0.6219 0.0394 0.7144 0.3175 -0.5551 0.2842 0.6216 -0.2883 -0.6938 -0.2215 0.9305 -0.0465 0.3541 0.0813
0.1701 -0.5779 -0.0645 -0.7956 0.2593 -0.7369 -0.0416 -0.623 0.6323 0.3 -0.5919 0.4 0.7407 0.115 -0.659 0.0624 0.7042 -0.1813 -0.6796 -0.0967 0.7997 0.3823 -0.4626 -0.0185 0.7819 -0.0131 0.6219 0.0394 0.7144 0.3175 -0.5551 0.2842 0.6216 -0.2883 -0.6938 -0.2215 0.9305 -0.0465 0.3541 0.0813
0.1701 -0.5779 -0.0645 -0.7956 0.2593 -0.7369 -0.0416 -0.623 0.6323 0.3 -0.5919 0.4 0.7407 0.115 -0.659 0.0624 0.7042 -0.1813 -0.6796 -0.0967 0.7997 0.3823 -0.4626 -0.0185 0.7819 -0.0131 0.6219 0.0394 0.7144 0.3175 -0.5551 0.2842 0.6216 -0.2883 -0.6938 -0.2215 0.9305 -0.0465 0.3541 0.0813
0.1701 -0.5779 -0.0645 -0.7956 0.2593 -0.7369 -0.0416 -0.623 0.6323 0.3 -0.5919 0.4 0.7407 0.115 -0.659 0.0624 0.7042 -0.1813 -0.6796 -0.0967 0.7997 0.3823 -0.4626 -0.0185 0.7819 -0.0131 0.6219 0.0394 0.7144 0.3175 -0.5551 0.2842 0.6216 -0.2883 -0.6938 -0.2215 0.9305 -0.0465 0.3541 0.0813
0.1527 -0.5882 -0.0545 -0.7923 0.2593 -0.7369 -0.0416 -0.623 0.6323 0.3 -0.5919 0.4 0.7407 0.115 -0.659 0.0624 0.7167 -0.1814 -0.6724 -0.0345 0.7997 0.3823 -0.4626 -0.0185 0.853 -0.0386 0.5206 0.0 0.6597 0.2765 -0.6603 0.2289 0.6334 -0.2813 -0.6895 -0.2105 0.9305 -0.0465 0.3541 0.0813
0.1527 -0.5882 -0.0545 -0.7923 0.2593 -0.7369 -0.0416 -0.623 0.6323 0.3 -0.5919 0.4 0.7407 0.115 -0.659 0.0624 0.7167 -0.1814 -0.6724 -0.0345 0.7997 0.3823 -0.4626 -0.0185 0.853 -0.0386 0.5206 0.0 0.6597 0.2765 -0.6603 0.2289 0.6334 -0.2813 -0.6895 -0.2105 0.9305 -0.0465 0.3541 0.0813
0.1527 -0.5882 -0.0545 -0.7923 0.2593 -0.7369 -0.0416 -0.623 0.6323 0.3 -0.5919 0.4 0.7407 0.115 -0.659 0.0624 0.7167 -0.1814 -0.6724 -0.0345 0.7997 0.3823 -0.4626 -0.0185 0.853 -0.0386 0.5206 0.0 0.6597 0.2765 -0.6603 0.2289 0.6334 -0.2813 -0.6895 -0.2105 0.9305 -0.0465 0.3541 0.0813
0.1527 -0.5882 -0.0545 -0.7923 0.2507 -0.7434 -0.0333 -0.6192 0.6323 0.3 -0.5919 0.4 0.7407 0.115 -0.659 0.0624 0.7167 -0.1814 -0.6724 -0.0345 0.7559 0.2696 -0.5869 0.1066 0.853 -0.0386 0.5206 0.0 0.6597 0.2765 -0.6603 0.2289 0.6334 -0.2813 -0.6895 -0.2105 0.9305 -0.0465 0.3541 0.0813
0.1527 -0.5882 -0.0545 -0.7923 0.2507 -0.7434 -0.0333 -0.6192 0.6323 0.3 -0.5919 0.4 0.7407 0.115 -0.659 0.0624 0.7167 -0.1814 -0.6724 -0.0345 0.7559 0.2696 -0.5869 0.1066 0.853 -0.0386 0.5206 0.0 0.6597 0.2765 -0.6603 0.2289 0.6334 -0.2813 -0.6895 -0.2105 0.9305 -0.0465 0.3541 0.0813
0.1527 -0.5882 -0.0545 -0.7923 0.2507 -0.7434 -0.0333 -0.6192 0.6323 0.3 -0.5919 0.4 0.7407 0.115 -0.659 0.0624 0.7167 -0.1814 -0.6724 -0.0345 0.7559 0.2696 -0.5869 0.1066 0.853 -0.0386 0.5206 0.0 0.6597 0.2765 -0.6603 0.2289 0.6334 -0.2813 -0.6895 -0.2105 0.9305 -0.0465 0.3541 0.0813
0.1527 -0.5882 -0.0545 -0.7923 0.2507 -0.7434 -0.0333 -0.6192 0.6323 0.3 -0.5919 0.4 0.7407 0.115 -0.659 0.0624 0.7167 -0.1814 -0.6724 -0.0345 0.7559 0.2696 -0.5869 0.1066 0.853 -0.0386 0.5206 0.0 0.6597 0.2765 -0.6603 0.2289 0.6334 -0.2813 -0.6895 -0.2105 0.9305 -0.0465 0.3541 0.0813
0.1447 -0.5903 -0.0552 -0.7922 0.2507 -0.7434 -0.0333 -0.6192 0.6323 0.3 -0.5919 0.4 0.7407 0.115 -0.659 0.0624 0.7014 -0.1429 -0.6974 -0.0351 0.7559 0.2696 -0.5869 0.1066 0.9363 -0.0585 0.3461 -0.011 0.6429 0.2607 -0.6796 0.2383 0.6439 -0.2861 -0.6805 -0.2014 0.9305 -0.0465 0.3541 0.0813
0.1447 -0.5903 -0.0552 -0.7922 0.2507 -0.7434 -0.0333 -0.6192 0.6323 0.3 -0.5919 0.4 0.7407 0.115 -0.659 0.0624 0.7014 -0.1429 -0.6974 -0.0351 0.7559 0.2696 -0.5869 0.1066 0.9363 -0.0585 0.3461 -0.011 0.6429 0.2607 -0.6796 0.2383 0.6439 -0.2861 -0.6805 -0.2014 0.9305 -0.0465 0.3541 0.0813
0.1447 -0.5903 -0.0552 -0.7922 0.2507 -0.7434 -0.0333 -0.6192 0.6323 0.3 -0.5919 0.4 0.7407 0.115 -0.659 0.0624 0.7014 -0.1429 -0.6974 -0.0351 0.7559 0.2696 -0.5869 0.1066 0.9363 -0.0585 0.3461 -0.011 0.6429 0.2607 -0.6796 0.2383 0.6439 -0.2861 -0.6805 -0.2014 0.9305 -0.0465 0.3541 0.0813
0.1447 -0.5903 -0.0552 -0.7922 0.2507 -0.7434 -0.0333 -0.6192 0.6323 0.3 -0.5919 0.4 0.7407 0.115 -0.659 0.0624 0.7014 -0.1429 -0.6974 -0.0351 0.6943 0.1773 -0.6498 0.2535 0.9363 -0.0585 0.3461 -0.011 0.6429 0.2607 -0.6796 0.2383 0.6439 -0.2861 -0.6805 -0.2014 0.9305 -0.0465 0.3541 0.0813
0.1447 -0.5903 -0.0552 -0.7922 0.2507 -0.7434 -0.0333 -0.6192 0.6323 0.3 -0.5919 0.4 0.7407 0.115 -0.659 0.0624 0.7014 -0.1429 -0.6974 -0.0351 0.6943 0.1773 -0.6498 0.2535 0.9363 -0.0585 0.3461 -0.011 0.6429 0.2607 -0.6796 0.2383 0.6439 -0.2861 -0.6805 -0.2014 0.9305 -0.0465 0.3541 0.0813
0.1556 -0.5916 -0.0727 -0.7877 0.2507 -0.7434 -0.0333 -0.6192 0.6323 0.3 -0.5919 0.4 0.7618 0.18 -0.6215 -0.0294 0.7014 -0.1429 -0.6974 -0.0351 0.6943 0.1773 -0.6498 0.2535 0.9709 -0.0484 0.2318 0.0345 0.6429 0.2607 -0.6796 0.2383 0.6439 -0.2861 -0.6805 -0.2014 0.9271 -0.0522 0.3626 0.0798
0.1556 -0.5916 -0.0727 -0.7877 0.2507 -0.7434 -0.0333 -0.6192 0.6323 0.3 -0.5919 0.4 0.7618 0.18 -0.6215 -0.0294 0.7014 -0.1429 -0.6974 -0.0351 0.6943 0.1773 -0.6498 0.2535 0.9709 -0.0484 0.2318 0.0345 0.6429 0.2607 -0.6796 0.2383 0.6439 -0.2861 -0.6805 -0.2014 0.9271 -0.0522 0.3626 0.0798
0.1556 -0.5916 -0.0727 -0.7877 0.2507 -0.7434 -0.0333 -0.6192 0.692 0.2682 -0.5547 0.376 0.7618 0.18 -0.6215 -0.0294 0.7014 -0.1429 -0.6974 -0.0351 0.6943 0.1773 -0.6498 0.2535 0.9709 -0.0484 0.2318 0.0345 0.6312 0.2607 -0.679 0.2695 0.6439 -0.2861 -0.6805 -0.2014 0.9271 -0.0522 0.3626 0.0798
0.1556 -0.5916 -0.0727 -0.7877 0.2507 -0.7434 -0.0333 -0.6192 0.692 0.2682 -0.5547 0.376 0.7618 0.18 -0.6215 -0.0294 0.7014 -0.1429 -0.6974 -0.0351 0.6943 0.1773 -0.6498 0.2535 0.9709 -0.0484 0.2318 0.0345 0.6312 0.2607 -0.679 0.2695 0.6439 -0.2861 -0.6805 -0.2014 0.9271 -0.0522 0.3626 0.0798
0.1556 -0.5916 -0.0727 -0.7877 0.255 -0.7288 -0.0828 -0.6301 0.692 0.2682 -0.5547 0.376 0.7618 0.18 -0.6215 -0.0294 0.7014 -0.1429 -0.6974 -0.0351 0.6943 0.1773 -0.6498 0.2535 0.9709 -0.0484 0.2318 0.0345 0.6312 0.2607 -0.679 0.2695 0.6439 -0.2861 -0.6805 -0.2014 0.9271 -0.0522 0.3626 0.0798
0.1556 -0.5916 -0.0727 -0.7877 0.255 -0.7288 -0.0828 -0.6301 0.692 0.2682 -0.5547 0.376 0.7618 0.18 -0.6215 -0.0294 0.7014 -0.1429 -0.6974 -0.0351 0.689 0.19 -0.6576 0.2385 0.9709 -0.0484 0.2318 0.0345 0.6312 0.2607 -0.679 0.2695 0.6439 -0.2861 -0.6805 -0.2014 0.9271 -0.0522 0.3626 0.0798
0.1556 -0.5916 -0.0727 -0.7877 0.255 -0.7288 -0.0828 -0.6301 0.692 0.2682 -0.5547 0.376 0.7618 0.18 -0.6215 -0.0294 0.7014 -0.1429 -0.6974 -0.0351 0.689 0.19 -0.6576 0.2385 0.9709 -0.0484 0.2318 0.0345 0.6312 0.2607 -0.679 0.2695 0.6439 -0.2861 -0.6805 -0.2014 0.9271 -0.0522 0.3626 0.0798
0.1668 -0.5908 -0.0741 -0.7859 0.255 -0.7288 -0.0828 -0.6301 0.692 0.2682 -0.5547 0.376 0.7618 0.18 -0.6215 -0.0294 0.7014 -0.1429 -0.6974 -0.0351 0.689 0.19 -0.6576 0.2385 0.9709 -0.0484 0.2318 0.0345 0.6312 0.2607 -0.679 0.2695 0.6439 -0.2861 -0.6805 -0.2014 0.9271 -0.0522 0.3626 0.0798
0.1668 -0.5908 -0.0741 -0.7859 0.255 -0.7288 -0.0828 -0.6301 0.692 0.2682 -0.5547 0.376 0.7618 0.18 -0.6215 -0.0294 0.7014 -0.1429 -0.6974 -0.0351 0.689 0.19 -0.6576 0.2385 0.9709 -0.0484 0.2318 0.0345 0.6312 0.2607 -0.679 0.2695 0.6439 -0.2861 -0.6805 -0.2014 0.9271 -0.0522 0.3626 0.0798
0.1668 -0.5908 -0.0741 -0.7859 0.255 -0.7288 -0.0828 -0.6301 0.6741 0.2897 -0.5527 0.3953 0.7618 0.18 -0.6215 -0.0294 0.6786 -0.1132 -0.7241 -0.048 0.689 0.19 -0.6576 0.2385 0.9709 -0.0484 0.2318 0.0345 0.6312 0.2607 -0.679 0.2695 0.7096 -0.3331 -0.6068 -0.1317 0.9271 -0.0522 0.3626 0.0798
0.1668 -0.5908 -0.0741 -0.7859 0.255 -0.7288 -0.0828 -0.6301 0.6741 0.2897 -0.5527 0.3953 0.7618 0.18 -0.6215 -0.0294 0.6786 -0.1132 -0.7241 -0.048 0.689 0.19 -0.6576 0.2385 0.9709 -0.0484 0.2318 0.0345 0.6312 0.2607 -0.679 0.2695 0.7096 -0.3331 -0.6068 -0.1317 0.9271 -0.0522 0.3626 0.0798
0.1668 -0.5908 -0.0741 -0.7859 0.255 -0.7288 -0.0828 -0.6301 0.6741 0.2897 -0.5527 0.3953 0.7618 0.18 -0.6215 -0.0294 0.6786 -0.1132 -0.7241 -0.048 0.689 0.19 -0.6576 0.2385 0.9709 -0.0484 0.2318 0.0345 0.6312 0.2607 -0.679 0.2695 0.7096 -0.3331 -0.6068 -0.1317 0.9271 -0.0522 0.3626 0.0798
0.1668 -0.5908 -0.0741 -0.7859 0.2639 -0.726 -0.09 -0.6287 0.6741 0.2897 -0.5527 0.3953 0.7618 0.18 -0.6215 -0.0294 0.6786 -0.1132 -0.7241 -0.048 0.6872 0.2504 -0.6388 0.2388 0.9709 -0.0484 0.2318 0.0345 0.6312 0.2607 -0.679 0.2695 0.7096 -0.3331 -0.6068 -0.1317 0.9271 -0.0522 0.3626 0.0798
0.1668 -0.5908 -0.0741 -0.7859 0.2639 -0.726 -0.09 -0.6287 0.6741 0.2897 -0.5527 0.3953 0.7618 0.18 -0.6215 -0.0294 0.6786 -0.1132 -0.7241 -0.048 0.6872 0.2504 -0.6388 0.2388 0.9709 -0.0484 0.2318 0.0345 0.6312 0.2607 -0.679 0.2695 0.7096 -0.3331 -0.6068 -0.1317 0.9271 -0.0522 0.3626 0.0798
0.1668 -0.5908 -0.0741 -0.7859 0.2639 -0.726 -0.09 -0.6287 0.6741 0.2897 -0.5527 0.3953 0.7618 0.18 -0.6215 -0.0294 0.6786 -0.1132 -0.7241 -0.048 0.6872 0.2504 -0.6388 0.2388 0.9709 -0.0484 0.2318 0.0345 0.6312 0.2607 -0.679 0.2695 0.7096 -0.3331 -0.6068 -0.1317 0.9271 -0.0522 0.3626 0.0798
0.1853 -0.5926 -0.0658 -0.7811 0.2639 -0.726 -0.09 -0.6287 0.6741 0.2897 -0.5527 0.3953 0.7618 0.18 -0.6215 -0.0294 0.663 -0.0971 -0.7404 -0.0544 0.6872 0.2504 -0.6388 0.2388 0.9401 -0.0801 0.3308 0.0187 0.6312 0.2607 -0.679 0.2695 0.7464 -0.37 -0.5497 -0.0615 0.9271 -0.0522 0.3626 0.0798
0.1853 -0.5926 -0.0658 -0.7811 0.2639 -0.726 -0.09 -0.6287 0.6741 0.2897 -0.5527 0.3953 0.7618 0.18 -0.6215 -0.0294 0.663 -0.0971 -0.7404 -0.0544 0.6872 0.2504 -0.6388 0.2388 0.9401 -0.0801 0.3308 0.0187 0.6312 0.2607 -0.679 0.2695 0.7464 -0.37 -0.5497 -0.0615 0.9271 -0.0522 0.3626 0.0798
0.1853 -0.5926 -0.0658 -0.7811 0.2639 -0.726 -0.09 -0.6287 0.6741 0.2897 -0.5527 0.3953 0.7618 0.18 -0.6215 -0.0294 0.663 -0.0971 -0.7404 -0.0544 0.6872 0.2504 -0.6388 0.2388 0.9401 -0.0801 0.3308 0.0187 0.6312 0.2607 -0.679 0.2695 0.7464 -0.37 -0.5497 -0.0615 0.9271 -0.0522 0.3626 0.0798
0.1853 -0.5926 -0.0658 -0.7811 0.2872 -0.728 -0.0811 -0.6172 0.6741 0.2897 -0.5527 0.3953 0.7618 0.18 -0.6215 -0.0294 0.663 -0.0971 -0.7404 -0.0544 0.6872 0.2504 -0.6388 0.2388 0.9401 -0.0801 0.3308 0.0187 0.6312 0.2607 -0.679 0.2695 0.7464 -0.37 -0.5497 -0.0615 0.9271 -0.0522 0.3626 0.0798
0.1853 -0.5926 -0.0658 -0.7811 0.2872 -0.728 -0.0811 -0.6172 0.6741 0.2897 -0.5527 0.3953 0.7618 0.18 -0.6215 -0.0294 0.663 -0.0971 -0.7404 -0.0544 0.6872 0.2504 -0.6388 0.2388 0.9401 -0.0801 0.3308 0.0187 0.6312 0.2607 -0.679 0.2695 0.7464 -0.37 -0.5497 -0.0615 0.9271 -0.0522 0.3626 0.0798
0.1853 -0.5926 -0.0658 -0.7811 0.2872 -0.728 -0.0811 -0.6172 0.6741 0.2897 -0.5527 0.3953 0.741 0.1409 -0.6541 0.0568 0.663 -0.0971 -0.7404 -0.0544 0.6945 0.2684 -0.6339 0.2094 0.9401 -0.0801 0.3308 0.0187 0.6312 0.2607 -0.679 0.2695 0.7464 -0.37 -0.5497 -0.0615 0.9271 -0.0522 0.3626 0.0798
0.1853 -0.5926 -0.0658 -0.7811 0.2872 -0.728 -0.0811 -0.6172 0.6741 0.2897 -0.5527 0.3953 0.741 0.1409 -0.6541 0.0568 0.663 -0.0971 -0.7404 -0.0544 0.6945 0.2684 -0.6339 0.2094 0.9401 -0.0801 0.3308 0.0187 0.6312 0.2607 -0.679 0.2695 0.7464 -0.37 -0.5497 -0.0615 0.9271 -0.0522 0.3626 0.0798
0.2041 -0.5767 -0.0604 -0.7888 0.2872 -0.728 -0.0811 -0.6172 0.6741 0.2897 -0.5527 0.3953 0.741 0.1409 -0.6541 0.0568 0.663 -0.0971 -0.7404 -0.0544 0.6945 0.2684 -0.6339 0.2094 0.9399 -0.074 0.3325 0.0231 0.6312 0.2607 -0.679 0.2695 0.7464 -0.37 -0.5497 -0.0615 0.9271 -0.0522 0.3626 0.0798
0.2041 -0.5767 -0.0604 -0.7888 0.2872 -0.728 -0.0811 -0.6172 0.6741 0.2897 -0.5527 0.3953 0.741 0.1409 -0.6541 0.0568 0.663 -0.0971 -0.7404 -0.0544 0.6945 0.2684 -0.6339 0.2094 0.9399 -0.074 0.3325 0.0231 0.6312 0.2607 -0.679 0.2695 0.77 -0.4048 -0.493 -0.0181 0.9271 -0.0522 0.3626 0.0798
0.2041 -0.5767 -0.0604 -0.7888 0.2872 -0.728 -0.0811 -0.6172 0.6741 0.2897 -0.5527 0.3953 0.741 0.1409 -0.6541 0.0568 0.663 -0.0971 -0.7404 -0.0544 0.6945 0.2684 -0.6339 0.2094 0.9399 -0.074 0.3325 0.0231 0.6312 0.2607 -0.679 0.2695 0.77 -0.4048 -0.493 -0.0181 0.9271 -0.0522 0.3626 0.0798
0.2041 -0.5767 -0.0604 -0.7888 0.2872 -0.728 -0.0811 -0.6172 0.6741 0.2897 -0.5527 0.3953 0.741 0.1409 -0.6541 0.0568 0.663 -0.0971 -0.7404 -0.0544 0.6945 0.2684 -0.6339 0.2094 0.9399 -0.074 0.3325 0.0231 0.6312 0.2607 -0.679 0.2695 0.77 -0.4048 -0.493 -0.0181 0.9271 -0.0522 0.3626 0.0798
0.2041 -0.5767 -0.0604 -0.7888 0.3067 -0.7219 -0.0773 -0.6155 0.6741 0.2897 -0.5527 0.3953 0.741 0.1409 -0.6541 0.0568 0.663 -0.0971 -0.7404 -0.0544 0.7094 0.2866 -0.6176 0.1825 0.9399 -0.074 0.3325 0.0231 0.6312 0.2607 -0.679 0.2695 0.77 -0.4048 -0.493 -0.0181 0.9271 -0.0522 0.3626 0.0798
0.2041 -0.5767 -0.0604 -0.7888 0.3067 -0.7219 -0.0773 -0.6155 0.6741 0.2897 -0.5527 0.3953 0.741 0.1409 -0.6541 0.0568 0.663 -0.0971 -0.7404 -0.0544 0.7094 0.2866 -0.6176 0.1825 0.9399 -0.074 0.3325 0.0231 0.6312 0.2607 -0.679 0.2695 0.77 -0.4048 -0.493 -0.0181 0.9271 -0.0522 0.3626 0.0798
0.2041 -0.5767 -0.0604 -0.7888 0.3067 -0.7219 -0.0773 -0.6155 0.6741 0.2897 -0.5527 0.3953 0.741 0.1409 -0.6541 0.0568 0.663 -0.0971 -0.7404 -0.0544 0.7094 0.2866 -0.6176 0.1825 0.9399 -0.074 0.3325 0.0231 0.6312 0.2607 -0.679 0.2695 0.77 -0.4048 -0.493 -0.0181 0.9271 -0.0522 0.3626 0.0798
0.2269 -0.5701 -0.0709 -0.7864 0.3067 -0.7219 -0.0773 -0.6155 0.6741 0.2897 -0.5527 0.3953 0.741 0.1409 -0.6541 0.0568 0.6396 -0.0898 -0.7579 -0.0922 0.7094 0.2866 -0.6176 0.1825 0.9399 -0.074 0.3325 0.0231 0.6312 0.2607 -0.679 0.2695 0.77 -0.4048 -0.493 -0.0181 0.9271 -0.0522 0.3626 0.0798
0.2269 -0.5701 -0.0709 -0.7864 0.3067 -0.7219 -0.0773 -0.6155 0.6741 0.2897 -0.5527 0.3953 0.741 0.1409 -0.6541 0.0568 0.6396 -0.0898 -0.7579 -0.0922 0.7094 0.2866 -0.6176 0.1825 0.9399 -0.074 0.3325 0.0231 0.6312 0.2607 -0.679 0.2695 0.77 -0.4048 -0.493 -0.0181 0.9271 -0.0522 0.3626 0.0798
0.2269 -0.5701 -0.0709 -0.7864 0.3067 -0.7219 -0.0773 -0.6155 0.6741 0.2897 -0.5527 0.3953 0.741 0.1409 -0.6541 0.0568 0.6396 -0.0898 -0.7579 -0.0922 0.7094 0.2866 -0.6176 0.1825 0.9399 -0.074 0.3325 0.0231 0.6312 0.2607 -0.679 0.2695 0.77 -0.4048 -0.493 -0.0181 0.9271 -0.0522 0.3626 0.0798
0.2269 -0.5701 -0.0709 -0.7864 0.3269 -0.7173 -0.0885 -0.609 0.6741 0.2897 -0.5527 0.3953 0.741 0.1409 -0.6541 0.0568 0.6396 -0.0898 -0.7579 -0.0922 0.7094 0.2866 -0.6176 0.1825 0.9399 -0.074 0.3325 0.0231 0.6312 0.2607 -0.679 0.2695 0.77 -0.4048 -0.493 -0.0181 0.9271 -0.0522 0.3626 0.0798
0.2269 -0.5701 -0.0709 -0.7864 0.3269 -0.7173 -0.0885 -0.609 0.6741 0.2897 -0.5527 0.3953 0.741 0.1409 -0.6541 0.0568 0.6396 -0.0898 -0.7579 -0.0922 0.7187 0.3024 -0.6049 0.1617 0.9399 -0.074 0.3325 0.0231 0.6312 0.2607 -0.679 0.2695 0.77 -0.4048 -0.493 -0.0181 0.9271 -0.0522 0.3626 0.0798
0.2269 -0.5701 -0.0709 -0.7864 0.3269 -0.7173 -0.0885 -0.609 0.6741 0.2897 -0.5527 0.3953 0.741 0.1409 -0.6541 0.0568 0.6396 -0.0898 -0.7579 -0.0922 0.7187 0.3024 -0.6049 0.1617 0.9399 -0.074 0.3325 0.0231 0.6312 0.2607 -0.679 0.2695 0.77 -0.4048 -0.493 -0.0181 0.838 -0.0931 0.4888 0.2238
0.2269 -0.5701 -0.0709 -0.7864 0.3269 -0.7173 -0.0885 -0.609 0.6741 0.2897 -0.5527 0.3953 0.741 0.1409 -0.6541 0.0568 0.6396 -0.0898 -0.7579 -0.0922 0.7187 0.3024 -0.6049 0.1617 0.9399 -0.074 0.3325 0.0231 0.6312 0.2607 -0.679 0.2695 0.77 -0.4048 -0.493 -0.0181 0.838 -0.0931 0.4888 0.2238
0.2269 -0.5701 -0.0709 -0.7864 0.3269 -0.7173 -0.0885 -0.609 0.6741 0.2897 -0.5527 0.3953 0.741 0.1409 -0.6541 0.0568 0.6396 -0.0898 -0.7579 -0.0922 0.7187 0.3024 -0.6049 0.1617 0.9399 -0.074 0.3325 0.0231 0.6312 0.2607 -0.679 0.2695 0.77 -0.4048 -0.493 -0.0181 0.838 -0.0931 0.4888 0.2238
0.2352 -0.5563 -0.0835 -0.7926 0.3269 -0.7173 -0.0885 -0.609 0.6741 0.2897 -0.5527 0.3953 0.741 0.1409 -0.6541 0.0568 0.6348 -0.0756 -0.7617 -0.1055 0.7187 0.3024 -0.6049 0.1617 0.9345 -0.0719 0.3473 0.0311 0.7902 0.2523 -0.5272 0.1841 0.7492 -0.2065 -0.626 -0.0642 0.838 -0.0931 0.4888 0.2238
0.2352 -0.5563 -0.0835 -0.7926 0.3269 -0.7173 -0.0885 -0.609 0.6741 0.2897 -0.5527 0.3953 0.741 0.1409 -0.6541 0.0568 0.6348 -0.0756 -0.7617 -0.1055 0.7187 0.3024 -0.6049 0.1617 0.9345 -0.0719 0.3473 0.0311 0.7902 0.2523 -0.5272 0.1841 0.7492 -0.2065 -0.626 -0.0642 0.838 -0.0931 0.4888 0.2238
0.2352 -0.5563 -0.0835 -0.7926 0.3269 -0.7173 -0.0885 -0.609 0.6741 0.2897 -0.5527 0.3953 0.741 0.1409 -0.6541 0.0568 0.6348 -0.0756 -0.7617 -0.1055 0.7187 0.3024 -0.6049 0.1617 0.9345 -0.0719 0.3473 0.0311 0.7902 0.2523 -0.5272 0.1841 0.7492 -0.2065 -0.626 -0.0642 0.838 -0.0931 0.4888 0.2238
0.2352 -0.5563 -0.0835 -0.7926 0.3328 -0.7098 -0.1049 -0.6118 0.6741 0.2897 -0.5527 0.3953 0.741 0.1409 -0.6541 0.0568 0.6348 -0.0756 -0.7617 -0.1055 0.7291 0.3054 -0.5948 0.1458 0.9345 -0.0719 0.3473 0.0311 0.7902 0.2523 -0.5272 0.1841 0.7492 -0.2065 -0.626 -0.0642 0.838 -0.0931 0.4888 0.2238
0.2352 -0.5563 -0.0835 -0.7926 0.3328 -0.7098 -0.1049 -0.6118 0.6741 0.2897 -0.5527 0.3953 0.741 0.1409 -0.6541 0.0568 0.6348 -0.0756 -0.7617 -0.1055 0.7291 0.3054 -0.5948 0.1458 0.9345 -0.0719 0.3473 0.0311 0.7902 0.2523 -0.5272 0.1841 0.7492 -0.2065 -0.626 -0.0642 0.9039 -0.0958 0.3563 0.2166
0.2352 -0.5563 -0.0835 -0.7926 0.3328 -0.7098 -0.1049 -0.6118 0.6741 0.2897 -0.5527 0.3953 0.741 0.1409 -0.6541 0.0568 0.6348 -0.0756 -0.7617 -0.1055 0.7291 0.3054 -0.5948 0.1458 0.9345 -0.0719 0.3473 0.0311 0.7902 0.2523 -0.5272 0.1841 0.7492 -0.2065 -0.626 -0.0642 0.9039 -0.0958 0.3563 0.2166
0.2459 -0.5523 -0.1063 -0.7894 0.3328 -0.7098 -0.1049 -0.6118 0.6088 0.3377 -0.5691 0.4375 0.741 0.1409 -0.6541 0.0568 0.6301 -0.0637 -0.7639 -0.1243 0.7291 0.3054 -0.5948 0.1458 0.9327 -0.07 0.3511 0.0425 0.7902 0.2523 -0.5272 0.1841 0.7492 -0.2065 -0.626 -0.0642 0.9039 -0.0958 0.3563 0.2166
0.2459 -0.5523 -0.1063 -0.7894 0.3328 -0.7098 -0.1049 -0.6118 0.6088 0.3377 -0.5691 0.4375 0.741 0.1409 -0.6541 0.0568 0.6301 -0.0637 -0.7639 -0.1243 0.7291 0.3054 -0.5948 0.1458 0.9327 -0.07 0.3511 0.0425 0.7902 0.2523 -0.5272 0.1841 0.7492 -0.2065 -0.626 -0.0642 0.9039 -0.0958 0.3563 0.2166
