rt-uaw rt-uax rt-uay rt-uaz rt-faw rt-fax rt-fay rt-faz rt-thw rt-thx rt-thy rt-thz rt-llw rt-llx rt-lly rt-llz rt-ftw rt-ftx rt-fty rt-ftz lt-uaw lt-uax lt-uay lt-uaz lt-faw lt-fax lt-fay lt-faz lt-thw lt-thx lt-thy lt-thz lt-llw lt-llx lt-lly lt-llz lt-ftw lt-ftx lt-fty lt-ftz 
-0.7478 0.2238 0.6048 0.1578 -0.222 0.7535 -0.0073 0.6188 -0.6874 0.2549 0.5751 0.3631 -0.7396 -0.0977 0.662 0.0712 -0.5148 -0.4382 0.6057 -0.4196 -0.723 -0.108 0.6783 -0.0732 -0.9373 -0.1719 -0.2632 0.1505 -0.6873 0.2105 0.6804 0.1429 -0.7006 0.1097 0.7008 0.0773 -0.9503 0.0429 -0.3032 -0.0568
-0.7478 0.2238 0.6048 0.1578 -0.222 0.7535 -0.0073 0.6188 -0.6874 0.2549 0.5751 0.3631 -0.7396 -0.0977 0.662 0.0712 -0.5148 -0.4382 0.6057 -0.4196 -0.723 -0.108 0.6783 -0.0732 -0.9373 -0.1719 -0.2632 0.1505 -0.6873 0.2105 0.6804 0.1429 -0.7006 0.1097 0.7008 0.0773 -0.9503 0.0429 -0.3032 -0.0568
-0.7478 0.2238 0.6048 0.1578 -0.222 0.7535 -0.0073 0.6188 -0.6874 0.2549 0.5751 0.3631 -0.7396 -0.0977 0.662 0.0712 -0.5148 -0.4382 0.6057 -0.4196 -0.723 -0.108 0.6783 -0.0732 -0.9373 -0.1719 -0.2632 0.1505 -0.6873 0.2105 0.6804 0.1429 -0.6996 0.1142 0.7008 0.08 -0.9503 0.0429 -0.3032 -0.0568
-0.7478 0.2238 0.6048 0.1578 -0.222 0.7535 -0.0073 0.6188 -0.6874 0.2549 0.5751 0.3631 -0.7396 -0.0977 0.662 0.0712 -0.5148 -0.4382 0.6057 -0.4196 -0.723 -0.108 0.6783 -0.0732 -0.9373 -0.1719 -0.2632 0.1505 -0.6873 0.2105 0.6804 0.1429 -0.6996 0.1142 0.7008 0.08 -0.9503 0.0429 -0.3032 -0.0568
-0.7478 0.2238 0.6048 0.1578 -0.222 0.7535 -0.0073 0.6188 -0.6868 0.2556 0.5753 0.3635 -0.7396 -0.0977 0.662 0.0712 -0.5164 -0.4385 0.6044 -0.4194 -0.723 -0.108 0.6783 -0.0732 -0.9373 -0.1719 -0.2632 0.1505 -0.6873 0.2105 0.6804 0.1429 -0.6996 0.1142 0.7008 0.08 -0.9503 0.0429 -0.3032 -0.0568
-0.7478 0.2238 0.6048 0.1578 -0.222 0.7535 -0.0073 0.6188 -0.6868 0.2556 0.5753 0.3635 -0.7396 -0.0977 0.662 0.0712 -0.5164 -0.4385 0.6044 -0.4194 -0.723 -0.108 0.6783 -0.0732 -0.9373 -0.1719 -0.2632 0.1505 -0.6873 0.2105 0.6804 0.1429 -0.6996 0.1142 0.7008 0.08 -0.9503 0.0429 -0.3032 -0.0568
-0.7478 0.2238 0.605 0.157 -0.222 0.7535 -0.0073 0.6188 -0.6868 0.2556 0.5753 0.3635 -0.7382 -0.0991 0.6629 0.0764 -0.5164 -0.4385 0.6044 -0.4194 -0.723 -0.108 0.6783 -0.0732 -0.9373 -0.1719 -0.2632 0.1505 -0.6873 0.2105 0.6804 0.1429 -0.6996 0.1142 0.7008 0.08 -0.9503 0.0429 -0.3032 -0.0568
-0.7478 0.2238 0.605 0.157 -0.222 0.7535 -0.0073 0.6188 -0.6868 0.2556 0.5753 0.3635 -0.7382 -0.0991 0.6629 0.0764 -0.5164 -0.4385 0.6044 -0.4194 -0.725 -0.1102 0.6756 -0.0757 -0.9373 -0.1719 -0.2632 0.1505 -0.684 0.2138 0.6821 0.1455 -0.6996 0.1142 0.7008 0.08 -0.9501 0.043 -0.3035 -0.057
-0.7478 0.2238 0.605 0.157 -0.222 0.7535 -0.0073 0.6188 -0.6868 0.2556 0.5753 0.3635 -0.7382 -0.0991 0.6629 0.0764 -0.5164 -0.4385 0.6044 -0.4194 -0.725 -0.1102 0.6756 -0.0757 -0.9373 -0.1719 -0.2632 0.1505 -0.684 0.2138 0.6821 0.1455 -0.6996 0.1142 0.7008 0.08 -0.9501 0.043 -0.3035 -0.057
-0.7478 0.2238 0.605 0.157 -0.222 0.7535 -0.0073 0.6188 -0.6868 0.2556 0.5753 0.3635 -0.7382 -0.0991 0.6629 0.0764 -0.5164 -0.4385 0.6044 -0.4194 -0.725 -0.1102 0.6756 -0.0757 -0.9373 -0.1719 -0.2632 0.1505 -0.684 0.2138 0.6821 0.1455 -0.6996 0.1142 0.7008 0.08 -0.9501 0.043 -0.3035 -0.057
-0.7478 0.2238 0.605 0.157 -0.223 0.7563 -0.0065 0.6151 -0.6868 0.2556 0.5753 0.3635 -0.7382 -0.0991 0.6629 0.0764 -0.5164 -0.4385 0.6044 -0.4194 -0.725 -0.1102 0.6756 -0.0757 -0.9374 -0.1715 -0.2632 0.1505 -0.684 0.2138 0.6821 0.1455 -0.6974 0.1148 0.7028 0.08 -0.9501 0.043 -0.3035 -0.057
-0.7478 0.2238 0.605 0.157 -0.223 0.7563 -0.0065 0.6151 -0.6868 0.2556 0.5753 0.3635 -0.7382 -0.0991 0.6629 0.0764 -0.5193 -0.4369 0.6034 -0.4188 -0.725 -0.1102 0.6756 -0.0757 -0.9374 -0.1715 -0.2632 0.1505 -0.684 0.2138 0.6821 0.1455 -0.6974 0.1148 0.7028 0.08 -0.9501 0.043 -0.3035 -0.057
-0.7478 0.223 0.6054 0.1567 -0.223 0.7563 -0.0065 0.6151 -0.685 0.2587 0.5745 0.3658 -0.7376 -0.0967 0.6632 0.082 -0.5193 -0.4369 0.6034 -0.4188 -0.725 -0.1102 0.6756 -0.0757 -0.9374 -0.1715 -0.2632 0.1505 -0.684 0.2138 0.6821 0.1455 -0.6974 0.1148 0.7028 0.08 -0.9501 0.043 -0.3035 -0.057
-0.7478 0.223 0.6054 0.1567 -0.223 0.7563 -0.0065 0.6151 -0.685 0.2587 0.5745 0.3658 -0.7376 -0.0967 0.6632 0.082 -0.5193 -0.4369 0.6034 -0.4188 -0.725 -0.1102 0.6756 -0.0757 -0.9374 -0.1715 -0.2632 0.1505 -0.684 0.2138 0.6821 0.1455 -0.6974 0.1148 0.7028 0.08 -0.9501 0.043 -0.3035 -0.057
-0.7478 0.223 0.6054 0.1567 -0.223 0.7563 -0.0065 0.6151 -0.685 0.2587 0.5745 0.3658 -0.7376 -0.0967 0.6632 0.082 -0.5193 -0.4369 0.6034 -0.4188 -0.7273 -0.1064 0.674 -0.0742 -0.9374 -0.1715 -0.2632 0.1505 -0.684 0.2138 0.6821 0.1455 -0.6974 0.1148 0.7028 0.08 -0.9501 0.0427 -0.3035 -0.0571
-0.7478 0.223 0.6054 0.1567 -0.223 0.7563 -0.0065 0.6151 -0.685 0.2587 0.5745 0.3658 -0.7376 -0.0967 0.6632 0.082 -0.5193 -0.4369 0.6034 -0.4188 -0.7273 -0.1064 0.674 -0.0742 -0.9374 -0.1715 -0.2632 0.1505 -0.684 0.2138 0.6821 0.1455 -0.6974 0.1148 0.7028 0.08 -0.9501 0.0427 -0.3035 -0.0571
-0.7478 0.223 0.6054 0.1567 -0.2234 0.7548 -0.0042 0.6167 -0.685 0.2587 0.5745 0.3658 -0.7376 -0.0967 0.6632 0.082 -0.5193 -0.4369 0.6034 -0.4188 -0.7273 -0.1064 0.674 -0.0742 -0.9374 -0.1715 -0.2632 0.1505 -0.684 0.2138 0.6821 0.1455 -0.6944 0.1207 0.7048 0.0811 -0.9501 0.0427 -0.3035 -0.0571
-0.7478 0.223 0.6054 0.1567 -0.2234 0.7548 -0.0042 0.6167 -0.685 0.2587 0.5745 0.3658 -0.7376 -0.0967 0.6632 0.082 -0.5193 -0.4369 0.6034 -0.4188 -0.7273 -0.1064 0.674 -0.0742 -0.9372 -0.1722 -0.2635 0.1503 -0.684 0.2138 0.6821 0.1455 -0.6944 0.1207 0.7048 0.0811 -0.9501 0.0427 -0.3035 -0.0571
-0.7478 0.223 0.6054 0.1567 -0.2234 0.7548 -0.0042 0.6167 -0.6838 0.2612 0.5739 0.3671 -0.7376 -0.0967 0.6632 0.082 -0.5275 -0.4351 0.6003 -0.415 -0.7273 -0.1064 0.674 -0.0742 -0.9372 -0.1722 -0.2635 0.1503 -0.684 0.2138 0.6821 0.1455 -0.6944 0.1207 0.7048 0.0811 -0.9501 0.0427 -0.3035 -0.0571
-0.7493 0.2191 0.6054 0.1553 -0.2234 0.7548 -0.0042 0.6167 -0.6838 0.2612 0.5739 0.3671 -0.738 -0.0975 0.6625 0.0832 -0.5275 -0.4351 0.6003 -0.415 -0.7273 -0.1064 0.674 -0.0742 -0.9372 -0.1722 -0.2635 0.1503 -0.684 0.2138 0.6821 0.1455 -0.6944 0.1207 0.7048 0.0811 -0.9501 0.0427 -0.3035 -0.0571
-0.7493 0.2191 0.6054 0.1553 -0.2234 0.7548 -0.0042 0.6167 -0.6838 0.2612 0.5739 0.3671 -0.738 -0.0975 0.6625 0.0832 -0.5275 -0.4351 0.6003 -0.415 -0.7273 -0.1064 0.674 -0.0742 -0.9372 -0.1722 -0.2635 0.1503 -0.684 0.2138 0.6821 0.1455 -0.6944 0.1207 0.7048 0.0811 -0.9501 0.0427 -0.3035 -0.0571
-0.7493 0.2191 0.6054 0.1553 -0.2234 0.7548 -0.0042 0.6167 -0.6838 0.2612 0.5739 0.3671 -0.738 -0.0975 0.6625 0.0832 -0.5275 -0.4351 0.6003 -0.415 -0.7294 -0.1013 0.6726 -0.0727 -0.9372 -0.1722 -0.2635 0.1503 -0.6771 0.2173 0.6864 0.1522 -0.6944 0.1207 0.7048 0.0811 -0.9506 0.0408 -0.3024 -0.0577
-0.7493 0.2191 0.6054 0.1553 -0.2234 0.7548 -0.0042 0.6167 -0.6838 0.2612 0.5739 0.3671 -0.738 -0.0975 0.6625 0.0832 -0.5275 -0.4351 0.6003 -0.415 -0.7294 -0.1013 0.6726 -0.0727 -0.9372 -0.1722 -0.2635 0.1503 -0.6771 0.2173 0.6864 0.1522 -0.6944 0.1207 0.7048 0.0811 -0.9506 0.0408 -0.3024 -0.0577
-0.7493 0.2191 0.6054 0.1553 -0.2234 0.7548 -0.0042 0.6167 -0.6838 0.2612 0.5739 0.3671 -0.738 -0.0975 0.6625 0.0832 -0.5275 -0.4351 0.6003 -0.415 -0.7294 -0.1013 0.6726 -0.0727 -0.9372 -0.1722 -0.2635 0.1503 -0.6771 0.2173 0.6864 0.1522 -0.6944 0.1207 0.7048 0.0811 -0.9506 0.0408 -0.3024 -0.0577
-0.7493 0.2191 0.6054 0.1553 -0.2289 0.751 -7.0E-4 0.6194 -0.6838 0.2612 0.5739 0.3671 -0.738 -0.0975 0.6625 0.0832 -0.5275 -0.4351 0.6003 -0.415 -0.7294 -0.1013 0.6726 -0.0727 -0.937 -0.1724 -0.2641 0.1505 -0.6771 0.2173 0.6864 0.1522 -0.6911 0.1305 0.7064 0.0798 -0.9506 0.0408 -0.3024 -0.0577
-0.7493 0.2191 0.6054 0.1553 -0.2289 0.751 -7.0E-4 0.6194 -0.6838 0.2612 0.5739 0.3671 -0.738 -0.0975 0.6625 0.0832 -0.5262 -0.4283 0.6041 -0.4179 -0.7294 -0.1013 0.6726 -0.0727 -0.937 -0.1724 -0.2641 0.1505 -0.6771 0.2173 0.6864 0.1522 -0.6911 0.1305 0.7064 0.0798 -0.9506 0.0408 -0.3024 -0.0577
-0.7534 0.2139 0.6031 0.1516 -0.2289 0.751 -7.0E-4 0.6194 -0.6829 0.2582 0.578 0.3646 -0.7351 -0.103 0.665 0.0818 -0.5262 -0.4283 0.6041 -0.4179 -0.7294 -0.1013 0.6726 -0.0727 -0.937 -0.1724 -0.2641 0.1505 -0.6771 0.2173 0.6864 0.1522 -0.6911 0.1305 0.7064 0.0798 -0.9506 0.0408 -0.3024 -0.0577
-0.7534 0.2139 0.6031 0.1516 -0.2289 0.751 -7.0E-4 0.6194 -0.6829 0.2582 0.578 0.3646 -0.7351 -0.103 0.665 0.0818 -0.5262 -0.4283 0.6041 -0.4179 -0.7294 -0.1013 0.6726 -0.0727 -0.937 -0.1724 -0.2641 0.1505 -0.6771 0.2173 0.6864 0.1522 -0.6911 0.1305 0.7064 0.0798 -0.9506 0.0408 -0.3024 -0.0577
-0.7534 0.2139 0.6031 0.1516 -0.2289 0.751 -7.0E-4 0.6194 -0.6829 0.2582 0.578 0.3646 -0.7351 -0.103 0.665 0.0818 -0.5262 -0.4283 0.6041 -0.4179 -0.7399 -0.1031 0.6617 -0.064 -0.937 -0.1724 -0.2641 0.1505 -0.6733 0.2153 0.6914 0.1491 -0.6911 0.1305 0.7064 0.0798 -0.9509 0.0403 -0.3013 -0.0577
-0.7534 0.2139 0.6031 0.1516 -0.2289 0.751 -7.0E-4 0.6194 -0.6829 0.2582 0.578 0.3646 -0.7351 -0.103 0.665 0.0818 -0.5262 -0.4283 0.6041 -0.4179 -0.7399 -0.1031 0.6617 -0.064 -0.937 -0.1724 -0.2641 0.1505 -0.6733 0.2153 0.6914 0.1491 -0.6911 0.1305 0.7064 0.0798 -0.9509 0.0403 -0.3013 -0.0577
-0.7534 0.2139 0.6031 0.1516 -0.238 0.7473 -0.0052 0.6205 -0.6829 0.2582 0.578 0.3646 -0.7351 -0.103 0.665 0.0818 -0.5262 -0.4283 0.6041 -0.4179 -0.7399 -0.1031 0.6617 -0.064 -0.9359 -0.1724 -0.2665 0.153 -0.6733 0.2153 0.6914 0.1491 -0.6864 0.1377 0.7098 0.0778 -0.9509 0.0403 -0.3013 -0.0577
-0.7534 0.2139 0.6031 0.1516 -0.238 0.7473 -0.0052 0.6205 -0.6829 0.2582 0.578 0.3646 -0.7351 -0.103 0.665 0.0818 -0.5262 -0.4283 0.6041 -0.4179 -0.7399 -0.1031 0.6617 -0.064 -0.9359 -0.1724 -0.2665 0.153 -0.6733 0.2153 0.6914 0.1491 -0.6864 0.1377 0.7098 0.0778 -0.9509 0.0403 -0.3013 -0.0577
-0.7534 0.2139 0.6031 0.1516 -0.238 0.7473 -0.0052 0.6205 -0.6829 0.2582 0.578 0.3646 -0.7351 -0.103 0.665 0.0818 -0.518 -0.4063 0.6182 -0.4295 -0.7399 -0.1031 0.6617 -0.064 -0.9359 -0.1724 -0.2665 0.153 -0.6733 0.2153 0.6914 0.1491 -0.6864 0.1377 0.7098 0.0778 -0.9509 0.0403 -0.3013 -0.0577
-0.7609 0.211 0.5944 0.1523 -0.238 0.7473 -0.0052 0.6205 -0.6773 0.2587 0.5843 0.3646 -0.7299 -0.1018 0.6708 0.0829 -0.518 -0.4063 0.6182 -0.4295 -0.7399 -0.1031 0.6617 -0.064 -0.9359 -0.1724 -0.2665 0.153 -0.6733 0.2153 0.6914 0.1491 -0.6864 0.1377 0.7098 0.0778 -0.9509 0.0403 -0.3013 -0.0577
-0.7609 0.211 0.5944 0.1523 -0.238 0.7473 -0.0052 0.6205 -0.6773 0.2587 0.5843 0.3646 -0.7299 -0.1018 0.6708 0.0829 -0.518 -0.4063 0.6182 -0.4295 -0.7399 -0.1031 0.6617 -0.064 -0.9359 -0.1724 -0.2665 0.153 -0.6733 0.2153 0.6914 0.1491 -0.6864 0.1377 0.7098 0.0778 -0.9509 0.0403 -0.3013 -0.0577
-0.7609 0.211 0.5944 0.1523 -0.238 0.7473 -0.0052 0.6205 -0.6773 0.2587 0.5843 0.3646 -0.7299 -0.1018 0.6708 0.0829 -0.518 -0.4063 0.6182 -0.4295 -0.7672 -0.125 0.6285 -0.0296 -0.9359 -0.1724 -0.2665 0.153 -0.6733 0.2153 0.6914 0.1491 -0.6864 0.1377 0.7098 0.0778 -0.952 0.0396 -0.298 -0.0579
-0.7609 0.211 0.5944 0.1523 -0.238 0.7473 -0.0052 0.6205 -0.6773 0.2587 0.5843 0.3646 -0.7299 -0.1018 0.6708 0.0829 -0.518 -0.4063 0.6182 -0.4295 -0.7672 -0.125 0.6285 -0.0296 -0.9359 -0.1724 -0.2665 0.153 -0.6733 0.2153 0.6914 0.1491 -0.6864 0.1377 0.7098 0.0778 -0.952 0.0396 -0.298 -0.0579
-0.7609 0.211 0.5944 0.1523 -0.238 0.7473 -0.0052 0.6205 -0.6773 0.2587 0.5843 0.3646 -0.7299 -0.1018 0.6708 0.0829 -0.518 -0.4063 0.6182 -0.4295 -0.7672 -0.125 0.6285 -0.0296 -0.9359 -0.1724 -0.2665 0.153 -0.6733 0.2153 0.6914 0.1491 -0.6864 0.1377 0.7098 0.0778 -0.952 0.0396 -0.298 -0.0579
-0.7609 0.211 0.5944 0.1523 -0.2483 0.7455 -0.0236 0.6181 -0.6773 0.2587 0.5843 0.3646 -0.7299 -0.1018 0.6708 0.0829 -0.518 -0.4063 0.6182 -0.4295 -0.7672 -0.125 0.6285 -0.0296 -0.9152 -0.1962 -0.3111 0.1649 -0.6733 0.2153 0.6914 0.1491 -0.678 0.1392 0.718 0.0732 -0.952 0.0396 -0.298 -0.0579
-0.7609 0.211 0.5944 0.1523 -0.2483 0.7455 -0.0236 0.6181 -0.6773 0.2587 0.5843 0.3646 -0.7299 -0.1018 0.6708 0.0829 -0.518 -0.4063 0.6182 -0.4295 -0.7672 -0.125 0.6285 -0.0296 -0.9152 -0.1962 -0.3111 0.1649 -0.6733 0.2153 0.6914 0.1491 -0.678 0.1392 0.718 0.0732 -0.952 0.0396 -0.298 -0.0579
-0.7705 0.2181 0.5782 0.1563 -0.2483 0.7455 -0.0236 0.6181 -0.6698 0.2649 0.5883 0.3676 -0.7268 -0.0952 0.675 0.0847 -0.4659 -0.3698 0.6354 -0.4925 -0.7672 -0.125 0.6285 -0.0296 -0.9152 -0.1962 -0.3111 0.1649 -0.6733 0.2153 0.6914 0.1491 -0.678 0.1392 0.718 0.0732 -0.952 0.0396 -0.298 -0.0579
-0.7705 0.2181 0.5782 0.1563 -0.2483 0.7455 -0.0236 0.6181 -0.6698 0.2649 0.5883 0.3676 -0.7268 -0.0952 0.675 0.0847 -0.4659 -0.3698 0.6354 -0.4925 -0.7672 -0.125 0.6285 -0.0296 -0.9152 -0.1962 -0.3111 0.1649 -0.6733 0.2153 0.6914 0.1491 -0.678 0.1392 0.718 0.0732 -0.952 0.0396 -0.298 -0.0579
-0.7705 0.2181 0.5782 0.1563 -0.2483 0.7455 -0.0236 0.6181 -0.6698 0.2649 0.5883 0.3676 -0.7268 -0.0952 0.675 0.0847 -0.4659 -0.3698 0.6354 -0.4925 -0.7672 -0.125 0.6285 -0.0296 -0.9152 -0.1962 -0.3111 0.1649 -0.6624 0.2301 0.6987 0.1416 -0.678 0.1392 0.718 0.0732 -0.9529 0.0381 -0.2952 -0.0588
-0.7705 0.2181 0.5782 0.1563 -0.2483 0.7455 -0.0236 0.6181 -0.6698 0.2649 0.5883 0.3676 -0.7268 -0.0952 0.675 0.0847 -0.4659 -0.3698 0.6354 -0.4925 -0.7672 -0.125 0.6285 -0.0296 -0.9152 -0.1962 -0.3111 0.1649 -0.6624 0.2301 0.6987 0.1416 -0.678 0.1392 0.718 0.0732 -0.9529 0.0381 -0.2952 -0.0588
-0.7705 0.2181 0.5782 0.1563 -0.2483 0.7455 -0.0236 0.6181 -0.6698 0.2649 0.5883 0.3676 -0.7268 -0.0952 0.675 0.0847 -0.4659 -0.3698 0.6354 -0.4925 -0.7672 -0.125 0.6285 -0.0296 -0.9152 -0.1962 -0.3111 0.1649 -0.6624 0.2301 0.6987 0.1416 -0.678 0.1392 0.718 0.0732 -0.9529 0.0381 -0.2952 -0.0588
-0.7705 0.2181 0.5782 0.1563 -0.2482 0.7496 -0.0477 0.6116 -0.6698 0.2649 0.5883 0.3676 -0.7268 -0.0952 0.675 0.0847 -0.4659 -0.3698 0.6354 -0.4925 -0.7672 -0.125 0.6285 -0.0296 -0.8168 -0.2148 -0.488 0.2201 -0.6624 0.2301 0.6987 0.1416 -0.67 0.1468 0.7239 0.0746 -0.9529 0.0381 -0.2952 -0.0588
-0.7746 0.2181 0.5699 0.1663 -0.2482 0.7496 -0.0477 0.6116 -0.6673 0.2778 0.5811 0.374 -0.7268 -0.0952 0.675 0.0847 -0.3694 -0.2546 0.67 -0.5914 -0.7672 -0.125 0.6285 -0.0296 -0.8168 -0.2148 -0.488 0.2201 -0.6624 0.2301 0.6987 0.1416 -0.67 0.1468 0.7239 0.0746 -0.9529 0.0381 -0.2952 -0.0588
-0.7746 0.2181 0.5699 0.1663 -0.2482 0.7496 -0.0477 0.6116 -0.6673 0.2778 0.5811 0.374 -0.733 -0.0774 0.6714 0.0774 -0.3694 -0.2546 0.67 -0.5914 -0.7672 -0.125 0.6285 -0.0296 -0.8168 -0.2148 -0.488 0.2201 -0.6624 0.2301 0.6987 0.1416 -0.67 0.1468 0.7239 0.0746 -0.9529 0.0381 -0.2952 -0.0588
-0.7746 0.2181 0.5699 0.1663 -0.2482 0.7496 -0.0477 0.6116 -0.6673 0.2778 0.5811 0.374 -0.733 -0.0774 0.6714 0.0774 -0.3694 -0.2546 0.67 -0.5914 -0.7672 -0.125 0.6285 -0.0296 -0.8168 -0.2148 -0.488 0.2201 -0.6624 0.2301 0.6987 0.1416 -0.67 0.1468 0.7239 0.0746 -0.9529 0.0381 -0.2952 -0.0588
-0.7746 0.2181 0.5699 0.1663 -0.2482 0.7496 -0.0477 0.6116 -0.6673 0.2778 0.5811 0.374 -0.733 -0.0774 0.6714 0.0774 -0.3694 -0.2546 0.67 -0.5914 -0.8249 -0.1913 0.5092 0.1535 -0.8168 -0.2148 -0.488 0.2201 -0.6571 0.2363 0.701 0.1445 -0.67 0.1468 0.7239 0.0746 -0.9527 0.0367 -0.2955 -0.0604
-0.7746 0.2181 0.5699 0.1663 -0.2482 0.7496 -0.0477 0.6116 -0.6673 0.2778 0.5811 0.374 -0.733 -0.0774 0.6714 0.0774 -0.3694 -0.2546 0.67 -0.5914 -0.8249 -0.1913 0.5092 0.1535 -0.8168 -0.2148 -0.488 0.2201 -0.6571 0.2363 0.701 0.1445 -0.67 0.1468 0.7239 0.0746 -0.9527 0.0367 -0.2955 -0.0604
-0.7746 0.2181 0.5699 0.1663 -0.2482 0.7496 -0.0477 0.6116 -0.6673 0.2778 0.5811 0.374 -0.733 -0.0774 0.6714 0.0774 -0.3694 -0.2546 0.67 -0.5914 -0.8249 -0.1913 0.5092 0.1535 -0.8168 -0.2148 -0.488 0.2201 -0.6571 0.2363 0.701 0.1445 -0.67 0.1468 0.7239 0.0746 -0.9527 0.0367 -0.2955 -0.0604
-0.7746 0.2181 0.5699 0.1663 -0.2553 0.7474 -0.0412 0.612 -0.6673 0.2778 0.5811 0.374 -0.733 -0.0774 0.6714 0.0774 -0.3694 -0.2546 0.67 -0.5914 -0.8249 -0.1913 0.5092 0.1535 -0.7702 -0.1746 -0.5276 0.3129 -0.6571 0.2363 0.701 0.1445 -0.6724 0.1519 0.7212 0.0679 -0.9527 0.0367 -0.2955 -0.0604
-0.7746 0.2181 0.5699 0.1663 -0.2553 0.7474 -0.0412 0.612 -0.6673 0.2778 0.5811 0.374 -0.733 -0.0774 0.6714 0.0774 -0.3694 -0.2546 0.67 -0.5914 -0.8249 -0.1913 0.5092 0.1535 -0.7702 -0.1746 -0.5276 0.3129 -0.6571 0.2363 0.701 0.1445 -0.6724 0.1519 0.7212 0.0679 -0.9527 0.0367 -0.2955 -0.0604
-0.7769 0.208 0.5659 0.1817 -0.2553 0.7474 -0.0412 0.612 -0.6686 0.2908 0.5721 0.3756 -0.744 -0.0609 0.6628 0.0577 -0.2975 -0.1288 0.709 -0.6262 -0.8249 -0.1913 0.5092 0.1535 -0.7702 -0.1746 -0.5276 0.3129 -0.6571 0.2363 0.701 0.1445 -0.6724 0.1519 0.7212 0.0679 -0.9527 0.0367 -0.2955 -0.0604
-0.7769 0.208 0.5659 0.1817 -0.2553 0.7474 -0.0412 0.612 -0.6686 0.2908 0.5721 0.3756 -0.744 -0.0609 0.6628 0.0577 -0.2975 -0.1288 0.709 -0.6262 -0.8249 -0.1913 0.5092 0.1535 -0.7702 -0.1746 -0.5276 0.3129 -0.6571 0.2363 0.701 0.1445 -0.6724 0.1519 0.7212 0.0679 -0.9527 0.0367 -0.2955 -0.0604
-0.7769 0.208 0.5659 0.1817 -0.2553 0.7474 -0.0412 0.612 -0.6686 0.2908 0.5721 0.3756 -0.744 -0.0609 0.6628 0.0577 -0.2975 -0.1288 0.709 -0.6262 -0.8112 -0.2077 0.527 0.1451 -0.7702 -0.1746 -0.5276 0.3129 -0.6587 0.2308 0.7032 0.1351 -0.6724 0.1519 0.7212 0.0679 -0.9525 0.038 -0.2964 -0.0593
-0.7769 0.208 0.5659 0.1817 -0.2553 0.7474 -0.0412 0.612 -0.6686 0.2908 0.5721 0.3756 -0.744 -0.0609 0.6628 0.0577 -0.2975 -0.1288 0.709 -0.6262 -0.8112 -0.2077 0.527 0.1451 -0.7702 -0.1746 -0.5276 0.3129 -0.6587 0.2308 0.7032 0.1351 -0.6724 0.1519 0.7212 0.0679 -0.9525 0.038 -0.2964 -0.0593
-0.7769 0.208 0.5659 0.1817 -0.2405 0.7365 -0.0345 0.6313 -0.6686 0.2908 0.5721 0.3756 -0.744 -0.0609 0.6628 0.0577 -0.2975 -0.1288 0.709 -0.6262 -0.8112 -0.2077 0.527 0.1451 -0.8475 -0.2104 -0.4314 0.2268 -0.6587 0.2308 0.7032 0.1351 -0.676 0.1612 0.7166 0.0598 -0.9525 0.038 -0.2964 -0.0593
-0.7769 0.208 0.5659 0.1817 -0.2405 0.7365 -0.0345 0.6313 -0.6686 0.2908 0.5721 0.3756 -0.744 -0.0609 0.6628 0.0577 -0.2975 -0.1288 0.709 -0.6262 -0.8112 -0.2077 0.527 0.1451 -0.8475 -0.2104 -0.4314 0.2268 -0.6587 0.2308 0.7032 0.1351 -0.676 0.1612 0.7166 0.0598 -0.9525 0.038 -0.2964 -0.0593
-0.7747 0.2004 0.568 0.1927 -0.2405 0.7365 -0.0345 0.6313 -0.6684 0.2999 0.5698 0.3724 -0.744 -0.0609 0.6628 0.0577 -0.2474 -0.088 0.6962 -0.668 -0.8112 -0.2077 0.527 0.1451 -0.8475 -0.2104 -0.4314 0.2268 -0.6587 0.2308 0.7032 0.1351 -0.676 0.1612 0.7166 0.0598 -0.9525 0.038 -0.2964 -0.0593
-0.7747 0.2004 0.568 0.1927 -0.2405 0.7365 -0.0345 0.6313 -0.6684 0.2999 0.5698 0.3724 -0.7424 -0.0475 0.6661 0.0538 -0.2474 -0.088 0.6962 -0.668 -0.8112 -0.2077 0.527 0.1451 -0.8475 -0.2104 -0.4314 0.2268 -0.6587 0.2308 0.7032 0.1351 -0.676 0.1612 0.7166 0.0598 -0.9525 0.038 -0.2964 -0.0593
-0.7747 0.2004 0.568 0.1927 -0.2405 0.7365 -0.0345 0.6313 -0.6684 0.2999 0.5698 0.3724 -0.7424 -0.0475 0.6661 0.0538 -0.2474 -0.088 0.6962 -0.668 -0.8112 -0.2077 0.527 0.1451 -0.8475 -0.2104 -0.4314 0.2268 -0.6587 0.2308 0.7032 0.1351 -0.676 0.1612 0.7166 0.0598 -0.9525 0.038 -0.2964 -0.0593
-0.7747 0.2004 0.568 0.1927 -0.2405 0.7365 -0.0345 0.6313 -0.6684 0.2999 0.5698 0.3724 -0.7424 -0.0475 0.6661 0.0538 -0.2474 -0.088 0.6962 -0.668 -0.766 -0.1475 0.6257 -0.0036 -0.8475 -0.2104 -0.4314 0.2268 -0.6537 0.2501 0.7021 0.1313 -0.676 0.1612 0.7166 0.0598 -0.9528 0.0371 -0.2953 -0.0602
-0.7747 0.2004 0.568 0.1927 -0.2405 0.7365 -0.0345 0.6313 -0.6684 0.2999 0.5698 0.3724 -0.7424 -0.0475 0.6661 0.0538 -0.2474 -0.088 0.6962 -0.668 -0.766 -0.1475 0.6257 -0.0036 -0.8475 -0.2104 -0.4314 0.2268 -0.6537 0.2501 0.7021 0.1313 -0.676 0.1612 0.7166 0.0598 -0.9528 0.0371 -0.2953 -0.0602
-0.7747 0.2004 0.568 0.1927 -0.2405 0.7365 -0.0345 0.6313 -0.6684 0.2999 0.5698 0.3724 -0.7424 -0.0475 0.6661 0.0538 -0.2474 -0.088 0.6962 -0.668 -0.766 -0.1475 0.6257 -0.0036 -0.8475 -0.2104 -0.4314 0.2268 -0.6537 0.2501 0.7021 0.1313 -0.6821 0.1671 0.7101 0.0499 -0.9528 0.0371 -0.2953 -0.0602
-0.7747 0.2004 0.568 0.1927 -0.2206 0.7282 -0.0378 0.6478 -0.6684 0.2999 0.5698 0.3724 -0.7424 -0.0475 0.6661 0.0538 -0.2474 -0.088 0.6962 -0.668 -0.766 -0.1475 0.6257 -0.0036 -0.9301 -0.2374 -0.2559 0.1147 -0.6537 0.2501 0.7021 0.1313 -0.6821 0.1671 0.7101 0.0499 -0.9528 0.0371 -0.2953 -0.0602
-0.7747 0.2004 0.568 0.1927 -0.2206 0.7282 -0.0378 0.6478 -0.6684 0.2999 0.5698 0.3724 -0.7424 -0.0475 0.6661 0.0538 -0.2474 -0.088 0.6962 -0.668 -0.766 -0.1475 0.6257 -0.0036 -0.9301 -0.2374 -0.2559 0.1147 -0.6537 0.2501 0.7021 0.1313 -0.6821 0.1671 0.7101 0.0499 -0.9528 0.0371 -0.2953 -0.0602
-0.7645 0.1933 0.5796 0.2056 -0.2206 0.7282 -0.0378 0.6478 -0.6655 0.3141 0.5669 0.3703 -0.7337 -0.0437 0.6749 0.066 -0.2872 -0.1678 0.7131 -0.6171 -0.766 -0.1475 0.6257 -0.0036 -0.9301 -0.2374 -0.2559 0.1147 -0.6537 0.2501 0.7021 0.1313 -0.6821 0.1671 0.7101 0.0499 -0.9528 0.0371 -0.2953 -0.0602
-0.7645 0.1933 0.5796 0.2056 -0.2206 0.7282 -0.0378 0.6478 -0.6655 0.3141 0.5669 0.3703 -0.7337 -0.0437 0.6749 0.066 -0.2872 -0.1678 0.7131 -0.6171 -0.766 -0.1475 0.6257 -0.0036 -0.9301 -0.2374 -0.2559 0.1147 -0.6537 0.2501 0.7021 0.1313 -0.6821 0.1671 0.7101 0.0499 -0.9528 0.0371 -0.2953 -0.0602
-0.7645 0.1933 0.5796 0.2056 -0.2206 0.7282 -0.0378 0.6478 -0.6655 0.3141 0.5669 0.3703 -0.7337 -0.0437 0.6749 0.066 -0.2872 -0.1678 0.7131 -0.6171 -0.6973 -0.0666 0.6936 -0.1681 -0.9301 -0.2374 -0.2559 0.1147 -0.6595 0.2533 0.7011 0.0967 -0.6821 0.1671 0.7101 0.0499 -0.9524 0.0383 -0.2958 -0.0629
-0.7645 0.1933 0.5796 0.2056 -0.2206 0.7282 -0.0378 0.6478 -0.6655 0.3141 0.5669 0.3703 -0.7337 -0.0437 0.6749 0.066 -0.2872 -0.1678 0.7131 -0.6171 -0.6973 -0.0666 0.6936 -0.1681 -0.9301 -0.2374 -0.2559 0.1147 -0.6595 0.2533 0.7011 0.0967 -0.6821 0.1671 0.7101 0.0499 -0.9524 0.0383 -0.2958 -0.0629
-0.7645 0.1933 0.5796 0.2056 -0.2206 0.7282 -0.0378 0.6478 -0.6655 0.3141 0.5669 0.3703 -0.7337 -0.0437 0.6749 0.066 -0.2872 -0.1678 0.7131 -0.6171 -0.6973 -0.0666 0.6936 -0.1681 -0.9301 -0.2374 -0.2559 0.1147 -0.6595 0.2533 0.7011 0.0967 -0.6821 0.1671 0.7101 0.0499 -0.9524 0.0383 -0.2958 -0.0629
-0.7645 0.1933 0.5796 0.2056 -0.197 0.7238 -0.0164 0.6611 -0.6655 0.3141 0.5669 0.3703 -0.7337 -0.0437 0.6749 0.066 -0.2872 -0.1678 0.7131 -0.6171 -0.6973 -0.0666 0.6936 -0.1681 -0.9462 -0.2675 -0.1761 0.0457 -0.6595 0.2533 0.7011 0.0967 -0.6988 0.1744 0.6936 0.0135 -0.9524 0.0383 -0.2958 -0.0629
-0.7454 0.1893 0.5989 0.2235 -0.197 0.7238 -0.0164 0.6611 -0.6781 0.3058 0.5659 0.3555 -0.7337 -0.0437 0.6749 0.066 -0.3671 -0.3165 0.6556 -0.579 -0.6973 -0.0666 0.6936 -0.1681 -0.9462 -0.2675 -0.1761 0.0457 -0.6595 0.2533 0.7011 0.0967 -0.6988 0.1744 0.6936 0.0135 -0.9524 0.0383 -0.2958 -0.0629
-0.7454 0.1893 0.5989 0.2235 -0.197 0.7238 -0.0164 0.6611 -0.6781 0.3058 0.5659 0.3555 -0.7399 -0.0557 0.6681 0.0547 -0.3671 -0.3165 0.6556 -0.579 -0.6973 -0.0666 0.6936 -0.1681 -0.9462 -0.2675 -0.1761 0.0457 -0.6595 0.2533 0.7011 0.0967 -0.6988 0.1744 0.6936 0.0135 -0.9524 0.0383 -0.2958 -0.0629
-0.7454 0.1893 0.5989 0.2235 -0.197 0.7238 -0.0164 0.6611 -0.6781 0.3058 0.5659 0.3555 -0.7399 -0.0557 0.6681 0.0547 -0.3671 -0.3165 0.6556 -0.579 -0.6973 -0.0666 0.6936 -0.1681 -0.9462 -0.2675 -0.1761 0.0457 -0.6595 0.2533 0.7011 0.0967 -0.6988 0.1744 0.6936 0.0135 -0.9524 0.0383 -0.2958 -0.0629
-0.7454 0.1893 0.5989 0.2235 -0.197 0.7238 -0.0164 0.6611 -0.6781 0.3058 0.5659 0.3555 -0.7399 -0.0557 0.6681 0.0547 -0.3671 -0.3165 0.6556 -0.579 -0.6735 -0.0305 0.7226 -0.1526 -0.9462 -0.2675 -0.1761 0.0457 -0.6771 0.235 0.6958 0.0471 -0.6988 0.1744 0.6936 0.0135 -0.9476 0.0432 -0.3094 -0.0663
-0.7454 0.1893 0.5989 0.2235 -0.197 0.7238 -0.0164 0.6611 -0.6781 0.3058 0.5659 0.3555 -0.7399 -0.0557 0.6681 0.0547 -0.3671 -0.3165 0.6556 -0.579 -0.6735 -0.0305 0.7226 -0.1526 -0.9462 -0.2675 -0.1761 0.0457 -0.6771 0.235 0.6958 0.0471 -0.6988 0.1744 0.6936 0.0135 -0.9476 0.0432 -0.3094 -0.0663
-0.7454 0.1893 0.5989 0.2235 -0.1913 0.7145 0.0241 0.6725 -0.6781 0.3058 0.5659 0.3555 -0.7399 -0.0557 0.6681 0.0547 -0.3671 -0.3165 0.6556 -0.579 -0.6735 -0.0305 0.7226 -0.1526 -0.9462 -0.2675 -0.1761 0.0457 -0.6771 0.235 0.6958 0.0471 -0.724 0.2169 0.6536 -0.0405 -0.9476 0.0432 -0.3094 -0.0663
-0.7454 0.1893 0.5989 0.2235 -0.1913 0.7145 0.0241 0.6725 -0.6781 0.3058 0.5659 0.3555 -0.7399 -0.0557 0.6681 0.0547 -0.3671 -0.3165 0.6556 -0.579 -0.6735 -0.0305 0.7226 -0.1526 -0.9462 -0.2675 -0.1761 0.0457 -0.6771 0.235 0.6958 0.0471 -0.724 0.2169 0.6536 -0.0405 -0.9476 0.0432 -0.3094 -0.0663
-0.7454 0.1893 0.5989 0.2235 -0.1913 0.7145 0.0241 0.6725 -0.6781 0.3058 0.5659 0.3555 -0.7399 -0.0557 0.6681 0.0547 -0.3671 -0.3165 0.6556 -0.579 -0.6735 -0.0305 0.7226 -0.1526 -0.9462 -0.2675 -0.1761 0.0457 -0.6771 0.235 0.6958 0.0471 -0.724 0.2169 0.6536 -0.0405 -0.9476 0.0432 -0.3094 -0.0663
-0.739 0.1711 0.6279 0.1746 -0.1913 0.7145 0.0241 0.6725 -0.7012 0.2719 0.5712 0.3288 -0.749 -0.1025 0.6544 0.0138 -0.3671 -0.3165 0.6556 -0.579 -0.6735 -0.0305 0.7226 -0.1526 -0.9462 -0.2675 -0.1761 0.0457 -0.6771 0.235 0.6958 0.0471 -0.724 0.2169 0.6536 -0.0405 -0.9476 0.0432 -0.3094 -0.0663
-0.739 0.1711 0.6279 0.1746 -0.1913 0.7145 0.0241 0.6725 -0.7012 0.2719 0.5712 0.3288 -0.749 -0.1025 0.6544 0.0138 -0.3671 -0.3165 0.6556 -0.579 -0.6735 -0.0305 0.7226 -0.1526 -0.9462 -0.2675 -0.1761 0.0457 -0.6771 0.235 0.6958 0.0471 -0.724 0.2169 0.6536 -0.0405 -0.9476 0.0432 -0.3094 -0.0663
-0.739 0.1711 0.6279 0.1746 -0.1913 0.7145 0.0241 0.6725 -0.7012 0.2719 0.5712 0.3288 -0.749 -0.1025 0.6544 0.0138 -0.3671 -0.3165 0.6556 -0.579 -0.6735 -0.0305 0.7226 -0.1526 -0.9462 -0.2675 -0.1761 0.0457 -0.686 0.2248 0.688 0.0742 -0.724 0.2169 0.6536 -0.0405 -0.8936 0.0695 -0.4398 -0.0564
-0.739 0.1711 0.6279 0.1746 -0.1913 0.7145 0.0241 0.6725 -0.7012 0.2719 0.5712 0.3288 -0.749 -0.1025 0.6544 0.0138 -0.3671 -0.3165 0.6556 -0.579 -0.6735 -0.0305 0.7226 -0.1526 -0.9462 -0.2675 -0.1761 0.0457 -0.686 0.2248 0.688 0.0742 -0.724 0.2169 0.6536 -0.0405 -0.8936 0.0695 -0.4398 -0.0564
-0.739 0.1711 0.6279 0.1746 -0.1913 0.7145 0.0241 0.6725 -0.7012 0.2719 0.5712 0.3288 -0.749 -0.1025 0.6544 0.0138 -0.3671 -0.3165 0.6556 -0.579 -0.6735 -0.0305 0.7226 -0.1526 -0.9462 -0.2675 -0.1761 0.0457 -0.686 0.2248 0.688 0.0742 -0.7441 0.2515 0.6099 -0.1049 -0.8936 0.0695 -0.4398 -0.0564
-0.739 0.1711 0.6279 0.1746 -0.2167 0.7438 0.0196 0.6319 -0.7012 0.2719 0.5712 0.3288 -0.749 -0.1025 0.6544 0.0138 -0.3671 -0.3165 0.6556 -0.579 -0.6735 -0.0305 0.7226 -0.1526 -0.9337 -0.1771 -0.2836 0.1281 -0.686 0.2248 0.688 0.0742 -0.7441 0.2515 0.6099 -0.1049 -0.8936 0.0695 -0.4398 -0.0564
-0.74 0.1857 0.6304 0.1432 -0.2167 0.7438 0.0196 0.6319 -0.718 0.275 0.5435 0.3367 -0.749 -0.1025 0.6544 0.0138 -0.4231 -0.3736 0.683 -0.4636 -0.6735 -0.0305 0.7226 -0.1526 -0.9337 -0.1771 -0.2836 0.1281 -0.686 0.2248 0.688 0.0742 -0.7441 0.2515 0.6099 -0.1049 -0.8936 0.0695 -0.4398 -0.0564
-0.74 0.1857 0.6304 0.1432 -0.2167 0.7438 0.0196 0.6319 -0.718 0.275 0.5435 0.3367 -0.7485 -0.1098 0.648 0.0882 -0.4231 -0.3736 0.683 -0.4636 -0.6735 -0.0305 0.7226 -0.1526 -0.9337 -0.1771 -0.2836 0.1281 -0.686 0.2248 0.688 0.0742 -0.7441 0.2515 0.6099 -0.1049 -0.8936 0.0695 -0.4398 -0.0564
-0.74 0.1857 0.6304 0.1432 -0.2167 0.7438 0.0196 0.6319 -0.718 0.275 0.5435 0.3367 -0.7485 -0.1098 0.648 0.0882 -0.4231 -0.3736 0.683 -0.4636 -0.6735 -0.0305 0.7226 -0.1526 -0.9337 -0.1771 -0.2836 0.1281 -0.722 0.1683 0.6638 0.0989 -0.7441 0.2515 0.6099 -0.1049 -0.8936 0.0695 -0.4398 -0.0564
-0.74 0.1857 0.6304 0.1432 -0.2167 0.7438 0.0196 0.6319 -0.718 0.275 0.5435 0.3367 -0.7485 -0.1098 0.648 0.0882 -0.4231 -0.3736 0.683 -0.4636 -0.6735 -0.0305 0.7226 -0.1526 -0.9337 -0.1771 -0.2836 0.1281 -0.722 0.1683 0.6638 0.0989 -0.7441 0.2515 0.6099 -0.1049 -0.8936 0.0695 -0.4398 -0.0564
-0.74 0.1857 0.6304 0.1432 -0.2167 0.7438 0.0196 0.6319 -0.718 0.275 0.5435 0.3367 -0.7485 -0.1098 0.648 0.0882 -0.4231 -0.3736 0.683 -0.4636 -0.6735 -0.0305 0.7226 -0.1526 -0.9337 -0.1771 -0.2836 0.1281 -0.722 0.1683 0.6638 0.0989 -0.7441 0.2515 0.6099 -0.1049 -0.8936 0.0695 -0.4398 -0.0564
-0.74 0.1857 0.6304 0.1432 -0.2167 0.7438 0.0196 0.6319 -0.718 0.275 0.5435 0.3367 -0.7485 -0.1098 0.648 0.0882 -0.4231 -0.3736 0.683 -0.4636 -0.6735 -0.0305 0.7226 -0.1526 -0.9337 -0.1771 -0.2836 0.1281 -0.722 0.1683 0.6638 0.0989 -0.7441 0.2515 0.6099 -0.1049 -0.8936 0.0695 -0.4398 -0.0564
-0.74 0.1857 0.6304 0.1432 -0.2586 0.795 0.0082 0.5487 -0.718 0.275 0.5435 0.3367 -0.7485 -0.1098 0.648 0.0882 -0.4231 -0.3736 0.683 -0.4636 -0.6735 -0.0305 0.7226 -0.1526 -0.9371 -0.1688 -0.2778 0.1271 -0.722 0.1683 0.6638 0.0989 -0.7518 0.2745 0.5618 -0.2091 -0.8936 0.0695 -0.4398 -0.0564
-0.7473 0.2036 0.6206 0.1226 -0.2586 0.795 0.0082 0.5487 -0.741 0.235 0.5405 0.3216 -0.7485 -0.1098 0.648 0.0882 -0.4367 -0.4012 0.665 -0.4538 -0.6735 -0.0305 0.7226 -0.1526 -0.9371 -0.1688 -0.2778 0.1271 -0.722 0.1683 0.6638 0.0989 -0.7518 0.2745 0.5618 -0.2091 -0.8936 0.0695 -0.4398 -0.0564
-0.7473 0.2036 0.6206 0.1226 -0.2586 0.795 0.0082 0.5487 -0.741 0.235 0.5405 0.3216 -0.7499 -0.1827 0.6282 0.0984 -0.4367 -0.4012 0.665 -0.4538 -0.6735 -0.0305 0.7226 -0.1526 -0.9371 -0.1688 -0.2778 0.1271 -0.722 0.1683 0.6638 0.0989 -0.7518 0.2745 0.5618 -0.2091 -0.8936 0.0695 -0.4398 -0.0564
-0.7473 0.2036 0.6206 0.1226 -0.2586 0.795 0.0082 0.5487 -0.741 0.235 0.5405 0.3216 -0.7499 -0.1827 0.6282 0.0984 -0.4367 -0.4012 0.665 -0.4538 -0.6735 -0.0305 0.7226 -0.1526 -0.9371 -0.1688 -0.2778 0.1271 -0.722 0.1683 0.6638 0.0989 -0.7518 0.2745 0.5618 -0.2091 -0.8936 0.0695 -0.4398 -0.0564
-0.7473 0.2036 0.6206 0.1226 -0.2586 0.795 0.0082 0.5487 -0.741 0.235 0.5405 0.3216 -0.7499 -0.1827 0.6282 0.0984 -0.4367 -0.4012 0.665 -0.4538 -0.7164 -0.1743 0.67 -0.0858 -0.9371 -0.1688 -0.2778 0.1271 -0.7396 0.0874 0.6475 0.1614 -0.7518 0.2745 0.5618 -0.2091 -0.6766 0.0729 -0.7159 -0.156
-0.7473 0.2036 0.6206 0.1226 -0.2586 0.795 0.0082 0.5487 -0.741 0.235 0.5405 0.3216 -0.7499 -0.1827 0.6282 0.0984 -0.4367 -0.4012 0.665 -0.4538 -0.7164 -0.1743 0.67 -0.0858 -0.9371 -0.1688 -0.2778 0.1271 -0.7396 0.0874 0.6475 0.1614 -0.7518 0.2745 0.5618 -0.2091 -0.6766 0.0729 -0.7159 -0.156
-0.7473 0.2036 0.6206 0.1226 -0.295 0.8131 -0.002 0.5018 -0.741 0.235 0.5405 0.3216 -0.7499 -0.1827 0.6282 0.0984 -0.4367 -0.4012 0.665 -0.4538 -0.7164 -0.1743 0.67 -0.0858 -0.936 -0.1719 -0.2794 0.1273 -0.7396 0.0874 0.6475 0.1614 -0.7493 0.2222 0.5573 -0.2805 -0.6766 0.0729 -0.7159 -0.156
-0.7473 0.2036 0.6206 0.1226 -0.295 0.8131 -0.002 0.5018 -0.741 0.235 0.5405 0.3216 -0.7499 -0.1827 0.6282 0.0984 -0.4367 -0.4012 0.665 -0.4538 -0.7164 -0.1743 0.67 -0.0858 -0.936 -0.1719 -0.2794 0.1273 -0.7396 0.0874 0.6475 0.1614 -0.7493 0.2222 0.5573 -0.2805 -0.6766 0.0729 -0.7159 -0.156
-0.7473 0.2036 0.6206 0.1226 -0.295 0.8131 -0.002 0.5018 -0.741 0.235 0.5405 0.3216 -0.7499 -0.1827 0.6282 0.0984 -0.4367 -0.4012 0.665 -0.4538 -0.7164 -0.1743 0.67 -0.0858 -0.936 -0.1719 -0.2794 0.1273 -0.7396 0.0874 0.6475 0.1614 -0.7493 0.2222 0.5573 -0.2805 -0.6766 0.0729 -0.7159 -0.156
-0.7585 0.1997 0.6154 0.0778 -0.295 0.8131 -0.002 0.5018 -0.741 0.235 0.5405 0.3216 -0.7438 -0.2125 0.627 0.0922 -0.4367 -0.4012 0.665 -0.4538 -0.7164 -0.1743 0.67 -0.0858 -0.936 -0.1719 -0.2794 0.1273 -0.7396 0.0874 0.6475 0.1614 -0.7493 0.2222 0.5573 -0.2805 -0.6766 0.0729 -0.7159 -0.156
-0.7585 0.1997 0.6154 0.0778 -0.295 0.8131 -0.002 0.5018 -0.741 0.235 0.5405 0.3216 -0.7438 -0.2125 0.627 0.0922 -0.4367 -0.4012 0.665 -0.4538 -0.7164 -0.1743 0.67 -0.0858 -0.936 -0.1719 -0.2794 0.1273 -0.7396 0.0874 0.6475 0.1614 -0.7493 0.2222 0.5573 -0.2805 -0.6766 0.0729 -0.7159 -0.156
-0.7585 0.1997 0.6154 0.0778 -0.295 0.8131 -0.002 0.5018 -0.741 0.235 0.5405 0.3216 -0.7438 -0.2125 0.627 0.0922 -0.4367 -0.4012 0.665 -0.4538 -0.7178 -0.1668 0.6725 -0.069 -0.936 -0.1719 -0.2794 0.1273 -0.7279 0.0634 0.6325 0.2571 -0.7493 0.2222 0.5573 -0.2805 -0.6766 0.0729 -0.7159 -0.156
-0.7585 0.1997 0.6154 0.0778 -0.295 0.8131 -0.002 0.5018 -0.741 0.235 0.5405 0.3216 -0.7438 -0.2125 0.627 0.0922 -0.4367 -0.4012 0.665 -0.4538 -0.7178 -0.1668 0.6725 -0.069 -0.936 -0.1719 -0.2794 0.1273 -0.7279 0.0634 0.6325 0.2571 -0.7493 0.2222 0.5573 -0.2805 -0.6766 0.0729 -0.7159 -0.156
-0.7585 0.1997 0.6154 0.0778 -0.2894 0.8105 -0.0124 0.5092 -0.741 0.235 0.5405 0.3216 -0.7438 -0.2125 0.627 0.0922 -0.4367 -0.4012 0.665 -0.4538 -0.7178 -0.1668 0.6725 -0.069 -0.9347 -0.176 -0.2816 0.127 -0.7279 0.0634 0.6325 0.2571 -0.7337 0.0866 0.6505 -0.1765 -0.6766 0.0729 -0.7159 -0.156
-0.7585 0.1997 0.6154 0.0778 -0.2894 0.8105 -0.0124 0.5092 -0.7414 0.2446 0.5494 0.2976 -0.7438 -0.2125 0.627 0.0922 -0.4367 -0.4012 0.665 -0.4538 -0.7178 -0.1668 0.6725 -0.069 -0.9347 -0.176 -0.2816 0.127 -0.7279 0.0634 0.6325 0.2571 -0.7337 0.0866 0.6505 -0.1765 -0.6766 0.0729 -0.7159 -0.156
-0.7585 0.1997 0.6154 0.0778 -0.2894 0.8105 -0.0124 0.5092 -0.7414 0.2446 0.5494 0.2976 -0.7438 -0.2125 0.627 0.0922 -0.4367 -0.4012 0.665 -0.4538 -0.7178 -0.1668 0.6725 -0.069 -0.9347 -0.176 -0.2816 0.127 -0.7279 0.0634 0.6325 0.2571 -0.7337 0.0866 0.6505 -0.1765 -0.6766 0.0729 -0.7159 -0.156
-0.7598 0.1943 0.6159 0.0744 -0.2894 0.8105 -0.0124 0.5092 -0.7414 0.2446 0.5494 0.2976 -0.7415 -0.1733 0.6448 0.0658 -0.4915 -0.4556 0.6152 -0.4152 -0.7178 -0.1668 0.6725 -0.069 -0.9347 -0.176 -0.2816 0.127 -0.7279 0.0634 0.6325 0.2571 -0.7337 0.0866 0.6505 -0.1765 -0.6766 0.0729 -0.7159 -0.156
-0.7598 0.1943 0.6159 0.0744 -0.2894 0.8105 -0.0124 0.5092 -0.7414 0.2446 0.5494 0.2976 -0.7415 -0.1733 0.6448 0.0658 -0.4915 -0.4556 0.6152 -0.4152 -0.7178 -0.1668 0.6725 -0.069 -0.9347 -0.176 -0.2816 0.127 -0.6955 0.0825 0.6561 0.2811 -0.7337 0.0866 0.6505 -0.1765 -0.6766 0.0729 -0.7159 -0.156
-0.7598 0.1943 0.6159 0.0744 -0.2894 0.8105 -0.0124 0.5092 -0.7414 0.2446 0.5494 0.2976 -0.7415 -0.1733 0.6448 0.0658 -0.4915 -0.4556 0.6152 -0.4152 -0.7178 -0.1668 0.6725 -0.069 -0.9347 -0.176 -0.2816 0.127 -0.6955 0.0825 0.6561 0.2811 -0.7337 0.0866 0.6505 -0.1765 -0.9372 0.084 -0.3227 -0.1025
-0.7598 0.1943 0.6159 0.0744 -0.2894 0.8105 -0.0124 0.5092 -0.7414 0.2446 0.5494 0.2976 -0.7415 -0.1733 0.6448 0.0658 -0.4915 -0.4556 0.6152 -0.4152 -0.7178 -0.1668 0.6725 -0.069 -0.9347 -0.176 -0.2816 0.127 -0.6955 0.0825 0.6561 0.2811 -0.7337 0.0866 0.6505 -0.1765 -0.9372 0.084 -0.3227 -0.1025
-0.7598 0.1943 0.6159 0.0744 -0.2964 0.7899 0.0065 0.5367 -0.7414 0.2446 0.5494 0.2976 -0.7415 -0.1733 0.6448 0.0658 -0.4915 -0.4556 0.6152 -0.4152 -0.7178 -0.1668 0.6725 -0.069 -0.9359 -0.1693 -0.2791 0.1324 -0.6955 0.0825 0.6561 0.2811 -0.6697 0.0224 0.7285 0.142 -0.9372 0.084 -0.3227 -0.1025
-0.7598 0.1943 0.6159 0.0744 -0.2964 0.7899 0.0065 0.5367 -0.7414 0.2446 0.5494 0.2976 -0.7415 -0.1733 0.6448 0.0658 -0.4915 -0.4556 0.6152 -0.4152 -0.7178 -0.1668 0.6725 -0.069 -0.9359 -0.1693 -0.2791 0.1324 -0.6955 0.0825 0.6561 0.2811 -0.6697 0.0224 0.7285 0.142 -0.9372 0.084 -0.3227 -0.1025
-0.7598 0.1943 0.6159 0.0744 -0.2964 0.7899 0.0065 0.5367 -0.7414 0.2446 0.5494 0.2976 -0.7415 -0.1733 0.6448 0.0658 -0.4915 -0.4556 0.6152 -0.4152 -0.7178 -0.1668 0.6725 -0.069 -0.9359 -0.1693 -0.2791 0.1324 -0.6955 0.0825 0.6561 0.2811 -0.6697 0.0224 0.7285 0.142 -0.9372 0.084 -0.3227 -0.1025
-0.7682 0.1771 0.6082 0.0928 -0.2964 0.7899 0.0065 0.5367 -0.7414 0.2446 0.5494 0.2976 -0.7381 -0.1306 0.662 0.0031 -0.4915 -0.4556 0.6152 -0.4152 -0.7178 -0.1668 0.6725 -0.069 -0.9359 -0.1693 -0.2791 0.1324 -0.6955 0.0825 0.6561 0.2811 -0.6697 0.0224 0.7285 0.142 -0.9372 0.084 -0.3227 -0.1025
-0.7682 0.1771 0.6082 0.0928 -0.2964 0.7899 0.0065 0.5367 -0.7414 0.2446 0.5494 0.2976 -0.7381 -0.1306 0.662 0.0031 -0.4915 -0.4556 0.6152 -0.4152 -0.7178 -0.1668 0.6725 -0.069 -0.9359 -0.1693 -0.2791 0.1324 -0.6955 0.0825 0.6561 0.2811 -0.6697 0.0224 0.7285 0.142 -0.9372 0.084 -0.3227 -0.1025
-0.7682 0.1771 0.6082 0.0928 -0.2964 0.7899 0.0065 0.5367 -0.7414 0.2446 0.5494 0.2976 -0.7381 -0.1306 0.662 0.0031 -0.4915 -0.4556 0.6152 -0.4152 -0.7551 -0.1879 0.6281 -0.0021 -0.9359 -0.1693 -0.2791 0.1324 -0.6693 0.1581 0.6599 0.3027 -0.6697 0.0224 0.7285 0.142 -0.9653 0.0319 -0.259 0.011
-0.7682 0.1771 0.6082 0.0928 -0.2964 0.7899 0.0065 0.5367 -0.7414 0.2446 0.5494 0.2976 -0.7381 -0.1306 0.662 0.0031 -0.4915 -0.4556 0.6152 -0.4152 -0.7551 -0.1879 0.6281 -0.0021 -0.9359 -0.1693 -0.2791 0.1324 -0.6693 0.1581 0.6599 0.3027 -0.6697 0.0224 0.7285 0.142 -0.9653 0.0319 -0.259 0.011
-0.7682 0.1771 0.6082 0.0928 -0.2776 0.7577 -0.0027 0.5906 -0.7414 0.2446 0.5494 0.2976 -0.7381 -0.1306 0.662 0.0031 -0.4915 -0.4556 0.6152 -0.4152 -0.7551 -0.1879 0.6281 -0.0021 -0.92 -0.1776 -0.3141 0.153 -0.6693 0.1581 0.6599 0.3027 -0.6616 0.0765 0.7265 0.1694 -0.9653 0.0319 -0.259 0.011
-0.7682 0.1771 0.6082 0.0928 -0.2776 0.7577 -0.0027 0.5906 -0.706 0.2819 0.574 0.3044 -0.7381 -0.1306 0.662 0.0031 -0.4915 -0.4556 0.6152 -0.4152 -0.7551 -0.1879 0.6281 -0.0021 -0.92 -0.1776 -0.3141 0.153 -0.6693 0.1581 0.6599 0.3027 -0.6616 0.0765 0.7265 0.1694 -0.9653 0.0319 -0.259 0.011
-0.7682 0.1771 0.6082 0.0928 -0.2776 0.7577 -0.0027 0.5906 -0.706 0.2819 0.574 0.3044 -0.7381 -0.1306 0.662 0.0031 -0.4915 -0.4556 0.6152 -0.4152 -0.7551 -0.1879 0.6281 -0.0021 -0.92 -0.1776 -0.3141 0.153 -0.6693 0.1581 0.6599 0.3027 -0.6616 0.0765 0.7265 0.1694 -0.9653 0.0319 -0.259 0.011
-0.7643 0.2039 0.5944 0.1448 -0.2776 0.7577 -0.0027 0.5906 -0.706 0.2819 0.574 0.3044 -0.7422 -0.0734 0.666 -0.0168 -0.5005 -0.437 0.61 -0.4317 -0.7551 -0.1879 0.6281 -0.0021 -0.92 -0.1776 -0.3141 0.153 -0.6693 0.1581 0.6599 0.3027 -0.6616 0.0765 0.7265 0.1694 -0.9653 0.0319 -0.259 0.011
-0.7643 0.2039 0.5944 0.1448 -0.2776 0.7577 -0.0027 0.5906 -0.706 0.2819 0.574 0.3044 -0.7422 -0.0734 0.666 -0.0168 -0.5005 -0.437 0.61 -0.4317 -0.7551 -0.1879 0.6281 -0.0021 -0.92 -0.1776 -0.3141 0.153 -0.6783 0.1401 0.6626 0.2851 -0.6616 0.0765 0.7265 0.1694 -0.9653 0.0319 -0.259 0.011
-0.7643 0.2039 0.5944 0.1448 -0.2776 0.7577 -0.0027 0.5906 -0.706 0.2819 0.574 0.3044 -0.7422 -0.0734 0.666 -0.0168 -0.5005 -0.437 0.61 -0.4317 -0.7551 -0.1879 0.6281 -0.0021 -0.92 -0.1776 -0.3141 0.153 -0.6783 0.1401 0.6626 0.2851 -0.6616 0.0765 0.7265 0.1694 -0.9653 0.0319 -0.259 0.011
-0.7643 0.2039 0.5944 0.1448 -0.2776 0.7577 -0.0027 0.5906 -0.706 0.2819 0.574 0.3044 -0.7422 -0.0734 0.666 -0.0168 -0.5005 -0.437 0.61 -0.4317 -0.7551 -0.1879 0.6281 -0.0021 -0.92 -0.1776 -0.3141 0.153 -0.6783 0.1401 0.6626 0.2851 -0.6616 0.0765 0.7265 0.1694 -0.9653 0.0319 -0.259 0.011
-0.7643 0.2039 0.5944 0.1448 -0.2312 0.7352 -0.0392 0.6359 -0.706 0.2819 0.574 0.3044 -0.7422 -0.0734 0.666 -0.0168 -0.5005 -0.437 0.61 -0.4317 -0.7551 -0.1879 0.6281 -0.0021 -0.7742 -0.1992 -0.5732 0.1799 -0.6783 0.1401 0.6626 0.2851 -0.6654 0.1179 0.7238 0.1392 -0.9653 0.0319 -0.259 0.011
-0.7643 0.2039 0.5944 0.1448 -0.2312 0.7352 -0.0392 0.6359 -0.706 0.2819 0.574 0.3044 -0.7422 -0.0734 0.666 -0.0168 -0.5005 -0.437 0.61 -0.4317 -0.7551 -0.1879 0.6281 -0.0021 -0.7742 -0.1992 -0.5732 0.1799 -0.6783 0.1401 0.6626 0.2851 -0.6654 0.1179 0.7238 0.1392 -0.9653 0.0319 -0.259 0.011
-0.7625 0.2262 0.5737 0.1959 -0.2312 0.7352 -0.0392 0.6359 -0.6744 0.2813 0.5861 0.3502 -0.7435 -0.0714 0.6642 0.0295 -0.4553 -0.337 0.6409 -0.5179 -0.7551 -0.1879 0.6281 -0.0021 -0.7742 -0.1992 -0.5732 0.1799 -0.6783 0.1401 0.6626 0.2851 -0.6654 0.1179 0.7238 0.1392 -0.9653 0.0319 -0.259 0.011
-0.7625 0.2262 0.5737 0.1959 -0.2312 0.7352 -0.0392 0.6359 -0.6744 0.2813 0.5861 0.3502 -0.7435 -0.0714 0.6642 0.0295 -0.4553 -0.337 0.6409 -0.5179 -0.7551 -0.1879 0.6281 -0.0021 -0.7742 -0.1992 -0.5732 0.1799 -0.6783 0.1401 0.6626 0.2851 -0.6654 0.1179 0.7238 0.1392 -0.9653 0.0319 -0.259 0.011
-0.7625 0.2262 0.5737 0.1959 -0.2312 0.7352 -0.0392 0.6359 -0.6744 0.2813 0.5861 0.3502 -0.7435 -0.0714 0.6642 0.0295 -0.4553 -0.337 0.6409 -0.5179 -0.7551 -0.1879 0.6281 -0.0021 -0.7742 -0.1992 -0.5732 0.1799 -0.678 0.173 0.6703 0.2472 -0.6654 0.1179 0.7238 0.1392 -0.9653 0.0319 -0.259 0.011
-0.7625 0.2262 0.5737 0.1959 -0.2312 0.7352 -0.0392 0.6359 -0.6744 0.2813 0.5861 0.3502 -0.7435 -0.0714 0.6642 0.0295 -0.4553 -0.337 0.6409 -0.5179 -0.8234 -0.2617 0.4753 0.1663 -0.7742 -0.1992 -0.5732 0.1799 -0.678 0.173 0.6703 0.2472 -0.6654 0.1179 0.7238 0.1392 -0.9653 0.0319 -0.259 0.011
-0.7625 0.2262 0.5737 0.1959 -0.2312 0.7352 -0.0392 0.6359 -0.6744 0.2813 0.5861 0.3502 -0.7435 -0.0714 0.6642 0.0295 -0.4553 -0.337 0.6409 -0.5179 -0.8234 -0.2617 0.4753 0.1663 -0.7742 -0.1992 -0.5732 0.1799 -0.678 0.173 0.6703 0.2472 -0.6654 0.1179 0.7238 0.1392 -0.9653 0.0319 -0.259 0.011
-0.7625 0.2262 0.5737 0.1959 -0.2075 0.7291 -0.0787 0.6474 -0.6744 0.2813 0.5861 0.3502 -0.7435 -0.0714 0.6642 0.0295 -0.4553 -0.337 0.6409 -0.5179 -0.8234 -0.2617 0.4753 0.1663 -0.6335 -0.2095 -0.6864 0.2892 -0.678 0.173 0.6703 0.2472 -0.6707 0.1236 0.7223 0.115 -0.9653 0.0319 -0.259 0.011
-0.7625 0.2262 0.5737 0.1959 -0.2075 0.7291 -0.0787 0.6474 -0.6493 0.2887 0.5582 0.4284 -0.7435 -0.0714 0.6642 0.0295 -0.4553 -0.337 0.6409 -0.5179 -0.8234 -0.2617 0.4753 0.1663 -0.6335 -0.2095 -0.6864 0.2892 -0.678 0.173 0.6703 0.2472 -0.6707 0.1236 0.7223 0.115 -0.9653 0.0319 -0.259 0.011
-0.7625 0.2262 0.5737 0.1959 -0.2075 0.7291 -0.0787 0.6474 -0.6493 0.2887 0.5582 0.4284 -0.7435 -0.0714 0.6642 0.0295 -0.4553 -0.337 0.6409 -0.5179 -0.8234 -0.2617 0.4753 0.1663 -0.6335 -0.2095 -0.6864 0.2892 -0.678 0.173 0.6703 0.2472 -0.6707 0.1236 0.7223 0.115 -0.9653 0.0319 -0.259 0.011
-0.7562 0.2563 0.5572 0.2279 -0.2075 0.7291 -0.0787 0.6474 -0.6493 0.2887 0.5582 0.4284 -0.7478 -0.0844 0.6458 0.129 -0.4039 -0.2156 0.7071 -0.5388 -0.8234 -0.2617 0.4753 0.1663 -0.6335 -0.2095 -0.6864 0.2892 -0.678 0.173 0.6703 0.2472 -0.6707 0.1236 0.7223 0.115 -0.9653 0.0319 -0.259 0.011
-0.7562 0.2563 0.5572 0.2279 -0.2075 0.7291 -0.0787 0.6474 -0.6493 0.2887 0.5582 0.4284 -0.7478 -0.0844 0.6458 0.129 -0.4039 -0.2156 0.7071 -0.5388 -0.8234 -0.2617 0.4753 0.1663 -0.6335 -0.2095 -0.6864 0.2892 -0.6758 0.202 0.6804 0.1992 -0.6707 0.1236 0.7223 0.115 -0.9653 0.0319 -0.259 0.011
-0.7562 0.2563 0.5572 0.2279 -0.2075 0.7291 -0.0787 0.6474 -0.6493 0.2887 0.5582 0.4284 -0.7478 -0.0844 0.6458 0.129 -0.4039 -0.2156 0.7071 -0.5388 -0.8239 -0.2455 0.4678 0.2051 -0.6335 -0.2095 -0.6864 0.2892 -0.6758 0.202 0.6804 0.1992 -0.6707 0.1236 0.7223 0.115 -0.9544 0.0628 -0.2911 0.0204
-0.7562 0.2563 0.5572 0.2279 -0.2075 0.7291 -0.0787 0.6474 -0.6493 0.2887 0.5582 0.4284 -0.7478 -0.0844 0.6458 0.129 -0.4039 -0.2156 0.7071 -0.5388 -0.8239 -0.2455 0.4678 0.2051 -0.6335 -0.2095 -0.6864 0.2892 -0.6758 0.202 0.6804 0.1992 -0.6707 0.1236 0.7223 0.115 -0.9544 0.0628 -0.2911 0.0204
-0.7562 0.2563 0.5572 0.2279 -0.1904 0.7353 -0.0974 0.6432 -0.6493 0.2887 0.5582 0.4284 -0.7478 -0.0844 0.6458 0.129 -0.4039 -0.2156 0.7071 -0.5388 -0.8239 -0.2455 0.4678 0.2051 -0.6698 -0.1969 -0.6465 0.3076 -0.6758 0.202 0.6804 0.1992 -0.6774 0.1183 0.7195 0.0977 -0.9544 0.0628 -0.2911 0.0204
-0.7562 0.2563 0.5572 0.2279 -0.1904 0.7353 -0.0974 0.6432 -0.6493 0.2887 0.5582 0.4284 -0.7478 -0.0844 0.6458 0.129 -0.4039 -0.2156 0.7071 -0.5388 -0.8239 -0.2455 0.4678 0.2051 -0.6698 -0.1969 -0.6465 0.3076 -0.6758 0.202 0.6804 0.1992 -0.6774 0.1183 0.7195 0.0977 -0.9544 0.0628 -0.2911 0.0204
-0.7484 0.2648 0.5568 0.2444 -0.1904 0.7353 -0.0974 0.6432 -0.651 0.2354 0.5545 0.4619 -0.7478 -0.0844 0.6458 0.129 -0.3355 -0.1444 0.7095 -0.6026 -0.8239 -0.2455 0.4678 0.2051 -0.6698 -0.1969 -0.6465 0.3076 -0.6758 0.202 0.6804 0.1992 -0.6774 0.1183 0.7195 0.0977 -0.9544 0.0628 -0.2911 0.0204
-0.7484 0.2648 0.5568 0.2444 -0.1904 0.7353 -0.0974 0.6432 -0.651 0.2354 0.5545 0.4619 -0.7408 -0.1755 0.626 0.1692 -0.3355 -0.1444 0.7095 -0.6026 -0.8239 -0.2455 0.4678 0.2051 -0.6698 -0.1969 -0.6465 0.3076 -0.6758 0.202 0.6804 0.1992 -0.6774 0.1183 0.7195 0.0977 -0.9544 0.0628 -0.2911 0.0204
-0.7484 0.2648 0.5568 0.2444 -0.1904 0.7353 -0.0974 0.6432 -0.651 0.2354 0.5545 0.4619 -0.7408 -0.1755 0.626 0.1692 -0.3355 -0.1444 0.7095 -0.6026 -0.8239 -0.2455 0.4678 0.2051 -0.6698 -0.1969 -0.6465 0.3076 -0.6634 0.2406 0.6882 0.1687 -0.6774 0.1183 0.7195 0.0977 -0.9544 0.0628 -0.2911 0.0204
-0.7484 0.2648 0.5568 0.2444 -0.1904 0.7353 -0.0974 0.6432 -0.651 0.2354 0.5545 0.4619 -0.7408 -0.1755 0.626 0.1692 -0.3355 -0.1444 0.7095 -0.6026 -0.8239 -0.2455 0.4678 0.2051 -0.6698 -0.1969 -0.6465 0.3076 -0.6634 0.2406 0.6882 0.1687 -0.6774 0.1183 0.7195 0.0977 -0.9531 0.0557 -0.2971 0.0156
-0.7484 0.2648 0.5568 0.2444 -0.1904 0.7353 -0.0974 0.6432 -0.651 0.2354 0.5545 0.4619 -0.7408 -0.1755 0.626 0.1692 -0.3355 -0.1444 0.7095 -0.6026 -0.8239 -0.2455 0.4678 0.2051 -0.6698 -0.1969 -0.6465 0.3076 -0.6634 0.2406 0.6882 0.1687 -0.6774 0.1183 0.7195 0.0977 -0.9531 0.0557 -0.2971 0.0156
-0.7484 0.2648 0.5568 0.2444 -0.1953 0.7396 -0.0822 0.6389 -0.651 0.2354 0.5545 0.4619 -0.7408 -0.1755 0.626 0.1692 -0.3355 -0.1444 0.7095 -0.6026 -0.8239 -0.2455 0.4678 0.2051 -0.8108 -0.2635 -0.4824 0.2014 -0.6634 0.2406 0.6882 0.1687 -0.6809 0.1416 0.713 0.0889 -0.9531 0.0557 -0.2971 0.0156
-0.7484 0.2648 0.5568 0.2444 -0.1953 0.7396 -0.0822 0.6389 -0.651 0.2354 0.5545 0.4619 -0.7408 -0.1755 0.626 0.1692 -0.3355 -0.1444 0.7095 -0.6026 -0.8239 -0.2455 0.4678 0.2051 -0.8108 -0.2635 -0.4824 0.2014 -0.6634 0.2406 0.6882 0.1687 -0.6809 0.1416 0.713 0.0889 -0.9531 0.0557 -0.2971 0.0156
-0.7484 0.2648 0.5568 0.2444 -0.1953 0.7396 -0.0822 0.6389 -0.651 0.2354 0.5545 0.4619 -0.7408 -0.1755 0.626 0.1692 -0.3355 -0.1444 0.7095 -0.6026 -0.8239 -0.2455 0.4678 0.2051 -0.8108 -0.2635 -0.4824 0.2014 -0.6634 0.2406 0.6882 0.1687 -0.6809 0.1416 0.713 0.0889 -0.9531 0.0557 -0.2971 0.0156
-0.7416 0.2572 0.5726 0.2366 -0.1953 0.7396 -0.0822 0.6389 -0.6508 0.222 0.5549 0.4684 -0.7238 -0.2233 0.6229 0.1957 -0.3309 -0.1847 0.7079 -0.5961 -0.8239 -0.2455 0.4678 0.2051 -0.8108 -0.2635 -0.4824 0.2014 -0.6634 0.2406 0.6882 0.1687 -0.6809 0.1416 0.713 0.0889 -0.9531 0.0557 -0.2971 0.0156
-0.7416 0.2572 0.5726 0.2366 -0.1953 0.7396 -0.0822 0.6389 -0.6508 0.222 0.5549 0.4684 -0.7238 -0.2233 0.6229 0.1957 -0.3309 -0.1847 0.7079 -0.5961 -0.8239 -0.2455 0.4678 0.2051 -0.8108 -0.2635 -0.4824 0.2014 -0.6634 0.2406 0.6882 0.1687 -0.6809 0.1416 0.713 0.0889 -0.9531 0.0557 -0.2971 0.0156
-0.7416 0.2572 0.5726 0.2366 -0.1953 0.7396 -0.0822 0.6389 -0.6508 0.222 0.5549 0.4684 -0.7238 -0.2233 0.6229 0.1957 -0.3309 -0.1847 0.7079 -0.5961 -0.8239 -0.2455 0.4678 0.2051 -0.8108 -0.2635 -0.4824 0.2014 -0.6634 0.2406 0.6882 0.1687 -0.6809 0.1416 0.713 0.0889 -0.9531 0.0557 -0.2971 0.0156
-0.7416 0.2572 0.5726 0.2366 -0.1953 0.7396 -0.0822 0.6389 -0.6508 0.222 0.5549 0.4684 -0.7238 -0.2233 0.6229 0.1957 -0.3309 -0.1847 0.7079 -0.5961 -0.8239 -0.2455 0.4678 0.2051 -0.8108 -0.2635 -0.4824 0.2014 -0.6634 0.2406 0.6882 0.1687 -0.6809 0.1416 0.713 0.0889 -0.9531 0.0557 -0.2971 0.0156
-0.7416 0.2572 0.5726 0.2366 -0.1832 0.7462 -0.0671 0.6365 -0.6508 0.222 0.5549 0.4684 -0.7238 -0.2233 0.6229 0.1957 -0.3309 -0.1847 0.7079 -0.5961 -0.8239 -0.2455 0.4678 0.2051 -0.9251 -0.2885 -0.2394 0.0599 -0.6634 0.2406 0.6882 0.1687 -0.697 0.1646 0.6957 0.0561 -0.9531 0.0557 -0.2971 0.0156
-0.7416 0.2572 0.5726 0.2366 -0.1832 0.7462 -0.0671 0.6365 -0.6508 0.222 0.5549 0.4684 -0.7238 -0.2233 0.6229 0.1957 -0.3309 -0.1847 0.7079 -0.5961 -0.8239 -0.2455 0.4678 0.2051 -0.9251 -0.2885 -0.2394 0.0599 -0.6634 0.2406 0.6882 0.1687 -0.697 0.1646 0.6957 0.0561 -0.9531 0.0557 -0.2971 0.0156
-0.7329 0.2522 0.5885 0.2299 -0.1832 0.7462 -0.0671 0.6365 -0.6564 0.24 0.5493 0.4581 -0.7238 -0.2233 0.6229 0.1957 -0.4146 -0.2853 0.6989 -0.5082 -0.8239 -0.2455 0.4678 0.2051 -0.9251 -0.2885 -0.2394 0.0599 -0.6634 0.2406 0.6882 0.1687 -0.697 0.1646 0.6957 0.0561 -0.9531 0.0557 -0.2971 0.0156
-0.7329 0.2522 0.5885 0.2299 -0.1832 0.7462 -0.0671 0.6365 -0.6564 0.24 0.5493 0.4581 -0.7177 -0.1904 0.6392 0.2005 -0.4146 -0.2853 0.6989 -0.5082 -0.8239 -0.2455 0.4678 0.2051 -0.9251 -0.2885 -0.2394 0.0599 -0.6634 0.2406 0.6882 0.1687 -0.697 0.1646 0.6957 0.0561 -0.9531 0.0557 -0.2971 0.0156
-0.7329 0.2522 0.5885 0.2299 -0.1832 0.7462 -0.0671 0.6365 -0.6564 0.24 0.5493 0.4581 -0.7177 -0.1904 0.6392 0.2005 -0.4146 -0.2853 0.6989 -0.5082 -0.8239 -0.2455 0.4678 0.2051 -0.9251 -0.2885 -0.2394 0.0599 -0.6755 0.2437 0.6903 0.0886 -0.697 0.1646 0.6957 0.0561 -0.9531 0.0557 -0.2971 0.0156
-0.7329 0.2522 0.5885 0.2299 -0.1832 0.7462 -0.0671 0.6365 -0.6564 0.24 0.5493 0.4581 -0.7177 -0.1904 0.6392 0.2005 -0.4146 -0.2853 0.6989 -0.5082 -0.6693 -0.0259 0.7338 -0.1133 -0.9251 -0.2885 -0.2394 0.0599 -0.6755 0.2437 0.6903 0.0886 -0.697 0.1646 0.6957 0.0561 -0.9457 0.05 -0.321 0.0029
-0.7329 0.2522 0.5885 0.2299 -0.1832 0.7462 -0.0671 0.6365 -0.6564 0.24 0.5493 0.4581 -0.7177 -0.1904 0.6392 0.2005 -0.4146 -0.2853 0.6989 -0.5082 -0.6693 -0.0259 0.7338 -0.1133 -0.9251 -0.2885 -0.2394 0.0599 -0.6755 0.2437 0.6903 0.0886 -0.697 0.1646 0.6957 0.0561 -0.9457 0.05 -0.321 0.0029
-0.7329 0.2522 0.5885 0.2299 -0.1883 0.7489 -0.0388 0.6342 -0.6564 0.24 0.5493 0.4581 -0.7177 -0.1904 0.6392 0.2005 -0.4146 -0.2853 0.6989 -0.5082 -0.6693 -0.0259 0.7338 -0.1133 -0.9395 -0.1773 -0.2759 0.0987 -0.6755 0.2437 0.6903 0.0886 -0.7234 0.2053 0.6592 0.0058 -0.9457 0.05 -0.321 0.0029
-0.7329 0.2522 0.5885 0.2299 -0.1883 0.7489 -0.0388 0.6342 -0.6564 0.24 0.5493 0.4581 -0.7177 -0.1904 0.6392 0.2005 -0.4146 -0.2853 0.6989 -0.5082 -0.6693 -0.0259 0.7338 -0.1133 -0.9395 -0.1773 -0.2759 0.0987 -0.6755 0.2437 0.6903 0.0886 -0.7234 0.2053 0.6592 0.0058 -0.9457 0.05 -0.321 0.0029
-0.7277 0.2542 0.6063 0.1958 -0.1883 0.7489 -0.0388 0.6342 -0.6716 0.2472 0.5568 0.4216 -0.7177 -0.1904 0.6392 0.2005 -0.3895 -0.3582 0.686 -0.4993 -0.6693 -0.0259 0.7338 -0.1133 -0.9395 -0.1773 -0.2759 0.0987 -0.6755 0.2437 0.6903 0.0886 -0.7234 0.2053 0.6592 0.0058 -0.9457 0.05 -0.321 0.0029
-0.7277 0.2542 0.6063 0.1958 -0.1883 0.7489 -0.0388 0.6342 -0.6716 0.2472 0.5568 0.4216 -0.7376 -0.1094 0.6523 0.1359 -0.3895 -0.3582 0.686 -0.4993 -0.6693 -0.0259 0.7338 -0.1133 -0.9395 -0.1773 -0.2759 0.0987 -0.6755 0.2437 0.6903 0.0886 -0.7234 0.2053 0.6592 0.0058 -0.9457 0.05 -0.321 0.0029
-0.7277 0.2542 0.6063 0.1958 -0.1883 0.7489 -0.0388 0.6342 -0.6716 0.2472 0.5568 0.4216 -0.7376 -0.1094 0.6523 0.1359 -0.3895 -0.3582 0.686 -0.4993 -0.6693 -0.0259 0.7338 -0.1133 -0.9395 -0.1773 -0.2759 0.0987 -0.6755 0.2437 0.6903 0.0886 -0.7234 0.2053 0.6592 0.0058 -0.9457 0.05 -0.321 0.0029
-0.7277 0.2542 0.6063 0.1958 -0.1883 0.7489 -0.0388 0.6342 -0.6716 0.2472 0.5568 0.4216 -0.7376 -0.1094 0.6523 0.1359 -0.3895 -0.3582 0.686 -0.4993 -0.6782 -0.1599 0.6929 -0.1855 -0.9395 -0.1773 -0.2759 0.0987 -0.6828 0.22 0.6873 0.1141 -0.7234 0.2053 0.6592 0.0058 -0.8992 0.0759 -0.4308 7.0E-4
-0.7277 0.2542 0.6063 0.1958 -0.1883 0.7489 -0.0388 0.6342 -0.6716 0.2472 0.5568 0.4216 -0.7376 -0.1094 0.6523 0.1359 -0.3895 -0.3582 0.686 -0.4993 -0.6782 -0.1599 0.6929 -0.1855 -0.9395 -0.1773 -0.2759 0.0987 -0.6828 0.22 0.6873 0.1141 -0.7234 0.2053 0.6592 0.0058 -0.8992 0.0759 -0.4308 7.0E-4
-0.7277 0.2542 0.6063 0.1958 -0.1883 0.7489 -0.0388 0.6342 -0.6716 0.2472 0.5568 0.4216 -0.7376 -0.1094 0.6523 0.1359 -0.3895 -0.3582 0.686 -0.4993 -0.6782 -0.1599 0.6929 -0.1855 -0.9395 -0.1773 -0.2759 0.0987 -0.6828 0.22 0.6873 0.1141 -0.7234 0.2053 0.6592 0.0058 -0.8992 0.0759 -0.4308 7.0E-4
-0.7277 0.2542 0.6063 0.1958 -0.1883 0.7489 -0.0388 0.6342 -0.6716 0.2472 0.5568 0.4216 -0.7376 -0.1094 0.6523 0.1359 -0.3895 -0.3582 0.686 -0.4993 -0.6782 -0.1599 0.6929 -0.1855 -0.9395 -0.1773 -0.2759 0.0987 -0.6828 0.22 0.6873 0.1141 -0.7234 0.2053 0.6592 0.0058 -0.8992 0.0759 -0.4308 7.0E-4
-0.7277 0.2542 0.6063 0.1958 -0.1883 0.7489 -0.0388 0.6342 -0.6843 0.2801 0.5546 0.3818 -0.7376 -0.1094 0.6523 0.1359 -0.4231 -0.3898 0.6712 -0.4675 -0.6782 -0.1599 0.6929 -0.1855 -0.939 -0.1721 -0.2828 0.093 -0.6828 0.22 0.6873 0.1141 -0.7234 0.2053 0.6592 0.0058 -0.8992 0.0759 -0.4308 7.0E-4
-0.735 0.2446 0.6129 0.1559 -0.1883 0.7489 -0.0388 0.6342 -0.6843 0.2801 0.5546 0.3818 -0.749 -0.0707 0.6536 0.0829 -0.4231 -0.3898 0.6712 -0.4675 -0.6782 -0.1599 0.6929 -0.1855 -0.939 -0.1721 -0.2828 0.093 -0.6828 0.22 0.6873 0.1141 -0.7234 0.2053 0.6592 0.0058 -0.8992 0.0759 -0.4308 7.0E-4
-0.735 0.2446 0.6129 0.1559 -0.1883 0.7489 -0.0388 0.6342 -0.6843 0.2801 0.5546 0.3818 -0.749 -0.0707 0.6536 0.0829 -0.4231 -0.3898 0.6712 -0.4675 -0.6782 -0.1599 0.6929 -0.1855 -0.939 -0.1721 -0.2828 0.093 -0.6828 0.22 0.6873 0.1141 -0.7234 0.2053 0.6592 0.0058 -0.8992 0.0759 -0.4308 7.0E-4
-0.735 0.2446 0.6129 0.1559 -0.1883 0.7489 -0.0388 0.6342 -0.6843 0.2801 0.5546 0.3818 -0.749 -0.0707 0.6536 0.0829 -0.4231 -0.3898 0.6712 -0.4675 -0.6951 -0.142 0.6929 -0.129 -0.939 -0.1721 -0.2828 0.093 -0.7306 0.1111 0.6569 0.1498 -0.7234 0.2053 0.6592 0.0058 -0.785 0.1083 -0.6085 -0.0422
-0.735 0.2446 0.6129 0.1559 -0.1883 0.7489 -0.0388 0.6342 -0.6843 0.2801 0.5546 0.3818 -0.749 -0.0707 0.6536 0.0829 -0.4231 -0.3898 0.6712 -0.4675 -0.6951 -0.142 0.6929 -0.129 -0.939 -0.1721 -0.2828 0.093 -0.7306 0.1111 0.6569 0.1498 -0.7234 0.2053 0.6592 0.0058 -0.785 0.1083 -0.6085 -0.0422
-0.735 0.2446 0.6129 0.1559 -0.2495 0.7682 -0.0344 0.5886 -0.6843 0.2801 0.5546 0.3818 -0.749 -0.0707 0.6536 0.0829 -0.4231 -0.3898 0.6712 -0.4675 -0.6951 -0.142 0.6929 -0.129 -0.9358 -0.1816 -0.2897 0.0858 -0.7306 0.1111 0.6569 0.1498 -0.7341 0.2978 0.575 -0.2043 -0.785 0.1083 -0.6085 -0.0422
-0.735 0.2446 0.6129 0.1559 -0.2495 0.7682 -0.0344 0.5886 -0.6843 0.2801 0.5546 0.3818 -0.749 -0.0707 0.6536 0.0829 -0.4231 -0.3898 0.6712 -0.4675 -0.6951 -0.142 0.6929 -0.129 -0.9358 -0.1816 -0.2897 0.0858 -0.7306 0.1111 0.6569 0.1498 -0.7341 0.2978 0.575 -0.2043 -0.785 0.1083 -0.6085 -0.0422
-0.7578 0.2247 0.6026 0.1103 -0.2495 0.7682 -0.0344 0.5886 -0.7371 0.2496 0.5446 0.3128 -0.749 -0.0707 0.6536 0.0829 -0.4371 -0.4089 0.6582 -0.4566 -0.6951 -0.142 0.6929 -0.129 -0.9358 -0.1816 -0.2897 0.0858 -0.7306 0.1111 0.6569 0.1498 -0.7341 0.2978 0.575 -0.2043 -0.785 0.1083 -0.6085 -0.0422
-0.7578 0.2247 0.6026 0.1103 -0.2495 0.7682 -0.0344 0.5886 -0.7371 0.2496 0.5446 0.3128 -0.7542 -0.1322 0.6425 0.0309 -0.4371 -0.4089 0.6582 -0.4566 -0.6951 -0.142 0.6929 -0.129 -0.9358 -0.1816 -0.2897 0.0858 -0.7306 0.1111 0.6569 0.1498 -0.7341 0.2978 0.575 -0.2043 -0.785 0.1083 -0.6085 -0.0422
-0.7578 0.2247 0.6026 0.1103 -0.2495 0.7682 -0.0344 0.5886 -0.7371 0.2496 0.5446 0.3128 -0.7542 -0.1322 0.6425 0.0309 -0.4371 -0.4089 0.6582 -0.4566 -0.6951 -0.142 0.6929 -0.129 -0.9358 -0.1816 -0.2897 0.0858 -0.7306 0.1111 0.6569 0.1498 -0.7341 0.2978 0.575 -0.2043 -0.785 0.1083 -0.6085 -0.0422
-0.7578 0.2247 0.6026 0.1103 -0.2495 0.7682 -0.0344 0.5886 -0.7371 0.2496 0.5446 0.3128 -0.7542 -0.1322 0.6425 0.0309 -0.4371 -0.4089 0.6582 -0.4566 -0.705 -0.1515 0.6854 -0.101 -0.9358 -0.1816 -0.2897 0.0858 -0.7419 0.0602 0.631 0.2187 -0.7341 0.2978 0.575 -0.2043 -0.7929 0.0607 -0.5851 -0.1588
-0.7578 0.2247 0.6026 0.1103 -0.2495 0.7682 -0.0344 0.5886 -0.7371 0.2496 0.5446 0.3128 -0.7542 -0.1322 0.6425 0.0309 -0.4371 -0.4089 0.6582 -0.4566 -0.705 -0.1515 0.6854 -0.101 -0.9358 -0.1816 -0.2897 0.0858 -0.7419 0.0602 0.631 0.2187 -0.7341 0.2978 0.575 -0.2043 -0.7929 0.0607 -0.5851 -0.1588
-0.7578 0.2247 0.6026 0.1103 -0.2495 0.7682 -0.0344 0.5886 -0.7371 0.2496 0.5446 0.3128 -0.7542 -0.1322 0.6425 0.0309 -0.4371 -0.4089 0.6582 -0.4566 -0.705 -0.1515 0.6854 -0.101 -0.9358 -0.1816 -0.2897 0.0858 -0.7419 0.0602 0.631 0.2187 -0.7341 0.2978 0.575 -0.2043 -0.7929 0.0607 -0.5851 -0.1588
-0.7578 0.2247 0.6026 0.1103 -0.2495 0.7682 -0.0344 0.5886 -0.7643 0.2501 0.5325 0.264 -0.7542 -0.1322 0.6425 0.0309 -0.4371 -0.4089 0.6582 -0.4566 -0.705 -0.1515 0.6854 -0.101 -0.9335 -0.1873 -0.2941 0.0844 -0.7419 0.0602 0.631 0.2187 -0.7341 0.2978 0.575 -0.2043 -0.7929 0.0607 -0.5851 -0.1588
-0.7578 0.2247 0.6026 0.1103 -0.2495 0.7682 -0.0344 0.5886 -0.7643 0.2501 0.5325 0.264 -0.7542 -0.1322 0.6425 0.0309 -0.4371 -0.4089 0.6582 -0.4566 -0.705 -0.1515 0.6854 -0.101 -0.9335 -0.1873 -0.2941 0.0844 -0.7419 0.0602 0.631 0.2187 -0.7341 0.2978 0.575 -0.2043 -0.7929 0.0607 -0.5851 -0.1588
-0.7673 0.2084 0.6002 0.087 -0.2495 0.7682 -0.0344 0.5886 -0.7643 0.2501 0.5325 0.264 -0.7581 -0.172 0.629 0.0109 -0.4587 -0.4164 0.6548 -0.4329 -0.705 -0.1515 0.6854 -0.101 -0.9335 -0.1873 -0.2941 0.0844 -0.7419 0.0602 0.631 0.2187 -0.7341 0.2978 0.575 -0.2043 -0.7929 0.0607 -0.5851 -0.1588
-0.7673 0.2084 0.6002 0.087 -0.2495 0.7682 -0.0344 0.5886 -0.7643 0.2501 0.5325 0.264 -0.7581 -0.172 0.629 0.0109 -0.4587 -0.4164 0.6548 -0.4329 -0.705 -0.1515 0.6854 -0.101 -0.9335 -0.1873 -0.2941 0.0844 -0.7149 0.0662 0.6343 0.2866 -0.7341 0.2978 0.575 -0.2043 -0.7929 0.0607 -0.5851 -0.1588
-0.7673 0.2084 0.6002 0.087 -0.2495 0.7682 -0.0344 0.5886 -0.7643 0.2501 0.5325 0.264 -0.7581 -0.172 0.629 0.0109 -0.4587 -0.4164 0.6548 -0.4329 -0.7114 -0.1613 0.678 -0.0909 -0.9335 -0.1873 -0.2941 0.0844 -0.7149 0.0662 0.6343 0.2866 -0.7341 0.2978 0.575 -0.2043 -0.8888 0.0673 -0.4307 -0.1414
-0.7673 0.2084 0.6002 0.087 -0.2495 0.7682 -0.0344 0.5886 -0.7643 0.2501 0.5325 0.264 -0.7581 -0.172 0.629 0.0109 -0.4587 -0.4164 0.6548 -0.4329 -0.7114 -0.1613 0.678 -0.0909 -0.9335 -0.1873 -0.2941 0.0844 -0.7149 0.0662 0.6343 0.2866 -0.7341 0.2978 0.575 -0.2043 -0.8888 0.0673 -0.4307 -0.1414
-0.7673 0.2084 0.6002 0.087 -0.2824 0.7924 -0.0278 0.5401 -0.7643 0.2501 0.5325 0.264 -0.7581 -0.172 0.629 0.0109 -0.4587 -0.4164 0.6548 -0.4329 -0.7114 -0.1613 0.678 -0.0909 -0.9348 -0.1865 -0.2904 0.0842 -0.7149 0.0662 0.6343 0.2866 -0.7057 0.0812 0.7037 0.0105 -0.8888 0.0673 -0.4307 -0.1414
-0.7673 0.2084 0.6002 0.087 -0.2824 0.7924 -0.0278 0.5401 -0.7643 0.2501 0.5325 0.264 -0.7581 -0.172 0.629 0.0109 -0.4587 -0.4164 0.6548 -0.4329 -0.7114 -0.1613 0.678 -0.0909 -0.9348 -0.1865 -0.2904 0.0842 -0.7149 0.0662 0.6343 0.2866 -0.7057 0.0812 0.7037 0.0105 -0.8888 0.0673 -0.4307 -0.1414
-0.7665 0.1949 0.6047 0.0938 -0.2824 0.7924 -0.0278 0.5401 -0.7756 0.2432 0.5262 0.2497 -0.7581 -0.172 0.629 0.0109 -0.4741 -0.4409 0.63 -0.4288 -0.7114 -0.1613 0.678 -0.0909 -0.9348 -0.1865 -0.2904 0.0842 -0.7149 0.0662 0.6343 0.2866 -0.7057 0.0812 0.7037 0.0105 -0.8888 0.0673 -0.4307 -0.1414
-0.7665 0.1949 0.6047 0.0938 -0.2824 0.7924 -0.0278 0.5401 -0.7756 0.2432 0.5262 0.2497 -0.7565 -0.1636 0.633 -0.0145 -0.4741 -0.4409 0.63 -0.4288 -0.7114 -0.1613 0.678 -0.0909 -0.9348 -0.1865 -0.2904 0.0842 -0.7149 0.0662 0.6343 0.2866 -0.7057 0.0812 0.7037 0.0105 -0.8888 0.0673 -0.4307 -0.1414
-0.7665 0.1949 0.6047 0.0938 -0.2824 0.7924 -0.0278 0.5401 -0.7756 0.2432 0.5262 0.2497 -0.7565 -0.1636 0.633 -0.0145 -0.4741 -0.4409 0.63 -0.4288 -0.7114 -0.1613 0.678 -0.0909 -0.9348 -0.1865 -0.2904 0.0842 -0.6848 0.1395 0.6504 0.2977 -0.7057 0.0812 0.7037 0.0105 -0.8888 0.0673 -0.4307 -0.1414
-0.7665 0.1949 0.6047 0.0938 -0.2824 0.7924 -0.0278 0.5401 -0.7756 0.2432 0.5262 0.2497 -0.7565 -0.1636 0.633 -0.0145 -0.4741 -0.4409 0.63 -0.4288 -0.7225 -0.1636 0.668 -0.0706 -0.9348 -0.1865 -0.2904 0.0842 -0.6848 0.1395 0.6504 0.2977 -0.7057 0.0812 0.7037 0.0105 -0.9597 0.0281 -0.2789 0.0177
-0.7665 0.1949 0.6047 0.0938 -0.2824 0.7924 -0.0278 0.5401 -0.7756 0.2432 0.5262 0.2497 -0.7565 -0.1636 0.633 -0.0145 -0.4741 -0.4409 0.63 -0.4288 -0.7225 -0.1636 0.668 -0.0706 -0.9348 -0.1865 -0.2904 0.0842 -0.6848 0.1395 0.6504 0.2977 -0.7057 0.0812 0.7037 0.0105 -0.9597 0.0281 -0.2789 0.0177
-0.7665 0.1949 0.6047 0.0938 -0.2824 0.7924 -0.0278 0.5401 -0.7756 0.2432 0.5262 0.2497 -0.7565 -0.1636 0.633 -0.0145 -0.4741 -0.4409 0.63 -0.4288 -0.7225 -0.1636 0.668 -0.0706 -0.9348 -0.1865 -0.2904 0.0842 -0.6848 0.1395 0.6504 0.2977 -0.7057 0.0812 0.7037 0.0105 -0.9597 0.0281 -0.2789 0.0177
-0.7665 0.1949 0.6047 0.0938 -0.2824 0.7924 -0.0278 0.5401 -0.7579 0.2646 0.5389 0.2554 -0.7565 -0.1636 0.633 -0.0145 -0.4955 -0.4551 0.6093 -0.4196 -0.7225 -0.1636 0.668 -0.0706 -0.9374 -0.1768 -0.2867 0.0886 -0.6848 0.1395 0.6504 0.2977 -0.7057 0.0812 0.7037 0.0105 -0.9597 0.0281 -0.2789 0.0177
-0.7665 0.1949 0.6047 0.0938 -0.2824 0.7924 -0.0278 0.5401 -0.7579 0.2646 0.5389 0.2554 -0.7565 -0.1636 0.633 -0.0145 -0.4955 -0.4551 0.6093 -0.4196 -0.7225 -0.1636 0.668 -0.0706 -0.9374 -0.1768 -0.2867 0.0886 -0.6848 0.1395 0.6504 0.2977 -0.7057 0.0812 0.7037 0.0105 -0.9597 0.0281 -0.2789 0.0177
-0.7656 0.1861 0.6068 0.1049 -0.2824 0.7924 -0.0278 0.5401 -0.7579 0.2646 0.5389 0.2554 -0.7471 -0.125 0.652 -0.0323 -0.4955 -0.4551 0.6093 -0.4196 -0.7225 -0.1636 0.668 -0.0706 -0.9374 -0.1768 -0.2867 0.0886 -0.6848 0.1395 0.6504 0.2977 -0.7057 0.0812 0.7037 0.0105 -0.9597 0.0281 -0.2789 0.0177
-0.7656 0.1861 0.6068 0.1049 -0.2824 0.7924 -0.0278 0.5401 -0.7579 0.2646 0.5389 0.2554 -0.7471 -0.125 0.652 -0.0323 -0.4955 -0.4551 0.6093 -0.4196 -0.7225 -0.1636 0.668 -0.0706 -0.9374 -0.1768 -0.2867 0.0886 -0.6848 0.1395 0.6504 0.2977 -0.7057 0.0812 0.7037 0.0105 -0.9597 0.0281 -0.2789 0.0177
-0.7656 0.1861 0.6068 0.1049 -0.2824 0.7924 -0.0278 0.5401 -0.7579 0.2646 0.5389 0.2554 -0.7471 -0.125 0.652 -0.0323 -0.4955 -0.4551 0.6093 -0.4196 -0.7544 -0.1903 0.6274 -0.0319 -0.9374 -0.1768 -0.2867 0.0886 -0.6648 0.1647 0.6624 0.3035 -0.7057 0.0812 0.7037 0.0105 -0.9576 0.0284 -0.2851 0.0304
-0.7656 0.1861 0.6068 0.1049 -0.2824 0.7924 -0.0278 0.5401 -0.7579 0.2646 0.5389 0.2554 -0.7471 -0.125 0.652 -0.0323 -0.4955 -0.4551 0.6093 -0.4196 -0.7544 -0.1903 0.6274 -0.0319 -0.9374 -0.1768 -0.2867 0.0886 -0.6648 0.1647 0.6624 0.3035 -0.7057 0.0812 0.7037 0.0105 -0.9576 0.0284 -0.2851 0.0304
-0.7656 0.1861 0.6068 0.1049 -0.2824 0.7924 -0.0278 0.5401 -0.7579 0.2646 0.5389 0.2554 -0.7471 -0.125 0.652 -0.0323 -0.4955 -0.4551 0.6093 -0.4196 -0.7544 -0.1903 0.6274 -0.0319 -0.9374 -0.1768 -0.2867 0.0886 -0.6648 0.1647 0.6624 0.3035 -0.7057 0.0812 0.7037 0.0105 -0.9576 0.0284 -0.2851 0.0304
-0.7656 0.1861 0.6068 0.1049 -0.2824 0.7924 -0.0278 0.5401 -0.7579 0.2646 0.5389 0.2554 -0.7471 -0.125 0.652 -0.0323 -0.4955 -0.4551 0.6093 -0.4196 -0.7544 -0.1903 0.6274 -0.0319 -0.9374 -0.1768 -0.2867 0.0886 -0.6648 0.1647 0.6624 0.3035 -0.7057 0.0812 0.7037 0.0105 -0.9576 0.0284 -0.2851 0.0304
-0.7656 0.1861 0.6068 0.1049 -0.2824 0.7924 -0.0278 0.5401 -0.7307 0.2618 0.5638 0.2821 -0.7471 -0.125 0.652 -0.0323 -0.4869 -0.4313 0.6201 -0.4387 -0.7544 -0.1903 0.6274 -0.0319 -0.9307 -0.1807 -0.3005 0.1042 -0.6648 0.1647 0.6624 0.3035 -0.7057 0.0812 0.7037 0.0105 -0.9576 0.0284 -0.2851 0.0304
-0.7512 0.1979 0.6096 0.1577 -0.2824 0.7924 -0.0278 0.5401 -0.7307 0.2618 0.5638 0.2821 -0.745 -0.1144 0.6561 -0.0387 -0.4869 -0.4313 0.6201 -0.4387 -0.7544 -0.1903 0.6274 -0.0319 -0.9307 -0.1807 -0.3005 0.1042 -0.6648 0.1647 0.6624 0.3035 -0.7057 0.0812 0.7037 0.0105 -0.9576 0.0284 -0.2851 0.0304
-0.7512 0.1979 0.6096 0.1577 -0.2824 0.7924 -0.0278 0.5401 -0.7307 0.2618 0.5638 0.2821 -0.745 -0.1144 0.6561 -0.0387 -0.4869 -0.4313 0.6201 -0.4387 -0.7544 -0.1903 0.6274 -0.0319 -0.9307 -0.1807 -0.3005 0.1042 -0.6648 0.1647 0.6624 0.3035 -0.7057 0.0812 0.7037 0.0105 -0.9514 0.0291 -0.3052 0.0308
-0.7512 0.1979 0.6096 0.1577 -0.2824 0.7924 -0.0278 0.5401 -0.7307 0.2618 0.5638 0.2821 -0.745 -0.1144 0.6561 -0.0387 -0.4869 -0.4313 0.6201 -0.4387 -0.7922 -0.2331 0.561 0.0588 -0.9307 -0.1807 -0.3005 0.1042 -0.6648 0.1647 0.6624 0.3035 -0.7057 0.0812 0.7037 0.0105 -0.9514 0.0291 -0.3052 0.0308
-0.7512 0.1979 0.6096 0.1577 -0.2824 0.7924 -0.0278 0.5401 -0.7307 0.2618 0.5638 0.2821 -0.745 -0.1144 0.6561 -0.0387 -0.4869 -0.4313 0.6201 -0.4387 -0.7922 -0.2331 0.561 0.0588 -0.9307 -0.1807 -0.3005 0.1042 -0.6648 0.1647 0.6624 0.3035 -0.7057 0.0812 0.7037 0.0105 -0.9514 0.0291 -0.3052 0.0308
-0.7512 0.1979 0.6096 0.1577 -0.2072 0.7358 -0.0044 0.6447 -0.7307 0.2618 0.5638 0.2821 -0.745 -0.1144 0.6561 -0.0387 -0.4869 -0.4313 0.6201 -0.4387 -0.7922 -0.2331 0.561 0.0588 -0.9307 -0.1807 -0.3005 0.1042 -0.6648 0.1647 0.6624 0.3035 -0.7057 0.0812 0.7037 0.0105 -0.9514 0.0291 -0.3052 0.0308
-0.7512 0.1979 0.6096 0.1577 -0.2072 0.7358 -0.0044 0.6447 -0.6959 0.2631 0.5722 0.345 -0.745 -0.1144 0.6561 -0.0387 -0.4433 -0.3425 0.6498 -0.5137 -0.7922 -0.2331 0.561 0.0588 -0.8091 -0.2214 -0.5256 0.1417 -0.6648 0.1647 0.6624 0.3035 -0.7057 0.0812 0.7037 0.0105 -0.9514 0.0291 -0.3052 0.0308
-0.7512 0.1979 0.6096 0.1577 -0.2072 0.7358 -0.0044 0.6447 -0.6959 0.2631 0.5722 0.345 -0.745 -0.1144 0.6561 -0.0387 -0.4433 -0.3425 0.6498 -0.5137 -0.7922 -0.2331 0.561 0.0588 -0.8091 -0.2214 -0.5256 0.1417 -0.6648 0.1647 0.6624 0.3035 -0.7057 0.0812 0.7037 0.0105 -0.9514 0.0291 -0.3052 0.0308
-0.7512 0.1979 0.6096 0.1577 -0.2072 0.7358 -0.0044 0.6447 -0.6959 0.2631 0.5722 0.345 -0.745 -0.1144 0.6561 -0.0387 -0.4433 -0.3425 0.6498 -0.5137 -0.7922 -0.2331 0.561 0.0588 -0.8091 -0.2214 -0.5256 0.1417 -0.6648 0.1647 0.6624 0.3035 -0.7057 0.0812 0.7037 0.0105 -0.9514 0.0291 -0.3052 0.0308
-0.7512 0.1979 0.6096 0.1577 -0.2072 0.7358 -0.0044 0.6447 -0.6959 0.2631 0.5722 0.345 -0.7465 -0.1068 0.6566 0.017 -0.4433 -0.3425 0.6498 -0.5137 -0.7922 -0.2331 0.561 0.0588 -0.8091 -0.2214 -0.5256 0.1417 -0.6708 0.1947 0.6712 0.2482 -0.7057 0.0812 0.7037 0.0105 -0.9493 0.0459 -0.308 0.0431
-0.7512 0.1979 0.6096 0.1577 -0.2072 0.7358 -0.0044 0.6447 -0.6959 0.2631 0.5722 0.345 -0.7465 -0.1068 0.6566 0.017 -0.4433 -0.3425 0.6498 -0.5137 -0.8248 -0.2455 0.4773 0.1777 -0.8091 -0.2214 -0.5256 0.1417 -0.6708 0.1947 0.6712 0.2482 -0.7057 0.0812 0.7037 0.0105 -0.9493 0.0459 -0.308 0.0431
-0.7512 0.1979 0.6096 0.1577 -0.2072 0.7358 -0.0044 0.6447 -0.6959 0.2631 0.5722 0.345 -0.7465 -0.1068 0.6566 0.017 -0.4433 -0.3425 0.6498 -0.5137 -0.8248 -0.2455 0.4773 0.1777 -0.8091 -0.2214 -0.5256 0.1417 -0.6708 0.1947 0.6712 0.2482 -0.7057 0.0812 0.7037 0.0105 -0.9493 0.0459 -0.308 0.0431
-0.7512 0.1979 0.6096 0.1577 -0.1766 0.7284 -0.0403 0.6608 -0.6959 0.2631 0.5722 0.345 -0.7465 -0.1068 0.6566 0.017 -0.4433 -0.3425 0.6498 -0.5137 -0.8248 -0.2455 0.4773 0.1777 -0.6003 -0.189 -0.7144 0.3059 -0.6708 0.1947 0.6712 0.2482 -0.6736 0.1506 0.7144 0.1154 -0.9493 0.0459 -0.308 0.0431
-0.7512 0.1979 0.6096 0.1577 -0.1766 0.7284 -0.0403 0.6608 -0.6959 0.2631 0.5722 0.345 -0.7465 -0.1068 0.6566 0.017 -0.4433 -0.3425 0.6498 -0.5137 -0.8248 -0.2455 0.4773 0.1777 -0.6003 -0.189 -0.7144 0.3059 -0.6708 0.1947 0.6712 0.2482 -0.6736 0.1506 0.7144 0.1154 -0.9493 0.0459 -0.308 0.0431
-0.7512 0.1979 0.6096 0.1577 -0.1766 0.7284 -0.0403 0.6608 -0.6959 0.2631 0.5722 0.345 -0.7465 -0.1068 0.6566 0.017 -0.4433 -0.3425 0.6498 -0.5137 -0.8248 -0.2455 0.4773 0.1777 -0.6003 -0.189 -0.7144 0.3059 -0.6708 0.1947 0.6712 0.2482 -0.6736 0.1506 0.7144 0.1154 -0.9493 0.0459 -0.308 0.0431
-0.7402 0.2457 0.5735 0.2507 -0.1766 0.7284 -0.0403 0.6608 -0.6697 0.2708 0.5479 0.4218 -0.7465 -0.1194 0.6436 0.1198 -0.3988 -0.1924 0.718 -0.537 -0.8248 -0.2455 0.4773 0.1777 -0.6003 -0.189 -0.7144 0.3059 -0.6708 0.1947 0.6712 0.2482 -0.6736 0.1506 0.7144 0.1154 -0.9493 0.0459 -0.308 0.0431
-0.7402 0.2457 0.5735 0.2507 -0.1766 0.7284 -0.0403 0.6608 -0.6697 0.2708 0.5479 0.4218 -0.7465 -0.1194 0.6436 0.1198 -0.3988 -0.1924 0.718 -0.537 -0.8248 -0.2455 0.4773 0.1777 -0.6003 -0.189 -0.7144 0.3059 -0.6708 0.1947 0.6712 0.2482 -0.6736 0.1506 0.7144 0.1154 -0.9493 0.0459 -0.308 0.0431
-0.7402 0.2457 0.5735 0.2507 -0.1766 0.7284 -0.0403 0.6608 -0.6697 0.2708 0.5479 0.4218 -0.7465 -0.1194 0.6436 0.1198 -0.3988 -0.1924 0.718 -0.537 -0.8088 -0.2228 0.4797 0.257 -0.6003 -0.189 -0.7144 0.3059 -0.6688 0.2092 0.6791 0.2185 -0.6736 0.1506 0.7144 0.1154 -0.9475 0.0525 -0.3117 0.0482
-0.7402 0.2457 0.5735 0.2507 -0.1766 0.7284 -0.0403 0.6608 -0.6697 0.2708 0.5479 0.4218 -0.7465 -0.1194 0.6436 0.1198 -0.3988 -0.1924 0.718 -0.537 -0.8088 -0.2228 0.4797 0.257 -0.6003 -0.189 -0.7144 0.3059 -0.6688 0.2092 0.6791 0.2185 -0.6736 0.1506 0.7144 0.1154 -0.9475 0.0525 -0.3117 0.0482
-0.7402 0.2457 0.5735 0.2507 -0.1571 0.7252 -0.0656 0.6672 -0.6697 0.2708 0.5479 0.4218 -0.7465 -0.1194 0.6436 0.1198 -0.3988 -0.1924 0.718 -0.537 -0.8088 -0.2228 0.4797 0.257 -0.6133 -0.1227 -0.68 0.3826 -0.6688 0.2092 0.6791 0.2185 -0.6807 0.1539 0.7094 0.0992 -0.9475 0.0525 -0.3117 0.0482
-0.7402 0.2457 0.5735 0.2507 -0.1571 0.7252 -0.0656 0.6672 -0.665 0.2378 0.5402 0.4575 -0.7465 -0.1194 0.6436 0.1198 -0.3364 -0.0959 0.7264 -0.5917 -0.8088 -0.2228 0.4797 0.257 -0.6133 -0.1227 -0.68 0.3826 -0.6688 0.2092 0.6791 0.2185 -0.6807 0.1539 0.7094 0.0992 -0.9475 0.0525 -0.3117 0.0482
-0.7402 0.2457 0.5735 0.2507 -0.1571 0.7252 -0.0656 0.6672 -0.665 0.2378 0.5402 0.4575 -0.7465 -0.1194 0.6436 0.1198 -0.3364 -0.0959 0.7264 -0.5917 -0.8088 -0.2228 0.4797 0.257 -0.6133 -0.1227 -0.68 0.3826 -0.6688 0.2092 0.6791 0.2185 -0.6807 0.1539 0.7094 0.0992 -0.9475 0.0525 -0.3117 0.0482
-0.7369 0.2639 0.5622 0.2668 -0.1571 0.7252 -0.0656 0.6672 -0.665 0.2378 0.5402 0.4575 -0.7354 -0.1836 0.6294 0.1715 -0.3364 -0.0959 0.7264 -0.5917 -0.8088 -0.2228 0.4797 0.257 -0.6133 -0.1227 -0.68 0.3826 -0.6688 0.2092 0.6791 0.2185 -0.6807 0.1539 0.7094 0.0992 -0.9475 0.0525 -0.3117 0.0482
-0.7369 0.2639 0.5622 0.2668 -0.1571 0.7252 -0.0656 0.6672 -0.665 0.2378 0.5402 0.4575 -0.7354 -0.1836 0.6294 0.1715 -0.3364 -0.0959 0.7264 -0.5917 -0.7823 -0.1822 0.575 0.1553 -0.6133 -0.1227 -0.68 0.3826 -0.6616 0.2403 0.6858 0.1849 -0.6807 0.1539 0.7094 0.0992 -0.947 0.0474 -0.3146 0.0436
-0.7369 0.2639 0.5622 0.2668 -0.1571 0.7252 -0.0656 0.6672 -0.665 0.2378 0.5402 0.4575 -0.7354 -0.1836 0.6294 0.1715 -0.3364 -0.0959 0.7264 -0.5917 -0.7823 -0.1822 0.575 0.1553 -0.6133 -0.1227 -0.68 0.3826 -0.6616 0.2403 0.6858 0.1849 -0.6807 0.1539 0.7094 0.0992 -0.947 0.0474 -0.3146 0.0436
-0.7369 0.2639 0.5622 0.2668 -0.1571 0.7252 -0.0656 0.6672 -0.665 0.2378 0.5402 0.4575 -0.7354 -0.1836 0.6294 0.1715 -0.3364 -0.0959 0.7264 -0.5917 -0.7823 -0.1822 0.575 0.1553 -0.6133 -0.1227 -0.68 0.3826 -0.6616 0.2403 0.6858 0.1849 -0.6807 0.1539 0.7094 0.0992 -0.947 0.0474 -0.3146 0.0436
-0.7369 0.2639 0.5622 0.2668 -0.1479 0.7225 -0.0677 0.672 -0.665 0.2378 0.5402 0.4575 -0.7354 -0.1836 0.6294 0.1715 -0.3364 -0.0959 0.7264 -0.5917 -0.7823 -0.1822 0.575 0.1553 -0.7992 -0.2361 -0.4758 0.2814 -0.6616 0.2403 0.6858 0.1849 -0.6849 0.1662 0.7036 0.0908 -0.947 0.0474 -0.3146 0.0436
-0.7369 0.2639 0.5622 0.2668 -0.1479 0.7225 -0.0677 0.672 -0.665 0.2378 0.5402 0.4575 -0.7354 -0.1836 0.6294 0.1715 -0.3364 -0.0959 0.7264 -0.5917 -0.7823 -0.1822 0.575 0.1553 -0.7992 -0.2361 -0.4758 0.2814 -0.6616 0.2403 0.6858 0.1849 -0.6849 0.1662 0.7036 0.0908 -0.947 0.0474 -0.3146 0.0436
-0.7369 0.2639 0.5622 0.2668 -0.1479 0.7225 -0.0677 0.672 -0.665 0.2378 0.5402 0.4575 -0.7354 -0.1836 0.6294 0.1715 -0.3364 -0.0959 0.7264 -0.5917 -0.7823 -0.1822 0.575 0.1553 -0.7992 -0.2361 -0.4758 0.2814 -0.6616 0.2403 0.6858 0.1849 -0.6849 0.1662 0.7036 0.0908 -0.947 0.0474 -0.3146 0.0436
-0.7319 0.2731 0.5665 0.2625 -0.1479 0.7225 -0.0677 0.672 -0.6586 0.2358 0.5389 0.4692 -0.7151 -0.2062 0.6388 0.1949 -0.3332 -0.1392 0.7213 -0.5911 -0.7823 -0.1822 0.575 0.1553 -0.7992 -0.2361 -0.4758 0.2814 -0.6616 0.2403 0.6858 0.1849 -0.6849 0.1662 0.7036 0.0908 -0.947 0.0474 -0.3146 0.0436
-0.7319 0.2731 0.5665 0.2625 -0.1479 0.7225 -0.0677 0.672 -0.6586 0.2358 0.5389 0.4692 -0.7151 -0.2062 0.6388 0.1949 -0.3332 -0.1392 0.7213 -0.5911 -0.7823 -0.1822 0.575 0.1553 -0.7992 -0.2361 -0.4758 0.2814 -0.6557 0.2703 0.6882 0.1529 -0.6849 0.1662 0.7036 0.0908 -0.947 0.0474 -0.3146 0.0436
-0.7319 0.2731 0.5665 0.2625 -0.1479 0.7225 -0.0677 0.672 -0.6586 0.2358 0.5389 0.4692 -0.7151 -0.2062 0.6388 0.1949 -0.3332 -0.1392 0.7213 -0.5911 -0.707 -0.0486 0.7025 -0.0654 -0.7992 -0.2361 -0.4758 0.2814 -0.6557 0.2703 0.6882 0.1529 -0.6849 0.1662 0.7036 0.0908 -0.9464 0.0421 -0.3179 0.0378
-0.7319 0.2731 0.5665 0.2625 -0.1479 0.7225 -0.0677 0.672 -0.6586 0.2358 0.5389 0.4692 -0.7151 -0.2062 0.6388 0.1949 -0.3332 -0.1392 0.7213 -0.5911 -0.707 -0.0486 0.7025 -0.0654 -0.7992 -0.2361 -0.4758 0.2814 -0.6557 0.2703 0.6882 0.1529 -0.6849 0.1662 0.7036 0.0908 -0.9464 0.0421 -0.3179 0.0378
-0.7319 0.2731 0.5665 0.2625 -0.1334 0.7275 -0.0676 0.6696 -0.6586 0.2358 0.5389 0.4692 -0.7151 -0.2062 0.6388 0.1949 -0.3332 -0.1392 0.7213 -0.5911 -0.707 -0.0486 0.7025 -0.0654 -0.7992 -0.2361 -0.4758 0.2814 -0.6557 0.2703 0.6882 0.1529 -0.7008 0.1792 0.6878 0.0602 -0.9464 0.0421 -0.3179 0.0378
-0.7319 0.2731 0.5665 0.2625 -0.1334 0.7275 -0.0676 0.6696 -0.6604 0.2459 0.5401 0.4601 -0.7151 -0.2062 0.6388 0.1949 -0.4251 -0.2856 0.6867 -0.5159 -0.707 -0.0486 0.7025 -0.0654 -0.7992 -0.2361 -0.4758 0.2814 -0.6557 0.2703 0.6882 0.1529 -0.7008 0.1792 0.6878 0.0602 -0.9464 0.0421 -0.3179 0.0378
-0.7319 0.2731 0.5665 0.2625 -0.1334 0.7275 -0.0676 0.6696 -0.6604 0.2459 0.5401 0.4601 -0.7151 -0.2062 0.6388 0.1949 -0.4251 -0.2856 0.6867 -0.5159 -0.707 -0.0486 0.7025 -0.0654 -0.7992 -0.2361 -0.4758 0.2814 -0.6557 0.2703 0.6882 0.1529 -0.7008 0.1792 0.6878 0.0602 -0.9464 0.0421 -0.3179 0.0378
-0.7195 0.273 0.5823 0.262 -0.1334 0.7275 -0.0676 0.6696 -0.6604 0.2459 0.5401 0.4601 -0.7083 -0.1697 0.6578 0.1918 -0.4251 -0.2856 0.6867 -0.5159 -0.707 -0.0486 0.7025 -0.0654 -0.7992 -0.2361 -0.4758 0.2814 -0.6557 0.2703 0.6882 0.1529 -0.7008 0.1792 0.6878 0.0602 -0.9464 0.0421 -0.3179 0.0378
-0.7195 0.273 0.5823 0.262 -0.1334 0.7275 -0.0676 0.6696 -0.6604 0.2459 0.5401 0.4601 -0.7083 -0.1697 0.6578 0.1918 -0.4251 -0.2856 0.6867 -0.5159 -0.707 -0.0486 0.7025 -0.0654 -0.7992 -0.2361 -0.4758 0.2814 -0.6557 0.2703 0.6882 0.1529 -0.7008 0.1792 0.6878 0.0602 -0.9464 0.0421 -0.3179 0.0378
-0.7195 0.273 0.5823 0.262 -0.1334 0.7275 -0.0676 0.6696 -0.6604 0.2459 0.5401 0.4601 -0.7083 -0.1697 0.6578 0.1918 -0.4251 -0.2856 0.6867 -0.5159 -0.6652 -0.0245 0.7344 -0.1327 -0.7992 -0.2361 -0.4758 0.2814 -0.672 0.2576 0.687 0.1006 -0.7008 0.1792 0.6878 0.0602 -0.9449 0.0425 -0.3228 0.0332
-0.7195 0.273 0.5823 0.262 -0.1334 0.7275 -0.0676 0.6696 -0.6604 0.2459 0.5401 0.4601 -0.7083 -0.1697 0.6578 0.1918 -0.4251 -0.2856 0.6867 -0.5159 -0.6652 -0.0245 0.7344 -0.1327 -0.7992 -0.2361 -0.4758 0.2814 -0.672 0.2576 0.687 0.1006 -0.7008 0.1792 0.6878 0.0602 -0.9449 0.0425 -0.3228 0.0332
-0.7195 0.273 0.5823 0.262 -0.1444 0.7324 -0.0286 0.6648 -0.6604 0.2459 0.5401 0.4601 -0.7083 -0.1697 0.6578 0.1918 -0.4251 -0.2856 0.6867 -0.5159 -0.6652 -0.0245 0.7344 -0.1327 -0.9354 -0.1854 -0.271 0.1313 -0.672 0.2576 0.687 0.1006 -0.7274 0.2236 0.6487 0.0152 -0.9449 0.0425 -0.3228 0.0332
-0.7195 0.273 0.5823 0.262 -0.1444 0.7324 -0.0286 0.6648 -0.6604 0.2459 0.5401 0.4601 -0.7083 -0.1697 0.6578 0.1918 -0.4251 -0.2856 0.6867 -0.5159 -0.6652 -0.0245 0.7344 -0.1327 -0.9354 -0.1854 -0.271 0.1313 -0.672 0.2576 0.687 0.1006 -0.7274 0.2236 0.6487 0.0152 -0.9449 0.0425 -0.3228 0.0332
-0.7219 0.2601 0.6049 0.2129 -0.1444 0.7324 -0.0286 0.6648 -0.6716 0.248 0.5532 0.426 -0.7083 -0.1697 0.6578 0.1918 -0.4139 -0.3408 0.6943 -0.4801 -0.6652 -0.0245 0.7344 -0.1327 -0.9354 -0.1854 -0.271 0.1313 -0.672 0.2576 0.687 0.1006 -0.7274 0.2236 0.6487 0.0152 -0.9449 0.0425 -0.3228 0.0332
-0.7219 0.2601 0.6049 0.2129 -0.1444 0.7324 -0.0286 0.6648 -0.6716 0.248 0.5532 0.426 -0.7248 -0.1106 0.6671 0.132 -0.4139 -0.3408 0.6943 -0.4801 -0.6652 -0.0245 0.7344 -0.1327 -0.9354 -0.1854 -0.271 0.1313 -0.672 0.2576 0.687 0.1006 -0.7274 0.2236 0.6487 0.0152 -0.9449 0.0425 -0.3228 0.0332
-0.7219 0.2601 0.6049 0.2129 -0.1444 0.7324 -0.0286 0.6648 -0.6716 0.248 0.5532 0.426 -0.7248 -0.1106 0.6671 0.132 -0.4139 -0.3408 0.6943 -0.4801 -0.6652 -0.0245 0.7344 -0.1327 -0.9354 -0.1854 -0.271 0.1313 -0.6797 0.2386 0.6838 0.116 -0.7274 0.2236 0.6487 0.0152 -0.9071 0.0621 -0.4152 0.0301
-0.7219 0.2601 0.6049 0.2129 -0.1444 0.7324 -0.0286 0.6648 -0.6716 0.248 0.5532 0.426 -0.7248 -0.1106 0.6671 0.132 -0.4139 -0.3408 0.6943 -0.4801 -0.687 -0.1484 0.6878 -0.1813 -0.9354 -0.1854 -0.271 0.1313 -0.6797 0.2386 0.6838 0.116 -0.7274 0.2236 0.6487 0.0152 -0.9071 0.0621 -0.4152 0.0301
-0.7219 0.2601 0.6049 0.2129 -0.1444 0.7324 -0.0286 0.6648 -0.6716 0.248 0.5532 0.426 -0.7248 -0.1106 0.6671 0.132 -0.4139 -0.3408 0.6943 -0.4801 -0.687 -0.1484 0.6878 -0.1813 -0.9354 -0.1854 -0.271 0.1313 -0.6797 0.2386 0.6838 0.116 -0.7274 0.2236 0.6487 0.0152 -0.9071 0.0621 -0.4152 0.0301
-0.7219 0.2601 0.6049 0.2129 -0.1622 0.7442 -0.0354 0.647 -0.6716 0.248 0.5532 0.426 -0.7248 -0.1106 0.6671 0.132 -0.4139 -0.3408 0.6943 -0.4801 -0.687 -0.1484 0.6878 -0.1813 -0.9346 -0.1875 -0.2755 0.1241 -0.6797 0.2386 0.6838 0.116 -0.7552 0.265 0.5944 -0.0784 -0.9071 0.0621 -0.4152 0.0301
-0.7219 0.2601 0.6049 0.2129 -0.1622 0.7442 -0.0354 0.647 -0.6833 0.2732 0.5535 0.3901 -0.7248 -0.1106 0.6671 0.132 -0.4139 -0.3408 0.6943 -0.4801 -0.687 -0.1484 0.6878 -0.1813 -0.9346 -0.1875 -0.2755 0.1241 -0.6797 0.2386 0.6838 0.116 -0.7552 0.265 0.5944 -0.0784 -0.9071 0.0621 -0.4152 0.0301
-0.7303 0.255 0.6114 0.1664 -0.1622 0.7442 -0.0354 0.647 -0.6833 0.2732 0.5535 0.3901 -0.7248 -0.1106 0.6671 0.132 -0.4338 -0.3828 0.6697 -0.4655 -0.687 -0.1484 0.6878 -0.1813 -0.9346 -0.1875 -0.2755 0.1241 -0.6797 0.2386 0.6838 0.116 -0.7552 0.265 0.5944 -0.0784 -0.9071 0.0621 -0.4152 0.0301
-0.7303 0.255 0.6114 0.1664 -0.1622 0.7442 -0.0354 0.647 -0.6833 0.2732 0.5535 0.3901 -0.7248 -0.1106 0.6671 0.132 -0.4338 -0.3828 0.6697 -0.4655 -0.687 -0.1484 0.6878 -0.1813 -0.9346 -0.1875 -0.2755 0.1241 -0.6797 0.2386 0.6838 0.116 -0.7552 0.265 0.5944 -0.0784 -0.9071 0.0621 -0.4152 0.0301
-0.7303 0.255 0.6114 0.1664 -0.1622 0.7442 -0.0354 0.647 -0.6833 0.2732 0.5535 0.3901 -0.7248 -0.1106 0.6671 0.132 -0.4338 -0.3828 0.6697 -0.4655 -0.7008 -0.1359 0.6896 -0.122 -0.9346 -0.1875 -0.2755 0.1241 -0.723 0.1505 0.66 0.138 -0.7552 0.265 0.5944 -0.0784 -0.7823 0.0851 -0.6169 0.0104
-0.7303 0.255 0.6114 0.1664 -0.1622 0.7442 -0.0354 0.647 -0.6833 0.2732 0.5535 0.3901 -0.7248 -0.1106 0.6671 0.132 -0.4338 -0.3828 0.6697 -0.4655 -0.7008 -0.1359 0.6896 -0.122 -0.9346 -0.1875 -0.2755 0.1241 -0.723 0.1505 0.66 0.138 -0.7552 0.265 0.5944 -0.0784 -0.7823 0.0851 -0.6169 0.0104
-0.7303 0.255 0.6114 0.1664 -0.1622 0.7442 -0.0354 0.647 -0.6833 0.2732 0.5535 0.3901 -0.7248 -0.1106 0.6671 0.132 -0.4338 -0.3828 0.6697 -0.4655 -0.7008 -0.1359 0.6896 -0.122 -0.9346 -0.1875 -0.2755 0.1241 -0.723 0.1505 0.66 0.138 -0.7552 0.265 0.5944 -0.0784 -0.7823 0.0851 -0.6169 0.0104
-0.7303 0.255 0.6114 0.1664 -0.2166 0.7645 -0.0228 0.6068 -0.6833 0.2732 0.5535 0.3901 -0.7248 -0.1106 0.6671 0.132 -0.4338 -0.3828 0.6697 -0.4655 -0.7008 -0.1359 0.6896 -0.122 -0.9365 -0.1815 -0.2731 0.1238 -0.723 0.1505 0.66 0.138 -0.745 0.3019 0.5658 -0.1835 -0.7823 0.0851 -0.6169 0.0104
-0.7303 0.255 0.6114 0.1664 -0.2166 0.7645 -0.0228 0.6068 -0.7405 0.2314 0.541 0.3246 -0.7248 -0.1106 0.6671 0.132 -0.4404 -0.4194 0.6461 -0.4611 -0.7008 -0.1359 0.6896 -0.122 -0.9365 -0.1815 -0.2731 0.1238 -0.723 0.1505 0.66 0.138 -0.745 0.3019 0.5658 -0.1835 -0.7823 0.0851 -0.6169 0.0104
-0.7303 0.255 0.6114 0.1664 -0.2166 0.7645 -0.0228 0.6068 -0.7405 0.2314 0.541 0.3246 -0.7248 -0.1106 0.6671 0.132 -0.4404 -0.4194 0.6461 -0.4611 -0.7008 -0.1359 0.6896 -0.122 -0.9365 -0.1815 -0.2731 0.1238 -0.723 0.1505 0.66 0.138 -0.745 0.3019 0.5658 -0.1835 -0.7823 0.0851 -0.6169 0.0104
-0.7549 0.2291 0.6024 0.1212 -0.2166 0.7645 -0.0228 0.6068 -0.7405 0.2314 0.541 0.3246 -0.756 -0.1192 0.6432 0.0219 -0.4404 -0.4194 0.6461 -0.4611 -0.7008 -0.1359 0.6896 -0.122 -0.9365 -0.1815 -0.2731 0.1238 -0.7407 0.0809 0.6362 0.2004 -0.745 0.3019 0.5658 -0.1835 -0.7823 0.0851 -0.6169 0.0104
-0.7549 0.2291 0.6024 0.1212 -0.2166 0.7645 -0.0228 0.6068 -0.7405 0.2314 0.541 0.3246 -0.756 -0.1192 0.6432 0.0219 -0.4404 -0.4194 0.6461 -0.4611 -0.7008 -0.1359 0.6896 -0.122 -0.9365 -0.1815 -0.2731 0.1238 -0.7407 0.0809 0.6362 0.2004 -0.745 0.3019 0.5658 -0.1835 -0.7897 0.0845 -0.5946 -0.1251
-0.7549 0.2291 0.6024 0.1212 -0.2166 0.7645 -0.0228 0.6068 -0.7405 0.2314 0.541 0.3246 -0.756 -0.1192 0.6432 0.0219 -0.4404 -0.4194 0.6461 -0.4611 -0.7083 -0.1549 0.681 -0.1035 -0.9365 -0.1815 -0.2731 0.1238 -0.7407 0.0809 0.6362 0.2004 -0.745 0.3019 0.5658 -0.1835 -0.7897 0.0845 -0.5946 -0.1251
-0.7549 0.2291 0.6024 0.1212 -0.2166 0.7645 -0.0228 0.6068 -0.7405 0.2314 0.541 0.3246 -0.756 -0.1192 0.6432 0.0219 -0.4404 -0.4194 0.6461 -0.4611 -0.7083 -0.1549 0.681 -0.1035 -0.9365 -0.1815 -0.2731 0.1238 -0.7407 0.0809 0.6362 0.2004 -0.745 0.3019 0.5658 -0.1835 -0.7897 0.0845 -0.5946 -0.1251
-0.7549 0.2291 0.6024 0.1212 -0.2728 0.7806 -0.0208 0.562 -0.7405 0.2314 0.541 0.3246 -0.756 -0.1192 0.6432 0.0219 -0.4404 -0.4194 0.6461 -0.4611 -0.7083 -0.1549 0.681 -0.1035 -0.9365 -0.1815 -0.2731 0.1238 -0.7407 0.0809 0.6362 0.2004 -0.745 0.3019 0.5658 -0.1835 -0.7897 0.0845 -0.5946 -0.1251
-0.7549 0.2291 0.6024 0.1212 -0.2728 0.7806 -0.0208 0.562 -0.7712 0.2261 0.5306 0.2695 -0.756 -0.1192 0.6432 0.0219 -0.4547 -0.4441 0.6288 -0.4479 -0.7083 -0.1549 0.681 -0.1035 -0.9358 -0.1848 -0.2746 0.1216 -0.7407 0.0809 0.6362 0.2004 -0.745 0.3019 0.5658 -0.1835 -0.7897 0.0845 -0.5946 -0.1251
-0.7549 0.2291 0.6024 0.1212 -0.2728 0.7806 -0.0208 0.562 -0.7712 0.2261 0.5306 0.2695 -0.756 -0.1192 0.6432 0.0219 -0.4547 -0.4441 0.6288 -0.4479 -0.7083 -0.1549 0.681 -0.1035 -0.9358 -0.1848 -0.2746 0.1216 -0.7407 0.0809 0.6362 0.2004 -0.745 0.3019 0.5658 -0.1835 -0.7897 0.0845 -0.5946 -0.1251
-0.7748 0.2125 0.59 0.0804 -0.2728 0.7806 -0.0208 0.562 -0.7712 0.2261 0.5306 0.2695 -0.763 -0.1746 0.6222 -0.0147 -0.4547 -0.4441 0.6288 -0.4479 -0.7083 -0.1549 0.681 -0.1035 -0.9358 -0.1848 -0.2746 0.1216 -0.7407 0.0809 0.6362 0.2004 -0.745 0.3019 0.5658 -0.1835 -0.7897 0.0845 -0.5946 -0.1251
-0.7748 0.2125 0.59 0.0804 -0.2728 0.7806 -0.0208 0.562 -0.7712 0.2261 0.5306 0.2695 -0.763 -0.1746 0.6222 -0.0147 -0.4547 -0.4441 0.6288 -0.4479 -0.7083 -0.1549 0.681 -0.1035 -0.9358 -0.1848 -0.2746 0.1216 -0.7271 0.0583 0.6346 0.2554 -0.745 0.3019 0.5658 -0.1835 -0.7897 0.0845 -0.5946 -0.1251
-0.7748 0.2125 0.59 0.0804 -0.2728 0.7806 -0.0208 0.562 -0.7712 0.2261 0.5306 0.2695 -0.763 -0.1746 0.6222 -0.0147 -0.4547 -0.4441 0.6288 -0.4479 -0.7167 -0.1694 0.6707 -0.0889 -0.9358 -0.1848 -0.2746 0.1216 -0.7271 0.0583 0.6346 0.2554 -0.745 0.3019 0.5658 -0.1835 -0.8845 0.0939 -0.424 -0.1707
-0.7748 0.2125 0.59 0.0804 -0.2728 0.7806 -0.0208 0.562 -0.7712 0.2261 0.5306 0.2695 -0.763 -0.1746 0.6222 -0.0147 -0.4547 -0.4441 0.6288 -0.4479 -0.7167 -0.1694 0.6707 -0.0889 -0.9358 -0.1848 -0.2746 0.1216 -0.7271 0.0583 0.6346 0.2554 -0.745 0.3019 0.5658 -0.1835 -0.8845 0.0939 -0.424 -0.1707
-0.7748 0.2125 0.59 0.0804 -0.2923 0.7942 -0.0247 0.5322 -0.7712 0.2261 0.5306 0.2695 -0.763 -0.1746 0.6222 -0.0147 -0.4547 -0.4441 0.6288 -0.4479 -0.7167 -0.1694 0.6707 -0.0889 -0.9357 -0.185 -0.2755 0.1203 -0.7271 0.0583 0.6346 0.2554 -0.7101 0.0403 0.7009 -0.0524 -0.8845 0.0939 -0.424 -0.1707
-0.7748 0.2125 0.59 0.0804 -0.2923 0.7942 -0.0247 0.5322 -0.7712 0.2261 0.5306 0.2695 -0.763 -0.1746 0.6222 -0.0147 -0.4547 -0.4441 0.6288 -0.4479 -0.7167 -0.1694 0.6707 -0.0889 -0.9357 -0.185 -0.2755 0.1203 -0.7271 0.0583 0.6346 0.2554 -0.7101 0.0403 0.7009 -0.0524 -0.8845 0.0939 -0.424 -0.1707
-0.7748 0.2125 0.59 0.0804 -0.2923 0.7942 -0.0247 0.5322 -0.7947 0.2192 0.522 0.219 -0.763 -0.1746 0.6222 -0.0147 -0.4707 -0.4619 0.6117 -0.4369 -0.7167 -0.1694 0.6707 -0.0889 -0.9357 -0.185 -0.2755 0.1203 -0.7271 0.0583 0.6346 0.2554 -0.7101 0.0403 0.7009 -0.0524 -0.8845 0.0939 -0.424 -0.1707
-0.7764 0.1971 0.5945 0.0702 -0.2923 0.7942 -0.0247 0.5322 -0.7947 0.2192 0.522 0.219 -0.7603 -0.1877 0.6197 -0.0518 -0.4707 -0.4619 0.6117 -0.4369 -0.7167 -0.1694 0.6707 -0.0889 -0.9357 -0.185 -0.2755 0.1203 -0.7053 0.0775 0.6528 0.2656 -0.7101 0.0403 0.7009 -0.0524 -0.8845 0.0939 -0.424 -0.1707
-0.7764 0.1971 0.5945 0.0702 -0.2923 0.7942 -0.0247 0.5322 -0.7947 0.2192 0.522 0.219 -0.7603 -0.1877 0.6197 -0.0518 -0.4707 -0.4619 0.6117 -0.4369 -0.7167 -0.1694 0.6707 -0.0889 -0.9357 -0.185 -0.2755 0.1203 -0.7053 0.0775 0.6528 0.2656 -0.7101 0.0403 0.7009 -0.0524 -0.8845 0.0939 -0.424 -0.1707
-0.7764 0.1971 0.5945 0.0702 -0.2923 0.7942 -0.0247 0.5322 -0.7947 0.2192 0.522 0.219 -0.7603 -0.1877 0.6197 -0.0518 -0.4707 -0.4619 0.6117 -0.4369 -0.7282 -0.1733 0.6602 -0.0616 -0.9357 -0.185 -0.2755 0.1203 -0.7053 0.0775 0.6528 0.2656 -0.7101 0.0403 0.7009 -0.0524 -0.9489 0.0803 -0.2999 -0.0574
-0.7764 0.1971 0.5945 0.0702 -0.2923 0.7942 -0.0247 0.5322 -0.7947 0.2192 0.522 0.219 -0.7603 -0.1877 0.6197 -0.0518 -0.4707 -0.4619 0.6117 -0.4369 -0.7282 -0.1733 0.6602 -0.0616 -0.9357 -0.185 -0.2755 0.1203 -0.7053 0.0775 0.6528 0.2656 -0.7101 0.0403 0.7009 -0.0524 -0.9489 0.0803 -0.2999 -0.0574
-0.7764 0.1971 0.5945 0.0702 -0.2923 0.7942 -0.0247 0.5322 -0.7947 0.2192 0.522 0.219 -0.7603 -0.1877 0.6197 -0.0518 -0.4707 -0.4619 0.6117 -0.4369 -0.7282 -0.1733 0.6602 -0.0616 -0.9357 -0.185 -0.2755 0.1203 -0.7053 0.0775 0.6528 0.2656 -0.7101 0.0403 0.7009 -0.0524 -0.9489 0.0803 -0.2999 -0.0574
-0.7764 0.1971 0.5945 0.0702 -0.2923 0.7942 -0.0247 0.5322 -0.7863 0.2481 0.5307 0.1965 -0.7603 -0.1877 0.6197 -0.0518 -0.4996 -0.4714 0.5949 -0.4175 -0.7282 -0.1733 0.6602 -0.0616 -0.9361 -0.1744 -0.2775 0.1278 -0.7053 0.0775 0.6528 0.2656 -0.6606 -0.0109 0.7316 0.1682 -0.9489 0.0803 -0.2999 -0.0574
-0.7764 0.1971 0.5945 0.0702 -0.2923 0.7942 -0.0247 0.5322 -0.7863 0.2481 0.5307 0.1965 -0.7603 -0.1877 0.6197 -0.0518 -0.4996 -0.4714 0.5949 -0.4175 -0.7282 -0.1733 0.6602 -0.0616 -0.9361 -0.1744 -0.2775 0.1278 -0.7053 0.0775 0.6528 0.2656 -0.6606 -0.0109 0.7316 0.1682 -0.9489 0.0803 -0.2999 -0.0574
-0.7775 0.1772 0.5992 0.0707 -0.2923 0.7942 -0.0247 0.5322 -0.7863 0.2481 0.5307 0.1965 -0.7484 -0.1514 0.6399 -0.087 -0.4996 -0.4714 0.5949 -0.4175 -0.7282 -0.1733 0.6602 -0.0616 -0.9361 -0.1744 -0.2775 0.1278 -0.7053 0.0775 0.6528 0.2656 -0.6606 -0.0109 0.7316 0.1682 -0.9489 0.0803 -0.2999 -0.0574
-0.7775 0.1772 0.5992 0.0707 -0.2923 0.7942 -0.0247 0.5322 -0.7863 0.2481 0.5307 0.1965 -0.7484 -0.1514 0.6399 -0.087 -0.4996 -0.4714 0.5949 -0.4175 -0.7282 -0.1733 0.6602 -0.0616 -0.9361 -0.1744 -0.2775 0.1278 -0.7053 0.0775 0.6528 0.2656 -0.6606 -0.0109 0.7316 0.1682 -0.9489 0.0803 -0.2999 -0.0574
-0.7775 0.1772 0.5992 0.0707 -0.2923 0.7942 -0.0247 0.5322 -0.7863 0.2481 0.5307 0.1965 -0.7484 -0.1514 0.6399 -0.087 -0.4996 -0.4714 0.5949 -0.4175 -0.7562 -0.1903 0.6259 -0.0162 -0.9361 -0.1744 -0.2775 0.1278 -0.6727 0.1631 0.6535 0.3064 -0.6606 -0.0109 0.7316 0.1682 -0.9627 0.0351 -0.2683 -0.0031
-0.7775 0.1772 0.5992 0.0707 -0.2923 0.7942 -0.0247 0.5322 -0.7863 0.2481 0.5307 0.1965 -0.7484 -0.1514 0.6399 -0.087 -0.4996 -0.4714 0.5949 -0.4175 -0.7562 -0.1903 0.6259 -0.0162 -0.9361 -0.1744 -0.2775 0.1278 -0.6727 0.1631 0.6535 0.3064 -0.6606 -0.0109 0.7316 0.1682 -0.9627 0.0351 -0.2683 -0.0031
-0.7775 0.1772 0.5992 0.0707 -0.2923 0.7942 -0.0247 0.5322 -0.7863 0.2481 0.5307 0.1965 -0.7484 -0.1514 0.6399 -0.087 -0.4996 -0.4714 0.5949 -0.4175 -0.7562 -0.1903 0.6259 -0.0162 -0.9361 -0.1744 -0.2775 0.1278 -0.6727 0.1631 0.6535 0.3064 -0.6606 -0.0109 0.7316 0.1682 -0.9627 0.0351 -0.2683 -0.0031
-0.7775 0.1772 0.5992 0.0707 -0.2947 0.783 0.0224 0.5473 -0.7593 0.2576 0.5582 0.2132 -0.7382 -0.1108 0.655 -0.1171 -0.5045 -0.4459 0.6071 -0.4221 -0.7562 -0.1903 0.6259 -0.0162 -0.926 -0.1805 -0.2975 0.1461 -0.6727 0.1631 0.6535 0.3064 -0.6599 0.075 0.7258 0.1794 -0.9627 0.0351 -0.2683 -0.0031
-0.7775 0.1772 0.5992 0.0707 -0.2947 0.783 0.0224 0.5473 -0.7593 0.2576 0.5582 0.2132 -0.7382 -0.1108 0.655 -0.1171 -0.5045 -0.4459 0.6071 -0.4221 -0.7562 -0.1903 0.6259 -0.0162 -0.926 -0.1805 -0.2975 0.1461 -0.6727 0.1631 0.6535 0.3064 -0.6599 0.075 0.7258 0.1794 -0.9627 0.0351 -0.2683 -0.0031
-0.7775 0.1772 0.5992 0.0707 -0.2947 0.783 0.0224 0.5473 -0.7593 0.2576 0.5582 0.2132 -0.7382 -0.1108 0.655 -0.1171 -0.5045 -0.4459 0.6071 -0.4221 -0.7562 -0.1903 0.6259 -0.0162 -0.926 -0.1805 -0.2975 0.1461 -0.6727 0.1631 0.6535 0.3064 -0.6599 0.075 0.7258 0.1794 -0.9627 0.0351 -0.2683 -0.0031
-0.7775 0.1772 0.5992 0.0707 -0.2947 0.783 0.0224 0.5473 -0.7593 0.2576 0.5582 0.2132 -0.7382 -0.1108 0.655 -0.1171 -0.5045 -0.4459 0.6071 -0.4221 -0.7562 -0.1903 0.6259 -0.0162 -0.926 -0.1805 -0.2975 0.1461 -0.6727 0.1631 0.6535 0.3064 -0.6599 0.075 0.7258 0.1794 -0.9627 0.0351 -0.2683 -0.0031
-0.7775 0.1772 0.5992 0.0707 -0.2947 0.783 0.0224 0.5473 -0.7593 0.2576 0.5582 0.2132 -0.7382 -0.1108 0.655 -0.1171 -0.5045 -0.4459 0.6071 -0.4221 -0.7986 -0.2302 0.5511 0.0742 -0.926 -0.1805 -0.2975 0.1461 -0.6749 0.1474 0.6588 0.298 -0.6599 0.075 0.7258 0.1794 -0.9509 0.0391 -0.3068 -0.0155
-0.7775 0.1772 0.5992 0.0707 -0.2947 0.783 0.0224 0.5473 -0.7593 0.2576 0.5582 0.2132 -0.7382 -0.1108 0.655 -0.1171 -0.5045 -0.4459 0.6071 -0.4221 -0.7986 -0.2302 0.5511 0.0742 -0.926 -0.1805 -0.2975 0.1461 -0.6749 0.1474 0.6588 0.298 -0.6599 0.075 0.7258 0.1794 -0.9509 0.0391 -0.3068 -0.0155
-0.7775 0.1772 0.5992 0.0707 -0.2947 0.783 0.0224 0.5473 -0.7593 0.2576 0.5582 0.2132 -0.7382 -0.1108 0.655 -0.1171 -0.5045 -0.4459 0.6071 -0.4221 -0.7986 -0.2302 0.5511 0.0742 -0.926 -0.1805 -0.2975 0.1461 -0.6749 0.1474 0.6588 0.298 -0.6599 0.075 0.7258 0.1794 -0.9509 0.0391 -0.3068 -0.0155
-0.7775 0.1772 0.5992 0.0707 -0.2437 0.7586 0.0199 0.6039 -0.7071 0.2787 0.5779 0.2973 -0.7382 -0.1108 0.655 -0.1171 -0.4664 -0.3619 0.6378 -0.4946 -0.7986 -0.2302 0.5511 0.0742 -0.8117 -0.2119 -0.516 0.1733 -0.6749 0.1474 0.6588 0.298 -0.6744 0.1069 0.7213 0.1159 -0.9509 0.0391 -0.3068 -0.0155
-0.7775 0.1772 0.5992 0.0707 -0.2437 0.7586 0.0199 0.6039 -0.7071 0.2787 0.5779 0.2973 -0.7382 -0.1108 0.655 -0.1171 -0.4664 -0.3619 0.6378 -0.4946 -0.7986 -0.2302 0.5511 0.0742 -0.8117 -0.2119 -0.516 0.1733 -0.6749 0.1474 0.6588 0.298 -0.6744 0.1069 0.7213 0.1159 -0.9509 0.0391 -0.3068 -0.0155
-0.7775 0.1772 0.5992 0.0707 -0.2437 0.7586 0.0199 0.6039 -0.7071 0.2787 0.5779 0.2973 -0.7382 -0.1108 0.655 -0.1171 -0.4664 -0.3619 0.6378 -0.4946 -0.7986 -0.2302 0.5511 0.0742 -0.8117 -0.2119 -0.516 0.1733 -0.6749 0.1474 0.6588 0.298 -0.6744 0.1069 0.7213 0.1159 -0.9509 0.0391 -0.3068 -0.0155
-0.7775 0.1772 0.5992 0.0707 -0.2437 0.7586 0.0199 0.6039 -0.7071 0.2787 0.5779 0.2973 -0.7379 -0.0775 0.6691 -0.0431 -0.4664 -0.3619 0.6378 -0.4946 -0.7986 -0.2302 0.5511 0.0742 -0.8117 -0.2119 -0.516 0.1733 -0.6774 0.162 0.6758 0.2415 -0.6744 0.1069 0.7213 0.1159 -0.9504 0.0382 -0.308 -0.0189
-0.7775 0.1772 0.5992 0.0707 -0.2437 0.7586 0.0199 0.6039 -0.7071 0.2787 0.5779 0.2973 -0.7379 -0.0775 0.6691 -0.0431 -0.4664 -0.3619 0.6378 -0.4946 -0.8333 -0.2505 0.4568 0.1851 -0.8117 -0.2119 -0.516 0.1733 -0.6774 0.162 0.6758 0.2415 -0.6744 0.1069 0.7213 0.1159 -0.9504 0.0382 -0.308 -0.0189
-0.7775 0.1772 0.5992 0.0707 -0.2437 0.7586 0.0199 0.6039 -0.7071 0.2787 0.5779 0.2973 -0.7379 -0.0775 0.6691 -0.0431 -0.4664 -0.3619 0.6378 -0.4946 -0.8333 -0.2505 0.4568 0.1851 -0.8117 -0.2119 -0.516 0.1733 -0.6774 0.162 0.6758 0.2415 -0.6744 0.1069 0.7213 0.1159 -0.9504 0.0382 -0.308 -0.0189
-0.7775 0.1772 0.5992 0.0707 -0.2437 0.7586 0.0199 0.6039 -0.7071 0.2787 0.5779 0.2973 -0.7379 -0.0775 0.6691 -0.0431 -0.4664 -0.3619 0.6378 -0.4946 -0.8333 -0.2505 0.4568 0.1851 -0.8117 -0.2119 -0.516 0.1733 -0.6774 0.162 0.6758 0.2415 -0.6744 0.1069 0.7213 0.1159 -0.9504 0.0382 -0.308 -0.0189
-0.7775 0.1772 0.5992 0.0707 -0.2097 0.7413 -0.0126 0.6375 -0.6694 0.2913 0.5528 0.4019 -0.7379 -0.0775 0.6691 -0.0431 -0.4122 -0.2344 0.6981 -0.5364 -0.8333 -0.2505 0.4568 0.1851 -0.5811 -0.199 -0.7118 0.3408 -0.6774 0.162 0.6758 0.2415 -0.678 0.1293 0.7175 0.094 -0.9504 0.0382 -0.308 -0.0189
-0.7775 0.1772 0.5992 0.0707 -0.2097 0.7413 -0.0126 0.6375 -0.6694 0.2913 0.5528 0.4019 -0.7375 -0.0925 0.6622 0.0948 -0.4122 -0.2344 0.6981 -0.5364 -0.8333 -0.2505 0.4568 0.1851 -0.5811 -0.199 -0.7118 0.3408 -0.6774 0.162 0.6758 0.2415 -0.678 0.1293 0.7175 0.094 -0.9504 0.0382 -0.308 -0.0189
-0.7499 0.2358 0.5802 0.2131 -0.2097 0.7413 -0.0126 0.6375 -0.6694 0.2913 0.5528 0.4019 -0.7375 -0.0925 0.6622 0.0948 -0.4122 -0.2344 0.6981 -0.5364 -0.8333 -0.2505 0.4568 0.1851 -0.5811 -0.199 -0.7118 0.3408 -0.6697 0.1986 0.682 0.2169 -0.678 0.1293 0.7175 0.094 -0.9504 0.0382 -0.308 -0.0189
-0.7499 0.2358 0.5802 0.2131 -0.2097 0.7413 -0.0126 0.6375 -0.6694 0.2913 0.5528 0.4019 -0.7375 -0.0925 0.6622 0.0948 -0.4122 -0.2344 0.6981 -0.5364 -0.8333 -0.2505 0.4568 0.1851 -0.5811 -0.199 -0.7118 0.3408 -0.6697 0.1986 0.682 0.2169 -0.678 0.1293 0.7175 0.094 -0.95 0.0391 -0.3094 -0.0189
-0.7499 0.2358 0.5802 0.2131 -0.2097 0.7413 -0.0126 0.6375 -0.6694 0.2913 0.5528 0.4019 -0.7375 -0.0925 0.6622 0.0948 -0.4122 -0.2344 0.6981 -0.5364 -0.8341 -0.2191 0.4417 0.2471 -0.5811 -0.199 -0.7118 0.3408 -0.6697 0.1986 0.682 0.2169 -0.678 0.1293 0.7175 0.094 -0.95 0.0391 -0.3094 -0.0189
-0.7499 0.2358 0.5802 0.2131 -0.2097 0.7413 -0.0126 0.6375 -0.6694 0.2913 0.5528 0.4019 -0.7375 -0.0925 0.6622 0.0948 -0.4122 -0.2344 0.6981 -0.5364 -0.8341 -0.2191 0.4417 0.2471 -0.5811 -0.199 -0.7118 0.3408 -0.6697 0.1986 0.682 0.2169 -0.678 0.1293 0.7175 0.094 -0.95 0.0391 -0.3094 -0.0189
-0.7499 0.2358 0.5802 0.2131 -0.1725 0.7256 -0.0445 0.6646 -0.6694 0.2913 0.5528 0.4019 -0.7375 -0.0925 0.6622 0.0948 -0.4122 -0.2344 0.6981 -0.5364 -0.8341 -0.2191 0.4417 0.2471 -0.5811 -0.199 -0.7118 0.3408 -0.6697 0.1986 0.682 0.2169 -0.6819 0.1402 0.7132 0.0823 -0.95 0.0391 -0.3094 -0.0189
-0.7499 0.2358 0.5802 0.2131 -0.1725 0.7256 -0.0445 0.6646 -0.6694 0.2913 0.5528 0.4019 -0.7375 -0.0925 0.6622 0.0948 -0.4122 -0.2344 0.6981 -0.5364 -0.8341 -0.2191 0.4417 0.2471 -0.6376 -0.1905 -0.6618 0.3452 -0.6697 0.1986 0.682 0.2169 -0.6819 0.1402 0.7132 0.0823 -0.95 0.0391 -0.3094 -0.0189
-0.7499 0.2358 0.5802 0.2131 -0.1725 0.7256 -0.0445 0.6646 -0.6694 0.2913 0.5528 0.4019 -0.7375 -0.0925 0.6622 0.0948 -0.3287 -0.1322 0.7095 -0.6092 -0.8341 -0.2191 0.4417 0.2471 -0.6376 -0.1905 -0.6618 0.3452 -0.6697 0.1986 0.682 0.2169 -0.6819 0.1402 0.7132 0.0823 -0.95 0.0391 -0.3094 -0.0189
-0.7424 0.247 0.5743 0.2409 -0.1725 0.7256 -0.0445 0.6646 -0.6694 0.2913 0.5528 0.4019 -0.7375 -0.0925 0.6622 0.0948 -0.3287 -0.1322 0.7095 -0.6092 -0.8341 -0.2191 0.4417 0.2471 -0.6376 -0.1905 -0.6618 0.3452 -0.6697 0.1986 0.682 0.2169 -0.6819 0.1402 0.7132 0.0823 -0.95 0.0391 -0.3094 -0.0189
-0.7424 0.247 0.5743 0.2409 -0.1725 0.7256 -0.0445 0.6646 -0.6694 0.2913 0.5528 0.4019 -0.7375 -0.0925 0.6622 0.0948 -0.3287 -0.1322 0.7095 -0.6092 -0.8341 -0.2191 0.4417 0.2471 -0.6376 -0.1905 -0.6618 0.3452 -0.665 0.2216 0.6916 0.1743 -0.6819 0.1402 0.7132 0.0823 -0.95 0.0391 -0.3094 -0.0189
-0.7424 0.247 0.5743 0.2409 -0.1725 0.7256 -0.0445 0.6646 -0.6694 0.2913 0.5528 0.4019 -0.7375 -0.0925 0.6622 0.0948 -0.3287 -0.1322 0.7095 -0.6092 -0.7996 -0.2236 0.5363 0.1522 -0.6376 -0.1905 -0.6618 0.3452 -0.665 0.2216 0.6916 0.1743 -0.6819 0.1402 0.7132 0.0823 -0.949 0.0413 -0.3121 -0.019
-0.7424 0.247 0.5743 0.2409 -0.1725 0.7256 -0.0445 0.6646 -0.6694 0.2913 0.5528 0.4019 -0.7375 -0.0925 0.6622 0.0948 -0.3287 -0.1322 0.7095 -0.6092 -0.7996 -0.2236 0.5363 0.1522 -0.6376 -0.1905 -0.6618 0.3452 -0.665 0.2216 0.6916 0.1743 -0.6819 0.1402 0.7132 0.0823 -0.949 0.0413 -0.3121 -0.019
-0.7424 0.247 0.5743 0.2409 -0.1725 0.7256 -0.0445 0.6646 -0.6694 0.2913 0.5528 0.4019 -0.7375 -0.0925 0.6622 0.0948 -0.3287 -0.1322 0.7095 -0.6092 -0.7996 -0.2236 0.5363 0.1522 -0.6376 -0.1905 -0.6618 0.3452 -0.665 0.2216 0.6916 0.1743 -0.6819 0.1402 0.7132 0.0823 -0.949 0.0413 -0.3121 -0.019
-0.7424 0.247 0.5743 0.2409 -0.1654 0.7189 -0.0398 0.674 -0.6578 0.2125 0.5433 0.4764 -0.7375 -0.0925 0.6622 0.0948 -0.3287 -0.1322 0.7095 -0.6092 -0.7996 -0.2236 0.5363 0.1522 -0.7731 -0.2487 -0.5374 0.2271 -0.665 0.2216 0.6916 0.1743 -0.6875 0.1517 0.7068 0.0687 -0.949 0.0413 -0.3121 -0.019
-0.7424 0.247 0.5743 0.2409 -0.1654 0.7189 -0.0398 0.674 -0.6578 0.2125 0.5433 0.4764 -0.7375 -0.0925 0.6622 0.0948 -0.2968 -0.1308 0.7151 -0.6191 -0.7996 -0.2236 0.5363 0.1522 -0.7731 -0.2487 -0.5374 0.2271 -0.665 0.2216 0.6916 0.1743 -0.6875 0.1517 0.7068 0.0687 -0.949 0.0413 -0.3121 -0.019
-0.7424 0.247 0.5743 0.2409 -0.1654 0.7189 -0.0398 0.674 -0.6578 0.2125 0.5433 0.4764 -0.7375 -0.0925 0.6622 0.0948 -0.2968 -0.1308 0.7151 -0.6191 -0.7996 -0.2236 0.5363 0.1522 -0.7731 -0.2487 -0.5374 0.2271 -0.665 0.2216 0.6916 0.1743 -0.6875 0.1517 0.7068 0.0687 -0.949 0.0413 -0.3121 -0.019
-0.74 0.2369 0.5779 0.2497 -0.1654 0.7189 -0.0398 0.674 -0.6578 0.2125 0.5433 0.4764 -0.7375 -0.0925 0.6622 0.0948 -0.2968 -0.1308 0.7151 -0.6191 -0.7996 -0.2236 0.5363 0.1522 -0.7731 -0.2487 -0.5374 0.2271 -0.6619 0.2467 0.695 0.1345 -0.6875 0.1517 0.7068 0.0687 -0.949 0.0413 -0.3121 -0.019
-0.74 0.2369 0.5779 0.2497 -0.1654 0.7189 -0.0398 0.674 -0.6578 0.2125 0.5433 0.4764 -0.7375 -0.0925 0.6622 0.0948 -0.2968 -0.1308 0.7151 -0.6191 -0.7316 -0.1265 0.6689 -0.0344 -0.7731 -0.2487 -0.5374 0.2271 -0.6619 0.2467 0.695 0.1345 -0.6875 0.1517 0.7068 0.0687 -0.9481 0.0435 -0.3144 -0.0205
-0.74 0.2369 0.5779 0.2497 -0.1654 0.7189 -0.0398 0.674 -0.6578 0.2125 0.5433 0.4764 -0.7375 -0.0925 0.6622 0.0948 -0.2968 -0.1308 0.7151 -0.6191 -0.7316 -0.1265 0.6689 -0.0344 -0.7731 -0.2487 -0.5374 0.2271 -0.6619 0.2467 0.695 0.1345 -0.6875 0.1517 0.7068 0.0687 -0.9481 0.0435 -0.3144 -0.0205
-0.74 0.2369 0.5779 0.2497 -0.1654 0.7189 -0.0398 0.674 -0.6578 0.2125 0.5433 0.4764 -0.7375 -0.0925 0.6622 0.0948 -0.2968 -0.1308 0.7151 -0.6191 -0.7316 -0.1265 0.6689 -0.0344 -0.7731 -0.2487 -0.5374 0.2271 -0.6619 0.2467 0.695 0.1345 -0.6875 0.1517 0.7068 0.0687 -0.9481 0.0435 -0.3144 -0.0205
-0.74 0.2369 0.5779 0.2497 -0.1514 0.7199 -0.0278 0.6768 -0.6534 0.2297 0.5378 0.4807 -0.7375 -0.0925 0.6622 0.0948 -0.2968 -0.1308 0.7151 -0.6191 -0.7316 -0.1265 0.6689 -0.0344 -0.9178 -0.2416 -0.2982 0.1019 -0.6619 0.2467 0.695 0.1345 -0.6992 0.1582 0.6959 0.0421 -0.9481 0.0435 -0.3144 -0.0205
-0.74 0.2369 0.5779 0.2497 -0.1514 0.7199 -0.0278 0.6768 -0.6534 0.2297 0.5378 0.4807 -0.7375 -0.0925 0.6622 0.0948 -0.2968 -0.1308 0.7151 -0.6191 -0.7316 -0.1265 0.6689 -0.0344 -0.9178 -0.2416 -0.2982 0.1019 -0.6619 0.2467 0.695 0.1345 -0.6992 0.1582 0.6959 0.0421 -0.9481 0.0435 -0.3144 -0.0205
-0.7263 0.2312 0.5964 0.2518 -0.1514 0.7199 -0.0278 0.6768 -0.6534 0.2297 0.5378 0.4807 -0.6979 -0.2114 0.658 0.188 -0.3651 -0.2595 0.7178 -0.5331 -0.7316 -0.1265 0.6689 -0.0344 -0.9178 -0.2416 -0.2982 0.1019 -0.6619 0.2467 0.695 0.1345 -0.6992 0.1582 0.6959 0.0421 -0.9481 0.0435 -0.3144 -0.0205
-0.7263 0.2312 0.5964 0.2518 -0.1514 0.7199 -0.0278 0.6768 -0.6534 0.2297 0.5378 0.4807 -0.6979 -0.2114 0.658 0.188 -0.3651 -0.2595 0.7178 -0.5331 -0.7316 -0.1265 0.6689 -0.0344 -0.9178 -0.2416 -0.2982 0.1019 -0.6692 0.2477 0.6951 0.0878 -0.6992 0.1582 0.6959 0.0421 -0.9481 0.0435 -0.3144 -0.0205
-0.7263 0.2312 0.5964 0.2518 -0.1514 0.7199 -0.0278 0.6768 -0.6534 0.2297 0.5378 0.4807 -0.6979 -0.2114 0.658 0.188 -0.3651 -0.2595 0.7178 -0.5331 -0.6859 -0.0753 0.7137 -0.1205 -0.9178 -0.2416 -0.2982 0.1019 -0.6692 0.2477 0.6951 0.0878 -0.6992 0.1582 0.6959 0.0421 -0.9457 0.0457 -0.3208 -0.0247
-0.7263 0.2312 0.5964 0.2518 -0.1505 0.7309 0.0024 0.6657 -0.6534 0.2297 0.5378 0.4807 -0.6979 -0.2114 0.658 0.188 -0.3651 -0.2595 0.7178 -0.5331 -0.6859 -0.0753 0.7137 -0.1205 -0.9178 -0.2416 -0.2982 0.1019 -0.6692 0.2477 0.6951 0.0878 -0.6992 0.1582 0.6959 0.0421 -0.9457 0.0457 -0.3208 -0.0247
-0.7263 0.2312 0.5964 0.2518 -0.1505 0.7309 0.0024 0.6657 -0.6534 0.2297 0.5378 0.4807 -0.6979 -0.2114 0.658 0.188 -0.3651 -0.2595 0.7178 -0.5331 -0.6859 -0.0753 0.7137 -0.1205 -0.9178 -0.2416 -0.2982 0.1019 -0.6692 0.2477 0.6951 0.0878 -0.6992 0.1582 0.6959 0.0421 -0.9457 0.0457 -0.3208 -0.0247
-0.7263 0.2312 0.5964 0.2518 -0.1505 0.7309 0.0024 0.6657 -0.6665 0.2441 0.5278 0.4665 -0.6979 -0.2114 0.658 0.188 -0.3651 -0.2595 0.7178 -0.5331 -0.6859 -0.0753 0.7137 -0.1205 -0.9178 -0.2416 -0.2982 0.1019 -0.6692 0.2477 0.6951 0.0878 -0.6992 0.1582 0.6959 0.0421 -0.9457 0.0457 -0.3208 -0.0247
-0.7277 0.2197 0.6183 0.1996 -0.1505 0.7309 0.0024 0.6657 -0.6665 0.2441 0.5278 0.4665 -0.6979 -0.2114 0.658 0.188 -0.3521 -0.3579 0.6797 -0.5347 -0.6859 -0.0753 0.7137 -0.1205 -0.9178 -0.2416 -0.2982 0.1019 -0.6692 0.2477 0.6951 0.0878 -0.6992 0.1582 0.6959 0.0421 -0.9457 0.0457 -0.3208 -0.0247
-0.7277 0.2197 0.6183 0.1996 -0.1505 0.7309 0.0024 0.6657 -0.6665 0.2441 0.5278 0.4665 -0.6979 -0.2114 0.658 0.188 -0.3521 -0.3579 0.6797 -0.5347 -0.6859 -0.0753 0.7137 -0.1205 -0.9178 -0.2416 -0.2982 0.1019 -0.6823 0.2172 0.6901 0.1047 -0.6992 0.1582 0.6959 0.0421 -0.9457 0.0457 -0.3208 -0.0247
-0.7277 0.2197 0.6183 0.1996 -0.1505 0.7309 0.0024 0.6657 -0.6665 0.2441 0.5278 0.4665 -0.6979 -0.2114 0.658 0.188 -0.3521 -0.3579 0.6797 -0.5347 -0.6859 -0.0753 0.7137 -0.1205 -0.9178 -0.2416 -0.2982 0.1019 -0.6823 0.2172 0.6901 0.1047 -0.6992 0.1582 0.6959 0.0421 -0.8907 0.0711 -0.4487 -0.0175
-0.7277 0.2197 0.6183 0.1996 -0.1505 0.7309 0.0024 0.6657 -0.6665 0.2441 0.5278 0.4665 -0.6979 -0.2114 0.658 0.188 -0.3521 -0.3579 0.6797 -0.5347 -0.6877 -0.1803 0.6834 -0.1656 -0.9178 -0.2416 -0.2982 0.1019 -0.6823 0.2172 0.6901 0.1047 -0.6992 0.1582 0.6959 0.0421 -0.8907 0.0711 -0.4487 -0.0175
-0.7277 0.2197 0.6183 0.1996 -0.1505 0.7309 0.0024 0.6657 -0.6665 0.2441 0.5278 0.4665 -0.6979 -0.2114 0.658 0.188 -0.3521 -0.3579 0.6797 -0.5347 -0.6877 -0.1803 0.6834 -0.1656 -0.9178 -0.2416 -0.2982 0.1019 -0.6823 0.2172 0.6901 0.1047 -0.6992 0.1582 0.6959 0.0421 -0.8907 0.0711 -0.4487 -0.0175
-0.7277 0.2197 0.6183 0.1996 -0.1644 0.7437 -0.0025 0.6479 -0.6788 0.2717 0.5463 0.4086 -0.6979 -0.2114 0.658 0.188 -0.3521 -0.3579 0.6797 -0.5347 -0.6877 -0.1803 0.6834 -0.1656 -0.9398 -0.1671 -0.2805 0.1006 -0.6823 0.2172 0.6901 0.1047 -0.7424 0.2651 0.6029 -0.1229 -0.8907 0.0711 -0.4487 -0.0175
-0.7277 0.2197 0.6183 0.1996 -0.1644 0.7437 -0.0025 0.6479 -0.6788 0.2717 0.5463 0.4086 -0.6979 -0.2114 0.658 0.188 -0.4088 -0.3893 0.6749 -0.4752 -0.6877 -0.1803 0.6834 -0.1656 -0.9398 -0.1671 -0.2805 0.1006 -0.6823 0.2172 0.6901 0.1047 -0.7424 0.2651 0.6029 -0.1229 -0.8907 0.0711 -0.4487 -0.0175
-0.7277 0.2197 0.6183 0.1996 -0.1644 0.7437 -0.0025 0.6479 -0.6788 0.2717 0.5463 0.4086 -0.6979 -0.2114 0.658 0.188 -0.4088 -0.3893 0.6749 -0.4752 -0.6877 -0.1803 0.6834 -0.1656 -0.9398 -0.1671 -0.2805 0.1006 -0.6823 0.2172 0.6901 0.1047 -0.7424 0.2651 0.6029 -0.1229 -0.8907 0.0711 -0.4487 -0.0175
-0.7354 0.2097 0.6269 0.1495 -0.1644 0.7437 -0.0025 0.6479 -0.6788 0.2717 0.5463 0.4086 -0.7238 -0.0522 0.6857 0.0568 -0.4088 -0.3893 0.6749 -0.4752 -0.6877 -0.1803 0.6834 -0.1656 -0.9398 -0.1671 -0.2805 0.1006 -0.6823 0.2172 0.6901 0.1047 -0.7424 0.2651 0.6029 -0.1229 -0.8907 0.0711 -0.4487 -0.0175
-0.7354 0.2097 0.6269 0.1495 -0.1644 0.7437 -0.0025 0.6479 -0.6788 0.2717 0.5463 0.4086 -0.7238 -0.0522 0.6857 0.0568 -0.4088 -0.3893 0.6749 -0.4752 -0.6877 -0.1803 0.6834 -0.1656 -0.9398 -0.1671 -0.2805 0.1006 -0.7279 0.1241 0.663 0.1232 -0.7424 0.2651 0.6029 -0.1229 -0.8907 0.0711 -0.4487 -0.0175
-0.7354 0.2097 0.6269 0.1495 -0.1644 0.7437 -0.0025 0.6479 -0.6788 0.2717 0.5463 0.4086 -0.7238 -0.0522 0.6857 0.0568 -0.4088 -0.3893 0.6749 -0.4752 -0.6998 -0.1754 0.6793 -0.1342 -0.9398 -0.1671 -0.2805 0.1006 -0.7279 0.1241 0.663 0.1232 -0.7424 0.2651 0.6029 -0.1229 -0.7892 0.0698 -0.6085 -0.0438
-0.7354 0.2097 0.6269 0.1495 -0.1644 0.7437 -0.0025 0.6479 -0.6788 0.2717 0.5463 0.4086 -0.7238 -0.0522 0.6857 0.0568 -0.4088 -0.3893 0.6749 -0.4752 -0.6998 -0.1754 0.6793 -0.1342 -0.9398 -0.1671 -0.2805 0.1006 -0.7279 0.1241 0.663 0.1232 -0.7424 0.2651 0.6029 -0.1229 -0.7892 0.0698 -0.6085 -0.0438
-0.7354 0.2097 0.6269 0.1495 -0.1644 0.7437 -0.0025 0.6479 -0.7353 0.2511 0.5417 0.3206 -0.7238 -0.0522 0.6857 0.0568 -0.4088 -0.3893 0.6749 -0.4752 -0.6998 -0.1754 0.6793 -0.1342 -0.9398 -0.1671 -0.2805 0.1006 -0.7279 0.1241 0.663 0.1232 -0.7424 0.2651 0.6029 -0.1229 -0.7892 0.0698 -0.6085 -0.0438
-0.7354 0.2097 0.6269 0.1495 -0.1644 0.7437 -0.0025 0.6479 -0.7353 0.2511 0.5417 0.3206 -0.7238 -0.0522 0.6857 0.0568 -0.4265 -0.4262 0.6499 -0.4626 -0.6998 -0.1754 0.6793 -0.1342 -0.9398 -0.1671 -0.2805 0.1006 -0.7279 0.1241 0.663 0.1232 -0.7424 0.2651 0.6029 -0.1229 -0.7892 0.0698 -0.6085 -0.0438
-0.7578 0.2013 0.6113 0.1075 -0.1644 0.7437 -0.0025 0.6479 -0.7353 0.2511 0.5417 0.3206 -0.7238 -0.0522 0.6857 0.0568 -0.4265 -0.4262 0.6499 -0.4626 -0.6998 -0.1754 0.6793 -0.1342 -0.9398 -0.1671 -0.2805 0.1006 -0.7279 0.1241 0.663 0.1232 -0.7424 0.2651 0.6029 -0.1229 -0.7892 0.0698 -0.6085 -0.0438
-0.7578 0.2013 0.6113 0.1075 -0.1644 0.7437 -0.0025 0.6479 -0.7353 0.2511 0.5417 0.3206 -0.7238 -0.0522 0.6857 0.0568 -0.4265 -0.4262 0.6499 -0.4626 -0.6998 -0.1754 0.6793 -0.1342 -0.9398 -0.1671 -0.2805 0.1006 -0.7416 0.0776 0.6357 0.1996 -0.7424 0.2651 0.6029 -0.1229 -0.7892 0.0698 -0.6085 -0.0438
-0.7578 0.2013 0.6113 0.1075 -0.1644 0.7437 -0.0025 0.6479 -0.7353 0.2511 0.5417 0.3206 -0.7238 -0.0522 0.6857 0.0568 -0.4265 -0.4262 0.6499 -0.4626 -0.6998 -0.1754 0.6793 -0.1342 -0.9398 -0.1671 -0.2805 0.1006 -0.7416 0.0776 0.6357 0.1996 -0.7424 0.2651 0.6029 -0.1229 -0.7892 0.0698 -0.6085 -0.0438
-0.7578 0.2013 0.6113 0.1075 -0.1644 0.7437 -0.0025 0.6479 -0.7353 0.2511 0.5417 0.3206 -0.7238 -0.0522 0.6857 0.0568 -0.4265 -0.4262 0.6499 -0.4626 -0.7062 -0.1843 0.6735 -0.1175 -0.9398 -0.1671 -0.2805 0.1006 -0.7416 0.0776 0.6357 0.1996 -0.7424 0.2651 0.6029 -0.1229 -0.8103 0.0566 -0.551 -0.1911
-0.7578 0.2013 0.6113 0.1075 -0.2704 0.7896 -0.0147 0.5506 -0.7353 0.2511 0.5417 0.3206 -0.7238 -0.0522 0.6857 0.0568 -0.4265 -0.4262 0.6499 -0.4626 -0.7062 -0.1843 0.6735 -0.1175 -0.9398 -0.1671 -0.2805 0.1006 -0.7416 0.0776 0.6357 0.1996 -0.7424 0.2651 0.6029 -0.1229 -0.8103 0.0566 -0.551 -0.1911
-0.7578 0.2013 0.6113 0.1075 -0.2704 0.7896 -0.0147 0.5506 -0.7833 0.2291 0.5284 0.2338 -0.7238 -0.0522 0.6857 0.0568 -0.4265 -0.4262 0.6499 -0.4626 -0.7062 -0.1843 0.6735 -0.1175 -0.9415 -0.1648 -0.2772 0.0976 -0.7416 0.0776 0.6357 0.1996 -0.7551 0.1055 0.6163 -0.1968 -0.8103 0.0566 -0.551 -0.1911
-0.7578 0.2013 0.6113 0.1075 -0.2704 0.7896 -0.0147 0.5506 -0.7833 0.2291 0.5284 0.2338 -0.7238 -0.0522 0.6857 0.0568 -0.4439 -0.4504 0.6303 -0.4503 -0.7062 -0.1843 0.6735 -0.1175 -0.9415 -0.1648 -0.2772 0.0976 -0.7416 0.0776 0.6357 0.1996 -0.7551 0.1055 0.6163 -0.1968 -0.8103 0.0566 -0.551 -0.1911
-0.7578 0.2013 0.6113 0.1075 -0.2704 0.7896 -0.0147 0.5506 -0.7833 0.2291 0.5284 0.2338 -0.7238 -0.0522 0.6857 0.0568 -0.4439 -0.4504 0.6303 -0.4503 -0.7062 -0.1843 0.6735 -0.1175 -0.9415 -0.1648 -0.2772 0.0976 -0.7416 0.0776 0.6357 0.1996 -0.7551 0.1055 0.6163 -0.1968 -0.8103 0.0566 -0.551 -0.1911
-0.7578 0.2013 0.6113 0.1075 -0.2704 0.7896 -0.0147 0.5506 -0.7833 0.2291 0.5284 0.2338 -0.7238 -0.0522 0.6857 0.0568 -0.4439 -0.4504 0.6303 -0.4503 -0.7062 -0.1843 0.6735 -0.1175 -0.9415 -0.1648 -0.2772 0.0976 -0.7261 0.0667 0.6302 0.267 -0.7551 0.1055 0.6163 -0.1968 -0.8103 0.0566 -0.551 -0.1911
-0.7578 0.2013 0.6113 0.1075 -0.2704 0.7896 -0.0147 0.5506 -0.7833 0.2291 0.5284 0.2338 -0.7238 -0.0522 0.6857 0.0568 -0.4439 -0.4504 0.6303 -0.4503 -0.7062 -0.1843 0.6735 -0.1175 -0.9415 -0.1648 -0.2772 0.0976 -0.7261 0.0667 0.6302 0.267 -0.7551 0.1055 0.6163 -0.1968 -0.8103 0.0566 -0.551 -0.1911
-0.7578 0.2013 0.6113 0.1075 -0.2704 0.7896 -0.0147 0.5506 -0.7833 0.2291 0.5284 0.2338 -0.7238 -0.0522 0.6857 0.0568 -0.4439 -0.4504 0.6303 -0.4503 -0.7125 -0.1931 0.6667 -0.1026 -0.9415 -0.1648 -0.2772 0.0976 -0.7261 0.0667 0.6302 0.267 -0.7551 0.1055 0.6163 -0.1968 -0.9023 0.0854 -0.3782 -0.1881
-0.7578 0.2013 0.6113 0.1075 -0.2929 0.7941 -0.009 0.5325 -0.7833 0.2291 0.5284 0.2338 -0.7238 -0.0522 0.6857 0.0568 -0.4439 -0.4504 0.6303 -0.4503 -0.7125 -0.1931 0.6667 -0.1026 -0.9415 -0.1648 -0.2772 0.0976 -0.7261 0.0667 0.6302 0.267 -0.7551 0.1055 0.6163 -0.1968 -0.9023 0.0854 -0.3782 -0.1881
-0.7578 0.2013 0.6113 0.1075 -0.2929 0.7941 -0.009 0.5325 -0.7833 0.2291 0.5284 0.2338 -0.7238 -0.0522 0.6857 0.0568 -0.4439 -0.4504 0.6303 -0.4503 -0.7125 -0.1931 0.6667 -0.1026 -0.9415 -0.1648 -0.2772 0.0976 -0.7261 0.0667 0.6302 0.267 -0.7551 0.1055 0.6163 -0.1968 -0.9023 0.0854 -0.3782 -0.1881
-0.7578 0.2013 0.6113 0.1075 -0.2929 0.7941 -0.009 0.5325 -0.8097 0.2148 0.5148 0.1824 -0.7238 -0.0522 0.6857 0.0568 -0.4439 -0.4504 0.6303 -0.4503 -0.7125 -0.1931 0.6667 -0.1026 -0.9412 -0.1652 -0.2781 0.0979 -0.7261 0.0667 0.6302 0.267 -0.7551 0.1055 0.6163 -0.1968 -0.9023 0.0854 -0.3782 -0.1881
-0.7776 0.1655 0.6031 0.0643 -0.2929 0.7941 -0.009 0.5325 -0.8097 0.2148 0.5148 0.1824 -0.7632 -0.1429 0.6144 -0.1398 -0.4623 -0.4775 0.602 -0.4425 -0.7125 -0.1931 0.6667 -0.1026 -0.9412 -0.1652 -0.2781 0.0979 -0.7261 0.0667 0.6302 0.267 -0.7551 0.1055 0.6163 -0.1968 -0.9023 0.0854 -0.3782 -0.1881
-0.7776 0.1655 0.6031 0.0643 -0.2929 0.7941 -0.009 0.5325 -0.8097 0.2148 0.5148 0.1824 -0.7632 -0.1429 0.6144 -0.1398 -0.4623 -0.4775 0.602 -0.4425 -0.7125 -0.1931 0.6667 -0.1026 -0.9412 -0.1652 -0.2781 0.0979 -0.7261 0.0667 0.6302 0.267 -0.7551 0.1055 0.6163 -0.1968 -0.9023 0.0854 -0.3782 -0.1881
-0.7776 0.1655 0.6031 0.0643 -0.2929 0.7941 -0.009 0.5325 -0.8097 0.2148 0.5148 0.1824 -0.7632 -0.1429 0.6144 -0.1398 -0.4623 -0.4775 0.602 -0.4425 -0.7125 -0.1931 0.6667 -0.1026 -0.9412 -0.1652 -0.2781 0.0979 -0.707 0.0793 0.652 0.262 -0.7551 0.1055 0.6163 -0.1968 -0.9023 0.0854 -0.3782 -0.1881
-0.7776 0.1655 0.6031 0.0643 -0.2929 0.7941 -0.009 0.5325 -0.8097 0.2148 0.5148 0.1824 -0.7632 -0.1429 0.6144 -0.1398 -0.4623 -0.4775 0.602 -0.4425 -0.7233 -0.1926 0.6587 -0.0768 -0.9412 -0.1652 -0.2781 0.0979 -0.707 0.0793 0.652 0.262 -0.7551 0.1055 0.6163 -0.1968 -0.952 0.0961 -0.2863 -0.0499
-0.7776 0.1655 0.6031 0.0643 -0.2891 0.7828 0.0322 0.55 -0.8097 0.2148 0.5148 0.1824 -0.7632 -0.1429 0.6144 -0.1398 -0.4623 -0.4775 0.602 -0.4425 -0.7233 -0.1926 0.6587 -0.0768 -0.9412 -0.1652 -0.2781 0.0979 -0.707 0.0793 0.652 0.262 -0.7551 0.1055 0.6163 -0.1968 -0.952 0.0961 -0.2863 -0.0499
-0.7776 0.1655 0.6031 0.0643 -0.2891 0.7828 0.0322 0.55 -0.8097 0.2148 0.5148 0.1824 -0.7632 -0.1429 0.6144 -0.1398 -0.4623 -0.4775 0.602 -0.4425 -0.7233 -0.1926 0.6587 -0.0768 -0.9412 -0.1652 -0.2781 0.0979 -0.707 0.0793 0.652 0.262 -0.7551 0.1055 0.6163 -0.1968 -0.952 0.0961 -0.2863 -0.0499
-0.7776 0.1655 0.6031 0.0643 -0.2891 0.7828 0.0322 0.55 -0.8101 0.2271 0.5178 0.1546 -0.7632 -0.1429 0.6144 -0.1398 -0.4623 -0.4775 0.602 -0.4425 -0.7233 -0.1926 0.6587 -0.0768 -0.9406 -0.1635 -0.2797 0.1014 -0.707 0.0793 0.652 0.262 -0.7551 0.1055 0.6163 -0.1968 -0.952 0.0961 -0.2863 -0.0499
-0.7776 0.1655 0.6031 0.0643 -0.2891 0.7828 0.0322 0.55 -0.8101 0.2271 0.5178 0.1546 -0.7632 -0.1429 0.6144 -0.1398 -0.4861 -0.4872 0.5848 -0.4294 -0.7233 -0.1926 0.6587 -0.0768 -0.9406 -0.1635 -0.2797 0.1014 -0.707 0.0793 0.652 0.262 -0.7551 0.1055 0.6163 -0.1968 -0.952 0.0961 -0.2863 -0.0499
-0.7776 0.1655 0.6031 0.0643 -0.2891 0.7828 0.0322 0.55 -0.8101 0.2271 0.5178 0.1546 -0.7632 -0.1429 0.6144 -0.1398 -0.4861 -0.4872 0.5848 -0.4294 -0.7233 -0.1926 0.6587 -0.0768 -0.9406 -0.1635 -0.2797 0.1014 -0.707 0.0793 0.652 0.262 -0.7551 0.1055 0.6163 -0.1968 -0.952 0.0961 -0.2863 -0.0499
-0.7776 0.1655 0.6031 0.0643 -0.2891 0.7828 0.0322 0.55 -0.8101 0.2271 0.5178 0.1546 -0.7632 -0.1429 0.6144 -0.1398 -0.4861 -0.4872 0.5848 -0.4294 -0.7233 -0.1926 0.6587 -0.0768 -0.9406 -0.1635 -0.2797 0.1014 -0.6737 0.1476 0.6564 0.3057 -0.7551 0.1055 0.6163 -0.1968 -0.952 0.0961 -0.2863 -0.0499
-0.7776 0.1655 0.6031 0.0643 -0.2891 0.7828 0.0322 0.55 -0.8101 0.2271 0.5178 0.1546 -0.7632 -0.1429 0.6144 -0.1398 -0.4861 -0.4872 0.5848 -0.4294 -0.7549 -0.2167 0.6182 -0.0304 -0.9406 -0.1635 -0.2797 0.1014 -0.6737 0.1476 0.6564 0.3057 -0.7551 0.1055 0.6163 -0.1968 -0.9627 0.0443 -0.2668 0.0031
-0.7776 0.1655 0.6031 0.0643 -0.2891 0.7828 0.0322 0.55 -0.8101 0.2271 0.5178 0.1546 -0.7632 -0.1429 0.6144 -0.1398 -0.4861 -0.4872 0.5848 -0.4294 -0.7549 -0.2167 0.6182 -0.0304 -0.9406 -0.1635 -0.2797 0.1014 -0.6737 0.1476 0.6564 0.3057 -0.7551 0.1055 0.6163 -0.1968 -0.9627 0.0443 -0.2668 0.0031
-0.7776 0.1655 0.6031 0.0643 -0.2793 0.7621 0.0472 0.5822 -0.7816 0.227 0.5512 0.1837 -0.7632 -0.1429 0.6144 -0.1398 -0.4861 -0.4872 0.5848 -0.4294 -0.7549 -0.2167 0.6182 -0.0304 -0.9292 -0.172 -0.3044 0.1195 -0.6737 0.1476 0.6564 0.3057 -0.7551 0.1055 0.6163 -0.1968 -0.9627 0.0443 -0.2668 0.0031
-0.7776 0.1655 0.6031 0.0643 -0.2793 0.7621 0.0472 0.5822 -0.7816 0.227 0.5512 0.1837 -0.7632 -0.1429 0.6144 -0.1398 -0.4931 -0.4462 0.6084 -0.4332 -0.7549 -0.2167 0.6182 -0.0304 -0.9292 -0.172 -0.3044 0.1195 -0.6737 0.1476 0.6564 0.3057 -0.7551 0.1055 0.6163 -0.1968 -0.9627 0.0443 -0.2668 0.0031
-0.7776 0.1655 0.6031 0.0643 -0.2793 0.7621 0.0472 0.5822 -0.7816 0.227 0.5512 0.1837 -0.7632 -0.1429 0.6144 -0.1398 -0.4931 -0.4462 0.6084 -0.4332 -0.7549 -0.2167 0.6182 -0.0304 -0.9292 -0.172 -0.3044 0.1195 -0.6737 0.1476 0.6564 0.3057 -0.7551 0.1055 0.6163 -0.1968 -0.9627 0.0443 -0.2668 0.0031
-0.7637 0.1746 0.6107 0.1156 -0.2793 0.7621 0.0472 0.5822 -0.7816 0.227 0.5512 0.1837 -0.7422 -0.0968 0.6288 -0.2106 -0.4931 -0.4462 0.6084 -0.4332 -0.7549 -0.2167 0.6182 -0.0304 -0.9292 -0.172 -0.3044 0.1195 -0.6813 0.1367 0.6651 0.2733 -0.7551 0.1055 0.6163 -0.1968 -0.9627 0.0443 -0.2668 0.0031
-0.7637 0.1746 0.6107 0.1156 -0.2793 0.7621 0.0472 0.5822 -0.7816 0.227 0.5512 0.1837 -0.7422 -0.0968 0.6288 -0.2106 -0.4931 -0.4462 0.6084 -0.4332 -0.7549 -0.2167 0.6182 -0.0304 -0.9292 -0.172 -0.3044 0.1195 -0.6813 0.1367 0.6651 0.2733 -0.7551 0.1055 0.6163 -0.1968 -0.9536 0.0439 -0.2979 -4.0E-4
-0.7637 0.1746 0.6107 0.1156 -0.2793 0.7621 0.0472 0.5822 -0.7816 0.227 0.5512 0.1837 -0.7422 -0.0968 0.6288 -0.2106 -0.4931 -0.4462 0.6084 -0.4332 -0.7961 -0.2485 0.5469 0.0732 -0.9292 -0.172 -0.3044 0.1195 -0.6813 0.1367 0.6651 0.2733 -0.7551 0.1055 0.6163 -0.1968 -0.9536 0.0439 -0.2979 -4.0E-4
-0.7637 0.1746 0.6107 0.1156 -0.2312 0.7488 0.0203 0.6208 -0.7816 0.227 0.5512 0.1837 -0.7422 -0.0968 0.6288 -0.2106 -0.4931 -0.4462 0.6084 -0.4332 -0.7961 -0.2485 0.5469 0.0732 -0.9292 -0.172 -0.3044 0.1195 -0.6813 0.1367 0.6651 0.2733 -0.7551 0.1055 0.6163 -0.1968 -0.9536 0.0439 -0.2979 -4.0E-4
-0.7637 0.1746 0.6107 0.1156 -0.2312 0.7488 0.0203 0.6208 -0.7816 0.227 0.5512 0.1837 -0.7422 -0.0968 0.6288 -0.2106 -0.4931 -0.4462 0.6084 -0.4332 -0.7961 -0.2485 0.5469 0.0732 -0.9292 -0.172 -0.3044 0.1195 -0.6813 0.1367 0.6651 0.2733 -0.7551 0.1055 0.6163 -0.1968 -0.9536 0.0439 -0.2979 -4.0E-4
-0.7637 0.1746 0.6107 0.1156 -0.2312 0.7488 0.0203 0.6208 -0.7195 0.2512 0.5826 0.2822 -0.7422 -0.0968 0.6288 -0.2106 -0.4506 -0.3375 0.6497 -0.5108 -0.7961 -0.2485 0.5469 0.0732 -0.9292 -0.172 -0.3044 0.1195 -0.6813 0.1367 0.6651 0.2733 -0.7551 0.1055 0.6163 -0.1968 -0.9536 0.0439 -0.2979 -4.0E-4
-0.7589 0.1962 0.5955 0.1757 -0.2312 0.7488 0.0203 0.6208 -0.7195 0.2512 0.5826 0.2822 -0.7357 -0.0803 0.6626 -0.1154 -0.4506 -0.3375 0.6497 -0.5108 -0.7961 -0.2485 0.5469 0.0732 -0.9292 -0.172 -0.3044 0.1195 -0.6813 0.1367 0.6651 0.2733 -0.7551 0.1055 0.6163 -0.1968 -0.9536 0.0439 -0.2979 -4.0E-4
-0.7589 0.1962 0.5955 0.1757 -0.2312 0.7488 0.0203 0.6208 -0.7195 0.2512 0.5826 0.2822 -0.7357 -0.0803 0.6626 -0.1154 -0.4506 -0.3375 0.6497 -0.5108 -0.7961 -0.2485 0.5469 0.0732 -0.9292 -0.172 -0.3044 0.1195 -0.6786 0.1747 0.67 0.2449 -0.7551 0.1055 0.6163 -0.1968 -0.9536 0.0439 -0.2979 -4.0E-4
-0.7589 0.1962 0.5955 0.1757 -0.2312 0.7488 0.0203 0.6208 -0.7195 0.2512 0.5826 0.2822 -0.7357 -0.0803 0.6626 -0.1154 -0.4506 -0.3375 0.6497 -0.5108 -0.7961 -0.2485 0.5469 0.0732 -0.9292 -0.172 -0.3044 0.1195 -0.6786 0.1747 0.67 0.2449 -0.7551 0.1055 0.6163 -0.1968 -0.9536 0.0439 -0.2979 -4.0E-4
-0.7589 0.1962 0.5955 0.1757 -0.2312 0.7488 0.0203 0.6208 -0.7195 0.2512 0.5826 0.2822 -0.7357 -0.0803 0.6626 -0.1154 -0.4506 -0.3375 0.6497 -0.5108 -0.8242 -0.239 0.4751 0.1946 -0.9292 -0.172 -0.3044 0.1195 -0.6786 0.1747 0.67 0.2449 -0.7551 0.1055 0.6163 -0.1968 -0.9507 0.054 -0.3053 0.0062
-0.7589 0.1962 0.5955 0.1757 -0.2025 0.7376 -0.0238 0.6437 -0.7195 0.2512 0.5826 0.2822 -0.7357 -0.0803 0.6626 -0.1154 -0.4506 -0.3375 0.6497 -0.5108 -0.8242 -0.239 0.4751 0.1946 -0.9292 -0.172 -0.3044 0.1195 -0.6786 0.1747 0.67 0.2449 -0.7551 0.1055 0.6163 -0.1968 -0.9507 0.054 -0.3053 0.0062
-0.7589 0.1962 0.5955 0.1757 -0.2025 0.7376 -0.0238 0.6437 -0.7195 0.2512 0.5826 0.2822 -0.7357 -0.0803 0.6626 -0.1154 -0.4506 -0.3375 0.6497 -0.5108 -0.8242 -0.239 0.4751 0.1946 -0.5794 -0.2039 -0.6959 0.372 -0.6786 0.1747 0.67 0.2449 -0.7551 0.1055 0.6163 -0.1968 -0.9507 0.054 -0.3053 0.0062
-0.7589 0.1962 0.5955 0.1757 -0.2025 0.7376 -0.0238 0.6437 -0.6674 0.2887 0.554 0.4053 -0.7357 -0.0803 0.6626 -0.1154 -0.3933 -0.1868 0.7164 -0.5451 -0.8242 -0.239 0.4751 0.1946 -0.5794 -0.2039 -0.6959 0.372 -0.6786 0.1747 0.67 0.2449 -0.7551 0.1055 0.6163 -0.1968 -0.9507 0.054 -0.3053 0.0062
-0.7549 0.2209 0.5734 0.2292 -0.2025 0.7376 -0.0238 0.6437 -0.6674 0.2887 0.554 0.4053 -0.7357 -0.0803 0.6626 -0.1154 -0.3933 -0.1868 0.7164 -0.5451 -0.8242 -0.239 0.4751 0.1946 -0.5794 -0.2039 -0.6959 0.372 -0.6786 0.1747 0.67 0.2449 -0.7551 0.1055 0.6163 -0.1968 -0.9507 0.054 -0.3053 0.0062
-0.7549 0.2209 0.5734 0.2292 -0.2025 0.7376 -0.0238 0.6437 -0.6674 0.2887 0.554 0.4053 -0.7357 -0.0803 0.6626 -0.1154 -0.3933 -0.1868 0.7164 -0.5451 -0.8242 -0.239 0.4751 0.1946 -0.5794 -0.2039 -0.6959 0.372 -0.6768 0.191 0.6794 0.2095 -0.7551 0.1055 0.6163 -0.1968 -0.9507 0.054 -0.3053 0.0062
-0.7549 0.2209 0.5734 0.2292 -0.2025 0.7376 -0.0238 0.6437 -0.6674 0.2887 0.554 0.4053 -0.7357 -0.0803 0.6626 -0.1154 -0.3933 -0.1868 0.7164 -0.5451 -0.8242 -0.239 0.4751 0.1946 -0.5794 -0.2039 -0.6959 0.372 -0.6768 0.191 0.6794 0.2095 -0.7551 0.1055 0.6163 -0.1968 -0.9494 0.0663 -0.3065 0.0179
-0.7549 0.2209 0.5734 0.2292 -0.2025 0.7376 -0.0238 0.6437 -0.6674 0.2887 0.554 0.4053 -0.7357 -0.0803 0.6626 -0.1154 -0.3933 -0.1868 0.7164 -0.5451 -0.8096 -0.186 0.5027 0.2391 -0.5794 -0.2039 -0.6959 0.372 -0.6768 0.191 0.6794 0.2095 -0.7551 0.1055 0.6163 -0.1968 -0.9494 0.0663 -0.3065 0.0179
-0.7549 0.2209 0.5734 0.2292 -0.1656 0.7188 -0.0538 0.6732 -0.6674 0.2887 0.554 0.4053 -0.7357 -0.0803 0.6626 -0.1154 -0.3933 -0.1868 0.7164 -0.5451 -0.8096 -0.186 0.5027 0.2391 -0.5794 -0.2039 -0.6959 0.372 -0.6768 0.191 0.6794 0.2095 -0.7551 0.1055 0.6163 -0.1968 -0.9494 0.0663 -0.3065 0.0179
-0.7549 0.2209 0.5734 0.2292 -0.1656 0.7188 -0.0538 0.6732 -0.6525 0.2422 0.5392 0.4741 -0.7357 -0.0803 0.6626 -0.1154 -0.3933 -0.1868 0.7164 -0.5451 -0.8096 -0.186 0.5027 0.2391 -0.6539 -0.1609 -0.6453 0.3607 -0.6768 0.191 0.6794 0.2095 -0.7551 0.1055 0.6163 -0.1968 -0.9494 0.0663 -0.3065 0.0179
-0.7549 0.2209 0.5734 0.2292 -0.1656 0.7188 -0.0538 0.6732 -0.6525 0.2422 0.5392 0.4741 -0.7357 -0.0803 0.6626 -0.1154 -0.3933 -0.1868 0.7164 -0.5451 -0.8096 -0.186 0.5027 0.2391 -0.6539 -0.1609 -0.6453 0.3607 -0.6768 0.191 0.6794 0.2095 -0.7551 0.1055 0.6163 -0.1968 -0.9494 0.0663 -0.3065 0.0179
-0.7483 0.2265 0.5636 0.2667 -0.1656 0.7188 -0.0538 0.6732 -0.6525 0.2422 0.5392 0.4741 -0.7164 -0.1906 0.6529 0.1556 -0.3132 -0.092 0.7202 -0.6122 -0.8096 -0.186 0.5027 0.2391 -0.6539 -0.1609 -0.6453 0.3607 -0.6768 0.191 0.6794 0.2095 -0.7551 0.1055 0.6163 -0.1968 -0.9494 0.0663 -0.3065 0.0179
-0.7483 0.2265 0.5636 0.2667 -0.1656 0.7188 -0.0538 0.6732 -0.6525 0.2422 0.5392 0.4741 -0.7164 -0.1906 0.6529 0.1556 -0.3132 -0.092 0.7202 -0.6122 -0.8096 -0.186 0.5027 0.2391 -0.6539 -0.1609 -0.6453 0.3607 -0.6725 0.2061 0.6872 0.1816 -0.7551 0.1055 0.6163 -0.1968 -0.9494 0.0663 -0.3065 0.0179
-0.7483 0.2265 0.5636 0.2667 -0.1656 0.7188 -0.0538 0.6732 -0.6525 0.2422 0.5392 0.4741 -0.7164 -0.1906 0.6529 0.1556 -0.3132 -0.092 0.7202 -0.6122 -0.8096 -0.186 0.5027 0.2391 -0.6539 -0.1609 -0.6453 0.3607 -0.6725 0.2061 0.6872 0.1816 -0.7551 0.1055 0.6163 -0.1968 -0.9494 0.0663 -0.3065 0.0179
-0.7483 0.2265 0.5636 0.2667 -0.1656 0.7188 -0.0538 0.6732 -0.6525 0.2422 0.5392 0.4741 -0.7164 -0.1906 0.6529 0.1556 -0.3132 -0.092 0.7202 -0.6122 -0.7688 -0.1718 0.6061 0.1101 -0.6539 -0.1609 -0.6453 0.3607 -0.6725 0.2061 0.6872 0.1816 -0.7551 0.1055 0.6163 -0.1968 -0.9473 0.0632 -0.3138 0.0143
-0.7483 0.2265 0.5636 0.2667 -0.1465 0.6981 -0.0445 0.6995 -0.6525 0.2422 0.5392 0.4741 -0.7164 -0.1906 0.6529 0.1556 -0.3132 -0.092 0.7202 -0.6122 -0.7688 -0.1718 0.6061 0.1101 -0.6539 -0.1609 -0.6453 0.3607 -0.6725 0.2061 0.6872 0.1816 -0.7551 0.1055 0.6163 -0.1968 -0.9473 0.0632 -0.3138 0.0143
-0.7483 0.2265 0.5636 0.2667 -0.1465 0.6981 -0.0445 0.6995 -0.6525 0.2422 0.5392 0.4741 -0.7164 -0.1906 0.6529 0.1556 -0.3132 -0.092 0.7202 -0.6122 -0.7688 -0.1718 0.6061 0.1101 -0.6539 -0.1609 -0.6453 0.3607 -0.6725 0.2061 0.6872 0.1816 -0.7551 0.1055 0.6163 -0.1968 -0.9473 0.0632 -0.3138 0.0143
-0.7483 0.2265 0.5636 0.2667 -0.1465 0.6981 -0.0445 0.6995 -0.6443 0.2102 0.5446 0.4941 -0.7164 -0.1906 0.6529 0.1556 -0.3132 -0.092 0.7202 -0.6122 -0.7688 -0.1718 0.6061 0.1101 -0.7932 -0.2634 -0.4905 0.2469 -0.6725 0.2061 0.6872 0.1816 -0.6885 0.1218 0.712 0.0656 -0.9473 0.0632 -0.3138 0.0143
-0.7483 0.2265 0.5636 0.2667 -0.1465 0.6981 -0.0445 0.6995 -0.6443 0.2102 0.5446 0.4941 -0.7164 -0.1906 0.6529 0.1556 -0.3132 -0.092 0.7202 -0.6122 -0.7688 -0.1718 0.6061 0.1101 -0.7932 -0.2634 -0.4905 0.2469 -0.6725 0.2061 0.6872 0.1816 -0.6885 0.1218 0.712 0.0656 -0.9473 0.0632 -0.3138 0.0143
-0.7408 0.2227 0.5717 0.2734 -0.1465 0.6981 -0.0445 0.6995 -0.6443 0.2102 0.5446 0.4941 -0.6962 -0.2566 0.6434 0.1886 -0.3132 -0.092 0.7202 -0.6122 -0.7688 -0.1718 0.6061 0.1101 -0.7932 -0.2634 -0.4905 0.2469 -0.6691 0.2268 0.6929 0.1441 -0.6885 0.1218 0.712 0.0656 -0.9473 0.0632 -0.3138 0.0143
-0.7408 0.2227 0.5717 0.2734 -0.1465 0.6981 -0.0445 0.6995 -0.6443 0.2102 0.5446 0.4941 -0.6962 -0.2566 0.6434 0.1886 -0.3132 -0.092 0.7202 -0.6122 -0.7688 -0.1718 0.6061 0.1101 -0.7932 -0.2634 -0.4905 0.2469 -0.6691 0.2268 0.6929 0.1441 -0.6885 0.1218 0.712 0.0656 -0.9473 0.0632 -0.3138 0.0143
-0.7408 0.2227 0.5717 0.2734 -0.1465 0.6981 -0.0445 0.6995 -0.6443 0.2102 0.5446 0.4941 -0.6962 -0.2566 0.6434 0.1886 -0.3132 -0.092 0.7202 -0.6122 -0.6965 -0.0623 0.7067 -0.1073 -0.7932 -0.2634 -0.4905 0.2469 -0.6691 0.2268 0.6929 0.1441 -0.6885 0.1218 0.712 0.0656 -0.9455 0.0602 -0.3198 0.0092
-0.7408 0.2227 0.5717 0.2734 -0.1119 0.683 -0.0303 0.7211 -0.6443 0.2102 0.5446 0.4941 -0.6962 -0.2566 0.6434 0.1886 -0.3132 -0.092 0.7202 -0.6122 -0.6965 -0.0623 0.7067 -0.1073 -0.7932 -0.2634 -0.4905 0.2469 -0.6691 0.2268 0.6929 0.1441 -0.6885 0.1218 0.712 0.0656 -0.9455 0.0602 -0.3198 0.0092
-0.7408 0.2227 0.5717 0.2734 -0.1119 0.683 -0.0303 0.7211 -0.6443 0.2102 0.5446 0.4941 -0.6962 -0.2566 0.6434 0.1886 -0.3132 -0.092 0.7202 -0.6122 -0.6965 -0.0623 0.7067 -0.1073 -0.7932 -0.2634 -0.4905 0.2469 -0.6691 0.2268 0.6929 0.1441 -0.6885 0.1218 0.712 0.0656 -0.9455 0.0602 -0.3198 0.0092
-0.7408 0.2227 0.5717 0.2734 -0.1119 0.683 -0.0303 0.7211 -0.6425 0.2226 0.5417 0.4942 -0.6962 -0.2566 0.6434 0.1886 -0.3132 -0.092 0.7202 -0.6122 -0.6965 -0.0623 0.7067 -0.1073 -0.9391 -0.2657 -0.1956 0.0959 -0.6691 0.2268 0.6929 0.1441 -0.7015 0.1304 0.6999 0.0326 -0.9455 0.0602 -0.3198 0.0092
-0.7408 0.2227 0.5717 0.2734 -0.1119 0.683 -0.0303 0.7211 -0.6425 0.2226 0.5417 0.4942 -0.6962 -0.2566 0.6434 0.1886 -0.4099 -0.2799 0.6929 -0.5229 -0.6965 -0.0623 0.7067 -0.1073 -0.9391 -0.2657 -0.1956 0.0959 -0.6691 0.2268 0.6929 0.1441 -0.7015 0.1304 0.6999 0.0326 -0.9455 0.0602 -0.3198 0.0092
-0.7408 0.2227 0.5717 0.2734 -0.1119 0.683 -0.0303 0.7211 -0.6425 0.2226 0.5417 0.4942 -0.6962 -0.2566 0.6434 0.1886 -0.4099 -0.2799 0.6929 -0.5229 -0.6965 -0.0623 0.7067 -0.1073 -0.9391 -0.2657 -0.1956 0.0959 -0.6775 0.2274 0.6929 0.096 -0.7015 0.1304 0.6999 0.0326 -0.9455 0.0602 -0.3198 0.0092
-0.7408 0.2227 0.5717 0.2734 -0.1119 0.683 -0.0303 0.7211 -0.6425 0.2226 0.5417 0.4942 -0.6962 -0.2566 0.6434 0.1886 -0.4099 -0.2799 0.6929 -0.5229 -0.6965 -0.0623 0.7067 -0.1073 -0.9391 -0.2657 -0.1956 0.0959 -0.6775 0.2274 0.6929 0.096 -0.7015 0.1304 0.6999 0.0326 -0.9455 0.0602 -0.3198 0.0092
-0.7408 0.2227 0.5717 0.2734 -0.1119 0.683 -0.0303 0.7211 -0.6425 0.2226 0.5417 0.4942 -0.6962 -0.2566 0.6434 0.1886 -0.4099 -0.2799 0.6929 -0.5229 -0.6708 -0.0209 0.7338 -0.1058 -0.9391 -0.2657 -0.1956 0.0959 -0.6775 0.2274 0.6929 0.096 -0.7015 0.1304 0.6999 0.0326 -0.9431 0.0628 -0.3264 0.0051
-0.7408 0.2227 0.5717 0.2734 -0.1074 0.6924 0.0023 0.7135 -0.6425 0.2226 0.5417 0.4942 -0.6962 -0.2566 0.6434 0.1886 -0.4099 -0.2799 0.6929 -0.5229 -0.6708 -0.0209 0.7338 -0.1058 -0.9391 -0.2657 -0.1956 0.0959 -0.6775 0.2274 0.6929 0.096 -0.7015 0.1304 0.6999 0.0326 -0.9431 0.0628 -0.3264 0.0051
-0.7408 0.2227 0.5717 0.2734 -0.1074 0.6924 0.0023 0.7135 -0.6425 0.2226 0.5417 0.4942 -0.6962 -0.2566 0.6434 0.1886 -0.4099 -0.2799 0.6929 -0.5229 -0.6708 -0.0209 0.7338 -0.1058 -0.9391 -0.2657 -0.1956 0.0959 -0.6775 0.2274 0.6929 0.096 -0.7015 0.1304 0.6999 0.0326 -0.9431 0.0628 -0.3264 0.0051
-0.7408 0.2227 0.5717 0.2734 -0.1074 0.6924 0.0023 0.7135 -0.6672 0.2349 0.5352 0.4619 -0.6962 -0.2566 0.6434 0.1886 -0.4099 -0.2799 0.6929 -0.5229 -0.6708 -0.0209 0.7338 -0.1058 -0.9391 -0.2657 -0.1956 0.0959 -0.6775 0.2274 0.6929 0.096 -0.7288 0.1757 0.6615 -0.0187 -0.9431 0.0628 -0.3264 0.0051
-0.7159 0.2148 0.619 0.2415 -0.1074 0.6924 0.0023 0.7135 -0.6672 0.2349 0.5352 0.4619 -0.6962 -0.2566 0.6434 0.1886 -0.4196 -0.3506 0.6822 -0.4854 -0.6708 -0.0209 0.7338 -0.1058 -0.9391 -0.2657 -0.1956 0.0959 -0.6775 0.2274 0.6929 0.096 -0.7288 0.1757 0.6615 -0.0187 -0.9431 0.0628 -0.3264 0.0051
-0.7159 0.2148 0.619 0.2415 -0.1074 0.6924 0.0023 0.7135 -0.6672 0.2349 0.5352 0.4619 -0.6962 -0.2566 0.6434 0.1886 -0.4196 -0.3506 0.6822 -0.4854 -0.6708 -0.0209 0.7338 -0.1058 -0.9391 -0.2657 -0.1956 0.0959 -0.6909 0.2108 0.6852 0.0928 -0.7288 0.1757 0.6615 -0.0187 -0.9431 0.0628 -0.3264 0.0051
-0.7159 0.2148 0.619 0.2415 -0.1074 0.6924 0.0023 0.7135 -0.6672 0.2349 0.5352 0.4619 -0.6962 -0.2566 0.6434 0.1886 -0.4196 -0.3506 0.6822 -0.4854 -0.6708 -0.0209 0.7338 -0.1058 -0.9391 -0.2657 -0.1956 0.0959 -0.6909 0.2108 0.6852 0.0928 -0.7288 0.1757 0.6615 -0.0187 -0.9431 0.0628 -0.3264 0.0051
-0.7159 0.2148 0.619 0.2415 -0.1074 0.6924 0.0023 0.7135 -0.6672 0.2349 0.5352 0.4619 -0.6962 -0.2566 0.6434 0.1886 -0.4196 -0.3506 0.6822 -0.4854 -0.684 -0.1236 0.7 -0.164 -0.9391 -0.2657 -0.1956 0.0959 -0.6909 0.2108 0.6852 0.0928 -0.7288 0.1757 0.6615 -0.0187 -0.905 0.0869 -0.4164 0.0079
-0.7159 0.2148 0.619 0.2415 -0.1384 0.7214 0.0067 0.6785 -0.6672 0.2349 0.5352 0.4619 -0.6962 -0.2566 0.6434 0.1886 -0.4196 -0.3506 0.6822 -0.4854 -0.684 -0.1236 0.7 -0.164 -0.9391 -0.2657 -0.1956 0.0959 -0.6909 0.2108 0.6852 0.0928 -0.7288 0.1757 0.6615 -0.0187 -0.905 0.0869 -0.4164 0.0079
-0.7159 0.2148 0.619 0.2415 -0.1384 0.7214 0.0067 0.6785 -0.6672 0.2349 0.5352 0.4619 -0.6962 -0.2566 0.6434 0.1886 -0.4196 -0.3506 0.6822 -0.4854 -0.684 -0.1236 0.7 -0.164 -0.9391 -0.2657 -0.1956 0.0959 -0.6909 0.2108 0.6852 0.0928 -0.7288 0.1757 0.6615 -0.0187 -0.905 0.0869 -0.4164 0.0079
-0.7159 0.2148 0.619 0.2415 -0.1384 0.7214 0.0067 0.6785 -0.6906 0.2726 0.543 0.3923 -0.6962 -0.2566 0.6434 0.1886 -0.4307 -0.3717 0.685 -0.4551 -0.684 -0.1236 0.7 -0.164 -0.9391 -0.2657 -0.1956 0.0959 -0.6909 0.2108 0.6852 0.0928 -0.7559 0.2237 0.603 -0.1222 -0.905 0.0869 -0.4164 0.0079
-0.7159 0.2148 0.619 0.2415 -0.1384 0.7214 0.0067 0.6785 -0.6906 0.2726 0.543 0.3923 -0.6962 -0.2566 0.6434 0.1886 -0.4307 -0.3717 0.685 -0.4551 -0.684 -0.1236 0.7 -0.164 -0.9391 -0.2657 -0.1956 0.0959 -0.6909 0.2108 0.6852 0.0928 -0.7559 0.2237 0.603 -0.1222 -0.905 0.0869 -0.4164 0.0079
-0.7249 0.2154 0.6288 0.181 -0.1384 0.7214 0.0067 0.6785 -0.6906 0.2726 0.543 0.3923 -0.7298 -0.0234 0.683 0.0199 -0.4307 -0.3717 0.685 -0.4551 -0.684 -0.1236 0.7 -0.164 -0.9391 -0.2657 -0.1956 0.0959 -0.7264 0.1359 0.6601 0.135 -0.7559 0.2237 0.603 -0.1222 -0.905 0.0869 -0.4164 0.0079
-0.7249 0.2154 0.6288 0.181 -0.1384 0.7214 0.0067 0.6785 -0.6906 0.2726 0.543 0.3923 -0.7298 -0.0234 0.683 0.0199 -0.4307 -0.3717 0.685 -0.4551 -0.684 -0.1236 0.7 -0.164 -0.9391 -0.2657 -0.1956 0.0959 -0.7264 0.1359 0.6601 0.135 -0.7559 0.2237 0.603 -0.1222 -0.7818 0.1086 -0.614 0.0096
-0.7249 0.2154 0.6288 0.181 -0.1384 0.7214 0.0067 0.6785 -0.6906 0.2726 0.543 0.3923 -0.7298 -0.0234 0.683 0.0199 -0.4307 -0.3717 0.685 -0.4551 -0.7018 -0.1254 0.6941 -0.0998 -0.9391 -0.2657 -0.1956 0.0959 -0.7264 0.1359 0.6601 0.135 -0.7559 0.2237 0.603 -0.1222 -0.7818 0.1086 -0.614 0.0096
-0.7249 0.2154 0.6288 0.181 -0.1919 0.7671 -0.0061 0.6121 -0.6906 0.2726 0.543 0.3923 -0.7298 -0.0234 0.683 0.0199 -0.4307 -0.3717 0.685 -0.4551 -0.7018 -0.1254 0.6941 -0.0998 -0.9391 -0.2657 -0.1956 0.0959 -0.7264 0.1359 0.6601 0.135 -0.7559 0.2237 0.603 -0.1222 -0.7818 0.1086 -0.614 0.0096
-0.7249 0.2154 0.6288 0.181 -0.1919 0.7671 -0.0061 0.6121 -0.6906 0.2726 0.543 0.3923 -0.7298 -0.0234 0.683 0.0199 -0.4307 -0.3717 0.685 -0.4551 -0.7018 -0.1254 0.6941 -0.0998 -0.9391 -0.2657 -0.1956 0.0959 -0.7264 0.1359 0.6601 0.135 -0.7559 0.2237 0.603 -0.1222 -0.7818 0.1086 -0.614 0.0096
-0.7249 0.2154 0.6288 0.181 -0.1919 0.7671 -0.0061 0.6121 -0.6906 0.2726 0.543 0.3923 -0.7298 -0.0234 0.683 0.0199 -0.4307 -0.3717 0.685 -0.4551 -0.7018 -0.1254 0.6941 -0.0998 -0.9391 -0.2657 -0.1956 0.0959 -0.7264 0.1359 0.6601 0.135 -0.7559 0.2237 0.603 -0.1222 -0.7818 0.1086 -0.614 0.0096
-0.7441 0.2234 0.614 0.1389 -0.1919 0.7671 -0.0061 0.6121 -0.6906 0.2726 0.543 0.3923 -0.7517 -0.0304 0.6556 -0.0656 -0.4421 -0.4069 0.6604 -0.4505 -0.7018 -0.1254 0.6941 -0.0998 -0.9391 -0.2657 -0.1956 0.0959 -0.7264 0.1359 0.6601 0.135 -0.7559 0.2237 0.603 -0.1222 -0.7818 0.1086 -0.614 0.0096
-0.7441 0.2234 0.614 0.1389 -0.1919 0.7671 -0.0061 0.6121 -0.6906 0.2726 0.543 0.3923 -0.7517 -0.0304 0.6556 -0.0656 -0.4421 -0.4069 0.6604 -0.4505 -0.7018 -0.1254 0.6941 -0.0998 -0.9391 -0.2657 -0.1956 0.0959 -0.7351 0.0868 0.6407 0.2037 -0.7559 0.2237 0.603 -0.1222 -0.7818 0.1086 -0.614 0.0096
-0.7441 0.2234 0.614 0.1389 -0.1919 0.7671 -0.0061 0.6121 -0.6906 0.2726 0.543 0.3923 -0.7517 -0.0304 0.6556 -0.0656 -0.4421 -0.4069 0.6604 -0.4505 -0.7018 -0.1254 0.6941 -0.0998 -0.9391 -0.2657 -0.1956 0.0959 -0.7351 0.0868 0.6407 0.2037 -0.7559 0.2237 0.603 -0.1222 -0.7885 0.0657 -0.5995 -0.1204
-0.7441 0.2234 0.614 0.1389 -0.1919 0.7671 -0.0061 0.6121 -0.6906 0.2726 0.543 0.3923 -0.7517 -0.0304 0.6556 -0.0656 -0.4421 -0.4069 0.6604 -0.4505 -0.7099 -0.1544 0.6819 -0.0853 -0.9391 -0.2657 -0.1956 0.0959 -0.7351 0.0868 0.6407 0.2037 -0.7559 0.2237 0.603 -0.1222 -0.7885 0.0657 -0.5995 -0.1204
-0.7441 0.2234 0.614 0.1389 -0.2444 0.7994 -0.0265 0.5483 -0.6906 0.2726 0.543 0.3923 -0.7517 -0.0304 0.6556 -0.0656 -0.4421 -0.4069 0.6604 -0.4505 -0.7099 -0.1544 0.6819 -0.0853 -0.9391 -0.2657 -0.1956 0.0959 -0.7351 0.0868 0.6407 0.2037 -0.7559 0.2237 0.603 -0.1222 -0.7885 0.0657 -0.5995 -0.1204
-0.7441 0.2234 0.614 0.1389 -0.2444 0.7994 -0.0265 0.5483 -0.6906 0.2726 0.543 0.3923 -0.7517 -0.0304 0.6556 -0.0656 -0.4421 -0.4069 0.6604 -0.4505 -0.7099 -0.1544 0.6819 -0.0853 -0.9391 -0.2657 -0.1956 0.0959 -0.7351 0.0868 0.6407 0.2037 -0.7535 0.1488 0.6124 -0.1872 -0.7885 0.0657 -0.5995 -0.1204
-0.7441 0.2234 0.614 0.1389 -0.2444 0.7994 -0.0265 0.5483 -0.6906 0.2726 0.543 0.3923 -0.7517 -0.0304 0.6556 -0.0656 -0.4561 -0.4341 0.6415 -0.4381 -0.7099 -0.1544 0.6819 -0.0853 -0.9391 -0.2657 -0.1956 0.0959 -0.7351 0.0868 0.6407 0.2037 -0.7535 0.1488 0.6124 -0.1872 -0.7885 0.0657 -0.5995 -0.1204
-0.7441 0.2234 0.614 0.1389 -0.2444 0.7994 -0.0265 0.5483 -0.6906 0.2726 0.543 0.3923 -0.7517 -0.0304 0.6556 -0.0656 -0.4561 -0.4341 0.6415 -0.4381 -0.7099 -0.1544 0.6819 -0.0853 -0.9391 -0.2657 -0.1956 0.0959 -0.7351 0.0868 0.6407 0.2037 -0.7535 0.1488 0.6124 -0.1872 -0.7885 0.0657 -0.5995 -0.1204
-0.7441 0.2234 0.614 0.1389 -0.2444 0.7994 -0.0265 0.5483 -0.6906 0.2726 0.543 0.3923 -0.7517 -0.0304 0.6556 -0.0656 -0.4561 -0.4341 0.6415 -0.4381 -0.7099 -0.1544 0.6819 -0.0853 -0.9391 -0.2657 -0.1956 0.0959 -0.7185 0.0714 0.6351 0.2745 -0.7535 0.1488 0.6124 -0.1872 -0.7885 0.0657 -0.5995 -0.1204
-0.7441 0.2234 0.614 0.1389 -0.2444 0.7994 -0.0265 0.5483 -0.6906 0.2726 0.543 0.3923 -0.7517 -0.0304 0.6556 -0.0656 -0.4561 -0.4341 0.6415 -0.4381 -0.7099 -0.1544 0.6819 -0.0853 -0.9391 -0.2657 -0.1956 0.0959 -0.7185 0.0714 0.6351 0.2745 -0.7535 0.1488 0.6124 -0.1872 -0.8827 0.0767 -0.4363 -0.157
-0.7441 0.2234 0.614 0.1389 -0.2444 0.7994 -0.0265 0.5483 -0.6906 0.2726 0.543 0.3923 -0.7517 -0.0304 0.6556 -0.0656 -0.4561 -0.4341 0.6415 -0.4381 -0.7177 -0.1641 0.6734 -0.0667 -0.9391 -0.2657 -0.1956 0.0959 -0.7185 0.0714 0.6351 0.2745 -0.7535 0.1488 0.6124 -0.1872 -0.8827 0.0767 -0.4363 -0.157
-0.7441 0.2234 0.614 0.1389 -0.2694 0.8054 -0.0149 0.5278 -0.6906 0.2726 0.543 0.3923 -0.7517 -0.0304 0.6556 -0.0656 -0.4561 -0.4341 0.6415 -0.4381 -0.7177 -0.1641 0.6734 -0.0667 -0.9391 -0.2657 -0.1956 0.0959 -0.7185 0.0714 0.6351 0.2745 -0.7535 0.1488 0.6124 -0.1872 -0.8827 0.0767 -0.4363 -0.157
-0.7441 0.2234 0.614 0.1389 -0.2694 0.8054 -0.0149 0.5278 -0.6906 0.2726 0.543 0.3923 -0.7517 -0.0304 0.6556 -0.0656 -0.4561 -0.4341 0.6415 -0.4381 -0.7177 -0.1641 0.6734 -0.0667 -0.9391 -0.2657 -0.1956 0.0959 -0.7185 0.0714 0.6351 0.2745 -0.7535 0.1488 0.6124 -0.1872 -0.8827 0.0767 -0.4363 -0.157
-0.7441 0.2234 0.614 0.1389 -0.2694 0.8054 -0.0149 0.5278 -0.6906 0.2726 0.543 0.3923 -0.7517 -0.0304 0.6556 -0.0656 -0.4561 -0.4341 0.6415 -0.4381 -0.7177 -0.1641 0.6734 -0.0667 -0.9391 -0.2657 -0.1956 0.0959 -0.7185 0.0714 0.6351 0.2745 -0.7015 0.0101 0.7126 -0.0041 -0.8827 0.0767 -0.4363 -0.157
-0.7441 0.2234 0.614 0.1389 -0.2694 0.8054 -0.0149 0.5278 -0.6906 0.2726 0.543 0.3923 -0.7517 -0.0304 0.6556 -0.0656 -0.4794 -0.4618 0.6147 -0.4233 -0.7177 -0.1641 0.6734 -0.0667 -0.9391 -0.2657 -0.1956 0.0959 -0.7185 0.0714 0.6351 0.2745 -0.7015 0.0101 0.7126 -0.0041 -0.8827 0.0767 -0.4363 -0.157
-0.7441 0.2234 0.614 0.1389 -0.2694 0.8054 -0.0149 0.5278 -0.6906 0.2726 0.543 0.3923 -0.7517 -0.0304 0.6556 -0.0656 -0.4794 -0.4618 0.6147 -0.4233 -0.7177 -0.1641 0.6734 -0.0667 -0.9391 -0.2657 -0.1956 0.0959 -0.7009 0.0921 0.6481 0.283 -0.7015 0.0101 0.7126 -0.0041 -0.8827 0.0767 -0.4363 -0.157
-0.7441 0.2234 0.614 0.1389 -0.2694 0.8054 -0.0149 0.5278 -0.6906 0.2726 0.543 0.3923 -0.7517 -0.0304 0.6556 -0.0656 -0.4794 -0.4618 0.6147 -0.4233 -0.7177 -0.1641 0.6734 -0.0667 -0.9391 -0.2657 -0.1956 0.0959 -0.7009 0.0921 0.6481 0.283 -0.7015 0.0101 0.7126 -0.0041 -0.8827 0.0767 -0.4363 -0.157
-0.7441 0.2234 0.614 0.1389 -0.2714 0.7898 0.0352 0.549 -0.6906 0.2726 0.543 0.3923 -0.7517 -0.0304 0.6556 -0.0656 -0.4794 -0.4618 0.6147 -0.4233 -0.7274 -0.1636 0.6652 -0.0399 -0.9391 -0.2657 -0.1956 0.0959 -0.7009 0.0921 0.6481 0.283 -0.7015 0.0101 0.7126 -0.0041 -0.9517 0.0788 -0.2923 -0.0522
-0.7441 0.2234 0.614 0.1389 -0.2714 0.7898 0.0352 0.549 -0.6906 0.2726 0.543 0.3923 -0.7517 -0.0304 0.6556 -0.0656 -0.4794 -0.4618 0.6147 -0.4233 -0.7274 -0.1636 0.6652 -0.0399 -0.9391 -0.2657 -0.1956 0.0959 -0.7009 0.0921 0.6481 0.283 -0.7015 0.0101 0.7126 -0.0041 -0.9517 0.0788 -0.2923 -0.0522
-0.7441 0.2234 0.614 0.1389 -0.2714 0.7898 0.0352 0.549 -0.6906 0.2726 0.543 0.3923 -0.7517 -0.0304 0.6556 -0.0656 -0.4794 -0.4618 0.6147 -0.4233 -0.7274 -0.1636 0.6652 -0.0399 -0.9391 -0.2657 -0.1956 0.0959 -0.7009 0.0921 0.6481 0.283 -0.6526 -0.0272 0.7263 0.2141 -0.9517 0.0788 -0.2923 -0.0522
-0.7441 0.2234 0.614 0.1389 -0.2714 0.7898 0.0352 0.549 -0.6906 0.2726 0.543 0.3923 -0.7517 -0.0304 0.6556 -0.0656 -0.5003 -0.4739 0.5978 -0.4097 -0.7274 -0.1636 0.6652 -0.0399 -0.9391 -0.2657 -0.1956 0.0959 -0.7009 0.0921 0.6481 0.283 -0.6526 -0.0272 0.7263 0.2141 -0.9517 0.0788 -0.2923 -0.0522
-0.7441 0.2234 0.614 0.1389 -0.2714 0.7898 0.0352 0.549 -0.6906 0.2726 0.543 0.3923 -0.7517 -0.0304 0.6556 -0.0656 -0.5003 -0.4739 0.5978 -0.4097 -0.7274 -0.1636 0.6652 -0.0399 -0.9391 -0.2657 -0.1956 0.0959 -0.6749 0.1623 0.6472 0.315 -0.6526 -0.0272 0.7263 0.2141 -0.9517 0.0788 -0.2923 -0.0522
-0.7441 0.2234 0.614 0.1389 -0.2714 0.7898 0.0352 0.549 -0.6906 0.2726 0.543 0.3923 -0.7517 -0.0304 0.6556 -0.0656 -0.5003 -0.4739 0.5978 -0.4097 -0.7274 -0.1636 0.6652 -0.0399 -0.9391 -0.2657 -0.1956 0.0959 -0.6749 0.1623 0.6472 0.315 -0.6526 -0.0272 0.7263 0.2141 -0.9695 0.0444 -0.2396 0.0251
-0.7441 0.2234 0.614 0.1389 -0.2714 0.7898 0.0352 0.549 -0.6906 0.2726 0.543 0.3923 -0.7517 -0.0304 0.6556 -0.0656 -0.5003 -0.4739 0.5978 -0.4097 -0.7565 -0.1944 0.6245 0.0054 -0.9391 -0.2657 -0.1956 0.0959 -0.6749 0.1623 0.6472 0.315 -0.6526 -0.0272 0.7263 0.2141 -0.9695 0.0444 -0.2396 0.0251
-0.7441 0.2234 0.614 0.1389 -0.2714 0.7898 0.0352 0.549 -0.6906 0.2726 0.543 0.3923 -0.7517 -0.0304 0.6556 -0.0656 -0.5003 -0.4739 0.5978 -0.4097 -0.7565 -0.1944 0.6245 0.0054 -0.9391 -0.2657 -0.1956 0.0959 -0.6749 0.1623 0.6472 0.315 -0.6526 -0.0272 0.7263 0.2141 -0.9695 0.0444 -0.2396 0.0251
-0.7441 0.2234 0.614 0.1389 -0.2411 0.7605 0.0546 0.6005 -0.6906 0.2726 0.543 0.3923 -0.7517 -0.0304 0.6556 -0.0656 -0.5003 -0.4739 0.5978 -0.4097 -0.7565 -0.1944 0.6245 0.0054 -0.9207 -0.176 -0.2974 0.1818 -0.6749 0.1623 0.6472 0.315 -0.6526 -0.0272 0.7263 0.2141 -0.9695 0.0444 -0.2396 0.0251
-0.7441 0.2234 0.614 0.1389 -0.2411 0.7605 0.0546 0.6005 -0.6906 0.2726 0.543 0.3923 -0.7517 -0.0304 0.6556 -0.0656 -0.5003 -0.4739 0.5978 -0.4097 -0.7565 -0.1944 0.6245 0.0054 -0.9207 -0.176 -0.2974 0.1818 -0.6749 0.1623 0.6472 0.315 -0.6561 0.0494 0.7272 0.1954 -0.9695 0.0444 -0.2396 0.0251
-0.7441 0.2234 0.614 0.1389 -0.2411 0.7605 0.0546 0.6005 -0.6906 0.2726 0.543 0.3923 -0.7517 -0.0304 0.6556 -0.0656 -0.507 -0.4397 0.6122 -0.4181 -0.7565 -0.1944 0.6245 0.0054 -0.9207 -0.176 -0.2974 0.1818 -0.6749 0.1623 0.6472 0.315 -0.6561 0.0494 0.7272 0.1954 -0.9695 0.0444 -0.2396 0.0251
-0.7498 0.1772 0.6189 0.1529 -0.2411 0.7605 0.0546 0.6005 -0.6906 0.2726 0.543 0.3923 -0.7517 -0.0304 0.6556 -0.0656 -0.507 -0.4397 0.6122 -0.4181 -0.7565 -0.1944 0.6245 0.0054 -0.9207 -0.176 -0.2974 0.1818 -0.6749 0.1623 0.6472 0.315 -0.6561 0.0494 0.7272 0.1954 -0.9695 0.0444 -0.2396 0.0251
-0.7498 0.1772 0.6189 0.1529 -0.2411 0.7605 0.0546 0.6005 -0.6906 0.2726 0.543 0.3923 -0.7517 -0.0304 0.6556 -0.0656 -0.507 -0.4397 0.6122 -0.4181 -0.7565 -0.1944 0.6245 0.0054 -0.9207 -0.176 -0.2974 0.1818 -0.6744 0.1456 0.6561 0.3057 -0.6561 0.0494 0.7272 0.1954 -0.9695 0.0444 -0.2396 0.0251
-0.7498 0.1772 0.6189 0.1529 -0.2411 0.7605 0.0546 0.6005 -0.6906 0.2726 0.543 0.3923 -0.7517 -0.0304 0.6556 -0.0656 -0.507 -0.4397 0.6122 -0.4181 -0.7565 -0.1944 0.6245 0.0054 -0.9207 -0.176 -0.2974 0.1818 -0.6744 0.1456 0.6561 0.3057 -0.6561 0.0494 0.7272 0.1954 -0.9529 0.0441 -0.2993 0.0178
-0.7498 0.1772 0.6189 0.1529 -0.2411 0.7605 0.0546 0.6005 -0.6906 0.2726 0.543 0.3923 -0.7517 -0.0304 0.6556 -0.0656 -0.507 -0.4397 0.6122 -0.4181 -0.7964 -0.2388 0.5454 0.1063 -0.9207 -0.176 -0.2974 0.1818 -0.6744 0.1456 0.6561 0.3057 -0.6561 0.0494 0.7272 0.1954 -0.9529 0.0441 -0.2993 0.0178
-0.7498 0.1772 0.6189 0.1529 -0.1957 0.732 0.051 0.6506 -0.6906 0.2726 0.543 0.3923 -0.7517 -0.0304 0.6556 -0.0656 -0.507 -0.4397 0.6122 -0.4181 -0.7964 -0.2388 0.5454 0.1063 -0.9207 -0.176 -0.2974 0.1818 -0.6744 0.1456 0.6561 0.3057 -0.6561 0.0494 0.7272 0.1954 -0.9529 0.0441 -0.2993 0.0178
-0.7498 0.1772 0.6189 0.1529 -0.1957 0.732 0.051 0.6506 -0.6906 0.2726 0.543 0.3923 -0.7517 -0.0304 0.6556 -0.0656 -0.507 -0.4397 0.6122 -0.4181 -0.7964 -0.2388 0.5454 0.1063 -0.7853 -0.2043 -0.5396 0.2245 -0.6744 0.1456 0.6561 0.3057 -0.6561 0.0494 0.7272 0.1954 -0.9529 0.0441 -0.2993 0.0178
-0.7498 0.1772 0.6189 0.1529 -0.1957 0.732 0.051 0.6506 -0.6906 0.2726 0.543 0.3923 -0.7517 -0.0304 0.6556 -0.0656 -0.4659 -0.3176 0.6636 -0.4916 -0.7964 -0.2388 0.5454 0.1063 -0.7853 -0.2043 -0.5396 0.2245 -0.6744 0.1456 0.6561 0.3057 -0.6661 0.0922 0.7239 0.1539 -0.9529 0.0441 -0.2993 0.0178
-0.7428 0.204 0.5979 0.2216 -0.1957 0.732 0.051 0.6506 -0.6906 0.2726 0.543 0.3923 -0.731 -0.0892 0.6757 -0.0345 -0.4659 -0.3176 0.6636 -0.4916 -0.7964 -0.2388 0.5454 0.1063 -0.7853 -0.2043 -0.5396 0.2245 -0.6744 0.1686 0.6688 0.2635 -0.6661 0.0922 0.7239 0.1539 -0.9529 0.0441 -0.2993 0.0178
-0.7428 0.204 0.5979 0.2216 -0.1957 0.732 0.051 0.6506 -0.6906 0.2726 0.543 0.3923 -0.731 -0.0892 0.6757 -0.0345 -0.4659 -0.3176 0.6636 -0.4916 -0.7964 -0.2388 0.5454 0.1063 -0.7853 -0.2043 -0.5396 0.2245 -0.6744 0.1686 0.6688 0.2635 -0.6661 0.0922 0.7239 0.1539 -0.9496 0.0421 -0.3102 0.0168
-0.7428 0.204 0.5979 0.2216 -0.1957 0.732 0.051 0.6506 -0.6906 0.2726 0.543 0.3923 -0.731 -0.0892 0.6757 -0.0345 -0.4659 -0.3176 0.6636 -0.4916 -0.8181 -0.2416 0.4734 0.2196 -0.7853 -0.2043 -0.5396 0.2245 -0.6744 0.1686 0.6688 0.2635 -0.6661 0.0922 0.7239 0.1539 -0.9496 0.0421 -0.3102 0.0168
-0.7428 0.204 0.5979 0.2216 -0.1957 0.732 0.051 0.6506 -0.6906 0.2726 0.543 0.3923 -0.731 -0.0892 0.6757 -0.0345 -0.4659 -0.3176 0.6636 -0.4916 -0.8181 -0.2416 0.4734 0.2196 -0.7853 -0.2043 -0.5396 0.2245 -0.6744 0.1686 0.6688 0.2635 -0.6661 0.0922 0.7239 0.1539 -0.9496 0.0421 -0.3102 0.0168
-0.7428 0.204 0.5979 0.2216 -0.1582 0.7239 -0.0046 0.6714 -0.6616 0.2933 0.5433 0.4255 -0.731 -0.0892 0.6757 -0.0345 -0.4659 -0.3176 0.6636 -0.4916 -0.8181 -0.2416 0.4734 0.2196 -0.7853 -0.2043 -0.5396 0.2245 -0.6744 0.1686 0.6688 0.2635 -0.6661 0.0922 0.7239 0.1539 -0.9496 0.0421 -0.3102 0.0168
-0.7428 0.204 0.5979 0.2216 -0.1582 0.7239 -0.0046 0.6714 -0.6616 0.2933 0.5433 0.4255 -0.731 -0.0892 0.6757 -0.0345 -0.4659 -0.3176 0.6636 -0.4916 -0.8181 -0.2416 0.4734 0.2196 -0.7853 -0.2043 -0.5396 0.2245 -0.6744 0.1686 0.6688 0.2635 -0.6721 0.1196 0.718 0.1359 -0.9496 0.0421 -0.3102 0.0168
-0.7428 0.204 0.5979 0.2216 -0.1582 0.7239 -0.0046 0.6714 -0.6616 0.2933 0.5433 0.4255 -0.731 -0.0892 0.6757 -0.0345 -0.3962 -0.1757 0.7194 -0.5428 -0.8181 -0.2416 0.4734 0.2196 -0.7853 -0.2043 -0.5396 0.2245 -0.6744 0.1686 0.6688 0.2635 -0.6721 0.1196 0.718 0.1359 -0.9496 0.0421 -0.3102 0.0168
-0.7327 0.2436 0.5733 0.2742 -0.1582 0.7239 -0.0046 0.6714 -0.6616 0.2933 0.5433 0.4255 -0.731 -0.0892 0.6757 -0.0345 -0.3962 -0.1757 0.7194 -0.5428 -0.8181 -0.2416 0.4734 0.2196 -0.7853 -0.2043 -0.5396 0.2245 -0.6744 0.1686 0.6688 0.2635 -0.6721 0.1196 0.718 0.1359 -0.9496 0.0421 -0.3102 0.0168
-0.7327 0.2436 0.5733 0.2742 -0.1582 0.7239 -0.0046 0.6714 -0.6616 0.2933 0.5433 0.4255 -0.731 -0.0892 0.6757 -0.0345 -0.3962 -0.1757 0.7194 -0.5428 -0.8181 -0.2416 0.4734 0.2196 -0.7853 -0.2043 -0.5396 0.2245 -0.6672 0.202 0.671 0.2527 -0.6721 0.1196 0.718 0.1359 -0.9496 0.0421 -0.3102 0.0168
-0.7327 0.2436 0.5733 0.2742 -0.1582 0.7239 -0.0046 0.6714 -0.6616 0.2933 0.5433 0.4255 -0.731 -0.0892 0.6757 -0.0345 -0.3962 -0.1757 0.7194 -0.5428 -0.8181 -0.2416 0.4734 0.2196 -0.7853 -0.2043 -0.5396 0.2245 -0.6672 0.202 0.671 0.2527 -0.6721 0.1196 0.718 0.1359 -0.9492 0.0374 -0.3122 0.0129
-0.7327 0.2436 0.5733 0.2742 -0.1582 0.7239 -0.0046 0.6714 -0.6616 0.2933 0.5433 0.4255 -0.731 -0.0892 0.6757 -0.0345 -0.3962 -0.1757 0.7194 -0.5428 -0.8174 -0.1751 0.4909 0.2453 -0.7853 -0.2043 -0.5396 0.2245 -0.6672 0.202 0.671 0.2527 -0.6721 0.1196 0.718 0.1359 -0.9492 0.0374 -0.3122 0.0129
-0.7327 0.2436 0.5733 0.2742 -0.1582 0.7239 -0.0046 0.6714 -0.6616 0.2933 0.5433 0.4255 -0.731 -0.0892 0.6757 -0.0345 -0.3962 -0.1757 0.7194 -0.5428 -0.8174 -0.1751 0.4909 0.2453 -0.7853 -0.2043 -0.5396 0.2245 -0.6672 0.202 0.671 0.2527 -0.6721 0.1196 0.718 0.1359 -0.9492 0.0374 -0.3122 0.0129
-0.7327 0.2436 0.5733 0.2742 -0.1582 0.7239 -0.0046 0.6714 -0.6616 0.2933 0.5433 0.4255 -0.731 -0.0892 0.6757 -0.0345 -0.3962 -0.1757 0.7194 -0.5428 -0.8174 -0.1751 0.4909 0.2453 -0.7853 -0.2043 -0.5396 0.2245 -0.6672 0.202 0.671 0.2527 -0.6721 0.1196 0.718 0.1359 -0.9492 0.0374 -0.3122 0.0129
-0.7327 0.2436 0.5733 0.2742 -0.1234 0.7141 -0.0504 0.6873 -0.6489 0.2389 0.5269 0.4942 -0.731 -0.0892 0.6757 -0.0345 -0.3962 -0.1757 0.7194 -0.5428 -0.8174 -0.1751 0.4909 0.2453 -0.6968 -0.1473 -0.5979 0.3677 -0.6672 0.202 0.671 0.2527 -0.6815 0.1362 0.7106 0.1097 -0.9492 0.0374 -0.3122 0.0129
-0.7239 0.2665 0.562 0.2983 -0.1234 0.7141 -0.0504 0.6873 -0.6489 0.2389 0.5269 0.4942 -0.7277 -0.1942 0.6348 0.1722 -0.3063 -0.0856 0.7103 -0.6281 -0.8174 -0.1751 0.4909 0.2453 -0.6968 -0.1473 -0.5979 0.3677 -0.6672 0.202 0.671 0.2527 -0.6815 0.1362 0.7106 0.1097 -0.9492 0.0374 -0.3122 0.0129
-0.7239 0.2665 0.562 0.2983 -0.1234 0.7141 -0.0504 0.6873 -0.6489 0.2389 0.5269 0.4942 -0.7277 -0.1942 0.6348 0.1722 -0.3063 -0.0856 0.7103 -0.6281 -0.8174 -0.1751 0.4909 0.2453 -0.6968 -0.1473 -0.5979 0.3677 -0.6677 0.2086 0.6791 0.2223 -0.6815 0.1362 0.7106 0.1097 -0.9492 0.0374 -0.3122 0.0129
-0.7239 0.2665 0.562 0.2983 -0.1234 0.7141 -0.0504 0.6873 -0.6489 0.2389 0.5269 0.4942 -0.7277 -0.1942 0.6348 0.1722 -0.3063 -0.0856 0.7103 -0.6281 -0.8174 -0.1751 0.4909 0.2453 -0.6968 -0.1473 -0.5979 0.3677 -0.6677 0.2086 0.6791 0.2223 -0.6815 0.1362 0.7106 0.1097 -0.9496 0.0351 -0.3113 0.0104
-0.7239 0.2665 0.562 0.2983 -0.1234 0.7141 -0.0504 0.6873 -0.6489 0.2389 0.5269 0.4942 -0.7277 -0.1942 0.6348 0.1722 -0.3063 -0.0856 0.7103 -0.6281 -0.784 -0.161 0.593 0.0886 -0.6968 -0.1473 -0.5979 0.3677 -0.6677 0.2086 0.6791 0.2223 -0.6815 0.1362 0.7106 0.1097 -0.9496 0.0351 -0.3113 0.0104
-0.7239 0.2665 0.562 0.2983 -0.1234 0.7141 -0.0504 0.6873 -0.6489 0.2389 0.5269 0.4942 -0.7277 -0.1942 0.6348 0.1722 -0.3063 -0.0856 0.7103 -0.6281 -0.784 -0.161 0.593 0.0886 -0.6968 -0.1473 -0.5979 0.3677 -0.6677 0.2086 0.6791 0.2223 -0.6815 0.1362 0.7106 0.1097 -0.9496 0.0351 -0.3113 0.0104
-0.7239 0.2665 0.562 0.2983 -0.1056 0.7039 -0.0503 0.7006 -0.6372 0.2131 0.5258 0.5217 -0.7277 -0.1942 0.6348 0.1722 -0.3063 -0.0856 0.7103 -0.6281 -0.784 -0.161 0.593 0.0886 -0.6968 -0.1473 -0.5979 0.3677 -0.6677 0.2086 0.6791 0.2223 -0.6815 0.1362 0.7106 0.1097 -0.9496 0.0351 -0.3113 0.0104
-0.7239 0.2665 0.562 0.2983 -0.1056 0.7039 -0.0503 0.7006 -0.6372 0.2131 0.5258 0.5217 -0.7277 -0.1942 0.6348 0.1722 -0.2942 -0.1093 0.7236 -0.6147 -0.784 -0.161 0.593 0.0886 -0.7971 -0.2568 -0.4756 0.2692 -0.6677 0.2086 0.6791 0.2223 -0.6907 0.1467 0.7032 0.0834 -0.9496 0.0351 -0.3113 0.0104
-0.7239 0.2665 0.562 0.2983 -0.1056 0.7039 -0.0503 0.7006 -0.6372 0.2131 0.5258 0.5217 -0.7277 -0.1942 0.6348 0.1722 -0.2942 -0.1093 0.7236 -0.6147 -0.784 -0.161 0.593 0.0886 -0.7971 -0.2568 -0.4756 0.2692 -0.6691 0.217 0.6874 0.1804 -0.6907 0.1467 0.7032 0.0834 -0.9496 0.0351 -0.3113 0.0104
-0.7239 0.2665 0.562 0.2983 -0.1056 0.7039 -0.0503 0.7006 -0.6372 0.2131 0.5258 0.5217 -0.7277 -0.1942 0.6348 0.1722 -0.2942 -0.1093 0.7236 -0.6147 -0.784 -0.161 0.593 0.0886 -0.7971 -0.2568 -0.4756 0.2692 -0.6691 0.217 0.6874 0.1804 -0.6907 0.1467 0.7032 0.0834 -0.9496 0.0351 -0.3113 0.0104
-0.7239 0.2665 0.562 0.2983 -0.1056 0.7039 -0.0503 0.7006 -0.6372 0.2131 0.5258 0.5217 -0.7277 -0.1942 0.6348 0.1722 -0.2942 -0.1093 0.7236 -0.6147 -0.784 -0.161 0.593 0.0886 -0.7971 -0.2568 -0.4756 0.2692 -0.6691 0.217 0.6874 0.1804 -0.6907 0.1467 0.7032 0.0834 -0.95 0.0354 -0.3102 0.0097
-0.7239 0.2665 0.562 0.2983 -0.1056 0.7039 -0.0503 0.7006 -0.6372 0.2131 0.5258 0.5217 -0.7277 -0.1942 0.6348 0.1722 -0.2942 -0.1093 0.7236 -0.6147 -0.7171 -0.0355 0.6943 -0.0494 -0.7971 -0.2568 -0.4756 0.2692 -0.6691 0.217 0.6874 0.1804 -0.6907 0.1467 0.7032 0.0834 -0.95 0.0354 -0.3102 0.0097
-0.7239 0.2665 0.562 0.2983 -0.1056 0.7039 -0.0503 0.7006 -0.6372 0.2131 0.5258 0.5217 -0.7277 -0.1942 0.6348 0.1722 -0.2942 -0.1093 0.7236 -0.6147 -0.7171 -0.0355 0.6943 -0.0494 -0.7971 -0.2568 -0.4756 0.2692 -0.6691 0.217 0.6874 0.1804 -0.6907 0.1467 0.7032 0.0834 -0.95 0.0354 -0.3102 0.0097
-0.7239 0.2665 0.562 0.2983 -0.1 0.6995 -0.0183 0.7074 -0.6348 0.2441 0.5302 0.5063 -0.7277 -0.1942 0.6348 0.1722 -0.2942 -0.1093 0.7236 -0.6147 -0.7171 -0.0355 0.6943 -0.0494 -0.9261 -0.2568 -0.2484 0.121 -0.6691 0.217 0.6874 0.1804 -0.7012 0.1569 0.6931 0.0575 -0.95 0.0354 -0.3102 0.0097
-0.7239 0.2665 0.562 0.2983 -0.1 0.6995 -0.0183 0.7074 -0.6348 0.2441 0.5302 0.5063 -0.7277 -0.1942 0.6348 0.1722 -0.376 -0.2332 0.7147 -0.5418 -0.7171 -0.0355 0.6943 -0.0494 -0.9261 -0.2568 -0.2484 0.121 -0.6691 0.217 0.6874 0.1804 -0.7012 0.1569 0.6931 0.0575 -0.95 0.0354 -0.3102 0.0097
-0.7239 0.2665 0.562 0.2983 -0.1 0.6995 -0.0183 0.7074 -0.6348 0.2441 0.5302 0.5063 -0.7277 -0.1942 0.6348 0.1722 -0.376 -0.2332 0.7147 -0.5418 -0.7171 -0.0355 0.6943 -0.0494 -0.9261 -0.2568 -0.2484 0.121 -0.6721 0.2336 0.6916 0.1243 -0.7012 0.1569 0.6931 0.0575 -0.95 0.0354 -0.3102 0.0097
-0.7239 0.2665 0.562 0.2983 -0.1 0.6995 -0.0183 0.7074 -0.6348 0.2441 0.5302 0.5063 -0.7277 -0.1942 0.6348 0.1722 -0.376 -0.2332 0.7147 -0.5418 -0.7171 -0.0355 0.6943 -0.0494 -0.9261 -0.2568 -0.2484 0.121 -0.6721 0.2336 0.6916 0.1243 -0.7012 0.1569 0.6931 0.0575 -0.95 0.0354 -0.3102 0.0097
-0.7239 0.2665 0.562 0.2983 -0.1 0.6995 -0.0183 0.7074 -0.6348 0.2441 0.5302 0.5063 -0.7277 -0.1942 0.6348 0.1722 -0.376 -0.2332 0.7147 -0.5418 -0.7171 -0.0355 0.6943 -0.0494 -0.9261 -0.2568 -0.2484 0.121 -0.6721 0.2336 0.6916 0.1243 -0.7012 0.1569 0.6931 0.0575 -0.9493 0.0389 -0.312 0.0076
-0.7239 0.2665 0.562 0.2983 -0.1 0.6995 -0.0183 0.7074 -0.6348 0.2441 0.5302 0.5063 -0.7277 -0.1942 0.6348 0.1722 -0.376 -0.2332 0.7147 -0.5418 -0.6978 -0.0654 0.7027 -0.1228 -0.9261 -0.2568 -0.2484 0.121 -0.6721 0.2336 0.6916 0.1243 -0.7012 0.1569 0.6931 0.0575 -0.9493 0.0389 -0.312 0.0076
-0.7239 0.2665 0.562 0.2983 -0.1 0.6995 -0.0183 0.7074 -0.6348 0.2441 0.5302 0.5063 -0.7277 -0.1942 0.6348 0.1722 -0.376 -0.2332 0.7147 -0.5418 -0.6978 -0.0654 0.7027 -0.1228 -0.9261 -0.2568 -0.2484 0.121 -0.6721 0.2336 0.6916 0.1243 -0.7012 0.1569 0.6931 0.0575 -0.9493 0.0389 -0.312 0.0076
-0.7239 0.2665 0.562 0.2983 -0.1054 0.7076 0.0068 0.6987 -0.6506 0.2593 0.532 0.4758 -0.7277 -0.1942 0.6348 0.1722 -0.376 -0.2332 0.7147 -0.5418 -0.6978 -0.0654 0.7027 -0.1228 -0.9345 -0.1827 -0.2736 0.136 -0.6721 0.2336 0.6916 0.1243 -0.726 0.1943 0.6597 0.0062 -0.9493 0.0389 -0.312 0.0076
-0.7239 0.2665 0.562 0.2983 -0.1054 0.7076 0.0068 0.6987 -0.6506 0.2593 0.532 0.4758 -0.7277 -0.1942 0.6348 0.1722 -0.3984 -0.3489 0.6893 -0.4944 -0.6978 -0.0654 0.7027 -0.1228 -0.9345 -0.1827 -0.2736 0.136 -0.6721 0.2336 0.6916 0.1243 -0.726 0.1943 0.6597 0.0062 -0.9493 0.0389 -0.312 0.0076
-0.7239 0.2665 0.562 0.2983 -0.1054 0.7076 0.0068 0.6987 -0.6506 0.2593 0.532 0.4758 -0.7277 -0.1942 0.6348 0.1722 -0.3984 -0.3489 0.6893 -0.4944 -0.6978 -0.0654 0.7027 -0.1228 -0.9345 -0.1827 -0.2736 0.136 -0.6866 0.2151 0.6869 0.1021 -0.726 0.1943 0.6597 0.0062 -0.9493 0.0389 -0.312 0.0076
-0.7239 0.2665 0.562 0.2983 -0.1054 0.7076 0.0068 0.6987 -0.6506 0.2593 0.532 0.4758 -0.7277 -0.1942 0.6348 0.1722 -0.3984 -0.3489 0.6893 -0.4944 -0.6978 -0.0654 0.7027 -0.1228 -0.9345 -0.1827 -0.2736 0.136 -0.6866 0.2151 0.6869 0.1021 -0.726 0.1943 0.6597 0.0062 -0.9493 0.0389 -0.312 0.0076
-0.7239 0.2665 0.562 0.2983 -0.1054 0.7076 0.0068 0.6987 -0.6506 0.2593 0.532 0.4758 -0.7277 -0.1942 0.6348 0.1722 -0.3984 -0.3489 0.6893 -0.4944 -0.6978 -0.0654 0.7027 -0.1228 -0.9345 -0.1827 -0.2736 0.136 -0.6866 0.2151 0.6869 0.1021 -0.726 0.1943 0.6597 0.0062 -0.9238 0.0559 -0.3787 0.0048
-0.7239 0.2665 0.562 0.2983 -0.1054 0.7076 0.0068 0.6987 -0.6506 0.2593 0.532 0.4758 -0.7277 -0.1942 0.6348 0.1722 -0.3984 -0.3489 0.6893 -0.4944 -0.6945 -0.1591 0.6798 -0.1738 -0.9345 -0.1827 -0.2736 0.136 -0.6866 0.2151 0.6869 0.1021 -0.726 0.1943 0.6597 0.0062 -0.9238 0.0559 -0.3787 0.0048
-0.7239 0.2665 0.562 0.2983 -0.1054 0.7076 0.0068 0.6987 -0.6506 0.2593 0.532 0.4758 -0.7277 -0.1942 0.6348 0.1722 -0.3984 -0.3489 0.6893 -0.4944 -0.6945 -0.1591 0.6798 -0.1738 -0.9345 -0.1827 -0.2736 0.136 -0.6866 0.2151 0.6869 0.1021 -0.726 0.1943 0.6597 0.0062 -0.9238 0.0559 -0.3787 0.0048
-0.7239 0.2665 0.562 0.2983 -0.1184 0.7214 5.0E-4 0.6823 -0.6785 0.2886 0.5463 0.3975 -0.7277 -0.1942 0.6348 0.1722 -0.3984 -0.3489 0.6893 -0.4944 -0.6945 -0.1591 0.6798 -0.1738 -0.9376 -0.1717 -0.2733 0.1299 -0.6866 0.2151 0.6869 0.1021 -0.7543 0.2332 0.6075 -0.0875 -0.9238 0.0559 -0.3787 0.0048
-0.7239 0.2665 0.562 0.2983 -0.1184 0.7214 5.0E-4 0.6823 -0.6785 0.2886 0.5463 0.3975 -0.7277 -0.1942 0.6348 0.1722 -0.3984 -0.3489 0.6893 -0.4944 -0.6945 -0.1591 0.6798 -0.1738 -0.9376 -0.1717 -0.2733 0.1299 -0.6866 0.2151 0.6869 0.1021 -0.7543 0.2332 0.6075 -0.0875 -0.9238 0.0559 -0.3787 0.0048
-0.7239 0.2665 0.562 0.2983 -0.1184 0.7214 5.0E-4 0.6823 -0.6785 0.2886 0.5463 0.3975 -0.7277 -0.1942 0.6348 0.1722 -0.3984 -0.3489 0.6893 -0.4944 -0.6945 -0.1591 0.6798 -0.1738 -0.9376 -0.1717 -0.2733 0.1299 -0.6866 0.2151 0.6869 0.1021 -0.7543 0.2332 0.6075 -0.0875 -0.9238 0.0559 -0.3787 0.0048
-0.7228 0.2448 0.6211 0.1785 -0.1184 0.7214 5.0E-4 0.6823 -0.6785 0.2886 0.5463 0.3975 -0.7307 -0.0495 0.6778 0.0649 -0.4063 -0.3779 0.6831 -0.4748 -0.6945 -0.1591 0.6798 -0.1738 -0.9376 -0.1717 -0.2733 0.1299 -0.7267 0.1455 0.6593 0.1262 -0.7543 0.2332 0.6075 -0.0875 -0.9238 0.0559 -0.3787 0.0048
-0.7228 0.2448 0.6211 0.1785 -0.1184 0.7214 5.0E-4 0.6823 -0.6785 0.2886 0.5463 0.3975 -0.7307 -0.0495 0.6778 0.0649 -0.4063 -0.3779 0.6831 -0.4748 -0.6945 -0.1591 0.6798 -0.1738 -0.9376 -0.1717 -0.2733 0.1299 -0.7267 0.1455 0.6593 0.1262 -0.7543 0.2332 0.6075 -0.0875 -0.793 0.0721 -0.6047 0.0186
-0.7228 0.2448 0.6211 0.1785 -0.1184 0.7214 5.0E-4 0.6823 -0.6785 0.2886 0.5463 0.3975 -0.7307 -0.0495 0.6778 0.0649 -0.4063 -0.3779 0.6831 -0.4748 -0.7142 -0.1498 0.6765 -0.0992 -0.9376 -0.1717 -0.2733 0.1299 -0.7267 0.1455 0.6593 0.1262 -0.7543 0.2332 0.6075 -0.0875 -0.793 0.0721 -0.6047 0.0186
-0.7228 0.2448 0.6211 0.1785 -0.1798 0.7565 0.0096 0.6287 -0.6785 0.2886 0.5463 0.3975 -0.7307 -0.0495 0.6778 0.0649 -0.4063 -0.3779 0.6831 -0.4748 -0.7142 -0.1498 0.6765 -0.0992 -0.9376 -0.1717 -0.2733 0.1299 -0.7267 0.1455 0.6593 0.1262 -0.7543 0.2332 0.6075 -0.0875 -0.793 0.0721 -0.6047 0.0186
-0.7228 0.2448 0.6211 0.1785 -0.1798 0.7565 0.0096 0.6287 -0.7299 0.282 0.5355 0.3179 -0.7307 -0.0495 0.6778 0.0649 -0.4063 -0.3779 0.6831 -0.4748 -0.7142 -0.1498 0.6765 -0.0992 -0.9343 -0.183 -0.2804 0.1219 -0.7267 0.1455 0.6593 0.1262 -0.7469 0.2728 0.58 -0.1767 -0.793 0.0721 -0.6047 0.0186
-0.7228 0.2448 0.6211 0.1785 -0.1798 0.7565 0.0096 0.6287 -0.7299 0.282 0.5355 0.3179 -0.7307 -0.0495 0.6778 0.0649 -0.4063 -0.3779 0.6831 -0.4748 -0.7142 -0.1498 0.6765 -0.0992 -0.9343 -0.183 -0.2804 0.1219 -0.7267 0.1455 0.6593 0.1262 -0.7469 0.2728 0.58 -0.1767 -0.793 0.0721 -0.6047 0.0186
-0.7228 0.2448 0.6211 0.1785 -0.1798 0.7565 0.0096 0.6287 -0.7299 0.282 0.5355 0.3179 -0.7307 -0.0495 0.6778 0.0649 -0.431 -0.4061 0.6666 -0.4528 -0.7142 -0.1498 0.6765 -0.0992 -0.9343 -0.183 -0.2804 0.1219 -0.7463 0.0884 0.6362 0.1747 -0.7469 0.2728 0.58 -0.1767 -0.793 0.0721 -0.6047 0.0186
-0.7228 0.2448 0.6211 0.1785 -0.1798 0.7565 0.0096 0.6287 -0.7299 0.282 0.5355 0.3179 -0.7307 -0.0495 0.6778 0.0649 -0.431 -0.4061 0.6666 -0.4528 -0.7142 -0.1498 0.6765 -0.0992 -0.9343 -0.183 -0.2804 0.1219 -0.7463 0.0884 0.6362 0.1747 -0.7469 0.2728 0.58 -0.1767 -0.7883 0.0198 -0.5868 -0.184
-0.7228 0.2448 0.6211 0.1785 -0.1798 0.7565 0.0096 0.6287 -0.7299 0.282 0.5355 0.3179 -0.7307 -0.0495 0.6778 0.0649 -0.431 -0.4061 0.6666 -0.4528 -0.7142 -0.1498 0.6765 -0.0992 -0.9343 -0.183 -0.2804 0.1219 -0.7463 0.0884 0.6362 0.1747 -0.7469 0.2728 0.58 -0.1767 -0.7883 0.0198 -0.5868 -0.184
-0.7228 0.2448 0.6211 0.1785 -0.1798 0.7565 0.0096 0.6287 -0.7299 0.282 0.5355 0.3179 -0.7307 -0.0495 0.6778 0.0649 -0.431 -0.4061 0.6666 -0.4528 -0.7109 -0.1733 0.6762 -0.0854 -0.9343 -0.183 -0.2804 0.1219 -0.7463 0.0884 0.6362 0.1747 -0.7469 0.2728 0.58 -0.1767 -0.7883 0.0198 -0.5868 -0.184
-0.7228 0.2448 0.6211 0.1785 -0.1798 0.7565 0.0096 0.6287 -0.7299 0.282 0.5355 0.3179 -0.7307 -0.0495 0.6778 0.0649 -0.431 -0.4061 0.6666 -0.4528 -0.7109 -0.1733 0.6762 -0.0854 -0.9343 -0.183 -0.2804 0.1219 -0.7463 0.0884 0.6362 0.1747 -0.7469 0.2728 0.58 -0.1767 -0.7883 0.0198 -0.5868 -0.184
-0.7228 0.2448 0.6211 0.1785 -0.2521 0.7937 -7.0E-4 0.5536 -0.7908 0.2537 0.5087 0.2267 -0.7307 -0.0495 0.6778 0.0649 -0.431 -0.4061 0.6666 -0.4528 -0.7109 -0.1733 0.6762 -0.0854 -0.9313 -0.1888 -0.2873 0.12 -0.7463 0.0884 0.6362 0.1747 -0.7708 0.0928 0.5927 -0.2148 -0.7883 0.0198 -0.5868 -0.184
-0.7228 0.2448 0.6211 0.1785 -0.2521 0.7937 -7.0E-4 0.5536 -0.7908 0.2537 0.5087 0.2267 -0.7307 -0.0495 0.6778 0.0649 -0.4544 -0.4291 0.6511 -0.4307 -0.7109 -0.1733 0.6762 -0.0854 -0.9313 -0.1888 -0.2873 0.12 -0.7463 0.0884 0.6362 0.1747 -0.7708 0.0928 0.5927 -0.2148 -0.7883 0.0198 -0.5868 -0.184
-0.7706 0.2222 0.5908 0.0888 -0.2521 0.7937 -7.0E-4 0.5536 -0.7908 0.2537 0.5087 0.2267 -0.7737 -0.1173 0.611 -0.1194 -0.4544 -0.4291 0.6511 -0.4307 -0.7109 -0.1733 0.6762 -0.0854 -0.9313 -0.1888 -0.2873 0.12 -0.7306 0.0752 0.6301 0.2521 -0.7708 0.0928 0.5927 -0.2148 -0.7883 0.0198 -0.5868 -0.184
-0.7706 0.2222 0.5908 0.0888 -0.2521 0.7937 -7.0E-4 0.5536 -0.7908 0.2537 0.5087 0.2267 -0.7737 -0.1173 0.611 -0.1194 -0.4544 -0.4291 0.6511 -0.4307 -0.7109 -0.1733 0.6762 -0.0854 -0.9313 -0.1888 -0.2873 0.12 -0.7306 0.0752 0.6301 0.2521 -0.7708 0.0928 0.5927 -0.2148 -0.7883 0.0198 -0.5868 -0.184
-0.7706 0.2222 0.5908 0.0888 -0.2521 0.7937 -7.0E-4 0.5536 -0.7908 0.2537 0.5087 0.2267 -0.7737 -0.1173 0.611 -0.1194 -0.4544 -0.4291 0.6511 -0.4307 -0.7109 -0.1733 0.6762 -0.0854 -0.9313 -0.1888 -0.2873 0.12 -0.7306 0.0752 0.6301 0.2521 -0.7708 0.0928 0.5927 -0.2148 -0.7883 0.0198 -0.5868 -0.184
-0.7706 0.2222 0.5908 0.0888 -0.2521 0.7937 -7.0E-4 0.5536 -0.7908 0.2537 0.5087 0.2267 -0.7737 -0.1173 0.611 -0.1194 -0.4544 -0.4291 0.6511 -0.4307 -0.7175 -0.1806 0.6702 -0.0588 -0.9313 -0.1888 -0.2873 0.12 -0.7306 0.0752 0.6301 0.2521 -0.7708 0.0928 0.5927 -0.2148 -0.8736 0.0388 -0.4456 -0.1918
-0.7706 0.2222 0.5908 0.0888 -0.2521 0.7937 -7.0E-4 0.5536 -0.7908 0.2537 0.5087 0.2267 -0.7737 -0.1173 0.611 -0.1194 -0.4544 -0.4291 0.6511 -0.4307 -0.7175 -0.1806 0.6702 -0.0588 -0.9313 -0.1888 -0.2873 0.12 -0.7306 0.0752 0.6301 0.2521 -0.7708 0.0928 0.5927 -0.2148 -0.8736 0.0388 -0.4456 -0.1918
-0.7706 0.2222 0.5908 0.0888 -0.2731 0.8133 -0.0259 0.5131 -0.8187 0.2344 0.4933 0.1775 -0.7737 -0.1173 0.611 -0.1194 -0.4544 -0.4291 0.6511 -0.4307 -0.7175 -0.1806 0.6702 -0.0588 -0.9297 -0.1884 -0.291 0.124 -0.7306 0.0752 0.6301 0.2521 -0.7264 0.045 0.6852 -0.0267 -0.8736 0.0388 -0.4456 -0.1918
-0.7706 0.2222 0.5908 0.0888 -0.2731 0.8133 -0.0259 0.5131 -0.8187 0.2344 0.4933 0.1775 -0.7737 -0.1173 0.611 -0.1194 -0.4722 -0.4513 0.6323 -0.4166 -0.7175 -0.1806 0.6702 -0.0588 -0.9297 -0.1884 -0.291 0.124 -0.7306 0.0752 0.6301 0.2521 -0.7264 0.045 0.6852 -0.0267 -0.8736 0.0388 -0.4456 -0.1918
-0.7706 0.2222 0.5908 0.0888 -0.2731 0.8133 -0.0259 0.5131 -0.8187 0.2344 0.4933 0.1775 -0.7737 -0.1173 0.611 -0.1194 -0.4722 -0.4513 0.6323 -0.4166 -0.7175 -0.1806 0.6702 -0.0588 -0.9297 -0.1884 -0.291 0.124 -0.7306 0.0752 0.6301 0.2521 -0.7264 0.045 0.6852 -0.0267 -0.8736 0.0388 -0.4456 -0.1918
-0.7706 0.2222 0.5908 0.0888 -0.2731 0.8133 -0.0259 0.5131 -0.8187 0.2344 0.4933 0.1775 -0.7737 -0.1173 0.611 -0.1194 -0.4722 -0.4513 0.6323 -0.4166 -0.7175 -0.1806 0.6702 -0.0588 -0.9297 -0.1884 -0.291 0.124 -0.7083 0.0924 0.6345 0.2952 -0.7264 0.045 0.6852 -0.0267 -0.8736 0.0388 -0.4456 -0.1918
-0.7706 0.2222 0.5908 0.0888 -0.2731 0.8133 -0.0259 0.5131 -0.8187 0.2344 0.4933 0.1775 -0.7737 -0.1173 0.611 -0.1194 -0.4722 -0.4513 0.6323 -0.4166 -0.7175 -0.1806 0.6702 -0.0588 -0.9297 -0.1884 -0.291 0.124 -0.7083 0.0924 0.6345 0.2952 -0.7264 0.045 0.6852 -0.0267 -0.946 0.0714 -0.3143 -0.0348
-0.7706 0.2222 0.5908 0.0888 -0.2731 0.8133 -0.0259 0.5131 -0.8187 0.2344 0.4933 0.1775 -0.7737 -0.1173 0.611 -0.1194 -0.4722 -0.4513 0.6323 -0.4166 -0.728 -0.1869 0.6589 -0.0306 -0.9297 -0.1884 -0.291 0.124 -0.7083 0.0924 0.6345 0.2952 -0.7264 0.045 0.6852 -0.0267 -0.946 0.0714 -0.3143 -0.0348
-0.7706 0.2222 0.5908 0.0888 -0.2731 0.8133 -0.0259 0.5131 -0.8187 0.2344 0.4933 0.1775 -0.7737 -0.1173 0.611 -0.1194 -0.4722 -0.4513 0.6323 -0.4166 -0.728 -0.1869 0.6589 -0.0306 -0.9297 -0.1884 -0.291 0.124 -0.7083 0.0924 0.6345 0.2952 -0.7264 0.045 0.6852 -0.0267 -0.946 0.0714 -0.3143 -0.0348
-0.7706 0.2222 0.5908 0.0888 -0.263 0.8081 -0.0038 0.5271 -0.8187 0.2344 0.4933 0.1775 -0.7737 -0.1173 0.611 -0.1194 -0.4722 -0.4513 0.6323 -0.4166 -0.728 -0.1869 0.6589 -0.0306 -0.9297 -0.1884 -0.291 0.124 -0.7083 0.0924 0.6345 0.2952 -0.7264 0.045 0.6852 -0.0267 -0.946 0.0714 -0.3143 -0.0348
-0.7706 0.2222 0.5908 0.0888 -0.263 0.8081 -0.0038 0.5271 -0.8175 0.2211 0.5037 0.1707 -0.7737 -0.1173 0.611 -0.1194 -0.4722 -0.4513 0.6323 -0.4166 -0.728 -0.1869 0.6589 -0.0306 -0.928 -0.1862 -0.295 0.1305 -0.7083 0.0924 0.6345 0.2952 -0.6618 -0.0213 0.7226 0.1985 -0.946 0.0714 -0.3143 -0.0348
-0.7706 0.2222 0.5908 0.0888 -0.263 0.8081 -0.0038 0.5271 -0.8175 0.2211 0.5037 0.1707 -0.7625 -0.1423 0.6054 -0.1786 -0.4947 -0.4667 0.6145 -0.3998 -0.728 -0.1869 0.6589 -0.0306 -0.928 -0.1862 -0.295 0.1305 -0.6772 0.1653 0.6411 0.321 -0.6618 -0.0213 0.7226 0.1985 -0.946 0.0714 -0.3143 -0.0348
-0.7706 0.2222 0.5908 0.0888 -0.263 0.8081 -0.0038 0.5271 -0.8175 0.2211 0.5037 0.1707 -0.7625 -0.1423 0.6054 -0.1786 -0.4947 -0.4667 0.6145 -0.3998 -0.728 -0.1869 0.6589 -0.0306 -0.928 -0.1862 -0.295 0.1305 -0.6772 0.1653 0.6411 0.321 -0.6618 -0.0213 0.7226 0.1985 -0.9763 0.0584 -0.2034 0.0447
-0.7706 0.2222 0.5908 0.0888 -0.263 0.8081 -0.0038 0.5271 -0.8175 0.2211 0.5037 0.1707 -0.7625 -0.1423 0.6054 -0.1786 -0.4947 -0.4667 0.6145 -0.3998 -0.749 -0.2064 0.6295 0.0099 -0.928 -0.1862 -0.295 0.1305 -0.6772 0.1653 0.6411 0.321 -0.6618 -0.0213 0.7226 0.1985 -0.9763 0.0584 -0.2034 0.0447
-0.7706 0.2222 0.5908 0.0888 -0.263 0.8081 -0.0038 0.5271 -0.8175 0.2211 0.5037 0.1707 -0.7625 -0.1423 0.6054 -0.1786 -0.4947 -0.4667 0.6145 -0.3998 -0.749 -0.2064 0.6295 0.0099 -0.928 -0.1862 -0.295 0.1305 -0.6772 0.1653 0.6411 0.321 -0.6618 -0.0213 0.7226 0.1985 -0.9763 0.0584 -0.2034 0.0447
-0.7706 0.2222 0.5908 0.0888 -0.263 0.8081 -0.0038 0.5271 -0.8175 0.2211 0.5037 0.1707 -0.7625 -0.1423 0.6054 -0.1786 -0.4947 -0.4667 0.6145 -0.3998 -0.749 -0.2064 0.6295 0.0099 -0.928 -0.1862 -0.295 0.1305 -0.6772 0.1653 0.6411 0.321 -0.6618 -0.0213 0.7226 0.1985 -0.9763 0.0584 -0.2034 0.0447
-0.7706 0.2222 0.5908 0.0888 -0.263 0.8081 -0.0038 0.5271 -0.7947 0.2351 0.5253 0.1928 -0.7625 -0.1423 0.6054 -0.1786 -0.4947 -0.4667 0.6145 -0.3998 -0.749 -0.2064 0.6295 0.0099 -0.9195 -0.1968 -0.3106 0.1391 -0.6772 0.1653 0.6411 0.321 -0.6494 0.0333 0.7322 0.2027 -0.9763 0.0584 -0.2034 0.0447
-0.7706 0.2222 0.5908 0.0888 -0.263 0.8081 -0.0038 0.5271 -0.7947 0.2351 0.5253 0.1928 -0.7625 -0.1423 0.6054 -0.1786 -0.5152 -0.4634 0.6057 -0.3912 -0.749 -0.2064 0.6295 0.0099 -0.9195 -0.1968 -0.3106 0.1391 -0.6772 0.1653 0.6411 0.321 -0.6494 0.0333 0.7322 0.2027 -0.9763 0.0584 -0.2034 0.0447
-0.7499 0.198 0.6204 0.116 -0.263 0.8081 -0.0038 0.5271 -0.7947 0.2351 0.5253 0.1928 -0.7625 -0.1423 0.6054 -0.1786 -0.5152 -0.4634 0.6057 -0.3912 -0.749 -0.2064 0.6295 0.0099 -0.9195 -0.1968 -0.3106 0.1391 -0.6772 0.1653 0.6411 0.321 -0.6494 0.0333 0.7322 0.2027 -0.9763 0.0584 -0.2034 0.0447
-0.7499 0.198 0.6204 0.116 -0.263 0.8081 -0.0038 0.5271 -0.7947 0.2351 0.5253 0.1928 -0.7625 -0.1423 0.6054 -0.1786 -0.5152 -0.4634 0.6057 -0.3912 -0.749 -0.2064 0.6295 0.0099 -0.9195 -0.1968 -0.3106 0.1391 -0.6541 0.1926 0.6408 0.3529 -0.6494 0.0333 0.7322 0.2027 -0.9763 0.0584 -0.2034 0.0447
-0.7499 0.198 0.6204 0.116 -0.263 0.8081 -0.0038 0.5271 -0.7947 0.2351 0.5253 0.1928 -0.7625 -0.1423 0.6054 -0.1786 -0.5152 -0.4634 0.6057 -0.3912 -0.749 -0.2064 0.6295 0.0099 -0.9195 -0.1968 -0.3106 0.1391 -0.6541 0.1926 0.6408 0.3529 -0.6494 0.0333 0.7322 0.2027 -0.9508 0.0261 -0.3063 0.0381
-0.7499 0.198 0.6204 0.116 -0.263 0.8081 -0.0038 0.5271 -0.7947 0.2351 0.5253 0.1928 -0.7625 -0.1423 0.6054 -0.1786 -0.5152 -0.4634 0.6057 -0.3912 -0.7806 -0.2503 0.5677 0.0755 -0.9195 -0.1968 -0.3106 0.1391 -0.6541 0.1926 0.6408 0.3529 -0.6494 0.0333 0.7322 0.2027 -0.9508 0.0261 -0.3063 0.0381
-0.7499 0.198 0.6204 0.116 -0.1707 0.7371 0.0338 0.653 -0.7947 0.2351 0.5253 0.1928 -0.7625 -0.1423 0.6054 -0.1786 -0.5152 -0.4634 0.6057 -0.3912 -0.7806 -0.2503 0.5677 0.0755 -0.9195 -0.1968 -0.3106 0.1391 -0.6541 0.1926 0.6408 0.3529 -0.6494 0.0333 0.7322 0.2027 -0.9508 0.0261 -0.3063 0.0381
-0.7499 0.198 0.6204 0.116 -0.1707 0.7371 0.0338 0.653 -0.7432 0.2513 0.5539 0.2787 -0.7625 -0.1423 0.6054 -0.1786 -0.5152 -0.4634 0.6057 -0.3912 -0.7806 -0.2503 0.5677 0.0755 -0.8251 -0.2267 -0.4915 0.1619 -0.6541 0.1926 0.6408 0.3529 -0.6696 0.1295 0.7078 0.1837 -0.9508 0.0261 -0.3063 0.0381
-0.7499 0.198 0.6204 0.116 -0.1707 0.7371 0.0338 0.653 -0.7432 0.2513 0.5539 0.2787 -0.7625 -0.1423 0.6054 -0.1786 -0.5132 -0.3923 0.6258 -0.4371 -0.7806 -0.2503 0.5677 0.0755 -0.8251 -0.2267 -0.4915 0.1619 -0.6541 0.1926 0.6408 0.3529 -0.6696 0.1295 0.7078 0.1837 -0.9508 0.0261 -0.3063 0.0381
-0.7499 0.198 0.6204 0.116 -0.1707 0.7371 0.0338 0.653 -0.7432 0.2513 0.5539 0.2787 -0.7625 -0.1423 0.6054 -0.1786 -0.5132 -0.3923 0.6258 -0.4371 -0.7806 -0.2503 0.5677 0.0755 -0.8251 -0.2267 -0.4915 0.1619 -0.6541 0.1926 0.6408 0.3529 -0.6696 0.1295 0.7078 0.1837 -0.9508 0.0261 -0.3063 0.0381
-0.7289 0.2203 0.6157 0.2027 -0.1707 0.7371 0.0338 0.653 -0.7432 0.2513 0.5539 0.2787 -0.7343 -0.1222 0.6638 -0.0721 -0.5132 -0.3923 0.6258 -0.4371 -0.7806 -0.2503 0.5677 0.0755 -0.8251 -0.2267 -0.4915 0.1619 -0.6592 0.1738 0.6707 0.2924 -0.6696 0.1295 0.7078 0.1837 -0.9508 0.0261 -0.3063 0.0381
-0.7289 0.2203 0.6157 0.2027 -0.1707 0.7371 0.0338 0.653 -0.7432 0.2513 0.5539 0.2787 -0.7343 -0.1222 0.6638 -0.0721 -0.5132 -0.3923 0.6258 -0.4371 -0.7806 -0.2503 0.5677 0.0755 -0.8251 -0.2267 -0.4915 0.1619 -0.6592 0.1738 0.6707 0.2924 -0.6696 0.1295 0.7078 0.1837 -0.9512 0.0205 -0.3068 0.0255
-0.7289 0.2203 0.6157 0.2027 -0.1707 0.7371 0.0338 0.653 -0.7432 0.2513 0.5539 0.2787 -0.7343 -0.1222 0.6638 -0.0721 -0.5132 -0.3923 0.6258 -0.4371 -0.8049 -0.2941 0.4808 0.1854 -0.8251 -0.2267 -0.4915 0.1619 -0.6592 0.1738 0.6707 0.2924 -0.6696 0.1295 0.7078 0.1837 -0.9512 0.0205 -0.3068 0.0255
-0.7289 0.2203 0.6157 0.2027 -0.1157 0.7 -0.0046 0.7047 -0.7432 0.2513 0.5539 0.2787 -0.7343 -0.1222 0.6638 -0.0721 -0.5132 -0.3923 0.6258 -0.4371 -0.8049 -0.2941 0.4808 0.1854 -0.8251 -0.2267 -0.4915 0.1619 -0.6592 0.1738 0.6707 0.2924 -0.6696 0.1295 0.7078 0.1837 -0.9512 0.0205 -0.3068 0.0255
-0.7289 0.2203 0.6157 0.2027 -0.1157 0.7 -0.0046 0.7047 -0.6813 0.2814 0.5469 0.3969 -0.7343 -0.1222 0.6638 -0.0721 -0.5132 -0.3923 0.6258 -0.4371 -0.8049 -0.2941 0.4808 0.1854 -0.567 -0.2418 -0.7409 0.2667 -0.6592 0.1738 0.6707 0.2924 -0.6696 0.1295 0.7078 0.1837 -0.9512 0.0205 -0.3068 0.0255
-0.7289 0.2203 0.6157 0.2027 -0.1157 0.7 -0.0046 0.7047 -0.6813 0.2814 0.5469 0.3969 -0.7343 -0.1222 0.6638 -0.0721 -0.5132 -0.3923 0.6258 -0.4371 -0.8049 -0.2941 0.4808 0.1854 -0.567 -0.2418 -0.7409 0.2667 -0.6592 0.1738 0.6707 0.2924 -0.6716 0.1656 0.7056 0.1539 -0.9512 0.0205 -0.3068 0.0255
-0.7289 0.2203 0.6157 0.2027 -0.1157 0.7 -0.0046 0.7047 -0.6813 0.2814 0.5469 0.3969 -0.7343 -0.1222 0.6638 -0.0721 -0.5132 -0.3923 0.6258 -0.4371 -0.8049 -0.2941 0.4808 0.1854 -0.567 -0.2418 -0.7409 0.2667 -0.6592 0.1738 0.6707 0.2924 -0.6716 0.1656 0.7056 0.1539 -0.9512 0.0205 -0.3068 0.0255
-0.7184 0.2562 0.5844 0.2768 -0.1157 0.7 -0.0046 0.7047 -0.6813 0.2814 0.5469 0.3969 -0.7172 -0.1141 0.6795 0.1046 -0.4561 -0.264 0.6943 -0.4901 -0.8049 -0.2941 0.4808 0.1854 -0.567 -0.2418 -0.7409 0.2667 -0.6523 0.2145 0.6743 0.2717 -0.6716 0.1656 0.7056 0.1539 -0.9512 0.0205 -0.3068 0.0255
-0.7184 0.2562 0.5844 0.2768 -0.1157 0.7 -0.0046 0.7047 -0.6813 0.2814 0.5469 0.3969 -0.7172 -0.1141 0.6795 0.1046 -0.4561 -0.264 0.6943 -0.4901 -0.8049 -0.2941 0.4808 0.1854 -0.567 -0.2418 -0.7409 0.2667 -0.6523 0.2145 0.6743 0.2717 -0.6716 0.1656 0.7056 0.1539 -0.9521 0.0179 -0.3045 0.0225
-0.7184 0.2562 0.5844 0.2768 -0.1157 0.7 -0.0046 0.7047 -0.6813 0.2814 0.5469 0.3969 -0.7172 -0.1141 0.6795 0.1046 -0.4561 -0.264 0.6943 -0.4901 -0.8117 -0.2288 0.4659 0.2678 -0.567 -0.2418 -0.7409 0.2667 -0.6523 0.2145 0.6743 0.2717 -0.6716 0.1656 0.7056 0.1539 -0.9521 0.0179 -0.3045 0.0225
-0.7184 0.2562 0.5844 0.2768 -0.1157 0.7 -0.0046 0.7047 -0.6813 0.2814 0.5469 0.3969 -0.7172 -0.1141 0.6795 0.1046 -0.4561 -0.264 0.6943 -0.4901 -0.8117 -0.2288 0.4659 0.2678 -0.567 -0.2418 -0.7409 0.2667 -0.6523 0.2145 0.6743 0.2717 -0.6716 0.1656 0.7056 0.1539 -0.9521 0.0179 -0.3045 0.0225
-0.7184 0.2562 0.5844 0.2768 -0.0637 0.6807 -0.0591 0.7274 -0.6382 0.2737 0.4976 0.5198 -0.7172 -0.1141 0.6795 0.1046 -0.4561 -0.264 0.6943 -0.4901 -0.8117 -0.2288 0.4659 0.2678 -0.5906 -0.1286 -0.7001 0.3801 -0.6523 0.2145 0.6743 0.2717 -0.6724 0.1879 0.7016 0.1428 -0.9521 0.0179 -0.3045 0.0225
-0.7184 0.2562 0.5844 0.2768 -0.0637 0.6807 -0.0591 0.7274 -0.6382 0.2737 0.4976 0.5198 -0.7172 -0.1141 0.6795 0.1046 -0.4561 -0.264 0.6943 -0.4901 -0.8117 -0.2288 0.4659 0.2678 -0.5906 -0.1286 -0.7001 0.3801 -0.6523 0.2145 0.6743 0.2717 -0.6724 0.1879 0.7016 0.1428 -0.9521 0.0179 -0.3045 0.0225
-0.7045 0.2697 0.5745 0.3176 -0.0637 0.6807 -0.0591 0.7274 -0.6382 0.2737 0.4976 0.5198 -0.7172 -0.1141 0.6795 0.1046 -0.361 -0.1299 0.7216 -0.5762 -0.8117 -0.2288 0.4659 0.2678 -0.5906 -0.1286 -0.7001 0.3801 -0.6505 0.2376 0.6834 0.231 -0.6724 0.1879 0.7016 0.1428 -0.9521 0.0179 -0.3045 0.0225
-0.7045 0.2697 0.5745 0.3176 -0.0637 0.6807 -0.0591 0.7274 -0.6382 0.2737 0.4976 0.5198 -0.7172 -0.1141 0.6795 0.1046 -0.361 -0.1299 0.7216 -0.5762 -0.8117 -0.2288 0.4659 0.2678 -0.5906 -0.1286 -0.7001 0.3801 -0.6505 0.2376 0.6834 0.231 -0.6724 0.1879 0.7016 0.1428 -0.9521 0.0179 -0.3045 0.0225
-0.7045 0.2697 0.5745 0.3176 -0.0637 0.6807 -0.0591 0.7274 -0.6382 0.2737 0.4976 0.5198 -0.7172 -0.1141 0.6795 0.1046 -0.361 -0.1299 0.7216 -0.5762 -0.8117 -0.2288 0.4659 0.2678 -0.5906 -0.1286 -0.7001 0.3801 -0.6505 0.2376 0.6834 0.231 -0.6724 0.1879 0.7016 0.1428 -0.9509 0.0203 -0.308 0.0231
-0.7045 0.2697 0.5745 0.3176 -0.0637 0.6807 -0.0591 0.7274 -0.6382 0.2737 0.4976 0.5198 -0.7172 -0.1141 0.6795 0.1046 -0.361 -0.1299 0.7216 -0.5762 -0.7943 -0.1559 0.5554 0.1906 -0.5906 -0.1286 -0.7001 0.3801 -0.6505 0.2376 0.6834 0.231 -0.6724 0.1879 0.7016 0.1428 -0.9509 0.0203 -0.308 0.0231
-0.7045 0.2697 0.5745 0.3176 -0.0637 0.6807 -0.0591 0.7274 -0.6382 0.2737 0.4976 0.5198 -0.7172 -0.1141 0.6795 0.1046 -0.361 -0.1299 0.7216 -0.5762 -0.7943 -0.1559 0.5554 0.1906 -0.5906 -0.1286 -0.7001 0.3801 -0.6505 0.2376 0.6834 0.231 -0.6724 0.1879 0.7016 0.1428 -0.9509 0.0203 -0.308 0.0231
-0.7045 0.2697 0.5745 0.3176 -0.0513 0.6822 -0.0674 0.7263 -0.6292 0.2244 0.4984 0.5526 -0.7172 -0.1141 0.6795 0.1046 -0.361 -0.1299 0.7216 -0.5762 -0.7943 -0.1559 0.5554 0.1906 -0.7334 -0.2172 -0.5376 0.3549 -0.6505 0.2376 0.6834 0.231 -0.6795 0.1927 0.6979 0.1183 -0.9509 0.0203 -0.308 0.0231
-0.7045 0.2697 0.5745 0.3176 -0.0513 0.6822 -0.0674 0.7263 -0.6292 0.2244 0.4984 0.5526 -0.7172 -0.1141 0.6795 0.1046 -0.361 -0.1299 0.7216 -0.5762 -0.7943 -0.1559 0.5554 0.1906 -0.7334 -0.2172 -0.5376 0.3549 -0.6505 0.2376 0.6834 0.231 -0.6795 0.1927 0.6979 0.1183 -0.9509 0.0203 -0.308 0.0231
-0.7045 0.2697 0.5745 0.3176 -0.0513 0.6822 -0.0674 0.7263 -0.6292 0.2244 0.4984 0.5526 -0.7172 -0.1141 0.6795 0.1046 -0.361 -0.1299 0.7216 -0.5762 -0.7943 -0.1559 0.5554 0.1906 -0.7334 -0.2172 -0.5376 0.3549 -0.6505 0.2376 0.6834 0.231 -0.6795 0.1927 0.6979 0.1183 -0.9509 0.0203 -0.308 0.0231
-0.7045 0.2697 0.5745 0.3176 -0.0513 0.6822 -0.0674 0.7263 -0.6292 0.2244 0.4984 0.5526 -0.7172 -0.1141 0.6795 0.1046 -0.361 -0.1299 0.7216 -0.5762 -0.7943 -0.1559 0.5554 0.1906 -0.7334 -0.2172 -0.5376 0.3549 -0.6505 0.2376 0.6834 0.231 -0.6795 0.1927 0.6979 0.1183 -0.9509 0.0203 -0.308 0.0231
-0.7045 0.2697 0.5745 0.3176 -0.0513 0.6822 -0.0674 0.7263 -0.6292 0.2244 0.4984 0.5526 -0.7172 -0.1141 0.6795 0.1046 -0.361 -0.1299 0.7216 -0.5762 -0.7943 -0.1559 0.5554 0.1906 -0.7334 -0.2172 -0.5376 0.3549 -0.6503 0.2515 0.6902 0.1935 -0.6795 0.1927 0.6979 0.1183 -0.9504 0.022 -0.3092 0.0225
-0.7045 0.2697 0.5745 0.3176 -0.0513 0.6822 -0.0674 0.7263 -0.6292 0.2244 0.4984 0.5526 -0.7172 -0.1141 0.6795 0.1046 -0.361 -0.1299 0.7216 -0.5762 -0.7269 -0.0383 0.6848 0.0344 -0.7334 -0.2172 -0.5376 0.3549 -0.6503 0.2515 0.6902 0.1935 -0.6795 0.1927 0.6979 0.1183 -0.9504 0.022 -0.3092 0.0225
-0.7045 0.2697 0.5745 0.3176 -0.0472 0.6829 -0.0483 0.7274 -0.62 0.2216 0.5022 0.5606 -0.7172 -0.1141 0.6795 0.1046 -0.361 -0.1299 0.7216 -0.5762 -0.7269 -0.0383 0.6848 0.0344 -0.8812 -0.2745 -0.3294 0.1989 -0.6503 0.2515 0.6902 0.1935 -0.6795 0.1927 0.6979 0.1183 -0.9504 0.022 -0.3092 0.0225
-0.7045 0.2697 0.5745 0.3176 -0.0472 0.6829 -0.0483 0.7274 -0.62 0.2216 0.5022 0.5606 -0.7172 -0.1141 0.6795 0.1046 -0.361 -0.1299 0.7216 -0.5762 -0.7269 -0.0383 0.6848 0.0344 -0.8812 -0.2745 -0.3294 0.1989 -0.6503 0.2515 0.6902 0.1935 -0.6905 0.195 0.6913 0.0858 -0.9504 0.022 -0.3092 0.0225
-0.7045 0.2697 0.5745 0.3176 -0.0472 0.6829 -0.0483 0.7274 -0.62 0.2216 0.5022 0.5606 -0.7172 -0.1141 0.6795 0.1046 -0.361 -0.1299 0.7216 -0.5762 -0.7269 -0.0383 0.6848 0.0344 -0.8812 -0.2745 -0.3294 0.1989 -0.6503 0.2515 0.6902 0.1935 -0.6905 0.195 0.6913 0.0858 -0.9504 0.022 -0.3092 0.0225
-0.6938 0.2524 0.5934 0.3205 -0.0472 0.6829 -0.0483 0.7274 -0.62 0.2216 0.5022 0.5606 -0.6788 -0.2542 0.6256 0.2885 -0.3419 -0.1725 0.7467 -0.5438 -0.7269 -0.0383 0.6848 0.0344 -0.8812 -0.2745 -0.3294 0.1989 -0.6503 0.2515 0.6902 0.1935 -0.6905 0.195 0.6913 0.0858 -0.9504 0.022 -0.3092 0.0225
-0.6938 0.2524 0.5934 0.3205 -0.0472 0.6829 -0.0483 0.7274 -0.62 0.2216 0.5022 0.5606 -0.6788 -0.2542 0.6256 0.2885 -0.3419 -0.1725 0.7467 -0.5438 -0.7269 -0.0383 0.6848 0.0344 -0.8812 -0.2745 -0.3294 0.1989 -0.6572 0.2606 0.693 0.1411 -0.6905 0.195 0.6913 0.0858 -0.9504 0.022 -0.3092 0.0225
-0.6938 0.2524 0.5934 0.3205 -0.0472 0.6829 -0.0483 0.7274 -0.62 0.2216 0.5022 0.5606 -0.6788 -0.2542 0.6256 0.2885 -0.3419 -0.1725 0.7467 -0.5438 -0.7269 -0.0383 0.6848 0.0344 -0.8812 -0.2745 -0.3294 0.1989 -0.6572 0.2606 0.693 0.1411 -0.6905 0.195 0.6913 0.0858 -0.9486 0.0249 -0.3148 0.0203
-0.6938 0.2524 0.5934 0.3205 -0.0472 0.6829 -0.0483 0.7274 -0.62 0.2216 0.5022 0.5606 -0.6788 -0.2542 0.6256 0.2885 -0.3419 -0.1725 0.7467 -0.5438 -0.6959 -0.0608 0.7079 -0.1046 -0.8812 -0.2745 -0.3294 0.1989 -0.6572 0.2606 0.693 0.1411 -0.6905 0.195 0.6913 0.0858 -0.9486 0.0249 -0.3148 0.0203
-0.6938 0.2524 0.5934 0.3205 -0.0521 0.695 -0.0192 0.7169 -0.6315 0.2448 0.5081 0.532 -0.6788 -0.2542 0.6256 0.2885 -0.3419 -0.1725 0.7467 -0.5438 -0.6959 -0.0608 0.7079 -0.1046 -0.9186 -0.2269 -0.311 0.0888 -0.6572 0.2606 0.693 0.1411 -0.6905 0.195 0.6913 0.0858 -0.9486 0.0249 -0.3148 0.0203
-0.6938 0.2524 0.5934 0.3205 -0.0521 0.695 -0.0192 0.7169 -0.6315 0.2448 0.5081 0.532 -0.6788 -0.2542 0.6256 0.2885 -0.3419 -0.1725 0.7467 -0.5438 -0.6959 -0.0608 0.7079 -0.1046 -0.9186 -0.2269 -0.311 0.0888 -0.6572 0.2606 0.693 0.1411 -0.7133 0.2172 0.6658 0.0273 -0.9486 0.0249 -0.3148 0.0203
-0.6938 0.2524 0.5934 0.3205 -0.0521 0.695 -0.0192 0.7169 -0.6315 0.2448 0.5081 0.532 -0.6788 -0.2542 0.6256 0.2885 -0.3419 -0.1725 0.7467 -0.5438 -0.6959 -0.0608 0.7079 -0.1046 -0.9186 -0.2269 -0.311 0.0888 -0.6572 0.2606 0.693 0.1411 -0.7133 0.2172 0.6658 0.0273 -0.9486 0.0249 -0.3148 0.0203
-0.6939 0.2533 0.6083 0.2903 -0.0521 0.695 -0.0192 0.7169 -0.6315 0.2448 0.5081 0.532 -0.6788 -0.2542 0.6256 0.2885 -0.3972 -0.3229 0.6959 -0.5036 -0.6959 -0.0608 0.7079 -0.1046 -0.9186 -0.2269 -0.311 0.0888 -0.6801 0.2345 0.6893 0.0858 -0.7133 0.2172 0.6658 0.0273 -0.9486 0.0249 -0.3148 0.0203
-0.6939 0.2533 0.6083 0.2903 -0.0521 0.695 -0.0192 0.7169 -0.6315 0.2448 0.5081 0.532 -0.6788 -0.2542 0.6256 0.2885 -0.3972 -0.3229 0.6959 -0.5036 -0.6959 -0.0608 0.7079 -0.1046 -0.9186 -0.2269 -0.311 0.0888 -0.6801 0.2345 0.6893 0.0858 -0.7133 0.2172 0.6658 0.0273 -0.9486 0.0249 -0.3148 0.0203
-0.6939 0.2533 0.6083 0.2903 -0.0521 0.695 -0.0192 0.7169 -0.6315 0.2448 0.5081 0.532 -0.6788 -0.2542 0.6256 0.2885 -0.3972 -0.3229 0.6959 -0.5036 -0.6959 -0.0608 0.7079 -0.1046 -0.9186 -0.2269 -0.311 0.0888 -0.6801 0.2345 0.6893 0.0858 -0.7133 0.2172 0.6658 0.0273 -0.9294 0.0317 -0.367 0.0221
-0.6939 0.2533 0.6083 0.2903 -0.0521 0.695 -0.0192 0.7169 -0.6315 0.2448 0.5081 0.532 -0.6788 -0.2542 0.6256 0.2885 -0.3972 -0.3229 0.6959 -0.5036 -0.7184 -0.1467 0.6678 -0.1281 -0.9186 -0.2269 -0.311 0.0888 -0.6801 0.2345 0.6893 0.0858 -0.7133 0.2172 0.6658 0.0273 -0.9294 0.0317 -0.367 0.0221
-0.6939 0.2533 0.6083 0.2903 -0.075 0.704 -0.0025 0.7062 -0.662 0.2584 0.5282 0.4647 -0.6788 -0.2542 0.6256 0.2885 -0.3972 -0.3229 0.6959 -0.5036 -0.7184 -0.1467 0.6678 -0.1281 -0.9349 -0.176 -0.2762 0.1363 -0.6801 0.2345 0.6893 0.0858 -0.7133 0.2172 0.6658 0.0273 -0.9294 0.0317 -0.367 0.0221
-0.6939 0.2533 0.6083 0.2903 -0.075 0.704 -0.0025 0.7062 -0.662 0.2584 0.5282 0.4647 -0.6788 -0.2542 0.6256 0.2885 -0.3972 -0.3229 0.6959 -0.5036 -0.7184 -0.1467 0.6678 -0.1281 -0.9349 -0.176 -0.2762 0.1363 -0.6801 0.2345 0.6893 0.0858 -0.7349 0.2752 0.6174 -0.0544 -0.9294 0.0317 -0.367 0.0221
-0.6939 0.2533 0.6083 0.2903 -0.075 0.704 -0.0025 0.7062 -0.662 0.2584 0.5282 0.4647 -0.6788 -0.2542 0.6256 0.2885 -0.4128 -0.3586 0.6933 -0.4693 -0.7184 -0.1467 0.6678 -0.1281 -0.9349 -0.176 -0.2762 0.1363 -0.6801 0.2345 0.6893 0.0858 -0.7349 0.2752 0.6174 -0.0544 -0.9294 0.0317 -0.367 0.0221
-0.6939 0.2533 0.6083 0.2903 -0.075 0.704 -0.0025 0.7062 -0.662 0.2584 0.5282 0.4647 -0.6788 -0.2542 0.6256 0.2885 -0.4128 -0.3586 0.6933 -0.4693 -0.7184 -0.1467 0.6678 -0.1281 -0.9349 -0.176 -0.2762 0.1363 -0.6976 0.1998 0.6722 0.1469 -0.7349 0.2752 0.6174 -0.0544 -0.9294 0.0317 -0.367 0.0221
-0.6939 0.2533 0.6083 0.2903 -0.075 0.704 -0.0025 0.7062 -0.662 0.2584 0.5282 0.4647 -0.6788 -0.2542 0.6256 0.2885 -0.4128 -0.3586 0.6933 -0.4693 -0.7184 -0.1467 0.6678 -0.1281 -0.9349 -0.176 -0.2762 0.1363 -0.6976 0.1998 0.6722 0.1469 -0.7349 0.2752 0.6174 -0.0544 -0.8074 0.0254 -0.5877 0.0462
-0.6939 0.2533 0.6083 0.2903 -0.075 0.704 -0.0025 0.7062 -0.662 0.2584 0.5282 0.4647 -0.6788 -0.2542 0.6256 0.2885 -0.4128 -0.3586 0.6933 -0.4693 -0.7184 -0.1467 0.6678 -0.1281 -0.9349 -0.176 -0.2762 0.1363 -0.6976 0.1998 0.6722 0.1469 -0.7349 0.2752 0.6174 -0.0544 -0.8074 0.0254 -0.5877 0.0462
-0.6939 0.2533 0.6083 0.2903 -0.075 0.704 -0.0025 0.7062 -0.662 0.2584 0.5282 0.4647 -0.6788 -0.2542 0.6256 0.2885 -0.4128 -0.3586 0.6933 -0.4693 -0.7184 -0.1467 0.6678 -0.1281 -0.9349 -0.176 -0.2762 0.1363 -0.6976 0.1998 0.6722 0.1469 -0.7349 0.2752 0.6174 -0.0544 -0.8074 0.0254 -0.5877 0.0462
-0.6939 0.2533 0.6083 0.2903 -0.075 0.704 -0.0025 0.7062 -0.662 0.2584 0.5282 0.4647 -0.6788 -0.2542 0.6256 0.2885 -0.4128 -0.3586 0.6933 -0.4693 -0.7184 -0.1467 0.6678 -0.1281 -0.9349 -0.176 -0.2762 0.1363 -0.6976 0.1998 0.6722 0.1469 -0.7349 0.2752 0.6174 -0.0544 -0.8074 0.0254 -0.5877 0.0462
-0.6939 0.2533 0.6083 0.2903 -0.1199 0.7388 -0.0109 0.6631 -0.6895 0.2809 0.5432 0.3881 -0.6788 -0.2542 0.6256 0.2885 -0.4128 -0.3586 0.6933 -0.4693 -0.7177 -0.1687 0.667 -0.108 -0.9375 -0.1709 -0.272 0.1337 -0.6976 0.1998 0.6722 0.1469 -0.7308 0.3141 0.585 -0.1586 -0.8074 0.0254 -0.5877 0.0462
-0.6939 0.2533 0.6083 0.2903 -0.1199 0.7388 -0.0109 0.6631 -0.6895 0.2809 0.5432 0.3881 -0.6788 -0.2542 0.6256 0.2885 -0.4128 -0.3586 0.6933 -0.4693 -0.7177 -0.1687 0.667 -0.108 -0.9375 -0.1709 -0.272 0.1337 -0.6976 0.1998 0.6722 0.1469 -0.7308 0.3141 0.585 -0.1586 -0.8074 0.0254 -0.5877 0.0462
-0.6939 0.2533 0.6083 0.2903 -0.1199 0.7388 -0.0109 0.6631 -0.6895 0.2809 0.5432 0.3881 -0.6788 -0.2542 0.6256 0.2885 -0.4327 -0.4069 0.6625 -0.4564 -0.7177 -0.1687 0.667 -0.108 -0.9375 -0.1709 -0.272 0.1337 -0.6976 0.1998 0.6722 0.1469 -0.7308 0.3141 0.585 -0.1586 -0.8074 0.0254 -0.5877 0.0462
-0.6939 0.2533 0.6083 0.2903 -0.1199 0.7388 -0.0109 0.6631 -0.6895 0.2809 0.5432 0.3881 -0.6788 -0.2542 0.6256 0.2885 -0.4327 -0.4069 0.6625 -0.4564 -0.7177 -0.1687 0.667 -0.108 -0.9375 -0.1709 -0.272 0.1337 -0.7293 0.1113 0.6509 0.1791 -0.7308 0.3141 0.585 -0.1586 -0.8074 0.0254 -0.5877 0.0462
-0.6939 0.2533 0.6083 0.2903 -0.1199 0.7388 -0.0109 0.6631 -0.6895 0.2809 0.5432 0.3881 -0.6788 -0.2542 0.6256 0.2885 -0.4327 -0.4069 0.6625 -0.4564 -0.7177 -0.1687 0.667 -0.108 -0.9375 -0.1709 -0.272 0.1337 -0.7293 0.1113 0.6509 0.1791 -0.7308 0.3141 0.585 -0.1586 -0.7613 0.0183 -0.6364 -0.123
-0.6939 0.2533 0.6083 0.2903 -0.1199 0.7388 -0.0109 0.6631 -0.6895 0.2809 0.5432 0.3881 -0.6788 -0.2542 0.6256 0.2885 -0.4327 -0.4069 0.6625 -0.4564 -0.7167 -0.1901 0.6635 -0.1006 -0.9375 -0.1709 -0.272 0.1337 -0.7293 0.1113 0.6509 0.1791 -0.7308 0.3141 0.585 -0.1586 -0.7613 0.0183 -0.6364 -0.123
-0.6939 0.2533 0.6083 0.2903 -0.1904 0.7737 -0.0098 0.6042 -0.7724 0.2172 0.5332 0.2682 -0.6788 -0.2542 0.6256 0.2885 -0.4327 -0.4069 0.6625 -0.4564 -0.7167 -0.1901 0.6635 -0.1006 -0.938 -0.1679 -0.2722 0.1337 -0.7293 0.1113 0.6509 0.1791 -0.7308 0.3141 0.585 -0.1586 -0.7613 0.0183 -0.6364 -0.123
-0.6939 0.2533 0.6083 0.2903 -0.1904 0.7737 -0.0098 0.6042 -0.7724 0.2172 0.5332 0.2682 -0.6788 -0.2542 0.6256 0.2885 -0.4327 -0.4069 0.6625 -0.4564 -0.7167 -0.1901 0.6635 -0.1006 -0.938 -0.1679 -0.2722 0.1337 -0.7293 0.1113 0.6509 0.1791 -0.7579 0.1183 0.5978 -0.2331 -0.7613 0.0183 -0.6364 -0.123
-0.6939 0.2533 0.6083 0.2903 -0.1904 0.7737 -0.0098 0.6042 -0.7724 0.2172 0.5332 0.2682 -0.6788 -0.2542 0.6256 0.2885 -0.4496 -0.4477 0.6332 -0.4431 -0.7167 -0.1901 0.6635 -0.1006 -0.938 -0.1679 -0.2722 0.1337 -0.7293 0.1113 0.6509 0.1791 -0.7579 0.1183 0.5978 -0.2331 -0.7613 0.0183 -0.6364 -0.123
-0.6939 0.2533 0.6083 0.2903 -0.1904 0.7737 -0.0098 0.6042 -0.7724 0.2172 0.5332 0.2682 -0.6788 -0.2542 0.6256 0.2885 -0.4496 -0.4477 0.6332 -0.4431 -0.7167 -0.1901 0.6635 -0.1006 -0.938 -0.1679 -0.2722 0.1337 -0.7361 0.0594 0.6342 0.2289 -0.7579 0.1183 0.5978 -0.2331 -0.7613 0.0183 -0.6364 -0.123
-0.6939 0.2533 0.6083 0.2903 -0.1904 0.7737 -0.0098 0.6042 -0.7724 0.2172 0.5332 0.2682 -0.6788 -0.2542 0.6256 0.2885 -0.4496 -0.4477 0.6332 -0.4431 -0.7167 -0.1901 0.6635 -0.1006 -0.938 -0.1679 -0.2722 0.1337 -0.7361 0.0594 0.6342 0.2289 -0.7579 0.1183 0.5978 -0.2331 -0.8594 0.0387 -0.4629 -0.2135
-0.6939 0.2533 0.6083 0.2903 -0.1904 0.7737 -0.0098 0.6042 -0.7724 0.2172 0.5332 0.2682 -0.6788 -0.2542 0.6256 0.2885 -0.4496 -0.4477 0.6332 -0.4431 -0.7167 -0.1901 0.6635 -0.1006 -0.938 -0.1679 -0.2722 0.1337 -0.7361 0.0594 0.6342 0.2289 -0.7579 0.1183 0.5978 -0.2331 -0.8594 0.0387 -0.4629 -0.2135
-0.6939 0.2533 0.6083 0.2903 -0.1904 0.7737 -0.0098 0.6042 -0.7724 0.2172 0.5332 0.2682 -0.6788 -0.2542 0.6256 0.2885 -0.4496 -0.4477 0.6332 -0.4431 -0.7215 -0.2045 0.6564 -0.0826 -0.938 -0.1679 -0.2722 0.1337 -0.7361 0.0594 0.6342 0.2289 -0.7579 0.1183 0.5978 -0.2331 -0.8594 0.0387 -0.4629 -0.2135
-0.6939 0.2533 0.6083 0.2903 -0.1904 0.7737 -0.0098 0.6042 -0.7724 0.2172 0.5332 0.2682 -0.6788 -0.2542 0.6256 0.2885 -0.4496 -0.4477 0.6332 -0.4431 -0.7215 -0.2045 0.6564 -0.0826 -0.938 -0.1679 -0.2722 0.1337 -0.7361 0.0594 0.6342 0.2289 -0.7579 0.1183 0.5978 -0.2331 -0.8594 0.0387 -0.4629 -0.2135
-0.6939 0.2533 0.6083 0.2903 -0.2305 0.7891 -0.0037 0.5693 -0.8112 0.1925 0.5192 0.188 -0.6788 -0.2542 0.6256 0.2885 -0.4496 -0.4477 0.6332 -0.4431 -0.7215 -0.2045 0.6564 -0.0826 -0.9369 -0.1675 -0.2756 0.1351 -0.7361 0.0594 0.6342 0.2289 -0.7216 0.0107 0.689 -0.0672 -0.8594 0.0387 -0.4629 -0.2135
-0.6939 0.2533 0.6083 0.2903 -0.2305 0.7891 -0.0037 0.5693 -0.8112 0.1925 0.5192 0.188 -0.6788 -0.2542 0.6256 0.2885 -0.4496 -0.4477 0.6332 -0.4431 -0.7215 -0.2045 0.6564 -0.0826 -0.9369 -0.1675 -0.2756 0.1351 -0.7361 0.0594 0.6342 0.2289 -0.7216 0.0107 0.689 -0.0672 -0.8594 0.0387 -0.4629 -0.2135
-0.7699 0.1843 0.6057 0.0807 -0.2305 0.7891 -0.0037 0.5693 -0.8112 0.1925 0.5192 0.188 -0.774 -0.2028 0.5629 -0.2071 -0.4597 -0.4714 0.6133 -0.4362 -0.7215 -0.2045 0.6564 -0.0826 -0.9369 -0.1675 -0.2756 0.1351 -0.7361 0.0594 0.6342 0.2289 -0.7216 0.0107 0.689 -0.0672 -0.8594 0.0387 -0.4629 -0.2135
-0.7699 0.1843 0.6057 0.0807 -0.2305 0.7891 -0.0037 0.5693 -0.8112 0.1925 0.5192 0.188 -0.774 -0.2028 0.5629 -0.2071 -0.4597 -0.4714 0.6133 -0.4362 -0.7215 -0.2045 0.6564 -0.0826 -0.9369 -0.1675 -0.2756 0.1351 -0.7361 0.0594 0.6342 0.2289 -0.7216 0.0107 0.689 -0.0672 -0.934 0.077 -0.3289 -0.1162
-0.7699 0.1843 0.6057 0.0807 -0.2305 0.7891 -0.0037 0.5693 -0.8112 0.1925 0.5192 0.188 -0.774 -0.2028 0.5629 -0.2071 -0.4597 -0.4714 0.6133 -0.4362 -0.7215 -0.2045 0.6564 -0.0826 -0.9369 -0.1675 -0.2756 0.1351 -0.7361 0.0594 0.6342 0.2289 -0.7216 0.0107 0.689 -0.0672 -0.934 0.077 -0.3289 -0.1162
-0.7699 0.1843 0.6057 0.0807 -0.2305 0.7891 -0.0037 0.5693 -0.8112 0.1925 0.5192 0.188 -0.774 -0.2028 0.5629 -0.2071 -0.4597 -0.4714 0.6133 -0.4362 -0.7215 -0.2045 0.6564 -0.0826 -0.9369 -0.1675 -0.2756 0.1351 -0.7361 0.0594 0.6342 0.2289 -0.7216 0.0107 0.689 -0.0672 -0.934 0.077 -0.3289 -0.1162
-0.7699 0.1843 0.6057 0.0807 -0.243 0.7933 0.0303 0.5574 -0.8228 0.1842 0.515 0.1545 -0.774 -0.2028 0.5629 -0.2071 -0.4597 -0.4714 0.6133 -0.4362 -0.7324 -0.2171 0.6431 -0.0549 -0.9369 -0.1675 -0.2756 0.1351 -0.7361 0.0594 0.6342 0.2289 -0.7216 0.0107 0.689 -0.0672 -0.934 0.077 -0.3289 -0.1162
-0.7699 0.1843 0.6057 0.0807 -0.243 0.7933 0.0303 0.5574 -0.8228 0.1842 0.515 0.1545 -0.774 -0.2028 0.5629 -0.2071 -0.4597 -0.4714 0.6133 -0.4362 -0.7324 -0.2171 0.6431 -0.0549 -0.9337 -0.1668 -0.2831 0.142 -0.7361 0.0594 0.6342 0.2289 -0.6636 -0.0554 0.7231 0.1838 -0.934 0.077 -0.3289 -0.1162
-0.7699 0.1843 0.6057 0.0807 -0.243 0.7933 0.0303 0.5574 -0.8228 0.1842 0.515 0.1545 -0.774 -0.2028 0.5629 -0.2071 -0.4597 -0.4714 0.6133 -0.4362 -0.7324 -0.2171 0.6431 -0.0549 -0.9337 -0.1668 -0.2831 0.142 -0.7361 0.0594 0.6342 0.2289 -0.6636 -0.0554 0.7231 0.1838 -0.934 0.077 -0.3289 -0.1162
-0.7699 0.1843 0.6057 0.0807 -0.243 0.7933 0.0303 0.5574 -0.8228 0.1842 0.515 0.1545 -0.774 -0.2028 0.5629 -0.2071 -0.4861 -0.4761 0.6012 -0.419 -0.7324 -0.2171 0.6431 -0.0549 -0.9337 -0.1668 -0.2831 0.142 -0.7361 0.0594 0.6342 0.2289 -0.6636 -0.0554 0.7231 0.1838 -0.934 0.077 -0.3289 -0.1162
-0.7699 0.1843 0.6057 0.0807 -0.243 0.7933 0.0303 0.5574 -0.8228 0.1842 0.515 0.1545 -0.774 -0.2028 0.5629 -0.2071 -0.4861 -0.4761 0.6012 -0.419 -0.7324 -0.2171 0.6431 -0.0549 -0.9337 -0.1668 -0.2831 0.142 -0.6901 0.1424 0.6449 0.2959 -0.6636 -0.0554 0.7231 0.1838 -0.934 0.077 -0.3289 -0.1162
-0.7699 0.1843 0.6057 0.0807 -0.243 0.7933 0.0303 0.5574 -0.8228 0.1842 0.515 0.1545 -0.774 -0.2028 0.5629 -0.2071 -0.4861 -0.4761 0.6012 -0.419 -0.7324 -0.2171 0.6431 -0.0549 -0.9337 -0.1668 -0.2831 0.142 -0.6901 0.1424 0.6449 0.2959 -0.6636 -0.0554 0.7231 0.1838 -0.9796 0.0461 -0.1941 0.0249
-0.7699 0.1843 0.6057 0.0807 -0.243 0.7933 0.0303 0.5574 -0.8228 0.1842 0.515 0.1545 -0.774 -0.2028 0.5629 -0.2071 -0.4861 -0.4761 0.6012 -0.419 -0.7566 -0.2338 0.6107 -0.0045 -0.9337 -0.1668 -0.2831 0.142 -0.6901 0.1424 0.6449 0.2959 -0.6636 -0.0554 0.7231 0.1838 -0.9796 0.0461 -0.1941 0.0249
-0.7699 0.1843 0.6057 0.0807 -0.2526 0.7825 0.0513 0.5667 -0.7994 0.2043 0.5359 0.1788 -0.774 -0.2028 0.5629 -0.2071 -0.4861 -0.4761 0.6012 -0.419 -0.7566 -0.2338 0.6107 -0.0045 -0.9144 -0.1748 -0.329 0.1588 -0.6901 0.1424 0.6449 0.2959 -0.6636 -0.0554 0.7231 0.1838 -0.9796 0.0461 -0.1941 0.0249
-0.7699 0.1843 0.6057 0.0807 -0.2526 0.7825 0.0513 0.5667 -0.7994 0.2043 0.5359 0.1788 -0.774 -0.2028 0.5629 -0.2071 -0.4861 -0.4761 0.6012 -0.419 -0.7566 -0.2338 0.6107 -0.0045 -0.9144 -0.1748 -0.329 0.1588 -0.6901 0.1424 0.6449 0.2959 -0.6573 0.0121 0.7243 0.2078 -0.9796 0.0461 -0.1941 0.0249
-0.7699 0.1843 0.6057 0.0807 -0.2526 0.7825 0.0513 0.5667 -0.7994 0.2043 0.5359 0.1788 -0.774 -0.2028 0.5629 -0.2071 -0.5048 -0.4609 0.5998 -0.416 -0.7566 -0.2338 0.6107 -0.0045 -0.9144 -0.1748 -0.329 0.1588 -0.6901 0.1424 0.6449 0.2959 -0.6573 0.0121 0.7243 0.2078 -0.9796 0.0461 -0.1941 0.0249
-0.7699 0.1843 0.6057 0.0807 -0.2526 0.7825 0.0513 0.5667 -0.7994 0.2043 0.5359 0.1788 -0.774 -0.2028 0.5629 -0.2071 -0.5048 -0.4609 0.5998 -0.416 -0.7566 -0.2338 0.6107 -0.0045 -0.9144 -0.1748 -0.329 0.1588 -0.6727 0.157 0.639 0.3384 -0.6573 0.0121 0.7243 0.2078 -0.9796 0.0461 -0.1941 0.0249
-0.7699 0.1843 0.6057 0.0807 -0.2526 0.7825 0.0513 0.5667 -0.7994 0.2043 0.5359 0.1788 -0.774 -0.2028 0.5629 -0.2071 -0.5048 -0.4609 0.5998 -0.416 -0.7566 -0.2338 0.6107 -0.0045 -0.9144 -0.1748 -0.329 0.1588 -0.6727 0.157 0.639 0.3384 -0.6573 0.0121 0.7243 0.2078 -0.9511 0.0383 -0.3055 0.0245
-0.7699 0.1843 0.6057 0.0807 -0.2526 0.7825 0.0513 0.5667 -0.7994 0.2043 0.5359 0.1788 -0.774 -0.2028 0.5629 -0.2071 -0.5048 -0.4609 0.5998 -0.416 -0.7566 -0.2338 0.6107 -0.0045 -0.9144 -0.1748 -0.329 0.1588 -0.6727 0.157 0.639 0.3384 -0.6573 0.0121 0.7243 0.2078 -0.9511 0.0383 -0.3055 0.0245
-0.7699 0.1843 0.6057 0.0807 -0.2526 0.7825 0.0513 0.5667 -0.7994 0.2043 0.5359 0.1788 -0.774 -0.2028 0.5629 -0.2071 -0.5048 -0.4609 0.5998 -0.416 -0.7566 -0.2338 0.6107 -0.0045 -0.9144 -0.1748 -0.329 0.1588 -0.6727 0.157 0.639 0.3384 -0.6573 0.0121 0.7243 0.2078 -0.9511 0.0383 -0.3055 0.0245
-0.7699 0.1843 0.6057 0.0807 -0.203 0.7715 0.0314 0.6022 -0.7492 0.2269 0.57 0.2496 -0.774 -0.2028 0.5629 -0.2071 -0.5048 -0.4609 0.5998 -0.416 -0.7863 -0.2822 0.5441 0.0781 -0.9144 -0.1748 -0.329 0.1588 -0.6727 0.157 0.639 0.3384 -0.6573 0.0121 0.7243 0.2078 -0.9511 0.0383 -0.3055 0.0245
-0.7699 0.1843 0.6057 0.0807 -0.203 0.7715 0.0314 0.6022 -0.7492 0.2269 0.57 0.2496 -0.774 -0.2028 0.5629 -0.2071 -0.5048 -0.4609 0.5998 -0.416 -0.7863 -0.2822 0.5441 0.0781 -0.7968 -0.1777 -0.5438 0.1949 -0.6727 0.157 0.639 0.3384 -0.6705 0.0959 0.7119 0.1853 -0.9511 0.0383 -0.3055 0.0245
-0.7699 0.1843 0.6057 0.0807 -0.203 0.7715 0.0314 0.6022 -0.7492 0.2269 0.57 0.2496 -0.774 -0.2028 0.5629 -0.2071 -0.5048 -0.4609 0.5998 -0.416 -0.7863 -0.2822 0.5441 0.0781 -0.7968 -0.1777 -0.5438 0.1949 -0.6727 0.157 0.639 0.3384 -0.6705 0.0959 0.7119 0.1853 -0.9511 0.0383 -0.3055 0.0245
-0.7483 0.1994 0.6147 0.1497 -0.203 0.7715 0.0314 0.6022 -0.7492 0.2269 0.57 0.2496 -0.7442 -0.1357 0.6368 -0.1491 -0.4826 -0.363 0.6406 -0.4744 -0.7863 -0.2822 0.5441 0.0781 -0.7968 -0.1777 -0.5438 0.1949 -0.6752 0.1609 0.6628 0.2809 -0.6705 0.0959 0.7119 0.1853 -0.9511 0.0383 -0.3055 0.0245
-0.7483 0.1994 0.6147 0.1497 -0.203 0.7715 0.0314 0.6022 -0.7492 0.2269 0.57 0.2496 -0.7442 -0.1357 0.6368 -0.1491 -0.4826 -0.363 0.6406 -0.4744 -0.7863 -0.2822 0.5441 0.0781 -0.7968 -0.1777 -0.5438 0.1949 -0.6752 0.1609 0.6628 0.2809 -0.6705 0.0959 0.7119 0.1853 -0.9497 0.0338 -0.3108 0.0176
-0.7483 0.1994 0.6147 0.1497 -0.203 0.7715 0.0314 0.6022 -0.7492 0.2269 0.57 0.2496 -0.7442 -0.1357 0.6368 -0.1491 -0.4826 -0.363 0.6406 -0.4744 -0.7863 -0.2822 0.5441 0.0781 -0.7968 -0.1777 -0.5438 0.1949 -0.6752 0.1609 0.6628 0.2809 -0.6705 0.0959 0.7119 0.1853 -0.9497 0.0338 -0.3108 0.0176
-0.7483 0.1994 0.6147 0.1497 -0.203 0.7715 0.0314 0.6022 -0.7492 0.2269 0.57 0.2496 -0.7442 -0.1357 0.6368 -0.1491 -0.4826 -0.363 0.6406 -0.4744 -0.7863 -0.2822 0.5441 0.0781 -0.7968 -0.1777 -0.5438 0.1949 -0.6752 0.1609 0.6628 0.2809 -0.6705 0.0959 0.7119 0.1853 -0.9497 0.0338 -0.3108 0.0176
-0.7483 0.1994 0.6147 0.1497 -0.1612 0.7484 -0.0027 0.6434 -0.6904 0.2781 0.5605 0.363 -0.7442 -0.1357 0.6368 -0.1491 -0.4826 -0.363 0.6406 -0.4744 -0.8102 -0.2451 0.4822 0.226 -0.7968 -0.1777 -0.5438 0.1949 -0.6752 0.1609 0.6628 0.2809 -0.6705 0.0959 0.7119 0.1853 -0.9497 0.0338 -0.3108 0.0176
-0.7483 0.1994 0.6147 0.1497 -0.1612 0.7484 -0.0027 0.6434 -0.6904 0.2781 0.5605 0.363 -0.7442 -0.1357 0.6368 -0.1491 -0.4826 -0.363 0.6406 -0.4744 -0.8102 -0.2451 0.4822 0.226 -0.4917 -0.1495 -0.7141 0.4753 -0.6752 0.1609 0.6628 0.2809 -0.6778 0.1185 0.7103 0.1483 -0.9497 0.0338 -0.3108 0.0176
-0.7483 0.1994 0.6147 0.1497 -0.1612 0.7484 -0.0027 0.6434 -0.6904 0.2781 0.5605 0.363 -0.7442 -0.1357 0.6368 -0.1491 -0.4826 -0.363 0.6406 -0.4744 -0.8102 -0.2451 0.4822 0.226 -0.4917 -0.1495 -0.7141 0.4753 -0.6752 0.1609 0.6628 0.2809 -0.6778 0.1185 0.7103 0.1483 -0.9497 0.0338 -0.3108 0.0176
-0.7441 0.2341 0.5889 0.2112 -0.1612 0.7484 -0.0027 0.6434 -0.6904 0.2781 0.5605 0.363 -0.7436 -0.1165 0.6575 0.0341 -0.4276 -0.222 0.7139 -0.5081 -0.8102 -0.2451 0.4822 0.226 -0.4917 -0.1495 -0.7141 0.4753 -0.6652 0.1926 0.6692 0.2695 -0.6778 0.1185 0.7103 0.1483 -0.9497 0.0338 -0.3108 0.0176
-0.7441 0.2341 0.5889 0.2112 -0.1612 0.7484 -0.0027 0.6434 -0.6904 0.2781 0.5605 0.363 -0.7436 -0.1165 0.6575 0.0341 -0.4276 -0.222 0.7139 -0.5081 -0.8102 -0.2451 0.4822 0.226 -0.4917 -0.1495 -0.7141 0.4753 -0.6652 0.1926 0.6692 0.2695 -0.6778 0.1185 0.7103 0.1483 -0.9494 0.0301 -0.3123 0.0132
-0.7441 0.2341 0.5889 0.2112 -0.1612 0.7484 -0.0027 0.6434 -0.6904 0.2781 0.5605 0.363 -0.7436 -0.1165 0.6575 0.0341 -0.4276 -0.222 0.7139 -0.5081 -0.8102 -0.2451 0.4822 0.226 -0.4917 -0.1495 -0.7141 0.4753 -0.6652 0.1926 0.6692 0.2695 -0.6778 0.1185 0.7103 0.1483 -0.9494 0.0301 -0.3123 0.0132
-0.7441 0.2341 0.5889 0.2112 -0.1612 0.7484 -0.0027 0.6434 -0.6904 0.2781 0.5605 0.363 -0.7436 -0.1165 0.6575 0.0341 -0.4276 -0.222 0.7139 -0.5081 -0.8102 -0.2451 0.4822 0.226 -0.4917 -0.1495 -0.7141 0.4753 -0.6652 0.1926 0.6692 0.2695 -0.6778 0.1185 0.7103 0.1483 -0.9494 0.0301 -0.3123 0.0132
-0.7441 0.2341 0.5889 0.2112 -0.1188 0.7137 -0.0367 0.6893 -0.6586 0.2587 0.5252 0.4728 -0.7436 -0.1165 0.6575 0.0341 -0.4276 -0.222 0.7139 -0.5081 -0.8036 -0.2208 0.501 0.2333 -0.4917 -0.1495 -0.7141 0.4753 -0.6652 0.1926 0.6692 0.2695 -0.6778 0.1185 0.7103 0.1483 -0.9494 0.0301 -0.3123 0.0132
-0.7441 0.2341 0.5889 0.2112 -0.1188 0.7137 -0.0367 0.6893 -0.6586 0.2587 0.5252 0.4728 -0.7436 -0.1165 0.6575 0.0341 -0.4276 -0.222 0.7139 -0.5081 -0.8036 -0.2208 0.501 0.2333 -0.5601 -0.1563 -0.7009 0.4131 -0.6652 0.1926 0.6692 0.2695 -0.6875 0.1352 0.7049 0.1104 -0.9494 0.0301 -0.3123 0.0132
-0.7441 0.2341 0.5889 0.2112 -0.1188 0.7137 -0.0367 0.6893 -0.6586 0.2587 0.5252 0.4728 -0.7436 -0.1165 0.6575 0.0341 -0.4276 -0.222 0.7139 -0.5081 -0.8036 -0.2208 0.501 0.2333 -0.5601 -0.1563 -0.7009 0.4131 -0.6652 0.1926 0.6692 0.2695 -0.6875 0.1352 0.7049 0.1104 -0.9494 0.0301 -0.3123 0.0132
-0.7441 0.2341 0.5889 0.2112 -0.1188 0.7137 -0.0367 0.6893 -0.6586 0.2587 0.5252 0.4728 -0.7436 -0.1165 0.6575 0.0341 -0.3427 -0.1469 0.7207 -0.5844 -0.8036 -0.2208 0.501 0.2333 -0.5601 -0.1563 -0.7009 0.4131 -0.6652 0.1926 0.6692 0.2695 -0.6875 0.1352 0.7049 0.1104 -0.9494 0.0301 -0.3123 0.0132
-0.7441 0.2341 0.5889 0.2112 -0.1188 0.7137 -0.0367 0.6893 -0.6586 0.2587 0.5252 0.4728 -0.7436 -0.1165 0.6575 0.0341 -0.3427 -0.1469 0.7207 -0.5844 -0.8036 -0.2208 0.501 0.2333 -0.5601 -0.1563 -0.7009 0.4131 -0.673 0.1823 0.6833 0.2166 -0.6875 0.1352 0.7049 0.1104 -0.9494 0.0301 -0.3123 0.0132
-0.7441 0.2341 0.5889 0.2112 -0.1188 0.7137 -0.0367 0.6893 -0.6586 0.2587 0.5252 0.4728 -0.7436 -0.1165 0.6575 0.0341 -0.3427 -0.1469 0.7207 -0.5844 -0.7843 -0.1463 0.5876 0.1344 -0.5601 -0.1563 -0.7009 0.4131 -0.673 0.1823 0.6833 0.2166 -0.6875 0.1352 0.7049 0.1104 -0.9485 0.027 -0.3153 0.0075
-0.7441 0.2341 0.5889 0.2112 -0.1188 0.7137 -0.0367 0.6893 -0.6586 0.2587 0.5252 0.4728 -0.7436 -0.1165 0.6575 0.0341 -0.3427 -0.1469 0.7207 -0.5844 -0.7843 -0.1463 0.5876 0.1344 -0.5601 -0.1563 -0.7009 0.4131 -0.673 0.1823 0.6833 0.2166 -0.6875 0.1352 0.7049 0.1104 -0.9485 0.027 -0.3153 0.0075
-0.7441 0.2341 0.5889 0.2112 -0.0945 0.6878 -0.0409 0.7186 -0.6553 0.2006 0.5303 0.4991 -0.7436 -0.1165 0.6575 0.0341 -0.3427 -0.1469 0.7207 -0.5844 -0.7843 -0.1463 0.5876 0.1344 -0.7788 -0.2728 -0.4871 0.2859 -0.673 0.1823 0.6833 0.2166 -0.6875 0.1352 0.7049 0.1104 -0.9485 0.027 -0.3153 0.0075
-0.7441 0.2341 0.5889 0.2112 -0.0945 0.6878 -0.0409 0.7186 -0.6553 0.2006 0.5303 0.4991 -0.7436 -0.1165 0.6575 0.0341 -0.3427 -0.1469 0.7207 -0.5844 -0.7843 -0.1463 0.5876 0.1344 -0.7788 -0.2728 -0.4871 0.2859 -0.673 0.1823 0.6833 0.2166 -0.6945 0.1606 0.6957 0.0891 -0.9485 0.027 -0.3153 0.0075
-0.7441 0.2341 0.5889 0.2112 -0.0945 0.6878 -0.0409 0.7186 -0.6553 0.2006 0.5303 0.4991 -0.7436 -0.1165 0.6575 0.0341 -0.3161 -0.1631 0.7078 -0.6104 -0.7843 -0.1463 0.5876 0.1344 -0.7788 -0.2728 -0.4871 0.2859 -0.673 0.1823 0.6833 0.2166 -0.6945 0.1606 0.6957 0.0891 -0.9485 0.027 -0.3153 0.0075
-0.7441 0.2341 0.5889 0.2112 -0.0945 0.6878 -0.0409 0.7186 -0.6553 0.2006 0.5303 0.4991 -0.7436 -0.1165 0.6575 0.0341 -0.3161 -0.1631 0.7078 -0.6104 -0.7843 -0.1463 0.5876 0.1344 -0.7788 -0.2728 -0.4871 0.2859 -0.6728 0.1979 0.685 0.1974 -0.6945 0.1606 0.6957 0.0891 -0.9485 0.027 -0.3153 0.0075
-0.7441 0.2341 0.5889 0.2112 -0.0945 0.6878 -0.0409 0.7186 -0.6553 0.2006 0.5303 0.4991 -0.7436 -0.1165 0.6575 0.0341 -0.3161 -0.1631 0.7078 -0.6104 -0.7843 -0.1463 0.5876 0.1344 -0.7788 -0.2728 -0.4871 0.2859 -0.6728 0.1979 0.685 0.1974 -0.6945 0.1606 0.6957 0.0891 -0.9485 0.027 -0.3153 0.0075
-0.7441 0.2341 0.5889 0.2112 -0.0945 0.6878 -0.0409 0.7186 -0.6553 0.2006 0.5303 0.4991 -0.7436 -0.1165 0.6575 0.0341 -0.3161 -0.1631 0.7078 -0.6104 -0.7843 -0.1463 0.5876 0.1344 -0.7788 -0.2728 -0.4871 0.2859 -0.6728 0.1979 0.685 0.1974 -0.6945 0.1606 0.6957 0.0891 -0.9479 0.0254 -0.3176 0.0032
-0.7441 0.2341 0.5889 0.2112 -0.0945 0.6878 -0.0409 0.7186 -0.6553 0.2006 0.5303 0.4991 -0.7436 -0.1165 0.6575 0.0341 -0.3161 -0.1631 0.7078 -0.6104 -0.708 -0.0256 0.7045 -0.0408 -0.7788 -0.2728 -0.4871 0.2859 -0.6728 0.1979 0.685 0.1974 -0.6945 0.1606 0.6957 0.0891 -0.9479 0.0254 -0.3176 0.0032
-0.7441 0.2341 0.5889 0.2112 -0.0773 0.6755 -0.0297 0.7327 -0.6505 0.199 0.5261 0.5104 -0.7436 -0.1165 0.6575 0.0341 -0.3161 -0.1631 0.7078 -0.6104 -0.708 -0.0256 0.7045 -0.0408 -0.7788 -0.2728 -0.4871 0.2859 -0.6728 0.1979 0.685 0.1974 -0.6945 0.1606 0.6957 0.0891 -0.9479 0.0254 -0.3176 0.0032
-0.7441 0.2341 0.5889 0.2112 -0.0773 0.6755 -0.0297 0.7327 -0.6505 0.199 0.5261 0.5104 -0.7436 -0.1165 0.6575 0.0341 -0.3161 -0.1631 0.7078 -0.6104 -0.708 -0.0256 0.7045 -0.0408 -0.9247 -0.2885 -0.182 0.1689 -0.6728 0.1979 0.685 0.1974 -0.7067 0.175 0.683 0.0583 -0.9479 0.0254 -0.3176 0.0032
-0.7441 0.2341 0.5889 0.2112 -0.0773 0.6755 -0.0297 0.7327 -0.6505 0.199 0.5261 0.5104 -0.7436 -0.1165 0.6575 0.0341 -0.3161 -0.1631 0.7078 -0.6104 -0.708 -0.0256 0.7045 -0.0408 -0.9247 -0.2885 -0.182 0.1689 -0.6728 0.1979 0.685 0.1974 -0.7067 0.175 0.683 0.0583 -0.9479 0.0254 -0.3176 0.0032
-0.7441 0.2341 0.5889 0.2112 -0.0773 0.6755 -0.0297 0.7327 -0.6505 0.199 0.5261 0.5104 -0.7436 -0.1165 0.6575 0.0341 -0.3911 -0.247 0.7188 -0.5189 -0.708 -0.0256 0.7045 -0.0408 -0.9247 -0.2885 -0.182 0.1689 -0.6728 0.1979 0.685 0.1974 -0.7067 0.175 0.683 0.0583 -0.9479 0.0254 -0.3176 0.0032
-0.7441 0.2341 0.5889 0.2112 -0.0773 0.6755 -0.0297 0.7327 -0.6505 0.199 0.5261 0.5104 -0.7436 -0.1165 0.6575 0.0341 -0.3911 -0.247 0.7188 -0.5189 -0.708 -0.0256 0.7045 -0.0408 -0.9247 -0.2885 -0.182 0.1689 -0.6788 0.2092 0.6885 0.1467 -0.7067 0.175 0.683 0.0583 -0.9479 0.0254 -0.3176 0.0032
