rt-uaw rt-uax rt-uay rt-uaz rt-faw rt-fax rt-fay rt-faz rt-thw rt-thx rt-thy rt-thz rt-llw rt-llx rt-lly rt-llz rt-ftw rt-ftx rt-fty rt-ftz lt-uaw lt-uax lt-uay lt-uaz lt-faw lt-fax lt-fay lt-faz lt-thw lt-thx lt-thy lt-thz lt-llw lt-llx lt-lly lt-llz lt-ftw lt-ftx lt-fty lt-ftz 
0.7757 -0.3872 -0.4831 -0.1224 0.0037 -0.4966 -0.7595 0.42 0.7267 -0.1776 -0.6334 -0.1977 0.7612 0.1132 -0.633 -0.0837 0.67 -0.1515 -0.7095 -0.1573 0.733 0.1588 -0.6462 0.1406 0.9502 0.0775 0.3017 -0.0126 0.6585 0.2669 -0.6781 0.1879 0.7358 -0.2623 -0.59 -0.2039 0.9232 -0.004 0.369 -0.1071
0.7757 -0.3872 -0.4831 -0.1224 0.0037 -0.4966 -0.7595 0.42 0.7267 -0.1776 -0.6334 -0.1977 0.7612 0.1132 -0.633 -0.0837 0.67 -0.1515 -0.7095 -0.1573 0.733 0.1588 -0.6462 0.1406 0.9502 0.0775 0.3017 -0.0126 0.6585 0.2669 -0.6781 0.1879 0.7358 -0.2623 -0.59 -0.2039 0.9232 -0.004 0.369 -0.1071
0.7757 -0.3872 -0.4831 -0.1224 0.0037 -0.4966 -0.7595 0.42 0.7267 -0.1776 -0.6334 -0.1977 0.7612 0.1132 -0.633 -0.0837 0.67 -0.1515 -0.7095 -0.1573 0.733 0.1588 -0.6462 0.1406 0.9502 0.0775 0.3017 -0.0126 0.6585 0.2669 -0.6781 0.1879 0.7358 -0.2623 -0.5901 -0.204 0.9232 -0.004 0.369 -0.1071
0.7757 -0.3872 -0.4831 -0.1224 0.0037 -0.4966 -0.7595 0.42 0.7267 -0.1776 -0.6334 -0.1977 0.7612 0.1132 -0.633 -0.0837 0.6693 -0.1505 -0.7109 -0.1548 0.733 0.1588 -0.6462 0.1406 0.9502 0.0775 0.3017 -0.0126 0.6585 0.2669 -0.6781 0.1879 0.7358 -0.2623 -0.5901 -0.204 0.9232 -0.004 0.369 -0.1071
0.7753 -0.3884 -0.4828 -0.1224 0.0033 -0.4968 -0.7592 0.4206 0.7267 -0.1776 -0.6334 -0.1977 0.7612 0.1132 -0.633 -0.0837 0.6693 -0.1505 -0.7109 -0.1548 0.733 0.1588 -0.6462 0.1406 0.9502 0.0775 0.3017 -0.0126 0.6585 0.2669 -0.6781 0.1879 0.7358 -0.2623 -0.5901 -0.204 0.9232 -0.004 0.369 -0.1071
0.7753 -0.3884 -0.4828 -0.1224 0.0033 -0.4968 -0.7592 0.4206 0.7267 -0.1776 -0.6334 -0.1977 0.7612 0.1132 -0.633 -0.0837 0.6693 -0.1505 -0.7109 -0.1548 0.733 0.1588 -0.6462 0.1406 0.9502 0.0775 0.3017 -0.0126 0.6585 0.2669 -0.6781 0.1879 0.7358 -0.2623 -0.5901 -0.204 0.9232 -0.004 0.369 -0.1071
0.7753 -0.3884 -0.4828 -0.1224 0.0033 -0.4968 -0.7592 0.4206 0.7267 -0.1776 -0.6334 -0.1977 0.7612 0.1132 -0.633 -0.0837 0.6693 -0.1505 -0.7109 -0.1548 0.733 0.1588 -0.6462 0.1406 0.9502 0.0775 0.3017 -0.0126 0.6593 0.2661 -0.6781 0.1864 0.7358 -0.2623 -0.5901 -0.204 0.9232 -0.004 0.369 -0.1071
0.7753 -0.3884 -0.4828 -0.1224 0.0033 -0.4968 -0.7592 0.4206 0.7267 -0.1776 -0.6334 -0.1977 0.7612 0.1132 -0.633 -0.0837 0.6693 -0.1505 -0.7109 -0.1548 0.733 0.1588 -0.6462 0.1406 0.9502 0.0775 0.3017 -0.0126 0.6593 0.2661 -0.6781 0.1864 0.7358 -0.2623 -0.5901 -0.204 0.9232 -0.004 0.369 -0.1071
0.7753 -0.3884 -0.4828 -0.1224 0.0033 -0.4968 -0.7592 0.4206 0.7268 -0.1776 -0.6329 -0.1993 0.7614 0.1124 -0.6328 -0.0855 0.6693 -0.1505 -0.7109 -0.1548 0.7338 0.1604 -0.6461 0.1359 0.9504 0.0763 0.3011 -0.0129 0.6593 0.2661 -0.6781 0.1864 0.7358 -0.2623 -0.5901 -0.204 0.9232 -0.004 0.369 -0.1071
0.7753 -0.3884 -0.4828 -0.1224 0.0033 -0.4968 -0.7592 0.4206 0.7268 -0.1776 -0.6329 -0.1993 0.7614 0.1124 -0.6328 -0.0855 0.6693 -0.1505 -0.7109 -0.1548 0.7338 0.1604 -0.6461 0.1359 0.9504 0.0763 0.3011 -0.0129 0.6593 0.2661 -0.6781 0.1864 0.7358 -0.2623 -0.5901 -0.204 0.9232 -0.004 0.369 -0.1071
0.7753 -0.3884 -0.4828 -0.1224 0.0033 -0.4968 -0.7592 0.4206 0.7268 -0.1776 -0.6329 -0.1993 0.7614 0.1124 -0.6328 -0.0855 0.6712 -0.149 -0.7123 -0.1407 0.7338 0.1604 -0.6461 0.1359 0.9504 0.0763 0.3011 -0.0129 0.6593 0.2661 -0.6781 0.1864 0.7367 -0.2607 -0.5903 -0.202 0.9232 -0.004 0.369 -0.1071
0.7749 -0.3904 -0.4816 -0.1233 0.0049 -0.4975 -0.7585 0.421 0.7268 -0.1776 -0.6329 -0.1993 0.7614 0.1124 -0.6328 -0.0855 0.6712 -0.149 -0.7123 -0.1407 0.7338 0.1604 -0.6461 0.1359 0.9504 0.0763 0.3011 -0.0129 0.6593 0.2661 -0.6781 0.1864 0.7367 -0.2607 -0.5903 -0.202 0.9232 -0.005 0.3688 -0.108
0.7749 -0.3904 -0.4816 -0.1233 0.0049 -0.4975 -0.7585 0.421 0.7268 -0.1776 -0.6329 -0.1993 0.7614 0.1124 -0.6328 -0.0855 0.6712 -0.149 -0.7123 -0.1407 0.7338 0.1604 -0.6461 0.1359 0.9504 0.0763 0.3011 -0.0129 0.6593 0.2661 -0.6781 0.1864 0.7367 -0.2607 -0.5903 -0.202 0.9232 -0.005 0.3688 -0.108
0.7749 -0.3904 -0.4816 -0.1233 0.0049 -0.4975 -0.7585 0.421 0.7268 -0.1776 -0.6329 -0.1993 0.7614 0.1124 -0.6328 -0.0855 0.6712 -0.149 -0.7123 -0.1407 0.7338 0.1604 -0.6461 0.1359 0.9504 0.0763 0.3011 -0.0129 0.6601 0.2665 -0.6759 0.1909 0.7367 -0.2607 -0.5903 -0.202 0.9232 -0.005 0.3688 -0.108
0.7749 -0.3904 -0.4816 -0.1233 0.0049 -0.4975 -0.7585 0.421 0.7244 -0.1785 -0.6325 -0.2083 0.7619 0.1093 -0.632 -0.0904 0.6712 -0.149 -0.7123 -0.1407 0.7325 0.1677 -0.647 0.1292 0.9509 0.074 0.3003 -0.0137 0.6601 0.2665 -0.6759 0.1909 0.7367 -0.2607 -0.5903 -0.202 0.9232 -0.005 0.3688 -0.108
0.7749 -0.3904 -0.4816 -0.1233 0.0049 -0.4975 -0.7585 0.421 0.7244 -0.1785 -0.6325 -0.2083 0.7619 0.1093 -0.632 -0.0904 0.6712 -0.149 -0.7123 -0.1407 0.7325 0.1677 -0.647 0.1292 0.9509 0.074 0.3003 -0.0137 0.6601 0.2665 -0.6759 0.1909 0.7367 -0.2607 -0.5903 -0.202 0.9232 -0.005 0.3688 -0.108
0.7749 -0.3904 -0.4816 -0.1233 0.0049 -0.4975 -0.7585 0.421 0.7244 -0.1785 -0.6325 -0.2083 0.7619 0.1093 -0.632 -0.0904 0.6696 -0.1506 -0.7143 -0.1371 0.7325 0.1677 -0.647 0.1292 0.9509 0.074 0.3003 -0.0137 0.6601 0.2665 -0.6759 0.1909 0.7409 -0.255 -0.5892 -0.1972 0.9232 -0.005 0.3688 -0.108
0.7749 -0.3904 -0.4816 -0.1233 0.0049 -0.4975 -0.7585 0.421 0.7244 -0.1785 -0.6325 -0.2083 0.7619 0.1093 -0.632 -0.0904 0.6696 -0.1506 -0.7143 -0.1371 0.7325 0.1677 -0.647 0.1292 0.9509 0.074 0.3003 -0.0137 0.6601 0.2665 -0.6759 0.1909 0.7409 -0.255 -0.5892 -0.1972 0.9232 -0.005 0.3688 -0.108
0.7749 -0.3904 -0.4816 -0.1233 0.0049 -0.4975 -0.7585 0.421 0.7244 -0.1785 -0.6325 -0.2083 0.7619 0.1093 -0.632 -0.0904 0.6696 -0.1506 -0.7143 -0.1371 0.7325 0.1677 -0.647 0.1292 0.9509 0.074 0.3003 -0.0137 0.6601 0.2665 -0.6759 0.1909 0.7409 -0.255 -0.5892 -0.1972 0.9232 -0.005 0.3688 -0.108
0.776 -0.3923 -0.4771 -0.1277 0.0049 -0.4975 -0.7585 0.421 0.7244 -0.1785 -0.6325 -0.2083 0.7619 0.1093 -0.632 -0.0904 0.6696 -0.1506 -0.7143 -0.1371 0.7325 0.1677 -0.647 0.1292 0.9509 0.074 0.3003 -0.0137 0.6642 0.2665 -0.6706 0.1953 0.7409 -0.255 -0.5892 -0.1972 0.9229 -0.0061 0.3696 -0.1083
0.776 -0.3923 -0.4771 -0.1277 0.0049 -0.4975 -0.7585 0.421 0.7244 -0.1785 -0.6325 -0.2083 0.7619 0.1093 -0.632 -0.0904 0.6696 -0.1506 -0.7143 -0.1371 0.7325 0.1677 -0.647 0.1292 0.9509 0.074 0.3003 -0.0137 0.6642 0.2665 -0.6706 0.1953 0.7409 -0.255 -0.5892 -0.1972 0.9229 -0.0061 0.3696 -0.1083
0.776 -0.3923 -0.4771 -0.1277 0.0049 -0.4975 -0.7585 0.421 0.723 -0.1873 -0.6294 -0.2146 0.7642 0.1064 -0.6292 -0.0933 0.6696 -0.1506 -0.7143 -0.1371 0.7325 0.1677 -0.647 0.1292 0.9509 0.074 0.3003 -0.0137 0.6642 0.2665 -0.6706 0.1953 0.7409 -0.255 -0.5892 -0.1972 0.9229 -0.0061 0.3696 -0.1083
0.776 -0.3923 -0.4771 -0.1277 0.0049 -0.4975 -0.7585 0.421 0.723 -0.1873 -0.6294 -0.2146 0.7642 0.1064 -0.6292 -0.0933 0.6696 -0.1506 -0.7143 -0.1371 0.7325 0.1677 -0.647 0.1292 0.9518 0.0723 0.2979 -0.0125 0.6642 0.2665 -0.6706 0.1953 0.7409 -0.255 -0.5892 -0.1972 0.9229 -0.0061 0.3696 -0.1083
0.776 -0.3923 -0.4771 -0.1277 0.0049 -0.4975 -0.7585 0.421 0.723 -0.1873 -0.6294 -0.2146 0.7642 0.1064 -0.6292 -0.0933 0.6696 -0.1506 -0.7143 -0.1371 0.7325 0.1677 -0.647 0.1292 0.9518 0.0723 0.2979 -0.0125 0.6642 0.2665 -0.6706 0.1953 0.7409 -0.255 -0.5892 -0.1972 0.9229 -0.0061 0.3696 -0.1083
0.776 -0.3923 -0.4771 -0.1277 0.0049 -0.4975 -0.7585 0.421 0.723 -0.1873 -0.6294 -0.2146 0.7642 0.1064 -0.6292 -0.0933 0.6696 -0.1506 -0.7143 -0.1371 0.7325 0.1677 -0.647 0.1292 0.9518 0.0723 0.2979 -0.0125 0.6642 0.2665 -0.6706 0.1953 0.7409 -0.255 -0.5892 -0.1972 0.9229 -0.0061 0.3696 -0.1083
0.776 -0.3923 -0.4771 -0.1277 0.0049 -0.4975 -0.7585 0.421 0.723 -0.1873 -0.6294 -0.2146 0.7642 0.1064 -0.6292 -0.0933 0.6696 -0.1506 -0.7143 -0.1371 0.7325 0.1677 -0.647 0.1292 0.9518 0.0723 0.2979 -0.0125 0.6642 0.2665 -0.6706 0.1953 0.7409 -0.255 -0.5892 -0.1972 0.9229 -0.0061 0.3696 -0.1083
0.776 -0.3923 -0.4771 -0.1277 0.0049 -0.4975 -0.7585 0.421 0.723 -0.1873 -0.6294 -0.2146 0.7642 0.1064 -0.6292 -0.0933 0.6696 -0.1506 -0.7143 -0.1371 0.7325 0.1677 -0.647 0.1292 0.9518 0.0723 0.2979 -0.0125 0.6642 0.2665 -0.6706 0.1953 0.7409 -0.255 -0.5892 -0.1972 0.9229 -0.0061 0.3696 -0.1083
0.776 -0.3923 -0.4771 -0.1277 0.0049 -0.4975 -0.7585 0.421 0.723 -0.1873 -0.6294 -0.2146 0.7642 0.1064 -0.6292 -0.0933 0.6696 -0.1506 -0.7143 -0.1371 0.7325 0.1677 -0.647 0.1292 0.9518 0.0723 0.2979 -0.0125 0.687 0.2617 -0.6556 0.1725 0.7409 -0.255 -0.5892 -0.1972 0.9229 -0.0061 0.3696 -0.1083
0.776 -0.3923 -0.4771 -0.1277 0.0049 -0.4975 -0.7585 0.421 0.723 -0.1873 -0.6294 -0.2146 0.7642 0.1064 -0.6292 -0.0933 0.6696 -0.1506 -0.7143 -0.1371 0.7325 0.1677 -0.647 0.1292 0.9518 0.0723 0.2979 -0.0125 0.687 0.2617 -0.6556 0.1725 0.7409 -0.255 -0.5892 -0.1972 0.9229 -0.0061 0.3696 -0.1083
0.776 -0.3923 -0.4771 -0.1277 0.0049 -0.4975 -0.7585 0.421 0.7261 -0.1921 -0.6269 -0.2072 0.7631 0.1206 -0.6291 -0.0863 0.6696 -0.1506 -0.7143 -0.1371 0.7168 0.1935 -0.6547 0.142 0.9526 0.0723 0.2953 -0.0095 0.687 0.2617 -0.6556 0.1725 0.7409 -0.255 -0.5892 -0.1972 0.9229 -0.0061 0.3696 -0.1083
0.776 -0.3923 -0.4771 -0.1277 0.0049 -0.4975 -0.7585 0.421 0.7261 -0.1921 -0.6269 -0.2072 0.7631 0.1206 -0.6291 -0.0863 0.6696 -0.1506 -0.7143 -0.1371 0.7168 0.1935 -0.6547 0.142 0.9526 0.0723 0.2953 -0.0095 0.687 0.2617 -0.6556 0.1725 0.7567 -0.3012 -0.5634 -0.1387 0.9229 -0.0061 0.3696 -0.1083
0.776 -0.3923 -0.4771 -0.1277 0.0049 -0.4975 -0.7585 0.421 0.7261 -0.1921 -0.6269 -0.2072 0.7631 0.1206 -0.6291 -0.0863 0.6625 -0.1428 -0.7228 -0.1347 0.7168 0.1935 -0.6547 0.142 0.9526 0.0723 0.2953 -0.0095 0.687 0.2617 -0.6556 0.1725 0.7567 -0.3012 -0.5634 -0.1387 0.9229 -0.0061 0.3696 -0.1083
0.776 -0.3923 -0.4771 -0.1277 0.0049 -0.4975 -0.7585 0.421 0.7261 -0.1921 -0.6269 -0.2072 0.7631 0.1206 -0.6291 -0.0863 0.6625 -0.1428 -0.7228 -0.1347 0.7168 0.1935 -0.6547 0.142 0.9526 0.0723 0.2953 -0.0095 0.687 0.2617 -0.6556 0.1725 0.7567 -0.3012 -0.5634 -0.1387 0.9229 -0.0061 0.3696 -0.1083
0.776 -0.3923 -0.4771 -0.1277 0.0049 -0.4975 -0.7585 0.421 0.7261 -0.1921 -0.6269 -0.2072 0.7631 0.1206 -0.6291 -0.0863 0.6625 -0.1428 -0.7228 -0.1347 0.7168 0.1935 -0.6547 0.142 0.9526 0.0723 0.2953 -0.0095 0.687 0.2617 -0.6556 0.1725 0.7567 -0.3012 -0.5634 -0.1387 0.9008 -0.0232 0.4258 -0.0823
0.776 -0.3923 -0.4771 -0.1277 0.0049 -0.4975 -0.7585 0.421 0.7261 -0.1921 -0.6269 -0.2072 0.7631 0.1206 -0.6291 -0.0863 0.6625 -0.1428 -0.7228 -0.1347 0.7168 0.1935 -0.6547 0.142 0.9526 0.0723 0.2953 -0.0095 0.7446 0.2521 -0.6118 0.0881 0.7567 -0.3012 -0.5634 -0.1387 0.9008 -0.0232 0.4258 -0.0823
0.776 -0.3923 -0.4771 -0.1277 0.0049 -0.4975 -0.7585 0.421 0.7283 -0.1924 -0.6284 -0.1945 0.7618 0.1365 -0.6289 -0.0748 0.6625 -0.1428 -0.7228 -0.1347 0.7168 0.1935 -0.6547 0.142 0.9526 0.0723 0.2953 -0.0095 0.7446 0.2521 -0.6118 0.0881 0.7567 -0.3012 -0.5634 -0.1387 0.9008 -0.0232 0.4258 -0.0823
0.776 -0.3923 -0.4771 -0.1277 0.0049 -0.4975 -0.7585 0.421 0.7283 -0.1924 -0.6284 -0.1945 0.7618 0.1365 -0.6289 -0.0748 0.6625 -0.1428 -0.7228 -0.1347 0.7168 0.1935 -0.6547 0.142 0.9526 0.0723 0.2953 -0.0095 0.7446 0.2521 -0.6118 0.0881 0.7567 -0.3012 -0.5634 -0.1387 0.9008 -0.0232 0.4258 -0.0823
0.776 -0.3923 -0.4771 -0.1277 0.0049 -0.4975 -0.7585 0.421 0.7283 -0.1924 -0.6284 -0.1945 0.7618 0.1365 -0.6289 -0.0748 0.6625 -0.1428 -0.7228 -0.1347 0.7168 0.1935 -0.6547 0.142 0.9526 0.0723 0.2953 -0.0095 0.7446 0.2521 -0.6118 0.0881 0.7567 -0.3012 -0.5634 -0.1387 0.9008 -0.0232 0.4258 -0.0823
0.776 -0.3923 -0.4771 -0.1277 0.0049 -0.4975 -0.7585 0.421 0.7283 -0.1924 -0.6284 -0.1945 0.7618 0.1365 -0.6289 -0.0748 0.6575 -0.1376 -0.7263 -0.1459 0.7168 0.1935 -0.6547 0.142 0.9526 0.0723 0.2953 -0.0095 0.7446 0.2521 -0.6118 0.0881 0.7452 -0.3154 -0.5693 -0.1451 0.9008 -0.0232 0.4258 -0.0823
0.7872 -0.365 -0.48 -0.1297 0.0108 -0.4981 -0.7688 0.4009 0.7283 -0.1924 -0.6284 -0.1945 0.7618 0.1365 -0.6289 -0.0748 0.6575 -0.1376 -0.7263 -0.1459 0.7168 0.1935 -0.6547 0.142 0.9526 0.0723 0.2953 -0.0095 0.7446 0.2521 -0.6118 0.0881 0.7452 -0.3154 -0.5693 -0.1451 0.9156 -0.0209 0.3855 -0.1122
0.7872 -0.365 -0.48 -0.1297 0.0108 -0.4981 -0.7688 0.4009 0.7283 -0.1924 -0.6284 -0.1945 0.7618 0.1365 -0.6289 -0.0748 0.6575 -0.1376 -0.7263 -0.1459 0.7168 0.1935 -0.6547 0.142 0.9526 0.0723 0.2953 -0.0095 0.7446 0.2521 -0.6118 0.0881 0.7452 -0.3154 -0.5693 -0.1451 0.9156 -0.0209 0.3855 -0.1122
0.7872 -0.365 -0.48 -0.1297 0.0108 -0.4981 -0.7688 0.4009 0.7327 -0.1831 -0.6323 -0.1727 0.7618 0.1365 -0.6289 -0.0748 0.6575 -0.1376 -0.7263 -0.1459 0.7168 0.1935 -0.6547 0.142 0.9526 0.0723 0.2953 -0.0095 0.7635 0.2393 -0.5963 0.0638 0.7452 -0.3154 -0.5693 -0.1451 0.9156 -0.0209 0.3855 -0.1122
0.7872 -0.365 -0.48 -0.1297 0.0108 -0.4981 -0.7688 0.4009 0.7327 -0.1831 -0.6323 -0.1727 0.7618 0.1365 -0.6289 -0.0748 0.6575 -0.1376 -0.7263 -0.1459 0.7168 0.1935 -0.6547 0.142 0.9526 0.0723 0.2953 -0.0095 0.7635 0.2393 -0.5963 0.0638 0.7452 -0.3154 -0.5693 -0.1451 0.9156 -0.0209 0.3855 -0.1122
0.7872 -0.365 -0.48 -0.1297 0.0108 -0.4981 -0.7688 0.4009 0.7327 -0.1831 -0.6323 -0.1727 0.7618 0.1365 -0.6289 -0.0748 0.6575 -0.1376 -0.7263 -0.1459 0.7168 0.1935 -0.6547 0.142 0.9522 0.0751 0.2961 -0.0079 0.7635 0.2393 -0.5963 0.0638 0.7452 -0.3154 -0.5693 -0.1451 0.9156 -0.0209 0.3855 -0.1122
0.7872 -0.365 -0.48 -0.1297 0.0108 -0.4981 -0.7688 0.4009 0.7327 -0.1831 -0.6323 -0.1727 0.7618 0.1365 -0.6289 -0.0748 0.6545 -0.1293 -0.7284 -0.1558 0.7168 0.1935 -0.6547 0.142 0.9522 0.0751 0.2961 -0.0079 0.7635 0.2393 -0.5963 0.0638 0.7321 -0.2249 -0.592 -0.2509 0.9156 -0.0209 0.3855 -0.1122
0.7872 -0.365 -0.48 -0.1297 0.0108 -0.4981 -0.7688 0.4009 0.7327 -0.1831 -0.6323 -0.1727 0.7618 0.1365 -0.6289 -0.0748 0.6545 -0.1293 -0.7284 -0.1558 0.7168 0.1935 -0.6547 0.142 0.9522 0.0751 0.2961 -0.0079 0.7635 0.2393 -0.5963 0.0638 0.7321 -0.2249 -0.592 -0.2509 0.9156 -0.0209 0.3855 -0.1122
0.7878 -0.3593 -0.4852 -0.1219 0.0079 -0.4926 -0.7722 0.4012 0.7327 -0.1831 -0.6323 -0.1727 0.7618 0.1365 -0.6289 -0.0748 0.6545 -0.1293 -0.7284 -0.1558 0.7168 0.1935 -0.6547 0.142 0.9522 0.0751 0.2961 -0.0079 0.7635 0.2393 -0.5963 0.0638 0.7321 -0.2249 -0.592 -0.2509 0.9156 -0.0209 0.3855 -0.1122
0.7878 -0.3593 -0.4852 -0.1219 0.0079 -0.4926 -0.7722 0.4012 0.7327 -0.1831 -0.6323 -0.1727 0.7618 0.1365 -0.6289 -0.0748 0.6545 -0.1293 -0.7284 -0.1558 0.7168 0.1935 -0.6547 0.142 0.9522 0.0751 0.2961 -0.0079 0.7601 0.2231 -0.6088 0.0421 0.7321 -0.2249 -0.592 -0.2509 0.9279 -0.0217 0.3463 -0.1362
0.7878 -0.3593 -0.4852 -0.1219 0.0079 -0.4926 -0.7722 0.4012 0.7327 -0.1831 -0.6323 -0.1727 0.7618 0.1365 -0.6289 -0.0748 0.6545 -0.1293 -0.7284 -0.1558 0.7168 0.1935 -0.6547 0.142 0.9522 0.0751 0.2961 -0.0079 0.7601 0.2231 -0.6088 0.0421 0.7321 -0.2249 -0.592 -0.2509 0.9279 -0.0217 0.3463 -0.1362
0.7878 -0.3593 -0.4852 -0.1219 0.0079 -0.4926 -0.7722 0.4012 0.7289 -0.1907 -0.6347 -0.1718 0.7724 0.1308 -0.6198 -0.0458 0.6545 -0.1293 -0.7284 -0.1558 0.7331 0.1922 -0.6412 0.1202 0.951 0.079 0.2986 -0.0084 0.7601 0.2231 -0.6088 0.0421 0.7321 -0.2249 -0.592 -0.2509 0.9279 -0.0217 0.3463 -0.1362
0.7878 -0.3593 -0.4852 -0.1219 0.0079 -0.4926 -0.7722 0.4012 0.7289 -0.1907 -0.6347 -0.1718 0.7724 0.1308 -0.6198 -0.0458 0.6545 -0.1293 -0.7284 -0.1558 0.7331 0.1922 -0.6412 0.1202 0.951 0.079 0.2986 -0.0084 0.7601 0.2231 -0.6088 0.0421 0.7321 -0.2249 -0.592 -0.2509 0.9279 -0.0217 0.3463 -0.1362
0.7878 -0.3593 -0.4852 -0.1219 0.0079 -0.4926 -0.7722 0.4012 0.7289 -0.1907 -0.6347 -0.1718 0.7724 0.1308 -0.6198 -0.0458 0.6545 -0.1293 -0.7284 -0.1558 0.7331 0.1922 -0.6412 0.1202 0.951 0.079 0.2986 -0.0084 0.7601 0.2231 -0.6088 0.0421 0.7321 -0.2249 -0.592 -0.2509 0.9279 -0.0217 0.3463 -0.1362
0.7878 -0.3593 -0.4852 -0.1219 0.0079 -0.4926 -0.7722 0.4012 0.7289 -0.1907 -0.6347 -0.1718 0.7724 0.1308 -0.6198 -0.0458 0.6545 -0.1293 -0.7284 -0.1558 0.7331 0.1922 -0.6412 0.1202 0.951 0.079 0.2986 -0.0084 0.7601 0.2231 -0.6088 0.0421 0.7321 -0.2249 -0.592 -0.2509 0.9279 -0.0217 0.3463 -0.1362
0.7878 -0.3593 -0.4852 -0.1219 0.0079 -0.4926 -0.7722 0.4012 0.7289 -0.1907 -0.6347 -0.1718 0.7724 0.1308 -0.6198 -0.0458 0.6545 -0.1293 -0.7284 -0.1558 0.7331 0.1922 -0.6412 0.1202 0.951 0.079 0.2986 -0.0084 0.7601 0.2231 -0.6088 0.0421 0.7321 -0.2249 -0.592 -0.2509 0.9279 -0.0217 0.3463 -0.1362
0.7878 -0.3593 -0.4852 -0.1219 0.0079 -0.4926 -0.7722 0.4012 0.7289 -0.1907 -0.6347 -0.1718 0.7724 0.1308 -0.6198 -0.0458 0.6545 -0.1293 -0.7284 -0.1558 0.7331 0.1922 -0.6412 0.1202 0.951 0.079 0.2986 -0.0084 0.7377 0.223 -0.6361 0.0366 0.7321 -0.2249 -0.592 -0.2509 0.9434 -0.0469 0.3021 -0.1283
0.7878 -0.3593 -0.4852 -0.1219 0.0079 -0.4926 -0.7722 0.4012 0.7289 -0.1907 -0.6347 -0.1718 0.7724 0.1308 -0.6198 -0.0458 0.6545 -0.1293 -0.7284 -0.1558 0.7331 0.1922 -0.6412 0.1202 0.951 0.079 0.2986 -0.0084 0.7377 0.223 -0.6361 0.0366 0.7321 -0.2249 -0.592 -0.2509 0.9434 -0.0469 0.3021 -0.1283
0.7878 -0.3593 -0.4852 -0.1219 0.0079 -0.4926 -0.7722 0.4012 0.7289 -0.1907 -0.6347 -0.1718 0.7724 0.1308 -0.6198 -0.0458 0.6545 -0.1293 -0.7284 -0.1558 0.7331 0.1922 -0.6412 0.1202 0.951 0.079 0.2986 -0.0084 0.7377 0.223 -0.6361 0.0366 0.7321 -0.2249 -0.592 -0.2509 0.9434 -0.0469 0.3021 -0.1283
0.7878 -0.3593 -0.4852 -0.1219 0.0079 -0.4926 -0.7722 0.4012 0.7266 -0.1968 -0.6368 -0.1669 0.7719 0.1285 -0.6204 -0.0535 0.6545 -0.1293 -0.7284 -0.1558 0.7501 0.191 -0.6262 0.0941 0.9497 0.0834 0.3016 -0.0089 0.7377 0.223 -0.6361 0.0366 0.7321 -0.2249 -0.592 -0.2509 0.9434 -0.0469 0.3021 -0.1283
0.7878 -0.3593 -0.4852 -0.1219 0.0079 -0.4926 -0.7722 0.4012 0.7266 -0.1968 -0.6368 -0.1669 0.7719 0.1285 -0.6204 -0.0535 0.6545 -0.1293 -0.7284 -0.1558 0.7501 0.191 -0.6262 0.0941 0.9497 0.0834 0.3016 -0.0089 0.7377 0.223 -0.6361 0.0366 0.7321 -0.2249 -0.592 -0.2509 0.9434 -0.0469 0.3021 -0.1283
0.7878 -0.3593 -0.4852 -0.1219 0.0079 -0.4926 -0.7722 0.4012 0.7266 -0.1968 -0.6368 -0.1669 0.7719 0.1285 -0.6204 -0.0535 0.6388 -0.1349 -0.7206 -0.2331 0.7501 0.191 -0.6262 0.0941 0.9497 0.0834 0.3016 -0.0089 0.7377 0.223 -0.6361 0.0366 0.7321 -0.2249 -0.592 -0.2509 0.9434 -0.0469 0.3021 -0.1283
0.7878 -0.3593 -0.4852 -0.1219 0.0427 -0.5131 -0.7535 0.4088 0.7266 -0.1968 -0.6368 -0.1669 0.7719 0.1285 -0.6204 -0.0535 0.6388 -0.1349 -0.7206 -0.2331 0.7501 0.191 -0.6262 0.0941 0.9497 0.0834 0.3016 -0.0089 0.7377 0.223 -0.6361 0.0366 0.7321 -0.2249 -0.592 -0.2509 0.9434 -0.0469 0.3021 -0.1283
0.7878 -0.3593 -0.4852 -0.1219 0.0427 -0.5131 -0.7535 0.4088 0.7266 -0.1968 -0.6368 -0.1669 0.7719 0.1285 -0.6204 -0.0535 0.6388 -0.1349 -0.7206 -0.2331 0.7501 0.191 -0.6262 0.0941 0.9497 0.0834 0.3016 -0.0089 0.7192 0.2288 -0.6542 0.0494 0.7321 -0.2249 -0.592 -0.2509 0.937 -0.0353 0.3254 -0.1227
0.7878 -0.3593 -0.4852 -0.1219 0.0427 -0.5131 -0.7535 0.4088 0.7266 -0.1968 -0.6368 -0.1669 0.7719 0.1285 -0.6204 -0.0535 0.6388 -0.1349 -0.7206 -0.2331 0.7501 0.191 -0.6262 0.0941 0.9497 0.0834 0.3016 -0.0089 0.7192 0.2288 -0.6542 0.0494 0.7321 -0.2249 -0.592 -0.2509 0.937 -0.0353 0.3254 -0.1227
0.7878 -0.3593 -0.4852 -0.1219 0.0427 -0.5131 -0.7535 0.4088 0.718 -0.1985 -0.6458 -0.1675 0.762 0.1182 -0.6341 -0.0581 0.6388 -0.1349 -0.7206 -0.2331 0.7808 0.2031 -0.5901 0.0313 0.9497 0.0834 0.3016 -0.0089 0.7192 0.2288 -0.6542 0.0494 0.7321 -0.2249 -0.592 -0.2509 0.937 -0.0353 0.3254 -0.1227
0.7878 -0.3593 -0.4852 -0.1219 0.0427 -0.5131 -0.7535 0.4088 0.718 -0.1985 -0.6458 -0.1675 0.762 0.1182 -0.6341 -0.0581 0.6388 -0.1349 -0.7206 -0.2331 0.7808 0.2031 -0.5901 0.0313 0.937 0.0836 0.3391 -0.0068 0.7192 0.2288 -0.6542 0.0494 0.7321 -0.2249 -0.592 -0.2509 0.937 -0.0353 0.3254 -0.1227
0.7878 -0.3593 -0.4852 -0.1219 0.0427 -0.5131 -0.7535 0.4088 0.718 -0.1985 -0.6458 -0.1675 0.762 0.1182 -0.6341 -0.0581 0.6676 -0.1865 -0.6755 -0.2513 0.7808 0.2031 -0.5901 0.0313 0.937 0.0836 0.3391 -0.0068 0.7192 0.2288 -0.6542 0.0494 0.694 -0.2412 -0.6076 -0.3018 0.937 -0.0353 0.3254 -0.1227
0.7878 -0.3593 -0.4852 -0.1219 0.0427 -0.5131 -0.7535 0.4088 0.718 -0.1985 -0.6458 -0.1675 0.762 0.1182 -0.6341 -0.0581 0.6676 -0.1865 -0.6755 -0.2513 0.7808 0.2031 -0.5901 0.0313 0.937 0.0836 0.3391 -0.0068 0.7192 0.2288 -0.6542 0.0494 0.694 -0.2412 -0.6076 -0.3018 0.937 -0.0353 0.3254 -0.1227
0.7971 -0.375 -0.4428 -0.1668 0.0427 -0.5131 -0.7535 0.4088 0.718 -0.1985 -0.6458 -0.1675 0.762 0.1182 -0.6341 -0.0581 0.6676 -0.1865 -0.6755 -0.2513 0.7808 0.2031 -0.5901 0.0313 0.937 0.0836 0.3391 -0.0068 0.7192 0.2288 -0.6542 0.0494 0.694 -0.2412 -0.6076 -0.3018 0.9214 -0.0223 0.3638 -0.1341
0.7971 -0.375 -0.4428 -0.1668 0.0427 -0.5131 -0.7535 0.4088 0.718 -0.1985 -0.6458 -0.1675 0.762 0.1182 -0.6341 -0.0581 0.6676 -0.1865 -0.6755 -0.2513 0.7808 0.2031 -0.5901 0.0313 0.937 0.0836 0.3391 -0.0068 0.7192 0.2288 -0.6542 0.0494 0.694 -0.2412 -0.6076 -0.3018 0.9214 -0.0223 0.3638 -0.1341
0.7971 -0.375 -0.4428 -0.1668 0.0427 -0.5131 -0.7535 0.4088 0.718 -0.1985 -0.6458 -0.1675 0.762 0.1182 -0.6341 -0.0581 0.6676 -0.1865 -0.6755 -0.2513 0.7808 0.2031 -0.5901 0.0313 0.937 0.0836 0.3391 -0.0068 0.6994 0.2139 -0.6804 0.0463 0.694 -0.2412 -0.6076 -0.3018 0.9214 -0.0223 0.3638 -0.1341
0.7971 -0.375 -0.4428 -0.1668 0.0427 -0.5131 -0.7535 0.4088 0.7084 -0.2078 -0.6529 -0.1697 0.7568 0.1053 -0.6423 -0.0598 0.6676 -0.1865 -0.6755 -0.2513 0.7808 0.2031 -0.5901 0.0313 0.937 0.0836 0.3391 -0.0068 0.6994 0.2139 -0.6804 0.0463 0.694 -0.2412 -0.6076 -0.3018 0.9214 -0.0223 0.3638 -0.1341
0.7971 -0.375 -0.4428 -0.1668 0.0427 -0.5131 -0.7535 0.4088 0.7084 -0.2078 -0.6529 -0.1697 0.7568 0.1053 -0.6423 -0.0598 0.6676 -0.1865 -0.6755 -0.2513 0.7808 0.2031 -0.5901 0.0313 0.937 0.0836 0.3391 -0.0068 0.6994 0.2139 -0.6804 0.0463 0.694 -0.2412 -0.6076 -0.3018 0.9214 -0.0223 0.3638 -0.1341
0.7971 -0.375 -0.4428 -0.1668 0.0427 -0.5131 -0.7535 0.4088 0.7084 -0.2078 -0.6529 -0.1697 0.7568 0.1053 -0.6423 -0.0598 0.6676 -0.1865 -0.6755 -0.2513 0.7808 0.2031 -0.5901 0.0313 0.937 0.0836 0.3391 -0.0068 0.6994 0.2139 -0.6804 0.0463 0.694 -0.2412 -0.6076 -0.3018 0.9214 -0.0223 0.3638 -0.1341
0.7971 -0.375 -0.4428 -0.1668 0.0427 -0.5131 -0.7535 0.4088 0.7084 -0.2078 -0.6529 -0.1697 0.7568 0.1053 -0.6423 -0.0598 0.6676 -0.1865 -0.6755 -0.2513 0.7808 0.2031 -0.5901 0.0313 0.937 0.0836 0.3391 -0.0068 0.6994 0.2139 -0.6804 0.0463 0.694 -0.2412 -0.6076 -0.3018 0.9214 -0.0223 0.3638 -0.1341
0.7943 -0.3927 -0.42 -0.196 0.0912 -0.5457 -0.7277 0.4055 0.7084 -0.2078 -0.6529 -0.1697 0.7568 0.1053 -0.6423 -0.0598 0.726 -0.2248 -0.6066 -0.2335 0.7808 0.2031 -0.5901 0.0313 0.937 0.0836 0.3391 -0.0068 0.6994 0.2139 -0.6804 0.0463 0.6841 -0.2734 -0.6083 -0.2953 0.9177 -0.0115 0.3754 -0.1293
0.7943 -0.3927 -0.42 -0.196 0.0912 -0.5457 -0.7277 0.4055 0.7084 -0.2078 -0.6529 -0.1697 0.7568 0.1053 -0.6423 -0.0598 0.726 -0.2248 -0.6066 -0.2335 0.7808 0.2031 -0.5901 0.0313 0.937 0.0836 0.3391 -0.0068 0.6743 0.2264 -0.6999 0.0656 0.6841 -0.2734 -0.6083 -0.2953 0.9177 -0.0115 0.3754 -0.1293
0.7943 -0.3927 -0.42 -0.196 0.0912 -0.5457 -0.7277 0.4055 0.7023 -0.2236 -0.6483 -0.1912 0.7588 0.0831 -0.6404 -0.0847 0.726 -0.2248 -0.6066 -0.2335 0.7808 0.2031 -0.5901 0.0313 0.937 0.0836 0.3391 -0.0068 0.6743 0.2264 -0.6999 0.0656 0.6841 -0.2734 -0.6083 -0.2953 0.9177 -0.0115 0.3754 -0.1293
0.7943 -0.3927 -0.42 -0.196 0.0912 -0.5457 -0.7277 0.4055 0.7023 -0.2236 -0.6483 -0.1912 0.7588 0.0831 -0.6404 -0.0847 0.726 -0.2248 -0.6066 -0.2335 0.7808 0.2031 -0.5901 0.0313 0.937 0.0836 0.3391 -0.0068 0.6743 0.2264 -0.6999 0.0656 0.6841 -0.2734 -0.6083 -0.2953 0.9177 -0.0115 0.3754 -0.1293
0.7943 -0.3927 -0.42 -0.196 0.0912 -0.5457 -0.7277 0.4055 0.7023 -0.2236 -0.6483 -0.1912 0.7588 0.0831 -0.6404 -0.0847 0.726 -0.2248 -0.6066 -0.2335 0.7808 0.2031 -0.5901 0.0313 0.9341 0.0164 0.3459 -0.0867 0.6743 0.2264 -0.6999 0.0656 0.6841 -0.2734 -0.6083 -0.2953 0.9177 -0.0115 0.3754 -0.1293
0.7943 -0.3927 -0.42 -0.196 0.0912 -0.5457 -0.7277 0.4055 0.7023 -0.2236 -0.6483 -0.1912 0.7588 0.0831 -0.6404 -0.0847 0.726 -0.2248 -0.6066 -0.2335 0.7808 0.2031 -0.5901 0.0313 0.9341 0.0164 0.3459 -0.0867 0.6743 0.2264 -0.6999 0.0656 0.6841 -0.2734 -0.6083 -0.2953 0.9177 -0.0115 0.3754 -0.1293
0.7943 -0.3927 -0.42 -0.196 0.0912 -0.5457 -0.7277 0.4055 0.7023 -0.2236 -0.6483 -0.1912 0.7588 0.0831 -0.6404 -0.0847 0.726 -0.2248 -0.6066 -0.2335 0.7808 0.2031 -0.5901 0.0313 0.9341 0.0164 0.3459 -0.0867 0.6743 0.2264 -0.6999 0.0656 0.6841 -0.2734 -0.6083 -0.2953 0.9177 -0.0115 0.3754 -0.1293
0.7823 -0.4025 -0.412 -0.2368 0.1025 -0.5785 -0.7086 0.3908 0.7023 -0.2236 -0.6483 -0.1912 0.7588 0.0831 -0.6404 -0.0847 0.7693 -0.2079 -0.5665 -0.2098 0.7808 0.2031 -0.5901 0.0313 0.9341 0.0164 0.3459 -0.0867 0.6743 0.2264 -0.6999 0.0656 0.6785 -0.2781 -0.6254 -0.2667 0.9175 -0.0082 0.3773 -0.1257
0.7823 -0.4025 -0.412 -0.2368 0.1025 -0.5785 -0.7086 0.3908 0.7023 -0.2236 -0.6483 -0.1912 0.7588 0.0831 -0.6404 -0.0847 0.7693 -0.2079 -0.5665 -0.2098 0.7808 0.2031 -0.5901 0.0313 0.9341 0.0164 0.3459 -0.0867 0.6743 0.2264 -0.6999 0.0656 0.6785 -0.2781 -0.6254 -0.2667 0.9175 -0.0082 0.3773 -0.1257
0.7823 -0.4025 -0.412 -0.2368 0.1025 -0.5785 -0.7086 0.3908 0.7023 -0.2236 -0.6483 -0.1912 0.7588 0.0831 -0.6404 -0.0847 0.7693 -0.2079 -0.5665 -0.2098 0.7808 0.2031 -0.5901 0.0313 0.9341 0.0164 0.3459 -0.0867 0.6743 0.2264 -0.6999 0.0656 0.6785 -0.2781 -0.6254 -0.2667 0.9175 -0.0082 0.3773 -0.1257
0.7823 -0.4025 -0.412 -0.2368 0.1025 -0.5785 -0.7086 0.3908 0.7024 -0.2388 -0.6378 -0.2069 0.7554 0.0809 -0.6412 -0.1083 0.7693 -0.2079 -0.5665 -0.2098 0.8211 -0.0187 -0.5504 0.1501 0.9341 0.0164 0.3459 -0.0867 0.6743 0.2264 -0.6999 0.0656 0.6785 -0.2781 -0.6254 -0.2667 0.9175 -0.0082 0.3773 -0.1257
0.7823 -0.4025 -0.412 -0.2368 0.1025 -0.5785 -0.7086 0.3908 0.7024 -0.2388 -0.6378 -0.2069 0.7554 0.0809 -0.6412 -0.1083 0.7693 -0.2079 -0.5665 -0.2098 0.8211 -0.0187 -0.5504 0.1501 0.9341 0.0164 0.3459 -0.0867 0.6743 0.2264 -0.6999 0.0656 0.6785 -0.2781 -0.6254 -0.2667 0.9175 -0.0082 0.3773 -0.1257
0.7823 -0.4025 -0.412 -0.2368 0.1025 -0.5785 -0.7086 0.3908 0.7024 -0.2388 -0.6378 -0.2069 0.7554 0.0809 -0.6412 -0.1083 0.7693 -0.2079 -0.5665 -0.2098 0.8211 -0.0187 -0.5504 0.1501 0.9341 0.0164 0.3459 -0.0867 0.6743 0.2264 -0.6999 0.0656 0.6785 -0.2781 -0.6254 -0.2667 0.9175 -0.0082 0.3773 -0.1257
0.7823 -0.4025 -0.412 -0.2368 0.1025 -0.5785 -0.7086 0.3908 0.7024 -0.2388 -0.6378 -0.2069 0.7554 0.0809 -0.6412 -0.1083 0.7693 -0.2079 -0.5665 -0.2098 0.8211 -0.0187 -0.5504 0.1501 0.9341 0.0164 0.3459 -0.0867 0.6743 0.2264 -0.6999 0.0656 0.6785 -0.2781 -0.6254 -0.2667 0.9175 -0.0082 0.3773 -0.1257
0.775 -0.3997 -0.4097 -0.2679 0.1069 -0.5994 -0.7009 0.3715 0.7024 -0.2388 -0.6378 -0.2069 0.7554 0.0809 -0.6412 -0.1083 0.7693 -0.2079 -0.5665 -0.2098 0.8211 -0.0187 -0.5504 0.1501 0.9341 0.0164 0.3459 -0.0867 0.6743 0.2264 -0.6999 0.0656 0.6785 -0.2781 -0.6254 -0.2667 0.9185 -0.0195 0.3738 -0.1279
0.775 -0.3997 -0.4097 -0.2679 0.1069 -0.5994 -0.7009 0.3715 0.7024 -0.2388 -0.6378 -0.2069 0.7554 0.0809 -0.6412 -0.1083 0.7693 -0.2079 -0.5665 -0.2098 0.8211 -0.0187 -0.5504 0.1501 0.9341 0.0164 0.3459 -0.0867 0.6456 0.2917 -0.6948 0.1243 0.6785 -0.2781 -0.6254 -0.2667 0.9185 -0.0195 0.3738 -0.1279
0.775 -0.3997 -0.4097 -0.2679 0.1069 -0.5994 -0.7009 0.3715 0.7021 -0.2487 -0.6312 -0.2162 0.7554 0.0809 -0.6412 -0.1083 0.7693 -0.2079 -0.5665 -0.2098 0.8211 -0.0187 -0.5504 0.1501 0.9341 0.0164 0.3459 -0.0867 0.6456 0.2917 -0.6948 0.1243 0.6785 -0.2781 -0.6254 -0.2667 0.9185 -0.0195 0.3738 -0.1279
0.775 -0.3997 -0.4097 -0.2679 0.1069 -0.5994 -0.7009 0.3715 0.7021 -0.2487 -0.6312 -0.2162 0.7493 0.0712 -0.6481 -0.1161 0.7693 -0.2079 -0.5665 -0.2098 0.8211 -0.0187 -0.5504 0.1501 0.9341 0.0164 0.3459 -0.0867 0.6456 0.2917 -0.6948 0.1243 0.6785 -0.2781 -0.6254 -0.2667 0.9185 -0.0195 0.3738 -0.1279
0.775 -0.3997 -0.4097 -0.2679 0.1069 -0.5994 -0.7009 0.3715 0.7021 -0.2487 -0.6312 -0.2162 0.7493 0.0712 -0.6481 -0.1161 0.7693 -0.2079 -0.5665 -0.2098 0.8211 -0.0187 -0.5504 0.1501 0.9341 0.0164 0.3459 -0.0867 0.6456 0.2917 -0.6948 0.1243 0.6785 -0.2781 -0.6254 -0.2667 0.9185 -0.0195 0.3738 -0.1279
0.775 -0.3997 -0.4097 -0.2679 0.1069 -0.5994 -0.7009 0.3715 0.7021 -0.2487 -0.6312 -0.2162 0.7493 0.0712 -0.6481 -0.1161 0.7693 -0.2079 -0.5665 -0.2098 0.8211 -0.0187 -0.5504 0.1501 0.9341 0.0164 0.3459 -0.0867 0.6456 0.2917 -0.6948 0.1243 0.6785 -0.2781 -0.6254 -0.2667 0.9185 -0.0195 0.3738 -0.1279
0.775 -0.3997 -0.4097 -0.2679 0.1069 -0.5994 -0.7009 0.3715 0.7021 -0.2487 -0.6312 -0.2162 0.7493 0.0712 -0.6481 -0.1161 0.7693 -0.2079 -0.5665 -0.2098 0.8211 -0.0187 -0.5504 0.1501 0.9341 0.0164 0.3459 -0.0867 0.6456 0.2917 -0.6948 0.1243 0.6785 -0.2781 -0.6254 -0.2667 0.9185 -0.0195 0.3738 -0.1279
0.7819 -0.3875 -0.4021 -0.2772 0.118 -0.6046 -0.7065 0.3484 0.7021 -0.2487 -0.6312 -0.2162 0.7493 0.0712 -0.6481 -0.1161 0.7693 -0.2079 -0.5665 -0.2098 0.8211 -0.0187 -0.5504 0.1501 0.9341 0.0164 0.3459 -0.0867 0.6456 0.2917 -0.6948 0.1243 0.6785 -0.2781 -0.6254 -0.2667 0.9218 -0.024 0.3662 -0.1246
0.7819 -0.3875 -0.4021 -0.2772 0.118 -0.6046 -0.7065 0.3484 0.7021 -0.2487 -0.6312 -0.2162 0.7493 0.0712 -0.6481 -0.1161 0.7693 -0.2079 -0.5665 -0.2098 0.8211 -0.0187 -0.5504 0.1501 0.9341 0.0164 0.3459 -0.0867 0.6443 0.3168 -0.6793 0.1518 0.6785 -0.2781 -0.6254 -0.2667 0.9218 -0.024 0.3662 -0.1246
0.7819 -0.3875 -0.4021 -0.2772 0.118 -0.6046 -0.7065 0.3484 0.7006 -0.2688 -0.6272 -0.2086 0.7493 0.0712 -0.6481 -0.1161 0.7693 -0.2079 -0.5665 -0.2098 0.8211 -0.0187 -0.5504 0.1501 0.9341 0.0164 0.3459 -0.0867 0.6443 0.3168 -0.6793 0.1518 0.6785 -0.2781 -0.6254 -0.2667 0.9218 -0.024 0.3662 -0.1246
0.7819 -0.3875 -0.4021 -0.2772 0.118 -0.6046 -0.7065 0.3484 0.7006 -0.2688 -0.6272 -0.2086 0.7493 0.0712 -0.6481 -0.1161 0.7693 -0.2079 -0.5665 -0.2098 0.8211 -0.0187 -0.5504 0.1501 0.9341 0.0164 0.3459 -0.0867 0.6443 0.3168 -0.6793 0.1518 0.6785 -0.2781 -0.6254 -0.2667 0.9218 -0.024 0.3662 -0.1246
0.7819 -0.3875 -0.4021 -0.2772 0.118 -0.6046 -0.7065 0.3484 0.7006 -0.2688 -0.6272 -0.2086 0.75 0.0668 -0.6488 -0.1097 0.7693 -0.2079 -0.5665 -0.2098 0.7343 -0.0078 -0.6213 0.2735 0.9807 0.0699 0.1665 0.0756 0.6443 0.3168 -0.6793 0.1518 0.6785 -0.2781 -0.6254 -0.2667 0.9218 -0.024 0.3662 -0.1246
0.7819 -0.3875 -0.4021 -0.2772 0.118 -0.6046 -0.7065 0.3484 0.7006 -0.2688 -0.6272 -0.2086 0.75 0.0668 -0.6488 -0.1097 0.7878 -0.2369 -0.5685 0.004 0.7343 -0.0078 -0.6213 0.2735 0.9807 0.0699 0.1665 0.0756 0.6443 0.3168 -0.6793 0.1518 0.7104 -0.2397 -0.637 -0.1791 0.9218 -0.024 0.3662 -0.1246
0.7819 -0.3875 -0.4021 -0.2772 0.118 -0.6046 -0.7065 0.3484 0.7006 -0.2688 -0.6272 -0.2086 0.75 0.0668 -0.6488 -0.1097 0.7878 -0.2369 -0.5685 0.004 0.7343 -0.0078 -0.6213 0.2735 0.9807 0.0699 0.1665 0.0756 0.6443 0.3168 -0.6793 0.1518 0.7104 -0.2397 -0.637 -0.1791 0.9218 -0.024 0.3662 -0.1246
0.793 -0.3605 -0.4053 -0.2772 0.118 -0.6046 -0.7065 0.3484 0.7006 -0.2688 -0.6272 -0.2086 0.75 0.0668 -0.6488 -0.1097 0.7878 -0.2369 -0.5685 0.004 0.7343 -0.0078 -0.6213 0.2735 0.9807 0.0699 0.1665 0.0756 0.6443 0.3168 -0.6793 0.1518 0.7104 -0.2397 -0.637 -0.1791 0.9199 -0.013 0.3743 -0.1157
0.793 -0.3605 -0.4053 -0.2772 0.118 -0.6046 -0.7065 0.3484 0.7006 -0.2688 -0.6272 -0.2086 0.75 0.0668 -0.6488 -0.1097 0.7878 -0.2369 -0.5685 0.004 0.7343 -0.0078 -0.6213 0.2735 0.9807 0.0699 0.1665 0.0756 0.6443 0.3168 -0.6793 0.1518 0.7104 -0.2397 -0.637 -0.1791 0.9199 -0.013 0.3743 -0.1157
0.793 -0.3605 -0.4053 -0.2772 0.118 -0.6046 -0.7065 0.3484 0.7006 -0.2688 -0.6272 -0.2086 0.7592 0.0694 -0.6432 -0.0714 0.7878 -0.2369 -0.5685 0.004 0.7343 -0.0078 -0.6213 0.2735 0.9807 0.0699 0.1665 0.0756 0.6443 0.3168 -0.6793 0.1518 0.7104 -0.2397 -0.637 -0.1791 0.9199 -0.013 0.3743 -0.1157
0.793 -0.3605 -0.4053 -0.2772 0.118 -0.6046 -0.7065 0.3484 0.7006 -0.2688 -0.6272 -0.2086 0.7592 0.0694 -0.6432 -0.0714 0.7878 -0.2369 -0.5685 0.004 0.7081 0.0662 -0.6642 0.2303 0.9807 0.0699 0.1665 0.0756 0.6443 0.3168 -0.6793 0.1518 0.7104 -0.2397 -0.637 -0.1791 0.9199 -0.013 0.3743 -0.1157
0.793 -0.3605 -0.4053 -0.2772 0.118 -0.6046 -0.7065 0.3484 0.7006 -0.2688 -0.6272 -0.2086 0.7592 0.0694 -0.6432 -0.0714 0.7878 -0.2369 -0.5685 0.004 0.7081 0.0662 -0.6642 0.2303 0.9807 0.0699 0.1665 0.0756 0.6443 0.3168 -0.6793 0.1518 0.7104 -0.2397 -0.637 -0.1791 0.9199 -0.013 0.3743 -0.1157
0.793 -0.3605 -0.4053 -0.2772 0.118 -0.6046 -0.7065 0.3484 0.7006 -0.2688 -0.6272 -0.2086 0.7592 0.0694 -0.6432 -0.0714 0.7878 -0.2369 -0.5685 0.004 0.7081 0.0662 -0.6642 0.2303 0.9807 0.0699 0.1665 0.0756 0.6443 0.3168 -0.6793 0.1518 0.7104 -0.2397 -0.637 -0.1791 0.9199 -0.013 0.3743 -0.1157
0.793 -0.3605 -0.4053 -0.2772 0.118 -0.6046 -0.7065 0.3484 0.7006 -0.2688 -0.6272 -0.2086 0.7592 0.0694 -0.6432 -0.0714 0.7523 -0.2101 -0.624 0.0217 0.7081 0.0662 -0.6642 0.2303 0.9807 0.0699 0.1665 0.0756 0.6443 0.3168 -0.6793 0.1518 0.7086 -0.2697 -0.6262 -0.1821 0.9199 -0.013 0.3743 -0.1157
0.793 -0.3605 -0.4053 -0.2772 0.118 -0.6046 -0.7065 0.3484 0.7006 -0.2688 -0.6272 -0.2086 0.7592 0.0694 -0.6432 -0.0714 0.7523 -0.2101 -0.624 0.0217 0.7081 0.0662 -0.6642 0.2303 0.9807 0.0699 0.1665 0.0756 0.6443 0.3168 -0.6793 0.1518 0.7086 -0.2697 -0.6262 -0.1821 0.9199 -0.013 0.3743 -0.1157
0.793 -0.3605 -0.4053 -0.2772 0.118 -0.6046 -0.7065 0.3484 0.7006 -0.2688 -0.6272 -0.2086 0.7592 0.0694 -0.6432 -0.0714 0.7523 -0.2101 -0.624 0.0217 0.7081 0.0662 -0.6642 0.2303 0.9807 0.0699 0.1665 0.0756 0.6222 0.3092 -0.6934 0.1912 0.7086 -0.2697 -0.6262 -0.1821 0.9203 -0.0069 0.3745 -0.1131
0.793 -0.3605 -0.4053 -0.2772 0.118 -0.6046 -0.7065 0.3484 0.7165 -0.2538 -0.636 -0.1334 0.7592 0.0694 -0.6432 -0.0714 0.7523 -0.2101 -0.624 0.0217 0.7081 0.0662 -0.6642 0.2303 0.9807 0.0699 0.1665 0.0756 0.6222 0.3092 -0.6934 0.1912 0.7086 -0.2697 -0.6262 -0.1821 0.9203 -0.0069 0.3745 -0.1131
0.793 -0.3605 -0.4053 -0.2772 0.118 -0.6046 -0.7065 0.3484 0.7165 -0.2538 -0.636 -0.1334 0.7592 0.0694 -0.6432 -0.0714 0.7523 -0.2101 -0.624 0.0217 0.7081 0.0662 -0.6642 0.2303 0.9384 0.1438 0.3064 0.0703 0.6222 0.3092 -0.6934 0.1912 0.7086 -0.2697 -0.6262 -0.1821 0.9203 -0.0069 0.3745 -0.1131
0.793 -0.3605 -0.4053 -0.2772 0.118 -0.6046 -0.7065 0.3484 0.7165 -0.2538 -0.636 -0.1334 0.7592 0.0694 -0.6432 -0.0714 0.7523 -0.2101 -0.624 0.0217 0.7081 0.0662 -0.6642 0.2303 0.9384 0.1438 0.3064 0.0703 0.6222 0.3092 -0.6934 0.1912 0.7086 -0.2697 -0.6262 -0.1821 0.9203 -0.0069 0.3745 -0.1131
0.793 -0.3605 -0.4053 -0.2772 0.118 -0.6046 -0.7065 0.3484 0.7165 -0.2538 -0.636 -0.1334 0.7592 0.0694 -0.6432 -0.0714 0.7028 -0.1906 -0.6846 -0.0324 0.7081 0.0662 -0.6642 0.2303 0.9384 0.1438 0.3064 0.0703 0.6222 0.3092 -0.6934 0.1912 0.7207 -0.2892 -0.6089 -0.1616 0.9203 -0.0069 0.3745 -0.1131
0.793 -0.3605 -0.4053 -0.2772 0.1207 -0.5778 -0.7421 0.3176 0.7165 -0.2538 -0.636 -0.1334 0.7592 0.0694 -0.6432 -0.0714 0.7028 -0.1906 -0.6846 -0.0324 0.7081 0.0662 -0.6642 0.2303 0.9384 0.1438 0.3064 0.0703 0.6222 0.3092 -0.6934 0.1912 0.7207 -0.2892 -0.6089 -0.1616 0.9203 -0.0069 0.3745 -0.1131
0.793 -0.3605 -0.4053 -0.2772 0.1207 -0.5778 -0.7421 0.3176 0.7165 -0.2538 -0.636 -0.1334 0.7592 0.0694 -0.6432 -0.0714 0.7028 -0.1906 -0.6846 -0.0324 0.7081 0.0662 -0.6642 0.2303 0.9384 0.1438 0.3064 0.0703 0.6222 0.3092 -0.6934 0.1912 0.7207 -0.2892 -0.6089 -0.1616 0.9203 -0.0069 0.3745 -0.1131
0.793 -0.3605 -0.4053 -0.2772 0.1207 -0.5778 -0.7421 0.3176 0.7165 -0.2538 -0.636 -0.1334 0.7592 0.0694 -0.6432 -0.0714 0.7028 -0.1906 -0.6846 -0.0324 0.7081 0.0662 -0.6642 0.2303 0.9384 0.1438 0.3064 0.0703 0.612 0.3096 -0.6948 0.2166 0.7207 -0.2892 -0.6089 -0.1616 0.9203 -0.0069 0.3745 -0.1131
0.793 -0.3605 -0.4053 -0.2772 0.1207 -0.5778 -0.7421 0.3176 0.7165 -0.2538 -0.636 -0.1334 0.7592 0.0694 -0.6432 -0.0714 0.7028 -0.1906 -0.6846 -0.0324 0.7081 0.0662 -0.6642 0.2303 0.9384 0.1438 0.3064 0.0703 0.612 0.3096 -0.6948 0.2166 0.7207 -0.2892 -0.6089 -0.1616 0.9203 -0.0069 0.3745 -0.1131
0.793 -0.3605 -0.4053 -0.2772 0.1207 -0.5778 -0.7421 0.3176 0.7277 -0.2403 -0.6326 -0.1119 0.7794 0.0739 -0.6218 -0.02 0.7028 -0.1906 -0.6846 -0.0324 0.7081 0.0662 -0.6642 0.2303 0.9455 0.0823 0.3087 0.0628 0.612 0.3096 -0.6948 0.2166 0.7207 -0.2892 -0.6089 -0.1616 0.9203 -0.0069 0.3745 -0.1131
0.793 -0.3605 -0.4053 -0.2772 0.1207 -0.5778 -0.7421 0.3176 0.7277 -0.2403 -0.6326 -0.1119 0.7794 0.0739 -0.6218 -0.02 0.7028 -0.1906 -0.6846 -0.0324 0.7081 0.0662 -0.6642 0.2303 0.9455 0.0823 0.3087 0.0628 0.612 0.3096 -0.6948 0.2166 0.7207 -0.2892 -0.6089 -0.1616 0.9203 -0.0069 0.3745 -0.1131
0.793 -0.3605 -0.4053 -0.2772 0.1207 -0.5778 -0.7421 0.3176 0.7277 -0.2403 -0.6326 -0.1119 0.7794 0.0739 -0.6218 -0.02 0.7028 -0.1906 -0.6846 -0.0324 0.7081 0.0662 -0.6642 0.2303 0.9455 0.0823 0.3087 0.0628 0.612 0.3096 -0.6948 0.2166 0.7207 -0.2892 -0.6089 -0.1616 0.9203 -0.0069 0.3745 -0.1131
0.793 -0.3605 -0.4053 -0.2772 0.1001 -0.5928 -0.7338 0.3163 0.7277 -0.2403 -0.6326 -0.1119 0.7794 0.0739 -0.6218 -0.02 0.6843 -0.1811 -0.7002 -0.0933 0.7081 0.0662 -0.6642 0.2303 0.9455 0.0823 0.3087 0.0628 0.612 0.3096 -0.6948 0.2166 0.7305 -0.3464 -0.5796 -0.1021 0.9203 -0.0069 0.3745 -0.1131
0.7837 -0.3466 -0.4407 -0.2673 0.1001 -0.5928 -0.7338 0.3163 0.7277 -0.2403 -0.6326 -0.1119 0.7794 0.0739 -0.6218 -0.02 0.6843 -0.1811 -0.7002 -0.0933 0.7081 0.0662 -0.6642 0.2303 0.9455 0.0823 0.3087 0.0628 0.612 0.3096 -0.6948 0.2166 0.7305 -0.3464 -0.5796 -0.1021 0.8885 -0.0189 0.4451 -0.11
0.7837 -0.3466 -0.4407 -0.2673 0.1001 -0.5928 -0.7338 0.3163 0.7277 -0.2403 -0.6326 -0.1119 0.7794 0.0739 -0.6218 -0.02 0.6843 -0.1811 -0.7002 -0.0933 0.7081 0.0662 -0.6642 0.2303 0.9455 0.0823 0.3087 0.0628 0.665 0.306 -0.6564 0.1822 0.7305 -0.3464 -0.5796 -0.1021 0.8885 -0.0189 0.4451 -0.11
0.7837 -0.3466 -0.4407 -0.2673 0.1001 -0.5928 -0.7338 0.3163 0.7277 -0.2403 -0.6326 -0.1119 0.7794 0.0739 -0.6218 -0.02 0.6843 -0.1811 -0.7002 -0.0933 0.7081 0.0662 -0.6642 0.2303 0.9455 0.0823 0.3087 0.0628 0.665 0.306 -0.6564 0.1822 0.7305 -0.3464 -0.5796 -0.1021 0.8885 -0.0189 0.4451 -0.11
0.7837 -0.3466 -0.4407 -0.2673 0.1001 -0.5928 -0.7338 0.3163 0.7312 -0.2515 -0.6208 -0.1293 0.7845 0.0688 -0.6146 -0.0458 0.6843 -0.1811 -0.7002 -0.0933 0.7081 0.0662 -0.6642 0.2303 0.9455 0.0823 0.3087 0.0628 0.665 0.306 -0.6564 0.1822 0.7305 -0.3464 -0.5796 -0.1021 0.8885 -0.0189 0.4451 -0.11
0.7837 -0.3466 -0.4407 -0.2673 0.1001 -0.5928 -0.7338 0.3163 0.7312 -0.2515 -0.6208 -0.1293 0.7845 0.0688 -0.6146 -0.0458 0.6843 -0.1811 -0.7002 -0.0933 0.697 0.1652 -0.6731 0.184 0.9455 0.0823 0.3087 0.0628 0.665 0.306 -0.6564 0.1822 0.7305 -0.3464 -0.5796 -0.1021 0.8885 -0.0189 0.4451 -0.11
0.7837 -0.3466 -0.4407 -0.2673 0.1001 -0.5928 -0.7338 0.3163 0.7312 -0.2515 -0.6208 -0.1293 0.7845 0.0688 -0.6146 -0.0458 0.6843 -0.1811 -0.7002 -0.0933 0.697 0.1652 -0.6731 0.184 0.9455 0.0823 0.3087 0.0628 0.665 0.306 -0.6564 0.1822 0.7305 -0.3464 -0.5796 -0.1021 0.8885 -0.0189 0.4451 -0.11
0.7837 -0.3466 -0.4407 -0.2673 0.1001 -0.5928 -0.7338 0.3163 0.7312 -0.2515 -0.6208 -0.1293 0.7845 0.0688 -0.6146 -0.0458 0.6843 -0.1811 -0.7002 -0.0933 0.697 0.1652 -0.6731 0.184 0.9455 0.0823 0.3087 0.0628 0.665 0.306 -0.6564 0.1822 0.7305 -0.3464 -0.5796 -0.1021 0.8885 -0.0189 0.4451 -0.11
0.7725 -0.3473 -0.4649 -0.2581 0.0762 -0.5952 -0.7359 0.3137 0.7312 -0.2515 -0.6208 -0.1293 0.7845 0.0688 -0.6146 -0.0458 0.6843 -0.1811 -0.7002 -0.0933 0.697 0.1652 -0.6731 0.184 0.9455 0.0823 0.3087 0.0628 0.665 0.306 -0.6564 0.1822 0.7115 -0.4324 -0.553 -0.0323 0.8415 -0.0317 0.5324 -0.0861
0.7725 -0.3473 -0.4649 -0.2581 0.0762 -0.5952 -0.7359 0.3137 0.7312 -0.2515 -0.6208 -0.1293 0.7845 0.0688 -0.6146 -0.0458 0.6843 -0.1811 -0.7002 -0.0933 0.697 0.1652 -0.6731 0.184 0.9455 0.0823 0.3087 0.0628 0.7234 0.3004 -0.6052 0.1417 0.7115 -0.4324 -0.553 -0.0323 0.8415 -0.0317 0.5324 -0.0861
0.7725 -0.3473 -0.4649 -0.2581 0.0762 -0.5952 -0.7359 0.3137 0.7312 -0.2515 -0.6208 -0.1293 0.7845 0.0688 -0.6146 -0.0458 0.6843 -0.1811 -0.7002 -0.0933 0.697 0.1652 -0.6731 0.184 0.9455 0.0823 0.3087 0.0628 0.7234 0.3004 -0.6052 0.1417 0.7115 -0.4324 -0.553 -0.0323 0.8415 -0.0317 0.5324 -0.0861
0.7725 -0.3473 -0.4649 -0.2581 0.0762 -0.5952 -0.7359 0.3137 0.7458 -0.228 -0.6126 -0.128 0.7885 0.0983 -0.6055 -0.0449 0.6843 -0.1811 -0.7002 -0.0933 0.7021 0.1817 -0.6664 0.1727 0.9449 0.064 0.3167 0.0518 0.7234 0.3004 -0.6052 0.1417 0.7115 -0.4324 -0.553 -0.0323 0.8415 -0.0317 0.5324 -0.0861
0.7725 -0.3473 -0.4649 -0.2581 0.0762 -0.5952 -0.7359 0.3137 0.7458 -0.228 -0.6126 -0.128 0.7885 0.0983 -0.6055 -0.0449 0.6843 -0.1811 -0.7002 -0.0933 0.7021 0.1817 -0.6664 0.1727 0.9449 0.064 0.3167 0.0518 0.7234 0.3004 -0.6052 0.1417 0.7115 -0.4324 -0.553 -0.0323 0.8415 -0.0317 0.5324 -0.0861
0.7725 -0.3473 -0.4649 -0.2581 0.0762 -0.5952 -0.7359 0.3137 0.7458 -0.228 -0.6126 -0.128 0.7885 0.0983 -0.6055 -0.0449 0.6615 -0.141 -0.7267 -0.1202 0.7021 0.1817 -0.6664 0.1727 0.9449 0.064 0.3167 0.0518 0.7234 0.3004 -0.6052 0.1417 0.743 -0.3469 -0.5689 -0.0621 0.8415 -0.0317 0.5324 -0.0861
0.7725 -0.3473 -0.4649 -0.2581 0.0762 -0.5952 -0.7359 0.3137 0.7458 -0.228 -0.6126 -0.128 0.7885 0.0983 -0.6055 -0.0449 0.6615 -0.141 -0.7267 -0.1202 0.7021 0.1817 -0.6664 0.1727 0.9449 0.064 0.3167 0.0518 0.7234 0.3004 -0.6052 0.1417 0.743 -0.3469 -0.5689 -0.0621 0.8415 -0.0317 0.5324 -0.0861
0.769 -0.343 -0.4805 -0.2451 0.0601 -0.5845 -0.7459 0.3136 0.7458 -0.228 -0.6126 -0.128 0.7885 0.0983 -0.6055 -0.0449 0.6615 -0.141 -0.7267 -0.1202 0.7021 0.1817 -0.6664 0.1727 0.9449 0.064 0.3167 0.0518 0.7234 0.3004 -0.6052 0.1417 0.743 -0.3469 -0.5689 -0.0621 0.8899 -0.0266 0.4524 -0.0523
0.769 -0.343 -0.4805 -0.2451 0.0601 -0.5845 -0.7459 0.3136 0.7458 -0.228 -0.6126 -0.128 0.7885 0.0983 -0.6055 -0.0449 0.6615 -0.141 -0.7267 -0.1202 0.7021 0.1817 -0.6664 0.1727 0.9449 0.064 0.3167 0.0518 0.7234 0.3004 -0.6052 0.1417 0.743 -0.3469 -0.5689 -0.0621 0.8899 -0.0266 0.4524 -0.0523
0.769 -0.343 -0.4805 -0.2451 0.0601 -0.5845 -0.7459 0.3136 0.7458 -0.228 -0.6126 -0.128 0.7885 0.0983 -0.6055 -0.0449 0.6615 -0.141 -0.7267 -0.1202 0.7021 0.1817 -0.6664 0.1727 0.9449 0.064 0.3167 0.0518 0.7234 0.3004 -0.6052 0.1417 0.743 -0.3469 -0.5689 -0.0621 0.8899 -0.0266 0.4524 -0.0523
0.769 -0.343 -0.4805 -0.2451 0.0601 -0.5845 -0.7459 0.3136 0.7532 -0.2197 -0.6076 -0.1234 0.7946 0.1117 -0.5957 -0.0365 0.6615 -0.141 -0.7267 -0.1202 0.713 0.1897 -0.6574 0.1533 0.9449 0.064 0.3167 0.0518 0.7466 0.2863 -0.5916 0.1027 0.743 -0.3469 -0.5689 -0.0621 0.8899 -0.0266 0.4524 -0.0523
0.769 -0.343 -0.4805 -0.2451 0.0601 -0.5845 -0.7459 0.3136 0.7532 -0.2197 -0.6076 -0.1234 0.7946 0.1117 -0.5957 -0.0365 0.6615 -0.141 -0.7267 -0.1202 0.713 0.1897 -0.6574 0.1533 0.9449 0.064 0.3167 0.0518 0.7466 0.2863 -0.5916 0.1027 0.743 -0.3469 -0.5689 -0.0621 0.8899 -0.0266 0.4524 -0.0523
0.769 -0.343 -0.4805 -0.2451 0.0601 -0.5845 -0.7459 0.3136 0.7532 -0.2197 -0.6076 -0.1234 0.7946 0.1117 -0.5957 -0.0365 0.6526 -0.1378 -0.7303 -0.1472 0.713 0.1897 -0.6574 0.1533 0.9449 0.064 0.3167 0.0518 0.7466 0.2863 -0.5916 0.1027 0.7305 -0.2648 -0.5861 -0.2299 0.8899 -0.0266 0.4524 -0.0523
0.769 -0.343 -0.4805 -0.2451 0.0601 -0.5845 -0.7459 0.3136 0.7532 -0.2197 -0.6076 -0.1234 0.7946 0.1117 -0.5957 -0.0365 0.6526 -0.1378 -0.7303 -0.1472 0.713 0.1897 -0.6574 0.1533 0.9449 0.064 0.3167 0.0518 0.7466 0.2863 -0.5916 0.1027 0.7305 -0.2648 -0.5861 -0.2299 0.8899 -0.0266 0.4524 -0.0523
0.7669 -0.3356 -0.4898 -0.2435 0.0568 -0.5809 -0.7502 0.3104 0.7532 -0.2197 -0.6076 -0.1234 0.7946 0.1117 -0.5957 -0.0365 0.6526 -0.1378 -0.7303 -0.1472 0.713 0.1897 -0.6574 0.1533 0.9449 0.064 0.3167 0.0518 0.7466 0.2863 -0.5916 0.1027 0.7305 -0.2648 -0.5861 -0.2299 0.912 -0.0389 0.384 -0.1389
0.7669 -0.3356 -0.4898 -0.2435 0.0568 -0.5809 -0.7502 0.3104 0.7532 -0.2197 -0.6076 -0.1234 0.7946 0.1117 -0.5957 -0.0365 0.6526 -0.1378 -0.7303 -0.1472 0.713 0.1897 -0.6574 0.1533 0.9449 0.064 0.3167 0.0518 0.761 0.2377 -0.6021 0.0432 0.7305 -0.2648 -0.5861 -0.2299 0.912 -0.0389 0.384 -0.1389
0.7669 -0.3356 -0.4898 -0.2435 0.0568 -0.5809 -0.7502 0.3104 0.76 -0.2136 -0.6023 -0.1184 0.7946 0.1117 -0.5957 -0.0365 0.6526 -0.1378 -0.7303 -0.1472 0.713 0.1897 -0.6574 0.1533 0.9449 0.064 0.3167 0.0518 0.761 0.2377 -0.6021 0.0432 0.7305 -0.2648 -0.5861 -0.2299 0.912 -0.0389 0.384 -0.1389
0.7669 -0.3356 -0.4898 -0.2435 0.0568 -0.5809 -0.7502 0.3104 0.76 -0.2136 -0.6023 -0.1184 0.7961 0.112 -0.5935 -0.0361 0.6526 -0.1378 -0.7303 -0.1472 0.7246 0.1945 -0.6475 0.1335 0.9441 0.0691 0.3187 0.0481 0.761 0.2377 -0.6021 0.0432 0.7305 -0.2648 -0.5861 -0.2299 0.912 -0.0389 0.384 -0.1389
0.7669 -0.3356 -0.4898 -0.2435 0.0568 -0.5809 -0.7502 0.3104 0.76 -0.2136 -0.6023 -0.1184 0.7961 0.112 -0.5935 -0.0361 0.6526 -0.1378 -0.7303 -0.1472 0.7246 0.1945 -0.6475 0.1335 0.9441 0.0691 0.3187 0.0481 0.761 0.2377 -0.6021 0.0432 0.7305 -0.2648 -0.5861 -0.2299 0.912 -0.0389 0.384 -0.1389
0.7669 -0.3356 -0.4898 -0.2435 0.0568 -0.5809 -0.7502 0.3104 0.76 -0.2136 -0.6023 -0.1184 0.7961 0.112 -0.5935 -0.0361 0.6436 -0.14 -0.729 -0.1866 0.7246 0.1945 -0.6475 0.1335 0.9441 0.0691 0.3187 0.0481 0.761 0.2377 -0.6021 0.0432 0.7063 -0.1819 -0.6052 -0.319 0.912 -0.0389 0.384 -0.1389
0.7669 -0.3356 -0.4898 -0.2435 0.0675 -0.589 -0.7441 0.3079 0.76 -0.2136 -0.6023 -0.1184 0.7961 0.112 -0.5935 -0.0361 0.6436 -0.14 -0.729 -0.1866 0.7246 0.1945 -0.6475 0.1335 0.9441 0.0691 0.3187 0.0481 0.761 0.2377 -0.6021 0.0432 0.7063 -0.1819 -0.6052 -0.319 0.912 -0.0389 0.384 -0.1389
0.7669 -0.3356 -0.4898 -0.2435 0.0675 -0.589 -0.7441 0.3079 0.76 -0.2136 -0.6023 -0.1184 0.7961 0.112 -0.5935 -0.0361 0.6436 -0.14 -0.729 -0.1866 0.7246 0.1945 -0.6475 0.1335 0.9441 0.0691 0.3187 0.0481 0.761 0.2377 -0.6021 0.0432 0.7063 -0.1819 -0.6052 -0.319 0.9284 -0.0621 0.3204 -0.1777
0.7669 -0.3356 -0.4898 -0.2435 0.0675 -0.589 -0.7441 0.3079 0.76 -0.2136 -0.6023 -0.1184 0.7961 0.112 -0.5935 -0.0361 0.6436 -0.14 -0.729 -0.1866 0.7246 0.1945 -0.6475 0.1335 0.9441 0.0691 0.3187 0.0481 0.761 0.2377 -0.6021 0.0432 0.7063 -0.1819 -0.6052 -0.319 0.9284 -0.0621 0.3204 -0.1777
0.7669 -0.3356 -0.4898 -0.2435 0.0675 -0.589 -0.7441 0.3079 0.76 -0.2136 -0.6023 -0.1184 0.7961 0.112 -0.5935 -0.0361 0.6436 -0.14 -0.729 -0.1866 0.7246 0.1945 -0.6475 0.1335 0.9441 0.0691 0.3187 0.0481 0.761 0.2377 -0.6021 0.0432 0.7063 -0.1819 -0.6052 -0.319 0.9284 -0.0621 0.3204 -0.1777
0.7669 -0.3356 -0.4898 -0.2435 0.0675 -0.589 -0.7441 0.3079 0.754 -0.2212 -0.6046 -0.1309 0.7925 0.0953 -0.6001 -0.0524 0.6436 -0.14 -0.729 -0.1866 0.7246 0.1945 -0.6475 0.1335 0.9438 0.0715 0.3194 0.0462 0.761 0.2377 -0.6021 0.0432 0.7063 -0.1819 -0.6052 -0.319 0.9284 -0.0621 0.3204 -0.1777
0.7669 -0.3356 -0.4898 -0.2435 0.0675 -0.589 -0.7441 0.3079 0.754 -0.2212 -0.6046 -0.1309 0.7925 0.0953 -0.6001 -0.0524 0.6436 -0.14 -0.729 -0.1866 0.7399 0.2038 -0.6321 0.1069 0.9438 0.0715 0.3194 0.0462 0.761 0.2377 -0.6021 0.0432 0.7063 -0.1819 -0.6052 -0.319 0.9284 -0.0621 0.3204 -0.1777
0.7669 -0.3356 -0.4898 -0.2435 0.0675 -0.589 -0.7441 0.3079 0.754 -0.2212 -0.6046 -0.1309 0.7925 0.0953 -0.6001 -0.0524 0.6436 -0.14 -0.729 -0.1866 0.7399 0.2038 -0.6321 0.1069 0.9438 0.0715 0.3194 0.0462 0.761 0.2377 -0.6021 0.0432 0.7063 -0.1819 -0.6052 -0.319 0.9284 -0.0621 0.3204 -0.1777
0.7669 -0.3356 -0.4898 -0.2435 0.0964 -0.5907 -0.7349 0.319 0.754 -0.2212 -0.6046 -0.1309 0.7925 0.0953 -0.6001 -0.0524 0.6337 -0.1364 -0.7283 -0.2222 0.7399 0.2038 -0.6321 0.1069 0.9438 0.0715 0.3194 0.0462 0.761 0.2377 -0.6021 0.0432 0.7014 -0.1882 -0.6216 -0.2935 0.9284 -0.0621 0.3204 -0.1777
0.7792 -0.3513 -0.4464 -0.2651 0.0964 -0.5907 -0.7349 0.319 0.754 -0.2212 -0.6046 -0.1309 0.7925 0.0953 -0.6001 -0.0524 0.6337 -0.1364 -0.7283 -0.2222 0.7399 0.2038 -0.6321 0.1069 0.9438 0.0715 0.3194 0.0462 0.761 0.2377 -0.6021 0.0432 0.7014 -0.1882 -0.6216 -0.2935 0.9271 -0.0133 0.3448 -0.1466
0.7792 -0.3513 -0.4464 -0.2651 0.0964 -0.5907 -0.7349 0.319 0.754 -0.2212 -0.6046 -0.1309 0.7925 0.0953 -0.6001 -0.0524 0.6337 -0.1364 -0.7283 -0.2222 0.7399 0.2038 -0.6321 0.1069 0.9438 0.0715 0.3194 0.0462 0.7224 0.2096 -0.6588 0.016 0.7014 -0.1882 -0.6216 -0.2935 0.9271 -0.0133 0.3448 -0.1466
0.7792 -0.3513 -0.4464 -0.2651 0.0964 -0.5907 -0.7349 0.319 0.7371 -0.2233 -0.6187 -0.1553 0.7925 0.0953 -0.6001 -0.0524 0.6337 -0.1364 -0.7283 -0.2222 0.7399 0.2038 -0.6321 0.1069 0.9438 0.0715 0.3194 0.0462 0.7224 0.2096 -0.6588 0.016 0.7014 -0.1882 -0.6216 -0.2935 0.9271 -0.0133 0.3448 -0.1466
0.7792 -0.3513 -0.4464 -0.2651 0.0964 -0.5907 -0.7349 0.319 0.7371 -0.2233 -0.6187 -0.1553 0.7925 0.0953 -0.6001 -0.0524 0.6337 -0.1364 -0.7283 -0.2222 0.7655 0.2079 -0.6074 0.0438 0.9438 0.0715 0.3194 0.0462 0.7224 0.2096 -0.6588 0.016 0.7014 -0.1882 -0.6216 -0.2935 0.9271 -0.0133 0.3448 -0.1466
0.7792 -0.3513 -0.4464 -0.2651 0.0964 -0.5907 -0.7349 0.319 0.7371 -0.2233 -0.6187 -0.1553 0.7925 0.0953 -0.6001 -0.0524 0.6337 -0.1364 -0.7283 -0.2222 0.7655 0.2079 -0.6074 0.0438 0.9438 0.0715 0.3194 0.0462 0.7224 0.2096 -0.6588 0.016 0.7014 -0.1882 -0.6216 -0.2935 0.9271 -0.0133 0.3448 -0.1466
0.7792 -0.3513 -0.4464 -0.2651 0.1367 -0.5817 -0.7346 0.3214 0.7371 -0.2233 -0.6187 -0.1553 0.7925 0.0953 -0.6001 -0.0524 0.6371 -0.1707 -0.7032 -0.2654 0.7655 0.2079 -0.6074 0.0438 0.9438 0.0715 0.3194 0.0462 0.7224 0.2096 -0.6588 0.016 0.681 -0.2684 -0.5933 -0.335 0.9271 -0.0133 0.3448 -0.1466
0.7792 -0.3513 -0.4464 -0.2651 0.1367 -0.5817 -0.7346 0.3214 0.7371 -0.2233 -0.6187 -0.1553 0.7925 0.0953 -0.6001 -0.0524 0.6371 -0.1707 -0.7032 -0.2654 0.7655 0.2079 -0.6074 0.0438 0.9438 0.0715 0.3194 0.0462 0.7224 0.2096 -0.6588 0.016 0.681 -0.2684 -0.5933 -0.335 0.9271 -0.0133 0.3448 -0.1466
0.8016 -0.3489 -0.4059 -0.2665 0.1367 -0.5817 -0.7346 0.3214 0.7371 -0.2233 -0.6187 -0.1553 0.7925 0.0953 -0.6001 -0.0524 0.6371 -0.1707 -0.7032 -0.2654 0.7655 0.2079 -0.6074 0.0438 0.9438 0.0715 0.3194 0.0462 0.7224 0.2096 -0.6588 0.016 0.681 -0.2684 -0.5933 -0.335 0.916 -0.0095 0.3723 -0.1491
0.8016 -0.3489 -0.4059 -0.2665 0.1367 -0.5817 -0.7346 0.3214 0.7371 -0.2233 -0.6187 -0.1553 0.7925 0.0953 -0.6001 -0.0524 0.6371 -0.1707 -0.7032 -0.2654 0.7655 0.2079 -0.6074 0.0438 0.9438 0.0715 0.3194 0.0462 0.7025 0.1914 -0.6849 0.0281 0.681 -0.2684 -0.5933 -0.335 0.916 -0.0095 0.3723 -0.1491
0.8016 -0.3489 -0.4059 -0.2665 0.1367 -0.5817 -0.7346 0.3214 0.7371 -0.2233 -0.6187 -0.1553 0.7925 0.0953 -0.6001 -0.0524 0.6371 -0.1707 -0.7032 -0.2654 0.7655 0.2079 -0.6074 0.0438 0.9438 0.0715 0.3194 0.0462 0.7025 0.1914 -0.6849 0.0281 0.681 -0.2684 -0.5933 -0.335 0.916 -0.0095 0.3723 -0.1491
0.8016 -0.3489 -0.4059 -0.2665 0.1367 -0.5817 -0.7346 0.3214 0.718 -0.2266 -0.6357 -0.1702 0.7925 0.0953 -0.6001 -0.0524 0.6371 -0.1707 -0.7032 -0.2654 0.7936 0.1661 -0.5852 -0.0098 0.9292 0.1079 0.3534 -0.0086 0.7025 0.1914 -0.6849 0.0281 0.681 -0.2684 -0.5933 -0.335 0.916 -0.0095 0.3723 -0.1491
0.8016 -0.3489 -0.4059 -0.2665 0.1367 -0.5817 -0.7346 0.3214 0.718 -0.2266 -0.6357 -0.1702 0.7925 0.0953 -0.6001 -0.0524 0.6371 -0.1707 -0.7032 -0.2654 0.7936 0.1661 -0.5852 -0.0098 0.9292 0.1079 0.3534 -0.0086 0.7025 0.1914 -0.6849 0.0281 0.681 -0.2684 -0.5933 -0.335 0.916 -0.0095 0.3723 -0.1491
0.8016 -0.3489 -0.4059 -0.2665 0.1367 -0.5817 -0.7346 0.3214 0.718 -0.2266 -0.6357 -0.1702 0.7925 0.0953 -0.6001 -0.0524 0.6371 -0.1707 -0.7032 -0.2654 0.7936 0.1661 -0.5852 -0.0098 0.9292 0.1079 0.3534 -0.0086 0.7025 0.1914 -0.6849 0.0281 0.681 -0.2684 -0.5933 -0.335 0.916 -0.0095 0.3723 -0.1491
0.8016 -0.3489 -0.4059 -0.2665 0.1367 -0.5817 -0.7346 0.3214 0.718 -0.2266 -0.6357 -0.1702 0.7925 0.0953 -0.6001 -0.0524 0.6621 -0.1927 -0.6619 -0.294 0.7936 0.1661 -0.5852 -0.0098 0.9292 0.1079 0.3534 -0.0086 0.7025 0.1914 -0.6849 0.0281 0.6821 -0.2827 -0.5988 -0.3102 0.916 -0.0095 0.3723 -0.1491
0.8016 -0.3489 -0.4059 -0.2665 0.1367 -0.5817 -0.7346 0.3214 0.718 -0.2266 -0.6357 -0.1702 0.7925 0.0953 -0.6001 -0.0524 0.6621 -0.1927 -0.6619 -0.294 0.7936 0.1661 -0.5852 -0.0098 0.9292 0.1079 0.3534 -0.0086 0.7025 0.1914 -0.6849 0.0281 0.6821 -0.2827 -0.5988 -0.3102 0.916 -0.0095 0.3723 -0.1491
0.8096 -0.361 -0.3739 -0.2728 0.1367 -0.5817 -0.7346 0.3214 0.6892 -0.249 -0.6472 -0.2103 0.7925 0.0953 -0.6001 -0.0524 0.6621 -0.1927 -0.6619 -0.294 0.7936 0.1661 -0.5852 -0.0098 0.9292 0.1079 0.3534 -0.0086 0.6817 0.1902 -0.7055 0.0367 0.6821 -0.2827 -0.5988 -0.3102 0.9149 -0.0071 0.3749 -0.1493
0.8096 -0.361 -0.3739 -0.2728 0.1367 -0.5817 -0.7346 0.3214 0.6892 -0.249 -0.6472 -0.2103 0.7925 0.0953 -0.6001 -0.0524 0.6621 -0.1927 -0.6619 -0.294 0.7936 0.1661 -0.5852 -0.0098 0.9292 0.1079 0.3534 -0.0086 0.6817 0.1902 -0.7055 0.0367 0.6821 -0.2827 -0.5988 -0.3102 0.9149 -0.0071 0.3749 -0.1493
0.8096 -0.361 -0.3739 -0.2728 0.1367 -0.5817 -0.7346 0.3214 0.6892 -0.249 -0.6472 -0.2103 0.7494 0.0514 -0.6541 -0.0898 0.6621 -0.1927 -0.6619 -0.294 0.8205 0.0771 -0.566 0.0212 0.9455 0.0463 0.3054 -0.1033 0.6817 0.1902 -0.7055 0.0367 0.6821 -0.2827 -0.5988 -0.3102 0.9149 -0.0071 0.3749 -0.1493
0.8096 -0.361 -0.3739 -0.2728 0.1367 -0.5817 -0.7346 0.3214 0.6892 -0.249 -0.6472 -0.2103 0.7494 0.0514 -0.6541 -0.0898 0.6621 -0.1927 -0.6619 -0.294 0.8205 0.0771 -0.566 0.0212 0.9455 0.0463 0.3054 -0.1033 0.6817 0.1902 -0.7055 0.0367 0.6821 -0.2827 -0.5988 -0.3102 0.9149 -0.0071 0.3749 -0.1493
0.8096 -0.361 -0.3739 -0.2728 0.1367 -0.5817 -0.7346 0.3214 0.6892 -0.249 -0.6472 -0.2103 0.7494 0.0514 -0.6541 -0.0898 0.6621 -0.1927 -0.6619 -0.294 0.8205 0.0771 -0.566 0.0212 0.9455 0.0463 0.3054 -0.1033 0.6817 0.1902 -0.7055 0.0367 0.6821 -0.2827 -0.5988 -0.3102 0.9149 -0.0071 0.3749 -0.1493
0.8096 -0.361 -0.3739 -0.2728 0.1367 -0.5817 -0.7346 0.3214 0.6892 -0.249 -0.6472 -0.2103 0.7494 0.0514 -0.6541 -0.0898 0.6621 -0.1927 -0.6619 -0.294 0.8205 0.0771 -0.566 0.0212 0.9455 0.0463 0.3054 -0.1033 0.6817 0.1902 -0.7055 0.0367 0.6821 -0.2827 -0.5988 -0.3102 0.9149 -0.0071 0.3749 -0.1493
0.8099 -0.3658 -0.3572 -0.2875 0.1845 -0.5881 -0.712 0.3362 0.6892 -0.249 -0.6472 -0.2103 0.7494 0.0514 -0.6541 -0.0898 0.7071 -0.2098 -0.6114 -0.2867 0.8205 0.0771 -0.566 0.0212 0.9455 0.0463 0.3054 -0.1033 0.6817 0.1902 -0.7055 0.0367 0.681 -0.2939 -0.603 -0.2937 0.9165 0.0012 0.3737 -0.1429
0.8099 -0.3658 -0.3572 -0.2875 0.1845 -0.5881 -0.712 0.3362 0.6892 -0.249 -0.6472 -0.2103 0.7494 0.0514 -0.6541 -0.0898 0.7071 -0.2098 -0.6114 -0.2867 0.8205 0.0771 -0.566 0.0212 0.9455 0.0463 0.3054 -0.1033 0.6671 0.2007 -0.716 0.0456 0.681 -0.2939 -0.603 -0.2937 0.9165 0.0012 0.3737 -0.1429
0.8099 -0.3658 -0.3572 -0.2875 0.1845 -0.5881 -0.712 0.3362 0.6713 -0.2542 -0.6525 -0.2429 0.7274 0.0528 -0.6738 -0.1186 0.7071 -0.2098 -0.6114 -0.2867 0.8267 0.04 -0.554 0.0897 0.9615 0.0092 0.2609 -0.0859 0.6671 0.2007 -0.716 0.0456 0.681 -0.2939 -0.603 -0.2937 0.9165 0.0012 0.3737 -0.1429
0.8099 -0.3658 -0.3572 -0.2875 0.1845 -0.5881 -0.712 0.3362 0.6713 -0.2542 -0.6525 -0.2429 0.7274 0.0528 -0.6738 -0.1186 0.7071 -0.2098 -0.6114 -0.2867 0.8267 0.04 -0.554 0.0897 0.9615 0.0092 0.2609 -0.0859 0.6671 0.2007 -0.716 0.0456 0.681 -0.2939 -0.603 -0.2937 0.9165 0.0012 0.3737 -0.1429
0.8099 -0.3658 -0.3572 -0.2875 0.1845 -0.5881 -0.712 0.3362 0.6713 -0.2542 -0.6525 -0.2429 0.7274 0.0528 -0.6738 -0.1186 0.7071 -0.2098 -0.6114 -0.2867 0.8267 0.04 -0.554 0.0897 0.9615 0.0092 0.2609 -0.0859 0.6671 0.2007 -0.716 0.0456 0.685 -0.2846 -0.617 -0.2628 0.9165 0.0012 0.3737 -0.1429
0.8099 -0.3658 -0.3572 -0.2875 0.1845 -0.5881 -0.712 0.3362 0.6713 -0.2542 -0.6525 -0.2429 0.7274 0.0528 -0.6738 -0.1186 0.7071 -0.2098 -0.6114 -0.2867 0.8267 0.04 -0.554 0.0897 0.9615 0.0092 0.2609 -0.0859 0.6671 0.2007 -0.716 0.0456 0.685 -0.2846 -0.617 -0.2628 0.9165 0.0012 0.3737 -0.1429
0.8174 -0.3542 -0.3536 -0.2854 0.1925 -0.5819 -0.7203 0.3248 0.6713 -0.2542 -0.6525 -0.2429 0.7274 0.0528 -0.6738 -0.1186 0.7071 -0.2098 -0.6114 -0.2867 0.8267 0.04 -0.554 0.0897 0.9615 0.0092 0.2609 -0.0859 0.6671 0.2007 -0.716 0.0456 0.685 -0.2846 -0.617 -0.2628 0.9169 0.003 0.3737 -0.1403
0.8174 -0.3542 -0.3536 -0.2854 0.1925 -0.5819 -0.7203 0.3248 0.6713 -0.2542 -0.6525 -0.2429 0.7274 0.0528 -0.6738 -0.1186 0.7071 -0.2098 -0.6114 -0.2867 0.8267 0.04 -0.554 0.0897 0.9615 0.0092 0.2609 -0.0859 0.6516 0.233 -0.7167 0.0864 0.685 -0.2846 -0.617 -0.2628 0.9169 0.003 0.3737 -0.1403
0.8174 -0.3542 -0.3536 -0.2854 0.1925 -0.5819 -0.7203 0.3248 0.6665 -0.2393 -0.662 -0.2455 0.7274 0.0528 -0.6738 -0.1186 0.7071 -0.2098 -0.6114 -0.2867 0.8267 0.04 -0.554 0.0897 0.9615 0.0092 0.2609 -0.0859 0.6516 0.233 -0.7167 0.0864 0.685 -0.2846 -0.617 -0.2628 0.9169 0.003 0.3737 -0.1403
0.8174 -0.3542 -0.3536 -0.2854 0.1925 -0.5819 -0.7203 0.3248 0.6665 -0.2393 -0.662 -0.2455 0.7103 0.0804 -0.6898 -0.115 0.7071 -0.2098 -0.6114 -0.2867 0.8069 0.0347 -0.5646 0.17 0.9744 -0.0027 0.2223 -0.0325 0.6516 0.233 -0.7167 0.0864 0.685 -0.2846 -0.617 -0.2628 0.9169 0.003 0.3737 -0.1403
0.8174 -0.3542 -0.3536 -0.2854 0.1925 -0.5819 -0.7203 0.3248 0.6665 -0.2393 -0.662 -0.2455 0.7103 0.0804 -0.6898 -0.115 0.7071 -0.2098 -0.6114 -0.2867 0.8069 0.0347 -0.5646 0.17 0.9744 -0.0027 0.2223 -0.0325 0.6516 0.233 -0.7167 0.0864 0.685 -0.2846 -0.617 -0.2628 0.9169 0.003 0.3737 -0.1403
0.8174 -0.3542 -0.3536 -0.2854 0.1925 -0.5819 -0.7203 0.3248 0.6665 -0.2393 -0.662 -0.2455 0.7103 0.0804 -0.6898 -0.115 0.7786 -0.2086 -0.5757 -0.1375 0.8069 0.0347 -0.5646 0.17 0.9744 -0.0027 0.2223 -0.0325 0.6516 0.233 -0.7167 0.0864 0.6924 -0.2762 -0.6202 -0.2441 0.9169 0.003 0.3737 -0.1403
0.8174 -0.3542 -0.3536 -0.2854 0.1925 -0.5819 -0.7203 0.3248 0.6665 -0.2393 -0.662 -0.2455 0.7103 0.0804 -0.6898 -0.115 0.7786 -0.2086 -0.5757 -0.1375 0.8069 0.0347 -0.5646 0.17 0.9744 -0.0027 0.2223 -0.0325 0.6516 0.233 -0.7167 0.0864 0.6924 -0.2762 -0.6202 -0.2441 0.9169 0.003 0.3737 -0.1403
0.8312 -0.3405 -0.3492 -0.267 0.1984 -0.5612 -0.7357 0.3231 0.6665 -0.2393 -0.662 -0.2455 0.7103 0.0804 -0.6898 -0.115 0.7786 -0.2086 -0.5757 -0.1375 0.8069 0.0347 -0.5646 0.17 0.9744 -0.0027 0.2223 -0.0325 0.6516 0.233 -0.7167 0.0864 0.6924 -0.2762 -0.6202 -0.2441 0.917 0.0011 0.3734 -0.1403
0.8312 -0.3405 -0.3492 -0.267 0.1984 -0.5612 -0.7357 0.3231 0.6665 -0.2393 -0.662 -0.2455 0.7103 0.0804 -0.6898 -0.115 0.7786 -0.2086 -0.5757 -0.1375 0.8069 0.0347 -0.5646 0.17 0.9744 -0.0027 0.2223 -0.0325 0.642 0.2405 -0.7203 0.1064 0.6924 -0.2762 -0.6202 -0.2441 0.917 0.0011 0.3734 -0.1403
0.8312 -0.3405 -0.3492 -0.267 0.1984 -0.5612 -0.7357 0.3231 0.6704 -0.2235 -0.6707 -0.2253 0.7103 0.0804 -0.6898 -0.115 0.7786 -0.2086 -0.5757 -0.1375 0.8069 0.0347 -0.5646 0.17 0.9744 -0.0027 0.2223 -0.0325 0.642 0.2405 -0.7203 0.1064 0.6924 -0.2762 -0.6202 -0.2441 0.917 0.0011 0.3734 -0.1403
0.8312 -0.3405 -0.3492 -0.267 0.1984 -0.5612 -0.7357 0.3231 0.6704 -0.2235 -0.6707 -0.2253 0.7103 0.0804 -0.6898 -0.115 0.7786 -0.2086 -0.5757 -0.1375 0.8069 0.0347 -0.5646 0.17 0.9744 -0.0027 0.2223 -0.0325 0.642 0.2405 -0.7203 0.1064 0.6924 -0.2762 -0.6202 -0.2441 0.917 0.0011 0.3734 -0.1403
0.8312 -0.3405 -0.3492 -0.267 0.1984 -0.5612 -0.7357 0.3231 0.6704 -0.2235 -0.6707 -0.2253 0.7103 0.0804 -0.6898 -0.115 0.7786 -0.2086 -0.5757 -0.1375 0.7668 0.0512 -0.599 0.2249 0.9744 -0.0027 0.2223 -0.0325 0.642 0.2405 -0.7203 0.1064 0.6924 -0.2762 -0.6202 -0.2441 0.917 0.0011 0.3734 -0.1403
0.8312 -0.3405 -0.3492 -0.267 0.1984 -0.5612 -0.7357 0.3231 0.6704 -0.2235 -0.6707 -0.2253 0.7103 0.0804 -0.6898 -0.115 0.7708 -0.2018 -0.6011 -0.062 0.7668 0.0512 -0.599 0.2249 0.9744 -0.0027 0.2223 -0.0325 0.642 0.2405 -0.7203 0.1064 0.6924 -0.2762 -0.6202 -0.2441 0.917 0.0011 0.3734 -0.1403
0.8312 -0.3405 -0.3492 -0.267 0.2011 -0.534 -0.7548 0.3235 0.6704 -0.2235 -0.6707 -0.2253 0.7103 0.0804 -0.6898 -0.115 0.7708 -0.2018 -0.6011 -0.062 0.7668 0.0512 -0.599 0.2249 0.9744 -0.0027 0.2223 -0.0325 0.642 0.2405 -0.7203 0.1064 0.702 -0.2783 -0.6151 -0.2269 0.917 0.0011 0.3734 -0.1403
0.8461 -0.325 -0.3474 -0.2403 0.2011 -0.534 -0.7548 0.3235 0.6704 -0.2235 -0.6707 -0.2253 0.7103 0.0804 -0.6898 -0.115 0.7708 -0.2018 -0.6011 -0.062 0.7668 0.0512 -0.599 0.2249 0.9744 -0.0027 0.2223 -0.0325 0.642 0.2405 -0.7203 0.1064 0.702 -0.2783 -0.6151 -0.2269 0.917 0.0011 0.3734 -0.1403
0.8461 -0.325 -0.3474 -0.2403 0.2011 -0.534 -0.7548 0.3235 0.6704 -0.2235 -0.6707 -0.2253 0.7103 0.0804 -0.6898 -0.115 0.7708 -0.2018 -0.6011 -0.062 0.7668 0.0512 -0.599 0.2249 0.9744 -0.0027 0.2223 -0.0325 0.6323 0.254 -0.7183 0.1408 0.702 -0.2783 -0.6151 -0.2269 0.917 0.0011 0.3734 -0.1403
0.8461 -0.325 -0.3474 -0.2403 0.2011 -0.534 -0.7548 0.3235 0.6704 -0.2235 -0.6707 -0.2253 0.7103 0.0804 -0.6898 -0.115 0.7708 -0.2018 -0.6011 -0.062 0.7668 0.0512 -0.599 0.2249 0.9744 -0.0027 0.2223 -0.0325 0.6323 0.254 -0.7183 0.1408 0.702 -0.2783 -0.6151 -0.2269 0.917 0.0011 0.3734 -0.1403
0.8461 -0.325 -0.3474 -0.2403 0.2011 -0.534 -0.7548 0.3235 0.6704 -0.2235 -0.6707 -0.2253 0.7103 0.0804 -0.6898 -0.115 0.7708 -0.2018 -0.6011 -0.062 0.7668 0.0512 -0.599 0.2249 0.9744 -0.0027 0.2223 -0.0325 0.6323 0.254 -0.7183 0.1408 0.702 -0.2783 -0.6151 -0.2269 0.917 0.0011 0.3734 -0.1403
0.8461 -0.325 -0.3474 -0.2403 0.2011 -0.534 -0.7548 0.3235 0.6704 -0.2235 -0.6707 -0.2253 0.7103 0.0804 -0.6898 -0.115 0.7708 -0.2018 -0.6011 -0.062 0.7668 0.0512 -0.599 0.2249 0.9744 -0.0027 0.2223 -0.0325 0.6323 0.254 -0.7183 0.1408 0.702 -0.2783 -0.6151 -0.2269 0.917 0.0011 0.3734 -0.1403
0.8461 -0.325 -0.3474 -0.2403 0.2011 -0.534 -0.7548 0.3235 0.6704 -0.2235 -0.6707 -0.2253 0.7103 0.0804 -0.6898 -0.115 0.7708 -0.2018 -0.6011 -0.062 0.7668 0.0512 -0.599 0.2249 0.9744 -0.0027 0.2223 -0.0325 0.6323 0.254 -0.7183 0.1408 0.702 -0.2783 -0.6151 -0.2269 0.917 0.0011 0.3734 -0.1403
0.8461 -0.325 -0.3474 -0.2403 0.1856 -0.5109 -0.7729 0.3272 0.6704 -0.2235 -0.6707 -0.2253 0.7103 0.0804 -0.6898 -0.115 0.7708 -0.2018 -0.6011 -0.062 0.7668 0.0512 -0.599 0.2249 0.9744 -0.0027 0.2223 -0.0325 0.6323 0.254 -0.7183 0.1408 0.702 -0.2783 -0.6151 -0.2269 0.917 0.0011 0.3734 -0.1403
0.8461 -0.325 -0.3474 -0.2403 0.1856 -0.5109 -0.7729 0.3272 0.6704 -0.2235 -0.6707 -0.2253 0.7103 0.0804 -0.6898 -0.115 0.7708 -0.2018 -0.6011 -0.062 0.7668 0.0512 -0.599 0.2249 0.9744 -0.0027 0.2223 -0.0325 0.6323 0.254 -0.7183 0.1408 0.702 -0.2783 -0.6151 -0.2269 0.9179 7.0E-4 0.3718 -0.1385
0.8461 -0.325 -0.3474 -0.2403 0.1856 -0.5109 -0.7729 0.3272 0.6704 -0.2235 -0.6707 -0.2253 0.7103 0.0804 -0.6898 -0.115 0.7708 -0.2018 -0.6011 -0.062 0.7668 0.0512 -0.599 0.2249 0.9744 -0.0027 0.2223 -0.0325 0.6171 0.2667 -0.7182 0.1794 0.702 -0.2783 -0.6151 -0.2269 0.9179 7.0E-4 0.3718 -0.1385
0.8461 -0.325 -0.3474 -0.2403 0.1856 -0.5109 -0.7729 0.3272 0.6704 -0.2235 -0.6707 -0.2253 0.7103 0.0804 -0.6898 -0.115 0.7708 -0.2018 -0.6011 -0.062 0.7668 0.0512 -0.599 0.2249 0.9744 -0.0027 0.2223 -0.0325 0.6171 0.2667 -0.7182 0.1794 0.702 -0.2783 -0.6151 -0.2269 0.9179 7.0E-4 0.3718 -0.1385
0.8461 -0.325 -0.3474 -0.2403 0.1856 -0.5109 -0.7729 0.3272 0.6704 -0.2235 -0.6707 -0.2253 0.7103 0.0804 -0.6898 -0.115 0.7708 -0.2018 -0.6011 -0.062 0.7668 0.0512 -0.599 0.2249 0.9744 -0.0027 0.2223 -0.0325 0.6171 0.2667 -0.7182 0.1794 0.702 -0.2783 -0.6151 -0.2269 0.9179 7.0E-4 0.3718 -0.1385
0.8461 -0.325 -0.3474 -0.2403 0.1856 -0.5109 -0.7729 0.3272 0.6945 -0.1812 -0.681 -0.1453 0.7286 0.1423 -0.6697 -0.0189 0.7708 -0.2018 -0.6011 -0.062 0.6917 0.1102 -0.6835 0.2057 0.9434 0.1268 0.299 0.0669 0.6171 0.2667 -0.7182 0.1794 0.702 -0.2783 -0.6151 -0.2269 0.9179 7.0E-4 0.3718 -0.1385
0.8461 -0.325 -0.3474 -0.2403 0.1856 -0.5109 -0.7729 0.3272 0.6945 -0.1812 -0.681 -0.1453 0.7286 0.1423 -0.6697 -0.0189 0.7708 -0.2018 -0.6011 -0.062 0.6917 0.1102 -0.6835 0.2057 0.9434 0.1268 0.299 0.0669 0.6171 0.2667 -0.7182 0.1794 0.702 -0.2783 -0.6151 -0.2269 0.9179 7.0E-4 0.3718 -0.1385
0.8461 -0.325 -0.3474 -0.2403 0.1563 -0.4932 -0.7929 0.3218 0.6945 -0.1812 -0.681 -0.1453 0.7286 0.1423 -0.6697 -0.0189 0.715 -0.1677 -0.6786 -0.0072 0.6917 0.1102 -0.6835 0.2057 0.9434 0.1268 0.299 0.0669 0.6171 0.2667 -0.7182 0.1794 0.7287 -0.2957 -0.5944 -0.168 0.9179 7.0E-4 0.3718 -0.1385
0.8461 -0.325 -0.3474 -0.2403 0.1563 -0.4932 -0.7929 0.3218 0.6945 -0.1812 -0.681 -0.1453 0.7286 0.1423 -0.6697 -0.0189 0.715 -0.1677 -0.6786 -0.0072 0.6917 0.1102 -0.6835 0.2057 0.9434 0.1268 0.299 0.0669 0.6171 0.2667 -0.7182 0.1794 0.7287 -0.2957 -0.5944 -0.168 0.9174 -0.002 0.3732 -0.1379
0.8461 -0.325 -0.3474 -0.2403 0.1563 -0.4932 -0.7929 0.3218 0.6945 -0.1812 -0.681 -0.1453 0.7286 0.1423 -0.6697 -0.0189 0.715 -0.1677 -0.6786 -0.0072 0.6917 0.1102 -0.6835 0.2057 0.9434 0.1268 0.299 0.0669 0.611 0.2917 -0.7031 0.2177 0.7287 -0.2957 -0.5944 -0.168 0.9174 -0.002 0.3732 -0.1379
0.8461 -0.325 -0.3474 -0.2403 0.1563 -0.4932 -0.7929 0.3218 0.6945 -0.1812 -0.681 -0.1453 0.7286 0.1423 -0.6697 -0.0189 0.715 -0.1677 -0.6786 -0.0072 0.6917 0.1102 -0.6835 0.2057 0.9434 0.1268 0.299 0.0669 0.611 0.2917 -0.7031 0.2177 0.7287 -0.2957 -0.5944 -0.168 0.9174 -0.002 0.3732 -0.1379
0.8461 -0.325 -0.3474 -0.2403 0.1563 -0.4932 -0.7929 0.3218 0.7223 -0.1586 -0.668 -0.0831 0.7546 0.1486 -0.6387 0.022 0.715 -0.1677 -0.6786 -0.0072 0.687 0.1647 -0.6683 0.233 0.9434 0.053 0.3207 0.0657 0.611 0.2917 -0.7031 0.2177 0.7287 -0.2957 -0.5944 -0.168 0.9174 -0.002 0.3732 -0.1379
0.8461 -0.325 -0.3474 -0.2403 0.1563 -0.4932 -0.7929 0.3218 0.7223 -0.1586 -0.668 -0.0831 0.7546 0.1486 -0.6387 0.022 0.715 -0.1677 -0.6786 -0.0072 0.687 0.1647 -0.6683 0.233 0.9434 0.053 0.3207 0.0657 0.611 0.2917 -0.7031 0.2177 0.7287 -0.2957 -0.5944 -0.168 0.9174 -0.002 0.3732 -0.1379
0.8461 -0.325 -0.3474 -0.2403 0.1563 -0.4932 -0.7929 0.3218 0.7223 -0.1586 -0.668 -0.0831 0.7546 0.1486 -0.6387 0.022 0.7006 -0.1349 -0.6999 -0.0353 0.687 0.1647 -0.6683 0.233 0.9434 0.053 0.3207 0.0657 0.611 0.2917 -0.7031 0.2177 0.7381 -0.3472 -0.5663 -0.1182 0.9174 -0.002 0.3732 -0.1379
0.8461 -0.325 -0.3474 -0.2403 0.1563 -0.4932 -0.7929 0.3218 0.7223 -0.1586 -0.668 -0.0831 0.7546 0.1486 -0.6387 0.022 0.7006 -0.1349 -0.6999 -0.0353 0.687 0.1647 -0.6683 0.233 0.9434 0.053 0.3207 0.0657 0.611 0.2917 -0.7031 0.2177 0.7381 -0.3472 -0.5663 -0.1182 0.9174 -0.002 0.3732 -0.1379
0.833 -0.2877 -0.4376 -0.1786 0.1563 -0.4932 -0.7929 0.3218 0.7223 -0.1586 -0.668 -0.0831 0.7546 0.1486 -0.6387 0.022 0.7006 -0.1349 -0.6999 -0.0353 0.687 0.1647 -0.6683 0.233 0.9434 0.053 0.3207 0.0657 0.611 0.2917 -0.7031 0.2177 0.7381 -0.3472 -0.5663 -0.1182 0.888 -0.0044 0.4413 -0.1293
0.833 -0.2877 -0.4376 -0.1786 0.1563 -0.4932 -0.7929 0.3218 0.7223 -0.1586 -0.668 -0.0831 0.7546 0.1486 -0.6387 0.022 0.7006 -0.1349 -0.6999 -0.0353 0.687 0.1647 -0.6683 0.233 0.9434 0.053 0.3207 0.0657 0.611 0.2917 -0.7031 0.2177 0.7381 -0.3472 -0.5663 -0.1182 0.888 -0.0044 0.4413 -0.1293
0.833 -0.2877 -0.4376 -0.1786 0.1563 -0.4932 -0.7929 0.3218 0.7223 -0.1586 -0.668 -0.0831 0.7546 0.1486 -0.6387 0.022 0.7006 -0.1349 -0.6999 -0.0353 0.687 0.1647 -0.6683 0.233 0.9434 0.053 0.3207 0.0657 0.611 0.2917 -0.7031 0.2177 0.7381 -0.3472 -0.5663 -0.1182 0.888 -0.0044 0.4413 -0.1293
0.833 -0.2877 -0.4376 -0.1786 0.1563 -0.4932 -0.7929 0.3218 0.7368 -0.163 -0.6548 -0.0408 0.7733 0.14 -0.6166 0.0463 0.7006 -0.1349 -0.6999 -0.0353 0.6804 0.2045 -0.6624 0.2375 0.9443 0.0522 0.3196 0.0587 0.6456 0.3071 -0.67 0.1999 0.7381 -0.3472 -0.5663 -0.1182 0.888 -0.0044 0.4413 -0.1293
0.833 -0.2877 -0.4376 -0.1786 0.1563 -0.4932 -0.7929 0.3218 0.7368 -0.163 -0.6548 -0.0408 0.7733 0.14 -0.6166 0.0463 0.7006 -0.1349 -0.6999 -0.0353 0.6804 0.2045 -0.6624 0.2375 0.9443 0.0522 0.3196 0.0587 0.6456 0.3071 -0.67 0.1999 0.7381 -0.3472 -0.5663 -0.1182 0.888 -0.0044 0.4413 -0.1293
0.833 -0.2877 -0.4376 -0.1786 0.1563 -0.4932 -0.7929 0.3218 0.7368 -0.163 -0.6548 -0.0408 0.7733 0.14 -0.6166 0.0463 0.6887 -0.1042 -0.7162 -0.0436 0.6804 0.2045 -0.6624 0.2375 0.9443 0.0522 0.3196 0.0587 0.6456 0.3071 -0.67 0.1999 0.7381 -0.3472 -0.5663 -0.1182 0.888 -0.0044 0.4413 -0.1293
0.833 -0.2877 -0.4376 -0.1786 0.0867 -0.4993 -0.8093 0.2971 0.7368 -0.163 -0.6548 -0.0408 0.7733 0.14 -0.6166 0.0463 0.6887 -0.1042 -0.7162 -0.0436 0.6804 0.2045 -0.6624 0.2375 0.9443 0.0522 0.3196 0.0587 0.6456 0.3071 -0.67 0.1999 0.7381 -0.3472 -0.5663 -0.1182 0.888 -0.0044 0.4413 -0.1293
0.8182 -0.2784 -0.4706 -0.1778 0.0867 -0.4993 -0.8093 0.2971 0.7368 -0.163 -0.6548 -0.0408 0.7733 0.14 -0.6166 0.0463 0.6887 -0.1042 -0.7162 -0.0436 0.6804 0.2045 -0.6624 0.2375 0.9443 0.0522 0.3196 0.0587 0.6456 0.3071 -0.67 0.1999 0.7381 -0.3472 -0.5663 -0.1182 0.82 -0.0341 0.5602 -0.1122
0.8182 -0.2784 -0.4706 -0.1778 0.0867 -0.4993 -0.8093 0.2971 0.7474 -0.1639 -0.6432 -0.0273 0.7733 0.14 -0.6166 0.0463 0.6887 -0.1042 -0.7162 -0.0436 0.6804 0.2045 -0.6624 0.2375 0.9443 0.0522 0.3196 0.0587 0.7261 0.2903 -0.6088 0.134 0.7381 -0.3472 -0.5663 -0.1182 0.82 -0.0341 0.5602 -0.1122
0.8182 -0.2784 -0.4706 -0.1778 0.0867 -0.4993 -0.8093 0.2971 0.7474 -0.1639 -0.6432 -0.0273 0.7733 0.14 -0.6166 0.0463 0.6887 -0.1042 -0.7162 -0.0436 0.6804 0.2045 -0.6624 0.2375 0.9443 0.0522 0.3196 0.0587 0.7261 0.2903 -0.6088 0.134 0.7381 -0.3472 -0.5663 -0.1182 0.82 -0.0341 0.5602 -0.1122
0.8182 -0.2784 -0.4706 -0.1778 0.0867 -0.4993 -0.8093 0.2971 0.7474 -0.1639 -0.6432 -0.0273 0.7874 0.136 -0.598 0.0629 0.6887 -0.1042 -0.7162 -0.0436 0.6744 0.2329 -0.6581 0.2402 0.9459 0.0507 0.3155 0.056 0.7261 0.2903 -0.6088 0.134 0.7381 -0.3472 -0.5663 -0.1182 0.82 -0.0341 0.5602 -0.1122
0.8182 -0.2784 -0.4706 -0.1778 0.0867 -0.4993 -0.8093 0.2971 0.7474 -0.1639 -0.6432 -0.0273 0.7874 0.136 -0.598 0.0629 0.6887 -0.1042 -0.7162 -0.0436 0.6744 0.2329 -0.6581 0.2402 0.9459 0.0507 0.3155 0.056 0.7261 0.2903 -0.6088 0.134 0.7381 -0.3472 -0.5663 -0.1182 0.82 -0.0341 0.5602 -0.1122
0.8182 -0.2784 -0.4706 -0.1778 0.0867 -0.4993 -0.8093 0.2971 0.7474 -0.1639 -0.6432 -0.0273 0.7874 0.136 -0.598 0.0629 0.6887 -0.1042 -0.7162 -0.0436 0.6744 0.2329 -0.6581 0.2402 0.9459 0.0507 0.3155 0.056 0.7261 0.2903 -0.6088 0.134 0.7381 -0.3472 -0.5663 -0.1182 0.82 -0.0341 0.5602 -0.1122
0.8182 -0.2784 -0.4706 -0.1778 0.0867 -0.4993 -0.8093 0.2971 0.7474 -0.1639 -0.6432 -0.0273 0.7874 0.136 -0.598 0.0629 0.6887 -0.1042 -0.7162 -0.0436 0.6744 0.2329 -0.6581 0.2402 0.9459 0.0507 0.3155 0.056 0.7261 0.2903 -0.6088 0.134 0.7381 -0.3472 -0.5663 -0.1182 0.82 -0.0341 0.5602 -0.1122
0.8182 -0.2784 -0.4706 -0.1778 0.0801 -0.4952 -0.8163 0.2865 0.7474 -0.1639 -0.6432 -0.0273 0.7874 0.136 -0.598 0.0629 0.6887 -0.1042 -0.7162 -0.0436 0.6744 0.2329 -0.6581 0.2402 0.9459 0.0507 0.3155 0.056 0.7507 0.2943 -0.5819 0.1062 0.7337 -0.3843 -0.5552 -0.0752 0.8783 -0.0262 0.467 -0.0989
0.8182 -0.2784 -0.4706 -0.1778 0.0801 -0.4952 -0.8163 0.2865 0.7485 -0.1682 -0.6411 -0.0215 0.7874 0.136 -0.598 0.0629 0.6887 -0.1042 -0.7162 -0.0436 0.6744 0.2329 -0.6581 0.2402 0.9459 0.0507 0.3155 0.056 0.7507 0.2943 -0.5819 0.1062 0.7337 -0.3843 -0.5552 -0.0752 0.8783 -0.0262 0.467 -0.0989
0.8182 -0.2784 -0.4706 -0.1778 0.0801 -0.4952 -0.8163 0.2865 0.7485 -0.1682 -0.6411 -0.0215 0.7874 0.136 -0.598 0.0629 0.6887 -0.1042 -0.7162 -0.0436 0.6744 0.2329 -0.6581 0.2402 0.9459 0.0507 0.3155 0.056 0.7507 0.2943 -0.5819 0.1062 0.7337 -0.3843 -0.5552 -0.0752 0.8783 -0.0262 0.467 -0.0989
0.8182 -0.2784 -0.4706 -0.1778 0.0801 -0.4952 -0.8163 0.2865 0.7485 -0.1682 -0.6411 -0.0215 0.791 0.1353 -0.5924 0.0715 0.6887 -0.1042 -0.7162 -0.0436 0.6801 0.2527 -0.65 0.2261 0.947 0.049 0.3131 0.0535 0.7507 0.2943 -0.5819 0.1062 0.7337 -0.3843 -0.5552 -0.0752 0.8783 -0.0262 0.467 -0.0989
0.8182 -0.2784 -0.4706 -0.1778 0.0801 -0.4952 -0.8163 0.2865 0.7485 -0.1682 -0.6411 -0.0215 0.791 0.1353 -0.5924 0.0715 0.6887 -0.1042 -0.7162 -0.0436 0.6801 0.2527 -0.65 0.2261 0.947 0.049 0.3131 0.0535 0.7507 0.2943 -0.5819 0.1062 0.7337 -0.3843 -0.5552 -0.0752 0.8783 -0.0262 0.467 -0.0989
0.8182 -0.2784 -0.4706 -0.1778 0.0801 -0.4952 -0.8163 0.2865 0.7485 -0.1682 -0.6411 -0.0215 0.791 0.1353 -0.5924 0.0715 0.6714 -0.0771 -0.7338 -0.0686 0.6801 0.2527 -0.65 0.2261 0.947 0.049 0.3131 0.0535 0.7507 0.2943 -0.5819 0.1062 0.7337 -0.3843 -0.5552 -0.0752 0.8783 -0.0262 0.467 -0.0989
0.8182 -0.2784 -0.4706 -0.1778 0.0801 -0.4952 -0.8163 0.2865 0.7485 -0.1682 -0.6411 -0.0215 0.791 0.1353 -0.5924 0.0715 0.6714 -0.0771 -0.7338 -0.0686 0.6801 0.2527 -0.65 0.2261 0.947 0.049 0.3131 0.0535 0.7507 0.2943 -0.5819 0.1062 0.7337 -0.3843 -0.5552 -0.0752 0.8783 -0.0262 0.467 -0.0989
0.814 -0.2585 -0.4874 -0.1816 0.0816 -0.4942 -0.8188 0.2806 0.7485 -0.1682 -0.6411 -0.0215 0.791 0.1353 -0.5924 0.0715 0.6714 -0.0771 -0.7338 -0.0686 0.6801 0.2527 -0.65 0.2261 0.947 0.049 0.3131 0.0535 0.7507 0.2943 -0.5819 0.1062 0.7319 -0.2735 -0.5769 -0.2381 0.9154 -0.034 0.3661 -0.1639
0.814 -0.2585 -0.4874 -0.1816 0.0816 -0.4942 -0.8188 0.2806 0.7485 -0.1682 -0.6411 -0.0215 0.791 0.1353 -0.5924 0.0715 0.6714 -0.0771 -0.7338 -0.0686 0.6801 0.2527 -0.65 0.2261 0.947 0.049 0.3131 0.0535 0.7666 0.2568 -0.586 0.0541 0.7319 -0.2735 -0.5769 -0.2381 0.9154 -0.034 0.3661 -0.1639
0.814 -0.2585 -0.4874 -0.1816 0.0816 -0.4942 -0.8188 0.2806 0.7467 -0.1713 -0.6425 -0.0188 0.7906 0.1352 -0.5933 0.0689 0.6714 -0.0771 -0.7338 -0.0686 0.6801 0.2527 -0.65 0.2261 0.947 0.049 0.3131 0.0535 0.7666 0.2568 -0.586 0.0541 0.7319 -0.2735 -0.5769 -0.2381 0.9154 -0.034 0.3661 -0.1639
0.814 -0.2585 -0.4874 -0.1816 0.0816 -0.4942 -0.8188 0.2806 0.7467 -0.1713 -0.6425 -0.0188 0.7906 0.1352 -0.5933 0.0689 0.6714 -0.0771 -0.7338 -0.0686 0.6801 0.2527 -0.65 0.2261 0.947 0.049 0.3131 0.0535 0.7666 0.2568 -0.586 0.0541 0.7319 -0.2735 -0.5769 -0.2381 0.9154 -0.034 0.3661 -0.1639
0.814 -0.2585 -0.4874 -0.1816 0.0816 -0.4942 -0.8188 0.2806 0.7467 -0.1713 -0.6425 -0.0188 0.7906 0.1352 -0.5933 0.0689 0.6714 -0.0771 -0.7338 -0.0686 0.6801 0.2527 -0.65 0.2261 0.947 0.049 0.3131 0.0535 0.7666 0.2568 -0.586 0.0541 0.7319 -0.2735 -0.5769 -0.2381 0.9154 -0.034 0.3661 -0.1639
0.814 -0.2585 -0.4874 -0.1816 0.0816 -0.4942 -0.8188 0.2806 0.7467 -0.1713 -0.6425 -0.0188 0.7906 0.1352 -0.5933 0.0689 0.6623 -0.0902 -0.7346 -0.1168 0.6801 0.2527 -0.65 0.2261 0.947 0.049 0.3131 0.0535 0.7666 0.2568 -0.586 0.0541 0.7319 -0.2735 -0.5769 -0.2381 0.9154 -0.034 0.3661 -0.1639
0.8109 -0.2674 -0.4822 -0.1963 0.0898 -0.5083 -0.8101 0.2782 0.7467 -0.1713 -0.6425 -0.0188 0.7906 0.1352 -0.5933 0.0689 0.6623 -0.0902 -0.7346 -0.1168 0.6801 0.2527 -0.65 0.2261 0.947 0.049 0.3131 0.0535 0.7666 0.2568 -0.586 0.0541 0.7109 -0.1514 -0.6088 -0.3179 0.9154 -0.034 0.3661 -0.1639
0.8109 -0.2674 -0.4822 -0.1963 0.0898 -0.5083 -0.8101 0.2782 0.7467 -0.1713 -0.6425 -0.0188 0.7906 0.1352 -0.5933 0.0689 0.6623 -0.0902 -0.7346 -0.1168 0.6801 0.2527 -0.65 0.2261 0.947 0.049 0.3131 0.0535 0.7666 0.2568 -0.586 0.0541 0.7109 -0.1514 -0.6088 -0.3179 0.9154 -0.034 0.3661 -0.1639
0.8109 -0.2674 -0.4822 -0.1963 0.0898 -0.5083 -0.8101 0.2782 0.7467 -0.1713 -0.6425 -0.0188 0.7906 0.1352 -0.5933 0.0689 0.6623 -0.0902 -0.7346 -0.1168 0.6801 0.2527 -0.65 0.2261 0.947 0.049 0.3131 0.0535 0.7566 0.23 -0.6115 0.0289 0.7109 -0.1514 -0.6088 -0.3179 0.9154 -0.034 0.3661 -0.1639
0.8109 -0.2674 -0.4822 -0.1963 0.0898 -0.5083 -0.8101 0.2782 0.7467 -0.1713 -0.6425 -0.0188 0.7906 0.1352 -0.5933 0.0689 0.6623 -0.0902 -0.7346 -0.1168 0.6801 0.2527 -0.65 0.2261 0.947 0.049 0.3131 0.0535 0.7566 0.23 -0.6115 0.0289 0.7109 -0.1514 -0.6088 -0.3179 0.9154 -0.034 0.3661 -0.1639
0.8109 -0.2674 -0.4822 -0.1963 0.0898 -0.5083 -0.8101 0.2782 0.7467 -0.1713 -0.6425 -0.0188 0.7906 0.1352 -0.5933 0.0689 0.6623 -0.0902 -0.7346 -0.1168 0.7172 0.2525 -0.6277 0.1669 0.947 0.049 0.3131 0.0535 0.7566 0.23 -0.6115 0.0289 0.7109 -0.1514 -0.6088 -0.3179 0.9154 -0.034 0.3661 -0.1639
0.8109 -0.2674 -0.4822 -0.1963 0.0898 -0.5083 -0.8101 0.2782 0.7467 -0.1713 -0.6425 -0.0188 0.7906 0.1352 -0.5933 0.0689 0.6623 -0.0902 -0.7346 -0.1168 0.7172 0.2525 -0.6277 0.1669 0.947 0.049 0.3131 0.0535 0.7566 0.23 -0.6115 0.0289 0.7109 -0.1514 -0.6088 -0.3179 0.9154 -0.034 0.3661 -0.1639
0.8109 -0.2674 -0.4822 -0.1963 0.0898 -0.5083 -0.8101 0.2782 0.7467 -0.1713 -0.6425 -0.0188 0.7906 0.1352 -0.5933 0.0689 0.6623 -0.0902 -0.7346 -0.1168 0.7172 0.2525 -0.6277 0.1669 0.947 0.049 0.3131 0.0535 0.7566 0.23 -0.6115 0.0289 0.7109 -0.1514 -0.6088 -0.3179 0.9154 -0.034 0.3661 -0.1639
0.8109 -0.2674 -0.4822 -0.1963 0.0898 -0.5083 -0.8101 0.2782 0.7467 -0.1713 -0.6425 -0.0188 0.7906 0.1352 -0.5933 0.0689 0.6517 -0.101 -0.7327 -0.168 0.7172 0.2525 -0.6277 0.1669 0.947 0.049 0.3131 0.0535 0.7566 0.23 -0.6115 0.0289 0.7059 -0.1665 -0.6249 -0.289 0.9154 -0.034 0.3661 -0.1639
0.8132 -0.2844 -0.4572 -0.221 0.0898 -0.5083 -0.8101 0.2782 0.7467 -0.1713 -0.6425 -0.0188 0.7906 0.1352 -0.5933 0.0689 0.6517 -0.101 -0.7327 -0.168 0.7172 0.2525 -0.6277 0.1669 0.947 0.049 0.3131 0.0535 0.7566 0.23 -0.6115 0.0289 0.7059 -0.1665 -0.6249 -0.289 0.9305 -0.032 0.3359 -0.1422
0.8132 -0.2844 -0.4572 -0.221 0.0898 -0.5083 -0.8101 0.2782 0.7261 -0.2109 -0.6473 -0.0959 0.7906 0.1352 -0.5933 0.0689 0.6517 -0.101 -0.7327 -0.168 0.7172 0.2525 -0.6277 0.1669 0.947 0.049 0.3131 0.0535 0.7566 0.23 -0.6115 0.0289 0.7059 -0.1665 -0.6249 -0.289 0.9305 -0.032 0.3359 -0.1422
0.8132 -0.2844 -0.4572 -0.221 0.0898 -0.5083 -0.8101 0.2782 0.7261 -0.2109 -0.6473 -0.0959 0.7906 0.1352 -0.5933 0.0689 0.6517 -0.101 -0.7327 -0.168 0.7172 0.2525 -0.6277 0.1669 0.947 0.049 0.3131 0.0535 0.7566 0.23 -0.6115 0.0289 0.7059 -0.1665 -0.6249 -0.289 0.9305 -0.032 0.3359 -0.1422
0.8132 -0.2844 -0.4572 -0.221 0.0898 -0.5083 -0.8101 0.2782 0.7261 -0.2109 -0.6473 -0.0959 0.7719 0.096 -0.6285 -0.002 0.6517 -0.101 -0.7327 -0.168 0.7458 0.2583 -0.6034 0.114 0.9435 0.0566 0.322 0.0536 0.7566 0.23 -0.6115 0.0289 0.7059 -0.1665 -0.6249 -0.289 0.9305 -0.032 0.3359 -0.1422
0.8132 -0.2844 -0.4572 -0.221 0.0898 -0.5083 -0.8101 0.2782 0.7261 -0.2109 -0.6473 -0.0959 0.7719 0.096 -0.6285 -0.002 0.6517 -0.101 -0.7327 -0.168 0.7458 0.2583 -0.6034 0.114 0.9435 0.0566 0.322 0.0536 0.7566 0.23 -0.6115 0.0289 0.7059 -0.1665 -0.6249 -0.289 0.9305 -0.032 0.3359 -0.1422
0.8132 -0.2844 -0.4572 -0.221 0.0898 -0.5083 -0.8101 0.2782 0.7261 -0.2109 -0.6473 -0.0959 0.7719 0.096 -0.6285 -0.002 0.6477 -0.1145 -0.7235 -0.2095 0.7458 0.2583 -0.6034 0.114 0.9435 0.0566 0.322 0.0536 0.7566 0.23 -0.6115 0.0289 0.7059 -0.1665 -0.6249 -0.289 0.9305 -0.032 0.3359 -0.1422
0.8132 -0.2844 -0.4572 -0.221 0.0898 -0.5083 -0.8101 0.2782 0.7261 -0.2109 -0.6473 -0.0959 0.7719 0.096 -0.6285 -0.002 0.6477 -0.1145 -0.7235 -0.2095 0.7458 0.2583 -0.6034 0.114 0.9435 0.0566 0.322 0.0536 0.7566 0.23 -0.6115 0.0289 0.7059 -0.1665 -0.6249 -0.289 0.9305 -0.032 0.3359 -0.1422
0.8265 -0.29 -0.4143 -0.2473 0.1554 -0.543 -0.7781 0.275 0.7261 -0.2109 -0.6473 -0.0959 0.7719 0.096 -0.6285 -0.002 0.6477 -0.1145 -0.7235 -0.2095 0.7458 0.2583 -0.6034 0.114 0.9435 0.0566 0.322 0.0536 0.7566 0.23 -0.6115 0.0289 0.6888 -0.2366 -0.6047 -0.3224 0.9145 -0.017 0.3789 -0.1409
0.8265 -0.29 -0.4143 -0.2473 0.1554 -0.543 -0.7781 0.275 0.7261 -0.2109 -0.6473 -0.0959 0.7719 0.096 -0.6285 -0.002 0.6477 -0.1145 -0.7235 -0.2095 0.7458 0.2583 -0.6034 0.114 0.9435 0.0566 0.322 0.0536 0.7566 0.23 -0.6115 0.0289 0.6888 -0.2366 -0.6047 -0.3224 0.9145 -0.017 0.3789 -0.1409
0.8265 -0.29 -0.4143 -0.2473 0.1554 -0.543 -0.7781 0.275 0.7261 -0.2109 -0.6473 -0.0959 0.7719 0.096 -0.6285 -0.002 0.6477 -0.1145 -0.7235 -0.2095 0.7458 0.2583 -0.6034 0.114 0.9435 0.0566 0.322 0.0536 0.7566 0.23 -0.6115 0.0289 0.6888 -0.2366 -0.6047 -0.3224 0.9145 -0.017 0.3789 -0.1409
0.8265 -0.29 -0.4143 -0.2473 0.1554 -0.543 -0.7781 0.275 0.7261 -0.2109 -0.6473 -0.0959 0.7719 0.096 -0.6285 -0.002 0.6477 -0.1145 -0.7235 -0.2095 0.7458 0.2583 -0.6034 0.114 0.9435 0.0566 0.322 0.0536 0.7566 0.23 -0.6115 0.0289 0.6888 -0.2366 -0.6047 -0.3224 0.9145 -0.017 0.3789 -0.1409
0.8265 -0.29 -0.4143 -0.2473 0.1554 -0.543 -0.7781 0.275 0.7261 -0.2109 -0.6473 -0.0959 0.7719 0.096 -0.6285 -0.002 0.6477 -0.1145 -0.7235 -0.2095 0.7814 0.2186 -0.5824 0.0486 0.9203 0.08 0.3821 0.024 0.7566 0.23 -0.6115 0.0289 0.6888 -0.2366 -0.6047 -0.3224 0.9145 -0.017 0.3789 -0.1409
0.8265 -0.29 -0.4143 -0.2473 0.1554 -0.543 -0.7781 0.275 0.7261 -0.2109 -0.6473 -0.0959 0.7719 0.096 -0.6285 -0.002 0.6663 -0.145 -0.6818 -0.265 0.7814 0.2186 -0.5824 0.0486 0.9203 0.08 0.3821 0.024 0.7566 0.23 -0.6115 0.0289 0.6888 -0.2366 -0.6047 -0.3224 0.9145 -0.017 0.3789 -0.1409
0.8265 -0.29 -0.4143 -0.2473 0.1888 -0.5632 -0.7499 0.291 0.7261 -0.2109 -0.6473 -0.0959 0.7719 0.096 -0.6285 -0.002 0.6663 -0.145 -0.6818 -0.265 0.7814 0.2186 -0.5824 0.0486 0.9203 0.08 0.3821 0.024 0.7566 0.23 -0.6115 0.0289 0.6829 -0.2722 -0.599 -0.3175 0.9145 -0.017 0.3789 -0.1409
0.8265 -0.29 -0.4143 -0.2473 0.1888 -0.5632 -0.7499 0.291 0.7261 -0.2109 -0.6473 -0.0959 0.7719 0.096 -0.6285 -0.002 0.6663 -0.145 -0.6818 -0.265 0.7814 0.2186 -0.5824 0.0486 0.9203 0.08 0.3821 0.024 0.7566 0.23 -0.6115 0.0289 0.6829 -0.2722 -0.599 -0.3175 0.9145 -0.017 0.3789 -0.1409
0.8265 -0.29 -0.4143 -0.2473 0.1888 -0.5632 -0.7499 0.291 0.6918 -0.2447 -0.6586 -0.1664 0.7719 0.096 -0.6285 -0.002 0.6663 -0.145 -0.6818 -0.265 0.7814 0.2186 -0.5824 0.0486 0.9203 0.08 0.3821 0.024 0.6909 0.2011 -0.6937 0.0325 0.6829 -0.2722 -0.599 -0.3175 0.9145 -0.017 0.3789 -0.1409
0.8265 -0.29 -0.4143 -0.2473 0.1888 -0.5632 -0.7499 0.291 0.6918 -0.2447 -0.6586 -0.1664 0.7719 0.096 -0.6285 -0.002 0.6663 -0.145 -0.6818 -0.265 0.7814 0.2186 -0.5824 0.0486 0.9203 0.08 0.3821 0.024 0.6909 0.2011 -0.6937 0.0325 0.6829 -0.2722 -0.599 -0.3175 0.9145 -0.017 0.3789 -0.1409
0.8265 -0.29 -0.4143 -0.2473 0.1888 -0.5632 -0.7499 0.291 0.6918 -0.2447 -0.6586 -0.1664 0.749 0.057 -0.6575 -0.0595 0.6663 -0.145 -0.6818 -0.265 0.8302 0.1052 -0.5471 0.0199 0.9333 0.0195 0.3429 -0.1041 0.6909 0.2011 -0.6937 0.0325 0.6829 -0.2722 -0.599 -0.3175 0.9145 -0.017 0.3789 -0.1409
0.8265 -0.29 -0.4143 -0.2473 0.1888 -0.5632 -0.7499 0.291 0.6918 -0.2447 -0.6586 -0.1664 0.749 0.057 -0.6575 -0.0595 0.6663 -0.145 -0.6818 -0.265 0.8302 0.1052 -0.5471 0.0199 0.9333 0.0195 0.3429 -0.1041 0.6909 0.2011 -0.6937 0.0325 0.6829 -0.2722 -0.599 -0.3175 0.9145 -0.017 0.3789 -0.1409
0.8265 -0.29 -0.4143 -0.2473 0.1888 -0.5632 -0.7499 0.291 0.6918 -0.2447 -0.6586 -0.1664 0.749 0.057 -0.6575 -0.0595 0.7048 -0.1669 -0.6191 -0.3035 0.8302 0.1052 -0.5471 0.0199 0.9333 0.0195 0.3429 -0.1041 0.6909 0.2011 -0.6937 0.0325 0.6829 -0.2722 -0.599 -0.3175 0.9145 -0.017 0.3789 -0.1409
0.8265 -0.29 -0.4143 -0.2473 0.2089 -0.5987 -0.7153 0.2937 0.6918 -0.2447 -0.6586 -0.1664 0.749 0.057 -0.6575 -0.0595 0.7048 -0.1669 -0.6191 -0.3035 0.8302 0.1052 -0.5471 0.0199 0.9333 0.0195 0.3429 -0.1041 0.6909 0.2011 -0.6937 0.0325 0.6829 -0.2722 -0.599 -0.3175 0.9145 -0.017 0.3789 -0.1409
0.8265 -0.29 -0.4143 -0.2473 0.2089 -0.5987 -0.7153 0.2937 0.6918 -0.2447 -0.6586 -0.1664 0.749 0.057 -0.6575 -0.0595 0.7048 -0.1669 -0.6191 -0.3035 0.8302 0.1052 -0.5471 0.0199 0.9333 0.0195 0.3429 -0.1041 0.6909 0.2011 -0.6937 0.0325 0.6829 -0.2722 -0.599 -0.3175 0.9145 -0.017 0.3789 -0.1409
0.8127 -0.3462 -0.35 -0.3117 0.2089 -0.5987 -0.7153 0.2937 0.6727 -0.2673 -0.6582 -0.2065 0.749 0.057 -0.6575 -0.0595 0.7048 -0.1669 -0.6191 -0.3035 0.8302 0.1052 -0.5471 0.0199 0.9333 0.0195 0.3429 -0.1041 0.6715 0.1948 -0.7144 0.0279 0.6829 -0.2722 -0.599 -0.3175 0.916 -0.001 0.3788 -0.132
0.8127 -0.3462 -0.35 -0.3117 0.2089 -0.5987 -0.7153 0.2937 0.6727 -0.2673 -0.6582 -0.2065 0.738 0.0342 -0.668 -0.0892 0.7048 -0.1669 -0.6191 -0.3035 0.8527 0.0476 -0.5175 0.053 0.9333 0.0195 0.3429 -0.1041 0.6715 0.1948 -0.7144 0.0279 0.6829 -0.2722 -0.599 -0.3175 0.916 -0.001 0.3788 -0.132
0.8127 -0.3462 -0.35 -0.3117 0.2089 -0.5987 -0.7153 0.2937 0.6727 -0.2673 -0.6582 -0.2065 0.738 0.0342 -0.668 -0.0892 0.7048 -0.1669 -0.6191 -0.3035 0.8527 0.0476 -0.5175 0.053 0.9333 0.0195 0.3429 -0.1041 0.6715 0.1948 -0.7144 0.0279 0.6829 -0.2722 -0.599 -0.3175 0.916 -0.001 0.3788 -0.132
0.8127 -0.3462 -0.35 -0.3117 0.2089 -0.5987 -0.7153 0.2937 0.6727 -0.2673 -0.6582 -0.2065 0.738 0.0342 -0.668 -0.0892 0.7048 -0.1669 -0.6191 -0.3035 0.8527 0.0476 -0.5175 0.053 0.9333 0.0195 0.3429 -0.1041 0.6715 0.1948 -0.7144 0.0279 0.6829 -0.2722 -0.599 -0.3175 0.916 -0.001 0.3788 -0.132
0.8127 -0.3462 -0.35 -0.3117 0.2089 -0.5987 -0.7153 0.2937 0.6727 -0.2673 -0.6582 -0.2065 0.738 0.0342 -0.668 -0.0892 0.7048 -0.1669 -0.6191 -0.3035 0.8527 0.0476 -0.5175 0.053 0.9333 0.0195 0.3429 -0.1041 0.6715 0.1948 -0.7144 0.0279 0.6829 -0.2722 -0.599 -0.3175 0.916 -0.001 0.3788 -0.132
0.8127 -0.3462 -0.35 -0.3117 0.2224 -0.6234 -0.6954 0.2797 0.6727 -0.2673 -0.6582 -0.2065 0.738 0.0342 -0.668 -0.0892 0.7048 -0.1669 -0.6191 -0.3035 0.8527 0.0476 -0.5175 0.053 0.9333 0.0195 0.3429 -0.1041 0.6715 0.1948 -0.7144 0.0279 0.6868 -0.2839 -0.619 -0.2542 0.9145 -0.0062 0.3823 -0.1328
0.8036 -0.3514 -0.3369 -0.3425 0.2224 -0.6234 -0.6954 0.2797 0.6727 -0.2673 -0.6582 -0.2065 0.738 0.0342 -0.668 -0.0892 0.7048 -0.1669 -0.6191 -0.3035 0.8527 0.0476 -0.5175 0.053 0.9333 0.0195 0.3429 -0.1041 0.6715 0.1948 -0.7144 0.0279 0.6868 -0.2839 -0.619 -0.2542 0.9145 -0.0062 0.3823 -0.1328
0.8036 -0.3514 -0.3369 -0.3425 0.2224 -0.6234 -0.6954 0.2797 0.663 -0.2739 -0.6578 -0.2298 0.738 0.0342 -0.668 -0.0892 0.7048 -0.1669 -0.6191 -0.3035 0.8527 0.0476 -0.5175 0.053 0.9333 0.0195 0.3429 -0.1041 0.6482 0.2299 -0.7216 0.0789 0.6868 -0.2839 -0.619 -0.2542 0.9145 -0.0062 0.3823 -0.1328
0.8036 -0.3514 -0.3369 -0.3425 0.2224 -0.6234 -0.6954 0.2797 0.663 -0.2739 -0.6578 -0.2298 0.738 0.0342 -0.668 -0.0892 0.7048 -0.1669 -0.6191 -0.3035 0.8527 0.0476 -0.5175 0.053 0.9333 0.0195 0.3429 -0.1041 0.6482 0.2299 -0.7216 0.0789 0.6868 -0.2839 -0.619 -0.2542 0.9145 -0.0062 0.3823 -0.1328
0.8036 -0.3514 -0.3369 -0.3425 0.2224 -0.6234 -0.6954 0.2797 0.663 -0.2739 -0.6578 -0.2298 0.7267 0.0354 -0.6774 -0.1087 0.7048 -0.1669 -0.6191 -0.3035 0.8443 0.0213 -0.5233 0.1136 0.9591 -0.0635 0.2416 -0.1328 0.6482 0.2299 -0.7216 0.0789 0.6868 -0.2839 -0.619 -0.2542 0.9145 -0.0062 0.3823 -0.1328
0.8036 -0.3514 -0.3369 -0.3425 0.2224 -0.6234 -0.6954 0.2797 0.663 -0.2739 -0.6578 -0.2298 0.7267 0.0354 -0.6774 -0.1087 0.7048 -0.1669 -0.6191 -0.3035 0.8443 0.0213 -0.5233 0.1136 0.9591 -0.0635 0.2416 -0.1328 0.6482 0.2299 -0.7216 0.0789 0.6868 -0.2839 -0.619 -0.2542 0.9145 -0.0062 0.3823 -0.1328
0.8036 -0.3514 -0.3369 -0.3425 0.2224 -0.6234 -0.6954 0.2797 0.663 -0.2739 -0.6578 -0.2298 0.7267 0.0354 -0.6774 -0.1087 0.7817 -0.1796 -0.5598 -0.2083 0.8443 0.0213 -0.5233 0.1136 0.9591 -0.0635 0.2416 -0.1328 0.6482 0.2299 -0.7216 0.0789 0.6868 -0.2839 -0.619 -0.2542 0.9145 -0.0062 0.3823 -0.1328
0.8036 -0.3514 -0.3369 -0.3425 0.2324 -0.6218 -0.6959 0.2743 0.663 -0.2739 -0.6578 -0.2298 0.7267 0.0354 -0.6774 -0.1087 0.7817 -0.1796 -0.5598 -0.2083 0.8443 0.0213 -0.5233 0.1136 0.9591 -0.0635 0.2416 -0.1328 0.6482 0.2299 -0.7216 0.0789 0.6868 -0.2839 -0.619 -0.2542 0.9145 -0.0062 0.3823 -0.1328
0.8036 -0.3514 -0.3369 -0.3425 0.2324 -0.6218 -0.6959 0.2743 0.663 -0.2739 -0.6578 -0.2298 0.7267 0.0354 -0.6774 -0.1087 0.7817 -0.1796 -0.5598 -0.2083 0.8443 0.0213 -0.5233 0.1136 0.9591 -0.0635 0.2416 -0.1328 0.6482 0.2299 -0.7216 0.0789 0.6868 -0.2839 -0.619 -0.2542 0.9145 -0.0062 0.3823 -0.1328
0.8036 -0.3514 -0.3369 -0.3425 0.2324 -0.6218 -0.6959 0.2743 0.663 -0.2739 -0.6578 -0.2298 0.7267 0.0354 -0.6774 -0.1087 0.7817 -0.1796 -0.5598 -0.2083 0.8443 0.0213 -0.5233 0.1136 0.9591 -0.0635 0.2416 -0.1328 0.6357 0.2393 -0.7272 0.0984 0.6868 -0.2839 -0.619 -0.2542 0.9145 -0.0062 0.3823 -0.1328
0.8036 -0.3514 -0.3369 -0.3425 0.2324 -0.6218 -0.6959 0.2743 0.6595 -0.2742 -0.6576 -0.2395 0.7204 0.0367 -0.6839 -0.1096 0.7817 -0.1796 -0.5598 -0.2083 0.8443 0.0213 -0.5233 0.1136 0.974 -0.0271 0.2042 -0.0941 0.6357 0.2393 -0.7272 0.0984 0.6868 -0.2839 -0.619 -0.2542 0.9145 -0.0062 0.3823 -0.1328
0.8036 -0.3514 -0.3369 -0.3425 0.2324 -0.6218 -0.6959 0.2743 0.6595 -0.2742 -0.6576 -0.2395 0.7204 0.0367 -0.6839 -0.1096 0.7817 -0.1796 -0.5598 -0.2083 0.8043 0.0131 -0.5734 0.155 0.974 -0.0271 0.2042 -0.0941 0.6357 0.2393 -0.7272 0.0984 0.6868 -0.2839 -0.619 -0.2542 0.9145 -0.0062 0.3823 -0.1328
0.8036 -0.3514 -0.3369 -0.3425 0.2324 -0.6218 -0.6959 0.2743 0.6595 -0.2742 -0.6576 -0.2395 0.7204 0.0367 -0.6839 -0.1096 0.7714 -0.2094 -0.5834 -0.144 0.8043 0.0131 -0.5734 0.155 0.974 -0.0271 0.2042 -0.0941 0.6357 0.2393 -0.7272 0.0984 0.6868 -0.2839 -0.619 -0.2542 0.9145 -0.0062 0.3823 -0.1328
0.8036 -0.3514 -0.3369 -0.3425 0.2324 -0.6218 -0.6959 0.2743 0.6595 -0.2742 -0.6576 -0.2395 0.7204 0.0367 -0.6839 -0.1096 0.7714 -0.2094 -0.5834 -0.144 0.8043 0.0131 -0.5734 0.155 0.974 -0.0271 0.2042 -0.0941 0.6357 0.2393 -0.7272 0.0984 0.7048 -0.2812 -0.6176 -0.207 0.9145 -0.0062 0.3823 -0.1328
0.8141 -0.3413 -0.3329 -0.3314 0.2324 -0.6114 -0.7031 0.2789 0.6595 -0.2742 -0.6576 -0.2395 0.7204 0.0367 -0.6839 -0.1096 0.7714 -0.2094 -0.5834 -0.144 0.8043 0.0131 -0.5734 0.155 0.974 -0.0271 0.2042 -0.0941 0.6357 0.2393 -0.7272 0.0984 0.7048 -0.2812 -0.6176 -0.207 0.9145 -0.0062 0.3823 -0.1328
0.8141 -0.3413 -0.3329 -0.3314 0.2324 -0.6114 -0.7031 0.2789 0.6595 -0.2742 -0.6576 -0.2395 0.7204 0.0367 -0.6839 -0.1096 0.7714 -0.2094 -0.5834 -0.144 0.8043 0.0131 -0.5734 0.155 0.974 -0.0271 0.2042 -0.0941 0.6267 0.2405 -0.7308 0.1234 0.7048 -0.2812 -0.6176 -0.207 0.9145 -0.0062 0.3823 -0.1328
0.8141 -0.3413 -0.3329 -0.3314 0.2324 -0.6114 -0.7031 0.2789 0.66 -0.27 -0.6577 -0.2429 0.7204 0.0367 -0.6839 -0.1096 0.7714 -0.2094 -0.5834 -0.144 0.8043 0.0131 -0.5734 0.155 0.974 -0.0271 0.2042 -0.0941 0.6267 0.2405 -0.7308 0.1234 0.7048 -0.2812 -0.6176 -0.207 0.9145 -0.0062 0.3823 -0.1328
0.8141 -0.3413 -0.3329 -0.3314 0.2324 -0.6114 -0.7031 0.2789 0.66 -0.27 -0.6577 -0.2429 0.7204 0.0367 -0.6839 -0.1096 0.7714 -0.2094 -0.5834 -0.144 0.8043 0.0131 -0.5734 0.155 0.974 -0.0271 0.2042 -0.0941 0.6267 0.2405 -0.7308 0.1234 0.7048 -0.2812 -0.6176 -0.207 0.9145 -0.0062 0.3823 -0.1328
0.8141 -0.3413 -0.3329 -0.3314 0.2324 -0.6114 -0.7031 0.2789 0.66 -0.27 -0.6577 -0.2429 0.7204 0.0367 -0.6839 -0.1096 0.7714 -0.2094 -0.5834 -0.144 0.7415 0.0224 -0.6485 0.1709 0.974 -0.0271 0.2042 -0.0941 0.6267 0.2405 -0.7308 0.1234 0.7048 -0.2812 -0.6176 -0.207 0.9145 -0.0062 0.3823 -0.1328
0.8141 -0.3413 -0.3329 -0.3314 0.2324 -0.6114 -0.7031 0.2789 0.66 -0.27 -0.6577 -0.2429 0.7204 0.0367 -0.6839 -0.1096 0.7714 -0.2094 -0.5834 -0.144 0.7415 0.0224 -0.6485 0.1709 0.974 -0.0271 0.2042 -0.0941 0.6267 0.2405 -0.7308 0.1234 0.7048 -0.2812 -0.6176 -0.207 0.9145 -0.0062 0.3823 -0.1328
0.8141 -0.3413 -0.3329 -0.3314 0.2324 -0.6114 -0.7031 0.2789 0.66 -0.27 -0.6577 -0.2429 0.7204 0.0367 -0.6839 -0.1096 0.7324 -0.2333 -0.6337 -0.0867 0.7415 0.0224 -0.6485 0.1709 0.974 -0.0271 0.2042 -0.0941 0.6267 0.2405 -0.7308 0.1234 0.7048 -0.2812 -0.6176 -0.207 0.9145 -0.0062 0.3823 -0.1328
0.8162 -0.3419 -0.338 -0.3206 0.2324 -0.6114 -0.7031 0.2789 0.66 -0.27 -0.6577 -0.2429 0.7204 0.0367 -0.6839 -0.1096 0.7324 -0.2333 -0.6337 -0.0867 0.7415 0.0224 -0.6485 0.1709 0.974 -0.0271 0.2042 -0.0941 0.6267 0.2405 -0.7308 0.1234 0.7048 -0.2812 -0.6176 -0.207 0.9145 -0.0062 0.3823 -0.1328
0.8162 -0.3419 -0.338 -0.3206 0.2324 -0.6114 -0.7031 0.2789 0.66 -0.27 -0.6577 -0.2429 0.7204 0.0367 -0.6839 -0.1096 0.7324 -0.2333 -0.6337 -0.0867 0.7415 0.0224 -0.6485 0.1709 0.974 -0.0271 0.2042 -0.0941 0.6267 0.2405 -0.7308 0.1234 0.7048 -0.2812 -0.6176 -0.207 0.9145 -0.0062 0.3823 -0.1328
0.8162 -0.3419 -0.338 -0.3206 0.2324 -0.6114 -0.7031 0.2789 0.66 -0.27 -0.6577 -0.2429 0.7204 0.0367 -0.6839 -0.1096 0.7324 -0.2333 -0.6337 -0.0867 0.7415 0.0224 -0.6485 0.1709 0.974 -0.0271 0.2042 -0.0941 0.6168 0.2474 -0.7305 0.157 0.7048 -0.2812 -0.6176 -0.207 0.9145 -0.0062 0.3823 -0.1328
0.8162 -0.3419 -0.338 -0.3206 0.2324 -0.6114 -0.7031 0.2789 0.66 -0.27 -0.6577 -0.2429 0.7204 0.0367 -0.6839 -0.1096 0.7324 -0.2333 -0.6337 -0.0867 0.7415 0.0224 -0.6485 0.1709 0.974 -0.0271 0.2042 -0.0941 0.6168 0.2474 -0.7305 0.157 0.7048 -0.2812 -0.6176 -0.207 0.9145 -0.0062 0.3823 -0.1328
0.8162 -0.3419 -0.338 -0.3206 0.2324 -0.6114 -0.7031 0.2789 0.6638 -0.2607 -0.6588 -0.2396 0.7174 0.0547 -0.6862 -0.1071 0.7324 -0.2333 -0.6337 -0.0867 0.6909 0.0204 -0.7111 0.1292 0.9521 0.1862 0.241 -0.029 0.6168 0.2474 -0.7305 0.157 0.7048 -0.2812 -0.6176 -0.207 0.9145 -0.0062 0.3823 -0.1328
0.8162 -0.3419 -0.338 -0.3206 0.2324 -0.6114 -0.7031 0.2789 0.6638 -0.2607 -0.6588 -0.2396 0.7174 0.0547 -0.6862 -0.1071 0.6888 -0.2358 -0.6816 -0.0728 0.6909 0.0204 -0.7111 0.1292 0.9521 0.1862 0.241 -0.029 0.6168 0.2474 -0.7305 0.157 0.7048 -0.2812 -0.6176 -0.207 0.9145 -0.0062 0.3823 -0.1328
0.8162 -0.3419 -0.338 -0.3206 0.2324 -0.6114 -0.7031 0.2789 0.6638 -0.2607 -0.6588 -0.2396 0.7174 0.0547 -0.6862 -0.1071 0.6888 -0.2358 -0.6816 -0.0728 0.6909 0.0204 -0.7111 0.1292 0.9521 0.1862 0.241 -0.029 0.6168 0.2474 -0.7305 0.157 0.7048 -0.2812 -0.6176 -0.207 0.9145 -0.0062 0.3823 -0.1328
0.8162 -0.3419 -0.338 -0.3206 0.2324 -0.6114 -0.7031 0.2789 0.6638 -0.2607 -0.6588 -0.2396 0.7174 0.0547 -0.6862 -0.1071 0.6888 -0.2358 -0.6816 -0.0728 0.6909 0.0204 -0.7111 0.1292 0.9521 0.1862 0.241 -0.029 0.6168 0.2474 -0.7305 0.157 0.7048 -0.2812 -0.6176 -0.207 0.9147 -0.0062 0.3829 -0.1292
0.8162 -0.3419 -0.338 -0.3206 0.2324 -0.6114 -0.7031 0.2789 0.6638 -0.2607 -0.6588 -0.2396 0.7174 0.0547 -0.6862 -0.1071 0.6888 -0.2358 -0.6816 -0.0728 0.6909 0.0204 -0.7111 0.1292 0.9521 0.1862 0.241 -0.029 0.6168 0.2474 -0.7305 0.157 0.7048 -0.2812 -0.6176 -0.207 0.9147 -0.0062 0.3829 -0.1292
0.8162 -0.3419 -0.338 -0.3206 0.2324 -0.6114 -0.7031 0.2789 0.6823 -0.2428 -0.6533 -0.2208 0.7174 0.0547 -0.6862 -0.1071 0.6888 -0.2358 -0.6816 -0.0728 0.6909 0.0204 -0.7111 0.1292 0.9521 0.1862 0.241 -0.029 0.6168 0.2474 -0.7305 0.157 0.7048 -0.2812 -0.6176 -0.207 0.9147 -0.0062 0.3829 -0.1292
0.8162 -0.3419 -0.338 -0.3206 0.2324 -0.6114 -0.7031 0.2789 0.6823 -0.2428 -0.6533 -0.2208 0.7174 0.0547 -0.6862 -0.1071 0.6888 -0.2358 -0.6816 -0.0728 0.6909 0.0204 -0.7111 0.1292 0.9521 0.1862 0.241 -0.029 0.6168 0.2474 -0.7305 0.157 0.7048 -0.2812 -0.6176 -0.207 0.9147 -0.0062 0.3829 -0.1292
0.8162 -0.3419 -0.338 -0.3206 0.2324 -0.6114 -0.7031 0.2789 0.6823 -0.2428 -0.6533 -0.2208 0.7257 0.0798 -0.6757 -0.1017 0.6888 -0.2358 -0.6816 -0.0728 0.6777 0.0859 -0.7146 0.1505 0.9432 0.1172 0.3106 -0.0154 0.6168 0.2474 -0.7305 0.157 0.7048 -0.2812 -0.6176 -0.207 0.9147 -0.0062 0.3829 -0.1292
0.8162 -0.3419 -0.338 -0.3206 0.2324 -0.6114 -0.7031 0.2789 0.6823 -0.2428 -0.6533 -0.2208 0.7257 0.0798 -0.6757 -0.1017 0.6772 -0.2085 -0.7006 -0.0839 0.6777 0.0859 -0.7146 0.1505 0.9432 0.1172 0.3106 -0.0154 0.6168 0.2474 -0.7305 0.157 0.7048 -0.2812 -0.6176 -0.207 0.9147 -0.0062 0.3829 -0.1292
0.8162 -0.3419 -0.338 -0.3206 0.2324 -0.6114 -0.7031 0.2789 0.6823 -0.2428 -0.6533 -0.2208 0.7257 0.0798 -0.6757 -0.1017 0.6772 -0.2085 -0.7006 -0.0839 0.6777 0.0859 -0.7146 0.1505 0.9432 0.1172 0.3106 -0.0154 0.6168 0.2474 -0.7305 0.157 0.7048 -0.2812 -0.6176 -0.207 0.9147 -0.0062 0.3829 -0.1292
0.8162 -0.3419 -0.338 -0.3206 0.2324 -0.6114 -0.7031 0.2789 0.6823 -0.2428 -0.6533 -0.2208 0.7257 0.0798 -0.6757 -0.1017 0.6772 -0.2085 -0.7006 -0.0839 0.6777 0.0859 -0.7146 0.1505 0.9432 0.1172 0.3106 -0.0154 0.6168 0.2474 -0.7305 0.157 0.7048 -0.2812 -0.6176 -0.207 0.9147 -0.0062 0.3829 -0.1292
0.8162 -0.3419 -0.338 -0.3206 0.2324 -0.6114 -0.7031 0.2789 0.6823 -0.2428 -0.6533 -0.2208 0.7257 0.0798 -0.6757 -0.1017 0.6772 -0.2085 -0.7006 -0.0839 0.6777 0.0859 -0.7146 0.1505 0.9432 0.1172 0.3106 -0.0154 0.6251 0.2788 -0.7009 0.2007 0.7048 -0.2812 -0.6176 -0.207 0.9147 -0.0062 0.3829 -0.1292
0.8162 -0.3419 -0.338 -0.3206 0.2324 -0.6114 -0.7031 0.2789 0.6823 -0.2428 -0.6533 -0.2208 0.7257 0.0798 -0.6757 -0.1017 0.6772 -0.2085 -0.7006 -0.0839 0.6777 0.0859 -0.7146 0.1505 0.9432 0.1172 0.3106 -0.0154 0.6251 0.2788 -0.7009 0.2007 0.7048 -0.2812 -0.6176 -0.207 0.9147 -0.0062 0.3829 -0.1292
0.8162 -0.3419 -0.338 -0.3206 0.2324 -0.6114 -0.7031 0.2789 0.7055 -0.2123 -0.6524 -0.1778 0.7257 0.0798 -0.6757 -0.1017 0.6772 -0.2085 -0.7006 -0.0839 0.6777 0.0859 -0.7146 0.1505 0.9432 0.1172 0.3106 -0.0154 0.6251 0.2788 -0.7009 0.2007 0.7048 -0.2812 -0.6176 -0.207 0.9147 -0.0062 0.3829 -0.1292
0.8162 -0.3419 -0.338 -0.3206 0.2324 -0.6114 -0.7031 0.2789 0.7055 -0.2123 -0.6524 -0.1778 0.7409 0.1044 -0.6593 -0.074 0.6772 -0.2085 -0.7006 -0.0839 0.682 0.1388 -0.7003 0.1588 0.9434 0.0884 0.3186 -0.0263 0.6251 0.2788 -0.7009 0.2007 0.7048 -0.2812 -0.6176 -0.207 0.9147 -0.0062 0.3829 -0.1292
0.8162 -0.3419 -0.338 -0.3206 0.2324 -0.6114 -0.7031 0.2789 0.7055 -0.2123 -0.6524 -0.1778 0.7409 0.1044 -0.6593 -0.074 0.6772 -0.2085 -0.7006 -0.0839 0.682 0.1388 -0.7003 0.1588 0.9434 0.0884 0.3186 -0.0263 0.6251 0.2788 -0.7009 0.2007 0.7048 -0.2812 -0.6176 -0.207 0.9147 -0.0062 0.3829 -0.1292
0.8162 -0.3419 -0.338 -0.3206 0.2324 -0.6114 -0.7031 0.2789 0.7055 -0.2123 -0.6524 -0.1778 0.7409 0.1044 -0.6593 -0.074 0.6673 -0.1693 -0.72 -0.0873 0.682 0.1388 -0.7003 0.1588 0.9434 0.0884 0.3186 -0.0263 0.6251 0.2788 -0.7009 0.2007 0.7048 -0.2812 -0.6176 -0.207 0.9147 -0.0062 0.3829 -0.1292
0.8162 -0.3419 -0.338 -0.3206 0.1259 -0.5685 -0.7584 0.2929 0.7055 -0.2123 -0.6524 -0.1778 0.7409 0.1044 -0.6593 -0.074 0.6673 -0.1693 -0.72 -0.0873 0.682 0.1388 -0.7003 0.1588 0.9434 0.0884 0.3186 -0.0263 0.6251 0.2788 -0.7009 0.2007 0.7048 -0.2812 -0.6176 -0.207 0.9147 -0.0062 0.3829 -0.1292
0.8162 -0.3419 -0.338 -0.3206 0.1259 -0.5685 -0.7584 0.2929 0.7055 -0.2123 -0.6524 -0.1778 0.7409 0.1044 -0.6593 -0.074 0.6673 -0.1693 -0.72 -0.0873 0.682 0.1388 -0.7003 0.1588 0.9434 0.0884 0.3186 -0.0263 0.6251 0.2788 -0.7009 0.2007 0.7048 -0.2812 -0.6176 -0.207 0.9147 -0.0062 0.3829 -0.1292
0.7992 -0.3286 -0.4404 -0.2436 0.1259 -0.5685 -0.7584 0.2929 0.7276 -0.2064 -0.6369 -0.1498 0.7409 0.1044 -0.6593 -0.074 0.6673 -0.1693 -0.72 -0.0873 0.682 0.1388 -0.7003 0.1588 0.9434 0.0884 0.3186 -0.0263 0.7045 0.2846 -0.635 0.1393 0.7048 -0.2812 -0.6176 -0.207 0.9147 -0.0062 0.3829 -0.1292
0.7992 -0.3286 -0.4404 -0.2436 0.1259 -0.5685 -0.7584 0.2929 0.7276 -0.2064 -0.6369 -0.1498 0.7409 0.1044 -0.6593 -0.074 0.6673 -0.1693 -0.72 -0.0873 0.682 0.1388 -0.7003 0.1588 0.9434 0.0884 0.3186 -0.0263 0.7045 0.2846 -0.635 0.1393 0.7048 -0.2812 -0.6176 -0.207 0.9147 -0.0062 0.3829 -0.1292
0.7992 -0.3286 -0.4404 -0.2436 0.1259 -0.5685 -0.7584 0.2929 0.7276 -0.2064 -0.6369 -0.1498 0.7627 0.1136 -0.6345 -0.0534 0.6673 -0.1693 -0.72 -0.0873 0.6845 0.1623 -0.6935 0.1553 0.9435 0.0881 0.318 -0.0291 0.7045 0.2846 -0.635 0.1393 0.7048 -0.2812 -0.6176 -0.207 0.9147 -0.0062 0.3829 -0.1292
0.7992 -0.3286 -0.4404 -0.2436 0.1259 -0.5685 -0.7584 0.2929 0.7276 -0.2064 -0.6369 -0.1498 0.7627 0.1136 -0.6345 -0.0534 0.6673 -0.1693 -0.72 -0.0873 0.6845 0.1623 -0.6935 0.1553 0.9435 0.0881 0.318 -0.0291 0.7045 0.2846 -0.635 0.1393 0.7048 -0.2812 -0.6176 -0.207 0.9147 -0.0062 0.3829 -0.1292
0.7992 -0.3286 -0.4404 -0.2436 0.1259 -0.5685 -0.7584 0.2929 0.7276 -0.2064 -0.6369 -0.1498 0.7627 0.1136 -0.6345 -0.0534 0.6673 -0.1693 -0.72 -0.0873 0.6845 0.1623 -0.6935 0.1553 0.9435 0.0881 0.318 -0.0291 0.7045 0.2846 -0.635 0.1393 0.7048 -0.2812 -0.6176 -0.207 0.9147 -0.0062 0.3829 -0.1292
0.7992 -0.3286 -0.4404 -0.2436 0.1259 -0.5685 -0.7584 0.2929 0.7276 -0.2064 -0.6369 -0.1498 0.7627 0.1136 -0.6345 -0.0534 0.6673 -0.1693 -0.72 -0.0873 0.6845 0.1623 -0.6935 0.1553 0.9435 0.0881 0.318 -0.0291 0.7045 0.2846 -0.635 0.1393 0.7048 -0.2812 -0.6176 -0.207 0.9147 -0.0062 0.3829 -0.1292
0.7999 -0.3162 -0.4606 -0.2191 0.1136 -0.5499 -0.7725 0.2967 0.7276 -0.2064 -0.6369 -0.1498 0.7627 0.1136 -0.6345 -0.0534 0.656 -0.152 -0.7314 -0.1074 0.6845 0.1623 -0.6935 0.1553 0.9435 0.0881 0.318 -0.0291 0.7045 0.2846 -0.635 0.1393 0.726 -0.4222 -0.5424 -0.0247 0.8499 -0.0189 0.5188 -0.0908
0.7999 -0.3162 -0.4606 -0.2191 0.1136 -0.5499 -0.7725 0.2967 0.7427 -0.1918 -0.6313 -0.1143 0.7627 0.1136 -0.6345 -0.0534 0.656 -0.152 -0.7314 -0.1074 0.6845 0.1623 -0.6935 0.1553 0.9435 0.0881 0.318 -0.0291 0.7485 0.2891 -0.5872 0.1067 0.726 -0.4222 -0.5424 -0.0247 0.8499 -0.0189 0.5188 -0.0908
0.7999 -0.3162 -0.4606 -0.2191 0.1136 -0.5499 -0.7725 0.2967 0.7427 -0.1918 -0.6313 -0.1143 0.7627 0.1136 -0.6345 -0.0534 0.656 -0.152 -0.7314 -0.1074 0.6845 0.1623 -0.6935 0.1553 0.9435 0.0881 0.318 -0.0291 0.7485 0.2891 -0.5872 0.1067 0.726 -0.4222 -0.5424 -0.0247 0.8499 -0.0189 0.5188 -0.0908
0.7999 -0.3162 -0.4606 -0.2191 0.1136 -0.5499 -0.7725 0.2967 0.7427 -0.1918 -0.6313 -0.1143 0.7627 0.1136 -0.6345 -0.0534 0.656 -0.152 -0.7314 -0.1074 0.6845 0.1623 -0.6935 0.1553 0.9435 0.0881 0.318 -0.0291 0.7485 0.2891 -0.5872 0.1067 0.726 -0.4222 -0.5424 -0.0247 0.8499 -0.0189 0.5188 -0.0908
0.7999 -0.3162 -0.4606 -0.2191 0.1136 -0.5499 -0.7725 0.2967 0.7427 -0.1918 -0.6313 -0.1143 0.7627 0.1136 -0.6345 -0.0534 0.656 -0.152 -0.7314 -0.1074 0.6936 0.1682 -0.6873 0.1351 0.9435 0.0895 0.3176 -0.0296 0.7485 0.2891 -0.5872 0.1067 0.726 -0.4222 -0.5424 -0.0247 0.8499 -0.0189 0.5188 -0.0908
0.7999 -0.3162 -0.4606 -0.2191 0.1136 -0.5499 -0.7725 0.2967 0.7427 -0.1918 -0.6313 -0.1143 0.7627 0.1136 -0.6345 -0.0534 0.6478 -0.1527 -0.7351 -0.129 0.6936 0.1682 -0.6873 0.1351 0.9435 0.0895 0.3176 -0.0296 0.7485 0.2891 -0.5872 0.1067 0.726 -0.4222 -0.5424 -0.0247 0.8499 -0.0189 0.5188 -0.0908
0.7999 -0.3162 -0.4606 -0.2191 0.1136 -0.5499 -0.7725 0.2967 0.7427 -0.1918 -0.6313 -0.1143 0.7627 0.1136 -0.6345 -0.0534 0.6478 -0.1527 -0.7351 -0.129 0.6936 0.1682 -0.6873 0.1351 0.9435 0.0895 0.3176 -0.0296 0.7485 0.2891 -0.5872 0.1067 0.726 -0.4222 -0.5424 -0.0247 0.8499 -0.0189 0.5188 -0.0908
0.7999 -0.3162 -0.4606 -0.2191 0.1136 -0.5499 -0.7725 0.2967 0.7427 -0.1918 -0.6313 -0.1143 0.7627 0.1136 -0.6345 -0.0534 0.6478 -0.1527 -0.7351 -0.129 0.6936 0.1682 -0.6873 0.1351 0.9435 0.0895 0.3176 -0.0296 0.7721 0.2473 -0.5842 0.0375 0.726 -0.4222 -0.5424 -0.0247 0.8499 -0.0189 0.5188 -0.0908
0.7999 -0.3162 -0.4606 -0.2191 0.1136 -0.5499 -0.7725 0.2967 0.7486 -0.1936 -0.627 -0.095 0.7627 0.1136 -0.6345 -0.0534 0.6478 -0.1527 -0.7351 -0.129 0.6936 0.1682 -0.6873 0.1351 0.9435 0.0895 0.3176 -0.0296 0.7721 0.2473 -0.5842 0.0375 0.726 -0.4222 -0.5424 -0.0247 0.8499 -0.0189 0.5188 -0.0908
0.7999 -0.3162 -0.4606 -0.2191 0.1136 -0.5499 -0.7725 0.2967 0.7486 -0.1936 -0.627 -0.095 0.7627 0.1136 -0.6345 -0.0534 0.6478 -0.1527 -0.7351 -0.129 0.6936 0.1682 -0.6873 0.1351 0.9435 0.0895 0.3176 -0.0296 0.7721 0.2473 -0.5842 0.0375 0.726 -0.4222 -0.5424 -0.0247 0.8499 -0.0189 0.5188 -0.0908
0.7999 -0.3162 -0.4606 -0.2191 0.1136 -0.5499 -0.7725 0.2967 0.7486 -0.1936 -0.627 -0.095 0.7922 0.1245 -0.5973 -0.0084 0.6478 -0.1527 -0.7351 -0.129 0.6936 0.1682 -0.6873 0.1351 0.9438 0.0912 0.3162 -0.0309 0.7721 0.2473 -0.5842 0.0375 0.726 -0.4222 -0.5424 -0.0247 0.8499 -0.0189 0.5188 -0.0908
0.7999 -0.3162 -0.4606 -0.2191 0.1136 -0.5499 -0.7725 0.2967 0.7486 -0.1936 -0.627 -0.095 0.7922 0.1245 -0.5973 -0.0084 0.6478 -0.1527 -0.7351 -0.129 0.6936 0.1682 -0.6873 0.1351 0.9438 0.0912 0.3162 -0.0309 0.7721 0.2473 -0.5842 0.0375 0.726 -0.4222 -0.5424 -0.0247 0.8499 -0.0189 0.5188 -0.0908
0.7999 -0.3162 -0.4606 -0.2191 0.1136 -0.5499 -0.7725 0.2967 0.7486 -0.1936 -0.627 -0.095 0.7922 0.1245 -0.5973 -0.0084 0.6365 -0.1603 -0.7357 -0.1674 0.6936 0.1682 -0.6873 0.1351 0.9438 0.0912 0.3162 -0.0309 0.7721 0.2473 -0.5842 0.0375 0.726 -0.4222 -0.5424 -0.0247 0.8499 -0.0189 0.5188 -0.0908
0.7999 -0.3162 -0.4606 -0.2191 0.0965 -0.5508 -0.7799 0.2811 0.7486 -0.1936 -0.627 -0.095 0.7922 0.1245 -0.5973 -0.0084 0.6365 -0.1603 -0.7357 -0.1674 0.6936 0.1682 -0.6873 0.1351 0.9438 0.0912 0.3162 -0.0309 0.7721 0.2473 -0.5842 0.0375 0.7104 -0.2096 -0.5872 -0.3264 0.8499 -0.0189 0.5188 -0.0908
0.7916 -0.3053 -0.4796 -0.2241 0.0965 -0.5508 -0.7799 0.2811 0.7486 -0.1936 -0.627 -0.095 0.7922 0.1245 -0.5973 -0.0084 0.6365 -0.1603 -0.7357 -0.1674 0.6936 0.1682 -0.6873 0.1351 0.9438 0.0912 0.3162 -0.0309 0.7721 0.2473 -0.5842 0.0375 0.7104 -0.2096 -0.5872 -0.3264 0.8499 -0.0189 0.5188 -0.0908
0.7916 -0.3053 -0.4796 -0.2241 0.0965 -0.5508 -0.7799 0.2811 0.7482 -0.1988 -0.6258 -0.0956 0.7922 0.1245 -0.5973 -0.0084 0.6365 -0.1603 -0.7357 -0.1674 0.6936 0.1682 -0.6873 0.1351 0.9438 0.0912 0.3162 -0.0309 0.7786 0.1993 -0.595 2.0E-4 0.7104 -0.2096 -0.5872 -0.3264 0.8499 -0.0189 0.5188 -0.0908
0.7916 -0.3053 -0.4796 -0.2241 0.0965 -0.5508 -0.7799 0.2811 0.7482 -0.1988 -0.6258 -0.0956 0.7955 0.1076 -0.5963 -0.0083 0.6365 -0.1603 -0.7357 -0.1674 0.6936 0.1682 -0.6873 0.1351 0.9438 0.0912 0.3162 -0.0309 0.7786 0.1993 -0.595 2.0E-4 0.7104 -0.2096 -0.5872 -0.3264 0.8499 -0.0189 0.5188 -0.0908
0.7916 -0.3053 -0.4796 -0.2241 0.0965 -0.5508 -0.7799 0.2811 0.7482 -0.1988 -0.6258 -0.0956 0.7955 0.1076 -0.5963 -0.0083 0.6365 -0.1603 -0.7357 -0.1674 0.7164 0.1752 -0.6691 0.0917 0.9438 0.0912 0.3162 -0.0309 0.7786 0.1993 -0.595 2.0E-4 0.7104 -0.2096 -0.5872 -0.3264 0.8499 -0.0189 0.5188 -0.0908
0.7916 -0.3053 -0.4796 -0.2241 0.0965 -0.5508 -0.7799 0.2811 0.7482 -0.1988 -0.6258 -0.0956 0.7955 0.1076 -0.5963 -0.0083 0.6365 -0.1603 -0.7357 -0.1674 0.7164 0.1752 -0.6691 0.0917 0.9438 0.0912 0.3162 -0.0309 0.7786 0.1993 -0.595 2.0E-4 0.7104 -0.2096 -0.5872 -0.3264 0.8499 -0.0189 0.5188 -0.0908
0.7916 -0.3053 -0.4796 -0.2241 0.0965 -0.5508 -0.7799 0.2811 0.7482 -0.1988 -0.6258 -0.0956 0.7955 0.1076 -0.5963 -0.0083 0.623 -0.1639 -0.7339 -0.2151 0.7164 0.1752 -0.6691 0.0917 0.9438 0.0912 0.3162 -0.0309 0.7786 0.1993 -0.595 2.0E-4 0.7104 -0.2096 -0.5872 -0.3264 0.8499 -0.0189 0.5188 -0.0908
0.7916 -0.3053 -0.4796 -0.2241 0.1136 -0.5677 -0.7666 0.2777 0.7482 -0.1988 -0.6258 -0.0956 0.7955 0.1076 -0.5963 -0.0083 0.623 -0.1639 -0.7339 -0.2151 0.7164 0.1752 -0.6691 0.0917 0.9438 0.0912 0.3162 -0.0309 0.7786 0.1993 -0.595 2.0E-4 0.7011 -0.1412 -0.6227 -0.3174 0.8499 -0.0189 0.5188 -0.0908
0.7939 -0.3156 -0.4569 -0.2478 0.1136 -0.5677 -0.7666 0.2777 0.7482 -0.1988 -0.6258 -0.0956 0.7955 0.1076 -0.5963 -0.0083 0.623 -0.1639 -0.7339 -0.2151 0.7164 0.1752 -0.6691 0.0917 0.9438 0.0912 0.3162 -0.0309 0.7786 0.1993 -0.595 2.0E-4 0.7011 -0.1412 -0.6227 -0.3174 0.8499 -0.0189 0.5188 -0.0908
0.7939 -0.3156 -0.4569 -0.2478 0.1136 -0.5677 -0.7666 0.2777 0.7482 -0.1988 -0.6258 -0.0956 0.7955 0.1076 -0.5963 -0.0083 0.623 -0.1639 -0.7339 -0.2151 0.7164 0.1752 -0.6691 0.0917 0.9438 0.0912 0.3162 -0.0309 0.7786 0.1993 -0.595 2.0E-4 0.7011 -0.1412 -0.6227 -0.3174 0.8499 -0.0189 0.5188 -0.0908
0.7939 -0.3156 -0.4569 -0.2478 0.1136 -0.5677 -0.7666 0.2777 0.7482 -0.1988 -0.6258 -0.0956 0.7955 0.1076 -0.5963 -0.0083 0.623 -0.1639 -0.7339 -0.2151 0.7164 0.1752 -0.6691 0.0917 0.9438 0.0912 0.3162 -0.0309 0.7786 0.1993 -0.595 2.0E-4 0.7011 -0.1412 -0.6227 -0.3174 0.8499 -0.0189 0.5188 -0.0908
0.7939 -0.3156 -0.4569 -0.2478 0.1136 -0.5677 -0.7666 0.2777 0.7482 -0.1988 -0.6258 -0.0956 0.7887 0.088 -0.6075 -0.0342 0.623 -0.1639 -0.7339 -0.2151 0.7287 0.1929 -0.6535 0.0688 0.9432 0.0959 0.3162 -0.033 0.7786 0.1993 -0.595 2.0E-4 0.7011 -0.1412 -0.6227 -0.3174 0.8499 -0.0189 0.5188 -0.0908
0.7939 -0.3156 -0.4569 -0.2478 0.1136 -0.5677 -0.7666 0.2777 0.7482 -0.1988 -0.6258 -0.0956 0.7887 0.088 -0.6075 -0.0342 0.623 -0.1639 -0.7339 -0.2151 0.7287 0.1929 -0.6535 0.0688 0.9432 0.0959 0.3162 -0.033 0.7786 0.1993 -0.595 2.0E-4 0.7011 -0.1412 -0.6227 -0.3174 0.8499 -0.0189 0.5188 -0.0908
0.7939 -0.3156 -0.4569 -0.2478 0.1136 -0.5677 -0.7666 0.2777 0.7482 -0.1988 -0.6258 -0.0956 0.7887 0.088 -0.6075 -0.0342 0.6111 -0.1528 -0.7352 -0.2504 0.7287 0.1929 -0.6535 0.0688 0.9432 0.0959 0.3162 -0.033 0.7786 0.1993 -0.595 2.0E-4 0.7011 -0.1412 -0.6227 -0.3174 0.8499 -0.0189 0.5188 -0.0908
0.7939 -0.3156 -0.4569 -0.2478 0.1136 -0.5677 -0.7666 0.2777 0.7482 -0.1988 -0.6258 -0.0956 0.7887 0.088 -0.6075 -0.0342 0.6111 -0.1528 -0.7352 -0.2504 0.7287 0.1929 -0.6535 0.0688 0.9432 0.0959 0.3162 -0.033 0.7786 0.1993 -0.595 2.0E-4 0.7011 -0.1412 -0.6227 -0.3174 0.8499 -0.0189 0.5188 -0.0908
0.8074 -0.3298 -0.4052 -0.274 0.1136 -0.5677 -0.7666 0.2777 0.7482 -0.1988 -0.6258 -0.0956 0.7887 0.088 -0.6075 -0.0342 0.6111 -0.1528 -0.7352 -0.2504 0.7287 0.1929 -0.6535 0.0688 0.9432 0.0959 0.3162 -0.033 0.7786 0.1993 -0.595 2.0E-4 0.7011 -0.1412 -0.6227 -0.3174 0.9139 0.0049 0.3753 -0.1547
0.8074 -0.3298 -0.4052 -0.274 0.1136 -0.5677 -0.7666 0.2777 0.7108 -0.2415 -0.6394 -0.166 0.7887 0.088 -0.6075 -0.0342 0.6111 -0.1528 -0.7352 -0.2504 0.7287 0.1929 -0.6535 0.0688 0.9432 0.0959 0.3162 -0.033 0.7786 0.1993 -0.595 2.0E-4 0.7011 -0.1412 -0.6227 -0.3174 0.9139 0.0049 0.3753 -0.1547
0.8074 -0.3298 -0.4052 -0.274 0.1136 -0.5677 -0.7666 0.2777 0.7108 -0.2415 -0.6394 -0.166 0.7887 0.088 -0.6075 -0.0342 0.6111 -0.1528 -0.7352 -0.2504 0.7287 0.1929 -0.6535 0.0688 0.9432 0.0959 0.3162 -0.033 0.7786 0.1993 -0.595 2.0E-4 0.7011 -0.1412 -0.6227 -0.3174 0.9139 0.0049 0.3753 -0.1547
0.8074 -0.3298 -0.4052 -0.274 0.1136 -0.5677 -0.7666 0.2777 0.7108 -0.2415 -0.6394 -0.166 0.7695 0.0681 -0.632 -0.0618 0.6111 -0.1528 -0.7352 -0.2504 0.7502 0.2022 -0.6292 0.0178 0.9296 0.0958 0.3551 -0.0233 0.7786 0.1993 -0.595 2.0E-4 0.7011 -0.1412 -0.6227 -0.3174 0.9139 0.0049 0.3753 -0.1547
0.8074 -0.3298 -0.4052 -0.274 0.1136 -0.5677 -0.7666 0.2777 0.7108 -0.2415 -0.6394 -0.166 0.7695 0.0681 -0.632 -0.0618 0.6111 -0.1528 -0.7352 -0.2504 0.7502 0.2022 -0.6292 0.0178 0.9296 0.0958 0.3551 -0.0233 0.7786 0.1993 -0.595 2.0E-4 0.7011 -0.1412 -0.6227 -0.3174 0.9139 0.0049 0.3753 -0.1547
0.8074 -0.3298 -0.4052 -0.274 0.1136 -0.5677 -0.7666 0.2777 0.7108 -0.2415 -0.6394 -0.166 0.7695 0.0681 -0.632 -0.0618 0.6111 -0.1528 -0.7352 -0.2504 0.7502 0.2022 -0.6292 0.0178 0.9296 0.0958 0.3551 -0.0233 0.7786 0.1993 -0.595 2.0E-4 0.7011 -0.1412 -0.6227 -0.3174 0.9139 0.0049 0.3753 -0.1547
0.8074 -0.3298 -0.4052 -0.274 0.1136 -0.5677 -0.7666 0.2777 0.7108 -0.2415 -0.6394 -0.166 0.7695 0.0681 -0.632 -0.0618 0.6111 -0.1528 -0.7352 -0.2504 0.7502 0.2022 -0.6292 0.0178 0.9296 0.0958 0.3551 -0.0233 0.7786 0.1993 -0.595 2.0E-4 0.7011 -0.1412 -0.6227 -0.3174 0.9139 0.0049 0.3753 -0.1547
0.8175 -0.3314 -0.3505 -0.3147 0.223 -0.5969 -0.7214 0.2711 0.7108 -0.2415 -0.6394 -0.166 0.7695 0.0681 -0.632 -0.0618 0.6133 -0.1633 -0.7164 -0.2897 0.7502 0.2022 -0.6292 0.0178 0.9296 0.0958 0.3551 -0.0233 0.7786 0.1993 -0.595 2.0E-4 0.6605 -0.2969 -0.5862 -0.3634 0.915 0.0189 0.3742 -0.1493
0.8175 -0.3314 -0.3505 -0.3147 0.223 -0.5969 -0.7214 0.2711 0.6896 -0.2614 -0.6486 -0.1879 0.7559 0.0397 -0.6484 -0.0814 0.6133 -0.1633 -0.7164 -0.2897 0.7502 0.2022 -0.6292 0.0178 0.9296 0.0958 0.3551 -0.0233 0.7228 0.1481 -0.6738 -0.0406 0.6605 -0.2969 -0.5862 -0.3634 0.915 0.0189 0.3742 -0.1493
0.8175 -0.3314 -0.3505 -0.3147 0.223 -0.5969 -0.7214 0.2711 0.6896 -0.2614 -0.6486 -0.1879 0.7559 0.0397 -0.6484 -0.0814 0.6133 -0.1633 -0.7164 -0.2897 0.7901 0.1435 -0.5952 -0.0289 0.9178 0.0818 0.3816 -0.0732 0.7228 0.1481 -0.6738 -0.0406 0.6605 -0.2969 -0.5862 -0.3634 0.915 0.0189 0.3742 -0.1493
0.8175 -0.3314 -0.3505 -0.3147 0.223 -0.5969 -0.7214 0.2711 0.6896 -0.2614 -0.6486 -0.1879 0.7559 0.0397 -0.6484 -0.0814 0.6133 -0.1633 -0.7164 -0.2897 0.7901 0.1435 -0.5952 -0.0289 0.9178 0.0818 0.3816 -0.0732 0.7228 0.1481 -0.6738 -0.0406 0.6605 -0.2969 -0.5862 -0.3634 0.915 0.0189 0.3742 -0.1493
0.8175 -0.3314 -0.3505 -0.3147 0.223 -0.5969 -0.7214 0.2711 0.6896 -0.2614 -0.6486 -0.1879 0.7559 0.0397 -0.6484 -0.0814 0.6439 -0.1837 -0.6649 -0.3311 0.7901 0.1435 -0.5952 -0.0289 0.9178 0.0818 0.3816 -0.0732 0.7228 0.1481 -0.6738 -0.0406 0.6605 -0.2969 -0.5862 -0.3634 0.915 0.0189 0.3742 -0.1493
0.8175 -0.3314 -0.3505 -0.3147 0.223 -0.5969 -0.7214 0.2711 0.6896 -0.2614 -0.6486 -0.1879 0.7559 0.0397 -0.6484 -0.0814 0.6439 -0.1837 -0.6649 -0.3311 0.7901 0.1435 -0.5952 -0.0289 0.9178 0.0818 0.3816 -0.0732 0.7228 0.1481 -0.6738 -0.0406 0.6605 -0.2969 -0.5862 -0.3634 0.915 0.0189 0.3742 -0.1493
0.8175 -0.3314 -0.3505 -0.3147 0.223 -0.5969 -0.7214 0.2711 0.6896 -0.2614 -0.6486 -0.1879 0.7559 0.0397 -0.6484 -0.0814 0.6439 -0.1837 -0.6649 -0.3311 0.7901 0.1435 -0.5952 -0.0289 0.9178 0.0818 0.3816 -0.0732 0.7228 0.1481 -0.6738 -0.0406 0.6605 -0.2969 -0.5862 -0.3634 0.9172 0.0253 0.3696 -0.1467
0.8175 -0.3314 -0.3505 -0.3147 0.223 -0.5969 -0.7214 0.2711 0.6896 -0.2614 -0.6486 -0.1879 0.7559 0.0397 -0.6484 -0.0814 0.6439 -0.1837 -0.6649 -0.3311 0.7901 0.1435 -0.5952 -0.0289 0.9178 0.0818 0.3816 -0.0732 0.6978 0.1407 -0.7015 -0.0325 0.6605 -0.2969 -0.5862 -0.3634 0.9172 0.0253 0.3696 -0.1467
0.8175 -0.3314 -0.3505 -0.3147 0.223 -0.5969 -0.7214 0.2711 0.6696 -0.2938 -0.6478 -0.2139 0.7559 0.0397 -0.6484 -0.0814 0.6439 -0.1837 -0.6649 -0.3311 0.7901 0.1435 -0.5952 -0.0289 0.9178 0.0818 0.3816 -0.0732 0.6978 0.1407 -0.7015 -0.0325 0.6605 -0.2969 -0.5862 -0.3634 0.9172 0.0253 0.3696 -0.1467
0.8175 -0.3314 -0.3505 -0.3147 0.223 -0.5969 -0.7214 0.2711 0.6696 -0.2938 -0.6478 -0.2139 0.7477 0.009 -0.6557 -0.1047 0.6439 -0.1837 -0.6649 -0.3311 0.7901 0.1435 -0.5952 -0.0289 0.9178 0.0818 0.3816 -0.0732 0.6978 0.1407 -0.7015 -0.0325 0.6605 -0.2969 -0.5862 -0.3634 0.9172 0.0253 0.3696 -0.1467
0.8175 -0.3314 -0.3505 -0.3147 0.223 -0.5969 -0.7214 0.2711 0.6696 -0.2938 -0.6478 -0.2139 0.7477 0.009 -0.6557 -0.1047 0.6439 -0.1837 -0.6649 -0.3311 0.8257 0.0553 -0.5612 -0.0138 0.9178 0.0818 0.3816 -0.0732 0.6978 0.1407 -0.7015 -0.0325 0.6605 -0.2969 -0.5862 -0.3634 0.9172 0.0253 0.3696 -0.1467
0.8175 -0.3314 -0.3505 -0.3147 0.223 -0.5969 -0.7214 0.2711 0.6696 -0.2938 -0.6478 -0.2139 0.7477 0.009 -0.6557 -0.1047 0.6439 -0.1837 -0.6649 -0.3311 0.8257 0.0553 -0.5612 -0.0138 0.9178 0.0818 0.3816 -0.0732 0.6978 0.1407 -0.7015 -0.0325 0.6605 -0.2969 -0.5862 -0.3634 0.9172 0.0253 0.3696 -0.1467
0.8175 -0.3314 -0.3505 -0.3147 0.223 -0.5969 -0.7214 0.2711 0.6696 -0.2938 -0.6478 -0.2139 0.7477 0.009 -0.6557 -0.1047 0.6439 -0.1837 -0.6649 -0.3311 0.8257 0.0553 -0.5612 -0.0138 0.9178 0.0818 0.3816 -0.0732 0.6978 0.1407 -0.7015 -0.0325 0.6605 -0.2969 -0.5862 -0.3634 0.9172 0.0253 0.3696 -0.1467
0.8175 -0.3314 -0.3505 -0.3147 0.223 -0.5969 -0.7214 0.2711 0.6696 -0.2938 -0.6478 -0.2139 0.7477 0.009 -0.6557 -0.1047 0.6439 -0.1837 -0.6649 -0.3311 0.8257 0.0553 -0.5612 -0.0138 0.9178 0.0818 0.3816 -0.0732 0.6978 0.1407 -0.7015 -0.0325 0.6605 -0.2969 -0.5862 -0.3634 0.9172 0.0253 0.3696 -0.1467
0.8175 -0.3314 -0.3505 -0.3147 0.223 -0.5969 -0.7214 0.2711 0.6696 -0.2938 -0.6478 -0.2139 0.7477 0.009 -0.6557 -0.1047 0.6439 -0.1837 -0.6649 -0.3311 0.8257 0.0553 -0.5612 -0.0138 0.9178 0.0818 0.3816 -0.0732 0.6838 0.1549 -0.7125 -0.0256 0.6605 -0.2969 -0.5862 -0.3634 0.9172 0.0253 0.3696 -0.1467
0.8175 -0.3314 -0.3505 -0.3147 0.223 -0.5969 -0.7214 0.2711 0.6567 -0.3154 -0.6417 -0.2398 0.7477 0.009 -0.6557 -0.1047 0.6439 -0.1837 -0.6649 -0.3311 0.8257 0.0553 -0.5612 -0.0138 0.9178 0.0818 0.3816 -0.0732 0.6838 0.1549 -0.7125 -0.0256 0.6605 -0.2969 -0.5862 -0.3634 0.9172 0.0253 0.3696 -0.1467
0.8175 -0.3314 -0.3505 -0.3147 0.223 -0.5969 -0.7214 0.2711 0.6567 -0.3154 -0.6417 -0.2398 0.7387 -0.007 -0.6604 -0.1349 0.6439 -0.1837 -0.6649 -0.3311 0.8257 0.0553 -0.5612 -0.0138 0.9178 0.0818 0.3816 -0.0732 0.6838 0.1549 -0.7125 -0.0256 0.6605 -0.2969 -0.5862 -0.3634 0.9172 0.0253 0.3696 -0.1467
0.8175 -0.3314 -0.3505 -0.3147 0.223 -0.5969 -0.7214 0.2711 0.6567 -0.3154 -0.6417 -0.2398 0.7387 -0.007 -0.6604 -0.1349 0.6439 -0.1837 -0.6649 -0.3311 0.8401 0.0225 -0.5387 0.0593 0.9254 -0.031 0.3305 -0.1828 0.6838 0.1549 -0.7125 -0.0256 0.6605 -0.2969 -0.5862 -0.3634 0.9172 0.0253 0.3696 -0.1467
0.8175 -0.3314 -0.3505 -0.3147 0.223 -0.5969 -0.7214 0.2711 0.6567 -0.3154 -0.6417 -0.2398 0.7387 -0.007 -0.6604 -0.1349 0.6439 -0.1837 -0.6649 -0.3311 0.8401 0.0225 -0.5387 0.0593 0.9254 -0.031 0.3305 -0.1828 0.6838 0.1549 -0.7125 -0.0256 0.6605 -0.2969 -0.5862 -0.3634 0.9172 0.0253 0.3696 -0.1467
0.8175 -0.3314 -0.3505 -0.3147 0.2874 -0.6756 -0.6417 0.2217 0.6567 -0.3154 -0.6417 -0.2398 0.7387 -0.007 -0.6604 -0.1349 0.754 -0.1821 -0.5704 -0.27 0.8401 0.0225 -0.5387 0.0593 0.9254 -0.031 0.3305 -0.1828 0.6838 0.1549 -0.7125 -0.0256 0.6605 -0.2969 -0.5862 -0.3634 0.9172 0.0253 0.3696 -0.1467
0.8175 -0.3314 -0.3505 -0.3147 0.2874 -0.6756 -0.6417 0.2217 0.6567 -0.3154 -0.6417 -0.2398 0.7387 -0.007 -0.6604 -0.1349 0.754 -0.1821 -0.5704 -0.27 0.8401 0.0225 -0.5387 0.0593 0.9254 -0.031 0.3305 -0.1828 0.6838 0.1549 -0.7125 -0.0256 0.6605 -0.2969 -0.5862 -0.3634 0.9172 0.0253 0.3696 -0.1467
0.788 -0.343 -0.2797 -0.4281 0.2874 -0.6756 -0.6417 0.2217 0.6567 -0.3154 -0.6417 -0.2398 0.7387 -0.007 -0.6604 -0.1349 0.754 -0.1821 -0.5704 -0.27 0.8401 0.0225 -0.5387 0.0593 0.9254 -0.031 0.3305 -0.1828 0.6838 0.1549 -0.7125 -0.0256 0.6502 -0.3383 -0.6056 -0.3099 0.9171 0.0268 0.3713 -0.1424
0.788 -0.343 -0.2797 -0.4281 0.2874 -0.6756 -0.6417 0.2217 0.655 -0.3156 -0.6422 -0.2426 0.7387 -0.007 -0.6604 -0.1349 0.754 -0.1821 -0.5704 -0.27 0.8401 0.0225 -0.5387 0.0593 0.9254 -0.031 0.3305 -0.1828 0.6711 0.1796 -0.7192 0.0101 0.6502 -0.3383 -0.6056 -0.3099 0.9171 0.0268 0.3713 -0.1424
0.788 -0.343 -0.2797 -0.4281 0.2874 -0.6756 -0.6417 0.2217 0.655 -0.3156 -0.6422 -0.2426 0.7387 -0.007 -0.6604 -0.1349 0.754 -0.1821 -0.5704 -0.27 0.8401 0.0225 -0.5387 0.0593 0.9508 -0.0356 0.2619 -0.1615 0.6711 0.1796 -0.7192 0.0101 0.6502 -0.3383 -0.6056 -0.3099 0.9171 0.0268 0.3713 -0.1424
0.788 -0.343 -0.2797 -0.4281 0.2874 -0.6756 -0.6417 0.2217 0.655 -0.3156 -0.6422 -0.2426 0.7387 -0.007 -0.6604 -0.1349 0.754 -0.1821 -0.5704 -0.27 0.8246 -0.0171 -0.5544 0.1111 0.9508 -0.0356 0.2619 -0.1615 0.6711 0.1796 -0.7192 0.0101 0.6502 -0.3383 -0.6056 -0.3099 0.9171 0.0268 0.3713 -0.1424
0.788 -0.343 -0.2797 -0.4281 0.2874 -0.6756 -0.6417 0.2217 0.655 -0.3156 -0.6422 -0.2426 0.7387 -0.007 -0.6604 -0.1349 0.754 -0.1821 -0.5704 -0.27 0.8246 -0.0171 -0.5544 0.1111 0.9508 -0.0356 0.2619 -0.1615 0.6711 0.1796 -0.7192 0.0101 0.6502 -0.3383 -0.6056 -0.3099 0.9171 0.0268 0.3713 -0.1424
0.788 -0.343 -0.2797 -0.4281 0.261 -0.6512 -0.6647 0.2567 0.655 -0.3156 -0.6422 -0.2426 0.7387 -0.007 -0.6604 -0.1349 0.754 -0.1821 -0.5704 -0.27 0.8246 -0.0171 -0.5544 0.1111 0.9508 -0.0356 0.2619 -0.1615 0.6711 0.1796 -0.7192 0.0101 0.6502 -0.3383 -0.6056 -0.3099 0.9171 0.0268 0.3713 -0.1424
0.788 -0.343 -0.2797 -0.4281 0.261 -0.6512 -0.6647 0.2567 0.655 -0.3156 -0.6422 -0.2426 0.7387 -0.007 -0.6604 -0.1349 0.754 -0.1821 -0.5704 -0.27 0.8246 -0.0171 -0.5544 0.1111 0.9508 -0.0356 0.2619 -0.1615 0.6711 0.1796 -0.7192 0.0101 0.6502 -0.3383 -0.6056 -0.3099 0.9171 0.0268 0.3713 -0.1424
0.8013 -0.3459 -0.2958 -0.3881 0.261 -0.6512 -0.6647 0.2567 0.655 -0.3156 -0.6422 -0.2426 0.7387 -0.007 -0.6604 -0.1349 0.754 -0.1821 -0.5704 -0.27 0.8246 -0.0171 -0.5544 0.1111 0.9508 -0.0356 0.2619 -0.1615 0.6711 0.1796 -0.7192 0.0101 0.6653 -0.3247 -0.6111 -0.2801 0.9149 0.0232 0.3764 -0.144
0.8013 -0.3459 -0.2958 -0.3881 0.261 -0.6512 -0.6647 0.2567 0.6531 -0.314 -0.6481 -0.2342 0.7387 -0.007 -0.6604 -0.1349 0.754 -0.1821 -0.5704 -0.27 0.8246 -0.0171 -0.5544 0.1111 0.9508 -0.0356 0.2619 -0.1615 0.6636 0.1937 -0.7215 0.0389 0.6653 -0.3247 -0.6111 -0.2801 0.9149 0.0232 0.3764 -0.144
0.8013 -0.3459 -0.2958 -0.3881 0.261 -0.6512 -0.6647 0.2567 0.6531 -0.314 -0.6481 -0.2342 0.7387 -0.007 -0.6604 -0.1349 0.754 -0.1821 -0.5704 -0.27 0.8246 -0.0171 -0.5544 0.1111 0.9508 -0.0356 0.2619 -0.1615 0.6636 0.1937 -0.7215 0.0389 0.6653 -0.3247 -0.6111 -0.2801 0.9149 0.0232 0.3764 -0.144
0.8013 -0.3459 -0.2958 -0.3881 0.261 -0.6512 -0.6647 0.2567 0.6531 -0.314 -0.6481 -0.2342 0.7387 -0.007 -0.6604 -0.1349 0.754 -0.1821 -0.5704 -0.27 0.7783 -0.0386 -0.6074 0.1545 0.9508 -0.0356 0.2619 -0.1615 0.6636 0.1937 -0.7215 0.0389 0.6653 -0.3247 -0.6111 -0.2801 0.9149 0.0232 0.3764 -0.144
0.8013 -0.3459 -0.2958 -0.3881 0.261 -0.6512 -0.6647 0.2567 0.6531 -0.314 -0.6481 -0.2342 0.7387 -0.007 -0.6604 -0.1349 0.754 -0.1821 -0.5704 -0.27 0.7783 -0.0386 -0.6074 0.1545 0.9508 -0.0356 0.2619 -0.1615 0.6636 0.1937 -0.7215 0.0389 0.6653 -0.3247 -0.6111 -0.2801 0.9149 0.0232 0.3764 -0.144
0.8013 -0.3459 -0.2958 -0.3881 0.224 -0.6097 -0.6915 0.3161 0.6531 -0.314 -0.6481 -0.2342 0.7387 -0.007 -0.6604 -0.1349 0.7654 -0.2454 -0.5791 -0.1362 0.7783 -0.0386 -0.6074 0.1545 0.9508 -0.0356 0.2619 -0.1615 0.6636 0.1937 -0.7215 0.0389 0.6653 -0.3247 -0.6111 -0.2801 0.9149 0.0232 0.3764 -0.144
0.8013 -0.3459 -0.2958 -0.3881 0.224 -0.6097 -0.6915 0.3161 0.6531 -0.314 -0.6481 -0.2342 0.7387 -0.007 -0.6604 -0.1349 0.7654 -0.2454 -0.5791 -0.1362 0.7783 -0.0386 -0.6074 0.1545 0.9508 -0.0356 0.2619 -0.1615 0.6636 0.1937 -0.7215 0.0389 0.6821 -0.3118 -0.6121 -0.2505 0.9145 0.0228 0.3773 -0.1443
0.8013 -0.3459 -0.2958 -0.3881 0.224 -0.6097 -0.6915 0.3161 0.6531 -0.314 -0.6481 -0.2342 0.7387 -0.007 -0.6604 -0.1349 0.7654 -0.2454 -0.5791 -0.1362 0.7783 -0.0386 -0.6074 0.1545 0.9508 -0.0356 0.2619 -0.1615 0.6636 0.1937 -0.7215 0.0389 0.6821 -0.3118 -0.6121 -0.2505 0.9145 0.0228 0.3773 -0.1443
0.8207 -0.3566 -0.3203 -0.3109 0.224 -0.6097 -0.6915 0.3161 0.6559 -0.3008 -0.6576 -0.2165 0.7387 -0.007 -0.6604 -0.1349 0.7654 -0.2454 -0.5791 -0.1362 0.7783 -0.0386 -0.6074 0.1545 0.9508 -0.0356 0.2619 -0.1615 0.6523 0.2059 -0.7253 0.0768 0.6821 -0.3118 -0.6121 -0.2505 0.9145 0.0228 0.3773 -0.1443
0.8207 -0.3566 -0.3203 -0.3109 0.224 -0.6097 -0.6915 0.3161 0.6559 -0.3008 -0.6576 -0.2165 0.7387 -0.007 -0.6604 -0.1349 0.7654 -0.2454 -0.5791 -0.1362 0.7783 -0.0386 -0.6074 0.1545 0.9508 -0.0356 0.2619 -0.1615 0.6523 0.2059 -0.7253 0.0768 0.6821 -0.3118 -0.6121 -0.2505 0.9145 0.0228 0.3773 -0.1443
0.8207 -0.3566 -0.3203 -0.3109 0.224 -0.6097 -0.6915 0.3161 0.6559 -0.3008 -0.6576 -0.2165 0.7387 -0.007 -0.6604 -0.1349 0.7654 -0.2454 -0.5791 -0.1362 0.7248 -0.0253 -0.6675 0.1688 0.9738 0.0848 0.2001 -0.0677 0.6523 0.2059 -0.7253 0.0768 0.6821 -0.3118 -0.6121 -0.2505 0.9145 0.0228 0.3773 -0.1443
0.8207 -0.3566 -0.3203 -0.3109 0.224 -0.6097 -0.6915 0.3161 0.6559 -0.3008 -0.6576 -0.2165 0.7387 -0.007 -0.6604 -0.1349 0.7654 -0.2454 -0.5791 -0.1362 0.7248 -0.0253 -0.6675 0.1688 0.9738 0.0848 0.2001 -0.0677 0.6523 0.2059 -0.7253 0.0768 0.6821 -0.3118 -0.6121 -0.2505 0.9145 0.0228 0.3773 -0.1443
0.8207 -0.3566 -0.3203 -0.3109 0.1643 -0.5564 -0.7197 0.3813 0.6559 -0.3008 -0.6576 -0.2165 0.7387 -0.007 -0.6604 -0.1349 0.7309 -0.2623 -0.6248 -0.0817 0.7248 -0.0253 -0.6675 0.1688 0.9738 0.0848 0.2001 -0.0677 0.6523 0.2059 -0.7253 0.0768 0.6821 -0.3118 -0.6121 -0.2505 0.9145 0.0228 0.3773 -0.1443
0.8207 -0.3566 -0.3203 -0.3109 0.1643 -0.5564 -0.7197 0.3813 0.6559 -0.3008 -0.6576 -0.2165 0.7387 -0.007 -0.6604 -0.1349 0.7309 -0.2623 -0.6248 -0.0817 0.7248 -0.0253 -0.6675 0.1688 0.9738 0.0848 0.2001 -0.0677 0.6523 0.2059 -0.7253 0.0768 0.6821 -0.3118 -0.6121 -0.2505 0.9145 0.0228 0.3773 -0.1443
0.8295 -0.3672 -0.3518 -0.2307 0.1643 -0.5564 -0.7197 0.3813 0.6559 -0.3008 -0.6576 -0.2165 0.7387 -0.007 -0.6604 -0.1349 0.7309 -0.2623 -0.6248 -0.0817 0.7248 -0.0253 -0.6675 0.1688 0.9738 0.0848 0.2001 -0.0677 0.6523 0.2059 -0.7253 0.0768 0.6948 -0.3136 -0.6053 -0.2292 0.9144 0.0206 0.3776 -0.1447
0.8295 -0.3672 -0.3518 -0.2307 0.1643 -0.5564 -0.7197 0.3813 0.6559 -0.3008 -0.6576 -0.2165 0.7387 -0.007 -0.6604 -0.1349 0.7309 -0.2623 -0.6248 -0.0817 0.7248 -0.0253 -0.6675 0.1688 0.9738 0.0848 0.2001 -0.0677 0.6432 0.2228 -0.7234 0.1154 0.6948 -0.3136 -0.6053 -0.2292 0.9144 0.0206 0.3776 -0.1447
0.8295 -0.3672 -0.3518 -0.2307 0.1643 -0.5564 -0.7197 0.3813 0.6634 -0.2834 -0.6638 -0.1976 0.7373 0.0231 -0.6712 -0.0735 0.7309 -0.2623 -0.6248 -0.0817 0.7248 -0.0253 -0.6675 0.1688 0.9738 0.0848 0.2001 -0.0677 0.6432 0.2228 -0.7234 0.1154 0.6948 -0.3136 -0.6053 -0.2292 0.9144 0.0206 0.3776 -0.1447
0.8295 -0.3672 -0.3518 -0.2307 0.1643 -0.5564 -0.7197 0.3813 0.6634 -0.2834 -0.6638 -0.1976 0.7373 0.0231 -0.6712 -0.0735 0.7309 -0.2623 -0.6248 -0.0817 0.6826 0.0016 -0.7162 0.1454 0.9738 0.0848 0.2001 -0.0677 0.6432 0.2228 -0.7234 0.1154 0.6948 -0.3136 -0.6053 -0.2292 0.9144 0.0206 0.3776 -0.1447
0.8295 -0.3672 -0.3518 -0.2307 0.1643 -0.5564 -0.7197 0.3813 0.6634 -0.2834 -0.6638 -0.1976 0.7373 0.0231 -0.6712 -0.0735 0.7309 -0.2623 -0.6248 -0.0817 0.6826 0.0016 -0.7162 0.1454 0.9738 0.0848 0.2001 -0.0677 0.6432 0.2228 -0.7234 0.1154 0.6948 -0.3136 -0.6053 -0.2292 0.9144 0.0206 0.3776 -0.1447
0.8295 -0.3672 -0.3518 -0.2307 0.1643 -0.5564 -0.7197 0.3813 0.6634 -0.2834 -0.6638 -0.1976 0.7373 0.0231 -0.6712 -0.0735 0.6893 -0.2527 -0.6751 -0.072 0.6826 0.0016 -0.7162 0.1454 0.9738 0.0848 0.2001 -0.0677 0.6432 0.2228 -0.7234 0.1154 0.6948 -0.3136 -0.6053 -0.2292 0.9144 0.0206 0.3776 -0.1447
0.8295 -0.3672 -0.3518 -0.2307 0.0974 -0.5186 -0.7385 0.4197 0.6634 -0.2834 -0.6638 -0.1976 0.7373 0.0231 -0.6712 -0.0735 0.6893 -0.2527 -0.6751 -0.072 0.6826 0.0016 -0.7162 0.1454 0.9738 0.0848 0.2001 -0.0677 0.6432 0.2228 -0.7234 0.1154 0.6948 -0.3136 -0.6053 -0.2292 0.9144 0.0206 0.3776 -0.1447
0.8295 -0.3672 -0.3518 -0.2307 0.0974 -0.5186 -0.7385 0.4197 0.6634 -0.2834 -0.6638 -0.1976 0.7373 0.0231 -0.6712 -0.0735 0.6893 -0.2527 -0.6751 -0.072 0.6826 0.0016 -0.7162 0.1454 0.9738 0.0848 0.2001 -0.0677 0.6271 0.2545 -0.7136 0.1813 0.6948 -0.3136 -0.6053 -0.2292 0.9144 0.0206 0.3776 -0.1447
0.8295 -0.3672 -0.3518 -0.2307 0.0974 -0.5186 -0.7385 0.4197 0.6893 -0.2526 -0.6591 -0.1638 0.7373 0.0231 -0.6712 -0.0735 0.6893 -0.2527 -0.6751 -0.072 0.6826 0.0016 -0.7162 0.1454 0.9738 0.0848 0.2001 -0.0677 0.6271 0.2545 -0.7136 0.1813 0.6948 -0.3136 -0.6053 -0.2292 0.9144 0.0206 0.3776 -0.1447
0.8295 -0.3672 -0.3518 -0.2307 0.0974 -0.5186 -0.7385 0.4197 0.6893 -0.2526 -0.6591 -0.1638 0.7515 0.0551 -0.6556 -0.0495 0.6893 -0.2527 -0.6751 -0.072 0.6826 0.0016 -0.7162 0.1454 0.9738 0.0848 0.2001 -0.0677 0.6271 0.2545 -0.7136 0.1813 0.6948 -0.3136 -0.6053 -0.2292 0.9144 0.0206 0.3776 -0.1447
0.8295 -0.3672 -0.3518 -0.2307 0.0974 -0.5186 -0.7385 0.4197 0.6893 -0.2526 -0.6591 -0.1638 0.7515 0.0551 -0.6556 -0.0495 0.6893 -0.2527 -0.6751 -0.072 0.6743 0.0577 -0.7205 0.1511 0.9738 0.0848 0.2001 -0.0677 0.6271 0.2545 -0.7136 0.1813 0.6948 -0.3136 -0.6053 -0.2292 0.9144 0.0206 0.3776 -0.1447
0.8295 -0.3672 -0.3518 -0.2307 0.0974 -0.5186 -0.7385 0.4197 0.6893 -0.2526 -0.6591 -0.1638 0.7515 0.0551 -0.6556 -0.0495 0.6893 -0.2527 -0.6751 -0.072 0.6743 0.0577 -0.7205 0.1511 0.9738 0.0848 0.2001 -0.0677 0.6271 0.2545 -0.7136 0.1813 0.6948 -0.3136 -0.6053 -0.2292 0.9144 0.0206 0.3776 -0.1447
0.8295 -0.3672 -0.3518 -0.2307 0.0974 -0.5186 -0.7385 0.4197 0.6893 -0.2526 -0.6591 -0.1638 0.7515 0.0551 -0.6556 -0.0495 0.6757 -0.222 -0.697 -0.0914 0.6743 0.0577 -0.7205 0.1511 0.9738 0.0848 0.2001 -0.0677 0.6271 0.2545 -0.7136 0.1813 0.6948 -0.3136 -0.6053 -0.2292 0.9144 0.0206 0.3776 -0.1447
0.8295 -0.3672 -0.3518 -0.2307 0.0974 -0.5186 -0.7385 0.4197 0.6893 -0.2526 -0.6591 -0.1638 0.7515 0.0551 -0.6556 -0.0495 0.6757 -0.222 -0.697 -0.0914 0.6743 0.0577 -0.7205 0.1511 0.9738 0.0848 0.2001 -0.0677 0.6271 0.2545 -0.7136 0.1813 0.6948 -0.3136 -0.6053 -0.2292 0.9144 0.0206 0.3776 -0.1447
0.7961 -0.3865 -0.4397 -0.1533 0.0974 -0.5186 -0.7385 0.4197 0.6893 -0.2526 -0.6591 -0.1638 0.7515 0.0551 -0.6556 -0.0495 0.6757 -0.222 -0.697 -0.0914 0.6743 0.0577 -0.7205 0.1511 0.9738 0.0848 0.2001 -0.0677 0.6271 0.2545 -0.7136 0.1813 0.6948 -0.3136 -0.6053 -0.2292 0.9144 0.0206 0.3776 -0.1447
0.7961 -0.3865 -0.4397 -0.1533 0.0974 -0.5186 -0.7385 0.4197 0.718 -0.22 -0.6493 -0.1208 0.7515 0.0551 -0.6556 -0.0495 0.6757 -0.222 -0.697 -0.0914 0.6743 0.0577 -0.7205 0.1511 0.9738 0.0848 0.2001 -0.0677 0.6497 0.2729 -0.6885 0.1715 0.6948 -0.3136 -0.6053 -0.2292 0.9144 0.0206 0.3776 -0.1447
0.7961 -0.3865 -0.4397 -0.1533 0.0974 -0.5186 -0.7385 0.4197 0.718 -0.22 -0.6493 -0.1208 0.7674 0.073 -0.6357 -0.0405 0.6757 -0.222 -0.697 -0.0914 0.6857 0.0968 -0.7056 0.1505 0.9462 0.0928 0.3082 -0.0323 0.6497 0.2729 -0.6885 0.1715 0.6948 -0.3136 -0.6053 -0.2292 0.9144 0.0206 0.3776 -0.1447
0.7961 -0.3865 -0.4397 -0.1533 0.0974 -0.5186 -0.7385 0.4197 0.718 -0.22 -0.6493 -0.1208 0.7674 0.073 -0.6357 -0.0405 0.6757 -0.222 -0.697 -0.0914 0.6857 0.0968 -0.7056 0.1505 0.9462 0.0928 0.3082 -0.0323 0.6497 0.2729 -0.6885 0.1715 0.6948 -0.3136 -0.6053 -0.2292 0.9144 0.0206 0.3776 -0.1447
0.7961 -0.3865 -0.4397 -0.1533 0.0974 -0.5186 -0.7385 0.4197 0.718 -0.22 -0.6493 -0.1208 0.7674 0.073 -0.6357 -0.0405 0.6713 -0.1747 -0.7141 -0.0944 0.6857 0.0968 -0.7056 0.1505 0.9462 0.0928 0.3082 -0.0323 0.6497 0.2729 -0.6885 0.1715 0.6948 -0.3136 -0.6053 -0.2292 0.9144 0.0206 0.3776 -0.1447
0.7961 -0.3865 -0.4397 -0.1533 -0.0115 -0.5179 -0.7443 0.4214 0.718 -0.22 -0.6493 -0.1208 0.7674 0.073 -0.6357 -0.0405 0.6713 -0.1747 -0.7141 -0.0944 0.6857 0.0968 -0.7056 0.1505 0.9462 0.0928 0.3082 -0.0323 0.6497 0.2729 -0.6885 0.1715 0.6948 -0.3136 -0.6053 -0.2292 0.9144 0.0206 0.3776 -0.1447
0.7721 -0.3847 -0.4815 -0.155 -0.0115 -0.5179 -0.7443 0.4214 0.718 -0.22 -0.6493 -0.1208 0.7674 0.073 -0.6357 -0.0405 0.6713 -0.1747 -0.7141 -0.0944 0.6857 0.0968 -0.7056 0.1505 0.9462 0.0928 0.3082 -0.0323 0.6497 0.2729 -0.6885 0.1715 0.6948 -0.3136 -0.6053 -0.2292 0.9144 0.0206 0.3776 -0.1447
0.7721 -0.3847 -0.4815 -0.155 -0.0115 -0.5179 -0.7443 0.4214 0.718 -0.22 -0.6493 -0.1208 0.7674 0.073 -0.6357 -0.0405 0.6713 -0.1747 -0.7141 -0.0944 0.6857 0.0968 -0.7056 0.1505 0.9462 0.0928 0.3082 -0.0323 0.7248 0.2778 -0.6199 0.1146 0.6948 -0.3136 -0.6053 -0.2292 0.9144 0.0206 0.3776 -0.1447
0.7721 -0.3847 -0.4815 -0.155 -0.0115 -0.5179 -0.7443 0.4214 0.7463 -0.2251 -0.6165 -0.1109 0.785 0.0793 -0.612 -0.054 0.6713 -0.1747 -0.7141 -0.0944 0.6857 0.0968 -0.7056 0.1505 0.9467 0.0912 0.3069 -0.0356 0.7248 0.2778 -0.6199 0.1146 0.6948 -0.3136 -0.6053 -0.2292 0.9144 0.0206 0.3776 -0.1447
0.7721 -0.3847 -0.4815 -0.155 -0.0115 -0.5179 -0.7443 0.4214 0.7463 -0.2251 -0.6165 -0.1109 0.785 0.0793 -0.612 -0.054 0.6713 -0.1747 -0.7141 -0.0944 0.6857 0.0968 -0.7056 0.1505 0.9467 0.0912 0.3069 -0.0356 0.7248 0.2778 -0.6199 0.1146 0.6948 -0.3136 -0.6053 -0.2292 0.9144 0.0206 0.3776 -0.1447
0.7721 -0.3847 -0.4815 -0.155 -0.0115 -0.5179 -0.7443 0.4214 0.7463 -0.2251 -0.6165 -0.1109 0.785 0.0793 -0.612 -0.054 0.6713 -0.1747 -0.7141 -0.0944 0.6921 0.1215 -0.6971 0.1421 0.9467 0.0912 0.3069 -0.0356 0.7248 0.2778 -0.6199 0.1146 0.6948 -0.3136 -0.6053 -0.2292 0.9144 0.0206 0.3776 -0.1447
0.7721 -0.3847 -0.4815 -0.155 -0.0115 -0.5179 -0.7443 0.4214 0.7463 -0.2251 -0.6165 -0.1109 0.785 0.0793 -0.612 -0.054 0.6713 -0.1747 -0.7141 -0.0944 0.6921 0.1215 -0.6971 0.1421 0.9467 0.0912 0.3069 -0.0356 0.7248 0.2778 -0.6199 0.1146 0.6948 -0.3136 -0.6053 -0.2292 0.9144 0.0206 0.3776 -0.1447
0.7721 -0.3847 -0.4815 -0.155 -0.0115 -0.5179 -0.7443 0.4214 0.7463 -0.2251 -0.6165 -0.1109 0.785 0.0793 -0.612 -0.054 0.6628 -0.1597 -0.7233 -0.1102 0.6921 0.1215 -0.6971 0.1421 0.9467 0.0912 0.3069 -0.0356 0.7248 0.2778 -0.6199 0.1146 0.6948 -0.3136 -0.6053 -0.2292 0.9144 0.0206 0.3776 -0.1447
0.7721 -0.3847 -0.4815 -0.155 -0.0341 -0.5203 -0.7512 0.4049 0.7463 -0.2251 -0.6165 -0.1109 0.785 0.0793 -0.612 -0.054 0.6628 -0.1597 -0.7233 -0.1102 0.6921 0.1215 -0.6971 0.1421 0.9467 0.0912 0.3069 -0.0356 0.7248 0.2778 -0.6199 0.1146 0.6948 -0.3136 -0.6053 -0.2292 0.8641 -0.0258 0.4976 -0.0702
0.7721 -0.3847 -0.4815 -0.155 -0.0341 -0.5203 -0.7512 0.4049 0.7463 -0.2251 -0.6165 -0.1109 0.785 0.0793 -0.612 -0.054 0.6628 -0.1597 -0.7233 -0.1102 0.6921 0.1215 -0.6971 0.1421 0.9467 0.0912 0.3069 -0.0356 0.7248 0.2778 -0.6199 0.1146 0.6948 -0.3136 -0.6053 -0.2292 0.8641 -0.0258 0.4976 -0.0702
0.7611 -0.3709 -0.5082 -0.1578 -0.0341 -0.5203 -0.7512 0.4049 0.7607 -0.2197 -0.6039 -0.0917 0.785 0.0793 -0.612 -0.054 0.6628 -0.1597 -0.7233 -0.1102 0.6921 0.1215 -0.6971 0.1421 0.9467 0.0912 0.3069 -0.0356 0.7611 0.2844 -0.5754 0.0933 0.6948 -0.3136 -0.6053 -0.2292 0.8641 -0.0258 0.4976 -0.0702
0.7611 -0.3709 -0.5082 -0.1578 -0.0341 -0.5203 -0.7512 0.4049 0.7607 -0.2197 -0.6039 -0.0917 0.785 0.0793 -0.612 -0.054 0.6628 -0.1597 -0.7233 -0.1102 0.6921 0.1215 -0.6971 0.1421 0.9467 0.0912 0.3069 -0.0356 0.7611 0.2844 -0.5754 0.0933 0.6948 -0.3136 -0.6053 -0.2292 0.8641 -0.0258 0.4976 -0.0702
0.7611 -0.3709 -0.5082 -0.1578 -0.0341 -0.5203 -0.7512 0.4049 0.7607 -0.2197 -0.6039 -0.0917 0.785 0.0793 -0.612 -0.054 0.6628 -0.1597 -0.7233 -0.1102 0.6989 0.1325 -0.6906 0.1309 0.9468 0.0917 0.3059 -0.0389 0.7611 0.2844 -0.5754 0.0933 0.6948 -0.3136 -0.6053 -0.2292 0.8641 -0.0258 0.4976 -0.0702
0.7611 -0.3709 -0.5082 -0.1578 -0.0341 -0.5203 -0.7512 0.4049 0.7607 -0.2197 -0.6039 -0.0917 0.785 0.0793 -0.612 -0.054 0.6628 -0.1597 -0.7233 -0.1102 0.6989 0.1325 -0.6906 0.1309 0.9468 0.0917 0.3059 -0.0389 0.7611 0.2844 -0.5754 0.0933 0.6948 -0.3136 -0.6053 -0.2292 0.8641 -0.0258 0.4976 -0.0702
0.7611 -0.3709 -0.5082 -0.1578 -0.0408 -0.5219 -0.7592 0.3868 0.7607 -0.2197 -0.6039 -0.0917 0.785 0.0793 -0.612 -0.054 0.6628 -0.1597 -0.7233 -0.1102 0.6989 0.1325 -0.6906 0.1309 0.9468 0.0917 0.3059 -0.0389 0.7611 0.2844 -0.5754 0.0933 0.6948 -0.3136 -0.6053 -0.2292 0.8641 -0.0258 0.4976 -0.0702
0.7611 -0.3709 -0.5082 -0.1578 -0.0408 -0.5219 -0.7592 0.3868 0.7607 -0.2197 -0.6039 -0.0917 0.785 0.0793 -0.612 -0.054 0.6628 -0.1597 -0.7233 -0.1102 0.6989 0.1325 -0.6906 0.1309 0.9468 0.0917 0.3059 -0.0389 0.7611 0.2844 -0.5754 0.0933 0.6948 -0.3136 -0.6053 -0.2292 0.8641 -0.0258 0.4976 -0.0702
0.7603 -0.3557 -0.5175 -0.1664 -0.0408 -0.5219 -0.7592 0.3868 0.7607 -0.2197 -0.6039 -0.0917 0.785 0.0793 -0.612 -0.054 0.6628 -0.1597 -0.7233 -0.1102 0.6989 0.1325 -0.6906 0.1309 0.9468 0.0917 0.3059 -0.0389 0.7611 0.2844 -0.5754 0.0933 0.7315 -0.2911 -0.5759 -0.2203 0.9144 -0.0283 0.3827 -0.1287
0.7603 -0.3557 -0.5175 -0.1664 -0.0408 -0.5219 -0.7592 0.3868 0.7633 -0.2289 -0.5984 -0.0834 0.785 0.0793 -0.612 -0.054 0.6628 -0.1597 -0.7233 -0.1102 0.6989 0.1325 -0.6906 0.1309 0.9468 0.0917 0.3059 -0.0389 0.7842 0.25 -0.5668 0.035 0.7315 -0.2911 -0.5759 -0.2203 0.9144 -0.0283 0.3827 -0.1287
0.7603 -0.3557 -0.5175 -0.1664 -0.0408 -0.5219 -0.7592 0.3868 0.7633 -0.2289 -0.5984 -0.0834 0.8051 0.0737 -0.588 -0.0256 0.6628 -0.1597 -0.7233 -0.1102 0.7089 0.1334 -0.684 0.1092 0.9473 0.0931 0.3035 -0.0435 0.7842 0.25 -0.5668 0.035 0.7315 -0.2911 -0.5759 -0.2203 0.9144 -0.0283 0.3827 -0.1287
0.7603 -0.3557 -0.5175 -0.1664 -0.0408 -0.5219 -0.7592 0.3868 0.7633 -0.2289 -0.5984 -0.0834 0.8051 0.0737 -0.588 -0.0256 0.6628 -0.1597 -0.7233 -0.1102 0.7089 0.1334 -0.684 0.1092 0.9473 0.0931 0.3035 -0.0435 0.7842 0.25 -0.5668 0.035 0.7315 -0.2911 -0.5759 -0.2203 0.9144 -0.0283 0.3827 -0.1287
0.7603 -0.3557 -0.5175 -0.1664 -0.0408 -0.5219 -0.7592 0.3868 0.7633 -0.2289 -0.5984 -0.0834 0.8051 0.0737 -0.588 -0.0256 0.6628 -0.1597 -0.7233 -0.1102 0.7089 0.1334 -0.684 0.1092 0.9473 0.0931 0.3035 -0.0435 0.7842 0.25 -0.5668 0.035 0.7315 -0.2911 -0.5759 -0.2203 0.9144 -0.0283 0.3827 -0.1287
0.7603 -0.3557 -0.5175 -0.1664 -0.0408 -0.5219 -0.7592 0.3868 0.7633 -0.2289 -0.5984 -0.0834 0.8051 0.0737 -0.588 -0.0256 0.6628 -0.1597 -0.7233 -0.1102 0.7089 0.1334 -0.684 0.1092 0.9473 0.0931 0.3035 -0.0435 0.7842 0.25 -0.5668 0.035 0.7315 -0.2911 -0.5759 -0.2203 0.9144 -0.0283 0.3827 -0.1287
0.7603 -0.3557 -0.5175 -0.1664 -0.0193 -0.532 -0.7584 0.3761 0.7633 -0.2289 -0.5984 -0.0834 0.8051 0.0737 -0.588 -0.0256 0.6448 -0.1687 -0.726 -0.1697 0.7089 0.1334 -0.684 0.1092 0.9473 0.0931 0.3035 -0.0435 0.7842 0.25 -0.5668 0.035 0.7315 -0.2911 -0.5759 -0.2203 0.9144 -0.0283 0.3827 -0.1287
0.7603 -0.3557 -0.5175 -0.1664 -0.0193 -0.532 -0.7584 0.3761 0.7633 -0.2289 -0.5984 -0.0834 0.8051 0.0737 -0.588 -0.0256 0.6448 -0.1687 -0.726 -0.1697 0.7089 0.1334 -0.684 0.1092 0.9473 0.0931 0.3035 -0.0435 0.7842 0.25 -0.5668 0.035 0.7315 -0.2911 -0.5759 -0.2203 0.9144 -0.0283 0.3827 -0.1287
0.7603 -0.3557 -0.5175 -0.1664 -0.0193 -0.532 -0.7584 0.3761 0.7496 -0.2464 -0.6078 -0.0892 0.8051 0.0737 -0.588 -0.0256 0.6448 -0.1687 -0.726 -0.1697 0.7089 0.1334 -0.684 0.1092 0.9473 0.0931 0.3035 -0.0435 0.7736 0.2183 -0.5947 0.0143 0.7315 -0.2911 -0.5759 -0.2203 0.9144 -0.0283 0.3827 -0.1287
0.7603 -0.3557 -0.5175 -0.1664 -0.0193 -0.532 -0.7584 0.3761 0.7496 -0.2464 -0.6078 -0.0892 0.8051 0.0737 -0.588 -0.0256 0.6448 -0.1687 -0.726 -0.1697 0.7089 0.1334 -0.684 0.1092 0.9473 0.0931 0.3035 -0.0435 0.7736 0.2183 -0.5947 0.0143 0.7315 -0.2911 -0.5759 -0.2203 0.9144 -0.0283 0.3827 -0.1287
0.7603 -0.3557 -0.5175 -0.1664 -0.0193 -0.532 -0.7584 0.3761 0.7496 -0.2464 -0.6078 -0.0892 0.803 0.0592 -0.5923 -0.0265 0.6448 -0.1687 -0.726 -0.1697 0.7227 0.1381 -0.6718 0.0861 0.9476 0.095 0.3017 -0.0443 0.7736 0.2183 -0.5947 0.0143 0.7315 -0.2911 -0.5759 -0.2203 0.9144 -0.0283 0.3827 -0.1287
0.7603 -0.3557 -0.5175 -0.1664 -0.0193 -0.532 -0.7584 0.3761 0.7496 -0.2464 -0.6078 -0.0892 0.803 0.0592 -0.5923 -0.0265 0.6334 -0.1748 -0.7222 -0.2159 0.7227 0.1381 -0.6718 0.0861 0.9476 0.095 0.3017 -0.0443 0.7736 0.2183 -0.5947 0.0143 0.7315 -0.2911 -0.5759 -0.2203 0.9144 -0.0283 0.3827 -0.1287
0.7603 -0.3557 -0.5175 -0.1664 0.0164 -0.5449 -0.7532 0.3682 0.7496 -0.2464 -0.6078 -0.0892 0.803 0.0592 -0.5923 -0.0265 0.6334 -0.1748 -0.7222 -0.2159 0.7227 0.1381 -0.6718 0.0861 0.9476 0.095 0.3017 -0.0443 0.7736 0.2183 -0.5947 0.0143 0.7315 -0.2911 -0.5759 -0.2203 0.9144 -0.0283 0.3827 -0.1287
0.7603 -0.3557 -0.5175 -0.1664 0.0164 -0.5449 -0.7532 0.3682 0.7496 -0.2464 -0.6078 -0.0892 0.803 0.0592 -0.5923 -0.0265 0.6334 -0.1748 -0.7222 -0.2159 0.7227 0.1381 -0.6718 0.0861 0.9476 0.095 0.3017 -0.0443 0.7736 0.2183 -0.5947 0.0143 0.7315 -0.2911 -0.5759 -0.2203 0.9144 -0.0283 0.3827 -0.1287
0.7603 -0.3557 -0.5175 -0.1664 0.0164 -0.5449 -0.7532 0.3682 0.7496 -0.2464 -0.6078 -0.0892 0.803 0.0592 -0.5923 -0.0265 0.6334 -0.1748 -0.7222 -0.2159 0.7227 0.1381 -0.6718 0.0861 0.9476 0.095 0.3017 -0.0443 0.7736 0.2183 -0.5947 0.0143 0.7315 -0.2911 -0.5759 -0.2203 0.9144 -0.0283 0.3827 -0.1287
0.7767 -0.3447 -0.4811 -0.2156 0.0164 -0.5449 -0.7532 0.3682 0.7313 -0.2563 -0.6215 -0.1156 0.803 0.0592 -0.5923 -0.0265 0.6334 -0.1748 -0.7222 -0.2159 0.7227 0.1381 -0.6718 0.0861 0.9476 0.095 0.3017 -0.0443 0.7637 0.2056 -0.6118 -0.0111 0.7109 -0.1517 -0.6182 -0.2991 0.9144 -0.0283 0.3827 -0.1287
0.7767 -0.3447 -0.4811 -0.2156 0.0164 -0.5449 -0.7532 0.3682 0.7313 -0.2563 -0.6215 -0.1156 0.789 0.0497 -0.6112 -0.0385 0.6334 -0.1748 -0.7222 -0.2159 0.7227 0.1381 -0.6718 0.0861 0.9471 0.0984 0.3018 -0.0461 0.7637 0.2056 -0.6118 -0.0111 0.7109 -0.1517 -0.6182 -0.2991 0.9144 -0.0283 0.3827 -0.1287
0.7767 -0.3447 -0.4811 -0.2156 0.0164 -0.5449 -0.7532 0.3682 0.7313 -0.2563 -0.6215 -0.1156 0.789 0.0497 -0.6112 -0.0385 0.6334 -0.1748 -0.7222 -0.2159 0.7413 0.1515 -0.651 0.0602 0.9471 0.0984 0.3018 -0.0461 0.7637 0.2056 -0.6118 -0.0111 0.7109 -0.1517 -0.6182 -0.2991 0.9144 -0.0283 0.3827 -0.1287
0.7767 -0.3447 -0.4811 -0.2156 0.0164 -0.5449 -0.7532 0.3682 0.7313 -0.2563 -0.6215 -0.1156 0.789 0.0497 -0.6112 -0.0385 0.6334 -0.1748 -0.7222 -0.2159 0.7413 0.1515 -0.651 0.0602 0.9471 0.0984 0.3018 -0.0461 0.7637 0.2056 -0.6118 -0.0111 0.7109 -0.1517 -0.6182 -0.2991 0.9144 -0.0283 0.3827 -0.1287
0.7767 -0.3447 -0.4811 -0.2156 0.0164 -0.5449 -0.7532 0.3682 0.7313 -0.2563 -0.6215 -0.1156 0.789 0.0497 -0.6112 -0.0385 0.622 -0.1642 -0.7225 -0.2534 0.7413 0.1515 -0.651 0.0602 0.9471 0.0984 0.3018 -0.0461 0.7637 0.2056 -0.6118 -0.0111 0.7109 -0.1517 -0.6182 -0.2991 0.9144 -0.0283 0.3827 -0.1287
0.7767 -0.3447 -0.4811 -0.2156 0.0651 -0.5375 -0.7454 0.389 0.7313 -0.2563 -0.6215 -0.1156 0.789 0.0497 -0.6112 -0.0385 0.622 -0.1642 -0.7225 -0.2534 0.7413 0.1515 -0.651 0.0602 0.9471 0.0984 0.3018 -0.0461 0.7637 0.2056 -0.6118 -0.0111 0.7109 -0.1517 -0.6182 -0.2991 0.9144 -0.0283 0.3827 -0.1287
0.7999 -0.3557 -0.431 -0.2189 0.0651 -0.5375 -0.7454 0.389 0.7313 -0.2563 -0.6215 -0.1156 0.789 0.0497 -0.6112 -0.0385 0.622 -0.1642 -0.7225 -0.2534 0.7413 0.1515 -0.651 0.0602 0.9471 0.0984 0.3018 -0.0461 0.7637 0.2056 -0.6118 -0.0111 0.7109 -0.1517 -0.6182 -0.2991 0.9144 -0.0283 0.3827 -0.1287
0.7999 -0.3557 -0.431 -0.2189 0.0651 -0.5375 -0.7454 0.389 0.7145 -0.2446 -0.6424 -0.1302 0.789 0.0497 -0.6112 -0.0385 0.622 -0.1642 -0.7225 -0.2534 0.7413 0.1515 -0.651 0.0602 0.9471 0.0984 0.3018 -0.0461 0.7637 0.2056 -0.6118 -0.0111 0.7109 -0.1517 -0.6182 -0.2991 0.9144 -0.0283 0.3827 -0.1287
0.7999 -0.3557 -0.431 -0.2189 0.0651 -0.5375 -0.7454 0.389 0.7145 -0.2446 -0.6424 -0.1302 0.7714 0.0572 -0.6328 -0.0361 0.622 -0.1642 -0.7225 -0.2534 0.7625 0.1766 -0.6221 0.0215 0.9388 0.097 0.3268 -0.0491 0.7637 0.2056 -0.6118 -0.0111 0.7109 -0.1517 -0.6182 -0.2991 0.9144 -0.0283 0.3827 -0.1287
0.7999 -0.3557 -0.431 -0.2189 0.0651 -0.5375 -0.7454 0.389 0.7145 -0.2446 -0.6424 -0.1302 0.7714 0.0572 -0.6328 -0.0361 0.622 -0.1642 -0.7225 -0.2534 0.7625 0.1766 -0.6221 0.0215 0.9388 0.097 0.3268 -0.0491 0.7637 0.2056 -0.6118 -0.0111 0.7109 -0.1517 -0.6182 -0.2991 0.9144 -0.0283 0.3827 -0.1287
0.7999 -0.3557 -0.431 -0.2189 0.0651 -0.5375 -0.7454 0.389 0.7145 -0.2446 -0.6424 -0.1302 0.7714 0.0572 -0.6328 -0.0361 0.6331 -0.1546 -0.7122 -0.2607 0.7625 0.1766 -0.6221 0.0215 0.9388 0.097 0.3268 -0.0491 0.7637 0.2056 -0.6118 -0.0111 0.7109 -0.1517 -0.6182 -0.2991 0.9144 -0.0283 0.3827 -0.1287
0.7999 -0.3557 -0.431 -0.2189 0.1035 -0.5286 -0.7406 0.4019 0.7145 -0.2446 -0.6424 -0.1302 0.7714 0.0572 -0.6328 -0.0361 0.6331 -0.1546 -0.7122 -0.2607 0.7625 0.1766 -0.6221 0.0215 0.9388 0.097 0.3268 -0.0491 0.7637 0.2056 -0.6118 -0.0111 0.7109 -0.1517 -0.6182 -0.2991 0.9144 -0.0283 0.3827 -0.1287
0.816 -0.3621 -0.3921 -0.2219 0.1035 -0.5286 -0.7406 0.4019 0.7145 -0.2446 -0.6424 -0.1302 0.7714 0.0572 -0.6328 -0.0361 0.6331 -0.1546 -0.7122 -0.2607 0.7625 0.1766 -0.6221 0.0215 0.9388 0.097 0.3268 -0.0491 0.7637 0.2056 -0.6118 -0.0111 0.7109 -0.1517 -0.6182 -0.2991 0.9144 -0.0283 0.3827 -0.1287
0.816 -0.3621 -0.3921 -0.2219 0.1035 -0.5286 -0.7406 0.4019 0.7145 -0.2446 -0.6424 -0.1302 0.7714 0.0572 -0.6328 -0.0361 0.6331 -0.1546 -0.7122 -0.2607 0.7625 0.1766 -0.6221 0.0215 0.9388 0.097 0.3268 -0.0491 0.7155 0.1888 -0.6725 0.0055 0.7109 -0.1517 -0.6182 -0.2991 0.9144 -0.0283 0.3827 -0.1287
0.816 -0.3621 -0.3921 -0.2219 0.1035 -0.5286 -0.7406 0.4019 0.6962 -0.2401 -0.662 -0.139 0.7714 0.0572 -0.6328 -0.0361 0.6331 -0.1546 -0.7122 -0.2607 0.7625 0.1766 -0.6221 0.0215 0.9388 0.097 0.3268 -0.0491 0.7155 0.1888 -0.6725 0.0055 0.7109 -0.1517 -0.6182 -0.2991 0.9144 -0.0283 0.3827 -0.1287
0.816 -0.3621 -0.3921 -0.2219 0.1035 -0.5286 -0.7406 0.4019 0.6962 -0.2401 -0.662 -0.139 0.7714 0.0572 -0.6328 -0.0361 0.6331 -0.1546 -0.7122 -0.2607 0.7625 0.1766 -0.6221 0.0215 0.9388 0.097 0.3268 -0.0491 0.7155 0.1888 -0.6725 0.0055 0.7109 -0.1517 -0.6182 -0.2991 0.9144 -0.0283 0.3827 -0.1287
0.816 -0.3621 -0.3921 -0.2219 0.1035 -0.5286 -0.7406 0.4019 0.6962 -0.2401 -0.662 -0.139 0.7714 0.0572 -0.6328 -0.0361 0.6331 -0.1546 -0.7122 -0.2607 0.7798 0.1834 -0.5977 0.0316 0.9388 0.097 0.3268 -0.0491 0.7155 0.1888 -0.6725 0.0055 0.7109 -0.1517 -0.6182 -0.2991 0.9144 -0.0283 0.3827 -0.1287
0.816 -0.3621 -0.3921 -0.2219 0.1035 -0.5286 -0.7406 0.4019 0.6962 -0.2401 -0.662 -0.139 0.7714 0.0572 -0.6328 -0.0361 0.6331 -0.1546 -0.7122 -0.2607 0.7798 0.1834 -0.5977 0.0316 0.9388 0.097 0.3268 -0.0491 0.7155 0.1888 -0.6725 0.0055 0.7109 -0.1517 -0.6182 -0.2991 0.9144 -0.0283 0.3827 -0.1287
0.816 -0.3621 -0.3921 -0.2219 0.1035 -0.5286 -0.7406 0.4019 0.6962 -0.2401 -0.662 -0.139 0.7714 0.0572 -0.6328 -0.0361 0.6331 -0.1546 -0.7122 -0.2607 0.7798 0.1834 -0.5977 0.0316 0.9388 0.097 0.3268 -0.0491 0.7155 0.1888 -0.6725 0.0055 0.7109 -0.1517 -0.6182 -0.2991 0.9144 -0.0283 0.3827 -0.1287
0.816 -0.3621 -0.3921 -0.2219 0.1331 -0.5461 -0.7216 0.4042 0.6962 -0.2401 -0.662 -0.139 0.7714 0.0572 -0.6328 -0.0361 0.6726 -0.1459 -0.6798 -0.2533 0.7798 0.1834 -0.5977 0.0316 0.9388 0.097 0.3268 -0.0491 0.7155 0.1888 -0.6725 0.0055 0.7109 -0.1517 -0.6182 -0.2991 0.9141 0.0015 0.3798 -0.1425
0.816 -0.3621 -0.3921 -0.2219 0.1331 -0.5461 -0.7216 0.4042 0.6962 -0.2401 -0.662 -0.139 0.7714 0.0572 -0.6328 -0.0361 0.6726 -0.1459 -0.6798 -0.2533 0.7798 0.1834 -0.5977 0.0316 0.9388 0.097 0.3268 -0.0491 0.7155 0.1888 -0.6725 0.0055 0.7109 -0.1517 -0.6182 -0.2991 0.9141 0.0015 0.3798 -0.1425
0.816 -0.3621 -0.3921 -0.2219 0.1331 -0.5461 -0.7216 0.4042 0.6801 -0.2534 -0.6693 -0.1587 0.7714 0.0572 -0.6328 -0.0361 0.6726 -0.1459 -0.6798 -0.2533 0.7798 0.1834 -0.5977 0.0316 0.9388 0.097 0.3268 -0.0491 0.6906 0.1794 -0.7004 0.0179 0.7109 -0.1517 -0.6182 -0.2991 0.9141 0.0015 0.3798 -0.1425
0.816 -0.3621 -0.3921 -0.2219 0.1331 -0.5461 -0.7216 0.4042 0.6801 -0.2534 -0.6693 -0.1587 0.7419 0.0353 -0.6669 -0.0606 0.6726 -0.1459 -0.6798 -0.2533 0.7798 0.1834 -0.5977 0.0316 0.944 0.022 0.3044 -0.125 0.6906 0.1794 -0.7004 0.0179 0.7109 -0.1517 -0.6182 -0.2991 0.9141 0.0015 0.3798 -0.1425
0.816 -0.3621 -0.3921 -0.2219 0.1331 -0.5461 -0.7216 0.4042 0.6801 -0.2534 -0.6693 -0.1587 0.7419 0.0353 -0.6669 -0.0606 0.6726 -0.1459 -0.6798 -0.2533 0.7798 0.1834 -0.5977 0.0316 0.944 0.022 0.3044 -0.125 0.6906 0.1794 -0.7004 0.0179 0.7109 -0.1517 -0.6182 -0.2991 0.9141 0.0015 0.3798 -0.1425
0.816 -0.3621 -0.3921 -0.2219 0.1331 -0.5461 -0.7216 0.4042 0.6801 -0.2534 -0.6693 -0.1587 0.7419 0.0353 -0.6669 -0.0606 0.6726 -0.1459 -0.6798 -0.2533 0.7798 0.1834 -0.5977 0.0316 0.944 0.022 0.3044 -0.125 0.6906 0.1794 -0.7004 0.0179 0.7109 -0.1517 -0.6182 -0.2991 0.9141 0.0015 0.3798 -0.1425
0.816 -0.3621 -0.3921 -0.2219 0.1509 -0.5682 -0.7013 0.4032 0.6801 -0.2534 -0.6693 -0.1587 0.7419 0.0353 -0.6669 -0.0606 0.6726 -0.1459 -0.6798 -0.2533 0.7798 0.1834 -0.5977 0.0316 0.944 0.022 0.3044 -0.125 0.6906 0.1794 -0.7004 0.0179 0.7109 -0.1517 -0.6182 -0.2991 0.9141 0.0015 0.3798 -0.1425
0.816 -0.3621 -0.3921 -0.2219 0.1509 -0.5682 -0.7013 0.4032 0.6801 -0.2534 -0.6693 -0.1587 0.7419 0.0353 -0.6669 -0.0606 0.6726 -0.1459 -0.6798 -0.2533 0.7798 0.1834 -0.5977 0.0316 0.944 0.022 0.3044 -0.125 0.6906 0.1794 -0.7004 0.0179 0.7109 -0.1517 -0.6182 -0.2991 0.9141 0.0015 0.3798 -0.1425
0.8075 -0.389 -0.348 -0.2749 0.1509 -0.5682 -0.7013 0.4032 0.6801 -0.2534 -0.6693 -0.1587 0.7419 0.0353 -0.6669 -0.0606 0.6726 -0.1459 -0.6798 -0.2533 0.7798 0.1834 -0.5977 0.0316 0.944 0.022 0.3044 -0.125 0.6705 0.1925 -0.7155 0.0371 0.6743 -0.3026 -0.6089 -0.288 0.9141 0.0052 0.3807 -0.1399
0.8075 -0.389 -0.348 -0.2749 0.1509 -0.5682 -0.7013 0.4032 0.6632 -0.278 -0.6648 -0.2023 0.7332 0.0224 -0.673 -0.0947 0.6726 -0.1459 -0.6798 -0.2533 0.7798 0.1834 -0.5977 0.0316 0.944 0.022 0.3044 -0.125 0.6705 0.1925 -0.7155 0.0371 0.6743 -0.3026 -0.6089 -0.288 0.9141 0.0052 0.3807 -0.1399
0.8075 -0.389 -0.348 -0.2749 0.1509 -0.5682 -0.7013 0.4032 0.6632 -0.278 -0.6648 -0.2023 0.7332 0.0224 -0.673 -0.0947 0.6726 -0.1459 -0.6798 -0.2533 0.8223 0.0129 -0.5561 0.1198 0.944 0.022 0.3044 -0.125 0.6705 0.1925 -0.7155 0.0371 0.6743 -0.3026 -0.6089 -0.288 0.9141 0.0052 0.3807 -0.1399
0.8075 -0.389 -0.348 -0.2749 0.1509 -0.5682 -0.7013 0.4032 0.6632 -0.278 -0.6648 -0.2023 0.7332 0.0224 -0.673 -0.0947 0.6726 -0.1459 -0.6798 -0.2533 0.8223 0.0129 -0.5561 0.1198 0.944 0.022 0.3044 -0.125 0.6705 0.1925 -0.7155 0.0371 0.6743 -0.3026 -0.6089 -0.288 0.9141 0.0052 0.3807 -0.1399
0.8075 -0.389 -0.348 -0.2749 0.1509 -0.5682 -0.7013 0.4032 0.6632 -0.278 -0.6648 -0.2023 0.7332 0.0224 -0.673 -0.0947 0.6726 -0.1459 -0.6798 -0.2533 0.8223 0.0129 -0.5561 0.1198 0.944 0.022 0.3044 -0.125 0.6705 0.1925 -0.7155 0.0371 0.6743 -0.3026 -0.6089 -0.288 0.9141 0.0052 0.3807 -0.1399
0.8075 -0.389 -0.348 -0.2749 0.1509 -0.5682 -0.7013 0.4032 0.6632 -0.278 -0.6648 -0.2023 0.7332 0.0224 -0.673 -0.0947 0.6726 -0.1459 -0.6798 -0.2533 0.8223 0.0129 -0.5561 0.1198 0.944 0.022 0.3044 -0.125 0.6705 0.1925 -0.7155 0.0371 0.6743 -0.3026 -0.6089 -0.288 0.9141 0.0052 0.3807 -0.1399
0.8075 -0.389 -0.348 -0.2749 0.1509 -0.5682 -0.7013 0.4032 0.6632 -0.278 -0.6648 -0.2023 0.7332 0.0224 -0.673 -0.0947 0.6726 -0.1459 -0.6798 -0.2533 0.8223 0.0129 -0.5561 0.1198 0.944 0.022 0.3044 -0.125 0.6705 0.1925 -0.7155 0.0371 0.6743 -0.3026 -0.6089 -0.288 0.9141 0.0052 0.3807 -0.1399
0.808 -0.3887 -0.339 -0.2849 0.1594 -0.5801 -0.6959 0.3922 0.6632 -0.278 -0.6648 -0.2023 0.7332 0.0224 -0.673 -0.0947 0.7844 -0.1776 -0.5665 -0.1797 0.8223 0.0129 -0.5561 0.1198 0.944 0.022 0.3044 -0.125 0.6584 0.2077 -0.7213 0.0555 0.6786 -0.3016 -0.6163 -0.262 0.9154 0.0122 0.3788 -0.1359
0.808 -0.3887 -0.339 -0.2849 0.1594 -0.5801 -0.6959 0.3922 0.6604 -0.2759 -0.663 -0.2197 0.7332 0.0224 -0.673 -0.0947 0.7844 -0.1776 -0.5665 -0.1797 0.8223 0.0129 -0.5561 0.1198 0.944 0.022 0.3044 -0.125 0.6584 0.2077 -0.7213 0.0555 0.6786 -0.3016 -0.6163 -0.262 0.9154 0.0122 0.3788 -0.1359
0.808 -0.3887 -0.339 -0.2849 0.1594 -0.5801 -0.6959 0.3922 0.6604 -0.2759 -0.663 -0.2197 0.728 0.0374 -0.6765 -0.1046 0.7844 -0.1776 -0.5665 -0.1797 0.8223 0.0129 -0.5561 0.1198 0.9806 -0.0379 0.1748 -0.0803 0.6584 0.2077 -0.7213 0.0555 0.6786 -0.3016 -0.6163 -0.262 0.9154 0.0122 0.3788 -0.1359
0.808 -0.3887 -0.339 -0.2849 0.1594 -0.5801 -0.6959 0.3922 0.6604 -0.2759 -0.663 -0.2197 0.728 0.0374 -0.6765 -0.1046 0.7844 -0.1776 -0.5665 -0.1797 0.8047 -0.0175 -0.5602 0.1955 0.9806 -0.0379 0.1748 -0.0803 0.6584 0.2077 -0.7213 0.0555 0.6786 -0.3016 -0.6163 -0.262 0.9154 0.0122 0.3788 -0.1359
0.808 -0.3887 -0.339 -0.2849 0.1594 -0.5801 -0.6959 0.3922 0.6604 -0.2759 -0.663 -0.2197 0.728 0.0374 -0.6765 -0.1046 0.7844 -0.1776 -0.5665 -0.1797 0.8047 -0.0175 -0.5602 0.1955 0.9806 -0.0379 0.1748 -0.0803 0.6584 0.2077 -0.7213 0.0555 0.6786 -0.3016 -0.6163 -0.262 0.9154 0.0122 0.3788 -0.1359
0.808 -0.3887 -0.339 -0.2849 0.1643 -0.5717 -0.7015 0.3926 0.6604 -0.2759 -0.663 -0.2197 0.728 0.0374 -0.6765 -0.1046 0.8026 -0.1953 -0.5516 -0.1162 0.8047 -0.0175 -0.5602 0.1955 0.9806 -0.0379 0.1748 -0.0803 0.6584 0.2077 -0.7213 0.0555 0.6786 -0.3016 -0.6163 -0.262 0.9154 0.0122 0.3788 -0.1359
0.808 -0.3887 -0.339 -0.2849 0.1643 -0.5717 -0.7015 0.3926 0.6604 -0.2759 -0.663 -0.2197 0.728 0.0374 -0.6765 -0.1046 0.8026 -0.1953 -0.5516 -0.1162 0.8047 -0.0175 -0.5602 0.1955 0.9806 -0.0379 0.1748 -0.0803 0.6584 0.2077 -0.7213 0.0555 0.6786 -0.3016 -0.6163 -0.262 0.9154 0.0122 0.3788 -0.1359
0.8173 -0.3897 -0.3289 -0.2682 0.1643 -0.5717 -0.7015 0.3926 0.6604 -0.2759 -0.663 -0.2197 0.728 0.0374 -0.6765 -0.1046 0.8026 -0.1953 -0.5516 -0.1162 0.8047 -0.0175 -0.5602 0.1955 0.9806 -0.0379 0.1748 -0.0803 0.6584 0.2077 -0.7213 0.0555 0.6844 -0.3037 -0.6163 -0.2439 0.9159 0.0156 0.3782 -0.1337
0.8173 -0.3897 -0.3289 -0.2682 0.1643 -0.5717 -0.7015 0.3926 0.6631 -0.2643 -0.6638 -0.223 0.7247 0.0486 -0.6815 -0.0898 0.8026 -0.1953 -0.5516 -0.1162 0.8047 -0.0175 -0.5602 0.1955 0.9806 -0.0379 0.1748 -0.0803 0.6584 0.2077 -0.7213 0.0555 0.6844 -0.3037 -0.6163 -0.2439 0.9159 0.0156 0.3782 -0.1337
0.8173 -0.3897 -0.3289 -0.2682 0.1643 -0.5717 -0.7015 0.3926 0.6631 -0.2643 -0.6638 -0.223 0.7247 0.0486 -0.6815 -0.0898 0.8026 -0.1953 -0.5516 -0.1162 0.8047 -0.0175 -0.5602 0.1955 0.9806 -0.0379 0.1748 -0.0803 0.6584 0.2077 -0.7213 0.0555 0.6844 -0.3037 -0.6163 -0.2439 0.9159 0.0156 0.3782 -0.1337
0.8173 -0.3897 -0.3289 -0.2682 0.1643 -0.5717 -0.7015 0.3926 0.6631 -0.2643 -0.6638 -0.223 0.7247 0.0486 -0.6815 -0.0898 0.8026 -0.1953 -0.5516 -0.1162 0.7668 -0.0102 -0.6013 0.2245 0.9806 -0.0379 0.1748 -0.0803 0.6584 0.2077 -0.7213 0.0555 0.6844 -0.3037 -0.6163 -0.2439 0.9159 0.0156 0.3782 -0.1337
0.8173 -0.3897 -0.3289 -0.2682 0.1643 -0.5717 -0.7015 0.3926 0.6631 -0.2643 -0.6638 -0.223 0.7247 0.0486 -0.6815 -0.0898 0.7879 -0.2033 -0.5781 -0.0604 0.7668 -0.0102 -0.6013 0.2245 0.9806 -0.0379 0.1748 -0.0803 0.6584 0.2077 -0.7213 0.0555 0.6844 -0.3037 -0.6163 -0.2439 0.9159 0.0156 0.3782 -0.1337
0.8173 -0.3897 -0.3289 -0.2682 0.1643 -0.5717 -0.7015 0.3926 0.6631 -0.2643 -0.6638 -0.223 0.7247 0.0486 -0.6815 -0.0898 0.7879 -0.2033 -0.5781 -0.0604 0.7668 -0.0102 -0.6013 0.2245 0.9806 -0.0379 0.1748 -0.0803 0.6584 0.2077 -0.7213 0.0555 0.6844 -0.3037 -0.6163 -0.2439 0.9159 0.0156 0.3782 -0.1337
0.8173 -0.3897 -0.3289 -0.2682 0.1588 -0.5566 -0.7121 0.3973 0.6631 -0.2643 -0.6638 -0.223 0.7247 0.0486 -0.6815 -0.0898 0.7879 -0.2033 -0.5781 -0.0604 0.7668 -0.0102 -0.6013 0.2245 0.9806 -0.0379 0.1748 -0.0803 0.6584 0.2077 -0.7213 0.0555 0.6844 -0.3037 -0.6163 -0.2439 0.9162 0.0167 0.378 -0.132
0.8173 -0.3897 -0.3289 -0.2682 0.1588 -0.5566 -0.7121 0.3973 0.6631 -0.2643 -0.6638 -0.223 0.7247 0.0486 -0.6815 -0.0898 0.7879 -0.2033 -0.5781 -0.0604 0.7668 -0.0102 -0.6013 0.2245 0.9806 -0.0379 0.1748 -0.0803 0.6584 0.2077 -0.7213 0.0555 0.6844 -0.3037 -0.6163 -0.2439 0.9162 0.0167 0.378 -0.132
0.8245 -0.3871 -0.3307 -0.2469 0.1588 -0.5566 -0.7121 0.3973 0.6688 -0.2487 -0.668 -0.2115 0.7247 0.0486 -0.6815 -0.0898 0.7879 -0.2033 -0.5781 -0.0604 0.7668 -0.0102 -0.6013 0.2245 0.9806 -0.0379 0.1748 -0.0803 0.6584 0.2077 -0.7213 0.0555 0.6844 -0.3037 -0.6163 -0.2439 0.9162 0.0167 0.378 -0.132
0.8245 -0.3871 -0.3307 -0.2469 0.1588 -0.5566 -0.7121 0.3973 0.6688 -0.2487 -0.668 -0.2115 0.7251 0.066 -0.6813 -0.0751 0.7879 -0.2033 -0.5781 -0.0604 0.7668 -0.0102 -0.6013 0.2245 0.9806 -0.0379 0.1748 -0.0803 0.6584 0.2077 -0.7213 0.0555 0.6844 -0.3037 -0.6163 -0.2439 0.9162 0.0167 0.378 -0.132
0.8245 -0.3871 -0.3307 -0.2469 0.1588 -0.5566 -0.7121 0.3973 0.6688 -0.2487 -0.668 -0.2115 0.7251 0.066 -0.6813 -0.0751 0.7879 -0.2033 -0.5781 -0.0604 0.7186 0.0109 -0.666 0.1998 0.9806 -0.0379 0.1748 -0.0803 0.6584 0.2077 -0.7213 0.0555 0.6844 -0.3037 -0.6163 -0.2439 0.9162 0.0167 0.378 -0.132
0.8245 -0.3871 -0.3307 -0.2469 0.1588 -0.5566 -0.7121 0.3973 0.6688 -0.2487 -0.668 -0.2115 0.7251 0.066 -0.6813 -0.0751 0.7879 -0.2033 -0.5781 -0.0604 0.7186 0.0109 -0.666 0.1998 0.9806 -0.0379 0.1748 -0.0803 0.6584 0.2077 -0.7213 0.0555 0.6844 -0.3037 -0.6163 -0.2439 0.9162 0.0167 0.378 -0.132
0.8245 -0.3871 -0.3307 -0.2469 0.1588 -0.5566 -0.7121 0.3973 0.6688 -0.2487 -0.668 -0.2115 0.7251 0.066 -0.6813 -0.0751 0.7388 -0.2208 -0.6354 -0.0411 0.7186 0.0109 -0.666 0.1998 0.9806 -0.0379 0.1748 -0.0803 0.6584 0.2077 -0.7213 0.0555 0.6844 -0.3037 -0.6163 -0.2439 0.9162 0.0167 0.378 -0.132
0.8245 -0.3871 -0.3307 -0.2469 0.1588 -0.5566 -0.7121 0.3973 0.6688 -0.2487 -0.668 -0.2115 0.7251 0.066 -0.6813 -0.0751 0.7388 -0.2208 -0.6354 -0.0411 0.7186 0.0109 -0.666 0.1998 0.9806 -0.0379 0.1748 -0.0803 0.6584 0.2077 -0.7213 0.0555 0.6844 -0.3037 -0.6163 -0.2439 0.9162 0.0167 0.378 -0.132
0.8258 -0.3809 -0.3531 -0.2196 0.1406 -0.5386 -0.7276 0.4008 0.6688 -0.2487 -0.668 -0.2115 0.7251 0.066 -0.6813 -0.0751 0.7388 -0.2208 -0.6354 -0.0411 0.7186 0.0109 -0.666 0.1998 0.9806 -0.0379 0.1748 -0.0803 0.634 0.2322 -0.7232 0.1452 0.7051 -0.3159 -0.6008 -0.205 0.9165 0.0167 0.3776 -0.1312
0.8258 -0.3809 -0.3531 -0.2196 0.1406 -0.5386 -0.7276 0.4008 0.6688 -0.2487 -0.668 -0.2115 0.7251 0.066 -0.6813 -0.0751 0.7388 -0.2208 -0.6354 -0.0411 0.7186 0.0109 -0.666 0.1998 0.9806 -0.0379 0.1748 -0.0803 0.634 0.2322 -0.7232 0.1452 0.7051 -0.3159 -0.6008 -0.205 0.9165 0.0167 0.3776 -0.1312
0.8258 -0.3809 -0.3531 -0.2196 0.1406 -0.5386 -0.7276 0.4008 0.6688 -0.2487 -0.668 -0.2115 0.7251 0.066 -0.6813 -0.0751 0.7388 -0.2208 -0.6354 -0.0411 0.7186 0.0109 -0.666 0.1998 0.9806 -0.0379 0.1748 -0.0803 0.634 0.2322 -0.7232 0.1452 0.7051 -0.3159 -0.6008 -0.205 0.9165 0.0167 0.3776 -0.1312
0.8258 -0.3809 -0.3531 -0.2196 0.1406 -0.5386 -0.7276 0.4008 0.6688 -0.2487 -0.668 -0.2115 0.7251 0.066 -0.6813 -0.0751 0.7388 -0.2208 -0.6354 -0.0411 0.691 0.0468 -0.7092 0.1314 0.9806 -0.0379 0.1748 -0.0803 0.634 0.2322 -0.7232 0.1452 0.7051 -0.3159 -0.6008 -0.205 0.9165 0.0167 0.3776 -0.1312
0.8258 -0.3809 -0.3531 -0.2196 0.1406 -0.5386 -0.7276 0.4008 0.6688 -0.2487 -0.668 -0.2115 0.7251 0.066 -0.6813 -0.0751 0.7388 -0.2208 -0.6354 -0.0411 0.691 0.0468 -0.7092 0.1314 0.9806 -0.0379 0.1748 -0.0803 0.634 0.2322 -0.7232 0.1452 0.7051 -0.3159 -0.6008 -0.205 0.9165 0.0167 0.3776 -0.1312
0.8258 -0.3809 -0.3531 -0.2196 0.1406 -0.5386 -0.7276 0.4008 0.6688 -0.2487 -0.668 -0.2115 0.7251 0.066 -0.6813 -0.0751 0.7388 -0.2208 -0.6354 -0.0411 0.691 0.0468 -0.7092 0.1314 0.9806 -0.0379 0.1748 -0.0803 0.634 0.2322 -0.7232 0.1452 0.7051 -0.3159 -0.6008 -0.205 0.9165 0.0167 0.3776 -0.1312
0.8258 -0.3809 -0.3531 -0.2196 0.1406 -0.5386 -0.7276 0.4008 0.6688 -0.2487 -0.668 -0.2115 0.7251 0.066 -0.6813 -0.0751 0.7388 -0.2208 -0.6354 -0.0411 0.691 0.0468 -0.7092 0.1314 0.9806 -0.0379 0.1748 -0.0803 0.634 0.2322 -0.7232 0.1452 0.7051 -0.3159 -0.6008 -0.205 0.9165 0.0167 0.3776 -0.1312
0.8258 -0.3809 -0.3531 -0.2196 0.1008 -0.5226 -0.7441 0.4037 0.6688 -0.2487 -0.668 -0.2115 0.7251 0.066 -0.6813 -0.0751 0.6857 -0.2083 -0.6943 -0.066 0.691 0.0468 -0.7092 0.1314 0.9806 -0.0379 0.1748 -0.0803 0.634 0.2322 -0.7232 0.1452 0.7212 -0.3356 -0.5819 -0.1692 0.9169 0.0143 0.3771 -0.1298
0.8258 -0.3809 -0.3531 -0.2196 0.1008 -0.5226 -0.7441 0.4037 0.7029 -0.2156 -0.6579 -0.1633 0.7251 0.066 -0.6813 -0.0751 0.6857 -0.2083 -0.6943 -0.066 0.691 0.0468 -0.7092 0.1314 0.9806 -0.0379 0.1748 -0.0803 0.634 0.2322 -0.7232 0.1452 0.7212 -0.3356 -0.5819 -0.1692 0.9169 0.0143 0.3771 -0.1298
0.8258 -0.3809 -0.3531 -0.2196 0.1008 -0.5226 -0.7441 0.4037 0.7029 -0.2156 -0.6579 -0.1633 0.7251 0.066 -0.6813 -0.0751 0.6857 -0.2083 -0.6943 -0.066 0.686 0.1038 -0.7032 0.1554 0.9806 -0.0379 0.1748 -0.0803 0.634 0.2322 -0.7232 0.1452 0.7212 -0.3356 -0.5819 -0.1692 0.9169 0.0143 0.3771 -0.1298
0.8258 -0.3809 -0.3531 -0.2196 0.1008 -0.5226 -0.7441 0.4037 0.7029 -0.2156 -0.6579 -0.1633 0.7251 0.066 -0.6813 -0.0751 0.6857 -0.2083 -0.6943 -0.066 0.686 0.1038 -0.7032 0.1554 0.9806 -0.0379 0.1748 -0.0803 0.634 0.2322 -0.7232 0.1452 0.7212 -0.3356 -0.5819 -0.1692 0.9169 0.0143 0.3771 -0.1298
0.8258 -0.3809 -0.3531 -0.2196 0.1008 -0.5226 -0.7441 0.4037 0.7029 -0.2156 -0.6579 -0.1633 0.7251 0.066 -0.6813 -0.0751 0.6857 -0.2083 -0.6943 -0.066 0.686 0.1038 -0.7032 0.1554 0.9806 -0.0379 0.1748 -0.0803 0.634 0.2322 -0.7232 0.1452 0.7212 -0.3356 -0.5819 -0.1692 0.9169 0.0143 0.3771 -0.1298
0.8258 -0.3809 -0.3531 -0.2196 0.0622 -0.5228 -0.7484 0.4034 0.7029 -0.2156 -0.6579 -0.1633 0.7251 0.066 -0.6813 -0.0751 0.6857 -0.2083 -0.6943 -0.066 0.686 0.1038 -0.7032 0.1554 0.9806 -0.0379 0.1748 -0.0803 0.634 0.2322 -0.7232 0.1452 0.7212 -0.3356 -0.5819 -0.1692 0.9169 0.0143 0.3771 -0.1298
0.8258 -0.3809 -0.3531 -0.2196 0.0622 -0.5228 -0.7484 0.4034 0.7029 -0.2156 -0.6579 -0.1633 0.7251 0.066 -0.6813 -0.0751 0.6857 -0.2083 -0.6943 -0.066 0.686 0.1038 -0.7032 0.1554 0.9806 -0.0379 0.1748 -0.0803 0.634 0.2322 -0.7232 0.1452 0.7212 -0.3356 -0.5819 -0.1692 0.9169 0.0143 0.3771 -0.1298
0.8258 -0.3809 -0.3531 -0.2196 0.0622 -0.5228 -0.7484 0.4034 0.7029 -0.2156 -0.6579 -0.1633 0.7251 0.066 -0.6813 -0.0751 0.6857 -0.2083 -0.6943 -0.066 0.686 0.1038 -0.7032 0.1554 0.9806 -0.0379 0.1748 -0.0803 0.634 0.2322 -0.7232 0.1452 0.7212 -0.3356 -0.5819 -0.1692 0.9169 0.0143 0.3771 -0.1298
0.8001 -0.3769 -0.4291 -0.1833 0.0622 -0.5228 -0.7484 0.4034 0.7175 -0.2176 -0.6471 -0.1384 0.7251 0.066 -0.6813 -0.0751 0.6857 -0.2083 -0.6943 -0.066 0.686 0.1038 -0.7032 0.1554 0.9806 -0.0379 0.1748 -0.0803 0.6682 0.2714 -0.6744 0.1587 0.7212 -0.3356 -0.5819 -0.1692 0.9169 0.0143 0.3771 -0.1298
0.8001 -0.3769 -0.4291 -0.1833 0.0622 -0.5228 -0.7484 0.4034 0.7175 -0.2176 -0.6471 -0.1384 0.7251 0.066 -0.6813 -0.0751 0.6857 -0.2083 -0.6943 -0.066 0.686 0.1038 -0.7032 0.1554 0.9806 -0.0379 0.1748 -0.0803 0.6682 0.2714 -0.6744 0.1587 0.7212 -0.3356 -0.5819 -0.1692 0.9169 0.0143 0.3771 -0.1298
0.8001 -0.3769 -0.4291 -0.1833 0.0622 -0.5228 -0.7484 0.4034 0.7175 -0.2176 -0.6471 -0.1384 0.7251 0.066 -0.6813 -0.0751 0.6857 -0.2083 -0.6943 -0.066 0.686 0.1038 -0.7032 0.1554 0.9806 -0.0379 0.1748 -0.0803 0.6682 0.2714 -0.6744 0.1587 0.7212 -0.3356 -0.5819 -0.1692 0.9169 0.0143 0.3771 -0.1298
0.8001 -0.3769 -0.4291 -0.1833 0.0622 -0.5228 -0.7484 0.4034 0.7175 -0.2176 -0.6471 -0.1384 0.7251 0.066 -0.6813 -0.0751 0.6857 -0.2083 -0.6943 -0.066 0.686 0.1038 -0.7032 0.1554 0.9806 -0.0379 0.1748 -0.0803 0.6682 0.2714 -0.6744 0.1587 0.7212 -0.3356 -0.5819 -0.1692 0.9169 0.0143 0.3771 -0.1298
0.8001 -0.3769 -0.4291 -0.1833 0.0622 -0.5228 -0.7484 0.4034 0.7175 -0.2176 -0.6471 -0.1384 0.7251 0.066 -0.6813 -0.0751 0.6857 -0.2083 -0.6943 -0.066 0.686 0.1038 -0.7032 0.1554 0.9806 -0.0379 0.1748 -0.0803 0.6682 0.2714 -0.6744 0.1587 0.7212 -0.3356 -0.5819 -0.1692 0.9169 0.0143 0.3771 -0.1298
0.8001 -0.3769 -0.4291 -0.1833 0.0622 -0.5228 -0.7484 0.4034 0.7175 -0.2176 -0.6471 -0.1384 0.7251 0.066 -0.6813 -0.0751 0.6857 -0.2083 -0.6943 -0.066 0.686 0.1038 -0.7032 0.1554 0.9806 -0.0379 0.1748 -0.0803 0.6682 0.2714 -0.6744 0.1587 0.7212 -0.3356 -0.5819 -0.1692 0.9169 0.0143 0.3771 -0.1298
0.8001 -0.3769 -0.4291 -0.1833 0.0622 -0.5228 -0.7484 0.4034 0.7175 -0.2176 -0.6471 -0.1384 0.7251 0.066 -0.6813 -0.0751 0.6857 -0.2083 -0.6943 -0.066 0.686 0.1038 -0.7032 0.1554 0.9806 -0.0379 0.1748 -0.0803 0.6682 0.2714 -0.6744 0.1587 0.7212 -0.3356 -0.5819 -0.1692 0.9169 0.0143 0.3771 -0.1298
0.7906 -0.3713 -0.4537 -0.1767 0.0358 -0.5246 -0.7535 0.3946 0.7357 -0.2036 -0.6358 -0.1149 0.7251 0.066 -0.6813 -0.0751 0.6857 -0.2083 -0.6943 -0.066 0.686 0.1038 -0.7032 0.1554 0.9806 -0.0379 0.1748 -0.0803 0.7461 0.2586 -0.6089 0.0754 0.7041 -0.4849 -0.5184 -0.0183 0.8026 0.0441 0.5897 -0.0785
0.7906 -0.3713 -0.4537 -0.1767 0.0358 -0.5246 -0.7535 0.3946 0.7357 -0.2036 -0.6358 -0.1149 0.7251 0.066 -0.6813 -0.0751 0.6857 -0.2083 -0.6943 -0.066 0.686 0.1038 -0.7032 0.1554 0.9806 -0.0379 0.1748 -0.0803 0.7461 0.2586 -0.6089 0.0754 0.7041 -0.4849 -0.5184 -0.0183 0.8026 0.0441 0.5897 -0.0785
0.7906 -0.3713 -0.4537 -0.1767 0.0358 -0.5246 -0.7535 0.3946 0.7357 -0.2036 -0.6358 -0.1149 0.7251 0.066 -0.6813 -0.0751 0.6857 -0.2083 -0.6943 -0.066 0.6945 0.1497 -0.6913 0.1313 0.9806 -0.0379 0.1748 -0.0803 0.7461 0.2586 -0.6089 0.0754 0.7041 -0.4849 -0.5184 -0.0183 0.8026 0.0441 0.5897 -0.0785
0.7906 -0.3713 -0.4537 -0.1767 0.0358 -0.5246 -0.7535 0.3946 0.7357 -0.2036 -0.6358 -0.1149 0.7251 0.066 -0.6813 -0.0751 0.6857 -0.2083 -0.6943 -0.066 0.6945 0.1497 -0.6913 0.1313 0.9806 -0.0379 0.1748 -0.0803 0.7461 0.2586 -0.6089 0.0754 0.7041 -0.4849 -0.5184 -0.0183 0.8026 0.0441 0.5897 -0.0785
0.7906 -0.3713 -0.4537 -0.1767 0.0358 -0.5246 -0.7535 0.3946 0.7357 -0.2036 -0.6358 -0.1149 0.7251 0.066 -0.6813 -0.0751 0.6506 -0.1613 -0.7298 -0.1343 0.6945 0.1497 -0.6913 0.1313 0.9806 -0.0379 0.1748 -0.0803 0.7461 0.2586 -0.6089 0.0754 0.7041 -0.4849 -0.5184 -0.0183 0.8026 0.0441 0.5897 -0.0785
0.7906 -0.3713 -0.4537 -0.1767 0.0259 -0.5201 -0.7614 0.3861 0.7357 -0.2036 -0.6358 -0.1149 0.7251 0.066 -0.6813 -0.0751 0.6506 -0.1613 -0.7298 -0.1343 0.6945 0.1497 -0.6913 0.1313 0.9806 -0.0379 0.1748 -0.0803 0.7461 0.2586 -0.6089 0.0754 0.7041 -0.4849 -0.5184 -0.0183 0.8633 -0.0112 0.4984 -0.0786
0.7906 -0.3713 -0.4537 -0.1767 0.0259 -0.5201 -0.7614 0.3861 0.7357 -0.2036 -0.6358 -0.1149 0.7251 0.066 -0.6813 -0.0751 0.6506 -0.1613 -0.7298 -0.1343 0.6945 0.1497 -0.6913 0.1313 0.9806 -0.0379 0.1748 -0.0803 0.7461 0.2586 -0.6089 0.0754 0.7041 -0.4849 -0.5184 -0.0183 0.8633 -0.0112 0.4984 -0.0786
0.7881 -0.3609 -0.4667 -0.1757 0.0259 -0.5201 -0.7614 0.3861 0.7445 -0.2007 -0.6297 -0.0942 0.7251 0.066 -0.6813 -0.0751 0.6506 -0.1613 -0.7298 -0.1343 0.6945 0.1497 -0.6913 0.1313 0.9806 -0.0379 0.1748 -0.0803 0.7722 0.2703 -0.5717 0.0615 0.7311 -0.3752 -0.5624 -0.092 0.8633 -0.0112 0.4984 -0.0786
0.7881 -0.3609 -0.4667 -0.1757 0.0259 -0.5201 -0.7614 0.3861 0.7445 -0.2007 -0.6297 -0.0942 0.7251 0.066 -0.6813 -0.0751 0.6506 -0.1613 -0.7298 -0.1343 0.6945 0.1497 -0.6913 0.1313 0.9806 -0.0379 0.1748 -0.0803 0.7722 0.2703 -0.5717 0.0615 0.7311 -0.3752 -0.5624 -0.092 0.8633 -0.0112 0.4984 -0.0786
0.7881 -0.3609 -0.4667 -0.1757 0.0259 -0.5201 -0.7614 0.3861 0.7445 -0.2007 -0.6297 -0.0942 0.7251 0.066 -0.6813 -0.0751 0.6506 -0.1613 -0.7298 -0.1343 0.701 0.1647 -0.6834 0.1199 0.9806 -0.0379 0.1748 -0.0803 0.7722 0.2703 -0.5717 0.0615 0.7311 -0.3752 -0.5624 -0.092 0.8633 -0.0112 0.4984 -0.0786
0.7881 -0.3609 -0.4667 -0.1757 0.0259 -0.5201 -0.7614 0.3861 0.7445 -0.2007 -0.6297 -0.0942 0.7251 0.066 -0.6813 -0.0751 0.6506 -0.1613 -0.7298 -0.1343 0.701 0.1647 -0.6834 0.1199 0.9806 -0.0379 0.1748 -0.0803 0.7722 0.2703 -0.5717 0.0615 0.7311 -0.3752 -0.5624 -0.092 0.8633 -0.0112 0.4984 -0.0786
0.7881 -0.3609 -0.4667 -0.1757 0.0259 -0.5201 -0.7614 0.3861 0.7445 -0.2007 -0.6297 -0.0942 0.7251 0.066 -0.6813 -0.0751 0.6436 -0.153 -0.7344 -0.1522 0.701 0.1647 -0.6834 0.1199 0.9806 -0.0379 0.1748 -0.0803 0.7722 0.2703 -0.5717 0.0615 0.7311 -0.3752 -0.5624 -0.092 0.8633 -0.0112 0.4984 -0.0786
0.7881 -0.3609 -0.4667 -0.1757 0.0259 -0.5201 -0.7614 0.3861 0.7445 -0.2007 -0.6297 -0.0942 0.7251 0.066 -0.6813 -0.0751 0.6436 -0.153 -0.7344 -0.1522 0.701 0.1647 -0.6834 0.1199 0.9806 -0.0379 0.1748 -0.0803 0.7722 0.2703 -0.5717 0.0615 0.7311 -0.3752 -0.5624 -0.092 0.8633 -0.0112 0.4984 -0.0786
0.7881 -0.3609 -0.4667 -0.1757 0.0259 -0.5201 -0.7614 0.3861 0.7445 -0.2007 -0.6297 -0.0942 0.7251 0.066 -0.6813 -0.0751 0.6436 -0.153 -0.7344 -0.1522 0.701 0.1647 -0.6834 0.1199 0.9806 -0.0379 0.1748 -0.0803 0.7722 0.2703 -0.5717 0.0615 0.7311 -0.3752 -0.5624 -0.092 0.8633 -0.0112 0.4984 -0.0786
0.7881 -0.3609 -0.4667 -0.1757 0.0259 -0.5201 -0.7614 0.3861 0.7445 -0.2007 -0.6297 -0.0942 0.7251 0.066 -0.6813 -0.0751 0.6436 -0.153 -0.7344 -0.1522 0.701 0.1647 -0.6834 0.1199 0.9806 -0.0379 0.1748 -0.0803 0.7722 0.2703 -0.5717 0.0615 0.7311 -0.3752 -0.5624 -0.092 0.8633 -0.0112 0.4984 -0.0786
0.7874 -0.3521 -0.4719 -0.1824 0.0272 -0.5192 -0.766 0.3781 0.7447 -0.2037 -0.63 -0.0839 0.7897 0.0909 -0.6067 0.005 0.6436 -0.153 -0.7344 -0.1522 0.701 0.1647 -0.6834 0.1199 0.9467 0.082 0.3115 0.0088 0.7858 0.2441 -0.5681 0.0166 0.7256 -0.2468 -0.5843 -0.2668 0.9239 -0.0327 0.3553 -0.1382
0.7874 -0.3521 -0.4719 -0.1824 0.0272 -0.5192 -0.766 0.3781 0.7447 -0.2037 -0.63 -0.0839 0.7897 0.0909 -0.6067 0.005 0.6436 -0.153 -0.7344 -0.1522 0.701 0.1647 -0.6834 0.1199 0.9467 0.082 0.3115 0.0088 0.7858 0.2441 -0.5681 0.0166 0.7256 -0.2468 -0.5843 -0.2668 0.9239 -0.0327 0.3553 -0.1382
0.7874 -0.3521 -0.4719 -0.1824 0.0272 -0.5192 -0.766 0.3781 0.7447 -0.2037 -0.63 -0.0839 0.7897 0.0909 -0.6067 0.005 0.6436 -0.153 -0.7344 -0.1522 0.701 0.1647 -0.6834 0.1199 0.9467 0.082 0.3115 0.0088 0.7858 0.2441 -0.5681 0.0166 0.7256 -0.2468 -0.5843 -0.2668 0.9239 -0.0327 0.3553 -0.1382
0.7874 -0.3521 -0.4719 -0.1824 0.0272 -0.5192 -0.766 0.3781 0.7447 -0.2037 -0.63 -0.0839 0.7897 0.0909 -0.6067 0.005 0.6436 -0.153 -0.7344 -0.1522 0.701 0.1647 -0.6834 0.1199 0.9467 0.082 0.3115 0.0088 0.7858 0.2441 -0.5681 0.0166 0.7256 -0.2468 -0.5843 -0.2668 0.9239 -0.0327 0.3553 -0.1382
0.7874 -0.3521 -0.4719 -0.1824 0.0411 -0.5277 -0.765 0.3669 0.7447 -0.2037 -0.63 -0.0839 0.7897 0.0909 -0.6067 0.005 0.6349 -0.154 -0.7342 -0.1849 0.701 0.1647 -0.6834 0.1199 0.9467 0.082 0.3115 0.0088 0.7858 0.2441 -0.5681 0.0166 0.7256 -0.2468 -0.5843 -0.2668 0.9374 -0.0872 0.2943 -0.1644
0.7874 -0.3521 -0.4719 -0.1824 0.0411 -0.5277 -0.765 0.3669 0.7447 -0.2037 -0.63 -0.0839 0.7897 0.0909 -0.6067 0.005 0.6349 -0.154 -0.7342 -0.1849 0.701 0.1647 -0.6834 0.1199 0.9467 0.082 0.3115 0.0088 0.7858 0.2441 -0.5681 0.0166 0.7256 -0.2468 -0.5843 -0.2668 0.9374 -0.0872 0.2943 -0.1644
0.7889 -0.347 -0.4668 -0.1982 0.0411 -0.5277 -0.765 0.3669 0.7331 -0.2228 -0.6363 -0.09 0.7897 0.0909 -0.6067 0.005 0.6349 -0.154 -0.7342 -0.1849 0.701 0.1647 -0.6834 0.1199 0.9467 0.082 0.3115 0.0088 0.7915 0.1978 -0.578 -0.0175 0.7071 -0.1439 -0.6071 -0.3329 0.9374 -0.0872 0.2943 -0.1644
0.7889 -0.347 -0.4668 -0.1982 0.0411 -0.5277 -0.765 0.3669 0.7331 -0.2228 -0.6363 -0.09 0.7841 0.0699 -0.6166 -0.0021 0.6349 -0.154 -0.7342 -0.1849 0.701 0.1647 -0.6834 0.1199 0.9467 0.082 0.3115 0.0088 0.7915 0.1978 -0.578 -0.0175 0.7071 -0.1439 -0.6071 -0.3329 0.9374 -0.0872 0.2943 -0.1644
0.7889 -0.347 -0.4668 -0.1982 0.0411 -0.5277 -0.765 0.3669 0.7331 -0.2228 -0.6363 -0.09 0.7841 0.0699 -0.6166 -0.0021 0.6349 -0.154 -0.7342 -0.1849 0.701 0.1647 -0.6834 0.1199 0.9467 0.082 0.3115 0.0088 0.7915 0.1978 -0.578 -0.0175 0.7071 -0.1439 -0.6071 -0.3329 0.9374 -0.0872 0.2943 -0.1644
0.7889 -0.347 -0.4668 -0.1982 0.0411 -0.5277 -0.765 0.3669 0.7331 -0.2228 -0.6363 -0.09 0.7841 0.0699 -0.6166 -0.0021 0.6349 -0.154 -0.7342 -0.1849 0.701 0.1647 -0.6834 0.1199 0.9467 0.082 0.3115 0.0088 0.7915 0.1978 -0.578 -0.0175 0.7071 -0.1439 -0.6071 -0.3329 0.9374 -0.0872 0.2943 -0.1644
0.7889 -0.347 -0.4668 -0.1982 0.067 -0.5326 -0.7619 0.3625 0.7331 -0.2228 -0.6363 -0.09 0.7841 0.0699 -0.6166 -0.0021 0.6255 -0.1575 -0.7301 -0.2255 0.701 0.1647 -0.6834 0.1199 0.9467 0.082 0.3115 0.0088 0.7915 0.1978 -0.578 -0.0175 0.7071 -0.1439 -0.6071 -0.3329 0.9425 -0.0599 0.2947 -0.1457
0.7889 -0.347 -0.4668 -0.1982 0.067 -0.5326 -0.7619 0.3625 0.7331 -0.2228 -0.6363 -0.09 0.7841 0.0699 -0.6166 -0.0021 0.6255 -0.1575 -0.7301 -0.2255 0.701 0.1647 -0.6834 0.1199 0.9467 0.082 0.3115 0.0088 0.7915 0.1978 -0.578 -0.0175 0.7071 -0.1439 -0.6071 -0.3329 0.9425 -0.0599 0.2947 -0.1457
0.7969 -0.3486 -0.4465 -0.2098 0.067 -0.5326 -0.7619 0.3625 0.7331 -0.2228 -0.6363 -0.09 0.7841 0.0699 -0.6166 -0.0021 0.6255 -0.1575 -0.7301 -0.2255 0.701 0.1647 -0.6834 0.1199 0.9467 0.082 0.3115 0.0088 0.7781 0.1663 -0.6041 -0.0432 0.7047 -0.1635 -0.6095 -0.3243 0.9425 -0.0599 0.2947 -0.1457
0.7969 -0.3486 -0.4465 -0.2098 0.067 -0.5326 -0.7619 0.3625 0.7331 -0.2228 -0.6363 -0.09 0.7841 0.0699 -0.6166 -0.0021 0.6255 -0.1575 -0.7301 -0.2255 0.701 0.1647 -0.6834 0.1199 0.9467 0.082 0.3115 0.0088 0.7781 0.1663 -0.6041 -0.0432 0.7047 -0.1635 -0.6095 -0.3243 0.9425 -0.0599 0.2947 -0.1457
0.7969 -0.3486 -0.4465 -0.2098 0.067 -0.5326 -0.7619 0.3625 0.7331 -0.2228 -0.6363 -0.09 0.7841 0.0699 -0.6166 -0.0021 0.6255 -0.1575 -0.7301 -0.2255 0.701 0.1647 -0.6834 0.1199 0.9467 0.082 0.3115 0.0088 0.7781 0.1663 -0.6041 -0.0432 0.7047 -0.1635 -0.6095 -0.3243 0.9425 -0.0599 0.2947 -0.1457
0.7969 -0.3486 -0.4465 -0.2098 0.067 -0.5326 -0.7619 0.3625 0.7331 -0.2228 -0.6363 -0.09 0.7841 0.0699 -0.6166 -0.0021 0.6255 -0.1575 -0.7301 -0.2255 0.7427 0.2039 -0.6358 0.0511 0.9467 0.082 0.3115 0.0088 0.7781 0.1663 -0.6041 -0.0432 0.7047 -0.1635 -0.6095 -0.3243 0.9425 -0.0599 0.2947 -0.1457
0.7969 -0.3486 -0.4465 -0.2098 0.067 -0.5326 -0.7619 0.3625 0.7331 -0.2228 -0.6363 -0.09 0.7841 0.0699 -0.6166 -0.0021 0.6255 -0.1575 -0.7301 -0.2255 0.7427 0.2039 -0.6358 0.0511 0.9467 0.082 0.3115 0.0088 0.7781 0.1663 -0.6041 -0.0432 0.7047 -0.1635 -0.6095 -0.3243 0.9425 -0.0599 0.2947 -0.1457
0.7969 -0.3486 -0.4465 -0.2098 0.067 -0.5326 -0.7619 0.3625 0.7331 -0.2228 -0.6363 -0.09 0.7841 0.0699 -0.6166 -0.0021 0.6255 -0.1575 -0.7301 -0.2255 0.7427 0.2039 -0.6358 0.0511 0.9467 0.082 0.3115 0.0088 0.7781 0.1663 -0.6041 -0.0432 0.7047 -0.1635 -0.6095 -0.3243 0.9425 -0.0599 0.2947 -0.1457
0.8124 -0.3463 -0.4063 -0.2344 0.1095 -0.54 -0.7533 0.3591 0.7331 -0.2228 -0.6363 -0.09 0.7841 0.0699 -0.6166 -0.0021 0.62 -0.1439 -0.7326 -0.2412 0.7427 0.2039 -0.6358 0.0511 0.9467 0.082 0.3115 0.0088 0.7781 0.1663 -0.6041 -0.0432 0.6843 -0.2245 -0.5987 -0.3506 0.9181 -0.0181 0.3699 -0.1414
0.8124 -0.3463 -0.4063 -0.2344 0.1095 -0.54 -0.7533 0.3591 0.7331 -0.2228 -0.6363 -0.09 0.7841 0.0699 -0.6166 -0.0021 0.62 -0.1439 -0.7326 -0.2412 0.7427 0.2039 -0.6358 0.0511 0.9467 0.082 0.3115 0.0088 0.7781 0.1663 -0.6041 -0.0432 0.6843 -0.2245 -0.5987 -0.3506 0.9181 -0.0181 0.3699 -0.1414
0.8124 -0.3463 -0.4063 -0.2344 0.1095 -0.54 -0.7533 0.3591 0.697 -0.246 -0.6592 -0.1382 0.7841 0.0699 -0.6166 -0.0021 0.62 -0.1439 -0.7326 -0.2412 0.7427 0.2039 -0.6358 0.0511 0.9467 0.082 0.3115 0.0088 0.7781 0.1663 -0.6041 -0.0432 0.6843 -0.2245 -0.5987 -0.3506 0.9181 -0.0181 0.3699 -0.1414
0.8124 -0.3463 -0.4063 -0.2344 0.1095 -0.54 -0.7533 0.3591 0.697 -0.246 -0.6592 -0.1382 0.7551 0.0576 -0.6526 -0.0237 0.62 -0.1439 -0.7326 -0.2412 0.7427 0.2039 -0.6358 0.0511 0.9179 0.0939 0.3853 0.0148 0.7781 0.1663 -0.6041 -0.0432 0.6843 -0.2245 -0.5987 -0.3506 0.9181 -0.0181 0.3699 -0.1414
0.8124 -0.3463 -0.4063 -0.2344 0.1095 -0.54 -0.7533 0.3591 0.697 -0.246 -0.6592 -0.1382 0.7551 0.0576 -0.6526 -0.0237 0.62 -0.1439 -0.7326 -0.2412 0.7676 0.2422 -0.5934 0.0038 0.9179 0.0939 0.3853 0.0148 0.7781 0.1663 -0.6041 -0.0432 0.6843 -0.2245 -0.5987 -0.3506 0.9181 -0.0181 0.3699 -0.1414
0.8124 -0.3463 -0.4063 -0.2344 0.1095 -0.54 -0.7533 0.3591 0.697 -0.246 -0.6592 -0.1382 0.7551 0.0576 -0.6526 -0.0237 0.62 -0.1439 -0.7326 -0.2412 0.7676 0.2422 -0.5934 0.0038 0.9179 0.0939 0.3853 0.0148 0.7781 0.1663 -0.6041 -0.0432 0.6843 -0.2245 -0.5987 -0.3506 0.9181 -0.0181 0.3699 -0.1414
0.8124 -0.3463 -0.4063 -0.2344 0.1453 -0.5313 -0.7528 0.3604 0.697 -0.246 -0.6592 -0.1382 0.7551 0.0576 -0.6526 -0.0237 0.6584 -0.1766 -0.6912 -0.2397 0.7676 0.2422 -0.5934 0.0038 0.9179 0.0939 0.3853 0.0148 0.7781 0.1663 -0.6041 -0.0432 0.6843 -0.2245 -0.5987 -0.3506 0.9173 -0.0033 0.3746 -0.135
0.8277 -0.3431 -0.3756 -0.2369 0.1453 -0.5313 -0.7528 0.3604 0.697 -0.246 -0.6592 -0.1382 0.7551 0.0576 -0.6526 -0.0237 0.6584 -0.1766 -0.6912 -0.2397 0.7676 0.2422 -0.5934 0.0038 0.9179 0.0939 0.3853 0.0148 0.7781 0.1663 -0.6041 -0.0432 0.6734 -0.2593 -0.6063 -0.3343 0.9173 -0.0033 0.3746 -0.135
0.8277 -0.3431 -0.3756 -0.2369 0.1453 -0.5313 -0.7528 0.3604 0.6866 -0.2467 -0.6677 -0.1477 0.7551 0.0576 -0.6526 -0.0237 0.6584 -0.1766 -0.6912 -0.2397 0.7676 0.2422 -0.5934 0.0038 0.9179 0.0939 0.3853 0.0148 0.7781 0.1663 -0.6041 -0.0432 0.6734 -0.2593 -0.6063 -0.3343 0.9173 -0.0033 0.3746 -0.135
0.8277 -0.3431 -0.3756 -0.2369 0.1453 -0.5313 -0.7528 0.3604 0.6866 -0.2467 -0.6677 -0.1477 0.7408 0.0638 -0.6679 -0.032 0.6584 -0.1766 -0.6912 -0.2397 0.7676 0.2422 -0.5934 0.0038 0.9179 0.0939 0.3853 0.0148 0.7781 0.1663 -0.6041 -0.0432 0.6734 -0.2593 -0.6063 -0.3343 0.9173 -0.0033 0.3746 -0.135
0.8277 -0.3431 -0.3756 -0.2369 0.1453 -0.5313 -0.7528 0.3604 0.6866 -0.2467 -0.6677 -0.1477 0.7408 0.0638 -0.6679 -0.032 0.6584 -0.1766 -0.6912 -0.2397 0.7822 0.2984 -0.5463 0.0273 0.9179 0.0939 0.3853 0.0148 0.7781 0.1663 -0.6041 -0.0432 0.6734 -0.2593 -0.6063 -0.3343 0.9173 -0.0033 0.3746 -0.135
0.8277 -0.3431 -0.3756 -0.2369 0.1453 -0.5313 -0.7528 0.3604 0.6866 -0.2467 -0.6677 -0.1477 0.7408 0.0638 -0.6679 -0.032 0.6584 -0.1766 -0.6912 -0.2397 0.7822 0.2984 -0.5463 0.0273 0.9179 0.0939 0.3853 0.0148 0.7781 0.1663 -0.6041 -0.0432 0.6734 -0.2593 -0.6063 -0.3343 0.9173 -0.0033 0.3746 -0.135
0.8277 -0.3431 -0.3756 -0.2369 0.1453 -0.5313 -0.7528 0.3604 0.6866 -0.2467 -0.6677 -0.1477 0.7408 0.0638 -0.6679 -0.032 0.7117 -0.158 -0.6558 -0.196 0.7822 0.2984 -0.5463 0.0273 0.9179 0.0939 0.3853 0.0148 0.7781 0.1663 -0.6041 -0.0432 0.6734 -0.2593 -0.6063 -0.3343 0.9173 -0.0033 0.3746 -0.135
0.8277 -0.3431 -0.3756 -0.2369 0.1609 -0.5513 -0.734 0.3626 0.6866 -0.2467 -0.6677 -0.1477 0.7408 0.0638 -0.6679 -0.032 0.7117 -0.158 -0.6558 -0.196 0.7822 0.2984 -0.5463 0.0273 0.9179 0.0939 0.3853 0.0148 0.7781 0.1663 -0.6041 -0.0432 0.6734 -0.2593 -0.6063 -0.3343 0.9173 -0.0033 0.3746 -0.135
0.8277 -0.3431 -0.3756 -0.2369 0.1609 -0.5513 -0.734 0.3626 0.6866 -0.2467 -0.6677 -0.1477 0.7408 0.0638 -0.6679 -0.032 0.7117 -0.158 -0.6558 -0.196 0.7822 0.2984 -0.5463 0.0273 0.9179 0.0939 0.3853 0.0148 0.7781 0.1663 -0.6041 -0.0432 0.6734 -0.2593 -0.6063 -0.3343 0.9173 -0.0033 0.3746 -0.135
0.8179 -0.361 -0.3619 -0.2642 0.1609 -0.5513 -0.734 0.3626 0.678 -0.2584 -0.6666 -0.1706 0.7408 0.0638 -0.6679 -0.032 0.7117 -0.158 -0.6558 -0.196 0.7822 0.2984 -0.5463 0.0273 0.9179 0.0939 0.3853 0.0148 0.704 0.1675 -0.6901 0.0031 0.6554 -0.2953 -0.6104 -0.3327 0.9186 0.0056 0.3729 -0.1305
0.8179 -0.361 -0.3619 -0.2642 0.1609 -0.5513 -0.734 0.3626 0.678 -0.2584 -0.6666 -0.1706 0.7408 0.0638 -0.6679 -0.032 0.7117 -0.158 -0.6558 -0.196 0.7822 0.2984 -0.5463 0.0273 0.9179 0.0939 0.3853 0.0148 0.704 0.1675 -0.6901 0.0031 0.6554 -0.2953 -0.6104 -0.3327 0.9186 0.0056 0.3729 -0.1305
0.8179 -0.361 -0.3619 -0.2642 0.1609 -0.5513 -0.734 0.3626 0.678 -0.2584 -0.6666 -0.1706 0.7369 0.0532 -0.6719 -0.0519 0.7117 -0.158 -0.6558 -0.196 0.7822 0.2984 -0.5463 0.0273 0.9179 0.0939 0.3853 0.0148 0.704 0.1675 -0.6901 0.0031 0.6554 -0.2953 -0.6104 -0.3327 0.9186 0.0056 0.3729 -0.1305
0.8179 -0.361 -0.3619 -0.2642 0.1609 -0.5513 -0.734 0.3626 0.678 -0.2584 -0.6666 -0.1706 0.7369 0.0532 -0.6719 -0.0519 0.7117 -0.158 -0.6558 -0.196 0.8166 0.143 -0.5552 0.0665 0.9179 0.0939 0.3853 0.0148 0.704 0.1675 -0.6901 0.0031 0.6554 -0.2953 -0.6104 -0.3327 0.9186 0.0056 0.3729 -0.1305
0.8179 -0.361 -0.3619 -0.2642 0.1609 -0.5513 -0.734 0.3626 0.678 -0.2584 -0.6666 -0.1706 0.7369 0.0532 -0.6719 -0.0519 0.7117 -0.158 -0.6558 -0.196 0.8166 0.143 -0.5552 0.0665 0.9179 0.0939 0.3853 0.0148 0.704 0.1675 -0.6901 0.0031 0.6554 -0.2953 -0.6104 -0.3327 0.9186 0.0056 0.3729 -0.1305
0.8179 -0.361 -0.3619 -0.2642 0.1638 -0.5732 -0.7189 0.3575 0.678 -0.2584 -0.6666 -0.1706 0.7369 0.0532 -0.6719 -0.0519 0.7529 -0.1756 -0.6026 -0.1979 0.8166 0.143 -0.5552 0.0665 0.9179 0.0939 0.3853 0.0148 0.704 0.1675 -0.6901 0.0031 0.6554 -0.2953 -0.6104 -0.3327 0.9182 0.0089 0.3748 -0.1277
0.8179 -0.361 -0.3619 -0.2642 0.1638 -0.5732 -0.7189 0.3575 0.678 -0.2584 -0.6666 -0.1706 0.7369 0.0532 -0.6719 -0.0519 0.7529 -0.1756 -0.6026 -0.1979 0.8166 0.143 -0.5552 0.0665 0.9179 0.0939 0.3853 0.0148 0.704 0.1675 -0.6901 0.0031 0.6554 -0.2953 -0.6104 -0.3327 0.9182 0.0089 0.3748 -0.1277
0.8179 -0.361 -0.3619 -0.2642 0.1638 -0.5732 -0.7189 0.3575 0.678 -0.2584 -0.6666 -0.1706 0.7369 0.0532 -0.6719 -0.0519 0.7529 -0.1756 -0.6026 -0.1979 0.8166 0.143 -0.5552 0.0665 0.9179 0.0939 0.3853 0.0148 0.704 0.1675 -0.6901 0.0031 0.6554 -0.2953 -0.6104 -0.3327 0.9182 0.0089 0.3748 -0.1277
0.8123 -0.3677 -0.3559 -0.2799 0.1638 -0.5732 -0.7189 0.3575 0.6746 -0.2744 -0.6572 -0.194 0.7352 0.0449 -0.6717 -0.0793 0.7529 -0.1756 -0.6026 -0.1979 0.8166 0.143 -0.5552 0.0665 0.9179 0.0939 0.3853 0.0148 0.6844 0.1984 -0.7009 0.0309 0.6591 -0.3018 -0.6197 -0.3008 0.9182 0.0089 0.3748 -0.1277
0.8123 -0.3677 -0.3559 -0.2799 0.1638 -0.5732 -0.7189 0.3575 0.6746 -0.2744 -0.6572 -0.194 0.7352 0.0449 -0.6717 -0.0793 0.7529 -0.1756 -0.6026 -0.1979 0.8166 0.143 -0.5552 0.0665 0.9179 0.0939 0.3853 0.0148 0.6844 0.1984 -0.7009 0.0309 0.6591 -0.3018 -0.6197 -0.3008 0.9182 0.0089 0.3748 -0.1277
0.8123 -0.3677 -0.3559 -0.2799 0.1638 -0.5732 -0.7189 0.3575 0.6746 -0.2744 -0.6572 -0.194 0.7352 0.0449 -0.6717 -0.0793 0.7529 -0.1756 -0.6026 -0.1979 0.8132 0.0599 -0.5598 0.1476 0.9179 0.0939 0.3853 0.0148 0.6844 0.1984 -0.7009 0.0309 0.6591 -0.3018 -0.6197 -0.3008 0.9182 0.0089 0.3748 -0.1277
0.8123 -0.3677 -0.3559 -0.2799 0.1638 -0.5732 -0.7189 0.3575 0.6746 -0.2744 -0.6572 -0.194 0.7352 0.0449 -0.6717 -0.0793 0.788 -0.1876 -0.5695 -0.1396 0.8132 0.0599 -0.5598 0.1476 0.9179 0.0939 0.3853 0.0148 0.6844 0.1984 -0.7009 0.0309 0.6591 -0.3018 -0.6197 -0.3008 0.9182 0.0089 0.3748 -0.1277
0.8123 -0.3677 -0.3559 -0.2799 0.1638 -0.5732 -0.7189 0.3575 0.6746 -0.2744 -0.6572 -0.194 0.7352 0.0449 -0.6717 -0.0793 0.788 -0.1876 -0.5695 -0.1396 0.8132 0.0599 -0.5598 0.1476 0.9179 0.0939 0.3853 0.0148 0.6844 0.1984 -0.7009 0.0309 0.6591 -0.3018 -0.6197 -0.3008 0.9182 0.0089 0.3748 -0.1277
0.8123 -0.3677 -0.3559 -0.2799 0.1638 -0.5732 -0.7189 0.3575 0.6746 -0.2744 -0.6572 -0.194 0.7352 0.0449 -0.6717 -0.0793 0.788 -0.1876 -0.5695 -0.1396 0.8132 0.0599 -0.5598 0.1476 0.9179 0.0939 0.3853 0.0148 0.6844 0.1984 -0.7009 0.0309 0.6591 -0.3018 -0.6197 -0.3008 0.9182 0.0089 0.3748 -0.1277
0.8107 -0.3749 -0.3517 -0.2803 0.1641 -0.5784 -0.7134 0.3597 0.6761 -0.2678 -0.6552 -0.2048 0.7352 0.0449 -0.6717 -0.0793 0.788 -0.1876 -0.5695 -0.1396 0.8132 0.0599 -0.5598 0.1476 0.9179 0.0939 0.3853 0.0148 0.6683 0.2242 -0.7061 0.0683 0.6811 -0.2738 -0.631 -0.251 0.9164 -9.0E-4 0.3781 -0.1312
0.8107 -0.3749 -0.3517 -0.2803 0.1641 -0.5784 -0.7134 0.3597 0.6761 -0.2678 -0.6552 -0.2048 0.7352 0.0449 -0.6717 -0.0793 0.788 -0.1876 -0.5695 -0.1396 0.8132 0.0599 -0.5598 0.1476 0.9179 0.0939 0.3853 0.0148 0.6683 0.2242 -0.7061 0.0683 0.6811 -0.2738 -0.631 -0.251 0.9164 -9.0E-4 0.3781 -0.1312
0.8107 -0.3749 -0.3517 -0.2803 0.1641 -0.5784 -0.7134 0.3597 0.6761 -0.2678 -0.6552 -0.2048 0.7352 0.0449 -0.6717 -0.0793 0.788 -0.1876 -0.5695 -0.1396 0.7922 0.0205 -0.578 0.1948 0.9179 0.0939 0.3853 0.0148 0.6683 0.2242 -0.7061 0.0683 0.6811 -0.2738 -0.631 -0.251 0.9164 -9.0E-4 0.3781 -0.1312
0.8107 -0.3749 -0.3517 -0.2803 0.1641 -0.5784 -0.7134 0.3597 0.6761 -0.2678 -0.6552 -0.2048 0.7352 0.0449 -0.6717 -0.0793 0.788 -0.1876 -0.5695 -0.1396 0.7922 0.0205 -0.578 0.1948 0.9179 0.0939 0.3853 0.0148 0.6683 0.2242 -0.7061 0.0683 0.6811 -0.2738 -0.631 -0.251 0.9164 -9.0E-4 0.3781 -0.1312
0.8107 -0.3749 -0.3517 -0.2803 0.1641 -0.5784 -0.7134 0.3597 0.6761 -0.2678 -0.6552 -0.2048 0.7352 0.0449 -0.6717 -0.0793 0.788 -0.1876 -0.5695 -0.1396 0.7922 0.0205 -0.578 0.1948 0.9179 0.0939 0.3853 0.0148 0.6683 0.2242 -0.7061 0.0683 0.6811 -0.2738 -0.631 -0.251 0.9164 -9.0E-4 0.3781 -0.1312
0.8107 -0.3749 -0.3517 -0.2803 0.1641 -0.5784 -0.7134 0.3597 0.6761 -0.2678 -0.6552 -0.2048 0.7352 0.0449 -0.6717 -0.0793 0.7961 -0.2003 -0.5654 -0.0797 0.7922 0.0205 -0.578 0.1948 0.9179 0.0939 0.3853 0.0148 0.6683 0.2242 -0.7061 0.0683 0.6811 -0.2738 -0.631 -0.251 0.9173 -0.0034 0.376 -0.1312
0.8107 -0.3749 -0.3517 -0.2803 0.1641 -0.5784 -0.7134 0.3597 0.6761 -0.2678 -0.6552 -0.2048 0.7352 0.0449 -0.6717 -0.0793 0.7961 -0.2003 -0.5654 -0.0797 0.7922 0.0205 -0.578 0.1948 0.9179 0.0939 0.3853 0.0148 0.6683 0.2242 -0.7061 0.0683 0.6811 -0.2738 -0.631 -0.251 0.9173 -0.0034 0.376 -0.1312
0.8107 -0.3749 -0.3517 -0.2803 0.1641 -0.5784 -0.7134 0.3597 0.6758 -0.2462 -0.6633 -0.2069 0.7352 0.0449 -0.6717 -0.0793 0.7961 -0.2003 -0.5654 -0.0797 0.7922 0.0205 -0.578 0.1948 0.9179 0.0939 0.3853 0.0148 0.6683 0.2242 -0.7061 0.0683 0.6811 -0.2738 -0.631 -0.251 0.9173 -0.0034 0.376 -0.1312
0.8107 -0.3749 -0.3517 -0.2803 0.1641 -0.5784 -0.7134 0.3597 0.6758 -0.2462 -0.6633 -0.2069 0.7352 0.0449 -0.6717 -0.0793 0.7961 -0.2003 -0.5654 -0.0797 0.7922 0.0205 -0.578 0.1948 0.9179 0.0939 0.3853 0.0148 0.6683 0.2242 -0.7061 0.0683 0.6811 -0.2738 -0.631 -0.251 0.9173 -0.0034 0.376 -0.1312
0.8107 -0.3749 -0.3517 -0.2803 0.1641 -0.5784 -0.7134 0.3597 0.6758 -0.2462 -0.6633 -0.2069 0.7264 0.0746 -0.6794 -0.0724 0.7961 -0.2003 -0.5654 -0.0797 0.7922 0.0205 -0.578 0.1948 0.9839 0.0227 0.1763 0.0189 0.6683 0.2242 -0.7061 0.0683 0.6811 -0.2738 -0.631 -0.251 0.9173 -0.0034 0.376 -0.1312
0.8107 -0.3749 -0.3517 -0.2803 0.1641 -0.5784 -0.7134 0.3597 0.6758 -0.2462 -0.6633 -0.2069 0.7264 0.0746 -0.6794 -0.0724 0.7961 -0.2003 -0.5654 -0.0797 0.7549 0.0381 -0.6135 0.2287 0.9839 0.0227 0.1763 0.0189 0.6683 0.2242 -0.7061 0.0683 0.6811 -0.2738 -0.631 -0.251 0.9173 -0.0034 0.376 -0.1312
0.8107 -0.3749 -0.3517 -0.2803 0.1641 -0.5784 -0.7134 0.3597 0.6758 -0.2462 -0.6633 -0.2069 0.7264 0.0746 -0.6794 -0.0724 0.7961 -0.2003 -0.5654 -0.0797 0.7549 0.0381 -0.6135 0.2287 0.9839 0.0227 0.1763 0.0189 0.6683 0.2242 -0.7061 0.0683 0.6811 -0.2738 -0.631 -0.251 0.9173 -0.0034 0.376 -0.1312
0.8107 -0.3749 -0.3517 -0.2803 0.1641 -0.5784 -0.7134 0.3597 0.6758 -0.2462 -0.6633 -0.2069 0.7264 0.0746 -0.6794 -0.0724 0.7961 -0.2003 -0.5654 -0.0797 0.7549 0.0381 -0.6135 0.2287 0.9839 0.0227 0.1763 0.0189 0.6683 0.2242 -0.7061 0.0683 0.6811 -0.2738 -0.631 -0.251 0.9173 -0.0034 0.376 -0.1312
0.8107 -0.3749 -0.3517 -0.2803 0.1758 -0.547 -0.7258 0.3782 0.6758 -0.2462 -0.6633 -0.2069 0.7264 0.0746 -0.6794 -0.0724 0.7761 -0.2074 -0.5944 -0.0365 0.7549 0.0381 -0.6135 0.2287 0.9839 0.0227 0.1763 0.0189 0.6683 0.2242 -0.7061 0.0683 0.6811 -0.2738 -0.631 -0.251 0.9173 -0.0034 0.376 -0.1312
0.832 -0.3753 -0.3329 -0.2367 0.1758 -0.547 -0.7258 0.3782 0.6714 -0.232 -0.6732 -0.2054 0.7264 0.0746 -0.6794 -0.0724 0.7761 -0.2074 -0.5944 -0.0365 0.7549 0.0381 -0.6135 0.2287 0.9839 0.0227 0.1763 0.0189 0.6465 0.2475 -0.7114 0.1215 0.711 -0.2719 -0.6158 -0.2032 0.9175 -0.0045 0.3757 -0.1309
0.832 -0.3753 -0.3329 -0.2367 0.1758 -0.547 -0.7258 0.3782 0.6714 -0.232 -0.6732 -0.2054 0.7264 0.0746 -0.6794 -0.0724 0.7761 -0.2074 -0.5944 -0.0365 0.7549 0.0381 -0.6135 0.2287 0.9839 0.0227 0.1763 0.0189 0.6465 0.2475 -0.7114 0.1215 0.711 -0.2719 -0.6158 -0.2032 0.9175 -0.0045 0.3757 -0.1309
0.832 -0.3753 -0.3329 -0.2367 0.1758 -0.547 -0.7258 0.3782 0.6714 -0.232 -0.6732 -0.2054 0.7264 0.0746 -0.6794 -0.0724 0.7761 -0.2074 -0.5944 -0.0365 0.7549 0.0381 -0.6135 0.2287 0.9839 0.0227 0.1763 0.0189 0.6465 0.2475 -0.7114 0.1215 0.711 -0.2719 -0.6158 -0.2032 0.9175 -0.0045 0.3757 -0.1309
0.832 -0.3753 -0.3329 -0.2367 0.1758 -0.547 -0.7258 0.3782 0.6714 -0.232 -0.6732 -0.2054 0.7264 0.0746 -0.6794 -0.0724 0.7761 -0.2074 -0.5944 -0.0365 0.7155 0.051 -0.671 0.1873 0.9839 0.0227 0.1763 0.0189 0.6465 0.2475 -0.7114 0.1215 0.711 -0.2719 -0.6158 -0.2032 0.9175 -0.0045 0.3757 -0.1309
0.832 -0.3753 -0.3329 -0.2367 0.1758 -0.547 -0.7258 0.3782 0.6714 -0.232 -0.6732 -0.2054 0.7264 0.0746 -0.6794 -0.0724 0.7761 -0.2074 -0.5944 -0.0365 0.7155 0.051 -0.671 0.1873 0.9839 0.0227 0.1763 0.0189 0.6465 0.2475 -0.7114 0.1215 0.711 -0.2719 -0.6158 -0.2032 0.9175 -0.0045 0.3757 -0.1309
0.832 -0.3753 -0.3329 -0.2367 0.1758 -0.547 -0.7258 0.3782 0.6714 -0.232 -0.6732 -0.2054 0.7264 0.0746 -0.6794 -0.0724 0.7358 -0.2255 -0.6379 -0.0281 0.7155 0.051 -0.671 0.1873 0.9839 0.0227 0.1763 0.0189 0.6465 0.2475 -0.7114 0.1215 0.711 -0.2719 -0.6158 -0.2032 0.9175 -0.0045 0.3757 -0.1309
0.832 -0.3753 -0.3329 -0.2367 0.1758 -0.547 -0.7258 0.3782 0.6714 -0.232 -0.6732 -0.2054 0.7264 0.0746 -0.6794 -0.0724 0.7358 -0.2255 -0.6379 -0.0281 0.7155 0.051 -0.671 0.1873 0.9839 0.0227 0.1763 0.0189 0.6465 0.2475 -0.7114 0.1215 0.711 -0.2719 -0.6158 -0.2032 0.9175 -0.0045 0.3757 -0.1309
0.832 -0.3753 -0.3329 -0.2367 0.1758 -0.547 -0.7258 0.3782 0.6714 -0.232 -0.6732 -0.2054 0.7264 0.0746 -0.6794 -0.0724 0.7358 -0.2255 -0.6379 -0.0281 0.7155 0.051 -0.671 0.1873 0.9839 0.0227 0.1763 0.0189 0.6465 0.2475 -0.7114 0.1215 0.711 -0.2719 -0.6158 -0.2032 0.9175 -0.0045 0.3757 -0.1309
0.835 -0.3757 -0.3361 -0.2205 0.1704 -0.5322 -0.7332 0.3875 0.6703 -0.2202 -0.6781 -0.2056 0.7108 0.0948 -0.6938 -0.0656 0.7358 -0.2255 -0.6379 -0.0281 0.7155 0.051 -0.671 0.1873 0.9839 0.0227 0.1763 0.0189 0.637 0.247 -0.7158 0.144 0.7177 -0.2786 -0.6075 -0.1956 0.9175 -0.0056 0.3755 -0.131
0.835 -0.3757 -0.3361 -0.2205 0.1704 -0.5322 -0.7332 0.3875 0.6703 -0.2202 -0.6781 -0.2056 0.7108 0.0948 -0.6938 -0.0656 0.7358 -0.2255 -0.6379 -0.0281 0.7155 0.051 -0.671 0.1873 0.9493 0.1674 0.2648 -0.0243 0.637 0.247 -0.7158 0.144 0.7177 -0.2786 -0.6075 -0.1956 0.9175 -0.0056 0.3755 -0.131
0.835 -0.3757 -0.3361 -0.2205 0.1704 -0.5322 -0.7332 0.3875 0.6703 -0.2202 -0.6781 -0.2056 0.7108 0.0948 -0.6938 -0.0656 0.7358 -0.2255 -0.6379 -0.0281 0.6924 0.0562 -0.7103 0.1132 0.9493 0.1674 0.2648 -0.0243 0.637 0.247 -0.7158 0.144 0.7177 -0.2786 -0.6075 -0.1956 0.9175 -0.0056 0.3755 -0.131
0.835 -0.3757 -0.3361 -0.2205 0.1704 -0.5322 -0.7332 0.3875 0.6703 -0.2202 -0.6781 -0.2056 0.7108 0.0948 -0.6938 -0.0656 0.7358 -0.2255 -0.6379 -0.0281 0.6924 0.0562 -0.7103 0.1132 0.9493 0.1674 0.2648 -0.0243 0.637 0.247 -0.7158 0.144 0.7177 -0.2786 -0.6075 -0.1956 0.9175 -0.0056 0.3755 -0.131
0.835 -0.3757 -0.3361 -0.2205 0.1537 -0.529 -0.7389 0.388 0.6703 -0.2202 -0.6781 -0.2056 0.7108 0.0948 -0.6938 -0.0656 0.6878 -0.2319 -0.685 -0.0625 0.6924 0.0562 -0.7103 0.1132 0.9493 0.1674 0.2648 -0.0243 0.637 0.247 -0.7158 0.144 0.7177 -0.2786 -0.6075 -0.1956 0.9171 -0.0082 0.3762 -0.1321
0.835 -0.3757 -0.3361 -0.2205 0.1537 -0.529 -0.7389 0.388 0.6703 -0.2202 -0.6781 -0.2056 0.7108 0.0948 -0.6938 -0.0656 0.6878 -0.2319 -0.685 -0.0625 0.6924 0.0562 -0.7103 0.1132 0.9493 0.1674 0.2648 -0.0243 0.637 0.247 -0.7158 0.144 0.7177 -0.2786 -0.6075 -0.1956 0.9171 -0.0082 0.3762 -0.1321
0.835 -0.3757 -0.3361 -0.2205 0.1537 -0.529 -0.7389 0.388 0.6767 -0.2238 -0.6716 -0.2024 0.7108 0.0948 -0.6938 -0.0656 0.6878 -0.2319 -0.685 -0.0625 0.6924 0.0562 -0.7103 0.1132 0.9493 0.1674 0.2648 -0.0243 0.637 0.247 -0.7158 0.144 0.7177 -0.2786 -0.6075 -0.1956 0.9171 -0.0082 0.3762 -0.1321
0.835 -0.3757 -0.3361 -0.2205 0.1537 -0.529 -0.7389 0.388 0.6767 -0.2238 -0.6716 -0.2024 0.7108 0.0948 -0.6938 -0.0656 0.6878 -0.2319 -0.685 -0.0625 0.6924 0.0562 -0.7103 0.1132 0.9493 0.1674 0.2648 -0.0243 0.637 0.247 -0.7158 0.144 0.7177 -0.2786 -0.6075 -0.1956 0.9171 -0.0082 0.3762 -0.1321
0.835 -0.3757 -0.3361 -0.2205 0.1537 -0.529 -0.7389 0.388 0.6767 -0.2238 -0.6716 -0.2024 0.7191 0.0916 -0.6847 -0.076 0.6878 -0.2319 -0.685 -0.0625 0.6924 0.0562 -0.7103 0.1132 0.9452 0.1039 0.305 -0.0529 0.637 0.247 -0.7158 0.144 0.7177 -0.2786 -0.6075 -0.1956 0.9171 -0.0082 0.3762 -0.1321
0.835 -0.3757 -0.3361 -0.2205 0.1537 -0.529 -0.7389 0.388 0.6767 -0.2238 -0.6716 -0.2024 0.7191 0.0916 -0.6847 -0.076 0.6878 -0.2319 -0.685 -0.0625 0.6923 0.0828 -0.7096 0.1017 0.9452 0.1039 0.305 -0.0529 0.637 0.247 -0.7158 0.144 0.7177 -0.2786 -0.6075 -0.1956 0.9171 -0.0082 0.3762 -0.1321
0.835 -0.3757 -0.3361 -0.2205 0.1537 -0.529 -0.7389 0.388 0.6767 -0.2238 -0.6716 -0.2024 0.7191 0.0916 -0.6847 -0.076 0.6878 -0.2319 -0.685 -0.0625 0.6923 0.0828 -0.7096 0.1017 0.9452 0.1039 0.305 -0.0529 0.637 0.247 -0.7158 0.144 0.7177 -0.2786 -0.6075 -0.1956 0.9171 -0.0082 0.3762 -0.1321
0.835 -0.3757 -0.3361 -0.2205 0.1537 -0.529 -0.7389 0.388 0.6767 -0.2238 -0.6716 -0.2024 0.7191 0.0916 -0.6847 -0.076 0.6622 -0.2267 -0.7048 -0.1154 0.6923 0.0828 -0.7096 0.1017 0.9452 0.1039 0.305 -0.0529 0.637 0.247 -0.7158 0.144 0.7177 -0.2786 -0.6075 -0.1956 0.9171 -0.0082 0.3762 -0.1321
0.835 -0.3757 -0.3361 -0.2205 0.1537 -0.529 -0.7389 0.388 0.6767 -0.2238 -0.6716 -0.2024 0.7191 0.0916 -0.6847 -0.076 0.6622 -0.2267 -0.7048 -0.1154 0.6923 0.0828 -0.7096 0.1017 0.9452 0.1039 0.305 -0.0529 0.637 0.247 -0.7158 0.144 0.7177 -0.2786 -0.6075 -0.1956 0.9022 -0.0112 0.4097 -0.1346
0.835 -0.3757 -0.3361 -0.2205 0.1537 -0.529 -0.7389 0.388 0.6951 -0.2258 -0.6586 -0.179 0.7191 0.0916 -0.6847 -0.076 0.6622 -0.2267 -0.7048 -0.1154 0.6923 0.0828 -0.7096 0.1017 0.9452 0.1039 0.305 -0.0529 0.637 0.247 -0.7158 0.144 0.7332 -0.3634 -0.5641 -0.1102 0.9022 -0.0112 0.4097 -0.1346
0.835 -0.3757 -0.3361 -0.2205 0.1537 -0.529 -0.7389 0.388 0.6951 -0.2258 -0.6586 -0.179 0.7191 0.0916 -0.6847 -0.076 0.6622 -0.2267 -0.7048 -0.1154 0.6923 0.0828 -0.7096 0.1017 0.9452 0.1039 0.305 -0.0529 0.637 0.247 -0.7158 0.144 0.7332 -0.3634 -0.5641 -0.1102 0.9022 -0.0112 0.4097 -0.1346
0.835 -0.3757 -0.3361 -0.2205 0.1537 -0.529 -0.7389 0.388 0.6951 -0.2258 -0.6586 -0.179 0.7191 0.0916 -0.6847 -0.076 0.6622 -0.2267 -0.7048 -0.1154 0.6923 0.0828 -0.7096 0.1017 0.9452 0.1039 0.305 -0.0529 0.637 0.247 -0.7158 0.144 0.7332 -0.3634 -0.5641 -0.1102 0.9022 -0.0112 0.4097 -0.1346
0.835 -0.3757 -0.3361 -0.2205 0.1537 -0.529 -0.7389 0.388 0.6951 -0.2258 -0.6586 -0.179 0.7191 0.0916 -0.6847 -0.076 0.6622 -0.2267 -0.7048 -0.1154 0.6942 0.1288 -0.7002 0.1065 0.9452 0.1039 0.305 -0.0529 0.637 0.247 -0.7158 0.144 0.7332 -0.3634 -0.5641 -0.1102 0.9022 -0.0112 0.4097 -0.1346
0.835 -0.3757 -0.3361 -0.2205 0.1537 -0.529 -0.7389 0.388 0.6951 -0.2258 -0.6586 -0.179 0.7191 0.0916 -0.6847 -0.076 0.6622 -0.2267 -0.7048 -0.1154 0.6942 0.1288 -0.7002 0.1065 0.9452 0.1039 0.305 -0.0529 0.637 0.247 -0.7158 0.144 0.7332 -0.3634 -0.5641 -0.1102 0.9022 -0.0112 0.4097 -0.1346
0.835 -0.3757 -0.3361 -0.2205 0.1537 -0.529 -0.7389 0.388 0.6951 -0.2258 -0.6586 -0.179 0.7191 0.0916 -0.6847 -0.076 0.6559 -0.193 -0.7198 -0.1198 0.6942 0.1288 -0.7002 0.1065 0.9452 0.1039 0.305 -0.0529 0.637 0.247 -0.7158 0.144 0.7332 -0.3634 -0.5641 -0.1102 0.7943 -0.0358 0.5891 -0.1446
0.835 -0.3757 -0.3361 -0.2205 0.1537 -0.529 -0.7389 0.388 0.6951 -0.2258 -0.6586 -0.179 0.7191 0.0916 -0.6847 -0.076 0.6559 -0.193 -0.7198 -0.1198 0.6942 0.1288 -0.7002 0.1065 0.9452 0.1039 0.305 -0.0529 0.637 0.247 -0.7158 0.144 0.7332 -0.3634 -0.5641 -0.1102 0.7943 -0.0358 0.5891 -0.1446
0.7965 -0.3631 -0.4332 -0.2147 0.1537 -0.529 -0.7389 0.388 0.7166 -0.2332 -0.6367 -0.1633 0.7191 0.0916 -0.6847 -0.076 0.6559 -0.193 -0.7198 -0.1198 0.6942 0.1288 -0.7002 0.1065 0.9452 0.1039 0.305 -0.0529 0.637 0.247 -0.7158 0.144 0.7077 -0.4615 -0.533 -0.0462 0.7943 -0.0358 0.5891 -0.1446
0.7965 -0.3631 -0.4332 -0.2147 0.1537 -0.529 -0.7389 0.388 0.7166 -0.2332 -0.6367 -0.1633 0.767 0.0812 -0.6341 -0.0557 0.6559 -0.193 -0.7198 -0.1198 0.6942 0.1288 -0.7002 0.1065 0.9452 0.1039 0.305 -0.0529 0.637 0.247 -0.7158 0.144 0.7077 -0.4615 -0.533 -0.0462 0.7943 -0.0358 0.5891 -0.1446
0.7965 -0.3631 -0.4332 -0.2147 0.1537 -0.529 -0.7389 0.388 0.7166 -0.2332 -0.6367 -0.1633 0.767 0.0812 -0.6341 -0.0557 0.6559 -0.193 -0.7198 -0.1198 0.6942 0.1288 -0.7002 0.1065 0.9452 0.1039 0.305 -0.0529 0.637 0.247 -0.7158 0.144 0.7077 -0.4615 -0.533 -0.0462 0.7943 -0.0358 0.5891 -0.1446
0.7965 -0.3631 -0.4332 -0.2147 0.1537 -0.529 -0.7389 0.388 0.7166 -0.2332 -0.6367 -0.1633 0.767 0.0812 -0.6341 -0.0557 0.6559 -0.193 -0.7198 -0.1198 0.6938 0.1625 -0.6921 0.1145 0.9452 0.1039 0.305 -0.0529 0.637 0.247 -0.7158 0.144 0.7077 -0.4615 -0.533 -0.0462 0.7943 -0.0358 0.5891 -0.1446
0.7965 -0.3631 -0.4332 -0.2147 0.1537 -0.529 -0.7389 0.388 0.7166 -0.2332 -0.6367 -0.1633 0.767 0.0812 -0.6341 -0.0557 0.6559 -0.193 -0.7198 -0.1198 0.6938 0.1625 -0.6921 0.1145 0.9452 0.1039 0.305 -0.0529 0.637 0.247 -0.7158 0.144 0.7077 -0.4615 -0.533 -0.0462 0.7943 -0.0358 0.5891 -0.1446
0.7965 -0.3631 -0.4332 -0.2147 0.066 -0.5365 -0.7661 0.3478 0.7166 -0.2332 -0.6367 -0.1633 0.767 0.0812 -0.6341 -0.0557 0.6458 -0.1675 -0.7324 -0.1361 0.6938 0.1625 -0.6921 0.1145 0.9452 0.1039 0.305 -0.0529 0.637 0.247 -0.7158 0.144 0.7077 -0.4615 -0.533 -0.0462 0.8437 -0.0201 0.5258 -0.1056
0.7965 -0.3631 -0.4332 -0.2147 0.066 -0.5365 -0.7661 0.3478 0.7166 -0.2332 -0.6367 -0.1633 0.767 0.0812 -0.6341 -0.0557 0.6458 -0.1675 -0.7324 -0.1361 0.6938 0.1625 -0.6921 0.1145 0.9452 0.1039 0.305 -0.0529 0.637 0.247 -0.7158 0.144 0.7077 -0.4615 -0.533 -0.0462 0.8437 -0.0201 0.5258 -0.1056
0.7965 -0.3631 -0.4332 -0.2147 0.066 -0.5365 -0.7661 0.3478 0.739 -0.2109 -0.6302 -0.1107 0.767 0.0812 -0.6341 -0.0557 0.6458 -0.1675 -0.7324 -0.1361 0.6938 0.1625 -0.6921 0.1145 0.9452 0.1039 0.305 -0.0529 0.637 0.247 -0.7158 0.144 0.7077 -0.4615 -0.533 -0.0462 0.8437 -0.0201 0.5258 -0.1056
0.7965 -0.3631 -0.4332 -0.2147 0.066 -0.5365 -0.7661 0.3478 0.739 -0.2109 -0.6302 -0.1107 0.767 0.0812 -0.6341 -0.0557 0.6458 -0.1675 -0.7324 -0.1361 0.6938 0.1625 -0.6921 0.1145 0.9452 0.1039 0.305 -0.0529 0.637 0.247 -0.7158 0.144 0.7077 -0.4615 -0.533 -0.0462 0.8437 -0.0201 0.5258 -0.1056
0.7965 -0.3631 -0.4332 -0.2147 0.066 -0.5365 -0.7661 0.3478 0.739 -0.2109 -0.6302 -0.1107 0.767 0.0812 -0.6341 -0.0557 0.6458 -0.1675 -0.7324 -0.1361 0.6938 0.1625 -0.6921 0.1145 0.9452 0.1039 0.305 -0.0529 0.637 0.247 -0.7158 0.144 0.7077 -0.4615 -0.533 -0.0462 0.8437 -0.0201 0.5258 -0.1056
0.7965 -0.3631 -0.4332 -0.2147 0.066 -0.5365 -0.7661 0.3478 0.739 -0.2109 -0.6302 -0.1107 0.767 0.0812 -0.6341 -0.0557 0.6458 -0.1675 -0.7324 -0.1361 0.7026 0.1794 -0.6805 0.1052 0.9452 0.1039 0.305 -0.0529 0.637 0.247 -0.7158 0.144 0.7077 -0.4615 -0.533 -0.0462 0.8437 -0.0201 0.5258 -0.1056
0.7965 -0.3631 -0.4332 -0.2147 0.066 -0.5365 -0.7661 0.3478 0.739 -0.2109 -0.6302 -0.1107 0.767 0.0812 -0.6341 -0.0557 0.6458 -0.1675 -0.7324 -0.1361 0.7026 0.1794 -0.6805 0.1052 0.9452 0.1039 0.305 -0.0529 0.637 0.247 -0.7158 0.144 0.7077 -0.4615 -0.533 -0.0462 0.8437 -0.0201 0.5258 -0.1056
0.7965 -0.3631 -0.4332 -0.2147 0.066 -0.5365 -0.7661 0.3478 0.739 -0.2109 -0.6302 -0.1107 0.767 0.0812 -0.6341 -0.0557 0.6413 -0.1556 -0.7361 -0.1506 0.7026 0.1794 -0.6805 0.1052 0.9452 0.1039 0.305 -0.0529 0.637 0.247 -0.7158 0.144 0.7077 -0.4615 -0.533 -0.0462 0.8437 -0.0201 0.5258 -0.1056
0.7965 -0.3631 -0.4332 -0.2147 0.066 -0.5365 -0.7661 0.3478 0.739 -0.2109 -0.6302 -0.1107 0.767 0.0812 -0.6341 -0.0557 0.6413 -0.1556 -0.7361 -0.1506 0.7026 0.1794 -0.6805 0.1052 0.9452 0.1039 0.305 -0.0529 0.637 0.247 -0.7158 0.144 0.7241 -0.2613 -0.5768 -0.2733 0.9077 -0.028 0.3868 -0.16
0.7965 -0.3631 -0.4332 -0.2147 0.066 -0.5365 -0.7661 0.3478 0.7449 -0.2075 -0.6292 -0.0793 0.767 0.0812 -0.6341 -0.0557 0.6413 -0.1556 -0.7361 -0.1506 0.7026 0.1794 -0.6805 0.1052 0.9452 0.1039 0.305 -0.0529 0.637 0.247 -0.7158 0.144 0.7241 -0.2613 -0.5768 -0.2733 0.9077 -0.028 0.3868 -0.16
0.7965 -0.3631 -0.4332 -0.2147 0.066 -0.5365 -0.7661 0.3478 0.7449 -0.2075 -0.6292 -0.0793 0.767 0.0812 -0.6341 -0.0557 0.6413 -0.1556 -0.7361 -0.1506 0.7026 0.1794 -0.6805 0.1052 0.9452 0.1039 0.305 -0.0529 0.637 0.247 -0.7158 0.144 0.7241 -0.2613 -0.5768 -0.2733 0.9077 -0.028 0.3868 -0.16
0.7965 -0.3631 -0.4332 -0.2147 0.066 -0.5365 -0.7661 0.3478 0.7449 -0.2075 -0.6292 -0.0793 0.7926 0.1092 -0.5995 0.0197 0.6413 -0.1556 -0.7361 -0.1506 0.7026 0.1794 -0.6805 0.1052 0.9476 0.0969 0.2968 -0.0683 0.637 0.247 -0.7158 0.144 0.7241 -0.2613 -0.5768 -0.2733 0.9077 -0.028 0.3868 -0.16
0.7965 -0.3631 -0.4332 -0.2147 0.066 -0.5365 -0.7661 0.3478 0.7449 -0.2075 -0.6292 -0.0793 0.7926 0.1092 -0.5995 0.0197 0.6413 -0.1556 -0.7361 -0.1506 0.7145 0.1854 -0.6696 0.0824 0.9476 0.0969 0.2968 -0.0683 0.637 0.247 -0.7158 0.144 0.7241 -0.2613 -0.5768 -0.2733 0.9077 -0.028 0.3868 -0.16
0.7965 -0.3631 -0.4332 -0.2147 0.066 -0.5365 -0.7661 0.3478 0.7449 -0.2075 -0.6292 -0.0793 0.7926 0.1092 -0.5995 0.0197 0.6413 -0.1556 -0.7361 -0.1506 0.7145 0.1854 -0.6696 0.0824 0.9476 0.0969 0.2968 -0.0683 0.637 0.247 -0.7158 0.144 0.7241 -0.2613 -0.5768 -0.2733 0.9077 -0.028 0.3868 -0.16
0.7965 -0.3631 -0.4332 -0.2147 0.066 -0.5365 -0.7661 0.3478 0.7449 -0.2075 -0.6292 -0.0793 0.7926 0.1092 -0.5995 0.0197 0.6318 -0.15 -0.7351 -0.1949 0.7145 0.1854 -0.6696 0.0824 0.9476 0.0969 0.2968 -0.0683 0.637 0.247 -0.7158 0.144 0.7241 -0.2613 -0.5768 -0.2733 0.9077 -0.028 0.3868 -0.16
0.7965 -0.3631 -0.4332 -0.2147 0.066 -0.5365 -0.7661 0.3478 0.7449 -0.2075 -0.6292 -0.0793 0.7926 0.1092 -0.5995 0.0197 0.6318 -0.15 -0.7351 -0.1949 0.7145 0.1854 -0.6696 0.0824 0.9476 0.0969 0.2968 -0.0683 0.637 0.247 -0.7158 0.144 0.7241 -0.2613 -0.5768 -0.2733 0.9367 -0.11 0.2775 -0.1831
0.7965 -0.3631 -0.4332 -0.2147 0.066 -0.5365 -0.7661 0.3478 0.7449 -0.2075 -0.6292 -0.0793 0.7926 0.1092 -0.5995 0.0197 0.6318 -0.15 -0.7351 -0.1949 0.7145 0.1854 -0.6696 0.0824 0.9476 0.0969 0.2968 -0.0683 0.637 0.247 -0.7158 0.144 0.7241 -0.2613 -0.5768 -0.2733 0.9367 -0.11 0.2775 -0.1831
0.7965 -0.3631 -0.4332 -0.2147 0.066 -0.5365 -0.7661 0.3478 0.7377 -0.2108 -0.6376 -0.0693 0.7926 0.1092 -0.5995 0.0197 0.6318 -0.15 -0.7351 -0.1949 0.7145 0.1854 -0.6696 0.0824 0.9476 0.0969 0.2968 -0.0683 0.637 0.247 -0.7158 0.144 0.7241 -0.2613 -0.5768 -0.2733 0.9367 -0.11 0.2775 -0.1831
0.7965 -0.3631 -0.4332 -0.2147 0.066 -0.5365 -0.7661 0.3478 0.7377 -0.2108 -0.6376 -0.0693 0.7909 0.0926 -0.6042 0.0299 0.6318 -0.15 -0.7351 -0.1949 0.7145 0.1854 -0.6696 0.0824 0.9467 0.1035 0.2977 -0.0673 0.637 0.247 -0.7158 0.144 0.7241 -0.2613 -0.5768 -0.2733 0.9367 -0.11 0.2775 -0.1831
0.7965 -0.3631 -0.4332 -0.2147 0.066 -0.5365 -0.7661 0.3478 0.7377 -0.2108 -0.6376 -0.0693 0.7909 0.0926 -0.6042 0.0299 0.6318 -0.15 -0.7351 -0.1949 0.7324 0.1914 -0.6517 0.0473 0.9467 0.1035 0.2977 -0.0673 0.637 0.247 -0.7158 0.144 0.7241 -0.2613 -0.5768 -0.2733 0.9367 -0.11 0.2775 -0.1831
0.7965 -0.3631 -0.4332 -0.2147 0.066 -0.5365 -0.7661 0.3478 0.7377 -0.2108 -0.6376 -0.0693 0.7909 0.0926 -0.6042 0.0299 0.6318 -0.15 -0.7351 -0.1949 0.7324 0.1914 -0.6517 0.0473 0.9467 0.1035 0.2977 -0.0673 0.637 0.247 -0.7158 0.144 0.7241 -0.2613 -0.5768 -0.2733 0.9367 -0.11 0.2775 -0.1831
0.7965 -0.3631 -0.4332 -0.2147 0.066 -0.5365 -0.7661 0.3478 0.7377 -0.2108 -0.6376 -0.0693 0.7909 0.0926 -0.6042 0.0299 0.6318 -0.15 -0.7351 -0.1949 0.7324 0.1914 -0.6517 0.0473 0.9467 0.1035 0.2977 -0.0673 0.637 0.247 -0.7158 0.144 0.7241 -0.2613 -0.5768 -0.2733 0.9367 -0.11 0.2775 -0.1831
0.7965 -0.3631 -0.4332 -0.2147 0.066 -0.5365 -0.7661 0.3478 0.7377 -0.2108 -0.6376 -0.0693 0.7909 0.0926 -0.6042 0.0299 0.6318 -0.15 -0.7351 -0.1949 0.7324 0.1914 -0.6517 0.0473 0.9467 0.1035 0.2977 -0.0673 0.637 0.247 -0.7158 0.144 0.7241 -0.2613 -0.5768 -0.2733 0.933 -0.0693 0.3065 -0.1753
0.7965 -0.3631 -0.4332 -0.2147 0.066 -0.5365 -0.7661 0.3478 0.7377 -0.2108 -0.6376 -0.0693 0.7909 0.0926 -0.6042 0.0299 0.6318 -0.15 -0.7351 -0.1949 0.7324 0.1914 -0.6517 0.0473 0.9467 0.1035 0.2977 -0.0673 0.637 0.247 -0.7158 0.144 0.7241 -0.2613 -0.5768 -0.2733 0.933 -0.0693 0.3065 -0.1753
0.7965 -0.3631 -0.4332 -0.2147 0.066 -0.5365 -0.7661 0.3478 0.7377 -0.2108 -0.6376 -0.0693 0.7909 0.0926 -0.6042 0.0299 0.6318 -0.15 -0.7351 -0.1949 0.7324 0.1914 -0.6517 0.0473 0.9467 0.1035 0.2977 -0.0673 0.637 0.247 -0.7158 0.144 0.7241 -0.2613 -0.5768 -0.2733 0.933 -0.0693 0.3065 -0.1753
0.7965 -0.3631 -0.4332 -0.2147 0.066 -0.5365 -0.7661 0.3478 0.7377 -0.2108 -0.6376 -0.0693 0.7909 0.0926 -0.6042 0.0299 0.6318 -0.15 -0.7351 -0.1949 0.7324 0.1914 -0.6517 0.0473 0.9467 0.1035 0.2977 -0.0673 0.637 0.247 -0.7158 0.144 0.7241 -0.2613 -0.5768 -0.2733 0.933 -0.0693 0.3065 -0.1753
0.7965 -0.3631 -0.4332 -0.2147 0.066 -0.5365 -0.7661 0.3478 0.7377 -0.2108 -0.6376 -0.0693 0.7909 0.0926 -0.6042 0.0299 0.6318 -0.15 -0.7351 -0.1949 0.7535 0.2151 -0.6213 0.0013 0.9467 0.1035 0.2977 -0.0673 0.637 0.247 -0.7158 0.144 0.7241 -0.2613 -0.5768 -0.2733 0.933 -0.0693 0.3065 -0.1753
0.7965 -0.3631 -0.4332 -0.2147 0.066 -0.5365 -0.7661 0.3478 0.7377 -0.2108 -0.6376 -0.0693 0.7909 0.0926 -0.6042 0.0299 0.6318 -0.15 -0.7351 -0.1949 0.7535 0.2151 -0.6213 0.0013 0.9467 0.1035 0.2977 -0.0673 0.637 0.247 -0.7158 0.144 0.7241 -0.2613 -0.5768 -0.2733 0.933 -0.0693 0.3065 -0.1753
0.7965 -0.3631 -0.4332 -0.2147 0.066 -0.5365 -0.7661 0.3478 0.7377 -0.2108 -0.6376 -0.0693 0.7909 0.0926 -0.6042 0.0299 0.6197 -0.1429 -0.725 -0.2643 0.7535 0.2151 -0.6213 0.0013 0.9467 0.1035 0.2977 -0.0673 0.637 0.247 -0.7158 0.144 0.7241 -0.2613 -0.5768 -0.2733 0.933 -0.0693 0.3065 -0.1753
0.8173 -0.3186 -0.4263 -0.2209 0.066 -0.5365 -0.7661 0.3478 0.7377 -0.2108 -0.6376 -0.0693 0.7909 0.0926 -0.6042 0.0299 0.6197 -0.1429 -0.725 -0.2643 0.7535 0.2151 -0.6213 0.0013 0.9467 0.1035 0.2977 -0.0673 0.637 0.247 -0.7158 0.144 0.7241 -0.2613 -0.5768 -0.2733 0.908 0.0032 0.3906 -0.1512
0.8173 -0.3186 -0.4263 -0.2209 0.066 -0.5365 -0.7661 0.3478 0.7377 -0.2108 -0.6376 -0.0693 0.7909 0.0926 -0.6042 0.0299 0.6197 -0.1429 -0.725 -0.2643 0.7535 0.2151 -0.6213 0.0013 0.9467 0.1035 0.2977 -0.0673 0.637 0.247 -0.7158 0.144 0.7241 -0.2613 -0.5768 -0.2733 0.908 0.0032 0.3906 -0.1512
0.8173 -0.3186 -0.4263 -0.2209 0.066 -0.5365 -0.7661 0.3478 0.702 -0.2308 -0.6624 -0.1233 0.755 0.0837 -0.6502 -0.0122 0.6197 -0.1429 -0.725 -0.2643 0.7535 0.2151 -0.6213 0.0013 0.8817 0.1447 0.4485 -0.0247 0.637 0.247 -0.7158 0.144 0.7241 -0.2613 -0.5768 -0.2733 0.908 0.0032 0.3906 -0.1512
0.8173 -0.3186 -0.4263 -0.2209 0.066 -0.5365 -0.7661 0.3478 0.702 -0.2308 -0.6624 -0.1233 0.755 0.0837 -0.6502 -0.0122 0.6197 -0.1429 -0.725 -0.2643 0.7766 0.2862 -0.56 -0.0373 0.8817 0.1447 0.4485 -0.0247 0.637 0.247 -0.7158 0.144 0.7241 -0.2613 -0.5768 -0.2733 0.908 0.0032 0.3906 -0.1512
0.8173 -0.3186 -0.4263 -0.2209 0.066 -0.5365 -0.7661 0.3478 0.702 -0.2308 -0.6624 -0.1233 0.755 0.0837 -0.6502 -0.0122 0.6197 -0.1429 -0.725 -0.2643 0.7766 0.2862 -0.56 -0.0373 0.8817 0.1447 0.4485 -0.0247 0.637 0.247 -0.7158 0.144 0.7241 -0.2613 -0.5768 -0.2733 0.908 0.0032 0.3906 -0.1512
0.8173 -0.3186 -0.4263 -0.2209 0.066 -0.5365 -0.7661 0.3478 0.702 -0.2308 -0.6624 -0.1233 0.755 0.0837 -0.6502 -0.0122 0.6197 -0.1429 -0.725 -0.2643 0.7766 0.2862 -0.56 -0.0373 0.8817 0.1447 0.4485 -0.0247 0.637 0.247 -0.7158 0.144 0.7241 -0.2613 -0.5768 -0.2733 0.908 0.0032 0.3906 -0.1512
0.8173 -0.3186 -0.4263 -0.2209 0.066 -0.5365 -0.7661 0.3478 0.702 -0.2308 -0.6624 -0.1233 0.755 0.0837 -0.6502 -0.0122 0.6197 -0.1429 -0.725 -0.2643 0.7766 0.2862 -0.56 -0.0373 0.8817 0.1447 0.4485 -0.0247 0.637 0.247 -0.7158 0.144 0.7241 -0.2613 -0.5768 -0.2733 0.908 0.0032 0.3906 -0.1512
0.8173 -0.3186 -0.4263 -0.2209 0.066 -0.5365 -0.7661 0.3478 0.702 -0.2308 -0.6624 -0.1233 0.755 0.0837 -0.6502 -0.0122 0.6197 -0.1429 -0.725 -0.2643 0.7766 0.2862 -0.56 -0.0373 0.8817 0.1447 0.4485 -0.0247 0.637 0.247 -0.7158 0.144 0.7241 -0.2613 -0.5768 -0.2733 0.908 0.0032 0.3906 -0.1512
0.8209 -0.3317 -0.3976 -0.2408 0.066 -0.5365 -0.7661 0.3478 0.6862 -0.2513 -0.6655 -0.1523 0.755 0.0837 -0.6502 -0.0122 0.6197 -0.1429 -0.725 -0.2643 0.7766 0.2862 -0.56 -0.0373 0.8881 0.1094 0.4464 -1.0E-4 0.7164 0.1927 -0.6705 -7.0E-4 0.7241 -0.2613 -0.5768 -0.2733 0.9079 0.0042 0.3907 -0.152
0.8209 -0.3317 -0.3976 -0.2408 0.066 -0.5365 -0.7661 0.3478 0.6862 -0.2513 -0.6655 -0.1523 0.7421 0.0638 -0.6655 -0.049 0.6197 -0.1429 -0.725 -0.2643 0.7766 0.2862 -0.56 -0.0373 0.8881 0.1094 0.4464 -1.0E-4 0.7164 0.1927 -0.6705 -7.0E-4 0.7241 -0.2613 -0.5768 -0.2733 0.9079 0.0042 0.3907 -0.152
0.8209 -0.3317 -0.3976 -0.2408 0.066 -0.5365 -0.7661 0.3478 0.6862 -0.2513 -0.6655 -0.1523 0.7421 0.0638 -0.6655 -0.049 0.6197 -0.1429 -0.725 -0.2643 0.7766 0.2862 -0.56 -0.0373 0.8881 0.1094 0.4464 -1.0E-4 0.7164 0.1927 -0.6705 -7.0E-4 0.7241 -0.2613 -0.5768 -0.2733 0.9079 0.0042 0.3907 -0.152
0.8209 -0.3317 -0.3976 -0.2408 0.066 -0.5365 -0.7661 0.3478 0.6862 -0.2513 -0.6655 -0.1523 0.7421 0.0638 -0.6655 -0.049 0.6197 -0.1429 -0.725 -0.2643 0.8147 0.2001 -0.5442 -0.0088 0.8881 0.1094 0.4464 -1.0E-4 0.7164 0.1927 -0.6705 -7.0E-4 0.7241 -0.2613 -0.5768 -0.2733 0.9079 0.0042 0.3907 -0.152
0.8209 -0.3317 -0.3976 -0.2408 0.066 -0.5365 -0.7661 0.3478 0.6862 -0.2513 -0.6655 -0.1523 0.7421 0.0638 -0.6655 -0.049 0.6197 -0.1429 -0.725 -0.2643 0.8147 0.2001 -0.5442 -0.0088 0.8881 0.1094 0.4464 -1.0E-4 0.7164 0.1927 -0.6705 -7.0E-4 0.7241 -0.2613 -0.5768 -0.2733 0.9079 0.0042 0.3907 -0.152
0.8209 -0.3317 -0.3976 -0.2408 0.066 -0.5365 -0.7661 0.3478 0.6862 -0.2513 -0.6655 -0.1523 0.7421 0.0638 -0.6655 -0.049 0.6197 -0.1429 -0.725 -0.2643 0.8147 0.2001 -0.5442 -0.0088 0.8881 0.1094 0.4464 -1.0E-4 0.7164 0.1927 -0.6705 -7.0E-4 0.7241 -0.2613 -0.5768 -0.2733 0.9079 0.0042 0.3907 -0.152
0.8116 -0.346 -0.3827 -0.2739 0.066 -0.5365 -0.7661 0.3478 0.6862 -0.2513 -0.6655 -0.1523 0.7421 0.0638 -0.6655 -0.049 0.6197 -0.1429 -0.725 -0.2643 0.8147 0.2001 -0.5442 -0.0088 0.8881 0.1094 0.4464 -1.0E-4 0.7164 0.1927 -0.6705 -7.0E-4 0.7241 -0.2613 -0.5768 -0.2733 0.9079 0.0042 0.3907 -0.152
0.8116 -0.346 -0.3827 -0.2739 0.066 -0.5365 -0.7661 0.3478 0.6732 -0.2675 -0.6631 -0.1888 0.7421 0.0638 -0.6655 -0.049 0.6197 -0.1429 -0.725 -0.2643 0.8147 0.2001 -0.5442 -0.0088 0.8881 0.1094 0.4464 -1.0E-4 0.7164 0.1927 -0.6705 -7.0E-4 0.7241 -0.2613 -0.5768 -0.2733 0.9079 0.0042 0.3907 -0.152
0.8116 -0.346 -0.3827 -0.2739 0.066 -0.5365 -0.7661 0.3478 0.6732 -0.2675 -0.6631 -0.1888 0.7421 0.0638 -0.6655 -0.049 0.6197 -0.1429 -0.725 -0.2643 0.8147 0.2001 -0.5442 -0.0088 0.8881 0.1094 0.4464 -1.0E-4 0.7164 0.1927 -0.6705 -7.0E-4 0.7241 -0.2613 -0.5768 -0.2733 0.9079 0.0042 0.3907 -0.152
0.8116 -0.346 -0.3827 -0.2739 0.066 -0.5365 -0.7661 0.3478 0.6732 -0.2675 -0.6631 -0.1888 0.7354 0.0493 -0.6709 -0.0817 0.6197 -0.1429 -0.725 -0.2643 0.8147 0.2001 -0.5442 -0.0088 0.95 0.0302 0.2968 -0.0926 0.7164 0.1927 -0.6705 -7.0E-4 0.7241 -0.2613 -0.5768 -0.2733 0.9079 0.0042 0.3907 -0.152
0.8116 -0.346 -0.3827 -0.2739 0.066 -0.5365 -0.7661 0.3478 0.6732 -0.2675 -0.6631 -0.1888 0.7354 0.0493 -0.6709 -0.0817 0.6197 -0.1429 -0.725 -0.2643 0.8356 0.054 -0.5415 0.0748 0.95 0.0302 0.2968 -0.0926 0.7164 0.1927 -0.6705 -7.0E-4 0.7241 -0.2613 -0.5768 -0.2733 0.9079 0.0042 0.3907 -0.152
0.8116 -0.346 -0.3827 -0.2739 0.066 -0.5365 -0.7661 0.3478 0.6732 -0.2675 -0.6631 -0.1888 0.7354 0.0493 -0.6709 -0.0817 0.6197 -0.1429 -0.725 -0.2643 0.8356 0.054 -0.5415 0.0748 0.95 0.0302 0.2968 -0.0926 0.7164 0.1927 -0.6705 -7.0E-4 0.7241 -0.2613 -0.5768 -0.2733 0.9079 0.0042 0.3907 -0.152
0.8116 -0.346 -0.3827 -0.2739 0.066 -0.5365 -0.7661 0.3478 0.6732 -0.2675 -0.6631 -0.1888 0.7354 0.0493 -0.6709 -0.0817 0.7819 -0.1715 -0.5645 -0.2012 0.8356 0.054 -0.5415 0.0748 0.95 0.0302 0.2968 -0.0926 0.7164 0.1927 -0.6705 -7.0E-4 0.7241 -0.2613 -0.5768 -0.2733 0.9079 0.0042 0.3907 -0.152
0.8116 -0.346 -0.3827 -0.2739 0.066 -0.5365 -0.7661 0.3478 0.6732 -0.2675 -0.6631 -0.1888 0.7354 0.0493 -0.6709 -0.0817 0.7819 -0.1715 -0.5645 -0.2012 0.8356 0.054 -0.5415 0.0748 0.95 0.0302 0.2968 -0.0926 0.7164 0.1927 -0.6705 -7.0E-4 0.7241 -0.2613 -0.5768 -0.2733 0.9102 0.011 0.3872 -0.1469
0.8023 -0.3561 -0.3774 -0.2949 0.066 -0.5365 -0.7661 0.3478 0.6651 -0.2859 -0.6533 -0.2217 0.7354 0.0493 -0.6709 -0.0817 0.7819 -0.1715 -0.5645 -0.2012 0.8356 0.054 -0.5415 0.0748 0.95 0.0302 0.2968 -0.0926 0.7164 0.1927 -0.6705 -7.0E-4 0.7241 -0.2613 -0.5768 -0.2733 0.9102 0.011 0.3872 -0.1469
0.8023 -0.3561 -0.3774 -0.2949 0.066 -0.5365 -0.7661 0.3478 0.6651 -0.2859 -0.6533 -0.2217 0.7354 0.0493 -0.6709 -0.0817 0.7819 -0.1715 -0.5645 -0.2012 0.8356 0.054 -0.5415 0.0748 0.95 0.0302 0.2968 -0.0926 0.7164 0.1927 -0.6705 -7.0E-4 0.7241 -0.2613 -0.5768 -0.2733 0.9102 0.011 0.3872 -0.1469
0.8023 -0.3561 -0.3774 -0.2949 0.066 -0.5365 -0.7661 0.3478 0.6651 -0.2859 -0.6533 -0.2217 0.7314 0.0443 -0.6721 -0.1066 0.7819 -0.1715 -0.5645 -0.2012 0.8356 0.054 -0.5415 0.0748 0.95 0.0302 0.2968 -0.0926 0.7164 0.1927 -0.6705 -7.0E-4 0.7241 -0.2613 -0.5768 -0.2733 0.9102 0.011 0.3872 -0.1469
0.8023 -0.3561 -0.3774 -0.2949 0.066 -0.5365 -0.7661 0.3478 0.6651 -0.2859 -0.6533 -0.2217 0.7314 0.0443 -0.6721 -0.1066 0.7819 -0.1715 -0.5645 -0.2012 0.8235 0.0073 -0.5419 0.1678 0.95 0.0302 0.2968 -0.0926 0.7164 0.1927 -0.6705 -7.0E-4 0.7241 -0.2613 -0.5768 -0.2733 0.9102 0.011 0.3872 -0.1469
0.8023 -0.3561 -0.3774 -0.2949 0.066 -0.5365 -0.7661 0.3478 0.6651 -0.2859 -0.6533 -0.2217 0.7314 0.0443 -0.6721 -0.1066 0.7819 -0.1715 -0.5645 -0.2012 0.8235 0.0073 -0.5419 0.1678 0.95 0.0302 0.2968 -0.0926 0.7164 0.1927 -0.6705 -7.0E-4 0.7241 -0.2613 -0.5768 -0.2733 0.9102 0.011 0.3872 -0.1469
0.8023 -0.3561 -0.3774 -0.2949 0.1534 -0.5945 -0.7222 0.3187 0.6651 -0.2859 -0.6533 -0.2217 0.7314 0.0443 -0.6721 -0.1066 0.7819 -0.1715 -0.5645 -0.2012 0.8235 0.0073 -0.5419 0.1678 0.95 0.0302 0.2968 -0.0926 0.7164 0.1927 -0.6705 -7.0E-4 0.7241 -0.2613 -0.5768 -0.2733 0.9102 0.011 0.3872 -0.1469
0.8023 -0.3561 -0.3774 -0.2949 0.1534 -0.5945 -0.7222 0.3187 0.6651 -0.2859 -0.6533 -0.2217 0.7314 0.0443 -0.6721 -0.1066 0.7819 -0.1715 -0.5645 -0.2012 0.8235 0.0073 -0.5419 0.1678 0.95 0.0302 0.2968 -0.0926 0.7164 0.1927 -0.6705 -7.0E-4 0.7241 -0.2613 -0.5768 -0.2733 0.9108 0.0136 0.3864 -0.1446
0.8023 -0.3561 -0.3774 -0.2949 0.1534 -0.5945 -0.7222 0.3187 0.6651 -0.2859 -0.6533 -0.2217 0.7314 0.0443 -0.6721 -0.1066 0.7819 -0.1715 -0.5645 -0.2012 0.8235 0.0073 -0.5419 0.1678 0.95 0.0302 0.2968 -0.0926 0.7164 0.1927 -0.6705 -7.0E-4 0.7241 -0.2613 -0.5768 -0.2733 0.9108 0.0136 0.3864 -0.1446
0.8023 -0.3561 -0.3774 -0.2949 0.1534 -0.5945 -0.7222 0.3187 0.6651 -0.2859 -0.6533 -0.2217 0.7314 0.0443 -0.6721 -0.1066 0.7819 -0.1715 -0.5645 -0.2012 0.8235 0.0073 -0.5419 0.1678 0.9856 0.0308 0.1661 0.0043 0.7164 0.1927 -0.6705 -7.0E-4 0.7241 -0.2613 -0.5768 -0.2733 0.9108 0.0136 0.3864 -0.1446
0.8023 -0.3561 -0.3774 -0.2949 0.1534 -0.5945 -0.7222 0.3187 0.6651 -0.2859 -0.6533 -0.2217 0.7321 0.0464 -0.6702 -0.1132 0.7819 -0.1715 -0.5645 -0.2012 0.8235 0.0073 -0.5419 0.1678 0.9856 0.0308 0.1661 0.0043 0.7164 0.1927 -0.6705 -7.0E-4 0.7241 -0.2613 -0.5768 -0.2733 0.9108 0.0136 0.3864 -0.1446
0.8023 -0.3561 -0.3774 -0.2949 0.1534 -0.5945 -0.7222 0.3187 0.6651 -0.2859 -0.6533 -0.2217 0.7321 0.0464 -0.6702 -0.1132 0.7819 -0.1715 -0.5645 -0.2012 0.7873 -0.0186 -0.5789 0.2115 0.9856 0.0308 0.1661 0.0043 0.7164 0.1927 -0.6705 -7.0E-4 0.7241 -0.2613 -0.5768 -0.2733 0.9108 0.0136 0.3864 -0.1446
0.8023 -0.3561 -0.3774 -0.2949 0.1534 -0.5945 -0.7222 0.3187 0.6651 -0.2859 -0.6533 -0.2217 0.7321 0.0464 -0.6702 -0.1132 0.7819 -0.1715 -0.5645 -0.2012 0.7873 -0.0186 -0.5789 0.2115 0.9856 0.0308 0.1661 0.0043 0.7164 0.1927 -0.6705 -7.0E-4 0.7241 -0.2613 -0.5768 -0.2733 0.9108 0.0136 0.3864 -0.1446
0.8023 -0.3561 -0.3774 -0.2949 0.1534 -0.5945 -0.7222 0.3187 0.6651 -0.2859 -0.6533 -0.2217 0.7321 0.0464 -0.6702 -0.1132 0.8038 -0.2119 -0.5515 -0.0698 0.7873 -0.0186 -0.5789 0.2115 0.9856 0.0308 0.1661 0.0043 0.7164 0.1927 -0.6705 -7.0E-4 0.7241 -0.2613 -0.5768 -0.2733 0.9108 0.0136 0.3864 -0.1446
0.8023 -0.3561 -0.3774 -0.2949 0.1534 -0.5945 -0.7222 0.3187 0.6651 -0.2859 -0.6533 -0.2217 0.7321 0.0464 -0.6702 -0.1132 0.8038 -0.2119 -0.5515 -0.0698 0.7873 -0.0186 -0.5789 0.2115 0.9856 0.0308 0.1661 0.0043 0.7164 0.1927 -0.6705 -7.0E-4 0.7241 -0.2613 -0.5768 -0.2733 0.9111 0.0145 0.3861 -0.1432
0.8069 -0.3712 -0.3626 -0.2822 0.1534 -0.5945 -0.7222 0.3187 0.6651 -0.2859 -0.6533 -0.2217 0.7321 0.0464 -0.6702 -0.1132 0.8038 -0.2119 -0.5515 -0.0698 0.7873 -0.0186 -0.5789 0.2115 0.9856 0.0308 0.1661 0.0043 0.7164 0.1927 -0.6705 -7.0E-4 0.7241 -0.2613 -0.5768 -0.2733 0.9111 0.0145 0.3861 -0.1432
0.8069 -0.3712 -0.3626 -0.2822 0.1534 -0.5945 -0.7222 0.3187 0.6651 -0.2859 -0.6533 -0.2217 0.7321 0.0464 -0.6702 -0.1132 0.8038 -0.2119 -0.5515 -0.0698 0.7873 -0.0186 -0.5789 0.2115 0.9856 0.0308 0.1661 0.0043 0.7164 0.1927 -0.6705 -7.0E-4 0.7241 -0.2613 -0.5768 -0.2733 0.9111 0.0145 0.3861 -0.1432
0.8069 -0.3712 -0.3626 -0.2822 0.1534 -0.5945 -0.7222 0.3187 0.6651 -0.2859 -0.6533 -0.2217 0.7321 0.0464 -0.6702 -0.1132 0.8038 -0.2119 -0.5515 -0.0698 0.7873 -0.0186 -0.5789 0.2115 0.9856 0.0308 0.1661 0.0043 0.7164 0.1927 -0.6705 -7.0E-4 0.7241 -0.2613 -0.5768 -0.2733 0.9111 0.0145 0.3861 -0.1432
0.8069 -0.3712 -0.3626 -0.2822 0.1534 -0.5945 -0.7222 0.3187 0.6651 -0.2859 -0.6533 -0.2217 0.7321 0.0464 -0.6702 -0.1132 0.8038 -0.2119 -0.5515 -0.0698 0.7424 -0.0211 -0.6418 0.1906 0.9856 0.0308 0.1661 0.0043 0.7164 0.1927 -0.6705 -7.0E-4 0.7241 -0.2613 -0.5768 -0.2733 0.9111 0.0145 0.3861 -0.1432
0.8069 -0.3712 -0.3626 -0.2822 0.1534 -0.5945 -0.7222 0.3187 0.6651 -0.2859 -0.6533 -0.2217 0.7321 0.0464 -0.6702 -0.1132 0.8038 -0.2119 -0.5515 -0.0698 0.7424 -0.0211 -0.6418 0.1906 0.9856 0.0308 0.1661 0.0043 0.7164 0.1927 -0.6705 -7.0E-4 0.7241 -0.2613 -0.5768 -0.2733 0.9111 0.0145 0.3861 -0.1432
0.8069 -0.3712 -0.3626 -0.2822 0.1534 -0.5945 -0.7222 0.3187 0.6651 -0.2859 -0.6533 -0.2217 0.7321 0.0464 -0.6702 -0.1132 0.8038 -0.2119 -0.5515 -0.0698 0.7424 -0.0211 -0.6418 0.1906 0.9856 0.0308 0.1661 0.0043 0.7164 0.1927 -0.6705 -7.0E-4 0.7241 -0.2613 -0.5768 -0.2733 0.9113 0.016 0.386 -0.1423
0.8069 -0.3712 -0.3626 -0.2822 0.1534 -0.5945 -0.7222 0.3187 0.6651 -0.2859 -0.6533 -0.2217 0.7321 0.0464 -0.6702 -0.1132 0.8038 -0.2119 -0.5515 -0.0698 0.7424 -0.0211 -0.6418 0.1906 0.9856 0.0308 0.1661 0.0043 0.6411 0.2311 -0.7227 0.1156 0.7241 -0.2613 -0.5768 -0.2733 0.9113 0.016 0.386 -0.1423
0.8069 -0.3712 -0.3626 -0.2822 0.1534 -0.5945 -0.7222 0.3187 0.6651 -0.2859 -0.6533 -0.2217 0.7321 0.0464 -0.6702 -0.1132 0.8038 -0.2119 -0.5515 -0.0698 0.7424 -0.0211 -0.6418 0.1906 0.9856 0.0308 0.1661 0.0043 0.6411 0.2311 -0.7227 0.1156 0.7241 -0.2613 -0.5768 -0.2733 0.9113 0.016 0.386 -0.1423
0.8069 -0.3712 -0.3626 -0.2822 0.1534 -0.5945 -0.7222 0.3187 0.6651 -0.2859 -0.6533 -0.2217 0.7265 0.0615 -0.674 -0.1187 0.8038 -0.2119 -0.5515 -0.0698 0.7424 -0.0211 -0.6418 0.1906 0.9623 0.1933 0.1897 0.022 0.6411 0.2311 -0.7227 0.1156 0.7241 -0.2613 -0.5768 -0.2733 0.9113 0.016 0.386 -0.1423
0.8069 -0.3712 -0.3626 -0.2822 0.1534 -0.5945 -0.7222 0.3187 0.6651 -0.2859 -0.6533 -0.2217 0.7265 0.0615 -0.674 -0.1187 0.8038 -0.2119 -0.5515 -0.0698 0.7025 0.0108 -0.6985 0.1359 0.9623 0.1933 0.1897 0.022 0.6411 0.2311 -0.7227 0.1156 0.7241 -0.2613 -0.5768 -0.2733 0.9113 0.016 0.386 -0.1423
0.8069 -0.3712 -0.3626 -0.2822 0.1534 -0.5945 -0.7222 0.3187 0.6651 -0.2859 -0.6533 -0.2217 0.7265 0.0615 -0.674 -0.1187 0.8038 -0.2119 -0.5515 -0.0698 0.7025 0.0108 -0.6985 0.1359 0.9623 0.1933 0.1897 0.022 0.6411 0.2311 -0.7227 0.1156 0.7241 -0.2613 -0.5768 -0.2733 0.9113 0.016 0.386 -0.1423
0.8069 -0.3712 -0.3626 -0.2822 0.1534 -0.5945 -0.7222 0.3187 0.6651 -0.2859 -0.6533 -0.2217 0.7265 0.0615 -0.674 -0.1187 0.8038 -0.2119 -0.5515 -0.0698 0.7025 0.0108 -0.6985 0.1359 0.9623 0.1933 0.1897 0.022 0.6411 0.2311 -0.7227 0.1156 0.7241 -0.2613 -0.5768 -0.2733 0.9113 0.016 0.386 -0.1423
0.8069 -0.3712 -0.3626 -0.2822 0.1534 -0.5945 -0.7222 0.3187 0.6651 -0.2859 -0.6533 -0.2217 0.7265 0.0615 -0.674 -0.1187 0.8038 -0.2119 -0.5515 -0.0698 0.7025 0.0108 -0.6985 0.1359 0.9623 0.1933 0.1897 0.022 0.6411 0.2311 -0.7227 0.1156 0.7241 -0.2613 -0.5768 -0.2733 0.9113 0.016 0.386 -0.1423
0.8069 -0.3712 -0.3626 -0.2822 0.1479 -0.5771 -0.7225 0.3508 0.6651 -0.2859 -0.6533 -0.2217 0.7265 0.0615 -0.674 -0.1187 0.8038 -0.2119 -0.5515 -0.0698 0.7025 0.0108 -0.6985 0.1359 0.9623 0.1933 0.1897 0.022 0.6411 0.2311 -0.7227 0.1156 0.7241 -0.2613 -0.5768 -0.2733 0.9114 0.0149 0.3859 -0.1425
0.8069 -0.3712 -0.3626 -0.2822 0.1479 -0.5771 -0.7225 0.3508 0.6651 -0.2859 -0.6533 -0.2217 0.7265 0.0615 -0.674 -0.1187 0.8038 -0.2119 -0.5515 -0.0698 0.7025 0.0108 -0.6985 0.1359 0.9623 0.1933 0.1897 0.022 0.6411 0.2311 -0.7227 0.1156 0.7241 -0.2613 -0.5768 -0.2733 0.9114 0.0149 0.3859 -0.1425
0.8069 -0.3712 -0.3626 -0.2822 0.1479 -0.5771 -0.7225 0.3508 0.6651 -0.2859 -0.6533 -0.2217 0.7265 0.0615 -0.674 -0.1187 0.8038 -0.2119 -0.5515 -0.0698 0.7025 0.0108 -0.6985 0.1359 0.9351 0.216 0.2803 -0.0194 0.6411 0.2311 -0.7227 0.1156 0.7241 -0.2613 -0.5768 -0.2733 0.9114 0.0149 0.3859 -0.1425
0.8069 -0.3712 -0.3626 -0.2822 0.1479 -0.5771 -0.7225 0.3508 0.6651 -0.2859 -0.6533 -0.2217 0.7215 0.0775 -0.6758 -0.1291 0.8038 -0.2119 -0.5515 -0.0698 0.7025 0.0108 -0.6985 0.1359 0.9351 0.216 0.2803 -0.0194 0.6411 0.2311 -0.7227 0.1156 0.7241 -0.2613 -0.5768 -0.2733 0.9114 0.0149 0.3859 -0.1425
0.8069 -0.3712 -0.3626 -0.2822 0.1479 -0.5771 -0.7225 0.3508 0.6651 -0.2859 -0.6533 -0.2217 0.7215 0.0775 -0.6758 -0.1291 0.8038 -0.2119 -0.5515 -0.0698 0.6868 0.0632 -0.7184 0.0914 0.9351 0.216 0.2803 -0.0194 0.6411 0.2311 -0.7227 0.1156 0.7241 -0.2613 -0.5768 -0.2733 0.9114 0.0149 0.3859 -0.1425
0.8069 -0.3712 -0.3626 -0.2822 0.1479 -0.5771 -0.7225 0.3508 0.6651 -0.2859 -0.6533 -0.2217 0.7215 0.0775 -0.6758 -0.1291 0.6687 -0.229 -0.7026 -0.0824 0.6868 0.0632 -0.7184 0.0914 0.9351 0.216 0.2803 -0.0194 0.6411 0.2311 -0.7227 0.1156 0.7241 -0.2613 -0.5768 -0.2733 0.9114 0.0149 0.3859 -0.1425
0.8069 -0.3712 -0.3626 -0.2822 0.1479 -0.5771 -0.7225 0.3508 0.6651 -0.2859 -0.6533 -0.2217 0.7215 0.0775 -0.6758 -0.1291 0.6687 -0.229 -0.7026 -0.0824 0.6868 0.0632 -0.7184 0.0914 0.9351 0.216 0.2803 -0.0194 0.6411 0.2311 -0.7227 0.1156 0.7241 -0.2613 -0.5768 -0.2733 0.9114 0.0149 0.3859 -0.1425
0.8069 -0.3712 -0.3626 -0.2822 0.1479 -0.5771 -0.7225 0.3508 0.6651 -0.2859 -0.6533 -0.2217 0.7215 0.0775 -0.6758 -0.1291 0.6687 -0.229 -0.7026 -0.0824 0.6868 0.0632 -0.7184 0.0914 0.9351 0.216 0.2803 -0.0194 0.6411 0.2311 -0.7227 0.1156 0.7241 -0.2613 -0.5768 -0.2733 0.9109 0.0046 0.3858 -0.1461
0.7947 -0.3929 -0.3983 -0.2352 0.1479 -0.5771 -0.7225 0.3508 0.6651 -0.2859 -0.6533 -0.2217 0.7215 0.0775 -0.6758 -0.1291 0.6687 -0.229 -0.7026 -0.0824 0.6868 0.0632 -0.7184 0.0914 0.9351 0.216 0.2803 -0.0194 0.6411 0.2311 -0.7227 0.1156 0.7241 -0.2613 -0.5768 -0.2733 0.9109 0.0046 0.3858 -0.1461
0.7947 -0.3929 -0.3983 -0.2352 0.1479 -0.5771 -0.7225 0.3508 0.6651 -0.2859 -0.6533 -0.2217 0.7215 0.0775 -0.6758 -0.1291 0.6687 -0.229 -0.7026 -0.0824 0.6868 0.0632 -0.7184 0.0914 0.9455 0.1047 0.3044 -0.0486 0.6411 0.2311 -0.7227 0.1156 0.7241 -0.2613 -0.5768 -0.2733 0.9109 0.0046 0.3858 -0.1461
0.7947 -0.3929 -0.3983 -0.2352 0.1479 -0.5771 -0.7225 0.3508 0.6651 -0.2859 -0.6533 -0.2217 0.7247 0.0893 -0.6697 -0.1354 0.6687 -0.229 -0.7026 -0.0824 0.6868 0.0632 -0.7184 0.0914 0.9455 0.1047 0.3044 -0.0486 0.6411 0.2311 -0.7227 0.1156 0.7241 -0.2613 -0.5768 -0.2733 0.9109 0.0046 0.3858 -0.1461
0.7947 -0.3929 -0.3983 -0.2352 0.1479 -0.5771 -0.7225 0.3508 0.6651 -0.2859 -0.6533 -0.2217 0.7247 0.0893 -0.6697 -0.1354 0.6687 -0.229 -0.7026 -0.0824 0.681 0.0998 -0.7159 0.117 0.9455 0.1047 0.3044 -0.0486 0.6411 0.2311 -0.7227 0.1156 0.7241 -0.2613 -0.5768 -0.2733 0.9109 0.0046 0.3858 -0.1461
0.7947 -0.3929 -0.3983 -0.2352 0.1479 -0.5771 -0.7225 0.3508 0.6651 -0.2859 -0.6533 -0.2217 0.7247 0.0893 -0.6697 -0.1354 0.6687 -0.229 -0.7026 -0.0824 0.681 0.0998 -0.7159 0.117 0.9455 0.1047 0.3044 -0.0486 0.6411 0.2311 -0.7227 0.1156 0.7241 -0.2613 -0.5768 -0.2733 0.9109 0.0046 0.3858 -0.1461
0.7947 -0.3929 -0.3983 -0.2352 0.1479 -0.5771 -0.7225 0.3508 0.6651 -0.2859 -0.6533 -0.2217 0.7247 0.0893 -0.6697 -0.1354 0.6687 -0.229 -0.7026 -0.0824 0.681 0.0998 -0.7159 0.117 0.9455 0.1047 0.3044 -0.0486 0.6411 0.2311 -0.7227 0.1156 0.7241 -0.2613 -0.5768 -0.2733 0.8531 -1.0E-4 0.5013 -0.145
0.7947 -0.3929 -0.3983 -0.2352 0.1479 -0.5771 -0.7225 0.3508 0.6651 -0.2859 -0.6533 -0.2217 0.7247 0.0893 -0.6697 -0.1354 0.6687 -0.229 -0.7026 -0.0824 0.681 0.0998 -0.7159 0.117 0.9455 0.1047 0.3044 -0.0486 0.6411 0.2311 -0.7227 0.1156 0.7241 -0.2613 -0.5768 -0.2733 0.8531 -1.0E-4 0.5013 -0.145
0.787 -0.3829 -0.4315 -0.2186 0.1479 -0.5771 -0.7225 0.3508 0.6651 -0.2859 -0.6533 -0.2217 0.7247 0.0893 -0.6697 -0.1354 0.6687 -0.229 -0.7026 -0.0824 0.681 0.0998 -0.7159 0.117 0.9455 0.1047 0.3044 -0.0486 0.6835 0.2547 -0.6718 0.1295 0.7241 -0.2613 -0.5768 -0.2733 0.8531 -1.0E-4 0.5013 -0.145
0.787 -0.3829 -0.4315 -0.2186 0.1479 -0.5771 -0.7225 0.3508 0.6651 -0.2859 -0.6533 -0.2217 0.7247 0.0893 -0.6697 -0.1354 0.6687 -0.229 -0.7026 -0.0824 0.681 0.0998 -0.7159 0.117 0.9455 0.1047 0.3044 -0.0486 0.6835 0.2547 -0.6718 0.1295 0.7241 -0.2613 -0.5768 -0.2733 0.8531 -1.0E-4 0.5013 -0.145
0.787 -0.3829 -0.4315 -0.2186 0.1479 -0.5771 -0.7225 0.3508 0.6651 -0.2859 -0.6533 -0.2217 0.7474 0.0932 -0.6469 -0.1198 0.6687 -0.229 -0.7026 -0.0824 0.681 0.0998 -0.7159 0.117 0.9461 0.093 0.306 -0.0512 0.6835 0.2547 -0.6718 0.1295 0.7241 -0.2613 -0.5768 -0.2733 0.8531 -1.0E-4 0.5013 -0.145
0.787 -0.3829 -0.4315 -0.2186 0.1479 -0.5771 -0.7225 0.3508 0.6651 -0.2859 -0.6533 -0.2217 0.7474 0.0932 -0.6469 -0.1198 0.6687 -0.229 -0.7026 -0.0824 0.6839 0.1271 -0.7109 0.1031 0.9461 0.093 0.306 -0.0512 0.6835 0.2547 -0.6718 0.1295 0.7241 -0.2613 -0.5768 -0.2733 0.8531 -1.0E-4 0.5013 -0.145
0.787 -0.3829 -0.4315 -0.2186 0.1479 -0.5771 -0.7225 0.3508 0.6651 -0.2859 -0.6533 -0.2217 0.7474 0.0932 -0.6469 -0.1198 0.6687 -0.229 -0.7026 -0.0824 0.6839 0.1271 -0.7109 0.1031 0.9461 0.093 0.306 -0.0512 0.6835 0.2547 -0.6718 0.1295 0.7241 -0.2613 -0.5768 -0.2733 0.8531 -1.0E-4 0.5013 -0.145
0.787 -0.3829 -0.4315 -0.2186 0.1479 -0.5771 -0.7225 0.3508 0.6651 -0.2859 -0.6533 -0.2217 0.7474 0.0932 -0.6469 -0.1198 0.6687 -0.229 -0.7026 -0.0824 0.6839 0.1271 -0.7109 0.1031 0.9461 0.093 0.306 -0.0512 0.6835 0.2547 -0.6718 0.1295 0.7241 -0.2613 -0.5768 -0.2733 0.8531 -1.0E-4 0.5013 -0.145
0.787 -0.3829 -0.4315 -0.2186 0.1479 -0.5771 -0.7225 0.3508 0.6651 -0.2859 -0.6533 -0.2217 0.7474 0.0932 -0.6469 -0.1198 0.6687 -0.229 -0.7026 -0.0824 0.6839 0.1271 -0.7109 0.1031 0.9461 0.093 0.306 -0.0512 0.6835 0.2547 -0.6718 0.1295 0.7241 -0.2613 -0.5768 -0.2733 0.8531 -1.0E-4 0.5013 -0.145
0.7891 -0.36 -0.4546 -0.2025 0.1479 -0.5771 -0.7225 0.3508 0.7264 -0.2355 -0.6167 -0.1914 0.7474 0.0932 -0.6469 -0.1198 0.6687 -0.229 -0.7026 -0.0824 0.6839 0.1271 -0.7109 0.1031 0.9453 0.0963 0.3077 -0.0501 0.7599 0.2526 -0.5939 0.0772 0.7184 -0.4557 -0.524 -0.0397 0.8531 -1.0E-4 0.5013 -0.145
0.7891 -0.36 -0.4546 -0.2025 0.1479 -0.5771 -0.7225 0.3508 0.7264 -0.2355 -0.6167 -0.1914 0.7725 0.0989 -0.6212 -0.0871 0.6687 -0.229 -0.7026 -0.0824 0.6839 0.1271 -0.7109 0.1031 0.9453 0.0963 0.3077 -0.0501 0.7599 0.2526 -0.5939 0.0772 0.7184 -0.4557 -0.524 -0.0397 0.8531 -1.0E-4 0.5013 -0.145
0.7891 -0.36 -0.4546 -0.2025 0.1479 -0.5771 -0.7225 0.3508 0.7264 -0.2355 -0.6167 -0.1914 0.7725 0.0989 -0.6212 -0.0871 0.6687 -0.229 -0.7026 -0.0824 0.6891 0.1359 -0.7065 0.0865 0.9453 0.0963 0.3077 -0.0501 0.7599 0.2526 -0.5939 0.0772 0.7184 -0.4557 -0.524 -0.0397 0.8531 -1.0E-4 0.5013 -0.145
0.7891 -0.36 -0.4546 -0.2025 0.1479 -0.5771 -0.7225 0.3508 0.7264 -0.2355 -0.6167 -0.1914 0.7725 0.0989 -0.6212 -0.0871 0.6687 -0.229 -0.7026 -0.0824 0.6891 0.1359 -0.7065 0.0865 0.9453 0.0963 0.3077 -0.0501 0.7599 0.2526 -0.5939 0.0772 0.7184 -0.4557 -0.524 -0.0397 0.8531 -1.0E-4 0.5013 -0.145
0.7891 -0.36 -0.4546 -0.2025 0.0597 -0.5367 -0.7778 0.3215 0.7264 -0.2355 -0.6167 -0.1914 0.7725 0.0989 -0.6212 -0.0871 0.6687 -0.229 -0.7026 -0.0824 0.6891 0.1359 -0.7065 0.0865 0.9453 0.0963 0.3077 -0.0501 0.7599 0.2526 -0.5939 0.0772 0.7184 -0.4557 -0.524 -0.0397 0.8531 -1.0E-4 0.5013 -0.145
0.7891 -0.36 -0.4546 -0.2025 0.0597 -0.5367 -0.7778 0.3215 0.7264 -0.2355 -0.6167 -0.1914 0.7725 0.0989 -0.6212 -0.0871 0.6687 -0.229 -0.7026 -0.0824 0.6891 0.1359 -0.7065 0.0865 0.9453 0.0963 0.3077 -0.0501 0.7599 0.2526 -0.5939 0.0772 0.7184 -0.4557 -0.524 -0.0397 0.8791 -0.0125 0.4585 -0.1299
0.7891 -0.36 -0.4546 -0.2025 0.0597 -0.5367 -0.7778 0.3215 0.7264 -0.2355 -0.6167 -0.1914 0.7725 0.0989 -0.6212 -0.0871 0.6687 -0.229 -0.7026 -0.0824 0.6891 0.1359 -0.7065 0.0865 0.9453 0.0963 0.3077 -0.0501 0.7599 0.2526 -0.5939 0.0772 0.7184 -0.4557 -0.524 -0.0397 0.8791 -0.0125 0.4585 -0.1299
0.7922 -0.3373 -0.4692 -0.1963 0.0597 -0.5367 -0.7778 0.3215 0.7415 -0.2337 -0.6106 -0.1506 0.7725 0.0989 -0.6212 -0.0871 0.6687 -0.229 -0.7026 -0.0824 0.6891 0.1359 -0.7065 0.0865 0.9453 0.0963 0.3077 -0.0501 0.7859 0.2408 -0.5687 0.0319 0.7184 -0.4557 -0.524 -0.0397 0.8791 -0.0125 0.4585 -0.1299
0.7922 -0.3373 -0.4692 -0.1963 0.0597 -0.5367 -0.7778 0.3215 0.7415 -0.2337 -0.6106 -0.1506 0.7906 0.0937 -0.6028 -0.0531 0.6687 -0.229 -0.7026 -0.0824 0.6891 0.1359 -0.7065 0.0865 0.9438 0.0999 0.3102 -0.054 0.7859 0.2408 -0.5687 0.0319 0.7184 -0.4557 -0.524 -0.0397 0.8791 -0.0125 0.4585 -0.1299
0.7922 -0.3373 -0.4692 -0.1963 0.0597 -0.5367 -0.7778 0.3215 0.7415 -0.2337 -0.6106 -0.1506 0.7906 0.0937 -0.6028 -0.0531 0.6687 -0.229 -0.7026 -0.0824 0.6891 0.1359 -0.7065 0.0865 0.9438 0.0999 0.3102 -0.054 0.7859 0.2408 -0.5687 0.0319 0.7184 -0.4557 -0.524 -0.0397 0.8791 -0.0125 0.4585 -0.1299
0.7922 -0.3373 -0.4692 -0.1963 0.0597 -0.5367 -0.7778 0.3215 0.7415 -0.2337 -0.6106 -0.1506 0.7906 0.0937 -0.6028 -0.0531 0.6687 -0.229 -0.7026 -0.0824 0.6981 0.1468 -0.6976 0.0669 0.9438 0.0999 0.3102 -0.054 0.7859 0.2408 -0.5687 0.0319 0.7184 -0.4557 -0.524 -0.0397 0.8791 -0.0125 0.4585 -0.1299
0.7922 -0.3373 -0.4692 -0.1963 0.0597 -0.5367 -0.7778 0.3215 0.7415 -0.2337 -0.6106 -0.1506 0.7906 0.0937 -0.6028 -0.0531 0.6687 -0.229 -0.7026 -0.0824 0.6981 0.1468 -0.6976 0.0669 0.9438 0.0999 0.3102 -0.054 0.7859 0.2408 -0.5687 0.0319 0.7184 -0.4557 -0.524 -0.0397 0.8791 -0.0125 0.4585 -0.1299
0.7922 -0.3373 -0.4692 -0.1963 0.0597 -0.5367 -0.7778 0.3215 0.7415 -0.2337 -0.6106 -0.1506 0.7906 0.0937 -0.6028 -0.0531 0.6687 -0.229 -0.7026 -0.0824 0.6981 0.1468 -0.6976 0.0669 0.9438 0.0999 0.3102 -0.054 0.7859 0.2408 -0.5687 0.0319 0.7184 -0.4557 -0.524 -0.0397 0.8791 -0.0125 0.4585 -0.1299
0.7922 -0.3373 -0.4692 -0.1963 0.0597 -0.5367 -0.7778 0.3215 0.7415 -0.2337 -0.6106 -0.1506 0.7906 0.0937 -0.6028 -0.0531 0.615 -0.186 -0.7413 -0.1943 0.6981 0.1468 -0.6976 0.0669 0.9438 0.0999 0.3102 -0.054 0.7859 0.2408 -0.5687 0.0319 0.7184 -0.4557 -0.524 -0.0397 0.9221 -0.0729 0.3528 -0.1413
0.7922 -0.3373 -0.4692 -0.1963 0.0597 -0.5367 -0.7778 0.3215 0.7415 -0.2337 -0.6106 -0.1506 0.7906 0.0937 -0.6028 -0.0531 0.615 -0.186 -0.7413 -0.1943 0.6981 0.1468 -0.6976 0.0669 0.9438 0.0999 0.3102 -0.054 0.7859 0.2408 -0.5687 0.0319 0.7184 -0.4557 -0.524 -0.0397 0.9221 -0.0729 0.3528 -0.1413
0.7922 -0.3373 -0.4692 -0.1963 0.0597 -0.5367 -0.7778 0.3215 0.7415 -0.2337 -0.6106 -0.1506 0.7998 0.0829 -0.5943 -0.0142 0.615 -0.186 -0.7413 -0.1943 0.6981 0.1468 -0.6976 0.0669 0.9434 0.1025 0.3105 -0.0557 0.7859 0.2408 -0.5687 0.0319 0.7184 -0.4557 -0.524 -0.0397 0.9221 -0.0729 0.3528 -0.1413
0.7922 -0.3373 -0.4692 -0.1963 0.0597 -0.5367 -0.7778 0.3215 0.7415 -0.2337 -0.6106 -0.1506 0.7998 0.0829 -0.5943 -0.0142 0.615 -0.186 -0.7413 -0.1943 0.7083 0.1548 -0.6874 0.043 0.9434 0.1025 0.3105 -0.0557 0.7859 0.2408 -0.5687 0.0319 0.7184 -0.4557 -0.524 -0.0397 0.9221 -0.0729 0.3528 -0.1413
0.7922 -0.3373 -0.4692 -0.1963 0.0597 -0.5367 -0.7778 0.3215 0.7415 -0.2337 -0.6106 -0.1506 0.7998 0.0829 -0.5943 -0.0142 0.615 -0.186 -0.7413 -0.1943 0.7083 0.1548 -0.6874 0.043 0.9434 0.1025 0.3105 -0.0557 0.7859 0.2408 -0.5687 0.0319 0.7184 -0.4557 -0.524 -0.0397 0.9221 -0.0729 0.3528 -0.1413
0.7922 -0.3373 -0.4692 -0.1963 0.0805 -0.5471 -0.7745 0.3071 0.7415 -0.2337 -0.6106 -0.1506 0.7998 0.0829 -0.5943 -0.0142 0.615 -0.186 -0.7413 -0.1943 0.7083 0.1548 -0.6874 0.043 0.9434 0.1025 0.3105 -0.0557 0.7859 0.2408 -0.5687 0.0319 0.7184 -0.4557 -0.524 -0.0397 0.9221 -0.0729 0.3528 -0.1413
0.7922 -0.3373 -0.4692 -0.1963 0.0805 -0.5471 -0.7745 0.3071 0.7415 -0.2337 -0.6106 -0.1506 0.7998 0.0829 -0.5943 -0.0142 0.6054 -0.1838 -0.7383 -0.2338 0.7083 0.1548 -0.6874 0.043 0.9434 0.1025 0.3105 -0.0557 0.7859 0.2408 -0.5687 0.0319 0.7184 -0.4557 -0.524 -0.0397 0.9272 -0.1602 0.296 -0.1643
0.7922 -0.3373 -0.4692 -0.1963 0.0805 -0.5471 -0.7745 0.3071 0.7415 -0.2337 -0.6106 -0.1506 0.7998 0.0829 -0.5943 -0.0142 0.6054 -0.1838 -0.7383 -0.2338 0.7083 0.1548 -0.6874 0.043 0.9434 0.1025 0.3105 -0.0557 0.7719 0.2139 -0.5977 -0.0365 0.7184 -0.4557 -0.524 -0.0397 0.9272 -0.1602 0.296 -0.1643
0.7931 -0.3273 -0.4606 -0.2273 0.0805 -0.5471 -0.7745 0.3071 0.7415 -0.2337 -0.6106 -0.1506 0.7998 0.0829 -0.5943 -0.0142 0.6054 -0.1838 -0.7383 -0.2338 0.7083 0.1548 -0.6874 0.043 0.9434 0.1025 0.3105 -0.0557 0.7719 0.2139 -0.5977 -0.0365 0.7184 -0.4557 -0.524 -0.0397 0.9272 -0.1602 0.296 -0.1643
0.7931 -0.3273 -0.4606 -0.2273 0.0805 -0.5471 -0.7745 0.3071 0.7415 -0.2337 -0.6106 -0.1506 0.798 0.0558 -0.6 -0.0111 0.6054 -0.1838 -0.7383 -0.2338 0.7083 0.1548 -0.6874 0.043 0.9434 0.1025 0.3105 -0.0557 0.7719 0.2139 -0.5977 -0.0365 0.7184 -0.4557 -0.524 -0.0397 0.9272 -0.1602 0.296 -0.1643
0.7931 -0.3273 -0.4606 -0.2273 0.0805 -0.5471 -0.7745 0.3071 0.7415 -0.2337 -0.6106 -0.1506 0.798 0.0558 -0.6 -0.0111 0.6054 -0.1838 -0.7383 -0.2338 0.7083 0.1548 -0.6874 0.043 0.9434 0.1025 0.3105 -0.0557 0.7719 0.2139 -0.5977 -0.0365 0.7184 -0.4557 -0.524 -0.0397 0.9272 -0.1602 0.296 -0.1643
0.7931 -0.3273 -0.4606 -0.2273 0.0805 -0.5471 -0.7745 0.3071 0.7415 -0.2337 -0.6106 -0.1506 0.798 0.0558 -0.6 -0.0111 0.6054 -0.1838 -0.7383 -0.2338 0.7236 0.1657 -0.67 0.0023 0.9434 0.1025 0.3105 -0.0557 0.7719 0.2139 -0.5977 -0.0365 0.7184 -0.4557 -0.524 -0.0397 0.9272 -0.1602 0.296 -0.1643
0.7931 -0.3273 -0.4606 -0.2273 0.0805 -0.5471 -0.7745 0.3071 0.7415 -0.2337 -0.6106 -0.1506 0.798 0.0558 -0.6 -0.0111 0.6054 -0.1838 -0.7383 -0.2338 0.7236 0.1657 -0.67 0.0023 0.9434 0.1025 0.3105 -0.0557 0.7719 0.2139 -0.5977 -0.0365 0.7184 -0.4557 -0.524 -0.0397 0.9272 -0.1602 0.296 -0.1643
0.7931 -0.3273 -0.4606 -0.2273 0.0805 -0.5471 -0.7745 0.3071 0.7415 -0.2337 -0.6106 -0.1506 0.798 0.0558 -0.6 -0.0111 0.6054 -0.1838 -0.7383 -0.2338 0.7236 0.1657 -0.67 0.0023 0.9434 0.1025 0.3105 -0.0557 0.7719 0.2139 -0.5977 -0.0365 0.7184 -0.4557 -0.524 -0.0397 0.9272 -0.1602 0.296 -0.1643
0.7931 -0.3273 -0.4606 -0.2273 0.1093 -0.559 -0.7626 0.3067 0.7415 -0.2337 -0.6106 -0.1506 0.798 0.0558 -0.6 -0.0111 0.6054 -0.1838 -0.7383 -0.2338 0.7236 0.1657 -0.67 0.0023 0.9434 0.1025 0.3105 -0.0557 0.7719 0.2139 -0.5977 -0.0365 0.7184 -0.4557 -0.524 -0.0397 0.9344 -0.0686 0.3164 -0.1486
0.7931 -0.3273 -0.4606 -0.2273 0.1093 -0.559 -0.7626 0.3067 0.7415 -0.2337 -0.6106 -0.1506 0.798 0.0558 -0.6 -0.0111 0.6054 -0.1838 -0.7383 -0.2338 0.7236 0.1657 -0.67 0.0023 0.9434 0.1025 0.3105 -0.0557 0.7719 0.2139 -0.5977 -0.0365 0.7184 -0.4557 -0.524 -0.0397 0.9344 -0.0686 0.3164 -0.1486
0.7931 -0.3273 -0.4606 -0.2273 0.1093 -0.559 -0.7626 0.3067 0.7415 -0.2337 -0.6106 -0.1506 0.7784 0.0341 -0.6263 -0.0239 0.6054 -0.1838 -0.7383 -0.2338 0.7236 0.1657 -0.67 0.0023 0.9333 0.1087 0.3365 -0.0616 0.7719 0.2139 -0.5977 -0.0365 0.6777 -0.16 -0.6466 -0.3115 0.9344 -0.0686 0.3164 -0.1486
0.7931 -0.3273 -0.4606 -0.2273 0.1093 -0.559 -0.7626 0.3067 0.7415 -0.2337 -0.6106 -0.1506 0.7784 0.0341 -0.6263 -0.0239 0.6054 -0.1838 -0.7383 -0.2338 0.7236 0.1657 -0.67 0.0023 0.9333 0.1087 0.3365 -0.0616 0.7719 0.2139 -0.5977 -0.0365 0.6777 -0.16 -0.6466 -0.3115 0.9344 -0.0686 0.3164 -0.1486
0.7931 -0.3273 -0.4606 -0.2273 0.1093 -0.559 -0.7626 0.3067 0.7415 -0.2337 -0.6106 -0.1506 0.7784 0.0341 -0.6263 -0.0239 0.6054 -0.1838 -0.7383 -0.2338 0.743 0.1864 -0.6404 -0.0547 0.9333 0.1087 0.3365 -0.0616 0.7719 0.2139 -0.5977 -0.0365 0.6777 -0.16 -0.6466 -0.3115 0.9344 -0.0686 0.3164 -0.1486
0.7931 -0.3273 -0.4606 -0.2273 0.1093 -0.559 -0.7626 0.3067 0.7415 -0.2337 -0.6106 -0.1506 0.7784 0.0341 -0.6263 -0.0239 0.6054 -0.1838 -0.7383 -0.2338 0.743 0.1864 -0.6404 -0.0547 0.9333 0.1087 0.3365 -0.0616 0.7719 0.2139 -0.5977 -0.0365 0.6777 -0.16 -0.6466 -0.3115 0.9344 -0.0686 0.3164 -0.1486
0.7931 -0.3273 -0.4606 -0.2273 0.1664 -0.5762 -0.7438 0.295 0.7415 -0.2337 -0.6106 -0.1506 0.7784 0.0341 -0.6263 -0.0239 0.6054 -0.1838 -0.7383 -0.2338 0.743 0.1864 -0.6404 -0.0547 0.9333 0.1087 0.3365 -0.0616 0.7719 0.2139 -0.5977 -0.0365 0.6777 -0.16 -0.6466 -0.3115 0.9344 -0.0686 0.3164 -0.1486
0.7931 -0.3273 -0.4606 -0.2273 0.1664 -0.5762 -0.7438 0.295 0.7415 -0.2337 -0.6106 -0.1506 0.7784 0.0341 -0.6263 -0.0239 0.6054 -0.1838 -0.7383 -0.2338 0.743 0.1864 -0.6404 -0.0547 0.9333 0.1087 0.3365 -0.0616 0.7719 0.2139 -0.5977 -0.0365 0.6777 -0.16 -0.6466 -0.3115 0.9106 -0.0176 0.3895 -0.1368
0.8121 -0.3329 -0.3797 -0.2922 0.1664 -0.5762 -0.7438 0.295 0.7415 -0.2337 -0.6106 -0.1506 0.7784 0.0341 -0.6263 -0.0239 0.6054 -0.1838 -0.7383 -0.2338 0.743 0.1864 -0.6404 -0.0547 0.9333 0.1087 0.3365 -0.0616 0.7719 0.2139 -0.5977 -0.0365 0.6777 -0.16 -0.6466 -0.3115 0.9106 -0.0176 0.3895 -0.1368
0.8121 -0.3329 -0.3797 -0.2922 0.1664 -0.5762 -0.7438 0.295 0.7415 -0.2337 -0.6106 -0.1506 0.7572 0.0205 -0.6506 -0.0541 0.6054 -0.1838 -0.7383 -0.2338 0.743 0.1864 -0.6404 -0.0547 0.9333 0.1087 0.3365 -0.0616 0.7719 0.2139 -0.5977 -0.0365 0.6777 -0.16 -0.6466 -0.3115 0.9106 -0.0176 0.3895 -0.1368
0.8121 -0.3329 -0.3797 -0.2922 0.1664 -0.5762 -0.7438 0.295 0.7415 -0.2337 -0.6106 -0.1506 0.7572 0.0205 -0.6506 -0.0541 0.6054 -0.1838 -0.7383 -0.2338 0.743 0.1864 -0.6404 -0.0547 0.9333 0.1087 0.3365 -0.0616 0.7719 0.2139 -0.5977 -0.0365 0.6777 -0.16 -0.6466 -0.3115 0.9106 -0.0176 0.3895 -0.1368
0.8121 -0.3329 -0.3797 -0.2922 0.1664 -0.5762 -0.7438 0.295 0.7415 -0.2337 -0.6106 -0.1506 0.7572 0.0205 -0.6506 -0.0541 0.6054 -0.1838 -0.7383 -0.2338 0.756 0.2703 -0.5917 -0.0728 0.9333 0.1087 0.3365 -0.0616 0.7719 0.2139 -0.5977 -0.0365 0.6777 -0.16 -0.6466 -0.3115 0.9106 -0.0176 0.3895 -0.1368
0.8121 -0.3329 -0.3797 -0.2922 0.1664 -0.5762 -0.7438 0.295 0.7415 -0.2337 -0.6106 -0.1506 0.7572 0.0205 -0.6506 -0.0541 0.6054 -0.1838 -0.7383 -0.2338 0.756 0.2703 -0.5917 -0.0728 0.9333 0.1087 0.3365 -0.0616 0.7719 0.2139 -0.5977 -0.0365 0.6777 -0.16 -0.6466 -0.3115 0.9106 -0.0176 0.3895 -0.1368
0.8121 -0.3329 -0.3797 -0.2922 0.2057 -0.5887 -0.722 0.2996 0.7415 -0.2337 -0.6106 -0.1506 0.7572 0.0205 -0.6506 -0.0541 0.6054 -0.1838 -0.7383 -0.2338 0.756 0.2703 -0.5917 -0.0728 0.9333 0.1087 0.3365 -0.0616 0.7719 0.2139 -0.5977 -0.0365 0.6777 -0.16 -0.6466 -0.3115 0.9106 -0.0176 0.3895 -0.1368
0.8121 -0.3329 -0.3797 -0.2922 0.2057 -0.5887 -0.722 0.2996 0.7415 -0.2337 -0.6106 -0.1506 0.7572 0.0205 -0.6506 -0.0541 0.6054 -0.1838 -0.7383 -0.2338 0.756 0.2703 -0.5917 -0.0728 0.9333 0.1087 0.3365 -0.0616 0.7719 0.2139 -0.5977 -0.0365 0.6777 -0.16 -0.6466 -0.3115 0.9106 -0.0176 0.3895 -0.1368
0.8122 -0.3492 -0.3422 -0.3184 0.2057 -0.5887 -0.722 0.2996 0.7415 -0.2337 -0.6106 -0.1506 0.7572 0.0205 -0.6506 -0.0541 0.6054 -0.1838 -0.7383 -0.2338 0.756 0.2703 -0.5917 -0.0728 0.9333 0.1087 0.3365 -0.0616 0.7142 0.1768 -0.6766 -0.0294 0.6777 -0.16 -0.6466 -0.3115 0.9106 -0.0159 0.3895 -0.1368
0.8122 -0.3492 -0.3422 -0.3184 0.2057 -0.5887 -0.722 0.2996 0.7415 -0.2337 -0.6106 -0.1506 0.7433 0.004 -0.6627 -0.0909 0.6054 -0.1838 -0.7383 -0.2338 0.756 0.2703 -0.5917 -0.0728 0.8776 0.1139 0.4657 0.0086 0.7142 0.1768 -0.6766 -0.0294 0.6777 -0.16 -0.6466 -0.3115 0.9106 -0.0159 0.3895 -0.1368
0.8122 -0.3492 -0.3422 -0.3184 0.2057 -0.5887 -0.722 0.2996 0.7415 -0.2337 -0.6106 -0.1506 0.7433 0.004 -0.6627 -0.0909 0.6054 -0.1838 -0.7383 -0.2338 0.8041 0.1639 -0.5704 -0.0343 0.8776 0.1139 0.4657 0.0086 0.7142 0.1768 -0.6766 -0.0294 0.6777 -0.16 -0.6466 -0.3115 0.9106 -0.0159 0.3895 -0.1368
0.8122 -0.3492 -0.3422 -0.3184 0.2057 -0.5887 -0.722 0.2996 0.7415 -0.2337 -0.6106 -0.1506 0.7433 0.004 -0.6627 -0.0909 0.6054 -0.1838 -0.7383 -0.2338 0.8041 0.1639 -0.5704 -0.0343 0.8776 0.1139 0.4657 0.0086 0.7142 0.1768 -0.6766 -0.0294 0.6777 -0.16 -0.6466 -0.3115 0.9106 -0.0159 0.3895 -0.1368
0.8122 -0.3492 -0.3422 -0.3184 0.2057 -0.5887 -0.722 0.2996 0.7415 -0.2337 -0.6106 -0.1506 0.7433 0.004 -0.6627 -0.0909 0.6054 -0.1838 -0.7383 -0.2338 0.8041 0.1639 -0.5704 -0.0343 0.8776 0.1139 0.4657 0.0086 0.7142 0.1768 -0.6766 -0.0294 0.6777 -0.16 -0.6466 -0.3115 0.9106 -0.0159 0.3895 -0.1368
0.8122 -0.3492 -0.3422 -0.3184 0.2057 -0.5887 -0.722 0.2996 0.7415 -0.2337 -0.6106 -0.1506 0.7433 0.004 -0.6627 -0.0909 0.6054 -0.1838 -0.7383 -0.2338 0.8041 0.1639 -0.5704 -0.0343 0.8776 0.1139 0.4657 0.0086 0.7142 0.1768 -0.6766 -0.0294 0.6777 -0.16 -0.6466 -0.3115 0.9106 -0.0193 0.3891 -0.1377
0.8122 -0.3492 -0.3422 -0.3184 0.2057 -0.5887 -0.722 0.2996 0.7415 -0.2337 -0.6106 -0.1506 0.7433 0.004 -0.6627 -0.0909 0.6054 -0.1838 -0.7383 -0.2338 0.8041 0.1639 -0.5704 -0.0343 0.8776 0.1139 0.4657 0.0086 0.7142 0.1768 -0.6766 -0.0294 0.6777 -0.16 -0.6466 -0.3115 0.9106 -0.0193 0.3891 -0.1377
0.7997 -0.3631 -0.314 -0.3607 0.2057 -0.5887 -0.722 0.2996 0.6545 -0.3245 -0.644 -0.2271 0.7433 0.004 -0.6627 -0.0909 0.6054 -0.1838 -0.7383 -0.2338 0.8041 0.1639 -0.5704 -0.0343 0.8776 0.1139 0.4657 0.0086 0.687 0.1984 -0.6989 0.0127 0.6777 -0.16 -0.6466 -0.3115 0.9106 -0.0193 0.3891 -0.1377
0.7997 -0.3631 -0.314 -0.3607 0.2057 -0.5887 -0.722 0.2996 0.6545 -0.3245 -0.644 -0.2271 0.7296 0.0028 -0.6724 -0.1248 0.6054 -0.1838 -0.7383 -0.2338 0.8041 0.1639 -0.5704 -0.0343 0.9116 0.0542 0.3961 -0.0961 0.687 0.1984 -0.6989 0.0127 0.6808 -0.2559 -0.6254 -0.2828 0.9106 -0.0193 0.3891 -0.1377
0.7997 -0.3631 -0.314 -0.3607 0.2057 -0.5887 -0.722 0.2996 0.6545 -0.3245 -0.644 -0.2271 0.7296 0.0028 -0.6724 -0.1248 0.6054 -0.1838 -0.7383 -0.2338 0.8041 0.1639 -0.5704 -0.0343 0.9116 0.0542 0.3961 -0.0961 0.687 0.1984 -0.6989 0.0127 0.6808 -0.2559 -0.6254 -0.2828 0.9106 -0.0193 0.3891 -0.1377
0.7997 -0.3631 -0.314 -0.3607 0.2057 -0.5887 -0.722 0.2996 0.6545 -0.3245 -0.644 -0.2271 0.7296 0.0028 -0.6724 -0.1248 0.6054 -0.1838 -0.7383 -0.2338 0.8259 0.0345 -0.5596 0.0597 0.9116 0.0542 0.3961 -0.0961 0.687 0.1984 -0.6989 0.0127 0.6808 -0.2559 -0.6254 -0.2828 0.9106 -0.0193 0.3891 -0.1377
0.7997 -0.3631 -0.314 -0.3607 0.2057 -0.5887 -0.722 0.2996 0.6545 -0.3245 -0.644 -0.2271 0.7296 0.0028 -0.6724 -0.1248 0.6054 -0.1838 -0.7383 -0.2338 0.8259 0.0345 -0.5596 0.0597 0.9116 0.0542 0.3961 -0.0961 0.687 0.1984 -0.6989 0.0127 0.6808 -0.2559 -0.6254 -0.2828 0.9106 -0.0193 0.3891 -0.1377
0.7997 -0.3631 -0.314 -0.3607 0.2504 -0.6342 -0.6768 0.2775 0.6545 -0.3245 -0.644 -0.2271 0.7296 0.0028 -0.6724 -0.1248 0.7632 -0.2194 -0.5649 -0.2241 0.8259 0.0345 -0.5596 0.0597 0.9116 0.0542 0.3961 -0.0961 0.687 0.1984 -0.6989 0.0127 0.6808 -0.2559 -0.6254 -0.2828 0.9112 -0.0203 0.3885 -0.1357
0.7997 -0.3631 -0.314 -0.3607 0.2504 -0.6342 -0.6768 0.2775 0.6545 -0.3245 -0.644 -0.2271 0.7296 0.0028 -0.6724 -0.1248 0.7632 -0.2194 -0.5649 -0.2241 0.8259 0.0345 -0.5596 0.0597 0.9116 0.0542 0.3961 -0.0961 0.687 0.1984 -0.6989 0.0127 0.6808 -0.2559 -0.6254 -0.2828 0.9112 -0.0203 0.3885 -0.1357
0.8043 -0.3566 -0.2963 -0.3718 0.2504 -0.6342 -0.6768 0.2775 0.6462 -0.3239 -0.6458 -0.246 0.7296 0.0028 -0.6724 -0.1248 0.7632 -0.2194 -0.5649 -0.2241 0.8259 0.0345 -0.5596 0.0597 0.9116 0.0542 0.3961 -0.0961 0.6722 0.2214 -0.7054 0.0387 0.6942 -0.2413 -0.6343 -0.2399 0.9112 -0.0203 0.3885 -0.1357
0.8043 -0.3566 -0.2963 -0.3718 0.2504 -0.6342 -0.6768 0.2775 0.6462 -0.3239 -0.6458 -0.246 0.7179 0.0243 -0.6843 -0.1255 0.7632 -0.2194 -0.5649 -0.2241 0.8259 0.0345 -0.5596 0.0597 0.9116 0.0542 0.3961 -0.0961 0.6722 0.2214 -0.7054 0.0387 0.6942 -0.2413 -0.6343 -0.2399 0.9112 -0.0203 0.3885 -0.1357
0.8043 -0.3566 -0.2963 -0.3718 0.2504 -0.6342 -0.6768 0.2775 0.6462 -0.3239 -0.6458 -0.246 0.7179 0.0243 -0.6843 -0.1255 0.7632 -0.2194 -0.5649 -0.2241 0.8259 0.0345 -0.5596 0.0597 0.9116 0.0542 0.3961 -0.0961 0.6722 0.2214 -0.7054 0.0387 0.6942 -0.2413 -0.6343 -0.2399 0.9112 -0.0203 0.3885 -0.1357
0.8043 -0.3566 -0.2963 -0.3718 0.2504 -0.6342 -0.6768 0.2775 0.6462 -0.3239 -0.6458 -0.246 0.7179 0.0243 -0.6843 -0.1255 0.7632 -0.2194 -0.5649 -0.2241 0.8176 -0.0344 -0.5583 0.137 0.9116 0.0542 0.3961 -0.0961 0.6722 0.2214 -0.7054 0.0387 0.6942 -0.2413 -0.6343 -0.2399 0.9112 -0.0203 0.3885 -0.1357
0.8043 -0.3566 -0.2963 -0.3718 0.2504 -0.6342 -0.6768 0.2775 0.6462 -0.3239 -0.6458 -0.246 0.7179 0.0243 -0.6843 -0.1255 0.7632 -0.2194 -0.5649 -0.2241 0.8176 -0.0344 -0.5583 0.137 0.9116 0.0542 0.3961 -0.0961 0.6722 0.2214 -0.7054 0.0387 0.6942 -0.2413 -0.6343 -0.2399 0.9112 -0.0203 0.3885 -0.1357
0.8043 -0.3566 -0.2963 -0.3718 0.2504 -0.6342 -0.6768 0.2775 0.6462 -0.3239 -0.6458 -0.246 0.7179 0.0243 -0.6843 -0.1255 0.7632 -0.2194 -0.5649 -0.2241 0.8176 -0.0344 -0.5583 0.137 0.9116 0.0542 0.3961 -0.0961 0.6722 0.2214 -0.7054 0.0387 0.6942 -0.2413 -0.6343 -0.2399 0.9112 -0.0203 0.3885 -0.1357
0.8043 -0.3566 -0.2963 -0.3718 0.2655 -0.6241 -0.681 0.276 0.6462 -0.3239 -0.6458 -0.246 0.7179 0.0243 -0.6843 -0.1255 0.8013 -0.2205 -0.5363 -0.1475 0.8176 -0.0344 -0.5583 0.137 0.9116 0.0542 0.3961 -0.0961 0.6722 0.2214 -0.7054 0.0387 0.6942 -0.2413 -0.6343 -0.2399 0.9113 -0.0214 0.3887 -0.1345
0.8043 -0.3566 -0.2963 -0.3718 0.2655 -0.6241 -0.681 0.276 0.6462 -0.3239 -0.6458 -0.246 0.7179 0.0243 -0.6843 -0.1255 0.8013 -0.2205 -0.5363 -0.1475 0.8176 -0.0344 -0.5583 0.137 0.9116 0.0542 0.3961 -0.0961 0.6722 0.2214 -0.7054 0.0387 0.6942 -0.2413 -0.6343 -0.2399 0.9113 -0.0214 0.3887 -0.1345
0.8163 -0.3496 -0.285 -0.3608 0.2655 -0.6241 -0.681 0.276 0.6407 -0.3079 -0.6584 -0.2473 0.7106 0.0433 -0.6934 -0.1107 0.8013 -0.2205 -0.5363 -0.1475 0.8176 -0.0344 -0.5583 0.137 0.9604 0.0222 0.2701 -0.0649 0.6601 0.2367 -0.7102 0.0621 0.7051 -0.2356 -0.6335 -0.2142 0.9113 -0.0214 0.3887 -0.1345
0.8163 -0.3496 -0.285 -0.3608 0.2655 -0.6241 -0.681 0.276 0.6407 -0.3079 -0.6584 -0.2473 0.7106 0.0433 -0.6934 -0.1107 0.8013 -0.2205 -0.5363 -0.1475 0.8176 -0.0344 -0.5583 0.137 0.9604 0.0222 0.2701 -0.0649 0.6601 0.2367 -0.7102 0.0621 0.7051 -0.2356 -0.6335 -0.2142 0.9113 -0.0214 0.3887 -0.1345
0.8163 -0.3496 -0.285 -0.3608 0.2655 -0.6241 -0.681 0.276 0.6407 -0.3079 -0.6584 -0.2473 0.7106 0.0433 -0.6934 -0.1107 0.8013 -0.2205 -0.5363 -0.1475 0.7896 -0.039 -0.5873 0.1732 0.9604 0.0222 0.2701 -0.0649 0.6601 0.2367 -0.7102 0.0621 0.7051 -0.2356 -0.6335 -0.2142 0.9113 -0.0214 0.3887 -0.1345
0.8163 -0.3496 -0.285 -0.3608 0.2706 -0.6025 -0.6944 0.2855 0.6407 -0.3079 -0.6584 -0.2473 0.7106 0.0433 -0.6934 -0.1107 0.8013 -0.2205 -0.5363 -0.1475 0.7896 -0.039 -0.5873 0.1732 0.9604 0.0222 0.2701 -0.0649 0.6601 0.2367 -0.7102 0.0621 0.7051 -0.2356 -0.6335 -0.2142 0.9113 -0.0214 0.3887 -0.1345
0.8163 -0.3496 -0.285 -0.3608 0.2706 -0.6025 -0.6944 0.2855 0.6407 -0.3079 -0.6584 -0.2473 0.7106 0.0433 -0.6934 -0.1107 0.7935 -0.2311 -0.5557 -0.0904 0.7896 -0.039 -0.5873 0.1732 0.9604 0.0222 0.2701 -0.0649 0.6601 0.2367 -0.7102 0.0621 0.7051 -0.2356 -0.6335 -0.2142 0.9113 -0.0202 0.3895 -0.132
0.8163 -0.3496 -0.285 -0.3608 0.2706 -0.6025 -0.6944 0.2855 0.6407 -0.3079 -0.6584 -0.2473 0.7106 0.0433 -0.6934 -0.1107 0.7935 -0.2311 -0.5557 -0.0904 0.7896 -0.039 -0.5873 0.1732 0.9604 0.0222 0.2701 -0.0649 0.6601 0.2367 -0.7102 0.0621 0.7051 -0.2356 -0.6335 -0.2142 0.9113 -0.0202 0.3895 -0.132
0.8302 -0.3456 -0.2822 -0.3342 0.2706 -0.6025 -0.6944 0.2855 0.6418 -0.2889 -0.6703 -0.235 0.7106 0.0433 -0.6934 -0.1107 0.7935 -0.2311 -0.5557 -0.0904 0.7896 -0.039 -0.5873 0.1732 0.9604 0.0222 0.2701 -0.0649 0.6483 0.2513 -0.7123 0.0959 0.7051 -0.2356 -0.6335 -0.2142 0.9113 -0.0202 0.3895 -0.132
0.8302 -0.3456 -0.2822 -0.3342 0.2706 -0.6025 -0.6944 0.2855 0.6418 -0.2889 -0.6703 -0.235 0.7106 0.0433 -0.6934 -0.1107 0.7935 -0.2311 -0.5557 -0.0904 0.7896 -0.039 -0.5873 0.1732 0.9604 0.0222 0.2701 -0.0649 0.6483 0.2513 -0.7123 0.0959 0.7051 -0.2356 -0.6335 -0.2142 0.9113 -0.0202 0.3895 -0.132
0.8302 -0.3456 -0.2822 -0.3342 0.2706 -0.6025 -0.6944 0.2855 0.6418 -0.2889 -0.6703 -0.235 0.7032 0.0646 -0.7015 -0.0959 0.7935 -0.2311 -0.5557 -0.0904 0.7896 -0.039 -0.5873 0.1732 0.9604 0.0222 0.2701 -0.0649 0.6483 0.2513 -0.7123 0.0959 0.7051 -0.2356 -0.6335 -0.2142 0.9113 -0.0202 0.3895 -0.132
0.8302 -0.3456 -0.2822 -0.3342 0.2706 -0.6025 -0.6944 0.2855 0.6418 -0.2889 -0.6703 -0.235 0.7032 0.0646 -0.7015 -0.0959 0.7935 -0.2311 -0.5557 -0.0904 0.7436 -0.0244 -0.648 0.163 0.9604 0.0222 0.2701 -0.0649 0.6483 0.2513 -0.7123 0.0959 0.7051 -0.2356 -0.6335 -0.2142 0.9113 -0.0202 0.3895 -0.132
0.8302 -0.3456 -0.2822 -0.3342 0.2706 -0.6025 -0.6944 0.2855 0.6418 -0.2889 -0.6703 -0.235 0.7032 0.0646 -0.7015 -0.0959 0.7935 -0.2311 -0.5557 -0.0904 0.7436 -0.0244 -0.648 0.163 0.9604 0.0222 0.2701 -0.0649 0.6483 0.2513 -0.7123 0.0959 0.7051 -0.2356 -0.6335 -0.2142 0.9113 -0.0202 0.3895 -0.132
0.8302 -0.3456 -0.2822 -0.3342 0.2655 -0.5812 -0.7091 0.2982 0.6418 -0.2889 -0.6703 -0.235 0.7032 0.0646 -0.7015 -0.0959 0.7557 -0.2502 -0.6021 -0.0615 0.7436 -0.0244 -0.648 0.163 0.9604 0.0222 0.2701 -0.0649 0.6483 0.2513 -0.7123 0.0959 0.7051 -0.2356 -0.6335 -0.2142 0.9121 -0.0181 0.3882 -0.1302
0.8302 -0.3456 -0.2822 -0.3342 0.2655 -0.5812 -0.7091 0.2982 0.6418 -0.2889 -0.6703 -0.235 0.7032 0.0646 -0.7015 -0.0959 0.7557 -0.2502 -0.6021 -0.0615 0.7436 -0.0244 -0.648 0.163 0.9604 0.0222 0.2701 -0.0649 0.6483 0.2513 -0.7123 0.0959 0.7051 -0.2356 -0.6335 -0.2142 0.9121 -0.0181 0.3882 -0.1302
0.8302 -0.3456 -0.2822 -0.3342 0.2655 -0.5812 -0.7091 0.2982 0.6512 -0.2629 -0.678 -0.2172 0.7032 0.0646 -0.7015 -0.0959 0.7557 -0.2502 -0.6021 -0.0615 0.7436 -0.0244 -0.648 0.163 0.9604 0.0222 0.2701 -0.0649 0.6387 0.2541 -0.715 0.1279 0.7051 -0.2356 -0.6335 -0.2142 0.9121 -0.0181 0.3882 -0.1302
0.8302 -0.3456 -0.2822 -0.3342 0.2655 -0.5812 -0.7091 0.2982 0.6512 -0.2629 -0.678 -0.2172 0.7042 0.0839 -0.7001 -0.0832 0.7557 -0.2502 -0.6021 -0.0615 0.7436 -0.0244 -0.648 0.163 0.9604 0.0222 0.2701 -0.0649 0.6387 0.2541 -0.715 0.1279 0.7051 -0.2356 -0.6335 -0.2142 0.9121 -0.0181 0.3882 -0.1302
0.8302 -0.3456 -0.2822 -0.3342 0.2655 -0.5812 -0.7091 0.2982 0.6512 -0.2629 -0.678 -0.2172 0.7042 0.0839 -0.7001 -0.0832 0.7557 -0.2502 -0.6021 -0.0615 0.6986 0.0103 -0.7055 0.1188 0.9604 0.0222 0.2701 -0.0649 0.6387 0.2541 -0.715 0.1279 0.7051 -0.2356 -0.6335 -0.2142 0.9121 -0.0181 0.3882 -0.1302
0.8302 -0.3456 -0.2822 -0.3342 0.2655 -0.5812 -0.7091 0.2982 0.6512 -0.2629 -0.678 -0.2172 0.7042 0.0839 -0.7001 -0.0832 0.7557 -0.2502 -0.6021 -0.0615 0.6986 0.0103 -0.7055 0.1188 0.9604 0.0222 0.2701 -0.0649 0.6387 0.2541 -0.715 0.1279 0.7051 -0.2356 -0.6335 -0.2142 0.9121 -0.0181 0.3882 -0.1302
0.8302 -0.3456 -0.2822 -0.3342 0.2408 -0.5656 -0.7259 0.3087 0.6512 -0.2629 -0.678 -0.2172 0.7042 0.0839 -0.7001 -0.0832 0.7557 -0.2502 -0.6021 -0.0615 0.6986 0.0103 -0.7055 0.1188 0.9604 0.0222 0.2701 -0.0649 0.6387 0.2541 -0.715 0.1279 0.7051 -0.2356 -0.6335 -0.2142 0.9121 -0.0181 0.3882 -0.1302
0.8302 -0.3456 -0.2822 -0.3342 0.2408 -0.5656 -0.7259 0.3087 0.6512 -0.2629 -0.678 -0.2172 0.7042 0.0839 -0.7001 -0.0832 0.7557 -0.2502 -0.6021 -0.0615 0.6986 0.0103 -0.7055 0.1188 0.9604 0.0222 0.2701 -0.0649 0.6387 0.2541 -0.715 0.1279 0.7051 -0.2356 -0.6335 -0.2142 0.9128 -0.0184 0.3867 -0.1302
0.837 -0.3444 -0.3189 -0.2812 0.2408 -0.5656 -0.7259 0.3087 0.6512 -0.2629 -0.678 -0.2172 0.7042 0.0839 -0.7001 -0.0832 0.7557 -0.2502 -0.6021 -0.0615 0.6986 0.0103 -0.7055 0.1188 0.9604 0.0222 0.2701 -0.0649 0.6387 0.2541 -0.715 0.1279 0.7051 -0.2356 -0.6335 -0.2142 0.9128 -0.0184 0.3867 -0.1302
0.837 -0.3444 -0.3189 -0.2812 0.2408 -0.5656 -0.7259 0.3087 0.6512 -0.2629 -0.678 -0.2172 0.7042 0.0839 -0.7001 -0.0832 0.7557 -0.2502 -0.6021 -0.0615 0.6986 0.0103 -0.7055 0.1188 0.9604 0.0222 0.2701 -0.0649 0.6387 0.2541 -0.715 0.1279 0.7299 -0.2852 -0.6011 -0.1568 0.9128 -0.0184 0.3867 -0.1302
0.837 -0.3444 -0.3189 -0.2812 0.2408 -0.5656 -0.7259 0.3087 0.6512 -0.2629 -0.678 -0.2172 0.7148 0.1077 -0.6873 -0.0716 0.7557 -0.2502 -0.6021 -0.0615 0.6986 0.0103 -0.7055 0.1188 0.9604 0.0222 0.2701 -0.0649 0.6387 0.2541 -0.715 0.1279 0.7299 -0.2852 -0.6011 -0.1568 0.9128 -0.0184 0.3867 -0.1302
0.837 -0.3444 -0.3189 -0.2812 0.2408 -0.5656 -0.7259 0.3087 0.6512 -0.2629 -0.678 -0.2172 0.7148 0.1077 -0.6873 -0.0716 0.7557 -0.2502 -0.6021 -0.0615 0.6802 0.048 -0.7265 0.0845 0.9604 0.0222 0.2701 -0.0649 0.6387 0.2541 -0.715 0.1279 0.7299 -0.2852 -0.6011 -0.1568 0.9128 -0.0184 0.3867 -0.1302
0.837 -0.3444 -0.3189 -0.2812 0.2408 -0.5656 -0.7259 0.3087 0.6512 -0.2629 -0.678 -0.2172 0.7148 0.1077 -0.6873 -0.0716 0.7557 -0.2502 -0.6021 -0.0615 0.6802 0.048 -0.7265 0.0845 0.9604 0.0222 0.2701 -0.0649 0.6387 0.2541 -0.715 0.1279 0.7299 -0.2852 -0.6011 -0.1568 0.9128 -0.0184 0.3867 -0.1302
0.837 -0.3444 -0.3189 -0.2812 0.1979 -0.5532 -0.746 0.3137 0.6512 -0.2629 -0.678 -0.2172 0.7148 0.1077 -0.6873 -0.0716 0.7557 -0.2502 -0.6021 -0.0615 0.6802 0.048 -0.7265 0.0845 0.9604 0.0222 0.2701 -0.0649 0.6387 0.2541 -0.715 0.1279 0.7299 -0.2852 -0.6011 -0.1568 0.9128 -0.0184 0.3867 -0.1302
0.837 -0.3444 -0.3189 -0.2812 0.1979 -0.5532 -0.746 0.3137 0.6512 -0.2629 -0.678 -0.2172 0.7148 0.1077 -0.6873 -0.0716 0.6635 -0.2272 -0.7079 -0.0836 0.6802 0.048 -0.7265 0.0845 0.9604 0.0222 0.2701 -0.0649 0.6387 0.2541 -0.715 0.1279 0.7299 -0.2852 -0.6011 -0.1568 0.9128 -0.0184 0.3867 -0.1302
0.837 -0.3444 -0.3189 -0.2812 0.1979 -0.5532 -0.746 0.3137 0.6512 -0.2629 -0.678 -0.2172 0.7148 0.1077 -0.6873 -0.0716 0.6635 -0.2272 -0.7079 -0.0836 0.6802 0.048 -0.7265 0.0845 0.9604 0.0222 0.2701 -0.0649 0.6309 0.2859 -0.6924 0.2018 0.7299 -0.2852 -0.6011 -0.1568 0.9128 -0.0184 0.3867 -0.1302
0.837 -0.3444 -0.3189 -0.2812 0.1979 -0.5532 -0.746 0.3137 0.6512 -0.2629 -0.678 -0.2172 0.7148 0.1077 -0.6873 -0.0716 0.6635 -0.2272 -0.7079 -0.0836 0.6802 0.048 -0.7265 0.0845 0.9604 0.0222 0.2701 -0.0649 0.6309 0.2859 -0.6924 0.2018 0.7338 -0.3409 -0.5804 -0.0922 0.9128 -0.0184 0.3867 -0.1302
0.837 -0.3444 -0.3189 -0.2812 0.1979 -0.5532 -0.746 0.3137 0.6512 -0.2629 -0.678 -0.2172 0.7361 0.1218 -0.6626 -0.0655 0.6635 -0.2272 -0.7079 -0.0836 0.6802 0.048 -0.7265 0.0845 0.9604 0.0222 0.2701 -0.0649 0.6309 0.2859 -0.6924 0.2018 0.7338 -0.3409 -0.5804 -0.0922 0.9128 -0.0184 0.3867 -0.1302
0.837 -0.3444 -0.3189 -0.2812 0.1979 -0.5532 -0.746 0.3137 0.6512 -0.2629 -0.678 -0.2172 0.7361 0.1218 -0.6626 -0.0655 0.6635 -0.2272 -0.7079 -0.0836 0.6802 0.048 -0.7265 0.0845 0.9604 0.0222 0.2701 -0.0649 0.6309 0.2859 -0.6924 0.2018 0.7338 -0.3409 -0.5804 -0.0922 0.9128 -0.0184 0.3867 -0.1302
0.837 -0.3444 -0.3189 -0.2812 0.1979 -0.5532 -0.746 0.3137 0.6512 -0.2629 -0.678 -0.2172 0.7361 0.1218 -0.6626 -0.0655 0.6635 -0.2272 -0.7079 -0.0836 0.6878 0.1072 -0.71 0.1064 0.9604 0.0222 0.2701 -0.0649 0.6309 0.2859 -0.6924 0.2018 0.7338 -0.3409 -0.5804 -0.0922 0.9128 -0.0184 0.3867 -0.1302
0.837 -0.3444 -0.3189 -0.2812 0.1979 -0.5532 -0.746 0.3137 0.6512 -0.2629 -0.678 -0.2172 0.7361 0.1218 -0.6626 -0.0655 0.6635 -0.2272 -0.7079 -0.0836 0.6878 0.1072 -0.71 0.1064 0.9604 0.0222 0.2701 -0.0649 0.6309 0.2859 -0.6924 0.2018 0.7338 -0.3409 -0.5804 -0.0922 0.9128 -0.0184 0.3867 -0.1302
0.837 -0.3444 -0.3189 -0.2812 0.1979 -0.5532 -0.746 0.3137 0.6512 -0.2629 -0.678 -0.2172 0.7361 0.1218 -0.6626 -0.0655 0.6589 -0.2048 -0.7153 -0.1102 0.6878 0.1072 -0.71 0.1064 0.9604 0.0222 0.2701 -0.0649 0.6309 0.2859 -0.6924 0.2018 0.7338 -0.3409 -0.5804 -0.0922 0.9128 -0.0184 0.3867 -0.1302
0.837 -0.3444 -0.3189 -0.2812 0.1979 -0.5532 -0.746 0.3137 0.6512 -0.2629 -0.678 -0.2172 0.7361 0.1218 -0.6626 -0.0655 0.6589 -0.2048 -0.7153 -0.1102 0.6878 0.1072 -0.71 0.1064 0.9604 0.0222 0.2701 -0.0649 0.6309 0.2859 -0.6924 0.2018 0.7338 -0.3409 -0.5804 -0.0922 0.9128 -0.0184 0.3867 -0.1302
0.8148 -0.3361 -0.4119 -0.2311 0.1979 -0.5532 -0.746 0.3137 0.7237 -0.2152 -0.6425 -0.1309 0.7361 0.1218 -0.6626 -0.0655 0.6589 -0.2048 -0.7153 -0.1102 0.6878 0.1072 -0.71 0.1064 0.9604 0.0222 0.2701 -0.0649 0.7003 0.2848 -0.6364 0.1531 0.7076 -0.4387 -0.5538 -0.0128 0.8336 -0.0427 0.5373 -0.1205
0.8148 -0.3361 -0.4119 -0.2311 0.1979 -0.5532 -0.746 0.3137 0.7237 -0.2152 -0.6425 -0.1309 0.7557 0.1214 -0.6414 -0.0528 0.6589 -0.2048 -0.7153 -0.1102 0.6878 0.1072 -0.71 0.1064 0.9604 0.0222 0.2701 -0.0649 0.7003 0.2848 -0.6364 0.1531 0.7076 -0.4387 -0.5538 -0.0128 0.8336 -0.0427 0.5373 -0.1205
0.8148 -0.3361 -0.4119 -0.2311 0.1979 -0.5532 -0.746 0.3137 0.7237 -0.2152 -0.6425 -0.1309 0.7557 0.1214 -0.6414 -0.0528 0.6589 -0.2048 -0.7153 -0.1102 0.6878 0.1072 -0.71 0.1064 0.9604 0.0222 0.2701 -0.0649 0.7003 0.2848 -0.6364 0.1531 0.7076 -0.4387 -0.5538 -0.0128 0.8336 -0.0427 0.5373 -0.1205
0.8148 -0.3361 -0.4119 -0.2311 0.1979 -0.5532 -0.746 0.3137 0.7237 -0.2152 -0.6425 -0.1309 0.7557 0.1214 -0.6414 -0.0528 0.6589 -0.2048 -0.7153 -0.1102 0.6912 0.1285 -0.7035 0.1037 0.9604 0.0222 0.2701 -0.0649 0.7003 0.2848 -0.6364 0.1531 0.7076 -0.4387 -0.5538 -0.0128 0.8336 -0.0427 0.5373 -0.1205
0.8148 -0.3361 -0.4119 -0.2311 0.1979 -0.5532 -0.746 0.3137 0.7237 -0.2152 -0.6425 -0.1309 0.7557 0.1214 -0.6414 -0.0528 0.6589 -0.2048 -0.7153 -0.1102 0.6912 0.1285 -0.7035 0.1037 0.9604 0.0222 0.2701 -0.0649 0.7003 0.2848 -0.6364 0.1531 0.7076 -0.4387 -0.5538 -0.0128 0.8336 -0.0427 0.5373 -0.1205
0.8148 -0.3361 -0.4119 -0.2311 0.1182 -0.5394 -0.7723 0.3141 0.7237 -0.2152 -0.6425 -0.1309 0.7557 0.1214 -0.6414 -0.0528 0.6503 -0.1782 -0.728 -0.1242 0.6912 0.1285 -0.7035 0.1037 0.9604 0.0222 0.2701 -0.0649 0.7003 0.2848 -0.6364 0.1531 0.7076 -0.4387 -0.5538 -0.0128 0.8336 -0.0427 0.5373 -0.1205
0.8148 -0.3361 -0.4119 -0.2311 0.1182 -0.5394 -0.7723 0.3141 0.7237 -0.2152 -0.6425 -0.1309 0.7557 0.1214 -0.6414 -0.0528 0.6503 -0.1782 -0.728 -0.1242 0.6912 0.1285 -0.7035 0.1037 0.9604 0.0222 0.2701 -0.0649 0.7585 0.274 -0.5827 0.1003 0.7076 -0.4387 -0.5538 -0.0128 0.8336 -0.0427 0.5373 -0.1205
0.8082 -0.3254 -0.4425 -0.2124 0.1182 -0.5394 -0.7723 0.3141 0.7391 -0.2056 -0.6338 -0.0988 0.7557 0.1214 -0.6414 -0.0528 0.6503 -0.1782 -0.728 -0.1242 0.6912 0.1285 -0.7035 0.1037 0.9438 0.0883 0.3167 -0.0347 0.7585 0.274 -0.5827 0.1003 0.7254 -0.3898 -0.5664 -0.0336 0.8336 -0.0427 0.5373 -0.1205
0.8082 -0.3254 -0.4425 -0.2124 0.1182 -0.5394 -0.7723 0.3141 0.7391 -0.2056 -0.6338 -0.0988 0.7557 0.1214 -0.6414 -0.0528 0.6503 -0.1782 -0.728 -0.1242 0.6912 0.1285 -0.7035 0.1037 0.9438 0.0883 0.3167 -0.0347 0.7585 0.274 -0.5827 0.1003 0.7254 -0.3898 -0.5664 -0.0336 0.8336 -0.0427 0.5373 -0.1205
0.8082 -0.3254 -0.4425 -0.2124 0.1182 -0.5394 -0.7723 0.3141 0.7391 -0.2056 -0.6338 -0.0988 0.7557 0.1214 -0.6414 -0.0528 0.6503 -0.1782 -0.728 -0.1242 0.6912 0.1285 -0.7035 0.1037 0.9438 0.0883 0.3167 -0.0347 0.7585 0.274 -0.5827 0.1003 0.7254 -0.3898 -0.5664 -0.0336 0.8336 -0.0427 0.5373 -0.1205
0.8082 -0.3254 -0.4425 -0.2124 0.1182 -0.5394 -0.7723 0.3141 0.7391 -0.2056 -0.6338 -0.0988 0.7557 0.1214 -0.6414 -0.0528 0.6503 -0.1782 -0.728 -0.1242 0.6912 0.1285 -0.7035 0.1037 0.9438 0.0883 0.3167 -0.0347 0.7585 0.274 -0.5827 0.1003 0.7254 -0.3898 -0.5664 -0.0336 0.8336 -0.0427 0.5373 -0.1205
0.8082 -0.3254 -0.4425 -0.2124 0.0959 -0.5272 -0.7891 0.3002 0.7391 -0.2056 -0.6338 -0.0988 0.7557 0.1214 -0.6414 -0.0528 0.6503 -0.1782 -0.728 -0.1242 0.6912 0.1285 -0.7035 0.1037 0.9438 0.0883 0.3167 -0.0347 0.7585 0.274 -0.5827 0.1003 0.7254 -0.3898 -0.5664 -0.0336 0.8336 -0.0427 0.5373 -0.1205
0.8082 -0.3254 -0.4425 -0.2124 0.0959 -0.5272 -0.7891 0.3002 0.7391 -0.2056 -0.6338 -0.0988 0.7557 0.1214 -0.6414 -0.0528 0.6421 -0.1707 -0.7335 -0.1434 0.6912 0.1285 -0.7035 0.1037 0.9438 0.0883 0.3167 -0.0347 0.7585 0.274 -0.5827 0.1003 0.7254 -0.3898 -0.5664 -0.0336 0.8982 -0.0379 0.4203 -0.123
0.8082 -0.3254 -0.4425 -0.2124 0.0959 -0.5272 -0.7891 0.3002 0.7391 -0.2056 -0.6338 -0.0988 0.7557 0.1214 -0.6414 -0.0528 0.6421 -0.1707 -0.7335 -0.1434 0.6912 0.1285 -0.7035 0.1037 0.9438 0.0883 0.3167 -0.0347 0.7585 0.274 -0.5827 0.1003 0.7254 -0.3898 -0.5664 -0.0336 0.8982 -0.0379 0.4203 -0.123
0.8072 -0.3079 -0.462 -0.2003 0.0959 -0.5272 -0.7891 0.3002 0.7438 -0.2094 -0.6305 -0.0737 0.7557 0.1214 -0.6414 -0.0528 0.6421 -0.1707 -0.7335 -0.1434 0.6912 0.1285 -0.7035 0.1037 0.9438 0.0883 0.3167 -0.0347 0.7852 0.2517 -0.5649 0.0311 0.7254 -0.3898 -0.5664 -0.0336 0.8982 -0.0379 0.4203 -0.123
0.8072 -0.3079 -0.462 -0.2003 0.0959 -0.5272 -0.7891 0.3002 0.7438 -0.2094 -0.6305 -0.0737 0.7827 0.1148 -0.6118 0.002 0.6421 -0.1707 -0.7335 -0.1434 0.6912 0.1285 -0.7035 0.1037 0.9443 0.0873 0.3139 -0.0455 0.7852 0.2517 -0.5649 0.0311 0.7278 -0.2863 -0.586 -0.2117 0.8982 -0.0379 0.4203 -0.123
0.8072 -0.3079 -0.462 -0.2003 0.0959 -0.5272 -0.7891 0.3002 0.7438 -0.2094 -0.6305 -0.0737 0.7827 0.1148 -0.6118 0.002 0.6421 -0.1707 -0.7335 -0.1434 0.6912 0.1285 -0.7035 0.1037 0.9443 0.0873 0.3139 -0.0455 0.7852 0.2517 -0.5649 0.0311 0.7278 -0.2863 -0.586 -0.2117 0.8982 -0.0379 0.4203 -0.123
0.8072 -0.3079 -0.462 -0.2003 0.0959 -0.5272 -0.7891 0.3002 0.7438 -0.2094 -0.6305 -0.0737 0.7827 0.1148 -0.6118 0.002 0.6421 -0.1707 -0.7335 -0.1434 0.7035 0.1663 -0.6855 0.0861 0.9443 0.0873 0.3139 -0.0455 0.7852 0.2517 -0.5649 0.0311 0.7278 -0.2863 -0.586 -0.2117 0.8982 -0.0379 0.4203 -0.123
0.8072 -0.3079 -0.462 -0.2003 0.0959 -0.5272 -0.7891 0.3002 0.7438 -0.2094 -0.6305 -0.0737 0.7827 0.1148 -0.6118 0.002 0.6421 -0.1707 -0.7335 -0.1434 0.7035 0.1663 -0.6855 0.0861 0.9443 0.0873 0.3139 -0.0455 0.7852 0.2517 -0.5649 0.0311 0.7278 -0.2863 -0.586 -0.2117 0.8982 -0.0379 0.4203 -0.123
0.8072 -0.3079 -0.462 -0.2003 0.0909 -0.5204 -0.7978 0.2906 0.7438 -0.2094 -0.6305 -0.0737 0.7827 0.1148 -0.6118 0.002 0.634 -0.1652 -0.735 -0.1744 0.7035 0.1663 -0.6855 0.0861 0.9443 0.0873 0.3139 -0.0455 0.7852 0.2517 -0.5649 0.0311 0.7278 -0.2863 -0.586 -0.2117 0.8982 -0.0379 0.4203 -0.123
0.8072 -0.3079 -0.462 -0.2003 0.0909 -0.5204 -0.7978 0.2906 0.7438 -0.2094 -0.6305 -0.0737 0.7827 0.1148 -0.6118 0.002 0.634 -0.1652 -0.735 -0.1744 0.7035 0.1663 -0.6855 0.0861 0.9443 0.0873 0.3139 -0.0455 0.7852 0.2517 -0.5649 0.0311 0.7278 -0.2863 -0.586 -0.2117 0.8982 -0.0379 0.4203 -0.123
0.8072 -0.3079 -0.462 -0.2003 0.0909 -0.5204 -0.7978 0.2906 0.7438 -0.2094 -0.6305 -0.0737 0.7827 0.1148 -0.6118 0.002 0.634 -0.1652 -0.735 -0.1744 0.7035 0.1663 -0.6855 0.0861 0.9443 0.0873 0.3139 -0.0455 0.7852 0.2517 -0.5649 0.0311 0.7278 -0.2863 -0.586 -0.2117 0.8982 -0.0379 0.4203 -0.123
0.8037 -0.2983 -0.4742 -0.2004 0.0909 -0.5204 -0.7978 0.2906 0.7438 -0.2094 -0.6305 -0.0737 0.7858 0.101 -0.6098 0.0204 0.634 -0.1652 -0.735 -0.1744 0.7035 0.1663 -0.6855 0.0861 0.9447 0.091 0.3115 -0.048 0.7852 0.2517 -0.5649 0.0311 0.7103 -0.1414 -0.6151 -0.3117 0.8982 -0.0379 0.4203 -0.123
0.8037 -0.2983 -0.4742 -0.2004 0.0909 -0.5204 -0.7978 0.2906 0.7438 -0.2094 -0.6305 -0.0737 0.7858 0.101 -0.6098 0.0204 0.634 -0.1652 -0.735 -0.1744 0.7035 0.1663 -0.6855 0.0861 0.9447 0.091 0.3115 -0.048 0.7852 0.2517 -0.5649 0.0311 0.7103 -0.1414 -0.6151 -0.3117 0.8982 -0.0379 0.4203 -0.123
0.8037 -0.2983 -0.4742 -0.2004 0.0909 -0.5204 -0.7978 0.2906 0.7438 -0.2094 -0.6305 -0.0737 0.7858 0.101 -0.6098 0.0204 0.634 -0.1652 -0.735 -0.1744 0.7216 0.1741 -0.6673 0.0602 0.9447 0.091 0.3115 -0.048 0.7852 0.2517 -0.5649 0.0311 0.7103 -0.1414 -0.6151 -0.3117 0.8982 -0.0379 0.4203 -0.123
0.8037 -0.2983 -0.4742 -0.2004 0.0909 -0.5204 -0.7978 0.2906 0.7438 -0.2094 -0.6305 -0.0737 0.7858 0.101 -0.6098 0.0204 0.634 -0.1652 -0.735 -0.1744 0.7216 0.1741 -0.6673 0.0602 0.9447 0.091 0.3115 -0.048 0.7852 0.2517 -0.5649 0.0311 0.7103 -0.1414 -0.6151 -0.3117 0.8982 -0.0379 0.4203 -0.123
0.8037 -0.2983 -0.4742 -0.2004 0.0933 -0.5229 -0.796 0.2903 0.7438 -0.2094 -0.6305 -0.0737 0.7858 0.101 -0.6098 0.0204 0.6212 -0.1604 -0.7346 -0.2208 0.7216 0.1741 -0.6673 0.0602 0.9447 0.091 0.3115 -0.048 0.7852 0.2517 -0.5649 0.0311 0.7103 -0.1414 -0.6151 -0.3117 0.8982 -0.0379 0.4203 -0.123
0.8037 -0.2983 -0.4742 -0.2004 0.0933 -0.5229 -0.796 0.2903 0.7438 -0.2094 -0.6305 -0.0737 0.7858 0.101 -0.6098 0.0204 0.6212 -0.1604 -0.7346 -0.2208 0.7216 0.1741 -0.6673 0.0602 0.9447 0.091 0.3115 -0.048 0.7852 0.2517 -0.5649 0.0311 0.7103 -0.1414 -0.6151 -0.3117 0.8982 -0.0379 0.4203 -0.123
0.8061 -0.3018 -0.4664 -0.204 0.0933 -0.5229 -0.796 0.2903 0.7338 -0.2196 -0.6398 -0.0637 0.7858 0.101 -0.6098 0.0204 0.6212 -0.1604 -0.7346 -0.2208 0.7216 0.1741 -0.6673 0.0602 0.9447 0.091 0.3115 -0.048 0.7782 0.1859 -0.5992 -0.0282 0.7103 -0.1414 -0.6151 -0.3117 0.8982 -0.0379 0.4203 -0.123
0.8061 -0.3018 -0.4664 -0.204 0.0933 -0.5229 -0.796 0.2903 0.7338 -0.2196 -0.6398 -0.0637 0.7839 0.0893 -0.6143 0.0115 0.6212 -0.1604 -0.7346 -0.2208 0.7216 0.1741 -0.6673 0.0602 0.9428 0.0986 0.3146 -0.0492 0.7782 0.1859 -0.5992 -0.0282 0.7103 -0.1414 -0.6151 -0.3117 0.8982 -0.0379 0.4203 -0.123
0.8061 -0.3018 -0.4664 -0.204 0.0933 -0.5229 -0.796 0.2903 0.7338 -0.2196 -0.6398 -0.0637 0.7839 0.0893 -0.6143 0.0115 0.6212 -0.1604 -0.7346 -0.2208 0.7216 0.1741 -0.6673 0.0602 0.9428 0.0986 0.3146 -0.0492 0.7782 0.1859 -0.5992 -0.0282 0.7103 -0.1414 -0.6151 -0.3117 0.8982 -0.0379 0.4203 -0.123
0.8061 -0.3018 -0.4664 -0.204 0.0933 -0.5229 -0.796 0.2903 0.7338 -0.2196 -0.6398 -0.0637 0.7839 0.0893 -0.6143 0.0115 0.6212 -0.1604 -0.7346 -0.2208 0.7382 0.2029 -0.6426 0.0307 0.9428 0.0986 0.3146 -0.0492 0.7782 0.1859 -0.5992 -0.0282 0.7103 -0.1414 -0.6151 -0.3117 0.8982 -0.0379 0.4203 -0.123
0.8061 -0.3018 -0.4664 -0.204 0.0933 -0.5229 -0.796 0.2903 0.7338 -0.2196 -0.6398 -0.0637 0.7839 0.0893 -0.6143 0.0115 0.6212 -0.1604 -0.7346 -0.2208 0.7382 0.2029 -0.6426 0.0307 0.9428 0.0986 0.3146 -0.0492 0.7782 0.1859 -0.5992 -0.0282 0.7103 -0.1414 -0.6151 -0.3117 0.8982 -0.0379 0.4203 -0.123
0.8061 -0.3018 -0.4664 -0.204 0.0933 -0.5229 -0.796 0.2903 0.7338 -0.2196 -0.6398 -0.0637 0.7839 0.0893 -0.6143 0.0115 0.6212 -0.1604 -0.7346 -0.2208 0.7382 0.2029 -0.6426 0.0307 0.9428 0.0986 0.3146 -0.0492 0.7782 0.1859 -0.5992 -0.0282 0.7103 -0.1414 -0.6151 -0.3117 0.8982 -0.0379 0.4203 -0.123
0.8061 -0.3018 -0.4664 -0.204 0.0933 -0.5229 -0.796 0.2903 0.7209 -0.2192 -0.6513 -0.0894 0.7839 0.0893 -0.6143 0.0115 0.6146 -0.1353 -0.7399 -0.2376 0.7382 0.2029 -0.6426 0.0307 0.9428 0.0986 0.3146 -0.0492 0.7782 0.1859 -0.5992 -0.0282 0.7103 -0.1414 -0.6151 -0.3117 0.9261 -0.0488 0.347 -0.1398
0.8185 -0.3215 -0.4235 -0.2175 0.0933 -0.5229 -0.796 0.2903 0.7209 -0.2192 -0.6513 -0.0894 0.7839 0.0893 -0.6143 0.0115 0.6146 -0.1353 -0.7399 -0.2376 0.7382 0.2029 -0.6426 0.0307 0.9428 0.0986 0.3146 -0.0492 0.7782 0.1859 -0.5992 -0.0282 0.6912 -0.1844 -0.622 -0.3184 0.9261 -0.0488 0.347 -0.1398
0.8185 -0.3215 -0.4235 -0.2175 0.0933 -0.5229 -0.796 0.2903 0.7209 -0.2192 -0.6513 -0.0894 0.7706 0.0901 -0.631 -0.001 0.6146 -0.1353 -0.7399 -0.2376 0.7382 0.2029 -0.6426 0.0307 0.9428 0.0986 0.3146 -0.0492 0.7782 0.1859 -0.5992 -0.0282 0.6912 -0.1844 -0.622 -0.3184 0.9261 -0.0488 0.347 -0.1398
0.8185 -0.3215 -0.4235 -0.2175 0.0933 -0.5229 -0.796 0.2903 0.7209 -0.2192 -0.6513 -0.0894 0.7706 0.0901 -0.631 -0.001 0.6146 -0.1353 -0.7399 -0.2376 0.7542 0.2499 -0.6072 -0.0098 0.9428 0.0986 0.3146 -0.0492 0.7782 0.1859 -0.5992 -0.0282 0.6912 -0.1844 -0.622 -0.3184 0.9261 -0.0488 0.347 -0.1398
0.8185 -0.3215 -0.4235 -0.2175 0.0933 -0.5229 -0.796 0.2903 0.7209 -0.2192 -0.6513 -0.0894 0.7706 0.0901 -0.631 -0.001 0.6146 -0.1353 -0.7399 -0.2376 0.7542 0.2499 -0.6072 -0.0098 0.9428 0.0986 0.3146 -0.0492 0.7782 0.1859 -0.5992 -0.0282 0.6912 -0.1844 -0.622 -0.3184 0.9261 -0.0488 0.347 -0.1398
0.8185 -0.3215 -0.4235 -0.2175 0.0933 -0.5229 -0.796 0.2903 0.7209 -0.2192 -0.6513 -0.0894 0.7706 0.0901 -0.631 -0.001 0.6146 -0.1353 -0.7399 -0.2376 0.7542 0.2499 -0.6072 -0.0098 0.9428 0.0986 0.3146 -0.0492 0.7782 0.1859 -0.5992 -0.0282 0.6912 -0.1844 -0.622 -0.3184 0.9261 -0.0488 0.347 -0.1398
0.8185 -0.3215 -0.4235 -0.2175 0.1697 -0.5316 -0.7743 0.2983 0.7209 -0.2192 -0.6513 -0.0894 0.7706 0.0901 -0.631 -0.001 0.6351 -0.1545 -0.7158 -0.2459 0.7542 0.2499 -0.6072 -0.0098 0.9428 0.0986 0.3146 -0.0492 0.7782 0.1859 -0.5992 -0.0282 0.6912 -0.1844 -0.622 -0.3184 0.9126 -0.0365 0.3827 -0.1394
0.8185 -0.3215 -0.4235 -0.2175 0.1697 -0.5316 -0.7743 0.2983 0.7209 -0.2192 -0.6513 -0.0894 0.7706 0.0901 -0.631 -0.001 0.6351 -0.1545 -0.7158 -0.2459 0.7542 0.2499 -0.6072 -0.0098 0.9428 0.0986 0.3146 -0.0492 0.7782 0.1859 -0.5992 -0.0282 0.6912 -0.1844 -0.622 -0.3184 0.9126 -0.0365 0.3827 -0.1394
0.8303 -0.3235 -0.3884 -0.2349 0.1697 -0.5316 -0.7743 0.2983 0.7209 -0.2192 -0.6513 -0.0894 0.7507 0.088 -0.654 -0.0324 0.6351 -0.1545 -0.7158 -0.2459 0.7542 0.2499 -0.6072 -0.0098 0.9175 0.1102 0.379 -0.0479 0.7782 0.1859 -0.5992 -0.0282 0.6948 -0.2187 -0.6158 -0.3002 0.9126 -0.0365 0.3827 -0.1394
0.8303 -0.3235 -0.3884 -0.2349 0.1697 -0.5316 -0.7743 0.2983 0.7209 -0.2192 -0.6513 -0.0894 0.7507 0.088 -0.654 -0.0324 0.6351 -0.1545 -0.7158 -0.2459 0.7542 0.2499 -0.6072 -0.0098 0.9175 0.1102 0.379 -0.0479 0.7782 0.1859 -0.5992 -0.0282 0.6948 -0.2187 -0.6158 -0.3002 0.9126 -0.0365 0.3827 -0.1394
0.8303 -0.3235 -0.3884 -0.2349 0.1697 -0.5316 -0.7743 0.2983 0.7209 -0.2192 -0.6513 -0.0894 0.7507 0.088 -0.654 -0.0324 0.6351 -0.1545 -0.7158 -0.2459 0.7542 0.2499 -0.6072 -0.0098 0.9175 0.1102 0.379 -0.0479 0.7782 0.1859 -0.5992 -0.0282 0.6948 -0.2187 -0.6158 -0.3002 0.9126 -0.0365 0.3827 -0.1394
0.8303 -0.3235 -0.3884 -0.2349 0.1697 -0.5316 -0.7743 0.2983 0.7209 -0.2192 -0.6513 -0.0894 0.7507 0.088 -0.654 -0.0324 0.6351 -0.1545 -0.7158 -0.2459 0.7813 0.1582 -0.6038 -0.0078 0.9175 0.1102 0.379 -0.0479 0.7782 0.1859 -0.5992 -0.0282 0.6948 -0.2187 -0.6158 -0.3002 0.9126 -0.0365 0.3827 -0.1394
0.8303 -0.3235 -0.3884 -0.2349 0.1697 -0.5316 -0.7743 0.2983 0.7209 -0.2192 -0.6513 -0.0894 0.7507 0.088 -0.654 -0.0324 0.6351 -0.1545 -0.7158 -0.2459 0.7813 0.1582 -0.6038 -0.0078 0.9175 0.1102 0.379 -0.0479 0.7782 0.1859 -0.5992 -0.0282 0.6948 -0.2187 -0.6158 -0.3002 0.9126 -0.0365 0.3827 -0.1394
0.8303 -0.3235 -0.3884 -0.2349 0.1697 -0.5316 -0.7743 0.2983 0.7209 -0.2192 -0.6513 -0.0894 0.7507 0.088 -0.654 -0.0324 0.6351 -0.1545 -0.7158 -0.2459 0.7813 0.1582 -0.6038 -0.0078 0.9175 0.1102 0.379 -0.0479 0.7782 0.1859 -0.5992 -0.0282 0.6948 -0.2187 -0.6158 -0.3002 0.9126 -0.0365 0.3827 -0.1394
0.8303 -0.3235 -0.3884 -0.2349 0.1697 -0.5316 -0.7743 0.2983 0.7209 -0.2192 -0.6513 -0.0894 0.7507 0.088 -0.654 -0.0324 0.6351 -0.1545 -0.7158 -0.2459 0.7813 0.1582 -0.6038 -0.0078 0.9175 0.1102 0.379 -0.0479 0.7782 0.1859 -0.5992 -0.0282 0.6948 -0.2187 -0.6158 -0.3002 0.9126 -0.0365 0.3827 -0.1394
0.8303 -0.3235 -0.3884 -0.2349 0.1697 -0.5316 -0.7743 0.2983 0.7209 -0.2192 -0.6513 -0.0894 0.7507 0.088 -0.654 -0.0324 0.6351 -0.1545 -0.7158 -0.2459 0.7813 0.1582 -0.6038 -0.0078 0.9175 0.1102 0.379 -0.0479 0.7782 0.1859 -0.5992 -0.0282 0.6948 -0.2187 -0.6158 -0.3002 0.9126 -0.0365 0.3827 -0.1394
0.827 -0.343 -0.35 -0.2757 0.1697 -0.5316 -0.7743 0.2983 0.6747 -0.2577 -0.6707 -0.1691 0.7507 0.088 -0.654 -0.0324 0.668 -0.176 -0.6716 -0.2678 0.7813 0.1582 -0.6038 -0.0078 0.9402 0.0643 0.2998 -0.1486 0.7054 0.1743 -0.687 -0.0015 0.6771 -0.2633 -0.6119 -0.3129 0.9126 -0.0365 0.3827 -0.1394
0.827 -0.343 -0.35 -0.2757 0.1697 -0.5316 -0.7743 0.2983 0.6747 -0.2577 -0.6707 -0.1691 0.7346 0.0616 -0.6723 -0.0679 0.668 -0.176 -0.6716 -0.2678 0.7813 0.1582 -0.6038 -0.0078 0.9402 0.0643 0.2998 -0.1486 0.7054 0.1743 -0.687 -0.0015 0.6771 -0.2633 -0.6119 -0.3129 0.9126 -0.0365 0.3827 -0.1394
0.827 -0.343 -0.35 -0.2757 0.1697 -0.5316 -0.7743 0.2983 0.6747 -0.2577 -0.6707 -0.1691 0.7346 0.0616 -0.6723 -0.0679 0.668 -0.176 -0.6716 -0.2678 0.8069 0.0445 -0.5887 0.0159 0.9402 0.0643 0.2998 -0.1486 0.7054 0.1743 -0.687 -0.0015 0.6771 -0.2633 -0.6119 -0.3129 0.9126 -0.0365 0.3827 -0.1394
0.827 -0.343 -0.35 -0.2757 0.1697 -0.5316 -0.7743 0.2983 0.6747 -0.2577 -0.6707 -0.1691 0.7346 0.0616 -0.6723 -0.0679 0.668 -0.176 -0.6716 -0.2678 0.8069 0.0445 -0.5887 0.0159 0.9402 0.0643 0.2998 -0.1486 0.7054 0.1743 -0.687 -0.0015 0.6771 -0.2633 -0.6119 -0.3129 0.9126 -0.0365 0.3827 -0.1394
0.827 -0.343 -0.35 -0.2757 0.2373 -0.5978 -0.7086 0.2902 0.6747 -0.2577 -0.6707 -0.1691 0.7346 0.0616 -0.6723 -0.0679 0.7227 -0.2241 -0.6037 -0.2512 0.8069 0.0445 -0.5887 0.0159 0.9402 0.0643 0.2998 -0.1486 0.7054 0.1743 -0.687 -0.0015 0.6771 -0.2633 -0.6119 -0.3129 0.9178 -0.0016 0.379 -0.1179
0.827 -0.343 -0.35 -0.2757 0.2373 -0.5978 -0.7086 0.2902 0.6747 -0.2577 -0.6707 -0.1691 0.7346 0.0616 -0.6723 -0.0679 0.7227 -0.2241 -0.6037 -0.2512 0.8069 0.0445 -0.5887 0.0159 0.9402 0.0643 0.2998 -0.1486 0.7054 0.1743 -0.687 -0.0015 0.6771 -0.2633 -0.6119 -0.3129 0.9178 -0.0016 0.379 -0.1179
0.8133 -0.3565 -0.3215 -0.3287 0.2373 -0.5978 -0.7086 0.2902 0.6747 -0.2577 -0.6707 -0.1691 0.7346 0.0616 -0.6723 -0.0679 0.7227 -0.2241 -0.6037 -0.2512 0.8069 0.0445 -0.5887 0.0159 0.9402 0.0643 0.2998 -0.1486 0.7054 0.1743 -0.687 -0.0015 0.6718 -0.2772 -0.6202 -0.2952 0.9178 -0.0016 0.379 -0.1179
0.8133 -0.3565 -0.3215 -0.3287 0.2373 -0.5978 -0.7086 0.2902 0.6747 -0.2577 -0.6707 -0.1691 0.7346 0.0616 -0.6723 -0.0679 0.7227 -0.2241 -0.6037 -0.2512 0.8069 0.0445 -0.5887 0.0159 0.9402 0.0643 0.2998 -0.1486 0.7054 0.1743 -0.687 -0.0015 0.6718 -0.2772 -0.6202 -0.2952 0.9178 -0.0016 0.379 -0.1179
0.8133 -0.3565 -0.3215 -0.3287 0.2373 -0.5978 -0.7086 0.2902 0.6747 -0.2577 -0.6707 -0.1691 0.7346 0.0616 -0.6723 -0.0679 0.7227 -0.2241 -0.6037 -0.2512 0.8069 0.0445 -0.5887 0.0159 0.9402 0.0643 0.2998 -0.1486 0.7054 0.1743 -0.687 -0.0015 0.6718 -0.2772 -0.6202 -0.2952 0.9178 -0.0016 0.379 -0.1179
0.8133 -0.3565 -0.3215 -0.3287 0.2373 -0.5978 -0.7086 0.2902 0.6747 -0.2577 -0.6707 -0.1691 0.7346 0.0616 -0.6723 -0.0679 0.7227 -0.2241 -0.6037 -0.2512 0.8127 -0.0147 -0.5758 0.0875 0.9402 0.0643 0.2998 -0.1486 0.7054 0.1743 -0.687 -0.0015 0.6718 -0.2772 -0.6202 -0.2952 0.9178 -0.0016 0.379 -0.1179
0.8133 -0.3565 -0.3215 -0.3287 0.2548 -0.6161 -0.6942 0.2712 0.6747 -0.2577 -0.6707 -0.1691 0.7346 0.0616 -0.6723 -0.0679 0.7227 -0.2241 -0.6037 -0.2512 0.8127 -0.0147 -0.5758 0.0875 0.9402 0.0643 0.2998 -0.1486 0.7054 0.1743 -0.687 -0.0015 0.6718 -0.2772 -0.6202 -0.2952 0.9178 -0.0016 0.379 -0.1179
0.8133 -0.3565 -0.3215 -0.3287 0.2548 -0.6161 -0.6942 0.2712 0.6747 -0.2577 -0.6707 -0.1691 0.7346 0.0616 -0.6723 -0.0679 0.7733 -0.216 -0.5674 -0.1827 0.8127 -0.0147 -0.5758 0.0875 0.9402 0.0643 0.2998 -0.1486 0.7054 0.1743 -0.687 -0.0015 0.6718 -0.2772 -0.6202 -0.2952 0.9178 -0.0016 0.379 -0.1179
0.8133 -0.3565 -0.3215 -0.3287 0.2548 -0.6161 -0.6942 0.2712 0.6747 -0.2577 -0.6707 -0.1691 0.7346 0.0616 -0.6723 -0.0679 0.7733 -0.216 -0.5674 -0.1827 0.8127 -0.0147 -0.5758 0.0875 0.9402 0.0643 0.2998 -0.1486 0.7054 0.1743 -0.687 -0.0015 0.6718 -0.2772 -0.6202 -0.2952 0.9178 -0.0016 0.379 -0.1179
0.8134 -0.3534 -0.3013 -0.3505 0.2548 -0.6161 -0.6942 0.2712 0.6747 -0.2577 -0.6707 -0.1691 0.7346 0.0616 -0.6723 -0.0679 0.7733 -0.216 -0.5674 -0.1827 0.8127 -0.0147 -0.5758 0.0875 0.9402 0.0643 0.2998 -0.1486 0.7054 0.1743 -0.687 -0.0015 0.6718 -0.2772 -0.6202 -0.2952 0.9178 -0.0016 0.379 -0.1179
0.8134 -0.3534 -0.3013 -0.3505 0.2548 -0.6161 -0.6942 0.2712 0.6747 -0.2577 -0.6707 -0.1691 0.7125 0.0437 -0.6927 -0.1024 0.7733 -0.216 -0.5674 -0.1827 0.8127 -0.0147 -0.5758 0.0875 0.9402 0.0643 0.2998 -0.1486 0.7054 0.1743 -0.687 -0.0015 0.6718 -0.2772 -0.6202 -0.2952 0.9178 -0.0016 0.379 -0.1179
0.8134 -0.3534 -0.3013 -0.3505 0.2548 -0.6161 -0.6942 0.2712 0.6747 -0.2577 -0.6707 -0.1691 0.7125 0.0437 -0.6927 -0.1024 0.7733 -0.216 -0.5674 -0.1827 0.8127 -0.0147 -0.5758 0.0875 0.9402 0.0643 0.2998 -0.1486 0.7054 0.1743 -0.687 -0.0015 0.6718 -0.2772 -0.6202 -0.2952 0.9178 -0.0016 0.379 -0.1179
0.8134 -0.3534 -0.3013 -0.3505 0.2548 -0.6161 -0.6942 0.2712 0.6747 -0.2577 -0.6707 -0.1691 0.7125 0.0437 -0.6927 -0.1024 0.7733 -0.216 -0.5674 -0.1827 0.7988 -0.0365 -0.5836 0.1417 0.9402 0.0643 0.2998 -0.1486 0.7054 0.1743 -0.687 -0.0015 0.6718 -0.2772 -0.6202 -0.2952 0.9178 -0.0016 0.379 -0.1179
0.8134 -0.3534 -0.3013 -0.3505 0.2548 -0.6161 -0.6942 0.2712 0.6747 -0.2577 -0.6707 -0.1691 0.7125 0.0437 -0.6927 -0.1024 0.7733 -0.216 -0.5674 -0.1827 0.7988 -0.0365 -0.5836 0.1417 0.9402 0.0643 0.2998 -0.1486 0.7054 0.1743 -0.687 -0.0015 0.6718 -0.2772 -0.6202 -0.2952 0.9178 -0.0016 0.379 -0.1179
0.8134 -0.3534 -0.3013 -0.3505 0.2663 -0.6148 -0.6939 0.2639 0.6747 -0.2577 -0.6707 -0.1691 0.7125 0.0437 -0.6927 -0.1024 0.7733 -0.216 -0.5674 -0.1827 0.7988 -0.0365 -0.5836 0.1417 0.9402 0.0643 0.2998 -0.1486 0.7054 0.1743 -0.687 -0.0015 0.6718 -0.2772 -0.6202 -0.2952 0.9178 -0.0016 0.379 -0.1179
0.8134 -0.3534 -0.3013 -0.3505 0.2663 -0.6148 -0.6939 0.2639 0.6747 -0.2577 -0.6707 -0.1691 0.7125 0.0437 -0.6927 -0.1024 0.7884 -0.226 -0.5587 -0.1237 0.7988 -0.0365 -0.5836 0.1417 0.9402 0.0643 0.2998 -0.1486 0.6679 0.2076 -0.7122 0.0599 0.6718 -0.2772 -0.6202 -0.2952 0.9178 -5.0E-4 0.3798 -0.1158
0.8134 -0.3534 -0.3013 -0.3505 0.2663 -0.6148 -0.6939 0.2639 0.6747 -0.2577 -0.6707 -0.1691 0.7125 0.0437 -0.6927 -0.1024 0.7884 -0.226 -0.5587 -0.1237 0.7988 -0.0365 -0.5836 0.1417 0.9402 0.0643 0.2998 -0.1486 0.6679 0.2076 -0.7122 0.0599 0.6718 -0.2772 -0.6202 -0.2952 0.9178 -5.0E-4 0.3798 -0.1158
0.8201 -0.347 -0.2938 -0.3474 0.2663 -0.6148 -0.6939 0.2639 0.6747 -0.2577 -0.6707 -0.1691 0.7115 0.0511 -0.6951 -0.0892 0.7884 -0.226 -0.5587 -0.1237 0.7988 -0.0365 -0.5836 0.1417 0.984 0.0402 0.1587 -0.0707 0.6679 0.2076 -0.7122 0.0599 0.6937 -0.2642 -0.6257 -0.2399 0.9178 -5.0E-4 0.3798 -0.1158
0.8201 -0.347 -0.2938 -0.3474 0.2663 -0.6148 -0.6939 0.2639 0.6747 -0.2577 -0.6707 -0.1691 0.7115 0.0511 -0.6951 -0.0892 0.7884 -0.226 -0.5587 -0.1237 0.7988 -0.0365 -0.5836 0.1417 0.984 0.0402 0.1587 -0.0707 0.6679 0.2076 -0.7122 0.0599 0.6937 -0.2642 -0.6257 -0.2399 0.9178 -5.0E-4 0.3798 -0.1158
0.8201 -0.347 -0.2938 -0.3474 0.2663 -0.6148 -0.6939 0.2639 0.6747 -0.2577 -0.6707 -0.1691 0.7115 0.0511 -0.6951 -0.0892 0.7884 -0.226 -0.5587 -0.1237 0.7642 -0.037 -0.6214 0.1688 0.984 0.0402 0.1587 -0.0707 0.6679 0.2076 -0.7122 0.0599 0.6937 -0.2642 -0.6257 -0.2399 0.9178 -5.0E-4 0.3798 -0.1158
0.8201 -0.347 -0.2938 -0.3474 0.2663 -0.6148 -0.6939 0.2639 0.6747 -0.2577 -0.6707 -0.1691 0.7115 0.0511 -0.6951 -0.0892 0.7884 -0.226 -0.5587 -0.1237 0.7642 -0.037 -0.6214 0.1688 0.984 0.0402 0.1587 -0.0707 0.6679 0.2076 -0.7122 0.0599 0.6937 -0.2642 -0.6257 -0.2399 0.9178 -5.0E-4 0.3798 -0.1158
0.8201 -0.347 -0.2938 -0.3474 0.2711 -0.6066 -0.6981 0.2667 0.6747 -0.2577 -0.6707 -0.1691 0.7115 0.0511 -0.6951 -0.0892 0.7667 -0.247 -0.5868 -0.0823 0.7642 -0.037 -0.6214 0.1688 0.984 0.0402 0.1587 -0.0707 0.6679 0.2076 -0.7122 0.0599 0.6937 -0.2642 -0.6257 -0.2399 0.918 -8.0E-4 0.3796 -0.1151
0.8258 -0.3448 -0.2892 -0.3399 0.2711 -0.6066 -0.6981 0.2667 0.6424 -0.288 -0.681 -0.2015 0.7115 0.0511 -0.6951 -0.0892 0.7667 -0.247 -0.5868 -0.0823 0.7642 -0.037 -0.6214 0.1688 0.984 0.0402 0.1587 -0.0707 0.6679 0.2076 -0.7122 0.0599 0.6937 -0.2642 -0.6257 -0.2399 0.918 -8.0E-4 0.3796 -0.1151
0.8258 -0.3448 -0.2892 -0.3399 0.2711 -0.6066 -0.6981 0.2667 0.6424 -0.288 -0.681 -0.2015 0.7115 0.0511 -0.6951 -0.0892 0.7667 -0.247 -0.5868 -0.0823 0.7642 -0.037 -0.6214 0.1688 0.984 0.0402 0.1587 -0.0707 0.6679 0.2076 -0.7122 0.0599 0.6937 -0.2642 -0.6257 -0.2399 0.918 -8.0E-4 0.3796 -0.1151
0.8258 -0.3448 -0.2892 -0.3399 0.2711 -0.6066 -0.6981 0.2667 0.6424 -0.288 -0.681 -0.2015 0.7115 0.0511 -0.6951 -0.0892 0.7667 -0.247 -0.5868 -0.0823 0.7642 -0.037 -0.6214 0.1688 0.984 0.0402 0.1587 -0.0707 0.6679 0.2076 -0.7122 0.0599 0.6937 -0.2642 -0.6257 -0.2399 0.918 -8.0E-4 0.3796 -0.1151
0.8258 -0.3448 -0.2892 -0.3399 0.2711 -0.6066 -0.6981 0.2667 0.6424 -0.288 -0.681 -0.2015 0.7115 0.0511 -0.6951 -0.0892 0.7667 -0.247 -0.5868 -0.0823 0.7642 -0.037 -0.6214 0.1688 0.984 0.0402 0.1587 -0.0707 0.6679 0.2076 -0.7122 0.0599 0.6937 -0.2642 -0.6257 -0.2399 0.918 -8.0E-4 0.3796 -0.1151
0.8258 -0.3448 -0.2892 -0.3399 0.2711 -0.6066 -0.6981 0.2667 0.6424 -0.288 -0.681 -0.2015 0.7115 0.0511 -0.6951 -0.0892 0.7667 -0.247 -0.5868 -0.0823 0.7642 -0.037 -0.6214 0.1688 0.984 0.0402 0.1587 -0.0707 0.6679 0.2076 -0.7122 0.0599 0.6937 -0.2642 -0.6257 -0.2399 0.918 -8.0E-4 0.3796 -0.1151
0.8258 -0.3448 -0.2892 -0.3399 0.2689 -0.5981 -0.7053 0.2693 0.6424 -0.288 -0.681 -0.2015 0.7115 0.0511 -0.6951 -0.0892 0.7667 -0.247 -0.5868 -0.0823 0.7642 -0.037 -0.6214 0.1688 0.984 0.0402 0.1587 -0.0707 0.6679 0.2076 -0.7122 0.0599 0.6937 -0.2642 -0.6257 -0.2399 0.918 -8.0E-4 0.3796 -0.1151
0.8258 -0.3448 -0.2892 -0.3399 0.2689 -0.5981 -0.7053 0.2693 0.6424 -0.288 -0.681 -0.2015 0.7115 0.0511 -0.6951 -0.0892 0.7298 -0.2565 -0.6301 -0.0682 0.7642 -0.037 -0.6214 0.1688 0.984 0.0402 0.1587 -0.0707 0.6552 0.2137 -0.715 0.1174 0.6937 -0.2642 -0.6257 -0.2399 0.9187 1.0E-4 0.3781 -0.1143
0.8291 -0.3425 -0.2966 -0.3276 0.2689 -0.5981 -0.7053 0.2693 0.6424 -0.288 -0.681 -0.2015 0.7115 0.0511 -0.6951 -0.0892 0.7298 -0.2565 -0.6301 -0.0682 0.7642 -0.037 -0.6214 0.1688 0.984 0.0402 0.1587 -0.0707 0.6552 0.2137 -0.715 0.1174 0.6937 -0.2642 -0.6257 -0.2399 0.9187 1.0E-4 0.3781 -0.1143
0.8291 -0.3425 -0.2966 -0.3276 0.2689 -0.5981 -0.7053 0.2693 0.6424 -0.288 -0.681 -0.2015 0.7115 0.0511 -0.6951 -0.0892 0.7298 -0.2565 -0.6301 -0.0682 0.7642 -0.037 -0.6214 0.1688 0.9476 0.1945 0.2505 -0.0396 0.6552 0.2137 -0.715 0.1174 0.6937 -0.2642 -0.6257 -0.2399 0.9187 1.0E-4 0.3781 -0.1143
0.8291 -0.3425 -0.2966 -0.3276 0.2689 -0.5981 -0.7053 0.2693 0.6424 -0.288 -0.681 -0.2015 0.7171 0.0621 -0.6915 -0.0607 0.7298 -0.2565 -0.6301 -0.0682 0.7642 -0.037 -0.6214 0.1688 0.9476 0.1945 0.2505 -0.0396 0.6552 0.2137 -0.715 0.1174 0.6937 -0.2642 -0.6257 -0.2399 0.9187 1.0E-4 0.3781 -0.1143
0.8291 -0.3425 -0.2966 -0.3276 0.2689 -0.5981 -0.7053 0.2693 0.6424 -0.288 -0.681 -0.2015 0.7171 0.0621 -0.6915 -0.0607 0.7298 -0.2565 -0.6301 -0.0682 0.7642 -0.037 -0.6214 0.1688 0.9476 0.1945 0.2505 -0.0396 0.6552 0.2137 -0.715 0.1174 0.6937 -0.2642 -0.6257 -0.2399 0.9187 1.0E-4 0.3781 -0.1143
0.8291 -0.3425 -0.2966 -0.3276 0.2689 -0.5981 -0.7053 0.2693 0.6424 -0.288 -0.681 -0.2015 0.7171 0.0621 -0.6915 -0.0607 0.7298 -0.2565 -0.6301 -0.0682 0.6999 0.0164 -0.7066 0.1033 0.9476 0.1945 0.2505 -0.0396 0.6552 0.2137 -0.715 0.1174 0.6937 -0.2642 -0.6257 -0.2399 0.9187 1.0E-4 0.3781 -0.1143
0.8291 -0.3425 -0.2966 -0.3276 0.2507 -0.5896 -0.717 0.2746 0.6424 -0.288 -0.681 -0.2015 0.7171 0.0621 -0.6915 -0.0607 0.7298 -0.2565 -0.6301 -0.0682 0.6999 0.0164 -0.7066 0.1033 0.9476 0.1945 0.2505 -0.0396 0.6552 0.2137 -0.715 0.1174 0.6937 -0.2642 -0.6257 -0.2399 0.9187 1.0E-4 0.3781 -0.1143
0.8291 -0.3425 -0.2966 -0.3276 0.2507 -0.5896 -0.717 0.2746 0.6424 -0.288 -0.681 -0.2015 0.7171 0.0621 -0.6915 -0.0607 0.7298 -0.2565 -0.6301 -0.0682 0.6999 0.0164 -0.7066 0.1033 0.9476 0.1945 0.2505 -0.0396 0.6552 0.2137 -0.715 0.1174 0.6937 -0.2642 -0.6257 -0.2399 0.9187 1.0E-4 0.3781 -0.1143
0.8291 -0.3425 -0.2966 -0.3276 0.2507 -0.5896 -0.717 0.2746 0.6424 -0.288 -0.681 -0.2015 0.7171 0.0621 -0.6915 -0.0607 0.7298 -0.2565 -0.6301 -0.0682 0.6999 0.0164 -0.7066 0.1033 0.9476 0.1945 0.2505 -0.0396 0.6478 0.2189 -0.7147 0.1473 0.6937 -0.2642 -0.6257 -0.2399 0.9187 1.0E-4 0.3781 -0.1143
0.8244 -0.3452 -0.324 -0.3101 0.2507 -0.5896 -0.717 0.2746 0.6424 -0.288 -0.681 -0.2015 0.7171 0.0621 -0.6915 -0.0607 0.7298 -0.2565 -0.6301 -0.0682 0.6999 0.0164 -0.7066 0.1033 0.9476 0.1945 0.2505 -0.0396 0.6478 0.2189 -0.7147 0.1473 0.7356 -0.31 -0.5803 -0.1615 0.9187 1.0E-4 0.3781 -0.1143
0.8244 -0.3452 -0.324 -0.3101 0.2507 -0.5896 -0.717 0.2746 0.6424 -0.288 -0.681 -0.2015 0.7272 0.075 -0.6802 -0.0537 0.7298 -0.2565 -0.6301 -0.0682 0.6999 0.0164 -0.7066 0.1033 0.9476 0.1945 0.2505 -0.0396 0.6478 0.2189 -0.7147 0.1473 0.7356 -0.31 -0.5803 -0.1615 0.9187 1.0E-4 0.3781 -0.1143
0.8244 -0.3452 -0.324 -0.3101 0.2507 -0.5896 -0.717 0.2746 0.6424 -0.288 -0.681 -0.2015 0.7272 0.075 -0.6802 -0.0537 0.7298 -0.2565 -0.6301 -0.0682 0.6999 0.0164 -0.7066 0.1033 0.9476 0.1945 0.2505 -0.0396 0.6478 0.2189 -0.7147 0.1473 0.7356 -0.31 -0.5803 -0.1615 0.9187 1.0E-4 0.3781 -0.1143
0.8244 -0.3452 -0.324 -0.3101 0.2507 -0.5896 -0.717 0.2746 0.6424 -0.288 -0.681 -0.2015 0.7272 0.075 -0.6802 -0.0537 0.7298 -0.2565 -0.6301 -0.0682 0.6964 0.0714 -0.7054 0.1114 0.9476 0.1945 0.2505 -0.0396 0.6478 0.2189 -0.7147 0.1473 0.7356 -0.31 -0.5803 -0.1615 0.9187 1.0E-4 0.3781 -0.1143
0.8244 -0.3452 -0.324 -0.3101 0.2176 -0.5887 -0.7238 0.2866 0.6424 -0.288 -0.681 -0.2015 0.7272 0.075 -0.6802 -0.0537 0.7298 -0.2565 -0.6301 -0.0682 0.6964 0.0714 -0.7054 0.1114 0.9476 0.1945 0.2505 -0.0396 0.6478 0.2189 -0.7147 0.1473 0.7356 -0.31 -0.5803 -0.1615 0.9187 1.0E-4 0.3781 -0.1143
0.8244 -0.3452 -0.324 -0.3101 0.2176 -0.5887 -0.7238 0.2866 0.6424 -0.288 -0.681 -0.2015 0.7272 0.075 -0.6802 -0.0537 0.6641 -0.231 -0.701 -0.1194 0.6964 0.0714 -0.7054 0.1114 0.9476 0.1945 0.2505 -0.0396 0.6478 0.2189 -0.7147 0.1473 0.7356 -0.31 -0.5803 -0.1615 0.9187 1.0E-4 0.3781 -0.1143
0.8244 -0.3452 -0.324 -0.3101 0.2176 -0.5887 -0.7238 0.2866 0.6424 -0.288 -0.681 -0.2015 0.7272 0.075 -0.6802 -0.0537 0.6641 -0.231 -0.701 -0.1194 0.6964 0.0714 -0.7054 0.1114 0.9476 0.1945 0.2505 -0.0396 0.6743 0.2393 -0.6835 0.1447 0.7356 -0.31 -0.5803 -0.1615 0.9187 1.0E-4 0.3781 -0.1143
0.8244 -0.3452 -0.324 -0.3101 0.2176 -0.5887 -0.7238 0.2866 0.6424 -0.288 -0.681 -0.2015 0.7272 0.075 -0.6802 -0.0537 0.6641 -0.231 -0.701 -0.1194 0.6964 0.0714 -0.7054 0.1114 0.9476 0.1945 0.2505 -0.0396 0.6743 0.2393 -0.6835 0.1447 0.7356 -0.31 -0.5803 -0.1615 0.9187 1.0E-4 0.3781 -0.1143
0.8099 -0.3539 -0.3636 -0.2942 0.2176 -0.5887 -0.7238 0.2866 0.6424 -0.288 -0.681 -0.2015 0.7453 0.0788 -0.6604 -0.0459 0.6641 -0.231 -0.701 -0.1194 0.6964 0.0714 -0.7054 0.1114 0.9421 0.0978 0.3157 -0.0574 0.6743 0.2393 -0.6835 0.1447 0.7445 -0.3879 -0.5368 -0.0841 0.9187 1.0E-4 0.3781 -0.1143
0.8099 -0.3539 -0.3636 -0.2942 0.2176 -0.5887 -0.7238 0.2866 0.6424 -0.288 -0.681 -0.2015 0.7453 0.0788 -0.6604 -0.0459 0.6641 -0.231 -0.701 -0.1194 0.6964 0.0714 -0.7054 0.1114 0.9421 0.0978 0.3157 -0.0574 0.6743 0.2393 -0.6835 0.1447 0.7445 -0.3879 -0.5368 -0.0841 0.9187 1.0E-4 0.3781 -0.1143
0.8099 -0.3539 -0.3636 -0.2942 0.2176 -0.5887 -0.7238 0.2866 0.6424 -0.288 -0.681 -0.2015 0.7453 0.0788 -0.6604 -0.0459 0.6641 -0.231 -0.701 -0.1194 0.6998 0.1172 -0.695 0.1165 0.9421 0.0978 0.3157 -0.0574 0.6743 0.2393 -0.6835 0.1447 0.7445 -0.3879 -0.5368 -0.0841 0.9187 1.0E-4 0.3781 -0.1143
0.8099 -0.3539 -0.3636 -0.2942 0.1744 -0.5967 -0.7321 0.2786 0.6424 -0.288 -0.681 -0.2015 0.7453 0.0788 -0.6604 -0.0459 0.6641 -0.231 -0.701 -0.1194 0.6998 0.1172 -0.695 0.1165 0.9421 0.0978 0.3157 -0.0574 0.6743 0.2393 -0.6835 0.1447 0.7445 -0.3879 -0.5368 -0.0841 0.9187 1.0E-4 0.3781 -0.1143
0.8099 -0.3539 -0.3636 -0.2942 0.1744 -0.5967 -0.7321 0.2786 0.6424 -0.288 -0.681 -0.2015 0.7453 0.0788 -0.6604 -0.0459 0.6641 -0.231 -0.701 -0.1194 0.6998 0.1172 -0.695 0.1165 0.9421 0.0978 0.3157 -0.0574 0.6743 0.2393 -0.6835 0.1447 0.7445 -0.3879 -0.5368 -0.0841 0.9187 1.0E-4 0.3781 -0.1143
0.8099 -0.3539 -0.3636 -0.2942 0.1744 -0.5967 -0.7321 0.2786 0.7054 -0.2463 -0.6482 -0.1465 0.7453 0.0788 -0.6604 -0.0459 0.6641 -0.231 -0.701 -0.1194 0.6998 0.1172 -0.695 0.1165 0.9421 0.0978 0.3157 -0.0574 0.6743 0.2393 -0.6835 0.1447 0.7445 -0.3879 -0.5368 -0.0841 0.9187 1.0E-4 0.3781 -0.1143
0.8099 -0.3539 -0.3636 -0.2942 0.1744 -0.5967 -0.7321 0.2786 0.7054 -0.2463 -0.6482 -0.1465 0.7453 0.0788 -0.6604 -0.0459 0.6641 -0.231 -0.701 -0.1194 0.6998 0.1172 -0.695 0.1165 0.9421 0.0978 0.3157 -0.0574 0.6743 0.2393 -0.6835 0.1447 0.7445 -0.3879 -0.5368 -0.0841 0.9187 1.0E-4 0.3781 -0.1143
0.798 -0.3493 -0.3982 -0.2876 0.1744 -0.5967 -0.7321 0.2786 0.7054 -0.2463 -0.6482 -0.1465 0.7453 0.0788 -0.6604 -0.0459 0.6641 -0.231 -0.701 -0.1194 0.6998 0.1172 -0.695 0.1165 0.9418 0.0966 0.3135 -0.0739 0.6743 0.2393 -0.6835 0.1447 0.7445 -0.3879 -0.5368 -0.0841 0.9187 1.0E-4 0.3781 -0.1143
0.798 -0.3493 -0.3982 -0.2876 0.1744 -0.5967 -0.7321 0.2786 0.7054 -0.2463 -0.6482 -0.1465 0.7453 0.0788 -0.6604 -0.0459 0.6641 -0.231 -0.701 -0.1194 0.7004 0.1507 -0.6871 0.1213 0.9418 0.0966 0.3135 -0.0739 0.6743 0.2393 -0.6835 0.1447 0.7445 -0.3879 -0.5368 -0.0841 0.9187 1.0E-4 0.3781 -0.1143
0.798 -0.3493 -0.3982 -0.2876 0.1744 -0.5967 -0.7321 0.2786 0.7054 -0.2463 -0.6482 -0.1465 0.7453 0.0788 -0.6604 -0.0459 0.6641 -0.231 -0.701 -0.1194 0.7004 0.1507 -0.6871 0.1213 0.9418 0.0966 0.3135 -0.0739 0.6743 0.2393 -0.6835 0.1447 0.7445 -0.3879 -0.5368 -0.0841 0.9187 1.0E-4 0.3781 -0.1143
0.798 -0.3493 -0.3982 -0.2876 0.1542 -0.5888 -0.7461 0.27 0.7054 -0.2463 -0.6482 -0.1465 0.7453 0.0788 -0.6604 -0.0459 0.6641 -0.231 -0.701 -0.1194 0.7004 0.1507 -0.6871 0.1213 0.9418 0.0966 0.3135 -0.0739 0.6743 0.2393 -0.6835 0.1447 0.7445 -0.3879 -0.5368 -0.0841 0.9187 1.0E-4 0.3781 -0.1143
0.798 -0.3493 -0.3982 -0.2876 0.1542 -0.5888 -0.7461 0.27 0.7197 -0.2433 -0.6368 -0.1318 0.7453 0.0788 -0.6604 -0.0459 0.6641 -0.231 -0.701 -0.1194 0.7004 0.1507 -0.6871 0.1213 0.9418 0.0966 0.3135 -0.0739 0.6743 0.2393 -0.6835 0.1447 0.7445 -0.3879 -0.5368 -0.0841 0.9187 1.0E-4 0.3781 -0.1143
0.798 -0.3493 -0.3982 -0.2876 0.1542 -0.5888 -0.7461 0.27 0.7197 -0.2433 -0.6368 -0.1318 0.7453 0.0788 -0.6604 -0.0459 0.6641 -0.231 -0.701 -0.1194 0.7004 0.1507 -0.6871 0.1213 0.9418 0.0966 0.3135 -0.0739 0.6743 0.2393 -0.6835 0.1447 0.7445 -0.3879 -0.5368 -0.0841 0.9187 1.0E-4 0.3781 -0.1143
0.7958 -0.3294 -0.4271 -0.2752 0.1542 -0.5888 -0.7461 0.27 0.7197 -0.2433 -0.6368 -0.1318 0.7453 0.0788 -0.6604 -0.0459 0.6641 -0.231 -0.701 -0.1194 0.7004 0.1507 -0.6871 0.1213 0.9418 0.0966 0.3135 -0.0739 0.775 0.2191 -0.5911 0.0458 0.7391 -0.359 -0.5559 -0.1254 0.9187 1.0E-4 0.3781 -0.1143
0.7958 -0.3294 -0.4271 -0.2752 0.1542 -0.5888 -0.7461 0.27 0.7197 -0.2433 -0.6368 -0.1318 0.7725 0.0977 -0.6261 -0.0408 0.6641 -0.231 -0.701 -0.1194 0.7004 0.1507 -0.6871 0.1213 0.9418 0.0966 0.3135 -0.0739 0.775 0.2191 -0.5911 0.0458 0.7391 -0.359 -0.5559 -0.1254 0.9187 1.0E-4 0.3781 -0.1143
0.7958 -0.3294 -0.4271 -0.2752 0.1542 -0.5888 -0.7461 0.27 0.7197 -0.2433 -0.6368 -0.1318 0.7725 0.0977 -0.6261 -0.0408 0.6641 -0.231 -0.701 -0.1194 0.7004 0.1507 -0.6871 0.1213 0.9418 0.0966 0.3135 -0.0739 0.775 0.2191 -0.5911 0.0458 0.7391 -0.359 -0.5559 -0.1254 0.9187 1.0E-4 0.3781 -0.1143
0.7958 -0.3294 -0.4271 -0.2752 0.1542 -0.5888 -0.7461 0.27 0.7197 -0.2433 -0.6368 -0.1318 0.7725 0.0977 -0.6261 -0.0408 0.6641 -0.231 -0.701 -0.1194 0.708 0.166 -0.6772 0.1125 0.9418 0.0966 0.3135 -0.0739 0.775 0.2191 -0.5911 0.0458 0.7391 -0.359 -0.5559 -0.1254 0.9187 1.0E-4 0.3781 -0.1143
0.7958 -0.3294 -0.4271 -0.2752 0.139 -0.5775 -0.7613 0.2602 0.7197 -0.2433 -0.6368 -0.1318 0.7725 0.0977 -0.6261 -0.0408 0.6641 -0.231 -0.701 -0.1194 0.708 0.166 -0.6772 0.1125 0.9418 0.0966 0.3135 -0.0739 0.775 0.2191 -0.5911 0.0458 0.7391 -0.359 -0.5559 -0.1254 0.9187 1.0E-4 0.3781 -0.1143
0.7958 -0.3294 -0.4271 -0.2752 0.139 -0.5775 -0.7613 0.2602 0.7197 -0.2433 -0.6368 -0.1318 0.7725 0.0977 -0.6261 -0.0408 0.6387 -0.1707 -0.7317 -0.1662 0.708 0.166 -0.6772 0.1125 0.9418 0.0966 0.3135 -0.0739 0.775 0.2191 -0.5911 0.0458 0.7391 -0.359 -0.5559 -0.1254 0.9187 1.0E-4 0.3781 -0.1143
0.7958 -0.3294 -0.4271 -0.2752 0.139 -0.5775 -0.7613 0.2602 0.7197 -0.2433 -0.6368 -0.1318 0.7725 0.0977 -0.6261 -0.0408 0.6387 -0.1707 -0.7317 -0.1662 0.708 0.166 -0.6772 0.1125 0.9418 0.0966 0.3135 -0.0739 0.775 0.2191 -0.5911 0.0458 0.7391 -0.359 -0.5559 -0.1254 0.9187 1.0E-4 0.3781 -0.1143
0.7958 -0.3294 -0.4271 -0.2752 0.139 -0.5775 -0.7613 0.2602 0.7197 -0.2433 -0.6368 -0.1318 0.7725 0.0977 -0.6261 -0.0408 0.6387 -0.1707 -0.7317 -0.1662 0.708 0.166 -0.6772 0.1125 0.9418 0.0966 0.3135 -0.0739 0.775 0.2191 -0.5911 0.0458 0.7391 -0.359 -0.5559 -0.1254 0.9187 1.0E-4 0.3781 -0.1143
0.7976 -0.3162 -0.4398 -0.2656 0.139 -0.5775 -0.7613 0.2602 0.7197 -0.2433 -0.6368 -0.1318 0.7816 0.098 -0.6153 -0.0311 0.6387 -0.1707 -0.7317 -0.1662 0.708 0.166 -0.6772 0.1125 0.9438 0.0961 0.3065 -0.0785 0.775 0.2191 -0.5911 0.0458 0.7226 -0.2366 -0.5844 -0.2834 0.9187 1.0E-4 0.3781 -0.1143
0.7976 -0.3162 -0.4398 -0.2656 0.139 -0.5775 -0.7613 0.2602 0.7197 -0.2433 -0.6368 -0.1318 0.7816 0.098 -0.6153 -0.0311 0.6387 -0.1707 -0.7317 -0.1662 0.708 0.166 -0.6772 0.1125 0.9438 0.0961 0.3065 -0.0785 0.775 0.2191 -0.5911 0.0458 0.7226 -0.2366 -0.5844 -0.2834 0.9187 1.0E-4 0.3781 -0.1143
0.7976 -0.3162 -0.4398 -0.2656 0.139 -0.5775 -0.7613 0.2602 0.7197 -0.2433 -0.6368 -0.1318 0.7816 0.098 -0.6153 -0.0311 0.6387 -0.1707 -0.7317 -0.1662 0.7219 0.1638 -0.6663 0.0902 0.9438 0.0961 0.3065 -0.0785 0.775 0.2191 -0.5911 0.0458 0.7226 -0.2366 -0.5844 -0.2834 0.9187 1.0E-4 0.3781 -0.1143
0.7976 -0.3162 -0.4398 -0.2656 0.1384 -0.5731 -0.7656 0.2576 0.7197 -0.2433 -0.6368 -0.1318 0.7816 0.098 -0.6153 -0.0311 0.6387 -0.1707 -0.7317 -0.1662 0.7219 0.1638 -0.6663 0.0902 0.9438 0.0961 0.3065 -0.0785 0.775 0.2191 -0.5911 0.0458 0.7226 -0.2366 -0.5844 -0.2834 0.9187 1.0E-4 0.3781 -0.1143
0.7976 -0.3162 -0.4398 -0.2656 0.1384 -0.5731 -0.7656 0.2576 0.7197 -0.2433 -0.6368 -0.1318 0.7816 0.098 -0.6153 -0.0311 0.6387 -0.1707 -0.7317 -0.1662 0.7219 0.1638 -0.6663 0.0902 0.9438 0.0961 0.3065 -0.0785 0.775 0.2191 -0.5911 0.0458 0.7226 -0.2366 -0.5844 -0.2834 0.9187 1.0E-4 0.3781 -0.1143
0.7976 -0.3162 -0.4398 -0.2656 0.1384 -0.5731 -0.7656 0.2576 0.7197 -0.2433 -0.6368 -0.1318 0.7816 0.098 -0.6153 -0.0311 0.6387 -0.1707 -0.7317 -0.1662 0.7219 0.1638 -0.6663 0.0902 0.9438 0.0961 0.3065 -0.0785 0.775 0.2191 -0.5911 0.0458 0.7226 -0.2366 -0.5844 -0.2834 0.9187 1.0E-4 0.3781 -0.1143
0.798 -0.314 -0.4413 -0.2643 0.1384 -0.5731 -0.7656 0.2576 0.7197 -0.2433 -0.6368 -0.1318 0.7816 0.098 -0.6153 -0.0311 0.6387 -0.1707 -0.7317 -0.1662 0.7219 0.1638 -0.6663 0.0902 0.9445 0.097 0.3038 -0.0789 0.775 0.2191 -0.5911 0.0458 0.7226 -0.2366 -0.5844 -0.2834 0.9187 1.0E-4 0.3781 -0.1143
0.798 -0.314 -0.4413 -0.2643 0.1384 -0.5731 -0.7656 0.2576 0.7197 -0.2433 -0.6368 -0.1318 0.7816 0.098 -0.6153 -0.0311 0.6387 -0.1707 -0.7317 -0.1662 0.7219 0.1638 -0.6663 0.0902 0.9445 0.097 0.3038 -0.0789 0.775 0.2191 -0.5911 0.0458 0.7226 -0.2366 -0.5844 -0.2834 0.9187 1.0E-4 0.3781 -0.1143
0.798 -0.314 -0.4413 -0.2643 0.1384 -0.5731 -0.7656 0.2576 0.7197 -0.2433 -0.6368 -0.1318 0.7816 0.098 -0.6153 -0.0311 0.6387 -0.1707 -0.7317 -0.1662 0.7415 0.1702 -0.6466 0.0563 0.9445 0.097 0.3038 -0.0789 0.775 0.2191 -0.5911 0.0458 0.7226 -0.2366 -0.5844 -0.2834 0.9187 1.0E-4 0.3781 -0.1143
0.798 -0.314 -0.4413 -0.2643 0.1384 -0.5731 -0.7656 0.2576 0.7197 -0.2433 -0.6368 -0.1318 0.7816 0.098 -0.6153 -0.0311 0.6387 -0.1707 -0.7317 -0.1662 0.7415 0.1702 -0.6466 0.0563 0.9445 0.097 0.3038 -0.0789 0.775 0.2191 -0.5911 0.0458 0.7226 -0.2366 -0.5844 -0.2834 0.9187 1.0E-4 0.3781 -0.1143
0.798 -0.314 -0.4413 -0.2643 0.1541 -0.5746 -0.7584 0.2661 0.7197 -0.2433 -0.6368 -0.1318 0.7816 0.098 -0.6153 -0.0311 0.6387 -0.1707 -0.7317 -0.1662 0.7415 0.1702 -0.6466 0.0563 0.9445 0.097 0.3038 -0.0789 0.775 0.2191 -0.5911 0.0458 0.7226 -0.2366 -0.5844 -0.2834 0.9187 1.0E-4 0.3781 -0.1143
0.798 -0.314 -0.4413 -0.2643 0.1541 -0.5746 -0.7584 0.2661 0.715 -0.2574 -0.6373 -0.1282 0.7816 0.098 -0.6153 -0.0311 0.6387 -0.1707 -0.7317 -0.1662 0.7415 0.1702 -0.6466 0.0563 0.9445 0.097 0.3038 -0.0789 0.775 0.2191 -0.5911 0.0458 0.7226 -0.2366 -0.5844 -0.2834 0.9187 1.0E-4 0.3781 -0.1143
0.798 -0.314 -0.4413 -0.2643 0.1541 -0.5746 -0.7584 0.2661 0.715 -0.2574 -0.6373 -0.1282 0.7816 0.098 -0.6153 -0.0311 0.6387 -0.1707 -0.7317 -0.1662 0.7415 0.1702 -0.6466 0.0563 0.9445 0.097 0.3038 -0.0789 0.775 0.2191 -0.5911 0.0458 0.7226 -0.2366 -0.5844 -0.2834 0.9187 1.0E-4 0.3781 -0.1143
0.798 -0.314 -0.4413 -0.2643 0.1541 -0.5746 -0.7584 0.2661 0.715 -0.2574 -0.6373 -0.1282 0.7816 0.098 -0.6153 -0.0311 0.6387 -0.1707 -0.7317 -0.1662 0.7415 0.1702 -0.6466 0.0563 0.9445 0.097 0.3038 -0.0789 0.775 0.2191 -0.5911 0.0458 0.7226 -0.2366 -0.5844 -0.2834 0.9187 1.0E-4 0.3781 -0.1143
0.798 -0.314 -0.4413 -0.2643 0.1541 -0.5746 -0.7584 0.2661 0.715 -0.2574 -0.6373 -0.1282 0.7681 0.066 -0.6351 -0.047 0.6387 -0.1707 -0.7317 -0.1662 0.7415 0.1702 -0.6466 0.0563 0.9445 0.097 0.3038 -0.0789 0.775 0.2191 -0.5911 0.0458 0.7226 -0.2366 -0.5844 -0.2834 0.9187 1.0E-4 0.3781 -0.1143
0.798 -0.314 -0.4413 -0.2643 0.1541 -0.5746 -0.7584 0.2661 0.715 -0.2574 -0.6373 -0.1282 0.7681 0.066 -0.6351 -0.047 0.6387 -0.1707 -0.7317 -0.1662 0.7415 0.1702 -0.6466 0.0563 0.9445 0.097 0.3038 -0.0789 0.775 0.2191 -0.5911 0.0458 0.7226 -0.2366 -0.5844 -0.2834 0.9187 1.0E-4 0.3781 -0.1143
0.798 -0.314 -0.4413 -0.2643 0.1541 -0.5746 -0.7584 0.2661 0.715 -0.2574 -0.6373 -0.1282 0.7681 0.066 -0.6351 -0.047 0.6387 -0.1707 -0.7317 -0.1662 0.7623 0.203 -0.6145 -0.001 0.9445 0.097 0.3038 -0.0789 0.775 0.2191 -0.5911 0.0458 0.7226 -0.2366 -0.5844 -0.2834 0.9187 1.0E-4 0.3781 -0.1143
0.798 -0.314 -0.4413 -0.2643 0.1946 -0.5782 -0.7468 0.2648 0.715 -0.2574 -0.6373 -0.1282 0.7681 0.066 -0.6351 -0.047 0.6387 -0.1707 -0.7317 -0.1662 0.7623 0.203 -0.6145 -0.001 0.9445 0.097 0.3038 -0.0789 0.775 0.2191 -0.5911 0.0458 0.7226 -0.2366 -0.5844 -0.2834 0.9187 1.0E-4 0.3781 -0.1143
0.798 -0.314 -0.4413 -0.2643 0.1946 -0.5782 -0.7468 0.2648 0.715 -0.2574 -0.6373 -0.1282 0.7681 0.066 -0.6351 -0.047 0.6387 -0.1707 -0.7317 -0.1662 0.7623 0.203 -0.6145 -0.001 0.9445 0.097 0.3038 -0.0789 0.775 0.2191 -0.5911 0.0458 0.7226 -0.2366 -0.5844 -0.2834 0.9187 1.0E-4 0.3781 -0.1143
