rt-uaw rt-uax rt-uay rt-uaz rt-faw rt-fax rt-fay rt-faz rt-thw rt-thx rt-thy rt-thz rt-llw rt-llx rt-lly rt-llz rt-ftw rt-ftx rt-fty rt-ftz lt-uaw lt-uax lt-uay lt-uaz lt-faw lt-fax lt-fay lt-faz lt-thw lt-thx lt-thy lt-thz lt-llw lt-llx lt-lly lt-llz lt-ftw lt-ftx lt-fty lt-ftz 
0.6655 -0.198 -0.6425 -0.3243 0.6597 -0.377 -0.6068 -0.2335 0.6218 -0.4094 -0.524 -0.4137 0.7394 0.0794 -0.6491 -0.16 0.6035 0.2061 -0.7172 0.2811 0.6587 0.3342 -0.5934 0.3199 0.9382 0.0934 0.3333 0.0023 0.689 0.0734 -0.7205 0.0268 0.6641 -0.0491 -0.7451 -0.0378 0.9232 -0.1591 0.3495 -0.0195
0.6655 -0.198 -0.6425 -0.3243 0.6597 -0.377 -0.6068 -0.2335 0.6218 -0.4094 -0.524 -0.4137 0.7394 0.0794 -0.6491 -0.16 0.6035 0.2061 -0.7172 0.2811 0.6587 0.3342 -0.5934 0.3199 0.9382 0.0934 0.3333 0.0023 0.689 0.0734 -0.7205 0.0268 0.6641 -0.0491 -0.7451 -0.0378 0.9232 -0.1591 0.3495 -0.0195
0.6655 -0.198 -0.6425 -0.3243 0.6597 -0.377 -0.6068 -0.2335 0.6218 -0.4094 -0.524 -0.4137 0.7401 0.0775 -0.6525 -0.1431 0.6 0.2236 -0.7138 0.2838 0.6587 0.3342 -0.5934 0.3199 0.9382 0.0934 0.3333 0.0023 0.6829 0.0573 -0.7274 0.035 0.6577 -0.0506 -0.7496 -0.0552 0.9232 -0.1591 0.3495 -0.0195
0.6655 -0.198 -0.6425 -0.3243 0.6611 -0.3822 -0.6006 -0.2368 0.6218 -0.4094 -0.524 -0.4137 0.7401 0.0775 -0.6525 -0.1431 0.6 0.2236 -0.7138 0.2838 0.661 0.3326 -0.5917 0.3198 0.9382 0.0934 0.3333 0.0023 0.6829 0.0573 -0.7274 0.035 0.6577 -0.0506 -0.7496 -0.0552 0.9232 -0.1591 0.3495 -0.0195
0.6655 -0.198 -0.6425 -0.3243 0.6611 -0.3822 -0.6006 -0.2368 0.6218 -0.4094 -0.524 -0.4137 0.7401 0.0775 -0.6525 -0.1431 0.6 0.2236 -0.7138 0.2838 0.661 0.3326 -0.5917 0.3198 0.9382 0.0934 0.3333 0.0023 0.6829 0.0573 -0.7274 0.035 0.6577 -0.0506 -0.7496 -0.0552 0.9232 -0.1591 0.3495 -0.0195
0.6655 -0.198 -0.6425 -0.3243 0.6611 -0.3822 -0.6006 -0.2368 0.6218 -0.4094 -0.524 -0.4137 0.7401 0.0775 -0.6525 -0.1431 0.6 0.2236 -0.7138 0.2838 0.661 0.3326 -0.5917 0.3198 0.9382 0.0926 0.3336 0.0017 0.6829 0.0573 -0.7274 0.035 0.6577 -0.0506 -0.7496 -0.0552 0.9219 -0.1612 0.3515 -0.0208
0.6655 -0.198 -0.6425 -0.3243 0.6611 -0.3822 -0.6006 -0.2368 0.6218 -0.4094 -0.524 -0.4137 0.7401 0.0775 -0.6525 -0.1431 0.6 0.2236 -0.7138 0.2838 0.661 0.3326 -0.5917 0.3198 0.9382 0.0926 0.3336 0.0017 0.6829 0.0573 -0.7274 0.035 0.6577 -0.0506 -0.7496 -0.0552 0.9219 -0.1612 0.3515 -0.0208
0.6721 -0.2086 -0.6386 -0.3114 0.6611 -0.3822 -0.6006 -0.2368 0.6257 -0.397 -0.5303 -0.4118 0.7401 0.0775 -0.6525 -0.1431 0.6093 0.21 -0.7139 0.2739 0.661 0.3326 -0.5917 0.3198 0.9382 0.0926 0.3336 0.0017 0.6829 0.0573 -0.7274 0.035 0.6577 -0.0506 -0.7496 -0.0552 0.9219 -0.1612 0.3515 -0.0208
0.6721 -0.2086 -0.6386 -0.3114 0.6611 -0.3822 -0.6006 -0.2368 0.6257 -0.397 -0.5303 -0.4118 0.7401 0.0775 -0.6525 -0.1431 0.6093 0.21 -0.7139 0.2739 0.661 0.3326 -0.5917 0.3198 0.9382 0.0926 0.3336 0.0017 0.6829 0.0573 -0.7274 0.035 0.6577 -0.0506 -0.7496 -0.0552 0.9219 -0.1612 0.3515 -0.0208
0.6721 -0.2086 -0.6386 -0.3114 0.6611 -0.3822 -0.6006 -0.2368 0.6257 -0.397 -0.5303 -0.4118 0.7401 0.0775 -0.6525 -0.1431 0.6093 0.21 -0.7139 0.2739 0.661 0.3326 -0.5917 0.3198 0.9382 0.0926 0.3336 0.0017 0.6829 0.0573 -0.7274 0.035 0.6577 -0.0506 -0.7496 -0.0552 0.9219 -0.1612 0.3515 -0.0208
0.6721 -0.2086 -0.6386 -0.3114 0.6624 -0.3863 -0.5951 -0.2407 0.6257 -0.397 -0.5303 -0.4118 0.7401 0.0775 -0.6525 -0.1431 0.6093 0.21 -0.7139 0.2739 0.6694 0.33 -0.5861 0.3155 0.9382 0.0926 0.3336 0.0017 0.6829 0.0573 -0.7274 0.035 0.6534 -0.0485 -0.7538 -0.0494 0.9219 -0.1612 0.3515 -0.0208
0.6721 -0.2086 -0.6386 -0.3114 0.6624 -0.3863 -0.5951 -0.2407 0.6257 -0.397 -0.5303 -0.4118 0.7401 0.0775 -0.6525 -0.1431 0.6093 0.21 -0.7139 0.2739 0.6694 0.33 -0.5861 0.3155 0.9382 0.0926 0.3336 0.0017 0.6829 0.0573 -0.7274 0.035 0.6534 -0.0485 -0.7538 -0.0494 0.9219 -0.1612 0.3515 -0.0208
0.6721 -0.2086 -0.6386 -0.3114 0.6624 -0.3863 -0.5951 -0.2407 0.6257 -0.397 -0.5303 -0.4118 0.7401 0.0775 -0.6525 -0.1431 0.6093 0.21 -0.7139 0.2739 0.6694 0.33 -0.5861 0.3155 0.938 0.0916 0.3341 9.0E-4 0.6829 0.0573 -0.7274 0.035 0.6534 -0.0485 -0.7538 -0.0494 0.9214 -0.1619 0.3527 -0.0211
0.6721 -0.2086 -0.6386 -0.3114 0.6624 -0.3863 -0.5951 -0.2407 0.6257 -0.397 -0.5303 -0.4118 0.7401 0.0775 -0.6525 -0.1431 0.6093 0.21 -0.7139 0.2739 0.6694 0.33 -0.5861 0.3155 0.938 0.0916 0.3341 9.0E-4 0.6829 0.0573 -0.7274 0.035 0.6534 -0.0485 -0.7538 -0.0494 0.9214 -0.1619 0.3527 -0.0211
0.6748 -0.21 -0.6354 -0.3112 0.6624 -0.3863 -0.5951 -0.2407 0.6162 -0.4082 -0.5245 -0.4226 0.729 0.0721 -0.6598 -0.1675 0.6093 0.21 -0.7139 0.2739 0.6694 0.33 -0.5861 0.3155 0.938 0.0916 0.3341 9.0E-4 0.6829 0.0573 -0.7274 0.035 0.6534 -0.0485 -0.7538 -0.0494 0.9214 -0.1619 0.3527 -0.0211
0.6748 -0.21 -0.6354 -0.3112 0.6624 -0.3863 -0.5951 -0.2407 0.6162 -0.4082 -0.5245 -0.4226 0.729 0.0721 -0.6598 -0.1675 0.6093 0.21 -0.7139 0.2739 0.6694 0.33 -0.5861 0.3155 0.938 0.0916 0.3341 9.0E-4 0.6829 0.0573 -0.7274 0.035 0.6448 -0.0619 -0.7597 -0.0577 0.9214 -0.1619 0.3527 -0.0211
0.6748 -0.21 -0.6354 -0.3112 0.6624 -0.3863 -0.5951 -0.2407 0.6162 -0.4082 -0.5245 -0.4226 0.729 0.0721 -0.6598 -0.1675 0.6093 0.21 -0.7139 0.2739 0.6757 0.326 -0.5816 0.3145 0.938 0.0916 0.3341 9.0E-4 0.6829 0.0573 -0.7274 0.035 0.6448 -0.0619 -0.7597 -0.0577 0.9214 -0.1619 0.3527 -0.0211
0.6748 -0.21 -0.6354 -0.3112 0.6633 -0.3864 -0.5919 -0.2457 0.6162 -0.4082 -0.5245 -0.4226 0.729 0.0721 -0.6598 -0.1675 0.6093 0.21 -0.7139 0.2739 0.6757 0.326 -0.5816 0.3145 0.938 0.0916 0.3341 9.0E-4 0.6829 0.0573 -0.7274 0.035 0.6448 -0.0619 -0.7597 -0.0577 0.9214 -0.1619 0.3527 -0.0211
0.6748 -0.21 -0.6354 -0.3112 0.6633 -0.3864 -0.5919 -0.2457 0.6162 -0.4082 -0.5245 -0.4226 0.729 0.0721 -0.6598 -0.1675 0.6093 0.21 -0.7139 0.2739 0.6757 0.326 -0.5816 0.3145 0.938 0.0916 0.3341 9.0E-4 0.6829 0.0573 -0.7274 0.035 0.6448 -0.0619 -0.7597 -0.0577 0.9214 -0.1619 0.3527 -0.0211
0.6748 -0.21 -0.6354 -0.3112 0.6633 -0.3864 -0.5919 -0.2457 0.6162 -0.4082 -0.5245 -0.4226 0.729 0.0721 -0.6598 -0.1675 0.6093 0.21 -0.7139 0.2739 0.6757 0.326 -0.5816 0.3145 0.938 0.092 0.3342 9.0E-4 0.6829 0.0573 -0.7274 0.035 0.6448 -0.0619 -0.7597 -0.0577 0.9208 -0.1653 0.3524 -0.0226
0.6748 -0.21 -0.6354 -0.3112 0.6633 -0.3864 -0.5919 -0.2457 0.6162 -0.4082 -0.5245 -0.4226 0.729 0.0721 -0.6598 -0.1675 0.6093 0.21 -0.7139 0.2739 0.6757 0.326 -0.5816 0.3145 0.938 0.092 0.3342 9.0E-4 0.6829 0.0573 -0.7274 0.035 0.6448 -0.0619 -0.7597 -0.0577 0.9208 -0.1653 0.3524 -0.0226
0.6748 -0.21 -0.6354 -0.3112 0.6633 -0.3864 -0.5919 -0.2457 0.6162 -0.4082 -0.5245 -0.4226 0.729 0.0721 -0.6598 -0.1675 0.6093 0.21 -0.7139 0.2739 0.6757 0.326 -0.5816 0.3145 0.938 0.092 0.3342 9.0E-4 0.6829 0.0573 -0.7274 0.035 0.6448 -0.0619 -0.7597 -0.0577 0.9208 -0.1653 0.3524 -0.0226
0.6748 -0.21 -0.6354 -0.3112 0.6633 -0.3864 -0.5919 -0.2457 0.6162 -0.4082 -0.5245 -0.4226 0.729 0.0721 -0.6598 -0.1675 0.6093 0.21 -0.7139 0.2739 0.6757 0.326 -0.5816 0.3145 0.938 0.092 0.3342 9.0E-4 0.6829 0.0573 -0.7274 0.035 0.6448 -0.0619 -0.7597 -0.0577 0.9208 -0.1653 0.3524 -0.0226
0.6748 -0.21 -0.6354 -0.3112 0.6633 -0.3864 -0.5919 -0.2457 0.6162 -0.4082 -0.5245 -0.4226 0.7269 0.0616 -0.6622 -0.1711 0.621 0.2023 -0.7093 0.2652 0.6757 0.326 -0.5816 0.3145 0.938 0.092 0.3342 9.0E-4 0.6688 0.0394 -0.7418 0.0284 0.6339 -0.0743 -0.7674 -0.0616 0.9208 -0.1653 0.3524 -0.0226
0.6748 -0.21 -0.6354 -0.3112 0.6633 -0.3864 -0.5919 -0.2457 0.6162 -0.4082 -0.5245 -0.4226 0.7269 0.0616 -0.6622 -0.1711 0.621 0.2023 -0.7093 0.2652 0.6915 0.3248 -0.5698 0.3028 0.938 0.092 0.3342 9.0E-4 0.6688 0.0394 -0.7418 0.0284 0.6339 -0.0743 -0.7674 -0.0616 0.9208 -0.1653 0.3524 -0.0226
0.6748 -0.21 -0.6354 -0.3112 0.6643 -0.3951 -0.5829 -0.2504 0.6162 -0.4082 -0.5245 -0.4226 0.7269 0.0616 -0.6622 -0.1711 0.621 0.2023 -0.7093 0.2652 0.6915 0.3248 -0.5698 0.3028 0.9319 0.0951 0.35 -0.0015 0.6688 0.0394 -0.7418 0.0284 0.6339 -0.0743 -0.7674 -0.0616 0.9208 -0.1653 0.3524 -0.0226
0.6748 -0.21 -0.6354 -0.3112 0.6643 -0.3951 -0.5829 -0.2504 0.6162 -0.4082 -0.5245 -0.4226 0.7269 0.0616 -0.6622 -0.1711 0.621 0.2023 -0.7093 0.2652 0.6915 0.3248 -0.5698 0.3028 0.9319 0.0951 0.35 -0.0015 0.6688 0.0394 -0.7418 0.0284 0.6339 -0.0743 -0.7674 -0.0616 0.9208 -0.1653 0.3524 -0.0226
0.6748 -0.21 -0.6354 -0.3112 0.6643 -0.3951 -0.5829 -0.2504 0.6162 -0.4082 -0.5245 -0.4226 0.7269 0.0616 -0.6622 -0.1711 0.621 0.2023 -0.7093 0.2652 0.6915 0.3248 -0.5698 0.3028 0.9319 0.0951 0.35 -0.0015 0.6688 0.0394 -0.7418 0.0284 0.6339 -0.0743 -0.7674 -0.0616 0.9186 -0.1739 0.3536 -0.0291
0.6748 -0.21 -0.6354 -0.3112 0.6643 -0.3951 -0.5829 -0.2504 0.6162 -0.4082 -0.5245 -0.4226 0.7269 0.0616 -0.6622 -0.1711 0.621 0.2023 -0.7093 0.2652 0.6915 0.3248 -0.5698 0.3028 0.9319 0.0951 0.35 -0.0015 0.6688 0.0394 -0.7418 0.0284 0.6339 -0.0743 -0.7674 -0.0616 0.9186 -0.1739 0.3536 -0.0291
0.6748 -0.21 -0.6354 -0.3112 0.6643 -0.3951 -0.5829 -0.2504 0.6162 -0.4082 -0.5245 -0.4226 0.7269 0.0616 -0.6622 -0.1711 0.621 0.2023 -0.7093 0.2652 0.6915 0.3248 -0.5698 0.3028 0.9319 0.0951 0.35 -0.0015 0.6688 0.0394 -0.7418 0.0284 0.6339 -0.0743 -0.7674 -0.0616 0.9186 -0.1739 0.3536 -0.0291
0.6727 -0.2266 -0.6206 -0.333 0.6643 -0.3951 -0.5829 -0.2504 0.6022 -0.4175 -0.5261 -0.4316 0.7198 0.0533 -0.6697 -0.1749 0.6119 0.1761 -0.71 0.3008 0.6915 0.3248 -0.5698 0.3028 0.9319 0.0951 0.35 -0.0015 0.6706 0.0352 -0.7404 0.0309 0.6268 -0.075 -0.7737 -0.0538 0.9186 -0.1739 0.3536 -0.0291
0.6727 -0.2266 -0.6206 -0.333 0.6746 -0.3946 -0.5751 -0.2418 0.6022 -0.4175 -0.5261 -0.4316 0.7198 0.0533 -0.6697 -0.1749 0.6119 0.1761 -0.71 0.3008 0.7335 0.332 -0.538 0.2496 0.9319 0.0951 0.35 -0.0015 0.6706 0.0352 -0.7404 0.0309 0.6268 -0.075 -0.7737 -0.0538 0.9186 -0.1739 0.3536 -0.0291
0.6727 -0.2266 -0.6206 -0.333 0.6746 -0.3946 -0.5751 -0.2418 0.6022 -0.4175 -0.5261 -0.4316 0.7198 0.0533 -0.6697 -0.1749 0.6119 0.1761 -0.71 0.3008 0.7335 0.332 -0.538 0.2496 0.9319 0.0951 0.35 -0.0015 0.6706 0.0352 -0.7404 0.0309 0.6268 -0.075 -0.7737 -0.0538 0.9186 -0.1739 0.3536 -0.0291
0.6727 -0.2266 -0.6206 -0.333 0.6746 -0.3946 -0.5751 -0.2418 0.6022 -0.4175 -0.5261 -0.4316 0.7198 0.0533 -0.6697 -0.1749 0.6119 0.1761 -0.71 0.3008 0.7335 0.332 -0.538 0.2496 0.8882 0.1015 0.4473 -0.0259 0.6706 0.0352 -0.7404 0.0309 0.6268 -0.075 -0.7737 -0.0538 0.9186 -0.1739 0.3536 -0.0291
0.6727 -0.2266 -0.6206 -0.333 0.6746 -0.3946 -0.5751 -0.2418 0.6022 -0.4175 -0.5261 -0.4316 0.7198 0.0533 -0.6697 -0.1749 0.6119 0.1761 -0.71 0.3008 0.7335 0.332 -0.538 0.2496 0.8882 0.1015 0.4473 -0.0259 0.6706 0.0352 -0.7404 0.0309 0.6268 -0.075 -0.7737 -0.0538 0.9169 -0.1783 0.3557 -0.0318
0.6727 -0.2266 -0.6206 -0.333 0.6746 -0.3946 -0.5751 -0.2418 0.6022 -0.4175 -0.5261 -0.4316 0.7198 0.0533 -0.6697 -0.1749 0.6119 0.1761 -0.71 0.3008 0.7335 0.332 -0.538 0.2496 0.8882 0.1015 0.4473 -0.0259 0.6706 0.0352 -0.7404 0.0309 0.6268 -0.075 -0.7737 -0.0538 0.9169 -0.1783 0.3557 -0.0318
0.6727 -0.2266 -0.6206 -0.333 0.6746 -0.3946 -0.5751 -0.2418 0.6022 -0.4175 -0.5261 -0.4316 0.7198 0.0533 -0.6697 -0.1749 0.6119 0.1761 -0.71 0.3008 0.7335 0.332 -0.538 0.2496 0.8882 0.1015 0.4473 -0.0259 0.6706 0.0352 -0.7404 0.0309 0.6268 -0.075 -0.7737 -0.0538 0.9169 -0.1783 0.3557 -0.0318
0.6728 -0.2277 -0.6097 -0.3517 0.6746 -0.3946 -0.5751 -0.2418 0.5918 -0.4237 -0.5281 -0.4374 0.7174 0.0435 -0.6735 -0.173 0.5948 0.1196 -0.7103 0.3569 0.7335 0.332 -0.538 0.2496 0.8882 0.1015 0.4473 -0.0259 0.6663 0.0412 -0.7433 0.0424 0.6278 -0.0665 -0.7745 -0.0403 0.9169 -0.1783 0.3557 -0.0318
0.6728 -0.2277 -0.6097 -0.3517 0.6746 -0.3946 -0.5751 -0.2418 0.5918 -0.4237 -0.5281 -0.4374 0.7174 0.0435 -0.6735 -0.173 0.5948 0.1196 -0.7103 0.3569 0.7554 0.3636 -0.5036 0.2086 0.8882 0.1015 0.4473 -0.0259 0.6663 0.0412 -0.7433 0.0424 0.6278 -0.0665 -0.7745 -0.0403 0.9169 -0.1783 0.3557 -0.0318
0.6728 -0.2277 -0.6097 -0.3517 0.6672 -0.4309 -0.5574 -0.2416 0.5918 -0.4237 -0.5281 -0.4374 0.7174 0.0435 -0.6735 -0.173 0.5948 0.1196 -0.7103 0.3569 0.7554 0.3636 -0.5036 0.2086 0.8882 0.1015 0.4473 -0.0259 0.6663 0.0412 -0.7433 0.0424 0.6278 -0.0665 -0.7745 -0.0403 0.9169 -0.1783 0.3557 -0.0318
0.6728 -0.2277 -0.6097 -0.3517 0.6672 -0.4309 -0.5574 -0.2416 0.5918 -0.4237 -0.5281 -0.4374 0.7174 0.0435 -0.6735 -0.173 0.5948 0.1196 -0.7103 0.3569 0.7554 0.3636 -0.5036 0.2086 0.8523 0.0967 0.5098 -0.0665 0.6663 0.0412 -0.7433 0.0424 0.6278 -0.0665 -0.7745 -0.0403 0.9169 -0.1783 0.3557 -0.0318
0.6728 -0.2277 -0.6097 -0.3517 0.6672 -0.4309 -0.5574 -0.2416 0.5918 -0.4237 -0.5281 -0.4374 0.7174 0.0435 -0.6735 -0.173 0.5948 0.1196 -0.7103 0.3569 0.7554 0.3636 -0.5036 0.2086 0.8523 0.0967 0.5098 -0.0665 0.6663 0.0412 -0.7433 0.0424 0.6278 -0.0665 -0.7745 -0.0403 0.9161 -0.1796 0.357 -0.0322
0.6745 -0.2267 -0.5936 -0.3758 0.6672 -0.4309 -0.5574 -0.2416 0.5784 -0.4338 -0.5302 -0.4429 0.7174 0.0435 -0.6735 -0.173 0.5948 0.1196 -0.7103 0.3569 0.7554 0.3636 -0.5036 0.2086 0.8523 0.0967 0.5098 -0.0665 0.6663 0.0412 -0.7433 0.0424 0.6278 -0.0665 -0.7745 -0.0403 0.9161 -0.1796 0.357 -0.0322
0.6745 -0.2267 -0.5936 -0.3758 0.6672 -0.4309 -0.5574 -0.2416 0.5784 -0.4338 -0.5302 -0.4429 0.7174 0.0435 -0.6735 -0.173 0.5948 0.1196 -0.7103 0.3569 0.7554 0.3636 -0.5036 0.2086 0.8523 0.0967 0.5098 -0.0665 0.6663 0.0412 -0.7433 0.0424 0.6278 -0.0665 -0.7745 -0.0403 0.9161 -0.1796 0.357 -0.0322
0.6745 -0.2267 -0.5936 -0.3758 0.6672 -0.4309 -0.5574 -0.2416 0.5784 -0.4338 -0.5302 -0.4429 0.7155 0.0395 -0.6766 -0.1691 0.5948 0.1196 -0.7103 0.3569 0.7549 0.364 -0.5043 0.2082 0.8523 0.0967 0.5098 -0.0665 0.6663 0.0412 -0.7433 0.0424 0.6336 -0.0619 -0.771 -0.0174 0.9161 -0.1796 0.357 -0.0322
0.6745 -0.2267 -0.5936 -0.3758 0.6672 -0.4309 -0.5574 -0.2416 0.5784 -0.4338 -0.5302 -0.4429 0.7155 0.0395 -0.6766 -0.1691 0.5948 0.1196 -0.7103 0.3569 0.7549 0.364 -0.5043 0.2082 0.8523 0.0967 0.5098 -0.0665 0.6663 0.0412 -0.7433 0.0424 0.6336 -0.0619 -0.771 -0.0174 0.9161 -0.1796 0.357 -0.0322
0.6745 -0.2267 -0.5936 -0.3758 0.6602 -0.4581 -0.5472 -0.2344 0.5784 -0.4338 -0.5302 -0.4429 0.7155 0.0395 -0.6766 -0.1691 0.5948 0.1196 -0.7103 0.3569 0.7549 0.364 -0.5043 0.2082 0.8523 0.0967 0.5098 -0.0665 0.6663 0.0412 -0.7433 0.0424 0.6336 -0.0619 -0.771 -0.0174 0.9161 -0.1796 0.357 -0.0322
0.6745 -0.2267 -0.5936 -0.3758 0.6602 -0.4581 -0.5472 -0.2344 0.5784 -0.4338 -0.5302 -0.4429 0.7155 0.0395 -0.6766 -0.1691 0.5948 0.1196 -0.7103 0.3569 0.7549 0.364 -0.5043 0.2082 0.8578 0.088 0.502 -0.0664 0.6663 0.0412 -0.7433 0.0424 0.6336 -0.0619 -0.771 -0.0174 0.9161 -0.1796 0.357 -0.0322
0.6745 -0.2267 -0.5936 -0.3758 0.6602 -0.4581 -0.5472 -0.2344 0.5784 -0.4338 -0.5302 -0.4429 0.7155 0.0395 -0.6766 -0.1691 0.5948 0.1196 -0.7103 0.3569 0.7549 0.364 -0.5043 0.2082 0.8578 0.088 0.502 -0.0664 0.6663 0.0412 -0.7433 0.0424 0.6336 -0.0619 -0.771 -0.0174 0.9153 -0.1824 0.3577 -0.0333
0.6745 -0.2267 -0.5936 -0.3758 0.6602 -0.4581 -0.5472 -0.2344 0.5784 -0.4338 -0.5302 -0.4429 0.7155 0.0395 -0.6766 -0.1691 0.5948 0.1196 -0.7103 0.3569 0.7549 0.364 -0.5043 0.2082 0.8578 0.088 0.502 -0.0664 0.6663 0.0412 -0.7433 0.0424 0.6336 -0.0619 -0.771 -0.0174 0.9153 -0.1824 0.3577 -0.0333
0.6745 -0.2267 -0.5936 -0.3758 0.6602 -0.4581 -0.5472 -0.2344 0.5784 -0.4338 -0.5302 -0.4429 0.7155 0.0395 -0.6766 -0.1691 0.5948 0.1196 -0.7103 0.3569 0.7549 0.364 -0.5043 0.2082 0.8578 0.088 0.502 -0.0664 0.6663 0.0412 -0.7433 0.0424 0.6336 -0.0619 -0.771 -0.0174 0.9153 -0.1824 0.3577 -0.0333
0.6888 -0.2268 -0.5792 -0.3723 0.6602 -0.4581 -0.5472 -0.2344 0.5867 -0.4183 -0.5509 -0.4211 0.7132 0.0564 -0.6847 -0.1392 0.5575 0.0972 -0.6885 0.4535 0.7549 0.364 -0.5043 0.2082 0.8578 0.088 0.502 -0.0664 0.6574 0.0588 -0.7457 0.0908 0.6393 -0.0657 -0.7662 -0.0045 0.9153 -0.1824 0.3577 -0.0333
0.6888 -0.2268 -0.5792 -0.3723 0.6602 -0.4581 -0.5472 -0.2344 0.5867 -0.4183 -0.5509 -0.4211 0.7132 0.0564 -0.6847 -0.1392 0.5575 0.0972 -0.6885 0.4535 0.7192 0.3494 -0.5425 0.2575 0.8578 0.088 0.502 -0.0664 0.6574 0.0588 -0.7457 0.0908 0.6393 -0.0657 -0.7662 -0.0045 0.9153 -0.1824 0.3577 -0.0333
0.6888 -0.2268 -0.5792 -0.3723 0.6787 -0.4408 -0.5431 -0.224 0.5867 -0.4183 -0.5509 -0.4211 0.7132 0.0564 -0.6847 -0.1392 0.5575 0.0972 -0.6885 0.4535 0.7192 0.3494 -0.5425 0.2575 0.8578 0.088 0.502 -0.0664 0.6574 0.0588 -0.7457 0.0908 0.6393 -0.0657 -0.7662 -0.0045 0.9153 -0.1824 0.3577 -0.0333
0.6888 -0.2268 -0.5792 -0.3723 0.6787 -0.4408 -0.5431 -0.224 0.5867 -0.4183 -0.5509 -0.4211 0.7132 0.0564 -0.6847 -0.1392 0.5575 0.0972 -0.6885 0.4535 0.7192 0.3494 -0.5425 0.2575 0.8726 0.0916 0.4785 -0.036 0.6574 0.0588 -0.7457 0.0908 0.6393 -0.0657 -0.7662 -0.0045 0.9153 -0.1824 0.3577 -0.0333
0.6888 -0.2268 -0.5792 -0.3723 0.6787 -0.4408 -0.5431 -0.224 0.5867 -0.4183 -0.5509 -0.4211 0.7132 0.0564 -0.6847 -0.1392 0.5575 0.0972 -0.6885 0.4535 0.7192 0.3494 -0.5425 0.2575 0.8726 0.0916 0.4785 -0.036 0.6574 0.0588 -0.7457 0.0908 0.6393 -0.0657 -0.7662 -0.0045 0.9163 -0.1812 0.3557 -0.0332
0.6888 -0.2268 -0.5792 -0.3723 0.6787 -0.4408 -0.5431 -0.224 0.5867 -0.4183 -0.5509 -0.4211 0.7132 0.0564 -0.6847 -0.1392 0.5575 0.0972 -0.6885 0.4535 0.7192 0.3494 -0.5425 0.2575 0.8726 0.0916 0.4785 -0.036 0.6574 0.0588 -0.7457 0.0908 0.6393 -0.0657 -0.7662 -0.0045 0.9163 -0.1812 0.3557 -0.0332
0.7004 -0.2139 -0.5776 -0.3607 0.6787 -0.4408 -0.5431 -0.224 0.5959 -0.4127 -0.5629 -0.3973 0.7132 0.0564 -0.6847 -0.1392 0.5369 0.0955 -0.6872 0.48 0.7192 0.3494 -0.5425 0.2575 0.8726 0.0916 0.4785 -0.036 0.6503 0.0445 -0.7501 0.1115 0.6393 -0.0657 -0.7662 -0.0045 0.9163 -0.1812 0.3557 -0.0332
0.7004 -0.2139 -0.5776 -0.3607 0.6787 -0.4408 -0.5431 -0.224 0.5959 -0.4127 -0.5629 -0.3973 0.7134 0.0685 -0.688 -0.1143 0.5369 0.0955 -0.6872 0.48 0.7192 0.3494 -0.5425 0.2575 0.8726 0.0916 0.4785 -0.036 0.6503 0.0445 -0.7501 0.1115 0.6421 -0.0806 -0.7623 0.0132 0.9163 -0.1812 0.3557 -0.0332
0.7004 -0.2139 -0.5776 -0.3607 0.6787 -0.4408 -0.5431 -0.224 0.5959 -0.4127 -0.5629 -0.3973 0.7134 0.0685 -0.688 -0.1143 0.5369 0.0955 -0.6872 0.48 0.6681 0.3229 -0.5922 0.3141 0.8726 0.0916 0.4785 -0.036 0.6503 0.0445 -0.7501 0.1115 0.6421 -0.0806 -0.7623 0.0132 0.9163 -0.1812 0.3557 -0.0332
0.7004 -0.2139 -0.5776 -0.3607 0.6782 -0.449 -0.5333 -0.2324 0.5959 -0.4127 -0.5629 -0.3973 0.7134 0.0685 -0.688 -0.1143 0.5369 0.0955 -0.6872 0.48 0.6681 0.3229 -0.5922 0.3141 0.9006 0.1036 0.4221 0.0115 0.6503 0.0445 -0.7501 0.1115 0.6421 -0.0806 -0.7623 0.0132 0.9163 -0.1812 0.3557 -0.0332
0.7004 -0.2139 -0.5776 -0.3607 0.6782 -0.449 -0.5333 -0.2324 0.5959 -0.4127 -0.5629 -0.3973 0.7134 0.0685 -0.688 -0.1143 0.5369 0.0955 -0.6872 0.48 0.6681 0.3229 -0.5922 0.3141 0.9006 0.1036 0.4221 0.0115 0.6503 0.0445 -0.7501 0.1115 0.6421 -0.0806 -0.7623 0.0132 0.9163 -0.1812 0.3557 -0.0332
0.7004 -0.2139 -0.5776 -0.3607 0.6782 -0.449 -0.5333 -0.2324 0.5959 -0.4127 -0.5629 -0.3973 0.7134 0.0685 -0.688 -0.1143 0.5369 0.0955 -0.6872 0.48 0.6681 0.3229 -0.5922 0.3141 0.9006 0.1036 0.4221 0.0115 0.6503 0.0445 -0.7501 0.1115 0.6421 -0.0806 -0.7623 0.0132 0.9179 -0.1749 0.3549 -0.0303
0.696 -0.221 -0.5797 -0.3615 0.6782 -0.449 -0.5333 -0.2324 0.6035 -0.41 -0.5664 -0.3833 0.7134 0.0685 -0.688 -0.1143 0.5369 0.0955 -0.6872 0.48 0.6681 0.3229 -0.5922 0.3141 0.9006 0.1036 0.4221 0.0115 0.6503 0.0445 -0.7501 0.1115 0.6421 -0.0806 -0.7623 0.0132 0.9179 -0.1749 0.3549 -0.0303
0.696 -0.221 -0.5797 -0.3615 0.6782 -0.449 -0.5333 -0.2324 0.6035 -0.41 -0.5664 -0.3833 0.7134 0.0685 -0.688 -0.1143 0.5369 0.0955 -0.6872 0.48 0.6681 0.3229 -0.5922 0.3141 0.9006 0.1036 0.4221 0.0115 0.6503 0.0445 -0.7501 0.1115 0.6421 -0.0806 -0.7623 0.0132 0.9179 -0.1749 0.3549 -0.0303
0.696 -0.221 -0.5797 -0.3615 0.6782 -0.449 -0.5333 -0.2324 0.6035 -0.41 -0.5664 -0.3833 0.721 0.0718 -0.6825 -0.0958 0.5369 0.0955 -0.6872 0.48 0.6681 0.3229 -0.5922 0.3141 0.9006 0.1036 0.4221 0.0115 0.6503 0.0445 -0.7501 0.1115 0.6409 -0.1104 -0.7592 0.0283 0.9179 -0.1749 0.3549 -0.0303
0.696 -0.221 -0.5797 -0.3615 0.6669 -0.4559 -0.5303 -0.2573 0.6035 -0.41 -0.5664 -0.3833 0.721 0.0718 -0.6825 -0.0958 0.5369 0.0955 -0.6872 0.48 0.6219 0.2858 -0.6266 0.3728 0.9006 0.1036 0.4221 0.0115 0.6503 0.0445 -0.7501 0.1115 0.6409 -0.1104 -0.7592 0.0283 0.9179 -0.1749 0.3549 -0.0303
0.696 -0.221 -0.5797 -0.3615 0.6669 -0.4559 -0.5303 -0.2573 0.6035 -0.41 -0.5664 -0.3833 0.721 0.0718 -0.6825 -0.0958 0.5369 0.0955 -0.6872 0.48 0.6219 0.2858 -0.6266 0.3728 0.9006 0.1036 0.4221 0.0115 0.6503 0.0445 -0.7501 0.1115 0.6409 -0.1104 -0.7592 0.0283 0.9179 -0.1749 0.3549 -0.0303
0.696 -0.221 -0.5797 -0.3615 0.6669 -0.4559 -0.5303 -0.2573 0.6035 -0.41 -0.5664 -0.3833 0.721 0.0718 -0.6825 -0.0958 0.5369 0.0955 -0.6872 0.48 0.6219 0.2858 -0.6266 0.3728 0.9292 0.0869 0.3563 0.046 0.6503 0.0445 -0.7501 0.1115 0.6409 -0.1104 -0.7592 0.0283 0.9162 -0.1768 0.3585 -0.0285
0.696 -0.221 -0.5797 -0.3615 0.6669 -0.4559 -0.5303 -0.2573 0.6035 -0.41 -0.5664 -0.3833 0.721 0.0718 -0.6825 -0.0958 0.5369 0.0955 -0.6872 0.48 0.6219 0.2858 -0.6266 0.3728 0.9292 0.0869 0.3563 0.046 0.6503 0.0445 -0.7501 0.1115 0.6409 -0.1104 -0.7592 0.0283 0.9162 -0.1768 0.3585 -0.0285
0.696 -0.221 -0.5797 -0.3615 0.6669 -0.4559 -0.5303 -0.2573 0.6035 -0.41 -0.5664 -0.3833 0.721 0.0718 -0.6825 -0.0958 0.5369 0.0955 -0.6872 0.48 0.6219 0.2858 -0.6266 0.3728 0.9292 0.0869 0.3563 0.046 0.6503 0.0445 -0.7501 0.1115 0.6409 -0.1104 -0.7592 0.0283 0.9162 -0.1768 0.3585 -0.0285
0.6918 -0.228 -0.5924 -0.3443 0.6669 -0.4559 -0.5303 -0.2573 0.6209 -0.3918 -0.5736 -0.3632 0.732 0.0968 -0.6712 -0.0658 0.538 0.166 -0.6898 0.4551 0.6219 0.2858 -0.6266 0.3728 0.9292 0.0869 0.3563 0.046 0.622 0.0261 -0.7603 0.1851 0.6409 -0.1104 -0.7592 0.0283 0.9162 -0.1768 0.3585 -0.0285
0.6918 -0.228 -0.5924 -0.3443 0.6669 -0.4559 -0.5303 -0.2573 0.6209 -0.3918 -0.5736 -0.3632 0.732 0.0968 -0.6712 -0.0658 0.538 0.166 -0.6898 0.4551 0.6219 0.2858 -0.6266 0.3728 0.9292 0.0869 0.3563 0.046 0.622 0.0261 -0.7603 0.1851 0.6512 -0.1215 -0.7428 0.0968 0.9162 -0.1768 0.3585 -0.0285
0.6918 -0.228 -0.5924 -0.3443 0.6669 -0.4559 -0.5303 -0.2573 0.6209 -0.3918 -0.5736 -0.3632 0.732 0.0968 -0.6712 -0.0658 0.538 0.166 -0.6898 0.4551 0.6075 0.3314 -0.5953 0.4084 0.9292 0.0869 0.3563 0.046 0.622 0.0261 -0.7603 0.1851 0.6512 -0.1215 -0.7428 0.0968 0.9162 -0.1768 0.3585 -0.0285
0.6918 -0.228 -0.5924 -0.3443 0.6506 -0.4456 -0.5466 -0.2817 0.6209 -0.3918 -0.5736 -0.3632 0.732 0.0968 -0.6712 -0.0658 0.538 0.166 -0.6898 0.4551 0.6075 0.3314 -0.5953 0.4084 0.9379 0.0755 0.3359 0.043 0.622 0.0261 -0.7603 0.1851 0.6512 -0.1215 -0.7428 0.0968 0.9162 -0.1768 0.3585 -0.0285
0.6918 -0.228 -0.5924 -0.3443 0.6506 -0.4456 -0.5466 -0.2817 0.6209 -0.3918 -0.5736 -0.3632 0.732 0.0968 -0.6712 -0.0658 0.538 0.166 -0.6898 0.4551 0.6075 0.3314 -0.5953 0.4084 0.9379 0.0755 0.3359 0.043 0.622 0.0261 -0.7603 0.1851 0.6512 -0.1215 -0.7428 0.0968 0.9162 -0.1768 0.3585 -0.0285
0.6918 -0.228 -0.5924 -0.3443 0.6506 -0.4456 -0.5466 -0.2817 0.6209 -0.3918 -0.5736 -0.3632 0.732 0.0968 -0.6712 -0.0658 0.538 0.166 -0.6898 0.4551 0.6075 0.3314 -0.5953 0.4084 0.9379 0.0755 0.3359 0.043 0.622 0.0261 -0.7603 0.1851 0.6512 -0.1215 -0.7428 0.0968 0.8823 -0.1844 0.4329 0.0139
0.6866 -0.2231 -0.6123 -0.3222 0.6506 -0.4456 -0.5466 -0.2817 0.6418 -0.3648 -0.5858 -0.3344 0.732 0.0968 -0.6712 -0.0658 0.538 0.166 -0.6898 0.4551 0.6075 0.3314 -0.5953 0.4084 0.9379 0.0755 0.3359 0.043 0.622 0.0261 -0.7603 0.1851 0.6512 -0.1215 -0.7428 0.0968 0.8823 -0.1844 0.4329 0.0139
0.6866 -0.2231 -0.6123 -0.3222 0.6506 -0.4456 -0.5466 -0.2817 0.6418 -0.3648 -0.5858 -0.3344 0.732 0.0968 -0.6712 -0.0658 0.538 0.166 -0.6898 0.4551 0.6075 0.3314 -0.5953 0.4084 0.9379 0.0755 0.3359 0.043 0.622 0.0261 -0.7603 0.1851 0.6512 -0.1215 -0.7428 0.0968 0.8823 -0.1844 0.4329 0.0139
0.6866 -0.2231 -0.6123 -0.3222 0.6506 -0.4456 -0.5466 -0.2817 0.6418 -0.3648 -0.5858 -0.3344 0.7291 0.1433 -0.6671 -0.0546 0.538 0.166 -0.6898 0.4551 0.6175 0.3669 -0.5778 0.3876 0.9379 0.0755 0.3359 0.043 0.622 0.0261 -0.7603 0.1851 0.6411 -0.1763 -0.723 0.1877 0.8823 -0.1844 0.4329 0.0139
0.6866 -0.2231 -0.6123 -0.3222 0.6506 -0.4456 -0.5466 -0.2817 0.6418 -0.3648 -0.5858 -0.3344 0.7291 0.1433 -0.6671 -0.0546 0.538 0.166 -0.6898 0.4551 0.6175 0.3669 -0.5778 0.3876 0.9379 0.0755 0.3359 0.043 0.622 0.0261 -0.7603 0.1851 0.6411 -0.1763 -0.723 0.1877 0.8823 -0.1844 0.4329 0.0139
0.6866 -0.2231 -0.6123 -0.3222 0.6322 -0.4678 -0.561 -0.2586 0.6418 -0.3648 -0.5858 -0.3344 0.7291 0.1433 -0.6671 -0.0546 0.538 0.166 -0.6898 0.4551 0.6175 0.3669 -0.5778 0.3876 0.9379 0.0755 0.3359 0.043 0.622 0.0261 -0.7603 0.1851 0.6411 -0.1763 -0.723 0.1877 0.8823 -0.1844 0.4329 0.0139
0.6866 -0.2231 -0.6123 -0.3222 0.6322 -0.4678 -0.561 -0.2586 0.6418 -0.3648 -0.5858 -0.3344 0.7291 0.1433 -0.6671 -0.0546 0.538 0.166 -0.6898 0.4551 0.6175 0.3669 -0.5778 0.3876 0.9368 0.0822 0.3364 0.0504 0.622 0.0261 -0.7603 0.1851 0.6411 -0.1763 -0.723 0.1877 0.8823 -0.1844 0.4329 0.0139
0.6866 -0.2231 -0.6123 -0.3222 0.6322 -0.4678 -0.561 -0.2586 0.6418 -0.3648 -0.5858 -0.3344 0.7291 0.1433 -0.6671 -0.0546 0.538 0.166 -0.6898 0.4551 0.6175 0.3669 -0.5778 0.3876 0.9368 0.0822 0.3364 0.0504 0.622 0.0261 -0.7603 0.1851 0.6411 -0.1763 -0.723 0.1877 0.8616 -0.2101 0.439 0.1441
0.6774 -0.2242 -0.6216 -0.3231 0.6322 -0.4678 -0.561 -0.2586 0.6499 -0.3804 -0.5532 -0.3562 0.7291 0.1433 -0.6671 -0.0546 0.538 0.166 -0.6898 0.4551 0.6175 0.3669 -0.5778 0.3876 0.9368 0.0822 0.3364 0.0504 0.622 0.0261 -0.7603 0.1851 0.6411 -0.1763 -0.723 0.1877 0.8616 -0.2101 0.439 0.1441
0.6774 -0.2242 -0.6216 -0.3231 0.6322 -0.4678 -0.561 -0.2586 0.6499 -0.3804 -0.5532 -0.3562 0.7256 0.1478 -0.6577 -0.1383 0.5385 0.2396 -0.6968 0.4088 0.6175 0.3669 -0.5778 0.3876 0.9368 0.0822 0.3364 0.0504 0.622 0.0261 -0.7603 0.1851 0.6524 -0.0374 -0.7173 0.2415 0.8616 -0.2101 0.439 0.1441
0.6774 -0.2242 -0.6216 -0.3231 0.6322 -0.4678 -0.561 -0.2586 0.6499 -0.3804 -0.5532 -0.3562 0.7256 0.1478 -0.6577 -0.1383 0.5385 0.2396 -0.6968 0.4088 0.6202 0.3671 -0.5823 0.3762 0.9368 0.0822 0.3364 0.0504 0.622 0.0261 -0.7603 0.1851 0.6524 -0.0374 -0.7173 0.2415 0.8616 -0.2101 0.439 0.1441
0.6774 -0.2242 -0.6216 -0.3231 0.6426 -0.4453 -0.5814 -0.2253 0.6499 -0.3804 -0.5532 -0.3562 0.7256 0.1478 -0.6577 -0.1383 0.5385 0.2396 -0.6968 0.4088 0.6202 0.3671 -0.5823 0.3762 0.9368 0.0822 0.3364 0.0504 0.622 0.0261 -0.7603 0.1851 0.6524 -0.0374 -0.7173 0.2415 0.8616 -0.2101 0.439 0.1441
0.6774 -0.2242 -0.6216 -0.3231 0.6426 -0.4453 -0.5814 -0.2253 0.6499 -0.3804 -0.5532 -0.3562 0.7256 0.1478 -0.6577 -0.1383 0.5385 0.2396 -0.6968 0.4088 0.6202 0.3671 -0.5823 0.3762 0.9381 0.0788 0.3337 0.0484 0.622 0.0261 -0.7603 0.1851 0.6524 -0.0374 -0.7173 0.2415 0.8616 -0.2101 0.439 0.1441
0.6774 -0.2242 -0.6216 -0.3231 0.6426 -0.4453 -0.5814 -0.2253 0.6499 -0.3804 -0.5532 -0.3562 0.7256 0.1478 -0.6577 -0.1383 0.5385 0.2396 -0.6968 0.4088 0.6202 0.3671 -0.5823 0.3762 0.9381 0.0788 0.3337 0.0484 0.622 0.0261 -0.7603 0.1851 0.6524 -0.0374 -0.7173 0.2415 0.8818 -0.246 0.3491 0.2001
0.6774 -0.2242 -0.6216 -0.3231 0.6426 -0.4453 -0.5814 -0.2253 0.6499 -0.3804 -0.5532 -0.3562 0.7256 0.1478 -0.6577 -0.1383 0.5385 0.2396 -0.6968 0.4088 0.6202 0.3671 -0.5823 0.3762 0.9381 0.0788 0.3337 0.0484 0.622 0.0261 -0.7603 0.1851 0.6524 -0.0374 -0.7173 0.2415 0.8818 -0.246 0.3491 0.2001
0.6774 -0.2242 -0.6216 -0.3231 0.6426 -0.4453 -0.5814 -0.2253 0.6499 -0.3804 -0.5532 -0.3562 0.7256 0.1478 -0.6577 -0.1383 0.5385 0.2396 -0.6968 0.4088 0.6202 0.3671 -0.5823 0.3762 0.9381 0.0788 0.3337 0.0484 0.622 0.0261 -0.7603 0.1851 0.6524 -0.0374 -0.7173 0.2415 0.8818 -0.246 0.3491 0.2001
0.6996 -0.1753 -0.6414 -0.2615 0.6426 -0.4453 -0.5814 -0.2253 0.6646 -0.3704 -0.5406 -0.359 0.7328 0.1868 -0.6422 -0.125 0.5671 0.2435 -0.7025 0.3544 0.6202 0.3671 -0.5823 0.3762 0.9381 0.0788 0.3337 0.0484 0.6832 0.1392 -0.7065 0.121 0.6524 -0.0374 -0.7173 0.2415 0.8818 -0.246 0.3491 0.2001
0.6996 -0.1753 -0.6414 -0.2615 0.6426 -0.4453 -0.5814 -0.2253 0.6646 -0.3704 -0.5406 -0.359 0.7328 0.1868 -0.6422 -0.125 0.5671 0.2435 -0.7025 0.3544 0.6202 0.3671 -0.5823 0.3762 0.9381 0.0788 0.3337 0.0484 0.6832 0.1392 -0.7065 0.121 0.6519 0.0182 -0.7371 0.1776 0.8818 -0.246 0.3491 0.2001
0.6996 -0.1753 -0.6414 -0.2615 0.6426 -0.4453 -0.5814 -0.2253 0.6646 -0.3704 -0.5406 -0.359 0.7328 0.1868 -0.6422 -0.125 0.5671 0.2435 -0.7025 0.3544 0.6157 0.3777 -0.5793 0.3777 0.9381 0.0788 0.3337 0.0484 0.6832 0.1392 -0.7065 0.121 0.6519 0.0182 -0.7371 0.1776 0.8818 -0.246 0.3491 0.2001
0.6996 -0.1753 -0.6414 -0.2615 0.6517 -0.4207 -0.6059 -0.1768 0.6646 -0.3704 -0.5406 -0.359 0.7328 0.1868 -0.6422 -0.125 0.5671 0.2435 -0.7025 0.3544 0.6157 0.3777 -0.5793 0.3777 0.9381 0.0788 0.3337 0.0484 0.6832 0.1392 -0.7065 0.121 0.6519 0.0182 -0.7371 0.1776 0.8818 -0.246 0.3491 0.2001
0.6996 -0.1753 -0.6414 -0.2615 0.6517 -0.4207 -0.6059 -0.1768 0.6646 -0.3704 -0.5406 -0.359 0.7328 0.1868 -0.6422 -0.125 0.5671 0.2435 -0.7025 0.3544 0.6157 0.3777 -0.5793 0.3777 0.9421 0.0722 0.3248 0.0424 0.6832 0.1392 -0.7065 0.121 0.6519 0.0182 -0.7371 0.1776 0.9041 -0.248 0.329 0.1129
0.6996 -0.1753 -0.6414 -0.2615 0.6517 -0.4207 -0.6059 -0.1768 0.6646 -0.3704 -0.5406 -0.359 0.7328 0.1868 -0.6422 -0.125 0.5671 0.2435 -0.7025 0.3544 0.6157 0.3777 -0.5793 0.3777 0.9421 0.0722 0.3248 0.0424 0.6832 0.1392 -0.7065 0.121 0.6519 0.0182 -0.7371 0.1776 0.9041 -0.248 0.329 0.1129
0.7087 -0.1381 -0.6464 -0.2467 0.6517 -0.4207 -0.6059 -0.1768 0.6741 -0.3722 -0.5376 -0.3435 0.7328 0.1868 -0.6422 -0.125 0.5765 0.2607 -0.6978 0.336 0.6157 0.3777 -0.5793 0.3777 0.9421 0.0722 0.3248 0.0424 0.6832 0.1392 -0.7065 0.121 0.6519 0.0182 -0.7371 0.1776 0.9041 -0.248 0.329 0.1129
0.7087 -0.1381 -0.6464 -0.2467 0.6517 -0.4207 -0.6059 -0.1768 0.6741 -0.3722 -0.5376 -0.3435 0.7328 0.1868 -0.6422 -0.125 0.5765 0.2607 -0.6978 0.336 0.6157 0.3777 -0.5793 0.3777 0.9421 0.0722 0.3248 0.0424 0.6832 0.1392 -0.7065 0.121 0.6519 0.0182 -0.7371 0.1776 0.9041 -0.248 0.329 0.1129
0.7087 -0.1381 -0.6464 -0.2467 0.6517 -0.4207 -0.6059 -0.1768 0.6741 -0.3722 -0.5376 -0.3435 0.7427 0.1848 -0.6351 -0.1047 0.5765 0.2607 -0.6978 0.336 0.6175 0.3831 -0.5782 0.371 0.9421 0.0722 0.3248 0.0424 0.6832 0.1392 -0.7065 0.121 0.6691 0.032 -0.7413 0.0428 0.9041 -0.248 0.329 0.1129
0.7087 -0.1381 -0.6464 -0.2467 0.658 -0.4048 -0.6157 -0.1553 0.6741 -0.3722 -0.5376 -0.3435 0.7427 0.1848 -0.6351 -0.1047 0.5765 0.2607 -0.6978 0.336 0.6175 0.3831 -0.5782 0.371 0.9421 0.0722 0.3248 0.0424 0.6832 0.1392 -0.7065 0.121 0.6691 0.032 -0.7413 0.0428 0.9041 -0.248 0.329 0.1129
0.7087 -0.1381 -0.6464 -0.2467 0.658 -0.4048 -0.6157 -0.1553 0.6741 -0.3722 -0.5376 -0.3435 0.7427 0.1848 -0.6351 -0.1047 0.5765 0.2607 -0.6978 0.336 0.6175 0.3831 -0.5782 0.371 0.9421 0.0722 0.3248 0.0424 0.6832 0.1392 -0.7065 0.121 0.6691 0.032 -0.7413 0.0428 0.9041 -0.248 0.329 0.1129
0.7087 -0.1381 -0.6464 -0.2467 0.658 -0.4048 -0.6157 -0.1553 0.6741 -0.3722 -0.5376 -0.3435 0.7427 0.1848 -0.6351 -0.1047 0.5765 0.2607 -0.6978 0.336 0.6175 0.3831 -0.5782 0.371 0.9414 0.0751 0.3261 0.0428 0.6832 0.1392 -0.7065 0.121 0.6691 0.032 -0.7413 0.0428 0.9041 -0.248 0.329 0.1129
0.7087 -0.1381 -0.6464 -0.2467 0.658 -0.4048 -0.6157 -0.1553 0.6741 -0.3722 -0.5376 -0.3435 0.7427 0.1848 -0.6351 -0.1047 0.5765 0.2607 -0.6978 0.336 0.6175 0.3831 -0.5782 0.371 0.9414 0.0751 0.3261 0.0428 0.6832 0.1392 -0.7065 0.121 0.6691 0.032 -0.7413 0.0428 0.935 -0.22 0.278 0.0067
0.7128 -0.1301 -0.6484 -0.2338 0.658 -0.4048 -0.6157 -0.1553 0.6805 -0.3796 -0.5504 -0.2999 0.7427 0.1848 -0.6351 -0.1047 0.5765 0.2607 -0.6978 0.336 0.6175 0.3831 -0.5782 0.371 0.9414 0.0751 0.3261 0.0428 0.6832 0.1392 -0.7065 0.121 0.6691 0.032 -0.7413 0.0428 0.935 -0.22 0.278 0.0067
0.7128 -0.1301 -0.6484 -0.2338 0.658 -0.4048 -0.6157 -0.1553 0.6805 -0.3796 -0.5504 -0.2999 0.7592 0.1566 -0.6301 -0.0459 0.5999 0.2532 -0.7017 0.2892 0.6175 0.3831 -0.5782 0.371 0.9414 0.0751 0.3261 0.0428 0.7347 0.1265 -0.666 -0.0233 0.6802 0.0359 -0.7263 -0.0922 0.935 -0.22 0.278 0.0067
0.7128 -0.1301 -0.6484 -0.2338 0.658 -0.4048 -0.6157 -0.1553 0.6805 -0.3796 -0.5504 -0.2999 0.7592 0.1566 -0.6301 -0.0459 0.5999 0.2532 -0.7017 0.2892 0.6465 0.3785 -0.5684 0.3401 0.9414 0.0751 0.3261 0.0428 0.7347 0.1265 -0.666 -0.0233 0.6802 0.0359 -0.7263 -0.0922 0.935 -0.22 0.278 0.0067
0.7128 -0.1301 -0.6484 -0.2338 0.6548 -0.4111 -0.614 -0.1586 0.6805 -0.3796 -0.5504 -0.2999 0.7592 0.1566 -0.6301 -0.0459 0.5999 0.2532 -0.7017 0.2892 0.6465 0.3785 -0.5684 0.3401 0.9414 0.0751 0.3261 0.0428 0.7347 0.1265 -0.666 -0.0233 0.6802 0.0359 -0.7263 -0.0922 0.935 -0.22 0.278 0.0067
0.7128 -0.1301 -0.6484 -0.2338 0.6548 -0.4111 -0.614 -0.1586 0.6805 -0.3796 -0.5504 -0.2999 0.7592 0.1566 -0.6301 -0.0459 0.5999 0.2532 -0.7017 0.2892 0.6465 0.3785 -0.5684 0.3401 0.9414 0.0751 0.3261 0.0428 0.7347 0.1265 -0.666 -0.0233 0.6802 0.0359 -0.7263 -0.0922 0.935 -0.22 0.278 0.0067
0.7128 -0.1301 -0.6484 -0.2338 0.6548 -0.4111 -0.614 -0.1586 0.6805 -0.3796 -0.5504 -0.2999 0.7592 0.1566 -0.6301 -0.0459 0.5999 0.2532 -0.7017 0.2892 0.6465 0.3785 -0.5684 0.3401 0.9393 0.0817 0.3306 0.043 0.7347 0.1265 -0.666 -0.0233 0.6802 0.0359 -0.7263 -0.0922 0.935 -0.22 0.278 0.0067
0.7128 -0.1301 -0.6484 -0.2338 0.6548 -0.4111 -0.614 -0.1586 0.6799 -0.363 -0.5771 -0.2698 0.7592 0.1566 -0.6301 -0.0459 0.5999 0.2532 -0.7017 0.2892 0.6465 0.3785 -0.5684 0.3401 0.9393 0.0817 0.3306 0.043 0.7347 0.1265 -0.666 -0.0233 0.6802 0.0359 -0.7263 -0.0922 0.9322 -0.2018 0.2993 -0.0271
0.7128 -0.1301 -0.6484 -0.2338 0.6548 -0.4111 -0.614 -0.1586 0.6799 -0.363 -0.5771 -0.2698 0.7592 0.1566 -0.6301 -0.0459 0.5999 0.2532 -0.7017 0.2892 0.6465 0.3785 -0.5684 0.3401 0.9393 0.0817 0.3306 0.043 0.7347 0.1265 -0.666 -0.0233 0.6802 0.0359 -0.7263 -0.0922 0.9322 -0.2018 0.2993 -0.0271
0.7109 -0.1522 -0.6382 -0.2531 0.6548 -0.4111 -0.614 -0.1586 0.6799 -0.363 -0.5771 -0.2698 0.773 0.1418 -0.6163 0.0507 0.6183 0.2378 -0.7083 0.244 0.6465 0.3785 -0.5684 0.3401 0.9393 0.0817 0.3306 0.043 0.7214 0.1027 -0.6842 -0.0302 0.667 0.0099 -0.7421 -0.0659 0.9322 -0.2018 0.2993 -0.0271
0.7109 -0.1522 -0.6382 -0.2531 0.6548 -0.4111 -0.614 -0.1586 0.6799 -0.363 -0.5771 -0.2698 0.773 0.1418 -0.6163 0.0507 0.6183 0.2378 -0.7083 0.244 0.7139 0.3868 -0.5156 0.2737 0.9393 0.0817 0.3306 0.043 0.7214 0.1027 -0.6842 -0.0302 0.667 0.0099 -0.7421 -0.0659 0.9322 -0.2018 0.2993 -0.0271
0.7109 -0.1522 -0.6382 -0.2531 0.6603 -0.4219 -0.6003 -0.1604 0.6799 -0.363 -0.5771 -0.2698 0.773 0.1418 -0.6163 0.0507 0.6183 0.2378 -0.7083 0.244 0.7139 0.3868 -0.5156 0.2737 0.9393 0.0817 0.3306 0.043 0.7214 0.1027 -0.6842 -0.0302 0.667 0.0099 -0.7421 -0.0659 0.9322 -0.2018 0.2993 -0.0271
0.7109 -0.1522 -0.6382 -0.2531 0.6603 -0.4219 -0.6003 -0.1604 0.6799 -0.363 -0.5771 -0.2698 0.773 0.1418 -0.6163 0.0507 0.6183 0.2378 -0.7083 0.244 0.7139 0.3868 -0.5156 0.2737 0.9393 0.0817 0.3306 0.043 0.7214 0.1027 -0.6842 -0.0302 0.667 0.0099 -0.7421 -0.0659 0.9322 -0.2018 0.2993 -0.0271
0.7109 -0.1522 -0.6382 -0.2531 0.6603 -0.4219 -0.6003 -0.1604 0.6799 -0.363 -0.5771 -0.2698 0.773 0.1418 -0.6163 0.0507 0.6183 0.2378 -0.7083 0.244 0.7139 0.3868 -0.5156 0.2737 0.8987 0.085 0.4299 0.0185 0.7214 0.1027 -0.6842 -0.0302 0.667 0.0099 -0.7421 -0.0659 0.9199 -0.1848 0.3448 -0.0289
0.7109 -0.1522 -0.6382 -0.2531 0.6603 -0.4219 -0.6003 -0.1604 0.6761 -0.3542 -0.5869 -0.27 0.773 0.1418 -0.6163 0.0507 0.6183 0.2378 -0.7083 0.244 0.7139 0.3868 -0.5156 0.2737 0.8987 0.085 0.4299 0.0185 0.7214 0.1027 -0.6842 -0.0302 0.667 0.0099 -0.7421 -0.0659 0.9199 -0.1848 0.3448 -0.0289
0.6964 -0.2108 -0.6154 -0.3033 0.6603 -0.4219 -0.6003 -0.1604 0.6761 -0.3542 -0.5869 -0.27 0.773 0.1418 -0.6163 0.0507 0.6183 0.2378 -0.7083 0.244 0.7139 0.3868 -0.5156 0.2737 0.8987 0.085 0.4299 0.0185 0.7214 0.1027 -0.6842 -0.0302 0.667 0.0099 -0.7421 -0.0659 0.9199 -0.1848 0.3448 -0.0289
0.6964 -0.2108 -0.6154 -0.3033 0.6603 -0.4219 -0.6003 -0.1604 0.6761 -0.3542 -0.5869 -0.27 0.7725 0.1287 -0.6199 0.0497 0.6183 0.2378 -0.7083 0.244 0.7139 0.3868 -0.5156 0.2737 0.8987 0.085 0.4299 0.0185 0.7214 0.1027 -0.6842 -0.0302 0.667 0.0099 -0.7421 -0.0659 0.9199 -0.1848 0.3448 -0.0289
0.6964 -0.2108 -0.6154 -0.3033 0.6603 -0.4219 -0.6003 -0.1604 0.6761 -0.3542 -0.5869 -0.27 0.7725 0.1287 -0.6199 0.0497 0.6183 0.2378 -0.7083 0.244 0.7139 0.3868 -0.5156 0.2737 0.8987 0.085 0.4299 0.0185 0.7214 0.1027 -0.6842 -0.0302 0.6471 -0.0483 -0.7579 -0.0669 0.9199 -0.1848 0.3448 -0.0289
0.6964 -0.2108 -0.6154 -0.3033 0.6525 -0.4568 -0.5752 -0.1865 0.6761 -0.3542 -0.5869 -0.27 0.7725 0.1287 -0.6199 0.0497 0.6183 0.2378 -0.7083 0.244 0.7892 0.4191 -0.4179 0.1636 0.8987 0.085 0.4299 0.0185 0.7214 0.1027 -0.6842 -0.0302 0.6471 -0.0483 -0.7579 -0.0669 0.9199 -0.1848 0.3448 -0.0289
0.6964 -0.2108 -0.6154 -0.3033 0.6525 -0.4568 -0.5752 -0.1865 0.6761 -0.3542 -0.5869 -0.27 0.7725 0.1287 -0.6199 0.0497 0.6183 0.2378 -0.7083 0.244 0.7892 0.4191 -0.4179 0.1636 0.8987 0.085 0.4299 0.0185 0.7214 0.1027 -0.6842 -0.0302 0.6471 -0.0483 -0.7579 -0.0669 0.9199 -0.1848 0.3448 -0.0289
0.6964 -0.2108 -0.6154 -0.3033 0.6525 -0.4568 -0.5752 -0.1865 0.6761 -0.3542 -0.5869 -0.27 0.7725 0.1287 -0.6199 0.0497 0.6183 0.2378 -0.7083 0.244 0.7892 0.4191 -0.4179 0.1636 0.7538 0.0336 0.6512 -0.0809 0.7214 0.1027 -0.6842 -0.0302 0.6471 -0.0483 -0.7579 -0.0669 0.9199 -0.1848 0.3448 -0.0289
0.6964 -0.2108 -0.6154 -0.3033 0.6525 -0.4568 -0.5752 -0.1865 0.6761 -0.3542 -0.5869 -0.27 0.7725 0.1287 -0.6199 0.0497 0.6183 0.2378 -0.7083 0.244 0.7892 0.4191 -0.4179 0.1636 0.7538 0.0336 0.6512 -0.0809 0.7214 0.1027 -0.6842 -0.0302 0.6471 -0.0483 -0.7579 -0.0669 0.9199 -0.1848 0.3448 -0.0289
0.6964 -0.2108 -0.6154 -0.3033 0.6525 -0.4568 -0.5752 -0.1865 0.6761 -0.3542 -0.5869 -0.27 0.7725 0.1287 -0.6199 0.0497 0.6183 0.2378 -0.7083 0.244 0.7892 0.4191 -0.4179 0.1636 0.7538 0.0336 0.6512 -0.0809 0.7214 0.1027 -0.6842 -0.0302 0.6471 -0.0483 -0.7579 -0.0669 0.9199 -0.1848 0.3448 -0.0289
0.703 -0.2101 -0.6094 -0.3004 0.6525 -0.4568 -0.5752 -0.1865 0.6496 -0.3889 -0.5596 -0.3372 0.7549 0.1102 -0.6442 -0.055 0.5652 0.0526 -0.7366 0.3679 0.7892 0.4191 -0.4179 0.1636 0.7538 0.0336 0.6512 -0.0809 0.686 0.0482 -0.7255 0.0255 0.6378 -0.056 -0.766 -0.058 0.9191 -0.1823 0.3483 -0.0282
0.703 -0.2101 -0.6094 -0.3004 0.6525 -0.4568 -0.5752 -0.1865 0.6496 -0.3889 -0.5596 -0.3372 0.7549 0.1102 -0.6442 -0.055 0.5652 0.0526 -0.7366 0.3679 0.7988 0.4075 -0.4224 0.1318 0.7538 0.0336 0.6512 -0.0809 0.686 0.0482 -0.7255 0.0255 0.6378 -0.056 -0.766 -0.058 0.9191 -0.1823 0.3483 -0.0282
0.703 -0.2101 -0.6094 -0.3004 0.6456 -0.4907 -0.5441 -0.2155 0.6496 -0.3889 -0.5596 -0.3372 0.7549 0.1102 -0.6442 -0.055 0.5652 0.0526 -0.7366 0.3679 0.7988 0.4075 -0.4224 0.1318 0.7538 0.0336 0.6512 -0.0809 0.686 0.0482 -0.7255 0.0255 0.6378 -0.056 -0.766 -0.058 0.9191 -0.1823 0.3483 -0.0282
0.703 -0.2101 -0.6094 -0.3004 0.6456 -0.4907 -0.5441 -0.2155 0.6496 -0.3889 -0.5596 -0.3372 0.7549 0.1102 -0.6442 -0.055 0.5652 0.0526 -0.7366 0.3679 0.7988 0.4075 -0.4224 0.1318 0.7538 0.0336 0.6512 -0.0809 0.686 0.0482 -0.7255 0.0255 0.6378 -0.056 -0.766 -0.058 0.9191 -0.1823 0.3483 -0.0282
0.703 -0.2101 -0.6094 -0.3004 0.6456 -0.4907 -0.5441 -0.2155 0.6496 -0.3889 -0.5596 -0.3372 0.7549 0.1102 -0.6442 -0.055 0.5652 0.0526 -0.7366 0.3679 0.7988 0.4075 -0.4224 0.1318 0.7538 0.0336 0.6512 -0.0809 0.686 0.0482 -0.7255 0.0255 0.6378 -0.056 -0.766 -0.058 0.9191 -0.1823 0.3483 -0.0282
0.703 -0.2101 -0.6094 -0.3004 0.6456 -0.4907 -0.5441 -0.2155 0.6339 -0.3799 -0.5339 -0.4109 0.7549 0.1102 -0.6442 -0.055 0.5652 0.0526 -0.7366 0.3679 0.7988 0.4075 -0.4224 0.1318 0.7621 0.0561 0.64 -0.0802 0.686 0.0482 -0.7255 0.0255 0.6378 -0.056 -0.766 -0.058 0.9181 -0.1787 0.3528 -0.027
0.703 -0.2101 -0.6094 -0.3004 0.6456 -0.4907 -0.5441 -0.2155 0.6339 -0.3799 -0.5339 -0.4109 0.7549 0.1102 -0.6442 -0.055 0.5652 0.0526 -0.7366 0.3679 0.7988 0.4075 -0.4224 0.1318 0.7621 0.0561 0.64 -0.0802 0.686 0.0482 -0.7255 0.0255 0.6378 -0.056 -0.766 -0.058 0.9181 -0.1787 0.3528 -0.027
0.684 -0.2609 -0.5848 -0.3495 0.6456 -0.4907 -0.5441 -0.2155 0.6339 -0.3799 -0.5339 -0.4109 0.7214 0.1463 -0.6618 -0.1422 0.5347 0.0179 -0.7219 0.439 0.7988 0.4075 -0.4224 0.1318 0.7621 0.0561 0.64 -0.0802 0.6677 0.0247 -0.7418 0.0585 0.6365 -0.0657 -0.7675 -0.0384 0.9181 -0.1787 0.3528 -0.027
0.684 -0.2609 -0.5848 -0.3495 0.6456 -0.4907 -0.5441 -0.2155 0.6339 -0.3799 -0.5339 -0.4109 0.7214 0.1463 -0.6618 -0.1422 0.5347 0.0179 -0.7219 0.439 0.743 0.3622 -0.5226 0.209 0.7621 0.0561 0.64 -0.0802 0.6677 0.0247 -0.7418 0.0585 0.6365 -0.0657 -0.7675 -0.0384 0.9181 -0.1787 0.3528 -0.027
0.684 -0.2609 -0.5848 -0.3495 0.6349 -0.5172 -0.5167 -0.25 0.6339 -0.3799 -0.5339 -0.4109 0.7214 0.1463 -0.6618 -0.1422 0.5347 0.0179 -0.7219 0.439 0.743 0.3622 -0.5226 0.209 0.7621 0.0561 0.64 -0.0802 0.6677 0.0247 -0.7418 0.0585 0.6365 -0.0657 -0.7675 -0.0384 0.9181 -0.1787 0.3528 -0.027
0.684 -0.2609 -0.5848 -0.3495 0.6349 -0.5172 -0.5167 -0.25 0.6339 -0.3799 -0.5339 -0.4109 0.7214 0.1463 -0.6618 -0.1422 0.5347 0.0179 -0.7219 0.439 0.743 0.3622 -0.5226 0.209 0.7621 0.0561 0.64 -0.0802 0.6677 0.0247 -0.7418 0.0585 0.6365 -0.0657 -0.7675 -0.0384 0.9181 -0.1787 0.3528 -0.027
0.684 -0.2609 -0.5848 -0.3495 0.6349 -0.5172 -0.5167 -0.25 0.6339 -0.3799 -0.5339 -0.4109 0.7214 0.1463 -0.6618 -0.1422 0.5347 0.0179 -0.7219 0.439 0.743 0.3622 -0.5226 0.209 0.8465 0.092 0.5229 -0.0389 0.6677 0.0247 -0.7418 0.0585 0.6365 -0.0657 -0.7675 -0.0384 0.9181 -0.1787 0.3528 -0.027
0.684 -0.2609 -0.5848 -0.3495 0.6349 -0.5172 -0.5167 -0.25 0.6324 -0.3281 -0.5477 -0.4387 0.7214 0.1463 -0.6618 -0.1422 0.5347 0.0179 -0.7219 0.439 0.743 0.3622 -0.5226 0.209 0.8465 0.092 0.5229 -0.0389 0.6677 0.0247 -0.7418 0.0585 0.6365 -0.0657 -0.7675 -0.0384 0.9175 -0.1783 0.3544 -0.027
0.684 -0.2609 -0.5848 -0.3495 0.6349 -0.5172 -0.5167 -0.25 0.6324 -0.3281 -0.5477 -0.4387 0.7214 0.1463 -0.6618 -0.1422 0.5347 0.0179 -0.7219 0.439 0.743 0.3622 -0.5226 0.209 0.8465 0.092 0.5229 -0.0389 0.6677 0.0247 -0.7418 0.0585 0.6365 -0.0657 -0.7675 -0.0384 0.9175 -0.1783 0.3544 -0.027
0.6884 -0.2573 -0.5768 -0.3565 0.6349 -0.5172 -0.5167 -0.25 0.6324 -0.3281 -0.5477 -0.4387 0.6766 0.2094 -0.6856 -0.1683 0.5236 0.0178 -0.7183 0.4578 0.743 0.3622 -0.5226 0.209 0.8465 0.092 0.5229 -0.0389 0.652 0.0125 -0.7521 0.0961 0.634 -0.0865 -0.7684 -0.0108 0.9175 -0.1783 0.3544 -0.027
0.6884 -0.2573 -0.5768 -0.3565 0.6349 -0.5172 -0.5167 -0.25 0.6324 -0.3281 -0.5477 -0.4387 0.6766 0.2094 -0.6856 -0.1683 0.5236 0.0178 -0.7183 0.4578 0.6379 0.2822 -0.6192 0.3606 0.8465 0.092 0.5229 -0.0389 0.652 0.0125 -0.7521 0.0961 0.634 -0.0865 -0.7684 -0.0108 0.9175 -0.1783 0.3544 -0.027
0.6884 -0.2573 -0.5768 -0.3565 0.6497 -0.4996 -0.5123 -0.2567 0.6324 -0.3281 -0.5477 -0.4387 0.6766 0.2094 -0.6856 -0.1683 0.5236 0.0178 -0.7183 0.4578 0.6379 0.2822 -0.6192 0.3606 0.8465 0.092 0.5229 -0.0389 0.652 0.0125 -0.7521 0.0961 0.634 -0.0865 -0.7684 -0.0108 0.9175 -0.1783 0.3544 -0.027
0.6884 -0.2573 -0.5768 -0.3565 0.6497 -0.4996 -0.5123 -0.2567 0.6324 -0.3281 -0.5477 -0.4387 0.6766 0.2094 -0.6856 -0.1683 0.5236 0.0178 -0.7183 0.4578 0.6379 0.2822 -0.6192 0.3606 0.9287 0.0711 0.3585 0.0626 0.652 0.0125 -0.7521 0.0961 0.634 -0.0865 -0.7684 -0.0108 0.9175 -0.1783 0.3544 -0.027
0.6884 -0.2573 -0.5768 -0.3565 0.6497 -0.4996 -0.5123 -0.2567 0.6324 -0.3281 -0.5477 -0.4387 0.6766 0.2094 -0.6856 -0.1683 0.5236 0.0178 -0.7183 0.4578 0.6379 0.2822 -0.6192 0.3606 0.9287 0.0711 0.3585 0.0626 0.652 0.0125 -0.7521 0.0961 0.634 -0.0865 -0.7684 -0.0108 0.9183 -0.1755 0.3539 -0.0244
0.6884 -0.2573 -0.5768 -0.3565 0.6497 -0.4996 -0.5123 -0.2567 0.6284 -0.3051 -0.5607 -0.4446 0.6766 0.2094 -0.6856 -0.1683 0.5236 0.0178 -0.7183 0.4578 0.6379 0.2822 -0.6192 0.3606 0.9287 0.0711 0.3585 0.0626 0.652 0.0125 -0.7521 0.0961 0.634 -0.0865 -0.7684 -0.0108 0.9183 -0.1755 0.3539 -0.0244
0.6857 -0.2428 -0.5781 -0.3696 0.6497 -0.4996 -0.5123 -0.2567 0.6284 -0.3051 -0.5607 -0.4446 0.6766 0.2094 -0.6856 -0.1683 0.5236 0.0178 -0.7183 0.4578 0.6379 0.2822 -0.6192 0.3606 0.9287 0.0711 0.3585 0.0626 0.652 0.0125 -0.7521 0.0961 0.634 -0.0865 -0.7684 -0.0108 0.9183 -0.1755 0.3539 -0.0244
0.6857 -0.2428 -0.5781 -0.3696 0.6497 -0.4996 -0.5123 -0.2567 0.6284 -0.3051 -0.5607 -0.4446 0.6766 0.2094 -0.6856 -0.1683 0.5236 0.0178 -0.7183 0.4578 0.6379 0.2822 -0.6192 0.3606 0.9287 0.0711 0.3585 0.0626 0.652 0.0125 -0.7521 0.0961 0.634 -0.0865 -0.7684 -0.0108 0.9183 -0.1755 0.3539 -0.0244
0.6857 -0.2428 -0.5781 -0.3696 0.6497 -0.4996 -0.5123 -0.2567 0.6284 -0.3051 -0.5607 -0.4446 0.6376 0.2292 -0.7068 -0.2034 0.5236 0.0178 -0.7183 0.4578 0.6379 0.2822 -0.6192 0.3606 0.9287 0.0711 0.3585 0.0626 0.652 0.0125 -0.7521 0.0961 0.6384 -0.119 -0.759 0.0463 0.9183 -0.1755 0.3539 -0.0244
0.6857 -0.2428 -0.5781 -0.3696 0.6552 -0.4792 -0.5123 -0.2803 0.6284 -0.3051 -0.5607 -0.4446 0.6376 0.2292 -0.7068 -0.2034 0.5236 0.0178 -0.7183 0.4578 0.5883 0.2564 -0.6382 0.4252 0.9287 0.0711 0.3585 0.0626 0.652 0.0125 -0.7521 0.0961 0.6384 -0.119 -0.759 0.0463 0.9183 -0.1755 0.3539 -0.0244
0.6857 -0.2428 -0.5781 -0.3696 0.6552 -0.4792 -0.5123 -0.2803 0.6284 -0.3051 -0.5607 -0.4446 0.6376 0.2292 -0.7068 -0.2034 0.5236 0.0178 -0.7183 0.4578 0.5883 0.2564 -0.6382 0.4252 0.9287 0.0711 0.3585 0.0626 0.652 0.0125 -0.7521 0.0961 0.6384 -0.119 -0.759 0.0463 0.9183 -0.1755 0.3539 -0.0244
0.6857 -0.2428 -0.5781 -0.3696 0.6552 -0.4792 -0.5123 -0.2803 0.6284 -0.3051 -0.5607 -0.4446 0.6376 0.2292 -0.7068 -0.2034 0.5236 0.0178 -0.7183 0.4578 0.5883 0.2564 -0.6382 0.4252 0.9381 0.062 0.3366 0.0525 0.652 0.0125 -0.7521 0.0961 0.6384 -0.119 -0.759 0.0463 0.9183 -0.1755 0.3539 -0.0244
0.6857 -0.2428 -0.5781 -0.3696 0.6552 -0.4792 -0.5123 -0.2803 0.6266 -0.3352 -0.5568 -0.4302 0.6376 0.2292 -0.7068 -0.2034 0.5236 0.0178 -0.7183 0.4578 0.5883 0.2564 -0.6382 0.4252 0.9381 0.062 0.3366 0.0525 0.652 0.0125 -0.7521 0.0961 0.6384 -0.119 -0.759 0.0463 0.9102 -0.1738 0.3759 -0.0071
0.6857 -0.2428 -0.5781 -0.3696 0.6552 -0.4792 -0.5123 -0.2803 0.6266 -0.3352 -0.5568 -0.4302 0.6376 0.2292 -0.7068 -0.2034 0.5236 0.0178 -0.7183 0.4578 0.5883 0.2564 -0.6382 0.4252 0.9381 0.062 0.3366 0.0525 0.652 0.0125 -0.7521 0.0961 0.6384 -0.119 -0.759 0.0463 0.9102 -0.1738 0.3759 -0.0071
0.682 -0.2455 -0.586 -0.3622 0.6552 -0.4792 -0.5123 -0.2803 0.6266 -0.3352 -0.5568 -0.4302 0.638 0.2 -0.7069 -0.2308 0.5231 0.1127 -0.7008 0.4719 0.5883 0.2564 -0.6382 0.4252 0.9381 0.062 0.3366 0.0525 0.6367 0.0423 -0.7569 0.1411 0.6384 -0.119 -0.759 0.0463 0.9102 -0.1738 0.3759 -0.0071
0.682 -0.2455 -0.586 -0.3622 0.6552 -0.4792 -0.5123 -0.2803 0.6266 -0.3352 -0.5568 -0.4302 0.638 0.2 -0.7069 -0.2308 0.5231 0.1127 -0.7008 0.4719 0.6113 0.3281 -0.6016 0.396 0.9381 0.062 0.3366 0.0525 0.6367 0.0423 -0.7569 0.1411 0.6442 -0.1902 -0.7222 0.1653 0.9102 -0.1738 0.3759 -0.0071
0.682 -0.2455 -0.586 -0.3622 0.6481 -0.4785 -0.5204 -0.2829 0.6266 -0.3352 -0.5568 -0.4302 0.638 0.2 -0.7069 -0.2308 0.5231 0.1127 -0.7008 0.4719 0.6113 0.3281 -0.6016 0.396 0.9381 0.062 0.3366 0.0525 0.6367 0.0423 -0.7569 0.1411 0.6442 -0.1902 -0.7222 0.1653 0.9102 -0.1738 0.3759 -0.0071
0.682 -0.2455 -0.586 -0.3622 0.6481 -0.4785 -0.5204 -0.2829 0.6266 -0.3352 -0.5568 -0.4302 0.638 0.2 -0.7069 -0.2308 0.5231 0.1127 -0.7008 0.4719 0.6113 0.3281 -0.6016 0.396 0.9381 0.062 0.3366 0.0525 0.6367 0.0423 -0.7569 0.1411 0.6442 -0.1902 -0.7222 0.1653 0.9102 -0.1738 0.3759 -0.0071
0.682 -0.2455 -0.586 -0.3622 0.6481 -0.4785 -0.5204 -0.2829 0.6266 -0.3352 -0.5568 -0.4302 0.638 0.2 -0.7069 -0.2308 0.5231 0.1127 -0.7008 0.4719 0.6113 0.3281 -0.6016 0.396 0.9371 0.0695 0.3376 0.0561 0.6367 0.0423 -0.7569 0.1411 0.6442 -0.1902 -0.7222 0.1653 0.9102 -0.1738 0.3759 -0.0071
0.682 -0.2455 -0.586 -0.3622 0.6481 -0.4785 -0.5204 -0.2829 0.6291 -0.3572 -0.5323 -0.4395 0.638 0.2 -0.7069 -0.2308 0.5231 0.1127 -0.7008 0.4719 0.6113 0.3281 -0.6016 0.396 0.9371 0.0695 0.3376 0.0561 0.6367 0.0423 -0.7569 0.1411 0.6442 -0.1902 -0.7222 0.1653 0.7743 -0.1443 0.6127 0.0652
0.6735 -0.2393 -0.6032 -0.3541 0.6481 -0.4785 -0.5204 -0.2829 0.6291 -0.3572 -0.5323 -0.4395 0.638 0.2 -0.7069 -0.2308 0.5231 0.1127 -0.7008 0.4719 0.6113 0.3281 -0.6016 0.396 0.9371 0.0695 0.3376 0.0561 0.6367 0.0423 -0.7569 0.1411 0.6442 -0.1902 -0.7222 0.1653 0.7743 -0.1443 0.6127 0.0652
0.6735 -0.2393 -0.6032 -0.3541 0.6481 -0.4785 -0.5204 -0.2829 0.6291 -0.3572 -0.5323 -0.4395 0.6664 0.1763 -0.6806 -0.2483 0.5231 0.1127 -0.7008 0.4719 0.6113 0.3281 -0.6016 0.396 0.9371 0.0695 0.3376 0.0561 0.6367 0.0423 -0.7569 0.1411 0.6442 -0.1902 -0.7222 0.1653 0.7743 -0.1443 0.6127 0.0652
0.6735 -0.2393 -0.6032 -0.3541 0.6481 -0.4785 -0.5204 -0.2829 0.6291 -0.3572 -0.5323 -0.4395 0.6664 0.1763 -0.6806 -0.2483 0.5231 0.1127 -0.7008 0.4719 0.6113 0.3281 -0.6016 0.396 0.9371 0.0695 0.3376 0.0561 0.6367 0.0423 -0.7569 0.1411 0.6067 -0.2847 -0.6876 0.2796 0.7743 -0.1443 0.6127 0.0652
0.6735 -0.2393 -0.6032 -0.3541 0.6481 -0.4785 -0.5204 -0.2829 0.6291 -0.3572 -0.5323 -0.4395 0.6664 0.1763 -0.6806 -0.2483 0.5231 0.1127 -0.7008 0.4719 0.6204 0.3463 -0.5966 0.3732 0.9371 0.0695 0.3376 0.0561 0.6367 0.0423 -0.7569 0.1411 0.6067 -0.2847 -0.6876 0.2796 0.7743 -0.1443 0.6127 0.0652
0.6735 -0.2393 -0.6032 -0.3541 0.6461 -0.4745 -0.5409 -0.2545 0.6291 -0.3572 -0.5323 -0.4395 0.6664 0.1763 -0.6806 -0.2483 0.5231 0.1127 -0.7008 0.4719 0.6204 0.3463 -0.5966 0.3732 0.9371 0.0695 0.3376 0.0561 0.6367 0.0423 -0.7569 0.1411 0.6067 -0.2847 -0.6876 0.2796 0.7743 -0.1443 0.6127 0.0652
0.6735 -0.2393 -0.6032 -0.3541 0.6461 -0.4745 -0.5409 -0.2545 0.6291 -0.3572 -0.5323 -0.4395 0.6664 0.1763 -0.6806 -0.2483 0.5231 0.1127 -0.7008 0.4719 0.6204 0.3463 -0.5966 0.3732 0.9365 0.072 0.3381 0.058 0.6367 0.0423 -0.7569 0.1411 0.6067 -0.2847 -0.6876 0.2796 0.7743 -0.1443 0.6127 0.0652
0.6735 -0.2393 -0.6032 -0.3541 0.6461 -0.4745 -0.5409 -0.2545 0.6605 -0.3393 -0.5369 -0.4005 0.6664 0.1763 -0.6806 -0.2483 0.5231 0.1127 -0.7008 0.4719 0.6204 0.3463 -0.5966 0.3732 0.9365 0.072 0.3381 0.058 0.6367 0.0423 -0.7569 0.1411 0.6067 -0.2847 -0.6876 0.2796 0.708 -0.1362 0.6723 0.1678
0.6735 -0.2393 -0.6032 -0.3541 0.6461 -0.4745 -0.5409 -0.2545 0.6605 -0.3393 -0.5369 -0.4005 0.6664 0.1763 -0.6806 -0.2483 0.5231 0.1127 -0.7008 0.4719 0.6204 0.3463 -0.5966 0.3732 0.9365 0.072 0.3381 0.058 0.6367 0.0423 -0.7569 0.1411 0.6067 -0.2847 -0.6876 0.2796 0.708 -0.1362 0.6723 0.1678
0.6735 -0.2393 -0.6032 -0.3541 0.6461 -0.4745 -0.5409 -0.2545 0.6605 -0.3393 -0.5369 -0.4005 0.6964 0.2111 -0.6605 -0.1847 0.5231 0.1127 -0.7008 0.4719 0.6204 0.3463 -0.5966 0.3732 0.9365 0.072 0.3381 0.058 0.7395 0.1524 -0.6556 0.0099 0.6067 -0.2847 -0.6876 0.2796 0.708 -0.1362 0.6723 0.1678
0.6735 -0.2393 -0.6032 -0.3541 0.6461 -0.4745 -0.5409 -0.2545 0.6605 -0.3393 -0.5369 -0.4005 0.6964 0.2111 -0.6605 -0.1847 0.5231 0.1127 -0.7008 0.4719 0.6241 0.361 -0.593 0.3585 0.9365 0.072 0.3381 0.058 0.7395 0.1524 -0.6556 0.0099 0.6163 -0.215 -0.6966 0.2978 0.708 -0.1362 0.6723 0.1678
0.6735 -0.2393 -0.6032 -0.3541 0.6451 -0.4712 -0.554 -0.2345 0.6605 -0.3393 -0.5369 -0.4005 0.6964 0.2111 -0.6605 -0.1847 0.5231 0.1127 -0.7008 0.4719 0.6241 0.361 -0.593 0.3585 0.9365 0.072 0.3381 0.058 0.7395 0.1524 -0.6556 0.0099 0.6163 -0.215 -0.6966 0.2978 0.708 -0.1362 0.6723 0.1678
0.6735 -0.2393 -0.6032 -0.3541 0.6451 -0.4712 -0.554 -0.2345 0.6605 -0.3393 -0.5369 -0.4005 0.6964 0.2111 -0.6605 -0.1847 0.5231 0.1127 -0.7008 0.4719 0.6241 0.361 -0.593 0.3585 0.9365 0.072 0.3381 0.058 0.7395 0.1524 -0.6556 0.0099 0.6163 -0.215 -0.6966 0.2978 0.708 -0.1362 0.6723 0.1678
0.6735 -0.2393 -0.6032 -0.3541 0.6451 -0.4712 -0.554 -0.2345 0.6605 -0.3393 -0.5369 -0.4005 0.6964 0.2111 -0.6605 -0.1847 0.5231 0.1127 -0.7008 0.4719 0.6241 0.361 -0.593 0.3585 0.9356 0.075 0.3395 0.0606 0.7395 0.1524 -0.6556 0.0099 0.6163 -0.215 -0.6966 0.2978 0.8163 -0.1987 0.5268 0.129
0.6735 -0.2393 -0.6032 -0.3541 0.6451 -0.4712 -0.554 -0.2345 0.6605 -0.3393 -0.5369 -0.4005 0.6964 0.2111 -0.6605 -0.1847 0.5231 0.1127 -0.7008 0.4719 0.6241 0.361 -0.593 0.3585 0.9356 0.075 0.3395 0.0606 0.7395 0.1524 -0.6556 0.0099 0.6163 -0.215 -0.6966 0.2978 0.8163 -0.1987 0.5268 0.129
0.6735 -0.2393 -0.6032 -0.3541 0.6451 -0.4712 -0.554 -0.2345 0.6605 -0.3393 -0.5369 -0.4005 0.6964 0.2111 -0.6605 -0.1847 0.5231 0.1127 -0.7008 0.4719 0.6241 0.361 -0.593 0.3585 0.9356 0.075 0.3395 0.0606 0.7395 0.1524 -0.6556 0.0099 0.6163 -0.215 -0.6966 0.2978 0.8163 -0.1987 0.5268 0.129
0.6857 -0.2275 -0.619 -0.3081 0.6451 -0.4712 -0.554 -0.2345 0.6844 -0.3372 -0.5389 -0.357 0.7324 0.2055 -0.638 -0.12 0.5728 0.1953 -0.7277 0.3228 0.6241 0.361 -0.593 0.3585 0.9356 0.075 0.3395 0.0606 0.7504 0.1562 -0.6418 -0.0229 0.6163 -0.215 -0.6966 0.2978 0.8163 -0.1987 0.5268 0.129
0.6857 -0.2275 -0.619 -0.3081 0.6451 -0.4712 -0.554 -0.2345 0.6844 -0.3372 -0.5389 -0.357 0.7324 0.2055 -0.638 -0.12 0.5728 0.1953 -0.7277 0.3228 0.6334 0.3647 -0.5906 0.3419 0.9356 0.075 0.3395 0.0606 0.7504 0.1562 -0.6418 -0.0229 0.6438 -0.0758 -0.7503 0.1297 0.8163 -0.1987 0.5268 0.129
0.6857 -0.2275 -0.619 -0.3081 0.6326 -0.4848 -0.5593 -0.228 0.6844 -0.3372 -0.5389 -0.357 0.7324 0.2055 -0.638 -0.12 0.5728 0.1953 -0.7277 0.3228 0.6334 0.3647 -0.5906 0.3419 0.9356 0.075 0.3395 0.0606 0.7504 0.1562 -0.6418 -0.0229 0.6438 -0.0758 -0.7503 0.1297 0.8163 -0.1987 0.5268 0.129
0.6857 -0.2275 -0.619 -0.3081 0.6326 -0.4848 -0.5593 -0.228 0.6844 -0.3372 -0.5389 -0.357 0.7324 0.2055 -0.638 -0.12 0.5728 0.1953 -0.7277 0.3228 0.6334 0.3647 -0.5906 0.3419 0.9356 0.0771 0.3389 0.0626 0.7504 0.1562 -0.6418 -0.0229 0.6438 -0.0758 -0.7503 0.1297 0.8163 -0.1987 0.5268 0.129
0.6857 -0.2275 -0.619 -0.3081 0.6326 -0.4848 -0.5593 -0.228 0.6844 -0.3372 -0.5389 -0.357 0.7324 0.2055 -0.638 -0.12 0.5728 0.1953 -0.7277 0.3228 0.6334 0.3647 -0.5906 0.3419 0.9356 0.0771 0.3389 0.0626 0.7504 0.1562 -0.6418 -0.0229 0.6438 -0.0758 -0.7503 0.1297 0.8163 -0.1987 0.5268 0.129
0.6812 -0.2282 -0.6207 -0.314 0.6326 -0.4848 -0.5593 -0.228 0.6924 -0.355 -0.5357 -0.3279 0.7324 0.2055 -0.638 -0.12 0.5728 0.1953 -0.7277 0.3228 0.6334 0.3647 -0.5906 0.3419 0.9356 0.0771 0.3389 0.0626 0.7504 0.1562 -0.6418 -0.0229 0.6438 -0.0758 -0.7503 0.1297 0.9103 -0.2261 0.3391 0.0723
0.6812 -0.2282 -0.6207 -0.314 0.6326 -0.4848 -0.5593 -0.228 0.6924 -0.355 -0.5357 -0.3279 0.7324 0.2055 -0.638 -0.12 0.5728 0.1953 -0.7277 0.3228 0.6334 0.3647 -0.5906 0.3419 0.9356 0.0771 0.3389 0.0626 0.7504 0.1562 -0.6418 -0.0229 0.6438 -0.0758 -0.7503 0.1297 0.9103 -0.2261 0.3391 0.0723
0.6812 -0.2282 -0.6207 -0.314 0.6326 -0.4848 -0.5593 -0.228 0.6924 -0.355 -0.5357 -0.3279 0.7324 0.2055 -0.638 -0.12 0.5728 0.1953 -0.7277 0.3228 0.6334 0.3647 -0.5906 0.3419 0.9356 0.0771 0.3389 0.0626 0.7504 0.1562 -0.6418 -0.0229 0.6438 -0.0758 -0.7503 0.1297 0.9103 -0.2261 0.3391 0.0723
0.6812 -0.2282 -0.6207 -0.314 0.6326 -0.4848 -0.5593 -0.228 0.6924 -0.355 -0.5357 -0.3279 0.7684 0.1669 -0.6146 -0.0627 0.5728 0.1953 -0.7277 0.3228 0.6485 0.3697 -0.5807 0.3249 0.9356 0.0771 0.3389 0.0626 0.7504 0.1562 -0.6418 -0.0229 0.6655 0.0926 -0.7388 -0.052 0.9103 -0.2261 0.3391 0.0723
0.6812 -0.2282 -0.6207 -0.314 0.6293 -0.4839 -0.5634 -0.2292 0.6924 -0.355 -0.5357 -0.3279 0.7684 0.1669 -0.6146 -0.0627 0.5728 0.1953 -0.7277 0.3228 0.6485 0.3697 -0.5807 0.3249 0.9356 0.0771 0.3389 0.0626 0.7504 0.1562 -0.6418 -0.0229 0.6655 0.0926 -0.7388 -0.052 0.9103 -0.2261 0.3391 0.0723
0.6812 -0.2282 -0.6207 -0.314 0.6293 -0.4839 -0.5634 -0.2292 0.6924 -0.355 -0.5357 -0.3279 0.7684 0.1669 -0.6146 -0.0627 0.5728 0.1953 -0.7277 0.3228 0.6485 0.3697 -0.5807 0.3249 0.9362 0.0764 0.3373 0.0622 0.7504 0.1562 -0.6418 -0.0229 0.6655 0.0926 -0.7388 -0.052 0.9103 -0.2261 0.3391 0.0723
0.6812 -0.2282 -0.6207 -0.314 0.6293 -0.4839 -0.5634 -0.2292 0.6924 -0.355 -0.5357 -0.3279 0.7684 0.1669 -0.6146 -0.0627 0.5728 0.1953 -0.7277 0.3228 0.6485 0.3697 -0.5807 0.3249 0.9362 0.0764 0.3373 0.0622 0.7504 0.1562 -0.6418 -0.0229 0.6655 0.0926 -0.7388 -0.052 0.9466 -0.2176 0.2371 -0.0209
0.6812 -0.2282 -0.6207 -0.314 0.6293 -0.4839 -0.5634 -0.2292 0.6867 -0.369 -0.5404 -0.3167 0.7684 0.1669 -0.6146 -0.0627 0.5728 0.1953 -0.7277 0.3228 0.6485 0.3697 -0.5807 0.3249 0.9362 0.0764 0.3373 0.0622 0.7504 0.1562 -0.6418 -0.0229 0.6655 0.0926 -0.7388 -0.052 0.9466 -0.2176 0.2371 -0.0209
0.6812 -0.2282 -0.6207 -0.314 0.6293 -0.4839 -0.5634 -0.2292 0.6867 -0.369 -0.5404 -0.3167 0.7684 0.1669 -0.6146 -0.0627 0.5728 0.1953 -0.7277 0.3228 0.6485 0.3697 -0.5807 0.3249 0.9362 0.0764 0.3373 0.0622 0.7504 0.1562 -0.6418 -0.0229 0.6655 0.0926 -0.7388 -0.052 0.9466 -0.2176 0.2371 -0.0209
0.6783 -0.2271 -0.6193 -0.3237 0.6293 -0.4839 -0.5634 -0.2292 0.6867 -0.369 -0.5404 -0.3167 0.7817 0.1465 -0.6057 -0.0236 0.6097 0.228 -0.7192 0.2429 0.6485 0.3697 -0.5807 0.3249 0.9362 0.0764 0.3373 0.0622 0.7416 0.0896 -0.6616 -0.0659 0.6655 0.0926 -0.7388 -0.052 0.9466 -0.2176 0.2371 -0.0209
0.6783 -0.2271 -0.6193 -0.3237 0.6293 -0.4839 -0.5634 -0.2292 0.6867 -0.369 -0.5404 -0.3167 0.7817 0.1465 -0.6057 -0.0236 0.6097 0.228 -0.7192 0.2429 0.6485 0.3697 -0.5807 0.3249 0.9362 0.0764 0.3373 0.0622 0.7416 0.0896 -0.6616 -0.0659 0.6633 0.0638 -0.7335 -0.1336 0.9466 -0.2176 0.2371 -0.0209
0.6783 -0.2271 -0.6193 -0.3237 0.6293 -0.4839 -0.5634 -0.2292 0.6867 -0.369 -0.5404 -0.3167 0.7817 0.1465 -0.6057 -0.0236 0.6097 0.228 -0.7192 0.2429 0.6636 0.3841 -0.5611 0.3119 0.9362 0.0764 0.3373 0.0622 0.7416 0.0896 -0.6616 -0.0659 0.6633 0.0638 -0.7335 -0.1336 0.9466 -0.2176 0.2371 -0.0209
0.6783 -0.2271 -0.6193 -0.3237 0.6371 -0.4676 -0.5707 -0.2228 0.6867 -0.369 -0.5404 -0.3167 0.7817 0.1465 -0.6057 -0.0236 0.6097 0.228 -0.7192 0.2429 0.6636 0.3841 -0.5611 0.3119 0.9362 0.0764 0.3373 0.0622 0.7416 0.0896 -0.6616 -0.0659 0.6633 0.0638 -0.7335 -0.1336 0.9466 -0.2176 0.2371 -0.0209
0.6783 -0.2271 -0.6193 -0.3237 0.6371 -0.4676 -0.5707 -0.2228 0.6867 -0.369 -0.5404 -0.3167 0.7817 0.1465 -0.6057 -0.0236 0.6097 0.228 -0.7192 0.2429 0.6636 0.3841 -0.5611 0.3119 0.9341 0.0782 0.3429 0.0605 0.7416 0.0896 -0.6616 -0.0659 0.6633 0.0638 -0.7335 -0.1336 0.9466 -0.2176 0.2371 -0.0209
0.6783 -0.2271 -0.6193 -0.3237 0.6371 -0.4676 -0.5707 -0.2228 0.6873 -0.3513 -0.5629 -0.2955 0.7817 0.1465 -0.6057 -0.0236 0.6097 0.228 -0.7192 0.2429 0.6636 0.3841 -0.5611 0.3119 0.9341 0.0782 0.3429 0.0605 0.7416 0.0896 -0.6616 -0.0659 0.6633 0.0638 -0.7335 -0.1336 0.9327 -0.2101 0.293 -0.0115
0.6783 -0.2271 -0.6193 -0.3237 0.6371 -0.4676 -0.5707 -0.2228 0.6873 -0.3513 -0.5629 -0.2955 0.7817 0.1465 -0.6057 -0.0236 0.6097 0.228 -0.7192 0.2429 0.6636 0.3841 -0.5611 0.3119 0.9341 0.0782 0.3429 0.0605 0.7416 0.0896 -0.6616 -0.0659 0.6633 0.0638 -0.7335 -0.1336 0.9327 -0.2101 0.293 -0.0115
0.6879 -0.2042 -0.623 -0.3115 0.6371 -0.4676 -0.5707 -0.2228 0.6873 -0.3513 -0.5629 -0.2955 0.7651 0.1808 -0.618 -4.0E-4 0.6249 0.225 -0.7195 0.2032 0.6636 0.3841 -0.5611 0.3119 0.9341 0.0782 0.3429 0.0605 0.7269 0.1047 -0.6751 -0.0701 0.6633 0.0638 -0.7335 -0.1336 0.9327 -0.2101 0.293 -0.0115
0.6879 -0.2042 -0.623 -0.3115 0.6371 -0.4676 -0.5707 -0.2228 0.6873 -0.3513 -0.5629 -0.2955 0.7651 0.1808 -0.618 -4.0E-4 0.6249 0.225 -0.7195 0.2032 0.6636 0.3841 -0.5611 0.3119 0.9341 0.0782 0.3429 0.0605 0.7269 0.1047 -0.6751 -0.0701 0.6531 0.0284 -0.7531 -0.0734 0.9327 -0.2101 0.293 -0.0115
0.6879 -0.2042 -0.623 -0.3115 0.6371 -0.4676 -0.5707 -0.2228 0.6873 -0.3513 -0.5629 -0.2955 0.7651 0.1808 -0.618 -4.0E-4 0.6249 0.225 -0.7195 0.2032 0.6636 0.3841 -0.5611 0.3119 0.9341 0.0782 0.3429 0.0605 0.7269 0.1047 -0.6751 -0.0701 0.6531 0.0284 -0.7531 -0.0734 0.9327 -0.2101 0.293 -0.0115
0.6879 -0.2042 -0.623 -0.3115 0.6561 -0.4584 -0.5675 -0.1934 0.6873 -0.3513 -0.5629 -0.2955 0.7651 0.1808 -0.618 -4.0E-4 0.6249 0.225 -0.7195 0.2032 0.7234 0.3917 -0.511 0.2493 0.9341 0.0782 0.3429 0.0605 0.7269 0.1047 -0.6751 -0.0701 0.6531 0.0284 -0.7531 -0.0734 0.9327 -0.2101 0.293 -0.0115
0.6879 -0.2042 -0.623 -0.3115 0.6561 -0.4584 -0.5675 -0.1934 0.6873 -0.3513 -0.5629 -0.2955 0.7651 0.1808 -0.618 -4.0E-4 0.6249 0.225 -0.7195 0.2032 0.7234 0.3917 -0.511 0.2493 0.8824 0.0767 0.463 0.0338 0.7269 0.1047 -0.6751 -0.0701 0.6531 0.0284 -0.7531 -0.0734 0.9327 -0.2101 0.293 -0.0115
0.6879 -0.2042 -0.623 -0.3115 0.6561 -0.4584 -0.5675 -0.1934 0.6774 -0.3391 -0.573 -0.3128 0.7651 0.1808 -0.618 -4.0E-4 0.6249 0.225 -0.7195 0.2032 0.7234 0.3917 -0.511 0.2493 0.8824 0.0767 0.463 0.0338 0.7269 0.1047 -0.6751 -0.0701 0.6531 0.0284 -0.7531 -0.0734 0.919 -0.211 0.332 -0.0269
0.6879 -0.2042 -0.623 -0.3115 0.6561 -0.4584 -0.5675 -0.1934 0.6774 -0.3391 -0.573 -0.3128 0.7651 0.1808 -0.618 -4.0E-4 0.6249 0.225 -0.7195 0.2032 0.7234 0.3917 -0.511 0.2493 0.8824 0.0767 0.463 0.0338 0.7269 0.1047 -0.6751 -0.0701 0.6531 0.0284 -0.7531 -0.0734 0.919 -0.211 0.332 -0.0269
0.6891 -0.2343 -0.6016 -0.3291 0.6561 -0.4584 -0.5675 -0.1934 0.6774 -0.3391 -0.573 -0.3128 0.7503 0.1685 -0.6379 -0.0411 0.6047 0.1644 -0.7313 0.2693 0.7234 0.3917 -0.511 0.2493 0.8824 0.0767 0.463 0.0338 0.7134 0.0753 -0.6954 -0.0425 0.6531 0.0284 -0.7531 -0.0734 0.919 -0.211 0.332 -0.0269
0.6891 -0.2343 -0.6016 -0.3291 0.6561 -0.4584 -0.5675 -0.1934 0.6774 -0.3391 -0.573 -0.3128 0.7503 0.1685 -0.6379 -0.0411 0.6047 0.1644 -0.7313 0.2693 0.7234 0.3917 -0.511 0.2493 0.8824 0.0767 0.463 0.0338 0.7134 0.0753 -0.6954 -0.0425 0.6408 -0.0071 -0.7662 -0.0472 0.919 -0.211 0.332 -0.0269
0.6891 -0.2343 -0.6016 -0.3291 0.6494 -0.4962 -0.5428 -0.1936 0.6774 -0.3391 -0.573 -0.3128 0.7503 0.1685 -0.6379 -0.0411 0.6047 0.1644 -0.7313 0.2693 0.7751 0.4662 -0.3969 0.1558 0.8824 0.0767 0.463 0.0338 0.7134 0.0753 -0.6954 -0.0425 0.6408 -0.0071 -0.7662 -0.0472 0.919 -0.211 0.332 -0.0269
0.6891 -0.2343 -0.6016 -0.3291 0.6494 -0.4962 -0.5428 -0.1936 0.6774 -0.3391 -0.573 -0.3128 0.7503 0.1685 -0.6379 -0.0411 0.6047 0.1644 -0.7313 0.2693 0.7751 0.4662 -0.3969 0.1558 0.775 0.0344 0.6296 -0.0426 0.7134 0.0753 -0.6954 -0.0425 0.6408 -0.0071 -0.7662 -0.0472 0.919 -0.211 0.332 -0.0269
0.6891 -0.2343 -0.6016 -0.3291 0.6494 -0.4962 -0.5428 -0.1936 0.6774 -0.3391 -0.573 -0.3128 0.7503 0.1685 -0.6379 -0.0411 0.6047 0.1644 -0.7313 0.2693 0.7751 0.4662 -0.3969 0.1558 0.775 0.0344 0.6296 -0.0426 0.7134 0.0753 -0.6954 -0.0425 0.6408 -0.0071 -0.7662 -0.0472 0.9156 -0.2165 0.337 -0.0333
0.6891 -0.2343 -0.6016 -0.3291 0.6494 -0.4962 -0.5428 -0.1936 0.6774 -0.3391 -0.573 -0.3128 0.7503 0.1685 -0.6379 -0.0411 0.6047 0.1644 -0.7313 0.2693 0.7751 0.4662 -0.3969 0.1558 0.775 0.0344 0.6296 -0.0426 0.7134 0.0753 -0.6954 -0.0425 0.6408 -0.0071 -0.7662 -0.0472 0.9156 -0.2165 0.337 -0.0333
0.6891 -0.2343 -0.6016 -0.3291 0.6494 -0.4962 -0.5428 -0.1936 0.6774 -0.3391 -0.573 -0.3128 0.7503 0.1685 -0.6379 -0.0411 0.6047 0.1644 -0.7313 0.2693 0.7751 0.4662 -0.3969 0.1558 0.775 0.0344 0.6296 -0.0426 0.7134 0.0753 -0.6954 -0.0425 0.6408 -0.0071 -0.7662 -0.0472 0.9156 -0.2165 0.337 -0.0333
0.6937 -0.2423 -0.5807 -0.3506 0.6494 -0.4962 -0.5428 -0.1936 0.6367 -0.3794 -0.5394 -0.3995 0.7503 0.1685 -0.6379 -0.0411 0.5845 0.0771 -0.7336 0.3379 0.7751 0.4662 -0.3969 0.1558 0.775 0.0344 0.6296 -0.0426 0.6918 0.0749 -0.7181 0.0118 0.6408 -0.0071 -0.7662 -0.0472 0.9156 -0.2165 0.337 -0.0333
0.6937 -0.2423 -0.5807 -0.3506 0.6494 -0.4962 -0.5428 -0.1936 0.6367 -0.3794 -0.5394 -0.3995 0.7503 0.1685 -0.6379 -0.0411 0.5845 0.0771 -0.7336 0.3379 0.7751 0.4662 -0.3969 0.1558 0.775 0.0344 0.6296 -0.0426 0.6918 0.0749 -0.7181 0.0118 0.6343 -0.0177 -0.7722 -0.0332 0.9156 -0.2165 0.337 -0.0333
0.6937 -0.2423 -0.5807 -0.3506 0.6494 -0.4962 -0.5428 -0.1936 0.6367 -0.3794 -0.5394 -0.3995 0.7503 0.1685 -0.6379 -0.0411 0.5845 0.0771 -0.7336 0.3379 0.7964 0.396 -0.4348 0.1411 0.775 0.0344 0.6296 -0.0426 0.6918 0.0749 -0.7181 0.0118 0.6343 -0.0177 -0.7722 -0.0332 0.9156 -0.2165 0.337 -0.0333
0.6937 -0.2423 -0.5807 -0.3506 0.6501 -0.51 -0.5171 -0.2234 0.6367 -0.3794 -0.5394 -0.3995 0.7503 0.1685 -0.6379 -0.0411 0.5845 0.0771 -0.7336 0.3379 0.7964 0.396 -0.4348 0.1411 0.775 0.0344 0.6296 -0.0426 0.6918 0.0749 -0.7181 0.0118 0.6343 -0.0177 -0.7722 -0.0332 0.9156 -0.2165 0.337 -0.0333
0.6937 -0.2423 -0.5807 -0.3506 0.6501 -0.51 -0.5171 -0.2234 0.6367 -0.3794 -0.5394 -0.3995 0.7503 0.1685 -0.6379 -0.0411 0.5845 0.0771 -0.7336 0.3379 0.7964 0.396 -0.4348 0.1411 0.8139 0.0499 0.5736 -0.0779 0.6918 0.0749 -0.7181 0.0118 0.6343 -0.0177 -0.7722 -0.0332 0.9156 -0.2165 0.337 -0.0333
0.6937 -0.2423 -0.5807 -0.3506 0.6501 -0.51 -0.5171 -0.2234 0.6072 -0.3745 -0.5242 -0.4651 0.7503 0.1685 -0.6379 -0.0411 0.5845 0.0771 -0.7336 0.3379 0.7964 0.396 -0.4348 0.1411 0.8139 0.0499 0.5736 -0.0779 0.6918 0.0749 -0.7181 0.0118 0.6343 -0.0177 -0.7722 -0.0332 0.9148 -0.211 0.3431 -0.0294
0.6937 -0.2423 -0.5807 -0.3506 0.6501 -0.51 -0.5171 -0.2234 0.6072 -0.3745 -0.5242 -0.4651 0.7503 0.1685 -0.6379 -0.0411 0.5845 0.0771 -0.7336 0.3379 0.7964 0.396 -0.4348 0.1411 0.8139 0.0499 0.5736 -0.0779 0.6918 0.0749 -0.7181 0.0118 0.6343 -0.0177 -0.7722 -0.0332 0.9148 -0.211 0.3431 -0.0294
0.6887 -0.2477 -0.57 -0.3735 0.6501 -0.51 -0.5171 -0.2234 0.6072 -0.3745 -0.5242 -0.4651 0.6846 0.1533 -0.6813 -0.209 0.5845 0.0771 -0.7336 0.3379 0.7964 0.396 -0.4348 0.1411 0.8139 0.0499 0.5736 -0.0779 0.6918 0.0749 -0.7181 0.0118 0.6343 -0.0177 -0.7722 -0.0332 0.9148 -0.211 0.3431 -0.0294
0.6887 -0.2477 -0.57 -0.3735 0.6501 -0.51 -0.5171 -0.2234 0.6072 -0.3745 -0.5242 -0.4651 0.6846 0.1533 -0.6813 -0.209 0.5845 0.0771 -0.7336 0.3379 0.7964 0.396 -0.4348 0.1411 0.8139 0.0499 0.5736 -0.0779 0.6918 0.0749 -0.7181 0.0118 0.6343 -0.0177 -0.7722 -0.0332 0.9148 -0.211 0.3431 -0.0294
0.6887 -0.2477 -0.57 -0.3735 0.6656 -0.488 -0.5057 -0.251 0.6072 -0.3745 -0.5242 -0.4651 0.6846 0.1533 -0.6813 -0.209 0.5845 0.0771 -0.7336 0.3379 0.7338 0.3401 -0.5377 0.2383 0.8139 0.0499 0.5736 -0.0779 0.6918 0.0749 -0.7181 0.0118 0.6312 -0.0348 -0.7744 -0.0262 0.9148 -0.211 0.3431 -0.0294
0.6887 -0.2477 -0.57 -0.3735 0.6656 -0.488 -0.5057 -0.251 0.6072 -0.3745 -0.5242 -0.4651 0.6846 0.1533 -0.6813 -0.209 0.5845 0.0771 -0.7336 0.3379 0.7338 0.3401 -0.5377 0.2383 0.8139 0.0499 0.5736 -0.0779 0.6918 0.0749 -0.7181 0.0118 0.6312 -0.0348 -0.7744 -0.0262 0.9148 -0.211 0.3431 -0.0294
0.6887 -0.2477 -0.57 -0.3735 0.6656 -0.488 -0.5057 -0.251 0.6072 -0.3745 -0.5242 -0.4651 0.6846 0.1533 -0.6813 -0.209 0.5845 0.0771 -0.7336 0.3379 0.7338 0.3401 -0.5377 0.2383 0.8866 0.0881 0.4514 -0.0488 0.6918 0.0749 -0.7181 0.0118 0.6312 -0.0348 -0.7744 -0.0262 0.9148 -0.211 0.3431 -0.0294
0.6887 -0.2477 -0.57 -0.3735 0.6656 -0.488 -0.5057 -0.251 0.6075 -0.3483 -0.5425 -0.4639 0.6846 0.1533 -0.6813 -0.209 0.5845 0.0771 -0.7336 0.3379 0.7338 0.3401 -0.5377 0.2383 0.8866 0.0881 0.4514 -0.0488 0.6918 0.0749 -0.7181 0.0118 0.6312 -0.0348 -0.7744 -0.0262 0.9151 -0.1924 0.354 -0.0169
0.6887 -0.2477 -0.57 -0.3735 0.6656 -0.488 -0.5057 -0.251 0.6075 -0.3483 -0.5425 -0.4639 0.6846 0.1533 -0.6813 -0.209 0.5845 0.0771 -0.7336 0.3379 0.7338 0.3401 -0.5377 0.2383 0.8866 0.0881 0.4514 -0.0488 0.6918 0.0749 -0.7181 0.0118 0.6312 -0.0348 -0.7744 -0.0262 0.9151 -0.1924 0.354 -0.0169
0.6917 -0.2401 -0.564 -0.382 0.6656 -0.488 -0.5057 -0.251 0.6075 -0.3483 -0.5425 -0.4639 0.6512 0.1891 -0.7068 -0.2013 0.5845 0.0771 -0.7336 0.3379 0.7338 0.3401 -0.5377 0.2383 0.8866 0.0881 0.4514 -0.0488 0.6566 0.035 -0.7497 0.0755 0.6312 -0.0348 -0.7744 -0.0262 0.9151 -0.1924 0.354 -0.0169
0.6917 -0.2401 -0.564 -0.382 0.6656 -0.488 -0.5057 -0.251 0.6075 -0.3483 -0.5425 -0.4639 0.6512 0.1891 -0.7068 -0.2013 0.5845 0.0771 -0.7336 0.3379 0.7338 0.3401 -0.5377 0.2383 0.8866 0.0881 0.4514 -0.0488 0.6566 0.035 -0.7497 0.0755 0.6312 -0.0348 -0.7744 -0.0262 0.9151 -0.1924 0.354 -0.0169
0.6917 -0.2401 -0.564 -0.382 0.6682 -0.4838 -0.4934 -0.2756 0.6075 -0.3483 -0.5425 -0.4639 0.6512 0.1891 -0.7068 -0.2013 0.5845 0.0771 -0.7336 0.3379 0.6616 0.2698 -0.6191 0.3258 0.8866 0.0881 0.4514 -0.0488 0.6566 0.035 -0.7497 0.0755 0.6312 -0.061 -0.7732 -0.0041 0.9151 -0.1924 0.354 -0.0169
0.6917 -0.2401 -0.564 -0.382 0.6682 -0.4838 -0.4934 -0.2756 0.6075 -0.3483 -0.5425 -0.4639 0.6512 0.1891 -0.7068 -0.2013 0.5845 0.0771 -0.7336 0.3379 0.6616 0.2698 -0.6191 0.3258 0.8866 0.0881 0.4514 -0.0488 0.6566 0.035 -0.7497 0.0755 0.6312 -0.061 -0.7732 -0.0041 0.9151 -0.1924 0.354 -0.0169
0.6917 -0.2401 -0.564 -0.382 0.6682 -0.4838 -0.4934 -0.2756 0.6075 -0.3483 -0.5425 -0.4639 0.6512 0.1891 -0.7068 -0.2013 0.5845 0.0771 -0.7336 0.3379 0.6616 0.2698 -0.6191 0.3258 0.9077 0.1011 0.4069 0.0165 0.6566 0.035 -0.7497 0.0755 0.6312 -0.061 -0.7732 -0.0041 0.9151 -0.1924 0.354 -0.0169
0.6917 -0.2401 -0.564 -0.382 0.6682 -0.4838 -0.4934 -0.2756 0.597 -0.3406 -0.5589 -0.4639 0.6512 0.1891 -0.7068 -0.2013 0.5845 0.0771 -0.7336 0.3379 0.6616 0.2698 -0.6191 0.3258 0.9077 0.1011 0.4069 0.0165 0.6566 0.035 -0.7497 0.0755 0.6312 -0.061 -0.7732 -0.0041 0.9156 -0.1838 0.3572 -0.0118
0.6795 -0.252 -0.5575 -0.4048 0.6682 -0.4838 -0.4934 -0.2756 0.597 -0.3406 -0.5589 -0.4639 0.6512 0.1891 -0.7068 -0.2013 0.5845 0.0771 -0.7336 0.3379 0.6616 0.2698 -0.6191 0.3258 0.9077 0.1011 0.4069 0.0165 0.6566 0.035 -0.7497 0.0755 0.6312 -0.061 -0.7732 -0.0041 0.9156 -0.1838 0.3572 -0.0118
0.6795 -0.252 -0.5575 -0.4048 0.6682 -0.4838 -0.4934 -0.2756 0.597 -0.3406 -0.5589 -0.4639 0.6434 0.1866 -0.718 -0.1891 0.5845 0.0771 -0.7336 0.3379 0.6616 0.2698 -0.6191 0.3258 0.9077 0.1011 0.4069 0.0165 0.6566 0.035 -0.7497 0.0755 0.6312 -0.061 -0.7732 -0.0041 0.9156 -0.1838 0.3572 -0.0118
0.6795 -0.252 -0.5575 -0.4048 0.6682 -0.4838 -0.4934 -0.2756 0.597 -0.3406 -0.5589 -0.4639 0.6434 0.1866 -0.718 -0.1891 0.5845 0.0771 -0.7336 0.3379 0.59 0.2484 -0.6467 0.4148 0.9077 0.1011 0.4069 0.0165 0.6566 0.035 -0.7497 0.0755 0.634 -0.0891 -0.7675 0.0334 0.9156 -0.1838 0.3572 -0.0118
0.6795 -0.252 -0.5575 -0.4048 0.665 -0.4714 -0.4869 -0.3139 0.597 -0.3406 -0.5589 -0.4639 0.6434 0.1866 -0.718 -0.1891 0.5845 0.0771 -0.7336 0.3379 0.59 0.2484 -0.6467 0.4148 0.9077 0.1011 0.4069 0.0165 0.6566 0.035 -0.7497 0.0755 0.634 -0.0891 -0.7675 0.0334 0.9156 -0.1838 0.3572 -0.0118
0.6795 -0.252 -0.5575 -0.4048 0.665 -0.4714 -0.4869 -0.3139 0.597 -0.3406 -0.5589 -0.4639 0.6434 0.1866 -0.718 -0.1891 0.5845 0.0771 -0.7336 0.3379 0.59 0.2484 -0.6467 0.4148 0.9077 0.1011 0.4069 0.0165 0.6566 0.035 -0.7497 0.0755 0.634 -0.0891 -0.7675 0.0334 0.9156 -0.1838 0.3572 -0.0118
0.6795 -0.252 -0.5575 -0.4048 0.665 -0.4714 -0.4869 -0.3139 0.597 -0.3406 -0.5589 -0.4639 0.6434 0.1866 -0.718 -0.1891 0.5845 0.0771 -0.7336 0.3379 0.59 0.2484 -0.6467 0.4148 0.9077 0.1011 0.4069 0.0165 0.6566 0.035 -0.7497 0.0755 0.634 -0.0891 -0.7675 0.0334 0.9156 -0.1838 0.3572 -0.0118
0.6795 -0.252 -0.5575 -0.4048 0.665 -0.4714 -0.4869 -0.3139 0.602 -0.3356 -0.5716 -0.4453 0.6434 0.1866 -0.718 -0.1891 0.5845 0.0771 -0.7336 0.3379 0.59 0.2484 -0.6467 0.4148 0.933 0.0757 0.347 0.0579 0.6566 0.035 -0.7497 0.0755 0.634 -0.0891 -0.7675 0.0334 0.9148 -0.1798 0.3617 -0.0043
0.6795 -0.252 -0.5575 -0.4048 0.665 -0.4714 -0.4869 -0.3139 0.602 -0.3356 -0.5716 -0.4453 0.6649 0.1907 -0.7078 -0.1437 0.5402 0.1003 -0.7044 0.4493 0.59 0.2484 -0.6467 0.4148 0.933 0.0757 0.347 0.0579 0.6566 0.035 -0.7497 0.0755 0.634 -0.0891 -0.7675 0.0334 0.9148 -0.1798 0.3617 -0.0043
0.6795 -0.252 -0.5575 -0.4048 0.665 -0.4714 -0.4869 -0.3139 0.602 -0.3356 -0.5716 -0.4453 0.6649 0.1907 -0.7078 -0.1437 0.5402 0.1003 -0.7044 0.4493 0.59 0.2484 -0.6467 0.4148 0.933 0.0757 0.347 0.0579 0.6566 0.035 -0.7497 0.0755 0.634 -0.0891 -0.7675 0.0334 0.9148 -0.1798 0.3617 -0.0043
0.6795 -0.252 -0.5575 -0.4048 0.665 -0.4714 -0.4869 -0.3139 0.602 -0.3356 -0.5716 -0.4453 0.6649 0.1907 -0.7078 -0.1437 0.5402 0.1003 -0.7044 0.4493 0.59 0.2484 -0.6467 0.4148 0.933 0.0757 0.347 0.0579 0.6566 0.035 -0.7497 0.0755 0.6427 -0.121 -0.7502 0.0974 0.9148 -0.1798 0.3617 -0.0043
0.6795 -0.252 -0.5575 -0.4048 0.665 -0.4714 -0.4869 -0.3139 0.602 -0.3356 -0.5716 -0.4453 0.6649 0.1907 -0.7078 -0.1437 0.5402 0.1003 -0.7044 0.4493 0.598 0.295 -0.6143 0.422 0.933 0.0757 0.347 0.0579 0.6566 0.035 -0.7497 0.0755 0.6427 -0.121 -0.7502 0.0974 0.9148 -0.1798 0.3617 -0.0043
0.6795 -0.252 -0.5575 -0.4048 0.6681 -0.442 -0.4984 -0.3315 0.602 -0.3356 -0.5716 -0.4453 0.6649 0.1907 -0.7078 -0.1437 0.5402 0.1003 -0.7044 0.4493 0.598 0.295 -0.6143 0.422 0.9391 0.0665 0.3357 0.0323 0.6566 0.035 -0.7497 0.0755 0.6427 -0.121 -0.7502 0.0974 0.9148 -0.1798 0.3617 -0.0043
0.6795 -0.252 -0.5575 -0.4048 0.6681 -0.442 -0.4984 -0.3315 0.602 -0.3356 -0.5716 -0.4453 0.6649 0.1907 -0.7078 -0.1437 0.5402 0.1003 -0.7044 0.4493 0.598 0.295 -0.6143 0.422 0.9391 0.0665 0.3357 0.0323 0.6566 0.035 -0.7497 0.0755 0.6427 -0.121 -0.7502 0.0974 0.9148 -0.1798 0.3617 -0.0043
0.6795 -0.252 -0.5575 -0.4048 0.6681 -0.442 -0.4984 -0.3315 0.6284 -0.3427 -0.5757 -0.3951 0.6649 0.1907 -0.7078 -0.1437 0.5402 0.1003 -0.7044 0.4493 0.598 0.295 -0.6143 0.422 0.9391 0.0665 0.3357 0.0323 0.6566 0.035 -0.7497 0.0755 0.6427 -0.121 -0.7502 0.0974 0.8701 -0.2044 0.4483 0.0142
0.6795 -0.252 -0.5575 -0.4048 0.6681 -0.442 -0.4984 -0.3315 0.6284 -0.3427 -0.5757 -0.3951 0.6649 0.1907 -0.7078 -0.1437 0.5402 0.1003 -0.7044 0.4493 0.598 0.295 -0.6143 0.422 0.9391 0.0665 0.3357 0.0323 0.6566 0.035 -0.7497 0.0755 0.6427 -0.121 -0.7502 0.0974 0.8701 -0.2044 0.4483 0.0142
0.6691 -0.2366 -0.6021 -0.3658 0.6681 -0.442 -0.4984 -0.3315 0.6284 -0.3427 -0.5757 -0.3951 0.7069 0.16 -0.6812 -0.103 0.5402 0.1003 -0.7044 0.4493 0.598 0.295 -0.6143 0.422 0.9391 0.0665 0.3357 0.0323 0.6254 0.0244 -0.7618 0.1668 0.6427 -0.121 -0.7502 0.0974 0.8701 -0.2044 0.4483 0.0142
0.6691 -0.2366 -0.6021 -0.3658 0.6681 -0.442 -0.4984 -0.3315 0.6284 -0.3427 -0.5757 -0.3951 0.7069 0.16 -0.6812 -0.103 0.5402 0.1003 -0.7044 0.4493 0.598 0.295 -0.6143 0.422 0.9391 0.0665 0.3357 0.0323 0.6254 0.0244 -0.7618 0.1668 0.6566 -0.1505 -0.7066 0.2168 0.8701 -0.2044 0.4483 0.0142
0.6691 -0.2366 -0.6021 -0.3658 0.6681 -0.442 -0.4984 -0.3315 0.6284 -0.3427 -0.5757 -0.3951 0.7069 0.16 -0.6812 -0.103 0.5402 0.1003 -0.7044 0.4493 0.6109 0.3271 -0.6071 0.3889 0.9391 0.0665 0.3357 0.0323 0.6254 0.0244 -0.7618 0.1668 0.6566 -0.1505 -0.7066 0.2168 0.8701 -0.2044 0.4483 0.0142
0.6691 -0.2366 -0.6021 -0.3658 0.6431 -0.4681 -0.5226 -0.3069 0.6284 -0.3427 -0.5757 -0.3951 0.7069 0.16 -0.6812 -0.103 0.5402 0.1003 -0.7044 0.4493 0.6109 0.3271 -0.6071 0.3889 0.9391 0.0665 0.3357 0.0323 0.6254 0.0244 -0.7618 0.1668 0.6566 -0.1505 -0.7066 0.2168 0.8701 -0.2044 0.4483 0.0142
0.6691 -0.2366 -0.6021 -0.3658 0.6431 -0.4681 -0.5226 -0.3069 0.6284 -0.3427 -0.5757 -0.3951 0.7069 0.16 -0.6812 -0.103 0.5402 0.1003 -0.7044 0.4493 0.6109 0.3271 -0.6071 0.3889 0.9387 0.0743 0.3345 0.0374 0.6254 0.0244 -0.7618 0.1668 0.6566 -0.1505 -0.7066 0.2168 0.8701 -0.2044 0.4483 0.0142
0.6691 -0.2366 -0.6021 -0.3658 0.6431 -0.4681 -0.5226 -0.3069 0.6386 -0.3759 -0.5468 -0.3897 0.7069 0.16 -0.6812 -0.103 0.5402 0.1003 -0.7044 0.4493 0.6109 0.3271 -0.6071 0.3889 0.9387 0.0743 0.3345 0.0374 0.6254 0.0244 -0.7618 0.1668 0.6566 -0.1505 -0.7066 0.2168 0.7439 -0.2238 0.6243 0.0822
0.6691 -0.2366 -0.6021 -0.3658 0.6431 -0.4681 -0.5226 -0.3069 0.6386 -0.3759 -0.5468 -0.3897 0.7288 0.1402 -0.6575 -0.1299 0.5402 0.1003 -0.7044 0.4493 0.6109 0.3271 -0.6071 0.3889 0.9387 0.0743 0.3345 0.0374 0.6254 0.0244 -0.7618 0.1668 0.6566 -0.1505 -0.7066 0.2168 0.7439 -0.2238 0.6243 0.0822
0.6691 -0.2366 -0.6021 -0.3658 0.6431 -0.4681 -0.5226 -0.3069 0.6386 -0.3759 -0.5468 -0.3897 0.7288 0.1402 -0.6575 -0.1299 0.5402 0.1003 -0.7044 0.4493 0.6109 0.3271 -0.6071 0.3889 0.9387 0.0743 0.3345 0.0374 0.6254 0.0244 -0.7618 0.1668 0.6566 -0.1505 -0.7066 0.2168 0.7439 -0.2238 0.6243 0.0822
0.6691 -0.2366 -0.6021 -0.3658 0.6431 -0.4681 -0.5226 -0.3069 0.6386 -0.3759 -0.5468 -0.3897 0.7288 0.1402 -0.6575 -0.1299 0.5402 0.1003 -0.7044 0.4493 0.6081 0.3589 -0.5904 0.3909 0.9387 0.0743 0.3345 0.0374 0.6254 0.0244 -0.7618 0.1668 0.6566 -0.1505 -0.7066 0.2168 0.7439 -0.2238 0.6243 0.0822
0.6691 -0.2366 -0.6021 -0.3658 0.6451 -0.4604 -0.5491 -0.2653 0.6386 -0.3759 -0.5468 -0.3897 0.7288 0.1402 -0.6575 -0.1299 0.5402 0.1003 -0.7044 0.4493 0.6081 0.3589 -0.5904 0.3909 0.9387 0.0743 0.3345 0.0374 0.6254 0.0244 -0.7618 0.1668 0.6566 -0.1505 -0.7066 0.2168 0.7439 -0.2238 0.6243 0.0822
0.6691 -0.2366 -0.6021 -0.3658 0.6451 -0.4604 -0.5491 -0.2653 0.6386 -0.3759 -0.5468 -0.3897 0.7288 0.1402 -0.6575 -0.1299 0.5402 0.1003 -0.7044 0.4493 0.6081 0.3589 -0.5904 0.3909 0.9399 0.0742 0.3313 0.0372 0.6254 0.0244 -0.7618 0.1668 0.6566 -0.1505 -0.7066 0.2168 0.7439 -0.2238 0.6243 0.0822
0.6691 -0.2366 -0.6021 -0.3658 0.6451 -0.4604 -0.5491 -0.2653 0.6386 -0.3759 -0.5468 -0.3897 0.7288 0.1402 -0.6575 -0.1299 0.5402 0.1003 -0.7044 0.4493 0.6081 0.3589 -0.5904 0.3909 0.9399 0.0742 0.3313 0.0372 0.6254 0.0244 -0.7618 0.1668 0.6566 -0.1505 -0.7066 0.2168 0.7439 -0.2238 0.6243 0.0822
0.6691 -0.2366 -0.6021 -0.3658 0.6451 -0.4604 -0.5491 -0.2653 0.654 -0.3704 -0.5437 -0.3736 0.7288 0.1402 -0.6575 -0.1299 0.5402 0.1003 -0.7044 0.4493 0.6081 0.3589 -0.5904 0.3909 0.9399 0.0742 0.3313 0.0372 0.6254 0.0244 -0.7618 0.1668 0.6566 -0.1505 -0.7066 0.2168 0.8013 -0.1577 0.5421 0.1982
0.6691 -0.2366 -0.6021 -0.3658 0.6451 -0.4604 -0.5491 -0.2653 0.654 -0.3704 -0.5437 -0.3736 0.7288 0.1402 -0.6575 -0.1299 0.5402 0.1003 -0.7044 0.4493 0.6081 0.3589 -0.5904 0.3909 0.9399 0.0742 0.3313 0.0372 0.6254 0.0244 -0.7618 0.1668 0.6566 -0.1505 -0.7066 0.2168 0.8013 -0.1577 0.5421 0.1982
0.6691 -0.2366 -0.6021 -0.3658 0.6451 -0.4604 -0.5491 -0.2653 0.654 -0.3704 -0.5437 -0.3736 0.7348 0.1794 -0.6462 -0.1014 0.5402 0.1003 -0.7044 0.4493 0.6081 0.3589 -0.5904 0.3909 0.9399 0.0742 0.3313 0.0372 0.6254 0.0244 -0.7618 0.1668 0.6566 -0.1505 -0.7066 0.2168 0.8013 -0.1577 0.5421 0.1982
0.6691 -0.2366 -0.6021 -0.3658 0.6451 -0.4604 -0.5491 -0.2653 0.654 -0.3704 -0.5437 -0.3736 0.7348 0.1794 -0.6462 -0.1014 0.5402 0.1003 -0.7044 0.4493 0.6081 0.3589 -0.5904 0.3909 0.9399 0.0742 0.3313 0.0372 0.6254 0.0244 -0.7618 0.1668 0.6566 -0.1505 -0.7066 0.2168 0.8013 -0.1577 0.5421 0.1982
0.6691 -0.2366 -0.6021 -0.3658 0.6451 -0.4604 -0.5491 -0.2653 0.654 -0.3704 -0.5437 -0.3736 0.7348 0.1794 -0.6462 -0.1014 0.5402 0.1003 -0.7044 0.4493 0.6215 0.3691 -0.5847 0.3682 0.9399 0.0742 0.3313 0.0372 0.6254 0.0244 -0.7618 0.1668 0.6602 -0.1335 -0.6906 0.2635 0.8013 -0.1577 0.5421 0.1982
0.6691 -0.2366 -0.6021 -0.3658 0.6573 -0.4377 -0.5621 -0.2455 0.654 -0.3704 -0.5437 -0.3736 0.7348 0.1794 -0.6462 -0.1014 0.5402 0.1003 -0.7044 0.4493 0.6215 0.3691 -0.5847 0.3682 0.9396 0.0753 0.332 0.0365 0.6254 0.0244 -0.7618 0.1668 0.6602 -0.1335 -0.6906 0.2635 0.8013 -0.1577 0.5421 0.1982
0.6691 -0.2366 -0.6021 -0.3658 0.6573 -0.4377 -0.5621 -0.2455 0.654 -0.3704 -0.5437 -0.3736 0.7348 0.1794 -0.6462 -0.1014 0.5402 0.1003 -0.7044 0.4493 0.6215 0.3691 -0.5847 0.3682 0.9396 0.0753 0.332 0.0365 0.6254 0.0244 -0.7618 0.1668 0.6602 -0.1335 -0.6906 0.2635 0.8013 -0.1577 0.5421 0.1982
0.6691 -0.2366 -0.6021 -0.3658 0.6573 -0.4377 -0.5621 -0.2455 0.6683 -0.3689 -0.547 -0.3435 0.7348 0.1794 -0.6462 -0.1014 0.5402 0.1003 -0.7044 0.4493 0.6215 0.3691 -0.5847 0.3682 0.9396 0.0753 0.332 0.0365 0.6254 0.0244 -0.7618 0.1668 0.6602 -0.1335 -0.6906 0.2635 0.8659 -0.1895 0.4432 0.1339
0.6691 -0.2366 -0.6021 -0.3658 0.6573 -0.4377 -0.5621 -0.2455 0.6683 -0.3689 -0.547 -0.3435 0.7458 0.1779 -0.6367 -0.0824 0.5819 0.2125 -0.7231 0.3057 0.6215 0.3691 -0.5847 0.3682 0.9396 0.0753 0.332 0.0365 0.6254 0.0244 -0.7618 0.1668 0.6602 -0.1335 -0.6906 0.2635 0.8659 -0.1895 0.4432 0.1339
0.6691 -0.2366 -0.6021 -0.3658 0.6573 -0.4377 -0.5621 -0.2455 0.6683 -0.3689 -0.547 -0.3435 0.7458 0.1779 -0.6367 -0.0824 0.5819 0.2125 -0.7231 0.3057 0.6215 0.3691 -0.5847 0.3682 0.9396 0.0753 0.332 0.0365 0.6254 0.0244 -0.7618 0.1668 0.6602 -0.1335 -0.6906 0.2635 0.8659 -0.1895 0.4432 0.1339
0.6691 -0.2366 -0.6021 -0.3658 0.6573 -0.4377 -0.5621 -0.2455 0.6683 -0.3689 -0.547 -0.3435 0.7458 0.1779 -0.6367 -0.0824 0.5819 0.2125 -0.7231 0.3057 0.6394 0.3765 -0.577 0.3413 0.9396 0.0753 0.332 0.0365 0.6254 0.0244 -0.7618 0.1668 0.6656 -0.0651 -0.7353 0.1097 0.8659 -0.1895 0.4432 0.1339
0.6691 -0.2366 -0.6021 -0.3658 0.657 -0.4335 -0.5709 -0.2335 0.6683 -0.3689 -0.547 -0.3435 0.7458 0.1779 -0.6367 -0.0824 0.5819 0.2125 -0.7231 0.3057 0.6394 0.3765 -0.577 0.3413 0.9396 0.0753 0.332 0.0365 0.6254 0.0244 -0.7618 0.1668 0.6656 -0.0651 -0.7353 0.1097 0.8659 -0.1895 0.4432 0.1339
0.6691 -0.2366 -0.6021 -0.3658 0.657 -0.4335 -0.5709 -0.2335 0.6683 -0.3689 -0.547 -0.3435 0.7458 0.1779 -0.6367 -0.0824 0.5819 0.2125 -0.7231 0.3057 0.6394 0.3765 -0.577 0.3413 0.9398 0.0754 0.3316 0.0349 0.6254 0.0244 -0.7618 0.1668 0.6656 -0.0651 -0.7353 0.1097 0.8659 -0.1895 0.4432 0.1339
0.6691 -0.2366 -0.6021 -0.3658 0.657 -0.4335 -0.5709 -0.2335 0.6683 -0.3689 -0.547 -0.3435 0.7458 0.1779 -0.6367 -0.0824 0.5819 0.2125 -0.7231 0.3057 0.6394 0.3765 -0.577 0.3413 0.9398 0.0754 0.3316 0.0349 0.6254 0.0244 -0.7618 0.1668 0.6656 -0.0651 -0.7353 0.1097 0.8659 -0.1895 0.4432 0.1339
0.6691 -0.2366 -0.6021 -0.3658 0.657 -0.4335 -0.5709 -0.2335 0.6748 -0.3716 -0.5519 -0.3192 0.7458 0.1779 -0.6367 -0.0824 0.5819 0.2125 -0.7231 0.3057 0.6394 0.3765 -0.577 0.3413 0.9398 0.0754 0.3316 0.0349 0.6254 0.0244 -0.7618 0.1668 0.6656 -0.0651 -0.7353 0.1097 0.9147 -0.2152 0.3401 0.0359
0.6691 -0.2366 -0.6021 -0.3658 0.657 -0.4335 -0.5709 -0.2335 0.6748 -0.3716 -0.5519 -0.3192 0.7458 0.1779 -0.6367 -0.0824 0.5819 0.2125 -0.7231 0.3057 0.6394 0.3765 -0.577 0.3413 0.9398 0.0754 0.3316 0.0349 0.6254 0.0244 -0.7618 0.1668 0.6656 -0.0651 -0.7353 0.1097 0.9147 -0.2152 0.3401 0.0359
0.6691 -0.2366 -0.6021 -0.3658 0.657 -0.4335 -0.5709 -0.2335 0.6748 -0.3716 -0.5519 -0.3192 0.7581 0.1699 -0.6282 -0.0417 0.596 0.2261 -0.7209 0.2721 0.6394 0.3765 -0.577 0.3413 0.9398 0.0754 0.3316 0.0349 0.6254 0.0244 -0.7618 0.1668 0.6656 -0.0651 -0.7353 0.1097 0.9147 -0.2152 0.3401 0.0359
0.6691 -0.2366 -0.6021 -0.3658 0.657 -0.4335 -0.5709 -0.2335 0.6748 -0.3716 -0.5519 -0.3192 0.7581 0.1699 -0.6282 -0.0417 0.596 0.2261 -0.7209 0.2721 0.6394 0.3765 -0.577 0.3413 0.9398 0.0754 0.3316 0.0349 0.6254 0.0244 -0.7618 0.1668 0.6656 -0.0651 -0.7353 0.1097 0.9147 -0.2152 0.3401 0.0359
0.6691 -0.2366 -0.6021 -0.3658 0.657 -0.4335 -0.5709 -0.2335 0.6748 -0.3716 -0.5519 -0.3192 0.7581 0.1699 -0.6282 -0.0417 0.596 0.2261 -0.7209 0.2721 0.6559 0.3857 -0.563 0.3225 0.9398 0.0754 0.3316 0.0349 0.6254 0.0244 -0.7618 0.1668 0.6694 0.0073 -0.7407 -0.058 0.9147 -0.2152 0.3401 0.0359
0.6691 -0.2366 -0.6021 -0.3658 0.6613 -0.4254 -0.5754 -0.2252 0.6748 -0.3716 -0.5519 -0.3192 0.7581 0.1699 -0.6282 -0.0417 0.596 0.2261 -0.7209 0.2721 0.6559 0.3857 -0.563 0.3225 0.9391 0.0775 0.333 0.0347 0.6254 0.0244 -0.7618 0.1668 0.6694 0.0073 -0.7407 -0.058 0.9147 -0.2152 0.3401 0.0359
0.6691 -0.2366 -0.6021 -0.3658 0.6613 -0.4254 -0.5754 -0.2252 0.6748 -0.3716 -0.5519 -0.3192 0.7581 0.1699 -0.6282 -0.0417 0.596 0.2261 -0.7209 0.2721 0.6559 0.3857 -0.563 0.3225 0.9391 0.0775 0.333 0.0347 0.6254 0.0244 -0.7618 0.1668 0.6694 0.0073 -0.7407 -0.058 0.9147 -0.2152 0.3401 0.0359
0.6691 -0.2366 -0.6021 -0.3658 0.6613 -0.4254 -0.5754 -0.2252 0.6793 -0.3643 -0.5641 -0.296 0.7581 0.1699 -0.6282 -0.0417 0.596 0.2261 -0.7209 0.2721 0.6559 0.3857 -0.563 0.3225 0.9391 0.0775 0.333 0.0347 0.6254 0.0244 -0.7618 0.1668 0.6694 0.0073 -0.7407 -0.058 0.9447 -0.1824 0.269 -0.0437
0.6691 -0.2366 -0.6021 -0.3658 0.6613 -0.4254 -0.5754 -0.2252 0.6793 -0.3643 -0.5641 -0.296 0.7581 0.1699 -0.6282 -0.0417 0.596 0.2261 -0.7209 0.2721 0.6559 0.3857 -0.563 0.3225 0.9391 0.0775 0.333 0.0347 0.6254 0.0244 -0.7618 0.1668 0.6694 0.0073 -0.7407 -0.058 0.9447 -0.1824 0.269 -0.0437
0.6691 -0.2366 -0.6021 -0.3658 0.6613 -0.4254 -0.5754 -0.2252 0.6793 -0.3643 -0.5641 -0.296 0.7692 0.1754 -0.6144 -0.0065 0.596 0.2261 -0.7209 0.2721 0.6559 0.3857 -0.563 0.3225 0.9391 0.0775 0.333 0.0347 0.6254 0.0244 -0.7618 0.1668 0.6694 0.0073 -0.7407 -0.058 0.9447 -0.1824 0.269 -0.0437
0.6691 -0.2366 -0.6021 -0.3658 0.6613 -0.4254 -0.5754 -0.2252 0.6793 -0.3643 -0.5641 -0.296 0.7692 0.1754 -0.6144 -0.0065 0.596 0.2261 -0.7209 0.2721 0.6559 0.3857 -0.563 0.3225 0.9391 0.0775 0.333 0.0347 0.6254 0.0244 -0.7618 0.1668 0.6694 0.0073 -0.7407 -0.058 0.9447 -0.1824 0.269 -0.0437
0.6691 -0.2366 -0.6021 -0.3658 0.6629 -0.4346 -0.5654 -0.228 0.6793 -0.3643 -0.5641 -0.296 0.7692 0.1754 -0.6144 -0.0065 0.596 0.2261 -0.7209 0.2721 0.6927 0.3885 -0.5372 0.2841 0.9391 0.0775 0.333 0.0347 0.6254 0.0244 -0.7618 0.1668 0.6619 0.0132 -0.7388 -0.1261 0.9447 -0.1824 0.269 -0.0437
0.6691 -0.2366 -0.6021 -0.3658 0.6629 -0.4346 -0.5654 -0.228 0.6793 -0.3643 -0.5641 -0.296 0.7692 0.1754 -0.6144 -0.0065 0.596 0.2261 -0.7209 0.2721 0.6927 0.3885 -0.5372 0.2841 0.9294 0.0822 0.3583 0.0323 0.6254 0.0244 -0.7618 0.1668 0.6619 0.0132 -0.7388 -0.1261 0.9447 -0.1824 0.269 -0.0437
0.6691 -0.2366 -0.6021 -0.3658 0.6629 -0.4346 -0.5654 -0.228 0.6793 -0.3643 -0.5641 -0.296 0.7692 0.1754 -0.6144 -0.0065 0.596 0.2261 -0.7209 0.2721 0.6927 0.3885 -0.5372 0.2841 0.9294 0.0822 0.3583 0.0323 0.6254 0.0244 -0.7618 0.1668 0.6619 0.0132 -0.7388 -0.1261 0.9447 -0.1824 0.269 -0.0437
0.6691 -0.2366 -0.6021 -0.3658 0.6629 -0.4346 -0.5654 -0.228 0.6836 -0.3422 -0.574 -0.2935 0.7692 0.1754 -0.6144 -0.0065 0.596 0.2261 -0.7209 0.2721 0.6927 0.3885 -0.5372 0.2841 0.9294 0.0822 0.3583 0.0323 0.6254 0.0244 -0.7618 0.1668 0.6619 0.0132 -0.7388 -0.1261 0.923 -0.1667 0.3444 -0.0409
0.6691 -0.2366 -0.6021 -0.3658 0.6629 -0.4346 -0.5654 -0.228 0.6836 -0.3422 -0.574 -0.2935 0.7696 0.187 -0.6105 0.0113 0.596 0.2261 -0.7209 0.2721 0.6927 0.3885 -0.5372 0.2841 0.9294 0.0822 0.3583 0.0323 0.6254 0.0244 -0.7618 0.1668 0.6619 0.0132 -0.7388 -0.1261 0.923 -0.1667 0.3444 -0.0409
0.6691 -0.2366 -0.6021 -0.3658 0.6629 -0.4346 -0.5654 -0.228 0.6836 -0.3422 -0.574 -0.2935 0.7696 0.187 -0.6105 0.0113 0.596 0.2261 -0.7209 0.2721 0.6927 0.3885 -0.5372 0.2841 0.9294 0.0822 0.3583 0.0323 0.6254 0.0244 -0.7618 0.1668 0.6404 -0.0664 -0.7589 -0.098 0.923 -0.1667 0.3444 -0.0409
0.6691 -0.2366 -0.6021 -0.3658 0.6629 -0.4346 -0.5654 -0.228 0.6836 -0.3422 -0.574 -0.2935 0.7696 0.187 -0.6105 0.0113 0.596 0.2261 -0.7209 0.2721 0.7727 0.4092 -0.4485 0.1854 0.9294 0.0822 0.3583 0.0323 0.6254 0.0244 -0.7618 0.1668 0.6404 -0.0664 -0.7589 -0.098 0.923 -0.1667 0.3444 -0.0409
0.6691 -0.2366 -0.6021 -0.3658 0.6514 -0.4673 -0.5399 -0.2565 0.6836 -0.3422 -0.574 -0.2935 0.7696 0.187 -0.6105 0.0113 0.596 0.2261 -0.7209 0.2721 0.7727 0.4092 -0.4485 0.1854 0.9294 0.0822 0.3583 0.0323 0.6254 0.0244 -0.7618 0.1668 0.6404 -0.0664 -0.7589 -0.098 0.923 -0.1667 0.3444 -0.0409
0.6691 -0.2366 -0.6021 -0.3658 0.6514 -0.4673 -0.5399 -0.2565 0.6836 -0.3422 -0.574 -0.2935 0.7696 0.187 -0.6105 0.0113 0.596 0.2261 -0.7209 0.2721 0.7727 0.4092 -0.4485 0.1854 0.8015 0.0442 0.5956 -0.0298 0.6254 0.0244 -0.7618 0.1668 0.6404 -0.0664 -0.7589 -0.098 0.923 -0.1667 0.3444 -0.0409
0.6691 -0.2366 -0.6021 -0.3658 0.6514 -0.4673 -0.5399 -0.2565 0.6836 -0.3422 -0.574 -0.2935 0.7696 0.187 -0.6105 0.0113 0.596 0.2261 -0.7209 0.2721 0.7727 0.4092 -0.4485 0.1854 0.8015 0.0442 0.5956 -0.0298 0.6254 0.0244 -0.7618 0.1668 0.6404 -0.0664 -0.7589 -0.098 0.923 -0.1667 0.3444 -0.0409
0.6691 -0.2366 -0.6021 -0.3658 0.6514 -0.4673 -0.5399 -0.2565 0.6703 -0.3531 -0.5656 -0.3259 0.7696 0.187 -0.6105 0.0113 0.596 0.2261 -0.7209 0.2721 0.7727 0.4092 -0.4485 0.1854 0.8015 0.0442 0.5956 -0.0298 0.6254 0.0244 -0.7618 0.1668 0.6404 -0.0664 -0.7589 -0.098 0.9191 -0.174 0.3506 -0.0465
0.6691 -0.2366 -0.6021 -0.3658 0.6514 -0.4673 -0.5399 -0.2565 0.6703 -0.3531 -0.5656 -0.3259 0.7696 0.187 -0.6105 0.0113 0.596 0.2261 -0.7209 0.2721 0.7727 0.4092 -0.4485 0.1854 0.8015 0.0442 0.5956 -0.0298 0.6254 0.0244 -0.7618 0.1668 0.6404 -0.0664 -0.7589 -0.098 0.9191 -0.174 0.3506 -0.0465
0.6778 -0.2236 -0.6049 -0.3531 0.6514 -0.4673 -0.5399 -0.2565 0.6703 -0.3531 -0.5656 -0.3259 0.7573 0.1741 -0.6268 -0.0565 0.596 0.2261 -0.7209 0.2721 0.7727 0.4092 -0.4485 0.1854 0.8015 0.0442 0.5956 -0.0298 0.6254 0.0244 -0.7618 0.1668 0.6404 -0.0664 -0.7589 -0.098 0.9191 -0.174 0.3506 -0.0465
0.6778 -0.2236 -0.6049 -0.3531 0.6514 -0.4673 -0.5399 -0.2565 0.6703 -0.3531 -0.5656 -0.3259 0.7573 0.1741 -0.6268 -0.0565 0.596 0.2261 -0.7209 0.2721 0.7727 0.4092 -0.4485 0.1854 0.8015 0.0442 0.5956 -0.0298 0.6254 0.0244 -0.7618 0.1668 0.6404 -0.0664 -0.7589 -0.098 0.9191 -0.174 0.3506 -0.0465
0.6778 -0.2236 -0.6049 -0.3531 0.6605 -0.4727 -0.5322 -0.239 0.6703 -0.3531 -0.5656 -0.3259 0.7573 0.1741 -0.6268 -0.0565 0.596 0.2261 -0.7209 0.2721 0.8041 0.4309 -0.394 0.1116 0.7462 0.0344 0.6521 -0.1295 0.6254 0.0244 -0.7618 0.1668 0.6296 -0.0566 -0.7713 -0.0745 0.9191 -0.174 0.3506 -0.0465
0.6778 -0.2236 -0.6049 -0.3531 0.6605 -0.4727 -0.5322 -0.239 0.6703 -0.3531 -0.5656 -0.3259 0.7573 0.1741 -0.6268 -0.0565 0.596 0.2261 -0.7209 0.2721 0.8041 0.4309 -0.394 0.1116 0.7462 0.0344 0.6521 -0.1295 0.6254 0.0244 -0.7618 0.1668 0.6296 -0.0566 -0.7713 -0.0745 0.9191 -0.174 0.3506 -0.0465
0.6778 -0.2236 -0.6049 -0.3531 0.6605 -0.4727 -0.5322 -0.239 0.6494 -0.3823 -0.5247 -0.3961 0.7573 0.1741 -0.6268 -0.0565 0.596 0.2261 -0.7209 0.2721 0.8041 0.4309 -0.394 0.1116 0.7462 0.0344 0.6521 -0.1295 0.6254 0.0244 -0.7618 0.1668 0.6296 -0.0566 -0.7713 -0.0745 0.9182 -0.1707 0.3545 -0.0457
0.6778 -0.2236 -0.6049 -0.3531 0.6605 -0.4727 -0.5322 -0.239 0.6494 -0.3823 -0.5247 -0.3961 0.7573 0.1741 -0.6268 -0.0565 0.5799 0.0434 -0.7303 0.3584 0.8041 0.4309 -0.394 0.1116 0.7462 0.0344 0.6521 -0.1295 0.6254 0.0244 -0.7618 0.1668 0.6296 -0.0566 -0.7713 -0.0745 0.9182 -0.1707 0.3545 -0.0457
0.6778 -0.2236 -0.6049 -0.3531 0.6605 -0.4727 -0.5322 -0.239 0.6494 -0.3823 -0.5247 -0.3961 0.7355 0.1413 -0.6385 -0.1768 0.5799 0.0434 -0.7303 0.3584 0.8041 0.4309 -0.394 0.1116 0.7462 0.0344 0.6521 -0.1295 0.6254 0.0244 -0.7618 0.1668 0.6296 -0.0566 -0.7713 -0.0745 0.9182 -0.1707 0.3545 -0.0457
0.6778 -0.2236 -0.6049 -0.3531 0.6605 -0.4727 -0.5322 -0.239 0.6494 -0.3823 -0.5247 -0.3961 0.7355 0.1413 -0.6385 -0.1768 0.5799 0.0434 -0.7303 0.3584 0.8041 0.4309 -0.394 0.1116 0.7462 0.0344 0.6521 -0.1295 0.6254 0.0244 -0.7618 0.1668 0.6296 -0.0566 -0.7713 -0.0745 0.9182 -0.1707 0.3545 -0.0457
0.6778 -0.2236 -0.6049 -0.3531 0.6605 -0.4727 -0.5322 -0.239 0.6494 -0.3823 -0.5247 -0.3961 0.7355 0.1413 -0.6385 -0.1768 0.5799 0.0434 -0.7303 0.3584 0.7821 0.3666 -0.4846 0.1379 0.7462 0.0344 0.6521 -0.1295 0.6254 0.0244 -0.7618 0.1668 0.6296 -0.0566 -0.7713 -0.0745 0.9182 -0.1707 0.3545 -0.0457
0.6778 -0.2236 -0.6049 -0.3531 0.6605 -0.4727 -0.5322 -0.239 0.6494 -0.3823 -0.5247 -0.3961 0.7355 0.1413 -0.6385 -0.1768 0.5799 0.0434 -0.7303 0.3584 0.7821 0.3666 -0.4846 0.1379 0.7462 0.0344 0.6521 -0.1295 0.6254 0.0244 -0.7618 0.1668 0.6296 -0.0566 -0.7713 -0.0745 0.9182 -0.1707 0.3545 -0.0457
0.6778 -0.2236 -0.6049 -0.3531 0.6418 -0.5024 -0.506 -0.2821 0.6494 -0.3823 -0.5247 -0.3961 0.7355 0.1413 -0.6385 -0.1768 0.5799 0.0434 -0.7303 0.3584 0.7821 0.3666 -0.4846 0.1379 0.8173 0.0828 0.5598 -0.1093 0.6254 0.0244 -0.7618 0.1668 0.6296 -0.0566 -0.7713 -0.0745 0.9182 -0.1707 0.3545 -0.0457
0.6778 -0.2236 -0.6049 -0.3531 0.6418 -0.5024 -0.506 -0.2821 0.6494 -0.3823 -0.5247 -0.3961 0.7355 0.1413 -0.6385 -0.1768 0.5799 0.0434 -0.7303 0.3584 0.7821 0.3666 -0.4846 0.1379 0.8173 0.0828 0.5598 -0.1093 0.6254 0.0244 -0.7618 0.1668 0.6296 -0.0566 -0.7713 -0.0745 0.9182 -0.1707 0.3545 -0.0457
0.6778 -0.2236 -0.6049 -0.3531 0.6418 -0.5024 -0.506 -0.2821 0.6179 -0.387 -0.4924 -0.4754 0.7355 0.1413 -0.6385 -0.1768 0.5799 0.0434 -0.7303 0.3584 0.7821 0.3666 -0.4846 0.1379 0.8173 0.0828 0.5598 -0.1093 0.6254 0.0244 -0.7618 0.1668 0.6296 -0.0566 -0.7713 -0.0745 0.9186 -0.1697 0.3541 -0.0444
0.6778 -0.2236 -0.6049 -0.3531 0.6418 -0.5024 -0.506 -0.2821 0.6179 -0.387 -0.4924 -0.4754 0.7355 0.1413 -0.6385 -0.1768 0.5799 0.0434 -0.7303 0.3584 0.7821 0.3666 -0.4846 0.1379 0.8173 0.0828 0.5598 -0.1093 0.6254 0.0244 -0.7618 0.1668 0.6296 -0.0566 -0.7713 -0.0745 0.9186 -0.1697 0.3541 -0.0444
0.6778 -0.2236 -0.6049 -0.3531 0.6418 -0.5024 -0.506 -0.2821 0.6179 -0.387 -0.4924 -0.4754 0.7135 0.148 -0.6469 -0.2248 0.5799 0.0434 -0.7303 0.3584 0.7821 0.3666 -0.4846 0.1379 0.8173 0.0828 0.5598 -0.1093 0.6254 0.0244 -0.7618 0.1668 0.6296 -0.0566 -0.7713 -0.0745 0.9186 -0.1697 0.3541 -0.0444
0.6778 -0.2236 -0.6049 -0.3531 0.6418 -0.5024 -0.506 -0.2821 0.6179 -0.387 -0.4924 -0.4754 0.7135 0.148 -0.6469 -0.2248 0.5799 0.0434 -0.7303 0.3584 0.699 0.283 -0.6039 0.2579 0.8173 0.0828 0.5598 -0.1093 0.6254 0.0244 -0.7618 0.1668 0.616 -0.0989 -0.7797 -0.052 0.9186 -0.1697 0.3541 -0.0444
0.6778 -0.2236 -0.6049 -0.3531 0.6418 -0.5024 -0.506 -0.2821 0.6179 -0.387 -0.4924 -0.4754 0.7135 0.148 -0.6469 -0.2248 0.5799 0.0434 -0.7303 0.3584 0.699 0.283 -0.6039 0.2579 0.8173 0.0828 0.5598 -0.1093 0.6254 0.0244 -0.7618 0.1668 0.616 -0.0989 -0.7797 -0.052 0.9186 -0.1697 0.3541 -0.0444
0.6778 -0.2236 -0.6049 -0.3531 0.6465 -0.4812 -0.5036 -0.3113 0.6179 -0.387 -0.4924 -0.4754 0.7135 0.148 -0.6469 -0.2248 0.5799 0.0434 -0.7303 0.3584 0.699 0.283 -0.6039 0.2579 0.9042 0.1121 0.411 -0.0306 0.6254 0.0244 -0.7618 0.1668 0.616 -0.0989 -0.7797 -0.052 0.9186 -0.1697 0.3541 -0.0444
0.6778 -0.2236 -0.6049 -0.3531 0.6465 -0.4812 -0.5036 -0.3113 0.6179 -0.387 -0.4924 -0.4754 0.7135 0.148 -0.6469 -0.2248 0.5799 0.0434 -0.7303 0.3584 0.699 0.283 -0.6039 0.2579 0.9042 0.1121 0.411 -0.0306 0.6254 0.0244 -0.7618 0.1668 0.616 -0.0989 -0.7797 -0.052 0.9186 -0.1697 0.3541 -0.0444
0.6778 -0.2236 -0.6049 -0.3531 0.6465 -0.4812 -0.5036 -0.3113 0.6162 -0.3668 -0.5095 -0.4756 0.7135 0.148 -0.6469 -0.2248 0.5799 0.0434 -0.7303 0.3584 0.699 0.283 -0.6039 0.2579 0.9042 0.1121 0.411 -0.0306 0.6254 0.0244 -0.7618 0.1668 0.616 -0.0989 -0.7797 -0.052 0.9189 -0.1679 0.3543 -0.0425
0.6778 -0.2236 -0.6049 -0.3531 0.6465 -0.4812 -0.5036 -0.3113 0.6162 -0.3668 -0.5095 -0.4756 0.7135 0.148 -0.6469 -0.2248 0.5799 0.0434 -0.7303 0.3584 0.699 0.283 -0.6039 0.2579 0.9042 0.1121 0.411 -0.0306 0.6254 0.0244 -0.7618 0.1668 0.616 -0.0989 -0.7797 -0.052 0.9189 -0.1679 0.3543 -0.0425
0.6778 -0.2236 -0.6049 -0.3531 0.6465 -0.4812 -0.5036 -0.3113 0.6162 -0.3668 -0.5095 -0.4756 0.6813 0.1707 -0.6737 -0.2297 0.5799 0.0434 -0.7303 0.3584 0.699 0.283 -0.6039 0.2579 0.9042 0.1121 0.411 -0.0306 0.6254 0.0244 -0.7618 0.1668 0.616 -0.0989 -0.7797 -0.052 0.9189 -0.1679 0.3543 -0.0425
0.6778 -0.2236 -0.6049 -0.3531 0.6465 -0.4812 -0.5036 -0.3113 0.6162 -0.3668 -0.5095 -0.4756 0.6813 0.1707 -0.6737 -0.2297 0.5799 0.0434 -0.7303 0.3584 0.5784 0.2314 -0.6644 0.4128 0.9042 0.1121 0.411 -0.0306 0.6254 0.0244 -0.7618 0.1668 0.6136 -0.1264 -0.7792 -0.0165 0.9189 -0.1679 0.3543 -0.0425
0.6778 -0.2236 -0.6049 -0.3531 0.6392 -0.4631 -0.4951 -0.3632 0.6162 -0.3668 -0.5095 -0.4756 0.6813 0.1707 -0.6737 -0.2297 0.5799 0.0434 -0.7303 0.3584 0.5784 0.2314 -0.6644 0.4128 0.9042 0.1121 0.411 -0.0306 0.6254 0.0244 -0.7618 0.1668 0.6136 -0.1264 -0.7792 -0.0165 0.9189 -0.1679 0.3543 -0.0425
0.6778 -0.2236 -0.6049 -0.3531 0.6392 -0.4631 -0.4951 -0.3632 0.6162 -0.3668 -0.5095 -0.4756 0.6813 0.1707 -0.6737 -0.2297 0.5799 0.0434 -0.7303 0.3584 0.5784 0.2314 -0.6644 0.4128 0.9269 0.1055 0.355 0.0607 0.6254 0.0244 -0.7618 0.1668 0.6136 -0.1264 -0.7792 -0.0165 0.9189 -0.1679 0.3543 -0.0425
0.6778 -0.2236 -0.6049 -0.3531 0.6392 -0.4631 -0.4951 -0.3632 0.6162 -0.3668 -0.5095 -0.4756 0.6813 0.1707 -0.6737 -0.2297 0.5799 0.0434 -0.7303 0.3584 0.5784 0.2314 -0.6644 0.4128 0.9269 0.1055 0.355 0.0607 0.6254 0.0244 -0.7618 0.1668 0.6136 -0.1264 -0.7792 -0.0165 0.9189 -0.1679 0.3543 -0.0425
0.6778 -0.2236 -0.6049 -0.3531 0.6392 -0.4631 -0.4951 -0.3632 0.6038 -0.3876 -0.5112 -0.4733 0.6813 0.1707 -0.6737 -0.2297 0.5799 0.0434 -0.7303 0.3584 0.5784 0.2314 -0.6644 0.4128 0.9269 0.1055 0.355 0.0607 0.6254 0.0244 -0.7618 0.1668 0.6136 -0.1264 -0.7792 -0.0165 0.9172 -0.1677 0.3594 -0.0387
0.6778 -0.2236 -0.6049 -0.3531 0.6392 -0.4631 -0.4951 -0.3632 0.6038 -0.3876 -0.5112 -0.4733 0.6743 0.1535 -0.6827 -0.2357 0.5799 0.0434 -0.7303 0.3584 0.5784 0.2314 -0.6644 0.4128 0.9269 0.1055 0.355 0.0607 0.6254 0.0244 -0.7618 0.1668 0.6136 -0.1264 -0.7792 -0.0165 0.9172 -0.1677 0.3594 -0.0387
0.6778 -0.2236 -0.6049 -0.3531 0.6392 -0.4631 -0.4951 -0.3632 0.6038 -0.3876 -0.5112 -0.4733 0.6743 0.1535 -0.6827 -0.2357 0.5799 0.0434 -0.7303 0.3584 0.5784 0.2314 -0.6644 0.4128 0.9269 0.1055 0.355 0.0607 0.6254 0.0244 -0.7618 0.1668 0.6136 -0.1264 -0.7792 -0.0165 0.9172 -0.1677 0.3594 -0.0387
0.6778 -0.2236 -0.6049 -0.3531 0.6392 -0.4631 -0.4951 -0.3632 0.6038 -0.3876 -0.5112 -0.4733 0.6743 0.1535 -0.6827 -0.2357 0.5799 0.0434 -0.7303 0.3584 0.5784 0.2314 -0.6644 0.4128 0.9269 0.1055 0.355 0.0607 0.6254 0.0244 -0.7618 0.1668 0.6185 -0.1533 -0.7693 0.0461 0.9172 -0.1677 0.3594 -0.0387
0.6778 -0.2236 -0.6049 -0.3531 0.6269 -0.4374 -0.4854 -0.4245 0.6038 -0.3876 -0.5112 -0.4733 0.6743 0.1535 -0.6827 -0.2357 0.5799 0.0434 -0.7303 0.3584 0.5696 0.2297 -0.6671 0.4216 0.9269 0.1055 0.355 0.0607 0.6254 0.0244 -0.7618 0.1668 0.6185 -0.1533 -0.7693 0.0461 0.9172 -0.1677 0.3594 -0.0387
0.6778 -0.2236 -0.6049 -0.3531 0.6269 -0.4374 -0.4854 -0.4245 0.6038 -0.3876 -0.5112 -0.4733 0.6743 0.1535 -0.6827 -0.2357 0.5799 0.0434 -0.7303 0.3584 0.5696 0.2297 -0.6671 0.4216 0.9392 0.0632 0.3353 0.0383 0.6254 0.0244 -0.7618 0.1668 0.6185 -0.1533 -0.7693 0.0461 0.8923 -0.1843 0.4113 -0.0276
0.6778 -0.2236 -0.6049 -0.3531 0.6269 -0.4374 -0.4854 -0.4245 0.6038 -0.3876 -0.5112 -0.4733 0.6743 0.1535 -0.6827 -0.2357 0.5799 0.0434 -0.7303 0.3584 0.5696 0.2297 -0.6671 0.4216 0.9392 0.0632 0.3353 0.0383 0.6254 0.0244 -0.7618 0.1668 0.6185 -0.1533 -0.7693 0.0461 0.8923 -0.1843 0.4113 -0.0276
0.6778 -0.2236 -0.6049 -0.3531 0.6269 -0.4374 -0.4854 -0.4245 0.6219 -0.3953 -0.5238 -0.4274 0.6743 0.1535 -0.6827 -0.2357 0.5799 0.0434 -0.7303 0.3584 0.5696 0.2297 -0.6671 0.4216 0.9392 0.0632 0.3353 0.0383 0.6254 0.0244 -0.7618 0.1668 0.6185 -0.1533 -0.7693 0.0461 0.8923 -0.1843 0.4113 -0.0276
0.6059 -0.2522 -0.6014 -0.4557 0.6269 -0.4374 -0.4854 -0.4245 0.6219 -0.3953 -0.5238 -0.4274 0.7112 0.1224 -0.6661 -0.1886 0.5799 0.0434 -0.7303 0.3584 0.5696 0.2297 -0.6671 0.4216 0.9392 0.0632 0.3353 0.0383 0.6254 0.0244 -0.7618 0.1668 0.6185 -0.1533 -0.7693 0.0461 0.8923 -0.1843 0.4113 -0.0276
0.6059 -0.2522 -0.6014 -0.4557 0.6269 -0.4374 -0.4854 -0.4245 0.6219 -0.3953 -0.5238 -0.4274 0.7112 0.1224 -0.6661 -0.1886 0.5799 0.0434 -0.7303 0.3584 0.5696 0.2297 -0.6671 0.4216 0.9392 0.0632 0.3353 0.0383 0.6254 0.0244 -0.7618 0.1668 0.6185 -0.1533 -0.7693 0.0461 0.8923 -0.1843 0.4113 -0.0276
0.6059 -0.2522 -0.6014 -0.4557 0.6269 -0.4374 -0.4854 -0.4245 0.6219 -0.3953 -0.5238 -0.4274 0.7112 0.1224 -0.6661 -0.1886 0.5799 0.0434 -0.7303 0.3584 0.5926 0.3055 -0.6183 0.4163 0.9392 0.0632 0.3353 0.0383 0.6254 0.0244 -0.7618 0.1668 0.6329 -0.194 -0.7321 0.1608 0.8923 -0.1843 0.4113 -0.0276
0.6059 -0.2522 -0.6014 -0.4557 0.6269 -0.4374 -0.4854 -0.4245 0.6219 -0.3953 -0.5238 -0.4274 0.7112 0.1224 -0.6661 -0.1886 0.5799 0.0434 -0.7303 0.3584 0.5926 0.3055 -0.6183 0.4163 0.9392 0.0632 0.3353 0.0383 0.6254 0.0244 -0.7618 0.1668 0.6329 -0.194 -0.7321 0.1608 0.8923 -0.1843 0.4113 -0.0276
0.6059 -0.2522 -0.6014 -0.4557 0.6212 -0.4297 -0.5 -0.4236 0.6219 -0.3953 -0.5238 -0.4274 0.7112 0.1224 -0.6661 -0.1886 0.5799 0.0434 -0.7303 0.3584 0.5926 0.3055 -0.6183 0.4163 0.939 0.0688 0.3344 0.0424 0.6254 0.0244 -0.7618 0.1668 0.6329 -0.194 -0.7321 0.1608 0.8923 -0.1843 0.4113 -0.0276
0.6059 -0.2522 -0.6014 -0.4557 0.6212 -0.4297 -0.5 -0.4236 0.6219 -0.3953 -0.5238 -0.4274 0.7112 0.1224 -0.6661 -0.1886 0.5799 0.0434 -0.7303 0.3584 0.5926 0.3055 -0.6183 0.4163 0.939 0.0688 0.3344 0.0424 0.6254 0.0244 -0.7618 0.1668 0.6329 -0.194 -0.7321 0.1608 0.8923 -0.1843 0.4113 -0.0276
0.6059 -0.2522 -0.6014 -0.4557 0.6212 -0.4297 -0.5 -0.4236 0.6208 -0.4316 -0.4956 -0.4274 0.7112 0.1224 -0.6661 -0.1886 0.5799 0.0434 -0.7303 0.3584 0.5926 0.3055 -0.6183 0.4163 0.939 0.0688 0.3344 0.0424 0.6254 0.0244 -0.7618 0.1668 0.6329 -0.194 -0.7321 0.1608 0.7722 -0.2034 0.6019 0.0145
0.6059 -0.2522 -0.6014 -0.4557 0.6212 -0.4297 -0.5 -0.4236 0.6208 -0.4316 -0.4956 -0.4274 0.7112 0.1224 -0.6661 -0.1886 0.5799 0.0434 -0.7303 0.3584 0.5926 0.3055 -0.6183 0.4163 0.939 0.0688 0.3344 0.0424 0.6254 0.0244 -0.7618 0.1668 0.6329 -0.194 -0.7321 0.1608 0.7722 -0.2034 0.6019 0.0145
0.6059 -0.2522 -0.6014 -0.4557 0.6212 -0.4297 -0.5 -0.4236 0.6208 -0.4316 -0.4956 -0.4274 0.7377 0.1013 -0.6362 -0.2018 0.5799 0.0434 -0.7303 0.3584 0.5926 0.3055 -0.6183 0.4163 0.939 0.0688 0.3344 0.0424 0.6254 0.0244 -0.7618 0.1668 0.6165 -0.224 -0.7088 0.2597 0.7722 -0.2034 0.6019 0.0145
0.6059 -0.2522 -0.6014 -0.4557 0.6212 -0.4297 -0.5 -0.4236 0.6208 -0.4316 -0.4956 -0.4274 0.7377 0.1013 -0.6362 -0.2018 0.5799 0.0434 -0.7303 0.3584 0.5926 0.3055 -0.6183 0.4163 0.939 0.0688 0.3344 0.0424 0.6254 0.0244 -0.7618 0.1668 0.6165 -0.224 -0.7088 0.2597 0.7722 -0.2034 0.6019 0.0145
0.6059 -0.2522 -0.6014 -0.4557 0.6261 -0.4422 -0.5306 -0.3618 0.6208 -0.4316 -0.4956 -0.4274 0.7377 0.1013 -0.6362 -0.2018 0.5799 0.0434 -0.7303 0.3584 0.5967 0.3314 -0.6044 0.4109 0.939 0.0688 0.3344 0.0424 0.6254 0.0244 -0.7618 0.1668 0.6165 -0.224 -0.7088 0.2597 0.7722 -0.2034 0.6019 0.0145
0.6059 -0.2522 -0.6014 -0.4557 0.6261 -0.4422 -0.5306 -0.3618 0.6208 -0.4316 -0.4956 -0.4274 0.7377 0.1013 -0.6362 -0.2018 0.5799 0.0434 -0.7303 0.3584 0.5967 0.3314 -0.6044 0.4109 0.9403 0.0681 0.3308 0.0414 0.6254 0.0244 -0.7618 0.1668 0.6165 -0.224 -0.7088 0.2597 0.7722 -0.2034 0.6019 0.0145
0.6059 -0.2522 -0.6014 -0.4557 0.6261 -0.4422 -0.5306 -0.3618 0.6616 -0.4008 -0.509 -0.3776 0.7377 0.1013 -0.6362 -0.2018 0.5799 0.0434 -0.7303 0.3584 0.5967 0.3314 -0.6044 0.4109 0.9403 0.0681 0.3308 0.0414 0.6254 0.0244 -0.7618 0.1668 0.6165 -0.224 -0.7088 0.2597 0.7969 -0.1643 0.5479 0.1942
0.6059 -0.2522 -0.6014 -0.4557 0.6261 -0.4422 -0.5306 -0.3618 0.6616 -0.4008 -0.509 -0.3776 0.7377 0.1013 -0.6362 -0.2018 0.5799 0.0434 -0.7303 0.3584 0.5967 0.3314 -0.6044 0.4109 0.9403 0.0681 0.3308 0.0414 0.6254 0.0244 -0.7618 0.1668 0.6165 -0.224 -0.7088 0.2597 0.7969 -0.1643 0.5479 0.1942
0.6059 -0.2522 -0.6014 -0.4557 0.6261 -0.4422 -0.5306 -0.3618 0.6616 -0.4008 -0.509 -0.3776 0.7386 0.173 -0.6311 -0.1619 0.5799 0.0434 -0.7303 0.3584 0.5967 0.3314 -0.6044 0.4109 0.9403 0.0681 0.3308 0.0414 0.6254 0.0244 -0.7618 0.1668 0.6165 -0.224 -0.7088 0.2597 0.7969 -0.1643 0.5479 0.1942
0.6059 -0.2522 -0.6014 -0.4557 0.6261 -0.4422 -0.5306 -0.3618 0.6616 -0.4008 -0.509 -0.3776 0.7386 0.173 -0.6311 -0.1619 0.5799 0.0434 -0.7303 0.3584 0.5967 0.3314 -0.6044 0.4109 0.9403 0.0681 0.3308 0.0414 0.6254 0.0244 -0.7618 0.1668 0.6165 -0.224 -0.7088 0.2597 0.7969 -0.1643 0.5479 0.1942
0.6059 -0.2522 -0.6014 -0.4557 0.6261 -0.4422 -0.5306 -0.3618 0.6616 -0.4008 -0.509 -0.3776 0.7386 0.173 -0.6311 -0.1619 0.5799 0.0434 -0.7303 0.3584 0.5959 0.3568 -0.593 0.4075 0.9403 0.0681 0.3308 0.0414 0.6254 0.0244 -0.7618 0.1668 0.6563 -0.0741 -0.7108 0.2421 0.7969 -0.1643 0.5479 0.1942
0.6059 -0.2522 -0.6014 -0.4557 0.6261 -0.4422 -0.5306 -0.3618 0.6616 -0.4008 -0.509 -0.3776 0.7386 0.173 -0.6311 -0.1619 0.5799 0.0434 -0.7303 0.3584 0.5959 0.3568 -0.593 0.4075 0.9403 0.0681 0.3308 0.0414 0.6254 0.0244 -0.7618 0.1668 0.6563 -0.0741 -0.7108 0.2421 0.7969 -0.1643 0.5479 0.1942
0.6059 -0.2522 -0.6014 -0.4557 0.6429 -0.4366 -0.5567 -0.2936 0.6616 -0.4008 -0.509 -0.3776 0.7386 0.173 -0.6311 -0.1619 0.5799 0.0434 -0.7303 0.3584 0.5959 0.3568 -0.593 0.4075 0.9408 0.0688 0.3293 0.0416 0.6254 0.0244 -0.7618 0.1668 0.6563 -0.0741 -0.7108 0.2421 0.7969 -0.1643 0.5479 0.1942
0.6059 -0.2522 -0.6014 -0.4557 0.6429 -0.4366 -0.5567 -0.2936 0.6616 -0.4008 -0.509 -0.3776 0.7386 0.173 -0.6311 -0.1619 0.5799 0.0434 -0.7303 0.3584 0.5959 0.3568 -0.593 0.4075 0.9408 0.0688 0.3293 0.0416 0.6254 0.0244 -0.7618 0.1668 0.6563 -0.0741 -0.7108 0.2421 0.7969 -0.1643 0.5479 0.1942
0.6059 -0.2522 -0.6014 -0.4557 0.6429 -0.4366 -0.5567 -0.2936 0.6778 -0.3799 -0.5246 -0.3478 0.7386 0.173 -0.6311 -0.1619 0.5799 0.0434 -0.7303 0.3584 0.5959 0.3568 -0.593 0.4075 0.9408 0.0688 0.3293 0.0416 0.6254 0.0244 -0.7618 0.1668 0.6563 -0.0741 -0.7108 0.2421 0.8841 -0.2393 0.368 0.1603
0.6059 -0.2522 -0.6014 -0.4557 0.6429 -0.4366 -0.5567 -0.2936 0.6778 -0.3799 -0.5246 -0.3478 0.7386 0.173 -0.6311 -0.1619 0.5799 0.0434 -0.7303 0.3584 0.5959 0.3568 -0.593 0.4075 0.9408 0.0688 0.3293 0.0416 0.6254 0.0244 -0.7618 0.1668 0.6563 -0.0741 -0.7108 0.2421 0.8841 -0.2393 0.368 0.1603
0.6059 -0.2522 -0.6014 -0.4557 0.6429 -0.4366 -0.5567 -0.2936 0.6778 -0.3799 -0.5246 -0.3478 0.7451 0.2034 -0.6226 -0.126 0.5799 0.0434 -0.7303 0.3584 0.5959 0.3568 -0.593 0.4075 0.9408 0.0688 0.3293 0.0416 0.6254 0.0244 -0.7618 0.1668 0.6623 0.0454 -0.7422 0.092 0.8841 -0.2393 0.368 0.1603
0.6059 -0.2522 -0.6014 -0.4557 0.6429 -0.4366 -0.5567 -0.2936 0.6778 -0.3799 -0.5246 -0.3478 0.7451 0.2034 -0.6226 -0.126 0.5799 0.0434 -0.7303 0.3584 0.6102 0.3682 -0.5869 0.3843 0.9408 0.0688 0.3293 0.0416 0.6254 0.0244 -0.7618 0.1668 0.6623 0.0454 -0.7422 0.092 0.8841 -0.2393 0.368 0.1603
0.6059 -0.2522 -0.6014 -0.4557 0.6511 -0.4389 -0.5642 -0.2551 0.6778 -0.3799 -0.5246 -0.3478 0.7451 0.2034 -0.6226 -0.126 0.5799 0.0434 -0.7303 0.3584 0.6102 0.3682 -0.5869 0.3843 0.9413 0.069 0.3278 0.0411 0.6254 0.0244 -0.7618 0.1668 0.6623 0.0454 -0.7422 0.092 0.8841 -0.2393 0.368 0.1603
0.6059 -0.2522 -0.6014 -0.4557 0.6511 -0.4389 -0.5642 -0.2551 0.6778 -0.3799 -0.5246 -0.3478 0.7451 0.2034 -0.6226 -0.126 0.5799 0.0434 -0.7303 0.3584 0.6102 0.3682 -0.5869 0.3843 0.9413 0.069 0.3278 0.0411 0.6254 0.0244 -0.7618 0.1668 0.6623 0.0454 -0.7422 0.092 0.8841 -0.2393 0.368 0.1603
0.6059 -0.2522 -0.6014 -0.4557 0.6511 -0.4389 -0.5642 -0.2551 0.6812 -0.3733 -0.5369 -0.3292 0.7451 0.2034 -0.6226 -0.126 0.5799 0.0434 -0.7303 0.3584 0.6102 0.3682 -0.5869 0.3843 0.9413 0.069 0.3278 0.0411 0.6254 0.0244 -0.7618 0.1668 0.6623 0.0454 -0.7422 0.092 0.9185 -0.2565 0.2878 0.088
0.6059 -0.2522 -0.6014 -0.4557 0.6511 -0.4389 -0.5642 -0.2551 0.6812 -0.3733 -0.5369 -0.3292 0.7451 0.2034 -0.6226 -0.126 0.5799 0.0434 -0.7303 0.3584 0.6102 0.3682 -0.5869 0.3843 0.9413 0.069 0.3278 0.0411 0.6254 0.0244 -0.7618 0.1668 0.6623 0.0454 -0.7422 0.092 0.9185 -0.2565 0.2878 0.088
0.6059 -0.2522 -0.6014 -0.4557 0.6511 -0.4389 -0.5642 -0.2551 0.6812 -0.3733 -0.5369 -0.3292 0.7625 0.1841 -0.6157 -0.0743 0.5799 0.0434 -0.7303 0.3584 0.6102 0.3682 -0.5869 0.3843 0.9413 0.069 0.3278 0.0411 0.6254 0.0244 -0.7618 0.1668 0.6623 0.0454 -0.7422 0.092 0.9185 -0.2565 0.2878 0.088
0.6059 -0.2522 -0.6014 -0.4557 0.6511 -0.4389 -0.5642 -0.2551 0.6812 -0.3733 -0.5369 -0.3292 0.7625 0.1841 -0.6157 -0.0743 0.5799 0.0434 -0.7303 0.3584 0.6102 0.3682 -0.5869 0.3843 0.9413 0.069 0.3278 0.0411 0.6254 0.0244 -0.7618 0.1668 0.6623 0.0454 -0.7422 0.092 0.9185 -0.2565 0.2878 0.088
0.6059 -0.2522 -0.6014 -0.4557 0.6511 -0.4389 -0.5642 -0.2551 0.6812 -0.3733 -0.5369 -0.3292 0.7625 0.1841 -0.6157 -0.0743 0.5799 0.0434 -0.7303 0.3584 0.6102 0.3682 -0.5869 0.3843 0.9413 0.069 0.3278 0.0411 0.6254 0.0244 -0.7618 0.1668 0.6623 0.0454 -0.7422 0.092 0.9185 -0.2565 0.2878 0.088
0.6059 -0.2522 -0.6014 -0.4557 0.6572 -0.4417 -0.5615 -0.2404 0.6812 -0.3733 -0.5369 -0.3292 0.7625 0.1841 -0.6157 -0.0743 0.5799 0.0434 -0.7303 0.3584 0.6263 0.3789 -0.5767 0.3628 0.9418 0.0698 0.3264 0.041 0.6254 0.0244 -0.7618 0.1668 0.6675 0.0676 -0.7357 -0.093 0.9185 -0.2565 0.2878 0.088
0.6059 -0.2522 -0.6014 -0.4557 0.6572 -0.4417 -0.5615 -0.2404 0.6812 -0.3733 -0.5369 -0.3292 0.7625 0.1841 -0.6157 -0.0743 0.5799 0.0434 -0.7303 0.3584 0.6263 0.3789 -0.5767 0.3628 0.9418 0.0698 0.3264 0.041 0.6254 0.0244 -0.7618 0.1668 0.6675 0.0676 -0.7357 -0.093 0.9485 -0.2093 0.2309 -0.0559
0.6059 -0.2522 -0.6014 -0.4557 0.6572 -0.4417 -0.5615 -0.2404 0.6837 -0.3597 -0.5576 -0.3035 0.7625 0.1841 -0.6157 -0.0743 0.5799 0.0434 -0.7303 0.3584 0.6263 0.3789 -0.5767 0.3628 0.9418 0.0698 0.3264 0.041 0.6254 0.0244 -0.7618 0.1668 0.6675 0.0676 -0.7357 -0.093 0.9485 -0.2093 0.2309 -0.0559
0.6059 -0.2522 -0.6014 -0.4557 0.6572 -0.4417 -0.5615 -0.2404 0.6837 -0.3597 -0.5576 -0.3035 0.7625 0.1841 -0.6157 -0.0743 0.6124 0.2443 -0.7087 0.2509 0.6263 0.3789 -0.5767 0.3628 0.9418 0.0698 0.3264 0.041 0.6254 0.0244 -0.7618 0.1668 0.6675 0.0676 -0.7357 -0.093 0.9485 -0.2093 0.2309 -0.0559
0.6059 -0.2522 -0.6014 -0.4557 0.6572 -0.4417 -0.5615 -0.2404 0.6837 -0.3597 -0.5576 -0.3035 0.77 0.1871 -0.6099 -0.0102 0.6124 0.2443 -0.7087 0.2509 0.6263 0.3789 -0.5767 0.3628 0.9418 0.0698 0.3264 0.041 0.6254 0.0244 -0.7618 0.1668 0.6675 0.0676 -0.7357 -0.093 0.9485 -0.2093 0.2309 -0.0559
0.6059 -0.2522 -0.6014 -0.4557 0.6572 -0.4417 -0.5615 -0.2404 0.6837 -0.3597 -0.5576 -0.3035 0.77 0.1871 -0.6099 -0.0102 0.6124 0.2443 -0.7087 0.2509 0.6263 0.3789 -0.5767 0.3628 0.9418 0.0698 0.3264 0.041 0.6254 0.0244 -0.7618 0.1668 0.6675 0.0676 -0.7357 -0.093 0.9485 -0.2093 0.2309 -0.0559
0.6059 -0.2522 -0.6014 -0.4557 0.6572 -0.4417 -0.5615 -0.2404 0.6837 -0.3597 -0.5576 -0.3035 0.77 0.1871 -0.6099 -0.0102 0.6124 0.2443 -0.7087 0.2509 0.6263 0.3789 -0.5767 0.3628 0.9418 0.0698 0.3264 0.041 0.6254 0.0244 -0.7618 0.1668 0.6675 0.0676 -0.7357 -0.093 0.9485 -0.2093 0.2309 -0.0559
0.6059 -0.2522 -0.6014 -0.4557 0.6634 -0.4453 -0.5532 -0.2358 0.6837 -0.3597 -0.5576 -0.3035 0.77 0.1871 -0.6099 -0.0102 0.6124 0.2443 -0.7087 0.2509 0.6674 0.3836 -0.5505 0.3232 0.9418 0.0698 0.3264 0.041 0.6254 0.0244 -0.7618 0.1668 0.6665 0.0527 -0.7348 -0.1144 0.9485 -0.2093 0.2309 -0.0559
0.6059 -0.2522 -0.6014 -0.4557 0.6634 -0.4453 -0.5532 -0.2358 0.6837 -0.3597 -0.5576 -0.3035 0.77 0.1871 -0.6099 -0.0102 0.6124 0.2443 -0.7087 0.2509 0.6674 0.3836 -0.5505 0.3232 0.9383 0.0772 0.3345 0.0419 0.6254 0.0244 -0.7618 0.1668 0.6665 0.0527 -0.7348 -0.1144 0.9485 -0.2093 0.2309 -0.0559
0.6059 -0.2522 -0.6014 -0.4557 0.6634 -0.4453 -0.5532 -0.2358 0.6871 -0.3328 -0.5845 -0.2747 0.77 0.1871 -0.6099 -0.0102 0.6124 0.2443 -0.7087 0.2509 0.6674 0.3836 -0.5505 0.3232 0.9383 0.0772 0.3345 0.0419 0.6254 0.0244 -0.7618 0.1668 0.6665 0.0527 -0.7348 -0.1144 0.923 -0.2002 0.3282 -0.014
0.6059 -0.2522 -0.6014 -0.4557 0.6634 -0.4453 -0.5532 -0.2358 0.6871 -0.3328 -0.5845 -0.2747 0.77 0.1871 -0.6099 -0.0102 0.6255 0.2297 -0.7135 0.2165 0.6674 0.3836 -0.5505 0.3232 0.9383 0.0772 0.3345 0.0419 0.6254 0.0244 -0.7618 0.1668 0.6665 0.0527 -0.7348 -0.1144 0.923 -0.2002 0.3282 -0.014
0.6059 -0.2522 -0.6014 -0.4557 0.6634 -0.4453 -0.5532 -0.2358 0.6871 -0.3328 -0.5845 -0.2747 0.77 0.1871 -0.6099 -0.0102 0.6255 0.2297 -0.7135 0.2165 0.6674 0.3836 -0.5505 0.3232 0.9383 0.0772 0.3345 0.0419 0.6254 0.0244 -0.7618 0.1668 0.6665 0.0527 -0.7348 -0.1144 0.923 -0.2002 0.3282 -0.014
0.6059 -0.2522 -0.6014 -0.4557 0.6634 -0.4453 -0.5532 -0.2358 0.6871 -0.3328 -0.5845 -0.2747 0.7673 0.1975 -0.6083 0.0467 0.6255 0.2297 -0.7135 0.2165 0.6674 0.3836 -0.5505 0.3232 0.9383 0.0772 0.3345 0.0419 0.6254 0.0244 -0.7618 0.1668 0.6665 0.0527 -0.7348 -0.1144 0.923 -0.2002 0.3282 -0.014
0.6059 -0.2522 -0.6014 -0.4557 0.6634 -0.4453 -0.5532 -0.2358 0.6871 -0.3328 -0.5845 -0.2747 0.7673 0.1975 -0.6083 0.0467 0.6255 0.2297 -0.7135 0.2165 0.6674 0.3836 -0.5505 0.3232 0.9383 0.0772 0.3345 0.0419 0.6254 0.0244 -0.7618 0.1668 0.6665 0.0527 -0.7348 -0.1144 0.923 -0.2002 0.3282 -0.014
0.6059 -0.2522 -0.6014 -0.4557 0.6634 -0.4453 -0.5532 -0.2358 0.6871 -0.3328 -0.5845 -0.2747 0.7673 0.1975 -0.6083 0.0467 0.6255 0.2297 -0.7135 0.2165 0.6674 0.3836 -0.5505 0.3232 0.8682 0.0543 0.4932 -0.0026 0.6254 0.0244 -0.7618 0.1668 0.6433 -0.0294 -0.7583 -0.101 0.923 -0.2002 0.3282 -0.014
0.6059 -0.2522 -0.6014 -0.4557 0.6634 -0.4453 -0.5532 -0.2358 0.6871 -0.3328 -0.5845 -0.2747 0.7673 0.1975 -0.6083 0.0467 0.6255 0.2297 -0.7135 0.2165 0.6674 0.3836 -0.5505 0.3232 0.8682 0.0543 0.4932 -0.0026 0.6254 0.0244 -0.7618 0.1668 0.6433 -0.0294 -0.7583 -0.101 0.923 -0.2002 0.3282 -0.014
0.6059 -0.2522 -0.6014 -0.4557 0.6634 -0.4453 -0.5532 -0.2358 0.6755 -0.3257 -0.5869 -0.3053 0.7673 0.1975 -0.6083 0.0467 0.6255 0.2297 -0.7135 0.2165 0.6674 0.3836 -0.5505 0.3232 0.8682 0.0543 0.4932 -0.0026 0.6254 0.0244 -0.7618 0.1668 0.6433 -0.0294 -0.7583 -0.101 0.9189 -0.1907 0.345 -0.0096
0.6059 -0.2522 -0.6014 -0.4557 0.6634 -0.4453 -0.5532 -0.2358 0.6755 -0.3257 -0.5869 -0.3053 0.7673 0.1975 -0.6083 0.0467 0.6255 0.2297 -0.7135 0.2165 0.6674 0.3836 -0.5505 0.3232 0.8682 0.0543 0.4932 -0.0026 0.6254 0.0244 -0.7618 0.1668 0.6433 -0.0294 -0.7583 -0.101 0.9189 -0.1907 0.345 -0.0096
0.6848 -0.2366 -0.5937 -0.3502 0.6634 -0.4453 -0.5532 -0.2358 0.6755 -0.3257 -0.5869 -0.3053 0.7619 0.1849 -0.6207 0.0103 0.6116 0.1511 -0.73 0.2651 0.6674 0.3836 -0.5505 0.3232 0.8682 0.0543 0.4932 -0.0026 0.7089 0.0553 -0.7028 -0.024 0.6433 -0.0294 -0.7583 -0.101 0.9189 -0.1907 0.345 -0.0096
0.6848 -0.2366 -0.5937 -0.3502 0.6634 -0.4453 -0.5532 -0.2358 0.6755 -0.3257 -0.5869 -0.3053 0.7619 0.1849 -0.6207 0.0103 0.6116 0.1511 -0.73 0.2651 0.6674 0.3836 -0.5505 0.3232 0.8682 0.0543 0.4932 -0.0026 0.7089 0.0553 -0.7028 -0.024 0.6433 -0.0294 -0.7583 -0.101 0.9189 -0.1907 0.345 -0.0096
0.6848 -0.2366 -0.5937 -0.3502 0.6634 -0.4453 -0.5532 -0.2358 0.6755 -0.3257 -0.5869 -0.3053 0.7619 0.1849 -0.6207 0.0103 0.6116 0.1511 -0.73 0.2651 0.7878 0.433 -0.408 0.1597 0.8682 0.0543 0.4932 -0.0026 0.7089 0.0553 -0.7028 -0.024 0.6321 -0.0263 -0.7714 -0.0685 0.9189 -0.1907 0.345 -0.0096
0.6848 -0.2366 -0.5937 -0.3502 0.6634 -0.4453 -0.5532 -0.2358 0.6755 -0.3257 -0.5869 -0.3053 0.7619 0.1849 -0.6207 0.0103 0.6116 0.1511 -0.73 0.2651 0.7878 0.433 -0.408 0.1597 0.8682 0.0543 0.4932 -0.0026 0.7089 0.0553 -0.7028 -0.024 0.6321 -0.0263 -0.7714 -0.0685 0.9189 -0.1907 0.345 -0.0096
0.6848 -0.2366 -0.5937 -0.3502 0.6682 -0.4626 -0.5228 -0.2572 0.6755 -0.3257 -0.5869 -0.3053 0.7619 0.1849 -0.6207 0.0103 0.6116 0.1511 -0.73 0.2651 0.7878 0.433 -0.408 0.1597 0.7849 0.0293 0.6103 -0.1028 0.7089 0.0553 -0.7028 -0.024 0.6321 -0.0263 -0.7714 -0.0685 0.9189 -0.1907 0.345 -0.0096
0.6848 -0.2366 -0.5937 -0.3502 0.6682 -0.4626 -0.5228 -0.2572 0.6755 -0.3257 -0.5869 -0.3053 0.7619 0.1849 -0.6207 0.0103 0.6116 0.1511 -0.73 0.2651 0.7878 0.433 -0.408 0.1597 0.7849 0.0293 0.6103 -0.1028 0.7089 0.0553 -0.7028 -0.024 0.6321 -0.0263 -0.7714 -0.0685 0.9189 -0.1907 0.345 -0.0096
0.6848 -0.2366 -0.5937 -0.3502 0.6682 -0.4626 -0.5228 -0.2572 0.6602 -0.3403 -0.5726 -0.3471 0.7619 0.1849 -0.6207 0.0103 0.6116 0.1511 -0.73 0.2651 0.7878 0.433 -0.408 0.1597 0.7849 0.0293 0.6103 -0.1028 0.7089 0.0553 -0.7028 -0.024 0.6321 -0.0263 -0.7714 -0.0685 0.9189 -0.1907 0.345 -0.0096
0.6848 -0.2366 -0.5937 -0.3502 0.6682 -0.4626 -0.5228 -0.2572 0.6602 -0.3403 -0.5726 -0.3471 0.7619 0.1849 -0.6207 0.0103 0.6116 0.1511 -0.73 0.2651 0.7878 0.433 -0.408 0.1597 0.7849 0.0293 0.6103 -0.1028 0.7089 0.0553 -0.7028 -0.024 0.6321 -0.0263 -0.7714 -0.0685 0.9189 -0.1907 0.345 -0.0096
0.6848 -0.2366 -0.5937 -0.3502 0.6682 -0.4626 -0.5228 -0.2572 0.6602 -0.3403 -0.5726 -0.3471 0.7323 0.1881 -0.6484 -0.0894 0.6116 0.1511 -0.73 0.2651 0.7878 0.433 -0.408 0.1597 0.7849 0.0293 0.6103 -0.1028 0.7089 0.0553 -0.7028 -0.024 0.6321 -0.0263 -0.7714 -0.0685 0.9189 -0.1907 0.345 -0.0096
0.6848 -0.2366 -0.5937 -0.3502 0.6682 -0.4626 -0.5228 -0.2572 0.6602 -0.3403 -0.5726 -0.3471 0.7323 0.1881 -0.6484 -0.0894 0.6116 0.1511 -0.73 0.2651 0.7878 0.433 -0.408 0.1597 0.7849 0.0293 0.6103 -0.1028 0.7089 0.0553 -0.7028 -0.024 0.6321 -0.0263 -0.7714 -0.0685 0.9189 -0.1907 0.345 -0.0096
0.6848 -0.2366 -0.5937 -0.3502 0.647 -0.5042 -0.4904 -0.2943 0.6602 -0.3403 -0.5726 -0.3471 0.7323 0.1881 -0.6484 -0.0894 0.6116 0.1511 -0.73 0.2651 0.7878 0.433 -0.408 0.1597 0.7849 0.0293 0.6103 -0.1028 0.7089 0.0553 -0.7028 -0.024 0.6321 -0.0263 -0.7714 -0.0685 0.9189 -0.1907 0.345 -0.0096
0.6848 -0.2366 -0.5937 -0.3502 0.647 -0.5042 -0.4904 -0.2943 0.6602 -0.3403 -0.5726 -0.3471 0.7323 0.1881 -0.6484 -0.0894 0.6116 0.1511 -0.73 0.2651 0.7878 0.433 -0.408 0.1597 0.826 0.0892 0.5492 -0.0897 0.7089 0.0553 -0.7028 -0.024 0.6321 -0.0263 -0.7714 -0.0685 0.9189 -0.1907 0.345 -0.0096
0.6848 -0.2366 -0.5937 -0.3502 0.647 -0.5042 -0.4904 -0.2943 0.6602 -0.3403 -0.5726 -0.3471 0.7323 0.1881 -0.6484 -0.0894 0.6116 0.1511 -0.73 0.2651 0.7878 0.433 -0.408 0.1597 0.826 0.0892 0.5492 -0.0897 0.7089 0.0553 -0.7028 -0.024 0.6321 -0.0263 -0.7714 -0.0685 0.9189 -0.1907 0.345 -0.0096
0.6848 -0.2366 -0.5937 -0.3502 0.647 -0.5042 -0.4904 -0.2943 0.6332 -0.3518 -0.534 -0.436 0.7323 0.1881 -0.6484 -0.0894 0.6116 0.1511 -0.73 0.2651 0.7878 0.433 -0.408 0.1597 0.826 0.0892 0.5492 -0.0897 0.7089 0.0553 -0.7028 -0.024 0.6321 -0.0263 -0.7714 -0.0685 0.9173 -0.188 0.3509 -0.0076
0.6848 -0.2366 -0.5937 -0.3502 0.647 -0.5042 -0.4904 -0.2943 0.6332 -0.3518 -0.534 -0.436 0.7074 0.179 -0.6566 -0.1909 0.6116 0.1511 -0.73 0.2651 0.7878 0.433 -0.408 0.1597 0.826 0.0892 0.5492 -0.0897 0.7089 0.0553 -0.7028 -0.024 0.6321 -0.0263 -0.7714 -0.0685 0.9173 -0.188 0.3509 -0.0076
0.6848 -0.2366 -0.5937 -0.3502 0.647 -0.5042 -0.4904 -0.2943 0.6332 -0.3518 -0.534 -0.436 0.7074 0.179 -0.6566 -0.1909 0.6116 0.1511 -0.73 0.2651 0.7878 0.433 -0.408 0.1597 0.826 0.0892 0.5492 -0.0897 0.7089 0.0553 -0.7028 -0.024 0.6321 -0.0263 -0.7714 -0.0685 0.9173 -0.188 0.3509 -0.0076
0.6848 -0.2366 -0.5937 -0.3502 0.647 -0.5042 -0.4904 -0.2943 0.6332 -0.3518 -0.534 -0.436 0.7074 0.179 -0.6566 -0.1909 0.6116 0.1511 -0.73 0.2651 0.7878 0.433 -0.408 0.1597 0.826 0.0892 0.5492 -0.0897 0.7089 0.0553 -0.7028 -0.024 0.6321 -0.0263 -0.7714 -0.0685 0.9173 -0.188 0.3509 -0.0076
0.6848 -0.2366 -0.5937 -0.3502 0.6469 -0.4997 -0.4809 -0.317 0.6332 -0.3518 -0.534 -0.436 0.7074 0.179 -0.6566 -0.1909 0.6116 0.1511 -0.73 0.2651 0.7878 0.433 -0.408 0.1597 0.8945 0.1268 0.4267 -0.0426 0.7089 0.0553 -0.7028 -0.024 0.6321 -0.0263 -0.7714 -0.0685 0.9173 -0.188 0.3509 -0.0076
0.6848 -0.2366 -0.5937 -0.3502 0.6469 -0.4997 -0.4809 -0.317 0.6332 -0.3518 -0.534 -0.436 0.7074 0.179 -0.6566 -0.1909 0.6116 0.1511 -0.73 0.2651 0.7878 0.433 -0.408 0.1597 0.8945 0.1268 0.4267 -0.0426 0.7089 0.0553 -0.7028 -0.024 0.6321 -0.0263 -0.7714 -0.0685 0.9173 -0.188 0.3509 -0.0076
0.6848 -0.2366 -0.5937 -0.3502 0.6469 -0.4997 -0.4809 -0.317 0.6203 -0.3492 -0.5139 -0.4788 0.7074 0.179 -0.6566 -0.1909 0.6116 0.1511 -0.73 0.2651 0.7878 0.433 -0.408 0.1597 0.8945 0.1268 0.4267 -0.0426 0.7089 0.0553 -0.7028 -0.024 0.6321 -0.0263 -0.7714 -0.0685 0.9175 -0.1859 0.3517 -0.0062
0.6848 -0.2366 -0.5937 -0.3502 0.6469 -0.4997 -0.4809 -0.317 0.6203 -0.3492 -0.5139 -0.4788 0.7074 0.179 -0.6566 -0.1909 0.6116 0.1511 -0.73 0.2651 0.7878 0.433 -0.408 0.1597 0.8945 0.1268 0.4267 -0.0426 0.6584 0.0139 -0.7495 0.0671 0.6321 -0.0263 -0.7714 -0.0685 0.9175 -0.1859 0.3517 -0.0062
0.6848 -0.2366 -0.5937 -0.3502 0.6469 -0.4997 -0.4809 -0.317 0.6203 -0.3492 -0.5139 -0.4788 0.7074 0.179 -0.6566 -0.1909 0.6116 0.1511 -0.73 0.2651 0.7878 0.433 -0.408 0.1597 0.8945 0.1268 0.4267 -0.0426 0.6584 0.0139 -0.7495 0.0671 0.6321 -0.0263 -0.7714 -0.0685 0.9175 -0.1859 0.3517 -0.0062
0.6556 -0.2852 -0.5575 -0.4219 0.6469 -0.4997 -0.4809 -0.317 0.6203 -0.3492 -0.5139 -0.4788 0.688 0.1848 -0.6682 -0.2145 0.6116 0.1511 -0.73 0.2651 0.7878 0.433 -0.408 0.1597 0.8945 0.1268 0.4267 -0.0426 0.6584 0.0139 -0.7495 0.0671 0.6321 -0.0263 -0.7714 -0.0685 0.9175 -0.1859 0.3517 -0.0062
0.6556 -0.2852 -0.5575 -0.4219 0.6469 -0.4997 -0.4809 -0.317 0.6203 -0.3492 -0.5139 -0.4788 0.688 0.1848 -0.6682 -0.2145 0.6116 0.1511 -0.73 0.2651 0.7878 0.433 -0.408 0.1597 0.8945 0.1268 0.4267 -0.0426 0.6584 0.0139 -0.7495 0.0671 0.6321 -0.0263 -0.7714 -0.0685 0.9175 -0.1859 0.3517 -0.0062
0.6556 -0.2852 -0.5575 -0.4219 0.6418 -0.495 -0.4691 -0.3507 0.6203 -0.3492 -0.5139 -0.4788 0.688 0.1848 -0.6682 -0.2145 0.6116 0.1511 -0.73 0.2651 0.7878 0.433 -0.408 0.1597 0.8945 0.1268 0.4267 -0.0426 0.6584 0.0139 -0.7495 0.0671 0.6321 -0.0263 -0.7714 -0.0685 0.9175 -0.1859 0.3517 -0.0062
0.6556 -0.2852 -0.5575 -0.4219 0.6418 -0.495 -0.4691 -0.3507 0.6203 -0.3492 -0.5139 -0.4788 0.688 0.1848 -0.6682 -0.2145 0.6116 0.1511 -0.73 0.2651 0.7878 0.433 -0.408 0.1597 0.9111 0.1239 0.3929 -0.0072 0.6584 0.0139 -0.7495 0.0671 0.6321 -0.0263 -0.7714 -0.0685 0.9175 -0.1859 0.3517 -0.0062
0.6556 -0.2852 -0.5575 -0.4219 0.6418 -0.495 -0.4691 -0.3507 0.6145 -0.3394 -0.5296 -0.4761 0.688 0.1848 -0.6682 -0.2145 0.6116 0.1511 -0.73 0.2651 0.7878 0.433 -0.408 0.1597 0.9111 0.1239 0.3929 -0.0072 0.6584 0.0139 -0.7495 0.0671 0.6321 -0.0263 -0.7714 -0.0685 0.9172 -0.1857 0.3526 -0.0047
0.6556 -0.2852 -0.5575 -0.4219 0.6418 -0.495 -0.4691 -0.3507 0.6145 -0.3394 -0.5296 -0.4761 0.688 0.1848 -0.6682 -0.2145 0.6116 0.1511 -0.73 0.2651 0.7878 0.433 -0.408 0.1597 0.9111 0.1239 0.3929 -0.0072 0.6584 0.0139 -0.7495 0.0671 0.6321 -0.0263 -0.7714 -0.0685 0.9172 -0.1857 0.3526 -0.0047
0.6556 -0.2852 -0.5575 -0.4219 0.6418 -0.495 -0.4691 -0.3507 0.6145 -0.3394 -0.5296 -0.4761 0.688 0.1848 -0.6682 -0.2145 0.6116 0.1511 -0.73 0.2651 0.7878 0.433 -0.408 0.1597 0.9111 0.1239 0.3929 -0.0072 0.6584 0.0139 -0.7495 0.0671 0.6321 -0.0263 -0.7714 -0.0685 0.9172 -0.1857 0.3526 -0.0047
0.6295 -0.2964 -0.5547 -0.4563 0.6418 -0.495 -0.4691 -0.3507 0.6145 -0.3394 -0.5296 -0.4761 0.6772 0.1836 -0.6824 -0.2049 0.5234 0.0026 -0.7181 0.4586 0.7878 0.433 -0.408 0.1597 0.9111 0.1239 0.3929 -0.0072 0.6411 0.0034 -0.7598 0.1078 0.6321 -0.0263 -0.7714 -0.0685 0.9172 -0.1857 0.3526 -0.0047
0.6295 -0.2964 -0.5547 -0.4563 0.6418 -0.495 -0.4691 -0.3507 0.6145 -0.3394 -0.5296 -0.4761 0.6772 0.1836 -0.6824 -0.2049 0.5234 0.0026 -0.7181 0.4586 0.7878 0.433 -0.408 0.1597 0.9111 0.1239 0.3929 -0.0072 0.6411 0.0034 -0.7598 0.1078 0.6321 -0.0263 -0.7714 -0.0685 0.9172 -0.1857 0.3526 -0.0047
0.6295 -0.2964 -0.5547 -0.4563 0.6293 -0.4879 -0.4545 -0.3992 0.6145 -0.3394 -0.5296 -0.4761 0.6772 0.1836 -0.6824 -0.2049 0.5234 0.0026 -0.7181 0.4586 0.7878 0.433 -0.408 0.1597 0.9296 0.0878 0.355 0.0471 0.6411 0.0034 -0.7598 0.1078 0.6321 -0.0263 -0.7714 -0.0685 0.9172 -0.1857 0.3526 -0.0047
0.6295 -0.2964 -0.5547 -0.4563 0.6293 -0.4879 -0.4545 -0.3992 0.6145 -0.3394 -0.5296 -0.4761 0.6772 0.1836 -0.6824 -0.2049 0.5234 0.0026 -0.7181 0.4586 0.7878 0.433 -0.408 0.1597 0.9296 0.0878 0.355 0.0471 0.6411 0.0034 -0.7598 0.1078 0.6321 -0.0263 -0.7714 -0.0685 0.9172 -0.1857 0.3526 -0.0047
0.6295 -0.2964 -0.5547 -0.4563 0.6293 -0.4879 -0.4545 -0.3992 0.6094 -0.3488 -0.5383 -0.4661 0.6772 0.1836 -0.6824 -0.2049 0.5234 0.0026 -0.7181 0.4586 0.7878 0.433 -0.408 0.1597 0.9296 0.0878 0.355 0.0471 0.6411 0.0034 -0.7598 0.1078 0.6321 -0.0263 -0.7714 -0.0685 0.9161 -0.1832 0.3565 0.0024
0.6295 -0.2964 -0.5547 -0.4563 0.6293 -0.4879 -0.4545 -0.3992 0.6094 -0.3488 -0.5383 -0.4661 0.6772 0.1836 -0.6824 -0.2049 0.5234 0.0026 -0.7181 0.4586 0.7878 0.433 -0.408 0.1597 0.9296 0.0878 0.355 0.0471 0.624 0.0073 -0.7677 0.1459 0.6321 -0.0263 -0.7714 -0.0685 0.9161 -0.1832 0.3565 0.0024
0.6295 -0.2964 -0.5547 -0.4563 0.6293 -0.4879 -0.4545 -0.3992 0.6094 -0.3488 -0.5383 -0.4661 0.6965 0.173 -0.6757 -0.1682 0.5234 0.0026 -0.7181 0.4586 0.7878 0.433 -0.408 0.1597 0.9296 0.0878 0.355 0.0471 0.624 0.0073 -0.7677 0.1459 0.6321 -0.0263 -0.7714 -0.0685 0.9161 -0.1832 0.3565 0.0024
0.6295 -0.2964 -0.5547 -0.4563 0.6293 -0.4879 -0.4545 -0.3992 0.6094 -0.3488 -0.5383 -0.4661 0.6965 0.173 -0.6757 -0.1682 0.5234 0.0026 -0.7181 0.4586 0.7878 0.433 -0.408 0.1597 0.9296 0.0878 0.355 0.0471 0.624 0.0073 -0.7677 0.1459 0.6321 -0.0263 -0.7714 -0.0685 0.9161 -0.1832 0.3565 0.0024
0.6295 -0.2964 -0.5547 -0.4563 0.6293 -0.4879 -0.4545 -0.3992 0.6094 -0.3488 -0.5383 -0.4661 0.6965 0.173 -0.6757 -0.1682 0.5234 0.0026 -0.7181 0.4586 0.7878 0.433 -0.408 0.1597 0.9296 0.0878 0.355 0.0471 0.624 0.0073 -0.7677 0.1459 0.6409 -0.1423 -0.7485 0.0933 0.9161 -0.1832 0.3565 0.0024
0.6295 -0.2964 -0.5547 -0.4563 0.6293 -0.4879 -0.4545 -0.3992 0.6094 -0.3488 -0.5383 -0.4661 0.6965 0.173 -0.6757 -0.1682 0.5234 0.0026 -0.7181 0.4586 0.7878 0.433 -0.408 0.1597 0.9296 0.0878 0.355 0.0471 0.624 0.0073 -0.7677 0.1459 0.6409 -0.1423 -0.7485 0.0933 0.9161 -0.1832 0.3565 0.0024
0.6295 -0.2964 -0.5547 -0.4563 0.6302 -0.4597 -0.4592 -0.425 0.6094 -0.3488 -0.5383 -0.4661 0.6965 0.173 -0.6757 -0.1682 0.5234 0.0026 -0.7181 0.4586 0.601 0.2972 -0.614 0.4165 0.9413 0.0667 0.3297 0.0274 0.624 0.0073 -0.7677 0.1459 0.6409 -0.1423 -0.7485 0.0933 0.9161 -0.1832 0.3565 0.0024
0.6295 -0.2964 -0.5547 -0.4563 0.6302 -0.4597 -0.4592 -0.425 0.6392 -0.3646 -0.5431 -0.4044 0.6965 0.173 -0.6757 -0.1682 0.5234 0.0026 -0.7181 0.4586 0.601 0.2972 -0.614 0.4165 0.9413 0.0667 0.3297 0.0274 0.624 0.0073 -0.7677 0.1459 0.6409 -0.1423 -0.7485 0.0933 0.8787 -0.2043 0.431 0.0174
0.6295 -0.2964 -0.5547 -0.4563 0.6302 -0.4597 -0.4592 -0.425 0.6392 -0.3646 -0.5431 -0.4044 0.6965 0.173 -0.6757 -0.1682 0.5234 0.0026 -0.7181 0.4586 0.601 0.2972 -0.614 0.4165 0.9413 0.0667 0.3297 0.0274 0.624 0.0073 -0.7677 0.1459 0.6409 -0.1423 -0.7485 0.0933 0.8787 -0.2043 0.431 0.0174
0.6295 -0.2964 -0.5547 -0.4563 0.6302 -0.4597 -0.4592 -0.425 0.6392 -0.3646 -0.5431 -0.4044 0.7403 0.1394 -0.6462 -0.1225 0.5234 0.0026 -0.7181 0.4586 0.601 0.2972 -0.614 0.4165 0.9413 0.0667 0.3297 0.0274 0.624 0.0073 -0.7677 0.1459 0.6409 -0.1423 -0.7485 0.0933 0.8787 -0.2043 0.431 0.0174
0.6295 -0.2964 -0.5547 -0.4563 0.6302 -0.4597 -0.4592 -0.425 0.6392 -0.3646 -0.5431 -0.4044 0.7403 0.1394 -0.6462 -0.1225 0.5234 0.0026 -0.7181 0.4586 0.601 0.2972 -0.614 0.4165 0.9413 0.0667 0.3297 0.0274 0.624 0.0073 -0.7677 0.1459 0.6409 -0.1423 -0.7485 0.0933 0.8787 -0.2043 0.431 0.0174
0.6295 -0.2964 -0.5547 -0.4563 0.6302 -0.4597 -0.4592 -0.425 0.6392 -0.3646 -0.5431 -0.4044 0.7403 0.1394 -0.6462 -0.1225 0.5234 0.0026 -0.7181 0.4586 0.601 0.2972 -0.614 0.4165 0.9413 0.0667 0.3297 0.0274 0.624 0.0073 -0.7677 0.1459 0.6409 -0.1423 -0.7485 0.0933 0.8787 -0.2043 0.431 0.0174
0.6295 -0.2964 -0.5547 -0.4563 0.6302 -0.4576 -0.4975 -0.3819 0.6392 -0.3646 -0.5431 -0.4044 0.7403 0.1394 -0.6462 -0.1225 0.5234 0.0026 -0.7181 0.4586 0.6038 0.3282 -0.6146 0.3873 0.9384 0.079 0.3345 0.0354 0.624 0.0073 -0.7677 0.1459 0.6505 -0.1792 -0.6992 0.2365 0.8787 -0.2043 0.431 0.0174
0.6295 -0.2964 -0.5547 -0.4563 0.6302 -0.4576 -0.4975 -0.3819 0.6392 -0.3646 -0.5431 -0.4044 0.7403 0.1394 -0.6462 -0.1225 0.5234 0.0026 -0.7181 0.4586 0.6038 0.3282 -0.6146 0.3873 0.9384 0.079 0.3345 0.0354 0.624 0.0073 -0.7677 0.1459 0.6505 -0.1792 -0.6992 0.2365 0.8787 -0.2043 0.431 0.0174
0.6295 -0.2964 -0.5547 -0.4563 0.6302 -0.4576 -0.4975 -0.3819 0.6589 -0.3816 -0.525 -0.3802 0.7403 0.1394 -0.6462 -0.1225 0.5234 0.0026 -0.7181 0.4586 0.6038 0.3282 -0.6146 0.3873 0.9384 0.079 0.3345 0.0354 0.624 0.0073 -0.7677 0.1459 0.6505 -0.1792 -0.6992 0.2365 0.7693 -0.2066 0.5947 0.1083
0.6295 -0.2964 -0.5547 -0.4563 0.6302 -0.4576 -0.4975 -0.3819 0.6589 -0.3816 -0.525 -0.3802 0.7403 0.1394 -0.6462 -0.1225 0.5234 0.0026 -0.7181 0.4586 0.6038 0.3282 -0.6146 0.3873 0.9384 0.079 0.3345 0.0354 0.624 0.0073 -0.7677 0.1459 0.6505 -0.1792 -0.6992 0.2365 0.7693 -0.2066 0.5947 0.1083
0.6122 -0.2529 -0.6146 -0.4283 0.6302 -0.4576 -0.4975 -0.3819 0.6589 -0.3816 -0.525 -0.3802 0.7595 0.1385 -0.6212 -0.1348 0.5411 0.1727 -0.7251 0.3895 0.6038 0.3282 -0.6146 0.3873 0.9384 0.079 0.3345 0.0354 0.6899 0.1156 -0.7007 0.1404 0.6505 -0.1792 -0.6992 0.2365 0.7693 -0.2066 0.5947 0.1083
0.6122 -0.2529 -0.6146 -0.4283 0.6302 -0.4576 -0.4975 -0.3819 0.6589 -0.3816 -0.525 -0.3802 0.7595 0.1385 -0.6212 -0.1348 0.5411 0.1727 -0.7251 0.3895 0.6038 0.3282 -0.6146 0.3873 0.9384 0.079 0.3345 0.0354 0.6899 0.1156 -0.7007 0.1404 0.6505 -0.1792 -0.6992 0.2365 0.7693 -0.2066 0.5947 0.1083
0.6122 -0.2529 -0.6146 -0.4283 0.6302 -0.4576 -0.4975 -0.3819 0.6589 -0.3816 -0.525 -0.3802 0.7595 0.1385 -0.6212 -0.1348 0.5411 0.1727 -0.7251 0.3895 0.6038 0.3282 -0.6146 0.3873 0.9384 0.079 0.3345 0.0354 0.6899 0.1156 -0.7007 0.1404 0.6505 -0.1792 -0.6992 0.2365 0.7693 -0.2066 0.5947 0.1083
0.6122 -0.2529 -0.6146 -0.4283 0.6271 -0.4755 -0.5168 -0.3369 0.6589 -0.3816 -0.525 -0.3802 0.7595 0.1385 -0.6212 -0.1348 0.5411 0.1727 -0.7251 0.3895 0.6038 0.3282 -0.6146 0.3873 0.933 0.0931 0.3443 0.0482 0.6899 0.1156 -0.7007 0.1404 0.6505 -0.1792 -0.6992 0.2365 0.7693 -0.2066 0.5947 0.1083
0.6122 -0.2529 -0.6146 -0.4283 0.6271 -0.4755 -0.5168 -0.3369 0.6589 -0.3816 -0.525 -0.3802 0.7595 0.1385 -0.6212 -0.1348 0.5411 0.1727 -0.7251 0.3895 0.6038 0.3282 -0.6146 0.3873 0.933 0.0931 0.3443 0.0482 0.6899 0.1156 -0.7007 0.1404 0.6505 -0.1792 -0.6992 0.2365 0.8161 -0.1922 0.5105 0.191
0.6122 -0.2529 -0.6146 -0.4283 0.6271 -0.4755 -0.5168 -0.3369 0.6879 -0.3671 -0.5197 -0.3493 0.7595 0.1385 -0.6212 -0.1348 0.5411 0.1727 -0.7251 0.3895 0.6038 0.3282 -0.6146 0.3873 0.933 0.0931 0.3443 0.0482 0.6899 0.1156 -0.7007 0.1404 0.6505 -0.1792 -0.6992 0.2365 0.8161 -0.1922 0.5105 0.191
0.6122 -0.2529 -0.6146 -0.4283 0.6271 -0.4755 -0.5168 -0.3369 0.6879 -0.3671 -0.5197 -0.3493 0.7595 0.1385 -0.6212 -0.1348 0.5411 0.1727 -0.7251 0.3895 0.6038 0.3282 -0.6146 0.3873 0.933 0.0931 0.3443 0.0482 0.6899 0.1156 -0.7007 0.1404 0.6505 -0.1792 -0.6992 0.2365 0.8161 -0.1922 0.5105 0.191
0.6364 -0.2343 -0.6287 -0.3806 0.6271 -0.4755 -0.5168 -0.3369 0.6879 -0.3671 -0.5197 -0.3493 0.7614 0.1823 -0.6106 -0.1193 0.5411 0.1727 -0.7251 0.3895 0.6038 0.3282 -0.6146 0.3873 0.933 0.0931 0.3443 0.0482 0.6899 0.1156 -0.7007 0.1404 0.6505 -0.1792 -0.6992 0.2365 0.8161 -0.1922 0.5105 0.191
0.6364 -0.2343 -0.6287 -0.3806 0.6271 -0.4755 -0.5168 -0.3369 0.6879 -0.3671 -0.5197 -0.3493 0.7614 0.1823 -0.6106 -0.1193 0.5411 0.1727 -0.7251 0.3895 0.6038 0.3282 -0.6146 0.3873 0.933 0.0931 0.3443 0.0482 0.6899 0.1156 -0.7007 0.1404 0.6505 -0.1792 -0.6992 0.2365 0.8161 -0.1922 0.5105 0.191
0.6364 -0.2343 -0.6287 -0.3806 0.6271 -0.4755 -0.5168 -0.3369 0.6879 -0.3671 -0.5197 -0.3493 0.7614 0.1823 -0.6106 -0.1193 0.5411 0.1727 -0.7251 0.3895 0.6038 0.3282 -0.6146 0.3873 0.933 0.0931 0.3443 0.0482 0.6899 0.1156 -0.7007 0.1404 0.6505 -0.1792 -0.6992 0.2365 0.8161 -0.1922 0.5105 0.191
0.6364 -0.2343 -0.6287 -0.3806 0.632 -0.474 -0.538 -0.2942 0.6879 -0.3671 -0.5197 -0.3493 0.7614 0.1823 -0.6106 -0.1193 0.5411 0.1727 -0.7251 0.3895 0.6132 0.3401 -0.6251 0.3428 0.933 0.0931 0.3443 0.0482 0.6899 0.1156 -0.7007 0.1404 0.6642 -0.0739 -0.722 0.1791 0.8161 -0.1922 0.5105 0.191
0.6364 -0.2343 -0.6287 -0.3806 0.632 -0.474 -0.538 -0.2942 0.6879 -0.3671 -0.5197 -0.3493 0.7614 0.1823 -0.6106 -0.1193 0.5411 0.1727 -0.7251 0.3895 0.6132 0.3401 -0.6251 0.3428 0.9304 0.0984 0.3493 0.0516 0.6899 0.1156 -0.7007 0.1404 0.6642 -0.0739 -0.722 0.1791 0.8161 -0.1922 0.5105 0.191
0.6364 -0.2343 -0.6287 -0.3806 0.632 -0.474 -0.538 -0.2942 0.6996 -0.3531 -0.5237 -0.3339 0.7614 0.1823 -0.6106 -0.1193 0.5411 0.1727 -0.7251 0.3895 0.6132 0.3401 -0.6251 0.3428 0.9304 0.0984 0.3493 0.0516 0.6899 0.1156 -0.7007 0.1404 0.6642 -0.0739 -0.722 0.1791 0.8995 -0.2228 0.3628 0.0978
0.6364 -0.2343 -0.6287 -0.3806 0.632 -0.474 -0.538 -0.2942 0.6996 -0.3531 -0.5237 -0.3339 0.7614 0.1823 -0.6106 -0.1193 0.5411 0.1727 -0.7251 0.3895 0.6132 0.3401 -0.6251 0.3428 0.9304 0.0984 0.3493 0.0516 0.6899 0.1156 -0.7007 0.1404 0.6642 -0.0739 -0.722 0.1791 0.8995 -0.2228 0.3628 0.0978
0.6364 -0.2343 -0.6287 -0.3806 0.632 -0.474 -0.538 -0.2942 0.6996 -0.3531 -0.5237 -0.3339 0.7614 0.1823 -0.6106 -0.1193 0.5893 0.1967 -0.7331 0.2769 0.6132 0.3401 -0.6251 0.3428 0.9304 0.0984 0.3493 0.0516 0.7267 0.1245 -0.6755 -0.0017 0.6642 -0.0739 -0.722 0.1791 0.8995 -0.2228 0.3628 0.0978
0.6364 -0.2343 -0.6287 -0.3806 0.632 -0.474 -0.538 -0.2942 0.6996 -0.3531 -0.5237 -0.3339 0.7614 0.1823 -0.6106 -0.1193 0.5893 0.1967 -0.7331 0.2769 0.6132 0.3401 -0.6251 0.3428 0.9304 0.0984 0.3493 0.0516 0.7267 0.1245 -0.6755 -0.0017 0.6642 -0.0739 -0.722 0.1791 0.8995 -0.2228 0.3628 0.0978
0.6364 -0.2343 -0.6287 -0.3806 0.632 -0.474 -0.538 -0.2942 0.6996 -0.3531 -0.5237 -0.3339 0.7614 0.1823 -0.6106 -0.1193 0.5893 0.1967 -0.7331 0.2769 0.6196 0.3441 -0.6247 0.3279 0.9304 0.0984 0.3493 0.0516 0.7267 0.1245 -0.6755 -0.0017 0.6642 -0.0739 -0.722 0.1791 0.8995 -0.2228 0.3628 0.0978
0.6364 -0.2343 -0.6287 -0.3806 0.6295 -0.4799 -0.5416 -0.2831 0.6996 -0.3531 -0.5237 -0.3339 0.7614 0.1823 -0.6106 -0.1193 0.5893 0.1967 -0.7331 0.2769 0.6196 0.3441 -0.6247 0.3279 0.9297 0.0989 0.351 0.0511 0.7267 0.1245 -0.6755 -0.0017 0.6653 -0.0184 -0.7463 -0.0107 0.8995 -0.2228 0.3628 0.0978
0.6364 -0.2343 -0.6287 -0.3806 0.6295 -0.4799 -0.5416 -0.2831 0.6996 -0.3531 -0.5237 -0.3339 0.7614 0.1823 -0.6106 -0.1193 0.5893 0.1967 -0.7331 0.2769 0.6196 0.3441 -0.6247 0.3279 0.9297 0.0989 0.351 0.0511 0.7267 0.1245 -0.6755 -0.0017 0.6653 -0.0184 -0.7463 -0.0107 0.9223 -0.2066 0.3253 0.029
0.6364 -0.2343 -0.6287 -0.3806 0.6295 -0.4799 -0.5416 -0.2831 0.6996 -0.3531 -0.5237 -0.3339 0.7614 0.1823 -0.6106 -0.1193 0.5893 0.1967 -0.7331 0.2769 0.6196 0.3441 -0.6247 0.3279 0.9297 0.0989 0.351 0.0511 0.7267 0.1245 -0.6755 -0.0017 0.6653 -0.0184 -0.7463 -0.0107 0.9223 -0.2066 0.3253 0.029
0.6364 -0.2343 -0.6287 -0.3806 0.6295 -0.4799 -0.5416 -0.2831 0.6996 -0.3531 -0.5237 -0.3339 0.7614 0.1823 -0.6106 -0.1193 0.5893 0.1967 -0.7331 0.2769 0.6196 0.3441 -0.6247 0.3279 0.9297 0.0989 0.351 0.0511 0.7267 0.1245 -0.6755 -0.0017 0.6653 -0.0184 -0.7463 -0.0107 0.9223 -0.2066 0.3253 0.029
0.6364 -0.2343 -0.6287 -0.3806 0.6295 -0.4799 -0.5416 -0.2831 0.6996 -0.3531 -0.5237 -0.3339 0.7614 0.1823 -0.6106 -0.1193 0.5893 0.1967 -0.7331 0.2769 0.6196 0.3441 -0.6247 0.3279 0.9297 0.0989 0.351 0.0511 0.7267 0.1245 -0.6755 -0.0017 0.6653 -0.0184 -0.7463 -0.0107 0.9223 -0.2066 0.3253 0.029
0.6364 -0.2343 -0.6287 -0.3806 0.6295 -0.4799 -0.5416 -0.2831 0.6996 -0.3531 -0.5237 -0.3339 0.7614 0.1823 -0.6106 -0.1193 0.5893 0.1967 -0.7331 0.2769 0.6196 0.3441 -0.6247 0.3279 0.9297 0.0989 0.351 0.0511 0.7267 0.1245 -0.6755 -0.0017 0.6653 -0.0184 -0.7463 -0.0107 0.9223 -0.2066 0.3253 0.029
0.6364 -0.2343 -0.6287 -0.3806 0.6295 -0.4799 -0.5416 -0.2831 0.6996 -0.3531 -0.5237 -0.3339 0.7614 0.1823 -0.6106 -0.1193 0.5893 0.1967 -0.7331 0.2769 0.6196 0.3441 -0.6247 0.3279 0.9297 0.0989 0.351 0.0511 0.7267 0.1245 -0.6755 -0.0017 0.6653 -0.0184 -0.7463 -0.0107 0.9223 -0.2066 0.3253 0.029
0.6364 -0.2343 -0.6287 -0.3806 0.6168 -0.4975 -0.5388 -0.2861 0.6996 -0.3531 -0.5237 -0.3339 0.7614 0.1823 -0.6106 -0.1193 0.5893 0.1967 -0.7331 0.2769 0.6332 0.3521 -0.6149 0.3114 0.9297 0.0989 0.351 0.0511 0.7267 0.1245 -0.6755 -0.0017 0.6569 0.0452 -0.7439 -0.1141 0.9223 -0.2066 0.3253 0.029
0.6364 -0.2343 -0.6287 -0.3806 0.6168 -0.4975 -0.5388 -0.2861 0.6996 -0.3531 -0.5237 -0.3339 0.7614 0.1823 -0.6106 -0.1193 0.5893 0.1967 -0.7331 0.2769 0.6332 0.3521 -0.6149 0.3114 0.9296 0.0965 0.3527 0.0477 0.7267 0.1245 -0.6755 -0.0017 0.6569 0.0452 -0.7439 -0.1141 0.9223 -0.2066 0.3253 0.029
0.6364 -0.2343 -0.6287 -0.3806 0.6168 -0.4975 -0.5388 -0.2861 0.6935 -0.3602 -0.535 -0.321 0.7614 0.1823 -0.6106 -0.1193 0.5893 0.1967 -0.7331 0.2769 0.6332 0.3521 -0.6149 0.3114 0.9296 0.0965 0.3527 0.0477 0.7267 0.1245 -0.6755 -0.0017 0.6569 0.0452 -0.7439 -0.1141 0.9377 -0.2224 0.2634 -0.0431
0.6364 -0.2343 -0.6287 -0.3806 0.6168 -0.4975 -0.5388 -0.2861 0.6935 -0.3602 -0.535 -0.321 0.7614 0.1823 -0.6106 -0.1193 0.5893 0.1967 -0.7331 0.2769 0.6332 0.3521 -0.6149 0.3114 0.9296 0.0965 0.3527 0.0477 0.7267 0.1245 -0.6755 -0.0017 0.6569 0.0452 -0.7439 -0.1141 0.9377 -0.2224 0.2634 -0.0431
0.6364 -0.2343 -0.6287 -0.3806 0.6168 -0.4975 -0.5388 -0.2861 0.6935 -0.3602 -0.535 -0.321 0.7614 0.1823 -0.6106 -0.1193 0.5893 0.1967 -0.7331 0.2769 0.6332 0.3521 -0.6149 0.3114 0.9296 0.0965 0.3527 0.0477 0.7267 0.1245 -0.6755 -0.0017 0.6569 0.0452 -0.7439 -0.1141 0.9377 -0.2224 0.2634 -0.0431
0.6364 -0.2343 -0.6287 -0.3806 0.6168 -0.4975 -0.5388 -0.2861 0.6935 -0.3602 -0.535 -0.321 0.7614 0.1823 -0.6106 -0.1193 0.5893 0.1967 -0.7331 0.2769 0.6332 0.3521 -0.6149 0.3114 0.9296 0.0965 0.3527 0.0477 0.7267 0.1245 -0.6755 -0.0017 0.6569 0.0452 -0.7439 -0.1141 0.9377 -0.2224 0.2634 -0.0431
0.6364 -0.2343 -0.6287 -0.3806 0.6168 -0.4975 -0.5388 -0.2861 0.6935 -0.3602 -0.535 -0.321 0.7614 0.1823 -0.6106 -0.1193 0.5893 0.1967 -0.7331 0.2769 0.6332 0.3521 -0.6149 0.3114 0.9296 0.0965 0.3527 0.0477 0.7267 0.1245 -0.6755 -0.0017 0.6569 0.0452 -0.7439 -0.1141 0.9377 -0.2224 0.2634 -0.0431
0.6364 -0.2343 -0.6287 -0.3806 0.6168 -0.4975 -0.5388 -0.2861 0.6935 -0.3602 -0.535 -0.321 0.7614 0.1823 -0.6106 -0.1193 0.5893 0.1967 -0.7331 0.2769 0.6332 0.3521 -0.6149 0.3114 0.9296 0.0965 0.3527 0.0477 0.7267 0.1245 -0.6755 -0.0017 0.6569 0.0452 -0.7439 -0.1141 0.9377 -0.2224 0.2634 -0.0431
0.6364 -0.2343 -0.6287 -0.3806 0.6163 -0.5031 -0.5375 -0.2797 0.6935 -0.3602 -0.535 -0.321 0.7614 0.1823 -0.6106 -0.1193 0.5893 0.1967 -0.7331 0.2769 0.6631 0.3535 -0.5979 0.2788 0.9271 0.0957 0.3595 0.0459 0.7267 0.1245 -0.6755 -0.0017 0.6453 0.0729 -0.746 -0.1475 0.9377 -0.2224 0.2634 -0.0431
0.6364 -0.2343 -0.6287 -0.3806 0.6163 -0.5031 -0.5375 -0.2797 0.6844 -0.35 -0.5455 -0.3341 0.7614 0.1823 -0.6106 -0.1193 0.5893 0.1967 -0.7331 0.2769 0.6631 0.3535 -0.5979 0.2788 0.9271 0.0957 0.3595 0.0459 0.7267 0.1245 -0.6755 -0.0017 0.6453 0.0729 -0.746 -0.1475 0.9324 -0.208 0.2949 -0.0202
0.6364 -0.2343 -0.6287 -0.3806 0.6163 -0.5031 -0.5375 -0.2797 0.6844 -0.35 -0.5455 -0.3341 0.7614 0.1823 -0.6106 -0.1193 0.5893 0.1967 -0.7331 0.2769 0.6631 0.3535 -0.5979 0.2788 0.9271 0.0957 0.3595 0.0459 0.7267 0.1245 -0.6755 -0.0017 0.6453 0.0729 -0.746 -0.1475 0.9324 -0.208 0.2949 -0.0202
0.6532 -0.2791 -0.6058 -0.3583 0.6163 -0.5031 -0.5375 -0.2797 0.6844 -0.35 -0.5455 -0.3341 0.7795 0.1595 -0.6046 -0.0361 0.5893 0.1967 -0.7331 0.2769 0.6631 0.3535 -0.5979 0.2788 0.9271 0.0957 0.3595 0.0459 0.7267 0.1245 -0.6755 -0.0017 0.6453 0.0729 -0.746 -0.1475 0.9324 -0.208 0.2949 -0.0202
0.6532 -0.2791 -0.6058 -0.3583 0.6163 -0.5031 -0.5375 -0.2797 0.6844 -0.35 -0.5455 -0.3341 0.7795 0.1595 -0.6046 -0.0361 0.5893 0.1967 -0.7331 0.2769 0.6631 0.3535 -0.5979 0.2788 0.9271 0.0957 0.3595 0.0459 0.7267 0.1245 -0.6755 -0.0017 0.6453 0.0729 -0.746 -0.1475 0.9324 -0.208 0.2949 -0.0202
0.6532 -0.2791 -0.6058 -0.3583 0.6163 -0.5031 -0.5375 -0.2797 0.6844 -0.35 -0.5455 -0.3341 0.7795 0.1595 -0.6046 -0.0361 0.5893 0.1967 -0.7331 0.2769 0.6631 0.3535 -0.5979 0.2788 0.9271 0.0957 0.3595 0.0459 0.7267 0.1245 -0.6755 -0.0017 0.6453 0.0729 -0.746 -0.1475 0.9324 -0.208 0.2949 -0.0202
0.6532 -0.2791 -0.6058 -0.3583 0.6163 -0.5031 -0.5375 -0.2797 0.6844 -0.35 -0.5455 -0.3341 0.7795 0.1595 -0.6046 -0.0361 0.5893 0.1967 -0.7331 0.2769 0.6631 0.3535 -0.5979 0.2788 0.9271 0.0957 0.3595 0.0459 0.7267 0.1245 -0.6755 -0.0017 0.6453 0.0729 -0.746 -0.1475 0.9324 -0.208 0.2949 -0.0202
0.6532 -0.2791 -0.6058 -0.3583 0.6215 -0.5021 -0.5253 -0.2928 0.6844 -0.35 -0.5455 -0.3341 0.7795 0.1595 -0.6046 -0.0361 0.5893 0.1967 -0.7331 0.2769 0.7206 0.3744 -0.5391 0.2234 0.8781 0.1018 0.4667 0.0281 0.7267 0.1245 -0.6755 -0.0017 0.6354 -0.0155 -0.7607 -0.1314 0.9324 -0.208 0.2949 -0.0202
0.6532 -0.2791 -0.6058 -0.3583 0.6215 -0.5021 -0.5253 -0.2928 0.6706 -0.3345 -0.5564 -0.3589 0.7795 0.1595 -0.6046 -0.0361 0.5893 0.1967 -0.7331 0.2769 0.7206 0.3744 -0.5391 0.2234 0.8781 0.1018 0.4667 0.0281 0.7267 0.1245 -0.6755 -0.0017 0.6354 -0.0155 -0.7607 -0.1314 0.9196 -0.1978 0.3382 -0.0291
0.6532 -0.2791 -0.6058 -0.3583 0.6215 -0.5021 -0.5253 -0.2928 0.6706 -0.3345 -0.5564 -0.3589 0.7795 0.1595 -0.6046 -0.0361 0.5893 0.1967 -0.7331 0.2769 0.7206 0.3744 -0.5391 0.2234 0.8781 0.1018 0.4667 0.0281 0.7267 0.1245 -0.6755 -0.0017 0.6354 -0.0155 -0.7607 -0.1314 0.9196 -0.1978 0.3382 -0.0291
0.6532 -0.2791 -0.6058 -0.3583 0.6215 -0.5021 -0.5253 -0.2928 0.6706 -0.3345 -0.5564 -0.3589 0.7795 0.1595 -0.6046 -0.0361 0.5893 0.1967 -0.7331 0.2769 0.7206 0.3744 -0.5391 0.2234 0.8781 0.1018 0.4667 0.0281 0.7267 0.1245 -0.6755 -0.0017 0.6354 -0.0155 -0.7607 -0.1314 0.9196 -0.1978 0.3382 -0.0291
0.6532 -0.2791 -0.6058 -0.3583 0.6215 -0.5021 -0.5253 -0.2928 0.6706 -0.3345 -0.5564 -0.3589 0.7795 0.1595 -0.6046 -0.0361 0.5893 0.1967 -0.7331 0.2769 0.7206 0.3744 -0.5391 0.2234 0.8781 0.1018 0.4667 0.0281 0.7267 0.1245 -0.6755 -0.0017 0.6354 -0.0155 -0.7607 -0.1314 0.9196 -0.1978 0.3382 -0.0291
0.6532 -0.2791 -0.6058 -0.3583 0.6215 -0.5021 -0.5253 -0.2928 0.6706 -0.3345 -0.5564 -0.3589 0.7795 0.1595 -0.6046 -0.0361 0.5893 0.1967 -0.7331 0.2769 0.7206 0.3744 -0.5391 0.2234 0.8781 0.1018 0.4667 0.0281 0.7267 0.1245 -0.6755 -0.0017 0.6354 -0.0155 -0.7607 -0.1314 0.9196 -0.1978 0.3382 -0.0291
0.6532 -0.2791 -0.6058 -0.3583 0.6215 -0.5021 -0.5253 -0.2928 0.6706 -0.3345 -0.5564 -0.3589 0.7795 0.1595 -0.6046 -0.0361 0.5893 0.1967 -0.7331 0.2769 0.7206 0.3744 -0.5391 0.2234 0.8781 0.1018 0.4667 0.0281 0.7267 0.1245 -0.6755 -0.0017 0.6354 -0.0155 -0.7607 -0.1314 0.9196 -0.1978 0.3382 -0.0291
0.6532 -0.2791 -0.6058 -0.3583 0.6346 -0.4965 -0.5208 -0.2822 0.6706 -0.3345 -0.5564 -0.3589 0.7795 0.1595 -0.6046 -0.0361 0.5893 0.1967 -0.7331 0.2769 0.761 0.4548 -0.4345 0.1586 0.7688 0.0814 0.6333 -0.0353 0.7267 0.1245 -0.6755 -0.0017 0.6211 -0.0242 -0.776 -0.1072 0.9193 -0.1996 0.3377 -0.0321
0.6532 -0.2791 -0.6058 -0.3583 0.6346 -0.4965 -0.5208 -0.2822 0.6706 -0.3345 -0.5564 -0.3589 0.7795 0.1595 -0.6046 -0.0361 0.5893 0.1967 -0.7331 0.2769 0.761 0.4548 -0.4345 0.1586 0.7688 0.0814 0.6333 -0.0353 0.7267 0.1245 -0.6755 -0.0017 0.6211 -0.0242 -0.776 -0.1072 0.9193 -0.1996 0.3377 -0.0321
0.6532 -0.2791 -0.6058 -0.3583 0.6346 -0.4965 -0.5208 -0.2822 0.6541 -0.351 -0.5443 -0.3909 0.7795 0.1595 -0.6046 -0.0361 0.6086 0.108 -0.7393 0.2672 0.761 0.4548 -0.4345 0.1586 0.7688 0.0814 0.6333 -0.0353 0.6954 0.0283 -0.7173 -0.0325 0.6211 -0.0242 -0.776 -0.1072 0.9193 -0.1996 0.3377 -0.0321
0.6532 -0.2791 -0.6058 -0.3583 0.6346 -0.4965 -0.5208 -0.2822 0.6541 -0.351 -0.5443 -0.3909 0.7795 0.1595 -0.6046 -0.0361 0.6086 0.108 -0.7393 0.2672 0.761 0.4548 -0.4345 0.1586 0.7688 0.0814 0.6333 -0.0353 0.6954 0.0283 -0.7173 -0.0325 0.6211 -0.0242 -0.776 -0.1072 0.9193 -0.1996 0.3377 -0.0321
0.6532 -0.2791 -0.6058 -0.3583 0.6346 -0.4965 -0.5208 -0.2822 0.6541 -0.351 -0.5443 -0.3909 0.7795 0.1595 -0.6046 -0.0361 0.6086 0.108 -0.7393 0.2672 0.761 0.4548 -0.4345 0.1586 0.7688 0.0814 0.6333 -0.0353 0.6954 0.0283 -0.7173 -0.0325 0.6211 -0.0242 -0.776 -0.1072 0.9193 -0.1996 0.3377 -0.0321
0.6532 -0.2791 -0.6058 -0.3583 0.6346 -0.4965 -0.5208 -0.2822 0.6541 -0.351 -0.5443 -0.3909 0.7795 0.1595 -0.6046 -0.0361 0.6086 0.108 -0.7393 0.2672 0.761 0.4548 -0.4345 0.1586 0.7688 0.0814 0.6333 -0.0353 0.6954 0.0283 -0.7173 -0.0325 0.6211 -0.0242 -0.776 -0.1072 0.9193 -0.1996 0.3377 -0.0321
0.6532 -0.2791 -0.6058 -0.3583 0.6304 -0.5182 -0.5011 -0.288 0.6541 -0.351 -0.5443 -0.3909 0.7795 0.1595 -0.6046 -0.0361 0.6086 0.108 -0.7393 0.2672 0.8001 0.4066 -0.4267 0.1118 0.7776 0.0331 0.6147 -0.1276 0.6954 0.0283 -0.7173 -0.0325 0.6119 -0.0471 -0.783 -0.1017 0.9193 -0.1996 0.3377 -0.0321
0.6532 -0.2791 -0.6058 -0.3583 0.6304 -0.5182 -0.5011 -0.288 0.6541 -0.351 -0.5443 -0.3909 0.7795 0.1595 -0.6046 -0.0361 0.6086 0.108 -0.7393 0.2672 0.8001 0.4066 -0.4267 0.1118 0.7776 0.0331 0.6147 -0.1276 0.6954 0.0283 -0.7173 -0.0325 0.6119 -0.0471 -0.783 -0.1017 0.9193 -0.1996 0.3377 -0.0321
0.6532 -0.2791 -0.6058 -0.3583 0.6304 -0.5182 -0.5011 -0.288 0.6165 -0.3586 -0.5153 -0.4751 0.7795 0.1595 -0.6046 -0.0361 0.6086 0.108 -0.7393 0.2672 0.8001 0.4066 -0.4267 0.1118 0.7776 0.0331 0.6147 -0.1276 0.6954 0.0283 -0.7173 -0.0325 0.6119 -0.0471 -0.783 -0.1017 0.9191 -0.189 0.3447 -0.0268
0.6532 -0.2791 -0.6058 -0.3583 0.6304 -0.5182 -0.5011 -0.288 0.6165 -0.3586 -0.5153 -0.4751 0.7795 0.1595 -0.6046 -0.0361 0.6086 0.108 -0.7393 0.2672 0.8001 0.4066 -0.4267 0.1118 0.7776 0.0331 0.6147 -0.1276 0.6954 0.0283 -0.7173 -0.0325 0.6119 -0.0471 -0.783 -0.1017 0.9191 -0.189 0.3447 -0.0268
0.6619 -0.2872 -0.5834 -0.3728 0.6304 -0.5182 -0.5011 -0.288 0.6165 -0.3586 -0.5153 -0.4751 0.7795 0.1595 -0.6046 -0.0361 0.6086 0.108 -0.7393 0.2672 0.8001 0.4066 -0.4267 0.1118 0.7776 0.0331 0.6147 -0.1276 0.6954 0.0283 -0.7173 -0.0325 0.6119 -0.0471 -0.783 -0.1017 0.9191 -0.189 0.3447 -0.0268
0.6619 -0.2872 -0.5834 -0.3728 0.6304 -0.5182 -0.5011 -0.288 0.6165 -0.3586 -0.5153 -0.4751 0.7795 0.1595 -0.6046 -0.0361 0.6086 0.108 -0.7393 0.2672 0.8001 0.4066 -0.4267 0.1118 0.7776 0.0331 0.6147 -0.1276 0.6954 0.0283 -0.7173 -0.0325 0.6119 -0.0471 -0.783 -0.1017 0.9191 -0.189 0.3447 -0.0268
0.6619 -0.2872 -0.5834 -0.3728 0.6304 -0.5182 -0.5011 -0.288 0.6165 -0.3586 -0.5153 -0.4751 0.7795 0.1595 -0.6046 -0.0361 0.6086 0.108 -0.7393 0.2672 0.8001 0.4066 -0.4267 0.1118 0.7776 0.0331 0.6147 -0.1276 0.6954 0.0283 -0.7173 -0.0325 0.6119 -0.0471 -0.783 -0.1017 0.9191 -0.189 0.3447 -0.0268
0.6619 -0.2872 -0.5834 -0.3728 0.6369 -0.5148 -0.4905 -0.2979 0.6165 -0.3586 -0.5153 -0.4751 0.7795 0.1595 -0.6046 -0.0361 0.6086 0.108 -0.7393 0.2672 0.7484 0.3757 -0.5082 0.2011 0.7776 0.0331 0.6147 -0.1276 0.6954 0.0283 -0.7173 -0.0325 0.6151 -0.0633 -0.7832 -0.0656 0.9191 -0.189 0.3447 -0.0268
0.6619 -0.2872 -0.5834 -0.3728 0.6369 -0.5148 -0.4905 -0.2979 0.6165 -0.3586 -0.5153 -0.4751 0.7795 0.1595 -0.6046 -0.0361 0.6086 0.108 -0.7393 0.2672 0.7484 0.3757 -0.5082 0.2011 0.8414 0.0684 0.5299 -0.081 0.6954 0.0283 -0.7173 -0.0325 0.6151 -0.0633 -0.7832 -0.0656 0.9191 -0.189 0.3447 -0.0268
0.6619 -0.2872 -0.5834 -0.3728 0.6369 -0.5148 -0.4905 -0.2979 0.5998 -0.3492 -0.5139 -0.5042 0.7795 0.1595 -0.6046 -0.0361 0.6086 0.108 -0.7393 0.2672 0.7484 0.3757 -0.5082 0.2011 0.8414 0.0684 0.5299 -0.081 0.6954 0.0283 -0.7173 -0.0325 0.6151 -0.0633 -0.7832 -0.0656 0.9188 -0.1799 0.3506 -0.0228
0.6619 -0.2872 -0.5834 -0.3728 0.6369 -0.5148 -0.4905 -0.2979 0.5998 -0.3492 -0.5139 -0.5042 0.7795 0.1595 -0.6046 -0.0361 0.6086 0.108 -0.7393 0.2672 0.7484 0.3757 -0.5082 0.2011 0.8414 0.0684 0.5299 -0.081 0.6954 0.0283 -0.7173 -0.0325 0.6151 -0.0633 -0.7832 -0.0656 0.9188 -0.1799 0.3506 -0.0228
0.6594 -0.2903 -0.5715 -0.3928 0.6369 -0.5148 -0.4905 -0.2979 0.5998 -0.3492 -0.5139 -0.5042 0.7795 0.1595 -0.6046 -0.0361 0.6086 0.108 -0.7393 0.2672 0.7484 0.3757 -0.5082 0.2011 0.8414 0.0684 0.5299 -0.081 0.6954 0.0283 -0.7173 -0.0325 0.6151 -0.0633 -0.7832 -0.0656 0.9188 -0.1799 0.3506 -0.0228
0.6594 -0.2903 -0.5715 -0.3928 0.6369 -0.5148 -0.4905 -0.2979 0.5998 -0.3492 -0.5139 -0.5042 0.7795 0.1595 -0.6046 -0.0361 0.6086 0.108 -0.7393 0.2672 0.7484 0.3757 -0.5082 0.2011 0.8414 0.0684 0.5299 -0.081 0.6954 0.0283 -0.7173 -0.0325 0.6151 -0.0633 -0.7832 -0.0656 0.9188 -0.1799 0.3506 -0.0228
0.6594 -0.2903 -0.5715 -0.3928 0.6369 -0.5148 -0.4905 -0.2979 0.5998 -0.3492 -0.5139 -0.5042 0.7795 0.1595 -0.6046 -0.0361 0.6086 0.108 -0.7393 0.2672 0.7484 0.3757 -0.5082 0.2011 0.8414 0.0684 0.5299 -0.081 0.6954 0.0283 -0.7173 -0.0325 0.6151 -0.0633 -0.7832 -0.0656 0.9188 -0.1799 0.3506 -0.0228
0.6594 -0.2903 -0.5715 -0.3928 0.6369 -0.5148 -0.4905 -0.2979 0.5998 -0.3492 -0.5139 -0.5042 0.7795 0.1595 -0.6046 -0.0361 0.6086 0.108 -0.7393 0.2672 0.7484 0.3757 -0.5082 0.2011 0.8414 0.0684 0.5299 -0.081 0.6954 0.0283 -0.7173 -0.0325 0.6151 -0.0633 -0.7832 -0.0656 0.9188 -0.1799 0.3506 -0.0228
0.6594 -0.2903 -0.5715 -0.3928 0.6318 -0.5255 -0.4705 -0.3215 0.5998 -0.3492 -0.5139 -0.5042 0.7795 0.1595 -0.6046 -0.0361 0.6086 0.108 -0.7393 0.2672 0.6902 0.3015 -0.5972 0.2759 0.8972 0.0612 0.432 -0.0681 0.6954 0.0283 -0.7173 -0.0325 0.6161 -0.0858 -0.782 -0.037 0.9188 -0.1799 0.3506 -0.0228
0.6594 -0.2903 -0.5715 -0.3928 0.6318 -0.5255 -0.4705 -0.3215 0.5993 -0.3455 -0.5273 -0.4934 0.7795 0.1595 -0.6046 -0.0361 0.6086 0.108 -0.7393 0.2672 0.6902 0.3015 -0.5972 0.2759 0.8972 0.0612 0.432 -0.0681 0.6954 0.0283 -0.7173 -0.0325 0.6161 -0.0858 -0.782 -0.037 0.9179 -0.1794 0.3533 -0.0212
0.6594 -0.2903 -0.5715 -0.3928 0.6318 -0.5255 -0.4705 -0.3215 0.5993 -0.3455 -0.5273 -0.4934 0.7795 0.1595 -0.6046 -0.0361 0.6086 0.108 -0.7393 0.2672 0.6902 0.3015 -0.5972 0.2759 0.8972 0.0612 0.432 -0.0681 0.6449 0.0036 -0.7604 0.0761 0.6161 -0.0858 -0.782 -0.037 0.9179 -0.1794 0.3533 -0.0212
0.6517 -0.2877 -0.5662 -0.4146 0.6318 -0.5255 -0.4705 -0.3215 0.5993 -0.3455 -0.5273 -0.4934 0.6536 0.1743 -0.6983 -0.2342 0.6086 0.108 -0.7393 0.2672 0.6902 0.3015 -0.5972 0.2759 0.8972 0.0612 0.432 -0.0681 0.6449 0.0036 -0.7604 0.0761 0.6161 -0.0858 -0.782 -0.037 0.9179 -0.1794 0.3533 -0.0212
0.6517 -0.2877 -0.5662 -0.4146 0.6318 -0.5255 -0.4705 -0.3215 0.5993 -0.3455 -0.5273 -0.4934 0.6536 0.1743 -0.6983 -0.2342 0.6086 0.108 -0.7393 0.2672 0.6902 0.3015 -0.5972 0.2759 0.8972 0.0612 0.432 -0.0681 0.6449 0.0036 -0.7604 0.0761 0.6161 -0.0858 -0.782 -0.037 0.9179 -0.1794 0.3533 -0.0212
0.6517 -0.2877 -0.5662 -0.4146 0.6318 -0.5255 -0.4705 -0.3215 0.5993 -0.3455 -0.5273 -0.4934 0.6536 0.1743 -0.6983 -0.2342 0.6086 0.108 -0.7393 0.2672 0.6902 0.3015 -0.5972 0.2759 0.8972 0.0612 0.432 -0.0681 0.6449 0.0036 -0.7604 0.0761 0.6161 -0.0858 -0.782 -0.037 0.9179 -0.1794 0.3533 -0.0212
0.6517 -0.2877 -0.5662 -0.4146 0.6318 -0.5255 -0.4705 -0.3215 0.5993 -0.3455 -0.5273 -0.4934 0.6536 0.1743 -0.6983 -0.2342 0.6086 0.108 -0.7393 0.2672 0.5856 0.2631 -0.6501 0.4066 0.8972 0.0612 0.432 -0.0681 0.6449 0.0036 -0.7604 0.0761 0.6207 -0.1114 -0.7761 0.0056 0.9179 -0.1794 0.3533 -0.0212
0.6517 -0.2877 -0.5662 -0.4146 0.6395 -0.496 -0.4676 -0.3554 0.6 -0.3498 -0.5374 -0.4783 0.6536 0.1743 -0.6983 -0.2342 0.6086 0.108 -0.7393 0.2672 0.5856 0.2631 -0.6501 0.4066 0.934 0.0735 0.3453 0.0543 0.6449 0.0036 -0.7604 0.0761 0.6207 -0.1114 -0.7761 0.0056 0.9179 -0.1794 0.3533 -0.0212
0.6517 -0.2877 -0.5662 -0.4146 0.6395 -0.496 -0.4676 -0.3554 0.6 -0.3498 -0.5374 -0.4783 0.6536 0.1743 -0.6983 -0.2342 0.6086 0.108 -0.7393 0.2672 0.5856 0.2631 -0.6501 0.4066 0.934 0.0735 0.3453 0.0543 0.6449 0.0036 -0.7604 0.0761 0.6207 -0.1114 -0.7761 0.0056 0.9171 -0.1763 0.3572 -0.0157
0.6517 -0.2877 -0.5662 -0.4146 0.6395 -0.496 -0.4676 -0.3554 0.6 -0.3498 -0.5374 -0.4783 0.6536 0.1743 -0.6983 -0.2342 0.6086 0.108 -0.7393 0.2672 0.5856 0.2631 -0.6501 0.4066 0.934 0.0735 0.3453 0.0543 0.6449 0.0036 -0.7604 0.0761 0.6207 -0.1114 -0.7761 0.0056 0.9171 -0.1763 0.3572 -0.0157
0.6362 -0.2613 -0.5875 -0.4265 0.6395 -0.496 -0.4676 -0.3554 0.6 -0.3498 -0.5374 -0.4783 0.6536 0.1743 -0.6983 -0.2342 0.6086 0.108 -0.7393 0.2672 0.5856 0.2631 -0.6501 0.4066 0.934 0.0735 0.3453 0.0543 0.6449 0.0036 -0.7604 0.0761 0.6207 -0.1114 -0.7761 0.0056 0.9171 -0.1763 0.3572 -0.0157
0.6362 -0.2613 -0.5875 -0.4265 0.6395 -0.496 -0.4676 -0.3554 0.6 -0.3498 -0.5374 -0.4783 0.6536 0.1743 -0.6983 -0.2342 0.6086 0.108 -0.7393 0.2672 0.5856 0.2631 -0.6501 0.4066 0.934 0.0735 0.3453 0.0543 0.6449 0.0036 -0.7604 0.0761 0.6207 -0.1114 -0.7761 0.0056 0.9171 -0.1763 0.3572 -0.0157
0.6362 -0.2613 -0.5875 -0.4265 0.6395 -0.496 -0.4676 -0.3554 0.6 -0.3498 -0.5374 -0.4783 0.6536 0.1743 -0.6983 -0.2342 0.6086 0.108 -0.7393 0.2672 0.5856 0.2631 -0.6501 0.4066 0.934 0.0735 0.3453 0.0543 0.6449 0.0036 -0.7604 0.0761 0.6207 -0.1114 -0.7761 0.0056 0.9171 -0.1763 0.3572 -0.0157
0.6362 -0.2613 -0.5875 -0.4265 0.6417 -0.4593 -0.4911 -0.3688 0.6 -0.3498 -0.5374 -0.4783 0.6536 0.1743 -0.6983 -0.2342 0.6086 0.108 -0.7393 0.2672 0.5856 0.2631 -0.6501 0.4066 0.9369 0.0684 0.3392 0.05 0.6449 0.0036 -0.7604 0.0761 0.6207 -0.1114 -0.7761 0.0056 0.9171 -0.1763 0.3572 -0.0157
0.6362 -0.2613 -0.5875 -0.4265 0.6417 -0.4593 -0.4911 -0.3688 0.6 -0.3498 -0.5374 -0.4783 0.6536 0.1743 -0.6983 -0.2342 0.6086 0.108 -0.7393 0.2672 0.5856 0.2631 -0.6501 0.4066 0.9369 0.0684 0.3392 0.05 0.6449 0.0036 -0.7604 0.0761 0.6207 -0.1114 -0.7761 0.0056 0.9171 -0.1763 0.3572 -0.0157
0.6362 -0.2613 -0.5875 -0.4265 0.6417 -0.4593 -0.4911 -0.3688 0.6 -0.3498 -0.5374 -0.4783 0.6536 0.1743 -0.6983 -0.2342 0.6086 0.108 -0.7393 0.2672 0.5856 0.2631 -0.6501 0.4066 0.9369 0.0684 0.3392 0.05 0.6449 0.0036 -0.7604 0.0761 0.6207 -0.1114 -0.7761 0.0056 0.9171 -0.1763 0.3572 -0.0157
0.6362 -0.2613 -0.5875 -0.4265 0.6417 -0.4593 -0.4911 -0.3688 0.6 -0.3498 -0.5374 -0.4783 0.6536 0.1743 -0.6983 -0.2342 0.6086 0.108 -0.7393 0.2672 0.5856 0.2631 -0.6501 0.4066 0.9369 0.0684 0.3392 0.05 0.6449 0.0036 -0.7604 0.0761 0.6207 -0.1114 -0.7761 0.0056 0.9171 -0.1763 0.3572 -0.0157
0.6287 -0.259 -0.6102 -0.4066 0.6417 -0.4593 -0.4911 -0.3688 0.6 -0.3498 -0.5374 -0.4783 0.6536 0.1743 -0.6983 -0.2342 0.6086 0.108 -0.7393 0.2672 0.5856 0.2631 -0.6501 0.4066 0.9369 0.0684 0.3392 0.05 0.6449 0.0036 -0.7604 0.0761 0.6207 -0.1114 -0.7761 0.0056 0.9171 -0.1763 0.3572 -0.0157
0.6287 -0.259 -0.6102 -0.4066 0.6417 -0.4593 -0.4911 -0.3688 0.6 -0.3498 -0.5374 -0.4783 0.6536 0.1743 -0.6983 -0.2342 0.6086 0.108 -0.7393 0.2672 0.5856 0.2631 -0.6501 0.4066 0.9369 0.0684 0.3392 0.05 0.6449 0.0036 -0.7604 0.0761 0.6207 -0.1114 -0.7761 0.0056 0.9171 -0.1763 0.3572 -0.0157
0.6287 -0.259 -0.6102 -0.4066 0.6417 -0.4593 -0.4911 -0.3688 0.6 -0.3498 -0.5374 -0.4783 0.6536 0.1743 -0.6983 -0.2342 0.6086 0.108 -0.7393 0.2672 0.5856 0.2631 -0.6501 0.4066 0.9369 0.0684 0.3392 0.05 0.6449 0.0036 -0.7604 0.0761 0.6207 -0.1114 -0.7761 0.0056 0.9171 -0.1763 0.3572 -0.0157
0.6287 -0.259 -0.6102 -0.4066 0.6232 -0.4776 -0.5096 -0.3519 0.6 -0.3498 -0.5374 -0.4783 0.6536 0.1743 -0.6983 -0.2342 0.6086 0.108 -0.7393 0.2672 0.5759 0.3337 -0.6132 0.4254 0.9363 0.0747 0.3388 0.0543 0.6449 0.0036 -0.7604 0.0761 0.6381 -0.1683 -0.7284 0.1846 0.9171 -0.1763 0.3572 -0.0157
0.6287 -0.259 -0.6102 -0.4066 0.6232 -0.4776 -0.5096 -0.3519 0.6 -0.3498 -0.5374 -0.4783 0.6536 0.1743 -0.6983 -0.2342 0.6086 0.108 -0.7393 0.2672 0.5759 0.3337 -0.6132 0.4254 0.9363 0.0747 0.3388 0.0543 0.6449 0.0036 -0.7604 0.0761 0.6381 -0.1683 -0.7284 0.1846 0.9171 -0.1763 0.3572 -0.0157
0.6287 -0.259 -0.6102 -0.4066 0.6232 -0.4776 -0.5096 -0.3519 0.6 -0.3498 -0.5374 -0.4783 0.6536 0.1743 -0.6983 -0.2342 0.6086 0.108 -0.7393 0.2672 0.5759 0.3337 -0.6132 0.4254 0.9363 0.0747 0.3388 0.0543 0.6449 0.0036 -0.7604 0.0761 0.6381 -0.1683 -0.7284 0.1846 0.9171 -0.1763 0.3572 -0.0157
0.6287 -0.259 -0.6102 -0.4066 0.6232 -0.4776 -0.5096 -0.3519 0.6 -0.3498 -0.5374 -0.4783 0.6536 0.1743 -0.6983 -0.2342 0.6086 0.108 -0.7393 0.2672 0.5759 0.3337 -0.6132 0.4254 0.9363 0.0747 0.3388 0.0543 0.6449 0.0036 -0.7604 0.0761 0.6381 -0.1683 -0.7284 0.1846 0.9171 -0.1763 0.3572 -0.0157
0.6194 -0.2485 -0.6212 -0.4108 0.6232 -0.4776 -0.5096 -0.3519 0.6 -0.3498 -0.5374 -0.4783 0.738 0.1268 -0.6354 -0.1888 0.5463 0.2226 -0.7073 0.3895 0.5759 0.3337 -0.6132 0.4254 0.9363 0.0747 0.3388 0.0543 0.6501 0.1111 -0.725 0.1985 0.6381 -0.1683 -0.7284 0.1846 0.9171 -0.1763 0.3572 -0.0157
0.6194 -0.2485 -0.6212 -0.4108 0.6232 -0.4776 -0.5096 -0.3519 0.6 -0.3498 -0.5374 -0.4783 0.738 0.1268 -0.6354 -0.1888 0.5463 0.2226 -0.7073 0.3895 0.5759 0.3337 -0.6132 0.4254 0.9363 0.0747 0.3388 0.0543 0.6501 0.1111 -0.725 0.1985 0.6381 -0.1683 -0.7284 0.1846 0.9171 -0.1763 0.3572 -0.0157
0.6194 -0.2485 -0.6212 -0.4108 0.6232 -0.4776 -0.5096 -0.3519 0.6 -0.3498 -0.5374 -0.4783 0.738 0.1268 -0.6354 -0.1888 0.5463 0.2226 -0.7073 0.3895 0.5759 0.3337 -0.6132 0.4254 0.9363 0.0747 0.3388 0.0543 0.6501 0.1111 -0.725 0.1985 0.6381 -0.1683 -0.7284 0.1846 0.9171 -0.1763 0.3572 -0.0157
0.6194 -0.2485 -0.6212 -0.4108 0.6339 -0.4637 -0.5386 -0.3051 0.6 -0.3498 -0.5374 -0.4783 0.738 0.1268 -0.6354 -0.1888 0.5463 0.2226 -0.7073 0.3895 0.5764 0.3597 -0.6051 0.4151 0.9363 0.0747 0.3388 0.0543 0.6501 0.1111 -0.725 0.1985 0.6534 -0.0802 -0.714 0.2384 0.9171 -0.1763 0.3572 -0.0157
0.6194 -0.2485 -0.6212 -0.4108 0.6339 -0.4637 -0.5386 -0.3051 0.6 -0.3498 -0.5374 -0.4783 0.738 0.1268 -0.6354 -0.1888 0.5463 0.2226 -0.7073 0.3895 0.5764 0.3597 -0.6051 0.4151 0.9368 0.0745 0.3378 0.0531 0.6501 0.1111 -0.725 0.1985 0.6534 -0.0802 -0.714 0.2384 0.9171 -0.1763 0.3572 -0.0157
0.6194 -0.2485 -0.6212 -0.4108 0.6339 -0.4637 -0.5386 -0.3051 0.6 -0.3498 -0.5374 -0.4783 0.738 0.1268 -0.6354 -0.1888 0.5463 0.2226 -0.7073 0.3895 0.5764 0.3597 -0.6051 0.4151 0.9368 0.0745 0.3378 0.0531 0.6501 0.1111 -0.725 0.1985 0.6534 -0.0802 -0.714 0.2384 0.8647 -0.2128 0.4136 0.1896
0.6194 -0.2485 -0.6212 -0.4108 0.6339 -0.4637 -0.5386 -0.3051 0.6 -0.3498 -0.5374 -0.4783 0.738 0.1268 -0.6354 -0.1888 0.5463 0.2226 -0.7073 0.3895 0.5764 0.3597 -0.6051 0.4151 0.9368 0.0745 0.3378 0.0531 0.6759 0.1132 -0.7141 0.143 0.6534 -0.0802 -0.714 0.2384 0.8647 -0.2128 0.4136 0.1896
0.6432 -0.2177 -0.6358 -0.367 0.6339 -0.4637 -0.5386 -0.3051 0.6 -0.3498 -0.5374 -0.4783 0.7448 0.1762 -0.6237 -0.1589 0.5651 0.2352 -0.7113 0.3455 0.5764 0.3597 -0.6051 0.4151 0.9368 0.0745 0.3378 0.0531 0.6759 0.1132 -0.7141 0.143 0.6534 -0.0802 -0.714 0.2384 0.8647 -0.2128 0.4136 0.1896
0.6432 -0.2177 -0.6358 -0.367 0.6339 -0.4637 -0.5386 -0.3051 0.6 -0.3498 -0.5374 -0.4783 0.7448 0.1762 -0.6237 -0.1589 0.5651 0.2352 -0.7113 0.3455 0.5764 0.3597 -0.6051 0.4151 0.9368 0.0745 0.3378 0.0531 0.6759 0.1132 -0.7141 0.143 0.6534 -0.0802 -0.714 0.2384 0.8647 -0.2128 0.4136 0.1896
0.6432 -0.2177 -0.6358 -0.367 0.6339 -0.4637 -0.5386 -0.3051 0.6 -0.3498 -0.5374 -0.4783 0.7448 0.1762 -0.6237 -0.1589 0.5651 0.2352 -0.7113 0.3455 0.5764 0.3597 -0.6051 0.4151 0.9368 0.0745 0.3378 0.0531 0.6759 0.1132 -0.7141 0.143 0.6534 -0.0802 -0.714 0.2384 0.8647 -0.2128 0.4136 0.1896
0.6432 -0.2177 -0.6358 -0.367 0.6339 -0.4637 -0.5386 -0.3051 0.6 -0.3498 -0.5374 -0.4783 0.7448 0.1762 -0.6237 -0.1589 0.5651 0.2352 -0.7113 0.3455 0.5764 0.3597 -0.6051 0.4151 0.9368 0.0745 0.3378 0.0531 0.6759 0.1132 -0.7141 0.143 0.6534 -0.0802 -0.714 0.2384 0.8647 -0.2128 0.4136 0.1896
0.6432 -0.2177 -0.6358 -0.367 0.642 -0.4512 -0.554 -0.2781 0.6 -0.3498 -0.5374 -0.4783 0.7448 0.1762 -0.6237 -0.1589 0.5651 0.2352 -0.7113 0.3455 0.5821 0.379 -0.5976 0.4005 0.9374 0.0722 0.337 0.0498 0.6759 0.1132 -0.7141 0.143 0.6564 -0.034 -0.7424 0.1298 0.8647 -0.2128 0.4136 0.1896
0.6432 -0.2177 -0.6358 -0.367 0.642 -0.4512 -0.554 -0.2781 0.6 -0.3498 -0.5374 -0.4783 0.7448 0.1762 -0.6237 -0.1589 0.5651 0.2352 -0.7113 0.3455 0.5821 0.379 -0.5976 0.4005 0.9374 0.0722 0.337 0.0498 0.6759 0.1132 -0.7141 0.143 0.6564 -0.034 -0.7424 0.1298 0.8647 -0.2128 0.4136 0.1896
0.6432 -0.2177 -0.6358 -0.367 0.642 -0.4512 -0.554 -0.2781 0.6 -0.3498 -0.5374 -0.4783 0.7491 0.197 -0.6194 -0.1281 0.5651 0.2352 -0.7113 0.3455 0.5821 0.379 -0.5976 0.4005 0.9374 0.0722 0.337 0.0498 0.7178 0.1404 -0.6812 0.0322 0.6564 -0.034 -0.7424 0.1298 0.8647 -0.2128 0.4136 0.1896
0.6636 -0.1879 -0.6441 -0.3309 0.642 -0.4512 -0.554 -0.2781 0.6 -0.3498 -0.5374 -0.4783 0.7491 0.197 -0.6194 -0.1281 0.5651 0.2352 -0.7113 0.3455 0.5821 0.379 -0.5976 0.4005 0.9374 0.0722 0.337 0.0498 0.7178 0.1404 -0.6812 0.0322 0.6564 -0.034 -0.7424 0.1298 0.8647 -0.2128 0.4136 0.1896
0.6636 -0.1879 -0.6441 -0.3309 0.642 -0.4512 -0.554 -0.2781 0.6 -0.3498 -0.5374 -0.4783 0.7491 0.197 -0.6194 -0.1281 0.5651 0.2352 -0.7113 0.3455 0.5821 0.379 -0.5976 0.4005 0.9374 0.0722 0.337 0.0498 0.7178 0.1404 -0.6812 0.0322 0.6564 -0.034 -0.7424 0.1298 0.8647 -0.2128 0.4136 0.1896
0.6636 -0.1879 -0.6441 -0.3309 0.642 -0.4512 -0.554 -0.2781 0.6 -0.3498 -0.5374 -0.4783 0.7491 0.197 -0.6194 -0.1281 0.5651 0.2352 -0.7113 0.3455 0.5821 0.379 -0.5976 0.4005 0.9374 0.0722 0.337 0.0498 0.7178 0.1404 -0.6812 0.0322 0.6564 -0.034 -0.7424 0.1298 0.8647 -0.2128 0.4136 0.1896
0.6636 -0.1879 -0.6441 -0.3309 0.642 -0.4512 -0.554 -0.2781 0.6 -0.3498 -0.5374 -0.4783 0.7491 0.197 -0.6194 -0.1281 0.5651 0.2352 -0.7113 0.3455 0.5821 0.379 -0.5976 0.4005 0.9374 0.0722 0.337 0.0498 0.7178 0.1404 -0.6812 0.0322 0.6564 -0.034 -0.7424 0.1298 0.8647 -0.2128 0.4136 0.1896
0.6636 -0.1879 -0.6441 -0.3309 0.6561 -0.4373 -0.5637 -0.2465 0.6777 -0.3685 -0.5341 -0.3459 0.7491 0.197 -0.6194 -0.1281 0.5651 0.2352 -0.7113 0.3455 0.5942 0.3879 -0.5927 0.3809 0.9374 0.0714 0.3376 0.0474 0.7178 0.1404 -0.6812 0.0322 0.6628 0.0084 -0.7487 0.0083 0.8647 -0.2128 0.4136 0.1896
0.6636 -0.1879 -0.6441 -0.3309 0.6561 -0.4373 -0.5637 -0.2465 0.6777 -0.3685 -0.5341 -0.3459 0.7491 0.197 -0.6194 -0.1281 0.5651 0.2352 -0.7113 0.3455 0.5942 0.3879 -0.5927 0.3809 0.9374 0.0714 0.3376 0.0474 0.7178 0.1404 -0.6812 0.0322 0.6628 0.0084 -0.7487 0.0083 0.8647 -0.2128 0.4136 0.1896
0.6636 -0.1879 -0.6441 -0.3309 0.6561 -0.4373 -0.5637 -0.2465 0.6777 -0.3685 -0.5341 -0.3459 0.7491 0.197 -0.6194 -0.1281 0.5651 0.2352 -0.7113 0.3455 0.5942 0.3879 -0.5927 0.3809 0.9374 0.0714 0.3376 0.0474 0.7178 0.1404 -0.6812 0.0322 0.6628 0.0084 -0.7487 0.0083 0.8647 -0.2128 0.4136 0.1896
0.6766 -0.1953 -0.6383 -0.3109 0.6561 -0.4373 -0.5637 -0.2465 0.6777 -0.3685 -0.5341 -0.3459 0.759 0.1823 -0.6185 -0.0902 0.6017 0.2451 -0.7173 0.2517 0.5942 0.3879 -0.5927 0.3809 0.9374 0.0714 0.3376 0.0474 0.746 0.1362 -0.6494 -0.0568 0.6628 0.0084 -0.7487 0.0083 0.8647 -0.2128 0.4136 0.1896
0.6766 -0.1953 -0.6383 -0.3109 0.6561 -0.4373 -0.5637 -0.2465 0.6777 -0.3685 -0.5341 -0.3459 0.759 0.1823 -0.6185 -0.0902 0.6017 0.2451 -0.7173 0.2517 0.5942 0.3879 -0.5927 0.3809 0.9374 0.0714 0.3376 0.0474 0.746 0.1362 -0.6494 -0.0568 0.6628 0.0084 -0.7487 0.0083 0.8647 -0.2128 0.4136 0.1896
0.6766 -0.1953 -0.6383 -0.3109 0.6561 -0.4373 -0.5637 -0.2465 0.6777 -0.3685 -0.5341 -0.3459 0.759 0.1823 -0.6185 -0.0902 0.6017 0.2451 -0.7173 0.2517 0.6276 0.3922 -0.5774 0.345 0.9374 0.0714 0.3376 0.0474 0.746 0.1362 -0.6494 -0.0568 0.6628 0.0084 -0.7487 0.0083 0.8647 -0.2128 0.4136 0.1896
0.6766 -0.1953 -0.6383 -0.3109 0.6561 -0.4373 -0.5637 -0.2465 0.6777 -0.3685 -0.5341 -0.3459 0.759 0.1823 -0.6185 -0.0902 0.6017 0.2451 -0.7173 0.2517 0.6276 0.3922 -0.5774 0.345 0.9374 0.0714 0.3376 0.0474 0.746 0.1362 -0.6494 -0.0568 0.6618 0.0475 -0.7391 -0.1163 0.8647 -0.2128 0.4136 0.1896
0.6766 -0.1953 -0.6383 -0.3109 0.6526 -0.4534 -0.556 -0.2438 0.6777 -0.3685 -0.5341 -0.3459 0.759 0.1823 -0.6185 -0.0902 0.6017 0.2451 -0.7173 0.2517 0.6276 0.3922 -0.5774 0.345 0.9355 0.0749 0.342 0.0461 0.746 0.1362 -0.6494 -0.0568 0.6618 0.0475 -0.7391 -0.1163 0.8647 -0.2128 0.4136 0.1896
0.6766 -0.1953 -0.6383 -0.3109 0.6526 -0.4534 -0.556 -0.2438 0.6777 -0.3685 -0.5341 -0.3459 0.759 0.1823 -0.6185 -0.0902 0.6017 0.2451 -0.7173 0.2517 0.6276 0.3922 -0.5774 0.345 0.9355 0.0749 0.342 0.0461 0.746 0.1362 -0.6494 -0.0568 0.6618 0.0475 -0.7391 -0.1163 0.8647 -0.2128 0.4136 0.1896
0.6766 -0.1953 -0.6383 -0.3109 0.6526 -0.4534 -0.556 -0.2438 0.6777 -0.3685 -0.5341 -0.3459 0.759 0.1823 -0.6185 -0.0902 0.6017 0.2451 -0.7173 0.2517 0.6276 0.3922 -0.5774 0.345 0.9355 0.0749 0.342 0.0461 0.746 0.1362 -0.6494 -0.0568 0.6618 0.0475 -0.7391 -0.1163 0.8647 -0.2128 0.4136 0.1896
0.6796 -0.2143 -0.628 -0.3128 0.6526 -0.4534 -0.556 -0.2438 0.6777 -0.3685 -0.5341 -0.3459 0.7722 0.1642 -0.6122 -0.0446 0.6199 0.2426 -0.7178 0.2043 0.6276 0.3922 -0.5774 0.345 0.9355 0.0749 0.342 0.0461 0.7523 0.1091 -0.6399 -0.1132 0.6618 0.0475 -0.7391 -0.1163 0.8647 -0.2128 0.4136 0.1896
0.6796 -0.2143 -0.628 -0.3128 0.6526 -0.4534 -0.556 -0.2438 0.6777 -0.3685 -0.5341 -0.3459 0.7722 0.1642 -0.6122 -0.0446 0.6199 0.2426 -0.7178 0.2043 0.6276 0.3922 -0.5774 0.345 0.9355 0.0749 0.342 0.0461 0.7523 0.1091 -0.6399 -0.1132 0.6618 0.0475 -0.7391 -0.1163 0.8647 -0.2128 0.4136 0.1896
0.6796 -0.2143 -0.628 -0.3128 0.6526 -0.4534 -0.556 -0.2438 0.6777 -0.3685 -0.5341 -0.3459 0.7722 0.1642 -0.6122 -0.0446 0.6199 0.2426 -0.7178 0.2043 0.6922 0.3975 -0.5343 0.2783 0.9355 0.0749 0.342 0.0461 0.7523 0.1091 -0.6399 -0.1132 0.6618 0.0475 -0.7391 -0.1163 0.8647 -0.2128 0.4136 0.1896
0.6796 -0.2143 -0.628 -0.3128 0.6526 -0.4534 -0.556 -0.2438 0.6777 -0.3685 -0.5341 -0.3459 0.7722 0.1642 -0.6122 -0.0446 0.6199 0.2426 -0.7178 0.2043 0.6922 0.3975 -0.5343 0.2783 0.9355 0.0749 0.342 0.0461 0.7523 0.1091 -0.6399 -0.1132 0.6446 -0.0107 -0.7576 -0.1024 0.8647 -0.2128 0.4136 0.1896
0.6796 -0.2143 -0.628 -0.3128 0.6526 -0.4534 -0.556 -0.2438 0.6777 -0.3685 -0.5341 -0.3459 0.7722 0.1642 -0.6122 -0.0446 0.6199 0.2426 -0.7178 0.2043 0.6922 0.3975 -0.5343 0.2783 0.917 0.0815 0.3881 0.0428 0.7523 0.1091 -0.6399 -0.1132 0.6446 -0.0107 -0.7576 -0.1024 0.8647 -0.2128 0.4136 0.1896
0.6796 -0.2143 -0.628 -0.3128 0.6526 -0.4534 -0.556 -0.2438 0.6777 -0.3685 -0.5341 -0.3459 0.7722 0.1642 -0.6122 -0.0446 0.6199 0.2426 -0.7178 0.2043 0.6922 0.3975 -0.5343 0.2783 0.917 0.0815 0.3881 0.0428 0.7523 0.1091 -0.6399 -0.1132 0.6446 -0.0107 -0.7576 -0.1024 0.8647 -0.2128 0.4136 0.1896
0.6796 -0.2143 -0.628 -0.3128 0.6526 -0.4534 -0.556 -0.2438 0.6777 -0.3685 -0.5341 -0.3459 0.7722 0.1642 -0.6122 -0.0446 0.6199 0.2426 -0.7178 0.2043 0.6922 0.3975 -0.5343 0.2783 0.917 0.0815 0.3881 0.0428 0.7523 0.1091 -0.6399 -0.1132 0.6446 -0.0107 -0.7576 -0.1024 0.8647 -0.2128 0.4136 0.1896
0.6659 -0.2689 -0.5984 -0.3553 0.6526 -0.4534 -0.556 -0.2438 0.6777 -0.3685 -0.5341 -0.3459 0.7773 0.1557 -0.6093 -0.0167 0.6271 0.1882 -0.7289 0.1996 0.6922 0.3975 -0.5343 0.2783 0.917 0.0815 0.3881 0.0428 0.7309 0.0943 -0.6617 -0.1376 0.6446 -0.0107 -0.7576 -0.1024 0.8647 -0.2128 0.4136 0.1896
0.6659 -0.2689 -0.5984 -0.3553 0.6526 -0.4534 -0.556 -0.2438 0.6777 -0.3685 -0.5341 -0.3459 0.7773 0.1557 -0.6093 -0.0167 0.6271 0.1882 -0.7289 0.1996 0.6922 0.3975 -0.5343 0.2783 0.917 0.0815 0.3881 0.0428 0.7309 0.0943 -0.6617 -0.1376 0.6446 -0.0107 -0.7576 -0.1024 0.8647 -0.2128 0.4136 0.1896
0.6659 -0.2689 -0.5984 -0.3553 0.6526 -0.4534 -0.556 -0.2438 0.6777 -0.3685 -0.5341 -0.3459 0.7773 0.1557 -0.6093 -0.0167 0.6271 0.1882 -0.7289 0.1996 0.6922 0.3975 -0.5343 0.2783 0.917 0.0815 0.3881 0.0428 0.7309 0.0943 -0.6617 -0.1376 0.6446 -0.0107 -0.7576 -0.1024 0.8647 -0.2128 0.4136 0.1896
0.6659 -0.2689 -0.5984 -0.3553 0.6526 -0.4534 -0.556 -0.2438 0.6777 -0.3685 -0.5341 -0.3459 0.7773 0.1557 -0.6093 -0.0167 0.6271 0.1882 -0.7289 0.1996 0.6922 0.3975 -0.5343 0.2783 0.917 0.0815 0.3881 0.0428 0.7309 0.0943 -0.6617 -0.1376 0.6446 -0.0107 -0.7576 -0.1024 0.8647 -0.2128 0.4136 0.1896
0.6659 -0.2689 -0.5984 -0.3553 0.6251 -0.517 -0.5143 -0.2784 0.6777 -0.3685 -0.5341 -0.3459 0.7773 0.1557 -0.6093 -0.0167 0.6271 0.1882 -0.7289 0.1996 0.7823 0.4227 -0.4277 0.1621 0.7457 0.0387 0.6649 -0.0219 0.7309 0.0943 -0.6617 -0.1376 0.6259 -0.1125 -0.764 -0.1092 0.8647 -0.2128 0.4136 0.1896
0.6659 -0.2689 -0.5984 -0.3553 0.6251 -0.517 -0.5143 -0.2784 0.6777 -0.3685 -0.5341 -0.3459 0.7773 0.1557 -0.6093 -0.0167 0.6104 0.0868 -0.7371 0.277 0.7823 0.4227 -0.4277 0.1621 0.7457 0.0387 0.6649 -0.0219 0.7309 0.0943 -0.6617 -0.1376 0.6259 -0.1125 -0.764 -0.1092 0.8647 -0.2128 0.4136 0.1896
0.6659 -0.2689 -0.5984 -0.3553 0.6251 -0.517 -0.5143 -0.2784 0.6777 -0.3685 -0.5341 -0.3459 0.763 0.14 -0.6244 -0.0914 0.6104 0.0868 -0.7371 0.277 0.7823 0.4227 -0.4277 0.1621 0.7457 0.0387 0.6649 -0.0219 0.7309 0.0943 -0.6617 -0.1376 0.6259 -0.1125 -0.764 -0.1092 0.8647 -0.2128 0.4136 0.1896
0.6586 -0.2724 -0.6015 -0.361 0.6251 -0.517 -0.5143 -0.2784 0.6777 -0.3685 -0.5341 -0.3459 0.763 0.14 -0.6244 -0.0914 0.6104 0.0868 -0.7371 0.277 0.7823 0.4227 -0.4277 0.1621 0.7457 0.0387 0.6649 -0.0219 0.7309 0.0943 -0.6617 -0.1376 0.6259 -0.1125 -0.764 -0.1092 0.8647 -0.2128 0.4136 0.1896
0.6586 -0.2724 -0.6015 -0.361 0.6251 -0.517 -0.5143 -0.2784 0.6777 -0.3685 -0.5341 -0.3459 0.763 0.14 -0.6244 -0.0914 0.6104 0.0868 -0.7371 0.277 0.7823 0.4227 -0.4277 0.1621 0.7457 0.0387 0.6649 -0.0219 0.7309 0.0943 -0.6617 -0.1376 0.6259 -0.1125 -0.764 -0.1092 0.8647 -0.2128 0.4136 0.1896
0.6586 -0.2724 -0.6015 -0.361 0.6251 -0.517 -0.5143 -0.2784 0.6777 -0.3685 -0.5341 -0.3459 0.763 0.14 -0.6244 -0.0914 0.6104 0.0868 -0.7371 0.277 0.7823 0.4227 -0.4277 0.1621 0.7457 0.0387 0.6649 -0.0219 0.7309 0.0943 -0.6617 -0.1376 0.6259 -0.1125 -0.764 -0.1092 0.8647 -0.2128 0.4136 0.1896
0.6586 -0.2724 -0.6015 -0.361 0.6251 -0.517 -0.5143 -0.2784 0.6777 -0.3685 -0.5341 -0.3459 0.763 0.14 -0.6244 -0.0914 0.6104 0.0868 -0.7371 0.277 0.8026 0.4282 -0.4003 0.1107 0.7457 0.0387 0.6649 -0.0219 0.7309 0.0943 -0.6617 -0.1376 0.6122 -0.1182 -0.7767 -0.089 0.8647 -0.2128 0.4136 0.1896
0.6586 -0.2724 -0.6015 -0.361 0.6251 -0.517 -0.5143 -0.2784 0.6777 -0.3685 -0.5341 -0.3459 0.763 0.14 -0.6244 -0.0914 0.6104 0.0868 -0.7371 0.277 0.8026 0.4282 -0.4003 0.1107 0.7117 0.0305 0.6898 -0.1296 0.7309 0.0943 -0.6617 -0.1376 0.6122 -0.1182 -0.7767 -0.089 0.8647 -0.2128 0.4136 0.1896
0.6586 -0.2724 -0.6015 -0.361 0.6251 -0.517 -0.5143 -0.2784 0.6777 -0.3685 -0.5341 -0.3459 0.763 0.14 -0.6244 -0.0914 0.6104 0.0868 -0.7371 0.277 0.8026 0.4282 -0.4003 0.1107 0.7117 0.0305 0.6898 -0.1296 0.7309 0.0943 -0.6617 -0.1376 0.6122 -0.1182 -0.7767 -0.089 0.8647 -0.2128 0.4136 0.1896
0.6586 -0.2724 -0.6015 -0.361 0.6251 -0.517 -0.5143 -0.2784 0.6777 -0.3685 -0.5341 -0.3459 0.763 0.14 -0.6244 -0.0914 0.6104 0.0868 -0.7371 0.277 0.8026 0.4282 -0.4003 0.1107 0.7117 0.0305 0.6898 -0.1296 0.6846 0.0474 -0.7264 -0.0365 0.6122 -0.1182 -0.7767 -0.089 0.8647 -0.2128 0.4136 0.1896
0.6371 -0.2987 -0.5891 -0.3973 0.6251 -0.517 -0.5143 -0.2784 0.6777 -0.3685 -0.5341 -0.3459 0.7322 0.1678 -0.6406 -0.1592 0.6104 0.0868 -0.7371 0.277 0.8026 0.4282 -0.4003 0.1107 0.7117 0.0305 0.6898 -0.1296 0.6846 0.0474 -0.7264 -0.0365 0.6122 -0.1182 -0.7767 -0.089 0.8647 -0.2128 0.4136 0.1896
0.6371 -0.2987 -0.5891 -0.3973 0.6251 -0.517 -0.5143 -0.2784 0.6777 -0.3685 -0.5341 -0.3459 0.7322 0.1678 -0.6406 -0.1592 0.6104 0.0868 -0.7371 0.277 0.8026 0.4282 -0.4003 0.1107 0.7117 0.0305 0.6898 -0.1296 0.6846 0.0474 -0.7264 -0.0365 0.6122 -0.1182 -0.7767 -0.089 0.8647 -0.2128 0.4136 0.1896
0.6371 -0.2987 -0.5891 -0.3973 0.6251 -0.517 -0.5143 -0.2784 0.6777 -0.3685 -0.5341 -0.3459 0.7322 0.1678 -0.6406 -0.1592 0.6104 0.0868 -0.7371 0.277 0.8026 0.4282 -0.4003 0.1107 0.7117 0.0305 0.6898 -0.1296 0.6846 0.0474 -0.7264 -0.0365 0.6122 -0.1182 -0.7767 -0.089 0.8647 -0.2128 0.4136 0.1896
0.6371 -0.2987 -0.5891 -0.3973 0.6251 -0.517 -0.5143 -0.2784 0.6777 -0.3685 -0.5341 -0.3459 0.7322 0.1678 -0.6406 -0.1592 0.6104 0.0868 -0.7371 0.277 0.7652 0.3638 -0.504 0.1676 0.7117 0.0305 0.6898 -0.1296 0.6846 0.0474 -0.7264 -0.0365 0.6068 -0.1227 -0.7827 -0.0637 0.8647 -0.2128 0.4136 0.1896
0.6371 -0.2987 -0.5891 -0.3973 0.6251 -0.517 -0.5143 -0.2784 0.6777 -0.3685 -0.5341 -0.3459 0.7322 0.1678 -0.6406 -0.1592 0.6104 0.0868 -0.7371 0.277 0.7652 0.3638 -0.504 0.1676 0.7117 0.0305 0.6898 -0.1296 0.6846 0.0474 -0.7264 -0.0365 0.6068 -0.1227 -0.7827 -0.0637 0.8647 -0.2128 0.4136 0.1896
0.6371 -0.2987 -0.5891 -0.3973 0.6251 -0.517 -0.5143 -0.2784 0.6777 -0.3685 -0.5341 -0.3459 0.7322 0.1678 -0.6406 -0.1592 0.6104 0.0868 -0.7371 0.277 0.7652 0.3638 -0.504 0.1676 0.7117 0.0305 0.6898 -0.1296 0.6846 0.0474 -0.7264 -0.0365 0.6068 -0.1227 -0.7827 -0.0637 0.9147 -0.158 0.3652 -0.0701
0.6371 -0.2987 -0.5891 -0.3973 0.6251 -0.517 -0.5143 -0.2784 0.6777 -0.3685 -0.5341 -0.3459 0.7322 0.1678 -0.6406 -0.1592 0.6104 0.0868 -0.7371 0.277 0.7652 0.3638 -0.504 0.1676 0.7117 0.0305 0.6898 -0.1296 0.6846 0.0474 -0.7264 -0.0365 0.6068 -0.1227 -0.7827 -0.0637 0.9147 -0.158 0.3652 -0.0701
0.6287 -0.3009 -0.5833 -0.4171 0.6251 -0.517 -0.5143 -0.2784 0.6777 -0.3685 -0.5341 -0.3459 0.6999 0.1738 -0.6552 -0.2249 0.6104 0.0868 -0.7371 0.277 0.7652 0.3638 -0.504 0.1676 0.7117 0.0305 0.6898 -0.1296 0.6846 0.0474 -0.7264 -0.0365 0.6068 -0.1227 -0.7827 -0.0637 0.9147 -0.158 0.3652 -0.0701
0.6287 -0.3009 -0.5833 -0.4171 0.6251 -0.517 -0.5143 -0.2784 0.6777 -0.3685 -0.5341 -0.3459 0.6999 0.1738 -0.6552 -0.2249 0.6104 0.0868 -0.7371 0.277 0.7652 0.3638 -0.504 0.1676 0.7117 0.0305 0.6898 -0.1296 0.6846 0.0474 -0.7264 -0.0365 0.6068 -0.1227 -0.7827 -0.0637 0.9147 -0.158 0.3652 -0.0701
0.6287 -0.3009 -0.5833 -0.4171 0.6251 -0.517 -0.5143 -0.2784 0.6777 -0.3685 -0.5341 -0.3459 0.6999 0.1738 -0.6552 -0.2249 0.6104 0.0868 -0.7371 0.277 0.7652 0.3638 -0.504 0.1676 0.7117 0.0305 0.6898 -0.1296 0.6846 0.0474 -0.7264 -0.0365 0.6068 -0.1227 -0.7827 -0.0637 0.9147 -0.158 0.3652 -0.0701
0.6287 -0.3009 -0.5833 -0.4171 0.6187 -0.5162 -0.4769 -0.3511 0.6777 -0.3685 -0.5341 -0.3459 0.6999 0.1738 -0.6552 -0.2249 0.6104 0.0868 -0.7371 0.277 0.6612 0.27 -0.6354 0.2936 0.9057 0.1057 0.4099 -0.0215 0.6846 0.0474 -0.7264 -0.0365 0.6038 -0.1445 -0.7825 -0.046 0.9147 -0.158 0.3652 -0.0701
0.6287 -0.3009 -0.5833 -0.4171 0.6187 -0.5162 -0.4769 -0.3511 0.6777 -0.3685 -0.5341 -0.3459 0.6999 0.1738 -0.6552 -0.2249 0.6104 0.0868 -0.7371 0.277 0.6612 0.27 -0.6354 0.2936 0.9057 0.1057 0.4099 -0.0215 0.6846 0.0474 -0.7264 -0.0365 0.6038 -0.1445 -0.7825 -0.046 0.9147 -0.158 0.3652 -0.0701
0.6287 -0.3009 -0.5833 -0.4171 0.6187 -0.5162 -0.4769 -0.3511 0.6777 -0.3685 -0.5341 -0.3459 0.6999 0.1738 -0.6552 -0.2249 0.6104 0.0868 -0.7371 0.277 0.6612 0.27 -0.6354 0.2936 0.9057 0.1057 0.4099 -0.0215 0.6846 0.0474 -0.7264 -0.0365 0.6038 -0.1445 -0.7825 -0.046 0.9147 -0.158 0.3652 -0.0701
0.6287 -0.3009 -0.5833 -0.4171 0.6187 -0.5162 -0.4769 -0.3511 0.6777 -0.3685 -0.5341 -0.3459 0.6999 0.1738 -0.6552 -0.2249 0.6104 0.0868 -0.7371 0.277 0.6612 0.27 -0.6354 0.2936 0.9057 0.1057 0.4099 -0.0215 0.6846 0.0474 -0.7264 -0.0365 0.6038 -0.1445 -0.7825 -0.046 0.9147 -0.158 0.3652 -0.0701
0.6259 -0.2891 -0.5851 -0.427 0.6187 -0.5162 -0.4769 -0.3511 0.6777 -0.3685 -0.5341 -0.3459 0.6785 0.1649 -0.6739 -0.2415 0.5533 0.0278 -0.7241 0.4109 0.6612 0.27 -0.6354 0.2936 0.9057 0.1057 0.4099 -0.0215 0.6846 0.0474 -0.7264 -0.0365 0.6038 -0.1445 -0.7825 -0.046 0.9147 -0.158 0.3652 -0.0701
0.6259 -0.2891 -0.5851 -0.427 0.6187 -0.5162 -0.4769 -0.3511 0.6777 -0.3685 -0.5341 -0.3459 0.6785 0.1649 -0.6739 -0.2415 0.5533 0.0278 -0.7241 0.4109 0.6612 0.27 -0.6354 0.2936 0.9057 0.1057 0.4099 -0.0215 0.6846 0.0474 -0.7264 -0.0365 0.6038 -0.1445 -0.7825 -0.046 0.9147 -0.158 0.3652 -0.0701
0.6259 -0.2891 -0.5851 -0.427 0.6187 -0.5162 -0.4769 -0.3511 0.6777 -0.3685 -0.5341 -0.3459 0.6785 0.1649 -0.6739 -0.2415 0.5533 0.0278 -0.7241 0.4109 0.6612 0.27 -0.6354 0.2936 0.9057 0.1057 0.4099 -0.0215 0.6846 0.0474 -0.7264 -0.0365 0.6038 -0.1445 -0.7825 -0.046 0.9147 -0.158 0.3652 -0.0701
0.6259 -0.2891 -0.5851 -0.427 0.6167 -0.5046 -0.4633 -0.3878 0.6777 -0.3685 -0.5341 -0.3459 0.6785 0.1649 -0.6739 -0.2415 0.5533 0.0278 -0.7241 0.4109 0.5466 0.1935 -0.6962 0.4232 0.9057 0.1057 0.4099 -0.0215 0.6846 0.0474 -0.7264 -0.0365 0.6055 -0.1714 -0.7772 -0.0046 0.9147 -0.158 0.3652 -0.0701
0.6259 -0.2891 -0.5851 -0.427 0.6167 -0.5046 -0.4633 -0.3878 0.6777 -0.3685 -0.5341 -0.3459 0.6785 0.1649 -0.6739 -0.2415 0.5533 0.0278 -0.7241 0.4109 0.5466 0.1935 -0.6962 0.4232 0.9057 0.1057 0.4099 -0.0215 0.6846 0.0474 -0.7264 -0.0365 0.6055 -0.1714 -0.7772 -0.0046 0.9147 -0.158 0.3652 -0.0701
0.6259 -0.2891 -0.5851 -0.427 0.6167 -0.5046 -0.4633 -0.3878 0.6777 -0.3685 -0.5341 -0.3459 0.6785 0.1649 -0.6739 -0.2415 0.5533 0.0278 -0.7241 0.4109 0.5466 0.1935 -0.6962 0.4232 0.9057 0.1057 0.4099 -0.0215 0.6846 0.0474 -0.7264 -0.0365 0.6055 -0.1714 -0.7772 -0.0046 0.9102 -0.156 0.3796 -0.0565
0.6259 -0.2891 -0.5851 -0.427 0.6167 -0.5046 -0.4633 -0.3878 0.6777 -0.3685 -0.5341 -0.3459 0.6785 0.1649 -0.6739 -0.2415 0.5533 0.0278 -0.7241 0.4109 0.5466 0.1935 -0.6962 0.4232 0.9057 0.1057 0.4099 -0.0215 0.6846 0.0474 -0.7264 -0.0365 0.6055 -0.1714 -0.7772 -0.0046 0.9102 -0.156 0.3796 -0.0565
0.6049 -0.3057 -0.576 -0.4571 0.6167 -0.5046 -0.4633 -0.3878 0.6777 -0.3685 -0.5341 -0.3459 0.6779 0.1404 -0.6808 -0.2392 0.5608 0.0801 -0.715 0.4097 0.5466 0.1935 -0.6962 0.4232 0.9057 0.1057 0.4099 -0.0215 0.6846 0.0474 -0.7264 -0.0365 0.6055 -0.1714 -0.7772 -0.0046 0.9102 -0.156 0.3796 -0.0565
0.6049 -0.3057 -0.576 -0.4571 0.6167 -0.5046 -0.4633 -0.3878 0.6777 -0.3685 -0.5341 -0.3459 0.6779 0.1404 -0.6808 -0.2392 0.5608 0.0801 -0.715 0.4097 0.5466 0.1935 -0.6962 0.4232 0.9057 0.1057 0.4099 -0.0215 0.6846 0.0474 -0.7264 -0.0365 0.6055 -0.1714 -0.7772 -0.0046 0.9102 -0.156 0.3796 -0.0565
0.6049 -0.3057 -0.576 -0.4571 0.6167 -0.5046 -0.4633 -0.3878 0.6777 -0.3685 -0.5341 -0.3459 0.6779 0.1404 -0.6808 -0.2392 0.5608 0.0801 -0.715 0.4097 0.5466 0.1935 -0.6962 0.4232 0.9057 0.1057 0.4099 -0.0215 0.6846 0.0474 -0.7264 -0.0365 0.6055 -0.1714 -0.7772 -0.0046 0.9102 -0.156 0.3796 -0.0565
0.6049 -0.3057 -0.576 -0.4571 0.6017 -0.5137 -0.4515 -0.4125 0.6777 -0.3685 -0.5341 -0.3459 0.6779 0.1404 -0.6808 -0.2392 0.5608 0.0801 -0.715 0.4097 0.5739 0.2269 -0.6881 0.3817 0.9366 0.0775 0.3413 0.016 0.6846 0.0474 -0.7264 -0.0365 0.6099 -0.2222 -0.7572 0.0731 0.9102 -0.156 0.3796 -0.0565
0.6049 -0.3057 -0.576 -0.4571 0.6017 -0.5137 -0.4515 -0.4125 0.6777 -0.3685 -0.5341 -0.3459 0.6779 0.1404 -0.6808 -0.2392 0.5608 0.0801 -0.715 0.4097 0.5739 0.2269 -0.6881 0.3817 0.9366 0.0775 0.3413 0.016 0.6846 0.0474 -0.7264 -0.0365 0.6099 -0.2222 -0.7572 0.0731 0.9102 -0.156 0.3796 -0.0565
0.6049 -0.3057 -0.576 -0.4571 0.6017 -0.5137 -0.4515 -0.4125 0.6777 -0.3685 -0.5341 -0.3459 0.6779 0.1404 -0.6808 -0.2392 0.5608 0.0801 -0.715 0.4097 0.5739 0.2269 -0.6881 0.3817 0.9366 0.0775 0.3413 0.016 0.6846 0.0474 -0.7264 -0.0365 0.6099 -0.2222 -0.7572 0.0731 0.9102 -0.156 0.3796 -0.0565
0.6049 -0.3057 -0.576 -0.4571 0.6017 -0.5137 -0.4515 -0.4125 0.6777 -0.3685 -0.5341 -0.3459 0.6779 0.1404 -0.6808 -0.2392 0.5608 0.0801 -0.715 0.4097 0.5739 0.2269 -0.6881 0.3817 0.9366 0.0775 0.3413 0.016 0.6846 0.0474 -0.7264 -0.0365 0.6099 -0.2222 -0.7572 0.0731 0.9102 -0.156 0.3796 -0.0565
0.595 -0.33 -0.5769 -0.4518 0.6017 -0.5137 -0.4515 -0.4125 0.6777 -0.3685 -0.5341 -0.3459 0.7099 0.1152 -0.6641 -0.2043 0.5479 0.1313 -0.7146 0.4147 0.5739 0.2269 -0.6881 0.3817 0.9366 0.0775 0.3413 0.016 0.6846 0.0474 -0.7264 -0.0365 0.6099 -0.2222 -0.7572 0.0731 0.9102 -0.156 0.3796 -0.0565
0.595 -0.33 -0.5769 -0.4518 0.6017 -0.5137 -0.4515 -0.4125 0.6777 -0.3685 -0.5341 -0.3459 0.7099 0.1152 -0.6641 -0.2043 0.5479 0.1313 -0.7146 0.4147 0.5805 0.3005 -0.6454 0.3952 0.9366 0.0775 0.3413 0.016 0.6846 0.0474 -0.7264 -0.0365 0.6099 -0.2222 -0.7572 0.0731 0.9102 -0.156 0.3796 -0.0565
0.595 -0.33 -0.5769 -0.4518 0.6017 -0.5137 -0.4515 -0.4125 0.6777 -0.3685 -0.5341 -0.3459 0.7099 0.1152 -0.6641 -0.2043 0.5479 0.1313 -0.7146 0.4147 0.5805 0.3005 -0.6454 0.3952 0.9366 0.0775 0.3413 0.016 0.6846 0.0474 -0.7264 -0.0365 0.6099 -0.2222 -0.7572 0.0731 0.9102 -0.156 0.3796 -0.0565
0.595 -0.33 -0.5769 -0.4518 0.6017 -0.5137 -0.4515 -0.4125 0.6777 -0.3685 -0.5341 -0.3459 0.7099 0.1152 -0.6641 -0.2043 0.5479 0.1313 -0.7146 0.4147 0.5805 0.3005 -0.6454 0.3952 0.9366 0.0775 0.3413 0.016 0.6846 0.0474 -0.7264 -0.0365 0.6096 -0.2678 -0.726 0.1722 0.9102 -0.156 0.3796 -0.0565
0.595 -0.33 -0.5769 -0.4518 0.6017 -0.5137 -0.4515 -0.4125 0.6777 -0.3685 -0.5341 -0.3459 0.7099 0.1152 -0.6641 -0.2043 0.5479 0.1313 -0.7146 0.4147 0.5805 0.3005 -0.6454 0.3952 0.9366 0.0775 0.3413 0.016 0.6846 0.0474 -0.7264 -0.0365 0.6096 -0.2678 -0.726 0.1722 0.9102 -0.156 0.3796 -0.0565
0.595 -0.33 -0.5769 -0.4518 0.6017 -0.5137 -0.4515 -0.4125 0.6777 -0.3685 -0.5341 -0.3459 0.7099 0.1152 -0.6641 -0.2043 0.5479 0.1313 -0.7146 0.4147 0.5805 0.3005 -0.6454 0.3952 0.9366 0.0775 0.3413 0.016 0.6846 0.0474 -0.7264 -0.0365 0.6096 -0.2678 -0.726 0.1722 0.9102 -0.156 0.3796 -0.0565
0.595 -0.33 -0.5769 -0.4518 0.6017 -0.5137 -0.4515 -0.4125 0.6777 -0.3685 -0.5341 -0.3459 0.7099 0.1152 -0.6641 -0.2043 0.5479 0.1313 -0.7146 0.4147 0.5805 0.3005 -0.6454 0.3952 0.9366 0.0775 0.3413 0.016 0.6846 0.0474 -0.7264 -0.0365 0.6096 -0.2678 -0.726 0.1722 0.9102 -0.156 0.3796 -0.0565
0.6014 -0.321 -0.5785 -0.448 0.6017 -0.5137 -0.4515 -0.4125 0.6777 -0.3685 -0.5341 -0.3459 0.7103 0.1119 -0.6509 -0.2435 0.5699 0.1755 -0.7194 0.3563 0.5805 0.3005 -0.6454 0.3952 0.9366 0.0775 0.3413 0.016 0.6777 0.0869 -0.7245 0.0908 0.6096 -0.2678 -0.726 0.1722 0.9102 -0.156 0.3796 -0.0565
0.6014 -0.321 -0.5785 -0.448 0.6017 -0.5137 -0.4515 -0.4125 0.6777 -0.3685 -0.5341 -0.3459 0.7103 0.1119 -0.6509 -0.2435 0.5699 0.1755 -0.7194 0.3563 0.5805 0.3005 -0.6454 0.3952 0.9366 0.0775 0.3413 0.016 0.6777 0.0869 -0.7245 0.0908 0.6096 -0.2678 -0.726 0.1722 0.9102 -0.156 0.3796 -0.0565
0.6014 -0.321 -0.5785 -0.448 0.6017 -0.5137 -0.4515 -0.4125 0.6777 -0.3685 -0.5341 -0.3459 0.7103 0.1119 -0.6509 -0.2435 0.5699 0.1755 -0.7194 0.3563 0.5845 0.3338 -0.6292 0.3887 0.9366 0.0775 0.3413 0.016 0.6777 0.0869 -0.7245 0.0908 0.6096 -0.2678 -0.726 0.1722 0.9102 -0.156 0.3796 -0.0565
0.6014 -0.321 -0.5785 -0.448 0.6017 -0.5137 -0.4515 -0.4125 0.6777 -0.3685 -0.5341 -0.3459 0.7103 0.1119 -0.6509 -0.2435 0.5699 0.1755 -0.7194 0.3563 0.5845 0.3338 -0.6292 0.3887 0.9366 0.0775 0.3413 0.016 0.6777 0.0869 -0.7245 0.0908 0.6096 -0.2678 -0.726 0.1722 0.9102 -0.156 0.3796 -0.0565
0.6014 -0.321 -0.5785 -0.448 0.6017 -0.5137 -0.4515 -0.4125 0.6777 -0.3685 -0.5341 -0.3459 0.7103 0.1119 -0.6509 -0.2435 0.5699 0.1755 -0.7194 0.3563 0.5845 0.3338 -0.6292 0.3887 0.9366 0.0775 0.3413 0.016 0.6777 0.0869 -0.7245 0.0908 0.6096 -0.2678 -0.726 0.1722 0.9102 -0.156 0.3796 -0.0565
0.6014 -0.321 -0.5785 -0.448 0.6017 -0.5137 -0.4515 -0.4125 0.63 -0.3764 -0.5032 -0.4564 0.7103 0.1119 -0.6509 -0.2435 0.5699 0.1755 -0.7194 0.3563 0.5845 0.3338 -0.6292 0.3887 0.9366 0.0775 0.3413 0.016 0.6777 0.0869 -0.7245 0.0908 0.6096 -0.2678 -0.726 0.1722 0.9102 -0.156 0.3796 -0.0565
0.6014 -0.321 -0.5785 -0.448 0.6017 -0.5137 -0.4515 -0.4125 0.63 -0.3764 -0.5032 -0.4564 0.7103 0.1119 -0.6509 -0.2435 0.5699 0.1755 -0.7194 0.3563 0.5845 0.3338 -0.6292 0.3887 0.9366 0.0775 0.3413 0.016 0.6777 0.0869 -0.7245 0.0908 0.6096 -0.2678 -0.726 0.1722 0.9102 -0.156 0.3796 -0.0565
0.6367 -0.2987 -0.5886 -0.3987 0.6017 -0.5137 -0.4515 -0.4125 0.63 -0.3764 -0.5032 -0.4564 0.705 0.1542 -0.6522 -0.2321 0.5699 0.1755 -0.7194 0.3563 0.5845 0.3338 -0.6292 0.3887 0.9366 0.0775 0.3413 0.016 0.7134 0.1068 -0.6919 0.0298 0.6096 -0.2678 -0.726 0.1722 0.9102 -0.156 0.3796 -0.0565
0.6367 -0.2987 -0.5886 -0.3987 0.6017 -0.5137 -0.4515 -0.4125 0.63 -0.3764 -0.5032 -0.4564 0.705 0.1542 -0.6522 -0.2321 0.5699 0.1755 -0.7194 0.3563 0.5845 0.3338 -0.6292 0.3887 0.9366 0.0775 0.3413 0.016 0.7134 0.1068 -0.6919 0.0298 0.6096 -0.2678 -0.726 0.1722 0.9102 -0.156 0.3796 -0.0565
0.6367 -0.2987 -0.5886 -0.3987 0.6017 -0.5137 -0.4515 -0.4125 0.63 -0.3764 -0.5032 -0.4564 0.705 0.1542 -0.6522 -0.2321 0.5699 0.1755 -0.7194 0.3563 0.6047 0.3462 -0.6194 0.3618 0.9366 0.0775 0.3413 0.016 0.7134 0.1068 -0.6919 0.0298 0.6096 -0.2678 -0.726 0.1722 0.9102 -0.156 0.3796 -0.0565
0.6367 -0.2987 -0.5886 -0.3987 0.6017 -0.5137 -0.4515 -0.4125 0.63 -0.3764 -0.5032 -0.4564 0.705 0.1542 -0.6522 -0.2321 0.5699 0.1755 -0.7194 0.3563 0.6047 0.3462 -0.6194 0.3618 0.9374 0.0864 0.3368 0.0192 0.7134 0.1068 -0.6919 0.0298 0.6519 -0.0695 -0.7437 0.1311 0.9102 -0.156 0.3796 -0.0565
0.6367 -0.2987 -0.5886 -0.3987 0.6017 -0.5137 -0.4515 -0.4125 0.63 -0.3764 -0.5032 -0.4564 0.705 0.1542 -0.6522 -0.2321 0.5699 0.1755 -0.7194 0.3563 0.6047 0.3462 -0.6194 0.3618 0.9374 0.0864 0.3368 0.0192 0.7134 0.1068 -0.6919 0.0298 0.6519 -0.0695 -0.7437 0.1311 0.9102 -0.156 0.3796 -0.0565
0.6367 -0.2987 -0.5886 -0.3987 0.6017 -0.5137 -0.4515 -0.4125 0.63 -0.3764 -0.5032 -0.4564 0.705 0.1542 -0.6522 -0.2321 0.5699 0.1755 -0.7194 0.3563 0.6047 0.3462 -0.6194 0.3618 0.9374 0.0864 0.3368 0.0192 0.7134 0.1068 -0.6919 0.0298 0.6519 -0.0695 -0.7437 0.1311 0.9102 -0.156 0.3796 -0.0565
0.6367 -0.2987 -0.5886 -0.3987 0.6017 -0.5137 -0.4515 -0.4125 0.63 -0.3764 -0.5032 -0.4564 0.705 0.1542 -0.6522 -0.2321 0.5699 0.1755 -0.7194 0.3563 0.6047 0.3462 -0.6194 0.3618 0.9374 0.0864 0.3368 0.0192 0.7134 0.1068 -0.6919 0.0298 0.6519 -0.0695 -0.7437 0.1311 0.9102 -0.156 0.3796 -0.0565
0.6367 -0.2987 -0.5886 -0.3987 0.6017 -0.5137 -0.4515 -0.4125 0.63 -0.3764 -0.5032 -0.4564 0.7068 0.1719 -0.6542 -0.2069 0.5699 0.1755 -0.7194 0.3563 0.6047 0.3462 -0.6194 0.3618 0.9374 0.0864 0.3368 0.0192 0.7134 0.1068 -0.6919 0.0298 0.6519 -0.0695 -0.7437 0.1311 0.9102 -0.156 0.3796 -0.0565
0.6367 -0.2987 -0.5886 -0.3987 0.6017 -0.5137 -0.4515 -0.4125 0.63 -0.3764 -0.5032 -0.4564 0.7068 0.1719 -0.6542 -0.2069 0.5699 0.1755 -0.7194 0.3563 0.6047 0.3462 -0.6194 0.3618 0.9374 0.0864 0.3368 0.0192 0.7134 0.1068 -0.6919 0.0298 0.6519 -0.0695 -0.7437 0.1311 0.9102 -0.156 0.3796 -0.0565
0.6367 -0.2987 -0.5886 -0.3987 0.6017 -0.5137 -0.4515 -0.4125 0.63 -0.3764 -0.5032 -0.4564 0.7068 0.1719 -0.6542 -0.2069 0.5699 0.1755 -0.7194 0.3563 0.6047 0.3462 -0.6194 0.3618 0.9374 0.0864 0.3368 0.0192 0.7134 0.1068 -0.6919 0.0298 0.6519 -0.0695 -0.7437 0.1311 0.9102 -0.156 0.3796 -0.0565
0.6367 -0.2987 -0.5886 -0.3987 0.6401 -0.5148 -0.4941 -0.2849 0.63 -0.3764 -0.5032 -0.4564 0.7068 0.1719 -0.6542 -0.2069 0.5699 0.1755 -0.7194 0.3563 0.6047 0.3462 -0.6194 0.3618 0.9368 0.089 0.338 0.0181 0.7134 0.1068 -0.6919 0.0298 0.6613 0.0064 -0.7483 -0.0518 0.9102 -0.156 0.3796 -0.0565
0.6367 -0.2987 -0.5886 -0.3987 0.6401 -0.5148 -0.4941 -0.2849 0.63 -0.3764 -0.5032 -0.4564 0.7068 0.1719 -0.6542 -0.2069 0.5699 0.1755 -0.7194 0.3563 0.6047 0.3462 -0.6194 0.3618 0.9368 0.089 0.338 0.0181 0.7134 0.1068 -0.6919 0.0298 0.6613 0.0064 -0.7483 -0.0518 0.9102 -0.156 0.3796 -0.0565
0.6367 -0.2987 -0.5886 -0.3987 0.6401 -0.5148 -0.4941 -0.2849 0.6377 -0.3815 -0.5123 -0.4305 0.7068 0.1719 -0.6542 -0.2069 0.5699 0.1755 -0.7194 0.3563 0.6047 0.3462 -0.6194 0.3618 0.9368 0.089 0.338 0.0181 0.7134 0.1068 -0.6919 0.0298 0.6613 0.0064 -0.7483 -0.0518 0.9348 -0.2012 0.2916 -0.0251
0.6367 -0.2987 -0.5886 -0.3987 0.6401 -0.5148 -0.4941 -0.2849 0.6377 -0.3815 -0.5123 -0.4305 0.7213 0.148 -0.6511 -0.1841 0.6122 0.1964 -0.7312 0.2279 0.6047 0.3462 -0.6194 0.3618 0.9368 0.089 0.338 0.0181 0.7495 0.0834 -0.6478 -0.108 0.6613 0.0064 -0.7483 -0.0518 0.9348 -0.2012 0.2916 -0.0251
0.661 -0.2983 -0.5875 -0.359 0.6401 -0.5148 -0.4941 -0.2849 0.6377 -0.3815 -0.5123 -0.4305 0.7213 0.148 -0.6511 -0.1841 0.6122 0.1964 -0.7312 0.2279 0.6047 0.3462 -0.6194 0.3618 0.9368 0.089 0.338 0.0181 0.7495 0.0834 -0.6478 -0.108 0.6613 0.0064 -0.7483 -0.0518 0.9348 -0.2012 0.2916 -0.0251
0.661 -0.2983 -0.5875 -0.359 0.6401 -0.5148 -0.4941 -0.2849 0.6377 -0.3815 -0.5123 -0.4305 0.7213 0.148 -0.6511 -0.1841 0.6122 0.1964 -0.7312 0.2279 0.6047 0.3462 -0.6194 0.3618 0.9368 0.089 0.338 0.0181 0.7495 0.0834 -0.6478 -0.108 0.6613 0.0064 -0.7483 -0.0518 0.9348 -0.2012 0.2916 -0.0251
0.661 -0.2983 -0.5875 -0.359 0.6401 -0.5148 -0.4941 -0.2849 0.6377 -0.3815 -0.5123 -0.4305 0.7213 0.148 -0.6511 -0.1841 0.6122 0.1964 -0.7312 0.2279 0.6047 0.3462 -0.6194 0.3618 0.9368 0.089 0.338 0.0181 0.7495 0.0834 -0.6478 -0.108 0.6613 0.0064 -0.7483 -0.0518 0.9348 -0.2012 0.2916 -0.0251
0.661 -0.2983 -0.5875 -0.359 0.634 -0.525 -0.4878 -0.2906 0.6377 -0.3815 -0.5123 -0.4305 0.7213 0.148 -0.6511 -0.1841 0.6122 0.1964 -0.7312 0.2279 0.6559 0.3586 -0.5902 0.3045 0.9347 0.0927 0.3428 0.0163 0.7495 0.0834 -0.6478 -0.108 0.6523 0.009 -0.7385 -0.1707 0.9348 -0.2012 0.2916 -0.0251
0.661 -0.2983 -0.5875 -0.359 0.634 -0.525 -0.4878 -0.2906 0.6377 -0.3815 -0.5123 -0.4305 0.7213 0.148 -0.6511 -0.1841 0.6122 0.1964 -0.7312 0.2279 0.6559 0.3586 -0.5902 0.3045 0.9347 0.0927 0.3428 0.0163 0.7495 0.0834 -0.6478 -0.108 0.6523 0.009 -0.7385 -0.1707 0.9348 -0.2012 0.2916 -0.0251
0.661 -0.2983 -0.5875 -0.359 0.634 -0.525 -0.4878 -0.2906 0.6301 -0.3871 -0.515 -0.4335 0.7213 0.148 -0.6511 -0.1841 0.6122 0.1964 -0.7312 0.2279 0.6559 0.3586 -0.5902 0.3045 0.9347 0.0927 0.3428 0.0163 0.7495 0.0834 -0.6478 -0.108 0.6523 0.009 -0.7385 -0.1707 0.9348 -0.2012 0.2916 -0.0251
0.661 -0.2983 -0.5875 -0.359 0.634 -0.525 -0.4878 -0.2906 0.6301 -0.3871 -0.515 -0.4335 0.7213 0.148 -0.6511 -0.1841 0.6122 0.1964 -0.7312 0.2279 0.6559 0.3586 -0.5902 0.3045 0.9347 0.0927 0.3428 0.0163 0.7417 0.0692 -0.6543 -0.1304 0.6523 0.009 -0.7385 -0.1707 0.9348 -0.2012 0.2916 -0.0251
0.6545 -0.3153 -0.577 -0.373 0.634 -0.525 -0.4878 -0.2906 0.6301 -0.3871 -0.515 -0.4335 0.7355 0.1376 -0.6458 -0.1518 0.6122 0.1964 -0.7312 0.2279 0.6559 0.3586 -0.5902 0.3045 0.9347 0.0927 0.3428 0.0163 0.7417 0.0692 -0.6543 -0.1304 0.6523 0.009 -0.7385 -0.1707 0.9348 -0.2012 0.2916 -0.0251
0.6545 -0.3153 -0.577 -0.373 0.634 -0.525 -0.4878 -0.2906 0.6301 -0.3871 -0.515 -0.4335 0.7355 0.1376 -0.6458 -0.1518 0.6122 0.1964 -0.7312 0.2279 0.6559 0.3586 -0.5902 0.3045 0.9347 0.0927 0.3428 0.0163 0.7417 0.0692 -0.6543 -0.1304 0.6523 0.009 -0.7385 -0.1707 0.9348 -0.2012 0.2916 -0.0251
0.6545 -0.3153 -0.577 -0.373 0.634 -0.525 -0.4878 -0.2906 0.6301 -0.3871 -0.515 -0.4335 0.7355 0.1376 -0.6458 -0.1518 0.6122 0.1964 -0.7312 0.2279 0.7119 0.3618 -0.5484 0.2482 0.9347 0.0927 0.3428 0.0163 0.7417 0.0692 -0.6543 -0.1304 0.6523 0.009 -0.7385 -0.1707 0.9348 -0.2012 0.2916 -0.0251
0.6545 -0.3153 -0.577 -0.373 0.634 -0.525 -0.4878 -0.2906 0.6301 -0.3871 -0.515 -0.4335 0.7355 0.1376 -0.6458 -0.1518 0.6122 0.1964 -0.7312 0.2279 0.7119 0.3618 -0.5484 0.2482 0.9347 0.0927 0.3428 0.0163 0.7417 0.0692 -0.6543 -0.1304 0.6306 -0.085 -0.7523 -0.1711 0.9348 -0.2012 0.2916 -0.0251
0.6545 -0.3153 -0.577 -0.373 0.634 -0.525 -0.4878 -0.2906 0.6234 -0.3667 -0.5273 -0.4459 0.7355 0.1376 -0.6458 -0.1518 0.6122 0.1964 -0.7312 0.2279 0.7119 0.3618 -0.5484 0.2482 0.9347 0.0927 0.3428 0.0163 0.7417 0.0692 -0.6543 -0.1304 0.6306 -0.085 -0.7523 -0.1711 0.9348 -0.2012 0.2916 -0.0251
0.6545 -0.3153 -0.577 -0.373 0.634 -0.525 -0.4878 -0.2906 0.6234 -0.3667 -0.5273 -0.4459 0.7355 0.1376 -0.6458 -0.1518 0.6122 0.1964 -0.7312 0.2279 0.7119 0.3618 -0.5484 0.2482 0.9347 0.0927 0.3428 0.0163 0.7417 0.0692 -0.6543 -0.1304 0.6306 -0.085 -0.7523 -0.1711 0.9171 -0.1572 0.3574 -0.0812
0.6545 -0.3153 -0.577 -0.373 0.634 -0.525 -0.4878 -0.2906 0.6234 -0.3667 -0.5273 -0.4459 0.7355 0.1376 -0.6458 -0.1518 0.6122 0.1964 -0.7312 0.2279 0.7119 0.3618 -0.5484 0.2482 0.9347 0.0927 0.3428 0.0163 0.7417 0.0692 -0.6543 -0.1304 0.6306 -0.085 -0.7523 -0.1711 0.9171 -0.1572 0.3574 -0.0812
0.6199 -0.3495 -0.5656 -0.4167 0.634 -0.525 -0.4878 -0.2906 0.6234 -0.3667 -0.5273 -0.4459 0.7421 0.1226 -0.6422 -0.1479 0.6122 0.1964 -0.7312 0.2279 0.7119 0.3618 -0.5484 0.2482 0.9347 0.0927 0.3428 0.0163 0.7417 0.0692 -0.6543 -0.1304 0.6306 -0.085 -0.7523 -0.1711 0.9171 -0.1572 0.3574 -0.0812
0.6199 -0.3495 -0.5656 -0.4167 0.634 -0.525 -0.4878 -0.2906 0.6234 -0.3667 -0.5273 -0.4459 0.7421 0.1226 -0.6422 -0.1479 0.6122 0.1964 -0.7312 0.2279 0.7119 0.3618 -0.5484 0.2482 0.9347 0.0927 0.3428 0.0163 0.7417 0.0692 -0.6543 -0.1304 0.6306 -0.085 -0.7523 -0.1711 0.9171 -0.1572 0.3574 -0.0812
0.6199 -0.3495 -0.5656 -0.4167 0.634 -0.525 -0.4878 -0.2906 0.6234 -0.3667 -0.5273 -0.4459 0.7421 0.1226 -0.6422 -0.1479 0.6122 0.1964 -0.7312 0.2279 0.7753 0.3959 -0.4676 0.1537 0.9347 0.0927 0.3428 0.0163 0.7417 0.0692 -0.6543 -0.1304 0.6306 -0.085 -0.7523 -0.1711 0.9171 -0.1572 0.3574 -0.0812
0.6199 -0.3495 -0.5656 -0.4167 0.5976 -0.5648 -0.4489 -0.3499 0.6234 -0.3667 -0.5273 -0.4459 0.7421 0.1226 -0.6422 -0.1479 0.6122 0.1964 -0.7312 0.2279 0.7753 0.3959 -0.4676 0.1537 0.9347 0.0927 0.3428 0.0163 0.7417 0.0692 -0.6543 -0.1304 0.6306 -0.085 -0.7523 -0.1711 0.9171 -0.1572 0.3574 -0.0812
0.6199 -0.3495 -0.5656 -0.4167 0.5976 -0.5648 -0.4489 -0.3499 0.6043 -0.4015 -0.5009 -0.4719 0.7421 0.1226 -0.6422 -0.1479 0.6122 0.1964 -0.7312 0.2279 0.7753 0.3959 -0.4676 0.1537 0.9347 0.0927 0.3428 0.0163 0.7417 0.0692 -0.6543 -0.1304 0.6306 -0.085 -0.7523 -0.1711 0.9171 -0.1572 0.3574 -0.0812
0.6199 -0.3495 -0.5656 -0.4167 0.5976 -0.5648 -0.4489 -0.3499 0.6043 -0.4015 -0.5009 -0.4719 0.7421 0.1226 -0.6422 -0.1479 0.6122 0.1964 -0.7312 0.2279 0.7753 0.3959 -0.4676 0.1537 0.9347 0.0927 0.3428 0.0163 0.7417 0.0692 -0.6543 -0.1304 0.6306 -0.085 -0.7523 -0.1711 0.9171 -0.1572 0.3574 -0.0812
0.6199 -0.3495 -0.5656 -0.4167 0.5976 -0.5648 -0.4489 -0.3499 0.6043 -0.4015 -0.5009 -0.4719 0.7191 0.08 -0.6499 -0.2327 0.6122 0.1964 -0.7312 0.2279 0.7753 0.3959 -0.4676 0.1537 0.9347 0.0927 0.3428 0.0163 0.7417 0.0692 -0.6543 -0.1304 0.6306 -0.085 -0.7523 -0.1711 0.9171 -0.1572 0.3574 -0.0812
0.6164 -0.3468 -0.556 -0.4366 0.5976 -0.5648 -0.4489 -0.3499 0.6043 -0.4015 -0.5009 -0.4719 0.7191 0.08 -0.6499 -0.2327 0.6122 0.1964 -0.7312 0.2279 0.7753 0.3959 -0.4676 0.1537 0.9347 0.0927 0.3428 0.0163 0.7417 0.0692 -0.6543 -0.1304 0.6306 -0.085 -0.7523 -0.1711 0.9171 -0.1572 0.3574 -0.0812
0.6164 -0.3468 -0.556 -0.4366 0.5976 -0.5648 -0.4489 -0.3499 0.6043 -0.4015 -0.5009 -0.4719 0.7191 0.08 -0.6499 -0.2327 0.6122 0.1964 -0.7312 0.2279 0.7753 0.3959 -0.4676 0.1537 0.9347 0.0927 0.3428 0.0163 0.7417 0.0692 -0.6543 -0.1304 0.6306 -0.085 -0.7523 -0.1711 0.9171 -0.1572 0.3574 -0.0812
0.6164 -0.3468 -0.556 -0.4366 0.5976 -0.5648 -0.4489 -0.3499 0.6043 -0.4015 -0.5009 -0.4719 0.7191 0.08 -0.6499 -0.2327 0.6122 0.1964 -0.7312 0.2279 0.8113 0.3477 -0.4633 0.0794 0.9347 0.0927 0.3428 0.0163 0.7417 0.0692 -0.6543 -0.1304 0.6306 -0.085 -0.7523 -0.1711 0.9171 -0.1572 0.3574 -0.0812
0.6164 -0.3468 -0.556 -0.4366 0.5996 -0.5653 -0.4431 -0.3529 0.6043 -0.4015 -0.5009 -0.4719 0.7191 0.08 -0.6499 -0.2327 0.6122 0.1964 -0.7312 0.2279 0.8113 0.3477 -0.4633 0.0794 0.9347 0.0927 0.3428 0.0163 0.7417 0.0692 -0.6543 -0.1304 0.6066 -0.1033 -0.778 -0.1266 0.9171 -0.1572 0.3574 -0.0812
0.6164 -0.3468 -0.556 -0.4366 0.5996 -0.5653 -0.4431 -0.3529 0.6043 -0.4015 -0.5009 -0.4719 0.7191 0.08 -0.6499 -0.2327 0.6122 0.1964 -0.7312 0.2279 0.8113 0.3477 -0.4633 0.0794 0.9347 0.0927 0.3428 0.0163 0.7417 0.0692 -0.6543 -0.1304 0.6066 -0.1033 -0.778 -0.1266 0.9171 -0.1572 0.3574 -0.0812
0.6164 -0.3468 -0.556 -0.4366 0.5996 -0.5653 -0.4431 -0.3529 0.5728 -0.4402 -0.4529 -0.5226 0.7191 0.08 -0.6499 -0.2327 0.6083 0.0263 -0.741 0.2833 0.8113 0.3477 -0.4633 0.0794 0.9347 0.0927 0.3428 0.0163 0.7417 0.0692 -0.6543 -0.1304 0.6066 -0.1033 -0.778 -0.1266 0.9124 -0.1558 0.3696 -0.0819
0.6164 -0.3468 -0.556 -0.4366 0.5996 -0.5653 -0.4431 -0.3529 0.5728 -0.4402 -0.4529 -0.5226 0.7191 0.08 -0.6499 -0.2327 0.6083 0.0263 -0.741 0.2833 0.8113 0.3477 -0.4633 0.0794 0.9347 0.0927 0.3428 0.0163 0.7417 0.0692 -0.6543 -0.1304 0.6066 -0.1033 -0.778 -0.1266 0.9124 -0.1558 0.3696 -0.0819
0.6041 -0.343 -0.5624 -0.4485 0.5996 -0.5653 -0.4431 -0.3529 0.5728 -0.4402 -0.4529 -0.5226 0.6858 0.0741 -0.6558 -0.3069 0.6083 0.0263 -0.741 0.2833 0.8113 0.3477 -0.4633 0.0794 0.9347 0.0927 0.3428 0.0163 0.7417 0.0692 -0.6543 -0.1304 0.6066 -0.1033 -0.778 -0.1266 0.9124 -0.1558 0.3696 -0.0819
0.6041 -0.343 -0.5624 -0.4485 0.5996 -0.5653 -0.4431 -0.3529 0.5728 -0.4402 -0.4529 -0.5226 0.6858 0.0741 -0.6558 -0.3069 0.6083 0.0263 -0.741 0.2833 0.8113 0.3477 -0.4633 0.0794 0.9347 0.0927 0.3428 0.0163 0.7417 0.0692 -0.6543 -0.1304 0.6066 -0.1033 -0.778 -0.1266 0.9124 -0.1558 0.3696 -0.0819
0.6041 -0.343 -0.5624 -0.4485 0.5996 -0.5653 -0.4431 -0.3529 0.5728 -0.4402 -0.4529 -0.5226 0.6858 0.0741 -0.6558 -0.3069 0.6083 0.0263 -0.741 0.2833 0.7732 0.3181 -0.5239 0.1628 0.9347 0.0927 0.3428 0.0163 0.7417 0.0692 -0.6543 -0.1304 0.6066 -0.1033 -0.778 -0.1266 0.9124 -0.1558 0.3696 -0.0819
0.6041 -0.343 -0.5624 -0.4485 0.5997 -0.5509 -0.4484 -0.3685 0.5728 -0.4402 -0.4529 -0.5226 0.6858 0.0741 -0.6558 -0.3069 0.6083 0.0263 -0.741 0.2833 0.7732 0.3181 -0.5239 0.1628 0.9347 0.0927 0.3428 0.0163 0.7417 0.0692 -0.6543 -0.1304 0.6066 -0.1033 -0.778 -0.1266 0.9124 -0.1558 0.3696 -0.0819
0.6041 -0.343 -0.5624 -0.4485 0.5997 -0.5509 -0.4484 -0.3685 0.5728 -0.4402 -0.4529 -0.5226 0.6858 0.0741 -0.6558 -0.3069 0.6083 0.0263 -0.741 0.2833 0.7732 0.3181 -0.5239 0.1628 0.9347 0.0927 0.3428 0.0163 0.7417 0.0692 -0.6543 -0.1304 0.6066 -0.1033 -0.778 -0.1266 0.9124 -0.1558 0.3696 -0.0819
0.6041 -0.343 -0.5624 -0.4485 0.5997 -0.5509 -0.4484 -0.3685 0.5785 -0.4199 -0.4673 -0.5202 0.6858 0.0741 -0.6558 -0.3069 0.6083 0.0263 -0.741 0.2833 0.7732 0.3181 -0.5239 0.1628 0.9347 0.0927 0.3428 0.0163 0.7417 0.0692 -0.6543 -0.1304 0.6066 -0.1033 -0.778 -0.1266 0.9106 -0.1581 0.3729 -0.0819
0.6041 -0.343 -0.5624 -0.4485 0.5997 -0.5509 -0.4484 -0.3685 0.5785 -0.4199 -0.4673 -0.5202 0.6858 0.0741 -0.6558 -0.3069 0.6083 0.0263 -0.741 0.2833 0.7732 0.3181 -0.5239 0.1628 0.9347 0.0927 0.3428 0.0163 0.6842 0.0253 -0.7285 -0.0236 0.6066 -0.1033 -0.778 -0.1266 0.9106 -0.1581 0.3729 -0.0819
0.6041 -0.343 -0.5624 -0.4485 0.5997 -0.5509 -0.4484 -0.3685 0.5785 -0.4199 -0.4673 -0.5202 0.6629 0.1166 -0.6742 -0.304 0.6083 0.0263 -0.741 0.2833 0.7732 0.3181 -0.5239 0.1628 0.9347 0.0927 0.3428 0.0163 0.6842 0.0253 -0.7285 -0.0236 0.6066 -0.1033 -0.778 -0.1266 0.9106 -0.1581 0.3729 -0.0819
0.6215 -0.3163 -0.5762 -0.4263 0.5997 -0.5509 -0.4484 -0.3685 0.5785 -0.4199 -0.4673 -0.5202 0.6629 0.1166 -0.6742 -0.304 0.6083 0.0263 -0.741 0.2833 0.7732 0.3181 -0.5239 0.1628 0.9347 0.0927 0.3428 0.0163 0.6842 0.0253 -0.7285 -0.0236 0.6066 -0.1033 -0.778 -0.1266 0.9106 -0.1581 0.3729 -0.0819
0.6215 -0.3163 -0.5762 -0.4263 0.5997 -0.5509 -0.4484 -0.3685 0.5785 -0.4199 -0.4673 -0.5202 0.6629 0.1166 -0.6742 -0.304 0.6083 0.0263 -0.741 0.2833 0.7732 0.3181 -0.5239 0.1628 0.9347 0.0927 0.3428 0.0163 0.6842 0.0253 -0.7285 -0.0236 0.6066 -0.1033 -0.778 -0.1266 0.9106 -0.1581 0.3729 -0.0819
0.6215 -0.3163 -0.5762 -0.4263 0.6176 -0.5237 -0.4691 -0.3525 0.5785 -0.4199 -0.4673 -0.5202 0.6629 0.1166 -0.6742 -0.304 0.6083 0.0263 -0.741 0.2833 0.6771 0.3441 -0.5441 0.3566 0.9093 0.0392 0.4031 0.0955 0.6842 0.0253 -0.7285 -0.0236 0.6066 -0.1033 -0.778 -0.1266 0.9106 -0.1581 0.3729 -0.0819
0.6215 -0.3163 -0.5762 -0.4263 0.6176 -0.5237 -0.4691 -0.3525 0.5785 -0.4199 -0.4673 -0.5202 0.6629 0.1166 -0.6742 -0.304 0.6083 0.0263 -0.741 0.2833 0.6771 0.3441 -0.5441 0.3566 0.9093 0.0392 0.4031 0.0955 0.6842 0.0253 -0.7285 -0.0236 0.6066 -0.1033 -0.778 -0.1266 0.9106 -0.1581 0.3729 -0.0819
0.6215 -0.3163 -0.5762 -0.4263 0.6176 -0.5237 -0.4691 -0.3525 0.5944 -0.4092 -0.4799 -0.499 0.6629 0.1166 -0.6742 -0.304 0.6083 0.0263 -0.741 0.2833 0.6771 0.3441 -0.5441 0.3566 0.9093 0.0392 0.4031 0.0955 0.6842 0.0253 -0.7285 -0.0236 0.6066 -0.1033 -0.778 -0.1266 0.91 -0.1584 0.3745 -0.0802
0.6215 -0.3163 -0.5762 -0.4263 0.6176 -0.5237 -0.4691 -0.3525 0.5944 -0.4092 -0.4799 -0.499 0.6629 0.1166 -0.6742 -0.304 0.6083 0.0263 -0.741 0.2833 0.6771 0.3441 -0.5441 0.3566 0.9093 0.0392 0.4031 0.0955 0.6842 0.0253 -0.7285 -0.0236 0.6066 -0.1033 -0.778 -0.1266 0.91 -0.1584 0.3745 -0.0802
