rt-uaw rt-uax rt-uay rt-uaz rt-faw rt-fax rt-fay rt-faz rt-thw rt-thx rt-thy rt-thz rt-llw rt-llx rt-lly rt-llz rt-ftw rt-ftx rt-fty rt-ftz lt-uaw lt-uax lt-uay lt-uaz lt-faw lt-fax lt-fay lt-faz lt-thw lt-thx lt-thy lt-thz lt-llw lt-llx lt-lly lt-llz lt-ftw lt-ftx lt-fty lt-ftz 
-0.667 0.2096 0.6198 0.3564 -0.6409 0.452 0.5551 0.2773 -0.6165 0.4043 0.5683 0.3655 -0.7333 -0.071 0.6688 0.0999 -0.6238 -0.2189 0.7035 -0.261 -0.6403 -0.3283 0.6 -0.3496 -0.9397 -0.0903 -0.3296 0.0146 -0.6576 0.0301 0.7527 -0.0059 -0.6667 -0.0624 0.7413 -0.0469 -0.9146 0.2028 -0.3495 -0.0184
-0.667 0.2096 0.6198 0.3564 -0.6409 0.452 0.5551 0.2773 -0.6165 0.4043 0.5683 0.3655 -0.7333 -0.071 0.6688 0.0999 -0.6238 -0.2189 0.7035 -0.261 -0.6403 -0.3283 0.6 -0.3496 -0.9397 -0.0903 -0.3296 0.0146 -0.6573 0.03 0.7531 -0.001 -0.6667 -0.0624 0.7413 -0.0469 -0.9146 0.2028 -0.3495 -0.0184
-0.667 0.2096 0.6198 0.3564 -0.6409 0.452 0.5551 0.2773 -0.6165 0.4043 0.5683 0.3655 -0.7333 -0.071 0.6688 0.0999 -0.6238 -0.2189 0.7035 -0.261 -0.6406 -0.3295 0.5984 -0.3506 -0.9397 -0.0903 -0.3296 0.0146 -0.6573 0.03 0.7531 -0.001 -0.6667 -0.0624 0.7413 -0.0469 -0.9146 0.2028 -0.3495 -0.0184
-0.667 0.2096 0.6198 0.3564 -0.6409 0.452 0.5551 0.2773 -0.6165 0.4043 0.5683 0.3655 -0.7333 -0.071 0.6688 0.0999 -0.6238 -0.2189 0.7035 -0.261 -0.6406 -0.3295 0.5984 -0.3506 -0.9397 -0.0903 -0.3296 0.0146 -0.6573 0.03 0.7531 -0.001 -0.6667 -0.0624 0.7413 -0.0469 -0.9146 0.2028 -0.3495 -0.0184
-0.667 0.2096 0.6198 0.3564 -0.6409 0.452 0.5551 0.2773 -0.6165 0.4043 0.5683 0.3655 -0.7333 -0.071 0.6688 0.0999 -0.6238 -0.2189 0.7035 -0.261 -0.6406 -0.3295 0.5984 -0.3506 -0.9397 -0.0903 -0.3296 0.0146 -0.6573 0.03 0.7531 -0.001 -0.6667 -0.0624 0.7413 -0.0469 -0.9146 0.2028 -0.3495 -0.0184
-0.6664 0.2104 0.6193 0.3579 -0.6404 0.4521 0.5555 0.2774 -0.6169 0.4044 0.5682 0.3646 -0.7277 -0.0889 0.6719 0.1055 -0.6249 -0.2186 0.7023 -0.2617 -0.6406 -0.3295 0.5984 -0.3506 -0.9397 -0.0903 -0.3296 0.0146 -0.6573 0.03 0.7531 -0.001 -0.6629 -0.0452 0.7466 -0.0338 -0.916 0.2002 -0.347 -0.0206
-0.6664 0.2104 0.6193 0.3579 -0.6404 0.4521 0.5555 0.2774 -0.6169 0.4044 0.5682 0.3646 -0.7277 -0.0889 0.6719 0.1055 -0.6249 -0.2186 0.7023 -0.2617 -0.6406 -0.3295 0.5984 -0.3506 -0.9397 -0.0903 -0.3296 0.0146 -0.6573 0.03 0.7531 -0.001 -0.6629 -0.0452 0.7466 -0.0338 -0.916 0.2002 -0.347 -0.0206
-0.6664 0.2104 0.6193 0.3579 -0.6404 0.4521 0.5555 0.2774 -0.6169 0.4044 0.5682 0.3646 -0.7277 -0.0889 0.6719 0.1055 -0.6249 -0.2186 0.7023 -0.2617 -0.6406 -0.3295 0.5984 -0.3506 -0.9398 -0.0923 -0.3288 0.0135 -0.6573 0.03 0.7531 -0.001 -0.6629 -0.0452 0.7466 -0.0338 -0.916 0.2002 -0.347 -0.0206
-0.6664 0.2104 0.6193 0.3579 -0.6404 0.4521 0.5555 0.2774 -0.6169 0.4044 0.5682 0.3646 -0.7277 -0.0889 0.6719 0.1055 -0.6249 -0.2186 0.7023 -0.2617 -0.6406 -0.3295 0.5984 -0.3506 -0.9398 -0.0923 -0.3288 0.0135 -0.6573 0.03 0.7531 -0.001 -0.6629 -0.0452 0.7466 -0.0338 -0.916 0.2002 -0.347 -0.0206
-0.6664 0.2104 0.6193 0.3579 -0.6404 0.4521 0.5555 0.2774 -0.6169 0.4044 0.5682 0.3646 -0.7277 -0.0889 0.6719 0.1055 -0.6249 -0.2186 0.7023 -0.2617 -0.6406 -0.3295 0.5984 -0.3506 -0.9398 -0.0923 -0.3288 0.0135 -0.6561 0.0275 0.7542 0.0048 -0.6629 -0.0452 0.7466 -0.0338 -0.916 0.2002 -0.347 -0.0206
-0.6664 0.2104 0.6193 0.3579 -0.6404 0.4521 0.5555 0.2774 -0.6169 0.4044 0.5682 0.3646 -0.7277 -0.0889 0.6719 0.1055 -0.6249 -0.2186 0.7023 -0.2617 -0.6406 -0.3295 0.5984 -0.3506 -0.9398 -0.0923 -0.3288 0.0135 -0.6561 0.0275 0.7542 0.0048 -0.6629 -0.0452 0.7466 -0.0338 -0.916 0.2002 -0.347 -0.0206
-0.6664 0.2104 0.6193 0.3579 -0.6404 0.4521 0.5555 0.2774 -0.6169 0.4044 0.5682 0.3646 -0.7277 -0.0889 0.6719 0.1055 -0.6249 -0.2186 0.7023 -0.2617 -0.6406 -0.3295 0.5984 -0.3506 -0.9398 -0.0923 -0.3288 0.0135 -0.6561 0.0275 0.7542 0.0048 -0.6629 -0.0452 0.7466 -0.0338 -0.916 0.2002 -0.347 -0.0206
-0.6671 0.2023 0.623 0.3548 -0.6434 0.4444 0.5593 0.2751 -0.6183 0.4065 0.5678 0.3606 -0.7289 -0.0915 0.6705 0.1033 -0.627 -0.216 0.7018 -0.2603 -0.6444 -0.3256 0.5973 -0.3492 -0.9398 -0.0923 -0.3288 0.0135 -0.6561 0.0275 0.7542 0.0048 -0.6581 -0.0403 0.7511 -0.0339 -0.9166 0.199 -0.3463 -0.0212
-0.6671 0.2023 0.623 0.3548 -0.6434 0.4444 0.5593 0.2751 -0.6183 0.4065 0.5678 0.3606 -0.7289 -0.0915 0.6705 0.1033 -0.627 -0.216 0.7018 -0.2603 -0.6444 -0.3256 0.5973 -0.3492 -0.9397 -0.092 -0.3292 0.0135 -0.6561 0.0275 0.7542 0.0048 -0.6581 -0.0403 0.7511 -0.0339 -0.9166 0.199 -0.3463 -0.0212
-0.6671 0.2023 0.623 0.3548 -0.6434 0.4444 0.5593 0.2751 -0.6183 0.4065 0.5678 0.3606 -0.7289 -0.0915 0.6705 0.1033 -0.627 -0.216 0.7018 -0.2603 -0.6444 -0.3256 0.5973 -0.3492 -0.9397 -0.092 -0.3292 0.0135 -0.6561 0.0275 0.7542 0.0048 -0.6581 -0.0403 0.7511 -0.0339 -0.9166 0.199 -0.3463 -0.0212
-0.6671 0.2023 0.623 0.3548 -0.6434 0.4444 0.5593 0.2751 -0.6183 0.4065 0.5678 0.3606 -0.7289 -0.0915 0.6705 0.1033 -0.627 -0.216 0.7018 -0.2603 -0.6444 -0.3256 0.5973 -0.3492 -0.9397 -0.092 -0.3292 0.0135 -0.6561 0.0275 0.7542 0.0048 -0.6581 -0.0403 0.7511 -0.0339 -0.9166 0.199 -0.3463 -0.0212
-0.6671 0.2023 0.623 0.3548 -0.6434 0.4444 0.5593 0.2751 -0.6183 0.4065 0.5678 0.3606 -0.7289 -0.0915 0.6705 0.1033 -0.627 -0.216 0.7018 -0.2603 -0.6444 -0.3256 0.5973 -0.3492 -0.9397 -0.092 -0.3292 0.0135 -0.6542 0.0292 0.7558 0.0044 -0.6581 -0.0403 0.7511 -0.0339 -0.9166 0.199 -0.3463 -0.0212
-0.6671 0.2023 0.623 0.3548 -0.6434 0.4444 0.5593 0.2751 -0.6183 0.4065 0.5678 0.3606 -0.7289 -0.0915 0.6705 0.1033 -0.627 -0.216 0.7018 -0.2603 -0.6444 -0.3256 0.5973 -0.3492 -0.9397 -0.092 -0.3292 0.0135 -0.6542 0.0292 0.7558 0.0044 -0.6581 -0.0403 0.7511 -0.0339 -0.9166 0.199 -0.3463 -0.0212
-0.6671 0.2023 0.623 0.3548 -0.6434 0.4444 0.5593 0.2751 -0.6183 0.4065 0.5678 0.3606 -0.7289 -0.0915 0.6705 0.1033 -0.627 -0.216 0.7018 -0.2603 -0.6444 -0.3256 0.5973 -0.3492 -0.9397 -0.092 -0.3292 0.0135 -0.6542 0.0292 0.7558 0.0044 -0.6581 -0.0403 0.7511 -0.0339 -0.9166 0.199 -0.3463 -0.0212
-0.6658 0.2014 0.6212 0.3608 -0.6438 0.4429 0.5602 0.2749 -0.6212 0.4064 0.5677 0.356 -0.7317 -0.0919 0.6679 0.1004 -0.6271 -0.2155 0.7 -0.2651 -0.652 -0.321 0.593 -0.3466 -0.9397 -0.092 -0.3292 0.0135 -0.6542 0.0292 0.7558 0.0044 -0.6499 -0.0303 0.7588 -0.0312 -0.9164 0.2023 -0.345 -0.0186
-0.6658 0.2014 0.6212 0.3608 -0.6438 0.4429 0.5602 0.2749 -0.6212 0.4064 0.5677 0.356 -0.7317 -0.0919 0.6679 0.1004 -0.6271 -0.2155 0.7 -0.2651 -0.652 -0.321 0.593 -0.3466 -0.9397 -0.092 -0.3292 0.0135 -0.6542 0.0292 0.7558 0.0044 -0.6499 -0.0303 0.7588 -0.0312 -0.9164 0.2023 -0.345 -0.0186
-0.6658 0.2014 0.6212 0.3608 -0.6438 0.4429 0.5602 0.2749 -0.6212 0.4064 0.5677 0.356 -0.7317 -0.0919 0.6679 0.1004 -0.6271 -0.2155 0.7 -0.2651 -0.652 -0.321 0.593 -0.3466 -0.9383 -0.092 -0.3331 0.0129 -0.6542 0.0292 0.7558 0.0044 -0.6499 -0.0303 0.7588 -0.0312 -0.9164 0.2023 -0.345 -0.0186
-0.6658 0.2014 0.6212 0.3608 -0.6438 0.4429 0.5602 0.2749 -0.6212 0.4064 0.5677 0.356 -0.7317 -0.0919 0.6679 0.1004 -0.6271 -0.2155 0.7 -0.2651 -0.652 -0.321 0.593 -0.3466 -0.9383 -0.092 -0.3331 0.0129 -0.6542 0.0292 0.7558 0.0044 -0.6499 -0.0303 0.7588 -0.0312 -0.9164 0.2023 -0.345 -0.0186
-0.6658 0.2014 0.6212 0.3608 -0.6438 0.4429 0.5602 0.2749 -0.6212 0.4064 0.5677 0.356 -0.7317 -0.0919 0.6679 0.1004 -0.6271 -0.2155 0.7 -0.2651 -0.652 -0.321 0.593 -0.3466 -0.9383 -0.092 -0.3331 0.0129 -0.6564 0.0258 0.7539 -0.0058 -0.6499 -0.0303 0.7588 -0.0312 -0.9164 0.2023 -0.345 -0.0186
-0.6658 0.2014 0.6212 0.3608 -0.6438 0.4429 0.5602 0.2749 -0.6212 0.4064 0.5677 0.356 -0.7317 -0.0919 0.6679 0.1004 -0.6271 -0.2155 0.7 -0.2651 -0.652 -0.321 0.593 -0.3466 -0.9383 -0.092 -0.3331 0.0129 -0.6564 0.0258 0.7539 -0.0058 -0.6499 -0.0303 0.7588 -0.0312 -0.9164 0.2023 -0.345 -0.0186
-0.6658 0.2014 0.6212 0.3608 -0.6438 0.4429 0.5602 0.2749 -0.6212 0.4064 0.5677 0.356 -0.7317 -0.0919 0.6679 0.1004 -0.6271 -0.2155 0.7 -0.2651 -0.652 -0.321 0.593 -0.3466 -0.9383 -0.092 -0.3331 0.0129 -0.6564 0.0258 0.7539 -0.0058 -0.6499 -0.0303 0.7588 -0.0312 -0.9164 0.2023 -0.345 -0.0186
-0.6633 0.1993 0.6187 0.3709 -0.6453 0.4431 0.5635 0.2642 -0.6289 0.4036 0.5679 0.345 -0.7365 -0.0895 0.6639 0.0944 -0.6166 -0.2029 0.7006 -0.2964 -0.6802 -0.3272 0.5702 -0.3242 -0.9383 -0.092 -0.3331 0.0129 -0.6564 0.0258 0.7539 -0.0058 -0.6445 -0.0316 0.763 -0.0376 -0.9155 0.2059 -0.3455 -0.0149
-0.6633 0.1993 0.6187 0.3709 -0.6453 0.4431 0.5635 0.2642 -0.6289 0.4036 0.5679 0.345 -0.7365 -0.0895 0.6639 0.0944 -0.6166 -0.2029 0.7006 -0.2964 -0.6802 -0.3272 0.5702 -0.3242 -0.9293 -0.0961 -0.3543 0.0412 -0.6564 0.0258 0.7539 -0.0058 -0.6445 -0.0316 0.763 -0.0376 -0.9155 0.2059 -0.3455 -0.0149
-0.6633 0.1993 0.6187 0.3709 -0.6453 0.4431 0.5635 0.2642 -0.6289 0.4036 0.5679 0.345 -0.7365 -0.0895 0.6639 0.0944 -0.6166 -0.2029 0.7006 -0.2964 -0.6802 -0.3272 0.5702 -0.3242 -0.9293 -0.0961 -0.3543 0.0412 -0.6564 0.0258 0.7539 -0.0058 -0.6445 -0.0316 0.763 -0.0376 -0.9155 0.2059 -0.3455 -0.0149
-0.6633 0.1993 0.6187 0.3709 -0.6453 0.4431 0.5635 0.2642 -0.6289 0.4036 0.5679 0.345 -0.7365 -0.0895 0.6639 0.0944 -0.6166 -0.2029 0.7006 -0.2964 -0.6802 -0.3272 0.5702 -0.3242 -0.9293 -0.0961 -0.3543 0.0412 -0.6564 0.0258 0.7539 -0.0058 -0.6445 -0.0316 0.763 -0.0376 -0.9155 0.2059 -0.3455 -0.0149
-0.6633 0.1993 0.6187 0.3709 -0.6453 0.4431 0.5635 0.2642 -0.6289 0.4036 0.5679 0.345 -0.7365 -0.0895 0.6639 0.0944 -0.6166 -0.2029 0.7006 -0.2964 -0.6802 -0.3272 0.5702 -0.3242 -0.9293 -0.0961 -0.3543 0.0412 -0.6541 0.0217 0.7559 -0.0187 -0.6445 -0.0316 0.763 -0.0376 -0.9155 0.2059 -0.3455 -0.0149
-0.6633 0.1993 0.6187 0.3709 -0.6453 0.4431 0.5635 0.2642 -0.6289 0.4036 0.5679 0.345 -0.7365 -0.0895 0.6639 0.0944 -0.6166 -0.2029 0.7006 -0.2964 -0.6802 -0.3272 0.5702 -0.3242 -0.9293 -0.0961 -0.3543 0.0412 -0.6541 0.0217 0.7559 -0.0187 -0.6445 -0.0316 0.763 -0.0376 -0.9155 0.2059 -0.3455 -0.0149
-0.6633 0.1993 0.6187 0.3709 -0.6453 0.4431 0.5635 0.2642 -0.6289 0.4036 0.5679 0.345 -0.7365 -0.0895 0.6639 0.0944 -0.6166 -0.2029 0.7006 -0.2964 -0.6802 -0.3272 0.5702 -0.3242 -0.9293 -0.0961 -0.3543 0.0412 -0.6541 0.0217 0.7559 -0.0187 -0.6445 -0.0316 0.763 -0.0376 -0.9155 0.2059 -0.3455 -0.0149
-0.6643 0.1975 0.6163 0.3739 -0.6383 0.4592 0.5604 0.26 -0.6339 0.4031 0.5651 0.3411 -0.7473 -0.0894 0.6536 0.0795 -0.6068 -0.2005 0.6974 -0.3243 -0.7056 -0.3185 0.5635 -0.2885 -0.9293 -0.0961 -0.3543 0.0412 -0.6541 0.0217 0.7559 -0.0187 -0.6447 -0.0378 0.7616 -0.0536 -0.9142 0.2078 -0.3476 -0.014
-0.6643 0.1975 0.6163 0.3739 -0.6383 0.4592 0.5604 0.26 -0.6339 0.4031 0.5651 0.3411 -0.7473 -0.0894 0.6536 0.0795 -0.6068 -0.2005 0.6974 -0.3243 -0.7056 -0.3185 0.5635 -0.2885 -0.9293 -0.0961 -0.3543 0.0412 -0.6541 0.0217 0.7559 -0.0187 -0.6447 -0.0378 0.7616 -0.0536 -0.9142 0.2078 -0.3476 -0.014
-0.6643 0.1975 0.6163 0.3739 -0.6383 0.4592 0.5604 0.26 -0.6339 0.4031 0.5651 0.3411 -0.7473 -0.0894 0.6536 0.0795 -0.6068 -0.2005 0.6974 -0.3243 -0.7056 -0.3185 0.5635 -0.2885 -0.9331 -0.1051 -0.3381 0.0624 -0.6541 0.0217 0.7559 -0.0187 -0.6447 -0.0378 0.7616 -0.0536 -0.9142 0.2078 -0.3476 -0.014
-0.6643 0.1975 0.6163 0.3739 -0.6383 0.4592 0.5604 0.26 -0.6339 0.4031 0.5651 0.3411 -0.7473 -0.0894 0.6536 0.0795 -0.6068 -0.2005 0.6974 -0.3243 -0.7056 -0.3185 0.5635 -0.2885 -0.9331 -0.1051 -0.3381 0.0624 -0.6541 0.0217 0.7559 -0.0187 -0.6447 -0.0378 0.7616 -0.0536 -0.9142 0.2078 -0.3476 -0.014
-0.6643 0.1975 0.6163 0.3739 -0.6383 0.4592 0.5604 0.26 -0.6339 0.4031 0.5651 0.3411 -0.7473 -0.0894 0.6536 0.0795 -0.6068 -0.2005 0.6974 -0.3243 -0.7056 -0.3185 0.5635 -0.2885 -0.9331 -0.1051 -0.3381 0.0624 -0.6503 0.006 0.7581 -0.0482 -0.6447 -0.0378 0.7616 -0.0536 -0.9142 0.2078 -0.3476 -0.014
-0.6643 0.1975 0.6163 0.3739 -0.6383 0.4592 0.5604 0.26 -0.6339 0.4031 0.5651 0.3411 -0.7473 -0.0894 0.6536 0.0795 -0.6068 -0.2005 0.6974 -0.3243 -0.7056 -0.3185 0.5635 -0.2885 -0.9331 -0.1051 -0.3381 0.0624 -0.6503 0.006 0.7581 -0.0482 -0.6447 -0.0378 0.7616 -0.0536 -0.9142 0.2078 -0.3476 -0.014
-0.6643 0.1975 0.6163 0.3739 -0.63 0.4778 0.557 0.2541 -0.6448 0.3955 0.5668 0.3265 -0.7473 -0.0894 0.6536 0.0795 -0.6068 -0.2005 0.6974 -0.3243 -0.6704 -0.3005 0.5906 -0.3339 -0.9331 -0.1051 -0.3381 0.0624 -0.6503 0.006 0.7581 -0.0482 -0.6447 -0.0378 0.7616 -0.0536 -0.9126 0.2029 -0.3545 -0.0176
-0.6643 0.1975 0.6163 0.3739 -0.63 0.4778 0.557 0.2541 -0.6448 0.3955 0.5668 0.3265 -0.7457 -0.0997 0.6547 0.0737 -0.6068 -0.2005 0.6974 -0.3243 -0.6704 -0.3005 0.5906 -0.3339 -0.9331 -0.1051 -0.3381 0.0624 -0.6503 0.006 0.7581 -0.0482 -0.6483 -0.0356 0.7569 -0.0746 -0.9126 0.2029 -0.3545 -0.0176
-0.6643 0.1975 0.6163 0.3739 -0.63 0.4778 0.557 0.2541 -0.6448 0.3955 0.5668 0.3265 -0.7457 -0.0997 0.6547 0.0737 -0.6068 -0.2005 0.6974 -0.3243 -0.6704 -0.3005 0.5906 -0.3339 -0.9331 -0.1051 -0.3381 0.0624 -0.6503 0.006 0.7581 -0.0482 -0.6483 -0.0356 0.7569 -0.0746 -0.9126 0.2029 -0.3545 -0.0176
-0.6643 0.1975 0.6163 0.3739 -0.63 0.4778 0.557 0.2541 -0.6448 0.3955 0.5668 0.3265 -0.7457 -0.0997 0.6547 0.0737 -0.6068 -0.2005 0.6974 -0.3243 -0.6704 -0.3005 0.5906 -0.3339 -0.9412 -0.0885 -0.3262 0.0069 -0.6503 0.006 0.7581 -0.0482 -0.6483 -0.0356 0.7569 -0.0746 -0.9126 0.2029 -0.3545 -0.0176
-0.6643 0.1975 0.6163 0.3739 -0.63 0.4778 0.557 0.2541 -0.6448 0.3955 0.5668 0.3265 -0.7457 -0.0997 0.6547 0.0737 -0.6068 -0.2005 0.6974 -0.3243 -0.6704 -0.3005 0.5906 -0.3339 -0.9412 -0.0885 -0.3262 0.0069 -0.6503 0.006 0.7581 -0.0482 -0.6483 -0.0356 0.7569 -0.0746 -0.9126 0.2029 -0.3545 -0.0176
-0.6643 0.1975 0.6163 0.3739 -0.63 0.4778 0.557 0.2541 -0.6448 0.3955 0.5668 0.3265 -0.7457 -0.0997 0.6547 0.0737 -0.6068 -0.2005 0.6974 -0.3243 -0.6704 -0.3005 0.5906 -0.3339 -0.9412 -0.0885 -0.3262 0.0069 -0.6505 6.0E-4 0.7568 -0.0651 -0.6483 -0.0356 0.7569 -0.0746 -0.9126 0.2029 -0.3545 -0.0176
-0.6643 0.1975 0.6163 0.3739 -0.6356 0.4656 0.5704 0.2324 -0.6448 0.3955 0.5668 0.3265 -0.7457 -0.0997 0.6547 0.0737 -0.6068 -0.2005 0.6974 -0.3243 -0.6368 -0.3144 0.5866 -0.3893 -0.9412 -0.0885 -0.3262 0.0069 -0.6505 6.0E-4 0.7568 -0.0651 -0.6483 -0.0356 0.7569 -0.0746 -0.9081 0.2043 -0.3648 -0.0197
-0.6643 0.1975 0.6163 0.3739 -0.6356 0.4656 0.5704 0.2324 -0.6448 0.3955 0.5668 0.3265 -0.7457 -0.0997 0.6547 0.0737 -0.6068 -0.2005 0.6974 -0.3243 -0.6368 -0.3144 0.5866 -0.3893 -0.9412 -0.0885 -0.3262 0.0069 -0.6505 6.0E-4 0.7568 -0.0651 -0.6483 -0.0356 0.7569 -0.0746 -0.9081 0.2043 -0.3648 -0.0197
-0.6643 0.1975 0.6163 0.3739 -0.6356 0.4656 0.5704 0.2324 -0.6448 0.3955 0.5668 0.3265 -0.7457 -0.0997 0.6547 0.0737 -0.6068 -0.2005 0.6974 -0.3243 -0.6368 -0.3144 0.5866 -0.3893 -0.9412 -0.0885 -0.3262 0.0069 -0.6505 6.0E-4 0.7568 -0.0651 -0.6553 -0.0403 0.7466 -0.1072 -0.9081 0.2043 -0.3648 -0.0197
-0.6643 0.1975 0.6163 0.3739 -0.6356 0.4656 0.5704 0.2324 -0.6448 0.3955 0.5668 0.3265 -0.7457 -0.0997 0.6547 0.0737 -0.6068 -0.2005 0.6974 -0.3243 -0.6368 -0.3144 0.5866 -0.3893 -0.944 -0.0727 -0.321 -0.022 -0.6505 6.0E-4 0.7568 -0.0651 -0.6553 -0.0403 0.7466 -0.1072 -0.9081 0.2043 -0.3648 -0.0197
-0.6643 0.1975 0.6163 0.3739 -0.6356 0.4656 0.5704 0.2324 -0.6448 0.3955 0.5668 0.3265 -0.7457 -0.0997 0.6547 0.0737 -0.6068 -0.2005 0.6974 -0.3243 -0.6368 -0.3144 0.5866 -0.3893 -0.944 -0.0727 -0.321 -0.022 -0.6505 6.0E-4 0.7568 -0.0651 -0.6553 -0.0403 0.7466 -0.1072 -0.9081 0.2043 -0.3648 -0.0197
-0.6643 0.1975 0.6163 0.3739 -0.6356 0.4656 0.5704 0.2324 -0.6448 0.3955 0.5668 0.3265 -0.7457 -0.0997 0.6547 0.0737 -0.6068 -0.2005 0.6974 -0.3243 -0.6368 -0.3144 0.5866 -0.3893 -0.944 -0.0727 -0.321 -0.022 -0.6533 -0.0175 0.7492 -0.1075 -0.6553 -0.0403 0.7466 -0.1072 -0.9081 0.2043 -0.3648 -0.0197
-0.6643 0.1975 0.6163 0.3739 -0.6356 0.4656 0.5704 0.2324 -0.6448 0.3955 0.5668 0.3265 -0.7457 -0.0997 0.6547 0.0737 -0.6068 -0.2005 0.6974 -0.3243 -0.6368 -0.3144 0.5866 -0.3893 -0.944 -0.0727 -0.321 -0.022 -0.6533 -0.0175 0.7492 -0.1075 -0.6553 -0.0403 0.7466 -0.1072 -0.9081 0.2043 -0.3648 -0.0197
-0.6643 0.1975 0.6163 0.3739 -0.6356 0.4656 0.5704 0.2324 -0.6448 0.3955 0.5668 0.3265 -0.7457 -0.0997 0.6547 0.0737 -0.6068 -0.2005 0.6974 -0.3243 -0.6368 -0.3144 0.5866 -0.3893 -0.944 -0.0727 -0.321 -0.022 -0.6533 -0.0175 0.7492 -0.1075 -0.6553 -0.0403 0.7466 -0.1072 -0.9081 0.2043 -0.3648 -0.0197
-0.6643 0.1975 0.6163 0.3739 -0.6356 0.4656 0.5704 0.2324 -0.6448 0.3955 0.5668 0.3265 -0.7457 -0.0997 0.6547 0.0737 -0.6068 -0.2005 0.6974 -0.3243 -0.6368 -0.3144 0.5866 -0.3893 -0.944 -0.0727 -0.321 -0.022 -0.6533 -0.0175 0.7492 -0.1075 -0.6553 -0.0403 0.7466 -0.1072 -0.9081 0.2043 -0.3648 -0.0197
-0.6861 0.1713 0.6171 0.3452 -0.6339 0.4603 0.5806 0.2218 -0.6542 0.3691 0.58 0.3152 -0.7365 -0.152 0.6563 0.0609 -0.5894 -0.2626 0.6634 -0.3791 -0.6289 -0.3098 0.5959 -0.3917 -0.944 -0.0727 -0.321 -0.022 -0.6533 -0.0175 0.7492 -0.1075 -0.6675 -0.0505 0.7261 -0.1571 -0.899 0.2159 -0.3804 -0.0201
-0.6861 0.1713 0.6171 0.3452 -0.6339 0.4603 0.5806 0.2218 -0.6542 0.3691 0.58 0.3152 -0.7365 -0.152 0.6563 0.0609 -0.5894 -0.2626 0.6634 -0.3791 -0.6289 -0.3098 0.5959 -0.3917 -0.9392 -0.0933 -0.3304 5.0E-4 -0.6533 -0.0175 0.7492 -0.1075 -0.6675 -0.0505 0.7261 -0.1571 -0.899 0.2159 -0.3804 -0.0201
-0.6861 0.1713 0.6171 0.3452 -0.6339 0.4603 0.5806 0.2218 -0.6542 0.3691 0.58 0.3152 -0.7365 -0.152 0.6563 0.0609 -0.5894 -0.2626 0.6634 -0.3791 -0.6289 -0.3098 0.5959 -0.3917 -0.9392 -0.0933 -0.3304 5.0E-4 -0.6533 -0.0175 0.7492 -0.1075 -0.6675 -0.0505 0.7261 -0.1571 -0.899 0.2159 -0.3804 -0.0201
-0.6861 0.1713 0.6171 0.3452 -0.6339 0.4603 0.5806 0.2218 -0.6542 0.3691 0.58 0.3152 -0.7365 -0.152 0.6563 0.0609 -0.5894 -0.2626 0.6634 -0.3791 -0.6289 -0.3098 0.5959 -0.3917 -0.9392 -0.0933 -0.3304 5.0E-4 -0.6535 -0.0309 0.7357 -0.1756 -0.6675 -0.0505 0.7261 -0.1571 -0.899 0.2159 -0.3804 -0.0201
-0.6861 0.1713 0.6171 0.3452 -0.6462 0.4282 0.6038 0.1855 -0.6542 0.3691 0.58 0.3152 -0.7365 -0.152 0.6563 0.0609 -0.5894 -0.2626 0.6634 -0.3791 -0.6289 -0.3098 0.5959 -0.3917 -0.9392 -0.0933 -0.3304 5.0E-4 -0.6535 -0.0309 0.7357 -0.1756 -0.6675 -0.0505 0.7261 -0.1571 -0.899 0.2159 -0.3804 -0.0201
-0.6861 0.1713 0.6171 0.3452 -0.6462 0.4282 0.6038 0.1855 -0.6542 0.3691 0.58 0.3152 -0.7365 -0.152 0.6563 0.0609 -0.5894 -0.2626 0.6634 -0.3791 -0.6289 -0.3098 0.5959 -0.3917 -0.9392 -0.0933 -0.3304 5.0E-4 -0.6535 -0.0309 0.7357 -0.1756 -0.6675 -0.0505 0.7261 -0.1571 -0.899 0.2159 -0.3804 -0.0201
-0.6861 0.1713 0.6171 0.3452 -0.6462 0.4282 0.6038 0.1855 -0.6542 0.3691 0.58 0.3152 -0.7365 -0.152 0.6563 0.0609 -0.5894 -0.2626 0.6634 -0.3791 -0.6289 -0.3098 0.5959 -0.3917 -0.9392 -0.0933 -0.3304 5.0E-4 -0.6535 -0.0309 0.7357 -0.1756 -0.6675 -0.0505 0.7261 -0.1571 -0.899 0.2159 -0.3804 -0.0201
-0.6959 0.1428 0.6323 0.3091 -0.6462 0.4282 0.6038 0.1855 -0.6763 0.3524 0.5803 0.2858 -0.7314 -0.184 0.6524 0.074 -0.58 -0.3104 0.6625 -0.3584 -0.6289 -0.3098 0.5959 -0.3917 -0.9392 -0.0933 -0.3304 5.0E-4 -0.6535 -0.0309 0.7357 -0.1756 -0.6721 -0.0262 0.7081 -0.215 -0.8998 0.228 -0.3712 -0.0225
-0.6959 0.1428 0.6323 0.3091 -0.6462 0.4282 0.6038 0.1855 -0.6763 0.3524 0.5803 0.2858 -0.7314 -0.184 0.6524 0.074 -0.58 -0.3104 0.6625 -0.3584 -0.6289 -0.3098 0.5959 -0.3917 -0.9355 -0.1006 -0.3386 0.0013 -0.6535 -0.0309 0.7357 -0.1756 -0.6721 -0.0262 0.7081 -0.215 -0.8998 0.228 -0.3712 -0.0225
-0.6959 0.1428 0.6323 0.3091 -0.6462 0.4282 0.6038 0.1855 -0.6763 0.3524 0.5803 0.2858 -0.7314 -0.184 0.6524 0.074 -0.58 -0.3104 0.6625 -0.3584 -0.6289 -0.3098 0.5959 -0.3917 -0.9355 -0.1006 -0.3386 0.0013 -0.6535 -0.0309 0.7357 -0.1756 -0.6721 -0.0262 0.7081 -0.215 -0.8998 0.228 -0.3712 -0.0225
-0.6959 0.1428 0.6323 0.3091 -0.6462 0.4282 0.6038 0.1855 -0.6763 0.3524 0.5803 0.2858 -0.7314 -0.184 0.6524 0.074 -0.58 -0.3104 0.6625 -0.3584 -0.6289 -0.3098 0.5959 -0.3917 -0.9355 -0.1006 -0.3386 0.0013 -0.6535 -0.0309 0.7357 -0.1756 -0.6721 -0.0262 0.7081 -0.215 -0.8998 0.228 -0.3712 -0.0225
-0.6959 0.1428 0.6323 0.3091 -0.6462 0.4282 0.6038 0.1855 -0.6763 0.3524 0.5803 0.2858 -0.7314 -0.184 0.6524 0.074 -0.58 -0.3104 0.6625 -0.3584 -0.6289 -0.3098 0.5959 -0.3917 -0.9355 -0.1006 -0.3386 0.0013 -0.6669 -0.0806 0.7184 -0.1808 -0.6721 -0.0262 0.7081 -0.215 -0.8998 0.228 -0.3712 -0.0225
-0.6959 0.1428 0.6323 0.3091 -0.6462 0.4282 0.6038 0.1855 -0.6763 0.3524 0.5803 0.2858 -0.7314 -0.184 0.6524 0.074 -0.58 -0.3104 0.6625 -0.3584 -0.6289 -0.3098 0.5959 -0.3917 -0.9355 -0.1006 -0.3386 0.0013 -0.6669 -0.0806 0.7184 -0.1808 -0.6721 -0.0262 0.7081 -0.215 -0.8998 0.228 -0.3712 -0.0225
-0.6959 0.1428 0.6323 0.3091 -0.6462 0.4282 0.6038 0.1855 -0.6763 0.3524 0.5803 0.2858 -0.7314 -0.184 0.6524 0.074 -0.58 -0.3104 0.6625 -0.3584 -0.6289 -0.3098 0.5959 -0.3917 -0.9355 -0.1006 -0.3386 0.0013 -0.6669 -0.0806 0.7184 -0.1808 -0.6721 -0.0262 0.7081 -0.215 -0.8998 0.228 -0.3712 -0.0225
-0.6933 0.1796 0.6155 0.329 -0.6443 0.4382 0.6026 0.1725 -0.679 0.3308 0.5934 0.2783 -0.7307 -0.2129 0.6476 0.0367 -0.55 -0.3858 0.6392 -0.3743 -0.5966 -0.3611 0.61 -0.3762 -0.9355 -0.1006 -0.3386 0.0013 -0.6669 -0.0806 0.7184 -0.1808 -0.6448 -0.0021 0.7113 -0.2797 -0.8892 0.2168 -0.3799 -0.134
-0.6933 0.1796 0.6155 0.329 -0.6443 0.4382 0.6026 0.1725 -0.679 0.3308 0.5934 0.2783 -0.7307 -0.2129 0.6476 0.0367 -0.55 -0.3858 0.6392 -0.3743 -0.5966 -0.3611 0.61 -0.3762 -0.9334 -0.1006 -0.3444 0.001 -0.6669 -0.0806 0.7184 -0.1808 -0.6448 -0.0021 0.7113 -0.2797 -0.8892 0.2168 -0.3799 -0.134
-0.6933 0.1796 0.6155 0.329 -0.6443 0.4382 0.6026 0.1725 -0.679 0.3308 0.5934 0.2783 -0.7307 -0.2129 0.6476 0.0367 -0.55 -0.3858 0.6392 -0.3743 -0.5966 -0.3611 0.61 -0.3762 -0.9334 -0.1006 -0.3444 0.001 -0.6669 -0.0806 0.7184 -0.1808 -0.6448 -0.0021 0.7113 -0.2797 -0.8892 0.2168 -0.3799 -0.134
-0.6933 0.1796 0.6155 0.329 -0.6443 0.4382 0.6026 0.1725 -0.679 0.3308 0.5934 0.2783 -0.7307 -0.2129 0.6476 0.0367 -0.55 -0.3858 0.6392 -0.3743 -0.5966 -0.3611 0.61 -0.3762 -0.9334 -0.1006 -0.3444 0.001 -0.6669 -0.0806 0.7184 -0.1808 -0.6448 -0.0021 0.7113 -0.2797 -0.8892 0.2168 -0.3799 -0.134
-0.6933 0.1796 0.6155 0.329 -0.6443 0.4382 0.6026 0.1725 -0.679 0.3308 0.5934 0.2783 -0.7307 -0.2129 0.6476 0.0367 -0.55 -0.3858 0.6392 -0.3743 -0.5966 -0.3611 0.61 -0.3762 -0.9334 -0.1006 -0.3444 0.001 -0.6724 -0.1091 0.7137 -0.163 -0.6448 -0.0021 0.7113 -0.2797 -0.8892 0.2168 -0.3799 -0.134
-0.6933 0.1796 0.6155 0.329 -0.6443 0.4382 0.6026 0.1725 -0.679 0.3308 0.5934 0.2783 -0.7307 -0.2129 0.6476 0.0367 -0.55 -0.3858 0.6392 -0.3743 -0.5966 -0.3611 0.61 -0.3762 -0.9334 -0.1006 -0.3444 0.001 -0.6724 -0.1091 0.7137 -0.163 -0.6448 -0.0021 0.7113 -0.2797 -0.8892 0.2168 -0.3799 -0.134
-0.6933 0.1796 0.6155 0.329 -0.6443 0.4382 0.6026 0.1725 -0.679 0.3308 0.5934 0.2783 -0.7307 -0.2129 0.6476 0.0367 -0.55 -0.3858 0.6392 -0.3743 -0.5966 -0.3611 0.61 -0.3762 -0.9334 -0.1006 -0.3444 0.001 -0.6724 -0.1091 0.7137 -0.163 -0.6448 -0.0021 0.7113 -0.2797 -0.8892 0.2168 -0.3799 -0.134
-0.6951 0.1312 0.6497 0.2787 -0.6443 0.4382 0.6026 0.1725 -0.6851 0.3361 0.5906 0.2625 -0.7375 -0.2005 0.6425 0.0549 -0.55 -0.3858 0.6392 -0.3743 -0.5966 -0.3611 0.61 -0.3762 -0.9334 -0.1006 -0.3444 0.001 -0.6724 -0.1091 0.7137 -0.163 -0.6407 -0.0103 0.7272 -0.2463 -0.8892 0.2168 -0.3799 -0.134
-0.6951 0.1312 0.6497 0.2787 -0.6443 0.4382 0.6026 0.1725 -0.6851 0.3361 0.5906 0.2625 -0.7375 -0.2005 0.6425 0.0549 -0.55 -0.3858 0.6392 -0.3743 -0.5966 -0.3611 0.61 -0.3762 -0.9327 -0.098 -0.3469 0.0048 -0.6724 -0.1091 0.7137 -0.163 -0.6407 -0.0103 0.7272 -0.2463 -0.8892 0.2168 -0.3799 -0.134
-0.6951 0.1312 0.6497 0.2787 -0.6443 0.4382 0.6026 0.1725 -0.6851 0.3361 0.5906 0.2625 -0.7375 -0.2005 0.6425 0.0549 -0.55 -0.3858 0.6392 -0.3743 -0.5966 -0.3611 0.61 -0.3762 -0.9327 -0.098 -0.3469 0.0048 -0.6724 -0.1091 0.7137 -0.163 -0.6407 -0.0103 0.7272 -0.2463 -0.8892 0.2168 -0.3799 -0.134
-0.6951 0.1312 0.6497 0.2787 -0.6443 0.4382 0.6026 0.1725 -0.6851 0.3361 0.5906 0.2625 -0.7375 -0.2005 0.6425 0.0549 -0.55 -0.3858 0.6392 -0.3743 -0.5966 -0.3611 0.61 -0.3762 -0.9327 -0.098 -0.3469 0.0048 -0.6865 -0.0953 0.7162 -0.0824 -0.6407 -0.0103 0.7272 -0.2463 -0.8892 0.2168 -0.3799 -0.134
-0.6951 0.1312 0.6497 0.2787 -0.6443 0.4382 0.6026 0.1725 -0.6851 0.3361 0.5906 0.2625 -0.7375 -0.2005 0.6425 0.0549 -0.55 -0.3858 0.6392 -0.3743 -0.5966 -0.3611 0.61 -0.3762 -0.9327 -0.098 -0.3469 0.0048 -0.6865 -0.0953 0.7162 -0.0824 -0.6407 -0.0103 0.7272 -0.2463 -0.8892 0.2168 -0.3799 -0.134
-0.6951 0.1312 0.6497 0.2787 -0.6443 0.4382 0.6026 0.1725 -0.6851 0.3361 0.5906 0.2625 -0.7375 -0.2005 0.6425 0.0549 -0.55 -0.3858 0.6392 -0.3743 -0.5966 -0.3611 0.61 -0.3762 -0.9327 -0.098 -0.3469 0.0048 -0.6865 -0.0953 0.7162 -0.0824 -0.6407 -0.0103 0.7272 -0.2463 -0.8892 0.2168 -0.3799 -0.134
-0.6951 0.1312 0.6497 0.2787 -0.6443 0.4382 0.6026 0.1725 -0.6851 0.3361 0.5906 0.2625 -0.7375 -0.2005 0.6425 0.0549 -0.55 -0.3858 0.6392 -0.3743 -0.5966 -0.3611 0.61 -0.3762 -0.9327 -0.098 -0.3469 0.0048 -0.6865 -0.0953 0.7162 -0.0824 -0.6407 -0.0103 0.7272 -0.2463 -0.8892 0.2168 -0.3799 -0.134
-0.687 0.1187 0.6592 0.2817 -0.6364 0.3858 0.6512 0.149 -0.6897 0.3528 0.5814 0.2486 -0.7399 -0.2073 0.6375 0.0568 -0.5626 -0.3378 0.6802 -0.3265 -0.6208 -0.383 0.589 -0.3478 -0.9327 -0.098 -0.3469 0.0048 -0.6865 -0.0953 0.7162 -0.0824 -0.6539 -0.0607 0.7228 -0.2152 -0.8892 0.2168 -0.3799 -0.134
-0.687 0.1187 0.6592 0.2817 -0.6364 0.3858 0.6512 0.149 -0.6897 0.3528 0.5814 0.2486 -0.7399 -0.2073 0.6375 0.0568 -0.5626 -0.3378 0.6802 -0.3265 -0.6208 -0.383 0.589 -0.3478 -0.9327 -0.098 -0.3469 0.0048 -0.6865 -0.0953 0.7162 -0.0824 -0.6539 -0.0607 0.7228 -0.2152 -0.8892 0.2168 -0.3799 -0.134
-0.687 0.1187 0.6592 0.2817 -0.6364 0.3858 0.6512 0.149 -0.6897 0.3528 0.5814 0.2486 -0.7399 -0.2073 0.6375 0.0568 -0.5626 -0.3378 0.6802 -0.3265 -0.6208 -0.383 0.589 -0.3478 -0.9341 -0.0975 -0.3434 0.0073 -0.6865 -0.0953 0.7162 -0.0824 -0.6539 -0.0607 0.7228 -0.2152 -0.8892 0.2168 -0.3799 -0.134
-0.687 0.1187 0.6592 0.2817 -0.6364 0.3858 0.6512 0.149 -0.6897 0.3528 0.5814 0.2486 -0.7399 -0.2073 0.6375 0.0568 -0.5626 -0.3378 0.6802 -0.3265 -0.6208 -0.383 0.589 -0.3478 -0.9341 -0.0975 -0.3434 0.0073 -0.7082 -0.0984 0.6976 -0.0457 -0.6539 -0.0607 0.7228 -0.2152 -0.8892 0.2168 -0.3799 -0.134
-0.687 0.1187 0.6592 0.2817 -0.6364 0.3858 0.6512 0.149 -0.6897 0.3528 0.5814 0.2486 -0.7399 -0.2073 0.6375 0.0568 -0.5626 -0.3378 0.6802 -0.3265 -0.6208 -0.383 0.589 -0.3478 -0.9341 -0.0975 -0.3434 0.0073 -0.7082 -0.0984 0.6976 -0.0457 -0.6539 -0.0607 0.7228 -0.2152 -0.8892 0.2168 -0.3799 -0.134
-0.687 0.1187 0.6592 0.2817 -0.6364 0.3858 0.6512 0.149 -0.6897 0.3528 0.5814 0.2486 -0.7399 -0.2073 0.6375 0.0568 -0.5626 -0.3378 0.6802 -0.3265 -0.6208 -0.383 0.589 -0.3478 -0.9341 -0.0975 -0.3434 0.0073 -0.7082 -0.0984 0.6976 -0.0457 -0.6539 -0.0607 0.7228 -0.2152 -0.8892 0.2168 -0.3799 -0.134
-0.6772 0.1244 0.6603 0.2999 -0.6292 0.3978 0.647 0.1652 -0.6862 0.3768 0.569 0.2519 -0.7476 -0.1884 0.6343 0.0567 -0.5801 -0.3138 0.6917 -0.2943 -0.6298 -0.3818 0.5865 -0.3372 -0.9341 -0.0975 -0.3434 0.0073 -0.7082 -0.0984 0.6976 -0.0457 -0.6539 -0.0607 0.7228 -0.2152 -0.907 0.2426 -0.3196 -0.128
-0.6772 0.1244 0.6603 0.2999 -0.6292 0.3978 0.647 0.1652 -0.6862 0.3768 0.569 0.2519 -0.7476 -0.1884 0.6343 0.0567 -0.5801 -0.3138 0.6917 -0.2943 -0.6298 -0.3818 0.5865 -0.3372 -0.9341 -0.0975 -0.3434 0.0073 -0.7082 -0.0984 0.6976 -0.0457 -0.6539 -0.0607 0.7228 -0.2152 -0.907 0.2426 -0.3196 -0.128
-0.6772 0.1244 0.6603 0.2999 -0.6292 0.3978 0.647 0.1652 -0.6862 0.3768 0.569 0.2519 -0.7476 -0.1884 0.6343 0.0567 -0.5801 -0.3138 0.6917 -0.2943 -0.6298 -0.3818 0.5865 -0.3372 -0.9336 -0.0992 -0.3442 0.0074 -0.7082 -0.0984 0.6976 -0.0457 -0.6539 -0.0607 0.7228 -0.2152 -0.907 0.2426 -0.3196 -0.128
-0.6772 0.1244 0.6603 0.2999 -0.6292 0.3978 0.647 0.1652 -0.6862 0.3768 0.569 0.2519 -0.7476 -0.1884 0.6343 0.0567 -0.5801 -0.3138 0.6917 -0.2943 -0.6298 -0.3818 0.5865 -0.3372 -0.9336 -0.0992 -0.3442 0.0074 -0.7082 -0.0984 0.6976 -0.0457 -0.6539 -0.0607 0.7228 -0.2152 -0.907 0.2426 -0.3196 -0.128
-0.6772 0.1244 0.6603 0.2999 -0.6292 0.3978 0.647 0.1652 -0.6862 0.3768 0.569 0.2519 -0.7476 -0.1884 0.6343 0.0567 -0.5801 -0.3138 0.6917 -0.2943 -0.6298 -0.3818 0.5865 -0.3372 -0.9336 -0.0992 -0.3442 0.0074 -0.7194 -0.0571 0.6919 0.0225 -0.6539 -0.0607 0.7228 -0.2152 -0.907 0.2426 -0.3196 -0.128
-0.6772 0.1244 0.6603 0.2999 -0.6292 0.3978 0.647 0.1652 -0.6862 0.3768 0.569 0.2519 -0.7476 -0.1884 0.6343 0.0567 -0.5801 -0.3138 0.6917 -0.2943 -0.6298 -0.3818 0.5865 -0.3372 -0.9336 -0.0992 -0.3442 0.0074 -0.7194 -0.0571 0.6919 0.0225 -0.6539 -0.0607 0.7228 -0.2152 -0.907 0.2426 -0.3196 -0.128
-0.6772 0.1244 0.6603 0.2999 -0.6292 0.3978 0.647 0.1652 -0.6862 0.3768 0.569 0.2519 -0.7476 -0.1884 0.6343 0.0567 -0.5801 -0.3138 0.6917 -0.2943 -0.6298 -0.3818 0.5865 -0.3372 -0.9336 -0.0992 -0.3442 0.0074 -0.7194 -0.0571 0.6919 0.0225 -0.6539 -0.0607 0.7228 -0.2152 -0.907 0.2426 -0.3196 -0.128
-0.6772 0.1244 0.6603 0.2999 -0.63 0.4036 0.6418 0.1682 -0.6758 0.3983 0.5621 0.2622 -0.7476 -0.1884 0.6343 0.0567 -0.5801 -0.3138 0.6917 -0.2943 -0.6423 -0.3704 0.5861 -0.3267 -0.9336 -0.0992 -0.3442 0.0074 -0.7194 -0.0571 0.6919 0.0225 -0.6539 -0.0607 0.7228 -0.2152 -0.9231 0.2208 -0.3105 -0.0526
-0.6712 0.1257 0.6562 0.3211 -0.63 0.4036 0.6418 0.1682 -0.6758 0.3983 0.5621 0.2622 -0.7507 -0.1587 0.6381 0.0634 -0.5801 -0.3138 0.6917 -0.2943 -0.6423 -0.3704 0.5861 -0.3267 -0.9336 -0.0992 -0.3442 0.0074 -0.7194 -0.0571 0.6919 0.0225 -0.7021 -0.0822 0.7062 -0.0392 -0.9231 0.2208 -0.3105 -0.0526
-0.6712 0.1257 0.6562 0.3211 -0.63 0.4036 0.6418 0.1682 -0.6758 0.3983 0.5621 0.2622 -0.7507 -0.1587 0.6381 0.0634 -0.5801 -0.3138 0.6917 -0.2943 -0.6423 -0.3704 0.5861 -0.3267 -0.9329 -0.0999 -0.346 0.0096 -0.7194 -0.0571 0.6919 0.0225 -0.7021 -0.0822 0.7062 -0.0392 -0.9231 0.2208 -0.3105 -0.0526
-0.6712 0.1257 0.6562 0.3211 -0.63 0.4036 0.6418 0.1682 -0.6758 0.3983 0.5621 0.2622 -0.7507 -0.1587 0.6381 0.0634 -0.5801 -0.3138 0.6917 -0.2943 -0.6423 -0.3704 0.5861 -0.3267 -0.9329 -0.0999 -0.346 0.0096 -0.7194 -0.0571 0.6919 0.0225 -0.7021 -0.0822 0.7062 -0.0392 -0.9231 0.2208 -0.3105 -0.0526
-0.6712 0.1257 0.6562 0.3211 -0.63 0.4036 0.6418 0.1682 -0.6758 0.3983 0.5621 0.2622 -0.7507 -0.1587 0.6381 0.0634 -0.5801 -0.3138 0.6917 -0.2943 -0.6423 -0.3704 0.5861 -0.3267 -0.9329 -0.0999 -0.346 0.0096 -0.7116 -0.0037 0.7006 0.0521 -0.7021 -0.0822 0.7062 -0.0392 -0.9231 0.2208 -0.3105 -0.0526
-0.6712 0.1257 0.6562 0.3211 -0.63 0.4036 0.6418 0.1682 -0.6758 0.3983 0.5621 0.2622 -0.7507 -0.1587 0.6381 0.0634 -0.5801 -0.3138 0.6917 -0.2943 -0.6423 -0.3704 0.5861 -0.3267 -0.9329 -0.0999 -0.346 0.0096 -0.7116 -0.0037 0.7006 0.0521 -0.7021 -0.0822 0.7062 -0.0392 -0.9231 0.2208 -0.3105 -0.0526
-0.6712 0.1257 0.6562 0.3211 -0.6317 0.4205 0.623 0.1899 -0.6758 0.3983 0.5621 0.2622 -0.7507 -0.1587 0.6381 0.0634 -0.5801 -0.3138 0.6917 -0.2943 -0.6423 -0.3704 0.5861 -0.3267 -0.9329 -0.0999 -0.346 0.0096 -0.7116 -0.0037 0.7006 0.0521 -0.7021 -0.0822 0.7062 -0.0392 -0.9231 0.2208 -0.3105 -0.0526
-0.6712 0.1257 0.6562 0.3211 -0.6317 0.4205 0.623 0.1899 -0.6587 0.4089 0.5663 0.2797 -0.7507 -0.1587 0.6381 0.0634 -0.5801 -0.3138 0.6917 -0.2943 -0.6423 -0.3704 0.5861 -0.3267 -0.9329 -0.0999 -0.346 0.0096 -0.7116 -0.0037 0.7006 0.0521 -0.7021 -0.0822 0.7062 -0.0392 -0.9231 0.2208 -0.3105 -0.0526
-0.6647 0.1474 0.6479 0.3414 -0.6317 0.4205 0.623 0.1899 -0.6587 0.4089 0.5663 0.2797 -0.7495 -0.1429 0.6422 0.0738 -0.5801 -0.3138 0.6917 -0.2943 -0.6423 -0.3704 0.5861 -0.3267 -0.9329 -0.0999 -0.346 0.0096 -0.7116 -0.0037 0.7006 0.0521 -0.6985 -0.0707 0.7119 0.0194 -0.9231 0.2208 -0.3105 -0.0526
-0.6647 0.1474 0.6479 0.3414 -0.6317 0.4205 0.623 0.1899 -0.6587 0.4089 0.5663 0.2797 -0.7495 -0.1429 0.6422 0.0738 -0.5801 -0.3138 0.6917 -0.2943 -0.6423 -0.3704 0.5861 -0.3267 -0.9265 -0.1011 -0.3621 0.0153 -0.7116 -0.0037 0.7006 0.0521 -0.6985 -0.0707 0.7119 0.0194 -0.9231 0.2208 -0.3105 -0.0526
-0.6647 0.1474 0.6479 0.3414 -0.6317 0.4205 0.623 0.1899 -0.6587 0.4089 0.5663 0.2797 -0.7495 -0.1429 0.6422 0.0738 -0.5801 -0.3138 0.6917 -0.2943 -0.6423 -0.3704 0.5861 -0.3267 -0.9265 -0.1011 -0.3621 0.0153 -0.7116 -0.0037 0.7006 0.0521 -0.6985 -0.0707 0.7119 0.0194 -0.9231 0.2208 -0.3105 -0.0526
-0.6647 0.1474 0.6479 0.3414 -0.6317 0.4205 0.623 0.1899 -0.6587 0.4089 0.5663 0.2797 -0.7495 -0.1429 0.6422 0.0738 -0.5801 -0.3138 0.6917 -0.2943 -0.6423 -0.3704 0.5861 -0.3267 -0.9265 -0.1011 -0.3621 0.0153 -0.6961 0.024 0.7156 0.053 -0.6985 -0.0707 0.7119 0.0194 -0.9231 0.2208 -0.3105 -0.0526
-0.6647 0.1474 0.6479 0.3414 -0.6422 0.4319 0.5985 0.2071 -0.6587 0.4089 0.5663 0.2797 -0.7495 -0.1429 0.6422 0.0738 -0.5801 -0.3138 0.6917 -0.2943 -0.6423 -0.3704 0.5861 -0.3267 -0.9265 -0.1011 -0.3621 0.0153 -0.6961 0.024 0.7156 0.053 -0.6985 -0.0707 0.7119 0.0194 -0.9231 0.2208 -0.3105 -0.0526
-0.6647 0.1474 0.6479 0.3414 -0.6422 0.4319 0.5985 0.2071 -0.6587 0.4089 0.5663 0.2797 -0.7495 -0.1429 0.6422 0.0738 -0.5801 -0.3138 0.6917 -0.2943 -0.6423 -0.3704 0.5861 -0.3267 -0.9265 -0.1011 -0.3621 0.0153 -0.6961 0.024 0.7156 0.053 -0.6985 -0.0707 0.7119 0.0194 -0.9231 0.2208 -0.3105 -0.0526
-0.6647 0.1474 0.6479 0.3414 -0.6422 0.4319 0.5985 0.2071 -0.6587 0.4089 0.5663 0.2797 -0.7495 -0.1429 0.6422 0.0738 -0.5801 -0.3138 0.6917 -0.2943 -0.6423 -0.3704 0.5861 -0.3267 -0.9265 -0.1011 -0.3621 0.0153 -0.6961 0.024 0.7156 0.053 -0.6985 -0.0707 0.7119 0.0194 -0.9231 0.2208 -0.3105 -0.0526
-0.6612 0.176 0.6261 0.374 -0.6422 0.4319 0.5985 0.2071 -0.6356 0.4144 0.5626 0.3285 -0.7429 -0.1288 0.6511 0.0875 -0.645 -0.2159 0.7048 -0.2016 -0.7234 -0.3345 0.5468 -0.2565 -0.9265 -0.1011 -0.3621 0.0153 -0.6961 0.024 0.7156 0.053 -0.6786 -0.0404 0.7334 0.0093 -0.9182 0.2089 -0.3347 0.0367
-0.6612 0.176 0.6261 0.374 -0.6422 0.4319 0.5985 0.2071 -0.6356 0.4144 0.5626 0.3285 -0.7429 -0.1288 0.6511 0.0875 -0.645 -0.2159 0.7048 -0.2016 -0.7234 -0.3345 0.5468 -0.2565 -0.8835 -0.1265 -0.4451 0.0724 -0.6961 0.024 0.7156 0.053 -0.6786 -0.0404 0.7334 0.0093 -0.9182 0.2089 -0.3347 0.0367
-0.6612 0.176 0.6261 0.374 -0.6422 0.4319 0.5985 0.2071 -0.6356 0.4144 0.5626 0.3285 -0.7429 -0.1288 0.6511 0.0875 -0.645 -0.2159 0.7048 -0.2016 -0.7234 -0.3345 0.5468 -0.2565 -0.8835 -0.1265 -0.4451 0.0724 -0.6961 0.024 0.7156 0.053 -0.6786 -0.0404 0.7334 0.0093 -0.9182 0.2089 -0.3347 0.0367
-0.6612 0.176 0.6261 0.374 -0.6422 0.4319 0.5985 0.2071 -0.6356 0.4144 0.5626 0.3285 -0.7429 -0.1288 0.6511 0.0875 -0.645 -0.2159 0.7048 -0.2016 -0.7234 -0.3345 0.5468 -0.2565 -0.8835 -0.1265 -0.4451 0.0724 -0.6865 0.026 0.7262 0.0273 -0.6786 -0.0404 0.7334 0.0093 -0.9182 0.2089 -0.3347 0.0367
-0.6612 0.176 0.6261 0.374 -0.6285 0.4675 0.577 0.2314 -0.6356 0.4144 0.5626 0.3285 -0.7429 -0.1288 0.6511 0.0875 -0.645 -0.2159 0.7048 -0.2016 -0.7234 -0.3345 0.5468 -0.2565 -0.8835 -0.1265 -0.4451 0.0724 -0.6865 0.026 0.7262 0.0273 -0.6786 -0.0404 0.7334 0.0093 -0.9182 0.2089 -0.3347 0.0367
-0.6612 0.176 0.6261 0.374 -0.6285 0.4675 0.577 0.2314 -0.6356 0.4144 0.5626 0.3285 -0.7429 -0.1288 0.6511 0.0875 -0.645 -0.2159 0.7048 -0.2016 -0.7234 -0.3345 0.5468 -0.2565 -0.8835 -0.1265 -0.4451 0.0724 -0.6865 0.026 0.7262 0.0273 -0.6786 -0.0404 0.7334 0.0093 -0.9182 0.2089 -0.3347 0.0367
-0.6505 0.1855 0.6243 0.3908 -0.6285 0.4675 0.577 0.2314 -0.6339 0.4203 0.5471 0.3494 -0.732 -0.1318 0.6559 0.1288 -0.6277 -0.1713 0.7087 -0.2727 -0.7718 -0.3603 0.4913 -0.182 -0.8835 -0.1265 -0.4451 0.0724 -0.6865 0.026 0.7262 0.0273 -0.6653 -0.0204 0.7463 -0.0092 -0.9148 0.2056 -0.3452 0.0405
-0.6505 0.1855 0.6243 0.3908 -0.6285 0.4675 0.577 0.2314 -0.6339 0.4203 0.5471 0.3494 -0.732 -0.1318 0.6559 0.1288 -0.6277 -0.1713 0.7087 -0.2727 -0.7718 -0.3603 0.4913 -0.182 -0.8835 -0.1265 -0.4451 0.0724 -0.6865 0.026 0.7262 0.0273 -0.6653 -0.0204 0.7463 -0.0092 -0.9148 0.2056 -0.3452 0.0405
-0.6505 0.1855 0.6243 0.3908 -0.6285 0.4675 0.577 0.2314 -0.6339 0.4203 0.5471 0.3494 -0.732 -0.1318 0.6559 0.1288 -0.6277 -0.1713 0.7087 -0.2727 -0.7718 -0.3603 0.4913 -0.182 -0.9016 -0.1038 -0.3919 0.1513 -0.6865 0.026 0.7262 0.0273 -0.6653 -0.0204 0.7463 -0.0092 -0.9148 0.2056 -0.3452 0.0405
-0.6505 0.1855 0.6243 0.3908 -0.6285 0.4675 0.577 0.2314 -0.6339 0.4203 0.5471 0.3494 -0.732 -0.1318 0.6559 0.1288 -0.6277 -0.1713 0.7087 -0.2727 -0.7718 -0.3603 0.4913 -0.182 -0.9016 -0.1038 -0.3919 0.1513 -0.6865 0.026 0.7262 0.0273 -0.6653 -0.0204 0.7463 -0.0092 -0.9148 0.2056 -0.3452 0.0405
-0.6505 0.1855 0.6243 0.3908 -0.6285 0.4675 0.577 0.2314 -0.6339 0.4203 0.5471 0.3494 -0.732 -0.1318 0.6559 0.1288 -0.6277 -0.1713 0.7087 -0.2727 -0.7718 -0.3603 0.4913 -0.182 -0.9016 -0.1038 -0.3919 0.1513 -0.6776 0.0211 0.7351 0.0063 -0.6653 -0.0204 0.7463 -0.0092 -0.9148 0.2056 -0.3452 0.0405
-0.6505 0.1855 0.6243 0.3908 -0.6285 0.4675 0.577 0.2314 -0.6339 0.4203 0.5471 0.3494 -0.732 -0.1318 0.6559 0.1288 -0.6277 -0.1713 0.7087 -0.2727 -0.7718 -0.3603 0.4913 -0.182 -0.9016 -0.1038 -0.3919 0.1513 -0.6776 0.0211 0.7351 0.0063 -0.6653 -0.0204 0.7463 -0.0092 -0.9148 0.2056 -0.3452 0.0405
-0.6505 0.1855 0.6243 0.3908 -0.6285 0.4675 0.577 0.2314 -0.6339 0.4203 0.5471 0.3494 -0.732 -0.1318 0.6559 0.1288 -0.6277 -0.1713 0.7087 -0.2727 -0.7718 -0.3603 0.4913 -0.182 -0.9016 -0.1038 -0.3919 0.1513 -0.6776 0.0211 0.7351 0.0063 -0.6653 -0.0204 0.7463 -0.0092 -0.9148 0.2056 -0.3452 0.0405
-0.6505 0.1855 0.6243 0.3908 -0.6285 0.4675 0.577 0.2314 -0.6339 0.4203 0.5471 0.3494 -0.732 -0.1318 0.6559 0.1288 -0.6277 -0.1713 0.7087 -0.2727 -0.7718 -0.3603 0.4913 -0.182 -0.9016 -0.1038 -0.3919 0.1513 -0.6776 0.0211 0.7351 0.0063 -0.6653 -0.0204 0.7463 -0.0092 -0.9148 0.2056 -0.3452 0.0405
-0.6445 0.1967 0.6249 0.3942 -0.6147 0.4976 0.5611 0.2442 -0.6405 0.4092 0.5405 0.3609 -0.7297 -0.1497 0.653 0.1365 -0.604 -0.1688 0.7104 -0.3195 -0.7379 -0.3047 0.555 -0.2337 -0.9016 -0.1038 -0.3919 0.1513 -0.6776 0.0211 0.7351 0.0063 -0.661 -0.0039 0.7496 -0.0337 -0.9153 0.1909 -0.353 0.0324
-0.6445 0.1967 0.6249 0.3942 -0.6147 0.4976 0.5611 0.2442 -0.6405 0.4092 0.5405 0.3609 -0.7297 -0.1497 0.653 0.1365 -0.604 -0.1688 0.7104 -0.3195 -0.7379 -0.3047 0.555 -0.2337 -0.935 -0.1212 -0.3286 0.0559 -0.6776 0.0211 0.7351 0.0063 -0.661 -0.0039 0.7496 -0.0337 -0.9153 0.1909 -0.353 0.0324
-0.6445 0.1967 0.6249 0.3942 -0.6147 0.4976 0.5611 0.2442 -0.6405 0.4092 0.5405 0.3609 -0.7297 -0.1497 0.653 0.1365 -0.604 -0.1688 0.7104 -0.3195 -0.7379 -0.3047 0.555 -0.2337 -0.935 -0.1212 -0.3286 0.0559 -0.6776 0.0211 0.7351 0.0063 -0.661 -0.0039 0.7496 -0.0337 -0.9153 0.1909 -0.353 0.0324
-0.6445 0.1967 0.6249 0.3942 -0.6147 0.4976 0.5611 0.2442 -0.6405 0.4092 0.5405 0.3609 -0.7297 -0.1497 0.653 0.1365 -0.604 -0.1688 0.7104 -0.3195 -0.7379 -0.3047 0.555 -0.2337 -0.935 -0.1212 -0.3286 0.0559 -0.6692 0.0159 0.7428 -0.0151 -0.661 -0.0039 0.7496 -0.0337 -0.9153 0.1909 -0.353 0.0324
-0.6445 0.1967 0.6249 0.3942 -0.6206 0.4968 0.5668 0.2164 -0.6405 0.4092 0.5405 0.3609 -0.7297 -0.1497 0.653 0.1365 -0.604 -0.1688 0.7104 -0.3195 -0.7379 -0.3047 0.555 -0.2337 -0.935 -0.1212 -0.3286 0.0559 -0.6692 0.0159 0.7428 -0.0151 -0.661 -0.0039 0.7496 -0.0337 -0.9153 0.1909 -0.353 0.0324
-0.6445 0.1967 0.6249 0.3942 -0.6206 0.4968 0.5668 0.2164 -0.6405 0.4092 0.5405 0.3609 -0.7297 -0.1497 0.653 0.1365 -0.604 -0.1688 0.7104 -0.3195 -0.7379 -0.3047 0.555 -0.2337 -0.935 -0.1212 -0.3286 0.0559 -0.6692 0.0159 0.7428 -0.0151 -0.661 -0.0039 0.7496 -0.0337 -0.9153 0.1909 -0.353 0.0324
-0.6445 0.1967 0.6249 0.3942 -0.6206 0.4968 0.5668 0.2164 -0.6405 0.4092 0.5405 0.3609 -0.7297 -0.1497 0.653 0.1365 -0.604 -0.1688 0.7104 -0.3195 -0.7379 -0.3047 0.555 -0.2337 -0.935 -0.1212 -0.3286 0.0559 -0.6692 0.0159 0.7428 -0.0151 -0.661 -0.0039 0.7496 -0.0337 -0.9153 0.1909 -0.353 0.0324
-0.6592 0.1898 0.6202 0.3805 -0.6206 0.4968 0.5668 0.2164 -0.6431 0.4078 0.5358 0.3649 -0.7272 -0.1448 0.656 0.1407 -0.5935 -0.1577 0.7003 -0.364 -0.6657 -0.2921 0.5969 -0.3396 -0.935 -0.1212 -0.3286 0.0559 -0.6692 0.0159 0.7428 -0.0151 -0.66 0.0098 0.749 -0.0565 -0.916 0.1786 -0.3584 0.0234
-0.6592 0.1898 0.6202 0.3805 -0.6206 0.4968 0.5668 0.2164 -0.6431 0.4078 0.5358 0.3649 -0.7272 -0.1448 0.656 0.1407 -0.5935 -0.1577 0.7003 -0.364 -0.6657 -0.2921 0.5969 -0.3396 -0.935 -0.1212 -0.3286 0.0559 -0.6692 0.0159 0.7428 -0.0151 -0.66 0.0098 0.749 -0.0565 -0.916 0.1786 -0.3584 0.0234
-0.6592 0.1898 0.6202 0.3805 -0.6206 0.4968 0.5668 0.2164 -0.6431 0.4078 0.5358 0.3649 -0.7272 -0.1448 0.656 0.1407 -0.5935 -0.1577 0.7003 -0.364 -0.6657 -0.2921 0.5969 -0.3396 -0.9438 -0.0953 -0.3165 -5.0E-4 -0.6692 0.0159 0.7428 -0.0151 -0.66 0.0098 0.749 -0.0565 -0.916 0.1786 -0.3584 0.0234
-0.6592 0.1898 0.6202 0.3805 -0.6206 0.4968 0.5668 0.2164 -0.6431 0.4078 0.5358 0.3649 -0.7272 -0.1448 0.656 0.1407 -0.5935 -0.1577 0.7003 -0.364 -0.6657 -0.2921 0.5969 -0.3396 -0.9438 -0.0953 -0.3165 -5.0E-4 -0.663 0.0093 0.7466 -0.0541 -0.66 0.0098 0.749 -0.0565 -0.916 0.1786 -0.3584 0.0234
-0.6592 0.1898 0.6202 0.3805 -0.6206 0.4968 0.5668 0.2164 -0.6431 0.4078 0.5358 0.3649 -0.7272 -0.1448 0.656 0.1407 -0.5935 -0.1577 0.7003 -0.364 -0.6657 -0.2921 0.5969 -0.3396 -0.9438 -0.0953 -0.3165 -5.0E-4 -0.663 0.0093 0.7466 -0.0541 -0.66 0.0098 0.749 -0.0565 -0.916 0.1786 -0.3584 0.0234
-0.6592 0.1898 0.6202 0.3805 -0.6232 0.4866 0.5782 0.2015 -0.6464 0.3907 0.5546 0.3493 -0.7272 -0.1448 0.656 0.1407 -0.5935 -0.1577 0.7003 -0.364 -0.6657 -0.2921 0.5969 -0.3396 -0.9438 -0.0953 -0.3165 -5.0E-4 -0.663 0.0093 0.7466 -0.0541 -0.66 0.0098 0.749 -0.0565 -0.9116 0.1813 -0.3684 0.0209
-0.665 0.1858 0.6242 0.3657 -0.6232 0.4866 0.5782 0.2015 -0.6464 0.3907 0.5546 0.3493 -0.7272 -0.1448 0.656 0.1407 -0.5935 -0.1577 0.7003 -0.364 -0.6657 -0.2921 0.5969 -0.3396 -0.9438 -0.0953 -0.3165 -5.0E-4 -0.663 0.0093 0.7466 -0.0541 -0.66 0.0098 0.749 -0.0565 -0.9116 0.1813 -0.3684 0.0209
-0.665 0.1858 0.6242 0.3657 -0.6232 0.4866 0.5782 0.2015 -0.6464 0.3907 0.5546 0.3493 -0.7272 -0.1448 0.656 0.1407 -0.5935 -0.1577 0.7003 -0.364 -0.6657 -0.2921 0.5969 -0.3396 -0.9438 -0.0953 -0.3165 -5.0E-4 -0.663 0.0093 0.7466 -0.0541 -0.6682 0.0118 0.7368 -0.103 -0.9116 0.1813 -0.3684 0.0209
-0.665 0.1858 0.6242 0.3657 -0.6232 0.4866 0.5782 0.2015 -0.6464 0.3907 0.5546 0.3493 -0.7272 -0.1448 0.656 0.1407 -0.5935 -0.1577 0.7003 -0.364 -0.6657 -0.2921 0.5969 -0.3396 -0.9438 -0.0953 -0.3165 -5.0E-4 -0.663 0.0093 0.7466 -0.0541 -0.6682 0.0118 0.7368 -0.103 -0.9116 0.1813 -0.3684 0.0209
-0.665 0.1858 0.6242 0.3657 -0.6232 0.4866 0.5782 0.2015 -0.6464 0.3907 0.5546 0.3493 -0.7272 -0.1448 0.656 0.1407 -0.5935 -0.1577 0.7003 -0.364 -0.6657 -0.2921 0.5969 -0.3396 -0.947 -0.0865 -0.3093 -5.0E-4 -0.663 0.0093 0.7466 -0.0541 -0.6682 0.0118 0.7368 -0.103 -0.9116 0.1813 -0.3684 0.0209
-0.665 0.1858 0.6242 0.3657 -0.6232 0.4866 0.5782 0.2015 -0.6464 0.3907 0.5546 0.3493 -0.7272 -0.1448 0.656 0.1407 -0.5935 -0.1577 0.7003 -0.364 -0.6657 -0.2921 0.5969 -0.3396 -0.947 -0.0865 -0.3093 -5.0E-4 -0.6602 -0.0034 0.7426 -0.1124 -0.6682 0.0118 0.7368 -0.103 -0.9116 0.1813 -0.3684 0.0209
-0.665 0.1858 0.6242 0.3657 -0.6213 0.476 0.5948 0.1833 -0.6464 0.3907 0.5546 0.3493 -0.7272 -0.1448 0.656 0.1407 -0.5935 -0.1577 0.7003 -0.364 -0.6657 -0.2921 0.5969 -0.3396 -0.947 -0.0865 -0.3093 -5.0E-4 -0.6602 -0.0034 0.7426 -0.1124 -0.6682 0.0118 0.7368 -0.103 -0.9116 0.1813 -0.3684 0.0209
-0.665 0.1858 0.6242 0.3657 -0.6213 0.476 0.5948 0.1833 -0.6614 0.3782 0.5659 0.315 -0.7272 -0.1448 0.656 0.1407 -0.5935 -0.1577 0.7003 -0.364 -0.6106 -0.2713 0.629 -0.3975 -0.947 -0.0865 -0.3093 -5.0E-4 -0.6602 -0.0034 0.7426 -0.1124 -0.6682 0.0118 0.7368 -0.103 -0.9047 0.1866 -0.3827 0.0132
-0.665 0.1858 0.6242 0.3657 -0.6213 0.476 0.5948 0.1833 -0.6614 0.3782 0.5659 0.315 -0.7272 -0.1448 0.656 0.1407 -0.5935 -0.1577 0.7003 -0.364 -0.6106 -0.2713 0.629 -0.3975 -0.947 -0.0865 -0.3093 -5.0E-4 -0.6602 -0.0034 0.7426 -0.1124 -0.6682 0.0118 0.7368 -0.103 -0.9047 0.1866 -0.3827 0.0132
-0.6748 0.1677 0.6419 0.3232 -0.6213 0.476 0.5948 0.1833 -0.6614 0.3782 0.5659 0.315 -0.7307 -0.1791 0.6509 0.1018 -0.5935 -0.1577 0.7003 -0.364 -0.6106 -0.2713 0.629 -0.3975 -0.947 -0.0865 -0.3093 -5.0E-4 -0.6602 -0.0034 0.7426 -0.1124 -0.6755 0.027 0.72 -0.1567 -0.9047 0.1866 -0.3827 0.0132
-0.6748 0.1677 0.6419 0.3232 -0.6213 0.476 0.5948 0.1833 -0.6614 0.3782 0.5659 0.315 -0.7307 -0.1791 0.6509 0.1018 -0.5935 -0.1577 0.7003 -0.364 -0.6106 -0.2713 0.629 -0.3975 -0.9409 -0.0853 -0.3279 0.0016 -0.6602 -0.0034 0.7426 -0.1124 -0.6755 0.027 0.72 -0.1567 -0.9047 0.1866 -0.3827 0.0132
-0.6748 0.1677 0.6419 0.3232 -0.6213 0.476 0.5948 0.1833 -0.6614 0.3782 0.5659 0.315 -0.7307 -0.1791 0.6509 0.1018 -0.5935 -0.1577 0.7003 -0.364 -0.6106 -0.2713 0.629 -0.3975 -0.9409 -0.0853 -0.3279 0.0016 -0.6602 -0.0034 0.7426 -0.1124 -0.6755 0.027 0.72 -0.1567 -0.9047 0.1866 -0.3827 0.0132
-0.6748 0.1677 0.6419 0.3232 -0.6213 0.476 0.5948 0.1833 -0.6614 0.3782 0.5659 0.315 -0.7307 -0.1791 0.6509 0.1018 -0.5935 -0.1577 0.7003 -0.364 -0.6106 -0.2713 0.629 -0.3975 -0.9409 -0.0853 -0.3279 0.0016 -0.6602 -0.0034 0.7426 -0.1124 -0.6755 0.027 0.72 -0.1567 -0.9047 0.1866 -0.3827 0.0132
-0.6748 0.1677 0.6419 0.3232 -0.6213 0.476 0.5948 0.1833 -0.6614 0.3782 0.5659 0.315 -0.7307 -0.1791 0.6509 0.1018 -0.5935 -0.1577 0.7003 -0.364 -0.6106 -0.2713 0.629 -0.3975 -0.9409 -0.0853 -0.3279 0.0016 -0.6682 -0.0281 0.7283 -0.1492 -0.6755 0.027 0.72 -0.1567 -0.9047 0.1866 -0.3827 0.0132
-0.6748 0.1677 0.6419 0.3232 -0.6222 0.4553 0.6158 0.162 -0.6614 0.3782 0.5659 0.315 -0.7307 -0.1791 0.6509 0.1018 -0.5935 -0.1577 0.7003 -0.364 -0.5978 -0.3377 0.603 -0.4062 -0.9409 -0.0853 -0.3279 0.0016 -0.6682 -0.0281 0.7283 -0.1492 -0.6755 0.027 0.72 -0.1567 -0.9047 0.1866 -0.3827 0.0132
-0.6748 0.1677 0.6419 0.3232 -0.6222 0.4553 0.6158 0.162 -0.6614 0.3782 0.5659 0.315 -0.7307 -0.1791 0.6509 0.1018 -0.5935 -0.1577 0.7003 -0.364 -0.5978 -0.3377 0.603 -0.4062 -0.9409 -0.0853 -0.3279 0.0016 -0.6682 -0.0281 0.7283 -0.1492 -0.6755 0.027 0.72 -0.1567 -0.9047 0.1866 -0.3827 0.0132
-0.6748 0.1677 0.6419 0.3232 -0.6222 0.4553 0.6158 0.162 -0.6614 0.3782 0.5659 0.315 -0.7438 -0.1954 0.6365 0.0588 -0.5935 -0.1577 0.7003 -0.364 -0.5978 -0.3377 0.603 -0.4062 -0.9409 -0.0853 -0.3279 0.0016 -0.6682 -0.0281 0.7283 -0.1492 -0.6619 0.0599 0.7056 -0.2457 -0.9047 0.1866 -0.3827 0.0132
-0.6748 0.1677 0.6419 0.3232 -0.6222 0.4553 0.6158 0.162 -0.6614 0.3782 0.5659 0.315 -0.7438 -0.1954 0.6365 0.0588 -0.5935 -0.1577 0.7003 -0.364 -0.5978 -0.3377 0.603 -0.4062 -0.9403 -0.0906 -0.3279 -0.0054 -0.6682 -0.0281 0.7283 -0.1492 -0.6619 0.0599 0.7056 -0.2457 -0.9047 0.1866 -0.3827 0.0132
-0.6748 0.1677 0.6419 0.3232 -0.6222 0.4553 0.6158 0.162 -0.6614 0.3782 0.5659 0.315 -0.7438 -0.1954 0.6365 0.0588 -0.5935 -0.1577 0.7003 -0.364 -0.5978 -0.3377 0.603 -0.4062 -0.9403 -0.0906 -0.3279 -0.0054 -0.6682 -0.0281 0.7283 -0.1492 -0.6619 0.0599 0.7056 -0.2457 -0.9047 0.1866 -0.3827 0.0132
-0.6748 0.1677 0.6419 0.3232 -0.6222 0.4553 0.6158 0.162 -0.6614 0.3782 0.5659 0.315 -0.7438 -0.1954 0.6365 0.0588 -0.5935 -0.1577 0.7003 -0.364 -0.5978 -0.3377 0.603 -0.4062 -0.9403 -0.0906 -0.3279 -0.0054 -0.6919 -0.0821 0.6998 -0.1574 -0.6619 0.0599 0.7056 -0.2457 -0.9047 0.1866 -0.3827 0.0132
-0.6748 0.1677 0.6419 0.3232 -0.6226 0.4339 0.636 0.1401 -0.6614 0.3782 0.5659 0.315 -0.7438 -0.1954 0.6365 0.0588 -0.5935 -0.1577 0.7003 -0.364 -0.5978 -0.3377 0.603 -0.4062 -0.9403 -0.0906 -0.3279 -0.0054 -0.6919 -0.0821 0.6998 -0.1574 -0.6619 0.0599 0.7056 -0.2457 -0.9047 0.1866 -0.3827 0.0132
-0.6748 0.1677 0.6419 0.3232 -0.6226 0.4339 0.636 0.1401 -0.6614 0.3782 0.5659 0.315 -0.7438 -0.1954 0.6365 0.0588 -0.5935 -0.1577 0.7003 -0.364 -0.5978 -0.3377 0.603 -0.4062 -0.9403 -0.0906 -0.3279 -0.0054 -0.6919 -0.0821 0.6998 -0.1574 -0.6619 0.0599 0.7056 -0.2457 -0.9047 0.1866 -0.3827 0.0132
-0.6901 0.1354 0.6571 0.2714 -0.6226 0.4339 0.636 0.1401 -0.6912 0.3447 0.5817 0.2551 -0.7485 -0.2002 0.6286 0.0676 -0.5705 -0.3062 0.6706 -0.362 -0.601 -0.3572 0.6022 -0.3853 -0.9403 -0.0906 -0.3279 -0.0054 -0.6919 -0.0821 0.6998 -0.1574 -0.6638 0.0051 0.6959 -0.2739 -0.8515 0.2017 -0.4683 -0.1221
-0.6901 0.1354 0.6571 0.2714 -0.6226 0.4339 0.636 0.1401 -0.6912 0.3447 0.5817 0.2551 -0.7485 -0.2002 0.6286 0.0676 -0.5705 -0.3062 0.6706 -0.362 -0.601 -0.3572 0.6022 -0.3853 -0.9403 -0.0906 -0.3279 -0.0054 -0.6919 -0.0821 0.6998 -0.1574 -0.6638 0.0051 0.6959 -0.2739 -0.8515 0.2017 -0.4683 -0.1221
-0.6901 0.1354 0.6571 0.2714 -0.6226 0.4339 0.636 0.1401 -0.6912 0.3447 0.5817 0.2551 -0.7485 -0.2002 0.6286 0.0676 -0.5705 -0.3062 0.6706 -0.362 -0.601 -0.3572 0.6022 -0.3853 -0.9387 -0.092 -0.3322 -0.005 -0.6919 -0.0821 0.6998 -0.1574 -0.6638 0.0051 0.6959 -0.2739 -0.8515 0.2017 -0.4683 -0.1221
-0.6901 0.1354 0.6571 0.2714 -0.6226 0.4339 0.636 0.1401 -0.6912 0.3447 0.5817 0.2551 -0.7485 -0.2002 0.6286 0.0676 -0.5705 -0.3062 0.6706 -0.362 -0.601 -0.3572 0.6022 -0.3853 -0.9387 -0.092 -0.3322 -0.005 -0.6919 -0.0821 0.6998 -0.1574 -0.6638 0.0051 0.6959 -0.2739 -0.8515 0.2017 -0.4683 -0.1221
-0.6901 0.1354 0.6571 0.2714 -0.6226 0.4339 0.636 0.1401 -0.6912 0.3447 0.5817 0.2551 -0.7485 -0.2002 0.6286 0.0676 -0.5705 -0.3062 0.6706 -0.362 -0.601 -0.3572 0.6022 -0.3853 -0.9387 -0.092 -0.3322 -0.005 -0.6945 -0.0611 0.7068 -0.1201 -0.6638 0.0051 0.6959 -0.2739 -0.8515 0.2017 -0.4683 -0.1221
-0.6901 0.1354 0.6571 0.2714 -0.6243 0.4312 0.6375 0.1339 -0.6912 0.3447 0.5817 0.2551 -0.7485 -0.2002 0.6286 0.0676 -0.5705 -0.3062 0.6706 -0.362 -0.601 -0.3572 0.6022 -0.3853 -0.9387 -0.092 -0.3322 -0.005 -0.6945 -0.0611 0.7068 -0.1201 -0.6638 0.0051 0.6959 -0.2739 -0.8515 0.2017 -0.4683 -0.1221
-0.6901 0.1354 0.6571 0.2714 -0.6243 0.4312 0.6375 0.1339 -0.6912 0.3447 0.5817 0.2551 -0.7485 -0.2002 0.6286 0.0676 -0.5705 -0.3062 0.6706 -0.362 -0.601 -0.3572 0.6022 -0.3853 -0.9387 -0.092 -0.3322 -0.005 -0.6945 -0.0611 0.7068 -0.1201 -0.6638 0.0051 0.6959 -0.2739 -0.8515 0.2017 -0.4683 -0.1221
-0.6901 0.1354 0.6571 0.2714 -0.6243 0.4312 0.6375 0.1339 -0.6912 0.3447 0.5817 0.2551 -0.7485 -0.2002 0.6286 0.0676 -0.5705 -0.3062 0.6706 -0.362 -0.601 -0.3572 0.6022 -0.3853 -0.9387 -0.092 -0.3322 -0.005 -0.6945 -0.0611 0.7068 -0.1201 -0.6638 0.0051 0.6959 -0.2739 -0.8515 0.2017 -0.4683 -0.1221
-0.6855 0.1492 0.6544 0.2821 -0.6243 0.4312 0.6375 0.1339 -0.6912 0.3447 0.5817 0.2551 -0.7498 -0.2037 0.6264 0.0622 -0.5737 -0.2966 0.6858 -0.3356 -0.601 -0.3572 0.6022 -0.3853 -0.9387 -0.092 -0.3322 -0.005 -0.6945 -0.0611 0.7068 -0.1201 -0.6671 -0.0488 0.7059 -0.2332 -0.8515 0.2017 -0.4683 -0.1221
-0.6855 0.1492 0.6544 0.2821 -0.6243 0.4312 0.6375 0.1339 -0.6912 0.3447 0.5817 0.2551 -0.7498 -0.2037 0.6264 0.0622 -0.5737 -0.2966 0.6858 -0.3356 -0.601 -0.3572 0.6022 -0.3853 -0.9387 -0.092 -0.3322 -0.005 -0.6945 -0.0611 0.7068 -0.1201 -0.6671 -0.0488 0.7059 -0.2332 -0.8515 0.2017 -0.4683 -0.1221
-0.6855 0.1492 0.6544 0.2821 -0.6243 0.4312 0.6375 0.1339 -0.6912 0.3447 0.5817 0.2551 -0.7498 -0.2037 0.6264 0.0622 -0.5737 -0.2966 0.6858 -0.3356 -0.601 -0.3572 0.6022 -0.3853 -0.9387 -0.092 -0.3322 -0.005 -0.6945 -0.0611 0.7068 -0.1201 -0.6671 -0.0488 0.7059 -0.2332 -0.8515 0.2017 -0.4683 -0.1221
-0.6855 0.1492 0.6544 0.2821 -0.6243 0.4312 0.6375 0.1339 -0.6912 0.3447 0.5817 0.2551 -0.7498 -0.2037 0.6264 0.0622 -0.5737 -0.2966 0.6858 -0.3356 -0.601 -0.3572 0.6022 -0.3853 -0.9387 -0.092 -0.3322 -0.005 -0.6945 -0.0611 0.7068 -0.1201 -0.6671 -0.0488 0.7059 -0.2332 -0.8515 0.2017 -0.4683 -0.1221
-0.6855 0.1492 0.6544 0.2821 -0.6243 0.4312 0.6375 0.1339 -0.6912 0.3447 0.5817 0.2551 -0.7498 -0.2037 0.6264 0.0622 -0.5737 -0.2966 0.6858 -0.3356 -0.601 -0.3572 0.6022 -0.3853 -0.9387 -0.092 -0.3322 -0.005 -0.7007 -0.0828 0.7058 -0.0626 -0.6671 -0.0488 0.7059 -0.2332 -0.8515 0.2017 -0.4683 -0.1221
-0.6855 0.1492 0.6544 0.2821 -0.6243 0.4312 0.6375 0.1339 -0.6912 0.3447 0.5817 0.2551 -0.7498 -0.2037 0.6264 0.0622 -0.5737 -0.2966 0.6858 -0.3356 -0.601 -0.3572 0.6022 -0.3853 -0.9387 -0.092 -0.3322 -0.005 -0.7007 -0.0828 0.7058 -0.0626 -0.6671 -0.0488 0.7059 -0.2332 -0.8515 0.2017 -0.4683 -0.1221
-0.6855 0.1492 0.6544 0.2821 -0.6173 0.4441 0.6339 0.1411 -0.678 0.3779 0.5654 0.2789 -0.7498 -0.2037 0.6264 0.0622 -0.5814 -0.2876 0.6955 -0.3091 -0.6242 -0.3734 0.5913 -0.3483 -0.9387 -0.092 -0.3322 -0.005 -0.7007 -0.0828 0.7058 -0.0626 -0.6671 -0.0488 0.7059 -0.2332 -0.8969 0.2462 -0.3452 -0.1254
-0.6855 0.1492 0.6544 0.2821 -0.6173 0.4441 0.6339 0.1411 -0.678 0.3779 0.5654 0.2789 -0.7498 -0.2037 0.6264 0.0622 -0.5814 -0.2876 0.6955 -0.3091 -0.6242 -0.3734 0.5913 -0.3483 -0.9387 -0.092 -0.3322 -0.005 -0.7007 -0.0828 0.7058 -0.0626 -0.67 -0.097 0.7178 -0.1628 -0.8969 0.2462 -0.3452 -0.1254
-0.6855 0.1492 0.6544 0.2821 -0.6173 0.4441 0.6339 0.1411 -0.678 0.3779 0.5654 0.2789 -0.7498 -0.2037 0.6264 0.0622 -0.5814 -0.2876 0.6955 -0.3091 -0.6242 -0.3734 0.5913 -0.3483 -0.9387 -0.092 -0.3322 -0.005 -0.7007 -0.0828 0.7058 -0.0626 -0.67 -0.097 0.7178 -0.1628 -0.8969 0.2462 -0.3452 -0.1254
-0.6855 0.1492 0.6544 0.2821 -0.6173 0.4441 0.6339 0.1411 -0.678 0.3779 0.5654 0.2789 -0.7498 -0.2037 0.6264 0.0622 -0.5814 -0.2876 0.6955 -0.3091 -0.6242 -0.3734 0.5913 -0.3483 -0.9384 -0.0916 -0.3332 9.0E-4 -0.7007 -0.0828 0.7058 -0.0626 -0.67 -0.097 0.7178 -0.1628 -0.8969 0.2462 -0.3452 -0.1254
-0.6855 0.1492 0.6544 0.2821 -0.6173 0.4441 0.6339 0.1411 -0.678 0.3779 0.5654 0.2789 -0.7498 -0.2037 0.6264 0.0622 -0.5814 -0.2876 0.6955 -0.3091 -0.6242 -0.3734 0.5913 -0.3483 -0.9384 -0.0916 -0.3332 9.0E-4 -0.7105 -0.0638 0.7005 0.0215 -0.67 -0.097 0.7178 -0.1628 -0.8969 0.2462 -0.3452 -0.1254
-0.6855 0.1492 0.6544 0.2821 -0.6226 0.4335 0.632 0.1581 -0.678 0.3779 0.5654 0.2789 -0.7498 -0.2037 0.6264 0.0622 -0.5814 -0.2876 0.6955 -0.3091 -0.6242 -0.3734 0.5913 -0.3483 -0.9384 -0.0916 -0.3332 9.0E-4 -0.7105 -0.0638 0.7005 0.0215 -0.67 -0.097 0.7178 -0.1628 -0.8969 0.2462 -0.3452 -0.1254
-0.6855 0.1492 0.6544 0.2821 -0.6226 0.4335 0.632 0.1581 -0.678 0.3779 0.5654 0.2789 -0.7498 -0.2037 0.6264 0.0622 -0.5814 -0.2876 0.6955 -0.3091 -0.6242 -0.3734 0.5913 -0.3483 -0.9384 -0.0916 -0.3332 9.0E-4 -0.7105 -0.0638 0.7005 0.0215 -0.67 -0.097 0.7178 -0.1628 -0.8969 0.2462 -0.3452 -0.1254
-0.6694 0.1293 0.6599 0.3159 -0.6226 0.4335 0.632 0.1581 -0.6771 0.387 0.562 0.2757 -0.7451 -0.1982 0.6315 0.0817 -0.5931 -0.2799 0.7004 -0.2817 -0.6242 -0.3734 0.5913 -0.3483 -0.9384 -0.0916 -0.3332 9.0E-4 -0.7105 -0.0638 0.7005 0.0215 -0.67 -0.097 0.7178 -0.1628 -0.8969 0.2462 -0.3452 -0.1254
-0.6694 0.1293 0.6599 0.3159 -0.6226 0.4335 0.632 0.1581 -0.6771 0.387 0.562 0.2757 -0.7451 -0.1982 0.6315 0.0817 -0.5931 -0.2799 0.7004 -0.2817 -0.6242 -0.3734 0.5913 -0.3483 -0.9384 -0.0916 -0.3332 9.0E-4 -0.7105 -0.0638 0.7005 0.0215 -0.6832 -0.128 0.7177 -0.0424 -0.8969 0.2462 -0.3452 -0.1254
-0.6694 0.1293 0.6599 0.3159 -0.6226 0.4335 0.632 0.1581 -0.6771 0.387 0.562 0.2757 -0.7451 -0.1982 0.6315 0.0817 -0.5931 -0.2799 0.7004 -0.2817 -0.6242 -0.3734 0.5913 -0.3483 -0.9385 -0.0908 -0.333 0.0035 -0.7105 -0.0638 0.7005 0.0215 -0.6832 -0.128 0.7177 -0.0424 -0.8969 0.2462 -0.3452 -0.1254
-0.6694 0.1293 0.6599 0.3159 -0.6226 0.4335 0.632 0.1581 -0.6771 0.387 0.562 0.2757 -0.7451 -0.1982 0.6315 0.0817 -0.5931 -0.2799 0.7004 -0.2817 -0.6242 -0.3734 0.5913 -0.3483 -0.9385 -0.0908 -0.333 0.0035 -0.7105 -0.0638 0.7005 0.0215 -0.6832 -0.128 0.7177 -0.0424 -0.8969 0.2462 -0.3452 -0.1254
-0.6694 0.1293 0.6599 0.3159 -0.6226 0.4335 0.632 0.1581 -0.6771 0.387 0.562 0.2757 -0.7451 -0.1982 0.6315 0.0817 -0.5931 -0.2799 0.7004 -0.2817 -0.6242 -0.3734 0.5913 -0.3483 -0.9385 -0.0908 -0.333 0.0035 -0.712 -0.0403 0.6975 0.0699 -0.6832 -0.128 0.7177 -0.0424 -0.8969 0.2462 -0.3452 -0.1254
-0.6694 0.1293 0.6599 0.3159 -0.6227 0.4321 0.6305 0.1676 -0.6771 0.387 0.562 0.2757 -0.7451 -0.1982 0.6315 0.0817 -0.5931 -0.2799 0.7004 -0.2817 -0.6242 -0.3734 0.5913 -0.3483 -0.9385 -0.0908 -0.333 0.0035 -0.712 -0.0403 0.6975 0.0699 -0.6832 -0.128 0.7177 -0.0424 -0.8969 0.2462 -0.3452 -0.1254
-0.6694 0.1293 0.6599 0.3159 -0.6227 0.4321 0.6305 0.1676 -0.6771 0.387 0.562 0.2757 -0.7451 -0.1982 0.6315 0.0817 -0.5931 -0.2799 0.7004 -0.2817 -0.6242 -0.3734 0.5913 -0.3483 -0.9385 -0.0908 -0.333 0.0035 -0.712 -0.0403 0.6975 0.0699 -0.6832 -0.128 0.7177 -0.0424 -0.8969 0.2462 -0.3452 -0.1254
-0.6642 0.1331 0.6603 0.3241 -0.6227 0.4321 0.6305 0.1676 -0.6771 0.387 0.562 0.2757 -0.7487 -0.1882 0.6318 0.0698 -0.6149 -0.2701 0.702 -0.237 -0.6242 -0.3734 0.5913 -0.3483 -0.9385 -0.0908 -0.333 0.0035 -0.712 -0.0403 0.6975 0.0699 -0.6832 -0.128 0.7177 -0.0424 -0.8969 0.2462 -0.3452 -0.1254
-0.6642 0.1331 0.6603 0.3241 -0.6227 0.4321 0.6305 0.1676 -0.6771 0.387 0.562 0.2757 -0.7487 -0.1882 0.6318 0.0698 -0.6149 -0.2701 0.702 -0.237 -0.6242 -0.3734 0.5913 -0.3483 -0.9385 -0.0908 -0.333 0.0035 -0.712 -0.0403 0.6975 0.0699 -0.6922 -0.1105 0.7115 0.0481 -0.8969 0.2462 -0.3452 -0.1254
-0.6642 0.1331 0.6603 0.3241 -0.6227 0.4321 0.6305 0.1676 -0.6771 0.387 0.562 0.2757 -0.7487 -0.1882 0.6318 0.0698 -0.6149 -0.2701 0.702 -0.237 -0.6242 -0.3734 0.5913 -0.3483 -0.9385 -0.0908 -0.333 0.0035 -0.712 -0.0403 0.6975 0.0699 -0.6922 -0.1105 0.7115 0.0481 -0.8969 0.2462 -0.3452 -0.1254
-0.6642 0.1331 0.6603 0.3241 -0.6227 0.4321 0.6305 0.1676 -0.6771 0.387 0.562 0.2757 -0.7487 -0.1882 0.6318 0.0698 -0.6149 -0.2701 0.702 -0.237 -0.6242 -0.3734 0.5913 -0.3483 -0.9385 -0.0908 -0.333 0.0035 -0.712 -0.0403 0.6975 0.0699 -0.6922 -0.1105 0.7115 0.0481 -0.8969 0.2462 -0.3452 -0.1254
-0.6642 0.1331 0.6603 0.3241 -0.6227 0.4321 0.6305 0.1676 -0.6771 0.387 0.562 0.2757 -0.7487 -0.1882 0.6318 0.0698 -0.6149 -0.2701 0.702 -0.237 -0.6242 -0.3734 0.5913 -0.3483 -0.9385 -0.0908 -0.333 0.0035 -0.7092 -0.0193 0.6981 0.0959 -0.6922 -0.1105 0.7115 0.0481 -0.8969 0.2462 -0.3452 -0.1254
-0.6642 0.1331 0.6603 0.3241 -0.6204 0.4442 0.6237 0.1696 -0.6771 0.387 0.562 0.2757 -0.7487 -0.1882 0.6318 0.0698 -0.6149 -0.2701 0.702 -0.237 -0.6242 -0.3734 0.5913 -0.3483 -0.9385 -0.0908 -0.333 0.0035 -0.7092 -0.0193 0.6981 0.0959 -0.6922 -0.1105 0.7115 0.0481 -0.8969 0.2462 -0.3452 -0.1254
-0.6642 0.1331 0.6603 0.3241 -0.6204 0.4442 0.6237 0.1696 -0.6771 0.387 0.562 0.2757 -0.7487 -0.1882 0.6318 0.0698 -0.6205 -0.2602 0.7078 -0.2149 -0.6242 -0.3734 0.5913 -0.3483 -0.9385 -0.0908 -0.333 0.0035 -0.7092 -0.0193 0.6981 0.0959 -0.6922 -0.1105 0.7115 0.0481 -0.8969 0.2462 -0.3452 -0.1254
-0.6642 0.1331 0.6603 0.3241 -0.6204 0.4442 0.6237 0.1696 -0.6771 0.387 0.562 0.2757 -0.7487 -0.1882 0.6318 0.0698 -0.6205 -0.2602 0.7078 -0.2149 -0.6242 -0.3734 0.5913 -0.3483 -0.9385 -0.0908 -0.333 0.0035 -0.7092 -0.0193 0.6981 0.0959 -0.6922 -0.1105 0.7115 0.0481 -0.8969 0.2462 -0.3452 -0.1254
-0.665 0.1552 0.6475 0.3382 -0.6204 0.4442 0.6237 0.1696 -0.6771 0.387 0.562 0.2757 -0.7538 -0.1851 0.6285 0.0501 -0.6205 -0.2602 0.7078 -0.2149 -0.6242 -0.3734 0.5913 -0.3483 -0.9385 -0.0908 -0.333 0.0035 -0.7092 -0.0193 0.6981 0.0959 -0.6793 -0.0888 0.7285 -0.0027 -0.8969 0.2462 -0.3452 -0.1254
-0.665 0.1552 0.6475 0.3382 -0.6204 0.4442 0.6237 0.1696 -0.6771 0.387 0.562 0.2757 -0.7538 -0.1851 0.6285 0.0501 -0.6205 -0.2602 0.7078 -0.2149 -0.6242 -0.3734 0.5913 -0.3483 -0.9201 -0.094 -0.3798 0.0193 -0.7092 -0.0193 0.6981 0.0959 -0.6793 -0.0888 0.7285 -0.0027 -0.8969 0.2462 -0.3452 -0.1254
-0.665 0.1552 0.6475 0.3382 -0.6204 0.4442 0.6237 0.1696 -0.6771 0.387 0.562 0.2757 -0.7538 -0.1851 0.6285 0.0501 -0.6205 -0.2602 0.7078 -0.2149 -0.6242 -0.3734 0.5913 -0.3483 -0.9201 -0.094 -0.3798 0.0193 -0.7092 -0.0193 0.6981 0.0959 -0.6793 -0.0888 0.7285 -0.0027 -0.8969 0.2462 -0.3452 -0.1254
-0.665 0.1552 0.6475 0.3382 -0.6204 0.4442 0.6237 0.1696 -0.6771 0.387 0.562 0.2757 -0.7538 -0.1851 0.6285 0.0501 -0.6205 -0.2602 0.7078 -0.2149 -0.6242 -0.3734 0.5913 -0.3483 -0.9201 -0.094 -0.3798 0.0193 -0.6989 -0.0126 0.7114 0.073 -0.6793 -0.0888 0.7285 -0.0027 -0.8969 0.2462 -0.3452 -0.1254
-0.665 0.1552 0.6475 0.3382 -0.6213 0.4688 0.6014 0.18 -0.6771 0.387 0.562 0.2757 -0.7538 -0.1851 0.6285 0.0501 -0.6205 -0.2602 0.7078 -0.2149 -0.6242 -0.3734 0.5913 -0.3483 -0.9201 -0.094 -0.3798 0.0193 -0.6989 -0.0126 0.7114 0.073 -0.6793 -0.0888 0.7285 -0.0027 -0.8969 0.2462 -0.3452 -0.1254
-0.665 0.1552 0.6475 0.3382 -0.6213 0.4688 0.6014 0.18 -0.6771 0.387 0.562 0.2757 -0.7538 -0.1851 0.6285 0.0501 -0.6205 -0.2602 0.7078 -0.2149 -0.6242 -0.3734 0.5913 -0.3483 -0.9201 -0.094 -0.3798 0.0193 -0.6989 -0.0126 0.7114 0.073 -0.6793 -0.0888 0.7285 -0.0027 -0.8969 0.2462 -0.3452 -0.1254
-0.665 0.1552 0.6475 0.3382 -0.6213 0.4688 0.6014 0.18 -0.6771 0.387 0.562 0.2757 -0.7538 -0.1851 0.6285 0.0501 -0.6205 -0.2602 0.7078 -0.2149 -0.6242 -0.3734 0.5913 -0.3483 -0.9201 -0.094 -0.3798 0.0193 -0.6989 -0.0126 0.7114 0.073 -0.6793 -0.0888 0.7285 -0.0027 -0.8969 0.2462 -0.3452 -0.1254
-0.6635 0.1862 0.6362 0.3471 -0.6213 0.4688 0.6014 0.18 -0.6661 0.3661 0.5745 0.3036 -0.7545 -0.179 0.6301 0.0417 -0.6137 -0.2084 0.7165 -0.258 -0.6242 -0.3734 0.5913 -0.3483 -0.9201 -0.094 -0.3798 0.0193 -0.6989 -0.0126 0.7114 0.073 -0.6647 -0.0604 0.7443 -0.0234 -0.8969 0.2462 -0.3452 -0.1254
-0.6635 0.1862 0.6362 0.3471 -0.6213 0.4688 0.6014 0.18 -0.6661 0.3661 0.5745 0.3036 -0.7545 -0.179 0.6301 0.0417 -0.6137 -0.2084 0.7165 -0.258 -0.6242 -0.3734 0.5913 -0.3483 -0.8508 -0.1003 -0.5068 0.0962 -0.6989 -0.0126 0.7114 0.073 -0.6647 -0.0604 0.7443 -0.0234 -0.8969 0.2462 -0.3452 -0.1254
-0.6635 0.1862 0.6362 0.3471 -0.6213 0.4688 0.6014 0.18 -0.6661 0.3661 0.5745 0.3036 -0.7545 -0.179 0.6301 0.0417 -0.6137 -0.2084 0.7165 -0.258 -0.6242 -0.3734 0.5913 -0.3483 -0.8508 -0.1003 -0.5068 0.0962 -0.6989 -0.0126 0.7114 0.073 -0.6647 -0.0604 0.7443 -0.0234 -0.8969 0.2462 -0.3452 -0.1254
-0.6635 0.1862 0.6362 0.3471 -0.6213 0.4688 0.6014 0.18 -0.6661 0.3661 0.5745 0.3036 -0.7545 -0.179 0.6301 0.0417 -0.6137 -0.2084 0.7165 -0.258 -0.6242 -0.3734 0.5913 -0.3483 -0.8508 -0.1003 -0.5068 0.0962 -0.6839 -0.0184 0.7289 0.0228 -0.6647 -0.0604 0.7443 -0.0234 -0.8969 0.2462 -0.3452 -0.1254
-0.6635 0.1862 0.6362 0.3471 -0.6236 0.498 0.5796 0.165 -0.6661 0.3661 0.5745 0.3036 -0.7545 -0.179 0.6301 0.0417 -0.6137 -0.2084 0.7165 -0.258 -0.6242 -0.3734 0.5913 -0.3483 -0.8508 -0.1003 -0.5068 0.0962 -0.6839 -0.0184 0.7289 0.0228 -0.6647 -0.0604 0.7443 -0.0234 -0.8969 0.2462 -0.3452 -0.1254
-0.6635 0.1862 0.6362 0.3471 -0.6236 0.498 0.5796 0.165 -0.6661 0.3661 0.5745 0.3036 -0.7545 -0.179 0.6301 0.0417 -0.5892 -0.1583 0.7213 -0.3279 -0.6242 -0.3734 0.5913 -0.3483 -0.8508 -0.1003 -0.5068 0.0962 -0.6839 -0.0184 0.7289 0.0228 -0.6647 -0.0604 0.7443 -0.0234 -0.8969 0.2462 -0.3452 -0.1254
-0.6635 0.1862 0.6362 0.3471 -0.6236 0.498 0.5796 0.165 -0.6661 0.3661 0.5745 0.3036 -0.7545 -0.179 0.6301 0.0417 -0.5892 -0.1583 0.7213 -0.3279 -0.6242 -0.3734 0.5913 -0.3483 -0.8508 -0.1003 -0.5068 0.0962 -0.6839 -0.0184 0.7289 0.0228 -0.6647 -0.0604 0.7443 -0.0234 -0.8969 0.2462 -0.3452 -0.1254
-0.6635 0.1862 0.6362 0.3471 -0.6236 0.498 0.5796 0.165 -0.6661 0.3661 0.5745 0.3036 -0.7545 -0.179 0.6301 0.0417 -0.5892 -0.1583 0.7213 -0.3279 -0.6242 -0.3734 0.5913 -0.3483 -0.8508 -0.1003 -0.5068 0.0962 -0.6839 -0.0184 0.7289 0.0228 -0.6594 -0.0396 0.7502 -0.028 -0.8969 0.2462 -0.3452 -0.1254
-0.6635 0.1862 0.6362 0.3471 -0.6236 0.498 0.5796 0.165 -0.6661 0.3661 0.5745 0.3036 -0.7545 -0.179 0.6301 0.0417 -0.5892 -0.1583 0.7213 -0.3279 -0.6242 -0.3734 0.5913 -0.3483 -0.8996 -0.1283 -0.4041 0.1045 -0.6839 -0.0184 0.7289 0.0228 -0.6594 -0.0396 0.7502 -0.028 -0.8969 0.2462 -0.3452 -0.1254
-0.6635 0.1862 0.6362 0.3471 -0.6236 0.498 0.5796 0.165 -0.6661 0.3661 0.5745 0.3036 -0.7545 -0.179 0.6301 0.0417 -0.5892 -0.1583 0.7213 -0.3279 -0.6242 -0.3734 0.5913 -0.3483 -0.8996 -0.1283 -0.4041 0.1045 -0.6839 -0.0184 0.7289 0.0228 -0.6594 -0.0396 0.7502 -0.028 -0.8969 0.2462 -0.3452 -0.1254
-0.6635 0.1862 0.6362 0.3471 -0.6236 0.498 0.5796 0.165 -0.6661 0.3661 0.5745 0.3036 -0.7545 -0.179 0.6301 0.0417 -0.5892 -0.1583 0.7213 -0.3279 -0.6242 -0.3734 0.5913 -0.3483 -0.8996 -0.1283 -0.4041 0.1045 -0.674 -0.0016 0.7386 0.0142 -0.6594 -0.0396 0.7502 -0.028 -0.8969 0.2462 -0.3452 -0.1254
-0.6635 0.1862 0.6362 0.3471 -0.6236 0.498 0.5796 0.165 -0.6661 0.3661 0.5745 0.3036 -0.7545 -0.179 0.6301 0.0417 -0.5892 -0.1583 0.7213 -0.3279 -0.6242 -0.3734 0.5913 -0.3483 -0.8996 -0.1283 -0.4041 0.1045 -0.674 -0.0016 0.7386 0.0142 -0.6594 -0.0396 0.7502 -0.028 -0.8969 0.2462 -0.3452 -0.1254
-0.6635 0.1862 0.6362 0.3471 -0.6247 0.5145 0.557 0.1864 -0.6661 0.3661 0.5745 0.3036 -0.7545 -0.179 0.6301 0.0417 -0.5892 -0.1583 0.7213 -0.3279 -0.6242 -0.3734 0.5913 -0.3483 -0.8996 -0.1283 -0.4041 0.1045 -0.674 -0.0016 0.7386 0.0142 -0.6594 -0.0396 0.7502 -0.028 -0.9133 0.2005 -0.3542 0.0156
-0.6634 0.1955 0.6069 0.3915 -0.6247 0.5145 0.557 0.1864 -0.6661 0.3661 0.5745 0.3036 -0.736 -0.1927 0.6429 0.0884 -0.5772 -0.1682 0.71 -0.3668 -0.6242 -0.3734 0.5913 -0.3483 -0.8996 -0.1283 -0.4041 0.1045 -0.674 -0.0016 0.7386 0.0142 -0.6594 -0.0396 0.7502 -0.028 -0.9133 0.2005 -0.3542 0.0156
-0.6634 0.1955 0.6069 0.3915 -0.6247 0.5145 0.557 0.1864 -0.6661 0.3661 0.5745 0.3036 -0.736 -0.1927 0.6429 0.0884 -0.5772 -0.1682 0.71 -0.3668 -0.6242 -0.3734 0.5913 -0.3483 -0.8996 -0.1283 -0.4041 0.1045 -0.674 -0.0016 0.7386 0.0142 -0.6578 -0.0277 0.751 -0.0493 -0.9133 0.2005 -0.3542 0.0156
-0.6634 0.1955 0.6069 0.3915 -0.6247 0.5145 0.557 0.1864 -0.6661 0.3661 0.5745 0.3036 -0.736 -0.1927 0.6429 0.0884 -0.5772 -0.1682 0.71 -0.3668 -0.6242 -0.3734 0.5913 -0.3483 -0.9395 -0.1121 -0.3226 0.0264 -0.674 -0.0016 0.7386 0.0142 -0.6578 -0.0277 0.751 -0.0493 -0.9133 0.2005 -0.3542 0.0156
-0.6634 0.1955 0.6069 0.3915 -0.6247 0.5145 0.557 0.1864 -0.6661 0.3661 0.5745 0.3036 -0.736 -0.1927 0.6429 0.0884 -0.5772 -0.1682 0.71 -0.3668 -0.6242 -0.3734 0.5913 -0.3483 -0.9395 -0.1121 -0.3226 0.0264 -0.674 -0.0016 0.7386 0.0142 -0.6578 -0.0277 0.751 -0.0493 -0.9133 0.2005 -0.3542 0.0156
-0.6634 0.1955 0.6069 0.3915 -0.6247 0.5145 0.557 0.1864 -0.6661 0.3661 0.5745 0.3036 -0.736 -0.1927 0.6429 0.0884 -0.5772 -0.1682 0.71 -0.3668 -0.6242 -0.3734 0.5913 -0.3483 -0.9395 -0.1121 -0.3226 0.0264 -0.6639 0.0012 0.7475 -0.0209 -0.6578 -0.0277 0.751 -0.0493 -0.9133 0.2005 -0.3542 0.0156
-0.6634 0.1955 0.6069 0.3915 -0.6394 0.4949 0.5527 0.2017 -0.6661 0.3661 0.5745 0.3036 -0.736 -0.1927 0.6429 0.0884 -0.5772 -0.1682 0.71 -0.3668 -0.6242 -0.3734 0.5913 -0.3483 -0.9395 -0.1121 -0.3226 0.0264 -0.6639 0.0012 0.7475 -0.0209 -0.6578 -0.0277 0.751 -0.0493 -0.9133 0.2005 -0.3542 0.0156
-0.6634 0.1955 0.6069 0.3915 -0.6394 0.4949 0.5527 0.2017 -0.6661 0.3661 0.5745 0.3036 -0.736 -0.1927 0.6429 0.0884 -0.5859 -0.1828 0.6943 -0.3758 -0.6242 -0.3734 0.5913 -0.3483 -0.9395 -0.1121 -0.3226 0.0264 -0.6639 0.0012 0.7475 -0.0209 -0.6578 -0.0277 0.751 -0.0493 -0.9133 0.2005 -0.3542 0.0156
-0.6634 0.1955 0.6069 0.3915 -0.6394 0.4949 0.5527 0.2017 -0.6661 0.3661 0.5745 0.3036 -0.736 -0.1927 0.6429 0.0884 -0.5859 -0.1828 0.6943 -0.3758 -0.6242 -0.3734 0.5913 -0.3483 -0.9395 -0.1121 -0.3226 0.0264 -0.6639 0.0012 0.7475 -0.0209 -0.6578 -0.0277 0.751 -0.0493 -0.9133 0.2005 -0.3542 0.0156
-0.6634 0.1955 0.6069 0.3915 -0.6394 0.4949 0.5527 0.2017 -0.6661 0.3661 0.5745 0.3036 -0.736 -0.1927 0.6429 0.0884 -0.5859 -0.1828 0.6943 -0.3758 -0.6242 -0.3734 0.5913 -0.3483 -0.9395 -0.1121 -0.3226 0.0264 -0.6639 0.0012 0.7475 -0.0209 -0.6597 -0.0206 0.7465 -0.084 -0.9133 0.2005 -0.3542 0.0156
-0.6634 0.1955 0.6069 0.3915 -0.6394 0.4949 0.5527 0.2017 -0.6661 0.3661 0.5745 0.3036 -0.736 -0.1927 0.6429 0.0884 -0.5859 -0.1828 0.6943 -0.3758 -0.6242 -0.3734 0.5913 -0.3483 -0.9391 -0.125 -0.32 -0.0013 -0.6639 0.0012 0.7475 -0.0209 -0.6597 -0.0206 0.7465 -0.084 -0.9133 0.2005 -0.3542 0.0156
-0.6634 0.1955 0.6069 0.3915 -0.6394 0.4949 0.5527 0.2017 -0.6661 0.3661 0.5745 0.3036 -0.736 -0.1927 0.6429 0.0884 -0.5859 -0.1828 0.6943 -0.3758 -0.6242 -0.3734 0.5913 -0.3483 -0.9391 -0.125 -0.32 -0.0013 -0.6639 0.0012 0.7475 -0.0209 -0.6597 -0.0206 0.7465 -0.084 -0.9133 0.2005 -0.3542 0.0156
-0.6634 0.1955 0.6069 0.3915 -0.6394 0.4949 0.5527 0.2017 -0.6661 0.3661 0.5745 0.3036 -0.736 -0.1927 0.6429 0.0884 -0.5859 -0.1828 0.6943 -0.3758 -0.6242 -0.3734 0.5913 -0.3483 -0.9391 -0.125 -0.32 -0.0013 -0.6557 -0.0037 0.7504 -0.0833 -0.6597 -0.0206 0.7465 -0.084 -0.9133 0.2005 -0.3542 0.0156
-0.6634 0.1955 0.6069 0.3915 -0.6406 0.4828 0.5484 0.2363 -0.6661 0.3661 0.5745 0.3036 -0.736 -0.1927 0.6429 0.0884 -0.5859 -0.1828 0.6943 -0.3758 -0.6242 -0.3734 0.5913 -0.3483 -0.9391 -0.125 -0.32 -0.0013 -0.6557 -0.0037 0.7504 -0.0833 -0.6597 -0.0206 0.7465 -0.084 -0.9133 0.2005 -0.3542 0.0156
-0.6634 0.1955 0.6069 0.3915 -0.6406 0.4828 0.5484 0.2363 -0.6661 0.3661 0.5745 0.3036 -0.736 -0.1927 0.6429 0.0884 -0.5859 -0.1828 0.6943 -0.3758 -0.6242 -0.3734 0.5913 -0.3483 -0.9391 -0.125 -0.32 -0.0013 -0.6557 -0.0037 0.7504 -0.0833 -0.6597 -0.0206 0.7465 -0.084 -0.9133 0.2005 -0.3542 0.0156
-0.6597 0.1955 0.6075 0.3967 -0.6406 0.4828 0.5484 0.2363 -0.6706 0.355 0.5807 0.295 -0.7183 -0.2328 0.6511 0.0762 -0.5832 -0.2213 0.6838 -0.3785 -0.5892 -0.2575 0.6575 -0.3926 -0.9391 -0.125 -0.32 -0.0013 -0.6557 -0.0037 0.7504 -0.0833 -0.6597 -0.0206 0.7465 -0.084 -0.9133 0.2005 -0.3542 0.0156
-0.6597 0.1955 0.6075 0.3967 -0.6406 0.4828 0.5484 0.2363 -0.6706 0.355 0.5807 0.295 -0.7183 -0.2328 0.6511 0.0762 -0.5832 -0.2213 0.6838 -0.3785 -0.5892 -0.2575 0.6575 -0.3926 -0.9391 -0.125 -0.32 -0.0013 -0.6557 -0.0037 0.7504 -0.0833 -0.6672 -0.0239 0.7325 -0.1331 -0.9133 0.2005 -0.3542 0.0156
-0.6597 0.1955 0.6075 0.3967 -0.6406 0.4828 0.5484 0.2363 -0.6706 0.355 0.5807 0.295 -0.7183 -0.2328 0.6511 0.0762 -0.5832 -0.2213 0.6838 -0.3785 -0.5892 -0.2575 0.6575 -0.3926 -0.9386 -0.0862 -0.3328 0.0297 -0.6557 -0.0037 0.7504 -0.0833 -0.6672 -0.0239 0.7325 -0.1331 -0.9133 0.2005 -0.3542 0.0156
-0.6597 0.1955 0.6075 0.3967 -0.6406 0.4828 0.5484 0.2363 -0.6706 0.355 0.5807 0.295 -0.7183 -0.2328 0.6511 0.0762 -0.5832 -0.2213 0.6838 -0.3785 -0.5892 -0.2575 0.6575 -0.3926 -0.9386 -0.0862 -0.3328 0.0297 -0.6557 -0.0037 0.7504 -0.0833 -0.6672 -0.0239 0.7325 -0.1331 -0.9133 0.2005 -0.3542 0.0156
-0.6597 0.1955 0.6075 0.3967 -0.6406 0.4828 0.5484 0.2363 -0.6706 0.355 0.5807 0.295 -0.7183 -0.2328 0.6511 0.0762 -0.5832 -0.2213 0.6838 -0.3785 -0.5892 -0.2575 0.6575 -0.3926 -0.9386 -0.0862 -0.3328 0.0297 -0.6428 -1.0E-4 0.7511 -0.1506 -0.6672 -0.0239 0.7325 -0.1331 -0.9133 0.2005 -0.3542 0.0156
-0.6597 0.1955 0.6075 0.3967 -0.6419 0.4693 0.5471 0.2615 -0.6706 0.355 0.5807 0.295 -0.7183 -0.2328 0.6511 0.0762 -0.5832 -0.2213 0.6838 -0.3785 -0.5892 -0.2575 0.6575 -0.3926 -0.9386 -0.0862 -0.3328 0.0297 -0.6428 -1.0E-4 0.7511 -0.1506 -0.6672 -0.0239 0.7325 -0.1331 -0.9133 0.2005 -0.3542 0.0156
-0.6597 0.1955 0.6075 0.3967 -0.6419 0.4693 0.5471 0.2615 -0.6706 0.355 0.5807 0.295 -0.7183 -0.2328 0.6511 0.0762 -0.5832 -0.2213 0.6838 -0.3785 -0.5718 -0.3304 0.6334 -0.4034 -0.9386 -0.0862 -0.3328 0.0297 -0.6428 -1.0E-4 0.7511 -0.1506 -0.6672 -0.0239 0.7325 -0.1331 -0.9133 0.2005 -0.3542 0.0156
-0.6623 0.2056 0.6101 0.3833 -0.6419 0.4693 0.5471 0.2615 -0.6706 0.355 0.5807 0.295 -0.7192 -0.2277 0.6521 0.0753 -0.5612 -0.326 0.652 -0.392 -0.5718 -0.3304 0.6334 -0.4034 -0.9386 -0.0862 -0.3328 0.0297 -0.6428 -1.0E-4 0.7511 -0.1506 -0.6672 -0.0239 0.7325 -0.1331 -0.9133 0.2005 -0.3542 0.0156
-0.6623 0.2056 0.6101 0.3833 -0.6419 0.4693 0.5471 0.2615 -0.6706 0.355 0.5807 0.295 -0.7192 -0.2277 0.6521 0.0753 -0.5612 -0.326 0.652 -0.392 -0.5718 -0.3304 0.6334 -0.4034 -0.9386 -0.0862 -0.3328 0.0297 -0.6428 -1.0E-4 0.7511 -0.1506 -0.6672 -0.0239 0.7325 -0.1331 -0.9133 0.2005 -0.3542 0.0156
-0.6623 0.2056 0.6101 0.3833 -0.6419 0.4693 0.5471 0.2615 -0.6706 0.355 0.5807 0.295 -0.7192 -0.2277 0.6521 0.0753 -0.5612 -0.326 0.652 -0.392 -0.5718 -0.3304 0.6334 -0.4034 -0.9375 -0.0944 -0.3344 0.0203 -0.6428 -1.0E-4 0.7511 -0.1506 -0.6672 -0.0239 0.7325 -0.1331 -0.9133 0.2005 -0.3542 0.0156
-0.6623 0.2056 0.6101 0.3833 -0.6419 0.4693 0.5471 0.2615 -0.6706 0.355 0.5807 0.295 -0.7192 -0.2277 0.6521 0.0753 -0.5612 -0.326 0.652 -0.392 -0.5718 -0.3304 0.6334 -0.4034 -0.9375 -0.0944 -0.3344 0.0203 -0.6428 -1.0E-4 0.7511 -0.1506 -0.6672 -0.0239 0.7325 -0.1331 -0.9133 0.2005 -0.3542 0.0156
-0.6623 0.2056 0.6101 0.3833 -0.6419 0.4693 0.5471 0.2615 -0.6706 0.355 0.5807 0.295 -0.7192 -0.2277 0.6521 0.0753 -0.5612 -0.326 0.652 -0.392 -0.5718 -0.3304 0.6334 -0.4034 -0.9375 -0.0944 -0.3344 0.0203 -0.6642 -0.0587 0.7239 -0.1771 -0.6672 -0.0239 0.7325 -0.1331 -0.9133 0.2005 -0.3542 0.0156
-0.6623 0.2056 0.6101 0.3833 -0.643 0.4577 0.5541 0.2646 -0.6706 0.355 0.5807 0.295 -0.7192 -0.2277 0.6521 0.0753 -0.5612 -0.326 0.652 -0.392 -0.5718 -0.3304 0.6334 -0.4034 -0.9375 -0.0944 -0.3344 0.0203 -0.6642 -0.0587 0.7239 -0.1771 -0.6672 -0.0239 0.7325 -0.1331 -0.9133 0.2005 -0.3542 0.0156
-0.6623 0.2056 0.6101 0.3833 -0.643 0.4577 0.5541 0.2646 -0.6706 0.355 0.5807 0.295 -0.7192 -0.2277 0.6521 0.0753 -0.5612 -0.326 0.652 -0.392 -0.5718 -0.3304 0.6334 -0.4034 -0.9375 -0.0944 -0.3344 0.0203 -0.6642 -0.0587 0.7239 -0.1771 -0.6672 -0.0239 0.7325 -0.1331 -0.9133 0.2005 -0.3542 0.0156
-0.6623 0.2056 0.6101 0.3833 -0.643 0.4577 0.5541 0.2646 -0.6563 0.3535 0.585 0.3196 -0.7192 -0.2277 0.6521 0.0753 -0.5591 -0.3231 0.6699 -0.3662 -0.5718 -0.3304 0.6334 -0.4034 -0.9375 -0.0944 -0.3344 0.0203 -0.6642 -0.0587 0.7239 -0.1771 -0.6672 -0.0239 0.7325 -0.1331 -0.8577 0.2018 -0.4704 -0.0479
-0.6623 0.2056 0.6101 0.3833 -0.643 0.4577 0.5541 0.2646 -0.6563 0.3535 0.585 0.3196 -0.7192 -0.2277 0.6521 0.0753 -0.5591 -0.3231 0.6699 -0.3662 -0.5718 -0.3304 0.6334 -0.4034 -0.9375 -0.0944 -0.3344 0.0203 -0.6642 -0.0587 0.7239 -0.1771 -0.6353 0.0762 0.7132 -0.2863 -0.8577 0.2018 -0.4704 -0.0479
-0.6623 0.2056 0.6101 0.3833 -0.643 0.4577 0.5541 0.2646 -0.6563 0.3535 0.585 0.3196 -0.7192 -0.2277 0.6521 0.0753 -0.5591 -0.3231 0.6699 -0.3662 -0.5718 -0.3304 0.6334 -0.4034 -0.9373 -0.093 -0.3352 0.0237 -0.6642 -0.0587 0.7239 -0.1771 -0.6353 0.0762 0.7132 -0.2863 -0.8577 0.2018 -0.4704 -0.0479
-0.6623 0.2056 0.6101 0.3833 -0.643 0.4577 0.5541 0.2646 -0.6563 0.3535 0.585 0.3196 -0.7192 -0.2277 0.6521 0.0753 -0.5591 -0.3231 0.6699 -0.3662 -0.5718 -0.3304 0.6334 -0.4034 -0.9373 -0.093 -0.3352 0.0237 -0.6642 -0.0587 0.7239 -0.1771 -0.6353 0.0762 0.7132 -0.2863 -0.8577 0.2018 -0.4704 -0.0479
-0.6623 0.2056 0.6101 0.3833 -0.6541 0.4434 0.5756 0.2103 -0.6563 0.3535 0.585 0.3196 -0.7192 -0.2277 0.6521 0.0753 -0.5591 -0.3231 0.6699 -0.3662 -0.5718 -0.3304 0.6334 -0.4034 -0.9373 -0.093 -0.3352 0.0237 -0.6949 -0.0724 0.7066 -0.1123 -0.6353 0.0762 0.7132 -0.2863 -0.8577 0.2018 -0.4704 -0.0479
-0.6623 0.2056 0.6101 0.3833 -0.6541 0.4434 0.5756 0.2103 -0.6563 0.3535 0.585 0.3196 -0.7192 -0.2277 0.6521 0.0753 -0.5591 -0.3231 0.6699 -0.3662 -0.5718 -0.3304 0.6334 -0.4034 -0.9373 -0.093 -0.3352 0.0237 -0.6949 -0.0724 0.7066 -0.1123 -0.6353 0.0762 0.7132 -0.2863 -0.8577 0.2018 -0.4704 -0.0479
-0.6623 0.2056 0.6101 0.3833 -0.6541 0.4434 0.5756 0.2103 -0.6563 0.3535 0.585 0.3196 -0.7192 -0.2277 0.6521 0.0753 -0.5591 -0.3231 0.6699 -0.3662 -0.5718 -0.3304 0.6334 -0.4034 -0.9373 -0.093 -0.3352 0.0237 -0.6949 -0.0724 0.7066 -0.1123 -0.6353 0.0762 0.7132 -0.2863 -0.8577 0.2018 -0.4704 -0.0479
-0.6623 0.2056 0.6101 0.3833 -0.6541 0.4434 0.5756 0.2103 -0.6563 0.3535 0.585 0.3196 -0.7192 -0.2277 0.6521 0.0753 -0.5591 -0.3231 0.6699 -0.3662 -0.5718 -0.3304 0.6334 -0.4034 -0.9373 -0.093 -0.3352 0.0237 -0.6949 -0.0724 0.7066 -0.1123 -0.6353 0.0762 0.7132 -0.2863 -0.8577 0.2018 -0.4704 -0.0479
-0.6623 0.2056 0.6101 0.3833 -0.6541 0.4434 0.5756 0.2103 -0.6563 0.3535 0.585 0.3196 -0.7192 -0.2277 0.6521 0.0753 -0.5591 -0.3231 0.6699 -0.3662 -0.5718 -0.3304 0.6334 -0.4034 -0.9373 -0.093 -0.3352 0.0237 -0.6949 -0.0724 0.7066 -0.1123 -0.6317 0.0488 0.6968 -0.3362 -0.8577 0.2018 -0.4704 -0.0479
-0.6623 0.2056 0.6101 0.3833 -0.6541 0.4434 0.5756 0.2103 -0.6563 0.3535 0.585 0.3196 -0.7192 -0.2277 0.6521 0.0753 -0.5591 -0.3231 0.6699 -0.3662 -0.5718 -0.3304 0.6334 -0.4034 -0.9373 -0.0907 -0.3353 0.0288 -0.6949 -0.0724 0.7066 -0.1123 -0.6317 0.0488 0.6968 -0.3362 -0.8577 0.2018 -0.4704 -0.0479
-0.6623 0.2056 0.6101 0.3833 -0.6541 0.4434 0.5756 0.2103 -0.6563 0.3535 0.585 0.3196 -0.7192 -0.2277 0.6521 0.0753 -0.5591 -0.3231 0.6699 -0.3662 -0.5718 -0.3304 0.6334 -0.4034 -0.9373 -0.0907 -0.3353 0.0288 -0.6949 -0.0724 0.7066 -0.1123 -0.6317 0.0488 0.6968 -0.3362 -0.8577 0.2018 -0.4704 -0.0479
-0.6623 0.2056 0.6101 0.3833 -0.6541 0.4434 0.5756 0.2103 -0.6563 0.3535 0.585 0.3196 -0.7192 -0.2277 0.6521 0.0753 -0.5591 -0.3231 0.6699 -0.3662 -0.5718 -0.3304 0.6334 -0.4034 -0.9373 -0.0907 -0.3353 0.0288 -0.7098 -0.0757 0.6989 -0.0441 -0.6317 0.0488 0.6968 -0.3362 -0.8577 0.2018 -0.4704 -0.0479
-0.6623 0.2056 0.6101 0.3833 -0.6397 0.4734 0.5756 0.1878 -0.6563 0.3535 0.585 0.3196 -0.7192 -0.2277 0.6521 0.0753 -0.5591 -0.3231 0.6699 -0.3662 -0.5718 -0.3304 0.6334 -0.4034 -0.9373 -0.0907 -0.3353 0.0288 -0.7098 -0.0757 0.6989 -0.0441 -0.6317 0.0488 0.6968 -0.3362 -0.8577 0.2018 -0.4704 -0.0479
-0.6623 0.2056 0.6101 0.3833 -0.6397 0.4734 0.5756 0.1878 -0.6563 0.3535 0.585 0.3196 -0.7192 -0.2277 0.6521 0.0753 -0.5591 -0.3231 0.6699 -0.3662 -0.5718 -0.3304 0.6334 -0.4034 -0.9373 -0.0907 -0.3353 0.0288 -0.7098 -0.0757 0.6989 -0.0441 -0.6317 0.0488 0.6968 -0.3362 -0.8577 0.2018 -0.4704 -0.0479
-0.6663 0.1483 0.6284 0.373 -0.6397 0.4734 0.5756 0.1878 -0.6563 0.3535 0.585 0.3196 -0.7376 -0.1843 0.6458 0.0709 -0.58 -0.267 0.7117 -0.293 -0.6229 -0.3824 0.5924 -0.339 -0.9373 -0.0907 -0.3353 0.0288 -0.7098 -0.0757 0.6989 -0.0441 -0.6317 0.0488 0.6968 -0.3362 -0.8577 0.2018 -0.4704 -0.0479
-0.6663 0.1483 0.6284 0.373 -0.6397 0.4734 0.5756 0.1878 -0.6563 0.3535 0.585 0.3196 -0.7376 -0.1843 0.6458 0.0709 -0.58 -0.267 0.7117 -0.293 -0.6229 -0.3824 0.5924 -0.339 -0.9373 -0.0907 -0.3353 0.0288 -0.7098 -0.0757 0.6989 -0.0441 -0.6672 -0.0421 0.7051 -0.2366 -0.8577 0.2018 -0.4704 -0.0479
-0.6663 0.1483 0.6284 0.373 -0.6397 0.4734 0.5756 0.1878 -0.6563 0.3535 0.585 0.3196 -0.7376 -0.1843 0.6458 0.0709 -0.58 -0.267 0.7117 -0.293 -0.6229 -0.3824 0.5924 -0.339 -0.9375 -0.0893 -0.3347 0.0333 -0.7098 -0.0757 0.6989 -0.0441 -0.6672 -0.0421 0.7051 -0.2366 -0.8577 0.2018 -0.4704 -0.0479
-0.6663 0.1483 0.6284 0.373 -0.6397 0.4734 0.5756 0.1878 -0.6563 0.3535 0.585 0.3196 -0.7376 -0.1843 0.6458 0.0709 -0.58 -0.267 0.7117 -0.293 -0.6229 -0.3824 0.5924 -0.339 -0.9375 -0.0893 -0.3347 0.0333 -0.7098 -0.0757 0.6989 -0.0441 -0.6672 -0.0421 0.7051 -0.2366 -0.8577 0.2018 -0.4704 -0.0479
-0.6663 0.1483 0.6284 0.373 -0.6397 0.4734 0.5756 0.1878 -0.6563 0.3535 0.585 0.3196 -0.7376 -0.1843 0.6458 0.0709 -0.58 -0.267 0.7117 -0.293 -0.6229 -0.3824 0.5924 -0.339 -0.9375 -0.0893 -0.3347 0.0333 -0.7213 -0.0533 0.69 0.0268 -0.6672 -0.0421 0.7051 -0.2366 -0.8577 0.2018 -0.4704 -0.0479
-0.6663 0.1483 0.6284 0.373 -0.6397 0.4734 0.5756 0.1878 -0.6563 0.3535 0.585 0.3196 -0.7376 -0.1843 0.6458 0.0709 -0.58 -0.267 0.7117 -0.293 -0.6229 -0.3824 0.5924 -0.339 -0.9375 -0.0893 -0.3347 0.0333 -0.7213 -0.0533 0.69 0.0268 -0.6672 -0.0421 0.7051 -0.2366 -0.8577 0.2018 -0.4704 -0.0479
-0.6663 0.1483 0.6284 0.373 -0.6397 0.4734 0.5756 0.1878 -0.6563 0.3535 0.585 0.3196 -0.7376 -0.1843 0.6458 0.0709 -0.58 -0.267 0.7117 -0.293 -0.6229 -0.3824 0.5924 -0.339 -0.9375 -0.0893 -0.3347 0.0333 -0.7213 -0.0533 0.69 0.0268 -0.6672 -0.0421 0.7051 -0.2366 -0.8577 0.2018 -0.4704 -0.0479
-0.6643 0.133 0.6345 0.3722 -0.6391 0.4703 0.5833 0.1735 -0.6623 0.4066 0.5649 0.2772 -0.7484 -0.1787 0.6353 0.0659 -0.596 -0.2657 0.7109 -0.2623 -0.6348 -0.3813 0.5864 -0.3281 -0.9375 -0.0893 -0.3347 0.0333 -0.7213 -0.0533 0.69 0.0268 -0.6672 -0.0421 0.7051 -0.2366 -0.9118 0.2136 -0.3389 -0.0898
-0.6643 0.133 0.6345 0.3722 -0.6391 0.4703 0.5833 0.1735 -0.6623 0.4066 0.5649 0.2772 -0.7484 -0.1787 0.6353 0.0659 -0.596 -0.2657 0.7109 -0.2623 -0.6348 -0.3813 0.5864 -0.3281 -0.9375 -0.0893 -0.3347 0.0333 -0.7213 -0.0533 0.69 0.0268 -0.7015 -0.0959 0.7045 -0.0494 -0.9118 0.2136 -0.3389 -0.0898
-0.6643 0.133 0.6345 0.3722 -0.6391 0.4703 0.5833 0.1735 -0.6623 0.4066 0.5649 0.2772 -0.7484 -0.1787 0.6353 0.0659 -0.596 -0.2657 0.7109 -0.2623 -0.6348 -0.3813 0.5864 -0.3281 -0.9377 -0.0888 -0.3342 0.0343 -0.7213 -0.0533 0.69 0.0268 -0.7015 -0.0959 0.7045 -0.0494 -0.9118 0.2136 -0.3389 -0.0898
-0.6643 0.133 0.6345 0.3722 -0.6391 0.4703 0.5833 0.1735 -0.6623 0.4066 0.5649 0.2772 -0.7484 -0.1787 0.6353 0.0659 -0.596 -0.2657 0.7109 -0.2623 -0.6348 -0.3813 0.5864 -0.3281 -0.9377 -0.0888 -0.3342 0.0343 -0.7213 -0.0533 0.69 0.0268 -0.7015 -0.0959 0.7045 -0.0494 -0.9118 0.2136 -0.3389 -0.0898
-0.6643 0.133 0.6345 0.3722 -0.6391 0.4703 0.5833 0.1735 -0.6623 0.4066 0.5649 0.2772 -0.7484 -0.1787 0.6353 0.0659 -0.596 -0.2657 0.7109 -0.2623 -0.6348 -0.3813 0.5864 -0.3281 -0.9377 -0.0888 -0.3342 0.0343 -0.7264 -0.0284 0.684 0.0609 -0.7015 -0.0959 0.7045 -0.0494 -0.9118 0.2136 -0.3389 -0.0898
-0.6643 0.133 0.6345 0.3722 -0.6373 0.4653 0.5884 0.1764 -0.6623 0.4066 0.5649 0.2772 -0.7484 -0.1787 0.6353 0.0659 -0.596 -0.2657 0.7109 -0.2623 -0.6348 -0.3813 0.5864 -0.3281 -0.9377 -0.0888 -0.3342 0.0343 -0.7264 -0.0284 0.684 0.0609 -0.7015 -0.0959 0.7045 -0.0494 -0.9118 0.2136 -0.3389 -0.0898
-0.6643 0.133 0.6345 0.3722 -0.6373 0.4653 0.5884 0.1764 -0.6623 0.4066 0.5649 0.2772 -0.7484 -0.1787 0.6353 0.0659 -0.596 -0.2657 0.7109 -0.2623 -0.6578 -0.3763 0.5736 -0.3109 -0.9377 -0.0888 -0.3342 0.0343 -0.7264 -0.0284 0.684 0.0609 -0.7015 -0.0959 0.7045 -0.0494 -0.9118 0.2136 -0.3389 -0.0898
-0.6625 0.1364 0.6351 0.373 -0.6373 0.4653 0.5884 0.1764 -0.6623 0.4066 0.5649 0.2772 -0.7521 -0.1695 0.6337 0.0629 -0.6189 -0.2578 0.7072 -0.2246 -0.6578 -0.3763 0.5736 -0.3109 -0.9377 -0.0888 -0.3342 0.0343 -0.7264 -0.0284 0.684 0.0609 -0.7015 -0.0959 0.7045 -0.0494 -0.9118 0.2136 -0.3389 -0.0898
-0.6625 0.1364 0.6351 0.373 -0.6373 0.4653 0.5884 0.1764 -0.6623 0.4066 0.5649 0.2772 -0.7521 -0.1695 0.6337 0.0629 -0.6189 -0.2578 0.7072 -0.2246 -0.6578 -0.3763 0.5736 -0.3109 -0.9377 -0.0888 -0.3342 0.0343 -0.7264 -0.0284 0.684 0.0609 -0.707 -0.1145 0.6945 0.0687 -0.9118 0.2136 -0.3389 -0.0898
-0.6625 0.1364 0.6351 0.373 -0.6373 0.4653 0.5884 0.1764 -0.6623 0.4066 0.5649 0.2772 -0.7521 -0.1695 0.6337 0.0629 -0.6189 -0.2578 0.7072 -0.2246 -0.6578 -0.3763 0.5736 -0.3109 -0.9362 -0.0902 -0.3379 0.036 -0.7264 -0.0284 0.684 0.0609 -0.707 -0.1145 0.6945 0.0687 -0.9118 0.2136 -0.3389 -0.0898
-0.6625 0.1364 0.6351 0.373 -0.6373 0.4653 0.5884 0.1764 -0.6623 0.4066 0.5649 0.2772 -0.7521 -0.1695 0.6337 0.0629 -0.6189 -0.2578 0.7072 -0.2246 -0.6578 -0.3763 0.5736 -0.3109 -0.9362 -0.0902 -0.3379 0.036 -0.7264 -0.0284 0.684 0.0609 -0.707 -0.1145 0.6945 0.0687 -0.9118 0.2136 -0.3389 -0.0898
-0.6625 0.1364 0.6351 0.373 -0.6373 0.4653 0.5884 0.1764 -0.6623 0.4066 0.5649 0.2772 -0.7521 -0.1695 0.6337 0.0629 -0.6189 -0.2578 0.7072 -0.2246 -0.6578 -0.3763 0.5736 -0.3109 -0.9362 -0.0902 -0.3379 0.036 -0.7204 -0.0149 0.689 0.0782 -0.707 -0.1145 0.6945 0.0687 -0.9118 0.2136 -0.3389 -0.0898
-0.6625 0.1364 0.6351 0.373 -0.6373 0.4653 0.5884 0.1764 -0.6623 0.4066 0.5649 0.2772 -0.7521 -0.1695 0.6337 0.0629 -0.6189 -0.2578 0.7072 -0.2246 -0.6578 -0.3763 0.5736 -0.3109 -0.9362 -0.0902 -0.3379 0.036 -0.7204 -0.0149 0.689 0.0782 -0.707 -0.1145 0.6945 0.0687 -0.9118 0.2136 -0.3389 -0.0898
-0.6625 0.1364 0.6351 0.373 -0.6373 0.4653 0.5884 0.1764 -0.6623 0.4066 0.5649 0.2772 -0.7521 -0.1695 0.6337 0.0629 -0.6189 -0.2578 0.7072 -0.2246 -0.6578 -0.3763 0.5736 -0.3109 -0.9362 -0.0902 -0.3379 0.036 -0.7204 -0.0149 0.689 0.0782 -0.707 -0.1145 0.6945 0.0687 -0.9118 0.2136 -0.3389 -0.0898
-0.668 0.1469 0.6268 0.3732 -0.6396 0.4633 0.5865 0.18 -0.6611 0.3953 0.5729 0.2801 -0.7476 -0.1737 0.6391 0.0497 -0.6331 -0.247 0.7064 -0.1981 -0.7034 -0.3773 0.5343 -0.2781 -0.9362 -0.0902 -0.3379 0.036 -0.7204 -0.0149 0.689 0.0782 -0.707 -0.1145 0.6945 0.0687 -0.9332 0.2219 -0.2823 -0.0141
-0.668 0.1469 0.6268 0.3732 -0.6396 0.4633 0.5865 0.18 -0.6611 0.3953 0.5729 0.2801 -0.7476 -0.1737 0.6391 0.0497 -0.6331 -0.247 0.7064 -0.1981 -0.7034 -0.3773 0.5343 -0.2781 -0.9362 -0.0902 -0.3379 0.036 -0.7204 -0.0149 0.689 0.0782 -0.6898 -0.1083 0.7158 0.0098 -0.9332 0.2219 -0.2823 -0.0141
-0.668 0.1469 0.6268 0.3732 -0.6396 0.4633 0.5865 0.18 -0.6611 0.3953 0.5729 0.2801 -0.7476 -0.1737 0.6391 0.0497 -0.6331 -0.247 0.7064 -0.1981 -0.7034 -0.3773 0.5343 -0.2781 -0.9362 -0.0902 -0.3379 0.036 -0.7204 -0.0149 0.689 0.0782 -0.6898 -0.1083 0.7158 0.0098 -0.9332 0.2219 -0.2823 -0.0141
-0.668 0.1469 0.6268 0.3732 -0.6396 0.4633 0.5865 0.18 -0.6611 0.3953 0.5729 0.2801 -0.7476 -0.1737 0.6391 0.0497 -0.6331 -0.247 0.7064 -0.1981 -0.7034 -0.3773 0.5343 -0.2781 -0.9114 -0.0953 -0.3968 0.0522 -0.7204 -0.0149 0.689 0.0782 -0.6898 -0.1083 0.7158 0.0098 -0.9332 0.2219 -0.2823 -0.0141
-0.668 0.1469 0.6268 0.3732 -0.6396 0.4633 0.5865 0.18 -0.6611 0.3953 0.5729 0.2801 -0.7476 -0.1737 0.6391 0.0497 -0.6331 -0.247 0.7064 -0.1981 -0.7034 -0.3773 0.5343 -0.2781 -0.9114 -0.0953 -0.3968 0.0522 -0.7071 -0.0115 0.7042 0.0636 -0.6898 -0.1083 0.7158 0.0098 -0.9332 0.2219 -0.2823 -0.0141
-0.668 0.1469 0.6268 0.3732 -0.6381 0.4814 0.5701 0.1899 -0.6611 0.3953 0.5729 0.2801 -0.7476 -0.1737 0.6391 0.0497 -0.6331 -0.247 0.7064 -0.1981 -0.7034 -0.3773 0.5343 -0.2781 -0.9114 -0.0953 -0.3968 0.0522 -0.7071 -0.0115 0.7042 0.0636 -0.6898 -0.1083 0.7158 0.0098 -0.9332 0.2219 -0.2823 -0.0141
-0.668 0.1469 0.6268 0.3732 -0.6381 0.4814 0.5701 0.1899 -0.6611 0.3953 0.5729 0.2801 -0.7476 -0.1737 0.6391 0.0497 -0.6331 -0.247 0.7064 -0.1981 -0.7034 -0.3773 0.5343 -0.2781 -0.9114 -0.0953 -0.3968 0.0522 -0.7071 -0.0115 0.7042 0.0636 -0.6898 -0.1083 0.7158 0.0098 -0.9332 0.2219 -0.2823 -0.0141
-0.6597 0.1871 0.6188 0.3832 -0.6381 0.4814 0.5701 0.1899 -0.646 0.3915 0.5735 0.3171 -0.7444 -0.1583 0.6456 0.0635 -0.6281 -0.1881 0.7136 -0.247 -0.7713 -0.4017 0.4527 -0.1969 -0.9114 -0.0953 -0.3968 0.0522 -0.7071 -0.0115 0.7042 0.0636 -0.6898 -0.1083 0.7158 0.0098 -0.9191 0.2202 -0.3266 0.0029
-0.6597 0.1871 0.6188 0.3832 -0.6381 0.4814 0.5701 0.1899 -0.646 0.3915 0.5735 0.3171 -0.7444 -0.1583 0.6456 0.0635 -0.6281 -0.1881 0.7136 -0.247 -0.7713 -0.4017 0.4527 -0.1969 -0.9114 -0.0953 -0.3968 0.0522 -0.7071 -0.0115 0.7042 0.0636 -0.673 -0.0743 0.7358 -0.0128 -0.9191 0.2202 -0.3266 0.0029
-0.6597 0.1871 0.6188 0.3832 -0.6381 0.4814 0.5701 0.1899 -0.646 0.3915 0.5735 0.3171 -0.7444 -0.1583 0.6456 0.0635 -0.6281 -0.1881 0.7136 -0.247 -0.7713 -0.4017 0.4527 -0.1969 -0.8301 -0.0721 -0.5358 0.1365 -0.7071 -0.0115 0.7042 0.0636 -0.673 -0.0743 0.7358 -0.0128 -0.9191 0.2202 -0.3266 0.0029
-0.6597 0.1871 0.6188 0.3832 -0.6381 0.4814 0.5701 0.1899 -0.646 0.3915 0.5735 0.3171 -0.7444 -0.1583 0.6456 0.0635 -0.6281 -0.1881 0.7136 -0.247 -0.7713 -0.4017 0.4527 -0.1969 -0.8301 -0.0721 -0.5358 0.1365 -0.7071 -0.0115 0.7042 0.0636 -0.673 -0.0743 0.7358 -0.0128 -0.9191 0.2202 -0.3266 0.0029
-0.6597 0.1871 0.6188 0.3832 -0.6381 0.4814 0.5701 0.1899 -0.646 0.3915 0.5735 0.3171 -0.7444 -0.1583 0.6456 0.0635 -0.6281 -0.1881 0.7136 -0.247 -0.7713 -0.4017 0.4527 -0.1969 -0.8301 -0.0721 -0.5358 0.1365 -0.6903 -0.0053 0.7231 0.025 -0.673 -0.0743 0.7358 -0.0128 -0.9191 0.2202 -0.3266 0.0029
-0.6597 0.1871 0.6188 0.3832 -0.6381 0.4814 0.5701 0.1899 -0.646 0.3915 0.5735 0.3171 -0.7444 -0.1583 0.6456 0.0635 -0.6281 -0.1881 0.7136 -0.247 -0.7713 -0.4017 0.4527 -0.1969 -0.8301 -0.0721 -0.5358 0.1365 -0.6903 -0.0053 0.7231 0.025 -0.673 -0.0743 0.7358 -0.0128 -0.9191 0.2202 -0.3266 0.0029
-0.6597 0.1871 0.6188 0.3832 -0.629 0.5087 0.5592 0.1813 -0.6429 0.3967 0.5594 0.3409 -0.7444 -0.1583 0.6456 0.0635 -0.6042 -0.1483 0.7197 -0.3082 -0.7957 -0.3655 0.4559 -0.1596 -0.8301 -0.0721 -0.5358 0.1365 -0.6903 -0.0053 0.7231 0.025 -0.673 -0.0743 0.7358 -0.0128 -0.9131 0.2039 -0.353 -0.0042
-0.6597 0.1871 0.6188 0.3832 -0.629 0.5087 0.5592 0.1813 -0.6429 0.3967 0.5594 0.3409 -0.7304 -0.151 0.6558 0.1168 -0.6042 -0.1483 0.7197 -0.3082 -0.7957 -0.3655 0.4559 -0.1596 -0.8301 -0.0721 -0.5358 0.1365 -0.6903 -0.0053 0.7231 0.025 -0.673 -0.0743 0.7358 -0.0128 -0.9131 0.2039 -0.353 -0.0042
-0.6597 0.1871 0.6188 0.3832 -0.629 0.5087 0.5592 0.1813 -0.6429 0.3967 0.5594 0.3409 -0.7304 -0.151 0.6558 0.1168 -0.6042 -0.1483 0.7197 -0.3082 -0.7957 -0.3655 0.4559 -0.1596 -0.8301 -0.0721 -0.5358 0.1365 -0.6903 -0.0053 0.7231 0.025 -0.6644 -0.0609 0.744 -0.035 -0.9131 0.2039 -0.353 -0.0042
-0.6597 0.1871 0.6188 0.3832 -0.629 0.5087 0.5592 0.1813 -0.6429 0.3967 0.5594 0.3409 -0.7304 -0.151 0.6558 0.1168 -0.6042 -0.1483 0.7197 -0.3082 -0.7957 -0.3655 0.4559 -0.1596 -0.8785 -0.1016 -0.4494 0.1266 -0.6903 -0.0053 0.7231 0.025 -0.6644 -0.0609 0.744 -0.035 -0.9131 0.2039 -0.353 -0.0042
-0.6597 0.1871 0.6188 0.3832 -0.629 0.5087 0.5592 0.1813 -0.6429 0.3967 0.5594 0.3409 -0.7304 -0.151 0.6558 0.1168 -0.6042 -0.1483 0.7197 -0.3082 -0.7957 -0.3655 0.4559 -0.1596 -0.8785 -0.1016 -0.4494 0.1266 -0.6903 -0.0053 0.7231 0.025 -0.6644 -0.0609 0.744 -0.035 -0.9131 0.2039 -0.353 -0.0042
-0.6597 0.1871 0.6188 0.3832 -0.629 0.5087 0.5592 0.1813 -0.6429 0.3967 0.5594 0.3409 -0.7304 -0.151 0.6558 0.1168 -0.6042 -0.1483 0.7197 -0.3082 -0.7957 -0.3655 0.4559 -0.1596 -0.8785 -0.1016 -0.4494 0.1266 -0.6777 -0.0085 0.7354 0.0038 -0.6644 -0.0609 0.744 -0.035 -0.9131 0.2039 -0.353 -0.0042
-0.6597 0.1871 0.6188 0.3832 -0.629 0.5087 0.5592 0.1813 -0.6429 0.3967 0.5594 0.3409 -0.7304 -0.151 0.6558 0.1168 -0.6042 -0.1483 0.7197 -0.3082 -0.7957 -0.3655 0.4559 -0.1596 -0.8785 -0.1016 -0.4494 0.1266 -0.6777 -0.0085 0.7354 0.0038 -0.6644 -0.0609 0.744 -0.035 -0.9131 0.2039 -0.353 -0.0042
-0.6597 0.1871 0.6188 0.3832 -0.6196 0.5185 0.5524 0.2053 -0.636 0.3928 0.5549 0.3651 -0.7304 -0.151 0.6558 0.1168 -0.6042 -0.1483 0.7197 -0.3082 -0.709 -0.3392 0.5522 -0.2779 -0.8785 -0.1016 -0.4494 0.1266 -0.6777 -0.0085 0.7354 0.0038 -0.6644 -0.0609 0.744 -0.035 -0.9095 0.1987 -0.365 -0.011
-0.6563 0.2015 0.6174 0.3842 -0.6196 0.5185 0.5524 0.2053 -0.636 0.3928 0.5549 0.3651 -0.7304 -0.151 0.6558 0.1168 -0.6042 -0.1483 0.7197 -0.3082 -0.709 -0.3392 0.5522 -0.2779 -0.8785 -0.1016 -0.4494 0.1266 -0.6777 -0.0085 0.7354 0.0038 -0.6644 -0.0609 0.744 -0.035 -0.9095 0.1987 -0.365 -0.011
-0.6563 0.2015 0.6174 0.3842 -0.6196 0.5185 0.5524 0.2053 -0.636 0.3928 0.5549 0.3651 -0.7304 -0.151 0.6558 0.1168 -0.6042 -0.1483 0.7197 -0.3082 -0.709 -0.3392 0.5522 -0.2779 -0.8785 -0.1016 -0.4494 0.1266 -0.6777 -0.0085 0.7354 0.0038 -0.6614 -0.0491 0.7457 -0.0637 -0.9095 0.1987 -0.365 -0.011
-0.6563 0.2015 0.6174 0.3842 -0.6196 0.5185 0.5524 0.2053 -0.636 0.3928 0.5549 0.3651 -0.7304 -0.151 0.6558 0.1168 -0.6042 -0.1483 0.7197 -0.3082 -0.709 -0.3392 0.5522 -0.2779 -0.9326 -0.1117 -0.3413 0.0352 -0.6777 -0.0085 0.7354 0.0038 -0.6614 -0.0491 0.7457 -0.0637 -0.9095 0.1987 -0.365 -0.011
-0.6563 0.2015 0.6174 0.3842 -0.6196 0.5185 0.5524 0.2053 -0.636 0.3928 0.5549 0.3651 -0.7304 -0.151 0.6558 0.1168 -0.6042 -0.1483 0.7197 -0.3082 -0.709 -0.3392 0.5522 -0.2779 -0.9326 -0.1117 -0.3413 0.0352 -0.6777 -0.0085 0.7354 0.0038 -0.6614 -0.0491 0.7457 -0.0637 -0.9095 0.1987 -0.365 -0.011
-0.6563 0.2015 0.6174 0.3842 -0.6196 0.5185 0.5524 0.2053 -0.636 0.3928 0.5549 0.3651 -0.7304 -0.151 0.6558 0.1168 -0.6042 -0.1483 0.7197 -0.3082 -0.709 -0.3392 0.5522 -0.2779 -0.9326 -0.1117 -0.3413 0.0352 -0.6704 -0.0206 0.7408 -0.0364 -0.6614 -0.0491 0.7457 -0.0637 -0.9095 0.1987 -0.365 -0.011
-0.6563 0.2015 0.6174 0.3842 -0.6196 0.5185 0.5524 0.2053 -0.636 0.3928 0.5549 0.3651 -0.7304 -0.151 0.6558 0.1168 -0.6042 -0.1483 0.7197 -0.3082 -0.709 -0.3392 0.5522 -0.2779 -0.9326 -0.1117 -0.3413 0.0352 -0.6704 -0.0206 0.7408 -0.0364 -0.6614 -0.0491 0.7457 -0.0637 -0.9095 0.1987 -0.365 -0.011
-0.6563 0.2015 0.6174 0.3842 -0.623 0.5109 0.5591 0.1954 -0.6393 0.3884 0.5519 0.3686 -0.7304 -0.151 0.6558 0.1168 -0.5899 -0.2043 0.6878 -0.3703 -0.6322 -0.2866 0.6194 -0.3668 -0.9326 -0.1117 -0.3413 0.0352 -0.6704 -0.0206 0.7408 -0.0364 -0.6614 -0.0491 0.7457 -0.0637 -0.9084 0.2018 -0.3658 -0.012
-0.6563 0.2015 0.6174 0.3842 -0.623 0.5109 0.5591 0.1954 -0.6393 0.3884 0.5519 0.3686 -0.7304 -0.151 0.6558 0.1168 -0.5899 -0.2043 0.6878 -0.3703 -0.6322 -0.2866 0.6194 -0.3668 -0.9326 -0.1117 -0.3413 0.0352 -0.6704 -0.0206 0.7408 -0.0364 -0.6614 -0.0491 0.7457 -0.0637 -0.9084 0.2018 -0.3658 -0.012
-0.6563 0.2015 0.6174 0.3842 -0.623 0.5109 0.5591 0.1954 -0.6393 0.3884 0.5519 0.3686 -0.7304 -0.151 0.6558 0.1168 -0.5899 -0.2043 0.6878 -0.3703 -0.6322 -0.2866 0.6194 -0.3668 -0.9326 -0.1117 -0.3413 0.0352 -0.6704 -0.0206 0.7408 -0.0364 -0.6614 -0.0491 0.7457 -0.0637 -0.9084 0.2018 -0.3658 -0.012
-0.6563 0.2015 0.6174 0.3842 -0.623 0.5109 0.5591 0.1954 -0.6393 0.3884 0.5519 0.3686 -0.7304 -0.151 0.6558 0.1168 -0.5899 -0.2043 0.6878 -0.3703 -0.6322 -0.2866 0.6194 -0.3668 -0.9444 -0.0933 -0.3152 3.0E-4 -0.6704 -0.0206 0.7408 -0.0364 -0.663 -0.0465 0.741 -0.0966 -0.9084 0.2018 -0.3658 -0.012
-0.6563 0.2015 0.6174 0.3842 -0.623 0.5109 0.5591 0.1954 -0.6393 0.3884 0.5519 0.3686 -0.7304 -0.151 0.6558 0.1168 -0.5899 -0.2043 0.6878 -0.3703 -0.6322 -0.2866 0.6194 -0.3668 -0.9444 -0.0933 -0.3152 3.0E-4 -0.6674 -0.0239 0.7381 -0.0963 -0.663 -0.0465 0.741 -0.0966 -0.9084 0.2018 -0.3658 -0.012
-0.6563 0.2015 0.6174 0.3842 -0.627 0.514 0.5567 0.181 -0.6393 0.3884 0.5519 0.3686 -0.7304 -0.151 0.6558 0.1168 -0.5899 -0.2043 0.6878 -0.3703 -0.6322 -0.2866 0.6194 -0.3668 -0.9444 -0.0933 -0.3152 3.0E-4 -0.6674 -0.0239 0.7381 -0.0963 -0.663 -0.0465 0.741 -0.0966 -0.9084 0.2018 -0.3658 -0.012
-0.6563 0.2015 0.6174 0.3842 -0.627 0.514 0.5567 0.181 -0.6393 0.3884 0.5519 0.3686 -0.7304 -0.151 0.6558 0.1168 -0.5899 -0.2043 0.6878 -0.3703 -0.6322 -0.2866 0.6194 -0.3668 -0.9444 -0.0933 -0.3152 3.0E-4 -0.6674 -0.0239 0.7381 -0.0963 -0.663 -0.0465 0.741 -0.0966 -0.9084 0.2018 -0.3658 -0.012
-0.6563 0.2015 0.6174 0.3842 -0.627 0.514 0.5567 0.181 -0.6421 0.3882 0.5496 0.3673 -0.7304 -0.151 0.6558 0.1168 -0.5899 -0.2043 0.6878 -0.3703 -0.6005 -0.2947 0.624 -0.4039 -0.9444 -0.0933 -0.3152 3.0E-4 -0.6674 -0.0239 0.7381 -0.0963 -0.663 -0.0465 0.741 -0.0966 -0.9041 0.2187 -0.3672 -0.0077
-0.6571 0.2252 0.6059 0.3878 -0.627 0.514 0.5567 0.181 -0.6421 0.3882 0.5496 0.3673 -0.7013 -0.1708 0.675 0.153 -0.5819 -0.2596 0.6658 -0.3881 -0.6005 -0.2947 0.624 -0.4039 -0.9444 -0.0933 -0.3152 3.0E-4 -0.6674 -0.0239 0.7381 -0.0963 -0.663 -0.0465 0.741 -0.0966 -0.9041 0.2187 -0.3672 -0.0077
-0.6571 0.2252 0.6059 0.3878 -0.627 0.514 0.5567 0.181 -0.6421 0.3882 0.5496 0.3673 -0.7013 -0.1708 0.675 0.153 -0.5819 -0.2596 0.6658 -0.3881 -0.6005 -0.2947 0.624 -0.4039 -0.9444 -0.0933 -0.3152 3.0E-4 -0.6674 -0.0239 0.7381 -0.0963 -0.676 -0.0593 0.7183 -0.1539 -0.9041 0.2187 -0.3672 -0.0077
-0.6571 0.2252 0.6059 0.3878 -0.627 0.514 0.5567 0.181 -0.6421 0.3882 0.5496 0.3673 -0.7013 -0.1708 0.675 0.153 -0.5819 -0.2596 0.6658 -0.3881 -0.6005 -0.2947 0.624 -0.4039 -0.9377 -0.0842 -0.3372 0.0036 -0.6674 -0.0239 0.7381 -0.0963 -0.676 -0.0593 0.7183 -0.1539 -0.9041 0.2187 -0.3672 -0.0077
-0.6571 0.2252 0.6059 0.3878 -0.627 0.514 0.5567 0.181 -0.6421 0.3882 0.5496 0.3673 -0.7013 -0.1708 0.675 0.153 -0.5819 -0.2596 0.6658 -0.3881 -0.6005 -0.2947 0.624 -0.4039 -0.9377 -0.0842 -0.3372 0.0036 -0.6674 -0.0239 0.7381 -0.0963 -0.676 -0.0593 0.7183 -0.1539 -0.9041 0.2187 -0.3672 -0.0077
-0.6571 0.2252 0.6059 0.3878 -0.627 0.514 0.5567 0.181 -0.6421 0.3882 0.5496 0.3673 -0.7013 -0.1708 0.675 0.153 -0.5819 -0.2596 0.6658 -0.3881 -0.6005 -0.2947 0.624 -0.4039 -0.9377 -0.0842 -0.3372 0.0036 -0.6748 -0.0952 0.7019 -0.2072 -0.676 -0.0593 0.7183 -0.1539 -0.9041 0.2187 -0.3672 -0.0077
-0.6571 0.2252 0.6059 0.3878 -0.627 0.514 0.5567 0.181 -0.6421 0.3882 0.5496 0.3673 -0.7013 -0.1708 0.675 0.153 -0.5819 -0.2596 0.6658 -0.3881 -0.6005 -0.2947 0.624 -0.4039 -0.9377 -0.0842 -0.3372 0.0036 -0.6748 -0.0952 0.7019 -0.2072 -0.676 -0.0593 0.7183 -0.1539 -0.9041 0.2187 -0.3672 -0.0077
-0.6571 0.2252 0.6059 0.3878 -0.6018 0.5526 0.5339 0.2181 -0.6445 0.3824 0.5419 0.3803 -0.7013 -0.1708 0.675 0.153 -0.5819 -0.2596 0.6658 -0.3881 -0.5911 -0.339 0.6181 -0.3921 -0.9377 -0.0842 -0.3372 0.0036 -0.6748 -0.0952 0.7019 -0.2072 -0.676 -0.0593 0.7183 -0.1539 -0.9089 0.2169 -0.3558 -0.016
-0.6252 0.2867 0.5823 0.4334 -0.6018 0.5526 0.5339 0.2181 -0.6445 0.3824 0.5419 0.3803 -0.6809 -0.2009 0.6772 0.1931 -0.5819 -0.2596 0.6658 -0.3881 -0.5911 -0.339 0.6181 -0.3921 -0.9377 -0.0842 -0.3372 0.0036 -0.6748 -0.0952 0.7019 -0.2072 -0.676 -0.0593 0.7183 -0.1539 -0.9089 0.2169 -0.3558 -0.016
-0.6252 0.2867 0.5823 0.4334 -0.6018 0.5526 0.5339 0.2181 -0.6445 0.3824 0.5419 0.3803 -0.6809 -0.2009 0.6772 0.1931 -0.5819 -0.2596 0.6658 -0.3881 -0.5911 -0.339 0.6181 -0.3921 -0.9377 -0.0842 -0.3372 0.0036 -0.6748 -0.0952 0.7019 -0.2072 -0.676 -0.0593 0.7183 -0.1539 -0.9089 0.2169 -0.3558 -0.016
-0.6252 0.2867 0.5823 0.4334 -0.6018 0.5526 0.5339 0.2181 -0.6445 0.3824 0.5419 0.3803 -0.6809 -0.2009 0.6772 0.1931 -0.5819 -0.2596 0.6658 -0.3881 -0.5911 -0.339 0.6181 -0.3921 -0.9377 -0.0842 -0.3372 0.0036 -0.6748 -0.0952 0.7019 -0.2072 -0.676 -0.0593 0.7183 -0.1539 -0.9089 0.2169 -0.3558 -0.016
-0.6252 0.2867 0.5823 0.4334 -0.6018 0.5526 0.5339 0.2181 -0.6445 0.3824 0.5419 0.3803 -0.6809 -0.2009 0.6772 0.1931 -0.5819 -0.2596 0.6658 -0.3881 -0.5911 -0.339 0.6181 -0.3921 -0.9368 -0.0945 -0.3367 -0.0015 -0.6899 -0.1532 0.6697 -0.2283 -0.6719 -0.012 0.6954 -0.2546 -0.9089 0.2169 -0.3558 -0.016
-0.6252 0.2867 0.5823 0.4334 -0.5953 0.5627 0.5234 0.2346 -0.6445 0.3824 0.5419 0.3803 -0.6809 -0.2009 0.6772 0.1931 -0.5819 -0.2596 0.6658 -0.3881 -0.5911 -0.339 0.6181 -0.3921 -0.9368 -0.0945 -0.3367 -0.0015 -0.6899 -0.1532 0.6697 -0.2283 -0.6719 -0.012 0.6954 -0.2546 -0.9089 0.2169 -0.3558 -0.016
-0.6252 0.2867 0.5823 0.4334 -0.5953 0.5627 0.5234 0.2346 -0.6445 0.3824 0.5419 0.3803 -0.6809 -0.2009 0.6772 0.1931 -0.5819 -0.2596 0.6658 -0.3881 -0.5911 -0.339 0.6181 -0.3921 -0.9368 -0.0945 -0.3367 -0.0015 -0.6899 -0.1532 0.6697 -0.2283 -0.6719 -0.012 0.6954 -0.2546 -0.9089 0.2169 -0.3558 -0.016
-0.6252 0.2867 0.5823 0.4334 -0.5953 0.5627 0.5234 0.2346 -0.6445 0.3824 0.5419 0.3803 -0.6809 -0.2009 0.6772 0.1931 -0.5819 -0.2596 0.6658 -0.3881 -0.5911 -0.339 0.6181 -0.3921 -0.9368 -0.0945 -0.3367 -0.0015 -0.6899 -0.1532 0.6697 -0.2283 -0.6719 -0.012 0.6954 -0.2546 -0.9089 0.2169 -0.3558 -0.016
-0.6747 0.2411 0.58 0.3877 -0.5953 0.5627 0.5234 0.2346 -0.6582 0.326 0.5754 0.3596 -0.6607 -0.2632 0.6808 0.1752 -0.5141 -0.4178 0.6248 -0.4133 -0.5709 -0.4019 0.6001 -0.3905 -0.9368 -0.0945 -0.3367 -0.0015 -0.6899 -0.1532 0.6697 -0.2283 -0.6719 -0.012 0.6954 -0.2546 -0.8804 0.2083 -0.4149 -0.0972
-0.6747 0.2411 0.58 0.3877 -0.5953 0.5627 0.5234 0.2346 -0.6582 0.326 0.5754 0.3596 -0.6607 -0.2632 0.6808 0.1752 -0.5141 -0.4178 0.6248 -0.4133 -0.5709 -0.4019 0.6001 -0.3905 -0.9368 -0.0945 -0.3367 -0.0015 -0.6899 -0.1532 0.6697 -0.2283 -0.6719 -0.012 0.6954 -0.2546 -0.8804 0.2083 -0.4149 -0.0972
-0.6747 0.2411 0.58 0.3877 -0.5953 0.5627 0.5234 0.2346 -0.6582 0.326 0.5754 0.3596 -0.6607 -0.2632 0.6808 0.1752 -0.5141 -0.4178 0.6248 -0.4133 -0.5709 -0.4019 0.6001 -0.3905 -0.9371 -0.0919 -0.3367 0.0018 -0.6899 -0.1532 0.6697 -0.2283 -0.6449 0.0113 0.6924 -0.3233 -0.8804 0.2083 -0.4149 -0.0972
-0.6747 0.2411 0.58 0.3877 -0.5953 0.5627 0.5234 0.2346 -0.6582 0.326 0.5754 0.3596 -0.6607 -0.2632 0.6808 0.1752 -0.5141 -0.4178 0.6248 -0.4133 -0.5709 -0.4019 0.6001 -0.3905 -0.9371 -0.0919 -0.3367 0.0018 -0.6899 -0.1532 0.6697 -0.2283 -0.6449 0.0113 0.6924 -0.3233 -0.8804 0.2083 -0.4149 -0.0972
-0.6747 0.2411 0.58 0.3877 -0.6597 0.4818 0.561 0.1341 -0.6582 0.326 0.5754 0.3596 -0.6607 -0.2632 0.6808 0.1752 -0.5141 -0.4178 0.6248 -0.4133 -0.5709 -0.4019 0.6001 -0.3905 -0.9371 -0.0919 -0.3367 0.0018 -0.6979 -0.107 0.689 -0.1632 -0.6449 0.0113 0.6924 -0.3233 -0.8804 0.2083 -0.4149 -0.0972
-0.6747 0.2411 0.58 0.3877 -0.6597 0.4818 0.561 0.1341 -0.6582 0.326 0.5754 0.3596 -0.6607 -0.2632 0.6808 0.1752 -0.5141 -0.4178 0.6248 -0.4133 -0.5709 -0.4019 0.6001 -0.3905 -0.9371 -0.0919 -0.3367 0.0018 -0.6979 -0.107 0.689 -0.1632 -0.6449 0.0113 0.6924 -0.3233 -0.8804 0.2083 -0.4149 -0.0972
-0.6747 0.2411 0.58 0.3877 -0.6597 0.4818 0.561 0.1341 -0.6608 0.3304 0.5815 0.3407 -0.6607 -0.2632 0.6808 0.1752 -0.5141 -0.4178 0.6248 -0.4133 -0.5945 -0.4113 0.585 -0.3677 -0.9371 -0.0919 -0.3367 0.0018 -0.6979 -0.107 0.689 -0.1632 -0.6449 0.0113 0.6924 -0.3233 -0.8544 0.1924 -0.4479 -0.1795
-0.707 0.1876 0.5859 0.3488 -0.6597 0.4818 0.561 0.1341 -0.6608 0.3304 0.5815 0.3407 -0.6607 -0.2632 0.6808 0.1752 -0.5141 -0.4178 0.6248 -0.4133 -0.5945 -0.4113 0.585 -0.3677 -0.9371 -0.0919 -0.3367 0.0018 -0.6979 -0.107 0.689 -0.1632 -0.6449 0.0113 0.6924 -0.3233 -0.8544 0.1924 -0.4479 -0.1795
-0.707 0.1876 0.5859 0.3488 -0.6597 0.4818 0.561 0.1341 -0.6608 0.3304 0.5815 0.3407 -0.6607 -0.2632 0.6808 0.1752 -0.5141 -0.4178 0.6248 -0.4133 -0.5945 -0.4113 0.585 -0.3677 -0.9371 -0.0919 -0.3367 0.0018 -0.6979 -0.107 0.689 -0.1632 -0.6415 0.0255 0.7014 -0.3095 -0.8544 0.1924 -0.4479 -0.1795
-0.707 0.1876 0.5859 0.3488 -0.6597 0.4818 0.561 0.1341 -0.6608 0.3304 0.5815 0.3407 -0.6607 -0.2632 0.6808 0.1752 -0.5141 -0.4178 0.6248 -0.4133 -0.5945 -0.4113 0.585 -0.3677 -0.937 -0.0876 -0.338 0.0087 -0.6979 -0.107 0.689 -0.1632 -0.6415 0.0255 0.7014 -0.3095 -0.8544 0.1924 -0.4479 -0.1795
-0.707 0.1876 0.5859 0.3488 -0.6597 0.4818 0.561 0.1341 -0.6608 0.3304 0.5815 0.3407 -0.6607 -0.2632 0.6808 0.1752 -0.5141 -0.4178 0.6248 -0.4133 -0.5945 -0.4113 0.585 -0.3677 -0.937 -0.0876 -0.338 0.0087 -0.6979 -0.107 0.689 -0.1632 -0.6415 0.0255 0.7014 -0.3095 -0.8544 0.1924 -0.4479 -0.1795
-0.707 0.1876 0.5859 0.3488 -0.6597 0.4818 0.561 0.1341 -0.6608 0.3304 0.5815 0.3407 -0.6607 -0.2632 0.6808 0.1752 -0.5141 -0.4178 0.6248 -0.4133 -0.5945 -0.4113 0.585 -0.3677 -0.937 -0.0876 -0.338 0.0087 -0.702 -0.0958 0.7001 -0.0891 -0.6415 0.0255 0.7014 -0.3095 -0.8544 0.1924 -0.4479 -0.1795
-0.707 0.1876 0.5859 0.3488 -0.6597 0.4818 0.561 0.1341 -0.6608 0.3304 0.5815 0.3407 -0.6607 -0.2632 0.6808 0.1752 -0.5141 -0.4178 0.6248 -0.4133 -0.5945 -0.4113 0.585 -0.3677 -0.937 -0.0876 -0.338 0.0087 -0.702 -0.0958 0.7001 -0.0891 -0.6415 0.0255 0.7014 -0.3095 -0.8544 0.1924 -0.4479 -0.1795
-0.707 0.1876 0.5859 0.3488 -0.6599 0.4766 0.5731 0.0943 -0.664 0.3514 0.5818 0.3117 -0.6913 -0.2334 0.6718 0.128 -0.5141 -0.4178 0.6248 -0.4133 -0.604 -0.4158 0.5801 -0.3547 -0.937 -0.0876 -0.338 0.0087 -0.702 -0.0958 0.7001 -0.0891 -0.6415 0.0255 0.7014 -0.3095 -0.8644 0.2053 -0.4274 -0.1672
-0.707 0.1876 0.5859 0.3488 -0.6599 0.4766 0.5731 0.0943 -0.664 0.3514 0.5818 0.3117 -0.6913 -0.2334 0.6718 0.128 -0.5141 -0.4178 0.6248 -0.4133 -0.604 -0.4158 0.5801 -0.3547 -0.937 -0.0876 -0.338 0.0087 -0.702 -0.0958 0.7001 -0.0891 -0.6415 0.0255 0.7014 -0.3095 -0.8644 0.2053 -0.4274 -0.1672
-0.707 0.1876 0.5859 0.3488 -0.6599 0.4766 0.5731 0.0943 -0.664 0.3514 0.5818 0.3117 -0.6913 -0.2334 0.6718 0.128 -0.5141 -0.4178 0.6248 -0.4133 -0.604 -0.4158 0.5801 -0.3547 -0.937 -0.0876 -0.338 0.0087 -0.702 -0.0958 0.7001 -0.0891 -0.6599 -0.0415 0.7048 -0.2571 -0.8644 0.2053 -0.4274 -0.1672
-0.707 0.1876 0.5859 0.3488 -0.6599 0.4766 0.5731 0.0943 -0.664 0.3514 0.5818 0.3117 -0.6913 -0.2334 0.6718 0.128 -0.5141 -0.4178 0.6248 -0.4133 -0.604 -0.4158 0.5801 -0.3547 -0.9363 -0.0888 -0.3398 0.0099 -0.702 -0.0958 0.7001 -0.0891 -0.6599 -0.0415 0.7048 -0.2571 -0.8644 0.2053 -0.4274 -0.1672
-0.707 0.1876 0.5859 0.3488 -0.6599 0.4766 0.5731 0.0943 -0.664 0.3514 0.5818 0.3117 -0.6913 -0.2334 0.6718 0.128 -0.5141 -0.4178 0.6248 -0.4133 -0.604 -0.4158 0.5801 -0.3547 -0.9363 -0.0888 -0.3398 0.0099 -0.702 -0.0958 0.7001 -0.0891 -0.6599 -0.0415 0.7048 -0.2571 -0.8644 0.2053 -0.4274 -0.1672
-0.707 0.1876 0.5859 0.3488 -0.6599 0.4766 0.5731 0.0943 -0.664 0.3514 0.5818 0.3117 -0.6913 -0.2334 0.6718 0.128 -0.5141 -0.4178 0.6248 -0.4133 -0.604 -0.4158 0.5801 -0.3547 -0.9363 -0.0888 -0.3398 0.0099 -0.7249 -0.0891 0.6823 -0.0325 -0.6599 -0.0415 0.7048 -0.2571 -0.8644 0.2053 -0.4274 -0.1672
-0.707 0.1876 0.5859 0.3488 -0.6599 0.4766 0.5731 0.0943 -0.664 0.3514 0.5818 0.3117 -0.6913 -0.2334 0.6718 0.128 -0.5141 -0.4178 0.6248 -0.4133 -0.604 -0.4158 0.5801 -0.3547 -0.9363 -0.0888 -0.3398 0.0099 -0.7249 -0.0891 0.6823 -0.0325 -0.6599 -0.0415 0.7048 -0.2571 -0.8644 0.2053 -0.4274 -0.1672
-0.707 0.1876 0.5859 0.3488 -0.6512 0.4822 0.5759 0.1083 -0.675 0.3732 0.5665 0.29 -0.6913 -0.2334 0.6718 0.128 -0.5141 -0.4178 0.6248 -0.4133 -0.6163 -0.407 0.5828 -0.339 -0.9363 -0.0888 -0.3398 0.0099 -0.7249 -0.0891 0.6823 -0.0325 -0.6599 -0.0415 0.7048 -0.2571 -0.8992 0.2404 -0.3361 -0.144
-0.6984 0.174 0.5935 0.3603 -0.6512 0.4822 0.5759 0.1083 -0.675 0.3732 0.5665 0.29 -0.6913 -0.2334 0.6718 0.128 -0.5695 -0.327 0.6996 -0.2816 -0.6163 -0.407 0.5828 -0.339 -0.9363 -0.0888 -0.3398 0.0099 -0.7249 -0.0891 0.6823 -0.0325 -0.6599 -0.0415 0.7048 -0.2571 -0.8992 0.2404 -0.3361 -0.144
-0.6984 0.174 0.5935 0.3603 -0.6512 0.4822 0.5759 0.1083 -0.675 0.3732 0.5665 0.29 -0.6913 -0.2334 0.6718 0.128 -0.5695 -0.327 0.6996 -0.2816 -0.6163 -0.407 0.5828 -0.339 -0.9363 -0.0888 -0.3398 0.0099 -0.7249 -0.0891 0.6823 -0.0325 -0.6906 -0.1241 0.7003 -0.1312 -0.8992 0.2404 -0.3361 -0.144
-0.6984 0.174 0.5935 0.3603 -0.6512 0.4822 0.5759 0.1083 -0.675 0.3732 0.5665 0.29 -0.6913 -0.2334 0.6718 0.128 -0.5695 -0.327 0.6996 -0.2816 -0.6163 -0.407 0.5828 -0.339 -0.9339 -0.0955 -0.3444 0.0082 -0.7249 -0.0891 0.6823 -0.0325 -0.6906 -0.1241 0.7003 -0.1312 -0.8992 0.2404 -0.3361 -0.144
-0.6984 0.174 0.5935 0.3603 -0.6512 0.4822 0.5759 0.1083 -0.675 0.3732 0.5665 0.29 -0.6913 -0.2334 0.6718 0.128 -0.5695 -0.327 0.6996 -0.2816 -0.6163 -0.407 0.5828 -0.339 -0.9339 -0.0955 -0.3444 0.0082 -0.7336 -0.0664 0.6758 0.0259 -0.6906 -0.1241 0.7003 -0.1312 -0.8992 0.2404 -0.3361 -0.144
-0.6984 0.174 0.5935 0.3603 -0.6512 0.4822 0.5759 0.1083 -0.675 0.3732 0.5665 0.29 -0.6913 -0.2334 0.6718 0.128 -0.5695 -0.327 0.6996 -0.2816 -0.6163 -0.407 0.5828 -0.339 -0.9339 -0.0955 -0.3444 0.0082 -0.7336 -0.0664 0.6758 0.0259 -0.6906 -0.1241 0.7003 -0.1312 -0.8992 0.2404 -0.3361 -0.144
-0.6984 0.174 0.5935 0.3603 -0.6405 0.4808 0.5878 0.1143 -0.6849 0.384 0.5574 0.2699 -0.6913 -0.2334 0.6718 0.128 -0.5695 -0.327 0.6996 -0.2816 -0.6163 -0.407 0.5828 -0.339 -0.9339 -0.0955 -0.3444 0.0082 -0.7336 -0.0664 0.6758 0.0259 -0.6906 -0.1241 0.7003 -0.1312 -0.9215 0.2287 -0.3079 -0.0608
-0.6984 0.174 0.5935 0.3603 -0.6405 0.4808 0.5878 0.1143 -0.6849 0.384 0.5574 0.2699 -0.7438 -0.1918 0.6347 0.0844 -0.5695 -0.327 0.6996 -0.2816 -0.6163 -0.407 0.5828 -0.339 -0.9339 -0.0955 -0.3444 0.0082 -0.7336 -0.0664 0.6758 0.0259 -0.6906 -0.1241 0.7003 -0.1312 -0.9215 0.2287 -0.3079 -0.0608
-0.6984 0.174 0.5935 0.3603 -0.6405 0.4808 0.5878 0.1143 -0.6849 0.384 0.5574 0.2699 -0.7438 -0.1918 0.6347 0.0844 -0.5695 -0.327 0.6996 -0.2816 -0.6163 -0.407 0.5828 -0.339 -0.9339 -0.0955 -0.3444 0.0082 -0.7336 -0.0664 0.6758 0.0259 -0.6906 -0.1241 0.7003 -0.1312 -0.9215 0.2287 -0.3079 -0.0608
-0.6984 0.174 0.5935 0.3603 -0.6405 0.4808 0.5878 0.1143 -0.6849 0.384 0.5574 0.2699 -0.7438 -0.1918 0.6347 0.0844 -0.5695 -0.327 0.6996 -0.2816 -0.6163 -0.407 0.5828 -0.339 -0.9339 -0.0955 -0.3444 0.0082 -0.7336 -0.0664 0.6758 0.0259 -0.7079 -0.1311 0.6938 0.0115 -0.9215 0.2287 -0.3079 -0.0608
-0.6984 0.174 0.5935 0.3603 -0.6405 0.4808 0.5878 0.1143 -0.6849 0.384 0.5574 0.2699 -0.7438 -0.1918 0.6347 0.0844 -0.5695 -0.327 0.6996 -0.2816 -0.6163 -0.407 0.5828 -0.339 -0.9328 -0.095 -0.3475 0.0112 -0.7336 -0.0664 0.6758 0.0259 -0.7079 -0.1311 0.6938 0.0115 -0.9215 0.2287 -0.3079 -0.0608
-0.6984 0.174 0.5935 0.3603 -0.6405 0.4808 0.5878 0.1143 -0.6849 0.384 0.5574 0.2699 -0.7438 -0.1918 0.6347 0.0844 -0.5695 -0.327 0.6996 -0.2816 -0.6163 -0.407 0.5828 -0.339 -0.9328 -0.095 -0.3475 0.0112 -0.7336 -0.0664 0.6758 0.0259 -0.7079 -0.1311 0.6938 0.0115 -0.9215 0.2287 -0.3079 -0.0608
-0.6984 0.174 0.5935 0.3603 -0.6405 0.4808 0.5878 0.1143 -0.6849 0.384 0.5574 0.2699 -0.7438 -0.1918 0.6347 0.0844 -0.5695 -0.327 0.6996 -0.2816 -0.6163 -0.407 0.5828 -0.339 -0.9328 -0.095 -0.3475 0.0112 -0.733 -0.0234 0.6761 0.0721 -0.7079 -0.1311 0.6938 0.0115 -0.9215 0.2287 -0.3079 -0.0608
-0.6984 0.174 0.5935 0.3603 -0.6405 0.4808 0.5878 0.1143 -0.6849 0.384 0.5574 0.2699 -0.7438 -0.1918 0.6347 0.0844 -0.5695 -0.327 0.6996 -0.2816 -0.6163 -0.407 0.5828 -0.339 -0.9328 -0.095 -0.3475 0.0112 -0.733 -0.0234 0.6761 0.0721 -0.7079 -0.1311 0.6938 0.0115 -0.9215 0.2287 -0.3079 -0.0608
-0.6984 0.174 0.5935 0.3603 -0.6405 0.4808 0.5878 0.1143 -0.6872 0.3948 0.5491 0.2654 -0.7438 -0.1918 0.6347 0.0844 -0.5695 -0.327 0.6996 -0.2816 -0.6776 -0.3787 0.5606 -0.2885 -0.9328 -0.095 -0.3475 0.0112 -0.733 -0.0234 0.6761 0.0721 -0.7079 -0.1311 0.6938 0.0115 -0.9395 0.1927 -0.2823 0.0245
-0.6927 0.1742 0.6165 0.3311 -0.6405 0.4808 0.5878 0.1143 -0.6872 0.3948 0.5491 0.2654 -0.7438 -0.1918 0.6347 0.0844 -0.5695 -0.327 0.6996 -0.2816 -0.6776 -0.3787 0.5606 -0.2885 -0.9328 -0.095 -0.3475 0.0112 -0.733 -0.0234 0.6761 0.0721 -0.7079 -0.1311 0.6938 0.0115 -0.9395 0.1927 -0.2823 0.0245
-0.6927 0.1742 0.6165 0.3311 -0.6405 0.4808 0.5878 0.1143 -0.6872 0.3948 0.5491 0.2654 -0.7438 -0.1918 0.6347 0.0844 -0.5695 -0.327 0.6996 -0.2816 -0.6776 -0.3787 0.5606 -0.2885 -0.9328 -0.095 -0.3475 0.0112 -0.733 -0.0234 0.6761 0.0721 -0.7079 -0.1311 0.6938 0.0115 -0.9395 0.1927 -0.2823 0.0245
-0.6927 0.1742 0.6165 0.3311 -0.6405 0.4808 0.5878 0.1143 -0.6872 0.3948 0.5491 0.2654 -0.7438 -0.1918 0.6347 0.0844 -0.5695 -0.327 0.6996 -0.2816 -0.6776 -0.3787 0.5606 -0.2885 -0.9243 -0.0965 -0.369 0.0172 -0.733 -0.0234 0.6761 0.0721 -0.7014 -0.0994 0.7053 0.0283 -0.9395 0.1927 -0.2823 0.0245
-0.6927 0.1742 0.6165 0.3311 -0.6405 0.4808 0.5878 0.1143 -0.6872 0.3948 0.5491 0.2654 -0.7438 -0.1918 0.6347 0.0844 -0.5695 -0.327 0.6996 -0.2816 -0.6776 -0.3787 0.5606 -0.2885 -0.9243 -0.0965 -0.369 0.0172 -0.733 -0.0234 0.6761 0.0721 -0.7014 -0.0994 0.7053 0.0283 -0.9395 0.1927 -0.2823 0.0245
-0.6927 0.1742 0.6165 0.3311 -0.6405 0.4808 0.5878 0.1143 -0.6872 0.3948 0.5491 0.2654 -0.7438 -0.1918 0.6347 0.0844 -0.5695 -0.327 0.6996 -0.2816 -0.6776 -0.3787 0.5606 -0.2885 -0.9243 -0.0965 -0.369 0.0172 -0.716 -0.0178 0.6935 0.0773 -0.7014 -0.0994 0.7053 0.0283 -0.9395 0.1927 -0.2823 0.0245
-0.6927 0.1742 0.6165 0.3311 -0.6241 0.5001 0.5923 0.0973 -0.6819 0.3848 0.5543 0.2823 -0.7438 -0.1918 0.6347 0.0844 -0.5695 -0.327 0.6996 -0.2816 -0.6776 -0.3787 0.5606 -0.2885 -0.9243 -0.0965 -0.369 0.0172 -0.716 -0.0178 0.6935 0.0773 -0.7014 -0.0994 0.7053 0.0283 -0.9229 0.1927 -0.3334 0.0074
-0.6927 0.1742 0.6165 0.3311 -0.6241 0.5001 0.5923 0.0973 -0.6819 0.3848 0.5543 0.2823 -0.7438 -0.1918 0.6347 0.0844 -0.5695 -0.327 0.6996 -0.2816 -0.6776 -0.3787 0.5606 -0.2885 -0.9243 -0.0965 -0.369 0.0172 -0.716 -0.0178 0.6935 0.0773 -0.7014 -0.0994 0.7053 0.0283 -0.9229 0.1927 -0.3334 0.0074
-0.6783 0.2104 0.6061 0.3581 -0.6241 0.5001 0.5923 0.0973 -0.6819 0.3848 0.5543 0.2823 -0.7656 -0.1585 0.6219 0.0438 -0.5695 -0.327 0.6996 -0.2816 -0.7331 -0.3782 0.5106 -0.2424 -0.9243 -0.0965 -0.369 0.0172 -0.716 -0.0178 0.6935 0.0773 -0.7014 -0.0994 0.7053 0.0283 -0.9229 0.1927 -0.3334 0.0074
-0.6783 0.2104 0.6061 0.3581 -0.6241 0.5001 0.5923 0.0973 -0.6819 0.3848 0.5543 0.2823 -0.7656 -0.1585 0.6219 0.0438 -0.5695 -0.327 0.6996 -0.2816 -0.7331 -0.3782 0.5106 -0.2424 -0.9243 -0.0965 -0.369 0.0172 -0.716 -0.0178 0.6935 0.0773 -0.6817 -0.0428 0.7299 0.026 -0.9229 0.1927 -0.3334 0.0074
-0.6783 0.2104 0.6061 0.3581 -0.6241 0.5001 0.5923 0.0973 -0.6819 0.3848 0.5543 0.2823 -0.7656 -0.1585 0.6219 0.0438 -0.5695 -0.327 0.6996 -0.2816 -0.7331 -0.3782 0.5106 -0.2424 -0.8466 -0.0902 -0.5222 0.0495 -0.716 -0.0178 0.6935 0.0773 -0.6817 -0.0428 0.7299 0.026 -0.9229 0.1927 -0.3334 0.0074
-0.6783 0.2104 0.6061 0.3581 -0.6241 0.5001 0.5923 0.0973 -0.6819 0.3848 0.5543 0.2823 -0.7656 -0.1585 0.6219 0.0438 -0.5695 -0.327 0.6996 -0.2816 -0.7331 -0.3782 0.5106 -0.2424 -0.8466 -0.0902 -0.5222 0.0495 -0.716 -0.0178 0.6935 0.0773 -0.6817 -0.0428 0.7299 0.026 -0.9229 0.1927 -0.3334 0.0074
-0.6783 0.2104 0.6061 0.3581 -0.6241 0.5001 0.5923 0.0973 -0.6819 0.3848 0.5543 0.2823 -0.7656 -0.1585 0.6219 0.0438 -0.5695 -0.327 0.6996 -0.2816 -0.7331 -0.3782 0.5106 -0.2424 -0.8466 -0.0902 -0.5222 0.0495 -0.6968 -0.0041 0.7161 0.0413 -0.6817 -0.0428 0.7299 0.026 -0.9229 0.1927 -0.3334 0.0074
-0.6783 0.2104 0.6061 0.3581 -0.6204 0.5151 0.5815 0.108 -0.6765 0.377 0.5609 0.2927 -0.7656 -0.1585 0.6219 0.0438 -0.5695 -0.327 0.6996 -0.2816 -0.7331 -0.3782 0.5106 -0.2424 -0.8466 -0.0902 -0.5222 0.0495 -0.6968 -0.0041 0.7161 0.0413 -0.6817 -0.0428 0.7299 0.026 -0.9166 0.2007 -0.3454 0.0171
-0.6783 0.2104 0.6061 0.3581 -0.6204 0.5151 0.5815 0.108 -0.6765 0.377 0.5609 0.2927 -0.7516 -0.1671 0.6343 0.0695 -0.5695 -0.327 0.6996 -0.2816 -0.7823 -0.4377 0.4072 -0.1748 -0.8466 -0.0902 -0.5222 0.0495 -0.6968 -0.0041 0.7161 0.0413 -0.6817 -0.0428 0.7299 0.026 -0.9166 0.2007 -0.3454 0.0171
-0.6783 0.2104 0.6061 0.3581 -0.6204 0.5151 0.5815 0.108 -0.6765 0.377 0.5609 0.2927 -0.7516 -0.1671 0.6343 0.0695 -0.5695 -0.327 0.6996 -0.2816 -0.7823 -0.4377 0.4072 -0.1748 -0.8466 -0.0902 -0.5222 0.0495 -0.6968 -0.0041 0.7161 0.0413 -0.6817 -0.0428 0.7299 0.026 -0.9166 0.2007 -0.3454 0.0171
-0.6783 0.2104 0.6061 0.3581 -0.6204 0.5151 0.5815 0.108 -0.6765 0.377 0.5609 0.2927 -0.7516 -0.1671 0.6343 0.0695 -0.5695 -0.327 0.6996 -0.2816 -0.7823 -0.4377 0.4072 -0.1748 -0.8466 -0.0902 -0.5222 0.0495 -0.6968 -0.0041 0.7161 0.0413 -0.6666 -0.0494 0.7437 -0.0136 -0.9166 0.2007 -0.3454 0.0171
-0.6783 0.2104 0.6061 0.3581 -0.6204 0.5151 0.5815 0.108 -0.6765 0.377 0.5609 0.2927 -0.7516 -0.1671 0.6343 0.0695 -0.5695 -0.327 0.6996 -0.2816 -0.7823 -0.4377 0.4072 -0.1748 -0.785 -0.0637 -0.6047 0.118 -0.6968 -0.0041 0.7161 0.0413 -0.6666 -0.0494 0.7437 -0.0136 -0.9166 0.2007 -0.3454 0.0171
-0.6783 0.2104 0.6061 0.3581 -0.6204 0.5151 0.5815 0.108 -0.6765 0.377 0.5609 0.2927 -0.7516 -0.1671 0.6343 0.0695 -0.5695 -0.327 0.6996 -0.2816 -0.7823 -0.4377 0.4072 -0.1748 -0.785 -0.0637 -0.6047 0.118 -0.6968 -0.0041 0.7161 0.0413 -0.6666 -0.0494 0.7437 -0.0136 -0.9166 0.2007 -0.3454 0.0171
-0.6783 0.2104 0.6061 0.3581 -0.6204 0.5151 0.5815 0.108 -0.6765 0.377 0.5609 0.2927 -0.7516 -0.1671 0.6343 0.0695 -0.5695 -0.327 0.6996 -0.2816 -0.7823 -0.4377 0.4072 -0.1748 -0.785 -0.0637 -0.6047 0.118 -0.6847 -0.0192 0.7285 -0.0057 -0.6666 -0.0494 0.7437 -0.0136 -0.9166 0.2007 -0.3454 0.0171
-0.6783 0.2104 0.6061 0.3581 -0.6204 0.5151 0.5815 0.108 -0.6765 0.377 0.5609 0.2927 -0.7516 -0.1671 0.6343 0.0695 -0.5695 -0.327 0.6996 -0.2816 -0.7823 -0.4377 0.4072 -0.1748 -0.785 -0.0637 -0.6047 0.118 -0.6847 -0.0192 0.7285 -0.0057 -0.6666 -0.0494 0.7437 -0.0136 -0.9166 0.2007 -0.3454 0.0171
-0.6783 0.2104 0.6061 0.3581 -0.6136 0.5331 0.5681 0.1286 -0.6689 0.3809 0.5459 0.331 -0.7516 -0.1671 0.6343 0.0695 -0.5695 -0.327 0.6996 -0.2816 -0.7898 -0.3898 0.434 -0.1895 -0.785 -0.0637 -0.6047 0.118 -0.6847 -0.0192 0.7285 -0.0057 -0.6666 -0.0494 0.7437 -0.0136 -0.912 0.2001 -0.3578 0.015
-0.6783 0.2104 0.6061 0.3581 -0.6136 0.5331 0.5681 0.1286 -0.6689 0.3809 0.5459 0.331 -0.7516 -0.1671 0.6343 0.0695 -0.5695 -0.327 0.6996 -0.2816 -0.7898 -0.3898 0.434 -0.1895 -0.785 -0.0637 -0.6047 0.118 -0.6847 -0.0192 0.7285 -0.0057 -0.6666 -0.0494 0.7437 -0.0136 -0.912 0.2001 -0.3578 0.015
-0.6648 0.2336 0.5929 0.3898 -0.6136 0.5331 0.5681 0.1286 -0.6689 0.3809 0.5459 0.331 -0.7444 -0.1848 0.6343 0.0969 -0.5695 -0.327 0.6996 -0.2816 -0.7898 -0.3898 0.434 -0.1895 -0.785 -0.0637 -0.6047 0.118 -0.6847 -0.0192 0.7285 -0.0057 -0.6666 -0.0494 0.7437 -0.0136 -0.912 0.2001 -0.3578 0.015
-0.6648 0.2336 0.5929 0.3898 -0.6136 0.5331 0.5681 0.1286 -0.6689 0.3809 0.5459 0.331 -0.7444 -0.1848 0.6343 0.0969 -0.5695 -0.327 0.6996 -0.2816 -0.7898 -0.3898 0.434 -0.1895 -0.8657 -0.0746 -0.489 0.076 -0.6847 -0.0192 0.7285 -0.0057 -0.6652 -0.0489 0.7435 -0.0492 -0.912 0.2001 -0.3578 0.015
-0.6648 0.2336 0.5929 0.3898 -0.6136 0.5331 0.5681 0.1286 -0.6689 0.3809 0.5459 0.331 -0.7444 -0.1848 0.6343 0.0969 -0.5695 -0.327 0.6996 -0.2816 -0.7898 -0.3898 0.434 -0.1895 -0.8657 -0.0746 -0.489 0.076 -0.6773 -0.0271 0.7337 -0.0468 -0.6652 -0.0489 0.7435 -0.0492 -0.912 0.2001 -0.3578 0.015
-0.6648 0.2336 0.5929 0.3898 -0.6136 0.5331 0.5681 0.1286 -0.6689 0.3809 0.5459 0.331 -0.7444 -0.1848 0.6343 0.0969 -0.5695 -0.327 0.6996 -0.2816 -0.7898 -0.3898 0.434 -0.1895 -0.8657 -0.0746 -0.489 0.076 -0.6773 -0.0271 0.7337 -0.0468 -0.6652 -0.0489 0.7435 -0.0492 -0.912 0.2001 -0.3578 0.015
-0.6648 0.2336 0.5929 0.3898 -0.6249 0.5229 0.5644 0.1323 -0.6712 0.3659 0.5483 0.3391 -0.7444 -0.1848 0.6343 0.0969 -0.5695 -0.327 0.6996 -0.2816 -0.7898 -0.3898 0.434 -0.1895 -0.8657 -0.0746 -0.489 0.076 -0.6773 -0.0271 0.7337 -0.0468 -0.6652 -0.0489 0.7435 -0.0492 -0.9102 0.1988 -0.3633 0.0101
-0.6648 0.2336 0.5929 0.3898 -0.6249 0.5229 0.5644 0.1323 -0.6712 0.3659 0.5483 0.3391 -0.7444 -0.1848 0.6343 0.0969 -0.5695 -0.327 0.6996 -0.2816 -0.7898 -0.3898 0.434 -0.1895 -0.8657 -0.0746 -0.489 0.076 -0.6773 -0.0271 0.7337 -0.0468 -0.6652 -0.0489 0.7435 -0.0492 -0.9102 0.1988 -0.3633 0.0101
-0.6648 0.2336 0.5929 0.3898 -0.6249 0.5229 0.5644 0.1323 -0.6712 0.3659 0.5483 0.3391 -0.7269 -0.2053 0.6453 0.1141 -0.5695 -0.327 0.6996 -0.2816 -0.6886 -0.3541 0.5386 -0.3322 -0.8657 -0.0746 -0.489 0.076 -0.6773 -0.0271 0.7337 -0.0468 -0.6652 -0.0489 0.7435 -0.0492 -0.9102 0.1988 -0.3633 0.0101
-0.6648 0.2336 0.5929 0.3898 -0.6249 0.5229 0.5644 0.1323 -0.6712 0.3659 0.5483 0.3391 -0.7269 -0.2053 0.6453 0.1141 -0.5695 -0.327 0.6996 -0.2816 -0.6886 -0.3541 0.5386 -0.3322 -0.8657 -0.0746 -0.489 0.076 -0.6773 -0.0271 0.7337 -0.0468 -0.6652 -0.0489 0.7435 -0.0492 -0.9102 0.1988 -0.3633 0.0101
-0.6648 0.2336 0.5929 0.3898 -0.6249 0.5229 0.5644 0.1323 -0.6712 0.3659 0.5483 0.3391 -0.7269 -0.2053 0.6453 0.1141 -0.5695 -0.327 0.6996 -0.2816 -0.6886 -0.3541 0.5386 -0.3322 -0.9297 -0.0793 -0.3587 -0.026 -0.6773 -0.0271 0.7337 -0.0468 -0.6682 -0.047 0.7372 -0.0887 -0.9102 0.1988 -0.3633 0.0101
-0.6648 0.2336 0.5929 0.3898 -0.6249 0.5229 0.5644 0.1323 -0.6712 0.3659 0.5483 0.3391 -0.7269 -0.2053 0.6453 0.1141 -0.5695 -0.327 0.6996 -0.2816 -0.6886 -0.3541 0.5386 -0.3322 -0.9297 -0.0793 -0.3587 -0.026 -0.6773 -0.0271 0.7337 -0.0468 -0.6682 -0.047 0.7372 -0.0887 -0.9102 0.1988 -0.3633 0.0101
-0.6648 0.2336 0.5929 0.3898 -0.6249 0.5229 0.5644 0.1323 -0.6712 0.3659 0.5483 0.3391 -0.7269 -0.2053 0.6453 0.1141 -0.5695 -0.327 0.6996 -0.2816 -0.6886 -0.3541 0.5386 -0.3322 -0.9297 -0.0793 -0.3587 -0.026 -0.6707 -0.0533 0.7339 -0.0928 -0.6682 -0.047 0.7372 -0.0887 -0.9102 0.1988 -0.3633 0.0101
-0.6648 0.2336 0.5929 0.3898 -0.6271 0.519 0.5641 0.1384 -0.6695 0.3561 0.5516 0.3474 -0.7269 -0.2053 0.6453 0.1141 -0.5695 -0.327 0.6996 -0.2816 -0.6886 -0.3541 0.5386 -0.3322 -0.9297 -0.0793 -0.3587 -0.026 -0.6707 -0.0533 0.7339 -0.0928 -0.6682 -0.047 0.7372 -0.0887 -0.9101 0.1979 -0.364 0.0075
-0.6648 0.2336 0.5929 0.3898 -0.6271 0.519 0.5641 0.1384 -0.6695 0.3561 0.5516 0.3474 -0.7107 -0.2385 0.651 0.1195 -0.5695 -0.327 0.6996 -0.2816 -0.6094 -0.306 0.6028 -0.4142 -0.9297 -0.0793 -0.3587 -0.026 -0.6707 -0.0533 0.7339 -0.0928 -0.6682 -0.047 0.7372 -0.0887 -0.9101 0.1979 -0.364 0.0075
-0.6648 0.2336 0.5929 0.3898 -0.6271 0.519 0.5641 0.1384 -0.6695 0.3561 0.5516 0.3474 -0.7107 -0.2385 0.651 0.1195 -0.5695 -0.327 0.6996 -0.2816 -0.6094 -0.306 0.6028 -0.4142 -0.9297 -0.0793 -0.3587 -0.026 -0.6707 -0.0533 0.7339 -0.0928 -0.6682 -0.047 0.7372 -0.0887 -0.9101 0.1979 -0.364 0.0075
-0.6648 0.2336 0.5929 0.3898 -0.6271 0.519 0.5641 0.1384 -0.6695 0.3561 0.5516 0.3474 -0.7107 -0.2385 0.651 0.1195 -0.5695 -0.327 0.6996 -0.2816 -0.6094 -0.306 0.6028 -0.4142 -0.9297 -0.0793 -0.3587 -0.026 -0.6707 -0.0533 0.7339 -0.0928 -0.6682 -0.047 0.7372 -0.0887 -0.9101 0.1979 -0.364 0.0075
-0.6648 0.2336 0.5929 0.3898 -0.6271 0.519 0.5641 0.1384 -0.6695 0.3561 0.5516 0.3474 -0.7107 -0.2385 0.651 0.1195 -0.5695 -0.327 0.6996 -0.2816 -0.6094 -0.306 0.6028 -0.4142 -0.9468 -0.0897 -0.3089 -0.0136 -0.6707 -0.0533 0.7339 -0.0928 -0.6748 -0.0444 0.7235 -0.1386 -0.9101 0.1979 -0.364 0.0075
-0.6648 0.2336 0.5929 0.3898 -0.6271 0.519 0.5641 0.1384 -0.6695 0.3561 0.5516 0.3474 -0.7107 -0.2385 0.651 0.1195 -0.5695 -0.327 0.6996 -0.2816 -0.6094 -0.306 0.6028 -0.4142 -0.9468 -0.0897 -0.3089 -0.0136 -0.6615 -0.053 0.7314 -0.157 -0.6748 -0.0444 0.7235 -0.1386 -0.9101 0.1979 -0.364 0.0075
-0.6648 0.2336 0.5929 0.3898 -0.6271 0.519 0.5641 0.1384 -0.6695 0.3561 0.5516 0.3474 -0.7107 -0.2385 0.651 0.1195 -0.5695 -0.327 0.6996 -0.2816 -0.6094 -0.306 0.6028 -0.4142 -0.9468 -0.0897 -0.3089 -0.0136 -0.6615 -0.053 0.7314 -0.157 -0.6748 -0.0444 0.7235 -0.1386 -0.9101 0.1979 -0.364 0.0075
-0.6648 0.2336 0.5929 0.3898 -0.6288 0.5074 0.5756 0.1256 -0.6921 0.3175 0.5679 0.3127 -0.7107 -0.2385 0.651 0.1195 -0.5695 -0.327 0.6996 -0.2816 -0.6094 -0.306 0.6028 -0.4142 -0.9468 -0.0897 -0.3089 -0.0136 -0.6615 -0.053 0.7314 -0.157 -0.6748 -0.0444 0.7235 -0.1386 -0.9102 0.2004 -0.3625 0.0051
-0.6648 0.2336 0.5929 0.3898 -0.6288 0.5074 0.5756 0.1256 -0.6921 0.3175 0.5679 0.3127 -0.7107 -0.2385 0.651 0.1195 -0.5695 -0.327 0.6996 -0.2816 -0.6094 -0.306 0.6028 -0.4142 -0.9468 -0.0897 -0.3089 -0.0136 -0.6615 -0.053 0.7314 -0.157 -0.6748 -0.0444 0.7235 -0.1386 -0.9102 0.2004 -0.3625 0.0051
-0.6678 0.2322 0.5967 0.3795 -0.6288 0.5074 0.5756 0.1256 -0.6921 0.3175 0.5679 0.3127 -0.7107 -0.2385 0.651 0.1195 -0.5695 -0.327 0.6996 -0.2816 -0.6094 -0.306 0.6028 -0.4142 -0.9468 -0.0897 -0.3089 -0.0136 -0.6615 -0.053 0.7314 -0.157 -0.6748 -0.0444 0.7235 -0.1386 -0.9102 0.2004 -0.3625 0.0051
-0.6678 0.2322 0.5967 0.3795 -0.6288 0.5074 0.5756 0.1256 -0.6921 0.3175 0.5679 0.3127 -0.7107 -0.2385 0.651 0.1195 -0.5695 -0.327 0.6996 -0.2816 -0.6094 -0.306 0.6028 -0.4142 -0.9468 -0.0897 -0.3089 -0.0136 -0.6615 -0.053 0.7314 -0.157 -0.6748 -0.0444 0.7235 -0.1386 -0.9102 0.2004 -0.3625 0.0051
-0.6678 0.2322 0.5967 0.3795 -0.6288 0.5074 0.5756 0.1256 -0.6921 0.3175 0.5679 0.3127 -0.7107 -0.2385 0.651 0.1195 -0.5695 -0.327 0.6996 -0.2816 -0.6094 -0.306 0.6028 -0.4142 -0.9421 -0.0856 -0.3242 -0.0028 -0.6615 -0.053 0.7314 -0.157 -0.6801 -0.0154 0.7079 -0.1901 -0.9102 0.2004 -0.3625 0.0051
-0.6678 0.2322 0.5967 0.3795 -0.6288 0.5074 0.5756 0.1256 -0.6921 0.3175 0.5679 0.3127 -0.7107 -0.2385 0.651 0.1195 -0.5695 -0.327 0.6996 -0.2816 -0.6094 -0.306 0.6028 -0.4142 -0.9421 -0.0856 -0.3242 -0.0028 -0.6615 -0.053 0.7314 -0.157 -0.6801 -0.0154 0.7079 -0.1901 -0.9102 0.2004 -0.3625 0.0051
-0.6678 0.2322 0.5967 0.3795 -0.6288 0.5074 0.5756 0.1256 -0.6921 0.3175 0.5679 0.3127 -0.7107 -0.2385 0.651 0.1195 -0.5695 -0.327 0.6996 -0.2816 -0.6094 -0.306 0.6028 -0.4142 -0.9421 -0.0856 -0.3242 -0.0028 -0.6599 -0.0521 0.7271 -0.1821 -0.6801 -0.0154 0.7079 -0.1901 -0.9102 0.2004 -0.3625 0.0051
-0.6678 0.2322 0.5967 0.3795 -0.6232 0.5156 0.5728 0.1332 -0.7004 0.2856 0.5812 0.3 -0.7107 -0.2385 0.651 0.1195 -0.5695 -0.327 0.6996 -0.2816 -0.6094 -0.306 0.6028 -0.4142 -0.9421 -0.0856 -0.3242 -0.0028 -0.6599 -0.0521 0.7271 -0.1821 -0.6801 -0.0154 0.7079 -0.1901 -0.9102 0.2004 -0.3625 0.0051
-0.6678 0.2322 0.5967 0.3795 -0.6232 0.5156 0.5728 0.1332 -0.7004 0.2856 0.5812 0.3 -0.707 -0.2755 0.6455 0.0871 -0.5695 -0.327 0.6996 -0.2816 -0.5698 -0.3677 0.6031 -0.42 -0.9421 -0.0856 -0.3242 -0.0028 -0.6599 -0.0521 0.7271 -0.1821 -0.6801 -0.0154 0.7079 -0.1901 -0.8884 0.202 -0.4088 -0.0532
-0.6678 0.2322 0.5967 0.3795 -0.6232 0.5156 0.5728 0.1332 -0.7004 0.2856 0.5812 0.3 -0.707 -0.2755 0.6455 0.0871 -0.5695 -0.327 0.6996 -0.2816 -0.5698 -0.3677 0.6031 -0.42 -0.9421 -0.0856 -0.3242 -0.0028 -0.6599 -0.0521 0.7271 -0.1821 -0.6801 -0.0154 0.7079 -0.1901 -0.8884 0.202 -0.4088 -0.0532
-0.6678 0.2322 0.5967 0.3795 -0.6232 0.5156 0.5728 0.1332 -0.7004 0.2856 0.5812 0.3 -0.707 -0.2755 0.6455 0.0871 -0.5695 -0.327 0.6996 -0.2816 -0.5698 -0.3677 0.6031 -0.42 -0.9421 -0.0856 -0.3242 -0.0028 -0.6599 -0.0521 0.7271 -0.1821 -0.6625 0.0046 0.6967 -0.2753 -0.8884 0.202 -0.4088 -0.0532
-0.6678 0.2322 0.5967 0.3795 -0.6232 0.5156 0.5728 0.1332 -0.7004 0.2856 0.5812 0.3 -0.707 -0.2755 0.6455 0.0871 -0.5695 -0.327 0.6996 -0.2816 -0.5698 -0.3677 0.6031 -0.42 -0.941 -0.0908 -0.3258 -0.0081 -0.6599 -0.0521 0.7271 -0.1821 -0.6625 0.0046 0.6967 -0.2753 -0.8884 0.202 -0.4088 -0.0532
-0.6678 0.2322 0.5967 0.3795 -0.6232 0.5156 0.5728 0.1332 -0.7004 0.2856 0.5812 0.3 -0.707 -0.2755 0.6455 0.0871 -0.5695 -0.327 0.6996 -0.2816 -0.5698 -0.3677 0.6031 -0.42 -0.941 -0.0908 -0.3258 -0.0081 -0.6599 -0.0521 0.7271 -0.1821 -0.6625 0.0046 0.6967 -0.2753 -0.8884 0.202 -0.4088 -0.0532
-0.6678 0.2322 0.5967 0.3795 -0.6232 0.5156 0.5728 0.1332 -0.7004 0.2856 0.5812 0.3 -0.707 -0.2755 0.6455 0.0871 -0.5695 -0.327 0.6996 -0.2816 -0.5698 -0.3677 0.6031 -0.42 -0.941 -0.0908 -0.3258 -0.0081 -0.6832 -0.1101 0.6927 -0.2031 -0.6625 0.0046 0.6967 -0.2753 -0.8884 0.202 -0.4088 -0.0532
-0.6678 0.2322 0.5967 0.3795 -0.6232 0.5156 0.5728 0.1332 -0.7004 0.2856 0.5812 0.3 -0.707 -0.2755 0.6455 0.0871 -0.5695 -0.327 0.6996 -0.2816 -0.5698 -0.3677 0.6031 -0.42 -0.941 -0.0908 -0.3258 -0.0081 -0.6832 -0.1101 0.6927 -0.2031 -0.6625 0.0046 0.6967 -0.2753 -0.8884 0.202 -0.4088 -0.0532
-0.6678 0.2322 0.5967 0.3795 -0.6232 0.5156 0.5728 0.1332 -0.6946 0.3103 0.5815 0.2881 -0.707 -0.2755 0.6455 0.0871 -0.5695 -0.327 0.6996 -0.2816 -0.5652 -0.3907 0.598 -0.4127 -0.941 -0.0908 -0.3258 -0.0081 -0.6832 -0.1101 0.6927 -0.2031 -0.6625 0.0046 0.6967 -0.2753 -0.8453 0.2051 -0.4749 -0.1337
-0.6678 0.2322 0.5967 0.3795 -0.6232 0.5156 0.5728 0.1332 -0.6946 0.3103 0.5815 0.2881 -0.7106 -0.2653 0.6456 0.0889 -0.5695 -0.327 0.6996 -0.2816 -0.5652 -0.3907 0.598 -0.4127 -0.941 -0.0908 -0.3258 -0.0081 -0.6832 -0.1101 0.6927 -0.2031 -0.6625 0.0046 0.6967 -0.2753 -0.8453 0.2051 -0.4749 -0.1337
-0.6678 0.2322 0.5967 0.3795 -0.6232 0.5156 0.5728 0.1332 -0.6946 0.3103 0.5815 0.2881 -0.7106 -0.2653 0.6456 0.0889 -0.5695 -0.327 0.6996 -0.2816 -0.5652 -0.3907 0.598 -0.4127 -0.941 -0.0908 -0.3258 -0.0081 -0.6832 -0.1101 0.6927 -0.2031 -0.6625 0.0046 0.6967 -0.2753 -0.8453 0.2051 -0.4749 -0.1337
-0.6678 0.2322 0.5967 0.3795 -0.6232 0.5156 0.5728 0.1332 -0.6946 0.3103 0.5815 0.2881 -0.7106 -0.2653 0.6456 0.0889 -0.5695 -0.327 0.6996 -0.2816 -0.5652 -0.3907 0.598 -0.4127 -0.9411 -0.0887 -0.3263 -0.0067 -0.6832 -0.1101 0.6927 -0.2031 -0.6444 0.0217 0.6975 -0.3127 -0.8453 0.2051 -0.4749 -0.1337
-0.6678 0.2322 0.5967 0.3795 -0.6232 0.5156 0.5728 0.1332 -0.6946 0.3103 0.5815 0.2881 -0.7106 -0.2653 0.6456 0.0889 -0.5695 -0.327 0.6996 -0.2816 -0.5652 -0.3907 0.598 -0.4127 -0.9411 -0.0887 -0.3263 -0.0067 -0.6832 -0.1101 0.6927 -0.2031 -0.6444 0.0217 0.6975 -0.3127 -0.8453 0.2051 -0.4749 -0.1337
-0.6678 0.2322 0.5967 0.3795 -0.6232 0.5156 0.5728 0.1332 -0.6946 0.3103 0.5815 0.2881 -0.7106 -0.2653 0.6456 0.0889 -0.5695 -0.327 0.6996 -0.2816 -0.5652 -0.3907 0.598 -0.4127 -0.9411 -0.0887 -0.3263 -0.0067 -0.6832 -0.1101 0.6927 -0.2031 -0.6444 0.0217 0.6975 -0.3127 -0.8453 0.2051 -0.4749 -0.1337
-0.6678 0.2322 0.5967 0.3795 -0.6476 0.4601 0.5986 0.1029 -0.6954 0.3358 0.5764 0.2674 -0.7106 -0.2653 0.6456 0.0889 -0.5695 -0.327 0.6996 -0.2816 -0.5652 -0.3907 0.598 -0.4127 -0.9411 -0.0887 -0.3263 -0.0067 -0.6907 -0.0829 0.7077 -0.1229 -0.6444 0.0217 0.6975 -0.3127 -0.8676 0.1904 -0.4358 -0.1453
-0.6678 0.2322 0.5967 0.3795 -0.6476 0.4601 0.5986 0.1029 -0.6954 0.3358 0.5764 0.2674 -0.7106 -0.2653 0.6456 0.0889 -0.5695 -0.327 0.6996 -0.2816 -0.5652 -0.3907 0.598 -0.4127 -0.9411 -0.0887 -0.3263 -0.0067 -0.6907 -0.0829 0.7077 -0.1229 -0.6444 0.0217 0.6975 -0.3127 -0.8676 0.1904 -0.4358 -0.1453
-0.6678 0.2322 0.5967 0.3795 -0.6476 0.4601 0.5986 0.1029 -0.6954 0.3358 0.5764 0.2674 -0.7177 -0.2344 0.6475 0.1038 -0.5695 -0.327 0.6996 -0.2816 -0.5812 -0.397 0.5911 -0.3939 -0.9411 -0.0887 -0.3263 -0.0067 -0.6907 -0.0829 0.7077 -0.1229 -0.6444 0.0217 0.6975 -0.3127 -0.8676 0.1904 -0.4358 -0.1453
-0.6678 0.2322 0.5967 0.3795 -0.6476 0.4601 0.5986 0.1029 -0.6954 0.3358 0.5764 0.2674 -0.7177 -0.2344 0.6475 0.1038 -0.5695 -0.327 0.6996 -0.2816 -0.5812 -0.397 0.5911 -0.3939 -0.9411 -0.0887 -0.3263 -0.0067 -0.6907 -0.0829 0.7077 -0.1229 -0.6444 0.0217 0.6975 -0.3127 -0.8676 0.1904 -0.4358 -0.1453
-0.6678 0.2322 0.5967 0.3795 -0.6476 0.4601 0.5986 0.1029 -0.6954 0.3358 0.5764 0.2674 -0.7177 -0.2344 0.6475 0.1038 -0.5695 -0.327 0.6996 -0.2816 -0.5812 -0.397 0.5911 -0.3939 -0.9428 -0.0845 -0.3224 -0.0013 -0.6907 -0.0829 0.7077 -0.1229 -0.6644 2.0E-4 0.7142 -0.2199 -0.8676 0.1904 -0.4358 -0.1453
-0.6678 0.2322 0.5967 0.3795 -0.6476 0.4601 0.5986 0.1029 -0.6954 0.3358 0.5764 0.2674 -0.7177 -0.2344 0.6475 0.1038 -0.5695 -0.327 0.6996 -0.2816 -0.5812 -0.397 0.5911 -0.3939 -0.9428 -0.0845 -0.3224 -0.0013 -0.7034 -0.0805 0.7047 -0.0475 -0.6644 2.0E-4 0.7142 -0.2199 -0.8676 0.1904 -0.4358 -0.1453
-0.6678 0.2322 0.5967 0.3795 -0.6476 0.4601 0.5986 0.1029 -0.6954 0.3358 0.5764 0.2674 -0.7177 -0.2344 0.6475 0.1038 -0.5695 -0.327 0.6996 -0.2816 -0.5812 -0.397 0.5911 -0.3939 -0.9428 -0.0845 -0.3224 -0.0013 -0.7034 -0.0805 0.7047 -0.0475 -0.6644 2.0E-4 0.7142 -0.2199 -0.8676 0.1904 -0.4358 -0.1453
-0.6678 0.2322 0.5967 0.3795 -0.6396 0.4624 0.6016 0.123 -0.6893 0.369 0.5616 0.2709 -0.7177 -0.2344 0.6475 0.1038 -0.5695 -0.327 0.6996 -0.2816 -0.5812 -0.397 0.5911 -0.3939 -0.9428 -0.0845 -0.3224 -0.0013 -0.7034 -0.0805 0.7047 -0.0475 -0.6644 2.0E-4 0.7142 -0.2199 -0.8947 0.2223 -0.3752 -0.0964
-0.6678 0.2322 0.5967 0.3795 -0.6396 0.4624 0.6016 0.123 -0.6893 0.369 0.5616 0.2709 -0.7177 -0.2344 0.6475 0.1038 -0.5695 -0.327 0.6996 -0.2816 -0.5812 -0.397 0.5911 -0.3939 -0.9428 -0.0845 -0.3224 -0.0013 -0.7034 -0.0805 0.7047 -0.0475 -0.6644 2.0E-4 0.7142 -0.2199 -0.8947 0.2223 -0.3752 -0.0964
-0.6678 0.2322 0.5967 0.3795 -0.6396 0.4624 0.6016 0.123 -0.6893 0.369 0.5616 0.2709 -0.7278 -0.2132 0.6437 0.1025 -0.5695 -0.327 0.6996 -0.2816 -0.5923 -0.3973 0.5889 -0.3802 -0.9428 -0.0845 -0.3224 -0.0013 -0.7034 -0.0805 0.7047 -0.0475 -0.6644 2.0E-4 0.7142 -0.2199 -0.8947 0.2223 -0.3752 -0.0964
-0.6678 0.2322 0.5967 0.3795 -0.6396 0.4624 0.6016 0.123 -0.6893 0.369 0.5616 0.2709 -0.7278 -0.2132 0.6437 0.1025 -0.5695 -0.327 0.6996 -0.2816 -0.5923 -0.3973 0.5889 -0.3802 -0.9428 -0.0845 -0.3224 -0.0013 -0.7034 -0.0805 0.7047 -0.0475 -0.679 -0.0834 0.7194 -0.1205 -0.8947 0.2223 -0.3752 -0.0964
-0.6678 0.2322 0.5967 0.3795 -0.6396 0.4624 0.6016 0.123 -0.6893 0.369 0.5616 0.2709 -0.7278 -0.2132 0.6437 0.1025 -0.5695 -0.327 0.6996 -0.2816 -0.5923 -0.3973 0.5889 -0.3802 -0.9447 -0.0812 -0.3177 0.0016 -0.7034 -0.0805 0.7047 -0.0475 -0.679 -0.0834 0.7194 -0.1205 -0.8947 0.2223 -0.3752 -0.0964
-0.6678 0.2322 0.5967 0.3795 -0.6396 0.4624 0.6016 0.123 -0.6893 0.369 0.5616 0.2709 -0.7278 -0.2132 0.6437 0.1025 -0.5695 -0.327 0.6996 -0.2816 -0.5923 -0.3973 0.5889 -0.3802 -0.9447 -0.0812 -0.3177 0.0016 -0.7206 -0.0869 0.6873 0.0292 -0.679 -0.0834 0.7194 -0.1205 -0.8947 0.2223 -0.3752 -0.0964
-0.6678 0.2322 0.5967 0.3795 -0.6396 0.4624 0.6016 0.123 -0.6893 0.369 0.5616 0.2709 -0.7278 -0.2132 0.6437 0.1025 -0.5695 -0.327 0.6996 -0.2816 -0.5923 -0.3973 0.5889 -0.3802 -0.9447 -0.0812 -0.3177 0.0016 -0.7206 -0.0869 0.6873 0.0292 -0.679 -0.0834 0.7194 -0.1205 -0.8947 0.2223 -0.3752 -0.0964
-0.6678 0.2322 0.5967 0.3795 -0.6379 0.4603 0.5983 0.1522 -0.684 0.3933 0.5476 0.2786 -0.7278 -0.2132 0.6437 0.1025 -0.5695 -0.327 0.6996 -0.2816 -0.5923 -0.3973 0.5889 -0.3802 -0.9447 -0.0812 -0.3177 0.0016 -0.7206 -0.0869 0.6873 0.0292 -0.679 -0.0834 0.7194 -0.1205 -0.9067 0.2535 -0.3337 -0.0484
-0.6678 0.2322 0.5967 0.3795 -0.6379 0.4603 0.5983 0.1522 -0.684 0.3933 0.5476 0.2786 -0.7365 -0.1927 0.6395 0.1067 -0.5695 -0.327 0.6996 -0.2816 -0.6071 -0.3954 0.5841 -0.3658 -0.9447 -0.0812 -0.3177 0.0016 -0.7206 -0.0869 0.6873 0.0292 -0.679 -0.0834 0.7194 -0.1205 -0.9067 0.2535 -0.3337 -0.0484
-0.6678 0.2322 0.5967 0.3795 -0.6379 0.4603 0.5983 0.1522 -0.684 0.3933 0.5476 0.2786 -0.7365 -0.1927 0.6395 0.1067 -0.5695 -0.327 0.6996 -0.2816 -0.6071 -0.3954 0.5841 -0.3658 -0.9447 -0.0812 -0.3177 0.0016 -0.7206 -0.0869 0.6873 0.0292 -0.679 -0.0834 0.7194 -0.1205 -0.9067 0.2535 -0.3337 -0.0484
-0.6678 0.2322 0.5967 0.3795 -0.6379 0.4603 0.5983 0.1522 -0.684 0.3933 0.5476 0.2786 -0.7365 -0.1927 0.6395 0.1067 -0.5695 -0.327 0.6996 -0.2816 -0.6071 -0.3954 0.5841 -0.3658 -0.9447 -0.0812 -0.3177 0.0016 -0.7206 -0.0869 0.6873 0.0292 -0.679 -0.0834 0.7194 -0.1205 -0.9067 0.2535 -0.3337 -0.0484
-0.6678 0.2322 0.5967 0.3795 -0.6379 0.4603 0.5983 0.1522 -0.684 0.3933 0.5476 0.2786 -0.7365 -0.1927 0.6395 0.1067 -0.5695 -0.327 0.6996 -0.2816 -0.6071 -0.3954 0.5841 -0.3658 -0.9456 -0.0795 -0.3156 0.005 -0.7206 -0.0869 0.6873 0.0292 -0.6907 -0.1456 0.7084 -0.0016 -0.9067 0.2535 -0.3337 -0.0484
-0.6678 0.2322 0.5967 0.3795 -0.6379 0.4603 0.5983 0.1522 -0.684 0.3933 0.5476 0.2786 -0.7365 -0.1927 0.6395 0.1067 -0.5695 -0.327 0.6996 -0.2816 -0.6071 -0.3954 0.5841 -0.3658 -0.9456 -0.0795 -0.3156 0.005 -0.7241 -0.0497 0.6833 0.0792 -0.6907 -0.1456 0.7084 -0.0016 -0.9067 0.2535 -0.3337 -0.0484
-0.6678 0.2322 0.5967 0.3795 -0.6423 0.4522 0.5981 0.1586 -0.684 0.3933 0.5476 0.2786 -0.7365 -0.1927 0.6395 0.1067 -0.5695 -0.327 0.6996 -0.2816 -0.6071 -0.3954 0.5841 -0.3658 -0.9456 -0.0795 -0.3156 0.005 -0.7241 -0.0497 0.6833 0.0792 -0.6907 -0.1456 0.7084 -0.0016 -0.9067 0.2535 -0.3337 -0.0484
-0.6678 0.2322 0.5967 0.3795 -0.6423 0.4522 0.5981 0.1586 -0.684 0.3933 0.5476 0.2786 -0.7365 -0.1927 0.6395 0.1067 -0.5695 -0.327 0.6996 -0.2816 -0.6071 -0.3954 0.5841 -0.3658 -0.9456 -0.0795 -0.3156 0.005 -0.7241 -0.0497 0.6833 0.0792 -0.6907 -0.1456 0.7084 -0.0016 -0.9404 0.2225 -0.256 0.0247
-0.6678 0.2322 0.5967 0.3795 -0.6423 0.4522 0.5981 0.1586 -0.684 0.3933 0.5476 0.2786 -0.7365 -0.1927 0.6395 0.1067 -0.5695 -0.327 0.6996 -0.2816 -0.6071 -0.3954 0.5841 -0.3658 -0.9456 -0.0795 -0.3156 0.005 -0.7241 -0.0497 0.6833 0.0792 -0.6907 -0.1456 0.7084 -0.0016 -0.9404 0.2225 -0.256 0.0247
-0.6678 0.2322 0.5967 0.3795 -0.6423 0.4522 0.5981 0.1586 -0.684 0.3933 0.5476 0.2786 -0.7399 -0.1916 0.6372 0.0991 -0.5695 -0.327 0.6996 -0.2816 -0.6371 -0.3951 0.5657 -0.3433 -0.9456 -0.0795 -0.3156 0.005 -0.7241 -0.0497 0.6833 0.0792 -0.6907 -0.1456 0.7084 -0.0016 -0.9404 0.2225 -0.256 0.0247
-0.6678 0.2322 0.5967 0.3795 -0.6423 0.4522 0.5981 0.1586 -0.684 0.3933 0.5476 0.2786 -0.7399 -0.1916 0.6372 0.0991 -0.5695 -0.327 0.6996 -0.2816 -0.6371 -0.3951 0.5657 -0.3433 -0.9456 -0.0795 -0.3156 0.005 -0.7241 -0.0497 0.6833 0.0792 -0.6907 -0.1456 0.7084 -0.0016 -0.9404 0.2225 -0.256 0.0247
-0.6678 0.2322 0.5967 0.3795 -0.6423 0.4522 0.5981 0.1586 -0.684 0.3933 0.5476 0.2786 -0.7399 -0.1916 0.6372 0.0991 -0.5695 -0.327 0.6996 -0.2816 -0.6371 -0.3951 0.5657 -0.3433 -0.9413 -0.0807 -0.3275 0.0114 -0.7241 -0.0497 0.6833 0.0792 -0.6888 -0.1235 0.7141 0.0224 -0.9404 0.2225 -0.256 0.0247
-0.6678 0.2322 0.5967 0.3795 -0.6423 0.4522 0.5981 0.1586 -0.684 0.3933 0.5476 0.2786 -0.7399 -0.1916 0.6372 0.0991 -0.5695 -0.327 0.6996 -0.2816 -0.6371 -0.3951 0.5657 -0.3433 -0.9413 -0.0807 -0.3275 0.0114 -0.71 -0.0408 0.6968 0.0925 -0.6888 -0.1235 0.7141 0.0224 -0.9404 0.2225 -0.256 0.0247
-0.6678 0.2322 0.5967 0.3795 -0.6423 0.4522 0.5981 0.1586 -0.684 0.3933 0.5476 0.2786 -0.7399 -0.1916 0.6372 0.0991 -0.5695 -0.327 0.6996 -0.2816 -0.6371 -0.3951 0.5657 -0.3433 -0.9413 -0.0807 -0.3275 0.0114 -0.71 -0.0408 0.6968 0.0925 -0.6888 -0.1235 0.7141 0.0224 -0.9404 0.2225 -0.256 0.0247
-0.6678 0.2322 0.5967 0.3795 -0.643 0.4631 0.593 0.143 -0.6821 0.3831 0.5506 0.2914 -0.7399 -0.1916 0.6372 0.0991 -0.5695 -0.327 0.6996 -0.2816 -0.6371 -0.3951 0.5657 -0.3433 -0.9413 -0.0807 -0.3275 0.0114 -0.71 -0.0408 0.6968 0.0925 -0.6888 -0.1235 0.7141 0.0224 -0.9214 0.2292 -0.3138 -0.002
-0.6678 0.2322 0.5967 0.3795 -0.643 0.4631 0.593 0.143 -0.6821 0.3831 0.5506 0.2914 -0.7407 -0.1924 0.6382 0.084 -0.5695 -0.327 0.6996 -0.2816 -0.7093 -0.4016 0.5051 -0.2836 -0.9413 -0.0807 -0.3275 0.0114 -0.71 -0.0408 0.6968 0.0925 -0.6888 -0.1235 0.7141 0.0224 -0.9214 0.2292 -0.3138 -0.002
-0.6678 0.2322 0.5967 0.3795 -0.643 0.4631 0.593 0.143 -0.6821 0.3831 0.5506 0.2914 -0.7407 -0.1924 0.6382 0.084 -0.6177 -0.2529 0.7137 -0.2124 -0.7093 -0.4016 0.5051 -0.2836 -0.9413 -0.0807 -0.3275 0.0114 -0.71 -0.0408 0.6968 0.0925 -0.6888 -0.1235 0.7141 0.0224 -0.9214 0.2292 -0.3138 -0.002
-0.6678 0.2322 0.5967 0.3795 -0.643 0.4631 0.593 0.143 -0.6821 0.3831 0.5506 0.2914 -0.7407 -0.1924 0.6382 0.084 -0.6177 -0.2529 0.7137 -0.2124 -0.7093 -0.4016 0.5051 -0.2836 -0.9413 -0.0807 -0.3275 0.0114 -0.71 -0.0408 0.6968 0.0925 -0.6888 -0.1235 0.7141 0.0224 -0.9214 0.2292 -0.3138 -0.002
-0.6678 0.2322 0.5967 0.3795 -0.643 0.4631 0.593 0.143 -0.6821 0.3831 0.5506 0.2914 -0.7407 -0.1924 0.6382 0.084 -0.6177 -0.2529 0.7137 -0.2124 -0.7093 -0.4016 0.5051 -0.2836 -0.8829 -0.073 -0.4592 0.0644 -0.71 -0.0408 0.6968 0.0925 -0.6696 -0.0665 0.7397 0.013 -0.9214 0.2292 -0.3138 -0.002
-0.6678 0.2322 0.5967 0.3795 -0.643 0.4631 0.593 0.143 -0.6821 0.3831 0.5506 0.2914 -0.7407 -0.1924 0.6382 0.084 -0.6177 -0.2529 0.7137 -0.2124 -0.7093 -0.4016 0.5051 -0.2836 -0.8829 -0.073 -0.4592 0.0644 -0.6926 -0.0146 0.7194 0.05 -0.6696 -0.0665 0.7397 0.013 -0.9214 0.2292 -0.3138 -0.002
-0.6678 0.2322 0.5967 0.3795 -0.643 0.4631 0.593 0.143 -0.6821 0.3831 0.5506 0.2914 -0.7407 -0.1924 0.6382 0.084 -0.6177 -0.2529 0.7137 -0.2124 -0.7093 -0.4016 0.5051 -0.2836 -0.8829 -0.073 -0.4592 0.0644 -0.6926 -0.0146 0.7194 0.05 -0.6696 -0.0665 0.7397 0.013 -0.9214 0.2292 -0.3138 -0.002
-0.6678 0.2322 0.5967 0.3795 -0.643 0.4631 0.593 0.143 -0.6821 0.3831 0.5506 0.2914 -0.7407 -0.1924 0.6382 0.084 -0.6177 -0.2529 0.7137 -0.2124 -0.7093 -0.4016 0.5051 -0.2836 -0.8829 -0.073 -0.4592 0.0644 -0.6926 -0.0146 0.7194 0.05 -0.6696 -0.0665 0.7397 0.013 -0.9214 0.2292 -0.3138 -0.002
-0.6678 0.2322 0.5967 0.3795 -0.643 0.4631 0.593 0.143 -0.6821 0.3831 0.5506 0.2914 -0.7407 -0.1924 0.6382 0.084 -0.6177 -0.2529 0.7137 -0.2124 -0.7093 -0.4016 0.5051 -0.2836 -0.8829 -0.073 -0.4592 0.0644 -0.6926 -0.0146 0.7194 0.05 -0.6696 -0.0665 0.7397 0.013 -0.9214 0.2292 -0.3138 -0.002
-0.6586 0.2178 0.6022 0.3952 -0.643 0.4631 0.593 0.143 -0.6821 0.3831 0.5506 0.2914 -0.7421 -0.1736 0.6401 0.0973 -0.6177 -0.2529 0.7137 -0.2124 -0.7764 -0.4363 0.4161 -0.1837 -0.8829 -0.073 -0.4592 0.0644 -0.6926 -0.0146 0.7194 0.05 -0.6696 -0.0665 0.7397 0.013 -0.9214 0.2292 -0.3138 -0.002
-0.6586 0.2178 0.6022 0.3952 -0.643 0.4631 0.593 0.143 -0.6821 0.3831 0.5506 0.2914 -0.7421 -0.1736 0.6401 0.0973 -0.6177 -0.2529 0.7137 -0.2124 -0.7764 -0.4363 0.4161 -0.1837 -0.8829 -0.073 -0.4592 0.0644 -0.6926 -0.0146 0.7194 0.05 -0.6696 -0.0665 0.7397 0.013 -0.9214 0.2292 -0.3138 -0.002
-0.6586 0.2178 0.6022 0.3952 -0.643 0.4631 0.593 0.143 -0.6821 0.3831 0.5506 0.2914 -0.7421 -0.1736 0.6401 0.0973 -0.6177 -0.2529 0.7137 -0.2124 -0.7764 -0.4363 0.4161 -0.1837 -0.8175 -0.0574 -0.5648 0.0967 -0.6926 -0.0146 0.7194 0.05 -0.6564 -0.0584 0.7521 -0.0081 -0.9214 0.2292 -0.3138 -0.002
-0.6586 0.2178 0.6022 0.3952 -0.643 0.4631 0.593 0.143 -0.6821 0.3831 0.5506 0.2914 -0.7421 -0.1736 0.6401 0.0973 -0.6177 -0.2529 0.7137 -0.2124 -0.7764 -0.4363 0.4161 -0.1837 -0.8175 -0.0574 -0.5648 0.0967 -0.6784 -0.0141 0.7346 0.0067 -0.6564 -0.0584 0.7521 -0.0081 -0.9214 0.2292 -0.3138 -0.002
-0.6586 0.2178 0.6022 0.3952 -0.643 0.4631 0.593 0.143 -0.6821 0.3831 0.5506 0.2914 -0.7421 -0.1736 0.6401 0.0973 -0.6177 -0.2529 0.7137 -0.2124 -0.7764 -0.4363 0.4161 -0.1837 -0.8175 -0.0574 -0.5648 0.0967 -0.6784 -0.0141 0.7346 0.0067 -0.6564 -0.0584 0.7521 -0.0081 -0.9214 0.2292 -0.3138 -0.002
-0.6586 0.2178 0.6022 0.3952 -0.643 0.4631 0.593 0.143 -0.6821 0.3831 0.5506 0.2914 -0.7421 -0.1736 0.6401 0.0973 -0.6177 -0.2529 0.7137 -0.2124 -0.7764 -0.4363 0.4161 -0.1837 -0.8175 -0.0574 -0.5648 0.0967 -0.6784 -0.0141 0.7346 0.0067 -0.6564 -0.0584 0.7521 -0.0081 -0.9214 0.2292 -0.3138 -0.002
-0.6586 0.2178 0.6022 0.3952 -0.643 0.4631 0.593 0.143 -0.6821 0.3831 0.5506 0.2914 -0.7421 -0.1736 0.6401 0.0973 -0.6177 -0.2529 0.7137 -0.2124 -0.7764 -0.4363 0.4161 -0.1837 -0.8175 -0.0574 -0.5648 0.0967 -0.6784 -0.0141 0.7346 0.0067 -0.6564 -0.0584 0.7521 -0.0081 -0.9214 0.2292 -0.3138 -0.002
-0.6586 0.2178 0.6022 0.3952 -0.643 0.4631 0.593 0.143 -0.6638 0.3883 0.5331 0.3526 -0.7264 -0.1851 0.6466 0.1412 -0.6177 -0.2529 0.7137 -0.2124 -0.7418 -0.4001 0.4872 -0.2286 -0.8175 -0.0574 -0.5648 0.0967 -0.6784 -0.0141 0.7346 0.0067 -0.6564 -0.0584 0.7521 -0.0081 -0.9113 0.2092 -0.3548 0.0023
-0.6586 0.2178 0.6022 0.3952 -0.643 0.4631 0.593 0.143 -0.6638 0.3883 0.5331 0.3526 -0.7264 -0.1851 0.6466 0.1412 -0.6177 -0.2529 0.7137 -0.2124 -0.7418 -0.4001 0.4872 -0.2286 -0.8175 -0.0574 -0.5648 0.0967 -0.6784 -0.0141 0.7346 0.0067 -0.6564 -0.0584 0.7521 -0.0081 -0.9113 0.2092 -0.3548 0.0023
-0.6586 0.2178 0.6022 0.3952 -0.643 0.4631 0.593 0.143 -0.6638 0.3883 0.5331 0.3526 -0.7264 -0.1851 0.6466 0.1412 -0.6177 -0.2529 0.7137 -0.2124 -0.7418 -0.4001 0.4872 -0.2286 -0.8933 -0.0921 -0.4319 0.0836 -0.6784 -0.0141 0.7346 0.0067 -0.6545 -0.0499 0.7518 -0.0615 -0.9113 0.2092 -0.3548 0.0023
-0.6586 0.2178 0.6022 0.3952 -0.643 0.4631 0.593 0.143 -0.6638 0.3883 0.5331 0.3526 -0.7264 -0.1851 0.6466 0.1412 -0.6177 -0.2529 0.7137 -0.2124 -0.7418 -0.4001 0.4872 -0.2286 -0.8933 -0.0921 -0.4319 0.0836 -0.6784 -0.0141 0.7346 0.0067 -0.6545 -0.0499 0.7518 -0.0615 -0.9113 0.2092 -0.3548 0.0023
-0.6586 0.2178 0.6022 0.3952 -0.643 0.4631 0.593 0.143 -0.6638 0.3883 0.5331 0.3526 -0.7264 -0.1851 0.6466 0.1412 -0.6177 -0.2529 0.7137 -0.2124 -0.7418 -0.4001 0.4872 -0.2286 -0.8933 -0.0921 -0.4319 0.0836 -0.6691 -0.0302 0.7422 -0.022 -0.6545 -0.0499 0.7518 -0.0615 -0.9113 0.2092 -0.3548 0.0023
-0.6586 0.2178 0.6022 0.3952 -0.6287 0.5158 0.5579 0.1656 -0.6695 0.3665 0.5345 0.363 -0.7264 -0.1851 0.6466 0.1412 -0.6177 -0.2529 0.7137 -0.2124 -0.7418 -0.4001 0.4872 -0.2286 -0.8933 -0.0921 -0.4319 0.0836 -0.6691 -0.0302 0.7422 -0.022 -0.6545 -0.0499 0.7518 -0.0615 -0.9113 0.2092 -0.3548 0.0023
-0.6586 0.2178 0.6022 0.3952 -0.6287 0.5158 0.5579 0.1656 -0.6695 0.3665 0.5345 0.363 -0.7078 -0.215 0.6548 0.1548 -0.6177 -0.2529 0.7137 -0.2124 -0.6398 -0.3506 0.5721 -0.3748 -0.8933 -0.0921 -0.4319 0.0836 -0.6691 -0.0302 0.7422 -0.022 -0.6545 -0.0499 0.7518 -0.0615 -0.9069 0.205 -0.3682 -0.0053
-0.6586 0.2178 0.6022 0.3952 -0.6287 0.5158 0.5579 0.1656 -0.6695 0.3665 0.5345 0.363 -0.7078 -0.215 0.6548 0.1548 -0.6177 -0.2529 0.7137 -0.2124 -0.6398 -0.3506 0.5721 -0.3748 -0.8933 -0.0921 -0.4319 0.0836 -0.6691 -0.0302 0.7422 -0.022 -0.6545 -0.0499 0.7518 -0.0615 -0.9069 0.205 -0.3682 -0.0053
-0.6586 0.2178 0.6022 0.3952 -0.6287 0.5158 0.5579 0.1656 -0.6695 0.3665 0.5345 0.363 -0.7078 -0.215 0.6548 0.1548 -0.6177 -0.2529 0.7137 -0.2124 -0.6398 -0.3506 0.5721 -0.3748 -0.8933 -0.0921 -0.4319 0.0836 -0.6691 -0.0302 0.7422 -0.022 -0.6545 -0.0499 0.7518 -0.0615 -0.9069 0.205 -0.3682 -0.0053
-0.6586 0.2178 0.6022 0.3952 -0.6287 0.5158 0.5579 0.1656 -0.6695 0.3665 0.5345 0.363 -0.7078 -0.215 0.6548 0.1548 -0.6177 -0.2529 0.7137 -0.2124 -0.6398 -0.3506 0.5721 -0.3748 -0.9306 -0.0789 -0.3528 -0.0569 -0.6691 -0.0302 0.7422 -0.022 -0.6556 -0.0496 0.7466 -0.1015 -0.9069 0.205 -0.3682 -0.0053
-0.6586 0.2178 0.6022 0.3952 -0.6287 0.5158 0.5579 0.1656 -0.6695 0.3665 0.5345 0.363 -0.7078 -0.215 0.6548 0.1548 -0.6177 -0.2529 0.7137 -0.2124 -0.6398 -0.3506 0.5721 -0.3748 -0.9306 -0.0789 -0.3528 -0.0569 -0.6617 -0.0471 0.7433 -0.0859 -0.6556 -0.0496 0.7466 -0.1015 -0.9069 0.205 -0.3682 -0.0053
-0.6586 0.2178 0.6022 0.3952 -0.6287 0.5158 0.5579 0.1656 -0.6695 0.3665 0.5345 0.363 -0.7078 -0.215 0.6548 0.1548 -0.6177 -0.2529 0.7137 -0.2124 -0.6398 -0.3506 0.5721 -0.3748 -0.9306 -0.0789 -0.3528 -0.0569 -0.6617 -0.0471 0.7433 -0.0859 -0.6556 -0.0496 0.7466 -0.1015 -0.9069 0.205 -0.3682 -0.0053
-0.6586 0.2178 0.6022 0.3952 -0.6287 0.5158 0.5579 0.1656 -0.6695 0.3665 0.5345 0.363 -0.7078 -0.215 0.6548 0.1548 -0.6177 -0.2529 0.7137 -0.2124 -0.6398 -0.3506 0.5721 -0.3748 -0.9306 -0.0789 -0.3528 -0.0569 -0.6617 -0.0471 0.7433 -0.0859 -0.6556 -0.0496 0.7466 -0.1015 -0.906 0.2058 -0.3697 -0.0098
-0.6588 0.2211 0.5925 0.4075 -0.6287 0.5158 0.5579 0.1656 -0.6695 0.3665 0.5345 0.363 -0.6815 -0.2459 0.6674 0.1724 -0.6177 -0.2529 0.7137 -0.2124 -0.5773 -0.318 0.5948 -0.4601 -0.9306 -0.0789 -0.3528 -0.0569 -0.6617 -0.0471 0.7433 -0.0859 -0.6556 -0.0496 0.7466 -0.1015 -0.906 0.2058 -0.3697 -0.0098
-0.6588 0.2211 0.5925 0.4075 -0.6287 0.5158 0.5579 0.1656 -0.6695 0.3665 0.5345 0.363 -0.6815 -0.2459 0.6674 0.1724 -0.6177 -0.2529 0.7137 -0.2124 -0.5773 -0.318 0.5948 -0.4601 -0.9306 -0.0789 -0.3528 -0.0569 -0.6617 -0.0471 0.7433 -0.0859 -0.6556 -0.0496 0.7466 -0.1015 -0.906 0.2058 -0.3697 -0.0098
-0.6588 0.2211 0.5925 0.4075 -0.6287 0.5158 0.5579 0.1656 -0.6695 0.3665 0.5345 0.363 -0.6815 -0.2459 0.6674 0.1724 -0.6177 -0.2529 0.7137 -0.2124 -0.5773 -0.318 0.5948 -0.4601 -0.9306 -0.0789 -0.3528 -0.0569 -0.6617 -0.0471 0.7433 -0.0859 -0.6556 -0.0496 0.7466 -0.1015 -0.906 0.2058 -0.3697 -0.0098
-0.6588 0.2211 0.5925 0.4075 -0.6287 0.5158 0.5579 0.1656 -0.6695 0.3665 0.5345 0.363 -0.6815 -0.2459 0.6674 0.1724 -0.6177 -0.2529 0.7137 -0.2124 -0.5773 -0.318 0.5948 -0.4601 -0.9403 -0.051 -0.3257 -0.0844 -0.6617 -0.0471 0.7433 -0.0859 -0.6624 -0.06 0.7303 -0.1559 -0.906 0.2058 -0.3697 -0.0098
-0.6588 0.2211 0.5925 0.4075 -0.6287 0.5158 0.5579 0.1656 -0.6695 0.3665 0.5345 0.363 -0.6815 -0.2459 0.6674 0.1724 -0.6177 -0.2529 0.7137 -0.2124 -0.5773 -0.318 0.5948 -0.4601 -0.9403 -0.051 -0.3257 -0.0844 -0.6528 -0.0645 0.7338 -0.1768 -0.6624 -0.06 0.7303 -0.1559 -0.906 0.2058 -0.3697 -0.0098
-0.6588 0.2211 0.5925 0.4075 -0.6287 0.5158 0.5579 0.1656 -0.6695 0.3665 0.5345 0.363 -0.6815 -0.2459 0.6674 0.1724 -0.6177 -0.2529 0.7137 -0.2124 -0.5773 -0.318 0.5948 -0.4601 -0.9403 -0.051 -0.3257 -0.0844 -0.6528 -0.0645 0.7338 -0.1768 -0.6624 -0.06 0.7303 -0.1559 -0.906 0.2058 -0.3697 -0.0098
-0.6588 0.2211 0.5925 0.4075 -0.6287 0.5158 0.5579 0.1656 -0.6695 0.3665 0.5345 0.363 -0.6815 -0.2459 0.6674 0.1724 -0.6177 -0.2529 0.7137 -0.2124 -0.5773 -0.318 0.5948 -0.4601 -0.9403 -0.051 -0.3257 -0.0844 -0.6528 -0.0645 0.7338 -0.1768 -0.6624 -0.06 0.7303 -0.1559 -0.9094 0.2022 -0.363 -0.0149
-0.6588 0.2211 0.5925 0.4075 -0.6287 0.5158 0.5579 0.1656 -0.6695 0.3665 0.5345 0.363 -0.6815 -0.2459 0.6674 0.1724 -0.6177 -0.2529 0.7137 -0.2124 -0.5773 -0.318 0.5948 -0.4601 -0.9403 -0.051 -0.3257 -0.0844 -0.6528 -0.0645 0.7338 -0.1768 -0.6624 -0.06 0.7303 -0.1559 -0.9094 0.2022 -0.363 -0.0149
-0.6586 0.257 0.5754 0.4113 -0.6287 0.5158 0.5579 0.1656 -0.6695 0.3665 0.5345 0.363 -0.6561 -0.2622 0.6824 0.1873 -0.5396 -0.3127 0.6484 -0.4366 -0.5504 -0.3302 0.6086 -0.4666 -0.9403 -0.051 -0.3257 -0.0844 -0.6528 -0.0645 0.7338 -0.1768 -0.6624 -0.06 0.7303 -0.1559 -0.9094 0.2022 -0.363 -0.0149
-0.6586 0.257 0.5754 0.4113 -0.6287 0.5158 0.5579 0.1656 -0.6695 0.3665 0.5345 0.363 -0.6561 -0.2622 0.6824 0.1873 -0.5396 -0.3127 0.6484 -0.4366 -0.5504 -0.3302 0.6086 -0.4666 -0.9403 -0.051 -0.3257 -0.0844 -0.6528 -0.0645 0.7338 -0.1768 -0.6624 -0.06 0.7303 -0.1559 -0.9094 0.2022 -0.363 -0.0149
-0.6586 0.257 0.5754 0.4113 -0.6287 0.5158 0.5579 0.1656 -0.6695 0.3665 0.5345 0.363 -0.6561 -0.2622 0.6824 0.1873 -0.5396 -0.3127 0.6484 -0.4366 -0.5504 -0.3302 0.6086 -0.4666 -0.9377 -0.055 -0.3336 -0.0804 -0.6528 -0.0645 0.7338 -0.1768 -0.6682 -0.0095 0.7097 -0.2231 -0.9094 0.2022 -0.363 -0.0149
-0.6586 0.257 0.5754 0.4113 -0.6287 0.5158 0.5579 0.1656 -0.6695 0.3665 0.5345 0.363 -0.6561 -0.2622 0.6824 0.1873 -0.5396 -0.3127 0.6484 -0.4366 -0.5504 -0.3302 0.6086 -0.4666 -0.9377 -0.055 -0.3336 -0.0804 -0.6566 -0.0662 0.7209 -0.2119 -0.6682 -0.0095 0.7097 -0.2231 -0.9094 0.2022 -0.363 -0.0149
-0.6586 0.257 0.5754 0.4113 -0.6287 0.5158 0.5579 0.1656 -0.6695 0.3665 0.5345 0.363 -0.6561 -0.2622 0.6824 0.1873 -0.5396 -0.3127 0.6484 -0.4366 -0.5504 -0.3302 0.6086 -0.4666 -0.9377 -0.055 -0.3336 -0.0804 -0.6566 -0.0662 0.7209 -0.2119 -0.6682 -0.0095 0.7097 -0.2231 -0.9094 0.2022 -0.363 -0.0149
-0.6586 0.257 0.5754 0.4113 -0.6287 0.5158 0.5579 0.1656 -0.6695 0.3665 0.5345 0.363 -0.6561 -0.2622 0.6824 0.1873 -0.5396 -0.3127 0.6484 -0.4366 -0.5504 -0.3302 0.6086 -0.4666 -0.9377 -0.055 -0.3336 -0.0804 -0.6566 -0.0662 0.7209 -0.2119 -0.6682 -0.0095 0.7097 -0.2231 -0.8946 0.1926 -0.3972 -0.0692
-0.6575 0.2991 0.5532 0.415 -0.6287 0.5158 0.5579 0.1656 -0.6695 0.3665 0.5345 0.363 -0.6504 -0.2531 0.6992 0.1554 -0.5396 -0.3127 0.6484 -0.4366 -0.5409 -0.4022 0.5838 -0.4526 -0.9377 -0.055 -0.3336 -0.0804 -0.6566 -0.0662 0.7209 -0.2119 -0.6682 -0.0095 0.7097 -0.2231 -0.8946 0.1926 -0.3972 -0.0692
-0.6575 0.2991 0.5532 0.415 -0.6287 0.5158 0.5579 0.1656 -0.6695 0.3665 0.5345 0.363 -0.6504 -0.2531 0.6992 0.1554 -0.5396 -0.3127 0.6484 -0.4366 -0.5409 -0.4022 0.5838 -0.4526 -0.9377 -0.055 -0.3336 -0.0804 -0.6566 -0.0662 0.7209 -0.2119 -0.6682 -0.0095 0.7097 -0.2231 -0.8946 0.1926 -0.3972 -0.0692
-0.6575 0.2991 0.5532 0.415 -0.6287 0.5158 0.5579 0.1656 -0.6695 0.3665 0.5345 0.363 -0.6504 -0.2531 0.6992 0.1554 -0.5396 -0.3127 0.6484 -0.4366 -0.5409 -0.4022 0.5838 -0.4526 -0.9377 -0.055 -0.3336 -0.0804 -0.6566 -0.0662 0.7209 -0.2119 -0.6682 -0.0095 0.7097 -0.2231 -0.8946 0.1926 -0.3972 -0.0692
-0.6575 0.2991 0.5532 0.415 -0.6287 0.5158 0.5579 0.1656 -0.6695 0.3665 0.5345 0.363 -0.6504 -0.2531 0.6992 0.1554 -0.5396 -0.3127 0.6484 -0.4366 -0.5409 -0.4022 0.5838 -0.4526 -0.9342 -0.0653 -0.3394 -0.0883 -0.6566 -0.0662 0.7209 -0.2119 -0.6362 0.0242 0.7001 -0.3233 -0.8946 0.1926 -0.3972 -0.0692
-0.6575 0.2991 0.5532 0.415 -0.6287 0.5158 0.5579 0.1656 -0.6695 0.3665 0.5345 0.363 -0.6504 -0.2531 0.6992 0.1554 -0.5396 -0.3127 0.6484 -0.4366 -0.5409 -0.4022 0.5838 -0.4526 -0.9342 -0.0653 -0.3394 -0.0883 -0.6729 -0.1263 0.6931 -0.2258 -0.6362 0.0242 0.7001 -0.3233 -0.8946 0.1926 -0.3972 -0.0692
-0.6575 0.2991 0.5532 0.415 -0.6287 0.5158 0.5579 0.1656 -0.6695 0.3665 0.5345 0.363 -0.6504 -0.2531 0.6992 0.1554 -0.5396 -0.3127 0.6484 -0.4366 -0.5409 -0.4022 0.5838 -0.4526 -0.9342 -0.0653 -0.3394 -0.0883 -0.6729 -0.1263 0.6931 -0.2258 -0.6362 0.0242 0.7001 -0.3233 -0.8946 0.1926 -0.3972 -0.0692
-0.6575 0.2991 0.5532 0.415 -0.6287 0.5158 0.5579 0.1656 -0.6695 0.3665 0.5345 0.363 -0.6504 -0.2531 0.6992 0.1554 -0.5396 -0.3127 0.6484 -0.4366 -0.5409 -0.4022 0.5838 -0.4526 -0.9342 -0.0653 -0.3394 -0.0883 -0.6729 -0.1263 0.6931 -0.2258 -0.6362 0.0242 0.7001 -0.3233 -0.8407 0.2048 -0.4608 -0.1974
-0.6575 0.2991 0.5532 0.415 -0.6287 0.5158 0.5579 0.1656 -0.6695 0.3665 0.5345 0.363 -0.6504 -0.2531 0.6992 0.1554 -0.5396 -0.3127 0.6484 -0.4366 -0.5409 -0.4022 0.5838 -0.4526 -0.9342 -0.0653 -0.3394 -0.0883 -0.6729 -0.1263 0.6931 -0.2258 -0.6362 0.0242 0.7001 -0.3233 -0.8407 0.2048 -0.4608 -0.1974
-0.6716 0.2295 0.576 0.4056 -0.6287 0.5158 0.5579 0.1656 -0.6695 0.3665 0.5345 0.363 -0.6504 -0.2531 0.6992 0.1554 -0.5396 -0.3127 0.6484 -0.4366 -0.5409 -0.4022 0.5838 -0.4526 -0.9342 -0.0653 -0.3394 -0.0883 -0.6729 -0.1263 0.6931 -0.2258 -0.6362 0.0242 0.7001 -0.3233 -0.8407 0.2048 -0.4608 -0.1974
-0.6716 0.2295 0.576 0.4056 -0.6287 0.5158 0.5579 0.1656 -0.6695 0.3665 0.5345 0.363 -0.6504 -0.2531 0.6992 0.1554 -0.5396 -0.3127 0.6484 -0.4366 -0.5409 -0.4022 0.5838 -0.4526 -0.9342 -0.0653 -0.3394 -0.0883 -0.6729 -0.1263 0.6931 -0.2258 -0.6362 0.0242 0.7001 -0.3233 -0.8407 0.2048 -0.4608 -0.1974
-0.6716 0.2295 0.576 0.4056 -0.6287 0.5158 0.5579 0.1656 -0.6695 0.3665 0.5345 0.363 -0.6504 -0.2531 0.6992 0.1554 -0.5396 -0.3127 0.6484 -0.4366 -0.5409 -0.4022 0.5838 -0.4526 -0.933 -0.0648 -0.343 -0.0874 -0.6729 -0.1263 0.6931 -0.2258 -0.6181 0.004 0.7089 -0.3396 -0.8407 0.2048 -0.4608 -0.1974
-0.6716 0.2295 0.576 0.4056 -0.6287 0.5158 0.5579 0.1656 -0.6695 0.3665 0.5345 0.363 -0.6504 -0.2531 0.6992 0.1554 -0.5396 -0.3127 0.6484 -0.4366 -0.5409 -0.4022 0.5838 -0.4526 -0.933 -0.0648 -0.343 -0.0874 -0.6729 -0.1263 0.6931 -0.2258 -0.6181 0.004 0.7089 -0.3396 -0.8407 0.2048 -0.4608 -0.1974
-0.6716 0.2295 0.576 0.4056 -0.6287 0.5158 0.5579 0.1656 -0.6695 0.3665 0.5345 0.363 -0.6504 -0.2531 0.6992 0.1554 -0.5396 -0.3127 0.6484 -0.4366 -0.5409 -0.4022 0.5838 -0.4526 -0.933 -0.0648 -0.343 -0.0874 -0.6729 -0.1263 0.6931 -0.2258 -0.6181 0.004 0.7089 -0.3396 -0.8407 0.2048 -0.4608 -0.1974
-0.6716 0.2295 0.576 0.4056 -0.6561 0.4656 0.5861 0.0963 -0.6599 0.3278 0.6005 0.3108 -0.6504 -0.2531 0.6992 0.1554 -0.5396 -0.3127 0.6484 -0.4366 -0.5409 -0.4022 0.5838 -0.4526 -0.933 -0.0648 -0.343 -0.0874 -0.6727 -0.1211 0.7152 -0.1459 -0.6181 0.004 0.7089 -0.3396 -0.8665 0.2233 -0.4194 -0.153
-0.6716 0.2295 0.576 0.4056 -0.6561 0.4656 0.5861 0.0963 -0.6599 0.3278 0.6005 0.3108 -0.6504 -0.2531 0.6992 0.1554 -0.5396 -0.3127 0.6484 -0.4366 -0.5409 -0.4022 0.5838 -0.4526 -0.933 -0.0648 -0.343 -0.0874 -0.6727 -0.1211 0.7152 -0.1459 -0.6181 0.004 0.7089 -0.3396 -0.8665 0.2233 -0.4194 -0.153
-0.6949 0.1391 0.5965 0.3767 -0.6561 0.4656 0.5861 0.0963 -0.6599 0.3278 0.6005 0.3108 -0.6504 -0.2531 0.6992 0.1554 -0.5358 -0.3549 0.6748 -0.3628 -0.5409 -0.4022 0.5838 -0.4526 -0.933 -0.0648 -0.343 -0.0874 -0.6727 -0.1211 0.7152 -0.1459 -0.6181 0.004 0.7089 -0.3396 -0.8665 0.2233 -0.4194 -0.153
-0.6949 0.1391 0.5965 0.3767 -0.6561 0.4656 0.5861 0.0963 -0.6599 0.3278 0.6005 0.3108 -0.6504 -0.2531 0.6992 0.1554 -0.5358 -0.3549 0.6748 -0.3628 -0.5409 -0.4022 0.5838 -0.4526 -0.933 -0.0648 -0.343 -0.0874 -0.6727 -0.1211 0.7152 -0.1459 -0.6487 -0.0569 0.7253 -0.2233 -0.8665 0.2233 -0.4194 -0.153
-0.6949 0.1391 0.5965 0.3767 -0.6561 0.4656 0.5861 0.0963 -0.6599 0.3278 0.6005 0.3108 -0.6504 -0.2531 0.6992 0.1554 -0.5358 -0.3549 0.6748 -0.3628 -0.5409 -0.4022 0.5838 -0.4526 -0.933 -0.0648 -0.343 -0.0874 -0.6727 -0.1211 0.7152 -0.1459 -0.6487 -0.0569 0.7253 -0.2233 -0.8665 0.2233 -0.4194 -0.153
-0.6949 0.1391 0.5965 0.3767 -0.6561 0.4656 0.5861 0.0963 -0.6599 0.3278 0.6005 0.3108 -0.6504 -0.2531 0.6992 0.1554 -0.5358 -0.3549 0.6748 -0.3628 -0.5409 -0.4022 0.5838 -0.4526 -0.933 -0.0648 -0.343 -0.0874 -0.699 -0.1057 0.7048 -0.0594 -0.6487 -0.0569 0.7253 -0.2233 -0.8665 0.2233 -0.4194 -0.153
-0.6949 0.1391 0.5965 0.3767 -0.6561 0.4656 0.5861 0.0963 -0.6599 0.3278 0.6005 0.3108 -0.6504 -0.2531 0.6992 0.1554 -0.5358 -0.3549 0.6748 -0.3628 -0.5409 -0.4022 0.5838 -0.4526 -0.933 -0.0648 -0.343 -0.0874 -0.699 -0.1057 0.7048 -0.0594 -0.6487 -0.0569 0.7253 -0.2233 -0.8665 0.2233 -0.4194 -0.153
-0.6949 0.1391 0.5965 0.3767 -0.6561 0.4656 0.5861 0.0963 -0.6599 0.3278 0.6005 0.3108 -0.6504 -0.2531 0.6992 0.1554 -0.5358 -0.3549 0.6748 -0.3628 -0.5409 -0.4022 0.5838 -0.4526 -0.933 -0.0648 -0.343 -0.0874 -0.699 -0.1057 0.7048 -0.0594 -0.6487 -0.0569 0.7253 -0.2233 -0.8923 0.2596 -0.3215 -0.1819
-0.6949 0.1391 0.5965 0.3767 -0.6561 0.4656 0.5861 0.0963 -0.6599 0.3278 0.6005 0.3108 -0.6504 -0.2531 0.6992 0.1554 -0.5358 -0.3549 0.6748 -0.3628 -0.5409 -0.4022 0.5838 -0.4526 -0.933 -0.0648 -0.343 -0.0874 -0.699 -0.1057 0.7048 -0.0594 -0.6487 -0.0569 0.7253 -0.2233 -0.8923 0.2596 -0.3215 -0.1819
-0.6949 0.1391 0.5965 0.3767 -0.6561 0.4656 0.5861 0.0963 -0.6599 0.3278 0.6005 0.3108 -0.6504 -0.2531 0.6992 0.1554 -0.5522 -0.3375 0.6879 -0.3285 -0.5409 -0.4022 0.5838 -0.4526 -0.933 -0.0648 -0.343 -0.0874 -0.699 -0.1057 0.7048 -0.0594 -0.6487 -0.0569 0.7253 -0.2233 -0.8923 0.2596 -0.3215 -0.1819
-0.6949 0.1391 0.5965 0.3767 -0.6561 0.4656 0.5861 0.0963 -0.6599 0.3278 0.6005 0.3108 -0.6504 -0.2531 0.6992 0.1554 -0.5522 -0.3375 0.6879 -0.3285 -0.5409 -0.4022 0.5838 -0.4526 -0.933 -0.0648 -0.343 -0.0874 -0.699 -0.1057 0.7048 -0.0594 -0.6487 -0.0569 0.7253 -0.2233 -0.8923 0.2596 -0.3215 -0.1819
-0.6949 0.1391 0.5965 0.3767 -0.6561 0.4656 0.5861 0.0963 -0.6599 0.3278 0.6005 0.3108 -0.6504 -0.2531 0.6992 0.1554 -0.5522 -0.3375 0.6879 -0.3285 -0.5409 -0.4022 0.5838 -0.4526 -0.9343 -0.0616 -0.342 -0.0794 -0.699 -0.1057 0.7048 -0.0594 -0.6594 -0.1665 0.7068 -0.1945 -0.8923 0.2596 -0.3215 -0.1819
-0.6949 0.1391 0.5965 0.3767 -0.6561 0.4656 0.5861 0.0963 -0.6599 0.3278 0.6005 0.3108 -0.6504 -0.2531 0.6992 0.1554 -0.5522 -0.3375 0.6879 -0.3285 -0.5409 -0.4022 0.5838 -0.4526 -0.9343 -0.0616 -0.342 -0.0794 -0.699 -0.1057 0.7048 -0.0594 -0.6594 -0.1665 0.7068 -0.1945 -0.8923 0.2596 -0.3215 -0.1819
-0.6949 0.1391 0.5965 0.3767 -0.6561 0.4656 0.5861 0.0963 -0.6599 0.3278 0.6005 0.3108 -0.6504 -0.2531 0.6992 0.1554 -0.5522 -0.3375 0.6879 -0.3285 -0.5409 -0.4022 0.5838 -0.4526 -0.9343 -0.0616 -0.342 -0.0794 -0.7233 -0.1315 0.6779 -0.0091 -0.6594 -0.1665 0.7068 -0.1945 -0.8923 0.2596 -0.3215 -0.1819
-0.6949 0.1391 0.5965 0.3767 -0.6664 0.4015 0.6246 0.0684 -0.6599 0.3278 0.6005 0.3108 -0.6931 -0.2178 0.6749 0.1294 -0.5522 -0.3375 0.6879 -0.3285 -0.5409 -0.4022 0.5838 -0.4526 -0.9343 -0.0616 -0.342 -0.0794 -0.7233 -0.1315 0.6779 -0.0091 -0.6594 -0.1665 0.7068 -0.1945 -0.9114 0.2499 -0.2977 -0.1349
-0.6949 0.1391 0.5965 0.3767 -0.6664 0.4015 0.6246 0.0684 -0.6599 0.3278 0.6005 0.3108 -0.6931 -0.2178 0.6749 0.1294 -0.5522 -0.3375 0.6879 -0.3285 -0.5409 -0.4022 0.5838 -0.4526 -0.9343 -0.0616 -0.342 -0.0794 -0.7233 -0.1315 0.6779 -0.0091 -0.6594 -0.1665 0.7068 -0.1945 -0.9114 0.2499 -0.2977 -0.1349
-0.6949 0.1391 0.5965 0.3767 -0.6664 0.4015 0.6246 0.0684 -0.6599 0.3278 0.6005 0.3108 -0.6931 -0.2178 0.6749 0.1294 -0.5522 -0.3375 0.6879 -0.3285 -0.5409 -0.4022 0.5838 -0.4526 -0.9343 -0.0616 -0.342 -0.0794 -0.7233 -0.1315 0.6779 -0.0091 -0.6594 -0.1665 0.7068 -0.1945 -0.9114 0.2499 -0.2977 -0.1349
-0.6949 0.1391 0.5965 0.3767 -0.6664 0.4015 0.6246 0.0684 -0.6599 0.3278 0.6005 0.3108 -0.6931 -0.2178 0.6749 0.1294 -0.5522 -0.3375 0.6879 -0.3285 -0.5409 -0.4022 0.5838 -0.4526 -0.9343 -0.0616 -0.342 -0.0794 -0.7233 -0.1315 0.6779 -0.0091 -0.7007 -0.1456 0.6973 -0.0401 -0.9114 0.2499 -0.2977 -0.1349
-0.6949 0.1391 0.5965 0.3767 -0.6664 0.4015 0.6246 0.0684 -0.6599 0.3278 0.6005 0.3108 -0.6931 -0.2178 0.6749 0.1294 -0.5522 -0.3375 0.6879 -0.3285 -0.5409 -0.4022 0.5838 -0.4526 -0.9343 -0.0616 -0.342 -0.0794 -0.7233 -0.1315 0.6779 -0.0091 -0.7007 -0.1456 0.6973 -0.0401 -0.9114 0.2499 -0.2977 -0.1349
-0.6949 0.1391 0.5965 0.3767 -0.6664 0.4015 0.6246 0.0684 -0.6599 0.3278 0.6005 0.3108 -0.6931 -0.2178 0.6749 0.1294 -0.5522 -0.3375 0.6879 -0.3285 -0.5409 -0.4022 0.5838 -0.4526 -0.9343 -0.0616 -0.342 -0.0794 -0.7334 -0.0634 0.6749 0.0508 -0.7007 -0.1456 0.6973 -0.0401 -0.9114 0.2499 -0.2977 -0.1349
-0.6949 0.1391 0.5965 0.3767 -0.6637 0.4005 0.6277 0.071 -0.6707 0.3764 0.5763 0.2764 -0.6931 -0.2178 0.6749 0.1294 -0.5522 -0.3375 0.6879 -0.3285 -0.5409 -0.4022 0.5838 -0.4526 -0.9343 -0.0616 -0.342 -0.0794 -0.7334 -0.0634 0.6749 0.0508 -0.7007 -0.1456 0.6973 -0.0401 -0.9114 0.2499 -0.2977 -0.1349
-0.6949 0.1391 0.5965 0.3767 -0.6637 0.4005 0.6277 0.071 -0.6707 0.3764 0.5763 0.2764 -0.6931 -0.2178 0.6749 0.1294 -0.5522 -0.3375 0.6879 -0.3285 -0.5409 -0.4022 0.5838 -0.4526 -0.9343 -0.0616 -0.342 -0.0794 -0.7334 -0.0634 0.6749 0.0508 -0.7007 -0.1456 0.6973 -0.0401 -0.9374 0.213 -0.2751 0.0093
-0.7015 0.1072 0.6119 0.3492 -0.6637 0.4005 0.6277 0.071 -0.6707 0.3764 0.5763 0.2764 -0.6931 -0.2178 0.6749 0.1294 -0.5522 -0.3375 0.6879 -0.3285 -0.5409 -0.4022 0.5838 -0.4526 -0.9343 -0.0616 -0.342 -0.0794 -0.7334 -0.0634 0.6749 0.0508 -0.7007 -0.1456 0.6973 -0.0401 -0.9374 0.213 -0.2751 0.0093
-0.7015 0.1072 0.6119 0.3492 -0.6637 0.4005 0.6277 0.071 -0.6707 0.3764 0.5763 0.2764 -0.6931 -0.2178 0.6749 0.1294 -0.5522 -0.3375 0.6879 -0.3285 -0.5409 -0.4022 0.5838 -0.4526 -0.9343 -0.0616 -0.342 -0.0794 -0.7334 -0.0634 0.6749 0.0508 -0.7007 -0.1456 0.6973 -0.0401 -0.9374 0.213 -0.2751 0.0093
-0.7015 0.1072 0.6119 0.3492 -0.6637 0.4005 0.6277 0.071 -0.6707 0.3764 0.5763 0.2764 -0.6931 -0.2178 0.6749 0.1294 -0.5522 -0.3375 0.6879 -0.3285 -0.5409 -0.4022 0.5838 -0.4526 -0.9343 -0.0616 -0.342 -0.0794 -0.7334 -0.0634 0.6749 0.0508 -0.7007 -0.1456 0.6973 -0.0401 -0.9374 0.213 -0.2751 0.0093
-0.7015 0.1072 0.6119 0.3492 -0.6637 0.4005 0.6277 0.071 -0.6707 0.3764 0.5763 0.2764 -0.6931 -0.2178 0.6749 0.1294 -0.5522 -0.3375 0.6879 -0.3285 -0.5409 -0.4022 0.5838 -0.4526 -0.9343 -0.0616 -0.342 -0.0794 -0.7334 -0.0634 0.6749 0.0508 -0.7007 -0.1456 0.6973 -0.0401 -0.9374 0.213 -0.2751 0.0093
-0.7015 0.1072 0.6119 0.3492 -0.6637 0.4005 0.6277 0.071 -0.6707 0.3764 0.5763 0.2764 -0.6931 -0.2178 0.6749 0.1294 -0.5522 -0.3375 0.6879 -0.3285 -0.5409 -0.4022 0.5838 -0.4526 -0.9343 -0.0616 -0.342 -0.0794 -0.7182 -0.0423 0.6931 0.0452 -0.7007 -0.1456 0.6973 -0.0401 -0.9374 0.213 -0.2751 0.0093
-0.7015 0.1072 0.6119 0.3492 -0.6637 0.4005 0.6277 0.071 -0.6596 0.373 0.5814 0.2961 -0.6931 -0.2178 0.6749 0.1294 -0.5522 -0.3375 0.6879 -0.3285 -0.5409 -0.4022 0.5838 -0.4526 -0.9343 -0.0616 -0.342 -0.0794 -0.7182 -0.0423 0.6931 0.0452 -0.7007 -0.1456 0.6973 -0.0401 -0.9374 0.213 -0.2751 0.0093
-0.7015 0.1072 0.6119 0.3492 -0.6637 0.4005 0.6277 0.071 -0.6596 0.373 0.5814 0.2961 -0.6931 -0.2178 0.6749 0.1294 -0.5522 -0.3375 0.6879 -0.3285 -0.5409 -0.4022 0.5838 -0.4526 -0.9343 -0.0616 -0.342 -0.0794 -0.7182 -0.0423 0.6931 0.0452 -0.7007 -0.1456 0.6973 -0.0401 -0.9226 0.2096 -0.3239 1.0E-4
-0.7015 0.1072 0.6119 0.3492 -0.6637 0.4005 0.6277 0.071 -0.6596 0.373 0.5814 0.2961 -0.6931 -0.2178 0.6749 0.1294 -0.5522 -0.3375 0.6879 -0.3285 -0.5409 -0.4022 0.5838 -0.4526 -0.9343 -0.0616 -0.342 -0.0794 -0.7182 -0.0423 0.6931 0.0452 -0.7007 -0.1456 0.6973 -0.0401 -0.9226 0.2096 -0.3239 1.0E-4
-0.7015 0.1072 0.6119 0.3492 -0.6637 0.4005 0.6277 0.071 -0.6596 0.373 0.5814 0.2961 -0.6931 -0.2178 0.6749 0.1294 -0.6119 -0.2704 0.7073 -0.2284 -0.5409 -0.4022 0.5838 -0.4526 -0.9343 -0.0616 -0.342 -0.0794 -0.7182 -0.0423 0.6931 0.0452 -0.7007 -0.1456 0.6973 -0.0401 -0.9226 0.2096 -0.3239 1.0E-4
-0.7015 0.1072 0.6119 0.3492 -0.6637 0.4005 0.6277 0.071 -0.6596 0.373 0.5814 0.2961 -0.6931 -0.2178 0.6749 0.1294 -0.6119 -0.2704 0.7073 -0.2284 -0.5409 -0.4022 0.5838 -0.4526 -0.9343 -0.0616 -0.342 -0.0794 -0.7182 -0.0423 0.6931 0.0452 -0.7007 -0.1456 0.6973 -0.0401 -0.9226 0.2096 -0.3239 1.0E-4
-0.7015 0.1072 0.6119 0.3492 -0.6637 0.4005 0.6277 0.071 -0.6596 0.373 0.5814 0.2961 -0.6931 -0.2178 0.6749 0.1294 -0.6119 -0.2704 0.7073 -0.2284 -0.5409 -0.4022 0.5838 -0.4526 -0.9343 -0.0616 -0.342 -0.0794 -0.7182 -0.0423 0.6931 0.0452 -0.6835 -0.0698 0.7266 0.0104 -0.9226 0.2096 -0.3239 1.0E-4
-0.7015 0.1072 0.6119 0.3492 -0.6637 0.4005 0.6277 0.071 -0.6596 0.373 0.5814 0.2961 -0.6931 -0.2178 0.6749 0.1294 -0.6119 -0.2704 0.7073 -0.2284 -0.5409 -0.4022 0.5838 -0.4526 -0.9343 -0.0616 -0.342 -0.0794 -0.7182 -0.0423 0.6931 0.0452 -0.6835 -0.0698 0.7266 0.0104 -0.9226 0.2096 -0.3239 1.0E-4
-0.7015 0.1072 0.6119 0.3492 -0.6565 0.4365 0.6031 0.1217 -0.6434 0.3723 0.5786 0.3356 -0.6931 -0.2178 0.6749 0.1294 -0.6119 -0.2704 0.7073 -0.2284 -0.5409 -0.4022 0.5838 -0.4526 -0.9343 -0.0616 -0.342 -0.0794 -0.6998 -0.0107 0.7141 0.0179 -0.6835 -0.0698 0.7266 0.0104 -0.9226 0.2096 -0.3239 1.0E-4
-0.7015 0.1072 0.6119 0.3492 -0.6565 0.4365 0.6031 0.1217 -0.6434 0.3723 0.5786 0.3356 -0.6931 -0.2178 0.6749 0.1294 -0.6119 -0.2704 0.7073 -0.2284 -0.5409 -0.4022 0.5838 -0.4526 -0.9343 -0.0616 -0.342 -0.0794 -0.6998 -0.0107 0.7141 0.0179 -0.6835 -0.0698 0.7266 0.0104 -0.9173 0.2063 -0.3405 0.0059
-0.7015 0.1072 0.6119 0.3492 -0.6565 0.4365 0.6031 0.1217 -0.6434 0.3723 0.5786 0.3356 -0.6931 -0.2178 0.6749 0.1294 -0.6119 -0.2704 0.7073 -0.2284 -0.5409 -0.4022 0.5838 -0.4526 -0.9343 -0.0616 -0.342 -0.0794 -0.6998 -0.0107 0.7141 0.0179 -0.6835 -0.0698 0.7266 0.0104 -0.9173 0.2063 -0.3405 0.0059
-0.6807 0.1514 0.6108 0.3752 -0.6565 0.4365 0.6031 0.1217 -0.6434 0.3723 0.5786 0.3356 -0.6931 -0.2178 0.6749 0.1294 -0.6119 -0.2704 0.7073 -0.2284 -0.5409 -0.4022 0.5838 -0.4526 -0.9343 -0.0616 -0.342 -0.0794 -0.6998 -0.0107 0.7141 0.0179 -0.6835 -0.0698 0.7266 0.0104 -0.9173 0.2063 -0.3405 0.0059
-0.6807 0.1514 0.6108 0.3752 -0.6565 0.4365 0.6031 0.1217 -0.6434 0.3723 0.5786 0.3356 -0.6931 -0.2178 0.6749 0.1294 -0.6119 -0.2704 0.7073 -0.2284 -0.5409 -0.4022 0.5838 -0.4526 -0.9343 -0.0616 -0.342 -0.0794 -0.6998 -0.0107 0.7141 0.0179 -0.6835 -0.0698 0.7266 0.0104 -0.9173 0.2063 -0.3405 0.0059
-0.6807 0.1514 0.6108 0.3752 -0.6565 0.4365 0.6031 0.1217 -0.6434 0.3723 0.5786 0.3356 -0.6931 -0.2178 0.6749 0.1294 -0.6119 -0.2704 0.7073 -0.2284 -0.5409 -0.4022 0.5838 -0.4526 -0.794 -0.0524 -0.6024 0.0634 -0.6998 -0.0107 0.7141 0.0179 -0.6835 -0.0698 0.7266 0.0104 -0.9173 0.2063 -0.3405 0.0059
-0.6807 0.1514 0.6108 0.3752 -0.6565 0.4365 0.6031 0.1217 -0.6434 0.3723 0.5786 0.3356 -0.6931 -0.2178 0.6749 0.1294 -0.6119 -0.2704 0.7073 -0.2284 -0.5409 -0.4022 0.5838 -0.4526 -0.794 -0.0524 -0.6024 0.0634 -0.6998 -0.0107 0.7141 0.0179 -0.6835 -0.0698 0.7266 0.0104 -0.9173 0.2063 -0.3405 0.0059
-0.6807 0.1514 0.6108 0.3752 -0.6565 0.4365 0.6031 0.1217 -0.6434 0.3723 0.5786 0.3356 -0.6931 -0.2178 0.6749 0.1294 -0.6119 -0.2704 0.7073 -0.2284 -0.5409 -0.4022 0.5838 -0.4526 -0.794 -0.0524 -0.6024 0.0634 -0.6998 -0.0107 0.7141 0.0179 -0.6835 -0.0698 0.7266 0.0104 -0.9173 0.2063 -0.3405 0.0059
-0.6807 0.1514 0.6108 0.3752 -0.6501 0.4534 0.5987 0.1158 -0.6379 0.3846 0.5649 0.3551 -0.6931 -0.2178 0.6749 0.1294 -0.6119 -0.2704 0.7073 -0.2284 -0.5409 -0.4022 0.5838 -0.4526 -0.794 -0.0524 -0.6024 0.0634 -0.6873 -0.0057 0.7263 -0.0079 -0.6835 -0.0698 0.7266 0.0104 -0.916 0.1927 -0.352 -5.0E-4
-0.6807 0.1514 0.6108 0.3752 -0.6501 0.4534 0.5987 0.1158 -0.6379 0.3846 0.5649 0.3551 -0.6931 -0.2178 0.6749 0.1294 -0.6119 -0.2704 0.7073 -0.2284 -0.5409 -0.4022 0.5838 -0.4526 -0.794 -0.0524 -0.6024 0.0634 -0.6873 -0.0057 0.7263 -0.0079 -0.6835 -0.0698 0.7266 0.0104 -0.916 0.1927 -0.352 -5.0E-4
-0.6807 0.1514 0.6108 0.3752 -0.6501 0.4534 0.5987 0.1158 -0.6379 0.3846 0.5649 0.3551 -0.6931 -0.2178 0.6749 0.1294 -0.6119 -0.2704 0.7073 -0.2284 -0.5409 -0.4022 0.5838 -0.4526 -0.794 -0.0524 -0.6024 0.0634 -0.6873 -0.0057 0.7263 -0.0079 -0.6835 -0.0698 0.7266 0.0104 -0.916 0.1927 -0.352 -5.0E-4
-0.6807 0.1514 0.6108 0.3752 -0.6501 0.4534 0.5987 0.1158 -0.6379 0.3846 0.5649 0.3551 -0.6931 -0.2178 0.6749 0.1294 -0.6119 -0.2704 0.7073 -0.2284 -0.5409 -0.4022 0.5838 -0.4526 -0.8437 -0.0707 -0.5195 0.115 -0.6873 -0.0057 0.7263 -0.0079 -0.6835 -0.0698 0.7266 0.0104 -0.916 0.1927 -0.352 -5.0E-4
-0.6807 0.1514 0.6108 0.3752 -0.6501 0.4534 0.5987 0.1158 -0.6379 0.3846 0.5649 0.3551 -0.6931 -0.2178 0.6749 0.1294 -0.6119 -0.2704 0.7073 -0.2284 -0.5409 -0.4022 0.5838 -0.4526 -0.8437 -0.0707 -0.5195 0.115 -0.6873 -0.0057 0.7263 -0.0079 -0.6835 -0.0698 0.7266 0.0104 -0.916 0.1927 -0.352 -5.0E-4
-0.6807 0.1514 0.6108 0.3752 -0.6501 0.4534 0.5987 0.1158 -0.6379 0.3846 0.5649 0.3551 -0.6931 -0.2178 0.6749 0.1294 -0.6119 -0.2704 0.7073 -0.2284 -0.5409 -0.4022 0.5838 -0.4526 -0.8437 -0.0707 -0.5195 0.115 -0.6873 -0.0057 0.7263 -0.0079 -0.6835 -0.0698 0.7266 0.0104 -0.916 0.1927 -0.352 -5.0E-4
-0.6807 0.1514 0.6108 0.3752 -0.6365 0.4741 0.5972 0.1157 -0.6172 0.4169 0.5471 0.382 -0.6931 -0.2178 0.6749 0.1294 -0.6119 -0.2704 0.7073 -0.2284 -0.5409 -0.4022 0.5838 -0.4526 -0.8437 -0.0707 -0.5195 0.115 -0.6777 -0.0148 0.7344 -0.0339 -0.6835 -0.0698 0.7266 0.0104 -0.916 0.1927 -0.352 -5.0E-4
-0.6807 0.1514 0.6108 0.3752 -0.6365 0.4741 0.5972 0.1157 -0.6172 0.4169 0.5471 0.382 -0.6931 -0.2178 0.6749 0.1294 -0.6119 -0.2704 0.7073 -0.2284 -0.5409 -0.4022 0.5838 -0.4526 -0.8437 -0.0707 -0.5195 0.115 -0.6777 -0.0148 0.7344 -0.0339 -0.6835 -0.0698 0.7266 0.0104 -0.916 0.1869 -0.355 -0.0051
-0.6807 0.1514 0.6108 0.3752 -0.6365 0.4741 0.5972 0.1157 -0.6172 0.4169 0.5471 0.382 -0.7035 -0.1182 0.6814 0.1636 -0.6119 -0.2704 0.7073 -0.2284 -0.5409 -0.4022 0.5838 -0.4526 -0.8437 -0.0707 -0.5195 0.115 -0.6777 -0.0148 0.7344 -0.0339 -0.6835 -0.0698 0.7266 0.0104 -0.916 0.1869 -0.355 -0.0051
-0.6807 0.1514 0.6108 0.3752 -0.6365 0.4741 0.5972 0.1157 -0.6172 0.4169 0.5471 0.382 -0.7035 -0.1182 0.6814 0.1636 -0.562 -0.2056 0.6942 -0.4 -0.5409 -0.4022 0.5838 -0.4526 -0.8437 -0.0707 -0.5195 0.115 -0.6777 -0.0148 0.7344 -0.0339 -0.6835 -0.0698 0.7266 0.0104 -0.916 0.1869 -0.355 -0.0051
-0.6807 0.1514 0.6108 0.3752 -0.6365 0.4741 0.5972 0.1157 -0.6172 0.4169 0.5471 0.382 -0.7035 -0.1182 0.6814 0.1636 -0.562 -0.2056 0.6942 -0.4 -0.5409 -0.4022 0.5838 -0.4526 -0.8437 -0.0707 -0.5195 0.115 -0.6777 -0.0148 0.7344 -0.0339 -0.6835 -0.0698 0.7266 0.0104 -0.916 0.1869 -0.355 -0.0051
-0.6807 0.1514 0.6108 0.3752 -0.6365 0.4741 0.5972 0.1157 -0.6172 0.4169 0.5471 0.382 -0.7035 -0.1182 0.6814 0.1636 -0.562 -0.2056 0.6942 -0.4 -0.5409 -0.4022 0.5838 -0.4526 -0.8437 -0.0707 -0.5195 0.115 -0.6777 -0.0148 0.7344 -0.0339 -0.6835 -0.0698 0.7266 0.0104 -0.916 0.1869 -0.355 -0.0051
-0.6807 0.1514 0.6108 0.3752 -0.6365 0.4741 0.5972 0.1157 -0.6172 0.4169 0.5471 0.382 -0.7035 -0.1182 0.6814 0.1636 -0.562 -0.2056 0.6942 -0.4 -0.5409 -0.4022 0.5838 -0.4526 -0.8437 -0.0707 -0.5195 0.115 -0.6705 -0.0209 0.7372 -0.0803 -0.6835 -0.0698 0.7266 0.0104 -0.916 0.1869 -0.355 -0.0051
-0.6807 0.1514 0.6108 0.3752 -0.585 0.5668 0.5635 0.1379 -0.5959 0.4533 0.5283 0.4004 -0.7035 -0.1182 0.6814 0.1636 -0.562 -0.2056 0.6942 -0.4 -0.5409 -0.4022 0.5838 -0.4526 -0.8437 -0.0707 -0.5195 0.115 -0.6705 -0.0209 0.7372 -0.0803 -0.6835 -0.0698 0.7266 0.0104 -0.916 0.1869 -0.355 -0.0051
-0.6807 0.1514 0.6108 0.3752 -0.585 0.5668 0.5635 0.1379 -0.5959 0.4533 0.5283 0.4004 -0.7035 -0.1182 0.6814 0.1636 -0.562 -0.2056 0.6942 -0.4 -0.5409 -0.4022 0.5838 -0.4526 -0.8437 -0.0707 -0.5195 0.115 -0.6705 -0.0209 0.7372 -0.0803 -0.6835 -0.0698 0.7266 0.0104 -0.916 0.1869 -0.355 -0.0051
-0.6807 0.1514 0.6108 0.3752 -0.585 0.5668 0.5635 0.1379 -0.5959 0.4533 0.5283 0.4004 -0.6896 -0.0795 0.6905 0.2034 -0.562 -0.2056 0.6942 -0.4 -0.5409 -0.4022 0.5838 -0.4526 -0.8437 -0.0707 -0.5195 0.115 -0.6705 -0.0209 0.7372 -0.0803 -0.6835 -0.0698 0.7266 0.0104 -0.9137 0.1919 -0.3582 -0.0039
-0.6807 0.1514 0.6108 0.3752 -0.585 0.5668 0.5635 0.1379 -0.5959 0.4533 0.5283 0.4004 -0.6896 -0.0795 0.6905 0.2034 -0.5627 -0.2352 0.6826 -0.4026 -0.5409 -0.4022 0.5838 -0.4526 -0.8437 -0.0707 -0.5195 0.115 -0.6705 -0.0209 0.7372 -0.0803 -0.6835 -0.0698 0.7266 0.0104 -0.9137 0.1919 -0.3582 -0.0039
-0.6807 0.1514 0.6108 0.3752 -0.585 0.5668 0.5635 0.1379 -0.5959 0.4533 0.5283 0.4004 -0.6896 -0.0795 0.6905 0.2034 -0.5627 -0.2352 0.6826 -0.4026 -0.5409 -0.4022 0.5838 -0.4526 -0.8437 -0.0707 -0.5195 0.115 -0.6705 -0.0209 0.7372 -0.0803 -0.6835 -0.0698 0.7266 0.0104 -0.9137 0.1919 -0.3582 -0.0039
-0.6807 0.1514 0.6108 0.3752 -0.585 0.5668 0.5635 0.1379 -0.5959 0.4533 0.5283 0.4004 -0.6896 -0.0795 0.6905 0.2034 -0.5627 -0.2352 0.6826 -0.4026 -0.5409 -0.4022 0.5838 -0.4526 -0.9354 -0.1059 -0.3325 -0.0577 -0.6705 -0.0209 0.7372 -0.0803 -0.6766 -0.038 0.7264 -0.114 -0.9137 0.1919 -0.3582 -0.0039
-0.6807 0.1514 0.6108 0.3752 -0.585 0.5668 0.5635 0.1379 -0.5959 0.4533 0.5283 0.4004 -0.6896 -0.0795 0.6905 0.2034 -0.5627 -0.2352 0.6826 -0.4026 -0.5409 -0.4022 0.5838 -0.4526 -0.9354 -0.1059 -0.3325 -0.0577 -0.6635 -0.0175 0.7339 -0.1445 -0.6766 -0.038 0.7264 -0.114 -0.9137 0.1919 -0.3582 -0.0039
-0.6807 0.1514 0.6108 0.3752 -0.6166 0.5523 0.553 0.0947 -0.5845 0.4729 0.5072 0.4213 -0.6896 -0.0795 0.6905 0.2034 -0.5627 -0.2352 0.6826 -0.4026 -0.5409 -0.4022 0.5838 -0.4526 -0.9354 -0.1059 -0.3325 -0.0577 -0.6635 -0.0175 0.7339 -0.1445 -0.6766 -0.038 0.7264 -0.114 -0.9137 0.1919 -0.3582 -0.0039
-0.6807 0.1514 0.6108 0.3752 -0.6166 0.5523 0.553 0.0947 -0.5845 0.4729 0.5072 0.4213 -0.6896 -0.0795 0.6905 0.2034 -0.5627 -0.2352 0.6826 -0.4026 -0.5409 -0.4022 0.5838 -0.4526 -0.9354 -0.1059 -0.3325 -0.0577 -0.6635 -0.0175 0.7339 -0.1445 -0.6766 -0.038 0.7264 -0.114 -0.9135 0.196 -0.3566 -0.0023
-0.6807 0.1514 0.6108 0.3752 -0.6166 0.5523 0.553 0.0947 -0.5845 0.4729 0.5072 0.4213 -0.6896 -0.0795 0.6905 0.2034 -0.5627 -0.2352 0.6826 -0.4026 -0.5409 -0.4022 0.5838 -0.4526 -0.9354 -0.1059 -0.3325 -0.0577 -0.6635 -0.0175 0.7339 -0.1445 -0.6766 -0.038 0.7264 -0.114 -0.9135 0.196 -0.3566 -0.0023
-0.6478 0.2364 0.5571 0.4627 -0.6166 0.5523 0.553 0.0947 -0.5845 0.4729 0.5072 0.4213 -0.6864 -0.0858 0.6887 0.2173 -0.5658 -0.2466 0.6883 -0.3812 -0.5295 -0.2728 0.6762 -0.4336 -0.9354 -0.1059 -0.3325 -0.0577 -0.6635 -0.0175 0.7339 -0.1445 -0.6766 -0.038 0.7264 -0.114 -0.9135 0.196 -0.3566 -0.0023
-0.6478 0.2364 0.5571 0.4627 -0.6166 0.5523 0.553 0.0947 -0.5845 0.4729 0.5072 0.4213 -0.6864 -0.0858 0.6887 0.2173 -0.5658 -0.2466 0.6883 -0.3812 -0.5295 -0.2728 0.6762 -0.4336 -0.9354 -0.1059 -0.3325 -0.0577 -0.6635 -0.0175 0.7339 -0.1445 -0.6766 -0.038 0.7264 -0.114 -0.9135 0.196 -0.3566 -0.0023
-0.6478 0.2364 0.5571 0.4627 -0.6166 0.5523 0.553 0.0947 -0.5845 0.4729 0.5072 0.4213 -0.6864 -0.0858 0.6887 0.2173 -0.5658 -0.2466 0.6883 -0.3812 -0.5295 -0.2728 0.6762 -0.4336 -0.9354 -0.1059 -0.3325 -0.0577 -0.6635 -0.0175 0.7339 -0.1445 -0.6776 0.0063 0.7207 -0.1462 -0.9135 0.196 -0.3566 -0.0023
-0.6478 0.2364 0.5571 0.4627 -0.6166 0.5523 0.553 0.0947 -0.5845 0.4729 0.5072 0.4213 -0.6864 -0.0858 0.6887 0.2173 -0.5658 -0.2466 0.6883 -0.3812 -0.5295 -0.2728 0.6762 -0.4336 -0.9354 -0.1059 -0.3325 -0.0577 -0.6546 0.0247 0.7424 -0.1404 -0.6776 0.0063 0.7207 -0.1462 -0.9135 0.196 -0.3566 -0.0023
-0.6478 0.2364 0.5571 0.4627 -0.5676 0.5841 0.5621 0.1436 -0.6168 0.4329 0.5202 0.4019 -0.6864 -0.0858 0.6887 0.2173 -0.5658 -0.2466 0.6883 -0.3812 -0.5295 -0.2728 0.6762 -0.4336 -0.9354 -0.1059 -0.3325 -0.0577 -0.6546 0.0247 0.7424 -0.1404 -0.6776 0.0063 0.7207 -0.1462 -0.9135 0.196 -0.3566 -0.0023
-0.6478 0.2364 0.5571 0.4627 -0.5676 0.5841 0.5621 0.1436 -0.6168 0.4329 0.5202 0.4019 -0.6864 -0.0858 0.6887 0.2173 -0.5658 -0.2466 0.6883 -0.3812 -0.5295 -0.2728 0.6762 -0.4336 -0.9354 -0.1059 -0.3325 -0.0577 -0.6546 0.0247 0.7424 -0.1404 -0.6776 0.0063 0.7207 -0.1462 -0.8951 0.1918 -0.4014 -0.0305
-0.6478 0.2364 0.5571 0.4627 -0.5676 0.5841 0.5621 0.1436 -0.6168 0.4329 0.5202 0.4019 -0.6864 -0.0858 0.6887 0.2173 -0.5658 -0.2466 0.6883 -0.3812 -0.5295 -0.2728 0.6762 -0.4336 -0.9354 -0.1059 -0.3325 -0.0577 -0.6546 0.0247 0.7424 -0.1404 -0.6776 0.0063 0.7207 -0.1462 -0.8951 0.1918 -0.4014 -0.0305
-0.6512 0.2192 0.5767 0.4419 -0.5676 0.5841 0.5621 0.1436 -0.6168 0.4329 0.5202 0.4019 -0.697 -0.1243 0.6779 0.1984 -0.5501 -0.2501 0.699 -0.3824 -0.5557 -0.3484 0.6401 -0.4001 -0.9354 -0.1059 -0.3325 -0.0577 -0.6546 0.0247 0.7424 -0.1404 -0.6776 0.0063 0.7207 -0.1462 -0.8951 0.1918 -0.4014 -0.0305
-0.6512 0.2192 0.5767 0.4419 -0.5676 0.5841 0.5621 0.1436 -0.6168 0.4329 0.5202 0.4019 -0.697 -0.1243 0.6779 0.1984 -0.5501 -0.2501 0.699 -0.3824 -0.5557 -0.3484 0.6401 -0.4001 -0.9354 -0.1059 -0.3325 -0.0577 -0.6546 0.0247 0.7424 -0.1404 -0.6776 0.0063 0.7207 -0.1462 -0.8951 0.1918 -0.4014 -0.0305
-0.6512 0.2192 0.5767 0.4419 -0.5676 0.5841 0.5621 0.1436 -0.6168 0.4329 0.5202 0.4019 -0.697 -0.1243 0.6779 0.1984 -0.5501 -0.2501 0.699 -0.3824 -0.5557 -0.3484 0.6401 -0.4001 -0.9359 -0.0963 -0.3372 -0.0342 -0.6546 0.0247 0.7424 -0.1404 -0.6578 0.0773 0.7159 -0.2208 -0.8951 0.1918 -0.4014 -0.0305
-0.6512 0.2192 0.5767 0.4419 -0.5676 0.5841 0.5621 0.1436 -0.6168 0.4329 0.5202 0.4019 -0.697 -0.1243 0.6779 0.1984 -0.5501 -0.2501 0.699 -0.3824 -0.5557 -0.3484 0.6401 -0.4001 -0.9359 -0.0963 -0.3372 -0.0342 -0.6546 0.0247 0.7424 -0.1404 -0.6578 0.0773 0.7159 -0.2208 -0.8951 0.1918 -0.4014 -0.0305
-0.6512 0.2192 0.5767 0.4419 -0.6282 0.4731 0.6135 0.0724 -0.6204 0.4487 0.5054 0.3979 -0.697 -0.1243 0.6779 0.1984 -0.5501 -0.2501 0.699 -0.3824 -0.5557 -0.3484 0.6401 -0.4001 -0.9359 -0.0963 -0.3372 -0.0342 -0.674 -0.0516 0.722 -0.1477 -0.6578 0.0773 0.7159 -0.2208 -0.8951 0.1918 -0.4014 -0.0305
-0.6512 0.2192 0.5767 0.4419 -0.6282 0.4731 0.6135 0.0724 -0.6204 0.4487 0.5054 0.3979 -0.697 -0.1243 0.6779 0.1984 -0.5501 -0.2501 0.699 -0.3824 -0.5557 -0.3484 0.6401 -0.4001 -0.9359 -0.0963 -0.3372 -0.0342 -0.674 -0.0516 0.722 -0.1477 -0.6578 0.0773 0.7159 -0.2208 -0.8708 0.1978 -0.4461 -0.0597
-0.6512 0.2192 0.5767 0.4419 -0.6282 0.4731 0.6135 0.0724 -0.6204 0.4487 0.5054 0.3979 -0.697 -0.1243 0.6779 0.1984 -0.5501 -0.2501 0.699 -0.3824 -0.5557 -0.3484 0.6401 -0.4001 -0.9359 -0.0963 -0.3372 -0.0342 -0.674 -0.0516 0.722 -0.1477 -0.6578 0.0773 0.7159 -0.2208 -0.8708 0.1978 -0.4461 -0.0597
-0.6528 0.1626 0.6262 0.394 -0.6282 0.4731 0.6135 0.0724 -0.6204 0.4487 0.5054 0.3979 -0.6935 -0.136 0.6672 0.2351 -0.5501 -0.2501 0.699 -0.3824 -0.5679 -0.3625 0.6287 -0.3884 -0.9359 -0.0963 -0.3372 -0.0342 -0.674 -0.0516 0.722 -0.1477 -0.6578 0.0773 0.7159 -0.2208 -0.8708 0.1978 -0.4461 -0.0597
-0.6528 0.1626 0.6262 0.394 -0.6282 0.4731 0.6135 0.0724 -0.6204 0.4487 0.5054 0.3979 -0.6935 -0.136 0.6672 0.2351 -0.5543 -0.2787 0.7037 -0.3462 -0.5679 -0.3625 0.6287 -0.3884 -0.9359 -0.0963 -0.3372 -0.0342 -0.674 -0.0516 0.722 -0.1477 -0.6578 0.0773 0.7159 -0.2208 -0.8708 0.1978 -0.4461 -0.0597
-0.6528 0.1626 0.6262 0.394 -0.6282 0.4731 0.6135 0.0724 -0.6204 0.4487 0.5054 0.3979 -0.6935 -0.136 0.6672 0.2351 -0.5543 -0.2787 0.7037 -0.3462 -0.5679 -0.3625 0.6287 -0.3884 -0.9359 -0.0963 -0.3372 -0.0342 -0.674 -0.0516 0.722 -0.1477 -0.647 0.0388 0.7292 -0.2193 -0.8708 0.1978 -0.4461 -0.0597
-0.6528 0.1626 0.6262 0.394 -0.6282 0.4731 0.6135 0.0724 -0.6204 0.4487 0.5054 0.3979 -0.6935 -0.136 0.6672 0.2351 -0.5543 -0.2787 0.7037 -0.3462 -0.5679 -0.3625 0.6287 -0.3884 -0.9359 -0.0963 -0.3372 -0.0342 -0.674 -0.0516 0.722 -0.1477 -0.647 0.0388 0.7292 -0.2193 -0.8708 0.1978 -0.4461 -0.0597
-0.6528 0.1626 0.6262 0.394 -0.6246 0.4191 0.6546 0.0756 -0.6646 0.392 0.5365 0.342 -0.6935 -0.136 0.6672 0.2351 -0.5543 -0.2787 0.7037 -0.3462 -0.5679 -0.3625 0.6287 -0.3884 -0.9359 -0.0963 -0.3372 -0.0342 -0.6738 -0.0408 0.7317 -0.095 -0.647 0.0388 0.7292 -0.2193 -0.8708 0.1978 -0.4461 -0.0597
-0.6528 0.1626 0.6262 0.394 -0.6246 0.4191 0.6546 0.0756 -0.6646 0.392 0.5365 0.342 -0.6935 -0.136 0.6672 0.2351 -0.5543 -0.2787 0.7037 -0.3462 -0.5679 -0.3625 0.6287 -0.3884 -0.9359 -0.0963 -0.3372 -0.0342 -0.6738 -0.0408 0.7317 -0.095 -0.647 0.0388 0.7292 -0.2193 -0.8851 0.2244 -0.3967 -0.0934
-0.6528 0.1626 0.6262 0.394 -0.6246 0.4191 0.6546 0.0756 -0.6646 0.392 0.5365 0.342 -0.6935 -0.136 0.6672 0.2351 -0.5543 -0.2787 0.7037 -0.3462 -0.5679 -0.3625 0.6287 -0.3884 -0.9359 -0.0963 -0.3372 -0.0342 -0.6738 -0.0408 0.7317 -0.095 -0.647 0.0388 0.7292 -0.2193 -0.8851 0.2244 -0.3967 -0.0934
-0.6694 0.1169 0.645 0.3494 -0.6246 0.4191 0.6546 0.0756 -0.6646 0.392 0.5365 0.342 -0.7014 -0.1927 0.6581 0.1941 -0.5706 -0.2629 0.7203 -0.2939 -0.5933 -0.3624 0.624 -0.3568 -0.9359 -0.0963 -0.3372 -0.0342 -0.6738 -0.0408 0.7317 -0.095 -0.647 0.0388 0.7292 -0.2193 -0.8851 0.2244 -0.3967 -0.0934
-0.6694 0.1169 0.645 0.3494 -0.6246 0.4191 0.6546 0.0756 -0.6646 0.392 0.5365 0.342 -0.7014 -0.1927 0.6581 0.1941 -0.5706 -0.2629 0.7203 -0.2939 -0.5933 -0.3624 0.624 -0.3568 -0.9359 -0.0963 -0.3372 -0.0342 -0.6738 -0.0408 0.7317 -0.095 -0.647 0.0388 0.7292 -0.2193 -0.8851 0.2244 -0.3967 -0.0934
-0.6694 0.1169 0.645 0.3494 -0.6246 0.4191 0.6546 0.0756 -0.6646 0.392 0.5365 0.342 -0.7014 -0.1927 0.6581 0.1941 -0.5706 -0.2629 0.7203 -0.2939 -0.5933 -0.3624 0.624 -0.3568 -0.9276 -0.1027 -0.3575 -0.0349 -0.6738 -0.0408 0.7317 -0.095 -0.6526 -0.0301 0.7368 -0.1741 -0.8851 0.2244 -0.3967 -0.0934
-0.6694 0.1169 0.645 0.3494 -0.6246 0.4191 0.6546 0.0756 -0.6646 0.392 0.5365 0.342 -0.7014 -0.1927 0.6581 0.1941 -0.5706 -0.2629 0.7203 -0.2939 -0.5933 -0.3624 0.624 -0.3568 -0.9276 -0.1027 -0.3575 -0.0349 -0.6738 -0.0408 0.7317 -0.095 -0.6526 -0.0301 0.7368 -0.1741 -0.8851 0.2244 -0.3967 -0.0934
-0.6694 0.1169 0.645 0.3494 -0.6274 0.3762 0.6785 0.0673 -0.6815 0.3839 0.5322 0.324 -0.7014 -0.1927 0.6581 0.1941 -0.5706 -0.2629 0.7203 -0.2939 -0.5933 -0.3624 0.624 -0.3568 -0.9276 -0.1027 -0.3575 -0.0349 -0.6929 -0.0369 0.7198 -0.0173 -0.6526 -0.0301 0.7368 -0.1741 -0.8851 0.2244 -0.3967 -0.0934
-0.6694 0.1169 0.645 0.3494 -0.6274 0.3762 0.6785 0.0673 -0.6815 0.3839 0.5322 0.324 -0.7014 -0.1927 0.6581 0.1941 -0.5706 -0.2629 0.7203 -0.2939 -0.5933 -0.3624 0.624 -0.3568 -0.9276 -0.1027 -0.3575 -0.0349 -0.6929 -0.0369 0.7198 -0.0173 -0.6526 -0.0301 0.7368 -0.1741 -0.8969 0.2509 -0.3525 -0.0914
-0.6694 0.1169 0.645 0.3494 -0.6274 0.3762 0.6785 0.0673 -0.6815 0.3839 0.5322 0.324 -0.724 -0.2043 0.6375 0.1663 -0.5706 -0.2629 0.7203 -0.2939 -0.6163 -0.3523 0.6252 -0.3243 -0.9276 -0.1027 -0.3575 -0.0349 -0.6929 -0.0369 0.7198 -0.0173 -0.6526 -0.0301 0.7368 -0.1741 -0.8969 0.2509 -0.3525 -0.0914
-0.6694 0.1169 0.645 0.3494 -0.6274 0.3762 0.6785 0.0673 -0.6815 0.3839 0.5322 0.324 -0.724 -0.2043 0.6375 0.1663 -0.5859 -0.2516 0.7293 -0.2479 -0.6163 -0.3523 0.6252 -0.3243 -0.9276 -0.1027 -0.3575 -0.0349 -0.6929 -0.0369 0.7198 -0.0173 -0.6526 -0.0301 0.7368 -0.1741 -0.8969 0.2509 -0.3525 -0.0914
-0.6694 0.1169 0.645 0.3494 -0.6274 0.3762 0.6785 0.0673 -0.6815 0.3839 0.5322 0.324 -0.724 -0.2043 0.6375 0.1663 -0.5859 -0.2516 0.7293 -0.2479 -0.6163 -0.3523 0.6252 -0.3243 -0.9276 -0.1027 -0.3575 -0.0349 -0.6929 -0.0369 0.7198 -0.0173 -0.6526 -0.0301 0.7368 -0.1741 -0.8969 0.2509 -0.3525 -0.0914
-0.6694 0.1169 0.645 0.3494 -0.6274 0.3762 0.6785 0.0673 -0.6815 0.3839 0.5322 0.324 -0.724 -0.2043 0.6375 0.1663 -0.5859 -0.2516 0.7293 -0.2479 -0.6163 -0.3523 0.6252 -0.3243 -0.9188 -0.1072 -0.3786 -0.0312 -0.6929 -0.0369 0.7198 -0.0173 -0.6647 -0.0895 0.734 -0.1068 -0.8969 0.2509 -0.3525 -0.0914
-0.6694 0.1169 0.645 0.3494 -0.6274 0.3762 0.6785 0.0673 -0.6815 0.3839 0.5322 0.324 -0.724 -0.2043 0.6375 0.1663 -0.5859 -0.2516 0.7293 -0.2479 -0.6163 -0.3523 0.6252 -0.3243 -0.9188 -0.1072 -0.3786 -0.0312 -0.6929 -0.0369 0.7198 -0.0173 -0.6647 -0.0895 0.734 -0.1068 -0.8969 0.2509 -0.3525 -0.0914
-0.6694 0.1169 0.645 0.3494 -0.6313 0.3414 0.695 0.0423 -0.7151 0.3444 0.5479 0.2642 -0.724 -0.2043 0.6375 0.1663 -0.5859 -0.2516 0.7293 -0.2479 -0.6163 -0.3523 0.6252 -0.3243 -0.9188 -0.1072 -0.3786 -0.0312 -0.7089 -0.0391 0.702 0.0562 -0.6647 -0.0895 0.734 -0.1068 -0.8969 0.2509 -0.3525 -0.0914
-0.6694 0.1169 0.645 0.3494 -0.6313 0.3414 0.695 0.0423 -0.7151 0.3444 0.5479 0.2642 -0.724 -0.2043 0.6375 0.1663 -0.5859 -0.2516 0.7293 -0.2479 -0.6163 -0.3523 0.6252 -0.3243 -0.9188 -0.1072 -0.3786 -0.0312 -0.7089 -0.0391 0.702 0.0562 -0.6647 -0.0895 0.734 -0.1068 -0.92 0.2507 -0.2994 -0.0347
-0.6694 0.1169 0.645 0.3494 -0.6313 0.3414 0.695 0.0423 -0.7151 0.3444 0.5479 0.2642 -0.724 -0.2043 0.6375 0.1663 -0.5859 -0.2516 0.7293 -0.2479 -0.6163 -0.3523 0.6252 -0.3243 -0.9188 -0.1072 -0.3786 -0.0312 -0.7089 -0.0391 0.702 0.0562 -0.6647 -0.0895 0.734 -0.1068 -0.92 0.2507 -0.2994 -0.0347
-0.6694 0.1169 0.645 0.3494 -0.6313 0.3414 0.695 0.0423 -0.7151 0.3444 0.5479 0.2642 -0.7363 -0.2327 0.6237 0.1217 -0.5978 -0.2596 0.7282 -0.2121 -0.6357 -0.3439 0.6223 -0.3005 -0.9188 -0.1072 -0.3786 -0.0312 -0.7089 -0.0391 0.702 0.0562 -0.6647 -0.0895 0.734 -0.1068 -0.92 0.2507 -0.2994 -0.0347
-0.6694 0.1169 0.645 0.3494 -0.6313 0.3414 0.695 0.0423 -0.7151 0.3444 0.5479 0.2642 -0.7363 -0.2327 0.6237 0.1217 -0.5978 -0.2596 0.7282 -0.2121 -0.6357 -0.3439 0.6223 -0.3005 -0.9188 -0.1072 -0.3786 -0.0312 -0.7089 -0.0391 0.702 0.0562 -0.6647 -0.0895 0.734 -0.1068 -0.92 0.2507 -0.2994 -0.0347
-0.6694 0.1169 0.645 0.3494 -0.6313 0.3414 0.695 0.0423 -0.7151 0.3444 0.5479 0.2642 -0.7363 -0.2327 0.6237 0.1217 -0.5978 -0.2596 0.7282 -0.2121 -0.6357 -0.3439 0.6223 -0.3005 -0.9121 -0.1084 -0.3948 -0.0209 -0.7089 -0.0391 0.702 0.0562 -0.6796 -0.1132 0.7247 -0.0013 -0.92 0.2507 -0.2994 -0.0347
-0.6694 0.1169 0.645 0.3494 -0.6313 0.3414 0.695 0.0423 -0.7436 0.2947 0.5681 0.1939 -0.7363 -0.2327 0.6237 0.1217 -0.5978 -0.2596 0.7282 -0.2121 -0.6357 -0.3439 0.6223 -0.3005 -0.9121 -0.1084 -0.3948 -0.0209 -0.7089 -0.0391 0.702 0.0562 -0.6796 -0.1132 0.7247 -0.0013 -0.92 0.2507 -0.2994 -0.0347
-0.6694 0.1169 0.645 0.3494 -0.6269 0.3188 0.7109 0.0076 -0.7436 0.2947 0.5681 0.1939 -0.7363 -0.2327 0.6237 0.1217 -0.5978 -0.2596 0.7282 -0.2121 -0.6357 -0.3439 0.6223 -0.3005 -0.9121 -0.1084 -0.3948 -0.0209 -0.7089 -0.0391 0.702 0.0562 -0.6796 -0.1132 0.7247 -0.0013 -0.92 0.2507 -0.2994 -0.0347
-0.6694 0.1169 0.645 0.3494 -0.6269 0.3188 0.7109 0.0076 -0.7436 0.2947 0.5681 0.1939 -0.7363 -0.2327 0.6237 0.1217 -0.5978 -0.2596 0.7282 -0.2121 -0.6357 -0.3439 0.6223 -0.3005 -0.9121 -0.1084 -0.3948 -0.0209 -0.7089 -0.0391 0.702 0.0562 -0.6796 -0.1132 0.7247 -0.0013 -0.9327 0.2123 -0.2913 -0.0114
-0.706 0.0286 0.6666 0.2375 -0.6269 0.3188 0.7109 0.0076 -0.7436 0.2947 0.5681 0.1939 -0.7397 -0.2889 0.6056 0.0497 -0.6148 -0.2672 0.722 -0.1712 -0.666 -0.3428 0.6055 -0.2687 -0.9121 -0.1084 -0.3948 -0.0209 -0.7089 -0.0391 0.702 0.0562 -0.6796 -0.1132 0.7247 -0.0013 -0.9327 0.2123 -0.2913 -0.0114
-0.706 0.0286 0.6666 0.2375 -0.6269 0.3188 0.7109 0.0076 -0.7436 0.2947 0.5681 0.1939 -0.7397 -0.2889 0.6056 0.0497 -0.6148 -0.2672 0.722 -0.1712 -0.666 -0.3428 0.6055 -0.2687 -0.9121 -0.1084 -0.3948 -0.0209 -0.7089 -0.0391 0.702 0.0562 -0.6796 -0.1132 0.7247 -0.0013 -0.9327 0.2123 -0.2913 -0.0114
-0.706 0.0286 0.6666 0.2375 -0.6269 0.3188 0.7109 0.0076 -0.7436 0.2947 0.5681 0.1939 -0.7397 -0.2889 0.6056 0.0497 -0.6148 -0.2672 0.722 -0.1712 -0.666 -0.3428 0.6055 -0.2687 -0.9121 -0.1084 -0.3948 -0.0209 -0.7089 -0.0391 0.702 0.0562 -0.6796 -0.1132 0.7247 -0.0013 -0.9327 0.2123 -0.2913 -0.0114
-0.706 0.0286 0.6666 0.2375 -0.6269 0.3188 0.7109 0.0076 -0.7436 0.2947 0.5681 0.1939 -0.7397 -0.2889 0.6056 0.0497 -0.6148 -0.2672 0.722 -0.1712 -0.666 -0.3428 0.6055 -0.2687 -0.8986 -0.1095 -0.4246 -0.0125 -0.7089 -0.0391 0.702 0.0562 -0.6699 -0.1095 0.7344 0.0012 -0.9327 0.2123 -0.2913 -0.0114
-0.706 0.0286 0.6666 0.2375 -0.6269 0.3188 0.7109 0.0076 -0.7436 0.2947 0.5681 0.1939 -0.7397 -0.2889 0.6056 0.0497 -0.6148 -0.2672 0.722 -0.1712 -0.666 -0.3428 0.6055 -0.2687 -0.8986 -0.1095 -0.4246 -0.0125 -0.7089 -0.0391 0.702 0.0562 -0.6699 -0.1095 0.7344 0.0012 -0.9327 0.2123 -0.2913 -0.0114
-0.706 0.0286 0.6666 0.2375 -0.6382 0.2714 0.7202 -0.0185 -0.7643 0.1957 0.5958 0.1507 -0.7397 -0.2889 0.6056 0.0497 -0.6148 -0.2672 0.722 -0.1712 -0.666 -0.3428 0.6055 -0.2687 -0.8986 -0.1095 -0.4246 -0.0125 -0.6943 -0.0294 0.7147 0.0799 -0.6699 -0.1095 0.7344 0.0012 -0.9327 0.2123 -0.2913 -0.0114
-0.706 0.0286 0.6666 0.2375 -0.6382 0.2714 0.7202 -0.0185 -0.7643 0.1957 0.5958 0.1507 -0.7397 -0.2889 0.6056 0.0497 -0.6148 -0.2672 0.722 -0.1712 -0.666 -0.3428 0.6055 -0.2687 -0.8986 -0.1095 -0.4246 -0.0125 -0.6943 -0.0294 0.7147 0.0799 -0.6699 -0.1095 0.7344 0.0012 -0.9171 0.1978 -0.3456 -0.0184
-0.706 0.0286 0.6666 0.2375 -0.6382 0.2714 0.7202 -0.0185 -0.7643 0.1957 0.5958 0.1507 -0.7397 -0.2889 0.6056 0.0497 -0.6148 -0.2672 0.722 -0.1712 -0.666 -0.3428 0.6055 -0.2687 -0.8986 -0.1095 -0.4246 -0.0125 -0.6943 -0.0294 0.7147 0.0799 -0.6699 -0.1095 0.7344 0.0012 -0.9171 0.1978 -0.3456 -0.0184
-0.706 0.0286 0.6666 0.2375 -0.6382 0.2714 0.7202 -0.0185 -0.7643 0.1957 0.5958 0.1507 -0.7218 -0.3643 0.5883 -0.0123 -0.5978 -0.3132 0.7057 -0.2155 -0.6977 -0.3882 0.5446 -0.2568 -0.8986 -0.1095 -0.4246 -0.0125 -0.6943 -0.0294 0.7147 0.0799 -0.6699 -0.1095 0.7344 0.0012 -0.9171 0.1978 -0.3456 -0.0184
-0.706 0.0286 0.6666 0.2375 -0.6382 0.2714 0.7202 -0.0185 -0.7643 0.1957 0.5958 0.1507 -0.7218 -0.3643 0.5883 -0.0123 -0.5978 -0.3132 0.7057 -0.2155 -0.6977 -0.3882 0.5446 -0.2568 -0.8986 -0.1095 -0.4246 -0.0125 -0.6943 -0.0294 0.7147 0.0799 -0.6699 -0.1095 0.7344 0.0012 -0.9171 0.1978 -0.3456 -0.0184
-0.706 0.0286 0.6666 0.2375 -0.6382 0.2714 0.7202 -0.0185 -0.7643 0.1957 0.5958 0.1507 -0.7218 -0.3643 0.5883 -0.0123 -0.5978 -0.3132 0.7057 -0.2155 -0.6977 -0.3882 0.5446 -0.2568 -0.8008 -0.1434 -0.5809 -0.0261 -0.6943 -0.0294 0.7147 0.0799 -0.6546 -0.0701 0.7526 -0.0172 -0.9171 0.1978 -0.3456 -0.0184
-0.706 0.0286 0.6666 0.2375 -0.6382 0.2714 0.7202 -0.0185 -0.7643 0.1957 0.5958 0.1507 -0.7218 -0.3643 0.5883 -0.0123 -0.5978 -0.3132 0.7057 -0.2155 -0.6977 -0.3882 0.5446 -0.2568 -0.8008 -0.1434 -0.5809 -0.0261 -0.6799 -0.0621 0.7307 -0.0055 -0.6546 -0.0701 0.7526 -0.0172 -0.9171 0.1978 -0.3456 -0.0184
-0.706 0.0286 0.6666 0.2375 -0.6556 0.2397 0.7136 -0.0589 -0.7643 0.1957 0.5958 0.1507 -0.7218 -0.3643 0.5883 -0.0123 -0.5978 -0.3132 0.7057 -0.2155 -0.6977 -0.3882 0.5446 -0.2568 -0.8008 -0.1434 -0.5809 -0.0261 -0.6799 -0.0621 0.7307 -0.0055 -0.6546 -0.0701 0.7526 -0.0172 -0.9171 0.1978 -0.3456 -0.0184
-0.706 0.0286 0.6666 0.2375 -0.6556 0.2397 0.7136 -0.0589 -0.7643 0.1957 0.5958 0.1507 -0.7218 -0.3643 0.5883 -0.0123 -0.5978 -0.3132 0.7057 -0.2155 -0.6977 -0.3882 0.5446 -0.2568 -0.8008 -0.1434 -0.5809 -0.0261 -0.6799 -0.0621 0.7307 -0.0055 -0.6546 -0.0701 0.7526 -0.0172 -0.9139 0.1893 -0.3584 -0.0214
-0.706 0.0286 0.6666 0.2375 -0.6556 0.2397 0.7136 -0.0589 -0.7643 0.1957 0.5958 0.1507 -0.7084 -0.3752 0.5978 -0.005 -0.5754 -0.3022 0.6832 -0.3329 -0.74 -0.4601 0.4372 -0.2225 -0.8008 -0.1434 -0.5809 -0.0261 -0.6799 -0.0621 0.7307 -0.0055 -0.6546 -0.0701 0.7526 -0.0172 -0.9139 0.1893 -0.3584 -0.0214
-0.706 0.0286 0.6666 0.2375 -0.6556 0.2397 0.7136 -0.0589 -0.7643 0.1957 0.5958 0.1507 -0.7084 -0.3752 0.5978 -0.005 -0.5754 -0.3022 0.6832 -0.3329 -0.74 -0.4601 0.4372 -0.2225 -0.8008 -0.1434 -0.5809 -0.0261 -0.6799 -0.0621 0.7307 -0.0055 -0.6546 -0.0701 0.7526 -0.0172 -0.9139 0.1893 -0.3584 -0.0214
-0.706 0.0286 0.6666 0.2375 -0.6556 0.2397 0.7136 -0.0589 -0.7643 0.1957 0.5958 0.1507 -0.7084 -0.3752 0.5978 -0.005 -0.5754 -0.3022 0.6832 -0.3329 -0.74 -0.4601 0.4372 -0.2225 -0.8008 -0.1434 -0.5809 -0.0261 -0.6799 -0.0621 0.7307 -0.0055 -0.6546 -0.0701 0.7526 -0.0172 -0.9139 0.1893 -0.3584 -0.0214
-0.706 0.0286 0.6666 0.2375 -0.6556 0.2397 0.7136 -0.0589 -0.7643 0.1957 0.5958 0.1507 -0.7084 -0.3752 0.5978 -0.005 -0.5754 -0.3022 0.6832 -0.3329 -0.74 -0.4601 0.4372 -0.2225 -0.7627 -0.1062 -0.6335 0.0751 -0.6799 -0.0621 0.7307 -0.0055 -0.6478 -0.058 0.7584 -0.0439 -0.9139 0.1893 -0.3584 -0.0214
-0.706 0.0286 0.6666 0.2375 -0.6556 0.2397 0.7136 -0.0589 -0.7643 0.1957 0.5958 0.1507 -0.7084 -0.3752 0.5978 -0.005 -0.5754 -0.3022 0.6832 -0.3329 -0.74 -0.4601 0.4372 -0.2225 -0.7627 -0.1062 -0.6335 0.0751 -0.6799 -0.0621 0.7307 -0.0055 -0.6478 -0.058 0.7584 -0.0439 -0.9139 0.1893 -0.3584 -0.0214
-0.706 0.0286 0.6666 0.2375 -0.6542 0.2966 0.6934 -0.0576 -0.7486 0.1776 0.6025 0.2125 -0.7084 -0.3752 0.5978 -0.005 -0.5754 -0.3022 0.6832 -0.3329 -0.74 -0.4601 0.4372 -0.2225 -0.7627 -0.1062 -0.6335 0.0751 -0.6686 -0.0704 0.7386 -0.0502 -0.6478 -0.058 0.7584 -0.0439 -0.9139 0.1893 -0.3584 -0.0214
-0.706 0.0286 0.6666 0.2375 -0.6542 0.2966 0.6934 -0.0576 -0.7486 0.1776 0.6025 0.2125 -0.7084 -0.3752 0.5978 -0.005 -0.5754 -0.3022 0.6832 -0.3329 -0.74 -0.4601 0.4372 -0.2225 -0.7627 -0.1062 -0.6335 0.0751 -0.6686 -0.0704 0.7386 -0.0502 -0.6478 -0.058 0.7584 -0.0439 -0.9154 0.1821 -0.358 -0.0272
-0.706 0.0286 0.6666 0.2375 -0.6542 0.2966 0.6934 -0.0576 -0.7486 0.1776 0.6025 0.2125 -0.7162 -0.3177 0.6201 0.0389 -0.5453 -0.2825 0.674 -0.4105 -0.7712 -0.368 0.4623 -0.2369 -0.7627 -0.1062 -0.6335 0.0751 -0.6686 -0.0704 0.7386 -0.0502 -0.6478 -0.058 0.7584 -0.0439 -0.9154 0.1821 -0.358 -0.0272
-0.706 0.0286 0.6666 0.2375 -0.6542 0.2966 0.6934 -0.0576 -0.7486 0.1776 0.6025 0.2125 -0.7162 -0.3177 0.6201 0.0389 -0.5453 -0.2825 0.674 -0.4105 -0.7712 -0.368 0.4623 -0.2369 -0.7627 -0.1062 -0.6335 0.0751 -0.6686 -0.0704 0.7386 -0.0502 -0.6478 -0.058 0.7584 -0.0439 -0.9154 0.1821 -0.358 -0.0272
-0.706 0.0286 0.6666 0.2375 -0.6542 0.2966 0.6934 -0.0576 -0.7486 0.1776 0.6025 0.2125 -0.7162 -0.3177 0.6201 0.0389 -0.5453 -0.2825 0.674 -0.4105 -0.7712 -0.368 0.4623 -0.2369 -0.7627 -0.1062 -0.6335 0.0751 -0.6686 -0.0704 0.7386 -0.0502 -0.6478 -0.058 0.7584 -0.0439 -0.9154 0.1821 -0.358 -0.0272
-0.706 0.0286 0.6666 0.2375 -0.6542 0.2966 0.6934 -0.0576 -0.7486 0.1776 0.6025 0.2125 -0.7162 -0.3177 0.6201 0.0389 -0.5453 -0.2825 0.674 -0.4105 -0.7712 -0.368 0.4623 -0.2369 -0.7627 -0.1062 -0.6335 0.0751 -0.6686 -0.0704 0.7386 -0.0502 -0.6517 -0.0479 0.754 -0.0668 -0.9154 0.1821 -0.358 -0.0272
-0.706 0.0286 0.6666 0.2375 -0.6542 0.2966 0.6934 -0.0576 -0.7486 0.1776 0.6025 0.2125 -0.7162 -0.3177 0.6201 0.0389 -0.5453 -0.2825 0.674 -0.4105 -0.7712 -0.368 0.4623 -0.2369 -0.7627 -0.1062 -0.6335 0.0751 -0.656 -0.0781 0.7432 -0.1062 -0.6517 -0.0479 0.754 -0.0668 -0.9154 0.1821 -0.358 -0.0272
-0.706 0.0286 0.6666 0.2375 -0.6466 0.3622 0.6702 -0.0399 -0.7486 0.1776 0.6025 0.2125 -0.7162 -0.3177 0.6201 0.0389 -0.5453 -0.2825 0.674 -0.4105 -0.7712 -0.368 0.4623 -0.2369 -0.7627 -0.1062 -0.6335 0.0751 -0.656 -0.0781 0.7432 -0.1062 -0.6517 -0.0479 0.754 -0.0668 -0.9154 0.1821 -0.358 -0.0272
-0.706 0.0286 0.6666 0.2375 -0.6466 0.3622 0.6702 -0.0399 -0.7486 0.1776 0.6025 0.2125 -0.7094 -0.2372 0.647 0.1483 -0.5453 -0.2825 0.674 -0.4105 -0.7712 -0.368 0.4623 -0.2369 -0.7627 -0.1062 -0.6335 0.0751 -0.656 -0.0781 0.7432 -0.1062 -0.6517 -0.0479 0.754 -0.0668 -0.9135 0.1859 -0.3611 -0.0252
-0.706 0.0286 0.6666 0.2375 -0.6466 0.3622 0.6702 -0.0399 -0.7486 0.1776 0.6025 0.2125 -0.7094 -0.2372 0.647 0.1483 -0.5453 -0.2825 0.674 -0.4105 -0.7712 -0.368 0.4623 -0.2369 -0.7627 -0.1062 -0.6335 0.0751 -0.656 -0.0781 0.7432 -0.1062 -0.6517 -0.0479 0.754 -0.0668 -0.9135 0.1859 -0.3611 -0.0252
-0.706 0.0286 0.6666 0.2375 -0.6466 0.3622 0.6702 -0.0399 -0.7486 0.1776 0.6025 0.2125 -0.7094 -0.2372 0.647 0.1483 -0.5382 -0.2811 0.6506 -0.4561 -0.7712 -0.368 0.4623 -0.2369 -0.7627 -0.1062 -0.6335 0.0751 -0.656 -0.0781 0.7432 -0.1062 -0.6517 -0.0479 0.754 -0.0668 -0.9135 0.1859 -0.3611 -0.0252
-0.706 0.0286 0.6666 0.2375 -0.6466 0.3622 0.6702 -0.0399 -0.7486 0.1776 0.6025 0.2125 -0.7094 -0.2372 0.647 0.1483 -0.5382 -0.2811 0.6506 -0.4561 -0.7712 -0.368 0.4623 -0.2369 -0.7627 -0.1062 -0.6335 0.0751 -0.656 -0.0781 0.7432 -0.1062 -0.6517 -0.0479 0.754 -0.0668 -0.9135 0.1859 -0.3611 -0.0252
-0.706 0.0286 0.6666 0.2375 -0.6466 0.3622 0.6702 -0.0399 -0.7486 0.1776 0.6025 0.2125 -0.7094 -0.2372 0.647 0.1483 -0.5382 -0.2811 0.6506 -0.4561 -0.7712 -0.368 0.4623 -0.2369 -0.7627 -0.1062 -0.6335 0.0751 -0.656 -0.0781 0.7432 -0.1062 -0.6561 -0.0319 0.7451 -0.1162 -0.9135 0.1859 -0.3611 -0.0252
-0.706 0.0286 0.6666 0.2375 -0.6466 0.3622 0.6702 -0.0399 -0.7486 0.1776 0.6025 0.2125 -0.7094 -0.2372 0.647 0.1483 -0.5382 -0.2811 0.6506 -0.4561 -0.7712 -0.368 0.4623 -0.2369 -0.7627 -0.1062 -0.6335 0.0751 -0.6504 -0.072 0.7445 -0.1323 -0.6561 -0.0319 0.7451 -0.1162 -0.9135 0.1859 -0.3611 -0.0252
-0.706 0.0286 0.6666 0.2375 -0.6464 0.3842 0.6592 -0.0101 -0.7486 0.1776 0.6025 0.2125 -0.7094 -0.2372 0.647 0.1483 -0.5382 -0.2811 0.6506 -0.4561 -0.7712 -0.368 0.4623 -0.2369 -0.7627 -0.1062 -0.6335 0.0751 -0.6504 -0.072 0.7445 -0.1323 -0.6561 -0.0319 0.7451 -0.1162 -0.9135 0.1859 -0.3611 -0.0252
-0.706 0.0286 0.6666 0.2375 -0.6464 0.3842 0.6592 -0.0101 -0.7486 0.1776 0.6025 0.2125 -0.7094 -0.2372 0.647 0.1483 -0.5382 -0.2811 0.6506 -0.4561 -0.7712 -0.368 0.4623 -0.2369 -0.7627 -0.1062 -0.6335 0.0751 -0.6504 -0.072 0.7445 -0.1323 -0.6561 -0.0319 0.7451 -0.1162 -0.9111 0.1915 -0.3643 -0.0242
-0.706 0.0286 0.6666 0.2375 -0.6464 0.3842 0.6592 -0.0101 -0.7486 0.1776 0.6025 0.2125 -0.6957 -0.2013 0.6544 0.2173 -0.5382 -0.2811 0.6506 -0.4561 -0.5544 -0.2617 0.6653 -0.426 -0.7627 -0.1062 -0.6335 0.0751 -0.6504 -0.072 0.7445 -0.1323 -0.6561 -0.0319 0.7451 -0.1162 -0.9111 0.1915 -0.3643 -0.0242
-0.706 0.0286 0.6666 0.2375 -0.6464 0.3842 0.6592 -0.0101 -0.7486 0.1776 0.6025 0.2125 -0.6957 -0.2013 0.6544 0.2173 -0.5382 -0.2811 0.6506 -0.4561 -0.5544 -0.2617 0.6653 -0.426 -0.7627 -0.1062 -0.6335 0.0751 -0.6504 -0.072 0.7445 -0.1323 -0.6561 -0.0319 0.7451 -0.1162 -0.9111 0.1915 -0.3643 -0.0242
-0.706 0.0286 0.6666 0.2375 -0.6464 0.3842 0.6592 -0.0101 -0.7486 0.1776 0.6025 0.2125 -0.6957 -0.2013 0.6544 0.2173 -0.5382 -0.2811 0.6506 -0.4561 -0.5544 -0.2617 0.6653 -0.426 -0.7627 -0.1062 -0.6335 0.0751 -0.6504 -0.072 0.7445 -0.1323 -0.6561 -0.0319 0.7451 -0.1162 -0.9111 0.1915 -0.3643 -0.0242
-0.706 0.0286 0.6666 0.2375 -0.6464 0.3842 0.6592 -0.0101 -0.7486 0.1776 0.6025 0.2125 -0.6957 -0.2013 0.6544 0.2173 -0.5382 -0.2811 0.6506 -0.4561 -0.5544 -0.2617 0.6653 -0.426 -0.9498 -0.1119 -0.2855 -0.0609 -0.6504 -0.072 0.7445 -0.1323 -0.6554 -0.006 0.7403 -0.1497 -0.9111 0.1915 -0.3643 -0.0242
-0.706 0.0286 0.6666 0.2375 -0.6464 0.3842 0.6592 -0.0101 -0.7486 0.1776 0.6025 0.2125 -0.6957 -0.2013 0.6544 0.2173 -0.5382 -0.2811 0.6506 -0.4561 -0.5544 -0.2617 0.6653 -0.426 -0.9498 -0.1119 -0.2855 -0.0609 -0.6504 -0.072 0.7445 -0.1323 -0.6554 -0.006 0.7403 -0.1497 -0.9111 0.1915 -0.3643 -0.0242
-0.706 0.0286 0.6666 0.2375 -0.6392 0.3815 0.6677 0.0138 -0.7486 0.1776 0.6025 0.2125 -0.6957 -0.2013 0.6544 0.2173 -0.5382 -0.2811 0.6506 -0.4561 -0.5544 -0.2617 0.6653 -0.426 -0.9498 -0.1119 -0.2855 -0.0609 -0.6504 -0.072 0.7445 -0.1323 -0.6554 -0.006 0.7403 -0.1497 -0.9111 0.1915 -0.3643 -0.0242
-0.706 0.0286 0.6666 0.2375 -0.6392 0.3815 0.6677 0.0138 -0.7486 0.1776 0.6025 0.2125 -0.6864 -0.2295 0.6531 0.223 -0.5382 -0.2811 0.6506 -0.4561 -0.5544 -0.2617 0.6653 -0.426 -0.9498 -0.1119 -0.2855 -0.0609 -0.6504 -0.072 0.7445 -0.1323 -0.6554 -0.006 0.7403 -0.1497 -0.904 0.1964 -0.3785 -0.0304
-0.706 0.0286 0.6666 0.2375 -0.6392 0.3815 0.6677 0.0138 -0.7486 0.1776 0.6025 0.2125 -0.6864 -0.2295 0.6531 0.223 -0.5382 -0.2811 0.6506 -0.4561 -0.5544 -0.2617 0.6653 -0.426 -0.9498 -0.1119 -0.2855 -0.0609 -0.6504 -0.072 0.7445 -0.1323 -0.6554 -0.006 0.7403 -0.1497 -0.904 0.1964 -0.3785 -0.0304
-0.706 0.0286 0.6666 0.2375 -0.6392 0.3815 0.6677 0.0138 -0.7486 0.1776 0.6025 0.2125 -0.6864 -0.2295 0.6531 0.223 -0.5409 -0.2877 0.6615 -0.4326 -0.5544 -0.2617 0.6653 -0.426 -0.9498 -0.1119 -0.2855 -0.0609 -0.6504 -0.072 0.7445 -0.1323 -0.6554 -0.006 0.7403 -0.1497 -0.904 0.1964 -0.3785 -0.0304
-0.706 0.0286 0.6666 0.2375 -0.6392 0.3815 0.6677 0.0138 -0.7486 0.1776 0.6025 0.2125 -0.6864 -0.2295 0.6531 0.223 -0.5409 -0.2877 0.6615 -0.4326 -0.5544 -0.2617 0.6653 -0.426 -0.9351 -0.0796 -0.3397 -0.062 -0.6504 -0.072 0.7445 -0.1323 -0.6554 -0.006 0.7403 -0.1497 -0.904 0.1964 -0.3785 -0.0304
-0.706 0.0286 0.6666 0.2375 -0.6392 0.3815 0.6677 0.0138 -0.7486 0.1776 0.6025 0.2125 -0.6864 -0.2295 0.6531 0.223 -0.5409 -0.2877 0.6615 -0.4326 -0.5544 -0.2617 0.6653 -0.426 -0.9351 -0.0796 -0.3397 -0.062 -0.6504 -0.072 0.7445 -0.1323 -0.6488 0.0255 0.7239 -0.233 -0.904 0.1964 -0.3785 -0.0304
-0.706 0.0286 0.6666 0.2375 -0.6392 0.3815 0.6677 0.0138 -0.7486 0.1776 0.6025 0.2125 -0.6864 -0.2295 0.6531 0.223 -0.5409 -0.2877 0.6615 -0.4326 -0.5544 -0.2617 0.6653 -0.426 -0.9351 -0.0796 -0.3397 -0.062 -0.6504 -0.072 0.7445 -0.1323 -0.6488 0.0255 0.7239 -0.233 -0.904 0.1964 -0.3785 -0.0304
-0.706 0.0286 0.6666 0.2375 -0.6214 0.4506 0.64 0.0354 -0.7486 0.1776 0.6025 0.2125 -0.6864 -0.2295 0.6531 0.223 -0.5409 -0.2877 0.6615 -0.4326 -0.5544 -0.2617 0.6653 -0.426 -0.9351 -0.0796 -0.3397 -0.062 -0.6504 -0.072 0.7445 -0.1323 -0.6488 0.0255 0.7239 -0.233 -0.904 0.1964 -0.3785 -0.0304
-0.706 0.0286 0.6666 0.2375 -0.6214 0.4506 0.64 0.0354 -0.7486 0.1776 0.6025 0.2125 -0.6864 -0.2295 0.6531 0.223 -0.5409 -0.2877 0.6615 -0.4326 -0.5544 -0.2617 0.6653 -0.426 -0.9351 -0.0796 -0.3397 -0.062 -0.6504 -0.072 0.7445 -0.1323 -0.6488 0.0255 0.7239 -0.233 -0.8327 0.2317 -0.4938 -0.0949
-0.706 0.0286 0.6666 0.2375 -0.6214 0.4506 0.64 0.0354 -0.7486 0.1776 0.6025 0.2125 -0.6851 -0.2404 0.6574 0.2015 -0.5331 -0.322 0.6718 -0.4011 -0.5468 -0.3616 0.613 -0.4411 -0.9351 -0.0796 -0.3397 -0.062 -0.6504 -0.072 0.7445 -0.1323 -0.6488 0.0255 0.7239 -0.233 -0.8327 0.2317 -0.4938 -0.0949
-0.706 0.0286 0.6666 0.2375 -0.6214 0.4506 0.64 0.0354 -0.7486 0.1776 0.6025 0.2125 -0.6851 -0.2404 0.6574 0.2015 -0.5331 -0.322 0.6718 -0.4011 -0.5468 -0.3616 0.613 -0.4411 -0.9351 -0.0796 -0.3397 -0.062 -0.6504 -0.072 0.7445 -0.1323 -0.6488 0.0255 0.7239 -0.233 -0.8327 0.2317 -0.4938 -0.0949
-0.706 0.0286 0.6666 0.2375 -0.6214 0.4506 0.64 0.0354 -0.7486 0.1776 0.6025 0.2125 -0.6851 -0.2404 0.6574 0.2015 -0.5331 -0.322 0.6718 -0.4011 -0.5468 -0.3616 0.613 -0.4411 -0.9351 -0.0796 -0.3397 -0.062 -0.6504 -0.072 0.7445 -0.1323 -0.6488 0.0255 0.7239 -0.233 -0.8327 0.2317 -0.4938 -0.0949
-0.706 0.0286 0.6666 0.2375 -0.6214 0.4506 0.64 0.0354 -0.7486 0.1776 0.6025 0.2125 -0.6851 -0.2404 0.6574 0.2015 -0.5331 -0.322 0.6718 -0.4011 -0.5468 -0.3616 0.613 -0.4411 -0.9368 -0.0721 -0.3368 -0.0607 -0.6504 -0.072 0.7445 -0.1323 -0.6136 0.0217 0.7138 -0.3367 -0.8327 0.2317 -0.4938 -0.0949
-0.706 0.0286 0.6666 0.2375 -0.6214 0.4506 0.64 0.0354 -0.7072 0.305 0.543 0.3347 -0.6851 -0.2404 0.6574 0.2015 -0.5331 -0.322 0.6718 -0.4011 -0.5468 -0.3616 0.613 -0.4411 -0.9368 -0.0721 -0.3368 -0.0607 -0.6504 -0.072 0.7445 -0.1323 -0.6136 0.0217 0.7138 -0.3367 -0.8327 0.2317 -0.4938 -0.0949
-0.706 0.0286 0.6666 0.2375 -0.6202 0.4519 0.6401 0.0385 -0.7072 0.305 0.543 0.3347 -0.6851 -0.2404 0.6574 0.2015 -0.5331 -0.322 0.6718 -0.4011 -0.5468 -0.3616 0.613 -0.4411 -0.9368 -0.0721 -0.3368 -0.0607 -0.6504 -0.072 0.7445 -0.1323 -0.6136 0.0217 0.7138 -0.3367 -0.8327 0.2317 -0.4938 -0.0949
-0.706 0.0286 0.6666 0.2375 -0.6202 0.4519 0.6401 0.0385 -0.7072 0.305 0.543 0.3347 -0.6851 -0.2404 0.6574 0.2015 -0.5331 -0.322 0.6718 -0.4011 -0.5468 -0.3616 0.613 -0.4411 -0.9368 -0.0721 -0.3368 -0.0607 -0.6504 -0.072 0.7445 -0.1323 -0.6136 0.0217 0.7138 -0.3367 -0.8327 0.2317 -0.4938 -0.0949
-0.6959 0.1344 0.6404 0.2959 -0.6202 0.4519 0.6401 0.0385 -0.7072 0.305 0.543 0.3347 -0.6955 -0.2407 0.6508 0.1866 -0.5331 -0.322 0.6718 -0.4011 -0.5468 -0.3616 0.613 -0.4411 -0.9368 -0.0721 -0.3368 -0.0607 -0.6504 -0.072 0.7445 -0.1323 -0.6136 0.0217 0.7138 -0.3367 -0.8162 0.2473 -0.4535 -0.2587
-0.6959 0.1344 0.6404 0.2959 -0.6202 0.4519 0.6401 0.0385 -0.7072 0.305 0.543 0.3347 -0.6955 -0.2407 0.6508 0.1866 -0.5599 -0.3012 0.6937 -0.3384 -0.5468 -0.3616 0.613 -0.4411 -0.9368 -0.0721 -0.3368 -0.0607 -0.6504 -0.072 0.7445 -0.1323 -0.6136 0.0217 0.7138 -0.3367 -0.8162 0.2473 -0.4535 -0.2587
-0.6959 0.1344 0.6404 0.2959 -0.6202 0.4519 0.6401 0.0385 -0.7072 0.305 0.543 0.3347 -0.6955 -0.2407 0.6508 0.1866 -0.5599 -0.3012 0.6937 -0.3384 -0.5468 -0.3616 0.613 -0.4411 -0.9368 -0.0721 -0.3368 -0.0607 -0.6504 -0.072 0.7445 -0.1323 -0.6136 0.0217 0.7138 -0.3367 -0.8162 0.2473 -0.4535 -0.2587
-0.6959 0.1344 0.6404 0.2959 -0.6202 0.4519 0.6401 0.0385 -0.7072 0.305 0.543 0.3347 -0.6955 -0.2407 0.6508 0.1866 -0.5599 -0.3012 0.6937 -0.3384 -0.5468 -0.3616 0.613 -0.4411 -0.9406 -0.0638 -0.33 -0.0477 -0.6504 -0.072 0.7445 -0.1323 -0.6149 -0.0969 0.6993 -0.3516 -0.8162 0.2473 -0.4535 -0.2587
-0.6959 0.1344 0.6404 0.2959 -0.6202 0.4519 0.6401 0.0385 -0.7072 0.305 0.543 0.3347 -0.6955 -0.2407 0.6508 0.1866 -0.5599 -0.3012 0.6937 -0.3384 -0.5468 -0.3616 0.613 -0.4411 -0.9406 -0.0638 -0.33 -0.0477 -0.6504 -0.072 0.7445 -0.1323 -0.6149 -0.0969 0.6993 -0.3516 -0.8162 0.2473 -0.4535 -0.2587
-0.6959 0.1344 0.6404 0.2959 -0.6337 0.4268 0.6424 0.0597 -0.7072 0.305 0.543 0.3347 -0.6955 -0.2407 0.6508 0.1866 -0.5599 -0.3012 0.6937 -0.3384 -0.5468 -0.3616 0.613 -0.4411 -0.9406 -0.0638 -0.33 -0.0477 -0.6504 -0.072 0.7445 -0.1323 -0.6149 -0.0969 0.6993 -0.3516 -0.8162 0.2473 -0.4535 -0.2587
-0.6959 0.1344 0.6404 0.2959 -0.6337 0.4268 0.6424 0.0597 -0.7072 0.305 0.543 0.3347 -0.7151 -0.211 0.6491 0.1509 -0.5599 -0.3012 0.6937 -0.3384 -0.5468 -0.3616 0.613 -0.4411 -0.9406 -0.0638 -0.33 -0.0477 -0.6504 -0.072 0.7445 -0.1323 -0.6149 -0.0969 0.6993 -0.3516 -0.8619 0.2715 -0.3681 -0.2191
-0.6959 0.1344 0.6404 0.2959 -0.6337 0.4268 0.6424 0.0597 -0.7072 0.305 0.543 0.3347 -0.7151 -0.211 0.6491 0.1509 -0.5599 -0.3012 0.6937 -0.3384 -0.5468 -0.3616 0.613 -0.4411 -0.9406 -0.0638 -0.33 -0.0477 -0.6504 -0.072 0.7445 -0.1323 -0.6149 -0.0969 0.6993 -0.3516 -0.8619 0.2715 -0.3681 -0.2191
-0.6959 0.1344 0.6404 0.2959 -0.6337 0.4268 0.6424 0.0597 -0.7072 0.305 0.543 0.3347 -0.7151 -0.211 0.6491 0.1509 -0.5667 -0.3072 0.6987 -0.3102 -0.5468 -0.3616 0.613 -0.4411 -0.9406 -0.0638 -0.33 -0.0477 -0.6504 -0.072 0.7445 -0.1323 -0.6149 -0.0969 0.6993 -0.3516 -0.8619 0.2715 -0.3681 -0.2191
-0.6959 0.1344 0.6404 0.2959 -0.6337 0.4268 0.6424 0.0597 -0.7072 0.305 0.543 0.3347 -0.7151 -0.211 0.6491 0.1509 -0.5667 -0.3072 0.6987 -0.3102 -0.5468 -0.3616 0.613 -0.4411 -0.9412 -0.062 -0.3293 -0.0439 -0.6504 -0.072 0.7445 -0.1323 -0.6149 -0.0969 0.6993 -0.3516 -0.8619 0.2715 -0.3681 -0.2191
-0.6959 0.1344 0.6404 0.2959 -0.6337 0.4268 0.6424 0.0597 -0.7072 0.305 0.543 0.3347 -0.7151 -0.211 0.6491 0.1509 -0.5667 -0.3072 0.6987 -0.3102 -0.5468 -0.3616 0.613 -0.4411 -0.9412 -0.062 -0.3293 -0.0439 -0.6504 -0.072 0.7445 -0.1323 -0.6577 -0.1185 0.7269 -0.1581 -0.8619 0.2715 -0.3681 -0.2191
-0.6959 0.1344 0.6404 0.2959 -0.6337 0.4268 0.6424 0.0597 -0.6949 0.3362 0.551 0.317 -0.7151 -0.211 0.6491 0.1509 -0.5667 -0.3072 0.6987 -0.3102 -0.5468 -0.3616 0.613 -0.4411 -0.9412 -0.062 -0.3293 -0.0439 -0.6504 -0.072 0.7445 -0.1323 -0.6577 -0.1185 0.7269 -0.1581 -0.8619 0.2715 -0.3681 -0.2191
-0.6959 0.1344 0.6404 0.2959 -0.64 0.4141 0.6407 0.0913 -0.6949 0.3362 0.551 0.317 -0.7151 -0.211 0.6491 0.1509 -0.5667 -0.3072 0.6987 -0.3102 -0.5468 -0.3616 0.613 -0.4411 -0.9412 -0.062 -0.3293 -0.0439 -0.6504 -0.072 0.7445 -0.1323 -0.6577 -0.1185 0.7269 -0.1581 -0.8619 0.2715 -0.3681 -0.2191
-0.6959 0.1344 0.6404 0.2959 -0.64 0.4141 0.6407 0.0913 -0.6949 0.3362 0.551 0.317 -0.7151 -0.211 0.6491 0.1509 -0.5667 -0.3072 0.6987 -0.3102 -0.5468 -0.3616 0.613 -0.4411 -0.9412 -0.062 -0.3293 -0.0439 -0.6504 -0.072 0.7445 -0.1323 -0.6577 -0.1185 0.7269 -0.1581 -0.9107 0.2292 -0.3264 -0.1073
-0.6824 0.1358 0.6485 0.3088 -0.64 0.4141 0.6407 0.0913 -0.6949 0.3362 0.551 0.317 -0.7257 -0.1835 0.65 0.1315 -0.5667 -0.3072 0.6987 -0.3102 -0.5468 -0.3616 0.613 -0.4411 -0.9412 -0.062 -0.3293 -0.0439 -0.6504 -0.072 0.7445 -0.1323 -0.6577 -0.1185 0.7269 -0.1581 -0.9107 0.2292 -0.3264 -0.1073
-0.6824 0.1358 0.6485 0.3088 -0.64 0.4141 0.6407 0.0913 -0.6949 0.3362 0.551 0.317 -0.7257 -0.1835 0.65 0.1315 -0.5869 -0.2993 0.7025 -0.2692 -0.5468 -0.3616 0.613 -0.4411 -0.9412 -0.062 -0.3293 -0.0439 -0.6504 -0.072 0.7445 -0.1323 -0.6577 -0.1185 0.7269 -0.1581 -0.9107 0.2292 -0.3264 -0.1073
-0.6824 0.1358 0.6485 0.3088 -0.64 0.4141 0.6407 0.0913 -0.6949 0.3362 0.551 0.317 -0.7257 -0.1835 0.65 0.1315 -0.5869 -0.2993 0.7025 -0.2692 -0.5468 -0.3616 0.613 -0.4411 -0.9412 -0.062 -0.3293 -0.0439 -0.6504 -0.072 0.7445 -0.1323 -0.6577 -0.1185 0.7269 -0.1581 -0.9107 0.2292 -0.3264 -0.1073
-0.6824 0.1358 0.6485 0.3088 -0.64 0.4141 0.6407 0.0913 -0.6949 0.3362 0.551 0.317 -0.7257 -0.1835 0.65 0.1315 -0.5869 -0.2993 0.7025 -0.2692 -0.5468 -0.3616 0.613 -0.4411 -0.9406 -0.0613 -0.3313 -0.042 -0.6504 -0.072 0.7445 -0.1323 -0.6577 -0.1185 0.7269 -0.1581 -0.9107 0.2292 -0.3264 -0.1073
-0.6824 0.1358 0.6485 0.3088 -0.64 0.4141 0.6407 0.0913 -0.6949 0.3362 0.551 0.317 -0.7257 -0.1835 0.65 0.1315 -0.5869 -0.2993 0.7025 -0.2692 -0.5468 -0.3616 0.613 -0.4411 -0.9406 -0.0613 -0.3313 -0.042 -0.6504 -0.072 0.7445 -0.1323 -0.6577 -0.1185 0.7269 -0.1581 -0.9107 0.2292 -0.3264 -0.1073
-0.6824 0.1358 0.6485 0.3088 -0.6439 0.4076 0.6354 0.1245 -0.6895 0.3548 0.5563 0.2988 -0.7257 -0.1835 0.65 0.1315 -0.5869 -0.2993 0.7025 -0.2692 -0.5468 -0.3616 0.613 -0.4411 -0.9406 -0.0613 -0.3313 -0.042 -0.6504 -0.072 0.7445 -0.1323 -0.6923 -0.1143 0.7119 0.0313 -0.9107 0.2292 -0.3264 -0.1073
-0.6824 0.1358 0.6485 0.3088 -0.6439 0.4076 0.6354 0.1245 -0.6895 0.3548 0.5563 0.2988 -0.7382 -0.1543 0.6478 0.1082 -0.5869 -0.2993 0.7025 -0.2692 -0.5468 -0.3616 0.613 -0.4411 -0.9406 -0.0613 -0.3313 -0.042 -0.6504 -0.072 0.7445 -0.1323 -0.6923 -0.1143 0.7119 0.0313 -0.9365 0.1846 -0.2977 0.015
-0.6824 0.1358 0.6485 0.3088 -0.6439 0.4076 0.6354 0.1245 -0.6895 0.3548 0.5563 0.2988 -0.7382 -0.1543 0.6478 0.1082 -0.5869 -0.2993 0.7025 -0.2692 -0.5468 -0.3616 0.613 -0.4411 -0.9406 -0.0613 -0.3313 -0.042 -0.6504 -0.072 0.7445 -0.1323 -0.6923 -0.1143 0.7119 0.0313 -0.9365 0.1846 -0.2977 0.015
-0.6685 0.1428 0.6472 0.3375 -0.6439 0.4076 0.6354 0.1245 -0.6895 0.3548 0.5563 0.2988 -0.7382 -0.1543 0.6478 0.1082 -0.6142 -0.2949 0.7009 -0.2111 -0.5468 -0.3616 0.613 -0.4411 -0.9406 -0.0613 -0.3313 -0.042 -0.6504 -0.072 0.7445 -0.1323 -0.6923 -0.1143 0.7119 0.0313 -0.9365 0.1846 -0.2977 0.015
-0.6685 0.1428 0.6472 0.3375 -0.6439 0.4076 0.6354 0.1245 -0.6895 0.3548 0.5563 0.2988 -0.7382 -0.1543 0.6478 0.1082 -0.6142 -0.2949 0.7009 -0.2111 -0.5468 -0.3616 0.613 -0.4411 -0.9363 -0.0619 -0.3435 -0.0392 -0.6504 -0.072 0.7445 -0.1323 -0.6923 -0.1143 0.7119 0.0313 -0.9365 0.1846 -0.2977 0.015
-0.6685 0.1428 0.6472 0.3375 -0.6439 0.4076 0.6354 0.1245 -0.6895 0.3548 0.5563 0.2988 -0.7382 -0.1543 0.6478 0.1082 -0.6142 -0.2949 0.7009 -0.2111 -0.5468 -0.3616 0.613 -0.4411 -0.9363 -0.0619 -0.3435 -0.0392 -0.6504 -0.072 0.7445 -0.1323 -0.6807 -0.1 0.7256 0.011 -0.9365 0.1846 -0.2977 0.015
-0.6685 0.1428 0.6472 0.3375 -0.6439 0.4076 0.6354 0.1245 -0.6766 0.367 0.5541 0.3168 -0.7382 -0.1543 0.6478 0.1082 -0.6142 -0.2949 0.7009 -0.2111 -0.5468 -0.3616 0.613 -0.4411 -0.9363 -0.0619 -0.3435 -0.0392 -0.6504 -0.072 0.7445 -0.1323 -0.6807 -0.1 0.7256 0.011 -0.9365 0.1846 -0.2977 0.015
-0.6685 0.1428 0.6472 0.3375 -0.6423 0.4224 0.6214 0.1512 -0.6766 0.367 0.5541 0.3168 -0.7382 -0.1543 0.6478 0.1082 -0.6142 -0.2949 0.7009 -0.2111 -0.5468 -0.3616 0.613 -0.4411 -0.9363 -0.0619 -0.3435 -0.0392 -0.6504 -0.072 0.7445 -0.1323 -0.6807 -0.1 0.7256 0.011 -0.9365 0.1846 -0.2977 0.015
-0.6685 0.1428 0.6472 0.3375 -0.6423 0.4224 0.6214 0.1512 -0.6766 0.367 0.5541 0.3168 -0.746 -0.1452 0.6428 0.0961 -0.6142 -0.2949 0.7009 -0.2111 -0.5468 -0.3616 0.613 -0.4411 -0.9363 -0.0619 -0.3435 -0.0392 -0.6504 -0.072 0.7445 -0.1323 -0.6807 -0.1 0.7256 0.011 -0.9213 0.2027 -0.3309 0.0239
-0.6685 0.1428 0.6472 0.3375 -0.6423 0.4224 0.6214 0.1512 -0.6766 0.367 0.5541 0.3168 -0.746 -0.1452 0.6428 0.0961 -0.6142 -0.2949 0.7009 -0.2111 -0.5468 -0.3616 0.613 -0.4411 -0.9363 -0.0619 -0.3435 -0.0392 -0.6504 -0.072 0.7445 -0.1323 -0.6807 -0.1 0.7256 0.011 -0.9213 0.2027 -0.3309 0.0239
-0.6501 0.1659 0.6422 0.3707 -0.6423 0.4224 0.6214 0.1512 -0.6766 0.367 0.5541 0.3168 -0.746 -0.1452 0.6428 0.0961 -0.6154 -0.2343 0.7233 -0.2079 -0.5468 -0.3616 0.613 -0.4411 -0.9363 -0.0619 -0.3435 -0.0392 -0.6504 -0.072 0.7445 -0.1323 -0.6807 -0.1 0.7256 0.011 -0.9213 0.2027 -0.3309 0.0239
-0.6501 0.1659 0.6422 0.3707 -0.6423 0.4224 0.6214 0.1512 -0.6766 0.367 0.5541 0.3168 -0.746 -0.1452 0.6428 0.0961 -0.6154 -0.2343 0.7233 -0.2079 -0.5468 -0.3616 0.613 -0.4411 -0.9363 -0.0619 -0.3435 -0.0392 -0.6504 -0.072 0.7445 -0.1323 -0.6807 -0.1 0.7256 0.011 -0.9213 0.2027 -0.3309 0.0239
-0.6501 0.1659 0.6422 0.3707 -0.6423 0.4224 0.6214 0.1512 -0.6766 0.367 0.5541 0.3168 -0.746 -0.1452 0.6428 0.0961 -0.6154 -0.2343 0.7233 -0.2079 -0.5468 -0.3616 0.613 -0.4411 -0.8615 -0.0826 -0.4981 0.0544 -0.6504 -0.072 0.7445 -0.1323 -0.6625 -0.0468 0.7471 0.0252 -0.9213 0.2027 -0.3309 0.0239
-0.6501 0.1659 0.6422 0.3707 -0.6423 0.4224 0.6214 0.1512 -0.6766 0.367 0.5541 0.3168 -0.746 -0.1452 0.6428 0.0961 -0.6154 -0.2343 0.7233 -0.2079 -0.5468 -0.3616 0.613 -0.4411 -0.8615 -0.0826 -0.4981 0.0544 -0.6504 -0.072 0.7445 -0.1323 -0.6625 -0.0468 0.7471 0.0252 -0.9213 0.2027 -0.3309 0.0239
-0.6501 0.1659 0.6422 0.3707 -0.6305 0.4493 0.6105 0.167 -0.6677 0.3778 0.5486 0.3322 -0.746 -0.1452 0.6428 0.0961 -0.6154 -0.2343 0.7233 -0.2079 -0.5468 -0.3616 0.613 -0.4411 -0.8615 -0.0826 -0.4981 0.0544 -0.6862 -0.0043 0.7262 0.0408 -0.6625 -0.0468 0.7471 0.0252 -0.9213 0.2027 -0.3309 0.0239
-0.6501 0.1659 0.6422 0.3707 -0.6305 0.4493 0.6105 0.167 -0.6677 0.3778 0.5486 0.3322 -0.746 -0.1452 0.6428 0.0961 -0.6154 -0.2343 0.7233 -0.2079 -0.5468 -0.3616 0.613 -0.4411 -0.8615 -0.0826 -0.4981 0.0544 -0.6862 -0.0043 0.7262 0.0408 -0.6625 -0.0468 0.7471 0.0252 -0.9216 0.1708 -0.3481 0.0139
-0.6501 0.1659 0.6422 0.3707 -0.6305 0.4493 0.6105 0.167 -0.6677 0.3778 0.5486 0.3322 -0.746 -0.1452 0.6428 0.0961 -0.6154 -0.2343 0.7233 -0.2079 -0.5468 -0.3616 0.613 -0.4411 -0.8615 -0.0826 -0.4981 0.0544 -0.6862 -0.0043 0.7262 0.0408 -0.6625 -0.0468 0.7471 0.0252 -0.9216 0.1708 -0.3481 0.0139
-0.6467 0.1659 0.6411 0.3786 -0.6305 0.4493 0.6105 0.167 -0.6677 0.3778 0.5486 0.3322 -0.738 -0.1323 0.6481 0.1332 -0.5967 -0.1849 0.7269 -0.2852 -0.7525 -0.4128 0.4763 -0.1911 -0.8615 -0.0826 -0.4981 0.0544 -0.6862 -0.0043 0.7262 0.0408 -0.6625 -0.0468 0.7471 0.0252 -0.9216 0.1708 -0.3481 0.0139
-0.6467 0.1659 0.6411 0.3786 -0.6305 0.4493 0.6105 0.167 -0.6677 0.3778 0.5486 0.3322 -0.738 -0.1323 0.6481 0.1332 -0.5967 -0.1849 0.7269 -0.2852 -0.7525 -0.4128 0.4763 -0.1911 -0.8615 -0.0826 -0.4981 0.0544 -0.6862 -0.0043 0.7262 0.0408 -0.6625 -0.0468 0.7471 0.0252 -0.9216 0.1708 -0.3481 0.0139
-0.6467 0.1659 0.6411 0.3786 -0.6305 0.4493 0.6105 0.167 -0.6709 0.3875 0.5354 0.3364 -0.738 -0.1323 0.6481 0.1332 -0.5967 -0.1849 0.7269 -0.2852 -0.7525 -0.4128 0.4763 -0.1911 -0.8412 -0.1188 -0.5204 0.0862 -0.6862 -0.0043 0.7262 0.0408 -0.6511 -0.0065 0.7583 0.0308 -0.9216 0.1708 -0.3481 0.0139
-0.6467 0.1659 0.6411 0.3786 -0.6305 0.4493 0.6105 0.167 -0.6709 0.3875 0.5354 0.3364 -0.738 -0.1323 0.6481 0.1332 -0.5967 -0.1849 0.7269 -0.2852 -0.7525 -0.4128 0.4763 -0.1911 -0.8412 -0.1188 -0.5204 0.0862 -0.6862 -0.0043 0.7262 0.0408 -0.6511 -0.0065 0.7583 0.0308 -0.9216 0.1708 -0.3481 0.0139
-0.6467 0.1659 0.6411 0.3786 -0.6231 0.4788 0.5939 0.1723 -0.6709 0.3875 0.5354 0.3364 -0.738 -0.1323 0.6481 0.1332 -0.5967 -0.1849 0.7269 -0.2852 -0.7525 -0.4128 0.4763 -0.1911 -0.8412 -0.1188 -0.5204 0.0862 -0.6695 0.0126 0.7426 0.0137 -0.6511 -0.0065 0.7583 0.0308 -0.9216 0.1708 -0.3481 0.0139
-0.6467 0.1659 0.6411 0.3786 -0.6231 0.4788 0.5939 0.1723 -0.6709 0.3875 0.5354 0.3364 -0.738 -0.1323 0.6481 0.1332 -0.5967 -0.1849 0.7269 -0.2852 -0.7525 -0.4128 0.4763 -0.1911 -0.8412 -0.1188 -0.5204 0.0862 -0.6695 0.0126 0.7426 0.0137 -0.6511 -0.0065 0.7583 0.0308 -0.9216 0.1708 -0.3481 0.0139
-0.6467 0.1659 0.6411 0.3786 -0.6231 0.4788 0.5939 0.1723 -0.6709 0.3875 0.5354 0.3364 -0.7297 -0.1285 0.6508 0.1655 -0.5967 -0.1849 0.7269 -0.2852 -0.7184 -0.3191 0.5726 -0.2325 -0.8412 -0.1188 -0.5204 0.0862 -0.6695 0.0126 0.7426 0.0137 -0.6511 -0.0065 0.7583 0.0308 -0.9215 0.1619 -0.353 0.0079
-0.6467 0.1659 0.6411 0.3786 -0.6231 0.4788 0.5939 0.1723 -0.6709 0.3875 0.5354 0.3364 -0.7297 -0.1285 0.6508 0.1655 -0.5775 -0.1783 0.7192 -0.3426 -0.7184 -0.3191 0.5726 -0.2325 -0.8412 -0.1188 -0.5204 0.0862 -0.6695 0.0126 0.7426 0.0137 -0.6511 -0.0065 0.7583 0.0308 -0.9215 0.1619 -0.353 0.0079
-0.6467 0.1659 0.6411 0.3786 -0.6231 0.4788 0.5939 0.1723 -0.6709 0.3875 0.5354 0.3364 -0.7297 -0.1285 0.6508 0.1655 -0.5775 -0.1783 0.7192 -0.3426 -0.7184 -0.3191 0.5726 -0.2325 -0.8412 -0.1188 -0.5204 0.0862 -0.6695 0.0126 0.7426 0.0137 -0.6511 -0.0065 0.7583 0.0308 -0.9215 0.1619 -0.353 0.0079
-0.6467 0.1659 0.6411 0.3786 -0.6231 0.4788 0.5939 0.1723 -0.6674 0.4023 0.5177 0.3531 -0.7297 -0.1285 0.6508 0.1655 -0.5775 -0.1783 0.7192 -0.3426 -0.7184 -0.3191 0.5726 -0.2325 -0.9015 -0.1147 -0.4025 0.1101 -0.6695 0.0126 0.7426 0.0137 -0.6534 0.0069 0.757 -0.0047 -0.9215 0.1619 -0.353 0.0079
-0.6467 0.1659 0.6411 0.3786 -0.6231 0.4788 0.5939 0.1723 -0.6674 0.4023 0.5177 0.3531 -0.7297 -0.1285 0.6508 0.1655 -0.5775 -0.1783 0.7192 -0.3426 -0.7184 -0.3191 0.5726 -0.2325 -0.9015 -0.1147 -0.4025 0.1101 -0.6695 0.0126 0.7426 0.0137 -0.6534 0.0069 0.757 -0.0047 -0.9215 0.1619 -0.353 0.0079
-0.6467 0.1659 0.6411 0.3786 -0.6122 0.5118 0.5784 0.1695 -0.6674 0.4023 0.5177 0.3531 -0.7297 -0.1285 0.6508 0.1655 -0.5775 -0.1783 0.7192 -0.3426 -0.7184 -0.3191 0.5726 -0.2325 -0.9015 -0.1147 -0.4025 0.1101 -0.6582 0.016 0.7525 -0.0146 -0.6534 0.0069 0.757 -0.0047 -0.9215 0.1619 -0.353 0.0079
-0.6467 0.1659 0.6411 0.3786 -0.6122 0.5118 0.5784 0.1695 -0.6674 0.4023 0.5177 0.3531 -0.7297 -0.1285 0.6508 0.1655 -0.5775 -0.1783 0.7192 -0.3426 -0.7184 -0.3191 0.5726 -0.2325 -0.9015 -0.1147 -0.4025 0.1101 -0.6582 0.016 0.7525 -0.0146 -0.6534 0.0069 0.757 -0.0047 -0.9175 0.1687 -0.36 0.0101
-0.6467 0.1659 0.6411 0.3786 -0.6122 0.5118 0.5784 0.1695 -0.6674 0.4023 0.5177 0.3531 -0.7297 -0.1285 0.6508 0.1655 -0.5775 -0.1783 0.7192 -0.3426 -0.7184 -0.3191 0.5726 -0.2325 -0.9015 -0.1147 -0.4025 0.1101 -0.6582 0.016 0.7525 -0.0146 -0.6534 0.0069 0.757 -0.0047 -0.9175 0.1687 -0.36 0.0101
-0.6315 0.2079 0.6255 0.4084 -0.6122 0.5118 0.5784 0.1695 -0.6674 0.4023 0.5177 0.3531 -0.7286 -0.1177 0.6487 0.1857 -0.5753 -0.1946 0.6971 -0.381 -0.6267 -0.2819 0.6389 -0.3459 -0.9015 -0.1147 -0.4025 0.1101 -0.6582 0.016 0.7525 -0.0146 -0.6534 0.0069 0.757 -0.0047 -0.9175 0.1687 -0.36 0.0101
-0.6315 0.2079 0.6255 0.4084 -0.6122 0.5118 0.5784 0.1695 -0.6674 0.4023 0.5177 0.3531 -0.7286 -0.1177 0.6487 0.1857 -0.5753 -0.1946 0.6971 -0.381 -0.6267 -0.2819 0.6389 -0.3459 -0.9015 -0.1147 -0.4025 0.1101 -0.6582 0.016 0.7525 -0.0146 -0.6534 0.0069 0.757 -0.0047 -0.9175 0.1687 -0.36 0.0101
-0.6315 0.2079 0.6255 0.4084 -0.6122 0.5118 0.5784 0.1695 -0.6674 0.4023 0.5177 0.3531 -0.7286 -0.1177 0.6487 0.1857 -0.5753 -0.1946 0.6971 -0.381 -0.6267 -0.2819 0.6389 -0.3459 -0.9338 -0.1247 -0.3341 0.0286 -0.6582 0.016 0.7525 -0.0146 -0.6534 0.0069 0.757 -0.0047 -0.9175 0.1687 -0.36 0.0101
-0.6315 0.2079 0.6255 0.4084 -0.6122 0.5118 0.5784 0.1695 -0.6626 0.4138 0.5062 0.3653 -0.7286 -0.1177 0.6487 0.1857 -0.5753 -0.1946 0.6971 -0.381 -0.6267 -0.2819 0.6389 -0.3459 -0.9338 -0.1247 -0.3341 0.0286 -0.6582 0.016 0.7525 -0.0146 -0.6566 0.0096 0.7518 -0.0594 -0.9175 0.1687 -0.36 0.0101
-0.6315 0.2079 0.6255 0.4084 -0.6038 0.5342 0.5695 0.1599 -0.6626 0.4138 0.5062 0.3653 -0.7286 -0.1177 0.6487 0.1857 -0.5753 -0.1946 0.6971 -0.381 -0.6267 -0.2819 0.6389 -0.3459 -0.9338 -0.1247 -0.3341 0.0286 -0.648 0.0035 0.7584 -0.07 -0.6566 0.0096 0.7518 -0.0594 -0.9148 0.1735 -0.3646 0.0093
-0.6315 0.2079 0.6255 0.4084 -0.6038 0.5342 0.5695 0.1599 -0.6626 0.4138 0.5062 0.3653 -0.7216 -0.1184 0.6508 0.2047 -0.5753 -0.1946 0.6971 -0.381 -0.6267 -0.2819 0.6389 -0.3459 -0.9338 -0.1247 -0.3341 0.0286 -0.648 0.0035 0.7584 -0.07 -0.6566 0.0096 0.7518 -0.0594 -0.9148 0.1735 -0.3646 0.0093
-0.6176 0.2275 0.6181 0.4297 -0.6038 0.5342 0.5695 0.1599 -0.6626 0.4138 0.5062 0.3653 -0.7216 -0.1184 0.6508 0.2047 -0.5753 -0.1946 0.6971 -0.381 -0.5522 -0.2471 0.6702 -0.4297 -0.9338 -0.1247 -0.3341 0.0286 -0.648 0.0035 0.7584 -0.07 -0.6566 0.0096 0.7518 -0.0594 -0.9148 0.1735 -0.3646 0.0093
-0.6176 0.2275 0.6181 0.4297 -0.6038 0.5342 0.5695 0.1599 -0.6626 0.4138 0.5062 0.3653 -0.7216 -0.1184 0.6508 0.2047 -0.5773 -0.2267 0.6788 -0.3931 -0.5522 -0.2471 0.6702 -0.4297 -0.9338 -0.1247 -0.3341 0.0286 -0.648 0.0035 0.7584 -0.07 -0.6566 0.0096 0.7518 -0.0594 -0.9148 0.1735 -0.3646 0.0093
-0.6176 0.2275 0.6181 0.4297 -0.6038 0.5342 0.5695 0.1599 -0.6626 0.4138 0.5062 0.3653 -0.7216 -0.1184 0.6508 0.2047 -0.5773 -0.2267 0.6788 -0.3931 -0.5522 -0.2471 0.6702 -0.4297 -0.9468 -0.1346 -0.2905 -0.0334 -0.648 0.0035 0.7584 -0.07 -0.6566 0.0096 0.7518 -0.0594 -0.9148 0.1735 -0.3646 0.0093
-0.6176 0.2275 0.6181 0.4297 -0.6038 0.5342 0.5695 0.1599 -0.6626 0.4138 0.5062 0.3653 -0.7216 -0.1184 0.6508 0.2047 -0.5773 -0.2267 0.6788 -0.3931 -0.5522 -0.2471 0.6702 -0.4297 -0.9468 -0.1346 -0.2905 -0.0334 -0.648 0.0035 0.7584 -0.07 -0.6572 0.0328 0.7437 -0.1177 -0.9148 0.1735 -0.3646 0.0093
-0.6176 0.2275 0.6181 0.4297 -0.6038 0.5342 0.5695 0.1599 -0.6626 0.4138 0.5062 0.3653 -0.7216 -0.1184 0.6508 0.2047 -0.5773 -0.2267 0.6788 -0.3931 -0.5522 -0.2471 0.6702 -0.4297 -0.9468 -0.1346 -0.2905 -0.0334 -0.648 0.0035 0.7584 -0.07 -0.6572 0.0328 0.7437 -0.1177 -0.9148 0.1735 -0.3646 0.0093
-0.6176 0.2275 0.6181 0.4297 -0.5929 0.5487 0.5683 0.1566 -0.6626 0.4138 0.5062 0.3653 -0.7216 -0.1184 0.6508 0.2047 -0.5773 -0.2267 0.6788 -0.3931 -0.5522 -0.2471 0.6702 -0.4297 -0.9468 -0.1346 -0.2905 -0.0334 -0.648 0.0035 0.7584 -0.07 -0.6572 0.0328 0.7437 -0.1177 -0.9148 0.1735 -0.3646 0.0093
-0.6176 0.2275 0.6181 0.4297 -0.5929 0.5487 0.5683 0.1566 -0.6626 0.4138 0.5062 0.3653 -0.7216 -0.1184 0.6508 0.2047 -0.5773 -0.2267 0.6788 -0.3931 -0.5522 -0.2471 0.6702 -0.4297 -0.9468 -0.1346 -0.2905 -0.0334 -0.648 0.0035 0.7584 -0.07 -0.6572 0.0328 0.7437 -0.1177 -0.9148 0.1735 -0.3646 0.0093
-0.6176 0.2275 0.6181 0.4297 -0.5929 0.5487 0.5683 0.1566 -0.6626 0.4138 0.5062 0.3653 -0.7216 -0.1184 0.6508 0.2047 -0.5773 -0.2267 0.6788 -0.3931 -0.5522 -0.2471 0.6702 -0.4297 -0.9468 -0.1346 -0.2905 -0.0334 -0.648 0.0035 0.7584 -0.07 -0.6572 0.0328 0.7437 -0.1177 -0.9148 0.1735 -0.3646 0.0093
-0.616 0.2523 0.6154 0.4222 -0.5929 0.5487 0.5683 0.1566 -0.6626 0.4138 0.5062 0.3653 -0.7142 -0.1237 0.6509 0.2256 -0.5697 -0.2529 0.6846 -0.3779 -0.549 -0.2829 0.6654 -0.4193 -0.9468 -0.1346 -0.2905 -0.0334 -0.648 0.0035 0.7584 -0.07 -0.6572 0.0328 0.7437 -0.1177 -0.9078 0.1769 -0.3802 0.0013
-0.616 0.2523 0.6154 0.4222 -0.5929 0.5487 0.5683 0.1566 -0.6626 0.4138 0.5062 0.3653 -0.7142 -0.1237 0.6509 0.2256 -0.5697 -0.2529 0.6846 -0.3779 -0.549 -0.2829 0.6654 -0.4193 -0.9468 -0.1346 -0.2905 -0.0334 -0.648 0.0035 0.7584 -0.07 -0.6572 0.0328 0.7437 -0.1177 -0.9078 0.1769 -0.3802 0.0013
-0.616 0.2523 0.6154 0.4222 -0.5929 0.5487 0.5683 0.1566 -0.6626 0.4138 0.5062 0.3653 -0.7142 -0.1237 0.6509 0.2256 -0.5697 -0.2529 0.6846 -0.3779 -0.549 -0.2829 0.6654 -0.4193 -0.9383 -0.0935 -0.3329 -0.0059 -0.648 0.0035 0.7584 -0.07 -0.6572 0.0328 0.7437 -0.1177 -0.9078 0.1769 -0.3802 0.0013
-0.616 0.2523 0.6154 0.4222 -0.5929 0.5487 0.5683 0.1566 -0.6661 0.3918 0.5242 0.3578 -0.7142 -0.1237 0.6509 0.2256 -0.5697 -0.2529 0.6846 -0.3779 -0.549 -0.2829 0.6654 -0.4193 -0.9383 -0.0935 -0.3329 -0.0059 -0.6385 0.0239 0.7623 -0.1032 -0.6517 0.0773 0.7285 -0.1964 -0.9078 0.1769 -0.3802 0.0013
-0.616 0.2523 0.6154 0.4222 -0.5929 0.5487 0.5683 0.1566 -0.6661 0.3918 0.5242 0.3578 -0.7142 -0.1237 0.6509 0.2256 -0.5697 -0.2529 0.6846 -0.3779 -0.549 -0.2829 0.6654 -0.4193 -0.9383 -0.0935 -0.3329 -0.0059 -0.6385 0.0239 0.7623 -0.1032 -0.6517 0.0773 0.7285 -0.1964 -0.9078 0.1769 -0.3802 0.0013
-0.616 0.2523 0.6154 0.4222 -0.5929 0.5487 0.5683 0.1566 -0.6661 0.3918 0.5242 0.3578 -0.7213 -0.1318 0.6514 0.1949 -0.5697 -0.2529 0.6846 -0.3779 -0.549 -0.2829 0.6654 -0.4193 -0.9383 -0.0935 -0.3329 -0.0059 -0.6385 0.0239 0.7623 -0.1032 -0.6517 0.0773 0.7285 -0.1964 -0.8086 0.2005 -0.5507 -0.0527
-0.616 0.2523 0.6154 0.4222 -0.5929 0.5487 0.5683 0.1566 -0.6661 0.3918 0.5242 0.3578 -0.7213 -0.1318 0.6514 0.1949 -0.5697 -0.2529 0.6846 -0.3779 -0.549 -0.2829 0.6654 -0.4193 -0.9383 -0.0935 -0.3329 -0.0059 -0.6385 0.0239 0.7623 -0.1032 -0.6517 0.0773 0.7285 -0.1964 -0.8086 0.2005 -0.5507 -0.0527
-0.6285 0.2487 0.6186 0.4007 -0.5929 0.5487 0.5683 0.1566 -0.6661 0.3918 0.5242 0.3578 -0.7213 -0.1318 0.6514 0.1949 -0.5697 -0.2529 0.6846 -0.3779 -0.561 -0.3305 0.6375 -0.4119 -0.9383 -0.0935 -0.3329 -0.0059 -0.6385 0.0239 0.7623 -0.1032 -0.6517 0.0773 0.7285 -0.1964 -0.8086 0.2005 -0.5507 -0.0527
-0.6285 0.2487 0.6186 0.4007 -0.5929 0.5487 0.5683 0.1566 -0.6661 0.3918 0.5242 0.3578 -0.7213 -0.1318 0.6514 0.1949 -0.5697 -0.2529 0.6846 -0.3779 -0.561 -0.3305 0.6375 -0.4119 -0.9383 -0.0935 -0.3329 -0.0059 -0.6385 0.0239 0.7623 -0.1032 -0.6517 0.0773 0.7285 -0.1964 -0.8086 0.2005 -0.5507 -0.0527
-0.6285 0.2487 0.6186 0.4007 -0.5929 0.5487 0.5683 0.1566 -0.6661 0.3918 0.5242 0.3578 -0.7213 -0.1318 0.6514 0.1949 -0.5697 -0.2529 0.6846 -0.3779 -0.561 -0.3305 0.6375 -0.4119 -0.9377 -0.0894 -0.3359 -0.0033 -0.6385 0.0239 0.7623 -0.1032 -0.6517 0.0773 0.7285 -0.1964 -0.8086 0.2005 -0.5507 -0.0527
-0.6285 0.2487 0.6186 0.4007 -0.5929 0.5487 0.5683 0.1566 -0.6661 0.3918 0.5242 0.3578 -0.7213 -0.1318 0.6514 0.1949 -0.5697 -0.2529 0.6846 -0.3779 -0.561 -0.3305 0.6375 -0.4119 -0.9377 -0.0894 -0.3359 -0.0033 -0.6802 -0.0413 0.7242 -0.1055 -0.6318 0.1069 0.7224 -0.26 -0.8086 0.2005 -0.5507 -0.0527
-0.6285 0.2487 0.6186 0.4007 -0.6129 0.5003 0.5986 0.1255 -0.661 0.4135 0.5132 0.3588 -0.7213 -0.1318 0.6514 0.1949 -0.5697 -0.2529 0.6846 -0.3779 -0.561 -0.3305 0.6375 -0.4119 -0.9377 -0.0894 -0.3359 -0.0033 -0.6802 -0.0413 0.7242 -0.1055 -0.6318 0.1069 0.7224 -0.26 -0.8395 0.2295 -0.4729 -0.138
-0.6285 0.2487 0.6186 0.4007 -0.6129 0.5003 0.5986 0.1255 -0.661 0.4135 0.5132 0.3588 -0.7094 -0.1429 0.6564 0.213 -0.5697 -0.2529 0.6846 -0.3779 -0.561 -0.3305 0.6375 -0.4119 -0.9377 -0.0894 -0.3359 -0.0033 -0.6802 -0.0413 0.7242 -0.1055 -0.6318 0.1069 0.7224 -0.26 -0.8395 0.2295 -0.4729 -0.138
-0.6285 0.2487 0.6186 0.4007 -0.6129 0.5003 0.5986 0.1255 -0.661 0.4135 0.5132 0.3588 -0.7094 -0.1429 0.6564 0.213 -0.5697 -0.2529 0.6846 -0.3779 -0.561 -0.3305 0.6375 -0.4119 -0.9377 -0.0894 -0.3359 -0.0033 -0.6802 -0.0413 0.7242 -0.1055 -0.6318 0.1069 0.7224 -0.26 -0.8395 0.2295 -0.4729 -0.138
-0.6566 0.1938 0.6252 0.3748 -0.6129 0.5003 0.5986 0.1255 -0.661 0.4135 0.5132 0.3588 -0.7094 -0.1429 0.6564 0.213 -0.5777 -0.2791 0.7082 -0.2947 -0.5687 -0.3577 0.6248 -0.3978 -0.9377 -0.0894 -0.3359 -0.0033 -0.6802 -0.0413 0.7242 -0.1055 -0.6318 0.1069 0.7224 -0.26 -0.8395 0.2295 -0.4729 -0.138
-0.6566 0.1938 0.6252 0.3748 -0.6129 0.5003 0.5986 0.1255 -0.661 0.4135 0.5132 0.3588 -0.7094 -0.1429 0.6564 0.213 -0.5777 -0.2791 0.7082 -0.2947 -0.5687 -0.3577 0.6248 -0.3978 -0.9377 -0.0894 -0.3359 -0.0033 -0.6802 -0.0413 0.7242 -0.1055 -0.6318 0.1069 0.7224 -0.26 -0.8395 0.2295 -0.4729 -0.138
-0.6566 0.1938 0.6252 0.3748 -0.6129 0.5003 0.5986 0.1255 -0.6637 0.3796 0.5448 0.3445 -0.7094 -0.1429 0.6564 0.213 -0.5777 -0.2791 0.7082 -0.2947 -0.5687 -0.3577 0.6248 -0.3978 -0.9383 -0.0852 -0.3351 0.004 -0.6802 -0.0413 0.7242 -0.1055 -0.6512 -0.0521 0.7088 -0.2662 -0.8395 0.2295 -0.4729 -0.138
-0.6566 0.1938 0.6252 0.3748 -0.6129 0.5003 0.5986 0.1255 -0.6637 0.3796 0.5448 0.3445 -0.7094 -0.1429 0.6564 0.213 -0.5777 -0.2791 0.7082 -0.2947 -0.5687 -0.3577 0.6248 -0.3978 -0.9383 -0.0852 -0.3351 0.004 -0.6802 -0.0413 0.7242 -0.1055 -0.6512 -0.0521 0.7088 -0.2662 -0.8395 0.2295 -0.4729 -0.138
-0.6566 0.1938 0.6252 0.3748 -0.6323 0.4602 0.6151 0.1002 -0.6637 0.3796 0.5448 0.3445 -0.7094 -0.1429 0.6564 0.213 -0.5777 -0.2791 0.7082 -0.2947 -0.5687 -0.3577 0.6248 -0.3978 -0.9383 -0.0852 -0.3351 0.004 -0.704 -0.0475 0.7067 -0.0527 -0.6512 -0.0521 0.7088 -0.2662 -0.8827 0.2363 -0.3706 -0.1664
-0.6566 0.1938 0.6252 0.3748 -0.6323 0.4602 0.6151 0.1002 -0.6637 0.3796 0.5448 0.3445 -0.7094 -0.1429 0.6564 0.213 -0.5777 -0.2791 0.7082 -0.2947 -0.5687 -0.3577 0.6248 -0.3978 -0.9383 -0.0852 -0.3351 0.004 -0.704 -0.0475 0.7067 -0.0527 -0.6512 -0.0521 0.7088 -0.2662 -0.8827 0.2363 -0.3706 -0.1664
-0.6682 0.1796 0.626 0.3597 -0.6323 0.4602 0.6151 0.1002 -0.6637 0.3796 0.5448 0.3445 -0.7053 -0.1824 0.6633 0.1714 -0.5777 -0.2791 0.7082 -0.2947 -0.5806 -0.3792 0.6059 -0.3898 -0.9383 -0.0852 -0.3351 0.004 -0.704 -0.0475 0.7067 -0.0527 -0.6512 -0.0521 0.7088 -0.2662 -0.8827 0.2363 -0.3706 -0.1664
-0.6682 0.1796 0.626 0.3597 -0.6323 0.4602 0.6151 0.1002 -0.6637 0.3796 0.5448 0.3445 -0.7053 -0.1824 0.6633 0.1714 -0.5753 -0.2928 0.7094 -0.283 -0.5806 -0.3792 0.6059 -0.3898 -0.9383 -0.0852 -0.3351 0.004 -0.704 -0.0475 0.7067 -0.0527 -0.6512 -0.0521 0.7088 -0.2662 -0.8827 0.2363 -0.3706 -0.1664
-0.6682 0.1796 0.626 0.3597 -0.6323 0.4602 0.6151 0.1002 -0.6637 0.3796 0.5448 0.3445 -0.7053 -0.1824 0.6633 0.1714 -0.5753 -0.2928 0.7094 -0.283 -0.5806 -0.3792 0.6059 -0.3898 -0.9385 -0.0806 -0.3356 0.0096 -0.704 -0.0475 0.7067 -0.0527 -0.6512 -0.0521 0.7088 -0.2662 -0.8827 0.2363 -0.3706 -0.1664
-0.6682 0.1796 0.626 0.3597 -0.6323 0.4602 0.6151 0.1002 -0.6637 0.3796 0.5448 0.3445 -0.7053 -0.1824 0.6633 0.1714 -0.5753 -0.2928 0.7094 -0.283 -0.5806 -0.3792 0.6059 -0.3898 -0.9385 -0.0806 -0.3356 0.0096 -0.704 -0.0475 0.7067 -0.0527 -0.6512 -0.0521 0.7088 -0.2662 -0.8827 0.2363 -0.3706 -0.1664
-0.6682 0.1796 0.626 0.3597 -0.6323 0.4602 0.6151 0.1002 -0.6637 0.3796 0.5448 0.3445 -0.7053 -0.1824 0.6633 0.1714 -0.5753 -0.2928 0.7094 -0.283 -0.5806 -0.3792 0.6059 -0.3898 -0.9385 -0.0806 -0.3356 0.0096 -0.704 -0.0475 0.7067 -0.0527 -0.6512 -0.0521 0.7088 -0.2662 -0.8827 0.2363 -0.3706 -0.1664
-0.6682 0.1796 0.626 0.3597 -0.6283 0.4576 0.6215 0.0977 -0.6494 0.3959 0.5432 0.3557 -0.7053 -0.1824 0.6633 0.1714 -0.5753 -0.2928 0.7094 -0.283 -0.5806 -0.3792 0.6059 -0.3898 -0.9385 -0.0806 -0.3356 0.0096 -0.7194 -0.0836 0.6888 0.0322 -0.6689 -0.0663 0.723 -0.1595 -0.8827 0.2363 -0.3706 -0.1664
-0.6682 0.1796 0.626 0.3597 -0.6283 0.4576 0.6215 0.0977 -0.6494 0.3959 0.5432 0.3557 -0.7053 -0.1824 0.6633 0.1714 -0.5753 -0.2928 0.7094 -0.283 -0.5806 -0.3792 0.6059 -0.3898 -0.9385 -0.0806 -0.3356 0.0096 -0.7194 -0.0836 0.6888 0.0322 -0.6689 -0.0663 0.723 -0.1595 -0.9203 0.2289 -0.3102 -0.0667
-0.6672 0.1667 0.6282 0.3638 -0.6283 0.4576 0.6215 0.0977 -0.6494 0.3959 0.5432 0.3557 -0.6954 -0.1901 0.6695 0.1791 -0.5753 -0.2928 0.7094 -0.283 -0.5966 -0.3858 0.5966 -0.3733 -0.9385 -0.0806 -0.3356 0.0096 -0.7194 -0.0836 0.6888 0.0322 -0.6689 -0.0663 0.723 -0.1595 -0.9203 0.2289 -0.3102 -0.0667
-0.6672 0.1667 0.6282 0.3638 -0.6283 0.4576 0.6215 0.0977 -0.6494 0.3959 0.5432 0.3557 -0.6954 -0.1901 0.6695 0.1791 -0.5753 -0.2928 0.7094 -0.283 -0.5966 -0.3858 0.5966 -0.3733 -0.9385 -0.0806 -0.3356 0.0096 -0.7194 -0.0836 0.6888 0.0322 -0.6689 -0.0663 0.723 -0.1595 -0.9203 0.2289 -0.3102 -0.0667
-0.6672 0.1667 0.6282 0.3638 -0.6283 0.4576 0.6215 0.0977 -0.6494 0.3959 0.5432 0.3557 -0.6954 -0.1901 0.6695 0.1791 -0.5753 -0.2928 0.7094 -0.283 -0.5966 -0.3858 0.5966 -0.3733 -0.9384 -0.0774 -0.3367 0.0143 -0.7194 -0.0836 0.6888 0.0322 -0.6689 -0.0663 0.723 -0.1595 -0.9203 0.2289 -0.3102 -0.0667
-0.6672 0.1667 0.6282 0.3638 -0.6283 0.4576 0.6215 0.0977 -0.6494 0.3959 0.5432 0.3557 -0.6954 -0.1901 0.6695 0.1791 -0.5753 -0.2928 0.7094 -0.283 -0.5966 -0.3858 0.5966 -0.3733 -0.9384 -0.0774 -0.3367 0.0143 -0.7194 -0.0836 0.6888 0.0322 -0.6689 -0.0663 0.723 -0.1595 -0.9203 0.2289 -0.3102 -0.0667
-0.6672 0.1667 0.6282 0.3638 -0.6283 0.4576 0.6215 0.0977 -0.6494 0.3959 0.5432 0.3557 -0.6954 -0.1901 0.6695 0.1791 -0.5753 -0.2928 0.7094 -0.283 -0.5966 -0.3858 0.5966 -0.3733 -0.9384 -0.0774 -0.3367 0.0143 -0.7194 -0.0836 0.6888 0.0322 -0.6689 -0.0663 0.723 -0.1595 -0.9203 0.2289 -0.3102 -0.0667
-0.6672 0.1667 0.6282 0.3638 -0.6306 0.4502 0.6238 0.1033 -0.6588 0.392 0.549 0.3333 -0.6954 -0.1901 0.6695 0.1791 -0.5753 -0.2928 0.7094 -0.283 -0.5966 -0.3858 0.5966 -0.3733 -0.9384 -0.0774 -0.3367 0.0143 -0.722 -0.0148 0.6835 0.1063 -0.6971 -0.0792 0.712 0.0277 -0.9203 0.2289 -0.3102 -0.0667
-0.6672 0.1667 0.6282 0.3638 -0.6306 0.4502 0.6238 0.1033 -0.6588 0.392 0.549 0.3333 -0.6954 -0.1901 0.6695 0.1791 -0.5753 -0.2928 0.7094 -0.283 -0.5966 -0.3858 0.5966 -0.3733 -0.9384 -0.0774 -0.3367 0.0143 -0.722 -0.0148 0.6835 0.1063 -0.6971 -0.0792 0.712 0.0277 -0.9203 0.2289 -0.3102 -0.0667
-0.6633 0.1691 0.6324 0.3626 -0.6306 0.4502 0.6238 0.1033 -0.6588 0.392 0.549 0.3333 -0.705 -0.1757 0.6668 0.1657 -0.5753 -0.2928 0.7094 -0.283 -0.6391 -0.3756 0.5809 -0.3362 -0.9384 -0.0774 -0.3367 0.0143 -0.722 -0.0148 0.6835 0.1063 -0.6971 -0.0792 0.712 0.0277 -0.9203 0.2289 -0.3102 -0.0667
-0.6633 0.1691 0.6324 0.3626 -0.6306 0.4502 0.6238 0.1033 -0.6588 0.392 0.549 0.3333 -0.705 -0.1757 0.6668 0.1657 -0.5753 -0.2928 0.7094 -0.283 -0.6391 -0.3756 0.5809 -0.3362 -0.9384 -0.0774 -0.3367 0.0143 -0.722 -0.0148 0.6835 0.1063 -0.6971 -0.0792 0.712 0.0277 -0.9203 0.2289 -0.3102 -0.0667
-0.6633 0.1691 0.6324 0.3626 -0.6306 0.4502 0.6238 0.1033 -0.6588 0.392 0.549 0.3333 -0.705 -0.1757 0.6668 0.1657 -0.5753 -0.2928 0.7094 -0.283 -0.6391 -0.3756 0.5809 -0.3362 -0.9268 -0.0839 -0.3655 0.019 -0.722 -0.0148 0.6835 0.1063 -0.6971 -0.0792 0.712 0.0277 -0.9203 0.2289 -0.3102 -0.0667
-0.6633 0.1691 0.6324 0.3626 -0.6306 0.4502 0.6238 0.1033 -0.6588 0.392 0.549 0.3333 -0.705 -0.1757 0.6668 0.1657 -0.5753 -0.2928 0.7094 -0.283 -0.6391 -0.3756 0.5809 -0.3362 -0.9268 -0.0839 -0.3655 0.019 -0.722 -0.0148 0.6835 0.1063 -0.6971 -0.0792 0.712 0.0277 -0.9203 0.2289 -0.3102 -0.0667
-0.6633 0.1691 0.6324 0.3626 -0.6306 0.4502 0.6238 0.1033 -0.6588 0.392 0.549 0.3333 -0.705 -0.1757 0.6668 0.1657 -0.5753 -0.2928 0.7094 -0.283 -0.6391 -0.3756 0.5809 -0.3362 -0.9268 -0.0839 -0.3655 0.019 -0.722 -0.0148 0.6835 0.1063 -0.6971 -0.0792 0.712 0.0277 -0.9203 0.2289 -0.3102 -0.0667
-0.6633 0.1691 0.6324 0.3626 -0.6286 0.4617 0.615 0.1165 -0.652 0.4044 0.5381 0.3489 -0.705 -0.1757 0.6668 0.1657 -0.5753 -0.2928 0.7094 -0.283 -0.6391 -0.3756 0.5809 -0.3362 -0.9268 -0.0839 -0.3655 0.019 -0.7079 0.0017 0.6996 0.0972 -0.6867 -0.0695 0.7229 0.0321 -0.9185 0.1881 -0.3416 0.0654
-0.6633 0.1691 0.6324 0.3626 -0.6286 0.4617 0.615 0.1165 -0.652 0.4044 0.5381 0.3489 -0.705 -0.1757 0.6668 0.1657 -0.5753 -0.2928 0.7094 -0.283 -0.6391 -0.3756 0.5809 -0.3362 -0.9268 -0.0839 -0.3655 0.019 -0.7079 0.0017 0.6996 0.0972 -0.6867 -0.0695 0.7229 0.0321 -0.9185 0.1881 -0.3416 0.0654
-0.6481 0.1958 0.6216 0.3939 -0.6286 0.4617 0.615 0.1165 -0.652 0.4044 0.5381 0.3489 -0.7199 -0.1429 0.6594 0.1629 -0.5753 -0.2928 0.7094 -0.283 -0.7001 -0.3773 0.539 -0.2775 -0.9268 -0.0839 -0.3655 0.019 -0.7079 0.0017 0.6996 0.0972 -0.6867 -0.0695 0.7229 0.0321 -0.9185 0.1881 -0.3416 0.0654
-0.6481 0.1958 0.6216 0.3939 -0.6286 0.4617 0.615 0.1165 -0.652 0.4044 0.5381 0.3489 -0.7199 -0.1429 0.6594 0.1629 -0.5753 -0.2928 0.7094 -0.283 -0.7001 -0.3773 0.539 -0.2775 -0.9268 -0.0839 -0.3655 0.019 -0.7079 0.0017 0.6996 0.0972 -0.6867 -0.0695 0.7229 0.0321 -0.9185 0.1881 -0.3416 0.0654
-0.6481 0.1958 0.6216 0.3939 -0.6286 0.4617 0.615 0.1165 -0.652 0.4044 0.5381 0.3489 -0.7199 -0.1429 0.6594 0.1629 -0.5753 -0.2928 0.7094 -0.283 -0.7001 -0.3773 0.539 -0.2775 -0.8599 -0.1119 -0.4957 0.0473 -0.7079 0.0017 0.6996 0.0972 -0.6867 -0.0695 0.7229 0.0321 -0.9185 0.1881 -0.3416 0.0654
-0.6481 0.1958 0.6216 0.3939 -0.6286 0.4617 0.615 0.1165 -0.652 0.4044 0.5381 0.3489 -0.7199 -0.1429 0.6594 0.1629 -0.5753 -0.2928 0.7094 -0.283 -0.7001 -0.3773 0.539 -0.2775 -0.8599 -0.1119 -0.4957 0.0473 -0.7079 0.0017 0.6996 0.0972 -0.6867 -0.0695 0.7229 0.0321 -0.9185 0.1881 -0.3416 0.0654
-0.6481 0.1958 0.6216 0.3939 -0.6286 0.4617 0.615 0.1165 -0.652 0.4044 0.5381 0.3489 -0.7199 -0.1429 0.6594 0.1629 -0.5753 -0.2928 0.7094 -0.283 -0.7001 -0.3773 0.539 -0.2775 -0.8599 -0.1119 -0.4957 0.0473 -0.7079 0.0017 0.6996 0.0972 -0.6867 -0.0695 0.7229 0.0321 -0.9185 0.1881 -0.3416 0.0654
-0.6481 0.1958 0.6216 0.3939 -0.6174 0.4951 0.5937 0.1458 -0.6476 0.3996 0.5319 0.3715 -0.7199 -0.1429 0.6594 0.1629 -0.5753 -0.2928 0.7094 -0.283 -0.7001 -0.3773 0.539 -0.2775 -0.8599 -0.1119 -0.4957 0.0473 -0.6916 0.0278 0.7191 0.0623 -0.6719 -0.0236 0.739 0.0443 -0.9185 0.1881 -0.3416 0.0654
-0.6481 0.1958 0.6216 0.3939 -0.6174 0.4951 0.5937 0.1458 -0.6476 0.3996 0.5319 0.3715 -0.7199 -0.1429 0.6594 0.1629 -0.5753 -0.2928 0.7094 -0.283 -0.7001 -0.3773 0.539 -0.2775 -0.8599 -0.1119 -0.4957 0.0473 -0.6916 0.0278 0.7191 0.0623 -0.6719 -0.0236 0.739 0.0443 -0.9081 0.1976 -0.3615 0.0759
-0.6177 0.219 0.6177 0.4348 -0.6174 0.4951 0.5937 0.1458 -0.6476 0.3996 0.5319 0.3715 -0.7196 -0.142 0.6556 0.1796 -0.5753 -0.2928 0.7094 -0.283 -0.7581 -0.3851 0.493 -0.184 -0.8599 -0.1119 -0.4957 0.0473 -0.6916 0.0278 0.7191 0.0623 -0.6719 -0.0236 0.739 0.0443 -0.9081 0.1976 -0.3615 0.0759
-0.6177 0.219 0.6177 0.4348 -0.6174 0.4951 0.5937 0.1458 -0.6476 0.3996 0.5319 0.3715 -0.7196 -0.142 0.6556 0.1796 -0.5753 -0.2928 0.7094 -0.283 -0.7581 -0.3851 0.493 -0.184 -0.8599 -0.1119 -0.4957 0.0473 -0.6916 0.0278 0.7191 0.0623 -0.6719 -0.0236 0.739 0.0443 -0.9081 0.1976 -0.3615 0.0759
-0.6177 0.219 0.6177 0.4348 -0.6174 0.4951 0.5937 0.1458 -0.6476 0.3996 0.5319 0.3715 -0.7196 -0.142 0.6556 0.1796 -0.5753 -0.2928 0.7094 -0.283 -0.7581 -0.3851 0.493 -0.184 -0.8482 -0.1127 -0.4959 0.1479 -0.6916 0.0278 0.7191 0.0623 -0.6719 -0.0236 0.739 0.0443 -0.9081 0.1976 -0.3615 0.0759
-0.6177 0.219 0.6177 0.4348 -0.6174 0.4951 0.5937 0.1458 -0.6476 0.3996 0.5319 0.3715 -0.7196 -0.142 0.6556 0.1796 -0.5753 -0.2928 0.7094 -0.283 -0.7581 -0.3851 0.493 -0.184 -0.8482 -0.1127 -0.4959 0.1479 -0.6916 0.0278 0.7191 0.0623 -0.6663 -0.0288 0.7452 0.0048 -0.9081 0.1976 -0.3615 0.0759
-0.6177 0.219 0.6177 0.4348 -0.5938 0.5504 0.5637 0.1631 -0.6476 0.3996 0.5319 0.3715 -0.7196 -0.142 0.6556 0.1796 -0.5753 -0.2928 0.7094 -0.283 -0.7581 -0.3851 0.493 -0.184 -0.8482 -0.1127 -0.4959 0.1479 -0.6916 0.0278 0.7191 0.0623 -0.6663 -0.0288 0.7452 0.0048 -0.9081 0.1976 -0.3615 0.0759
-0.6177 0.219 0.6177 0.4348 -0.5938 0.5504 0.5637 0.1631 -0.6476 0.3996 0.5319 0.3715 -0.7196 -0.142 0.6556 0.1796 -0.5753 -0.2928 0.7094 -0.283 -0.7581 -0.3851 0.493 -0.184 -0.8482 -0.1127 -0.4959 0.1479 -0.6916 0.0278 0.7191 0.0623 -0.6663 -0.0288 0.7452 0.0048 -0.9081 0.1976 -0.3615 0.0759
-0.6177 0.219 0.6177 0.4348 -0.5938 0.5504 0.5637 0.1631 -0.6476 0.3996 0.5319 0.3715 -0.7214 -0.141 0.6461 0.2057 -0.5753 -0.2928 0.7094 -0.283 -0.7581 -0.3851 0.493 -0.184 -0.8482 -0.1127 -0.4959 0.1479 -0.6916 0.0278 0.7191 0.0623 -0.6663 -0.0288 0.7452 0.0048 -0.9044 0.1923 -0.3751 0.0667
-0.6177 0.219 0.6177 0.4348 -0.5938 0.5504 0.5637 0.1631 -0.6476 0.3996 0.5319 0.3715 -0.7214 -0.141 0.6461 0.2057 -0.5753 -0.2928 0.7094 -0.283 -0.7258 -0.3386 0.557 -0.2199 -0.8482 -0.1127 -0.4959 0.1479 -0.6916 0.0278 0.7191 0.0623 -0.6663 -0.0288 0.7452 0.0048 -0.9044 0.1923 -0.3751 0.0667
-0.6177 0.219 0.6177 0.4348 -0.5938 0.5504 0.5637 0.1631 -0.6476 0.3996 0.5319 0.3715 -0.7214 -0.141 0.6461 0.2057 -0.5753 -0.2928 0.7094 -0.283 -0.7258 -0.3386 0.557 -0.2199 -0.8482 -0.1127 -0.4959 0.1479 -0.6916 0.0278 0.7191 0.0623 -0.6663 -0.0288 0.7452 0.0048 -0.9044 0.1923 -0.3751 0.0667
-0.6177 0.219 0.6177 0.4348 -0.5938 0.5504 0.5637 0.1631 -0.6476 0.3996 0.5319 0.3715 -0.7214 -0.141 0.6461 0.2057 -0.5753 -0.2928 0.7094 -0.283 -0.7258 -0.3386 0.557 -0.2199 -0.8482 -0.1127 -0.4959 0.1479 -0.6916 0.0278 0.7191 0.0623 -0.6663 -0.0288 0.7452 0.0048 -0.9044 0.1923 -0.3751 0.0667
-0.6177 0.219 0.6177 0.4348 -0.5938 0.5504 0.5637 0.1631 -0.6476 0.3996 0.5319 0.3715 -0.7214 -0.141 0.6461 0.2057 -0.5753 -0.2928 0.7094 -0.283 -0.7258 -0.3386 0.557 -0.2199 -0.8482 -0.1127 -0.4959 0.1479 -0.6916 0.0278 0.7191 0.0623 -0.6663 -0.0288 0.7452 0.0048 -0.9044 0.1923 -0.3751 0.0667
-0.6177 0.219 0.6177 0.4348 -0.5609 0.5946 0.5508 0.1689 -0.6464 0.4048 0.4953 0.416 -0.7214 -0.141 0.6461 0.2057 -0.5753 -0.2928 0.7094 -0.283 -0.7258 -0.3386 0.557 -0.2199 -0.8987 -0.124 -0.408 0.1022 -0.6756 -0.0074 0.7362 -0.0385 -0.666 -0.0233 0.7451 -0.03 -0.9044 0.1923 -0.3751 0.0667
-0.6177 0.219 0.6177 0.4348 -0.5609 0.5946 0.5508 0.1689 -0.6464 0.4048 0.4953 0.416 -0.7214 -0.141 0.6461 0.2057 -0.5753 -0.2928 0.7094 -0.283 -0.7258 -0.3386 0.557 -0.2199 -0.8987 -0.124 -0.408 0.1022 -0.6756 -0.0074 0.7362 -0.0385 -0.666 -0.0233 0.7451 -0.03 -0.9038 0.1871 -0.3801 0.0601
-0.6177 0.219 0.6177 0.4348 -0.5609 0.5946 0.5508 0.1689 -0.6464 0.4048 0.4953 0.416 -0.7142 -0.1393 0.6442 0.2355 -0.5753 -0.2928 0.7094 -0.283 -0.7258 -0.3386 0.557 -0.2199 -0.8987 -0.124 -0.408 0.1022 -0.6756 -0.0074 0.7362 -0.0385 -0.666 -0.0233 0.7451 -0.03 -0.9038 0.1871 -0.3801 0.0601
-0.6177 0.219 0.6177 0.4348 -0.5609 0.5946 0.5508 0.1689 -0.6464 0.4048 0.4953 0.416 -0.7142 -0.1393 0.6442 0.2355 -0.5753 -0.2928 0.7094 -0.283 -0.7258 -0.3386 0.557 -0.2199 -0.8987 -0.124 -0.408 0.1022 -0.6756 -0.0074 0.7362 -0.0385 -0.666 -0.0233 0.7451 -0.03 -0.9038 0.1871 -0.3801 0.0601
-0.5941 0.2518 0.6074 0.4635 -0.5609 0.5946 0.5508 0.1689 -0.6464 0.4048 0.4953 0.416 -0.7142 -0.1393 0.6442 0.2355 -0.5955 -0.245 0.693 -0.3242 -0.6406 -0.2914 0.6178 -0.3507 -0.8987 -0.124 -0.408 0.1022 -0.6756 -0.0074 0.7362 -0.0385 -0.666 -0.0233 0.7451 -0.03 -0.9038 0.1871 -0.3801 0.0601
-0.5941 0.2518 0.6074 0.4635 -0.5609 0.5946 0.5508 0.1689 -0.6464 0.4048 0.4953 0.416 -0.7142 -0.1393 0.6442 0.2355 -0.5955 -0.245 0.693 -0.3242 -0.6406 -0.2914 0.6178 -0.3507 -0.9352 -0.0865 -0.343 0.0202 -0.6756 -0.0074 0.7362 -0.0385 -0.666 -0.0233 0.7451 -0.03 -0.9038 0.1871 -0.3801 0.0601
-0.5941 0.2518 0.6074 0.4635 -0.5609 0.5946 0.5508 0.1689 -0.6464 0.4048 0.4953 0.416 -0.7142 -0.1393 0.6442 0.2355 -0.5955 -0.245 0.693 -0.3242 -0.6406 -0.2914 0.6178 -0.3507 -0.9352 -0.0865 -0.343 0.0202 -0.6756 -0.0074 0.7362 -0.0385 -0.666 -0.0233 0.7451 -0.03 -0.9038 0.1871 -0.3801 0.0601
-0.5941 0.2518 0.6074 0.4635 -0.5609 0.5946 0.5508 0.1689 -0.6464 0.4048 0.4953 0.416 -0.7142 -0.1393 0.6442 0.2355 -0.5955 -0.245 0.693 -0.3242 -0.6406 -0.2914 0.6178 -0.3507 -0.9352 -0.0865 -0.343 0.0202 -0.6756 -0.0074 0.7362 -0.0385 -0.666 -0.0233 0.7451 -0.03 -0.9038 0.1871 -0.3801 0.0601
-0.5941 0.2518 0.6074 0.4635 -0.5598 0.5888 0.5663 0.139 -0.6459 0.421 0.4806 0.4179 -0.7142 -0.1393 0.6442 0.2355 -0.5955 -0.245 0.693 -0.3242 -0.6406 -0.2914 0.6178 -0.3507 -0.9352 -0.0865 -0.343 0.0202 -0.6666 0.0035 0.7421 -0.0701 -0.668 -0.0068 0.7425 -0.0493 -0.9038 0.1871 -0.3801 0.0601
-0.5941 0.2518 0.6074 0.4635 -0.5598 0.5888 0.5663 0.139 -0.6459 0.421 0.4806 0.4179 -0.7142 -0.1393 0.6442 0.2355 -0.5955 -0.245 0.693 -0.3242 -0.6406 -0.2914 0.6178 -0.3507 -0.9352 -0.0865 -0.343 0.0202 -0.6666 0.0035 0.7421 -0.0701 -0.668 -0.0068 0.7425 -0.0493 -0.9067 0.1806 -0.3774 0.0533
-0.5988 0.2444 0.6233 0.4395 -0.5598 0.5888 0.5663 0.139 -0.6459 0.421 0.4806 0.4179 -0.7167 -0.1295 0.6401 0.2445 -0.5955 -0.245 0.693 -0.3242 -0.6406 -0.2914 0.6178 -0.3507 -0.9352 -0.0865 -0.343 0.0202 -0.6666 0.0035 0.7421 -0.0701 -0.668 -0.0068 0.7425 -0.0493 -0.9067 0.1806 -0.3774 0.0533
-0.5988 0.2444 0.6233 0.4395 -0.5598 0.5888 0.5663 0.139 -0.6459 0.421 0.4806 0.4179 -0.7167 -0.1295 0.6401 0.2445 -0.5955 -0.245 0.693 -0.3242 -0.6406 -0.2914 0.6178 -0.3507 -0.9352 -0.0865 -0.343 0.0202 -0.6666 0.0035 0.7421 -0.0701 -0.668 -0.0068 0.7425 -0.0493 -0.9067 0.1806 -0.3774 0.0533
-0.5988 0.2444 0.6233 0.4395 -0.5598 0.5888 0.5663 0.139 -0.6459 0.421 0.4806 0.4179 -0.7167 -0.1295 0.6401 0.2445 -0.5955 -0.245 0.693 -0.3242 -0.6406 -0.2914 0.6178 -0.3507 -0.9526 -0.1124 -0.2827 -0.0035 -0.6666 0.0035 0.7421 -0.0701 -0.668 -0.0068 0.7425 -0.0493 -0.9067 0.1806 -0.3774 0.0533
-0.5988 0.2444 0.6233 0.4395 -0.5598 0.5888 0.5663 0.139 -0.6459 0.421 0.4806 0.4179 -0.7167 -0.1295 0.6401 0.2445 -0.5955 -0.245 0.693 -0.3242 -0.6406 -0.2914 0.6178 -0.3507 -0.9526 -0.1124 -0.2827 -0.0035 -0.6666 0.0035 0.7421 -0.0701 -0.6671 0.0356 0.7386 -0.0898 -0.9067 0.1806 -0.3774 0.0533
-0.5988 0.2444 0.6233 0.4395 -0.5598 0.5888 0.5663 0.139 -0.6459 0.421 0.4806 0.4179 -0.7167 -0.1295 0.6401 0.2445 -0.5955 -0.245 0.693 -0.3242 -0.6406 -0.2914 0.6178 -0.3507 -0.9526 -0.1124 -0.2827 -0.0035 -0.6666 0.0035 0.7421 -0.0701 -0.6671 0.0356 0.7386 -0.0898 -0.9067 0.1806 -0.3774 0.0533
-0.5988 0.2444 0.6233 0.4395 -0.5373 0.6031 0.5768 0.1216 -0.6459 0.421 0.4806 0.4179 -0.7167 -0.1295 0.6401 0.2445 -0.5955 -0.245 0.693 -0.3242 -0.6406 -0.2914 0.6178 -0.3507 -0.9526 -0.1124 -0.2827 -0.0035 -0.6666 0.0035 0.7421 -0.0701 -0.6671 0.0356 0.7386 -0.0898 -0.9083 0.1718 -0.3785 0.0471
-0.5988 0.2444 0.6233 0.4395 -0.5373 0.6031 0.5768 0.1216 -0.6459 0.421 0.4806 0.4179 -0.7328 -0.1308 0.6242 0.2371 -0.5955 -0.245 0.693 -0.3242 -0.6406 -0.2914 0.6178 -0.3507 -0.9526 -0.1124 -0.2827 -0.0035 -0.6666 0.0035 0.7421 -0.0701 -0.6671 0.0356 0.7386 -0.0898 -0.9083 0.1718 -0.3785 0.0471
-0.6012 0.2644 0.6348 0.4069 -0.5373 0.6031 0.5768 0.1216 -0.6459 0.421 0.4806 0.4179 -0.7328 -0.1308 0.6242 0.2371 -0.5955 -0.245 0.693 -0.3242 -0.6406 -0.2914 0.6178 -0.3507 -0.9526 -0.1124 -0.2827 -0.0035 -0.6666 0.0035 0.7421 -0.0701 -0.6671 0.0356 0.7386 -0.0898 -0.9083 0.1718 -0.3785 0.0471
-0.6012 0.2644 0.6348 0.4069 -0.5373 0.6031 0.5768 0.1216 -0.6459 0.421 0.4806 0.4179 -0.7328 -0.1308 0.6242 0.2371 -0.5955 -0.245 0.693 -0.3242 -0.6406 -0.2914 0.6178 -0.3507 -0.9526 -0.1124 -0.2827 -0.0035 -0.6666 0.0035 0.7421 -0.0701 -0.6671 0.0356 0.7386 -0.0898 -0.9083 0.1718 -0.3785 0.0471
-0.6012 0.2644 0.6348 0.4069 -0.5373 0.6031 0.5768 0.1216 -0.6459 0.421 0.4806 0.4179 -0.7328 -0.1308 0.6242 0.2371 -0.5955 -0.245 0.693 -0.3242 -0.6406 -0.2914 0.6178 -0.3507 -0.9391 -0.099 -0.3285 0.0197 -0.6666 0.0035 0.7421 -0.0701 -0.6671 0.0356 0.7386 -0.0898 -0.9083 0.1718 -0.3785 0.0471
-0.6012 0.2644 0.6348 0.4069 -0.5373 0.6031 0.5768 0.1216 -0.6459 0.421 0.4806 0.4179 -0.7328 -0.1308 0.6242 0.2371 -0.5955 -0.245 0.693 -0.3242 -0.6406 -0.2914 0.6178 -0.3507 -0.9391 -0.099 -0.3285 0.0197 -0.6666 0.0035 0.7421 -0.0701 -0.6671 0.0356 0.7386 -0.0898 -0.9083 0.1718 -0.3785 0.0471
-0.6012 0.2644 0.6348 0.4069 -0.5373 0.6031 0.5768 0.1216 -0.6459 0.421 0.4806 0.4179 -0.7328 -0.1308 0.6242 0.2371 -0.5955 -0.245 0.693 -0.3242 -0.6406 -0.2914 0.6178 -0.3507 -0.9391 -0.099 -0.3285 0.0197 -0.6666 0.0035 0.7421 -0.0701 -0.6671 0.0356 0.7386 -0.0898 -0.9083 0.1718 -0.3785 0.0471
-0.6012 0.2644 0.6348 0.4069 -0.5427 0.6008 0.5789 0.0967 -0.6813 0.3884 0.4881 0.3831 -0.7328 -0.1308 0.6242 0.2371 -0.5955 -0.245 0.693 -0.3242 -0.6406 -0.2914 0.6178 -0.3507 -0.9391 -0.099 -0.3285 0.0197 -0.6791 -0.0297 0.7291 -0.0795 -0.654 0.1067 0.7249 -0.1882 -0.857 0.1731 -0.4846 -0.0278
-0.6012 0.2644 0.6348 0.4069 -0.5427 0.6008 0.5789 0.0967 -0.6813 0.3884 0.4881 0.3831 -0.7328 -0.1308 0.6242 0.2371 -0.5955 -0.245 0.693 -0.3242 -0.6406 -0.2914 0.6178 -0.3507 -0.9391 -0.099 -0.3285 0.0197 -0.6791 -0.0297 0.7291 -0.0795 -0.654 0.1067 0.7249 -0.1882 -0.857 0.1731 -0.4846 -0.0278
-0.6208 0.2682 0.6234 0.3925 -0.5427 0.6008 0.5789 0.0967 -0.6813 0.3884 0.4881 0.3831 -0.7411 -0.1484 0.6273 0.1879 -0.5955 -0.245 0.693 -0.3242 -0.5787 -0.3426 0.6194 -0.405 -0.9391 -0.099 -0.3285 0.0197 -0.6791 -0.0297 0.7291 -0.0795 -0.654 0.1067 0.7249 -0.1882 -0.857 0.1731 -0.4846 -0.0278
-0.6208 0.2682 0.6234 0.3925 -0.5427 0.6008 0.5789 0.0967 -0.6813 0.3884 0.4881 0.3831 -0.7411 -0.1484 0.6273 0.1879 -0.5955 -0.245 0.693 -0.3242 -0.5787 -0.3426 0.6194 -0.405 -0.9391 -0.099 -0.3285 0.0197 -0.6791 -0.0297 0.7291 -0.0795 -0.654 0.1067 0.7249 -0.1882 -0.857 0.1731 -0.4846 -0.0278
-0.6208 0.2682 0.6234 0.3925 -0.5427 0.6008 0.5789 0.0967 -0.6813 0.3884 0.4881 0.3831 -0.7411 -0.1484 0.6273 0.1879 -0.5955 -0.245 0.693 -0.3242 -0.5787 -0.3426 0.6194 -0.405 -0.9371 -0.1043 -0.3328 0.0153 -0.6791 -0.0297 0.7291 -0.0795 -0.654 0.1067 0.7249 -0.1882 -0.857 0.1731 -0.4846 -0.0278
-0.6208 0.2682 0.6234 0.3925 -0.5427 0.6008 0.5789 0.0967 -0.6813 0.3884 0.4881 0.3831 -0.7411 -0.1484 0.6273 0.1879 -0.5955 -0.245 0.693 -0.3242 -0.5787 -0.3426 0.6194 -0.405 -0.9371 -0.1043 -0.3328 0.0153 -0.6791 -0.0297 0.7291 -0.0795 -0.654 0.1067 0.7249 -0.1882 -0.857 0.1731 -0.4846 -0.0278
-0.6208 0.2682 0.6234 0.3925 -0.5427 0.6008 0.5789 0.0967 -0.6813 0.3884 0.4881 0.3831 -0.7411 -0.1484 0.6273 0.1879 -0.5955 -0.245 0.693 -0.3242 -0.5787 -0.3426 0.6194 -0.405 -0.9371 -0.1043 -0.3328 0.0153 -0.6791 -0.0297 0.7291 -0.0795 -0.654 0.1067 0.7249 -0.1882 -0.857 0.1731 -0.4846 -0.0278
