rt-uaw rt-uax rt-uay rt-uaz rt-faw rt-fax rt-fay rt-faz rt-thw rt-thx rt-thy rt-thz rt-llw rt-llx rt-lly rt-llz rt-ftw rt-ftx rt-fty rt-ftz lt-uaw lt-uax lt-uay lt-uaz lt-faw lt-fax lt-fay lt-faz lt-thw lt-thx lt-thy lt-thz lt-llw lt-llx lt-lly lt-llz lt-ftw lt-ftx lt-fty lt-ftz 
-0.8393 0.2054 0.4841 0.1382 -0.296 0.6086 0.5512 -0.4879 -0.7639 0.2195 0.5669 0.2166 -0.7725 -0.1645 0.6056 0.0973 -0.6758 0.2026 0.6822 0.192 -0.7374 -0.1478 0.6533 -0.0872 -0.9208 -0.1595 -0.3557 0.0142 -0.6909 0.0784 0.713 0.0903 -0.6771 0.1714 0.7111 0.0811 -0.9225 0.1999 -0.3297 -0.0153
-0.8393 0.2054 0.4841 0.1382 -0.2935 0.6089 0.5499 -0.4906 -0.7723 0.1996 0.5612 0.2208 -0.7728 -0.1642 0.6053 0.0966 -0.6759 0.2023 0.6823 0.1917 -0.7372 -0.1484 0.6533 -0.088 -0.9208 -0.1595 -0.3557 0.0142 -0.6895 0.0778 0.7139 0.0942 -0.6771 0.1718 0.711 0.0806 -0.9225 0.1999 -0.3297 -0.0153
-0.8393 0.2054 0.4841 0.1382 -0.2935 0.6089 0.5499 -0.4906 -0.7723 0.1996 0.5612 0.2208 -0.7728 -0.1642 0.6053 0.0966 -0.6759 0.2023 0.6823 0.1917 -0.7372 -0.1484 0.6533 -0.088 -0.9208 -0.1595 -0.3557 0.0142 -0.6895 0.0778 0.7139 0.0942 -0.6771 0.1718 0.711 0.0806 -0.9225 0.1999 -0.3297 -0.0153
-0.8393 0.2054 0.4841 0.1382 -0.2935 0.6089 0.5499 -0.4906 -0.7723 0.1996 0.5612 0.2208 -0.7728 -0.1642 0.6053 0.0966 -0.6759 0.2023 0.6823 0.1917 -0.7372 -0.1484 0.6533 -0.088 -0.9208 -0.1595 -0.3557 0.0142 -0.6895 0.0778 0.7139 0.0942 -0.6771 0.1718 0.711 0.0806 -0.9225 0.1999 -0.3297 -0.0153
-0.8393 0.2054 0.4841 0.1382 -0.2935 0.6089 0.5499 -0.4906 -0.7723 0.1996 0.5612 0.2208 -0.7728 -0.1642 0.6053 0.0966 -0.6759 0.2023 0.6823 0.1917 -0.7372 -0.1484 0.6533 -0.088 -0.9208 -0.1595 -0.3557 0.0142 -0.6895 0.0778 0.7139 0.0942 -0.6771 0.1718 0.711 0.0806 -0.9225 0.1999 -0.3297 -0.0153
-0.8403 0.2026 0.4837 0.1373 -0.2889 0.6077 0.5516 -0.4929 -0.7723 0.1996 0.5612 0.2208 -0.7728 -0.1642 0.6053 0.0966 -0.6759 0.2023 0.6823 0.1917 -0.7372 -0.1484 0.6533 -0.088 -0.9208 -0.1595 -0.3557 0.0142 -0.6895 0.0778 0.7139 0.0942 -0.6771 0.1718 0.711 0.0806 -0.9225 0.1999 -0.3297 -0.0153
-0.8403 0.2026 0.4837 0.1373 -0.2889 0.6077 0.5516 -0.4929 -0.7723 0.1996 0.5612 0.2208 -0.7728 -0.1642 0.6053 0.0966 -0.6765 0.2012 0.6819 0.1923 -0.7368 -0.1491 0.6533 -0.0903 -0.9208 -0.1595 -0.3557 0.0142 -0.6895 0.0778 0.7139 0.0942 -0.6771 0.1718 0.711 0.0806 -0.9225 0.1999 -0.3297 -0.0153
-0.8403 0.2026 0.4837 0.1373 -0.2889 0.6077 0.5516 -0.4929 -0.7723 0.1996 0.5612 0.2208 -0.7728 -0.1642 0.6053 0.0966 -0.6765 0.2012 0.6819 0.1923 -0.7368 -0.1491 0.6533 -0.0903 -0.9208 -0.1595 -0.3557 0.0142 -0.6895 0.0778 0.7139 0.0942 -0.6771 0.1718 0.711 0.0806 -0.9225 0.1999 -0.3297 -0.0153
-0.8403 0.2026 0.4837 0.1373 -0.2889 0.6077 0.5516 -0.4929 -0.7723 0.1996 0.5612 0.2208 -0.7728 -0.1642 0.6053 0.0966 -0.6765 0.2012 0.6819 0.1923 -0.7368 -0.1491 0.6533 -0.0903 -0.9218 -0.1598 -0.3531 0.0122 -0.6895 0.0778 0.7139 0.0942 -0.6766 0.1722 0.7113 0.0805 -0.9225 0.2 -0.3297 -0.0153
-0.8403 0.2026 0.4837 0.1373 -0.2889 0.6077 0.5516 -0.4929 -0.7723 0.1996 0.5612 0.2208 -0.7724 -0.1606 0.6074 0.0928 -0.6765 0.2012 0.6819 0.1923 -0.7368 -0.1491 0.6533 -0.0903 -0.9218 -0.1598 -0.3531 0.0122 -0.6895 0.0778 0.7139 0.0942 -0.6766 0.1722 0.7113 0.0805 -0.9225 0.2 -0.3297 -0.0153
-0.8403 0.2026 0.4837 0.1373 -0.2889 0.6077 0.5516 -0.4929 -0.7723 0.1996 0.5612 0.2208 -0.7724 -0.1606 0.6074 0.0928 -0.6765 0.2012 0.6819 0.1923 -0.7368 -0.1491 0.6533 -0.0903 -0.9218 -0.1598 -0.3531 0.0122 -0.6895 0.0778 0.7139 0.0942 -0.6766 0.1722 0.7113 0.0805 -0.9225 0.2 -0.3297 -0.0153
-0.8403 0.2026 0.4837 0.1373 -0.2889 0.6077 0.5516 -0.4929 -0.7723 0.1996 0.5612 0.2208 -0.7724 -0.1606 0.6074 0.0928 -0.6765 0.2012 0.6819 0.1923 -0.7368 -0.1491 0.6533 -0.0903 -0.9218 -0.1598 -0.3531 0.0122 -0.6895 0.0778 0.7139 0.0942 -0.6766 0.1722 0.7113 0.0805 -0.9225 0.2 -0.3297 -0.0153
-0.8411 0.1983 0.4832 0.1407 -0.2883 0.6082 0.5533 -0.4908 -0.7723 0.1996 0.5612 0.2208 -0.7724 -0.1606 0.6074 0.0928 -0.6765 0.2012 0.6819 0.1923 -0.7368 -0.1491 0.6533 -0.0903 -0.9218 -0.1598 -0.3531 0.0122 -0.6895 0.0778 0.7139 0.0942 -0.6766 0.1722 0.7113 0.0805 -0.9225 0.2 -0.3297 -0.0153
-0.8411 0.1983 0.4832 0.1407 -0.2883 0.6082 0.5533 -0.4908 -0.7723 0.1996 0.5612 0.2208 -0.7724 -0.1606 0.6074 0.0928 -0.6765 0.2012 0.6819 0.1923 -0.7368 -0.1491 0.6533 -0.0903 -0.9218 -0.1598 -0.3531 0.0122 -0.6895 0.0778 0.7139 0.0942 -0.6766 0.1722 0.7113 0.0805 -0.9225 0.2 -0.3297 -0.0153
-0.8411 0.1983 0.4832 0.1407 -0.2883 0.6082 0.5533 -0.4908 -0.7669 0.208 0.5661 0.2193 -0.7724 -0.1606 0.6074 0.0928 -0.6769 0.2035 0.6799 0.1954 -0.7365 -0.1499 0.6532 -0.0923 -0.9218 -0.1598 -0.3531 0.0122 -0.6883 0.0822 0.7139 0.0996 -0.6754 0.1757 0.7117 0.0812 -0.9225 0.2 -0.3297 -0.0153
-0.8411 0.1983 0.4832 0.1407 -0.2883 0.6082 0.5533 -0.4908 -0.7669 0.208 0.5661 0.2193 -0.7724 -0.1606 0.6074 0.0928 -0.6769 0.2035 0.6799 0.1954 -0.7365 -0.1499 0.6532 -0.0923 -0.9218 -0.1598 -0.3531 0.0122 -0.6883 0.0822 0.7139 0.0996 -0.6754 0.1757 0.7117 0.0812 -0.9225 0.2 -0.3297 -0.0153
-0.8411 0.1983 0.4832 0.1407 -0.2883 0.6082 0.5533 -0.4908 -0.7669 0.208 0.5661 0.2193 -0.7716 -0.1556 0.6101 0.0903 -0.6769 0.2035 0.6799 0.1954 -0.7365 -0.1499 0.6532 -0.0923 -0.9218 -0.1598 -0.3531 0.0122 -0.6883 0.0822 0.7139 0.0996 -0.6754 0.1757 0.7117 0.0812 -0.9225 0.2 -0.3297 -0.0153
-0.8411 0.1983 0.4832 0.1407 -0.2883 0.6082 0.5533 -0.4908 -0.7669 0.208 0.5661 0.2193 -0.7716 -0.1556 0.6101 0.0903 -0.6769 0.2035 0.6799 0.1954 -0.7365 -0.1499 0.6532 -0.0923 -0.9218 -0.1598 -0.3531 0.0122 -0.6883 0.0822 0.7139 0.0996 -0.6754 0.1757 0.7117 0.0812 -0.9225 0.2 -0.3297 -0.0153
-0.8411 0.1983 0.4832 0.1407 -0.2976 0.6097 0.552 -0.4847 -0.7669 0.208 0.5661 0.2193 -0.7716 -0.1556 0.6101 0.0903 -0.6769 0.2035 0.6799 0.1954 -0.7365 -0.1499 0.6532 -0.0923 -0.9218 -0.1598 -0.3531 0.0122 -0.6883 0.0822 0.7139 0.0996 -0.6754 0.1757 0.7117 0.0812 -0.9225 0.2 -0.3297 -0.0153
-0.842 0.1962 0.4796 0.1497 -0.2976 0.6097 0.552 -0.4847 -0.7669 0.208 0.5661 0.2193 -0.7716 -0.1556 0.6101 0.0903 -0.6769 0.2035 0.6799 0.1954 -0.7365 -0.1499 0.6532 -0.0923 -0.9218 -0.1598 -0.3531 0.0122 -0.6883 0.0822 0.7139 0.0996 -0.6754 0.1757 0.7117 0.0812 -0.9225 0.2 -0.3297 -0.0153
-0.842 0.1962 0.4796 0.1497 -0.2976 0.6097 0.552 -0.4847 -0.7669 0.208 0.5661 0.2193 -0.7716 -0.1556 0.6101 0.0903 -0.6775 0.2097 0.6753 0.2024 -0.7373 -0.1489 0.6522 -0.0936 -0.9218 -0.1598 -0.3531 0.0122 -0.6883 0.0822 0.7139 0.0996 -0.6754 0.1757 0.7117 0.0812 -0.9225 0.2 -0.3297 -0.0153
-0.842 0.1962 0.4796 0.1497 -0.2976 0.6097 0.552 -0.4847 -0.7669 0.208 0.5661 0.2193 -0.7716 -0.1556 0.6101 0.0903 -0.6775 0.2097 0.6753 0.2024 -0.7373 -0.1489 0.6522 -0.0936 -0.9218 -0.1598 -0.3531 0.0122 -0.6883 0.0822 0.7139 0.0996 -0.6754 0.1757 0.7117 0.0812 -0.9225 0.2 -0.3297 -0.0153
-0.842 0.1962 0.4796 0.1497 -0.2976 0.6097 0.552 -0.4847 -0.7669 0.208 0.5661 0.2193 -0.7716 -0.1556 0.6101 0.0903 -0.6775 0.2097 0.6753 0.2024 -0.7373 -0.1489 0.6522 -0.0936 -0.9218 -0.1598 -0.3531 0.0122 -0.6883 0.0822 0.7139 0.0996 -0.673 0.1804 0.7129 0.0797 -0.9223 0.2018 -0.3293 -0.014
-0.842 0.1962 0.4796 0.1497 -0.2976 0.6097 0.552 -0.4847 -0.7669 0.208 0.5661 0.2193 -0.7709 -0.1521 0.6117 0.092 -0.6775 0.2097 0.6753 0.2024 -0.7373 -0.1489 0.6522 -0.0936 -0.9218 -0.1598 -0.3531 0.0122 -0.6883 0.0822 0.7139 0.0996 -0.673 0.1804 0.7129 0.0797 -0.9223 0.2018 -0.3293 -0.014
-0.842 0.1962 0.4796 0.1497 -0.2976 0.6097 0.552 -0.4847 -0.7669 0.208 0.5661 0.2193 -0.7709 -0.1521 0.6117 0.092 -0.6775 0.2097 0.6753 0.2024 -0.7373 -0.1489 0.6522 -0.0936 -0.9218 -0.1598 -0.3531 0.0122 -0.6883 0.0822 0.7139 0.0996 -0.673 0.1804 0.7129 0.0797 -0.9223 0.2018 -0.3293 -0.014
-0.8425 0.1937 0.4771 0.1585 -0.3052 0.6124 0.5499 -0.4789 -0.7669 0.208 0.5661 0.2193 -0.7709 -0.1521 0.6117 0.092 -0.6775 0.2097 0.6753 0.2024 -0.7373 -0.1489 0.6522 -0.0936 -0.9218 -0.1598 -0.3531 0.0122 -0.6883 0.0822 0.7139 0.0996 -0.673 0.1804 0.7129 0.0797 -0.9223 0.2018 -0.3293 -0.014
-0.8425 0.1937 0.4771 0.1585 -0.3052 0.6124 0.5499 -0.4789 -0.7669 0.208 0.5661 0.2193 -0.7709 -0.1521 0.6117 0.092 -0.6775 0.2097 0.6753 0.2024 -0.7373 -0.1489 0.6522 -0.0936 -0.9218 -0.1598 -0.3531 0.0122 -0.6883 0.0822 0.7139 0.0996 -0.673 0.1804 0.7129 0.0797 -0.9223 0.2018 -0.3293 -0.014
-0.8425 0.1937 0.4771 0.1585 -0.3052 0.6124 0.5499 -0.4789 -0.7669 0.208 0.5661 0.2193 -0.7709 -0.1521 0.6117 0.092 -0.6775 0.2097 0.6753 0.2024 -0.7413 -0.1475 0.6484 -0.0905 -0.9218 -0.1598 -0.3531 0.0122 -0.6883 0.0822 0.7139 0.0996 -0.673 0.1804 0.7129 0.0797 -0.9223 0.2018 -0.3293 -0.014
-0.8425 0.1937 0.4771 0.1585 -0.3052 0.6124 0.5499 -0.4789 -0.7601 0.2225 0.5681 0.2234 -0.7709 -0.1521 0.6117 0.092 -0.6793 0.2195 0.6684 0.209 -0.7413 -0.1475 0.6484 -0.0905 -0.9218 -0.1598 -0.3531 0.0122 -0.6822 0.0916 0.7166 0.1126 -0.673 0.1804 0.7129 0.0797 -0.9223 0.2018 -0.3293 -0.014
-0.8425 0.1937 0.4771 0.1585 -0.3052 0.6124 0.5499 -0.4789 -0.7601 0.2225 0.5681 0.2234 -0.7681 -0.15 0.6156 0.0927 -0.6793 0.2195 0.6684 0.209 -0.7413 -0.1475 0.6484 -0.0905 -0.9218 -0.1598 -0.3531 0.0122 -0.6822 0.0916 0.7166 0.1126 -0.673 0.1804 0.7129 0.0797 -0.9223 0.2018 -0.3293 -0.014
-0.8425 0.1937 0.4771 0.1585 -0.3052 0.6124 0.5499 -0.4789 -0.7601 0.2225 0.5681 0.2234 -0.7681 -0.15 0.6156 0.0927 -0.6793 0.2195 0.6684 0.209 -0.7413 -0.1475 0.6484 -0.0905 -0.9218 -0.1598 -0.3531 0.0122 -0.6822 0.0916 0.7166 0.1126 -0.673 0.1804 0.7129 0.0797 -0.9223 0.2018 -0.3293 -0.014
-0.8425 0.1937 0.4771 0.1585 -0.3052 0.6124 0.5499 -0.4789 -0.7601 0.2225 0.5681 0.2234 -0.7681 -0.15 0.6156 0.0927 -0.6793 0.2195 0.6684 0.209 -0.7413 -0.1475 0.6484 -0.0905 -0.9218 -0.1598 -0.3531 0.0122 -0.6822 0.0916 0.7166 0.1126 -0.673 0.1804 0.7129 0.0797 -0.9223 0.2018 -0.3293 -0.014
-0.8432 0.1887 0.4728 0.1729 -0.3052 0.6124 0.5499 -0.4789 -0.7601 0.2225 0.5681 0.2234 -0.7681 -0.15 0.6156 0.0927 -0.6793 0.2195 0.6684 0.209 -0.7413 -0.1475 0.6484 -0.0905 -0.9218 -0.1598 -0.3531 0.0122 -0.6822 0.0916 0.7166 0.1126 -0.673 0.1804 0.7129 0.0797 -0.9223 0.2018 -0.3293 -0.014
-0.8432 0.1887 0.4728 0.1729 -0.3052 0.6124 0.5499 -0.4789 -0.7601 0.2225 0.5681 0.2234 -0.7681 -0.15 0.6156 0.0927 -0.6793 0.2195 0.6684 0.209 -0.7485 -0.1477 0.6408 -0.0858 -0.9218 -0.1598 -0.3531 0.0122 -0.6822 0.0916 0.7166 0.1126 -0.673 0.1804 0.7129 0.0797 -0.9223 0.2018 -0.3293 -0.014
-0.8432 0.1887 0.4728 0.1729 -0.3052 0.6124 0.5499 -0.4789 -0.7601 0.2225 0.5681 0.2234 -0.7681 -0.15 0.6156 0.0927 -0.6793 0.2195 0.6684 0.209 -0.7485 -0.1477 0.6408 -0.0858 -0.9218 -0.1598 -0.3531 0.0122 -0.6822 0.0916 0.7166 0.1126 -0.6634 0.2061 0.7139 0.0878 -0.9223 0.2018 -0.3293 -0.014
-0.8432 0.1887 0.4728 0.1729 -0.3052 0.6124 0.5499 -0.4789 -0.7601 0.2225 0.5681 0.2234 -0.7681 -0.15 0.6156 0.0927 -0.6793 0.2195 0.6684 0.209 -0.7485 -0.1477 0.6408 -0.0858 -0.9218 -0.1598 -0.3531 0.0122 -0.6822 0.0916 0.7166 0.1126 -0.6634 0.2061 0.7139 0.0878 -0.9223 0.2018 -0.3293 -0.014
-0.8432 0.1887 0.4728 0.1729 -0.3052 0.6124 0.5499 -0.4789 -0.7601 0.2225 0.5681 0.2234 -0.7629 -0.1451 0.6239 0.0869 -0.6793 0.2195 0.6684 0.209 -0.7485 -0.1477 0.6408 -0.0858 -0.9218 -0.1598 -0.3531 0.0122 -0.6822 0.0916 0.7166 0.1126 -0.6634 0.2061 0.7139 0.0878 -0.9223 0.2018 -0.3293 -0.014
-0.8432 0.1887 0.4728 0.1729 -0.3052 0.6124 0.5499 -0.4789 -0.7601 0.2225 0.5681 0.2234 -0.7629 -0.1451 0.6239 0.0869 -0.6793 0.2195 0.6684 0.209 -0.7485 -0.1477 0.6408 -0.0858 -0.9218 -0.1598 -0.3531 0.0122 -0.6822 0.0916 0.7166 0.1126 -0.6634 0.2061 0.7139 0.0878 -0.9223 0.2018 -0.3293 -0.014
-0.8463 0.1877 0.4606 0.1907 -0.3377 0.6147 0.5425 -0.4623 -0.7601 0.2225 0.5681 0.2234 -0.7629 -0.1451 0.6239 0.0869 -0.6793 0.2195 0.6684 0.209 -0.7485 -0.1477 0.6408 -0.0858 -0.9218 -0.1598 -0.3531 0.0122 -0.6822 0.0916 0.7166 0.1126 -0.6634 0.2061 0.7139 0.0878 -0.9223 0.2018 -0.3293 -0.014
-0.8463 0.1877 0.4606 0.1907 -0.3377 0.6147 0.5425 -0.4623 -0.7601 0.2225 0.5681 0.2234 -0.7629 -0.1451 0.6239 0.0869 -0.6793 0.2195 0.6684 0.209 -0.7485 -0.1477 0.6408 -0.0858 -0.9218 -0.1598 -0.3531 0.0122 -0.6822 0.0916 0.7166 0.1126 -0.6634 0.2061 0.7139 0.0878 -0.9223 0.2018 -0.3293 -0.014
-0.8463 0.1877 0.4606 0.1907 -0.3377 0.6147 0.5425 -0.4623 -0.7601 0.2225 0.5681 0.2234 -0.7629 -0.1451 0.6239 0.0869 -0.6793 0.2195 0.6684 0.209 -0.7485 -0.1477 0.6408 -0.0858 -0.9218 -0.1598 -0.3531 0.0122 -0.6822 0.0916 0.7166 0.1126 -0.6634 0.2061 0.7139 0.0878 -0.9223 0.2018 -0.3293 -0.014
-0.8463 0.1877 0.4606 0.1907 -0.3377 0.6147 0.5425 -0.4623 -0.7437 0.2411 0.5789 0.2319 -0.7629 -0.1451 0.6239 0.0869 -0.6901 0.2507 0.6477 0.2033 -0.7591 -0.1502 0.6292 -0.0734 -0.9218 -0.1598 -0.3531 0.0122 -0.67 0.1241 0.7216 0.1226 -0.6542 0.2267 0.7145 0.1006 -0.9223 0.2018 -0.3293 -0.014
-0.8463 0.1877 0.4606 0.1907 -0.3377 0.6147 0.5425 -0.4623 -0.7437 0.2411 0.5789 0.2319 -0.7629 -0.1451 0.6239 0.0869 -0.6901 0.2507 0.6477 0.2033 -0.7591 -0.1502 0.6292 -0.0734 -0.9218 -0.1598 -0.3531 0.0122 -0.67 0.1241 0.7216 0.1226 -0.6542 0.2267 0.7145 0.1006 -0.9223 0.2018 -0.3293 -0.014
-0.8463 0.1877 0.4606 0.1907 -0.3377 0.6147 0.5425 -0.4623 -0.7437 0.2411 0.5789 0.2319 -0.7592 -0.1306 0.6323 0.0826 -0.6901 0.2507 0.6477 0.2033 -0.7591 -0.1502 0.6292 -0.0734 -0.9218 -0.1598 -0.3531 0.0122 -0.67 0.1241 0.7216 0.1226 -0.6542 0.2267 0.7145 0.1006 -0.9223 0.2018 -0.3293 -0.014
-0.8463 0.1877 0.4606 0.1907 -0.3377 0.6147 0.5425 -0.4623 -0.7437 0.2411 0.5789 0.2319 -0.7592 -0.1306 0.6323 0.0826 -0.6901 0.2507 0.6477 0.2033 -0.7591 -0.1502 0.6292 -0.0734 -0.9218 -0.1598 -0.3531 0.0122 -0.67 0.1241 0.7216 0.1226 -0.6542 0.2267 0.7145 0.1006 -0.9223 0.2018 -0.3293 -0.014
-0.8469 0.188 0.4514 0.2087 -0.3551 0.6187 0.5341 -0.4537 -0.7437 0.2411 0.5789 0.2319 -0.7592 -0.1306 0.6323 0.0826 -0.6901 0.2507 0.6477 0.2033 -0.7591 -0.1502 0.6292 -0.0734 -0.9218 -0.1598 -0.3531 0.0122 -0.67 0.1241 0.7216 0.1226 -0.6542 0.2267 0.7145 0.1006 -0.9223 0.2018 -0.3293 -0.014
-0.8469 0.188 0.4514 0.2087 -0.3551 0.6187 0.5341 -0.4537 -0.7437 0.2411 0.5789 0.2319 -0.7592 -0.1306 0.6323 0.0826 -0.6901 0.2507 0.6477 0.2033 -0.7591 -0.1502 0.6292 -0.0734 -0.9218 -0.1598 -0.3531 0.0122 -0.67 0.1241 0.7216 0.1226 -0.6542 0.2267 0.7145 0.1006 -0.9223 0.2018 -0.3293 -0.014
-0.8469 0.188 0.4514 0.2087 -0.3551 0.6187 0.5341 -0.4537 -0.7437 0.2411 0.5789 0.2319 -0.7592 -0.1306 0.6323 0.0826 -0.6901 0.2507 0.6477 0.2033 -0.7591 -0.1502 0.6292 -0.0734 -0.9218 -0.1598 -0.3531 0.0122 -0.67 0.1241 0.7216 0.1226 -0.6542 0.2267 0.7145 0.1006 -0.9223 0.2018 -0.3293 -0.014
-0.8469 0.188 0.4514 0.2087 -0.3551 0.6187 0.5341 -0.4537 -0.7393 0.2548 0.5782 0.2328 -0.7592 -0.1306 0.6323 0.0826 -0.7167 0.2638 0.6295 0.1427 -0.7855 -0.1951 0.5848 -0.0547 -0.9218 -0.1598 -0.3531 0.0122 -0.6651 0.1329 0.7243 0.1239 -0.652 0.2339 0.7147 0.0967 -0.9223 0.2018 -0.3293 -0.014
-0.8469 0.188 0.4514 0.2087 -0.3551 0.6187 0.5341 -0.4537 -0.7393 0.2548 0.5782 0.2328 -0.7592 -0.1306 0.6323 0.0826 -0.7167 0.2638 0.6295 0.1427 -0.7855 -0.1951 0.5848 -0.0547 -0.9218 -0.1598 -0.3531 0.0122 -0.6651 0.1329 0.7243 0.1239 -0.652 0.2339 0.7147 0.0967 -0.9223 0.2018 -0.3293 -0.014
-0.8469 0.188 0.4514 0.2087 -0.3551 0.6187 0.5341 -0.4537 -0.7393 0.2548 0.5782 0.2328 -0.7602 -0.1194 0.6321 0.0908 -0.7167 0.2638 0.6295 0.1427 -0.7855 -0.1951 0.5848 -0.0547 -0.9218 -0.1598 -0.3531 0.0122 -0.6651 0.1329 0.7243 0.1239 -0.652 0.2339 0.7147 0.0967 -0.9223 0.2018 -0.3293 -0.014
-0.8469 0.188 0.4514 0.2087 -0.3551 0.6187 0.5341 -0.4537 -0.7393 0.2548 0.5782 0.2328 -0.7602 -0.1194 0.6321 0.0908 -0.7167 0.2638 0.6295 0.1427 -0.7855 -0.1951 0.5848 -0.0547 -0.9218 -0.1598 -0.3531 0.0122 -0.6651 0.1329 0.7243 0.1239 -0.652 0.2339 0.7147 0.0967 -0.9223 0.2018 -0.3293 -0.014
-0.8487 0.1886 0.4441 0.2167 -0.3646 0.6196 0.5299 -0.4498 -0.7393 0.2548 0.5782 0.2328 -0.7602 -0.1194 0.6321 0.0908 -0.7167 0.2638 0.6295 0.1427 -0.7855 -0.1951 0.5848 -0.0547 -0.9218 -0.1598 -0.3531 0.0122 -0.6651 0.1329 0.7243 0.1239 -0.652 0.2339 0.7147 0.0967 -0.9223 0.2018 -0.3293 -0.014
-0.8487 0.1886 0.4441 0.2167 -0.3646 0.6196 0.5299 -0.4498 -0.7393 0.2548 0.5782 0.2328 -0.7602 -0.1194 0.6321 0.0908 -0.7167 0.2638 0.6295 0.1427 -0.7855 -0.1951 0.5848 -0.0547 -0.9218 -0.1598 -0.3531 0.0122 -0.6651 0.1329 0.7243 0.1239 -0.652 0.2339 0.7147 0.0967 -0.9223 0.2018 -0.3293 -0.014
-0.8487 0.1886 0.4441 0.2167 -0.3646 0.6196 0.5299 -0.4498 -0.7429 0.2543 0.5749 0.2301 -0.7602 -0.1194 0.6321 0.0908 -0.7167 0.2638 0.6295 0.1427 -0.7855 -0.1951 0.5848 -0.0547 -0.9218 -0.1598 -0.3531 0.0122 -0.6651 0.1329 0.7243 0.1239 -0.652 0.2339 0.7147 0.0967 -0.9223 0.2018 -0.3293 -0.014
-0.8487 0.1886 0.4441 0.2167 -0.3646 0.6196 0.5299 -0.4498 -0.7429 0.2543 0.5749 0.2301 -0.7602 -0.1194 0.6321 0.0908 -0.7167 0.2638 0.6295 0.1427 -0.7855 -0.1951 0.5848 -0.0547 -0.9218 -0.1598 -0.3531 0.0122 -0.6646 0.1251 0.7292 0.1047 -0.6538 0.2332 0.7152 0.0815 -0.9223 0.2018 -0.3293 -0.014
-0.8487 0.1886 0.4441 0.2167 -0.3646 0.6196 0.5299 -0.4498 -0.7429 0.2543 0.5749 0.2301 -0.7643 -0.129 0.6263 0.0837 -0.7167 0.2638 0.6295 0.1427 -0.7855 -0.1951 0.5848 -0.0547 -0.9218 -0.1598 -0.3531 0.0122 -0.6646 0.1251 0.7292 0.1047 -0.6538 0.2332 0.7152 0.0815 -0.9223 0.2018 -0.3293 -0.014
-0.8487 0.1886 0.4441 0.2167 -0.3646 0.6196 0.5299 -0.4498 -0.7429 0.2543 0.5749 0.2301 -0.7643 -0.129 0.6263 0.0837 -0.7167 0.2638 0.6295 0.1427 -0.7855 -0.1951 0.5848 -0.0547 -0.9218 -0.1598 -0.3531 0.0122 -0.6646 0.1251 0.7292 0.1047 -0.6538 0.2332 0.7152 0.0815 -0.9223 0.2018 -0.3293 -0.014
-0.8487 0.1886 0.4441 0.2167 -0.3646 0.6196 0.5299 -0.4498 -0.7429 0.2543 0.5749 0.2301 -0.7643 -0.129 0.6263 0.0837 -0.7167 0.2638 0.6295 0.1427 -0.7855 -0.1951 0.5848 -0.0547 -0.9218 -0.1598 -0.3531 0.0122 -0.6646 0.1251 0.7292 0.1047 -0.6538 0.2332 0.7152 0.0815 -0.9223 0.2018 -0.3293 -0.014
-0.8487 0.1886 0.4441 0.2167 -0.3646 0.6196 0.5299 -0.4498 -0.7429 0.2543 0.5749 0.2301 -0.7643 -0.129 0.6263 0.0837 -0.7167 0.2638 0.6295 0.1427 -0.7855 -0.1951 0.5848 -0.0547 -0.9218 -0.1598 -0.3531 0.0122 -0.6646 0.1251 0.7292 0.1047 -0.6538 0.2332 0.7152 0.0815 -0.9223 0.2018 -0.3293 -0.014
-0.8552 0.1924 0.4321 0.2119 -0.3682 0.6161 0.5277 -0.4543 -0.7429 0.2543 0.5749 0.2301 -0.7643 -0.129 0.6263 0.0837 -0.7167 0.2638 0.6295 0.1427 -0.7855 -0.1951 0.5848 -0.0547 -0.9218 -0.1598 -0.3531 0.0122 -0.6646 0.1251 0.7292 0.1047 -0.6538 0.2332 0.7152 0.0815 -0.9223 0.2018 -0.3293 -0.014
-0.8552 0.1924 0.4321 0.2119 -0.3682 0.6161 0.5277 -0.4543 -0.7429 0.2543 0.5749 0.2301 -0.7643 -0.129 0.6263 0.0837 -0.7167 0.2638 0.6295 0.1427 -0.7855 -0.1951 0.5848 -0.0547 -0.9218 -0.1598 -0.3531 0.0122 -0.6646 0.1251 0.7292 0.1047 -0.6538 0.2332 0.7152 0.0815 -0.9223 0.2018 -0.3293 -0.014
-0.8552 0.1924 0.4321 0.2119 -0.3682 0.6161 0.5277 -0.4543 -0.7425 0.251 0.5786 0.2258 -0.7643 -0.129 0.6263 0.0837 -0.7167 0.2638 0.6295 0.1427 -0.7855 -0.1951 0.5848 -0.0547 -0.9218 -0.1598 -0.3531 0.0122 -0.6582 0.14 0.7314 0.111 -0.6516 0.2515 0.7111 0.0814 -0.9223 0.2018 -0.3293 -0.014
-0.8552 0.1924 0.4321 0.2119 -0.3682 0.6161 0.5277 -0.4543 -0.7425 0.251 0.5786 0.2258 -0.7592 -0.1428 0.6302 0.078 -0.7167 0.2638 0.6295 0.1427 -0.7855 -0.1951 0.5848 -0.0547 -0.9218 -0.1598 -0.3531 0.0122 -0.6582 0.14 0.7314 0.111 -0.6516 0.2515 0.7111 0.0814 -0.9223 0.2018 -0.3293 -0.014
-0.8552 0.1924 0.4321 0.2119 -0.3682 0.6161 0.5277 -0.4543 -0.7425 0.251 0.5786 0.2258 -0.7592 -0.1428 0.6302 0.078 -0.7167 0.2638 0.6295 0.1427 -0.7855 -0.1951 0.5848 -0.0547 -0.9218 -0.1598 -0.3531 0.0122 -0.6582 0.14 0.7314 0.111 -0.6516 0.2515 0.7111 0.0814 -0.9223 0.2018 -0.3293 -0.014
-0.8552 0.1924 0.4321 0.2119 -0.3682 0.6161 0.5277 -0.4543 -0.7425 0.251 0.5786 0.2258 -0.7592 -0.1428 0.6302 0.078 -0.7167 0.2638 0.6295 0.1427 -0.7855 -0.1951 0.5848 -0.0547 -0.9218 -0.1598 -0.3531 0.0122 -0.6582 0.14 0.7314 0.111 -0.6516 0.2515 0.7111 0.0814 -0.9223 0.2018 -0.3293 -0.014
-0.8624 0.1903 0.4237 0.2015 -0.3708 0.6055 0.5299 -0.4638 -0.7425 0.251 0.5786 0.2258 -0.7592 -0.1428 0.6302 0.078 -0.7167 0.2638 0.6295 0.1427 -0.7855 -0.1951 0.5848 -0.0547 -0.9218 -0.1598 -0.3531 0.0122 -0.6582 0.14 0.7314 0.111 -0.6516 0.2515 0.7111 0.0814 -0.9223 0.2018 -0.3293 -0.014
-0.8624 0.1903 0.4237 0.2015 -0.3708 0.6055 0.5299 -0.4638 -0.7425 0.251 0.5786 0.2258 -0.7592 -0.1428 0.6302 0.078 -0.7167 0.2638 0.6295 0.1427 -0.7855 -0.1951 0.5848 -0.0547 -0.9218 -0.1598 -0.3531 0.0122 -0.6582 0.14 0.7314 0.111 -0.6516 0.2515 0.7111 0.0814 -0.9223 0.2018 -0.3293 -0.014
-0.8624 0.1903 0.4237 0.2015 -0.3708 0.6055 0.5299 -0.4638 -0.7425 0.251 0.5786 0.2258 -0.7592 -0.1428 0.6302 0.078 -0.7167 0.2638 0.6295 0.1427 -0.7855 -0.1951 0.5848 -0.0547 -0.9218 -0.1598 -0.3531 0.0122 -0.6616 0.1436 0.7298 0.0953 -0.6516 0.2515 0.7111 0.0814 -0.9223 0.2018 -0.3293 -0.014
-0.8624 0.1903 0.4237 0.2015 -0.3708 0.6055 0.5299 -0.4638 -0.7425 0.251 0.5786 0.2258 -0.7592 -0.1428 0.6302 0.078 -0.7167 0.2638 0.6295 0.1427 -0.7855 -0.1951 0.5848 -0.0547 -0.9218 -0.1598 -0.3531 0.0122 -0.6616 0.1436 0.7298 0.0953 -0.6578 0.2491 0.7078 0.0654 -0.9223 0.2018 -0.3293 -0.014
-0.8624 0.1903 0.4237 0.2015 -0.3708 0.6055 0.5299 -0.4638 -0.7425 0.251 0.5786 0.2258 -0.7535 -0.1566 0.6343 0.0733 -0.7167 0.2638 0.6295 0.1427 -0.7855 -0.1951 0.5848 -0.0547 -0.9218 -0.1598 -0.3531 0.0122 -0.6616 0.1436 0.7298 0.0953 -0.6578 0.2491 0.7078 0.0654 -0.9223 0.2018 -0.3293 -0.014
-0.8624 0.1903 0.4237 0.2015 -0.3708 0.6055 0.5299 -0.4638 -0.7425 0.251 0.5786 0.2258 -0.7535 -0.1566 0.6343 0.0733 -0.7167 0.2638 0.6295 0.1427 -0.7855 -0.1951 0.5848 -0.0547 -0.9218 -0.1598 -0.3531 0.0122 -0.6616 0.1436 0.7298 0.0953 -0.6578 0.2491 0.7078 0.0654 -0.9223 0.2018 -0.3293 -0.014
-0.8624 0.1903 0.4237 0.2015 -0.3708 0.6055 0.5299 -0.4638 -0.7425 0.251 0.5786 0.2258 -0.7535 -0.1566 0.6343 0.0733 -0.7167 0.2638 0.6295 0.1427 -0.7855 -0.1951 0.5848 -0.0547 -0.9218 -0.1598 -0.3531 0.0122 -0.6616 0.1436 0.7298 0.0953 -0.6578 0.2491 0.7078 0.0654 -0.9223 0.2018 -0.3293 -0.014
-0.8624 0.1903 0.4237 0.2015 -0.3708 0.6055 0.5299 -0.4638 -0.7425 0.251 0.5786 0.2258 -0.7535 -0.1566 0.6343 0.0733 -0.7167 0.2638 0.6295 0.1427 -0.7855 -0.1951 0.5848 -0.0547 -0.9218 -0.1598 -0.3531 0.0122 -0.6616 0.1436 0.7298 0.0953 -0.6578 0.2491 0.7078 0.0654 -0.9223 0.2018 -0.3293 -0.014
-0.8707 0.1822 0.416 0.189 -0.3738 0.59 0.537 -0.4731 -0.7425 0.251 0.5786 0.2258 -0.7535 -0.1566 0.6343 0.0733 -0.7167 0.2638 0.6295 0.1427 -0.7855 -0.1951 0.5848 -0.0547 -0.9218 -0.1598 -0.3531 0.0122 -0.6616 0.1436 0.7298 0.0953 -0.6578 0.2491 0.7078 0.0654 -0.9223 0.2018 -0.3293 -0.014
-0.8707 0.1822 0.416 0.189 -0.3738 0.59 0.537 -0.4731 -0.7425 0.251 0.5786 0.2258 -0.7535 -0.1566 0.6343 0.0733 -0.7167 0.2638 0.6295 0.1427 -0.7855 -0.1951 0.5848 -0.0547 -0.9218 -0.1598 -0.3531 0.0122 -0.6616 0.1436 0.7298 0.0953 -0.6578 0.2491 0.7078 0.0654 -0.9223 0.2018 -0.3293 -0.014
-0.8707 0.1822 0.416 0.189 -0.3738 0.59 0.537 -0.4731 -0.7336 0.2304 0.5991 0.2233 -0.7535 -0.1566 0.6343 0.0733 -0.7167 0.2638 0.6295 0.1427 -0.7855 -0.1951 0.5848 -0.0547 -0.9218 -0.1598 -0.3531 0.0122 -0.6708 0.1336 0.7264 0.0665 -0.6717 0.2385 0.7004 0.0374 -0.9223 0.2018 -0.3293 -0.014
-0.8707 0.1822 0.416 0.189 -0.3738 0.59 0.537 -0.4731 -0.7336 0.2304 0.5991 0.2233 -0.7535 -0.1566 0.6343 0.0733 -0.7167 0.2638 0.6295 0.1427 -0.7855 -0.1951 0.5848 -0.0547 -0.9218 -0.1598 -0.3531 0.0122 -0.6708 0.1336 0.7264 0.0665 -0.6717 0.2385 0.7004 0.0374 -0.9223 0.2018 -0.3293 -0.014
-0.8707 0.1822 0.416 0.189 -0.3738 0.59 0.537 -0.4731 -0.7336 0.2304 0.5991 0.2233 -0.7471 -0.1755 0.6382 0.0598 -0.7167 0.2638 0.6295 0.1427 -0.7855 -0.1951 0.5848 -0.0547 -0.9218 -0.1598 -0.3531 0.0122 -0.6708 0.1336 0.7264 0.0665 -0.6717 0.2385 0.7004 0.0374 -0.9223 0.2018 -0.3293 -0.014
-0.8707 0.1822 0.416 0.189 -0.3738 0.59 0.537 -0.4731 -0.7336 0.2304 0.5991 0.2233 -0.7471 -0.1755 0.6382 0.0598 -0.7167 0.2638 0.6295 0.1427 -0.7855 -0.1951 0.5848 -0.0547 -0.9218 -0.1598 -0.3531 0.0122 -0.6708 0.1336 0.7264 0.0665 -0.6717 0.2385 0.7004 0.0374 -0.9223 0.2018 -0.3293 -0.014
-0.8707 0.1822 0.416 0.189 -0.3593 0.5701 0.5529 -0.4902 -0.7336 0.2304 0.5991 0.2233 -0.7471 -0.1755 0.6382 0.0598 -0.7167 0.2638 0.6295 0.1427 -0.7855 -0.1951 0.5848 -0.0547 -0.9218 -0.1598 -0.3531 0.0122 -0.6708 0.1336 0.7264 0.0665 -0.6717 0.2385 0.7004 0.0374 -0.9223 0.2018 -0.3293 -0.014
-0.8821 0.1744 0.4085 0.1571 -0.3593 0.5701 0.5529 -0.4902 -0.7336 0.2304 0.5991 0.2233 -0.7471 -0.1755 0.6382 0.0598 -0.7167 0.2638 0.6295 0.1427 -0.7855 -0.1951 0.5848 -0.0547 -0.9218 -0.1598 -0.3531 0.0122 -0.6708 0.1336 0.7264 0.0665 -0.6717 0.2385 0.7004 0.0374 -0.9223 0.2018 -0.3293 -0.014
-0.8821 0.1744 0.4085 0.1571 -0.3593 0.5701 0.5529 -0.4902 -0.7303 0.2199 0.6127 0.2067 -0.7471 -0.1755 0.6382 0.0598 -0.7167 0.2638 0.6295 0.1427 -0.7855 -0.1951 0.5848 -0.0547 -0.9218 -0.1598 -0.3531 0.0122 -0.6708 0.1336 0.7264 0.0665 -0.6717 0.2385 0.7004 0.0374 -0.9223 0.2018 -0.3293 -0.014
-0.8821 0.1744 0.4085 0.1571 -0.3593 0.5701 0.5529 -0.4902 -0.7303 0.2199 0.6127 0.2067 -0.7471 -0.1755 0.6382 0.0598 -0.7167 0.2638 0.6295 0.1427 -0.7855 -0.1951 0.5848 -0.0547 -0.9218 -0.1598 -0.3531 0.0122 -0.6827 0.1237 0.7192 0.0374 -0.691 0.2333 0.684 0.0092 -0.9223 0.2018 -0.3293 -0.014
-0.8821 0.1744 0.4085 0.1571 -0.3593 0.5701 0.5529 -0.4902 -0.7303 0.2199 0.6127 0.2067 -0.7471 -0.1755 0.6382 0.0598 -0.7167 0.2638 0.6295 0.1427 -0.7855 -0.1951 0.5848 -0.0547 -0.9218 -0.1598 -0.3531 0.0122 -0.6827 0.1237 0.7192 0.0374 -0.691 0.2333 0.684 0.0092 -0.9223 0.2018 -0.3293 -0.014
-0.8821 0.1744 0.4085 0.1571 -0.3593 0.5701 0.5529 -0.4902 -0.7303 0.2199 0.6127 0.2067 -0.7446 -0.1926 0.638 0.0369 -0.7167 0.2638 0.6295 0.1427 -0.7855 -0.1951 0.5848 -0.0547 -0.9218 -0.1598 -0.3531 0.0122 -0.6827 0.1237 0.7192 0.0374 -0.691 0.2333 0.684 0.0092 -0.9223 0.2018 -0.3293 -0.014
-0.8821 0.1744 0.4085 0.1571 -0.3593 0.5701 0.5529 -0.4902 -0.7303 0.2199 0.6127 0.2067 -0.7446 -0.1926 0.638 0.0369 -0.7167 0.2638 0.6295 0.1427 -0.7855 -0.1951 0.5848 -0.0547 -0.9218 -0.1598 -0.3531 0.0122 -0.6827 0.1237 0.7192 0.0374 -0.691 0.2333 0.684 0.0092 -0.9223 0.2018 -0.3293 -0.014
-0.8904 0.159 0.4122 0.1097 -0.3301 0.5455 0.5729 -0.515 -0.7303 0.2199 0.6127 0.2067 -0.7446 -0.1926 0.638 0.0369 -0.7167 0.2638 0.6295 0.1427 -0.7855 -0.1951 0.5848 -0.0547 -0.9218 -0.1598 -0.3531 0.0122 -0.6827 0.1237 0.7192 0.0374 -0.691 0.2333 0.684 0.0092 -0.9223 0.2018 -0.3293 -0.014
-0.8904 0.159 0.4122 0.1097 -0.3301 0.5455 0.5729 -0.515 -0.7303 0.2199 0.6127 0.2067 -0.7446 -0.1926 0.638 0.0369 -0.7167 0.2638 0.6295 0.1427 -0.7855 -0.1951 0.5848 -0.0547 -0.9218 -0.1598 -0.3531 0.0122 -0.6827 0.1237 0.7192 0.0374 -0.691 0.2333 0.684 0.0092 -0.9223 0.2018 -0.3293 -0.014
-0.8904 0.159 0.4122 0.1097 -0.3301 0.5455 0.5729 -0.515 -0.7347 0.2083 0.6209 0.1772 -0.7446 -0.1926 0.638 0.0369 -0.7167 0.2638 0.6295 0.1427 -0.7855 -0.1951 0.5848 -0.0547 -0.9218 -0.1598 -0.3531 0.0122 -0.6953 0.1088 0.7103 0.0186 -0.691 0.2333 0.684 0.0092 -0.9223 0.2018 -0.3293 -0.014
-0.8904 0.159 0.4122 0.1097 -0.3301 0.5455 0.5729 -0.515 -0.7347 0.2083 0.6209 0.1772 -0.7446 -0.1926 0.638 0.0369 -0.7167 0.2638 0.6295 0.1427 -0.7104 -0.1459 0.6484 -0.2316 -0.9218 -0.1598 -0.3531 0.0122 -0.6953 0.1088 0.7103 0.0186 -0.7169 0.2423 0.6536 -0.0167 -0.9223 0.2018 -0.3293 -0.014
-0.8904 0.159 0.4122 0.1097 -0.3301 0.5455 0.5729 -0.515 -0.7347 0.2083 0.6209 0.1772 -0.7446 -0.1926 0.638 0.0369 -0.7167 0.2638 0.6295 0.1427 -0.7104 -0.1459 0.6484 -0.2316 -0.8788 -0.1611 -0.4331 -0.1185 -0.6953 0.1088 0.7103 0.0186 -0.7169 0.2423 0.6536 -0.0167 -0.9223 0.2018 -0.3293 -0.014
-0.8904 0.159 0.4122 0.1097 -0.3301 0.5455 0.5729 -0.515 -0.7347 0.2083 0.6209 0.1772 -0.7523 -0.2028 0.6268 0.0066 -0.7167 0.2638 0.6295 0.1427 -0.7104 -0.1459 0.6484 -0.2316 -0.8788 -0.1611 -0.4331 -0.1185 -0.6953 0.1088 0.7103 0.0186 -0.7169 0.2423 0.6536 -0.0167 -0.9223 0.2018 -0.3293 -0.014
-0.8904 0.159 0.4122 0.1097 -0.3301 0.5455 0.5729 -0.515 -0.7347 0.2083 0.6209 0.1772 -0.7523 -0.2028 0.6268 0.0066 -0.7167 0.2638 0.6295 0.1427 -0.7104 -0.1459 0.6484 -0.2316 -0.8788 -0.1611 -0.4331 -0.1185 -0.6953 0.1088 0.7103 0.0186 -0.7169 0.2423 0.6536 -0.0167 -0.9223 0.2018 -0.3293 -0.014
-0.8904 0.159 0.4122 0.1097 -0.3301 0.5455 0.5729 -0.515 -0.7347 0.2083 0.6209 0.1772 -0.7523 -0.2028 0.6268 0.0066 -0.7167 0.2638 0.6295 0.1427 -0.7104 -0.1459 0.6484 -0.2316 -0.8788 -0.1611 -0.4331 -0.1185 -0.6953 0.1088 0.7103 0.0186 -0.7169 0.2423 0.6536 -0.0167 -0.9223 0.2018 -0.3293 -0.014
-0.8904 0.159 0.4122 0.1097 -0.2993 0.5206 0.6015 -0.5268 -0.7347 0.2083 0.6209 0.1772 -0.7523 -0.2028 0.6268 0.0066 -0.7167 0.2638 0.6295 0.1427 -0.7104 -0.1459 0.6484 -0.2316 -0.8788 -0.1611 -0.4331 -0.1185 -0.6953 0.1088 0.7103 0.0186 -0.7169 0.2423 0.6536 -0.0167 -0.9223 0.2018 -0.3293 -0.014
-0.8904 0.159 0.4122 0.1097 -0.2993 0.5206 0.6015 -0.5268 -0.7347 0.2083 0.6209 0.1772 -0.7523 -0.2028 0.6268 0.0066 -0.7167 0.2638 0.6295 0.1427 -0.7104 -0.1459 0.6484 -0.2316 -0.8788 -0.1611 -0.4331 -0.1185 -0.6953 0.1088 0.7103 0.0186 -0.7169 0.2423 0.6536 -0.0167 -0.9223 0.2018 -0.3293 -0.014
-0.8904 0.159 0.4122 0.1097 -0.2993 0.5206 0.6015 -0.5268 -0.7388 0.2014 0.6272 0.1426 -0.7523 -0.2028 0.6268 0.0066 -0.6888 0.2281 0.6856 0.0593 -0.7039 -0.2053 0.6477 -0.207 -0.8788 -0.1611 -0.4331 -0.1185 -0.717 0.095 0.6904 0.0167 -0.7463 0.2777 0.603 -0.0476 -0.9223 0.2018 -0.3293 -0.014
-0.8904 0.159 0.4122 0.1097 -0.2993 0.5206 0.6015 -0.5268 -0.7388 0.2014 0.6272 0.1426 -0.7523 -0.2028 0.6268 0.0066 -0.6888 0.2281 0.6856 0.0593 -0.7039 -0.2053 0.6477 -0.207 -0.8788 -0.1611 -0.4331 -0.1185 -0.717 0.095 0.6904 0.0167 -0.7463 0.2777 0.603 -0.0476 -0.9223 0.2018 -0.3293 -0.014
-0.8904 0.159 0.4122 0.1097 -0.2993 0.5206 0.6015 -0.5268 -0.7388 0.2014 0.6272 0.1426 -0.7599 -0.2255 0.6086 -0.0356 -0.6888 0.2281 0.6856 0.0593 -0.7039 -0.2053 0.6477 -0.207 -0.8788 -0.1611 -0.4331 -0.1185 -0.717 0.095 0.6904 0.0167 -0.7463 0.2777 0.603 -0.0476 -0.9223 0.2018 -0.3293 -0.014
-0.8904 0.159 0.4122 0.1097 -0.2993 0.5206 0.6015 -0.5268 -0.7388 0.2014 0.6272 0.1426 -0.7599 -0.2255 0.6086 -0.0356 -0.6888 0.2281 0.6856 0.0593 -0.7039 -0.2053 0.6477 -0.207 -0.8788 -0.1611 -0.4331 -0.1185 -0.717 0.095 0.6904 0.0167 -0.7463 0.2777 0.603 -0.0476 -0.9223 0.2018 -0.3293 -0.014
-0.8904 0.159 0.4122 0.1097 -0.2993 0.5206 0.6015 -0.5268 -0.7388 0.2014 0.6272 0.1426 -0.7599 -0.2255 0.6086 -0.0356 -0.6888 0.2281 0.6856 0.0593 -0.7039 -0.2053 0.6477 -0.207 -0.8788 -0.1611 -0.4331 -0.1185 -0.717 0.095 0.6904 0.0167 -0.7463 0.2777 0.603 -0.0476 -0.9223 0.2018 -0.3293 -0.014
-0.8904 0.159 0.4122 0.1097 -0.2748 0.5081 0.6254 -0.5247 -0.7388 0.2014 0.6272 0.1426 -0.7599 -0.2255 0.6086 -0.0356 -0.6888 0.2281 0.6856 0.0593 -0.7039 -0.2053 0.6477 -0.207 -0.8788 -0.1611 -0.4331 -0.1185 -0.717 0.095 0.6904 0.0167 -0.7463 0.2777 0.603 -0.0476 -0.9223 0.2018 -0.3293 -0.014
-0.8904 0.159 0.4122 0.1097 -0.2748 0.5081 0.6254 -0.5247 -0.7419 0.2028 0.6273 0.1223 -0.7599 -0.2255 0.6086 -0.0356 -0.6888 0.2281 0.6856 0.0593 -0.7039 -0.2053 0.6477 -0.207 -0.8788 -0.1611 -0.4331 -0.1185 -0.717 0.095 0.6904 0.0167 -0.7463 0.2777 0.603 -0.0476 -0.9223 0.2018 -0.3293 -0.014
-0.8904 0.159 0.4122 0.1097 -0.2748 0.5081 0.6254 -0.5247 -0.7419 0.2028 0.6273 0.1223 -0.7599 -0.2255 0.6086 -0.0356 -0.6888 0.2281 0.6856 0.0593 -0.7039 -0.2053 0.6477 -0.207 -0.8788 -0.1611 -0.4331 -0.1185 -0.7416 0.056 0.6664 0.0519 -0.7502 0.3395 0.5635 -0.0662 -0.9223 0.2018 -0.3293 -0.014
-0.8904 0.159 0.4122 0.1097 -0.2748 0.5081 0.6254 -0.5247 -0.7419 0.2028 0.6273 0.1223 -0.7647 -0.2491 0.5932 -0.0352 -0.6888 0.2281 0.6856 0.0593 -0.7039 -0.2053 0.6477 -0.207 -0.8788 -0.1611 -0.4331 -0.1185 -0.7416 0.056 0.6664 0.0519 -0.7502 0.3395 0.5635 -0.0662 -0.9223 0.2018 -0.3293 -0.014
-0.8904 0.159 0.4122 0.1097 -0.2748 0.5081 0.6254 -0.5247 -0.7419 0.2028 0.6273 0.1223 -0.7647 -0.2491 0.5932 -0.0352 -0.6888 0.2281 0.6856 0.0593 -0.7039 -0.2053 0.6477 -0.207 -0.8788 -0.1611 -0.4331 -0.1185 -0.7416 0.056 0.6664 0.0519 -0.7502 0.3395 0.5635 -0.0662 -0.9223 0.2018 -0.3293 -0.014
-0.8904 0.159 0.4122 0.1097 -0.2748 0.5081 0.6254 -0.5247 -0.7419 0.2028 0.6273 0.1223 -0.7647 -0.2491 0.5932 -0.0352 -0.6888 0.2281 0.6856 0.0593 -0.7039 -0.2053 0.6477 -0.207 -0.8788 -0.1611 -0.4331 -0.1185 -0.7416 0.056 0.6664 0.0519 -0.7502 0.3395 0.5635 -0.0662 -0.9223 0.2018 -0.3293 -0.014
-0.881 0.1075 0.4589 0.0409 -0.2648 0.5105 0.6352 -0.5155 -0.7419 0.2028 0.6273 0.1223 -0.7647 -0.2491 0.5932 -0.0352 -0.6888 0.2281 0.6856 0.0593 -0.7039 -0.2053 0.6477 -0.207 -0.8788 -0.1611 -0.4331 -0.1185 -0.7416 0.056 0.6664 0.0519 -0.7502 0.3395 0.5635 -0.0662 -0.9223 0.2018 -0.3293 -0.014
-0.881 0.1075 0.4589 0.0409 -0.2648 0.5105 0.6352 -0.5155 -0.7419 0.2028 0.6273 0.1223 -0.7647 -0.2491 0.5932 -0.0352 -0.6733 0.181 0.7106 0.0943 -0.7039 -0.2053 0.6477 -0.207 -0.8788 -0.1611 -0.4331 -0.1185 -0.7416 0.056 0.6664 0.0519 -0.7502 0.3395 0.5635 -0.0662 -0.9223 0.2018 -0.3293 -0.014
-0.881 0.1075 0.4589 0.0409 -0.2648 0.5105 0.6352 -0.5155 -0.7496 0.2139 0.6169 0.1084 -0.7647 -0.2491 0.5932 -0.0352 -0.6733 0.181 0.7106 0.0943 -0.6993 -0.2521 0.6439 -0.181 -0.8788 -0.1611 -0.4331 -0.1185 -0.7412 0.042 0.6625 0.0996 -0.7502 0.3395 0.5635 -0.0662 -0.9223 0.2018 -0.3293 -0.014
-0.881 0.1075 0.4589 0.0409 -0.2648 0.5105 0.6352 -0.5155 -0.7496 0.2139 0.6169 0.1084 -0.7647 -0.2491 0.5932 -0.0352 -0.6733 0.181 0.7106 0.0943 -0.6993 -0.2521 0.6439 -0.181 -0.8788 -0.1611 -0.4331 -0.1185 -0.7412 0.042 0.6625 0.0996 -0.7502 0.3395 0.5635 -0.0662 -0.9223 0.2018 -0.3293 -0.014
-0.881 0.1075 0.4589 0.0409 -0.2648 0.5105 0.6352 -0.5155 -0.7496 0.2139 0.6169 0.1084 -0.7647 -0.2491 0.5932 -0.0352 -0.6733 0.181 0.7106 0.0943 -0.6993 -0.2521 0.6439 -0.181 -0.8788 -0.1611 -0.4331 -0.1185 -0.7412 0.042 0.6625 0.0996 -0.7502 0.3395 0.5635 -0.0662 -0.9223 0.2018 -0.3293 -0.014
-0.881 0.1075 0.4589 0.0409 -0.2648 0.5105 0.6352 -0.5155 -0.7496 0.2139 0.6169 0.1084 -0.7823 -0.2476 0.5716 -0.0061 -0.6733 0.181 0.7106 0.0943 -0.6993 -0.2521 0.6439 -0.181 -0.8788 -0.1611 -0.4331 -0.1185 -0.7412 0.042 0.6625 0.0996 -0.7502 0.3395 0.5635 -0.0662 -0.9223 0.2018 -0.3293 -0.014
-0.881 0.1075 0.4589 0.0409 -0.2537 0.5272 0.6372 -0.5016 -0.7496 0.2139 0.6169 0.1084 -0.7823 -0.2476 0.5716 -0.0061 -0.6733 0.181 0.7106 0.0943 -0.6993 -0.2521 0.6439 -0.181 -0.8788 -0.1611 -0.4331 -0.1185 -0.7412 0.042 0.6625 0.0996 -0.7502 0.3395 0.5635 -0.0662 -0.9223 0.2018 -0.3293 -0.014
-0.881 0.1086 0.4774 0.0499 -0.2537 0.5272 0.6372 -0.5016 -0.7496 0.2139 0.6169 0.1084 -0.7823 -0.2476 0.5716 -0.0061 -0.6733 0.181 0.7106 0.0943 -0.6993 -0.2521 0.6439 -0.181 -0.8788 -0.1611 -0.4331 -0.1185 -0.7412 0.042 0.6625 0.0996 -0.7502 0.3395 0.5635 -0.0662 -0.9223 0.2018 -0.3293 -0.014
-0.8705 0.1086 0.4774 0.0499 -0.2537 0.5272 0.6372 -0.5016 -0.7496 0.2139 0.6169 0.1084 -0.7823 -0.2476 0.5716 -0.0061 -0.6733 0.181 0.7106 0.0943 -0.6993 -0.2521 0.6439 -0.181 -0.8788 -0.1611 -0.4331 -0.1185 -0.7412 0.042 0.6625 0.0996 -0.7502 0.3395 0.5635 -0.0662 -0.9223 0.2018 -0.3293 -0.014
-0.8705 0.1086 0.4774 0.0499 -0.2537 0.5272 0.6372 -0.5016 -0.7496 0.2139 0.6169 0.1084 -0.7823 -0.2476 0.5716 -0.0061 -0.6733 0.181 0.7106 0.0943 -0.6993 -0.2521 0.6439 -0.181 -0.8788 -0.1611 -0.4331 -0.1185 -0.7412 0.042 0.6625 0.0996 -0.7502 0.3395 0.5635 -0.0662 -0.9223 0.2018 -0.3293 -0.014
-0.8705 0.1086 0.4774 0.0499 -0.2537 0.5272 0.6372 -0.5016 -0.7623 0.226 0.5983 0.0994 -0.7823 -0.2476 0.5716 -0.0061 -0.6733 0.181 0.7106 0.0943 -0.7066 -0.2499 0.6445 -0.1514 -0.8788 -0.1611 -0.4331 -0.1185 -0.7379 0.0666 0.6537 0.1537 -0.7502 0.3395 0.5635 -0.0662 -0.9223 0.2018 -0.3293 -0.014
-0.8705 0.1086 0.4774 0.0499 -0.2537 0.5272 0.6372 -0.5016 -0.7623 0.226 0.5983 0.0994 -0.7823 -0.2476 0.5716 -0.0061 -0.6733 0.181 0.7106 0.0943 -0.7066 -0.2499 0.6445 -0.1514 -0.904 -0.1299 -0.396 -0.0954 -0.7379 0.0666 0.6537 0.1537 -0.7397 0.243 0.6251 0.0561 -0.9223 0.2018 -0.3293 -0.014
-0.8705 0.1086 0.4774 0.0499 -0.2537 0.5272 0.6372 -0.5016 -0.7623 0.226 0.5983 0.0994 -0.801 -0.2344 0.5508 0.0024 -0.6733 0.181 0.7106 0.0943 -0.7066 -0.2499 0.6445 -0.1514 -0.904 -0.1299 -0.396 -0.0954 -0.7379 0.0666 0.6537 0.1537 -0.7397 0.243 0.6251 0.0561 -0.9223 0.2018 -0.3293 -0.014
-0.8705 0.1086 0.4774 0.0499 -0.2537 0.5272 0.6372 -0.5016 -0.7623 0.226 0.5983 0.0994 -0.801 -0.2344 0.5508 0.0024 -0.6733 0.181 0.7106 0.0943 -0.7066 -0.2499 0.6445 -0.1514 -0.904 -0.1299 -0.396 -0.0954 -0.7379 0.0666 0.6537 0.1537 -0.7397 0.243 0.6251 0.0561 -0.9223 0.2018 -0.3293 -0.014
-0.8554 0.1086 0.5018 0.0683 -0.2449 0.5472 0.6371 -0.4843 -0.7623 0.226 0.5983 0.0994 -0.801 -0.2344 0.5508 0.0024 -0.6733 0.181 0.7106 0.0943 -0.7066 -0.2499 0.6445 -0.1514 -0.904 -0.1299 -0.396 -0.0954 -0.7379 0.0666 0.6537 0.1537 -0.7397 0.243 0.6251 0.0561 -0.9223 0.2018 -0.3293 -0.014
-0.8554 0.1086 0.5018 0.0683 -0.2449 0.5472 0.6371 -0.4843 -0.7623 0.226 0.5983 0.0994 -0.801 -0.2344 0.5508 0.0024 -0.6733 0.181 0.7106 0.0943 -0.7066 -0.2499 0.6445 -0.1514 -0.904 -0.1299 -0.396 -0.0954 -0.7379 0.0666 0.6537 0.1537 -0.7397 0.243 0.6251 0.0561 -0.9223 0.2018 -0.3293 -0.014
-0.8554 0.1086 0.5018 0.0683 -0.2449 0.5472 0.6371 -0.4843 -0.774 0.2402 0.577 0.1009 -0.801 -0.2344 0.5508 0.0024 -0.6733 0.181 0.7106 0.0943 -0.7125 -0.2447 0.6442 -0.1325 -0.904 -0.1299 -0.396 -0.0954 -0.7395 0.0567 0.6475 0.1751 -0.7397 0.243 0.6251 0.0561 -0.9223 0.2018 -0.3293 -0.014
-0.8554 0.1086 0.5018 0.0683 -0.2449 0.5472 0.6371 -0.4843 -0.774 0.2402 0.577 0.1009 -0.801 -0.2344 0.5508 0.0024 -0.6733 0.181 0.7106 0.0943 -0.7125 -0.2447 0.6442 -0.1325 -0.8972 -0.1274 -0.4147 -0.0826 -0.7395 0.0567 0.6475 0.1751 -0.7397 0.243 0.6251 0.0561 -0.9223 0.2018 -0.3293 -0.014
-0.8554 0.1086 0.5018 0.0683 -0.2449 0.5472 0.6371 -0.4843 -0.774 0.2402 0.577 0.1009 -0.8111 -0.2238 0.5404 0.0054 -0.6733 0.181 0.7106 0.0943 -0.7125 -0.2447 0.6442 -0.1325 -0.8972 -0.1274 -0.4147 -0.0826 -0.7395 0.0567 0.6475 0.1751 -0.7397 0.243 0.6251 0.0561 -0.9223 0.2018 -0.3293 -0.014
-0.8554 0.1086 0.5018 0.0683 -0.2449 0.5472 0.6371 -0.4843 -0.774 0.2402 0.577 0.1009 -0.8111 -0.2238 0.5404 0.0054 -0.6733 0.181 0.7106 0.0943 -0.7125 -0.2447 0.6442 -0.1325 -0.8972 -0.1274 -0.4147 -0.0826 -0.7395 0.0567 0.6475 0.1751 -0.7397 0.243 0.6251 0.0561 -0.9223 0.2018 -0.3293 -0.014
-0.8554 0.1086 0.5018 0.0683 -0.2449 0.5472 0.6371 -0.4843 -0.774 0.2402 0.577 0.1009 -0.8111 -0.2238 0.5404 0.0054 -0.6733 0.181 0.7106 0.0943 -0.7125 -0.2447 0.6442 -0.1325 -0.8972 -0.1274 -0.4147 -0.0826 -0.7395 0.0567 0.6475 0.1751 -0.7397 0.243 0.6251 0.0561 -0.9223 0.2018 -0.3293 -0.014
-0.8554 0.1086 0.5018 0.0683 -0.2449 0.5472 0.6371 -0.4843 -0.774 0.2402 0.577 0.1009 -0.8111 -0.2238 0.5404 0.0054 -0.6733 0.181 0.7106 0.0943 -0.7125 -0.2447 0.6442 -0.1325 -0.8972 -0.1274 -0.4147 -0.0826 -0.7395 0.0567 0.6475 0.1751 -0.7397 0.243 0.6251 0.0561 -0.9223 0.2018 -0.3293 -0.014
-0.85 0.1215 0.5051 0.0872 -0.2511 0.5662 0.624 -0.4766 -0.774 0.2402 0.577 0.1009 -0.8111 -0.2238 0.5404 0.0054 -0.6733 0.181 0.7106 0.0943 -0.7125 -0.2447 0.6442 -0.1325 -0.8972 -0.1274 -0.4147 -0.0826 -0.7395 0.0567 0.6475 0.1751 -0.7397 0.243 0.6251 0.0561 -0.9223 0.2018 -0.3293 -0.014
-0.85 0.1215 0.5051 0.0872 -0.2511 0.5662 0.624 -0.4766 -0.774 0.2402 0.577 0.1009 -0.8111 -0.2238 0.5404 0.0054 -0.6733 0.181 0.7106 0.0943 -0.7125 -0.2447 0.6442 -0.1325 -0.8972 -0.1274 -0.4147 -0.0826 -0.7395 0.0567 0.6475 0.1751 -0.7397 0.243 0.6251 0.0561 -0.9223 0.2018 -0.3293 -0.014
-0.85 0.1215 0.5051 0.0872 -0.2511 0.5662 0.624 -0.4766 -0.774 0.2402 0.577 0.1009 -0.8111 -0.2238 0.5404 0.0054 -0.6733 0.181 0.7106 0.0943 -0.7125 -0.2447 0.6442 -0.1325 -0.8972 -0.1274 -0.4147 -0.0826 -0.7395 0.0567 0.6475 0.1751 -0.7397 0.243 0.6251 0.0561 -0.9223 0.2018 -0.3293 -0.014
-0.85 0.1215 0.5051 0.0872 -0.2511 0.5662 0.624 -0.4766 -0.774 0.2402 0.577 0.1009 -0.8111 -0.2238 0.5404 0.0054 -0.6733 0.181 0.7106 0.0943 -0.7125 -0.2447 0.6442 -0.1325 -0.8923 -0.1273 -0.4265 -0.0753 -0.7395 0.0567 0.6475 0.1751 -0.7397 0.243 0.6251 0.0561 -0.917 0.2042 -0.3415 0.0281
-0.85 0.1215 0.5051 0.0872 -0.2511 0.5662 0.624 -0.4766 -0.774 0.2402 0.577 0.1009 -0.8141 -0.2097 0.5411 0.0211 -0.6733 0.181 0.7106 0.0943 -0.7125 -0.2447 0.6442 -0.1325 -0.8923 -0.1273 -0.4265 -0.0753 -0.7395 0.0567 0.6475 0.1751 -0.7397 0.243 0.6251 0.0561 -0.917 0.2042 -0.3415 0.0281
-0.85 0.1215 0.5051 0.0872 -0.2511 0.5662 0.624 -0.4766 -0.774 0.2402 0.577 0.1009 -0.8141 -0.2097 0.5411 0.0211 -0.6733 0.181 0.7106 0.0943 -0.7125 -0.2447 0.6442 -0.1325 -0.8923 -0.1273 -0.4265 -0.0753 -0.7395 0.0567 0.6475 0.1751 -0.7397 0.243 0.6251 0.0561 -0.917 0.2042 -0.3415 0.0281
-0.8406 0.1349 0.5133 0.1081 -0.2572 0.5836 0.6109 -0.4692 -0.774 0.2402 0.577 0.1009 -0.8141 -0.2097 0.5411 0.0211 -0.6733 0.181 0.7106 0.0943 -0.7125 -0.2447 0.6442 -0.1325 -0.8923 -0.1273 -0.4265 -0.0753 -0.7395 0.0567 0.6475 0.1751 -0.7397 0.243 0.6251 0.0561 -0.917 0.2042 -0.3415 0.0281
-0.8406 0.1349 0.5133 0.1081 -0.2572 0.5836 0.6109 -0.4692 -0.774 0.2402 0.577 0.1009 -0.8141 -0.2097 0.5411 0.0211 -0.6733 0.181 0.7106 0.0943 -0.7125 -0.2447 0.6442 -0.1325 -0.8923 -0.1273 -0.4265 -0.0753 -0.7395 0.0567 0.6475 0.1751 -0.7397 0.243 0.6251 0.0561 -0.917 0.2042 -0.3415 0.0281
-0.8406 0.1349 0.5133 0.1081 -0.2572 0.5836 0.6109 -0.4692 -0.774 0.2402 0.577 0.1009 -0.8141 -0.2097 0.5411 0.0211 -0.6733 0.181 0.7106 0.0943 -0.7125 -0.2447 0.6442 -0.1325 -0.8923 -0.1273 -0.4265 -0.0753 -0.7395 0.0567 0.6475 0.1751 -0.7397 0.243 0.6251 0.0561 -0.917 0.2042 -0.3415 0.0281
-0.8406 0.1349 0.5133 0.1081 -0.2572 0.5836 0.6109 -0.4692 -0.774 0.2402 0.577 0.1009 -0.8141 -0.2097 0.5411 0.0211 -0.6733 0.181 0.7106 0.0943 -0.7359 -0.237 0.6257 -0.1039 -0.8923 -0.1273 -0.4265 -0.0753 -0.7184 0.0662 0.6572 0.218 -0.7397 0.243 0.6251 0.0561 -0.917 0.2042 -0.3415 0.0281
-0.8406 0.1349 0.5133 0.1081 -0.2572 0.5836 0.6109 -0.4692 -0.774 0.2402 0.577 0.1009 -0.8141 -0.2097 0.5411 0.0211 -0.6733 0.181 0.7106 0.0943 -0.7359 -0.237 0.6257 -0.1039 -0.8923 -0.1273 -0.4265 -0.0753 -0.7184 0.0662 0.6572 0.218 -0.7397 0.243 0.6251 0.0561 -0.917 0.2042 -0.3415 0.0281
-0.8406 0.1349 0.5133 0.1081 -0.2572 0.5836 0.6109 -0.4692 -0.774 0.2402 0.577 0.1009 -0.8069 -0.2054 0.5523 0.0405 -0.6733 0.181 0.7106 0.0943 -0.7359 -0.237 0.6257 -0.1039 -0.8923 -0.1273 -0.4265 -0.0753 -0.7184 0.0662 0.6572 0.218 -0.7397 0.243 0.6251 0.0561 -0.917 0.2042 -0.3415 0.0281
-0.8406 0.1349 0.5133 0.1081 -0.2572 0.5836 0.6109 -0.4692 -0.774 0.2402 0.577 0.1009 -0.8069 -0.2054 0.5523 0.0405 -0.6733 0.181 0.7106 0.0943 -0.7359 -0.237 0.6257 -0.1039 -0.8923 -0.1273 -0.4265 -0.0753 -0.7184 0.0662 0.6572 0.218 -0.7397 0.243 0.6251 0.0561 -0.917 0.2042 -0.3415 0.0281
-0.8406 0.1349 0.5133 0.1081 -0.2572 0.5836 0.6109 -0.4692 -0.774 0.2402 0.577 0.1009 -0.8069 -0.2054 0.5523 0.0405 -0.6733 0.181 0.7106 0.0943 -0.7359 -0.237 0.6257 -0.1039 -0.8923 -0.1273 -0.4265 -0.0753 -0.7184 0.0662 0.6572 0.218 -0.7397 0.243 0.6251 0.0561 -0.917 0.2042 -0.3415 0.0281
-0.8403 0.1438 0.5061 0.1305 -0.2778 0.5926 0.5967 -0.4642 -0.774 0.2402 0.577 0.1009 -0.8069 -0.2054 0.5523 0.0405 -0.6733 0.181 0.7106 0.0943 -0.7359 -0.237 0.6257 -0.1039 -0.8923 -0.1273 -0.4265 -0.0753 -0.7184 0.0662 0.6572 0.218 -0.7397 0.243 0.6251 0.0561 -0.917 0.2042 -0.3415 0.0281
-0.8403 0.1438 0.5061 0.1305 -0.2778 0.5926 0.5967 -0.4642 -0.7665 0.2726 0.5542 0.176 -0.8069 -0.2054 0.5523 0.0405 -0.6733 0.181 0.7106 0.0943 -0.7359 -0.237 0.6257 -0.1039 -0.8923 -0.1273 -0.4265 -0.0753 -0.7184 0.0662 0.6572 0.218 -0.7397 0.243 0.6251 0.0561 -0.917 0.2042 -0.3415 0.0281
-0.8403 0.1438 0.5061 0.1305 -0.2778 0.5926 0.5967 -0.4642 -0.7665 0.2726 0.5542 0.176 -0.8069 -0.2054 0.5523 0.0405 -0.6733 0.181 0.7106 0.0943 -0.7359 -0.237 0.6257 -0.1039 -0.8923 -0.1273 -0.4265 -0.0753 -0.7184 0.0662 0.6572 0.218 -0.7397 0.243 0.6251 0.0561 -0.917 0.2042 -0.3415 0.0281
-0.8403 0.1438 0.5061 0.1305 -0.2778 0.5926 0.5967 -0.4642 -0.7665 0.2726 0.5542 0.176 -0.8069 -0.2054 0.5523 0.0405 -0.6733 0.181 0.7106 0.0943 -0.7359 -0.237 0.6257 -0.1039 -0.8839 -0.1255 -0.4454 -0.0669 -0.7184 0.0662 0.6572 0.218 -0.7397 0.243 0.6251 0.0561 -0.917 0.2042 -0.3415 0.0281
-0.8403 0.1438 0.5061 0.1305 -0.2778 0.5926 0.5967 -0.4642 -0.7665 0.2726 0.5542 0.176 -0.7846 -0.1834 0.5881 0.0699 -0.6733 0.181 0.7106 0.0943 -0.7359 -0.237 0.6257 -0.1039 -0.8839 -0.1255 -0.4454 -0.0669 -0.7184 0.0662 0.6572 0.218 -0.7397 0.243 0.6251 0.0561 -0.917 0.2042 -0.3415 0.0281
-0.8403 0.1438 0.5061 0.1305 -0.2778 0.5926 0.5967 -0.4642 -0.7665 0.2726 0.5542 0.176 -0.7846 -0.1834 0.5881 0.0699 -0.6733 0.181 0.7106 0.0943 -0.7359 -0.237 0.6257 -0.1039 -0.8839 -0.1255 -0.4454 -0.0669 -0.7184 0.0662 0.6572 0.218 -0.7397 0.243 0.6251 0.0561 -0.917 0.2042 -0.3415 0.0281
-0.8403 0.1438 0.5061 0.1305 -0.2778 0.5926 0.5967 -0.4642 -0.7665 0.2726 0.5542 0.176 -0.7846 -0.1834 0.5881 0.0699 -0.6733 0.181 0.7106 0.0943 -0.7359 -0.237 0.6257 -0.1039 -0.8839 -0.1255 -0.4454 -0.0669 -0.7184 0.0662 0.6572 0.218 -0.7397 0.243 0.6251 0.0561 -0.917 0.2042 -0.3415 0.0281
-0.8456 0.144 0.485 0.1703 -0.2778 0.5926 0.5967 -0.4642 -0.7424 0.2729 0.5667 0.2307 -0.7846 -0.1834 0.5881 0.0699 -0.6733 0.181 0.7106 0.0943 -0.7359 -0.237 0.6257 -0.1039 -0.8839 -0.1255 -0.4454 -0.0669 -0.7184 0.0662 0.6572 0.218 -0.7397 0.243 0.6251 0.0561 -0.917 0.2042 -0.3415 0.0281
-0.8456 0.144 0.485 0.1703 -0.2778 0.5926 0.5967 -0.4642 -0.7424 0.2729 0.5667 0.2307 -0.7846 -0.1834 0.5881 0.0699 -0.6733 0.181 0.7106 0.0943 -0.7359 -0.237 0.6257 -0.1039 -0.8839 -0.1255 -0.4454 -0.0669 -0.6899 0.0969 0.6906 0.194 -0.7397 0.243 0.6251 0.0561 -0.917 0.2042 -0.3415 0.0281
-0.8456 0.144 0.485 0.1703 -0.2778 0.5926 0.5967 -0.4642 -0.7424 0.2729 0.5667 0.2307 -0.7846 -0.1834 0.5881 0.0699 -0.6733 0.181 0.7106 0.0943 -0.7359 -0.237 0.6257 -0.1039 -0.8839 -0.1255 -0.4454 -0.0669 -0.6899 0.0969 0.6906 0.194 -0.7397 0.243 0.6251 0.0561 -0.917 0.2042 -0.3415 0.0281
-0.8456 0.144 0.485 0.1703 -0.2778 0.5926 0.5967 -0.4642 -0.7424 0.2729 0.5667 0.2307 -0.7607 -0.1716 0.6199 0.0874 -0.6733 0.181 0.7106 0.0943 -0.7359 -0.237 0.6257 -0.1039 -0.8839 -0.1255 -0.4454 -0.0669 -0.6899 0.0969 0.6906 0.194 -0.7397 0.243 0.6251 0.0561 -0.917 0.2042 -0.3415 0.0281
-0.8456 0.144 0.485 0.1703 -0.2778 0.5926 0.5967 -0.4642 -0.7424 0.2729 0.5667 0.2307 -0.7607 -0.1716 0.6199 0.0874 -0.6733 0.181 0.7106 0.0943 -0.7359 -0.237 0.6257 -0.1039 -0.8839 -0.1255 -0.4454 -0.0669 -0.6899 0.0969 0.6906 0.194 -0.7397 0.243 0.6251 0.0561 -0.917 0.2042 -0.3415 0.0281
-0.8456 0.144 0.485 0.1703 -0.2778 0.5926 0.5967 -0.4642 -0.7424 0.2729 0.5667 0.2307 -0.7607 -0.1716 0.6199 0.0874 -0.6733 0.181 0.7106 0.0943 -0.7359 -0.237 0.6257 -0.1039 -0.8839 -0.1255 -0.4454 -0.0669 -0.6899 0.0969 0.6906 0.194 -0.7397 0.243 0.6251 0.0561 -0.917 0.2042 -0.3415 0.0281
-0.8544 0.1346 0.4637 0.192 -0.2778 0.5926 0.5967 -0.4642 -0.7424 0.2729 0.5667 0.2307 -0.7607 -0.1716 0.6199 0.0874 -0.6733 0.181 0.7106 0.0943 -0.7359 -0.237 0.6257 -0.1039 -0.8839 -0.1255 -0.4454 -0.0669 -0.6899 0.0969 0.6906 0.194 -0.7397 0.243 0.6251 0.0561 -0.917 0.2042 -0.3415 0.0281
-0.8544 0.1346 0.4637 0.192 -0.2778 0.5926 0.5967 -0.4642 -0.725 0.2757 0.5755 0.2591 -0.7607 -0.1716 0.6199 0.0874 -0.6733 0.181 0.7106 0.0943 -0.7359 -0.237 0.6257 -0.1039 -0.8839 -0.1255 -0.4454 -0.0669 -0.6899 0.0969 0.6906 0.194 -0.7397 0.243 0.6251 0.0561 -0.917 0.2042 -0.3415 0.0281
-0.8544 0.1346 0.4637 0.192 -0.2778 0.5926 0.5967 -0.4642 -0.725 0.2757 0.5755 0.2591 -0.7607 -0.1716 0.6199 0.0874 -0.6733 0.181 0.7106 0.0943 -0.7359 -0.237 0.6257 -0.1039 -0.8839 -0.1255 -0.4454 -0.0669 -0.6899 0.0969 0.6906 0.194 -0.7397 0.243 0.6251 0.0561 -0.917 0.2042 -0.3415 0.0281
-0.8544 0.1346 0.4637 0.192 -0.2778 0.5926 0.5967 -0.4642 -0.725 0.2757 0.5755 0.2591 -0.7607 -0.1716 0.6199 0.0874 -0.7126 0.231 0.6216 0.2288 -0.8069 -0.2248 0.5454 -0.0275 -0.8839 -0.1255 -0.4454 -0.0669 -0.6758 0.1317 0.6984 0.1951 -0.7397 0.243 0.6251 0.0561 -0.917 0.2042 -0.3415 0.0281
-0.8544 0.1346 0.4637 0.192 -0.2778 0.5926 0.5967 -0.4642 -0.725 0.2757 0.5755 0.2591 -0.7399 -0.1669 0.6406 0.1193 -0.7126 0.231 0.6216 0.2288 -0.8069 -0.2248 0.5454 -0.0275 -0.8234 -0.2087 -0.5274 0.0186 -0.6758 0.1317 0.6984 0.1951 -0.6434 0.2239 0.7148 0.1581 -0.917 0.2042 -0.3415 0.0281
-0.8544 0.1346 0.4637 0.192 -0.2778 0.5926 0.5967 -0.4642 -0.725 0.2757 0.5755 0.2591 -0.7399 -0.1669 0.6406 0.1193 -0.7126 0.231 0.6216 0.2288 -0.8069 -0.2248 0.5454 -0.0275 -0.8234 -0.2087 -0.5274 0.0186 -0.6758 0.1317 0.6984 0.1951 -0.6434 0.2239 0.7148 0.1581 -0.917 0.2042 -0.3415 0.0281
-0.8544 0.1346 0.4637 0.192 -0.2778 0.5926 0.5967 -0.4642 -0.725 0.2757 0.5755 0.2591 -0.7399 -0.1669 0.6406 0.1193 -0.7126 0.231 0.6216 0.2288 -0.8069 -0.2248 0.5454 -0.0275 -0.8234 -0.2087 -0.5274 0.0186 -0.6758 0.1317 0.6984 0.1951 -0.6434 0.2239 0.7148 0.1581 -0.917 0.2042 -0.3415 0.0281
-0.8544 0.1346 0.4637 0.192 -0.2778 0.5926 0.5967 -0.4642 -0.725 0.2757 0.5755 0.2591 -0.7399 -0.1669 0.6406 0.1193 -0.7126 0.231 0.6216 0.2288 -0.8069 -0.2248 0.5454 -0.0275 -0.8234 -0.2087 -0.5274 0.0186 -0.6758 0.1317 0.6984 0.1951 -0.6434 0.2239 0.7148 0.1581 -0.917 0.2042 -0.3415 0.0281
-0.8658 0.1414 0.4382 0.196 -0.2778 0.5926 0.5967 -0.4642 -0.7148 0.2673 0.5794 0.2861 -0.7399 -0.1669 0.6406 0.1193 -0.7126 0.231 0.6216 0.2288 -0.8069 -0.2248 0.5454 -0.0275 -0.8234 -0.2087 -0.5274 0.0186 -0.6758 0.1317 0.6984 0.1951 -0.6434 0.2239 0.7148 0.1581 -0.917 0.2042 -0.3415 0.0281
-0.8658 0.1414 0.4382 0.196 -0.2778 0.5926 0.5967 -0.4642 -0.7148 0.2673 0.5794 0.2861 -0.7399 -0.1669 0.6406 0.1193 -0.7432 0.2591 0.5794 0.2116 -0.8362 -0.1926 0.5134 -0.0076 -0.8234 -0.2087 -0.5274 0.0186 -0.6758 0.1317 0.6984 0.1951 -0.6434 0.2239 0.7148 0.1581 -0.917 0.2042 -0.3415 0.0281
-0.8658 0.1414 0.4382 0.196 -0.2778 0.5926 0.5967 -0.4642 -0.7148 0.2673 0.5794 0.2861 -0.7399 -0.1669 0.6406 0.1193 -0.7432 0.2591 0.5794 0.2116 -0.8362 -0.1926 0.5134 -0.0076 -0.8234 -0.2087 -0.5274 0.0186 -0.6758 0.1317 0.6984 0.1951 -0.6434 0.2239 0.7148 0.1581 -0.9211 0.1896 -0.3398 0.0143
-0.8658 0.1414 0.4382 0.196 -0.2778 0.5926 0.5967 -0.4642 -0.7148 0.2673 0.5794 0.2861 -0.7399 -0.1669 0.6406 0.1193 -0.7432 0.2591 0.5794 0.2116 -0.8362 -0.1926 0.5134 -0.0076 -0.8234 -0.2087 -0.5274 0.0186 -0.6758 0.1317 0.6984 0.1951 -0.64 0.2355 0.7183 0.1384 -0.9211 0.1896 -0.3398 0.0143
-0.8658 0.1414 0.4382 0.196 -0.2778 0.5926 0.5967 -0.4642 -0.7148 0.2673 0.5794 0.2861 -0.7272 -0.1739 0.6517 0.1276 -0.7432 0.2591 0.5794 0.2116 -0.8362 -0.1926 0.5134 -0.0076 -0.8234 -0.2087 -0.5274 0.0186 -0.6758 0.1317 0.6984 0.1951 -0.64 0.2355 0.7183 0.1384 -0.9211 0.1896 -0.3398 0.0143
-0.8658 0.1414 0.4382 0.196 -0.2778 0.5926 0.5967 -0.4642 -0.7148 0.2673 0.5794 0.2861 -0.7272 -0.1739 0.6517 0.1276 -0.7432 0.2591 0.5794 0.2116 -0.8362 -0.1926 0.5134 -0.0076 -0.8234 -0.2087 -0.5274 0.0186 -0.6758 0.1317 0.6984 0.1951 -0.64 0.2355 0.7183 0.1384 -0.9211 0.1896 -0.3398 0.0143
-0.8658 0.1414 0.4382 0.196 -0.2778 0.5926 0.5967 -0.4642 -0.7148 0.2673 0.5794 0.2861 -0.7272 -0.1739 0.6517 0.1276 -0.7432 0.2591 0.5794 0.2116 -0.8362 -0.1926 0.5134 -0.0076 -0.8234 -0.2087 -0.5274 0.0186 -0.6758 0.1317 0.6984 0.1951 -0.64 0.2355 0.7183 0.1384 -0.9211 0.1896 -0.3398 0.0143
-0.8788 0.143 0.4114 0.1947 -0.3856 0.5665 0.5682 -0.4555 -0.7148 0.2673 0.5794 0.2861 -0.7272 -0.1739 0.6517 0.1276 -0.7432 0.2591 0.5794 0.2116 -0.8362 -0.1926 0.5134 -0.0076 -0.8234 -0.2087 -0.5274 0.0186 -0.6758 0.1317 0.6984 0.1951 -0.64 0.2355 0.7183 0.1384 -0.9211 0.1896 -0.3398 0.0143
-0.8788 0.143 0.4114 0.1947 -0.3856 0.5665 0.5682 -0.4555 -0.7148 0.2673 0.5794 0.2861 -0.7272 -0.1739 0.6517 0.1276 -0.7432 0.2591 0.5794 0.2116 -0.8362 -0.1926 0.5134 -0.0076 -0.8234 -0.2087 -0.5274 0.0186 -0.6758 0.1317 0.6984 0.1951 -0.64 0.2355 0.7183 0.1384 -0.9211 0.1896 -0.3398 0.0143
-0.8788 0.143 0.4114 0.1947 -0.3856 0.5665 0.5682 -0.4555 -0.7148 0.2673 0.5794 0.2861 -0.7272 -0.1739 0.6517 0.1276 -0.7432 0.2591 0.5794 0.2116 -0.8423 -0.1523 0.5148 -0.0492 -0.8234 -0.2087 -0.5274 0.0186 -0.6598 0.152 0.7164 0.1682 -0.64 0.2355 0.7183 0.1384 -0.9211 0.1896 -0.3398 0.0143
-0.8788 0.143 0.4114 0.1947 -0.3856 0.5665 0.5682 -0.4555 -0.7148 0.2673 0.5794 0.2861 -0.7272 -0.1739 0.6517 0.1276 -0.7432 0.2591 0.5794 0.2116 -0.8423 -0.1523 0.5148 -0.0492 -0.8234 -0.2087 -0.5274 0.0186 -0.6598 0.152 0.7164 0.1682 -0.64 0.2355 0.7183 0.1384 -0.9211 0.1896 -0.3398 0.0143
-0.8788 0.143 0.4114 0.1947 -0.3856 0.5665 0.5682 -0.4555 -0.7148 0.2673 0.5794 0.2861 -0.72 -0.161 0.6633 0.1252 -0.7432 0.2591 0.5794 0.2116 -0.8423 -0.1523 0.5148 -0.0492 -0.8234 -0.2087 -0.5274 0.0186 -0.6598 0.152 0.7164 0.1682 -0.64 0.2355 0.7183 0.1384 -0.9211 0.1896 -0.3398 0.0143
-0.8788 0.143 0.4114 0.1947 -0.3856 0.5665 0.5682 -0.4555 -0.7148 0.2673 0.5794 0.2861 -0.72 -0.161 0.6633 0.1252 -0.7432 0.2591 0.5794 0.2116 -0.8423 -0.1523 0.5148 -0.0492 -0.8234 -0.2087 -0.5274 0.0186 -0.6598 0.152 0.7164 0.1682 -0.64 0.2355 0.7183 0.1384 -0.9211 0.1896 -0.3398 0.0143
-0.8788 0.143 0.4114 0.1947 -0.3856 0.5665 0.5682 -0.4555 -0.7148 0.2673 0.5794 0.2861 -0.72 -0.161 0.6633 0.1252 -0.7432 0.2591 0.5794 0.2116 -0.8423 -0.1523 0.5148 -0.0492 -0.8234 -0.2087 -0.5274 0.0186 -0.6598 0.152 0.7164 0.1682 -0.64 0.2355 0.7183 0.1384 -0.9211 0.1896 -0.3398 0.0143
-0.8875 0.147 0.3918 0.1928 -0.4002 0.554 0.5623 -0.4655 -0.7148 0.2673 0.5794 0.2861 -0.72 -0.161 0.6633 0.1252 -0.7432 0.2591 0.5794 0.2116 -0.8423 -0.1523 0.5148 -0.0492 -0.8234 -0.2087 -0.5274 0.0186 -0.6598 0.152 0.7164 0.1682 -0.64 0.2355 0.7183 0.1384 -0.9211 0.1896 -0.3398 0.0143
-0.8875 0.147 0.3918 0.1928 -0.4002 0.554 0.5623 -0.4655 -0.7148 0.2673 0.5794 0.2861 -0.72 -0.161 0.6633 0.1252 -0.7432 0.2591 0.5794 0.2116 -0.8423 -0.1523 0.5148 -0.0492 -0.8234 -0.2087 -0.5274 0.0186 -0.6598 0.152 0.7164 0.1682 -0.64 0.2355 0.7183 0.1384 -0.9211 0.1896 -0.3398 0.0143
-0.8875 0.147 0.3918 0.1928 -0.4002 0.554 0.5623 -0.4655 -0.6987 0.2636 0.6016 0.2836 -0.72 -0.161 0.6633 0.1252 -0.7759 0.2858 0.5465 0.1323 -0.8301 -0.1169 0.5331 -0.1144 -0.8234 -0.2087 -0.5274 0.0186 -0.6592 0.1559 0.7197 0.1521 -0.6456 0.2517 0.7127 0.1089 -0.9211 0.1896 -0.3398 0.0143
-0.8875 0.147 0.3918 0.1928 -0.4002 0.554 0.5623 -0.4655 -0.6987 0.2636 0.6016 0.2836 -0.72 -0.161 0.6633 0.1252 -0.7759 0.2858 0.5465 0.1323 -0.8301 -0.1169 0.5331 -0.1144 -0.8234 -0.2087 -0.5274 0.0186 -0.6592 0.1559 0.7197 0.1521 -0.6456 0.2517 0.7127 0.1089 -0.9211 0.1896 -0.3398 0.0143
-0.8875 0.147 0.3918 0.1928 -0.4002 0.554 0.5623 -0.4655 -0.6987 0.2636 0.6016 0.2836 -0.7227 -0.1557 0.6644 0.1096 -0.7759 0.2858 0.5465 0.1323 -0.8301 -0.1169 0.5331 -0.1144 -0.8234 -0.2087 -0.5274 0.0186 -0.6592 0.1559 0.7197 0.1521 -0.6456 0.2517 0.7127 0.1089 -0.9211 0.1896 -0.3398 0.0143
-0.8875 0.147 0.3918 0.1928 -0.4035 0.5485 0.5621 -0.4694 -0.6987 0.2636 0.6016 0.2836 -0.7227 -0.1557 0.6644 0.1096 -0.7759 0.2858 0.5465 0.1323 -0.8301 -0.1169 0.5331 -0.1144 -0.8234 -0.2087 -0.5274 0.0186 -0.6592 0.1559 0.7197 0.1521 -0.6456 0.2517 0.7127 0.1089 -0.9211 0.1896 -0.3398 0.0143
-0.8929 0.1462 0.382 0.1881 -0.4035 0.5485 0.5621 -0.4694 -0.6987 0.2636 0.6016 0.2836 -0.7227 -0.1557 0.6644 0.1096 -0.7759 0.2858 0.5465 0.1323 -0.8301 -0.1169 0.5331 -0.1144 -0.8234 -0.2087 -0.5274 0.0186 -0.6592 0.1559 0.7197 0.1521 -0.6456 0.2517 0.7127 0.1089 -0.9211 0.1896 -0.3398 0.0143
-0.8929 0.1462 0.382 0.1881 -0.4035 0.5485 0.5621 -0.4694 -0.6984 0.2583 0.6158 0.2575 -0.7227 -0.1557 0.6644 0.1096 -0.7759 0.2858 0.5465 0.1323 -0.8301 -0.1169 0.5331 -0.1144 -0.8234 -0.2087 -0.5274 0.0186 -0.6592 0.1559 0.7197 0.1521 -0.6456 0.2517 0.7127 0.1089 -0.9211 0.1896 -0.3398 0.0143
-0.8929 0.1462 0.382 0.1881 -0.4035 0.5485 0.5621 -0.4694 -0.6984 0.2583 0.6158 0.2575 -0.7227 -0.1557 0.6644 0.1096 -0.7759 0.2858 0.5465 0.1323 -0.8301 -0.1169 0.5331 -0.1144 -0.8234 -0.2087 -0.5274 0.0186 -0.6592 0.1559 0.7197 0.1521 -0.6456 0.2517 0.7127 0.1089 -0.9211 0.1896 -0.3398 0.0143
-0.8929 0.1462 0.382 0.1881 -0.4035 0.5485 0.5621 -0.4694 -0.6984 0.2583 0.6158 0.2575 -0.7227 -0.1557 0.6644 0.1096 -0.7759 0.2858 0.5465 0.1323 -0.8301 -0.1169 0.5331 -0.1144 -0.8234 -0.2087 -0.5274 0.0186 -0.6592 0.1559 0.7197 0.1521 -0.6456 0.2517 0.7127 0.1089 -0.9203 0.1752 -0.3497 -0.0023
-0.8929 0.1462 0.382 0.1881 -0.4035 0.5485 0.5621 -0.4694 -0.6984 0.2583 0.6158 0.2575 -0.7282 -0.1594 0.6609 0.0864 -0.7759 0.2858 0.5465 0.1323 -0.8301 -0.1169 0.5331 -0.1144 -0.8234 -0.2087 -0.5274 0.0186 -0.6592 0.1559 0.7197 0.1521 -0.6456 0.2517 0.7127 0.1089 -0.9203 0.1752 -0.3497 -0.0023
-0.8929 0.1462 0.382 0.1881 -0.4035 0.5485 0.5621 -0.4694 -0.6984 0.2583 0.6158 0.2575 -0.7282 -0.1594 0.6609 0.0864 -0.7759 0.2858 0.5465 0.1323 -0.8301 -0.1169 0.5331 -0.1144 -0.8234 -0.2087 -0.5274 0.0186 -0.6592 0.1559 0.7197 0.1521 -0.6456 0.2517 0.7127 0.1089 -0.9203 0.1752 -0.3497 -0.0023
-0.8929 0.1462 0.382 0.1881 -0.4035 0.5485 0.5621 -0.4694 -0.6984 0.2583 0.6158 0.2575 -0.7282 -0.1594 0.6609 0.0864 -0.7759 0.2858 0.5465 0.1323 -0.8301 -0.1169 0.5331 -0.1144 -0.8234 -0.2087 -0.5274 0.0186 -0.6592 0.1559 0.7197 0.1521 -0.6456 0.2517 0.7127 0.1089 -0.9203 0.1752 -0.3497 -0.0023
-0.9007 0.1453 0.3724 0.1702 -0.3959 0.5381 0.5666 -0.4824 -0.6984 0.2583 0.6158 0.2575 -0.7282 -0.1594 0.6609 0.0864 -0.7759 0.2858 0.5465 0.1323 -0.8301 -0.1169 0.5331 -0.1144 -0.8234 -0.2087 -0.5274 0.0186 -0.6592 0.1559 0.7197 0.1521 -0.6456 0.2517 0.7127 0.1089 -0.9203 0.1752 -0.3497 -0.0023
-0.9007 0.1453 0.3724 0.1702 -0.3959 0.5381 0.5666 -0.4824 -0.6984 0.2583 0.6158 0.2575 -0.7282 -0.1594 0.6609 0.0864 -0.7759 0.2858 0.5465 0.1323 -0.8301 -0.1169 0.5331 -0.1144 -0.8234 -0.2087 -0.5274 0.0186 -0.6592 0.1559 0.7197 0.1521 -0.6456 0.2517 0.7127 0.1089 -0.9203 0.1752 -0.3497 -0.0023
-0.9007 0.1453 0.3724 0.1702 -0.3959 0.5381 0.5666 -0.4824 -0.7076 0.2533 0.6237 0.2149 -0.7282 -0.1594 0.6609 0.0864 -0.7759 0.2858 0.5465 0.1323 -0.8301 -0.1169 0.5331 -0.1144 -0.8234 -0.2087 -0.5274 0.0186 -0.6592 0.1559 0.7197 0.1521 -0.6456 0.2517 0.7127 0.1089 -0.9203 0.1752 -0.3497 -0.0023
-0.9007 0.1453 0.3724 0.1702 -0.3959 0.5381 0.5666 -0.4824 -0.7076 0.2533 0.6237 0.2149 -0.7282 -0.1594 0.6609 0.0864 -0.7759 0.2858 0.5465 0.1323 -0.7573 -0.0369 0.6324 -0.1583 -0.8234 -0.2087 -0.5274 0.0186 -0.6592 0.1559 0.7197 0.1521 -0.6456 0.2517 0.7127 0.1089 -0.9189 0.1696 -0.3558 -0.0085
-0.9007 0.1453 0.3724 0.1702 -0.3959 0.5381 0.5666 -0.4824 -0.7076 0.2533 0.6237 0.2149 -0.7354 -0.1635 0.6555 0.0526 -0.7759 0.2858 0.5465 0.1323 -0.7573 -0.0369 0.6324 -0.1583 -0.8234 -0.2087 -0.5274 0.0186 -0.6592 0.1559 0.7197 0.1521 -0.6456 0.2517 0.7127 0.1089 -0.9189 0.1696 -0.3558 -0.0085
-0.9007 0.1453 0.3724 0.1702 -0.3959 0.5381 0.5666 -0.4824 -0.7076 0.2533 0.6237 0.2149 -0.7354 -0.1635 0.6555 0.0526 -0.7759 0.2858 0.5465 0.1323 -0.7573 -0.0369 0.6324 -0.1583 -0.8234 -0.2087 -0.5274 0.0186 -0.6592 0.1559 0.7197 0.1521 -0.6456 0.2517 0.7127 0.1089 -0.9189 0.1696 -0.3558 -0.0085
-0.9007 0.1453 0.3724 0.1702 -0.3959 0.5381 0.5666 -0.4824 -0.7076 0.2533 0.6237 0.2149 -0.7354 -0.1635 0.6555 0.0526 -0.7759 0.2858 0.5465 0.1323 -0.7573 -0.0369 0.6324 -0.1583 -0.8234 -0.2087 -0.5274 0.0186 -0.6592 0.1559 0.7197 0.1521 -0.6456 0.2517 0.7127 0.1089 -0.9189 0.1696 -0.3558 -0.0085
-0.9007 0.1453 0.3724 0.1702 -0.379 0.5306 0.5785 -0.4901 -0.7076 0.2533 0.6237 0.2149 -0.7354 -0.1635 0.6555 0.0526 -0.7759 0.2858 0.5465 0.1323 -0.7573 -0.0369 0.6324 -0.1583 -0.8234 -0.2087 -0.5274 0.0186 -0.6592 0.1559 0.7197 0.1521 -0.6456 0.2517 0.7127 0.1089 -0.9189 0.1696 -0.3558 -0.0085
-0.9007 0.1453 0.3724 0.1702 -0.379 0.5306 0.5785 -0.4901 -0.7076 0.2533 0.6237 0.2149 -0.7354 -0.1635 0.6555 0.0526 -0.7759 0.2858 0.5465 0.1323 -0.7573 -0.0369 0.6324 -0.1583 -0.8234 -0.2087 -0.5274 0.0186 -0.6592 0.1559 0.7197 0.1521 -0.6456 0.2517 0.7127 0.1089 -0.9189 0.1696 -0.3558 -0.0085
-0.9015 0.1354 0.3832 0.1488 -0.379 0.5306 0.5785 -0.4901 -0.7167 0.2435 0.6277 0.1815 -0.7354 -0.1635 0.6555 0.0526 -0.7205 0.3019 0.6227 0.0444 -0.7573 -0.0369 0.6324 -0.1583 -0.8234 -0.2087 -0.5274 0.0186 -0.6592 0.1559 0.7197 0.1521 -0.6456 0.2517 0.7127 0.1089 -0.9189 0.1696 -0.3558 -0.0085
-0.9015 0.1354 0.3832 0.1488 -0.379 0.5306 0.5785 -0.4901 -0.7167 0.2435 0.6277 0.1815 -0.7354 -0.1635 0.6555 0.0526 -0.7205 0.3019 0.6227 0.0444 -0.7573 -0.0369 0.6324 -0.1583 -0.8234 -0.2087 -0.5274 0.0186 -0.6592 0.1559 0.7197 0.1521 -0.6456 0.2517 0.7127 0.1089 -0.9176 0.1667 -0.3604 -0.0165
-0.9015 0.1354 0.3832 0.1488 -0.379 0.5306 0.5785 -0.4901 -0.7167 0.2435 0.6277 0.1815 -0.7354 -0.1635 0.6555 0.0526 -0.7205 0.3019 0.6227 0.0444 -0.7573 -0.0369 0.6324 -0.1583 -0.8234 -0.2087 -0.5274 0.0186 -0.6592 0.1559 0.7197 0.1521 -0.6456 0.2517 0.7127 0.1089 -0.9176 0.1667 -0.3604 -0.0165
-0.9015 0.1354 0.3832 0.1488 -0.379 0.5306 0.5785 -0.4901 -0.7167 0.2435 0.6277 0.1815 -0.7537 -0.1687 0.635 0.0128 -0.7205 0.3019 0.6227 0.0444 -0.7573 -0.0369 0.6324 -0.1583 -0.8234 -0.2087 -0.5274 0.0186 -0.6592 0.1559 0.7197 0.1521 -0.6456 0.2517 0.7127 0.1089 -0.9176 0.1667 -0.3604 -0.0165
-0.9015 0.1354 0.3832 0.1488 -0.379 0.5306 0.5785 -0.4901 -0.7167 0.2435 0.6277 0.1815 -0.7537 -0.1687 0.635 0.0128 -0.7205 0.3019 0.6227 0.0444 -0.7573 -0.0369 0.6324 -0.1583 -0.8234 -0.2087 -0.5274 0.0186 -0.6592 0.1559 0.7197 0.1521 -0.6456 0.2517 0.7127 0.1089 -0.9176 0.1667 -0.3604 -0.0165
-0.8969 0.1255 0.4093 0.111 -0.3391 0.5267 0.6 -0.4976 -0.7167 0.2435 0.6277 0.1815 -0.7537 -0.1687 0.635 0.0128 -0.7205 0.3019 0.6227 0.0444 -0.7573 -0.0369 0.6324 -0.1583 -0.8234 -0.2087 -0.5274 0.0186 -0.6592 0.1559 0.7197 0.1521 -0.6456 0.2517 0.7127 0.1089 -0.9176 0.1667 -0.3604 -0.0165
-0.8969 0.1255 0.4093 0.111 -0.3391 0.5267 0.6 -0.4976 -0.7167 0.2435 0.6277 0.1815 -0.7537 -0.1687 0.635 0.0128 -0.7205 0.3019 0.6227 0.0444 -0.7573 -0.0369 0.6324 -0.1583 -0.8234 -0.2087 -0.5274 0.0186 -0.6592 0.1559 0.7197 0.1521 -0.6456 0.2517 0.7127 0.1089 -0.9176 0.1667 -0.3604 -0.0165
-0.8969 0.1255 0.4093 0.111 -0.3391 0.5267 0.6 -0.4976 -0.7311 0.2334 0.6265 0.1365 -0.7537 -0.1687 0.635 0.0128 -0.6898 0.2702 0.6699 0.0482 -0.7573 -0.0369 0.6324 -0.1583 -0.8234 -0.2087 -0.5274 0.0186 -0.6915 0.1258 0.7098 0.0472 -0.6456 0.2517 0.7127 0.1089 -0.9176 0.1667 -0.3604 -0.0165
-0.8969 0.1255 0.4093 0.111 -0.3391 0.5267 0.6 -0.4976 -0.7311 0.2334 0.6265 0.1365 -0.7537 -0.1687 0.635 0.0128 -0.6898 0.2702 0.6699 0.0482 -0.7208 -0.1467 0.6528 -0.1811 -0.8234 -0.2087 -0.5274 0.0186 -0.6915 0.1258 0.7098 0.0472 -0.6456 0.2517 0.7127 0.1089 -0.9176 0.1667 -0.3604 -0.0165
-0.8969 0.1255 0.4093 0.111 -0.3391 0.5267 0.6 -0.4976 -0.7311 0.2334 0.6265 0.1365 -0.7792 -0.1802 0.6 -0.0184 -0.6898 0.2702 0.6699 0.0482 -0.7208 -0.1467 0.6528 -0.1811 -0.8234 -0.2087 -0.5274 0.0186 -0.6915 0.1258 0.7098 0.0472 -0.6456 0.2517 0.7127 0.1089 -0.9124 0.1712 -0.3715 -0.0183
-0.8969 0.1255 0.4093 0.111 -0.3391 0.5267 0.6 -0.4976 -0.7311 0.2334 0.6265 0.1365 -0.7792 -0.1802 0.6 -0.0184 -0.6898 0.2702 0.6699 0.0482 -0.7208 -0.1467 0.6528 -0.1811 -0.8234 -0.2087 -0.5274 0.0186 -0.6915 0.1258 0.7098 0.0472 -0.6456 0.2517 0.7127 0.1089 -0.9124 0.1712 -0.3715 -0.0183
-0.8969 0.1255 0.4093 0.111 -0.2807 0.5254 0.6297 -0.4986 -0.7311 0.2334 0.6265 0.1365 -0.7792 -0.1802 0.6 -0.0184 -0.6898 0.2702 0.6699 0.0482 -0.7208 -0.1467 0.6528 -0.1811 -0.8234 -0.2087 -0.5274 0.0186 -0.6915 0.1258 0.7098 0.0472 -0.6456 0.2517 0.7127 0.1089 -0.9124 0.1712 -0.3715 -0.0183
-0.8811 0.1127 0.454 0.0701 -0.2807 0.5254 0.6297 -0.4986 -0.7311 0.2334 0.6265 0.1365 -0.7792 -0.1802 0.6 -0.0184 -0.6898 0.2702 0.6699 0.0482 -0.7208 -0.1467 0.6528 -0.1811 -0.8234 -0.2087 -0.5274 0.0186 -0.6915 0.1258 0.7098 0.0472 -0.6456 0.2517 0.7127 0.1089 -0.9124 0.1712 -0.3715 -0.0183
-0.8811 0.1127 0.454 0.0701 -0.2807 0.5254 0.6297 -0.4986 -0.7311 0.2334 0.6265 0.1365 -0.7792 -0.1802 0.6 -0.0184 -0.6898 0.2702 0.6699 0.0482 -0.7208 -0.1467 0.6528 -0.1811 -0.8234 -0.2087 -0.5274 0.0186 -0.6915 0.1258 0.7098 0.0472 -0.6456 0.2517 0.7127 0.1089 -0.9124 0.1712 -0.3715 -0.0183
-0.8811 0.1127 0.454 0.0701 -0.2807 0.5254 0.6297 -0.4986 -0.7457 0.2344 0.6168 0.0926 -0.7792 -0.1802 0.6 -0.0184 -0.6811 0.2564 0.6835 0.0573 -0.7235 -0.2012 0.6366 -0.1756 -0.8234 -0.2087 -0.5274 0.0186 -0.7089 0.1025 0.6945 0.0681 -0.6456 0.2517 0.7127 0.1089 -0.9124 0.1712 -0.3715 -0.0183
-0.8811 0.1127 0.454 0.0701 -0.2807 0.5254 0.6297 -0.4986 -0.7457 0.2344 0.6168 0.0926 -0.7792 -0.1802 0.6 -0.0184 -0.6811 0.2564 0.6835 0.0573 -0.7235 -0.2012 0.6366 -0.1756 -0.8234 -0.2087 -0.5274 0.0186 -0.7089 0.1025 0.6945 0.0681 -0.6456 0.2517 0.7127 0.1089 -0.8483 0.1962 -0.491 -0.0278
-0.8811 0.1127 0.454 0.0701 -0.2807 0.5254 0.6297 -0.4986 -0.7457 0.2344 0.6168 0.0926 -0.7968 -0.2023 0.5654 -0.0672 -0.6811 0.2564 0.6835 0.0573 -0.7235 -0.2012 0.6366 -0.1756 -0.8234 -0.2087 -0.5274 0.0186 -0.7089 0.1025 0.6945 0.0681 -0.7358 0.2864 0.6135 -0.0132 -0.8483 0.1962 -0.491 -0.0278
-0.8811 0.1127 0.454 0.0701 -0.2807 0.5254 0.6297 -0.4986 -0.7457 0.2344 0.6168 0.0926 -0.7968 -0.2023 0.5654 -0.0672 -0.6811 0.2564 0.6835 0.0573 -0.7235 -0.2012 0.6366 -0.1756 -0.8234 -0.2087 -0.5274 0.0186 -0.7089 0.1025 0.6945 0.0681 -0.7358 0.2864 0.6135 -0.0132 -0.8483 0.1962 -0.491 -0.0278
-0.8811 0.1127 0.454 0.0701 -0.2807 0.5254 0.6297 -0.4986 -0.7457 0.2344 0.6168 0.0926 -0.7968 -0.2023 0.5654 -0.0672 -0.6811 0.2564 0.6835 0.0573 -0.7235 -0.2012 0.6366 -0.1756 -0.8234 -0.2087 -0.5274 0.0186 -0.7089 0.1025 0.6945 0.0681 -0.7358 0.2864 0.6135 -0.0132 -0.8483 0.1962 -0.491 -0.0278
-0.863 0.1033 0.4915 0.0554 -0.2391 0.5371 0.645 -0.4882 -0.7457 0.2344 0.6168 0.0926 -0.7968 -0.2023 0.5654 -0.0672 -0.6811 0.2564 0.6835 0.0573 -0.7235 -0.2012 0.6366 -0.1756 -0.8234 -0.2087 -0.5274 0.0186 -0.7089 0.1025 0.6945 0.0681 -0.7358 0.2864 0.6135 -0.0132 -0.8483 0.1962 -0.491 -0.0278
-0.863 0.1033 0.4915 0.0554 -0.2391 0.5371 0.645 -0.4882 -0.7457 0.2344 0.6168 0.0926 -0.7968 -0.2023 0.5654 -0.0672 -0.6811 0.2564 0.6835 0.0573 -0.7235 -0.2012 0.6366 -0.1756 -0.8234 -0.2087 -0.5274 0.0186 -0.7089 0.1025 0.6945 0.0681 -0.7358 0.2864 0.6135 -0.0132 -0.8483 0.1962 -0.491 -0.0278
-0.863 0.1033 0.4915 0.0554 -0.2391 0.5371 0.645 -0.4882 -0.7457 0.2344 0.6168 0.0926 -0.7968 -0.2023 0.5654 -0.0672 -0.6811 0.2564 0.6835 0.0573 -0.7235 -0.2012 0.6366 -0.1756 -0.8234 -0.2087 -0.5274 0.0186 -0.7089 0.1025 0.6945 0.0681 -0.7358 0.2864 0.6135 -0.0132 -0.8483 0.1962 -0.491 -0.0278
-0.863 0.1033 0.4915 0.0554 -0.2391 0.5371 0.645 -0.4882 -0.7539 0.2615 0.5977 0.0776 -0.7968 -0.2023 0.5654 -0.0672 -0.675 0.2264 0.6967 0.0876 -0.72 -0.208 0.6417 -0.1625 -0.8234 -0.2087 -0.5274 0.0186 -0.7314 0.0502 0.673 0.0976 -0.7358 0.2864 0.6135 -0.0132 -0.8239 0.1931 -0.526 -0.0847
-0.863 0.1033 0.4915 0.0554 -0.2391 0.5371 0.645 -0.4882 -0.7539 0.2615 0.5977 0.0776 -0.7968 -0.2023 0.5654 -0.0672 -0.675 0.2264 0.6967 0.0876 -0.72 -0.208 0.6417 -0.1625 -0.8234 -0.2087 -0.5274 0.0186 -0.7314 0.0502 0.673 0.0976 -0.7457 0.3116 0.5871 -0.0463 -0.8239 0.1931 -0.526 -0.0847
-0.863 0.1033 0.4915 0.0554 -0.2391 0.5371 0.645 -0.4882 -0.7539 0.2615 0.5977 0.0776 -0.8137 -0.1954 0.5466 -0.0306 -0.675 0.2264 0.6967 0.0876 -0.72 -0.208 0.6417 -0.1625 -0.8234 -0.2087 -0.5274 0.0186 -0.7314 0.0502 0.673 0.0976 -0.7457 0.3116 0.5871 -0.0463 -0.8239 0.1931 -0.526 -0.0847
-0.863 0.1033 0.4915 0.0554 -0.2391 0.5371 0.645 -0.4882 -0.7539 0.2615 0.5977 0.0776 -0.8137 -0.1954 0.5466 -0.0306 -0.675 0.2264 0.6967 0.0876 -0.72 -0.208 0.6417 -0.1625 -0.8234 -0.2087 -0.5274 0.0186 -0.7314 0.0502 0.673 0.0976 -0.7457 0.3116 0.5871 -0.0463 -0.8239 0.1931 -0.526 -0.0847
-0.8542 0.1088 0.5061 0.0484 -0.2227 0.5452 0.6442 -0.4882 -0.7539 0.2615 0.5977 0.0776 -0.8137 -0.1954 0.5466 -0.0306 -0.675 0.2264 0.6967 0.0876 -0.72 -0.208 0.6417 -0.1625 -0.8234 -0.2087 -0.5274 0.0186 -0.7314 0.0502 0.673 0.0976 -0.7457 0.3116 0.5871 -0.0463 -0.8239 0.1931 -0.526 -0.0847
-0.8542 0.1088 0.5061 0.0484 -0.2227 0.5452 0.6442 -0.4882 -0.7539 0.2615 0.5977 0.0776 -0.8137 -0.1954 0.5466 -0.0306 -0.675 0.2264 0.6967 0.0876 -0.72 -0.208 0.6417 -0.1625 -0.8234 -0.2087 -0.5274 0.0186 -0.7314 0.0502 0.673 0.0976 -0.7457 0.3116 0.5871 -0.0463 -0.8239 0.1931 -0.526 -0.0847
-0.8542 0.1088 0.5061 0.0484 -0.2227 0.5452 0.6442 -0.4882 -0.7539 0.2615 0.5977 0.0776 -0.8137 -0.1954 0.5466 -0.0306 -0.675 0.2264 0.6967 0.0876 -0.72 -0.208 0.6417 -0.1625 -0.8234 -0.2087 -0.5274 0.0186 -0.7314 0.0502 0.673 0.0976 -0.7457 0.3116 0.5871 -0.0463 -0.8239 0.1931 -0.526 -0.0847
-0.8542 0.1088 0.5061 0.0484 -0.2227 0.5452 0.6442 -0.4882 -0.772 0.2612 0.5757 0.0654 -0.8137 -0.1954 0.5466 -0.0306 -0.6703 0.1962 0.7076 0.1072 -0.7117 -0.2318 0.6421 -0.1658 -0.8234 -0.2087 -0.5274 0.0186 -0.7324 0.0403 0.6655 0.1385 -0.7457 0.3116 0.5871 -0.0463 -0.8239 0.1931 -0.526 -0.0847
-0.8542 0.1088 0.5061 0.0484 -0.2227 0.5452 0.6442 -0.4882 -0.772 0.2612 0.5757 0.0654 -0.8137 -0.1954 0.5466 -0.0306 -0.6703 0.1962 0.7076 0.1072 -0.7117 -0.2318 0.6421 -0.1658 -0.8234 -0.2087 -0.5274 0.0186 -0.7324 0.0403 0.6655 0.1385 -0.7457 0.3116 0.5871 -0.0463 -0.8239 0.1931 -0.526 -0.0847
-0.8542 0.1088 0.5061 0.0484 -0.2227 0.5452 0.6442 -0.4882 -0.772 0.2612 0.5757 0.0654 -0.8167 -0.2275 0.5304 -9.0E-4 -0.6703 0.1962 0.7076 0.1072 -0.7117 -0.2318 0.6421 -0.1658 -0.8234 -0.2087 -0.5274 0.0186 -0.7324 0.0403 0.6655 0.1385 -0.7457 0.3116 0.5871 -0.0463 -0.8239 0.1931 -0.526 -0.0847
-0.8542 0.1088 0.5061 0.0484 -0.2054 0.5458 0.6481 -0.4899 -0.772 0.2612 0.5757 0.0654 -0.8167 -0.2275 0.5304 -9.0E-4 -0.6703 0.1962 0.7076 0.1072 -0.7117 -0.2318 0.6421 -0.1658 -0.8234 -0.2087 -0.5274 0.0186 -0.7324 0.0403 0.6655 0.1385 -0.7457 0.3116 0.5871 -0.0463 -0.8239 0.1931 -0.526 -0.0847
-0.8486 0.1069 0.5169 0.0362 -0.2054 0.5458 0.6481 -0.4899 -0.772 0.2612 0.5757 0.0654 -0.8167 -0.2275 0.5304 -9.0E-4 -0.6703 0.1962 0.7076 0.1072 -0.7117 -0.2318 0.6421 -0.1658 -0.8234 -0.2087 -0.5274 0.0186 -0.7324 0.0403 0.6655 0.1385 -0.7457 0.3116 0.5871 -0.0463 -0.8239 0.1931 -0.526 -0.0847
-0.8486 0.1069 0.5169 0.0362 -0.2054 0.5458 0.6481 -0.4899 -0.7901 0.2495 0.5564 0.0623 -0.8167 -0.2275 0.5304 -9.0E-4 -0.6703 0.17 0.7133 0.1138 -0.7117 -0.2318 0.6421 -0.1658 -0.8234 -0.2087 -0.5274 0.0186 -0.7324 0.0403 0.6655 0.1385 -0.7457 0.3116 0.5871 -0.0463 -0.8239 0.1931 -0.526 -0.0847
-0.8486 0.1069 0.5169 0.0362 -0.2054 0.5458 0.6481 -0.4899 -0.7901 0.2495 0.5564 0.0623 -0.8167 -0.2275 0.5304 -9.0E-4 -0.6703 0.17 0.7133 0.1138 -0.7117 -0.2318 0.6421 -0.1658 -0.8234 -0.2087 -0.5274 0.0186 -0.7324 0.0403 0.6655 0.1385 -0.7457 0.3116 0.5871 -0.0463 -0.8239 0.1931 -0.526 -0.0847
-0.8486 0.1069 0.5169 0.0362 -0.2054 0.5458 0.6481 -0.4899 -0.7901 0.2495 0.5564 0.0623 -0.8167 -0.2275 0.5304 -9.0E-4 -0.6703 0.17 0.7133 0.1138 -0.7117 -0.2318 0.6421 -0.1658 -0.8234 -0.2087 -0.5274 0.0186 -0.7324 0.0403 0.6655 0.1385 -0.7457 0.3116 0.5871 -0.0463 -0.8239 0.1931 -0.526 -0.0847
-0.8486 0.1069 0.5169 0.0362 -0.2054 0.5458 0.6481 -0.4899 -0.7901 0.2495 0.5564 0.0623 -0.8167 -0.2275 0.5304 -9.0E-4 -0.6703 0.17 0.7133 0.1138 -0.7117 -0.2318 0.6421 -0.1658 -0.9321 -0.1206 -0.3415 -0.0068 -0.7324 0.0403 0.6655 0.1385 -0.7296 0.2388 0.6354 0.0834 -0.8943 0.1846 -0.4077 -0.0016
-0.8486 0.1069 0.5169 0.0362 -0.2054 0.5458 0.6481 -0.4899 -0.7901 0.2495 0.5564 0.0623 -0.8138 -0.2515 0.5235 0.0172 -0.6703 0.17 0.7133 0.1138 -0.7117 -0.2318 0.6421 -0.1658 -0.9321 -0.1206 -0.3415 -0.0068 -0.7324 0.0403 0.6655 0.1385 -0.7296 0.2388 0.6354 0.0834 -0.8943 0.1846 -0.4077 -0.0016
-0.8486 0.1069 0.5169 0.0362 -0.2021 0.5349 0.6529 -0.4966 -0.7901 0.2495 0.5564 0.0623 -0.8138 -0.2515 0.5235 0.0172 -0.6703 0.17 0.7133 0.1138 -0.7117 -0.2318 0.6421 -0.1658 -0.9321 -0.1206 -0.3415 -0.0068 -0.7324 0.0403 0.6655 0.1385 -0.7296 0.2388 0.6354 0.0834 -0.8943 0.1846 -0.4077 -0.0016
-0.8486 0.1069 0.5169 0.0362 -0.2021 0.5349 0.6529 -0.4966 -0.7901 0.2495 0.5564 0.0623 -0.8138 -0.2515 0.5235 0.0172 -0.6703 0.17 0.7133 0.1138 -0.7117 -0.2318 0.6421 -0.1658 -0.9321 -0.1206 -0.3415 -0.0068 -0.7324 0.0403 0.6655 0.1385 -0.7296 0.2388 0.6354 0.0834 -0.8943 0.1846 -0.4077 -0.0016
-0.8486 0.1069 0.5169 0.0362 -0.2021 0.5349 0.6529 -0.4966 -0.7901 0.2495 0.5564 0.0623 -0.8138 -0.2515 0.5235 0.0172 -0.6703 0.17 0.7133 0.1138 -0.7117 -0.2318 0.6421 -0.1658 -0.9321 -0.1206 -0.3415 -0.0068 -0.7324 0.0403 0.6655 0.1385 -0.7296 0.2388 0.6354 0.0834 -0.8943 0.1846 -0.4077 -0.0016
-0.8486 0.1069 0.5169 0.0362 -0.2021 0.5349 0.6529 -0.4966 -0.7901 0.2495 0.5564 0.0623 -0.8138 -0.2515 0.5235 0.0172 -0.6703 0.17 0.7133 0.1138 -0.7117 -0.2318 0.6421 -0.1658 -0.9321 -0.1206 -0.3415 -0.0068 -0.7324 0.0403 0.6655 0.1385 -0.7296 0.2388 0.6354 0.0834 -0.8943 0.1846 -0.4077 -0.0016
-0.8486 0.1069 0.5169 0.0362 -0.2021 0.5349 0.6529 -0.4966 -0.7901 0.2495 0.5564 0.0623 -0.8138 -0.2515 0.5235 0.0172 -0.6703 0.17 0.7133 0.1138 -0.7175 -0.257 0.6318 -0.1413 -0.9298 -0.1201 -0.3479 -0.0032 -0.7349 0.0365 0.6518 0.1839 -0.7296 0.2388 0.6354 0.0834 -0.9184 0.2061 -0.3375 0.0123
-0.8486 0.1069 0.5169 0.0362 -0.2021 0.5349 0.6529 -0.4966 -0.7901 0.2495 0.5564 0.0623 -0.8044 -0.2645 0.5314 0.0251 -0.6703 0.17 0.7133 0.1138 -0.7175 -0.257 0.6318 -0.1413 -0.9298 -0.1201 -0.3479 -0.0032 -0.7349 0.0365 0.6518 0.1839 -0.7296 0.2388 0.6354 0.0834 -0.9184 0.2061 -0.3375 0.0123
-0.8486 0.1069 0.5169 0.0362 -0.2021 0.5349 0.6529 -0.4966 -0.7901 0.2495 0.5564 0.0623 -0.8044 -0.2645 0.5314 0.0251 -0.6703 0.17 0.7133 0.1138 -0.7175 -0.257 0.6318 -0.1413 -0.9298 -0.1201 -0.3479 -0.0032 -0.7349 0.0365 0.6518 0.1839 -0.7296 0.2388 0.6354 0.0834 -0.9184 0.2061 -0.3375 0.0123
-0.8486 0.1069 0.5169 0.0362 -0.2141 0.532 0.6525 -0.4954 -0.7901 0.2495 0.5564 0.0623 -0.8044 -0.2645 0.5314 0.0251 -0.6703 0.17 0.7133 0.1138 -0.7175 -0.257 0.6318 -0.1413 -0.9298 -0.1201 -0.3479 -0.0032 -0.7349 0.0365 0.6518 0.1839 -0.7296 0.2388 0.6354 0.0834 -0.9184 0.2061 -0.3375 0.0123
-0.8486 0.1069 0.5169 0.0362 -0.2141 0.532 0.6525 -0.4954 -0.7901 0.2495 0.5564 0.0623 -0.8044 -0.2645 0.5314 0.0251 -0.6703 0.17 0.7133 0.1138 -0.7175 -0.257 0.6318 -0.1413 -0.9298 -0.1201 -0.3479 -0.0032 -0.7349 0.0365 0.6518 0.1839 -0.7296 0.2388 0.6354 0.0834 -0.9184 0.2061 -0.3375 0.0123
-0.8486 0.1069 0.5169 0.0362 -0.2141 0.532 0.6525 -0.4954 -0.7901 0.2495 0.5564 0.0623 -0.8044 -0.2645 0.5314 0.0251 -0.6703 0.17 0.7133 0.1138 -0.7175 -0.257 0.6318 -0.1413 -0.9298 -0.1201 -0.3479 -0.0032 -0.7349 0.0365 0.6518 0.1839 -0.7296 0.2388 0.6354 0.0834 -0.9184 0.2061 -0.3375 0.0123
-0.8486 0.1069 0.5169 0.0362 -0.2141 0.532 0.6525 -0.4954 -0.7901 0.2495 0.5564 0.0623 -0.8044 -0.2645 0.5314 0.0251 -0.6688 0.1701 0.7053 0.1626 -0.7311 -0.2529 0.6234 -0.1139 -0.9298 -0.1201 -0.3479 -0.0032 -0.7267 0.0333 0.6548 0.2053 -0.7296 0.2388 0.6354 0.0834 -0.9278 0.2407 -0.285 -0.0077
-0.8486 0.1069 0.5169 0.0362 -0.2141 0.532 0.6525 -0.4954 -0.7901 0.2495 0.5564 0.0623 -0.8044 -0.2645 0.5314 0.0251 -0.6688 0.1701 0.7053 0.1626 -0.7311 -0.2529 0.6234 -0.1139 -0.9298 -0.1201 -0.3479 -0.0032 -0.7267 0.0333 0.6548 0.2053 -0.7296 0.2388 0.6354 0.0834 -0.9278 0.2407 -0.285 -0.0077
-0.8486 0.1069 0.5169 0.0362 -0.2141 0.532 0.6525 -0.4954 -0.7901 0.2495 0.5564 0.0623 -0.7937 -0.264 0.5471 0.0331 -0.6688 0.1701 0.7053 0.1626 -0.7311 -0.2529 0.6234 -0.1139 -0.9298 -0.1201 -0.3479 -0.0032 -0.7267 0.0333 0.6548 0.2053 -0.7296 0.2388 0.6354 0.0834 -0.9278 0.2407 -0.285 -0.0077
-0.8486 0.1069 0.5169 0.0362 -0.2141 0.532 0.6525 -0.4954 -0.7901 0.2495 0.5564 0.0623 -0.7937 -0.264 0.5471 0.0331 -0.6688 0.1701 0.7053 0.1626 -0.7311 -0.2529 0.6234 -0.1139 -0.9298 -0.1201 -0.3479 -0.0032 -0.7267 0.0333 0.6548 0.2053 -0.7296 0.2388 0.6354 0.0834 -0.9278 0.2407 -0.285 -0.0077
-0.8486 0.1069 0.5169 0.0362 -0.2141 0.532 0.6525 -0.4954 -0.7901 0.2495 0.5564 0.0623 -0.7937 -0.264 0.5471 0.0331 -0.6688 0.1701 0.7053 0.1626 -0.7311 -0.2529 0.6234 -0.1139 -0.9298 -0.1201 -0.3479 -0.0032 -0.7267 0.0333 0.6548 0.2053 -0.7296 0.2388 0.6354 0.0834 -0.9278 0.2407 -0.285 -0.0077
-0.8486 0.1069 0.5169 0.0362 -0.2141 0.532 0.6525 -0.4954 -0.7901 0.2495 0.5564 0.0623 -0.7937 -0.264 0.5471 0.0331 -0.6688 0.1701 0.7053 0.1626 -0.7311 -0.2529 0.6234 -0.1139 -0.9298 -0.1201 -0.3479 -0.0032 -0.7267 0.0333 0.6548 0.2053 -0.7296 0.2388 0.6354 0.0834 -0.9278 0.2407 -0.285 -0.0077
-0.8495 0.0955 0.5149 0.0641 -0.2141 0.532 0.6525 -0.4954 -0.7784 0.2417 0.5696 0.1063 -0.7937 -0.264 0.5471 0.0331 -0.6739 0.1794 0.6908 0.1912 -0.7311 -0.2529 0.6234 -0.1139 -0.9298 -0.1201 -0.3479 -0.0032 -0.7267 0.0333 0.6548 0.2053 -0.7296 0.2388 0.6354 0.0834 -0.9278 0.2407 -0.285 -0.0077
-0.8495 0.0955 0.5149 0.0641 -0.2141 0.532 0.6525 -0.4954 -0.7784 0.2417 0.5696 0.1063 -0.7937 -0.264 0.5471 0.0331 -0.6739 0.1794 0.6908 0.1912 -0.7526 -0.2445 0.6061 -0.0804 -0.9298 -0.1201 -0.3479 -0.0032 -0.7267 0.0333 0.6548 0.2053 -0.7296 0.2388 0.6354 0.0834 -0.9278 0.2407 -0.285 -0.0077
-0.8495 0.0955 0.5149 0.0641 -0.2141 0.532 0.6525 -0.4954 -0.7784 0.2417 0.5696 0.1063 -0.7937 -0.264 0.5471 0.0331 -0.6739 0.1794 0.6908 0.1912 -0.7526 -0.2445 0.6061 -0.0804 -0.9298 -0.1201 -0.3479 -0.0032 -0.7267 0.0333 0.6548 0.2053 -0.7296 0.2388 0.6354 0.0834 -0.9286 0.2509 -0.2734 -0.0046
-0.8495 0.0955 0.5149 0.0641 -0.2141 0.532 0.6525 -0.4954 -0.7784 0.2417 0.5696 0.1063 -0.7937 -0.264 0.5471 0.0331 -0.6739 0.1794 0.6908 0.1912 -0.7526 -0.2445 0.6061 -0.0804 -0.9135 -0.127 -0.3864 0.0087 -0.7267 0.0333 0.6548 0.2053 -0.673 0.1121 0.7148 0.153 -0.9286 0.2509 -0.2734 -0.0046
-0.8495 0.0955 0.5149 0.0641 -0.2141 0.532 0.6525 -0.4954 -0.7784 0.2417 0.5696 0.1063 -0.7805 -0.2565 0.5686 0.0428 -0.6739 0.1794 0.6908 0.1912 -0.7526 -0.2445 0.6061 -0.0804 -0.9135 -0.127 -0.3864 0.0087 -0.7267 0.0333 0.6548 0.2053 -0.673 0.1121 0.7148 0.153 -0.9286 0.2509 -0.2734 -0.0046
-0.8495 0.0955 0.5149 0.0641 -0.2897 0.5394 0.628 -0.4803 -0.7784 0.2417 0.5696 0.1063 -0.7805 -0.2565 0.5686 0.0428 -0.6739 0.1794 0.6908 0.1912 -0.7526 -0.2445 0.6061 -0.0804 -0.9135 -0.127 -0.3864 0.0087 -0.7267 0.0333 0.6548 0.2053 -0.673 0.1121 0.7148 0.153 -0.9286 0.2509 -0.2734 -0.0046
-0.8602 0.1022 0.4893 0.1013 -0.2897 0.5394 0.628 -0.4803 -0.7607 0.25 0.5815 0.1437 -0.7805 -0.2565 0.5686 0.0428 -0.6739 0.1794 0.6908 0.1912 -0.7526 -0.2445 0.6061 -0.0804 -0.9135 -0.127 -0.3864 0.0087 -0.7267 0.0333 0.6548 0.2053 -0.673 0.1121 0.7148 0.153 -0.9286 0.2509 -0.2734 -0.0046
-0.8602 0.1022 0.4893 0.1013 -0.2897 0.5394 0.628 -0.4803 -0.7607 0.25 0.5815 0.1437 -0.7805 -0.2565 0.5686 0.0428 -0.6739 0.1794 0.6908 0.1912 -0.7526 -0.2445 0.6061 -0.0804 -0.9135 -0.127 -0.3864 0.0087 -0.7267 0.0333 0.6548 0.2053 -0.673 0.1121 0.7148 0.153 -0.9286 0.2509 -0.2734 -0.0046
-0.8602 0.1022 0.4893 0.1013 -0.2897 0.5394 0.628 -0.4803 -0.7607 0.25 0.5815 0.1437 -0.7805 -0.2565 0.5686 0.0428 -0.6846 0.1918 0.6693 0.2158 -0.7758 -0.2447 0.5792 -0.0535 -0.9135 -0.127 -0.3864 0.0087 -0.7024 0.0505 0.6816 0.1987 -0.673 0.1121 0.7148 0.153 -0.9286 0.2509 -0.2734 -0.0046
-0.8602 0.1022 0.4893 0.1013 -0.2897 0.5394 0.628 -0.4803 -0.7607 0.25 0.5815 0.1437 -0.7805 -0.2565 0.5686 0.0428 -0.6846 0.1918 0.6693 0.2158 -0.7758 -0.2447 0.5792 -0.0535 -0.9135 -0.127 -0.3864 0.0087 -0.7024 0.0505 0.6816 0.1987 -0.673 0.1121 0.7148 0.153 -0.9196 0.2159 -0.3282 -0.0084
-0.8602 0.1022 0.4893 0.1013 -0.2897 0.5394 0.628 -0.4803 -0.7607 0.25 0.5815 0.1437 -0.7631 -0.2201 0.6052 0.0558 -0.6846 0.1918 0.6693 0.2158 -0.7758 -0.2447 0.5792 -0.0535 -0.9135 -0.127 -0.3864 0.0087 -0.7024 0.0505 0.6816 0.1987 -0.673 0.1121 0.7148 0.153 -0.9196 0.2159 -0.3282 -0.0084
-0.8602 0.1022 0.4893 0.1013 -0.2897 0.5394 0.628 -0.4803 -0.7607 0.25 0.5815 0.1437 -0.7631 -0.2201 0.6052 0.0558 -0.6846 0.1918 0.6693 0.2158 -0.7758 -0.2447 0.5792 -0.0535 -0.9135 -0.127 -0.3864 0.0087 -0.7024 0.0505 0.6816 0.1987 -0.673 0.1121 0.7148 0.153 -0.9196 0.2159 -0.3282 -0.0084
-0.8602 0.1022 0.4893 0.1013 -0.2897 0.5394 0.628 -0.4803 -0.7607 0.25 0.5815 0.1437 -0.7631 -0.2201 0.6052 0.0558 -0.6846 0.1918 0.6693 0.2158 -0.7758 -0.2447 0.5792 -0.0535 -0.9135 -0.127 -0.3864 0.0087 -0.7024 0.0505 0.6816 0.1987 -0.673 0.1121 0.7148 0.153 -0.9196 0.2159 -0.3282 -0.0084
-0.8602 0.1022 0.4893 0.1013 -0.2897 0.5394 0.628 -0.4803 -0.7607 0.25 0.5815 0.1437 -0.7631 -0.2201 0.6052 0.0558 -0.6846 0.1918 0.6693 0.2158 -0.7758 -0.2447 0.5792 -0.0535 -0.9135 -0.127 -0.3864 0.0087 -0.7024 0.0505 0.6816 0.1987 -0.673 0.1121 0.7148 0.153 -0.9196 0.2159 -0.3282 -0.0084
-0.8676 0.0912 0.4656 0.1487 -0.3331 0.5432 0.6211 -0.4563 -0.7369 0.2609 0.5937 0.191 -0.7631 -0.2201 0.6052 0.0558 -0.6846 0.1918 0.6693 0.2158 -0.7758 -0.2447 0.5792 -0.0535 -0.9135 -0.127 -0.3864 0.0087 -0.7024 0.0505 0.6816 0.1987 -0.673 0.1121 0.7148 0.153 -0.9196 0.2159 -0.3282 -0.0084
-0.8676 0.0912 0.4656 0.1487 -0.3331 0.5432 0.6211 -0.4563 -0.7369 0.2609 0.5937 0.191 -0.7631 -0.2201 0.6052 0.0558 -0.7087 0.2107 0.6411 0.2056 -0.8036 -0.2601 0.5342 -0.0333 -0.9135 -0.127 -0.3864 0.0087 -0.6895 0.0759 0.6961 0.185 -0.673 0.1121 0.7148 0.153 -0.9196 0.2159 -0.3282 -0.0084
-0.8676 0.0912 0.4656 0.1487 -0.3331 0.5432 0.6211 -0.4563 -0.7369 0.2609 0.5937 0.191 -0.7631 -0.2201 0.6052 0.0558 -0.7087 0.2107 0.6411 0.2056 -0.8036 -0.2601 0.5342 -0.0333 -0.9135 -0.127 -0.3864 0.0087 -0.6895 0.0759 0.6961 0.185 -0.673 0.1121 0.7148 0.153 -0.9196 0.2159 -0.3282 -0.0084
-0.8676 0.0912 0.4656 0.1487 -0.3331 0.5432 0.6211 -0.4563 -0.7369 0.2609 0.5937 0.191 -0.7631 -0.2201 0.6052 0.0558 -0.7087 0.2107 0.6411 0.2056 -0.8036 -0.2601 0.5342 -0.0333 -0.9135 -0.127 -0.3864 0.0087 -0.6895 0.0759 0.6961 0.185 -0.673 0.1121 0.7148 0.153 -0.9196 0.2159 -0.3282 -0.0084
-0.8676 0.0912 0.4656 0.1487 -0.3331 0.5432 0.6211 -0.4563 -0.7369 0.2609 0.5937 0.191 -0.7439 -0.2007 0.6323 0.0811 -0.7087 0.2107 0.6411 0.2056 -0.8036 -0.2601 0.5342 -0.0333 -0.7936 -0.202 -0.5731 -0.0324 -0.6895 0.0759 0.6961 0.185 -0.6551 0.1848 0.7196 0.1374 -0.9195 0.2109 -0.3316 -0.0104
-0.8676 0.0912 0.4656 0.1487 -0.3331 0.5432 0.6211 -0.4563 -0.7369 0.2609 0.5937 0.191 -0.7439 -0.2007 0.6323 0.0811 -0.7087 0.2107 0.6411 0.2056 -0.8036 -0.2601 0.5342 -0.0333 -0.7936 -0.202 -0.5731 -0.0324 -0.6895 0.0759 0.6961 0.185 -0.6551 0.1848 0.7196 0.1374 -0.9195 0.2109 -0.3316 -0.0104
-0.8676 0.0912 0.4656 0.1487 -0.365 0.5447 0.6062 -0.4502 -0.7255 0.2734 0.5911 0.2225 -0.7439 -0.2007 0.6323 0.0811 -0.7087 0.2107 0.6411 0.2056 -0.8036 -0.2601 0.5342 -0.0333 -0.7936 -0.202 -0.5731 -0.0324 -0.6895 0.0759 0.6961 0.185 -0.6551 0.1848 0.7196 0.1374 -0.9195 0.2109 -0.3316 -0.0104
-0.8676 0.0912 0.4656 0.1487 -0.365 0.5447 0.6062 -0.4502 -0.7255 0.2734 0.5911 0.2225 -0.7439 -0.2007 0.6323 0.0811 -0.7087 0.2107 0.6411 0.2056 -0.8036 -0.2601 0.5342 -0.0333 -0.7936 -0.202 -0.5731 -0.0324 -0.6895 0.0759 0.6961 0.185 -0.6551 0.1848 0.7196 0.1374 -0.9195 0.2109 -0.3316 -0.0104
-0.8676 0.0912 0.4656 0.1487 -0.365 0.5447 0.6062 -0.4502 -0.7255 0.2734 0.5911 0.2225 -0.7439 -0.2007 0.6323 0.0811 -0.7457 0.2056 0.6146 0.1546 -0.8301 -0.2877 0.4754 -0.0472 -0.7936 -0.202 -0.5731 -0.0324 -0.6808 0.0772 0.7119 0.1541 -0.6551 0.1848 0.7196 0.1374 -0.9195 0.2109 -0.3316 -0.0104
-0.8676 0.0912 0.4656 0.1487 -0.365 0.5447 0.6062 -0.4502 -0.7255 0.2734 0.5911 0.2225 -0.7439 -0.2007 0.6323 0.0811 -0.7457 0.2056 0.6146 0.1546 -0.8301 -0.2877 0.4754 -0.0472 -0.7936 -0.202 -0.5731 -0.0324 -0.6808 0.0772 0.7119 0.1541 -0.6551 0.1848 0.7196 0.1374 -0.9195 0.2109 -0.3316 -0.0104
-0.8676 0.0912 0.4656 0.1487 -0.365 0.5447 0.6062 -0.4502 -0.7255 0.2734 0.5911 0.2225 -0.7439 -0.2007 0.6323 0.0811 -0.7457 0.2056 0.6146 0.1546 -0.8301 -0.2877 0.4754 -0.0472 -0.7936 -0.202 -0.5731 -0.0324 -0.6808 0.0772 0.7119 0.1541 -0.6551 0.1848 0.7196 0.1374 -0.9195 0.2109 -0.3316 -0.0104
-0.8676 0.0912 0.4656 0.1487 -0.365 0.5447 0.6062 -0.4502 -0.7255 0.2734 0.5911 0.2225 -0.7339 -0.1987 0.6416 0.1013 -0.7457 0.2056 0.6146 0.1546 -0.8301 -0.2877 0.4754 -0.0472 -0.7936 -0.202 -0.5731 -0.0324 -0.6808 0.0772 0.7119 0.1541 -0.6578 0.1771 0.7244 0.1053 -0.9195 0.2109 -0.3316 -0.0104
-0.8676 0.0912 0.4656 0.1487 -0.365 0.5447 0.6062 -0.4502 -0.7255 0.2734 0.5911 0.2225 -0.7339 -0.1987 0.6416 0.1013 -0.7457 0.2056 0.6146 0.1546 -0.8301 -0.2877 0.4754 -0.0472 -0.7936 -0.202 -0.5731 -0.0324 -0.6808 0.0772 0.7119 0.1541 -0.6578 0.1771 0.7244 0.1053 -0.9195 0.2109 -0.3316 -0.0104
-0.8791 0.0903 0.4312 0.1821 -0.3763 0.5397 0.6063 -0.4467 -0.7255 0.2734 0.5911 0.2225 -0.7339 -0.1987 0.6416 0.1013 -0.7457 0.2056 0.6146 0.1546 -0.8301 -0.2877 0.4754 -0.0472 -0.7936 -0.202 -0.5731 -0.0324 -0.6808 0.0772 0.7119 0.1541 -0.6578 0.1771 0.7244 0.1053 -0.9195 0.2109 -0.3316 -0.0104
-0.8791 0.0903 0.4312 0.1821 -0.3763 0.5397 0.6063 -0.4467 -0.7249 0.2643 0.593 0.2306 -0.7339 -0.1987 0.6416 0.1013 -0.7457 0.2056 0.6146 0.1546 -0.8301 -0.2877 0.4754 -0.0472 -0.7936 -0.202 -0.5731 -0.0324 -0.6808 0.0772 0.7119 0.1541 -0.6578 0.1771 0.7244 0.1053 -0.9195 0.2109 -0.3316 -0.0104
-0.8791 0.0903 0.4312 0.1821 -0.3763 0.5397 0.6063 -0.4467 -0.7249 0.2643 0.593 0.2306 -0.7339 -0.1987 0.6416 0.1013 -0.7823 0.1675 0.5913 0.1014 -0.8301 -0.2877 0.4754 -0.0472 -0.7936 -0.202 -0.5731 -0.0324 -0.6776 0.0681 0.7228 0.1177 -0.6578 0.1771 0.7244 0.1053 -0.9195 0.2109 -0.3316 -0.0104
-0.8791 0.0903 0.4312 0.1821 -0.3763 0.5397 0.6063 -0.4467 -0.7249 0.2643 0.593 0.2306 -0.7339 -0.1987 0.6416 0.1013 -0.7823 0.1675 0.5913 0.1014 -0.8301 -0.2877 0.4754 -0.0472 -0.7936 -0.202 -0.5731 -0.0324 -0.6776 0.0681 0.7228 0.1177 -0.6578 0.1771 0.7244 0.1053 -0.9131 0.2194 -0.3434 -0.0113
-0.8791 0.0903 0.4312 0.1821 -0.3763 0.5397 0.6063 -0.4467 -0.7249 0.2643 0.593 0.2306 -0.7273 -0.1956 0.6503 0.1 -0.7823 0.1675 0.5913 0.1014 -0.8301 -0.2877 0.4754 -0.0472 -0.7936 -0.202 -0.5731 -0.0324 -0.6776 0.0681 0.7228 0.1177 -0.6578 0.1771 0.7244 0.1053 -0.9131 0.2194 -0.3434 -0.0113
-0.8791 0.0903 0.4312 0.1821 -0.3763 0.5397 0.6063 -0.4467 -0.7249 0.2643 0.593 0.2306 -0.7273 -0.1956 0.6503 0.1 -0.7823 0.1675 0.5913 0.1014 -0.8301 -0.2877 0.4754 -0.0472 -0.7936 -0.202 -0.5731 -0.0324 -0.6776 0.0681 0.7228 0.1177 -0.6578 0.1771 0.7244 0.1053 -0.9131 0.2194 -0.3434 -0.0113
-0.8791 0.0903 0.4312 0.1821 -0.3763 0.5397 0.6063 -0.4467 -0.7249 0.2643 0.593 0.2306 -0.7273 -0.1956 0.6503 0.1 -0.7823 0.1675 0.5913 0.1014 -0.8301 -0.2877 0.4754 -0.0472 -0.7936 -0.202 -0.5731 -0.0324 -0.6776 0.0681 0.7228 0.1177 -0.6578 0.1771 0.7244 0.1053 -0.9131 0.2194 -0.3434 -0.0113
-0.8864 0.0857 0.4198 0.1751 -0.3812 0.5289 0.6097 -0.4507 -0.7198 0.265 0.602 0.2219 -0.7273 -0.1956 0.6503 0.1 -0.7823 0.1675 0.5913 0.1014 -0.8301 -0.2877 0.4754 -0.0472 -0.7936 -0.202 -0.5731 -0.0324 -0.6776 0.0681 0.7228 0.1177 -0.6578 0.1771 0.7244 0.1053 -0.9131 0.2194 -0.3434 -0.0113
-0.8864 0.0857 0.4198 0.1751 -0.3812 0.5289 0.6097 -0.4507 -0.7198 0.265 0.602 0.2219 -0.7273 -0.1956 0.6503 0.1 -0.7823 0.1675 0.5913 0.1014 -0.8301 -0.2877 0.4754 -0.0472 -0.7936 -0.202 -0.5731 -0.0324 -0.6776 0.0681 0.7228 0.1177 -0.6578 0.1771 0.7244 0.1053 -0.9131 0.2194 -0.3434 -0.0113
-0.8864 0.0857 0.4198 0.1751 -0.3812 0.5289 0.6097 -0.4507 -0.7198 0.265 0.602 0.2219 -0.7273 -0.1956 0.6503 0.1 -0.7823 0.1675 0.5913 0.1014 -0.8481 -0.2549 0.4312 -0.1729 -0.7936 -0.202 -0.5731 -0.0324 -0.6776 0.0681 0.7228 0.1177 -0.6578 0.1771 0.7244 0.1053 -0.9131 0.2194 -0.3434 -0.0113
-0.8864 0.0857 0.4198 0.1751 -0.3812 0.5289 0.6097 -0.4507 -0.7198 0.265 0.602 0.2219 -0.7273 -0.1956 0.6503 0.1 -0.7823 0.1675 0.5913 0.1014 -0.8481 -0.2549 0.4312 -0.1729 -0.7936 -0.202 -0.5731 -0.0324 -0.6776 0.0681 0.7228 0.1177 -0.6578 0.1771 0.7244 0.1053 -0.9131 0.2194 -0.3434 -0.0113
-0.8864 0.0857 0.4198 0.1751 -0.3812 0.5289 0.6097 -0.4507 -0.7198 0.265 0.602 0.2219 -0.7273 -0.1956 0.6503 0.1 -0.7823 0.1675 0.5913 0.1014 -0.8481 -0.2549 0.4312 -0.1729 -0.8012 -0.0669 -0.5873 -0.093 -0.6776 0.0681 0.7228 0.1177 -0.6584 0.1888 0.7248 0.0742 -0.9142 0.2119 -0.3448 -0.0178
-0.8864 0.0857 0.4198 0.1751 -0.3812 0.5289 0.6097 -0.4507 -0.7198 0.265 0.602 0.2219 -0.7304 -0.1967 0.6478 0.0906 -0.7823 0.1675 0.5913 0.1014 -0.8481 -0.2549 0.4312 -0.1729 -0.8012 -0.0669 -0.5873 -0.093 -0.6776 0.0681 0.7228 0.1177 -0.6584 0.1888 0.7248 0.0742 -0.9142 0.2119 -0.3448 -0.0178
-0.8864 0.0857 0.4198 0.1751 -0.3812 0.5289 0.6097 -0.4507 -0.7198 0.265 0.602 0.2219 -0.7304 -0.1967 0.6478 0.0906 -0.7823 0.1675 0.5913 0.1014 -0.8481 -0.2549 0.4312 -0.1729 -0.8012 -0.0669 -0.5873 -0.093 -0.6776 0.0681 0.7228 0.1177 -0.6584 0.1888 0.7248 0.0742 -0.9142 0.2119 -0.3448 -0.0178
-0.8962 0.0798 0.404 0.1652 -0.381 0.5176 0.6142 -0.4579 -0.7198 0.265 0.602 0.2219 -0.7304 -0.1967 0.6478 0.0906 -0.7823 0.1675 0.5913 0.1014 -0.8481 -0.2549 0.4312 -0.1729 -0.8012 -0.0669 -0.5873 -0.093 -0.6776 0.0681 0.7228 0.1177 -0.6584 0.1888 0.7248 0.0742 -0.9142 0.2119 -0.3448 -0.0178
-0.8962 0.0798 0.404 0.1652 -0.381 0.5176 0.6142 -0.4579 -0.7198 0.265 0.602 0.2219 -0.7304 -0.1967 0.6478 0.0906 -0.7823 0.1675 0.5913 0.1014 -0.8481 -0.2549 0.4312 -0.1729 -0.8012 -0.0669 -0.5873 -0.093 -0.6776 0.0681 0.7228 0.1177 -0.6584 0.1888 0.7248 0.0742 -0.9142 0.2119 -0.3448 -0.0178
-0.8962 0.0798 0.404 0.1652 -0.381 0.5176 0.6142 -0.4579 -0.7153 0.2579 0.6145 0.2105 -0.7304 -0.1967 0.6478 0.0906 -0.7823 0.1675 0.5913 0.1014 -0.8302 -0.2271 0.4496 -0.239 -0.8012 -0.0669 -0.5873 -0.093 -0.6727 0.0813 0.7303 0.0862 -0.6584 0.1888 0.7248 0.0742 -0.9142 0.2119 -0.3448 -0.0178
-0.8962 0.0798 0.404 0.1652 -0.381 0.5176 0.6142 -0.4579 -0.7153 0.2579 0.6145 0.2105 -0.7304 -0.1967 0.6478 0.0906 -0.7823 0.1675 0.5913 0.1014 -0.8302 -0.2271 0.4496 -0.239 -0.8012 -0.0669 -0.5873 -0.093 -0.6727 0.0813 0.7303 0.0862 -0.6584 0.1888 0.7248 0.0742 -0.9142 0.2119 -0.3448 -0.0178
-0.8962 0.0798 0.404 0.1652 -0.381 0.5176 0.6142 -0.4579 -0.7153 0.2579 0.6145 0.2105 -0.7304 -0.1967 0.6478 0.0906 -0.7823 0.1675 0.5913 0.1014 -0.8302 -0.2271 0.4496 -0.239 -0.8127 -0.0547 -0.5609 -0.1482 -0.6727 0.0813 0.7303 0.0862 -0.6584 0.1888 0.7248 0.0742 -0.917 0.2015 -0.3433 -0.0244
-0.8962 0.0798 0.404 0.1652 -0.381 0.5176 0.6142 -0.4579 -0.7153 0.2579 0.6145 0.2105 -0.7313 -0.196 0.6497 0.0685 -0.7823 0.1675 0.5913 0.1014 -0.8302 -0.2271 0.4496 -0.239 -0.8127 -0.0547 -0.5609 -0.1482 -0.6727 0.0813 0.7303 0.0862 -0.6633 0.1941 0.7202 0.0607 -0.917 0.2015 -0.3433 -0.0244
-0.8962 0.0798 0.404 0.1652 -0.381 0.5176 0.6142 -0.4579 -0.7153 0.2579 0.6145 0.2105 -0.7313 -0.196 0.6497 0.0685 -0.7823 0.1675 0.5913 0.1014 -0.8302 -0.2271 0.4496 -0.239 -0.8127 -0.0547 -0.5609 -0.1482 -0.6727 0.0813 0.7303 0.0862 -0.6633 0.1941 0.7202 0.0607 -0.917 0.2015 -0.3433 -0.0244
-0.8962 0.0798 0.404 0.1652 -0.381 0.5176 0.6142 -0.4579 -0.7153 0.2579 0.6145 0.2105 -0.7313 -0.196 0.6497 0.0685 -0.7823 0.1675 0.5913 0.1014 -0.8302 -0.2271 0.4496 -0.239 -0.8127 -0.0547 -0.5609 -0.1482 -0.6727 0.0813 0.7303 0.0862 -0.6633 0.1941 0.7202 0.0607 -0.917 0.2015 -0.3433 -0.0244
-0.8962 0.0798 0.404 0.1652 -0.381 0.5176 0.6142 -0.4579 -0.7153 0.2579 0.6145 0.2105 -0.7313 -0.196 0.6497 0.0685 -0.7823 0.1675 0.5913 0.1014 -0.8302 -0.2271 0.4496 -0.239 -0.8127 -0.0547 -0.5609 -0.1482 -0.6727 0.0813 0.7303 0.0862 -0.6633 0.1941 0.7202 0.0607 -0.917 0.2015 -0.3433 -0.0244
-0.8986 0.0786 0.4028 0.1553 -0.381 0.5176 0.6142 -0.4579 -0.7129 0.2493 0.6251 0.1971 -0.7313 -0.196 0.6497 0.0685 -0.8004 0.1829 0.57 -0.0321 -0.7827 -0.2021 0.5029 -0.306 -0.8127 -0.0547 -0.5609 -0.1482 -0.6785 0.0782 0.7281 0.0586 -0.6633 0.1941 0.7202 0.0607 -0.917 0.2015 -0.3433 -0.0244
-0.8986 0.0786 0.4028 0.1553 -0.381 0.5176 0.6142 -0.4579 -0.7129 0.2493 0.6251 0.1971 -0.7313 -0.196 0.6497 0.0685 -0.8004 0.1829 0.57 -0.0321 -0.7827 -0.2021 0.5029 -0.306 -0.8127 -0.0547 -0.5609 -0.1482 -0.6785 0.0782 0.7281 0.0586 -0.6633 0.1941 0.7202 0.0607 -0.917 0.2015 -0.3433 -0.0244
-0.8986 0.0786 0.4028 0.1553 -0.381 0.5176 0.6142 -0.4579 -0.7129 0.2493 0.6251 0.1971 -0.7313 -0.196 0.6497 0.0685 -0.8004 0.1829 0.57 -0.0321 -0.7827 -0.2021 0.5029 -0.306 -0.8272 -0.0782 -0.5142 -0.2125 -0.6785 0.0782 0.7281 0.0586 -0.6633 0.1941 0.7202 0.0607 -0.9166 0.197 -0.3466 -0.0302
-0.8986 0.0786 0.4028 0.1553 -0.381 0.5176 0.6142 -0.4579 -0.7129 0.2493 0.6251 0.1971 -0.7278 -0.2083 0.6513 0.0525 -0.8004 0.1829 0.57 -0.0321 -0.7827 -0.2021 0.5029 -0.306 -0.8272 -0.0782 -0.5142 -0.2125 -0.6785 0.0782 0.7281 0.0586 -0.6758 0.1917 0.7106 0.0396 -0.9166 0.197 -0.3466 -0.0302
-0.8986 0.0786 0.4028 0.1553 -0.381 0.5176 0.6142 -0.4579 -0.7129 0.2493 0.6251 0.1971 -0.7278 -0.2083 0.6513 0.0525 -0.8004 0.1829 0.57 -0.0321 -0.7827 -0.2021 0.5029 -0.306 -0.8272 -0.0782 -0.5142 -0.2125 -0.6785 0.0782 0.7281 0.0586 -0.6758 0.1917 0.7106 0.0396 -0.9166 0.197 -0.3466 -0.0302
-0.902 0.0716 0.4041 0.1343 -0.367 0.4988 0.6272 -0.4724 -0.7155 0.2317 0.6348 0.1774 -0.7278 -0.2083 0.6513 0.0525 -0.8004 0.1829 0.57 -0.0321 -0.7827 -0.2021 0.5029 -0.306 -0.8272 -0.0782 -0.5142 -0.2125 -0.6785 0.0782 0.7281 0.0586 -0.6758 0.1917 0.7106 0.0396 -0.9166 0.197 -0.3466 -0.0302
-0.902 0.0716 0.4041 0.1343 -0.367 0.4988 0.6272 -0.4724 -0.7155 0.2317 0.6348 0.1774 -0.7278 -0.2083 0.6513 0.0525 -0.8004 0.1829 0.57 -0.0321 -0.7827 -0.2021 0.5029 -0.306 -0.8272 -0.0782 -0.5142 -0.2125 -0.6785 0.0782 0.7281 0.0586 -0.6758 0.1917 0.7106 0.0396 -0.9166 0.197 -0.3466 -0.0302
-0.902 0.0716 0.4041 0.1343 -0.367 0.4988 0.6272 -0.4724 -0.7155 0.2317 0.6348 0.1774 -0.7278 -0.2083 0.6513 0.0525 -0.7744 0.1915 0.6014 -0.0433 -0.7317 -0.1956 0.5516 -0.3494 -0.8272 -0.0782 -0.5142 -0.2125 -0.6867 0.0765 0.7222 0.0302 -0.6758 0.1917 0.7106 0.0396 -0.9166 0.197 -0.3466 -0.0302
-0.902 0.0716 0.4041 0.1343 -0.367 0.4988 0.6272 -0.4724 -0.7155 0.2317 0.6348 0.1774 -0.7278 -0.2083 0.6513 0.0525 -0.7744 0.1915 0.6014 -0.0433 -0.7317 -0.1956 0.5516 -0.3494 -0.8272 -0.0782 -0.5142 -0.2125 -0.6867 0.0765 0.7222 0.0302 -0.6758 0.1917 0.7106 0.0396 -0.9166 0.197 -0.3466 -0.0302
-0.902 0.0716 0.4041 0.1343 -0.367 0.4988 0.6272 -0.4724 -0.7155 0.2317 0.6348 0.1774 -0.7278 -0.2083 0.6513 0.0525 -0.7744 0.1915 0.6014 -0.0433 -0.7317 -0.1956 0.5516 -0.3494 -0.8272 -0.0782 -0.5142 -0.2125 -0.6867 0.0765 0.7222 0.0302 -0.6758 0.1917 0.7106 0.0396 -0.9166 0.197 -0.3466 -0.0302
-0.902 0.0716 0.4041 0.1343 -0.367 0.4988 0.6272 -0.4724 -0.7155 0.2317 0.6348 0.1774 -0.7317 -0.2204 0.6442 0.0339 -0.7744 0.1915 0.6014 -0.0433 -0.7317 -0.1956 0.5516 -0.3494 -0.814 -0.0977 -0.5052 -0.2695 -0.6867 0.0765 0.7222 0.0302 -0.6913 0.1892 0.6971 0.0175 -0.9153 0.193 -0.3516 -0.0365
-0.902 0.0716 0.4041 0.1343 -0.367 0.4988 0.6272 -0.4724 -0.7155 0.2317 0.6348 0.1774 -0.7317 -0.2204 0.6442 0.0339 -0.7744 0.1915 0.6014 -0.0433 -0.7317 -0.1956 0.5516 -0.3494 -0.814 -0.0977 -0.5052 -0.2695 -0.6867 0.0765 0.7222 0.0302 -0.6913 0.1892 0.6971 0.0175 -0.9153 0.193 -0.3516 -0.0365
-0.9081 0.0734 0.3995 0.1013 -0.3459 0.4826 0.6391 -0.4888 -0.724 0.2198 0.6353 0.1546 -0.7317 -0.2204 0.6442 0.0339 -0.7744 0.1915 0.6014 -0.0433 -0.7317 -0.1956 0.5516 -0.3494 -0.814 -0.0977 -0.5052 -0.2695 -0.6867 0.0765 0.7222 0.0302 -0.6913 0.1892 0.6971 0.0175 -0.9153 0.193 -0.3516 -0.0365
-0.9081 0.0734 0.3995 0.1013 -0.3459 0.4826 0.6391 -0.4888 -0.724 0.2198 0.6353 0.1546 -0.7317 -0.2204 0.6442 0.0339 -0.7486 0.1458 0.6423 -0.076 -0.7317 -0.1956 0.5516 -0.3494 -0.814 -0.0977 -0.5052 -0.2695 -0.6867 0.0765 0.7222 0.0302 -0.6913 0.1892 0.6971 0.0175 -0.9153 0.193 -0.3516 -0.0365
-0.9081 0.0734 0.3995 0.1013 -0.3459 0.4826 0.6391 -0.4888 -0.724 0.2198 0.6353 0.1546 -0.7317 -0.2204 0.6442 0.0339 -0.7486 0.1458 0.6423 -0.076 -0.6918 -0.2604 0.5507 -0.3876 -0.814 -0.0977 -0.5052 -0.2695 -0.7007 0.0594 0.7107 -0.0189 -0.6913 0.1892 0.6971 0.0175 -0.9107 0.1988 -0.3599 -0.0399
-0.9081 0.0734 0.3995 0.1013 -0.3459 0.4826 0.6391 -0.4888 -0.724 0.2198 0.6353 0.1546 -0.7317 -0.2204 0.6442 0.0339 -0.7486 0.1458 0.6423 -0.076 -0.6918 -0.2604 0.5507 -0.3876 -0.7797 -0.0141 -0.557 -0.2856 -0.7007 0.0594 0.7107 -0.0189 -0.6913 0.1892 0.6971 0.0175 -0.9107 0.1988 -0.3599 -0.0399
-0.9081 0.0734 0.3995 0.1013 -0.3459 0.4826 0.6391 -0.4888 -0.724 0.2198 0.6353 0.1546 -0.7448 -0.2367 0.6238 0.0094 -0.7486 0.1458 0.6423 -0.076 -0.6918 -0.2604 0.5507 -0.3876 -0.7797 -0.0141 -0.557 -0.2856 -0.7007 0.0594 0.7107 -0.0189 -0.6913 0.1892 0.6971 0.0175 -0.9107 0.1988 -0.3599 -0.0399
-0.9081 0.0734 0.3995 0.1013 -0.3459 0.4826 0.6391 -0.4888 -0.724 0.2198 0.6353 0.1546 -0.7448 -0.2367 0.6238 0.0094 -0.7486 0.1458 0.6423 -0.076 -0.6918 -0.2604 0.5507 -0.3876 -0.7797 -0.0141 -0.557 -0.2856 -0.7007 0.0594 0.7107 -0.0189 -0.6913 0.1892 0.6971 0.0175 -0.9107 0.1988 -0.3599 -0.0399
-0.9081 0.0734 0.3995 0.1013 -0.3459 0.4826 0.6391 -0.4888 -0.724 0.2198 0.6353 0.1546 -0.7448 -0.2367 0.6238 0.0094 -0.7486 0.1458 0.6423 -0.076 -0.6918 -0.2604 0.5507 -0.3876 -0.7797 -0.0141 -0.557 -0.2856 -0.7007 0.0594 0.7107 -0.0189 -0.6913 0.1892 0.6971 0.0175 -0.9107 0.1988 -0.3599 -0.0399
-0.9014 0.0695 0.424 0.0533 -0.2961 0.4749 0.6619 -0.4985 -0.7419 0.2057 0.6281 0.1135 -0.7448 -0.2367 0.6238 0.0094 -0.7486 0.1458 0.6423 -0.076 -0.6918 -0.2604 0.5507 -0.3876 -0.7797 -0.0141 -0.557 -0.2856 -0.7007 0.0594 0.7107 -0.0189 -0.6913 0.1892 0.6971 0.0175 -0.9107 0.1988 -0.3599 -0.0399
-0.9014 0.0695 0.424 0.0533 -0.2961 0.4749 0.6619 -0.4985 -0.7419 0.2057 0.6281 0.1135 -0.7448 -0.2367 0.6238 0.0094 -0.7486 0.1458 0.6423 -0.076 -0.6918 -0.2604 0.5507 -0.3876 -0.7797 -0.0141 -0.557 -0.2856 -0.7007 0.0594 0.7107 -0.0189 -0.6913 0.1892 0.6971 0.0175 -0.9107 0.1988 -0.3599 -0.0399
-0.9014 0.0695 0.424 0.0533 -0.2961 0.4749 0.6619 -0.4985 -0.7419 0.2057 0.6281 0.1135 -0.7448 -0.2367 0.6238 0.0094 -0.7265 0.1133 0.6742 -0.0695 -0.6948 -0.3492 0.5154 -0.3599 -0.7797 -0.0141 -0.557 -0.2856 -0.7159 0.0482 0.6951 -0.0435 -0.6913 0.1892 0.6971 0.0175 -0.9107 0.1988 -0.3599 -0.0399
-0.9014 0.0695 0.424 0.0533 -0.2961 0.4749 0.6619 -0.4985 -0.7419 0.2057 0.6281 0.1135 -0.7448 -0.2367 0.6238 0.0094 -0.7265 0.1133 0.6742 -0.0695 -0.6948 -0.3492 0.5154 -0.3599 -0.7797 -0.0141 -0.557 -0.2856 -0.7159 0.0482 0.6951 -0.0435 -0.6913 0.1892 0.6971 0.0175 -0.8874 0.2205 -0.4031 -0.0374
-0.9014 0.0695 0.424 0.0533 -0.2961 0.4749 0.6619 -0.4985 -0.7419 0.2057 0.6281 0.1135 -0.7448 -0.2367 0.6238 0.0094 -0.7265 0.1133 0.6742 -0.0695 -0.6948 -0.3492 0.5154 -0.3599 -0.7797 -0.0141 -0.557 -0.2856 -0.7159 0.0482 0.6951 -0.0435 -0.6913 0.1892 0.6971 0.0175 -0.8874 0.2205 -0.4031 -0.0374
-0.9014 0.0695 0.424 0.0533 -0.2961 0.4749 0.6619 -0.4985 -0.7419 0.2057 0.6281 0.1135 -0.7664 -0.2438 0.5942 -0.0152 -0.7265 0.1133 0.6742 -0.0695 -0.6948 -0.3492 0.5154 -0.3599 -0.8447 -0.0408 -0.4362 -0.3074 -0.7159 0.0482 0.6951 -0.0435 -0.6913 0.1892 0.6971 0.0175 -0.8874 0.2205 -0.4031 -0.0374
-0.9014 0.0695 0.424 0.0533 -0.2961 0.4749 0.6619 -0.4985 -0.7419 0.2057 0.6281 0.1135 -0.7664 -0.2438 0.5942 -0.0152 -0.7265 0.1133 0.6742 -0.0695 -0.6948 -0.3492 0.5154 -0.3599 -0.8447 -0.0408 -0.4362 -0.3074 -0.7159 0.0482 0.6951 -0.0435 -0.6913 0.1892 0.6971 0.0175 -0.8874 0.2205 -0.4031 -0.0374
-0.8847 0.0724 0.4599 0.0237 -0.2546 0.4791 0.6735 -0.502 -0.751 0.213 0.62 0.0787 -0.7664 -0.2438 0.5942 -0.0152 -0.7265 0.1133 0.6742 -0.0695 -0.6948 -0.3492 0.5154 -0.3599 -0.8447 -0.0408 -0.4362 -0.3074 -0.7159 0.0482 0.6951 -0.0435 -0.6913 0.1892 0.6971 0.0175 -0.8874 0.2205 -0.4031 -0.0374
-0.8847 0.0724 0.4599 0.0237 -0.2546 0.4791 0.6735 -0.502 -0.751 0.213 0.62 0.0787 -0.7664 -0.2438 0.5942 -0.0152 -0.7265 0.1133 0.6742 -0.0695 -0.6948 -0.3492 0.5154 -0.3599 -0.8447 -0.0408 -0.4362 -0.3074 -0.7159 0.0482 0.6951 -0.0435 -0.6913 0.1892 0.6971 0.0175 -0.8874 0.2205 -0.4031 -0.0374
-0.8847 0.0724 0.4599 0.0237 -0.2546 0.4791 0.6735 -0.502 -0.751 0.213 0.62 0.0787 -0.7664 -0.2438 0.5942 -0.0152 -0.7128 0.093 0.6945 -0.0328 -0.6948 -0.3492 0.5154 -0.3599 -0.8447 -0.0408 -0.4362 -0.3074 -0.7348 0.0587 0.6755 0.0161 -0.6913 0.1892 0.6971 0.0175 -0.8874 0.2205 -0.4031 -0.0374
-0.8847 0.0724 0.4599 0.0237 -0.2546 0.4791 0.6735 -0.502 -0.751 0.213 0.62 0.0787 -0.7664 -0.2438 0.5942 -0.0152 -0.7128 0.093 0.6945 -0.0328 -0.6948 -0.3492 0.5154 -0.3599 -0.8447 -0.0408 -0.4362 -0.3074 -0.7348 0.0587 0.6755 0.0161 -0.6913 0.1892 0.6971 0.0175 -0.8874 0.2205 -0.4031 -0.0374
-0.8847 0.0724 0.4599 0.0237 -0.2546 0.4791 0.6735 -0.502 -0.751 0.213 0.62 0.0787 -0.7664 -0.2438 0.5942 -0.0152 -0.7128 0.093 0.6945 -0.0328 -0.6948 -0.3492 0.5154 -0.3599 -0.8447 -0.0408 -0.4362 -0.3074 -0.7348 0.0587 0.6755 0.0161 -0.6913 0.1892 0.6971 0.0175 -0.8874 0.2205 -0.4031 -0.0374
-0.8847 0.0724 0.4599 0.0237 -0.2546 0.4791 0.6735 -0.502 -0.751 0.213 0.62 0.0787 -0.7839 -0.2359 0.573 -0.039 -0.7128 0.093 0.6945 -0.0328 -0.6948 -0.3492 0.5154 -0.3599 -0.8447 -0.0408 -0.4362 -0.3074 -0.7348 0.0587 0.6755 0.0161 -0.747 0.3251 0.5777 -0.0508 -0.8874 0.2205 -0.4031 -0.0374
-0.8847 0.0724 0.4599 0.0237 -0.2546 0.4791 0.6735 -0.502 -0.751 0.213 0.62 0.0787 -0.7839 -0.2359 0.573 -0.039 -0.7128 0.093 0.6945 -0.0328 -0.6948 -0.3492 0.5154 -0.3599 -0.8447 -0.0408 -0.4362 -0.3074 -0.7348 0.0587 0.6755 0.0161 -0.747 0.3251 0.5777 -0.0508 -0.8874 0.2205 -0.4031 -0.0374
-0.8847 0.0724 0.4599 0.0237 -0.2361 0.5049 0.6625 -0.5005 -0.751 0.213 0.62 0.0787 -0.7839 -0.2359 0.573 -0.039 -0.7128 0.093 0.6945 -0.0328 -0.6948 -0.3492 0.5154 -0.3599 -0.8447 -0.0408 -0.4362 -0.3074 -0.7348 0.0587 0.6755 0.0161 -0.747 0.3251 0.5777 -0.0508 -0.8874 0.2205 -0.4031 -0.0374
-0.8732 0.0921 0.4777 0.0301 -0.2361 0.5049 0.6625 -0.5005 -0.7542 0.2375 0.6057 0.0889 -0.7839 -0.2359 0.573 -0.039 -0.7094 0.0822 0.7 0.0131 -0.6948 -0.3492 0.5154 -0.3599 -0.8447 -0.0408 -0.4362 -0.3074 -0.7348 0.0587 0.6755 0.0161 -0.747 0.3251 0.5777 -0.0508 -0.8874 0.2205 -0.4031 -0.0374
-0.8732 0.0921 0.4777 0.0301 -0.2361 0.5049 0.6625 -0.5005 -0.7542 0.2375 0.6057 0.0889 -0.7839 -0.2359 0.573 -0.039 -0.7094 0.0822 0.7 0.0131 -0.6844 -0.3631 0.549 -0.3135 -0.8447 -0.0408 -0.4362 -0.3074 -0.7348 0.0587 0.6755 0.0161 -0.747 0.3251 0.5777 -0.0508 -0.8874 0.2205 -0.4031 -0.0374
-0.8732 0.0921 0.4777 0.0301 -0.2361 0.5049 0.6625 -0.5005 -0.7542 0.2375 0.6057 0.0889 -0.7839 -0.2359 0.573 -0.039 -0.7094 0.0822 0.7 0.0131 -0.6844 -0.3631 0.549 -0.3135 -0.8447 -0.0408 -0.4362 -0.3074 -0.7348 0.0587 0.6755 0.0161 -0.747 0.3251 0.5777 -0.0508 -0.8874 0.2205 -0.4031 -0.0374
-0.8732 0.0921 0.4777 0.0301 -0.2361 0.5049 0.6625 -0.5005 -0.7542 0.2375 0.6057 0.0889 -0.7958 -0.2217 0.5635 0.0012 -0.7094 0.0822 0.7 0.0131 -0.6844 -0.3631 0.549 -0.3135 -0.8569 -0.036 -0.4131 -0.3063 -0.7348 0.0587 0.6755 0.0161 -0.7598 0.3427 0.5503 -0.0504 -0.8185 0.1834 -0.543 -0.0388
-0.8732 0.0921 0.4777 0.0301 -0.2361 0.5049 0.6625 -0.5005 -0.7542 0.2375 0.6057 0.0889 -0.7958 -0.2217 0.5635 0.0012 -0.7094 0.0822 0.7 0.0131 -0.6844 -0.3631 0.549 -0.3135 -0.8569 -0.036 -0.4131 -0.3063 -0.7348 0.0587 0.6755 0.0161 -0.7598 0.3427 0.5503 -0.0504 -0.8185 0.1834 -0.543 -0.0388
-0.8732 0.0921 0.4777 0.0301 -0.2361 0.5049 0.6625 -0.5005 -0.7542 0.2375 0.6057 0.0889 -0.7958 -0.2217 0.5635 0.0012 -0.7094 0.0822 0.7 0.0131 -0.6844 -0.3631 0.549 -0.3135 -0.8569 -0.036 -0.4131 -0.3063 -0.7348 0.0587 0.6755 0.0161 -0.7598 0.3427 0.5503 -0.0504 -0.8185 0.1834 -0.543 -0.0388
-0.8632 0.1149 0.4897 0.0429 -0.2309 0.5297 0.645 -0.5 -0.7703 0.2436 0.5823 0.0912 -0.7958 -0.2217 0.5635 0.0012 -0.7094 0.0822 0.7 0.0131 -0.6844 -0.3631 0.549 -0.3135 -0.8569 -0.036 -0.4131 -0.3063 -0.7348 0.0587 0.6755 0.0161 -0.7598 0.3427 0.5503 -0.0504 -0.8185 0.1834 -0.543 -0.0388
-0.8632 0.1149 0.4897 0.0429 -0.2309 0.5297 0.645 -0.5 -0.7703 0.2436 0.5823 0.0912 -0.7958 -0.2217 0.5635 0.0012 -0.7094 0.0822 0.7 0.0131 -0.6844 -0.3631 0.549 -0.3135 -0.8569 -0.036 -0.4131 -0.3063 -0.7529 0.0341 0.6483 0.108 -0.7598 0.3427 0.5503 -0.0504 -0.8185 0.1834 -0.543 -0.0388
-0.8632 0.1149 0.4897 0.0429 -0.2309 0.5297 0.645 -0.5 -0.7703 0.2436 0.5823 0.0912 -0.7958 -0.2217 0.5635 0.0012 -0.7094 0.0822 0.7 0.0131 -0.6844 -0.3764 0.5485 -0.2983 -0.8569 -0.036 -0.4131 -0.3063 -0.7529 0.0341 0.6483 0.108 -0.7598 0.3427 0.5503 -0.0504 -0.8185 0.1834 -0.543 -0.0388
-0.8632 0.1149 0.4897 0.0429 -0.2309 0.5297 0.645 -0.5 -0.7703 0.2436 0.5823 0.0912 -0.7958 -0.2217 0.5635 0.0012 -0.7094 0.0822 0.7 0.0131 -0.6844 -0.3764 0.5485 -0.2983 -0.8569 -0.036 -0.4131 -0.3063 -0.7529 0.0341 0.6483 0.108 -0.7598 0.3427 0.5503 -0.0504 -0.8185 0.1834 -0.543 -0.0388
-0.8632 0.1149 0.4897 0.0429 -0.2309 0.5297 0.645 -0.5 -0.7703 0.2436 0.5823 0.0912 -0.7958 -0.2217 0.5635 0.0012 -0.7094 0.0822 0.7 0.0131 -0.6844 -0.3764 0.5485 -0.2983 -0.8569 -0.036 -0.4131 -0.3063 -0.7529 0.0341 0.6483 0.108 -0.7598 0.3427 0.5503 -0.0504 -0.8668 0.1713 -0.4678 -0.0236
-0.8632 0.1149 0.4897 0.0429 -0.2309 0.5297 0.645 -0.5 -0.7703 0.2436 0.5823 0.0912 -0.803 -0.239 0.5451 0.0316 -0.7094 0.0822 0.7 0.0131 -0.6844 -0.3764 0.5485 -0.2983 -0.8517 -0.0345 -0.4279 -0.3005 -0.7529 0.0341 0.6483 0.108 -0.7638 0.2741 0.5835 0.0314 -0.8668 0.1713 -0.4678 -0.0236
-0.8632 0.1149 0.4897 0.0429 -0.2164 0.5472 0.638 -0.4966 -0.7703 0.2436 0.5823 0.0912 -0.803 -0.239 0.5451 0.0316 -0.7094 0.0822 0.7 0.0131 -0.6844 -0.3764 0.5485 -0.2983 -0.8517 -0.0345 -0.4279 -0.3005 -0.7529 0.0341 0.6483 0.108 -0.7638 0.2741 0.5835 0.0314 -0.8668 0.1713 -0.4678 -0.0236
-0.8632 0.1149 0.4897 0.0429 -0.2164 0.5472 0.638 -0.4966 -0.7703 0.2436 0.5823 0.0912 -0.803 -0.239 0.5451 0.0316 -0.7094 0.0822 0.7 0.0131 -0.6844 -0.3764 0.5485 -0.2983 -0.8517 -0.0345 -0.4279 -0.3005 -0.7529 0.0341 0.6483 0.108 -0.7638 0.2741 0.5835 0.0314 -0.8668 0.1713 -0.4678 -0.0236
-0.848 0.1239 0.5134 0.0436 -0.2164 0.5472 0.638 -0.4966 -0.7845 0.243 0.5641 0.085 -0.803 -0.239 0.5451 0.0316 -0.7017 0.0632 0.7076 0.0546 -0.6844 -0.3764 0.5485 -0.2983 -0.8517 -0.0345 -0.4279 -0.3005 -0.7529 0.0341 0.6483 0.108 -0.7638 0.2741 0.5835 0.0314 -0.8668 0.1713 -0.4678 -0.0236
-0.848 0.1239 0.5134 0.0436 -0.2164 0.5472 0.638 -0.4966 -0.7845 0.243 0.5641 0.085 -0.803 -0.239 0.5451 0.0316 -0.7017 0.0632 0.7076 0.0546 -0.6844 -0.3764 0.5485 -0.2983 -0.8517 -0.0345 -0.4279 -0.3005 -0.7571 0.0507 0.6337 0.1506 -0.7638 0.2741 0.5835 0.0314 -0.8668 0.1713 -0.4678 -0.0236
-0.848 0.1239 0.5134 0.0436 -0.2164 0.5472 0.638 -0.4966 -0.7845 0.243 0.5641 0.085 -0.803 -0.239 0.5451 0.0316 -0.7017 0.0632 0.7076 0.0546 -0.6844 -0.3764 0.5485 -0.2983 -0.8517 -0.0345 -0.4279 -0.3005 -0.7571 0.0507 0.6337 0.1506 -0.7638 0.2741 0.5835 0.0314 -0.8668 0.1713 -0.4678 -0.0236
-0.848 0.1239 0.5134 0.0436 -0.2164 0.5472 0.638 -0.4966 -0.7845 0.243 0.5641 0.085 -0.8029 -0.2576 0.5353 0.0507 -0.7017 0.0632 0.7076 0.0546 -0.6906 -0.384 0.5458 -0.2787 -0.8477 -0.0278 -0.4431 -0.2904 -0.7571 0.0507 0.6337 0.1506 -0.744 0.1909 0.6274 0.128 -0.9065 0.1799 -0.3813 0.0215
-0.848 0.1239 0.5134 0.0436 -0.2164 0.5472 0.638 -0.4966 -0.7845 0.243 0.5641 0.085 -0.8029 -0.2576 0.5353 0.0507 -0.7017 0.0632 0.7076 0.0546 -0.6906 -0.384 0.5458 -0.2787 -0.8477 -0.0278 -0.4431 -0.2904 -0.7571 0.0507 0.6337 0.1506 -0.744 0.1909 0.6274 0.128 -0.9065 0.1799 -0.3813 0.0215
-0.848 0.1239 0.5134 0.0436 -0.2164 0.5472 0.638 -0.4966 -0.7845 0.243 0.5641 0.085 -0.8029 -0.2576 0.5353 0.0507 -0.7017 0.0632 0.7076 0.0546 -0.6906 -0.384 0.5458 -0.2787 -0.8477 -0.0278 -0.4431 -0.2904 -0.7571 0.0507 0.6337 0.1506 -0.744 0.1909 0.6274 0.128 -0.9065 0.1799 -0.3813 0.0215
-0.8395 0.1258 0.5272 0.0381 -0.2164 0.5472 0.638 -0.4966 -0.7845 0.243 0.5641 0.085 -0.8029 -0.2576 0.5353 0.0507 -0.7017 0.0632 0.7076 0.0546 -0.6906 -0.384 0.5458 -0.2787 -0.8477 -0.0278 -0.4431 -0.2904 -0.7571 0.0507 0.6337 0.1506 -0.744 0.1909 0.6274 0.128 -0.9065 0.1799 -0.3813 0.0215
-0.8395 0.1258 0.5272 0.0381 -0.2164 0.5472 0.638 -0.4966 -0.7861 0.245 0.5616 0.0804 -0.8029 -0.2576 0.5353 0.0507 -0.7007 0.06 0.7073 0.071 -0.6906 -0.384 0.5458 -0.2787 -0.8477 -0.0278 -0.4431 -0.2904 -0.7517 0.0202 0.6356 0.1747 -0.744 0.1909 0.6274 0.128 -0.9065 0.1799 -0.3813 0.0215
-0.8395 0.1258 0.5272 0.0381 -0.2164 0.5472 0.638 -0.4966 -0.7861 0.245 0.5616 0.0804 -0.8029 -0.2576 0.5353 0.0507 -0.7007 0.06 0.7073 0.071 -0.6906 -0.384 0.5458 -0.2787 -0.8477 -0.0278 -0.4431 -0.2904 -0.7517 0.0202 0.6356 0.1747 -0.744 0.1909 0.6274 0.128 -0.9065 0.1799 -0.3813 0.0215
-0.8395 0.1258 0.5272 0.0381 -0.2164 0.5472 0.638 -0.4966 -0.7861 0.245 0.5616 0.0804 -0.8029 -0.2576 0.5353 0.0507 -0.7007 0.06 0.7073 0.071 -0.6906 -0.384 0.5458 -0.2787 -0.8477 -0.0278 -0.4431 -0.2904 -0.7517 0.0202 0.6356 0.1747 -0.744 0.1909 0.6274 0.128 -0.9065 0.1799 -0.3813 0.0215
-0.8395 0.1258 0.5272 0.0381 -0.2164 0.5472 0.638 -0.4966 -0.7861 0.245 0.5616 0.0804 -0.799 -0.259 0.5403 0.0515 -0.7007 0.06 0.7073 0.071 -0.6987 -0.3965 0.5343 -0.2629 -0.841 -0.025 -0.4614 -0.2813 -0.7517 0.0202 0.6356 0.1747 -0.7152 0.1248 0.6669 0.1679 -0.9285 0.2165 -0.3005 0.0281
-0.8395 0.1258 0.5272 0.0381 -0.2164 0.5472 0.638 -0.4966 -0.7861 0.245 0.5616 0.0804 -0.799 -0.259 0.5403 0.0515 -0.7007 0.06 0.7073 0.071 -0.6987 -0.3965 0.5343 -0.2629 -0.841 -0.025 -0.4614 -0.2813 -0.7517 0.0202 0.6356 0.1747 -0.7152 0.1248 0.6669 0.1679 -0.9285 0.2165 -0.3005 0.0281
-0.8395 0.1258 0.5272 0.0381 -0.2164 0.5472 0.638 -0.4966 -0.7861 0.245 0.5616 0.0804 -0.799 -0.259 0.5403 0.0515 -0.7007 0.06 0.7073 0.071 -0.6987 -0.3965 0.5343 -0.2629 -0.841 -0.025 -0.4614 -0.2813 -0.7517 0.0202 0.6356 0.1747 -0.7152 0.1248 0.6669 0.1679 -0.9285 0.2165 -0.3005 0.0281
-0.8374 0.1244 0.5306 0.0412 -0.202 0.5548 0.6363 -0.4965 -0.7777 0.2503 0.572 0.0724 -0.799 -0.259 0.5403 0.0515 -0.7047 0.062 0.7001 0.0975 -0.6987 -0.3965 0.5343 -0.2629 -0.841 -0.025 -0.4614 -0.2813 -0.7517 0.0202 0.6356 0.1747 -0.7152 0.1248 0.6669 0.1679 -0.9285 0.2165 -0.3005 0.0281
-0.8374 0.1244 0.5306 0.0412 -0.202 0.5548 0.6363 -0.4965 -0.7777 0.2503 0.572 0.0724 -0.799 -0.259 0.5403 0.0515 -0.7047 0.062 0.7001 0.0975 -0.6987 -0.3965 0.5343 -0.2629 -0.841 -0.025 -0.4614 -0.2813 -0.7396 0.015 0.6412 0.204 -0.7152 0.1248 0.6669 0.1679 -0.9285 0.2165 -0.3005 0.0281
-0.8374 0.1244 0.5306 0.0412 -0.202 0.5548 0.6363 -0.4965 -0.7777 0.2503 0.572 0.0724 -0.799 -0.259 0.5403 0.0515 -0.7047 0.062 0.7001 0.0975 -0.7145 -0.3978 0.5231 -0.2402 -0.841 -0.025 -0.4614 -0.2813 -0.7396 0.015 0.6412 0.204 -0.7152 0.1248 0.6669 0.1679 -0.9337 0.2651 -0.2349 0.0535
-0.8374 0.1244 0.5306 0.0412 -0.202 0.5548 0.6363 -0.4965 -0.7777 0.2503 0.572 0.0724 -0.799 -0.259 0.5403 0.0515 -0.7047 0.062 0.7001 0.0975 -0.7145 -0.3978 0.5231 -0.2402 -0.841 -0.025 -0.4614 -0.2813 -0.7396 0.015 0.6412 0.204 -0.7152 0.1248 0.6669 0.1679 -0.9337 0.2651 -0.2349 0.0535
-0.8374 0.1244 0.5306 0.0412 -0.202 0.5548 0.6363 -0.4965 -0.7777 0.2503 0.572 0.0724 -0.792 -0.2465 0.5571 0.0402 -0.7047 0.062 0.7001 0.0975 -0.7145 -0.3978 0.5231 -0.2402 -0.8317 -0.0231 -0.4827 -0.2734 -0.7396 0.015 0.6412 0.204 -0.684 0.0966 0.6981 0.1887 -0.9337 0.2651 -0.2349 0.0535
-0.8374 0.1244 0.5306 0.0412 -0.202 0.5548 0.6363 -0.4965 -0.7777 0.2503 0.572 0.0724 -0.792 -0.2465 0.5571 0.0402 -0.7047 0.062 0.7001 0.0975 -0.7145 -0.3978 0.5231 -0.2402 -0.8317 -0.0231 -0.4827 -0.2734 -0.7396 0.015 0.6412 0.204 -0.684 0.0966 0.6981 0.1887 -0.9337 0.2651 -0.2349 0.0535
-0.8374 0.1244 0.5306 0.0412 -0.202 0.5548 0.6363 -0.4965 -0.7777 0.2503 0.572 0.0724 -0.792 -0.2465 0.5571 0.0402 -0.7047 0.062 0.7001 0.0975 -0.7145 -0.3978 0.5231 -0.2402 -0.8317 -0.0231 -0.4827 -0.2734 -0.7396 0.015 0.6412 0.204 -0.684 0.0966 0.6981 0.1887 -0.9337 0.2651 -0.2349 0.0535
-0.841 0.126 0.5229 0.0585 -0.2232 0.5568 0.6298 -0.4935 -0.7606 0.2593 0.5895 0.0815 -0.792 -0.2465 0.5571 0.0402 -0.7109 0.0734 0.6867 0.1325 -0.7145 -0.3978 0.5231 -0.2402 -0.8317 -0.0231 -0.4827 -0.2734 -0.7396 0.015 0.6412 0.204 -0.684 0.0966 0.6981 0.1887 -0.9337 0.2651 -0.2349 0.0535
-0.841 0.126 0.5229 0.0585 -0.2232 0.5568 0.6298 -0.4935 -0.7606 0.2593 0.5895 0.0815 -0.792 -0.2465 0.5571 0.0402 -0.7109 0.0734 0.6867 0.1325 -0.7145 -0.3978 0.5231 -0.2402 -0.8317 -0.0231 -0.4827 -0.2734 -0.7177 0.0179 0.6664 0.2009 -0.684 0.0966 0.6981 0.1887 -0.9337 0.2651 -0.2349 0.0535
-0.841 0.126 0.5229 0.0585 -0.2232 0.5568 0.6298 -0.4935 -0.7606 0.2593 0.5895 0.0815 -0.792 -0.2465 0.5571 0.0402 -0.7109 0.0734 0.6867 0.1325 -0.7448 -0.3888 0.505 -0.1976 -0.8317 -0.0231 -0.4827 -0.2734 -0.7177 0.0179 0.6664 0.2009 -0.684 0.0966 0.6981 0.1887 -0.9201 0.202 -0.3309 0.0554
-0.841 0.126 0.5229 0.0585 -0.2232 0.5568 0.6298 -0.4935 -0.7606 0.2593 0.5895 0.0815 -0.792 -0.2465 0.5571 0.0402 -0.7109 0.0734 0.6867 0.1325 -0.7448 -0.3888 0.505 -0.1976 -0.8317 -0.0231 -0.4827 -0.2734 -0.7177 0.0179 0.6664 0.2009 -0.684 0.0966 0.6981 0.1887 -0.9201 0.202 -0.3309 0.0554
-0.841 0.126 0.5229 0.0585 -0.2232 0.5568 0.6298 -0.4935 -0.7606 0.2593 0.5895 0.0815 -0.7777 -0.2037 0.5941 0.0281 -0.7109 0.0734 0.6867 0.1325 -0.7448 -0.3888 0.505 -0.1976 -0.8317 -0.0231 -0.4827 -0.2734 -0.7177 0.0179 0.6664 0.2009 -0.665 0.1275 0.7145 0.176 -0.9201 0.202 -0.3309 0.0554
-0.841 0.126 0.5229 0.0585 -0.2232 0.5568 0.6298 -0.4935 -0.7606 0.2593 0.5895 0.0815 -0.7777 -0.2037 0.5941 0.0281 -0.7109 0.0734 0.6867 0.1325 -0.7448 -0.3888 0.505 -0.1976 -0.8317 -0.0231 -0.4827 -0.2734 -0.7177 0.0179 0.6664 0.2009 -0.665 0.1275 0.7145 0.176 -0.9201 0.202 -0.3309 0.0554
-0.841 0.126 0.5229 0.0585 -0.2232 0.5568 0.6298 -0.4935 -0.7606 0.2593 0.5895 0.0815 -0.7777 -0.2037 0.5941 0.0281 -0.7109 0.0734 0.6867 0.1325 -0.7448 -0.3888 0.505 -0.1976 -0.8317 -0.0231 -0.4827 -0.2734 -0.7177 0.0179 0.6664 0.2009 -0.665 0.1275 0.7145 0.176 -0.9201 0.202 -0.3309 0.0554
-0.8516 0.1248 0.5001 0.0952 -0.2652 0.5577 0.6192 -0.485 -0.7437 0.2712 0.5989 0.1212 -0.7777 -0.2037 0.5941 0.0281 -0.7109 0.0734 0.6867 0.1325 -0.7448 -0.3888 0.505 -0.1976 -0.8317 -0.0231 -0.4827 -0.2734 -0.7177 0.0179 0.6664 0.2009 -0.665 0.1275 0.7145 0.176 -0.9201 0.202 -0.3309 0.0554
-0.8516 0.1248 0.5001 0.0952 -0.2652 0.5577 0.6192 -0.485 -0.7437 0.2712 0.5989 0.1212 -0.7777 -0.2037 0.5941 0.0281 -0.7109 0.0734 0.6867 0.1325 -0.7448 -0.3888 0.505 -0.1976 -0.8317 -0.0231 -0.4827 -0.2734 -0.7177 0.0179 0.6664 0.2009 -0.665 0.1275 0.7145 0.176 -0.9201 0.202 -0.3309 0.0554
-0.8516 0.1248 0.5001 0.0952 -0.2652 0.5577 0.6192 -0.485 -0.7437 0.2712 0.5989 0.1212 -0.7777 -0.2037 0.5941 0.0281 -0.724 0.1248 0.6584 0.1633 -0.7448 -0.3888 0.505 -0.1976 -0.8317 -0.0231 -0.4827 -0.2734 -0.7039 0.0313 0.683 0.1925 -0.665 0.1275 0.7145 0.176 -0.9201 0.202 -0.3309 0.0554
-0.8516 0.1248 0.5001 0.0952 -0.2652 0.5577 0.6192 -0.485 -0.7437 0.2712 0.5989 0.1212 -0.7777 -0.2037 0.5941 0.0281 -0.724 0.1248 0.6584 0.1633 -0.7448 -0.3888 0.505 -0.1976 -0.8317 -0.0231 -0.4827 -0.2734 -0.7039 0.0313 0.683 0.1925 -0.665 0.1275 0.7145 0.176 -0.9201 0.202 -0.3309 0.0554
-0.8516 0.1248 0.5001 0.0952 -0.2652 0.5577 0.6192 -0.485 -0.7437 0.2712 0.5989 0.1212 -0.7653 -0.1716 0.6191 0.04 -0.724 0.1248 0.6584 0.1633 -0.7448 -0.3888 0.505 -0.1976 -0.7156 -0.0817 -0.6516 -0.2379 -0.7039 0.0313 0.683 0.1925 -0.6558 0.1897 0.7112 0.168 -0.9183 0.1848 -0.3473 0.0453
-0.8516 0.1248 0.5001 0.0952 -0.2652 0.5577 0.6192 -0.485 -0.7437 0.2712 0.5989 0.1212 -0.7653 -0.1716 0.6191 0.04 -0.724 0.1248 0.6584 0.1633 -0.7448 -0.3888 0.505 -0.1976 -0.7156 -0.0817 -0.6516 -0.2379 -0.7039 0.0313 0.683 0.1925 -0.6558 0.1897 0.7112 0.168 -0.9183 0.1848 -0.3473 0.0453
-0.8516 0.1248 0.5001 0.0952 -0.2953 0.5522 0.6151 -0.479 -0.7437 0.2712 0.5989 0.1212 -0.7653 -0.1716 0.6191 0.04 -0.724 0.1248 0.6584 0.1633 -0.7448 -0.3888 0.505 -0.1976 -0.7156 -0.0817 -0.6516 -0.2379 -0.7039 0.0313 0.683 0.1925 -0.6558 0.1897 0.7112 0.168 -0.9183 0.1848 -0.3473 0.0453
-0.8516 0.1248 0.5001 0.0952 -0.2953 0.5522 0.6151 -0.479 -0.732 0.2757 0.6017 0.1617 -0.7653 -0.1716 0.6191 0.04 -0.724 0.1248 0.6584 0.1633 -0.7448 -0.3888 0.505 -0.1976 -0.7156 -0.0817 -0.6516 -0.2379 -0.7039 0.0313 0.683 0.1925 -0.6558 0.1897 0.7112 0.168 -0.9183 0.1848 -0.3473 0.0453
-0.8516 0.1248 0.5001 0.0952 -0.2953 0.5522 0.6151 -0.479 -0.732 0.2757 0.6017 0.1617 -0.7653 -0.1716 0.6191 0.04 -0.724 0.1248 0.6584 0.1633 -0.7448 -0.3888 0.505 -0.1976 -0.7156 -0.0817 -0.6516 -0.2379 -0.7039 0.0313 0.683 0.1925 -0.6558 0.1897 0.7112 0.168 -0.9183 0.1848 -0.3473 0.0453
-0.8516 0.1248 0.5001 0.0952 -0.2953 0.5522 0.6151 -0.479 -0.732 0.2757 0.6017 0.1617 -0.7653 -0.1716 0.6191 0.04 -0.7416 0.1555 0.6394 0.1299 -0.7448 -0.3888 0.505 -0.1976 -0.7156 -0.0817 -0.6516 -0.2379 -0.6879 0.0736 0.6949 0.1961 -0.6558 0.1897 0.7112 0.168 -0.9183 0.1848 -0.3473 0.0453
-0.8516 0.1248 0.5001 0.0952 -0.2953 0.5522 0.6151 -0.479 -0.732 0.2757 0.6017 0.1617 -0.7653 -0.1716 0.6191 0.04 -0.7416 0.1555 0.6394 0.1299 -0.7448 -0.3888 0.505 -0.1976 -0.7156 -0.0817 -0.6516 -0.2379 -0.6879 0.0736 0.6949 0.1961 -0.6558 0.1897 0.7112 0.168 -0.9183 0.1848 -0.3473 0.0453
-0.8516 0.1248 0.5001 0.0952 -0.2953 0.5522 0.6151 -0.479 -0.732 0.2757 0.6017 0.1617 -0.7484 -0.1863 0.6307 0.0862 -0.7416 0.1555 0.6394 0.1299 -0.8187 -0.3574 0.4412 -0.0863 -0.7157 -0.1391 -0.6757 -0.1094 -0.6879 0.0736 0.6949 0.1961 -0.6548 0.2137 0.7084 0.1537 -0.9183 0.1854 -0.3469 0.0452
-0.8516 0.1248 0.5001 0.0952 -0.2953 0.5522 0.6151 -0.479 -0.732 0.2757 0.6017 0.1617 -0.7484 -0.1863 0.6307 0.0862 -0.7416 0.1555 0.6394 0.1299 -0.8187 -0.3574 0.4412 -0.0863 -0.7157 -0.1391 -0.6757 -0.1094 -0.6879 0.0736 0.6949 0.1961 -0.6548 0.2137 0.7084 0.1537 -0.9183 0.1854 -0.3469 0.0452
-0.8516 0.1248 0.5001 0.0952 -0.3181 0.554 0.5987 -0.4832 -0.732 0.2757 0.6017 0.1617 -0.7484 -0.1863 0.6307 0.0862 -0.7416 0.1555 0.6394 0.1299 -0.8187 -0.3574 0.4412 -0.0863 -0.7157 -0.1391 -0.6757 -0.1094 -0.6879 0.0736 0.6949 0.1961 -0.6548 0.2137 0.7084 0.1537 -0.9183 0.1854 -0.3469 0.0452
-0.8516 0.1248 0.5001 0.0952 -0.3181 0.554 0.5987 -0.4832 -0.732 0.2757 0.6017 0.1617 -0.7484 -0.1863 0.6307 0.0862 -0.7416 0.1555 0.6394 0.1299 -0.8187 -0.3574 0.4412 -0.0863 -0.7157 -0.1391 -0.6757 -0.1094 -0.6879 0.0736 0.6949 0.1961 -0.6548 0.2137 0.7084 0.1537 -0.9183 0.1854 -0.3469 0.0452
-0.8741 0.1307 0.4489 0.1318 -0.3181 0.554 0.5987 -0.4832 -0.7325 0.2661 0.5959 0.1934 -0.7484 -0.1863 0.6307 0.0862 -0.7416 0.1555 0.6394 0.1299 -0.8187 -0.3574 0.4412 -0.0863 -0.7157 -0.1391 -0.6757 -0.1094 -0.6879 0.0736 0.6949 0.1961 -0.6548 0.2137 0.7084 0.1537 -0.9183 0.1854 -0.3469 0.0452
-0.8741 0.1307 0.4489 0.1318 -0.3181 0.554 0.5987 -0.4832 -0.7325 0.2661 0.5959 0.1934 -0.7484 -0.1863 0.6307 0.0862 -0.7416 0.1555 0.6394 0.1299 -0.8187 -0.3574 0.4412 -0.0863 -0.7157 -0.1391 -0.6757 -0.1094 -0.6786 0.0826 0.7089 0.1736 -0.6548 0.2137 0.7084 0.1537 -0.9183 0.1854 -0.3469 0.0452
-0.8741 0.1307 0.4489 0.1318 -0.3181 0.554 0.5987 -0.4832 -0.7325 0.2661 0.5959 0.1934 -0.7484 -0.1863 0.6307 0.0862 -0.7416 0.1555 0.6394 0.1299 -0.8365 -0.3332 0.4212 -0.1086 -0.7157 -0.1391 -0.6757 -0.1094 -0.6786 0.0826 0.7089 0.1736 -0.6548 0.2137 0.7084 0.1537 -0.9214 0.1771 -0.3438 0.0396
-0.8741 0.1307 0.4489 0.1318 -0.3181 0.554 0.5987 -0.4832 -0.7325 0.2661 0.5959 0.1934 -0.7324 -0.2109 0.6362 0.1198 -0.7416 0.1555 0.6394 0.1299 -0.8365 -0.3332 0.4212 -0.1086 -0.7266 -0.0829 -0.6728 -0.1122 -0.6786 0.0826 0.7089 0.1736 -0.6486 0.2444 0.7048 0.1511 -0.9214 0.1771 -0.3438 0.0396
-0.8741 0.1307 0.4489 0.1318 -0.3181 0.554 0.5987 -0.4832 -0.7325 0.2661 0.5959 0.1934 -0.7324 -0.2109 0.6362 0.1198 -0.7416 0.1555 0.6394 0.1299 -0.8365 -0.3332 0.4212 -0.1086 -0.7266 -0.0829 -0.6728 -0.1122 -0.6786 0.0826 0.7089 0.1736 -0.6486 0.2444 0.7048 0.1511 -0.9214 0.1771 -0.3438 0.0396
-0.8741 0.1307 0.4489 0.1318 -0.3303 0.5506 0.5911 -0.4883 -0.7325 0.2661 0.5959 0.1934 -0.7324 -0.2109 0.6362 0.1198 -0.7416 0.1555 0.6394 0.1299 -0.8365 -0.3332 0.4212 -0.1086 -0.7266 -0.0829 -0.6728 -0.1122 -0.6786 0.0826 0.7089 0.1736 -0.6486 0.2444 0.7048 0.1511 -0.9214 0.1771 -0.3438 0.0396
-0.8741 0.1307 0.4489 0.1318 -0.3303 0.5506 0.5911 -0.4883 -0.7325 0.2661 0.5959 0.1934 -0.7324 -0.2109 0.6362 0.1198 -0.7416 0.1555 0.6394 0.1299 -0.8365 -0.3332 0.4212 -0.1086 -0.7266 -0.0829 -0.6728 -0.1122 -0.6786 0.0826 0.7089 0.1736 -0.6486 0.2444 0.7048 0.1511 -0.9214 0.1771 -0.3438 0.0396
-0.8741 0.1307 0.4489 0.1318 -0.3303 0.5506 0.5911 -0.4883 -0.7325 0.2661 0.5959 0.1934 -0.7324 -0.2109 0.6362 0.1198 -0.7996 0.1768 0.571 0.0574 -0.8365 -0.3332 0.4212 -0.1086 -0.7266 -0.0829 -0.6728 -0.1122 -0.6695 0.0952 0.7181 0.1643 -0.6486 0.2444 0.7048 0.1511 -0.9214 0.1771 -0.3438 0.0396
-0.8741 0.1307 0.4489 0.1318 -0.3303 0.5506 0.5911 -0.4883 -0.7325 0.2661 0.5959 0.1934 -0.7324 -0.2109 0.6362 0.1198 -0.7996 0.1768 0.571 0.0574 -0.8365 -0.3332 0.4212 -0.1086 -0.7266 -0.0829 -0.6728 -0.1122 -0.6695 0.0952 0.7181 0.1643 -0.6486 0.2444 0.7048 0.1511 -0.9214 0.1771 -0.3438 0.0396
-0.8741 0.1307 0.4489 0.1318 -0.3303 0.5506 0.5911 -0.4883 -0.7325 0.2661 0.5959 0.1934 -0.7324 -0.2109 0.6362 0.1198 -0.7996 0.1768 0.571 0.0574 -0.8438 -0.2687 0.4298 -0.1763 -0.7266 -0.0829 -0.6728 -0.1122 -0.6695 0.0952 0.7181 0.1643 -0.6486 0.2444 0.7048 0.1511 -0.9246 0.1679 -0.3404 0.0338
-0.8741 0.1307 0.4489 0.1318 -0.3303 0.5506 0.5911 -0.4883 -0.7325 0.2661 0.5959 0.1934 -0.7237 -0.2024 0.6453 0.1372 -0.7996 0.1768 0.571 0.0574 -0.8438 -0.2687 0.4298 -0.1763 -0.7781 -0.0511 -0.6144 -0.1206 -0.6695 0.0952 0.7181 0.1643 -0.6462 0.2629 0.7014 0.1462 -0.9246 0.1679 -0.3404 0.0338
-0.8741 0.1307 0.4489 0.1318 -0.3303 0.5506 0.5911 -0.4883 -0.7325 0.2661 0.5959 0.1934 -0.7237 -0.2024 0.6453 0.1372 -0.7996 0.1768 0.571 0.0574 -0.8438 -0.2687 0.4298 -0.1763 -0.7781 -0.0511 -0.6144 -0.1206 -0.6695 0.0952 0.7181 0.1643 -0.6462 0.2629 0.7014 0.1462 -0.9246 0.1679 -0.3404 0.0338
-0.8741 0.1307 0.4489 0.1318 -0.3303 0.5506 0.5911 -0.4883 -0.7325 0.2661 0.5959 0.1934 -0.7237 -0.2024 0.6453 0.1372 -0.7996 0.1768 0.571 0.0574 -0.8438 -0.2687 0.4298 -0.1763 -0.7781 -0.0511 -0.6144 -0.1206 -0.6695 0.0952 0.7181 0.1643 -0.6462 0.2629 0.7014 0.1462 -0.9246 0.1679 -0.3404 0.0338
-0.8741 0.1307 0.4489 0.1318 -0.3303 0.5506 0.5911 -0.4883 -0.7325 0.2661 0.5959 0.1934 -0.7237 -0.2024 0.6453 0.1372 -0.7996 0.1768 0.571 0.0574 -0.8438 -0.2687 0.4298 -0.1763 -0.7781 -0.0511 -0.6144 -0.1206 -0.6695 0.0952 0.7181 0.1643 -0.6462 0.2629 0.7014 0.1462 -0.9246 0.1679 -0.3404 0.0338
-0.8741 0.1307 0.4489 0.1318 -0.3303 0.5506 0.5911 -0.4883 -0.7325 0.2661 0.5959 0.1934 -0.7237 -0.2024 0.6453 0.1372 -0.7996 0.1768 0.571 0.0574 -0.8438 -0.2687 0.4298 -0.1763 -0.7781 -0.0511 -0.6144 -0.1206 -0.6695 0.0952 0.7181 0.1643 -0.6462 0.2629 0.7014 0.1462 -0.9246 0.1679 -0.3404 0.0338
-0.8849 0.1418 0.4239 0.1307 -0.3303 0.5506 0.5911 -0.4883 -0.7173 0.2734 0.5925 0.2441 -0.7237 -0.2024 0.6453 0.1372 -0.8044 0.2046 0.5568 0.0316 -0.8152 -0.2104 0.4723 -0.2608 -0.7781 -0.0511 -0.6144 -0.1206 -0.6637 0.1187 0.7208 0.1605 -0.6462 0.2629 0.7014 0.1462 -0.9266 0.1615 -0.3383 0.0298
-0.8849 0.1418 0.4239 0.1307 -0.3303 0.5506 0.5911 -0.4883 -0.7173 0.2734 0.5925 0.2441 -0.7237 -0.2024 0.6453 0.1372 -0.8044 0.2046 0.5568 0.0316 -0.8152 -0.2104 0.4723 -0.2608 -0.7781 -0.0511 -0.6144 -0.1206 -0.6637 0.1187 0.7208 0.1605 -0.6462 0.2629 0.7014 0.1462 -0.9266 0.1615 -0.3383 0.0298
-0.8849 0.1418 0.4239 0.1307 -0.3303 0.5506 0.5911 -0.4883 -0.7173 0.2734 0.5925 0.2441 -0.7221 -0.1745 0.6559 0.1341 -0.8044 0.2046 0.5568 0.0316 -0.8152 -0.2104 0.4723 -0.2608 -0.8225 -0.0502 -0.54 -0.1716 -0.6637 0.1187 0.7208 0.1605 -0.6482 0.2712 0.6977 0.1396 -0.9266 0.1615 -0.3383 0.0298
-0.8849 0.1418 0.4239 0.1307 -0.3303 0.5506 0.5911 -0.4883 -0.7173 0.2734 0.5925 0.2441 -0.7221 -0.1745 0.6559 0.1341 -0.8044 0.2046 0.5568 0.0316 -0.8152 -0.2104 0.4723 -0.2608 -0.8225 -0.0502 -0.54 -0.1716 -0.6637 0.1187 0.7208 0.1605 -0.6482 0.2712 0.6977 0.1396 -0.9266 0.1615 -0.3383 0.0298
-0.8849 0.1418 0.4239 0.1307 -0.3266 0.543 0.5868 -0.5042 -0.7173 0.2734 0.5925 0.2441 -0.7221 -0.1745 0.6559 0.1341 -0.8044 0.2046 0.5568 0.0316 -0.8152 -0.2104 0.4723 -0.2608 -0.8225 -0.0502 -0.54 -0.1716 -0.6637 0.1187 0.7208 0.1605 -0.6482 0.2712 0.6977 0.1396 -0.9266 0.1615 -0.3383 0.0298
-0.8882 0.1442 0.4192 0.1203 -0.3266 0.543 0.5868 -0.5042 -0.7026 0.277 0.6025 0.258 -0.7221 -0.1745 0.6559 0.1341 -0.8044 0.2046 0.5568 0.0316 -0.8152 -0.2104 0.4723 -0.2608 -0.8225 -0.0502 -0.54 -0.1716 -0.6637 0.1187 0.7208 0.1605 -0.6482 0.2712 0.6977 0.1396 -0.9266 0.1615 -0.3383 0.0298
-0.8882 0.1442 0.4192 0.1203 -0.3266 0.543 0.5868 -0.5042 -0.7026 0.277 0.6025 0.258 -0.7221 -0.1745 0.6559 0.1341 -0.7855 0.2169 0.5796 -0.0077 -0.8152 -0.2104 0.4723 -0.2608 -0.8225 -0.0502 -0.54 -0.1716 -0.6694 0.1236 0.7209 0.1302 -0.6482 0.2712 0.6977 0.1396 -0.9266 0.1615 -0.3383 0.0298
-0.8882 0.1442 0.4192 0.1203 -0.3266 0.543 0.5868 -0.5042 -0.7026 0.277 0.6025 0.258 -0.7221 -0.1745 0.6559 0.1341 -0.7855 0.2169 0.5796 -0.0077 -0.8152 -0.2104 0.4723 -0.2608 -0.8225 -0.0502 -0.54 -0.1716 -0.6694 0.1236 0.7209 0.1302 -0.6482 0.2712 0.6977 0.1396 -0.9266 0.1615 -0.3383 0.0298
-0.8882 0.1442 0.4192 0.1203 -0.3266 0.543 0.5868 -0.5042 -0.7026 0.277 0.6025 0.258 -0.7221 -0.1745 0.6559 0.1341 -0.7855 0.2169 0.5796 -0.0077 -0.8152 -0.2104 0.4723 -0.2608 -0.8225 -0.0502 -0.54 -0.1716 -0.6694 0.1236 0.7209 0.1302 -0.6482 0.2712 0.6977 0.1396 -0.9266 0.1615 -0.3383 0.0298
-0.8882 0.1442 0.4192 0.1203 -0.3266 0.543 0.5868 -0.5042 -0.7026 0.277 0.6025 0.258 -0.7234 -0.1605 0.6599 0.1242 -0.7855 0.2169 0.5796 -0.0077 -0.7646 -0.1803 0.5313 -0.317 -0.8292 -0.0762 -0.4932 -0.2516 -0.6694 0.1236 0.7209 0.1302 -0.6594 0.2694 0.692 0.1171 -0.9276 0.1567 -0.3382 0.0257
-0.8882 0.1442 0.4192 0.1203 -0.3266 0.543 0.5868 -0.5042 -0.7026 0.277 0.6025 0.258 -0.7234 -0.1605 0.6599 0.1242 -0.7855 0.2169 0.5796 -0.0077 -0.7646 -0.1803 0.5313 -0.317 -0.8292 -0.0762 -0.4932 -0.2516 -0.6694 0.1236 0.7209 0.1302 -0.6594 0.2694 0.692 0.1171 -0.9276 0.1567 -0.3382 0.0257
-0.8882 0.1442 0.4192 0.1203 -0.3227 0.5353 0.594 -0.5065 -0.7026 0.277 0.6025 0.258 -0.7234 -0.1605 0.6599 0.1242 -0.7855 0.2169 0.5796 -0.0077 -0.7646 -0.1803 0.5313 -0.317 -0.8292 -0.0762 -0.4932 -0.2516 -0.6694 0.1236 0.7209 0.1302 -0.6594 0.2694 0.692 0.1171 -0.9276 0.1567 -0.3382 0.0257
-0.8882 0.1442 0.4192 0.1203 -0.3227 0.5353 0.594 -0.5065 -0.7026 0.277 0.6025 0.258 -0.7234 -0.1605 0.6599 0.1242 -0.7855 0.2169 0.5796 -0.0077 -0.7646 -0.1803 0.5313 -0.317 -0.8292 -0.0762 -0.4932 -0.2516 -0.6694 0.1236 0.7209 0.1302 -0.6594 0.2694 0.692 0.1171 -0.9276 0.1567 -0.3382 0.0257
-0.8882 0.1442 0.4192 0.1203 -0.3227 0.5353 0.594 -0.5065 -0.707 0.2683 0.6071 0.2442 -0.7234 -0.1605 0.6599 0.1242 -0.7534 0.2109 0.6224 -0.0256 -0.7646 -0.1803 0.5313 -0.317 -0.8292 -0.0762 -0.4932 -0.2516 -0.6806 0.1138 0.7186 0.0864 -0.6594 0.2694 0.692 0.1171 -0.9276 0.1567 -0.3382 0.0257
-0.8882 0.1442 0.4192 0.1203 -0.3227 0.5353 0.594 -0.5065 -0.707 0.2683 0.6071 0.2442 -0.7234 -0.1605 0.6599 0.1242 -0.7534 0.2109 0.6224 -0.0256 -0.7646 -0.1803 0.5313 -0.317 -0.8292 -0.0762 -0.4932 -0.2516 -0.6806 0.1138 0.7186 0.0864 -0.6594 0.2694 0.692 0.1171 -0.9276 0.1567 -0.3382 0.0257
-0.8882 0.1442 0.4192 0.1203 -0.3227 0.5353 0.594 -0.5065 -0.707 0.2683 0.6071 0.2442 -0.7234 -0.1605 0.6599 0.1242 -0.7534 0.2109 0.6224 -0.0256 -0.7126 -0.1663 0.601 -0.3215 -0.8375 -0.1532 -0.4865 -0.1964 -0.6806 0.1138 0.7186 0.0864 -0.6594 0.2694 0.692 0.1171 -0.9273 0.153 -0.341 0.0202
-0.8882 0.1442 0.4192 0.1203 -0.3227 0.5353 0.594 -0.5065 -0.707 0.2683 0.6071 0.2442 -0.7314 -0.1769 0.6508 0.1011 -0.7534 0.2109 0.6224 -0.0256 -0.7126 -0.1663 0.601 -0.3215 -0.8375 -0.1532 -0.4865 -0.1964 -0.6806 0.1138 0.7186 0.0864 -0.6594 0.2694 0.692 0.1171 -0.9273 0.153 -0.341 0.0202
-0.8882 0.1442 0.4192 0.1203 -0.3227 0.5353 0.594 -0.5065 -0.707 0.2683 0.6071 0.2442 -0.7314 -0.1769 0.6508 0.1011 -0.7534 0.2109 0.6224 -0.0256 -0.7126 -0.1663 0.601 -0.3215 -0.8375 -0.1532 -0.4865 -0.1964 -0.6806 0.1138 0.7186 0.0864 -0.6594 0.2694 0.692 0.1171 -0.9273 0.153 -0.341 0.0202
-0.8882 0.1442 0.4192 0.1203 -0.2969 0.5273 0.6061 -0.5161 -0.707 0.2683 0.6071 0.2442 -0.7314 -0.1769 0.6508 0.1011 -0.7534 0.2109 0.6224 -0.0256 -0.7126 -0.1663 0.601 -0.3215 -0.8375 -0.1532 -0.4865 -0.1964 -0.6806 0.1138 0.7186 0.0864 -0.6594 0.2694 0.692 0.1171 -0.9273 0.153 -0.341 0.0202
-0.8864 0.1349 0.4352 0.0814 -0.2969 0.5273 0.6061 -0.5161 -0.7281 0.2482 0.6077 0.1972 -0.7314 -0.1769 0.6508 0.1011 -0.7534 0.2109 0.6224 -0.0256 -0.7126 -0.1663 0.601 -0.3215 -0.8375 -0.1532 -0.4865 -0.1964 -0.6806 0.1138 0.7186 0.0864 -0.6594 0.2694 0.692 0.1171 -0.9273 0.153 -0.341 0.0202
-0.8864 0.1349 0.4352 0.0814 -0.2969 0.5273 0.6061 -0.5161 -0.7281 0.2482 0.6077 0.1972 -0.7314 -0.1769 0.6508 0.1011 -0.7188 0.2006 0.6656 -0.0089 -0.7126 -0.1663 0.601 -0.3215 -0.8375 -0.1532 -0.4865 -0.1964 -0.6922 0.1077 0.7118 0.0516 -0.6594 0.2694 0.692 0.1171 -0.9273 0.153 -0.341 0.0202
-0.8864 0.1349 0.4352 0.0814 -0.2969 0.5273 0.6061 -0.5161 -0.7281 0.2482 0.6077 0.1972 -0.7314 -0.1769 0.6508 0.1011 -0.7188 0.2006 0.6656 -0.0089 -0.7043 -0.2411 0.5959 -0.3013 -0.8375 -0.1532 -0.4865 -0.1964 -0.6922 0.1077 0.7118 0.0516 -0.6594 0.2694 0.692 0.1171 -0.9273 0.153 -0.341 0.0202
-0.8864 0.1349 0.4352 0.0814 -0.2969 0.5273 0.6061 -0.5161 -0.7281 0.2482 0.6077 0.1972 -0.7314 -0.1769 0.6508 0.1011 -0.7188 0.2006 0.6656 -0.0089 -0.7043 -0.2411 0.5959 -0.3013 -0.8375 -0.1532 -0.4865 -0.1964 -0.6922 0.1077 0.7118 0.0516 -0.6594 0.2694 0.692 0.1171 -0.9273 0.153 -0.341 0.0202
-0.8864 0.1349 0.4352 0.0814 -0.2969 0.5273 0.6061 -0.5161 -0.7281 0.2482 0.6077 0.1972 -0.7559 -0.1937 0.6221 0.0638 -0.7188 0.2006 0.6656 -0.0089 -0.7043 -0.2411 0.5959 -0.3013 -0.8375 -0.1532 -0.4865 -0.1964 -0.6922 0.1077 0.7118 0.0516 -0.6594 0.2694 0.692 0.1171 -0.9273 0.153 -0.341 0.0202
-0.8864 0.1349 0.4352 0.0814 -0.2969 0.5273 0.6061 -0.5161 -0.7281 0.2482 0.6077 0.1972 -0.7559 -0.1937 0.6221 0.0638 -0.7188 0.2006 0.6656 -0.0089 -0.7043 -0.2411 0.5959 -0.3013 -0.8375 -0.1532 -0.4865 -0.1964 -0.6922 0.1077 0.7118 0.0516 -0.6594 0.2694 0.692 0.1171 -0.9273 0.153 -0.341 0.0202
-0.8864 0.1349 0.4352 0.0814 -0.2969 0.5273 0.6061 -0.5161 -0.7281 0.2482 0.6077 0.1972 -0.7559 -0.1937 0.6221 0.0638 -0.7188 0.2006 0.6656 -0.0089 -0.7043 -0.2411 0.5959 -0.3013 -0.8375 -0.1532 -0.4865 -0.1964 -0.6922 0.1077 0.7118 0.0516 -0.6594 0.2694 0.692 0.1171 -0.9273 0.153 -0.341 0.0202
-0.8776 0.1241 0.4603 0.0493 -0.2597 0.52 0.6278 -0.5177 -0.7471 0.2442 0.6012 0.1442 -0.7559 -0.1937 0.6221 0.0638 -0.7188 0.2006 0.6656 -0.0089 -0.7043 -0.2411 0.5959 -0.3013 -0.8375 -0.1532 -0.4865 -0.1964 -0.6922 0.1077 0.7118 0.0516 -0.6594 0.2694 0.692 0.1171 -0.9273 0.153 -0.341 0.0202
-0.8776 0.1241 0.4603 0.0493 -0.2597 0.52 0.6278 -0.5177 -0.7471 0.2442 0.6012 0.1442 -0.7559 -0.1937 0.6221 0.0638 -0.7053 0.1522 0.6918 -0.0264 -0.7043 -0.2411 0.5959 -0.3013 -0.8375 -0.1532 -0.4865 -0.1964 -0.6922 0.1077 0.7118 0.0516 -0.6594 0.2694 0.692 0.1171 -0.9273 0.153 -0.341 0.0202
-0.8776 0.1241 0.4603 0.0493 -0.2597 0.52 0.6278 -0.5177 -0.7471 0.2442 0.6012 0.1442 -0.7559 -0.1937 0.6221 0.0638 -0.7053 0.1522 0.6918 -0.0264 -0.7043 -0.2411 0.5959 -0.3013 -0.8375 -0.1532 -0.4865 -0.1964 -0.7097 0.0854 0.6989 0.0234 -0.6594 0.2694 0.692 0.1171 -0.9273 0.153 -0.341 0.0202
-0.8776 0.1241 0.4603 0.0493 -0.2597 0.52 0.6278 -0.5177 -0.7471 0.2442 0.6012 0.1442 -0.7559 -0.1937 0.6221 0.0638 -0.7053 0.1522 0.6918 -0.0264 -0.7043 -0.2411 0.5959 -0.3013 -0.8375 -0.1532 -0.4865 -0.1964 -0.7097 0.0854 0.6989 0.0234 -0.6594 0.2694 0.692 0.1171 -0.9273 0.153 -0.341 0.0202
-0.8776 0.1241 0.4603 0.0493 -0.2597 0.52 0.6278 -0.5177 -0.7471 0.2442 0.6012 0.1442 -0.7824 -0.1983 0.5903 0.0123 -0.7053 0.1522 0.6918 -0.0264 -0.7043 -0.2411 0.5959 -0.3013 -0.887 -0.1223 -0.3987 -0.198 -0.7097 0.0854 0.6989 0.0234 -0.7314 0.2903 0.6169 0.0134 -0.8828 0.1729 -0.4368 0.0046
-0.8776 0.1241 0.4603 0.0493 -0.2597 0.52 0.6278 -0.5177 -0.7471 0.2442 0.6012 0.1442 -0.7824 -0.1983 0.5903 0.0123 -0.7053 0.1522 0.6918 -0.0264 -0.7043 -0.2411 0.5959 -0.3013 -0.887 -0.1223 -0.3987 -0.198 -0.7097 0.0854 0.6989 0.0234 -0.7314 0.2903 0.6169 0.0134 -0.8828 0.1729 -0.4368 0.0046
-0.8776 0.1241 0.4603 0.0493 -0.236 0.5162 0.6503 -0.505 -0.7471 0.2442 0.6012 0.1442 -0.7824 -0.1983 0.5903 0.0123 -0.7053 0.1522 0.6918 -0.0264 -0.7043 -0.2411 0.5959 -0.3013 -0.887 -0.1223 -0.3987 -0.198 -0.7097 0.0854 0.6989 0.0234 -0.7314 0.2903 0.6169 0.0134 -0.8828 0.1729 -0.4368 0.0046
-0.8776 0.1241 0.4603 0.0493 -0.236 0.5162 0.6503 -0.505 -0.7532 0.261 0.5937 0.11 -0.7824 -0.1983 0.5903 0.0123 -0.7053 0.1522 0.6918 -0.0264 -0.7043 -0.2411 0.5959 -0.3013 -0.887 -0.1223 -0.3987 -0.198 -0.7097 0.0854 0.6989 0.0234 -0.7314 0.2903 0.6169 0.0134 -0.8828 0.1729 -0.4368 0.0046
-0.8776 0.1241 0.4603 0.0493 -0.236 0.5162 0.6503 -0.505 -0.7532 0.261 0.5937 0.11 -0.7824 -0.1983 0.5903 0.0123 -0.7053 0.1522 0.6918 -0.0264 -0.7043 -0.2411 0.5959 -0.3013 -0.887 -0.1223 -0.3987 -0.198 -0.7097 0.0854 0.6989 0.0234 -0.7314 0.2903 0.6169 0.0134 -0.8828 0.1729 -0.4368 0.0046
-0.8776 0.1241 0.4603 0.0493 -0.236 0.5162 0.6503 -0.505 -0.7532 0.261 0.5937 0.11 -0.7824 -0.1983 0.5903 0.0123 -0.7053 0.1522 0.6918 -0.0264 -0.6876 -0.329 0.5814 -0.2847 -0.887 -0.1223 -0.3987 -0.198 -0.7097 0.0854 0.6989 0.0234 -0.7314 0.2903 0.6169 0.0134 -0.8828 0.1729 -0.4368 0.0046
-0.8776 0.1241 0.4603 0.0493 -0.236 0.5162 0.6503 -0.505 -0.7532 0.261 0.5937 0.11 -0.7824 -0.1983 0.5903 0.0123 -0.7053 0.1522 0.6918 -0.0264 -0.6876 -0.329 0.5814 -0.2847 -0.887 -0.1223 -0.3987 -0.198 -0.7097 0.0854 0.6989 0.0234 -0.7314 0.2903 0.6169 0.0134 -0.8828 0.1729 -0.4368 0.0046
-0.8776 0.1241 0.4603 0.0493 -0.236 0.5162 0.6503 -0.505 -0.7532 0.261 0.5937 0.11 -0.7824 -0.1983 0.5903 0.0123 -0.7053 0.1522 0.6918 -0.0264 -0.6876 -0.329 0.5814 -0.2847 -0.887 -0.1223 -0.3987 -0.198 -0.7097 0.0854 0.6989 0.0234 -0.7314 0.2903 0.6169 0.0134 -0.8828 0.1729 -0.4368 0.0046
-0.8776 0.1241 0.4603 0.0493 -0.236 0.5162 0.6503 -0.505 -0.7532 0.261 0.5937 0.11 -0.7927 -0.2057 0.5733 0.0246 -0.7053 0.1522 0.6918 -0.0264 -0.6876 -0.329 0.5814 -0.2847 -0.8894 -0.1202 -0.395 -0.1963 -0.7097 0.0854 0.6989 0.0234 -0.7499 0.2936 0.5919 -0.0323 -0.8459 0.2045 -0.4896 -0.0541
-0.8776 0.1241 0.4603 0.0493 -0.236 0.5162 0.6503 -0.505 -0.7532 0.261 0.5937 0.11 -0.7927 -0.2057 0.5733 0.0246 -0.7053 0.1522 0.6918 -0.0264 -0.6876 -0.329 0.5814 -0.2847 -0.8894 -0.1202 -0.395 -0.1963 -0.7097 0.0854 0.6989 0.0234 -0.7499 0.2936 0.5919 -0.0323 -0.8459 0.2045 -0.4896 -0.0541
-0.8669 0.0926 0.4893 0.022 -0.2241 0.5111 0.6577 -0.506 -0.7657 0.2574 0.5843 0.0782 -0.7927 -0.2057 0.5733 0.0246 -0.7053 0.1522 0.6918 -0.0264 -0.6876 -0.329 0.5814 -0.2847 -0.8894 -0.1202 -0.395 -0.1963 -0.7097 0.0854 0.6989 0.0234 -0.7499 0.2936 0.5919 -0.0323 -0.8459 0.2045 -0.4896 -0.0541
-0.8669 0.0926 0.4893 0.022 -0.2241 0.5111 0.6577 -0.506 -0.7657 0.2574 0.5843 0.0782 -0.7927 -0.2057 0.5733 0.0246 -0.7053 0.1522 0.6918 -0.0264 -0.6876 -0.329 0.5814 -0.2847 -0.8894 -0.1202 -0.395 -0.1963 -0.7097 0.0854 0.6989 0.0234 -0.7499 0.2936 0.5919 -0.0323 -0.8459 0.2045 -0.4896 -0.0541
-0.8669 0.0926 0.4893 0.022 -0.2241 0.5111 0.6577 -0.506 -0.7657 0.2574 0.5843 0.0782 -0.7927 -0.2057 0.5733 0.0246 -0.6879 0.1 0.7188 0.0165 -0.6876 -0.329 0.5814 -0.2847 -0.8894 -0.1202 -0.395 -0.1963 -0.7379 0.0276 0.6711 0.0661 -0.7499 0.2936 0.5919 -0.0323 -0.8459 0.2045 -0.4896 -0.0541
-0.8669 0.0926 0.4893 0.022 -0.2241 0.5111 0.6577 -0.506 -0.7657 0.2574 0.5843 0.0782 -0.7927 -0.2057 0.5733 0.0246 -0.6879 0.1 0.7188 0.0165 -0.6876 -0.329 0.5814 -0.2847 -0.8894 -0.1202 -0.395 -0.1963 -0.7379 0.0276 0.6711 0.0661 -0.7499 0.2936 0.5919 -0.0323 -0.8459 0.2045 -0.4896 -0.0541
-0.8669 0.0926 0.4893 0.022 -0.2241 0.5111 0.6577 -0.506 -0.7657 0.2574 0.5843 0.0782 -0.7928 -0.2305 0.5631 0.0347 -0.6879 0.1 0.7188 0.0165 -0.6823 -0.3388 0.5886 -0.2705 -0.8993 -0.1028 -0.3808 -0.1888 -0.7379 0.0276 0.6711 0.0661 -0.7532 0.2826 0.5939 -0.0074 -0.8628 0.189 -0.4656 -0.0557
-0.8669 0.0926 0.4893 0.022 -0.2241 0.5111 0.6577 -0.506 -0.7657 0.2574 0.5843 0.0782 -0.7928 -0.2305 0.5631 0.0347 -0.6879 0.1 0.7188 0.0165 -0.6823 -0.3388 0.5886 -0.2705 -0.8993 -0.1028 -0.3808 -0.1888 -0.7379 0.0276 0.6711 0.0661 -0.7532 0.2826 0.5939 -0.0074 -0.8628 0.189 -0.4656 -0.0557
-0.8669 0.0926 0.4893 0.022 -0.2241 0.5111 0.6577 -0.506 -0.7657 0.2574 0.5843 0.0782 -0.7928 -0.2305 0.5631 0.0347 -0.6879 0.1 0.7188 0.0165 -0.6823 -0.3388 0.5886 -0.2705 -0.8993 -0.1028 -0.3808 -0.1888 -0.7379 0.0276 0.6711 0.0661 -0.7532 0.2826 0.5939 -0.0074 -0.8628 0.189 -0.4656 -0.0557
-0.8669 0.0926 0.4893 0.022 -0.2241 0.5111 0.6577 -0.506 -0.7657 0.2574 0.5843 0.0782 -0.7928 -0.2305 0.5631 0.0347 -0.6879 0.1 0.7188 0.0165 -0.6823 -0.3388 0.5886 -0.2705 -0.8993 -0.1028 -0.3808 -0.1888 -0.7379 0.0276 0.6711 0.0661 -0.7532 0.2826 0.5939 -0.0074 -0.8628 0.189 -0.4656 -0.0557
-0.8622 0.0895 0.4983 0.0159 -0.2241 0.5111 0.6577 -0.506 -0.7723 0.2508 0.5811 0.055 -0.7928 -0.2305 0.5631 0.0347 -0.6829 0.1031 0.7212 0.053 -0.6823 -0.3388 0.5886 -0.2705 -0.8993 -0.1028 -0.3808 -0.1888 -0.7418 0.0455 0.6563 0.1307 -0.7532 0.2826 0.5939 -0.0074 -0.8628 0.189 -0.4656 -0.0557
-0.8622 0.0895 0.4983 0.0159 -0.2241 0.5111 0.6577 -0.506 -0.7723 0.2508 0.5811 0.055 -0.7928 -0.2305 0.5631 0.0347 -0.6829 0.1031 0.7212 0.053 -0.6823 -0.3388 0.5886 -0.2705 -0.8993 -0.1028 -0.3808 -0.1888 -0.7418 0.0455 0.6563 0.1307 -0.7532 0.2826 0.5939 -0.0074 -0.8628 0.189 -0.4656 -0.0557
-0.8622 0.0895 0.4983 0.0159 -0.2241 0.5111 0.6577 -0.506 -0.7723 0.2508 0.5811 0.055 -0.7928 -0.2305 0.5631 0.0347 -0.6829 0.1031 0.7212 0.053 -0.6885 -0.3322 0.5973 -0.2427 -0.9 -0.0975 -0.3832 -0.1838 -0.7418 0.0455 0.6563 0.1307 -0.7532 0.2826 0.5939 -0.0074 -0.899 0.1921 -0.3933 -0.0127
-0.8622 0.0895 0.4983 0.0159 -0.2241 0.5111 0.6577 -0.506 -0.7723 0.2508 0.5811 0.055 -0.7957 -0.2327 0.5588 0.0195 -0.6829 0.1031 0.7212 0.053 -0.6885 -0.3322 0.5973 -0.2427 -0.9 -0.0975 -0.3832 -0.1838 -0.7418 0.0455 0.6563 0.1307 -0.742 0.231 0.6248 0.0757 -0.899 0.1921 -0.3933 -0.0127
-0.8622 0.0895 0.4983 0.0159 -0.2241 0.5111 0.6577 -0.506 -0.7723 0.2508 0.5811 0.055 -0.7957 -0.2327 0.5588 0.0195 -0.6829 0.1031 0.7212 0.053 -0.6885 -0.3322 0.5973 -0.2427 -0.9 -0.0975 -0.3832 -0.1838 -0.7418 0.0455 0.6563 0.1307 -0.742 0.231 0.6248 0.0757 -0.899 0.1921 -0.3933 -0.0127
-0.8622 0.0895 0.4983 0.0159 -0.212 0.5123 0.6633 -0.5027 -0.7723 0.2508 0.5811 0.055 -0.7957 -0.2327 0.5588 0.0195 -0.6829 0.1031 0.7212 0.053 -0.6885 -0.3322 0.5973 -0.2427 -0.9 -0.0975 -0.3832 -0.1838 -0.7418 0.0455 0.6563 0.1307 -0.742 0.231 0.6248 0.0757 -0.899 0.1921 -0.3933 -0.0127
-0.8597 0.0877 0.5029 0.0197 -0.212 0.5123 0.6633 -0.5027 -0.7697 0.2511 0.5854 0.0425 -0.7957 -0.2327 0.5588 0.0195 -0.6829 0.1031 0.7212 0.053 -0.6885 -0.3322 0.5973 -0.2427 -0.9 -0.0975 -0.3832 -0.1838 -0.7418 0.0455 0.6563 0.1307 -0.742 0.231 0.6248 0.0757 -0.899 0.1921 -0.3933 -0.0127
-0.8597 0.0877 0.5029 0.0197 -0.212 0.5123 0.6633 -0.5027 -0.7697 0.2511 0.5854 0.0425 -0.7957 -0.2327 0.5588 0.0195 -0.6801 0.114 0.7187 0.0891 -0.6885 -0.3322 0.5973 -0.2427 -0.9 -0.0975 -0.3832 -0.1838 -0.7427 0.0422 0.6448 0.1755 -0.742 0.231 0.6248 0.0757 -0.899 0.1921 -0.3933 -0.0127
-0.8597 0.0877 0.5029 0.0197 -0.212 0.5123 0.6633 -0.5027 -0.7697 0.2511 0.5854 0.0425 -0.7957 -0.2327 0.5588 0.0195 -0.6801 0.114 0.7187 0.0891 -0.6885 -0.3322 0.5973 -0.2427 -0.9 -0.0975 -0.3832 -0.1838 -0.7427 0.0422 0.6448 0.1755 -0.742 0.231 0.6248 0.0757 -0.899 0.1921 -0.3933 -0.0127
-0.8597 0.0877 0.5029 0.0197 -0.212 0.5123 0.6633 -0.5027 -0.7697 0.2511 0.5854 0.0425 -0.7957 -0.2327 0.5588 0.0195 -0.6801 0.114 0.7187 0.0891 -0.6885 -0.3322 0.5973 -0.2427 -0.9 -0.0975 -0.3832 -0.1838 -0.7427 0.0422 0.6448 0.1755 -0.742 0.231 0.6248 0.0757 -0.899 0.1921 -0.3933 -0.0127
-0.8597 0.0877 0.5029 0.0197 -0.212 0.5123 0.6633 -0.5027 -0.7697 0.2511 0.5854 0.0425 -0.8065 -0.2157 0.5504 -0.0139 -0.6801 0.114 0.7187 0.0891 -0.6998 -0.3223 0.6003 -0.2144 -0.9014 -0.0902 -0.3865 -0.1729 -0.7427 0.0422 0.6448 0.1755 -0.7186 0.1691 0.6591 0.1437 -0.9201 0.2064 -0.332 0.0233
-0.8597 0.0877 0.5029 0.0197 -0.212 0.5123 0.6633 -0.5027 -0.7697 0.2511 0.5854 0.0425 -0.8065 -0.2157 0.5504 -0.0139 -0.6801 0.114 0.7187 0.0891 -0.6998 -0.3223 0.6003 -0.2144 -0.9014 -0.0902 -0.3865 -0.1729 -0.7427 0.0422 0.6448 0.1755 -0.7186 0.1691 0.6591 0.1437 -0.9201 0.2064 -0.332 0.0233
-0.8597 0.0877 0.5029 0.0197 -0.2265 0.5164 0.6557 -0.5021 -0.7697 0.2511 0.5854 0.0425 -0.8065 -0.2157 0.5504 -0.0139 -0.6801 0.114 0.7187 0.0891 -0.6998 -0.3223 0.6003 -0.2144 -0.9014 -0.0902 -0.3865 -0.1729 -0.7427 0.0422 0.6448 0.1755 -0.7186 0.1691 0.6591 0.1437 -0.9201 0.2064 -0.332 0.0233
-0.8597 0.0877 0.5029 0.0197 -0.2265 0.5164 0.6557 -0.5021 -0.7697 0.2511 0.5854 0.0425 -0.8065 -0.2157 0.5504 -0.0139 -0.6801 0.114 0.7187 0.0891 -0.6998 -0.3223 0.6003 -0.2144 -0.9014 -0.0902 -0.3865 -0.1729 -0.7427 0.0422 0.6448 0.1755 -0.7186 0.1691 0.6591 0.1437 -0.9201 0.2064 -0.332 0.0233
-0.8597 0.0877 0.5029 0.0197 -0.2265 0.5164 0.6557 -0.5021 -0.7697 0.2511 0.5854 0.0425 -0.8065 -0.2157 0.5504 -0.0139 -0.6842 0.109 0.7134 0.105 -0.6998 -0.3223 0.6003 -0.2144 -0.9014 -0.0902 -0.3865 -0.1729 -0.7366 0.0235 0.6447 0.2029 -0.7186 0.1691 0.6591 0.1437 -0.9201 0.2064 -0.332 0.0233
-0.8597 0.0877 0.5029 0.0197 -0.2265 0.5164 0.6557 -0.5021 -0.7697 0.2511 0.5854 0.0425 -0.8065 -0.2157 0.5504 -0.0139 -0.6842 0.109 0.7134 0.105 -0.6998 -0.3223 0.6003 -0.2144 -0.9014 -0.0902 -0.3865 -0.1729 -0.7366 0.0235 0.6447 0.2029 -0.7186 0.1691 0.6591 0.1437 -0.9201 0.2064 -0.332 0.0233
-0.8597 0.0877 0.5029 0.0197 -0.2265 0.5164 0.6557 -0.5021 -0.7697 0.2511 0.5854 0.0425 -0.8127 -0.2041 0.5435 -0.0493 -0.6842 0.109 0.7134 0.105 -0.7161 -0.3209 0.5912 -0.1865 -0.8965 -0.0895 -0.4025 -0.162 -0.7366 0.0235 0.6447 0.2029 -0.7186 0.1691 0.6591 0.1437 -0.9311 0.2184 -0.2888 0.0441
-0.8597 0.0877 0.5029 0.0197 -0.2265 0.5164 0.6557 -0.5021 -0.7697 0.2511 0.5854 0.0425 -0.8127 -0.2041 0.5435 -0.0493 -0.6842 0.109 0.7134 0.105 -0.7161 -0.3209 0.5912 -0.1865 -0.8965 -0.0895 -0.4025 -0.162 -0.7366 0.0235 0.6447 0.2029 -0.7186 0.1691 0.6591 0.1437 -0.9311 0.2184 -0.2888 0.0441
-0.8597 0.0877 0.5029 0.0197 -0.2265 0.5164 0.6557 -0.5021 -0.7697 0.2511 0.5854 0.0425 -0.8127 -0.2041 0.5435 -0.0493 -0.6842 0.109 0.7134 0.105 -0.7161 -0.3209 0.5912 -0.1865 -0.8965 -0.0895 -0.4025 -0.162 -0.7366 0.0235 0.6447 0.2029 -0.7186 0.1691 0.6591 0.1437 -0.9311 0.2184 -0.2888 0.0441
-0.8542 0.1066 0.506 0.0542 -0.2438 0.5262 0.6432 -0.4999 -0.7697 0.2511 0.5854 0.0425 -0.8127 -0.2041 0.5435 -0.0493 -0.6842 0.109 0.7134 0.105 -0.7161 -0.3209 0.5912 -0.1865 -0.8965 -0.0895 -0.4025 -0.162 -0.7366 0.0235 0.6447 0.2029 -0.7186 0.1691 0.6591 0.1437 -0.9311 0.2184 -0.2888 0.0441
-0.8542 0.1066 0.506 0.0542 -0.2438 0.5262 0.6432 -0.4999 -0.7697 0.2511 0.5854 0.0425 -0.8127 -0.2041 0.5435 -0.0493 -0.6842 0.109 0.7134 0.105 -0.7161 -0.3209 0.5912 -0.1865 -0.8965 -0.0895 -0.4025 -0.162 -0.7366 0.0235 0.6447 0.2029 -0.7186 0.1691 0.6591 0.1437 -0.9311 0.2184 -0.2888 0.0441
-0.8542 0.1066 0.506 0.0542 -0.2438 0.5262 0.6432 -0.4999 -0.7697 0.2511 0.5854 0.0425 -0.8127 -0.2041 0.5435 -0.0493 -0.6888 0.1208 0.7031 0.1292 -0.7161 -0.3209 0.5912 -0.1865 -0.8965 -0.0895 -0.4025 -0.162 -0.7279 0.0372 0.6481 0.2206 -0.7186 0.1691 0.6591 0.1437 -0.9311 0.2184 -0.2888 0.0441
-0.8542 0.1066 0.506 0.0542 -0.2438 0.5262 0.6432 -0.4999 -0.7697 0.2511 0.5854 0.0425 -0.8127 -0.2041 0.5435 -0.0493 -0.6888 0.1208 0.7031 0.1292 -0.7161 -0.3209 0.5912 -0.1865 -0.8965 -0.0895 -0.4025 -0.162 -0.7279 0.0372 0.6481 0.2206 -0.7186 0.1691 0.6591 0.1437 -0.9311 0.2184 -0.2888 0.0441
-0.8542 0.1066 0.506 0.0542 -0.2438 0.5262 0.6432 -0.4999 -0.7697 0.2511 0.5854 0.0425 -0.8127 -0.2041 0.5435 -0.0493 -0.6888 0.1208 0.7031 0.1292 -0.7385 -0.3304 0.5656 -0.1601 -0.8813 -0.0939 -0.4354 -0.1575 -0.7279 0.0372 0.6481 0.2206 -0.7186 0.1691 0.6591 0.1437 -0.9338 0.2419 -0.2589 0.0505
-0.8542 0.1066 0.506 0.0542 -0.2438 0.5262 0.6432 -0.4999 -0.7697 0.2511 0.5854 0.0425 -0.8085 -0.1866 0.5556 -0.0533 -0.6888 0.1208 0.7031 0.1292 -0.7385 -0.3304 0.5656 -0.1601 -0.8813 -0.0939 -0.4354 -0.1575 -0.7279 0.0372 0.6481 0.2206 -0.6735 0.127 0.7 0.2007 -0.9338 0.2419 -0.2589 0.0505
-0.8542 0.1066 0.506 0.0542 -0.2438 0.5262 0.6432 -0.4999 -0.7697 0.2511 0.5854 0.0425 -0.8085 -0.1866 0.5556 -0.0533 -0.6888 0.1208 0.7031 0.1292 -0.7385 -0.3304 0.5656 -0.1601 -0.8813 -0.0939 -0.4354 -0.1575 -0.7279 0.0372 0.6481 0.2206 -0.6735 0.127 0.7 0.2007 -0.9338 0.2419 -0.2589 0.0505
-0.8542 0.1066 0.506 0.0542 -0.2675 0.5375 0.6221 -0.5024 -0.7697 0.2511 0.5854 0.0425 -0.8085 -0.1866 0.5556 -0.0533 -0.6888 0.1208 0.7031 0.1292 -0.7385 -0.3304 0.5656 -0.1601 -0.8813 -0.0939 -0.4354 -0.1575 -0.7279 0.0372 0.6481 0.2206 -0.6735 0.127 0.7 0.2007 -0.9338 0.2419 -0.2589 0.0505
-0.8542 0.1066 0.506 0.0542 -0.2675 0.5375 0.6221 -0.5024 -0.7697 0.2511 0.5854 0.0425 -0.8085 -0.1866 0.5556 -0.0533 -0.6888 0.1208 0.7031 0.1292 -0.7385 -0.3304 0.5656 -0.1601 -0.8813 -0.0939 -0.4354 -0.1575 -0.7279 0.0372 0.6481 0.2206 -0.6735 0.127 0.7 0.2007 -0.9338 0.2419 -0.2589 0.0505
-0.8542 0.1066 0.506 0.0542 -0.2675 0.5375 0.6221 -0.5024 -0.7697 0.2511 0.5854 0.0425 -0.8085 -0.1866 0.5556 -0.0533 -0.6978 0.1273 0.6876 0.1549 -0.7385 -0.3304 0.5656 -0.1601 -0.8813 -0.0939 -0.4354 -0.1575 -0.7098 0.0619 0.6672 0.2169 -0.6735 0.127 0.7 0.2007 -0.9338 0.2419 -0.2589 0.0505
-0.8542 0.1066 0.506 0.0542 -0.2675 0.5375 0.6221 -0.5024 -0.7697 0.2511 0.5854 0.0425 -0.8085 -0.1866 0.5556 -0.0533 -0.6978 0.1273 0.6876 0.1549 -0.7628 -0.3371 0.535 -0.1354 -0.8813 -0.0939 -0.4354 -0.1575 -0.7098 0.0619 0.6672 0.2169 -0.6735 0.127 0.7 0.2007 -0.9338 0.2419 -0.2589 0.0505
-0.8542 0.1066 0.506 0.0542 -0.2675 0.5375 0.6221 -0.5024 -0.7697 0.2511 0.5854 0.0425 -0.8085 -0.1866 0.5556 -0.0533 -0.6978 0.1273 0.6876 0.1549 -0.7628 -0.3371 0.535 -0.1354 -0.8813 -0.0939 -0.4354 -0.1575 -0.7098 0.0619 0.6672 0.2169 -0.6735 0.127 0.7 0.2007 -0.9338 0.2419 -0.2589 0.0505
-0.8542 0.1066 0.506 0.0542 -0.2675 0.5375 0.6221 -0.5024 -0.7697 0.2511 0.5854 0.0425 -0.7909 -0.1572 0.5908 -0.0266 -0.6978 0.1273 0.6876 0.1549 -0.7628 -0.3371 0.535 -0.1354 -0.8499 -0.1047 -0.4923 -0.1562 -0.7098 0.0619 0.6672 0.2169 -0.6577 0.1794 0.7058 0.1927 -0.9191 0.2059 -0.3317 0.0526
-0.8542 0.1066 0.506 0.0542 -0.2675 0.5375 0.6221 -0.5024 -0.7697 0.2511 0.5854 0.0425 -0.7909 -0.1572 0.5908 -0.0266 -0.6978 0.1273 0.6876 0.1549 -0.7628 -0.3371 0.535 -0.1354 -0.8499 -0.1047 -0.4923 -0.1562 -0.7098 0.0619 0.6672 0.2169 -0.6577 0.1794 0.7058 0.1927 -0.9191 0.2059 -0.3317 0.0526
-0.8555 0.1356 0.4866 0.1139 -0.3013 0.5504 0.6034 -0.4921 -0.7697 0.2511 0.5854 0.0425 -0.7909 -0.1572 0.5908 -0.0266 -0.6978 0.1273 0.6876 0.1549 -0.7628 -0.3371 0.535 -0.1354 -0.8499 -0.1047 -0.4923 -0.1562 -0.7098 0.0619 0.6672 0.2169 -0.6577 0.1794 0.7058 0.1927 -0.9191 0.2059 -0.3317 0.0526
-0.8555 0.1356 0.4866 0.1139 -0.3013 0.5504 0.6034 -0.4921 -0.7697 0.2511 0.5854 0.0425 -0.7909 -0.1572 0.5908 -0.0266 -0.7159 0.1564 0.6578 0.1738 -0.7628 -0.3371 0.535 -0.1354 -0.8499 -0.1047 -0.4923 -0.1562 -0.7098 0.0619 0.6672 0.2169 -0.6577 0.1794 0.7058 0.1927 -0.9191 0.2059 -0.3317 0.0526
-0.8555 0.1356 0.4866 0.1139 -0.3013 0.5504 0.6034 -0.4921 -0.7697 0.2511 0.5854 0.0425 -0.7909 -0.1572 0.5908 -0.0266 -0.7159 0.1564 0.6578 0.1738 -0.7628 -0.3371 0.535 -0.1354 -0.8499 -0.1047 -0.4923 -0.1562 -0.7098 0.0619 0.6672 0.2169 -0.6577 0.1794 0.7058 0.1927 -0.9191 0.2059 -0.3317 0.0526
-0.8555 0.1356 0.4866 0.1139 -0.3013 0.5504 0.6034 -0.4921 -0.7697 0.2511 0.5854 0.0425 -0.7909 -0.1572 0.5908 -0.0266 -0.7159 0.1564 0.6578 0.1738 -0.7628 -0.3371 0.535 -0.1354 -0.8499 -0.1047 -0.4923 -0.1562 -0.7098 0.0619 0.6672 0.2169 -0.6577 0.1794 0.7058 0.1927 -0.9191 0.2059 -0.3317 0.0526
-0.8555 0.1356 0.4866 0.1139 -0.3013 0.5504 0.6034 -0.4921 -0.7697 0.2511 0.5854 0.0425 -0.7909 -0.1572 0.5908 -0.0266 -0.7159 0.1564 0.6578 0.1738 -0.7973 -0.3262 0.4996 -0.0911 -0.7421 -0.1481 -0.6346 -0.1573 -0.7098 0.0619 0.6672 0.2169 -0.6577 0.1794 0.7058 0.1927 -0.9194 0.1903 -0.3411 0.0474
-0.8555 0.1356 0.4866 0.1139 -0.3013 0.5504 0.6034 -0.4921 -0.7697 0.2511 0.5854 0.0425 -0.7683 -0.1454 0.6223 0.036 -0.7159 0.1564 0.6578 0.1738 -0.7973 -0.3262 0.4996 -0.0911 -0.7421 -0.1481 -0.6346 -0.1573 -0.7098 0.0619 0.6672 0.2169 -0.6417 0.2241 0.7103 0.1828 -0.9194 0.1903 -0.3411 0.0474
-0.8555 0.1356 0.4866 0.1139 -0.3013 0.5504 0.6034 -0.4921 -0.7697 0.2511 0.5854 0.0425 -0.7683 -0.1454 0.6223 0.036 -0.7159 0.1564 0.6578 0.1738 -0.7973 -0.3262 0.4996 -0.0911 -0.7421 -0.1481 -0.6346 -0.1573 -0.7098 0.0619 0.6672 0.2169 -0.6417 0.2241 0.7103 0.1828 -0.9194 0.1903 -0.3411 0.0474
-0.8555 0.1356 0.4866 0.1139 -0.3013 0.5504 0.6034 -0.4921 -0.7697 0.2511 0.5854 0.0425 -0.7683 -0.1454 0.6223 0.036 -0.7159 0.1564 0.6578 0.1738 -0.7973 -0.3262 0.4996 -0.0911 -0.7421 -0.1481 -0.6346 -0.1573 -0.7098 0.0619 0.6672 0.2169 -0.6417 0.2241 0.7103 0.1828 -0.9194 0.1903 -0.3411 0.0474
-0.8589 0.1512 0.4686 0.1411 -0.3246 0.5609 0.5835 -0.4894 -0.7228 0.2647 0.5879 0.2488 -0.7683 -0.1454 0.6223 0.036 -0.7159 0.1564 0.6578 0.1738 -0.7973 -0.3262 0.4996 -0.0911 -0.7421 -0.1481 -0.6346 -0.1573 -0.7098 0.0619 0.6672 0.2169 -0.6417 0.2241 0.7103 0.1828 -0.9194 0.1903 -0.3411 0.0474
-0.8589 0.1512 0.4686 0.1411 -0.3246 0.5609 0.5835 -0.4894 -0.7228 0.2647 0.5879 0.2488 -0.7683 -0.1454 0.6223 0.036 -0.7159 0.1564 0.6578 0.1738 -0.7973 -0.3262 0.4996 -0.0911 -0.7421 -0.1481 -0.6346 -0.1573 -0.6804 0.0954 0.7014 0.19 -0.6417 0.2241 0.7103 0.1828 -0.9194 0.1903 -0.3411 0.0474
-0.8589 0.1512 0.4686 0.1411 -0.3246 0.5609 0.5835 -0.4894 -0.7228 0.2647 0.5879 0.2488 -0.7683 -0.1454 0.6223 0.036 -0.7159 0.1564 0.6578 0.1738 -0.7973 -0.3262 0.4996 -0.0911 -0.7421 -0.1481 -0.6346 -0.1573 -0.6804 0.0954 0.7014 0.19 -0.6417 0.2241 0.7103 0.1828 -0.9194 0.1903 -0.3411 0.0474
-0.8589 0.1512 0.4686 0.1411 -0.3246 0.5609 0.5835 -0.4894 -0.7228 0.2647 0.5879 0.2488 -0.7683 -0.1454 0.6223 0.036 -0.7159 0.1564 0.6578 0.1738 -0.8295 -0.3276 0.4473 -0.0668 -0.7457 -0.1566 -0.639 -0.1055 -0.6804 0.0954 0.7014 0.19 -0.6417 0.2241 0.7103 0.1828 -0.9142 0.2036 -0.3465 0.0516
-0.8589 0.1512 0.4686 0.1411 -0.3246 0.5609 0.5835 -0.4894 -0.7228 0.2647 0.5879 0.2488 -0.7449 -0.1658 0.6343 0.1236 -0.7159 0.1564 0.6578 0.1738 -0.8295 -0.3276 0.4473 -0.0668 -0.7457 -0.1566 -0.639 -0.1055 -0.6804 0.0954 0.7014 0.19 -0.6476 0.2241 0.7132 0.1475 -0.9142 0.2036 -0.3465 0.0516
-0.8589 0.1512 0.4686 0.1411 -0.3246 0.5609 0.5835 -0.4894 -0.7228 0.2647 0.5879 0.2488 -0.7449 -0.1658 0.6343 0.1236 -0.7159 0.1564 0.6578 0.1738 -0.8295 -0.3276 0.4473 -0.0668 -0.7457 -0.1566 -0.639 -0.1055 -0.6804 0.0954 0.7014 0.19 -0.6476 0.2241 0.7132 0.1475 -0.9142 0.2036 -0.3465 0.0516
-0.8589 0.1512 0.4686 0.1411 -0.3379 0.5712 0.5691 -0.4855 -0.7228 0.2647 0.5879 0.2488 -0.7449 -0.1658 0.6343 0.1236 -0.7159 0.1564 0.6578 0.1738 -0.8295 -0.3276 0.4473 -0.0668 -0.7457 -0.1566 -0.639 -0.1055 -0.6804 0.0954 0.7014 0.19 -0.6476 0.2241 0.7132 0.1475 -0.9142 0.2036 -0.3465 0.0516
-0.8581 0.1574 0.4622 0.1588 -0.3379 0.5712 0.5691 -0.4855 -0.7228 0.2647 0.5879 0.2488 -0.7449 -0.1658 0.6343 0.1236 -0.7159 0.1564 0.6578 0.1738 -0.8295 -0.3276 0.4473 -0.0668 -0.7457 -0.1566 -0.639 -0.1055 -0.6804 0.0954 0.7014 0.19 -0.6476 0.2241 0.7132 0.1475 -0.9142 0.2036 -0.3465 0.0516
-0.8581 0.1574 0.4622 0.1588 -0.3379 0.5712 0.5691 -0.4855 -0.7228 0.2647 0.5879 0.2488 -0.7449 -0.1658 0.6343 0.1236 -0.7159 0.1564 0.6578 0.1738 -0.8295 -0.3276 0.4473 -0.0668 -0.7457 -0.1566 -0.639 -0.1055 -0.6804 0.0954 0.7014 0.19 -0.6476 0.2241 0.7132 0.1475 -0.9142 0.2036 -0.3465 0.0516
-0.8581 0.1574 0.4622 0.1588 -0.3379 0.5712 0.5691 -0.4855 -0.7228 0.2647 0.5879 0.2488 -0.7449 -0.1658 0.6343 0.1236 -0.7159 0.1564 0.6578 0.1738 -0.8295 -0.3276 0.4473 -0.0668 -0.7457 -0.1566 -0.639 -0.1055 -0.6804 0.0954 0.7014 0.19 -0.6476 0.2241 0.7132 0.1475 -0.9142 0.2036 -0.3465 0.0516
-0.8581 0.1574 0.4622 0.1588 -0.3379 0.5712 0.5691 -0.4855 -0.7228 0.2647 0.5879 0.2488 -0.7449 -0.1658 0.6343 0.1236 -0.7159 0.1564 0.6578 0.1738 -0.8411 -0.3191 0.4198 -0.1206 -0.7573 -0.1046 -0.6298 -0.1377 -0.6804 0.0954 0.7014 0.19 -0.6476 0.2241 0.7132 0.1475 -0.9088 0.216 -0.3526 0.0551
-0.8581 0.1574 0.4622 0.1588 -0.3379 0.5712 0.5691 -0.4855 -0.7228 0.2647 0.5879 0.2488 -0.722 -0.2086 0.6339 0.1824 -0.7159 0.1564 0.6578 0.1738 -0.8411 -0.3191 0.4198 -0.1206 -0.7573 -0.1046 -0.6298 -0.1377 -0.6804 0.0954 0.7014 0.19 -0.6509 0.2186 0.7166 0.1223 -0.9088 0.216 -0.3526 0.0551
-0.8581 0.1574 0.4622 0.1588 -0.3379 0.5712 0.5691 -0.4855 -0.7228 0.2647 0.5879 0.2488 -0.722 -0.2086 0.6339 0.1824 -0.7159 0.1564 0.6578 0.1738 -0.8411 -0.3191 0.4198 -0.1206 -0.7573 -0.1046 -0.6298 -0.1377 -0.6804 0.0954 0.7014 0.19 -0.6509 0.2186 0.7166 0.1223 -0.9088 0.216 -0.3526 0.0551
-0.8581 0.1574 0.4622 0.1588 -0.3379 0.5712 0.5691 -0.4855 -0.7228 0.2647 0.5879 0.2488 -0.722 -0.2086 0.6339 0.1824 -0.7159 0.1564 0.6578 0.1738 -0.8411 -0.3191 0.4198 -0.1206 -0.7573 -0.1046 -0.6298 -0.1377 -0.6804 0.0954 0.7014 0.19 -0.6509 0.2186 0.7166 0.1223 -0.9088 0.216 -0.3526 0.0551
-0.8581 0.1574 0.4622 0.1588 -0.3379 0.5712 0.5691 -0.4855 -0.7228 0.2647 0.5879 0.2488 -0.722 -0.2086 0.6339 0.1824 -0.7963 0.1802 0.5762 0.0368 -0.8411 -0.3191 0.4198 -0.1206 -0.7573 -0.1046 -0.6298 -0.1377 -0.6804 0.0954 0.7014 0.19 -0.6509 0.2186 0.7166 0.1223 -0.9088 0.216 -0.3526 0.0551
-0.8581 0.1574 0.4622 0.1588 -0.3379 0.5712 0.5691 -0.4855 -0.7228 0.2647 0.5879 0.2488 -0.722 -0.2086 0.6339 0.1824 -0.7963 0.1802 0.5762 0.0368 -0.8411 -0.3191 0.4198 -0.1206 -0.7573 -0.1046 -0.6298 -0.1377 -0.673 0.0935 0.7219 0.1308 -0.6509 0.2186 0.7166 0.1223 -0.9088 0.216 -0.3526 0.0551
-0.8581 0.1574 0.4622 0.1588 -0.3379 0.5712 0.5691 -0.4855 -0.7228 0.2647 0.5879 0.2488 -0.722 -0.2086 0.6339 0.1824 -0.7963 0.1802 0.5762 0.0368 -0.8411 -0.3191 0.4198 -0.1206 -0.7573 -0.1046 -0.6298 -0.1377 -0.673 0.0935 0.7219 0.1308 -0.6509 0.2186 0.7166 0.1223 -0.9088 0.216 -0.3526 0.0551
-0.8581 0.1574 0.4622 0.1588 -0.3379 0.5712 0.5691 -0.4855 -0.7228 0.2647 0.5879 0.2488 -0.722 -0.2086 0.6339 0.1824 -0.7963 0.1802 0.5762 0.0368 -0.8345 -0.2859 0.428 -0.1968 -0.7573 -0.1046 -0.6298 -0.1377 -0.673 0.0935 0.7219 0.1308 -0.6509 0.2186 0.7166 0.1223 -0.9148 0.2018 -0.3467 0.0467
-0.8581 0.1574 0.4622 0.1588 -0.3379 0.5712 0.5691 -0.4855 -0.7228 0.2647 0.5879 0.2488 -0.7148 -0.2217 0.6318 0.202 -0.7963 0.1802 0.5762 0.0368 -0.8345 -0.2859 0.428 -0.1968 -0.7573 -0.1046 -0.6298 -0.1377 -0.673 0.0935 0.7219 0.1308 -0.6537 0.2236 0.7146 0.1096 -0.9148 0.2018 -0.3467 0.0467
-0.8581 0.1574 0.4622 0.1588 -0.3379 0.5712 0.5691 -0.4855 -0.7228 0.2647 0.5879 0.2488 -0.7148 -0.2217 0.6318 0.202 -0.7963 0.1802 0.5762 0.0368 -0.8345 -0.2859 0.428 -0.1968 -0.7573 -0.1046 -0.6298 -0.1377 -0.673 0.0935 0.7219 0.1308 -0.6537 0.2236 0.7146 0.1096 -0.9148 0.2018 -0.3467 0.0467
-0.8581 0.1574 0.4622 0.1588 -0.345 0.5747 0.5595 -0.4875 -0.7267 0.2479 0.5642 0.3033 -0.7148 -0.2217 0.6318 0.202 -0.7963 0.1802 0.5762 0.0368 -0.8345 -0.2859 0.428 -0.1968 -0.7573 -0.1046 -0.6298 -0.1377 -0.673 0.0935 0.7219 0.1308 -0.6537 0.2236 0.7146 0.1096 -0.9148 0.2018 -0.3467 0.0467
-0.8581 0.1574 0.4622 0.1588 -0.345 0.5747 0.5595 -0.4875 -0.7267 0.2479 0.5642 0.3033 -0.7148 -0.2217 0.6318 0.202 -0.7963 0.1802 0.5762 0.0368 -0.8345 -0.2859 0.428 -0.1968 -0.7573 -0.1046 -0.6298 -0.1377 -0.673 0.0935 0.7219 0.1308 -0.6537 0.2236 0.7146 0.1096 -0.9148 0.2018 -0.3467 0.0467
-0.8685 0.1614 0.4396 0.1624 -0.345 0.5747 0.5595 -0.4875 -0.7267 0.2479 0.5642 0.3033 -0.7148 -0.2217 0.6318 0.202 -0.8035 0.1724 0.5695 -0.0184 -0.8345 -0.2859 0.428 -0.1968 -0.7573 -0.1046 -0.6298 -0.1377 -0.6741 0.0903 0.7261 0.1014 -0.6537 0.2236 0.7146 0.1096 -0.9148 0.2018 -0.3467 0.0467
-0.8685 0.1614 0.4396 0.1624 -0.345 0.5747 0.5595 -0.4875 -0.7267 0.2479 0.5642 0.3033 -0.7148 -0.2217 0.6318 0.202 -0.8035 0.1724 0.5695 -0.0184 -0.8098 -0.2634 0.443 -0.2805 -0.7573 -0.1046 -0.6298 -0.1377 -0.6741 0.0903 0.7261 0.1014 -0.6537 0.2236 0.7146 0.1096 -0.9148 0.2018 -0.3467 0.0467
-0.8685 0.1614 0.4396 0.1624 -0.345 0.5747 0.5595 -0.4875 -0.7267 0.2479 0.5642 0.3033 -0.7148 -0.2217 0.6318 0.202 -0.8035 0.1724 0.5695 -0.0184 -0.8098 -0.2634 0.443 -0.2805 -0.7573 -0.1046 -0.6298 -0.1377 -0.6741 0.0903 0.7261 0.1014 -0.6537 0.2236 0.7146 0.1096 -0.9148 0.2018 -0.3467 0.0467
-0.8685 0.1614 0.4396 0.1624 -0.345 0.5747 0.5595 -0.4875 -0.7267 0.2479 0.5642 0.3033 -0.7241 -0.2075 0.6343 0.174 -0.8035 0.1724 0.5695 -0.0184 -0.8098 -0.2634 0.443 -0.2805 -0.7774 -0.0654 -0.5775 -0.2407 -0.6741 0.0903 0.7261 0.1014 -0.6537 0.2236 0.7146 0.1096 -0.9176 0.1906 -0.3469 0.0375
-0.8685 0.1614 0.4396 0.1624 -0.345 0.5747 0.5595 -0.4875 -0.7267 0.2479 0.5642 0.3033 -0.7241 -0.2075 0.6343 0.174 -0.8035 0.1724 0.5695 -0.0184 -0.8098 -0.2634 0.443 -0.2805 -0.7774 -0.0654 -0.5775 -0.2407 -0.6741 0.0903 0.7261 0.1014 -0.6537 0.2236 0.7146 0.1096 -0.9176 0.1906 -0.3469 0.0375
-0.8685 0.1614 0.4396 0.1624 -0.3321 0.5745 0.5629 -0.4928 -0.7267 0.2479 0.5642 0.3033 -0.7241 -0.2075 0.6343 0.174 -0.8035 0.1724 0.5695 -0.0184 -0.8098 -0.2634 0.443 -0.2805 -0.7774 -0.0654 -0.5775 -0.2407 -0.6741 0.0903 0.7261 0.1014 -0.6537 0.2236 0.7146 0.1096 -0.9176 0.1906 -0.3469 0.0375
-0.8705 0.1581 0.441 0.1505 -0.3321 0.5745 0.5629 -0.4928 -0.7241 0.2579 0.5804 0.2689 -0.7241 -0.2075 0.6343 0.174 -0.8035 0.1724 0.5695 -0.0184 -0.8098 -0.2634 0.443 -0.2805 -0.7774 -0.0654 -0.5775 -0.2407 -0.6741 0.0903 0.7261 0.1014 -0.6537 0.2236 0.7146 0.1096 -0.9176 0.1906 -0.3469 0.0375
-0.8705 0.1581 0.441 0.1505 -0.3321 0.5745 0.5629 -0.4928 -0.7241 0.2579 0.5804 0.2689 -0.7241 -0.2075 0.6343 0.174 -0.8035 0.1724 0.5695 -0.0184 -0.8098 -0.2634 0.443 -0.2805 -0.7774 -0.0654 -0.5775 -0.2407 -0.6741 0.0903 0.7261 0.1014 -0.6537 0.2236 0.7146 0.1096 -0.9176 0.1906 -0.3469 0.0375
-0.8705 0.1581 0.441 0.1505 -0.3321 0.5745 0.5629 -0.4928 -0.7241 0.2579 0.5804 0.2689 -0.7241 -0.2075 0.6343 0.174 -0.8035 0.1724 0.5695 -0.0184 -0.8098 -0.2634 0.443 -0.2805 -0.7774 -0.0654 -0.5775 -0.2407 -0.6741 0.0903 0.7261 0.1014 -0.6537 0.2236 0.7146 0.1096 -0.9176 0.1906 -0.3469 0.0375
-0.8705 0.1581 0.441 0.1505 -0.3321 0.5745 0.5629 -0.4928 -0.7241 0.2579 0.5804 0.2689 -0.7241 -0.2075 0.6343 0.174 -0.8035 0.1724 0.5695 -0.0184 -0.8098 -0.2634 0.443 -0.2805 -0.7774 -0.0654 -0.5775 -0.2407 -0.6741 0.0903 0.7261 0.1014 -0.6537 0.2236 0.7146 0.1096 -0.9176 0.1906 -0.3469 0.0375
-0.8705 0.1581 0.441 0.1505 -0.3321 0.5745 0.5629 -0.4928 -0.7241 0.2579 0.5804 0.2689 -0.741 -0.1722 0.6371 0.1239 -0.8035 0.1724 0.5695 -0.0184 -0.8098 -0.2634 0.443 -0.2805 -0.7774 -0.0654 -0.5775 -0.2407 -0.6741 0.0903 0.7261 0.1014 -0.6663 0.2497 0.6971 0.0873 -0.9176 0.1906 -0.3469 0.0375
-0.8705 0.1581 0.441 0.1505 -0.3321 0.5745 0.5629 -0.4928 -0.7241 0.2579 0.5804 0.2689 -0.741 -0.1722 0.6371 0.1239 -0.8035 0.1724 0.5695 -0.0184 -0.8098 -0.2634 0.443 -0.2805 -0.7774 -0.0654 -0.5775 -0.2407 -0.6741 0.0903 0.7261 0.1014 -0.6663 0.2497 0.6971 0.0873 -0.9176 0.1906 -0.3469 0.0375
-0.8705 0.1581 0.441 0.1505 -0.3221 0.5671 0.5707 -0.4988 -0.7241 0.2579 0.5804 0.2689 -0.741 -0.1722 0.6371 0.1239 -0.8035 0.1724 0.5695 -0.0184 -0.8098 -0.2634 0.443 -0.2805 -0.7774 -0.0654 -0.5775 -0.2407 -0.6741 0.0903 0.7261 0.1014 -0.6663 0.2497 0.6971 0.0873 -0.9176 0.1906 -0.3469 0.0375
-0.8705 0.1581 0.441 0.1505 -0.3221 0.5671 0.5707 -0.4988 -0.7241 0.2579 0.5804 0.2689 -0.741 -0.1722 0.6371 0.1239 -0.76 0.22 0.6096 -0.0486 -0.8098 -0.2634 0.443 -0.2805 -0.7774 -0.0654 -0.5775 -0.2407 -0.6741 0.0903 0.7261 0.1014 -0.6663 0.2497 0.6971 0.0873 -0.9176 0.1906 -0.3469 0.0375
-0.8705 0.1581 0.441 0.1505 -0.3221 0.5671 0.5707 -0.4988 -0.7241 0.2579 0.5804 0.2689 -0.741 -0.1722 0.6371 0.1239 -0.76 0.22 0.6096 -0.0486 -0.8098 -0.2634 0.443 -0.2805 -0.7774 -0.0654 -0.5775 -0.2407 -0.6786 0.1255 0.7194 0.0787 -0.6663 0.2497 0.6971 0.0873 -0.9176 0.1906 -0.3469 0.0375
-0.8705 0.1581 0.441 0.1505 -0.3221 0.5671 0.5707 -0.4988 -0.7241 0.2579 0.5804 0.2689 -0.741 -0.1722 0.6371 0.1239 -0.76 0.22 0.6096 -0.0486 -0.8098 -0.2634 0.443 -0.2805 -0.7774 -0.0654 -0.5775 -0.2407 -0.6786 0.1255 0.7194 0.0787 -0.6663 0.2497 0.6971 0.0873 -0.9176 0.1906 -0.3469 0.0375
-0.8705 0.1581 0.441 0.1505 -0.3221 0.5671 0.5707 -0.4988 -0.7241 0.2579 0.5804 0.2689 -0.741 -0.1722 0.6371 0.1239 -0.76 0.22 0.6096 -0.0486 -0.8098 -0.2634 0.443 -0.2805 -0.7774 -0.0654 -0.5775 -0.2407 -0.6786 0.1255 0.7194 0.0787 -0.6663 0.2497 0.6971 0.0873 -0.9176 0.1906 -0.3469 0.0375
-0.8705 0.1581 0.441 0.1505 -0.3221 0.5671 0.5707 -0.4988 -0.7241 0.2579 0.5804 0.2689 -0.7622 -0.138 0.6299 0.0568 -0.76 0.22 0.6096 -0.0486 -0.7336 -0.2061 0.5596 -0.3259 -0.7905 -0.1512 -0.5238 -0.279 -0.6786 0.1255 0.7194 0.0787 -0.6805 0.2672 0.679 0.0669 -0.9176 0.1906 -0.3469 0.0375
-0.8705 0.1581 0.441 0.1505 -0.3221 0.5671 0.5707 -0.4988 -0.7241 0.2579 0.5804 0.2689 -0.7622 -0.138 0.6299 0.0568 -0.76 0.22 0.6096 -0.0486 -0.7336 -0.2061 0.5596 -0.3259 -0.7905 -0.1512 -0.5238 -0.279 -0.6786 0.1255 0.7194 0.0787 -0.6805 0.2672 0.679 0.0669 -0.9176 0.1906 -0.3469 0.0375
-0.8705 0.1581 0.441 0.1505 -0.3221 0.5671 0.5707 -0.4988 -0.7241 0.2579 0.5804 0.2689 -0.7622 -0.138 0.6299 0.0568 -0.76 0.22 0.6096 -0.0486 -0.7336 -0.2061 0.5596 -0.3259 -0.7905 -0.1512 -0.5238 -0.279 -0.6786 0.1255 0.7194 0.0787 -0.6805 0.2672 0.679 0.0669 -0.9176 0.1906 -0.3469 0.0375
-0.874 0.1422 0.4476 0.1249 -0.3107 0.56 0.5809 -0.5023 -0.7275 0.2535 0.6046 0.2025 -0.7622 -0.138 0.6299 0.0568 -0.76 0.22 0.6096 -0.0486 -0.7336 -0.2061 0.5596 -0.3259 -0.7905 -0.1512 -0.5238 -0.279 -0.6786 0.1255 0.7194 0.0787 -0.6805 0.2672 0.679 0.0669 -0.9176 0.1906 -0.3469 0.0375
-0.874 0.1422 0.4476 0.1249 -0.3107 0.56 0.5809 -0.5023 -0.7275 0.2535 0.6046 0.2025 -0.7622 -0.138 0.6299 0.0568 -0.7366 0.1891 0.6478 -0.0443 -0.7336 -0.2061 0.5596 -0.3259 -0.7905 -0.1512 -0.5238 -0.279 -0.6786 0.1255 0.7194 0.0787 -0.6805 0.2672 0.679 0.0669 -0.9176 0.1906 -0.3469 0.0375
-0.874 0.1422 0.4476 0.1249 -0.3107 0.56 0.5809 -0.5023 -0.7275 0.2535 0.6046 0.2025 -0.7622 -0.138 0.6299 0.0568 -0.7366 0.1891 0.6478 -0.0443 -0.7336 -0.2061 0.5596 -0.3259 -0.7905 -0.1512 -0.5238 -0.279 -0.6786 0.1255 0.7194 0.0787 -0.6805 0.2672 0.679 0.0669 -0.9176 0.1906 -0.3469 0.0375
-0.874 0.1422 0.4476 0.1249 -0.3107 0.56 0.5809 -0.5023 -0.7275 0.2535 0.6046 0.2025 -0.7622 -0.138 0.6299 0.0568 -0.7366 0.1891 0.6478 -0.0443 -0.7215 -0.2499 0.5784 -0.287 -0.7905 -0.1512 -0.5238 -0.279 -0.6786 0.1255 0.7194 0.0787 -0.6805 0.2672 0.679 0.0669 -0.9177 0.1749 -0.356 0.0231
-0.874 0.1422 0.4476 0.1249 -0.3107 0.56 0.5809 -0.5023 -0.7275 0.2535 0.6046 0.2025 -0.7622 -0.138 0.6299 0.0568 -0.7366 0.1891 0.6478 -0.0443 -0.7215 -0.2499 0.5784 -0.287 -0.8459 -0.1094 -0.4594 -0.248 -0.6786 0.1255 0.7194 0.0787 -0.6805 0.2672 0.679 0.0669 -0.9177 0.1749 -0.356 0.0231
-0.874 0.1422 0.4476 0.1249 -0.3107 0.56 0.5809 -0.5023 -0.7275 0.2535 0.6046 0.2025 -0.7622 -0.138 0.6299 0.0568 -0.7366 0.1891 0.6478 -0.0443 -0.7215 -0.2499 0.5784 -0.287 -0.8459 -0.1094 -0.4594 -0.248 -0.6786 0.1255 0.7194 0.0787 -0.6805 0.2672 0.679 0.0669 -0.9177 0.1749 -0.356 0.0231
-0.874 0.1422 0.4476 0.1249 -0.2845 0.5493 0.603 -0.5037 -0.7275 0.2535 0.6046 0.2025 -0.7622 -0.138 0.6299 0.0568 -0.7366 0.1891 0.6478 -0.0443 -0.7215 -0.2499 0.5784 -0.287 -0.8459 -0.1094 -0.4594 -0.248 -0.6786 0.1255 0.7194 0.0787 -0.6805 0.2672 0.679 0.0669 -0.9177 0.1749 -0.356 0.0231
-0.8705 0.1262 0.4658 0.0966 -0.2845 0.5493 0.603 -0.5037 -0.7452 0.2473 0.5991 0.1569 -0.7622 -0.138 0.6299 0.0568 -0.7366 0.1891 0.6478 -0.0443 -0.7215 -0.2499 0.5784 -0.287 -0.8459 -0.1094 -0.4594 -0.248 -0.6786 0.1255 0.7194 0.0787 -0.6805 0.2672 0.679 0.0669 -0.9177 0.1749 -0.356 0.0231
-0.8705 0.1262 0.4658 0.0966 -0.2845 0.5493 0.603 -0.5037 -0.7452 0.2473 0.5991 0.1569 -0.7622 -0.138 0.6299 0.0568 -0.7366 0.1891 0.6478 -0.0443 -0.7215 -0.2499 0.5784 -0.287 -0.8459 -0.1094 -0.4594 -0.248 -0.6786 0.1255 0.7194 0.0787 -0.6805 0.2672 0.679 0.0669 -0.9177 0.1749 -0.356 0.0231
-0.8705 0.1262 0.4658 0.0966 -0.2845 0.5493 0.603 -0.5037 -0.7452 0.2473 0.5991 0.1569 -0.7622 -0.138 0.6299 0.0568 -0.7366 0.1891 0.6478 -0.0443 -0.7215 -0.2499 0.5784 -0.287 -0.8459 -0.1094 -0.4594 -0.248 -0.6786 0.1255 0.7194 0.0787 -0.6805 0.2672 0.679 0.0669 -0.9177 0.1749 -0.356 0.0231
-0.8705 0.1262 0.4658 0.0966 -0.2845 0.5493 0.603 -0.5037 -0.7452 0.2473 0.5991 0.1569 -0.7622 -0.138 0.6299 0.0568 -0.7366 0.1891 0.6478 -0.0443 -0.7176 -0.31 0.5607 -0.273 -0.8845 -0.0811 -0.3939 -0.2365 -0.6786 0.1255 0.7194 0.0787 -0.6805 0.2672 0.679 0.0669 -0.9177 0.1749 -0.356 0.0231
-0.8705 0.1262 0.4658 0.0966 -0.2845 0.5493 0.603 -0.5037 -0.7452 0.2473 0.5991 0.1569 -0.7622 -0.138 0.6299 0.0568 -0.7366 0.1891 0.6478 -0.0443 -0.7176 -0.31 0.5607 -0.273 -0.8845 -0.0811 -0.3939 -0.2365 -0.6786 0.1255 0.7194 0.0787 -0.6805 0.2672 0.679 0.0669 -0.9177 0.1749 -0.356 0.0231
-0.8705 0.1262 0.4658 0.0966 -0.2593 0.5433 0.6279 -0.4934 -0.7452 0.2473 0.5991 0.1569 -0.7622 -0.138 0.6299 0.0568 -0.7366 0.1891 0.6478 -0.0443 -0.7176 -0.31 0.5607 -0.273 -0.8845 -0.0811 -0.3939 -0.2365 -0.6786 0.1255 0.7194 0.0787 -0.6805 0.2672 0.679 0.0669 -0.9177 0.1749 -0.356 0.0231
-0.8705 0.1262 0.4658 0.0966 -0.2593 0.5433 0.6279 -0.4934 -0.7452 0.2473 0.5991 0.1569 -0.7622 -0.138 0.6299 0.0568 -0.7366 0.1891 0.6478 -0.0443 -0.7176 -0.31 0.5607 -0.273 -0.8845 -0.0811 -0.3939 -0.2365 -0.6786 0.1255 0.7194 0.0787 -0.6805 0.2672 0.679 0.0669 -0.9177 0.1749 -0.356 0.0231
-0.8623 0.1028 0.4899 0.0768 -0.2593 0.5433 0.6279 -0.4934 -0.7453 0.2697 0.5964 0.1268 -0.7622 -0.138 0.6299 0.0568 -0.7366 0.1891 0.6478 -0.0443 -0.7176 -0.31 0.5607 -0.273 -0.8845 -0.0811 -0.3939 -0.2365 -0.6786 0.1255 0.7194 0.0787 -0.6805 0.2672 0.679 0.0669 -0.9177 0.1749 -0.356 0.0231
-0.8623 0.1028 0.4899 0.0768 -0.2593 0.5433 0.6279 -0.4934 -0.7453 0.2697 0.5964 0.1268 -0.7622 -0.138 0.6299 0.0568 -0.6971 0.1445 0.702 0.0167 -0.7176 -0.31 0.5607 -0.273 -0.8845 -0.0811 -0.3939 -0.2365 -0.727 0.0525 0.6797 0.0821 -0.6805 0.2672 0.679 0.0669 -0.9177 0.1749 -0.356 0.0231
-0.8623 0.1028 0.4899 0.0768 -0.2593 0.5433 0.6279 -0.4934 -0.7453 0.2697 0.5964 0.1268 -0.7622 -0.138 0.6299 0.0568 -0.6971 0.1445 0.702 0.0167 -0.7176 -0.31 0.5607 -0.273 -0.8845 -0.0811 -0.3939 -0.2365 -0.727 0.0525 0.6797 0.0821 -0.6805 0.2672 0.679 0.0669 -0.9177 0.1749 -0.356 0.0231
-0.8623 0.1028 0.4899 0.0768 -0.2593 0.5433 0.6279 -0.4934 -0.7453 0.2697 0.5964 0.1268 -0.7622 -0.138 0.6299 0.0568 -0.6971 0.1445 0.702 0.0167 -0.7176 -0.31 0.5607 -0.273 -0.8837 -0.0763 -0.3991 -0.2322 -0.727 0.0525 0.6797 0.0821 -0.6805 0.2672 0.679 0.0669 -0.9177 0.1749 -0.356 0.0231
-0.8623 0.1028 0.4899 0.0768 -0.2593 0.5433 0.6279 -0.4934 -0.7453 0.2697 0.5964 0.1268 -0.7941 -0.1766 0.5813 0.0203 -0.6971 0.1445 0.702 0.0167 -0.7176 -0.31 0.5607 -0.273 -0.8837 -0.0763 -0.3991 -0.2322 -0.727 0.0525 0.6797 0.0821 -0.6805 0.2672 0.679 0.0669 -0.9177 0.1749 -0.356 0.0231
-0.8623 0.1028 0.4899 0.0768 -0.2593 0.5433 0.6279 -0.4934 -0.7453 0.2697 0.5964 0.1268 -0.7941 -0.1766 0.5813 0.0203 -0.6971 0.1445 0.702 0.0167 -0.7176 -0.31 0.5607 -0.273 -0.8837 -0.0763 -0.3991 -0.2322 -0.727 0.0525 0.6797 0.0821 -0.6805 0.2672 0.679 0.0669 -0.9177 0.1749 -0.356 0.0231
-0.8623 0.1028 0.4899 0.0768 -0.2593 0.5433 0.6279 -0.4934 -0.7453 0.2697 0.5964 0.1268 -0.7941 -0.1766 0.5813 0.0203 -0.6971 0.1445 0.702 0.0167 -0.7176 -0.31 0.5607 -0.273 -0.8837 -0.0763 -0.3991 -0.2322 -0.727 0.0525 0.6797 0.0821 -0.6805 0.2672 0.679 0.0669 -0.9177 0.1749 -0.356 0.0231
-0.8519 0.0995 0.5091 0.0721 -0.2593 0.5433 0.6279 -0.4934 -0.7453 0.2697 0.5964 0.1268 -0.7941 -0.1766 0.5813 0.0203 -0.6971 0.1445 0.702 0.0167 -0.7176 -0.31 0.5607 -0.273 -0.8837 -0.0763 -0.3991 -0.2322 -0.727 0.0525 0.6797 0.0821 -0.6805 0.2672 0.679 0.0669 -0.9177 0.1749 -0.356 0.0231
-0.8519 0.0995 0.5091 0.0721 -0.2593 0.5433 0.6279 -0.4934 -0.7453 0.2697 0.5964 0.1268 -0.7941 -0.1766 0.5813 0.0203 -0.6971 0.1445 0.702 0.0167 -0.7176 -0.31 0.5607 -0.273 -0.8837 -0.0763 -0.3991 -0.2322 -0.727 0.0525 0.6797 0.0821 -0.6805 0.2672 0.679 0.0669 -0.9177 0.1749 -0.356 0.0231
-0.8519 0.0995 0.5091 0.0721 -0.2593 0.5433 0.6279 -0.4934 -0.7453 0.2697 0.5964 0.1268 -0.7941 -0.1766 0.5813 0.0203 -0.6971 0.1445 0.702 0.0167 -0.7176 -0.31 0.5607 -0.273 -0.8837 -0.0763 -0.3991 -0.2322 -0.727 0.0525 0.6797 0.0821 -0.6805 0.2672 0.679 0.0669 -0.9177 0.1749 -0.356 0.0231
-0.8519 0.0995 0.5091 0.0721 -0.2593 0.5433 0.6279 -0.4934 -0.7453 0.2697 0.5964 0.1268 -0.7941 -0.1766 0.5813 0.0203 -0.6971 0.1445 0.702 0.0167 -0.7176 -0.31 0.5607 -0.273 -0.8837 -0.0763 -0.3991 -0.2322 -0.727 0.0525 0.6797 0.0821 -0.6805 0.2672 0.679 0.0669 -0.9177 0.1749 -0.356 0.0231
-0.8519 0.0995 0.5091 0.0721 -0.2593 0.5433 0.6279 -0.4934 -0.7453 0.2697 0.5964 0.1268 -0.7941 -0.1766 0.5813 0.0203 -0.6971 0.1445 0.702 0.0167 -0.7176 -0.31 0.5607 -0.273 -0.879 -0.0739 -0.4141 -0.2245 -0.727 0.0525 0.6797 0.0821 -0.6805 0.2672 0.679 0.0669 -0.8599 0.184 -0.4745 -0.0403
-0.8519 0.0995 0.5091 0.0721 -0.2188 0.559 0.6425 -0.4763 -0.7453 0.2697 0.5964 0.1268 -0.7941 -0.1766 0.5813 0.0203 -0.6971 0.1445 0.702 0.0167 -0.7176 -0.31 0.5607 -0.273 -0.879 -0.0739 -0.4141 -0.2245 -0.727 0.0525 0.6797 0.0821 -0.6805 0.2672 0.679 0.0669 -0.8599 0.184 -0.4745 -0.0403
-0.8445 0.0965 0.5229 0.064 -0.2188 0.559 0.6425 -0.4763 -0.7453 0.2697 0.5964 0.1268 -0.7941 -0.1766 0.5813 0.0203 -0.6971 0.1445 0.702 0.0167 -0.7176 -0.31 0.5607 -0.273 -0.879 -0.0739 -0.4141 -0.2245 -0.727 0.0525 0.6797 0.0821 -0.6805 0.2672 0.679 0.0669 -0.8599 0.184 -0.4745 -0.0403
-0.8445 0.0965 0.5229 0.064 -0.2188 0.559 0.6425 -0.4763 -0.7453 0.2697 0.5964 0.1268 -0.7941 -0.1766 0.5813 0.0203 -0.6971 0.1445 0.702 0.0167 -0.7176 -0.31 0.5607 -0.273 -0.879 -0.0739 -0.4141 -0.2245 -0.727 0.0525 0.6797 0.0821 -0.6805 0.2672 0.679 0.0669 -0.8599 0.184 -0.4745 -0.0403
-0.8445 0.0965 0.5229 0.064 -0.2188 0.559 0.6425 -0.4763 -0.7453 0.2697 0.5964 0.1268 -0.7941 -0.1766 0.5813 0.0203 -0.6911 0.1055 0.7117 0.0696 -0.7176 -0.31 0.5607 -0.273 -0.879 -0.0739 -0.4141 -0.2245 -0.7391 0.0348 0.6533 0.1604 -0.6805 0.2672 0.679 0.0669 -0.8599 0.184 -0.4745 -0.0403
-0.8445 0.0965 0.5229 0.064 -0.2188 0.559 0.6425 -0.4763 -0.7453 0.2697 0.5964 0.1268 -0.7941 -0.1766 0.5813 0.0203 -0.6911 0.1055 0.7117 0.0696 -0.7176 -0.31 0.5607 -0.273 -0.879 -0.0739 -0.4141 -0.2245 -0.7391 0.0348 0.6533 0.1604 -0.6805 0.2672 0.679 0.0669 -0.8599 0.184 -0.4745 -0.0403
-0.8445 0.0965 0.5229 0.064 -0.2188 0.559 0.6425 -0.4763 -0.7453 0.2697 0.5964 0.1268 -0.8037 -0.2229 0.5479 0.0649 -0.6911 0.1055 0.7117 0.0696 -0.7176 -0.31 0.5607 -0.273 -0.879 -0.0739 -0.4141 -0.2245 -0.7391 0.0348 0.6533 0.1604 -0.6805 0.2672 0.679 0.0669 -0.8599 0.184 -0.4745 -0.0403
-0.8445 0.0965 0.5229 0.064 -0.2188 0.559 0.6425 -0.4763 -0.7453 0.2697 0.5964 0.1268 -0.8037 -0.2229 0.5479 0.0649 -0.6911 0.1055 0.7117 0.0696 -0.7176 -0.31 0.5607 -0.273 -0.879 -0.0739 -0.4141 -0.2245 -0.7391 0.0348 0.6533 0.1604 -0.735 0.238 0.6294 0.0829 -0.8599 0.184 -0.4745 -0.0403
-0.8445 0.0965 0.5229 0.064 -0.2188 0.559 0.6425 -0.4763 -0.7453 0.2697 0.5964 0.1268 -0.8037 -0.2229 0.5479 0.0649 -0.6911 0.1055 0.7117 0.0696 -0.7176 -0.31 0.5607 -0.273 -0.879 -0.0739 -0.4141 -0.2245 -0.7391 0.0348 0.6533 0.1604 -0.735 0.238 0.6294 0.0829 -0.8599 0.184 -0.4745 -0.0403
-0.8445 0.0965 0.5229 0.064 -0.2188 0.559 0.6425 -0.4763 -0.7453 0.2697 0.5964 0.1268 -0.8037 -0.2229 0.5479 0.0649 -0.6911 0.1055 0.7117 0.0696 -0.7176 -0.31 0.5607 -0.273 -0.879 -0.0739 -0.4141 -0.2245 -0.7391 0.0348 0.6533 0.1604 -0.735 0.238 0.6294 0.0829 -0.8599 0.184 -0.4745 -0.0403
-0.8419 0.0989 0.5268 0.0627 -0.2156 0.5595 0.6409 -0.4792 -0.7809 0.2604 0.5613 0.0853 -0.8037 -0.2229 0.5479 0.0649 -0.6911 0.1055 0.7117 0.0696 -0.7176 -0.31 0.5607 -0.273 -0.879 -0.0739 -0.4141 -0.2245 -0.7391 0.0348 0.6533 0.1604 -0.735 0.238 0.6294 0.0829 -0.8599 0.184 -0.4745 -0.0403
-0.8419 0.0989 0.5268 0.0627 -0.2156 0.5595 0.6409 -0.4792 -0.7809 0.2604 0.5613 0.0853 -0.8037 -0.2229 0.5479 0.0649 -0.6924 0.0971 0.7077 0.101 -0.7176 -0.31 0.5607 -0.273 -0.879 -0.0739 -0.4141 -0.2245 -0.7391 0.0348 0.6533 0.1604 -0.735 0.238 0.6294 0.0829 -0.8599 0.184 -0.4745 -0.0403
-0.8419 0.0989 0.5268 0.0627 -0.2156 0.5595 0.6409 -0.4792 -0.7809 0.2604 0.5613 0.0853 -0.8037 -0.2229 0.5479 0.0649 -0.6924 0.0971 0.7077 0.101 -0.7231 -0.3467 0.5593 -0.2098 -0.879 -0.0739 -0.4141 -0.2245 -0.7391 0.0348 0.6533 0.1604 -0.735 0.238 0.6294 0.0829 -0.8599 0.184 -0.4745 -0.0403
-0.8419 0.0989 0.5268 0.0627 -0.2156 0.5595 0.6409 -0.4792 -0.7809 0.2604 0.5613 0.0853 -0.8037 -0.2229 0.5479 0.0649 -0.6924 0.0971 0.7077 0.101 -0.7231 -0.3467 0.5593 -0.2098 -0.879 -0.0739 -0.4141 -0.2245 -0.7391 0.0348 0.6533 0.1604 -0.735 0.238 0.6294 0.0829 -0.8599 0.184 -0.4745 -0.0403
-0.8419 0.0989 0.5268 0.0627 -0.2156 0.5595 0.6409 -0.4792 -0.7809 0.2604 0.5613 0.0853 -0.8037 -0.2229 0.5479 0.0649 -0.6924 0.0971 0.7077 0.101 -0.7231 -0.3467 0.5593 -0.2098 -0.879 -0.0739 -0.4141 -0.2245 -0.7391 0.0348 0.6533 0.1604 -0.735 0.238 0.6294 0.0829 -0.8599 0.184 -0.4745 -0.0403
-0.8419 0.0989 0.5268 0.0627 -0.2156 0.5595 0.6409 -0.4792 -0.7809 0.2604 0.5613 0.0853 -0.8037 -0.2229 0.5479 0.0649 -0.6924 0.0971 0.7077 0.101 -0.7231 -0.3467 0.5593 -0.2098 -0.879 -0.0739 -0.4141 -0.2245 -0.7391 0.0348 0.6533 0.1604 -0.7054 0.1621 0.6713 0.1596 -0.8599 0.184 -0.4745 -0.0403
-0.8419 0.0989 0.5268 0.0627 -0.2196 0.5684 0.6313 -0.4798 -0.7809 0.2604 0.5613 0.0853 -0.8037 -0.2229 0.5479 0.0649 -0.6924 0.0971 0.7077 0.101 -0.7231 -0.3467 0.5593 -0.2098 -0.879 -0.0739 -0.4141 -0.2245 -0.7391 0.0348 0.6533 0.1604 -0.7054 0.1621 0.6713 0.1596 -0.8599 0.184 -0.4745 -0.0403
-0.8382 0.1097 0.529 0.074 -0.2196 0.5684 0.6313 -0.4798 -0.7816 0.2537 0.5645 0.0781 -0.8037 -0.2229 0.5479 0.0649 -0.6924 0.0971 0.7077 0.101 -0.7231 -0.3467 0.5593 -0.2098 -0.879 -0.0739 -0.4141 -0.2245 -0.7391 0.0348 0.6533 0.1604 -0.7054 0.1621 0.6713 0.1596 -0.8599 0.184 -0.4745 -0.0403
-0.8382 0.1097 0.529 0.074 -0.2196 0.5684 0.6313 -0.4798 -0.7816 0.2537 0.5645 0.0781 -0.8037 -0.2229 0.5479 0.0649 -0.6924 0.0971 0.7077 0.101 -0.7231 -0.3467 0.5593 -0.2098 -0.879 -0.0739 -0.4141 -0.2245 -0.7275 0.0248 0.6483 0.223 -0.7054 0.1621 0.6713 0.1596 -0.8599 0.184 -0.4745 -0.0403
-0.8382 0.1097 0.529 0.074 -0.2196 0.5684 0.6313 -0.4798 -0.7816 0.2537 0.5645 0.0781 -0.8037 -0.2229 0.5479 0.0649 -0.6924 0.0971 0.7077 0.101 -0.7231 -0.3467 0.5593 -0.2098 -0.879 -0.0739 -0.4141 -0.2245 -0.7275 0.0248 0.6483 0.223 -0.7054 0.1621 0.6713 0.1596 -0.8599 0.184 -0.4745 -0.0403
-0.8382 0.1097 0.529 0.074 -0.2196 0.5684 0.6313 -0.4798 -0.7816 0.2537 0.5645 0.0781 -0.8037 -0.2229 0.5479 0.0649 -0.6924 0.0971 0.7077 0.101 -0.7231 -0.3467 0.5593 -0.2098 -0.879 -0.0739 -0.4141 -0.2245 -0.7275 0.0248 0.6483 0.223 -0.7054 0.1621 0.6713 0.1596 -0.8599 0.184 -0.4745 -0.0403
-0.8382 0.1097 0.529 0.074 -0.2196 0.5684 0.6313 -0.4798 -0.7816 0.2537 0.5645 0.0781 -0.8037 -0.2229 0.5479 0.0649 -0.6924 0.0971 0.7077 0.101 -0.7231 -0.3467 0.5593 -0.2098 -0.8443 -0.0774 -0.4905 -0.2015 -0.7275 0.0248 0.6483 0.223 -0.6685 0.1093 0.7093 0.1952 -0.8599 0.184 -0.4745 -0.0403
-0.8382 0.1097 0.529 0.074 -0.2196 0.5684 0.6313 -0.4798 -0.7816 0.2537 0.5645 0.0781 -0.8037 -0.2229 0.5479 0.0649 -0.6924 0.0971 0.7077 0.101 -0.7231 -0.3467 0.5593 -0.2098 -0.8443 -0.0774 -0.4905 -0.2015 -0.7275 0.0248 0.6483 0.223 -0.6685 0.1093 0.7093 0.1952 -0.8599 0.184 -0.4745 -0.0403
-0.8384 0.1282 0.5212 0.0947 -0.2412 0.5779 0.6144 -0.48 -0.78 0.2497 0.5653 0.0984 -0.8037 -0.2229 0.5479 0.0649 -0.6924 0.0971 0.7077 0.101 -0.7231 -0.3467 0.5593 -0.2098 -0.8443 -0.0774 -0.4905 -0.2015 -0.7275 0.0248 0.6483 0.223 -0.6685 0.1093 0.7093 0.1952 -0.8599 0.184 -0.4745 -0.0403
-0.8384 0.1282 0.5212 0.0947 -0.2412 0.5779 0.6144 -0.48 -0.78 0.2497 0.5653 0.0984 -0.8037 -0.2229 0.5479 0.0649 -0.6995 0.1083 0.6851 0.1721 -0.7231 -0.3467 0.5593 -0.2098 -0.8443 -0.0774 -0.4905 -0.2015 -0.7275 0.0248 0.6483 0.223 -0.6685 0.1093 0.7093 0.1952 -0.8599 0.184 -0.4745 -0.0403
-0.8384 0.1282 0.5212 0.0947 -0.2412 0.5779 0.6144 -0.48 -0.78 0.2497 0.5653 0.0984 -0.8037 -0.2229 0.5479 0.0649 -0.6995 0.1083 0.6851 0.1721 -0.7231 -0.3467 0.5593 -0.2098 -0.8443 -0.0774 -0.4905 -0.2015 -0.71 0.037 0.6632 0.2337 -0.6685 0.1093 0.7093 0.1952 -0.8599 0.184 -0.4745 -0.0403
-0.8384 0.1282 0.5212 0.0947 -0.2412 0.5779 0.6144 -0.48 -0.78 0.2497 0.5653 0.0984 -0.8037 -0.2229 0.5479 0.0649 -0.6995 0.1083 0.6851 0.1721 -0.7231 -0.3467 0.5593 -0.2098 -0.8443 -0.0774 -0.4905 -0.2015 -0.71 0.037 0.6632 0.2337 -0.6685 0.1093 0.7093 0.1952 -0.8599 0.184 -0.4745 -0.0403
-0.8384 0.1282 0.5212 0.0947 -0.2412 0.5779 0.6144 -0.48 -0.78 0.2497 0.5653 0.0984 -0.8037 -0.2229 0.5479 0.0649 -0.6995 0.1083 0.6851 0.1721 -0.7231 -0.3467 0.5593 -0.2098 -0.8443 -0.0774 -0.4905 -0.2015 -0.71 0.037 0.6632 0.2337 -0.6685 0.1093 0.7093 0.1952 -0.8599 0.184 -0.4745 -0.0403
-0.8384 0.1282 0.5212 0.0947 -0.2412 0.5779 0.6144 -0.48 -0.78 0.2497 0.5653 0.0984 -0.7905 -0.1933 0.5788 0.0528 -0.6995 0.1083 0.6851 0.1721 -0.7665 -0.343 0.5236 -0.144 -0.8174 -0.0894 -0.5331 -0.1992 -0.71 0.037 0.6632 0.2337 -0.6496 0.1429 0.7196 0.1992 -0.8599 0.184 -0.4745 -0.0403
-0.8384 0.1282 0.5212 0.0947 -0.2412 0.5779 0.6144 -0.48 -0.78 0.2497 0.5653 0.0984 -0.7905 -0.1933 0.5788 0.0528 -0.6995 0.1083 0.6851 0.1721 -0.7665 -0.343 0.5236 -0.144 -0.8174 -0.0894 -0.5331 -0.1992 -0.71 0.037 0.6632 0.2337 -0.6496 0.1429 0.7196 0.1992 -0.8599 0.184 -0.4745 -0.0403
-0.8431 0.1515 0.4985 0.1327 -0.2855 0.5896 0.5863 -0.4766 -0.767 0.2609 0.568 0.145 -0.7905 -0.1933 0.5788 0.0528 -0.6995 0.1083 0.6851 0.1721 -0.7665 -0.343 0.5236 -0.144 -0.8174 -0.0894 -0.5331 -0.1992 -0.71 0.037 0.6632 0.2337 -0.6496 0.1429 0.7196 0.1992 -0.8599 0.184 -0.4745 -0.0403
-0.8431 0.1515 0.4985 0.1327 -0.2855 0.5896 0.5863 -0.4766 -0.767 0.2609 0.568 0.145 -0.7905 -0.1933 0.5788 0.0528 -0.6995 0.1083 0.6851 0.1721 -0.7665 -0.343 0.5236 -0.144 -0.8174 -0.0894 -0.5331 -0.1992 -0.71 0.037 0.6632 0.2337 -0.6496 0.1429 0.7196 0.1992 -0.8599 0.184 -0.4745 -0.0403
-0.8431 0.1515 0.4985 0.1327 -0.2855 0.5896 0.5863 -0.4766 -0.767 0.2609 0.568 0.145 -0.7905 -0.1933 0.5788 0.0528 -0.7099 0.1494 0.6531 0.2173 -0.7665 -0.343 0.5236 -0.144 -0.8174 -0.0894 -0.5331 -0.1992 -0.6927 0.0516 0.6822 0.2281 -0.6496 0.1429 0.7196 0.1992 -0.8599 0.184 -0.4745 -0.0403
-0.8431 0.1515 0.4985 0.1327 -0.2855 0.5896 0.5863 -0.4766 -0.767 0.2609 0.568 0.145 -0.7905 -0.1933 0.5788 0.0528 -0.7099 0.1494 0.6531 0.2173 -0.7665 -0.343 0.5236 -0.144 -0.8174 -0.0894 -0.5331 -0.1992 -0.6927 0.0516 0.6822 0.2281 -0.6496 0.1429 0.7196 0.1992 -0.8599 0.184 -0.4745 -0.0403
-0.8431 0.1515 0.4985 0.1327 -0.2855 0.5896 0.5863 -0.4766 -0.767 0.2609 0.568 0.145 -0.7905 -0.1933 0.5788 0.0528 -0.7099 0.1494 0.6531 0.2173 -0.7665 -0.343 0.5236 -0.144 -0.8174 -0.0894 -0.5331 -0.1992 -0.6927 0.0516 0.6822 0.2281 -0.6496 0.1429 0.7196 0.1992 -0.8599 0.184 -0.4745 -0.0403
-0.8431 0.1515 0.4985 0.1327 -0.2855 0.5896 0.5863 -0.4766 -0.767 0.2609 0.568 0.145 -0.7788 -0.1581 0.603 0.0699 -0.7099 0.1494 0.6531 0.2173 -0.7665 -0.343 0.5236 -0.144 -0.735 -0.1173 -0.6462 -0.1682 -0.6927 0.0516 0.6822 0.2281 -0.644 0.2106 0.712 0.1841 -0.9146 0.2045 -0.3462 0.0423
-0.8431 0.1515 0.4985 0.1327 -0.2855 0.5896 0.5863 -0.4766 -0.767 0.2609 0.568 0.145 -0.7788 -0.1581 0.603 0.0699 -0.7099 0.1494 0.6531 0.2173 -0.7665 -0.343 0.5236 -0.144 -0.735 -0.1173 -0.6462 -0.1682 -0.6927 0.0516 0.6822 0.2281 -0.644 0.2106 0.712 0.1841 -0.9146 0.2045 -0.3462 0.0423
-0.8431 0.1515 0.4985 0.1327 -0.2855 0.5896 0.5863 -0.4766 -0.767 0.2609 0.568 0.145 -0.7788 -0.1581 0.603 0.0699 -0.7099 0.1494 0.6531 0.2173 -0.7665 -0.343 0.5236 -0.144 -0.735 -0.1173 -0.6462 -0.1682 -0.6927 0.0516 0.6822 0.2281 -0.644 0.2106 0.712 0.1841 -0.9146 0.2045 -0.3462 0.0423
-0.8499 0.1389 0.4868 0.1467 -0.2999 0.5875 0.5893 -0.4666 -0.767 0.2609 0.568 0.145 -0.7788 -0.1581 0.603 0.0699 -0.7099 0.1494 0.6531 0.2173 -0.7665 -0.343 0.5236 -0.144 -0.735 -0.1173 -0.6462 -0.1682 -0.6927 0.0516 0.6822 0.2281 -0.644 0.2106 0.712 0.1841 -0.9146 0.2045 -0.3462 0.0423
-0.8499 0.1389 0.4868 0.1467 -0.2999 0.5875 0.5893 -0.4666 -0.767 0.2609 0.568 0.145 -0.7788 -0.1581 0.603 0.0699 -0.7278 0.1852 0.6317 0.1922 -0.7665 -0.343 0.5236 -0.144 -0.735 -0.1173 -0.6462 -0.1682 -0.6774 0.0906 0.6941 0.2262 -0.644 0.2106 0.712 0.1841 -0.9146 0.2045 -0.3462 0.0423
-0.8499 0.1389 0.4868 0.1467 -0.2999 0.5875 0.5893 -0.4666 -0.767 0.2609 0.568 0.145 -0.7788 -0.1581 0.603 0.0699 -0.7278 0.1852 0.6317 0.1922 -0.7665 -0.343 0.5236 -0.144 -0.735 -0.1173 -0.6462 -0.1682 -0.6774 0.0906 0.6941 0.2262 -0.644 0.2106 0.712 0.1841 -0.9146 0.2045 -0.3462 0.0423
-0.8499 0.1389 0.4868 0.1467 -0.2999 0.5875 0.5893 -0.4666 -0.767 0.2609 0.568 0.145 -0.7788 -0.1581 0.603 0.0699 -0.7278 0.1852 0.6317 0.1922 -0.8279 -0.3246 0.4567 -0.0237 -0.7001 -0.181 -0.6875 -0.0667 -0.6774 0.0906 0.6941 0.2262 -0.644 0.2106 0.712 0.1841 -0.9163 0.194 -0.3485 0.0371
-0.8499 0.1389 0.4868 0.1467 -0.2999 0.5875 0.5893 -0.4666 -0.767 0.2609 0.568 0.145 -0.755 -0.1646 0.621 0.1311 -0.7278 0.1852 0.6317 0.1922 -0.8279 -0.3246 0.4567 -0.0237 -0.7001 -0.181 -0.6875 -0.0667 -0.6774 0.0906 0.6941 0.2262 -0.6397 0.2386 0.7119 0.1645 -0.9163 0.194 -0.3485 0.0371
-0.8499 0.1389 0.4868 0.1467 -0.2999 0.5875 0.5893 -0.4666 -0.767 0.2609 0.568 0.145 -0.755 -0.1646 0.621 0.1311 -0.7278 0.1852 0.6317 0.1922 -0.8279 -0.3246 0.4567 -0.0237 -0.7001 -0.181 -0.6875 -0.0667 -0.6774 0.0906 0.6941 0.2262 -0.6397 0.2386 0.7119 0.1645 -0.9163 0.194 -0.3485 0.0371
-0.8499 0.1389 0.4868 0.1467 -0.3236 0.5865 0.572 -0.4734 -0.767 0.2609 0.568 0.145 -0.755 -0.1646 0.621 0.1311 -0.7278 0.1852 0.6317 0.1922 -0.8279 -0.3246 0.4567 -0.0237 -0.7001 -0.181 -0.6875 -0.0667 -0.6774 0.0906 0.6941 0.2262 -0.6397 0.2386 0.7119 0.1645 -0.9163 0.194 -0.3485 0.0371
-0.8557 0.1508 0.4689 0.1584 -0.3236 0.5865 0.572 -0.4734 -0.767 0.2609 0.568 0.145 -0.755 -0.1646 0.621 0.1311 -0.7278 0.1852 0.6317 0.1922 -0.8279 -0.3246 0.4567 -0.0237 -0.7001 -0.181 -0.6875 -0.0667 -0.6774 0.0906 0.6941 0.2262 -0.6397 0.2386 0.7119 0.1645 -0.9163 0.194 -0.3485 0.0371
-0.8557 0.1508 0.4689 0.1584 -0.3236 0.5865 0.572 -0.4734 -0.767 0.2609 0.568 0.145 -0.755 -0.1646 0.621 0.1311 -0.7278 0.1852 0.6317 0.1922 -0.8279 -0.3246 0.4567 -0.0237 -0.7001 -0.181 -0.6875 -0.0667 -0.6774 0.0906 0.6941 0.2262 -0.6397 0.2386 0.7119 0.1645 -0.9163 0.194 -0.3485 0.0371
-0.8557 0.1508 0.4689 0.1584 -0.3236 0.5865 0.572 -0.4734 -0.767 0.2609 0.568 0.145 -0.755 -0.1646 0.621 0.1311 -0.7278 0.1852 0.6317 0.1922 -0.8279 -0.3246 0.4567 -0.0237 -0.7001 -0.181 -0.6875 -0.0667 -0.6774 0.0906 0.6941 0.2262 -0.6397 0.2386 0.7119 0.1645 -0.9163 0.194 -0.3485 0.0371
-0.8557 0.1508 0.4689 0.1584 -0.3236 0.5865 0.572 -0.4734 -0.767 0.2609 0.568 0.145 -0.755 -0.1646 0.621 0.1311 -0.7278 0.1852 0.6317 0.1922 -0.8279 -0.3246 0.4567 -0.0237 -0.7001 -0.181 -0.6875 -0.0667 -0.6774 0.0906 0.6941 0.2262 -0.6397 0.2386 0.7119 0.1645 -0.9163 0.194 -0.3485 0.0371
-0.8557 0.1508 0.4689 0.1584 -0.3236 0.5865 0.572 -0.4734 -0.767 0.2609 0.568 0.145 -0.7335 -0.1909 0.6291 0.1727 -0.7278 0.1852 0.6317 0.1922 -0.8511 -0.3139 0.4202 -0.0242 -0.7061 -0.1534 -0.6903 -0.0369 -0.6774 0.0906 0.6941 0.2262 -0.6445 0.2424 0.7119 0.1383 -0.9136 0.1996 -0.3519 0.0393
-0.8557 0.1508 0.4689 0.1584 -0.3236 0.5865 0.572 -0.4734 -0.767 0.2609 0.568 0.145 -0.7335 -0.1909 0.6291 0.1727 -0.7278 0.1852 0.6317 0.1922 -0.8511 -0.3139 0.4202 -0.0242 -0.7061 -0.1534 -0.6903 -0.0369 -0.6774 0.0906 0.6941 0.2262 -0.6445 0.2424 0.7119 0.1383 -0.9136 0.1996 -0.3519 0.0393
-0.8557 0.1508 0.4689 0.1584 -0.3236 0.5865 0.572 -0.4734 -0.7324 0.277 0.5643 0.2616 -0.7335 -0.1909 0.6291 0.1727 -0.7278 0.1852 0.6317 0.1922 -0.8511 -0.3139 0.4202 -0.0242 -0.7061 -0.1534 -0.6903 -0.0369 -0.6774 0.0906 0.6941 0.2262 -0.6445 0.2424 0.7119 0.1383 -0.9136 0.1996 -0.3519 0.0393
-0.8608 0.1455 0.4537 0.1786 -0.3236 0.5865 0.572 -0.4734 -0.7324 0.277 0.5643 0.2616 -0.7335 -0.1909 0.6291 0.1727 -0.7278 0.1852 0.6317 0.1922 -0.8511 -0.3139 0.4202 -0.0242 -0.7061 -0.1534 -0.6903 -0.0369 -0.6774 0.0906 0.6941 0.2262 -0.6445 0.2424 0.7119 0.1383 -0.9136 0.1996 -0.3519 0.0393
-0.8608 0.1455 0.4537 0.1786 -0.3236 0.5865 0.572 -0.4734 -0.7324 0.277 0.5643 0.2616 -0.7335 -0.1909 0.6291 0.1727 -0.7753 0.2126 0.5826 0.119 -0.8511 -0.3139 0.4202 -0.0242 -0.7061 -0.1534 -0.6903 -0.0369 -0.6681 0.0984 0.7193 0.1629 -0.6445 0.2424 0.7119 0.1383 -0.9136 0.1996 -0.3519 0.0393
-0.8608 0.1455 0.4537 0.1786 -0.3236 0.5865 0.572 -0.4734 -0.7324 0.277 0.5643 0.2616 -0.7335 -0.1909 0.6291 0.1727 -0.7753 0.2126 0.5826 0.119 -0.8511 -0.3139 0.4202 -0.0242 -0.7061 -0.1534 -0.6903 -0.0369 -0.6681 0.0984 0.7193 0.1629 -0.6445 0.2424 0.7119 0.1383 -0.9136 0.1996 -0.3519 0.0393
-0.8608 0.1455 0.4537 0.1786 -0.3236 0.5865 0.572 -0.4734 -0.7324 0.277 0.5643 0.2616 -0.7335 -0.1909 0.6291 0.1727 -0.7753 0.2126 0.5826 0.119 -0.8511 -0.3139 0.4202 -0.0242 -0.7061 -0.1534 -0.6903 -0.0369 -0.6681 0.0984 0.7193 0.1629 -0.6445 0.2424 0.7119 0.1383 -0.9136 0.1996 -0.3519 0.0393
-0.8608 0.1455 0.4537 0.1786 -0.3236 0.5865 0.572 -0.4734 -0.7324 0.277 0.5643 0.2616 -0.718 -0.1851 0.6419 0.1956 -0.7753 0.2126 0.5826 0.119 -0.8613 -0.2904 0.4102 -0.0739 -0.7342 -0.1303 -0.6639 -0.057 -0.6681 0.0984 0.7193 0.1629 -0.6475 0.2388 0.7148 0.1132 -0.9118 0.202 -0.3555 0.038
-0.8608 0.1455 0.4537 0.1786 -0.3236 0.5865 0.572 -0.4734 -0.7324 0.277 0.5643 0.2616 -0.718 -0.1851 0.6419 0.1956 -0.7753 0.2126 0.5826 0.119 -0.8613 -0.2904 0.4102 -0.0739 -0.7342 -0.1303 -0.6639 -0.057 -0.6681 0.0984 0.7193 0.1629 -0.6475 0.2388 0.7148 0.1132 -0.9118 0.202 -0.3555 0.038
-0.8593 0.1463 0.4513 0.191 -0.345 0.598 0.5573 -0.4614 -0.7171 0.2874 0.5715 0.2767 -0.718 -0.1851 0.6419 0.1956 -0.7753 0.2126 0.5826 0.119 -0.8613 -0.2904 0.4102 -0.0739 -0.7342 -0.1303 -0.6639 -0.057 -0.6681 0.0984 0.7193 0.1629 -0.6475 0.2388 0.7148 0.1132 -0.9118 0.202 -0.3555 0.038
-0.8593 0.1463 0.4513 0.191 -0.345 0.598 0.5573 -0.4614 -0.7171 0.2874 0.5715 0.2767 -0.718 -0.1851 0.6419 0.1956 -0.7891 0.2332 0.564 0.0698 -0.8613 -0.2904 0.4102 -0.0739 -0.7342 -0.1303 -0.6639 -0.057 -0.6681 0.0984 0.7193 0.1629 -0.6475 0.2388 0.7148 0.1132 -0.9118 0.202 -0.3555 0.038
-0.8593 0.1463 0.4513 0.191 -0.345 0.598 0.5573 -0.4614 -0.7171 0.2874 0.5715 0.2767 -0.718 -0.1851 0.6419 0.1956 -0.7891 0.2332 0.564 0.0698 -0.8613 -0.2904 0.4102 -0.0739 -0.7342 -0.1303 -0.6639 -0.057 -0.6625 0.1183 0.7245 0.149 -0.6475 0.2388 0.7148 0.1132 -0.9118 0.202 -0.3555 0.038
-0.8593 0.1463 0.4513 0.191 -0.345 0.598 0.5573 -0.4614 -0.7171 0.2874 0.5715 0.2767 -0.718 -0.1851 0.6419 0.1956 -0.7891 0.2332 0.564 0.0698 -0.8613 -0.2904 0.4102 -0.0739 -0.7342 -0.1303 -0.6639 -0.057 -0.6625 0.1183 0.7245 0.149 -0.6475 0.2388 0.7148 0.1132 -0.9174 0.1855 -0.3511 0.0282
-0.8593 0.1463 0.4513 0.191 -0.345 0.598 0.5573 -0.4614 -0.7171 0.2874 0.5715 0.2767 -0.718 -0.1851 0.6419 0.1956 -0.7891 0.2332 0.564 0.0698 -0.8613 -0.2904 0.4102 -0.0739 -0.7342 -0.1303 -0.6639 -0.057 -0.6625 0.1183 0.7245 0.149 -0.6475 0.2388 0.7148 0.1132 -0.9174 0.1855 -0.3511 0.0282
-0.8593 0.1463 0.4513 0.191 -0.345 0.598 0.5573 -0.4614 -0.7171 0.2874 0.5715 0.2767 -0.718 -0.1851 0.6419 0.1956 -0.7891 0.2332 0.564 0.0698 -0.846 -0.2589 0.436 -0.1647 -0.7701 -0.1133 -0.6163 -0.1188 -0.6625 0.1183 0.7245 0.149 -0.6475 0.2388 0.7148 0.1132 -0.9174 0.1855 -0.3511 0.0282
-0.8593 0.1463 0.4513 0.191 -0.345 0.598 0.5573 -0.4614 -0.7171 0.2874 0.5715 0.2767 -0.718 -0.1851 0.6419 0.1956 -0.7891 0.2332 0.564 0.0698 -0.846 -0.2589 0.436 -0.1647 -0.7701 -0.1133 -0.6163 -0.1188 -0.6625 0.1183 0.7245 0.149 -0.6475 0.2388 0.7148 0.1132 -0.9174 0.1855 -0.3511 0.0282
-0.8608 0.1442 0.4493 0.1906 -0.348 0.5963 0.5574 -0.4612 -0.7056 0.291 0.5838 0.2767 -0.718 -0.1851 0.6419 0.1956 -0.7891 0.2332 0.564 0.0698 -0.846 -0.2589 0.436 -0.1647 -0.7701 -0.1133 -0.6163 -0.1188 -0.6625 0.1183 0.7245 0.149 -0.6475 0.2388 0.7148 0.1132 -0.9174 0.1855 -0.3511 0.0282
-0.8608 0.1442 0.4493 0.1906 -0.348 0.5963 0.5574 -0.4612 -0.7056 0.291 0.5838 0.2767 -0.718 -0.1851 0.6419 0.1956 -0.7891 0.2332 0.564 0.0698 -0.846 -0.2589 0.436 -0.1647 -0.7701 -0.1133 -0.6163 -0.1188 -0.6625 0.1183 0.7245 0.149 -0.6475 0.2388 0.7148 0.1132 -0.9174 0.1855 -0.3511 0.0282
-0.8608 0.1442 0.4493 0.1906 -0.348 0.5963 0.5574 -0.4612 -0.7056 0.291 0.5838 0.2767 -0.718 -0.1851 0.6419 0.1956 -0.7842 0.2371 0.5732 0.009 -0.846 -0.2589 0.436 -0.1647 -0.7701 -0.1133 -0.6163 -0.1188 -0.6633 0.1262 0.7263 0.1285 -0.6475 0.2388 0.7148 0.1132 -0.9174 0.1855 -0.3511 0.0282
-0.8608 0.1442 0.4493 0.1906 -0.348 0.5963 0.5574 -0.4612 -0.7056 0.291 0.5838 0.2767 -0.718 -0.1851 0.6419 0.1956 -0.7842 0.2371 0.5732 0.009 -0.846 -0.2589 0.436 -0.1647 -0.7701 -0.1133 -0.6163 -0.1188 -0.6633 0.1262 0.7263 0.1285 -0.6475 0.2388 0.7148 0.1132 -0.9174 0.1855 -0.3511 0.0282
-0.8608 0.1442 0.4493 0.1906 -0.348 0.5963 0.5574 -0.4612 -0.7056 0.291 0.5838 0.2767 -0.718 -0.1851 0.6419 0.1956 -0.7842 0.2371 0.5732 0.009 -0.8057 -0.2375 0.4806 -0.2521 -0.7701 -0.1133 -0.6163 -0.1188 -0.6633 0.1262 0.7263 0.1285 -0.6475 0.2388 0.7148 0.1132 -0.9191 0.1757 -0.3522 0.0209
-0.8608 0.1442 0.4493 0.1906 -0.348 0.5963 0.5574 -0.4612 -0.7056 0.291 0.5838 0.2767 -0.7198 -0.1462 0.6641 0.1394 -0.7842 0.2371 0.5732 0.009 -0.8057 -0.2375 0.4806 -0.2521 -0.7701 -0.1133 -0.6163 -0.1188 -0.6633 0.1262 0.7263 0.1285 -0.655 0.2643 0.7011 0.0975 -0.9191 0.1757 -0.3522 0.0209
-0.8608 0.1442 0.4493 0.1906 -0.348 0.5963 0.5574 -0.4612 -0.7056 0.291 0.5838 0.2767 -0.7198 -0.1462 0.6641 0.1394 -0.7842 0.2371 0.5732 0.009 -0.8057 -0.2375 0.4806 -0.2521 -0.7701 -0.1133 -0.6163 -0.1188 -0.6633 0.1262 0.7263 0.1285 -0.655 0.2643 0.7011 0.0975 -0.9191 0.1757 -0.3522 0.0209
-0.8638 0.1337 0.448 0.1878 -0.3464 0.5917 0.5654 -0.4586 -0.6973 0.2949 0.5983 0.2625 -0.7198 -0.1462 0.6641 0.1394 -0.7842 0.2371 0.5732 0.009 -0.8057 -0.2375 0.4806 -0.2521 -0.7701 -0.1133 -0.6163 -0.1188 -0.6633 0.1262 0.7263 0.1285 -0.655 0.2643 0.7011 0.0975 -0.9191 0.1757 -0.3522 0.0209
-0.8638 0.1337 0.448 0.1878 -0.3464 0.5917 0.5654 -0.4586 -0.6973 0.2949 0.5983 0.2625 -0.7198 -0.1462 0.6641 0.1394 -0.7842 0.2371 0.5732 0.009 -0.8057 -0.2375 0.4806 -0.2521 -0.7701 -0.1133 -0.6163 -0.1188 -0.6633 0.1262 0.7263 0.1285 -0.655 0.2643 0.7011 0.0975 -0.9191 0.1757 -0.3522 0.0209
-0.8638 0.1337 0.448 0.1878 -0.3464 0.5917 0.5654 -0.4586 -0.6973 0.2949 0.5983 0.2625 -0.7198 -0.1462 0.6641 0.1394 -0.7842 0.2371 0.5732 0.009 -0.8057 -0.2375 0.4806 -0.2521 -0.7701 -0.1133 -0.6163 -0.1188 -0.6633 0.1262 0.7263 0.1285 -0.655 0.2643 0.7011 0.0975 -0.9191 0.1757 -0.3522 0.0209
-0.8638 0.1337 0.448 0.1878 -0.3464 0.5917 0.5654 -0.4586 -0.6973 0.2949 0.5983 0.2625 -0.7198 -0.1462 0.6641 0.1394 -0.7842 0.2371 0.5732 0.009 -0.8057 -0.2375 0.4806 -0.2521 -0.7701 -0.1133 -0.6163 -0.1188 -0.6633 0.1262 0.7263 0.1285 -0.655 0.2643 0.7011 0.0975 -0.9191 0.1757 -0.3522 0.0209
-0.8638 0.1337 0.448 0.1878 -0.3464 0.5917 0.5654 -0.4586 -0.6973 0.2949 0.5983 0.2625 -0.7198 -0.1462 0.6641 0.1394 -0.7842 0.2371 0.5732 0.009 -0.8057 -0.2375 0.4806 -0.2521 -0.7701 -0.1133 -0.6163 -0.1188 -0.6633 0.1262 0.7263 0.1285 -0.655 0.2643 0.7011 0.0975 -0.9191 0.1757 -0.3522 0.0209
-0.8638 0.1337 0.448 0.1878 -0.3464 0.5917 0.5654 -0.4586 -0.6973 0.2949 0.5983 0.2625 -0.7261 -0.1492 0.6636 0.1011 -0.7842 0.2371 0.5732 0.009 -0.7498 -0.2211 0.5327 -0.3243 -0.7936 -0.1043 -0.5453 -0.2491 -0.6633 0.1262 0.7263 0.1285 -0.6707 0.266 0.6877 0.0804 -0.9191 0.1757 -0.3522 0.0209
-0.8638 0.1337 0.448 0.1878 -0.3464 0.5917 0.5654 -0.4586 -0.6973 0.2949 0.5983 0.2625 -0.7261 -0.1492 0.6636 0.1011 -0.7842 0.2371 0.5732 0.009 -0.7498 -0.2211 0.5327 -0.3243 -0.7936 -0.1043 -0.5453 -0.2491 -0.6633 0.1262 0.7263 0.1285 -0.6707 0.266 0.6877 0.0804 -0.9191 0.1757 -0.3522 0.0209
-0.8638 0.1337 0.448 0.1878 -0.3464 0.5917 0.5654 -0.4586 -0.6973 0.2949 0.5983 0.2625 -0.7261 -0.1492 0.6636 0.1011 -0.7842 0.2371 0.5732 0.009 -0.7498 -0.2211 0.5327 -0.3243 -0.7936 -0.1043 -0.5453 -0.2491 -0.6633 0.1262 0.7263 0.1285 -0.6707 0.266 0.6877 0.0804 -0.9191 0.1757 -0.3522 0.0209
-0.8692 0.1076 0.4509 0.1718 -0.3383 0.5767 0.5872 -0.4564 -0.7034 0.2787 0.616 0.2193 -0.7261 -0.1492 0.6636 0.1011 -0.7842 0.2371 0.5732 0.009 -0.7498 -0.2211 0.5327 -0.3243 -0.7936 -0.1043 -0.5453 -0.2491 -0.6633 0.1262 0.7263 0.1285 -0.6707 0.266 0.6877 0.0804 -0.9191 0.1757 -0.3522 0.0209
-0.8692 0.1076 0.4509 0.1718 -0.3383 0.5767 0.5872 -0.4564 -0.7034 0.2787 0.616 0.2193 -0.7261 -0.1492 0.6636 0.1011 -0.7375 0.2009 0.6441 -0.0292 -0.7498 -0.2211 0.5327 -0.3243 -0.7936 -0.1043 -0.5453 -0.2491 -0.6862 0.1138 0.7168 0.049 -0.6707 0.266 0.6877 0.0804 -0.9191 0.1757 -0.3522 0.0209
-0.8692 0.1076 0.4509 0.1718 -0.3383 0.5767 0.5872 -0.4564 -0.7034 0.2787 0.616 0.2193 -0.7261 -0.1492 0.6636 0.1011 -0.7375 0.2009 0.6441 -0.0292 -0.7498 -0.2211 0.5327 -0.3243 -0.7936 -0.1043 -0.5453 -0.2491 -0.6862 0.1138 0.7168 0.049 -0.6707 0.266 0.6877 0.0804 -0.9191 0.1757 -0.3522 0.0209
-0.8692 0.1076 0.4509 0.1718 -0.3383 0.5767 0.5872 -0.4564 -0.7034 0.2787 0.616 0.2193 -0.7261 -0.1492 0.6636 0.1011 -0.7375 0.2009 0.6441 -0.0292 -0.6995 -0.2381 0.5746 -0.352 -0.7936 -0.1043 -0.5453 -0.2491 -0.6862 0.1138 0.7168 0.049 -0.6707 0.266 0.6877 0.0804 -0.9191 0.1757 -0.3522 0.0209
-0.8692 0.1076 0.4509 0.1718 -0.3383 0.5767 0.5872 -0.4564 -0.7034 0.2787 0.616 0.2193 -0.7261 -0.1492 0.6636 0.1011 -0.7375 0.2009 0.6441 -0.0292 -0.6995 -0.2381 0.5746 -0.352 -0.7936 -0.1043 -0.5453 -0.2491 -0.6862 0.1138 0.7168 0.049 -0.7034 0.2413 0.6674 0.0406 -0.9191 0.1757 -0.3522 0.0209
-0.8692 0.1076 0.4509 0.1718 -0.3383 0.5767 0.5872 -0.4564 -0.7034 0.2787 0.616 0.2193 -0.7261 -0.1492 0.6636 0.1011 -0.7375 0.2009 0.6441 -0.0292 -0.6995 -0.2381 0.5746 -0.352 -0.7936 -0.1043 -0.5453 -0.2491 -0.6862 0.1138 0.7168 0.049 -0.7034 0.2413 0.6674 0.0406 -0.9191 0.1757 -0.3522 0.0209
-0.8692 0.1076 0.4509 0.1718 -0.3383 0.5767 0.5872 -0.4564 -0.7034 0.2787 0.616 0.2193 -0.7261 -0.1492 0.6636 0.1011 -0.7375 0.2009 0.6441 -0.0292 -0.6995 -0.2381 0.5746 -0.352 -0.7936 -0.1043 -0.5453 -0.2491 -0.6862 0.1138 0.7168 0.049 -0.7034 0.2413 0.6674 0.0406 -0.9191 0.1757 -0.3522 0.0209
-0.8727 0.0603 0.4698 0.1187 -0.3383 0.5767 0.5872 -0.4564 -0.7034 0.2787 0.616 0.2193 -0.7261 -0.1492 0.6636 0.1011 -0.7375 0.2009 0.6441 -0.0292 -0.6995 -0.2381 0.5746 -0.352 -0.7936 -0.1043 -0.5453 -0.2491 -0.6862 0.1138 0.7168 0.049 -0.7034 0.2413 0.6674 0.0406 -0.9191 0.1757 -0.3522 0.0209
-0.8727 0.0603 0.4698 0.1187 -0.3383 0.5767 0.5872 -0.4564 -0.7034 0.2787 0.616 0.2193 -0.7261 -0.1492 0.6636 0.1011 -0.7375 0.2009 0.6441 -0.0292 -0.6995 -0.2381 0.5746 -0.352 -0.7936 -0.1043 -0.5453 -0.2491 -0.6862 0.1138 0.7168 0.049 -0.7034 0.2413 0.6674 0.0406 -0.9191 0.1757 -0.3522 0.0209
-0.8727 0.0603 0.4698 0.1187 -0.3383 0.5767 0.5872 -0.4564 -0.7034 0.2787 0.616 0.2193 -0.7261 -0.1492 0.6636 0.1011 -0.7375 0.2009 0.6441 -0.0292 -0.6995 -0.2381 0.5746 -0.352 -0.7936 -0.1043 -0.5453 -0.2491 -0.6862 0.1138 0.7168 0.049 -0.7034 0.2413 0.6674 0.0406 -0.9191 0.1757 -0.3522 0.0209
-0.8727 0.0603 0.4698 0.1187 -0.3383 0.5767 0.5872 -0.4564 -0.7034 0.2787 0.616 0.2193 -0.7261 -0.1492 0.6636 0.1011 -0.7375 0.2009 0.6441 -0.0292 -0.6995 -0.2381 0.5746 -0.352 -0.7936 -0.1043 -0.5453 -0.2491 -0.6862 0.1138 0.7168 0.049 -0.7034 0.2413 0.6674 0.0406 -0.9191 0.1757 -0.3522 0.0209
-0.8727 0.0603 0.4698 0.1187 -0.3383 0.5767 0.5872 -0.4564 -0.7034 0.2787 0.616 0.2193 -0.7661 -0.1895 0.614 -0.0147 -0.7375 0.2009 0.6441 -0.0292 -0.7038 -0.3228 0.5483 -0.3161 -0.8681 -0.077 -0.412 -0.2659 -0.6862 0.1138 0.7168 0.049 -0.7297 0.2438 0.6387 -0.0095 -0.9125 0.1865 -0.3639 0.0122
-0.8727 0.0603 0.4698 0.1187 -0.3383 0.5767 0.5872 -0.4564 -0.7034 0.2787 0.616 0.2193 -0.7661 -0.1895 0.614 -0.0147 -0.7375 0.2009 0.6441 -0.0292 -0.7038 -0.3228 0.5483 -0.3161 -0.8681 -0.077 -0.412 -0.2659 -0.6862 0.1138 0.7168 0.049 -0.7297 0.2438 0.6387 -0.0095 -0.9125 0.1865 -0.3639 0.0122
-0.8727 0.0603 0.4698 0.1187 -0.3383 0.5767 0.5872 -0.4564 -0.7034 0.2787 0.616 0.2193 -0.7661 -0.1895 0.614 -0.0147 -0.7375 0.2009 0.6441 -0.0292 -0.7038 -0.3228 0.5483 -0.3161 -0.8681 -0.077 -0.412 -0.2659 -0.6862 0.1138 0.7168 0.049 -0.7297 0.2438 0.6387 -0.0095 -0.9125 0.1865 -0.3639 0.0122
-0.8727 0.0603 0.4698 0.1187 -0.3383 0.5767 0.5872 -0.4564 -0.7034 0.2787 0.616 0.2193 -0.7661 -0.1895 0.614 -0.0147 -0.7375 0.2009 0.6441 -0.0292 -0.7038 -0.3228 0.5483 -0.3161 -0.8681 -0.077 -0.412 -0.2659 -0.6862 0.1138 0.7168 0.049 -0.7297 0.2438 0.6387 -0.0095 -0.9125 0.1865 -0.3639 0.0122
-0.8589 0.0298 0.5061 0.0726 -0.3383 0.5767 0.5872 -0.4564 -0.7034 0.2787 0.616 0.2193 -0.7661 -0.1895 0.614 -0.0147 -0.6942 0.1362 0.7061 -0.0297 -0.7038 -0.3228 0.5483 -0.3161 -0.8681 -0.077 -0.412 -0.2659 -0.718 0.0869 0.6904 0.0168 -0.7297 0.2438 0.6387 -0.0095 -0.9125 0.1865 -0.3639 0.0122
-0.8589 0.0298 0.5061 0.0726 -0.3383 0.5767 0.5872 -0.4564 -0.7034 0.2787 0.616 0.2193 -0.7661 -0.1895 0.614 -0.0147 -0.6942 0.1362 0.7061 -0.0297 -0.7038 -0.3228 0.5483 -0.3161 -0.8681 -0.077 -0.412 -0.2659 -0.718 0.0869 0.6904 0.0168 -0.7297 0.2438 0.6387 -0.0095 -0.8454 0.2184 -0.4873 -0.0092
-0.8589 0.0298 0.5061 0.0726 -0.3383 0.5767 0.5872 -0.4564 -0.7034 0.2787 0.616 0.2193 -0.7661 -0.1895 0.614 -0.0147 -0.6942 0.1362 0.7061 -0.0297 -0.7038 -0.3228 0.5483 -0.3161 -0.8681 -0.077 -0.412 -0.2659 -0.718 0.0869 0.6904 0.0168 -0.7297 0.2438 0.6387 -0.0095 -0.8454 0.2184 -0.4873 -0.0092
-0.8589 0.0298 0.5061 0.0726 -0.3383 0.5767 0.5872 -0.4564 -0.7034 0.2787 0.616 0.2193 -0.7838 -0.1733 0.5945 -0.0479 -0.6942 0.1362 0.7061 -0.0297 -0.6948 -0.3734 0.5331 -0.3059 -0.8776 -0.058 -0.4024 -0.254 -0.718 0.0869 0.6904 0.0168 -0.7382 0.306 0.6 -0.0367 -0.8454 0.2184 -0.4873 -0.0092
-0.8589 0.0298 0.5061 0.0726 -0.3383 0.5767 0.5872 -0.4564 -0.7034 0.2787 0.616 0.2193 -0.7838 -0.1733 0.5945 -0.0479 -0.6942 0.1362 0.7061 -0.0297 -0.6948 -0.3734 0.5331 -0.3059 -0.8776 -0.058 -0.4024 -0.254 -0.718 0.0869 0.6904 0.0168 -0.7382 0.306 0.6 -0.0367 -0.8454 0.2184 -0.4873 -0.0092
-0.8589 0.0298 0.5061 0.0726 -0.3383 0.5767 0.5872 -0.4564 -0.7034 0.2787 0.616 0.2193 -0.7838 -0.1733 0.5945 -0.0479 -0.6942 0.1362 0.7061 -0.0297 -0.6948 -0.3734 0.5331 -0.3059 -0.8776 -0.058 -0.4024 -0.254 -0.718 0.0869 0.6904 0.0168 -0.7382 0.306 0.6 -0.0367 -0.8454 0.2184 -0.4873 -0.0092
-0.8405 0.0223 0.5377 0.063 -0.2173 0.5306 0.6883 -0.4444 -0.7034 0.2787 0.616 0.2193 -0.7838 -0.1733 0.5945 -0.0479 -0.6942 0.1362 0.7061 -0.0297 -0.6948 -0.3734 0.5331 -0.3059 -0.8776 -0.058 -0.4024 -0.254 -0.7308 0.0475 0.6782 0.0617 -0.7382 0.306 0.6 -0.0367 -0.8454 0.2184 -0.4873 -0.0092
-0.8405 0.0223 0.5377 0.063 -0.2173 0.5306 0.6883 -0.4444 -0.7034 0.2787 0.616 0.2193 -0.7838 -0.1733 0.5945 -0.0479 -0.6934 0.1099 0.7122 -0.0026 -0.6948 -0.3734 0.5331 -0.3059 -0.8776 -0.058 -0.4024 -0.254 -0.7308 0.0475 0.6782 0.0617 -0.7382 0.306 0.6 -0.0367 -0.8454 0.2184 -0.4873 -0.0092
-0.8405 0.0223 0.5377 0.063 -0.2173 0.5306 0.6883 -0.4444 -0.7034 0.2787 0.616 0.2193 -0.7838 -0.1733 0.5945 -0.0479 -0.6934 0.1099 0.7122 -0.0026 -0.6948 -0.3734 0.5331 -0.3059 -0.8776 -0.058 -0.4024 -0.254 -0.7308 0.0475 0.6782 0.0617 -0.7382 0.306 0.6 -0.0367 -0.8454 0.2184 -0.4873 -0.0092
-0.8405 0.0223 0.5377 0.063 -0.2173 0.5306 0.6883 -0.4444 -0.7034 0.2787 0.616 0.2193 -0.7838 -0.1733 0.5945 -0.0479 -0.6934 0.1099 0.7122 -0.0026 -0.6948 -0.3734 0.5331 -0.3059 -0.8776 -0.058 -0.4024 -0.254 -0.7308 0.0475 0.6782 0.0617 -0.7382 0.306 0.6 -0.0367 -0.8454 0.2184 -0.4873 -0.0092
-0.8405 0.0223 0.5377 0.063 -0.2173 0.5306 0.6883 -0.4444 -0.7034 0.2787 0.616 0.2193 -0.7954 -0.1799 0.5772 -0.0422 -0.6934 0.1099 0.7122 -0.0026 -0.6944 -0.3829 0.5356 -0.2905 -0.8769 -0.0527 -0.4091 -0.2468 -0.7308 0.0475 0.6782 0.0617 -0.744 0.3191 0.5828 -0.0718 -0.8454 0.2184 -0.4873 -0.0092
-0.8405 0.0223 0.5377 0.063 -0.2173 0.5306 0.6883 -0.4444 -0.7034 0.2787 0.616 0.2193 -0.7954 -0.1799 0.5772 -0.0422 -0.6934 0.1099 0.7122 -0.0026 -0.6944 -0.3829 0.5356 -0.2905 -0.8769 -0.0527 -0.4091 -0.2468 -0.7308 0.0475 0.6782 0.0617 -0.744 0.3191 0.5828 -0.0718 -0.8454 0.2184 -0.4873 -0.0092
-0.8388 0.0389 0.5401 0.0564 -0.2173 0.5306 0.6883 -0.4444 -0.7034 0.2787 0.616 0.2193 -0.7954 -0.1799 0.5772 -0.0422 -0.6934 0.1099 0.7122 -0.0026 -0.6944 -0.3829 0.5356 -0.2905 -0.8769 -0.0527 -0.4091 -0.2468 -0.7308 0.0475 0.6782 0.0617 -0.744 0.3191 0.5828 -0.0718 -0.8454 0.2184 -0.4873 -0.0092
-0.8388 0.0389 0.5401 0.0564 -0.2173 0.5306 0.6883 -0.4444 -0.7034 0.2787 0.616 0.2193 -0.7954 -0.1799 0.5772 -0.0422 -0.6934 0.1099 0.7122 -0.0026 -0.6944 -0.3829 0.5356 -0.2905 -0.8769 -0.0527 -0.4091 -0.2468 -0.7308 0.0475 0.6782 0.0617 -0.744 0.3191 0.5828 -0.0718 -0.8454 0.2184 -0.4873 -0.0092
-0.8388 0.0389 0.5401 0.0564 -0.2173 0.5306 0.6883 -0.4444 -0.7034 0.2787 0.616 0.2193 -0.7954 -0.1799 0.5772 -0.0422 -0.6945 0.0642 0.7165 0.0164 -0.6944 -0.3829 0.5356 -0.2905 -0.8769 -0.0527 -0.4091 -0.2468 -0.7378 0.0099 0.6691 0.0883 -0.744 0.3191 0.5828 -0.0718 -0.8454 0.2184 -0.4873 -0.0092
-0.8388 0.0389 0.5401 0.0564 -0.2173 0.5306 0.6883 -0.4444 -0.7034 0.2787 0.616 0.2193 -0.7954 -0.1799 0.5772 -0.0422 -0.6945 0.0642 0.7165 0.0164 -0.6944 -0.3829 0.5356 -0.2905 -0.8769 -0.0527 -0.4091 -0.2468 -0.7378 0.0099 0.6691 0.0883 -0.744 0.3191 0.5828 -0.0718 -0.8584 0.2119 -0.4617 -0.0713
-0.8388 0.0389 0.5401 0.0564 -0.2173 0.5306 0.6883 -0.4444 -0.7034 0.2787 0.616 0.2193 -0.7954 -0.1799 0.5772 -0.0422 -0.6945 0.0642 0.7165 0.0164 -0.6944 -0.3829 0.5356 -0.2905 -0.8769 -0.0527 -0.4091 -0.2468 -0.7378 0.0099 0.6691 0.0883 -0.744 0.3191 0.5828 -0.0718 -0.8584 0.2119 -0.4617 -0.0713
-0.8388 0.0389 0.5401 0.0564 -0.2173 0.5306 0.6883 -0.4444 -0.7034 0.2787 0.616 0.2193 -0.8044 -0.2023 0.5582 -0.0222 -0.6945 0.0642 0.7165 0.0164 -0.6841 -0.3992 0.5392 -0.2861 -0.8747 -0.0396 -0.4219 -0.2351 -0.7378 0.0099 0.6691 0.0883 -0.744 0.3191 0.5828 -0.0718 -0.8584 0.2119 -0.4617 -0.0713
-0.8388 0.0389 0.5401 0.0564 -0.2173 0.5306 0.6883 -0.4444 -0.7034 0.2787 0.616 0.2193 -0.8044 -0.2023 0.5582 -0.0222 -0.6945 0.0642 0.7165 0.0164 -0.6841 -0.3992 0.5392 -0.2861 -0.8747 -0.0396 -0.4219 -0.2351 -0.7378 0.0099 0.6691 0.0883 -0.744 0.3191 0.5828 -0.0718 -0.8584 0.2119 -0.4617 -0.0713
-0.8397 0.0619 0.5375 0.045 -0.1985 0.5416 0.6664 -0.4723 -0.7741 0.2524 0.5795 0.0345 -0.8044 -0.2023 0.5582 -0.0222 -0.6945 0.0642 0.7165 0.0164 -0.6841 -0.3992 0.5392 -0.2861 -0.8747 -0.0396 -0.4219 -0.2351 -0.7378 0.0099 0.6691 0.0883 -0.744 0.3191 0.5828 -0.0718 -0.8584 0.2119 -0.4617 -0.0713
-0.8397 0.0619 0.5375 0.045 -0.1985 0.5416 0.6664 -0.4723 -0.7741 0.2524 0.5795 0.0345 -0.8044 -0.2023 0.5582 -0.0222 -0.6945 0.0642 0.7165 0.0164 -0.6841 -0.3992 0.5392 -0.2861 -0.8747 -0.0396 -0.4219 -0.2351 -0.7378 0.0099 0.6691 0.0883 -0.744 0.3191 0.5828 -0.0718 -0.8584 0.2119 -0.4617 -0.0713
-0.8397 0.0619 0.5375 0.045 -0.1985 0.5416 0.6664 -0.4723 -0.7741 0.2524 0.5795 0.0345 -0.8044 -0.2023 0.5582 -0.0222 -0.6956 0.0554 0.7148 0.0457 -0.6841 -0.3992 0.5392 -0.2861 -0.8747 -0.0396 -0.4219 -0.2351 -0.7426 0.0148 0.6532 0.147 -0.744 0.3191 0.5828 -0.0718 -0.8584 0.2119 -0.4617 -0.0713
-0.8397 0.0619 0.5375 0.045 -0.1985 0.5416 0.6664 -0.4723 -0.7741 0.2524 0.5795 0.0345 -0.8044 -0.2023 0.5582 -0.0222 -0.6956 0.0554 0.7148 0.0457 -0.6841 -0.3992 0.5392 -0.2861 -0.8747 -0.0396 -0.4219 -0.2351 -0.7426 0.0148 0.6532 0.147 -0.744 0.3191 0.5828 -0.0718 -0.9081 0.2167 -0.3578 -0.02
-0.8397 0.0619 0.5375 0.045 -0.1985 0.5416 0.6664 -0.4723 -0.7741 0.2524 0.5795 0.0345 -0.8044 -0.2023 0.5582 -0.0222 -0.6956 0.0554 0.7148 0.0457 -0.6901 -0.4017 0.5396 -0.267 -0.8747 -0.0396 -0.4219 -0.2351 -0.7426 0.0148 0.6532 0.147 -0.744 0.3191 0.5828 -0.0718 -0.9081 0.2167 -0.3578 -0.02
-0.8397 0.0619 0.5375 0.045 -0.1985 0.5416 0.6664 -0.4723 -0.7741 0.2524 0.5795 0.0345 -0.8044 -0.2023 0.5582 -0.0222 -0.6956 0.0554 0.7148 0.0457 -0.6901 -0.4017 0.5396 -0.267 -0.8747 -0.0396 -0.4219 -0.2351 -0.7426 0.0148 0.6532 0.147 -0.7233 0.1809 0.6579 0.1062 -0.9081 0.2167 -0.3578 -0.02
-0.8397 0.0619 0.5375 0.045 -0.1985 0.5416 0.6664 -0.4723 -0.7741 0.2524 0.5795 0.0345 -0.8044 -0.2023 0.5582 -0.0222 -0.6956 0.0554 0.7148 0.0457 -0.6901 -0.4017 0.5396 -0.267 -0.8747 -0.0396 -0.4219 -0.2351 -0.7426 0.0148 0.6532 0.147 -0.7233 0.1809 0.6579 0.1062 -0.9081 0.2167 -0.3578 -0.02
-0.8397 0.0619 0.5375 0.045 -0.1985 0.5416 0.6664 -0.4723 -0.7741 0.2524 0.5795 0.0345 -0.8044 -0.2023 0.5582 -0.0222 -0.6956 0.0554 0.7148 0.0457 -0.6901 -0.4017 0.5396 -0.267 -0.8747 -0.0396 -0.4219 -0.2351 -0.7426 0.0148 0.6532 0.147 -0.7233 0.1809 0.6579 0.1062 -0.9081 0.2167 -0.3578 -0.02
-0.8416 0.0753 0.5334 0.0386 -0.1985 0.5416 0.6664 -0.4723 -0.7741 0.2524 0.5795 0.0345 -0.8044 -0.2023 0.5582 -0.0222 -0.6956 0.0554 0.7148 0.0457 -0.6901 -0.4017 0.5396 -0.267 -0.8747 -0.0396 -0.4219 -0.2351 -0.7426 0.0148 0.6532 0.147 -0.7233 0.1809 0.6579 0.1062 -0.9081 0.2167 -0.3578 -0.02
-0.8416 0.0753 0.5334 0.0386 -0.1985 0.5416 0.6664 -0.4723 -0.7741 0.2524 0.5795 0.0345 -0.8044 -0.2023 0.5582 -0.0222 -0.6956 0.0554 0.7148 0.0457 -0.6901 -0.4017 0.5396 -0.267 -0.8747 -0.0396 -0.4219 -0.2351 -0.739 0.0089 0.6473 0.1863 -0.7233 0.1809 0.6579 0.1062 -0.9081 0.2167 -0.3578 -0.02
-0.8416 0.0753 0.5334 0.0386 -0.1985 0.5416 0.6664 -0.4723 -0.7741 0.2524 0.5795 0.0345 -0.8044 -0.2023 0.5582 -0.0222 -0.6956 0.0554 0.7148 0.0457 -0.7075 -0.3958 0.5345 -0.2387 -0.8747 -0.0396 -0.4219 -0.2351 -0.739 0.0089 0.6473 0.1863 -0.7233 0.1809 0.6579 0.1062 -0.9081 0.2167 -0.3578 -0.02
-0.8416 0.0753 0.5334 0.0386 -0.1985 0.5416 0.6664 -0.4723 -0.7741 0.2524 0.5795 0.0345 -0.8044 -0.2023 0.5582 -0.0222 -0.6956 0.0554 0.7148 0.0457 -0.7075 -0.3958 0.5345 -0.2387 -0.8747 -0.0396 -0.4219 -0.2351 -0.739 0.0089 0.6473 0.1863 -0.7233 0.1809 0.6579 0.1062 -0.9081 0.2167 -0.3578 -0.02
-0.8416 0.0753 0.5334 0.0386 -0.1985 0.5416 0.6664 -0.4723 -0.7741 0.2524 0.5795 0.0345 -0.8048 -0.2227 0.5501 -0.0031 -0.6956 0.0554 0.7148 0.0457 -0.7075 -0.3958 0.5345 -0.2387 -0.8569 -0.0226 -0.469 -0.2128 -0.739 0.0089 0.6473 0.1863 -0.6898 0.1102 0.6943 0.1732 -0.9081 0.2167 -0.3578 -0.02
-0.8416 0.0753 0.5334 0.0386 -0.1985 0.5416 0.6664 -0.4723 -0.7768 0.2342 0.5808 0.0659 -0.8048 -0.2227 0.5501 -0.0031 -0.6956 0.0554 0.7148 0.0457 -0.7075 -0.3958 0.5345 -0.2387 -0.8569 -0.0226 -0.469 -0.2128 -0.739 0.0089 0.6473 0.1863 -0.6898 0.1102 0.6943 0.1732 -0.9081 0.2167 -0.3578 -0.02
-0.8484 0.0833 0.5195 0.0568 -0.1985 0.5416 0.6664 -0.4723 -0.7768 0.2342 0.5808 0.0659 -0.8048 -0.2227 0.5501 -0.0031 -0.6956 0.0554 0.7148 0.0457 -0.7075 -0.3958 0.5345 -0.2387 -0.8569 -0.0226 -0.469 -0.2128 -0.739 0.0089 0.6473 0.1863 -0.6898 0.1102 0.6943 0.1732 -0.9081 0.2167 -0.3578 -0.02
-0.8484 0.0833 0.5195 0.0568 -0.1985 0.5416 0.6664 -0.4723 -0.7768 0.2342 0.5808 0.0659 -0.8048 -0.2227 0.5501 -0.0031 -0.7006 0.0791 0.6987 0.1209 -0.7075 -0.3958 0.5345 -0.2387 -0.8569 -0.0226 -0.469 -0.2128 -0.739 0.0089 0.6473 0.1863 -0.6898 0.1102 0.6943 0.1732 -0.9081 0.2167 -0.3578 -0.02
-0.8484 0.0833 0.5195 0.0568 -0.1985 0.5416 0.6664 -0.4723 -0.7768 0.2342 0.5808 0.0659 -0.8048 -0.2227 0.5501 -0.0031 -0.7006 0.0791 0.6987 0.1209 -0.7075 -0.3958 0.5345 -0.2387 -0.8569 -0.0226 -0.469 -0.2128 -0.7285 0.017 0.6539 0.2036 -0.6898 0.1102 0.6943 0.1732 -0.9081 0.2167 -0.3578 -0.02
-0.8484 0.0833 0.5195 0.0568 -0.1985 0.5416 0.6664 -0.4723 -0.7768 0.2342 0.5808 0.0659 -0.8048 -0.2227 0.5501 -0.0031 -0.7006 0.0791 0.6987 0.1209 -0.7075 -0.3958 0.5345 -0.2387 -0.8569 -0.0226 -0.469 -0.2128 -0.7285 0.017 0.6539 0.2036 -0.6898 0.1102 0.6943 0.1732 -0.9401 0.2639 -0.2153 0.0131
-0.8484 0.0833 0.5195 0.0568 -0.1985 0.5416 0.6664 -0.4723 -0.7768 0.2342 0.5808 0.0659 -0.8048 -0.2227 0.5501 -0.0031 -0.7006 0.0791 0.6987 0.1209 -0.7395 -0.3808 0.5209 -0.1917 -0.843 -0.0181 -0.5008 -0.1954 -0.7285 0.017 0.6539 0.2036 -0.6898 0.1102 0.6943 0.1732 -0.9401 0.2639 -0.2153 0.0131
-0.8484 0.0833 0.5195 0.0568 -0.1985 0.5416 0.6664 -0.4723 -0.7768 0.2342 0.5808 0.0659 -0.8048 -0.2227 0.5501 -0.0031 -0.7006 0.0791 0.6987 0.1209 -0.7395 -0.3808 0.5209 -0.1917 -0.843 -0.0181 -0.5008 -0.1954 -0.7285 0.017 0.6539 0.2036 -0.6898 0.1102 0.6943 0.1732 -0.9401 0.2639 -0.2153 0.0131
-0.8484 0.0833 0.5195 0.0568 -0.1985 0.5416 0.6664 -0.4723 -0.7768 0.2342 0.5808 0.0659 -0.7889 -0.2058 0.5787 0.0212 -0.7006 0.0791 0.6987 0.1209 -0.7395 -0.3808 0.5209 -0.1917 -0.843 -0.0181 -0.5008 -0.1954 -0.7285 0.017 0.6539 0.2036 -0.6708 0.1017 0.7155 0.1664 -0.9401 0.2639 -0.2153 0.0131
-0.8484 0.0833 0.5195 0.0568 -0.1985 0.5416 0.6664 -0.4723 -0.7768 0.2342 0.5808 0.0659 -0.7889 -0.2058 0.5787 0.0212 -0.7006 0.0791 0.6987 0.1209 -0.7395 -0.3808 0.5209 -0.1917 -0.843 -0.0181 -0.5008 -0.1954 -0.7285 0.017 0.6539 0.2036 -0.6708 0.1017 0.7155 0.1664 -0.9401 0.2639 -0.2153 0.0131
-0.8567 0.1085 0.4951 0.0961 -0.1985 0.5416 0.6664 -0.4723 -0.7768 0.2342 0.5808 0.0659 -0.7889 -0.2058 0.5787 0.0212 -0.7006 0.0791 0.6987 0.1209 -0.7395 -0.3808 0.5209 -0.1917 -0.843 -0.0181 -0.5008 -0.1954 -0.7152 0.0259 0.67 0.1972 -0.6708 0.1017 0.7155 0.1664 -0.9401 0.2639 -0.2153 0.0131
-0.8567 0.1085 0.4951 0.0961 -0.1985 0.5416 0.6664 -0.4723 -0.7768 0.2342 0.5808 0.0659 -0.7889 -0.2058 0.5787 0.0212 -0.7006 0.0791 0.6987 0.1209 -0.7395 -0.3808 0.5209 -0.1917 -0.843 -0.0181 -0.5008 -0.1954 -0.7152 0.0259 0.67 0.1972 -0.6708 0.1017 0.7155 0.1664 -0.9401 0.2639 -0.2153 0.0131
-0.8567 0.1085 0.4951 0.0961 -0.1985 0.5416 0.6664 -0.4723 -0.7768 0.2342 0.5808 0.0659 -0.7889 -0.2058 0.5787 0.0212 -0.7006 0.0791 0.6987 0.1209 -0.7395 -0.3808 0.5209 -0.1917 -0.843 -0.0181 -0.5008 -0.1954 -0.7152 0.0259 0.67 0.1972 -0.6708 0.1017 0.7155 0.1664 -0.9401 0.2639 -0.2153 0.0131
-0.8567 0.1085 0.4951 0.0961 -0.1985 0.5416 0.6664 -0.4723 -0.7768 0.2342 0.5808 0.0659 -0.7889 -0.2058 0.5787 0.0212 -0.7006 0.0791 0.6987 0.1209 -0.7803 -0.3768 0.48 -0.1368 -0.7502 -0.0458 -0.6329 -0.1859 -0.7152 0.0259 0.67 0.1972 -0.6708 0.1017 0.7155 0.1664 -0.9142 0.2541 -0.3156 0.0112
-0.8567 0.1085 0.4951 0.0961 -0.1985 0.5416 0.6664 -0.4723 -0.7768 0.2342 0.5808 0.0659 -0.7706 -0.1617 0.6146 0.0475 -0.7006 0.0791 0.6987 0.1209 -0.7803 -0.3768 0.48 -0.1368 -0.7502 -0.0458 -0.6329 -0.1859 -0.7152 0.0259 0.67 0.1972 -0.6644 0.167 0.7103 0.1618 -0.9142 0.2541 -0.3156 0.0112
-0.8567 0.1085 0.4951 0.0961 -0.1985 0.5416 0.6664 -0.4723 -0.7768 0.2342 0.5808 0.0659 -0.7706 -0.1617 0.6146 0.0475 -0.7006 0.0791 0.6987 0.1209 -0.7803 -0.3768 0.48 -0.1368 -0.7502 -0.0458 -0.6329 -0.1859 -0.7152 0.0259 0.67 0.1972 -0.6644 0.167 0.7103 0.1618 -0.9142 0.2541 -0.3156 0.0112
-0.8567 0.1085 0.4951 0.0961 -0.1985 0.5416 0.6664 -0.4723 -0.7768 0.2342 0.5808 0.0659 -0.7706 -0.1617 0.6146 0.0475 -0.7006 0.0791 0.6987 0.1209 -0.7803 -0.3768 0.48 -0.1368 -0.7502 -0.0458 -0.6329 -0.1859 -0.7152 0.0259 0.67 0.1972 -0.6644 0.167 0.7103 0.1618 -0.9142 0.2541 -0.3156 0.0112
-0.8568 0.1099 0.4868 0.13 -0.2879 0.5624 0.6086 -0.4801 -0.7333 0.2556 0.5935 0.2114 -0.7706 -0.1617 0.6146 0.0475 -0.7006 0.0791 0.6987 0.1209 -0.7803 -0.3768 0.48 -0.1368 -0.7502 -0.0458 -0.6329 -0.1859 -0.7152 0.0259 0.67 0.1972 -0.6644 0.167 0.7103 0.1618 -0.9142 0.2541 -0.3156 0.0112
-0.8568 0.1099 0.4868 0.13 -0.2879 0.5624 0.6086 -0.4801 -0.7333 0.2556 0.5935 0.2114 -0.7706 -0.1617 0.6146 0.0475 -0.7341 0.1667 0.6484 0.1138 -0.7803 -0.3768 0.48 -0.1368 -0.7502 -0.0458 -0.6329 -0.1859 -0.6983 0.0598 0.6873 0.1908 -0.6644 0.167 0.7103 0.1618 -0.9142 0.2541 -0.3156 0.0112
-0.8568 0.1099 0.4868 0.13 -0.2879 0.5624 0.6086 -0.4801 -0.7333 0.2556 0.5935 0.2114 -0.7706 -0.1617 0.6146 0.0475 -0.7341 0.1667 0.6484 0.1138 -0.7803 -0.3768 0.48 -0.1368 -0.7502 -0.0458 -0.6329 -0.1859 -0.6983 0.0598 0.6873 0.1908 -0.6644 0.167 0.7103 0.1618 -0.9144 0.2329 -0.3311 0.0081
-0.8568 0.1099 0.4868 0.13 -0.2879 0.5624 0.6086 -0.4801 -0.7333 0.2556 0.5935 0.2114 -0.7706 -0.1617 0.6146 0.0475 -0.7341 0.1667 0.6484 0.1138 -0.7803 -0.3768 0.48 -0.1368 -0.7502 -0.0458 -0.6329 -0.1859 -0.6983 0.0598 0.6873 0.1908 -0.6644 0.167 0.7103 0.1618 -0.9144 0.2329 -0.3311 0.0081
-0.8568 0.1099 0.4868 0.13 -0.2879 0.5624 0.6086 -0.4801 -0.7333 0.2556 0.5935 0.2114 -0.7469 -0.1459 0.6381 0.1164 -0.7341 0.1667 0.6484 0.1138 -0.8123 -0.3765 0.4379 -0.0815 -0.6458 -0.1451 -0.7426 -0.1021 -0.6983 0.0598 0.6873 0.1908 -0.6583 0.1793 0.7183 0.1358 -0.9144 0.2329 -0.3311 0.0081
-0.8568 0.1099 0.4868 0.13 -0.2879 0.5624 0.6086 -0.4801 -0.7333 0.2556 0.5935 0.2114 -0.7469 -0.1459 0.6381 0.1164 -0.7341 0.1667 0.6484 0.1138 -0.8123 -0.3765 0.4379 -0.0815 -0.6458 -0.1451 -0.7426 -0.1021 -0.6983 0.0598 0.6873 0.1908 -0.6583 0.1793 0.7183 0.1358 -0.9144 0.2329 -0.3311 0.0081
-0.8568 0.1099 0.4868 0.13 -0.2879 0.5624 0.6086 -0.4801 -0.7225 0.2783 0.5762 0.2615 -0.7469 -0.1459 0.6381 0.1164 -0.7341 0.1667 0.6484 0.1138 -0.8123 -0.3765 0.4379 -0.0815 -0.6458 -0.1451 -0.7426 -0.1021 -0.6983 0.0598 0.6873 0.1908 -0.6583 0.1793 0.7183 0.1358 -0.9144 0.2329 -0.3311 0.0081
-0.8568 0.1099 0.4868 0.13 -0.2879 0.5624 0.6086 -0.4801 -0.7225 0.2783 0.5762 0.2615 -0.7469 -0.1459 0.6381 0.1164 -0.7341 0.1667 0.6484 0.1138 -0.8123 -0.3765 0.4379 -0.0815 -0.6458 -0.1451 -0.7426 -0.1021 -0.6983 0.0598 0.6873 0.1908 -0.6583 0.1793 0.7183 0.1358 -0.9144 0.2329 -0.3311 0.0081
-0.8547 0.1325 0.4795 0.1486 -0.2879 0.5624 0.6086 -0.4801 -0.7225 0.2783 0.5762 0.2615 -0.7469 -0.1459 0.6381 0.1164 -0.7531 0.2045 0.6199 0.082 -0.8123 -0.3765 0.4379 -0.0815 -0.6458 -0.1451 -0.7426 -0.1021 -0.6838 0.0795 0.7066 0.1636 -0.6583 0.1793 0.7183 0.1358 -0.9144 0.2329 -0.3311 0.0081
-0.8547 0.1325 0.4795 0.1486 -0.2879 0.5624 0.6086 -0.4801 -0.7225 0.2783 0.5762 0.2615 -0.7469 -0.1459 0.6381 0.1164 -0.7531 0.2045 0.6199 0.082 -0.8123 -0.3765 0.4379 -0.0815 -0.6458 -0.1451 -0.7426 -0.1021 -0.6838 0.0795 0.7066 0.1636 -0.6583 0.1793 0.7183 0.1358 -0.9144 0.2329 -0.3311 0.0081
-0.8547 0.1325 0.4795 0.1486 -0.2879 0.5624 0.6086 -0.4801 -0.7225 0.2783 0.5762 0.2615 -0.7469 -0.1459 0.6381 0.1164 -0.7531 0.2045 0.6199 0.082 -0.8372 -0.3521 0.4111 -0.0786 -0.6458 -0.1451 -0.7426 -0.1021 -0.6838 0.0795 0.7066 0.1636 -0.6583 0.1793 0.7183 0.1358 -0.9186 0.2061 -0.3372 -0.0072
-0.8547 0.1325 0.4795 0.1486 -0.2879 0.5624 0.6086 -0.4801 -0.7225 0.2783 0.5762 0.2615 -0.7318 -0.1589 0.6389 0.1761 -0.7531 0.2045 0.6199 0.082 -0.8372 -0.3521 0.4111 -0.0786 -0.6458 -0.1451 -0.7426 -0.1021 -0.6838 0.0795 0.7066 0.1636 -0.6525 0.2012 0.7205 0.1209 -0.9186 0.2061 -0.3372 -0.0072
-0.8547 0.1325 0.4795 0.1486 -0.3119 0.5903 0.5672 -0.4822 -0.7225 0.2783 0.5762 0.2615 -0.7318 -0.1589 0.6389 0.1761 -0.7531 0.2045 0.6199 0.082 -0.8372 -0.3521 0.4111 -0.0786 -0.6458 -0.1451 -0.7426 -0.1021 -0.6838 0.0795 0.7066 0.1636 -0.6525 0.2012 0.7205 0.1209 -0.9186 0.2061 -0.3372 -0.0072
-0.8521 0.1486 0.4733 0.167 -0.3119 0.5903 0.5672 -0.4822 -0.7225 0.2783 0.5762 0.2615 -0.7318 -0.1589 0.6389 0.1761 -0.7531 0.2045 0.6199 0.082 -0.8372 -0.3521 0.4111 -0.0786 -0.6458 -0.1451 -0.7426 -0.1021 -0.6838 0.0795 0.7066 0.1636 -0.6525 0.2012 0.7205 0.1209 -0.9186 0.2061 -0.3372 -0.0072
-0.8521 0.1486 0.4733 0.167 -0.3119 0.5903 0.5672 -0.4822 -0.7225 0.2783 0.5762 0.2615 -0.7318 -0.1589 0.6389 0.1761 -0.7531 0.2045 0.6199 0.082 -0.8372 -0.3521 0.4111 -0.0786 -0.6458 -0.1451 -0.7426 -0.1021 -0.6838 0.0795 0.7066 0.1636 -0.6525 0.2012 0.7205 0.1209 -0.9186 0.2061 -0.3372 -0.0072
-0.8521 0.1486 0.4733 0.167 -0.3119 0.5903 0.5672 -0.4822 -0.7225 0.2783 0.5762 0.2615 -0.7318 -0.1589 0.6389 0.1761 -0.7726 0.2109 0.5975 0.0406 -0.8372 -0.3521 0.4111 -0.0786 -0.6458 -0.1451 -0.7426 -0.1021 -0.6746 0.0969 0.7172 0.1453 -0.6525 0.2012 0.7205 0.1209 -0.9186 0.2061 -0.3372 -0.0072
-0.8521 0.1486 0.4733 0.167 -0.3119 0.5903 0.5672 -0.4822 -0.7225 0.2783 0.5762 0.2615 -0.7318 -0.1589 0.6389 0.1761 -0.7726 0.2109 0.5975 0.0406 -0.8372 -0.3521 0.4111 -0.0786 -0.6458 -0.1451 -0.7426 -0.1021 -0.6746 0.0969 0.7172 0.1453 -0.6525 0.2012 0.7205 0.1209 -0.9186 0.2061 -0.3372 -0.0072
-0.8521 0.1486 0.4733 0.167 -0.3119 0.5903 0.5672 -0.4822 -0.7225 0.2783 0.5762 0.2615 -0.7318 -0.1589 0.6389 0.1761 -0.7726 0.2109 0.5975 0.0406 -0.8372 -0.3521 0.4111 -0.0786 -0.6458 -0.1451 -0.7426 -0.1021 -0.6746 0.0969 0.7172 0.1453 -0.6525 0.2012 0.7205 0.1209 -0.9186 0.2061 -0.3372 -0.0072
-0.8521 0.1486 0.4733 0.167 -0.3119 0.5903 0.5672 -0.4822 -0.7225 0.2783 0.5762 0.2615 -0.7267 -0.167 0.6354 0.2007 -0.7726 0.2109 0.5975 0.0406 -0.8381 -0.318 0.4227 -0.1334 -0.7357 -0.0923 -0.663 -0.1033 -0.6746 0.0969 0.7172 0.1453 -0.6525 0.2195 0.7181 0.1019 -0.9186 0.2061 -0.3372 -0.0072
-0.8521 0.1486 0.4733 0.167 -0.3119 0.5903 0.5672 -0.4822 -0.7225 0.2783 0.5762 0.2615 -0.7267 -0.167 0.6354 0.2007 -0.7726 0.2109 0.5975 0.0406 -0.8381 -0.318 0.4227 -0.1334 -0.7357 -0.0923 -0.663 -0.1033 -0.6746 0.0969 0.7172 0.1453 -0.6525 0.2195 0.7181 0.1019 -0.9186 0.2061 -0.3372 -0.0072
-0.8507 0.1578 0.469 0.1773 -0.3151 0.6012 0.5577 -0.4777 -0.7232 0.2813 0.5574 0.2952 -0.7267 -0.167 0.6354 0.2007 -0.7726 0.2109 0.5975 0.0406 -0.8381 -0.318 0.4227 -0.1334 -0.7357 -0.0923 -0.663 -0.1033 -0.6746 0.0969 0.7172 0.1453 -0.6525 0.2195 0.7181 0.1019 -0.9186 0.2061 -0.3372 -0.0072
-0.8507 0.1578 0.469 0.1773 -0.3151 0.6012 0.5577 -0.4777 -0.7232 0.2813 0.5574 0.2952 -0.7267 -0.167 0.6354 0.2007 -0.7726 0.2109 0.5975 0.0406 -0.8381 -0.318 0.4227 -0.1334 -0.7357 -0.0923 -0.663 -0.1033 -0.6746 0.0969 0.7172 0.1453 -0.6525 0.2195 0.7181 0.1019 -0.9186 0.2061 -0.3372 -0.0072
-0.8507 0.1578 0.469 0.1773 -0.3151 0.6012 0.5577 -0.4777 -0.7232 0.2813 0.5574 0.2952 -0.7267 -0.167 0.6354 0.2007 -0.7726 0.2109 0.5975 0.0406 -0.8381 -0.318 0.4227 -0.1334 -0.7357 -0.0923 -0.663 -0.1033 -0.6746 0.0969 0.7172 0.1453 -0.6525 0.2195 0.7181 0.1019 -0.9186 0.2061 -0.3372 -0.0072
-0.8507 0.1578 0.469 0.1773 -0.3151 0.6012 0.5577 -0.4777 -0.7232 0.2813 0.5574 0.2952 -0.7267 -0.167 0.6354 0.2007 -0.7726 0.2109 0.5975 0.0406 -0.8173 -0.2573 0.4729 -0.2054 -0.7357 -0.0923 -0.663 -0.1033 -0.6746 0.0969 0.7172 0.1453 -0.6525 0.2195 0.7181 0.1019 -0.9162 0.1982 -0.348 -0.0167
-0.8507 0.1578 0.469 0.1773 -0.3151 0.6012 0.5577 -0.4777 -0.7232 0.2813 0.5574 0.2952 -0.7267 -0.167 0.6354 0.2007 -0.7726 0.2109 0.5975 0.0406 -0.8173 -0.2573 0.4729 -0.2054 -0.7357 -0.0923 -0.663 -0.1033 -0.6746 0.0969 0.7172 0.1453 -0.6525 0.2195 0.7181 0.1019 -0.9162 0.1982 -0.348 -0.0167
-0.8507 0.1578 0.469 0.1773 -0.3151 0.6012 0.5577 -0.4777 -0.7232 0.2813 0.5574 0.2952 -0.7267 -0.167 0.6354 0.2007 -0.7726 0.2109 0.5975 0.0406 -0.8173 -0.2573 0.4729 -0.2054 -0.7357 -0.0923 -0.663 -0.1033 -0.6746 0.0969 0.7172 0.1453 -0.6525 0.2195 0.7181 0.1019 -0.9162 0.1982 -0.348 -0.0167
-0.8507 0.1578 0.469 0.1773 -0.3151 0.6012 0.5577 -0.4777 -0.7232 0.2813 0.5574 0.2952 -0.7267 -0.167 0.6354 0.2007 -0.7726 0.2109 0.5975 0.0406 -0.8173 -0.2573 0.4729 -0.2054 -0.7357 -0.0923 -0.663 -0.1033 -0.6746 0.0969 0.7172 0.1453 -0.6574 0.2349 0.7111 0.0834 -0.9162 0.1982 -0.348 -0.0167
-0.8507 0.1578 0.469 0.1773 -0.3151 0.6012 0.5577 -0.4777 -0.7232 0.2813 0.5574 0.2952 -0.7267 -0.167 0.6354 0.2007 -0.7726 0.2109 0.5975 0.0406 -0.8173 -0.2573 0.4729 -0.2054 -0.7357 -0.0923 -0.663 -0.1033 -0.6746 0.0969 0.7172 0.1453 -0.6574 0.2349 0.7111 0.0834 -0.9162 0.1982 -0.348 -0.0167
-0.8524 0.1636 0.4644 0.176 -0.3132 0.6044 0.5555 -0.4775 -0.7194 0.2842 0.5675 0.2823 -0.7267 -0.167 0.6354 0.2007 -0.7676 0.2427 0.5931 0.0057 -0.8173 -0.2573 0.4729 -0.2054 -0.7357 -0.0923 -0.663 -0.1033 -0.67 0.1228 0.726 0.0947 -0.6574 0.2349 0.7111 0.0834 -0.9162 0.1982 -0.348 -0.0167
-0.8524 0.1636 0.4644 0.176 -0.3132 0.6044 0.5555 -0.4775 -0.7194 0.2842 0.5675 0.2823 -0.7267 -0.167 0.6354 0.2007 -0.7676 0.2427 0.5931 0.0057 -0.8173 -0.2573 0.4729 -0.2054 -0.7357 -0.0923 -0.663 -0.1033 -0.67 0.1228 0.726 0.0947 -0.6574 0.2349 0.7111 0.0834 -0.9162 0.1982 -0.348 -0.0167
-0.8524 0.1636 0.4644 0.176 -0.3132 0.6044 0.5555 -0.4775 -0.7194 0.2842 0.5675 0.2823 -0.7267 -0.167 0.6354 0.2007 -0.7676 0.2427 0.5931 0.0057 -0.8173 -0.2573 0.4729 -0.2054 -0.7357 -0.0923 -0.663 -0.1033 -0.67 0.1228 0.726 0.0947 -0.6574 0.2349 0.7111 0.0834 -0.9162 0.1982 -0.348 -0.0167
-0.8524 0.1636 0.4644 0.176 -0.3132 0.6044 0.5555 -0.4775 -0.7194 0.2842 0.5675 0.2823 -0.7267 -0.167 0.6354 0.2007 -0.7676 0.2427 0.5931 0.0057 -0.8173 -0.2573 0.4729 -0.2054 -0.7357 -0.0923 -0.663 -0.1033 -0.67 0.1228 0.726 0.0947 -0.6574 0.2349 0.7111 0.0834 -0.9162 0.1982 -0.348 -0.0167
-0.8524 0.1636 0.4644 0.176 -0.3132 0.6044 0.5555 -0.4775 -0.7194 0.2842 0.5675 0.2823 -0.7267 -0.167 0.6354 0.2007 -0.7676 0.2427 0.5931 0.0057 -0.8173 -0.2573 0.4729 -0.2054 -0.7357 -0.0923 -0.663 -0.1033 -0.67 0.1228 0.726 0.0947 -0.6652 0.2488 0.7014 0.0603 -0.9162 0.1982 -0.348 -0.0167
-0.8524 0.1636 0.4644 0.176 -0.3132 0.6044 0.5555 -0.4775 -0.7194 0.2842 0.5675 0.2823 -0.7267 -0.167 0.6354 0.2007 -0.7676 0.2427 0.5931 0.0057 -0.8173 -0.2573 0.4729 -0.2054 -0.7357 -0.0923 -0.663 -0.1033 -0.67 0.1228 0.726 0.0947 -0.6652 0.2488 0.7014 0.0603 -0.9162 0.1982 -0.348 -0.0167
-0.8576 0.1628 0.4579 0.1683 -0.3132 0.6044 0.5555 -0.4775 -0.7194 0.2842 0.5675 0.2823 -0.7267 -0.167 0.6354 0.2007 -0.7676 0.2427 0.5931 0.0057 -0.8173 -0.2573 0.4729 -0.2054 -0.7357 -0.0923 -0.663 -0.1033 -0.67 0.1228 0.726 0.0947 -0.6652 0.2488 0.7014 0.0603 -0.9162 0.1982 -0.348 -0.0167
-0.8576 0.1628 0.4579 0.1683 -0.3132 0.6044 0.5555 -0.4775 -0.7194 0.2842 0.5675 0.2823 -0.7267 -0.167 0.6354 0.2007 -0.7676 0.2427 0.5931 0.0057 -0.8173 -0.2573 0.4729 -0.2054 -0.7357 -0.0923 -0.663 -0.1033 -0.67 0.1228 0.726 0.0947 -0.6652 0.2488 0.7014 0.0603 -0.9162 0.1982 -0.348 -0.0167
-0.8576 0.1628 0.4579 0.1683 -0.3132 0.6044 0.5555 -0.4775 -0.7194 0.2842 0.5675 0.2823 -0.7267 -0.167 0.6354 0.2007 -0.7436 0.2464 0.6215 0.007 -0.8173 -0.2573 0.4729 -0.2054 -0.7357 -0.0923 -0.663 -0.1033 -0.6719 0.1351 0.7247 0.0721 -0.6652 0.2488 0.7014 0.0603 -0.9162 0.1982 -0.348 -0.0167
-0.8576 0.1628 0.4579 0.1683 -0.3132 0.6044 0.5555 -0.4775 -0.7194 0.2842 0.5675 0.2823 -0.7267 -0.167 0.6354 0.2007 -0.7436 0.2464 0.6215 0.007 -0.8173 -0.2573 0.4729 -0.2054 -0.7357 -0.0923 -0.663 -0.1033 -0.6719 0.1351 0.7247 0.0721 -0.6652 0.2488 0.7014 0.0603 -0.9069 0.1957 -0.3722 -0.0281
-0.8576 0.1628 0.4579 0.1683 -0.3132 0.6044 0.5555 -0.4775 -0.7194 0.2842 0.5675 0.2823 -0.7267 -0.167 0.6354 0.2007 -0.7436 0.2464 0.6215 0.007 -0.7182 -0.1743 0.5976 -0.311 -0.7357 -0.0923 -0.663 -0.1033 -0.6719 0.1351 0.7247 0.0721 -0.6652 0.2488 0.7014 0.0603 -0.9069 0.1957 -0.3722 -0.0281
-0.8576 0.1628 0.4579 0.1683 -0.3132 0.6044 0.5555 -0.4775 -0.7194 0.2842 0.5675 0.2823 -0.7589 -0.1302 0.6301 0.1 -0.7436 0.2464 0.6215 0.007 -0.7182 -0.1743 0.5976 -0.311 -0.7357 -0.0923 -0.663 -0.1033 -0.6719 0.1351 0.7247 0.0721 -0.6815 0.2527 0.6863 0.0267 -0.9069 0.1957 -0.3722 -0.0281
-0.8576 0.1628 0.4579 0.1683 -0.3132 0.6044 0.5555 -0.4775 -0.7194 0.2842 0.5675 0.2823 -0.7589 -0.1302 0.6301 0.1 -0.7436 0.2464 0.6215 0.007 -0.7182 -0.1743 0.5976 -0.311 -0.7357 -0.0923 -0.663 -0.1033 -0.6719 0.1351 0.7247 0.0721 -0.6815 0.2527 0.6863 0.0267 -0.9069 0.1957 -0.3722 -0.0281
-0.86 0.1543 0.4633 0.1478 -0.2979 0.5882 0.5676 -0.4931 -0.7272 0.2635 0.5901 0.2311 -0.7589 -0.1302 0.6301 0.1 -0.7436 0.2464 0.6215 0.007 -0.7182 -0.1743 0.5976 -0.311 -0.7357 -0.0923 -0.663 -0.1033 -0.6719 0.1351 0.7247 0.0721 -0.6815 0.2527 0.6863 0.0267 -0.9069 0.1957 -0.3722 -0.0281
-0.86 0.1543 0.4633 0.1478 -0.2979 0.5882 0.5676 -0.4931 -0.7272 0.2635 0.5901 0.2311 -0.7589 -0.1302 0.6301 0.1 -0.7436 0.2464 0.6215 0.007 -0.7182 -0.1743 0.5976 -0.311 -0.7357 -0.0923 -0.663 -0.1033 -0.6719 0.1351 0.7247 0.0721 -0.6815 0.2527 0.6863 0.0267 -0.9069 0.1957 -0.3722 -0.0281
-0.86 0.1543 0.4633 0.1478 -0.2979 0.5882 0.5676 -0.4931 -0.7272 0.2635 0.5901 0.2311 -0.7589 -0.1302 0.6301 0.1 -0.7127 0.2292 0.6629 0.0099 -0.7182 -0.1743 0.5976 -0.311 -0.7357 -0.0923 -0.663 -0.1033 -0.681 0.1279 0.7204 0.0297 -0.6815 0.2527 0.6863 0.0267 -0.8954 0.2019 -0.3955 -0.0338
-0.86 0.1543 0.4633 0.1478 -0.2979 0.5882 0.5676 -0.4931 -0.7272 0.2635 0.5901 0.2311 -0.7589 -0.1302 0.6301 0.1 -0.7127 0.2292 0.6629 0.0099 -0.7182 -0.1743 0.5976 -0.311 -0.7357 -0.0923 -0.663 -0.1033 -0.681 0.1279 0.7204 0.0297 -0.6815 0.2527 0.6863 0.0267 -0.8954 0.2019 -0.3955 -0.0338
-0.86 0.1543 0.4633 0.1478 -0.2979 0.5882 0.5676 -0.4931 -0.7272 0.2635 0.5901 0.2311 -0.785 -0.1233 0.6061 0.0352 -0.7127 0.2292 0.6629 0.0099 -0.7182 -0.1743 0.5976 -0.311 -0.7357 -0.0923 -0.663 -0.1033 -0.681 0.1279 0.7204 0.0297 -0.6815 0.2527 0.6863 0.0267 -0.8954 0.2019 -0.3955 -0.0338
-0.86 0.1543 0.4633 0.1478 -0.2979 0.5882 0.5676 -0.4931 -0.7272 0.2635 0.5901 0.2311 -0.785 -0.1233 0.6061 0.0352 -0.7127 0.2292 0.6629 0.0099 -0.7182 -0.1743 0.5976 -0.311 -0.7357 -0.0923 -0.663 -0.1033 -0.681 0.1279 0.7204 0.0297 -0.7097 0.2609 0.654 -0.0225 -0.8954 0.2019 -0.3955 -0.0338
-0.86 0.1543 0.4633 0.1478 -0.2979 0.5882 0.5676 -0.4931 -0.7272 0.2635 0.5901 0.2311 -0.785 -0.1233 0.6061 0.0352 -0.7127 0.2292 0.6629 0.0099 -0.7182 -0.1743 0.5976 -0.311 -0.7357 -0.0923 -0.663 -0.1033 -0.681 0.1279 0.7204 0.0297 -0.7097 0.2609 0.654 -0.0225 -0.8954 0.2019 -0.3955 -0.0338
-0.8544 0.1417 0.4884 0.1071 -0.2615 0.5768 0.5894 -0.5015 -0.7465 0.2562 0.5867 0.1814 -0.785 -0.1233 0.6061 0.0352 -0.7127 0.2292 0.6629 0.0099 -0.7182 -0.1743 0.5976 -0.311 -0.7357 -0.0923 -0.663 -0.1033 -0.681 0.1279 0.7204 0.0297 -0.7097 0.2609 0.654 -0.0225 -0.8954 0.2019 -0.3955 -0.0338
-0.8544 0.1417 0.4884 0.1071 -0.2615 0.5768 0.5894 -0.5015 -0.7465 0.2562 0.5867 0.1814 -0.785 -0.1233 0.6061 0.0352 -0.6935 0.1855 0.696 0.0185 -0.7182 -0.1743 0.5976 -0.311 -0.7357 -0.0923 -0.663 -0.1033 -0.681 0.1279 0.7204 0.0297 -0.7097 0.2609 0.654 -0.0225 -0.8954 0.2019 -0.3955 -0.0338
-0.8544 0.1417 0.4884 0.1071 -0.2615 0.5768 0.5894 -0.5015 -0.7465 0.2562 0.5867 0.1814 -0.785 -0.1233 0.6061 0.0352 -0.6935 0.1855 0.696 0.0185 -0.7182 -0.1743 0.5976 -0.311 -0.7357 -0.0923 -0.663 -0.1033 -0.681 0.1279 0.7204 0.0297 -0.7097 0.2609 0.654 -0.0225 -0.8954 0.2019 -0.3955 -0.0338
-0.8544 0.1417 0.4884 0.1071 -0.2615 0.5768 0.5894 -0.5015 -0.7465 0.2562 0.5867 0.1814 -0.785 -0.1233 0.6061 0.0352 -0.6935 0.1855 0.696 0.0185 -0.7182 -0.1743 0.5976 -0.311 -0.7357 -0.0923 -0.663 -0.1033 -0.681 0.1279 0.7204 0.0297 -0.7097 0.2609 0.654 -0.0225 -0.8954 0.2019 -0.3955 -0.0338
-0.8544 0.1417 0.4884 0.1071 -0.2615 0.5768 0.5894 -0.5015 -0.7465 0.2562 0.5867 0.1814 -0.8054 -0.1431 0.5746 -0.0255 -0.6935 0.1855 0.696 0.0185 -0.6987 -0.3065 0.5845 -0.2759 -0.7357 -0.0923 -0.663 -0.1033 -0.681 0.1279 0.7204 0.0297 -0.7097 0.2609 0.654 -0.0225 -0.826 0.2391 -0.509 -0.0377
-0.8544 0.1417 0.4884 0.1071 -0.2615 0.5768 0.5894 -0.5015 -0.7465 0.2562 0.5867 0.1814 -0.8054 -0.1431 0.5746 -0.0255 -0.6935 0.1855 0.696 0.0185 -0.6987 -0.3065 0.5845 -0.2759 -0.7357 -0.0923 -0.663 -0.1033 -0.681 0.1279 0.7204 0.0297 -0.7241 0.3381 0.5978 -0.0633 -0.826 0.2391 -0.509 -0.0377
-0.8544 0.1417 0.4884 0.1071 -0.2615 0.5768 0.5894 -0.5015 -0.7535 0.2643 0.5864 0.1359 -0.8054 -0.1431 0.5746 -0.0255 -0.6935 0.1855 0.696 0.0185 -0.6987 -0.3065 0.5845 -0.2759 -0.7357 -0.0923 -0.663 -0.1033 -0.681 0.1279 0.7204 0.0297 -0.7241 0.3381 0.5978 -0.0633 -0.826 0.2391 -0.509 -0.0377
-0.8544 0.1417 0.4884 0.1071 -0.2188 0.5739 0.6179 -0.4909 -0.7535 0.2643 0.5864 0.1359 -0.8054 -0.1431 0.5746 -0.0255 -0.6935 0.1855 0.696 0.0185 -0.6987 -0.3065 0.5845 -0.2759 -0.7357 -0.0923 -0.663 -0.1033 -0.681 0.1279 0.7204 0.0297 -0.7241 0.3381 0.5978 -0.0633 -0.826 0.2391 -0.509 -0.0377
-0.8386 0.1194 0.525 0.0829 -0.2188 0.5739 0.6179 -0.4909 -0.7535 0.2643 0.5864 0.1359 -0.8054 -0.1431 0.5746 -0.0255 -0.6911 0.1591 0.7032 0.0516 -0.6987 -0.3065 0.5845 -0.2759 -0.7357 -0.0923 -0.663 -0.1033 -0.7183 0.0726 0.6872 0.0806 -0.7241 0.3381 0.5978 -0.0633 -0.826 0.2391 -0.509 -0.0377
-0.8386 0.1194 0.525 0.0829 -0.2188 0.5739 0.6179 -0.4909 -0.7535 0.2643 0.5864 0.1359 -0.8054 -0.1431 0.5746 -0.0255 -0.6911 0.1591 0.7032 0.0516 -0.6987 -0.3065 0.5845 -0.2759 -0.7357 -0.0923 -0.663 -0.1033 -0.7183 0.0726 0.6872 0.0806 -0.7241 0.3381 0.5978 -0.0633 -0.826 0.2391 -0.509 -0.0377
-0.8386 0.1194 0.525 0.0829 -0.2188 0.5739 0.6179 -0.4909 -0.7535 0.2643 0.5864 0.1359 -0.8054 -0.1431 0.5746 -0.0255 -0.6911 0.1591 0.7032 0.0516 -0.6987 -0.3065 0.5845 -0.2759 -0.7357 -0.0923 -0.663 -0.1033 -0.7183 0.0726 0.6872 0.0806 -0.7241 0.3381 0.5978 -0.0633 -0.826 0.2391 -0.509 -0.0377
-0.8386 0.1194 0.525 0.0829 -0.2188 0.5739 0.6179 -0.4909 -0.7535 0.2643 0.5864 0.1359 -0.8054 -0.1431 0.5746 -0.0255 -0.6911 0.1591 0.7032 0.0516 -0.701 -0.3146 0.5857 -0.2579 -0.7357 -0.0923 -0.663 -0.1033 -0.7183 0.0726 0.6872 0.0806 -0.7241 0.3381 0.5978 -0.0633 -0.8002 0.2247 -0.5505 -0.0777
-0.8386 0.1194 0.525 0.0829 -0.2188 0.5739 0.6179 -0.4909 -0.7535 0.2643 0.5864 0.1359 -0.8054 -0.1431 0.5746 -0.0255 -0.6911 0.1591 0.7032 0.0516 -0.701 -0.3146 0.5857 -0.2579 -0.7357 -0.0923 -0.663 -0.1033 -0.7183 0.0726 0.6872 0.0806 -0.7324 0.3553 0.5761 -0.0734 -0.8002 0.2247 -0.5505 -0.0777
-0.8386 0.1194 0.525 0.0829 -0.2188 0.5739 0.6179 -0.4909 -0.7535 0.2643 0.5864 0.1359 -0.8054 -0.1431 0.5746 -0.0255 -0.6911 0.1591 0.7032 0.0516 -0.701 -0.3146 0.5857 -0.2579 -0.7357 -0.0923 -0.663 -0.1033 -0.7183 0.0726 0.6872 0.0806 -0.7324 0.3553 0.5761 -0.0734 -0.8002 0.2247 -0.5505 -0.0777
-0.8248 0.1086 0.5482 0.0861 -0.1992 0.5869 0.6279 -0.4708 -0.7535 0.2643 0.5864 0.1359 -0.8054 -0.1431 0.5746 -0.0255 -0.6911 0.1591 0.7032 0.0516 -0.701 -0.3146 0.5857 -0.2579 -0.7357 -0.0923 -0.663 -0.1033 -0.7268 0.0422 0.676 0.1141 -0.7324 0.3553 0.5761 -0.0734 -0.8002 0.2247 -0.5505 -0.0777
-0.8248 0.1086 0.5482 0.0861 -0.1992 0.5869 0.6279 -0.4708 -0.7535 0.2643 0.5864 0.1359 -0.8054 -0.1431 0.5746 -0.0255 -0.6882 0.1391 0.7081 0.0756 -0.701 -0.3146 0.5857 -0.2579 -0.7357 -0.0923 -0.663 -0.1033 -0.7268 0.0422 0.676 0.1141 -0.7324 0.3553 0.5761 -0.0734 -0.8002 0.2247 -0.5505 -0.0777
-0.8248 0.1086 0.5482 0.0861 -0.1992 0.5869 0.6279 -0.4708 -0.7535 0.2643 0.5864 0.1359 -0.8054 -0.1431 0.5746 -0.0255 -0.6882 0.1391 0.7081 0.0756 -0.701 -0.3146 0.5857 -0.2579 -0.7357 -0.0923 -0.663 -0.1033 -0.7268 0.0422 0.676 0.1141 -0.7324 0.3553 0.5761 -0.0734 -0.8002 0.2247 -0.5505 -0.0777
-0.8248 0.1086 0.5482 0.0861 -0.1992 0.5869 0.6279 -0.4708 -0.7535 0.2643 0.5864 0.1359 -0.8054 -0.1431 0.5746 -0.0255 -0.6882 0.1391 0.7081 0.0756 -0.7043 -0.3267 0.5819 -0.2419 -0.7357 -0.0923 -0.663 -0.1033 -0.7268 0.0422 0.676 0.1141 -0.7324 0.3553 0.5761 -0.0734 -0.8002 0.2247 -0.5505 -0.0777
-0.8248 0.1086 0.5482 0.0861 -0.1992 0.5869 0.6279 -0.4708 -0.7535 0.2643 0.5864 0.1359 -0.8054 -0.1431 0.5746 -0.0255 -0.6882 0.1391 0.7081 0.0756 -0.7043 -0.3267 0.5819 -0.2419 -0.7357 -0.0923 -0.663 -0.1033 -0.7268 0.0422 0.676 0.1141 -0.7324 0.3553 0.5761 -0.0734 -0.8002 0.2247 -0.5505 -0.0777
-0.8248 0.1086 0.5482 0.0861 -0.1992 0.5869 0.6279 -0.4708 -0.7535 0.2643 0.5864 0.1359 -0.8179 -0.1729 0.5472 0.0418 -0.6882 0.1391 0.7081 0.0756 -0.7043 -0.3267 0.5819 -0.2419 -0.8675 -0.0927 -0.4409 -0.2111 -0.7268 0.0422 0.676 0.1141 -0.7371 0.2943 0.6082 -0.0104 -0.8002 0.2247 -0.5505 -0.0777
-0.8248 0.1086 0.5482 0.0861 -0.1992 0.5869 0.6279 -0.4708 -0.7784 0.2916 0.5484 0.0914 -0.8179 -0.1729 0.5472 0.0418 -0.6882 0.1391 0.7081 0.0756 -0.7043 -0.3267 0.5819 -0.2419 -0.8675 -0.0927 -0.4409 -0.2111 -0.7268 0.0422 0.676 0.1141 -0.7371 0.2943 0.6082 -0.0104 -0.8002 0.2247 -0.5505 -0.0777
-0.8185 0.1029 0.5574 0.0933 -0.1949 0.5913 0.6313 -0.4624 -0.7784 0.2916 0.5484 0.0914 -0.8179 -0.1729 0.5472 0.0418 -0.6882 0.1391 0.7081 0.0756 -0.7043 -0.3267 0.5819 -0.2419 -0.8675 -0.0927 -0.4409 -0.2111 -0.7268 0.0422 0.676 0.1141 -0.7371 0.2943 0.6082 -0.0104 -0.8002 0.2247 -0.5505 -0.0777
-0.8185 0.1029 0.5574 0.0933 -0.1949 0.5913 0.6313 -0.4624 -0.7784 0.2916 0.5484 0.0914 -0.8179 -0.1729 0.5472 0.0418 -0.6873 0.1165 0.7114 0.09 -0.7043 -0.3267 0.5819 -0.2419 -0.8675 -0.0927 -0.4409 -0.2111 -0.7315 0.0408 0.6614 0.1603 -0.7371 0.2943 0.6082 -0.0104 -0.8002 0.2247 -0.5505 -0.0777
-0.8185 0.1029 0.5574 0.0933 -0.1949 0.5913 0.6313 -0.4624 -0.7784 0.2916 0.5484 0.0914 -0.8179 -0.1729 0.5472 0.0418 -0.6873 0.1165 0.7114 0.09 -0.7043 -0.3267 0.5819 -0.2419 -0.8675 -0.0927 -0.4409 -0.2111 -0.7315 0.0408 0.6614 0.1603 -0.7371 0.2943 0.6082 -0.0104 -0.8002 0.2247 -0.5505 -0.0777
-0.8185 0.1029 0.5574 0.0933 -0.1949 0.5913 0.6313 -0.4624 -0.7784 0.2916 0.5484 0.0914 -0.8179 -0.1729 0.5472 0.0418 -0.6873 0.1165 0.7114 0.09 -0.7043 -0.3267 0.5819 -0.2419 -0.8675 -0.0927 -0.4409 -0.2111 -0.7315 0.0408 0.6614 0.1603 -0.7371 0.2943 0.6082 -0.0104 -0.8002 0.2247 -0.5505 -0.0777
-0.8185 0.1029 0.5574 0.0933 -0.1949 0.5913 0.6313 -0.4624 -0.7784 0.2916 0.5484 0.0914 -0.8207 -0.1885 0.5344 0.0732 -0.6873 0.1165 0.7114 0.09 -0.7076 -0.3384 0.5775 -0.2264 -0.8675 -0.0927 -0.4409 -0.2111 -0.7315 0.0408 0.6614 0.1603 -0.7371 0.2943 0.6082 -0.0104 -0.8973 0.2085 -0.3887 -0.0175
-0.8185 0.1029 0.5574 0.0933 -0.1949 0.5913 0.6313 -0.4624 -0.7784 0.2916 0.5484 0.0914 -0.8207 -0.1885 0.5344 0.0732 -0.6873 0.1165 0.7114 0.09 -0.7076 -0.3384 0.5775 -0.2264 -0.8675 -0.0927 -0.4409 -0.2111 -0.7315 0.0408 0.6614 0.1603 -0.7183 0.2258 0.6493 0.1072 -0.8973 0.2085 -0.3887 -0.0175
-0.8185 0.1029 0.5574 0.0933 -0.1949 0.5913 0.6313 -0.4624 -0.7784 0.2916 0.5484 0.0914 -0.8207 -0.1885 0.5344 0.0732 -0.6873 0.1165 0.7114 0.09 -0.7076 -0.3384 0.5775 -0.2264 -0.8675 -0.0927 -0.4409 -0.2111 -0.7315 0.0408 0.6614 0.1603 -0.7183 0.2258 0.6493 0.1072 -0.8973 0.2085 -0.3887 -0.0175
-0.817 0.105 0.5585 0.0974 -0.1991 0.5949 0.6278 -0.4608 -0.7885 0.2931 0.5335 0.0878 -0.8207 -0.1885 0.5344 0.0732 -0.6873 0.1165 0.7114 0.09 -0.7076 -0.3384 0.5775 -0.2264 -0.8675 -0.0927 -0.4409 -0.2111 -0.7315 0.0408 0.6614 0.1603 -0.7183 0.2258 0.6493 0.1072 -0.8973 0.2085 -0.3887 -0.0175
-0.817 0.105 0.5585 0.0974 -0.1991 0.5949 0.6278 -0.4608 -0.7885 0.2931 0.5335 0.0878 -0.8207 -0.1885 0.5344 0.0732 -0.6873 0.1165 0.7114 0.09 -0.7076 -0.3384 0.5775 -0.2264 -0.8675 -0.0927 -0.4409 -0.2111 -0.7244 0.0397 0.6531 0.2169 -0.7183 0.2258 0.6493 0.1072 -0.8973 0.2085 -0.3887 -0.0175
-0.817 0.105 0.5585 0.0974 -0.1991 0.5949 0.6278 -0.4608 -0.7885 0.2931 0.5335 0.0878 -0.8207 -0.1885 0.5344 0.0732 -0.6847 0.1071 0.7111 0.119 -0.7076 -0.3384 0.5775 -0.2264 -0.8675 -0.0927 -0.4409 -0.2111 -0.7244 0.0397 0.6531 0.2169 -0.7183 0.2258 0.6493 0.1072 -0.8973 0.2085 -0.3887 -0.0175
-0.817 0.105 0.5585 0.0974 -0.1991 0.5949 0.6278 -0.4608 -0.7885 0.2931 0.5335 0.0878 -0.8207 -0.1885 0.5344 0.0732 -0.6847 0.1071 0.7111 0.119 -0.7076 -0.3384 0.5775 -0.2264 -0.8675 -0.0927 -0.4409 -0.2111 -0.7244 0.0397 0.6531 0.2169 -0.7183 0.2258 0.6493 0.1072 -0.9224 0.2318 -0.3072 0.0323
-0.817 0.105 0.5585 0.0974 -0.1991 0.5949 0.6278 -0.4608 -0.7885 0.2931 0.5335 0.0878 -0.8137 -0.1978 0.5398 0.0862 -0.6847 0.1071 0.7111 0.119 -0.7076 -0.3384 0.5775 -0.2264 -0.8675 -0.0927 -0.4409 -0.2111 -0.7244 0.0397 0.6531 0.2169 -0.6795 0.1485 0.6946 0.1834 -0.9224 0.2318 -0.3072 0.0323
-0.817 0.105 0.5585 0.0974 -0.1991 0.5949 0.6278 -0.4608 -0.784 0.2932 0.5399 0.0892 -0.8137 -0.1978 0.5398 0.0862 -0.6847 0.1071 0.7111 0.119 -0.7076 -0.3384 0.5775 -0.2264 -0.8675 -0.0927 -0.4409 -0.2111 -0.7244 0.0397 0.6531 0.2169 -0.6795 0.1485 0.6946 0.1834 -0.9224 0.2318 -0.3072 0.0323
-0.817 0.105 0.5585 0.0974 -0.2123 0.5962 0.6197 -0.4642 -0.784 0.2932 0.5399 0.0892 -0.8137 -0.1978 0.5398 0.0862 -0.6847 0.1071 0.7111 0.119 -0.7076 -0.3384 0.5775 -0.2264 -0.8675 -0.0927 -0.4409 -0.2111 -0.7244 0.0397 0.6531 0.2169 -0.6795 0.1485 0.6946 0.1834 -0.9224 0.2318 -0.3072 0.0323
-0.817 0.105 0.5585 0.0974 -0.2123 0.5962 0.6197 -0.4642 -0.784 0.2932 0.5399 0.0892 -0.8137 -0.1978 0.5398 0.0862 -0.6847 0.1071 0.7111 0.119 -0.7076 -0.3384 0.5775 -0.2264 -0.8675 -0.0927 -0.4409 -0.2111 -0.7244 0.0397 0.6531 0.2169 -0.6795 0.1485 0.6946 0.1834 -0.9224 0.2318 -0.3072 0.0323
-0.8172 0.1102 0.5552 0.1084 -0.2123 0.5962 0.6197 -0.4642 -0.784 0.2932 0.5399 0.0892 -0.8137 -0.1978 0.5398 0.0862 -0.6841 0.1125 0.7029 0.1584 -0.7076 -0.3384 0.5775 -0.2264 -0.8675 -0.0927 -0.4409 -0.2111 -0.7149 0.0309 0.6556 0.2411 -0.6795 0.1485 0.6946 0.1834 -0.9224 0.2318 -0.3072 0.0323
-0.8172 0.1102 0.5552 0.1084 -0.2123 0.5962 0.6197 -0.4642 -0.784 0.2932 0.5399 0.0892 -0.8137 -0.1978 0.5398 0.0862 -0.6841 0.1125 0.7029 0.1584 -0.7076 -0.3384 0.5775 -0.2264 -0.8675 -0.0927 -0.4409 -0.2111 -0.7149 0.0309 0.6556 0.2411 -0.6795 0.1485 0.6946 0.1834 -0.9224 0.2318 -0.3072 0.0323
-0.8172 0.1102 0.5552 0.1084 -0.2123 0.5962 0.6197 -0.4642 -0.784 0.2932 0.5399 0.0892 -0.8137 -0.1978 0.5398 0.0862 -0.6841 0.1125 0.7029 0.1584 -0.7076 -0.3384 0.5775 -0.2264 -0.8675 -0.0927 -0.4409 -0.2111 -0.7149 0.0309 0.6556 0.2411 -0.6795 0.1485 0.6946 0.1834 -0.9349 0.286 -0.2058 0.0416
-0.8172 0.1102 0.5552 0.1084 -0.2123 0.5962 0.6197 -0.4642 -0.784 0.2932 0.5399 0.0892 -0.8006 -0.1884 0.5627 0.0831 -0.6841 0.1125 0.7029 0.1584 -0.7377 -0.3396 0.5598 -0.1643 -0.8437 -0.084 -0.4968 -0.1852 -0.7149 0.0309 0.6556 0.2411 -0.6462 0.1029 0.7283 0.2034 -0.9349 0.286 -0.2058 0.0416
-0.8172 0.1102 0.5552 0.1084 -0.2123 0.5962 0.6197 -0.4642 -0.7733 0.2913 0.5518 0.1125 -0.8006 -0.1884 0.5627 0.0831 -0.6841 0.1125 0.7029 0.1584 -0.7377 -0.3396 0.5598 -0.1643 -0.8437 -0.084 -0.4968 -0.1852 -0.7149 0.0309 0.6556 0.2411 -0.6462 0.1029 0.7283 0.2034 -0.9349 0.286 -0.2058 0.0416
-0.8172 0.1102 0.5552 0.1084 -0.2513 0.5983 0.6015 -0.4659 -0.7733 0.2913 0.5518 0.1125 -0.8006 -0.1884 0.5627 0.0831 -0.6841 0.1125 0.7029 0.1584 -0.7377 -0.3396 0.5598 -0.1643 -0.8437 -0.084 -0.4968 -0.1852 -0.7149 0.0309 0.6556 0.2411 -0.6462 0.1029 0.7283 0.2034 -0.9349 0.286 -0.2058 0.0416
-0.8172 0.1102 0.5552 0.1084 -0.2513 0.5983 0.6015 -0.4659 -0.7733 0.2913 0.5518 0.1125 -0.8006 -0.1884 0.5627 0.0831 -0.6841 0.1125 0.7029 0.1584 -0.7377 -0.3396 0.5598 -0.1643 -0.8437 -0.084 -0.4968 -0.1852 -0.7149 0.0309 0.6556 0.2411 -0.6462 0.1029 0.7283 0.2034 -0.9349 0.286 -0.2058 0.0416
-0.8253 0.1221 0.5349 0.1334 -0.2513 0.5983 0.6015 -0.4659 -0.7733 0.2913 0.5518 0.1125 -0.8006 -0.1884 0.5627 0.0831 -0.6839 0.1246 0.6906 0.1996 -0.7377 -0.3396 0.5598 -0.1643 -0.8437 -0.084 -0.4968 -0.1852 -0.6963 0.049 0.6687 0.256 -0.6462 0.1029 0.7283 0.2034 -0.9349 0.286 -0.2058 0.0416
-0.8253 0.1221 0.5349 0.1334 -0.2513 0.5983 0.6015 -0.4659 -0.7733 0.2913 0.5518 0.1125 -0.8006 -0.1884 0.5627 0.0831 -0.6839 0.1246 0.6906 0.1996 -0.7377 -0.3396 0.5598 -0.1643 -0.8437 -0.084 -0.4968 -0.1852 -0.6963 0.049 0.6687 0.256 -0.6462 0.1029 0.7283 0.2034 -0.9349 0.286 -0.2058 0.0416
-0.8253 0.1221 0.5349 0.1334 -0.2513 0.5983 0.6015 -0.4659 -0.7733 0.2913 0.5518 0.1125 -0.8006 -0.1884 0.5627 0.0831 -0.6839 0.1246 0.6906 0.1996 -0.7709 -0.3365 0.5298 -0.1078 -0.8437 -0.084 -0.4968 -0.1852 -0.6963 0.049 0.6687 0.256 -0.6462 0.1029 0.7283 0.2034 -0.9171 0.2397 -0.3134 0.0572
-0.8253 0.1221 0.5349 0.1334 -0.2513 0.5983 0.6015 -0.4659 -0.7733 0.2913 0.5518 0.1125 -0.8006 -0.1884 0.5627 0.0831 -0.6839 0.1246 0.6906 0.1996 -0.7709 -0.3365 0.5298 -0.1078 -0.8437 -0.084 -0.4968 -0.1852 -0.6963 0.049 0.6687 0.256 -0.6462 0.1029 0.7283 0.2034 -0.9171 0.2397 -0.3134 0.0572
-0.8253 0.1221 0.5349 0.1334 -0.2513 0.5983 0.6015 -0.4659 -0.7733 0.2913 0.5518 0.1125 -0.7805 -0.1741 0.5923 0.0984 -0.6839 0.1246 0.6906 0.1996 -0.7709 -0.3365 0.5298 -0.1078 -0.8137 -0.1035 -0.5406 -0.187 -0.6963 0.049 0.6687 0.256 -0.635 0.18 0.7203 0.2136 -0.9171 0.2397 -0.3134 0.0572
-0.8369 0.1362 0.4977 0.1827 -0.3066 0.6042 0.5747 -0.4589 -0.7545 0.2936 0.5638 0.1633 -0.7805 -0.1741 0.5923 0.0984 -0.6839 0.1246 0.6906 0.1996 -0.7709 -0.3365 0.5298 -0.1078 -0.8137 -0.1035 -0.5406 -0.187 -0.6963 0.049 0.6687 0.256 -0.635 0.18 0.7203 0.2136 -0.9171 0.2397 -0.3134 0.0572
-0.8369 0.1362 0.4977 0.1827 -0.3066 0.6042 0.5747 -0.4589 -0.7545 0.2936 0.5638 0.1633 -0.7805 -0.1741 0.5923 0.0984 -0.6839 0.1246 0.6906 0.1996 -0.7709 -0.3365 0.5298 -0.1078 -0.8137 -0.1035 -0.5406 -0.187 -0.6963 0.049 0.6687 0.256 -0.635 0.18 0.7203 0.2136 -0.9171 0.2397 -0.3134 0.0572
-0.8369 0.1362 0.4977 0.1827 -0.3066 0.6042 0.5747 -0.4589 -0.7545 0.2936 0.5638 0.1633 -0.7805 -0.1741 0.5923 0.0984 -0.6839 0.1246 0.6906 0.1996 -0.7709 -0.3365 0.5298 -0.1078 -0.8137 -0.1035 -0.5406 -0.187 -0.6963 0.049 0.6687 0.256 -0.635 0.18 0.7203 0.2136 -0.9171 0.2397 -0.3134 0.0572
-0.8369 0.1362 0.4977 0.1827 -0.3066 0.6042 0.5747 -0.4589 -0.7545 0.2936 0.5638 0.1633 -0.7805 -0.1741 0.5923 0.0984 -0.6839 0.1246 0.6906 0.1996 -0.7709 -0.3365 0.5298 -0.1078 -0.8137 -0.1035 -0.5406 -0.187 -0.6963 0.049 0.6687 0.256 -0.635 0.18 0.7203 0.2136 -0.9149 0.1985 -0.3484 0.0472
-0.8369 0.1362 0.4977 0.1827 -0.3066 0.6042 0.5747 -0.4589 -0.7545 0.2936 0.5638 0.1633 -0.7805 -0.1741 0.5923 0.0984 -0.6839 0.1246 0.6906 0.1996 -0.7709 -0.3365 0.5298 -0.1078 -0.8137 -0.1035 -0.5406 -0.187 -0.6963 0.049 0.6687 0.256 -0.635 0.18 0.7203 0.2136 -0.9149 0.1985 -0.3484 0.0472
-0.8369 0.1362 0.4977 0.1827 -0.3066 0.6042 0.5747 -0.4589 -0.7545 0.2936 0.5638 0.1633 -0.7805 -0.1741 0.5923 0.0984 -0.6839 0.1246 0.6906 0.1996 -0.7709 -0.3365 0.5298 -0.1078 -0.8137 -0.1035 -0.5406 -0.187 -0.6963 0.049 0.6687 0.256 -0.635 0.18 0.7203 0.2136 -0.9149 0.1985 -0.3484 0.0472
-0.8369 0.1362 0.4977 0.1827 -0.3066 0.6042 0.5747 -0.4589 -0.7545 0.2936 0.5638 0.1633 -0.7693 -0.1408 0.6144 0.1042 -0.6839 0.1246 0.6906 0.1996 -0.8028 -0.338 0.4901 -0.0351 -0.717 -0.1715 -0.6594 -0.1477 -0.6963 0.049 0.6687 0.256 -0.637 0.2193 0.7126 0.1956 -0.9149 0.1985 -0.3484 0.0472
-0.8369 0.1362 0.4977 0.1827 -0.3387 0.5895 0.5753 -0.4548 -0.7327 0.2984 0.5694 0.2233 -0.7693 -0.1408 0.6144 0.1042 -0.6839 0.1246 0.6906 0.1996 -0.8028 -0.338 0.4901 -0.0351 -0.717 -0.1715 -0.6594 -0.1477 -0.6963 0.049 0.6687 0.256 -0.637 0.2193 0.7126 0.1956 -0.9149 0.1985 -0.3484 0.0472
-0.852 0.1288 0.4668 0.1992 -0.3387 0.5895 0.5753 -0.4548 -0.7327 0.2984 0.5694 0.2233 -0.7693 -0.1408 0.6144 0.1042 -0.6839 0.1246 0.6906 0.1996 -0.8028 -0.338 0.4901 -0.0351 -0.717 -0.1715 -0.6594 -0.1477 -0.6963 0.049 0.6687 0.256 -0.637 0.2193 0.7126 0.1956 -0.9149 0.1985 -0.3484 0.0472
-0.852 0.1288 0.4668 0.1992 -0.3387 0.5895 0.5753 -0.4548 -0.7327 0.2984 0.5694 0.2233 -0.7693 -0.1408 0.6144 0.1042 -0.6839 0.1246 0.6906 0.1996 -0.8028 -0.338 0.4901 -0.0351 -0.717 -0.1715 -0.6594 -0.1477 -0.6963 0.049 0.6687 0.256 -0.637 0.2193 0.7126 0.1956 -0.9149 0.1985 -0.3484 0.0472
-0.852 0.1288 0.4668 0.1992 -0.3387 0.5895 0.5753 -0.4548 -0.7327 0.2984 0.5694 0.2233 -0.7693 -0.1408 0.6144 0.1042 -0.7126 0.1991 0.648 0.1808 -0.8028 -0.338 0.4901 -0.0351 -0.717 -0.1715 -0.6594 -0.1477 -0.6731 0.1142 0.6898 0.2411 -0.637 0.2193 0.7126 0.1956 -0.9149 0.1985 -0.3484 0.0472
-0.852 0.1288 0.4668 0.1992 -0.3387 0.5895 0.5753 -0.4548 -0.7327 0.2984 0.5694 0.2233 -0.7693 -0.1408 0.6144 0.1042 -0.7126 0.1991 0.648 0.1808 -0.8028 -0.338 0.4901 -0.0351 -0.717 -0.1715 -0.6594 -0.1477 -0.6731 0.1142 0.6898 0.2411 -0.637 0.2193 0.7126 0.1956 -0.9149 0.1985 -0.3484 0.0472
-0.852 0.1288 0.4668 0.1992 -0.3387 0.5895 0.5753 -0.4548 -0.7327 0.2984 0.5694 0.2233 -0.7473 -0.1447 0.6301 0.1539 -0.7126 0.1991 0.648 0.1808 -0.8226 -0.3528 0.4456 -0.0197 -0.699 -0.1876 -0.6845 -0.0876 -0.6731 0.1142 0.6898 0.2411 -0.6298 0.2434 0.7137 0.1864 -0.9184 0.1874 -0.3461 0.0402
-0.852 0.1288 0.4668 0.1992 -0.3387 0.5895 0.5753 -0.4548 -0.7253 0.3002 0.5612 0.2622 -0.7473 -0.1447 0.6301 0.1539 -0.7126 0.1991 0.648 0.1808 -0.8226 -0.3528 0.4456 -0.0197 -0.699 -0.1876 -0.6845 -0.0876 -0.6731 0.1142 0.6898 0.2411 -0.6298 0.2434 0.7137 0.1864 -0.9184 0.1874 -0.3461 0.0402
-0.852 0.1288 0.4668 0.1992 -0.3665 0.5997 0.5455 -0.4565 -0.7253 0.3002 0.5612 0.2622 -0.7473 -0.1447 0.6301 0.1539 -0.7126 0.1991 0.648 0.1808 -0.8226 -0.3528 0.4456 -0.0197 -0.699 -0.1876 -0.6845 -0.0876 -0.6731 0.1142 0.6898 0.2411 -0.6298 0.2434 0.7137 0.1864 -0.9184 0.1874 -0.3461 0.0402
-0.852 0.1288 0.4668 0.1992 -0.3665 0.5997 0.5455 -0.4565 -0.7253 0.3002 0.5612 0.2622 -0.7473 -0.1447 0.6301 0.1539 -0.7126 0.1991 0.648 0.1808 -0.8226 -0.3528 0.4456 -0.0197 -0.699 -0.1876 -0.6845 -0.0876 -0.6731 0.1142 0.6898 0.2411 -0.6298 0.2434 0.7137 0.1864 -0.9184 0.1874 -0.3461 0.0402
-0.8533 0.1482 0.4474 0.2227 -0.3665 0.5997 0.5455 -0.4565 -0.7253 0.3002 0.5612 0.2622 -0.7473 -0.1447 0.6301 0.1539 -0.7435 0.1986 0.623 0.1398 -0.8226 -0.3528 0.4456 -0.0197 -0.699 -0.1876 -0.6845 -0.0876 -0.6622 0.1315 0.7039 0.2206 -0.6298 0.2434 0.7137 0.1864 -0.9184 0.1874 -0.3461 0.0402
-0.8533 0.1482 0.4474 0.2227 -0.3665 0.5997 0.5455 -0.4565 -0.7253 0.3002 0.5612 0.2622 -0.7473 -0.1447 0.6301 0.1539 -0.7435 0.1986 0.623 0.1398 -0.8226 -0.3528 0.4456 -0.0197 -0.699 -0.1876 -0.6845 -0.0876 -0.6622 0.1315 0.7039 0.2206 -0.6298 0.2434 0.7137 0.1864 -0.9184 0.1874 -0.3461 0.0402
-0.8533 0.1482 0.4474 0.2227 -0.3665 0.5997 0.5455 -0.4565 -0.7253 0.3002 0.5612 0.2622 -0.7473 -0.1447 0.6301 0.1539 -0.7435 0.1986 0.623 0.1398 -0.8226 -0.3528 0.4456 -0.0197 -0.699 -0.1876 -0.6845 -0.0876 -0.6622 0.1315 0.7039 0.2206 -0.6298 0.2434 0.7137 0.1864 -0.9223 0.1756 -0.3427 0.033
-0.8533 0.1482 0.4474 0.2227 -0.3665 0.5997 0.5455 -0.4565 -0.7253 0.3002 0.5612 0.2622 -0.7473 -0.1447 0.6301 0.1539 -0.7435 0.1986 0.623 0.1398 -0.8226 -0.3528 0.4456 -0.0197 -0.699 -0.1876 -0.6845 -0.0876 -0.6622 0.1315 0.7039 0.2206 -0.6298 0.2434 0.7137 0.1864 -0.9223 0.1756 -0.3427 0.033
-0.8533 0.1482 0.4474 0.2227 -0.3665 0.5997 0.5455 -0.4565 -0.7253 0.3002 0.5612 0.2622 -0.7286 -0.1621 0.6393 0.1848 -0.7435 0.1986 0.623 0.1398 -0.8226 -0.3528 0.4456 -0.0197 -0.7429 -0.1299 -0.6486 -0.1028 -0.6622 0.1315 0.7039 0.2206 -0.6287 0.267 0.7085 0.1775 -0.9223 0.1756 -0.3427 0.033
-0.851 0.1533 0.4453 0.2325 -0.3694 0.6078 0.5378 -0.4526 -0.7171 0.2973 0.5572 0.2949 -0.7286 -0.1621 0.6393 0.1848 -0.7435 0.1986 0.623 0.1398 -0.8226 -0.3528 0.4456 -0.0197 -0.7429 -0.1299 -0.6486 -0.1028 -0.6622 0.1315 0.7039 0.2206 -0.6287 0.267 0.7085 0.1775 -0.9223 0.1756 -0.3427 0.033
-0.851 0.1533 0.4453 0.2325 -0.3694 0.6078 0.5378 -0.4526 -0.7171 0.2973 0.5572 0.2949 -0.7286 -0.1621 0.6393 0.1848 -0.7435 0.1986 0.623 0.1398 -0.8226 -0.3528 0.4456 -0.0197 -0.7429 -0.1299 -0.6486 -0.1028 -0.6622 0.1315 0.7039 0.2206 -0.6287 0.267 0.7085 0.1775 -0.9223 0.1756 -0.3427 0.033
-0.851 0.1533 0.4453 0.2325 -0.3694 0.6078 0.5378 -0.4526 -0.7171 0.2973 0.5572 0.2949 -0.7286 -0.1621 0.6393 0.1848 -0.7435 0.1986 0.623 0.1398 -0.8226 -0.3528 0.4456 -0.0197 -0.7429 -0.1299 -0.6486 -0.1028 -0.6622 0.1315 0.7039 0.2206 -0.6287 0.267 0.7085 0.1775 -0.9223 0.1756 -0.3427 0.033
-0.851 0.1533 0.4453 0.2325 -0.3694 0.6078 0.5378 -0.4526 -0.7171 0.2973 0.5572 0.2949 -0.7286 -0.1621 0.6393 0.1848 -0.7628 0.226 0.5933 0.1227 -0.8226 -0.3528 0.4456 -0.0197 -0.7429 -0.1299 -0.6486 -0.1028 -0.6598 0.1473 0.71 0.1973 -0.6287 0.267 0.7085 0.1775 -0.9223 0.1756 -0.3427 0.033
-0.851 0.1533 0.4453 0.2325 -0.3694 0.6078 0.5378 -0.4526 -0.7171 0.2973 0.5572 0.2949 -0.7286 -0.1621 0.6393 0.1848 -0.7628 0.226 0.5933 0.1227 -0.8226 -0.3528 0.4456 -0.0197 -0.7429 -0.1299 -0.6486 -0.1028 -0.6598 0.1473 0.71 0.1973 -0.6287 0.267 0.7085 0.1775 -0.9223 0.1756 -0.3427 0.033
-0.851 0.1533 0.4453 0.2325 -0.3694 0.6078 0.5378 -0.4526 -0.7171 0.2973 0.5572 0.2949 -0.7111 -0.1688 0.6516 0.2034 -0.7628 0.226 0.5933 0.1227 -0.8301 -0.267 0.4611 -0.1641 -0.7867 -0.1149 -0.5915 -0.1343 -0.6598 0.1473 0.71 0.1973 -0.6287 0.267 0.7085 0.1775 -0.9223 0.1756 -0.3427 0.033
-0.851 0.1533 0.4453 0.2325 -0.3694 0.6078 0.5378 -0.4526 -0.7171 0.2973 0.5572 0.2949 -0.7111 -0.1688 0.6516 0.2034 -0.7628 0.226 0.5933 0.1227 -0.8301 -0.267 0.4611 -0.1641 -0.7867 -0.1149 -0.5915 -0.1343 -0.6598 0.1473 0.71 0.1973 -0.6287 0.267 0.7085 0.1775 -0.9223 0.1756 -0.3427 0.033
-0.851 0.1533 0.4453 0.2325 -0.3632 0.6117 0.5404 -0.4493 -0.708 0.2974 0.5579 0.3148 -0.7111 -0.1688 0.6516 0.2034 -0.7628 0.226 0.5933 0.1227 -0.8301 -0.267 0.4611 -0.1641 -0.7867 -0.1149 -0.5915 -0.1343 -0.6598 0.1473 0.71 0.1973 -0.6317 0.2833 0.7024 0.1654 -0.9223 0.1756 -0.3427 0.033
-0.8499 0.1531 0.4493 0.2289 -0.3632 0.6117 0.5404 -0.4493 -0.708 0.2974 0.5579 0.3148 -0.7111 -0.1688 0.6516 0.2034 -0.7628 0.226 0.5933 0.1227 -0.8301 -0.267 0.4611 -0.1641 -0.7867 -0.1149 -0.5915 -0.1343 -0.6598 0.1473 0.71 0.1973 -0.6317 0.2833 0.7024 0.1654 -0.9223 0.1756 -0.3427 0.033
-0.8499 0.1531 0.4493 0.2289 -0.3632 0.6117 0.5404 -0.4493 -0.708 0.2974 0.5579 0.3148 -0.7111 -0.1688 0.6516 0.2034 -0.7664 0.2492 0.5852 0.0897 -0.8301 -0.267 0.4611 -0.1641 -0.7867 -0.1149 -0.5915 -0.1343 -0.6622 0.1501 0.7139 0.1713 -0.6317 0.2833 0.7024 0.1654 -0.9223 0.1756 -0.3427 0.033
-0.8499 0.1531 0.4493 0.2289 -0.3632 0.6117 0.5404 -0.4493 -0.708 0.2974 0.5579 0.3148 -0.7111 -0.1688 0.6516 0.2034 -0.7664 0.2492 0.5852 0.0897 -0.8301 -0.267 0.4611 -0.1641 -0.7867 -0.1149 -0.5915 -0.1343 -0.6622 0.1501 0.7139 0.1713 -0.6317 0.2833 0.7024 0.1654 -0.9223 0.1756 -0.3427 0.033
-0.8499 0.1531 0.4493 0.2289 -0.3632 0.6117 0.5404 -0.4493 -0.708 0.2974 0.5579 0.3148 -0.7111 -0.1688 0.6516 0.2034 -0.7664 0.2492 0.5852 0.0897 -0.8301 -0.267 0.4611 -0.1641 -0.7867 -0.1149 -0.5915 -0.1343 -0.6622 0.1501 0.7139 0.1713 -0.6317 0.2833 0.7024 0.1654 -0.9255 0.1631 -0.341 0.0236
-0.8499 0.1531 0.4493 0.2289 -0.3632 0.6117 0.5404 -0.4493 -0.708 0.2974 0.5579 0.3148 -0.7111 -0.1688 0.6516 0.2034 -0.7664 0.2492 0.5852 0.0897 -0.8301 -0.267 0.4611 -0.1641 -0.7867 -0.1149 -0.5915 -0.1343 -0.6622 0.1501 0.7139 0.1713 -0.6317 0.2833 0.7024 0.1654 -0.9255 0.1631 -0.341 0.0236
-0.8499 0.1531 0.4493 0.2289 -0.3632 0.6117 0.5404 -0.4493 -0.708 0.2974 0.5579 0.3148 -0.7111 -0.1688 0.6516 0.2034 -0.7664 0.2492 0.5852 0.0897 -0.8301 -0.267 0.4611 -0.1641 -0.7867 -0.1149 -0.5915 -0.1343 -0.6622 0.1501 0.7139 0.1713 -0.6317 0.2833 0.7024 0.1654 -0.9255 0.1631 -0.341 0.0236
-0.8499 0.1531 0.4493 0.2289 -0.3632 0.6117 0.5404 -0.4493 -0.6981 0.3022 0.5696 0.3113 -0.705 -0.1667 0.658 0.2052 -0.7664 0.2492 0.5852 0.0897 -0.8301 -0.267 0.4611 -0.1641 -0.8282 -0.1022 -0.5241 -0.1702 -0.6622 0.1501 0.7139 0.1713 -0.6387 0.2947 0.6947 0.1503 -0.9255 0.1631 -0.341 0.0236
-0.8499 0.1531 0.4493 0.2289 -0.3632 0.6117 0.5404 -0.4493 -0.6981 0.3022 0.5696 0.3113 -0.705 -0.1667 0.658 0.2052 -0.7664 0.2492 0.5852 0.0897 -0.8301 -0.267 0.4611 -0.1641 -0.8282 -0.1022 -0.5241 -0.1702 -0.6622 0.1501 0.7139 0.1713 -0.6387 0.2947 0.6947 0.1503 -0.9255 0.1631 -0.341 0.0236
-0.8585 0.1495 0.442 0.2127 -0.3633 0.5984 0.5487 -0.457 -0.6981 0.3022 0.5696 0.3113 -0.705 -0.1667 0.658 0.2052 -0.7666 0.2396 0.5945 0.0377 -0.8301 -0.267 0.4611 -0.1641 -0.8282 -0.1022 -0.5241 -0.1702 -0.6698 0.1422 0.7156 0.138 -0.6387 0.2947 0.6947 0.1503 -0.9255 0.1631 -0.341 0.0236
-0.8585 0.1495 0.442 0.2127 -0.3633 0.5984 0.5487 -0.457 -0.6981 0.3022 0.5696 0.3113 -0.705 -0.1667 0.658 0.2052 -0.7666 0.2396 0.5945 0.0377 -0.8301 -0.267 0.4611 -0.1641 -0.8282 -0.1022 -0.5241 -0.1702 -0.6698 0.1422 0.7156 0.138 -0.6387 0.2947 0.6947 0.1503 -0.9255 0.1631 -0.341 0.0236
-0.8585 0.1495 0.442 0.2127 -0.3633 0.5984 0.5487 -0.457 -0.6981 0.3022 0.5696 0.3113 -0.705 -0.1667 0.658 0.2052 -0.7666 0.2396 0.5945 0.0377 -0.8301 -0.267 0.4611 -0.1641 -0.8282 -0.1022 -0.5241 -0.1702 -0.6698 0.1422 0.7156 0.138 -0.6387 0.2947 0.6947 0.1503 -0.9255 0.1631 -0.341 0.0236
-0.8585 0.1495 0.442 0.2127 -0.3633 0.5984 0.5487 -0.457 -0.6981 0.3022 0.5696 0.3113 -0.705 -0.1667 0.658 0.2052 -0.7666 0.2396 0.5945 0.0377 -0.8301 -0.267 0.4611 -0.1641 -0.8282 -0.1022 -0.5241 -0.1702 -0.6698 0.1422 0.7156 0.138 -0.6387 0.2947 0.6947 0.1503 -0.9255 0.1631 -0.341 0.0236
-0.8585 0.1495 0.442 0.2127 -0.3633 0.5984 0.5487 -0.457 -0.6981 0.3022 0.5696 0.3113 -0.7092 -0.1619 0.6611 0.1838 -0.7666 0.2396 0.5945 0.0377 -0.8301 -0.267 0.4611 -0.1641 -0.8422 -0.1042 -0.4817 -0.2188 -0.6698 0.1422 0.7156 0.138 -0.6559 0.2946 0.6843 0.1216 -0.9255 0.1631 -0.341 0.0236
-0.8585 0.1495 0.442 0.2127 -0.3494 0.5863 0.5651 -0.4635 -0.6971 0.2947 0.5876 0.2862 -0.7092 -0.1619 0.6611 0.1838 -0.7666 0.2396 0.5945 0.0377 -0.8301 -0.267 0.4611 -0.1641 -0.8422 -0.1042 -0.4817 -0.2188 -0.6698 0.1422 0.7156 0.138 -0.6559 0.2946 0.6843 0.1216 -0.9255 0.1631 -0.341 0.0236
-0.8676 0.1445 0.4388 0.1839 -0.3494 0.5863 0.5651 -0.4635 -0.6971 0.2947 0.5876 0.2862 -0.7092 -0.1619 0.6611 0.1838 -0.7666 0.2396 0.5945 0.0377 -0.8301 -0.267 0.4611 -0.1641 -0.8422 -0.1042 -0.4817 -0.2188 -0.6698 0.1422 0.7156 0.138 -0.6559 0.2946 0.6843 0.1216 -0.9255 0.1631 -0.341 0.0236
-0.8676 0.1445 0.4388 0.1839 -0.3494 0.5863 0.5651 -0.4635 -0.6971 0.2947 0.5876 0.2862 -0.7092 -0.1619 0.6611 0.1838 -0.7477 0.243 0.6177 0.0175 -0.8301 -0.267 0.4611 -0.1641 -0.8422 -0.1042 -0.4817 -0.2188 -0.6799 0.1304 0.7146 0.1002 -0.6559 0.2946 0.6843 0.1216 -0.9255 0.1631 -0.341 0.0236
-0.8676 0.1445 0.4388 0.1839 -0.3494 0.5863 0.5651 -0.4635 -0.6971 0.2947 0.5876 0.2862 -0.7092 -0.1619 0.6611 0.1838 -0.7477 0.243 0.6177 0.0175 -0.8301 -0.267 0.4611 -0.1641 -0.8422 -0.1042 -0.4817 -0.2188 -0.6799 0.1304 0.7146 0.1002 -0.6559 0.2946 0.6843 0.1216 -0.925 0.152 -0.3481 0.0076
-0.8676 0.1445 0.4388 0.1839 -0.3494 0.5863 0.5651 -0.4635 -0.6971 0.2947 0.5876 0.2862 -0.7092 -0.1619 0.6611 0.1838 -0.7477 0.243 0.6177 0.0175 -0.8301 -0.267 0.4611 -0.1641 -0.8422 -0.1042 -0.4817 -0.2188 -0.6799 0.1304 0.7146 0.1002 -0.6559 0.2946 0.6843 0.1216 -0.925 0.152 -0.3481 0.0076
-0.8676 0.1445 0.4388 0.1839 -0.3494 0.5863 0.5651 -0.4635 -0.6971 0.2947 0.5876 0.2862 -0.7243 -0.1782 0.6511 0.1401 -0.7477 0.243 0.6177 0.0175 -0.7313 -0.1904 0.5677 -0.3266 -0.8218 -0.1295 -0.4893 -0.2615 -0.6799 0.1304 0.7146 0.1002 -0.6559 0.2946 0.6843 0.1216 -0.925 0.152 -0.3481 0.0076
-0.8676 0.1445 0.4388 0.1839 -0.3494 0.5863 0.5651 -0.4635 -0.7108 0.273 0.6017 0.2415 -0.7243 -0.1782 0.6511 0.1401 -0.7477 0.243 0.6177 0.0175 -0.7313 -0.1904 0.5677 -0.3266 -0.8218 -0.1295 -0.4893 -0.2615 -0.6799 0.1304 0.7146 0.1002 -0.6793 0.2844 0.6706 0.089 -0.925 0.152 -0.3481 0.0076
-0.8676 0.1445 0.4388 0.1839 -0.3266 0.565 0.5856 -0.4808 -0.7108 0.273 0.6017 0.2415 -0.7243 -0.1782 0.6511 0.1401 -0.7477 0.243 0.6177 0.0175 -0.7313 -0.1904 0.5677 -0.3266 -0.8218 -0.1295 -0.4893 -0.2615 -0.6799 0.1304 0.7146 0.1002 -0.6793 0.2844 0.6706 0.089 -0.925 0.152 -0.3481 0.0076
-0.8676 0.1445 0.4388 0.1839 -0.3266 0.565 0.5856 -0.4808 -0.7108 0.273 0.6017 0.2415 -0.7243 -0.1782 0.6511 0.1401 -0.7477 0.243 0.6177 0.0175 -0.7313 -0.1904 0.5677 -0.3266 -0.8218 -0.1295 -0.4893 -0.2615 -0.6799 0.1304 0.7146 0.1002 -0.6793 0.2844 0.6706 0.089 -0.925 0.152 -0.3481 0.0076
-0.8676 0.1445 0.4388 0.1839 -0.3266 0.565 0.5856 -0.4808 -0.7108 0.273 0.6017 0.2415 -0.7243 -0.1782 0.6511 0.1401 -0.7252 0.2156 0.6537 0.0142 -0.7313 -0.1904 0.5677 -0.3266 -0.8218 -0.1295 -0.4893 -0.2615 -0.6953 0.1349 0.7031 0.0629 -0.6793 0.2844 0.6706 0.089 -0.925 0.152 -0.3481 0.0076
-0.8676 0.1445 0.4388 0.1839 -0.3266 0.565 0.5856 -0.4808 -0.7108 0.273 0.6017 0.2415 -0.7243 -0.1782 0.6511 0.1401 -0.7252 0.2156 0.6537 0.0142 -0.7313 -0.1904 0.5677 -0.3266 -0.8218 -0.1295 -0.4893 -0.2615 -0.6953 0.1349 0.7031 0.0629 -0.6793 0.2844 0.6706 0.089 -0.925 0.152 -0.3481 0.0076
-0.8676 0.1445 0.4388 0.1839 -0.3266 0.565 0.5856 -0.4808 -0.7108 0.273 0.6017 0.2415 -0.7243 -0.1782 0.6511 0.1401 -0.7252 0.2156 0.6537 0.0142 -0.7313 -0.1904 0.5677 -0.3266 -0.8218 -0.1295 -0.4893 -0.2615 -0.6953 0.1349 0.7031 0.0629 -0.6793 0.2844 0.6706 0.089 -0.9201 0.1688 -0.3531 0.0143
-0.8676 0.1445 0.4388 0.1839 -0.3266 0.565 0.5856 -0.4808 -0.7108 0.273 0.6017 0.2415 -0.7243 -0.1782 0.6511 0.1401 -0.7252 0.2156 0.6537 0.0142 -0.7313 -0.1904 0.5677 -0.3266 -0.8218 -0.1295 -0.4893 -0.2615 -0.6953 0.1349 0.7031 0.0629 -0.6793 0.2844 0.6706 0.089 -0.9201 0.1688 -0.3531 0.0143
-0.8676 0.1445 0.4388 0.1839 -0.3266 0.565 0.5856 -0.4808 -0.7377 0.2493 0.6017 0.1779 -0.7468 -0.1959 0.6282 0.0966 -0.7252 0.2156 0.6537 0.0142 -0.7237 -0.2379 0.5836 -0.2813 -0.8682 -0.1031 -0.4261 -0.2327 -0.6953 0.1349 0.7031 0.0629 -0.7217 0.2737 0.6346 0.0385 -0.9201 0.1688 -0.3531 0.0143
-0.8676 0.1445 0.4388 0.1839 -0.3266 0.565 0.5856 -0.4808 -0.7377 0.2493 0.6017 0.1779 -0.7468 -0.1959 0.6282 0.0966 -0.7252 0.2156 0.6537 0.0142 -0.7237 -0.2379 0.5836 -0.2813 -0.8682 -0.1031 -0.4261 -0.2327 -0.6953 0.1349 0.7031 0.0629 -0.7217 0.2737 0.6346 0.0385 -0.9201 0.1688 -0.3531 0.0143
-0.8767 0.114 0.4577 0.0941 -0.2943 0.5402 0.6157 -0.4924 -0.7377 0.2493 0.6017 0.1779 -0.7468 -0.1959 0.6282 0.0966 -0.7252 0.2156 0.6537 0.0142 -0.7237 -0.2379 0.5836 -0.2813 -0.8682 -0.1031 -0.4261 -0.2327 -0.6953 0.1349 0.7031 0.0629 -0.7217 0.2737 0.6346 0.0385 -0.9201 0.1688 -0.3531 0.0143
-0.8767 0.114 0.4577 0.0941 -0.2943 0.5402 0.6157 -0.4924 -0.7377 0.2493 0.6017 0.1779 -0.7468 -0.1959 0.6282 0.0966 -0.7252 0.2156 0.6537 0.0142 -0.7237 -0.2379 0.5836 -0.2813 -0.8682 -0.1031 -0.4261 -0.2327 -0.6953 0.1349 0.7031 0.0629 -0.7217 0.2737 0.6346 0.0385 -0.9201 0.1688 -0.3531 0.0143
-0.8767 0.114 0.4577 0.0941 -0.2943 0.5402 0.6157 -0.4924 -0.7377 0.2493 0.6017 0.1779 -0.7468 -0.1959 0.6282 0.0966 -0.7032 0.1962 0.6821 0.0431 -0.7237 -0.2379 0.5836 -0.2813 -0.8682 -0.1031 -0.4261 -0.2327 -0.7209 0.1008 0.6851 0.0286 -0.7217 0.2737 0.6346 0.0385 -0.9201 0.1688 -0.3531 0.0143
-0.8767 0.114 0.4577 0.0941 -0.2943 0.5402 0.6157 -0.4924 -0.7377 0.2493 0.6017 0.1779 -0.7468 -0.1959 0.6282 0.0966 -0.7032 0.1962 0.6821 0.0431 -0.7237 -0.2379 0.5836 -0.2813 -0.8682 -0.1031 -0.4261 -0.2327 -0.7209 0.1008 0.6851 0.0286 -0.7217 0.2737 0.6346 0.0385 -0.9201 0.1688 -0.3531 0.0143
-0.8767 0.114 0.4577 0.0941 -0.2943 0.5402 0.6157 -0.4924 -0.7377 0.2493 0.6017 0.1779 -0.7468 -0.1959 0.6282 0.0966 -0.7032 0.1962 0.6821 0.0431 -0.7237 -0.2379 0.5836 -0.2813 -0.8682 -0.1031 -0.4261 -0.2327 -0.7209 0.1008 0.6851 0.0286 -0.7217 0.2737 0.6346 0.0385 -0.9201 0.1688 -0.3531 0.0143
-0.8767 0.114 0.4577 0.0941 -0.2943 0.5402 0.6157 -0.4924 -0.7377 0.2493 0.6017 0.1779 -0.7726 -0.2056 0.5999 0.03 -0.7032 0.1962 0.6821 0.0431 -0.7126 -0.2894 0.5784 -0.2718 -0.8771 -0.1005 -0.4058 -0.2367 -0.7209 0.1008 0.6851 0.0286 -0.7473 0.312 0.5863 -0.0212 -0.869 0.2043 -0.4505 -0.0153
-0.8767 0.114 0.4577 0.0941 -0.2737 0.528 0.6375 -0.4897 -0.7377 0.2493 0.6017 0.1779 -0.7726 -0.2056 0.5999 0.03 -0.7032 0.1962 0.6821 0.0431 -0.7126 -0.2894 0.5784 -0.2718 -0.8771 -0.1005 -0.4058 -0.2367 -0.7209 0.1008 0.6851 0.0286 -0.7473 0.312 0.5863 -0.0212 -0.869 0.2043 -0.4505 -0.0153
-0.8767 0.114 0.4577 0.0941 -0.2737 0.528 0.6375 -0.4897 -0.7377 0.2493 0.6017 0.1779 -0.7726 -0.2056 0.5999 0.03 -0.7032 0.1962 0.6821 0.0431 -0.7126 -0.2894 0.5784 -0.2718 -0.8771 -0.1005 -0.4058 -0.2367 -0.7209 0.1008 0.6851 0.0286 -0.7473 0.312 0.5863 -0.0212 -0.869 0.2043 -0.4505 -0.0153
-0.8747 0.0931 0.4697 0.0753 -0.2737 0.528 0.6375 -0.4897 -0.7377 0.2493 0.6017 0.1779 -0.7726 -0.2056 0.5999 0.03 -0.6962 0.1486 0.7012 0.0404 -0.7126 -0.2894 0.5784 -0.2718 -0.8771 -0.1005 -0.4058 -0.2367 -0.7347 0.0696 0.6669 0.1031 -0.7473 0.312 0.5863 -0.0212 -0.869 0.2043 -0.4505 -0.0153
-0.8747 0.0931 0.4697 0.0753 -0.2737 0.528 0.6375 -0.4897 -0.7377 0.2493 0.6017 0.1779 -0.7726 -0.2056 0.5999 0.03 -0.6962 0.1486 0.7012 0.0404 -0.7126 -0.2894 0.5784 -0.2718 -0.8771 -0.1005 -0.4058 -0.2367 -0.7347 0.0696 0.6669 0.1031 -0.7473 0.312 0.5863 -0.0212 -0.869 0.2043 -0.4505 -0.0153
-0.8747 0.0931 0.4697 0.0753 -0.2737 0.528 0.6375 -0.4897 -0.7377 0.2493 0.6017 0.1779 -0.7726 -0.2056 0.5999 0.03 -0.6962 0.1486 0.7012 0.0404 -0.7126 -0.2894 0.5784 -0.2718 -0.8771 -0.1005 -0.4058 -0.2367 -0.7347 0.0696 0.6669 0.1031 -0.7473 0.312 0.5863 -0.0212 -0.869 0.2043 -0.4505 -0.0153
-0.8747 0.0931 0.4697 0.0753 -0.2737 0.528 0.6375 -0.4897 -0.7377 0.2493 0.6017 0.1779 -0.7726 -0.2056 0.5999 0.03 -0.6962 0.1486 0.7012 0.0404 -0.7126 -0.2894 0.5784 -0.2718 -0.8771 -0.1005 -0.4058 -0.2367 -0.7347 0.0696 0.6669 0.1031 -0.7473 0.312 0.5863 -0.0212 -0.869 0.2043 -0.4505 -0.0153
-0.8747 0.0931 0.4697 0.0753 -0.2737 0.528 0.6375 -0.4897 -0.7377 0.2493 0.6017 0.1779 -0.7726 -0.2056 0.5999 0.03 -0.6962 0.1486 0.7012 0.0404 -0.7126 -0.2894 0.5784 -0.2718 -0.8771 -0.1005 -0.4058 -0.2367 -0.7347 0.0696 0.6669 0.1031 -0.7473 0.312 0.5863 -0.0212 -0.869 0.2043 -0.4505 -0.0153
-0.8747 0.0931 0.4697 0.0753 -0.2737 0.528 0.6375 -0.4897 -0.7433 0.2603 0.605 0.1168 -0.7808 -0.1968 0.5919 0.0342 -0.6962 0.1486 0.7012 0.0404 -0.7014 -0.3207 0.5761 -0.2706 -0.8847 -0.0865 -0.3962 -0.2299 -0.7347 0.0696 0.6669 0.1031 -0.7518 0.3542 0.5554 -0.0293 -0.8221 0.193 -0.5322 -0.0612
-0.8702 0.0914 0.4802 0.0625 -0.2578 0.528 0.6435 -0.4907 -0.7433 0.2603 0.605 0.1168 -0.7808 -0.1968 0.5919 0.0342 -0.6962 0.1486 0.7012 0.0404 -0.7014 -0.3207 0.5761 -0.2706 -0.8847 -0.0865 -0.3962 -0.2299 -0.7347 0.0696 0.6669 0.1031 -0.7518 0.3542 0.5554 -0.0293 -0.8221 0.193 -0.5322 -0.0612
-0.8702 0.0914 0.4802 0.0625 -0.2578 0.528 0.6435 -0.4907 -0.7433 0.2603 0.605 0.1168 -0.7808 -0.1968 0.5919 0.0342 -0.6879 0.1301 0.7122 0.0519 -0.7014 -0.3207 0.5761 -0.2706 -0.8847 -0.0865 -0.3962 -0.2299 -0.7347 0.0696 0.6669 0.1031 -0.7518 0.3542 0.5554 -0.0293 -0.8221 0.193 -0.5322 -0.0612
-0.8702 0.0914 0.4802 0.0625 -0.2578 0.528 0.6435 -0.4907 -0.7433 0.2603 0.605 0.1168 -0.7808 -0.1968 0.5919 0.0342 -0.6879 0.1301 0.7122 0.0519 -0.7014 -0.3207 0.5761 -0.2706 -0.8847 -0.0865 -0.3962 -0.2299 -0.7347 0.0696 0.6669 0.1031 -0.7518 0.3542 0.5554 -0.0293 -0.8221 0.193 -0.5322 -0.0612
-0.8702 0.0914 0.4802 0.0625 -0.2578 0.528 0.6435 -0.4907 -0.7433 0.2603 0.605 0.1168 -0.7808 -0.1968 0.5919 0.0342 -0.6879 0.1301 0.7122 0.0519 -0.7014 -0.3207 0.5761 -0.2706 -0.8847 -0.0865 -0.3962 -0.2299 -0.7347 0.0696 0.6669 0.1031 -0.7518 0.3542 0.5554 -0.0293 -0.8507 0.178 -0.4935 -0.0325
-0.8702 0.0914 0.4802 0.0625 -0.2578 0.528 0.6435 -0.4907 -0.7433 0.2603 0.605 0.1168 -0.7875 -0.2135 0.5777 0.0225 -0.6879 0.1301 0.7122 0.0519 -0.7014 -0.3207 0.5761 -0.2706 -0.8847 -0.0865 -0.3962 -0.2299 -0.7347 0.0696 0.6669 0.1031 -0.7518 0.3542 0.5554 -0.0293 -0.8507 0.178 -0.4935 -0.0325
-0.8702 0.0914 0.4802 0.0625 -0.2578 0.528 0.6435 -0.4907 -0.7433 0.2603 0.605 0.1168 -0.7875 -0.2135 0.5777 0.0225 -0.6879 0.1301 0.7122 0.0519 -0.7014 -0.3207 0.5761 -0.2706 -0.8847 -0.0865 -0.3962 -0.2299 -0.7347 0.0696 0.6669 0.1031 -0.7518 0.3542 0.5554 -0.0293 -0.8507 0.178 -0.4935 -0.0325
-0.8702 0.0914 0.4802 0.0625 -0.2578 0.528 0.6435 -0.4907 -0.7433 0.2603 0.605 0.1168 -0.7875 -0.2135 0.5777 0.0225 -0.6879 0.1301 0.7122 0.0519 -0.7014 -0.3207 0.5761 -0.2706 -0.8847 -0.0865 -0.3962 -0.2299 -0.7347 0.0696 0.6669 0.1031 -0.7518 0.3542 0.5554 -0.0293 -0.8507 0.178 -0.4935 -0.0325
-0.868 0.0859 0.4867 0.0472 -0.2439 0.5214 0.6511 -0.4948 -0.7602 0.248 0.5932 0.0934 -0.7875 -0.2135 0.5777 0.0225 -0.6866 0.1082 0.7156 0.0682 -0.7014 -0.3207 0.5761 -0.2706 -0.8847 -0.0865 -0.3962 -0.2299 -0.7347 0.0696 0.6669 0.1031 -0.7518 0.3542 0.5554 -0.0293 -0.8507 0.178 -0.4935 -0.0325
-0.868 0.0859 0.4867 0.0472 -0.2439 0.5214 0.6511 -0.4948 -0.7602 0.248 0.5932 0.0934 -0.7875 -0.2135 0.5777 0.0225 -0.6866 0.1082 0.7156 0.0682 -0.7014 -0.3207 0.5761 -0.2706 -0.8847 -0.0865 -0.3962 -0.2299 -0.7347 0.0696 0.6669 0.1031 -0.7518 0.3542 0.5554 -0.0293 -0.8507 0.178 -0.4935 -0.0325
-0.868 0.0859 0.4867 0.0472 -0.2439 0.5214 0.6511 -0.4948 -0.7602 0.248 0.5932 0.0934 -0.7875 -0.2135 0.5777 0.0225 -0.6866 0.1082 0.7156 0.0682 -0.7014 -0.3207 0.5761 -0.2706 -0.8847 -0.0865 -0.3962 -0.2299 -0.7347 0.0696 0.6669 0.1031 -0.7518 0.3542 0.5554 -0.0293 -0.9023 0.1951 -0.3842 -0.0108
-0.868 0.0859 0.4867 0.0472 -0.2439 0.5214 0.6511 -0.4948 -0.7602 0.248 0.5932 0.0934 -0.7875 -0.2135 0.5777 0.0225 -0.6866 0.1082 0.7156 0.0682 -0.7014 -0.3207 0.5761 -0.2706 -0.8847 -0.0865 -0.3962 -0.2299 -0.7347 0.0696 0.6669 0.1031 -0.7518 0.3542 0.5554 -0.0293 -0.9023 0.1951 -0.3842 -0.0108
-0.868 0.0859 0.4867 0.0472 -0.2439 0.5214 0.6511 -0.4948 -0.7602 0.248 0.5932 0.0934 -0.7875 -0.2135 0.5777 0.0225 -0.6866 0.1082 0.7156 0.0682 -0.7014 -0.3207 0.5761 -0.2706 -0.8887 -0.0726 -0.397 -0.2177 -0.7347 0.0696 0.6669 0.1031 -0.7518 0.3542 0.5554 -0.0293 -0.9023 0.1951 -0.3842 -0.0108
-0.868 0.0859 0.4867 0.0472 -0.2439 0.5214 0.6511 -0.4948 -0.7681 0.2356 0.5905 0.0764 -0.7875 -0.2135 0.5777 0.0225 -0.6866 0.1082 0.7156 0.0682 -0.7014 -0.3207 0.5761 -0.2706 -0.8887 -0.0726 -0.397 -0.2177 -0.7347 0.0696 0.6669 0.1031 -0.7352 0.228 0.6296 0.1052 -0.9023 0.1951 -0.3842 -0.0108
-0.868 0.0859 0.4867 0.0472 -0.2439 0.5214 0.6511 -0.4948 -0.7681 0.2356 0.5905 0.0764 -0.7875 -0.2135 0.5777 0.0225 -0.6866 0.1082 0.7156 0.0682 -0.7014 -0.3207 0.5761 -0.2706 -0.8887 -0.0726 -0.397 -0.2177 -0.7347 0.0696 0.6669 0.1031 -0.7352 0.228 0.6296 0.1052 -0.9023 0.1951 -0.3842 -0.0108
-0.871 0.0851 0.4825 0.0345 -0.24 0.5125 0.654 -0.5021 -0.7681 0.2356 0.5905 0.0764 -0.7875 -0.2135 0.5777 0.0225 -0.6866 0.1082 0.7156 0.0682 -0.7014 -0.3207 0.5761 -0.2706 -0.8887 -0.0726 -0.397 -0.2177 -0.7347 0.0696 0.6669 0.1031 -0.7352 0.228 0.6296 0.1052 -0.9023 0.1951 -0.3842 -0.0108
-0.871 0.0851 0.4825 0.0345 -0.24 0.5125 0.654 -0.5021 -0.7681 0.2356 0.5905 0.0764 -0.7875 -0.2135 0.5777 0.0225 -0.6866 0.1082 0.7156 0.0682 -0.7014 -0.3207 0.5761 -0.2706 -0.8887 -0.0726 -0.397 -0.2177 -0.743 0.0189 0.6292 0.2272 -0.7352 0.228 0.6296 0.1052 -0.9023 0.1951 -0.3842 -0.0108
-0.871 0.0851 0.4825 0.0345 -0.24 0.5125 0.654 -0.5021 -0.7681 0.2356 0.5905 0.0764 -0.7875 -0.2135 0.5777 0.0225 -0.6866 0.1082 0.7156 0.0682 -0.7014 -0.3207 0.5761 -0.2706 -0.8887 -0.0726 -0.397 -0.2177 -0.743 0.0189 0.6292 0.2272 -0.7352 0.228 0.6296 0.1052 -0.9023 0.1951 -0.3842 -0.0108
-0.871 0.0851 0.4825 0.0345 -0.24 0.5125 0.654 -0.5021 -0.7681 0.2356 0.5905 0.0764 -0.7875 -0.2135 0.5777 0.0225 -0.6866 0.1082 0.7156 0.0682 -0.7014 -0.3207 0.5761 -0.2706 -0.8887 -0.0726 -0.397 -0.2177 -0.743 0.0189 0.6292 0.2272 -0.7352 0.228 0.6296 0.1052 -0.9023 0.1951 -0.3842 -0.0108
-0.871 0.0851 0.4825 0.0345 -0.24 0.5125 0.654 -0.5021 -0.7681 0.2356 0.5905 0.0764 -0.7875 -0.2135 0.5777 0.0225 -0.6866 0.1082 0.7156 0.0682 -0.7014 -0.3207 0.5761 -0.2706 -0.8887 -0.0726 -0.397 -0.2177 -0.743 0.0189 0.6292 0.2272 -0.7352 0.228 0.6296 0.1052 -0.9023 0.1951 -0.3842 -0.0108
-0.871 0.0851 0.4825 0.0345 -0.24 0.5125 0.654 -0.5021 -0.7681 0.2356 0.5905 0.0764 -0.7875 -0.2135 0.5777 0.0225 -0.6866 0.1082 0.7156 0.0682 -0.7014 -0.3207 0.5761 -0.2706 -0.8887 -0.0726 -0.397 -0.2177 -0.743 0.0189 0.6292 0.2272 -0.7352 0.228 0.6296 0.1052 -0.9023 0.1951 -0.3842 -0.0108
-0.871 0.0851 0.4825 0.0345 -0.252 0.5144 0.648 -0.502 -0.7662 0.2291 0.5965 0.0682 -0.7875 -0.2135 0.5777 0.0225 -0.6866 0.1082 0.7156 0.0682 -0.7014 -0.3207 0.5761 -0.2706 -0.8853 -0.0693 -0.41 -0.2084 -0.743 0.0189 0.6292 0.2272 -0.6998 0.1393 0.674 0.1914 -0.9023 0.1951 -0.3842 -0.0108
-0.8742 0.0906 0.475 0.0444 -0.252 0.5144 0.648 -0.502 -0.7662 0.2291 0.5965 0.0682 -0.7875 -0.2135 0.5777 0.0225 -0.6866 0.1082 0.7156 0.0682 -0.7014 -0.3207 0.5761 -0.2706 -0.8853 -0.0693 -0.41 -0.2084 -0.743 0.0189 0.6292 0.2272 -0.6998 0.1393 0.674 0.1914 -0.9023 0.1951 -0.3842 -0.0108
-0.8742 0.0906 0.475 0.0444 -0.252 0.5144 0.648 -0.502 -0.7662 0.2291 0.5965 0.0682 -0.7875 -0.2135 0.5777 0.0225 -0.6877 0.1196 0.7049 0.1262 -0.7014 -0.3207 0.5761 -0.2706 -0.8853 -0.0693 -0.41 -0.2084 -0.7355 0.0227 0.6364 0.2313 -0.6998 0.1393 0.674 0.1914 -0.9023 0.1951 -0.3842 -0.0108
-0.8742 0.0906 0.475 0.0444 -0.252 0.5144 0.648 -0.502 -0.7662 0.2291 0.5965 0.0682 -0.7875 -0.2135 0.5777 0.0225 -0.6877 0.1196 0.7049 0.1262 -0.7014 -0.3207 0.5761 -0.2706 -0.8853 -0.0693 -0.41 -0.2084 -0.7355 0.0227 0.6364 0.2313 -0.6998 0.1393 0.674 0.1914 -0.9023 0.1951 -0.3842 -0.0108
-0.8742 0.0906 0.475 0.0444 -0.252 0.5144 0.648 -0.502 -0.7662 0.2291 0.5965 0.0682 -0.7875 -0.2135 0.5777 0.0225 -0.6877 0.1196 0.7049 0.1262 -0.7014 -0.3207 0.5761 -0.2706 -0.8853 -0.0693 -0.41 -0.2084 -0.7355 0.0227 0.6364 0.2313 -0.6998 0.1393 0.674 0.1914 -0.9424 0.2615 -0.2076 0.0176
-0.8742 0.0906 0.475 0.0444 -0.252 0.5144 0.648 -0.502 -0.7662 0.2291 0.5965 0.0682 -0.7875 -0.2135 0.5777 0.0225 -0.6877 0.1196 0.7049 0.1262 -0.7014 -0.3207 0.5761 -0.2706 -0.8853 -0.0693 -0.41 -0.2084 -0.7355 0.0227 0.6364 0.2313 -0.6998 0.1393 0.674 0.1914 -0.9424 0.2615 -0.2076 0.0176
-0.8742 0.0906 0.475 0.0444 -0.252 0.5144 0.648 -0.502 -0.7634 0.2325 0.5927 0.1091 -0.7886 -0.2247 0.5724 0.0 -0.6877 0.1196 0.7049 0.1262 -0.7357 -0.3463 0.5499 -0.191 -0.8698 -0.072 -0.4467 -0.1971 -0.7355 0.0227 0.6364 0.2313 -0.6762 0.0889 0.707 0.1872 -0.9424 0.2615 -0.2076 0.0176
-0.8742 0.0906 0.475 0.0444 -0.252 0.5144 0.648 -0.502 -0.7634 0.2325 0.5927 0.1091 -0.7886 -0.2247 0.5724 0.0 -0.6877 0.1196 0.7049 0.1262 -0.7357 -0.3463 0.5499 -0.191 -0.8698 -0.072 -0.4467 -0.1971 -0.7355 0.0227 0.6364 0.2313 -0.6762 0.0889 0.707 0.1872 -0.9424 0.2615 -0.2076 0.0176
-0.8821 0.101 0.4523 0.0849 -0.252 0.5144 0.648 -0.502 -0.7634 0.2325 0.5927 0.1091 -0.7886 -0.2247 0.5724 0.0 -0.6877 0.1196 0.7049 0.1262 -0.7357 -0.3463 0.5499 -0.191 -0.8698 -0.072 -0.4467 -0.1971 -0.7175 0.0328 0.6567 0.2299 -0.6762 0.0889 0.707 0.1872 -0.9424 0.2615 -0.2076 0.0176
-0.8821 0.101 0.4523 0.0849 -0.252 0.5144 0.648 -0.502 -0.7634 0.2325 0.5927 0.1091 -0.7886 -0.2247 0.5724 0.0 -0.6877 0.1196 0.7049 0.1262 -0.7357 -0.3463 0.5499 -0.191 -0.8698 -0.072 -0.4467 -0.1971 -0.7175 0.0328 0.6567 0.2299 -0.6762 0.0889 0.707 0.1872 -0.9424 0.2615 -0.2076 0.0176
-0.8821 0.101 0.4523 0.0849 -0.252 0.5144 0.648 -0.502 -0.7634 0.2325 0.5927 0.1091 -0.7886 -0.2247 0.5724 0.0 -0.6877 0.1196 0.7049 0.1262 -0.7357 -0.3463 0.5499 -0.191 -0.8698 -0.072 -0.4467 -0.1971 -0.7175 0.0328 0.6567 0.2299 -0.6762 0.0889 0.707 0.1872 -0.9424 0.2615 -0.2076 0.0176
-0.8821 0.101 0.4523 0.0849 -0.252 0.5144 0.648 -0.502 -0.7634 0.2325 0.5927 0.1091 -0.7886 -0.2247 0.5724 0.0 -0.6877 0.1196 0.7049 0.1262 -0.7357 -0.3463 0.5499 -0.191 -0.8698 -0.072 -0.4467 -0.1971 -0.7175 0.0328 0.6567 0.2299 -0.6762 0.0889 0.707 0.1872 -0.9352 0.2525 -0.2472 0.0219
-0.8821 0.101 0.4523 0.0849 -0.252 0.5144 0.648 -0.502 -0.7634 0.2325 0.5927 0.1091 -0.7886 -0.2247 0.5724 0.0 -0.6877 0.1196 0.7049 0.1262 -0.7357 -0.3463 0.5499 -0.191 -0.8361 -0.0873 -0.5054 -0.1947 -0.7175 0.0328 0.6567 0.2299 -0.6762 0.0889 0.707 0.1872 -0.9352 0.2525 -0.2472 0.0219
-0.8821 0.101 0.4523 0.0849 -0.252 0.5144 0.648 -0.502 -0.7634 0.2325 0.5927 0.1091 -0.7886 -0.2247 0.5724 0.0 -0.6877 0.1196 0.7049 0.1262 -0.7357 -0.3463 0.5499 -0.191 -0.8361 -0.0873 -0.5054 -0.1947 -0.7175 0.0328 0.6567 0.2299 -0.6762 0.0889 0.707 0.1872 -0.9352 0.2525 -0.2472 0.0219
-0.8821 0.101 0.4523 0.0849 -0.3515 0.5501 0.5923 -0.4722 -0.7428 0.2575 0.5944 0.1694 -0.7886 -0.2247 0.5724 0.0 -0.6877 0.1196 0.7049 0.1262 -0.7357 -0.3463 0.5499 -0.191 -0.8361 -0.0873 -0.5054 -0.1947 -0.7175 0.0328 0.6567 0.2299 -0.6672 0.1245 0.7126 0.1776 -0.9352 0.2525 -0.2472 0.0219
-0.8842 0.1245 0.4229 0.1542 -0.3515 0.5501 0.5923 -0.4722 -0.7428 0.2575 0.5944 0.1694 -0.7886 -0.2247 0.5724 0.0 -0.6877 0.1196 0.7049 0.1262 -0.7357 -0.3463 0.5499 -0.191 -0.8361 -0.0873 -0.5054 -0.1947 -0.7175 0.0328 0.6567 0.2299 -0.6672 0.1245 0.7126 0.1776 -0.9352 0.2525 -0.2472 0.0219
-0.8842 0.1245 0.4229 0.1542 -0.3515 0.5501 0.5923 -0.4722 -0.7428 0.2575 0.5944 0.1694 -0.7886 -0.2247 0.5724 0.0 -0.6877 0.1196 0.7049 0.1262 -0.7357 -0.3463 0.5499 -0.191 -0.8361 -0.0873 -0.5054 -0.1947 -0.7175 0.0328 0.6567 0.2299 -0.6672 0.1245 0.7126 0.1776 -0.9352 0.2525 -0.2472 0.0219
-0.8842 0.1245 0.4229 0.1542 -0.3515 0.5501 0.5923 -0.4722 -0.7428 0.2575 0.5944 0.1694 -0.7886 -0.2247 0.5724 0.0 -0.7065 0.1593 0.6694 0.1653 -0.7357 -0.3463 0.5499 -0.191 -0.8361 -0.0873 -0.5054 -0.1947 -0.7175 0.0328 0.6567 0.2299 -0.6672 0.1245 0.7126 0.1776 -0.9352 0.2525 -0.2472 0.0219
-0.8842 0.1245 0.4229 0.1542 -0.3515 0.5501 0.5923 -0.4722 -0.7428 0.2575 0.5944 0.1694 -0.7886 -0.2247 0.5724 0.0 -0.7065 0.1593 0.6694 0.1653 -0.7357 -0.3463 0.5499 -0.191 -0.8361 -0.0873 -0.5054 -0.1947 -0.7175 0.0328 0.6567 0.2299 -0.6672 0.1245 0.7126 0.1776 -0.9141 0.2433 -0.3237 0.0229
-0.8842 0.1245 0.4229 0.1542 -0.3515 0.5501 0.5923 -0.4722 -0.7428 0.2575 0.5944 0.1694 -0.7459 -0.1829 0.6334 0.0947 -0.7065 0.1593 0.6694 0.1653 -0.7984 -0.3316 0.4901 -0.1111 -0.7432 -0.1154 -0.6326 -0.1846 -0.7175 0.0328 0.6567 0.2299 -0.6672 0.1245 0.7126 0.1776 -0.9141 0.2433 -0.3237 0.0229
-0.8842 0.1245 0.4229 0.1542 -0.3515 0.5501 0.5923 -0.4722 -0.718 0.2751 0.5906 0.2448 -0.7459 -0.1829 0.6334 0.0947 -0.7065 0.1593 0.6694 0.1653 -0.7984 -0.3316 0.4901 -0.1111 -0.7432 -0.1154 -0.6326 -0.1846 -0.7175 0.0328 0.6567 0.2299 -0.6584 0.1747 0.7118 0.171 -0.9141 0.2433 -0.3237 0.0229
-0.8842 0.1245 0.4229 0.1542 -0.379 0.5617 0.5847 -0.4461 -0.718 0.2751 0.5906 0.2448 -0.7459 -0.1829 0.6334 0.0947 -0.7065 0.1593 0.6694 0.1653 -0.7984 -0.3316 0.4901 -0.1111 -0.7432 -0.1154 -0.6326 -0.1846 -0.7175 0.0328 0.6567 0.2299 -0.6584 0.1747 0.7118 0.171 -0.9141 0.2433 -0.3237 0.0229
-0.8842 0.1245 0.4229 0.1542 -0.379 0.5617 0.5847 -0.4461 -0.718 0.2751 0.5906 0.2448 -0.7459 -0.1829 0.6334 0.0947 -0.7065 0.1593 0.6694 0.1653 -0.7984 -0.3316 0.4901 -0.1111 -0.7432 -0.1154 -0.6326 -0.1846 -0.7175 0.0328 0.6567 0.2299 -0.6584 0.1747 0.7118 0.171 -0.9141 0.2433 -0.3237 0.0229
-0.8842 0.1245 0.4229 0.1542 -0.379 0.5617 0.5847 -0.4461 -0.718 0.2751 0.5906 0.2448 -0.7459 -0.1829 0.6334 0.0947 -0.7288 0.1961 0.6408 0.1407 -0.7984 -0.3316 0.4901 -0.1111 -0.7432 -0.1154 -0.6326 -0.1846 -0.7175 0.0328 0.6567 0.2299 -0.6584 0.1747 0.7118 0.171 -0.9141 0.2433 -0.3237 0.0229
-0.8842 0.1245 0.4229 0.1542 -0.379 0.5617 0.5847 -0.4461 -0.718 0.2751 0.5906 0.2448 -0.7459 -0.1829 0.6334 0.0947 -0.7288 0.1961 0.6408 0.1407 -0.7984 -0.3316 0.4901 -0.1111 -0.7432 -0.1154 -0.6326 -0.1846 -0.7175 0.0328 0.6567 0.2299 -0.6584 0.1747 0.7118 0.171 -0.9141 0.2433 -0.3237 0.0229
-0.8842 0.1245 0.4229 0.1542 -0.379 0.5617 0.5847 -0.4461 -0.718 0.2751 0.5906 0.2448 -0.7459 -0.1829 0.6334 0.0947 -0.7288 0.1961 0.6408 0.1407 -0.7984 -0.3316 0.4901 -0.1111 -0.7432 -0.1154 -0.6326 -0.1846 -0.7175 0.0328 0.6567 0.2299 -0.6584 0.1747 0.7118 0.171 -0.9093 0.2504 -0.3308 0.0313
-0.8842 0.1245 0.4229 0.1542 -0.379 0.5617 0.5847 -0.4461 -0.718 0.2751 0.5906 0.2448 -0.7459 -0.1829 0.6334 0.0947 -0.7288 0.1961 0.6408 0.1407 -0.7984 -0.3316 0.4901 -0.1111 -0.7109 -0.1793 -0.6684 -0.1254 -0.7175 0.0328 0.6567 0.2299 -0.6584 0.1747 0.7118 0.171 -0.9093 0.2504 -0.3308 0.0313
-0.8842 0.1245 0.4229 0.1542 -0.379 0.5617 0.5847 -0.4461 -0.718 0.2751 0.5906 0.2448 -0.7459 -0.1829 0.6334 0.0947 -0.7288 0.1961 0.6408 0.1407 -0.7984 -0.3316 0.4901 -0.1111 -0.7109 -0.1793 -0.6684 -0.1254 -0.7175 0.0328 0.6567 0.2299 -0.6584 0.1747 0.7118 0.171 -0.9093 0.2504 -0.3308 0.0313
-0.8842 0.1245 0.4229 0.1542 -0.379 0.5617 0.5847 -0.4461 -0.7123 0.2794 0.5808 0.2778 -0.7459 -0.1829 0.6334 0.0947 -0.7288 0.1961 0.6408 0.1407 -0.7984 -0.3316 0.4901 -0.1111 -0.7109 -0.1793 -0.6684 -0.1254 -0.7175 0.0328 0.6567 0.2299 -0.656 0.1822 0.7164 0.1528 -0.9093 0.2504 -0.3308 0.0313
-0.8851 0.1177 0.3996 0.2076 -0.379 0.5617 0.5847 -0.4461 -0.7123 0.2794 0.5808 0.2778 -0.7459 -0.1829 0.6334 0.0947 -0.7288 0.1961 0.6408 0.1407 -0.7984 -0.3316 0.4901 -0.1111 -0.7109 -0.1793 -0.6684 -0.1254 -0.7175 0.0328 0.6567 0.2299 -0.656 0.1822 0.7164 0.1528 -0.9093 0.2504 -0.3308 0.0313
-0.8851 0.1177 0.3996 0.2076 -0.379 0.5617 0.5847 -0.4461 -0.7123 0.2794 0.5808 0.2778 -0.7459 -0.1829 0.6334 0.0947 -0.7484 0.2054 0.6194 0.1185 -0.7984 -0.3316 0.4901 -0.1111 -0.7109 -0.1793 -0.6684 -0.1254 -0.6838 0.0894 0.6995 0.1872 -0.656 0.1822 0.7164 0.1528 -0.9093 0.2504 -0.3308 0.0313
-0.8851 0.1177 0.3996 0.2076 -0.379 0.5617 0.5847 -0.4461 -0.7123 0.2794 0.5808 0.2778 -0.7459 -0.1829 0.6334 0.0947 -0.7484 0.2054 0.6194 0.1185 -0.7984 -0.3316 0.4901 -0.1111 -0.7109 -0.1793 -0.6684 -0.1254 -0.6838 0.0894 0.6995 0.1872 -0.656 0.1822 0.7164 0.1528 -0.9093 0.2504 -0.3308 0.0313
-0.8851 0.1177 0.3996 0.2076 -0.379 0.5617 0.5847 -0.4461 -0.7123 0.2794 0.5808 0.2778 -0.7459 -0.1829 0.6334 0.0947 -0.7484 0.2054 0.6194 0.1185 -0.7984 -0.3316 0.4901 -0.1111 -0.7109 -0.1793 -0.6684 -0.1254 -0.6838 0.0894 0.6995 0.1872 -0.656 0.1822 0.7164 0.1528 -0.9112 0.2355 -0.3372 0.0247
-0.8851 0.1177 0.3996 0.2076 -0.379 0.5617 0.5847 -0.4461 -0.7123 0.2794 0.5808 0.2778 -0.7029 -0.2133 0.6555 0.1755 -0.7484 0.2054 0.6194 0.1185 -0.8323 -0.3356 0.431 -0.0938 -0.6985 -0.147 -0.687 -0.1359 -0.6838 0.0894 0.6995 0.1872 -0.656 0.1822 0.7164 0.1528 -0.9112 0.2355 -0.3372 0.0247
-0.8851 0.1177 0.3996 0.2076 -0.379 0.5617 0.5847 -0.4461 -0.7137 0.2651 0.5827 0.2841 -0.7029 -0.2133 0.6555 0.1755 -0.7484 0.2054 0.6194 0.1185 -0.8323 -0.3356 0.431 -0.0938 -0.6985 -0.147 -0.687 -0.1359 -0.6838 0.0894 0.6995 0.1872 -0.656 0.1822 0.7164 0.1528 -0.9112 0.2355 -0.3372 0.0247
-0.8912 0.119 0.3845 0.2092 -0.4091 0.5577 0.5678 -0.4464 -0.7137 0.2651 0.5827 0.2841 -0.7029 -0.2133 0.6555 0.1755 -0.7484 0.2054 0.6194 0.1185 -0.8323 -0.3356 0.431 -0.0938 -0.6985 -0.147 -0.687 -0.1359 -0.6838 0.0894 0.6995 0.1872 -0.656 0.1822 0.7164 0.1528 -0.9112 0.2355 -0.3372 0.0247
-0.8912 0.119 0.3845 0.2092 -0.4091 0.5577 0.5678 -0.4464 -0.7137 0.2651 0.5827 0.2841 -0.7029 -0.2133 0.6555 0.1755 -0.7484 0.2054 0.6194 0.1185 -0.8323 -0.3356 0.431 -0.0938 -0.6985 -0.147 -0.687 -0.1359 -0.6838 0.0894 0.6995 0.1872 -0.656 0.1822 0.7164 0.1528 -0.9112 0.2355 -0.3372 0.0247
-0.8912 0.119 0.3845 0.2092 -0.4091 0.5577 0.5678 -0.4464 -0.7137 0.2651 0.5827 0.2841 -0.7029 -0.2133 0.6555 0.1755 -0.7656 0.2109 0.6008 0.0913 -0.8323 -0.3356 0.431 -0.0938 -0.6985 -0.147 -0.687 -0.1359 -0.6743 0.1051 0.7087 0.1791 -0.656 0.1822 0.7164 0.1528 -0.9112 0.2355 -0.3372 0.0247
-0.8912 0.119 0.3845 0.2092 -0.4091 0.5577 0.5678 -0.4464 -0.7137 0.2651 0.5827 0.2841 -0.7029 -0.2133 0.6555 0.1755 -0.7656 0.2109 0.6008 0.0913 -0.8323 -0.3356 0.431 -0.0938 -0.6985 -0.147 -0.687 -0.1359 -0.6743 0.1051 0.7087 0.1791 -0.656 0.1822 0.7164 0.1528 -0.9112 0.2355 -0.3372 0.0247
-0.8912 0.119 0.3845 0.2092 -0.4091 0.5577 0.5678 -0.4464 -0.7137 0.2651 0.5827 0.2841 -0.7029 -0.2133 0.6555 0.1755 -0.7656 0.2109 0.6008 0.0913 -0.8323 -0.3356 0.431 -0.0938 -0.6985 -0.147 -0.687 -0.1359 -0.6743 0.1051 0.7087 0.1791 -0.656 0.1822 0.7164 0.1528 -0.9167 0.21 -0.3397 0.0109
-0.8912 0.119 0.3845 0.2092 -0.4091 0.5577 0.5678 -0.4464 -0.7137 0.2651 0.5827 0.2841 -0.7017 -0.2051 0.6619 0.1653 -0.7656 0.2109 0.6008 0.0913 -0.8323 -0.3356 0.431 -0.0938 -0.6985 -0.147 -0.687 -0.1359 -0.6743 0.1051 0.7087 0.1791 -0.656 0.1822 0.7164 0.1528 -0.9167 0.21 -0.3397 0.0109
-0.8912 0.119 0.3845 0.2092 -0.4091 0.5577 0.5678 -0.4464 -0.7137 0.2651 0.5827 0.2841 -0.7017 -0.2051 0.6619 0.1653 -0.7656 0.2109 0.6008 0.0913 -0.8323 -0.3356 0.431 -0.0938 -0.6985 -0.147 -0.687 -0.1359 -0.6743 0.1051 0.7087 0.1791 -0.656 0.1822 0.7164 0.1528 -0.9167 0.21 -0.3397 0.0109
-0.8908 0.1229 0.3859 0.206 -0.4053 0.5588 0.5659 -0.4508 -0.7128 0.2683 0.5885 0.2714 -0.7017 -0.2051 0.6619 0.1653 -0.7656 0.2109 0.6008 0.0913 -0.8323 -0.3356 0.431 -0.0938 -0.6985 -0.147 -0.687 -0.1359 -0.6743 0.1051 0.7087 0.1791 -0.6483 0.2274 0.7139 0.1354 -0.9167 0.21 -0.3397 0.0109
-0.8908 0.1229 0.3859 0.206 -0.4053 0.5588 0.5659 -0.4508 -0.7128 0.2683 0.5885 0.2714 -0.7017 -0.2051 0.6619 0.1653 -0.7656 0.2109 0.6008 0.0913 -0.8323 -0.3356 0.431 -0.0938 -0.6985 -0.147 -0.687 -0.1359 -0.6625 0.1239 0.7177 0.1748 -0.6483 0.2274 0.7139 0.1354 -0.9167 0.21 -0.3397 0.0109
-0.8908 0.1229 0.3859 0.206 -0.4053 0.5588 0.5659 -0.4508 -0.7128 0.2683 0.5885 0.2714 -0.7017 -0.2051 0.6619 0.1653 -0.7791 0.2341 0.5786 0.0576 -0.8323 -0.3356 0.431 -0.0938 -0.6985 -0.147 -0.687 -0.1359 -0.6625 0.1239 0.7177 0.1748 -0.6483 0.2274 0.7139 0.1354 -0.9167 0.21 -0.3397 0.0109
-0.8908 0.1229 0.3859 0.206 -0.4053 0.5588 0.5659 -0.4508 -0.7128 0.2683 0.5885 0.2714 -0.7017 -0.2051 0.6619 0.1653 -0.7791 0.2341 0.5786 0.0576 -0.8323 -0.3356 0.431 -0.0938 -0.6985 -0.147 -0.687 -0.1359 -0.6625 0.1239 0.7177 0.1748 -0.6483 0.2274 0.7139 0.1354 -0.9226 0.1897 -0.3359 -0.0021
-0.8908 0.1229 0.3859 0.206 -0.4053 0.5588 0.5659 -0.4508 -0.7128 0.2683 0.5885 0.2714 -0.7119 -0.1818 0.6644 0.1368 -0.7791 0.2341 0.5786 0.0576 -0.8323 -0.3356 0.431 -0.0938 -0.6985 -0.147 -0.687 -0.1359 -0.6625 0.1239 0.7177 0.1748 -0.6483 0.2274 0.7139 0.1354 -0.9226 0.1897 -0.3359 -0.0021
-0.8908 0.1229 0.3859 0.206 -0.4053 0.5588 0.5659 -0.4508 -0.7128 0.2683 0.5885 0.2714 -0.7119 -0.1818 0.6644 0.1368 -0.7791 0.2341 0.5786 0.0576 -0.8323 -0.3356 0.431 -0.0938 -0.6985 -0.147 -0.687 -0.1359 -0.6625 0.1239 0.7177 0.1748 -0.6483 0.2274 0.7139 0.1354 -0.9226 0.1897 -0.3359 -0.0021
-0.8908 0.1229 0.3859 0.206 -0.4053 0.5588 0.5659 -0.4508 -0.7128 0.2683 0.5885 0.2714 -0.7119 -0.1818 0.6644 0.1368 -0.7791 0.2341 0.5786 0.0576 -0.8434 -0.2782 0.4321 -0.1567 -0.7505 -0.1025 -0.6367 -0.1443 -0.6625 0.1239 0.7177 0.1748 -0.647 0.255 0.7066 0.1306 -0.9226 0.1897 -0.3359 -0.0021
-0.8867 0.1303 0.3925 0.2067 -0.4026 0.5648 0.5622 -0.4504 -0.7074 0.2784 0.5998 0.2495 -0.7119 -0.1818 0.6644 0.1368 -0.7791 0.2341 0.5786 0.0576 -0.8434 -0.2782 0.4321 -0.1567 -0.7505 -0.1025 -0.6367 -0.1443 -0.6625 0.1239 0.7177 0.1748 -0.647 0.255 0.7066 0.1306 -0.9226 0.1897 -0.3359 -0.0021
-0.8867 0.1303 0.3925 0.2067 -0.4026 0.5648 0.5622 -0.4504 -0.7074 0.2784 0.5998 0.2495 -0.7119 -0.1818 0.6644 0.1368 -0.7791 0.2341 0.5786 0.0576 -0.8434 -0.2782 0.4321 -0.1567 -0.7505 -0.1025 -0.6367 -0.1443 -0.6625 0.1239 0.7177 0.1748 -0.647 0.255 0.7066 0.1306 -0.9226 0.1897 -0.3359 -0.0021
-0.8867 0.1303 0.3925 0.2067 -0.4026 0.5648 0.5622 -0.4504 -0.7074 0.2784 0.5998 0.2495 -0.7119 -0.1818 0.6644 0.1368 -0.7818 0.2615 0.5656 0.0214 -0.8434 -0.2782 0.4321 -0.1567 -0.7505 -0.1025 -0.6367 -0.1443 -0.6587 0.139 0.722 0.1597 -0.647 0.255 0.7066 0.1306 -0.9226 0.1897 -0.3359 -0.0021
-0.8867 0.1303 0.3925 0.2067 -0.4026 0.5648 0.5622 -0.4504 -0.7074 0.2784 0.5998 0.2495 -0.7119 -0.1818 0.6644 0.1368 -0.7818 0.2615 0.5656 0.0214 -0.8434 -0.2782 0.4321 -0.1567 -0.7505 -0.1025 -0.6367 -0.1443 -0.6587 0.139 0.722 0.1597 -0.647 0.255 0.7066 0.1306 -0.9226 0.1897 -0.3359 -0.0021
-0.8867 0.1303 0.3925 0.2067 -0.4026 0.5648 0.5622 -0.4504 -0.7074 0.2784 0.5998 0.2495 -0.7119 -0.1818 0.6644 0.1368 -0.7818 0.2615 0.5656 0.0214 -0.8434 -0.2782 0.4321 -0.1567 -0.7505 -0.1025 -0.6367 -0.1443 -0.6587 0.139 0.722 0.1597 -0.647 0.255 0.7066 0.1306 -0.923 0.184 -0.3378 -0.0064
-0.8867 0.1303 0.3925 0.2067 -0.4026 0.5648 0.5622 -0.4504 -0.7074 0.2784 0.5998 0.2495 -0.7119 -0.1818 0.6644 0.1368 -0.7818 0.2615 0.5656 0.0214 -0.8434 -0.2782 0.4321 -0.1567 -0.7505 -0.1025 -0.6367 -0.1443 -0.6587 0.139 0.722 0.1597 -0.647 0.255 0.7066 0.1306 -0.923 0.184 -0.3378 -0.0064
-0.8867 0.1303 0.3925 0.2067 -0.4026 0.5648 0.5622 -0.4504 -0.7074 0.2784 0.5998 0.2495 -0.7227 -0.1577 0.6636 0.1111 -0.7818 0.2615 0.5656 0.0214 -0.8246 -0.2368 0.469 -0.2095 -0.7849 -0.1039 -0.585 -0.176 -0.6587 0.139 0.722 0.1597 -0.6514 0.2707 0.6992 0.116 -0.923 0.184 -0.3378 -0.0064
-0.8859 0.1338 0.3941 0.205 -0.3986 0.5682 0.5621 -0.4499 -0.7074 0.2784 0.5998 0.2495 -0.7227 -0.1577 0.6636 0.1111 -0.7818 0.2615 0.5656 0.0214 -0.8246 -0.2368 0.469 -0.2095 -0.7849 -0.1039 -0.585 -0.176 -0.6587 0.139 0.722 0.1597 -0.6514 0.2707 0.6992 0.116 -0.923 0.184 -0.3378 -0.0064
-0.8859 0.1338 0.3941 0.205 -0.3986 0.5682 0.5621 -0.4499 -0.7074 0.2784 0.5998 0.2495 -0.7227 -0.1577 0.6636 0.1111 -0.7818 0.2615 0.5656 0.0214 -0.8246 -0.2368 0.469 -0.2095 -0.7849 -0.1039 -0.585 -0.176 -0.6587 0.139 0.722 0.1597 -0.6514 0.2707 0.6992 0.116 -0.923 0.184 -0.3378 -0.0064
-0.8859 0.1338 0.3941 0.205 -0.3986 0.5682 0.5621 -0.4499 -0.7074 0.2784 0.5998 0.2495 -0.7227 -0.1577 0.6636 0.1111 -0.7717 0.2699 0.5756 -0.0209 -0.8246 -0.2368 0.469 -0.2095 -0.7849 -0.1039 -0.585 -0.176 -0.6611 0.1475 0.7233 0.1343 -0.6514 0.2707 0.6992 0.116 -0.923 0.184 -0.3378 -0.0064
-0.8859 0.1338 0.3941 0.205 -0.3986 0.5682 0.5621 -0.4499 -0.7074 0.2784 0.5998 0.2495 -0.7227 -0.1577 0.6636 0.1111 -0.7717 0.2699 0.5756 -0.0209 -0.8246 -0.2368 0.469 -0.2095 -0.7849 -0.1039 -0.585 -0.176 -0.6611 0.1475 0.7233 0.1343 -0.6514 0.2707 0.6992 0.116 -0.923 0.184 -0.3378 -0.0064
-0.8859 0.1338 0.3941 0.205 -0.3986 0.5682 0.5621 -0.4499 -0.7074 0.2784 0.5998 0.2495 -0.7227 -0.1577 0.6636 0.1111 -0.7717 0.2699 0.5756 -0.0209 -0.8246 -0.2368 0.469 -0.2095 -0.7849 -0.1039 -0.585 -0.176 -0.6611 0.1475 0.7233 0.1343 -0.6514 0.2707 0.6992 0.116 -0.923 0.184 -0.3378 -0.0064
-0.8859 0.1338 0.3941 0.205 -0.3986 0.5682 0.5621 -0.4499 -0.7074 0.2784 0.5998 0.2495 -0.7227 -0.1577 0.6636 0.1111 -0.7717 0.2699 0.5756 -0.0209 -0.8246 -0.2368 0.469 -0.2095 -0.7849 -0.1039 -0.585 -0.176 -0.6611 0.1475 0.7233 0.1343 -0.6514 0.2707 0.6992 0.116 -0.923 0.184 -0.3378 -0.0064
-0.8859 0.1338 0.3941 0.205 -0.3986 0.5682 0.5621 -0.4499 -0.7074 0.2784 0.5998 0.2495 -0.7258 -0.1564 0.6622 0.1014 -0.7717 0.2699 0.5756 -0.0209 -0.7807 -0.2041 0.5195 -0.2811 -0.8123 -0.1097 -0.522 -0.2359 -0.6611 0.1475 0.7233 0.1343 -0.6514 0.2707 0.6992 0.116 -0.9227 0.1797 -0.3407 -0.0114
-0.8859 0.1338 0.3941 0.205 -0.3911 0.5655 0.5683 -0.452 -0.7074 0.2784 0.5998 0.2495 -0.7258 -0.1564 0.6622 0.1014 -0.7717 0.2699 0.5756 -0.0209 -0.7807 -0.2041 0.5195 -0.2811 -0.8123 -0.1097 -0.522 -0.2359 -0.6611 0.1475 0.7233 0.1343 -0.6514 0.2707 0.6992 0.116 -0.9227 0.1797 -0.3407 -0.0114
-0.8881 0.1331 0.3949 0.1941 -0.3911 0.5655 0.5683 -0.452 -0.7074 0.2784 0.5998 0.2495 -0.7258 -0.1564 0.6622 0.1014 -0.7717 0.2699 0.5756 -0.0209 -0.7807 -0.2041 0.5195 -0.2811 -0.8123 -0.1097 -0.522 -0.2359 -0.6611 0.1475 0.7233 0.1343 -0.6514 0.2707 0.6992 0.116 -0.9227 0.1797 -0.3407 -0.0114
-0.8881 0.1331 0.3949 0.1941 -0.3911 0.5655 0.5683 -0.452 -0.7074 0.2784 0.5998 0.2495 -0.7258 -0.1564 0.6622 0.1014 -0.7717 0.2699 0.5756 -0.0209 -0.7807 -0.2041 0.5195 -0.2811 -0.8123 -0.1097 -0.522 -0.2359 -0.6674 0.1508 0.7225 0.0994 -0.6514 0.2707 0.6992 0.116 -0.9227 0.1797 -0.3407 -0.0114
-0.8881 0.1331 0.3949 0.1941 -0.3911 0.5655 0.5683 -0.452 -0.7074 0.2784 0.5998 0.2495 -0.7258 -0.1564 0.6622 0.1014 -0.7717 0.2699 0.5756 -0.0209 -0.7807 -0.2041 0.5195 -0.2811 -0.8123 -0.1097 -0.522 -0.2359 -0.6674 0.1508 0.7225 0.0994 -0.6514 0.2707 0.6992 0.116 -0.9218 0.1768 -0.3448 -0.016
-0.8881 0.1331 0.3949 0.1941 -0.3911 0.5655 0.5683 -0.452 -0.7074 0.2784 0.5998 0.2495 -0.7258 -0.1564 0.6622 0.1014 -0.7717 0.2699 0.5756 -0.0209 -0.7807 -0.2041 0.5195 -0.2811 -0.8123 -0.1097 -0.522 -0.2359 -0.6674 0.1508 0.7225 0.0994 -0.6514 0.2707 0.6992 0.116 -0.9218 0.1768 -0.3448 -0.016
-0.8881 0.1331 0.3949 0.1941 -0.3911 0.5655 0.5683 -0.452 -0.7074 0.2784 0.5998 0.2495 -0.7305 -0.1719 0.655 0.0892 -0.7717 0.2699 0.5756 -0.0209 -0.732 -0.1725 0.5804 -0.3123 -0.8239 -0.1521 -0.4742 -0.2708 -0.6674 0.1508 0.7225 0.0994 -0.6514 0.2707 0.6992 0.116 -0.9218 0.1768 -0.3448 -0.016
-0.8881 0.1331 0.3949 0.1941 -0.3911 0.5655 0.5683 -0.452 -0.7074 0.2784 0.5998 0.2495 -0.7305 -0.1719 0.655 0.0892 -0.7717 0.2699 0.5756 -0.0209 -0.732 -0.1725 0.5804 -0.3123 -0.8239 -0.1521 -0.4742 -0.2708 -0.6674 0.1508 0.7225 0.0994 -0.6514 0.2707 0.6992 0.116 -0.9218 0.1768 -0.3448 -0.016
-0.8881 0.1331 0.3949 0.1941 -0.3724 0.5554 0.5773 -0.4686 -0.7123 0.2661 0.6166 0.2042 -0.7305 -0.1719 0.655 0.0892 -0.7717 0.2699 0.5756 -0.0209 -0.732 -0.1725 0.5804 -0.3123 -0.8239 -0.1521 -0.4742 -0.2708 -0.6674 0.1508 0.7225 0.0994 -0.6777 0.2868 0.674 0.0638 -0.9218 0.1768 -0.3448 -0.016
-0.8925 0.1337 0.3993 0.1617 -0.3724 0.5554 0.5773 -0.4686 -0.7123 0.2661 0.6166 0.2042 -0.7305 -0.1719 0.655 0.0892 -0.7717 0.2699 0.5756 -0.0209 -0.732 -0.1725 0.5804 -0.3123 -0.8239 -0.1521 -0.4742 -0.2708 -0.6674 0.1508 0.7225 0.0994 -0.6777 0.2868 0.674 0.0638 -0.9218 0.1768 -0.3448 -0.016
-0.8925 0.1337 0.3993 0.1617 -0.3724 0.5554 0.5773 -0.4686 -0.7123 0.2661 0.6166 0.2042 -0.7305 -0.1719 0.655 0.0892 -0.7251 0.2512 0.6406 -0.0273 -0.732 -0.1725 0.5804 -0.3123 -0.8239 -0.1521 -0.4742 -0.2708 -0.6781 0.1468 0.7177 0.0602 -0.6777 0.2868 0.674 0.0638 -0.9218 0.1768 -0.3448 -0.016
-0.8925 0.1337 0.3993 0.1617 -0.3724 0.5554 0.5773 -0.4686 -0.7123 0.2661 0.6166 0.2042 -0.7305 -0.1719 0.655 0.0892 -0.7251 0.2512 0.6406 -0.0273 -0.732 -0.1725 0.5804 -0.3123 -0.8239 -0.1521 -0.4742 -0.2708 -0.6781 0.1468 0.7177 0.0602 -0.6777 0.2868 0.674 0.0638 -0.9176 0.1782 -0.3547 -0.0184
-0.8925 0.1337 0.3993 0.1617 -0.3724 0.5554 0.5773 -0.4686 -0.7123 0.2661 0.6166 0.2042 -0.7305 -0.1719 0.655 0.0892 -0.7251 0.2512 0.6406 -0.0273 -0.732 -0.1725 0.5804 -0.3123 -0.8239 -0.1521 -0.4742 -0.2708 -0.6781 0.1468 0.7177 0.0602 -0.6777 0.2868 0.674 0.0638 -0.9176 0.1782 -0.3547 -0.0184
-0.8925 0.1337 0.3993 0.1617 -0.3724 0.5554 0.5773 -0.4686 -0.7123 0.2661 0.6166 0.2042 -0.7374 -0.1984 0.6412 0.075 -0.7251 0.2512 0.6406 -0.0273 -0.7003 -0.23 0.5905 -0.3288 -0.8239 -0.1521 -0.4742 -0.2708 -0.6781 0.1468 0.7177 0.0602 -0.6777 0.2868 0.674 0.0638 -0.9176 0.1782 -0.3547 -0.0184
-0.8925 0.1337 0.3993 0.1617 -0.3724 0.5554 0.5773 -0.4686 -0.7123 0.2661 0.6166 0.2042 -0.7374 -0.1984 0.6412 0.075 -0.7251 0.2512 0.6406 -0.0273 -0.7003 -0.23 0.5905 -0.3288 -0.8239 -0.1521 -0.4742 -0.2708 -0.6781 0.1468 0.7177 0.0602 -0.6777 0.2868 0.674 0.0638 -0.9176 0.1782 -0.3547 -0.0184
-0.8925 0.1337 0.3993 0.1617 -0.3336 0.5367 0.6096 -0.4786 -0.7123 0.2661 0.6166 0.2042 -0.7374 -0.1984 0.6412 0.075 -0.7251 0.2512 0.6406 -0.0273 -0.7003 -0.23 0.5905 -0.3288 -0.8239 -0.1521 -0.4742 -0.2708 -0.6781 0.1468 0.7177 0.0602 -0.6777 0.2868 0.674 0.0638 -0.9176 0.1782 -0.3547 -0.0184
-0.8925 0.1337 0.3993 0.1617 -0.3336 0.5367 0.6096 -0.4786 -0.7123 0.2661 0.6166 0.2042 -0.7374 -0.1984 0.6412 0.075 -0.7251 0.2512 0.6406 -0.0273 -0.7003 -0.23 0.5905 -0.3288 -0.8239 -0.1521 -0.4742 -0.2708 -0.6781 0.1468 0.7177 0.0602 -0.6777 0.2868 0.674 0.0638 -0.9176 0.1782 -0.3547 -0.0184
-0.8936 0.1159 0.4176 0.1172 -0.3336 0.5367 0.6096 -0.4786 -0.7123 0.2661 0.6166 0.2042 -0.7374 -0.1984 0.6412 0.075 -0.7018 0.1992 0.6837 -0.0178 -0.7003 -0.23 0.5905 -0.3288 -0.8239 -0.1521 -0.4742 -0.2708 -0.696 0.1199 0.7079 0.0093 -0.6777 0.2868 0.674 0.0638 -0.9176 0.1782 -0.3547 -0.0184
-0.8936 0.1159 0.4176 0.1172 -0.3336 0.5367 0.6096 -0.4786 -0.7123 0.2661 0.6166 0.2042 -0.7374 -0.1984 0.6412 0.075 -0.7018 0.1992 0.6837 -0.0178 -0.7003 -0.23 0.5905 -0.3288 -0.8239 -0.1521 -0.4742 -0.2708 -0.696 0.1199 0.7079 0.0093 -0.6777 0.2868 0.674 0.0638 -0.9176 0.1782 -0.3547 -0.0184
-0.8936 0.1159 0.4176 0.1172 -0.3336 0.5367 0.6096 -0.4786 -0.7123 0.2661 0.6166 0.2042 -0.7374 -0.1984 0.6412 0.075 -0.7018 0.1992 0.6837 -0.0178 -0.7003 -0.23 0.5905 -0.3288 -0.8239 -0.1521 -0.4742 -0.2708 -0.696 0.1199 0.7079 0.0093 -0.6777 0.2868 0.674 0.0638 -0.8809 0.1832 -0.4352 -0.0335
-0.8936 0.1159 0.4176 0.1172 -0.3336 0.5367 0.6096 -0.4786 -0.7123 0.2661 0.6166 0.2042 -0.7532 -0.2187 0.618 0.0527 -0.7018 0.1992 0.6837 -0.0178 -0.7039 -0.3128 0.5652 -0.2953 -0.8592 -0.0867 -0.4261 -0.2697 -0.696 0.1199 0.7079 0.0093 -0.6777 0.2868 0.674 0.0638 -0.8809 0.1832 -0.4352 -0.0335
-0.8936 0.1159 0.4176 0.1172 -0.3336 0.5367 0.6096 -0.4786 -0.7345 0.2415 0.6174 0.1447 -0.7532 -0.2187 0.618 0.0527 -0.7018 0.1992 0.6837 -0.0178 -0.7039 -0.3128 0.5652 -0.2953 -0.8592 -0.0867 -0.4261 -0.2697 -0.696 0.1199 0.7079 0.0093 -0.6777 0.2868 0.674 0.0638 -0.8809 0.1832 -0.4352 -0.0335
-0.8936 0.1159 0.4176 0.1172 -0.3032 0.511 0.6528 -0.4697 -0.7345 0.2415 0.6174 0.1447 -0.7532 -0.2187 0.618 0.0527 -0.7018 0.1992 0.6837 -0.0178 -0.7039 -0.3128 0.5652 -0.2953 -0.8592 -0.0867 -0.4261 -0.2697 -0.696 0.1199 0.7079 0.0093 -0.6777 0.2868 0.674 0.0638 -0.8809 0.1832 -0.4352 -0.0335
-0.8936 0.1159 0.4176 0.1172 -0.3032 0.511 0.6528 -0.4697 -0.7345 0.2415 0.6174 0.1447 -0.7532 -0.2187 0.618 0.0527 -0.7018 0.1992 0.6837 -0.0178 -0.7039 -0.3128 0.5652 -0.2953 -0.8592 -0.0867 -0.4261 -0.2697 -0.696 0.1199 0.7079 0.0093 -0.6777 0.2868 0.674 0.0638 -0.8809 0.1832 -0.4352 -0.0335
-0.8881 0.074 0.4462 0.0817 -0.3032 0.511 0.6528 -0.4697 -0.7345 0.2415 0.6174 0.1447 -0.7532 -0.2187 0.618 0.0527 -0.6926 0.1584 0.7035 -0.0189 -0.7039 -0.3128 0.5652 -0.2953 -0.8592 -0.0867 -0.4261 -0.2697 -0.7294 0.0628 0.6801 0.0377 -0.6777 0.2868 0.674 0.0638 -0.8809 0.1832 -0.4352 -0.0335
-0.8881 0.074 0.4462 0.0817 -0.3032 0.511 0.6528 -0.4697 -0.7345 0.2415 0.6174 0.1447 -0.7532 -0.2187 0.618 0.0527 -0.6926 0.1584 0.7035 -0.0189 -0.7039 -0.3128 0.5652 -0.2953 -0.8592 -0.0867 -0.4261 -0.2697 -0.7294 0.0628 0.6801 0.0377 -0.6777 0.2868 0.674 0.0638 -0.8809 0.1832 -0.4352 -0.0335
-0.8881 0.074 0.4462 0.0817 -0.3032 0.511 0.6528 -0.4697 -0.7345 0.2415 0.6174 0.1447 -0.7532 -0.2187 0.618 0.0527 -0.6926 0.1584 0.7035 -0.0189 -0.7039 -0.3128 0.5652 -0.2953 -0.8592 -0.0867 -0.4261 -0.2697 -0.7294 0.0628 0.6801 0.0377 -0.6777 0.2868 0.674 0.0638 -0.8133 0.2081 -0.5283 -0.1271
-0.8881 0.074 0.4462 0.0817 -0.3032 0.511 0.6528 -0.4697 -0.7345 0.2415 0.6174 0.1447 -0.7547 -0.208 0.6195 0.0574 -0.6926 0.1584 0.7035 -0.0189 -0.6904 -0.3463 0.5637 -0.293 -0.8592 -0.0867 -0.4261 -0.2697 -0.7294 0.0628 0.6801 0.0377 -0.6777 0.2868 0.674 0.0638 -0.8133 0.2081 -0.5283 -0.1271
-0.8881 0.074 0.4462 0.0817 -0.3032 0.511 0.6528 -0.4697 -0.7345 0.2415 0.6174 0.1447 -0.7547 -0.208 0.6195 0.0574 -0.6926 0.1584 0.7035 -0.0189 -0.6904 -0.3463 0.5637 -0.293 -0.8592 -0.0867 -0.4261 -0.2697 -0.7294 0.0628 0.6801 0.0377 -0.7515 0.328 0.5618 -0.1099 -0.8133 0.2081 -0.5283 -0.1271
-0.8881 0.074 0.4462 0.0817 -0.3032 0.511 0.6528 -0.4697 -0.7345 0.2415 0.6174 0.1447 -0.7547 -0.208 0.6195 0.0574 -0.6926 0.1584 0.7035 -0.0189 -0.6904 -0.3463 0.5637 -0.293 -0.8592 -0.0867 -0.4261 -0.2697 -0.7294 0.0628 0.6801 0.0377 -0.7515 0.328 0.5618 -0.1099 -0.8133 0.2081 -0.5283 -0.1271
-0.8881 0.074 0.4462 0.0817 -0.3032 0.511 0.6528 -0.4697 -0.7345 0.2415 0.6174 0.1447 -0.7547 -0.208 0.6195 0.0574 -0.6926 0.1584 0.7035 -0.0189 -0.6904 -0.3463 0.5637 -0.293 -0.8592 -0.0867 -0.4261 -0.2697 -0.7294 0.0628 0.6801 0.0377 -0.7515 0.328 0.5618 -0.1099 -0.8133 0.2081 -0.5283 -0.1271
-0.8819 0.0622 0.4604 0.08 -0.2863 0.5152 0.6674 -0.4552 -0.7345 0.2415 0.6174 0.1447 -0.7547 -0.208 0.6195 0.0574 -0.6849 0.1322 0.7166 0.0075 -0.6904 -0.3463 0.5637 -0.293 -0.8592 -0.0867 -0.4261 -0.2697 -0.7453 0.0143 0.6638 0.0609 -0.7515 0.328 0.5618 -0.1099 -0.8133 0.2081 -0.5283 -0.1271
-0.8819 0.0622 0.4604 0.08 -0.2863 0.5152 0.6674 -0.4552 -0.7345 0.2415 0.6174 0.1447 -0.7547 -0.208 0.6195 0.0574 -0.6849 0.1322 0.7166 0.0075 -0.6904 -0.3463 0.5637 -0.293 -0.8592 -0.0867 -0.4261 -0.2697 -0.7453 0.0143 0.6638 0.0609 -0.7515 0.328 0.5618 -0.1099 -0.8133 0.2081 -0.5283 -0.1271
-0.8819 0.0622 0.4604 0.08 -0.2863 0.5152 0.6674 -0.4552 -0.7345 0.2415 0.6174 0.1447 -0.7547 -0.208 0.6195 0.0574 -0.6849 0.1322 0.7166 0.0075 -0.6904 -0.3463 0.5637 -0.293 -0.8592 -0.0867 -0.4261 -0.2697 -0.7453 0.0143 0.6638 0.0609 -0.7515 0.328 0.5618 -0.1099 -0.8133 0.2081 -0.5283 -0.1271
-0.8819 0.0622 0.4604 0.08 -0.2863 0.5152 0.6674 -0.4552 -0.7345 0.2415 0.6174 0.1447 -0.7576 -0.2202 0.6109 0.0658 -0.6849 0.1322 0.7166 0.0075 -0.6904 -0.3463 0.5637 -0.293 -0.8592 -0.0867 -0.4261 -0.2697 -0.7453 0.0143 0.6638 0.0609 -0.7515 0.328 0.5618 -0.1099 -0.8133 0.2081 -0.5283 -0.1271
-0.8819 0.0622 0.4604 0.08 -0.2863 0.5152 0.6674 -0.4552 -0.7345 0.2415 0.6174 0.1447 -0.7576 -0.2202 0.6109 0.0658 -0.6849 0.1322 0.7166 0.0075 -0.6904 -0.3463 0.5637 -0.293 -0.8489 -0.0899 -0.4451 -0.2706 -0.7453 0.0143 0.6638 0.0609 -0.7515 0.328 0.5618 -0.1099 -0.8133 0.2081 -0.5283 -0.1271
-0.8819 0.0622 0.4604 0.08 -0.2755 0.5182 0.6749 -0.4474 -0.7345 0.2415 0.6174 0.1447 -0.7576 -0.2202 0.6109 0.0658 -0.6849 0.1322 0.7166 0.0075 -0.6904 -0.3463 0.5637 -0.293 -0.8489 -0.0899 -0.4451 -0.2706 -0.7453 0.0143 0.6638 0.0609 -0.7515 0.328 0.5618 -0.1099 -0.8133 0.2081 -0.5283 -0.1271
-0.8819 0.0622 0.4604 0.08 -0.2755 0.5182 0.6749 -0.4474 -0.7345 0.2415 0.6174 0.1447 -0.7576 -0.2202 0.6109 0.0658 -0.6849 0.1322 0.7166 0.0075 -0.6904 -0.3463 0.5637 -0.293 -0.8489 -0.0899 -0.4451 -0.2706 -0.7453 0.0143 0.6638 0.0609 -0.7515 0.328 0.5618 -0.1099 -0.8133 0.2081 -0.5283 -0.1271
-0.8755 0.0531 0.4736 0.0797 -0.2755 0.5182 0.6749 -0.4474 -0.7345 0.2415 0.6174 0.1447 -0.7576 -0.2202 0.6109 0.0658 -0.6799 0.1205 0.7218 0.0461 -0.6904 -0.3463 0.5637 -0.293 -0.8489 -0.0899 -0.4451 -0.2706 -0.7429 0.0132 0.6567 0.129 -0.7515 0.328 0.5618 -0.1099 -0.8133 0.2081 -0.5283 -0.1271
-0.8755 0.0531 0.4736 0.0797 -0.2755 0.5182 0.6749 -0.4474 -0.7345 0.2415 0.6174 0.1447 -0.7576 -0.2202 0.6109 0.0658 -0.6799 0.1205 0.7218 0.0461 -0.6904 -0.3463 0.5637 -0.293 -0.8489 -0.0899 -0.4451 -0.2706 -0.7429 0.0132 0.6567 0.129 -0.7515 0.328 0.5618 -0.1099 -0.8133 0.2081 -0.5283 -0.1271
